1,0,0.0,0.0,0.0,0.0,0.0
1,1,0.0,0.0,0.0,0.0,0.0
1,2,0.0,0.0,0.0,0.0,-0.036250000000000004
1,3,0.0,0.0,0.0,0.0,0.0
1,4,0.0,0.0,0.0,0.0,0.0
2,0,0.0,0.0,0.0,0.0,0.0
2,1,0.0,0.0,-2.1898936606914007e-06,0.0,0.0
2,2,0.0,0.0,0.0,0.0,-0.08987917828078947
2,3,0.0,0.0,0.0,0.0,0.0
2,4,0.0,0.0,0.0,0.0,0.0
3,0,0.0,-7.9919555062402e-15,0.0,0.0,0.0
3,1,0.0,0.0,-1.564719950231276e-05,0.0,0.0
3,2,0.0,0.0,0.0,0.0,-0.13832966015374698
3,3,0.0,0.0,0.0,0.0,0.0
3,4,0.0,0.0,0.0,0.0,0.0
4,0,0.0,-4.160065444851031e-13,0.0,0.0,0.0
4,1,0.0,0.0,-4.750456548843274e-05,0.0,0.0
4,2,0.0,0.0,0.0,0.0,-0.1691187806175149
4,3,0.0,0.0,0.0,0.0,0.0
4,4,0.0,0.0,0.0,0.0,0.0
5,0,0.0,-4.1766288098223774e-12,0.0,0.0,0.0
5,1,0.0,0.0,-4.750456548843274e-05,0.0,-0.016250000000000004
5,2,0.0,0.0,0.0,0.0,-0.1691187806175149
5,3,0.0,0.0,0.0,0.0,0.0
5,4,0.0,0.0,0.0,0.0,0.0
6,0,0.0,-4.4006604163071495e-07,0.0,0.0,0.0
6,1,0.0,0.0,-4.750456548843274e-05,0.0,-0.039945838539664234
6,2,0.0,0.0,0.0,0.0,-0.1691187806175149
6,3,0.0,0.0,0.0,0.0,0.0
6,4,0.0,0.0,0.0,0.0,0.0
7,0,0.0,-3.098300968061862e-06,0.0,0.0,0.0
7,1,0.0,0.0,-4.750456548843274e-05,0.0,-0.06856272110786718
7,2,0.0,0.0,0.0,0.0,-0.1691187806175149
7,3,0.0,0.0,0.0,0.0,0.0
7,4,0.0,0.0,0.0,0.0,0.0
8,0,0.0,-1.0926244140865227e-05,0.0,0.0,0.0
8,1,0.0,0.0,-4.750456548843274e-05,0.0,-0.10458427864558101
8,2,0.0,0.0,0.0,0.0,-0.1691187806175149
8,3,0.0,0.0,0.0,0.0,0.0
8,4,0.0,0.0,0.0,0.0,0.0
9,0,0.0,-2.9132407449604463e-05,0.0,0.0,0.0
9,1,0.0,0.0,-4.750456548843274e-05,0.0,-0.14298587086566822
9,2,0.0,0.0,0.0,0.0,-0.1691187806175149
9,3,0.0,0.0,0.0,0.0,0.0
9,4,0.0,0.0,0.0,0.0,0.0
10,0,0.0,-6.314484726520323e-05,0.0,0.0,0.0
10,1,0.0,0.0,-4.750456548843274e-05,0.0,-0.18125961484896347
10,2,0.0,0.0,0.0,0.0,-0.1691187806175149
10,3,0.0,0.0,0.0,0.0,0.0
10,4,0.0,0.0,0.0,0.0,0.0
11,0,0.0,-0.00011776668498789163,0.0,0.0,0.0
11,1,0.0,0.0,-4.750456548843274e-05,0.0,-0.2169059896549999
11,2,0.0,0.0,0.0,0.0,-0.1691187806175149
11,3,0.0,0.0,0.0,0.0,0.0
11,4,0.0,0.0,0.0,0.0,0.0
12,0,0.0,-0.00019592218929871558,0.0,0.0,0.0
12,1,0.0,0.0,-9.507994047191198e-05,0.0,-0.2169059896549999
12,2,0.0,0.0,0.0,0.0,-0.20980547216545622
12,3,0.0,0.0,0.0,0.0,0.0
12,4,0.0,0.0,0.0,0.0,0.0
13,0,0.0,-0.00019592218929871558,0.0,0.0,-0.036250000000000004
13,1,0.0,0.0,-9.507994047191198e-05,0.0,-0.2169059896549999
13,2,0.0,0.0,0.0,0.0,-0.20980547216545622
13,3,0.0,0.0,0.0,0.0,0.0
13,4,0.0,0.0,0.0,0.0,0.0
14,0,0.0,-0.00019592218929871558,0.0,0.0,-0.06737917828078943
14,1,0.0,0.0,-9.507994047191198e-05,0.0,-0.2169059896549999
14,2,0.0,0.0,0.0,0.0,-0.20980547216545622
14,3,0.0,0.0,0.0,0.0,0.0
14,4,0.0,0.0,0.0,0.0,0.0
15,0,0.0,-0.00019592218929871558,0.0,0.0,-0.09840465294498112
15,1,0.0,0.0,-9.507994047191198e-05,0.0,-0.2169059896549999
15,2,0.0,0.0,0.0,0.0,-0.20980547216545622
15,3,0.0,0.0,0.0,0.0,0.0
15,4,0.0,0.0,0.0,0.0,0.0
16,0,0.0,-0.00019592218929871558,0.0,0.0,-0.14182681273056436
16,1,0.0,0.0,-9.507994047191198e-05,0.0,-0.2169059896549999
16,2,0.0,0.0,0.0,0.0,-0.20980547216545622
16,3,0.0,0.0,0.0,0.0,0.0
16,4,0.0,0.0,0.0,0.0,0.0
17,0,0.0,-0.00019592218929871558,0.0,0.0,-0.17260438215928078
17,1,0.0,0.0,-9.507994047191198e-05,0.0,-0.2169059896549999
17,2,0.0,0.0,0.0,0.0,-0.20980547216545622
17,3,0.0,0.0,0.0,0.0,0.0
17,4,0.0,0.0,0.0,0.0,0.0
18,0,0.0,-0.00019592218929871558,0.0,0.0,-0.19327956574845304
18,1,0.0,0.0,-9.507994047191198e-05,0.0,-0.2169059896549999
18,2,0.0,0.0,0.0,0.0,-0.20980547216545622
18,3,0.0,0.0,0.0,0.0,0.0
18,4,0.0,0.0,0.0,0.0,0.0
19,0,0.0,-0.00019592218929871558,0.0,0.0,-0.2163860770967522
19,1,0.0,0.0,-9.507994047191198e-05,0.0,-0.2169059896549999
19,2,0.0,0.0,0.0,0.0,-0.20980547216545622
19,3,0.0,0.0,0.0,0.0,0.0
19,4,0.0,0.0,0.0,0.0,0.0
20,0,0.0,-0.00019592218929871558,0.0,0.0,-0.24691584063257566
20,1,0.0,0.0,-9.507994047191198e-05,0.0,-0.2169059896549999
20,2,0.0,0.0,0.0,0.0,-0.20980547216545622
20,3,0.0,0.0,0.0,0.0,0.0
20,4,0.0,0.0,0.0,0.0,0.0
21,0,0.0,-0.00019592218929871558,0.0,0.0,-0.26734414593730915
21,1,0.0,0.0,-9.507994047191198e-05,0.0,-0.2169059896549999
21,2,0.0,0.0,0.0,0.0,-0.20980547216545622
21,3,0.0,0.0,0.0,0.0,0.0
21,4,0.0,0.0,0.0,0.0,0.0
22,0,0.0,-0.0002740212599952941,0.0,0.0,-0.26734414593730915
22,1,0.0,0.0,-9.507994047191198e-05,0.0,-0.2549338049605441
22,2,0.0,0.0,0.0,0.0,-0.20980547216545622
22,3,0.0,0.0,0.0,0.0,0.0
22,4,0.0,0.0,0.0,0.0,0.0
23,0,0.0,-0.0002740212599952941,0.0,0.0,-0.3077047029038576
23,1,0.0,0.0,-9.507994047191198e-05,0.0,-0.2549338049605441
23,2,0.0,0.0,0.0,0.0,-0.20980547216545622
23,3,0.0,0.0,0.0,0.0,0.0
23,4,0.0,0.0,0.0,0.0,0.0
24,0,0.0,-0.0002740212599952941,0.0,0.0,-0.34043110454376235
24,1,0.0,0.0,-9.507994047191198e-05,0.0,-0.2549338049605441
24,2,0.0,0.0,0.0,0.0,-0.20980547216545622
24,3,0.0,0.0,0.0,0.0,0.0
24,4,0.0,0.0,0.0,0.0,0.0
25,0,0.0,-0.0002740212599952941,0.0,0.0,-0.38304885066553357
25,1,0.0,0.0,-9.507994047191198e-05,0.0,-0.2549338049605441
25,2,0.0,0.0,0.0,0.0,-0.20980547216545622
25,3,0.0,0.0,0.0,0.0,0.0
25,4,0.0,0.0,0.0,0.0,0.0
26,0,0.0,-0.0002740212599952941,0.0,0.0,-0.40552501761278764
26,1,0.0,0.0,-9.507994047191198e-05,0.0,-0.2549338049605441
26,2,0.0,0.0,0.0,0.0,-0.20980547216545622
26,3,0.0,0.0,0.0,0.0,0.0
26,4,0.0,0.0,0.0,0.0,0.0
27,0,0.0,-0.0002740212599952941,0.0,0.0,-0.44042679547025587
27,1,0.0,0.0,-9.507994047191198e-05,0.0,-0.2549338049605441
27,2,0.0,0.0,0.0,0.0,-0.20980547216545622
27,3,0.0,0.0,0.0,0.0,0.0
27,4,0.0,0.0,0.0,0.0,0.0
28,0,0.0,-0.0002740212599952941,0.0,0.0,-0.48021279933380356
28,1,0.0,0.0,-9.507994047191198e-05,0.0,-0.2549338049605441
28,2,0.0,0.0,0.0,0.0,-0.20980547216545622
28,3,0.0,0.0,0.0,0.0,0.0
28,4,0.0,0.0,0.0,0.0,0.0
29,0,0.0,-0.0002740212599952941,0.0,0.0,-0.5223667970085718
29,1,0.0,0.0,-9.507994047191198e-05,0.0,-0.2549338049605441
29,2,0.0,0.0,0.0,0.0,-0.20980547216545622
29,3,0.0,0.0,0.0,0.0,0.0
29,4,0.0,0.0,0.0,0.0,0.0
30,0,0.0,-0.0002740212599952941,0.0,0.0,-0.5543809495920868
30,1,0.0,0.0,-9.507994047191198e-05,0.0,-0.2549338049605441
30,2,0.0,0.0,0.0,0.0,-0.20980547216545622
30,3,0.0,0.0,0.0,0.0,0.0
30,4,0.0,0.0,0.0,0.0,0.0
31,0,0.0,-0.0002740212599952941,0.0,0.0,-0.5912891101169742
31,1,0.0,0.0,-9.507994047191198e-05,0.0,-0.2549338049605441
31,2,0.0,0.0,0.0,0.0,-0.20980547216545622
31,3,0.0,0.0,0.0,0.0,0.0
31,4,0.0,0.0,0.0,0.0,0.0
32,0,0.0,-0.0002740212599952941,0.0,0.0,-0.6255750093582808
32,1,0.0,0.0,-9.507994047191198e-05,0.0,-0.2549338049605441
32,2,0.0,0.0,0.0,0.0,-0.20980547216545622
32,3,0.0,0.0,0.0,0.0,0.0
32,4,0.0,0.0,0.0,0.0,0.0
33,0,0.0,-0.0002740212599952941,0.0,0.0,-0.6497474365971905
33,1,0.0,0.0,-9.507994047191198e-05,0.0,-0.2549338049605441
33,2,0.0,0.0,0.0,0.0,-0.20980547216545622
33,3,0.0,0.0,0.0,0.0,0.0
33,4,0.0,0.0,0.0,0.0,0.0
34,0,0.0,-0.0002740212599952941,0.0,0.0,-0.6813401456456915
34,1,0.0,0.0,-9.507994047191198e-05,0.0,-0.2549338049605441
34,2,0.0,0.0,0.0,0.0,-0.20980547216545622
34,3,0.0,0.0,0.0,0.0,0.0
34,4,0.0,0.0,0.0,0.0,0.0
35,0,0.0,-0.0002740212599952941,0.0,0.0,-0.7078284359235417
35,1,0.0,0.0,-9.507994047191198e-05,0.0,-0.2549338049605441
35,2,0.0,0.0,0.0,0.0,-0.20980547216545622
35,3,0.0,0.0,0.0,0.0,0.0
35,4,0.0,0.0,0.0,0.0,0.0
36,0,0.0,-0.0002740212599952941,0.0,0.0,-0.7367293620613978
36,1,0.0,0.0,-9.507994047191198e-05,0.0,-0.2549338049605441
36,2,0.0,0.0,0.0,0.0,-0.20980547216545622
36,3,0.0,0.0,0.0,0.0,0.0
36,4,0.0,0.0,0.0,0.0,0.0
37,0,0.0,-0.0003818265703001793,0.0,0.0,-0.7367293620613978
37,1,0.0,0.0,-9.507994047191198e-05,0.0,-0.2953351722265011
37,2,0.0,0.0,0.0,0.0,-0.20980547216545622
37,3,0.0,0.0,0.0,0.0,0.0
37,4,0.0,0.0,0.0,0.0,0.0
38,0,0.0,-0.0003818265703001793,0.0,0.0,-0.7630349170520062
38,1,0.0,0.0,-9.507994047191198e-05,0.0,-0.2953351722265011
38,2,0.0,0.0,0.0,0.0,-0.20980547216545622
38,3,0.0,0.0,0.0,0.0,0.0
38,4,0.0,0.0,0.0,0.0,0.0
39,0,0.0,-0.0003818265703001793,0.0,0.0,-0.8017537889003552
39,1,0.0,0.0,-9.507994047191198e-05,0.0,-0.2953351722265011
39,2,0.0,0.0,0.0,0.0,-0.20980547216545622
39,3,0.0,0.0,0.0,0.0,0.0
39,4,0.0,0.0,0.0,0.0,0.0
40,0,0.0,-0.0003818265703001793,0.0,0.0,-0.8253446377572364
40,1,0.0,0.0,-9.507994047191198e-05,0.0,-0.2953351722265011
40,2,0.0,0.0,0.0,0.0,-0.20980547216545622
40,3,0.0,0.0,0.0,0.0,0.0
40,4,0.0,0.0,0.0,0.0,0.0
41,0,0.0,-0.0003818265703001793,0.0,0.0,-0.8638579365641552
41,1,0.0,0.0,-9.507994047191198e-05,0.0,-0.2953351722265011
41,2,0.0,0.0,0.0,0.0,-0.20980547216545622
41,3,0.0,0.0,0.0,0.0,0.0
41,4,0.0,0.0,0.0,0.0,0.0
42,0,0.0,-0.0003818265703001793,0.0,0.0,-0.902243978505681
42,1,0.0,0.0,-9.507994047191198e-05,0.0,-0.2953351722265011
42,2,0.0,0.0,0.0,0.0,-0.20980547216545622
42,3,0.0,0.0,0.0,0.0,0.0
42,4,0.0,0.0,0.0,0.0,0.0
43,0,0.0,-0.0003818265703001793,0.0,0.0,-0.9255032382775056
43,1,0.0,0.0,-9.507994047191198e-05,0.0,-0.2953351722265011
43,2,0.0,0.0,0.0,0.0,-0.20980547216545622
43,3,0.0,0.0,0.0,0.0,0.0
43,4,0.0,0.0,0.0,0.0,0.0
44,0,0.0,-0.0003818265703001793,0.0,0.0,-0.9611861838774857
44,1,0.0,0.0,-9.507994047191198e-05,0.0,-0.2953351722265011
44,2,0.0,0.0,0.0,0.0,-0.20980547216545622
44,3,0.0,0.0,0.0,0.0,0.0
44,4,0.0,0.0,0.0,0.0,0.0
45,0,0.0,-0.0003818265703001793,0.0,0.0,-0.989251436099442
45,1,0.0,0.0,-9.507994047191198e-05,0.0,-0.2953351722265011
45,2,0.0,0.0,0.0,0.0,-0.20980547216545622
45,3,0.0,0.0,0.0,0.0,0.0
45,4,0.0,0.0,0.0,0.0,0.0
46,0,0.0,-0.0003818265703001793,0.0,0.0,-1.0072244310894927
46,1,0.0,0.0,-9.507994047191198e-05,0.0,-0.2953351722265011
46,2,0.0,0.0,0.0,0.0,-0.20980547216545622
46,3,0.0,0.0,0.0,0.0,0.0
46,4,0.0,0.0,0.0,0.0,0.0
47,0,0.0,-0.0003818265703001793,0.0,0.0,-1.035138842047472
47,1,0.0,0.0,-9.507994047191198e-05,0.0,-0.2953351722265011
47,2,0.0,0.0,0.0,0.0,-0.20980547216545622
47,3,0.0,0.0,0.0,0.0,0.0
47,4,0.0,0.0,0.0,0.0,0.0
48,0,0.0,-0.0003818265703001793,0.0,0.0,-1.0654615555738356
48,1,0.0,0.0,-9.507994047191198e-05,0.0,-0.2953351722265011
48,2,0.0,0.0,0.0,0.0,-0.20980547216545622
48,3,0.0,0.0,0.0,0.0,0.0
48,4,0.0,0.0,0.0,0.0,0.0
49,0,0.0,-0.0003818265703001793,0.0,0.0,-1.1031845799830575
49,1,0.0,0.0,-9.507994047191198e-05,0.0,-0.2953351722265011
49,2,0.0,0.0,0.0,0.0,-0.20980547216545622
49,3,0.0,0.0,0.0,0.0,0.0
49,4,0.0,0.0,0.0,0.0,0.0
50,0,0.0,-0.0003818265703001793,0.0,0.0,-1.1407832884135727
50,1,0.0,0.0,-9.507994047191198e-05,0.0,-0.2953351722265011
50,2,0.0,0.0,0.0,0.0,-0.20980547216545622
50,3,0.0,0.0,0.0,0.0,0.0
50,4,0.0,0.0,0.0,0.0,0.0
51,0,0.0,-0.0003818265703001793,0.0,0.0,-1.16575814385822
51,1,0.0,0.0,-9.507994047191198e-05,0.0,-0.2953351722265011
51,2,0.0,0.0,0.0,0.0,-0.20980547216545622
51,3,0.0,0.0,0.0,0.0,0.0
51,4,0.0,0.0,0.0,0.0,0.0
52,0,0.0,-0.0003818265703001793,0.0,0.0,-1.2056512701282243
52,1,0.0,0.0,-9.507994047191198e-05,0.0,-0.2953351722265011
52,2,0.0,0.0,0.0,0.0,-0.20980547216545622
52,3,0.0,0.0,0.0,0.0,0.0
52,4,0.0,0.0,0.0,0.0,0.0
53,0,0.0,-0.0003818265703001793,0.0,0.0,-1.2304129751231367
53,1,0.0,0.0,-9.507994047191198e-05,0.0,-0.2953351722265011
53,2,0.0,0.0,0.0,0.0,-0.20980547216545622
53,3,0.0,0.0,0.0,0.0,0.0
53,4,0.0,0.0,0.0,0.0,0.0
54,0,0.0,-0.0003818265703001793,0.0,0.0,-1.2700937433914419
54,1,0.0,0.0,-9.507994047191198e-05,0.0,-0.2953351722265011
54,2,0.0,0.0,0.0,0.0,-0.20980547216545622
54,3,0.0,0.0,0.0,0.0,0.0
54,4,0.0,0.0,0.0,0.0,0.0
55,0,0.0,-0.0003818265703001793,0.0,0.0,-1.3096438796812504
55,1,0.0,0.0,-9.507994047191198e-05,0.0,-0.2953351722265011
55,2,0.0,0.0,0.0,0.0,-0.20980547216545622
55,3,0.0,0.0,0.0,0.0,0.0
55,4,0.0,0.0,0.0,0.0,0.0
56,0,0.0,-0.0003818265703001793,0.0,0.0,-1.3290638702085238
56,1,0.0,0.0,-9.507994047191198e-05,0.0,-0.2953351722265011
56,2,0.0,0.0,0.0,0.0,-0.20980547216545622
56,3,0.0,0.0,0.0,0.0,0.0
56,4,0.0,0.0,0.0,0.0,0.0
57,0,0.0,-0.0003818265703001793,0.0,0.0,-1.3609208595130138
57,1,0.0,0.0,-9.507994047191198e-05,0.0,-0.2953351722265011
57,2,0.0,0.0,0.0,0.0,-0.20980547216545622
57,3,0.0,0.0,0.0,0.0,0.0
57,4,0.0,0.0,0.0,0.0,0.0
58,0,0.0,-0.0003818265703001793,0.0,0.0,-1.3776734173348033
58,1,0.0,0.0,-9.507994047191198e-05,0.0,-0.2953351722265011
58,2,0.0,0.0,0.0,0.0,-0.20980547216545622
58,3,0.0,0.0,0.0,0.0,0.0
58,4,0.0,0.0,0.0,0.0,0.0
59,0,0.0,-0.0003818265703001793,0.0,0.0,-1.4168719265705165
59,1,0.0,0.0,-9.507994047191198e-05,0.0,-0.2953351722265011
59,2,0.0,0.0,0.0,0.0,-0.20980547216545622
59,3,0.0,0.0,0.0,0.0,0.0
59,4,0.0,0.0,0.0,0.0,0.0
60,0,0.0,-0.0003818265703001793,0.0,0.0,-1.4384415931270564
60,1,0.0,0.0,-9.507994047191198e-05,0.0,-0.2953351722265011
60,2,0.0,0.0,0.0,0.0,-0.20980547216545622
60,3,0.0,0.0,0.0,0.0,0.0
60,4,0.0,0.0,0.0,0.0,0.0
61,0,0.0,-0.0003818265703001793,0.0,0.0,-1.457441223840782
61,1,0.0,0.0,-9.507994047191198e-05,0.0,-0.2953351722265011
61,2,0.0,0.0,0.0,0.0,-0.20980547216545622
61,3,0.0,0.0,0.0,0.0,0.0
61,4,0.0,0.0,0.0,0.0,0.0
62,0,0.0,-0.0003818265703001793,0.0,0.0,-1.4738794097403154
62,1,0.0,0.0,-9.507994047191198e-05,0.0,-0.2953351722265011
62,2,0.0,0.0,0.0,0.0,-0.20980547216545622
62,3,0.0,0.0,0.0,0.0,0.0
62,4,0.0,0.0,0.0,0.0,0.0
63,0,0.0,-0.0003818265703001793,0.0,0.0,-1.4952647095872829
63,1,0.0,0.0,-9.507994047191198e-05,0.0,-0.2953351722265011
63,2,0.0,0.0,0.0,0.0,-0.20980547216545622
63,3,0.0,0.0,0.0,0.0,0.0
63,4,0.0,0.0,0.0,0.0,0.0
64,0,0.0,-0.0003818265703001793,0.0,0.0,-1.5165806524084249
64,1,0.0,0.0,-9.507994047191198e-05,0.0,-0.2953351722265011
64,2,0.0,0.0,0.0,0.0,-0.20980547216545622
64,3,0.0,0.0,0.0,0.0,0.0
64,4,0.0,0.0,0.0,0.0,0.0
65,0,0.0,-0.0005263923052492377,0.0,0.0,-1.5165806524084249
65,1,0.0,0.0,-9.507994047191198e-05,0.0,-0.3181022323835196
65,2,0.0,0.0,0.0,0.0,-0.20980547216545622
65,3,0.0,0.0,0.0,0.0,0.0
65,4,0.0,0.0,0.0,0.0,0.0
66,0,0.0,-0.0005263923052492377,0.0,0.0,-1.5353274940180222
66,1,0.0,0.0,-9.507994047191198e-05,0.0,-0.3181022323835196
66,2,0.0,0.0,0.0,0.0,-0.20980547216545622
66,3,0.0,0.0,0.0,0.0,0.0
66,4,0.0,0.0,0.0,0.0,0.0
67,0,0.0,-0.0005263923052492377,0.0,0.0,-1.554013821750788
67,1,0.0,0.0,-9.507994047191198e-05,0.0,-0.3181022323835196
67,2,0.0,0.0,0.0,0.0,-0.20980547216545622
67,3,0.0,0.0,0.0,0.0,0.0
67,4,0.0,0.0,0.0,0.0,0.0
68,0,0.0,-0.0006938906417578227,0.0,0.0,-1.554013821750788
68,1,0.0,0.0,-9.507994047191198e-05,0.0,-0.3582938159732951
68,2,0.0,0.0,0.0,0.0,-0.20980547216545622
68,3,0.0,0.0,0.0,0.0,0.0
68,4,0.0,0.0,0.0,0.0,0.0
69,0,0.0,-0.0006938906417578227,0.0,0.0,-1.5776398581573368
69,1,0.0,0.0,-9.507994047191198e-05,0.0,-0.3582938159732951
69,2,0.0,0.0,0.0,0.0,-0.20980547216545622
69,3,0.0,0.0,0.0,0.0,0.0
69,4,0.0,0.0,0.0,0.0,0.0
70,0,0.0,-0.0006938906417578227,0.0,0.0,-1.6111891598449446
70,1,0.0,0.0,-9.507994047191198e-05,0.0,-0.3582938159732951
70,2,0.0,0.0,0.0,0.0,-0.20980547216545622
70,3,0.0,0.0,0.0,0.0,0.0
70,4,0.0,0.0,0.0,0.0,0.0
71,0,0.0,-0.0006938906417578227,0.0,0.0,-1.6371286799691596
71,1,0.0,0.0,-9.507994047191198e-05,0.0,-0.3582938159732951
71,2,0.0,0.0,0.0,0.0,-0.20980547216545622
71,3,0.0,0.0,0.0,0.0,0.0
71,4,0.0,0.0,0.0,0.0,0.0
72,0,0.0,-0.0006938906417578227,0.0,0.0,-1.6529838232667133
72,1,0.0,0.0,-9.507994047191198e-05,0.0,-0.3582938159732951
72,2,0.0,0.0,0.0,0.0,-0.20980547216545622
72,3,0.0,0.0,0.0,0.0,0.0
72,4,0.0,0.0,0.0,0.0,0.0
73,0,0.0,-0.0006938906417578227,0.0,0.0,-1.673788231658212
73,1,0.0,0.0,-9.507994047191198e-05,0.0,-0.3582938159732951
73,2,0.0,0.0,0.0,0.0,-0.20980547216545622
73,3,0.0,0.0,0.0,0.0,0.0
73,4,0.0,0.0,0.0,0.0,0.0
74,0,0.0,-0.0006938906417578227,0.0,0.0,-1.699525425659209
74,1,0.0,0.0,-9.507994047191198e-05,0.0,-0.3582938159732951
74,2,0.0,0.0,0.0,0.0,-0.20980547216545622
74,3,0.0,0.0,0.0,0.0,0.0
74,4,0.0,0.0,0.0,0.0,0.0
75,0,0.0,-0.0006938906417578227,0.0,0.0,-1.722678987543266
75,1,0.0,0.0,-9.507994047191198e-05,0.0,-0.3582938159732951
75,2,0.0,0.0,0.0,0.0,-0.20980547216545622
75,3,0.0,0.0,0.0,0.0,0.0
75,4,0.0,0.0,0.0,0.0,0.0
76,0,0.0,-0.0006938906417578227,0.0,0.0,-1.7432575586921149
76,1,0.0,0.0,-9.507994047191198e-05,0.0,-0.3582938159732951
76,2,0.0,0.0,0.0,0.0,-0.20980547216545622
76,3,0.0,0.0,0.0,0.0,0.0
76,4,0.0,0.0,0.0,0.0,0.0
77,0,0.0,-0.0006938906417578227,0.0,0.0,-1.7712697480207154
77,1,0.0,0.0,-9.507994047191198e-05,0.0,-0.3582938159732951
77,2,0.0,0.0,0.0,0.0,-0.20980547216545622
77,3,0.0,0.0,0.0,0.0,0.0
77,4,0.0,0.0,0.0,0.0,0.0
78,0,0.0,-0.0006938906417578227,0.0,0.0,-1.7891908019778366
78,1,0.0,0.0,-9.507994047191198e-05,0.0,-0.3582938159732951
78,2,0.0,0.0,0.0,0.0,-0.20980547216545622
78,3,0.0,0.0,0.0,0.0,0.0
78,4,0.0,0.0,0.0,0.0,0.0
79,0,0.0,-0.0006938906417578227,0.0,0.0,-1.827054387507455
79,1,0.0,0.0,-9.507994047191198e-05,0.0,-0.3582938159732951
79,2,0.0,0.0,0.0,0.0,-0.20980547216545622
79,3,0.0,0.0,0.0,0.0,0.0
79,4,0.0,0.0,0.0,0.0,0.0
80,0,0.0,-0.0006938906417578227,0.0,0.0,-1.864794054855071
80,1,0.0,0.0,-9.507994047191198e-05,0.0,-0.3582938159732951
80,2,0.0,0.0,0.0,0.0,-0.20980547216545622
80,3,0.0,0.0,0.0,0.0,0.0
80,4,0.0,0.0,0.0,0.0,0.0
81,0,0.0,-0.0006938906417578227,0.0,0.0,-1.8899102636481744
81,1,0.0,0.0,-9.507994047191198e-05,0.0,-0.3582938159732951
81,2,0.0,0.0,0.0,0.0,-0.20980547216545622
81,3,0.0,0.0,0.0,0.0,0.0
81,4,0.0,0.0,0.0,0.0,0.0
82,0,0.0,-0.0009061956665578769,0.0,0.0,-1.8899102636481744
82,1,0.0,0.0,-9.507994047191198e-05,0.0,-0.3933518773676373
82,2,0.0,0.0,0.0,0.0,-0.20980547216545622
82,3,0.0,0.0,0.0,0.0,0.0
82,4,0.0,0.0,0.0,0.0,0.0
83,0,0.0,-0.0009061956665578769,0.0,0.0,-1.9249451343509516
83,1,0.0,0.0,-9.507994047191198e-05,0.0,-0.3933518773676373
83,2,0.0,0.0,0.0,0.0,-0.20980547216545622
83,3,0.0,0.0,0.0,0.0,0.0
83,4,0.0,0.0,0.0,0.0,0.0
84,0,0.0,-0.0009061956665578769,0.0,0.0,-1.9523656365988638
84,1,0.0,0.0,-9.507994047191198e-05,0.0,-0.3933518773676373
84,2,0.0,0.0,0.0,0.0,-0.20980547216545622
84,3,0.0,0.0,0.0,0.0,0.0
84,4,0.0,0.0,0.0,0.0,0.0
85,0,0.0,-0.0009061956665578769,0.0,0.0,-1.9696971915446584
85,1,0.0,0.0,-9.507994047191198e-05,0.0,-0.3933518773676373
85,2,0.0,0.0,0.0,0.0,-0.20980547216545622
85,3,0.0,0.0,0.0,0.0,0.0
85,4,0.0,0.0,0.0,0.0,0.0
86,0,0.0,-0.0009061956665578769,0.0,0.0,-2.001973457461321
86,1,0.0,0.0,-9.507994047191198e-05,0.0,-0.3933518773676373
86,2,0.0,0.0,0.0,0.0,-0.20980547216545622
86,3,0.0,0.0,0.0,0.0,0.0
86,4,0.0,0.0,0.0,0.0,0.0
87,0,0.0,-0.0009061956665578769,0.0,0.0,-2.03914464102397
87,1,0.0,0.0,-9.507994047191198e-05,0.0,-0.3933518773676373
87,2,0.0,0.0,0.0,0.0,-0.20980547216545622
87,3,0.0,0.0,0.0,0.0,0.0
87,4,0.0,0.0,0.0,0.0,0.0
88,0,0.0,-0.0009061956665578769,0.0,0.0,-2.0536944657080234
88,1,0.0,0.0,-9.507994047191198e-05,0.0,-0.3933518773676373
88,2,0.0,0.0,0.0,0.0,-0.20980547216545622
88,3,0.0,0.0,0.0,0.0,0.0
88,4,0.0,0.0,0.0,0.0,0.0
89,0,0.0,-0.0009061956665578769,0.0,0.0,-2.090698373793241
89,1,0.0,0.0,-9.507994047191198e-05,0.0,-0.3933518773676373
89,2,0.0,0.0,0.0,0.0,-0.20980547216545622
89,3,0.0,0.0,0.0,0.0,0.0
89,4,0.0,0.0,0.0,0.0,0.0
90,0,0.0,-0.0009061956665578769,0.0,0.0,-2.10758153899784
90,1,0.0,0.0,-9.507994047191198e-05,0.0,-0.3933518773676373
90,2,0.0,0.0,0.0,0.0,-0.20980547216545622
90,3,0.0,0.0,0.0,0.0,0.0
90,4,0.0,0.0,0.0,0.0,0.0
91,0,0.0,-0.0009061956665578769,0.0,0.0,-2.121911068634964
91,1,0.0,0.0,-9.507994047191198e-05,0.0,-0.3933518773676373
91,2,0.0,0.0,0.0,0.0,-0.20980547216545622
91,3,0.0,0.0,0.0,0.0,0.0
91,4,0.0,0.0,0.0,0.0,0.0
92,0,0.0,-0.0009061956665578769,0.0,0.0,-2.151195490566211
92,1,0.0,0.0,-9.507994047191198e-05,0.0,-0.3933518773676373
92,2,0.0,0.0,0.0,0.0,-0.20980547216545622
92,3,0.0,0.0,0.0,0.0,0.0
92,4,0.0,0.0,0.0,0.0,0.0
93,0,0.0,-0.0009061956665578769,0.0,0.0,-2.1678849729166094
93,1,0.0,0.0,-9.507994047191198e-05,0.0,-0.3933518773676373
93,2,0.0,0.0,0.0,0.0,-0.20980547216545622
93,3,0.0,0.0,0.0,0.0,0.0
93,4,0.0,0.0,0.0,0.0,0.0
94,0,0.0,-0.0009061956665578769,0.0,0.0,-2.182021528493136
94,1,0.0,0.0,-9.507994047191198e-05,0.0,-0.3933518773676373
94,2,0.0,0.0,0.0,0.0,-0.20980547216545622
94,3,0.0,0.0,0.0,0.0,0.0
94,4,0.0,0.0,0.0,0.0,0.0
95,0,0.0,-0.0009061956665578769,0.0,0.0,-2.1986136823682627
95,1,0.0,0.0,-9.507994047191198e-05,0.0,-0.3933518773676373
95,2,0.0,0.0,0.0,0.0,-0.20980547216545622
95,3,0.0,0.0,0.0,0.0,0.0
95,4,0.0,0.0,0.0,0.0,0.0
96,0,0.0,-0.0009061956665578769,0.0,0.0,-2.227653262551172
96,1,0.0,0.0,-9.507994047191198e-05,0.0,-0.3933518773676373
96,2,0.0,0.0,0.0,0.0,-0.20980547216545622
96,3,0.0,0.0,0.0,0.0,0.0
96,4,0.0,0.0,0.0,0.0,0.0
97,0,0.0,-0.0009061956665578769,0.0,0.0,-2.2615987975390808
97,1,0.0,0.0,-9.507994047191198e-05,0.0,-0.3933518773676373
97,2,0.0,0.0,0.0,0.0,-0.20980547216545622
97,3,0.0,0.0,0.0,0.0,0.0
97,4,0.0,0.0,0.0,0.0,0.0
98,0,0.0,-0.0009061956665578769,0.0,0.0,-2.2929339688973283
98,1,0.0,0.0,-9.507994047191198e-05,0.0,-0.3933518773676373
98,2,0.0,0.0,0.0,0.0,-0.20980547216545622
98,3,0.0,0.0,0.0,0.0,0.0
98,4,0.0,0.0,0.0,0.0,0.0
99,0,0.0,-0.0009061956665578769,0.0,0.0,-2.309167516905679
99,1,0.0,0.0,-9.507994047191198e-05,0.0,-0.3933518773676373
99,2,0.0,0.0,0.0,0.0,-0.20980547216545622
99,3,0.0,0.0,0.0,0.0,0.0
99,4,0.0,0.0,0.0,0.0,0.0
100,0,0.0,-0.001161786591847296,0.0,0.0,-2.309167516905679
100,1,0.0,0.0,-9.507994047191198e-05,0.0,-0.42829358131171613
100,2,0.0,0.0,0.0,0.0,-0.20980547216545622
100,3,0.0,0.0,0.0,0.0,0.0
100,4,0.0,0.0,0.0,0.0,0.0
101,0,0.0,-0.001161786591847296,0.0,0.0,-2.3453498116468006
101,1,0.0,0.0,-9.507994047191198e-05,0.0,-0.42829358131171613
101,2,0.0,0.0,0.0,0.0,-0.20980547216545622
101,3,0.0,0.0,0.0,0.0,0.0
101,4,0.0,0.0,0.0,0.0,0.0
102,0,0.0,-0.001161786591847296,0.0,0.0,-2.3689143788031175
102,1,0.0,0.0,-9.507994047191198e-05,0.0,-0.42829358131171613
102,2,0.0,0.0,0.0,0.0,-0.20980547216545622
102,3,0.0,0.0,0.0,0.0,0.0
102,4,0.0,0.0,0.0,0.0,0.0
103,0,0.0,-0.001161786591847296,0.0,0.0,-2.392403316202301
103,1,0.0,0.0,-9.507994047191198e-05,0.0,-0.42829358131171613
103,2,0.0,0.0,0.0,0.0,-0.20980547216545622
103,3,0.0,0.0,0.0,0.0,0.0
103,4,0.0,0.0,0.0,0.0,0.0
104,0,0.0,-0.001161786591847296,0.0,0.0,-2.405816901066203
104,1,0.0,0.0,-9.507994047191198e-05,0.0,-0.42829358131171613
104,2,0.0,0.0,0.0,0.0,-0.20980547216545622
104,3,0.0,0.0,0.0,0.0,0.0
104,4,0.0,0.0,0.0,0.0,0.0
105,0,0.0,-0.001161786591847296,0.0,0.0,-2.4191887396539804
105,1,0.0,0.0,-9.507994047191198e-05,0.0,-0.42829358131171613
105,2,0.0,0.0,0.0,0.0,-0.20980547216545622
105,3,0.0,0.0,0.0,0.0,0.0
105,4,0.0,0.0,0.0,0.0,0.0
106,0,0.0,-0.001161786591847296,0.0,0.0,-2.4550189820317585
106,1,0.0,0.0,-9.507994047191198e-05,0.0,-0.42829358131171613
106,2,0.0,0.0,0.0,0.0,-0.20980547216545622
106,3,0.0,0.0,0.0,0.0,0.0
106,4,0.0,0.0,0.0,0.0,0.0
107,0,0.0,-0.001161786591847296,0.0,0.0,-2.4907327848911205
107,1,0.0,0.0,-9.507994047191198e-05,0.0,-0.42829358131171613
107,2,0.0,0.0,0.0,0.0,-0.20980547216545622
107,3,0.0,0.0,0.0,0.0,0.0
107,4,0.0,0.0,0.0,0.0,0.0
108,0,0.0,-0.001161786591847296,0.0,0.0,-2.5113305783298956
108,1,0.0,0.0,-9.507994047191198e-05,0.0,-0.42829358131171613
108,2,0.0,0.0,0.0,0.0,-0.20980547216545622
108,3,0.0,0.0,0.0,0.0,0.0
108,4,0.0,0.0,0.0,0.0,0.0
109,0,0.0,-0.001161786591847296,0.0,0.0,-2.5418627859368734
109,1,0.0,0.0,-9.507994047191198e-05,0.0,-0.42829358131171613
109,2,0.0,0.0,0.0,0.0,-0.20980547216545622
109,3,0.0,0.0,0.0,0.0,0.0
109,4,0.0,0.0,0.0,0.0,0.0
110,0,0.0,-0.001161786591847296,0.0,0.0,-2.564796316817148
110,1,0.0,0.0,-9.507994047191198e-05,0.0,-0.42829358131171613
110,2,0.0,0.0,0.0,0.0,-0.20980547216545622
110,3,0.0,0.0,0.0,0.0,0.0
110,4,0.0,0.0,0.0,0.0,0.0
111,0,0.0,-0.001161786591847296,0.0,0.0,-2.5901565318389252
111,1,0.0,0.0,-9.507994047191198e-05,0.0,-0.42829358131171613
111,2,0.0,0.0,0.0,0.0,-0.20980547216545622
111,3,0.0,0.0,0.0,0.0,0.0
111,4,0.0,0.0,0.0,0.0,0.0
112,0,0.0,-0.001161786591847296,0.0,0.0,-2.615435366573649
112,1,0.0,0.0,-9.507994047191198e-05,0.0,-0.42829358131171613
112,2,0.0,0.0,0.0,0.0,-0.20980547216545622
112,3,0.0,0.0,0.0,0.0,0.0
112,4,0.0,0.0,0.0,0.0,0.0
113,0,0.0,-0.001161786591847296,0.0,0.0,-2.6356331193145692
113,1,0.0,0.0,-9.507994047191198e-05,0.0,-0.42829358131171613
113,2,0.0,0.0,0.0,0.0,-0.20980547216545622
113,3,0.0,0.0,0.0,0.0,0.0
113,4,0.0,0.0,0.0,0.0,0.0
114,0,0.0,-0.001161786591847296,0.0,0.0,-2.663266752244499
114,1,0.0,0.0,-9.507994047191198e-05,0.0,-0.42829358131171613
114,2,0.0,0.0,0.0,0.0,-0.20980547216545622
114,3,0.0,0.0,0.0,0.0,0.0
114,4,0.0,0.0,0.0,0.0,0.0
115,0,0.0,-0.001161786591847296,0.0,0.0,-2.6883115012261474
115,1,0.0,0.0,-9.507994047191198e-05,0.0,-0.42829358131171613
115,2,0.0,0.0,0.0,0.0,-0.20980547216545622
115,3,0.0,0.0,0.0,0.0,0.0
115,4,0.0,0.0,0.0,0.0,0.0
116,0,0.0,-0.001161786591847296,0.0,0.0,-2.705776025068072
116,1,0.0,0.0,-9.507994047191198e-05,0.0,-0.42829358131171613
116,2,0.0,0.0,0.0,0.0,-0.20980547216545622
116,3,0.0,0.0,0.0,0.0,0.0
116,4,0.0,0.0,0.0,0.0,0.0
117,0,0.0,-0.001161786591847296,0.0,0.0,-2.7356856151128564
117,1,0.0,0.0,-9.507994047191198e-05,0.0,-0.42829358131171613
117,2,0.0,0.0,0.0,0.0,-0.20980547216545622
117,3,0.0,0.0,0.0,0.0,0.0
117,4,0.0,0.0,0.0,0.0,0.0
118,0,0.0,-0.001161786591847296,0.0,0.0,-2.755498807555811
118,1,0.0,0.0,-9.507994047191198e-05,0.0,-0.42829358131171613
118,2,0.0,0.0,0.0,0.0,-0.20980547216545622
118,3,0.0,0.0,0.0,0.0,0.0
118,4,0.0,0.0,0.0,0.0,0.0
119,0,0.0,-0.001161786591847296,0.0,0.0,-2.7852492868266596
119,1,0.0,0.0,-9.507994047191198e-05,0.0,-0.42829358131171613
119,2,0.0,0.0,0.0,0.0,-0.20980547216545622
119,3,0.0,0.0,0.0,0.0,0.0
119,4,0.0,0.0,0.0,0.0,0.0
120,0,0.0,-0.001161786591847296,0.0,0.0,-2.814903950721882
120,1,0.0,0.0,-9.507994047191198e-05,0.0,-0.42829358131171613
120,2,0.0,0.0,0.0,0.0,-0.20980547216545622
120,3,0.0,0.0,0.0,0.0,0.0
120,4,0.0,0.0,0.0,0.0,0.0
121,0,0.0,-0.001161786591847296,0.0,0.0,-2.8419631512505754
121,1,0.0,0.0,-9.507994047191198e-05,0.0,-0.42829358131171613
121,2,0.0,0.0,0.0,0.0,-0.20980547216545622
121,3,0.0,0.0,0.0,0.0,0.0
121,4,0.0,0.0,0.0,0.0,0.0
122,0,0.0,-0.001161786591847296,0.0,0.0,-2.8664355715652374
122,1,0.0,0.0,-9.507994047191198e-05,0.0,-0.42829358131171613
122,2,0.0,0.0,0.0,0.0,-0.20980547216545622
122,3,0.0,0.0,0.0,0.0,0.0
122,4,0.0,0.0,0.0,0.0,0.0
123,0,0.0,-0.001161786591847296,0.0,0.0,-2.898329862191133
123,1,0.0,0.0,-9.507994047191198e-05,0.0,-0.42829358131171613
123,2,0.0,0.0,0.0,0.0,-0.20980547216545622
123,3,0.0,0.0,0.0,0.0,0.0
123,4,0.0,0.0,0.0,0.0,0.0
124,0,0.0,-0.0014644297576849007,0.0,0.0,-2.898329862191133
124,1,0.0,0.0,-9.507994047191198e-05,0.0,-0.448119363002138
124,2,0.0,0.0,0.0,0.0,-0.20980547216545622
124,3,0.0,0.0,0.0,0.0,0.0
124,4,0.0,0.0,0.0,0.0,0.0
125,0,0.0,-0.0014644297576849007,0.0,0.0,-2.922621311027539
125,1,0.0,0.0,-9.507994047191198e-05,0.0,-0.448119363002138
125,2,0.0,0.0,0.0,0.0,-0.20980547216545622
125,3,0.0,0.0,0.0,0.0,0.0
125,4,0.0,0.0,0.0,0.0,0.0
126,0,0.0,-0.0014644297576849007,0.0,0.0,-2.951835293777417
126,1,0.0,0.0,-9.507994047191198e-05,0.0,-0.448119363002138
126,2,0.0,0.0,0.0,0.0,-0.20980547216545622
126,3,0.0,0.0,0.0,0.0,0.0
126,4,0.0,0.0,0.0,0.0,0.0
127,0,0.0,-0.0014644297576849007,0.0,0.0,-2.9659554282572507
127,1,0.0,0.0,-9.507994047191198e-05,0.0,-0.448119363002138
127,2,0.0,0.0,0.0,0.0,-0.20980547216545622
127,3,0.0,0.0,0.0,0.0,0.0
127,4,0.0,0.0,0.0,0.0,0.0
128,0,0.0,-0.0014644297576849007,0.0,0.0,-2.980032053918723
128,1,0.0,0.0,-9.507994047191198e-05,0.0,-0.448119363002138
128,2,0.0,0.0,0.0,0.0,-0.20980547216545622
128,3,0.0,0.0,0.0,0.0,0.0
128,4,0.0,0.0,0.0,0.0,0.0
129,0,0.0,-0.0014644297576849007,0.0,0.0,-3.0015653261983943
129,1,0.0,0.0,-9.507994047191198e-05,0.0,-0.448119363002138
129,2,0.0,0.0,0.0,0.0,-0.20980547216545622
129,3,0.0,0.0,0.0,0.0,0.0
129,4,0.0,0.0,0.0,0.0,0.0
130,0,0.0,-0.0014644297576849007,0.0,0.0,-3.0230304023340926
130,1,0.0,0.0,-9.507994047191198e-05,0.0,-0.448119363002138
130,2,0.0,0.0,0.0,0.0,-0.20980547216545622
130,3,0.0,0.0,0.0,0.0,0.0
130,4,0.0,0.0,0.0,0.0,0.0
131,0,0.0,-0.0014644297576849007,0.0,0.0,-3.0544275302934976
131,1,0.0,0.0,-9.507994047191198e-05,0.0,-0.448119363002138
131,2,0.0,0.0,0.0,0.0,-0.20980547216545622
131,3,0.0,0.0,0.0,0.0,0.0
131,4,0.0,0.0,0.0,0.0,0.0
132,0,0.0,-0.0014644297576849007,0.0,0.0,-3.073223626943202
132,1,0.0,0.0,-9.507994047191198e-05,0.0,-0.448119363002138
132,2,0.0,0.0,0.0,0.0,-0.20980547216545622
132,3,0.0,0.0,0.0,0.0,0.0
132,4,0.0,0.0,0.0,0.0,0.0
133,0,0.0,-0.0014644297576849007,0.0,0.0,-3.0994607259493456
133,1,0.0,0.0,-9.507994047191198e-05,0.0,-0.448119363002138
133,2,0.0,0.0,0.0,0.0,-0.20980547216545622
133,3,0.0,0.0,0.0,0.0,0.0
133,4,0.0,0.0,0.0,0.0,0.0
134,0,0.0,-0.0014644297576849007,0.0,0.0,-3.113114043035705
134,1,0.0,0.0,-9.507994047191198e-05,0.0,-0.448119363002138
134,2,0.0,0.0,0.0,0.0,-0.20980547216545622
134,3,0.0,0.0,0.0,0.0,0.0
134,4,0.0,0.0,0.0,0.0,0.0
135,0,0.0,-0.0017951791467837297,0.0,0.0,-3.113114043035705
135,1,0.0,0.0,-9.507994047191198e-05,0.0,-0.48287965109203285
135,2,0.0,0.0,0.0,0.0,-0.20980547216545622
135,3,0.0,0.0,0.0,0.0,0.0
135,4,0.0,0.0,0.0,0.0,0.0
136,0,0.0,-0.0017951791467837297,0.0,0.0,-3.141725547084221
136,1,0.0,0.0,-9.507994047191198e-05,0.0,-0.48287965109203285
136,2,0.0,0.0,0.0,0.0,-0.20980547216545622
136,3,0.0,0.0,0.0,0.0,0.0
136,4,0.0,0.0,0.0,0.0,0.0
137,0,0.0,-0.0017951791467837297,0.0,0.0,-3.155245391696758
137,1,0.0,0.0,-9.507994047191198e-05,0.0,-0.48287965109203285
137,2,0.0,0.0,0.0,0.0,-0.20980547216545622
137,3,0.0,0.0,0.0,0.0,0.0
137,4,0.0,0.0,0.0,0.0,0.0
138,0,0.0,-0.0017951791467837297,0.0,0.0,-3.1762239077530476
138,1,0.0,0.0,-9.507994047191198e-05,0.0,-0.48287965109203285
138,2,0.0,0.0,0.0,0.0,-0.20980547216545622
138,3,0.0,0.0,0.0,0.0,0.0
138,4,0.0,0.0,0.0,0.0,0.0
139,0,0.0,-0.0017951791467837297,0.0,0.0,-3.2021362445558
139,1,0.0,0.0,-9.507994047191198e-05,0.0,-0.48287965109203285
139,2,0.0,0.0,0.0,0.0,-0.20980547216545622
139,3,0.0,0.0,0.0,0.0,0.0
139,4,0.0,0.0,0.0,0.0,0.0
140,0,0.0,-0.0017951791467837297,0.0,0.0,-3.235465977105441
140,1,0.0,0.0,-9.507994047191198e-05,0.0,-0.48287965109203285
140,2,0.0,0.0,0.0,0.0,-0.20980547216545622
140,3,0.0,0.0,0.0,0.0,0.0
140,4,0.0,0.0,0.0,0.0,0.0
141,0,0.0,-0.0017951791467837297,0.0,0.0,-3.2611884094188173
141,1,0.0,0.0,-9.507994047191198e-05,0.0,-0.48287965109203285
141,2,0.0,0.0,0.0,0.0,-0.20980547216545622
141,3,0.0,0.0,0.0,0.0,0.0
141,4,0.0,0.0,0.0,0.0,0.0
142,0,0.0,-0.0017951791467837297,0.0,0.0,-3.286828933253639
142,1,0.0,0.0,-9.507994047191198e-05,0.0,-0.48287965109203285
142,2,0.0,0.0,0.0,0.0,-0.20980547216545622
142,3,0.0,0.0,0.0,0.0,0.0
142,4,0.0,0.0,0.0,0.0,0.0
143,0,0.0,-0.0017951791467837297,0.0,0.0,-3.304887847483285
143,1,0.0,0.0,-9.507994047191198e-05,0.0,-0.48287965109203285
143,2,0.0,0.0,0.0,0.0,-0.20980547216545622
143,3,0.0,0.0,0.0,0.0,0.0
143,4,0.0,0.0,0.0,0.0,0.0
144,0,0.0,-0.0017951791467837297,0.0,0.0,-3.337890447404233
144,1,0.0,0.0,-9.507994047191198e-05,0.0,-0.48287965109203285
144,2,0.0,0.0,0.0,0.0,-0.20980547216545622
144,3,0.0,0.0,0.0,0.0,0.0
144,4,0.0,0.0,0.0,0.0,0.0
145,0,0.0,-0.0017951791467837297,0.0,0.0,-3.365786940620603
145,1,0.0,0.0,-9.507994047191198e-05,0.0,-0.48287965109203285
145,2,0.0,0.0,0.0,0.0,-0.20980547216545622
145,3,0.0,0.0,0.0,0.0,0.0
145,4,0.0,0.0,0.0,0.0,0.0
146,0,0.0,-0.0017951791467837297,0.0,0.0,-3.3935943816698813
146,1,0.0,0.0,-9.507994047191198e-05,0.0,-0.48287965109203285
146,2,0.0,0.0,0.0,0.0,-0.20980547216545622
146,3,0.0,0.0,0.0,0.0,0.0
146,4,0.0,0.0,0.0,0.0,0.0
147,0,0.0,-0.0017951791467837297,0.0,0.0,-3.406313096000857
147,1,0.0,0.0,-9.507994047191198e-05,0.0,-0.48287965109203285
147,2,0.0,0.0,0.0,0.0,-0.20980547216545622
147,3,0.0,0.0,0.0,0.0,0.0
147,4,0.0,0.0,0.0,0.0,0.0
148,0,0.0,-0.0017951791467837297,0.0,0.0,-3.418993402976738
148,1,0.0,0.0,-9.507994047191198e-05,0.0,-0.48287965109203285
148,2,0.0,0.0,0.0,0.0,-0.20980547216545622
148,3,0.0,0.0,0.0,0.0,0.0
148,4,0.0,0.0,0.0,0.0,0.0
149,0,0.0,-0.0017951791467837297,0.0,0.0,-3.451635438028146
149,1,0.0,0.0,-9.507994047191198e-05,0.0,-0.48287965109203285
149,2,0.0,0.0,0.0,0.0,-0.20980547216545622
149,3,0.0,0.0,0.0,0.0,0.0
149,4,0.0,0.0,0.0,0.0,0.0
150,0,0.0,-0.0017951791467837297,0.0,0.0,-3.4816726758073653
150,1,0.0,0.0,-9.507994047191198e-05,0.0,-0.48287965109203285
150,2,0.0,0.0,0.0,0.0,-0.20980547216545622
150,3,0.0,0.0,0.0,0.0,0.0
150,4,0.0,0.0,0.0,0.0,0.0
151,0,0.0,-0.0017951791467837297,0.0,0.0,-3.5041138331924864
151,1,0.0,0.0,-9.507994047191198e-05,0.0,-0.48287965109203285
151,2,0.0,0.0,0.0,0.0,-0.20980547216545622
151,3,0.0,0.0,0.0,0.0,0.0
151,4,0.0,0.0,0.0,0.0,0.0
152,0,0.0,-0.0017951791467837297,0.0,0.0,-3.518984259367371
152,1,0.0,0.0,-9.507994047191198e-05,0.0,-0.48287965109203285
152,2,0.0,0.0,0.0,0.0,-0.20980547216545622
152,3,0.0,0.0,0.0,0.0,0.0
152,4,0.0,0.0,0.0,0.0,0.0
153,0,0.0,-0.0017951791467837297,0.0,0.0,-3.5338092084001573
153,1,0.0,0.0,-9.507994047191198e-05,0.0,-0.48287965109203285
153,2,0.0,0.0,0.0,0.0,-0.20980547216545622
153,3,0.0,0.0,0.0,0.0,0.0
153,4,0.0,0.0,0.0,0.0,0.0
154,0,0.0,-0.0017951791467837297,0.0,0.0,-3.5610888420267535
154,1,0.0,0.0,-9.507994047191198e-05,0.0,-0.48287965109203285
154,2,0.0,0.0,0.0,0.0,-0.20980547216545622
154,3,0.0,0.0,0.0,0.0,0.0
154,4,0.0,0.0,0.0,0.0,0.0
155,0,0.0,-0.0017951791467837297,0.0,0.0,-3.5882816586970985
155,1,0.0,0.0,-9.507994047191198e-05,0.0,-0.48287965109203285
155,2,0.0,0.0,0.0,0.0,-0.20980547216545622
155,3,0.0,0.0,0.0,0.0,0.0
155,4,0.0,0.0,0.0,0.0,0.0
156,0,0.0,-0.0017951791467837297,0.0,0.0,-3.615387975121249
156,1,0.0,0.0,-9.507994047191198e-05,0.0,-0.48287965109203285
156,2,0.0,0.0,0.0,0.0,-0.20980547216545622
156,3,0.0,0.0,0.0,0.0,0.0
156,4,0.0,0.0,0.0,0.0,0.0
157,0,0.0,-0.0017951791467837297,0.0,0.0,-3.644908106765346
157,1,0.0,0.0,-9.507994047191198e-05,0.0,-0.48287965109203285
157,2,0.0,0.0,0.0,0.0,-0.20980547216545622
157,3,0.0,0.0,0.0,0.0,0.0
157,4,0.0,0.0,0.0,0.0,0.0
158,0,0.0,-0.0017951791467837297,0.0,0.0,-3.6618340353243664
158,1,0.0,0.0,-9.507994047191198e-05,0.0,-0.48287965109203285
158,2,0.0,0.0,0.0,0.0,-0.20980547216545622
158,3,0.0,0.0,0.0,0.0,0.0
158,4,0.0,0.0,0.0,0.0,0.0
159,0,0.0,-0.0017951791467837297,0.0,0.0,-3.686207767697734
159,1,0.0,0.0,-9.507994047191198e-05,0.0,-0.48287965109203285
159,2,0.0,0.0,0.0,0.0,-0.20980547216545622
159,3,0.0,0.0,0.0,0.0,0.0
159,4,0.0,0.0,0.0,0.0,0.0
160,0,0.0,-0.0021787355480779287,0.0,0.0,-3.686207767697734
160,1,0.0,0.0,-9.507994047191198e-05,0.0,-0.5100246946518596
160,2,0.0,0.0,0.0,0.0,-0.20980547216545622
160,3,0.0,0.0,0.0,0.0,0.0
160,4,0.0,0.0,0.0,0.0,0.0
161,0,0.0,-0.0021787355480779287,0.0,0.0,-3.7005044929524367
161,1,0.0,0.0,-9.507994047191198e-05,0.0,-0.5100246946518596
161,2,0.0,0.0,0.0,0.0,-0.20980547216545622
161,3,0.0,0.0,0.0,0.0,0.0
161,4,0.0,0.0,0.0,0.0,0.0
162,0,0.0,-0.0021787355480779287,0.0,0.0,-3.7197578208907354
162,1,0.0,0.0,-9.507994047191198e-05,0.0,-0.5100246946518596
162,2,0.0,0.0,0.0,0.0,-0.20980547216545622
162,3,0.0,0.0,0.0,0.0,0.0
162,4,0.0,0.0,0.0,0.0,0.0
163,0,0.0,-0.0021787355480779287,0.0,0.0,-3.746451240049606
163,1,0.0,0.0,-9.507994047191198e-05,0.0,-0.5100246946518596
163,2,0.0,0.0,0.0,0.0,-0.20980547216545622
163,3,0.0,0.0,0.0,0.0,0.0
163,4,0.0,0.0,0.0,0.0,0.0
164,0,0.0,-0.0021787355480779287,0.0,0.0,-3.7780599683308282
164,1,0.0,0.0,-9.507994047191198e-05,0.0,-0.5100246946518596
164,2,0.0,0.0,0.0,0.0,-0.20980547216545622
164,3,0.0,0.0,0.0,0.0,0.0
164,4,0.0,0.0,0.0,0.0,0.0
165,0,0.0,-0.0021787355480779287,0.0,0.0,-3.7870676490621715
165,1,0.0,0.0,-9.507994047191198e-05,0.0,-0.5100246946518596
165,2,0.0,0.0,0.0,0.0,-0.20980547216545622
165,3,0.0,0.0,0.0,0.0,0.0
165,4,0.0,0.0,0.0,0.0,0.0
166,0,0.0,-0.0021787355480779287,0.0,0.0,-3.803549644705536
166,1,0.0,0.0,-9.507994047191198e-05,0.0,-0.5100246946518596
166,2,0.0,0.0,0.0,0.0,-0.20980547216545622
166,3,0.0,0.0,0.0,0.0,0.0
166,4,0.0,0.0,0.0,0.0,0.0
167,0,0.0,-0.0021787355480779287,0.0,0.0,-3.8124810446838215
167,1,0.0,0.0,-9.507994047191198e-05,0.0,-0.5100246946518596
167,2,0.0,0.0,0.0,0.0,-0.20980547216545622
167,3,0.0,0.0,0.0,0.0,0.0
167,4,0.0,0.0,0.0,0.0,0.0
168,0,0.0,-0.0021787355480779287,0.0,0.0,-3.8288870270219464
168,1,0.0,0.0,-9.507994047191198e-05,0.0,-0.5100246946518596
168,2,0.0,0.0,0.0,0.0,-0.20980547216545622
168,3,0.0,0.0,0.0,0.0,0.0
168,4,0.0,0.0,0.0,0.0,0.0
169,0,0.0,-0.0021787355480779287,0.0,0.0,-3.8377426801209666
169,1,0.0,0.0,-9.507994047191198e-05,0.0,-0.5100246946518596
169,2,0.0,0.0,0.0,0.0,-0.20980547216545622
169,3,0.0,0.0,0.0,0.0,0.0
169,4,0.0,0.0,0.0,0.0,0.0
170,0,0.0,-0.0021787355480779287,0.0,0.0,-3.8540731809880726
170,1,0.0,0.0,-9.507994047191198e-05,0.0,-0.5100246946518596
170,2,0.0,0.0,0.0,0.0,-0.20980547216545622
170,3,0.0,0.0,0.0,0.0,0.0
170,4,0.0,0.0,0.0,0.0,0.0
171,0,0.0,-0.0021787355480779287,0.0,0.0,-3.870353617010702
171,1,0.0,0.0,-9.507994047191198e-05,0.0,-0.5100246946518596
171,2,0.0,0.0,0.0,0.0,-0.20980547216545622
171,3,0.0,0.0,0.0,0.0,0.0
171,4,0.0,0.0,0.0,0.0,0.0
172,0,0.0,-0.0021787355480779287,0.0,0.0,-3.8915841665894275
172,1,0.0,0.0,-9.507994047191198e-05,0.0,-0.5100246946518596
172,2,0.0,0.0,0.0,0.0,-0.20980547216545622
172,3,0.0,0.0,0.0,0.0,0.0
172,4,0.0,0.0,0.0,0.0,0.0
173,0,0.0,-0.0021787355480779287,0.0,0.0,-3.920248342370552
173,1,0.0,0.0,-9.507994047191198e-05,0.0,-0.5100246946518596
173,2,0.0,0.0,0.0,0.0,-0.20980547216545622
173,3,0.0,0.0,0.0,0.0,0.0
173,4,0.0,0.0,0.0,0.0,0.0
174,0,0.0,-0.0021787355480779287,0.0,0.0,-3.928821386269253
174,1,0.0,0.0,-9.507994047191198e-05,0.0,-0.5100246946518596
174,2,0.0,0.0,0.0,0.0,-0.20980547216545622
174,3,0.0,0.0,0.0,0.0,0.0
174,4,0.0,0.0,0.0,0.0,0.0
175,0,0.0,-0.0021787355480779287,0.0,0.0,-3.957370290854764
175,1,0.0,0.0,-9.507994047191198e-05,0.0,-0.5100246946518596
175,2,0.0,0.0,0.0,0.0,-0.20980547216545622
175,3,0.0,0.0,0.0,0.0,0.0
175,4,0.0,0.0,0.0,0.0,0.0
176,0,0.0,-0.0021787355480779287,0.0,0.0,-3.970828476921691
176,1,0.0,0.0,-9.507994047191198e-05,0.0,-0.5100246946518596
176,2,0.0,0.0,0.0,0.0,-0.20980547216545622
176,3,0.0,0.0,0.0,0.0,0.0
176,4,0.0,0.0,0.0,0.0,0.0
177,0,0.0,-0.0021787355480779287,0.0,0.0,-3.9792462703697202
177,1,0.0,0.0,-9.507994047191198e-05,0.0,-0.5100246946518596
177,2,0.0,0.0,0.0,0.0,-0.20980547216545622
177,3,0.0,0.0,0.0,0.0,0.0
177,4,0.0,0.0,0.0,0.0,0.0
178,0,0.0,-0.0021787355480779287,0.0,0.0,-3.9901404782067558
178,1,0.0,0.0,-9.507994047191198e-05,0.0,-0.5100246946518596
178,2,0.0,0.0,0.0,0.0,-0.20980547216545622
178,3,0.0,0.0,0.0,0.0,0.0
178,4,0.0,0.0,0.0,0.0,0.0
179,0,0.0,-0.0021787355480779287,0.0,0.0,-4.003502846812347
179,1,0.0,0.0,-9.507994047191198e-05,0.0,-0.5100246946518596
179,2,0.0,0.0,0.0,0.0,-0.20980547216545622
179,3,0.0,0.0,0.0,0.0,0.0
179,4,0.0,0.0,0.0,0.0,0.0
180,0,0.0,-0.0021787355480779287,0.0,0.0,-4.034325153518853
180,1,0.0,0.0,-9.507994047191198e-05,0.0,-0.5100246946518596
180,2,0.0,0.0,0.0,0.0,-0.20980547216545622
180,3,0.0,0.0,0.0,0.0,0.0
180,4,0.0,0.0,0.0,0.0,0.0
181,0,0.0,-0.0021787355480779287,0.0,0.0,-4.060049211293476
181,1,0.0,0.0,-9.507994047191198e-05,0.0,-0.5100246946518596
181,2,0.0,0.0,0.0,0.0,-0.20980547216545622
181,3,0.0,0.0,0.0,0.0,0.0
181,4,0.0,0.0,0.0,0.0,0.0
182,0,0.0,-0.0021787355480779287,0.0,0.0,-4.068192044064301
182,1,0.0,0.0,-9.507994047191198e-05,0.0,-0.5100246946518596
182,2,0.0,0.0,0.0,0.0,-0.20980547216545622
182,3,0.0,0.0,0.0,0.0,0.0
182,4,0.0,0.0,0.0,0.0,0.0
183,0,0.0,-0.0021787355480779287,0.0,0.0,-4.081312274522384
183,1,0.0,0.0,-9.507994047191198e-05,0.0,-0.5100246946518596
183,2,0.0,0.0,0.0,0.0,-0.20980547216545622
183,3,0.0,0.0,0.0,0.0,0.0
183,4,0.0,0.0,0.0,0.0,0.0
184,0,0.0,-0.0021787355480779287,0.0,0.0,-4.106893312704469
184,1,0.0,0.0,-9.507994047191198e-05,0.0,-0.5100246946518596
184,2,0.0,0.0,0.0,0.0,-0.20980547216545622
184,3,0.0,0.0,0.0,0.0,0.0
184,4,0.0,0.0,0.0,0.0,0.0
185,0,0.0,-0.0021787355480779287,0.0,0.0,-4.12989363326256
185,1,0.0,0.0,-9.507994047191198e-05,0.0,-0.5100246946518596
185,2,0.0,0.0,0.0,0.0,-0.20980547216545622
185,3,0.0,0.0,0.0,0.0,0.0
185,4,0.0,0.0,0.0,0.0,0.0
186,0,0.0,-0.0021787355480779287,0.0,0.0,-4.147821861738272
186,1,0.0,0.0,-9.507994047191198e-05,0.0,-0.5100246946518596
186,2,0.0,0.0,0.0,0.0,-0.20980547216545622
186,3,0.0,0.0,0.0,0.0,0.0
186,4,0.0,0.0,0.0,0.0,0.0
187,0,0.0,-0.0021787355480779287,0.0,0.0,-4.1581949238144045
187,1,0.0,0.0,-9.507994047191198e-05,0.0,-0.5100246946518596
187,2,0.0,0.0,0.0,0.0,-0.20980547216545622
187,3,0.0,0.0,0.0,0.0,0.0
187,4,0.0,0.0,0.0,0.0,0.0
188,0,0.0,-0.0021787355480779287,0.0,0.0,-4.171038014200608
188,1,0.0,0.0,-9.507994047191198e-05,0.0,-0.5100246946518596
188,2,0.0,0.0,0.0,0.0,-0.20980547216545622
188,3,0.0,0.0,0.0,0.0,0.0
188,4,0.0,0.0,0.0,0.0,0.0
189,0,0.0,-0.0021787355480779287,0.0,0.0,-4.17884290298169
189,1,0.0,0.0,-9.507994047191198e-05,0.0,-0.5100246946518596
189,2,0.0,0.0,0.0,0.0,-0.20980547216545622
189,3,0.0,0.0,0.0,0.0,0.0
189,4,0.0,0.0,0.0,0.0,0.0
190,0,0.0,-0.0021787355480779287,0.0,0.0,-4.196626388698084
190,1,0.0,0.0,-9.507994047191198e-05,0.0,-0.5100246946518596
190,2,0.0,0.0,0.0,0.0,-0.20980547216545622
190,3,0.0,0.0,0.0,0.0,0.0
190,4,0.0,0.0,0.0,0.0,0.0
191,0,0.0,-0.0021787355480779287,0.0,0.0,-4.2268552116992115
191,1,0.0,0.0,-9.507994047191198e-05,0.0,-0.5100246946518596
191,2,0.0,0.0,0.0,0.0,-0.20980547216545622
191,3,0.0,0.0,0.0,0.0,0.0
191,4,0.0,0.0,0.0,0.0,0.0
192,0,0.0,-0.0021787355480779287,0.0,0.0,-4.256987904521206
192,1,0.0,0.0,-9.507994047191198e-05,0.0,-0.5100246946518596
192,2,0.0,0.0,0.0,0.0,-0.20980547216545622
192,3,0.0,0.0,0.0,0.0,0.0
192,4,0.0,0.0,0.0,0.0,0.0
193,0,0.0,-0.0021787355480779287,0.0,0.0,-4.282024817826217
193,1,0.0,0.0,-9.507994047191198e-05,0.0,-0.5100246946518596
193,2,0.0,0.0,0.0,0.0,-0.20980547216545622
193,3,0.0,0.0,0.0,0.0,0.0
193,4,0.0,0.0,0.0,0.0,0.0
194,0,0.0,-0.0021787355480779287,0.0,0.0,-4.311982965963648
194,1,0.0,0.0,-9.507994047191198e-05,0.0,-0.5100246946518596
194,2,0.0,0.0,0.0,0.0,-0.20980547216545622
194,3,0.0,0.0,0.0,0.0,0.0
194,4,0.0,0.0,0.0,0.0,0.0
195,0,0.0,-0.0021787355480779287,0.0,0.0,-4.319345969293677
195,1,0.0,0.0,-9.507994047191198e-05,0.0,-0.5100246946518596
195,2,0.0,0.0,0.0,0.0,-0.20980547216545622
195,3,0.0,0.0,0.0,0.0,0.0
195,4,0.0,0.0,0.0,0.0,0.0
196,0,0.0,-0.0021787355480779287,0.0,0.0,-4.326689167404185
196,1,0.0,0.0,-9.507994047191198e-05,0.0,-0.5100246946518596
196,2,0.0,0.0,0.0,0.0,-0.20980547216545622
196,3,0.0,0.0,0.0,0.0,0.0
196,4,0.0,0.0,0.0,0.0,0.0
197,0,0.0,-0.0021787355480779287,0.0,0.0,-4.349012624534305
197,1,0.0,0.0,-9.507994047191198e-05,0.0,-0.5100246946518596
197,2,0.0,0.0,0.0,0.0,-0.20980547216545622
197,3,0.0,0.0,0.0,0.0,0.0
197,4,0.0,0.0,0.0,0.0,0.0
198,0,0.0,-0.0021787355480779287,0.0,0.0,-4.361266409497674
198,1,0.0,0.0,-9.507994047191198e-05,0.0,-0.5100246946518596
198,2,0.0,0.0,0.0,0.0,-0.20980547216545622
198,3,0.0,0.0,0.0,0.0,0.0
198,4,0.0,0.0,0.0,0.0,0.0
199,0,0.0,-0.0021787355480779287,0.0,0.0,-4.3784841036650235
199,1,0.0,0.0,-9.507994047191198e-05,0.0,-0.5100246946518596
199,2,0.0,0.0,0.0,0.0,-0.20980547216545622
199,3,0.0,0.0,0.0,0.0,0.0
199,4,0.0,0.0,0.0,0.0,0.0
200,0,0.0,-0.0021787355480779287,0.0,0.0,-4.385649167257637
200,1,0.0,0.0,-9.507994047191198e-05,0.0,-0.5100246946518596
200,2,0.0,0.0,0.0,0.0,-0.20980547216545622
200,3,0.0,0.0,0.0,0.0,0.0
200,4,0.0,0.0,0.0,0.0,0.0
201,0,0.0,-0.0021787355480779287,0.0,0.0,-4.40279511770346
201,1,0.0,0.0,-9.507994047191198e-05,0.0,-0.5100246946518596
201,2,0.0,0.0,0.0,0.0,-0.20980547216545622
201,3,0.0,0.0,0.0,0.0,0.0
201,4,0.0,0.0,0.0,0.0,0.0
202,0,0.0,-0.0021787355480779287,0.0,0.0,-4.4198886864721025
202,1,0.0,0.0,-9.507994047191198e-05,0.0,-0.5100246946518596
202,2,0.0,0.0,0.0,0.0,-0.20980547216545622
202,3,0.0,0.0,0.0,0.0,0.0
202,4,0.0,0.0,0.0,0.0,0.0
203,0,0.0,-0.0021787355480779287,0.0,0.0,-4.444430059917873
203,1,0.0,0.0,-9.507994047191198e-05,0.0,-0.5100246946518596
203,2,0.0,0.0,0.0,0.0,-0.20980547216545622
203,3,0.0,0.0,0.0,0.0,0.0
203,4,0.0,0.0,0.0,0.0,0.0
204,0,0.0,-0.0021787355480779287,0.0,0.0,-4.456394426078295
204,1,0.0,0.0,-9.507994047191198e-05,0.0,-0.5100246946518596
204,2,0.0,0.0,0.0,0.0,-0.20980547216545622
204,3,0.0,0.0,0.0,0.0,0.0
204,4,0.0,0.0,0.0,0.0,0.0
205,0,0.0,-0.0026059467394888534,0.0,0.0,-4.456394426078295
205,1,0.0,0.0,-9.507994047191198e-05,0.0,-0.5520799220338243
205,2,0.0,0.0,0.0,0.0,-0.20980547216545622
205,3,0.0,0.0,0.0,0.0,0.0
205,4,0.0,0.0,0.0,0.0,0.0
206,0,0.0,-0.0026059467394888534,0.0,0.0,-4.470823726264966
206,1,0.0,0.0,-9.507994047191198e-05,0.0,-0.5520799220338243
206,2,0.0,0.0,0.0,0.0,-0.20980547216545622
206,3,0.0,0.0,0.0,0.0,0.0
206,4,0.0,0.0,0.0,0.0,0.0
207,0,0.0,-0.0026059467394888534,0.0,0.0,-4.495209749286618
207,1,0.0,0.0,-9.507994047191198e-05,0.0,-0.5520799220338243
207,2,0.0,0.0,0.0,0.0,-0.20980547216545622
207,3,0.0,0.0,0.0,0.0,0.0
207,4,0.0,0.0,0.0,0.0,0.0
208,0,0.0,-0.0026059467394888534,0.0,0.0,-4.517019317139409
208,1,0.0,0.0,-9.507994047191198e-05,0.0,-0.5520799220338243
208,2,0.0,0.0,0.0,0.0,-0.20980547216545622
208,3,0.0,0.0,0.0,0.0,0.0
208,4,0.0,0.0,0.0,0.0,0.0
209,0,0.0,-0.0026059467394888534,0.0,0.0,-4.526261038874661
209,1,0.0,0.0,-9.507994047191198e-05,0.0,-0.5520799220338243
209,2,0.0,0.0,0.0,0.0,-0.20980547216545622
209,3,0.0,0.0,0.0,0.0,0.0
209,4,0.0,0.0,0.0,0.0,0.0
210,0,0.0,-0.0026059467394888534,0.0,0.0,-4.540476821349047
210,1,0.0,0.0,-9.507994047191198e-05,0.0,-0.5520799220338243
210,2,0.0,0.0,0.0,0.0,-0.20980547216545622
210,3,0.0,0.0,0.0,0.0,0.0
210,4,0.0,0.0,0.0,0.0,0.0
211,0,0.0,-0.0026059467394888534,0.0,0.0,-4.554650086522055
211,1,0.0,0.0,-9.507994047191198e-05,0.0,-0.5520799220338243
211,2,0.0,0.0,0.0,0.0,-0.20980547216545622
211,3,0.0,0.0,0.0,0.0,0.0
211,4,0.0,0.0,0.0,0.0,0.0
212,0,0.0,-0.0026059467394888534,0.0,0.0,-4.571280983583852
212,1,0.0,0.0,-9.507994047191198e-05,0.0,-0.5520799220338243
212,2,0.0,0.0,0.0,0.0,-0.20980547216545622
212,3,0.0,0.0,0.0,0.0,0.0
212,4,0.0,0.0,0.0,0.0,0.0
213,0,0.0,-0.0026059467394888534,0.0,0.0,-4.582861328621578
213,1,0.0,0.0,-9.507994047191198e-05,0.0,-0.5520799220338243
213,2,0.0,0.0,0.0,0.0,-0.20980547216545622
213,3,0.0,0.0,0.0,0.0,0.0
213,4,0.0,0.0,0.0,0.0,0.0
214,0,0.0,-0.0026059467394888534,0.0,0.0,-4.601907965995067
214,1,0.0,0.0,-9.507994047191198e-05,0.0,-0.5520799220338243
214,2,0.0,0.0,0.0,0.0,-0.20980547216545622
214,3,0.0,0.0,0.0,0.0,0.0
214,4,0.0,0.0,0.0,0.0,0.0
215,0,0.0,-0.0026059467394888534,0.0,0.0,-4.608396014223333
215,1,0.0,0.0,-9.507994047191198e-05,0.0,-0.5520799220338243
215,2,0.0,0.0,0.0,0.0,-0.20980547216545622
215,3,0.0,0.0,0.0,0.0,0.0
215,4,0.0,0.0,0.0,0.0,0.0
216,0,0.0,-0.0026059467394888534,0.0,0.0,-4.622367345377929
216,1,0.0,0.0,-9.507994047191198e-05,0.0,-0.5520799220338243
216,2,0.0,0.0,0.0,0.0,-0.20980547216545622
216,3,0.0,0.0,0.0,0.0,0.0
216,4,0.0,0.0,0.0,0.0,0.0
217,0,0.0,-0.003105662190504787,0.0,0.0,-4.622367345377929
217,1,0.0,0.0,-9.507994047191198e-05,0.0,-0.5689956733477627
217,2,0.0,0.0,0.0,0.0,-0.20980547216545622
217,3,0.0,0.0,0.0,0.0,0.0
217,4,0.0,0.0,0.0,0.0,0.0
218,0,0.0,-0.003105662190504787,0.0,0.0,-4.641297014240128
218,1,0.0,0.0,-9.507994047191198e-05,0.0,-0.5689956733477627
218,2,0.0,0.0,0.0,0.0,-0.20980547216545622
218,3,0.0,0.0,0.0,0.0,0.0
218,4,0.0,0.0,0.0,0.0,0.0
219,0,0.0,-0.003105662190504787,0.0,0.0,-4.662668501672201
219,1,0.0,0.0,-9.507994047191198e-05,0.0,-0.5689956733477627
219,2,0.0,0.0,0.0,0.0,-0.20980547216545622
219,3,0.0,0.0,0.0,0.0,0.0
219,4,0.0,0.0,0.0,0.0,0.0
220,0,0.0,-0.003105662190504787,0.0,0.0,-4.673973682999235
220,1,0.0,0.0,-9.507994047191198e-05,0.0,-0.5689956733477627
220,2,0.0,0.0,0.0,0.0,-0.20980547216545622
220,3,0.0,0.0,0.0,0.0,0.0
220,4,0.0,0.0,0.0,0.0,0.0
221,0,0.0,-0.003105662190504787,0.0,0.0,-4.680246126646909
221,1,0.0,0.0,-9.507994047191198e-05,0.0,-0.5689956733477627
221,2,0.0,0.0,0.0,0.0,-0.20980547216545622
221,3,0.0,0.0,0.0,0.0,0.0
221,4,0.0,0.0,0.0,0.0,0.0
222,0,0.0,-0.003105662190504787,0.0,0.0,-4.696502610073327
222,1,0.0,0.0,-9.507994047191198e-05,0.0,-0.5689956733477627
222,2,0.0,0.0,0.0,0.0,-0.20980547216545622
222,3,0.0,0.0,0.0,0.0,0.0
222,4,0.0,0.0,0.0,0.0,0.0
223,0,0.0,-0.003105662190504787,0.0,0.0,-4.7227098526312
223,1,0.0,0.0,-9.507994047191198e-05,0.0,-0.5689956733477627
223,2,0.0,0.0,0.0,0.0,-0.20980547216545622
223,3,0.0,0.0,0.0,0.0,0.0
223,4,0.0,0.0,0.0,0.0,0.0
224,0,0.0,-0.003105662190504787,0.0,0.0,-4.748834698477561
224,1,0.0,0.0,-9.507994047191198e-05,0.0,-0.5689956733477627
224,2,0.0,0.0,0.0,0.0,-0.20980547216545622
224,3,0.0,0.0,0.0,0.0,0.0
224,4,0.0,0.0,0.0,0.0,0.0
225,0,0.0,-0.003105662190504787,0.0,0.0,-4.7748774462040044
225,1,0.0,0.0,-9.507994047191198e-05,0.0,-0.5689956733477627
225,2,0.0,0.0,0.0,0.0,-0.20980547216545622
225,3,0.0,0.0,0.0,0.0,0.0
225,4,0.0,0.0,0.0,0.0,0.0
226,0,0.0,-0.003105662190504787,0.0,0.0,-4.78333839323416
226,1,0.0,0.0,-9.507994047191198e-05,0.0,-0.5689956733477627
226,2,0.0,0.0,0.0,0.0,-0.20980547216545622
226,3,0.0,0.0,0.0,0.0,0.0
226,4,0.0,0.0,0.0,0.0,0.0
227,0,0.0,-0.003105662190504787,0.0,0.0,-4.789277298674572
227,1,0.0,0.0,-9.507994047191198e-05,0.0,-0.5689956733477627
227,2,0.0,0.0,0.0,0.0,-0.20980547216545622
227,3,0.0,0.0,0.0,0.0,0.0
227,4,0.0,0.0,0.0,0.0,0.0
228,0,0.0,-0.003105662190504787,0.0,0.0,-4.8177002956045465
228,1,0.0,0.0,-9.507994047191198e-05,0.0,-0.5689956733477627
228,2,0.0,0.0,0.0,0.0,-0.20980547216545622
228,3,0.0,0.0,0.0,0.0,0.0
228,4,0.0,0.0,0.0,0.0,0.0
229,0,0.0,-0.003105662190504787,0.0,0.0,-4.836033576859298
229,1,0.0,0.0,-9.507994047191198e-05,0.0,-0.5689956733477627
229,2,0.0,0.0,0.0,0.0,-0.20980547216545622
229,3,0.0,0.0,0.0,0.0,0.0
229,4,0.0,0.0,0.0,0.0,0.0
230,0,0.0,-0.003105662190504787,0.0,0.0,-4.849310798482338
230,1,0.0,0.0,-9.507994047191198e-05,0.0,-0.5689956733477627
230,2,0.0,0.0,0.0,0.0,-0.20980547216545622
230,3,0.0,0.0,0.0,0.0,0.0
230,4,0.0,0.0,0.0,0.0,0.0
231,0,0.0,-0.003105662190504787,0.0,0.0,-4.8625488251995215
231,1,0.0,0.0,-9.507994047191198e-05,0.0,-0.5689956733477627
231,2,0.0,0.0,0.0,0.0,-0.20980547216545622
231,3,0.0,0.0,0.0,0.0,0.0
231,4,0.0,0.0,0.0,0.0,0.0
232,0,0.0,-0.003105662190504787,0.0,0.0,-4.883247793412117
232,1,0.0,0.0,-9.507994047191198e-05,0.0,-0.5689956733477627
232,2,0.0,0.0,0.0,0.0,-0.20980547216545622
232,3,0.0,0.0,0.0,0.0,0.0
232,4,0.0,0.0,0.0,0.0,0.0
233,0,0.0,-0.003105662190504787,0.0,0.0,-4.896382841405488
233,1,0.0,0.0,-9.507994047191198e-05,0.0,-0.5689956733477627
233,2,0.0,0.0,0.0,0.0,-0.20980547216545622
233,3,0.0,0.0,0.0,0.0,0.0
233,4,0.0,0.0,0.0,0.0,0.0
234,0,0.0,-0.003105662190504787,0.0,0.0,-4.901986055316078
234,1,0.0,0.0,-9.507994047191198e-05,0.0,-0.5689956733477627
234,2,0.0,0.0,0.0,0.0,-0.20980547216545622
234,3,0.0,0.0,0.0,0.0,0.0
234,4,0.0,0.0,0.0,0.0,0.0
235,0,0.0,-0.003105662190504787,0.0,0.0,-4.927568814677385
235,1,0.0,0.0,-9.507994047191198e-05,0.0,-0.5689956733477627
235,2,0.0,0.0,0.0,0.0,-0.20980547216545622
235,3,0.0,0.0,0.0,0.0,0.0
235,4,0.0,0.0,0.0,0.0,0.0
236,0,0.0,-0.003105662190504787,0.0,0.0,-4.933081070105462
236,1,0.0,0.0,-9.507994047191198e-05,0.0,-0.5689956733477627
236,2,0.0,0.0,0.0,0.0,-0.20980547216545622
236,3,0.0,0.0,0.0,0.0,0.0
236,4,0.0,0.0,0.0,0.0,0.0
237,0,0.0,-0.003105662190504787,0.0,0.0,-4.961070369766979
237,1,0.0,0.0,-9.507994047191198e-05,0.0,-0.5689956733477627
237,2,0.0,0.0,0.0,0.0,-0.20980547216545622
237,3,0.0,0.0,0.0,0.0,0.0
237,4,0.0,0.0,0.0,0.0,0.0
238,0,0.0,-0.003105662190504787,0.0,0.0,-4.973971484831529
238,1,0.0,0.0,-9.507994047191198e-05,0.0,-0.5689956733477627
238,2,0.0,0.0,0.0,0.0,-0.20980547216545622
238,3,0.0,0.0,0.0,0.0,0.0
238,4,0.0,0.0,0.0,0.0,0.0
239,0,0.0,-0.003105662190504787,0.0,0.0,-4.979349795692294
239,1,0.0,0.0,-9.507994047191198e-05,0.0,-0.5689956733477627
239,2,0.0,0.0,0.0,0.0,-0.20980547216545622
239,3,0.0,0.0,0.0,0.0,0.0
239,4,0.0,0.0,0.0,0.0,0.0
240,0,0.0,-0.003105662190504787,0.0,0.0,-4.99470022737178
240,1,0.0,0.0,-9.507994047191198e-05,0.0,-0.5689956733477627
240,2,0.0,0.0,0.0,0.0,-0.20980547216545622
240,3,0.0,0.0,0.0,0.0,0.0
240,4,0.0,0.0,0.0,0.0,0.0
241,0,0.0,-0.003105662190504787,0.0,0.0,-5.012504625903178
241,1,0.0,0.0,-9.507994047191198e-05,0.0,-0.5689956733477627
241,2,0.0,0.0,0.0,0.0,-0.20980547216545622
241,3,0.0,0.0,0.0,0.0,0.0
241,4,0.0,0.0,0.0,0.0,0.0
242,0,0.0,-0.003105662190504787,0.0,0.0,-5.040254820690424
242,1,0.0,0.0,-9.507994047191198e-05,0.0,-0.5689956733477627
242,2,0.0,0.0,0.0,0.0,-0.20980547216545622
242,3,0.0,0.0,0.0,0.0,0.0
242,4,0.0,0.0,0.0,0.0,0.0
243,0,0.0,-0.003105662190504787,0.0,0.0,-5.060417674163615
243,1,0.0,0.0,-9.507994047191198e-05,0.0,-0.5689956733477627
243,2,0.0,0.0,0.0,0.0,-0.20980547216545622
243,3,0.0,0.0,0.0,0.0,0.0
243,4,0.0,0.0,0.0,0.0,0.0
244,0,0.0,-0.003105662190504787,0.0,0.0,-5.073018500712108
244,1,0.0,0.0,-9.507994047191198e-05,0.0,-0.5689956733477627
244,2,0.0,0.0,0.0,0.0,-0.20980547216545622
244,3,0.0,0.0,0.0,0.0,0.0
244,4,0.0,0.0,0.0,0.0,0.0
245,0,0.0,-0.003105662190504787,0.0,0.0,-5.093082519753255
245,1,0.0,0.0,-9.507994047191198e-05,0.0,-0.5689956733477627
245,2,0.0,0.0,0.0,0.0,-0.20980547216545622
245,3,0.0,0.0,0.0,0.0,0.0
245,4,0.0,0.0,0.0,0.0,0.0
246,0,0.0,-0.003105662190504787,0.0,0.0,-5.115584860918204
246,1,0.0,0.0,-9.507994047191198e-05,0.0,-0.5689956733477627
246,2,0.0,0.0,0.0,0.0,-0.20980547216545622
246,3,0.0,0.0,0.0,0.0,0.0
246,4,0.0,0.0,0.0,0.0,0.0
247,0,0.0,-0.003105662190504787,0.0,0.0,-5.14301741215312
247,1,0.0,0.0,-9.507994047191198e-05,0.0,-0.5689956733477627
247,2,0.0,0.0,0.0,0.0,-0.20980547216545622
247,3,0.0,0.0,0.0,0.0,0.0
247,4,0.0,0.0,0.0,0.0,0.0
248,0,0.0,-0.003105662190504787,0.0,0.0,-5.157863759261169
248,1,0.0,0.0,-9.507994047191198e-05,0.0,-0.5689956733477627
248,2,0.0,0.0,0.0,0.0,-0.20980547216545622
248,3,0.0,0.0,0.0,0.0,0.0
248,4,0.0,0.0,0.0,0.0,0.0
249,0,0.0,-0.003105662190504787,0.0,0.0,-5.18516587728391
249,1,0.0,0.0,-9.507994047191198e-05,0.0,-0.5689956733477627
249,2,0.0,0.0,0.0,0.0,-0.20980547216545622
249,3,0.0,0.0,0.0,0.0,0.0
249,4,0.0,0.0,0.0,0.0,0.0
250,0,0.0,-0.003105662190504787,0.0,0.0,-5.1923822584973065
250,1,0.0,0.0,-9.507994047191198e-05,0.0,-0.5689956733477627
250,2,0.0,0.0,0.0,0.0,-0.20980547216545622
250,3,0.0,0.0,0.0,0.0,0.0
250,4,0.0,0.0,0.0,0.0,0.0
251,0,0.0,-0.003105662190504787,0.0,0.0,-5.197150679568977
251,1,0.0,0.0,-9.507994047191198e-05,0.0,-0.5689956733477627
251,2,0.0,0.0,0.0,0.0,-0.20980547216545622
251,3,0.0,0.0,0.0,0.0,0.0
251,4,0.0,0.0,0.0,0.0,0.0
252,0,0.0,-0.003105662190504787,0.0,0.0,-5.209337579999942
252,1,0.0,0.0,-9.507994047191198e-05,0.0,-0.5689956733477627
252,2,0.0,0.0,0.0,0.0,-0.20980547216545622
252,3,0.0,0.0,0.0,0.0,0.0
252,4,0.0,0.0,0.0,0.0,0.0
253,0,0.0,-0.0036350007064491242,0.0,0.0,-5.209337579999942
253,1,0.0,0.0,-9.507994047191198e-05,0.0,-0.5958557953480892
253,2,0.0,0.0,0.0,0.0,-0.20980547216545622
253,3,0.0,0.0,0.0,0.0,0.0
253,4,0.0,0.0,0.0,0.0,0.0
254,0,0.0,-0.0036350007064491242,0.0,0.0,-5.221489138366277
254,1,0.0,0.0,-9.507994047191198e-05,0.0,-0.5958557953480892
254,2,0.0,0.0,0.0,0.0,-0.20980547216545622
254,3,0.0,0.0,0.0,0.0,0.0
254,4,0.0,0.0,0.0,0.0,0.0
255,0,0.0,-0.0036350007064491242,0.0,0.0,-5.2411054762527725
255,1,0.0,0.0,-9.507994047191198e-05,0.0,-0.5958557953480892
255,2,0.0,0.0,0.0,0.0,-0.20980547216545622
255,3,0.0,0.0,0.0,0.0,0.0
255,4,0.0,0.0,0.0,0.0,0.0
256,0,0.0,-0.0036350007064491242,0.0,0.0,-5.2581617171883615
256,1,0.0,0.0,-9.507994047191198e-05,0.0,-0.5958557953480892
256,2,0.0,0.0,0.0,0.0,-0.20980547216545622
256,3,0.0,0.0,0.0,0.0,0.0
256,4,0.0,0.0,0.0,0.0,0.0
257,0,0.0,-0.0036350007064491242,0.0,0.0,-5.270166408106434
257,1,0.0,0.0,-9.507994047191198e-05,0.0,-0.5958557953480892
257,2,0.0,0.0,0.0,0.0,-0.20980547216545622
257,3,0.0,0.0,0.0,0.0,0.0
257,4,0.0,0.0,0.0,0.0,0.0
258,0,0.0,-0.0036350007064491242,0.0,0.0,-5.287136396398735
258,1,0.0,0.0,-9.507994047191198e-05,0.0,-0.5958557953480892
258,2,0.0,0.0,0.0,0.0,-0.20980547216545622
258,3,0.0,0.0,0.0,0.0,0.0
258,4,0.0,0.0,0.0,0.0,0.0
259,0,0.0,-0.0036350007064491242,0.0,0.0,-5.314055136137918
259,1,0.0,0.0,-9.507994047191198e-05,0.0,-0.5958557953480892
259,2,0.0,0.0,0.0,0.0,-0.20980547216545622
259,3,0.0,0.0,0.0,0.0,0.0
259,4,0.0,0.0,0.0,0.0,0.0
260,0,0.0,-0.0036350007064491242,0.0,0.0,-5.325889478370995
260,1,0.0,0.0,-9.507994047191198e-05,0.0,-0.5958557953480892
260,2,0.0,0.0,0.0,0.0,-0.20980547216545622
260,3,0.0,0.0,0.0,0.0,0.0
260,4,0.0,0.0,0.0,0.0,0.0
261,0,0.0,-0.0036350007064491242,0.0,0.0,-5.34268972374751
261,1,0.0,0.0,-9.507994047191198e-05,0.0,-0.5958557953480892
261,2,0.0,0.0,0.0,0.0,-0.20980547216545622
261,3,0.0,0.0,0.0,0.0,0.0
261,4,0.0,0.0,0.0,0.0,0.0
262,0,0.0,-0.0036350007064491242,0.0,0.0,-5.354439324000129
262,1,0.0,0.0,-9.507994047191198e-05,0.0,-0.5958557953480892
262,2,0.0,0.0,0.0,0.0,-0.20980547216545622
262,3,0.0,0.0,0.0,0.0,0.0
262,4,0.0,0.0,0.0,0.0,0.0
263,0,0.0,-0.0036350007064491242,0.0,0.0,-5.358799363478025
263,1,0.0,0.0,-9.507994047191198e-05,0.0,-0.5958557953480892
263,2,0.0,0.0,0.0,0.0,-0.20980547216545622
263,3,0.0,0.0,0.0,0.0,0.0
263,4,0.0,0.0,0.0,0.0,0.0
264,0,0.0,-0.0036350007064491242,0.0,0.0,-5.380505787115234
264,1,0.0,0.0,-9.507994047191198e-05,0.0,-0.5958557953480892
264,2,0.0,0.0,0.0,0.0,-0.20980547216545622
264,3,0.0,0.0,0.0,0.0,0.0
264,4,0.0,0.0,0.0,0.0,0.0
265,0,0.0,-0.0036350007064491242,0.0,0.0,-5.38964521986483
265,1,0.0,0.0,-9.507994047191198e-05,0.0,-0.5958557953480892
265,2,0.0,0.0,0.0,0.0,-0.20980547216545622
265,3,0.0,0.0,0.0,0.0,0.0
265,4,0.0,0.0,0.0,0.0,0.0
266,0,0.0,-0.0036350007064491242,0.0,0.0,-5.411259564526234
266,1,0.0,0.0,-9.507994047191198e-05,0.0,-0.5958557953480892
266,2,0.0,0.0,0.0,0.0,-0.20980547216545622
266,3,0.0,0.0,0.0,0.0,0.0
266,4,0.0,0.0,0.0,0.0,0.0
267,0,0.0,-0.0036350007064491242,0.0,0.0,-5.430307241422583
267,1,0.0,0.0,-9.507994047191198e-05,0.0,-0.5958557953480892
267,2,0.0,0.0,0.0,0.0,-0.20980547216545622
267,3,0.0,0.0,0.0,0.0,0.0
267,4,0.0,0.0,0.0,0.0,0.0
268,0,0.0,-0.0036350007064491242,0.0,0.0,-5.451796821987015
268,1,0.0,0.0,-9.507994047191198e-05,0.0,-0.5958557953480892
268,2,0.0,0.0,0.0,0.0,-0.20980547216545622
268,3,0.0,0.0,0.0,0.0,0.0
268,4,0.0,0.0,0.0,0.0,0.0
269,0,0.0,-0.0036350007064491242,0.0,0.0,-5.478220180416229
269,1,0.0,0.0,-9.507994047191198e-05,0.0,-0.5958557953480892
269,2,0.0,0.0,0.0,0.0,-0.20980547216545622
269,3,0.0,0.0,0.0,0.0,0.0
269,4,0.0,0.0,0.0,0.0,0.0
270,0,0.0,-0.0036350007064491242,0.0,0.0,-5.504560888819575
270,1,0.0,0.0,-9.507994047191198e-05,0.0,-0.5958557953480892
270,2,0.0,0.0,0.0,0.0,-0.20980547216545622
270,3,0.0,0.0,0.0,0.0,0.0
270,4,0.0,0.0,0.0,0.0,0.0
271,0,0.0,-0.0036350007064491242,0.0,0.0,-5.5133192459384155
271,1,0.0,0.0,-9.507994047191198e-05,0.0,-0.5958557953480892
271,2,0.0,0.0,0.0,0.0,-0.20980547216545622
271,3,0.0,0.0,0.0,0.0,0.0
271,4,0.0,0.0,0.0,0.0,0.0
272,0,0.0,-0.0036350007064491242,0.0,0.0,-5.517313877631782
272,1,0.0,0.0,-9.507994047191198e-05,0.0,-0.5958557953480892
272,2,0.0,0.0,0.0,0.0,-0.20980547216545622
272,3,0.0,0.0,0.0,0.0,0.0
272,4,0.0,0.0,0.0,0.0,0.0
273,0,0.0,-0.0036350007064491242,0.0,0.0,-5.543540298262355
273,1,0.0,0.0,-9.507994047191198e-05,0.0,-0.5958557953480892
273,2,0.0,0.0,0.0,0.0,-0.20980547216545622
273,3,0.0,0.0,0.0,0.0,0.0
273,4,0.0,0.0,0.0,0.0,0.0
274,0,0.0,-0.0036350007064491242,0.0,0.0,-5.564684763626308
274,1,0.0,0.0,-9.507994047191198e-05,0.0,-0.5958557953480892
274,2,0.0,0.0,0.0,0.0,-0.20980547216545622
274,3,0.0,0.0,0.0,0.0,0.0
274,4,0.0,0.0,0.0,0.0,0.0
275,0,0.0,-0.0036350007064491242,0.0,0.0,-5.578264234859113
275,1,0.0,0.0,-9.507994047191198e-05,0.0,-0.5958557953480892
275,2,0.0,0.0,0.0,0.0,-0.20980547216545622
275,3,0.0,0.0,0.0,0.0,0.0
275,4,0.0,0.0,0.0,0.0,0.0
276,0,0.0,-0.0036350007064491242,0.0,0.0,-5.601803941984576
276,1,0.0,0.0,-9.507994047191198e-05,0.0,-0.5958557953480892
276,2,0.0,0.0,0.0,0.0,-0.20980547216545622
276,3,0.0,0.0,0.0,0.0,0.0
276,4,0.0,0.0,0.0,0.0,0.0
277,0,0.0,-0.0036350007064491242,0.0,0.0,-5.607775819398253
277,1,0.0,0.0,-9.507994047191198e-05,0.0,-0.5958557953480892
277,2,0.0,0.0,0.0,0.0,-0.20980547216545622
277,3,0.0,0.0,0.0,0.0,0.0
277,4,0.0,0.0,0.0,0.0,0.0
278,0,0.0,-0.0036350007064491242,0.0,0.0,-5.618728178415983
278,1,0.0,0.0,-9.507994047191198e-05,0.0,-0.5958557953480892
278,2,0.0,0.0,0.0,0.0,-0.20980547216545622
278,3,0.0,0.0,0.0,0.0,0.0
278,4,0.0,0.0,0.0,0.0,0.0
279,0,0.0,-0.0036350007064491242,0.0,0.0,-5.634649548540464
279,1,0.0,0.0,-9.507994047191198e-05,0.0,-0.5958557953480892
279,2,0.0,0.0,0.0,0.0,-0.20980547216545622
279,3,0.0,0.0,0.0,0.0,0.0
279,4,0.0,0.0,0.0,0.0,0.0
280,0,0.0,-0.0036350007064491242,0.0,0.0,-5.638390242134583
280,1,0.0,0.0,-9.507994047191198e-05,0.0,-0.5958557953480892
280,2,0.0,0.0,0.0,0.0,-0.20980547216545622
280,3,0.0,0.0,0.0,0.0,0.0
280,4,0.0,0.0,0.0,0.0,0.0
281,0,0.0,-0.0036350007064491242,0.0,0.0,-5.649256624710274
281,1,0.0,0.0,-9.507994047191198e-05,0.0,-0.5958557953480892
281,2,0.0,0.0,0.0,0.0,-0.20980547216545622
281,3,0.0,0.0,0.0,0.0,0.0
281,4,0.0,0.0,0.0,0.0,0.0
282,0,0.0,-0.0036350007064491242,0.0,0.0,-5.667592308393278
282,1,0.0,0.0,-9.507994047191198e-05,0.0,-0.5958557953480892
282,2,0.0,0.0,0.0,0.0,-0.20980547216545622
282,3,0.0,0.0,0.0,0.0,0.0
282,4,0.0,0.0,0.0,0.0,0.0
283,0,0.0,-0.0036350007064491242,0.0,0.0,-5.6908723993696
283,1,0.0,0.0,-9.507994047191198e-05,0.0,-0.5958557953480892
283,2,0.0,0.0,0.0,0.0,-0.20980547216545622
283,3,0.0,0.0,0.0,0.0,0.0
283,4,0.0,0.0,0.0,0.0,0.0
284,0,0.0,-0.0036350007064491242,0.0,0.0,-5.706580429702794
284,1,0.0,0.0,-9.507994047191198e-05,0.0,-0.5958557953480892
284,2,0.0,0.0,0.0,0.0,-0.20980547216545622
284,3,0.0,0.0,0.0,0.0,0.0
284,4,0.0,0.0,0.0,0.0,0.0
285,0,0.0,-0.0036350007064491242,0.0,0.0,-5.729741655846041
285,1,0.0,0.0,-9.507994047191198e-05,0.0,-0.5958557953480892
285,2,0.0,0.0,0.0,0.0,-0.20980547216545622
285,3,0.0,0.0,0.0,0.0,0.0
285,4,0.0,0.0,0.0,0.0,0.0
286,0,0.0,-0.0036350007064491242,0.0,0.0,-5.742831244319413
286,1,0.0,0.0,-9.507994047191198e-05,0.0,-0.5958557953480892
286,2,0.0,0.0,0.0,0.0,-0.20980547216545622
286,3,0.0,0.0,0.0,0.0,0.0
286,4,0.0,0.0,0.0,0.0,0.0
287,0,0.0,-0.0036350007064491242,0.0,0.0,-5.7533827824734916
287,1,0.0,0.0,-9.507994047191198e-05,0.0,-0.5958557953480892
287,2,0.0,0.0,0.0,0.0,-0.20980547216545622
287,3,0.0,0.0,0.0,0.0,0.0
287,4,0.0,0.0,0.0,0.0,0.0
288,0,0.0,-0.0036350007064491242,0.0,0.0,-5.776404734085474
288,1,0.0,0.0,-9.507994047191198e-05,0.0,-0.5958557953480892
288,2,0.0,0.0,0.0,0.0,-0.20980547216545622
288,3,0.0,0.0,0.0,0.0,0.0
288,4,0.0,0.0,0.0,0.0,0.0
289,0,0.0,-0.0036350007064491242,0.0,0.0,-5.791855535998012
289,1,0.0,0.0,-9.507994047191198e-05,0.0,-0.5958557953480892
289,2,0.0,0.0,0.0,0.0,-0.20980547216545622
289,3,0.0,0.0,0.0,0.0,0.0
289,4,0.0,0.0,0.0,0.0,0.0
290,0,0.0,-0.0036350007064491242,0.0,0.0,-5.8172604411631355
290,1,0.0,0.0,-9.507994047191198e-05,0.0,-0.5958557953480892
290,2,0.0,0.0,0.0,0.0,-0.20980547216545622
290,3,0.0,0.0,0.0,0.0,0.0
290,4,0.0,0.0,0.0,0.0,0.0
291,0,0.0,-0.0036350007064491242,0.0,0.0,-5.820654018922385
291,1,0.0,0.0,-9.507994047191198e-05,0.0,-0.5958557953480892
291,2,0.0,0.0,0.0,0.0,-0.20980547216545622
291,3,0.0,0.0,0.0,0.0,0.0
291,4,0.0,0.0,0.0,0.0,0.0
292,0,0.0,-0.0036350007064491242,0.0,0.0,-5.838473440199547
292,1,0.0,0.0,-9.507994047191198e-05,0.0,-0.5958557953480892
292,2,0.0,0.0,0.0,0.0,-0.20980547216545622
292,3,0.0,0.0,0.0,0.0,0.0
292,4,0.0,0.0,0.0,0.0,0.0
293,0,0.0,-0.0036350007064491242,0.0,0.0,-5.8537390927231945
293,1,0.0,0.0,-9.507994047191198e-05,0.0,-0.5958557953480892
293,2,0.0,0.0,0.0,0.0,-0.20980547216545622
293,3,0.0,0.0,0.0,0.0,0.0
293,4,0.0,0.0,0.0,0.0,0.0
294,0,0.0,-0.0036350007064491242,0.0,0.0,-5.866459499135759
294,1,0.0,0.0,-9.507994047191198e-05,0.0,-0.5958557953480892
294,2,0.0,0.0,0.0,0.0,-0.20980547216545622
294,3,0.0,0.0,0.0,0.0,0.0
294,4,0.0,0.0,0.0,0.0,0.0
295,0,0.0,-0.0036350007064491242,0.0,0.0,-5.874143150104005
295,1,0.0,0.0,-9.507994047191198e-05,0.0,-0.5958557953480892
295,2,0.0,0.0,0.0,0.0,-0.20980547216545622
295,3,0.0,0.0,0.0,0.0,0.0
295,4,0.0,0.0,0.0,0.0,0.0
296,0,0.0,-0.0036350007064491242,0.0,0.0,-5.881806836979291
296,1,0.0,0.0,-9.507994047191198e-05,0.0,-0.5958557953480892
296,2,0.0,0.0,0.0,0.0,-0.20980547216545622
296,3,0.0,0.0,0.0,0.0,0.0
296,4,0.0,0.0,0.0,0.0,0.0
297,0,0.0,-0.0036350007064491242,0.0,0.0,-5.894450623083921
297,1,0.0,0.0,-9.507994047191198e-05,0.0,-0.5958557953480892
297,2,0.0,0.0,0.0,0.0,-0.20980547216545622
297,3,0.0,0.0,0.0,0.0,0.0
297,4,0.0,0.0,0.0,0.0,0.0
298,0,0.0,-0.0036350007064491242,0.0,0.0,-5.902057906450928
298,1,0.0,0.0,-9.507994047191198e-05,0.0,-0.5958557953480892
298,2,0.0,0.0,0.0,0.0,-0.20980547216545622
298,3,0.0,0.0,0.0,0.0,0.0
298,4,0.0,0.0,0.0,0.0,0.0
299,0,0.0,-0.0036350007064491242,0.0,0.0,-5.927145477507085
299,1,0.0,0.0,-9.507994047191198e-05,0.0,-0.5958557953480892
299,2,0.0,0.0,0.0,0.0,-0.20980547216545622
299,3,0.0,0.0,0.0,0.0,0.0
299,4,0.0,0.0,0.0,0.0,0.0
300,0,0.0,-0.0036350007064491242,0.0,0.0,-5.94965507092719
300,1,0.0,0.0,-9.507994047191198e-05,0.0,-0.5958557953480892
300,2,0.0,0.0,0.0,0.0,-0.20980547216545622
300,3,0.0,0.0,0.0,0.0,0.0
300,4,0.0,0.0,0.0,0.0,0.0
301,0,0.0,-0.0036350007064491242,0.0,0.0,-5.959595300131914
301,1,0.0,0.0,-9.507994047191198e-05,0.0,-0.5958557953480892
301,2,0.0,0.0,0.0,0.0,-0.20980547216545622
301,3,0.0,0.0,0.0,0.0,0.0
301,4,0.0,0.0,0.0,0.0,0.0
302,0,0.0,-0.0036350007064491242,0.0,0.0,-5.97200807633255
302,1,0.0,0.0,-9.507994047191198e-05,0.0,-0.5958557953480892
302,2,0.0,0.0,0.0,0.0,-0.20980547216545622
302,3,0.0,0.0,0.0,0.0,0.0
302,4,0.0,0.0,0.0,0.0,0.0
303,0,0.0,-0.0036350007064491242,0.0,0.0,-5.984385158360879
303,1,0.0,0.0,-9.507994047191198e-05,0.0,-0.5958557953480892
303,2,0.0,0.0,0.0,0.0,-0.20980547216545622
303,3,0.0,0.0,0.0,0.0,0.0
303,4,0.0,0.0,0.0,0.0,0.0
304,0,0.0,-0.0036350007064491242,0.0,0.0,-5.991726668488389
304,1,0.0,0.0,-9.507994047191198e-05,0.0,-0.5958557953480892
304,2,0.0,0.0,0.0,0.0,-0.20980547216545622
304,3,0.0,0.0,0.0,0.0,0.0
304,4,0.0,0.0,0.0,0.0,0.0
305,0,0.0,-0.0036350007064491242,0.0,0.0,-5.994816799339681
305,1,0.0,0.0,-9.507994047191198e-05,0.0,-0.5958557953480892
305,2,0.0,0.0,0.0,0.0,-0.20980547216545622
305,3,0.0,0.0,0.0,0.0,0.0
305,4,0.0,0.0,0.0,0.0,0.0
306,0,0.0,-0.0036350007064491242,0.0,0.0,-6.014633947681923
306,1,0.0,0.0,-9.507994047191198e-05,0.0,-0.5958557953480892
306,2,0.0,0.0,0.0,0.0,-0.20980547216545622
306,3,0.0,0.0,0.0,0.0,0.0
306,4,0.0,0.0,0.0,0.0,0.0
307,0,0.0,-0.0036350007064491242,0.0,0.0,-6.031890719551983
307,1,0.0,0.0,-9.507994047191198e-05,0.0,-0.5958557953480892
307,2,0.0,0.0,0.0,0.0,-0.20980547216545622
307,3,0.0,0.0,0.0,0.0,0.0
307,4,0.0,0.0,0.0,0.0,0.0
308,0,0.0,-0.0036350007064491242,0.0,0.0,-6.04909566232947
308,1,0.0,0.0,-9.507994047191198e-05,0.0,-0.5958557953480892
308,2,0.0,0.0,0.0,0.0,-0.20980547216545622
308,3,0.0,0.0,0.0,0.0,0.0
308,4,0.0,0.0,0.0,0.0,0.0
309,0,0.0,-0.0036350007064491242,0.0,0.0,-6.063748958787004
309,1,0.0,0.0,-9.507994047191198e-05,0.0,-0.5958557953480892
309,2,0.0,0.0,0.0,0.0,-0.20980547216545622
309,3,0.0,0.0,0.0,0.0,0.0
309,4,0.0,0.0,0.0,0.0,0.0
310,0,0.0,-0.0036350007064491242,0.0,0.0,-6.080859123527271
310,1,0.0,0.0,-9.507994047191198e-05,0.0,-0.5958557953480892
310,2,0.0,0.0,0.0,0.0,-0.20980547216545622
310,3,0.0,0.0,0.0,0.0,0.0
310,4,0.0,0.0,0.0,0.0,0.0
311,0,0.0,-0.0036350007064491242,0.0,0.0,-6.087917974144794
311,1,0.0,0.0,-9.507994047191198e-05,0.0,-0.5958557953480892
311,2,0.0,0.0,0.0,0.0,-0.20980547216545622
311,3,0.0,0.0,0.0,0.0,0.0
311,4,0.0,0.0,0.0,0.0,0.0
312,0,0.0,-0.0036350007064491242,0.0,0.0,-6.0949590215682194
312,1,0.0,0.0,-9.507994047191198e-05,0.0,-0.5958557953480892
312,2,0.0,0.0,0.0,0.0,-0.20980547216545622
312,3,0.0,0.0,0.0,0.0,0.0
312,4,0.0,0.0,0.0,0.0,0.0
313,0,0.0,-0.0036350007064491242,0.0,0.0,-6.1144823209264665
313,1,0.0,0.0,-9.507994047191198e-05,0.0,-0.5958557953480892
313,2,0.0,0.0,0.0,0.0,-0.20980547216545622
313,3,0.0,0.0,0.0,0.0,0.0
313,4,0.0,0.0,0.0,0.0,0.0
314,0,0.0,-0.0036350007064491242,0.0,0.0,-6.117376748563629
314,1,0.0,0.0,-9.507994047191198e-05,0.0,-0.5958557953480892
314,2,0.0,0.0,0.0,0.0,-0.20980547216545622
314,3,0.0,0.0,0.0,0.0,0.0
314,4,0.0,0.0,0.0,0.0,0.0
315,0,0.0,-0.0036350007064491242,0.0,0.0,-6.134335644658035
315,1,0.0,0.0,-9.507994047191198e-05,0.0,-0.5958557953480892
315,2,0.0,0.0,0.0,0.0,-0.20980547216545622
315,3,0.0,0.0,0.0,0.0,0.0
315,4,0.0,0.0,0.0,0.0,0.0
316,0,0.0,-0.0036350007064491242,0.0,0.0,-6.1462437392414255
316,1,0.0,0.0,-9.507994047191198e-05,0.0,-0.5958557953480892
316,2,0.0,0.0,0.0,0.0,-0.20980547216545622
316,3,0.0,0.0,0.0,0.0,0.0
316,4,0.0,0.0,0.0,0.0,0.0
317,0,0.0,-0.0036350007064491242,0.0,0.0,-6.170617876259922
317,1,0.0,0.0,-9.507994047191198e-05,0.0,-0.5958557953480892
317,2,0.0,0.0,0.0,0.0,-0.20980547216545622
317,3,0.0,0.0,0.0,0.0,0.0
317,4,0.0,0.0,0.0,0.0,0.0
318,0,0.0,-0.0036350007064491242,0.0,0.0,-6.175084763655915
318,1,0.0,0.0,-9.507994047191198e-05,0.0,-0.5958557953480892
318,2,0.0,0.0,0.0,0.0,-0.20980547216545622
318,3,0.0,0.0,0.0,0.0,0.0
318,4,0.0,0.0,0.0,0.0,0.0
319,0,0.0,-0.0036350007064491242,0.0,0.0,-6.179542429361776
319,1,0.0,0.0,-9.507994047191198e-05,0.0,-0.5958557953480892
319,2,0.0,0.0,0.0,0.0,-0.20980547216545622
319,3,0.0,0.0,0.0,0.0,0.0
319,4,0.0,0.0,0.0,0.0,0.0
320,0,0.0,-0.0036350007064491242,0.0,0.0,-6.183990897290772
320,1,0.0,0.0,-9.507994047191198e-05,0.0,-0.5958557953480892
320,2,0.0,0.0,0.0,0.0,-0.20980547216545622
320,3,0.0,0.0,0.0,0.0,0.0
320,4,0.0,0.0,0.0,0.0,0.0
321,0,0.0,-0.0036350007064491242,0.0,0.0,-6.195761482680849
321,1,0.0,0.0,-9.507994047191198e-05,0.0,-0.5958557953480892
321,2,0.0,0.0,0.0,0.0,-0.20980547216545622
321,3,0.0,0.0,0.0,0.0,0.0
321,4,0.0,0.0,0.0,0.0,0.0
322,0,0.0,-0.0036350007064491242,0.0,0.0,-6.2199985703770775
322,1,0.0,0.0,-9.507994047191198e-05,0.0,-0.5958557953480892
322,2,0.0,0.0,0.0,0.0,-0.20980547216545622
322,3,0.0,0.0,0.0,0.0,0.0
322,4,0.0,0.0,0.0,0.0,0.0
323,0,0.0,-0.0036350007064491242,0.0,0.0,-6.236660611720283
323,1,0.0,0.0,-9.507994047191198e-05,0.0,-0.5958557953480892
323,2,0.0,0.0,0.0,0.0,-0.20980547216545622
323,3,0.0,0.0,0.0,0.0,0.0
323,4,0.0,0.0,0.0,0.0,0.0
324,0,0.0,-0.0036350007064491242,0.0,0.0,-6.248272874102865
324,1,0.0,0.0,-9.507994047191198e-05,0.0,-0.5958557953480892
324,2,0.0,0.0,0.0,0.0,-0.20980547216545622
324,3,0.0,0.0,0.0,0.0,0.0
324,4,0.0,0.0,0.0,0.0,0.0
325,0,0.0,-0.0036350007064491242,0.0,0.0,-6.250965370894454
325,1,0.0,0.0,-9.507994047191198e-05,0.0,-0.5958557953480892
325,2,0.0,0.0,0.0,0.0,-0.20980547216545622
325,3,0.0,0.0,0.0,0.0,0.0
325,4,0.0,0.0,0.0,0.0,0.0
326,0,0.0,-0.0036350007064491242,0.0,0.0,-6.265040176752663
326,1,0.0,0.0,-9.507994047191198e-05,0.0,-0.5958557953480892
326,2,0.0,0.0,0.0,0.0,-0.20980547216545622
326,3,0.0,0.0,0.0,0.0,0.0
326,4,0.0,0.0,0.0,0.0,0.0
327,0,0.0,-0.0036350007064491242,0.0,0.0,-6.274073832297544
327,1,0.0,0.0,-9.507994047191198e-05,0.0,-0.5958557953480892
327,2,0.0,0.0,0.0,0.0,-0.20980547216545622
327,3,0.0,0.0,0.0,0.0,0.0
327,4,0.0,0.0,0.0,0.0,0.0
328,0,0.0,-0.0036350007064491242,0.0,0.0,-6.293083145251944
328,1,0.0,0.0,-9.507994047191198e-05,0.0,-0.5958557953480892
328,2,0.0,0.0,0.0,0.0,-0.20980547216545622
328,3,0.0,0.0,0.0,0.0,0.0
328,4,0.0,0.0,0.0,0.0,0.0
329,0,0.0,-0.0036350007064491242,0.0,0.0,-6.304534865114766
329,1,0.0,0.0,-9.507994047191198e-05,0.0,-0.5958557953480892
329,2,0.0,0.0,0.0,0.0,-0.20980547216545622
329,3,0.0,0.0,0.0,0.0,0.0
329,4,0.0,0.0,0.0,0.0,0.0
330,0,0.0,-0.0036350007064491242,0.0,0.0,-6.323454193797686
330,1,0.0,0.0,-9.507994047191198e-05,0.0,-0.5958557953480892
330,2,0.0,0.0,0.0,0.0,-0.20980547216545622
330,3,0.0,0.0,0.0,0.0,0.0
330,4,0.0,0.0,0.0,0.0,0.0
331,0,0.0,-0.0036350007064491242,0.0,0.0,-6.3473162434978345
331,1,0.0,0.0,-9.507994047191198e-05,0.0,-0.5958557953480892
331,2,0.0,0.0,0.0,0.0,-0.20980547216545622
331,3,0.0,0.0,0.0,0.0,0.0
331,4,0.0,0.0,0.0,0.0,0.0
332,0,0.0,-0.0036350007064491242,0.0,0.0,-6.368604552266326
332,1,0.0,0.0,-9.507994047191198e-05,0.0,-0.5958557953480892
332,2,0.0,0.0,0.0,0.0,-0.20980547216545622
332,3,0.0,0.0,0.0,0.0,0.0
332,4,0.0,0.0,0.0,0.0,0.0
333,0,0.0,-0.0036350007064491242,0.0,0.0,-6.3898277174557645
333,1,0.0,0.0,-9.507994047191198e-05,0.0,-0.5958557953480892
333,2,0.0,0.0,0.0,0.0,-0.20980547216545622
333,3,0.0,0.0,0.0,0.0,0.0
333,4,0.0,0.0,0.0,0.0,0.0
334,0,0.0,-0.0036350007064491242,0.0,0.0,-6.410985971612072
334,1,0.0,0.0,-9.507994047191198e-05,0.0,-0.5958557953480892
334,2,0.0,0.0,0.0,0.0,-0.20980547216545622
334,3,0.0,0.0,0.0,0.0,0.0
334,4,0.0,0.0,0.0,0.0,0.0
335,0,0.0,-0.0036350007064491242,0.0,0.0,-6.427079546380009
335,1,0.0,0.0,-9.507994047191198e-05,0.0,-0.5958557953480892
335,2,0.0,0.0,0.0,0.0,-0.20980547216545622
335,3,0.0,0.0,0.0,0.0,0.0
335,4,0.0,0.0,0.0,0.0,0.0
336,0,0.0,-0.0036350007064491242,0.0,0.0,-6.443125337571579
336,1,0.0,0.0,-9.507994047191198e-05,0.0,-0.5958557953480892
336,2,0.0,0.0,0.0,0.0,-0.20980547216545622
336,3,0.0,0.0,0.0,0.0,0.0
336,4,0.0,0.0,0.0,0.0,0.0
337,0,0.0,-0.0036350007064491242,0.0,0.0,-6.449131496434233
337,1,0.0,0.0,-9.507994047191198e-05,0.0,-0.5958557953480892
337,2,0.0,0.0,0.0,0.0,-0.20980547216545622
337,3,0.0,0.0,0.0,0.0,0.0
337,4,0.0,0.0,0.0,0.0,0.0
338,0,0.0,-0.0036350007064491242,0.0,0.0,-6.4651155129236395
338,1,0.0,0.0,-9.507994047191198e-05,0.0,-0.5958557953480892
338,2,0.0,0.0,0.0,0.0,-0.20980547216545622
338,3,0.0,0.0,0.0,0.0,0.0
338,4,0.0,0.0,0.0,0.0,0.0
339,0,0.0,-0.0036350007064491242,0.0,0.0,-6.473552121230803
339,1,0.0,0.0,-9.507994047191198e-05,0.0,-0.5958557953480892
339,2,0.0,0.0,0.0,0.0,-0.20980547216545622
339,3,0.0,0.0,0.0,0.0,0.0
339,4,0.0,0.0,0.0,0.0,0.0
340,0,0.0,-0.0036350007064491242,0.0,0.0,-6.494466484904134
340,1,0.0,0.0,-9.507994047191198e-05,0.0,-0.5958557953480892
340,2,0.0,0.0,0.0,0.0,-0.20980547216545622
340,3,0.0,0.0,0.0,0.0,0.0
340,4,0.0,0.0,0.0,0.0,0.0
341,0,0.0,-0.0036350007064491242,0.0,0.0,-6.505317012866577
341,1,0.0,0.0,-9.507994047191198e-05,0.0,-0.5958557953480892
341,2,0.0,0.0,0.0,0.0,-0.20980547216545622
341,3,0.0,0.0,0.0,0.0,0.0
341,4,0.0,0.0,0.0,0.0,0.0
342,0,0.0,-0.0036350007064491242,0.0,0.0,-6.507660341298428
342,1,0.0,0.0,-9.507994047191198e-05,0.0,-0.5958557953480892
342,2,0.0,0.0,0.0,0.0,-0.20980547216545622
342,3,0.0,0.0,0.0,0.0,0.0
342,4,0.0,0.0,0.0,0.0,0.0
343,0,0.0,-0.0036350007064491242,0.0,0.0,-6.530976979360298
343,1,0.0,0.0,-9.507994047191198e-05,0.0,-0.5958557953480892
343,2,0.0,0.0,0.0,0.0,-0.20980547216545622
343,3,0.0,0.0,0.0,0.0,0.0
343,4,0.0,0.0,0.0,0.0,0.0
344,0,0.0,-0.0036350007064491242,0.0,0.0,-6.534687553198704
344,1,0.0,0.0,-9.507994047191198e-05,0.0,-0.5958557953480892
344,2,0.0,0.0,0.0,0.0,-0.20980547216545622
344,3,0.0,0.0,0.0,0.0,0.0
344,4,0.0,0.0,0.0,0.0,0.0
345,0,0.0,-0.0036350007064491242,0.0,0.0,-6.550425276484886
345,1,0.0,0.0,-9.507994047191198e-05,0.0,-0.5958557953480892
345,2,0.0,0.0,0.0,0.0,-0.20980547216545622
345,3,0.0,0.0,0.0,0.0,0.0
345,4,0.0,0.0,0.0,0.0,0.0
346,0,0.0,-0.0036350007064491242,0.0,0.0,-6.556135772888845
346,1,0.0,0.0,-9.507994047191198e-05,0.0,-0.5958557953480892
346,2,0.0,0.0,0.0,0.0,-0.20980547216545622
346,3,0.0,0.0,0.0,0.0,0.0
346,4,0.0,0.0,0.0,0.0,0.0
347,0,0.0,-0.0036350007064491242,0.0,0.0,-6.576813773746808
347,1,0.0,0.0,-9.507994047191198e-05,0.0,-0.5958557953480892
347,2,0.0,0.0,0.0,0.0,-0.20980547216545622
347,3,0.0,0.0,0.0,0.0,0.0
347,4,0.0,0.0,0.0,0.0,0.0
348,0,0.0,-0.0036350007064491242,0.0,0.0,-6.582451976277657
348,1,0.0,0.0,-9.507994047191198e-05,0.0,-0.5958557953480892
348,2,0.0,0.0,0.0,0.0,-0.20980547216545622
348,3,0.0,0.0,0.0,0.0,0.0
348,4,0.0,0.0,0.0,0.0,0.0
349,0,0.0,-0.0036350007064491242,0.0,0.0,-6.595554033285576
349,1,0.0,0.0,-9.507994047191198e-05,0.0,-0.5958557953480892
349,2,0.0,0.0,0.0,0.0,-0.20980547216545622
349,3,0.0,0.0,0.0,0.0,0.0
349,4,0.0,0.0,0.0,0.0,0.0
350,0,0.0,-0.0036350007064491242,0.0,0.0,-6.611118323809206
350,1,0.0,0.0,-9.507994047191198e-05,0.0,-0.5958557953480892
350,2,0.0,0.0,0.0,0.0,-0.20980547216545622
350,3,0.0,0.0,0.0,0.0,0.0
350,4,0.0,0.0,0.0,0.0,0.0
351,0,0.0,-0.0036350007064491242,0.0,0.0,-6.6316366450846544
351,1,0.0,0.0,-9.507994047191198e-05,0.0,-0.5958557953480892
351,2,0.0,0.0,0.0,0.0,-0.20980547216545622
351,3,0.0,0.0,0.0,0.0,0.0
351,4,0.0,0.0,0.0,0.0,0.0
352,0,0.0,-0.0036350007064491242,0.0,0.0,-6.64709249256976
352,1,0.0,0.0,-9.507994047191198e-05,0.0,-0.5958557953480892
352,2,0.0,0.0,0.0,0.0,-0.20980547216545622
352,3,0.0,0.0,0.0,0.0,0.0
352,4,0.0,0.0,0.0,0.0,0.0
353,0,0.0,-0.0036350007064491242,0.0,0.0,-6.650589582357387
353,1,0.0,0.0,-9.507994047191198e-05,0.0,-0.5958557953480892
353,2,0.0,0.0,0.0,0.0,-0.20980547216545622
353,3,0.0,0.0,0.0,0.0,0.0
353,4,0.0,0.0,0.0,0.0,0.0
354,0,0.0,-0.0036350007064491242,0.0,0.0,-6.654080292079024
354,1,0.0,0.0,-9.507994047191198e-05,0.0,-0.5958557953480892
354,2,0.0,0.0,0.0,0.0,-0.20980547216545622
354,3,0.0,0.0,0.0,0.0,0.0
354,4,0.0,0.0,0.0,0.0,0.0
355,0,0.0,-0.0036350007064491242,0.0,0.0,-6.657564636391055
355,1,0.0,0.0,-9.507994047191198e-05,0.0,-0.5958557953480892
355,2,0.0,0.0,0.0,0.0,-0.20980547216545622
355,3,0.0,0.0,0.0,0.0,0.0
355,4,0.0,0.0,0.0,0.0,0.0
356,0,0.0,-0.0036350007064491242,0.0,0.0,-6.661042629908959
356,1,0.0,0.0,-9.507994047191198e-05,0.0,-0.5958557953480892
356,2,0.0,0.0,0.0,0.0,-0.20980547216545622
356,3,0.0,0.0,0.0,0.0,0.0
356,4,0.0,0.0,0.0,0.0,0.0
357,0,0.0,-0.0036350007064491242,0.0,0.0,-6.664514287207435
357,1,0.0,0.0,-9.507994047191198e-05,0.0,-0.5958557953480892
357,2,0.0,0.0,0.0,0.0,-0.20980547216545622
357,3,0.0,0.0,0.0,0.0,0.0
357,4,0.0,0.0,0.0,0.0,0.0
358,0,0.0,-0.0036350007064491242,0.0,0.0,-6.6823923087000345
358,1,0.0,0.0,-9.507994047191198e-05,0.0,-0.5958557953480892
358,2,0.0,0.0,0.0,0.0,-0.20980547216545622
358,3,0.0,0.0,0.0,0.0,0.0
358,4,0.0,0.0,0.0,0.0,0.0
359,0,0.0,-0.0036350007064491242,0.0,0.0,-6.684505972153786
359,1,0.0,0.0,-9.507994047191198e-05,0.0,-0.5958557953480892
359,2,0.0,0.0,0.0,0.0,-0.20980547216545622
359,3,0.0,0.0,0.0,0.0,0.0
359,4,0.0,0.0,0.0,0.0,0.0
360,0,0.0,-0.0036350007064491242,0.0,0.0,-6.707327263948833
360,1,0.0,0.0,-9.507994047191198e-05,0.0,-0.5958557953480892
360,2,0.0,0.0,0.0,0.0,-0.20980547216545622
360,3,0.0,0.0,0.0,0.0,0.0
360,4,0.0,0.0,0.0,0.0,0.0
361,0,0.0,-0.0036350007064491242,0.0,0.0,-6.722578399074058
361,1,0.0,0.0,-9.507994047191198e-05,0.0,-0.5958557953480892
361,2,0.0,0.0,0.0,0.0,-0.20980547216545622
361,3,0.0,0.0,0.0,0.0,0.0
361,4,0.0,0.0,0.0,0.0,0.0
362,0,0.0,-0.0036350007064491242,0.0,0.0,-6.745284626373594
362,1,0.0,0.0,-9.507994047191198e-05,0.0,-0.5958557953480892
362,2,0.0,0.0,0.0,0.0,-0.20980547216545622
362,3,0.0,0.0,0.0,0.0,0.0
362,4,0.0,0.0,0.0,0.0,0.0
363,0,0.0,-0.0036350007064491242,0.0,0.0,-6.750481195896349
363,1,0.0,0.0,-9.507994047191198e-05,0.0,-0.5958557953480892
363,2,0.0,0.0,0.0,0.0,-0.20980547216545622
363,3,0.0,0.0,0.0,0.0,0.0
363,4,0.0,0.0,0.0,0.0,0.0
364,0,0.0,-0.0036350007064491242,0.0,0.0,-6.770606213230773
364,1,0.0,0.0,-9.507994047191198e-05,0.0,-0.5958557953480892
364,2,0.0,0.0,0.0,0.0,-0.20980547216545622
364,3,0.0,0.0,0.0,0.0,0.0
364,4,0.0,0.0,0.0,0.0,0.0
365,0,0.0,-0.0036350007064491242,0.0,0.0,-6.772614835279117
365,1,0.0,0.0,-9.507994047191198e-05,0.0,-0.5958557953480892
365,2,0.0,0.0,0.0,0.0,-0.20980547216545622
365,3,0.0,0.0,0.0,0.0,0.0
365,4,0.0,0.0,0.0,0.0,0.0
366,0,0.0,-0.0036350007064491242,0.0,0.0,-6.775896692440602
366,1,0.0,0.0,-9.507994047191198e-05,0.0,-0.5958557953480892
366,2,0.0,0.0,0.0,0.0,-0.20980547216545622
366,3,0.0,0.0,0.0,0.0,0.0
366,4,0.0,0.0,0.0,0.0,0.0
367,0,0.0,-0.0036350007064491242,0.0,0.0,-6.781019453579819
367,1,0.0,0.0,-9.507994047191198e-05,0.0,-0.5958557953480892
367,2,0.0,0.0,0.0,0.0,-0.20980547216545622
367,3,0.0,0.0,0.0,0.0,0.0
367,4,0.0,0.0,0.0,0.0,0.0
368,0,0.0,-0.0036350007064491242,0.0,0.0,-6.788563434086854
368,1,0.0,0.0,-9.507994047191198e-05,0.0,-0.5958557953480892
368,2,0.0,0.0,0.0,0.0,-0.20980547216545622
368,3,0.0,0.0,0.0,0.0,0.0
368,4,0.0,0.0,0.0,0.0,0.0
369,0,0.0,-0.0036350007064491242,0.0,0.0,-6.798588207276492
369,1,0.0,0.0,-9.507994047191198e-05,0.0,-0.5958557953480892
369,2,0.0,0.0,0.0,0.0,-0.20980547216545622
369,3,0.0,0.0,0.0,0.0,0.0
369,4,0.0,0.0,0.0,0.0,0.0
370,0,0.0,-0.0036350007064491242,0.0,0.0,-6.8005589621415385
370,1,0.0,0.0,-9.507994047191198e-05,0.0,-0.5958557953480892
370,2,0.0,0.0,0.0,0.0,-0.20980547216545622
370,3,0.0,0.0,0.0,0.0,0.0
370,4,0.0,0.0,0.0,0.0,0.0
371,0,0.0,-0.0036350007064491242,0.0,0.0,-6.805625066285857
371,1,0.0,0.0,-9.507994047191198e-05,0.0,-0.5958557953480892
371,2,0.0,0.0,0.0,0.0,-0.20980547216545622
371,3,0.0,0.0,0.0,0.0,0.0
371,4,0.0,0.0,0.0,0.0,0.0
372,0,0.0,-0.0036350007064491242,0.0,0.0,-6.828108605313871
372,1,0.0,0.0,-9.507994047191198e-05,0.0,-0.5958557953480892
372,2,0.0,0.0,0.0,0.0,-0.20980547216545622
372,3,0.0,0.0,0.0,0.0,0.0
372,4,0.0,0.0,0.0,0.0,0.0
373,0,0.0,-0.0036350007064491242,0.0,0.0,-6.845523127304266
373,1,0.0,0.0,-9.507994047191198e-05,0.0,-0.5958557953480892
373,2,0.0,0.0,0.0,0.0,-0.20980547216545622
373,3,0.0,0.0,0.0,0.0,0.0
373,4,0.0,0.0,0.0,0.0,0.0
374,0,0.0,-0.0036350007064491242,0.0,0.0,-6.848683056999562
374,1,0.0,0.0,-9.507994047191198e-05,0.0,-0.5958557953480892
374,2,0.0,0.0,0.0,0.0,-0.20980547216545622
374,3,0.0,0.0,0.0,0.0,0.0
374,4,0.0,0.0,0.0,0.0,0.0
375,0,0.0,-0.0036350007064491242,0.0,0.0,-6.85603990214617
375,1,0.0,0.0,-9.507994047191198e-05,0.0,-0.5958557953480892
375,2,0.0,0.0,0.0,0.0,-0.20980547216545622
375,3,0.0,0.0,0.0,0.0,0.0
375,4,0.0,0.0,0.0,0.0,0.0
376,0,0.0,-0.0036350007064491242,0.0,0.0,-6.870878168098421
376,1,0.0,0.0,-9.507994047191198e-05,0.0,-0.5958557953480892
376,2,0.0,0.0,0.0,0.0,-0.20980547216545622
376,3,0.0,0.0,0.0,0.0,0.0
376,4,0.0,0.0,0.0,0.0,0.0
377,0,0.0,-0.0036350007064491242,0.0,0.0,-6.87576900986458
377,1,0.0,0.0,-9.507994047191198e-05,0.0,-0.5958557953480892
377,2,0.0,0.0,0.0,0.0,-0.20980547216545622
377,3,0.0,0.0,0.0,0.0,0.0
377,4,0.0,0.0,0.0,0.0,0.0
378,0,0.0,-0.0036350007064491242,0.0,0.0,-6.885553259087011
378,1,0.0,0.0,-9.507994047191198e-05,0.0,-0.5958557953480892
378,2,0.0,0.0,0.0,0.0,-0.20980547216545622
378,3,0.0,0.0,0.0,0.0,0.0
378,4,0.0,0.0,0.0,0.0,0.0
379,0,0.0,-0.0036350007064491242,0.0,0.0,-6.890410179831202
379,1,0.0,0.0,-9.507994047191198e-05,0.0,-0.5958557953480892
379,2,0.0,0.0,0.0,0.0,-0.20980547216545622
379,3,0.0,0.0,0.0,0.0,0.0
379,4,0.0,0.0,0.0,0.0,0.0
380,0,0.0,-0.0036350007064491242,0.0,0.0,-6.912657357688046
380,1,0.0,0.0,-9.507994047191198e-05,0.0,-0.5958557953480892
380,2,0.0,0.0,0.0,0.0,-0.20980547216545622
380,3,0.0,0.0,0.0,0.0,0.0
380,4,0.0,0.0,0.0,0.0,0.0
381,0,0.0,-0.0036350007064491242,0.0,0.0,-6.915707632755281
381,1,0.0,0.0,-9.507994047191198e-05,0.0,-0.5958557953480892
381,2,0.0,0.0,0.0,0.0,-0.20980547216545622
381,3,0.0,0.0,0.0,0.0,0.0
381,4,0.0,0.0,0.0,0.0,0.0
382,0,0.0,-0.0036350007064491242,0.0,0.0,-6.93038130467689
382,1,0.0,0.0,-9.507994047191198e-05,0.0,-0.5958557953480892
382,2,0.0,0.0,0.0,0.0,-0.20980547216545622
382,3,0.0,0.0,0.0,0.0,0.0
382,4,0.0,0.0,0.0,0.0,0.0
383,0,0.0,-0.0036350007064491242,0.0,0.0,-6.9375120082162045
383,1,0.0,0.0,-9.507994047191198e-05,0.0,-0.5958557953480892
383,2,0.0,0.0,0.0,0.0,-0.20980547216545622
383,3,0.0,0.0,0.0,0.0,0.0
383,4,0.0,0.0,0.0,0.0,0.0
384,0,0.0,-0.0036350007064491242,0.0,0.0,-6.959624890287969
384,1,0.0,0.0,-9.507994047191198e-05,0.0,-0.5958557953480892
384,2,0.0,0.0,0.0,0.0,-0.20980547216545622
384,3,0.0,0.0,0.0,0.0,0.0
384,4,0.0,0.0,0.0,0.0,0.0
385,0,0.0,-0.0036350007064491242,0.0,0.0,-6.9816700107153515
385,1,0.0,0.0,-9.507994047191198e-05,0.0,-0.5958557953480892
385,2,0.0,0.0,0.0,0.0,-0.20980547216545622
385,3,0.0,0.0,0.0,0.0,0.0
385,4,0.0,0.0,0.0,0.0,0.0
386,0,0.0,-0.0036350007064491242,0.0,0.0,-7.0036476117884385
386,1,0.0,0.0,-9.507994047191198e-05,0.0,-0.5958557953480892
386,2,0.0,0.0,0.0,0.0,-0.20980547216545622
386,3,0.0,0.0,0.0,0.0,0.0
386,4,0.0,0.0,0.0,0.0,0.0
387,0,0.0,-0.0036350007064491242,0.0,0.0,-7.010557934857078
387,1,0.0,0.0,-9.507994047191198e-05,0.0,-0.5958557953480892
387,2,0.0,0.0,0.0,0.0,-0.20980547216545622
387,3,0.0,0.0,0.0,0.0,0.0
387,4,0.0,0.0,0.0,0.0,0.0
388,0,0.0,-0.0036350007064491242,0.0,0.0,-7.029951215528868
388,1,0.0,0.0,-9.507994047191198e-05,0.0,-0.5958557953480892
388,2,0.0,0.0,0.0,0.0,-0.20980547216545622
388,3,0.0,0.0,0.0,0.0,0.0
388,4,0.0,0.0,0.0,0.0,0.0
389,0,0.0,-0.0036350007064491242,0.0,0.0,-7.032825001549448
389,1,0.0,0.0,-9.507994047191198e-05,0.0,-0.5958557953480892
389,2,0.0,0.0,0.0,0.0,-0.20980547216545622
389,3,0.0,0.0,0.0,0.0,0.0
389,4,0.0,0.0,0.0,0.0,0.0
390,0,0.0,-0.0036350007064491242,0.0,0.0,-7.039654814324771
390,1,0.0,0.0,-9.507994047191198e-05,0.0,-0.5958557953480892
390,2,0.0,0.0,0.0,0.0,-0.20980547216545622
390,3,0.0,0.0,0.0,0.0,0.0
390,4,0.0,0.0,0.0,0.0,0.0
391,0,0.0,-0.0036350007064491242,0.0,0.0,-7.046467854689573
391,1,0.0,0.0,-9.507994047191198e-05,0.0,-0.5958557953480892
391,2,0.0,0.0,0.0,0.0,-0.20980547216545622
391,3,0.0,0.0,0.0,0.0,0.0
391,4,0.0,0.0,0.0,0.0,0.0
392,0,0.0,-0.0036350007064491242,0.0,0.0,-7.055764173655714
392,1,0.0,0.0,-9.507994047191198e-05,0.0,-0.5958557953480892
392,2,0.0,0.0,0.0,0.0,-0.20980547216545622
392,3,0.0,0.0,0.0,0.0,0.0
392,4,0.0,0.0,0.0,0.0,0.0
393,0,0.0,-0.0036350007064491242,0.0,0.0,-7.072535489527655
393,1,0.0,0.0,-9.507994047191198e-05,0.0,-0.5958557953480892
393,2,0.0,0.0,0.0,0.0,-0.20980547216545622
393,3,0.0,0.0,0.0,0.0,0.0
393,4,0.0,0.0,0.0,0.0,0.0
394,0,0.0,-0.0036350007064491242,0.0,0.0,-7.091756886614756
394,1,0.0,0.0,-9.507994047191198e-05,0.0,-0.5958557953480892
394,2,0.0,0.0,0.0,0.0,-0.20980547216545622
394,3,0.0,0.0,0.0,0.0,0.0
394,4,0.0,0.0,0.0,0.0,0.0
395,0,0.0,-0.0036350007064491242,0.0,0.0,-7.09613006633361
395,1,0.0,0.0,-9.507994047191198e-05,0.0,-0.5958557953480892
395,2,0.0,0.0,0.0,0.0,-0.20980547216545622
395,3,0.0,0.0,0.0,0.0,0.0
395,4,0.0,0.0,0.0,0.0,0.0
396,0,0.0,-0.0036350007064491242,0.0,0.0,-7.107784519524872
396,1,0.0,0.0,-9.507994047191198e-05,0.0,-0.5958557953480892
396,2,0.0,0.0,0.0,0.0,-0.20980547216545622
396,3,0.0,0.0,0.0,0.0,0.0
396,4,0.0,0.0,0.0,0.0,0.0
397,0,0.0,-0.0036350007064491242,0.0,0.0,-7.12440612260752
397,1,0.0,0.0,-9.507994047191198e-05,0.0,-0.5958557953480892
397,2,0.0,0.0,0.0,0.0,-0.20980547216545622
397,3,0.0,0.0,0.0,0.0,0.0
397,4,0.0,0.0,0.0,0.0,0.0
398,0,0.0,-0.0036350007064491242,0.0,0.0,-7.13347832183748
398,1,0.0,0.0,-9.507994047191198e-05,0.0,-0.5958557953480892
398,2,0.0,0.0,0.0,0.0,-0.20980547216545622
398,3,0.0,0.0,0.0,0.0,0.0
398,4,0.0,0.0,0.0,0.0,0.0
399,0,0.0,-0.0036350007064491242,0.0,0.0,-7.135060426646374
399,1,0.0,0.0,-9.507994047191198e-05,0.0,-0.5958557953480892
399,2,0.0,0.0,0.0,0.0,-0.20980547216545622
399,3,0.0,0.0,0.0,0.0,0.0
399,4,0.0,0.0,0.0,0.0,0.0
400,0,0.0,-0.0036350007064491242,0.0,0.0,-7.141607002372063
400,1,0.0,0.0,-9.507994047191198e-05,0.0,-0.5958557953480892
400,2,0.0,0.0,0.0,0.0,-0.20980547216545622
400,3,0.0,0.0,0.0,0.0,0.0
400,4,0.0,0.0,0.0,0.0,0.0
401,0,0.0,-0.0036350007064491242,0.0,0.0,-7.143178774556311
401,1,0.0,0.0,-9.507994047191198e-05,0.0,-0.5958557953480892
401,2,0.0,0.0,0.0,0.0,-0.20980547216545622
401,3,0.0,0.0,0.0,0.0,0.0
401,4,0.0,0.0,0.0,0.0,0.0
402,0,0.0,-0.0036350007064491242,0.0,0.0,-7.152207485848345
402,1,0.0,0.0,-9.507994047191198e-05,0.0,-0.5958557953480892
402,2,0.0,0.0,0.0,0.0,-0.20980547216545622
402,3,0.0,0.0,0.0,0.0,0.0
402,4,0.0,0.0,0.0,0.0,0.0
403,0,0.0,-0.0036350007064491242,0.0,0.0,-7.173712093344177
403,1,0.0,0.0,-9.507994047191198e-05,0.0,-0.5958557953480892
403,2,0.0,0.0,0.0,0.0,-0.20980547216545622
403,3,0.0,0.0,0.0,0.0,0.0
403,4,0.0,0.0,0.0,0.0,0.0
404,0,0.0,-0.0036350007064491242,0.0,0.0,-7.185151012936928
404,1,0.0,0.0,-9.507994047191198e-05,0.0,-0.5958557953480892
404,2,0.0,0.0,0.0,0.0,-0.20980547216545622
404,3,0.0,0.0,0.0,0.0,0.0
404,4,0.0,0.0,0.0,0.0,0.0
405,0,0.0,-0.0036350007064491242,0.0,0.0,-7.194057809245518
405,1,0.0,0.0,-9.507994047191198e-05,0.0,-0.5958557953480892
405,2,0.0,0.0,0.0,0.0,-0.20980547216545622
405,3,0.0,0.0,0.0,0.0,0.0
405,4,0.0,0.0,0.0,0.0,0.0
406,0,0.0,-0.0036350007064491242,0.0,0.0,-7.210440923406729
406,1,0.0,0.0,-9.507994047191198e-05,0.0,-0.5958557953480892
406,2,0.0,0.0,0.0,0.0,-0.20980547216545622
406,3,0.0,0.0,0.0,0.0,0.0
406,4,0.0,0.0,0.0,0.0,0.0
407,0,0.0,-0.0036350007064491242,0.0,0.0,-7.211936443707861
407,1,0.0,0.0,-9.507994047191198e-05,0.0,-0.5958557953480892
407,2,0.0,0.0,0.0,0.0,-0.20980547216545622
407,3,0.0,0.0,0.0,0.0,0.0
407,4,0.0,0.0,0.0,0.0,0.0
408,0,0.0,-0.0036350007064491242,0.0,0.0,-7.218271015429642
408,1,0.0,0.0,-9.507994047191198e-05,0.0,-0.5958557953480892
408,2,0.0,0.0,0.0,0.0,-0.20980547216545622
408,3,0.0,0.0,0.0,0.0,0.0
408,4,0.0,0.0,0.0,0.0,0.0
409,0,0.0,-0.0036350007064491242,0.0,0.0,-7.219756682974589
409,1,0.0,0.0,-9.507994047191198e-05,0.0,-0.5958557953480892
409,2,0.0,0.0,0.0,0.0,-0.20980547216545622
409,3,0.0,0.0,0.0,0.0,0.0
409,4,0.0,0.0,0.0,0.0,0.0
410,0,0.0,-0.0036350007064491242,0.0,0.0,-7.233573076063167
410,1,0.0,0.0,-9.507994047191198e-05,0.0,-0.5958557953480892
410,2,0.0,0.0,0.0,0.0,-0.20980547216545622
410,3,0.0,0.0,0.0,0.0,0.0
410,4,0.0,0.0,0.0,0.0,0.0
411,0,0.0,-0.0036350007064491242,0.0,0.0,-7.2350416644578575
411,1,0.0,0.0,-9.507994047191198e-05,0.0,-0.5958557953480892
411,2,0.0,0.0,0.0,0.0,-0.20980547216545622
411,3,0.0,0.0,0.0,0.0,0.0
411,4,0.0,0.0,0.0,0.0,0.0
412,0,0.0,-0.0036350007064491242,0.0,0.0,-7.251316551018224
412,1,0.0,0.0,-9.507994047191198e-05,0.0,-0.5958557953480892
412,2,0.0,0.0,0.0,0.0,-0.20980547216545622
412,3,0.0,0.0,0.0,0.0,0.0
412,4,0.0,0.0,0.0,0.0,0.0
413,0,0.0,-0.0036350007064491242,0.0,0.0,-7.260043190315672
413,1,0.0,0.0,-9.507994047191198e-05,0.0,-0.5958557953480892
413,2,0.0,0.0,0.0,0.0,-0.20980547216545622
413,3,0.0,0.0,0.0,0.0,0.0
413,4,0.0,0.0,0.0,0.0,0.0
414,0,0.0,-0.0036350007064491242,0.0,0.0,-7.264065328804175
414,1,0.0,0.0,-9.507994047191198e-05,0.0,-0.5958557953480892
414,2,0.0,0.0,0.0,0.0,-0.20980547216545622
414,3,0.0,0.0,0.0,0.0,0.0
414,4,0.0,0.0,0.0,0.0,0.0
415,0,0.0,-0.0036350007064491242,0.0,0.0,-7.282761052464366
415,1,0.0,0.0,-9.507994047191198e-05,0.0,-0.5958557953480892
415,2,0.0,0.0,0.0,0.0,-0.20980547216545622
415,3,0.0,0.0,0.0,0.0,0.0
415,4,0.0,0.0,0.0,0.0,0.0
416,0,0.0,-0.0036350007064491242,0.0,0.0,-7.285273323554869
416,1,0.0,0.0,-9.507994047191198e-05,0.0,-0.5958557953480892
416,2,0.0,0.0,0.0,0.0,-0.20980547216545622
416,3,0.0,0.0,0.0,0.0,0.0
416,4,0.0,0.0,0.0,0.0,0.0
417,0,0.0,-0.0036350007064491242,0.0,0.0,-7.306408822957503
417,1,0.0,0.0,-9.507994047191198e-05,0.0,-0.5958557953480892
417,2,0.0,0.0,0.0,0.0,-0.20980547216545622
417,3,0.0,0.0,0.0,0.0,0.0
417,4,0.0,0.0,0.0,0.0,0.0
418,0,0.0,-0.0036350007064491242,0.0,0.0,-7.308890401881513
418,1,0.0,0.0,-9.507994047191198e-05,0.0,-0.5958557953480892
418,2,0.0,0.0,0.0,0.0,-0.20980547216545622
418,3,0.0,0.0,0.0,0.0,0.0
418,4,0.0,0.0,0.0,0.0,0.0
419,0,0.0,-0.0036350007064491242,0.0,0.0,-7.32245762865282
419,1,0.0,0.0,-9.507994047191198e-05,0.0,-0.5958557953480892
419,2,0.0,0.0,0.0,0.0,-0.20980547216545622
419,3,0.0,0.0,0.0,0.0,0.0
419,4,0.0,0.0,0.0,0.0,0.0
420,0,0.0,-0.0036350007064491242,0.0,0.0,-7.34348564722002
420,1,0.0,0.0,-9.507994047191198e-05,0.0,-0.5958557953480892
420,2,0.0,0.0,0.0,0.0,-0.20980547216545622
420,3,0.0,0.0,0.0,0.0,0.0
420,4,0.0,0.0,0.0,0.0,0.0
421,0,0.0,-0.0036350007064491242,0.0,0.0,-7.344834429637153
421,1,0.0,0.0,-9.507994047191198e-05,0.0,-0.5958557953480892
421,2,0.0,0.0,0.0,0.0,-0.20980547216545622
421,3,0.0,0.0,0.0,0.0,0.0
421,4,0.0,0.0,0.0,0.0,0.0
422,0,0.0,-0.0036350007064491242,0.0,0.0,-7.34869096025426
422,1,0.0,0.0,-9.507994047191198e-05,0.0,-0.5958557953480892
422,2,0.0,0.0,0.0,0.0,-0.20980547216545622
422,3,0.0,0.0,0.0,0.0,0.0
422,4,0.0,0.0,0.0,0.0,0.0
423,0,0.0,-0.0036350007064491242,0.0,0.0,-7.3596464036665745
423,1,0.0,0.0,-9.507994047191198e-05,0.0,-0.5958557953480892
423,2,0.0,0.0,0.0,0.0,-0.20980547216545622
423,3,0.0,0.0,0.0,0.0,0.0
423,4,0.0,0.0,0.0,0.0,0.0
424,0,0.0,-0.0036350007064491242,0.0,0.0,-7.365580210540894
424,1,0.0,0.0,-9.507994047191198e-05,0.0,-0.5958557953480892
424,2,0.0,0.0,0.0,0.0,-0.20980547216545622
424,3,0.0,0.0,0.0,0.0,0.0
424,4,0.0,0.0,0.0,0.0,0.0
425,0,0.0,-0.0036350007064491242,0.0,0.0,-7.366902871044628
425,1,0.0,0.0,-9.507994047191198e-05,0.0,-0.5958557953480892
425,2,0.0,0.0,0.0,0.0,-0.20980547216545622
425,3,0.0,0.0,0.0,0.0,0.0
425,4,0.0,0.0,0.0,0.0,0.0
426,0,0.0,-0.0036350007064491242,0.0,0.0,-7.387812955482932
426,1,0.0,0.0,-9.507994047191198e-05,0.0,-0.5958557953480892
426,2,0.0,0.0,0.0,0.0,-0.20980547216545622
426,3,0.0,0.0,0.0,0.0,0.0
426,4,0.0,0.0,0.0,0.0,0.0
427,0,0.0,-0.0036350007064491242,0.0,0.0,-7.408659356705007
427,1,0.0,0.0,-9.507994047191198e-05,0.0,-0.5958557953480892
427,2,0.0,0.0,0.0,0.0,-0.20980547216545622
427,3,0.0,0.0,0.0,0.0,0.0
427,4,0.0,0.0,0.0,0.0,0.0
428,0,0.0,-0.0036350007064491242,0.0,0.0,-7.4294423016994475
428,1,0.0,0.0,-9.507994047191198e-05,0.0,-0.5958557953480892
428,2,0.0,0.0,0.0,0.0,-0.20980547216545622
428,3,0.0,0.0,0.0,0.0,0.0
428,4,0.0,0.0,0.0,0.0,0.0
429,0,0.0,-0.0036350007064491242,0.0,0.0,-7.440162016575628
429,1,0.0,0.0,-9.507994047191198e-05,0.0,-0.5958557953480892
429,2,0.0,0.0,0.0,0.0,-0.20980547216545622
429,3,0.0,0.0,0.0,0.0,0.0
429,4,0.0,0.0,0.0,0.0,0.0
430,0,0.0,-0.0036350007064491242,0.0,0.0,-7.450852056696737
430,1,0.0,0.0,-9.507994047191198e-05,0.0,-0.5958557953480892
430,2,0.0,0.0,0.0,0.0,-0.20980547216545622
430,3,0.0,0.0,0.0,0.0,0.0
430,4,0.0,0.0,0.0,0.0,0.0
431,0,0.0,-0.0036350007064491242,0.0,0.0,-7.461512521448492
431,1,0.0,0.0,-9.507994047191198e-05,0.0,-0.5958557953480892
431,2,0.0,0.0,0.0,0.0,-0.20980547216545622
431,3,0.0,0.0,0.0,0.0,0.0
431,4,0.0,0.0,0.0,0.0,0.0
432,0,0.0,-0.0036350007064491242,0.0,0.0,-7.474643509847951
432,1,0.0,0.0,-9.507994047191198e-05,0.0,-0.5958557953480892
432,2,0.0,0.0,0.0,0.0,-0.20980547216545622
432,3,0.0,0.0,0.0,0.0,0.0
432,4,0.0,0.0,0.0,0.0,0.0
433,0,0.0,-0.0036350007064491242,0.0,0.0,-7.476909304727795
433,1,0.0,0.0,-9.507994047191198e-05,0.0,-0.5958557953480892
433,2,0.0,0.0,0.0,0.0,-0.20980547216545622
433,3,0.0,0.0,0.0,0.0,0.0
433,4,0.0,0.0,0.0,0.0,0.0
434,0,0.0,-0.0036350007064491242,0.0,0.0,-7.479171689823506
434,1,0.0,0.0,-9.507994047191198e-05,0.0,-0.5958557953480892
434,2,0.0,0.0,0.0,0.0,-0.20980547216545622
434,3,0.0,0.0,0.0,0.0,0.0
434,4,0.0,0.0,0.0,0.0,0.0
435,0,0.0,-0.0036350007064491242,0.0,0.0,-7.494758389966443
435,1,0.0,0.0,-9.507994047191198e-05,0.0,-0.5958557953480892
435,2,0.0,0.0,0.0,0.0,-0.20980547216545622
435,3,0.0,0.0,0.0,0.0,0.0
435,4,0.0,0.0,0.0,0.0,0.0
436,0,0.0,-0.0036350007064491242,0.0,0.0,-7.515299188146528
436,1,0.0,0.0,-9.507994047191198e-05,0.0,-0.5958557953480892
436,2,0.0,0.0,0.0,0.0,-0.20980547216545622
436,3,0.0,0.0,0.0,0.0,0.0
436,4,0.0,0.0,0.0,0.0,0.0
437,0,0.0,-0.0036350007064491242,0.0,0.0,-7.523277579562016
437,1,0.0,0.0,-9.507994047191198e-05,0.0,-0.5958557953480892
437,2,0.0,0.0,0.0,0.0,-0.20980547216545622
437,3,0.0,0.0,0.0,0.0,0.0
437,4,0.0,0.0,0.0,0.0,0.0
438,0,0.0,-0.0036350007064491242,0.0,0.0,-7.536235449013413
438,1,0.0,0.0,-9.507994047191198e-05,0.0,-0.5958557953480892
438,2,0.0,0.0,0.0,0.0,-0.20980547216545622
438,3,0.0,0.0,0.0,0.0,0.0
438,4,0.0,0.0,0.0,0.0,0.0
439,0,0.0,-0.0036350007064491242,0.0,0.0,-7.54168971240039
439,1,0.0,0.0,-9.507994047191198e-05,0.0,-0.5958557953480892
439,2,0.0,0.0,0.0,0.0,-0.20980547216545622
439,3,0.0,0.0,0.0,0.0,0.0
439,4,0.0,0.0,0.0,0.0,0.0
440,0,0.0,-0.0036350007064491242,0.0,0.0,-7.559598300457656
440,1,0.0,0.0,-9.507994047191198e-05,0.0,-0.5958557953480892
440,2,0.0,0.0,0.0,0.0,-0.20980547216545622
440,3,0.0,0.0,0.0,0.0,0.0
440,4,0.0,0.0,0.0,0.0,0.0
441,0,0.0,-0.0036350007064491242,0.0,0.0,-7.574953262686328
441,1,0.0,0.0,-9.507994047191198e-05,0.0,-0.5958557953480892
441,2,0.0,0.0,0.0,0.0,-0.20980547216545622
441,3,0.0,0.0,0.0,0.0,0.0
441,4,0.0,0.0,0.0,0.0,0.0
442,0,0.0,-0.0036350007064491242,0.0,0.0,-7.585263120834505
442,1,0.0,0.0,-9.507994047191198e-05,0.0,-0.5958557953480892
442,2,0.0,0.0,0.0,0.0,-0.20980547216545622
442,3,0.0,0.0,0.0,0.0,0.0
442,4,0.0,0.0,0.0,0.0,0.0
443,0,0.0,-0.0036350007064491242,0.0,0.0,-7.598044697210588
443,1,0.0,0.0,-9.507994047191198e-05,0.0,-0.5958557953480892
443,2,0.0,0.0,0.0,0.0,-0.20980547216545622
443,3,0.0,0.0,0.0,0.0,0.0
443,4,0.0,0.0,0.0,0.0,0.0
444,0,0.0,-0.0036350007064491242,0.0,0.0,-7.6082897534377665
444,1,0.0,0.0,-9.507994047191198e-05,0.0,-0.5958557953480892
444,2,0.0,0.0,0.0,0.0,-0.20980547216545622
444,3,0.0,0.0,0.0,0.0,0.0
444,4,0.0,0.0,0.0,0.0,0.0
445,0,0.0,-0.0036350007064491242,0.0,0.0,-7.618506747100128
445,1,0.0,0.0,-9.507994047191198e-05,0.0,-0.5958557953480892
445,2,0.0,0.0,0.0,0.0,-0.20980547216545622
445,3,0.0,0.0,0.0,0.0,0.0
445,4,0.0,0.0,0.0,0.0,0.0
446,0,0.0,-0.0036350007064491242,0.0,0.0,-7.621868639271324
446,1,0.0,0.0,-9.507994047191198e-05,0.0,-0.5958557953480892
446,2,0.0,0.0,0.0,0.0,-0.20980547216545622
446,3,0.0,0.0,0.0,0.0,0.0
446,4,0.0,0.0,0.0,0.0,0.0
447,0,0.0,-0.0036350007064491242,0.0,0.0,-7.634551696197093
447,1,0.0,0.0,-9.507994047191198e-05,0.0,-0.5958557953480892
447,2,0.0,0.0,0.0,0.0,-0.20980547216545622
447,3,0.0,0.0,0.0,0.0,0.0
447,4,0.0,0.0,0.0,0.0,0.0
448,0,0.0,-0.0036350007064491242,0.0,0.0,-7.644698557512331
448,1,0.0,0.0,-9.507994047191198e-05,0.0,-0.5958557953480892
448,2,0.0,0.0,0.0,0.0,-0.20980547216545622
448,3,0.0,0.0,0.0,0.0,0.0
448,4,0.0,0.0,0.0,0.0,0.0
449,0,0.0,-0.0036350007064491242,0.0,0.0,-7.6648176796090794
449,1,0.0,0.0,-9.507994047191198e-05,0.0,-0.5958557953480892
449,2,0.0,0.0,0.0,0.0,-0.20980547216545622
449,3,0.0,0.0,0.0,0.0,0.0
449,4,0.0,0.0,0.0,0.0,0.0
450,0,0.0,-0.0036350007064491242,0.0,0.0,-7.66993993407443
450,1,0.0,0.0,-9.507994047191198e-05,0.0,-0.5958557953480892
450,2,0.0,0.0,0.0,0.0,-0.20980547216545622
450,3,0.0,0.0,0.0,0.0,0.0
450,4,0.0,0.0,0.0,0.0,0.0
451,0,0.0,-0.0036350007064491242,0.0,0.0,-7.684987005439919
451,1,0.0,0.0,-9.507994047191198e-05,0.0,-0.5958557953480892
451,2,0.0,0.0,0.0,0.0,-0.20980547216545622
451,3,0.0,0.0,0.0,0.0,0.0
451,4,0.0,0.0,0.0,0.0,0.0
452,0,0.0,-0.0036350007064491242,0.0,0.0,-7.699990011422933
452,1,0.0,0.0,-9.507994047191198e-05,0.0,-0.5958557953480892
452,2,0.0,0.0,0.0,0.0,-0.20980547216545622
452,3,0.0,0.0,0.0,0.0,0.0
452,4,0.0,0.0,0.0,0.0,0.0
453,0,0.0,-0.0036350007064491242,0.0,0.0,-7.709949105389756
453,1,0.0,0.0,-9.507994047191198e-05,0.0,-0.5958557953480892
453,2,0.0,0.0,0.0,0.0,-0.20980547216545622
453,3,0.0,0.0,0.0,0.0,0.0
453,4,0.0,0.0,0.0,0.0,0.0
454,0,0.0,-0.0036350007064491242,0.0,0.0,-7.7248811051866415
454,1,0.0,0.0,-9.507994047191198e-05,0.0,-0.5958557953480892
454,2,0.0,0.0,0.0,0.0,-0.20980547216545622
454,3,0.0,0.0,0.0,0.0,0.0
454,4,0.0,0.0,0.0,0.0,0.0
455,0,0.0,-0.0036350007064491242,0.0,0.0,-7.728068210407277
455,1,0.0,0.0,-9.507994047191198e-05,0.0,-0.5958557953480892
455,2,0.0,0.0,0.0,0.0,-0.20980547216545622
455,3,0.0,0.0,0.0,0.0,0.0
455,4,0.0,0.0,0.0,0.0,0.0
456,0,0.0,-0.0036350007064491242,0.0,0.0,-7.742951042822251
456,1,0.0,0.0,-9.507994047191198e-05,0.0,-0.5958557953480892
456,2,0.0,0.0,0.0,0.0,-0.20980547216545622
456,3,0.0,0.0,0.0,0.0,0.0
456,4,0.0,0.0,0.0,0.0,0.0
457,0,0.0,-0.0036350007064491242,0.0,0.0,-7.760290369350671
457,1,0.0,0.0,-9.507994047191198e-05,0.0,-0.5958557953480892
457,2,0.0,0.0,0.0,0.0,-0.20980547216545622
457,3,0.0,0.0,0.0,0.0,0.0
457,4,0.0,0.0,0.0,0.0,0.0
458,0,0.0,-0.0036350007064491242,0.0,0.0,-7.76342201246818
458,1,0.0,0.0,-9.507994047191198e-05,0.0,-0.5958557953480892
458,2,0.0,0.0,0.0,0.0,-0.20980547216545622
458,3,0.0,0.0,0.0,0.0,0.0
458,4,0.0,0.0,0.0,0.0,0.0
459,0,0.0,-0.0036350007064491242,0.0,0.0,-7.765337954656047
459,1,0.0,0.0,-9.507994047191198e-05,0.0,-0.5958557953480892
459,2,0.0,0.0,0.0,0.0,-0.20980547216545622
459,3,0.0,0.0,0.0,0.0,0.0
459,4,0.0,0.0,0.0,0.0,0.0
460,0,0.0,-0.0036350007064491242,0.0,0.0,-7.768461541289924
460,1,0.0,0.0,-9.507994047191198e-05,0.0,-0.5958557953480892
460,2,0.0,0.0,0.0,0.0,-0.20980547216545622
460,3,0.0,0.0,0.0,0.0,0.0
460,4,0.0,0.0,0.0,0.0,0.0
461,0,0.0,-0.0036350007064491242,0.0,0.0,-7.788236062189509
461,1,0.0,0.0,-9.507994047191198e-05,0.0,-0.5958557953480892
461,2,0.0,0.0,0.0,0.0,-0.20980547216545622
461,3,0.0,0.0,0.0,0.0,0.0
461,4,0.0,0.0,0.0,0.0,0.0
462,0,0.0,-0.0036350007064491242,0.0,0.0,-7.790122987687457
462,1,0.0,0.0,-9.507994047191198e-05,0.0,-0.5958557953480892
462,2,0.0,0.0,0.0,0.0,-0.20980547216545622
462,3,0.0,0.0,0.0,0.0,0.0
462,4,0.0,0.0,0.0,0.0,0.0
463,0,0.0,-0.0036350007064491242,0.0,0.0,-7.790989359396993
463,1,0.0,0.0,-9.507994047191198e-05,0.0,-0.5958557953480892
463,2,0.0,0.0,0.0,0.0,-0.20980547216545622
463,3,0.0,0.0,0.0,0.0,0.0
463,4,0.0,0.0,0.0,0.0,0.0
464,0,0.0,-0.0036350007064491242,0.0,0.0,-7.80570177739168
464,1,0.0,0.0,-9.507994047191198e-05,0.0,-0.5958557953480892
464,2,0.0,0.0,0.0,0.0,-0.20980547216545622
464,3,0.0,0.0,0.0,0.0,0.0
464,4,0.0,0.0,0.0,0.0,0.0
465,0,0.0,-0.0036350007064491242,0.0,0.0,-7.822871260046742
465,1,0.0,0.0,-9.507994047191198e-05,0.0,-0.5958557953480892
465,2,0.0,0.0,0.0,0.0,-0.20980547216545622
465,3,0.0,0.0,0.0,0.0,0.0
465,4,0.0,0.0,0.0,0.0,0.0
466,0,0.0,-0.0036350007064491242,0.0,0.0,-7.8349896239577035
466,1,0.0,0.0,-9.507994047191198e-05,0.0,-0.5958557953480892
466,2,0.0,0.0,0.0,0.0,-0.20980547216545622
466,3,0.0,0.0,0.0,0.0,0.0
466,4,0.0,0.0,0.0,0.0,0.0
467,0,0.0,-0.0036350007064491242,0.0,0.0,-7.836823236885388
467,1,0.0,0.0,-9.507994047191198e-05,0.0,-0.5958557953480892
467,2,0.0,0.0,0.0,0.0,-0.20980547216545622
467,3,0.0,0.0,0.0,0.0,0.0
467,4,0.0,0.0,0.0,0.0,0.0
468,0,0.0,-0.0036350007064491242,0.0,0.0,-7.856405094322209
468,1,0.0,0.0,-9.507994047191198e-05,0.0,-0.5958557953480892
468,2,0.0,0.0,0.0,0.0,-0.20980547216545622
468,3,0.0,0.0,0.0,0.0,0.0
468,4,0.0,0.0,0.0,0.0,0.0
469,0,0.0,-0.0036350007064491242,0.0,0.0,-7.8709277995841695
469,1,0.0,0.0,-9.507994047191198e-05,0.0,-0.5958557953480892
469,2,0.0,0.0,0.0,0.0,-0.20980547216545622
469,3,0.0,0.0,0.0,0.0,0.0
469,4,0.0,0.0,0.0,0.0,0.0
470,0,0.0,-0.0036350007064491242,0.0,0.0,-7.885408227655075
470,1,0.0,0.0,-9.507994047191198e-05,0.0,-0.5958557953480892
470,2,0.0,0.0,0.0,0.0,-0.20980547216545622
470,3,0.0,0.0,0.0,0.0,0.0
470,4,0.0,0.0,0.0,0.0,0.0
471,0,0.0,-0.0036350007064491242,0.0,0.0,-7.897346525155087
471,1,0.0,0.0,-9.507994047191198e-05,0.0,-0.5958557953480892
471,2,0.0,0.0,0.0,0.0,-0.20980547216545622
471,3,0.0,0.0,0.0,0.0,0.0
471,4,0.0,0.0,0.0,0.0,0.0
472,0,0.0,-0.0036350007064491242,0.0,0.0,-7.914251170679006
472,1,0.0,0.0,-9.507994047191198e-05,0.0,-0.5958557953480892
472,2,0.0,0.0,0.0,0.0,-0.20980547216545622
472,3,0.0,0.0,0.0,0.0,0.0
472,4,0.0,0.0,0.0,0.0,0.0
473,0,0.0,-0.0036350007064491242,0.0,0.0,-7.923605613425095
473,1,0.0,0.0,-9.507994047191198e-05,0.0,-0.5958557953480892
473,2,0.0,0.0,0.0,0.0,-0.20980547216545622
473,3,0.0,0.0,0.0,0.0,0.0
473,4,0.0,0.0,0.0,0.0,0.0
474,0,0.0,-0.004213378150728317,0.0,0.0,-7.923605613425095
474,1,0.0,0.0,-9.507994047191198e-05,0.0,-0.6401271648149327
474,2,0.0,0.0,0.0,0.0,-0.20980547216545622
474,3,0.0,0.0,0.0,0.0,0.0
474,4,0.0,0.0,0.0,0.0,0.0
475,0,0.0,-0.004213378150728317,0.0,0.0,-7.932935027313113
475,1,0.0,0.0,-9.507994047191198e-05,0.0,-0.6401271648149327
475,2,0.0,0.0,0.0,0.0,-0.20980547216545622
475,3,0.0,0.0,0.0,0.0,0.0
475,4,0.0,0.0,0.0,0.0,0.0
476,0,0.0,-0.004213378150728317,0.0,0.0,-7.949739494257276
476,1,0.0,0.0,-9.507994047191198e-05,0.0,-0.6401271648149327
476,2,0.0,0.0,0.0,0.0,-0.20980547216545622
476,3,0.0,0.0,0.0,0.0,0.0
476,4,0.0,0.0,0.0,0.0,0.0
477,0,0.0,-0.004213378150728317,0.0,0.0,-7.95899409827584
477,1,0.0,0.0,-9.507994047191198e-05,0.0,-0.6401271648149327
477,2,0.0,0.0,0.0,0.0,-0.20980547216545622
477,3,0.0,0.0,0.0,0.0,0.0
477,4,0.0,0.0,0.0,0.0,0.0
478,0,0.0,-0.004213378150728317,0.0,0.0,-7.96822401201549
478,1,0.0,0.0,-9.507994047191198e-05,0.0,-0.6401271648149327
478,2,0.0,0.0,0.0,0.0,-0.20980547216545622
478,3,0.0,0.0,0.0,0.0,0.0
478,4,0.0,0.0,0.0,0.0,0.0
479,0,0.0,-0.004213378150728317,0.0,0.0,-7.969907657404595
479,1,0.0,0.0,-9.507994047191198e-05,0.0,-0.6401271648149327
479,2,0.0,0.0,0.0,0.0,-0.20980547216545622
479,3,0.0,0.0,0.0,0.0,0.0
479,4,0.0,0.0,0.0,0.0,0.0
480,0,0.0,-0.004213378150728317,0.0,0.0,-7.979111101962685
480,1,0.0,0.0,-9.507994047191198e-05,0.0,-0.6401271648149327
480,2,0.0,0.0,0.0,0.0,-0.20980547216545622
480,3,0.0,0.0,0.0,0.0,0.0
480,4,0.0,0.0,0.0,0.0,0.0
481,0,0.0,-0.004213378150728317,0.0,0.0,-7.998290018837897
481,1,0.0,0.0,-9.507994047191198e-05,0.0,-0.6401271648149327
481,2,0.0,0.0,0.0,0.0,-0.20980547216545622
481,3,0.0,0.0,0.0,0.0,0.0
481,4,0.0,0.0,0.0,0.0,0.0
482,0,0.0,-0.004213378150728317,0.0,0.0,-7.9989331651475775
482,1,0.0,0.0,-9.507994047191198e-05,0.0,-0.6401271648149327
482,2,0.0,0.0,0.0,0.0,-0.20980547216545622
482,3,0.0,0.0,0.0,0.0,0.0
482,4,0.0,0.0,0.0,0.0,0.0
483,0,0.0,-0.004213378150728317,0.0,0.0,-8.00805496166709
483,1,0.0,0.0,-9.507994047191198e-05,0.0,-0.6401271648149327
483,2,0.0,0.0,0.0,0.0,-0.20980547216545622
483,3,0.0,0.0,0.0,0.0,0.0
483,4,0.0,0.0,0.0,0.0,0.0
484,0,0.0,-0.004213378150728317,0.0,0.0,-8.017152509541024
484,1,0.0,0.0,-9.507994047191198e-05,0.0,-0.6401271648149327
484,2,0.0,0.0,0.0,0.0,-0.20980547216545622
484,3,0.0,0.0,0.0,0.0,0.0
484,4,0.0,0.0,0.0,0.0,0.0
485,0,0.0,-0.004213378150728317,0.0,0.0,-8.036225887777082
485,1,0.0,0.0,-9.507994047191198e-05,0.0,-0.6401271648149327
485,2,0.0,0.0,0.0,0.0,-0.20980547216545622
485,3,0.0,0.0,0.0,0.0,0.0
485,4,0.0,0.0,0.0,0.0,0.0
486,0,0.0,-0.004213378150728317,0.0,0.0,-8.03783383879268
486,1,0.0,0.0,-9.507994047191198e-05,0.0,-0.6401271648149327
486,2,0.0,0.0,0.0,0.0,-0.20980547216545622
486,3,0.0,0.0,0.0,0.0,0.0
486,4,0.0,0.0,0.0,0.0,0.0
487,0,0.0,-0.004213378150728317,0.0,0.0,-8.039439627021183
487,1,0.0,0.0,-9.507994047191198e-05,0.0,-0.6401271648149327
487,2,0.0,0.0,0.0,0.0,-0.20980547216545622
487,3,0.0,0.0,0.0,0.0,0.0
487,4,0.0,0.0,0.0,0.0,0.0
488,0,0.0,-0.004213378150728317,0.0,0.0,-8.042162870873621
488,1,0.0,0.0,-9.507994047191198e-05,0.0,-0.6401271648149327
488,2,0.0,0.0,0.0,0.0,-0.20980547216545622
488,3,0.0,0.0,0.0,0.0,0.0
488,4,0.0,0.0,0.0,0.0,0.0
489,0,0.0,-0.004213378150728317,0.0,0.0,-8.046416225008924
489,1,0.0,0.0,-9.507994047191198e-05,0.0,-0.6401271648149327
489,2,0.0,0.0,0.0,0.0,-0.20980547216545622
489,3,0.0,0.0,0.0,0.0,0.0
489,4,0.0,0.0,0.0,0.0,0.0
490,0,0.0,-0.004213378150728317,0.0,0.0,-8.052916547436523
490,1,0.0,0.0,-9.507994047191198e-05,0.0,-0.6401271648149327
490,2,0.0,0.0,0.0,0.0,-0.20980547216545622
490,3,0.0,0.0,0.0,0.0,0.0
490,4,0.0,0.0,0.0,0.0,0.0
491,0,0.0,-0.004213378150728317,0.0,0.0,-8.061900959645445
491,1,0.0,0.0,-9.507994047191198e-05,0.0,-0.6401271648149327
491,2,0.0,0.0,0.0,0.0,-0.20980547216545622
491,3,0.0,0.0,0.0,0.0,0.0
491,4,0.0,0.0,0.0,0.0,0.0
492,0,0.0,-0.004213378150728317,0.0,0.0,-8.064589840549855
492,1,0.0,0.0,-9.507994047191198e-05,0.0,-0.6401271648149327
492,2,0.0,0.0,0.0,0.0,-0.20980547216545622
492,3,0.0,0.0,0.0,0.0,0.0
492,4,0.0,0.0,0.0,0.0,0.0
493,0,0.0,-0.004213378150728317,0.0,0.0,-8.066162138444382
493,1,0.0,0.0,-9.507994047191198e-05,0.0,-0.6401271648149327
493,2,0.0,0.0,0.0,0.0,-0.20980547216545622
493,3,0.0,0.0,0.0,0.0,0.0
493,4,0.0,0.0,0.0,0.0,0.0
494,0,0.0,-0.004213378150728317,0.0,0.0,-8.08011691164504
494,1,0.0,0.0,-9.507994047191198e-05,0.0,-0.6401271648149327
494,2,0.0,0.0,0.0,0.0,-0.20980547216545622
494,3,0.0,0.0,0.0,0.0,0.0
494,4,0.0,0.0,0.0,0.0,0.0
495,0,0.0,-0.004213378150728317,0.0,0.0,-8.080669455866477
495,1,0.0,0.0,-9.507994047191198e-05,0.0,-0.6401271648149327
495,2,0.0,0.0,0.0,0.0,-0.20980547216545622
495,3,0.0,0.0,0.0,0.0,0.0
495,4,0.0,0.0,0.0,0.0,0.0
496,0,0.0,-0.004213378150728317,0.0,0.0,-8.097084716939476
496,1,0.0,0.0,-9.507994047191198e-05,0.0,-0.6401271648149327
496,2,0.0,0.0,0.0,0.0,-0.20980547216545622
496,3,0.0,0.0,0.0,0.0,0.0
496,4,0.0,0.0,0.0,0.0,0.0
497,0,0.0,-0.004213378150728317,0.0,0.0,-8.101227396897874
497,1,0.0,0.0,-9.507994047191198e-05,0.0,-0.6401271648149327
497,2,0.0,0.0,0.0,0.0,-0.20980547216545622
497,3,0.0,0.0,0.0,0.0,0.0
497,4,0.0,0.0,0.0,0.0,0.0
498,0,0.0,-0.004213378150728317,0.0,0.0,-8.110086018058306
498,1,0.0,0.0,-9.507994047191198e-05,0.0,-0.6401271648149327
498,2,0.0,0.0,0.0,0.0,-0.20980547216545622
498,3,0.0,0.0,0.0,0.0,0.0
498,4,0.0,0.0,0.0,0.0,0.0
499,0,0.0,-0.004213378150728317,0.0,0.0,-8.11270782898251
499,1,0.0,0.0,-9.507994047191198e-05,0.0,-0.6401271648149327
499,2,0.0,0.0,0.0,0.0,-0.20980547216545622
499,3,0.0,0.0,0.0,0.0,0.0
499,4,0.0,0.0,0.0,0.0,0.0
500,0,0.0,-0.004213378150728317,0.0,0.0,-8.114225593977242
500,1,0.0,0.0,-9.507994047191198e-05,0.0,-0.6401271648149327
500,2,0.0,0.0,0.0,0.0,-0.20980547216545622
500,3,0.0,0.0,0.0,0.0,0.0
500,4,0.0,0.0,0.0,0.0,0.0
501,0,0.0,-0.004213378150728317,0.0,0.0,-8.114740445813164
501,1,0.0,0.0,-9.507994047191198e-05,0.0,-0.6401271648149327
501,2,0.0,0.0,0.0,0.0,-0.20980547216545622
501,3,0.0,0.0,0.0,0.0,0.0
501,4,0.0,0.0,0.0,0.0,0.0
502,0,0.0,-0.004213378150728317,0.0,0.0,-8.117355482505369
502,1,0.0,0.0,-9.507994047191198e-05,0.0,-0.6401271648149327
502,2,0.0,0.0,0.0,0.0,-0.20980547216545622
502,3,0.0,0.0,0.0,0.0,0.0
502,4,0.0,0.0,0.0,0.0,0.0
503,0,0.0,-0.004213378150728317,0.0,0.0,-8.136182072937608
503,1,0.0,0.0,-9.507994047191198e-05,0.0,-0.6401271648149327
503,2,0.0,0.0,0.0,0.0,-0.20980547216545622
503,3,0.0,0.0,0.0,0.0,0.0
503,4,0.0,0.0,0.0,0.0,0.0
504,0,0.0,-0.004213378150728317,0.0,0.0,-8.13876880132985
504,1,0.0,0.0,-9.507994047191198e-05,0.0,-0.6401271648149327
504,2,0.0,0.0,0.0,0.0,-0.20980547216545622
504,3,0.0,0.0,0.0,0.0,0.0
504,4,0.0,0.0,0.0,0.0,0.0
505,0,0.0,-0.004213378150728317,0.0,0.0,-8.152534759799526
505,1,0.0,0.0,-9.507994047191198e-05,0.0,-0.6401271648149327
505,2,0.0,0.0,0.0,0.0,-0.20980547216545622
505,3,0.0,0.0,0.0,0.0,0.0
505,4,0.0,0.0,0.0,0.0,0.0
506,0,0.0,-0.004213378150728317,0.0,0.0,-8.163760946195877
506,1,0.0,0.0,-9.507994047191198e-05,0.0,-0.6401271648149327
506,2,0.0,0.0,0.0,0.0,-0.20980547216545622
506,3,0.0,0.0,0.0,0.0,0.0
506,4,0.0,0.0,0.0,0.0,0.0
507,0,0.0,-0.004213378150728317,0.0,0.0,-8.167773592003648
507,1,0.0,0.0,-9.507994047191198e-05,0.0,-0.6401271648149327
507,2,0.0,0.0,0.0,0.0,-0.20980547216545622
507,3,0.0,0.0,0.0,0.0,0.0
507,4,0.0,0.0,0.0,0.0,0.0
508,0,0.0,-0.004213378150728317,0.0,0.0,-8.173963293889832
508,1,0.0,0.0,-9.507994047191198e-05,0.0,-0.6401271648149327
508,2,0.0,0.0,0.0,0.0,-0.20980547216545622
508,3,0.0,0.0,0.0,0.0,0.0
508,4,0.0,0.0,0.0,0.0,0.0
509,0,0.0,-0.004213378150728317,0.0,0.0,-8.18763596502903
509,1,0.0,0.0,-9.507994047191198e-05,0.0,-0.6401271648149327
509,2,0.0,0.0,0.0,0.0,-0.20980547216545622
509,3,0.0,0.0,0.0,0.0,0.0
509,4,0.0,0.0,0.0,0.0,0.0
510,0,0.0,-0.004213378150728317,0.0,0.0,-8.201269168193537
510,1,0.0,0.0,-9.507994047191198e-05,0.0,-0.6401271648149327
510,2,0.0,0.0,0.0,0.0,-0.20980547216545622
510,3,0.0,0.0,0.0,0.0,0.0
510,4,0.0,0.0,0.0,0.0,0.0
511,0,0.0,-0.004213378150728317,0.0,0.0,-8.20520703243516
511,1,0.0,0.0,-9.507994047191198e-05,0.0,-0.6401271648149327
511,2,0.0,0.0,0.0,0.0,-0.20980547216545622
511,3,0.0,0.0,0.0,0.0,0.0
511,4,0.0,0.0,0.0,0.0,0.0
512,0,0.0,-0.004213378150728317,0.0,0.0,-8.213793429786064
512,1,0.0,0.0,-9.507994047191198e-05,0.0,-0.6401271648149327
512,2,0.0,0.0,0.0,0.0,-0.20980547216545622
512,3,0.0,0.0,0.0,0.0,0.0
512,4,0.0,0.0,0.0,0.0,0.0
513,0,0.0,-0.004213378150728317,0.0,0.0,-8.229857313967273
513,1,0.0,0.0,-9.507994047191198e-05,0.0,-0.6401271648149327
513,2,0.0,0.0,0.0,0.0,-0.20980547216545622
513,3,0.0,0.0,0.0,0.0,0.0
513,4,0.0,0.0,0.0,0.0,0.0
514,0,0.0,-0.004213378150728317,0.0,0.0,-8.248373760055808
514,1,0.0,0.0,-9.507994047191198e-05,0.0,-0.6401271648149327
514,2,0.0,0.0,0.0,0.0,-0.20980547216545622
514,3,0.0,0.0,0.0,0.0,0.0
514,4,0.0,0.0,0.0,0.0,0.0
515,0,0.0,-0.004213378150728317,0.0,0.0,-8.25683460166286
515,1,0.0,0.0,-9.507994047191198e-05,0.0,-0.6401271648149327
515,2,0.0,0.0,0.0,0.0,-0.20980547216545622
515,3,0.0,0.0,0.0,0.0,0.0
515,4,0.0,0.0,0.0,0.0,0.0
516,0,0.0,-0.004213378150728317,0.0,0.0,-8.262780194724693
516,1,0.0,0.0,-9.507994047191198e-05,0.0,-0.6401271648149327
516,2,0.0,0.0,0.0,0.0,-0.20980547216545622
516,3,0.0,0.0,0.0,0.0,0.0
516,4,0.0,0.0,0.0,0.0,0.0
517,0,0.0,-0.004213378150728317,0.0,0.0,-8.271205251208913
517,1,0.0,0.0,-9.507994047191198e-05,0.0,-0.6401271648149327
517,2,0.0,0.0,0.0,0.0,-0.20980547216545622
517,3,0.0,0.0,0.0,0.0,0.0
517,4,0.0,0.0,0.0,0.0,0.0
518,0,0.0,-0.004213378150728317,0.0,0.0,-8.273610785742594
518,1,0.0,0.0,-9.507994047191198e-05,0.0,-0.6401271648149327
518,2,0.0,0.0,0.0,0.0,-0.20980547216545622
518,3,0.0,0.0,0.0,0.0,0.0
518,4,0.0,0.0,0.0,0.0,0.0
519,0,0.0,-0.004213378150728317,0.0,0.0,-8.292010331378227
519,1,0.0,0.0,-9.507994047191198e-05,0.0,-0.6401271648149327
519,2,0.0,0.0,0.0,0.0,-0.20980547216545622
519,3,0.0,0.0,0.0,0.0,0.0
519,4,0.0,0.0,0.0,0.0,0.0
520,0,0.0,-0.004213378150728317,0.0,0.0,-8.300354656913859
520,1,0.0,0.0,-9.507994047191198e-05,0.0,-0.6401271648149327
520,2,0.0,0.0,0.0,0.0,-0.20980547216545622
520,3,0.0,0.0,0.0,0.0,0.0
520,4,0.0,0.0,0.0,0.0,0.0
521,0,0.0,-0.004213378150728317,0.0,0.0,-8.306186845525684
521,1,0.0,0.0,-9.507994047191198e-05,0.0,-0.6401271648149327
521,2,0.0,0.0,0.0,0.0,-0.20980547216545622
521,3,0.0,0.0,0.0,0.0,0.0
521,4,0.0,0.0,0.0,0.0,0.0
522,0,0.0,-0.004213378150728317,0.0,0.0,-8.306489575867738
522,1,0.0,0.0,-9.507994047191198e-05,0.0,-0.6401271648149327
522,2,0.0,0.0,0.0,0.0,-0.20980547216545622
522,3,0.0,0.0,0.0,0.0,0.0
522,4,0.0,0.0,0.0,0.0,0.0
523,0,0.0,-0.004213378150728317,0.0,0.0,-8.30679215599644
523,1,0.0,0.0,-9.507994047191198e-05,0.0,-0.6401271648149327
523,2,0.0,0.0,0.0,0.0,-0.20980547216545622
523,3,0.0,0.0,0.0,0.0,0.0
523,4,0.0,0.0,0.0,0.0,0.0
524,0,0.0,-0.004213378150728317,0.0,0.0,-8.32260447405313
524,1,0.0,0.0,-9.507994047191198e-05,0.0,-0.6401271648149327
524,2,0.0,0.0,0.0,0.0,-0.20980547216545622
524,3,0.0,0.0,0.0,0.0,0.0
524,4,0.0,0.0,0.0,0.0,0.0
525,0,0.0,-0.004213378150728317,0.0,0.0,-8.324944429378093
525,1,0.0,0.0,-9.507994047191198e-05,0.0,-0.6401271648149327
525,2,0.0,0.0,0.0,0.0,-0.20980547216545622
525,3,0.0,0.0,0.0,0.0,0.0
525,4,0.0,0.0,0.0,0.0,0.0
526,0,0.0,-0.004213378150728317,0.0,0.0,-8.333206759284314
526,1,0.0,0.0,-9.507994047191198e-05,0.0,-0.6401271648149327
526,2,0.0,0.0,0.0,0.0,-0.20980547216545622
526,3,0.0,0.0,0.0,0.0,0.0
526,4,0.0,0.0,0.0,0.0,0.0
527,0,0.0,-0.004213378150728317,0.0,0.0,-8.338959436726181
527,1,0.0,0.0,-9.507994047191198e-05,0.0,-0.6401271648149327
527,2,0.0,0.0,0.0,0.0,-0.20980547216545622
527,3,0.0,0.0,0.0,0.0,0.0
527,4,0.0,0.0,0.0,0.0,0.0
528,0,0.0,-0.004213378150728317,0.0,0.0,-8.357187241547765
528,1,0.0,0.0,-9.507994047191198e-05,0.0,-0.6401271648149327
528,2,0.0,0.0,0.0,0.0,-0.20980547216545622
528,3,0.0,0.0,0.0,0.0,0.0
528,4,0.0,0.0,0.0,0.0,0.0
529,0,0.0,-0.004213378150728317,0.0,0.0,-8.36287467872569
529,1,0.0,0.0,-9.507994047191198e-05,0.0,-0.6401271648149327
529,2,0.0,0.0,0.0,0.0,-0.20980547216545622
529,3,0.0,0.0,0.0,0.0,0.0
529,4,0.0,0.0,0.0,0.0,0.0
530,0,0.0,-0.004213378150728317,0.0,0.0,-8.364116556557386
530,1,0.0,0.0,-9.507994047191198e-05,0.0,-0.6401271648149327
530,2,0.0,0.0,0.0,0.0,-0.20980547216545622
530,3,0.0,0.0,0.0,0.0,0.0
530,4,0.0,0.0,0.0,0.0,0.0
531,0,0.0,-0.004213378150728317,0.0,0.0,-8.37977602775602
531,1,0.0,0.0,-9.507994047191198e-05,0.0,-0.6401271648149327
531,2,0.0,0.0,0.0,0.0,-0.20980547216545622
531,3,0.0,0.0,0.0,0.0,0.0
531,4,0.0,0.0,0.0,0.0,0.0
532,0,0.0,-0.004213378150728317,0.0,0.0,-8.382043128654276
532,1,0.0,0.0,-9.507994047191198e-05,0.0,-0.6401271648149327
532,2,0.0,0.0,0.0,0.0,-0.20980547216545622
532,3,0.0,0.0,0.0,0.0,0.0
532,4,0.0,0.0,0.0,0.0,0.0
533,0,0.0,-0.004213378150728317,0.0,0.0,-8.384306908553064
533,1,0.0,0.0,-9.507994047191198e-05,0.0,-0.6401271648149327
533,2,0.0,0.0,0.0,0.0,-0.20980547216545622
533,3,0.0,0.0,0.0,0.0,0.0
533,4,0.0,0.0,0.0,0.0,0.0
534,0,0.0,-0.004213378150728317,0.0,0.0,-8.3924138612783
534,1,0.0,0.0,-9.507994047191198e-05,0.0,-0.6401271648149327
534,2,0.0,0.0,0.0,0.0,-0.20980547216545622
534,3,0.0,0.0,0.0,0.0,0.0
534,4,0.0,0.0,0.0,0.0,0.0
535,0,0.0,-0.004213378150728317,0.0,0.0,-8.41049988628521
535,1,0.0,0.0,-9.507994047191198e-05,0.0,-0.6401271648149327
535,2,0.0,0.0,0.0,0.0,-0.20980547216545622
535,3,0.0,0.0,0.0,0.0,0.0
535,4,0.0,0.0,0.0,0.0,0.0
536,0,0.0,-0.004213378150728317,0.0,0.0,-8.423531720258742
536,1,0.0,0.0,-9.507994047191198e-05,0.0,-0.6401271648149327
536,2,0.0,0.0,0.0,0.0,-0.20980547216545622
536,3,0.0,0.0,0.0,0.0,0.0
536,4,0.0,0.0,0.0,0.0,0.0
537,0,0.0,-0.004213378150728317,0.0,0.0,-8.423704308895504
537,1,0.0,0.0,-9.507994047191198e-05,0.0,-0.6401271648149327
537,2,0.0,0.0,0.0,0.0,-0.20980547216545622
537,3,0.0,0.0,0.0,0.0,0.0
537,4,0.0,0.0,0.0,0.0,0.0
538,0,0.0,-0.004213378150728317,0.0,0.0,-8.425917104451546
538,1,0.0,0.0,-9.507994047191198e-05,0.0,-0.6401271648149327
538,2,0.0,0.0,0.0,0.0,-0.20980547216545622
538,3,0.0,0.0,0.0,0.0,0.0
538,4,0.0,0.0,0.0,0.0,0.0
539,0,0.0,-0.004213378150728317,0.0,0.0,-8.441410367638213
539,1,0.0,0.0,-9.507994047191198e-05,0.0,-0.6401271648149327
539,2,0.0,0.0,0.0,0.0,-0.20980547216545622
539,3,0.0,0.0,0.0,0.0,0.0
539,4,0.0,0.0,0.0,0.0,0.0
540,0,0.0,-0.004213378150728317,0.0,0.0,-8.446882875476986
540,1,0.0,0.0,-9.507994047191198e-05,0.0,-0.6401271648149327
540,2,0.0,0.0,0.0,0.0,-0.20980547216545622
540,3,0.0,0.0,0.0,0.0,0.0
540,4,0.0,0.0,0.0,0.0,0.0
541,0,0.0,-0.004213378150728317,0.0,0.0,-8.459818421821412
541,1,0.0,0.0,-9.507994047191198e-05,0.0,-0.6401271648149327
541,2,0.0,0.0,0.0,0.0,-0.20980547216545622
541,3,0.0,0.0,0.0,0.0,0.0
541,4,0.0,0.0,0.0,0.0,0.0
542,0,0.0,-0.004213378150728317,0.0,0.0,-8.472716951038288
542,1,0.0,0.0,-9.507994047191198e-05,0.0,-0.6401271648149327
542,2,0.0,0.0,0.0,0.0,-0.20980547216545622
542,3,0.0,0.0,0.0,0.0,0.0
542,4,0.0,0.0,0.0,0.0,0.0
543,0,0.0,-0.004213378150728317,0.0,0.0,-8.47615853408888
543,1,0.0,0.0,-9.507994047191198e-05,0.0,-0.6401271648149327
543,2,0.0,0.0,0.0,0.0,-0.20980547216545622
543,3,0.0,0.0,0.0,0.0,0.0
543,4,0.0,0.0,0.0,0.0,0.0
544,0,0.0,-0.004213378150728317,0.0,0.0,-8.479594117132104
544,1,0.0,0.0,-9.507994047191198e-05,0.0,-0.6401271648149327
544,2,0.0,0.0,0.0,0.0,-0.20980547216545622
544,3,0.0,0.0,0.0,0.0,0.0
544,4,0.0,0.0,0.0,0.0,0.0
545,0,0.0,-0.004213378150728317,0.0,0.0,-8.483023713405156
545,1,0.0,0.0,-9.507994047191198e-05,0.0,-0.6401271648149327
545,2,0.0,0.0,0.0,0.0,-0.20980547216545622
545,3,0.0,0.0,0.0,0.0,0.0
545,4,0.0,0.0,0.0,0.0,0.0
546,0,0.0,-0.004213378150728317,0.0,0.0,-8.498367083584974
546,1,0.0,0.0,-9.507994047191198e-05,0.0,-0.6401271648149327
546,2,0.0,0.0,0.0,0.0,-0.20980547216545622
546,3,0.0,0.0,0.0,0.0,0.0
546,4,0.0,0.0,0.0,0.0,0.0
547,0,0.0,-0.004213378150728317,0.0,0.0,-8.498455190574084
547,1,0.0,0.0,-9.507994047191198e-05,0.0,-0.6401271648149327
547,2,0.0,0.0,0.0,0.0,-0.20980547216545622
547,3,0.0,0.0,0.0,0.0,0.0
547,4,0.0,0.0,0.0,0.0,0.0
548,0,0.0,-0.004213378150728317,0.0,0.0,-8.506255568860334
548,1,0.0,0.0,-9.507994047191198e-05,0.0,-0.6401271648149327
548,2,0.0,0.0,0.0,0.0,-0.20980547216545622
548,3,0.0,0.0,0.0,0.0,0.0
548,4,0.0,0.0,0.0,0.0,0.0
549,0,0.0,-0.004213378150728317,0.0,0.0,-8.506334737519163
549,1,0.0,0.0,-9.507994047191198e-05,0.0,-0.6401271648149327
549,2,0.0,0.0,0.0,0.0,-0.20980547216545622
549,3,0.0,0.0,0.0,0.0,0.0
549,4,0.0,0.0,0.0,0.0,0.0
550,0,0.0,-0.004213378150728317,0.0,0.0,-8.524117289427961
550,1,0.0,0.0,-9.507994047191198e-05,0.0,-0.6401271648149327
550,2,0.0,0.0,0.0,0.0,-0.20980547216545622
550,3,0.0,0.0,0.0,0.0,0.0
550,4,0.0,0.0,0.0,0.0,0.0
551,0,0.0,-0.004213378150728317,0.0,0.0,-8.534346653945143
551,1,0.0,0.0,-9.507994047191198e-05,0.0,-0.6401271648149327
551,2,0.0,0.0,0.0,0.0,-0.20980547216545622
551,3,0.0,0.0,0.0,0.0,0.0
551,4,0.0,0.0,0.0,0.0,0.0
552,0,0.0,-0.004213378150728317,0.0,0.0,-8.544548016501642
552,1,0.0,0.0,-9.507994047191198e-05,0.0,-0.6401271648149327
552,2,0.0,0.0,0.0,0.0,-0.20980547216545622
552,3,0.0,0.0,0.0,0.0,0.0
552,4,0.0,0.0,0.0,0.0,0.0
553,0,0.0,-0.004213378150728317,0.0,0.0,-8.549763403585017
553,1,0.0,0.0,-9.507994047191198e-05,0.0,-0.6401271648149327
553,2,0.0,0.0,0.0,0.0,-0.20980547216545622
553,3,0.0,0.0,0.0,0.0,0.0
553,4,0.0,0.0,0.0,0.0,0.0
554,0,0.0,-0.004213378150728317,0.0,0.0,-8.55742550464238
554,1,0.0,0.0,-9.507994047191198e-05,0.0,-0.6401271648149327
554,2,0.0,0.0,0.0,0.0,-0.20980547216545622
554,3,0.0,0.0,0.0,0.0,0.0
554,4,0.0,0.0,0.0,0.0,0.0
555,0,0.0,-0.004213378150728317,0.0,0.0,-8.567568153860364
555,1,0.0,0.0,-9.507994047191198e-05,0.0,-0.6401271648149327
555,2,0.0,0.0,0.0,0.0,-0.20980547216545622
555,3,0.0,0.0,0.0,0.0,0.0
555,4,0.0,0.0,0.0,0.0,0.0
556,0,0.0,-0.004213378150728317,0.0,0.0,-8.568588559931262
556,1,0.0,0.0,-9.507994047191198e-05,0.0,-0.6401271648149327
556,2,0.0,0.0,0.0,0.0,-0.20980547216545622
556,3,0.0,0.0,0.0,0.0,0.0
556,4,0.0,0.0,0.0,0.0,0.0
557,0,0.0,-0.004213378150728317,0.0,0.0,-8.578703224253388
557,1,0.0,0.0,-9.507994047191198e-05,0.0,-0.6401271648149327
557,2,0.0,0.0,0.0,0.0,-0.20980547216545622
557,3,0.0,0.0,0.0,0.0,0.0
557,4,0.0,0.0,0.0,0.0,0.0
558,0,0.0,-0.004213378150728317,0.0,0.0,-8.583837540837711
558,1,0.0,0.0,-9.507994047191198e-05,0.0,-0.6401271648149327
558,2,0.0,0.0,0.0,0.0,-0.20980547216545622
558,3,0.0,0.0,0.0,0.0,0.0
558,4,0.0,0.0,0.0,0.0,0.0
559,0,0.0,-0.004213378150728317,0.0,0.0,-8.58709133230518
559,1,0.0,0.0,-9.507994047191198e-05,0.0,-0.6401271648149327
559,2,0.0,0.0,0.0,0.0,-0.20980547216545622
559,3,0.0,0.0,0.0,0.0,0.0
559,4,0.0,0.0,0.0,0.0,0.0
560,0,0.0,-0.004213378150728317,0.0,0.0,-8.587077687077917
560,1,0.0,0.0,-9.507994047191198e-05,0.0,-0.6401271648149327
560,2,0.0,0.0,0.0,0.0,-0.20980547216545622
560,3,0.0,0.0,0.0,0.0,0.0
560,4,0.0,0.0,0.0,0.0,0.0
561,0,0.0,-0.004213378150728317,0.0,0.0,-8.599650318119563
561,1,0.0,0.0,-9.507994047191198e-05,0.0,-0.6401271648149327
561,2,0.0,0.0,0.0,0.0,-0.20980547216545622
561,3,0.0,0.0,0.0,0.0,0.0
561,4,0.0,0.0,0.0,0.0,0.0
562,0,0.0,-0.004213378150728317,0.0,0.0,-8.599622711247099
562,1,0.0,0.0,-9.507994047191198e-05,0.0,-0.6401271648149327
562,2,0.0,0.0,0.0,0.0,-0.20980547216545622
562,3,0.0,0.0,0.0,0.0,0.0
562,4,0.0,0.0,0.0,0.0,0.0
563,0,0.0,-0.004213378150728317,0.0,0.0,-8.599595479436015
563,1,0.0,0.0,-9.507994047191198e-05,0.0,-0.6401271648149327
563,2,0.0,0.0,0.0,0.0,-0.20980547216545622
563,3,0.0,0.0,0.0,0.0,0.0
563,4,0.0,0.0,0.0,0.0,0.0
564,0,0.0,-0.004213378150728317,0.0,0.0,-8.617136977365668
564,1,0.0,0.0,-9.507994047191198e-05,0.0,-0.6401271648149327
564,2,0.0,0.0,0.0,0.0,-0.20980547216545622
564,3,0.0,0.0,0.0,0.0,0.0
564,4,0.0,0.0,0.0,0.0,0.0
565,0,0.0,-0.004213378150728317,0.0,0.0,-8.622181999873648
565,1,0.0,0.0,-9.507994047191198e-05,0.0,-0.6401271648149327
565,2,0.0,0.0,0.0,0.0,-0.20980547216545622
565,3,0.0,0.0,0.0,0.0,0.0
565,4,0.0,0.0,0.0,0.0,0.0
566,0,0.0,-0.004213378150728317,0.0,0.0,-8.639660263996449
566,1,0.0,0.0,-9.507994047191198e-05,0.0,-0.6401271648149327
566,2,0.0,0.0,0.0,0.0,-0.20980547216545622
566,3,0.0,0.0,0.0,0.0,0.0
566,4,0.0,0.0,0.0,0.0,0.0
567,0,0.0,-0.004213378150728317,0.0,0.0,-8.641611141704146
567,1,0.0,0.0,-9.507994047191198e-05,0.0,-0.6401271648149327
567,2,0.0,0.0,0.0,0.0,-0.20980547216545622
567,3,0.0,0.0,0.0,0.0,0.0
567,4,0.0,0.0,0.0,0.0,0.0
568,0,0.0,-0.004213378150728317,0.0,0.0,-8.65153474514901
568,1,0.0,0.0,-9.507994047191198e-05,0.0,-0.6401271648149327
568,2,0.0,0.0,0.0,0.0,-0.20980547216545622
568,3,0.0,0.0,0.0,0.0,0.0
568,4,0.0,0.0,0.0,0.0,0.0
569,0,0.0,-0.004213378150728317,0.0,0.0,-8.654681917749459
569,1,0.0,0.0,-9.507994047191198e-05,0.0,-0.6401271648149327
569,2,0.0,0.0,0.0,0.0,-0.20980547216545622
569,3,0.0,0.0,0.0,0.0,0.0
569,4,0.0,0.0,0.0,0.0,0.0
570,0,0.0,-0.004213378150728317,0.0,0.0,-8.669573173108574
570,1,0.0,0.0,-9.507994047191198e-05,0.0,-0.6401271648149327
570,2,0.0,0.0,0.0,0.0,-0.20980547216545622
570,3,0.0,0.0,0.0,0.0,0.0
570,4,0.0,0.0,0.0,0.0,0.0
571,0,0.0,-0.004213378150728317,0.0,0.0,-8.684420857801982
571,1,0.0,0.0,-9.507994047191198e-05,0.0,-0.6401271648149327
571,2,0.0,0.0,0.0,0.0,-0.20980547216545622
571,3,0.0,0.0,0.0,0.0,0.0
571,4,0.0,0.0,0.0,0.0,0.0
572,0,0.0,-0.004213378150728317,0.0,0.0,-8.684297067582435
572,1,0.0,0.0,-9.507994047191198e-05,0.0,-0.6401271648149327
572,2,0.0,0.0,0.0,0.0,-0.20980547216545622
572,3,0.0,0.0,0.0,0.0,0.0
572,4,0.0,0.0,0.0,0.0,0.0
573,0,0.0,-0.004213378150728317,0.0,0.0,-8.691603942898066
573,1,0.0,0.0,-9.507994047191198e-05,0.0,-0.6401271648149327
573,2,0.0,0.0,0.0,0.0,-0.20980547216545622
573,3,0.0,0.0,0.0,0.0,0.0
573,4,0.0,0.0,0.0,0.0,0.0
574,0,0.0,-0.004213378150728317,0.0,0.0,-8.696469029528593
574,1,0.0,0.0,-9.507994047191198e-05,0.0,-0.6401271648149327
574,2,0.0,0.0,0.0,0.0,-0.20980547216545622
574,3,0.0,0.0,0.0,0.0,0.0
574,4,0.0,0.0,0.0,0.0,0.0
575,0,0.0,-0.004213378150728317,0.0,0.0,-8.70374736482828
575,1,0.0,0.0,-9.507994047191198e-05,0.0,-0.6401271648149327
575,2,0.0,0.0,0.0,0.0,-0.20980547216545622
575,3,0.0,0.0,0.0,0.0,0.0
575,4,0.0,0.0,0.0,0.0,0.0
576,0,0.0,-0.004213378150728317,0.0,0.0,-8.703600507744898
576,1,0.0,0.0,-9.507994047191198e-05,0.0,-0.6401271648149327
576,2,0.0,0.0,0.0,0.0,-0.20980547216545622
576,3,0.0,0.0,0.0,0.0,0.0
576,4,0.0,0.0,0.0,0.0,0.0
577,0,0.0,-0.004213378150728317,0.0,0.0,-8.718363309919786
577,1,0.0,0.0,-9.507994047191198e-05,0.0,-0.6401271648149327
577,2,0.0,0.0,0.0,0.0,-0.20980547216545622
577,3,0.0,0.0,0.0,0.0,0.0
577,4,0.0,0.0,0.0,0.0,0.0
578,0,0.0,-0.004213378150728317,0.0,0.0,-8.71820009233331
578,1,0.0,0.0,-9.507994047191198e-05,0.0,-0.6401271648149327
578,2,0.0,0.0,0.0,0.0,-0.20980547216545622
578,3,0.0,0.0,0.0,0.0,0.0
578,4,0.0,0.0,0.0,0.0,0.0
579,0,0.0,-0.004213378150728317,0.0,0.0,-8.719058860369211
579,1,0.0,0.0,-9.507994047191198e-05,0.0,-0.6401271648149327
579,2,0.0,0.0,0.0,0.0,-0.20980547216545622
579,3,0.0,0.0,0.0,0.0,0.0
579,4,0.0,0.0,0.0,0.0,0.0
580,0,0.0,-0.004213378150728317,0.0,0.0,-8.728781350789786
580,1,0.0,0.0,-9.507994047191198e-05,0.0,-0.6401271648149327
580,2,0.0,0.0,0.0,0.0,-0.20980547216545622
580,3,0.0,0.0,0.0,0.0,0.0
580,4,0.0,0.0,0.0,0.0,0.0
581,0,0.0,-0.004213378150728317,0.0,0.0,-8.729628644847173
581,1,0.0,0.0,-9.507994047191198e-05,0.0,-0.6401271648149327
581,2,0.0,0.0,0.0,0.0,-0.20980547216545622
581,3,0.0,0.0,0.0,0.0,0.0
581,4,0.0,0.0,0.0,0.0,0.0
582,0,0.0,-0.004213378150728317,0.0,0.0,-8.744324942657226
582,1,0.0,0.0,-9.507994047191198e-05,0.0,-0.6401271648149327
582,2,0.0,0.0,0.0,0.0,-0.20980547216545622
582,3,0.0,0.0,0.0,0.0,0.0
582,4,0.0,0.0,0.0,0.0,0.0
583,0,0.0,-0.004213378150728317,0.0,0.0,-8.747329304278528
583,1,0.0,0.0,-9.507994047191198e-05,0.0,-0.6401271648149327
583,2,0.0,0.0,0.0,0.0,-0.20980547216545622
583,3,0.0,0.0,0.0,0.0,0.0
583,4,0.0,0.0,0.0,0.0,0.0
584,0,0.0,-0.004213378150728317,0.0,0.0,-8.754477689376408
584,1,0.0,0.0,-9.507994047191198e-05,0.0,-0.6401271648149327
584,2,0.0,0.0,0.0,0.0,-0.20980547216545622
584,3,0.0,0.0,0.0,0.0,0.0
584,4,0.0,0.0,0.0,0.0,0.0
585,0,0.0,-0.004213378150728317,0.0,0.0,-8.755297145896074
585,1,0.0,0.0,-9.507994047191198e-05,0.0,-0.6401271648149327
585,2,0.0,0.0,0.0,0.0,-0.20980547216545622
585,3,0.0,0.0,0.0,0.0,0.0
585,4,0.0,0.0,0.0,0.0,0.0
586,0,0.0,-0.004213378150728317,0.0,0.0,-8.769927980941866
586,1,0.0,0.0,-9.507994047191198e-05,0.0,-0.6401271648149327
586,2,0.0,0.0,0.0,0.0,-0.20980547216545622
586,3,0.0,0.0,0.0,0.0,0.0
586,4,0.0,0.0,0.0,0.0,0.0
587,0,0.0,-0.004213378150728317,0.0,0.0,-8.779516094354651
587,1,0.0,0.0,-9.507994047191198e-05,0.0,-0.6401271648149327
587,2,0.0,0.0,0.0,0.0,-0.20980547216545622
587,3,0.0,0.0,0.0,0.0,0.0
587,4,0.0,0.0,0.0,0.0,0.0
588,0,0.0,-0.004213378150728317,0.0,0.0,-8.789078299941417
588,1,0.0,0.0,-9.507994047191198e-05,0.0,-0.6401271648149327
588,2,0.0,0.0,0.0,0.0,-0.20980547216545622
588,3,0.0,0.0,0.0,0.0,0.0
588,4,0.0,0.0,0.0,0.0,0.0
589,0,0.0,-0.004213378150728317,0.0,0.0,-8.798614683388756
589,1,0.0,0.0,-9.507994047191198e-05,0.0,-0.6401271648149327
589,2,0.0,0.0,0.0,0.0,-0.20980547216545622
589,3,0.0,0.0,0.0,0.0,0.0
589,4,0.0,0.0,0.0,0.0,0.0
590,0,0.0,-0.004213378150728317,0.0,0.0,-8.805625330067793
590,1,0.0,0.0,-9.507994047191198e-05,0.0,-0.6401271648149327
590,2,0.0,0.0,0.0,0.0,-0.20980547216545622
590,3,0.0,0.0,0.0,0.0,0.0
590,4,0.0,0.0,0.0,0.0,0.0
591,0,0.0,-0.004213378150728317,0.0,0.0,-8.82261865756778
591,1,0.0,0.0,-9.507994047191198e-05,0.0,-0.6401271648149327
591,2,0.0,0.0,0.0,0.0,-0.20980547216545622
591,3,0.0,0.0,0.0,0.0,0.0
591,4,0.0,0.0,0.0,0.0,0.0
592,0,0.0,-0.004213378150728317,0.0,0.0,-8.823365232094012
592,1,0.0,0.0,-9.507994047191198e-05,0.0,-0.6401271648149327
592,2,0.0,0.0,0.0,0.0,-0.20980547216545622
592,3,0.0,0.0,0.0,0.0,0.0
592,4,0.0,0.0,0.0,0.0,0.0
593,0,0.0,-0.004213378150728317,0.0,0.0,-8.835308376208843
593,1,0.0,0.0,-9.507994047191198e-05,0.0,-0.6401271648149327
593,2,0.0,0.0,0.0,0.0,-0.20980547216545622
593,3,0.0,0.0,0.0,0.0,0.0
593,4,0.0,0.0,0.0,0.0,0.0
594,0,0.0,-0.004213378150728317,0.0,0.0,-8.847217762934207
594,1,0.0,0.0,-9.507994047191198e-05,0.0,-0.6401271648149327
594,2,0.0,0.0,0.0,0.0,-0.20980547216545622
594,3,0.0,0.0,0.0,0.0,0.0
594,4,0.0,0.0,0.0,0.0,0.0
595,0,0.0,-0.004213378150728317,0.0,0.0,-8.859093507409172
595,1,0.0,0.0,-9.507994047191198e-05,0.0,-0.6401271648149327
595,2,0.0,0.0,0.0,0.0,-0.20980547216545622
595,3,0.0,0.0,0.0,0.0,0.0
595,4,0.0,0.0,0.0,0.0,0.0
596,0,0.0,-0.004213378150728317,0.0,0.0,-8.859801108202426
596,1,0.0,0.0,-9.507994047191198e-05,0.0,-0.6401271648149327
596,2,0.0,0.0,0.0,0.0,-0.20980547216545622
596,3,0.0,0.0,0.0,0.0,0.0
596,4,0.0,0.0,0.0,0.0,0.0
597,0,0.0,-0.004213378150728317,0.0,0.0,-8.860507985790337
597,1,0.0,0.0,-9.507994047191198e-05,0.0,-0.6401271648149327
597,2,0.0,0.0,0.0,0.0,-0.20980547216545622
597,3,0.0,0.0,0.0,0.0,0.0
597,4,0.0,0.0,0.0,0.0,0.0
598,0,0.0,-0.004213378150728317,0.0,0.0,-8.872351228312361
598,1,0.0,0.0,-9.507994047191198e-05,0.0,-0.6401271648149327
598,2,0.0,0.0,0.0,0.0,-0.20980547216545622
598,3,0.0,0.0,0.0,0.0,0.0
598,4,0.0,0.0,0.0,0.0,0.0
599,0,0.0,-0.004213378150728317,0.0,0.0,-8.872008693182726
599,1,0.0,0.0,-9.507994047191198e-05,0.0,-0.6401271648149327
599,2,0.0,0.0,0.0,0.0,-0.20980547216545622
599,3,0.0,0.0,0.0,0.0,0.0
599,4,0.0,0.0,0.0,0.0,0.0
600,0,0.0,-0.004213378150728317,0.0,0.0,-8.886321684100192
600,1,0.0,0.0,-9.507994047191198e-05,0.0,-0.6401271648149327
600,2,0.0,0.0,0.0,0.0,-0.20980547216545622
600,3,0.0,0.0,0.0,0.0,0.0
600,4,0.0,0.0,0.0,0.0,0.0
601,0,0.0,-0.004213378150728317,0.0,0.0,-8.887000601571492
601,1,0.0,0.0,-9.507994047191198e-05,0.0,-0.6401271648149327
601,2,0.0,0.0,0.0,0.0,-0.20980547216545622
601,3,0.0,0.0,0.0,0.0,0.0
601,4,0.0,0.0,0.0,0.0,0.0
602,0,0.0,-0.004213378150728317,0.0,0.0,-8.903772519999222
602,1,0.0,0.0,-9.507994047191198e-05,0.0,-0.6401271648149327
602,2,0.0,0.0,0.0,0.0,-0.20980547216545622
602,3,0.0,0.0,0.0,0.0,0.0
602,4,0.0,0.0,0.0,0.0,0.0
603,0,0.0,-0.004213378150728317,0.0,0.0,-8.912994589552058
603,1,0.0,0.0,-9.507994047191198e-05,0.0,-0.6401271648149327
603,2,0.0,0.0,0.0,0.0,-0.20980547216545622
603,3,0.0,0.0,0.0,0.0,0.0
603,4,0.0,0.0,0.0,0.0,0.0
604,0,0.0,-0.004213378150728317,0.0,0.0,-8.924691983306328
604,1,0.0,0.0,-9.507994047191198e-05,0.0,-0.6401271648149327
604,2,0.0,0.0,0.0,0.0,-0.20980547216545622
604,3,0.0,0.0,0.0,0.0,0.0
604,4,0.0,0.0,0.0,0.0,0.0
605,0,0.0,-0.004213378150728317,0.0,0.0,-8.925329970894373
605,1,0.0,0.0,-9.507994047191198e-05,0.0,-0.6401271648149327
605,2,0.0,0.0,0.0,0.0,-0.20980547216545622
605,3,0.0,0.0,0.0,0.0,0.0
605,4,0.0,0.0,0.0,0.0,0.0
606,0,0.0,-0.004213378150728317,0.0,0.0,-8.939495127313046
606,1,0.0,0.0,-9.507994047191198e-05,0.0,-0.6401271648149327
606,2,0.0,0.0,0.0,0.0,-0.20980547216545622
606,3,0.0,0.0,0.0,0.0,0.0
606,4,0.0,0.0,0.0,0.0,0.0
607,0,0.0,-0.004213378150728317,0.0,0.0,-8.943799242229634
607,1,0.0,0.0,-9.507994047191198e-05,0.0,-0.6401271648149327
607,2,0.0,0.0,0.0,0.0,-0.20980547216545622
607,3,0.0,0.0,0.0,0.0,0.0
607,4,0.0,0.0,0.0,0.0,0.0
608,0,0.0,-0.004213378150728317,0.0,0.0,-8.952914712857122
608,1,0.0,0.0,-9.507994047191198e-05,0.0,-0.6401271648149327
608,2,0.0,0.0,0.0,0.0,-0.20980547216545622
608,3,0.0,0.0,0.0,0.0,0.0
608,4,0.0,0.0,0.0,0.0,0.0
609,0,0.0,-0.004213378150728317,0.0,0.0,-8.952477184352446
609,1,0.0,0.0,-9.507994047191198e-05,0.0,-0.6401271648149327
609,2,0.0,0.0,0.0,0.0,-0.20980547216545622
609,3,0.0,0.0,0.0,0.0,0.0
609,4,0.0,0.0,0.0,0.0,0.0
610,0,0.0,-0.004213378150728317,0.0,0.0,-8.96657175265326
610,1,0.0,0.0,-9.507994047191198e-05,0.0,-0.6401271648149327
610,2,0.0,0.0,0.0,0.0,-0.20980547216545622
610,3,0.0,0.0,0.0,0.0,0.0
610,4,0.0,0.0,0.0,0.0,0.0
611,0,0.0,-0.004213378150728317,0.0,0.0,-8.966118551405234
611,1,0.0,0.0,-9.507994047191198e-05,0.0,-0.6401271648149327
611,2,0.0,0.0,0.0,0.0,-0.20980547216545622
611,3,0.0,0.0,0.0,0.0,0.0
611,4,0.0,0.0,0.0,0.0,0.0
612,0,0.0,-0.004213378150728317,0.0,0.0,-8.966712155175772
612,1,0.0,0.0,-9.507994047191198e-05,0.0,-0.6401271648149327
612,2,0.0,0.0,0.0,0.0,-0.20980547216545622
612,3,0.0,0.0,0.0,0.0,0.0
612,4,0.0,0.0,0.0,0.0,0.0
613,0,0.0,-0.004213378150728317,0.0,0.0,-8.975770062291529
613,1,0.0,0.0,-9.507994047191198e-05,0.0,-0.6401271648149327
613,2,0.0,0.0,0.0,0.0,-0.20980547216545622
613,3,0.0,0.0,0.0,0.0,0.0
613,4,0.0,0.0,0.0,0.0,0.0
614,0,0.0,-0.004213378150728317,0.0,0.0,-8.992303832705614
614,1,0.0,0.0,-9.507994047191198e-05,0.0,-0.6401271648149327
614,2,0.0,0.0,0.0,0.0,-0.20980547216545622
614,3,0.0,0.0,0.0,0.0,0.0
614,4,0.0,0.0,0.0,0.0,0.0
615,0,0.0,-0.004213378150728317,0.0,0.0,-8.99649797089008
615,1,0.0,0.0,-9.507994047191198e-05,0.0,-0.6401271648149327
615,2,0.0,0.0,0.0,0.0,-0.20980547216545622
615,3,0.0,0.0,0.0,0.0,0.0
615,4,0.0,0.0,0.0,0.0,0.0
616,0,0.0,-0.004213378150728317,0.0,0.0,-9.002974489976438
616,1,0.0,0.0,-9.507994047191198e-05,0.0,-0.6401271648149327
616,2,0.0,0.0,0.0,0.0,-0.20980547216545622
616,3,0.0,0.0,0.0,0.0,0.0
616,4,0.0,0.0,0.0,0.0,0.0
617,0,0.0,-0.004213378150728317,0.0,0.0,-9.014435465096252
617,1,0.0,0.0,-9.507994047191198e-05,0.0,-0.6401271648149327
617,2,0.0,0.0,0.0,0.0,-0.20980547216545622
617,3,0.0,0.0,0.0,0.0,0.0
617,4,0.0,0.0,0.0,0.0,0.0
618,0,0.0,-0.004213378150728317,0.0,0.0,-9.017052602375015
618,1,0.0,0.0,-9.507994047191198e-05,0.0,-0.6401271648149327
618,2,0.0,0.0,0.0,0.0,-0.20980547216545622
618,3,0.0,0.0,0.0,0.0,0.0
618,4,0.0,0.0,0.0,0.0,0.0
619,0,0.0,-0.004213378150728317,0.0,0.0,-9.030977409374321
619,1,0.0,0.0,-9.507994047191198e-05,0.0,-0.6401271648149327
619,2,0.0,0.0,0.0,0.0,-0.20980547216545622
619,3,0.0,0.0,0.0,0.0,0.0
619,4,0.0,0.0,0.0,0.0,0.0
620,0,0.0,-0.004213378150728317,0.0,0.0,-9.044861850144605
620,1,0.0,0.0,-9.507994047191198e-05,0.0,-0.6401271648149327
620,2,0.0,0.0,0.0,0.0,-0.20980547216545622
620,3,0.0,0.0,0.0,0.0,0.0
620,4,0.0,0.0,0.0,0.0,0.0
621,0,0.0,-0.004213378150728317,0.0,0.0,-9.051206266137973
621,1,0.0,0.0,-9.507994047191198e-05,0.0,-0.6401271648149327
621,2,0.0,0.0,0.0,0.0,-0.20980547216545622
621,3,0.0,0.0,0.0,0.0,0.0
621,4,0.0,0.0,0.0,0.0,0.0
622,0,0.0,-0.004876430963085984,0.0,0.0,-9.051206266137973
622,1,0.0,0.0,-9.507994047191198e-05,0.0,-0.674251785084245
622,2,0.0,0.0,0.0,0.0,-0.20980547216545622
622,3,0.0,0.0,0.0,0.0,0.0
622,4,0.0,0.0,0.0,0.0,0.0
623,0,0.0,-0.004876430963085984,0.0,0.0,-9.067535390432559
623,1,0.0,0.0,-9.507994047191198e-05,0.0,-0.674251785084245
623,2,0.0,0.0,0.0,0.0,-0.20980547216545622
623,3,0.0,0.0,0.0,0.0,0.0
623,4,0.0,0.0,0.0,0.0,0.0
624,0,0.0,-0.004876430963085984,0.0,0.0,-9.073816523041888
624,1,0.0,0.0,-9.507994047191198e-05,0.0,-0.674251785084245
624,2,0.0,0.0,0.0,0.0,-0.20980547216545622
624,3,0.0,0.0,0.0,0.0,0.0
624,4,0.0,0.0,0.0,0.0,0.0
625,0,0.0,-0.004876430963085984,0.0,0.0,-9.076353687087057
625,1,0.0,0.0,-9.507994047191198e-05,0.0,-0.674251785084245
625,2,0.0,0.0,0.0,0.0,-0.20980547216545622
625,3,0.0,0.0,0.0,0.0,0.0
625,4,0.0,0.0,0.0,0.0,0.0
626,0,0.0,-0.004876430963085984,0.0,0.0,-9.076826837592765
626,1,0.0,0.0,-9.507994047191198e-05,0.0,-0.674251785084245
626,2,0.0,0.0,0.0,0.0,-0.20980547216545622
626,3,0.0,0.0,0.0,0.0,0.0
626,4,0.0,0.0,0.0,0.0,0.0
627,0,0.0,-0.004876430963085984,0.0,0.0,-9.083090397895685
627,1,0.0,0.0,-9.507994047191198e-05,0.0,-0.674251785084245
627,2,0.0,0.0,0.0,0.0,-0.20980547216545622
627,3,0.0,0.0,0.0,0.0,0.0
627,4,0.0,0.0,0.0,0.0,0.0
628,0,0.0,-0.004876430963085984,0.0,0.0,-9.083555968109685
628,1,0.0,0.0,-9.507994047191198e-05,0.0,-0.674251785084245
628,2,0.0,0.0,0.0,0.0,-0.20980547216545622
628,3,0.0,0.0,0.0,0.0,0.0
628,4,0.0,0.0,0.0,0.0,0.0
629,0,0.0,-0.004876430963085984,0.0,0.0,-9.085010370543166
629,1,0.0,0.0,-9.507994047191198e-05,0.0,-0.674251785084245
629,2,0.0,0.0,0.0,0.0,-0.20980547216545622
629,3,0.0,0.0,0.0,0.0,0.0
629,4,0.0,0.0,0.0,0.0,0.0
630,0,0.0,-0.004876430963085984,0.0,0.0,-9.084414443811271
630,1,0.0,0.0,-9.507994047191198e-05,0.0,-0.674251785084245
630,2,0.0,0.0,0.0,0.0,-0.20980547216545622
630,3,0.0,0.0,0.0,0.0,0.0
630,4,0.0,0.0,0.0,0.0,0.0
631,0,0.0,-0.004876430963085984,0.0,0.0,-9.090666841184339
631,1,0.0,0.0,-9.507994047191198e-05,0.0,-0.674251785084245
631,2,0.0,0.0,0.0,0.0,-0.20980547216545622
631,3,0.0,0.0,0.0,0.0,0.0
631,4,0.0,0.0,0.0,0.0,0.0
632,0,0.0,-0.004876430963085984,0.0,0.0,-9.093180144947672
632,1,0.0,0.0,-9.507994047191198e-05,0.0,-0.674251785084245
632,2,0.0,0.0,0.0,0.0,-0.20980547216545622
632,3,0.0,0.0,0.0,0.0,0.0
632,4,0.0,0.0,0.0,0.0,0.0
633,0,0.0,-0.004876430963085984,0.0,0.0,-9.10691354234431
633,1,0.0,0.0,-9.507994047191198e-05,0.0,-0.674251785084245
633,2,0.0,0.0,0.0,0.0,-0.20980547216545622
633,3,0.0,0.0,0.0,0.0,0.0
633,4,0.0,0.0,0.0,0.0,0.0
634,0,0.0,-0.004876430963085984,0.0,0.0,-9.11560718584868
634,1,0.0,0.0,-9.507994047191198e-05,0.0,-0.674251785084245
634,2,0.0,0.0,0.0,0.0,-0.20980547216545622
634,3,0.0,0.0,0.0,0.0,0.0
634,4,0.0,0.0,0.0,0.0,0.0
635,0,0.0,-0.004876430963085984,0.0,0.0,-9.12177861415259
635,1,0.0,0.0,-9.507994047191198e-05,0.0,-0.674251785084245
635,2,0.0,0.0,0.0,0.0,-0.20980547216545622
635,3,0.0,0.0,0.0,0.0,0.0
635,4,0.0,0.0,0.0,0.0,0.0
636,0,0.0,-0.004876430963085984,0.0,0.0,-9.122201550718104
636,1,0.0,0.0,-9.507994047191198e-05,0.0,-0.674251785084245
636,2,0.0,0.0,0.0,0.0,-0.20980547216545622
636,3,0.0,0.0,0.0,0.0,0.0
636,4,0.0,0.0,0.0,0.0,0.0
637,0,0.0,-0.004876430963085984,0.0,0.0,-9.123612668611983
637,1,0.0,0.0,-9.507994047191198e-05,0.0,-0.674251785084245
637,2,0.0,0.0,0.0,0.0,-0.20980547216545622
637,3,0.0,0.0,0.0,0.0,0.0
637,4,0.0,0.0,0.0,0.0,0.0
638,0,0.0,-0.004876430963085984,0.0,0.0,-9.129769597143095
638,1,0.0,0.0,-9.507994047191198e-05,0.0,-0.674251785084245
638,2,0.0,0.0,0.0,0.0,-0.20980547216545622
638,3,0.0,0.0,0.0,0.0,0.0
638,4,0.0,0.0,0.0,0.0,0.0
639,0,0.0,-0.004876430963085984,0.0,0.0,-9.140911252385486
639,1,0.0,0.0,-9.507994047191198e-05,0.0,-0.674251785084245
639,2,0.0,0.0,0.0,0.0,-0.20980547216545622
639,3,0.0,0.0,0.0,0.0,0.0
639,4,0.0,0.0,0.0,0.0,0.0
640,0,0.0,-0.004876430963085984,0.0,0.0,-9.157021777654293
640,1,0.0,0.0,-9.507994047191198e-05,0.0,-0.674251785084245
640,2,0.0,0.0,0.0,0.0,-0.20980547216545622
640,3,0.0,0.0,0.0,0.0,0.0
640,4,0.0,0.0,0.0,0.0,0.0
641,0,0.0,-0.004876430963085984,0.0,0.0,-9.159447468724638
641,1,0.0,0.0,-9.507994047191198e-05,0.0,-0.674251785084245
641,2,0.0,0.0,0.0,0.0,-0.20980547216545622
641,3,0.0,0.0,0.0,0.0,0.0
641,4,0.0,0.0,0.0,0.0,0.0
642,0,0.0,-0.004876430963085984,0.0,0.0,-9.175506738961477
642,1,0.0,0.0,-9.507994047191198e-05,0.0,-0.674251785084245
642,2,0.0,0.0,0.0,0.0,-0.20980547216545622
642,3,0.0,0.0,0.0,0.0,0.0
642,4,0.0,0.0,0.0,0.0,0.0
643,0,0.0,-0.004876430963085984,0.0,0.0,-9.18152043787781
643,1,0.0,0.0,-9.507994047191198e-05,0.0,-0.674251785084245
643,2,0.0,0.0,0.0,0.0,-0.20980547216545622
643,3,0.0,0.0,0.0,0.0,0.0
643,4,0.0,0.0,0.0,0.0,0.0
644,0,0.0,-0.004876430963085984,0.0,0.0,-9.197518164362878
644,1,0.0,0.0,-9.507994047191198e-05,0.0,-0.674251785084245
644,2,0.0,0.0,0.0,0.0,-0.20980547216545622
644,3,0.0,0.0,0.0,0.0,0.0
644,4,0.0,0.0,0.0,0.0,0.0
645,0,0.0,-0.004876430963085984,0.0,0.0,-9.205968583469058
645,1,0.0,0.0,-9.507994047191198e-05,0.0,-0.674251785084245
645,2,0.0,0.0,0.0,0.0,-0.20980547216545622
645,3,0.0,0.0,0.0,0.0,0.0
645,4,0.0,0.0,0.0,0.0,0.0
646,0,0.0,-0.004876430963085984,0.0,0.0,-9.216896858907214
646,1,0.0,0.0,-9.507994047191198e-05,0.0,-0.674251785084245
646,2,0.0,0.0,0.0,0.0,-0.20980547216545622
646,3,0.0,0.0,0.0,0.0,0.0
646,4,0.0,0.0,0.0,0.0,0.0
647,0,0.0,-0.004876430963085984,0.0,0.0,-9.232794729889054
647,1,0.0,0.0,-9.507994047191198e-05,0.0,-0.674251785084245
647,2,0.0,0.0,0.0,0.0,-0.20980547216545622
647,3,0.0,0.0,0.0,0.0,0.0
647,4,0.0,0.0,0.0,0.0,0.0
648,0,0.0,-0.004876430963085984,0.0,0.0,-9.232017189510739
648,1,0.0,0.0,-9.507994047191198e-05,0.0,-0.674251785084245
648,2,0.0,0.0,0.0,0.0,-0.20980547216545622
648,3,0.0,0.0,0.0,0.0,0.0
648,4,0.0,0.0,0.0,0.0,0.0
649,0,0.0,-0.004876430963085984,0.0,0.0,-9.237876583252344
649,1,0.0,0.0,-9.507994047191198e-05,0.0,-0.674251785084245
649,2,0.0,0.0,0.0,0.0,-0.20980547216545622
649,3,0.0,0.0,0.0,0.0,0.0
649,4,0.0,0.0,0.0,0.0,0.0
650,0,0.0,-0.004876430963085984,0.0,0.0,-9.241585698969878
650,1,0.0,0.0,-9.507994047191198e-05,0.0,-0.674251785084245
650,2,0.0,0.0,0.0,0.0,-0.20980547216545622
650,3,0.0,0.0,0.0,0.0,0.0
650,4,0.0,0.0,0.0,0.0,0.0
651,0,0.0,-0.004876430963085984,0.0,0.0,-9.257420569013702
651,1,0.0,0.0,-9.507994047191198e-05,0.0,-0.674251785084245
651,2,0.0,0.0,0.0,0.0,-0.20980547216545622
651,3,0.0,0.0,0.0,0.0,0.0
651,4,0.0,0.0,0.0,0.0,0.0
652,0,0.0,-0.004876430963085984,0.0,0.0,-9.268208675735456
652,1,0.0,0.0,-9.507994047191198e-05,0.0,-0.674251785084245
652,2,0.0,0.0,0.0,0.0,-0.20980547216545622
652,3,0.0,0.0,0.0,0.0,0.0
652,4,0.0,0.0,0.0,0.0,0.0
653,0,0.0,-0.004876430963085984,0.0,0.0,-9.267386901924418
653,1,0.0,0.0,-9.507994047191198e-05,0.0,-0.674251785084245
653,2,0.0,0.0,0.0,0.0,-0.20980547216545622
653,3,0.0,0.0,0.0,0.0,0.0
653,4,0.0,0.0,0.0,0.0,0.0
654,0,0.0,-0.004876430963085984,0.0,0.0,-9.26765017990364
654,1,0.0,0.0,-9.507994047191198e-05,0.0,-0.674251785084245
654,2,0.0,0.0,0.0,0.0,-0.20980547216545622
654,3,0.0,0.0,0.0,0.0,0.0
654,4,0.0,0.0,0.0,0.0,0.0
655,0,0.0,-0.004876430963085984,0.0,0.0,-9.267913418280582
655,1,0.0,0.0,-9.507994047191198e-05,0.0,-0.674251785084245
655,2,0.0,0.0,0.0,0.0,-0.20980547216545622
655,3,0.0,0.0,0.0,0.0,0.0
655,4,0.0,0.0,0.0,0.0,0.0
656,0,0.0,-0.004876430963085984,0.0,0.0,-9.267093553938455
656,1,0.0,0.0,-9.507994047191198e-05,0.0,-0.674251785084245
656,2,0.0,0.0,0.0,0.0,-0.20980547216545622
656,3,0.0,0.0,0.0,0.0,0.0
656,4,0.0,0.0,0.0,0.0,0.0
657,0,0.0,-0.004876430963085984,0.0,0.0,-9.28286381614929
657,1,0.0,0.0,-9.507994047191198e-05,0.0,-0.674251785084245
657,2,0.0,0.0,0.0,0.0,-0.20980547216545622
657,3,0.0,0.0,0.0,0.0,0.0
657,4,0.0,0.0,0.0,0.0,0.0
658,0,0.0,-0.004876430963085984,0.0,0.0,-9.286493793871971
658,1,0.0,0.0,-9.507994047191198e-05,0.0,-0.674251785084245
658,2,0.0,0.0,0.0,0.0,-0.20980547216545622
658,3,0.0,0.0,0.0,0.0,0.0
658,4,0.0,0.0,0.0,0.0,0.0
659,0,0.0,-0.004876430963085984,0.0,0.0,-9.28565128361599
659,1,0.0,0.0,-9.507994047191198e-05,0.0,-0.674251785084245
659,2,0.0,0.0,0.0,0.0,-0.20980547216545622
659,3,0.0,0.0,0.0,0.0,0.0
659,4,0.0,0.0,0.0,0.0,0.0
660,0,0.0,-0.004876430963085984,0.0,0.0,-9.28791641068241
660,1,0.0,0.0,-9.507994047191198e-05,0.0,-0.674251785084245
660,2,0.0,0.0,0.0,0.0,-0.20980547216545622
660,3,0.0,0.0,0.0,0.0,0.0
660,4,0.0,0.0,0.0,0.0,0.0
661,0,0.0,-0.004876430963085984,0.0,0.0,-9.290178282067453
661,1,0.0,0.0,-9.507994047191198e-05,0.0,-0.674251785084245
661,2,0.0,0.0,0.0,0.0,-0.20980547216545622
661,3,0.0,0.0,0.0,0.0,0.0
661,4,0.0,0.0,0.0,0.0,0.0
662,0,0.0,-0.004876430963085984,0.0,0.0,-9.29839348021265
662,1,0.0,0.0,-9.507994047191198e-05,0.0,-0.674251785084245
662,2,0.0,0.0,0.0,0.0,-0.20980547216545622
662,3,0.0,0.0,0.0,0.0,0.0
662,4,0.0,0.0,0.0,0.0,0.0
663,0,0.0,-0.004876430963085984,0.0,0.0,-9.298623610233232
663,1,0.0,0.0,-9.507994047191198e-05,0.0,-0.674251785084245
663,2,0.0,0.0,0.0,0.0,-0.20980547216545622
663,3,0.0,0.0,0.0,0.0,0.0
663,4,0.0,0.0,0.0,0.0,0.0
664,0,0.0,-0.004876430963085984,0.0,0.0,-9.302228991824451
664,1,0.0,0.0,-9.507994047191198e-05,0.0,-0.674251785084245
664,2,0.0,0.0,0.0,0.0,-0.20980547216545622
664,3,0.0,0.0,0.0,0.0,0.0
664,4,0.0,0.0,0.0,0.0,0.0
665,0,0.0,-0.004876430963085984,0.0,0.0,-9.315417961672642
665,1,0.0,0.0,-9.507994047191198e-05,0.0,-0.674251785084245
665,2,0.0,0.0,0.0,0.0,-0.20980547216545622
665,3,0.0,0.0,0.0,0.0,0.0
665,4,0.0,0.0,0.0,0.0,0.0
666,0,0.0,-0.004876430963085984,0.0,0.0,-9.314539964843677
666,1,0.0,0.0,-9.507994047191198e-05,0.0,-0.674251785084245
666,2,0.0,0.0,0.0,0.0,-0.20980547216545622
666,3,0.0,0.0,0.0,0.0,0.0
666,4,0.0,0.0,0.0,0.0,0.0
667,0,0.0,-0.004876430963085984,0.0,0.0,-9.313663797601194
667,1,0.0,0.0,-9.507994047191198e-05,0.0,-0.674251785084245
667,2,0.0,0.0,0.0,0.0,-0.20980547216545622
667,3,0.0,0.0,0.0,0.0,0.0
667,4,0.0,0.0,0.0,0.0,0.0
668,0,0.0,-0.004876430963085984,0.0,0.0,-9.312789456115217
668,1,0.0,0.0,-9.507994047191198e-05,0.0,-0.674251785084245
668,2,0.0,0.0,0.0,0.0,-0.20980547216545622
668,3,0.0,0.0,0.0,0.0,0.0
668,4,0.0,0.0,0.0,0.0,0.0
669,0,0.0,-0.004876430963085984,0.0,0.0,-9.31846247329813
669,1,0.0,0.0,-9.507994047191198e-05,0.0,-0.674251785084245
669,2,0.0,0.0,0.0,0.0,-0.20980547216545622
669,3,0.0,0.0,0.0,0.0,0.0
669,4,0.0,0.0,0.0,0.0,0.0
670,0,0.0,-0.004876430963085984,0.0,0.0,-9.317582320225835
670,1,0.0,0.0,-9.507994047191198e-05,0.0,-0.674251785084245
670,2,0.0,0.0,0.0,0.0,-0.20980547216545622
670,3,0.0,0.0,0.0,0.0,0.0
670,4,0.0,0.0,0.0,0.0,0.0
671,0,0.0,-0.004876430963085984,0.0,0.0,-9.32115881768838
671,1,0.0,0.0,-9.507994047191198e-05,0.0,-0.674251785084245
671,2,0.0,0.0,0.0,0.0,-0.20980547216545622
671,3,0.0,0.0,0.0,0.0,0.0
671,4,0.0,0.0,0.0,0.0,0.0
672,0,0.0,-0.004876430963085984,0.0,0.0,-9.326817019454785
672,1,0.0,0.0,-9.507994047191198e-05,0.0,-0.674251785084245
672,2,0.0,0.0,0.0,0.0,-0.20980547216545622
672,3,0.0,0.0,0.0,0.0,0.0
672,4,0.0,0.0,0.0,0.0,0.0
673,0,0.0,-0.004876430963085984,0.0,0.0,-9.337453857347054
673,1,0.0,0.0,-9.507994047191198e-05,0.0,-0.674251785084245
673,2,0.0,0.0,0.0,0.0,-0.20980547216545622
673,3,0.0,0.0,0.0,0.0,0.0
673,4,0.0,0.0,0.0,0.0,0.0
674,0,0.0,-0.004876430963085984,0.0,0.0,-9.350561209760972
674,1,0.0,0.0,-9.507994047191198e-05,0.0,-0.674251785084245
674,2,0.0,0.0,0.0,0.0,-0.20980547216545622
674,3,0.0,0.0,0.0,0.0,0.0
674,4,0.0,0.0,0.0,0.0,0.0
675,0,0.0,-0.004876430963085984,0.0,0.0,-9.354076677344224
675,1,0.0,0.0,-9.507994047191198e-05,0.0,-0.674251785084245
675,2,0.0,0.0,0.0,0.0,-0.20980547216545622
675,3,0.0,0.0,0.0,0.0,0.0
675,4,0.0,0.0,0.0,0.0,0.0
676,0,0.0,-0.004876430963085984,0.0,0.0,-9.356254195814916
676,1,0.0,0.0,-9.507994047191198e-05,0.0,-0.674251785084245
676,2,0.0,0.0,0.0,0.0,-0.20980547216545622
676,3,0.0,0.0,0.0,0.0,0.0
676,4,0.0,0.0,0.0,0.0,0.0
677,0,0.0,-0.004876430963085984,0.0,0.0,-9.358428629593075
677,1,0.0,0.0,-9.507994047191198e-05,0.0,-0.674251785084245
677,2,0.0,0.0,0.0,0.0,-0.20980547216545622
677,3,0.0,0.0,0.0,0.0,0.0
677,4,0.0,0.0,0.0,0.0,0.0
678,0,0.0,-0.004876430963085984,0.0,0.0,-9.371485954976812
678,1,0.0,0.0,-9.507994047191198e-05,0.0,-0.674251785084245
678,2,0.0,0.0,0.0,0.0,-0.20980547216545622
678,3,0.0,0.0,0.0,0.0,0.0
678,4,0.0,0.0,0.0,0.0,0.0
679,0,0.0,-0.004876430963085984,0.0,0.0,-9.372630145819707
679,1,0.0,0.0,-9.507994047191198e-05,0.0,-0.674251785084245
679,2,0.0,0.0,0.0,0.0,-0.20980547216545622
679,3,0.0,0.0,0.0,0.0,0.0
679,4,0.0,0.0,0.0,0.0,0.0
680,0,0.0,-0.004876430963085984,0.0,0.0,-9.376108246192576
680,1,0.0,0.0,-9.507994047191198e-05,0.0,-0.674251785084245
680,2,0.0,0.0,0.0,0.0,-0.20980547216545622
680,3,0.0,0.0,0.0,0.0,0.0
680,4,0.0,0.0,0.0,0.0,0.0
681,0,0.0,-0.004876430963085984,0.0,0.0,-9.379580240137843
681,1,0.0,0.0,-9.507994047191198e-05,0.0,-0.674251785084245
681,2,0.0,0.0,0.0,0.0,-0.20980547216545622
681,3,0.0,0.0,0.0,0.0,0.0
681,4,0.0,0.0,0.0,0.0,0.0
682,0,0.0,-0.004876430963085984,0.0,0.0,-9.380714809856244
682,1,0.0,0.0,-9.507994047191198e-05,0.0,-0.674251785084245
682,2,0.0,0.0,0.0,0.0,-0.20980547216545622
682,3,0.0,0.0,0.0,0.0,0.0
682,4,0.0,0.0,0.0,0.0,0.0
683,0,0.0,-0.004876430963085984,0.0,0.0,-9.39372098751874
683,1,0.0,0.0,-9.507994047191198e-05,0.0,-0.674251785084245
683,2,0.0,0.0,0.0,0.0,-0.20980547216545622
683,3,0.0,0.0,0.0,0.0,0.0
683,4,0.0,0.0,0.0,0.0,0.0
684,0,0.0,-0.004876430963085984,0.0,0.0,-9.3948409104281
684,1,0.0,0.0,-9.507994047191198e-05,0.0,-0.674251785084245
684,2,0.0,0.0,0.0,0.0,-0.20980547216545622
684,3,0.0,0.0,0.0,0.0,0.0
684,4,0.0,0.0,0.0,0.0,0.0
685,0,0.0,-0.004876430963085984,0.0,0.0,-9.396967205964808
685,1,0.0,0.0,-9.507994047191198e-05,0.0,-0.674251785084245
685,2,0.0,0.0,0.0,0.0,-0.20980547216545622
685,3,0.0,0.0,0.0,0.0,0.0
685,4,0.0,0.0,0.0,0.0,0.0
686,0,0.0,-0.004876430963085984,0.0,0.0,-9.40743256678164
686,1,0.0,0.0,-9.507994047191198e-05,0.0,-0.674251785084245
686,2,0.0,0.0,0.0,0.0,-0.20980547216545622
686,3,0.0,0.0,0.0,0.0,0.0
686,4,0.0,0.0,0.0,0.0,0.0
687,0,0.0,-0.004876430963085984,0.0,0.0,-9.417868981978497
687,1,0.0,0.0,-9.507994047191198e-05,0.0,-0.674251785084245
687,2,0.0,0.0,0.0,0.0,-0.20980547216545622
687,3,0.0,0.0,0.0,0.0,0.0
687,4,0.0,0.0,0.0,0.0,0.0
688,0,0.0,-0.004876430963085984,0.0,0.0,-9.428276549007784
688,1,0.0,0.0,-9.507994047191198e-05,0.0,-0.674251785084245
688,2,0.0,0.0,0.0,0.0,-0.20980547216545622
688,3,0.0,0.0,0.0,0.0,0.0
688,4,0.0,0.0,0.0,0.0,0.0
689,0,0.0,-0.004876430963085984,0.0,0.0,-9.428362342084267
689,1,0.0,0.0,-9.507994047191198e-05,0.0,-0.674251785084245
689,2,0.0,0.0,0.0,0.0,-0.20980547216545622
689,3,0.0,0.0,0.0,0.0,0.0
689,4,0.0,0.0,0.0,0.0,0.0
690,0,0.0,-0.004876430963085984,0.0,0.0,-9.427343360430255
690,1,0.0,0.0,-9.507994047191198e-05,0.0,-0.674251785084245
690,2,0.0,0.0,0.0,0.0,-0.20980547216545622
690,3,0.0,0.0,0.0,0.0,0.0
690,4,0.0,0.0,0.0,0.0,0.0
691,0,0.0,-0.004876430963085984,0.0,0.0,-9.427431099520435
691,1,0.0,0.0,-9.507994047191198e-05,0.0,-0.674251785084245
691,2,0.0,0.0,0.0,0.0,-0.20980547216545622
691,3,0.0,0.0,0.0,0.0,0.0
691,4,0.0,0.0,0.0,0.0,0.0
692,0,0.0,-0.004876430963085984,0.0,0.0,-9.43531890590763
692,1,0.0,0.0,-9.507994047191198e-05,0.0,-0.674251785084245
692,2,0.0,0.0,0.0,0.0,-0.20980547216545622
692,3,0.0,0.0,0.0,0.0,0.0
692,4,0.0,0.0,0.0,0.0,0.0
693,0,0.0,-0.004876430963085984,0.0,0.0,-9.434291898616195
693,1,0.0,0.0,-9.507994047191198e-05,0.0,-0.674251785084245
693,2,0.0,0.0,0.0,0.0,-0.20980547216545622
693,3,0.0,0.0,0.0,0.0,0.0
693,4,0.0,0.0,0.0,0.0,0.0
694,0,0.0,-0.004876430963085984,0.0,0.0,-9.444664249401237
694,1,0.0,0.0,-9.507994047191198e-05,0.0,-0.674251785084245
694,2,0.0,0.0,0.0,0.0,-0.20980547216545622
694,3,0.0,0.0,0.0,0.0,0.0
694,4,0.0,0.0,0.0,0.0,0.0
695,0,0.0,-0.004876430963085984,0.0,0.0,-9.452507954909194
695,1,0.0,0.0,-9.507994047191198e-05,0.0,-0.674251785084245
695,2,0.0,0.0,0.0,0.0,-0.20980547216545622
695,3,0.0,0.0,0.0,0.0,0.0
695,4,0.0,0.0,0.0,0.0,0.0
696,0,0.0,-0.004876430963085984,0.0,0.0,-9.457850425915984
696,1,0.0,0.0,-9.507994047191198e-05,0.0,-0.674251785084245
696,2,0.0,0.0,0.0,0.0,-0.20980547216545622
696,3,0.0,0.0,0.0,0.0,0.0
696,4,0.0,0.0,0.0,0.0,0.0
697,0,0.0,-0.004876430963085984,0.0,0.0,-9.461183297581846
697,1,0.0,0.0,-9.507994047191198e-05,0.0,-0.674251785084245
697,2,0.0,0.0,0.0,0.0,-0.20980547216545622
697,3,0.0,0.0,0.0,0.0,0.0
697,4,0.0,0.0,0.0,0.0,0.0
698,0,0.0,-0.004876430963085984,0.0,0.0,-9.473989019019912
698,1,0.0,0.0,-9.507994047191198e-05,0.0,-0.674251785084245
698,2,0.0,0.0,0.0,0.0,-0.20980547216545622
698,3,0.0,0.0,0.0,0.0,0.0
698,4,0.0,0.0,0.0,0.0,0.0
699,0,0.0,-0.004876430963085984,0.0,0.0,-9.475023556967715
699,1,0.0,0.0,-9.507994047191198e-05,0.0,-0.674251785084245
699,2,0.0,0.0,0.0,0.0,-0.20980547216545622
699,3,0.0,0.0,0.0,0.0,0.0
699,4,0.0,0.0,0.0,0.0,0.0
700,0,0.0,-0.004876430963085984,0.0,0.0,-9.487792183364117
700,1,0.0,0.0,-9.507994047191198e-05,0.0,-0.674251785084245
700,2,0.0,0.0,0.0,0.0,-0.20980547216545622
700,3,0.0,0.0,0.0,0.0,0.0
700,4,0.0,0.0,0.0,0.0,0.0
701,0,0.0,-0.004876430963085984,0.0,0.0,-9.487811665645138
701,1,0.0,0.0,-9.507994047191198e-05,0.0,-0.674251785084245
701,2,0.0,0.0,0.0,0.0,-0.20980547216545622
701,3,0.0,0.0,0.0,0.0,0.0
701,4,0.0,0.0,0.0,0.0,0.0
702,0,0.0,-0.004876430963085984,0.0,0.0,-9.489826454559736
702,1,0.0,0.0,-9.507994047191198e-05,0.0,-0.674251785084245
702,2,0.0,0.0,0.0,0.0,-0.20980547216545622
702,3,0.0,0.0,0.0,0.0,0.0
702,4,0.0,0.0,0.0,0.0,0.0
703,0,0.0,-0.004876430963085984,0.0,0.0,-9.49755802306209
703,1,0.0,0.0,-9.507994047191198e-05,0.0,-0.674251785084245
703,2,0.0,0.0,0.0,0.0,-0.20980547216545622
703,3,0.0,0.0,0.0,0.0,0.0
703,4,0.0,0.0,0.0,0.0,0.0
704,0,0.0,-0.004876430963085984,0.0,0.0,-9.502793458758887
704,1,0.0,0.0,-9.507994047191198e-05,0.0,-0.674251785084245
704,2,0.0,0.0,0.0,0.0,-0.20980547216545622
704,3,0.0,0.0,0.0,0.0,0.0
704,4,0.0,0.0,0.0,0.0,0.0
705,0,0.0,-0.004876430963085984,0.0,0.0,-9.515493587038957
705,1,0.0,0.0,-9.507994047191198e-05,0.0,-0.674251785084245
705,2,0.0,0.0,0.0,0.0,-0.20980547216545622
705,3,0.0,0.0,0.0,0.0,0.0
705,4,0.0,0.0,0.0,0.0,0.0
706,0,0.0,-0.004876430963085984,0.0,0.0,-9.528157285738535
706,1,0.0,0.0,-9.507994047191198e-05,0.0,-0.674251785084245
706,2,0.0,0.0,0.0,0.0,-0.20980547216545622
706,3,0.0,0.0,0.0,0.0,0.0
706,4,0.0,0.0,0.0,0.0,0.0
707,0,0.0,-0.004876430963085984,0.0,0.0,-9.529135016612454
707,1,0.0,0.0,-9.507994047191198e-05,0.0,-0.674251785084245
707,2,0.0,0.0,0.0,0.0,-0.20980547216545622
707,3,0.0,0.0,0.0,0.0,0.0
707,4,0.0,0.0,0.0,0.0,0.0
708,0,0.0,-0.004876430963085984,0.0,0.0,-9.541762224303417
708,1,0.0,0.0,-9.507994047191198e-05,0.0,-0.674251785084245
708,2,0.0,0.0,0.0,0.0,-0.20980547216545622
708,3,0.0,0.0,0.0,0.0,0.0
708,4,0.0,0.0,0.0,0.0,0.0
709,0,0.0,-0.004876430963085984,0.0,0.0,-9.5449540169248
709,1,0.0,0.0,-9.507994047191198e-05,0.0,-0.674251785084245
709,2,0.0,0.0,0.0,0.0,-0.20980547216545622
709,3,0.0,0.0,0.0,0.0,0.0
709,4,0.0,0.0,0.0,0.0,0.0
710,0,0.0,-0.004876430963085984,0.0,0.0,-9.546901463673588
710,1,0.0,0.0,-9.507994047191198e-05,0.0,-0.674251785084245
710,2,0.0,0.0,0.0,0.0,-0.20980547216545622
710,3,0.0,0.0,0.0,0.0,0.0
710,4,0.0,0.0,0.0,0.0,0.0
711,0,0.0,-0.004876430963085984,0.0,0.0,-9.552015300053995
711,1,0.0,0.0,-9.507994047191198e-05,0.0,-0.674251785084245
711,2,0.0,0.0,0.0,0.0,-0.20980547216545622
711,3,0.0,0.0,0.0,0.0,0.0
711,4,0.0,0.0,0.0,0.0,0.0
712,0,0.0,-0.004876430963085984,0.0,0.0,-9.551961436166202
712,1,0.0,0.0,-9.507994047191198e-05,0.0,-0.674251785084245
712,2,0.0,0.0,0.0,0.0,-0.20980547216545622
712,3,0.0,0.0,0.0,0.0,0.0
712,4,0.0,0.0,0.0,0.0,0.0
713,0,0.0,-0.004876430963085984,0.0,0.0,-9.555137105974246
713,1,0.0,0.0,-9.507994047191198e-05,0.0,-0.674251785084245
713,2,0.0,0.0,0.0,0.0,-0.20980547216545622
713,3,0.0,0.0,0.0,0.0,0.0
713,4,0.0,0.0,0.0,0.0,0.0
714,0,0.0,-0.004876430963085984,0.0,0.0,-9.570205931332529
714,1,0.0,0.0,-9.507994047191198e-05,0.0,-0.674251785084245
714,2,0.0,0.0,0.0,0.0,-0.20980547216545622
714,3,0.0,0.0,0.0,0.0,0.0
714,4,0.0,0.0,0.0,0.0,0.0
715,0,0.0,-0.004876430963085984,0.0,0.0,-9.585230414741893
715,1,0.0,0.0,-9.507994047191198e-05,0.0,-0.674251785084245
715,2,0.0,0.0,0.0,0.0,-0.20980547216545622
715,3,0.0,0.0,0.0,0.0,0.0
715,4,0.0,0.0,0.0,0.0,0.0
716,0,0.0,-0.004876430963085984,0.0,0.0,-9.590248574819126
716,1,0.0,0.0,-9.507994047191198e-05,0.0,-0.674251785084245
716,2,0.0,0.0,0.0,0.0,-0.20980547216545622
716,3,0.0,0.0,0.0,0.0,0.0
716,4,0.0,0.0,0.0,0.0,0.0
717,0,0.0,-0.004876430963085984,0.0,0.0,-9.605217986950896
717,1,0.0,0.0,-9.507994047191198e-05,0.0,-0.674251785084245
717,2,0.0,0.0,0.0,0.0,-0.20980547216545622
717,3,0.0,0.0,0.0,0.0,0.0
717,4,0.0,0.0,0.0,0.0,0.0
718,0,0.0,-0.004876430963085984,0.0,0.0,-9.605103512434578
718,1,0.0,0.0,-9.507994047191198e-05,0.0,-0.674251785084245
718,2,0.0,0.0,0.0,0.0,-0.20980547216545622
718,3,0.0,0.0,0.0,0.0,0.0
718,4,0.0,0.0,0.0,0.0,0.0
719,0,0.0,-0.004876430963085984,0.0,0.0,-9.610073258513708
719,1,0.0,0.0,-9.507994047191198e-05,0.0,-0.674251785084245
719,2,0.0,0.0,0.0,0.0,-0.20980547216545622
719,3,0.0,0.0,0.0,0.0,0.0
719,4,0.0,0.0,0.0,0.0,0.0
720,0,0.0,-0.004876430963085984,0.0,0.0,-9.610964671206588
720,1,0.0,0.0,-9.507994047191198e-05,0.0,-0.674251785084245
720,2,0.0,0.0,0.0,0.0,-0.20980547216545622
720,3,0.0,0.0,0.0,0.0,0.0
720,4,0.0,0.0,0.0,0.0,0.0
721,0,0.0,-0.004876430963085984,0.0,0.0,-9.620881932705167
721,1,0.0,0.0,-9.507994047191198e-05,0.0,-0.674251785084245
721,2,0.0,0.0,0.0,0.0,-0.20980547216545622
721,3,0.0,0.0,0.0,0.0,0.0
721,4,0.0,0.0,0.0,0.0,0.0
722,0,0.0,-0.004876430963085984,0.0,0.0,-9.633272026112493
722,1,0.0,0.0,-9.507994047191198e-05,0.0,-0.674251785084245
722,2,0.0,0.0,0.0,0.0,-0.20980547216545622
722,3,0.0,0.0,0.0,0.0,0.0
722,4,0.0,0.0,0.0,0.0,0.0
723,0,0.0,-0.004876430963085984,0.0,0.0,-9.640626709837095
723,1,0.0,0.0,-9.507994047191198e-05,0.0,-0.674251785084245
723,2,0.0,0.0,0.0,0.0,-0.20980547216545622
723,3,0.0,0.0,0.0,0.0,0.0
723,4,0.0,0.0,0.0,0.0,0.0
724,0,0.0,-0.004876430963085984,0.0,0.0,-9.650462770790623
724,1,0.0,0.0,-9.507994047191198e-05,0.0,-0.674251785084245
724,2,0.0,0.0,0.0,0.0,-0.20980547216545622
724,3,0.0,0.0,0.0,0.0,0.0
724,4,0.0,0.0,0.0,0.0,0.0
725,0,0.0,-0.004876430963085984,0.0,0.0,-9.653478394531433
725,1,0.0,0.0,-9.507994047191198e-05,0.0,-0.674251785084245
725,2,0.0,0.0,0.0,0.0,-0.20980547216545622
725,3,0.0,0.0,0.0,0.0,0.0
725,4,0.0,0.0,0.0,0.0,0.0
726,0,0.0,-0.004876430963085984,0.0,0.0,-9.663282529826798
726,1,0.0,0.0,-9.507994047191198e-05,0.0,-0.674251785084245
726,2,0.0,0.0,0.0,0.0,-0.20980547216545622
726,3,0.0,0.0,0.0,0.0,0.0
726,4,0.0,0.0,0.0,0.0,0.0
727,0,0.0,-0.004876430963085984,0.0,0.0,-9.670559869270521
727,1,0.0,0.0,-9.507994047191198e-05,0.0,-0.674251785084245
727,2,0.0,0.0,0.0,0.0,-0.20980547216545622
727,3,0.0,0.0,0.0,0.0,0.0
727,4,0.0,0.0,0.0,0.0,0.0
728,0,0.0,-0.004876430963085984,0.0,0.0,-9.67781883496689
728,1,0.0,0.0,-9.507994047191198e-05,0.0,-0.674251785084245
728,2,0.0,0.0,0.0,0.0,-0.20980547216545622
728,3,0.0,0.0,0.0,0.0,0.0
728,4,0.0,0.0,0.0,0.0,0.0
729,0,0.0,-0.004876430963085984,0.0,0.0,-9.69255948491126
729,1,0.0,0.0,-9.507994047191198e-05,0.0,-0.674251785084245
729,2,0.0,0.0,0.0,0.0,-0.20980547216545622
729,3,0.0,0.0,0.0,0.0,0.0
729,4,0.0,0.0,0.0,0.0,0.0
730,0,0.0,-0.004876430963085984,0.0,0.0,-9.697316819397294
730,1,0.0,0.0,-9.507994047191198e-05,0.0,-0.674251785084245
730,2,0.0,0.0,0.0,0.0,-0.20980547216545622
730,3,0.0,0.0,0.0,0.0,0.0
730,4,0.0,0.0,0.0,0.0,0.0
731,0,0.0,-0.004876430963085984,0.0,0.0,-9.704504151800906
731,1,0.0,0.0,-9.507994047191198e-05,0.0,-0.674251785084245
731,2,0.0,0.0,0.0,0.0,-0.20980547216545622
731,3,0.0,0.0,0.0,0.0,0.0
731,4,0.0,0.0,0.0,0.0,0.0
732,0,0.0,-0.004876430963085984,0.0,0.0,-9.719173404700978
732,1,0.0,0.0,-9.507994047191198e-05,0.0,-0.674251785084245
732,2,0.0,0.0,0.0,0.0,-0.20980547216545622
732,3,0.0,0.0,0.0,0.0,0.0
732,4,0.0,0.0,0.0,0.0,0.0
733,0,0.0,-0.004876430963085984,0.0,0.0,-9.717772344707829
733,1,0.0,0.0,-9.507994047191198e-05,0.0,-0.674251785084245
733,2,0.0,0.0,0.0,0.0,-0.20980547216545622
733,3,0.0,0.0,0.0,0.0,0.0
733,4,0.0,0.0,0.0,0.0,0.0
734,0,0.0,-0.004876430963085984,0.0,0.0,-9.720682483766087
734,1,0.0,0.0,-9.507994047191198e-05,0.0,-0.674251785084245
734,2,0.0,0.0,0.0,0.0,-0.20980547216545622
734,3,0.0,0.0,0.0,0.0,0.0
734,4,0.0,0.0,0.0,0.0,0.0
735,0,0.0,-0.004876430963085984,0.0,0.0,-9.727809816231341
735,1,0.0,0.0,-9.507994047191198e-05,0.0,-0.674251785084245
735,2,0.0,0.0,0.0,0.0,-0.20980547216545622
735,3,0.0,0.0,0.0,0.0,0.0
735,4,0.0,0.0,0.0,0.0,0.0
736,0,0.0,-0.004876430963085984,0.0,0.0,-9.739919265288822
736,1,0.0,0.0,-9.507994047191198e-05,0.0,-0.674251785084245
736,2,0.0,0.0,0.0,0.0,-0.20980547216545622
736,3,0.0,0.0,0.0,0.0,0.0
736,4,0.0,0.0,0.0,0.0,0.0
737,0,0.0,-0.004876430963085984,0.0,0.0,-9.746994222068995
737,1,0.0,0.0,-9.507994047191198e-05,0.0,-0.674251785084245
737,2,0.0,0.0,0.0,0.0,-0.20980547216545622
737,3,0.0,0.0,0.0,0.0,0.0
737,4,0.0,0.0,0.0,0.0,0.0
738,0,0.0,-0.004876430963085984,0.0,0.0,-9.754051470120537
738,1,0.0,0.0,-9.507994047191198e-05,0.0,-0.674251785084245
738,2,0.0,0.0,0.0,0.0,-0.20980547216545622
738,3,0.0,0.0,0.0,0.0,0.0
738,4,0.0,0.0,0.0,0.0,0.0
739,0,0.0,-0.004876430963085984,0.0,0.0,-9.758665492804182
739,1,0.0,0.0,-9.507994047191198e-05,0.0,-0.674251785084245
739,2,0.0,0.0,0.0,0.0,-0.20980547216545622
739,3,0.0,0.0,0.0,0.0,0.0
739,4,0.0,0.0,0.0,0.0,0.0
740,0,0.0,-0.004876430963085984,0.0,0.0,-9.760369841771285
740,1,0.0,0.0,-9.507994047191198e-05,0.0,-0.674251785084245
740,2,0.0,0.0,0.0,0.0,-0.20980547216545622
740,3,0.0,0.0,0.0,0.0,0.0
740,4,0.0,0.0,0.0,0.0,0.0
741,0,0.0,-0.004876430963085984,0.0,0.0,-9.772397901201323
741,1,0.0,0.0,-9.507994047191198e-05,0.0,-0.674251785084245
741,2,0.0,0.0,0.0,0.0,-0.20980547216545622
741,3,0.0,0.0,0.0,0.0,0.0
741,4,0.0,0.0,0.0,0.0,0.0
742,0,0.0,-0.004876430963085984,0.0,0.0,-9.773116781404338
742,1,0.0,0.0,-9.507994047191198e-05,0.0,-0.674251785084245
742,2,0.0,0.0,0.0,0.0,-0.20980547216545622
742,3,0.0,0.0,0.0,0.0,0.0
742,4,0.0,0.0,0.0,0.0,0.0
743,0,0.0,-0.004876430963085984,0.0,0.0,-9.771642713738093
743,1,0.0,0.0,-9.507994047191198e-05,0.0,-0.674251785084245
743,2,0.0,0.0,0.0,0.0,-0.20980547216545622
743,3,0.0,0.0,0.0,0.0,0.0
743,4,0.0,0.0,0.0,0.0,0.0
744,0,0.0,-0.004876430963085984,0.0,0.0,-9.772362727278747
744,1,0.0,0.0,-9.507994047191198e-05,0.0,-0.674251785084245
744,2,0.0,0.0,0.0,0.0,-0.20980547216545622
744,3,0.0,0.0,0.0,0.0,0.0
744,4,0.0,0.0,0.0,0.0,0.0
745,0,0.0,-0.004876430963085984,0.0,0.0,-9.773082041475808
745,1,0.0,0.0,-9.507994047191198e-05,0.0,-0.674251785084245
745,2,0.0,0.0,0.0,0.0,-0.20980547216545622
745,3,0.0,0.0,0.0,0.0,0.0
745,4,0.0,0.0,0.0,0.0,0.0
746,0,0.0,-0.004876430963085984,0.0,0.0,-9.777661247188979
746,1,0.0,0.0,-9.507994047191198e-05,0.0,-0.674251785084245
746,2,0.0,0.0,0.0,0.0,-0.20980547216545622
746,3,0.0,0.0,0.0,0.0,0.0
746,4,0.0,0.0,0.0,0.0,0.0
747,0,0.0,-0.004876430963085984,0.0,0.0,-9.787152908134194
747,1,0.0,0.0,-9.507994047191198e-05,0.0,-0.674251785084245
747,2,0.0,0.0,0.0,0.0,-0.20980547216545622
747,3,0.0,0.0,0.0,0.0,0.0
747,4,0.0,0.0,0.0,0.0,0.0
748,0,0.0,-0.004876430963085984,0.0,0.0,-9.78995781960516
748,1,0.0,0.0,-9.507994047191198e-05,0.0,-0.674251785084245
748,2,0.0,0.0,0.0,0.0,-0.20980547216545622
748,3,0.0,0.0,0.0,0.0,0.0
748,4,0.0,0.0,0.0,0.0,0.0
749,0,0.0,-0.004876430963085984,0.0,0.0,-9.796919177524952
749,1,0.0,0.0,-9.507994047191198e-05,0.0,-0.674251785084245
749,2,0.0,0.0,0.0,0.0,-0.20980547216545622
749,3,0.0,0.0,0.0,0.0,0.0
749,4,0.0,0.0,0.0,0.0,0.0
750,0,0.0,-0.004876430963085984,0.0,0.0,-9.797611732903302
750,1,0.0,0.0,-9.507994047191198e-05,0.0,-0.674251785084245
750,2,0.0,0.0,0.0,0.0,-0.20980547216545622
750,3,0.0,0.0,0.0,0.0,0.0
750,4,0.0,0.0,0.0,0.0,0.0
751,0,0.0,-0.004876430963085984,0.0,0.0,-9.80705622373834
751,1,0.0,0.0,-9.507994047191198e-05,0.0,-0.674251785084245
751,2,0.0,0.0,0.0,0.0,-0.20980547216545622
751,3,0.0,0.0,0.0,0.0,0.0
751,4,0.0,0.0,0.0,0.0,0.0
752,0,0.0,-0.004876430963085984,0.0,0.0,-9.80553687860725
752,1,0.0,0.0,-9.507994047191198e-05,0.0,-0.674251785084245
752,2,0.0,0.0,0.0,0.0,-0.20980547216545622
752,3,0.0,0.0,0.0,0.0,0.0
752,4,0.0,0.0,0.0,0.0,0.0
753,0,0.0,-0.004876430963085984,0.0,0.0,-9.804020598778497
753,1,0.0,0.0,-9.507994047191198e-05,0.0,-0.674251785084245
753,2,0.0,0.0,0.0,0.0,-0.20980547216545622
753,3,0.0,0.0,0.0,0.0,0.0
753,4,0.0,0.0,0.0,0.0,0.0
754,0,0.0,-0.004876430963085984,0.0,0.0,-9.803674697421497
754,1,0.0,0.0,-9.507994047191198e-05,0.0,-0.674251785084245
754,2,0.0,0.0,0.0,0.0,-0.20980547216545622
754,3,0.0,0.0,0.0,0.0,0.0
754,4,0.0,0.0,0.0,0.0,0.0
755,0,0.0,-0.005606369128200449,0.0,0.0,-9.803674697421497
755,1,0.0,0.0,-9.507994047191198e-05,0.0,-0.7182635347363853
755,2,0.0,0.0,0.0,0.0,-0.20980547216545622
755,3,0.0,0.0,0.0,0.0,0.0
755,4,0.0,0.0,0.0,0.0,0.0
756,0,0.0,-0.005606369128200449,0.0,0.0,-9.813108951299824
756,1,0.0,0.0,-9.507994047191198e-05,0.0,-0.7182635347363853
756,2,0.0,0.0,0.0,0.0,-0.20980547216545622
756,3,0.0,0.0,0.0,0.0,0.0
756,4,0.0,0.0,0.0,0.0,0.0
757,0,0.0,-0.005606369128200449,0.0,0.0,-9.81760502730623
757,1,0.0,0.0,-9.507994047191198e-05,0.0,-0.7182635347363853
757,2,0.0,0.0,0.0,0.0,-0.20980547216545622
757,3,0.0,0.0,0.0,0.0,0.0
757,4,0.0,0.0,0.0,0.0,0.0
758,0,0.0,-0.005606369128200449,0.0,0.0,-9.820366369289939
758,1,0.0,0.0,-9.507994047191198e-05,0.0,-0.7182635347363853
758,2,0.0,0.0,0.0,0.0,-0.20980547216545622
758,3,0.0,0.0,0.0,0.0,0.0
758,4,0.0,0.0,0.0,0.0,0.0
759,0,0.0,-0.005606369128200449,0.0,0.0,-9.818830512887097
759,1,0.0,0.0,-9.507994047191198e-05,0.0,-0.7182635347363853
759,2,0.0,0.0,0.0,0.0,-0.20980547216545622
759,3,0.0,0.0,0.0,0.0,0.0
759,4,0.0,0.0,0.0,0.0,0.0
760,0,0.0,-0.005606369128200449,0.0,0.0,-9.817297755138567
760,1,0.0,0.0,-9.507994047191198e-05,0.0,-0.7182635347363853
760,2,0.0,0.0,0.0,0.0,-0.20980547216545622
760,3,0.0,0.0,0.0,0.0,0.0
760,4,0.0,0.0,0.0,0.0,0.0
761,0,0.0,-0.005606369128200449,0.0,0.0,-9.817969607964677
761,1,0.0,0.0,-9.507994047191198e-05,0.0,-0.7182635347363853
761,2,0.0,0.0,0.0,0.0,-0.20980547216545622
761,3,0.0,0.0,0.0,0.0,0.0
761,4,0.0,0.0,0.0,0.0,0.0
762,0,0.0,-0.005606369128200449,0.0,0.0,-9.824877420761498
762,1,0.0,0.0,-9.507994047191198e-05,0.0,-0.7182635347363853
762,2,0.0,0.0,0.0,0.0,-0.20980547216545622
762,3,0.0,0.0,0.0,0.0,0.0
762,4,0.0,0.0,0.0,0.0,0.0
763,0,0.0,-0.005606369128200449,0.0,0.0,-9.824508480007893
763,1,0.0,0.0,-9.507994047191198e-05,0.0,-0.7182635347363853
763,2,0.0,0.0,0.0,0.0,-0.20980547216545622
763,3,0.0,0.0,0.0,0.0,0.0
763,4,0.0,0.0,0.0,0.0,0.0
764,0,0.0,-0.005606369128200449,0.0,0.0,-9.822969553697186
764,1,0.0,0.0,-9.507994047191198e-05,0.0,-0.7182635347363853
764,2,0.0,0.0,0.0,0.0,-0.20980547216545622
764,3,0.0,0.0,0.0,0.0,0.0
764,4,0.0,0.0,0.0,0.0,0.0
765,0,0.0,-0.005606369128200449,0.0,0.0,-9.82745704516327
765,1,0.0,0.0,-9.507994047191198e-05,0.0,-0.7182635347363853
765,2,0.0,0.0,0.0,0.0,-0.20980547216545622
765,3,0.0,0.0,0.0,0.0,0.0
765,4,0.0,0.0,0.0,0.0,0.0
766,0,0.0,-0.005606369128200449,0.0,0.0,-9.825914498339632
766,1,0.0,0.0,-9.507994047191198e-05,0.0,-0.7182635347363853
766,2,0.0,0.0,0.0,0.0,-0.20980547216545622
766,3,0.0,0.0,0.0,0.0,0.0
766,4,0.0,0.0,0.0,0.0,0.0
767,0,0.0,-0.005606369128200449,0.0,0.0,-9.837811346100942
767,1,0.0,0.0,-9.507994047191198e-05,0.0,-0.7182635347363853
767,2,0.0,0.0,0.0,0.0,-0.20980547216545622
767,3,0.0,0.0,0.0,0.0,0.0
767,4,0.0,0.0,0.0,0.0,0.0
768,0,0.0,-0.005606369128200449,0.0,0.0,-9.839426406551423
768,1,0.0,0.0,-9.507994047191198e-05,0.0,-0.7182635347363853
768,2,0.0,0.0,0.0,0.0,-0.20980547216545622
768,3,0.0,0.0,0.0,0.0,0.0
768,4,0.0,0.0,0.0,0.0,0.0
769,0,0.0,-0.005606369128200449,0.0,0.0,-9.85128765501066
769,1,0.0,0.0,-9.507994047191198e-05,0.0,-0.7182635347363853
769,2,0.0,0.0,0.0,0.0,-0.20980547216545622
769,3,0.0,0.0,0.0,0.0,0.0
769,4,0.0,0.0,0.0,0.0,0.0
770,0,0.0,-0.005606369128200449,0.0,0.0,-9.865615157170119
770,1,0.0,0.0,-9.507994047191198e-05,0.0,-0.7182635347363853
770,2,0.0,0.0,0.0,0.0,-0.20980547216545622
770,3,0.0,0.0,0.0,0.0,0.0
770,4,0.0,0.0,0.0,0.0,0.0
771,0,0.0,-0.005606369128200449,0.0,0.0,-9.865199978244796
771,1,0.0,0.0,-9.507994047191198e-05,0.0,-0.7182635347363853
771,2,0.0,0.0,0.0,0.0,-0.20980547216545622
771,3,0.0,0.0,0.0,0.0,0.0
771,4,0.0,0.0,0.0,0.0,0.0
772,0,0.0,-0.005606369128200449,0.0,0.0,-9.871988819570099
772,1,0.0,0.0,-9.507994047191198e-05,0.0,-0.7182635347363853
772,2,0.0,0.0,0.0,0.0,-0.20980547216545622
772,3,0.0,0.0,0.0,0.0,0.0
772,4,0.0,0.0,0.0,0.0,0.0
773,0,0.0,-0.005606369128200449,0.0,0.0,-9.876365509588469
773,1,0.0,0.0,-9.507994047191198e-05,0.0,-0.7182635347363853
773,2,0.0,0.0,0.0,0.0,-0.20980547216545622
773,3,0.0,0.0,0.0,0.0,0.0
773,4,0.0,0.0,0.0,0.0,0.0
774,0,0.0,-0.005606369128200449,0.0,0.0,-9.875937330076137
774,1,0.0,0.0,-9.507994047191198e-05,0.0,-0.7182635347363853
774,2,0.0,0.0,0.0,0.0,-0.20980547216545622
774,3,0.0,0.0,0.0,0.0,0.0
774,4,0.0,0.0,0.0,0.0,0.0
775,0,0.0,-0.005606369128200449,0.0,0.0,-9.887703724695193
775,1,0.0,0.0,-9.507994047191198e-05,0.0,-0.7182635347363853
775,2,0.0,0.0,0.0,0.0,-0.20980547216545622
775,3,0.0,0.0,0.0,0.0,0.0
775,4,0.0,0.0,0.0,0.0,0.0
776,0,0.0,-0.005606369128200449,0.0,0.0,-9.896936684356945
776,1,0.0,0.0,-9.507994047191198e-05,0.0,-0.7182635347363853
776,2,0.0,0.0,0.0,0.0,-0.20980547216545622
776,3,0.0,0.0,0.0,0.0,0.0
776,4,0.0,0.0,0.0,0.0,0.0
777,0,0.0,-0.005606369128200449,0.0,0.0,-9.89958797335268
777,1,0.0,0.0,-9.507994047191198e-05,0.0,-0.7182635347363853
777,2,0.0,0.0,0.0,0.0,-0.20980547216545622
777,3,0.0,0.0,0.0,0.0,0.0
777,4,0.0,0.0,0.0,0.0,0.0
778,0,0.0,-0.005606369128200449,0.0,0.0,-9.913791792649553
778,1,0.0,0.0,-9.507994047191198e-05,0.0,-0.7182635347363853
778,2,0.0,0.0,0.0,0.0,-0.20980547216545622
778,3,0.0,0.0,0.0,0.0,0.0
778,4,0.0,0.0,0.0,0.0,0.0
779,0,0.0,-0.005606369128200449,0.0,0.0,-9.912132278322577
779,1,0.0,0.0,-9.507994047191198e-05,0.0,-0.7182635347363853
779,2,0.0,0.0,0.0,0.0,-0.20980547216545622
779,3,0.0,0.0,0.0,0.0,0.0
779,4,0.0,0.0,0.0,0.0,0.0
780,0,0.0,-0.005606369128200449,0.0,0.0,-9.911662629217675
780,1,0.0,0.0,-9.507994047191198e-05,0.0,-0.7182635347363853
780,2,0.0,0.0,0.0,0.0,-0.20980547216545622
780,3,0.0,0.0,0.0,0.0,0.0
780,4,0.0,0.0,0.0,0.0,0.0
781,0,0.0,-0.005606369128200449,0.0,0.0,-9.923334804248308
781,1,0.0,0.0,-9.507994047191198e-05,0.0,-0.7182635347363853
781,2,0.0,0.0,0.0,0.0,-0.20980547216545622
781,3,0.0,0.0,0.0,0.0,0.0
781,4,0.0,0.0,0.0,0.0,0.0
782,0,0.0,-0.005606369128200449,0.0,0.0,-9.925950856715739
782,1,0.0,0.0,-9.507994047191198e-05,0.0,-0.7182635347363853
782,2,0.0,0.0,0.0,0.0,-0.20980547216545622
782,3,0.0,0.0,0.0,0.0,0.0
782,4,0.0,0.0,0.0,0.0,0.0
783,0,0.0,-0.005606369128200449,0.0,0.0,-9.937585843218296
783,1,0.0,0.0,-9.507994047191198e-05,0.0,-0.7182635347363853
783,2,0.0,0.0,0.0,0.0,-0.20980547216545622
783,3,0.0,0.0,0.0,0.0,0.0
783,4,0.0,0.0,0.0,0.0,0.0
784,0,0.0,-0.005606369128200449,0.0,0.0,-9.94018168231625
784,1,0.0,0.0,-9.507994047191198e-05,0.0,-0.7182635347363853
784,2,0.0,0.0,0.0,0.0,-0.20980547216545622
784,3,0.0,0.0,0.0,0.0,0.0
784,4,0.0,0.0,0.0,0.0,0.0
785,0,0.0,-0.005606369128200449,0.0,0.0,-9.940725054669114
785,1,0.0,0.0,-9.507994047191198e-05,0.0,-0.7182635347363853
785,2,0.0,0.0,0.0,0.0,-0.20980547216545622
785,3,0.0,0.0,0.0,0.0,0.0
785,4,0.0,0.0,0.0,0.0,0.0
786,0,0.0,-0.005606369128200449,0.0,0.0,-9.954823871671172
786,1,0.0,0.0,-9.507994047191198e-05,0.0,-0.7182635347363853
786,2,0.0,0.0,0.0,0.0,-0.20980547216545622
786,3,0.0,0.0,0.0,0.0,0.0
786,4,0.0,0.0,0.0,0.0,0.0
787,0,0.0,-0.005606369128200449,0.0,0.0,-9.95310950997326
787,1,0.0,0.0,-9.507994047191198e-05,0.0,-0.7182635347363853
787,2,0.0,0.0,0.0,0.0,-0.20980547216545622
787,3,0.0,0.0,0.0,0.0,0.0
787,4,0.0,0.0,0.0,0.0,0.0
788,0,0.0,-0.005606369128200449,0.0,0.0,-9.955685334550871
788,1,0.0,0.0,-9.507994047191198e-05,0.0,-0.7182635347363853
788,2,0.0,0.0,0.0,0.0,-0.20980547216545622
788,3,0.0,0.0,0.0,0.0,0.0
788,4,0.0,0.0,0.0,0.0,0.0
789,0,0.0,-0.005606369128200449,0.0,0.0,-9.958257239590894
789,1,0.0,0.0,-9.507994047191198e-05,0.0,-0.7182635347363853
789,2,0.0,0.0,0.0,0.0,-0.20980547216545622
789,3,0.0,0.0,0.0,0.0,0.0
789,4,0.0,0.0,0.0,0.0,0.0
790,0,0.0,-0.005606369128200449,0.0,0.0,-9.957734071089495
790,1,0.0,0.0,-9.507994047191198e-05,0.0,-0.7182635347363853
790,2,0.0,0.0,0.0,0.0,-0.20980547216545622
790,3,0.0,0.0,0.0,0.0,0.0
790,4,0.0,0.0,0.0,0.0,0.0
791,0,0.0,-0.005606369128200449,0.0,0.0,-9.961931221201494
791,1,0.0,0.0,-9.507994047191198e-05,0.0,-0.7182635347363853
791,2,0.0,0.0,0.0,0.0,-0.20980547216545622
791,3,0.0,0.0,0.0,0.0,0.0
791,4,0.0,0.0,0.0,0.0,0.0
792,0,0.0,-0.005606369128200449,0.0,0.0,-9.96245208859626
792,1,0.0,0.0,-9.507994047191198e-05,0.0,-0.7182635347363853
792,2,0.0,0.0,0.0,0.0,-0.20980547216545622
792,3,0.0,0.0,0.0,0.0,0.0
792,4,0.0,0.0,0.0,0.0,0.0
793,0,0.0,-0.005606369128200449,0.0,0.0,-9.974004412762397
793,1,0.0,0.0,-9.507994047191198e-05,0.0,-0.7182635347363853
793,2,0.0,0.0,0.0,0.0,-0.20980547216545622
793,3,0.0,0.0,0.0,0.0,0.0
793,4,0.0,0.0,0.0,0.0,0.0
794,0,0.0,-0.005606369128200449,0.0,0.0,-9.976550713198574
794,1,0.0,0.0,-9.507994047191198e-05,0.0,-0.7182635347363853
794,2,0.0,0.0,0.0,0.0,-0.20980547216545622
794,3,0.0,0.0,0.0,0.0,0.0
794,4,0.0,0.0,0.0,0.0,0.0
795,0,0.0,-0.005606369128200449,0.0,0.0,-9.990566381894864
795,1,0.0,0.0,-9.507994047191198e-05,0.0,-0.7182635347363853
795,2,0.0,0.0,0.0,0.0,-0.20980547216545622
795,3,0.0,0.0,0.0,0.0,0.0
795,4,0.0,0.0,0.0,0.0,0.0
796,0,0.0,-0.005606369128200449,0.0,0.0,-9.99309009737306
796,1,0.0,0.0,-9.507994047191198e-05,0.0,-0.7182635347363853
796,2,0.0,0.0,0.0,0.0,-0.20980547216545622
796,3,0.0,0.0,0.0,0.0,0.0
796,4,0.0,0.0,0.0,0.0,0.0
797,0,0.0,-0.005606369128200449,0.0,0.0,-9.993578133361227
797,1,0.0,0.0,-9.507994047191198e-05,0.0,-0.7182635347363853
797,2,0.0,0.0,0.0,0.0,-0.20980547216545622
797,3,0.0,0.0,0.0,0.0,0.0
797,4,0.0,0.0,0.0,0.0,0.0
798,0,0.0,-0.005606369128200449,0.0,0.0,-9.993013227418189
798,1,0.0,0.0,-9.507994047191198e-05,0.0,-0.7182635347363853
798,2,0.0,0.0,0.0,0.0,-0.20980547216545622
798,3,0.0,0.0,0.0,0.0,0.0
798,4,0.0,0.0,0.0,0.0,0.0
799,0,0.0,-0.005606369128200449,0.0,0.0,-10.00698873095125
799,1,0.0,0.0,-9.507994047191198e-05,0.0,-0.7182635347363853
799,2,0.0,0.0,0.0,0.0,-0.20980547216545622
799,3,0.0,0.0,0.0,0.0,0.0
799,4,0.0,0.0,0.0,0.0,0.0
800,0,0.0,-0.005606369128200449,0.0,0.0,-10.018423404596533
800,1,0.0,0.0,-9.507994047191198e-05,0.0,-0.7182635347363853
800,2,0.0,0.0,0.0,0.0,-0.20980547216545622
800,3,0.0,0.0,0.0,0.0,0.0
800,4,0.0,0.0,0.0,0.0,0.0
801,0,0.0,-0.005606369128200449,0.0,0.0,-10.019846821577563
801,1,0.0,0.0,-9.507994047191198e-05,0.0,-0.7182635347363853
801,2,0.0,0.0,0.0,0.0,-0.20980547216545622
801,3,0.0,0.0,0.0,0.0,0.0
801,4,0.0,0.0,0.0,0.0,0.0
802,0,0.0,-0.005606369128200449,0.0,0.0,-10.020307119283014
802,1,0.0,0.0,-9.507994047191198e-05,0.0,-0.7182635347363853
802,2,0.0,0.0,0.0,0.0,-0.20980547216545622
802,3,0.0,0.0,0.0,0.0,0.0
802,4,0.0,0.0,0.0,0.0,0.0
803,0,0.0,-0.005606369128200449,0.0,0.0,-10.031709186345445
803,1,0.0,0.0,-9.507994047191198e-05,0.0,-0.7182635347363853
803,2,0.0,0.0,0.0,0.0,-0.20980547216545622
803,3,0.0,0.0,0.0,0.0,0.0
803,4,0.0,0.0,0.0,0.0,0.0
804,0,0.0,-0.005606369128200449,0.0,0.0,-10.029890591815452
804,1,0.0,0.0,-9.507994047191198e-05,0.0,-0.7182635347363853
804,2,0.0,0.0,0.0,0.0,-0.20980547216545622
804,3,0.0,0.0,0.0,0.0,0.0
804,4,0.0,0.0,0.0,0.0,0.0
805,0,0.0,-0.005606369128200449,0.0,0.0,-10.03876727382251
805,1,0.0,0.0,-9.507994047191198e-05,0.0,-0.7182635347363853
805,2,0.0,0.0,0.0,0.0,-0.20980547216545622
805,3,0.0,0.0,0.0,0.0,0.0
805,4,0.0,0.0,0.0,0.0,0.0
806,0,0.0,-0.005606369128200449,0.0,0.0,-10.039207883324321
806,1,0.0,0.0,-9.507994047191198e-05,0.0,-0.7182635347363853
806,2,0.0,0.0,0.0,0.0,-0.20980547216545622
806,3,0.0,0.0,0.0,0.0,0.0
806,4,0.0,0.0,0.0,0.0,0.0
807,0,0.0,-0.005606369128200449,0.0,0.0,-10.0432366680377
807,1,0.0,0.0,-9.507994047191198e-05,0.0,-0.7182635347363853
807,2,0.0,0.0,0.0,0.0,-0.20980547216545622
807,3,0.0,0.0,0.0,0.0,0.0
807,4,0.0,0.0,0.0,0.0,0.0
808,0,0.0,-0.005606369128200449,0.0,0.0,-10.04725770327393
808,1,0.0,0.0,-9.507994047191198e-05,0.0,-0.7182635347363853
808,2,0.0,0.0,0.0,0.0,-0.20980547216545622
808,3,0.0,0.0,0.0,0.0,0.0
808,4,0.0,0.0,0.0,0.0,0.0
809,0,0.0,-0.005606369128200449,0.0,0.0,-10.048649862081302
809,1,0.0,0.0,-9.507994047191198e-05,0.0,-0.7182635347363853
809,2,0.0,0.0,0.0,0.0,-0.20980547216545622
809,3,0.0,0.0,0.0,0.0,0.0
809,4,0.0,0.0,0.0,0.0,0.0
810,0,0.0,-0.005606369128200449,0.0,0.0,-10.062486751558799
810,1,0.0,0.0,-9.507994047191198e-05,0.0,-0.7182635347363853
810,2,0.0,0.0,0.0,0.0,-0.20980547216545622
810,3,0.0,0.0,0.0,0.0,0.0
810,4,0.0,0.0,0.0,0.0,0.0
811,0,0.0,-0.005606369128200449,0.0,0.0,-10.06290176445812
811,1,0.0,0.0,-9.507994047191198e-05,0.0,-0.7182635347363853
811,2,0.0,0.0,0.0,0.0,-0.20980547216545622
811,3,0.0,0.0,0.0,0.0,0.0
811,4,0.0,0.0,0.0,0.0,0.0
812,0,0.0,-0.005606369128200449,0.0,0.0,-10.0610402198765
812,1,0.0,0.0,-9.507994047191198e-05,0.0,-0.7182635347363853
812,2,0.0,0.0,0.0,0.0,-0.20980547216545622
812,3,0.0,0.0,0.0,0.0,0.0
812,4,0.0,0.0,0.0,0.0,0.0
813,0,0.0,-0.005606369128200449,0.0,0.0,-10.062418570177558
813,1,0.0,0.0,-9.507994047191198e-05,0.0,-0.7182635347363853
813,2,0.0,0.0,0.0,0.0,-0.20980547216545622
813,3,0.0,0.0,0.0,0.0,0.0
813,4,0.0,0.0,0.0,0.0,0.0
814,0,0.0,-0.005606369128200449,0.0,0.0,-10.07372199348613
814,1,0.0,0.0,-9.507994047191198e-05,0.0,-0.7182635347363853
814,2,0.0,0.0,0.0,0.0,-0.20980547216545622
814,3,0.0,0.0,0.0,0.0,0.0
814,4,0.0,0.0,0.0,0.0,0.0
815,0,0.0,-0.005606369128200449,0.0,0.0,-10.082493474935404
815,1,0.0,0.0,-9.507994047191198e-05,0.0,-0.7182635347363853
815,2,0.0,0.0,0.0,0.0,-0.20980547216545622
815,3,0.0,0.0,0.0,0.0,0.0
815,4,0.0,0.0,0.0,0.0,0.0
816,0,0.0,-0.005606369128200449,0.0,0.0,-10.09124145626489
816,1,0.0,0.0,-9.507994047191198e-05,0.0,-0.7182635347363853
816,2,0.0,0.0,0.0,0.0,-0.20980547216545622
816,3,0.0,0.0,0.0,0.0,0.0
816,4,0.0,0.0,0.0,0.0,0.0
817,0,0.0,-0.005606369128200449,0.0,0.0,-10.090560159071833
817,1,0.0,0.0,-9.507994047191198e-05,0.0,-0.7182635347363853
817,2,0.0,0.0,0.0,0.0,-0.20980547216545622
817,3,0.0,0.0,0.0,0.0,0.0
817,4,0.0,0.0,0.0,0.0,0.0
818,0,0.0,-0.005606369128200449,0.0,0.0,-10.088660887385071
818,1,0.0,0.0,-9.507994047191198e-05,0.0,-0.7182635347363853
818,2,0.0,0.0,0.0,0.0,-0.20980547216545622
818,3,0.0,0.0,0.0,0.0,0.0
818,4,0.0,0.0,0.0,0.0,0.0
819,0,0.0,-0.005606369128200449,0.0,0.0,-10.09739646646694
819,1,0.0,0.0,-9.507994047191198e-05,0.0,-0.7182635347363853
819,2,0.0,0.0,0.0,0.0,-0.20980547216545622
819,3,0.0,0.0,0.0,0.0,0.0
819,4,0.0,0.0,0.0,0.0,0.0
820,0,0.0,-0.005606369128200449,0.0,0.0,-10.098737194095502
820,1,0.0,0.0,-9.507994047191198e-05,0.0,-0.7182635347363853
820,2,0.0,0.0,0.0,0.0,-0.20980547216545622
820,3,0.0,0.0,0.0,0.0,0.0
820,4,0.0,0.0,0.0,0.0,0.0
821,0,0.0,-0.005606369128200449,0.0,0.0,-10.101119453753707
821,1,0.0,0.0,-9.507994047191198e-05,0.0,-0.7182635347363853
821,2,0.0,0.0,0.0,0.0,-0.20980547216545622
821,3,0.0,0.0,0.0,0.0,0.0
821,4,0.0,0.0,0.0,0.0,0.0
822,0,0.0,-0.005606369128200449,0.0,0.0,-10.100427912757468
822,1,0.0,0.0,-9.507994047191198e-05,0.0,-0.7182635347363853
822,2,0.0,0.0,0.0,0.0,-0.20980547216545622
822,3,0.0,0.0,0.0,0.0,0.0
822,4,0.0,0.0,0.0,0.0,0.0
823,0,0.0,-0.005606369128200449,0.0,0.0,-10.114139441955734
823,1,0.0,0.0,-9.507994047191198e-05,0.0,-0.7182635347363853
823,2,0.0,0.0,0.0,0.0,-0.20980547216545622
823,3,0.0,0.0,0.0,0.0,0.0
823,4,0.0,0.0,0.0,0.0,0.0
824,0,0.0,-0.005606369128200449,0.0,0.0,-10.12281098918038
824,1,0.0,0.0,-9.507994047191198e-05,0.0,-0.7182635347363853
824,2,0.0,0.0,0.0,0.0,-0.20980547216545622
824,3,0.0,0.0,0.0,0.0,0.0
824,4,0.0,0.0,0.0,0.0,0.0
825,0,0.0,-0.005606369128200449,0.0,0.0,-10.136459358878536
825,1,0.0,0.0,-9.507994047191198e-05,0.0,-0.7182635347363853
825,2,0.0,0.0,0.0,0.0,-0.20980547216545622
825,3,0.0,0.0,0.0,0.0,0.0
825,4,0.0,0.0,0.0,0.0,0.0
826,0,0.0,-0.005606369128200449,0.0,0.0,-10.150067962347292
826,1,0.0,0.0,-9.507994047191198e-05,0.0,-0.7182635347363853
826,2,0.0,0.0,0.0,0.0,-0.20980547216545622
826,3,0.0,0.0,0.0,0.0,0.0
826,4,0.0,0.0,0.0,0.0,0.0
827,0,0.0,-0.005606369128200449,0.0,0.0,-10.149316336695133
827,1,0.0,0.0,-9.507994047191198e-05,0.0,-0.7182635347363853
827,2,0.0,0.0,0.0,0.0,-0.20980547216545622
827,3,0.0,0.0,0.0,0.0,0.0
827,4,0.0,0.0,0.0,0.0,0.0
828,0,0.0,-0.005606369128200449,0.0,0.0,-10.162889456631056
828,1,0.0,0.0,-9.507994047191198e-05,0.0,-0.7182635347363853
828,2,0.0,0.0,0.0,0.0,-0.20980547216545622
828,3,0.0,0.0,0.0,0.0,0.0
828,4,0.0,0.0,0.0,0.0,0.0
829,0,0.0,-0.005606369128200449,0.0,0.0,-10.164164254264053
829,1,0.0,0.0,-9.507994047191198e-05,0.0,-0.7182635347363853
829,2,0.0,0.0,0.0,0.0,-0.20980547216545622
829,3,0.0,0.0,0.0,0.0,0.0
829,4,0.0,0.0,0.0,0.0,0.0
830,0,0.0,-0.005606369128200449,0.0,0.0,-10.162163196501321
830,1,0.0,0.0,-9.507994047191198e-05,0.0,-0.7182635347363853
830,2,0.0,0.0,0.0,0.0,-0.20980547216545622
830,3,0.0,0.0,0.0,0.0,0.0
830,4,0.0,0.0,0.0,0.0,0.0
831,0,0.0,-0.005606369128200449,0.0,0.0,-10.175703167794738
831,1,0.0,0.0,-9.507994047191198e-05,0.0,-0.7182635347363853
831,2,0.0,0.0,0.0,0.0,-0.20980547216545622
831,3,0.0,0.0,0.0,0.0,0.0
831,4,0.0,0.0,0.0,0.0,0.0
832,0,0.0,-0.005606369128200449,0.0,0.0,-10.177990092728278
832,1,0.0,0.0,-9.507994047191198e-05,0.0,-0.7182635347363853
832,2,0.0,0.0,0.0,0.0,-0.20980547216545622
832,3,0.0,0.0,0.0,0.0,0.0
832,4,0.0,0.0,0.0,0.0,0.0
833,0,0.0,-0.005606369128200449,0.0,0.0,-10.183987813537723
833,1,0.0,0.0,-9.507994047191198e-05,0.0,-0.7182635347363853
833,2,0.0,0.0,0.0,0.0,-0.20980547216545622
833,3,0.0,0.0,0.0,0.0,0.0
833,4,0.0,0.0,0.0,0.0,0.0
834,0,0.0,-0.005606369128200449,0.0,0.0,-10.18427503052588
834,1,0.0,0.0,-9.507994047191198e-05,0.0,-0.7182635347363853
834,2,0.0,0.0,0.0,0.0,-0.20980547216545622
834,3,0.0,0.0,0.0,0.0,0.0
834,4,0.0,0.0,0.0,0.0,0.0
835,0,0.0,-0.005606369128200449,0.0,0.0,-10.182246210447056
835,1,0.0,0.0,-9.507994047191198e-05,0.0,-0.7182635347363853
835,2,0.0,0.0,0.0,0.0,-0.20980547216545622
835,3,0.0,0.0,0.0,0.0,0.0
835,4,0.0,0.0,0.0,0.0,0.0
836,0,0.0,-0.005606369128200449,0.0,0.0,-10.18253616585075
836,1,0.0,0.0,-9.507994047191198e-05,0.0,-0.7182635347363853
836,2,0.0,0.0,0.0,0.0,-0.20980547216545622
836,3,0.0,0.0,0.0,0.0,0.0
836,4,0.0,0.0,0.0,0.0,0.0
837,0,0.0,-0.005606369128200449,0.0,0.0,-10.188529964272465
837,1,0.0,0.0,-9.507994047191198e-05,0.0,-0.7182635347363853
837,2,0.0,0.0,0.0,0.0,-0.20980547216545622
837,3,0.0,0.0,0.0,0.0,0.0
837,4,0.0,0.0,0.0,0.0,0.0
838,0,0.0,-0.005606369128200449,0.0,0.0,-10.190799901886189
838,1,0.0,0.0,-9.507994047191198e-05,0.0,-0.7182635347363853
838,2,0.0,0.0,0.0,0.0,-0.20980547216545622
838,3,0.0,0.0,0.0,0.0,0.0
838,4,0.0,0.0,0.0,0.0,0.0
839,0,0.0,-0.005606369128200449,0.0,0.0,-10.194533862802352
839,1,0.0,0.0,-9.507994047191198e-05,0.0,-0.7182635347363853
839,2,0.0,0.0,0.0,0.0,-0.20980547216545622
839,3,0.0,0.0,0.0,0.0,0.0
839,4,0.0,0.0,0.0,0.0,0.0
840,0,0.0,-0.005606369128200449,0.0,0.0,-10.193730065974897
840,1,0.0,0.0,-9.507994047191198e-05,0.0,-0.7182635347363853
840,2,0.0,0.0,0.0,0.0,-0.20980547216545622
840,3,0.0,0.0,0.0,0.0,0.0
840,4,0.0,0.0,0.0,0.0,0.0
841,0,0.0,-0.005606369128200449,0.0,0.0,-10.192928013863245
841,1,0.0,0.0,-9.507994047191198e-05,0.0,-0.7182635347363853
841,2,0.0,0.0,0.0,0.0,-0.20980547216545622
841,3,0.0,0.0,0.0,0.0,0.0
841,4,0.0,0.0,0.0,0.0,0.0
842,0,0.0,-0.005606369128200449,0.0,0.0,-10.20140527479016
842,1,0.0,0.0,-9.507994047191198e-05,0.0,-0.7182635347363853
842,2,0.0,0.0,0.0,0.0,-0.20980547216545622
842,3,0.0,0.0,0.0,0.0,0.0
842,4,0.0,0.0,0.0,0.0,0.0
843,0,0.0,-0.005606369128200449,0.0,0.0,-10.19935298011726
843,1,0.0,0.0,-9.507994047191198e-05,0.0,-0.7182635347363853
843,2,0.0,0.0,0.0,0.0,-0.20980547216545622
843,3,0.0,0.0,0.0,0.0,0.0
843,4,0.0,0.0,0.0,0.0,0.0
844,0,0.0,-0.005606369128200449,0.0,0.0,-10.2103151165191
844,1,0.0,0.0,-9.507994047191198e-05,0.0,-0.7182635347363853
844,2,0.0,0.0,0.0,0.0,-0.20980547216545622
844,3,0.0,0.0,0.0,0.0,0.0
844,4,0.0,0.0,0.0,0.0,0.0
845,0,0.0,-0.005606369128200449,0.0,0.0,-10.221246418795499
845,1,0.0,0.0,-9.507994047191198e-05,0.0,-0.7182635347363853
845,2,0.0,0.0,0.0,0.0,-0.20980547216545622
845,3,0.0,0.0,0.0,0.0,0.0
845,4,0.0,0.0,0.0,0.0,0.0
846,0,0.0,-0.005606369128200449,0.0,0.0,-10.224924065408239
846,1,0.0,0.0,-9.507994047191198e-05,0.0,-0.7182635347363853
846,2,0.0,0.0,0.0,0.0,-0.20980547216545622
846,3,0.0,0.0,0.0,0.0,0.0
846,4,0.0,0.0,0.0,0.0,0.0
847,0,0.0,-0.005606369128200449,0.0,0.0,-10.233317712701025
847,1,0.0,0.0,-9.507994047191198e-05,0.0,-0.7182635347363853
847,2,0.0,0.0,0.0,0.0,-0.20980547216545622
847,3,0.0,0.0,0.0,0.0,0.0
847,4,0.0,0.0,0.0,0.0,0.0
848,0,0.0,-0.005606369128200449,0.0,0.0,-10.23246655463206
848,1,0.0,0.0,-9.507994047191198e-05,0.0,-0.7182635347363853
848,2,0.0,0.0,0.0,0.0,-0.20980547216545622
848,3,0.0,0.0,0.0,0.0,0.0
848,4,0.0,0.0,0.0,0.0,0.0
849,0,0.0,-0.005606369128200449,0.0,0.0,-10.24084231061434
849,1,0.0,0.0,-9.507994047191198e-05,0.0,-0.7182635347363853
849,2,0.0,0.0,0.0,0.0,-0.20980547216545622
849,3,0.0,0.0,0.0,0.0,0.0
849,4,0.0,0.0,0.0,0.0,0.0
850,0,0.0,-0.005606369128200449,0.0,0.0,-10.246696973130348
850,1,0.0,0.0,-9.507994047191198e-05,0.0,-0.7182635347363853
850,2,0.0,0.0,0.0,0.0,-0.20980547216545622
850,3,0.0,0.0,0.0,0.0,0.0
850,4,0.0,0.0,0.0,0.0,0.0
851,0,0.0,-0.005606369128200449,0.0,0.0,-10.26003669165741
851,1,0.0,0.0,-9.507994047191198e-05,0.0,-0.7182635347363853
851,2,0.0,0.0,0.0,0.0,-0.20980547216545622
851,3,0.0,0.0,0.0,0.0,0.0
851,4,0.0,0.0,0.0,0.0,0.0
852,0,0.0,-0.005606369128200449,0.0,0.0,-10.260242661929816
852,1,0.0,0.0,-9.507994047191198e-05,0.0,-0.7182635347363853
852,2,0.0,0.0,0.0,0.0,-0.20980547216545622
852,3,0.0,0.0,0.0,0.0,0.0
852,4,0.0,0.0,0.0,0.0,0.0
853,0,0.0,-0.005606369128200449,0.0,0.0,-10.263845358855372
853,1,0.0,0.0,-9.507994047191198e-05,0.0,-0.7182635347363853
853,2,0.0,0.0,0.0,0.0,-0.20980547216545622
853,3,0.0,0.0,0.0,0.0,0.0
853,4,0.0,0.0,0.0,0.0,0.0
854,0,0.0,-0.005606369128200449,0.0,0.0,-10.274641258998432
854,1,0.0,0.0,-9.507994047191198e-05,0.0,-0.7182635347363853
854,2,0.0,0.0,0.0,0.0,-0.20980547216545622
854,3,0.0,0.0,0.0,0.0,0.0
854,4,0.0,0.0,0.0,0.0,0.0
855,0,0.0,-0.005606369128200449,0.0,0.0,-10.287906864703423
855,1,0.0,0.0,-9.507994047191198e-05,0.0,-0.7182635347363853
855,2,0.0,0.0,0.0,0.0,-0.20980547216545622
855,3,0.0,0.0,0.0,0.0,0.0
855,4,0.0,0.0,0.0,0.0,0.0
856,0,0.0,-0.005606369128200449,0.0,0.0,-10.298633946573712
856,1,0.0,0.0,-9.507994047191198e-05,0.0,-0.7182635347363853
856,2,0.0,0.0,0.0,0.0,-0.20980547216545622
856,3,0.0,0.0,0.0,0.0,0.0
856,4,0.0,0.0,0.0,0.0,0.0
857,0,0.0,-0.005606369128200449,0.0,0.0,-10.30933097113358
857,1,0.0,0.0,-9.507994047191198e-05,0.0,-0.7182635347363853
857,2,0.0,0.0,0.0,0.0,-0.20980547216545622
857,3,0.0,0.0,0.0,0.0,0.0
857,4,0.0,0.0,0.0,0.0,0.0
858,0,0.0,-0.005606369128200449,0.0,0.0,-10.31145039631654
858,1,0.0,0.0,-9.507994047191198e-05,0.0,-0.7182635347363853
858,2,0.0,0.0,0.0,0.0,-0.20980547216545622
858,3,0.0,0.0,0.0,0.0,0.0
858,4,0.0,0.0,0.0,0.0,0.0
859,0,0.0,-0.005606369128200449,0.0,0.0,-10.314953292034167
859,1,0.0,0.0,-9.507994047191198e-05,0.0,-0.7182635347363853
859,2,0.0,0.0,0.0,0.0,-0.20980547216545622
859,3,0.0,0.0,0.0,0.0,0.0
859,4,0.0,0.0,0.0,0.0,0.0
860,0,0.0,-0.005606369128200449,0.0,0.0,-10.31509885514456
860,1,0.0,0.0,-9.507994047191198e-05,0.0,-0.7182635347363853
860,2,0.0,0.0,0.0,0.0,-0.20980547216545622
860,3,0.0,0.0,0.0,0.0,0.0
860,4,0.0,0.0,0.0,0.0,0.0
861,0,0.0,-0.005606369128200449,0.0,0.0,-10.3152445882487
861,1,0.0,0.0,-9.507994047191198e-05,0.0,-0.7182635347363853
861,2,0.0,0.0,0.0,0.0,-0.20980547216545622
861,3,0.0,0.0,0.0,0.0,0.0
861,4,0.0,0.0,0.0,0.0,0.0
862,0,0.0,-0.005606369128200449,0.0,0.0,-10.32590595212436
862,1,0.0,0.0,-9.507994047191198e-05,0.0,-0.7182635347363853
862,2,0.0,0.0,0.0,0.0,-0.20980547216545622
862,3,0.0,0.0,0.0,0.0,0.0
862,4,0.0,0.0,0.0,0.0,0.0
863,0,0.0,-0.005606369128200449,0.0,0.0,-10.33403746515502
863,1,0.0,0.0,-9.507994047191198e-05,0.0,-0.7182635347363853
863,2,0.0,0.0,0.0,0.0,-0.20980547216545622
863,3,0.0,0.0,0.0,0.0,0.0
863,4,0.0,0.0,0.0,0.0,0.0
864,0,0.0,-0.005606369128200449,0.0,0.0,-10.331791990595889
864,1,0.0,0.0,-9.507994047191198e-05,0.0,-0.7182635347363853
864,2,0.0,0.0,0.0,0.0,-0.20980547216545622
864,3,0.0,0.0,0.0,0.0,0.0
864,4,0.0,0.0,0.0,0.0,0.0
865,0,0.0,-0.005606369128200449,0.0,0.0,-10.33388383149137
865,1,0.0,0.0,-9.507994047191198e-05,0.0,-0.7182635347363853
865,2,0.0,0.0,0.0,0.0,-0.20980547216545622
865,3,0.0,0.0,0.0,0.0,0.0
865,4,0.0,0.0,0.0,0.0,0.0
866,0,0.0,-0.005606369128200449,0.0,0.0,-10.339502601222396
866,1,0.0,0.0,-9.507994047191198e-05,0.0,-0.7182635347363853
866,2,0.0,0.0,0.0,0.0,-0.20980547216545622
866,3,0.0,0.0,0.0,0.0,0.0
866,4,0.0,0.0,0.0,0.0,0.0
867,0,0.0,-0.005606369128200449,0.0,0.0,-10.347604687434519
867,1,0.0,0.0,-9.507994047191198e-05,0.0,-0.7182635347363853
867,2,0.0,0.0,0.0,0.0,-0.20980547216545622
867,3,0.0,0.0,0.0,0.0,0.0
867,4,0.0,0.0,0.0,0.0,0.0
868,0,0.0,-0.005606369128200449,0.0,0.0,-10.346608523075815
868,1,0.0,0.0,-9.507994047191198e-05,0.0,-0.7182635347363853
868,2,0.0,0.0,0.0,0.0,-0.20980547216545622
868,3,0.0,0.0,0.0,0.0,0.0
868,4,0.0,0.0,0.0,0.0,0.0
869,0,0.0,-0.005606369128200449,0.0,0.0,-10.350051323785525
869,1,0.0,0.0,-9.507994047191198e-05,0.0,-0.7182635347363853
869,2,0.0,0.0,0.0,0.0,-0.20980547216545622
869,3,0.0,0.0,0.0,0.0,0.0
869,4,0.0,0.0,0.0,0.0,0.0
870,0,0.0,-0.005606369128200449,0.0,0.0,-10.355634504644978
870,1,0.0,0.0,-9.507994047191198e-05,0.0,-0.7182635347363853
870,2,0.0,0.0,0.0,0.0,-0.20980547216545622
870,3,0.0,0.0,0.0,0.0,0.0
870,4,0.0,0.0,0.0,0.0,0.0
871,0,0.0,-0.005606369128200449,0.0,0.0,-10.355735769548605
871,1,0.0,0.0,-9.507994047191198e-05,0.0,-0.7182635347363853
871,2,0.0,0.0,0.0,0.0,-0.20980547216545622
871,3,0.0,0.0,0.0,0.0,0.0
871,4,0.0,0.0,0.0,0.0,0.0
872,0,0.0,-0.005606369128200449,0.0,0.0,-10.35916281405227
872,1,0.0,0.0,-9.507994047191198e-05,0.0,-0.7182635347363853
872,2,0.0,0.0,0.0,0.0,-0.20980547216545622
872,3,0.0,0.0,0.0,0.0,0.0
872,4,0.0,0.0,0.0,0.0,0.0
873,0,0.0,-0.005606369128200449,0.0,0.0,-10.364728786230074
873,1,0.0,0.0,-9.507994047191198e-05,0.0,-0.7182635347363853
873,2,0.0,0.0,0.0,0.0,-0.20980547216545622
873,3,0.0,0.0,0.0,0.0,0.0
873,4,0.0,0.0,0.0,0.0,0.0
874,0,0.0,-0.005606369128200449,0.0,0.0,-10.363710262860792
874,1,0.0,0.0,-9.507994047191198e-05,0.0,-0.7182635347363853
874,2,0.0,0.0,0.0,0.0,-0.20980547216545622
874,3,0.0,0.0,0.0,0.0,0.0
874,4,0.0,0.0,0.0,0.0,0.0
875,0,0.0,-0.005606369128200449,0.0,0.0,-10.364776534816777
875,1,0.0,0.0,-9.507994047191198e-05,0.0,-0.7182635347363853
875,2,0.0,0.0,0.0,0.0,-0.20980547216545622
875,3,0.0,0.0,0.0,0.0,0.0
875,4,0.0,0.0,0.0,0.0,0.0
876,0,0.0,-0.005606369128200449,0.0,0.0,-10.370333949928032
876,1,0.0,0.0,-9.507994047191198e-05,0.0,-0.7182635347363853
876,2,0.0,0.0,0.0,0.0,-0.20980547216545622
876,3,0.0,0.0,0.0,0.0,0.0
876,4,0.0,0.0,0.0,0.0,0.0
877,0,0.0,-0.005606369128200449,0.0,0.0,-10.378374418425107
877,1,0.0,0.0,-9.507994047191198e-05,0.0,-0.7182635347363853
877,2,0.0,0.0,0.0,0.0,-0.20980547216545622
877,3,0.0,0.0,0.0,0.0,0.0
877,4,0.0,0.0,0.0,0.0,0.0
878,0,0.0,-0.005606369128200449,0.0,0.0,-10.376061740169709
878,1,0.0,0.0,-9.507994047191198e-05,0.0,-0.7182635347363853
878,2,0.0,0.0,0.0,0.0,-0.20980547216545622
878,3,0.0,0.0,0.0,0.0,0.0
878,4,0.0,0.0,0.0,0.0,0.0
879,0,0.0,-0.005606369128200449,0.0,0.0,-10.384089096471785
879,1,0.0,0.0,-9.507994047191198e-05,0.0,-0.7182635347363853
879,2,0.0,0.0,0.0,0.0,-0.20980547216545622
879,3,0.0,0.0,0.0,0.0,0.0
879,4,0.0,0.0,0.0,0.0,0.0
880,0,0.0,-0.005606369128200449,0.0,0.0,-10.384159378969876
880,1,0.0,0.0,-9.507994047191198e-05,0.0,-0.7182635347363853
880,2,0.0,0.0,0.0,0.0,-0.20980547216545622
880,3,0.0,0.0,0.0,0.0,0.0
880,4,0.0,0.0,0.0,0.0,0.0
881,0,0.0,-0.005606369128200449,0.0,0.0,-10.392167606865796
881,1,0.0,0.0,-9.507994047191198e-05,0.0,-0.7182635347363853
881,2,0.0,0.0,0.0,0.0,-0.20980547216545622
881,3,0.0,0.0,0.0,0.0,0.0
881,4,0.0,0.0,0.0,0.0,0.0
882,0,0.0,-0.005606369128200449,0.0,0.0,-10.405154772397673
882,1,0.0,0.0,-9.507994047191198e-05,0.0,-0.7182635347363853
882,2,0.0,0.0,0.0,0.0,-0.20980547216545622
882,3,0.0,0.0,0.0,0.0,0.0
882,4,0.0,0.0,0.0,0.0,0.0
883,0,0.0,-0.005606369128200449,0.0,0.0,-10.418104279163405
883,1,0.0,0.0,-9.507994047191198e-05,0.0,-0.7182635347363853
883,2,0.0,0.0,0.0,0.0,-0.20980547216545622
883,3,0.0,0.0,0.0,0.0,0.0
883,4,0.0,0.0,0.0,0.0,0.0
884,0,0.0,-0.005606369128200449,0.0,0.0,-10.42352303264926
884,1,0.0,0.0,-9.507994047191198e-05,0.0,-0.7182635347363853
884,2,0.0,0.0,0.0,0.0,-0.20980547216545622
884,3,0.0,0.0,0.0,0.0,0.0
884,4,0.0,0.0,0.0,0.0,0.0
885,0,0.0,-0.005606369128200449,0.0,0.0,-10.436422578477536
885,1,0.0,0.0,-9.507994047191198e-05,0.0,-0.7182635347363853
885,2,0.0,0.0,0.0,0.0,-0.20980547216545622
885,3,0.0,0.0,0.0,0.0,0.0
885,4,0.0,0.0,0.0,0.0,0.0
886,0,0.0,-0.005606369128200449,0.0,0.0,-10.444284763175693
886,1,0.0,0.0,-9.507994047191198e-05,0.0,-0.7182635347363853
886,2,0.0,0.0,0.0,0.0,-0.20980547216545622
886,3,0.0,0.0,0.0,0.0,0.0
886,4,0.0,0.0,0.0,0.0,0.0
887,0,0.0,-0.005606369128200449,0.0,0.0,-10.44187469946286
887,1,0.0,0.0,-9.507994047191198e-05,0.0,-0.7182635347363853
887,2,0.0,0.0,0.0,0.0,-0.20980547216545622
887,3,0.0,0.0,0.0,0.0,0.0
887,4,0.0,0.0,0.0,0.0,0.0
888,0,0.0,-0.005606369128200449,0.0,0.0,-10.44723290565667
888,1,0.0,0.0,-9.507994047191198e-05,0.0,-0.7182635347363853
888,2,0.0,0.0,0.0,0.0,-0.20980547216545622
888,3,0.0,0.0,0.0,0.0,0.0
888,4,0.0,0.0,0.0,0.0,0.0
889,0,0.0,-0.005606369128200449,0.0,0.0,-10.457570584893729
889,1,0.0,0.0,-9.507994047191198e-05,0.0,-0.7182635347363853
889,2,0.0,0.0,0.0,0.0,-0.20980547216545622
889,3,0.0,0.0,0.0,0.0,0.0
889,4,0.0,0.0,0.0,0.0,0.0
890,0,0.0,-0.005606369128200449,0.0,0.0,-10.455141196723886
890,1,0.0,0.0,-9.507994047191198e-05,0.0,-0.7182635347363853
890,2,0.0,0.0,0.0,0.0,-0.20980547216545622
890,3,0.0,0.0,0.0,0.0,0.0
890,4,0.0,0.0,0.0,0.0,0.0
891,0,0.0,-0.005606369128200449,0.0,0.0,-10.454008103646018
891,1,0.0,0.0,-9.507994047191198e-05,0.0,-0.7182635347363853
891,2,0.0,0.0,0.0,0.0,-0.20980547216545622
891,3,0.0,0.0,0.0,0.0,0.0
891,4,0.0,0.0,0.0,0.0,0.0
892,0,0.0,-0.005606369128200449,0.0,0.0,-10.452877376590664
892,1,0.0,0.0,-9.507994047191198e-05,0.0,-0.7182635347363853
892,2,0.0,0.0,0.0,0.0,-0.20980547216545622
892,3,0.0,0.0,0.0,0.0,0.0
892,4,0.0,0.0,0.0,0.0,0.0
893,0,0.0,-0.005606369128200449,0.0,0.0,-10.452873049683168
893,1,0.0,0.0,-9.507994047191198e-05,0.0,-0.7182635347363853
893,2,0.0,0.0,0.0,0.0,-0.20980547216545622
893,3,0.0,0.0,0.0,0.0,0.0
893,4,0.0,0.0,0.0,0.0,0.0
894,0,0.0,-0.005606369128200449,0.0,0.0,-10.450453992677058
894,1,0.0,0.0,-9.507994047191198e-05,0.0,-0.7182635347363853
894,2,0.0,0.0,0.0,0.0,-0.20980547216545622
894,3,0.0,0.0,0.0,0.0,0.0
894,4,0.0,0.0,0.0,0.0,0.0
895,0,0.0,-0.005606369128200449,0.0,0.0,-10.450453617826998
895,1,0.0,0.0,-9.507994047191198e-05,0.0,-0.7182635347363853
895,2,0.0,0.0,0.0,0.0,-0.20980547216545622
895,3,0.0,0.0,0.0,0.0,0.0
895,4,0.0,0.0,0.0,0.0,0.0
896,0,0.0,-0.005606369128200449,0.0,0.0,-10.45372050367305
896,1,0.0,0.0,-9.507994047191198e-05,0.0,-0.7182635347363853
896,2,0.0,0.0,0.0,0.0,-0.20980547216545622
896,3,0.0,0.0,0.0,0.0,0.0
896,4,0.0,0.0,0.0,0.0,0.0
897,0,0.0,-0.005606369128200449,0.0,0.0,-10.461554709563924
897,1,0.0,0.0,-9.507994047191198e-05,0.0,-0.7182635347363853
897,2,0.0,0.0,0.0,0.0,-0.20980547216545622
897,3,0.0,0.0,0.0,0.0,0.0
897,4,0.0,0.0,0.0,0.0,0.0
898,0,0.0,-0.005606369128200449,0.0,0.0,-10.461541890271373
898,1,0.0,0.0,-9.507994047191198e-05,0.0,-0.7182635347363853
898,2,0.0,0.0,0.0,0.0,-0.20980547216545622
898,3,0.0,0.0,0.0,0.0,0.0
898,4,0.0,0.0,0.0,0.0,0.0
899,0,0.0,-0.005606369128200449,0.0,0.0,-10.469357800714981
899,1,0.0,0.0,-9.507994047191198e-05,0.0,-0.7182635347363853
899,2,0.0,0.0,0.0,0.0,-0.20980547216545622
899,3,0.0,0.0,0.0,0.0,0.0
899,4,0.0,0.0,0.0,0.0,0.0
900,0,0.0,-0.005606369128200449,0.0,0.0,-10.472591291941818
900,1,0.0,0.0,-9.507994047191198e-05,0.0,-0.7182635347363853
900,2,0.0,0.0,0.0,0.0,-0.20980547216545622
900,3,0.0,0.0,0.0,0.0,0.0
900,4,0.0,0.0,0.0,0.0,0.0
901,0,0.0,-0.005606369128200449,0.0,0.0,-10.4778908897476
901,1,0.0,0.0,-9.507994047191198e-05,0.0,-0.7182635347363853
901,2,0.0,0.0,0.0,0.0,-0.20980547216545622
901,3,0.0,0.0,0.0,0.0,0.0
901,4,0.0,0.0,0.0,0.0,0.0
902,0,0.0,-0.005606369128200449,0.0,0.0,-10.49066855525159
902,1,0.0,0.0,-9.507994047191198e-05,0.0,-0.7182635347363853
902,2,0.0,0.0,0.0,0.0,-0.20980547216545622
902,3,0.0,0.0,0.0,0.0,0.0
902,4,0.0,0.0,0.0,0.0,0.0
903,0,0.0,-0.005606369128200449,0.0,0.0,-10.492570421473788
903,1,0.0,0.0,-9.507994047191198e-05,0.0,-0.7182635347363853
903,2,0.0,0.0,0.0,0.0,-0.20980547216545622
903,3,0.0,0.0,0.0,0.0,0.0
903,4,0.0,0.0,0.0,0.0,0.0
904,0,0.0,-0.005606369128200449,0.0,0.0,-10.491391138951606
904,1,0.0,0.0,-9.507994047191198e-05,0.0,-0.7182635347363853
904,2,0.0,0.0,0.0,0.0,-0.20980547216545622
904,3,0.0,0.0,0.0,0.0,0.0
904,4,0.0,0.0,0.0,0.0,0.0
905,0,0.0,-0.005606369128200449,0.0,0.0,-10.494587202461947
905,1,0.0,0.0,-9.507994047191198e-05,0.0,-0.7182635347363853
905,2,0.0,0.0,0.0,0.0,-0.20980547216545622
905,3,0.0,0.0,0.0,0.0,0.0
905,4,0.0,0.0,0.0,0.0,0.0
906,0,0.0,-0.005606369128200449,0.0,0.0,-10.49210522731566
906,1,0.0,0.0,-9.507994047191198e-05,0.0,-0.7182635347363853
906,2,0.0,0.0,0.0,0.0,-0.20980547216545622
906,3,0.0,0.0,0.0,0.0,0.0
906,4,0.0,0.0,0.0,0.0,0.0
907,0,0.0,-0.005606369128200449,0.0,0.0,-10.497362600772494
907,1,0.0,0.0,-9.507994047191198e-05,0.0,-0.7182635347363853
907,2,0.0,0.0,0.0,0.0,-0.20980547216545622
907,3,0.0,0.0,0.0,0.0,0.0
907,4,0.0,0.0,0.0,0.0,0.0
908,0,0.0,-0.005606369128200449,0.0,0.0,-10.502608139256148
908,1,0.0,0.0,-9.507994047191198e-05,0.0,-0.7182635347363853
908,2,0.0,0.0,0.0,0.0,-0.20980547216545622
908,3,0.0,0.0,0.0,0.0,0.0
908,4,0.0,0.0,0.0,0.0,0.0
909,0,0.0,-0.005606369128200449,0.0,0.0,-10.512830513836645
909,1,0.0,0.0,-9.507994047191198e-05,0.0,-0.7182635347363853
909,2,0.0,0.0,0.0,0.0,-0.20980547216545622
909,3,0.0,0.0,0.0,0.0,0.0
909,4,0.0,0.0,0.0,0.0,0.0
910,0,0.0,-0.005606369128200449,0.0,0.0,-10.51598970788522
910,1,0.0,0.0,-9.507994047191198e-05,0.0,-0.7182635347363853
910,2,0.0,0.0,0.0,0.0,-0.20980547216545622
910,3,0.0,0.0,0.0,0.0,0.0
910,4,0.0,0.0,0.0,0.0,0.0
911,0,0.0,-0.005606369128200449,0.0,0.0,-10.513474615121613
911,1,0.0,0.0,-9.507994047191198e-05,0.0,-0.7182635347363853
911,2,0.0,0.0,0.0,0.0,-0.20980547216545622
911,3,0.0,0.0,0.0,0.0,0.0
911,4,0.0,0.0,0.0,0.0,0.0
912,0,0.0,-0.005606369128200449,0.0,0.0,-10.516634976390874
912,1,0.0,0.0,-9.507994047191198e-05,0.0,-0.7182635347363853
912,2,0.0,0.0,0.0,0.0,-0.20980547216545622
912,3,0.0,0.0,0.0,0.0,0.0
912,4,0.0,0.0,0.0,0.0,0.0
913,0,0.0,-0.005606369128200449,0.0,0.0,-10.529326290921276
913,1,0.0,0.0,-9.507994047191198e-05,0.0,-0.7182635347363853
913,2,0.0,0.0,0.0,0.0,-0.20980547216545622
913,3,0.0,0.0,0.0,0.0,0.0
913,4,0.0,0.0,0.0,0.0,0.0
914,0,0.0,-0.005606369128200449,0.0,0.0,-10.54198087781247
914,1,0.0,0.0,-9.507994047191198e-05,0.0,-0.7182635347363853
914,2,0.0,0.0,0.0,0.0,-0.20980547216545622
914,3,0.0,0.0,0.0,0.0,0.0
914,4,0.0,0.0,0.0,0.0,0.0
915,0,0.0,-0.005606369128200449,0.0,0.0,-10.55209886458807
915,1,0.0,0.0,-9.507994047191198e-05,0.0,-0.7182635347363853
915,2,0.0,0.0,0.0,0.0,-0.20980547216545622
915,3,0.0,0.0,0.0,0.0,0.0
915,4,0.0,0.0,0.0,0.0,0.0
916,0,0.0,-0.005606369128200449,0.0,0.0,-10.549530432507149
916,1,0.0,0.0,-9.507994047191198e-05,0.0,-0.7182635347363853
916,2,0.0,0.0,0.0,0.0,-0.20980547216545622
916,3,0.0,0.0,0.0,0.0,0.0
916,4,0.0,0.0,0.0,0.0,0.0
917,0,0.0,-0.005606369128200449,0.0,0.0,-10.552629136259748
917,1,0.0,0.0,-9.507994047191198e-05,0.0,-0.7182635347363853
917,2,0.0,0.0,0.0,0.0,-0.20980547216545622
917,3,0.0,0.0,0.0,0.0,0.0
917,4,0.0,0.0,0.0,0.0,0.0
918,0,0.0,-0.005606369128200449,0.0,0.0,-10.555722582768269
918,1,0.0,0.0,-9.507994047191198e-05,0.0,-0.7182635347363853
918,2,0.0,0.0,0.0,0.0,-0.20980547216545622
918,3,0.0,0.0,0.0,0.0,0.0
918,4,0.0,0.0,0.0,0.0,0.0
919,0,0.0,-0.005606369128200449,0.0,0.0,-10.554462012338055
919,1,0.0,0.0,-9.507994047191198e-05,0.0,-0.7182635347363853
919,2,0.0,0.0,0.0,0.0,-0.20980547216545622
919,3,0.0,0.0,0.0,0.0,0.0
919,4,0.0,0.0,0.0,0.0,0.0
920,0,0.0,-0.005606369128200449,0.0,0.0,-10.554346488735318
920,1,0.0,0.0,-9.507994047191198e-05,0.0,-0.7182635347363853
920,2,0.0,0.0,0.0,0.0,-0.20980547216545622
920,3,0.0,0.0,0.0,0.0,0.0
920,4,0.0,0.0,0.0,0.0,0.0
921,0,0.0,-0.005606369128200449,0.0,0.0,-10.555220039332648
921,1,0.0,0.0,-9.507994047191198e-05,0.0,-0.7182635347363853
921,2,0.0,0.0,0.0,0.0,-0.20980547216545622
921,3,0.0,0.0,0.0,0.0,0.0
921,4,0.0,0.0,0.0,0.0,0.0
922,0,0.0,-0.005606369128200449,0.0,0.0,-10.555104377656498
922,1,0.0,0.0,-9.507994047191198e-05,0.0,-0.7182635347363853
922,2,0.0,0.0,0.0,0.0,-0.20980547216545622
922,3,0.0,0.0,0.0,0.0,0.0
922,4,0.0,0.0,0.0,0.0,0.0
923,0,0.0,-0.005606369128200449,0.0,0.0,-10.555977240633322
923,1,0.0,0.0,-9.507994047191198e-05,0.0,-0.7182635347363853
923,2,0.0,0.0,0.0,0.0,-0.20980547216545622
923,3,0.0,0.0,0.0,0.0,0.0
923,4,0.0,0.0,0.0,0.0,0.0
924,0,0.0,-0.005606369128200449,0.0,0.0,-10.559070599024826
924,1,0.0,0.0,-9.507994047191198e-05,0.0,-0.7182635347363853
924,2,0.0,0.0,0.0,0.0,-0.20980547216545622
924,3,0.0,0.0,0.0,0.0,0.0
924,4,0.0,0.0,0.0,0.0,0.0
925,0,0.0,-0.005606369128200449,0.0,0.0,-10.556493235455271
925,1,0.0,0.0,-9.507994047191198e-05,0.0,-0.7182635347363853
925,2,0.0,0.0,0.0,0.0,-0.20980547216545622
925,3,0.0,0.0,0.0,0.0,0.0
925,4,0.0,0.0,0.0,0.0,0.0
926,0,0.0,-0.005606369128200449,0.0,0.0,-10.553921224108956
926,1,0.0,0.0,-9.507994047191198e-05,0.0,-0.7182635347363853
926,2,0.0,0.0,0.0,0.0,-0.20980547216545622
926,3,0.0,0.0,0.0,0.0,0.0
926,4,0.0,0.0,0.0,0.0,0.0
927,0,0.0,-0.005606369128200449,0.0,0.0,-10.552668552279151
927,1,0.0,0.0,-9.507994047191198e-05,0.0,-0.7182635347363853
927,2,0.0,0.0,0.0,0.0,-0.20980547216545622
927,3,0.0,0.0,0.0,0.0,0.0
927,4,0.0,0.0,0.0,0.0,0.0
928,0,0.0,-0.005606369128200449,0.0,0.0,-10.557799623523318
928,1,0.0,0.0,-9.507994047191198e-05,0.0,-0.7182635347363853
928,2,0.0,0.0,0.0,0.0,-0.20980547216545622
928,3,0.0,0.0,0.0,0.0,0.0
928,4,0.0,0.0,0.0,0.0,0.0
929,0,0.0,-0.005606369128200449,0.0,0.0,-10.570403234652966
929,1,0.0,0.0,-9.507994047191198e-05,0.0,-0.7182635347363853
929,2,0.0,0.0,0.0,0.0,-0.20980547216545622
929,3,0.0,0.0,0.0,0.0,0.0
929,4,0.0,0.0,0.0,0.0,0.0
930,0,0.0,-0.005606369128200449,0.0,0.0,-10.577970384724406
930,1,0.0,0.0,-9.507994047191198e-05,0.0,-0.7182635347363853
930,2,0.0,0.0,0.0,0.0,-0.20980547216545622
930,3,0.0,0.0,0.0,0.0,0.0
930,4,0.0,0.0,0.0,0.0,0.0
931,0,0.0,-0.005606369128200449,0.0,0.0,-10.578820525800879
931,1,0.0,0.0,-9.507994047191198e-05,0.0,-0.7182635347363853
931,2,0.0,0.0,0.0,0.0,-0.20980547216545622
931,3,0.0,0.0,0.0,0.0,0.0
931,4,0.0,0.0,0.0,0.0,0.0
932,0,0.0,-0.005606369128200449,0.0,0.0,-10.588867994780955
932,1,0.0,0.0,-9.507994047191198e-05,0.0,-0.7182635347363853
932,2,0.0,0.0,0.0,0.0,-0.20980547216545622
932,3,0.0,0.0,0.0,0.0,0.0
932,4,0.0,0.0,0.0,0.0,0.0
933,0,0.0,-0.005606369128200449,0.0,0.0,-10.590658187602767
933,1,0.0,0.0,-9.507994047191198e-05,0.0,-0.7182635347363853
933,2,0.0,0.0,0.0,0.0,-0.20980547216545622
933,3,0.0,0.0,0.0,0.0,0.0
933,4,0.0,0.0,0.0,0.0,0.0
934,0,0.0,-0.005606369128200449,0.0,0.0,-10.588035311564868
934,1,0.0,0.0,-9.507994047191198e-05,0.0,-0.7182635347363853
934,2,0.0,0.0,0.0,0.0,-0.20980547216545622
934,3,0.0,0.0,0.0,0.0,0.0
934,4,0.0,0.0,0.0,0.0,0.0
935,0,0.0,-0.005606369128200449,0.0,0.0,-10.600561394661836
935,1,0.0,0.0,-9.507994047191198e-05,0.0,-0.7182635347363853
935,2,0.0,0.0,0.0,0.0,-0.20980547216545622
935,3,0.0,0.0,0.0,0.0,0.0
935,4,0.0,0.0,0.0,0.0,0.0
936,0,0.0,-0.005606369128200449,0.0,0.0,-10.600397929588134
936,1,0.0,0.0,-9.507994047191198e-05,0.0,-0.7182635347363853
936,2,0.0,0.0,0.0,0.0,-0.20980547216545622
936,3,0.0,0.0,0.0,0.0,0.0
936,4,0.0,0.0,0.0,0.0,0.0
937,0,0.0,-0.005606369128200449,0.0,0.0,-10.601226180319914
937,1,0.0,0.0,-9.507994047191198e-05,0.0,-0.7182635347363853
937,2,0.0,0.0,0.0,0.0,-0.20980547216545622
937,3,0.0,0.0,0.0,0.0,0.0
937,4,0.0,0.0,0.0,0.0,0.0
938,0,0.0,-0.005606369128200449,0.0,0.0,-10.611218650791786
938,1,0.0,0.0,-9.507994047191198e-05,0.0,-0.7182635347363853
938,2,0.0,0.0,0.0,0.0,-0.20980547216545622
938,3,0.0,0.0,0.0,0.0,0.0
938,4,0.0,0.0,0.0,0.0,0.0
939,0,0.0,-0.005606369128200449,0.0,0.0,-10.614226567343081
939,1,0.0,0.0,-9.507994047191198e-05,0.0,-0.7182635347363853
939,2,0.0,0.0,0.0,0.0,-0.20980547216545622
939,3,0.0,0.0,0.0,0.0,0.0
939,4,0.0,0.0,0.0,0.0,0.0
940,0,0.0,-0.005606369128200449,0.0,0.0,-10.626686105456443
940,1,0.0,0.0,-9.507994047191198e-05,0.0,-0.7182635347363853
940,2,0.0,0.0,0.0,0.0,-0.20980547216545622
940,3,0.0,0.0,0.0,0.0,0.0
940,4,0.0,0.0,0.0,0.0,0.0
941,0,0.0,-0.005606369128200449,0.0,0.0,-10.639109654847982
941,1,0.0,0.0,-9.507994047191198e-05,0.0,-0.7182635347363853
941,2,0.0,0.0,0.0,0.0,-0.20980547216545622
941,3,0.0,0.0,0.0,0.0,0.0
941,4,0.0,0.0,0.0,0.0,0.0
942,0,0.0,-0.005606369128200449,0.0,0.0,-10.637745347413594
942,1,0.0,0.0,-9.507994047191198e-05,0.0,-0.7182635347363853
942,2,0.0,0.0,0.0,0.0,-0.20980547216545622
942,3,0.0,0.0,0.0,0.0,0.0
942,4,0.0,0.0,0.0,0.0,0.0
943,0,0.0,-0.005606369128200449,0.0,0.0,-10.647638668425717
943,1,0.0,0.0,-9.507994047191198e-05,0.0,-0.7182635347363853
943,2,0.0,0.0,0.0,0.0,-0.20980547216545622
943,3,0.0,0.0,0.0,0.0,0.0
943,4,0.0,0.0,0.0,0.0,0.0
944,0,0.0,-0.005606369128200449,0.0,0.0,-10.644931263753506
944,1,0.0,0.0,-9.507994047191198e-05,0.0,-0.7182635347363853
944,2,0.0,0.0,0.0,0.0,-0.20980547216545622
944,3,0.0,0.0,0.0,0.0,0.0
944,4,0.0,0.0,0.0,0.0,0.0
945,0,0.0,-0.005606369128200449,0.0,0.0,-10.65730613351787
945,1,0.0,0.0,-9.507994047191198e-05,0.0,-0.7182635347363853
945,2,0.0,0.0,0.0,0.0,-0.20980547216545622
945,3,0.0,0.0,0.0,0.0,0.0
945,4,0.0,0.0,0.0,0.0,0.0
946,0,0.0,-0.005606369128200449,0.0,0.0,-10.664645306495265
946,1,0.0,0.0,-9.507994047191198e-05,0.0,-0.7182635347363853
946,2,0.0,0.0,0.0,0.0,-0.20980547216545622
946,3,0.0,0.0,0.0,0.0,0.0
946,4,0.0,0.0,0.0,0.0,0.0
947,0,0.0,-0.005606369128200449,0.0,0.0,-10.676965571433644
947,1,0.0,0.0,-9.507994047191198e-05,0.0,-0.7182635347363853
947,2,0.0,0.0,0.0,0.0,-0.20980547216545622
947,3,0.0,0.0,0.0,0.0,0.0
947,4,0.0,0.0,0.0,0.0,0.0
948,0,0.0,-0.005606369128200449,0.0,0.0,-10.684250323992929
948,1,0.0,0.0,-9.507994047191198e-05,0.0,-0.7182635347363853
948,2,0.0,0.0,0.0,0.0,-0.20980547216545622
948,3,0.0,0.0,0.0,0.0,0.0
948,4,0.0,0.0,0.0,0.0,0.0
949,0,0.0,-0.005606369128200449,0.0,0.0,-10.685938884573961
949,1,0.0,0.0,-9.507994047191198e-05,0.0,-0.7182635347363853
949,2,0.0,0.0,0.0,0.0,-0.20980547216545622
949,3,0.0,0.0,0.0,0.0,0.0
949,4,0.0,0.0,0.0,0.0,0.0
950,0,0.0,-0.005606369128200449,0.0,0.0,-10.686681806804716
950,1,0.0,0.0,-9.507994047191198e-05,0.0,-0.7182635347363853
950,2,0.0,0.0,0.0,0.0,-0.20980547216545622
950,3,0.0,0.0,0.0,0.0,0.0
950,4,0.0,0.0,0.0,0.0,0.0
951,0,0.0,-0.005606369128200449,0.0,0.0,-10.686421192448975
951,1,0.0,0.0,-9.507994047191198e-05,0.0,-0.7182635347363853
951,2,0.0,0.0,0.0,0.0,-0.20980547216545622
951,3,0.0,0.0,0.0,0.0,0.0
951,4,0.0,0.0,0.0,0.0,0.0
952,0,0.0,-0.005606369128200449,0.0,0.0,-10.693688299494486
952,1,0.0,0.0,-9.507994047191198e-05,0.0,-0.7182635347363853
952,2,0.0,0.0,0.0,0.0,-0.20980547216545622
952,3,0.0,0.0,0.0,0.0,0.0
952,4,0.0,0.0,0.0,0.0,0.0
953,0,0.0,-0.005606369128200449,0.0,0.0,-10.696563105760575
953,1,0.0,0.0,-9.507994047191198e-05,0.0,-0.7182635347363853
953,2,0.0,0.0,0.0,0.0,-0.20980547216545622
953,3,0.0,0.0,0.0,0.0,0.0
953,4,0.0,0.0,0.0,0.0,0.0
954,0,0.0,-0.005606369128200449,0.0,0.0,-10.703806714062434
954,1,0.0,0.0,-9.507994047191198e-05,0.0,-0.7182635347363853
954,2,0.0,0.0,0.0,0.0,-0.20980547216545622
954,3,0.0,0.0,0.0,0.0,0.0
954,4,0.0,0.0,0.0,0.0,0.0
955,0,0.0,-0.005606369128200449,0.0,0.0,-10.702356239311023
955,1,0.0,0.0,-9.507994047191198e-05,0.0,-0.7182635347363853
955,2,0.0,0.0,0.0,0.0,-0.20980547216545622
955,3,0.0,0.0,0.0,0.0,0.0
955,4,0.0,0.0,0.0,0.0,0.0
956,0,0.0,-0.005606369128200449,0.0,0.0,-10.704023689632088
956,1,0.0,0.0,-9.507994047191198e-05,0.0,-0.7182635347363853
956,2,0.0,0.0,0.0,0.0,-0.20980547216545622
956,3,0.0,0.0,0.0,0.0,0.0
956,4,0.0,0.0,0.0,0.0,0.0
957,0,0.0,-0.005606369128200449,0.0,0.0,-10.708789240770445
957,1,0.0,0.0,-9.507994047191198e-05,0.0,-0.7182635347363853
957,2,0.0,0.0,0.0,0.0,-0.20980547216545622
957,3,0.0,0.0,0.0,0.0,0.0
957,4,0.0,0.0,0.0,0.0,0.0
958,0,0.0,-0.005606369128200449,0.0,0.0,-10.711640456128494
958,1,0.0,0.0,-9.507994047191198e-05,0.0,-0.7182635347363853
958,2,0.0,0.0,0.0,0.0,-0.20980547216545622
958,3,0.0,0.0,0.0,0.0,0.0
958,4,0.0,0.0,0.0,0.0,0.0
959,0,0.0,-0.005606369128200449,0.0,0.0,-10.708833124431013
959,1,0.0,0.0,-9.507994047191198e-05,0.0,-0.7182635347363853
959,2,0.0,0.0,0.0,0.0,-0.20980547216545622
959,3,0.0,0.0,0.0,0.0,0.0
959,4,0.0,0.0,0.0,0.0,0.0
960,0,0.0,-0.005606369128200449,0.0,0.0,-10.707377728219406
960,1,0.0,0.0,-9.507994047191198e-05,0.0,-0.7182635347363853
960,2,0.0,0.0,0.0,0.0,-0.20980547216545622
960,3,0.0,0.0,0.0,0.0,0.0
960,4,0.0,0.0,0.0,0.0,0.0
961,0,0.0,-0.005606369128200449,0.0,0.0,-10.717106521265261
961,1,0.0,0.0,-9.507994047191198e-05,0.0,-0.7182635347363853
961,2,0.0,0.0,0.0,0.0,-0.20980547216545622
961,3,0.0,0.0,0.0,0.0,0.0
961,4,0.0,0.0,0.0,0.0,0.0
962,0,0.0,-0.005606369128200449,0.0,0.0,-10.717817867715544
962,1,0.0,0.0,-9.507994047191198e-05,0.0,-0.7182635347363853
962,2,0.0,0.0,0.0,0.0,-0.20980547216545622
962,3,0.0,0.0,0.0,0.0,0.0
962,4,0.0,0.0,0.0,0.0,0.0
963,0,0.0,-0.005606369128200449,0.0,0.0,-10.7300200661571
963,1,0.0,0.0,-9.507994047191198e-05,0.0,-0.7182635347363853
963,2,0.0,0.0,0.0,0.0,-0.20980547216545622
963,3,0.0,0.0,0.0,0.0,0.0
963,4,0.0,0.0,0.0,0.0,0.0
964,0,0.0,-0.005606369128200449,0.0,0.0,-10.732840904543554
964,1,0.0,0.0,-9.507994047191198e-05,0.0,-0.7182635347363853
964,2,0.0,0.0,0.0,0.0,-0.20980547216545622
964,3,0.0,0.0,0.0,0.0,0.0
964,4,0.0,0.0,0.0,0.0,0.0
965,0,0.0,-0.005606369128200449,0.0,0.0,-10.730002667192132
965,1,0.0,0.0,-9.507994047191198e-05,0.0,-0.7182635347363853
965,2,0.0,0.0,0.0,0.0,-0.20980547216545622
965,3,0.0,0.0,0.0,0.0,0.0
965,4,0.0,0.0,0.0,0.0,0.0
966,0,0.0,-0.005606369128200449,0.0,0.0,-10.739674292840908
966,1,0.0,0.0,-9.507994047191198e-05,0.0,-0.7182635347363853
966,2,0.0,0.0,0.0,0.0,-0.20980547216545622
966,3,0.0,0.0,0.0,0.0,0.0
966,4,0.0,0.0,0.0,0.0,0.0
967,0,0.0,-0.005606369128200449,0.0,0.0,-10.744362107854295
967,1,0.0,0.0,-9.507994047191198e-05,0.0,-0.7182635347363853
967,2,0.0,0.0,0.0,0.0,-0.20980547216545622
967,3,0.0,0.0,0.0,0.0,0.0
967,4,0.0,0.0,0.0,0.0,0.0
968,0,0.0,-0.005606369128200449,0.0,0.0,-10.753996837127774
968,1,0.0,0.0,-9.507994047191198e-05,0.0,-0.7182635347363853
968,2,0.0,0.0,0.0,0.0,-0.20980547216545622
968,3,0.0,0.0,0.0,0.0,0.0
968,4,0.0,0.0,0.0,0.0,0.0
969,0,0.0,-0.005606369128200449,0.0,0.0,-10.76110496265106
969,1,0.0,0.0,-9.507994047191198e-05,0.0,-0.7182635347363853
969,2,0.0,0.0,0.0,0.0,-0.20980547216545622
969,3,0.0,0.0,0.0,0.0,0.0
969,4,0.0,0.0,0.0,0.0,0.0
970,0,0.0,-0.005606369128200449,0.0,0.0,-10.759579021292577
970,1,0.0,0.0,-9.507994047191198e-05,0.0,-0.7182635347363853
970,2,0.0,0.0,0.0,0.0,-0.20980547216545622
970,3,0.0,0.0,0.0,0.0,0.0
970,4,0.0,0.0,0.0,0.0,0.0
971,0,0.0,-0.005606369128200449,0.0,0.0,-10.760247661527556
971,1,0.0,0.0,-9.507994047191198e-05,0.0,-0.7182635347363853
971,2,0.0,0.0,0.0,0.0,-0.20980547216545622
971,3,0.0,0.0,0.0,0.0,0.0
971,4,0.0,0.0,0.0,0.0,0.0
972,0,0.0,-0.005606369128200449,0.0,0.0,-10.763022716927182
972,1,0.0,0.0,-9.507994047191198e-05,0.0,-0.7182635347363853
972,2,0.0,0.0,0.0,0.0,-0.20980547216545622
972,3,0.0,0.0,0.0,0.0,0.0
972,4,0.0,0.0,0.0,0.0,0.0
973,0,0.0,-0.005606369128200449,0.0,0.0,-10.764623717264351
973,1,0.0,0.0,-9.507994047191198e-05,0.0,-0.7182635347363853
973,2,0.0,0.0,0.0,0.0,-0.20980547216545622
973,3,0.0,0.0,0.0,0.0,0.0
973,4,0.0,0.0,0.0,0.0,0.0
974,0,0.0,-0.005606369128200449,0.0,0.0,-10.764276152677597
974,1,0.0,0.0,-9.507994047191198e-05,0.0,-0.7182635347363853
974,2,0.0,0.0,0.0,0.0,-0.20980547216545622
974,3,0.0,0.0,0.0,0.0,0.0
974,4,0.0,0.0,0.0,0.0,0.0
975,0,0.0,-0.005606369128200449,0.0,0.0,-10.771369168789716
975,1,0.0,0.0,-9.507994047191198e-05,0.0,-0.7182635347363853
975,2,0.0,0.0,0.0,0.0,-0.20980547216545622
975,3,0.0,0.0,0.0,0.0,0.0
975,4,0.0,0.0,0.0,0.0,0.0
976,0,0.0,-0.005606369128200449,0.0,0.0,-10.780944035357422
976,1,0.0,0.0,-9.507994047191198e-05,0.0,-0.7182635347363853
976,2,0.0,0.0,0.0,0.0,-0.20980547216545622
976,3,0.0,0.0,0.0,0.0,0.0
976,4,0.0,0.0,0.0,0.0,0.0
977,0,0.0,-0.005606369128200449,0.0,0.0,-10.77803052351272
977,1,0.0,0.0,-9.507994047191198e-05,0.0,-0.7182635347363853
977,2,0.0,0.0,0.0,0.0,-0.20980547216545622
977,3,0.0,0.0,0.0,0.0,0.0
977,4,0.0,0.0,0.0,0.0,0.0
978,0,0.0,-0.005606369128200449,0.0,0.0,-10.790088415504549
978,1,0.0,0.0,-9.507994047191198e-05,0.0,-0.7182635347363853
978,2,0.0,0.0,0.0,0.0,-0.20980547216545622
978,3,0.0,0.0,0.0,0.0,0.0
978,4,0.0,0.0,0.0,0.0,0.0
979,0,0.0,-0.005606369128200449,0.0,0.0,-10.788525508284494
979,1,0.0,0.0,-9.507994047191198e-05,0.0,-0.7182635347363853
979,2,0.0,0.0,0.0,0.0,-0.20980547216545622
979,3,0.0,0.0,0.0,0.0,0.0
979,4,0.0,0.0,0.0,0.0,0.0
980,0,0.0,-0.005606369128200449,0.0,0.0,-10.785602796680388
980,1,0.0,0.0,-9.507994047191198e-05,0.0,-0.7182635347363853
980,2,0.0,0.0,0.0,0.0,-0.20980547216545622
980,3,0.0,0.0,0.0,0.0,0.0
980,4,0.0,0.0,0.0,0.0,0.0
981,0,0.0,-0.005606369128200449,0.0,0.0,-10.78624629398635
981,1,0.0,0.0,-9.507994047191198e-05,0.0,-0.7182635347363853
981,2,0.0,0.0,0.0,0.0,-0.20980547216545622
981,3,0.0,0.0,0.0,0.0,0.0
981,4,0.0,0.0,0.0,0.0,0.0
982,0,0.0,-0.005606369128200449,0.0,0.0,-10.785876866677498
982,1,0.0,0.0,-9.507994047191198e-05,0.0,-0.7182635347363853
982,2,0.0,0.0,0.0,0.0,-0.20980547216545622
982,3,0.0,0.0,0.0,0.0,0.0
982,4,0.0,0.0,0.0,0.0,0.0
983,0,0.0,-0.005606369128200449,0.0,0.0,-10.785508434572352
983,1,0.0,0.0,-9.507994047191198e-05,0.0,-0.7182635347363853
983,2,0.0,0.0,0.0,0.0,-0.20980547216545622
983,3,0.0,0.0,0.0,0.0,0.0
983,4,0.0,0.0,0.0,0.0,0.0
984,0,0.0,-0.005606369128200449,0.0,0.0,-10.783956174755122
984,1,0.0,0.0,-9.507994047191198e-05,0.0,-0.7182635347363853
984,2,0.0,0.0,0.0,0.0,-0.20980547216545622
984,3,0.0,0.0,0.0,0.0,0.0
984,4,0.0,0.0,0.0,0.0,0.0
985,0,0.0,-0.005606369128200449,0.0,0.0,-10.793507616322982
985,1,0.0,0.0,-9.507994047191198e-05,0.0,-0.7182635347363853
985,2,0.0,0.0,0.0,0.0,-0.20980547216545622
985,3,0.0,0.0,0.0,0.0,0.0
985,4,0.0,0.0,0.0,0.0,0.0
986,0,0.0,-0.005606369128200449,0.0,0.0,-10.794143869559326
986,1,0.0,0.0,-9.507994047191198e-05,0.0,-0.7182635347363853
986,2,0.0,0.0,0.0,0.0,-0.20980547216545622
986,3,0.0,0.0,0.0,0.0,0.0
986,4,0.0,0.0,0.0,0.0,0.0
987,0,0.0,-0.005606369128200449,0.0,0.0,-10.806169444791012
987,1,0.0,0.0,-9.507994047191198e-05,0.0,-0.7182635347363853
987,2,0.0,0.0,0.0,0.0,-0.20980547216545622
987,3,0.0,0.0,0.0,0.0,0.0
987,4,0.0,0.0,0.0,0.0,0.0
988,0,0.0,-0.005606369128200449,0.0,0.0,-10.806793105648167
988,1,0.0,0.0,-9.507994047191198e-05,0.0,-0.7182635347363853
988,2,0.0,0.0,0.0,0.0,-0.20980547216545622
988,3,0.0,0.0,0.0,0.0,0.0
988,4,0.0,0.0,0.0,0.0,0.0
989,0,0.0,-0.005606369128200449,0.0,0.0,-10.813784598384883
989,1,0.0,0.0,-9.507994047191198e-05,0.0,-0.7182635347363853
989,2,0.0,0.0,0.0,0.0,-0.20980547216545622
989,3,0.0,0.0,0.0,0.0,0.0
989,4,0.0,0.0,0.0,0.0,0.0
990,0,0.0,-0.005606369128200449,0.0,0.0,-10.825758273622268
990,1,0.0,0.0,-9.507994047191198e-05,0.0,-0.7182635347363853
990,2,0.0,0.0,0.0,0.0,-0.20980547216545622
990,3,0.0,0.0,0.0,0.0,0.0
990,4,0.0,0.0,0.0,0.0,0.0
991,0,0.0,-0.005606369128200449,0.0,0.0,-10.82534424202684
991,1,0.0,0.0,-9.507994047191198e-05,0.0,-0.7182635347363853
991,2,0.0,0.0,0.0,0.0,-0.20980547216545622
991,3,0.0,0.0,0.0,0.0,0.0
991,4,0.0,0.0,0.0,0.0,0.0
992,0,0.0,-0.005606369128200449,0.0,0.0,-10.837286662327132
992,1,0.0,0.0,-9.507994047191198e-05,0.0,-0.7182635347363853
992,2,0.0,0.0,0.0,0.0,-0.20980547216545622
992,3,0.0,0.0,0.0,0.0,0.0
992,4,0.0,0.0,0.0,0.0,0.0
993,0,0.0,-0.005606369128200449,0.0,0.0,-10.835664345968844
993,1,0.0,0.0,-9.507994047191198e-05,0.0,-0.7182635347363853
993,2,0.0,0.0,0.0,0.0,-0.20980547216545622
993,3,0.0,0.0,0.0,0.0,0.0
993,4,0.0,0.0,0.0,0.0,0.0
994,0,0.0,-0.005606369128200449,0.0,0.0,-10.836258769132282
994,1,0.0,0.0,-9.507994047191198e-05,0.0,-0.7182635347363853
994,2,0.0,0.0,0.0,0.0,-0.20980547216545622
994,3,0.0,0.0,0.0,0.0,0.0
994,4,0.0,0.0,0.0,0.0,0.0
995,0,0.0,-0.006425245788366743,0.0,0.0,-10.836258769132282
995,1,0.0,0.0,-9.507994047191198e-05,0.0,-0.7521295049281377
995,2,0.0,0.0,0.0,0.0,-0.20980547216545622
995,3,0.0,0.0,0.0,0.0,0.0
995,4,0.0,0.0,0.0,0.0,0.0
996,0,0.0,-0.006425245788366743,0.0,0.0,-10.837785317440455
996,1,0.0,0.0,-9.507994047191198e-05,0.0,-0.7521295049281377
996,2,0.0,0.0,0.0,0.0,-0.20980547216545622
996,3,0.0,0.0,0.0,0.0,0.0
996,4,0.0,0.0,0.0,0.0,0.0
997,0,0.0,-0.006425245788366743,0.0,0.0,-10.840453116545817
997,1,0.0,0.0,-9.507994047191198e-05,0.0,-0.7521295049281377
997,2,0.0,0.0,0.0,0.0,-0.20980547216545622
997,3,0.0,0.0,0.0,0.0,0.0
997,4,0.0,0.0,0.0,0.0,0.0
998,0,0.0,-0.006425245788366743,0.0,0.0,-10.843116683452736
998,1,0.0,0.0,-9.507994047191198e-05,0.0,-0.7521295049281377
998,2,0.0,0.0,0.0,0.0,-0.20980547216545622
998,3,0.0,0.0,0.0,0.0,0.0
998,4,0.0,0.0,0.0,0.0,0.0
999,0,0.0,-0.006425245788366743,0.0,0.0,-10.843703406712569
999,1,0.0,0.0,-9.507994047191198e-05,0.0,-0.7521295049281377
999,2,0.0,0.0,0.0,0.0,-0.20980547216545622
999,3,0.0,0.0,0.0,0.0,0.0
999,4,0.0,0.0,0.0,0.0,0.0
1000,0,0.0,-0.006425245788366743,0.0,0.0,-10.845220540780831
1000,1,0.0,0.0,-9.507994047191198e-05,0.0,-0.7521295049281377
1000,2,0.0,0.0,0.0,0.0,-0.20980547216545622
1000,3,0.0,0.0,0.0,0.0,0.0
1000,4,0.0,0.0,0.0,0.0,0.0
