1,0,0.0,0.0,0.0,0.0,0.0
1,1,0.0,0.0,0.0,0.0,0.0
1,2,0.0,0.0,0.0,0.0,-0.05971108841249832
1,3,0.0,0.0,0.0,0.0,0.0
1,4,0.0,0.0,0.0,0.0,0.0
2,0,0.0,0.0,0.0,0.0,0.0
2,1,0.0,0.0,-5.941785638224435e-06,0.0,0.0
2,2,0.0,0.0,0.0,0.0,-0.12414615783150375
2,3,0.0,0.0,0.0,0.0,0.0
2,4,0.0,0.0,0.0,0.0,0.0
3,0,0.0,-5.883570530309775e-14,0.0,0.0,0.0
3,1,0.0,0.0,-3.1613685218890746e-05,0.0,0.0
3,2,0.0,0.0,0.0,0.0,-0.1866581987734499
3,3,0.0,0.0,0.0,0.0,0.0
3,4,0.0,0.0,0.0,0.0,0.0
4,0,0.0,-1.7243517053770583e-12,0.0,0.0,0.0
4,1,0.0,0.0,-8.96096921516232e-05,0.0,0.0
4,2,0.0,0.0,0.0,0.0,-0.24873727103132823
4,3,0.0,0.0,0.0,0.0,0.0
4,4,0.0,0.0,0.0,0.0,0.0
5,0,0.0,-1.5105400602340554e-11,0.0,0.0,0.0
5,1,0.0,0.0,-0.00019251506303793455,0.0,0.0
5,2,0.0,0.0,0.0,0.0,-0.30699773482469955
5,3,0.0,0.0,0.0,0.0,0.0
5,4,0.0,0.0,0.0,0.0,0.0
6,0,0.0,-7.686180867775351e-11,0.0,0.0,0.0
6,1,0.0,0.0,-0.0003491198439215838,0.0,0.0
6,2,0.0,0.0,0.0,0.0,-0.36663120932488374
6,3,0.0,0.0,0.0,0.0,0.0
6,4,0.0,0.0,0.0,0.0,0.0
7,0,0.0,-2.7994068155740144e-10,0.0,0.0,0.0
7,1,0.0,0.0,-0.0005722344580440739,0.0,0.0
7,2,0.0,0.0,0.0,0.0,-0.426770828994324
7,3,0.0,0.0,0.0,0.0,0.0
7,4,0.0,0.0,0.0,0.0,0.0
8,0,0.0,-8.25470160678484e-10,0.0,0.0,0.0
8,1,0.0,0.0,-0.0008741880980242364,0.0,0.0
8,2,0.0,0.0,0.0,0.0,-0.49047806223547513
8,3,0.0,0.0,0.0,0.0,0.0
8,4,0.0,0.0,0.0,0.0,0.0
9,0,0.0,-2.0984629053281486e-09,0.0,0.0,0.0
9,1,0.0,0.0,-0.0012725109765270766,0.0,0.0
9,2,0.0,0.0,0.0,0.0,-0.5588930654288352
9,3,0.0,0.0,0.0,0.0,0.0
9,4,0.0,0.0,0.0,0.0,0.0
10,0,0.0,-4.795436481062609e-09,0.0,0.0,0.0
10,1,0.0,0.0,-0.0017885142641184475,0.0,0.0
10,2,0.0,0.0,0.0,0.0,-0.6161167970548852
10,3,0.0,0.0,0.0,0.0,0.0
10,4,0.0,0.0,0.0,0.0,0.0
11,0,0.0,-1.012226274682317e-08,0.0,0.0,0.0
11,1,0.0,0.0,-0.0024113897139223877,0.0,0.0
11,2,0.0,0.0,0.0,0.0,-0.671530259572433
11,3,0.0,0.0,0.0,0.0,0.0
11,4,0.0,0.0,0.0,0.0,0.0
12,0,0.0,-1.9803733901891272e-08,0.0,0.0,0.0
12,1,0.0,0.0,-0.0031430737029275978,0.0,0.0
12,2,0.0,0.0,0.0,0.0,-0.7291945641932375
12,3,0.0,0.0,0.0,0.0,0.0
12,4,0.0,0.0,0.0,0.0,0.0
13,0,0.0,-3.624869637419869e-08,0.0,0.0,0.0
13,1,0.0,0.0,-0.003992274406061247,0.0,0.0
13,2,0.0,0.0,0.0,0.0,-0.7869353710955478
13,3,0.0,0.0,0.0,0.0,0.0
13,4,0.0,0.0,0.0,0.0,0.0
14,0,0.0,-6.277505805145036e-08,0.0,0.0,0.0
14,1,0.0,0.0,-0.003992274406061247,0.0,0.0
14,2,0.0,0.0,0.0,0.0,-0.7869353710955478
14,3,0.0,0.0,0.0,0.0,-0.06831745002120382
14,4,0.0,0.0,0.0,0.0,0.0
15,0,0.0,-8.930106676828321e-08,0.0,0.0,0.0
15,1,0.0,0.0,-0.004962434299665311,0.0,0.0
15,2,0.0,0.0,0.0,0.0,-0.8471051935666699
15,3,0.0,0.0,0.0,0.0,-0.06831745002120382
15,4,0.0,0.0,0.0,0.0,0.0
16,0,0.0,-1.3027724095404065e-07,0.0,0.0,0.0
16,1,0.0,0.0,-0.006061441722719311,0.0,0.0
16,2,0.0,0.0,0.0,0.0,-0.9063739253142618
16,3,0.0,0.0,0.0,0.0,-0.06831745002120382
16,4,0.0,0.0,0.0,0.0,0.0
17,0,0.0,-1.3027724095404065e-07,0.0,0.0,-0.05191486662936647
17,1,0.0,0.0,-0.006061441722719311,0.0,0.0
17,2,0.0,0.0,0.0,0.0,-0.9063739253142618
17,3,0.0,0.0,0.0,0.0,-0.06831745002120382
17,4,0.0,0.0,0.0,0.0,0.0
18,0,0.0,-1.3027724095404065e-07,0.0,0.0,-0.10765278634928754
18,1,0.0,0.0,-0.006061441722719311,0.0,0.0
18,2,0.0,0.0,0.0,0.0,-0.9063739253142618
18,3,0.0,0.0,0.0,0.0,-0.06831745002120382
18,4,0.0,0.0,0.0,0.0,0.0
19,0,0.0,-1.3027724095404065e-07,0.0,0.0,-0.16393444964314455
19,1,0.0,0.0,-0.006061441722719311,0.0,0.0
19,2,0.0,0.0,0.0,0.0,-0.9063739253142618
19,3,0.0,0.0,0.0,0.0,-0.06831745002120382
19,4,0.0,0.0,0.0,0.0,0.0
20,0,0.0,-1.3027724095404065e-07,0.0,0.0,-0.22062893569308692
20,1,0.0,0.0,-0.006061441722719311,0.0,0.0
20,2,0.0,0.0,0.0,0.0,-0.9063739253142618
20,3,0.0,0.0,0.0,0.0,-0.06831745002120382
20,4,0.0,0.0,0.0,0.0,0.0
21,0,0.0,-1.3027724095404065e-07,0.0,0.0,-0.2750163653385055
21,1,0.0,0.0,-0.006061441722719311,0.0,0.0
21,2,0.0,0.0,0.0,0.0,-0.9063739253142618
21,3,0.0,0.0,0.0,0.0,-0.06831745002120382
21,4,0.0,0.0,0.0,0.0,0.0
22,0,0.0,-1.3027724095404065e-07,0.0,0.0,-0.3354428021421196
22,1,0.0,0.0,-0.006061441722719311,0.0,0.0
22,2,0.0,0.0,0.0,0.0,-0.9063739253142618
22,3,0.0,0.0,0.0,0.0,-0.06831745002120382
22,4,0.0,0.0,0.0,0.0,0.0
23,0,0.0,-1.3027724095404065e-07,0.0,0.0,-0.387992490787613
23,1,0.0,0.0,-0.006061441722719311,0.0,0.0
23,2,0.0,0.0,0.0,0.0,-0.9063739253142618
23,3,0.0,0.0,0.0,0.0,-0.06831745002120382
23,4,0.0,0.0,0.0,0.0,0.0
24,0,0.0,-1.3027724095404065e-07,0.0,0.0,-0.4405134670268295
24,1,0.0,0.0,-0.006061441722719311,0.0,0.0
24,2,0.0,0.0,0.0,0.0,-0.9063739253142618
24,3,0.0,0.0,0.0,0.0,-0.06831745002120382
24,4,0.0,0.0,0.0,0.0,0.0
25,0,0.0,-1.913997796168478e-07,0.0,0.0,-0.4405134670268295
25,1,0.0,0.0,-0.007289396225198513,0.0,0.0
25,2,0.0,0.0,0.0,0.0,-0.963589301755691
25,3,0.0,0.0,0.0,0.0,-0.06831745002120382
25,4,0.0,0.0,0.0,0.0,0.0
26,0,0.0,-1.913997796168478e-07,0.0,0.0,-0.4916402389445936
26,1,0.0,0.0,-0.007289396225198513,0.0,0.0
26,2,0.0,0.0,0.0,0.0,-0.963589301755691
26,3,0.0,0.0,0.0,0.0,-0.06831745002120382
26,4,0.0,0.0,0.0,0.0,0.0
27,0,0.0,-1.913997796168478e-07,0.0,0.0,-0.5459093666778445
27,1,0.0,0.0,-0.007289396225198513,0.0,0.0
27,2,0.0,0.0,0.0,0.0,-0.963589301755691
27,3,0.0,0.0,0.0,0.0,-0.06831745002120382
27,4,0.0,0.0,0.0,0.0,0.0
28,0,0.0,-1.913997796168478e-07,0.0,0.0,-0.6001844047965587
28,1,0.0,0.0,-0.007289396225198513,0.0,0.0
28,2,0.0,0.0,0.0,0.0,-0.963589301755691
28,3,0.0,0.0,0.0,0.0,-0.06831745002120382
28,4,0.0,0.0,0.0,0.0,0.0
29,0,0.0,-1.913997796168478e-07,0.0,0.0,-0.657533003643331
29,1,0.0,0.0,-0.007289396225198513,0.0,0.0
29,2,0.0,0.0,0.0,0.0,-0.963589301755691
29,3,0.0,0.0,0.0,0.0,-0.06831745002120382
29,4,0.0,0.0,0.0,0.0,0.0
30,0,0.0,-1.913997796168478e-07,0.0,0.0,-0.7100632134850773
30,1,0.0,0.0,-0.007289396225198513,0.0,0.0
30,2,0.0,0.0,0.0,0.0,-0.963589301755691
30,3,0.0,0.0,0.0,0.0,-0.06831745002120382
30,4,0.0,0.0,0.0,0.0,0.0
31,0,0.0,-1.913997796168478e-07,0.0,0.0,-0.7638663133676635
31,1,0.0,0.0,-0.007289396225198513,0.0,0.0
31,2,0.0,0.0,0.0,0.0,-0.963589301755691
31,3,0.0,0.0,0.0,0.0,-0.06831745002120382
31,4,0.0,0.0,0.0,0.0,0.0
32,0,0.0,-1.913997796168478e-07,0.0,0.0,-0.8187376691899046
32,1,0.0,0.0,-0.007289396225198513,0.0,0.0
32,2,0.0,0.0,0.0,0.0,-0.963589301755691
32,3,0.0,0.0,0.0,0.0,-0.06831745002120382
32,4,0.0,0.0,0.0,0.0,0.0
33,0,0.0,-1.913997796168478e-07,0.0,0.0,-0.8707817686563841
33,1,0.0,0.0,-0.007289396225198513,0.0,0.0
33,2,0.0,0.0,0.0,0.0,-0.963589301755691
33,3,0.0,0.0,0.0,0.0,-0.06831745002120382
33,4,0.0,0.0,0.0,0.0,0.0
34,0,0.0,-1.913997796168478e-07,0.0,0.0,-0.9229935992566163
34,1,0.0,0.0,-0.007289396225198513,0.0,0.0
34,2,0.0,0.0,0.0,0.0,-0.963589301755691
34,3,0.0,0.0,0.0,0.0,-0.06831745002120382
34,4,0.0,0.0,0.0,0.0,0.0
35,0,0.0,-1.913997796168478e-07,0.0,0.0,-0.9754570073109813
35,1,0.0,0.0,-0.007289396225198513,0.0,0.0
35,2,0.0,0.0,0.0,0.0,-0.963589301755691
35,3,0.0,0.0,0.0,0.0,-0.06831745002120382
35,4,0.0,0.0,0.0,0.0,0.0
36,0,0.0,-1.913997796168478e-07,0.0,0.0,-1.0262739329044706
36,1,0.0,0.0,-0.007289396225198513,0.0,0.0
36,2,0.0,0.0,0.0,0.0,-0.963589301755691
36,3,0.0,0.0,0.0,0.0,-0.06831745002120382
36,4,0.0,0.0,0.0,0.0,0.0
37,0,0.0,-1.913997796168478e-07,0.0,0.0,-1.0772422744498025
37,1,0.0,0.0,-0.007289396225198513,0.0,0.0
37,2,0.0,0.0,0.0,0.0,-0.963589301755691
37,3,0.0,0.0,0.0,0.0,-0.06831745002120382
37,4,0.0,0.0,0.0,0.0,0.0
38,0,0.0,-1.913997796168478e-07,0.0,0.0,-1.1287238161664184
38,1,0.0,0.0,-0.007289396225198513,0.0,0.0
38,2,0.0,0.0,0.0,0.0,-0.963589301755691
38,3,0.0,0.0,0.0,0.0,-0.06831745002120382
38,4,0.0,0.0,0.0,0.0,0.0
39,0,0.0,-1.913997796168478e-07,0.0,0.0,-1.1809751631070249
39,1,0.0,0.0,-0.007289396225198513,0.0,0.0
39,2,0.0,0.0,0.0,0.0,-0.963589301755691
39,3,0.0,0.0,0.0,0.0,-0.06831745002120382
39,4,0.0,0.0,0.0,0.0,0.0
40,0,0.0,-1.913997796168478e-07,0.0,0.0,-1.2338228046300566
40,1,0.0,0.0,-0.007289396225198513,0.0,0.0
40,2,0.0,0.0,0.0,0.0,-0.963589301755691
40,3,0.0,0.0,0.0,0.0,-0.06831745002120382
40,4,0.0,0.0,0.0,0.0,0.0
41,0,0.0,-1.913997796168478e-07,0.0,0.0,-1.2822538654055977
41,1,0.0,0.0,-0.007289396225198513,0.0,0.0
41,2,0.0,0.0,0.0,0.0,-0.963589301755691
41,3,0.0,0.0,0.0,0.0,-0.06831745002120382
41,4,0.0,0.0,0.0,0.0,0.0
42,0,0.0,-1.913997796168478e-07,0.0,0.0,-1.3392894133487514
42,1,0.0,0.0,-0.007289396225198513,0.0,0.0
42,2,0.0,0.0,0.0,0.0,-0.963589301755691
42,3,0.0,0.0,0.0,0.0,-0.06831745002120382
42,4,0.0,0.0,0.0,0.0,0.0
43,0,0.0,-1.913997796168478e-07,0.0,0.0,-1.3909752568419973
43,1,0.0,0.0,-0.007289396225198513,0.0,0.0
43,2,0.0,0.0,0.0,0.0,-0.963589301755691
43,3,0.0,0.0,0.0,0.0,-0.06831745002120382
43,4,0.0,0.0,0.0,0.0,0.0
44,0,0.0,-1.913997796168478e-07,0.0,0.0,-1.4411503408306985
44,1,0.0,0.0,-0.007289396225198513,0.0,0.0
44,2,0.0,0.0,0.0,0.0,-0.963589301755691
44,3,0.0,0.0,0.0,0.0,-0.06831745002120382
44,4,0.0,0.0,0.0,0.0,0.0
45,0,0.0,-1.913997796168478e-07,0.0,0.0,-1.4915942277328162
45,1,0.0,0.0,-0.007289396225198513,0.0,0.0
45,2,0.0,0.0,0.0,0.0,-0.963589301755691
45,3,0.0,0.0,0.0,0.0,-0.06831745002120382
45,4,0.0,0.0,0.0,0.0,0.0
46,0,0.0,-1.913997796168478e-07,0.0,0.0,-1.5423999070380734
46,1,0.0,0.0,-0.007289396225198513,0.0,0.0
46,2,0.0,0.0,0.0,0.0,-0.963589301755691
46,3,0.0,0.0,0.0,0.0,-0.06831745002120382
46,4,0.0,0.0,0.0,0.0,0.0
47,0,0.0,-1.913997796168478e-07,0.0,0.0,-1.5948483857482338
47,1,0.0,0.0,-0.007289396225198513,0.0,0.0
47,2,0.0,0.0,0.0,0.0,-0.963589301755691
47,3,0.0,0.0,0.0,0.0,-0.06831745002120382
47,4,0.0,0.0,0.0,0.0,0.0
48,0,0.0,-1.913997796168478e-07,0.0,0.0,-1.6436313977576522
48,1,0.0,0.0,-0.007289396225198513,0.0,0.0
48,2,0.0,0.0,0.0,0.0,-0.963589301755691
48,3,0.0,0.0,0.0,0.0,-0.06831745002120382
48,4,0.0,0.0,0.0,0.0,0.0
49,0,0.0,-1.913997796168478e-07,0.0,0.0,-1.6941853751758362
49,1,0.0,0.0,-0.007289396225198513,0.0,0.0
49,2,0.0,0.0,0.0,0.0,-0.963589301755691
49,3,0.0,0.0,0.0,0.0,-0.06831745002120382
49,4,0.0,0.0,0.0,0.0,0.0
50,0,0.0,-1.913997796168478e-07,0.0,0.0,-1.7434127153082966
50,1,0.0,0.0,-0.007289396225198513,0.0,0.0
50,2,0.0,0.0,0.0,0.0,-0.963589301755691
50,3,0.0,0.0,0.0,0.0,-0.06831745002120382
50,4,0.0,0.0,0.0,0.0,0.0
51,0,0.0,-1.913997796168478e-07,0.0,0.0,-1.7941543086254506
51,1,0.0,0.0,-0.007289396225198513,0.0,0.0
51,2,0.0,0.0,0.0,0.0,-0.963589301755691
51,3,0.0,0.0,0.0,0.0,-0.06831745002120382
51,4,0.0,0.0,0.0,0.0,0.0
52,0,0.0,-1.913997796168478e-07,0.0,0.0,-1.8420564606456773
52,1,0.0,0.0,-0.007289396225198513,0.0,0.0
52,2,0.0,0.0,0.0,0.0,-0.963589301755691
52,3,0.0,0.0,0.0,0.0,-0.06831745002120382
52,4,0.0,0.0,0.0,0.0,0.0
53,0,0.0,-1.913997796168478e-07,0.0,0.0,-1.8929318319614525
53,1,0.0,0.0,-0.007289396225198513,0.0,0.0
53,2,0.0,0.0,0.0,0.0,-0.963589301755691
53,3,0.0,0.0,0.0,0.0,-0.06831745002120382
53,4,0.0,0.0,0.0,0.0,0.0
54,0,0.0,-1.913997796168478e-07,0.0,0.0,-1.9432552626549409
54,1,0.0,0.0,-0.007289396225198513,0.0,0.0
54,2,0.0,0.0,0.0,0.0,-0.963589301755691
54,3,0.0,0.0,0.0,0.0,-0.06831745002120382
54,4,0.0,0.0,0.0,0.0,0.0
55,0,0.0,-1.913997796168478e-07,0.0,0.0,-1.9961851587493642
55,1,0.0,0.0,-0.007289396225198513,0.0,0.0
55,2,0.0,0.0,0.0,0.0,-0.963589301755691
55,3,0.0,0.0,0.0,0.0,-0.06831745002120382
55,4,0.0,0.0,0.0,0.0,0.0
56,0,0.0,-1.913997796168478e-07,0.0,0.0,-2.0427690158309564
56,1,0.0,0.0,-0.007289396225198513,0.0,0.0
56,2,0.0,0.0,0.0,0.0,-0.963589301755691
56,3,0.0,0.0,0.0,0.0,-0.06831745002120382
56,4,0.0,0.0,0.0,0.0,0.0
57,0,0.0,-1.913997796168478e-07,0.0,0.0,-2.0911601175374614
57,1,0.0,0.0,-0.007289396225198513,0.0,0.0
57,2,0.0,0.0,0.0,0.0,-0.963589301755691
57,3,0.0,0.0,0.0,0.0,-0.06831745002120382
57,4,0.0,0.0,0.0,0.0,0.0
58,0,0.0,-1.913997796168478e-07,0.0,0.0,-2.14142520662442
58,1,0.0,0.0,-0.007289396225198513,0.0,0.0
58,2,0.0,0.0,0.0,0.0,-0.963589301755691
58,3,0.0,0.0,0.0,0.0,-0.06831745002120382
58,4,0.0,0.0,0.0,0.0,0.0
59,0,0.0,-1.913997796168478e-07,0.0,0.0,-2.1918846984915685
59,1,0.0,0.0,-0.007289396225198513,0.0,0.0
59,2,0.0,0.0,0.0,0.0,-0.963589301755691
59,3,0.0,0.0,0.0,0.0,-0.06831745002120382
59,4,0.0,0.0,0.0,0.0,0.0
60,0,0.0,-1.913997796168478e-07,0.0,0.0,-2.2371850410890786
60,1,0.0,0.0,-0.007289396225198513,0.0,0.0
60,2,0.0,0.0,0.0,0.0,-0.963589301755691
60,3,0.0,0.0,0.0,0.0,-0.06831745002120382
60,4,0.0,0.0,0.0,0.0,0.0
61,0,0.0,-1.913997796168478e-07,0.0,0.0,-2.287909754881461
61,1,0.0,0.0,-0.007289396225198513,0.0,0.0
61,2,0.0,0.0,0.0,0.0,-0.963589301755691
61,3,0.0,0.0,0.0,0.0,-0.06831745002120382
61,4,0.0,0.0,0.0,0.0,0.0
62,0,0.0,-1.913997796168478e-07,0.0,0.0,-2.3303729309736103
62,1,0.0,0.0,-0.007289396225198513,0.0,0.0
62,2,0.0,0.0,0.0,0.0,-0.963589301755691
62,3,0.0,0.0,0.0,0.0,-0.06831745002120382
62,4,0.0,0.0,0.0,0.0,0.0
63,0,0.0,-1.913997796168478e-07,0.0,0.0,-2.373648445881112
63,1,0.0,0.0,-0.007289396225198513,0.0,0.0
63,2,0.0,0.0,0.0,0.0,-0.963589301755691
63,3,0.0,0.0,0.0,0.0,-0.06831745002120382
63,4,0.0,0.0,0.0,0.0,0.0
64,0,0.0,-1.913997796168478e-07,0.0,0.0,-2.421110045157426
64,1,0.0,0.0,-0.007289396225198513,0.0,0.0
64,2,0.0,0.0,0.0,0.0,-0.963589301755691
64,3,0.0,0.0,0.0,0.0,-0.06831745002120382
64,4,0.0,0.0,0.0,0.0,0.0
65,0,0.0,-1.913997796168478e-07,0.0,0.0,-2.4708851622294064
65,1,0.0,0.0,-0.007289396225198513,0.0,0.0
65,2,0.0,0.0,0.0,0.0,-0.963589301755691
65,3,0.0,0.0,0.0,0.0,-0.06831745002120382
65,4,0.0,0.0,0.0,0.0,0.0
66,0,0.0,-1.913997796168478e-07,0.0,0.0,-2.5207559215315376
66,1,0.0,0.0,-0.007289396225198513,0.0,0.0
66,2,0.0,0.0,0.0,0.0,-0.963589301755691
66,3,0.0,0.0,0.0,0.0,-0.06831745002120382
66,4,0.0,0.0,0.0,0.0,0.0
67,0,0.0,-1.913997796168478e-07,0.0,0.0,-2.570857513369121
67,1,0.0,0.0,-0.007289396225198513,0.0,0.0
67,2,0.0,0.0,0.0,0.0,-0.963589301755691
67,3,0.0,0.0,0.0,0.0,-0.06831745002120382
67,4,0.0,0.0,0.0,0.0,0.0
68,0,0.0,-1.913997796168478e-07,0.0,0.0,-2.619513483388999
68,1,0.0,0.0,-0.007289396225198513,0.0,0.0
68,2,0.0,0.0,0.0,0.0,-0.963589301755691
68,3,0.0,0.0,0.0,0.0,-0.06831745002120382
68,4,0.0,0.0,0.0,0.0,0.0
69,0,0.0,-1.913997796168478e-07,0.0,0.0,-2.668320433791665
69,1,0.0,0.0,-0.007289396225198513,0.0,0.0
69,2,0.0,0.0,0.0,0.0,-0.963589301755691
69,3,0.0,0.0,0.0,0.0,-0.06831745002120382
69,4,0.0,0.0,0.0,0.0,0.0
70,0,0.0,-1.913997796168478e-07,0.0,0.0,-2.7229558488606247
70,1,0.0,0.0,-0.007289396225198513,0.0,0.0
70,2,0.0,0.0,0.0,0.0,-0.963589301755691
70,3,0.0,0.0,0.0,0.0,-0.06831745002120382
70,4,0.0,0.0,0.0,0.0,0.0
71,0,0.0,-1.913997796168478e-07,0.0,0.0,-2.7675410217685026
71,1,0.0,0.0,-0.007289396225198513,0.0,0.0
71,2,0.0,0.0,0.0,0.0,-0.963589301755691
71,3,0.0,0.0,0.0,0.0,-0.06831745002120382
71,4,0.0,0.0,0.0,0.0,0.0
72,0,0.0,-1.913997796168478e-07,0.0,0.0,-2.816863408569162
72,1,0.0,0.0,-0.007289396225198513,0.0,0.0
72,2,0.0,0.0,0.0,0.0,-0.963589301755691
72,3,0.0,0.0,0.0,0.0,-0.06831745002120382
72,4,0.0,0.0,0.0,0.0,0.0
73,0,0.0,-1.913997796168478e-07,0.0,0.0,-2.8607562415763317
73,1,0.0,0.0,-0.007289396225198513,0.0,0.0
73,2,0.0,0.0,0.0,0.0,-0.963589301755691
73,3,0.0,0.0,0.0,0.0,-0.06831745002120382
73,4,0.0,0.0,0.0,0.0,0.0
74,0,0.0,-1.913997796168478e-07,0.0,0.0,-2.9047673954284154
74,1,0.0,0.0,-0.007289396225198513,0.0,0.0
74,2,0.0,0.0,0.0,0.0,-0.963589301755691
74,3,0.0,0.0,0.0,0.0,-0.06831745002120382
74,4,0.0,0.0,0.0,0.0,0.0
75,0,0.0,-1.913997796168478e-07,0.0,0.0,-2.954041168029121
75,1,0.0,0.0,-0.007289396225198513,0.0,0.0
75,2,0.0,0.0,0.0,0.0,-0.963589301755691
75,3,0.0,0.0,0.0,0.0,-0.06831745002120382
75,4,0.0,0.0,0.0,0.0,0.0
76,0,0.0,-1.913997796168478e-07,0.0,0.0,-3.0028132729630226
76,1,0.0,0.0,-0.007289396225198513,0.0,0.0
76,2,0.0,0.0,0.0,0.0,-0.963589301755691
76,3,0.0,0.0,0.0,0.0,-0.06831745002120382
76,4,0.0,0.0,0.0,0.0,0.0
77,0,0.0,-1.913997796168478e-07,0.0,0.0,-3.0505169327749226
77,1,0.0,0.0,-0.007289396225198513,0.0,0.0
77,2,0.0,0.0,0.0,0.0,-0.963589301755691
77,3,0.0,0.0,0.0,0.0,-0.06831745002120382
77,4,0.0,0.0,0.0,0.0,0.0
78,0,0.0,-1.913997796168478e-07,0.0,0.0,-3.0973629646483203
78,1,0.0,0.0,-0.007289396225198513,0.0,0.0
78,2,0.0,0.0,0.0,0.0,-0.963589301755691
78,3,0.0,0.0,0.0,0.0,-0.06831745002120382
78,4,0.0,0.0,0.0,0.0,0.0
79,0,0.0,-1.913997796168478e-07,0.0,0.0,-3.1411712717403395
79,1,0.0,0.0,-0.007289396225198513,0.0,0.0
79,2,0.0,0.0,0.0,0.0,-0.963589301755691
79,3,0.0,0.0,0.0,0.0,-0.06831745002120382
79,4,0.0,0.0,0.0,0.0,0.0
80,0,0.0,-1.913997796168478e-07,0.0,0.0,-3.1877761300490675
80,1,0.0,0.0,-0.007289396225198513,0.0,0.0
80,2,0.0,0.0,0.0,0.0,-0.963589301755691
80,3,0.0,0.0,0.0,0.0,-0.06831745002120382
80,4,0.0,0.0,0.0,0.0,0.0
81,0,0.0,-1.913997796168478e-07,0.0,0.0,-3.2341195379024033
81,1,0.0,0.0,-0.007289396225198513,0.0,0.0
81,2,0.0,0.0,0.0,0.0,-0.963589301755691
81,3,0.0,0.0,0.0,0.0,-0.06831745002120382
81,4,0.0,0.0,0.0,0.0,0.0
82,0,0.0,-1.913997796168478e-07,0.0,0.0,-3.2819399036857875
82,1,0.0,0.0,-0.007289396225198513,0.0,0.0
82,2,0.0,0.0,0.0,0.0,-0.963589301755691
82,3,0.0,0.0,0.0,0.0,-0.06831745002120382
82,4,0.0,0.0,0.0,0.0,0.0
83,0,0.0,-1.913997796168478e-07,0.0,0.0,-3.327630394054674
83,1,0.0,0.0,-0.007289396225198513,0.0,0.0
83,2,0.0,0.0,0.0,0.0,-0.963589301755691
83,3,0.0,0.0,0.0,0.0,-0.06831745002120382
83,4,0.0,0.0,0.0,0.0,0.0
84,0,0.0,-1.913997796168478e-07,0.0,0.0,-3.370000842743812
84,1,0.0,0.0,-0.007289396225198513,0.0,0.0
84,2,0.0,0.0,0.0,0.0,-0.963589301755691
84,3,0.0,0.0,0.0,0.0,-0.06831745002120382
84,4,0.0,0.0,0.0,0.0,0.0
85,0,0.0,-1.913997796168478e-07,0.0,0.0,-3.411895207801551
85,1,0.0,0.0,-0.007289396225198513,0.0,0.0
85,2,0.0,0.0,0.0,0.0,-0.963589301755691
85,3,0.0,0.0,0.0,0.0,-0.06831745002120382
85,4,0.0,0.0,0.0,0.0,0.0
86,0,0.0,-1.913997796168478e-07,0.0,0.0,-3.4560449288214
86,1,0.0,0.0,-0.007289396225198513,0.0,0.0
86,2,0.0,0.0,0.0,0.0,-0.963589301755691
86,3,0.0,0.0,0.0,0.0,-0.06831745002120382
86,4,0.0,0.0,0.0,0.0,0.0
87,0,0.0,-1.913997796168478e-07,0.0,0.0,-3.5052000455018026
87,1,0.0,0.0,-0.007289396225198513,0.0,0.0
87,2,0.0,0.0,0.0,0.0,-0.963589301755691
87,3,0.0,0.0,0.0,0.0,-0.06831745002120382
87,4,0.0,0.0,0.0,0.0,0.0
88,0,0.0,-1.913997796168478e-07,0.0,0.0,-3.5488846612582456
88,1,0.0,0.0,-0.007289396225198513,0.0,0.0
88,2,0.0,0.0,0.0,0.0,-0.963589301755691
88,3,0.0,0.0,0.0,0.0,-0.06831745002120382
88,4,0.0,0.0,0.0,0.0,0.0
89,0,0.0,-1.913997796168478e-07,0.0,0.0,-3.5937324560793473
89,1,0.0,0.0,-0.007289396225198513,0.0,0.0
89,2,0.0,0.0,0.0,0.0,-0.963589301755691
89,3,0.0,0.0,0.0,0.0,-0.06831745002120382
89,4,0.0,0.0,0.0,0.0,0.0
90,0,0.0,-1.913997796168478e-07,0.0,0.0,-3.6401354361126153
90,1,0.0,0.0,-0.007289396225198513,0.0,0.0
90,2,0.0,0.0,0.0,0.0,-0.963589301755691
90,3,0.0,0.0,0.0,0.0,-0.06831745002120382
90,4,0.0,0.0,0.0,0.0,0.0
91,0,0.0,-1.913997796168478e-07,0.0,0.0,-3.6848957871872434
91,1,0.0,0.0,-0.007289396225198513,0.0,0.0
91,2,0.0,0.0,0.0,0.0,-0.963589301755691
91,3,0.0,0.0,0.0,0.0,-0.06831745002120382
91,4,0.0,0.0,0.0,0.0,0.0
92,0,0.0,-1.913997796168478e-07,0.0,0.0,-3.7270243126359284
92,1,0.0,0.0,-0.007289396225198513,0.0,0.0
92,2,0.0,0.0,0.0,0.0,-0.963589301755691
92,3,0.0,0.0,0.0,0.0,-0.06831745002120382
92,4,0.0,0.0,0.0,0.0,0.0
93,0,0.0,-1.913997796168478e-07,0.0,0.0,-3.766940014355185
93,1,0.0,0.0,-0.007289396225198513,0.0,0.0
93,2,0.0,0.0,0.0,0.0,-0.963589301755691
93,3,0.0,0.0,0.0,0.0,-0.06831745002120382
93,4,0.0,0.0,0.0,0.0,0.0
94,0,0.0,-1.913997796168478e-07,0.0,0.0,-3.811716408693725
94,1,0.0,0.0,-0.007289396225198513,0.0,0.0
94,2,0.0,0.0,0.0,0.0,-0.963589301755691
94,3,0.0,0.0,0.0,0.0,-0.06831745002120382
94,4,0.0,0.0,0.0,0.0,0.0
95,0,0.0,-1.913997796168478e-07,0.0,0.0,-3.8569154431537616
95,1,0.0,0.0,-0.007289396225198513,0.0,0.0
95,2,0.0,0.0,0.0,0.0,-0.963589301755691
95,3,0.0,0.0,0.0,0.0,-0.06831745002120382
95,4,0.0,0.0,0.0,0.0,0.0
96,0,0.0,-2.7977634776996964e-07,0.0,0.0,-3.8569154431537616
96,1,0.0,0.0,-0.008643221040999082,0.0,0.0
96,2,0.0,0.0,0.0,0.0,-1.0228862572147486
96,3,0.0,0.0,0.0,0.0,-0.06831745002120382
96,4,0.0,0.0,0.0,0.0,0.0
97,0,0.0,-2.7977634776996964e-07,0.0,0.0,-3.9026793127378574
97,1,0.0,0.0,-0.008643221040999082,0.0,0.0
97,2,0.0,0.0,0.0,0.0,-1.0228862572147486
97,3,0.0,0.0,0.0,0.0,-0.06831745002120382
97,4,0.0,0.0,0.0,0.0,0.0
98,0,0.0,-2.7977634776996964e-07,0.0,0.0,-3.9481284245251693
98,1,0.0,0.0,-0.008643221040999082,0.0,0.0
98,2,0.0,0.0,0.0,0.0,-1.0228862572147486
98,3,0.0,0.0,0.0,0.0,-0.06831745002120382
98,4,0.0,0.0,0.0,0.0,0.0
99,0,0.0,-2.7977634776996964e-07,0.0,0.0,-3.9900526995922054
99,1,0.0,0.0,-0.008643221040999082,0.0,0.0
99,2,0.0,0.0,0.0,0.0,-1.0228862572147486
99,3,0.0,0.0,0.0,0.0,-0.06831745002120382
99,4,0.0,0.0,0.0,0.0,0.0
100,0,0.0,-2.7977634776996964e-07,0.0,0.0,-4.036562601283933
100,1,0.0,0.0,-0.008643221040999082,0.0,0.0
100,2,0.0,0.0,0.0,0.0,-1.0228862572147486
100,3,0.0,0.0,0.0,0.0,-0.06831745002120382
100,4,0.0,0.0,0.0,0.0,0.0
101,0,0.0,-4.0400061033263403e-07,0.0,0.0,-4.036562601283933
101,1,0.0,0.0,-0.01012885290736802,0.0,0.0
101,2,0.0,0.0,0.0,0.0,-1.0803801677771088
101,3,0.0,0.0,0.0,0.0,-0.06831745002120382
101,4,0.0,0.0,0.0,0.0,0.0
102,0,0.0,-4.0400061033263403e-07,0.0,0.0,-4.081145555147572
102,1,0.0,0.0,-0.01012885290736802,0.0,0.0
102,2,0.0,0.0,0.0,0.0,-1.0803801677771088
102,3,0.0,0.0,0.0,0.0,-0.06831745002120382
102,4,0.0,0.0,0.0,0.0,0.0
103,0,0.0,-4.0400061033263403e-07,0.0,0.0,-4.126243864969741
103,1,0.0,0.0,-0.01012885290736802,0.0,0.0
103,2,0.0,0.0,0.0,0.0,-1.0803801677771088
103,3,0.0,0.0,0.0,0.0,-0.06831745002120382
103,4,0.0,0.0,0.0,0.0,0.0
104,0,0.0,-4.0400061033263403e-07,0.0,0.0,-4.1738231006239195
104,1,0.0,0.0,-0.01012885290736802,0.0,0.0
104,2,0.0,0.0,0.0,0.0,-1.0803801677771088
104,3,0.0,0.0,0.0,0.0,-0.06831745002120382
104,4,0.0,0.0,0.0,0.0,0.0
105,0,0.0,-4.0400061033263403e-07,0.0,0.0,-4.214231509597003
105,1,0.0,0.0,-0.01012885290736802,0.0,0.0
105,2,0.0,0.0,0.0,0.0,-1.0803801677771088
105,3,0.0,0.0,0.0,0.0,-0.06831745002120382
105,4,0.0,0.0,0.0,0.0,0.0
106,0,0.0,-4.0400061033263403e-07,0.0,0.0,-4.257185409328728
106,1,0.0,0.0,-0.01012885290736802,0.0,0.0
106,2,0.0,0.0,0.0,0.0,-1.0803801677771088
106,3,0.0,0.0,0.0,0.0,-0.06831745002120382
106,4,0.0,0.0,0.0,0.0,0.0
107,0,0.0,-4.0400061033263403e-07,0.0,0.0,-4.296604997779858
107,1,0.0,0.0,-0.01012885290736802,0.0,0.0
107,2,0.0,0.0,0.0,0.0,-1.0803801677771088
107,3,0.0,0.0,0.0,0.0,-0.06831745002120382
107,4,0.0,0.0,0.0,0.0,0.0
108,0,0.0,-4.0400061033263403e-07,0.0,0.0,-4.338161163945477
108,1,0.0,0.0,-0.01012885290736802,0.0,0.0
108,2,0.0,0.0,0.0,0.0,-1.0803801677771088
108,3,0.0,0.0,0.0,0.0,-0.06831745002120382
108,4,0.0,0.0,0.0,0.0,0.0
109,0,0.0,-4.0400061033263403e-07,0.0,0.0,-4.384177893985903
109,1,0.0,0.0,-0.01012885290736802,0.0,0.0
109,2,0.0,0.0,0.0,0.0,-1.0803801677771088
109,3,0.0,0.0,0.0,0.0,-0.06831745002120382
109,4,0.0,0.0,0.0,0.0,0.0
110,0,0.0,-4.0400061033263403e-07,0.0,0.0,-4.427967910077929
110,1,0.0,0.0,-0.01012885290736802,0.0,0.0
110,2,0.0,0.0,0.0,0.0,-1.0803801677771088
110,3,0.0,0.0,0.0,0.0,-0.06831745002120382
110,4,0.0,0.0,0.0,0.0,0.0
111,0,0.0,-5.745594437138978e-07,0.0,0.0,-4.427967910077929
111,1,0.0,0.0,-0.01012885290736802,0.0,-0.05359312206659094
111,2,0.0,0.0,0.0,0.0,-1.0803801677771088
111,3,0.0,0.0,0.0,0.0,-0.06831745002120382
111,4,0.0,0.0,0.0,0.0,0.0
112,0,0.0,-5.745594437138978e-07,0.0,0.0,-4.467477195171364
112,1,0.0,0.0,-0.01012885290736802,0.0,-0.05359312206659094
112,2,0.0,0.0,0.0,0.0,-1.0803801677771088
112,3,0.0,0.0,0.0,0.0,-0.06831745002120382
112,4,0.0,0.0,0.0,0.0,0.0
113,0,0.0,-5.745594437138978e-07,0.0,0.0,-4.507433714351396
113,1,0.0,0.0,-0.01012885290736802,0.0,-0.05359312206659094
113,2,0.0,0.0,0.0,0.0,-1.0803801677771088
113,3,0.0,0.0,0.0,0.0,-0.06831745002120382
113,4,0.0,0.0,0.0,0.0,0.0
114,0,0.0,-5.745594437138978e-07,0.0,0.0,-4.5459843063493715
114,1,0.0,0.0,-0.01012885290736802,0.0,-0.05359312206659094
114,2,0.0,0.0,0.0,0.0,-1.0803801677771088
114,3,0.0,0.0,0.0,0.0,-0.06831745002120382
114,4,0.0,0.0,0.0,0.0,0.0
115,0,0.0,-5.745594437138978e-07,0.0,0.0,-4.588971011402724
115,1,0.0,0.0,-0.01012885290736802,0.0,-0.05359312206659094
115,2,0.0,0.0,0.0,0.0,-1.0803801677771088
115,3,0.0,0.0,0.0,0.0,-0.06831745002120382
115,4,0.0,0.0,0.0,0.0,0.0
116,0,0.0,-5.745594437138978e-07,0.0,0.0,-4.6252828640037045
116,1,0.0,0.0,-0.01012885290736802,0.0,-0.05359312206659094
116,2,0.0,0.0,0.0,0.0,-1.0803801677771088
116,3,0.0,0.0,0.0,0.0,-0.06831745002120382
116,4,0.0,0.0,0.0,0.0,0.0
117,0,0.0,-5.745594437138978e-07,0.0,0.0,-4.664209922305772
117,1,0.0,0.0,-0.01012885290736802,0.0,-0.05359312206659094
117,2,0.0,0.0,0.0,0.0,-1.0803801677771088
117,3,0.0,0.0,0.0,0.0,-0.06831745002120382
117,4,0.0,0.0,0.0,0.0,0.0
118,0,0.0,-5.745594437138978e-07,0.0,0.0,-4.704404980353363
118,1,0.0,0.0,-0.01012885290736802,0.0,-0.05359312206659094
118,2,0.0,0.0,0.0,0.0,-1.0803801677771088
118,3,0.0,0.0,0.0,0.0,-0.06831745002120382
118,4,0.0,0.0,0.0,0.0,0.0
119,0,0.0,-5.745594437138978e-07,0.0,0.0,-4.745590900373114
119,1,0.0,0.0,-0.01012885290736802,0.0,-0.05359312206659094
119,2,0.0,0.0,0.0,0.0,-1.0803801677771088
119,3,0.0,0.0,0.0,0.0,-0.06831745002120382
119,4,0.0,0.0,0.0,0.0,0.0
120,0,0.0,-5.745594437138978e-07,0.0,0.0,-4.7883196451496985
120,1,0.0,0.0,-0.01012885290736802,0.0,-0.05359312206659094
120,2,0.0,0.0,0.0,0.0,-1.0803801677771088
120,3,0.0,0.0,0.0,0.0,-0.06831745002120382
120,4,0.0,0.0,0.0,0.0,0.0
121,0,0.0,-5.745594437138978e-07,0.0,0.0,-4.831878779831731
121,1,0.0,0.0,-0.01012885290736802,0.0,-0.05359312206659094
121,2,0.0,0.0,0.0,0.0,-1.0803801677771088
121,3,0.0,0.0,0.0,0.0,-0.06831745002120382
121,4,0.0,0.0,0.0,0.0,0.0
122,0,0.0,-5.745594437138978e-07,0.0,0.0,-4.872848614425802
122,1,0.0,0.0,-0.01012885290736802,0.0,-0.05359312206659094
122,2,0.0,0.0,0.0,0.0,-1.0803801677771088
122,3,0.0,0.0,0.0,0.0,-0.06831745002120382
122,4,0.0,0.0,0.0,0.0,0.0
123,0,0.0,-5.745594437138978e-07,0.0,0.0,-4.912657064136862
123,1,0.0,0.0,-0.01012885290736802,0.0,-0.05359312206659094
123,2,0.0,0.0,0.0,0.0,-1.0803801677771088
123,3,0.0,0.0,0.0,0.0,-0.06831745002120382
123,4,0.0,0.0,0.0,0.0,0.0
124,0,0.0,-5.745594437138978e-07,0.0,0.0,-4.953328276237415
124,1,0.0,0.0,-0.01012885290736802,0.0,-0.05359312206659094
124,2,0.0,0.0,0.0,0.0,-1.0803801677771088
124,3,0.0,0.0,0.0,0.0,-0.06831745002120382
124,4,0.0,0.0,0.0,0.0,0.0
125,0,0.0,-5.745594437138978e-07,0.0,0.0,-4.99108570745386
125,1,0.0,0.0,-0.01012885290736802,0.0,-0.05359312206659094
125,2,0.0,0.0,0.0,0.0,-1.0803801677771088
125,3,0.0,0.0,0.0,0.0,-0.06831745002120382
125,4,0.0,0.0,0.0,0.0,0.0
126,0,0.0,-5.3610345866103185e-06,0.0,0.0,-4.99108570745386
126,1,0.0,0.0,-0.01012885290736802,0.0,-0.10485862252858134
126,2,0.0,0.0,0.0,0.0,-1.0803801677771088
126,3,0.0,0.0,0.0,0.0,-0.06831745002120382
126,4,0.0,0.0,0.0,0.0,0.0
127,0,0.0,-5.3610345866103185e-06,0.0,0.0,-5.0345220370796415
127,1,0.0,0.0,-0.01012885290736802,0.0,-0.10485862252858134
127,2,0.0,0.0,0.0,0.0,-1.0803801677771088
127,3,0.0,0.0,0.0,0.0,-0.06831745002120382
127,4,0.0,0.0,0.0,0.0,0.0
128,0,0.0,-5.3610345866103185e-06,0.0,0.0,-5.075355649138955
128,1,0.0,0.0,-0.01012885290736802,0.0,-0.10485862252858134
128,2,0.0,0.0,0.0,0.0,-1.0803801677771088
128,3,0.0,0.0,0.0,0.0,-0.06831745002120382
128,4,0.0,0.0,0.0,0.0,0.0
129,0,0.0,-2.3675152487516367e-05,0.0,0.0,-5.075355649138955
129,1,0.0,0.0,-0.01012885290736802,0.0,-0.1589847228157093
129,2,0.0,0.0,0.0,0.0,-1.0803801677771088
129,3,0.0,0.0,0.0,0.0,-0.06831745002120382
129,4,0.0,0.0,0.0,0.0,0.0
130,0,0.0,-2.3675152487516367e-05,0.0,0.0,-5.114479691274811
130,1,0.0,0.0,-0.01012885290736802,0.0,-0.1589847228157093
130,2,0.0,0.0,0.0,0.0,-1.0803801677771088
130,3,0.0,0.0,0.0,0.0,-0.06831745002120382
130,4,0.0,0.0,0.0,0.0,0.0
131,0,0.0,-2.3675152487516367e-05,0.0,0.0,-5.150417905226439
131,1,0.0,0.0,-0.01012885290736802,0.0,-0.1589847228157093
131,2,0.0,0.0,0.0,0.0,-1.0803801677771088
131,3,0.0,0.0,0.0,0.0,-0.06831745002120382
131,4,0.0,0.0,0.0,0.0,0.0
132,0,0.0,-2.3675152487516367e-05,0.0,0.0,-5.193287259278509
132,1,0.0,0.0,-0.01012885290736802,0.0,-0.1589847228157093
132,2,0.0,0.0,0.0,0.0,-1.0803801677771088
132,3,0.0,0.0,0.0,0.0,-0.06831745002120382
132,4,0.0,0.0,0.0,0.0,0.0
133,0,0.0,-2.3675152487516367e-05,0.0,0.0,-5.23270403315225
133,1,0.0,0.0,-0.01012885290736802,0.0,-0.1589847228157093
133,2,0.0,0.0,0.0,0.0,-1.0803801677771088
133,3,0.0,0.0,0.0,0.0,-0.06831745002120382
133,4,0.0,0.0,0.0,0.0,0.0
134,0,0.0,-2.3675152487516367e-05,0.0,0.0,-5.272197349144907
134,1,0.0,0.0,-0.01012885290736802,0.0,-0.1589847228157093
134,2,0.0,0.0,0.0,0.0,-1.0803801677771088
134,3,0.0,0.0,0.0,0.0,-0.06831745002120382
134,4,0.0,0.0,0.0,0.0,0.0
135,0,0.0,-2.3675152487516367e-05,0.0,0.0,-5.315710630803464
135,1,0.0,0.0,-0.01012885290736802,0.0,-0.1589847228157093
135,2,0.0,0.0,0.0,0.0,-1.0803801677771088
135,3,0.0,0.0,0.0,0.0,-0.06831745002120382
135,4,0.0,0.0,0.0,0.0,0.0
136,0,0.0,-2.3675152487516367e-05,0.0,0.0,-5.353398254614795
136,1,0.0,0.0,-0.01012885290736802,0.0,-0.1589847228157093
136,2,0.0,0.0,0.0,0.0,-1.0803801677771088
136,3,0.0,0.0,0.0,0.0,-0.06831745002120382
136,4,0.0,0.0,0.0,0.0,0.0
137,0,0.0,-2.3675152487516367e-05,0.0,0.0,-5.394889983917114
137,1,0.0,0.0,-0.01012885290736802,0.0,-0.1589847228157093
137,2,0.0,0.0,0.0,0.0,-1.0803801677771088
137,3,0.0,0.0,0.0,0.0,-0.06831745002120382
137,4,0.0,0.0,0.0,0.0,0.0
138,0,0.0,-2.3675152487516367e-05,0.0,0.0,-5.43432237586405
138,1,0.0,0.0,-0.01012885290736802,0.0,-0.1589847228157093
138,2,0.0,0.0,0.0,0.0,-1.0803801677771088
138,3,0.0,0.0,0.0,0.0,-0.06831745002120382
138,4,0.0,0.0,0.0,0.0,0.0
139,0,0.0,-2.3675152487516367e-05,0.0,0.0,-5.474465412452144
139,1,0.0,0.0,-0.01012885290736802,0.0,-0.1589847228157093
139,2,0.0,0.0,0.0,0.0,-1.0803801677771088
139,3,0.0,0.0,0.0,0.0,-0.06831745002120382
139,4,0.0,0.0,0.0,0.0,0.0
140,0,0.0,-2.3675152487516367e-05,0.0,0.0,-5.5161862732721705
140,1,0.0,0.0,-0.01012885290736802,0.0,-0.1589847228157093
140,2,0.0,0.0,0.0,0.0,-1.0803801677771088
140,3,0.0,0.0,0.0,0.0,-0.06831745002120382
140,4,0.0,0.0,0.0,0.0,0.0
141,0,0.0,-2.3675152487516367e-05,0.0,0.0,-5.554256585477605
141,1,0.0,0.0,-0.01012885290736802,0.0,-0.1589847228157093
141,2,0.0,0.0,0.0,0.0,-1.0803801677771088
141,3,0.0,0.0,0.0,0.0,-0.06831745002120382
141,4,0.0,0.0,0.0,0.0,0.0
142,0,0.0,-2.3675152487516367e-05,0.0,0.0,-5.592006289970168
142,1,0.0,0.0,-0.01012885290736802,0.0,-0.1589847228157093
142,2,0.0,0.0,0.0,0.0,-1.0803801677771088
142,3,0.0,0.0,0.0,0.0,-0.06831745002120382
142,4,0.0,0.0,0.0,0.0,0.0
143,0,0.0,-2.3675152487516367e-05,0.0,0.0,-5.630378183113727
143,1,0.0,0.0,-0.01012885290736802,0.0,-0.1589847228157093
143,2,0.0,0.0,0.0,0.0,-1.0803801677771088
143,3,0.0,0.0,0.0,0.0,-0.06831745002120382
143,4,0.0,0.0,0.0,0.0,0.0
144,0,0.0,-2.3675152487516367e-05,0.0,0.0,-5.673145352778319
144,1,0.0,0.0,-0.01012885290736802,0.0,-0.1589847228157093
144,2,0.0,0.0,0.0,0.0,-1.0803801677771088
144,3,0.0,0.0,0.0,0.0,-0.06831745002120382
144,4,0.0,0.0,0.0,0.0,0.0
145,0,0.0,-2.3675152487516367e-05,0.0,0.0,-5.707918328383687
145,1,0.0,0.0,-0.01012885290736802,0.0,-0.1589847228157093
145,2,0.0,0.0,0.0,0.0,-1.0803801677771088
145,3,0.0,0.0,0.0,0.0,-0.06831745002120382
145,4,0.0,0.0,0.0,0.0,0.0
146,0,0.0,-2.3675152487516367e-05,0.0,0.0,-5.7482951423618
146,1,0.0,0.0,-0.01012885290736802,0.0,-0.1589847228157093
146,2,0.0,0.0,0.0,0.0,-1.0803801677771088
146,3,0.0,0.0,0.0,0.0,-0.06831745002120382
146,4,0.0,0.0,0.0,0.0,0.0
147,0,0.0,-2.3675152487516367e-05,0.0,0.0,-5.791455204524447
147,1,0.0,0.0,-0.01012885290736802,0.0,-0.1589847228157093
147,2,0.0,0.0,0.0,0.0,-1.0803801677771088
147,3,0.0,0.0,0.0,0.0,-0.06831745002120382
147,4,0.0,0.0,0.0,0.0,0.0
148,0,0.0,-6.575055953483035e-05,0.0,0.0,-5.791455204524447
148,1,0.0,0.0,-0.01012885290736802,0.0,-0.213776015980386
148,2,0.0,0.0,0.0,0.0,-1.0803801677771088
148,3,0.0,0.0,0.0,0.0,-0.06831745002120382
148,4,0.0,0.0,0.0,0.0,0.0
149,0,0.0,-6.575055953483035e-05,0.0,0.0,-5.826020455248693
149,1,0.0,0.0,-0.01012885290736802,0.0,-0.213776015980386
149,2,0.0,0.0,0.0,0.0,-1.0803801677771088
149,3,0.0,0.0,0.0,0.0,-0.06831745002120382
149,4,0.0,0.0,0.0,0.0,0.0
150,0,0.0,-6.575055953483035e-05,0.0,0.0,-5.863873713607364
150,1,0.0,0.0,-0.01012885290736802,0.0,-0.213776015980386
150,2,0.0,0.0,0.0,0.0,-1.0803801677771088
150,3,0.0,0.0,0.0,0.0,-0.06831745002120382
150,4,0.0,0.0,0.0,0.0,0.0
151,0,0.0,-6.575055953483035e-05,0.0,0.0,-5.898907644917511
151,1,0.0,0.0,-0.01012885290736802,0.0,-0.213776015980386
151,2,0.0,0.0,0.0,0.0,-1.0803801677771088
151,3,0.0,0.0,0.0,0.0,-0.06831745002120382
151,4,0.0,0.0,0.0,0.0,0.0
152,0,0.0,-6.575055953483035e-05,0.0,0.0,-5.936784243873203
152,1,0.0,0.0,-0.01012885290736802,0.0,-0.213776015980386
152,2,0.0,0.0,0.0,0.0,-1.0803801677771088
152,3,0.0,0.0,0.0,0.0,-0.06831745002120382
152,4,0.0,0.0,0.0,0.0,0.0
153,0,0.0,-6.575055953483035e-05,0.0,0.0,-5.971086733313655
153,1,0.0,0.0,-0.01012885290736802,0.0,-0.213776015980386
153,2,0.0,0.0,0.0,0.0,-1.0803801677771088
153,3,0.0,0.0,0.0,0.0,-0.06831745002120382
153,4,0.0,0.0,0.0,0.0,0.0
154,0,0.0,-6.575055953483035e-05,0.0,0.0,-6.010322375362767
154,1,0.0,0.0,-0.01012885290736802,0.0,-0.213776015980386
154,2,0.0,0.0,0.0,0.0,-1.0803801677771088
154,3,0.0,0.0,0.0,0.0,-0.06831745002120382
154,4,0.0,0.0,0.0,0.0,0.0
155,0,0.0,-6.575055953483035e-05,0.0,0.0,-6.046900793952956
155,1,0.0,0.0,-0.01012885290736802,0.0,-0.213776015980386
155,2,0.0,0.0,0.0,0.0,-1.0803801677771088
155,3,0.0,0.0,0.0,0.0,-0.06831745002120382
155,4,0.0,0.0,0.0,0.0,0.0
156,0,0.0,-6.575055953483035e-05,0.0,0.0,-6.087680047440215
156,1,0.0,0.0,-0.01012885290736802,0.0,-0.213776015980386
156,2,0.0,0.0,0.0,0.0,-1.0803801677771088
156,3,0.0,0.0,0.0,0.0,-0.06831745002120382
156,4,0.0,0.0,0.0,0.0,0.0
157,0,0.0,-6.575055953483035e-05,0.0,0.0,-6.121749307706714
157,1,0.0,0.0,-0.01012885290736802,0.0,-0.213776015980386
157,2,0.0,0.0,0.0,0.0,-1.0803801677771088
157,3,0.0,0.0,0.0,0.0,-0.06831745002120382
157,4,0.0,0.0,0.0,0.0,0.0
158,0,0.0,-6.575055953483035e-05,0.0,0.0,-6.156824536621812
158,1,0.0,0.0,-0.01012885290736802,0.0,-0.213776015980386
158,2,0.0,0.0,0.0,0.0,-1.0803801677771088
158,3,0.0,0.0,0.0,0.0,-0.06831745002120382
158,4,0.0,0.0,0.0,0.0,0.0
159,0,0.0,-6.575055953483035e-05,0.0,0.0,-6.192001626890042
159,1,0.0,0.0,-0.01012885290736802,0.0,-0.213776015980386
159,2,0.0,0.0,0.0,0.0,-1.0803801677771088
159,3,0.0,0.0,0.0,0.0,-0.06831745002120382
159,4,0.0,0.0,0.0,0.0,0.0
160,0,0.0,-6.575055953483035e-05,0.0,0.0,-6.23049208877754
160,1,0.0,0.0,-0.01012885290736802,0.0,-0.213776015980386
160,2,0.0,0.0,0.0,0.0,-1.0803801677771088
160,3,0.0,0.0,0.0,0.0,-0.06831745002120382
160,4,0.0,0.0,0.0,0.0,0.0
161,0,0.0,-6.575055953483035e-05,0.0,0.0,-6.267692173998382
161,1,0.0,0.0,-0.01012885290736802,0.0,-0.213776015980386
161,2,0.0,0.0,0.0,0.0,-1.0803801677771088
161,3,0.0,0.0,0.0,0.0,-0.06831745002120382
161,4,0.0,0.0,0.0,0.0,0.0
162,0,0.0,-6.575055953483035e-05,0.0,0.0,-6.301138495051352
162,1,0.0,0.0,-0.01012885290736802,0.0,-0.213776015980386
162,2,0.0,0.0,0.0,0.0,-1.0803801677771088
162,3,0.0,0.0,0.0,0.0,-0.06831745002120382
162,4,0.0,0.0,0.0,0.0,0.0
163,0,0.0,-6.575055953483035e-05,0.0,0.0,-6.338773453000337
163,1,0.0,0.0,-0.01012885290736802,0.0,-0.213776015980386
163,2,0.0,0.0,0.0,0.0,-1.0803801677771088
163,3,0.0,0.0,0.0,0.0,-0.06831745002120382
163,4,0.0,0.0,0.0,0.0,0.0
164,0,0.0,-6.575055953483035e-05,0.0,0.0,-6.374874790693052
164,1,0.0,0.0,-0.01012885290736802,0.0,-0.213776015980386
164,2,0.0,0.0,0.0,0.0,-1.0803801677771088
164,3,0.0,0.0,0.0,0.0,-0.06831745002120382
164,4,0.0,0.0,0.0,0.0,0.0
165,0,0.0,-6.575055953483035e-05,0.0,0.0,-6.4068258405478975
165,1,0.0,0.0,-0.01012885290736802,0.0,-0.213776015980386
165,2,0.0,0.0,0.0,0.0,-1.0803801677771088
165,3,0.0,0.0,0.0,0.0,-0.06831745002120382
165,4,0.0,0.0,0.0,0.0,0.0
166,0,0.0,-6.575055953483035e-05,0.0,0.0,-6.441963415026753
166,1,0.0,0.0,-0.01012885290736802,0.0,-0.213776015980386
166,2,0.0,0.0,0.0,0.0,-1.0803801677771088
166,3,0.0,0.0,0.0,0.0,-0.06831745002120382
166,4,0.0,0.0,0.0,0.0,0.0
167,0,0.0,-6.575055953483035e-05,0.0,0.0,-6.476975361602632
167,1,0.0,0.0,-0.01012885290736802,0.0,-0.213776015980386
167,2,0.0,0.0,0.0,0.0,-1.0803801677771088
167,3,0.0,0.0,0.0,0.0,-0.06831745002120382
167,4,0.0,0.0,0.0,0.0,0.0
168,0,0.0,-6.575055953483035e-05,0.0,0.0,-6.514228822399497
168,1,0.0,0.0,-0.01012885290736802,0.0,-0.213776015980386
168,2,0.0,0.0,0.0,0.0,-1.0803801677771088
168,3,0.0,0.0,0.0,0.0,-0.06831745002120382
168,4,0.0,0.0,0.0,0.0,0.0
169,0,0.0,-6.575055953483035e-05,0.0,0.0,-6.548917285456176
169,1,0.0,0.0,-0.01012885290736802,0.0,-0.213776015980386
169,2,0.0,0.0,0.0,0.0,-1.0803801677771088
169,3,0.0,0.0,0.0,0.0,-0.06831745002120382
169,4,0.0,0.0,0.0,0.0,0.0
170,0,0.0,-6.575055953483035e-05,0.0,0.0,-6.584010116336007
170,1,0.0,0.0,-0.01012885290736802,0.0,-0.213776015980386
170,2,0.0,0.0,0.0,0.0,-1.0803801677771088
170,3,0.0,0.0,0.0,0.0,-0.06831745002120382
170,4,0.0,0.0,0.0,0.0,0.0
171,0,0.0,-6.575055953483035e-05,0.0,0.0,-6.620768946638073
171,1,0.0,0.0,-0.01012885290736802,0.0,-0.213776015980386
171,2,0.0,0.0,0.0,0.0,-1.0803801677771088
171,3,0.0,0.0,0.0,0.0,-0.06831745002120382
171,4,0.0,0.0,0.0,0.0,0.0
172,0,0.0,-6.575055953483035e-05,0.0,0.0,-6.657041441669821
172,1,0.0,0.0,-0.01012885290736802,0.0,-0.213776015980386
172,2,0.0,0.0,0.0,0.0,-1.0803801677771088
172,3,0.0,0.0,0.0,0.0,-0.06831745002120382
172,4,0.0,0.0,0.0,0.0,0.0
173,0,0.0,-6.575055953483035e-05,0.0,0.0,-6.691752525125406
173,1,0.0,0.0,-0.01012885290736802,0.0,-0.213776015980386
173,2,0.0,0.0,0.0,0.0,-1.0803801677771088
173,3,0.0,0.0,0.0,0.0,-0.06831745002120382
173,4,0.0,0.0,0.0,0.0,0.0
174,0,0.0,-6.575055953483035e-05,0.0,0.0,-6.72660561555018
174,1,0.0,0.0,-0.01012885290736802,0.0,-0.213776015980386
174,2,0.0,0.0,0.0,0.0,-1.0803801677771088
174,3,0.0,0.0,0.0,0.0,-0.06831745002120382
174,4,0.0,0.0,0.0,0.0,0.0
175,0,0.0,-0.00014176949824746055,0.0,0.0,-6.72660561555018
175,1,0.0,0.0,-0.01012885290736802,0.0,-0.26561130165683927
175,2,0.0,0.0,0.0,0.0,-1.0803801677771088
175,3,0.0,0.0,0.0,0.0,-0.06831745002120382
175,4,0.0,0.0,0.0,0.0,0.0
176,0,0.0,-0.00014176949824746055,0.0,0.0,-6.758997623658951
176,1,0.0,0.0,-0.01012885290736802,0.0,-0.26561130165683927
176,2,0.0,0.0,0.0,0.0,-1.0803801677771088
176,3,0.0,0.0,0.0,0.0,-0.06831745002120382
176,4,0.0,0.0,0.0,0.0,0.0
177,0,0.0,-0.00014176949824746055,0.0,0.0,-6.791700129300108
177,1,0.0,0.0,-0.01012885290736802,0.0,-0.26561130165683927
177,2,0.0,0.0,0.0,0.0,-1.0803801677771088
177,3,0.0,0.0,0.0,0.0,-0.06831745002120382
177,4,0.0,0.0,0.0,0.0,0.0
178,0,0.0,-0.00014176949824746055,0.0,0.0,-6.821475039217969
178,1,0.0,0.0,-0.01012885290736802,0.0,-0.26561130165683927
178,2,0.0,0.0,0.0,0.0,-1.0803801677771088
178,3,0.0,0.0,0.0,0.0,-0.06831745002120382
178,4,0.0,0.0,0.0,0.0,0.0
179,0,0.0,-0.00014176949824746055,0.0,0.0,-6.85214519029648
179,1,0.0,0.0,-0.01012885290736802,0.0,-0.26561130165683927
179,2,0.0,0.0,0.0,0.0,-1.0803801677771088
179,3,0.0,0.0,0.0,0.0,-0.06831745002120382
179,4,0.0,0.0,0.0,0.0,0.0
180,0,0.0,-0.00014176949824746055,0.0,0.0,-6.884703675599128
180,1,0.0,0.0,-0.01012885290736802,0.0,-0.26561130165683927
180,2,0.0,0.0,0.0,0.0,-1.0803801677771088
180,3,0.0,0.0,0.0,0.0,-0.06831745002120382
180,4,0.0,0.0,0.0,0.0,0.0
181,0,0.0,-0.00014176949824746055,0.0,0.0,-6.918285562571431
181,1,0.0,0.0,-0.01012885290736802,0.0,-0.26561130165683927
181,2,0.0,0.0,0.0,0.0,-1.0803801677771088
181,3,0.0,0.0,0.0,0.0,-0.06831745002120382
181,4,0.0,0.0,0.0,0.0,0.0
182,0,0.0,-0.00014176949824746055,0.0,0.0,-6.952487691688571
182,1,0.0,0.0,-0.01012885290736802,0.0,-0.26561130165683927
182,2,0.0,0.0,0.0,0.0,-1.0803801677771088
182,3,0.0,0.0,0.0,0.0,-0.06831745002120382
182,4,0.0,0.0,0.0,0.0,0.0
183,0,0.0,-0.00014176949824746055,0.0,0.0,-6.985731330751894
183,1,0.0,0.0,-0.01012885290736802,0.0,-0.26561130165683927
183,2,0.0,0.0,0.0,0.0,-1.0803801677771088
183,3,0.0,0.0,0.0,0.0,-0.06831745002120382
183,4,0.0,0.0,0.0,0.0,0.0
184,0,0.0,-0.00014176949824746055,0.0,0.0,-7.018283001148029
184,1,0.0,0.0,-0.01012885290736802,0.0,-0.26561130165683927
184,2,0.0,0.0,0.0,0.0,-1.0803801677771088
184,3,0.0,0.0,0.0,0.0,-0.06831745002120382
184,4,0.0,0.0,0.0,0.0,0.0
185,0,0.0,-0.00014176949824746055,0.0,0.0,-7.054895725907815
185,1,0.0,0.0,-0.01012885290736802,0.0,-0.26561130165683927
185,2,0.0,0.0,0.0,0.0,-1.0803801677771088
185,3,0.0,0.0,0.0,0.0,-0.06831745002120382
185,4,0.0,0.0,0.0,0.0,0.0
186,0,0.0,-0.00014176949824746055,0.0,0.0,-7.08425556098047
186,1,0.0,0.0,-0.01012885290736802,0.0,-0.26561130165683927
186,2,0.0,0.0,0.0,0.0,-1.0803801677771088
186,3,0.0,0.0,0.0,0.0,-0.06831745002120382
186,4,0.0,0.0,0.0,0.0,0.0
187,0,0.0,-0.00014176949824746055,0.0,0.0,-7.115064668882877
187,1,0.0,0.0,-0.01012885290736802,0.0,-0.26561130165683927
187,2,0.0,0.0,0.0,0.0,-1.0803801677771088
187,3,0.0,0.0,0.0,0.0,-0.06831745002120382
187,4,0.0,0.0,0.0,0.0,0.0
188,0,0.0,-0.00014176949824746055,0.0,0.0,-7.147328869447029
188,1,0.0,0.0,-0.01012885290736802,0.0,-0.26561130165683927
188,2,0.0,0.0,0.0,0.0,-1.0803801677771088
188,3,0.0,0.0,0.0,0.0,-0.06831745002120382
188,4,0.0,0.0,0.0,0.0,0.0
189,0,0.0,-0.00014176949824746055,0.0,0.0,-7.1806716333141996
189,1,0.0,0.0,-0.01012885290736802,0.0,-0.26561130165683927
189,2,0.0,0.0,0.0,0.0,-1.0803801677771088
189,3,0.0,0.0,0.0,0.0,-0.06831745002120382
189,4,0.0,0.0,0.0,0.0,0.0
190,0,0.0,-0.00014176949824746055,0.0,0.0,-7.213826415623195
190,1,0.0,0.0,-0.01012885290736802,0.0,-0.26561130165683927
190,2,0.0,0.0,0.0,0.0,-1.0803801677771088
190,3,0.0,0.0,0.0,0.0,-0.06831745002120382
190,4,0.0,0.0,0.0,0.0,0.0
191,0,0.0,-0.00014176949824746055,0.0,0.0,-7.248663440508217
191,1,0.0,0.0,-0.01012885290736802,0.0,-0.26561130165683927
191,2,0.0,0.0,0.0,0.0,-1.0803801677771088
191,3,0.0,0.0,0.0,0.0,-0.06831745002120382
191,4,0.0,0.0,0.0,0.0,0.0
192,0,0.0,-0.00014176949824746055,0.0,0.0,-7.282091743985752
192,1,0.0,0.0,-0.01012885290736802,0.0,-0.26561130165683927
192,2,0.0,0.0,0.0,0.0,-1.0803801677771088
192,3,0.0,0.0,0.0,0.0,-0.06831745002120382
192,4,0.0,0.0,0.0,0.0,0.0
193,0,0.0,-0.00014176949824746055,0.0,0.0,-7.3117683542487
193,1,0.0,0.0,-0.01012885290736802,0.0,-0.26561130165683927
193,2,0.0,0.0,0.0,0.0,-1.0803801677771088
193,3,0.0,0.0,0.0,0.0,-0.06831745002120382
193,4,0.0,0.0,0.0,0.0,0.0
194,0,0.0,-0.00014176949824746055,0.0,0.0,-7.347938249570919
194,1,0.0,0.0,-0.01012885290736802,0.0,-0.26561130165683927
194,2,0.0,0.0,0.0,0.0,-1.0803801677771088
194,3,0.0,0.0,0.0,0.0,-0.06831745002120382
194,4,0.0,0.0,0.0,0.0,0.0
195,0,0.0,-0.00014176949824746055,0.0,0.0,-7.377901560844224
195,1,0.0,0.0,-0.01012885290736802,0.0,-0.26561130165683927
195,2,0.0,0.0,0.0,0.0,-1.0803801677771088
195,3,0.0,0.0,0.0,0.0,-0.06831745002120382
195,4,0.0,0.0,0.0,0.0,0.0
196,0,0.0,-0.00014176949824746055,0.0,0.0,-7.412934702894677
196,1,0.0,0.0,-0.01012885290736802,0.0,-0.26561130165683927
196,2,0.0,0.0,0.0,0.0,-1.0803801677771088
196,3,0.0,0.0,0.0,0.0,-0.06831745002120382
196,4,0.0,0.0,0.0,0.0,0.0
197,0,0.0,-0.00014176949824746055,0.0,0.0,-7.445106788385113
197,1,0.0,0.0,-0.01012885290736802,0.0,-0.26561130165683927
197,2,0.0,0.0,0.0,0.0,-1.0803801677771088
197,3,0.0,0.0,0.0,0.0,-0.06831745002120382
197,4,0.0,0.0,0.0,0.0,0.0
198,0,0.0,-0.00014176949824746055,0.0,0.0,-7.476928586605984
198,1,0.0,0.0,-0.01012885290736802,0.0,-0.26561130165683927
198,2,0.0,0.0,0.0,0.0,-1.0803801677771088
198,3,0.0,0.0,0.0,0.0,-0.06831745002120382
198,4,0.0,0.0,0.0,0.0,0.0
199,0,0.0,-0.00014176949824746055,0.0,0.0,-7.507618698700835
199,1,0.0,0.0,-0.01012885290736802,0.0,-0.26561130165683927
199,2,0.0,0.0,0.0,0.0,-1.0803801677771088
199,3,0.0,0.0,0.0,0.0,-0.06831745002120382
199,4,0.0,0.0,0.0,0.0,0.0
200,0,0.0,-0.00014176949824746055,0.0,0.0,-7.535866985095486
200,1,0.0,0.0,-0.01012885290736802,0.0,-0.26561130165683927
200,2,0.0,0.0,0.0,0.0,-1.0803801677771088
200,3,0.0,0.0,0.0,0.0,-0.06831745002120382
200,4,0.0,0.0,0.0,0.0,0.0
201,0,0.0,-0.00014176949824746055,0.0,0.0,-7.5700594271170125
201,1,0.0,0.0,-0.01012885290736802,0.0,-0.26561130165683927
201,2,0.0,0.0,0.0,0.0,-1.0803801677771088
201,3,0.0,0.0,0.0,0.0,-0.06831745002120382
201,4,0.0,0.0,0.0,0.0,0.0
202,0,0.0,-0.00014176949824746055,0.0,0.0,-7.605318682576554
202,1,0.0,0.0,-0.01012885290736802,0.0,-0.26561130165683927
202,2,0.0,0.0,0.0,0.0,-1.0803801677771088
202,3,0.0,0.0,0.0,0.0,-0.06831745002120382
202,4,0.0,0.0,0.0,0.0,0.0
203,0,0.0,-0.00014176949824746055,0.0,0.0,-7.637420952087939
203,1,0.0,0.0,-0.01012885290736802,0.0,-0.26561130165683927
203,2,0.0,0.0,0.0,0.0,-1.0803801677771088
203,3,0.0,0.0,0.0,0.0,-0.06831745002120382
203,4,0.0,0.0,0.0,0.0,0.0
204,0,0.0,-0.00014176949824746055,0.0,0.0,-7.67457732951351
204,1,0.0,0.0,-0.01012885290736802,0.0,-0.26561130165683927
204,2,0.0,0.0,0.0,0.0,-1.0803801677771088
204,3,0.0,0.0,0.0,0.0,-0.06831745002120382
204,4,0.0,0.0,0.0,0.0,0.0
205,0,0.0,-0.00014176949824746055,0.0,0.0,-7.708906993885741
205,1,0.0,0.0,-0.01012885290736802,0.0,-0.26561130165683927
205,2,0.0,0.0,0.0,0.0,-1.0803801677771088
205,3,0.0,0.0,0.0,0.0,-0.06831745002120382
205,4,0.0,0.0,0.0,0.0,0.0
206,0,0.0,-0.00014176949824746055,0.0,0.0,-7.74030050915015
206,1,0.0,0.0,-0.01012885290736802,0.0,-0.26561130165683927
206,2,0.0,0.0,0.0,0.0,-1.0803801677771088
206,3,0.0,0.0,0.0,0.0,-0.06831745002120382
206,4,0.0,0.0,0.0,0.0,0.0
207,0,0.0,-0.00014176949824746055,0.0,0.0,-7.770892292705531
207,1,0.0,0.0,-0.01012885290736802,0.0,-0.26561130165683927
207,2,0.0,0.0,0.0,0.0,-1.0803801677771088
207,3,0.0,0.0,0.0,0.0,-0.06831745002120382
207,4,0.0,0.0,0.0,0.0,0.0
208,0,0.0,-0.00014176949824746055,0.0,0.0,-7.802782437807143
208,1,0.0,0.0,-0.01012885290736802,0.0,-0.26561130165683927
208,2,0.0,0.0,0.0,0.0,-1.0803801677771088
208,3,0.0,0.0,0.0,0.0,-0.06831745002120382
208,4,0.0,0.0,0.0,0.0,0.0
209,0,0.0,-0.00014176949824746055,0.0,0.0,-7.834779275832686
209,1,0.0,0.0,-0.01012885290736802,0.0,-0.26561130165683927
209,2,0.0,0.0,0.0,0.0,-1.0803801677771088
209,3,0.0,0.0,0.0,0.0,-0.06831745002120382
209,4,0.0,0.0,0.0,0.0,0.0
210,0,0.0,-0.00014176949824746055,0.0,0.0,-7.86596423820933
210,1,0.0,0.0,-0.01012885290736802,0.0,-0.26561130165683927
210,2,0.0,0.0,0.0,0.0,-1.0803801677771088
210,3,0.0,0.0,0.0,0.0,-0.06831745002120382
210,4,0.0,0.0,0.0,0.0,0.0
211,0,0.0,-0.00014176949824746055,0.0,0.0,-7.896533049259085
211,1,0.0,0.0,-0.01012885290736802,0.0,-0.26561130165683927
211,2,0.0,0.0,0.0,0.0,-1.0803801677771088
211,3,0.0,0.0,0.0,0.0,-0.06831745002120382
211,4,0.0,0.0,0.0,0.0,0.0
212,0,0.0,-0.00014176949824746055,0.0,0.0,-7.92581246868879
212,1,0.0,0.0,-0.01012885290736802,0.0,-0.26561130165683927
212,2,0.0,0.0,0.0,0.0,-1.0803801677771088
212,3,0.0,0.0,0.0,0.0,-0.06831745002120382
212,4,0.0,0.0,0.0,0.0,0.0
213,0,0.0,-0.00014176949824746055,0.0,0.0,-7.957490146127481
213,1,0.0,0.0,-0.01012885290736802,0.0,-0.26561130165683927
213,2,0.0,0.0,0.0,0.0,-1.0803801677771088
213,3,0.0,0.0,0.0,0.0,-0.06831745002120382
213,4,0.0,0.0,0.0,0.0,0.0
214,0,0.0,-0.00014176949824746055,0.0,0.0,-7.9888214059221125
214,1,0.0,0.0,-0.01012885290736802,0.0,-0.26561130165683927
214,2,0.0,0.0,0.0,0.0,-1.0803801677771088
214,3,0.0,0.0,0.0,0.0,-0.06831745002120382
214,4,0.0,0.0,0.0,0.0,0.0
215,0,0.0,-0.00014176949824746055,0.0,0.0,-8.022347646114714
215,1,0.0,0.0,-0.01012885290736802,0.0,-0.26561130165683927
215,2,0.0,0.0,0.0,0.0,-1.0803801677771088
215,3,0.0,0.0,0.0,0.0,-0.06831745002120382
215,4,0.0,0.0,0.0,0.0,0.0
216,0,0.0,-0.00014176949824746055,0.0,0.0,-8.056325612875023
216,1,0.0,0.0,-0.01012885290736802,0.0,-0.26561130165683927
216,2,0.0,0.0,0.0,0.0,-1.0803801677771088
216,3,0.0,0.0,0.0,0.0,-0.06831745002120382
216,4,0.0,0.0,0.0,0.0,0.0
217,0,0.0,-0.00014176949824746055,0.0,0.0,-8.08757028898999
217,1,0.0,0.0,-0.01012885290736802,0.0,-0.26561130165683927
217,2,0.0,0.0,0.0,0.0,-1.0803801677771088
217,3,0.0,0.0,0.0,0.0,-0.06831745002120382
217,4,0.0,0.0,0.0,0.0,0.0
218,0,0.0,-0.00014176949824746055,0.0,0.0,-8.117083194853606
218,1,0.0,0.0,-0.01012885290736802,0.0,-0.26561130165683927
218,2,0.0,0.0,0.0,0.0,-1.0803801677771088
218,3,0.0,0.0,0.0,0.0,-0.06831745002120382
218,4,0.0,0.0,0.0,0.0,0.0
219,0,0.0,-0.00014176949824746055,0.0,0.0,-8.146462215290754
219,1,0.0,0.0,-0.01012885290736802,0.0,-0.26561130165683927
219,2,0.0,0.0,0.0,0.0,-1.0803801677771088
219,3,0.0,0.0,0.0,0.0,-0.06831745002120382
219,4,0.0,0.0,0.0,0.0,0.0
220,0,0.0,-0.00014176949824746055,0.0,0.0,-8.176864909690863
220,1,0.0,0.0,-0.01012885290736802,0.0,-0.26561130165683927
220,2,0.0,0.0,0.0,0.0,-1.0803801677771088
220,3,0.0,0.0,0.0,0.0,-0.06831745002120382
220,4,0.0,0.0,0.0,0.0,0.0
221,0,0.0,-0.00014176949824746055,0.0,0.0,-8.2074304637992
221,1,0.0,0.0,-0.01012885290736802,0.0,-0.26561130165683927
221,2,0.0,0.0,0.0,0.0,-1.0803801677771088
221,3,0.0,0.0,0.0,0.0,-0.06831745002120382
221,4,0.0,0.0,0.0,0.0,0.0
222,0,0.0,-0.00014176949824746055,0.0,0.0,-8.234026066783688
222,1,0.0,0.0,-0.01012885290736802,0.0,-0.26561130165683927
222,2,0.0,0.0,0.0,0.0,-1.0803801677771088
222,3,0.0,0.0,0.0,0.0,-0.06831745002120382
222,4,0.0,0.0,0.0,0.0,0.0
223,0,0.0,-0.00014176949824746055,0.0,0.0,-8.264626754766155
223,1,0.0,0.0,-0.01012885290736802,0.0,-0.26561130165683927
223,2,0.0,0.0,0.0,0.0,-1.0803801677771088
223,3,0.0,0.0,0.0,0.0,-0.06831745002120382
223,4,0.0,0.0,0.0,0.0,0.0
224,0,0.0,-0.00014176949824746055,0.0,0.0,-8.295354546388346
224,1,0.0,0.0,-0.01012885290736802,0.0,-0.26561130165683927
224,2,0.0,0.0,0.0,0.0,-1.0803801677771088
224,3,0.0,0.0,0.0,0.0,-0.06831745002120382
224,4,0.0,0.0,0.0,0.0,0.0
225,0,0.0,-0.00014176949824746055,0.0,0.0,-8.322430287256466
225,1,0.0,0.0,-0.01012885290736802,0.0,-0.26561130165683927
225,2,0.0,0.0,0.0,0.0,-1.0803801677771088
225,3,0.0,0.0,0.0,0.0,-0.06831745002120382
225,4,0.0,0.0,0.0,0.0,0.0
226,0,0.0,-0.00014176949824746055,0.0,0.0,-8.35265219546852
226,1,0.0,0.0,-0.01012885290736802,0.0,-0.26561130165683927
226,2,0.0,0.0,0.0,0.0,-1.0803801677771088
226,3,0.0,0.0,0.0,0.0,-0.06831745002120382
226,4,0.0,0.0,0.0,0.0,0.0
227,0,0.0,-0.00014176949824746055,0.0,0.0,-8.381517814319745
227,1,0.0,0.0,-0.01012885290736802,0.0,-0.26561130165683927
227,2,0.0,0.0,0.0,0.0,-1.0803801677771088
227,3,0.0,0.0,0.0,0.0,-0.06831745002120382
227,4,0.0,0.0,0.0,0.0,0.0
228,0,0.0,-0.00014176949824746055,0.0,0.0,-8.415212368604253
228,1,0.0,0.0,-0.01012885290736802,0.0,-0.26561130165683927
228,2,0.0,0.0,0.0,0.0,-1.0803801677771088
228,3,0.0,0.0,0.0,0.0,-0.06831745002120382
228,4,0.0,0.0,0.0,0.0,0.0
229,0,0.0,-0.00014176949824746055,0.0,0.0,-8.442741805300177
229,1,0.0,0.0,-0.01012885290736802,0.0,-0.26561130165683927
229,2,0.0,0.0,0.0,0.0,-1.0803801677771088
229,3,0.0,0.0,0.0,0.0,-0.06831745002120382
229,4,0.0,0.0,0.0,0.0,0.0
230,0,0.0,-0.00014176949824746055,0.0,0.0,-8.47385674869284
230,1,0.0,0.0,-0.01012885290736802,0.0,-0.26561130165683927
230,2,0.0,0.0,0.0,0.0,-1.0803801677771088
230,3,0.0,0.0,0.0,0.0,-0.06831745002120382
230,4,0.0,0.0,0.0,0.0,0.0
231,0,0.0,-0.00014176949824746055,0.0,0.0,-8.503018567939918
231,1,0.0,0.0,-0.01012885290736802,0.0,-0.26561130165683927
231,2,0.0,0.0,0.0,0.0,-1.0803801677771088
231,3,0.0,0.0,0.0,0.0,-0.06831745002120382
231,4,0.0,0.0,0.0,0.0,0.0
232,0,0.0,-0.00014176949824746055,0.0,0.0,-8.529153237490915
232,1,0.0,0.0,-0.01012885290736802,0.0,-0.26561130165683927
232,2,0.0,0.0,0.0,0.0,-1.0803801677771088
232,3,0.0,0.0,0.0,0.0,-0.06831745002120382
232,4,0.0,0.0,0.0,0.0,0.0
233,0,0.0,-0.00014176949824746055,0.0,0.0,-8.556658646326065
233,1,0.0,0.0,-0.01012885290736802,0.0,-0.26561130165683927
233,2,0.0,0.0,0.0,0.0,-1.0803801677771088
233,3,0.0,0.0,0.0,0.0,-0.06831745002120382
233,4,0.0,0.0,0.0,0.0,0.0
234,0,0.0,-0.00014176949824746055,0.0,0.0,-8.584357624263376
234,1,0.0,0.0,-0.01012885290736802,0.0,-0.26561130165683927
234,2,0.0,0.0,0.0,0.0,-1.0803801677771088
234,3,0.0,0.0,0.0,0.0,-0.06831745002120382
234,4,0.0,0.0,0.0,0.0,0.0
235,0,0.0,-0.00014176949824746055,0.0,0.0,-8.615957899971951
235,1,0.0,0.0,-0.01012885290736802,0.0,-0.26561130165683927
235,2,0.0,0.0,0.0,0.0,-1.0803801677771088
235,3,0.0,0.0,0.0,0.0,-0.06831745002120382
235,4,0.0,0.0,0.0,0.0,0.0
236,0,0.0,-0.00014176949824746055,0.0,0.0,-8.642544356643882
236,1,0.0,0.0,-0.01012885290736802,0.0,-0.26561130165683927
236,2,0.0,0.0,0.0,0.0,-1.0803801677771088
236,3,0.0,0.0,0.0,0.0,-0.06831745002120382
236,4,0.0,0.0,0.0,0.0,0.0
237,0,0.0,-0.00014176949824746055,0.0,0.0,-8.671329111648824
237,1,0.0,0.0,-0.01012885290736802,0.0,-0.26561130165683927
237,2,0.0,0.0,0.0,0.0,-1.0803801677771088
237,3,0.0,0.0,0.0,0.0,-0.06831745002120382
237,4,0.0,0.0,0.0,0.0,0.0
238,0,0.0,-0.00014176949824746055,0.0,0.0,-8.697091351542785
238,1,0.0,0.0,-0.01012885290736802,0.0,-0.26561130165683927
238,2,0.0,0.0,0.0,0.0,-1.0803801677771088
238,3,0.0,0.0,0.0,0.0,-0.06831745002120382
238,4,0.0,0.0,0.0,0.0,0.0
239,0,0.0,-0.00014176949824746055,0.0,0.0,-8.724902538043716
239,1,0.0,0.0,-0.01012885290736802,0.0,-0.26561130165683927
239,2,0.0,0.0,0.0,0.0,-1.0803801677771088
239,3,0.0,0.0,0.0,0.0,-0.06831745002120382
239,4,0.0,0.0,0.0,0.0,0.0
240,0,0.0,-0.00014176949824746055,0.0,0.0,-8.753477218793568
240,1,0.0,0.0,-0.01012885290736802,0.0,-0.26561130165683927
240,2,0.0,0.0,0.0,0.0,-1.0803801677771088
240,3,0.0,0.0,0.0,0.0,-0.06831745002120382
240,4,0.0,0.0,0.0,0.0,0.0
241,0,0.0,-0.00014176949824746055,0.0,0.0,-8.782809502011887
241,1,0.0,0.0,-0.01012885290736802,0.0,-0.26561130165683927
241,2,0.0,0.0,0.0,0.0,-1.0803801677771088
241,3,0.0,0.0,0.0,0.0,-0.06831745002120382
241,4,0.0,0.0,0.0,0.0,0.0
242,0,0.0,-0.00014176949824746055,0.0,0.0,-8.808448038102599
242,1,0.0,0.0,-0.01012885290736802,0.0,-0.26561130165683927
242,2,0.0,0.0,0.0,0.0,-1.0803801677771088
242,3,0.0,0.0,0.0,0.0,-0.06831745002120382
242,4,0.0,0.0,0.0,0.0,0.0
243,0,0.0,-0.00014176949824746055,0.0,0.0,-8.835962924581057
243,1,0.0,0.0,-0.01012885290736802,0.0,-0.26561130165683927
243,2,0.0,0.0,0.0,0.0,-1.0803801677771088
243,3,0.0,0.0,0.0,0.0,-0.06831745002120382
243,4,0.0,0.0,0.0,0.0,0.0
244,0,0.0,-0.00014176949824746055,0.0,0.0,-8.858364028958507
244,1,0.0,0.0,-0.01012885290736802,0.0,-0.26561130165683927
244,2,0.0,0.0,0.0,0.0,-1.0803801677771088
244,3,0.0,0.0,0.0,0.0,-0.06831745002120382
244,4,0.0,0.0,0.0,0.0,0.0
245,0,0.0,-0.00014176949824746055,0.0,0.0,-8.884478284732495
245,1,0.0,0.0,-0.01012885290736802,0.0,-0.26561130165683927
245,2,0.0,0.0,0.0,0.0,-1.0803801677771088
245,3,0.0,0.0,0.0,0.0,-0.06831745002120382
245,4,0.0,0.0,0.0,0.0,0.0
246,0,0.0,-0.00014176949824746055,0.0,0.0,-8.915209559103074
246,1,0.0,0.0,-0.01012885290736802,0.0,-0.26561130165683927
246,2,0.0,0.0,0.0,0.0,-1.0803801677771088
246,3,0.0,0.0,0.0,0.0,-0.06831745002120382
246,4,0.0,0.0,0.0,0.0,0.0
247,0,0.0,-0.00014176949824746055,0.0,0.0,-8.943821757597481
247,1,0.0,0.0,-0.01012885290736802,0.0,-0.26561130165683927
247,2,0.0,0.0,0.0,0.0,-1.0803801677771088
247,3,0.0,0.0,0.0,0.0,-0.06831745002120382
247,4,0.0,0.0,0.0,0.0,0.0
248,0,0.0,-0.00014176949824746055,0.0,0.0,-8.97040686650555
248,1,0.0,0.0,-0.01012885290736802,0.0,-0.26561130165683927
248,2,0.0,0.0,0.0,0.0,-1.0803801677771088
248,3,0.0,0.0,0.0,0.0,-0.06831745002120382
248,4,0.0,0.0,0.0,0.0,0.0
249,0,0.0,-0.00014176949824746055,0.0,0.0,-8.997828577822819
249,1,0.0,0.0,-0.01012885290736802,0.0,-0.26561130165683927
249,2,0.0,0.0,0.0,0.0,-1.0803801677771088
249,3,0.0,0.0,0.0,0.0,-0.06831745002120382
249,4,0.0,0.0,0.0,0.0,0.0
250,0,0.0,-0.00014176949824746055,0.0,0.0,-9.02967044966575
250,1,0.0,0.0,-0.01012885290736802,0.0,-0.26561130165683927
250,2,0.0,0.0,0.0,0.0,-1.0803801677771088
250,3,0.0,0.0,0.0,0.0,-0.06831745002120382
250,4,0.0,0.0,0.0,0.0,0.0
251,0,0.0,-0.00014176949824746055,0.0,0.0,-9.055991383700581
251,1,0.0,0.0,-0.01012885290736802,0.0,-0.26561130165683927
251,2,0.0,0.0,0.0,0.0,-1.0803801677771088
251,3,0.0,0.0,0.0,0.0,-0.06831745002120382
251,4,0.0,0.0,0.0,0.0,0.0
252,0,0.0,-0.000259020129165973,0.0,0.0,-9.055991383700581
252,1,0.0,0.0,-0.01012885290736802,0.0,-0.31785800363728517
252,2,0.0,0.0,0.0,0.0,-1.0803801677771088
252,3,0.0,0.0,0.0,0.0,-0.06831745002120382
252,4,0.0,0.0,0.0,0.0,0.0
253,0,0.0,-0.000259020129165973,0.0,0.0,-9.083659566289768
253,1,0.0,0.0,-0.01012885290736802,0.0,-0.31785800363728517
253,2,0.0,0.0,0.0,0.0,-1.0803801677771088
253,3,0.0,0.0,0.0,0.0,-0.06831745002120382
253,4,0.0,0.0,0.0,0.0,0.0
254,0,0.0,-0.000259020129165973,0.0,0.0,-9.110595783425897
254,1,0.0,0.0,-0.01012885290736802,0.0,-0.31785800363728517
254,2,0.0,0.0,0.0,0.0,-1.0803801677771088
254,3,0.0,0.0,0.0,0.0,-0.06831745002120382
254,4,0.0,0.0,0.0,0.0,0.0
255,0,0.0,-0.000259020129165973,0.0,0.0,-9.1401359398765
255,1,0.0,0.0,-0.01012885290736802,0.0,-0.31785800363728517
255,2,0.0,0.0,0.0,0.0,-1.0803801677771088
255,3,0.0,0.0,0.0,0.0,-0.06831745002120382
255,4,0.0,0.0,0.0,0.0,0.0
256,0,0.0,-0.000259020129165973,0.0,0.0,-9.167719080854496
256,1,0.0,0.0,-0.01012885290736802,0.0,-0.31785800363728517
256,2,0.0,0.0,0.0,0.0,-1.0803801677771088
256,3,0.0,0.0,0.0,0.0,-0.06831745002120382
256,4,0.0,0.0,0.0,0.0,0.0
257,0,0.0,-0.000259020129165973,0.0,0.0,-9.194506808988203
257,1,0.0,0.0,-0.01012885290736802,0.0,-0.31785800363728517
257,2,0.0,0.0,0.0,0.0,-1.0803801677771088
257,3,0.0,0.0,0.0,0.0,-0.06831745002120382
257,4,0.0,0.0,0.0,0.0,0.0
258,0,0.0,-0.000259020129165973,0.0,0.0,-9.222306400386907
258,1,0.0,0.0,-0.01012885290736802,0.0,-0.31785800363728517
258,2,0.0,0.0,0.0,0.0,-1.0803801677771088
258,3,0.0,0.0,0.0,0.0,-0.06831745002120382
258,4,0.0,0.0,0.0,0.0,0.0
259,0,0.0,-0.000259020129165973,0.0,0.0,-9.252102236612176
259,1,0.0,0.0,-0.01012885290736802,0.0,-0.31785800363728517
259,2,0.0,0.0,0.0,0.0,-1.0803801677771088
259,3,0.0,0.0,0.0,0.0,-0.06831745002120382
259,4,0.0,0.0,0.0,0.0,0.0
260,0,0.0,-0.000259020129165973,0.0,0.0,-9.277665781790594
260,1,0.0,0.0,-0.01012885290736802,0.0,-0.31785800363728517
260,2,0.0,0.0,0.0,0.0,-1.0803801677771088
260,3,0.0,0.0,0.0,0.0,-0.06831745002120382
260,4,0.0,0.0,0.0,0.0,0.0
261,0,0.0,-0.000259020129165973,0.0,0.0,-9.307244219996434
261,1,0.0,0.0,-0.01012885290736802,0.0,-0.31785800363728517
261,2,0.0,0.0,0.0,0.0,-1.0803801677771088
261,3,0.0,0.0,0.0,0.0,-0.06831745002120382
261,4,0.0,0.0,0.0,0.0,0.0
262,0,0.0,-0.000259020129165973,0.0,0.0,-9.331239544155736
262,1,0.0,0.0,-0.01012885290736802,0.0,-0.31785800363728517
262,2,0.0,0.0,0.0,0.0,-1.0803801677771088
262,3,0.0,0.0,0.0,0.0,-0.06831745002120382
262,4,0.0,0.0,0.0,0.0,0.0
263,0,0.0,-0.000259020129165973,0.0,0.0,-9.354412286678928
263,1,0.0,0.0,-0.01012885290736802,0.0,-0.31785800363728517
263,2,0.0,0.0,0.0,0.0,-1.0803801677771088
263,3,0.0,0.0,0.0,0.0,-0.06831745002120382
263,4,0.0,0.0,0.0,0.0,0.0
264,0,0.0,-0.000259020129165973,0.0,0.0,-9.381579441291453
264,1,0.0,0.0,-0.01012885290736802,0.0,-0.31785800363728517
264,2,0.0,0.0,0.0,0.0,-1.0803801677771088
264,3,0.0,0.0,0.0,0.0,-0.06831745002120382
264,4,0.0,0.0,0.0,0.0,0.0
265,0,0.0,-0.000259020129165973,0.0,0.0,-9.40946234913028
265,1,0.0,0.0,-0.01012885290736802,0.0,-0.31785800363728517
265,2,0.0,0.0,0.0,0.0,-1.0803801677771088
265,3,0.0,0.0,0.0,0.0,-0.06831745002120382
265,4,0.0,0.0,0.0,0.0,0.0
266,0,0.0,-0.000259020129165973,0.0,0.0,-9.437100073725716
266,1,0.0,0.0,-0.01012885290736802,0.0,-0.31785800363728517
266,2,0.0,0.0,0.0,0.0,-1.0803801677771088
266,3,0.0,0.0,0.0,0.0,-0.06831745002120382
266,4,0.0,0.0,0.0,0.0,0.0
267,0,0.0,-0.000259020129165973,0.0,0.0,-9.46294162113776
267,1,0.0,0.0,-0.01012885290736802,0.0,-0.31785800363728517
267,2,0.0,0.0,0.0,0.0,-1.0803801677771088
267,3,0.0,0.0,0.0,0.0,-0.06831745002120382
267,4,0.0,0.0,0.0,0.0,0.0
268,0,0.0,-0.000259020129165973,0.0,0.0,-9.490187774020427
268,1,0.0,0.0,-0.01012885290736802,0.0,-0.31785800363728517
268,2,0.0,0.0,0.0,0.0,-1.0803801677771088
268,3,0.0,0.0,0.0,0.0,-0.06831745002120382
268,4,0.0,0.0,0.0,0.0,0.0
269,0,0.0,-0.000259020129165973,0.0,0.0,-9.517725460445046
269,1,0.0,0.0,-0.01012885290736802,0.0,-0.31785800363728517
269,2,0.0,0.0,0.0,0.0,-1.0803801677771088
269,3,0.0,0.0,0.0,0.0,-0.06831745002120382
269,4,0.0,0.0,0.0,0.0,0.0
270,0,0.0,-0.000259020129165973,0.0,0.0,-9.547842495222756
270,1,0.0,0.0,-0.01012885290736802,0.0,-0.31785800363728517
270,2,0.0,0.0,0.0,0.0,-1.0803801677771088
270,3,0.0,0.0,0.0,0.0,-0.06831745002120382
270,4,0.0,0.0,0.0,0.0,0.0
271,0,0.0,-0.000259020129165973,0.0,0.0,-9.572563467229411
271,1,0.0,0.0,-0.01012885290736802,0.0,-0.31785800363728517
271,2,0.0,0.0,0.0,0.0,-1.0803801677771088
271,3,0.0,0.0,0.0,0.0,-0.06831745002120382
271,4,0.0,0.0,0.0,0.0,0.0
272,0,0.0,-0.000259020129165973,0.0,0.0,-9.599426581602904
272,1,0.0,0.0,-0.01012885290736802,0.0,-0.31785800363728517
272,2,0.0,0.0,0.0,0.0,-1.0803801677771088
272,3,0.0,0.0,0.0,0.0,-0.06831745002120382
272,4,0.0,0.0,0.0,0.0,0.0
273,0,0.0,-0.000259020129165973,0.0,0.0,-9.621755670858418
273,1,0.0,0.0,-0.01012885290736802,0.0,-0.31785800363728517
273,2,0.0,0.0,0.0,0.0,-1.0803801677771088
273,3,0.0,0.0,0.0,0.0,-0.06831745002120382
273,4,0.0,0.0,0.0,0.0,0.0
274,0,0.0,-0.000259020129165973,0.0,0.0,-9.647162067142341
274,1,0.0,0.0,-0.01012885290736802,0.0,-0.31785800363728517
274,2,0.0,0.0,0.0,0.0,-1.0803801677771088
274,3,0.0,0.0,0.0,0.0,-0.06831745002120382
274,4,0.0,0.0,0.0,0.0,0.0
275,0,0.0,-0.000259020129165973,0.0,0.0,-9.673910592732032
275,1,0.0,0.0,-0.01012885290736802,0.0,-0.31785800363728517
275,2,0.0,0.0,0.0,0.0,-1.0803801677771088
275,3,0.0,0.0,0.0,0.0,-0.06831745002120382
275,4,0.0,0.0,0.0,0.0,0.0
276,0,0.0,-0.000259020129165973,0.0,0.0,-9.70213804168194
276,1,0.0,0.0,-0.01012885290736802,0.0,-0.31785800363728517
276,2,0.0,0.0,0.0,0.0,-1.0803801677771088
276,3,0.0,0.0,0.0,0.0,-0.06831745002120382
276,4,0.0,0.0,0.0,0.0,0.0
277,0,0.0,-0.0004267699455522618,0.0,0.0,-9.70213804168194
277,1,0.0,0.0,-0.01012885290736802,0.0,-0.37122061433412623
277,2,0.0,0.0,0.0,0.0,-1.0803801677771088
277,3,0.0,0.0,0.0,0.0,-0.06831745002120382
277,4,0.0,0.0,0.0,0.0,0.0
278,0,0.0,-0.0004267699455522618,0.0,0.0,-9.733237207673834
278,1,0.0,0.0,-0.01012885290736802,0.0,-0.37122061433412623
278,2,0.0,0.0,0.0,0.0,-1.0803801677771088
278,3,0.0,0.0,0.0,0.0,-0.06831745002120382
278,4,0.0,0.0,0.0,0.0,0.0
279,0,0.0,-0.0004267699455522618,0.0,0.0,-9.758966201656714
279,1,0.0,0.0,-0.01012885290736802,0.0,-0.37122061433412623
279,2,0.0,0.0,0.0,0.0,-1.0803801677771088
279,3,0.0,0.0,0.0,0.0,-0.06831745002120382
279,4,0.0,0.0,0.0,0.0,0.0
280,0,0.0,-0.0004267699455522618,0.0,0.0,-9.784113892151337
280,1,0.0,0.0,-0.01012885290736802,0.0,-0.37122061433412623
280,2,0.0,0.0,0.0,0.0,-1.0803801677771088
280,3,0.0,0.0,0.0,0.0,-0.06831745002120382
280,4,0.0,0.0,0.0,0.0,0.0
281,0,0.0,-0.0004267699455522618,0.0,0.0,-9.80633503510846
281,1,0.0,0.0,-0.01012885290736802,0.0,-0.37122061433412623
281,2,0.0,0.0,0.0,0.0,-1.0803801677771088
281,3,0.0,0.0,0.0,0.0,-0.06831745002120382
281,4,0.0,0.0,0.0,0.0,0.0
282,0,0.0,-0.0004267699455522618,0.0,0.0,-9.830357334962944
282,1,0.0,0.0,-0.01012885290736802,0.0,-0.37122061433412623
282,2,0.0,0.0,0.0,0.0,-1.0803801677771088
282,3,0.0,0.0,0.0,0.0,-0.06831745002120382
282,4,0.0,0.0,0.0,0.0,0.0
283,0,0.0,-0.0004267699455522618,0.0,0.0,-9.853105643519726
283,1,0.0,0.0,-0.01012885290736802,0.0,-0.37122061433412623
283,2,0.0,0.0,0.0,0.0,-1.0803801677771088
283,3,0.0,0.0,0.0,0.0,-0.06831745002120382
283,4,0.0,0.0,0.0,0.0,0.0
284,0,0.0,-0.0004267699455522618,0.0,0.0,-9.876693535664891
284,1,0.0,0.0,-0.01012885290736802,0.0,-0.37122061433412623
284,2,0.0,0.0,0.0,0.0,-1.0803801677771088
284,3,0.0,0.0,0.0,0.0,-0.06831745002120382
284,4,0.0,0.0,0.0,0.0,0.0
285,0,0.0,-0.0004267699455522618,0.0,0.0,-9.905038009030791
285,1,0.0,0.0,-0.01012885290736802,0.0,-0.37122061433412623
285,2,0.0,0.0,0.0,0.0,-1.0803801677771088
285,3,0.0,0.0,0.0,0.0,-0.06831745002120382
285,4,0.0,0.0,0.0,0.0,0.0
286,0,0.0,-0.0004267699455522618,0.0,0.0,-9.928823763124123
286,1,0.0,0.0,-0.01012885290736802,0.0,-0.37122061433412623
286,2,0.0,0.0,0.0,0.0,-1.0803801677771088
286,3,0.0,0.0,0.0,0.0,-0.06831745002120382
286,4,0.0,0.0,0.0,0.0,0.0
287,0,0.0,-0.0004267699455522618,0.0,0.0,-9.951531634551946
287,1,0.0,0.0,-0.01012885290736802,0.0,-0.37122061433412623
287,2,0.0,0.0,0.0,0.0,-1.0803801677771088
287,3,0.0,0.0,0.0,0.0,-0.06831745002120382
287,4,0.0,0.0,0.0,0.0,0.0
288,0,0.0,-0.0004267699455522618,0.0,0.0,-9.978356337369481
288,1,0.0,0.0,-0.01012885290736802,0.0,-0.37122061433412623
288,2,0.0,0.0,0.0,0.0,-1.0803801677771088
288,3,0.0,0.0,0.0,0.0,-0.06831745002120382
288,4,0.0,0.0,0.0,0.0,0.0
289,0,0.0,-0.0004267699455522618,0.0,0.0,-10.003458381867532
289,1,0.0,0.0,-0.01012885290736802,0.0,-0.37122061433412623
289,2,0.0,0.0,0.0,0.0,-1.0803801677771088
289,3,0.0,0.0,0.0,0.0,-0.06831745002120382
289,4,0.0,0.0,0.0,0.0,0.0
290,0,0.0,-0.0004267699455522618,0.0,0.0,-10.021951032141358
290,1,0.0,0.0,-0.01012885290736802,0.0,-0.37122061433412623
290,2,0.0,0.0,0.0,0.0,-1.0803801677771088
290,3,0.0,0.0,0.0,0.0,-0.06831745002120382
290,4,0.0,0.0,0.0,0.0,0.0
291,0,0.0,-0.0004267699455522618,0.0,0.0,-10.044081111927062
291,1,0.0,0.0,-0.01012885290736802,0.0,-0.37122061433412623
291,2,0.0,0.0,0.0,0.0,-1.0803801677771088
291,3,0.0,0.0,0.0,0.0,-0.06831745002120382
291,4,0.0,0.0,0.0,0.0,0.0
292,0,0.0,-0.0004267699455522618,0.0,0.0,-10.067254171210616
292,1,0.0,0.0,-0.01012885290736802,0.0,-0.37122061433412623
292,2,0.0,0.0,0.0,0.0,-1.0803801677771088
292,3,0.0,0.0,0.0,0.0,-0.06831745002120382
292,4,0.0,0.0,0.0,0.0,0.0
293,0,0.0,-0.0004267699455522618,0.0,0.0,-10.088383168207683
293,1,0.0,0.0,-0.01012885290736802,0.0,-0.37122061433412623
293,2,0.0,0.0,0.0,0.0,-1.0803801677771088
293,3,0.0,0.0,0.0,0.0,-0.06831745002120382
293,4,0.0,0.0,0.0,0.0,0.0
294,0,0.0,-0.0004267699455522618,0.0,0.0,-10.11367136721115
294,1,0.0,0.0,-0.01012885290736802,0.0,-0.37122061433412623
294,2,0.0,0.0,0.0,0.0,-1.0803801677771088
294,3,0.0,0.0,0.0,0.0,-0.06831745002120382
294,4,0.0,0.0,0.0,0.0,0.0
295,0,0.0,-0.0004267699455522618,0.0,0.0,-10.134937731469032
295,1,0.0,0.0,-0.01012885290736802,0.0,-0.37122061433412623
295,2,0.0,0.0,0.0,0.0,-1.0803801677771088
295,3,0.0,0.0,0.0,0.0,-0.06831745002120382
295,4,0.0,0.0,0.0,0.0,0.0
296,0,0.0,-0.0004267699455522618,0.0,0.0,-10.154675581303062
296,1,0.0,0.0,-0.01012885290736802,0.0,-0.37122061433412623
296,2,0.0,0.0,0.0,0.0,-1.0803801677771088
296,3,0.0,0.0,0.0,0.0,-0.06831745002120382
296,4,0.0,0.0,0.0,0.0,0.0
297,0,0.0,-0.0004267699455522618,0.0,0.0,-10.175468515758235
297,1,0.0,0.0,-0.01012885290736802,0.0,-0.37122061433412623
297,2,0.0,0.0,0.0,0.0,-1.0803801677771088
297,3,0.0,0.0,0.0,0.0,-0.06831745002120382
297,4,0.0,0.0,0.0,0.0,0.0
298,0,0.0,-0.0004267699455522618,0.0,0.0,-10.200328039563258
298,1,0.0,0.0,-0.01012885290736802,0.0,-0.37122061433412623
298,2,0.0,0.0,0.0,0.0,-1.0803801677771088
298,3,0.0,0.0,0.0,0.0,-0.06831745002120382
298,4,0.0,0.0,0.0,0.0,0.0
299,0,0.0,-0.0004267699455522618,0.0,0.0,-10.228109702015734
299,1,0.0,0.0,-0.01012885290736802,0.0,-0.37122061433412623
299,2,0.0,0.0,0.0,0.0,-1.0803801677771088
299,3,0.0,0.0,0.0,0.0,-0.06831745002120382
299,4,0.0,0.0,0.0,0.0,0.0
300,0,0.0,-0.0004267699455522618,0.0,0.0,-10.247437119469915
300,1,0.0,0.0,-0.01012885290736802,0.0,-0.37122061433412623
300,2,0.0,0.0,0.0,0.0,-1.0803801677771088
300,3,0.0,0.0,0.0,0.0,-0.06831745002120382
300,4,0.0,0.0,0.0,0.0,0.0
301,0,0.0,-0.0004267699455522618,0.0,0.0,-10.26736912408065
301,1,0.0,0.0,-0.01012885290736802,0.0,-0.37122061433412623
301,2,0.0,0.0,0.0,0.0,-1.0803801677771088
301,3,0.0,0.0,0.0,0.0,-0.06831745002120382
301,4,0.0,0.0,0.0,0.0,0.0
302,0,0.0,-0.0004267699455522618,0.0,0.0,-10.28541932275737
302,1,0.0,0.0,-0.01012885290736802,0.0,-0.37122061433412623
302,2,0.0,0.0,0.0,0.0,-1.0803801677771088
302,3,0.0,0.0,0.0,0.0,-0.06831745002120382
302,4,0.0,0.0,0.0,0.0,0.0
303,0,0.0,-0.0004267699455522618,0.0,0.0,-10.310548520223925
303,1,0.0,0.0,-0.01012885290736802,0.0,-0.37122061433412623
303,2,0.0,0.0,0.0,0.0,-1.0803801677771088
303,3,0.0,0.0,0.0,0.0,-0.06831745002120382
303,4,0.0,0.0,0.0,0.0,0.0
304,0,0.0,-0.0004267699455522618,0.0,0.0,-10.333723453841895
304,1,0.0,0.0,-0.01012885290736802,0.0,-0.37122061433412623
304,2,0.0,0.0,0.0,0.0,-1.0803801677771088
304,3,0.0,0.0,0.0,0.0,-0.06831745002120382
304,4,0.0,0.0,0.0,0.0,0.0
305,0,0.0,-0.0004267699455522618,0.0,0.0,-10.357195362779786
305,1,0.0,0.0,-0.01012885290736802,0.0,-0.37122061433412623
305,2,0.0,0.0,0.0,0.0,-1.0803801677771088
305,3,0.0,0.0,0.0,0.0,-0.06831745002120382
305,4,0.0,0.0,0.0,0.0,0.0
306,0,0.0,-0.0004267699455522618,0.0,0.0,-10.379049436913236
306,1,0.0,0.0,-0.01012885290736802,0.0,-0.37122061433412623
306,2,0.0,0.0,0.0,0.0,-1.0803801677771088
306,3,0.0,0.0,0.0,0.0,-0.06831745002120382
306,4,0.0,0.0,0.0,0.0,0.0
307,0,0.0,-0.0004267699455522618,0.0,0.0,-10.404216673377839
307,1,0.0,0.0,-0.01012885290736802,0.0,-0.37122061433412623
307,2,0.0,0.0,0.0,0.0,-1.0803801677771088
307,3,0.0,0.0,0.0,0.0,-0.06831745002120382
307,4,0.0,0.0,0.0,0.0,0.0
308,0,0.0,-0.0004267699455522618,0.0,0.0,-10.429288997007996
308,1,0.0,0.0,-0.01012885290736802,0.0,-0.37122061433412623
308,2,0.0,0.0,0.0,0.0,-1.0803801677771088
308,3,0.0,0.0,0.0,0.0,-0.06831745002120382
308,4,0.0,0.0,0.0,0.0,0.0
309,0,0.0,-0.0004267699455522618,0.0,0.0,-10.453550458254036
309,1,0.0,0.0,-0.01012885290736802,0.0,-0.37122061433412623
309,2,0.0,0.0,0.0,0.0,-1.0803801677771088
309,3,0.0,0.0,0.0,0.0,-0.06831745002120382
309,4,0.0,0.0,0.0,0.0,0.0
310,0,0.0,-0.0004267699455522618,0.0,0.0,-10.47928295012172
310,1,0.0,0.0,-0.01012885290736802,0.0,-0.37122061433412623
310,2,0.0,0.0,0.0,0.0,-1.0803801677771088
310,3,0.0,0.0,0.0,0.0,-0.06831745002120382
310,4,0.0,0.0,0.0,0.0,0.0
311,0,0.0,-0.0004267699455522618,0.0,0.0,-10.50184826387853
311,1,0.0,0.0,-0.01012885290736802,0.0,-0.37122061433412623
311,2,0.0,0.0,0.0,0.0,-1.0803801677771088
311,3,0.0,0.0,0.0,0.0,-0.06831745002120382
311,4,0.0,0.0,0.0,0.0,0.0
312,0,0.0,-0.0004267699455522618,0.0,0.0,-10.527158029899581
312,1,0.0,0.0,-0.01012885290736802,0.0,-0.37122061433412623
312,2,0.0,0.0,0.0,0.0,-1.0803801677771088
312,3,0.0,0.0,0.0,0.0,-0.06831745002120382
312,4,0.0,0.0,0.0,0.0,0.0
313,0,0.0,-0.0004267699455522618,0.0,0.0,-10.552854874727418
313,1,0.0,0.0,-0.01012885290736802,0.0,-0.37122061433412623
313,2,0.0,0.0,0.0,0.0,-1.0803801677771088
313,3,0.0,0.0,0.0,0.0,-0.06831745002120382
313,4,0.0,0.0,0.0,0.0,0.0
314,0,0.0,-0.0004267699455522618,0.0,0.0,-10.571204620011654
314,1,0.0,0.0,-0.01012885290736802,0.0,-0.37122061433412623
314,2,0.0,0.0,0.0,0.0,-1.0803801677771088
314,3,0.0,0.0,0.0,0.0,-0.06831745002120382
314,4,0.0,0.0,0.0,0.0,0.0
315,0,0.0,-0.0004267699455522618,0.0,0.0,-10.587192226635029
315,1,0.0,0.0,-0.01012885290736802,0.0,-0.37122061433412623
315,2,0.0,0.0,0.0,0.0,-1.0803801677771088
315,3,0.0,0.0,0.0,0.0,-0.06831745002120382
315,4,0.0,0.0,0.0,0.0,0.0
316,0,0.0,-0.0004267699455522618,0.0,0.0,-10.608103150363254
316,1,0.0,0.0,-0.01012885290736802,0.0,-0.37122061433412623
316,2,0.0,0.0,0.0,0.0,-1.0803801677771088
316,3,0.0,0.0,0.0,0.0,-0.06831745002120382
316,4,0.0,0.0,0.0,0.0,0.0
317,0,0.0,-0.0004267699455522618,0.0,0.0,-10.629920053654248
317,1,0.0,0.0,-0.01012885290736802,0.0,-0.37122061433412623
317,2,0.0,0.0,0.0,0.0,-1.0803801677771088
317,3,0.0,0.0,0.0,0.0,-0.06831745002120382
317,4,0.0,0.0,0.0,0.0,0.0
318,0,0.0,-0.0004267699455522618,0.0,0.0,-10.65433828333496
318,1,0.0,0.0,-0.01012885290736802,0.0,-0.37122061433412623
318,2,0.0,0.0,0.0,0.0,-1.0803801677771088
318,3,0.0,0.0,0.0,0.0,-0.06831745002120382
318,4,0.0,0.0,0.0,0.0,0.0
319,0,0.0,-0.0004267699455522618,0.0,0.0,-10.678267665957545
319,1,0.0,0.0,-0.01012885290736802,0.0,-0.37122061433412623
319,2,0.0,0.0,0.0,0.0,-1.0803801677771088
319,3,0.0,0.0,0.0,0.0,-0.06831745002120382
319,4,0.0,0.0,0.0,0.0,0.0
320,0,0.0,-0.0004267699455522618,0.0,0.0,-10.698981223331502
320,1,0.0,0.0,-0.01012885290736802,0.0,-0.37122061433412623
320,2,0.0,0.0,0.0,0.0,-1.0803801677771088
320,3,0.0,0.0,0.0,0.0,-0.06831745002120382
320,4,0.0,0.0,0.0,0.0,0.0
321,0,0.0,-0.0004267699455522618,0.0,0.0,-10.722786228015803
321,1,0.0,0.0,-0.01012885290736802,0.0,-0.37122061433412623
321,2,0.0,0.0,0.0,0.0,-1.0803801677771088
321,3,0.0,0.0,0.0,0.0,-0.06831745002120382
321,4,0.0,0.0,0.0,0.0,0.0
322,0,0.0,-0.0004267699455522618,0.0,0.0,-10.748834217220757
322,1,0.0,0.0,-0.01012885290736802,0.0,-0.37122061433412623
322,2,0.0,0.0,0.0,0.0,-1.0803801677771088
322,3,0.0,0.0,0.0,0.0,-0.06831745002120382
322,4,0.0,0.0,0.0,0.0,0.0
323,0,0.0,-0.0004267699455522618,0.0,0.0,-10.769385440677226
323,1,0.0,0.0,-0.01012885290736802,0.0,-0.37122061433412623
323,2,0.0,0.0,0.0,0.0,-1.0803801677771088
323,3,0.0,0.0,0.0,0.0,-0.06831745002120382
323,4,0.0,0.0,0.0,0.0,0.0
324,0,0.0,-0.0004267699455522618,0.0,0.0,-10.786884179370539
324,1,0.0,0.0,-0.01012885290736802,0.0,-0.37122061433412623
324,2,0.0,0.0,0.0,0.0,-1.0803801677771088
324,3,0.0,0.0,0.0,0.0,-0.06831745002120382
324,4,0.0,0.0,0.0,0.0,0.0
325,0,0.0,-0.0004267699455522618,0.0,0.0,-10.81309045546833
325,1,0.0,0.0,-0.01012885290736802,0.0,-0.37122061433412623
325,2,0.0,0.0,0.0,0.0,-1.0803801677771088
325,3,0.0,0.0,0.0,0.0,-0.06831745002120382
325,4,0.0,0.0,0.0,0.0,0.0
326,0,0.0,-0.0004267699455522618,0.0,0.0,-10.836915381922338
326,1,0.0,0.0,-0.01012885290736802,0.0,-0.37122061433412623
326,2,0.0,0.0,0.0,0.0,-1.0803801677771088
326,3,0.0,0.0,0.0,0.0,-0.06831745002120382
326,4,0.0,0.0,0.0,0.0,0.0
327,0,0.0,-0.0004267699455522618,0.0,0.0,-10.857071472744643
327,1,0.0,0.0,-0.01012885290736802,0.0,-0.37122061433412623
327,2,0.0,0.0,0.0,0.0,-1.0803801677771088
327,3,0.0,0.0,0.0,0.0,-0.06831745002120382
327,4,0.0,0.0,0.0,0.0,0.0
328,0,0.0,-0.0004267699455522618,0.0,0.0,-10.879062558047647
328,1,0.0,0.0,-0.01012885290736802,0.0,-0.37122061433412623
328,2,0.0,0.0,0.0,0.0,-1.0803801677771088
328,3,0.0,0.0,0.0,0.0,-0.06831745002120382
328,4,0.0,0.0,0.0,0.0,0.0
329,0,0.0,-0.0004267699455522618,0.0,0.0,-10.899889930388518
329,1,0.0,0.0,-0.01012885290736802,0.0,-0.37122061433412623
329,2,0.0,0.0,0.0,0.0,-1.0803801677771088
329,3,0.0,0.0,0.0,0.0,-0.06831745002120382
329,4,0.0,0.0,0.0,0.0,0.0
330,0,0.0,-0.0004267699455522618,0.0,0.0,-10.920579543670284
330,1,0.0,0.0,-0.01012885290736802,0.0,-0.37122061433412623
330,2,0.0,0.0,0.0,0.0,-1.0803801677771088
330,3,0.0,0.0,0.0,0.0,-0.06831745002120382
330,4,0.0,0.0,0.0,0.0,0.0
331,0,0.0,-0.0004267699455522618,0.0,0.0,-10.948004892483391
331,1,0.0,0.0,-0.01012885290736802,0.0,-0.37122061433412623
331,2,0.0,0.0,0.0,0.0,-1.0803801677771088
331,3,0.0,0.0,0.0,0.0,-0.06831745002120382
331,4,0.0,0.0,0.0,0.0,0.0
332,0,0.0,-0.0004267699455522618,0.0,0.0,-10.97158130344659
332,1,0.0,0.0,-0.01012885290736802,0.0,-0.37122061433412623
332,2,0.0,0.0,0.0,0.0,-1.0803801677771088
332,3,0.0,0.0,0.0,0.0,-0.06831745002120382
332,4,0.0,0.0,0.0,0.0,0.0
333,0,0.0,-0.0004267699455522618,0.0,0.0,-10.991508808044975
333,1,0.0,0.0,-0.01012885290736802,0.0,-0.37122061433412623
333,2,0.0,0.0,0.0,0.0,-1.0803801677771088
333,3,0.0,0.0,0.0,0.0,-0.06831745002120382
333,4,0.0,0.0,0.0,0.0,0.0
334,0,0.0,-0.0004267699455522618,0.0,0.0,-11.011716396091115
334,1,0.0,0.0,-0.01012885290736802,0.0,-0.37122061433412623
334,2,0.0,0.0,0.0,0.0,-1.0803801677771088
334,3,0.0,0.0,0.0,0.0,-0.06831745002120382
334,4,0.0,0.0,0.0,0.0,0.0
335,0,0.0,-0.0004267699455522618,0.0,0.0,-11.034779093772153
335,1,0.0,0.0,-0.01012885290736802,0.0,-0.37122061433412623
335,2,0.0,0.0,0.0,0.0,-1.0803801677771088
335,3,0.0,0.0,0.0,0.0,-0.06831745002120382
335,4,0.0,0.0,0.0,0.0,0.0
336,0,0.0,-0.0004267699455522618,0.0,0.0,-11.05490522744604
336,1,0.0,0.0,-0.01012885290736802,0.0,-0.37122061433412623
336,2,0.0,0.0,0.0,0.0,-1.0803801677771088
336,3,0.0,0.0,0.0,0.0,-0.06831745002120382
336,4,0.0,0.0,0.0,0.0,0.0
337,0,0.0,-0.0004267699455522618,0.0,0.0,-11.076451901028095
337,1,0.0,0.0,-0.01012885290736802,0.0,-0.37122061433412623
337,2,0.0,0.0,0.0,0.0,-1.0803801677771088
337,3,0.0,0.0,0.0,0.0,-0.06831745002120382
337,4,0.0,0.0,0.0,0.0,0.0
338,0,0.0,-0.0004267699455522618,0.0,0.0,-11.098227424053752
338,1,0.0,0.0,-0.01012885290736802,0.0,-0.37122061433412623
338,2,0.0,0.0,0.0,0.0,-1.0803801677771088
338,3,0.0,0.0,0.0,0.0,-0.06831745002120382
338,4,0.0,0.0,0.0,0.0,0.0
339,0,0.0,-0.0004267699455522618,0.0,0.0,-11.118192368276869
339,1,0.0,0.0,-0.01012885290736802,0.0,-0.37122061433412623
339,2,0.0,0.0,0.0,0.0,-1.0803801677771088
339,3,0.0,0.0,0.0,0.0,-0.06831745002120382
339,4,0.0,0.0,0.0,0.0,0.0
340,0,0.0,-0.0004267699455522618,0.0,0.0,-11.137755904048863
340,1,0.0,0.0,-0.01012885290736802,0.0,-0.37122061433412623
340,2,0.0,0.0,0.0,0.0,-1.0803801677771088
340,3,0.0,0.0,0.0,0.0,-0.06831745002120382
340,4,0.0,0.0,0.0,0.0,0.0
341,0,0.0,-0.0004267699455522618,0.0,0.0,-11.162738590064386
341,1,0.0,0.0,-0.01012885290736802,0.0,-0.37122061433412623
341,2,0.0,0.0,0.0,0.0,-1.0803801677771088
341,3,0.0,0.0,0.0,0.0,-0.06831745002120382
341,4,0.0,0.0,0.0,0.0,0.0
342,0,0.0,-0.0004267699455522618,0.0,0.0,-11.183080563712428
342,1,0.0,0.0,-0.01012885290736802,0.0,-0.37122061433412623
342,2,0.0,0.0,0.0,0.0,-1.0803801677771088
342,3,0.0,0.0,0.0,0.0,-0.06831745002120382
342,4,0.0,0.0,0.0,0.0,0.0
343,0,0.0,-0.0004267699455522618,0.0,0.0,-11.206171951674436
343,1,0.0,0.0,-0.01012885290736802,0.0,-0.37122061433412623
343,2,0.0,0.0,0.0,0.0,-1.0803801677771088
343,3,0.0,0.0,0.0,0.0,-0.06831745002120382
343,4,0.0,0.0,0.0,0.0,0.0
344,0,0.0,-0.0004267699455522618,0.0,0.0,-11.223422727028316
344,1,0.0,0.0,-0.01012885290736802,0.0,-0.37122061433412623
344,2,0.0,0.0,0.0,0.0,-1.0803801677771088
344,3,0.0,0.0,0.0,0.0,-0.06831745002120382
344,4,0.0,0.0,0.0,0.0,0.0
345,0,0.0,-0.0004267699455522618,0.0,0.0,-11.241559451850376
345,1,0.0,0.0,-0.01012885290736802,0.0,-0.37122061433412623
345,2,0.0,0.0,0.0,0.0,-1.0803801677771088
345,3,0.0,0.0,0.0,0.0,-0.06831745002120382
345,4,0.0,0.0,0.0,0.0,0.0
346,0,0.0,-0.0004267699455522618,0.0,0.0,-11.266975321765889
346,1,0.0,0.0,-0.01012885290736802,0.0,-0.37122061433412623
346,2,0.0,0.0,0.0,0.0,-1.0803801677771088
346,3,0.0,0.0,0.0,0.0,-0.06831745002120382
346,4,0.0,0.0,0.0,0.0,0.0
347,0,0.0,-0.0004267699455522618,0.0,0.0,-11.286372638025352
347,1,0.0,0.0,-0.01012885290736802,0.0,-0.37122061433412623
347,2,0.0,0.0,0.0,0.0,-1.0803801677771088
347,3,0.0,0.0,0.0,0.0,-0.06831745002120382
347,4,0.0,0.0,0.0,0.0,0.0
348,0,0.0,-0.0004267699455522618,0.0,0.0,-11.305413251771991
348,1,0.0,0.0,-0.01012885290736802,0.0,-0.37122061433412623
348,2,0.0,0.0,0.0,0.0,-1.0803801677771088
348,3,0.0,0.0,0.0,0.0,-0.06831745002120382
348,4,0.0,0.0,0.0,0.0,0.0
349,0,0.0,-0.0004267699455522618,0.0,0.0,-11.32233041910486
349,1,0.0,0.0,-0.01012885290736802,0.0,-0.37122061433412623
349,2,0.0,0.0,0.0,0.0,-1.0803801677771088
349,3,0.0,0.0,0.0,0.0,-0.06831745002120382
349,4,0.0,0.0,0.0,0.0,0.0
350,0,0.0,-0.0004267699455522618,0.0,0.0,-11.341084564313407
350,1,0.0,0.0,-0.01012885290736802,0.0,-0.37122061433412623
350,2,0.0,0.0,0.0,0.0,-1.0803801677771088
350,3,0.0,0.0,0.0,0.0,-0.06831745002120382
350,4,0.0,0.0,0.0,0.0,0.0
351,0,0.0,-0.0004267699455522618,0.0,0.0,-11.36589816018454
351,1,0.0,0.0,-0.01012885290736802,0.0,-0.37122061433412623
351,2,0.0,0.0,0.0,0.0,-1.0803801677771088
351,3,0.0,0.0,0.0,0.0,-0.06831745002120382
351,4,0.0,0.0,0.0,0.0,0.0
352,0,0.0,-0.0004267699455522618,0.0,0.0,-11.387396604032345
352,1,0.0,0.0,-0.01012885290736802,0.0,-0.37122061433412623
352,2,0.0,0.0,0.0,0.0,-1.0803801677771088
352,3,0.0,0.0,0.0,0.0,-0.06831745002120382
352,4,0.0,0.0,0.0,0.0,0.0
353,0,0.0,-0.0004267699455522618,0.0,0.0,-11.40957702071555
353,1,0.0,0.0,-0.01012885290736802,0.0,-0.37122061433412623
353,2,0.0,0.0,0.0,0.0,-1.0803801677771088
353,3,0.0,0.0,0.0,0.0,-0.06831745002120382
353,4,0.0,0.0,0.0,0.0,0.0
354,0,0.0,-0.0004267699455522618,0.0,0.0,-11.432005054340852
354,1,0.0,0.0,-0.01012885290736802,0.0,-0.37122061433412623
354,2,0.0,0.0,0.0,0.0,-1.0803801677771088
354,3,0.0,0.0,0.0,0.0,-0.06831745002120382
354,4,0.0,0.0,0.0,0.0,0.0
355,0,0.0,-0.0006553251519594732,0.0,0.0,-11.432005054340852
355,1,0.0,0.0,-0.01012885290736802,0.0,-0.420018326891648
355,2,0.0,0.0,0.0,0.0,-1.0803801677771088
355,3,0.0,0.0,0.0,0.0,-0.06831745002120382
355,4,0.0,0.0,0.0,0.0,0.0
356,0,0.0,-0.0006553251519594732,0.0,0.0,-11.452303828467892
356,1,0.0,0.0,-0.01012885290736802,0.0,-0.420018326891648
356,2,0.0,0.0,0.0,0.0,-1.0803801677771088
356,3,0.0,0.0,0.0,0.0,-0.06831745002120382
356,4,0.0,0.0,0.0,0.0,0.0
357,0,0.0,-0.0006553251519594732,0.0,0.0,-11.472729608097227
357,1,0.0,0.0,-0.01012885290736802,0.0,-0.420018326891648
357,2,0.0,0.0,0.0,0.0,-1.0803801677771088
357,3,0.0,0.0,0.0,0.0,-0.06831745002120382
357,4,0.0,0.0,0.0,0.0,0.0
358,0,0.0,-0.0006553251519594732,0.0,0.0,-11.49383764432551
358,1,0.0,0.0,-0.01012885290736802,0.0,-0.420018326891648
358,2,0.0,0.0,0.0,0.0,-1.0803801677771088
358,3,0.0,0.0,0.0,0.0,-0.06831745002120382
358,4,0.0,0.0,0.0,0.0,0.0
359,0,0.0,-0.0006553251519594732,0.0,0.0,-11.51412698449591
359,1,0.0,0.0,-0.01012885290736802,0.0,-0.420018326891648
359,2,0.0,0.0,0.0,0.0,-1.0803801677771088
359,3,0.0,0.0,0.0,0.0,-0.06831745002120382
359,4,0.0,0.0,0.0,0.0,0.0
360,0,0.0,-0.0006553251519594732,0.0,0.0,-11.533635111521816
360,1,0.0,0.0,-0.01012885290736802,0.0,-0.420018326891648
360,2,0.0,0.0,0.0,0.0,-1.0803801677771088
360,3,0.0,0.0,0.0,0.0,-0.06831745002120382
360,4,0.0,0.0,0.0,0.0,0.0
361,0,0.0,-0.0006553251519594732,0.0,0.0,-11.553400743579108
361,1,0.0,0.0,-0.01012885290736802,0.0,-0.420018326891648
361,2,0.0,0.0,0.0,0.0,-1.0803801677771088
361,3,0.0,0.0,0.0,0.0,-0.06831745002120382
361,4,0.0,0.0,0.0,0.0,0.0
362,0,0.0,-0.0006553251519594732,0.0,0.0,-11.575444260426371
362,1,0.0,0.0,-0.01012885290736802,0.0,-0.420018326891648
362,2,0.0,0.0,0.0,0.0,-1.0803801677771088
362,3,0.0,0.0,0.0,0.0,-0.06831745002120382
362,4,0.0,0.0,0.0,0.0,0.0
363,0,0.0,-0.0006553251519594732,0.0,0.0,-11.594724152316008
363,1,0.0,0.0,-0.01012885290736802,0.0,-0.420018326891648
363,2,0.0,0.0,0.0,0.0,-1.0803801677771088
363,3,0.0,0.0,0.0,0.0,-0.06831745002120382
363,4,0.0,0.0,0.0,0.0,0.0
364,0,0.0,-0.0006553251519594732,0.0,0.0,-11.617420001470604
364,1,0.0,0.0,-0.01012885290736802,0.0,-0.420018326891648
364,2,0.0,0.0,0.0,0.0,-1.0803801677771088
364,3,0.0,0.0,0.0,0.0,-0.06831745002120382
364,4,0.0,0.0,0.0,0.0,0.0
365,0,0.0,-0.0006553251519594732,0.0,0.0,-11.63840419000754
365,1,0.0,0.0,-0.01012885290736802,0.0,-0.420018326891648
365,2,0.0,0.0,0.0,0.0,-1.0803801677771088
365,3,0.0,0.0,0.0,0.0,-0.06831745002120382
365,4,0.0,0.0,0.0,0.0,0.0
366,0,0.0,-0.0006553251519594732,0.0,0.0,-11.660005472440384
366,1,0.0,0.0,-0.01012885290736802,0.0,-0.420018326891648
366,2,0.0,0.0,0.0,0.0,-1.0803801677771088
366,3,0.0,0.0,0.0,0.0,-0.06831745002120382
366,4,0.0,0.0,0.0,0.0,0.0
367,0,0.0,-0.0006553251519594732,0.0,0.0,-11.677174428787442
367,1,0.0,0.0,-0.01012885290736802,0.0,-0.420018326891648
367,2,0.0,0.0,0.0,0.0,-1.0803801677771088
367,3,0.0,0.0,0.0,0.0,-0.06831745002120382
367,4,0.0,0.0,0.0,0.0,0.0
368,0,0.0,-0.0006553251519594732,0.0,0.0,-11.696206918510589
368,1,0.0,0.0,-0.01012885290736802,0.0,-0.420018326891648
368,2,0.0,0.0,0.0,0.0,-1.0803801677771088
368,3,0.0,0.0,0.0,0.0,-0.06831745002120382
368,4,0.0,0.0,0.0,0.0,0.0
369,0,0.0,-0.0006553251519594732,0.0,0.0,-11.721900579507503
369,1,0.0,0.0,-0.01012885290736802,0.0,-0.420018326891648
369,2,0.0,0.0,0.0,0.0,-1.0803801677771088
369,3,0.0,0.0,0.0,0.0,-0.06831745002120382
369,4,0.0,0.0,0.0,0.0,0.0
370,0,0.0,-0.0006553251519594732,0.0,0.0,-11.745418144053676
370,1,0.0,0.0,-0.01012885290736802,0.0,-0.420018326891648
370,2,0.0,0.0,0.0,0.0,-1.0803801677771088
370,3,0.0,0.0,0.0,0.0,-0.06831745002120382
370,4,0.0,0.0,0.0,0.0,0.0
371,0,0.0,-0.0006553251519594732,0.0,0.0,-11.769590327813304
371,1,0.0,0.0,-0.01012885290736802,0.0,-0.420018326891648
371,2,0.0,0.0,0.0,0.0,-1.0803801677771088
371,3,0.0,0.0,0.0,0.0,-0.06831745002120382
371,4,0.0,0.0,0.0,0.0,0.0
372,0,0.0,-0.0006553251519594732,0.0,0.0,-11.790809423214837
372,1,0.0,0.0,-0.01012885290736802,0.0,-0.420018326891648
372,2,0.0,0.0,0.0,0.0,-1.0803801677771088
372,3,0.0,0.0,0.0,0.0,-0.06831745002120382
372,4,0.0,0.0,0.0,0.0,0.0
373,0,0.0,-0.0006553251519594732,0.0,0.0,-11.812621189538158
373,1,0.0,0.0,-0.01012885290736802,0.0,-0.420018326891648
373,2,0.0,0.0,0.0,0.0,-1.0803801677771088
373,3,0.0,0.0,0.0,0.0,-0.06831745002120382
373,4,0.0,0.0,0.0,0.0,0.0
374,0,0.0,-0.0006553251519594732,0.0,0.0,-11.835913262826384
374,1,0.0,0.0,-0.01012885290736802,0.0,-0.420018326891648
374,2,0.0,0.0,0.0,0.0,-1.0803801677771088
374,3,0.0,0.0,0.0,0.0,-0.06831745002120382
374,4,0.0,0.0,0.0,0.0,0.0
375,0,0.0,-0.0006553251519594732,0.0,0.0,-11.857418929795532
375,1,0.0,0.0,-0.01012885290736802,0.0,-0.420018326891648
375,2,0.0,0.0,0.0,0.0,-1.0803801677771088
375,3,0.0,0.0,0.0,0.0,-0.06831745002120382
375,4,0.0,0.0,0.0,0.0,0.0
376,0,0.0,-0.0006553251519594732,0.0,0.0,-11.87695016418159
376,1,0.0,0.0,-0.01012885290736802,0.0,-0.420018326891648
376,2,0.0,0.0,0.0,0.0,-1.0803801677771088
376,3,0.0,0.0,0.0,0.0,-0.06831745002120382
376,4,0.0,0.0,0.0,0.0,0.0
377,0,0.0,-0.0006553251519594732,0.0,0.0,-11.895582907411935
377,1,0.0,0.0,-0.01012885290736802,0.0,-0.420018326891648
377,2,0.0,0.0,0.0,0.0,-1.0803801677771088
377,3,0.0,0.0,0.0,0.0,-0.06831745002120382
377,4,0.0,0.0,0.0,0.0,0.0
378,0,0.0,-0.0006553251519594732,0.0,0.0,-11.9156544322103
378,1,0.0,0.0,-0.01012885290736802,0.0,-0.420018326891648
378,2,0.0,0.0,0.0,0.0,-1.0803801677771088
378,3,0.0,0.0,0.0,0.0,-0.06831745002120382
378,4,0.0,0.0,0.0,0.0,0.0
379,0,0.0,-0.0006553251519594732,0.0,0.0,-11.935513284709454
379,1,0.0,0.0,-0.01012885290736802,0.0,-0.420018326891648
379,2,0.0,0.0,0.0,0.0,-1.0803801677771088
379,3,0.0,0.0,0.0,0.0,-0.06831745002120382
379,4,0.0,0.0,0.0,0.0,0.0
380,0,0.0,-0.0006553251519594732,0.0,0.0,-11.951991593865259
380,1,0.0,0.0,-0.01012885290736802,0.0,-0.420018326891648
380,2,0.0,0.0,0.0,0.0,-1.0803801677771088
380,3,0.0,0.0,0.0,0.0,-0.06831745002120382
380,4,0.0,0.0,0.0,0.0,0.0
381,0,0.0,-0.0006553251519594732,0.0,0.0,-11.972655981130506
381,1,0.0,0.0,-0.01012885290736802,0.0,-0.420018326891648
381,2,0.0,0.0,0.0,0.0,-1.0803801677771088
381,3,0.0,0.0,0.0,0.0,-0.06831745002120382
381,4,0.0,0.0,0.0,0.0,0.0
382,0,0.0,-0.0006553251519594732,0.0,0.0,-11.9913830937655
382,1,0.0,0.0,-0.01012885290736802,0.0,-0.420018326891648
382,2,0.0,0.0,0.0,0.0,-1.0803801677771088
382,3,0.0,0.0,0.0,0.0,-0.06831745002120382
382,4,0.0,0.0,0.0,0.0,0.0
383,0,0.0,-0.0006553251519594732,0.0,0.0,-12.009019249335257
383,1,0.0,0.0,-0.01012885290736802,0.0,-0.420018326891648
383,2,0.0,0.0,0.0,0.0,-1.0803801677771088
383,3,0.0,0.0,0.0,0.0,-0.06831745002120382
383,4,0.0,0.0,0.0,0.0,0.0
384,0,0.0,-0.0006553251519594732,0.0,0.0,-12.028779017201822
384,1,0.0,0.0,-0.01012885290736802,0.0,-0.420018326891648
384,2,0.0,0.0,0.0,0.0,-1.0803801677771088
384,3,0.0,0.0,0.0,0.0,-0.06831745002120382
384,4,0.0,0.0,0.0,0.0,0.0
385,0,0.0,-0.0006553251519594732,0.0,0.0,-12.046226765761965
385,1,0.0,0.0,-0.01012885290736802,0.0,-0.420018326891648
385,2,0.0,0.0,0.0,0.0,-1.0803801677771088
385,3,0.0,0.0,0.0,0.0,-0.06831745002120382
385,4,0.0,0.0,0.0,0.0,0.0
386,0,0.0,-0.0006553251519594732,0.0,0.0,-12.063581782859174
386,1,0.0,0.0,-0.01012885290736802,0.0,-0.420018326891648
386,2,0.0,0.0,0.0,0.0,-1.0803801677771088
386,3,0.0,0.0,0.0,0.0,-0.06831745002120382
386,4,0.0,0.0,0.0,0.0,0.0
387,0,0.0,-0.0006553251519594732,0.0,0.0,-12.080945017622428
387,1,0.0,0.0,-0.01012885290736802,0.0,-0.420018326891648
387,2,0.0,0.0,0.0,0.0,-1.0803801677771088
387,3,0.0,0.0,0.0,0.0,-0.06831745002120382
387,4,0.0,0.0,0.0,0.0,0.0
388,0,0.0,-0.0006553251519594732,0.0,0.0,-12.101904943623548
388,1,0.0,0.0,-0.01012885290736802,0.0,-0.420018326891648
388,2,0.0,0.0,0.0,0.0,-1.0803801677771088
388,3,0.0,0.0,0.0,0.0,-0.06831745002120382
388,4,0.0,0.0,0.0,0.0,0.0
389,0,0.0,-0.0006553251519594732,0.0,0.0,-12.121781064730733
389,1,0.0,0.0,-0.01012885290736802,0.0,-0.420018326891648
389,2,0.0,0.0,0.0,0.0,-1.0803801677771088
389,3,0.0,0.0,0.0,0.0,-0.06831745002120382
389,4,0.0,0.0,0.0,0.0,0.0
390,0,0.0,-0.0006553251519594732,0.0,0.0,-12.141940017960646
390,1,0.0,0.0,-0.01012885290736802,0.0,-0.420018326891648
390,2,0.0,0.0,0.0,0.0,-1.0803801677771088
390,3,0.0,0.0,0.0,0.0,-0.06831745002120382
390,4,0.0,0.0,0.0,0.0,0.0
391,0,0.0,-0.0006553251519594732,0.0,0.0,-12.160560468972735
391,1,0.0,0.0,-0.01012885290736802,0.0,-0.420018326891648
391,2,0.0,0.0,0.0,0.0,-1.0803801677771088
391,3,0.0,0.0,0.0,0.0,-0.06831745002120382
391,4,0.0,0.0,0.0,0.0,0.0
392,0,0.0,-0.0006553251519594732,0.0,0.0,-12.178682019496243
392,1,0.0,0.0,-0.01012885290736802,0.0,-0.420018326891648
392,2,0.0,0.0,0.0,0.0,-1.0803801677771088
392,3,0.0,0.0,0.0,0.0,-0.06831745002120382
392,4,0.0,0.0,0.0,0.0,0.0
393,0,0.0,-0.0006553251519594732,0.0,0.0,-12.193452074626451
393,1,0.0,0.0,-0.01012885290736802,0.0,-0.420018326891648
393,2,0.0,0.0,0.0,0.0,-1.0803801677771088
393,3,0.0,0.0,0.0,0.0,-0.06831745002120382
393,4,0.0,0.0,0.0,0.0,0.0
394,0,0.0,-0.0006553251519594732,0.0,0.0,-12.212891930579866
394,1,0.0,0.0,-0.01012885290736802,0.0,-0.420018326891648
394,2,0.0,0.0,0.0,0.0,-1.0803801677771088
394,3,0.0,0.0,0.0,0.0,-0.06831745002120382
394,4,0.0,0.0,0.0,0.0,0.0
395,0,0.0,-0.0006553251519594732,0.0,0.0,-12.227031082656069
395,1,0.0,0.0,-0.01012885290736802,0.0,-0.420018326891648
395,2,0.0,0.0,0.0,0.0,-1.0803801677771088
395,3,0.0,0.0,0.0,0.0,-0.06831745002120382
395,4,0.0,0.0,0.0,0.0,0.0
396,0,0.0,-0.0006553251519594732,0.0,0.0,-12.24237605654736
396,1,0.0,0.0,-0.01012885290736802,0.0,-0.420018326891648
396,2,0.0,0.0,0.0,0.0,-1.0803801677771088
396,3,0.0,0.0,0.0,0.0,-0.06831745002120382
396,4,0.0,0.0,0.0,0.0,0.0
397,0,0.0,-0.0006553251519594732,0.0,0.0,-12.25947862345351
397,1,0.0,0.0,-0.01012885290736802,0.0,-0.420018326891648
397,2,0.0,0.0,0.0,0.0,-1.0803801677771088
397,3,0.0,0.0,0.0,0.0,-0.06831745002120382
397,4,0.0,0.0,0.0,0.0,0.0
398,0,0.0,-0.0006553251519594732,0.0,0.0,-12.278770385847238
398,1,0.0,0.0,-0.01012885290736802,0.0,-0.420018326891648
398,2,0.0,0.0,0.0,0.0,-1.0803801677771088
398,3,0.0,0.0,0.0,0.0,-0.06831745002120382
398,4,0.0,0.0,0.0,0.0,0.0
399,0,0.0,-0.0006553251519594732,0.0,0.0,-12.2946116053905
399,1,0.0,0.0,-0.01012885290736802,0.0,-0.420018326891648
399,2,0.0,0.0,0.0,0.0,-1.0803801677771088
399,3,0.0,0.0,0.0,0.0,-0.06831745002120382
399,4,0.0,0.0,0.0,0.0,0.0
400,0,0.0,-0.0006553251519594732,0.0,0.0,-12.314734734725315
400,1,0.0,0.0,-0.01012885290736802,0.0,-0.420018326891648
400,2,0.0,0.0,0.0,0.0,-1.0803801677771088
400,3,0.0,0.0,0.0,0.0,-0.06831745002120382
400,4,0.0,0.0,0.0,0.0,0.0
401,0,0.0,-0.0006553251519594732,0.0,0.0,-12.331549527182261
401,1,0.0,0.0,-0.01012885290736802,0.0,-0.420018326891648
401,2,0.0,0.0,0.0,0.0,-1.0803801677771088
401,3,0.0,0.0,0.0,0.0,-0.06831745002120382
401,4,0.0,0.0,0.0,0.0,0.0
402,0,0.0,-0.0006553251519594732,0.0,0.0,-12.349402171485949
402,1,0.0,0.0,-0.01012885290736802,0.0,-0.420018326891648
402,2,0.0,0.0,0.0,0.0,-1.0803801677771088
402,3,0.0,0.0,0.0,0.0,-0.06831745002120382
402,4,0.0,0.0,0.0,0.0,0.0
403,0,0.0,-0.0006553251519594732,0.0,0.0,-12.364514427220131
403,1,0.0,0.0,-0.01012885290736802,0.0,-0.420018326891648
403,2,0.0,0.0,0.0,0.0,-1.0803801677771088
403,3,0.0,0.0,0.0,0.0,-0.06831745002120382
403,4,0.0,0.0,0.0,0.0,0.0
404,0,0.0,-0.0006553251519594732,0.0,0.0,-12.387000267399946
404,1,0.0,0.0,-0.01012885290736802,0.0,-0.420018326891648
404,2,0.0,0.0,0.0,0.0,-1.0803801677771088
404,3,0.0,0.0,0.0,0.0,-0.06831745002120382
404,4,0.0,0.0,0.0,0.0,0.0
405,0,0.0,-0.0006553251519594732,0.0,0.0,-12.404665268727372
405,1,0.0,0.0,-0.01012885290736802,0.0,-0.420018326891648
405,2,0.0,0.0,0.0,0.0,-1.0803801677771088
405,3,0.0,0.0,0.0,0.0,-0.06831745002120382
405,4,0.0,0.0,0.0,0.0,0.0
406,0,0.0,-0.0006553251519594732,0.0,0.0,-12.421222908205364
406,1,0.0,0.0,-0.01012885290736802,0.0,-0.420018326891648
406,2,0.0,0.0,0.0,0.0,-1.0803801677771088
406,3,0.0,0.0,0.0,0.0,-0.06831745002120382
406,4,0.0,0.0,0.0,0.0,0.0
407,0,0.0,-0.0006553251519594732,0.0,0.0,-12.43805090530198
407,1,0.0,0.0,-0.01012885290736802,0.0,-0.420018326891648
407,2,0.0,0.0,0.0,0.0,-1.0803801677771088
407,3,0.0,0.0,0.0,0.0,-0.06831745002120382
407,4,0.0,0.0,0.0,0.0,0.0
408,0,0.0,-0.0006553251519594732,0.0,0.0,-12.457279720845829
408,1,0.0,0.0,-0.01012885290736802,0.0,-0.420018326891648
408,2,0.0,0.0,0.0,0.0,-1.0803801677771088
408,3,0.0,0.0,0.0,0.0,-0.06831745002120382
408,4,0.0,0.0,0.0,0.0,0.0
409,0,0.0,-0.0006553251519594732,0.0,0.0,-12.4746240238317
409,1,0.0,0.0,-0.01012885290736802,0.0,-0.420018326891648
409,2,0.0,0.0,0.0,0.0,-1.0803801677771088
409,3,0.0,0.0,0.0,0.0,-0.06831745002120382
409,4,0.0,0.0,0.0,0.0,0.0
410,0,0.0,-0.0006553251519594732,0.0,0.0,-12.488892667123809
410,1,0.0,0.0,-0.01012885290736802,0.0,-0.420018326891648
410,2,0.0,0.0,0.0,0.0,-1.0803801677771088
410,3,0.0,0.0,0.0,0.0,-0.06831745002120382
410,4,0.0,0.0,0.0,0.0,0.0
411,0,0.0,-0.0006553251519594732,0.0,0.0,-12.509204915252997
411,1,0.0,0.0,-0.01012885290736802,0.0,-0.420018326891648
411,2,0.0,0.0,0.0,0.0,-1.0803801677771088
411,3,0.0,0.0,0.0,0.0,-0.06831745002120382
411,4,0.0,0.0,0.0,0.0,0.0
412,0,0.0,-0.0006553251519594732,0.0,0.0,-12.525135107436347
412,1,0.0,0.0,-0.01012885290736802,0.0,-0.420018326891648
412,2,0.0,0.0,0.0,0.0,-1.0803801677771088
412,3,0.0,0.0,0.0,0.0,-0.06831745002120382
412,4,0.0,0.0,0.0,0.0,0.0
413,0,0.0,-0.0006553251519594732,0.0,0.0,-12.540739752882143
413,1,0.0,0.0,-0.01012885290736802,0.0,-0.420018326891648
413,2,0.0,0.0,0.0,0.0,-1.0803801677771088
413,3,0.0,0.0,0.0,0.0,-0.06831745002120382
413,4,0.0,0.0,0.0,0.0,0.0
414,0,0.0,-0.0006553251519594732,0.0,0.0,-12.558133527326829
414,1,0.0,0.0,-0.01012885290736802,0.0,-0.420018326891648
414,2,0.0,0.0,0.0,0.0,-1.0803801677771088
414,3,0.0,0.0,0.0,0.0,-0.06831745002120382
414,4,0.0,0.0,0.0,0.0,0.0
415,0,0.0,-0.0006553251519594732,0.0,0.0,-12.572949389874989
415,1,0.0,0.0,-0.01012885290736802,0.0,-0.420018326891648
415,2,0.0,0.0,0.0,0.0,-1.0803801677771088
415,3,0.0,0.0,0.0,0.0,-0.06831745002120382
415,4,0.0,0.0,0.0,0.0,0.0
416,0,0.0,-0.0006553251519594732,0.0,0.0,-12.591514781910478
416,1,0.0,0.0,-0.01012885290736802,0.0,-0.420018326891648
416,2,0.0,0.0,0.0,0.0,-1.0803801677771088
416,3,0.0,0.0,0.0,0.0,-0.06831745002120382
416,4,0.0,0.0,0.0,0.0,0.0
417,0,0.0,-0.0006553251519594732,0.0,0.0,-12.60654319945889
417,1,0.0,0.0,-0.01012885290736802,0.0,-0.420018326891648
417,2,0.0,0.0,0.0,0.0,-1.0803801677771088
417,3,0.0,0.0,0.0,0.0,-0.06831745002120382
417,4,0.0,0.0,0.0,0.0,0.0
418,0,0.0,-0.0006553251519594732,0.0,0.0,-12.622865620465696
418,1,0.0,0.0,-0.01012885290736802,0.0,-0.420018326891648
418,2,0.0,0.0,0.0,0.0,-1.0803801677771088
418,3,0.0,0.0,0.0,0.0,-0.06831745002120382
418,4,0.0,0.0,0.0,0.0,0.0
419,0,0.0,-0.0006553251519594732,0.0,0.0,-12.642262948475272
419,1,0.0,0.0,-0.01012885290736802,0.0,-0.420018326891648
419,2,0.0,0.0,0.0,0.0,-1.0803801677771088
419,3,0.0,0.0,0.0,0.0,-0.06831745002120382
419,4,0.0,0.0,0.0,0.0,0.0
420,0,0.0,-0.0006553251519594732,0.0,0.0,-12.656783971868013
420,1,0.0,0.0,-0.01012885290736802,0.0,-0.420018326891648
420,2,0.0,0.0,0.0,0.0,-1.0803801677771088
420,3,0.0,0.0,0.0,0.0,-0.06831745002120382
420,4,0.0,0.0,0.0,0.0,0.0
421,0,0.0,-0.0006553251519594732,0.0,0.0,-12.674245124092838
421,1,0.0,0.0,-0.01012885290736802,0.0,-0.420018326891648
421,2,0.0,0.0,0.0,0.0,-1.0803801677771088
421,3,0.0,0.0,0.0,0.0,-0.06831745002120382
421,4,0.0,0.0,0.0,0.0,0.0
422,0,0.0,-0.0006553251519594732,0.0,0.0,-12.689358991187941
422,1,0.0,0.0,-0.01012885290736802,0.0,-0.420018326891648
422,2,0.0,0.0,0.0,0.0,-1.0803801677771088
422,3,0.0,0.0,0.0,0.0,-0.06831745002120382
422,4,0.0,0.0,0.0,0.0,0.0
423,0,0.0,-0.0006553251519594732,0.0,0.0,-12.70882460452003
423,1,0.0,0.0,-0.01012885290736802,0.0,-0.420018326891648
423,2,0.0,0.0,0.0,0.0,-1.0803801677771088
423,3,0.0,0.0,0.0,0.0,-0.06831745002120382
423,4,0.0,0.0,0.0,0.0,0.0
424,0,0.0,-0.0006553251519594732,0.0,0.0,-12.725040376643832
424,1,0.0,0.0,-0.01012885290736802,0.0,-0.420018326891648
424,2,0.0,0.0,0.0,0.0,-1.0803801677771088
424,3,0.0,0.0,0.0,0.0,-0.06831745002120382
424,4,0.0,0.0,0.0,0.0,0.0
425,0,0.0,-0.0006553251519594732,0.0,0.0,-12.741803894977913
425,1,0.0,0.0,-0.01012885290736802,0.0,-0.420018326891648
425,2,0.0,0.0,0.0,0.0,-1.0803801677771088
425,3,0.0,0.0,0.0,0.0,-0.06831745002120382
425,4,0.0,0.0,0.0,0.0,0.0
426,0,0.0,-0.0006553251519594732,0.0,0.0,-12.76083938010047
426,1,0.0,0.0,-0.01012885290736802,0.0,-0.420018326891648
426,2,0.0,0.0,0.0,0.0,-1.0803801677771088
426,3,0.0,0.0,0.0,0.0,-0.06831745002120382
426,4,0.0,0.0,0.0,0.0,0.0
427,0,0.0,-0.0006553251519594732,0.0,0.0,-12.780067965459127
427,1,0.0,0.0,-0.01012885290736802,0.0,-0.420018326891648
427,2,0.0,0.0,0.0,0.0,-1.0803801677771088
427,3,0.0,0.0,0.0,0.0,-0.06831745002120382
427,4,0.0,0.0,0.0,0.0,0.0
428,0,0.0,-0.0006553251519594732,0.0,0.0,-12.796032728938293
428,1,0.0,0.0,-0.01012885290736802,0.0,-0.420018326891648
428,2,0.0,0.0,0.0,0.0,-1.0803801677771088
428,3,0.0,0.0,0.0,0.0,-0.06831745002120382
428,4,0.0,0.0,0.0,0.0,0.0
429,0,0.0,-0.0006553251519594732,0.0,0.0,-12.816191292266135
429,1,0.0,0.0,-0.01012885290736802,0.0,-0.420018326891648
429,2,0.0,0.0,0.0,0.0,-1.0803801677771088
429,3,0.0,0.0,0.0,0.0,-0.06831745002120382
429,4,0.0,0.0,0.0,0.0,0.0
430,0,0.0,-0.0006553251519594732,0.0,0.0,-12.834121778206418
430,1,0.0,0.0,-0.01012885290736802,0.0,-0.420018326891648
430,2,0.0,0.0,0.0,0.0,-1.0803801677771088
430,3,0.0,0.0,0.0,0.0,-0.06831745002120382
430,4,0.0,0.0,0.0,0.0,0.0
431,0,0.0,-0.0006553251519594732,0.0,0.0,-12.84872397767308
431,1,0.0,0.0,-0.01012885290736802,0.0,-0.420018326891648
431,2,0.0,0.0,0.0,0.0,-1.0803801677771088
431,3,0.0,0.0,0.0,0.0,-0.06831745002120382
431,4,0.0,0.0,0.0,0.0,0.0
432,0,0.0,-0.0006553251519594732,0.0,0.0,-12.866121465302818
432,1,0.0,0.0,-0.01012885290736802,0.0,-0.420018326891648
432,2,0.0,0.0,0.0,0.0,-1.0803801677771088
432,3,0.0,0.0,0.0,0.0,-0.06831745002120382
432,4,0.0,0.0,0.0,0.0,0.0
433,0,0.0,-0.0006553251519594732,0.0,0.0,-12.880759177883654
433,1,0.0,0.0,-0.01012885290736802,0.0,-0.420018326891648
433,2,0.0,0.0,0.0,0.0,-1.0803801677771088
433,3,0.0,0.0,0.0,0.0,-0.06831745002120382
433,4,0.0,0.0,0.0,0.0,0.0
434,0,0.0,-0.0006553251519594732,0.0,0.0,-12.896457184880234
434,1,0.0,0.0,-0.01012885290736802,0.0,-0.420018326891648
434,2,0.0,0.0,0.0,0.0,-1.0803801677771088
434,3,0.0,0.0,0.0,0.0,-0.06831745002120382
434,4,0.0,0.0,0.0,0.0,0.0
435,0,0.0,-0.0006553251519594732,0.0,0.0,-12.911198664649929
435,1,0.0,0.0,-0.01012885290736802,0.0,-0.420018326891648
435,2,0.0,0.0,0.0,0.0,-1.0803801677771088
435,3,0.0,0.0,0.0,0.0,-0.06831745002120382
435,4,0.0,0.0,0.0,0.0,0.0
436,0,0.0,-0.0006553251519594732,0.0,0.0,-12.927362427171634
436,1,0.0,0.0,-0.01012885290736802,0.0,-0.420018326891648
436,2,0.0,0.0,0.0,0.0,-1.0803801677771088
436,3,0.0,0.0,0.0,0.0,-0.06831745002120382
436,4,0.0,0.0,0.0,0.0,0.0
437,0,0.0,-0.0006553251519594732,0.0,0.0,-12.94568098892239
437,1,0.0,0.0,-0.01012885290736802,0.0,-0.420018326891648
437,2,0.0,0.0,0.0,0.0,-1.0803801677771088
437,3,0.0,0.0,0.0,0.0,-0.06831745002120382
437,4,0.0,0.0,0.0,0.0,0.0
438,0,0.0,-0.0006553251519594732,0.0,0.0,-12.959468896259828
438,1,0.0,0.0,-0.01012885290736802,0.0,-0.420018326891648
438,2,0.0,0.0,0.0,0.0,-1.0803801677771088
438,3,0.0,0.0,0.0,0.0,-0.06831745002120382
438,4,0.0,0.0,0.0,0.0,0.0
439,0,0.0,-0.0006553251519594732,0.0,0.0,-12.974077316790277
439,1,0.0,0.0,-0.01012885290736802,0.0,-0.420018326891648
439,2,0.0,0.0,0.0,0.0,-1.0803801677771088
439,3,0.0,0.0,0.0,0.0,-0.06831745002120382
439,4,0.0,0.0,0.0,0.0,0.0
440,0,0.0,-0.0006553251519594732,0.0,0.0,-12.988593142619564
440,1,0.0,0.0,-0.01012885290736802,0.0,-0.420018326891648
440,2,0.0,0.0,0.0,0.0,-1.0803801677771088
440,3,0.0,0.0,0.0,0.0,-0.06831745002120382
440,4,0.0,0.0,0.0,0.0,0.0
441,0,0.0,-0.0006553251519594732,0.0,0.0,-13.002275699004416
441,1,0.0,0.0,-0.01012885290736802,0.0,-0.420018326891648
441,2,0.0,0.0,0.0,0.0,-1.0803801677771088
441,3,0.0,0.0,0.0,0.0,-0.06831745002120382
441,4,0.0,0.0,0.0,0.0,0.0
442,0,0.0,-0.0006553251519594732,0.0,0.0,-13.017697622686997
442,1,0.0,0.0,-0.01012885290736802,0.0,-0.420018326891648
442,2,0.0,0.0,0.0,0.0,-1.0803801677771088
442,3,0.0,0.0,0.0,0.0,-0.06831745002120382
442,4,0.0,0.0,0.0,0.0,0.0
443,0,0.0,-0.0006553251519594732,0.0,0.0,-13.03767868194138
443,1,0.0,0.0,-0.01012885290736802,0.0,-0.420018326891648
443,2,0.0,0.0,0.0,0.0,-1.0803801677771088
443,3,0.0,0.0,0.0,0.0,-0.06831745002120382
443,4,0.0,0.0,0.0,0.0,0.0
444,0,0.0,-0.0006553251519594732,0.0,0.0,-13.054209468228235
444,1,0.0,0.0,-0.01012885290736802,0.0,-0.420018326891648
444,2,0.0,0.0,0.0,0.0,-1.0803801677771088
444,3,0.0,0.0,0.0,0.0,-0.06831745002120382
444,4,0.0,0.0,0.0,0.0,0.0
445,0,0.0,-0.0006553251519594732,0.0,0.0,-13.06992923366132
445,1,0.0,0.0,-0.01012885290736802,0.0,-0.420018326891648
445,2,0.0,0.0,0.0,0.0,-1.0803801677771088
445,3,0.0,0.0,0.0,0.0,-0.06831745002120382
445,4,0.0,0.0,0.0,0.0,0.0
446,0,0.0,-0.0006553251519594732,0.0,0.0,-13.082912969484646
446,1,0.0,0.0,-0.01012885290736802,0.0,-0.420018326891648
446,2,0.0,0.0,0.0,0.0,-1.0803801677771088
446,3,0.0,0.0,0.0,0.0,-0.06831745002120382
446,4,0.0,0.0,0.0,0.0,0.0
447,0,0.0,-0.0006553251519594732,0.0,0.0,-13.101171206159288
447,1,0.0,0.0,-0.01012885290736802,0.0,-0.420018326891648
447,2,0.0,0.0,0.0,0.0,-1.0803801677771088
447,3,0.0,0.0,0.0,0.0,-0.06831745002120382
447,4,0.0,0.0,0.0,0.0,0.0
448,0,0.0,-0.0006553251519594732,0.0,0.0,-13.117661229368915
448,1,0.0,0.0,-0.01012885290736802,0.0,-0.420018326891648
448,2,0.0,0.0,0.0,0.0,-1.0803801677771088
448,3,0.0,0.0,0.0,0.0,-0.06831745002120382
448,4,0.0,0.0,0.0,0.0,0.0
449,0,0.0,-0.0006553251519594732,0.0,0.0,-13.13827261820651
449,1,0.0,0.0,-0.01012885290736802,0.0,-0.420018326891648
449,2,0.0,0.0,0.0,0.0,-1.0803801677771088
449,3,0.0,0.0,0.0,0.0,-0.06831745002120382
449,4,0.0,0.0,0.0,0.0,0.0
450,0,0.0,-0.0006553251519594732,0.0,0.0,-13.150867502162281
450,1,0.0,0.0,-0.01012885290736802,0.0,-0.420018326891648
450,2,0.0,0.0,0.0,0.0,-1.0803801677771088
450,3,0.0,0.0,0.0,0.0,-0.06831745002120382
450,4,0.0,0.0,0.0,0.0,0.0
451,0,0.0,-0.0006553251519594732,0.0,0.0,-13.164304584204325
451,1,0.0,0.0,-0.01012885290736802,0.0,-0.420018326891648
451,2,0.0,0.0,0.0,0.0,-1.0803801677771088
451,3,0.0,0.0,0.0,0.0,-0.06831745002120382
451,4,0.0,0.0,0.0,0.0,0.0
452,0,0.0,-0.0006553251519594732,0.0,0.0,-13.17381716444056
452,1,0.0,0.0,-0.01012885290736802,0.0,-0.420018326891648
452,2,0.0,0.0,0.0,0.0,-1.0803801677771088
452,3,0.0,0.0,0.0,0.0,-0.06831745002120382
452,4,0.0,0.0,0.0,0.0,0.0
453,0,0.0,-0.0006553251519594732,0.0,0.0,-13.185212761035865
453,1,0.0,0.0,-0.01012885290736802,0.0,-0.420018326891648
453,2,0.0,0.0,0.0,0.0,-1.0803801677771088
453,3,0.0,0.0,0.0,0.0,-0.06831745002120382
453,4,0.0,0.0,0.0,0.0,0.0
454,0,0.0,-0.0006553251519594732,0.0,0.0,-13.197074120710118
454,1,0.0,0.0,-0.01012885290736802,0.0,-0.420018326891648
454,2,0.0,0.0,0.0,0.0,-1.0803801677771088
454,3,0.0,0.0,0.0,0.0,-0.06831745002120382
454,4,0.0,0.0,0.0,0.0,0.0
455,0,0.0,-0.0006553251519594732,0.0,0.0,-13.213983791725646
455,1,0.0,0.0,-0.01012885290736802,0.0,-0.420018326891648
455,2,0.0,0.0,0.0,0.0,-1.0803801677771088
455,3,0.0,0.0,0.0,0.0,-0.06831745002120382
455,4,0.0,0.0,0.0,0.0,0.0
456,0,0.0,-0.0006553251519594732,0.0,0.0,-13.228883720125928
456,1,0.0,0.0,-0.01012885290736802,0.0,-0.420018326891648
456,2,0.0,0.0,0.0,0.0,-1.0803801677771088
456,3,0.0,0.0,0.0,0.0,-0.06831745002120382
456,4,0.0,0.0,0.0,0.0,0.0
457,0,0.0,-0.0006553251519594732,0.0,0.0,-13.242876742428347
457,1,0.0,0.0,-0.01012885290736802,0.0,-0.420018326891648
457,2,0.0,0.0,0.0,0.0,-1.0803801677771088
457,3,0.0,0.0,0.0,0.0,-0.06831745002120382
457,4,0.0,0.0,0.0,0.0,0.0
458,0,0.0,-0.0006553251519594732,0.0,0.0,-13.257375772544673
458,1,0.0,0.0,-0.01012885290736802,0.0,-0.420018326891648
458,2,0.0,0.0,0.0,0.0,-1.0803801677771088
458,3,0.0,0.0,0.0,0.0,-0.06831745002120382
458,4,0.0,0.0,0.0,0.0,0.0
459,0,0.0,-0.0006553251519594732,0.0,0.0,-13.27262098495324
459,1,0.0,0.0,-0.01012885290736802,0.0,-0.420018326891648
459,2,0.0,0.0,0.0,0.0,-1.0803801677771088
459,3,0.0,0.0,0.0,0.0,-0.06831745002120382
459,4,0.0,0.0,0.0,0.0,0.0
460,0,0.0,-0.0006553251519594732,0.0,0.0,-13.286214906830246
460,1,0.0,0.0,-0.01012885290736802,0.0,-0.420018326891648
460,2,0.0,0.0,0.0,0.0,-1.0803801677771088
460,3,0.0,0.0,0.0,0.0,-0.06831745002120382
460,4,0.0,0.0,0.0,0.0,0.0
461,0,0.0,-0.0006553251519594732,0.0,0.0,-13.30098396181197
461,1,0.0,0.0,-0.01012885290736802,0.0,-0.420018326891648
461,2,0.0,0.0,0.0,0.0,-1.0803801677771088
461,3,0.0,0.0,0.0,0.0,-0.06831745002120382
461,4,0.0,0.0,0.0,0.0,0.0
462,0,0.0,-0.0006553251519594732,0.0,0.0,-13.315037267654525
462,1,0.0,0.0,-0.01012885290736802,0.0,-0.420018326891648
462,2,0.0,0.0,0.0,0.0,-1.0803801677771088
462,3,0.0,0.0,0.0,0.0,-0.06831745002120382
462,4,0.0,0.0,0.0,0.0,0.0
463,0,0.0,-0.0006553251519594732,0.0,0.0,-13.328125170067489
463,1,0.0,0.0,-0.01012885290736802,0.0,-0.420018326891648
463,2,0.0,0.0,0.0,0.0,-1.0803801677771088
463,3,0.0,0.0,0.0,0.0,-0.06831745002120382
463,4,0.0,0.0,0.0,0.0,0.0
464,0,0.0,-0.0006553251519594732,0.0,0.0,-13.34565381895348
464,1,0.0,0.0,-0.01012885290736802,0.0,-0.420018326891648
464,2,0.0,0.0,0.0,0.0,-1.0803801677771088
464,3,0.0,0.0,0.0,0.0,-0.06831745002120382
464,4,0.0,0.0,0.0,0.0,0.0
465,0,0.0,-0.0006553251519594732,0.0,0.0,-13.356103275564944
465,1,0.0,0.0,-0.01012885290736802,0.0,-0.420018326891648
465,2,0.0,0.0,0.0,0.0,-1.0803801677771088
465,3,0.0,0.0,0.0,0.0,-0.06831745002120382
465,4,0.0,0.0,0.0,0.0,0.0
466,0,0.0,-0.0006553251519594732,0.0,0.0,-13.37184823191103
466,1,0.0,0.0,-0.01012885290736802,0.0,-0.420018326891648
466,2,0.0,0.0,0.0,0.0,-1.0803801677771088
466,3,0.0,0.0,0.0,0.0,-0.06831745002120382
466,4,0.0,0.0,0.0,0.0,0.0
467,0,0.0,-0.0006553251519594732,0.0,0.0,-13.381759971925264
467,1,0.0,0.0,-0.01012885290736802,0.0,-0.420018326891648
467,2,0.0,0.0,0.0,0.0,-1.0803801677771088
467,3,0.0,0.0,0.0,0.0,-0.06831745002120382
467,4,0.0,0.0,0.0,0.0,0.0
468,0,0.0,-0.0006553251519594732,0.0,0.0,-13.395443165187178
468,1,0.0,0.0,-0.01012885290736802,0.0,-0.420018326891648
468,2,0.0,0.0,0.0,0.0,-1.0803801677771088
468,3,0.0,0.0,0.0,0.0,-0.06831745002120382
468,4,0.0,0.0,0.0,0.0,0.0
469,0,0.0,-0.0006553251519594732,0.0,0.0,-13.409425072977989
469,1,0.0,0.0,-0.01012885290736802,0.0,-0.420018326891648
469,2,0.0,0.0,0.0,0.0,-1.0803801677771088
469,3,0.0,0.0,0.0,0.0,-0.06831745002120382
469,4,0.0,0.0,0.0,0.0,0.0
470,0,0.0,-0.0006553251519594732,0.0,0.0,-13.42773120781531
470,1,0.0,0.0,-0.01012885290736802,0.0,-0.420018326891648
470,2,0.0,0.0,0.0,0.0,-1.0803801677771088
470,3,0.0,0.0,0.0,0.0,-0.06831745002120382
470,4,0.0,0.0,0.0,0.0,0.0
471,0,0.0,-0.0006553251519594732,0.0,0.0,-13.439043920732002
471,1,0.0,0.0,-0.01012885290736802,0.0,-0.420018326891648
471,2,0.0,0.0,0.0,0.0,-1.0803801677771088
471,3,0.0,0.0,0.0,0.0,-0.06831745002120382
471,4,0.0,0.0,0.0,0.0,0.0
472,0,0.0,-0.0006553251519594732,0.0,0.0,-13.450958784675299
472,1,0.0,0.0,-0.01012885290736802,0.0,-0.420018326891648
472,2,0.0,0.0,0.0,0.0,-1.0803801677771088
472,3,0.0,0.0,0.0,0.0,-0.06831745002120382
472,4,0.0,0.0,0.0,0.0,0.0
473,0,0.0,-0.0006553251519594732,0.0,0.0,-13.46614528948242
473,1,0.0,0.0,-0.01012885290736802,0.0,-0.420018326891648
473,2,0.0,0.0,0.0,0.0,-1.0803801677771088
473,3,0.0,0.0,0.0,0.0,-0.06831745002120382
473,4,0.0,0.0,0.0,0.0,0.0
474,0,0.0,-0.0006553251519594732,0.0,0.0,-13.480028406099272
474,1,0.0,0.0,-0.01012885290736802,0.0,-0.420018326891648
474,2,0.0,0.0,0.0,0.0,-1.0803801677771088
474,3,0.0,0.0,0.0,0.0,-0.06831745002120382
474,4,0.0,0.0,0.0,0.0,0.0
475,0,0.0,-0.0006553251519594732,0.0,0.0,-13.49263465842445
475,1,0.0,0.0,-0.01012885290736802,0.0,-0.420018326891648
475,2,0.0,0.0,0.0,0.0,-1.0803801677771088
475,3,0.0,0.0,0.0,0.0,-0.06831745002120382
475,4,0.0,0.0,0.0,0.0,0.0
476,0,0.0,-0.0006553251519594732,0.0,0.0,-13.50712809470297
476,1,0.0,0.0,-0.01012885290736802,0.0,-0.420018326891648
476,2,0.0,0.0,0.0,0.0,-1.0803801677771088
476,3,0.0,0.0,0.0,0.0,-0.06831745002120382
476,4,0.0,0.0,0.0,0.0,0.0
477,0,0.0,-0.0006553251519594732,0.0,0.0,-13.52013937506545
477,1,0.0,0.0,-0.01012885290736802,0.0,-0.420018326891648
477,2,0.0,0.0,0.0,0.0,-1.0803801677771088
477,3,0.0,0.0,0.0,0.0,-0.06831745002120382
477,4,0.0,0.0,0.0,0.0,0.0
478,0,0.0,-0.0006553251519594732,0.0,0.0,-13.532209807768131
478,1,0.0,0.0,-0.01012885290736802,0.0,-0.420018326891648
478,2,0.0,0.0,0.0,0.0,-1.0803801677771088
478,3,0.0,0.0,0.0,0.0,-0.06831745002120382
478,4,0.0,0.0,0.0,0.0,0.0
479,0,0.0,-0.0006553251519594732,0.0,0.0,-13.547213897187167
479,1,0.0,0.0,-0.01012885290736802,0.0,-0.420018326891648
479,2,0.0,0.0,0.0,0.0,-1.0803801677771088
479,3,0.0,0.0,0.0,0.0,-0.06831745002120382
479,4,0.0,0.0,0.0,0.0,0.0
480,0,0.0,-0.0006553251519594732,0.0,0.0,-13.563231209576317
480,1,0.0,0.0,-0.01012885290736802,0.0,-0.420018326891648
480,2,0.0,0.0,0.0,0.0,-1.0803801677771088
480,3,0.0,0.0,0.0,0.0,-0.06831745002120382
480,4,0.0,0.0,0.0,0.0,0.0
481,0,0.0,-0.0006553251519594732,0.0,0.0,-13.578633177484194
481,1,0.0,0.0,-0.01012885290736802,0.0,-0.420018326891648
481,2,0.0,0.0,0.0,0.0,-1.0803801677771088
481,3,0.0,0.0,0.0,0.0,-0.06831745002120382
481,4,0.0,0.0,0.0,0.0,0.0
482,0,0.0,-0.0006553251519594732,0.0,0.0,-13.59156935862016
482,1,0.0,0.0,-0.01012885290736802,0.0,-0.420018326891648
482,2,0.0,0.0,0.0,0.0,-1.0803801677771088
482,3,0.0,0.0,0.0,0.0,-0.06831745002120382
482,4,0.0,0.0,0.0,0.0,0.0
483,0,0.0,-0.0006553251519594732,0.0,0.0,-13.605353598090232
483,1,0.0,0.0,-0.01012885290736802,0.0,-0.420018326891648
483,2,0.0,0.0,0.0,0.0,-1.0803801677771088
483,3,0.0,0.0,0.0,0.0,-0.06831745002120382
483,4,0.0,0.0,0.0,0.0,0.0
484,0,0.0,-0.0006553251519594732,0.0,0.0,-13.621611371398679
484,1,0.0,0.0,-0.01012885290736802,0.0,-0.420018326891648
484,2,0.0,0.0,0.0,0.0,-1.0803801677771088
484,3,0.0,0.0,0.0,0.0,-0.06831745002120382
484,4,0.0,0.0,0.0,0.0,0.0
485,0,0.0,-0.0006553251519594732,0.0,0.0,-13.636980519935873
485,1,0.0,0.0,-0.01012885290736802,0.0,-0.420018326891648
485,2,0.0,0.0,0.0,0.0,-1.0803801677771088
485,3,0.0,0.0,0.0,0.0,-0.06831745002120382
485,4,0.0,0.0,0.0,0.0,0.0
486,0,0.0,-0.0006553251519594732,0.0,0.0,-13.648273178255755
486,1,0.0,0.0,-0.01012885290736802,0.0,-0.420018326891648
486,2,0.0,0.0,0.0,0.0,-1.0803801677771088
486,3,0.0,0.0,0.0,0.0,-0.06831745002120382
486,4,0.0,0.0,0.0,0.0,0.0
487,0,0.0,-0.0006553251519594732,0.0,0.0,-13.663965839368524
487,1,0.0,0.0,-0.01012885290736802,0.0,-0.420018326891648
487,2,0.0,0.0,0.0,0.0,-1.0803801677771088
487,3,0.0,0.0,0.0,0.0,-0.06831745002120382
487,4,0.0,0.0,0.0,0.0,0.0
488,0,0.0,-0.0006553251519594732,0.0,0.0,-13.679412280625721
488,1,0.0,0.0,-0.01012885290736802,0.0,-0.420018326891648
488,2,0.0,0.0,0.0,0.0,-1.0803801677771088
488,3,0.0,0.0,0.0,0.0,-0.06831745002120382
488,4,0.0,0.0,0.0,0.0,0.0
489,0,0.0,-0.0006553251519594732,0.0,0.0,-13.69428944212801
489,1,0.0,0.0,-0.01012885290736802,0.0,-0.420018326891648
489,2,0.0,0.0,0.0,0.0,-1.0803801677771088
489,3,0.0,0.0,0.0,0.0,-0.06831745002120382
489,4,0.0,0.0,0.0,0.0,0.0
490,0,0.0,-0.0006553251519594732,0.0,0.0,-13.707077367329045
490,1,0.0,0.0,-0.01012885290736802,0.0,-0.420018326891648
490,2,0.0,0.0,0.0,0.0,-1.0803801677771088
490,3,0.0,0.0,0.0,0.0,-0.06831745002120382
490,4,0.0,0.0,0.0,0.0,0.0
491,0,0.0,-0.0006553251519594732,0.0,0.0,-13.720208482410069
491,1,0.0,0.0,-0.01012885290736802,0.0,-0.420018326891648
491,2,0.0,0.0,0.0,0.0,-1.0803801677771088
491,3,0.0,0.0,0.0,0.0,-0.06831745002120382
491,4,0.0,0.0,0.0,0.0,0.0
492,0,0.0,-0.0006553251519594732,0.0,0.0,-13.737844810928873
492,1,0.0,0.0,-0.01012885290736802,0.0,-0.420018326891648
492,2,0.0,0.0,0.0,0.0,-1.0803801677771088
492,3,0.0,0.0,0.0,0.0,-0.06831745002120382
492,4,0.0,0.0,0.0,0.0,0.0
493,0,0.0,-0.0006553251519594732,0.0,0.0,-13.751098403518732
493,1,0.0,0.0,-0.01012885290736802,0.0,-0.420018326891648
493,2,0.0,0.0,0.0,0.0,-1.0803801677771088
493,3,0.0,0.0,0.0,0.0,-0.06831745002120382
493,4,0.0,0.0,0.0,0.0,0.0
494,0,0.0,-0.0006553251519594732,0.0,0.0,-13.762913651520002
494,1,0.0,0.0,-0.01012885290736802,0.0,-0.420018326891648
494,2,0.0,0.0,0.0,0.0,-1.0803801677771088
494,3,0.0,0.0,0.0,0.0,-0.06831745002120382
494,4,0.0,0.0,0.0,0.0,0.0
495,0,0.0,-0.0006553251519594732,0.0,0.0,-13.7771893568596
495,1,0.0,0.0,-0.01012885290736802,0.0,-0.420018326891648
495,2,0.0,0.0,0.0,0.0,-1.0803801677771088
495,3,0.0,0.0,0.0,0.0,-0.06831745002120382
495,4,0.0,0.0,0.0,0.0,0.0
496,0,0.0,-0.0006553251519594732,0.0,0.0,-13.790039371681614
496,1,0.0,0.0,-0.01012885290736802,0.0,-0.420018326891648
496,2,0.0,0.0,0.0,0.0,-1.0803801677771088
496,3,0.0,0.0,0.0,0.0,-0.06831745002120382
496,4,0.0,0.0,0.0,0.0,0.0
497,0,0.0,-0.0006553251519594732,0.0,0.0,-13.80307257737545
497,1,0.0,0.0,-0.01012885290736802,0.0,-0.420018326891648
497,2,0.0,0.0,0.0,0.0,-1.0803801677771088
497,3,0.0,0.0,0.0,0.0,-0.06831745002120382
497,4,0.0,0.0,0.0,0.0,0.0
498,0,0.0,-0.0006553251519594732,0.0,0.0,-13.813855922162972
498,1,0.0,0.0,-0.01012885290736802,0.0,-0.420018326891648
498,2,0.0,0.0,0.0,0.0,-1.0803801677771088
498,3,0.0,0.0,0.0,0.0,-0.06831745002120382
498,4,0.0,0.0,0.0,0.0,0.0
499,0,0.0,-0.0006553251519594732,0.0,0.0,-13.832099277431901
499,1,0.0,0.0,-0.01012885290736802,0.0,-0.420018326891648
499,2,0.0,0.0,0.0,0.0,-1.0803801677771088
499,3,0.0,0.0,0.0,0.0,-0.06831745002120382
499,4,0.0,0.0,0.0,0.0,0.0
500,0,0.0,-0.0006553251519594732,0.0,0.0,-13.845270080622782
500,1,0.0,0.0,-0.01012885290736802,0.0,-0.420018326891648
500,2,0.0,0.0,0.0,0.0,-1.0803801677771088
500,3,0.0,0.0,0.0,0.0,-0.06831745002120382
500,4,0.0,0.0,0.0,0.0,0.0
501,0,0.0,-0.0006553251519594732,0.0,0.0,-13.857579853932792
501,1,0.0,0.0,-0.01012885290736802,0.0,-0.420018326891648
501,2,0.0,0.0,0.0,0.0,-1.0803801677771088
501,3,0.0,0.0,0.0,0.0,-0.06831745002120382
501,4,0.0,0.0,0.0,0.0,0.0
502,0,0.0,-0.0009475483754893912,0.0,0.0,-13.857579853932792
502,1,0.0,0.0,-0.01012885290736802,0.0,-0.47206754986988336
502,2,0.0,0.0,0.0,0.0,-1.0803801677771088
502,3,0.0,0.0,0.0,0.0,-0.06831745002120382
502,4,0.0,0.0,0.0,0.0,0.0
503,0,0.0,-0.0009475483754893912,0.0,0.0,-13.872120608702508
503,1,0.0,0.0,-0.01012885290736802,0.0,-0.47206754986988336
503,2,0.0,0.0,0.0,0.0,-1.0803801677771088
503,3,0.0,0.0,0.0,0.0,-0.06831745002120382
503,4,0.0,0.0,0.0,0.0,0.0
504,0,0.0,-0.0009475483754893912,0.0,0.0,-13.890249072227647
504,1,0.0,0.0,-0.01012885290736802,0.0,-0.47206754986988336
504,2,0.0,0.0,0.0,0.0,-1.0803801677771088
504,3,0.0,0.0,0.0,0.0,-0.06831745002120382
504,4,0.0,0.0,0.0,0.0,0.0
505,0,0.0,-0.0009475483754893912,0.0,0.0,-13.899315895373242
505,1,0.0,0.0,-0.01012885290736802,0.0,-0.47206754986988336
505,2,0.0,0.0,0.0,0.0,-1.0803801677771088
505,3,0.0,0.0,0.0,0.0,-0.06831745002120382
505,4,0.0,0.0,0.0,0.0,0.0
506,0,0.0,-0.0009475483754893912,0.0,0.0,-13.910915560426432
506,1,0.0,0.0,-0.01012885290736802,0.0,-0.47206754986988336
506,2,0.0,0.0,0.0,0.0,-1.0803801677771088
506,3,0.0,0.0,0.0,0.0,-0.06831745002120382
506,4,0.0,0.0,0.0,0.0,0.0
507,0,0.0,-0.0009475483754893912,0.0,0.0,-13.916913511965976
507,1,0.0,0.0,-0.01012885290736802,0.0,-0.47206754986988336
507,2,0.0,0.0,0.0,0.0,-1.0803801677771088
507,3,0.0,0.0,0.0,0.0,-0.06831745002120382
507,4,0.0,0.0,0.0,0.0,0.0
508,0,0.0,-0.0009475483754893912,0.0,0.0,-13.931381516256247
508,1,0.0,0.0,-0.01012885290736802,0.0,-0.47206754986988336
508,2,0.0,0.0,0.0,0.0,-1.0803801677771088
508,3,0.0,0.0,0.0,0.0,-0.06831745002120382
508,4,0.0,0.0,0.0,0.0,0.0
509,0,0.0,-0.0009475483754893912,0.0,0.0,-13.945635917290206
509,1,0.0,0.0,-0.01012885290736802,0.0,-0.47206754986988336
509,2,0.0,0.0,0.0,0.0,-1.0803801677771088
509,3,0.0,0.0,0.0,0.0,-0.06831745002120382
509,4,0.0,0.0,0.0,0.0,0.0
510,0,0.0,-0.0009475483754893912,0.0,0.0,-13.957848783004719
510,1,0.0,0.0,-0.01012885290736802,0.0,-0.47206754986988336
510,2,0.0,0.0,0.0,0.0,-1.0803801677771088
510,3,0.0,0.0,0.0,0.0,-0.06831745002120382
510,4,0.0,0.0,0.0,0.0,0.0
511,0,0.0,-0.0009475483754893912,0.0,0.0,-13.971175870621368
511,1,0.0,0.0,-0.01012885290736802,0.0,-0.47206754986988336
511,2,0.0,0.0,0.0,0.0,-1.0803801677771088
511,3,0.0,0.0,0.0,0.0,-0.06831745002120382
511,4,0.0,0.0,0.0,0.0,0.0
512,0,0.0,-0.0009475483754893912,0.0,0.0,-13.984669134884886
512,1,0.0,0.0,-0.01012885290736802,0.0,-0.47206754986988336
512,2,0.0,0.0,0.0,0.0,-1.0803801677771088
512,3,0.0,0.0,0.0,0.0,-0.06831745002120382
512,4,0.0,0.0,0.0,0.0,0.0
513,0,0.0,-0.0009475483754893912,0.0,0.0,-13.996674853298085
513,1,0.0,0.0,-0.01012885290736802,0.0,-0.47206754986988336
513,2,0.0,0.0,0.0,0.0,-1.0803801677771088
513,3,0.0,0.0,0.0,0.0,-0.06831745002120382
513,4,0.0,0.0,0.0,0.0,0.0
514,0,0.0,-0.0009475483754893912,0.0,0.0,-14.010017114929923
514,1,0.0,0.0,-0.01012885290736802,0.0,-0.47206754986988336
514,2,0.0,0.0,0.0,0.0,-1.0803801677771088
514,3,0.0,0.0,0.0,0.0,-0.06831745002120382
514,4,0.0,0.0,0.0,0.0,0.0
515,0,0.0,-0.0009475483754893912,0.0,0.0,-14.021921429643106
515,1,0.0,0.0,-0.01012885290736802,0.0,-0.47206754986988336
515,2,0.0,0.0,0.0,0.0,-1.0803801677771088
515,3,0.0,0.0,0.0,0.0,-0.06831745002120382
515,4,0.0,0.0,0.0,0.0,0.0
516,0,0.0,-0.0009475483754893912,0.0,0.0,-14.03247952024685
516,1,0.0,0.0,-0.01012885290736802,0.0,-0.47206754986988336
516,2,0.0,0.0,0.0,0.0,-1.0803801677771088
516,3,0.0,0.0,0.0,0.0,-0.06831745002120382
516,4,0.0,0.0,0.0,0.0,0.0
517,0,0.0,-0.0009475483754893912,0.0,0.0,-14.045400454701909
517,1,0.0,0.0,-0.01012885290736802,0.0,-0.47206754986988336
517,2,0.0,0.0,0.0,0.0,-1.0803801677771088
517,3,0.0,0.0,0.0,0.0,-0.06831745002120382
517,4,0.0,0.0,0.0,0.0,0.0
518,0,0.0,-0.0009475483754893912,0.0,0.0,-14.060902426461272
518,1,0.0,0.0,-0.01012885290736802,0.0,-0.47206754986988336
518,2,0.0,0.0,0.0,0.0,-1.0803801677771088
518,3,0.0,0.0,0.0,0.0,-0.06831745002120382
518,4,0.0,0.0,0.0,0.0,0.0
519,0,0.0,-0.0009475483754893912,0.0,0.0,-14.07236470019739
519,1,0.0,0.0,-0.01012885290736802,0.0,-0.47206754986988336
519,2,0.0,0.0,0.0,0.0,-1.0803801677771088
519,3,0.0,0.0,0.0,0.0,-0.06831745002120382
519,4,0.0,0.0,0.0,0.0,0.0
520,0,0.0,-0.0009475483754893912,0.0,0.0,-14.085282220026624
520,1,0.0,0.0,-0.01012885290736802,0.0,-0.47206754986988336
520,2,0.0,0.0,0.0,0.0,-1.0803801677771088
520,3,0.0,0.0,0.0,0.0,-0.06831745002120382
520,4,0.0,0.0,0.0,0.0,0.0
521,0,0.0,-0.0009475483754893912,0.0,0.0,-14.101872283909719
521,1,0.0,0.0,-0.01012885290736802,0.0,-0.47206754986988336
521,2,0.0,0.0,0.0,0.0,-1.0803801677771088
521,3,0.0,0.0,0.0,0.0,-0.06831745002120382
521,4,0.0,0.0,0.0,0.0,0.0
522,0,0.0,-0.0009475483754893912,0.0,0.0,-14.11711502935776
522,1,0.0,0.0,-0.01012885290736802,0.0,-0.47206754986988336
522,2,0.0,0.0,0.0,0.0,-1.0803801677771088
522,3,0.0,0.0,0.0,0.0,-0.06831745002120382
522,4,0.0,0.0,0.0,0.0,0.0
523,0,0.0,-0.0009475483754893912,0.0,0.0,-14.129579198472888
523,1,0.0,0.0,-0.01012885290736802,0.0,-0.47206754986988336
523,2,0.0,0.0,0.0,0.0,-1.0803801677771088
523,3,0.0,0.0,0.0,0.0,-0.06831745002120382
523,4,0.0,0.0,0.0,0.0,0.0
524,0,0.0,-0.0009475483754893912,0.0,0.0,-14.14191048627839
524,1,0.0,0.0,-0.01012885290736802,0.0,-0.47206754986988336
524,2,0.0,0.0,0.0,0.0,-1.0803801677771088
524,3,0.0,0.0,0.0,0.0,-0.06831745002120382
524,4,0.0,0.0,0.0,0.0,0.0
525,0,0.0,-0.0009475483754893912,0.0,0.0,-14.152650078202004
525,1,0.0,0.0,-0.01012885290736802,0.0,-0.47206754986988336
525,2,0.0,0.0,0.0,0.0,-1.0803801677771088
525,3,0.0,0.0,0.0,0.0,-0.06831745002120382
525,4,0.0,0.0,0.0,0.0,0.0
526,0,0.0,-0.0009475483754893912,0.0,0.0,-14.16866489474397
526,1,0.0,0.0,-0.01012885290736802,0.0,-0.47206754986988336
526,2,0.0,0.0,0.0,0.0,-1.0803801677771088
526,3,0.0,0.0,0.0,0.0,-0.06831745002120382
526,4,0.0,0.0,0.0,0.0,0.0
527,0,0.0,-0.0009475483754893912,0.0,0.0,-14.186855783995533
527,1,0.0,0.0,-0.01012885290736802,0.0,-0.47206754986988336
527,2,0.0,0.0,0.0,0.0,-1.0803801677771088
527,3,0.0,0.0,0.0,0.0,-0.06831745002120382
527,4,0.0,0.0,0.0,0.0,0.0
528,0,0.0,-0.0009475483754893912,0.0,0.0,-14.20134923238156
528,1,0.0,0.0,-0.01012885290736802,0.0,-0.47206754986988336
528,2,0.0,0.0,0.0,0.0,-1.0803801677771088
528,3,0.0,0.0,0.0,0.0,-0.06831745002120382
528,4,0.0,0.0,0.0,0.0,0.0
529,0,0.0,-0.0009475483754893912,0.0,0.0,-14.211701803854972
529,1,0.0,0.0,-0.01012885290736802,0.0,-0.47206754986988336
529,2,0.0,0.0,0.0,0.0,-1.0803801677771088
529,3,0.0,0.0,0.0,0.0,-0.06831745002120382
529,4,0.0,0.0,0.0,0.0,0.0
530,0,0.0,-0.0009475483754893912,0.0,0.0,-14.22421334114227
530,1,0.0,0.0,-0.01012885290736802,0.0,-0.47206754986988336
530,2,0.0,0.0,0.0,0.0,-1.0803801677771088
530,3,0.0,0.0,0.0,0.0,-0.06831745002120382
530,4,0.0,0.0,0.0,0.0,0.0
531,0,0.0,-0.0009475483754893912,0.0,0.0,-14.237391055133518
531,1,0.0,0.0,-0.01012885290736802,0.0,-0.47206754986988336
531,2,0.0,0.0,0.0,0.0,-1.0803801677771088
531,3,0.0,0.0,0.0,0.0,-0.06831745002120382
531,4,0.0,0.0,0.0,0.0,0.0
532,0,0.0,-0.0009475483754893912,0.0,0.0,-14.249405736786072
532,1,0.0,0.0,-0.01012885290736802,0.0,-0.47206754986988336
532,2,0.0,0.0,0.0,0.0,-1.0803801677771088
532,3,0.0,0.0,0.0,0.0,-0.06831745002120382
532,4,0.0,0.0,0.0,0.0,0.0
533,0,0.0,-0.0009475483754893912,0.0,0.0,-14.263832912346688
533,1,0.0,0.0,-0.01012885290736802,0.0,-0.47206754986988336
533,2,0.0,0.0,0.0,0.0,-1.0803801677771088
533,3,0.0,0.0,0.0,0.0,-0.06831745002120382
533,4,0.0,0.0,0.0,0.0,0.0
534,0,0.0,-0.0009475483754893912,0.0,0.0,-14.277320920305812
534,1,0.0,0.0,-0.01012885290736802,0.0,-0.47206754986988336
534,2,0.0,0.0,0.0,0.0,-1.0803801677771088
534,3,0.0,0.0,0.0,0.0,-0.06831745002120382
534,4,0.0,0.0,0.0,0.0,0.0
535,0,0.0,-0.0009475483754893912,0.0,0.0,-14.286633901500442
535,1,0.0,0.0,-0.01012885290736802,0.0,-0.47206754986988336
535,2,0.0,0.0,0.0,0.0,-1.0803801677771088
535,3,0.0,0.0,0.0,0.0,-0.06831745002120382
535,4,0.0,0.0,0.0,0.0,0.0
536,0,0.0,-0.0009475483754893912,0.0,0.0,-14.299073426006423
536,1,0.0,0.0,-0.01012885290736802,0.0,-0.47206754986988336
536,2,0.0,0.0,0.0,0.0,-1.0803801677771088
536,3,0.0,0.0,0.0,0.0,-0.06831745002120382
536,4,0.0,0.0,0.0,0.0,0.0
537,0,0.0,-0.0009475483754893912,0.0,0.0,-14.310148664439952
537,1,0.0,0.0,-0.01012885290736802,0.0,-0.47206754986988336
537,2,0.0,0.0,0.0,0.0,-1.0803801677771088
537,3,0.0,0.0,0.0,0.0,-0.06831745002120382
537,4,0.0,0.0,0.0,0.0,0.0
538,0,0.0,-0.0009475483754893912,0.0,0.0,-14.32375237774314
538,1,0.0,0.0,-0.01012885290736802,0.0,-0.47206754986988336
538,2,0.0,0.0,0.0,0.0,-1.0803801677771088
538,3,0.0,0.0,0.0,0.0,-0.06831745002120382
538,4,0.0,0.0,0.0,0.0,0.0
539,0,0.0,-0.0009475483754893912,0.0,0.0,-14.333216794797686
539,1,0.0,0.0,-0.01012885290736802,0.0,-0.47206754986988336
539,2,0.0,0.0,0.0,0.0,-1.0803801677771088
539,3,0.0,0.0,0.0,0.0,-0.06831745002120382
539,4,0.0,0.0,0.0,0.0,0.0
540,0,0.0,-0.0009475483754893912,0.0,0.0,-14.345807497761982
540,1,0.0,0.0,-0.01012885290736802,0.0,-0.47206754986988336
540,2,0.0,0.0,0.0,0.0,-1.0803801677771088
540,3,0.0,0.0,0.0,0.0,-0.06831745002120382
540,4,0.0,0.0,0.0,0.0,0.0
541,0,0.0,-0.0009475483754893912,0.0,0.0,-14.360434969913642
541,1,0.0,0.0,-0.01012885290736802,0.0,-0.47206754986988336
541,2,0.0,0.0,0.0,0.0,-1.0803801677771088
541,3,0.0,0.0,0.0,0.0,-0.06831745002120382
541,4,0.0,0.0,0.0,0.0,0.0
542,0,0.0,-0.0009475483754893912,0.0,0.0,-14.37293655456442
542,1,0.0,0.0,-0.01012885290736802,0.0,-0.47206754986988336
542,2,0.0,0.0,0.0,0.0,-1.0803801677771088
542,3,0.0,0.0,0.0,0.0,-0.06831745002120382
542,4,0.0,0.0,0.0,0.0,0.0
543,0,0.0,-0.0009475483754893912,0.0,0.0,-14.388823477956667
543,1,0.0,0.0,-0.01012885290736802,0.0,-0.47206754986988336
543,2,0.0,0.0,0.0,0.0,-1.0803801677771088
543,3,0.0,0.0,0.0,0.0,-0.06831745002120382
543,4,0.0,0.0,0.0,0.0,0.0
544,0,0.0,-0.0009475483754893912,0.0,0.0,-14.397561541530683
544,1,0.0,0.0,-0.01012885290736802,0.0,-0.47206754986988336
544,2,0.0,0.0,0.0,0.0,-1.0803801677771088
544,3,0.0,0.0,0.0,0.0,-0.06831745002120382
544,4,0.0,0.0,0.0,0.0,0.0
545,0,0.0,-0.0009475483754893912,0.0,0.0,-14.409585813636683
545,1,0.0,0.0,-0.01012885290736802,0.0,-0.47206754986988336
545,2,0.0,0.0,0.0,0.0,-1.0803801677771088
545,3,0.0,0.0,0.0,0.0,-0.06831745002120382
545,4,0.0,0.0,0.0,0.0,0.0
546,0,0.0,-0.0009475483754893912,0.0,0.0,-14.421267467250663
546,1,0.0,0.0,-0.01012885290736802,0.0,-0.47206754986988336
546,2,0.0,0.0,0.0,0.0,-1.0803801677771088
546,3,0.0,0.0,0.0,0.0,-0.06831745002120382
546,4,0.0,0.0,0.0,0.0,0.0
547,0,0.0,-0.0009475483754893912,0.0,0.0,-14.43516381392349
547,1,0.0,0.0,-0.01012885290736802,0.0,-0.47206754986988336
547,2,0.0,0.0,0.0,0.0,-1.0803801677771088
547,3,0.0,0.0,0.0,0.0,-0.06831745002120382
547,4,0.0,0.0,0.0,0.0,0.0
548,0,0.0,-0.0009475483754893912,0.0,0.0,-14.449045521727024
548,1,0.0,0.0,-0.01012885290736802,0.0,-0.47206754986988336
548,2,0.0,0.0,0.0,0.0,-1.0803801677771088
548,3,0.0,0.0,0.0,0.0,-0.06831745002120382
548,4,0.0,0.0,0.0,0.0,0.0
549,0,0.0,-0.0009475483754893912,0.0,0.0,-14.460334248611513
549,1,0.0,0.0,-0.01012885290736802,0.0,-0.47206754986988336
549,2,0.0,0.0,0.0,0.0,-1.0803801677771088
549,3,0.0,0.0,0.0,0.0,-0.06831745002120382
549,4,0.0,0.0,0.0,0.0,0.0
550,0,0.0,-0.0009475483754893912,0.0,0.0,-14.47666209225642
550,1,0.0,0.0,-0.01012885290736802,0.0,-0.47206754986988336
550,2,0.0,0.0,0.0,0.0,-1.0803801677771088
550,3,0.0,0.0,0.0,0.0,-0.06831745002120382
550,4,0.0,0.0,0.0,0.0,0.0
551,0,0.0,-0.0009475483754893912,0.0,0.0,-14.486037630521395
551,1,0.0,0.0,-0.01012885290736802,0.0,-0.47206754986988336
551,2,0.0,0.0,0.0,0.0,-1.0803801677771088
551,3,0.0,0.0,0.0,0.0,-0.06831745002120382
551,4,0.0,0.0,0.0,0.0,0.0
552,0,0.0,-0.0009475483754893912,0.0,0.0,-14.498493268888538
552,1,0.0,0.0,-0.01012885290736802,0.0,-0.47206754986988336
552,2,0.0,0.0,0.0,0.0,-1.0803801677771088
552,3,0.0,0.0,0.0,0.0,-0.06831745002120382
552,4,0.0,0.0,0.0,0.0,0.0
553,0,0.0,-0.0009475483754893912,0.0,0.0,-14.511413624627556
553,1,0.0,0.0,-0.01012885290736802,0.0,-0.47206754986988336
553,2,0.0,0.0,0.0,0.0,-1.0803801677771088
553,3,0.0,0.0,0.0,0.0,-0.06831745002120382
553,4,0.0,0.0,0.0,0.0,0.0
554,0,0.0,-0.0009475483754893912,0.0,0.0,-14.527251220643496
554,1,0.0,0.0,-0.01012885290736802,0.0,-0.47206754986988336
554,2,0.0,0.0,0.0,0.0,-1.0803801677771088
554,3,0.0,0.0,0.0,0.0,-0.06831745002120382
554,4,0.0,0.0,0.0,0.0,0.0
555,0,0.0,-0.0009475483754893912,0.0,0.0,-14.54095872602067
555,1,0.0,0.0,-0.01012885290736802,0.0,-0.47206754986988336
555,2,0.0,0.0,0.0,0.0,-1.0803801677771088
555,3,0.0,0.0,0.0,0.0,-0.06831745002120382
555,4,0.0,0.0,0.0,0.0,0.0
556,0,0.0,-0.0009475483754893912,0.0,0.0,-14.552552770617604
556,1,0.0,0.0,-0.01012885290736802,0.0,-0.47206754986988336
556,2,0.0,0.0,0.0,0.0,-1.0803801677771088
556,3,0.0,0.0,0.0,0.0,-0.06831745002120382
556,4,0.0,0.0,0.0,0.0,0.0
557,0,0.0,-0.0009475483754893912,0.0,0.0,-14.563982256651821
557,1,0.0,0.0,-0.01012885290736802,0.0,-0.47206754986988336
557,2,0.0,0.0,0.0,0.0,-1.0803801677771088
557,3,0.0,0.0,0.0,0.0,-0.06831745002120382
557,4,0.0,0.0,0.0,0.0,0.0
558,0,0.0,-0.0009475483754893912,0.0,0.0,-14.582755498575125
558,1,0.0,0.0,-0.01012885290736802,0.0,-0.47206754986988336
558,2,0.0,0.0,0.0,0.0,-1.0803801677771088
558,3,0.0,0.0,0.0,0.0,-0.06831745002120382
558,4,0.0,0.0,0.0,0.0,0.0
559,0,0.0,-0.0009475483754893912,0.0,0.0,-14.595026408556214
559,1,0.0,0.0,-0.01012885290736802,0.0,-0.47206754986988336
559,2,0.0,0.0,0.0,0.0,-1.0803801677771088
559,3,0.0,0.0,0.0,0.0,-0.06831745002120382
559,4,0.0,0.0,0.0,0.0,0.0
560,0,0.0,-0.0009475483754893912,0.0,0.0,-14.607086049571437
560,1,0.0,0.0,-0.01012885290736802,0.0,-0.47206754986988336
560,2,0.0,0.0,0.0,0.0,-1.0803801677771088
560,3,0.0,0.0,0.0,0.0,-0.06831745002120382
560,4,0.0,0.0,0.0,0.0,0.0
561,0,0.0,-0.0009475483754893912,0.0,0.0,-14.619990837424911
561,1,0.0,0.0,-0.01012885290736802,0.0,-0.47206754986988336
561,2,0.0,0.0,0.0,0.0,-1.0803801677771088
561,3,0.0,0.0,0.0,0.0,-0.06831745002120382
561,4,0.0,0.0,0.0,0.0,0.0
562,0,0.0,-0.0009475483754893912,0.0,0.0,-14.631582064715689
562,1,0.0,0.0,-0.01012885290736802,0.0,-0.47206754986988336
562,2,0.0,0.0,0.0,0.0,-1.0803801677771088
562,3,0.0,0.0,0.0,0.0,-0.06831745002120382
562,4,0.0,0.0,0.0,0.0,0.0
563,0,0.0,-0.0009475483754893912,0.0,0.0,-14.644277314205123
563,1,0.0,0.0,-0.01012885290736802,0.0,-0.47206754986988336
563,2,0.0,0.0,0.0,0.0,-1.0803801677771088
563,3,0.0,0.0,0.0,0.0,-0.06831745002120382
563,4,0.0,0.0,0.0,0.0,0.0
564,0,0.0,-0.0009475483754893912,0.0,0.0,-14.654263209796907
564,1,0.0,0.0,-0.01012885290736802,0.0,-0.47206754986988336
564,2,0.0,0.0,0.0,0.0,-1.0803801677771088
564,3,0.0,0.0,0.0,0.0,-0.06831745002120382
564,4,0.0,0.0,0.0,0.0,0.0
565,0,0.0,-0.0009475483754893912,0.0,0.0,-14.66324150158355
565,1,0.0,0.0,-0.01012885290736802,0.0,-0.47206754986988336
565,2,0.0,0.0,0.0,0.0,-1.0803801677771088
565,3,0.0,0.0,0.0,0.0,-0.06831745002120382
565,4,0.0,0.0,0.0,0.0,0.0
566,0,0.0,-0.0009475483754893912,0.0,0.0,-14.675564999582457
566,1,0.0,0.0,-0.01012885290736802,0.0,-0.47206754986988336
566,2,0.0,0.0,0.0,0.0,-1.0803801677771088
566,3,0.0,0.0,0.0,0.0,-0.06831745002120382
566,4,0.0,0.0,0.0,0.0,0.0
567,0,0.0,-0.0009475483754893912,0.0,0.0,-14.691065410665246
567,1,0.0,0.0,-0.01012885290736802,0.0,-0.47206754986988336
567,2,0.0,0.0,0.0,0.0,-1.0803801677771088
567,3,0.0,0.0,0.0,0.0,-0.06831745002120382
567,4,0.0,0.0,0.0,0.0,0.0
568,0,0.0,-0.0009475483754893912,0.0,0.0,-14.708025946325428
568,1,0.0,0.0,-0.01012885290736802,0.0,-0.47206754986988336
568,2,0.0,0.0,0.0,0.0,-1.0803801677771088
568,3,0.0,0.0,0.0,0.0,-0.06831745002120382
568,4,0.0,0.0,0.0,0.0,0.0
569,0,0.0,-0.0009475483754893912,0.0,0.0,-14.721124869945065
569,1,0.0,0.0,-0.01012885290736802,0.0,-0.47206754986988336
569,2,0.0,0.0,0.0,0.0,-1.0803801677771088
569,3,0.0,0.0,0.0,0.0,-0.06831745002120382
569,4,0.0,0.0,0.0,0.0,0.0
570,0,0.0,-0.0009475483754893912,0.0,0.0,-14.734601729971816
570,1,0.0,0.0,-0.01012885290736802,0.0,-0.47206754986988336
570,2,0.0,0.0,0.0,0.0,-1.0803801677771088
570,3,0.0,0.0,0.0,0.0,-0.06831745002120382
570,4,0.0,0.0,0.0,0.0,0.0
571,0,0.0,-0.0009475483754893912,0.0,0.0,-14.744790954119217
571,1,0.0,0.0,-0.01012885290736802,0.0,-0.47206754986988336
571,2,0.0,0.0,0.0,0.0,-1.0803801677771088
571,3,0.0,0.0,0.0,0.0,-0.06831745002120382
571,4,0.0,0.0,0.0,0.0,0.0
572,0,0.0,-0.0009475483754893912,0.0,0.0,-14.753351263677148
572,1,0.0,0.0,-0.01012885290736802,0.0,-0.47206754986988336
572,2,0.0,0.0,0.0,0.0,-1.0803801677771088
572,3,0.0,0.0,0.0,0.0,-0.06831745002120382
572,4,0.0,0.0,0.0,0.0,0.0
573,0,0.0,-0.0009475483754893912,0.0,0.0,-14.766114446200506
573,1,0.0,0.0,-0.01012885290736802,0.0,-0.47206754986988336
573,2,0.0,0.0,0.0,0.0,-1.0803801677771088
573,3,0.0,0.0,0.0,0.0,-0.06831745002120382
573,4,0.0,0.0,0.0,0.0,0.0
574,0,0.0,-0.0009475483754893912,0.0,0.0,-14.774712359114154
574,1,0.0,0.0,-0.01012885290736802,0.0,-0.47206754986988336
574,2,0.0,0.0,0.0,0.0,-1.0803801677771088
574,3,0.0,0.0,0.0,0.0,-0.06831745002120382
574,4,0.0,0.0,0.0,0.0,0.0
575,0,0.0,-0.0009475483754893912,0.0,0.0,-14.786081167232972
575,1,0.0,0.0,-0.01012885290736802,0.0,-0.47206754986988336
575,2,0.0,0.0,0.0,0.0,-1.0803801677771088
575,3,0.0,0.0,0.0,0.0,-0.06831745002120382
575,4,0.0,0.0,0.0,0.0,0.0
576,0,0.0,-0.0009475483754893912,0.0,0.0,-14.795813626195939
576,1,0.0,0.0,-0.01012885290736802,0.0,-0.47206754986988336
576,2,0.0,0.0,0.0,0.0,-1.0803801677771088
576,3,0.0,0.0,0.0,0.0,-0.06831745002120382
576,4,0.0,0.0,0.0,0.0,0.0
577,0,0.0,-0.0009475483754893912,0.0,0.0,-14.812397225179891
577,1,0.0,0.0,-0.01012885290736802,0.0,-0.47206754986988336
577,2,0.0,0.0,0.0,0.0,-1.0803801677771088
577,3,0.0,0.0,0.0,0.0,-0.06831745002120382
577,4,0.0,0.0,0.0,0.0,0.0
578,0,0.0,-0.0009475483754893912,0.0,0.0,-14.825268856709885
578,1,0.0,0.0,-0.01012885290736802,0.0,-0.47206754986988336
578,2,0.0,0.0,0.0,0.0,-1.0803801677771088
578,3,0.0,0.0,0.0,0.0,-0.06831745002120382
578,4,0.0,0.0,0.0,0.0,0.0
579,0,0.0,-0.0009475483754893912,0.0,0.0,-14.834887946996902
579,1,0.0,0.0,-0.01012885290736802,0.0,-0.47206754986988336
579,2,0.0,0.0,0.0,0.0,-1.0803801677771088
579,3,0.0,0.0,0.0,0.0,-0.06831745002120382
579,4,0.0,0.0,0.0,0.0,0.0
580,0,0.0,-0.0009475483754893912,0.0,0.0,-14.84979736779532
580,1,0.0,0.0,-0.01012885290736802,0.0,-0.47206754986988336
580,2,0.0,0.0,0.0,0.0,-1.0803801677771088
580,3,0.0,0.0,0.0,0.0,-0.06831745002120382
580,4,0.0,0.0,0.0,0.0,0.0
581,0,0.0,-0.0009475483754893912,0.0,0.0,-14.863681669968567
581,1,0.0,0.0,-0.01012885290736802,0.0,-0.47206754986988336
581,2,0.0,0.0,0.0,0.0,-1.0803801677771088
581,3,0.0,0.0,0.0,0.0,-0.06831745002120382
581,4,0.0,0.0,0.0,0.0,0.0
582,0,0.0,-0.0009475483754893912,0.0,0.0,-14.872571378636595
582,1,0.0,0.0,-0.01012885290736802,0.0,-0.47206754986988336
582,2,0.0,0.0,0.0,0.0,-1.0803801677771088
582,3,0.0,0.0,0.0,0.0,-0.06831745002120382
582,4,0.0,0.0,0.0,0.0,0.0
583,0,0.0,-0.0009475483754893912,0.0,0.0,-14.883163393095149
583,1,0.0,0.0,-0.01012885290736802,0.0,-0.47206754986988336
583,2,0.0,0.0,0.0,0.0,-1.0803801677771088
583,3,0.0,0.0,0.0,0.0,-0.06831745002120382
583,4,0.0,0.0,0.0,0.0,0.0
584,0,0.0,-0.0009475483754893912,0.0,0.0,-14.896091921650186
584,1,0.0,0.0,-0.01012885290736802,0.0,-0.47206754986988336
584,2,0.0,0.0,0.0,0.0,-1.0803801677771088
584,3,0.0,0.0,0.0,0.0,-0.06831745002120382
584,4,0.0,0.0,0.0,0.0,0.0
585,0,0.0,-0.0009475483754893912,0.0,0.0,-14.907696595834096
585,1,0.0,0.0,-0.01012885290736802,0.0,-0.47206754986988336
585,2,0.0,0.0,0.0,0.0,-1.0803801677771088
585,3,0.0,0.0,0.0,0.0,-0.06831745002120382
585,4,0.0,0.0,0.0,0.0,0.0
586,0,0.0,-0.0009475483754893912,0.0,0.0,-14.92192831189717
586,1,0.0,0.0,-0.01012885290736802,0.0,-0.47206754986988336
586,2,0.0,0.0,0.0,0.0,-1.0803801677771088
586,3,0.0,0.0,0.0,0.0,-0.06831745002120382
586,4,0.0,0.0,0.0,0.0,0.0
587,0,0.0,-0.0009475483754893912,0.0,0.0,-14.939442935548398
587,1,0.0,0.0,-0.01012885290736802,0.0,-0.47206754986988336
587,2,0.0,0.0,0.0,0.0,-1.0803801677771088
587,3,0.0,0.0,0.0,0.0,-0.06831745002120382
587,4,0.0,0.0,0.0,0.0,0.0
588,0,0.0,-0.0009475483754893912,0.0,0.0,-14.953701940698474
588,1,0.0,0.0,-0.01012885290736802,0.0,-0.47206754986988336
588,2,0.0,0.0,0.0,0.0,-1.0803801677771088
588,3,0.0,0.0,0.0,0.0,-0.06831745002120382
588,4,0.0,0.0,0.0,0.0,0.0
589,0,0.0,-0.0009475483754893912,0.0,0.0,-14.960641209022594
589,1,0.0,0.0,-0.01012885290736802,0.0,-0.47206754986988336
589,2,0.0,0.0,0.0,0.0,-1.0803801677771088
589,3,0.0,0.0,0.0,0.0,-0.06831745002120382
589,4,0.0,0.0,0.0,0.0,0.0
590,0,0.0,-0.0009475483754893912,0.0,0.0,-14.97247601031649
590,1,0.0,0.0,-0.01012885290736802,0.0,-0.47206754986988336
590,2,0.0,0.0,0.0,0.0,-1.0803801677771088
590,3,0.0,0.0,0.0,0.0,-0.06831745002120382
590,4,0.0,0.0,0.0,0.0,0.0
591,0,0.0,-0.0009475483754893912,0.0,0.0,-14.989033877284902
591,1,0.0,0.0,-0.01012885290736802,0.0,-0.47206754986988336
591,2,0.0,0.0,0.0,0.0,-1.0803801677771088
591,3,0.0,0.0,0.0,0.0,-0.06831745002120382
591,4,0.0,0.0,0.0,0.0,0.0
592,0,0.0,-0.0009475483754893912,0.0,0.0,-14.995915495623729
592,1,0.0,0.0,-0.01012885290736802,0.0,-0.47206754986988336
592,2,0.0,0.0,0.0,0.0,-1.0803801677771088
592,3,0.0,0.0,0.0,0.0,-0.06831745002120382
592,4,0.0,0.0,0.0,0.0,0.0
593,0,0.0,-0.0009475483754893912,0.0,0.0,-15.008024785056776
593,1,0.0,0.0,-0.01012885290736802,0.0,-0.47206754986988336
593,2,0.0,0.0,0.0,0.0,-1.0803801677771088
593,3,0.0,0.0,0.0,0.0,-0.06831745002120382
593,4,0.0,0.0,0.0,0.0,0.0
594,0,0.0,-0.0009475483754893912,0.0,0.0,-15.013815811431119
594,1,0.0,0.0,-0.01012885290736802,0.0,-0.47206754986988336
594,2,0.0,0.0,0.0,0.0,-1.0803801677771088
594,3,0.0,0.0,0.0,0.0,-0.06831745002120382
594,4,0.0,0.0,0.0,0.0,0.0
595,0,0.0,-0.0009475483754893912,0.0,0.0,-15.023671664285354
595,1,0.0,0.0,-0.01012885290736802,0.0,-0.47206754986988336
595,2,0.0,0.0,0.0,0.0,-1.0803801677771088
595,3,0.0,0.0,0.0,0.0,-0.06831745002120382
595,4,0.0,0.0,0.0,0.0,0.0
596,0,0.0,-0.0009475483754893912,0.0,0.0,-15.033996578391546
596,1,0.0,0.0,-0.01012885290736802,0.0,-0.47206754986988336
596,2,0.0,0.0,0.0,0.0,-1.0803801677771088
596,3,0.0,0.0,0.0,0.0,-0.06831745002120382
596,4,0.0,0.0,0.0,0.0,0.0
597,0,0.0,-0.0009475483754893912,0.0,0.0,-15.045259161145246
597,1,0.0,0.0,-0.01012885290736802,0.0,-0.47206754986988336
597,2,0.0,0.0,0.0,0.0,-1.0803801677771088
597,3,0.0,0.0,0.0,0.0,-0.06831745002120382
597,4,0.0,0.0,0.0,0.0,0.0
598,0,0.0,-0.0009475483754893912,0.0,0.0,-15.054794438638273
598,1,0.0,0.0,-0.01012885290736802,0.0,-0.47206754986988336
598,2,0.0,0.0,0.0,0.0,-1.0803801677771088
598,3,0.0,0.0,0.0,0.0,-0.06831745002120382
598,4,0.0,0.0,0.0,0.0,0.0
599,0,0.0,-0.0009475483754893912,0.0,0.0,-15.063530923764244
599,1,0.0,0.0,-0.01012885290736802,0.0,-0.47206754986988336
599,2,0.0,0.0,0.0,0.0,-1.0803801677771088
599,3,0.0,0.0,0.0,0.0,-0.06831745002120382
599,4,0.0,0.0,0.0,0.0,0.0
600,0,0.0,-0.0009475483754893912,0.0,0.0,-15.076477215515954
600,1,0.0,0.0,-0.01012885290736802,0.0,-0.47206754986988336
600,2,0.0,0.0,0.0,0.0,-1.0803801677771088
600,3,0.0,0.0,0.0,0.0,-0.06831745002120382
600,4,0.0,0.0,0.0,0.0,0.0
601,0,0.0,-0.0009475483754893912,0.0,0.0,-15.089348010379204
601,1,0.0,0.0,-0.01012885290736802,0.0,-0.47206754986988336
601,2,0.0,0.0,0.0,0.0,-1.0803801677771088
601,3,0.0,0.0,0.0,0.0,-0.06831745002120382
601,4,0.0,0.0,0.0,0.0,0.0
602,0,0.0,-0.0009475483754893912,0.0,0.0,-15.09847996178489
602,1,0.0,0.0,-0.01012885290736802,0.0,-0.47206754986988336
602,2,0.0,0.0,0.0,0.0,-1.0803801677771088
602,3,0.0,0.0,0.0,0.0,-0.06831745002120382
602,4,0.0,0.0,0.0,0.0,0.0
603,0,0.0,-0.0009475483754893912,0.0,0.0,-15.110535260445264
603,1,0.0,0.0,-0.01012885290736802,0.0,-0.47206754986988336
603,2,0.0,0.0,0.0,0.0,-1.0803801677771088
603,3,0.0,0.0,0.0,0.0,-0.06831745002120382
603,4,0.0,0.0,0.0,0.0,0.0
604,0,0.0,-0.0009475483754893912,0.0,0.0,-15.12119078753414
604,1,0.0,0.0,-0.01012885290736802,0.0,-0.47206754986988336
604,2,0.0,0.0,0.0,0.0,-1.0803801677771088
604,3,0.0,0.0,0.0,0.0,-0.06831745002120382
604,4,0.0,0.0,0.0,0.0,0.0
605,0,0.0,-0.0009475483754893912,0.0,0.0,-15.128073693516972
605,1,0.0,0.0,-0.01012885290736802,0.0,-0.47206754986988336
605,2,0.0,0.0,0.0,0.0,-1.0803801677771088
605,3,0.0,0.0,0.0,0.0,-0.06831745002120382
605,4,0.0,0.0,0.0,0.0,0.0
606,0,0.0,-0.0009475483754893912,0.0,0.0,-15.142181406684873
606,1,0.0,0.0,-0.01012885290736802,0.0,-0.47206754986988336
606,2,0.0,0.0,0.0,0.0,-1.0803801677771088
606,3,0.0,0.0,0.0,0.0,-0.06831745002120382
606,4,0.0,0.0,0.0,0.0,0.0
607,0,0.0,-0.0009475483754893912,0.0,0.0,-15.151716376125261
607,1,0.0,0.0,-0.01012885290736802,0.0,-0.47206754986988336
607,2,0.0,0.0,0.0,0.0,-1.0803801677771088
607,3,0.0,0.0,0.0,0.0,-0.06831745002120382
607,4,0.0,0.0,0.0,0.0,0.0
608,0,0.0,-0.0009475483754893912,0.0,0.0,-15.162432065761386
608,1,0.0,0.0,-0.01012885290736802,0.0,-0.47206754986988336
608,2,0.0,0.0,0.0,0.0,-1.0803801677771088
608,3,0.0,0.0,0.0,0.0,-0.06831745002120382
608,4,0.0,0.0,0.0,0.0,0.0
609,0,0.0,-0.0009475483754893912,0.0,0.0,-15.170305548396206
609,1,0.0,0.0,-0.01012885290736802,0.0,-0.47206754986988336
609,2,0.0,0.0,0.0,0.0,-1.0803801677771088
609,3,0.0,0.0,0.0,0.0,-0.06831745002120382
609,4,0.0,0.0,0.0,0.0,0.0
610,0,0.0,-0.0009475483754893912,0.0,0.0,-15.175953970170518
610,1,0.0,0.0,-0.01012885290736802,0.0,-0.47206754986988336
610,2,0.0,0.0,0.0,0.0,-1.0803801677771088
610,3,0.0,0.0,0.0,0.0,-0.06831745002120382
610,4,0.0,0.0,0.0,0.0,0.0
611,0,0.0,-0.0009475483754893912,0.0,0.0,-15.190393782547625
611,1,0.0,0.0,-0.01012885290736802,0.0,-0.47206754986988336
611,2,0.0,0.0,0.0,0.0,-1.0803801677771088
611,3,0.0,0.0,0.0,0.0,-0.06831745002120382
611,4,0.0,0.0,0.0,0.0,0.0
612,0,0.0,-0.0009475483754893912,0.0,0.0,-15.197252817567993
612,1,0.0,0.0,-0.01012885290736802,0.0,-0.47206754986988336
612,2,0.0,0.0,0.0,0.0,-1.0803801677771088
612,3,0.0,0.0,0.0,0.0,-0.06831745002120382
612,4,0.0,0.0,0.0,0.0,0.0
613,0,0.0,-0.0009475483754893912,0.0,0.0,-15.206660429876594
613,1,0.0,0.0,-0.01012885290736802,0.0,-0.47206754986988336
613,2,0.0,0.0,0.0,0.0,-1.0803801677771088
613,3,0.0,0.0,0.0,0.0,-0.06831745002120382
613,4,0.0,0.0,0.0,0.0,0.0
614,0,0.0,-0.0009475483754893912,0.0,0.0,-15.219998914118305
614,1,0.0,0.0,-0.01012885290736802,0.0,-0.47206754986988336
614,2,0.0,0.0,0.0,0.0,-1.0803801677771088
614,3,0.0,0.0,0.0,0.0,-0.06831745002120382
614,4,0.0,0.0,0.0,0.0,0.0
615,0,0.0,-0.0009475483754893912,0.0,0.0,-15.233211533058205
615,1,0.0,0.0,-0.01012885290736802,0.0,-0.47206754986988336
615,2,0.0,0.0,0.0,0.0,-1.0803801677771088
615,3,0.0,0.0,0.0,0.0,-0.06831745002120382
615,4,0.0,0.0,0.0,0.0,0.0
616,0,0.0,-0.0009475483754893912,0.0,0.0,-15.2452205695364
616,1,0.0,0.0,-0.01012885290736802,0.0,-0.47206754986988336
616,2,0.0,0.0,0.0,0.0,-1.0803801677771088
616,3,0.0,0.0,0.0,0.0,-0.06831745002120382
616,4,0.0,0.0,0.0,0.0,0.0
617,0,0.0,-0.0009475483754893912,0.0,0.0,-15.256769468042958
617,1,0.0,0.0,-0.01012885290736802,0.0,-0.47206754986988336
617,2,0.0,0.0,0.0,0.0,-1.0803801677771088
617,3,0.0,0.0,0.0,0.0,-0.06831745002120382
617,4,0.0,0.0,0.0,0.0,0.0
618,0,0.0,-0.0009475483754893912,0.0,0.0,-15.2709707571199
618,1,0.0,0.0,-0.01012885290736802,0.0,-0.47206754986988336
618,2,0.0,0.0,0.0,0.0,-1.0803801677771088
618,3,0.0,0.0,0.0,0.0,-0.06831745002120382
618,4,0.0,0.0,0.0,0.0,0.0
619,0,0.0,-0.0009475483754893912,0.0,0.0,-15.283259158482041
619,1,0.0,0.0,-0.01012885290736802,0.0,-0.47206754986988336
619,2,0.0,0.0,0.0,0.0,-1.0803801677771088
619,3,0.0,0.0,0.0,0.0,-0.06831745002120382
619,4,0.0,0.0,0.0,0.0,0.0
620,0,0.0,-0.0009475483754893912,0.0,0.0,-15.299538275061101
620,1,0.0,0.0,-0.01012885290736802,0.0,-0.47206754986988336
620,2,0.0,0.0,0.0,0.0,-1.0803801677771088
620,3,0.0,0.0,0.0,0.0,-0.06831745002120382
620,4,0.0,0.0,0.0,0.0,0.0
621,0,0.0,-0.0009475483754893912,0.0,0.0,-15.31476442073837
621,1,0.0,0.0,-0.01012885290736802,0.0,-0.47206754986988336
621,2,0.0,0.0,0.0,0.0,-1.0803801677771088
621,3,0.0,0.0,0.0,0.0,-0.06831745002120382
621,4,0.0,0.0,0.0,0.0,0.0
622,0,0.0,-0.0009475483754893912,0.0,0.0,-15.328287021017708
622,1,0.0,0.0,-0.01012885290736802,0.0,-0.47206754986988336
622,2,0.0,0.0,0.0,0.0,-1.0803801677771088
622,3,0.0,0.0,0.0,0.0,-0.06831745002120382
622,4,0.0,0.0,0.0,0.0,0.0
623,0,0.0,-0.0009475483754893912,0.0,0.0,-15.339295137558201
623,1,0.0,0.0,-0.01012885290736802,0.0,-0.47206754986988336
623,2,0.0,0.0,0.0,0.0,-1.0803801677771088
623,3,0.0,0.0,0.0,0.0,-0.06831745002120382
623,4,0.0,0.0,0.0,0.0,0.0
624,0,0.0,-0.0009475483754893912,0.0,0.0,-15.347992715229948
624,1,0.0,0.0,-0.01012885290736802,0.0,-0.47206754986988336
624,2,0.0,0.0,0.0,0.0,-1.0803801677771088
624,3,0.0,0.0,0.0,0.0,-0.06831745002120382
624,4,0.0,0.0,0.0,0.0,0.0
625,0,0.0,-0.0009475483754893912,0.0,0.0,-15.36042601702437
625,1,0.0,0.0,-0.01012885290736802,0.0,-0.47206754986988336
625,2,0.0,0.0,0.0,0.0,-1.0803801677771088
625,3,0.0,0.0,0.0,0.0,-0.06831745002120382
625,4,0.0,0.0,0.0,0.0,0.0
626,0,0.0,-0.0009475483754893912,0.0,0.0,-15.373122840425147
626,1,0.0,0.0,-0.01012885290736802,0.0,-0.47206754986988336
626,2,0.0,0.0,0.0,0.0,-1.0803801677771088
626,3,0.0,0.0,0.0,0.0,-0.06831745002120382
626,4,0.0,0.0,0.0,0.0,0.0
627,0,0.0,-0.0009475483754893912,0.0,0.0,-15.386929908419905
627,1,0.0,0.0,-0.01012885290736802,0.0,-0.47206754986988336
627,2,0.0,0.0,0.0,0.0,-1.0803801677771088
627,3,0.0,0.0,0.0,0.0,-0.06831745002120382
627,4,0.0,0.0,0.0,0.0,0.0
628,0,0.0,-0.0009475483754893912,0.0,0.0,-15.396166241336248
628,1,0.0,0.0,-0.01012885290736802,0.0,-0.47206754986988336
628,2,0.0,0.0,0.0,0.0,-1.0803801677771088
628,3,0.0,0.0,0.0,0.0,-0.06831745002120382
628,4,0.0,0.0,0.0,0.0,0.0
629,0,0.0,-0.0009475483754893912,0.0,0.0,-15.40514390681407
629,1,0.0,0.0,-0.01012885290736802,0.0,-0.47206754986988336
629,2,0.0,0.0,0.0,0.0,-1.0803801677771088
629,3,0.0,0.0,0.0,0.0,-0.06831745002120382
629,4,0.0,0.0,0.0,0.0,0.0
630,0,0.0,-0.0009475483754893912,0.0,0.0,-15.415348452903466
630,1,0.0,0.0,-0.01012885290736802,0.0,-0.47206754986988336
630,2,0.0,0.0,0.0,0.0,-1.0803801677771088
630,3,0.0,0.0,0.0,0.0,-0.06831745002120382
630,4,0.0,0.0,0.0,0.0,0.0
631,0,0.0,-0.0009475483754893912,0.0,0.0,-15.422557151545556
631,1,0.0,0.0,-0.01012885290736802,0.0,-0.47206754986988336
631,2,0.0,0.0,0.0,0.0,-1.0803801677771088
631,3,0.0,0.0,0.0,0.0,-0.06831745002120382
631,4,0.0,0.0,0.0,0.0,0.0
632,0,0.0,-0.0009475483754893912,0.0,0.0,-15.432615968865562
632,1,0.0,0.0,-0.01012885290736802,0.0,-0.47206754986988336
632,2,0.0,0.0,0.0,0.0,-1.0803801677771088
632,3,0.0,0.0,0.0,0.0,-0.06831745002120382
632,4,0.0,0.0,0.0,0.0,0.0
633,0,0.0,-0.0009475483754893912,0.0,0.0,-15.444777175126799
633,1,0.0,0.0,-0.01012885290736802,0.0,-0.47206754986988336
633,2,0.0,0.0,0.0,0.0,-1.0803801677771088
633,3,0.0,0.0,0.0,0.0,-0.06831745002120382
633,4,0.0,0.0,0.0,0.0,0.0
634,0,0.0,-0.0009475483754893912,0.0,0.0,-15.452161017642286
634,1,0.0,0.0,-0.01012885290736802,0.0,-0.47206754986988336
634,2,0.0,0.0,0.0,0.0,-1.0803801677771088
634,3,0.0,0.0,0.0,0.0,-0.06831745002120382
634,4,0.0,0.0,0.0,0.0,0.0
635,0,0.0,-0.0009475483754893912,0.0,0.0,-15.460139802674838
635,1,0.0,0.0,-0.01012885290736802,0.0,-0.47206754986988336
635,2,0.0,0.0,0.0,0.0,-1.0803801677771088
635,3,0.0,0.0,0.0,0.0,-0.06831745002120382
635,4,0.0,0.0,0.0,0.0,0.0
636,0,0.0,-0.0009475483754893912,0.0,0.0,-15.472687464515351
636,1,0.0,0.0,-0.01012885290736802,0.0,-0.47206754986988336
636,2,0.0,0.0,0.0,0.0,-1.0803801677771088
636,3,0.0,0.0,0.0,0.0,-0.06831745002120382
636,4,0.0,0.0,0.0,0.0,0.0
637,0,0.0,-0.0009475483754893912,0.0,0.0,-15.484726459257192
637,1,0.0,0.0,-0.01012885290736802,0.0,-0.47206754986988336
637,2,0.0,0.0,0.0,0.0,-1.0803801677771088
637,3,0.0,0.0,0.0,0.0,-0.06831745002120382
637,4,0.0,0.0,0.0,0.0,0.0
638,0,0.0,-0.0009475483754893912,0.0,0.0,-15.495709024796742
638,1,0.0,0.0,-0.01012885290736802,0.0,-0.47206754986988336
638,2,0.0,0.0,0.0,0.0,-1.0803801677771088
638,3,0.0,0.0,0.0,0.0,-0.06831745002120382
638,4,0.0,0.0,0.0,0.0,0.0
639,0,0.0,-0.0009475483754893912,0.0,0.0,-15.503540037410849
639,1,0.0,0.0,-0.01012885290736802,0.0,-0.47206754986988336
639,2,0.0,0.0,0.0,0.0,-1.0803801677771088
639,3,0.0,0.0,0.0,0.0,-0.06831745002120382
639,4,0.0,0.0,0.0,0.0,0.0
640,0,0.0,-0.0009475483754893912,0.0,0.0,-15.511942361077315
640,1,0.0,0.0,-0.01012885290736802,0.0,-0.47206754986988336
640,2,0.0,0.0,0.0,0.0,-1.0803801677771088
640,3,0.0,0.0,0.0,0.0,-0.06831745002120382
640,4,0.0,0.0,0.0,0.0,0.0
641,0,0.0,-0.0009475483754893912,0.0,0.0,-15.521798891969848
641,1,0.0,0.0,-0.01012885290736802,0.0,-0.47206754986988336
641,2,0.0,0.0,0.0,0.0,-1.0803801677771088
641,3,0.0,0.0,0.0,0.0,-0.06831745002120382
641,4,0.0,0.0,0.0,0.0,0.0
642,0,0.0,-0.0009475483754893912,0.0,0.0,-15.529282626396709
642,1,0.0,0.0,-0.01012885290736802,0.0,-0.47206754986988336
642,2,0.0,0.0,0.0,0.0,-1.0803801677771088
642,3,0.0,0.0,0.0,0.0,-0.06831745002120382
642,4,0.0,0.0,0.0,0.0,0.0
643,0,0.0,-0.0009475483754893912,0.0,0.0,-15.53682175651413
643,1,0.0,0.0,-0.01012885290736802,0.0,-0.47206754986988336
643,2,0.0,0.0,0.0,0.0,-1.0803801677771088
643,3,0.0,0.0,0.0,0.0,-0.06831745002120382
643,4,0.0,0.0,0.0,0.0,0.0
644,0,0.0,-0.0009475483754893912,0.0,0.0,-15.548185515708145
644,1,0.0,0.0,-0.01012885290736802,0.0,-0.47206754986988336
644,2,0.0,0.0,0.0,0.0,-1.0803801677771088
644,3,0.0,0.0,0.0,0.0,-0.06831745002120382
644,4,0.0,0.0,0.0,0.0,0.0
645,0,0.0,-0.0009475483754893912,0.0,0.0,-15.558455967035473
645,1,0.0,0.0,-0.01012885290736802,0.0,-0.47206754986988336
645,2,0.0,0.0,0.0,0.0,-1.0803801677771088
645,3,0.0,0.0,0.0,0.0,-0.06831745002120382
645,4,0.0,0.0,0.0,0.0,0.0
646,0,0.0,-0.0009475483754893912,0.0,0.0,-15.569339491021388
646,1,0.0,0.0,-0.01012885290736802,0.0,-0.47206754986988336
646,2,0.0,0.0,0.0,0.0,-1.0803801677771088
646,3,0.0,0.0,0.0,0.0,-0.06831745002120382
646,4,0.0,0.0,0.0,0.0,0.0
647,0,0.0,-0.0009475483754893912,0.0,0.0,-15.579340753557736
647,1,0.0,0.0,-0.01012885290736802,0.0,-0.47206754986988336
647,2,0.0,0.0,0.0,0.0,-1.0803801677771088
647,3,0.0,0.0,0.0,0.0,-0.06831745002120382
647,4,0.0,0.0,0.0,0.0,0.0
648,0,0.0,-0.0009475483754893912,0.0,0.0,-15.589685504681238
648,1,0.0,0.0,-0.01012885290736802,0.0,-0.47206754986988336
648,2,0.0,0.0,0.0,0.0,-1.0803801677771088
648,3,0.0,0.0,0.0,0.0,-0.06831745002120382
648,4,0.0,0.0,0.0,0.0,0.0
649,0,0.0,-0.0009475483754893912,0.0,0.0,-15.60210115814579
649,1,0.0,0.0,-0.01012885290736802,0.0,-0.47206754986988336
649,2,0.0,0.0,0.0,0.0,-1.0803801677771088
649,3,0.0,0.0,0.0,0.0,-0.06831745002120382
649,4,0.0,0.0,0.0,0.0,0.0
650,0,0.0,-0.0009475483754893912,0.0,0.0,-15.606094441889882
650,1,0.0,0.0,-0.01012885290736802,0.0,-0.47206754986988336
650,2,0.0,0.0,0.0,0.0,-1.0803801677771088
650,3,0.0,0.0,0.0,0.0,-0.06831745002120382
650,4,0.0,0.0,0.0,0.0,0.0
651,0,0.0,-0.0009475483754893912,0.0,0.0,-15.616967158181199
651,1,0.0,0.0,-0.01012885290736802,0.0,-0.47206754986988336
651,2,0.0,0.0,0.0,0.0,-1.0803801677771088
651,3,0.0,0.0,0.0,0.0,-0.06831745002120382
651,4,0.0,0.0,0.0,0.0,0.0
652,0,0.0,-0.0009475483754893912,0.0,0.0,-15.627794273417374
652,1,0.0,0.0,-0.01012885290736802,0.0,-0.47206754986988336
652,2,0.0,0.0,0.0,0.0,-1.0803801677771088
652,3,0.0,0.0,0.0,0.0,-0.06831745002120382
652,4,0.0,0.0,0.0,0.0,0.0
653,0,0.0,-0.0009475483754893912,0.0,0.0,-15.63629476851906
653,1,0.0,0.0,-0.01012885290736802,0.0,-0.47206754986988336
653,2,0.0,0.0,0.0,0.0,-1.0803801677771088
653,3,0.0,0.0,0.0,0.0,-0.06831745002120382
653,4,0.0,0.0,0.0,0.0,0.0
654,0,0.0,-0.0009475483754893912,0.0,0.0,-15.648570864569665
654,1,0.0,0.0,-0.01012885290736802,0.0,-0.47206754986988336
654,2,0.0,0.0,0.0,0.0,-1.0803801677771088
654,3,0.0,0.0,0.0,0.0,-0.06831745002120382
654,4,0.0,0.0,0.0,0.0,0.0
655,0,0.0,-0.0009475483754893912,0.0,0.0,-15.657123429629658
655,1,0.0,0.0,-0.01012885290736802,0.0,-0.47206754986988336
655,2,0.0,0.0,0.0,0.0,-1.0803801677771088
655,3,0.0,0.0,0.0,0.0,-0.06831745002120382
655,4,0.0,0.0,0.0,0.0,0.0
656,0,0.0,-0.0009475483754893912,0.0,0.0,-15.666882333904201
656,1,0.0,0.0,-0.01012885290736802,0.0,-0.47206754986988336
656,2,0.0,0.0,0.0,0.0,-1.0803801677771088
656,3,0.0,0.0,0.0,0.0,-0.06831745002120382
656,4,0.0,0.0,0.0,0.0,0.0
657,0,0.0,-0.0009475483754893912,0.0,0.0,-15.676328492582547
657,1,0.0,0.0,-0.01012885290736802,0.0,-0.47206754986988336
657,2,0.0,0.0,0.0,0.0,-1.0803801677771088
657,3,0.0,0.0,0.0,0.0,-0.06831745002120382
657,4,0.0,0.0,0.0,0.0,0.0
658,0,0.0,-0.0009475483754893912,0.0,0.0,-15.686454245640787
658,1,0.0,0.0,-0.01012885290736802,0.0,-0.47206754986988336
658,2,0.0,0.0,0.0,0.0,-1.0803801677771088
658,3,0.0,0.0,0.0,0.0,-0.06831745002120382
658,4,0.0,0.0,0.0,0.0,0.0
659,0,0.0,-0.0009475483754893912,0.0,0.0,-15.697279686148782
659,1,0.0,0.0,-0.01012885290736802,0.0,-0.47206754986988336
659,2,0.0,0.0,0.0,0.0,-1.0803801677771088
659,3,0.0,0.0,0.0,0.0,-0.06831745002120382
659,4,0.0,0.0,0.0,0.0,0.0
660,0,0.0,-0.0009475483754893912,0.0,0.0,-15.710558861525527
660,1,0.0,0.0,-0.01012885290736802,0.0,-0.47206754986988336
660,2,0.0,0.0,0.0,0.0,-1.0803801677771088
660,3,0.0,0.0,0.0,0.0,-0.06831745002120382
660,4,0.0,0.0,0.0,0.0,0.0
661,0,0.0,-0.0009475483754893912,0.0,0.0,-15.723079367106447
661,1,0.0,0.0,-0.01012885290736802,0.0,-0.47206754986988336
661,2,0.0,0.0,0.0,0.0,-1.0803801677771088
661,3,0.0,0.0,0.0,0.0,-0.06831745002120382
661,4,0.0,0.0,0.0,0.0,0.0
662,0,0.0,-0.0009475483754893912,0.0,0.0,-15.730713522239352
662,1,0.0,0.0,-0.01012885290736802,0.0,-0.47206754986988336
662,2,0.0,0.0,0.0,0.0,-1.0803801677771088
662,3,0.0,0.0,0.0,0.0,-0.06831745002120382
662,4,0.0,0.0,0.0,0.0,0.0
663,0,0.0,-0.0009475483754893912,0.0,0.0,-15.737616226785667
663,1,0.0,0.0,-0.01012885290736802,0.0,-0.47206754986988336
663,2,0.0,0.0,0.0,0.0,-1.0803801677771088
663,3,0.0,0.0,0.0,0.0,-0.06831745002120382
663,4,0.0,0.0,0.0,0.0,0.0
664,0,0.0,-0.0009475483754893912,0.0,0.0,-15.743600686404658
664,1,0.0,0.0,-0.01012885290736802,0.0,-0.47206754986988336
664,2,0.0,0.0,0.0,0.0,-1.0803801677771088
664,3,0.0,0.0,0.0,0.0,-0.06831745002120382
664,4,0.0,0.0,0.0,0.0,0.0
665,0,0.0,-0.0009475483754893912,0.0,0.0,-15.757574411044901
665,1,0.0,0.0,-0.01012885290736802,0.0,-0.47206754986988336
665,2,0.0,0.0,0.0,0.0,-1.0803801677771088
665,3,0.0,0.0,0.0,0.0,-0.06831745002120382
665,4,0.0,0.0,0.0,0.0,0.0
666,0,0.0,-0.0009475483754893912,0.0,0.0,-15.766327988776109
666,1,0.0,0.0,-0.01012885290736802,0.0,-0.47206754986988336
666,2,0.0,0.0,0.0,0.0,-1.0803801677771088
666,3,0.0,0.0,0.0,0.0,-0.06831745002120382
666,4,0.0,0.0,0.0,0.0,0.0
667,0,0.0,-0.0009475483754893912,0.0,0.0,-15.775964422127624
667,1,0.0,0.0,-0.01012885290736802,0.0,-0.47206754986988336
667,2,0.0,0.0,0.0,0.0,-1.0803801677771088
667,3,0.0,0.0,0.0,0.0,-0.06831745002120382
667,4,0.0,0.0,0.0,0.0,0.0
668,0,0.0,-0.0009475483754893912,0.0,0.0,-15.78437990833275
668,1,0.0,0.0,-0.01012885290736802,0.0,-0.47206754986988336
668,2,0.0,0.0,0.0,0.0,-1.0803801677771088
668,3,0.0,0.0,0.0,0.0,-0.06831745002120382
668,4,0.0,0.0,0.0,0.0,0.0
669,0,0.0,-0.0009475483754893912,0.0,0.0,-15.795694034270134
669,1,0.0,0.0,-0.01012885290736802,0.0,-0.47206754986988336
669,2,0.0,0.0,0.0,0.0,-1.0803801677771088
669,3,0.0,0.0,0.0,0.0,-0.06831745002120382
669,4,0.0,0.0,0.0,0.0,0.0
670,0,0.0,-0.0009475483754893912,0.0,0.0,-15.805557315565125
670,1,0.0,0.0,-0.01012885290736802,0.0,-0.47206754986988336
670,2,0.0,0.0,0.0,0.0,-1.0803801677771088
670,3,0.0,0.0,0.0,0.0,-0.06831745002120382
670,4,0.0,0.0,0.0,0.0,0.0
671,0,0.0,-0.0009475483754893912,0.0,0.0,-15.811662832648055
671,1,0.0,0.0,-0.01012885290736802,0.0,-0.47206754986988336
671,2,0.0,0.0,0.0,0.0,-1.0803801677771088
671,3,0.0,0.0,0.0,0.0,-0.06831745002120382
671,4,0.0,0.0,0.0,0.0,0.0
672,0,0.0,-0.0009475483754893912,0.0,0.0,-15.815794170317865
672,1,0.0,0.0,-0.01012885290736802,0.0,-0.47206754986988336
672,2,0.0,0.0,0.0,0.0,-1.0803801677771088
672,3,0.0,0.0,0.0,0.0,-0.06831745002120382
672,4,0.0,0.0,0.0,0.0,0.0
673,0,0.0,-0.0009475483754893912,0.0,0.0,-15.825474507616002
673,1,0.0,0.0,-0.01012885290736802,0.0,-0.47206754986988336
673,2,0.0,0.0,0.0,0.0,-1.0803801677771088
673,3,0.0,0.0,0.0,0.0,-0.06831745002120382
673,4,0.0,0.0,0.0,0.0,0.0
674,0,0.0,-0.0009475483754893912,0.0,0.0,-15.834509399464274
674,1,0.0,0.0,-0.01012885290736802,0.0,-0.47206754986988336
674,2,0.0,0.0,0.0,0.0,-1.0803801677771088
674,3,0.0,0.0,0.0,0.0,-0.06831745002120382
674,4,0.0,0.0,0.0,0.0,0.0
675,0,0.0,-0.0009475483754893912,0.0,0.0,-15.845248393847598
675,1,0.0,0.0,-0.01012885290736802,0.0,-0.47206754986988336
675,2,0.0,0.0,0.0,0.0,-1.0803801677771088
675,3,0.0,0.0,0.0,0.0,-0.06831745002120382
675,4,0.0,0.0,0.0,0.0,0.0
676,0,0.0,-0.0009475483754893912,0.0,0.0,-15.855556219665283
676,1,0.0,0.0,-0.01012885290736802,0.0,-0.47206754986988336
676,2,0.0,0.0,0.0,0.0,-1.0803801677771088
676,3,0.0,0.0,0.0,0.0,-0.06831745002120382
676,4,0.0,0.0,0.0,0.0,0.0
677,0,0.0,-0.0009475483754893912,0.0,0.0,-15.865447022907146
677,1,0.0,0.0,-0.01012885290736802,0.0,-0.47206754986988336
677,2,0.0,0.0,0.0,0.0,-1.0803801677771088
677,3,0.0,0.0,0.0,0.0,-0.06831745002120382
677,4,0.0,0.0,0.0,0.0,0.0
678,0,0.0,-0.0009475483754893912,0.0,0.0,-15.873842954184369
678,1,0.0,0.0,-0.01012885290736802,0.0,-0.47206754986988336
678,2,0.0,0.0,0.0,0.0,-1.0803801677771088
678,3,0.0,0.0,0.0,0.0,-0.06831745002120382
678,4,0.0,0.0,0.0,0.0,0.0
679,0,0.0,-0.0009475483754893912,0.0,0.0,-15.879081936519354
679,1,0.0,0.0,-0.01012885290736802,0.0,-0.47206754986988336
679,2,0.0,0.0,0.0,0.0,-1.0803801677771088
679,3,0.0,0.0,0.0,0.0,-0.06831745002120382
679,4,0.0,0.0,0.0,0.0,0.0
680,0,0.0,-0.0009475483754893912,0.0,0.0,-15.884133205028213
680,1,0.0,0.0,-0.01012885290736802,0.0,-0.47206754986988336
680,2,0.0,0.0,0.0,0.0,-1.0803801677771088
680,3,0.0,0.0,0.0,0.0,-0.06831745002120382
680,4,0.0,0.0,0.0,0.0,0.0
681,0,0.0,-0.0009475483754893912,0.0,0.0,-15.891559615388324
681,1,0.0,0.0,-0.01012885290736802,0.0,-0.47206754986988336
681,2,0.0,0.0,0.0,0.0,-1.0803801677771088
681,3,0.0,0.0,0.0,0.0,-0.06831745002120382
681,4,0.0,0.0,0.0,0.0,0.0
682,0,0.0,-0.0009475483754893912,0.0,0.0,-15.902865705229642
682,1,0.0,0.0,-0.01012885290736802,0.0,-0.47206754986988336
682,2,0.0,0.0,0.0,0.0,-1.0803801677771088
682,3,0.0,0.0,0.0,0.0,-0.06831745002120382
682,4,0.0,0.0,0.0,0.0,0.0
683,0,0.0,-0.0009475483754893912,0.0,0.0,-15.909980904873628
683,1,0.0,0.0,-0.01012885290736802,0.0,-0.47206754986988336
683,2,0.0,0.0,0.0,0.0,-1.0803801677771088
683,3,0.0,0.0,0.0,0.0,-0.06831745002120382
683,4,0.0,0.0,0.0,0.0,0.0
684,0,0.0,-0.0009475483754893912,0.0,0.0,-15.916290226025083
684,1,0.0,0.0,-0.01012885290736802,0.0,-0.47206754986988336
684,2,0.0,0.0,0.0,0.0,-1.0803801677771088
684,3,0.0,0.0,0.0,0.0,-0.06831745002120382
684,4,0.0,0.0,0.0,0.0,0.0
685,0,0.0,-0.0009475483754893912,0.0,0.0,-15.921800296818969
685,1,0.0,0.0,-0.01012885290736802,0.0,-0.47206754986988336
685,2,0.0,0.0,0.0,0.0,-1.0803801677771088
685,3,0.0,0.0,0.0,0.0,-0.06831745002120382
685,4,0.0,0.0,0.0,0.0,0.0
686,0,0.0,-0.0009475483754893912,0.0,0.0,-15.930192344117136
686,1,0.0,0.0,-0.01012885290736802,0.0,-0.47206754986988336
686,2,0.0,0.0,0.0,0.0,-1.0803801677771088
686,3,0.0,0.0,0.0,0.0,-0.06831745002120382
686,4,0.0,0.0,0.0,0.0,0.0
687,0,0.0,-0.0009475483754893912,0.0,0.0,-15.940624777201696
687,1,0.0,0.0,-0.01012885290736802,0.0,-0.47206754986988336
687,2,0.0,0.0,0.0,0.0,-1.0803801677771088
687,3,0.0,0.0,0.0,0.0,-0.06831745002120382
687,4,0.0,0.0,0.0,0.0,0.0
688,0,0.0,-0.0009475483754893912,0.0,0.0,-15.946971376604491
688,1,0.0,0.0,-0.01012885290736802,0.0,-0.47206754986988336
688,2,0.0,0.0,0.0,0.0,-1.0803801677771088
688,3,0.0,0.0,0.0,0.0,-0.06831745002120382
688,4,0.0,0.0,0.0,0.0,0.0
689,0,0.0,-0.0009475483754893912,0.0,0.0,-15.95592874171993
689,1,0.0,0.0,-0.01012885290736802,0.0,-0.47206754986988336
689,2,0.0,0.0,0.0,0.0,-1.0803801677771088
689,3,0.0,0.0,0.0,0.0,-0.06831745002120382
689,4,0.0,0.0,0.0,0.0,0.0
690,0,0.0,-0.0009475483754893912,0.0,0.0,-15.965010927538454
690,1,0.0,0.0,-0.01012885290736802,0.0,-0.47206754986988336
690,2,0.0,0.0,0.0,0.0,-1.0803801677771088
690,3,0.0,0.0,0.0,0.0,-0.06831745002120382
690,4,0.0,0.0,0.0,0.0,0.0
691,0,0.0,-0.0009475483754893912,0.0,0.0,-15.972701391897909
691,1,0.0,0.0,-0.01012885290736802,0.0,-0.47206754986988336
691,2,0.0,0.0,0.0,0.0,-1.0803801677771088
691,3,0.0,0.0,0.0,0.0,-0.06831745002120382
691,4,0.0,0.0,0.0,0.0,0.0
692,0,0.0,-0.0009475483754893912,0.0,0.0,-15.982691419155676
692,1,0.0,0.0,-0.01012885290736802,0.0,-0.47206754986988336
692,2,0.0,0.0,0.0,0.0,-1.0803801677771088
692,3,0.0,0.0,0.0,0.0,-0.06831745002120382
692,4,0.0,0.0,0.0,0.0,0.0
693,0,0.0,-0.0009475483754893912,0.0,0.0,-15.98919012762222
693,1,0.0,0.0,-0.01012885290736802,0.0,-0.47206754986988336
693,2,0.0,0.0,0.0,0.0,-1.0803801677771088
693,3,0.0,0.0,0.0,0.0,-0.06831745002120382
693,4,0.0,0.0,0.0,0.0,0.0
694,0,0.0,-0.0009475483754893912,0.0,0.0,-15.995969893890877
694,1,0.0,0.0,-0.01012885290736802,0.0,-0.47206754986988336
694,2,0.0,0.0,0.0,0.0,-1.0803801677771088
694,3,0.0,0.0,0.0,0.0,-0.06831745002120382
694,4,0.0,0.0,0.0,0.0,0.0
695,0,0.0,-0.0009475483754893912,0.0,0.0,-16.007023574878115
695,1,0.0,0.0,-0.01012885290736802,0.0,-0.47206754986988336
695,2,0.0,0.0,0.0,0.0,-1.0803801677771088
695,3,0.0,0.0,0.0,0.0,-0.06831745002120382
695,4,0.0,0.0,0.0,0.0,0.0
696,0,0.0,-0.0009475483754893912,0.0,0.0,-16.01816052727841
696,1,0.0,0.0,-0.01012885290736802,0.0,-0.47206754986988336
696,2,0.0,0.0,0.0,0.0,-1.0803801677771088
696,3,0.0,0.0,0.0,0.0,-0.06831745002120382
696,4,0.0,0.0,0.0,0.0,0.0
697,0,0.0,-0.0009475483754893912,0.0,0.0,-16.021527230355215
697,1,0.0,0.0,-0.01012885290736802,0.0,-0.47206754986988336
697,2,0.0,0.0,0.0,0.0,-1.0803801677771088
697,3,0.0,0.0,0.0,0.0,-0.06831745002120382
697,4,0.0,0.0,0.0,0.0,0.0
698,0,0.0,-0.0009475483754893912,0.0,0.0,-16.0294876947523
698,1,0.0,0.0,-0.01012885290736802,0.0,-0.47206754986988336
698,2,0.0,0.0,0.0,0.0,-1.0803801677771088
698,3,0.0,0.0,0.0,0.0,-0.06831745002120382
698,4,0.0,0.0,0.0,0.0,0.0
699,0,0.0,-0.0013162023636379204,0.0,0.0,-16.0294876947523
699,1,0.0,0.0,-0.01012885290736802,0.0,-0.5239137614015675
699,2,0.0,0.0,0.0,0.0,-1.0803801677771088
699,3,0.0,0.0,0.0,0.0,-0.06831745002120382
699,4,0.0,0.0,0.0,0.0,0.0
700,0,0.0,-0.0013162023636379204,0.0,0.0,-16.038275275780393
700,1,0.0,0.0,-0.01012885290736802,0.0,-0.5239137614015675
700,2,0.0,0.0,0.0,0.0,-1.0803801677771088
700,3,0.0,0.0,0.0,0.0,-0.06831745002120382
700,4,0.0,0.0,0.0,0.0,0.0
701,0,0.0,-0.0013162023636379204,0.0,0.0,-16.047192606242636
701,1,0.0,0.0,-0.01012885290736802,0.0,-0.5239137614015675
701,2,0.0,0.0,0.0,0.0,-1.0803801677771088
701,3,0.0,0.0,0.0,0.0,-0.06831745002120382
701,4,0.0,0.0,0.0,0.0,0.0
702,0,0.0,-0.0013162023636379204,0.0,0.0,-16.053695736382114
702,1,0.0,0.0,-0.01012885290736802,0.0,-0.5239137614015675
702,2,0.0,0.0,0.0,0.0,-1.0803801677771088
702,3,0.0,0.0,0.0,0.0,-0.06831745002120382
702,4,0.0,0.0,0.0,0.0,0.0
703,0,0.0,-0.0013162023636379204,0.0,0.0,-16.062415068519112
703,1,0.0,0.0,-0.01012885290736802,0.0,-0.5239137614015675
703,2,0.0,0.0,0.0,0.0,-1.0803801677771088
703,3,0.0,0.0,0.0,0.0,-0.06831745002120382
703,4,0.0,0.0,0.0,0.0,0.0
704,0,0.0,-0.0013162023636379204,0.0,0.0,-16.070233967038167
704,1,0.0,0.0,-0.01012885290736802,0.0,-0.5239137614015675
704,2,0.0,0.0,0.0,0.0,-1.0803801677771088
704,3,0.0,0.0,0.0,0.0,-0.06831745002120382
704,4,0.0,0.0,0.0,0.0,0.0
705,0,0.0,-0.0013162023636379204,0.0,0.0,-16.08121387652306
705,1,0.0,0.0,-0.01012885290736802,0.0,-0.5239137614015675
705,2,0.0,0.0,0.0,0.0,-1.0803801677771088
705,3,0.0,0.0,0.0,0.0,-0.06831745002120382
705,4,0.0,0.0,0.0,0.0,0.0
706,0,0.0,-0.0013162023636379204,0.0,0.0,-16.090886902159724
706,1,0.0,0.0,-0.01012885290736802,0.0,-0.5239137614015675
706,2,0.0,0.0,0.0,0.0,-1.0803801677771088
706,3,0.0,0.0,0.0,0.0,-0.06831745002120382
706,4,0.0,0.0,0.0,0.0,0.0
707,0,0.0,-0.0013162023636379204,0.0,0.0,-16.10002017589232
707,1,0.0,0.0,-0.01012885290736802,0.0,-0.5239137614015675
707,2,0.0,0.0,0.0,0.0,-1.0803801677771088
707,3,0.0,0.0,0.0,0.0,-0.06831745002120382
707,4,0.0,0.0,0.0,0.0,0.0
708,0,0.0,-0.0013162023636379204,0.0,0.0,-16.10635664450714
708,1,0.0,0.0,-0.01012885290736802,0.0,-0.5239137614015675
708,2,0.0,0.0,0.0,0.0,-1.0803801677771088
708,3,0.0,0.0,0.0,0.0,-0.06831745002120382
708,4,0.0,0.0,0.0,0.0,0.0
709,0,0.0,-0.0013162023636379204,0.0,0.0,-16.11890929270017
709,1,0.0,0.0,-0.01012885290736802,0.0,-0.5239137614015675
709,2,0.0,0.0,0.0,0.0,-1.0803801677771088
709,3,0.0,0.0,0.0,0.0,-0.06831745002120382
709,4,0.0,0.0,0.0,0.0,0.0
710,0,0.0,-0.0013162023636379204,0.0,0.0,-16.129210449537315
710,1,0.0,0.0,-0.01012885290736802,0.0,-0.5239137614015675
710,2,0.0,0.0,0.0,0.0,-1.0803801677771088
710,3,0.0,0.0,0.0,0.0,-0.06831745002120382
710,4,0.0,0.0,0.0,0.0,0.0
711,0,0.0,-0.0013162023636379204,0.0,0.0,-16.138244824185627
711,1,0.0,0.0,-0.01012885290736802,0.0,-0.5239137614015675
711,2,0.0,0.0,0.0,0.0,-1.0803801677771088
711,3,0.0,0.0,0.0,0.0,-0.06831745002120382
711,4,0.0,0.0,0.0,0.0,0.0
712,0,0.0,-0.0013162023636379204,0.0,0.0,-16.147130207724516
712,1,0.0,0.0,-0.01012885290736802,0.0,-0.5239137614015675
712,2,0.0,0.0,0.0,0.0,-1.0803801677771088
712,3,0.0,0.0,0.0,0.0,-0.06831745002120382
712,4,0.0,0.0,0.0,0.0,0.0
713,0,0.0,-0.0013162023636379204,0.0,0.0,-16.1532109162045
713,1,0.0,0.0,-0.01012885290736802,0.0,-0.5239137614015675
713,2,0.0,0.0,0.0,0.0,-1.0803801677771088
713,3,0.0,0.0,0.0,0.0,-0.06831745002120382
713,4,0.0,0.0,0.0,0.0,0.0
714,0,0.0,-0.0013162023636379204,0.0,0.0,-16.16336112803594
714,1,0.0,0.0,-0.01012885290736802,0.0,-0.5239137614015675
714,2,0.0,0.0,0.0,0.0,-1.0803801677771088
714,3,0.0,0.0,0.0,0.0,-0.06831745002120382
714,4,0.0,0.0,0.0,0.0,0.0
715,0,0.0,-0.0013162023636379204,0.0,0.0,-16.174153210018176
715,1,0.0,0.0,-0.01012885290736802,0.0,-0.5239137614015675
715,2,0.0,0.0,0.0,0.0,-1.0803801677771088
715,3,0.0,0.0,0.0,0.0,-0.06831745002120382
715,4,0.0,0.0,0.0,0.0,0.0
716,0,0.0,-0.0013162023636379204,0.0,0.0,-16.181350929567557
716,1,0.0,0.0,-0.01012885290736802,0.0,-0.5239137614015675
716,2,0.0,0.0,0.0,0.0,-1.0803801677771088
716,3,0.0,0.0,0.0,0.0,-0.06831745002120382
716,4,0.0,0.0,0.0,0.0,0.0
717,0,0.0,-0.0013162023636379204,0.0,0.0,-16.192008851220752
717,1,0.0,0.0,-0.01012885290736802,0.0,-0.5239137614015675
717,2,0.0,0.0,0.0,0.0,-1.0803801677771088
717,3,0.0,0.0,0.0,0.0,-0.06831745002120382
717,4,0.0,0.0,0.0,0.0,0.0
718,0,0.0,-0.0013162023636379204,0.0,0.0,-16.201070703102914
718,1,0.0,0.0,-0.01012885290736802,0.0,-0.5239137614015675
718,2,0.0,0.0,0.0,0.0,-1.0803801677771088
718,3,0.0,0.0,0.0,0.0,-0.06831745002120382
718,4,0.0,0.0,0.0,0.0,0.0
719,0,0.0,-0.0013162023636379204,0.0,0.0,-16.21038194173069
719,1,0.0,0.0,-0.01012885290736802,0.0,-0.5239137614015675
719,2,0.0,0.0,0.0,0.0,-1.0803801677771088
719,3,0.0,0.0,0.0,0.0,-0.06831745002120382
719,4,0.0,0.0,0.0,0.0,0.0
720,0,0.0,-0.0013162023636379204,0.0,0.0,-16.21862535805063
720,1,0.0,0.0,-0.01012885290736802,0.0,-0.5239137614015675
720,2,0.0,0.0,0.0,0.0,-1.0803801677771088
720,3,0.0,0.0,0.0,0.0,-0.06831745002120382
720,4,0.0,0.0,0.0,0.0,0.0
721,0,0.0,-0.0013162023636379204,0.0,0.0,-16.22644708196326
721,1,0.0,0.0,-0.01012885290736802,0.0,-0.5239137614015675
721,2,0.0,0.0,0.0,0.0,-1.0803801677771088
721,3,0.0,0.0,0.0,0.0,-0.06831745002120382
721,4,0.0,0.0,0.0,0.0,0.0
722,0,0.0,-0.0013162023636379204,0.0,0.0,-16.232213994881665
722,1,0.0,0.0,-0.01012885290736802,0.0,-0.5239137614015675
722,2,0.0,0.0,0.0,0.0,-1.0803801677771088
722,3,0.0,0.0,0.0,0.0,-0.06831745002120382
722,4,0.0,0.0,0.0,0.0,0.0
723,0,0.0,-0.0013162023636379204,0.0,0.0,-16.24103449492794
723,1,0.0,0.0,-0.01012885290736802,0.0,-0.5239137614015675
723,2,0.0,0.0,0.0,0.0,-1.0803801677771088
723,3,0.0,0.0,0.0,0.0,-0.06831745002120382
723,4,0.0,0.0,0.0,0.0,0.0
724,0,0.0,-0.0013162023636379204,0.0,0.0,-16.249664357205468
724,1,0.0,0.0,-0.01012885290736802,0.0,-0.5239137614015675
724,2,0.0,0.0,0.0,0.0,-1.0803801677771088
724,3,0.0,0.0,0.0,0.0,-0.06831745002120382
724,4,0.0,0.0,0.0,0.0,0.0
725,0,0.0,-0.0013162023636379204,0.0,0.0,-16.259289955114678
725,1,0.0,0.0,-0.01012885290736802,0.0,-0.5239137614015675
725,2,0.0,0.0,0.0,0.0,-1.0803801677771088
725,3,0.0,0.0,0.0,0.0,-0.06831745002120382
725,4,0.0,0.0,0.0,0.0,0.0
726,0,0.0,-0.0013162023636379204,0.0,0.0,-16.267773120233894
726,1,0.0,0.0,-0.01012885290736802,0.0,-0.5239137614015675
726,2,0.0,0.0,0.0,0.0,-1.0803801677771088
726,3,0.0,0.0,0.0,0.0,-0.06831745002120382
726,4,0.0,0.0,0.0,0.0,0.0
727,0,0.0,-0.0013162023636379204,0.0,0.0,-16.276122458671853
727,1,0.0,0.0,-0.01012885290736802,0.0,-0.5239137614015675
727,2,0.0,0.0,0.0,0.0,-1.0803801677771088
727,3,0.0,0.0,0.0,0.0,-0.06831745002120382
727,4,0.0,0.0,0.0,0.0,0.0
728,0,0.0,-0.0013162023636379204,0.0,0.0,-16.28256472777002
728,1,0.0,0.0,-0.01012885290736802,0.0,-0.5239137614015675
728,2,0.0,0.0,0.0,0.0,-1.0803801677771088
728,3,0.0,0.0,0.0,0.0,-0.06831745002120382
728,4,0.0,0.0,0.0,0.0,0.0
729,0,0.0,-0.0013162023636379204,0.0,0.0,-16.292695307811215
729,1,0.0,0.0,-0.01012885290736802,0.0,-0.5239137614015675
729,2,0.0,0.0,0.0,0.0,-1.0803801677771088
729,3,0.0,0.0,0.0,0.0,-0.06831745002120382
729,4,0.0,0.0,0.0,0.0,0.0
730,0,0.0,-0.0013162023636379204,0.0,0.0,-16.2990970191292
730,1,0.0,0.0,-0.01012885290736802,0.0,-0.5239137614015675
730,2,0.0,0.0,0.0,0.0,-1.0803801677771088
730,3,0.0,0.0,0.0,0.0,-0.06831745002120382
730,4,0.0,0.0,0.0,0.0,0.0
731,0,0.0,-0.0013162023636379204,0.0,0.0,-16.30549646489717
731,1,0.0,0.0,-0.01012885290736802,0.0,-0.5239137614015675
731,2,0.0,0.0,0.0,0.0,-1.0803801677771088
731,3,0.0,0.0,0.0,0.0,-0.06831745002120382
731,4,0.0,0.0,0.0,0.0,0.0
732,0,0.0,-0.0013162023636379204,0.0,0.0,-16.313352750011642
732,1,0.0,0.0,-0.01012885290736802,0.0,-0.5239137614015675
732,2,0.0,0.0,0.0,0.0,-1.0803801677771088
732,3,0.0,0.0,0.0,0.0,-0.06831745002120382
732,4,0.0,0.0,0.0,0.0,0.0
733,0,0.0,-0.0013162023636379204,0.0,0.0,-16.321015721557313
733,1,0.0,0.0,-0.01012885290736802,0.0,-0.5239137614015675
733,2,0.0,0.0,0.0,0.0,-1.0803801677771088
733,3,0.0,0.0,0.0,0.0,-0.06831745002120382
733,4,0.0,0.0,0.0,0.0,0.0
734,0,0.0,-0.0013162023636379204,0.0,0.0,-16.32668517304762
734,1,0.0,0.0,-0.01012885290736802,0.0,-0.5239137614015675
734,2,0.0,0.0,0.0,0.0,-1.0803801677771088
734,3,0.0,0.0,0.0,0.0,-0.06831745002120382
734,4,0.0,0.0,0.0,0.0,0.0
735,0,0.0,-0.0013162023636379204,0.0,0.0,-16.33393340937298
735,1,0.0,0.0,-0.01012885290736802,0.0,-0.5239137614015675
735,2,0.0,0.0,0.0,0.0,-1.0803801677771088
735,3,0.0,0.0,0.0,0.0,-0.06831745002120382
735,4,0.0,0.0,0.0,0.0,0.0
736,0,0.0,-0.0013162023636379204,0.0,0.0,-16.34523643113967
736,1,0.0,0.0,-0.01012885290736802,0.0,-0.5239137614015675
736,2,0.0,0.0,0.0,0.0,-1.0803801677771088
736,3,0.0,0.0,0.0,0.0,-0.06831745002120382
736,4,0.0,0.0,0.0,0.0,0.0
737,0,0.0,-0.0013162023636379204,0.0,0.0,-16.35428789799647
737,1,0.0,0.0,-0.01012885290736802,0.0,-0.5239137614015675
737,2,0.0,0.0,0.0,0.0,-1.0803801677771088
737,3,0.0,0.0,0.0,0.0,-0.06831745002120382
737,4,0.0,0.0,0.0,0.0,0.0
738,0,0.0,-0.0013162023636379204,0.0,0.0,-16.362081184048535
738,1,0.0,0.0,-0.01012885290736802,0.0,-0.5239137614015675
738,2,0.0,0.0,0.0,0.0,-1.0803801677771088
738,3,0.0,0.0,0.0,0.0,-0.06831745002120382
738,4,0.0,0.0,0.0,0.0,0.0
739,0,0.0,-0.0013162023636379204,0.0,0.0,-16.369446396507737
739,1,0.0,0.0,-0.01012885290736802,0.0,-0.5239137614015675
739,2,0.0,0.0,0.0,0.0,-1.0803801677771088
739,3,0.0,0.0,0.0,0.0,-0.06831745002120382
739,4,0.0,0.0,0.0,0.0,0.0
740,0,0.0,-0.0013162023636379204,0.0,0.0,-16.381450031714618
740,1,0.0,0.0,-0.01012885290736802,0.0,-0.5239137614015675
740,2,0.0,0.0,0.0,0.0,-1.0803801677771088
740,3,0.0,0.0,0.0,0.0,-0.06831745002120382
740,4,0.0,0.0,0.0,0.0,0.0
741,0,0.0,-0.0013162023636379204,0.0,0.0,-16.389321946444113
741,1,0.0,0.0,-0.01012885290736802,0.0,-0.5239137614015675
741,2,0.0,0.0,0.0,0.0,-1.0803801677771088
741,3,0.0,0.0,0.0,0.0,-0.06831745002120382
741,4,0.0,0.0,0.0,0.0,0.0
742,0,0.0,-0.0013162023636379204,0.0,0.0,-16.398123778789262
742,1,0.0,0.0,-0.01012885290736802,0.0,-0.5239137614015675
742,2,0.0,0.0,0.0,0.0,-1.0803801677771088
742,3,0.0,0.0,0.0,0.0,-0.06831745002120382
742,4,0.0,0.0,0.0,0.0,0.0
743,0,0.0,-0.0013162023636379204,0.0,0.0,-16.408411834788552
743,1,0.0,0.0,-0.01012885290736802,0.0,-0.5239137614015675
743,2,0.0,0.0,0.0,0.0,-1.0803801677771088
743,3,0.0,0.0,0.0,0.0,-0.06831745002120382
743,4,0.0,0.0,0.0,0.0,0.0
744,0,0.0,-0.0013162023636379204,0.0,0.0,-16.41768635037944
744,1,0.0,0.0,-0.01012885290736802,0.0,-0.5239137614015675
744,2,0.0,0.0,0.0,0.0,-1.0803801677771088
744,3,0.0,0.0,0.0,0.0,-0.06831745002120382
744,4,0.0,0.0,0.0,0.0,0.0
745,0,0.0,-0.0013162023636379204,0.0,0.0,-16.42422346443207
745,1,0.0,0.0,-0.01012885290736802,0.0,-0.5239137614015675
745,2,0.0,0.0,0.0,0.0,-1.0803801677771088
745,3,0.0,0.0,0.0,0.0,-0.06831745002120382
745,4,0.0,0.0,0.0,0.0,0.0
746,0,0.0,-0.0013162023636379204,0.0,0.0,-16.430862358164678
746,1,0.0,0.0,-0.01012885290736802,0.0,-0.5239137614015675
746,2,0.0,0.0,0.0,0.0,-1.0803801677771088
746,3,0.0,0.0,0.0,0.0,-0.06831745002120382
746,4,0.0,0.0,0.0,0.0,0.0
747,0,0.0,-0.0013162023636379204,0.0,0.0,-16.442152592608416
747,1,0.0,0.0,-0.01012885290736802,0.0,-0.5239137614015675
747,2,0.0,0.0,0.0,0.0,-1.0803801677771088
747,3,0.0,0.0,0.0,0.0,-0.06831745002120382
747,4,0.0,0.0,0.0,0.0,0.0
748,0,0.0,-0.0013162023636379204,0.0,0.0,-16.44875918622058
748,1,0.0,0.0,-0.01012885290736802,0.0,-0.5239137614015675
748,2,0.0,0.0,0.0,0.0,-1.0803801677771088
748,3,0.0,0.0,0.0,0.0,-0.06831745002120382
748,4,0.0,0.0,0.0,0.0,0.0
749,0,0.0,-0.0013162023636379204,0.0,0.0,-16.459302660049286
749,1,0.0,0.0,-0.01012885290736802,0.0,-0.5239137614015675
749,2,0.0,0.0,0.0,0.0,-1.0803801677771088
749,3,0.0,0.0,0.0,0.0,-0.06831745002120382
749,4,0.0,0.0,0.0,0.0,0.0
750,0,0.0,-0.0013162023636379204,0.0,0.0,-16.465829338600876
750,1,0.0,0.0,-0.01012885290736802,0.0,-0.5239137614015675
750,2,0.0,0.0,0.0,0.0,-1.0803801677771088
750,3,0.0,0.0,0.0,0.0,-0.06831745002120382
750,4,0.0,0.0,0.0,0.0,0.0
751,0,0.0,-0.0013162023636379204,0.0,0.0,-16.473215405181424
751,1,0.0,0.0,-0.01012885290736802,0.0,-0.5239137614015675
751,2,0.0,0.0,0.0,0.0,-1.0803801677771088
751,3,0.0,0.0,0.0,0.0,-0.06831745002120382
751,4,0.0,0.0,0.0,0.0,0.0
752,0,0.0,-0.0013162023636379204,0.0,0.0,-16.480061737865025
752,1,0.0,0.0,-0.01012885290736802,0.0,-0.5239137614015675
752,2,0.0,0.0,0.0,0.0,-1.0803801677771088
752,3,0.0,0.0,0.0,0.0,-0.06831745002120382
752,4,0.0,0.0,0.0,0.0,0.0
753,0,0.0,-0.0013162023636379204,0.0,0.0,-16.484942666632737
753,1,0.0,0.0,-0.01012885290736802,0.0,-0.5239137614015675
753,2,0.0,0.0,0.0,0.0,-1.0803801677771088
753,3,0.0,0.0,0.0,0.0,-0.06831745002120382
753,4,0.0,0.0,0.0,0.0,0.0
754,0,0.0,-0.0013162023636379204,0.0,0.0,-16.493873943586344
754,1,0.0,0.0,-0.01012885290736802,0.0,-0.5239137614015675
754,2,0.0,0.0,0.0,0.0,-1.0803801677771088
754,3,0.0,0.0,0.0,0.0,-0.06831745002120382
754,4,0.0,0.0,0.0,0.0,0.0
755,0,0.0,-0.0013162023636379204,0.0,0.0,-16.499622638933225
755,1,0.0,0.0,-0.01012885290736802,0.0,-0.5239137614015675
755,2,0.0,0.0,0.0,0.0,-1.0803801677771088
755,3,0.0,0.0,0.0,0.0,-0.06831745002120382
755,4,0.0,0.0,0.0,0.0,0.0
756,0,0.0,-0.0013162023636379204,0.0,0.0,-16.505538521734525
756,1,0.0,0.0,-0.01012885290736802,0.0,-0.5239137614015675
756,2,0.0,0.0,0.0,0.0,-1.0803801677771088
756,3,0.0,0.0,0.0,0.0,-0.06831745002120382
756,4,0.0,0.0,0.0,0.0,0.0
757,0,0.0,-0.0013162023636379204,0.0,0.0,-16.51657768144601
757,1,0.0,0.0,-0.01012885290736802,0.0,-0.5239137614015675
757,2,0.0,0.0,0.0,0.0,-1.0803801677771088
757,3,0.0,0.0,0.0,0.0,-0.06831745002120382
757,4,0.0,0.0,0.0,0.0,0.0
758,0,0.0,-0.0013162023636379204,0.0,0.0,-16.523874982707387
758,1,0.0,0.0,-0.01012885290736802,0.0,-0.5239137614015675
758,2,0.0,0.0,0.0,0.0,-1.0803801677771088
758,3,0.0,0.0,0.0,0.0,-0.06831745002120382
758,4,0.0,0.0,0.0,0.0,0.0
759,0,0.0,-0.0013162023636379204,0.0,0.0,-16.532713447664737
759,1,0.0,0.0,-0.01012885290736802,0.0,-0.5239137614015675
759,2,0.0,0.0,0.0,0.0,-1.0803801677771088
759,3,0.0,0.0,0.0,0.0,-0.06831745002120382
759,4,0.0,0.0,0.0,0.0,0.0
760,0,0.0,-0.0013162023636379204,0.0,0.0,-16.541512024780772
760,1,0.0,0.0,-0.01012885290736802,0.0,-0.5239137614015675
760,2,0.0,0.0,0.0,0.0,-1.0803801677771088
760,3,0.0,0.0,0.0,0.0,-0.06831745002120382
760,4,0.0,0.0,0.0,0.0,0.0
761,0,0.0,-0.0013162023636379204,0.0,0.0,-16.5482132592519
761,1,0.0,0.0,-0.01012885290736802,0.0,-0.5239137614015675
761,2,0.0,0.0,0.0,0.0,-1.0803801677771088
761,3,0.0,0.0,0.0,0.0,-0.06831745002120382
761,4,0.0,0.0,0.0,0.0,0.0
762,0,0.0,-0.0013162023636379204,0.0,0.0,-16.55455224041904
762,1,0.0,0.0,-0.01012885290736802,0.0,-0.5239137614015675
762,2,0.0,0.0,0.0,0.0,-1.0803801677771088
762,3,0.0,0.0,0.0,0.0,-0.06831745002120382
762,4,0.0,0.0,0.0,0.0,0.0
763,0,0.0,-0.0013162023636379204,0.0,0.0,-16.562568547858117
763,1,0.0,0.0,-0.01012885290736802,0.0,-0.5239137614015675
763,2,0.0,0.0,0.0,0.0,-1.0803801677771088
763,3,0.0,0.0,0.0,0.0,-0.06831745002120382
763,4,0.0,0.0,0.0,0.0,0.0
764,0,0.0,-0.0013162023636379204,0.0,0.0,-16.566536922245128
764,1,0.0,0.0,-0.01012885290736802,0.0,-0.5239137614015675
764,2,0.0,0.0,0.0,0.0,-1.0803801677771088
764,3,0.0,0.0,0.0,0.0,-0.06831745002120382
764,4,0.0,0.0,0.0,0.0,0.0
765,0,0.0,-0.0013162023636379204,0.0,0.0,-16.57717806160299
765,1,0.0,0.0,-0.01012885290736802,0.0,-0.5239137614015675
765,2,0.0,0.0,0.0,0.0,-1.0803801677771088
765,3,0.0,0.0,0.0,0.0,-0.06831745002120382
765,4,0.0,0.0,0.0,0.0,0.0
766,0,0.0,-0.0013162023636379204,0.0,0.0,-16.582633459264294
766,1,0.0,0.0,-0.01012885290736802,0.0,-0.5239137614015675
766,2,0.0,0.0,0.0,0.0,-1.0803801677771088
766,3,0.0,0.0,0.0,0.0,-0.06831745002120382
766,4,0.0,0.0,0.0,0.0,0.0
767,0,0.0,-0.0013162023636379204,0.0,0.0,-16.591037768491564
767,1,0.0,0.0,-0.01012885290736802,0.0,-0.5239137614015675
767,2,0.0,0.0,0.0,0.0,-1.0803801677771088
767,3,0.0,0.0,0.0,0.0,-0.06831745002120382
767,4,0.0,0.0,0.0,0.0,0.0
768,0,0.0,-0.0013162023636379204,0.0,0.0,-16.597013681439332
768,1,0.0,0.0,-0.01012885290736802,0.0,-0.5239137614015675
768,2,0.0,0.0,0.0,0.0,-1.0803801677771088
768,3,0.0,0.0,0.0,0.0,-0.06831745002120382
768,4,0.0,0.0,0.0,0.0,0.0
769,0,0.0,-0.0013162023636379204,0.0,0.0,-16.608896962363264
769,1,0.0,0.0,-0.01012885290736802,0.0,-0.5239137614015675
769,2,0.0,0.0,0.0,0.0,-1.0803801677771088
769,3,0.0,0.0,0.0,0.0,-0.06831745002120382
769,4,0.0,0.0,0.0,0.0,0.0
770,0,0.0,-0.0013162023636379204,0.0,0.0,-16.617591585191796
770,1,0.0,0.0,-0.01012885290736802,0.0,-0.5239137614015675
770,2,0.0,0.0,0.0,0.0,-1.0803801677771088
770,3,0.0,0.0,0.0,0.0,-0.06831745002120382
770,4,0.0,0.0,0.0,0.0,0.0
771,0,0.0,-0.0013162023636379204,0.0,0.0,-16.62746720999388
771,1,0.0,0.0,-0.01012885290736802,0.0,-0.5239137614015675
771,2,0.0,0.0,0.0,0.0,-1.0803801677771088
771,3,0.0,0.0,0.0,0.0,-0.06831745002120382
771,4,0.0,0.0,0.0,0.0,0.0
772,0,0.0,-0.0013162023636379204,0.0,0.0,-16.640356220023406
772,1,0.0,0.0,-0.01012885290736802,0.0,-0.5239137614015675
772,2,0.0,0.0,0.0,0.0,-1.0803801677771088
772,3,0.0,0.0,0.0,0.0,-0.06831745002120382
772,4,0.0,0.0,0.0,0.0,0.0
773,0,0.0,-0.0013162023636379204,0.0,0.0,-16.647936351072996
773,1,0.0,0.0,-0.01012885290736802,0.0,-0.5239137614015675
773,2,0.0,0.0,0.0,0.0,-1.0803801677771088
773,3,0.0,0.0,0.0,0.0,-0.06831745002120382
773,4,0.0,0.0,0.0,0.0,0.0
774,0,0.0,-0.0013162023636379204,0.0,0.0,-16.655595330314167
774,1,0.0,0.0,-0.01012885290736802,0.0,-0.5239137614015675
774,2,0.0,0.0,0.0,0.0,-1.0803801677771088
774,3,0.0,0.0,0.0,0.0,-0.06831745002120382
774,4,0.0,0.0,0.0,0.0,0.0
775,0,0.0,-0.0013162023636379204,0.0,0.0,-16.663212160775796
775,1,0.0,0.0,-0.01012885290736802,0.0,-0.5239137614015675
775,2,0.0,0.0,0.0,0.0,-1.0803801677771088
775,3,0.0,0.0,0.0,0.0,-0.06831745002120382
775,4,0.0,0.0,0.0,0.0,0.0
776,0,0.0,-0.0013162023636379204,0.0,0.0,-16.669020787519045
776,1,0.0,0.0,-0.01012885290736802,0.0,-0.5239137614015675
776,2,0.0,0.0,0.0,0.0,-1.0803801677771088
776,3,0.0,0.0,0.0,0.0,-0.06831745002120382
776,4,0.0,0.0,0.0,0.0,0.0
777,0,0.0,-0.0013162023636379204,0.0,0.0,-16.67410585700868
777,1,0.0,0.0,-0.01012885290736802,0.0,-0.5239137614015675
777,2,0.0,0.0,0.0,0.0,-1.0803801677771088
777,3,0.0,0.0,0.0,0.0,-0.06831745002120382
777,4,0.0,0.0,0.0,0.0,0.0
778,0,0.0,-0.0013162023636379204,0.0,0.0,-16.68060006132554
778,1,0.0,0.0,-0.01012885290736802,0.0,-0.5239137614015675
778,2,0.0,0.0,0.0,0.0,-1.0803801677771088
778,3,0.0,0.0,0.0,0.0,-0.06831745002120382
778,4,0.0,0.0,0.0,0.0,0.0
779,0,0.0,-0.0013162023636379204,0.0,0.0,-16.686016524374846
779,1,0.0,0.0,-0.01012885290736802,0.0,-0.5239137614015675
779,2,0.0,0.0,0.0,0.0,-1.0803801677771088
779,3,0.0,0.0,0.0,0.0,-0.06831745002120382
779,4,0.0,0.0,0.0,0.0,0.0
780,0,0.0,-0.0013162023636379204,0.0,0.0,-16.695550100130912
780,1,0.0,0.0,-0.01012885290736802,0.0,-0.5239137614015675
780,2,0.0,0.0,0.0,0.0,-1.0803801677771088
780,3,0.0,0.0,0.0,0.0,-0.06831745002120382
780,4,0.0,0.0,0.0,0.0,0.0
781,0,0.0,-0.0013162023636379204,0.0,0.0,-16.701038672854242
781,1,0.0,0.0,-0.01012885290736802,0.0,-0.5239137614015675
781,2,0.0,0.0,0.0,0.0,-1.0803801677771088
781,3,0.0,0.0,0.0,0.0,-0.06831745002120382
781,4,0.0,0.0,0.0,0.0,0.0
782,0,0.0,-0.0013162023636379204,0.0,0.0,-16.712579721075087
782,1,0.0,0.0,-0.01012885290736802,0.0,-0.5239137614015675
782,2,0.0,0.0,0.0,0.0,-1.0803801677771088
782,3,0.0,0.0,0.0,0.0,-0.06831745002120382
782,4,0.0,0.0,0.0,0.0,0.0
783,0,0.0,-0.0013162023636379204,0.0,0.0,-16.716057455134997
783,1,0.0,0.0,-0.01012885290736802,0.0,-0.5239137614015675
783,2,0.0,0.0,0.0,0.0,-1.0803801677771088
783,3,0.0,0.0,0.0,0.0,-0.06831745002120382
783,4,0.0,0.0,0.0,0.0,0.0
784,0,0.0,-0.0013162023636379204,0.0,0.0,-16.721342640577785
784,1,0.0,0.0,-0.01012885290736802,0.0,-0.5239137614015675
784,2,0.0,0.0,0.0,0.0,-1.0803801677771088
784,3,0.0,0.0,0.0,0.0,-0.06831745002120382
784,4,0.0,0.0,0.0,0.0,0.0
785,0,0.0,-0.0013162023636379204,0.0,0.0,-16.728290131450642
785,1,0.0,0.0,-0.01012885290736802,0.0,-0.5239137614015675
785,2,0.0,0.0,0.0,0.0,-1.0803801677771088
785,3,0.0,0.0,0.0,0.0,-0.06831745002120382
785,4,0.0,0.0,0.0,0.0,0.0
786,0,0.0,-0.0013162023636379204,0.0,0.0,-16.740412141941576
786,1,0.0,0.0,-0.01012885290736802,0.0,-0.5239137614015675
786,2,0.0,0.0,0.0,0.0,-1.0803801677771088
786,3,0.0,0.0,0.0,0.0,-0.06831745002120382
786,4,0.0,0.0,0.0,0.0,0.0
787,0,0.0,-0.0013162023636379204,0.0,0.0,-16.744607392637246
787,1,0.0,0.0,-0.01012885290736802,0.0,-0.5239137614015675
787,2,0.0,0.0,0.0,0.0,-1.0803801677771088
787,3,0.0,0.0,0.0,0.0,-0.06831745002120382
787,4,0.0,0.0,0.0,0.0,0.0
788,0,0.0,-0.0013162023636379204,0.0,0.0,-16.750436907871872
788,1,0.0,0.0,-0.01012885290736802,0.0,-0.5239137614015675
788,2,0.0,0.0,0.0,0.0,-1.0803801677771088
788,3,0.0,0.0,0.0,0.0,-0.06831745002120382
788,4,0.0,0.0,0.0,0.0,0.0
789,0,0.0,-0.0013162023636379204,0.0,0.0,-16.757209735666137
789,1,0.0,0.0,-0.01012885290736802,0.0,-0.5239137614015675
789,2,0.0,0.0,0.0,0.0,-1.0803801677771088
789,3,0.0,0.0,0.0,0.0,-0.06831745002120382
789,4,0.0,0.0,0.0,0.0,0.0
790,0,0.0,-0.0013162023636379204,0.0,0.0,-16.763491853384355
790,1,0.0,0.0,-0.01012885290736802,0.0,-0.5239137614015675
790,2,0.0,0.0,0.0,0.0,-1.0803801677771088
790,3,0.0,0.0,0.0,0.0,-0.06831745002120382
790,4,0.0,0.0,0.0,0.0,0.0
791,0,0.0,-0.0013162023636379204,0.0,0.0,-16.7733908542141
791,1,0.0,0.0,-0.01012885290736802,0.0,-0.5239137614015675
791,2,0.0,0.0,0.0,0.0,-1.0803801677771088
791,3,0.0,0.0,0.0,0.0,-0.06831745002120382
791,4,0.0,0.0,0.0,0.0,0.0
792,0,0.0,-0.0013162023636379204,0.0,0.0,-16.78055281437502
792,1,0.0,0.0,-0.01012885290736802,0.0,-0.5239137614015675
792,2,0.0,0.0,0.0,0.0,-1.0803801677771088
792,3,0.0,0.0,0.0,0.0,-0.06831745002120382
792,4,0.0,0.0,0.0,0.0,0.0
793,0,0.0,-0.0013162023636379204,0.0,0.0,-16.790344133752964
793,1,0.0,0.0,-0.01012885290736802,0.0,-0.5239137614015675
793,2,0.0,0.0,0.0,0.0,-1.0803801677771088
793,3,0.0,0.0,0.0,0.0,-0.06831745002120382
793,4,0.0,0.0,0.0,0.0,0.0
794,0,0.0,-0.0013162023636379204,0.0,0.0,-16.797521950622148
794,1,0.0,0.0,-0.01012885290736802,0.0,-0.5239137614015675
794,2,0.0,0.0,0.0,0.0,-1.0803801677771088
794,3,0.0,0.0,0.0,0.0,-0.06831745002120382
794,4,0.0,0.0,0.0,0.0,0.0
795,0,0.0,-0.0013162023636379204,0.0,0.0,-16.801144658219542
795,1,0.0,0.0,-0.01012885290736802,0.0,-0.5239137614015675
795,2,0.0,0.0,0.0,0.0,-1.0803801677771088
795,3,0.0,0.0,0.0,0.0,-0.06831745002120382
795,4,0.0,0.0,0.0,0.0,0.0
796,0,0.0,-0.0013162023636379204,0.0,0.0,-16.806766188922506
796,1,0.0,0.0,-0.01012885290736802,0.0,-0.5239137614015675
796,2,0.0,0.0,0.0,0.0,-1.0803801677771088
796,3,0.0,0.0,0.0,0.0,-0.06831745002120382
796,4,0.0,0.0,0.0,0.0,0.0
797,0,0.0,-0.0013162023636379204,0.0,0.0,-16.813205913574564
797,1,0.0,0.0,-0.01012885290736802,0.0,-0.5239137614015675
797,2,0.0,0.0,0.0,0.0,-1.0803801677771088
797,3,0.0,0.0,0.0,0.0,-0.06831745002120382
797,4,0.0,0.0,0.0,0.0,0.0
798,0,0.0,-0.0013162023636379204,0.0,0.0,-16.821690508002902
798,1,0.0,0.0,-0.01012885290736802,0.0,-0.5239137614015675
798,2,0.0,0.0,0.0,0.0,-1.0803801677771088
798,3,0.0,0.0,0.0,0.0,-0.06831745002120382
798,4,0.0,0.0,0.0,0.0,0.0
799,0,0.0,-0.0013162023636379204,0.0,0.0,-16.829822203659088
799,1,0.0,0.0,-0.01012885290736802,0.0,-0.5239137614015675
799,2,0.0,0.0,0.0,0.0,-1.0803801677771088
799,3,0.0,0.0,0.0,0.0,-0.06831745002120382
799,4,0.0,0.0,0.0,0.0,0.0
800,0,0.0,-0.0013162023636379204,0.0,0.0,-16.839554209179994
800,1,0.0,0.0,-0.01012885290736802,0.0,-0.5239137614015675
800,2,0.0,0.0,0.0,0.0,-1.0803801677771088
800,3,0.0,0.0,0.0,0.0,-0.06831745002120382
800,4,0.0,0.0,0.0,0.0,0.0
801,0,0.0,-0.0013162023636379204,0.0,0.0,-16.847510104662465
801,1,0.0,0.0,-0.01012885290736802,0.0,-0.5239137614015675
801,2,0.0,0.0,0.0,0.0,-1.0803801677771088
801,3,0.0,0.0,0.0,0.0,-0.06831745002120382
801,4,0.0,0.0,0.0,0.0,0.0
802,0,0.0,-0.0013162023636379204,0.0,0.0,-16.853146544919237
802,1,0.0,0.0,-0.01012885290736802,0.0,-0.5239137614015675
802,2,0.0,0.0,0.0,0.0,-1.0803801677771088
802,3,0.0,0.0,0.0,0.0,-0.06831745002120382
802,4,0.0,0.0,0.0,0.0,0.0
803,0,0.0,-0.0013162023636379204,0.0,0.0,-16.858168392132413
803,1,0.0,0.0,-0.01012885290736802,0.0,-0.5239137614015675
803,2,0.0,0.0,0.0,0.0,-1.0803801677771088
803,3,0.0,0.0,0.0,0.0,-0.06831745002120382
803,4,0.0,0.0,0.0,0.0,0.0
804,0,0.0,-0.0013162023636379204,0.0,0.0,-16.868205324647302
804,1,0.0,0.0,-0.01012885290736802,0.0,-0.5239137614015675
804,2,0.0,0.0,0.0,0.0,-1.0803801677771088
804,3,0.0,0.0,0.0,0.0,-0.06831745002120382
804,4,0.0,0.0,0.0,0.0,0.0
805,0,0.0,-0.0013162023636379204,0.0,0.0,-16.871675642916124
805,1,0.0,0.0,-0.01012885290736802,0.0,-0.5239137614015675
805,2,0.0,0.0,0.0,0.0,-1.0803801677771088
805,3,0.0,0.0,0.0,0.0,-0.06831745002120382
805,4,0.0,0.0,0.0,0.0,0.0
806,0,0.0,-0.0013162023636379204,0.0,0.0,-16.878826725901995
806,1,0.0,0.0,-0.01012885290736802,0.0,-0.5239137614015675
806,2,0.0,0.0,0.0,0.0,-1.0803801677771088
806,3,0.0,0.0,0.0,0.0,-0.06831745002120382
806,4,0.0,0.0,0.0,0.0,0.0
807,0,0.0,-0.0013162023636379204,0.0,0.0,-16.88626889713768
807,1,0.0,0.0,-0.01012885290736802,0.0,-0.5239137614015675
807,2,0.0,0.0,0.0,0.0,-1.0803801677771088
807,3,0.0,0.0,0.0,0.0,-0.06831745002120382
807,4,0.0,0.0,0.0,0.0,0.0
808,0,0.0,-0.0013162023636379204,0.0,0.0,-16.89213659177694
808,1,0.0,0.0,-0.01012885290736802,0.0,-0.5239137614015675
808,2,0.0,0.0,0.0,0.0,-1.0803801677771088
808,3,0.0,0.0,0.0,0.0,-0.06831745002120382
808,4,0.0,0.0,0.0,0.0,0.0
809,0,0.0,-0.0013162023636379204,0.0,0.0,-16.896573640688747
809,1,0.0,0.0,-0.01012885290736802,0.0,-0.5239137614015675
809,2,0.0,0.0,0.0,0.0,-1.0803801677771088
809,3,0.0,0.0,0.0,0.0,-0.06831745002120382
809,4,0.0,0.0,0.0,0.0,0.0
810,0,0.0,-0.0013162023636379204,0.0,0.0,-16.904437499452275
810,1,0.0,0.0,-0.01012885290736802,0.0,-0.5239137614015675
810,2,0.0,0.0,0.0,0.0,-1.0803801677771088
810,3,0.0,0.0,0.0,0.0,-0.06831745002120382
810,4,0.0,0.0,0.0,0.0,0.0
811,0,0.0,-0.0013162023636379204,0.0,0.0,-16.912334914488653
811,1,0.0,0.0,-0.01012885290736802,0.0,-0.5239137614015675
811,2,0.0,0.0,0.0,0.0,-1.0803801677771088
811,3,0.0,0.0,0.0,0.0,-0.06831745002120382
811,4,0.0,0.0,0.0,0.0,0.0
812,0,0.0,-0.0013162023636379204,0.0,0.0,-16.917138057121985
812,1,0.0,0.0,-0.01012885290736802,0.0,-0.5239137614015675
812,2,0.0,0.0,0.0,0.0,-1.0803801677771088
812,3,0.0,0.0,0.0,0.0,-0.06831745002120382
812,4,0.0,0.0,0.0,0.0,0.0
813,0,0.0,-0.0013162023636379204,0.0,0.0,-16.926477463579346
813,1,0.0,0.0,-0.01012885290736802,0.0,-0.5239137614015675
813,2,0.0,0.0,0.0,0.0,-1.0803801677771088
813,3,0.0,0.0,0.0,0.0,-0.06831745002120382
813,4,0.0,0.0,0.0,0.0,0.0
814,0,0.0,-0.0013162023636379204,0.0,0.0,-16.934771523929793
814,1,0.0,0.0,-0.01012885290736802,0.0,-0.5239137614015675
814,2,0.0,0.0,0.0,0.0,-1.0803801677771088
814,3,0.0,0.0,0.0,0.0,-0.06831745002120382
814,4,0.0,0.0,0.0,0.0,0.0
815,0,0.0,-0.0013162023636379204,0.0,0.0,-16.943165252202924
815,1,0.0,0.0,-0.01012885290736802,0.0,-0.5239137614015675
815,2,0.0,0.0,0.0,0.0,-1.0803801677771088
815,3,0.0,0.0,0.0,0.0,-0.06831745002120382
815,4,0.0,0.0,0.0,0.0,0.0
816,0,0.0,-0.0013162023636379204,0.0,0.0,-16.951141245235515
816,1,0.0,0.0,-0.01012885290736802,0.0,-0.5239137614015675
816,2,0.0,0.0,0.0,0.0,-1.0803801677771088
816,3,0.0,0.0,0.0,0.0,-0.06831745002120382
816,4,0.0,0.0,0.0,0.0,0.0
817,0,0.0,-0.0013162023636379204,0.0,0.0,-16.95668742773731
817,1,0.0,0.0,-0.01012885290736802,0.0,-0.5239137614015675
817,2,0.0,0.0,0.0,0.0,-1.0803801677771088
817,3,0.0,0.0,0.0,0.0,-0.06831745002120382
817,4,0.0,0.0,0.0,0.0,0.0
818,0,0.0,-0.0013162023636379204,0.0,0.0,-16.962131841602655
818,1,0.0,0.0,-0.01012885290736802,0.0,-0.5239137614015675
818,2,0.0,0.0,0.0,0.0,-1.0803801677771088
818,3,0.0,0.0,0.0,0.0,-0.06831745002120382
818,4,0.0,0.0,0.0,0.0,0.0
819,0,0.0,-0.0013162023636379204,0.0,0.0,-16.968420975389552
819,1,0.0,0.0,-0.01012885290736802,0.0,-0.5239137614015675
819,2,0.0,0.0,0.0,0.0,-1.0803801677771088
819,3,0.0,0.0,0.0,0.0,-0.06831745002120382
819,4,0.0,0.0,0.0,0.0,0.0
820,0,0.0,-0.0013162023636379204,0.0,0.0,-16.973810163172782
820,1,0.0,0.0,-0.01012885290736802,0.0,-0.5239137614015675
820,2,0.0,0.0,0.0,0.0,-1.0803801677771088
820,3,0.0,0.0,0.0,0.0,-0.06831745002120382
820,4,0.0,0.0,0.0,0.0,0.0
821,0,0.0,-0.0013162023636379204,0.0,0.0,-16.9805770974824
821,1,0.0,0.0,-0.01012885290736802,0.0,-0.5239137614015675
821,2,0.0,0.0,0.0,0.0,-1.0803801677771088
821,3,0.0,0.0,0.0,0.0,-0.06831745002120382
821,4,0.0,0.0,0.0,0.0,0.0
822,0,0.0,-0.0013162023636379204,0.0,0.0,-16.99181135978107
822,1,0.0,0.0,-0.01012885290736802,0.0,-0.5239137614015675
822,2,0.0,0.0,0.0,0.0,-1.0803801677771088
822,3,0.0,0.0,0.0,0.0,-0.06831745002120382
822,4,0.0,0.0,0.0,0.0,0.0
823,0,0.0,-0.0013162023636379204,0.0,0.0,-16.998575491327596
823,1,0.0,0.0,-0.01012885290736802,0.0,-0.5239137614015675
823,2,0.0,0.0,0.0,0.0,-1.0803801677771088
823,3,0.0,0.0,0.0,0.0,-0.06831745002120382
823,4,0.0,0.0,0.0,0.0,0.0
824,0,0.0,-0.0013162023636379204,0.0,0.0,-17.00269678139128
824,1,0.0,0.0,-0.01012885290736802,0.0,-0.5239137614015675
824,2,0.0,0.0,0.0,0.0,-1.0803801677771088
824,3,0.0,0.0,0.0,0.0,-0.06831745002120382
824,4,0.0,0.0,0.0,0.0,0.0
825,0,0.0,-0.0013162023636379204,0.0,0.0,-17.00487030037011
825,1,0.0,0.0,-0.01012885290736802,0.0,-0.5239137614015675
825,2,0.0,0.0,0.0,0.0,-1.0803801677771088
825,3,0.0,0.0,0.0,0.0,-0.06831745002120382
825,4,0.0,0.0,0.0,0.0,0.0
826,0,0.0,-0.0013162023636379204,0.0,0.0,-17.01438832917354
826,1,0.0,0.0,-0.01012885290736802,0.0,-0.5239137614015675
826,2,0.0,0.0,0.0,0.0,-1.0803801677771088
826,3,0.0,0.0,0.0,0.0,-0.06831745002120382
826,4,0.0,0.0,0.0,0.0,0.0
827,0,0.0,-0.0013162023636379204,0.0,0.0,-17.023248999352596
827,1,0.0,0.0,-0.01012885290736802,0.0,-0.5239137614015675
827,2,0.0,0.0,0.0,0.0,-1.0803801677771088
827,3,0.0,0.0,0.0,0.0,-0.06831745002120382
827,4,0.0,0.0,0.0,0.0,0.0
828,0,0.0,-0.0013162023636379204,0.0,0.0,-17.032981110916964
828,1,0.0,0.0,-0.01012885290736802,0.0,-0.5239137614015675
828,2,0.0,0.0,0.0,0.0,-1.0803801677771088
828,3,0.0,0.0,0.0,0.0,-0.06831745002120382
828,4,0.0,0.0,0.0,0.0,0.0
829,0,0.0,-0.0013162023636379204,0.0,0.0,-17.040312753790825
829,1,0.0,0.0,-0.01012885290736802,0.0,-0.5239137614015675
829,2,0.0,0.0,0.0,0.0,-1.0803801677771088
829,3,0.0,0.0,0.0,0.0,-0.06831745002120382
829,4,0.0,0.0,0.0,0.0,0.0
830,0,0.0,-0.0013162023636379204,0.0,0.0,-17.045982032715113
830,1,0.0,0.0,-0.01012885290736802,0.0,-0.5239137614015675
830,2,0.0,0.0,0.0,0.0,-1.0803801677771088
830,3,0.0,0.0,0.0,0.0,-0.06831745002120382
830,4,0.0,0.0,0.0,0.0,0.0
831,0,0.0,-0.0013162023636379204,0.0,0.0,-17.051381459043743
831,1,0.0,0.0,-0.01012885290736802,0.0,-0.5239137614015675
831,2,0.0,0.0,0.0,0.0,-1.0803801677771088
831,3,0.0,0.0,0.0,0.0,-0.06831745002120382
831,4,0.0,0.0,0.0,0.0,0.0
832,0,0.0,-0.0013162023636379204,0.0,0.0,-17.059377297128535
832,1,0.0,0.0,-0.01012885290736802,0.0,-0.5239137614015675
832,2,0.0,0.0,0.0,0.0,-1.0803801677771088
832,3,0.0,0.0,0.0,0.0,-0.06831745002120382
832,4,0.0,0.0,0.0,0.0,0.0
833,0,0.0,-0.0013162023636379204,0.0,0.0,-17.06787409907133
833,1,0.0,0.0,-0.01012885290736802,0.0,-0.5239137614015675
833,2,0.0,0.0,0.0,0.0,-1.0803801677771088
833,3,0.0,0.0,0.0,0.0,-0.06831745002120382
833,4,0.0,0.0,0.0,0.0,0.0
834,0,0.0,-0.0013162023636379204,0.0,0.0,-17.073902089080963
834,1,0.0,0.0,-0.01012885290736802,0.0,-0.5239137614015675
834,2,0.0,0.0,0.0,0.0,-1.0803801677771088
834,3,0.0,0.0,0.0,0.0,-0.06831745002120382
834,4,0.0,0.0,0.0,0.0,0.0
835,0,0.0,-0.0013162023636379204,0.0,0.0,-17.080115349283048
835,1,0.0,0.0,-0.01012885290736802,0.0,-0.5239137614015675
835,2,0.0,0.0,0.0,0.0,-1.0803801677771088
835,3,0.0,0.0,0.0,0.0,-0.06831745002120382
835,4,0.0,0.0,0.0,0.0,0.0
836,0,0.0,-0.0013162023636379204,0.0,0.0,-17.084544913370028
836,1,0.0,0.0,-0.01012885290736802,0.0,-0.5239137614015675
836,2,0.0,0.0,0.0,0.0,-1.0803801677771088
836,3,0.0,0.0,0.0,0.0,-0.06831745002120382
836,4,0.0,0.0,0.0,0.0,0.0
837,0,0.0,-0.0013162023636379204,0.0,0.0,-17.092495242012745
837,1,0.0,0.0,-0.01012885290736802,0.0,-0.5239137614015675
837,2,0.0,0.0,0.0,0.0,-1.0803801677771088
837,3,0.0,0.0,0.0,0.0,-0.06831745002120382
837,4,0.0,0.0,0.0,0.0,0.0
838,0,0.0,-0.0013162023636379204,0.0,0.0,-17.096486816750865
838,1,0.0,0.0,-0.01012885290736802,0.0,-0.5239137614015675
838,2,0.0,0.0,0.0,0.0,-1.0803801677771088
838,3,0.0,0.0,0.0,0.0,-0.06831745002120382
838,4,0.0,0.0,0.0,0.0,0.0
839,0,0.0,-0.0013162023636379204,0.0,0.0,-17.1030222217653
839,1,0.0,0.0,-0.01012885290736802,0.0,-0.5239137614015675
839,2,0.0,0.0,0.0,0.0,-1.0803801677771088
839,3,0.0,0.0,0.0,0.0,-0.06831745002120382
839,4,0.0,0.0,0.0,0.0,0.0
840,0,0.0,-0.0013162023636379204,0.0,0.0,-17.10944778291378
840,1,0.0,0.0,-0.01012885290736802,0.0,-0.5239137614015675
840,2,0.0,0.0,0.0,0.0,-1.0803801677771088
840,3,0.0,0.0,0.0,0.0,-0.06831745002120382
840,4,0.0,0.0,0.0,0.0,0.0
841,0,0.0,-0.0013162023636379204,0.0,0.0,-17.115691010082354
841,1,0.0,0.0,-0.01012885290736802,0.0,-0.5239137614015675
841,2,0.0,0.0,0.0,0.0,-1.0803801677771088
841,3,0.0,0.0,0.0,0.0,-0.06831745002120382
841,4,0.0,0.0,0.0,0.0,0.0
842,0,0.0,-0.0013162023636379204,0.0,0.0,-17.122260932064002
842,1,0.0,0.0,-0.01012885290736802,0.0,-0.5239137614015675
842,2,0.0,0.0,0.0,0.0,-1.0803801677771088
842,3,0.0,0.0,0.0,0.0,-0.06831745002120382
842,4,0.0,0.0,0.0,0.0,0.0
843,0,0.0,-0.0013162023636379204,0.0,0.0,-17.127132892183063
843,1,0.0,0.0,-0.01012885290736802,0.0,-0.5239137614015675
843,2,0.0,0.0,0.0,0.0,-1.0803801677771088
843,3,0.0,0.0,0.0,0.0,-0.06831745002120382
843,4,0.0,0.0,0.0,0.0,0.0
844,0,0.0,-0.0013162023636379204,0.0,0.0,-17.133823152788512
844,1,0.0,0.0,-0.01012885290736802,0.0,-0.5239137614015675
844,2,0.0,0.0,0.0,0.0,-1.0803801677771088
844,3,0.0,0.0,0.0,0.0,-0.06831745002120382
844,4,0.0,0.0,0.0,0.0,0.0
845,0,0.0,-0.0013162023636379204,0.0,0.0,-17.13630400195105
845,1,0.0,0.0,-0.01012885290736802,0.0,-0.5239137614015675
845,2,0.0,0.0,0.0,0.0,-1.0803801677771088
845,3,0.0,0.0,0.0,0.0,-0.06831745002120382
845,4,0.0,0.0,0.0,0.0,0.0
846,0,0.0,-0.0013162023636379204,0.0,0.0,-17.140552448416038
846,1,0.0,0.0,-0.01012885290736802,0.0,-0.5239137614015675
846,2,0.0,0.0,0.0,0.0,-1.0803801677771088
846,3,0.0,0.0,0.0,0.0,-0.06831745002120382
846,4,0.0,0.0,0.0,0.0,0.0
847,0,0.0,-0.0013162023636379204,0.0,0.0,-17.143880304565723
847,1,0.0,0.0,-0.01012885290736802,0.0,-0.5239137614015675
847,2,0.0,0.0,0.0,0.0,-1.0803801677771088
847,3,0.0,0.0,0.0,0.0,-0.06831745002120382
847,4,0.0,0.0,0.0,0.0,0.0
848,0,0.0,-0.0013162023636379204,0.0,0.0,-17.147337992550877
848,1,0.0,0.0,-0.01012885290736802,0.0,-0.5239137614015675
848,2,0.0,0.0,0.0,0.0,-1.0803801677771088
848,3,0.0,0.0,0.0,0.0,-0.06831745002120382
848,4,0.0,0.0,0.0,0.0,0.0
849,0,0.0,-0.0013162023636379204,0.0,0.0,-17.1514240513888
849,1,0.0,0.0,-0.01012885290736802,0.0,-0.5239137614015675
849,2,0.0,0.0,0.0,0.0,-1.0803801677771088
849,3,0.0,0.0,0.0,0.0,-0.06831745002120382
849,4,0.0,0.0,0.0,0.0,0.0
850,0,0.0,-0.0013162023636379204,0.0,0.0,-17.16115752208614
850,1,0.0,0.0,-0.01012885290736802,0.0,-0.5239137614015675
850,2,0.0,0.0,0.0,0.0,-1.0803801677771088
850,3,0.0,0.0,0.0,0.0,-0.06831745002120382
850,4,0.0,0.0,0.0,0.0,0.0
851,0,0.0,-0.0013162023636379204,0.0,0.0,-17.164903744175955
851,1,0.0,0.0,-0.01012885290736802,0.0,-0.5239137614015675
851,2,0.0,0.0,0.0,0.0,-1.0803801677771088
851,3,0.0,0.0,0.0,0.0,-0.06831745002120382
851,4,0.0,0.0,0.0,0.0,0.0
852,0,0.0,-0.0013162023636379204,0.0,0.0,-17.17129982495122
852,1,0.0,0.0,-0.01012885290736802,0.0,-0.5239137614015675
852,2,0.0,0.0,0.0,0.0,-1.0803801677771088
852,3,0.0,0.0,0.0,0.0,-0.06831745002120382
852,4,0.0,0.0,0.0,0.0,0.0
853,0,0.0,-0.0013162023636379204,0.0,0.0,-17.180469252274357
853,1,0.0,0.0,-0.01012885290736802,0.0,-0.5239137614015675
853,2,0.0,0.0,0.0,0.0,-1.0803801677771088
853,3,0.0,0.0,0.0,0.0,-0.06831745002120382
853,4,0.0,0.0,0.0,0.0,0.0
854,0,0.0,-0.0013162023636379204,0.0,0.0,-17.184744718744128
854,1,0.0,0.0,-0.01012885290736802,0.0,-0.5239137614015675
854,2,0.0,0.0,0.0,0.0,-1.0803801677771088
854,3,0.0,0.0,0.0,0.0,-0.06831745002120382
854,4,0.0,0.0,0.0,0.0,0.0
855,0,0.0,-0.0013162023636379204,0.0,0.0,-17.187294801735625
855,1,0.0,0.0,-0.01012885290736802,0.0,-0.5239137614015675
855,2,0.0,0.0,0.0,0.0,-1.0803801677771088
855,3,0.0,0.0,0.0,0.0,-0.06831745002120382
855,4,0.0,0.0,0.0,0.0,0.0
856,0,0.0,-0.0013162023636379204,0.0,0.0,-17.19512715040138
856,1,0.0,0.0,-0.01012885290736802,0.0,-0.5239137614015675
856,2,0.0,0.0,0.0,0.0,-1.0803801677771088
856,3,0.0,0.0,0.0,0.0,-0.06831745002120382
856,4,0.0,0.0,0.0,0.0,0.0
857,0,0.0,-0.0013162023636379204,0.0,0.0,-17.20313783591811
857,1,0.0,0.0,-0.01012885290736802,0.0,-0.5239137614015675
857,2,0.0,0.0,0.0,0.0,-1.0803801677771088
857,3,0.0,0.0,0.0,0.0,-0.06831745002120382
857,4,0.0,0.0,0.0,0.0,0.0
858,0,0.0,-0.0013162023636379204,0.0,0.0,-17.20779520614654
858,1,0.0,0.0,-0.01012885290736802,0.0,-0.5239137614015675
858,2,0.0,0.0,0.0,0.0,-1.0803801677771088
858,3,0.0,0.0,0.0,0.0,-0.06831745002120382
858,4,0.0,0.0,0.0,0.0,0.0
859,0,0.0,-0.0013162023636379204,0.0,0.0,-17.218085104273143
859,1,0.0,0.0,-0.01012885290736802,0.0,-0.5239137614015675
859,2,0.0,0.0,0.0,0.0,-1.0803801677771088
859,3,0.0,0.0,0.0,0.0,-0.06831745002120382
859,4,0.0,0.0,0.0,0.0,0.0
860,0,0.0,-0.0013162023636379204,0.0,0.0,-17.22390026882404
860,1,0.0,0.0,-0.01012885290736802,0.0,-0.5239137614015675
860,2,0.0,0.0,0.0,0.0,-1.0803801677771088
860,3,0.0,0.0,0.0,0.0,-0.06831745002120382
860,4,0.0,0.0,0.0,0.0,0.0
861,0,0.0,-0.0013162023636379204,0.0,0.0,-17.231171495391425
861,1,0.0,0.0,-0.01012885290736802,0.0,-0.5239137614015675
861,2,0.0,0.0,0.0,0.0,-1.0803801677771088
861,3,0.0,0.0,0.0,0.0,-0.06831745002120382
861,4,0.0,0.0,0.0,0.0,0.0
862,0,0.0,-0.0013162023636379204,0.0,0.0,-17.236291585880878
862,1,0.0,0.0,-0.01012885290736802,0.0,-0.5239137614015675
862,2,0.0,0.0,0.0,0.0,-1.0803801677771088
862,3,0.0,0.0,0.0,0.0,-0.06831745002120382
862,4,0.0,0.0,0.0,0.0,0.0
863,0,0.0,-0.0013162023636379204,0.0,0.0,-17.247131598651674
863,1,0.0,0.0,-0.01012885290736802,0.0,-0.5239137614015675
863,2,0.0,0.0,0.0,0.0,-1.0803801677771088
863,3,0.0,0.0,0.0,0.0,-0.06831745002120382
863,4,0.0,0.0,0.0,0.0,0.0
864,0,0.0,-0.0013162023636379204,0.0,0.0,-17.255186664390692
864,1,0.0,0.0,-0.01012885290736802,0.0,-0.5239137614015675
864,2,0.0,0.0,0.0,0.0,-1.0803801677771088
864,3,0.0,0.0,0.0,0.0,-0.06831745002120382
864,4,0.0,0.0,0.0,0.0,0.0
865,0,0.0,-0.0013162023636379204,0.0,0.0,-17.262328023502757
865,1,0.0,0.0,-0.01012885290736802,0.0,-0.5239137614015675
865,2,0.0,0.0,0.0,0.0,-1.0803801677771088
865,3,0.0,0.0,0.0,0.0,-0.06831745002120382
865,4,0.0,0.0,0.0,0.0,0.0
866,0,0.0,-0.0013162023636379204,0.0,0.0,-17.26606665763076
866,1,0.0,0.0,-0.01012885290736802,0.0,-0.5239137614015675
866,2,0.0,0.0,0.0,0.0,-1.0803801677771088
866,3,0.0,0.0,0.0,0.0,-0.06831745002120382
866,4,0.0,0.0,0.0,0.0,0.0
867,0,0.0,-0.0013162023636379204,0.0,0.0,-17.269425884247713
867,1,0.0,0.0,-0.01012885290736802,0.0,-0.5239137614015675
867,2,0.0,0.0,0.0,0.0,-1.0803801677771088
867,3,0.0,0.0,0.0,0.0,-0.06831745002120382
867,4,0.0,0.0,0.0,0.0,0.0
868,0,0.0,-0.0013162023636379204,0.0,0.0,-17.278119596992738
868,1,0.0,0.0,-0.01012885290736802,0.0,-0.5239137614015675
868,2,0.0,0.0,0.0,0.0,-1.0803801677771088
868,3,0.0,0.0,0.0,0.0,-0.06831745002120382
868,4,0.0,0.0,0.0,0.0,0.0
869,0,0.0,-0.0013162023636379204,0.0,0.0,-17.285959404593438
869,1,0.0,0.0,-0.01012885290736802,0.0,-0.5239137614015675
869,2,0.0,0.0,0.0,0.0,-1.0803801677771088
869,3,0.0,0.0,0.0,0.0,-0.06831745002120382
869,4,0.0,0.0,0.0,0.0,0.0
870,0,0.0,-0.0013162023636379204,0.0,0.0,-17.28958431144053
870,1,0.0,0.0,-0.01012885290736802,0.0,-0.5239137614015675
870,2,0.0,0.0,0.0,0.0,-1.0803801677771088
870,3,0.0,0.0,0.0,0.0,-0.06831745002120382
870,4,0.0,0.0,0.0,0.0,0.0
871,0,0.0,-0.0013162023636379204,0.0,0.0,-17.29424880524986
871,1,0.0,0.0,-0.01012885290736802,0.0,-0.5239137614015675
871,2,0.0,0.0,0.0,0.0,-1.0803801677771088
871,3,0.0,0.0,0.0,0.0,-0.06831745002120382
871,4,0.0,0.0,0.0,0.0,0.0
872,0,0.0,-0.0013162023636379204,0.0,0.0,-17.30053893967995
872,1,0.0,0.0,-0.01012885290736802,0.0,-0.5239137614015675
872,2,0.0,0.0,0.0,0.0,-1.0803801677771088
872,3,0.0,0.0,0.0,0.0,-0.06831745002120382
872,4,0.0,0.0,0.0,0.0,0.0
873,0,0.0,-0.0013162023636379204,0.0,0.0,-17.309307443325864
873,1,0.0,0.0,-0.01012885290736802,0.0,-0.5239137614015675
873,2,0.0,0.0,0.0,0.0,-1.0803801677771088
873,3,0.0,0.0,0.0,0.0,-0.06831745002120382
873,4,0.0,0.0,0.0,0.0,0.0
874,0,0.0,-0.0013162023636379204,0.0,0.0,-17.31689887892868
874,1,0.0,0.0,-0.01012885290736802,0.0,-0.5239137614015675
874,2,0.0,0.0,0.0,0.0,-1.0803801677771088
874,3,0.0,0.0,0.0,0.0,-0.06831745002120382
874,4,0.0,0.0,0.0,0.0,0.0
875,0,0.0,-0.0013162023636379204,0.0,0.0,-17.323069580192158
875,1,0.0,0.0,-0.01012885290736802,0.0,-0.5239137614015675
875,2,0.0,0.0,0.0,0.0,-1.0803801677771088
875,3,0.0,0.0,0.0,0.0,-0.06831745002120382
875,4,0.0,0.0,0.0,0.0,0.0
876,0,0.0,-0.0013162023636379204,0.0,0.0,-17.325949371031793
876,1,0.0,0.0,-0.01012885290736802,0.0,-0.5239137614015675
876,2,0.0,0.0,0.0,0.0,-1.0803801677771088
876,3,0.0,0.0,0.0,0.0,-0.06831745002120382
876,4,0.0,0.0,0.0,0.0,0.0
877,0,0.0,-0.0013162023636379204,0.0,0.0,-17.332712884281133
877,1,0.0,0.0,-0.01012885290736802,0.0,-0.5239137614015675
877,2,0.0,0.0,0.0,0.0,-1.0803801677771088
877,3,0.0,0.0,0.0,0.0,-0.06831745002120382
877,4,0.0,0.0,0.0,0.0,0.0
878,0,0.0,-0.0013162023636379204,0.0,0.0,-17.337868681300947
878,1,0.0,0.0,-0.01012885290736802,0.0,-0.5239137614015675
878,2,0.0,0.0,0.0,0.0,-1.0803801677771088
878,3,0.0,0.0,0.0,0.0,-0.06831745002120382
878,4,0.0,0.0,0.0,0.0,0.0
879,0,0.0,-0.0013162023636379204,0.0,0.0,-17.344181422980153
879,1,0.0,0.0,-0.01012885290736802,0.0,-0.5239137614015675
879,2,0.0,0.0,0.0,0.0,-1.0803801677771088
879,3,0.0,0.0,0.0,0.0,-0.06831745002120382
879,4,0.0,0.0,0.0,0.0,0.0
880,0,0.0,-0.0013162023636379204,0.0,0.0,-17.349031384850896
880,1,0.0,0.0,-0.01012885290736802,0.0,-0.5239137614015675
880,2,0.0,0.0,0.0,0.0,-1.0803801677771088
880,3,0.0,0.0,0.0,0.0,-0.06831745002120382
880,4,0.0,0.0,0.0,0.0,0.0
881,0,0.0,-0.0013162023636379204,0.0,0.0,-17.352720253263374
881,1,0.0,0.0,-0.01012885290736802,0.0,-0.5239137614015675
881,2,0.0,0.0,0.0,0.0,-1.0803801677771088
881,3,0.0,0.0,0.0,0.0,-0.06831745002120382
881,4,0.0,0.0,0.0,0.0,0.0
882,0,0.0,-0.0013162023636379204,0.0,0.0,-17.35565047403447
882,1,0.0,0.0,-0.01012885290736802,0.0,-0.5239137614015675
882,2,0.0,0.0,0.0,0.0,-1.0803801677771088
882,3,0.0,0.0,0.0,0.0,-0.06831745002120382
882,4,0.0,0.0,0.0,0.0,0.0
883,0,0.0,-0.0013162023636379204,0.0,0.0,-17.362140618177623
883,1,0.0,0.0,-0.01012885290736802,0.0,-0.5239137614015675
883,2,0.0,0.0,0.0,0.0,-1.0803801677771088
883,3,0.0,0.0,0.0,0.0,-0.06831745002120382
883,4,0.0,0.0,0.0,0.0,0.0
884,0,0.0,-0.0013162023636379204,0.0,0.0,-17.36962969544363
884,1,0.0,0.0,-0.01012885290736802,0.0,-0.5239137614015675
884,2,0.0,0.0,0.0,0.0,-1.0803801677771088
884,3,0.0,0.0,0.0,0.0,-0.06831745002120382
884,4,0.0,0.0,0.0,0.0,0.0
885,0,0.0,-0.0013162023636379204,0.0,0.0,-17.372157653591408
885,1,0.0,0.0,-0.01012885290736802,0.0,-0.5239137614015675
885,2,0.0,0.0,0.0,0.0,-1.0803801677771088
885,3,0.0,0.0,0.0,0.0,-0.06831745002120382
885,4,0.0,0.0,0.0,0.0,0.0
886,0,0.0,-0.0013162023636379204,0.0,0.0,-17.37804893687424
886,1,0.0,0.0,-0.01012885290736802,0.0,-0.5239137614015675
886,2,0.0,0.0,0.0,0.0,-1.0803801677771088
886,3,0.0,0.0,0.0,0.0,-0.06831745002120382
886,4,0.0,0.0,0.0,0.0,0.0
887,0,0.0,-0.0013162023636379204,0.0,0.0,-17.384974372526575
887,1,0.0,0.0,-0.01012885290736802,0.0,-0.5239137614015675
887,2,0.0,0.0,0.0,0.0,-1.0803801677771088
887,3,0.0,0.0,0.0,0.0,-0.06831745002120382
887,4,0.0,0.0,0.0,0.0,0.0
888,0,0.0,-0.0013162023636379204,0.0,0.0,-17.390156646605146
888,1,0.0,0.0,-0.01012885290736802,0.0,-0.5239137614015675
888,2,0.0,0.0,0.0,0.0,-1.0803801677771088
888,3,0.0,0.0,0.0,0.0,-0.06831745002120382
888,4,0.0,0.0,0.0,0.0,0.0
889,0,0.0,-0.0013162023636379204,0.0,0.0,-17.39504466656219
889,1,0.0,0.0,-0.01012885290736802,0.0,-0.5239137614015675
889,2,0.0,0.0,0.0,0.0,-1.0803801677771088
889,3,0.0,0.0,0.0,0.0,-0.06831745002120382
889,4,0.0,0.0,0.0,0.0,0.0
890,0,0.0,-0.0013162023636379204,0.0,0.0,-17.40283442499384
890,1,0.0,0.0,-0.01012885290736802,0.0,-0.5239137614015675
890,2,0.0,0.0,0.0,0.0,-1.0803801677771088
890,3,0.0,0.0,0.0,0.0,-0.06831745002120382
890,4,0.0,0.0,0.0,0.0,0.0
891,0,0.0,-0.0013162023636379204,0.0,0.0,-17.40667606218759
891,1,0.0,0.0,-0.01012885290736802,0.0,-0.5239137614015675
891,2,0.0,0.0,0.0,0.0,-1.0803801677771088
891,3,0.0,0.0,0.0,0.0,-0.06831745002120382
891,4,0.0,0.0,0.0,0.0,0.0
892,0,0.0,-0.0013162023636379204,0.0,0.0,-17.411814703472377
892,1,0.0,0.0,-0.01012885290736802,0.0,-0.5239137614015675
892,2,0.0,0.0,0.0,0.0,-1.0803801677771088
892,3,0.0,0.0,0.0,0.0,-0.06831745002120382
892,4,0.0,0.0,0.0,0.0,0.0
893,0,0.0,-0.0013162023636379204,0.0,0.0,-17.42173872028781
893,1,0.0,0.0,-0.01012885290736802,0.0,-0.5239137614015675
893,2,0.0,0.0,0.0,0.0,-1.0803801677771088
893,3,0.0,0.0,0.0,0.0,-0.06831745002120382
893,4,0.0,0.0,0.0,0.0,0.0
894,0,0.0,-0.0013162023636379204,0.0,0.0,-17.429884940470043
894,1,0.0,0.0,-0.01012885290736802,0.0,-0.5239137614015675
894,2,0.0,0.0,0.0,0.0,-1.0803801677771088
894,3,0.0,0.0,0.0,0.0,-0.06831745002120382
894,4,0.0,0.0,0.0,0.0,0.0
895,0,0.0,-0.0013162023636379204,0.0,0.0,-17.434313043993942
895,1,0.0,0.0,-0.01012885290736802,0.0,-0.5239137614015675
895,2,0.0,0.0,0.0,0.0,-1.0803801677771088
895,3,0.0,0.0,0.0,0.0,-0.06831745002120382
895,4,0.0,0.0,0.0,0.0,0.0
896,0,0.0,-0.0013162023636379204,0.0,0.0,-17.44013422733921
896,1,0.0,0.0,-0.01012885290736802,0.0,-0.5239137614015675
896,2,0.0,0.0,0.0,0.0,-1.0803801677771088
896,3,0.0,0.0,0.0,0.0,-0.06831745002120382
896,4,0.0,0.0,0.0,0.0,0.0
897,0,0.0,-0.0013162023636379204,0.0,0.0,-17.448292984252845
897,1,0.0,0.0,-0.01012885290736802,0.0,-0.5239137614015675
897,2,0.0,0.0,0.0,0.0,-1.0803801677771088
897,3,0.0,0.0,0.0,0.0,-0.06831745002120382
897,4,0.0,0.0,0.0,0.0,0.0
898,0,0.0,-0.0013162023636379204,0.0,0.0,-17.45273222245206
898,1,0.0,0.0,-0.01012885290736802,0.0,-0.5239137614015675
898,2,0.0,0.0,0.0,0.0,-1.0803801677771088
898,3,0.0,0.0,0.0,0.0,-0.06831745002120382
898,4,0.0,0.0,0.0,0.0,0.0
899,0,0.0,-0.0013162023636379204,0.0,0.0,-17.461263263522607
899,1,0.0,0.0,-0.01012885290736802,0.0,-0.5239137614015675
899,2,0.0,0.0,0.0,0.0,-1.0803801677771088
899,3,0.0,0.0,0.0,0.0,-0.06831745002120382
899,4,0.0,0.0,0.0,0.0,0.0
900,0,0.0,-0.0013162023636379204,0.0,0.0,-17.466061798533104
900,1,0.0,0.0,-0.01012885290736802,0.0,-0.5239137614015675
900,2,0.0,0.0,0.0,0.0,-1.0803801677771088
900,3,0.0,0.0,0.0,0.0,-0.06831745002120382
900,4,0.0,0.0,0.0,0.0,0.0
901,0,0.0,-0.0013162023636379204,0.0,0.0,-17.4710758522601
901,1,0.0,0.0,-0.01012885290736802,0.0,-0.5239137614015675
901,2,0.0,0.0,0.0,0.0,-1.0803801677771088
901,3,0.0,0.0,0.0,0.0,-0.06831745002120382
901,4,0.0,0.0,0.0,0.0,0.0
902,0,0.0,-0.0013162023636379204,0.0,0.0,-17.475566862065424
902,1,0.0,0.0,-0.01012885290736802,0.0,-0.5239137614015675
902,2,0.0,0.0,0.0,0.0,-1.0803801677771088
902,3,0.0,0.0,0.0,0.0,-0.06831745002120382
902,4,0.0,0.0,0.0,0.0,0.0
903,0,0.0,-0.0013162023636379204,0.0,0.0,-17.48507366915538
903,1,0.0,0.0,-0.01012885290736802,0.0,-0.5239137614015675
903,2,0.0,0.0,0.0,0.0,-1.0803801677771088
903,3,0.0,0.0,0.0,0.0,-0.06831745002120382
903,4,0.0,0.0,0.0,0.0,0.0
904,0,0.0,-0.0013162023636379204,0.0,0.0,-17.490217417316583
904,1,0.0,0.0,-0.01012885290736802,0.0,-0.5239137614015675
904,2,0.0,0.0,0.0,0.0,-1.0803801677771088
904,3,0.0,0.0,0.0,0.0,-0.06831745002120382
904,4,0.0,0.0,0.0,0.0,0.0
905,0,0.0,-0.0013162023636379204,0.0,0.0,-17.498071367217783
905,1,0.0,0.0,-0.01012885290736802,0.0,-0.5239137614015675
905,2,0.0,0.0,0.0,0.0,-1.0803801677771088
905,3,0.0,0.0,0.0,0.0,-0.06831745002120382
905,4,0.0,0.0,0.0,0.0,0.0
906,0,0.0,-0.0013162023636379204,0.0,0.0,-17.500306510350008
906,1,0.0,0.0,-0.01012885290736802,0.0,-0.5239137614015675
906,2,0.0,0.0,0.0,0.0,-1.0803801677771088
906,3,0.0,0.0,0.0,0.0,-0.06831745002120382
906,4,0.0,0.0,0.0,0.0,0.0
907,0,0.0,-0.0013162023636379204,0.0,0.0,-17.503215312267603
907,1,0.0,0.0,-0.01012885290736802,0.0,-0.5239137614015675
907,2,0.0,0.0,0.0,0.0,-1.0803801677771088
907,3,0.0,0.0,0.0,0.0,-0.06831745002120382
907,4,0.0,0.0,0.0,0.0,0.0
908,0,0.0,-0.0013162023636379204,0.0,0.0,-17.506683169098288
908,1,0.0,0.0,-0.01012885290736802,0.0,-0.5239137614015675
908,2,0.0,0.0,0.0,0.0,-1.0803801677771088
908,3,0.0,0.0,0.0,0.0,-0.06831745002120382
908,4,0.0,0.0,0.0,0.0,0.0
909,0,0.0,-0.0013162023636379204,0.0,0.0,-17.511778247380196
909,1,0.0,0.0,-0.01012885290736802,0.0,-0.5239137614015675
909,2,0.0,0.0,0.0,0.0,-1.0803801677771088
909,3,0.0,0.0,0.0,0.0,-0.06831745002120382
909,4,0.0,0.0,0.0,0.0,0.0
910,0,0.0,-0.0013162023636379204,0.0,0.0,-17.51295073527393
910,1,0.0,0.0,-0.01012885290736802,0.0,-0.5239137614015675
910,2,0.0,0.0,0.0,0.0,-1.0803801677771088
910,3,0.0,0.0,0.0,0.0,-0.06831745002120382
910,4,0.0,0.0,0.0,0.0,0.0
911,0,0.0,-0.0013162023636379204,0.0,0.0,-17.521407148105055
911,1,0.0,0.0,-0.01012885290736802,0.0,-0.5239137614015675
911,2,0.0,0.0,0.0,0.0,-1.0803801677771088
911,3,0.0,0.0,0.0,0.0,-0.06831745002120382
911,4,0.0,0.0,0.0,0.0,0.0
912,0,0.0,-0.0013162023636379204,0.0,0.0,-17.530784335671726
912,1,0.0,0.0,-0.01012885290736802,0.0,-0.5239137614015675
912,2,0.0,0.0,0.0,0.0,-1.0803801677771088
912,3,0.0,0.0,0.0,0.0,-0.06831745002120382
912,4,0.0,0.0,0.0,0.0,0.0
913,0,0.0,-0.0013162023636379204,0.0,0.0,-17.538495109254747
913,1,0.0,0.0,-0.01012885290736802,0.0,-0.5239137614015675
913,2,0.0,0.0,0.0,0.0,-1.0803801677771088
913,3,0.0,0.0,0.0,0.0,-0.06831745002120382
913,4,0.0,0.0,0.0,0.0,0.0
914,0,0.0,-0.0013162023636379204,0.0,0.0,-17.545772329973552
914,1,0.0,0.0,-0.01012885290736802,0.0,-0.5239137614015675
914,2,0.0,0.0,0.0,0.0,-1.0803801677771088
914,3,0.0,0.0,0.0,0.0,-0.06831745002120382
914,4,0.0,0.0,0.0,0.0,0.0
915,0,0.0,-0.0013162023636379204,0.0,0.0,-17.551220439517998
915,1,0.0,0.0,-0.01012885290736802,0.0,-0.5239137614015675
915,2,0.0,0.0,0.0,0.0,-1.0803801677771088
915,3,0.0,0.0,0.0,0.0,-0.06831745002120382
915,4,0.0,0.0,0.0,0.0,0.0
916,0,0.0,-0.0013162023636379204,0.0,0.0,-17.557343327547017
916,1,0.0,0.0,-0.01012885290736802,0.0,-0.5239137614015675
916,2,0.0,0.0,0.0,0.0,-1.0803801677771088
916,3,0.0,0.0,0.0,0.0,-0.06831745002120382
916,4,0.0,0.0,0.0,0.0,0.0
917,0,0.0,-0.0013162023636379204,0.0,0.0,-17.56628944185275
917,1,0.0,0.0,-0.01012885290736802,0.0,-0.5239137614015675
917,2,0.0,0.0,0.0,0.0,-1.0803801677771088
917,3,0.0,0.0,0.0,0.0,-0.06831745002120382
917,4,0.0,0.0,0.0,0.0,0.0
918,0,0.0,-0.0013162023636379204,0.0,0.0,-17.569502407269596
918,1,0.0,0.0,-0.01012885290736802,0.0,-0.5239137614015675
918,2,0.0,0.0,0.0,0.0,-1.0803801677771088
918,3,0.0,0.0,0.0,0.0,-0.06831745002120382
918,4,0.0,0.0,0.0,0.0,0.0
919,0,0.0,-0.0013162023636379204,0.0,0.0,-17.57639480178174
919,1,0.0,0.0,-0.01012885290736802,0.0,-0.5239137614015675
919,2,0.0,0.0,0.0,0.0,-1.0803801677771088
919,3,0.0,0.0,0.0,0.0,-0.06831745002120382
919,4,0.0,0.0,0.0,0.0,0.0
920,0,0.0,-0.0013162023636379204,0.0,0.0,-17.580103695868708
920,1,0.0,0.0,-0.01012885290736802,0.0,-0.5239137614015675
920,2,0.0,0.0,0.0,0.0,-1.0803801677771088
920,3,0.0,0.0,0.0,0.0,-0.06831745002120382
920,4,0.0,0.0,0.0,0.0,0.0
921,0,0.0,-0.0013162023636379204,0.0,0.0,-17.584474119593292
921,1,0.0,0.0,-0.01012885290736802,0.0,-0.5239137614015675
921,2,0.0,0.0,0.0,0.0,-1.0803801677771088
921,3,0.0,0.0,0.0,0.0,-0.06831745002120382
921,4,0.0,0.0,0.0,0.0,0.0
922,0,0.0,-0.0013162023636379204,0.0,0.0,-17.59086091791213
922,1,0.0,0.0,-0.01012885290736802,0.0,-0.5239137614015675
922,2,0.0,0.0,0.0,0.0,-1.0803801677771088
922,3,0.0,0.0,0.0,0.0,-0.06831745002120382
922,4,0.0,0.0,0.0,0.0,0.0
923,0,0.0,-0.0013162023636379204,0.0,0.0,-17.59443609938869
923,1,0.0,0.0,-0.01012885290736802,0.0,-0.5239137614015675
923,2,0.0,0.0,0.0,0.0,-1.0803801677771088
923,3,0.0,0.0,0.0,0.0,-0.06831745002120382
923,4,0.0,0.0,0.0,0.0,0.0
924,0,0.0,-0.0013162023636379204,0.0,0.0,-17.601653335647704
924,1,0.0,0.0,-0.01012885290736802,0.0,-0.5239137614015675
924,2,0.0,0.0,0.0,0.0,-1.0803801677771088
924,3,0.0,0.0,0.0,0.0,-0.06831745002120382
924,4,0.0,0.0,0.0,0.0,0.0
925,0,0.0,-0.0013162023636379204,0.0,0.0,-17.606389579258988
925,1,0.0,0.0,-0.01012885290736802,0.0,-0.5239137614015675
925,2,0.0,0.0,0.0,0.0,-1.0803801677771088
925,3,0.0,0.0,0.0,0.0,-0.06831745002120382
925,4,0.0,0.0,0.0,0.0,0.0
926,0,0.0,-0.0013162023636379204,0.0,0.0,-17.61208055625614
926,1,0.0,0.0,-0.01012885290736802,0.0,-0.5239137614015675
926,2,0.0,0.0,0.0,0.0,-1.0803801677771088
926,3,0.0,0.0,0.0,0.0,-0.06831745002120382
926,4,0.0,0.0,0.0,0.0,0.0
927,0,0.0,-0.0013162023636379204,0.0,0.0,-17.617446435008837
927,1,0.0,0.0,-0.01012885290736802,0.0,-0.5239137614015675
927,2,0.0,0.0,0.0,0.0,-1.0803801677771088
927,3,0.0,0.0,0.0,0.0,-0.06831745002120382
927,4,0.0,0.0,0.0,0.0,0.0
928,0,0.0,-0.0013162023636379204,0.0,0.0,-17.62072056658857
928,1,0.0,0.0,-0.01012885290736802,0.0,-0.5239137614015675
928,2,0.0,0.0,0.0,0.0,-1.0803801677771088
928,3,0.0,0.0,0.0,0.0,-0.06831745002120382
928,4,0.0,0.0,0.0,0.0,0.0
929,0,0.0,-0.0013162023636379204,0.0,0.0,-17.62621213534752
929,1,0.0,0.0,-0.01012885290736802,0.0,-0.5239137614015675
929,2,0.0,0.0,0.0,0.0,-1.0803801677771088
929,3,0.0,0.0,0.0,0.0,-0.06831745002120382
929,4,0.0,0.0,0.0,0.0,0.0
930,0,0.0,-0.0013162023636379204,0.0,0.0,-17.632808053964357
930,1,0.0,0.0,-0.01012885290736802,0.0,-0.5239137614015675
930,2,0.0,0.0,0.0,0.0,-1.0803801677771088
930,3,0.0,0.0,0.0,0.0,-0.06831745002120382
930,4,0.0,0.0,0.0,0.0,0.0
931,0,0.0,-0.0013162023636379204,0.0,0.0,-17.639021528157475
931,1,0.0,0.0,-0.01012885290736802,0.0,-0.5239137614015675
931,2,0.0,0.0,0.0,0.0,-1.0803801677771088
931,3,0.0,0.0,0.0,0.0,-0.06831745002120382
931,4,0.0,0.0,0.0,0.0,0.0
932,0,0.0,-0.0013162023636379204,0.0,0.0,-17.6493567936665
932,1,0.0,0.0,-0.01012885290736802,0.0,-0.5239137614015675
932,2,0.0,0.0,0.0,0.0,-1.0803801677771088
932,3,0.0,0.0,0.0,0.0,-0.06831745002120382
932,4,0.0,0.0,0.0,0.0,0.0
933,0,0.0,-0.0013162023636379204,0.0,0.0,-17.655105329907872
933,1,0.0,0.0,-0.01012885290736802,0.0,-0.5239137614015675
933,2,0.0,0.0,0.0,0.0,-1.0803801677771088
933,3,0.0,0.0,0.0,0.0,-0.06831745002120382
933,4,0.0,0.0,0.0,0.0,0.0
934,0,0.0,-0.0013162023636379204,0.0,0.0,-17.65775058562979
934,1,0.0,0.0,-0.01012885290736802,0.0,-0.5239137614015675
934,2,0.0,0.0,0.0,0.0,-1.0803801677771088
934,3,0.0,0.0,0.0,0.0,-0.06831745002120382
934,4,0.0,0.0,0.0,0.0,0.0
935,0,0.0,-0.0013162023636379204,0.0,0.0,-17.66419882190619
935,1,0.0,0.0,-0.01012885290736802,0.0,-0.5239137614015675
935,2,0.0,0.0,0.0,0.0,-1.0803801677771088
935,3,0.0,0.0,0.0,0.0,-0.06831745002120382
935,4,0.0,0.0,0.0,0.0,0.0
936,0,0.0,-0.0013162023636379204,0.0,0.0,-17.667280307262217
936,1,0.0,0.0,-0.01012885290736802,0.0,-0.5239137614015675
936,2,0.0,0.0,0.0,0.0,-1.0803801677771088
936,3,0.0,0.0,0.0,0.0,-0.06831745002120382
936,4,0.0,0.0,0.0,0.0,0.0
937,0,0.0,-0.0013162023636379204,0.0,0.0,-17.674207390325513
937,1,0.0,0.0,-0.01012885290736802,0.0,-0.5239137614015675
937,2,0.0,0.0,0.0,0.0,-1.0803801677771088
937,3,0.0,0.0,0.0,0.0,-0.06831745002120382
937,4,0.0,0.0,0.0,0.0,0.0
938,0,0.0,-0.0013162023636379204,0.0,0.0,-17.680382785365655
938,1,0.0,0.0,-0.01012885290736802,0.0,-0.5239137614015675
938,2,0.0,0.0,0.0,0.0,-1.0803801677771088
938,3,0.0,0.0,0.0,0.0,-0.06831745002120382
938,4,0.0,0.0,0.0,0.0,0.0
939,0,0.0,-0.0013162023636379204,0.0,0.0,-17.683410958391747
939,1,0.0,0.0,-0.01012885290736802,0.0,-0.5239137614015675
939,2,0.0,0.0,0.0,0.0,-1.0803801677771088
939,3,0.0,0.0,0.0,0.0,-0.06831745002120382
939,4,0.0,0.0,0.0,0.0,0.0
940,0,0.0,-0.0013162023636379204,0.0,0.0,-17.691696124887578
940,1,0.0,0.0,-0.01012885290736802,0.0,-0.5239137614015675
940,2,0.0,0.0,0.0,0.0,-1.0803801677771088
940,3,0.0,0.0,0.0,0.0,-0.06831745002120382
940,4,0.0,0.0,0.0,0.0,0.0
941,0,0.0,-0.0013162023636379204,0.0,0.0,-17.697128585797692
941,1,0.0,0.0,-0.01012885290736802,0.0,-0.5239137614015675
941,2,0.0,0.0,0.0,0.0,-1.0803801677771088
941,3,0.0,0.0,0.0,0.0,-0.06831745002120382
941,4,0.0,0.0,0.0,0.0,0.0
942,0,0.0,-0.0013162023636379204,0.0,0.0,-17.70059268485703
942,1,0.0,0.0,-0.01012885290736802,0.0,-0.5239137614015675
942,2,0.0,0.0,0.0,0.0,-1.0803801677771088
942,3,0.0,0.0,0.0,0.0,-0.06831745002120382
942,4,0.0,0.0,0.0,0.0,0.0
943,0,0.0,-0.0013162023636379204,0.0,0.0,-17.705810703237308
943,1,0.0,0.0,-0.01012885290736802,0.0,-0.5239137614015675
943,2,0.0,0.0,0.0,0.0,-1.0803801677771088
943,3,0.0,0.0,0.0,0.0,-0.06831745002120382
943,4,0.0,0.0,0.0,0.0,0.0
944,0,0.0,-0.0013162023636379204,0.0,0.0,-17.709508587041704
944,1,0.0,0.0,-0.01012885290736802,0.0,-0.5239137614015675
944,2,0.0,0.0,0.0,0.0,-1.0803801677771088
944,3,0.0,0.0,0.0,0.0,-0.06831745002120382
944,4,0.0,0.0,0.0,0.0,0.0
945,0,0.0,-0.0013162023636379204,0.0,0.0,-17.71595204153436
945,1,0.0,0.0,-0.01012885290736802,0.0,-0.5239137614015675
945,2,0.0,0.0,0.0,0.0,-1.0803801677771088
945,3,0.0,0.0,0.0,0.0,-0.06831745002120382
945,4,0.0,0.0,0.0,0.0,0.0
946,0,0.0,-0.0013162023636379204,0.0,0.0,-17.719012186687042
946,1,0.0,0.0,-0.01012885290736802,0.0,-0.5239137614015675
946,2,0.0,0.0,0.0,0.0,-1.0803801677771088
946,3,0.0,0.0,0.0,0.0,-0.06831745002120382
946,4,0.0,0.0,0.0,0.0,0.0
947,0,0.0,-0.0013162023636379204,0.0,0.0,-17.72515655585468
947,1,0.0,0.0,-0.01012885290736802,0.0,-0.5239137614015675
947,2,0.0,0.0,0.0,0.0,-1.0803801677771088
947,3,0.0,0.0,0.0,0.0,-0.06831745002120382
947,4,0.0,0.0,0.0,0.0,0.0
948,0,0.0,-0.0013162023636379204,0.0,0.0,-17.731532593263196
948,1,0.0,0.0,-0.01012885290736802,0.0,-0.5239137614015675
948,2,0.0,0.0,0.0,0.0,-1.0803801677771088
948,3,0.0,0.0,0.0,0.0,-0.06831745002120382
948,4,0.0,0.0,0.0,0.0,0.0
949,0,0.0,-0.0013162023636379204,0.0,0.0,-17.736161823887556
949,1,0.0,0.0,-0.01012885290736802,0.0,-0.5239137614015675
949,2,0.0,0.0,0.0,0.0,-1.0803801677771088
949,3,0.0,0.0,0.0,0.0,-0.06831745002120382
949,4,0.0,0.0,0.0,0.0,0.0
950,0,0.0,-0.0013162023636379204,0.0,0.0,-17.739910234506915
950,1,0.0,0.0,-0.01012885290736802,0.0,-0.5239137614015675
950,2,0.0,0.0,0.0,0.0,-1.0803801677771088
950,3,0.0,0.0,0.0,0.0,-0.06831745002120382
950,4,0.0,0.0,0.0,0.0,0.0
951,0,0.0,-0.0013162023636379204,0.0,0.0,-17.744339684984926
951,1,0.0,0.0,-0.01012885290736802,0.0,-0.5239137614015675
951,2,0.0,0.0,0.0,0.0,-1.0803801677771088
951,3,0.0,0.0,0.0,0.0,-0.06831745002120382
951,4,0.0,0.0,0.0,0.0,0.0
952,0,0.0,-0.0013162023636379204,0.0,0.0,-17.749164511474966
952,1,0.0,0.0,-0.01012885290736802,0.0,-0.5239137614015675
952,2,0.0,0.0,0.0,0.0,-1.0803801677771088
952,3,0.0,0.0,0.0,0.0,-0.06831745002120382
952,4,0.0,0.0,0.0,0.0,0.0
953,0,0.0,-0.0013162023636379204,0.0,0.0,-17.75174621515946
953,1,0.0,0.0,-0.01012885290736802,0.0,-0.5239137614015675
953,2,0.0,0.0,0.0,0.0,-1.0803801677771088
953,3,0.0,0.0,0.0,0.0,-0.06831745002120382
953,4,0.0,0.0,0.0,0.0,0.0
954,0,0.0,-0.0013162023636379204,0.0,0.0,-17.75614554729978
954,1,0.0,0.0,-0.01012885290736802,0.0,-0.5239137614015675
954,2,0.0,0.0,0.0,0.0,-1.0803801677771088
954,3,0.0,0.0,0.0,0.0,-0.06831745002120382
954,4,0.0,0.0,0.0,0.0,0.0
955,0,0.0,-0.0013162023636379204,0.0,0.0,-17.759452243275767
955,1,0.0,0.0,-0.01012885290736802,0.0,-0.5239137614015675
955,2,0.0,0.0,0.0,0.0,-1.0803801677771088
955,3,0.0,0.0,0.0,0.0,-0.06831745002120382
955,4,0.0,0.0,0.0,0.0,0.0
956,0,0.0,-0.0013162023636379204,0.0,0.0,-17.76166048332958
956,1,0.0,0.0,-0.01012885290736802,0.0,-0.5239137614015675
956,2,0.0,0.0,0.0,0.0,-1.0803801677771088
956,3,0.0,0.0,0.0,0.0,-0.06831745002120382
956,4,0.0,0.0,0.0,0.0,0.0
957,0,0.0,-0.0013162023636379204,0.0,0.0,-17.76581653430111
957,1,0.0,0.0,-0.01012885290736802,0.0,-0.5239137614015675
957,2,0.0,0.0,0.0,0.0,-1.0803801677771088
957,3,0.0,0.0,0.0,0.0,-0.06831745002120382
957,4,0.0,0.0,0.0,0.0,0.0
958,0,0.0,-0.0013162023636379204,0.0,0.0,-17.772039978378174
958,1,0.0,0.0,-0.01012885290736802,0.0,-0.5239137614015675
958,2,0.0,0.0,0.0,0.0,-1.0803801677771088
958,3,0.0,0.0,0.0,0.0,-0.06831745002120382
958,4,0.0,0.0,0.0,0.0,0.0
959,0,0.0,-0.0013162023636379204,0.0,0.0,-17.77530937335583
959,1,0.0,0.0,-0.01012885290736802,0.0,-0.5239137614015675
959,2,0.0,0.0,0.0,0.0,-1.0803801677771088
959,3,0.0,0.0,0.0,0.0,-0.06831745002120382
959,4,0.0,0.0,0.0,0.0,0.0
960,0,0.0,-0.0013162023636379204,0.0,0.0,-17.783015822709228
960,1,0.0,0.0,-0.01012885290736802,0.0,-0.5239137614015675
960,2,0.0,0.0,0.0,0.0,-1.0803801677771088
960,3,0.0,0.0,0.0,0.0,-0.06831745002120382
960,4,0.0,0.0,0.0,0.0,0.0
961,0,0.0,-0.0013162023636379204,0.0,0.0,-17.788497023210965
961,1,0.0,0.0,-0.01012885290736802,0.0,-0.5239137614015675
961,2,0.0,0.0,0.0,0.0,-1.0803801677771088
961,3,0.0,0.0,0.0,0.0,-0.06831745002120382
961,4,0.0,0.0,0.0,0.0,0.0
962,0,0.0,-0.0013162023636379204,0.0,0.0,-17.79087526901673
962,1,0.0,0.0,-0.01012885290736802,0.0,-0.5239137614015675
962,2,0.0,0.0,0.0,0.0,-1.0803801677771088
962,3,0.0,0.0,0.0,0.0,-0.06831745002120382
962,4,0.0,0.0,0.0,0.0,0.0
963,0,0.0,-0.0013162023636379204,0.0,0.0,-17.797499598398797
963,1,0.0,0.0,-0.01012885290736802,0.0,-0.5239137614015675
963,2,0.0,0.0,0.0,0.0,-1.0803801677771088
963,3,0.0,0.0,0.0,0.0,-0.06831745002120382
963,4,0.0,0.0,0.0,0.0,0.0
964,0,0.0,-0.0013162023636379204,0.0,0.0,-17.804566621094686
964,1,0.0,0.0,-0.01012885290736802,0.0,-0.5239137614015675
964,2,0.0,0.0,0.0,0.0,-1.0803801677771088
964,3,0.0,0.0,0.0,0.0,-0.06831745002120382
964,4,0.0,0.0,0.0,0.0,0.0
965,0,0.0,-0.0013162023636379204,0.0,0.0,-17.807381024016184
965,1,0.0,0.0,-0.01012885290736802,0.0,-0.5239137614015675
965,2,0.0,0.0,0.0,0.0,-1.0803801677771088
965,3,0.0,0.0,0.0,0.0,-0.06831745002120382
965,4,0.0,0.0,0.0,0.0,0.0
966,0,0.0,-0.0013162023636379204,0.0,0.0,-17.813045134259184
966,1,0.0,0.0,-0.01012885290736802,0.0,-0.5239137614015675
966,2,0.0,0.0,0.0,0.0,-1.0803801677771088
966,3,0.0,0.0,0.0,0.0,-0.06831745002120382
966,4,0.0,0.0,0.0,0.0,0.0
967,0,0.0,-0.0013162023636379204,0.0,0.0,-17.819671191008986
967,1,0.0,0.0,-0.01012885290736802,0.0,-0.5239137614015675
967,2,0.0,0.0,0.0,0.0,-1.0803801677771088
967,3,0.0,0.0,0.0,0.0,-0.06831745002120382
967,4,0.0,0.0,0.0,0.0,0.0
968,0,0.0,-0.0013162023636379204,0.0,0.0,-17.827368406629894
968,1,0.0,0.0,-0.01012885290736802,0.0,-0.5239137614015675
968,2,0.0,0.0,0.0,0.0,-1.0803801677771088
968,3,0.0,0.0,0.0,0.0,-0.06831745002120382
968,4,0.0,0.0,0.0,0.0,0.0
969,0,0.0,-0.0013162023636379204,0.0,0.0,-17.834680162971136
969,1,0.0,0.0,-0.01012885290736802,0.0,-0.5239137614015675
969,2,0.0,0.0,0.0,0.0,-1.0803801677771088
969,3,0.0,0.0,0.0,0.0,-0.06831745002120382
969,4,0.0,0.0,0.0,0.0,0.0
970,0,0.0,-0.0013162023636379204,0.0,0.0,-17.841139067247692
970,1,0.0,0.0,-0.01012885290736802,0.0,-0.5239137614015675
970,2,0.0,0.0,0.0,0.0,-1.0803801677771088
970,3,0.0,0.0,0.0,0.0,-0.06831745002120382
970,4,0.0,0.0,0.0,0.0,0.0
971,0,0.0,-0.0013162023636379204,0.0,0.0,-17.844689957254573
971,1,0.0,0.0,-0.01012885290736802,0.0,-0.5239137614015675
971,2,0.0,0.0,0.0,0.0,-1.0803801677771088
971,3,0.0,0.0,0.0,0.0,-0.06831745002120382
971,4,0.0,0.0,0.0,0.0,0.0
972,0,0.0,-0.0013162023636379204,0.0,0.0,-17.84695242759136
972,1,0.0,0.0,-0.01012885290736802,0.0,-0.5239137614015675
972,2,0.0,0.0,0.0,0.0,-1.0803801677771088
972,3,0.0,0.0,0.0,0.0,-0.06831745002120382
972,4,0.0,0.0,0.0,0.0,0.0
973,0,0.0,-0.0013162023636379204,0.0,0.0,-17.85392128147182
973,1,0.0,0.0,-0.01012885290736802,0.0,-0.5239137614015675
973,2,0.0,0.0,0.0,0.0,-1.0803801677771088
973,3,0.0,0.0,0.0,0.0,-0.06831745002120382
973,4,0.0,0.0,0.0,0.0,0.0
974,0,0.0,-0.0013162023636379204,0.0,0.0,-17.85592407356441
974,1,0.0,0.0,-0.01012885290736802,0.0,-0.5239137614015675
974,2,0.0,0.0,0.0,0.0,-1.0803801677771088
974,3,0.0,0.0,0.0,0.0,-0.06831745002120382
974,4,0.0,0.0,0.0,0.0,0.0
975,0,0.0,-0.0013162023636379204,0.0,0.0,-17.8646798594239
975,1,0.0,0.0,-0.01012885290736802,0.0,-0.5239137614015675
975,2,0.0,0.0,0.0,0.0,-1.0803801677771088
975,3,0.0,0.0,0.0,0.0,-0.06831745002120382
975,4,0.0,0.0,0.0,0.0,0.0
976,0,0.0,-0.0013162023636379204,0.0,0.0,-17.86765519898426
976,1,0.0,0.0,-0.01012885290736802,0.0,-0.5239137614015675
976,2,0.0,0.0,0.0,0.0,-1.0803801677771088
976,3,0.0,0.0,0.0,0.0,-0.06831745002120382
976,4,0.0,0.0,0.0,0.0,0.0
977,0,0.0,-0.0013162023636379204,0.0,0.0,-17.869658609000872
977,1,0.0,0.0,-0.01012885290736802,0.0,-0.5239137614015675
977,2,0.0,0.0,0.0,0.0,-1.0803801677771088
977,3,0.0,0.0,0.0,0.0,-0.06831745002120382
977,4,0.0,0.0,0.0,0.0,0.0
978,0,0.0,-0.0013162023636379204,0.0,0.0,-17.874932914795746
978,1,0.0,0.0,-0.01012885290736802,0.0,-0.5239137614015675
978,2,0.0,0.0,0.0,0.0,-1.0803801677771088
978,3,0.0,0.0,0.0,0.0,-0.06831745002120382
978,4,0.0,0.0,0.0,0.0,0.0
979,0,0.0,-0.0013162023636379204,0.0,0.0,-17.87926179141679
979,1,0.0,0.0,-0.01012885290736802,0.0,-0.5239137614015675
979,2,0.0,0.0,0.0,0.0,-1.0803801677771088
979,3,0.0,0.0,0.0,0.0,-0.06831745002120382
979,4,0.0,0.0,0.0,0.0,0.0
980,0,0.0,-0.0013162023636379204,0.0,0.0,-17.88766010915175
980,1,0.0,0.0,-0.01012885290736802,0.0,-0.5239137614015675
980,2,0.0,0.0,0.0,0.0,-1.0803801677771088
980,3,0.0,0.0,0.0,0.0,-0.06831745002120382
980,4,0.0,0.0,0.0,0.0,0.0
981,0,0.0,-0.0013162023636379204,0.0,0.0,-17.88919019593437
981,1,0.0,0.0,-0.01012885290736802,0.0,-0.5239137614015675
981,2,0.0,0.0,0.0,0.0,-1.0803801677771088
981,3,0.0,0.0,0.0,0.0,-0.06831745002120382
981,4,0.0,0.0,0.0,0.0,0.0
982,0,0.0,-0.0013162023636379204,0.0,0.0,-17.891824131475307
982,1,0.0,0.0,-0.01012885290736802,0.0,-0.5239137614015675
982,2,0.0,0.0,0.0,0.0,-1.0803801677771088
982,3,0.0,0.0,0.0,0.0,-0.06831745002120382
982,4,0.0,0.0,0.0,0.0,0.0
983,0,0.0,-0.0013162023636379204,0.0,0.0,-17.896116607810537
983,1,0.0,0.0,-0.01012885290736802,0.0,-0.5239137614015675
983,2,0.0,0.0,0.0,0.0,-1.0803801677771088
983,3,0.0,0.0,0.0,0.0,-0.06831745002120382
983,4,0.0,0.0,0.0,0.0,0.0
984,0,0.0,-0.0013162023636379204,0.0,0.0,-17.902672677572454
984,1,0.0,0.0,-0.01012885290736802,0.0,-0.5239137614015675
984,2,0.0,0.0,0.0,0.0,-1.0803801677771088
984,3,0.0,0.0,0.0,0.0,-0.06831745002120382
984,4,0.0,0.0,0.0,0.0,0.0
985,0,0.0,-0.0013162023636379204,0.0,0.0,-17.906931643091514
985,1,0.0,0.0,-0.01012885290736802,0.0,-0.5239137614015675
985,2,0.0,0.0,0.0,0.0,-1.0803801677771088
985,3,0.0,0.0,0.0,0.0,-0.06831745002120382
985,4,0.0,0.0,0.0,0.0,0.0
986,0,0.0,-0.0017696123739887777,0.0,0.0,-17.906931643091514
986,1,0.0,0.0,-0.01012885290736802,0.0,-0.5755249963310551
986,2,0.0,0.0,0.0,0.0,-1.0803801677771088
986,3,0.0,0.0,0.0,0.0,-0.06831745002120382
986,4,0.0,0.0,0.0,0.0,0.0
987,0,0.0,-0.0017696123739887777,0.0,0.0,-17.910996243803833
987,1,0.0,0.0,-0.01012885290736802,0.0,-0.5755249963310551
987,2,0.0,0.0,0.0,0.0,-1.0803801677771088
987,3,0.0,0.0,0.0,0.0,-0.06831745002120382
987,4,0.0,0.0,0.0,0.0,0.0
988,0,0.0,-0.0017696123739887777,0.0,0.0,-17.91453060986334
988,1,0.0,0.0,-0.01012885290736802,0.0,-0.5755249963310551
988,2,0.0,0.0,0.0,0.0,-1.0803801677771088
988,3,0.0,0.0,0.0,0.0,-0.06831745002120382
988,4,0.0,0.0,0.0,0.0,0.0
989,0,0.0,-0.0017696123739887777,0.0,0.0,-17.91955223847154
989,1,0.0,0.0,-0.01012885290736802,0.0,-0.5755249963310551
989,2,0.0,0.0,0.0,0.0,-1.0803801677771088
989,3,0.0,0.0,0.0,0.0,-0.06831745002120382
989,4,0.0,0.0,0.0,0.0,0.0
990,0,0.0,-0.0017696123739887777,0.0,0.0,-17.928526064755523
990,1,0.0,0.0,-0.01012885290736802,0.0,-0.5755249963310551
990,2,0.0,0.0,0.0,0.0,-1.0803801677771088
990,3,0.0,0.0,0.0,0.0,-0.06831745002120382
990,4,0.0,0.0,0.0,0.0,0.0
991,0,0.0,-0.0017696123739887777,0.0,0.0,-17.931501299119855
991,1,0.0,0.0,-0.01012885290736802,0.0,-0.5755249963310551
991,2,0.0,0.0,0.0,0.0,-1.0803801677771088
991,3,0.0,0.0,0.0,0.0,-0.06831745002120382
991,4,0.0,0.0,0.0,0.0,0.0
992,0,0.0,-0.0017696123739887777,0.0,0.0,-17.93475782797576
992,1,0.0,0.0,-0.01012885290736802,0.0,-0.5755249963310551
992,2,0.0,0.0,0.0,0.0,-1.0803801677771088
992,3,0.0,0.0,0.0,0.0,-0.06831745002120382
992,4,0.0,0.0,0.0,0.0,0.0
993,0,0.0,-0.0017696123739887777,0.0,0.0,-17.93786065449855
993,1,0.0,0.0,-0.01012885290736802,0.0,-0.5755249963310551
993,2,0.0,0.0,0.0,0.0,-1.0803801677771088
993,3,0.0,0.0,0.0,0.0,-0.06831745002120382
993,4,0.0,0.0,0.0,0.0,0.0
994,0,0.0,-0.0017696123739887777,0.0,0.0,-17.94522526822287
994,1,0.0,0.0,-0.01012885290736802,0.0,-0.5755249963310551
994,2,0.0,0.0,0.0,0.0,-1.0803801677771088
994,3,0.0,0.0,0.0,0.0,-0.06831745002120382
994,4,0.0,0.0,0.0,0.0,0.0
995,0,0.0,-0.0017696123739887777,0.0,0.0,-17.948435822410563
995,1,0.0,0.0,-0.01012885290736802,0.0,-0.5755249963310551
995,2,0.0,0.0,0.0,0.0,-1.0803801677771088
995,3,0.0,0.0,0.0,0.0,-0.06831745002120382
995,4,0.0,0.0,0.0,0.0,0.0
996,0,0.0,-0.0017696123739887777,0.0,0.0,-17.951188346961384
996,1,0.0,0.0,-0.01012885290736802,0.0,-0.5755249963310551
996,2,0.0,0.0,0.0,0.0,-1.0803801677771088
996,3,0.0,0.0,0.0,0.0,-0.06831745002120382
996,4,0.0,0.0,0.0,0.0,0.0
997,0,0.0,-0.0017696123739887777,0.0,0.0,-17.953630618169825
997,1,0.0,0.0,-0.01012885290736802,0.0,-0.5755249963310551
997,2,0.0,0.0,0.0,0.0,-1.0803801677771088
997,3,0.0,0.0,0.0,0.0,-0.06831745002120382
997,4,0.0,0.0,0.0,0.0,0.0
998,0,0.0,-0.0017696123739887777,0.0,0.0,-17.958485060956974
998,1,0.0,0.0,-0.01012885290736802,0.0,-0.5755249963310551
998,2,0.0,0.0,0.0,0.0,-1.0803801677771088
998,3,0.0,0.0,0.0,0.0,-0.06831745002120382
998,4,0.0,0.0,0.0,0.0,0.0
999,0,0.0,-0.0017696123739887777,0.0,0.0,-17.965448782096832
999,1,0.0,0.0,-0.01012885290736802,0.0,-0.5755249963310551
999,2,0.0,0.0,0.0,0.0,-1.0803801677771088
999,3,0.0,0.0,0.0,0.0,-0.06831745002120382
999,4,0.0,0.0,0.0,0.0,0.0
1000,0,0.0,-0.0017696123739887777,0.0,0.0,-17.969291850802552
1000,1,0.0,0.0,-0.01012885290736802,0.0,-0.5755249963310551
1000,2,0.0,0.0,0.0,0.0,-1.0803801677771088
1000,3,0.0,0.0,0.0,0.0,-0.06831745002120382
1000,4,0.0,0.0,0.0,0.0,0.0
