1,0,0.0,0.0,0.0,0.0,0.0
1,1,0.0,0.0,0.0,0.0,-0.01375
1,2,0.0,0.0,0.0,0.0,0.0
1,3,0.0,0.0,0.0,0.0,0.0
1,4,0.0,0.0,0.0,0.0,0.0
2,0,0.0,-3.1507387983788294e-07,0.0,0.0,0.0
2,1,0.0,0.0,0.0,0.0,-0.027454171072023578
2,2,0.0,0.0,0.0,0.0,0.0
2,3,0.0,0.0,0.0,0.0,0.0
2,4,0.0,0.0,0.0,0.0,0.0
3,0,0.0,-1.570619639721411e-06,0.0,0.0,0.0
3,1,0.0,0.0,0.0,0.0,-0.04111268505803057
3,2,0.0,0.0,0.0,0.0,0.0
3,3,0.0,0.0,0.0,0.0,0.0
3,4,0.0,0.0,0.0,0.0,0.0
4,0,0.0,-4.384874659481267e-06,0.0,0.0,0.0
4,1,0.0,0.0,0.0,0.0,-0.05472571311270104
4,2,0.0,0.0,0.0,0.0,0.0
4,3,0.0,0.0,0.0,0.0,0.0
4,4,0.0,0.0,0.0,0.0,0.0
5,0,0.0,-9.36886933931344e-06,0.0,0.0,0.0
5,1,0.0,0.0,0.0,0.0,-0.06829342570629851
5,2,0.0,0.0,0.0,0.0,0.0
5,3,0.0,0.0,0.0,0.0,0.0
5,4,0.0,0.0,0.0,0.0,0.0
6,0,0.0,-1.7126382774205417e-05,0.0,0.0,0.0
6,1,0.0,0.0,0.0,0.0,-0.08181599262752094
6,2,0.0,0.0,0.0,0.0,0.0
6,3,0.0,0.0,0.0,0.0,0.0
6,4,0.0,0.0,0.0,0.0,0.0
7,0,0.0,-2.8253900477641077e-05,0.0,0.0,0.0
7,1,0.0,0.0,0.0,0.0,-0.09529358298633939
7,2,0.0,0.0,0.0,0.0,0.0
7,3,0.0,0.0,0.0,0.0,0.0
7,4,0.0,0.0,0.0,0.0,0.0
8,0,0.0,-4.334057416859155e-05,0.0,0.0,0.0
8,1,0.0,0.0,0.0,0.0,-0.10872636521682458
8,2,0.0,0.0,0.0,0.0,0.0
8,3,0.0,0.0,0.0,0.0,0.0
8,4,0.0,0.0,0.0,0.0,0.0
9,0,0.0,-6.296818363421505e-05,0.0,0.0,0.0
9,1,0.0,0.0,0.0,0.0,-0.12211450707996138
9,2,0.0,0.0,0.0,0.0,0.0
9,3,0.0,0.0,0.0,0.0,0.0
9,4,0.0,0.0,0.0,0.0,0.0
10,0,0.0,-8.771110067910905e-05,0.0,0.0,0.0
10,1,0.0,0.0,0.0,0.0,-0.1354581756664512
10,2,0.0,0.0,0.0,0.0,0.0
10,3,0.0,0.0,0.0,0.0,0.0
10,4,0.0,0.0,0.0,0.0,0.0
11,0,0.0,-0.00011813625517038567,0.0,0.0,0.0
11,1,0.0,0.0,0.0,0.0,-0.14875753739950243
11,2,0.0,0.0,0.0,0.0,0.0
11,3,0.0,0.0,0.0,0.0,0.0
11,4,0.0,0.0,0.0,0.0,0.0
12,0,0.0,-0.00015480310318627595,0.0,0.0,0.0
12,1,0.0,0.0,0.0,0.0,-0.16201275803760878
12,2,0.0,0.0,0.0,0.0,0.0
12,3,0.0,0.0,0.0,0.0,0.0
12,4,0.0,0.0,0.0,0.0,0.0
13,0,0.0,-0.00019826359727441467,0.0,0.0,0.0
13,1,0.0,0.0,0.0,0.0,-0.1752240026773158
13,2,0.0,0.0,0.0,0.0,0.0
13,3,0.0,0.0,0.0,0.0,0.0
13,4,0.0,0.0,0.0,0.0,0.0
14,0,0.0,-0.000249062158824415,0.0,0.0,0.0
14,1,0.0,0.0,0.0,0.0,-0.18839143575597594
14,2,0.0,0.0,0.0,0.0,0.0
14,3,0.0,0.0,0.0,0.0,0.0
14,4,0.0,0.0,0.0,0.0,0.0
15,0,0.0,-0.0003077356525578095,0.0,0.0,0.0
15,1,0.0,0.0,0.0,0.0,-0.2015152210544909
15,2,0.0,0.0,0.0,0.0,0.0
15,3,0.0,0.0,0.0,0.0,0.0
15,4,0.0,0.0,0.0,0.0,0.0
16,0,0.0,-0.00037481336313692357,0.0,0.0,0.0
16,1,0.0,0.0,0.0,0.0,-0.21459552170004317
16,2,0.0,0.0,0.0,0.0,0.0
16,3,0.0,0.0,0.0,0.0,0.0
16,4,0.0,0.0,0.0,0.0,0.0
17,0,0.0,-0.0004508169738927431,0.0,0.0,0.0
17,1,0.0,0.0,0.0,0.0,-0.22763250016881545
17,2,0.0,0.0,0.0,0.0,0.0
17,3,0.0,0.0,0.0,0.0,0.0
17,4,0.0,0.0,0.0,0.0,0.0
18,0,0.0,-0.0005362605476703611,0.0,0.0,0.0
18,1,0.0,0.0,0.0,0.0,-0.24062631828869852
18,2,0.0,0.0,0.0,0.0,0.0
18,3,0.0,0.0,0.0,0.0,0.0
18,4,0.0,0.0,0.0,0.0,0.0
19,0,0.0,-0.0006316505097891233,0.0,0.0,0.0
19,1,0.0,0.0,0.0,0.0,-0.2535771372419872
19,2,0.0,0.0,0.0,0.0,0.0
19,3,0.0,0.0,0.0,0.0,0.0
19,4,0.0,0.0,0.0,0.0,0.0
20,0,0.0,-0.0007374856331131513,0.0,0.0,0.0
20,1,0.0,0.0,0.0,0.0,-0.26648511756806553
20,2,0.0,0.0,0.0,0.0,0.0
20,3,0.0,0.0,0.0,0.0,0.0
20,4,0.0,0.0,0.0,0.0,0.0
21,0,0.0,-0.0008542570252265014,0.0,0.0,0.0
21,1,0.0,0.0,0.0,0.0,-0.2793504191660795
21,2,0.0,0.0,0.0,0.0,0.0
21,3,0.0,0.0,0.0,0.0,0.0
21,4,0.0,0.0,0.0,0.0,0.0
22,0,0.0,-0.000982448117705823,0.0,0.0,0.0
22,1,0.0,0.0,0.0,0.0,-0.2921732012975992
22,2,0.0,0.0,0.0,0.0,0.0
22,3,0.0,0.0,0.0,0.0,0.0
22,4,0.0,0.0,0.0,0.0,0.0
23,0,0.0,-0.0011225346574820004,0.0,0.0,0.0
23,1,0.0,0.0,0.0,0.0,-0.3049536225892691
23,2,0.0,0.0,0.0,0.0,0.0
23,3,0.0,0.0,0.0,0.0,0.0
23,4,0.0,0.0,0.0,0.0,0.0
24,0,0.0,-0.0012749847002809227,0.0,0.0,0.0
24,1,0.0,0.0,0.0,0.0,-0.3176918410354469
24,2,0.0,0.0,0.0,0.0,0.0
24,3,0.0,0.0,0.0,0.0,0.0
24,4,0.0,0.0,0.0,0.0,0.0
25,0,0.0,-0.0014402586061322009,0.0,0.0,0.0
25,1,0.0,0.0,0.0,0.0,-0.3303880140008317
25,2,0.0,0.0,0.0,0.0,0.0
25,3,0.0,0.0,0.0,0.0,0.0
25,4,0.0,0.0,0.0,0.0,0.0
26,0,0.0,-0.0016188090369333593,0.0,0.0,0.0
26,1,0.0,0.0,0.0,0.0,-0.34304229822308
26,2,0.0,0.0,0.0,0.0,0.0
26,3,0.0,0.0,0.0,0.0,0.0
26,4,0.0,0.0,0.0,0.0,0.0
27,0,0.0,-0.0018110809560557583,0.0,0.0,0.0
27,1,0.0,0.0,0.0,0.0,-0.3556548498154117
27,2,0.0,0.0,0.0,0.0,0.0
27,3,0.0,0.0,0.0,0.0,0.0
27,4,0.0,0.0,0.0,0.0,0.0
28,0,0.0,-0.0020175116299772796,0.0,0.0,0.0
28,1,0.0,0.0,0.0,0.0,-0.3682258242692035
28,2,0.0,0.0,0.0,0.0,0.0
28,3,0.0,0.0,0.0,0.0,0.0
28,4,0.0,0.0,0.0,0.0,0.0
29,0,0.0,-0.002238530631925594,0.0,0.0,0.0
29,1,0.0,0.0,0.0,0.0,-0.38075537645657304
29,2,0.0,0.0,0.0,0.0,0.0
29,3,0.0,0.0,0.0,0.0,0.0
29,4,0.0,0.0,0.0,0.0,0.0
30,0,0.0,-0.002474559847514663,0.0,0.0,0.0
30,1,0.0,0.0,0.0,0.0,-0.39324366063294974
30,2,0.0,0.0,0.0,0.0,0.0
30,3,0.0,0.0,0.0,0.0,0.0
30,4,0.0,0.0,0.0,0.0,0.0
31,0,0.0,-0.002726013482355964,0.0,0.0,0.0
31,1,0.0,0.0,0.0,0.0,-0.4056908304396367
31,2,0.0,0.0,0.0,0.0,0.0
31,3,0.0,0.0,0.0,0.0,0.0
31,4,0.0,0.0,0.0,0.0,0.0
32,0,0.0,-0.002993298071624861,0.0,0.0,0.0
32,1,0.0,0.0,0.0,0.0,-0.41809703890636063
32,2,0.0,0.0,0.0,0.0,0.0
32,3,0.0,0.0,0.0,0.0,0.0
32,4,0.0,0.0,0.0,0.0,0.0
33,0,0.0,-0.0032768124915614266,0.0,0.0,0.0
33,1,0.0,0.0,0.0,0.0,-0.43046243845381116
33,2,0.0,0.0,0.0,0.0,0.0
33,3,0.0,0.0,0.0,0.0,0.0
33,4,0.0,0.0,0.0,0.0,0.0
34,0,0.0,-0.003576947972883994,0.0,0.0,0.0
34,1,0.0,0.0,0.0,0.0,-0.44278718089616836
34,2,0.0,0.0,0.0,0.0,0.0
34,3,0.0,0.0,0.0,0.0,0.0
34,4,0.0,0.0,0.0,0.0,0.0
35,0,0.0,-0.0038940881160927235,0.0,0.0,0.0
35,1,0.0,0.0,0.0,0.0,-0.455071417443622
35,2,0.0,0.0,0.0,0.0,0.0
35,3,0.0,0.0,0.0,0.0,0.0
35,4,0.0,0.0,0.0,0.0,0.0
36,0,0.0,-0.004228608908639482,0.0,0.0,0.0
36,1,0.0,0.0,0.0,0.0,-0.46731529870487665
36,2,0.0,0.0,0.0,0.0,0.0
36,3,0.0,0.0,0.0,0.0,0.0
36,4,0.0,0.0,0.0,0.0,0.0
37,0,0.0,-0.00458087874393939,0.0,0.0,0.0
37,1,0.0,0.0,0.0,0.0,-0.4795189746896486
37,2,0.0,0.0,0.0,0.0,0.0
37,3,0.0,0.0,0.0,0.0,0.0
37,4,0.0,0.0,0.0,0.0,0.0
38,0,0.0,-0.004951258442198528,0.0,0.0,0.0
38,1,0.0,0.0,0.0,0.0,-0.4916825948111514
38,2,0.0,0.0,0.0,0.0,0.0
38,3,0.0,0.0,0.0,0.0,0.0
38,4,0.0,0.0,0.0,0.0,0.0
39,0,0.0,-0.005340101273031371,0.0,0.0,0.0
39,1,0.0,0.0,0.0,0.0,-0.50380630788857
39,2,0.0,0.0,0.0,0.0,0.0
39,3,0.0,0.0,0.0,0.0,0.0
39,4,0.0,0.0,0.0,0.0,0.0
40,0,0.0,-0.005747752979840711,0.0,0.0,0.0
40,1,0.0,0.0,0.0,0.0,-0.5158902621495255
40,2,0.0,0.0,0.0,0.0,0.0
40,3,0.0,0.0,0.0,0.0,0.0
40,4,0.0,0.0,0.0,0.0,0.0
41,0,0.0,-0.00617455180554881,0.0,0.0,0.0
41,1,0.0,0.0,0.0,0.0,-0.5279346052325289
41,2,0.0,0.0,0.0,0.0,0.0
41,3,0.0,0.0,0.0,0.0,0.0
41,4,0.0,0.0,0.0,0.0,0.0
42,0,0.0,-0.006620827826501106,0.0,0.0,0.0
42,1,0.0,0.0,0.0,0.0,-0.5399394841894241
42,2,0.0,0.0,0.0,0.0,0.0
42,3,0.0,0.0,0.0,0.0,0.0
42,4,0.0,0.0,0.0,0.0,0.0
43,0,0.0,-0.0070868871910392955,0.0,0.0,0.0
43,1,0.0,0.0,0.0,0.0,-0.5519050454878203
43,2,0.0,0.0,0.0,0.0,0.0
43,3,0.0,0.0,0.0,0.0,0.0
43,4,0.0,0.0,0.0,0.0,0.0
44,0,0.0,-0.007573003424929204,0.0,0.0,0.0
44,1,0.0,0.0,0.0,0.0,-0.5638314350135157
44,2,0.0,0.0,0.0,0.0,0.0
44,3,0.0,0.0,0.0,0.0,0.0
44,4,0.0,0.0,0.0,0.0,0.0
45,0,0.0,-0.008079420304350942,0.0,0.0,0.0
45,1,0.0,0.0,0.0,0.0,-0.575718798072908
45,2,0.0,0.0,0.0,0.0,0.0
45,3,0.0,0.0,0.0,0.0,0.0
45,4,0.0,0.0,0.0,0.0,0.0
46,0,0.0,-0.008606354477451112,0.0,0.0,0.0
46,1,0.0,0.0,0.0,0.0,-0.5875672793953977
46,2,0.0,0.0,0.0,0.0,0.0
46,3,0.0,0.0,0.0,0.0,0.0
46,4,0.0,0.0,0.0,0.0,0.0
47,0,0.0,-0.009153997839359695,0.0,0.0,0.0
47,1,0.0,0.0,0.0,0.0,-0.5993770231357777
47,2,0.0,0.0,0.0,0.0,0.0
47,3,0.0,0.0,0.0,0.0,0.0
47,4,0.0,0.0,0.0,0.0,0.0
48,0,0.0,-0.009722519662633999,0.0,0.0,0.0
48,1,0.0,0.0,0.0,0.0,-0.6111481728766165
48,2,0.0,0.0,0.0,0.0,0.0
48,3,0.0,0.0,0.0,0.0,0.0
48,4,0.0,0.0,0.0,0.0,0.0
49,0,0.0,-0.01031206848989313,0.0,0.0,0.0
49,1,0.0,0.0,0.0,0.0,-0.622880871630628
49,2,0.0,0.0,0.0,0.0,0.0
49,3,0.0,0.0,0.0,0.0,0.0
49,4,0.0,0.0,0.0,0.0,0.0
50,0,0.0,-0.01092277380837992,0.0,0.0,0.0
50,1,0.0,0.0,0.0,0.0,-0.634575261843034
50,2,0.0,0.0,0.0,0.0,0.0
50,3,0.0,0.0,0.0,0.0,0.0
50,4,0.0,0.0,0.0,0.0,0.0
51,0,0.0,-0.011554747684899707,0.0,0.0,0.0
51,1,0.0,0.0,0.0,0.0,-0.646231485393913
51,2,0.0,0.0,0.0,0.0,0.0
51,3,0.0,0.0,0.0,0.0,0.0
51,4,0.0,0.0,0.0,0.0,0.0
52,0,0.0,-0.012208086259863355,0.0,0.0,0.0
52,1,0.0,0.0,0.0,0.0,-0.6578496836005431
52,2,0.0,0.0,0.0,0.0,0.0
52,3,0.0,0.0,0.0,0.0,0.0
52,4,0.0,0.0,0.0,0.0,0.0
53,0,0.0,-0.01288287095366674,0.0,0.0,0.0
53,1,0.0,0.0,0.0,0.0,-0.6694299972197321
53,2,0.0,0.0,0.0,0.0,0.0
53,3,0.0,0.0,0.0,0.0,0.0
53,4,0.0,0.0,0.0,0.0,0.0
54,0,0.0,-0.013579169387316882,0.0,0.0,0.0
54,1,0.0,0.0,0.0,0.0,-0.680972566450138
54,2,0.0,0.0,0.0,0.0,0.0
54,3,0.0,0.0,0.0,0.0,0.0
54,4,0.0,0.0,0.0,0.0,0.0
55,0,0.0,-0.01429703660258345,0.0,0.0,0.0
55,1,0.0,0.0,0.0,0.0,-0.692477530934581
55,2,0.0,0.0,0.0,0.0,0.0
55,3,0.0,0.0,0.0,0.0,0.0
55,4,0.0,0.0,0.0,0.0,0.0
56,0,0.0,-0.015036516297955086,0.0,0.0,0.0
56,1,0.0,0.0,0.0,0.0,-0.7039450297623447
56,2,0.0,0.0,0.0,0.0,0.0
56,3,0.0,0.0,0.0,0.0,0.0
56,4,0.0,0.0,0.0,0.0,0.0
57,0,0.0,-0.015797641171634118,0.0,0.0,0.0
57,1,0.0,0.0,0.0,0.0,-0.7153752014714665
57,2,0.0,0.0,0.0,0.0,0.0
57,3,0.0,0.0,0.0,0.0,0.0
57,4,0.0,0.0,0.0,0.0,0.0
58,0,0.0,-0.01658043402389283,0.0,0.0,0.0
58,1,0.0,0.0,0.0,0.0,-0.7267681840510198
58,2,0.0,0.0,0.0,0.0,0.0
58,3,0.0,0.0,0.0,0.0,0.0
58,4,0.0,0.0,0.0,0.0,0.0
59,0,0.0,-0.017384908648498423,0.0,0.0,0.0
59,1,0.0,0.0,0.0,0.0,-0.7381241149433865
59,2,0.0,0.0,0.0,0.0,0.0
59,3,0.0,0.0,0.0,0.0,0.0
59,4,0.0,0.0,0.0,0.0,0.0
60,0,0.0,-0.018211069899298105,0.0,0.0,0.0
60,1,0.0,0.0,0.0,0.0,-0.7494431310465187
60,2,0.0,0.0,0.0,0.0,0.0
60,3,0.0,0.0,0.0,0.0,0.0
60,4,0.0,0.0,0.0,0.0,0.0
61,0,0.0,-0.01905891516357148,0.0,0.0,0.0
61,1,0.0,0.0,0.0,0.0,-0.7607253687161906
61,2,0.0,0.0,0.0,0.0,0.0
61,3,0.0,0.0,0.0,0.0,0.0
61,4,0.0,0.0,0.0,0.0,0.0
62,0,0.0,-0.01992843398166717,0.0,0.0,0.0
62,1,0.0,0.0,0.0,0.0,-0.771970963768243
62,2,0.0,0.0,0.0,0.0,0.0
62,3,0.0,0.0,0.0,0.0,0.0
62,4,0.0,0.0,0.0,0.0,0.0
63,0,0.0,-0.020819609514537447,0.0,0.0,0.0
63,1,0.0,0.0,0.0,0.0,-0.7831800514808156
63,2,0.0,0.0,0.0,0.0,0.0
63,3,0.0,0.0,0.0,0.0,0.0
63,4,0.0,0.0,0.0,0.0,0.0
64,0,0.0,-0.021732418071154475,0.0,0.0,0.0
64,1,0.0,0.0,0.0,0.0,-0.7943527665965707
64,2,0.0,0.0,0.0,0.0,0.0
64,3,0.0,0.0,0.0,0.0,0.0
64,4,0.0,0.0,0.0,0.0,0.0
65,0,0.0,-0.02266683053015332,0.0,0.0,0.0
65,1,0.0,0.0,0.0,0.0,-0.8054892433249083
65,2,0.0,0.0,0.0,0.0,0.0
65,3,0.0,0.0,0.0,0.0,0.0
65,4,0.0,0.0,0.0,0.0,0.0
66,0,0.0,-0.02362281170781991,0.0,0.0,0.0
66,1,0.0,0.0,0.0,0.0,-0.8165896153441714
66,2,0.0,0.0,0.0,0.0,0.0
66,3,0.0,0.0,0.0,0.0,0.0
66,4,0.0,0.0,0.0,0.0,0.0
67,0,0.0,-0.024600321822568737,0.0,0.0,0.0
67,1,0.0,0.0,0.0,0.0,-0.8276540158038405
67,2,0.0,0.0,0.0,0.0,0.0
67,3,0.0,0.0,0.0,0.0,0.0
67,4,0.0,0.0,0.0,0.0,0.0
68,0,0.0,-0.025599315790448558,0.0,0.0,0.0
68,1,0.0,0.0,0.0,0.0,-0.8386825773267204
68,2,0.0,0.0,0.0,0.0,0.0
68,3,0.0,0.0,0.0,0.0,0.0
68,4,0.0,0.0,0.0,0.0,0.0
69,0,0.0,-0.026619744416789628,0.0,0.0,0.0
69,1,0.0,0.0,0.0,0.0,-0.8496754320111171
69,2,0.0,0.0,0.0,0.0,0.0
69,3,0.0,0.0,0.0,0.0,0.0
69,4,0.0,0.0,0.0,0.0,0.0
70,0,0.0,-0.027661554229802588,0.0,0.0,0.0
70,1,0.0,0.0,0.0,0.0,-0.8606327114330058
70,2,0.0,0.0,0.0,0.0,0.0
70,3,0.0,0.0,0.0,0.0,0.0
70,4,0.0,0.0,0.0,0.0,0.0
71,0,0.0,-0.028724687665624703,0.0,0.0,0.0
71,1,0.0,0.0,0.0,0.0,-0.8715545466481882
71,2,0.0,0.0,0.0,0.0,0.0
71,3,0.0,0.0,0.0,0.0,0.0
71,4,0.0,0.0,0.0,0.0,0.0
72,0,0.0,-0.029809083951185436,0.0,0.0,0.0
72,1,0.0,0.0,0.0,0.0,-0.8824410681944436
72,2,0.0,0.0,0.0,0.0,0.0
72,3,0.0,0.0,0.0,0.0,0.0
72,4,0.0,0.0,0.0,0.0,0.0
73,0,0.0,-0.030914678472103663,0.0,0.0,0.0
73,1,0.0,0.0,0.0,0.0,-0.8932924060936664
73,2,0.0,0.0,0.0,0.0,0.0
73,3,0.0,0.0,0.0,0.0,0.0
73,4,0.0,0.0,0.0,0.0,0.0
74,0,0.0,-0.03204140366268536,0.0,0.0,0.0
74,1,0.0,0.0,0.0,0.0,-0.9041086898539998
74,2,0.0,0.0,0.0,0.0,0.0
74,3,0.0,0.0,0.0,0.0,0.0
74,4,0.0,0.0,0.0,0.0,0.0
75,0,0.0,-0.03318918916472596,0.0,0.0,0.0
75,1,0.0,0.0,0.0,0.0,-0.914890048471956
75,2,0.0,0.0,0.0,0.0,0.0
75,3,0.0,0.0,0.0,0.0,0.0
75,4,0.0,0.0,0.0,0.0,0.0
76,0,0.0,-0.03435796145951842,0.0,0.0,0.0
76,1,0.0,0.0,0.0,0.0,-0.9256366104345284
76,2,0.0,0.0,0.0,0.0,0.0
76,3,0.0,0.0,0.0,0.0,0.0
76,4,0.0,0.0,0.0,0.0,0.0
77,0,0.0,-0.03554764470128465,0.0,0.0,0.0
77,1,0.0,0.0,0.0,0.0,-0.9363485037212977
77,2,0.0,0.0,0.0,0.0,0.0
77,3,0.0,0.0,0.0,0.0,0.0
77,4,0.0,0.0,0.0,0.0,0.0
78,0,0.0,-0.03675816076351556,0.0,0.0,0.0
78,1,0.0,0.0,0.0,0.0,-0.9470258558065253
78,2,0.0,0.0,0.0,0.0,0.0
78,3,0.0,0.0,0.0,0.0,0.0
78,4,0.0,0.0,0.0,0.0,0.0
79,0,0.0,-0.03798942896397095,0.0,0.0,0.0
79,1,0.0,0.0,0.0,0.0,-0.9576687936612392
79,2,0.0,0.0,0.0,0.0,0.0
79,3,0.0,0.0,0.0,0.0,0.0
79,4,0.0,0.0,0.0,0.0,0.0
80,0,0.0,-0.039241366610252106,0.0,0.0,0.0
80,1,0.0,0.0,0.0,0.0,-0.9682774437553118
80,2,0.0,0.0,0.0,0.0,0.0
80,3,0.0,0.0,0.0,0.0,0.0
80,4,0.0,0.0,0.0,0.0,0.0
81,0,0.0,-0.04051388926342926,0.0,0.0,0.0
81,1,0.0,0.0,0.0,0.0,-0.9788519320595275
81,2,0.0,0.0,0.0,0.0,0.0
81,3,0.0,0.0,0.0,0.0,0.0
81,4,0.0,0.0,0.0,0.0,0.0
82,0,0.0,-0.041806910529490905,0.0,0.0,0.0
82,1,0.0,0.0,0.0,0.0,-0.9893923840476422
82,2,0.0,0.0,0.0,0.0,0.0
82,3,0.0,0.0,0.0,0.0,0.0
82,4,0.0,0.0,0.0,0.0,0.0
83,0,0.0,-0.04312034212366615,0.0,0.0,0.0
83,1,0.0,0.0,0.0,0.0,-0.9998989246984356
83,2,0.0,0.0,0.0,0.0,0.0
83,3,0.0,0.0,0.0,0.0,0.0
83,4,0.0,0.0,0.0,0.0,0.0
84,0,0.0,-0.04445409439426768,0.0,0.0,0.0
84,1,0.0,0.0,0.0,0.0,-1.0103716784977503
84,2,0.0,0.0,0.0,0.0,0.0
84,3,0.0,0.0,0.0,0.0,0.0
84,4,0.0,0.0,0.0,0.0,0.0
85,0,0.0,-0.045808076298284685,0.0,0.0,0.0
85,1,0.0,0.0,0.0,0.0,-1.0208107694405277
85,2,0.0,0.0,0.0,0.0,0.0
85,3,0.0,0.0,0.0,0.0,0.0
85,4,0.0,0.0,0.0,0.0,0.0
86,0,0.0,-0.04718219528535879,0.0,0.0,0.0
86,1,0.0,0.0,0.0,0.0,-1.0312163210328311
86,2,0.0,0.0,0.0,0.0,0.0
86,3,0.0,0.0,0.0,0.0,0.0
86,4,0.0,0.0,0.0,0.0,0.0
87,0,0.0,-0.048576357386801015,0.0,0.0,0.0
87,1,0.0,0.0,0.0,0.0,-1.0415884562938622
87,2,0.0,0.0,0.0,0.0,0.0
87,3,0.0,0.0,0.0,0.0,0.0
87,4,0.0,0.0,0.0,0.0,0.0
88,0,0.0,-0.04999046763106683,0.0,0.0,0.0
88,1,0.0,0.0,0.0,0.0,-1.0519272977579694
88,2,0.0,0.0,0.0,0.0,0.0
88,3,0.0,0.0,0.0,0.0,0.0
88,4,0.0,0.0,0.0,0.0,0.0
89,0,0.0,-0.05142443004072101,0.0,0.0,0.0
89,1,0.0,0.0,0.0,0.0,-1.0622329674766444
89,2,0.0,0.0,0.0,0.0,0.0
89,3,0.0,0.0,0.0,0.0,0.0
89,4,0.0,0.0,0.0,0.0,0.0
90,0,0.0,-0.052878147553020456,0.0,0.0,0.0
90,1,0.0,0.0,0.0,0.0,-1.0725055870205162
90,2,0.0,0.0,0.0,0.0,0.0
90,3,0.0,0.0,0.0,0.0,0.0
90,4,0.0,0.0,0.0,0.0,0.0
91,0,0.0,-0.05435152198724879,0.0,0.0,0.0
91,1,0.0,0.0,0.0,0.0,-1.0827452774813286
91,2,0.0,0.0,0.0,0.0,0.0
91,3,0.0,0.0,0.0,0.0,0.0
91,4,0.0,0.0,0.0,0.0,0.0
92,0,0.0,-0.05584445436468242,0.0,0.0,0.0
92,1,0.0,0.0,0.0,0.0,-1.0929521594739184
92,2,0.0,0.0,0.0,0.0,0.0
92,3,0.0,0.0,0.0,0.0,0.0
92,4,0.0,0.0,0.0,0.0,0.0
93,0,0.0,-0.05735684504330283,0.0,0.0,0.0
93,1,0.0,0.0,0.0,0.0,-1.1031263531381774
93,2,0.0,0.0,0.0,0.0,0.0
93,3,0.0,0.0,0.0,0.0,0.0
93,4,0.0,0.0,0.0,0.0,0.0
94,0,0.0,-0.05888859366905152,0.0,0.0,0.0
94,1,0.0,0.0,0.0,0.0,-1.1132679781410098
94,2,0.0,0.0,0.0,0.0,0.0
94,3,0.0,0.0,0.0,0.0,0.0
94,4,0.0,0.0,0.0,0.0,0.0
95,0,0.0,-0.06043959912865386,0.0,0.0,0.0
95,1,0.0,0.0,0.0,0.0,-1.1233771536782815
95,2,0.0,0.0,0.0,0.0,0.0
95,3,0.0,0.0,0.0,0.0,0.0
95,4,0.0,0.0,0.0,0.0,0.0
96,0,0.0,-0.06200975956120428,0.0,0.0,0.0
96,1,0.0,0.0,0.0,0.0,-1.1334539984767598
96,2,0.0,0.0,0.0,0.0,0.0
96,3,0.0,0.0,0.0,0.0,0.0
96,4,0.0,0.0,0.0,0.0,0.0
97,0,0.0,-0.06359897260342953,0.0,0.0,0.0
97,1,0.0,0.0,0.0,0.0,-1.1434986307960449
97,2,0.0,0.0,0.0,0.0,0.0
97,3,0.0,0.0,0.0,0.0,0.0
97,4,0.0,0.0,0.0,0.0,0.0
98,0,0.0,-0.06520713548836324,0.0,0.0,0.0
98,1,0.0,0.0,0.0,0.0,-1.1535111684304944
98,2,0.0,0.0,0.0,0.0,0.0
98,3,0.0,0.0,0.0,0.0,0.0
98,4,0.0,0.0,0.0,0.0,0.0
99,0,0.0,-0.06683414501266575,0.0,0.0,0.0
99,1,0.0,0.0,0.0,0.0,-1.1634917287111395
99,2,0.0,0.0,0.0,0.0,0.0
99,3,0.0,0.0,0.0,0.0,0.0
99,4,0.0,0.0,0.0,0.0,0.0
100,0,0.0,-0.06847989752328598,0.0,0.0,0.0
100,1,0.0,0.0,0.0,0.0,-1.17344042850759
100,2,0.0,0.0,0.0,0.0,0.0
100,3,0.0,0.0,0.0,0.0,0.0
100,4,0.0,0.0,0.0,0.0,0.0
101,0,0.0,-0.07014428891550625,0.0,0.0,0.0
101,1,0.0,0.0,0.0,0.0,-1.183357384229936
101,2,0.0,0.0,0.0,0.0,0.0
101,3,0.0,0.0,0.0,0.0,0.0
101,4,0.0,0.0,0.0,0.0,0.0
102,0,0.0,-0.07182721468830178,0.0,0.0,0.0
102,1,0.0,0.0,0.0,0.0,-1.193242711830639
102,2,0.0,0.0,0.0,0.0,0.0
102,3,0.0,0.0,0.0,0.0,0.0
102,4,0.0,0.0,0.0,0.0,0.0
103,0,0.0,-0.07352857011350286,0.0,0.0,0.0
103,1,0.0,0.0,0.0,0.0,-1.203096526806414
103,2,0.0,0.0,0.0,0.0,0.0
103,3,0.0,0.0,0.0,0.0,0.0
103,4,0.0,0.0,0.0,0.0,0.0
104,0,0.0,-0.07524825026278831,0.0,0.0,0.0
104,1,0.0,0.0,0.0,0.0,-1.2129189442001043
104,2,0.0,0.0,0.0,0.0,0.0
104,3,0.0,0.0,0.0,0.0,0.0
104,4,0.0,0.0,0.0,0.0,0.0
105,0,0.0,-0.07698615000028382,0.0,0.0,0.0
105,1,0.0,0.0,0.0,0.0,-1.222710078602552
105,2,0.0,0.0,0.0,0.0,0.0
105,3,0.0,0.0,0.0,0.0,0.0
105,4,0.0,0.0,0.0,0.0,0.0
106,0,0.0,-0.0787421639870764,0.0,0.0,0.0
106,1,0.0,0.0,0.0,0.0,-1.232470044154453
106,2,0.0,0.0,0.0,0.0,0.0
106,3,0.0,0.0,0.0,0.0,0.0
106,4,0.0,0.0,0.0,0.0,0.0
107,0,0.0,-0.08051618668989544,0.0,0.0,0.0
107,1,0.0,0.0,0.0,0.0,-1.242198954548212
107,2,0.0,0.0,0.0,0.0,0.0
107,3,0.0,0.0,0.0,0.0,0.0
107,4,0.0,0.0,0.0,0.0,0.0
108,0,0.0,-0.08230811238607792,0.0,0.0,0.0
108,1,0.0,0.0,0.0,0.0,-1.2518969230297838
108,2,0.0,0.0,0.0,0.0,0.0
108,3,0.0,0.0,0.0,0.0,0.0
108,4,0.0,0.0,0.0,0.0,0.0
109,0,0.0,-0.08411783522538964,0.0,0.0,0.0
109,1,0.0,0.0,0.0,0.0,-1.2615640624005116
109,2,0.0,0.0,0.0,0.0,0.0
109,3,0.0,0.0,0.0,0.0,0.0
109,4,0.0,0.0,0.0,0.0,0.0
110,0,0.0,-0.08594524933312726,0.0,0.0,0.0
110,1,0.0,0.0,0.0,0.0,-1.2712004850189518
110,2,0.0,0.0,0.0,0.0,0.0
110,3,0.0,0.0,0.0,0.0,0.0
110,4,0.0,0.0,0.0,0.0,0.0
111,0,0.0,-0.0877902488209924,0.0,0.0,0.0
111,1,0.0,0.0,0.0,0.0,-1.2808063028026964
111,2,0.0,0.0,0.0,0.0,0.0
111,3,0.0,0.0,0.0,0.0,0.0
111,4,0.0,0.0,0.0,0.0,0.0
112,0,0.0,-0.0896527277942231,0.0,0.0,0.0
112,1,0.0,0.0,0.0,0.0,-1.2903816272301853
112,2,0.0,0.0,0.0,0.0,0.0
112,3,0.0,0.0,0.0,0.0,0.0
112,4,0.0,0.0,0.0,0.0,0.0
113,0,0.0,-0.09153258035869102,0.0,0.0,0.0
113,1,0.0,0.0,0.0,0.0,-1.299926569342511
113,2,0.0,0.0,0.0,0.0,0.0
113,3,0.0,0.0,0.0,0.0,0.0
113,4,0.0,0.0,0.0,0.0,0.0
114,0,0.0,-0.09342970062391687,0.0,0.0,0.0
114,1,0.0,0.0,0.0,0.0,-1.309441239745215
114,2,0.0,0.0,0.0,0.0,0.0
114,3,0.0,0.0,0.0,0.0,0.0
114,4,0.0,0.0,0.0,0.0,0.0
115,0,0.0,-0.09534398271116122,0.0,0.0,0.0
115,1,0.0,0.0,0.0,0.0,-1.318925748610079
115,2,0.0,0.0,0.0,0.0,0.0
115,3,0.0,0.0,0.0,0.0,0.0
115,4,0.0,0.0,0.0,0.0,0.0
116,0,0.0,-0.09727532075824007,0.0,0.0,0.0
116,1,0.0,0.0,0.0,0.0,-1.3283802056769043
116,2,0.0,0.0,0.0,0.0,0.0
116,3,0.0,0.0,0.0,0.0,0.0
116,4,0.0,0.0,0.0,0.0,0.0
117,0,0.0,-0.09922360896452681,0.0,0.0,0.0
117,1,0.0,0.0,0.0,0.0,-1.337804720255289
117,2,0.0,0.0,0.0,0.0,0.0
117,3,0.0,0.0,0.0,0.0,0.0
117,4,0.0,0.0,0.0,0.0,0.0
118,0,0.0,-0.10118874166119522,0.0,0.0,0.0
118,1,0.0,0.0,0.0,0.0,-1.347199401226394
118,2,0.0,0.0,0.0,0.0,0.0
118,3,0.0,0.0,0.0,0.0,0.0
118,4,0.0,0.0,0.0,0.0,0.0
119,0,0.0,-0.1031706133233252,0.0,0.0,0.0
119,1,0.0,0.0,0.0,0.0,-1.3565643570447008
119,2,0.0,0.0,0.0,0.0,0.0
119,3,0.0,0.0,0.0,0.0,0.0
119,4,0.0,0.0,0.0,0.0,0.0
120,0,0.0,-0.10516911857066058,0.0,0.0,0.0
120,1,0.0,0.0,0.0,0.0,-1.3658996957397653
120,2,0.0,0.0,0.0,0.0,0.0
120,3,0.0,0.0,0.0,0.0,0.0
120,4,0.0,0.0,0.0,0.0,0.0
121,0,0.0,-0.10718415217762615,0.0,0.0,0.0
121,1,0.0,0.0,0.0,0.0,-1.3752055249179622
121,2,0.0,0.0,0.0,0.0,0.0
121,3,0.0,0.0,0.0,0.0,0.0
121,4,0.0,0.0,0.0,0.0,0.0
122,0,0.0,-0.10921560907217293,0.0,0.0,0.0
122,1,0.0,0.0,0.0,0.0,-1.3844819517642213
122,2,0.0,0.0,0.0,0.0,0.0
122,3,0.0,0.0,0.0,0.0,0.0
122,4,0.0,0.0,0.0,0.0,0.0
123,0,0.0,-0.11126338434846175,0.0,0.0,0.0
123,1,0.0,0.0,0.0,0.0,-1.3937290830437574
123,2,0.0,0.0,0.0,0.0,0.0
123,3,0.0,0.0,0.0,0.0,0.0
123,4,0.0,0.0,0.0,0.0,0.0
124,0,0.0,-0.11332737326870199,0.0,0.0,0.0
124,1,0.0,0.0,0.0,0.0,-1.4029470251037923
124,2,0.0,0.0,0.0,0.0,0.0
124,3,0.0,0.0,0.0,0.0,0.0
124,4,0.0,0.0,0.0,0.0,0.0
125,0,0.0,-0.11540747127983196,0.0,0.0,0.0
125,1,0.0,0.0,0.0,0.0,-1.4121358838752718
125,2,0.0,0.0,0.0,0.0,0.0
125,3,0.0,0.0,0.0,0.0,0.0
125,4,0.0,0.0,0.0,0.0,0.0
126,0,0.0,-0.1175035740172697,0.0,0.0,0.0
126,1,0.0,0.0,0.0,0.0,-1.421295764874572
126,2,0.0,0.0,0.0,0.0,0.0
126,3,0.0,0.0,0.0,0.0,0.0
126,4,0.0,0.0,0.0,0.0,0.0
127,0,0.0,-0.11961557733586496,0.0,0.0,0.0
127,1,0.0,0.0,0.0,0.0,-1.4304267732052
127,2,0.0,0.0,0.0,0.0,0.0
127,3,0.0,0.0,0.0,0.0,0.0
127,4,0.0,0.0,0.0,0.0,0.0
128,0,0.0,-0.12174337734448226,0.0,0.0,0.0
128,1,0.0,0.0,0.0,0.0,-1.4395290135594876
128,2,0.0,0.0,0.0,0.0,0.0
128,3,0.0,0.0,0.0,0.0,0.0
128,4,0.0,0.0,0.0,0.0,0.0
129,0,0.0,-0.12388687040952177,0.0,0.0,0.0
129,1,0.0,0.0,0.0,0.0,-1.4486025902202775
129,2,0.0,0.0,0.0,0.0,0.0
129,3,0.0,0.0,0.0,0.0,0.0
129,4,0.0,0.0,0.0,0.0,0.0
130,0,0.0,-0.1260459531629336,0.0,0.0,0.0
130,1,0.0,0.0,0.0,0.0,-1.4576476070626025
130,2,0.0,0.0,0.0,0.0,0.0
130,3,0.0,0.0,0.0,0.0,0.0
130,4,0.0,0.0,0.0,0.0,0.0
131,0,0.0,-0.12822052250365942,0.0,0.0,0.0
131,1,0.0,0.0,0.0,0.0,-1.466664167555358
131,2,0.0,0.0,0.0,0.0,0.0
131,3,0.0,0.0,0.0,0.0,0.0
131,4,0.0,0.0,0.0,0.0,0.0
132,0,0.0,-0.13041047560186153,0.0,0.0,0.0
132,1,0.0,0.0,0.0,0.0,-1.4756523747629648
132,2,0.0,0.0,0.0,0.0,0.0
132,3,0.0,0.0,0.0,0.0,0.0
132,4,0.0,0.0,0.0,0.0,0.0
133,0,0.0,-0.13261570990111618,0.0,0.0,0.0
133,1,0.0,0.0,0.0,0.0,-1.4846123313470307
133,2,0.0,0.0,0.0,0.0,0.0
133,3,0.0,0.0,0.0,0.0,0.0
133,4,0.0,0.0,0.0,0.0,0.0
134,0,0.0,-0.1348361231256439,0.0,0.0,0.0
134,1,0.0,0.0,0.0,0.0,-1.4935441395679976
134,2,0.0,0.0,0.0,0.0,0.0
134,3,0.0,0.0,0.0,0.0,0.0
134,4,0.0,0.0,0.0,0.0,0.0
135,0,0.0,-0.13707161328507972,0.0,0.0,0.0
135,1,0.0,0.0,0.0,0.0,-1.502447901286787
135,2,0.0,0.0,0.0,0.0,0.0
135,3,0.0,0.0,0.0,0.0,0.0
135,4,0.0,0.0,0.0,0.0,0.0
136,0,0.0,-0.1393220786814557,0.0,0.0,0.0
136,1,0.0,0.0,0.0,0.0,-1.5113237179664385
136,2,0.0,0.0,0.0,0.0,0.0
136,3,0.0,0.0,0.0,0.0,0.0
136,4,0.0,0.0,0.0,0.0,0.0
137,0,0.0,-0.14158741790651005,0.0,0.0,0.0
137,1,0.0,0.0,0.0,0.0,-1.5201716906737353
137,2,0.0,0.0,0.0,0.0,0.0
137,3,0.0,0.0,0.0,0.0,0.0
137,4,0.0,0.0,0.0,0.0,0.0
138,0,0.0,-0.14386752985564527,0.0,0.0,0.0
138,1,0.0,0.0,0.0,0.0,-1.5289919200808335
138,2,0.0,0.0,0.0,0.0,0.0
138,3,0.0,0.0,0.0,0.0,0.0
138,4,0.0,0.0,0.0,0.0,0.0
139,0,0.0,-0.14616231372773292,0.0,0.0,0.0
139,1,0.0,0.0,0.0,0.0,-1.5377845064668725
139,2,0.0,0.0,0.0,0.0,0.0
139,3,0.0,0.0,0.0,0.0,0.0
139,4,0.0,0.0,0.0,0.0,0.0
140,0,0.0,-0.14847166904673953,0.0,0.0,0.0
140,1,0.0,0.0,0.0,0.0,-1.5465495497195874
140,2,0.0,0.0,0.0,0.0,0.0
140,3,0.0,0.0,0.0,0.0,0.0
140,4,0.0,0.0,0.0,0.0,0.0
141,0,0.0,-0.15079549567310435,0.0,0.0,0.0
141,1,0.0,0.0,0.0,0.0,-1.555287149336912
141,2,0.0,0.0,0.0,0.0,0.0
141,3,0.0,0.0,0.0,0.0,0.0
141,4,0.0,0.0,0.0,0.0,0.0
142,0,0.0,-0.15313369381053993,0.0,0.0,0.0
142,1,0.0,0.0,0.0,0.0,-1.5639974044285725
142,2,0.0,0.0,0.0,0.0,0.0
142,3,0.0,0.0,0.0,0.0,0.0
142,4,0.0,0.0,0.0,0.0,0.0
143,0,0.0,-0.15548616400300436,0.0,0.0,0.0
143,1,0.0,0.0,0.0,0.0,-1.572680413717678
143,2,0.0,0.0,0.0,0.0,0.0
143,3,0.0,0.0,0.0,0.0,0.0
143,4,0.0,0.0,0.0,0.0,0.0
144,0,0.0,-0.15785280714245634,0.0,0.0,0.0
144,1,0.0,0.0,0.0,0.0,-1.581336275542303
144,2,0.0,0.0,0.0,0.0,0.0
144,3,0.0,0.0,0.0,0.0,0.0
144,4,0.0,0.0,0.0,0.0,0.0
145,0,0.0,-0.16023352447449005,0.0,0.0,0.0
145,1,0.0,0.0,0.0,0.0,-1.5899650878570615
145,2,0.0,0.0,0.0,0.0,0.0
145,3,0.0,0.0,0.0,0.0,0.0
145,4,0.0,0.0,0.0,0.0,0.0
146,0,0.0,-0.1626282175949573,0.0,0.0,0.0
146,1,0.0,0.0,0.0,0.0,-1.5985669482346776
146,2,0.0,0.0,0.0,0.0,0.0
146,3,0.0,0.0,0.0,0.0,0.0
146,4,0.0,0.0,0.0,0.0,0.0
147,0,0.0,-0.1650367884541158,0.0,0.0,0.0
147,1,0.0,0.0,0.0,0.0,-1.607141953867548
147,2,0.0,0.0,0.0,0.0,0.0
147,3,0.0,0.0,0.0,0.0,0.0
147,4,0.0,0.0,0.0,0.0,0.0
148,0,0.0,-0.1674591393566755,0.0,0.0,0.0
148,1,0.0,0.0,0.0,0.0,-1.6156902015692955
148,2,0.0,0.0,0.0,0.0,0.0
148,3,0.0,0.0,0.0,0.0,0.0
148,4,0.0,0.0,0.0,0.0,0.0
149,0,0.0,-0.16989517297208653,0.0,0.0,0.0
149,1,0.0,0.0,0.0,0.0,-1.6242117877763202
149,2,0.0,0.0,0.0,0.0,0.0
149,3,0.0,0.0,0.0,0.0,0.0
149,4,0.0,0.0,0.0,0.0,0.0
150,0,0.0,-0.172344792329704,0.0,0.0,0.0
150,1,0.0,0.0,0.0,0.0,-1.6327068085493417
150,2,0.0,0.0,0.0,0.0,0.0
150,3,0.0,0.0,0.0,0.0,0.0
150,4,0.0,0.0,0.0,0.0,0.0
151,0,0.0,-0.17480790082245615,0.0,0.0,0.0
151,1,0.0,0.0,0.0,0.0,-1.6411753595749357
151,2,0.0,0.0,0.0,0.0,0.0
151,3,0.0,0.0,0.0,0.0,0.0
151,4,0.0,0.0,0.0,0.0,0.0
152,0,0.0,-0.17728440221753194,0.0,0.0,0.0
152,1,0.0,0.0,0.0,0.0,-1.6496175361670609
152,2,0.0,0.0,0.0,0.0,0.0
152,3,0.0,0.0,0.0,0.0,0.0
152,4,0.0,0.0,0.0,0.0,0.0
153,0,0.0,-0.17977420064841493,0.0,0.0,0.0
153,1,0.0,0.0,0.0,0.0,-1.6580334332685862
153,2,0.0,0.0,0.0,0.0,0.0
153,3,0.0,0.0,0.0,0.0,0.0
153,4,0.0,0.0,0.0,0.0,0.0
154,0,0.0,-0.18227720062510266,0.0,0.0,0.0
154,1,0.0,0.0,0.0,0.0,-1.6664231454528053
154,2,0.0,0.0,0.0,0.0,0.0
154,3,0.0,0.0,0.0,0.0,0.0
154,4,0.0,0.0,0.0,0.0,0.0
155,0,0.0,-0.1847933070300917,0.0,0.0,0.0
155,1,0.0,0.0,0.0,0.0,-1.6747867669249452
155,2,0.0,0.0,0.0,0.0,0.0
155,3,0.0,0.0,0.0,0.0,0.0
155,4,0.0,0.0,0.0,0.0,0.0
156,0,0.0,-0.18732242512304295,0.0,0.0,0.0
156,1,0.0,0.0,0.0,0.0,-1.683124391523674
156,2,0.0,0.0,0.0,0.0,0.0
156,3,0.0,0.0,0.0,0.0,0.0
156,4,0.0,0.0,0.0,0.0,0.0
157,0,0.0,-0.18986446054546555,0.0,0.0,0.0
157,1,0.0,0.0,0.0,0.0,-1.6914361127225959
157,2,0.0,0.0,0.0,0.0,0.0
157,3,0.0,0.0,0.0,0.0,0.0
157,4,0.0,0.0,0.0,0.0,0.0
158,0,0.0,-0.19241931932389178,0.0,0.0,0.0
158,1,0.0,0.0,0.0,0.0,-1.6997220236317419
158,2,0.0,0.0,0.0,0.0,0.0
158,3,0.0,0.0,0.0,0.0,0.0
158,4,0.0,0.0,0.0,0.0,0.0
159,0,0.0,-0.1949869078765445,0.0,0.0,0.0
159,1,0.0,0.0,0.0,0.0,-1.7079822169990575
159,2,0.0,0.0,0.0,0.0,0.0
159,3,0.0,0.0,0.0,0.0,0.0
159,4,0.0,0.0,0.0,0.0,0.0
160,0,0.0,-0.1975671330083743,0.0,0.0,0.0
160,1,0.0,0.0,0.0,0.0,-1.716216785211878
160,2,0.0,0.0,0.0,0.0,0.0
160,3,0.0,0.0,0.0,0.0,0.0
160,4,0.0,0.0,0.0,0.0,0.0
161,0,0.0,-0.20015990192378907,0.0,0.0,0.0
161,1,0.0,0.0,0.0,0.0,-1.724425820298405
161,2,0.0,0.0,0.0,0.0,0.0
161,3,0.0,0.0,0.0,0.0,0.0
161,4,0.0,0.0,0.0,0.0,0.0
162,0,0.0,-0.20276512221593465,0.0,0.0,0.0
162,1,0.0,0.0,0.0,0.0,-1.7326094139291683
162,2,0.0,0.0,0.0,0.0,0.0
162,3,0.0,0.0,0.0,0.0,0.0
162,4,0.0,0.0,0.0,0.0,0.0
163,0,0.0,-0.20538270187220772,0.0,0.0,0.0
163,1,0.0,0.0,0.0,0.0,-1.7407676574184878
163,2,0.0,0.0,0.0,0.0,0.0
163,3,0.0,0.0,0.0,0.0,0.0
163,4,0.0,0.0,0.0,0.0,0.0
164,0,0.0,-0.20801254926330118,0.0,0.0,0.0
164,1,0.0,0.0,0.0,0.0,-1.7489006417259292
164,2,0.0,0.0,0.0,0.0,0.0
164,3,0.0,0.0,0.0,0.0,0.0
164,4,0.0,0.0,0.0,0.0,0.0
165,0,0.0,-0.2106545731598533,0.0,0.0,0.0
165,1,0.0,0.0,0.0,0.0,-1.7570084574577483
165,2,0.0,0.0,0.0,0.0,0.0
165,3,0.0,0.0,0.0,0.0,0.0
165,4,0.0,0.0,0.0,0.0,0.0
166,0,0.0,-0.2133086827183371,0.0,0.0,0.0
166,1,0.0,0.0,0.0,0.0,-1.765091194868335
166,2,0.0,0.0,0.0,0.0,0.0
166,3,0.0,0.0,0.0,0.0,0.0
166,4,0.0,0.0,0.0,0.0,0.0
167,0,0.0,-0.2159747874900597,0.0,0.0,0.0
167,1,0.0,0.0,0.0,0.0,-1.7731489438616488
167,2,0.0,0.0,0.0,0.0,0.0
167,3,0.0,0.0,0.0,0.0,0.0
167,4,0.0,0.0,0.0,0.0,0.0
168,0,0.0,-0.218652797419057,0.0,0.0,0.0
168,1,0.0,0.0,0.0,0.0,-1.7811817939926466
168,2,0.0,0.0,0.0,0.0,0.0
168,3,0.0,0.0,0.0,0.0,0.0
168,4,0.0,0.0,0.0,0.0,0.0
169,0,0.0,-0.22134262284274478,0.0,0.0,0.0
169,1,0.0,0.0,0.0,0.0,-1.789189834468708
169,2,0.0,0.0,0.0,0.0,0.0
169,3,0.0,0.0,0.0,0.0,0.0
169,4,0.0,0.0,0.0,0.0,0.0
170,0,0.0,-0.22404417448807087,0.0,0.0,0.0
170,1,0.0,0.0,0.0,0.0,-1.7971731541510512
170,2,0.0,0.0,0.0,0.0,0.0
170,3,0.0,0.0,0.0,0.0,0.0
170,4,0.0,0.0,0.0,0.0,0.0
171,0,0.0,-0.22675736347706868,0.0,0.0,0.0
171,1,0.0,0.0,0.0,0.0,-1.8051318415561457
171,2,0.0,0.0,0.0,0.0,0.0
171,3,0.0,0.0,0.0,0.0,0.0
171,4,0.0,0.0,0.0,0.0,0.0
172,0,0.0,-0.22948210133185942,0.0,0.0,0.0
172,1,0.0,0.0,0.0,0.0,-1.8130659848571176
172,2,0.0,0.0,0.0,0.0,0.0
172,3,0.0,0.0,0.0,0.0,0.0
172,4,0.0,0.0,0.0,0.0,0.0
173,0,0.0,-0.23221829996010446,0.0,0.0,0.0
173,1,0.0,0.0,0.0,0.0,-1.820975671885149
173,2,0.0,0.0,0.0,0.0,0.0
173,3,0.0,0.0,0.0,0.0,0.0
173,4,0.0,0.0,0.0,0.0,0.0
174,0,0.0,-0.23496587166683067,0.0,0.0,0.0
174,1,0.0,0.0,0.0,0.0,-1.8288609901308706
174,2,0.0,0.0,0.0,0.0,0.0
174,3,0.0,0.0,0.0,0.0,0.0
174,4,0.0,0.0,0.0,0.0,0.0
175,0,0.0,-0.23772472915071155,0.0,0.0,0.0
175,1,0.0,0.0,0.0,0.0,-1.8367220267457514
175,2,0.0,0.0,0.0,0.0,0.0
175,3,0.0,0.0,0.0,0.0,0.0
175,4,0.0,0.0,0.0,0.0,0.0
176,0,0.0,-0.2404947855060717,0.0,0.0,0.0
176,1,0.0,0.0,0.0,0.0,-1.8445588685434804
176,2,0.0,0.0,0.0,0.0,0.0
176,3,0.0,0.0,0.0,0.0,0.0
176,4,0.0,0.0,0.0,0.0,0.0
177,0,0.0,-0.24327595422553183,0.0,0.0,0.0
177,1,0.0,0.0,0.0,0.0,-1.8523716020013412
177,2,0.0,0.0,0.0,0.0,0.0
177,3,0.0,0.0,0.0,0.0,0.0
177,4,0.0,0.0,0.0,0.0,0.0
178,0,0.0,-0.24606814919525496,0.0,0.0,0.0
178,1,0.0,0.0,0.0,0.0,-1.8601603132615838
178,2,0.0,0.0,0.0,0.0,0.0
178,3,0.0,0.0,0.0,0.0,0.0
178,4,0.0,0.0,0.0,0.0,0.0
179,0,0.0,-0.24887128468934308,0.0,0.0,0.0
179,1,0.0,0.0,0.0,0.0,-1.867925088132788
179,2,0.0,0.0,0.0,0.0,0.0
179,3,0.0,0.0,0.0,0.0,0.0
179,4,0.0,0.0,0.0,0.0,0.0
180,0,0.0,-0.251685275387169,0.0,0.0,0.0
180,1,0.0,0.0,0.0,0.0,-1.8756660120912245
180,2,0.0,0.0,0.0,0.0,0.0
180,3,0.0,0.0,0.0,0.0,0.0
180,4,0.0,0.0,0.0,0.0,0.0
181,0,0.0,-0.25451003636276875,0.0,0.0,0.0
181,1,0.0,0.0,0.0,0.0,-1.8833831702822055
181,2,0.0,0.0,0.0,0.0,0.0
181,3,0.0,0.0,0.0,0.0,0.0
181,4,0.0,0.0,0.0,0.0,0.0
182,0,0.0,-0.25734548306846283,0.0,0.0,0.0
182,1,0.0,0.0,0.0,0.0,-1.8910766475214327
182,2,0.0,0.0,0.0,0.0,0.0
182,3,0.0,0.0,0.0,0.0,0.0
182,4,0.0,0.0,0.0,0.0,0.0
183,0,0.0,-0.2601915313623608,0.0,0.0,0.0
183,1,0.0,0.0,0.0,0.0,-1.8987465282963394
183,2,0.0,0.0,0.0,0.0,0.0
183,3,0.0,0.0,0.0,0.0,0.0
183,4,0.0,0.0,0.0,0.0,0.0
184,0,0.0,-0.2630480975037323,0.0,0.0,0.0
184,1,0.0,0.0,0.0,0.0,-1.9063928967674268
184,2,0.0,0.0,0.0,0.0,0.0
184,3,0.0,0.0,0.0,0.0,0.0
184,4,0.0,0.0,0.0,0.0,0.0
185,0,0.0,-0.26591509813611847,0.0,0.0,0.0
185,1,0.0,0.0,0.0,0.0,-1.9140158367695945
185,2,0.0,0.0,0.0,0.0,0.0
185,3,0.0,0.0,0.0,0.0,0.0
185,4,0.0,0.0,0.0,0.0,0.0
186,0,0.0,-0.26879245029333737,0.0,0.0,0.0
186,1,0.0,0.0,0.0,0.0,-1.921615431813465
186,2,0.0,0.0,0.0,0.0,0.0
186,3,0.0,0.0,0.0,0.0,0.0
186,4,0.0,0.0,0.0,0.0,0.0
187,0,0.0,-0.27168007140690625,0.0,0.0,0.0
187,1,0.0,0.0,0.0,0.0,-1.9291917650867023
187,2,0.0,0.0,0.0,0.0,0.0
187,3,0.0,0.0,0.0,0.0,0.0
187,4,0.0,0.0,0.0,0.0,0.0
188,0,0.0,-0.2745778792997168,0.0,0.0,0.0
188,1,0.0,0.0,0.0,0.0,-1.9367449194553268
188,2,0.0,0.0,0.0,0.0,0.0
188,3,0.0,0.0,0.0,0.0,0.0
188,4,0.0,0.0,0.0,0.0,0.0
189,0,0.0,-0.2774857921857423,0.0,0.0,0.0
189,1,0.0,0.0,0.0,0.0,-1.944274977465023
189,2,0.0,0.0,0.0,0.0,0.0
189,3,0.0,0.0,0.0,0.0,0.0
189,4,0.0,0.0,0.0,0.0,0.0
190,0,0.0,-0.28040372867834157,0.0,0.0,0.0
190,1,0.0,0.0,0.0,0.0,-1.9517820213424417
190,2,0.0,0.0,0.0,0.0,0.0
190,3,0.0,0.0,0.0,0.0,0.0
190,4,0.0,0.0,0.0,0.0,0.0
191,0,0.0,-0.28333160777773175,0.0,0.0,0.0
191,1,0.0,0.0,0.0,0.0,-1.9592661329964978
191,2,0.0,0.0,0.0,0.0,0.0
191,3,0.0,0.0,0.0,0.0,0.0
191,4,0.0,0.0,0.0,0.0,0.0
192,0,0.0,-0.28626934887375755,0.0,0.0,0.0
192,1,0.0,0.0,0.0,0.0,-1.966727394019663
192,2,0.0,0.0,0.0,0.0,0.0
192,3,0.0,0.0,0.0,0.0,0.0
192,4,0.0,0.0,0.0,0.0,0.0
193,0,0.0,-0.28921687174869243,0.0,0.0,0.0
193,1,0.0,0.0,0.0,0.0,-1.974165885689249
193,2,0.0,0.0,0.0,0.0,0.0
193,3,0.0,0.0,0.0,0.0,0.0
193,4,0.0,0.0,0.0,0.0,0.0
194,0,0.0,-0.2921740965691685,0.0,0.0,0.0
194,1,0.0,0.0,0.0,0.0,-1.9815816889686926
194,2,0.0,0.0,0.0,0.0,0.0
194,3,0.0,0.0,0.0,0.0,0.0
194,4,0.0,0.0,0.0,0.0,0.0
195,0,0.0,-0.29514094389125234,0.0,0.0,0.0
195,1,0.0,0.0,0.0,0.0,-1.9889748845088264
195,2,0.0,0.0,0.0,0.0,0.0
195,3,0.0,0.0,0.0,0.0,0.0
195,4,0.0,0.0,0.0,0.0,0.0
196,0,0.0,-0.29811733466295043,0.0,0.0,0.0
196,1,0.0,0.0,0.0,0.0,-1.9963455526491543
196,2,0.0,0.0,0.0,0.0,0.0
196,3,0.0,0.0,0.0,0.0,0.0
196,4,0.0,0.0,0.0,0.0,0.0
197,0,0.0,-0.3011031902112043,0.0,0.0,0.0
197,1,0.0,0.0,0.0,0.0,-2.0036937734191107
197,2,0.0,0.0,0.0,0.0,0.0
197,3,0.0,0.0,0.0,0.0,0.0
197,4,0.0,0.0,0.0,0.0,0.0
198,0,0.0,-0.30409843225193967,0.0,0.0,0.0
198,1,0.0,0.0,0.0,0.0,-2.0110196265393254
198,2,0.0,0.0,0.0,0.0,0.0
198,3,0.0,0.0,0.0,0.0,0.0
198,4,0.0,0.0,0.0,0.0,0.0
199,0,0.0,-0.3071029828807852,0.0,0.0,0.0
199,1,0.0,0.0,0.0,0.0,-2.018323191422874
199,2,0.0,0.0,0.0,0.0,0.0
199,3,0.0,0.0,0.0,0.0,0.0
199,4,0.0,0.0,0.0,0.0,0.0
200,0,0.0,-0.31011676457523457,0.0,0.0,0.0
200,1,0.0,0.0,0.0,0.0,-2.0256045471765263
200,2,0.0,0.0,0.0,0.0,0.0
200,3,0.0,0.0,0.0,0.0,0.0
200,4,0.0,0.0,0.0,0.0,0.0
201,0,0.0,-0.31313970018712256,0.0,0.0,0.0
201,1,0.0,0.0,0.0,0.0,-2.0328637726019956
201,2,0.0,0.0,0.0,0.0,0.0
201,3,0.0,0.0,0.0,0.0,0.0
201,4,0.0,0.0,0.0,0.0,0.0
202,0,0.0,-0.31617171294545143,0.0,0.0,0.0
202,1,0.0,0.0,0.0,0.0,-2.0401009461971693
202,2,0.0,0.0,0.0,0.0,0.0
202,3,0.0,0.0,0.0,0.0,0.0
202,4,0.0,0.0,0.0,0.0,0.0
203,0,0.0,-0.3192127264575954,0.0,0.0,0.0
203,1,0.0,0.0,0.0,0.0,-2.0473161461573466
203,2,0.0,0.0,0.0,0.0,0.0
203,3,0.0,0.0,0.0,0.0,0.0
203,4,0.0,0.0,0.0,0.0,0.0
204,0,0.0,-0.3222626647129522,0.0,0.0,0.0
204,1,0.0,0.0,0.0,0.0,-2.05450945037647
204,2,0.0,0.0,0.0,0.0,0.0
204,3,0.0,0.0,0.0,0.0,0.0
204,4,0.0,0.0,0.0,0.0,0.0
205,0,0.0,-0.3253214520709452,0.0,0.0,0.0
205,1,0.0,0.0,0.0,0.0,-2.0616809364483366
205,2,0.0,0.0,0.0,0.0,0.0
205,3,0.0,0.0,0.0,0.0,0.0
205,4,0.0,0.0,0.0,0.0,0.0
206,0,0.0,-0.328389013258238,0.0,0.0,0.0
206,1,0.0,0.0,0.0,0.0,-2.068830681667831
206,2,0.0,0.0,0.0,0.0,0.0
206,3,0.0,0.0,0.0,0.0,0.0
206,4,0.0,0.0,0.0,0.0,0.0
207,0,0.0,-0.3314652733823935,0.0,0.0,0.0
207,1,0.0,0.0,0.0,0.0,-2.0759587630321255
207,2,0.0,0.0,0.0,0.0,0.0
207,3,0.0,0.0,0.0,0.0,0.0
207,4,0.0,0.0,0.0,0.0,0.0
208,0,0.0,-0.3345501579280034,0.0,0.0,0.0
208,1,0.0,0.0,0.0,0.0,-2.0830652572418935
208,2,0.0,0.0,0.0,0.0,0.0
208,3,0.0,0.0,0.0,0.0,0.0
208,4,0.0,0.0,0.0,0.0,0.0
209,0,0.0,-0.337643592748216,0.0,0.0,0.0
209,1,0.0,0.0,0.0,0.0,-2.0901502407025117
209,2,0.0,0.0,0.0,0.0,0.0
209,3,0.0,0.0,0.0,0.0,0.0
209,4,0.0,0.0,0.0,0.0,0.0
210,0,0.0,-0.34074550405585685,0.0,0.0,0.0
210,1,0.0,0.0,0.0,0.0,-2.0972137895252545
210,2,0.0,0.0,0.0,0.0,0.0
210,3,0.0,0.0,0.0,0.0,0.0
210,4,0.0,0.0,0.0,0.0,0.0
211,0,0.0,-0.3438558184336914,0.0,0.0,0.0
211,1,0.0,0.0,0.0,0.0,-2.1042559795284923
211,2,0.0,0.0,0.0,0.0,0.0
211,3,0.0,0.0,0.0,0.0,0.0
211,4,0.0,0.0,0.0,0.0,0.0
212,0,0.0,-0.3469744628366421,0.0,0.0,0.0
212,1,0.0,0.0,0.0,0.0,-2.111276886238871
212,2,0.0,0.0,0.0,0.0,0.0
212,3,0.0,0.0,0.0,0.0,0.0
212,4,0.0,0.0,0.0,0.0,0.0
213,0,0.0,-0.35010136459200436,0.0,0.0,0.0
213,1,0.0,0.0,0.0,0.0,-2.118276584892501
213,2,0.0,0.0,0.0,0.0,0.0
213,3,0.0,0.0,0.0,0.0,0.0
213,4,0.0,0.0,0.0,0.0,0.0
214,0,0.0,-0.3532364513887612,0.0,0.0,0.0
214,1,0.0,0.0,0.0,0.0,-2.125255150436131
214,2,0.0,0.0,0.0,0.0,0.0
214,3,0.0,0.0,0.0,0.0,0.0
214,4,0.0,0.0,0.0,0.0,0.0
215,0,0.0,-0.3563796512731012,0.0,0.0,0.0
215,1,0.0,0.0,0.0,0.0,-2.1322126575283225
215,2,0.0,0.0,0.0,0.0,0.0
215,3,0.0,0.0,0.0,0.0,0.0
215,4,0.0,0.0,0.0,0.0,0.0
216,0,0.0,-0.35953089265413707,0.0,0.0,0.0
216,1,0.0,0.0,0.0,0.0,-2.139149180540616
216,2,0.0,0.0,0.0,0.0,0.0
216,3,0.0,0.0,0.0,0.0,0.0
216,4,0.0,0.0,0.0,0.0,0.0
217,0,0.0,-0.3626901043106257,0.0,0.0,0.0
217,1,0.0,0.0,0.0,0.0,-2.146064793558694
217,2,0.0,0.0,0.0,0.0,0.0
217,3,0.0,0.0,0.0,0.0,0.0
217,4,0.0,0.0,0.0,0.0,0.0
218,0,0.0,-0.3658572153821942,0.0,0.0,0.0
218,1,0.0,0.0,0.0,0.0,-2.152959570383538
218,2,0.0,0.0,0.0,0.0,0.0
218,3,0.0,0.0,0.0,0.0,0.0
218,4,0.0,0.0,0.0,0.0,0.0
219,0,0.0,-0.36903215537038614,0.0,0.0,0.0
219,1,0.0,0.0,0.0,0.0,-2.1598335845325836
219,2,0.0,0.0,0.0,0.0,0.0
219,3,0.0,0.0,0.0,0.0,0.0
219,4,0.0,0.0,0.0,0.0,0.0
220,0,0.0,-0.3722148541372011,0.0,0.0,0.0
220,1,0.0,0.0,0.0,0.0,-2.166686909240868
220,2,0.0,0.0,0.0,0.0,0.0
220,3,0.0,0.0,0.0,0.0,0.0
220,4,0.0,0.0,0.0,0.0,0.0
221,0,0.0,-0.3754052418931386,0.0,0.0,0.0
221,1,0.0,0.0,0.0,0.0,-2.1735196174621705
221,2,0.0,0.0,0.0,0.0,0.0
221,3,0.0,0.0,0.0,0.0,0.0
221,4,0.0,0.0,0.0,0.0,0.0
222,0,0.0,-0.3786032492008959,0.0,0.0,0.0
222,1,0.0,0.0,0.0,0.0,-2.180331781870154
222,2,0.0,0.0,0.0,0.0,0.0
222,3,0.0,0.0,0.0,0.0,0.0
222,4,0.0,0.0,0.0,0.0,0.0
223,0,0.0,-0.3818088069787373,0.0,0.0,0.0
223,1,0.0,0.0,0.0,0.0,-2.1871234748594985
223,2,0.0,0.0,0.0,0.0,0.0
223,3,0.0,0.0,0.0,0.0,0.0
223,4,0.0,0.0,0.0,0.0,0.0
224,0,0.0,-0.3850218465044504,0.0,0.0,0.0
224,1,0.0,0.0,0.0,0.0,-2.1938947685470285
224,2,0.0,0.0,0.0,0.0,0.0
224,3,0.0,0.0,0.0,0.0,0.0
224,4,0.0,0.0,0.0,0.0,0.0
225,0,0.0,-0.3882422994117107,0.0,0.0,0.0
225,1,0.0,0.0,0.0,0.0,-2.2006457347728374
225,2,0.0,0.0,0.0,0.0,0.0
225,3,0.0,0.0,0.0,0.0,0.0
225,4,0.0,0.0,0.0,0.0,0.0
226,0,0.0,-0.3914700976824462,0.0,0.0,0.0
226,1,0.0,0.0,0.0,0.0,-2.2073764451014086
226,2,0.0,0.0,0.0,0.0,0.0
226,3,0.0,0.0,0.0,0.0,0.0
226,4,0.0,0.0,0.0,0.0,0.0
227,0,0.0,-0.3947051736424193,0.0,0.0,0.0
227,1,0.0,0.0,0.0,0.0,-2.2140869708227284
227,2,0.0,0.0,0.0,0.0,0.0
227,3,0.0,0.0,0.0,0.0,0.0
227,4,0.0,0.0,0.0,0.0,0.0
228,0,0.0,-0.39794745996903186,0.0,0.0,0.0
228,1,0.0,0.0,0.0,0.0,-2.2207773829533988
228,2,0.0,0.0,0.0,0.0,0.0
228,3,0.0,0.0,0.0,0.0,0.0
228,4,0.0,0.0,0.0,0.0,0.0
229,0,0.0,-0.4011968896914729,0.0,0.0,0.0
229,1,0.0,0.0,0.0,0.0,-2.2274477522377385
229,2,0.0,0.0,0.0,0.0,0.0
229,3,0.0,0.0,0.0,0.0,0.0
229,4,0.0,0.0,0.0,0.0,0.0
230,0,0.0,-0.40445339618584786,0.0,0.0,0.0
230,1,0.0,0.0,0.0,0.0,-2.234098149148889
230,2,0.0,0.0,0.0,0.0,0.0
230,3,0.0,0.0,0.0,0.0,0.0
230,4,0.0,0.0,0.0,0.0,0.0
231,0,0.0,-0.40771691316961295,0.0,0.0,0.0
231,1,0.0,0.0,0.0,0.0,-2.2407286438899066
231,2,0.0,0.0,0.0,0.0,0.0
231,3,0.0,0.0,0.0,0.0,0.0
231,4,0.0,0.0,0.0,0.0,0.0
232,0,0.0,-0.410987374695059,0.0,0.0,0.0
232,1,0.0,0.0,0.0,0.0,-2.247339306394857
232,2,0.0,0.0,0.0,0.0,0.0
232,3,0.0,0.0,0.0,0.0,0.0
232,4,0.0,0.0,0.0,0.0,0.0
233,0,0.0,-0.41426471515733554,0.0,0.0,0.0
233,1,0.0,0.0,0.0,0.0,-2.2539302063299
233,2,0.0,0.0,0.0,0.0,0.0
233,3,0.0,0.0,0.0,0.0,0.0
233,4,0.0,0.0,0.0,0.0,0.0
234,0,0.0,-0.4175488692982233,0.0,0.0,0.0
234,1,0.0,0.0,0.0,0.0,-2.260501413094373
234,2,0.0,0.0,0.0,0.0,0.0
234,3,0.0,0.0,0.0,0.0,0.0
234,4,0.0,0.0,0.0,0.0,0.0
235,0,0.0,-0.4208397722047488,0.0,0.0,0.0
235,1,0.0,0.0,0.0,0.0,-2.2670529958218704
235,2,0.0,0.0,0.0,0.0,0.0
235,3,0.0,0.0,0.0,0.0,0.0
235,4,0.0,0.0,0.0,0.0,0.0
236,0,0.0,-0.42413735930360463,0.0,0.0,0.0
236,1,0.0,0.0,0.0,0.0,-2.273585023381314
236,2,0.0,0.0,0.0,0.0,0.0
236,3,0.0,0.0,0.0,0.0,0.0
236,4,0.0,0.0,0.0,0.0,0.0
237,0,0.0,-0.4274415663534763,0.0,0.0,0.0
237,1,0.0,0.0,0.0,0.0,-2.280097564378026
237,2,0.0,0.0,0.0,0.0,0.0
237,3,0.0,0.0,0.0,0.0,0.0
237,4,0.0,0.0,0.0,0.0,0.0
238,0,0.0,-0.43075232943734926,0.0,0.0,0.0
238,1,0.0,0.0,0.0,0.0,-2.286590687154789
238,2,0.0,0.0,0.0,0.0,0.0
238,3,0.0,0.0,0.0,0.0,0.0
238,4,0.0,0.0,0.0,0.0,0.0
239,0,0.0,-0.4340695849641557,0.0,0.0,0.0
239,1,0.0,0.0,0.0,0.0,-2.2930644597929093
239,2,0.0,0.0,0.0,0.0,0.0
239,3,0.0,0.0,0.0,0.0,0.0
239,4,0.0,0.0,0.0,0.0,0.0
240,0,0.0,-0.4373932696781118,0.0,0.0,0.0
240,1,0.0,0.0,0.0,0.0,-2.2995189501132702
240,2,0.0,0.0,0.0,0.0,0.0
240,3,0.0,0.0,0.0,0.0,0.0
240,4,0.0,0.0,0.0,0.0,0.0
241,0,0.0,-0.4407233206606805,0.0,0.0,0.0
241,1,0.0,0.0,0.0,0.0,-2.3059542256773864
241,2,0.0,0.0,0.0,0.0,0.0
241,3,0.0,0.0,0.0,0.0,0.0
241,4,0.0,0.0,0.0,0.0,0.0
242,0,0.0,-0.4440596753140224,0.0,0.0,0.0
242,1,0.0,0.0,0.0,0.0,-2.3123703537884484
242,2,0.0,0.0,0.0,0.0,0.0
242,3,0.0,0.0,0.0,0.0,0.0
242,4,0.0,0.0,0.0,0.0,0.0
243,0,0.0,-0.4474022713636647,0.0,0.0,0.0
243,1,0.0,0.0,0.0,0.0,-2.318767401492363
243,2,0.0,0.0,0.0,0.0,0.0
243,3,0.0,0.0,0.0,0.0,0.0
243,4,0.0,0.0,0.0,0.0,0.0
244,0,0.0,-0.4507510468680833,0.0,0.0,0.0
244,1,0.0,0.0,0.0,0.0,-2.325145435578797
244,2,0.0,0.0,0.0,0.0,0.0
244,3,0.0,0.0,0.0,0.0,0.0
244,4,0.0,0.0,0.0,0.0,0.0
245,0,0.0,-0.454105940210785,0.0,0.0,0.0
245,1,0.0,0.0,0.0,0.0,-2.3315045225822044
245,2,0.0,0.0,0.0,0.0,0.0
245,3,0.0,0.0,0.0,0.0,0.0
245,4,0.0,0.0,0.0,0.0,0.0
246,0,0.0,-0.45746689009525393,0.0,0.0,0.0
246,1,0.0,0.0,0.0,0.0,-2.337844728782861
246,2,0.0,0.0,0.0,0.0,0.0
246,3,0.0,0.0,0.0,0.0,0.0
246,4,0.0,0.0,0.0,0.0,0.0
247,0,0.0,-0.4608338355390563,0.0,0.0,0.0
247,1,0.0,0.0,0.0,0.0,-2.3441661202078863
247,2,0.0,0.0,0.0,0.0,0.0
247,3,0.0,0.0,0.0,0.0,0.0
247,4,0.0,0.0,0.0,0.0,0.0
248,0,0.0,-0.4642067158735096,0.0,0.0,0.0
248,1,0.0,0.0,0.0,0.0,-2.3504687626322665
248,2,0.0,0.0,0.0,0.0,0.0
248,3,0.0,0.0,0.0,0.0,0.0
248,4,0.0,0.0,0.0,0.0,0.0
249,0,0.0,-0.4675854707522419,0.0,0.0,0.0
249,1,0.0,0.0,0.0,0.0,-2.356752721579868
249,2,0.0,0.0,0.0,0.0,0.0
249,3,0.0,0.0,0.0,0.0,0.0
249,4,0.0,0.0,0.0,0.0,0.0
250,0,0.0,-0.4709700401516357,0.0,0.0,0.0
250,1,0.0,0.0,0.0,0.0,-2.363018062324453
250,2,0.0,0.0,0.0,0.0,0.0
250,3,0.0,0.0,0.0,0.0,0.0
250,4,0.0,0.0,0.0,0.0,0.0
251,0,0.0,-0.47436036436911716,0.0,0.0,0.0
251,1,0.0,0.0,0.0,0.0,-2.369264849890685
251,2,0.0,0.0,0.0,0.0,0.0
251,3,0.0,0.0,0.0,0.0,0.0
251,4,0.0,0.0,0.0,0.0,0.0
252,0,0.0,-0.4777563840125105,0.0,0.0,0.0
252,1,0.0,0.0,0.0,0.0,-2.3754931490551354
252,2,0.0,0.0,0.0,0.0,0.0
252,3,0.0,0.0,0.0,0.0,0.0
252,4,0.0,0.0,0.0,0.0,0.0
253,0,0.0,-0.4811580400051436,0.0,0.0,0.0
253,1,0.0,0.0,0.0,0.0,-2.3817030243472788
253,2,0.0,0.0,0.0,0.0,0.0
253,3,0.0,0.0,0.0,0.0,0.0
253,4,0.0,0.0,0.0,0.0,0.0
254,0,0.0,-0.48456527357403256,0.0,0.0,0.0
254,1,0.0,0.0,0.0,0.0,-2.3878945400504925
254,2,0.0,0.0,0.0,0.0,0.0
254,3,0.0,0.0,0.0,0.0,0.0
254,4,0.0,0.0,0.0,0.0,0.0
255,0,0.0,-0.4879780262614976,0.0,0.0,0.0
255,1,0.0,0.0,0.0,0.0,-2.394067760203047
255,2,0.0,0.0,0.0,0.0,0.0
255,3,0.0,0.0,0.0,0.0,0.0
255,4,0.0,0.0,0.0,0.0,0.0
256,0,0.0,-0.4913962399249418,0.0,0.0,0.0
256,1,0.0,0.0,0.0,0.0,-2.4002227485990897
256,2,0.0,0.0,0.0,0.0,0.0
256,3,0.0,0.0,0.0,0.0,0.0
256,4,0.0,0.0,0.0,0.0,0.0
257,0,0.0,-0.4948198567252901,0.0,0.0,0.0
257,1,0.0,0.0,0.0,0.0,-2.4063595687896333
257,2,0.0,0.0,0.0,0.0,0.0
257,3,0.0,0.0,0.0,0.0,0.0
257,4,0.0,0.0,0.0,0.0,0.0
258,0,0.0,-0.49824881913055447,0.0,0.0,0.0
258,1,0.0,0.0,0.0,0.0,-2.412478284083531
258,2,0.0,0.0,0.0,0.0,0.0
258,3,0.0,0.0,0.0,0.0,0.0
258,4,0.0,0.0,0.0,0.0,0.0
259,0,0.0,-0.501683069914754,0.0,0.0,0.0
259,1,0.0,0.0,0.0,0.0,-2.418578957548451
259,2,0.0,0.0,0.0,0.0,0.0
259,3,0.0,0.0,0.0,0.0,0.0
259,4,0.0,0.0,0.0,0.0,0.0
260,0,0.0,-0.5051225521548135,0.0,0.0,0.0
260,1,0.0,0.0,0.0,0.0,-2.424661652011851
260,2,0.0,0.0,0.0,0.0,0.0
260,3,0.0,0.0,0.0,0.0,0.0
260,4,0.0,0.0,0.0,0.0,0.0
261,0,0.0,-0.5085672092306451,0.0,0.0,0.0
261,1,0.0,0.0,0.0,0.0,-2.4307264300619407
261,2,0.0,0.0,0.0,0.0,0.0
261,3,0.0,0.0,0.0,0.0,0.0
261,4,0.0,0.0,0.0,0.0,0.0
262,0,0.0,-0.5120169848185736,0.0,0.0,0.0
262,1,0.0,0.0,0.0,0.0,-2.436773354048647
262,2,0.0,0.0,0.0,0.0,0.0
262,3,0.0,0.0,0.0,0.0,0.0
262,4,0.0,0.0,0.0,0.0,0.0
263,0,0.0,-0.5154718228942791,0.0,0.0,0.0
263,1,0.0,0.0,0.0,0.0,-2.442802486084571
263,2,0.0,0.0,0.0,0.0,0.0
263,3,0.0,0.0,0.0,0.0,0.0
263,4,0.0,0.0,0.0,0.0,0.0
264,0,0.0,-0.518931667737073,0.0,0.0,0.0
264,1,0.0,0.0,0.0,0.0,-2.4488138880459442
264,2,0.0,0.0,0.0,0.0,0.0
264,3,0.0,0.0,0.0,0.0,0.0
264,4,0.0,0.0,0.0,0.0,0.0
265,0,0.0,-0.5223964639296722,0.0,0.0,0.0
265,1,0.0,0.0,0.0,0.0,-2.4548076215735786
265,2,0.0,0.0,0.0,0.0,0.0
265,3,0.0,0.0,0.0,0.0,0.0
265,4,0.0,0.0,0.0,0.0,0.0
266,0,0.0,-0.5258661563565542,0.0,0.0,0.0
266,1,0.0,0.0,0.0,0.0,-2.4607837480738115
266,2,0.0,0.0,0.0,0.0,0.0
266,3,0.0,0.0,0.0,0.0,0.0
266,4,0.0,0.0,0.0,0.0,0.0
267,0,0.0,-0.5293406901947882,0.0,0.0,0.0
267,1,0.0,0.0,0.0,0.0,-2.4667423287194508
267,2,0.0,0.0,0.0,0.0,0.0
267,3,0.0,0.0,0.0,0.0,0.0
267,4,0.0,0.0,0.0,0.0,0.0
268,0,0.0,-0.5328200109065885,0.0,0.0,0.0
268,1,0.0,0.0,0.0,0.0,-2.4726834244507137
268,2,0.0,0.0,0.0,0.0,0.0
268,3,0.0,0.0,0.0,0.0,0.0
268,4,0.0,0.0,0.0,0.0,0.0
269,0,0.0,-0.53630406424965,0.0,0.0,0.0
269,1,0.0,0.0,0.0,0.0,-2.47860709597616
269,2,0.0,0.0,0.0,0.0,0.0
269,3,0.0,0.0,0.0,0.0,0.0
269,4,0.0,0.0,0.0,0.0,0.0
270,0,0.0,-0.5397927962743977,0.0,0.0,0.0
270,1,0.0,0.0,0.0,0.0,-2.484513403773624
270,2,0.0,0.0,0.0,0.0,0.0
270,3,0.0,0.0,0.0,0.0,0.0
270,4,0.0,0.0,0.0,0.0,0.0
271,0,0.0,-0.5432861533190194,0.0,0.0,0.0
271,1,0.0,0.0,0.0,0.0,-2.49040240809114
271,2,0.0,0.0,0.0,0.0,0.0
271,3,0.0,0.0,0.0,0.0,0.0
271,4,0.0,0.0,0.0,0.0,0.0
272,0,0.0,-0.5467840820153173,0.0,0.0,0.0
272,1,0.0,0.0,0.0,0.0,-2.49627416894787
272,2,0.0,0.0,0.0,0.0,0.0
272,3,0.0,0.0,0.0,0.0,0.0
272,4,0.0,0.0,0.0,0.0,0.0
273,0,0.0,-0.5502865292875878,0.0,0.0,0.0
273,1,0.0,0.0,0.0,0.0,-2.502128746135017
273,2,0.0,0.0,0.0,0.0,0.0
273,3,0.0,0.0,0.0,0.0,0.0
273,4,0.0,0.0,0.0,0.0,0.0
274,0,0.0,-0.5537934423409975,0.0,0.0,0.0
274,1,0.0,0.0,0.0,0.0,-2.5079661992167437
274,2,0.0,0.0,0.0,0.0,0.0
274,3,0.0,0.0,0.0,0.0,0.0
274,4,0.0,0.0,0.0,0.0,0.0
275,0,0.0,-0.5573047686602304,0.0,0.0,0.0
275,1,0.0,0.0,0.0,0.0,-2.513786587531086
275,2,0.0,0.0,0.0,0.0,0.0
275,3,0.0,0.0,0.0,0.0,0.0
275,4,0.0,0.0,0.0,0.0,0.0
276,0,0.0,-0.5608204560167989,0.0,0.0,0.0
276,1,0.0,0.0,0.0,0.0,-2.519589970190857
276,2,0.0,0.0,0.0,0.0,0.0
276,3,0.0,0.0,0.0,0.0,0.0
276,4,0.0,0.0,0.0,0.0,0.0
277,0,0.0,-0.5643404524669832,0.0,0.0,0.0
277,1,0.0,0.0,0.0,0.0,-2.5253764060845554
277,2,0.0,0.0,0.0,0.0,0.0
277,3,0.0,0.0,0.0,0.0,0.0
277,4,0.0,0.0,0.0,0.0,0.0
278,0,0.0,-0.5678647063498364,0.0,0.0,0.0
278,1,0.0,0.0,0.0,0.0,-2.5311459538772603
278,2,0.0,0.0,0.0,0.0,0.0
278,3,0.0,0.0,0.0,0.0,0.0
278,4,0.0,0.0,0.0,0.0,0.0
279,0,0.0,-0.5713931662885382,0.0,0.0,0.0
279,1,0.0,0.0,0.0,0.0,-2.536898672011533
279,2,0.0,0.0,0.0,0.0,0.0
279,3,0.0,0.0,0.0,0.0,0.0
279,4,0.0,0.0,0.0,0.0,0.0
280,0,0.0,-0.5749257811827634,0.0,0.0,0.0
280,1,0.0,0.0,0.0,0.0,-2.542634618708309
280,2,0.0,0.0,0.0,0.0,0.0
280,3,0.0,0.0,0.0,0.0,0.0
280,4,0.0,0.0,0.0,0.0,0.0
281,0,0.0,-0.5784625002030112,0.0,0.0,0.0
281,1,0.0,0.0,0.0,0.0,-2.5483538519677826
281,2,0.0,0.0,0.0,0.0,0.0
281,3,0.0,0.0,0.0,0.0,0.0
281,4,0.0,0.0,0.0,0.0,0.0
282,0,0.0,-0.582003272787856,0.0,0.0,0.0
282,1,0.0,0.0,0.0,0.0,-2.554056429570299
282,2,0.0,0.0,0.0,0.0,0.0
282,3,0.0,0.0,0.0,0.0,0.0
282,4,0.0,0.0,0.0,0.0,0.0
283,0,0.0,-0.5855480486461392,0.0,0.0,0.0
283,1,0.0,0.0,0.0,0.0,-2.5597424090772316
283,2,0.0,0.0,0.0,0.0,0.0
283,3,0.0,0.0,0.0,0.0,0.0
283,4,0.0,0.0,0.0,0.0,0.0
284,0,0.0,-0.5890967777619797,0.0,0.0,0.0
284,1,0.0,0.0,0.0,0.0,-2.565411847831862
284,2,0.0,0.0,0.0,0.0,0.0
284,3,0.0,0.0,0.0,0.0,0.0
284,4,0.0,0.0,0.0,0.0,0.0
285,0,0.0,-0.5926494103960138,0.0,0.0,0.0
285,1,0.0,0.0,0.0,0.0,-2.5710648029602523
285,2,0.0,0.0,0.0,0.0,0.0
285,3,0.0,0.0,0.0,0.0,0.0
285,4,0.0,0.0,0.0,0.0,0.0
286,0,0.0,-0.5962058970846288,0.0,0.0,0.0
286,1,0.0,0.0,0.0,0.0,-2.576701331372119
286,2,0.0,0.0,0.0,0.0,0.0
286,3,0.0,0.0,0.0,0.0,0.0
286,4,0.0,0.0,0.0,0.0,0.0
287,0,0.0,-0.599766188628109,0.0,0.0,0.0
287,1,0.0,0.0,0.0,0.0,-2.5823214897616973
287,2,0.0,0.0,0.0,0.0,0.0
287,3,0.0,0.0,0.0,0.0,0.0
287,4,0.0,0.0,0.0,0.0,0.0
288,0,0.0,-0.6033302360872148,0.0,0.0,0.0
288,1,0.0,0.0,0.0,0.0,-2.587925334608607
288,2,0.0,0.0,0.0,0.0,0.0
288,3,0.0,0.0,0.0,0.0,0.0
288,4,0.0,0.0,0.0,0.0,0.0
289,0,0.0,-0.6068979907926126,0.0,0.0,0.0
289,1,0.0,0.0,0.0,0.0,-2.5935129221787094
289,2,0.0,0.0,0.0,0.0,0.0
289,3,0.0,0.0,0.0,0.0,0.0
289,4,0.0,0.0,0.0,0.0,0.0
290,0,0.0,-0.6104694043449549,0.0,0.0,0.0
290,1,0.0,0.0,0.0,0.0,-2.5990843085249695
290,2,0.0,0.0,0.0,0.0,0.0
290,3,0.0,0.0,0.0,0.0,0.0
290,4,0.0,0.0,0.0,0.0,0.0
291,0,0.0,-0.6140444286042747,0.0,0.0,0.0
291,1,0.0,0.0,0.0,0.0,-2.6046395494882995
291,2,0.0,0.0,0.0,0.0,0.0
291,3,0.0,0.0,0.0,0.0,0.0
291,4,0.0,0.0,0.0,0.0,0.0
292,0,0.0,-0.61762301569428,0.0,0.0,0.0
292,1,0.0,0.0,0.0,0.0,-2.610178700698417
292,2,0.0,0.0,0.0,0.0,0.0
292,3,0.0,0.0,0.0,0.0,0.0
292,4,0.0,0.0,0.0,0.0,0.0
293,0,0.0,-0.621205118001163,0.0,0.0,0.0
293,1,0.0,0.0,0.0,0.0,-2.6157018175746884
293,2,0.0,0.0,0.0,0.0,0.0
293,3,0.0,0.0,0.0,0.0,0.0
293,4,0.0,0.0,0.0,0.0,0.0
294,0,0.0,-0.6247906881643291,0.0,0.0,0.0
294,1,0.0,0.0,0.0,0.0,-2.6212089553269653
294,2,0.0,0.0,0.0,0.0,0.0
294,3,0.0,0.0,0.0,0.0,0.0
294,4,0.0,0.0,0.0,0.0,0.0
295,0,0.0,-0.6283796790826301,0.0,0.0,0.0
295,1,0.0,0.0,0.0,0.0,-2.626700168956432
295,2,0.0,0.0,0.0,0.0,0.0
295,3,0.0,0.0,0.0,0.0,0.0
295,4,0.0,0.0,0.0,0.0,0.0
296,0,0.0,-0.6319720439181407,0.0,0.0,0.0
296,1,0.0,0.0,0.0,0.0,-2.632175513256434
296,2,0.0,0.0,0.0,0.0,0.0
296,3,0.0,0.0,0.0,0.0,0.0
296,4,0.0,0.0,0.0,0.0,0.0
297,0,0.0,-0.6355677360971342,0.0,0.0,0.0
297,1,0.0,0.0,0.0,0.0,-2.6376350428133146
297,2,0.0,0.0,0.0,0.0,0.0
297,3,0.0,0.0,0.0,0.0,0.0
297,4,0.0,0.0,0.0,0.0,0.0
298,0,0.0,-0.6391667093025907,0.0,0.0,0.0
298,1,0.0,0.0,0.0,0.0,-2.6430788120072375
298,2,0.0,0.0,0.0,0.0,0.0
298,3,0.0,0.0,0.0,0.0,0.0
298,4,0.0,0.0,0.0,0.0,0.0
299,0,0.0,-0.6427689174739569,0.0,0.0,0.0
299,1,0.0,0.0,0.0,0.0,-2.6485068750130196
299,2,0.0,0.0,0.0,0.0,0.0
299,3,0.0,0.0,0.0,0.0,0.0
299,4,0.0,0.0,0.0,0.0,0.0
300,0,0.0,-0.6463743147970658,0.0,0.0,0.0
300,1,0.0,0.0,0.0,0.0,-2.6539192858009426
300,2,0.0,0.0,0.0,0.0,0.0
300,3,0.0,0.0,0.0,0.0,0.0
300,4,0.0,0.0,0.0,0.0,0.0
301,0,0.0,-0.6499828557104587,0.0,0.0,0.0
301,1,0.0,0.0,0.0,0.0,-2.6593160981375794
301,2,0.0,0.0,0.0,0.0,0.0
301,3,0.0,0.0,0.0,0.0,0.0
301,4,0.0,0.0,0.0,0.0,0.0
302,0,0.0,-0.6535944949012668,0.0,0.0,0.0
302,1,0.0,0.0,0.0,0.0,-2.664697365586606
302,2,0.0,0.0,0.0,0.0,0.0
302,3,0.0,0.0,0.0,0.0,0.0
302,4,0.0,0.0,0.0,0.0,0.0
303,0,0.0,-0.6572091873078236,0.0,0.0,0.0
303,1,0.0,0.0,0.0,0.0,-2.6700631415096097
303,2,0.0,0.0,0.0,0.0,0.0
303,3,0.0,0.0,0.0,0.0,0.0
303,4,0.0,0.0,0.0,0.0,0.0
304,0,0.0,-0.6608268881214959,0.0,0.0,0.0
304,1,0.0,0.0,0.0,0.0,-2.6754134790669006
304,2,0.0,0.0,0.0,0.0,0.0
304,3,0.0,0.0,0.0,0.0,0.0
304,4,0.0,0.0,0.0,0.0,0.0
305,0,0.0,-0.6644475527873472,0.0,0.0,0.0
305,1,0.0,0.0,0.0,0.0,-2.6807484312183156
305,2,0.0,0.0,0.0,0.0,0.0
305,3,0.0,0.0,0.0,0.0,0.0
305,4,0.0,0.0,0.0,0.0,0.0
306,0,0.0,-0.668071137001839,0.0,0.0,0.0
306,1,0.0,0.0,0.0,0.0,-2.6860680507240184
306,2,0.0,0.0,0.0,0.0,0.0
306,3,0.0,0.0,0.0,0.0,0.0
306,4,0.0,0.0,0.0,0.0,0.0
307,0,0.0,-0.6716975967045893,0.0,0.0,0.0
307,1,0.0,0.0,0.0,0.0,-2.6913723901452964
307,2,0.0,0.0,0.0,0.0,0.0
307,3,0.0,0.0,0.0,0.0,0.0
307,4,0.0,0.0,0.0,0.0,0.0
308,0,0.0,-0.675326888084211,0.0,0.0,0.0
308,1,0.0,0.0,0.0,0.0,-2.6966615018453584
308,2,0.0,0.0,0.0,0.0,0.0
308,3,0.0,0.0,0.0,0.0,0.0
308,4,0.0,0.0,0.0,0.0,0.0
309,0,0.0,-0.6789589675798859,0.0,0.0,0.0
309,1,0.0,0.0,0.0,0.0,-2.701935437990123
309,2,0.0,0.0,0.0,0.0,0.0
309,3,0.0,0.0,0.0,0.0,0.0
309,4,0.0,0.0,0.0,0.0,0.0
310,0,0.0,-0.6825937918649899,0.0,0.0,0.0
310,1,0.0,0.0,0.0,0.0,-2.7071942505490068
310,2,0.0,0.0,0.0,0.0,0.0
310,3,0.0,0.0,0.0,0.0,0.0
310,4,0.0,0.0,0.0,0.0,0.0
311,0,0.0,-0.6862313178540779,0.0,0.0,0.0
311,1,0.0,0.0,0.0,0.0,-2.7124379912957113
311,2,0.0,0.0,0.0,0.0,0.0
311,3,0.0,0.0,0.0,0.0,0.0
311,4,0.0,0.0,0.0,0.0,0.0
312,0,0.0,-0.6898715027101928,0.0,0.0,0.0
312,1,0.0,0.0,0.0,0.0,-2.7176667118090028
312,2,0.0,0.0,0.0,0.0,0.0
312,3,0.0,0.0,0.0,0.0,0.0
312,4,0.0,0.0,0.0,0.0,0.0
313,0,0.0,-0.6935143038381519,0.0,0.0,0.0
313,1,0.0,0.0,0.0,0.0,-2.7228804634734867
313,2,0.0,0.0,0.0,0.0,0.0
313,3,0.0,0.0,0.0,0.0,0.0
313,4,0.0,0.0,0.0,0.0,0.0
314,0,0.0,-0.6971596788770957,0.0,0.0,0.0
314,1,0.0,0.0,0.0,0.0,-2.72807929748039
314,2,0.0,0.0,0.0,0.0,0.0
314,3,0.0,0.0,0.0,0.0,0.0
314,4,0.0,0.0,0.0,0.0,0.0
315,0,0.0,-0.7008075857042033,0.0,0.0,0.0
315,1,0.0,0.0,0.0,0.0,-2.733263264828329
315,2,0.0,0.0,0.0,0.0,0.0
315,3,0.0,0.0,0.0,0.0,0.0
315,4,0.0,0.0,0.0,0.0,0.0
316,0,0.0,-0.7044579824373822,0.0,0.0,0.0
316,1,0.0,0.0,0.0,0.0,-2.738432416324073
316,2,0.0,0.0,0.0,0.0,0.0
316,3,0.0,0.0,0.0,0.0,0.0
316,4,0.0,0.0,0.0,0.0,0.0
317,0,0.0,-0.7081108274331986,0.0,0.0,0.0
317,1,0.0,0.0,0.0,0.0,-2.7435868025833225
317,2,0.0,0.0,0.0,0.0,0.0
317,3,0.0,0.0,0.0,0.0,0.0
317,4,0.0,0.0,0.0,0.0,0.0
318,0,0.0,-0.7117660792836878,0.0,0.0,0.0
318,1,0.0,0.0,0.0,0.0,-2.7487264740314568
318,2,0.0,0.0,0.0,0.0,0.0
318,3,0.0,0.0,0.0,0.0,0.0
318,4,0.0,0.0,0.0,0.0,0.0
319,0,0.0,-0.7154236968148276,0.0,0.0,0.0
319,1,0.0,0.0,0.0,0.0,-2.753851480904301
319,2,0.0,0.0,0.0,0.0,0.0
319,3,0.0,0.0,0.0,0.0,0.0
319,4,0.0,0.0,0.0,0.0,0.0
320,0,0.0,-0.7190836390880264,0.0,0.0,0.0
320,1,0.0,0.0,0.0,0.0,-2.7589618732488805
320,2,0.0,0.0,0.0,0.0,0.0
320,3,0.0,0.0,0.0,0.0,0.0
320,4,0.0,0.0,0.0,0.0,0.0
321,0,0.0,-0.7227458653856567,0.0,0.0,0.0
321,1,0.0,0.0,0.0,0.0,-2.764057700924175
321,2,0.0,0.0,0.0,0.0,0.0
321,3,0.0,0.0,0.0,0.0,0.0
321,4,0.0,0.0,0.0,0.0,0.0
322,0,0.0,-0.7264103352211119,0.0,0.0,0.0
322,1,0.0,0.0,0.0,0.0,-2.769139013601863
322,2,0.0,0.0,0.0,0.0,0.0
322,3,0.0,0.0,0.0,0.0,0.0
322,4,0.0,0.0,0.0,0.0,0.0
323,0,0.0,-0.7300770083452154,0.0,0.0,0.0
323,1,0.0,0.0,0.0,0.0,-2.7742058607670756
323,2,0.0,0.0,0.0,0.0,0.0
323,3,0.0,0.0,0.0,0.0,0.0
323,4,0.0,0.0,0.0,0.0,0.0
324,0,0.0,-0.733745844741881,0.0,0.0,0.0
324,1,0.0,0.0,0.0,0.0,-2.779258291719133
324,2,0.0,0.0,0.0,0.0,0.0
324,3,0.0,0.0,0.0,0.0,0.0
324,4,0.0,0.0,0.0,0.0,0.0
325,0,0.0,-0.7374168046236864,0.0,0.0,0.0
325,1,0.0,0.0,0.0,0.0,-2.7842963555722897
325,2,0.0,0.0,0.0,0.0,0.0
325,3,0.0,0.0,0.0,0.0,0.0
325,4,0.0,0.0,0.0,0.0,0.0
326,0,0.0,-0.7410898484320435,0.0,0.0,0.0
326,1,0.0,0.0,0.0,0.0,-2.789320101256467
326,2,0.0,0.0,0.0,0.0,0.0
326,3,0.0,0.0,0.0,0.0,0.0
326,4,0.0,0.0,0.0,0.0,0.0
327,0,0.0,-0.744764936844448,0.0,0.0,0.0
327,1,0.0,0.0,0.0,0.0,-2.7943295775179933
327,2,0.0,0.0,0.0,0.0,0.0
327,3,0.0,0.0,0.0,0.0,0.0
327,4,0.0,0.0,0.0,0.0,0.0
328,0,0.0,-0.7484420307599109,0.0,0.0,0.0
328,1,0.0,0.0,0.0,0.0,-2.799324832920329
328,2,0.0,0.0,0.0,0.0,0.0
328,3,0.0,0.0,0.0,0.0,0.0
328,4,0.0,0.0,0.0,0.0,0.0
329,0,0.0,-0.7521210912924715,0.0,0.0,0.0
329,1,0.0,0.0,0.0,0.0,-2.804305915844801
329,2,0.0,0.0,0.0,0.0,0.0
329,3,0.0,0.0,0.0,0.0,0.0
329,4,0.0,0.0,0.0,0.0,0.0
330,0,0.0,-0.7558020797760371,0.0,0.0,0.0
330,1,0.0,0.0,0.0,0.0,-2.8092728744913176
330,2,0.0,0.0,0.0,0.0,0.0
330,3,0.0,0.0,0.0,0.0,0.0
330,4,0.0,0.0,0.0,0.0,0.0
331,0,0.0,-0.7594849577766454,0.0,0.0,0.0
331,1,0.0,0.0,0.0,0.0,-2.8142257568791047
331,2,0.0,0.0,0.0,0.0,0.0
331,3,0.0,0.0,0.0,0.0,0.0
331,4,0.0,0.0,0.0,0.0,0.0
332,0,0.0,-0.763169687079412,0.0,0.0,0.0
332,1,0.0,0.0,0.0,0.0,-2.8191646108474115
332,2,0.0,0.0,0.0,0.0,0.0
332,3,0.0,0.0,0.0,0.0,0.0
332,4,0.0,0.0,0.0,0.0,0.0
333,0,0.0,-0.7668562296785197,0.0,0.0,0.0
333,1,0.0,0.0,0.0,0.0,-2.824089484056234
333,2,0.0,0.0,0.0,0.0,0.0
333,3,0.0,0.0,0.0,0.0,0.0
333,4,0.0,0.0,0.0,0.0,0.0
334,0,0.0,-0.770544547785539,0.0,0.0,0.0
334,1,0.0,0.0,0.0,0.0,-2.8290004239870292
334,2,0.0,0.0,0.0,0.0,0.0
334,3,0.0,0.0,0.0,0.0,0.0
334,4,0.0,0.0,0.0,0.0,0.0
335,0,0.0,-0.7742346038380373,0.0,0.0,0.0
335,1,0.0,0.0,0.0,0.0,-2.833897477943417
335,2,0.0,0.0,0.0,0.0,0.0
335,3,0.0,0.0,0.0,0.0,0.0
335,4,0.0,0.0,0.0,0.0,0.0
336,0,0.0,-0.777926360497077,0.0,0.0,0.0
336,1,0.0,0.0,0.0,0.0,-2.8387806930518984
336,2,0.0,0.0,0.0,0.0,0.0
336,3,0.0,0.0,0.0,0.0,0.0
336,4,0.0,0.0,0.0,0.0,0.0
337,0,0.0,-0.7816197806333333,0.0,0.0,0.0
337,1,0.0,0.0,0.0,0.0,-2.8436501162625505
337,2,0.0,0.0,0.0,0.0,0.0
337,3,0.0,0.0,0.0,0.0,0.0
337,4,0.0,0.0,0.0,0.0,0.0
338,0,0.0,-0.7853148273257745,0.0,0.0,0.0
338,1,0.0,0.0,0.0,0.0,-2.848505794349732
338,2,0.0,0.0,0.0,0.0,0.0
338,3,0.0,0.0,0.0,0.0,0.0
338,4,0.0,0.0,0.0,0.0,0.0
339,0,0.0,-0.7890114638695352,0.0,0.0,0.0
339,1,0.0,0.0,0.0,0.0,-2.853347773912786
339,2,0.0,0.0,0.0,0.0,0.0
339,3,0.0,0.0,0.0,0.0,0.0
339,4,0.0,0.0,0.0,0.0,0.0
340,0,0.0,-0.7927096537745404,0.0,0.0,0.0
340,1,0.0,0.0,0.0,0.0,-2.8581761013767237
340,2,0.0,0.0,0.0,0.0,0.0
340,3,0.0,0.0,0.0,0.0,0.0
340,4,0.0,0.0,0.0,0.0,0.0
341,0,0.0,-0.7964093607616283,0.0,0.0,0.0
341,1,0.0,0.0,0.0,0.0,-2.862990822992931
341,2,0.0,0.0,0.0,0.0,0.0
341,3,0.0,0.0,0.0,0.0,0.0
341,4,0.0,0.0,0.0,0.0,0.0
342,0,0.0,-0.800110548765402,0.0,0.0,0.0
342,1,0.0,0.0,0.0,0.0,-2.867791984839846
342,2,0.0,0.0,0.0,0.0,0.0
342,3,0.0,0.0,0.0,0.0,0.0
342,4,0.0,0.0,0.0,0.0,0.0
343,0,0.0,-0.8038131819327,0.0,0.0,0.0
343,1,0.0,0.0,0.0,0.0,-2.872579632823655
343,2,0.0,0.0,0.0,0.0,0.0
343,3,0.0,0.0,0.0,0.0,0.0
343,4,0.0,0.0,0.0,0.0,0.0
344,0,0.0,-0.8075172246235794,0.0,0.0,0.0
344,1,0.0,0.0,0.0,0.0,-2.877353812678974
344,2,0.0,0.0,0.0,0.0,0.0
344,3,0.0,0.0,0.0,0.0,0.0
344,4,0.0,0.0,0.0,0.0,0.0
345,0,0.0,-0.8112226414085391,0.0,0.0,0.0
345,1,0.0,0.0,0.0,0.0,-2.882114569969528
345,2,0.0,0.0,0.0,0.0,0.0
345,3,0.0,0.0,0.0,0.0,0.0
345,4,0.0,0.0,0.0,0.0,0.0
346,0,0.0,-0.8149293970568863,0.0,0.0,0.0
346,1,0.0,0.0,0.0,0.0,-2.886861950088829
346,2,0.0,0.0,0.0,0.0,0.0
346,3,0.0,0.0,0.0,0.0,0.0
346,4,0.0,0.0,0.0,0.0,0.0
347,0,0.0,-0.818637456542605,0.0,0.0,0.0
347,1,0.0,0.0,0.0,0.0,-2.8915959982608577
347,2,0.0,0.0,0.0,0.0,0.0
347,3,0.0,0.0,0.0,0.0,0.0
347,4,0.0,0.0,0.0,0.0,0.0
348,0,0.0,-0.8223467850356265,0.0,0.0,0.0
348,1,0.0,0.0,0.0,0.0,-2.8963167595407286
348,2,0.0,0.0,0.0,0.0,0.0
348,3,0.0,0.0,0.0,0.0,0.0
348,4,0.0,0.0,0.0,0.0,0.0
349,0,0.0,-0.8260573479093858,0.0,0.0,0.0
349,1,0.0,0.0,0.0,0.0,-2.901024278815367
349,2,0.0,0.0,0.0,0.0,0.0
349,3,0.0,0.0,0.0,0.0,0.0
349,4,0.0,0.0,0.0,0.0,0.0
350,0,0.0,-0.829769110748192,0.0,0.0,0.0
350,1,0.0,0.0,0.0,0.0,-2.905718600804169
350,2,0.0,0.0,0.0,0.0,0.0
350,3,0.0,0.0,0.0,0.0,0.0
350,4,0.0,0.0,0.0,0.0,0.0
351,0,0.0,-0.8334820393439574,0.0,0.0,0.0
351,1,0.0,0.0,0.0,0.0,-2.9103997700596747
351,2,0.0,0.0,0.0,0.0,0.0
351,3,0.0,0.0,0.0,0.0,0.0
351,4,0.0,0.0,0.0,0.0,0.0
352,0,0.0,-0.8371960996905882,0.0,0.0,0.0
352,1,0.0,0.0,0.0,0.0,-2.9150678309682228
352,2,0.0,0.0,0.0,0.0,0.0
352,3,0.0,0.0,0.0,0.0,0.0
352,4,0.0,0.0,0.0,0.0,0.0
353,0,0.0,-0.8409112579821649,0.0,0.0,0.0
353,1,0.0,0.0,0.0,0.0,-2.9197228277506135
353,2,0.0,0.0,0.0,0.0,0.0
353,3,0.0,0.0,0.0,0.0,0.0
353,4,0.0,0.0,0.0,0.0,0.0
354,0,0.0,-0.8446274806153636,0.0,0.0,0.0
354,1,0.0,0.0,0.0,0.0,-2.9243648044627637
354,2,0.0,0.0,0.0,0.0,0.0
354,3,0.0,0.0,0.0,0.0,0.0
354,4,0.0,0.0,0.0,0.0,0.0
355,0,0.0,-0.8483447341947624,0.0,0.0,0.0
355,1,0.0,0.0,0.0,0.0,-2.9289938049963586
355,2,0.0,0.0,0.0,0.0,0.0
355,3,0.0,0.0,0.0,0.0,0.0
355,4,0.0,0.0,0.0,0.0,0.0
356,0,0.0,-0.8520629855099516,0.0,0.0,0.0
356,1,0.0,0.0,0.0,0.0,-2.9336098730795115
356,2,0.0,0.0,0.0,0.0,0.0
356,3,0.0,0.0,0.0,0.0,0.0
356,4,0.0,0.0,0.0,0.0,0.0
357,0,0.0,-0.8557822015430739,0.0,0.0,0.0
357,1,0.0,0.0,0.0,0.0,-2.9382130522773977
357,2,0.0,0.0,0.0,0.0,0.0
357,3,0.0,0.0,0.0,0.0,0.0
357,4,0.0,0.0,0.0,0.0,0.0
358,0,0.0,-0.8595023494713995,0.0,0.0,0.0
358,1,0.0,0.0,0.0,0.0,-2.942803385992912
358,2,0.0,0.0,0.0,0.0,0.0
358,3,0.0,0.0,0.0,0.0,0.0
358,4,0.0,0.0,0.0,0.0,0.0
359,0,0.0,-0.8632233966646724,0.0,0.0,0.0
359,1,0.0,0.0,0.0,0.0,-2.9473809174673065
359,2,0.0,0.0,0.0,0.0,0.0
359,3,0.0,0.0,0.0,0.0,0.0
359,4,0.0,0.0,0.0,0.0,0.0
360,0,0.0,-0.8669453106982533,0.0,0.0,0.0
360,1,0.0,0.0,0.0,0.0,-2.9519456897808336
360,2,0.0,0.0,0.0,0.0,0.0
360,3,0.0,0.0,0.0,0.0,0.0
360,4,0.0,0.0,0.0,0.0,0.0
361,0,0.0,-0.8706680593396691,0.0,0.0,0.0
361,1,0.0,0.0,0.0,0.0,-2.9564977458533805
361,2,0.0,0.0,0.0,0.0,0.0
361,3,0.0,0.0,0.0,0.0,0.0
361,4,0.0,0.0,0.0,0.0,0.0
362,0,0.0,-0.8743916105481573,0.0,0.0,0.0
362,1,0.0,0.0,0.0,0.0,-2.961037128445107
362,2,0.0,0.0,0.0,0.0,0.0
362,3,0.0,0.0,0.0,0.0,0.0
362,4,0.0,0.0,0.0,0.0,0.0
363,0,0.0,-0.8781159324743547,0.0,0.0,0.0
363,1,0.0,0.0,0.0,0.0,-2.9655638801570734
363,2,0.0,0.0,0.0,0.0,0.0
363,3,0.0,0.0,0.0,0.0,0.0
363,4,0.0,0.0,0.0,0.0,0.0
364,0,0.0,-0.8818409934534367,0.0,0.0,0.0
364,1,0.0,0.0,0.0,0.0,-2.970078043431878
364,2,0.0,0.0,0.0,0.0,0.0
364,3,0.0,0.0,0.0,0.0,0.0
364,4,0.0,0.0,0.0,0.0,0.0
365,0,0.0,-0.8855667620103009,0.0,0.0,0.0
365,1,0.0,0.0,0.0,0.0,-2.9745796605542774
365,2,0.0,0.0,0.0,0.0,0.0
365,3,0.0,0.0,0.0,0.0,0.0
365,4,0.0,0.0,0.0,0.0,0.0
366,0,0.0,-0.8892932068617468,0.0,0.0,0.0
366,1,0.0,0.0,0.0,0.0,-2.979068773651814
366,2,0.0,0.0,0.0,0.0,0.0
366,3,0.0,0.0,0.0,0.0,0.0
366,4,0.0,0.0,0.0,0.0,0.0
367,0,0.0,-0.8930202969125043,0.0,0.0,0.0
367,1,0.0,0.0,0.0,0.0,-2.983545424695436
367,2,0.0,0.0,0.0,0.0,0.0
367,3,0.0,0.0,0.0,0.0,0.0
367,4,0.0,0.0,0.0,0.0,0.0
368,0,0.0,-0.8967480012553396,0.0,0.0,0.0
368,1,0.0,0.0,0.0,0.0,-2.9880096555001217
368,2,0.0,0.0,0.0,0.0,0.0
368,3,0.0,0.0,0.0,0.0,0.0
368,4,0.0,0.0,0.0,0.0,0.0
369,0,0.0,-0.9004762891687669,0.0,0.0,0.0
369,1,0.0,0.0,0.0,0.0,-2.99246150772549
369,2,0.0,0.0,0.0,0.0,0.0
369,3,0.0,0.0,0.0,0.0,0.0
369,4,0.0,0.0,0.0,0.0,0.0
370,0,0.0,-0.9042051301220347,0.0,0.0,0.0
370,1,0.0,0.0,0.0,0.0,-2.9969010228764197
370,2,0.0,0.0,0.0,0.0,0.0
370,3,0.0,0.0,0.0,0.0,0.0
370,4,0.0,0.0,0.0,0.0,0.0
371,0,0.0,-0.907934493773028,0.0,0.0,0.0
371,1,0.0,0.0,0.0,0.0,-3.0013282423036607
371,2,0.0,0.0,0.0,0.0,0.0
371,3,0.0,0.0,0.0,0.0,0.0
371,4,0.0,0.0,0.0,0.0,0.0
372,0,0.0,-0.9116643499741041,0.0,0.0,0.0
372,1,0.0,0.0,0.0,0.0,-3.0057432072044366
372,2,0.0,0.0,0.0,0.0,0.0
372,3,0.0,0.0,0.0,0.0,0.0
372,4,0.0,0.0,0.0,0.0,0.0
373,0,0.0,-0.9153946687544031,0.0,0.0,0.0
373,1,0.0,0.0,0.0,0.0,-3.010145958623064
373,2,0.0,0.0,0.0,0.0,0.0
373,3,0.0,0.0,0.0,0.0,0.0
373,4,0.0,0.0,0.0,0.0,0.0
374,0,0.0,-0.9191254203125785,0.0,0.0,0.0
374,1,0.0,0.0,0.0,0.0,-3.014536537451546
374,2,0.0,0.0,0.0,0.0,0.0
374,3,0.0,0.0,0.0,0.0,0.0
374,4,0.0,0.0,0.0,0.0,0.0
375,0,0.0,-0.9228565750272291,0.0,0.0,0.0
375,1,0.0,0.0,0.0,0.0,-3.018914984430178
375,2,0.0,0.0,0.0,0.0,0.0
375,3,0.0,0.0,0.0,0.0,0.0
375,4,0.0,0.0,0.0,0.0,0.0
376,0,0.0,-0.9265881034595633,0.0,0.0,0.0
376,1,0.0,0.0,0.0,0.0,-3.0232813401481486
376,2,0.0,0.0,0.0,0.0,0.0
376,3,0.0,0.0,0.0,0.0,0.0
376,4,0.0,0.0,0.0,0.0,0.0
377,0,0.0,-0.9303199763457948,0.0,0.0,0.0
377,1,0.0,0.0,0.0,0.0,-3.027635645044131
377,2,0.0,0.0,0.0,0.0,0.0
377,3,0.0,0.0,0.0,0.0,0.0
377,4,0.0,0.0,0.0,0.0,0.0
378,0,0.0,-0.9340521646099452,0.0,0.0,0.0
378,1,0.0,0.0,0.0,0.0,-3.0319779394068864
378,2,0.0,0.0,0.0,0.0,0.0
378,3,0.0,0.0,0.0,0.0,0.0
378,4,0.0,0.0,0.0,0.0,0.0
379,0,0.0,-0.9377846393556475,0.0,0.0,0.0
379,1,0.0,0.0,0.0,0.0,-3.036308263375846
379,2,0.0,0.0,0.0,0.0,0.0
379,3,0.0,0.0,0.0,0.0,0.0
379,4,0.0,0.0,0.0,0.0,0.0
380,0,0.0,-0.9415173718622529,0.0,0.0,0.0
380,1,0.0,0.0,0.0,0.0,-3.0406266569417086
380,2,0.0,0.0,0.0,0.0,0.0
380,3,0.0,0.0,0.0,0.0,0.0
380,4,0.0,0.0,0.0,0.0,0.0
381,0,0.0,-0.9452503335907781,0.0,0.0,0.0
381,1,0.0,0.0,0.0,0.0,-3.0449331599470213
381,2,0.0,0.0,0.0,0.0,0.0
381,3,0.0,0.0,0.0,0.0,0.0
381,4,0.0,0.0,0.0,0.0,0.0
382,0,0.0,-0.9489834961814345,0.0,0.0,0.0
382,1,0.0,0.0,0.0,0.0,-3.049227812086771
382,2,0.0,0.0,0.0,0.0,0.0
382,3,0.0,0.0,0.0,0.0,0.0
382,4,0.0,0.0,0.0,0.0,0.0
383,0,0.0,-0.9527168314426221,0.0,0.0,0.0
383,1,0.0,0.0,0.0,0.0,-3.053510652908957
383,2,0.0,0.0,0.0,0.0,0.0
383,3,0.0,0.0,0.0,0.0,0.0
383,4,0.0,0.0,0.0,0.0,0.0
384,0,0.0,-0.9564503113491231,0.0,0.0,0.0
384,1,0.0,0.0,0.0,0.0,-3.057781721815182
384,2,0.0,0.0,0.0,0.0,0.0
384,3,0.0,0.0,0.0,0.0,0.0
384,4,0.0,0.0,0.0,0.0,0.0
385,0,0.0,-0.9601839080549885,0.0,0.0,0.0
385,1,0.0,0.0,0.0,0.0,-3.062041058061223
385,2,0.0,0.0,0.0,0.0,0.0
385,3,0.0,0.0,0.0,0.0,0.0
385,4,0.0,0.0,0.0,0.0,0.0
386,0,0.0,-0.9639175938852742,0.0,0.0,0.0
386,1,0.0,0.0,0.0,0.0,-3.0662887007576054
386,2,0.0,0.0,0.0,0.0,0.0
386,3,0.0,0.0,0.0,0.0,0.0
386,4,0.0,0.0,0.0,0.0,0.0
387,0,0.0,-0.9676513413396323,0.0,0.0,0.0
387,1,0.0,0.0,0.0,0.0,-3.070524688870181
387,2,0.0,0.0,0.0,0.0,0.0
387,3,0.0,0.0,0.0,0.0,0.0
387,4,0.0,0.0,0.0,0.0,0.0
388,0,0.0,-0.9713851230863262,0.0,0.0,0.0
388,1,0.0,0.0,0.0,0.0,-3.0747490612206922
388,2,0.0,0.0,0.0,0.0,0.0
388,3,0.0,0.0,0.0,0.0,0.0
388,4,0.0,0.0,0.0,0.0,0.0
389,0,0.0,-0.9751189119569034,0.0,0.0,0.0
389,1,0.0,0.0,0.0,0.0,-3.0789618564873478
389,2,0.0,0.0,0.0,0.0,0.0
389,3,0.0,0.0,0.0,0.0,0.0
389,4,0.0,0.0,0.0,0.0,0.0
390,0,0.0,-0.9788526809497758,0.0,0.0,0.0
390,1,0.0,0.0,0.0,0.0,-3.0831631132053787
390,2,0.0,0.0,0.0,0.0,0.0
390,3,0.0,0.0,0.0,0.0,0.0
390,4,0.0,0.0,0.0,0.0,0.0
391,0,0.0,-0.9825864032281056,0.0,0.0,0.0
391,1,0.0,0.0,0.0,0.0,-3.087352869767611
391,2,0.0,0.0,0.0,0.0,0.0
391,3,0.0,0.0,0.0,0.0,0.0
391,4,0.0,0.0,0.0,0.0,0.0
392,0,0.0,-0.9863200521262855,0.0,0.0,0.0
392,1,0.0,0.0,0.0,0.0,-3.0915311644250187
392,2,0.0,0.0,0.0,0.0,0.0
392,3,0.0,0.0,0.0,0.0,0.0
392,4,0.0,0.0,0.0,0.0,0.0
393,0,0.0,-0.9900536011456853,0.0,0.0,0.0
393,1,0.0,0.0,0.0,0.0,-3.095698035287291
393,2,0.0,0.0,0.0,0.0,0.0
393,3,0.0,0.0,0.0,0.0,0.0
393,4,0.0,0.0,0.0,0.0,0.0
394,0,0.0,-0.9937870239495967,0.0,0.0,0.0
394,1,0.0,0.0,0.0,0.0,-3.0998535203233804
394,2,0.0,0.0,0.0,0.0,0.0
394,3,0.0,0.0,0.0,0.0,0.0
394,4,0.0,0.0,0.0,0.0,0.0
395,0,0.0,-0.9975202943627277,0.0,0.0,0.0
395,1,0.0,0.0,0.0,0.0,-3.103997657362064
395,2,0.0,0.0,0.0,0.0,0.0
395,3,0.0,0.0,0.0,0.0,0.0
395,4,0.0,0.0,0.0,0.0,0.0
396,0,0.0,-1.0012533863719906,0.0,0.0,0.0
396,1,0.0,0.0,0.0,0.0,-3.1081304840924893
396,2,0.0,0.0,0.0,0.0,0.0
396,3,0.0,0.0,0.0,0.0,0.0
396,4,0.0,0.0,0.0,0.0,0.0
397,0,0.0,-1.004986274125488,0.0,0.0,0.0
397,1,0.0,0.0,0.0,0.0,-3.112252038064727
397,2,0.0,0.0,0.0,0.0,0.0
397,3,0.0,0.0,0.0,0.0,0.0
397,4,0.0,0.0,0.0,0.0,0.0
398,0,0.0,-1.008718931934783,0.0,0.0,0.0
398,1,0.0,0.0,0.0,0.0,-3.1163623566903205
398,2,0.0,0.0,0.0,0.0,0.0
398,3,0.0,0.0,0.0,0.0,0.0
398,4,0.0,0.0,0.0,0.0,0.0
399,0,0.0,-1.0124513342791104,0.0,0.0,0.0
399,1,0.0,0.0,0.0,0.0,-3.1204614772428267
399,2,0.0,0.0,0.0,0.0,0.0
399,3,0.0,0.0,0.0,0.0,0.0
399,4,0.0,0.0,0.0,0.0,0.0
400,0,0.0,-1.0161834558145697,0.0,0.0,0.0
400,1,0.0,0.0,0.0,0.0,-3.124549436858359
400,2,0.0,0.0,0.0,0.0,0.0
400,3,0.0,0.0,0.0,0.0,0.0
400,4,0.0,0.0,0.0,0.0,0.0
401,0,0.0,-1.0199152713526716,0.0,0.0,0.0
401,1,0.0,0.0,0.0,0.0,-3.128626272536132
401,2,0.0,0.0,0.0,0.0,0.0
401,3,0.0,0.0,0.0,0.0,0.0
401,4,0.0,0.0,0.0,0.0,0.0
402,0,0.0,-1.0236467558507922,0.0,0.0,0.0
402,1,0.0,0.0,0.0,0.0,-3.132692021138998
402,2,0.0,0.0,0.0,0.0,0.0
402,3,0.0,0.0,0.0,0.0,0.0
402,4,0.0,0.0,0.0,0.0,0.0
403,0,0.0,-1.0273778844194765,0.0,0.0,0.0
403,1,0.0,0.0,0.0,0.0,-3.136746719393978
403,2,0.0,0.0,0.0,0.0,0.0
403,3,0.0,0.0,0.0,0.0,0.0
403,4,0.0,0.0,0.0,0.0,0.0
404,0,0.0,-1.0311086323280227,0.0,0.0,0.0
404,1,0.0,0.0,0.0,0.0,-3.1407904038928085
404,2,0.0,0.0,0.0,0.0,0.0
404,3,0.0,0.0,0.0,0.0,0.0
404,4,0.0,0.0,0.0,0.0,0.0
405,0,0.0,-1.0348389749976878,0.0,0.0,0.0
405,1,0.0,0.0,0.0,0.0,-3.144823111092458
405,2,0.0,0.0,0.0,0.0,0.0
405,3,0.0,0.0,0.0,0.0,0.0
405,4,0.0,0.0,0.0,0.0,0.0
406,0,0.0,-1.0385688880035746,0.0,0.0,0.0
406,1,0.0,0.0,0.0,0.0,-3.1488448773156676
406,2,0.0,0.0,0.0,0.0,0.0
406,3,0.0,0.0,0.0,0.0,0.0
406,4,0.0,0.0,0.0,0.0,0.0
407,0,0.0,-1.0422983470849316,0.0,0.0,0.0
407,1,0.0,0.0,0.0,0.0,-3.152855738751474
407,2,0.0,0.0,0.0,0.0,0.0
407,3,0.0,0.0,0.0,0.0,0.0
407,4,0.0,0.0,0.0,0.0,0.0
408,0,0.0,-1.046027328143045,0.0,0.0,0.0
408,1,0.0,0.0,0.0,0.0,-3.156855731455734
408,2,0.0,0.0,0.0,0.0,0.0
408,3,0.0,0.0,0.0,0.0,0.0
408,4,0.0,0.0,0.0,0.0,0.0
409,0,0.0,-1.0497558072315074,0.0,0.0,0.0
409,1,0.0,0.0,0.0,0.0,-3.1608448913516525
409,2,0.0,0.0,0.0,0.0,0.0
409,3,0.0,0.0,0.0,0.0,0.0
409,4,0.0,0.0,0.0,0.0,0.0
410,0,0.0,-1.0534837605549738,0.0,0.0,0.0
410,1,0.0,0.0,0.0,0.0,-3.164823254230298
410,2,0.0,0.0,0.0,0.0,0.0
410,3,0.0,0.0,0.0,0.0,0.0
410,4,0.0,0.0,0.0,0.0,0.0
411,0,0.0,-1.0572111644695081,0.0,0.0,0.0
411,1,0.0,0.0,0.0,0.0,-3.1687908557511224
411,2,0.0,0.0,0.0,0.0,0.0
411,3,0.0,0.0,0.0,0.0,0.0
411,4,0.0,0.0,0.0,0.0,0.0
412,0,0.0,-1.0609379954773352,0.0,0.0,0.0
412,1,0.0,0.0,0.0,0.0,-3.1727477314424832
412,2,0.0,0.0,0.0,0.0,0.0
412,3,0.0,0.0,0.0,0.0,0.0
412,4,0.0,0.0,0.0,0.0,0.0
413,0,0.0,-1.0646642302256546,0.0,0.0,0.0
413,1,0.0,0.0,0.0,0.0,-3.1766939167021504
413,2,0.0,0.0,0.0,0.0,0.0
413,3,0.0,0.0,0.0,0.0,0.0
413,4,0.0,0.0,0.0,0.0,0.0
414,0,0.0,-1.0683898455116931,0.0,0.0,0.0
414,1,0.0,0.0,0.0,0.0,-3.1806294467978224
414,2,0.0,0.0,0.0,0.0,0.0
414,3,0.0,0.0,0.0,0.0,0.0
414,4,0.0,0.0,0.0,0.0,0.0
415,0,0.0,-1.0721148182797648,0.0,0.0,0.0
415,1,0.0,0.0,0.0,0.0,-3.184554356867639
415,2,0.0,0.0,0.0,0.0,0.0
415,3,0.0,0.0,0.0,0.0,0.0
415,4,0.0,0.0,0.0,0.0,0.0
416,0,0.0,-1.0758391256256814,0.0,0.0,0.0
416,1,0.0,0.0,0.0,0.0,-3.1884686819206856
416,2,0.0,0.0,0.0,0.0,0.0
416,3,0.0,0.0,0.0,0.0,0.0
416,4,0.0,0.0,0.0,0.0,0.0
417,0,0.0,-1.079562744798559,0.0,0.0,0.0
417,1,0.0,0.0,0.0,0.0,-3.1923724568375005
417,2,0.0,0.0,0.0,0.0,0.0
417,3,0.0,0.0,0.0,0.0,0.0
417,4,0.0,0.0,0.0,0.0,0.0
418,0,0.0,-1.0832856531929422,0.0,0.0,0.0
418,1,0.0,0.0,0.0,0.0,-3.196265716370582
418,2,0.0,0.0,0.0,0.0,0.0
418,3,0.0,0.0,0.0,0.0,0.0
418,4,0.0,0.0,0.0,0.0,0.0
419,0,0.0,-1.0870078283444113,0.0,0.0,0.0
419,1,0.0,0.0,0.0,0.0,-3.2001484951448846
419,2,0.0,0.0,0.0,0.0,0.0
419,3,0.0,0.0,0.0,0.0,0.0
419,4,0.0,0.0,0.0,0.0,0.0
420,0,0.0,-1.090729247932102,0.0,0.0,0.0
420,1,0.0,0.0,0.0,0.0,-3.204020827658327
420,2,0.0,0.0,0.0,0.0,0.0
420,3,0.0,0.0,0.0,0.0,0.0
420,4,0.0,0.0,0.0,0.0,0.0
421,0,0.0,-1.0944498897780714,0.0,0.0,0.0
421,1,0.0,0.0,0.0,0.0,-3.2078827482822816
421,2,0.0,0.0,0.0,0.0,0.0
421,3,0.0,0.0,0.0,0.0,0.0
421,4,0.0,0.0,0.0,0.0,0.0
422,0,0.0,-1.098169731852654,0.0,0.0,0.0
422,1,0.0,0.0,0.0,0.0,-3.211734291262076
422,2,0.0,0.0,0.0,0.0,0.0
422,3,0.0,0.0,0.0,0.0,0.0
422,4,0.0,0.0,0.0,0.0,0.0
423,0,0.0,-1.1018887522678817,0.0,0.0,0.0
423,1,0.0,0.0,0.0,0.0,-3.215575490717485
423,2,0.0,0.0,0.0,0.0,0.0
423,3,0.0,0.0,0.0,0.0,0.0
423,4,0.0,0.0,0.0,0.0,0.0
424,0,0.0,-1.1056069292827382,0.0,0.0,0.0
424,1,0.0,0.0,0.0,0.0,-3.219406380643225
424,2,0.0,0.0,0.0,0.0,0.0
424,3,0.0,0.0,0.0,0.0,0.0
424,4,0.0,0.0,0.0,0.0,0.0
425,0,0.0,-1.1093242413009612,0.0,0.0,0.0
425,1,0.0,0.0,0.0,0.0,-3.223226994909438
425,2,0.0,0.0,0.0,0.0,0.0
425,3,0.0,0.0,0.0,0.0,0.0
425,4,0.0,0.0,0.0,0.0,0.0
426,0,0.0,-1.113040666876145,0.0,0.0,0.0
426,1,0.0,0.0,0.0,0.0,-3.227037367262187
426,2,0.0,0.0,0.0,0.0,0.0
426,3,0.0,0.0,0.0,0.0,0.0
426,4,0.0,0.0,0.0,0.0,0.0
427,0,0.0,-1.1167561847027503,0.0,0.0,0.0
427,1,0.0,0.0,0.0,0.0,-3.230837531323934
427,2,0.0,0.0,0.0,0.0,0.0
427,3,0.0,0.0,0.0,0.0,0.0
427,4,0.0,0.0,0.0,0.0,0.0
428,0,0.0,-1.120470773613298,0.0,0.0,0.0
428,1,0.0,0.0,0.0,0.0,-3.234627520594031
428,2,0.0,0.0,0.0,0.0,0.0
428,3,0.0,0.0,0.0,0.0,0.0
428,4,0.0,0.0,0.0,0.0,0.0
429,0,0.0,-1.124184412575154,0.0,0.0,0.0
429,1,0.0,0.0,0.0,0.0,-3.2384073684491987
429,2,0.0,0.0,0.0,0.0,0.0
429,3,0.0,0.0,0.0,0.0,0.0
429,4,0.0,0.0,0.0,0.0,0.0
430,0,0.0,-1.1278970806872979,0.0,0.0,0.0
430,1,0.0,0.0,0.0,0.0,-3.2421771081440056
430,2,0.0,0.0,0.0,0.0,0.0
430,3,0.0,0.0,0.0,0.0,0.0
430,4,0.0,0.0,0.0,0.0,0.0
431,0,0.0,-1.1316087571943216,0.0,0.0,0.0
431,1,0.0,0.0,0.0,0.0,-3.2459367728113473
431,2,0.0,0.0,0.0,0.0,0.0
431,3,0.0,0.0,0.0,0.0,0.0
431,4,0.0,0.0,0.0,0.0,0.0
432,0,0.0,-1.1353194214775069,0.0,0.0,0.0
432,1,0.0,0.0,0.0,0.0,-3.2496863954629216
432,2,0.0,0.0,0.0,0.0,0.0
432,3,0.0,0.0,0.0,0.0,0.0
432,4,0.0,0.0,0.0,0.0,0.0
433,0,0.0,-1.1390290530512448,0.0,0.0,0.0
433,1,0.0,0.0,0.0,0.0,-3.2534260089897034
433,2,0.0,0.0,0.0,0.0,0.0
433,3,0.0,0.0,0.0,0.0,0.0
433,4,0.0,0.0,0.0,0.0,0.0
434,0,0.0,-1.142737631560114,0.0,0.0,0.0
434,1,0.0,0.0,0.0,0.0,-3.257155646162418
434,2,0.0,0.0,0.0,0.0,0.0
434,3,0.0,0.0,0.0,0.0,0.0
434,4,0.0,0.0,0.0,0.0,0.0
435,0,0.0,-1.146445136775929,0.0,0.0,0.0
435,1,0.0,0.0,0.0,0.0,-3.260875339632008
435,2,0.0,0.0,0.0,0.0,0.0
435,3,0.0,0.0,0.0,0.0,0.0
435,4,0.0,0.0,0.0,0.0,0.0
436,0,0.0,-1.1501515486123737,0.0,0.0,0.0
436,1,0.0,0.0,0.0,0.0,-3.2645851219301028
436,2,0.0,0.0,0.0,0.0,0.0
436,3,0.0,0.0,0.0,0.0,0.0
436,4,0.0,0.0,0.0,0.0,0.0
437,0,0.0,-1.153856847115234,0.0,0.0,0.0
437,1,0.0,0.0,0.0,0.0,-3.2682850254694884
437,2,0.0,0.0,0.0,0.0,0.0
437,3,0.0,0.0,0.0,0.0,0.0
437,4,0.0,0.0,0.0,0.0,0.0
438,0,0.0,-1.1575610124618336,0.0,0.0,0.0
438,1,0.0,0.0,0.0,0.0,-3.271975082544567
438,2,0.0,0.0,0.0,0.0,0.0
438,3,0.0,0.0,0.0,0.0,0.0
438,4,0.0,0.0,0.0,0.0,0.0
439,0,0.0,-1.1612640249687516,0.0,0.0,0.0
439,1,0.0,0.0,0.0,0.0,-3.275655325331822
439,2,0.0,0.0,0.0,0.0,0.0
439,3,0.0,0.0,0.0,0.0,0.0
439,4,0.0,0.0,0.0,0.0,0.0
440,0,0.0,-1.1649658650920698,0.0,0.0,0.0
440,1,0.0,0.0,0.0,0.0,-3.279325785890278
440,2,0.0,0.0,0.0,0.0,0.0
440,3,0.0,0.0,0.0,0.0,0.0
440,4,0.0,0.0,0.0,0.0,0.0
441,0,0.0,-1.168666513416912,0.0,0.0,0.0
441,1,0.0,0.0,0.0,0.0,-3.2829864961619597
441,2,0.0,0.0,0.0,0.0,0.0
441,3,0.0,0.0,0.0,0.0,0.0
441,4,0.0,0.0,0.0,0.0,0.0
442,0,0.0,-1.1723659506565702,0.0,0.0,0.0
442,1,0.0,0.0,0.0,0.0,-3.286637487972351
442,2,0.0,0.0,0.0,0.0,0.0
442,3,0.0,0.0,0.0,0.0,0.0
442,4,0.0,0.0,0.0,0.0,0.0
443,0,0.0,-1.1760641576498443,0.0,0.0,0.0
443,1,0.0,0.0,0.0,0.0,-3.2902787930308444
443,2,0.0,0.0,0.0,0.0,0.0
443,3,0.0,0.0,0.0,0.0,0.0
443,4,0.0,0.0,0.0,0.0,0.0
444,0,0.0,-1.1797611153603886,0.0,0.0,0.0
444,1,0.0,0.0,0.0,0.0,-3.2939104429312
444,2,0.0,0.0,0.0,0.0,0.0
444,3,0.0,0.0,0.0,0.0,0.0
444,4,0.0,0.0,0.0,0.0,0.0
445,0,0.0,-1.1834568048792278,0.0,0.0,0.0
445,1,0.0,0.0,0.0,0.0,-3.2975324691519945
445,2,0.0,0.0,0.0,0.0,0.0
445,3,0.0,0.0,0.0,0.0,0.0
445,4,0.0,0.0,0.0,0.0,0.0
446,0,0.0,-1.187151207420169,0.0,0.0,0.0
446,1,0.0,0.0,0.0,0.0,-3.301144903057071
446,2,0.0,0.0,0.0,0.0,0.0
446,3,0.0,0.0,0.0,0.0,0.0
446,4,0.0,0.0,0.0,0.0,0.0
447,0,0.0,-1.1908443043285946,0.0,0.0,0.0
447,1,0.0,0.0,0.0,0.0,-3.304747775895986
447,2,0.0,0.0,0.0,0.0,0.0
447,3,0.0,0.0,0.0,0.0,0.0
447,4,0.0,0.0,0.0,0.0,0.0
448,0,0.0,-1.1945360770799172,0.0,0.0,0.0
448,1,0.0,0.0,0.0,0.0,-3.3083411188044534
448,2,0.0,0.0,0.0,0.0,0.0
448,3,0.0,0.0,0.0,0.0,0.0
448,4,0.0,0.0,0.0,0.0,0.0
449,0,0.0,-1.1982265072812304,0.0,0.0,0.0
449,1,0.0,0.0,0.0,0.0,-3.3119249628047953
449,2,0.0,0.0,0.0,0.0,0.0
449,3,0.0,0.0,0.0,0.0,0.0
449,4,0.0,0.0,0.0,0.0,0.0
450,0,0.0,-1.2019155766656806,0.0,0.0,0.0
450,1,0.0,0.0,0.0,0.0,-3.315499338806378
450,2,0.0,0.0,0.0,0.0,0.0
450,3,0.0,0.0,0.0,0.0,0.0
450,4,0.0,0.0,0.0,0.0,0.0
451,0,0.0,-1.2056032670920132,0.0,0.0,0.0
451,1,0.0,0.0,0.0,0.0,-3.3190642776060497
451,2,0.0,0.0,0.0,0.0,0.0
451,3,0.0,0.0,0.0,0.0,0.0
451,4,0.0,0.0,0.0,0.0,0.0
452,0,0.0,-1.2092895605412584,0.0,0.0,0.0
452,1,0.0,0.0,0.0,0.0,-3.3226198098885913
452,2,0.0,0.0,0.0,0.0,0.0
452,3,0.0,0.0,0.0,0.0,0.0
452,4,0.0,0.0,0.0,0.0,0.0
453,0,0.0,-1.2129744391149306,0.0,0.0,0.0
453,1,0.0,0.0,0.0,0.0,-3.326165966227139
453,2,0.0,0.0,0.0,0.0,0.0
453,3,0.0,0.0,0.0,0.0,0.0
453,4,0.0,0.0,0.0,0.0,0.0
454,0,0.0,-1.2166578850362002,0.0,0.0,0.0
454,1,0.0,0.0,0.0,0.0,-3.329702777083627
454,2,0.0,0.0,0.0,0.0,0.0
454,3,0.0,0.0,0.0,0.0,0.0
454,4,0.0,0.0,0.0,0.0,0.0
455,0,0.0,-1.2203398806489858,0.0,0.0,0.0
455,1,0.0,0.0,0.0,0.0,-3.3332302728092227
455,2,0.0,0.0,0.0,0.0,0.0
455,3,0.0,0.0,0.0,0.0,0.0
455,4,0.0,0.0,0.0,0.0,0.0
456,0,0.0,-1.2240204084203645,0.0,0.0,0.0
456,1,0.0,0.0,0.0,0.0,-3.3367484836447496
456,2,0.0,0.0,0.0,0.0,0.0
456,3,0.0,0.0,0.0,0.0,0.0
456,4,0.0,0.0,0.0,0.0,0.0
457,0,0.0,-1.227699450932144,0.0,0.0,0.0
457,1,0.0,0.0,0.0,0.0,-3.340257439721127
457,2,0.0,0.0,0.0,0.0,0.0
457,3,0.0,0.0,0.0,0.0,0.0
457,4,0.0,0.0,0.0,0.0,0.0
458,0,0.0,-1.2313769908857721,0.0,0.0,0.0
458,1,0.0,0.0,0.0,0.0,-3.343757171059791
458,2,0.0,0.0,0.0,0.0,0.0
458,3,0.0,0.0,0.0,0.0,0.0
458,4,0.0,0.0,0.0,0.0,0.0
459,0,0.0,-1.2350530111143236,0.0,0.0,0.0
459,1,0.0,0.0,0.0,0.0,-3.347247707573124
459,2,0.0,0.0,0.0,0.0,0.0
459,3,0.0,0.0,0.0,0.0,0.0
459,4,0.0,0.0,0.0,0.0,0.0
460,0,0.0,-1.2387274945685245,0.0,0.0,0.0
460,1,0.0,0.0,0.0,0.0,-3.3507290790648763
460,2,0.0,0.0,0.0,0.0,0.0
460,3,0.0,0.0,0.0,0.0,0.0
460,4,0.0,0.0,0.0,0.0,0.0
461,0,0.0,-1.2424004243147562,0.0,0.0,0.0
461,1,0.0,0.0,0.0,0.0,-3.3542013152305934
461,2,0.0,0.0,0.0,0.0,0.0
461,3,0.0,0.0,0.0,0.0,0.0
461,4,0.0,0.0,0.0,0.0,0.0
462,0,0.0,-1.2460717835352209,0.0,0.0,0.0
462,1,0.0,0.0,0.0,0.0,-3.3576644456580333
462,2,0.0,0.0,0.0,0.0,0.0
462,3,0.0,0.0,0.0,0.0,0.0
462,4,0.0,0.0,0.0,0.0,0.0
463,0,0.0,-1.249741555526631,0.0,0.0,0.0
463,1,0.0,0.0,0.0,0.0,-3.3611184998275863
463,2,0.0,0.0,0.0,0.0,0.0
463,3,0.0,0.0,0.0,0.0,0.0
463,4,0.0,0.0,0.0,0.0,0.0
464,0,0.0,-1.2534097236961048,0.0,0.0,0.0
464,1,0.0,0.0,0.0,0.0,-3.3645635071126923
464,2,0.0,0.0,0.0,0.0,0.0
464,3,0.0,0.0,0.0,0.0,0.0
464,4,0.0,0.0,0.0,0.0,0.0
465,0,0.0,-1.2570762715650465,0.0,0.0,0.0
465,1,0.0,0.0,0.0,0.0,-3.367999496780262
465,2,0.0,0.0,0.0,0.0,0.0
465,3,0.0,0.0,0.0,0.0,0.0
465,4,0.0,0.0,0.0,0.0,0.0
466,0,0.0,-1.2607411827692503,0.0,0.0,0.0
466,1,0.0,0.0,0.0,0.0,-3.371426497991082
466,2,0.0,0.0,0.0,0.0,0.0
466,3,0.0,0.0,0.0,0.0,0.0
466,4,0.0,0.0,0.0,0.0,0.0
467,0,0.0,-1.2644044410591704,0.0,0.0,0.0
467,1,0.0,0.0,0.0,0.0,-3.3748445398002342
467,2,0.0,0.0,0.0,0.0,0.0
467,3,0.0,0.0,0.0,0.0,0.0
467,4,0.0,0.0,0.0,0.0,0.0
468,0,0.0,-1.2680660303004097,0.0,0.0,0.0
468,1,0.0,0.0,0.0,0.0,-3.3782536511575034
468,2,0.0,0.0,0.0,0.0,0.0
468,3,0.0,0.0,0.0,0.0,0.0
468,4,0.0,0.0,0.0,0.0,0.0
469,0,0.0,-1.2717259344707288,0.0,0.0,0.0
469,1,0.0,0.0,0.0,0.0,-3.3816538609077913
469,2,0.0,0.0,0.0,0.0,0.0
469,3,0.0,0.0,0.0,0.0,0.0
469,4,0.0,0.0,0.0,0.0,0.0
470,0,0.0,-1.2753841376653303,0.0,0.0,0.0
470,1,0.0,0.0,0.0,0.0,-3.3850451977915146
470,2,0.0,0.0,0.0,0.0,0.0
470,3,0.0,0.0,0.0,0.0,0.0
470,4,0.0,0.0,0.0,0.0,0.0
471,0,0.0,-1.279040624099404,0.0,0.0,0.0
471,1,0.0,0.0,0.0,0.0,-3.3884276904450203
471,2,0.0,0.0,0.0,0.0,0.0
471,3,0.0,0.0,0.0,0.0,0.0
471,4,0.0,0.0,0.0,0.0,0.0
472,0,0.0,-1.2826953781056734,0.0,0.0,0.0
472,1,0.0,0.0,0.0,0.0,-3.3918013674009884
472,2,0.0,0.0,0.0,0.0,0.0
472,3,0.0,0.0,0.0,0.0,0.0
472,4,0.0,0.0,0.0,0.0,0.0
473,0,0.0,-1.2863483841267485,0.0,0.0,0.0
473,1,0.0,0.0,0.0,0.0,-3.395166257088826
473,2,0.0,0.0,0.0,0.0,0.0
473,3,0.0,0.0,0.0,0.0,0.0
473,4,0.0,0.0,0.0,0.0,0.0
474,0,0.0,-1.2899996267106082,0.0,0.0,0.0
474,1,0.0,0.0,0.0,0.0,-3.3985223878350785
474,2,0.0,0.0,0.0,0.0,0.0
474,3,0.0,0.0,0.0,0.0,0.0
474,4,0.0,0.0,0.0,0.0,0.0
475,0,0.0,-1.2936490905138902,0.0,0.0,0.0
475,1,0.0,0.0,0.0,0.0,-3.401869787863825
475,2,0.0,0.0,0.0,0.0,0.0
475,3,0.0,0.0,0.0,0.0,0.0
475,4,0.0,0.0,0.0,0.0,0.0
476,0,0.0,-1.297296760306878,0.0,0.0,0.0
476,1,0.0,0.0,0.0,0.0,-3.4052084852970754
476,2,0.0,0.0,0.0,0.0,0.0
476,3,0.0,0.0,0.0,0.0,0.0
476,4,0.0,0.0,0.0,0.0,0.0
477,0,0.0,-1.3009426209671464,0.0,0.0,0.0
477,1,0.0,0.0,0.0,0.0,-3.408538508155166
477,2,0.0,0.0,0.0,0.0,0.0
477,3,0.0,0.0,0.0,0.0,0.0
477,4,0.0,0.0,0.0,0.0,0.0
478,0,0.0,-1.3045866574741796,0.0,0.0,0.0
478,1,0.0,0.0,0.0,0.0,-3.4118598843571557
478,2,0.0,0.0,0.0,0.0,0.0
478,3,0.0,0.0,0.0,0.0,0.0
478,4,0.0,0.0,0.0,0.0,0.0
479,0,0.0,-1.3082288549114367,0.0,0.0,0.0
479,1,0.0,0.0,0.0,0.0,-3.415172641721218
479,2,0.0,0.0,0.0,0.0,0.0
479,3,0.0,0.0,0.0,0.0,0.0
479,4,0.0,0.0,0.0,0.0,0.0
480,0,0.0,-1.3118691984644064,0.0,0.0,0.0
480,1,0.0,0.0,0.0,0.0,-3.418476807965032
480,2,0.0,0.0,0.0,0.0,0.0
480,3,0.0,0.0,0.0,0.0,0.0
480,4,0.0,0.0,0.0,0.0,0.0
481,0,0.0,-1.3155076734237767,0.0,0.0,0.0
481,1,0.0,0.0,0.0,0.0,-3.421772410706172
481,2,0.0,0.0,0.0,0.0,0.0
481,3,0.0,0.0,0.0,0.0,0.0
481,4,0.0,0.0,0.0,0.0,0.0
482,0,0.0,-1.3191442651940462,0.0,0.0,0.0
482,1,0.0,0.0,0.0,0.0,-3.4250594774624976
482,2,0.0,0.0,0.0,0.0,0.0
482,3,0.0,0.0,0.0,0.0,0.0
482,4,0.0,0.0,0.0,0.0,0.0
483,0,0.0,-1.3227789592859565,0.0,0.0,0.0
483,1,0.0,0.0,0.0,0.0,-3.4283380356525344
483,2,0.0,0.0,0.0,0.0,0.0
483,3,0.0,0.0,0.0,0.0,0.0
483,4,0.0,0.0,0.0,0.0,0.0
484,0,0.0,-1.3264117413091259,0.0,0.0,0.0
484,1,0.0,0.0,0.0,0.0,-3.431608112595869
484,2,0.0,0.0,0.0,0.0,0.0
484,3,0.0,0.0,0.0,0.0,0.0
484,4,0.0,0.0,0.0,0.0,0.0
485,0,0.0,-1.3300425969825296,0.0,0.0,0.0
485,1,0.0,0.0,0.0,0.0,-3.4348697357401385
485,2,0.0,0.0,0.0,0.0,0.0
485,3,0.0,0.0,0.0,0.0,0.0
485,4,0.0,0.0,0.0,0.0,0.0
486,0,0.0,-1.3336715121429321,0.0,0.0,0.0
486,1,0.0,0.0,0.0,0.0,-3.4381229327923517
486,2,0.0,0.0,0.0,0.0,0.0
486,3,0.0,0.0,0.0,0.0,0.0
486,4,0.0,0.0,0.0,0.0,0.0
487,0,0.0,-1.3372984727311032,0.0,0.0,0.0
487,1,0.0,0.0,0.0,0.0,-3.441367731354944
487,2,0.0,0.0,0.0,0.0,0.0
487,3,0.0,0.0,0.0,0.0,0.0
487,4,0.0,0.0,0.0,0.0,0.0
488,0,0.0,-1.3409234647904007,0.0,0.0,0.0
488,1,0.0,0.0,0.0,0.0,-3.4446041589214724
488,2,0.0,0.0,0.0,0.0,0.0
488,3,0.0,0.0,0.0,0.0,0.0
488,4,0.0,0.0,0.0,0.0,0.0
489,0,0.0,-1.344546474462657,0.0,0.0,0.0
489,1,0.0,0.0,0.0,0.0,-3.4478322428771677
489,2,0.0,0.0,0.0,0.0,0.0
489,3,0.0,0.0,0.0,0.0,0.0
489,4,0.0,0.0,0.0,0.0,0.0
490,0,0.0,-1.3481674879907033,0.0,0.0,0.0
490,1,0.0,0.0,0.0,0.0,-3.451052010499494
490,2,0.0,0.0,0.0,0.0,0.0
490,3,0.0,0.0,0.0,0.0,0.0
490,4,0.0,0.0,0.0,0.0,0.0
491,0,0.0,-1.3517864917178333,0.0,0.0,0.0
491,1,0.0,0.0,0.0,0.0,-3.4542634889587016
491,2,0.0,0.0,0.0,0.0,0.0
491,3,0.0,0.0,0.0,0.0,0.0
491,4,0.0,0.0,0.0,0.0,0.0
492,0,0.0,-1.3554034720836494,0.0,0.0,0.0
492,1,0.0,0.0,0.0,0.0,-3.457466705318373
492,2,0.0,0.0,0.0,0.0,0.0
492,3,0.0,0.0,0.0,0.0,0.0
492,4,0.0,0.0,0.0,0.0,0.0
493,0,0.0,-1.3590184156237362,0.0,0.0,0.0
493,1,0.0,0.0,0.0,0.0,-3.460661686535966
493,2,0.0,0.0,0.0,0.0,0.0
493,3,0.0,0.0,0.0,0.0,0.0
493,4,0.0,0.0,0.0,0.0,0.0
494,0,0.0,-1.3626313089748001,0.0,0.0,0.0
494,1,0.0,0.0,0.0,0.0,-3.4638484594655394
494,2,0.0,0.0,0.0,0.0,0.0
494,3,0.0,0.0,0.0,0.0,0.0
494,4,0.0,0.0,0.0,0.0,0.0
495,0,0.0,-1.3662421388837749,0.0,0.0,0.0
495,1,0.0,0.0,0.0,0.0,-3.4670270511810872
495,2,0.0,0.0,0.0,0.0,0.0
495,3,0.0,0.0,0.0,0.0,0.0
495,4,0.0,0.0,0.0,0.0,0.0
496,0,0.0,-1.3698508921993304,0.0,0.0,0.0
496,1,0.0,0.0,0.0,0.0,-3.470197488877425
496,2,0.0,0.0,0.0,0.0,0.0
496,3,0.0,0.0,0.0,0.0,0.0
496,4,0.0,0.0,0.0,0.0,0.0
497,0,0.0,-1.3734575558750823,0.0,0.0,0.0
497,1,0.0,0.0,0.0,0.0,-3.4733597996346552
497,2,0.0,0.0,0.0,0.0,0.0
497,3,0.0,0.0,0.0,0.0,0.0
497,4,0.0,0.0,0.0,0.0,0.0
498,0,0.0,-1.3770621169651593,0.0,0.0,0.0
498,1,0.0,0.0,0.0,0.0,-3.476514010418856
498,2,0.0,0.0,0.0,0.0,0.0
498,3,0.0,0.0,0.0,0.0,0.0
498,4,0.0,0.0,0.0,0.0,0.0
499,0,0.0,-1.3806645626233525,0.0,0.0,0.0
499,1,0.0,0.0,0.0,0.0,-3.4796601480827656
499,2,0.0,0.0,0.0,0.0,0.0
499,3,0.0,0.0,0.0,0.0,0.0
499,4,0.0,0.0,0.0,0.0,0.0
500,0,0.0,-1.384264880100584,0.0,0.0,0.0
500,1,0.0,0.0,0.0,0.0,-3.4827982393664603
500,2,0.0,0.0,0.0,0.0,0.0
500,3,0.0,0.0,0.0,0.0,0.0
500,4,0.0,0.0,0.0,0.0,0.0
501,0,0.0,-1.3878630567540675,0.0,0.0,0.0
501,1,0.0,0.0,0.0,0.0,-3.4859283108980237
501,2,0.0,0.0,0.0,0.0,0.0
501,3,0.0,0.0,0.0,0.0,0.0
501,4,0.0,0.0,0.0,0.0,0.0
502,0,0.0,-1.3914590800410176,0.0,0.0,0.0
502,1,0.0,0.0,0.0,0.0,-3.4890503891942117
502,2,0.0,0.0,0.0,0.0,0.0
502,3,0.0,0.0,0.0,0.0,0.0
502,4,0.0,0.0,0.0,0.0,0.0
503,0,0.0,-1.3950529375144312,0.0,0.0,0.0
503,1,0.0,0.0,0.0,0.0,-3.4921645006611097
503,2,0.0,0.0,0.0,0.0,0.0
503,3,0.0,0.0,0.0,0.0,0.0
503,4,0.0,0.0,0.0,0.0,0.0
504,0,0.0,-1.398644616821452,0.0,0.0,0.0
504,1,0.0,0.0,0.0,0.0,-3.4952706715947848
504,2,0.0,0.0,0.0,0.0,0.0
504,3,0.0,0.0,0.0,0.0,0.0
504,4,0.0,0.0,0.0,0.0,0.0
505,0,0.0,-1.4022341057016987,0.0,0.0,0.0
505,1,0.0,0.0,0.0,0.0,-3.498368928395593
505,2,0.0,0.0,0.0,0.0,0.0
505,3,0.0,0.0,0.0,0.0,0.0
505,4,0.0,0.0,0.0,0.0,0.0
506,0,0.0,-1.4058213919779166,0.0,0.0,0.0
506,1,0.0,0.0,0.0,0.0,-3.5014592976605696
506,2,0.0,0.0,0.0,0.0,0.0
506,3,0.0,0.0,0.0,0.0,0.0
506,4,0.0,0.0,0.0,0.0,0.0
507,0,0.0,-1.4094064635651358,0.0,0.0,0.0
507,1,0.0,0.0,0.0,0.0,-3.5045418058713924
507,2,0.0,0.0,0.0,0.0,0.0
507,3,0.0,0.0,0.0,0.0,0.0
507,4,0.0,0.0,0.0,0.0,0.0
508,0,0.0,-1.4129893084758023,0.0,0.0,0.0
508,1,0.0,0.0,0.0,0.0,-3.5076164793925018
508,2,0.0,0.0,0.0,0.0,0.0
508,3,0.0,0.0,0.0,0.0,0.0
508,4,0.0,0.0,0.0,0.0,0.0
509,0,0.0,-1.4165699148303914,0.0,0.0,0.0
509,1,0.0,0.0,0.0,0.0,-3.510683344471888
509,2,0.0,0.0,0.0,0.0,0.0
509,3,0.0,0.0,0.0,0.0,0.0
509,4,0.0,0.0,0.0,0.0,0.0
510,0,0.0,-1.4201482708472577,0.0,0.0,0.0
510,1,0.0,0.0,0.0,0.0,-3.5137424272418403
510,2,0.0,0.0,0.0,0.0,0.0
510,3,0.0,0.0,0.0,0.0,0.0
510,4,0.0,0.0,0.0,0.0,0.0
511,0,0.0,-1.4237243648374356,0.0,0.0,0.0
511,1,0.0,0.0,0.0,0.0,-3.516793753719709
511,2,0.0,0.0,0.0,0.0,0.0
511,3,0.0,0.0,0.0,0.0,0.0
511,4,0.0,0.0,0.0,0.0,0.0
512,0,0.0,-1.427298185201326,0.0,0.0,0.0
512,1,0.0,0.0,0.0,0.0,-3.5198373498086606
512,2,0.0,0.0,0.0,0.0,0.0
512,3,0.0,0.0,0.0,0.0,0.0
512,4,0.0,0.0,0.0,0.0,0.0
513,0,0.0,-1.4308697204298335,0.0,0.0,0.0
513,1,0.0,0.0,0.0,0.0,-3.5228732412984045
513,2,0.0,0.0,0.0,0.0,0.0
513,3,0.0,0.0,0.0,0.0,0.0
513,4,0.0,0.0,0.0,0.0,0.0
514,0,0.0,-1.4344389591050184,0.0,0.0,0.0
514,1,0.0,0.0,0.0,0.0,-3.5259014538659375
514,2,0.0,0.0,0.0,0.0,0.0
514,3,0.0,0.0,0.0,0.0,0.0
514,4,0.0,0.0,0.0,0.0,0.0
515,0,0.0,-1.43800588989971,0.0,0.0,0.0
515,1,0.0,0.0,0.0,0.0,-3.52892201309621
515,2,0.0,0.0,0.0,0.0,0.0
515,3,0.0,0.0,0.0,0.0,0.0
515,4,0.0,0.0,0.0,0.0,0.0
516,0,0.0,-1.4415705015806897,0.0,0.0,0.0
516,1,0.0,0.0,0.0,0.0,-3.531934944810139
516,2,0.0,0.0,0.0,0.0,0.0
516,3,0.0,0.0,0.0,0.0,0.0
516,4,0.0,0.0,0.0,0.0,0.0
517,0,0.0,-1.4451327830060317,0.0,0.0,0.0
517,1,0.0,0.0,0.0,0.0,-3.5349402748375924
517,2,0.0,0.0,0.0,0.0,0.0
517,3,0.0,0.0,0.0,0.0,0.0
517,4,0.0,0.0,0.0,0.0,0.0
518,0,0.0,-1.4486927231310196,0.0,0.0,0.0
518,1,0.0,0.0,0.0,0.0,-3.5379380288895117
518,2,0.0,0.0,0.0,0.0,0.0
518,3,0.0,0.0,0.0,0.0,0.0
518,4,0.0,0.0,0.0,0.0,0.0
519,0,0.0,-1.4522503110072633,0.0,0.0,0.0
519,1,0.0,0.0,0.0,0.0,-3.5409282325587452
519,2,0.0,0.0,0.0,0.0,0.0
519,3,0.0,0.0,0.0,0.0,0.0
519,4,0.0,0.0,0.0,0.0,0.0
520,0,0.0,-1.4558055357754838,0.0,0.0,0.0
520,1,0.0,0.0,0.0,0.0,-3.543910911320868
520,2,0.0,0.0,0.0,0.0,0.0
520,3,0.0,0.0,0.0,0.0,0.0
520,4,0.0,0.0,0.0,0.0,0.0
521,0,0.0,-1.459358386664762,0.0,0.0,0.0
521,1,0.0,0.0,0.0,0.0,-3.5468860905350006
521,2,0.0,0.0,0.0,0.0,0.0
521,3,0.0,0.0,0.0,0.0,0.0
521,4,0.0,0.0,0.0,0.0,0.0
522,0,0.0,-1.462908852994946,0.0,0.0,0.0
522,1,0.0,0.0,0.0,0.0,-3.5498537954446165
522,2,0.0,0.0,0.0,0.0,0.0
522,3,0.0,0.0,0.0,0.0,0.0
522,4,0.0,0.0,0.0,0.0,0.0
523,0,0.0,-1.4664569241751855,0.0,0.0,0.0
523,1,0.0,0.0,0.0,0.0,-3.5528140511783364
523,2,0.0,0.0,0.0,0.0,0.0
523,3,0.0,0.0,0.0,0.0,0.0
523,4,0.0,0.0,0.0,0.0,0.0
524,0,0.0,-1.470002589704603,0.0,0.0,0.0
524,1,0.0,0.0,0.0,0.0,-3.5557668827507176
524,2,0.0,0.0,0.0,0.0,0.0
524,3,0.0,0.0,0.0,0.0,0.0
524,4,0.0,0.0,0.0,0.0,0.0
525,0,0.0,-1.4735458391714011,0.0,0.0,0.0
525,1,0.0,0.0,0.0,0.0,-3.5587123150630364
525,2,0.0,0.0,0.0,0.0,0.0
525,3,0.0,0.0,0.0,0.0,0.0
525,4,0.0,0.0,0.0,0.0,0.0
526,0,0.0,-1.4770866622501508,0.0,0.0,0.0
526,1,0.0,0.0,0.0,0.0,-3.5616503729143325
526,2,0.0,0.0,0.0,0.0,0.0
526,3,0.0,0.0,0.0,0.0,0.0
526,4,0.0,0.0,0.0,0.0,0.0
527,0,0.0,-1.4806250487016266,0.0,0.0,0.0
527,1,0.0,0.0,0.0,0.0,-3.5645810813006666
527,2,0.0,0.0,0.0,0.0,0.0
527,3,0.0,0.0,0.0,0.0,0.0
527,4,0.0,0.0,0.0,0.0,0.0
528,0,0.0,-1.4841609883771203,0.0,0.0,0.0
528,1,0.0,0.0,0.0,0.0,-3.5675044652454586
528,2,0.0,0.0,0.0,0.0,0.0
528,3,0.0,0.0,0.0,0.0,0.0
528,4,0.0,0.0,0.0,0.0,0.0
529,0,0.0,-1.4876944712160838,0.0,0.0,0.0
529,1,0.0,0.0,0.0,0.0,-3.5704205496535506
529,2,0.0,0.0,0.0,0.0,0.0
529,3,0.0,0.0,0.0,0.0,0.0
529,4,0.0,0.0,0.0,0.0,0.0
530,0,0.0,-1.4912254872398811,0.0,0.0,0.0
530,1,0.0,0.0,0.0,0.0,-3.5733293593120683
530,2,0.0,0.0,0.0,0.0,0.0
530,3,0.0,0.0,0.0,0.0,0.0
530,4,0.0,0.0,0.0,0.0,0.0
531,0,0.0,-1.494754026553772,0.0,0.0,0.0
531,1,0.0,0.0,0.0,0.0,-3.5762309188912713
531,2,0.0,0.0,0.0,0.0,0.0
531,3,0.0,0.0,0.0,0.0,0.0
531,4,0.0,0.0,0.0,0.0,0.0
532,0,0.0,-1.4982800793469568,0.0,0.0,0.0
532,1,0.0,0.0,0.0,0.0,-3.579125252945403
532,2,0.0,0.0,0.0,0.0,0.0
532,3,0.0,0.0,0.0,0.0,0.0
532,4,0.0,0.0,0.0,0.0,0.0
533,0,0.0,-1.5018036358909745,0.0,0.0,0.0
533,1,0.0,0.0,0.0,0.0,-3.582012385913526
533,2,0.0,0.0,0.0,0.0,0.0
533,3,0.0,0.0,0.0,0.0,0.0
533,4,0.0,0.0,0.0,0.0,0.0
534,0,0.0,-1.5053246865366816,0.0,0.0,0.0
534,1,0.0,0.0,0.0,0.0,-3.584892342120339
534,2,0.0,0.0,0.0,0.0,0.0
534,3,0.0,0.0,0.0,0.0,0.0
534,4,0.0,0.0,0.0,0.0,0.0
535,0,0.0,-1.5088432217143883,0.0,0.0,0.0
535,1,0.0,0.0,0.0,0.0,-3.587765145777008
535,2,0.0,0.0,0.0,0.0,0.0
535,3,0.0,0.0,0.0,0.0,0.0
535,4,0.0,0.0,0.0,0.0,0.0
536,0,0.0,-1.5123592319405135,0.0,0.0,0.0
536,1,0.0,0.0,0.0,0.0,-3.5906308209819624
536,2,0.0,0.0,0.0,0.0,0.0
536,3,0.0,0.0,0.0,0.0,0.0
536,4,0.0,0.0,0.0,0.0,0.0
537,0,0.0,-1.5158727078194734,0.0,0.0,0.0
537,1,0.0,0.0,0.0,0.0,-3.5934893917217043
537,2,0.0,0.0,0.0,0.0,0.0
537,3,0.0,0.0,0.0,0.0,0.0
537,4,0.0,0.0,0.0,0.0,0.0
538,0,0.0,-1.51938364004348,0.0,0.0,0.0
538,1,0.0,0.0,0.0,0.0,-3.5963408819635645
538,2,0.0,0.0,0.0,0.0,0.0
538,3,0.0,0.0,0.0,0.0,0.0
538,4,0.0,0.0,0.0,0.0,0.0
539,0,0.0,-1.5228920193827018,0.0,0.0,0.0
539,1,0.0,0.0,0.0,0.0,-3.5991853158785467
539,2,0.0,0.0,0.0,0.0,0.0
539,3,0.0,0.0,0.0,0.0,0.0
539,4,0.0,0.0,0.0,0.0,0.0
540,0,0.0,-1.5263978366921003,0.0,0.0,0.0
540,1,0.0,0.0,0.0,0.0,-3.602022717547342
540,2,0.0,0.0,0.0,0.0,0.0
540,3,0.0,0.0,0.0,0.0,0.0
540,4,0.0,0.0,0.0,0.0,0.0
541,0,0.0,-1.5299010829179878,0.0,0.0,0.0
541,1,0.0,0.0,0.0,0.0,-3.604853110934221
541,2,0.0,0.0,0.0,0.0,0.0
541,3,0.0,0.0,0.0,0.0,0.0
541,4,0.0,0.0,0.0,0.0,0.0
542,0,0.0,-1.5334017490880385,0.0,0.0,0.0
542,1,0.0,0.0,0.0,0.0,-3.6076765198879035
542,2,0.0,0.0,0.0,0.0,0.0
542,3,0.0,0.0,0.0,0.0,0.0
542,4,0.0,0.0,0.0,0.0,0.0
543,0,0.0,-1.536899826308819,0.0,0.0,0.0
543,1,0.0,0.0,0.0,0.0,-3.6104929681424185
543,2,0.0,0.0,0.0,0.0,0.0
543,3,0.0,0.0,0.0,0.0,0.0
543,4,0.0,0.0,0.0,0.0,0.0
544,0,0.0,-1.540395305765265,0.0,0.0,0.0
544,1,0.0,0.0,0.0,0.0,-3.6133024793179502
544,2,0.0,0.0,0.0,0.0,0.0
544,3,0.0,0.0,0.0,0.0,0.0
544,4,0.0,0.0,0.0,0.0,0.0
545,0,0.0,-1.543888178722593,0.0,0.0,0.0
545,1,0.0,0.0,0.0,0.0,-3.6161050769216763
545,2,0.0,0.0,0.0,0.0,0.0
545,3,0.0,0.0,0.0,0.0,0.0
545,4,0.0,0.0,0.0,0.0,0.0
546,0,0.0,-1.547378436524819,0.0,0.0,0.0
546,1,0.0,0.0,0.0,0.0,-3.618900784348601
546,2,0.0,0.0,0.0,0.0,0.0
546,3,0.0,0.0,0.0,0.0,0.0
546,4,0.0,0.0,0.0,0.0,0.0
547,0,0.0,-1.550866070593898,0.0,0.0,0.0
547,1,0.0,0.0,0.0,0.0,-3.6216896248823702
547,2,0.0,0.0,0.0,0.0,0.0
547,3,0.0,0.0,0.0,0.0,0.0
547,4,0.0,0.0,0.0,0.0,0.0
548,0,0.0,-1.55435107242922,0.0,0.0,0.0
548,1,0.0,0.0,0.0,0.0,-3.6244716216960877
548,2,0.0,0.0,0.0,0.0,0.0
548,3,0.0,0.0,0.0,0.0,0.0
548,4,0.0,0.0,0.0,0.0,0.0
549,0,0.0,-1.557833433607091,0.0,0.0,0.0
549,1,0.0,0.0,0.0,0.0,-3.627246797853121
549,2,0.0,0.0,0.0,0.0,0.0
549,3,0.0,0.0,0.0,0.0,0.0
549,4,0.0,0.0,0.0,0.0,0.0
550,0,0.0,-1.5613131457785339,0.0,0.0,0.0
550,1,0.0,0.0,0.0,0.0,-3.6300151763741093
550,2,0.0,0.0,0.0,0.0,0.0
550,3,0.0,0.0,0.0,0.0,0.0
550,4,0.0,0.0,0.0,0.0,0.0
551,0,0.0,-1.5647902006713863,0.0,0.0,0.0
551,1,0.0,0.0,0.0,0.0,-3.6327767804729296
551,2,0.0,0.0,0.0,0.0,0.0
551,3,0.0,0.0,0.0,0.0,0.0
551,4,0.0,0.0,0.0,0.0,0.0
552,0,0.0,-1.568264590096905,0.0,0.0,0.0
552,1,0.0,0.0,0.0,0.0,-3.635531633287061
552,2,0.0,0.0,0.0,0.0,0.0
552,3,0.0,0.0,0.0,0.0,0.0
552,4,0.0,0.0,0.0,0.0,0.0
553,0,0.0,-1.5717363059423013,0.0,0.0,0.0
553,1,0.0,0.0,0.0,0.0,-3.6382797578404054
553,2,0.0,0.0,0.0,0.0,0.0
553,3,0.0,0.0,0.0,0.0,0.0
553,4,0.0,0.0,0.0,0.0,0.0
554,0,0.0,-1.5752053401729482,0.0,0.0,0.0
554,1,0.0,0.0,0.0,0.0,-3.641021177044146
554,2,0.0,0.0,0.0,0.0,0.0
554,3,0.0,0.0,0.0,0.0,0.0
554,4,0.0,0.0,0.0,0.0,0.0
555,0,0.0,-1.578671684828576,0.0,0.0,0.0
555,1,0.0,0.0,0.0,0.0,-3.6437559136975954
555,2,0.0,0.0,0.0,0.0,0.0
555,3,0.0,0.0,0.0,0.0,0.0
555,4,0.0,0.0,0.0,0.0,0.0
556,0,0.0,-1.5821353320220928,0.0,0.0,0.0
556,1,0.0,0.0,0.0,0.0,-3.6464839904890356
556,2,0.0,0.0,0.0,0.0,0.0
556,3,0.0,0.0,0.0,0.0,0.0
556,4,0.0,0.0,0.0,0.0,0.0
557,0,0.0,-1.58559627393428,0.0,0.0,0.0
557,1,0.0,0.0,0.0,0.0,-3.6492054299965515
557,2,0.0,0.0,0.0,0.0,0.0
557,3,0.0,0.0,0.0,0.0,0.0
557,4,0.0,0.0,0.0,0.0,0.0
558,0,0.0,-1.5890545028099459,0.0,0.0,0.0
558,1,0.0,0.0,0.0,0.0,-3.651920254688849
558,2,0.0,0.0,0.0,0.0,0.0
558,3,0.0,0.0,0.0,0.0,0.0
558,4,0.0,0.0,0.0,0.0,0.0
559,0,0.0,-1.5925100109766885,0.0,0.0,0.0
559,1,0.0,0.0,0.0,0.0,-3.6546284869260717
559,2,0.0,0.0,0.0,0.0,0.0
559,3,0.0,0.0,0.0,0.0,0.0
559,4,0.0,0.0,0.0,0.0,0.0
560,0,0.0,-1.5959627908424987,0.0,0.0,0.0
560,1,0.0,0.0,0.0,0.0,-3.657330148960601
560,2,0.0,0.0,0.0,0.0,0.0
560,3,0.0,0.0,0.0,0.0,0.0
560,4,0.0,0.0,0.0,0.0,0.0
561,0,0.0,-1.5994128348864385,0.0,0.0,0.0
561,1,0.0,0.0,0.0,0.0,-3.6600252629378534
561,2,0.0,0.0,0.0,0.0,0.0
561,3,0.0,0.0,0.0,0.0,0.0
561,4,0.0,0.0,0.0,0.0,0.0
562,0,0.0,-1.6028601356582233,0.0,0.0,0.0
562,1,0.0,0.0,0.0,0.0,-3.6627138508970676
562,2,0.0,0.0,0.0,0.0,0.0
562,3,0.0,0.0,0.0,0.0,0.0
562,4,0.0,0.0,0.0,0.0,0.0
563,0,0.0,-1.6063046857783707,0.0,0.0,0.0
563,1,0.0,0.0,0.0,0.0,-3.6653959349382212
563,2,0.0,0.0,0.0,0.0,0.0
563,3,0.0,0.0,0.0,0.0,0.0
563,4,0.0,0.0,0.0,0.0,0.0
564,0,0.0,-1.6097464779394428,0.0,0.0,0.0
564,1,0.0,0.0,0.0,0.0,-3.6680715372663015
564,2,0.0,0.0,0.0,0.0,0.0
564,3,0.0,0.0,0.0,0.0,0.0
564,4,0.0,0.0,0.0,0.0,0.0
565,0,0.0,-1.613185504903832,0.0,0.0,0.0
565,1,0.0,0.0,0.0,0.0,-3.6707406799768245
565,2,0.0,0.0,0.0,0.0,0.0
565,3,0.0,0.0,0.0,0.0,0.0
565,4,0.0,0.0,0.0,0.0,0.0
566,0,0.0,-1.6166217595033185,0.0,0.0,0.0
566,1,0.0,0.0,0.0,0.0,-3.6734033850558623
566,2,0.0,0.0,0.0,0.0,0.0
566,3,0.0,0.0,0.0,0.0,0.0
566,4,0.0,0.0,0.0,0.0,0.0
567,0,0.0,-1.6200552346396049,0.0,0.0,0.0
567,1,0.0,0.0,0.0,0.0,-3.6760596743808733
567,2,0.0,0.0,0.0,0.0,0.0
567,3,0.0,0.0,0.0,0.0,0.0
567,4,0.0,0.0,0.0,0.0,0.0
568,0,0.0,-1.6234859232874188,0.0,0.0,0.0
568,1,0.0,0.0,0.0,0.0,-3.6787095697215295
568,2,0.0,0.0,0.0,0.0,0.0
568,3,0.0,0.0,0.0,0.0,0.0
568,4,0.0,0.0,0.0,0.0,0.0
569,0,0.0,-1.626913818498533,0.0,0.0,0.0
569,1,0.0,0.0,0.0,0.0,-3.6813530927405282
569,2,0.0,0.0,0.0,0.0,0.0
569,3,0.0,0.0,0.0,0.0,0.0
569,4,0.0,0.0,0.0,0.0,0.0
570,0,0.0,-1.6303389133942336,0.0,0.0,0.0
570,1,0.0,0.0,0.0,0.0,-3.6839902649943963
570,2,0.0,0.0,0.0,0.0,0.0
570,3,0.0,0.0,0.0,0.0,0.0
570,4,0.0,0.0,0.0,0.0,0.0
571,0,0.0,-1.6337612011648974,0.0,0.0,0.0
571,1,0.0,0.0,0.0,0.0,-3.6866211079342897
571,2,0.0,0.0,0.0,0.0,0.0
571,3,0.0,0.0,0.0,0.0,0.0
571,4,0.0,0.0,0.0,0.0,0.0
572,0,0.0,-1.6371806750691662,0.0,0.0,0.0
572,1,0.0,0.0,0.0,0.0,-3.689245642906785
572,2,0.0,0.0,0.0,0.0,0.0
572,3,0.0,0.0,0.0,0.0,0.0
572,4,0.0,0.0,0.0,0.0,0.0
573,0,0.0,-1.6405973284328206,0.0,0.0,0.0
573,1,0.0,0.0,0.0,0.0,-3.691863891154652
573,2,0.0,0.0,0.0,0.0,0.0
573,3,0.0,0.0,0.0,0.0,0.0
573,4,0.0,0.0,0.0,0.0,0.0
574,0,0.0,-1.644011154648299,0.0,0.0,0.0
574,1,0.0,0.0,0.0,0.0,-3.694475873817627
574,2,0.0,0.0,0.0,0.0,0.0
574,3,0.0,0.0,0.0,0.0,0.0
574,4,0.0,0.0,0.0,0.0,0.0
575,0,0.0,-1.6474221471717978,0.0,0.0,0.0
575,1,0.0,0.0,0.0,0.0,-3.697081611933182
575,2,0.0,0.0,0.0,0.0,0.0
575,3,0.0,0.0,0.0,0.0,0.0
575,4,0.0,0.0,0.0,0.0,0.0
576,0,0.0,-1.6508302995239361,0.0,0.0,0.0
576,1,0.0,0.0,0.0,0.0,-3.6996811265254825
576,2,0.0,0.0,0.0,0.0,0.0
576,3,0.0,0.0,0.0,0.0,0.0
576,4,0.0,0.0,0.0,0.0,0.0
577,0,0.0,-1.6542356052913814,0.0,0.0,0.0
577,1,0.0,0.0,0.0,0.0,-3.7022744387667834
577,2,0.0,0.0,0.0,0.0,0.0
577,3,0.0,0.0,0.0,0.0,0.0
577,4,0.0,0.0,0.0,0.0,0.0
578,0,0.0,-1.6576380581267305,0.0,0.0,0.0
578,1,0.0,0.0,0.0,0.0,-3.7048615697390255
578,2,0.0,0.0,0.0,0.0,0.0
578,3,0.0,0.0,0.0,0.0,0.0
578,4,0.0,0.0,0.0,0.0,0.0
579,0,0.0,-1.6610376517493557,0.0,0.0,0.0
579,1,0.0,0.0,0.0,0.0,-3.707442540419071
579,2,0.0,0.0,0.0,0.0,0.0
579,3,0.0,0.0,0.0,0.0,0.0
579,4,0.0,0.0,0.0,0.0,0.0
580,0,0.0,-1.6644343799498242,0.0,0.0,0.0
580,1,0.0,0.0,0.0,0.0,-3.7100173716794957
580,2,0.0,0.0,0.0,0.0,0.0
580,3,0.0,0.0,0.0,0.0,0.0
580,4,0.0,0.0,0.0,0.0,0.0
581,0,0.0,-1.6678282365852422,0.0,0.0,0.0
581,1,0.0,0.0,0.0,0.0,-3.712586084289383
581,2,0.0,0.0,0.0,0.0,0.0
581,3,0.0,0.0,0.0,0.0,0.0
581,4,0.0,0.0,0.0,0.0,0.0
582,0,0.0,-1.6712192155775278,0.0,0.0,0.0
582,1,0.0,0.0,0.0,0.0,-3.7151486989151135
582,2,0.0,0.0,0.0,0.0,0.0
582,3,0.0,0.0,0.0,0.0,0.0
582,4,0.0,0.0,0.0,0.0,0.0
583,0,0.0,-1.6746073109137154,0.0,0.0,0.0
583,1,0.0,0.0,0.0,0.0,-3.717705236121134
583,2,0.0,0.0,0.0,0.0,0.0
583,3,0.0,0.0,0.0,0.0,0.0
583,4,0.0,0.0,0.0,0.0,0.0
584,0,0.0,-1.677992516649608,0.0,0.0,0.0
584,1,0.0,0.0,0.0,0.0,-3.720255716370731
584,2,0.0,0.0,0.0,0.0,0.0
584,3,0.0,0.0,0.0,0.0,0.0
584,4,0.0,0.0,0.0,0.0,0.0
585,0,0.0,-1.6813748269065787,0.0,0.0,0.0
585,1,0.0,0.0,0.0,0.0,-3.722800160026783
585,2,0.0,0.0,0.0,0.0,0.0
585,3,0.0,0.0,0.0,0.0,0.0
585,4,0.0,0.0,0.0,0.0,0.0
586,0,0.0,-1.6847542358701928,0.0,0.0,0.0
586,1,0.0,0.0,0.0,0.0,-3.72533858735252
586,2,0.0,0.0,0.0,0.0,0.0
586,3,0.0,0.0,0.0,0.0,0.0
586,4,0.0,0.0,0.0,0.0,0.0
587,0,0.0,-1.6881307377929349,0.0,0.0,0.0
587,1,0.0,0.0,0.0,0.0,-3.7278710185122574
587,2,0.0,0.0,0.0,0.0,0.0
587,3,0.0,0.0,0.0,0.0,0.0
587,4,0.0,0.0,0.0,0.0,0.0
588,0,0.0,-1.6915043269886891,0.0,0.0,0.0
588,1,0.0,0.0,0.0,0.0,-3.730397473572142
588,2,0.0,0.0,0.0,0.0,0.0
588,3,0.0,0.0,0.0,0.0,0.0
588,4,0.0,0.0,0.0,0.0,0.0
589,0,0.0,-1.6948749978281896,0.0,0.0,0.0
589,1,0.0,0.0,0.0,0.0,-3.7329179725008648
589,2,0.0,0.0,0.0,0.0,0.0
589,3,0.0,0.0,0.0,0.0,0.0
589,4,0.0,0.0,0.0,0.0,0.0
590,0,0.0,-1.6982427447445154,0.0,0.0,0.0
590,1,0.0,0.0,0.0,0.0,-3.735432535286274
590,2,0.0,0.0,0.0,0.0,0.0
590,3,0.0,0.0,0.0,0.0,0.0
590,4,0.0,0.0,0.0,0.0,0.0
591,0,0.0,-1.7016075622320543,0.0,0.0,0.0
591,1,0.0,0.0,0.0,0.0,-3.737941182027594
591,2,0.0,0.0,0.0,0.0,0.0
591,3,0.0,0.0,0.0,0.0,0.0
591,4,0.0,0.0,0.0,0.0,0.0
592,0,0.0,-1.704969444846779,0.0,0.0,0.0
592,1,0.0,0.0,0.0,0.0,-3.740443932727809
592,2,0.0,0.0,0.0,0.0,0.0
592,3,0.0,0.0,0.0,0.0,0.0
592,4,0.0,0.0,0.0,0.0,0.0
593,0,0.0,-1.7083283872075168,0.0,0.0,0.0
593,1,0.0,0.0,0.0,0.0,-3.742940807290036
593,2,0.0,0.0,0.0,0.0,0.0
593,3,0.0,0.0,0.0,0.0,0.0
593,4,0.0,0.0,0.0,0.0,0.0
594,0,0.0,-1.7116843839943983,0.0,0.0,0.0
594,1,0.0,0.0,0.0,0.0,-3.745431825518278
594,2,0.0,0.0,0.0,0.0,0.0
594,3,0.0,0.0,0.0,0.0,0.0
594,4,0.0,0.0,0.0,0.0,0.0
595,0,0.0,-1.7150374299461797,0.0,0.0,0.0
595,1,0.0,0.0,0.0,0.0,-3.747917007118183
595,2,0.0,0.0,0.0,0.0,0.0
595,3,0.0,0.0,0.0,0.0,0.0
595,4,0.0,0.0,0.0,0.0,0.0
596,0,0.0,-1.7183875198606107,0.0,0.0,0.0
596,1,0.0,0.0,0.0,0.0,-3.7503963716977786
596,2,0.0,0.0,0.0,0.0,0.0
596,3,0.0,0.0,0.0,0.0,0.0
596,4,0.0,0.0,0.0,0.0,0.0
597,0,0.0,-1.7217346485940836,0.0,0.0,0.0
597,1,0.0,0.0,0.0,0.0,-3.7528699387682134
597,2,0.0,0.0,0.0,0.0,0.0
597,3,0.0,0.0,0.0,0.0,0.0
597,4,0.0,0.0,0.0,0.0,0.0
598,0,0.0,-1.7250788110612627,0.0,0.0,0.0
598,1,0.0,0.0,0.0,0.0,-3.7553377277444833
598,2,0.0,0.0,0.0,0.0,0.0
598,3,0.0,0.0,0.0,0.0,0.0
598,4,0.0,0.0,0.0,0.0,0.0
599,0,0.0,-1.7284200022346798,0.0,0.0,0.0
599,1,0.0,0.0,0.0,0.0,-3.757799757946149
599,2,0.0,0.0,0.0,0.0,0.0
599,3,0.0,0.0,0.0,0.0,0.0
599,4,0.0,0.0,0.0,0.0,0.0
600,0,0.0,-1.731758217141659,0.0,0.0,0.0
600,1,0.0,0.0,0.0,0.0,-3.760256048598049
600,2,0.0,0.0,0.0,0.0,0.0
600,3,0.0,0.0,0.0,0.0,0.0
600,4,0.0,0.0,0.0,0.0,0.0
601,0,0.0,-1.7350934508650386,0.0,0.0,0.0
601,1,0.0,0.0,0.0,0.0,-3.762706618831006
601,2,0.0,0.0,0.0,0.0,0.0
601,3,0.0,0.0,0.0,0.0,0.0
601,4,0.0,0.0,0.0,0.0,0.0
602,0,0.0,-1.7384256985492976,0.0,0.0,0.0
602,1,0.0,0.0,0.0,0.0,-3.765151487682522
602,2,0.0,0.0,0.0,0.0,0.0
602,3,0.0,0.0,0.0,0.0,0.0
602,4,0.0,0.0,0.0,0.0,0.0
603,0,0.0,-1.7417549554025056,0.0,0.0,0.0
603,1,0.0,0.0,0.0,0.0,-3.76759067409747
603,2,0.0,0.0,0.0,0.0,0.0
603,3,0.0,0.0,0.0,0.0,0.0
603,4,0.0,0.0,0.0,0.0,0.0
604,0,0.0,-1.745081216689598,0.0,0.0,0.0
604,1,0.0,0.0,0.0,0.0,-3.770024196941305
604,2,0.0,0.0,0.0,0.0,0.0
604,3,0.0,0.0,0.0,0.0,0.0
604,4,0.0,0.0,0.0,0.0,0.0
605,0,0.0,-1.748404477731362,0.0,0.0,0.0
605,1,0.0,0.0,0.0,0.0,-3.7724520752037747
605,2,0.0,0.0,0.0,0.0,0.0
605,3,0.0,0.0,0.0,0.0,0.0
605,4,0.0,0.0,0.0,0.0,0.0
606,0,0.0,-1.7517247339049413,0.0,0.0,0.0
606,1,0.0,0.0,0.0,0.0,-3.7748743278583623
606,2,0.0,0.0,0.0,0.0,0.0
606,3,0.0,0.0,0.0,0.0,0.0
606,4,0.0,0.0,0.0,0.0,0.0
607,0,0.0,-1.7550419806471187,0.0,0.0,0.0
607,1,0.0,0.0,0.0,0.0,-3.777290973783805
607,2,0.0,0.0,0.0,0.0,0.0
607,3,0.0,0.0,0.0,0.0,0.0
607,4,0.0,0.0,0.0,0.0,0.0
608,0,0.0,-1.7583562134494206,0.0,0.0,0.0
608,1,0.0,0.0,0.0,0.0,-3.779702031764816
608,2,0.0,0.0,0.0,0.0,0.0
608,3,0.0,0.0,0.0,0.0,0.0
608,4,0.0,0.0,0.0,0.0,0.0
609,0,0.0,-1.7616674278604656,0.0,0.0,0.0
609,1,0.0,0.0,0.0,0.0,-3.78210752049278
609,2,0.0,0.0,0.0,0.0,0.0
609,3,0.0,0.0,0.0,0.0,0.0
609,4,0.0,0.0,0.0,0.0,0.0
610,0,0.0,-1.764975619483443,0.0,0.0,0.0
610,1,0.0,0.0,0.0,0.0,-3.7845074585664733
610,2,0.0,0.0,0.0,0.0,0.0
610,3,0.0,0.0,0.0,0.0,0.0
610,4,0.0,0.0,0.0,0.0,0.0
611,0,0.0,-1.7682807839760306,0.0,0.0,0.0
611,1,0.0,0.0,0.0,0.0,-3.786901864492744
611,2,0.0,0.0,0.0,0.0,0.0
611,3,0.0,0.0,0.0,0.0,0.0
611,4,0.0,0.0,0.0,0.0,0.0
612,0,0.0,-1.77158291705516,0.0,0.0,0.0
612,1,0.0,0.0,0.0,0.0,-3.7892907566872056
612,2,0.0,0.0,0.0,0.0,0.0
612,3,0.0,0.0,0.0,0.0,0.0
612,4,0.0,0.0,0.0,0.0,0.0
613,0,0.0,-1.7748820144951463,0.0,0.0,0.0
613,1,0.0,0.0,0.0,0.0,-3.7916741534749154
613,2,0.0,0.0,0.0,0.0,0.0
613,3,0.0,0.0,0.0,0.0,0.0
613,4,0.0,0.0,0.0,0.0,0.0
614,0,0.0,-1.7781780721239184,0.0,0.0,0.0
614,1,0.0,0.0,0.0,0.0,-3.794052073091047
614,2,0.0,0.0,0.0,0.0,0.0
614,3,0.0,0.0,0.0,0.0,0.0
614,4,0.0,0.0,0.0,0.0,0.0
615,0,0.0,-1.7814710858193052,0.0,0.0,0.0
615,1,0.0,0.0,0.0,0.0,-3.7964245336815567
615,2,0.0,0.0,0.0,0.0,0.0
615,3,0.0,0.0,0.0,0.0,0.0
615,4,0.0,0.0,0.0,0.0,0.0
616,0,0.0,-1.7847610515066794,0.0,0.0,0.0
616,1,0.0,0.0,0.0,0.0,-3.7987915533038437
616,2,0.0,0.0,0.0,0.0,0.0
616,3,0.0,0.0,0.0,0.0,0.0
616,4,0.0,0.0,0.0,0.0,0.0
617,0,0.0,-1.7880479651624541,0.0,0.0,0.0
617,1,0.0,0.0,0.0,0.0,-3.8011531499273996
617,2,0.0,0.0,0.0,0.0,0.0
617,3,0.0,0.0,0.0,0.0,0.0
617,4,0.0,0.0,0.0,0.0,0.0
618,0,0.0,-1.7913318228148358,0.0,0.0,0.0
618,1,0.0,0.0,0.0,0.0,-3.8035093414344554
618,2,0.0,0.0,0.0,0.0,0.0
618,3,0.0,0.0,0.0,0.0,0.0
618,4,0.0,0.0,0.0,0.0,0.0
619,0,0.0,-1.7946126205434234,0.0,0.0,0.0
619,1,0.0,0.0,0.0,0.0,-3.8058601456206227
619,2,0.0,0.0,0.0,0.0,0.0
619,3,0.0,0.0,0.0,0.0,0.0
619,4,0.0,0.0,0.0,0.0,0.0
620,0,0.0,-1.7978903544791087,0.0,0.0,0.0
620,1,0.0,0.0,0.0,0.0,-3.808205580336838
620,2,0.0,0.0,0.0,0.0,0.0
620,3,0.0,0.0,0.0,0.0,0.0
620,4,0.0,0.0,0.0,0.0,0.0
621,0,0.0,-1.801165020808506,0.0,0.0,0.0
621,1,0.0,0.0,0.0,0.0,-3.8105456634893047
621,2,0.0,0.0,0.0,0.0,0.0
621,3,0.0,0.0,0.0,0.0,0.0
621,4,0.0,0.0,0.0,0.0,0.0
622,0,0.0,-1.8044366157704672,0.0,0.0,0.0
622,1,0.0,0.0,0.0,0.0,-3.81288041289512
622,2,0.0,0.0,0.0,0.0,0.0
622,3,0.0,0.0,0.0,0.0,0.0
622,4,0.0,0.0,0.0,0.0,0.0
623,0,0.0,-1.8077051356544824,0.0,0.0,0.0
623,1,0.0,0.0,0.0,0.0,-3.8152098462829387
623,2,0.0,0.0,0.0,0.0,0.0
623,3,0.0,0.0,0.0,0.0,0.0
623,4,0.0,0.0,0.0,0.0,0.0
624,0,0.0,-1.8109705768007207,0.0,0.0,0.0
624,1,0.0,0.0,0.0,0.0,-3.8175339812936406
624,2,0.0,0.0,0.0,0.0,0.0
624,3,0.0,0.0,0.0,0.0,0.0
624,4,0.0,0.0,0.0,0.0,0.0
625,0,0.0,-1.814232935596059,0.0,0.0,0.0
625,1,0.0,0.0,0.0,0.0,-3.8198528354809786
625,2,0.0,0.0,0.0,0.0,0.0
625,3,0.0,0.0,0.0,0.0,0.0
625,4,0.0,0.0,0.0,0.0,0.0
626,0,0.0,-1.8174922084782432,0.0,0.0,0.0
626,1,0.0,0.0,0.0,0.0,-3.8221664263122315
626,2,0.0,0.0,0.0,0.0,0.0
626,3,0.0,0.0,0.0,0.0,0.0
626,4,0.0,0.0,0.0,0.0,0.0
627,0,0.0,-1.8207483919341807,0.0,0.0,0.0
627,1,0.0,0.0,0.0,0.0,-3.824474771168839
627,2,0.0,0.0,0.0,0.0,0.0
627,3,0.0,0.0,0.0,0.0,0.0
627,4,0.0,0.0,0.0,0.0,0.0
628,0,0.0,-1.8240014825010955,0.0,0.0,0.0
628,1,0.0,0.0,0.0,0.0,-3.82677788734704
628,2,0.0,0.0,0.0,0.0,0.0
628,3,0.0,0.0,0.0,0.0,0.0
628,4,0.0,0.0,0.0,0.0,0.0
629,0,0.0,-1.8272514767727277,0.0,0.0,0.0
629,1,0.0,0.0,0.0,0.0,-3.8290757920585046
629,2,0.0,0.0,0.0,0.0,0.0
629,3,0.0,0.0,0.0,0.0,0.0
629,4,0.0,0.0,0.0,0.0,0.0
630,0,0.0,-1.8304983713943261,0.0,0.0,0.0
630,1,0.0,0.0,0.0,0.0,-3.831368502430946
630,2,0.0,0.0,0.0,0.0,0.0
630,3,0.0,0.0,0.0,0.0,0.0
630,4,0.0,0.0,0.0,0.0,0.0
631,0,0.0,-1.833742163058843,0.0,0.0,0.0
631,1,0.0,0.0,0.0,0.0,-3.833656035508742
631,2,0.0,0.0,0.0,0.0,0.0
631,3,0.0,0.0,0.0,0.0,0.0
631,4,0.0,0.0,0.0,0.0,0.0
632,0,0.0,-1.8369828485067188,0.0,0.0,0.0
632,1,0.0,0.0,0.0,0.0,-3.8359384082535417
632,2,0.0,0.0,0.0,0.0,0.0
632,3,0.0,0.0,0.0,0.0,0.0
632,4,0.0,0.0,0.0,0.0,0.0
633,0,0.0,-1.8402204245267515,0.0,0.0,0.0
633,1,0.0,0.0,0.0,0.0,-3.8382156375448737
633,2,0.0,0.0,0.0,0.0,0.0
633,3,0.0,0.0,0.0,0.0,0.0
633,4,0.0,0.0,0.0,0.0,0.0
634,0,0.0,-1.8434548879552903,0.0,0.0,0.0
634,1,0.0,0.0,0.0,0.0,-3.8404877401807336
634,2,0.0,0.0,0.0,0.0,0.0
634,3,0.0,0.0,0.0,0.0,0.0
634,4,0.0,0.0,0.0,0.0,0.0
635,0,0.0,-1.8466862356756302,0.0,0.0,0.0
635,1,0.0,0.0,0.0,0.0,-3.842754732878183
635,2,0.0,0.0,0.0,0.0,0.0
635,3,0.0,0.0,0.0,0.0,0.0
635,4,0.0,0.0,0.0,0.0,0.0
636,0,0.0,-1.8499144646171373,0.0,0.0,0.0
636,1,0.0,0.0,0.0,0.0,-3.8450166323838695
636,2,0.0,0.0,0.0,0.0,0.0
636,3,0.0,0.0,0.0,0.0,0.0
636,4,0.0,0.0,0.0,0.0,0.0
637,0,0.0,-1.8531395717564487,0.0,0.0,0.0
637,1,0.0,0.0,0.0,0.0,-3.8472734555151913
637,2,0.0,0.0,0.0,0.0,0.0
637,3,0.0,0.0,0.0,0.0,0.0
637,4,0.0,0.0,0.0,0.0,0.0
638,0,0.0,-1.8563615541173528,0.0,0.0,0.0
638,1,0.0,0.0,0.0,0.0,-3.8495252190074045
638,2,0.0,0.0,0.0,0.0,0.0
638,3,0.0,0.0,0.0,0.0,0.0
638,4,0.0,0.0,0.0,0.0,0.0
639,0,0.0,-1.8595804087682084,0.0,0.0,0.0
639,1,0.0,0.0,0.0,0.0,-3.851771939513235
639,2,0.0,0.0,0.0,0.0,0.0
639,3,0.0,0.0,0.0,0.0,0.0
639,4,0.0,0.0,0.0,0.0,0.0
640,0,0.0,-1.8627961328220561,0.0,0.0,0.0
640,1,0.0,0.0,0.0,0.0,-3.854013633603491
640,2,0.0,0.0,0.0,0.0,0.0
640,3,0.0,0.0,0.0,0.0,0.0
640,4,0.0,0.0,0.0,0.0,0.0
641,0,0.0,-1.8660087234388363,0.0,0.0,0.0
641,1,0.0,0.0,0.0,0.0,-3.856250317767664
641,2,0.0,0.0,0.0,0.0,0.0
641,3,0.0,0.0,0.0,0.0,0.0
641,4,0.0,0.0,0.0,0.0,0.0
642,0,0.0,-1.8692181778266244,0.0,0.0,0.0
642,1,0.0,0.0,0.0,0.0,-3.858482008414529
642,2,0.0,0.0,0.0,0.0,0.0
642,3,0.0,0.0,0.0,0.0,0.0
642,4,0.0,0.0,0.0,0.0,0.0
643,0,0.0,-1.872424493237668,0.0,0.0,0.0
643,1,0.0,0.0,0.0,0.0,-3.860708721872732
643,2,0.0,0.0,0.0,0.0,0.0
643,3,0.0,0.0,0.0,0.0,0.0
643,4,0.0,0.0,0.0,0.0,0.0
644,0,0.0,-1.8756276669710812,0.0,0.0,0.0
644,1,0.0,0.0,0.0,0.0,-3.8629304743913826
644,2,0.0,0.0,0.0,0.0,0.0
644,3,0.0,0.0,0.0,0.0,0.0
644,4,0.0,0.0,0.0,0.0,0.0
645,0,0.0,-1.8788276963761086,0.0,0.0,0.0
645,1,0.0,0.0,0.0,0.0,-3.8651472821406205
645,2,0.0,0.0,0.0,0.0,0.0
645,3,0.0,0.0,0.0,0.0,0.0
645,4,0.0,0.0,0.0,0.0,0.0
646,0,0.0,-1.882024578843992,0.0,0.0,0.0
646,1,0.0,0.0,0.0,0.0,-3.867359161212205
646,2,0.0,0.0,0.0,0.0,0.0
646,3,0.0,0.0,0.0,0.0,0.0
646,4,0.0,0.0,0.0,0.0,0.0
647,0,0.0,-1.8852183118086516,0.0,0.0,0.0
647,1,0.0,0.0,0.0,0.0,-3.869566127620066
647,2,0.0,0.0,0.0,0.0,0.0
647,3,0.0,0.0,0.0,0.0,0.0
647,4,0.0,0.0,0.0,0.0,0.0
648,0,0.0,-1.8884088927473426,0.0,0.0,0.0
648,1,0.0,0.0,0.0,0.0,-3.871768197300885
648,2,0.0,0.0,0.0,0.0,0.0
648,3,0.0,0.0,0.0,0.0,0.0
648,4,0.0,0.0,0.0,0.0,0.0
649,0,0.0,-1.8915963191789618,0.0,0.0,0.0
649,1,0.0,0.0,0.0,0.0,-3.8739653861146364
649,2,0.0,0.0,0.0,0.0,0.0
649,3,0.0,0.0,0.0,0.0,0.0
649,4,0.0,0.0,0.0,0.0,0.0
650,0,0.0,-1.8947805886652462,0.0,0.0,0.0
650,1,0.0,0.0,0.0,0.0,-3.876157709845146
650,2,0.0,0.0,0.0,0.0,0.0
650,3,0.0,0.0,0.0,0.0,0.0
650,4,0.0,0.0,0.0,0.0,0.0
651,0,0.0,-1.8979616988099806,0.0,0.0,0.0
651,1,0.0,0.0,0.0,0.0,-3.878345184200635
651,2,0.0,0.0,0.0,0.0,0.0
651,3,0.0,0.0,0.0,0.0,0.0
651,4,0.0,0.0,0.0,0.0,0.0
652,0,0.0,-1.901139647257947,0.0,0.0,0.0
652,1,0.0,0.0,0.0,0.0,-3.880527824814263
652,2,0.0,0.0,0.0,0.0,0.0
652,3,0.0,0.0,0.0,0.0,0.0
652,4,0.0,0.0,0.0,0.0,0.0
653,0,0.0,-1.904314431694594,0.0,0.0,0.0
653,1,0.0,0.0,0.0,0.0,-3.8827056473597827
653,2,0.0,0.0,0.0,0.0,0.0
653,3,0.0,0.0,0.0,0.0,0.0
653,4,0.0,0.0,0.0,0.0,0.0
654,0,0.0,-1.9074860498493407,0.0,0.0,0.0
654,1,0.0,0.0,0.0,0.0,-3.8848786675631852
654,2,0.0,0.0,0.0,0.0,0.0
654,3,0.0,0.0,0.0,0.0,0.0
654,4,0.0,0.0,0.0,0.0,0.0
655,0,0.0,-1.910654499494287,0.0,0.0,0.0
655,1,0.0,0.0,0.0,0.0,-3.887046901073537
655,2,0.0,0.0,0.0,0.0,0.0
655,3,0.0,0.0,0.0,0.0,0.0
655,4,0.0,0.0,0.0,0.0,0.0
656,0,0.0,-1.9138197784413815,0.0,0.0,0.0
656,1,0.0,0.0,0.0,0.0,-3.8892103634634427
656,2,0.0,0.0,0.0,0.0,0.0
656,3,0.0,0.0,0.0,0.0,0.0
656,4,0.0,0.0,0.0,0.0,0.0
657,0,0.0,-1.916981884542211,0.0,0.0,0.0
657,1,0.0,0.0,0.0,0.0,-3.891369070229604
657,2,0.0,0.0,0.0,0.0,0.0
657,3,0.0,0.0,0.0,0.0,0.0
657,4,0.0,0.0,0.0,0.0,0.0
658,0,0.0,-1.9201408156943007,0.0,0.0,0.0
658,1,0.0,0.0,0.0,0.0,-3.893523036793371
658,2,0.0,0.0,0.0,0.0,0.0
658,3,0.0,0.0,0.0,0.0,0.0
658,4,0.0,0.0,0.0,0.0,0.0
659,0,0.0,-1.9232965698383004,0.0,0.0,0.0
659,1,0.0,0.0,0.0,0.0,-3.895672278501285
659,2,0.0,0.0,0.0,0.0,0.0
659,3,0.0,0.0,0.0,0.0,0.0
659,4,0.0,0.0,0.0,0.0,0.0
660,0,0.0,-1.926449144954952,0.0,0.0,0.0
660,1,0.0,0.0,0.0,0.0,-3.89781681062562
660,2,0.0,0.0,0.0,0.0,0.0
660,3,0.0,0.0,0.0,0.0,0.0
660,4,0.0,0.0,0.0,0.0,0.0
661,0,0.0,-1.929598539064632,0.0,0.0,0.0
661,1,0.0,0.0,0.0,0.0,-3.8999566483649186
661,2,0.0,0.0,0.0,0.0,0.0
661,3,0.0,0.0,0.0,0.0,0.0
661,4,0.0,0.0,0.0,0.0,0.0
662,0,0.0,-1.9327447502271793,0.0,0.0,0.0
662,1,0.0,0.0,0.0,0.0,-3.902091806844519
662,2,0.0,0.0,0.0,0.0,0.0
662,3,0.0,0.0,0.0,0.0,0.0
662,4,0.0,0.0,0.0,0.0,0.0
663,0,0.0,-1.9358877765430627,0.0,0.0,0.0
663,1,0.0,0.0,0.0,0.0,-3.9042223011170827
663,2,0.0,0.0,0.0,0.0,0.0
663,3,0.0,0.0,0.0,0.0,0.0
663,4,0.0,0.0,0.0,0.0,0.0
664,0,0.0,-1.9390276161542084,0.0,0.0,0.0
664,1,0.0,0.0,0.0,0.0,-3.906348146163111
664,2,0.0,0.0,0.0,0.0,0.0
664,3,0.0,0.0,0.0,0.0,0.0
664,4,0.0,0.0,0.0,0.0,0.0
665,0,0.0,-1.9421642672453887,0.0,0.0,0.0
665,1,0.0,0.0,0.0,0.0,-3.9084693568914584
665,2,0.0,0.0,0.0,0.0,0.0
665,3,0.0,0.0,0.0,0.0,0.0
665,4,0.0,0.0,0.0,0.0,0.0
666,0,0.0,-1.9452977280383026,0.0,0.0,0.0
666,1,0.0,0.0,0.0,0.0,-3.910585948139846
666,2,0.0,0.0,0.0,0.0,0.0
666,3,0.0,0.0,0.0,0.0,0.0
666,4,0.0,0.0,0.0,0.0,0.0
667,0,0.0,-1.9484279967913614,0.0,0.0,0.0
667,1,0.0,0.0,0.0,0.0,-3.9126979346753625
667,2,0.0,0.0,0.0,0.0,0.0
667,3,0.0,0.0,0.0,0.0,0.0
667,4,0.0,0.0,0.0,0.0,0.0
668,0,0.0,-1.9515550718009242,0.0,0.0,0.0
668,1,0.0,0.0,0.0,0.0,-3.9148053311949647
668,2,0.0,0.0,0.0,0.0,0.0
668,3,0.0,0.0,0.0,0.0,0.0
668,4,0.0,0.0,0.0,0.0,0.0
669,0,0.0,-1.9546789514007643,0.0,0.0,0.0
669,1,0.0,0.0,0.0,0.0,-3.916908152325971
669,2,0.0,0.0,0.0,0.0,0.0
669,3,0.0,0.0,0.0,0.0,0.0
669,4,0.0,0.0,0.0,0.0,0.0
670,0,0.0,-1.9577996339617687,0.0,0.0,0.0
670,1,0.0,0.0,0.0,0.0,-3.919006412627745
670,2,0.0,0.0,0.0,0.0,0.0
670,3,0.0,0.0,0.0,0.0,0.0
670,4,0.0,0.0,0.0,0.0,0.0
671,0,0.0,-1.9609171178919067,0.0,0.0,0.0
671,1,0.0,0.0,0.0,0.0,-3.921100126723969
671,2,0.0,0.0,0.0,0.0,0.0
671,3,0.0,0.0,0.0,0.0,0.0
671,4,0.0,0.0,0.0,0.0,0.0
672,0,0.0,-1.964031401636423,0.0,0.0,0.0
672,1,0.0,0.0,0.0,0.0,-3.923189309258252
672,2,0.0,0.0,0.0,0.0,0.0
672,3,0.0,0.0,0.0,0.0,0.0
672,4,0.0,0.0,0.0,0.0,0.0
673,0,0.0,-1.9671424836780103,0.0,0.0,0.0
673,1,0.0,0.0,0.0,0.0,-3.925273974803319
673,2,0.0,0.0,0.0,0.0,0.0
673,3,0.0,0.0,0.0,0.0,0.0
673,4,0.0,0.0,0.0,0.0,0.0
674,0,0.0,-1.9702503625378298,0.0,0.0,0.0
674,1,0.0,0.0,0.0,0.0,-3.927354137861517
674,2,0.0,0.0,0.0,0.0,0.0
674,3,0.0,0.0,0.0,0.0,0.0
674,4,0.0,0.0,0.0,0.0,0.0
675,0,0.0,-1.9733550367735142,0.0,0.0,0.0
675,1,0.0,0.0,0.0,0.0,-3.929429812865316
675,2,0.0,0.0,0.0,0.0,0.0
675,3,0.0,0.0,0.0,0.0,0.0
675,4,0.0,0.0,0.0,0.0,0.0
676,0,0.0,-1.9764565049787535,0.0,0.0,0.0
676,1,0.0,0.0,0.0,0.0,-3.93150101417781
676,2,0.0,0.0,0.0,0.0,0.0
676,3,0.0,0.0,0.0,0.0,0.0
676,4,0.0,0.0,0.0,0.0,0.0
677,0,0.0,-1.9795547657835346,0.0,0.0,0.0
677,1,0.0,0.0,0.0,0.0,-3.9335677560932107
677,2,0.0,0.0,0.0,0.0,0.0
677,3,0.0,0.0,0.0,0.0,0.0
677,4,0.0,0.0,0.0,0.0,0.0
678,0,0.0,-1.9826498178544198,0.0,0.0,0.0
678,1,0.0,0.0,0.0,0.0,-3.93563005283734
678,2,0.0,0.0,0.0,0.0,0.0
678,3,0.0,0.0,0.0,0.0,0.0
678,4,0.0,0.0,0.0,0.0,0.0
679,0,0.0,-1.985741659893294,0.0,0.0,0.0
679,1,0.0,0.0,0.0,0.0,-3.9376879185681037
679,2,0.0,0.0,0.0,0.0,0.0
679,3,0.0,0.0,0.0,0.0,0.0
679,4,0.0,0.0,0.0,0.0,0.0
680,0,0.0,-1.988830290637045,0.0,0.0,0.0
680,1,0.0,0.0,0.0,0.0,-3.939741367375983
680,2,0.0,0.0,0.0,0.0,0.0
680,3,0.0,0.0,0.0,0.0,0.0
680,4,0.0,0.0,0.0,0.0,0.0
681,0,0.0,-1.991915708855627,0.0,0.0,0.0
681,1,0.0,0.0,0.0,0.0,-3.9417904132845023
681,2,0.0,0.0,0.0,0.0,0.0
681,3,0.0,0.0,0.0,0.0,0.0
681,4,0.0,0.0,0.0,0.0,0.0
682,0,0.0,-1.9949979133548688,0.0,0.0,0.0
682,1,0.0,0.0,0.0,0.0,-3.9438350702507043
682,2,0.0,0.0,0.0,0.0,0.0
682,3,0.0,0.0,0.0,0.0,0.0
682,4,0.0,0.0,0.0,0.0,0.0
683,0,0.0,-1.9980769029809478,0.0,0.0,0.0
683,1,0.0,0.0,0.0,0.0,-3.9458753521656105
683,2,0.0,0.0,0.0,0.0,0.0
683,3,0.0,0.0,0.0,0.0,0.0
683,4,0.0,0.0,0.0,0.0,0.0
684,0,0.0,-2.0011526766151793,0.0,0.0,0.0
684,1,0.0,0.0,0.0,0.0,-3.947911272854688
684,2,0.0,0.0,0.0,0.0,0.0
684,3,0.0,0.0,0.0,0.0,0.0
684,4,0.0,0.0,0.0,0.0,0.0
685,0,0.0,-2.0042252331725963,0.0,0.0,0.0
685,1,0.0,0.0,0.0,0.0,-3.949942846078307
685,2,0.0,0.0,0.0,0.0,0.0
685,3,0.0,0.0,0.0,0.0,0.0
685,4,0.0,0.0,0.0,0.0,0.0
686,0,0.0,-2.0072945716020922,0.0,0.0,0.0
686,1,0.0,0.0,0.0,0.0,-3.95197008553219
686,2,0.0,0.0,0.0,0.0,0.0
686,3,0.0,0.0,0.0,0.0,0.0
686,4,0.0,0.0,0.0,0.0,0.0
687,0,0.0,-2.0103606908878566,0.0,0.0,0.0
687,1,0.0,0.0,0.0,0.0,-3.953993004847861
687,2,0.0,0.0,0.0,0.0,0.0
687,3,0.0,0.0,0.0,0.0,0.0
687,4,0.0,0.0,0.0,0.0,0.0
688,0,0.0,-2.013423590047359,0.0,0.0,0.0
688,1,0.0,0.0,0.0,0.0,-3.956011617593095
688,2,0.0,0.0,0.0,0.0,0.0
688,3,0.0,0.0,0.0,0.0,0.0
688,4,0.0,0.0,0.0,0.0,0.0
689,0,0.0,-2.016483268129603,0.0,0.0,0.0
689,1,0.0,0.0,0.0,0.0,-3.958025937277687
689,2,0.0,0.0,0.0,0.0,0.0
689,3,0.0,0.0,0.0,0.0,0.0
689,4,0.0,0.0,0.0,0.0,0.0
690,0,0.0,-2.019539724219391,0.0,0.0,0.0
690,1,0.0,0.0,0.0,0.0,-3.9600359774879563
690,2,0.0,0.0,0.0,0.0,0.0
690,3,0.0,0.0,0.0,0.0,0.0
690,4,0.0,0.0,0.0,0.0,0.0
691,0,0.0,-2.022592957436251,0.0,0.0,0.0
691,1,0.0,0.0,0.0,0.0,-3.962041751807258
691,2,0.0,0.0,0.0,0.0,0.0
691,3,0.0,0.0,0.0,0.0,0.0
691,4,0.0,0.0,0.0,0.0,0.0
692,0,0.0,-2.0256429669365104,0.0,0.0,0.0
692,1,0.0,0.0,0.0,0.0,-3.96404327375409
692,2,0.0,0.0,0.0,0.0,0.0
692,3,0.0,0.0,0.0,0.0,0.0
692,4,0.0,0.0,0.0,0.0,0.0
693,0,0.0,-2.0286897519101483,0.0,0.0,0.0
693,1,0.0,0.0,0.0,0.0,-3.9660405567825445
693,2,0.0,0.0,0.0,0.0,0.0
693,3,0.0,0.0,0.0,0.0,0.0
693,4,0.0,0.0,0.0,0.0,0.0
694,0,0.0,-2.031733311579062,0.0,0.0,0.0
694,1,0.0,0.0,0.0,0.0,-3.9680336142827692
694,2,0.0,0.0,0.0,0.0,0.0
694,3,0.0,0.0,0.0,0.0,0.0
694,4,0.0,0.0,0.0,0.0,0.0
695,0,0.0,-2.0347736451962355,0.0,0.0,0.0
695,1,0.0,0.0,0.0,0.0,-3.9700224595814047
695,2,0.0,0.0,0.0,0.0,0.0
695,3,0.0,0.0,0.0,0.0,0.0
695,4,0.0,0.0,0.0,0.0,0.0
696,0,0.0,-2.037810752046119,0.0,0.0,0.0
696,1,0.0,0.0,0.0,0.0,-3.9720071059420343
696,2,0.0,0.0,0.0,0.0,0.0
696,3,0.0,0.0,0.0,0.0,0.0
696,4,0.0,0.0,0.0,0.0,0.0
697,0,0.0,-2.0408446314445774,0.0,0.0,0.0
697,1,0.0,0.0,0.0,0.0,-3.973987566565621
697,2,0.0,0.0,0.0,0.0,0.0
697,3,0.0,0.0,0.0,0.0,0.0
697,4,0.0,0.0,0.0,0.0,0.0
698,0,0.0,-2.0438752827404842,0.0,0.0,0.0
698,1,0.0,0.0,0.0,0.0,-3.9759638545909453
698,2,0.0,0.0,0.0,0.0,0.0
698,3,0.0,0.0,0.0,0.0,0.0
698,4,0.0,0.0,0.0,0.0,0.0
699,0,0.0,-2.0469027053154187,0.0,0.0,0.0
699,1,0.0,0.0,0.0,0.0,-3.977935983095033
699,2,0.0,0.0,0.0,0.0,0.0
699,3,0.0,0.0,0.0,0.0,0.0
699,4,0.0,0.0,0.0,0.0,0.0
700,0,0.0,-2.0499268985817167,0.0,0.0,0.0
700,1,0.0,0.0,0.0,0.0,-3.979903965093581
700,2,0.0,0.0,0.0,0.0,0.0
700,3,0.0,0.0,0.0,0.0,0.0
700,4,0.0,0.0,0.0,0.0,0.0
701,0,0.0,-2.0529478619820956,0.0,0.0,0.0
701,1,0.0,0.0,0.0,0.0,-3.9818678135413887
701,2,0.0,0.0,0.0,0.0,0.0
701,3,0.0,0.0,0.0,0.0,0.0
701,4,0.0,0.0,0.0,0.0,0.0
702,0,0.0,-2.0559655949894906,0.0,0.0,0.0
702,1,0.0,0.0,0.0,0.0,-3.9838275413327677
702,2,0.0,0.0,0.0,0.0,0.0
702,3,0.0,0.0,0.0,0.0,0.0
702,4,0.0,0.0,0.0,0.0,0.0
703,0,0.0,-2.058980097107265,0.0,0.0,0.0
703,1,0.0,0.0,0.0,0.0,-3.985783161301965
703,2,0.0,0.0,0.0,0.0,0.0
703,3,0.0,0.0,0.0,0.0,0.0
703,4,0.0,0.0,0.0,0.0,0.0
704,0,0.0,-2.061991367869005,0.0,0.0,0.0
704,1,0.0,0.0,0.0,0.0,-3.987734686223565
704,2,0.0,0.0,0.0,0.0,0.0
704,3,0.0,0.0,0.0,0.0,0.0
704,4,0.0,0.0,0.0,0.0,0.0
705,0,0.0,-2.0649994068386217,0.0,0.0,0.0
705,1,0.0,0.0,0.0,0.0,-3.989682128812911
705,2,0.0,0.0,0.0,0.0,0.0
705,3,0.0,0.0,0.0,0.0,0.0
705,4,0.0,0.0,0.0,0.0,0.0
706,0,0.0,-2.0680042136093135,0.0,0.0,0.0
706,1,0.0,0.0,0.0,0.0,-3.9916255017264946
706,2,0.0,0.0,0.0,0.0,0.0
706,3,0.0,0.0,0.0,0.0,0.0
706,4,0.0,0.0,0.0,0.0,0.0
707,0,0.0,-2.071005787803318,0.0,0.0,0.0
707,1,0.0,0.0,0.0,0.0,-3.993564817562367
707,2,0.0,0.0,0.0,0.0,0.0
707,3,0.0,0.0,0.0,0.0,0.0
707,4,0.0,0.0,0.0,0.0,0.0
708,0,0.0,-2.0740041290716915,0.0,0.0,0.0
708,1,0.0,0.0,0.0,0.0,-3.995500088860529
708,2,0.0,0.0,0.0,0.0,0.0
708,3,0.0,0.0,0.0,0.0,0.0
708,4,0.0,0.0,0.0,0.0,0.0
709,0,0.0,-2.0769992370940953,0.0,0.0,0.0
709,1,0.0,0.0,0.0,0.0,-3.997431328109592
709,2,0.0,0.0,0.0,0.0,0.0
709,3,0.0,0.0,0.0,0.0,0.0
709,4,0.0,0.0,0.0,0.0,0.0
710,0,0.0,-2.0799911115785994,0.0,0.0,0.0
710,1,0.0,0.0,0.0,0.0,-3.9993585478717364
710,2,0.0,0.0,0.0,0.0,0.0
710,3,0.0,0.0,0.0,0.0,0.0
710,4,0.0,0.0,0.0,0.0,0.0
711,0,0.0,-2.0829797522623172,0.0,0.0,0.0
711,1,0.0,0.0,0.0,0.0,-4.001281760702586
711,2,0.0,0.0,0.0,0.0,0.0
711,3,0.0,0.0,0.0,0.0,0.0
711,4,0.0,0.0,0.0,0.0,0.0
712,0,0.0,-2.085965158910101,0.0,0.0,0.0
712,1,0.0,0.0,0.0,0.0,-4.003200979098738
712,2,0.0,0.0,0.0,0.0,0.0
712,3,0.0,0.0,0.0,0.0,0.0
712,4,0.0,0.0,0.0,0.0,0.0
713,0,0.0,-2.0889473313155817,0.0,0.0,0.0
713,1,0.0,0.0,0.0,0.0,-4.005116215498159
713,2,0.0,0.0,0.0,0.0,0.0
713,3,0.0,0.0,0.0,0.0,0.0
713,4,0.0,0.0,0.0,0.0,0.0
714,0,0.0,-2.0919262693025535,0.0,0.0,0.0
714,1,0.0,0.0,0.0,0.0,-4.007027482280595
714,2,0.0,0.0,0.0,0.0,0.0
714,3,0.0,0.0,0.0,0.0,0.0
714,4,0.0,0.0,0.0,0.0,0.0
715,0,0.0,-2.094901972725206,0.0,0.0,0.0
715,1,0.0,0.0,0.0,0.0,-4.008934791767968
715,2,0.0,0.0,0.0,0.0,0.0
715,3,0.0,0.0,0.0,0.0,0.0
715,4,0.0,0.0,0.0,0.0,0.0
716,0,0.0,-2.097874441465298,0.0,0.0,0.0
716,1,0.0,0.0,0.0,0.0,-4.01083815622477
716,2,0.0,0.0,0.0,0.0,0.0
716,3,0.0,0.0,0.0,0.0,0.0
716,4,0.0,0.0,0.0,0.0,0.0
717,0,0.0,-2.1008436754310145,0.0,0.0,0.0
717,1,0.0,0.0,0.0,0.0,-4.0127375878584575
717,2,0.0,0.0,0.0,0.0,0.0
717,3,0.0,0.0,0.0,0.0,0.0
717,4,0.0,0.0,0.0,0.0,0.0
718,0,0.0,-2.103809674558064,0.0,0.0,0.0
718,1,0.0,0.0,0.0,0.0,-4.014633098819842
718,2,0.0,0.0,0.0,0.0,0.0
718,3,0.0,0.0,0.0,0.0,0.0
718,4,0.0,0.0,0.0,0.0,0.0
719,0,0.0,-2.106772438811263,0.0,0.0,0.0
719,1,0.0,0.0,0.0,0.0,-4.01652470120347
719,2,0.0,0.0,0.0,0.0,0.0
719,3,0.0,0.0,0.0,0.0,0.0
719,4,0.0,0.0,0.0,0.0,0.0
720,0,0.0,-2.109731968181169,0.0,0.0,0.0
720,1,0.0,0.0,0.0,0.0,-4.018412407048005
720,2,0.0,0.0,0.0,0.0,0.0
720,3,0.0,0.0,0.0,0.0,0.0
720,4,0.0,0.0,0.0,0.0,0.0
721,0,0.0,-2.1126882626843946,0.0,0.0,0.0
721,1,0.0,0.0,0.0,0.0,-4.020296228336612
721,2,0.0,0.0,0.0,0.0,0.0
721,3,0.0,0.0,0.0,0.0,0.0
721,4,0.0,0.0,0.0,0.0,0.0
722,0,0.0,-2.115641322364899,0.0,0.0,0.0
722,1,0.0,0.0,0.0,0.0,-4.022176176997323
722,2,0.0,0.0,0.0,0.0,0.0
722,3,0.0,0.0,0.0,0.0,0.0
722,4,0.0,0.0,0.0,0.0,0.0
723,0,0.0,-2.118591147293445,0.0,0.0,0.0
723,1,0.0,0.0,0.0,0.0,-4.0240522649034185
723,2,0.0,0.0,0.0,0.0,0.0
723,3,0.0,0.0,0.0,0.0,0.0
723,4,0.0,0.0,0.0,0.0,0.0
724,0,0.0,-2.1215377375684703,0.0,0.0,0.0
724,1,0.0,0.0,0.0,0.0,-4.025924503873782
724,2,0.0,0.0,0.0,0.0,0.0
724,3,0.0,0.0,0.0,0.0,0.0
724,4,0.0,0.0,0.0,0.0,0.0
725,0,0.0,-2.124481093314873,0.0,0.0,0.0
725,1,0.0,0.0,0.0,0.0,-4.027792905673277
725,2,0.0,0.0,0.0,0.0,0.0
725,3,0.0,0.0,0.0,0.0,0.0
725,4,0.0,0.0,0.0,0.0,0.0
726,0,0.0,-2.1274212146828178,0.0,0.0,0.0
726,1,0.0,0.0,0.0,0.0,-4.0296574820131035
726,2,0.0,0.0,0.0,0.0,0.0
726,3,0.0,0.0,0.0,0.0,0.0
726,4,0.0,0.0,0.0,0.0,0.0
727,0,0.0,-2.1303581018465185,0.0,0.0,0.0
727,1,0.0,0.0,0.0,0.0,-4.031518244551153
727,2,0.0,0.0,0.0,0.0,0.0
727,3,0.0,0.0,0.0,0.0,0.0
727,4,0.0,0.0,0.0,0.0,0.0
728,0,0.0,-2.1332917550040644,0.0,0.0,0.0
728,1,0.0,0.0,0.0,0.0,-4.033375204892371
728,2,0.0,0.0,0.0,0.0,0.0
728,3,0.0,0.0,0.0,0.0,0.0
728,4,0.0,0.0,0.0,0.0,0.0
729,0,0.0,-2.136222174379592,0.0,0.0,0.0
729,1,0.0,0.0,0.0,0.0,-4.035228374589101
729,2,0.0,0.0,0.0,0.0,0.0
729,3,0.0,0.0,0.0,0.0,0.0
729,4,0.0,0.0,0.0,0.0,0.0
730,0,0.0,-2.1391493602261296,0.0,0.0,0.0
730,1,0.0,0.0,0.0,0.0,-4.037077765142207
730,2,0.0,0.0,0.0,0.0,0.0
730,3,0.0,0.0,0.0,0.0,0.0
730,4,0.0,0.0,0.0,0.0,0.0
731,0,0.0,-2.142073312823356,0.0,0.0,0.0
731,1,0.0,0.0,0.0,0.0,-4.038923388102259
731,2,0.0,0.0,0.0,0.0,0.0
731,3,0.0,0.0,0.0,0.0,0.0
731,4,0.0,0.0,0.0,0.0,0.0
732,0,0.0,-2.144994032478954,0.0,0.0,0.0
732,1,0.0,0.0,0.0,0.0,-4.040765255037908
732,2,0.0,0.0,0.0,0.0,0.0
732,3,0.0,0.0,0.0,0.0,0.0
732,4,0.0,0.0,0.0,0.0,0.0
733,0,0.0,-2.1479115195252736,0.0,0.0,0.0
733,1,0.0,0.0,0.0,0.0,-4.042603377464317
733,2,0.0,0.0,0.0,0.0,0.0
733,3,0.0,0.0,0.0,0.0,0.0
733,4,0.0,0.0,0.0,0.0,0.0
734,0,0.0,-2.150825774319072,0.0,0.0,0.0
734,1,0.0,0.0,0.0,0.0,-4.04443776684354
734,2,0.0,0.0,0.0,0.0,0.0
734,3,0.0,0.0,0.0,0.0,0.0
734,4,0.0,0.0,0.0,0.0,0.0
735,0,0.0,-2.1537367972414025,0.0,0.0,0.0
735,1,0.0,0.0,0.0,0.0,-4.046268434584858
735,2,0.0,0.0,0.0,0.0,0.0
735,3,0.0,0.0,0.0,0.0,0.0
735,4,0.0,0.0,0.0,0.0,0.0
736,0,0.0,-2.1566445886969188,0.0,0.0,0.0
736,1,0.0,0.0,0.0,0.0,-4.048095392045146
736,2,0.0,0.0,0.0,0.0,0.0
736,3,0.0,0.0,0.0,0.0,0.0
736,4,0.0,0.0,0.0,0.0,0.0
737,0,0.0,-2.159549149113586,0.0,0.0,0.0
737,1,0.0,0.0,0.0,0.0,-4.049918650529215
737,2,0.0,0.0,0.0,0.0,0.0
737,3,0.0,0.0,0.0,0.0,0.0
737,4,0.0,0.0,0.0,0.0,0.0
738,0,0.0,-2.1624504789438572,0.0,0.0,0.0
738,1,0.0,0.0,0.0,0.0,-4.051738221290171
738,2,0.0,0.0,0.0,0.0,0.0
738,3,0.0,0.0,0.0,0.0,0.0
738,4,0.0,0.0,0.0,0.0,0.0
739,0,0.0,-2.1653485786654314,0.0,0.0,0.0
739,1,0.0,0.0,0.0,0.0,-4.053554115529752
739,2,0.0,0.0,0.0,0.0,0.0
739,3,0.0,0.0,0.0,0.0,0.0
739,4,0.0,0.0,0.0,0.0,0.0
740,0,0.0,-2.168243448779905,0.0,0.0,0.0
740,1,0.0,0.0,0.0,0.0,-4.055366344398666
740,2,0.0,0.0,0.0,0.0,0.0
740,3,0.0,0.0,0.0,0.0,0.0
740,4,0.0,0.0,0.0,0.0,0.0
741,0,0.0,-2.1711350898126267,0.0,0.0,0.0
741,1,0.0,0.0,0.0,0.0,-4.057174918996941
741,2,0.0,0.0,0.0,0.0,0.0
741,3,0.0,0.0,0.0,0.0,0.0
741,4,0.0,0.0,0.0,0.0,0.0
742,0,0.0,-2.174023502311941,0.0,0.0,0.0
742,1,0.0,0.0,0.0,0.0,-4.05897985037425
742,2,0.0,0.0,0.0,0.0,0.0
742,3,0.0,0.0,0.0,0.0,0.0
742,4,0.0,0.0,0.0,0.0,0.0
743,0,0.0,-2.176908686848826,0.0,0.0,0.0
743,1,0.0,0.0,0.0,0.0,-4.0607811495302535
743,2,0.0,0.0,0.0,0.0,0.0
743,3,0.0,0.0,0.0,0.0,0.0
743,4,0.0,0.0,0.0,0.0,0.0
744,0,0.0,-2.1797906440162382,0.0,0.0,0.0
744,1,0.0,0.0,0.0,0.0,-4.062578827414918
744,2,0.0,0.0,0.0,0.0,0.0
744,3,0.0,0.0,0.0,0.0,0.0
744,4,0.0,0.0,0.0,0.0,0.0
745,0,0.0,-2.182669374429944,0.0,0.0,0.0
745,1,0.0,0.0,0.0,0.0,-4.0643728949288525
745,2,0.0,0.0,0.0,0.0,0.0
745,3,0.0,0.0,0.0,0.0,0.0
745,4,0.0,0.0,0.0,0.0,0.0
746,0,0.0,-2.1855448787279244,0.0,0.0,0.0
746,1,0.0,0.0,0.0,0.0,-4.0661633629236285
746,2,0.0,0.0,0.0,0.0,0.0
746,3,0.0,0.0,0.0,0.0,0.0
746,4,0.0,0.0,0.0,0.0,0.0
747,0,0.0,-2.1884171575706444,0.0,0.0,0.0
747,1,0.0,0.0,0.0,0.0,-4.067950242202102
747,2,0.0,0.0,0.0,0.0,0.0
747,3,0.0,0.0,0.0,0.0,0.0
747,4,0.0,0.0,0.0,0.0,0.0
748,0,0.0,-2.1912862116424905,0.0,0.0,0.0
748,1,0.0,0.0,0.0,0.0,-4.069733543518729
748,2,0.0,0.0,0.0,0.0,0.0
748,3,0.0,0.0,0.0,0.0,0.0
748,4,0.0,0.0,0.0,0.0,0.0
749,0,0.0,-2.1941520416506988,0.0,0.0,0.0
749,1,0.0,0.0,0.0,0.0,-4.071513277579888
749,2,0.0,0.0,0.0,0.0,0.0
749,3,0.0,0.0,0.0,0.0,0.0
749,4,0.0,0.0,0.0,0.0,0.0
750,0,0.0,-2.197014648326824,0.0,0.0,0.0
750,1,0.0,0.0,0.0,0.0,-4.073289455044185
750,2,0.0,0.0,0.0,0.0,0.0
750,3,0.0,0.0,0.0,0.0,0.0
750,4,0.0,0.0,0.0,0.0,0.0
751,0,0.0,-2.1998740324324335,0.0,0.0,0.0
751,1,0.0,0.0,0.0,0.0,-4.075062086522771
751,2,0.0,0.0,0.0,0.0,0.0
751,3,0.0,0.0,0.0,0.0,0.0
751,4,0.0,0.0,0.0,0.0,0.0
752,0,0.0,-2.202730194752019,0.0,0.0,0.0
752,1,0.0,0.0,0.0,0.0,-4.076831182579642
752,2,0.0,0.0,0.0,0.0,0.0
752,3,0.0,0.0,0.0,0.0,0.0
752,4,0.0,0.0,0.0,0.0,0.0
753,0,0.0,-2.2055831360909677,0.0,0.0,0.0
753,1,0.0,0.0,0.0,0.0,-4.078596753763394
753,2,0.0,0.0,0.0,0.0,0.0
753,3,0.0,0.0,0.0,0.0,0.0
753,4,0.0,0.0,0.0,0.0,0.0
754,0,0.0,-2.208432857275478,0.0,0.0,0.0
754,1,0.0,0.0,0.0,0.0,-4.080358810691717
754,2,0.0,0.0,0.0,0.0,0.0
754,3,0.0,0.0,0.0,0.0,0.0
754,4,0.0,0.0,0.0,0.0,0.0
755,0,0.0,-2.2112793591526803,0.0,0.0,0.0
755,1,0.0,0.0,0.0,0.0,-4.08211736394502
755,2,0.0,0.0,0.0,0.0,0.0
755,3,0.0,0.0,0.0,0.0,0.0
755,4,0.0,0.0,0.0,0.0,0.0
756,0,0.0,-2.2141226425904983,0.0,0.0,0.0
756,1,0.0,0.0,0.0,0.0,-4.083872424055772
756,2,0.0,0.0,0.0,0.0,0.0
756,3,0.0,0.0,0.0,0.0,0.0
756,4,0.0,0.0,0.0,0.0,0.0
757,0,0.0,-2.216962708477479,0.0,0.0,0.0
757,1,0.0,0.0,0.0,0.0,-4.085624001508823
757,2,0.0,0.0,0.0,0.0,0.0
757,3,0.0,0.0,0.0,0.0,0.0
757,4,0.0,0.0,0.0,0.0,0.0
758,0,0.0,-2.2197995577226273,0.0,0.0,0.0
758,1,0.0,0.0,0.0,0.0,-4.087372106741709
758,2,0.0,0.0,0.0,0.0,0.0
758,3,0.0,0.0,0.0,0.0,0.0
758,4,0.0,0.0,0.0,0.0,0.0
759,0,0.0,-2.222633191255238,0.0,0.0,0.0
759,1,0.0,0.0,0.0,0.0,-4.089116750144966
759,2,0.0,0.0,0.0,0.0,0.0
759,3,0.0,0.0,0.0,0.0,0.0
759,4,0.0,0.0,0.0,0.0,0.0
760,0,0.0,-2.2254636100236898,0.0,0.0,0.0
760,1,0.0,0.0,0.0,0.0,-4.0908579420624385
760,2,0.0,0.0,0.0,0.0,0.0
760,3,0.0,0.0,0.0,0.0,0.0
760,4,0.0,0.0,0.0,0.0,0.0
761,0,0.0,-2.2282908149950567,0.0,0.0,0.0
761,1,0.0,0.0,0.0,0.0,-4.092595692791579
761,2,0.0,0.0,0.0,0.0,0.0
761,3,0.0,0.0,0.0,0.0,0.0
761,4,0.0,0.0,0.0,0.0,0.0
762,0,0.0,-2.2311148071562132,0.0,0.0,0.0
762,1,0.0,0.0,0.0,0.0,-4.094330012583755
762,2,0.0,0.0,0.0,0.0,0.0
762,3,0.0,0.0,0.0,0.0,0.0
762,4,0.0,0.0,0.0,0.0,0.0
763,0,0.0,-2.2339355875136953,0.0,0.0,0.0
763,1,0.0,0.0,0.0,0.0,-4.096060911644542
763,2,0.0,0.0,0.0,0.0,0.0
763,3,0.0,0.0,0.0,0.0,0.0
763,4,0.0,0.0,0.0,0.0,0.0
764,0,0.0,-2.236753157093536,0.0,0.0,0.0
764,1,0.0,0.0,0.0,0.0,-4.097788400134027
764,2,0.0,0.0,0.0,0.0,0.0
764,3,0.0,0.0,0.0,0.0,0.0
764,4,0.0,0.0,0.0,0.0,0.0
765,0,0.0,-2.23956751694111,0.0,0.0,0.0
765,1,0.0,0.0,0.0,0.0,-4.099512488167097
765,2,0.0,0.0,0.0,0.0,0.0
765,3,0.0,0.0,0.0,0.0,0.0
765,4,0.0,0.0,0.0,0.0,0.0
766,0,0.0,-2.2423786681204647,0.0,0.0,0.0
766,1,0.0,0.0,0.0,0.0,-4.101233185813733
766,2,0.0,0.0,0.0,0.0,0.0
766,3,0.0,0.0,0.0,0.0,0.0
766,4,0.0,0.0,0.0,0.0,0.0
767,0,0.0,-2.2451866117130126,0.0,0.0,0.0
767,1,0.0,0.0,0.0,0.0,-4.1029505030993
767,2,0.0,0.0,0.0,0.0,0.0
767,3,0.0,0.0,0.0,0.0,0.0
767,4,0.0,0.0,0.0,0.0,0.0
768,0,0.0,-2.247991348818797,0.0,0.0,0.0
768,1,0.0,0.0,0.0,0.0,-4.1046644500048295
768,2,0.0,0.0,0.0,0.0,0.0
768,3,0.0,0.0,0.0,0.0,0.0
768,4,0.0,0.0,0.0,0.0,0.0
769,0,0.0,-2.2507928805568556,0.0,0.0,0.0
769,1,0.0,0.0,0.0,0.0,-4.106375036467309
769,2,0.0,0.0,0.0,0.0,0.0
769,3,0.0,0.0,0.0,0.0,0.0
769,4,0.0,0.0,0.0,0.0,0.0
770,0,0.0,-2.2535912080663567,0.0,0.0,0.0
770,1,0.0,0.0,0.0,0.0,-4.10808227237996
770,2,0.0,0.0,0.0,0.0,0.0
770,3,0.0,0.0,0.0,0.0,0.0
770,4,0.0,0.0,0.0,0.0,0.0
771,0,0.0,-2.2563863325047295,0.0,0.0,0.0
771,1,0.0,0.0,0.0,0.0,-4.109786167592517
771,2,0.0,0.0,0.0,0.0,0.0
771,3,0.0,0.0,0.0,0.0,0.0
771,4,0.0,0.0,0.0,0.0,0.0
772,0,0.0,-2.259178255047475,0.0,0.0,0.0
772,1,0.0,0.0,0.0,0.0,-4.111486731911509
772,2,0.0,0.0,0.0,0.0,0.0
772,3,0.0,0.0,0.0,0.0,0.0
772,4,0.0,0.0,0.0,0.0,0.0
773,0,0.0,-2.2619669768882193,0.0,0.0,0.0
773,1,0.0,0.0,0.0,0.0,-4.113183975100529
773,2,0.0,0.0,0.0,0.0,0.0
773,3,0.0,0.0,0.0,0.0,0.0
773,4,0.0,0.0,0.0,0.0,0.0
774,0,0.0,-2.264752499238565,0.0,0.0,0.0
774,1,0.0,0.0,0.0,0.0,-4.114877906880507
774,2,0.0,0.0,0.0,0.0,0.0
774,3,0.0,0.0,0.0,0.0,0.0
774,4,0.0,0.0,0.0,0.0,0.0
775,0,0.0,-2.267534823328102,0.0,0.0,0.0
775,1,0.0,0.0,0.0,0.0,-4.116568536929983
775,2,0.0,0.0,0.0,0.0,0.0
775,3,0.0,0.0,0.0,0.0,0.0
775,4,0.0,0.0,0.0,0.0,0.0
776,0,0.0,-2.2703139504058503,0.0,0.0,0.0
776,1,0.0,0.0,0.0,0.0,-4.118255874885375
776,2,0.0,0.0,0.0,0.0,0.0
776,3,0.0,0.0,0.0,0.0,0.0
776,4,0.0,0.0,0.0,0.0,0.0
777,0,0.0,-2.273089881740326,0.0,0.0,0.0
777,1,0.0,0.0,0.0,0.0,-4.119939930380614
777,2,0.0,0.0,0.0,0.0,0.0
777,3,0.0,0.0,0.0,0.0,0.0
777,4,0.0,0.0,0.0,0.0,0.0
778,0,0.0,-2.275862618620373,0.0,0.0,0.0
778,1,0.0,0.0,0.0,0.0,-4.121620713107412
778,2,0.0,0.0,0.0,0.0,0.0
778,3,0.0,0.0,0.0,0.0,0.0
778,4,0.0,0.0,0.0,0.0,0.0
779,0,0.0,-2.2786321623536168,0.0,0.0,0.0
779,1,0.0,0.0,0.0,0.0,-4.123298232719358
779,2,0.0,0.0,0.0,0.0,0.0
779,3,0.0,0.0,0.0,0.0,0.0
779,4,0.0,0.0,0.0,0.0,0.0
780,0,0.0,-2.2813985142653843,0.0,0.0,0.0
780,1,0.0,0.0,0.0,0.0,-4.124972498827203
780,2,0.0,0.0,0.0,0.0,0.0
780,3,0.0,0.0,0.0,0.0,0.0
780,4,0.0,0.0,0.0,0.0,0.0
781,0,0.0,-2.28416167569729,0.0,0.0,0.0
781,1,0.0,0.0,0.0,0.0,-4.126643520999151
781,2,0.0,0.0,0.0,0.0,0.0
781,3,0.0,0.0,0.0,0.0,0.0
781,4,0.0,0.0,0.0,0.0,0.0
782,0,0.0,-2.2869216480085304,0.0,0.0,0.0
782,1,0.0,0.0,0.0,0.0,-4.128311308761115
782,2,0.0,0.0,0.0,0.0,0.0
782,3,0.0,0.0,0.0,0.0,0.0
782,4,0.0,0.0,0.0,0.0,0.0
783,0,0.0,-2.289678432575385,0.0,0.0,0.0
783,1,0.0,0.0,0.0,0.0,-4.129975871596998
783,2,0.0,0.0,0.0,0.0,0.0
783,3,0.0,0.0,0.0,0.0,0.0
783,4,0.0,0.0,0.0,0.0,0.0
784,0,0.0,-2.292432030790545,0.0,0.0,0.0
784,1,0.0,0.0,0.0,0.0,-4.131637218948952
784,2,0.0,0.0,0.0,0.0,0.0
784,3,0.0,0.0,0.0,0.0,0.0
784,4,0.0,0.0,0.0,0.0,0.0
785,0,0.0,-2.2951824440643267,0.0,0.0,0.0
785,1,0.0,0.0,0.0,0.0,-4.13329536021765
785,2,0.0,0.0,0.0,0.0,0.0
785,3,0.0,0.0,0.0,0.0,0.0
785,4,0.0,0.0,0.0,0.0,0.0
786,0,0.0,-2.297929673825561,0.0,0.0,0.0
786,1,0.0,0.0,0.0,0.0,-4.134950304762547
786,2,0.0,0.0,0.0,0.0,0.0
786,3,0.0,0.0,0.0,0.0,0.0
786,4,0.0,0.0,0.0,0.0,0.0
787,0,0.0,-2.3006737215248143,0.0,0.0,0.0
787,1,0.0,0.0,0.0,0.0,-4.136602061902138
787,2,0.0,0.0,0.0,0.0,0.0
787,3,0.0,0.0,0.0,0.0,0.0
787,4,0.0,0.0,0.0,0.0,0.0
788,0,0.0,-2.303414588630659,0.0,0.0,0.0
788,1,0.0,0.0,0.0,0.0,-4.138250640914224
788,2,0.0,0.0,0.0,0.0,0.0
788,3,0.0,0.0,0.0,0.0,0.0
788,4,0.0,0.0,0.0,0.0,0.0
789,0,0.0,-2.306152276627809,0.0,0.0,0.0
789,1,0.0,0.0,0.0,0.0,-4.139896051036156
789,2,0.0,0.0,0.0,0.0,0.0
789,3,0.0,0.0,0.0,0.0,0.0
789,4,0.0,0.0,0.0,0.0,0.0
790,0,0.0,-2.308886787016963,0.0,0.0,0.0
790,1,0.0,0.0,0.0,0.0,-4.141538301465104
790,2,0.0,0.0,0.0,0.0,0.0
790,3,0.0,0.0,0.0,0.0,0.0
790,4,0.0,0.0,0.0,0.0,0.0
791,0,0.0,-2.3116181213151386,0.0,0.0,0.0
791,1,0.0,0.0,0.0,0.0,-4.143177401358299
791,2,0.0,0.0,0.0,0.0,0.0
791,3,0.0,0.0,0.0,0.0,0.0
791,4,0.0,0.0,0.0,0.0,0.0
792,0,0.0,-2.314346281055347,0.0,0.0,0.0
792,1,0.0,0.0,0.0,0.0,-4.144813359833285
792,2,0.0,0.0,0.0,0.0,0.0
792,3,0.0,0.0,0.0,0.0,0.0
792,4,0.0,0.0,0.0,0.0,0.0
793,0,0.0,-2.3170712677871075,0.0,0.0,0.0
793,1,0.0,0.0,0.0,0.0,-4.146446185968173
793,2,0.0,0.0,0.0,0.0,0.0
793,3,0.0,0.0,0.0,0.0,0.0
793,4,0.0,0.0,0.0,0.0,0.0
794,0,0.0,-2.319793083076859,0.0,0.0,0.0
794,1,0.0,0.0,0.0,0.0,-4.1480758888018805
794,2,0.0,0.0,0.0,0.0,0.0
794,3,0.0,0.0,0.0,0.0,0.0
794,4,0.0,0.0,0.0,0.0,0.0
795,0,0.0,-2.322511728506401,0.0,0.0,0.0
795,1,0.0,0.0,0.0,0.0,-4.149702477334377
795,2,0.0,0.0,0.0,0.0,0.0
795,3,0.0,0.0,0.0,0.0,0.0
795,4,0.0,0.0,0.0,0.0,0.0
796,0,0.0,-2.3252272056727894,0.0,0.0,0.0
796,1,0.0,0.0,0.0,0.0,-4.151325960526928
796,2,0.0,0.0,0.0,0.0,0.0
796,3,0.0,0.0,0.0,0.0,0.0
796,4,0.0,0.0,0.0,0.0,0.0
797,0,0.0,-2.3279395161884837,0.0,0.0,0.0
797,1,0.0,0.0,0.0,0.0,-4.152946347302334
797,2,0.0,0.0,0.0,0.0,0.0
797,3,0.0,0.0,0.0,0.0,0.0
797,4,0.0,0.0,0.0,0.0,0.0
798,0,0.0,-2.3306486616810735,0.0,0.0,0.0
798,1,0.0,0.0,0.0,0.0,-4.15456364654517
798,2,0.0,0.0,0.0,0.0,0.0
798,3,0.0,0.0,0.0,0.0,0.0
798,4,0.0,0.0,0.0,0.0,0.0
799,0,0.0,-2.333354643792923,0.0,0.0,0.0
799,1,0.0,0.0,0.0,0.0,-4.156177867102016
799,2,0.0,0.0,0.0,0.0,0.0
799,3,0.0,0.0,0.0,0.0,0.0
799,4,0.0,0.0,0.0,0.0,0.0
800,0,0.0,-2.336057464181041,0.0,0.0,0.0
800,1,0.0,0.0,0.0,0.0,-4.157789017781703
800,2,0.0,0.0,0.0,0.0,0.0
800,3,0.0,0.0,0.0,0.0,0.0
800,4,0.0,0.0,0.0,0.0,0.0
801,0,0.0,-2.338757124516963,0.0,0.0,0.0
801,1,0.0,0.0,0.0,0.0,-4.159397107355534
801,2,0.0,0.0,0.0,0.0,0.0
801,3,0.0,0.0,0.0,0.0,0.0
801,4,0.0,0.0,0.0,0.0,0.0
802,0,0.0,-2.341453626486829,0.0,0.0,0.0
802,1,0.0,0.0,0.0,0.0,-4.161002144562681
802,2,0.0,0.0,0.0,0.0,0.0
802,3,0.0,0.0,0.0,0.0,0.0
802,4,0.0,0.0,0.0,0.0,0.0
803,0,0.0,-2.344146971792622,0.0,0.0,0.0
803,1,0.0,0.0,0.0,0.0,-4.162604138197096
803,2,0.0,0.0,0.0,0.0,0.0
803,3,0.0,0.0,0.0,0.0,0.0
803,4,0.0,0.0,0.0,0.0,0.0
804,0,0.0,-2.3468371621512434,0.0,0.0,0.0
804,1,0.0,0.0,0.0,0.0,-4.1642030970485315
804,2,0.0,0.0,0.0,0.0,0.0
804,3,0.0,0.0,0.0,0.0,0.0
804,4,0.0,0.0,0.0,0.0,0.0
805,0,0.0,-2.3495241992953297,0.0,0.0,0.0
805,1,0.0,0.0,0.0,0.0,-4.165799029868571
805,2,0.0,0.0,0.0,0.0,0.0
805,3,0.0,0.0,0.0,0.0,0.0
805,4,0.0,0.0,0.0,0.0,0.0
806,0,0.0,-2.3522080849723253,0.0,0.0,0.0
806,1,0.0,0.0,0.0,0.0,-4.167391945370876
806,2,0.0,0.0,0.0,0.0,0.0
806,3,0.0,0.0,0.0,0.0,0.0
806,4,0.0,0.0,0.0,0.0,0.0
807,0,0.0,-2.3548888209438728,0.0,0.0,0.0
807,1,0.0,0.0,0.0,0.0,-4.168981852231417
807,2,0.0,0.0,0.0,0.0,0.0
807,3,0.0,0.0,0.0,0.0,0.0
807,4,0.0,0.0,0.0,0.0,0.0
808,0,0.0,-2.35756640898587,0.0,0.0,0.0
808,1,0.0,0.0,0.0,0.0,-4.17056875908871
808,2,0.0,0.0,0.0,0.0,0.0
808,3,0.0,0.0,0.0,0.0,0.0
808,4,0.0,0.0,0.0,0.0,0.0
809,0,0.0,-2.3602408508884225,0.0,0.0,0.0
809,1,0.0,0.0,0.0,0.0,-4.172152674544049
809,2,0.0,0.0,0.0,0.0,0.0
809,3,0.0,0.0,0.0,0.0,0.0
809,4,0.0,0.0,0.0,0.0,0.0
810,0,0.0,-2.36291214845665,0.0,0.0,0.0
810,1,0.0,0.0,0.0,0.0,-4.17373360716173
810,2,0.0,0.0,0.0,0.0,0.0
810,3,0.0,0.0,0.0,0.0,0.0
810,4,0.0,0.0,0.0,0.0,0.0
811,0,0.0,-2.365580303509334,0.0,0.0,0.0
811,1,0.0,0.0,0.0,0.0,-4.175311565469295
811,2,0.0,0.0,0.0,0.0,0.0
811,3,0.0,0.0,0.0,0.0,0.0
811,4,0.0,0.0,0.0,0.0,0.0
812,0,0.0,-2.3682453178780274,0.0,0.0,0.0
812,1,0.0,0.0,0.0,0.0,-4.176886557957741
812,2,0.0,0.0,0.0,0.0,0.0
812,3,0.0,0.0,0.0,0.0,0.0
812,4,0.0,0.0,0.0,0.0,0.0
813,0,0.0,-2.370907193407472,0.0,0.0,0.0
813,1,0.0,0.0,0.0,0.0,-4.178458593081755
813,2,0.0,0.0,0.0,0.0,0.0
813,3,0.0,0.0,0.0,0.0,0.0
813,4,0.0,0.0,0.0,0.0,0.0
814,0,0.0,-2.373565931955623,0.0,0.0,0.0
814,1,0.0,0.0,0.0,0.0,-4.180027679259937
814,2,0.0,0.0,0.0,0.0,0.0
814,3,0.0,0.0,0.0,0.0,0.0
814,4,0.0,0.0,0.0,0.0,0.0
815,0,0.0,-2.3762215353935257,0.0,0.0,0.0
815,1,0.0,0.0,0.0,0.0,-4.1815938248750175
815,2,0.0,0.0,0.0,0.0,0.0
815,3,0.0,0.0,0.0,0.0,0.0
815,4,0.0,0.0,0.0,0.0,0.0
816,0,0.0,-2.378874005605263,0.0,0.0,0.0
816,1,0.0,0.0,0.0,0.0,-4.1831570382740795
816,2,0.0,0.0,0.0,0.0,0.0
816,3,0.0,0.0,0.0,0.0,0.0
816,4,0.0,0.0,0.0,0.0,0.0
817,0,0.0,-2.3815233444887536,0.0,0.0,0.0
817,1,0.0,0.0,0.0,0.0,-4.184717327768772
817,2,0.0,0.0,0.0,0.0,0.0
817,3,0.0,0.0,0.0,0.0,0.0
817,4,0.0,0.0,0.0,0.0,0.0
818,0,0.0,-2.3841695539547656,0.0,0.0,0.0
818,1,0.0,0.0,0.0,0.0,-4.186274701635537
818,2,0.0,0.0,0.0,0.0,0.0
818,3,0.0,0.0,0.0,0.0,0.0
818,4,0.0,0.0,0.0,0.0,0.0
819,0,0.0,-2.3868126359258555,0.0,0.0,0.0
819,1,0.0,0.0,0.0,0.0,-4.187829168115813
819,2,0.0,0.0,0.0,0.0,0.0
819,3,0.0,0.0,0.0,0.0,0.0
819,4,0.0,0.0,0.0,0.0,0.0
820,0,0.0,-2.389452592337891,0.0,0.0,0.0
820,1,0.0,0.0,0.0,0.0,-4.189380735416249
820,2,0.0,0.0,0.0,0.0,0.0
820,3,0.0,0.0,0.0,0.0,0.0
820,4,0.0,0.0,0.0,0.0,0.0
821,0,0.0,-2.392089425140583,0.0,0.0,0.0
821,1,0.0,0.0,0.0,0.0,-4.19092941170892
821,2,0.0,0.0,0.0,0.0,0.0
821,3,0.0,0.0,0.0,0.0,0.0
821,4,0.0,0.0,0.0,0.0,0.0
822,0,0.0,-2.3947231362959354,0.0,0.0,0.0
822,1,0.0,0.0,0.0,0.0,-4.192475205131532
822,2,0.0,0.0,0.0,0.0,0.0
822,3,0.0,0.0,0.0,0.0,0.0
822,4,0.0,0.0,0.0,0.0,0.0
823,0,0.0,-2.3973537277780377,0.0,0.0,0.0
823,1,0.0,0.0,0.0,0.0,-4.194018123787634
823,2,0.0,0.0,0.0,0.0,0.0
823,3,0.0,0.0,0.0,0.0,0.0
823,4,0.0,0.0,0.0,0.0,0.0
824,0,0.0,-2.399981201572194,0.0,0.0,0.0
824,1,0.0,0.0,0.0,0.0,-4.19555817574682
824,2,0.0,0.0,0.0,0.0,0.0
824,3,0.0,0.0,0.0,0.0,0.0
824,4,0.0,0.0,0.0,0.0,0.0
825,0,0.0,-2.402605559675802,0.0,0.0,0.0
825,1,0.0,0.0,0.0,0.0,-4.197095369044934
825,2,0.0,0.0,0.0,0.0,0.0
825,3,0.0,0.0,0.0,0.0,0.0
825,4,0.0,0.0,0.0,0.0,0.0
826,0,0.0,-2.4052268040982616,0.0,0.0,0.0
826,1,0.0,0.0,0.0,0.0,-4.198629711684274
826,2,0.0,0.0,0.0,0.0,0.0
826,3,0.0,0.0,0.0,0.0,0.0
826,4,0.0,0.0,0.0,0.0,0.0
827,0,0.0,-2.407844936860761,0.0,0.0,0.0
827,1,0.0,0.0,0.0,0.0,-4.20016121163379
827,2,0.0,0.0,0.0,0.0,0.0
827,3,0.0,0.0,0.0,0.0,0.0
827,4,0.0,0.0,0.0,0.0,0.0
828,0,0.0,-2.4104599599964365,0.0,0.0,0.0
828,1,0.0,0.0,0.0,0.0,-4.20168987682929
828,2,0.0,0.0,0.0,0.0,0.0
828,3,0.0,0.0,0.0,0.0,0.0
828,4,0.0,0.0,0.0,0.0,0.0
829,0,0.0,-2.413071875551148,0.0,0.0,0.0
829,1,0.0,0.0,0.0,0.0,-4.203215715174188
829,2,0.0,0.0,0.0,0.0,0.0
829,3,0.0,0.0,0.0,0.0,0.0
829,4,0.0,0.0,0.0,0.0,0.0
830,0,0.0,-2.41568068558376,0.0,0.0,0.0
830,1,0.0,0.0,0.0,0.0,-4.2047387346087755
830,2,0.0,0.0,0.0,0.0,0.0
830,3,0.0,0.0,0.0,0.0,0.0
830,4,0.0,0.0,0.0,0.0,0.0
831,0,0.0,-2.41828639216605,0.0,0.0,0.0
831,1,0.0,0.0,0.0,0.0,-4.2062589430882
831,2,0.0,0.0,0.0,0.0,0.0
831,3,0.0,0.0,0.0,0.0,0.0
831,4,0.0,0.0,0.0,0.0,0.0
832,0,0.0,-2.4208889973814816,0.0,0.0,0.0
832,1,0.0,0.0,0.0,0.0,-4.2077763485338835
832,2,0.0,0.0,0.0,0.0,0.0
832,3,0.0,0.0,0.0,0.0,0.0
832,4,0.0,0.0,0.0,0.0,0.0
833,0,0.0,-2.423488503324891,0.0,0.0,0.0
833,1,0.0,0.0,0.0,0.0,-4.209290958833731
833,2,0.0,0.0,0.0,0.0,0.0
833,3,0.0,0.0,0.0,0.0,0.0
833,4,0.0,0.0,0.0,0.0,0.0
834,0,0.0,-2.426084912104401,0.0,0.0,0.0
834,1,0.0,0.0,0.0,0.0,-4.210802781842329
834,2,0.0,0.0,0.0,0.0,0.0
834,3,0.0,0.0,0.0,0.0,0.0
834,4,0.0,0.0,0.0,0.0,0.0
835,0,0.0,-2.4286782258420456,0.0,0.0,0.0
835,1,0.0,0.0,0.0,0.0,-4.212311825381148
835,2,0.0,0.0,0.0,0.0,0.0
835,3,0.0,0.0,0.0,0.0,0.0
835,4,0.0,0.0,0.0,0.0,0.0
836,0,0.0,-2.431268446670921,0.0,0.0,0.0
836,1,0.0,0.0,0.0,0.0,-4.2138180972387485
836,2,0.0,0.0,0.0,0.0,0.0
836,3,0.0,0.0,0.0,0.0,0.0
836,4,0.0,0.0,0.0,0.0,0.0
837,0,0.0,-2.4338555767350467,0.0,0.0,0.0
837,1,0.0,0.0,0.0,0.0,-4.215321605170968
837,2,0.0,0.0,0.0,0.0,0.0
837,3,0.0,0.0,0.0,0.0,0.0
837,4,0.0,0.0,0.0,0.0,0.0
838,0,0.0,-2.436439618189265,0.0,0.0,0.0
838,1,0.0,0.0,0.0,0.0,-4.216822356901128
838,2,0.0,0.0,0.0,0.0,0.0
838,3,0.0,0.0,0.0,0.0,0.0
838,4,0.0,0.0,0.0,0.0,0.0
839,0,0.0,-2.4390205731991337,0.0,0.0,0.0
839,1,0.0,0.0,0.0,0.0,-4.218320360120223
839,2,0.0,0.0,0.0,0.0,0.0
839,3,0.0,0.0,0.0,0.0,0.0
839,4,0.0,0.0,0.0,0.0,0.0
840,0,0.0,-2.4415984439408778,0.0,0.0,0.0
840,1,0.0,0.0,0.0,0.0,-4.219815622487114
840,2,0.0,0.0,0.0,0.0,0.0
840,3,0.0,0.0,0.0,0.0,0.0
840,4,0.0,0.0,0.0,0.0,0.0
841,0,0.0,-2.4441732326018184,0.0,0.0,0.0
841,1,0.0,0.0,0.0,0.0,-4.221308151628725
841,2,0.0,0.0,0.0,0.0,0.0
841,3,0.0,0.0,0.0,0.0,0.0
841,4,0.0,0.0,0.0,0.0,0.0
842,0,0.0,-2.446744941380903,0.0,0.0,0.0
842,1,0.0,0.0,0.0,0.0,-4.22279795514023
842,2,0.0,0.0,0.0,0.0,0.0
842,3,0.0,0.0,0.0,0.0,0.0
842,4,0.0,0.0,0.0,0.0,0.0
843,0,0.0,-2.4493135724887334,0.0,0.0,0.0
843,1,0.0,0.0,0.0,0.0,-4.224285040585245
843,2,0.0,0.0,0.0,0.0,0.0
843,3,0.0,0.0,0.0,0.0,0.0
843,4,0.0,0.0,0.0,0.0,0.0
844,0,0.0,-2.4518791281481174,0.0,0.0,0.0
844,1,0.0,0.0,0.0,0.0,-4.225769415496006
844,2,0.0,0.0,0.0,0.0,0.0
844,3,0.0,0.0,0.0,0.0,0.0
844,4,0.0,0.0,0.0,0.0,0.0
845,0,0.0,-2.45444161059312,0.0,0.0,0.0
845,1,0.0,0.0,0.0,0.0,-4.227251087373573
845,2,0.0,0.0,0.0,0.0,0.0
845,3,0.0,0.0,0.0,0.0,0.0
845,4,0.0,0.0,0.0,0.0,0.0
846,0,0.0,-2.4570010220698197,0.0,0.0,0.0
846,1,0.0,0.0,0.0,0.0,-4.228730063687997
846,2,0.0,0.0,0.0,0.0,0.0
846,3,0.0,0.0,0.0,0.0,0.0
846,4,0.0,0.0,0.0,0.0,0.0
847,0,0.0,-2.459557364835844,0.0,0.0,0.0
847,1,0.0,0.0,0.0,0.0,-4.230206351878514
847,2,0.0,0.0,0.0,0.0,0.0
847,3,0.0,0.0,0.0,0.0,0.0
847,4,0.0,0.0,0.0,0.0,0.0
848,0,0.0,-2.462110641158938,0.0,0.0,0.0
848,1,0.0,0.0,0.0,0.0,-4.231679959353721
848,2,0.0,0.0,0.0,0.0,0.0
848,3,0.0,0.0,0.0,0.0,0.0
848,4,0.0,0.0,0.0,0.0,0.0
849,0,0.0,-2.464660853316504,0.0,0.0,0.0
849,1,0.0,0.0,0.0,0.0,-4.23315089349176
849,2,0.0,0.0,0.0,0.0,0.0
849,3,0.0,0.0,0.0,0.0,0.0
849,4,0.0,0.0,0.0,0.0,0.0
850,0,0.0,-2.4672080035955317,0.0,0.0,0.0
850,1,0.0,0.0,0.0,0.0,-4.234619161640497
850,2,0.0,0.0,0.0,0.0,0.0
850,3,0.0,0.0,0.0,0.0,0.0
850,4,0.0,0.0,0.0,0.0,0.0
851,0,0.0,-2.469752094292535,0.0,0.0,0.0
851,1,0.0,0.0,0.0,0.0,-4.236084771117696
851,2,0.0,0.0,0.0,0.0,0.0
851,3,0.0,0.0,0.0,0.0,0.0
851,4,0.0,0.0,0.0,0.0,0.0
852,0,0.0,-2.4722931277134075,0.0,0.0,0.0
852,1,0.0,0.0,0.0,0.0,-4.237547729211201
852,2,0.0,0.0,0.0,0.0,0.0
852,3,0.0,0.0,0.0,0.0,0.0
852,4,0.0,0.0,0.0,0.0,0.0
853,0,0.0,-2.4748311061734887,0.0,0.0,0.0
853,1,0.0,0.0,0.0,0.0,-4.239008043179107
853,2,0.0,0.0,0.0,0.0,0.0
853,3,0.0,0.0,0.0,0.0,0.0
853,4,0.0,0.0,0.0,0.0,0.0
854,0,0.0,-2.4773660319982453,0.0,0.0,0.0
854,1,0.0,0.0,0.0,0.0,-4.240465720249932
854,2,0.0,0.0,0.0,0.0,0.0
854,3,0.0,0.0,0.0,0.0,0.0
854,4,0.0,0.0,0.0,0.0,0.0
855,0,0.0,-2.4798979075223855,0.0,0.0,0.0
855,1,0.0,0.0,0.0,0.0,-4.241920767622794
855,2,0.0,0.0,0.0,0.0,0.0
855,3,0.0,0.0,0.0,0.0,0.0
855,4,0.0,0.0,0.0,0.0,0.0
856,0,0.0,-2.4824267350891898,0.0,0.0,0.0
856,1,0.0,0.0,0.0,0.0,-4.24337319246758
856,2,0.0,0.0,0.0,0.0,0.0
856,3,0.0,0.0,0.0,0.0,0.0
856,4,0.0,0.0,0.0,0.0,0.0
857,0,0.0,-2.4849525170503415,0.0,0.0,0.0
857,1,0.0,0.0,0.0,0.0,-4.244823001925115
857,2,0.0,0.0,0.0,0.0,0.0
857,3,0.0,0.0,0.0,0.0,0.0
857,4,0.0,0.0,0.0,0.0,0.0
858,0,0.0,-2.4874752557683686,0.0,0.0,0.0
858,1,0.0,0.0,0.0,0.0,-4.246270203107334
858,2,0.0,0.0,0.0,0.0,0.0
858,3,0.0,0.0,0.0,0.0,0.0
858,4,0.0,0.0,0.0,0.0,0.0
859,0,0.0,-2.489994953616707,0.0,0.0,0.0
859,1,0.0,0.0,0.0,0.0,-4.2477148031514815
859,2,0.0,0.0,0.0,0.0,0.0
859,3,0.0,0.0,0.0,0.0,0.0
859,4,0.0,0.0,0.0,0.0,0.0
860,0,0.0,-2.4925116129787583,0.0,0.0,0.0
860,1,0.0,0.0,0.0,0.0,-4.249156809218383
860,2,0.0,0.0,0.0,0.0,0.0
860,3,0.0,0.0,0.0,0.0,0.0
860,4,0.0,0.0,0.0,0.0,0.0
861,0,0.0,-2.49502523624728,0.0,0.0,0.0
861,1,0.0,0.0,0.0,0.0,-4.250596228439279
861,2,0.0,0.0,0.0,0.0,0.0
861,3,0.0,0.0,0.0,0.0,0.0
861,4,0.0,0.0,0.0,0.0,0.0
862,0,0.0,-2.497535825823755,0.0,0.0,0.0
862,1,0.0,0.0,0.0,0.0,-4.252033067916007
862,2,0.0,0.0,0.0,0.0,0.0
862,3,0.0,0.0,0.0,0.0,0.0
862,4,0.0,0.0,0.0,0.0,0.0
863,0,0.0,-2.500043384118476,0.0,0.0,0.0
863,1,0.0,0.0,0.0,0.0,-4.253467334721167
863,2,0.0,0.0,0.0,0.0,0.0
863,3,0.0,0.0,0.0,0.0,0.0
863,4,0.0,0.0,0.0,0.0,0.0
864,0,0.0,-2.5025479135505684,0.0,0.0,0.0
864,1,0.0,0.0,0.0,0.0,-4.254899035898294
864,2,0.0,0.0,0.0,0.0,0.0
864,3,0.0,0.0,0.0,0.0,0.0
864,4,0.0,0.0,0.0,0.0,0.0
865,0,0.0,-2.5050494165471036,0.0,0.0,0.0
865,1,0.0,0.0,0.0,0.0,-4.256328178462033
865,2,0.0,0.0,0.0,0.0,0.0
865,3,0.0,0.0,0.0,0.0,0.0
865,4,0.0,0.0,0.0,0.0,0.0
866,0,0.0,-2.5075478955435453,0.0,0.0,0.0
866,1,0.0,0.0,0.0,0.0,-4.257754769398301
866,2,0.0,0.0,0.0,0.0,0.0
866,3,0.0,0.0,0.0,0.0,0.0
866,4,0.0,0.0,0.0,0.0,0.0
867,0,0.0,-2.510043352983654,0.0,0.0,0.0
867,1,0.0,0.0,0.0,0.0,-4.259178815664463
867,2,0.0,0.0,0.0,0.0,0.0
867,3,0.0,0.0,0.0,0.0,0.0
867,4,0.0,0.0,0.0,0.0,0.0
868,0,0.0,-2.5125357913197344,0.0,0.0,0.0
868,1,0.0,0.0,0.0,0.0,-4.260600324189487
868,2,0.0,0.0,0.0,0.0,0.0
868,3,0.0,0.0,0.0,0.0,0.0
868,4,0.0,0.0,0.0,0.0,0.0
869,0,0.0,-2.5150252130122754,0.0,0.0,0.0
869,1,0.0,0.0,0.0,0.0,-4.262019301874124
869,2,0.0,0.0,0.0,0.0,0.0
869,3,0.0,0.0,0.0,0.0,0.0
869,4,0.0,0.0,0.0,0.0,0.0
870,0,0.0,-2.5175116205296955,0.0,0.0,0.0
870,1,0.0,0.0,0.0,0.0,-4.263435755591056
870,2,0.0,0.0,0.0,0.0,0.0
870,3,0.0,0.0,0.0,0.0,0.0
870,4,0.0,0.0,0.0,0.0,0.0
871,0,0.0,-2.5199950163478886,0.0,0.0,0.0
871,1,0.0,0.0,0.0,0.0,-4.264849692185068
871,2,0.0,0.0,0.0,0.0,0.0
871,3,0.0,0.0,0.0,0.0,0.0
871,4,0.0,0.0,0.0,0.0,0.0
872,0,0.0,-2.5224754029506182,0.0,0.0,0.0
872,1,0.0,0.0,0.0,0.0,-4.266261118473207
872,2,0.0,0.0,0.0,0.0,0.0
872,3,0.0,0.0,0.0,0.0,0.0
872,4,0.0,0.0,0.0,0.0,0.0
873,0,0.0,-2.5249527828308294,0.0,0.0,0.0
873,1,0.0,0.0,0.0,0.0,-4.267670041244947
873,2,0.0,0.0,0.0,0.0,0.0
873,3,0.0,0.0,0.0,0.0,0.0
873,4,0.0,0.0,0.0,0.0,0.0
874,0,0.0,-2.5274271584897163,0.0,0.0,0.0
874,1,0.0,0.0,0.0,0.0,-4.269076467262335
874,2,0.0,0.0,0.0,0.0,0.0
874,3,0.0,0.0,0.0,0.0,0.0
874,4,0.0,0.0,0.0,0.0,0.0
875,0,0.0,-2.529898532436642,0.0,0.0,0.0
875,1,0.0,0.0,0.0,0.0,-4.270480403260163
875,2,0.0,0.0,0.0,0.0,0.0
875,3,0.0,0.0,0.0,0.0,0.0
875,4,0.0,0.0,0.0,0.0,0.0
876,0,0.0,-2.5323669071887793,0.0,0.0,0.0
876,1,0.0,0.0,0.0,0.0,-4.271881855946116
876,2,0.0,0.0,0.0,0.0,0.0
876,3,0.0,0.0,0.0,0.0,0.0
876,4,0.0,0.0,0.0,0.0,0.0
877,0,0.0,-2.5348322852703684,0.0,0.0,0.0
877,1,0.0,0.0,0.0,0.0,-4.273280832000931
877,2,0.0,0.0,0.0,0.0,0.0
877,3,0.0,0.0,0.0,0.0,0.0
877,4,0.0,0.0,0.0,0.0,0.0
878,0,0.0,-2.5372946692129714,0.0,0.0,0.0
878,1,0.0,0.0,0.0,0.0,-4.274677338078549
878,2,0.0,0.0,0.0,0.0,0.0
878,3,0.0,0.0,0.0,0.0,0.0
878,4,0.0,0.0,0.0,0.0,0.0
879,0,0.0,-2.5397540615569008,0.0,0.0,0.0
879,1,0.0,0.0,0.0,0.0,-4.27607138080627
879,2,0.0,0.0,0.0,0.0,0.0
879,3,0.0,0.0,0.0,0.0,0.0
879,4,0.0,0.0,0.0,0.0,0.0
880,0,0.0,-2.5422104648498696,0.0,0.0,0.0
880,1,0.0,0.0,0.0,0.0,-4.277462966784904
880,2,0.0,0.0,0.0,0.0,0.0
880,3,0.0,0.0,0.0,0.0,0.0
880,4,0.0,0.0,0.0,0.0,0.0
881,0,0.0,-2.5446638816474287,0.0,0.0,0.0
881,1,0.0,0.0,0.0,0.0,-4.278852102588922
881,2,0.0,0.0,0.0,0.0,0.0
881,3,0.0,0.0,0.0,0.0,0.0
881,4,0.0,0.0,0.0,0.0,0.0
882,0,0.0,-2.5471143145139976,0.0,0.0,0.0
882,1,0.0,0.0,0.0,0.0,-4.2802387947666025
882,2,0.0,0.0,0.0,0.0,0.0
882,3,0.0,0.0,0.0,0.0,0.0
882,4,0.0,0.0,0.0,0.0,0.0
883,0,0.0,-2.5495617660210157,0.0,0.0,0.0
883,1,0.0,0.0,0.0,0.0,-4.281623049840188
883,2,0.0,0.0,0.0,0.0,0.0
883,3,0.0,0.0,0.0,0.0,0.0
883,4,0.0,0.0,0.0,0.0,0.0
884,0,0.0,-2.5520062387467766,0.0,0.0,0.0
884,1,0.0,0.0,0.0,0.0,-4.283004874306024
884,2,0.0,0.0,0.0,0.0,0.0
884,3,0.0,0.0,0.0,0.0,0.0
884,4,0.0,0.0,0.0,0.0,0.0
885,0,0.0,-2.5544477352768915,0.0,0.0,0.0
885,1,0.0,0.0,0.0,0.0,-4.284384274634712
885,2,0.0,0.0,0.0,0.0,0.0
885,3,0.0,0.0,0.0,0.0,0.0
885,4,0.0,0.0,0.0,0.0,0.0
886,0,0.0,-2.5568862582037273,0.0,0.0,0.0
886,1,0.0,0.0,0.0,0.0,-4.285761257271249
886,2,0.0,0.0,0.0,0.0,0.0
886,3,0.0,0.0,0.0,0.0,0.0
886,4,0.0,0.0,0.0,0.0,0.0
887,0,0.0,-2.5593218101262902,0.0,0.0,0.0
887,1,0.0,0.0,0.0,0.0,-4.287135828635173
887,2,0.0,0.0,0.0,0.0,0.0
887,3,0.0,0.0,0.0,0.0,0.0
887,4,0.0,0.0,0.0,0.0,0.0
888,0,0.0,-2.5617543936501472,0.0,0.0,0.0
888,1,0.0,0.0,0.0,0.0,-4.288507995120713
888,2,0.0,0.0,0.0,0.0,0.0
888,3,0.0,0.0,0.0,0.0,0.0
888,4,0.0,0.0,0.0,0.0,0.0
889,0,0.0,-2.56418401138745,0.0,0.0,0.0
889,1,0.0,0.0,0.0,0.0,-4.289877763096922
889,2,0.0,0.0,0.0,0.0,0.0
889,3,0.0,0.0,0.0,0.0,0.0
889,4,0.0,0.0,0.0,0.0,0.0
890,0,0.0,-2.5666106659572328,0.0,0.0,0.0
890,1,0.0,0.0,0.0,0.0,-4.291245138938452
890,2,0.0,0.0,0.0,0.0,0.0
890,3,0.0,0.0,0.0,0.0,0.0
890,4,0.0,0.0,0.0,0.0,0.0
891,0,0.0,-2.5690343599868455,0.0,0.0,0.0
891,1,0.0,0.0,0.0,0.0,-4.292610129058096
891,2,0.0,0.0,0.0,0.0,0.0
891,3,0.0,0.0,0.0,0.0,0.0
891,4,0.0,0.0,0.0,0.0,0.0
892,0,0.0,-2.571455096111636,0.0,0.0,0.0
892,1,0.0,0.0,0.0,0.0,-4.293972739844829
892,2,0.0,0.0,0.0,0.0,0.0
892,3,0.0,0.0,0.0,0.0,0.0
892,4,0.0,0.0,0.0,0.0,0.0
893,0,0.0,-2.573872876974358,0.0,0.0,0.0
893,1,0.0,0.0,0.0,0.0,-4.295332977661995
893,2,0.0,0.0,0.0,0.0,0.0
893,3,0.0,0.0,0.0,0.0,0.0
893,4,0.0,0.0,0.0,0.0,0.0
894,0,0.0,-2.5762877052242543,0.0,0.0,0.0
894,1,0.0,0.0,0.0,0.0,-4.296690848847444
894,2,0.0,0.0,0.0,0.0,0.0
894,3,0.0,0.0,0.0,0.0,0.0
894,4,0.0,0.0,0.0,0.0,0.0
895,0,0.0,-2.5786995835167597,0.0,0.0,0.0
895,1,0.0,0.0,0.0,0.0,-4.298046359713681
895,2,0.0,0.0,0.0,0.0,0.0
895,3,0.0,0.0,0.0,0.0,0.0
895,4,0.0,0.0,0.0,0.0,0.0
896,0,0.0,-2.581108514512956,0.0,0.0,0.0
896,1,0.0,0.0,0.0,0.0,-4.2993995165480134
896,2,0.0,0.0,0.0,0.0,0.0
896,3,0.0,0.0,0.0,0.0,0.0
896,4,0.0,0.0,0.0,0.0,0.0
897,0,0.0,-2.5835145008796365,0.0,0.0,0.0
897,1,0.0,0.0,0.0,0.0,-4.3007503256126896
897,2,0.0,0.0,0.0,0.0,0.0
897,3,0.0,0.0,0.0,0.0,0.0
897,4,0.0,0.0,0.0,0.0,0.0
898,0,0.0,-2.585917545289603,0.0,0.0,0.0
898,1,0.0,0.0,0.0,0.0,-4.302098793145039
898,2,0.0,0.0,0.0,0.0,0.0
898,3,0.0,0.0,0.0,0.0,0.0
898,4,0.0,0.0,0.0,0.0,0.0
899,0,0.0,-2.588317650421633,0.0,0.0,0.0
899,1,0.0,0.0,0.0,0.0,-4.303444925357618
899,2,0.0,0.0,0.0,0.0,0.0
899,3,0.0,0.0,0.0,0.0,0.0
899,4,0.0,0.0,0.0,0.0,0.0
900,0,0.0,-2.590714818960437,0.0,0.0,0.0
900,1,0.0,0.0,0.0,0.0,-4.304788728438347
900,2,0.0,0.0,0.0,0.0,0.0
900,3,0.0,0.0,0.0,0.0,0.0
900,4,0.0,0.0,0.0,0.0,0.0
901,0,0.0,-2.593109053597776,0.0,0.0,0.0
901,1,0.0,0.0,0.0,0.0,-4.306130208550648
901,2,0.0,0.0,0.0,0.0,0.0
901,3,0.0,0.0,0.0,0.0,0.0
901,4,0.0,0.0,0.0,0.0,0.0
902,0,0.0,-2.595500357031778,0.0,0.0,0.0
902,1,0.0,0.0,0.0,0.0,-4.307469371833582
902,2,0.0,0.0,0.0,0.0,0.0
902,3,0.0,0.0,0.0,0.0,0.0
902,4,0.0,0.0,0.0,0.0,0.0
903,0,0.0,-2.5978887319678714,0.0,0.0,0.0
903,1,0.0,0.0,0.0,0.0,-4.308806224401988
903,2,0.0,0.0,0.0,0.0,0.0
903,3,0.0,0.0,0.0,0.0,0.0
903,4,0.0,0.0,0.0,0.0,0.0
904,0,0.0,-2.600274181121038,0.0,0.0,0.0
904,1,0.0,0.0,0.0,0.0,-4.3101407723466165
904,2,0.0,0.0,0.0,0.0,0.0
904,3,0.0,0.0,0.0,0.0,0.0
904,4,0.0,0.0,0.0,0.0,0.0
905,0,0.0,-2.6026567072121325,0.0,0.0,0.0
905,1,0.0,0.0,0.0,0.0,-4.311473021734265
905,2,0.0,0.0,0.0,0.0,0.0
905,3,0.0,0.0,0.0,0.0,0.0
905,4,0.0,0.0,0.0,0.0,0.0
906,0,0.0,-2.6050363129675937,0.0,0.0,0.0
906,1,0.0,0.0,0.0,0.0,-4.312802978607913
906,2,0.0,0.0,0.0,0.0,0.0
906,3,0.0,0.0,0.0,0.0,0.0
906,4,0.0,0.0,0.0,0.0,0.0
907,0,0.0,-2.607413001120945,0.0,0.0,0.0
907,1,0.0,0.0,0.0,0.0,-4.3141306489868505
907,2,0.0,0.0,0.0,0.0,0.0
907,3,0.0,0.0,0.0,0.0,0.0
907,4,0.0,0.0,0.0,0.0,0.0
908,0,0.0,-2.609786774411907,0.0,0.0,0.0
908,1,0.0,0.0,0.0,0.0,-4.315456038866815
908,2,0.0,0.0,0.0,0.0,0.0
908,3,0.0,0.0,0.0,0.0,0.0
908,4,0.0,0.0,0.0,0.0,0.0
909,0,0.0,-2.612157635585439,0.0,0.0,0.0
909,1,0.0,0.0,0.0,0.0,-4.316779154220116
909,2,0.0,0.0,0.0,0.0,0.0
909,3,0.0,0.0,0.0,0.0,0.0
909,4,0.0,0.0,0.0,0.0,0.0
910,0,0.0,-2.6145255873917628,0.0,0.0,0.0
910,1,0.0,0.0,0.0,0.0,-4.3181000009957735
910,2,0.0,0.0,0.0,0.0,0.0
910,3,0.0,0.0,0.0,0.0,0.0
910,4,0.0,0.0,0.0,0.0,0.0
911,0,0.0,-2.6168906325871584,0.0,0.0,0.0
911,1,0.0,0.0,0.0,0.0,-4.319418585119638
911,2,0.0,0.0,0.0,0.0,0.0
911,3,0.0,0.0,0.0,0.0,0.0
911,4,0.0,0.0,0.0,0.0,0.0
912,0,0.0,-2.61925277393319,0.0,0.0,0.0
912,1,0.0,0.0,0.0,0.0,-4.3207349124945225
912,2,0.0,0.0,0.0,0.0,0.0
912,3,0.0,0.0,0.0,0.0,0.0
912,4,0.0,0.0,0.0,0.0,0.0
913,0,0.0,-2.621612014196724,0.0,0.0,0.0
913,1,0.0,0.0,0.0,0.0,-4.322048989000332
913,2,0.0,0.0,0.0,0.0,0.0
913,3,0.0,0.0,0.0,0.0,0.0
913,4,0.0,0.0,0.0,0.0,0.0
914,0,0.0,-2.623968356150118,0.0,0.0,0.0
914,1,0.0,0.0,0.0,0.0,-4.323360820494186
914,2,0.0,0.0,0.0,0.0,0.0
914,3,0.0,0.0,0.0,0.0,0.0
914,4,0.0,0.0,0.0,0.0,0.0
915,0,0.0,-2.6263218025705775,0.0,0.0,0.0
915,1,0.0,0.0,0.0,0.0,-4.324670412810541
915,2,0.0,0.0,0.0,0.0,0.0
915,3,0.0,0.0,0.0,0.0,0.0
915,4,0.0,0.0,0.0,0.0,0.0
916,0,0.0,-2.628672356240077,0.0,0.0,0.0
916,1,0.0,0.0,0.0,0.0,-4.325977771761322
916,2,0.0,0.0,0.0,0.0,0.0
916,3,0.0,0.0,0.0,0.0,0.0
916,4,0.0,0.0,0.0,0.0,0.0
917,0,0.0,-2.6310200199452978,0.0,0.0,0.0
917,1,0.0,0.0,0.0,0.0,-4.3272829031360445
917,2,0.0,0.0,0.0,0.0,0.0
917,3,0.0,0.0,0.0,0.0,0.0
917,4,0.0,0.0,0.0,0.0,0.0
918,0,0.0,-2.6333647964775664,0.0,0.0,0.0
918,1,0.0,0.0,0.0,0.0,-4.328585812701931
918,2,0.0,0.0,0.0,0.0,0.0
918,3,0.0,0.0,0.0,0.0,0.0
918,4,0.0,0.0,0.0,0.0,0.0
919,0,0.0,-2.6357066886327933,0.0,0.0,0.0
919,1,0.0,0.0,0.0,0.0,-4.329886506204038
919,2,0.0,0.0,0.0,0.0,0.0
919,3,0.0,0.0,0.0,0.0,0.0
919,4,0.0,0.0,0.0,0.0,0.0
920,0,0.0,-2.6380456992114096,0.0,0.0,0.0
920,1,0.0,0.0,0.0,0.0,-4.331184989365377
920,2,0.0,0.0,0.0,0.0,0.0
920,3,0.0,0.0,0.0,0.0,0.0
920,4,0.0,0.0,0.0,0.0,0.0
921,0,0.0,-2.640381831018306,0.0,0.0,0.0
921,1,0.0,0.0,0.0,0.0,-4.332481267887031
921,2,0.0,0.0,0.0,0.0,0.0
921,3,0.0,0.0,0.0,0.0,0.0
921,4,0.0,0.0,0.0,0.0,0.0
922,0,0.0,-2.642715086862368,0.0,0.0,0.0
922,1,0.0,0.0,0.0,0.0,-4.333775347448277
922,2,0.0,0.0,0.0,0.0,0.0
922,3,0.0,0.0,0.0,0.0,0.0
922,4,0.0,0.0,0.0,0.0,0.0
923,0,0.0,-2.6450454695575254,0.0,0.0,0.0
923,1,0.0,0.0,0.0,0.0,-4.335067233709101
923,2,0.0,0.0,0.0,0.0,0.0
923,3,0.0,0.0,0.0,0.0,0.0
923,4,0.0,0.0,0.0,0.0,0.0
924,0,0.0,-2.6473729819224343,0.0,0.0,0.0
924,1,0.0,0.0,0.0,0.0,-4.336356932366339
924,2,0.0,0.0,0.0,0.0,0.0
924,3,0.0,0.0,0.0,0.0,0.0
924,4,0.0,0.0,0.0,0.0,0.0
925,0,0.0,-2.6496976267801142,0.0,0.0,0.0
925,1,0.0,0.0,0.0,0.0,-4.337644449119745
925,2,0.0,0.0,0.0,0.0,0.0
925,3,0.0,0.0,0.0,0.0,0.0
925,4,0.0,0.0,0.0,0.0,0.0
926,0,0.0,-2.652019406957958,0.0,0.0,0.0
926,1,0.0,0.0,0.0,0.0,-4.33892978964685
926,2,0.0,0.0,0.0,0.0,0.0
926,3,0.0,0.0,0.0,0.0,0.0
926,4,0.0,0.0,0.0,0.0,0.0
927,0,0.0,-2.6543383252876698,0.0,0.0,0.0
927,1,0.0,0.0,0.0,0.0,-4.340212959603085
927,2,0.0,0.0,0.0,0.0,0.0
927,3,0.0,0.0,0.0,0.0,0.0
927,4,0.0,0.0,0.0,0.0,0.0
928,0,0.0,-2.6566543846052095,0.0,0.0,0.0
928,1,0.0,0.0,0.0,0.0,-4.341493964621896
928,2,0.0,0.0,0.0,0.0,0.0
928,3,0.0,0.0,0.0,0.0,0.0
928,4,0.0,0.0,0.0,0.0,0.0
929,0,0.0,-2.6589675877507224,0.0,0.0,0.0
929,1,0.0,0.0,0.0,0.0,-4.342772810314873
929,2,0.0,0.0,0.0,0.0,0.0
929,3,0.0,0.0,0.0,0.0,0.0
929,4,0.0,0.0,0.0,0.0,0.0
930,0,0.0,-2.661277937569158,0.0,0.0,0.0
930,1,0.0,0.0,0.0,0.0,-4.344049502271867
930,2,0.0,0.0,0.0,0.0,0.0
930,3,0.0,0.0,0.0,0.0,0.0
930,4,0.0,0.0,0.0,0.0,0.0
931,0,0.0,-2.6635854369106515,0.0,0.0,0.0
931,1,0.0,0.0,0.0,0.0,-4.345324046061103
931,2,0.0,0.0,0.0,0.0,0.0
931,3,0.0,0.0,0.0,0.0,0.0
931,4,0.0,0.0,0.0,0.0,0.0
932,0,0.0,-2.665890088629735,0.0,0.0,0.0
932,1,0.0,0.0,0.0,0.0,-4.346596447229309
932,2,0.0,0.0,0.0,0.0,0.0
932,3,0.0,0.0,0.0,0.0,0.0
932,4,0.0,0.0,0.0,0.0,0.0
933,0,0.0,-2.6681918955851027,0.0,0.0,0.0
933,1,0.0,0.0,0.0,0.0,-4.347866711301823
933,2,0.0,0.0,0.0,0.0,0.0
933,3,0.0,0.0,0.0,0.0,0.0
933,4,0.0,0.0,0.0,0.0,0.0
934,0,0.0,-2.670490860642574,0.0,0.0,0.0
934,1,0.0,0.0,0.0,0.0,-4.349134843782719
934,2,0.0,0.0,0.0,0.0,0.0
934,3,0.0,0.0,0.0,0.0,0.0
934,4,0.0,0.0,0.0,0.0,0.0
935,0,0.0,-2.6727869866736533,0.0,0.0,0.0
935,1,0.0,0.0,0.0,0.0,-4.350400850154912
935,2,0.0,0.0,0.0,0.0,0.0
935,3,0.0,0.0,0.0,0.0,0.0
935,4,0.0,0.0,0.0,0.0,0.0
936,0,0.0,-2.6750802765535853,0.0,0.0,0.0
936,1,0.0,0.0,0.0,0.0,-4.351664735880285
936,2,0.0,0.0,0.0,0.0,0.0
936,3,0.0,0.0,0.0,0.0,0.0
936,4,0.0,0.0,0.0,0.0,0.0
937,0,0.0,-2.6773707331619443,0.0,0.0,0.0
937,1,0.0,0.0,0.0,0.0,-4.3529265063997915
937,2,0.0,0.0,0.0,0.0,0.0
937,3,0.0,0.0,0.0,0.0,0.0
937,4,0.0,0.0,0.0,0.0,0.0
938,0,0.0,-2.6796583593833074,0.0,0.0,0.0
938,1,0.0,0.0,0.0,0.0,-4.354186167133579
938,2,0.0,0.0,0.0,0.0,0.0
938,3,0.0,0.0,0.0,0.0,0.0
938,4,0.0,0.0,0.0,0.0,0.0
939,0,0.0,-2.6819431581062894,0.0,0.0,0.0
939,1,0.0,0.0,0.0,0.0,-4.355443723481094
939,2,0.0,0.0,0.0,0.0,0.0
939,3,0.0,0.0,0.0,0.0,0.0
939,4,0.0,0.0,0.0,0.0,0.0
940,0,0.0,-2.6842251322230872,0.0,0.0,0.0
940,1,0.0,0.0,0.0,0.0,-4.3566991808211935
940,2,0.0,0.0,0.0,0.0,0.0
940,3,0.0,0.0,0.0,0.0,0.0
940,4,0.0,0.0,0.0,0.0,0.0
941,0,0.0,-2.686504284629316,0.0,0.0,0.0
941,1,0.0,0.0,0.0,0.0,-4.357952544512262
941,2,0.0,0.0,0.0,0.0,0.0
941,3,0.0,0.0,0.0,0.0,0.0
941,4,0.0,0.0,0.0,0.0,0.0
942,0,0.0,-2.688780618223754,0.0,0.0,0.0
942,1,0.0,0.0,0.0,0.0,-4.359203819892319
942,2,0.0,0.0,0.0,0.0,0.0
942,3,0.0,0.0,0.0,0.0,0.0
942,4,0.0,0.0,0.0,0.0,0.0
943,0,0.0,-2.6910541359082982,0.0,0.0,0.0
943,1,0.0,0.0,0.0,0.0,-4.360453012279127
943,2,0.0,0.0,0.0,0.0,0.0
943,3,0.0,0.0,0.0,0.0,0.0
943,4,0.0,0.0,0.0,0.0,0.0
944,0,0.0,-2.693324840588508,0.0,0.0,0.0
944,1,0.0,0.0,0.0,0.0,-4.361700126970298
944,2,0.0,0.0,0.0,0.0,0.0
944,3,0.0,0.0,0.0,0.0,0.0
944,4,0.0,0.0,0.0,0.0,0.0
945,0,0.0,-2.695592735173184,0.0,0.0,0.0
945,1,0.0,0.0,0.0,0.0,-4.3629451692434085
945,2,0.0,0.0,0.0,0.0,0.0
945,3,0.0,0.0,0.0,0.0,0.0
945,4,0.0,0.0,0.0,0.0,0.0
946,0,0.0,-2.697857822574181,0.0,0.0,0.0
946,1,0.0,0.0,0.0,0.0,-4.3641881443561
946,2,0.0,0.0,0.0,0.0,0.0
946,3,0.0,0.0,0.0,0.0,0.0
946,4,0.0,0.0,0.0,0.0,0.0
947,0,0.0,-2.7001201057061452,0.0,0.0,0.0
947,1,0.0,0.0,0.0,0.0,-4.365429057546186
947,2,0.0,0.0,0.0,0.0,0.0
947,3,0.0,0.0,0.0,0.0,0.0
947,4,0.0,0.0,0.0,0.0,0.0
948,0,0.0,-2.7023795874878407,0.0,0.0,0.0
948,1,0.0,0.0,0.0,0.0,-4.366667914031764
948,2,0.0,0.0,0.0,0.0,0.0
948,3,0.0,0.0,0.0,0.0,0.0
948,4,0.0,0.0,0.0,0.0,0.0
949,0,0.0,-2.704636270841695,0.0,0.0,0.0
949,1,0.0,0.0,0.0,0.0,-4.367904719011311
949,2,0.0,0.0,0.0,0.0,0.0
949,3,0.0,0.0,0.0,0.0,0.0
949,4,0.0,0.0,0.0,0.0,0.0
950,0,0.0,-2.7068901586930827,0.0,0.0,0.0
950,1,0.0,0.0,0.0,0.0,-4.369139477663794
950,2,0.0,0.0,0.0,0.0,0.0
950,3,0.0,0.0,0.0,0.0,0.0
950,4,0.0,0.0,0.0,0.0,0.0
951,0,0.0,-2.7091412539700372,0.0,0.0,0.0
951,1,0.0,0.0,0.0,0.0,-4.370372195148773
951,2,0.0,0.0,0.0,0.0,0.0
951,3,0.0,0.0,0.0,0.0,0.0
951,4,0.0,0.0,0.0,0.0,0.0
952,0,0.0,-2.7113895596045046,0.0,0.0,0.0
952,1,0.0,0.0,0.0,0.0,-4.371602876606502
952,2,0.0,0.0,0.0,0.0,0.0
952,3,0.0,0.0,0.0,0.0,0.0
952,4,0.0,0.0,0.0,0.0,0.0
953,0,0.0,-2.713635078533363,0.0,0.0,0.0
953,1,0.0,0.0,0.0,0.0,-4.372831527158033
953,2,0.0,0.0,0.0,0.0,0.0
953,3,0.0,0.0,0.0,0.0,0.0
953,4,0.0,0.0,0.0,0.0,0.0
954,0,0.0,-2.7158778136963,0.0,0.0,0.0
954,1,0.0,0.0,0.0,0.0,-4.374058151905311
954,2,0.0,0.0,0.0,0.0,0.0
954,3,0.0,0.0,0.0,0.0,0.0
954,4,0.0,0.0,0.0,0.0,0.0
955,0,0.0,-2.7181177680357225,0.0,0.0,0.0
955,1,0.0,0.0,0.0,0.0,-4.375282755931286
955,2,0.0,0.0,0.0,0.0,0.0
955,3,0.0,0.0,0.0,0.0,0.0
955,4,0.0,0.0,0.0,0.0,0.0
956,0,0.0,-2.720354944496828,0.0,0.0,0.0
956,1,0.0,0.0,0.0,0.0,-4.3765053443000035
956,2,0.0,0.0,0.0,0.0,0.0
956,3,0.0,0.0,0.0,0.0,0.0
956,4,0.0,0.0,0.0,0.0,0.0
957,0,0.0,-2.7225893460284523,0.0,0.0,0.0
957,1,0.0,0.0,0.0,0.0,-4.3777259220567055
957,2,0.0,0.0,0.0,0.0,0.0
957,3,0.0,0.0,0.0,0.0,0.0
957,4,0.0,0.0,0.0,0.0,0.0
958,0,0.0,-2.724820975582216,0.0,0.0,0.0
958,1,0.0,0.0,0.0,0.0,-4.378944494227935
958,2,0.0,0.0,0.0,0.0,0.0
958,3,0.0,0.0,0.0,0.0,0.0
958,4,0.0,0.0,0.0,0.0,0.0
959,0,0.0,-2.727049836112863,0.0,0.0,0.0
959,1,0.0,0.0,0.0,0.0,-4.380161065821691
959,2,0.0,0.0,0.0,0.0,0.0
959,3,0.0,0.0,0.0,0.0,0.0
959,4,0.0,0.0,0.0,0.0,0.0
960,0,0.0,-2.729275930578799,0.0,0.0,0.0
960,1,0.0,0.0,0.0,0.0,-4.381375641868795
960,2,0.0,0.0,0.0,0.0,0.0
960,3,0.0,0.0,0.0,0.0,0.0
960,4,0.0,0.0,0.0,0.0,0.0
961,0,0.0,-2.7314992619418716,0.0,0.0,0.0
961,1,0.0,0.0,0.0,0.0,-4.382588227416345
961,2,0.0,0.0,0.0,0.0,0.0
961,3,0.0,0.0,0.0,0.0,0.0
961,4,0.0,0.0,0.0,0.0,0.0
962,0,0.0,-2.733719833168436,0.0,0.0,0.0
962,1,0.0,0.0,0.0,0.0,-4.383798827492361
962,2,0.0,0.0,0.0,0.0,0.0
962,3,0.0,0.0,0.0,0.0,0.0
962,4,0.0,0.0,0.0,0.0,0.0
963,0,0.0,-2.7359376472279675,0.0,0.0,0.0
963,1,0.0,0.0,0.0,0.0,-4.385007447105893
963,2,0.0,0.0,0.0,0.0,0.0
963,3,0.0,0.0,0.0,0.0,0.0
963,4,0.0,0.0,0.0,0.0,0.0
964,0,0.0,-2.7381527070924006,0.0,0.0,0.0
964,1,0.0,0.0,0.0,0.0,-4.386214091247116
964,2,0.0,0.0,0.0,0.0,0.0
964,3,0.0,0.0,0.0,0.0,0.0
964,4,0.0,0.0,0.0,0.0,0.0
965,0,0.0,-2.740365015736057,0.0,0.0,0.0
965,1,0.0,0.0,0.0,0.0,-4.387418764887429
965,2,0.0,0.0,0.0,0.0,0.0
965,3,0.0,0.0,0.0,0.0,0.0
965,4,0.0,0.0,0.0,0.0,0.0
966,0,0.0,-2.742574576135502,0.0,0.0,0.0
966,1,0.0,0.0,0.0,0.0,-4.388621472979558
966,2,0.0,0.0,0.0,0.0,0.0
966,3,0.0,0.0,0.0,0.0,0.0
966,4,0.0,0.0,0.0,0.0,0.0
967,0,0.0,-2.744781391269487,0.0,0.0,0.0
967,1,0.0,0.0,0.0,0.0,-4.3898222204576545
967,2,0.0,0.0,0.0,0.0,0.0
967,3,0.0,0.0,0.0,0.0,0.0
967,4,0.0,0.0,0.0,0.0,0.0
968,0,0.0,-2.7469854641190246,0.0,0.0,0.0
968,1,0.0,0.0,0.0,0.0,-4.391021012237391
968,2,0.0,0.0,0.0,0.0,0.0
968,3,0.0,0.0,0.0,0.0,0.0
968,4,0.0,0.0,0.0,0.0,0.0
969,0,0.0,-2.7491867976673308,0.0,0.0,0.0
969,1,0.0,0.0,0.0,0.0,-4.392217853216058
969,2,0.0,0.0,0.0,0.0,0.0
969,3,0.0,0.0,0.0,0.0,0.0
969,4,0.0,0.0,0.0,0.0,0.0
970,0,0.0,-2.7513853948997844,0.0,0.0,0.0
970,1,0.0,0.0,0.0,0.0,-4.393412748272668
970,2,0.0,0.0,0.0,0.0,0.0
970,3,0.0,0.0,0.0,0.0,0.0
970,4,0.0,0.0,0.0,0.0,0.0
971,0,0.0,-2.753581258803889,0.0,0.0,0.0
971,1,0.0,0.0,0.0,0.0,-4.3946057022680405
971,2,0.0,0.0,0.0,0.0,0.0
971,3,0.0,0.0,0.0,0.0,0.0
971,4,0.0,0.0,0.0,0.0,0.0
972,0,0.0,-2.75577439236929,0.0,0.0,0.0
972,1,0.0,0.0,0.0,0.0,-4.395796720044909
972,2,0.0,0.0,0.0,0.0,0.0
972,3,0.0,0.0,0.0,0.0,0.0
972,4,0.0,0.0,0.0,0.0,0.0
973,0,0.0,-2.7579647985880404,0.0,0.0,0.0
973,1,0.0,0.0,0.0,0.0,-4.396985806428004
973,2,0.0,0.0,0.0,0.0,0.0
973,3,0.0,0.0,0.0,0.0,0.0
973,4,0.0,0.0,0.0,0.0,0.0
974,0,0.0,-2.7601524804542192,0.0,0.0,0.0
974,1,0.0,0.0,0.0,0.0,-4.398172966224156
974,2,0.0,0.0,0.0,0.0,0.0
974,3,0.0,0.0,0.0,0.0,0.0
974,4,0.0,0.0,0.0,0.0,0.0
975,0,0.0,-2.762337440963845,0.0,0.0,0.0
975,1,0.0,0.0,0.0,0.0,-4.399358204222387
975,2,0.0,0.0,0.0,0.0,0.0
975,3,0.0,0.0,0.0,0.0,0.0
975,4,0.0,0.0,0.0,0.0,0.0
976,0,0.0,-2.7645196831150463,0.0,0.0,0.0
976,1,0.0,0.0,0.0,0.0,-4.400541525194001
976,2,0.0,0.0,0.0,0.0,0.0
976,3,0.0,0.0,0.0,0.0,0.0
976,4,0.0,0.0,0.0,0.0,0.0
977,0,0.0,-2.7666992099094228,0.0,0.0,0.0
977,1,0.0,0.0,0.0,0.0,-4.401722933892676
977,2,0.0,0.0,0.0,0.0,0.0
977,3,0.0,0.0,0.0,0.0,0.0
977,4,0.0,0.0,0.0,0.0,0.0
978,0,0.0,-2.7688760243512323,0.0,0.0,0.0
978,1,0.0,0.0,0.0,0.0,-4.402902435054562
978,2,0.0,0.0,0.0,0.0,0.0
978,3,0.0,0.0,0.0,0.0,0.0
978,4,0.0,0.0,0.0,0.0,0.0
979,0,0.0,-2.771050129448172,0.0,0.0,0.0
979,1,0.0,0.0,0.0,0.0,-4.4040800333983645
979,2,0.0,0.0,0.0,0.0,0.0
979,3,0.0,0.0,0.0,0.0,0.0
979,4,0.0,0.0,0.0,0.0,0.0
980,0,0.0,-2.7732215282106507,0.0,0.0,0.0
980,1,0.0,0.0,0.0,0.0,-4.405255733625435
980,2,0.0,0.0,0.0,0.0,0.0
980,3,0.0,0.0,0.0,0.0,0.0
980,4,0.0,0.0,0.0,0.0,0.0
981,0,0.0,-2.7753902236507297,0.0,0.0,0.0
981,1,0.0,0.0,0.0,0.0,-4.406429540419873
981,2,0.0,0.0,0.0,0.0,0.0
981,3,0.0,0.0,0.0,0.0,0.0
981,4,0.0,0.0,0.0,0.0,0.0
982,0,0.0,-2.7775562187822707,0.0,0.0,0.0
982,1,0.0,0.0,0.0,0.0,-4.407601458448593
982,2,0.0,0.0,0.0,0.0,0.0
982,3,0.0,0.0,0.0,0.0,0.0
982,4,0.0,0.0,0.0,0.0,0.0
983,0,0.0,-2.7797195166207986,0.0,0.0,0.0
983,1,0.0,0.0,0.0,0.0,-4.408771492361438
983,2,0.0,0.0,0.0,0.0,0.0
983,3,0.0,0.0,0.0,0.0,0.0
983,4,0.0,0.0,0.0,0.0,0.0
984,0,0.0,-2.781880120183364,0.0,0.0,0.0
984,1,0.0,0.0,0.0,0.0,-4.409939646791247
984,2,0.0,0.0,0.0,0.0,0.0
984,3,0.0,0.0,0.0,0.0,0.0
984,4,0.0,0.0,0.0,0.0,0.0
985,0,0.0,-2.7840380324887626,0.0,0.0,0.0
985,1,0.0,0.0,0.0,0.0,-4.4111059263539545
985,2,0.0,0.0,0.0,0.0,0.0
985,3,0.0,0.0,0.0,0.0,0.0
985,4,0.0,0.0,0.0,0.0,0.0
986,0,0.0,-2.7861932565587075,0.0,0.0,0.0
986,1,0.0,0.0,0.0,0.0,-4.412270335648673
986,2,0.0,0.0,0.0,0.0,0.0
986,3,0.0,0.0,0.0,0.0,0.0
986,4,0.0,0.0,0.0,0.0,0.0
987,0,0.0,-2.7883457954167206,0.0,0.0,0.0
987,1,0.0,0.0,0.0,0.0,-4.413432879257782
987,2,0.0,0.0,0.0,0.0,0.0
987,3,0.0,0.0,0.0,0.0,0.0
987,4,0.0,0.0,0.0,0.0,0.0
988,0,0.0,-2.7904956520884614,0.0,0.0,0.0
988,1,0.0,0.0,0.0,0.0,-4.414593561747009
988,2,0.0,0.0,0.0,0.0,0.0
988,3,0.0,0.0,0.0,0.0,0.0
988,4,0.0,0.0,0.0,0.0,0.0
989,0,0.0,-2.792642829600987,0.0,0.0,0.0
989,1,0.0,0.0,0.0,0.0,-4.41575238766552
989,2,0.0,0.0,0.0,0.0,0.0
989,3,0.0,0.0,0.0,0.0,0.0
989,4,0.0,0.0,0.0,0.0,0.0
990,0,0.0,-2.794787330983133,0.0,0.0,0.0
990,1,0.0,0.0,0.0,0.0,-4.416909361545999
990,2,0.0,0.0,0.0,0.0,0.0
990,3,0.0,0.0,0.0,0.0,0.0
990,4,0.0,0.0,0.0,0.0,0.0
991,0,0.0,-2.7969291592665613,0.0,0.0,0.0
991,1,0.0,0.0,0.0,0.0,-4.418064487904736
991,2,0.0,0.0,0.0,0.0,0.0
991,3,0.0,0.0,0.0,0.0,0.0
991,4,0.0,0.0,0.0,0.0,0.0
992,0,0.0,-2.7990683174868702,0.0,0.0,0.0
992,1,0.0,0.0,0.0,0.0,-4.41921777124171
992,2,0.0,0.0,0.0,0.0,0.0
992,3,0.0,0.0,0.0,0.0,0.0
992,4,0.0,0.0,0.0,0.0,0.0
993,0,0.0,-2.801204808682679,0.0,0.0,0.0
993,1,0.0,0.0,0.0,0.0,-4.420369216040669
993,2,0.0,0.0,0.0,0.0,0.0
993,3,0.0,0.0,0.0,0.0,0.0
993,4,0.0,0.0,0.0,0.0,0.0
994,0,0.0,-2.803338635893819,0.0,0.0,0.0
994,1,0.0,0.0,0.0,0.0,-4.421518826769216
994,2,0.0,0.0,0.0,0.0,0.0
994,3,0.0,0.0,0.0,0.0,0.0
994,4,0.0,0.0,0.0,0.0,0.0
995,0,0.0,-2.805469802161007,0.0,0.0,0.0
995,1,0.0,0.0,0.0,0.0,-4.422666607878888
995,2,0.0,0.0,0.0,0.0,0.0
995,3,0.0,0.0,0.0,0.0,0.0
995,4,0.0,0.0,0.0,0.0,0.0
996,0,0.0,-2.80759831052606,0.0,0.0,0.0
996,1,0.0,0.0,0.0,0.0,-4.423812563805237
996,2,0.0,0.0,0.0,0.0,0.0
996,3,0.0,0.0,0.0,0.0,0.0
996,4,0.0,0.0,0.0,0.0,0.0
997,0,0.0,-2.809724164031834,0.0,0.0,0.0
997,1,0.0,0.0,0.0,0.0,-4.424956698967918
997,2,0.0,0.0,0.0,0.0,0.0
997,3,0.0,0.0,0.0,0.0,0.0
997,4,0.0,0.0,0.0,0.0,0.0
998,0,0.0,-2.81184736572252,0.0,0.0,0.0
998,1,0.0,0.0,0.0,0.0,-4.426099017770757
998,2,0.0,0.0,0.0,0.0,0.0
998,3,0.0,0.0,0.0,0.0,0.0
998,4,0.0,0.0,0.0,0.0,0.0
999,0,0.0,-2.8139679186433564,0.0,0.0,0.0
999,1,0.0,0.0,0.0,0.0,-4.427239524628873
999,2,0.0,0.0,0.0,0.0,0.0
999,3,0.0,0.0,0.0,0.0,0.0
999,4,0.0,0.0,0.0,0.0,0.0
1000,0,0.0,-2.816085825840504,0.0,0.0,0.0
1000,1,0.0,0.0,0.0,0.0,-4.428378223981885
1000,2,0.0,0.0,0.0,0.0,0.0
1000,3,0.0,0.0,0.0,0.0,0.0
1000,4,0.0,0.0,0.0,0.0,0.0
