1,0,0.0,0.0,0.0,0.0,0.0
1,1,0.0,0.0,0.0,0.0,0.0
1,2,0.0,0.0,0.0,0.0,-0.07625
1,3,0.0,0.0,0.0,0.0,0.0
1,4,0.0,0.0,0.0,0.0,0.0
2,0,0.0,0.0,0.0,0.0,0.0
2,1,0.0,0.0,-9.689172784105469e-06,0.0,0.0
2,2,0.0,0.0,0.0,0.0,-0.15224585776303987
2,3,0.0,0.0,0.0,0.0,0.0
2,4,0.0,0.0,0.0,0.0,0.0
3,0,0.0,-1.5645174296846134e-13,0.0,0.0,0.0
3,1,0.0,0.0,-4.829576919036903e-05,0.0,0.0
3,2,0.0,0.0,0.0,0.0,-0.22798852623089677
3,3,0.0,0.0,0.0,0.0,0.0
3,4,0.0,0.0,0.0,0.0,0.0
4,0,0.0,-4.0434480181026496e-12,0.0,0.0,0.0
4,1,0.0,0.0,-0.00013480985078533715,0.0,0.0
4,2,0.0,0.0,0.0,0.0,-0.30597895453406937
4,3,0.0,0.0,0.0,0.0,0.0
4,4,0.0,0.0,0.0,0.0,0.0
5,0,0.0,-3.4327691604090484e-11,0.0,0.0,0.0
5,1,0.0,0.0,-0.0002905027281219787,0.0,0.0
5,2,0.0,0.0,0.0,0.0,-0.38120975547529606
5,3,0.0,0.0,0.0,0.0,0.0
5,4,0.0,0.0,0.0,0.0,0.0
6,0,0.0,-3.4327691604090484e-11,0.0,0.0,-0.07125
6,1,0.0,0.0,-0.0002905027281219787,0.0,0.0
6,2,0.0,0.0,0.0,0.0,-0.38120975547529606
6,3,0.0,0.0,0.0,0.0,0.0
6,4,0.0,0.0,0.0,0.0,0.0
7,0,0.0,-3.4327691604090484e-11,0.0,0.0,-0.13976252282775853
7,1,0.0,0.0,-0.0002905027281219787,0.0,0.0
7,2,0.0,0.0,0.0,0.0,-0.38120975547529606
7,3,0.0,0.0,0.0,0.0,0.0
7,4,0.0,0.0,0.0,0.0,0.0
8,0,0.0,-3.4327691604090484e-11,0.0,0.0,-0.2080467914694268
8,1,0.0,0.0,-0.0002905027281219787,0.0,0.0
8,2,0.0,0.0,0.0,0.0,-0.38120975547529606
8,3,0.0,0.0,0.0,0.0,0.0
8,4,0.0,0.0,0.0,0.0,0.0
9,0,0.0,-3.4327691604090484e-11,0.0,0.0,-0.27860366157344524
9,1,0.0,0.0,-0.0002905027281219787,0.0,0.0
9,2,0.0,0.0,0.0,0.0,-0.38120975547529606
9,3,0.0,0.0,0.0,0.0,0.0
9,4,0.0,0.0,0.0,0.0,0.0
10,0,0.0,-3.4327691604090484e-11,0.0,0.0,-0.34892565283433286
10,1,0.0,0.0,-0.0002905027281219787,0.0,0.0
10,2,0.0,0.0,0.0,0.0,-0.38120975547529606
10,3,0.0,0.0,0.0,0.0,0.0
10,4,0.0,0.0,0.0,0.0,0.0
11,0,0.0,-1.7494554080129657e-10,0.0,0.0,-0.34892565283433286
11,1,0.0,0.0,-0.0005319105709470853,0.0,0.0
11,2,0.0,0.0,0.0,0.0,-0.45869023438643564
11,3,0.0,0.0,0.0,0.0,0.0
11,4,0.0,0.0,0.0,0.0,0.0
12,0,0.0,-1.7494554080129657e-10,0.0,0.0,-0.41651364531565077
12,1,0.0,0.0,-0.0005319105709470853,0.0,0.0
12,2,0.0,0.0,0.0,0.0,-0.45869023438643564
12,3,0.0,0.0,0.0,0.0,0.0
12,4,0.0,0.0,0.0,0.0,0.0
13,0,0.0,-1.7494554080129657e-10,0.0,0.0,-0.4838768480952417
13,1,0.0,0.0,-0.0005319105709470853,0.0,0.0
13,2,0.0,0.0,0.0,0.0,-0.45869023438643564
13,3,0.0,0.0,0.0,0.0,0.0
13,4,0.0,0.0,0.0,0.0,0.0
14,0,0.0,-1.7494554080129657e-10,0.0,0.0,-0.5510161029711689
14,1,0.0,0.0,-0.0005319105709470853,0.0,0.0
14,2,0.0,0.0,0.0,0.0,-0.45869023438643564
14,3,0.0,0.0,0.0,0.0,0.0
14,4,0.0,0.0,0.0,0.0,0.0
15,0,0.0,-1.7494554080129657e-10,0.0,0.0,-0.6204322483776172
15,1,0.0,0.0,-0.0005319105709470853,0.0,0.0
15,2,0.0,0.0,0.0,0.0,-0.45869023438643564
15,3,0.0,0.0,0.0,0.0,0.0
15,4,0.0,0.0,0.0,0.0,0.0
16,0,0.0,-1.7494554080129657e-10,0.0,0.0,-0.6871177868665387
16,1,0.0,0.0,-0.0005319105709470853,0.0,0.0
16,2,0.0,0.0,0.0,0.0,-0.45869023438643564
16,3,0.0,0.0,0.0,0.0,0.0
16,4,0.0,0.0,0.0,0.0,0.0
17,0,0.0,-1.7494554080129657e-10,0.0,0.0,-0.7560819139626689
17,1,0.0,0.0,-0.0005319105709470853,0.0,0.0
17,2,0.0,0.0,0.0,0.0,-0.45869023438643564
17,3,0.0,0.0,0.0,0.0,0.0
17,4,0.0,0.0,0.0,0.0,0.0
18,0,0.0,-1.7494554080129657e-10,0.0,0.0,-0.8248171254350297
18,1,0.0,0.0,-0.0005319105709470853,0.0,0.0
18,2,0.0,0.0,0.0,0.0,-0.45869023438643564
18,3,0.0,0.0,0.0,0.0,0.0
18,4,0.0,0.0,0.0,0.0,0.0
19,0,0.0,-1.7494554080129657e-10,0.0,0.0,-0.8908242775212996
19,1,0.0,0.0,-0.0005319105709470853,0.0,0.0
19,2,0.0,0.0,0.0,0.0,-0.45869023438643564
19,3,0.0,0.0,0.0,0.0,0.0
19,4,0.0,0.0,0.0,0.0,0.0
20,0,0.0,-6.463267040006723e-10,0.0,0.0,-0.8908242775212996
20,1,0.0,0.0,-0.0008810022214974229,0.0,0.0
20,2,0.0,0.0,0.0,0.0,-0.5384129964018264
20,3,0.0,0.0,0.0,0.0,0.0
20,4,0.0,0.0,0.0,0.0,0.0
21,0,0.0,-6.463267040006723e-10,0.0,0.0,-0.9566125555726254
21,1,0.0,0.0,-0.0008810022214974229,0.0,0.0
21,2,0.0,0.0,0.0,0.0,-0.5384129964018264
21,3,0.0,0.0,0.0,0.0,0.0
21,4,0.0,0.0,0.0,0.0,0.0
22,0,0.0,-6.463267040006723e-10,0.0,0.0,-1.022182777759138
22,1,0.0,0.0,-0.0008810022214974229,0.0,0.0
22,2,0.0,0.0,0.0,0.0,-0.5384129964018264
22,3,0.0,0.0,0.0,0.0,0.0
22,4,0.0,0.0,0.0,0.0,0.0
23,0,0.0,-6.463267040006723e-10,0.0,0.0,-1.0900357589854286
23,1,0.0,0.0,-0.0008810022214974229,0.0,0.0
23,2,0.0,0.0,0.0,0.0,-0.5384129964018264
23,3,0.0,0.0,0.0,0.0,0.0
23,4,0.0,0.0,0.0,0.0,0.0
24,0,0.0,-6.463267040006723e-10,0.0,0.0,-1.1551639783717755
24,1,0.0,0.0,-0.0008810022214974229,0.0,0.0
24,2,0.0,0.0,0.0,0.0,-0.5384129964018264
24,3,0.0,0.0,0.0,0.0,0.0
24,4,0.0,0.0,0.0,0.0,0.0
25,0,0.0,-6.463267040006723e-10,0.0,0.0,-1.2225766081087395
25,1,0.0,0.0,-0.0008810022214974229,0.0,0.0
25,2,0.0,0.0,0.0,0.0,-0.5384129964018264
25,3,0.0,0.0,0.0,0.0,0.0
25,4,0.0,0.0,0.0,0.0,0.0
26,0,0.0,-6.463267040006723e-10,0.0,0.0,-1.2897661207282494
26,1,0.0,0.0,-0.0008810022214974229,0.0,0.0
26,2,0.0,0.0,0.0,0.0,-0.5384129964018264
26,3,0.0,0.0,0.0,0.0,0.0
26,4,0.0,0.0,0.0,0.0,0.0
27,0,0.0,-6.463267040006723e-10,0.0,0.0,-1.3567333493275575
27,1,0.0,0.0,-0.0008810022214974229,0.0,0.0
27,2,0.0,0.0,0.0,0.0,-0.5384129964018264
27,3,0.0,0.0,0.0,0.0,0.0
27,4,0.0,0.0,0.0,0.0,0.0
28,0,0.0,-6.463267040006723e-10,0.0,0.0,-1.4234791236812778
28,1,0.0,0.0,-0.0008810022214974229,0.0,0.0
28,2,0.0,0.0,0.0,0.0,-0.5384129964018264
28,3,0.0,0.0,0.0,0.0,0.0
28,4,0.0,0.0,0.0,0.0,0.0
29,0,0.0,-6.463267040006723e-10,0.0,0.0,-1.490004270255201
29,1,0.0,0.0,-0.0008810022214974229,0.0,0.0
29,2,0.0,0.0,0.0,0.0,-0.5384129964018264
29,3,0.0,0.0,0.0,0.0,0.0
29,4,0.0,0.0,0.0,0.0,0.0
30,0,0.0,-6.463267040006723e-10,0.0,0.0,-1.556309612220049
30,1,0.0,0.0,-0.0008810022214974229,0.0,0.0
30,2,0.0,0.0,0.0,0.0,-0.5384129964018264
30,3,0.0,0.0,0.0,0.0,0.0
30,4,0.0,0.0,0.0,0.0,0.0
31,0,0.0,-6.463267040006723e-10,0.0,0.0,-1.6223959694651737
31,1,0.0,0.0,-0.0008810022214974229,0.0,0.0
31,2,0.0,0.0,0.0,0.0,-0.5384129964018264
31,3,0.0,0.0,0.0,0.0,0.0
31,4,0.0,0.0,0.0,0.0,0.0
32,0,0.0,-6.463267040006723e-10,0.0,0.0,-1.6857641586121912
32,1,0.0,0.0,-0.0008810022214974229,0.0,0.0
32,2,0.0,0.0,0.0,0.0,-0.5384129964018264
32,3,0.0,0.0,0.0,0.0,0.0
32,4,0.0,0.0,0.0,0.0,0.0
33,0,0.0,-6.463267040006723e-10,0.0,0.0,-1.7514233255609233
33,1,0.0,0.0,-0.0008810022214974229,0.0,0.0
33,2,0.0,0.0,0.0,0.0,-0.5384129964018264
33,3,0.0,0.0,0.0,0.0,0.0
33,4,0.0,0.0,0.0,0.0,0.0
34,0,0.0,-6.463267040006723e-10,0.0,0.0,-1.8168659166618477
34,1,0.0,0.0,-0.0008810022214974229,0.0,0.0
34,2,0.0,0.0,0.0,0.0,-0.5384129964018264
34,3,0.0,0.0,0.0,0.0,0.0
34,4,0.0,0.0,0.0,0.0,0.0
35,0,0.0,-6.463267040006723e-10,0.0,0.0,-1.8820927389395865
35,1,0.0,0.0,-0.0008810022214974229,0.0,0.0
35,2,0.0,0.0,0.0,0.0,-0.5384129964018264
35,3,0.0,0.0,0.0,0.0,0.0
35,4,0.0,0.0,0.0,0.0,0.0
36,0,0.0,-6.463267040006723e-10,0.0,0.0,-1.9446045962044762
36,1,0.0,0.0,-0.0008810022214974229,0.0,0.0
36,2,0.0,0.0,0.0,0.0,-0.5384129964018264
36,3,0.0,0.0,0.0,0.0,0.0
36,4,0.0,0.0,0.0,0.0,0.0
37,0,0.0,-6.463267040006723e-10,0.0,0.0,-2.006910621598281
37,1,0.0,0.0,-0.0008810022214974229,0.0,0.0
37,2,0.0,0.0,0.0,0.0,-0.5384129964018264
37,3,0.0,0.0,0.0,0.0,0.0
37,4,0.0,0.0,0.0,0.0,0.0
38,0,0.0,-6.463267040006723e-10,0.0,0.0,-2.0715115812987746
38,1,0.0,0.0,-0.0008810022214974229,0.0,0.0
38,2,0.0,0.0,0.0,0.0,-0.5384129964018264
38,3,0.0,0.0,0.0,0.0,0.0
38,4,0.0,0.0,0.0,0.0,0.0
39,0,0.0,-6.463267040006723e-10,0.0,0.0,-2.1333999059019297
39,1,0.0,0.0,-0.0008810022214974229,0.0,0.0
39,2,0.0,0.0,0.0,0.0,-0.5384129964018264
39,3,0.0,0.0,0.0,0.0,0.0
39,4,0.0,0.0,0.0,0.0,0.0
40,0,0.0,-6.463267040006723e-10,0.0,0.0,-2.1975847192756492
40,1,0.0,0.0,-0.0008810022214974229,0.0,0.0
40,2,0.0,0.0,0.0,0.0,-0.5384129964018264
40,3,0.0,0.0,0.0,0.0,0.0
40,4,0.0,0.0,0.0,0.0,0.0
41,0,0.0,-6.463267040006723e-10,0.0,0.0,-2.259058445829988
41,1,0.0,0.0,-0.0008810022214974229,0.0,0.0
41,2,0.0,0.0,0.0,0.0,-0.5384129964018264
41,3,0.0,0.0,0.0,0.0,0.0
41,4,0.0,0.0,0.0,0.0,0.0
42,0,0.0,-6.463267040006723e-10,0.0,0.0,-2.32283020327261
42,1,0.0,0.0,-0.0008810022214974229,0.0,0.0
42,2,0.0,0.0,0.0,0.0,-0.5384129964018264
42,3,0.0,0.0,0.0,0.0,0.0
42,4,0.0,0.0,0.0,0.0,0.0
43,0,0.0,-6.463267040006723e-10,0.0,0.0,-2.3838924098789
43,1,0.0,0.0,-0.0008810022214974229,0.0,0.0
43,2,0.0,0.0,0.0,0.0,-0.5384129964018264
43,3,0.0,0.0,0.0,0.0,0.0
43,4,0.0,0.0,0.0,0.0,0.0
44,0,0.0,-6.463267040006723e-10,0.0,0.0,-2.4472541772473106
44,1,0.0,0.0,-0.0008810022214974229,0.0,0.0
44,2,0.0,0.0,0.0,0.0,-0.5384129964018264
44,3,0.0,0.0,0.0,0.0,0.0
44,4,0.0,0.0,0.0,0.0,0.0
45,0,0.0,-6.463267040006723e-10,0.0,0.0,-2.5104079175693674
45,1,0.0,0.0,-0.0008810022214974229,0.0,0.0
45,2,0.0,0.0,0.0,0.0,-0.5384129964018264
45,3,0.0,0.0,0.0,0.0,0.0
45,4,0.0,0.0,0.0,0.0,0.0
46,0,0.0,-6.463267040006723e-10,0.0,0.0,-2.5708544038525445
46,1,0.0,0.0,-0.0008810022214974229,0.0,0.0
46,2,0.0,0.0,0.0,0.0,-0.5384129964018264
46,3,0.0,0.0,0.0,0.0,0.0
46,4,0.0,0.0,0.0,0.0,0.0
47,0,0.0,-6.463267040006723e-10,0.0,0.0,-2.6311027385635946
47,1,0.0,0.0,-0.0008810022214974229,0.0,0.0
47,2,0.0,0.0,0.0,0.0,-0.5384129964018264
47,3,0.0,0.0,0.0,0.0,0.0
47,4,0.0,0.0,0.0,0.0,0.0
48,0,0.0,-6.463267040006723e-10,0.0,0.0,-2.691153657332584
48,1,0.0,0.0,-0.0008810022214974229,0.0,0.0
48,2,0.0,0.0,0.0,0.0,-0.5384129964018264
48,3,0.0,0.0,0.0,0.0,0.0
48,4,0.0,0.0,0.0,0.0,0.0
49,0,0.0,-6.463267040006723e-10,0.0,0.0,-2.7510078928668995
49,1,0.0,0.0,-0.0008810022214974229,0.0,0.0
49,2,0.0,0.0,0.0,0.0,-0.5384129964018264
49,3,0.0,0.0,0.0,0.0,0.0
49,4,0.0,0.0,0.0,0.0,0.0
50,0,0.0,-6.463267040006723e-10,0.0,0.0,-2.8131661749633605
50,1,0.0,0.0,-0.0008810022214974229,0.0,0.0
50,2,0.0,0.0,0.0,0.0,-0.5384129964018264
50,3,0.0,0.0,0.0,0.0,0.0
50,4,0.0,0.0,0.0,0.0,0.0
51,0,0.0,-1.9393101603665885e-09,0.0,0.0,-2.8131661749633605
51,1,0.0,0.0,-0.0008810022214974229,0.0,0.0
51,2,0.0,0.0,0.0,0.0,-0.5384129964018264
51,3,0.0,0.0,0.0,0.0,-0.08375
51,4,0.0,0.0,0.0,0.0,0.0
52,0,0.0,-1.9393101603665885e-09,0.0,0.0,-2.8726208979879346
52,1,0.0,0.0,-0.0008810022214974229,0.0,0.0
52,2,0.0,0.0,0.0,0.0,-0.5384129964018264
52,3,0.0,0.0,0.0,0.0,-0.08375
52,4,0.0,0.0,0.0,0.0,0.0
53,0,0.0,-1.9393101603665885e-09,0.0,0.0,-2.9343811497288184
53,1,0.0,0.0,-0.0008810022214974229,0.0,0.0
53,2,0.0,0.0,0.0,0.0,-0.5384129964018264
53,3,0.0,0.0,0.0,0.0,-0.08375
53,4,0.0,0.0,0.0,0.0,0.0
54,0,0.0,-1.9393101603665885e-09,0.0,0.0,-2.9959393186660197
54,1,0.0,0.0,-0.0008810022214974229,0.0,0.0
54,2,0.0,0.0,0.0,0.0,-0.5384129964018264
54,3,0.0,0.0,0.0,0.0,-0.08375
54,4,0.0,0.0,0.0,0.0,0.0
55,0,0.0,-3.232289820035528e-09,0.0,0.0,-2.9959393186660197
55,1,0.0,0.0,-0.0013612021151296623,0.0,0.0
55,2,0.0,0.0,0.0,0.0,-0.6153706741521456
55,3,0.0,0.0,0.0,0.0,-0.08375
55,4,0.0,0.0,0.0,0.0,0.0
56,0,0.0,-3.232289820035528e-09,0.0,0.0,-3.057296154193815
56,1,0.0,0.0,-0.0013612021151296623,0.0,0.0
56,2,0.0,0.0,0.0,0.0,-0.6153706741521456
56,3,0.0,0.0,0.0,0.0,-0.08375
56,4,0.0,0.0,0.0,0.0,0.0
57,0,0.0,-3.232289820035528e-09,0.0,0.0,-3.1184524027312954
57,1,0.0,0.0,-0.0013612021151296623,0.0,0.0
57,2,0.0,0.0,0.0,0.0,-0.6153706741521456
57,3,0.0,0.0,0.0,0.0,-0.08375
57,4,0.0,0.0,0.0,0.0,0.0
58,0,0.0,-3.232289820035528e-09,0.0,0.0,-3.179408807734701
58,1,0.0,0.0,-0.0013612021151296623,0.0,0.0
58,2,0.0,0.0,0.0,0.0,-0.6153706741521456
58,3,0.0,0.0,0.0,0.0,-0.08375
58,4,0.0,0.0,0.0,0.0,0.0
59,0,0.0,-3.232289820035528e-09,0.0,0.0,-3.240166109709688
59,1,0.0,0.0,-0.0013612021151296623,0.0,0.0
59,2,0.0,0.0,0.0,0.0,-0.6153706741521456
59,3,0.0,0.0,0.0,0.0,-0.08375
59,4,0.0,0.0,0.0,0.0,0.0
60,0,0.0,-3.232289820035528e-09,0.0,0.0,-3.3007250462235653
60,1,0.0,0.0,-0.0013612021151296623,0.0,0.0
60,2,0.0,0.0,0.0,0.0,-0.6153706741521456
60,3,0.0,0.0,0.0,0.0,-0.08375
60,4,0.0,0.0,0.0,0.0,0.0
61,0,0.0,-3.232289820035528e-09,0.0,0.0,-3.35858635191746
61,1,0.0,0.0,-0.0013612021151296623,0.0,0.0
61,2,0.0,0.0,0.0,0.0,-0.6153706741521456
61,3,0.0,0.0,0.0,0.0,-0.08375
61,4,0.0,0.0,0.0,0.0,0.0
62,0,0.0,-3.232289820035528e-09,0.0,0.0,-3.4162590910507973
62,1,0.0,0.0,-0.0013612021151296623,0.0,0.0
62,2,0.0,0.0,0.0,0.0,-0.6153706741521456
62,3,0.0,0.0,0.0,0.0,-0.08375
62,4,0.0,0.0,0.0,0.0,0.0
63,0,0.0,-3.232289820035528e-09,0.0,0.0,-3.47374396120466
63,1,0.0,0.0,-0.0013612021151296623,0.0,0.0
63,2,0.0,0.0,0.0,0.0,-0.6153706741521456
63,3,0.0,0.0,0.0,0.0,-0.08375
63,4,0.0,0.0,0.0,0.0,0.0
64,0,0.0,-3.232289820035528e-09,0.0,0.0,-3.5335416571951197
64,1,0.0,0.0,-0.0013612021151296623,0.0,0.0
64,2,0.0,0.0,0.0,0.0,-0.6153706741521456
64,3,0.0,0.0,0.0,0.0,-0.08375
64,4,0.0,0.0,0.0,0.0,0.0
65,0,0.0,-3.232289820035528e-09,0.0,0.0,-3.5931445385523153
65,1,0.0,0.0,-0.0013612021151296623,0.0,0.0
65,2,0.0,0.0,0.0,0.0,-0.6153706741521456
65,3,0.0,0.0,0.0,0.0,-0.08375
65,4,0.0,0.0,0.0,0.0,0.0
66,0,0.0,-3.232289820035528e-09,0.0,0.0,-3.6525533258405702
66,1,0.0,0.0,-0.0013612021151296623,0.0,0.0
66,2,0.0,0.0,0.0,0.0,-0.6153706741521456
66,3,0.0,0.0,0.0,0.0,-0.08375
66,4,0.0,0.0,0.0,0.0,0.0
67,0,0.0,-3.232289820035528e-09,0.0,0.0,-3.709268736768424
67,1,0.0,0.0,-0.0013612021151296623,0.0,0.0
67,2,0.0,0.0,0.0,0.0,-0.6153706741521456
67,3,0.0,0.0,0.0,0.0,-0.08375
67,4,0.0,0.0,0.0,0.0,0.0
68,0,0.0,-3.232289820035528e-09,0.0,0.0,-3.765799818732809
68,1,0.0,0.0,-0.0013612021151296623,0.0,0.0
68,2,0.0,0.0,0.0,0.0,-0.6153706741521456
68,3,0.0,0.0,0.0,0.0,-0.08375
68,4,0.0,0.0,0.0,0.0,0.0
69,0,0.0,-3.232289820035528e-09,0.0,0.0,-3.8221472525221163
69,1,0.0,0.0,-0.0013612021151296623,0.0,0.0
69,2,0.0,0.0,0.0,0.0,-0.6153706741521456
69,3,0.0,0.0,0.0,0.0,-0.08375
69,4,0.0,0.0,0.0,0.0,0.0
70,0,0.0,-3.232289820035528e-09,0.0,0.0,-3.8808117162292235
70,1,0.0,0.0,-0.0013612021151296623,0.0,0.0
70,2,0.0,0.0,0.0,0.0,-0.6153706741521456
70,3,0.0,0.0,0.0,0.0,-0.08375
70,4,0.0,0.0,0.0,0.0,0.0
71,0,0.0,-3.232289820035528e-09,0.0,0.0,-3.93928555273028
71,1,0.0,0.0,-0.0013612021151296623,0.0,0.0
71,2,0.0,0.0,0.0,0.0,-0.6153706741521456
71,3,0.0,0.0,0.0,0.0,-0.08375
71,4,0.0,0.0,0.0,0.0,0.0
72,0,0.0,-3.232289820035528e-09,0.0,0.0,-3.9950694660045283
72,1,0.0,0.0,-0.0013612021151296623,0.0,0.0
72,2,0.0,0.0,0.0,0.0,-0.6153706741521456
72,3,0.0,0.0,0.0,0.0,-0.08375
72,4,0.0,0.0,0.0,0.0,0.0
73,0,0.0,-3.232289820035528e-09,0.0,0.0,-4.0506724897764
73,1,0.0,0.0,-0.0013612021151296623,0.0,0.0
73,2,0.0,0.0,0.0,0.0,-0.6153706741521456
73,3,0.0,0.0,0.0,0.0,-0.08375
73,4,0.0,0.0,0.0,0.0,0.0
74,0,0.0,-6.31843785684136e-09,0.0,0.0,-4.0506724897764
74,1,0.0,0.0,-0.0019839120365314194,0.0,0.0
74,2,0.0,0.0,0.0,0.0,-0.6920725927197731
74,3,0.0,0.0,0.0,0.0,-0.08375
74,4,0.0,0.0,0.0,0.0,0.0
75,0,0.0,-6.31843785684136e-09,0.0,0.0,-4.106095291218337
75,1,0.0,0.0,-0.0019839120365314194,0.0,0.0
75,2,0.0,0.0,0.0,0.0,-0.6920725927197731
75,3,0.0,0.0,0.0,0.0,-0.08375
75,4,0.0,0.0,0.0,0.0,0.0
76,0,0.0,-6.31843785684136e-09,0.0,0.0,-4.163838534863574
76,1,0.0,0.0,-0.0019839120365314194,0.0,0.0
76,2,0.0,0.0,0.0,0.0,-0.6920725927197731
76,3,0.0,0.0,0.0,0.0,-0.08375
76,4,0.0,0.0,0.0,0.0,0.0
77,0,0.0,-6.31843785684136e-09,0.0,0.0,-4.221394550084698
77,1,0.0,0.0,-0.0019839120365314194,0.0,0.0
77,2,0.0,0.0,0.0,0.0,-0.6920725927197731
77,3,0.0,0.0,0.0,0.0,-0.08375
77,4,0.0,0.0,0.0,0.0,0.0
78,0,0.0,-6.31843785684136e-09,0.0,0.0,-4.276264027413214
78,1,0.0,0.0,-0.0019839120365314194,0.0,0.0
78,2,0.0,0.0,0.0,0.0,-0.6920725927197731
78,3,0.0,0.0,0.0,0.0,-0.08375
78,4,0.0,0.0,0.0,0.0,0.0
79,0,0.0,-6.31843785684136e-09,0.0,0.0,-4.333455987181417
79,1,0.0,0.0,-0.0019839120365314194,0.0,0.0
79,2,0.0,0.0,0.0,0.0,-0.6920725927197731
79,3,0.0,0.0,0.0,0.0,-0.08375
79,4,0.0,0.0,0.0,0.0,0.0
80,0,0.0,-6.31843785684136e-09,0.0,0.0,-4.387962750692607
80,1,0.0,0.0,-0.0019839120365314194,0.0,0.0
80,2,0.0,0.0,0.0,0.0,-0.6920725927197731
80,3,0.0,0.0,0.0,0.0,-0.08375
80,4,0.0,0.0,0.0,0.0,0.0
81,0,0.0,-6.31843785684136e-09,0.0,0.0,-4.444793332974711
81,1,0.0,0.0,-0.0019839120365314194,0.0,0.0
81,2,0.0,0.0,0.0,0.0,-0.6920725927197731
81,3,0.0,0.0,0.0,0.0,-0.08375
81,4,0.0,0.0,0.0,0.0,0.0
82,0,0.0,-6.31843785684136e-09,0.0,0.0,-4.501440050048585
82,1,0.0,0.0,-0.0019839120365314194,0.0,0.0
82,2,0.0,0.0,0.0,0.0,-0.6920725927197731
82,3,0.0,0.0,0.0,0.0,-0.08375
82,4,0.0,0.0,0.0,0.0,0.0
83,0,0.0,-6.31843785684136e-09,0.0,0.0,-4.557903579149176
83,1,0.0,0.0,-0.0019839120365314194,0.0,0.0
83,2,0.0,0.0,0.0,0.0,-0.6920725927197731
83,3,0.0,0.0,0.0,0.0,-0.08375
83,4,0.0,0.0,0.0,0.0,0.0
84,0,0.0,-6.31843785684136e-09,0.0,0.0,-4.614184594834802
84,1,0.0,0.0,-0.0019839120365314194,0.0,0.0
84,2,0.0,0.0,0.0,0.0,-0.6920725927197731
84,3,0.0,0.0,0.0,0.0,-0.08375
84,4,0.0,0.0,0.0,0.0,0.0
85,0,0.0,-6.31843785684136e-09,0.0,0.0,-4.670283768998197
85,1,0.0,0.0,-0.0019839120365314194,0.0,0.0
85,2,0.0,0.0,0.0,0.0,-0.6920725927197731
85,3,0.0,0.0,0.0,0.0,-0.08375
85,4,0.0,0.0,0.0,0.0,0.0
86,0,0.0,-6.31843785684136e-09,0.0,0.0,-4.723701770877534
86,1,0.0,0.0,-0.0019839120365314194,0.0,0.0
86,2,0.0,0.0,0.0,0.0,-0.6920725927197731
86,3,0.0,0.0,0.0,0.0,-0.08375
86,4,0.0,0.0,0.0,0.0,0.0
87,0,0.0,-6.31843785684136e-09,0.0,0.0,-4.776947599599735
87,1,0.0,0.0,-0.0019839120365314194,0.0,0.0
87,2,0.0,0.0,0.0,0.0,-0.6920725927197731
87,3,0.0,0.0,0.0,0.0,-0.08375
87,4,0.0,0.0,0.0,0.0,0.0
88,0,0.0,-6.31843785684136e-09,0.0,0.0,-4.832521887882687
88,1,0.0,0.0,-0.0019839120365314194,0.0,0.0
88,2,0.0,0.0,0.0,0.0,-0.6920725927197731
88,3,0.0,0.0,0.0,0.0,-0.08375
88,4,0.0,0.0,0.0,0.0,0.0
89,0,0.0,-6.31843785684136e-09,0.0,0.0,-4.887916933415053
89,1,0.0,0.0,-0.0019839120365314194,0.0,0.0
89,2,0.0,0.0,0.0,0.0,-0.6920725927197731
89,3,0.0,0.0,0.0,0.0,-0.08375
89,4,0.0,0.0,0.0,0.0,0.0
90,0,0.0,-6.31843785684136e-09,0.0,0.0,-4.9431333951753
90,1,0.0,0.0,-0.0019839120365314194,0.0,0.0
90,2,0.0,0.0,0.0,0.0,-0.6920725927197731
90,3,0.0,0.0,0.0,0.0,-0.08375
90,4,0.0,0.0,0.0,0.0,0.0
91,0,0.0,-1.2872974419587065e-08,0.0,0.0,-4.9431333951753
91,1,0.0,0.0,-0.0027590248520561003,0.0,0.0
91,2,0.0,0.0,0.0,0.0,-0.7685197094448271
91,3,0.0,0.0,0.0,0.0,-0.08375
91,4,0.0,0.0,0.0,0.0,0.0
92,0,0.0,-1.2872974419587065e-08,0.0,0.0,-4.998171929540632
92,1,0.0,0.0,-0.0027590248520561003,0.0,0.0
92,2,0.0,0.0,0.0,0.0,-0.7685197094448271
92,3,0.0,0.0,0.0,0.0,-0.08375
92,4,0.0,0.0,0.0,0.0,0.0
93,0,0.0,-1.2872974419587065e-08,0.0,0.0,-5.053033190297738
93,1,0.0,0.0,-0.0027590248520561003,0.0,0.0
93,2,0.0,0.0,0.0,0.0,-0.7685197094448271
93,3,0.0,0.0,0.0,0.0,-0.08375
93,4,0.0,0.0,0.0,0.0,0.0
94,0,0.0,-1.2872974419587065e-08,0.0,0.0,-5.105217828653477
94,1,0.0,0.0,-0.0027590248520561003,0.0,0.0
94,2,0.0,0.0,0.0,0.0,-0.7685197094448271
94,3,0.0,0.0,0.0,0.0,-0.08375
94,4,0.0,0.0,0.0,0.0,0.0
95,0,0.0,-1.2872974419587065e-08,0.0,0.0,-5.15973482577788
95,1,0.0,0.0,-0.0027590248520561003,0.0,0.0
95,2,0.0,0.0,0.0,0.0,-0.7685197094448271
95,3,0.0,0.0,0.0,0.0,-0.08375
95,4,0.0,0.0,0.0,0.0,0.0
96,0,0.0,-1.2872974419587065e-08,0.0,0.0,-5.214076463973685
96,1,0.0,0.0,-0.0027590248520561003,0.0,0.0
96,2,0.0,0.0,0.0,0.0,-0.7685197094448271
96,3,0.0,0.0,0.0,0.0,-0.08375
96,4,0.0,0.0,0.0,0.0,0.0
97,0,0.0,-1.2872974419587065e-08,0.0,0.0,-5.268243386896908
97,1,0.0,0.0,-0.0027590248520561003,0.0,0.0
97,2,0.0,0.0,0.0,0.0,-0.7685197094448271
97,3,0.0,0.0,0.0,0.0,-0.08375
97,4,0.0,0.0,0.0,0.0,0.0
98,0,0.0,-1.2872974419587065e-08,0.0,0.0,-5.319736235665528
98,1,0.0,0.0,-0.0027590248520561003,0.0,0.0
98,2,0.0,0.0,0.0,0.0,-0.7685197094448271
98,3,0.0,0.0,0.0,0.0,-0.08375
98,4,0.0,0.0,0.0,0.0,0.0
99,0,0.0,-1.2872974419587065e-08,0.0,0.0,-5.373563981402311
99,1,0.0,0.0,-0.0027590248520561003,0.0,0.0
99,2,0.0,0.0,0.0,0.0,-0.7685197094448271
99,3,0.0,0.0,0.0,0.0,-0.08375
99,4,0.0,0.0,0.0,0.0,0.0
100,0,0.0,-1.2872974419587065e-08,0.0,0.0,-5.424718896404155
100,1,0.0,0.0,-0.0027590248520561003,0.0,0.0
100,2,0.0,0.0,0.0,0.0,-0.7685197094448271
100,3,0.0,0.0,0.0,0.0,-0.08375
100,4,0.0,0.0,0.0,0.0,0.0
101,0,0.0,-1.2872974419587065e-08,0.0,0.0,-5.47820994689486
101,1,0.0,0.0,-0.0027590248520561003,0.0,0.0
101,2,0.0,0.0,0.0,0.0,-0.7685197094448271
101,3,0.0,0.0,0.0,0.0,-0.08375
101,4,0.0,0.0,0.0,0.0,0.0
102,0,0.0,-1.2872974419587065e-08,0.0,0.0,-5.529029400292556
102,1,0.0,0.0,-0.0027590248520561003,0.0,0.0
102,2,0.0,0.0,0.0,0.0,-0.7685197094448271
102,3,0.0,0.0,0.0,0.0,-0.08375
102,4,0.0,0.0,0.0,0.0,0.0
103,0,0.0,-1.2872974419587065e-08,0.0,0.0,-5.5821862179623745
103,1,0.0,0.0,-0.0027590248520561003,0.0,0.0
103,2,0.0,0.0,0.0,0.0,-0.7685197094448271
103,3,0.0,0.0,0.0,0.0,-0.08375
103,4,0.0,0.0,0.0,0.0,0.0
104,0,0.0,-1.2872974419587065e-08,0.0,0.0,-5.632672662483804
104,1,0.0,0.0,-0.0027590248520561003,0.0,0.0
104,2,0.0,0.0,0.0,0.0,-0.7685197094448271
104,3,0.0,0.0,0.0,0.0,-0.08375
104,4,0.0,0.0,0.0,0.0,0.0
105,0,0.0,-1.2872974419587065e-08,0.0,0.0,-5.682997690403267
105,1,0.0,0.0,-0.0027590248520561003,0.0,0.0
105,2,0.0,0.0,0.0,0.0,-0.7685197094448271
105,3,0.0,0.0,0.0,0.0,-0.08375
105,4,0.0,0.0,0.0,0.0,0.0
106,0,0.0,-2.5547387050334292e-08,0.0,0.0,-5.682997690403267
106,1,0.0,0.0,-0.0027590248520561003,0.0,-0.06375000000000001
106,2,0.0,0.0,0.0,0.0,-0.7685197094448271
106,3,0.0,0.0,0.0,0.0,-0.08375
106,4,0.0,0.0,0.0,0.0,0.0
107,0,0.0,-2.5547387050334292e-08,0.0,0.0,-5.733161892033754
107,1,0.0,0.0,-0.0027590248520561003,0.0,-0.06375000000000001
107,2,0.0,0.0,0.0,0.0,-0.7685197094448271
107,3,0.0,0.0,0.0,0.0,-0.08375
107,4,0.0,0.0,0.0,0.0,0.0
108,0,0.0,-2.5547387050334292e-08,0.0,0.0,-5.785665855366244
108,1,0.0,0.0,-0.0027590248520561003,0.0,-0.06375000000000001
108,2,0.0,0.0,0.0,0.0,-0.7685197094448271
108,3,0.0,0.0,0.0,0.0,-0.08375
108,4,0.0,0.0,0.0,0.0,0.0
109,0,0.0,-2.5547387050334292e-08,0.0,0.0,-5.838001833546919
109,1,0.0,0.0,-0.0027590248520561003,0.0,-0.06375000000000001
109,2,0.0,0.0,0.0,0.0,-0.7685197094448271
109,3,0.0,0.0,0.0,0.0,-0.08375
109,4,0.0,0.0,0.0,0.0,0.0
110,0,0.0,-2.5547387050334292e-08,0.0,0.0,-5.88767044119538
110,1,0.0,0.0,-0.0027590248520561003,0.0,-0.06375000000000001
110,2,0.0,0.0,0.0,0.0,-0.7685197094448271
110,3,0.0,0.0,0.0,0.0,-0.08375
110,4,0.0,0.0,0.0,0.0,0.0
111,0,0.0,-2.5547387050334292e-08,0.0,0.0,-5.93718062304519
111,1,0.0,0.0,-0.0027590248520561003,0.0,-0.06375000000000001
111,2,0.0,0.0,0.0,0.0,-0.7685197094448271
111,3,0.0,0.0,0.0,0.0,-0.08375
111,4,0.0,0.0,0.0,0.0,0.0
112,0,0.0,-6.798328417092207e-06,0.0,0.0,-5.93718062304519
112,1,0.0,0.0,-0.0027590248520561003,0.0,-0.12978752042483663
112,2,0.0,0.0,0.0,0.0,-0.7685197094448271
112,3,0.0,0.0,0.0,0.0,-0.08375
112,4,0.0,0.0,0.0,0.0,0.0
113,0,0.0,-6.798328417092207e-06,0.0,0.0,-5.9890329576451045
113,1,0.0,0.0,-0.0027590248520561003,0.0,-0.12978752042483663
113,2,0.0,0.0,0.0,0.0,-0.7685197094448271
113,3,0.0,0.0,0.0,0.0,-0.08375
113,4,0.0,0.0,0.0,0.0,0.0
114,0,0.0,-6.798328417092207e-06,0.0,0.0,-6.038219688737951
114,1,0.0,0.0,-0.0027590248520561003,0.0,-0.12978752042483663
114,2,0.0,0.0,0.0,0.0,-0.7685197094448271
114,3,0.0,0.0,0.0,0.0,-0.08375
114,4,0.0,0.0,0.0,0.0,0.0
115,0,0.0,-6.798328417092207e-06,0.0,0.0,-6.087249754111051
115,1,0.0,0.0,-0.0027590248520561003,0.0,-0.12978752042483663
115,2,0.0,0.0,0.0,0.0,-0.7685197094448271
115,3,0.0,0.0,0.0,0.0,-0.08375
115,4,0.0,0.0,0.0,0.0,0.0
116,0,0.0,-6.798328417092207e-06,0.0,0.0,-6.136123725395507
116,1,0.0,0.0,-0.0027590248520561003,0.0,-0.12978752042483663
116,2,0.0,0.0,0.0,0.0,-0.7685197094448271
116,3,0.0,0.0,0.0,0.0,-0.08375
116,4,0.0,0.0,0.0,0.0,0.0
117,0,0.0,-6.798328417092207e-06,0.0,0.0,-6.184842171977319
117,1,0.0,0.0,-0.0027590248520561003,0.0,-0.12978752042483663
117,2,0.0,0.0,0.0,0.0,-0.7685197094448271
117,3,0.0,0.0,0.0,0.0,-0.08375
117,4,0.0,0.0,0.0,0.0,0.0
118,0,0.0,-6.798328417092207e-06,0.0,0.0,-6.233405661006608
118,1,0.0,0.0,-0.0027590248520561003,0.0,-0.12978752042483663
118,2,0.0,0.0,0.0,0.0,-0.7685197094448271
118,3,0.0,0.0,0.0,0.0,-0.08375
118,4,0.0,0.0,0.0,0.0,0.0
119,0,0.0,-6.798328417092207e-06,0.0,0.0,-6.284314757406814
119,1,0.0,0.0,-0.0027590248520561003,0.0,-0.12978752042483663
119,2,0.0,0.0,0.0,0.0,-0.7685197094448271
119,3,0.0,0.0,0.0,0.0,-0.08375
119,4,0.0,0.0,0.0,0.0,0.0
120,0,0.0,-6.798328417092207e-06,0.0,0.0,-6.33256169135149
120,1,0.0,0.0,-0.0027590248520561003,0.0,-0.12978752042483663
120,2,0.0,0.0,0.0,0.0,-0.7685197094448271
120,3,0.0,0.0,0.0,0.0,-0.08375
120,4,0.0,0.0,0.0,0.0,0.0
121,0,0.0,-6.798328417092207e-06,0.0,0.0,-6.3806553871144915
121,1,0.0,0.0,-0.0027590248520561003,0.0,-0.12978752042483663
121,2,0.0,0.0,0.0,0.0,-0.7685197094448271
121,3,0.0,0.0,0.0,0.0,-0.08375
121,4,0.0,0.0,0.0,0.0,0.0
122,0,0.0,-6.798328417092207e-06,0.0,0.0,-6.431096402869029
122,1,0.0,0.0,-0.0027590248520561003,0.0,-0.12978752042483663
122,2,0.0,0.0,0.0,0.0,-0.7685197094448271
122,3,0.0,0.0,0.0,0.0,-0.08375
122,4,0.0,0.0,0.0,0.0,0.0
123,0,0.0,-6.798328417092207e-06,0.0,0.0,-6.481376962066178
123,1,0.0,0.0,-0.0027590248520561003,0.0,-0.12978752042483663
123,2,0.0,0.0,0.0,0.0,-0.7685197094448271
123,3,0.0,0.0,0.0,0.0,-0.08375
123,4,0.0,0.0,0.0,0.0,0.0
124,0,0.0,-6.798328417092207e-06,0.0,0.0,-6.5314976497525885
124,1,0.0,0.0,-0.0027590248520561003,0.0,-0.12978752042483663
124,2,0.0,0.0,0.0,0.0,-0.7685197094448271
124,3,0.0,0.0,0.0,0.0,-0.08375
124,4,0.0,0.0,0.0,0.0,0.0
125,0,0.0,-6.798328417092207e-06,0.0,0.0,-6.581459048678141
125,1,0.0,0.0,-0.0027590248520561003,0.0,-0.12978752042483663
125,2,0.0,0.0,0.0,0.0,-0.7685197094448271
125,3,0.0,0.0,0.0,0.0,-0.08375
125,4,0.0,0.0,0.0,0.0,0.0
126,0,0.0,-6.798328417092207e-06,0.0,0.0,-6.6312617393053745
126,1,0.0,0.0,-0.0027590248520561003,0.0,-0.12978752042483663
126,2,0.0,0.0,0.0,0.0,-0.7685197094448271
126,3,0.0,0.0,0.0,0.0,-0.08375
126,4,0.0,0.0,0.0,0.0,0.0
127,0,0.0,-6.798328417092207e-06,0.0,0.0,-6.678406299818908
127,1,0.0,0.0,-0.0027590248520561003,0.0,-0.12978752042483663
127,2,0.0,0.0,0.0,0.0,-0.7685197094448271
127,3,0.0,0.0,0.0,0.0,-0.08375
127,4,0.0,0.0,0.0,0.0,0.0
128,0,0.0,-6.798328417092207e-06,0.0,0.0,-6.72790163866714
128,1,0.0,0.0,-0.0027590248520561003,0.0,-0.12978752042483663
128,2,0.0,0.0,0.0,0.0,-0.7685197094448271
128,3,0.0,0.0,0.0,0.0,-0.08375
128,4,0.0,0.0,0.0,0.0,0.0
129,0,0.0,-6.798328417092207e-06,0.0,0.0,-6.777239965730523
129,1,0.0,0.0,-0.0027590248520561003,0.0,-0.12978752042483663
129,2,0.0,0.0,0.0,0.0,-0.7685197094448271
129,3,0.0,0.0,0.0,0.0,-0.08375
129,4,0.0,0.0,0.0,0.0,0.0
130,0,0.0,-6.798328417092207e-06,0.0,0.0,-6.826421852540856
130,1,0.0,0.0,-0.0027590248520561003,0.0,-0.12978752042483663
130,2,0.0,0.0,0.0,0.0,-0.7685197094448271
130,3,0.0,0.0,0.0,0.0,-0.08375
130,4,0.0,0.0,0.0,0.0,0.0
131,0,0.0,-6.798328417092207e-06,0.0,0.0,-6.8729478683887
131,1,0.0,0.0,-0.0027590248520561003,0.0,-0.12978752042483663
131,2,0.0,0.0,0.0,0.0,-0.7685197094448271
131,3,0.0,0.0,0.0,0.0,-0.08375
131,4,0.0,0.0,0.0,0.0,0.0
132,0,0.0,-6.798328417092207e-06,0.0,0.0,-6.919326912864943
132,1,0.0,0.0,-0.0027590248520561003,0.0,-0.12978752042483663
132,2,0.0,0.0,0.0,0.0,-0.7685197094448271
132,3,0.0,0.0,0.0,0.0,-0.08375
132,4,0.0,0.0,0.0,0.0,0.0
133,0,0.0,-6.798328417092207e-06,0.0,0.0,-6.968059519561263
133,1,0.0,0.0,-0.0027590248520561003,0.0,-0.12978752042483663
133,2,0.0,0.0,0.0,0.0,-0.7685197094448271
133,3,0.0,0.0,0.0,0.0,-0.08375
133,4,0.0,0.0,0.0,0.0,0.0
134,0,0.0,-3.4855874796142024e-05,0.0,0.0,-6.968059519561263
134,1,0.0,0.0,-0.0027590248520561003,0.0,-0.19560502546396416
134,2,0.0,0.0,0.0,0.0,-0.7685197094448271
134,3,0.0,0.0,0.0,0.0,-0.08375
134,4,0.0,0.0,0.0,0.0,0.0
135,0,0.0,-3.4855874796142024e-05,0.0,0.0,-7.014137887448198
135,1,0.0,0.0,-0.0027590248520561003,0.0,-0.19560502546396416
135,2,0.0,0.0,0.0,0.0,-0.7685197094448271
135,3,0.0,0.0,0.0,0.0,-0.08375
135,4,0.0,0.0,0.0,0.0,0.0
136,0,0.0,-3.4855874796142024e-05,0.0,0.0,-7.062570909724807
136,1,0.0,0.0,-0.0027590248520561003,0.0,-0.19560502546396416
136,2,0.0,0.0,0.0,0.0,-0.7685197094448271
136,3,0.0,0.0,0.0,0.0,-0.08375
136,4,0.0,0.0,0.0,0.0,0.0
137,0,0.0,-3.4855874796142024e-05,0.0,0.0,-7.110850781084789
137,1,0.0,0.0,-0.0027590248520561003,0.0,-0.19560502546396416
137,2,0.0,0.0,0.0,0.0,-0.7685197094448271
137,3,0.0,0.0,0.0,0.0,-0.08375
137,4,0.0,0.0,0.0,0.0,0.0
138,0,0.0,-3.4855874796142024e-05,0.0,0.0,-7.158978057935558
138,1,0.0,0.0,-0.0027590248520561003,0.0,-0.19560502546396416
138,2,0.0,0.0,0.0,0.0,-0.7685197094448271
138,3,0.0,0.0,0.0,0.0,-0.08375
138,4,0.0,0.0,0.0,0.0,0.0
139,0,0.0,-3.4855874796142024e-05,0.0,0.0,-7.204453294505368
139,1,0.0,0.0,-0.0027590248520561003,0.0,-0.19560502546396416
139,2,0.0,0.0,0.0,0.0,-0.7685197094448271
139,3,0.0,0.0,0.0,0.0,-0.08375
139,4,0.0,0.0,0.0,0.0,0.0
140,0,0.0,-3.4855874796142024e-05,0.0,0.0,-7.252285375384623
140,1,0.0,0.0,-0.0027590248520561003,0.0,-0.19560502546396416
140,2,0.0,0.0,0.0,0.0,-0.7685197094448271
140,3,0.0,0.0,0.0,0.0,-0.08375
140,4,0.0,0.0,0.0,0.0,0.0
141,0,0.0,-3.4855874796142024e-05,0.0,0.0,-7.2999664866937195
141,1,0.0,0.0,-0.0027590248520561003,0.0,-0.19560502546396416
141,2,0.0,0.0,0.0,0.0,-0.7685197094448271
141,3,0.0,0.0,0.0,0.0,-0.08375
141,4,0.0,0.0,0.0,0.0,0.0
142,0,0.0,-3.4855874796142024e-05,0.0,0.0,-7.344997176301924
142,1,0.0,0.0,-0.0027590248520561003,0.0,-0.19560502546396416
142,2,0.0,0.0,0.0,0.0,-0.7685197094448271
142,3,0.0,0.0,0.0,0.0,-0.08375
142,4,0.0,0.0,0.0,0.0,0.0
143,0,0.0,-3.4855874796142024e-05,0.0,0.0,-7.389886322466748
143,1,0.0,0.0,-0.0027590248520561003,0.0,-0.19560502546396416
143,2,0.0,0.0,0.0,0.0,-0.7685197094448271
143,3,0.0,0.0,0.0,0.0,-0.08375
143,4,0.0,0.0,0.0,0.0,0.0
144,0,0.0,-3.4855874796142024e-05,0.0,0.0,-7.437134437534007
144,1,0.0,0.0,-0.0027590248520561003,0.0,-0.19560502546396416
144,2,0.0,0.0,0.0,0.0,-0.7685197094448271
144,3,0.0,0.0,0.0,0.0,-0.08375
144,4,0.0,0.0,0.0,0.0,0.0
145,0,0.0,-3.4855874796142024e-05,0.0,0.0,-7.481733699315563
145,1,0.0,0.0,-0.0027590248520561003,0.0,-0.19560502546396416
145,2,0.0,0.0,0.0,0.0,-0.7685197094448271
145,3,0.0,0.0,0.0,0.0,-0.08375
145,4,0.0,0.0,0.0,0.0,0.0
146,0,0.0,-3.4855874796142024e-05,0.0,0.0,-7.526192979938567
146,1,0.0,0.0,-0.0027590248520561003,0.0,-0.19560502546396416
146,2,0.0,0.0,0.0,0.0,-0.7685197094448271
146,3,0.0,0.0,0.0,0.0,-0.08375
146,4,0.0,0.0,0.0,0.0,0.0
147,0,0.0,-3.4855874796142024e-05,0.0,0.0,-7.573012785643625
147,1,0.0,0.0,-0.0027590248520561003,0.0,-0.19560502546396416
147,2,0.0,0.0,0.0,0.0,-0.7685197094448271
147,3,0.0,0.0,0.0,0.0,-0.08375
147,4,0.0,0.0,0.0,0.0,0.0
148,0,0.0,-3.4855874796142024e-05,0.0,0.0,-7.617185288162382
148,1,0.0,0.0,-0.0027590248520561003,0.0,-0.19560502546396416
148,2,0.0,0.0,0.0,0.0,-0.7685197094448271
148,3,0.0,0.0,0.0,0.0,-0.08375
148,4,0.0,0.0,0.0,0.0,0.0
149,0,0.0,-3.4855874796142024e-05,0.0,0.0,-7.661219353566707
149,1,0.0,0.0,-0.0027590248520561003,0.0,-0.19560502546396416
149,2,0.0,0.0,0.0,0.0,-0.7685197094448271
149,3,0.0,0.0,0.0,0.0,-0.08375
149,4,0.0,0.0,0.0,0.0,0.0
150,0,0.0,-3.4855874796142024e-05,0.0,0.0,-7.707615482066712
150,1,0.0,0.0,-0.0027590248520561003,0.0,-0.19560502546396416
150,2,0.0,0.0,0.0,0.0,-0.7685197094448271
150,3,0.0,0.0,0.0,0.0,-0.08375
150,4,0.0,0.0,0.0,0.0,0.0
151,0,0.0,-3.4855874796142024e-05,0.0,0.0,-7.75386583938827
151,1,0.0,0.0,-0.0027590248520561003,0.0,-0.19560502546396416
151,2,0.0,0.0,0.0,0.0,-0.7685197094448271
151,3,0.0,0.0,0.0,0.0,-0.08375
151,4,0.0,0.0,0.0,0.0,0.0
152,0,0.0,-3.4855874796142024e-05,0.0,0.0,-7.797470953089694
152,1,0.0,0.0,-0.0027590248520561003,0.0,-0.19560502546396416
152,2,0.0,0.0,0.0,0.0,-0.7685197094448271
152,3,0.0,0.0,0.0,0.0,-0.08375
152,4,0.0,0.0,0.0,0.0,0.0
153,0,0.0,-3.4855874796142024e-05,0.0,0.0,-7.8409396812007675
153,1,0.0,0.0,-0.0027590248520561003,0.0,-0.19560502546396416
153,2,0.0,0.0,0.0,0.0,-0.7685197094448271
153,3,0.0,0.0,0.0,0.0,-0.08375
153,4,0.0,0.0,0.0,0.0,0.0
154,0,0.0,-3.4855874796142024e-05,0.0,0.0,-7.884272515922451
154,1,0.0,0.0,-0.0027590248520561003,0.0,-0.19560502546396416
154,2,0.0,0.0,0.0,0.0,-0.7685197094448271
154,3,0.0,0.0,0.0,0.0,-0.08375
154,4,0.0,0.0,0.0,0.0,0.0
155,0,0.0,-3.4855874796142024e-05,0.0,0.0,-7.929969947536624
155,1,0.0,0.0,-0.0027590248520561003,0.0,-0.19560502546396416
155,2,0.0,0.0,0.0,0.0,-0.7685197094448271
155,3,0.0,0.0,0.0,0.0,-0.08375
155,4,0.0,0.0,0.0,0.0,0.0
156,0,0.0,-3.4855874796142024e-05,0.0,0.0,-7.973024131881555
156,1,0.0,0.0,-0.0027590248520561003,0.0,-0.19560502546396416
156,2,0.0,0.0,0.0,0.0,-0.7685197094448271
156,3,0.0,0.0,0.0,0.0,-0.08375
156,4,0.0,0.0,0.0,0.0,0.0
157,0,0.0,-3.4855874796142024e-05,0.0,0.0,-8.018443919200815
157,1,0.0,0.0,-0.0027590248520561003,0.0,-0.19560502546396416
157,2,0.0,0.0,0.0,0.0,-0.7685197094448271
157,3,0.0,0.0,0.0,0.0,-0.08375
157,4,0.0,0.0,0.0,0.0,0.0
158,0,0.0,-3.4855874796142024e-05,0.0,0.0,-8.061221461408655
158,1,0.0,0.0,-0.0027590248520561003,0.0,-0.19560502546396416
158,2,0.0,0.0,0.0,0.0,-0.7685197094448271
158,3,0.0,0.0,0.0,0.0,-0.08375
158,4,0.0,0.0,0.0,0.0,0.0
159,0,0.0,-3.4855874796142024e-05,0.0,0.0,-8.103865604840683
159,1,0.0,0.0,-0.0027590248520561003,0.0,-0.19560502546396416
159,2,0.0,0.0,0.0,0.0,-0.7685197094448271
159,3,0.0,0.0,0.0,0.0,-0.08375
159,4,0.0,0.0,0.0,0.0,0.0
160,0,0.0,-3.4855874796142024e-05,0.0,0.0,-8.146376830051542
160,1,0.0,0.0,-0.0027590248520561003,0.0,-0.19560502546396416
160,2,0.0,0.0,0.0,0.0,-0.7685197094448271
160,3,0.0,0.0,0.0,0.0,-0.08375
160,4,0.0,0.0,0.0,0.0,0.0
161,0,0.0,-3.4855874796142024e-05,0.0,0.0,-8.188755615724443
161,1,0.0,0.0,-0.0027590248520561003,0.0,-0.19560502546396416
161,2,0.0,0.0,0.0,0.0,-0.7685197094448271
161,3,0.0,0.0,0.0,0.0,-0.08375
161,4,0.0,0.0,0.0,0.0,0.0
162,0,0.0,-3.4855874796142024e-05,0.0,0.0,-8.233502438678794
162,1,0.0,0.0,-0.0027590248520561003,0.0,-0.19560502546396416
162,2,0.0,0.0,0.0,0.0,-0.7685197094448271
162,3,0.0,0.0,0.0,0.0,-0.08375
162,4,0.0,0.0,0.0,0.0,0.0
163,0,0.0,-3.4855874796142024e-05,0.0,0.0,-8.275609441345482
163,1,0.0,0.0,-0.0027590248520561003,0.0,-0.19560502546396416
163,2,0.0,0.0,0.0,0.0,-0.7685197094448271
163,3,0.0,0.0,0.0,0.0,-0.08375
163,4,0.0,0.0,0.0,0.0,0.0
164,0,0.0,-3.4855874796142024e-05,0.0,0.0,-8.317585460615511
164,1,0.0,0.0,-0.0027590248520561003,0.0,-0.19560502546396416
164,2,0.0,0.0,0.0,0.0,-0.7685197094448271
164,3,0.0,0.0,0.0,0.0,-0.08375
164,4,0.0,0.0,0.0,0.0,0.0
165,0,0.0,-3.4855874796142024e-05,0.0,0.0,-8.359430967637543
165,1,0.0,0.0,-0.0027590248520561003,0.0,-0.19560502546396416
165,2,0.0,0.0,0.0,0.0,-0.7685197094448271
165,3,0.0,0.0,0.0,0.0,-0.08375
165,4,0.0,0.0,0.0,0.0,0.0
166,0,0.0,-3.4855874796142024e-05,0.0,0.0,-8.401146431727243
166,1,0.0,0.0,-0.0027590248520561003,0.0,-0.19560502546396416
166,2,0.0,0.0,0.0,0.0,-0.7685197094448271
166,3,0.0,0.0,0.0,0.0,-0.08375
166,4,0.0,0.0,0.0,0.0,0.0
167,0,0.0,-3.4855874796142024e-05,0.0,0.0,-8.44273232037478
167,1,0.0,0.0,-0.0027590248520561003,0.0,-0.19560502546396416
167,2,0.0,0.0,0.0,0.0,-0.7685197094448271
167,3,0.0,0.0,0.0,0.0,-0.08375
167,4,0.0,0.0,0.0,0.0,0.0
168,0,0.0,-3.4855874796142024e-05,0.0,0.0,-8.484189099252267
168,1,0.0,0.0,-0.0027590248520561003,0.0,-0.19560502546396416
168,2,0.0,0.0,0.0,0.0,-0.7685197094448271
168,3,0.0,0.0,0.0,0.0,-0.08375
168,4,0.0,0.0,0.0,0.0,0.0
169,0,0.0,-3.4855874796142024e-05,0.0,0.0,-8.5255172322212
169,1,0.0,0.0,-0.0027590248520561003,0.0,-0.19560502546396416
169,2,0.0,0.0,0.0,0.0,-0.7685197094448271
169,3,0.0,0.0,0.0,0.0,-0.08375
169,4,0.0,0.0,0.0,0.0,0.0
170,0,0.0,-3.4855874796142024e-05,0.0,0.0,-8.569217181339837
170,1,0.0,0.0,-0.0027590248520561003,0.0,-0.19560502546396416
170,2,0.0,0.0,0.0,0.0,-0.7685197094448271
170,3,0.0,0.0,0.0,0.0,-0.08375
170,4,0.0,0.0,0.0,0.0,0.0
171,0,0.0,-9.854344740807602e-05,0.0,0.0,-8.569217181339837
171,1,0.0,0.0,-0.0027590248520561003,0.0,-0.25870333989671035
171,2,0.0,0.0,0.0,0.0,-0.7685197094448271
171,3,0.0,0.0,0.0,0.0,-0.08375
171,4,0.0,0.0,0.0,0.0,0.0
172,0,0.0,-9.854344740807602e-05,0.0,0.0,-8.612781074338214
172,1,0.0,0.0,-0.0027590248520561003,0.0,-0.25870333989671035
172,2,0.0,0.0,0.0,0.0,-0.7685197094448271
172,3,0.0,0.0,0.0,0.0,-0.08375
172,4,0.0,0.0,0.0,0.0,0.0
173,0,0.0,-9.854344740807602e-05,0.0,0.0,-8.656209400934182
173,1,0.0,0.0,-0.0027590248520561003,0.0,-0.25870333989671035
173,2,0.0,0.0,0.0,0.0,-0.7685197094448271
173,3,0.0,0.0,0.0,0.0,-0.08375
173,4,0.0,0.0,0.0,0.0,0.0
174,0,0.0,-9.854344740807602e-05,0.0,0.0,-8.699502648939394
174,1,0.0,0.0,-0.0027590248520561003,0.0,-0.25870333989671035
174,2,0.0,0.0,0.0,0.0,-0.7685197094448271
174,3,0.0,0.0,0.0,0.0,-0.08375
174,4,0.0,0.0,0.0,0.0,0.0
175,0,0.0,-9.854344740807602e-05,0.0,0.0,-8.74016130426709
175,1,0.0,0.0,-0.0027590248520561003,0.0,-0.25870333989671035
175,2,0.0,0.0,0.0,0.0,-0.7685197094448271
175,3,0.0,0.0,0.0,0.0,-0.08375
175,4,0.0,0.0,0.0,0.0,0.0
176,0,0.0,-9.854344740807602e-05,0.0,0.0,-8.780694183472225
176,1,0.0,0.0,-0.0027590248520561003,0.0,-0.25870333989671035
176,2,0.0,0.0,0.0,0.0,-0.7685197094448271
176,3,0.0,0.0,0.0,0.0,-0.08375
176,4,0.0,0.0,0.0,0.0,0.0
177,0,0.0,-9.854344740807602e-05,0.0,0.0,-8.823601737450469
177,1,0.0,0.0,-0.0027590248520561003,0.0,-0.25870333989671035
177,2,0.0,0.0,0.0,0.0,-0.7685197094448271
177,3,0.0,0.0,0.0,0.0,-0.08375
177,4,0.0,0.0,0.0,0.0,0.0
178,0,0.0,-9.854344740807602e-05,0.0,0.0,-8.866376082814863
178,1,0.0,0.0,-0.0027590248520561003,0.0,-0.25870333989671035
178,2,0.0,0.0,0.0,0.0,-0.7685197094448271
178,3,0.0,0.0,0.0,0.0,-0.08375
178,4,0.0,0.0,0.0,0.0,0.0
179,0,0.0,-9.854344740807602e-05,0.0,0.0,-8.909017698211665
179,1,0.0,0.0,-0.0027590248520561003,0.0,-0.25870333989671035
179,2,0.0,0.0,0.0,0.0,-0.7685197094448271
179,3,0.0,0.0,0.0,0.0,-0.08375
179,4,0.0,0.0,0.0,0.0,0.0
180,0,0.0,-9.854344740807602e-05,0.0,0.0,-8.951527060426134
180,1,0.0,0.0,-0.0027590248520561003,0.0,-0.25870333989671035
180,2,0.0,0.0,0.0,0.0,-0.7685197094448271
180,3,0.0,0.0,0.0,0.0,-0.08375
180,4,0.0,0.0,0.0,0.0,0.0
181,0,0.0,-9.854344740807602e-05,0.0,0.0,-8.991404644390146
181,1,0.0,0.0,-0.0027590248520561003,0.0,-0.25870333989671035
181,2,0.0,0.0,0.0,0.0,-0.7685197094448271
181,3,0.0,0.0,0.0,0.0,-0.08375
181,4,0.0,0.0,0.0,0.0,0.0
182,0,0.0,-9.854344740807602e-05,0.0,0.0,-9.033659255722116
182,1,0.0,0.0,-0.0027590248520561003,0.0,-0.25870333989671035
182,2,0.0,0.0,0.0,0.0,-0.7685197094448271
182,3,0.0,0.0,0.0,0.0,-0.08375
182,4,0.0,0.0,0.0,0.0,0.0
183,0,0.0,-9.854344740807602e-05,0.0,0.0,-9.073283001893456
183,1,0.0,0.0,-0.0027590248520561003,0.0,-0.25870333989671035
183,2,0.0,0.0,0.0,0.0,-0.7685197094448271
183,3,0.0,0.0,0.0,0.0,-0.08375
183,4,0.0,0.0,0.0,0.0,0.0
184,0,0.0,-9.854344740807602e-05,0.0,0.0,-9.115284684978462
184,1,0.0,0.0,-0.0027590248520561003,0.0,-0.25870333989671035
184,2,0.0,0.0,0.0,0.0,-0.7685197094448271
184,3,0.0,0.0,0.0,0.0,-0.08375
184,4,0.0,0.0,0.0,0.0,0.0
185,0,0.0,-9.854344740807602e-05,0.0,0.0,-9.15715640891889
185,1,0.0,0.0,-0.0027590248520561003,0.0,-0.25870333989671035
185,2,0.0,0.0,0.0,0.0,-0.7685197094448271
185,3,0.0,0.0,0.0,0.0,-0.08375
185,4,0.0,0.0,0.0,0.0,0.0
186,0,0.0,-9.854344740807602e-05,0.0,0.0,-9.198898639741415
186,1,0.0,0.0,-0.0027590248520561003,0.0,-0.25870333989671035
186,2,0.0,0.0,0.0,0.0,-0.7685197094448271
186,3,0.0,0.0,0.0,0.0,-0.08375
186,4,0.0,0.0,0.0,0.0,0.0
187,0,0.0,-9.854344740807602e-05,0.0,0.0,-9.240511841663203
187,1,0.0,0.0,-0.0027590248520561003,0.0,-0.25870333989671035
187,2,0.0,0.0,0.0,0.0,-0.7685197094448271
187,3,0.0,0.0,0.0,0.0,-0.08375
187,4,0.0,0.0,0.0,0.0,0.0
188,0,0.0,-9.854344740807602e-05,0.0,0.0,-9.279496477099306
188,1,0.0,0.0,-0.0027590248520561003,0.0,-0.25870333989671035
188,2,0.0,0.0,0.0,0.0,-0.7685197094448271
188,3,0.0,0.0,0.0,0.0,-0.08375
188,4,0.0,0.0,0.0,0.0,0.0
189,0,0.0,-9.854344740807602e-05,0.0,0.0,-9.31836133920237
189,1,0.0,0.0,-0.0027590248520561003,0.0,-0.25870333989671035
189,2,0.0,0.0,0.0,0.0,-0.7685197094448271
189,3,0.0,0.0,0.0,0.0,-0.08375
189,4,0.0,0.0,0.0,0.0,0.0
190,0,0.0,-9.854344740807602e-05,0.0,0.0,-9.357106855561232
190,1,0.0,0.0,-0.0027590248520561003,0.0,-0.25870333989671035
190,2,0.0,0.0,0.0,0.0,-0.7685197094448271
190,3,0.0,0.0,0.0,0.0,-0.08375
190,4,0.0,0.0,0.0,0.0,0.0
191,0,0.0,-9.854344740807602e-05,0.0,0.0,-9.398233452109531
191,1,0.0,0.0,-0.0027590248520561003,0.0,-0.25870333989671035
191,2,0.0,0.0,0.0,0.0,-0.7685197094448271
191,3,0.0,0.0,0.0,0.0,-0.08375
191,4,0.0,0.0,0.0,0.0,0.0
192,0,0.0,-9.854344740807602e-05,0.0,0.0,-9.439233220600077
192,1,0.0,0.0,-0.0027590248520561003,0.0,-0.25870333989671035
192,2,0.0,0.0,0.0,0.0,-0.7685197094448271
192,3,0.0,0.0,0.0,0.0,-0.08375
192,4,0.0,0.0,0.0,0.0,0.0
193,0,0.0,-9.854344740807602e-05,0.0,0.0,-9.480106614920285
193,1,0.0,0.0,-0.0027590248520561003,0.0,-0.25870333989671035
193,2,0.0,0.0,0.0,0.0,-0.7685197094448271
193,3,0.0,0.0,0.0,0.0,-0.08375
193,4,0.0,0.0,0.0,0.0,0.0
194,0,0.0,-9.854344740807602e-05,0.0,0.0,-9.518354087197531
194,1,0.0,0.0,-0.0027590248520561003,0.0,-0.25870333989671035
194,2,0.0,0.0,0.0,0.0,-0.7685197094448271
194,3,0.0,0.0,0.0,0.0,-0.08375
194,4,0.0,0.0,0.0,0.0,0.0
195,0,0.0,-9.854344740807602e-05,0.0,0.0,-9.558984420338689
195,1,0.0,0.0,-0.0027590248520561003,0.0,-0.25870333989671035
195,2,0.0,0.0,0.0,0.0,-0.7685197094448271
195,3,0.0,0.0,0.0,0.0,-0.08375
195,4,0.0,0.0,0.0,0.0,0.0
196,0,0.0,-9.854344740807602e-05,0.0,0.0,-9.599489699196209
196,1,0.0,0.0,-0.0027590248520561003,0.0,-0.25870333989671035
196,2,0.0,0.0,0.0,0.0,-0.7685197094448271
196,3,0.0,0.0,0.0,0.0,-0.08375
196,4,0.0,0.0,0.0,0.0,0.0
197,0,0.0,-9.854344740807602e-05,0.0,0.0,-9.639870370785237
197,1,0.0,0.0,-0.0027590248520561003,0.0,-0.25870333989671035
197,2,0.0,0.0,0.0,0.0,-0.7685197094448271
197,3,0.0,0.0,0.0,0.0,-0.08375
197,4,0.0,0.0,0.0,0.0,0.0
198,0,0.0,-9.854344740807602e-05,0.0,0.0,-9.677626880388893
198,1,0.0,0.0,-0.0027590248520561003,0.0,-0.25870333989671035
198,2,0.0,0.0,0.0,0.0,-0.7685197094448271
198,3,0.0,0.0,0.0,0.0,-0.08375
198,4,0.0,0.0,0.0,0.0,0.0
199,0,0.0,-9.854344740807602e-05,0.0,0.0,-9.715268004097647
199,1,0.0,0.0,-0.0027590248520561003,0.0,-0.25870333989671035
199,2,0.0,0.0,0.0,0.0,-0.7685197094448271
199,3,0.0,0.0,0.0,0.0,-0.08375
199,4,0.0,0.0,0.0,0.0,0.0
200,0,0.0,-9.854344740807602e-05,0.0,0.0,-9.752794152507674
200,1,0.0,0.0,-0.0027590248520561003,0.0,-0.25870333989671035
200,2,0.0,0.0,0.0,0.0,-0.7685197094448271
200,3,0.0,0.0,0.0,0.0,-0.08375
200,4,0.0,0.0,0.0,0.0,0.0
201,0,0.0,-9.854344740807602e-05,0.0,0.0,-9.79270573462913
201,1,0.0,0.0,-0.0027590248520561003,0.0,-0.25870333989671035
201,2,0.0,0.0,0.0,0.0,-0.7685197094448271
201,3,0.0,0.0,0.0,0.0,-0.08375
201,4,0.0,0.0,0.0,0.0,0.0
202,0,0.0,-9.854344740807602e-05,0.0,0.0,-9.82999482536026
202,1,0.0,0.0,-0.0027590248520561003,0.0,-0.25870333989671035
202,2,0.0,0.0,0.0,0.0,-0.7685197094448271
202,3,0.0,0.0,0.0,0.0,-0.08375
202,4,0.0,0.0,0.0,0.0,0.0
203,0,0.0,-9.854344740807602e-05,0.0,0.0,-9.869670194334871
203,1,0.0,0.0,-0.0027590248520561003,0.0,-0.25870333989671035
203,2,0.0,0.0,0.0,0.0,-0.7685197094448271
203,3,0.0,0.0,0.0,0.0,-0.08375
203,4,0.0,0.0,0.0,0.0,0.0
204,0,0.0,-9.854344740807602e-05,0.0,0.0,-9.906723913186354
204,1,0.0,0.0,-0.0027590248520561003,0.0,-0.25870333989671035
204,2,0.0,0.0,0.0,0.0,-0.7685197094448271
204,3,0.0,0.0,0.0,0.0,-0.08375
204,4,0.0,0.0,0.0,0.0,0.0
205,0,0.0,-9.854344740807602e-05,0.0,0.0,-9.946164748296946
205,1,0.0,0.0,-0.0027590248520561003,0.0,-0.25870333989671035
205,2,0.0,0.0,0.0,0.0,-0.7685197094448271
205,3,0.0,0.0,0.0,0.0,-0.08375
205,4,0.0,0.0,0.0,0.0,0.0
206,0,0.0,-9.854344740807602e-05,0.0,0.0,-9.985484768061681
206,1,0.0,0.0,-0.0027590248520561003,0.0,-0.25870333989671035
206,2,0.0,0.0,0.0,0.0,-0.7685197094448271
206,3,0.0,0.0,0.0,0.0,-0.08375
206,4,0.0,0.0,0.0,0.0,0.0
207,0,0.0,-9.854344740807602e-05,0.0,0.0,-10.02468440310525
207,1,0.0,0.0,-0.0027590248520561003,0.0,-0.25870333989671035
207,2,0.0,0.0,0.0,0.0,-0.7685197094448271
207,3,0.0,0.0,0.0,0.0,-0.08375
207,4,0.0,0.0,0.0,0.0,0.0
208,0,0.0,-9.854344740807602e-05,0.0,0.0,-10.061264082386964
208,1,0.0,0.0,-0.0027590248520561003,0.0,-0.25870333989671035
208,2,0.0,0.0,0.0,0.0,-0.7685197094448271
208,3,0.0,0.0,0.0,0.0,-0.08375
208,4,0.0,0.0,0.0,0.0,0.0
209,0,0.0,-9.854344740807602e-05,0.0,0.0,-10.100232565739894
209,1,0.0,0.0,-0.0027590248520561003,0.0,-0.25870333989671035
209,2,0.0,0.0,0.0,0.0,-0.7685197094448271
209,3,0.0,0.0,0.0,0.0,-0.08375
209,4,0.0,0.0,0.0,0.0,0.0
210,0,0.0,-9.854344740807602e-05,0.0,0.0,-10.136581915036535
210,1,0.0,0.0,-0.0027590248520561003,0.0,-0.25870333989671035
210,2,0.0,0.0,0.0,0.0,-0.7685197094448271
210,3,0.0,0.0,0.0,0.0,-0.08375
210,4,0.0,0.0,0.0,0.0,0.0
211,0,0.0,-9.854344740807602e-05,0.0,0.0,-10.172820886937913
211,1,0.0,0.0,-0.0027590248520561003,0.0,-0.25870333989671035
211,2,0.0,0.0,0.0,0.0,-0.7685197094448271
211,3,0.0,0.0,0.0,0.0,-0.08375
211,4,0.0,0.0,0.0,0.0,0.0
212,0,0.0,-9.854344740807602e-05,0.0,0.0,-10.21144987268974
212,1,0.0,0.0,-0.0027590248520561003,0.0,-0.25870333989671035
212,2,0.0,0.0,0.0,0.0,-0.7685197094448271
212,3,0.0,0.0,0.0,0.0,-0.08375
212,4,0.0,0.0,0.0,0.0,0.0
213,0,0.0,-9.854344740807602e-05,0.0,0.0,-10.249960929498013
213,1,0.0,0.0,-0.0027590248520561003,0.0,-0.25870333989671035
213,2,0.0,0.0,0.0,0.0,-0.7685197094448271
213,3,0.0,0.0,0.0,0.0,-0.08375
213,4,0.0,0.0,0.0,0.0,0.0
214,0,0.0,-9.854344740807602e-05,0.0,0.0,-10.285854476843857
214,1,0.0,0.0,-0.0027590248520561003,0.0,-0.25870333989671035
214,2,0.0,0.0,0.0,0.0,-0.7685197094448271
214,3,0.0,0.0,0.0,0.0,-0.08375
214,4,0.0,0.0,0.0,0.0,0.0
215,0,0.0,-9.854344740807602e-05,0.0,0.0,-10.324139265120643
215,1,0.0,0.0,-0.0027590248520561003,0.0,-0.25870333989671035
215,2,0.0,0.0,0.0,0.0,-0.7685197094448271
215,3,0.0,0.0,0.0,0.0,-0.08375
215,4,0.0,0.0,0.0,0.0,0.0
216,0,0.0,-9.854344740807602e-05,0.0,0.0,-10.362307346799518
216,1,0.0,0.0,-0.0027590248520561003,0.0,-0.25870333989671035
216,2,0.0,0.0,0.0,0.0,-0.7685197094448271
216,3,0.0,0.0,0.0,0.0,-0.08375
216,4,0.0,0.0,0.0,0.0,0.0
217,0,0.0,-9.854344740807602e-05,0.0,0.0,-10.397859136645984
217,1,0.0,0.0,-0.0027590248520561003,0.0,-0.25870333989671035
217,2,0.0,0.0,0.0,0.0,-0.7685197094448271
217,3,0.0,0.0,0.0,0.0,-0.08375
217,4,0.0,0.0,0.0,0.0,0.0
218,0,0.0,-9.854344740807602e-05,0.0,0.0,-10.43580338035693
218,1,0.0,0.0,-0.0027590248520561003,0.0,-0.25870333989671035
218,2,0.0,0.0,0.0,0.0,-0.7685197094448271
218,3,0.0,0.0,0.0,0.0,-0.08375
218,4,0.0,0.0,0.0,0.0,0.0
219,0,0.0,-9.854344740807602e-05,0.0,0.0,-10.473632125726107
219,1,0.0,0.0,-0.0027590248520561003,0.0,-0.25870333989671035
219,2,0.0,0.0,0.0,0.0,-0.7685197094448271
219,3,0.0,0.0,0.0,0.0,-0.08375
219,4,0.0,0.0,0.0,0.0,0.0
220,0,0.0,-9.854344740807602e-05,0.0,0.0,-10.511345782860586
220,1,0.0,0.0,-0.0027590248520561003,0.0,-0.25870333989671035
220,2,0.0,0.0,0.0,0.0,-0.7685197094448271
220,3,0.0,0.0,0.0,0.0,-0.08375
220,4,0.0,0.0,0.0,0.0,0.0
221,0,0.0,-9.854344740807602e-05,0.0,0.0,-10.548944760285405
221,1,0.0,0.0,-0.0027590248520561003,0.0,-0.25870333989671035
221,2,0.0,0.0,0.0,0.0,-0.7685197094448271
221,3,0.0,0.0,0.0,0.0,-0.08375
221,4,0.0,0.0,0.0,0.0,0.0
222,0,0.0,-9.854344740807602e-05,0.0,0.0,-10.58392946494997
222,1,0.0,0.0,-0.0027590248520561003,0.0,-0.25870333989671035
222,2,0.0,0.0,0.0,0.0,-0.7685197094448271
222,3,0.0,0.0,0.0,0.0,-0.08375
222,4,0.0,0.0,0.0,0.0,0.0
223,0,0.0,-9.854344740807602e-05,0.0,0.0,-10.618808634766832
223,1,0.0,0.0,-0.0027590248520561003,0.0,-0.25870333989671035
223,2,0.0,0.0,0.0,0.0,-0.7685197094448271
223,3,0.0,0.0,0.0,0.0,-0.08375
223,4,0.0,0.0,0.0,0.0,0.0
224,0,0.0,-9.854344740807602e-05,0.0,0.0,-10.656082642309329
224,1,0.0,0.0,-0.0027590248520561003,0.0,-0.25870333989671035
224,2,0.0,0.0,0.0,0.0,-0.7685197094448271
224,3,0.0,0.0,0.0,0.0,-0.08375
224,4,0.0,0.0,0.0,0.0,0.0
225,0,0.0,-9.854344740807602e-05,0.0,0.0,-10.690743526186896
225,1,0.0,0.0,-0.0027590248520561003,0.0,-0.25870333989671035
225,2,0.0,0.0,0.0,0.0,-0.7685197094448271
225,3,0.0,0.0,0.0,0.0,-0.08375
225,4,0.0,0.0,0.0,0.0,0.0
226,0,0.0,-9.854344740807602e-05,0.0,0.0,-10.727800019891934
226,1,0.0,0.0,-0.0027590248520561003,0.0,-0.25870333989671035
226,2,0.0,0.0,0.0,0.0,-0.7685197094448271
226,3,0.0,0.0,0.0,0.0,-0.08375
226,4,0.0,0.0,0.0,0.0,0.0
227,0,0.0,-9.854344740807602e-05,0.0,0.0,-10.762244159063163
227,1,0.0,0.0,-0.0027590248520561003,0.0,-0.25870333989671035
227,2,0.0,0.0,0.0,0.0,-0.7685197094448271
227,3,0.0,0.0,0.0,0.0,-0.08375
227,4,0.0,0.0,0.0,0.0,0.0
228,0,0.0,-9.854344740807602e-05,0.0,0.0,-10.799084674234335
228,1,0.0,0.0,-0.0027590248520561003,0.0,-0.25870333989671035
228,2,0.0,0.0,0.0,0.0,-0.7685197094448271
228,3,0.0,0.0,0.0,0.0,-0.08375
228,4,0.0,0.0,0.0,0.0,0.0
229,0,0.0,-9.854344740807602e-05,0.0,0.0,-10.835813598097516
229,1,0.0,0.0,-0.0027590248520561003,0.0,-0.25870333989671035
229,2,0.0,0.0,0.0,0.0,-0.7685197094448271
229,3,0.0,0.0,0.0,0.0,-0.08375
229,4,0.0,0.0,0.0,0.0,0.0
230,0,0.0,-9.854344740807602e-05,0.0,0.0,-10.869931325719362
230,1,0.0,0.0,-0.0027590248520561003,0.0,-0.25870333989671035
230,2,0.0,0.0,0.0,0.0,-0.7685197094448271
230,3,0.0,0.0,0.0,0.0,-0.08375
230,4,0.0,0.0,0.0,0.0,0.0
231,0,0.0,-9.854344740807602e-05,0.0,0.0,-10.906446583177821
231,1,0.0,0.0,-0.0027590248520561003,0.0,-0.25870333989671035
231,2,0.0,0.0,0.0,0.0,-0.7685197094448271
231,3,0.0,0.0,0.0,0.0,-0.08375
231,4,0.0,0.0,0.0,0.0,0.0
232,0,0.0,-9.854344740807602e-05,0.0,0.0,-10.942851398727246
232,1,0.0,0.0,-0.0027590248520561003,0.0,-0.25870333989671035
232,2,0.0,0.0,0.0,0.0,-0.7685197094448271
232,3,0.0,0.0,0.0,0.0,-0.08375
232,4,0.0,0.0,0.0,0.0,0.0
233,0,0.0,-9.854344740807602e-05,0.0,0.0,-10.976646163014534
233,1,0.0,0.0,-0.0027590248520561003,0.0,-0.25870333989671035
233,2,0.0,0.0,0.0,0.0,-0.7685197094448271
233,3,0.0,0.0,0.0,0.0,-0.08375
233,4,0.0,0.0,0.0,0.0,0.0
234,0,0.0,-9.854344740807602e-05,0.0,0.0,-11.010339597715793
234,1,0.0,0.0,-0.0027590248520561003,0.0,-0.25870333989671035
234,2,0.0,0.0,0.0,0.0,-0.7685197094448271
234,3,0.0,0.0,0.0,0.0,-0.08375
234,4,0.0,0.0,0.0,0.0,0.0
235,0,0.0,-9.854344740807602e-05,0.0,0.0,-11.043932059233734
235,1,0.0,0.0,-0.0027590248520561003,0.0,-0.25870333989671035
235,2,0.0,0.0,0.0,0.0,-0.7685197094448271
235,3,0.0,0.0,0.0,0.0,-0.08375
235,4,0.0,0.0,0.0,0.0,0.0
236,0,0.0,-9.854344740807602e-05,0.0,0.0,-11.077423902604997
236,1,0.0,0.0,-0.0027590248520561003,0.0,-0.25870333989671035
236,2,0.0,0.0,0.0,0.0,-0.7685197094448271
236,3,0.0,0.0,0.0,0.0,-0.08375
236,4,0.0,0.0,0.0,0.0,0.0
237,0,0.0,-9.854344740807602e-05,0.0,0.0,-11.113315481505742
237,1,0.0,0.0,-0.0027590248520561003,0.0,-0.25870333989671035
237,2,0.0,0.0,0.0,0.0,-0.7685197094448271
237,3,0.0,0.0,0.0,0.0,-0.08375
237,4,0.0,0.0,0.0,0.0,0.0
238,0,0.0,-9.854344740807602e-05,0.0,0.0,-11.149098815724738
238,1,0.0,0.0,-0.0027590248520561003,0.0,-0.25870333989671035
238,2,0.0,0.0,0.0,0.0,-0.7685197094448271
238,3,0.0,0.0,0.0,0.0,-0.08375
238,4,0.0,0.0,0.0,0.0,0.0
239,0,0.0,-9.854344740807602e-05,0.0,0.0,-11.184774287477564
239,1,0.0,0.0,-0.0027590248520561003,0.0,-0.25870333989671035
239,2,0.0,0.0,0.0,0.0,-0.7685197094448271
239,3,0.0,0.0,0.0,0.0,-0.08375
239,4,0.0,0.0,0.0,0.0,0.0
240,0,0.0,-9.854344740807602e-05,0.0,0.0,-11.220342277510762
240,1,0.0,0.0,-0.0027590248520561003,0.0,-0.25870333989671035
240,2,0.0,0.0,0.0,0.0,-0.7685197094448271
240,3,0.0,0.0,0.0,0.0,-0.08375
240,4,0.0,0.0,0.0,0.0,0.0
241,0,0.0,-9.854344740807602e-05,0.0,0.0,-11.253303165107766
241,1,0.0,0.0,-0.0027590248520561003,0.0,-0.25870333989671035
241,2,0.0,0.0,0.0,0.0,-0.7685197094448271
241,3,0.0,0.0,0.0,0.0,-0.08375
241,4,0.0,0.0,0.0,0.0,0.0
242,0,0.0,-9.854344740807602e-05,0.0,0.0,-11.286165660627203
242,1,0.0,0.0,-0.0027590248520561003,0.0,-0.25870333989671035
242,2,0.0,0.0,0.0,0.0,-0.7685197094448271
242,3,0.0,0.0,0.0,0.0,-0.08375
242,4,0.0,0.0,0.0,0.0,0.0
243,0,0.0,-9.854344740807602e-05,0.0,0.0,-11.318930109200073
243,1,0.0,0.0,-0.0027590248520561003,0.0,-0.25870333989671035
243,2,0.0,0.0,0.0,0.0,-0.7685197094448271
243,3,0.0,0.0,0.0,0.0,-0.08375
243,4,0.0,0.0,0.0,0.0,0.0
244,0,0.0,-9.854344740807602e-05,0.0,0.0,-11.35409685463694
244,1,0.0,0.0,-0.0027590248520561003,0.0,-0.25870333989671035
244,2,0.0,0.0,0.0,0.0,-0.7685197094448271
244,3,0.0,0.0,0.0,0.0,-0.08375
244,4,0.0,0.0,0.0,0.0,0.0
245,0,0.0,-9.854344740807602e-05,0.0,0.0,-11.3891579069009
245,1,0.0,0.0,-0.0027590248520561003,0.0,-0.25870333989671035
245,2,0.0,0.0,0.0,0.0,-0.7685197094448271
245,3,0.0,0.0,0.0,0.0,-0.08375
245,4,0.0,0.0,0.0,0.0,0.0
246,0,0.0,-9.854344740807602e-05,0.0,0.0,-11.421613638421606
246,1,0.0,0.0,-0.0027590248520561003,0.0,-0.25870333989671035
246,2,0.0,0.0,0.0,0.0,-0.7685197094448271
246,3,0.0,0.0,0.0,0.0,-0.08375
246,4,0.0,0.0,0.0,0.0,0.0
247,0,0.0,-9.854344740807602e-05,0.0,0.0,-11.456472752731594
247,1,0.0,0.0,-0.0027590248520561003,0.0,-0.25870333989671035
247,2,0.0,0.0,0.0,0.0,-0.7685197094448271
247,3,0.0,0.0,0.0,0.0,-0.08375
247,4,0.0,0.0,0.0,0.0,0.0
248,0,0.0,-9.854344740807602e-05,0.0,0.0,-11.488727255630996
248,1,0.0,0.0,-0.0027590248520561003,0.0,-0.25870333989671035
248,2,0.0,0.0,0.0,0.0,-0.7685197094448271
248,3,0.0,0.0,0.0,0.0,-0.08375
248,4,0.0,0.0,0.0,0.0,0.0
249,0,0.0,-9.854344740807602e-05,0.0,0.0,-11.5233858479357
249,1,0.0,0.0,-0.0027590248520561003,0.0,-0.25870333989671035
249,2,0.0,0.0,0.0,0.0,-0.7685197094448271
249,3,0.0,0.0,0.0,0.0,-0.08375
249,4,0.0,0.0,0.0,0.0,0.0
250,0,0.0,-9.854344740807602e-05,0.0,0.0,-11.557940532740153
250,1,0.0,0.0,-0.0027590248520561003,0.0,-0.25870333989671035
250,2,0.0,0.0,0.0,0.0,-0.7685197094448271
250,3,0.0,0.0,0.0,0.0,-0.08375
250,4,0.0,0.0,0.0,0.0,0.0
251,0,0.0,-9.854344740807602e-05,0.0,0.0,-11.592391675633122
251,1,0.0,0.0,-0.0027590248520561003,0.0,-0.25870333989671035
251,2,0.0,0.0,0.0,0.0,-0.7685197094448271
251,3,0.0,0.0,0.0,0.0,-0.08375
251,4,0.0,0.0,0.0,0.0,0.0
252,0,0.0,-9.854344740807602e-05,0.0,0.0,-11.624239640801544
252,1,0.0,0.0,-0.0027590248520561003,0.0,-0.25870333989671035
252,2,0.0,0.0,0.0,0.0,-0.7685197094448271
252,3,0.0,0.0,0.0,0.0,-0.08375
252,4,0.0,0.0,0.0,0.0,0.0
253,0,0.0,-9.854344740807602e-05,0.0,0.0,-11.658493123568556
253,1,0.0,0.0,-0.0027590248520561003,0.0,-0.25870333989671035
253,2,0.0,0.0,0.0,0.0,-0.7685197094448271
253,3,0.0,0.0,0.0,0.0,-0.08375
253,4,0.0,0.0,0.0,0.0,0.0
254,0,0.0,-9.854344740807602e-05,0.0,0.0,-11.690144121558058
254,1,0.0,0.0,-0.0027590248520561003,0.0,-0.25870333989671035
254,2,0.0,0.0,0.0,0.0,-0.7685197094448271
254,3,0.0,0.0,0.0,0.0,-0.08375
254,4,0.0,0.0,0.0,0.0,0.0
255,0,0.0,-9.854344740807602e-05,0.0,0.0,-11.724201327442728
255,1,0.0,0.0,-0.0027590248520561003,0.0,-0.25870333989671035
255,2,0.0,0.0,0.0,0.0,-0.7685197094448271
255,3,0.0,0.0,0.0,0.0,-0.08375
255,4,0.0,0.0,0.0,0.0,0.0
256,0,0.0,-9.854344740807602e-05,0.0,0.0,-11.758156736206724
256,1,0.0,0.0,-0.0027590248520561003,0.0,-0.25870333989671035
256,2,0.0,0.0,0.0,0.0,-0.7685197094448271
256,3,0.0,0.0,0.0,0.0,-0.08375
256,4,0.0,0.0,0.0,0.0,0.0
257,0,0.0,-9.854344740807602e-05,0.0,0.0,-11.792010705361253
257,1,0.0,0.0,-0.0027590248520561003,0.0,-0.25870333989671035
257,2,0.0,0.0,0.0,0.0,-0.7685197094448271
257,3,0.0,0.0,0.0,0.0,-0.08375
257,4,0.0,0.0,0.0,0.0,0.0
258,0,0.0,-9.854344740807602e-05,0.0,0.0,-11.825763591048327
258,1,0.0,0.0,-0.0027590248520561003,0.0,-0.25870333989671035
258,2,0.0,0.0,0.0,0.0,-0.7685197094448271
258,3,0.0,0.0,0.0,0.0,-0.08375
258,4,0.0,0.0,0.0,0.0,0.0
259,0,0.0,-9.854344740807602e-05,0.0,0.0,-11.859415748046281
259,1,0.0,0.0,-0.0027590248520561003,0.0,-0.25870333989671035
259,2,0.0,0.0,0.0,0.0,-0.7685197094448271
259,3,0.0,0.0,0.0,0.0,-0.08375
259,4,0.0,0.0,0.0,0.0,0.0
260,0,0.0,-9.854344740807602e-05,0.0,0.0,-11.89296752977526
260,1,0.0,0.0,-0.0027590248520561003,0.0,-0.25870333989671035
260,2,0.0,0.0,0.0,0.0,-0.7685197094448271
260,3,0.0,0.0,0.0,0.0,-0.08375
260,4,0.0,0.0,0.0,0.0,0.0
261,0,0.0,-9.854344740807602e-05,0.0,0.0,-11.926419288302744
261,1,0.0,0.0,-0.0027590248520561003,0.0,-0.25870333989671035
261,2,0.0,0.0,0.0,0.0,-0.7685197094448271
261,3,0.0,0.0,0.0,0.0,-0.08375
261,4,0.0,0.0,0.0,0.0,0.0
262,0,0.0,-9.854344740807602e-05,0.0,0.0,-11.957271374348979
262,1,0.0,0.0,-0.0027590248520561003,0.0,-0.25870333989671035
262,2,0.0,0.0,0.0,0.0,-0.7685197094448271
262,3,0.0,0.0,0.0,0.0,-0.08375
262,4,0.0,0.0,0.0,0.0,0.0
263,0,0.0,-9.854344740807602e-05,0.0,0.0,-11.988032469824796
263,1,0.0,0.0,-0.0027590248520561003,0.0,-0.25870333989671035
263,2,0.0,0.0,0.0,0.0,-0.7685197094448271
263,3,0.0,0.0,0.0,0.0,-0.08375
263,4,0.0,0.0,0.0,0.0,0.0
264,0,0.0,-9.854344740807602e-05,0.0,0.0,-12.021202891528308
264,1,0.0,0.0,-0.0027590248520561003,0.0,-0.25870333989671035
264,2,0.0,0.0,0.0,0.0,-0.7685197094448271
264,3,0.0,0.0,0.0,0.0,-0.08375
264,4,0.0,0.0,0.0,0.0,0.0
265,0,0.0,-9.854344740807602e-05,0.0,0.0,-12.054274622519246
265,1,0.0,0.0,-0.0027590248520561003,0.0,-0.25870333989671035
265,2,0.0,0.0,0.0,0.0,-0.7685197094448271
265,3,0.0,0.0,0.0,0.0,-0.08375
265,4,0.0,0.0,0.0,0.0,0.0
266,0,0.0,-9.854344740807602e-05,0.0,0.0,-12.087248008432537
266,1,0.0,0.0,-0.0027590248520561003,0.0,-0.25870333989671035
266,2,0.0,0.0,0.0,0.0,-0.7685197094448271
266,3,0.0,0.0,0.0,0.0,-0.08375
266,4,0.0,0.0,0.0,0.0,0.0
267,0,0.0,-9.854344740807602e-05,0.0,0.0,-12.120123393581839
267,1,0.0,0.0,-0.0027590248520561003,0.0,-0.25870333989671035
267,2,0.0,0.0,0.0,0.0,-0.7685197094448271
267,3,0.0,0.0,0.0,0.0,-0.08375
267,4,0.0,0.0,0.0,0.0,0.0
268,0,0.0,-9.854344740807602e-05,0.0,0.0,-12.152901120964826
268,1,0.0,0.0,-0.0027590248520561003,0.0,-0.25870333989671035
268,2,0.0,0.0,0.0,0.0,-0.7685197094448271
268,3,0.0,0.0,0.0,0.0,-0.08375
268,4,0.0,0.0,0.0,0.0,0.0
269,0,0.0,-9.854344740807602e-05,0.0,0.0,-12.185581532268532
269,1,0.0,0.0,-0.0027590248520561003,0.0,-0.25870333989671035
269,2,0.0,0.0,0.0,0.0,-0.7685197094448271
269,3,0.0,0.0,0.0,0.0,-0.08375
269,4,0.0,0.0,0.0,0.0,0.0
270,0,0.0,-9.854344740807602e-05,0.0,0.0,-12.215664967874634
270,1,0.0,0.0,-0.0027590248520561003,0.0,-0.25870333989671035
270,2,0.0,0.0,0.0,0.0,-0.7685197094448271
270,3,0.0,0.0,0.0,0.0,-0.08375
270,4,0.0,0.0,0.0,0.0,0.0
271,0,0.0,-9.854344740807602e-05,0.0,0.0,-12.245660099397067
271,1,0.0,0.0,-0.0027590248520561003,0.0,-0.25870333989671035
271,2,0.0,0.0,0.0,0.0,-0.7685197094448271
271,3,0.0,0.0,0.0,0.0,-0.08375
271,4,0.0,0.0,0.0,0.0,0.0
272,0,0.0,-9.854344740807602e-05,0.0,0.0,-12.27806723337856
272,1,0.0,0.0,-0.0027590248520561003,0.0,-0.25870333989671035
272,2,0.0,0.0,0.0,0.0,-0.7685197094448271
272,3,0.0,0.0,0.0,0.0,-0.08375
272,4,0.0,0.0,0.0,0.0,0.0
273,0,0.0,-9.854344740807602e-05,0.0,0.0,-12.310378342664798
273,1,0.0,0.0,-0.0027590248520561003,0.0,-0.25870333989671035
273,2,0.0,0.0,0.0,0.0,-0.7685197094448271
273,3,0.0,0.0,0.0,0.0,-0.08375
273,4,0.0,0.0,0.0,0.0,0.0
274,0,0.0,-9.854344740807602e-05,0.0,0.0,-12.342593762717849
274,1,0.0,0.0,-0.0027590248520561003,0.0,-0.25870333989671035
274,2,0.0,0.0,0.0,0.0,-0.7685197094448271
274,3,0.0,0.0,0.0,0.0,-0.08375
274,4,0.0,0.0,0.0,0.0,0.0
275,0,0.0,-9.854344740807602e-05,0.0,0.0,-12.37471382771945
275,1,0.0,0.0,-0.0027590248520561003,0.0,-0.25870333989671035
275,2,0.0,0.0,0.0,0.0,-0.7685197094448271
275,3,0.0,0.0,0.0,0.0,-0.08375
275,4,0.0,0.0,0.0,0.0,0.0
276,0,0.0,-9.854344740807602e-05,0.0,0.0,-12.404238870576233
276,1,0.0,0.0,-0.0027590248520561003,0.0,-0.25870333989671035
276,2,0.0,0.0,0.0,0.0,-0.7685197094448271
276,3,0.0,0.0,0.0,0.0,-0.08375
276,4,0.0,0.0,0.0,0.0,0.0
277,0,0.0,-9.854344740807602e-05,0.0,0.0,-12.436177555457162
277,1,0.0,0.0,-0.0027590248520561003,0.0,-0.25870333989671035
277,2,0.0,0.0,0.0,0.0,-0.7685197094448271
277,3,0.0,0.0,0.0,0.0,-0.08375
277,4,0.0,0.0,0.0,0.0,0.0
278,0,0.0,-9.854344740807602e-05,0.0,0.0,-12.468021848957633
278,1,0.0,0.0,-0.0027590248520561003,0.0,-0.25870333989671035
278,2,0.0,0.0,0.0,0.0,-0.7685197094448271
278,3,0.0,0.0,0.0,0.0,-0.08375
278,4,0.0,0.0,0.0,0.0,0.0
279,0,0.0,-9.854344740807602e-05,0.0,0.0,-12.499772080314553
279,1,0.0,0.0,-0.0027590248520561003,0.0,-0.25870333989671035
279,2,0.0,0.0,0.0,0.0,-0.7685197094448271
279,3,0.0,0.0,0.0,0.0,-0.08375
279,4,0.0,0.0,0.0,0.0,0.0
280,0,0.0,-9.854344740807602e-05,0.0,0.0,-12.531428577509601
280,1,0.0,0.0,-0.0027590248520561003,0.0,-0.25870333989671035
280,2,0.0,0.0,0.0,0.0,-0.7685197094448271
280,3,0.0,0.0,0.0,0.0,-0.08375
280,4,0.0,0.0,0.0,0.0,0.0
281,0,0.0,-9.854344740807602e-05,0.0,0.0,-12.562991667274272
281,1,0.0,0.0,-0.0027590248520561003,0.0,-0.25870333989671035
281,2,0.0,0.0,0.0,0.0,-0.7685197094448271
281,3,0.0,0.0,0.0,0.0,-0.08375
281,4,0.0,0.0,0.0,0.0,0.0
282,0,0.0,-9.854344740807602e-05,0.0,0.0,-12.59196167509493
282,1,0.0,0.0,-0.0027590248520561003,0.0,-0.25870333989671035
282,2,0.0,0.0,0.0,0.0,-0.7685197094448271
282,3,0.0,0.0,0.0,0.0,-0.08375
282,4,0.0,0.0,0.0,0.0,0.0
283,0,0.0,-9.854344740807602e-05,0.0,0.0,-12.623347257750156
283,1,0.0,0.0,-0.0027590248520561003,0.0,-0.25870333989671035
283,2,0.0,0.0,0.0,0.0,-0.7685197094448271
283,3,0.0,0.0,0.0,0.0,-0.08375
283,4,0.0,0.0,0.0,0.0,0.0
284,0,0.0,-9.854344740807602e-05,0.0,0.0,-12.652140374474698
284,1,0.0,0.0,-0.0027590248520561003,0.0,-0.25870333989671035
284,2,0.0,0.0,0.0,0.0,-0.7685197094448271
284,3,0.0,0.0,0.0,0.0,-0.08375
284,4,0.0,0.0,0.0,0.0,0.0
285,0,0.0,-9.854344740807602e-05,0.0,0.0,-12.680849679706782
285,1,0.0,0.0,-0.0027590248520561003,0.0,-0.25870333989671035
285,2,0.0,0.0,0.0,0.0,-0.7685197094448271
285,3,0.0,0.0,0.0,0.0,-0.08375
285,4,0.0,0.0,0.0,0.0,0.0
286,0,0.0,-9.854344740807602e-05,0.0,0.0,-12.709475462882578
286,1,0.0,0.0,-0.0027590248520561003,0.0,-0.25870333989671035
286,2,0.0,0.0,0.0,0.0,-0.7685197094448271
286,3,0.0,0.0,0.0,0.0,-0.08375
286,4,0.0,0.0,0.0,0.0,0.0
287,0,0.0,-9.854344740807602e-05,0.0,0.0,-12.738018012342385
287,1,0.0,0.0,-0.0027590248520561003,0.0,-0.25870333989671035
287,2,0.0,0.0,0.0,0.0,-0.7685197094448271
287,3,0.0,0.0,0.0,0.0,-0.08375
287,4,0.0,0.0,0.0,0.0,0.0
288,0,0.0,-9.854344740807602e-05,0.0,0.0,-12.766477615335056
288,1,0.0,0.0,-0.0027590248520561003,0.0,-0.25870333989671035
288,2,0.0,0.0,0.0,0.0,-0.7685197094448271
288,3,0.0,0.0,0.0,0.0,-0.08375
288,4,0.0,0.0,0.0,0.0,0.0
289,0,0.0,-9.854344740807602e-05,0.0,0.0,-12.797354558022372
289,1,0.0,0.0,-0.0027590248520561003,0.0,-0.25870333989671035
289,2,0.0,0.0,0.0,0.0,-0.7685197094448271
289,3,0.0,0.0,0.0,0.0,-0.08375
289,4,0.0,0.0,0.0,0.0,0.0
290,0,0.0,-9.854344740807602e-05,0.0,0.0,-12.828140792951016
290,1,0.0,0.0,-0.0027590248520561003,0.0,-0.25870333989671035
290,2,0.0,0.0,0.0,0.0,-0.7685197094448271
290,3,0.0,0.0,0.0,0.0,-0.08375
290,4,0.0,0.0,0.0,0.0,0.0
291,0,0.0,-9.854344740807602e-05,0.0,0.0,-12.858836635365638
291,1,0.0,0.0,-0.0027590248520561003,0.0,-0.25870333989671035
291,2,0.0,0.0,0.0,0.0,-0.7685197094448271
291,3,0.0,0.0,0.0,0.0,-0.08375
291,4,0.0,0.0,0.0,0.0,0.0
292,0,0.0,-9.854344740807602e-05,0.0,0.0,-12.886942399311856
292,1,0.0,0.0,-0.0027590248520561003,0.0,-0.25870333989671035
292,2,0.0,0.0,0.0,0.0,-0.7685197094448271
292,3,0.0,0.0,0.0,0.0,-0.08375
292,4,0.0,0.0,0.0,0.0,0.0
293,0,0.0,-9.854344740807602e-05,0.0,0.0,-12.917466730173429
293,1,0.0,0.0,-0.0027590248520561003,0.0,-0.25870333989671035
293,2,0.0,0.0,0.0,0.0,-0.7685197094448271
293,3,0.0,0.0,0.0,0.0,-0.08375
293,4,0.0,0.0,0.0,0.0,0.0
294,0,0.0,-9.854344740807602e-05,0.0,0.0,-12.945401575836009
294,1,0.0,0.0,-0.0027590248520561003,0.0,-0.25870333989671035
294,2,0.0,0.0,0.0,0.0,-0.7685197094448271
294,3,0.0,0.0,0.0,0.0,-0.08375
294,4,0.0,0.0,0.0,0.0,0.0
295,0,0.0,-9.854344740807602e-05,0.0,0.0,-12.975755579434281
295,1,0.0,0.0,-0.0027590248520561003,0.0,-0.25870333989671035
295,2,0.0,0.0,0.0,0.0,-0.7685197094448271
295,3,0.0,0.0,0.0,0.0,-0.08375
295,4,0.0,0.0,0.0,0.0,0.0
296,0,0.0,-9.854344740807602e-05,0.0,0.0,-13.00602068661382
296,1,0.0,0.0,-0.0027590248520561003,0.0,-0.25870333989671035
296,2,0.0,0.0,0.0,0.0,-0.7685197094448271
296,3,0.0,0.0,0.0,0.0,-0.08375
296,4,0.0,0.0,0.0,0.0,0.0
297,0,0.0,-9.854344740807602e-05,0.0,0.0,-13.03369720574588
297,1,0.0,0.0,-0.0027590248520561003,0.0,-0.25870333989671035
297,2,0.0,0.0,0.0,0.0,-0.7685197094448271
297,3,0.0,0.0,0.0,0.0,-0.08375
297,4,0.0,0.0,0.0,0.0,0.0
298,0,0.0,-9.854344740807602e-05,0.0,0.0,-13.06129377656263
298,1,0.0,0.0,-0.0027590248520561003,0.0,-0.25870333989671035
298,2,0.0,0.0,0.0,0.0,-0.7685197094448271
298,3,0.0,0.0,0.0,0.0,-0.08375
298,4,0.0,0.0,0.0,0.0,0.0
299,0,0.0,-9.854344740807602e-05,0.0,0.0,-13.091310673853144
299,1,0.0,0.0,-0.0027590248520561003,0.0,-0.25870333989671035
299,2,0.0,0.0,0.0,0.0,-0.7685197094448271
299,3,0.0,0.0,0.0,0.0,-0.08375
299,4,0.0,0.0,0.0,0.0,0.0
300,0,0.0,-9.854344740807602e-05,0.0,0.0,-13.118739838837042
300,1,0.0,0.0,-0.0027590248520561003,0.0,-0.25870333989671035
300,2,0.0,0.0,0.0,0.0,-0.7685197094448271
300,3,0.0,0.0,0.0,0.0,-0.08375
300,4,0.0,0.0,0.0,0.0,0.0
301,0,0.0,-9.854344740807602e-05,0.0,0.0,-13.148589908009717
301,1,0.0,0.0,-0.0027590248520561003,0.0,-0.25870333989671035
301,2,0.0,0.0,0.0,0.0,-0.7685197094448271
301,3,0.0,0.0,0.0,0.0,-0.08375
301,4,0.0,0.0,0.0,0.0,0.0
302,0,0.0,-9.854344740807602e-05,0.0,0.0,-13.175852820404078
302,1,0.0,0.0,-0.0027590248520561003,0.0,-0.25870333989671035
302,2,0.0,0.0,0.0,0.0,-0.7685197094448271
302,3,0.0,0.0,0.0,0.0,-0.08375
302,4,0.0,0.0,0.0,0.0,0.0
303,0,0.0,-9.854344740807602e-05,0.0,0.0,-13.203037210337547
303,1,0.0,0.0,-0.0027590248520561003,0.0,-0.25870333989671035
303,2,0.0,0.0,0.0,0.0,-0.7685197094448271
303,3,0.0,0.0,0.0,0.0,-0.08375
303,4,0.0,0.0,0.0,0.0,0.0
304,0,0.0,-9.854344740807602e-05,0.0,0.0,-13.23014334720615
304,1,0.0,0.0,-0.0027590248520561003,0.0,-0.25870333989671035
304,2,0.0,0.0,0.0,0.0,-0.7685197094448271
304,3,0.0,0.0,0.0,0.0,-0.08375
304,4,0.0,0.0,0.0,0.0,0.0
305,0,0.0,-9.854344740807602e-05,0.0,0.0,-13.257171499390422
305,1,0.0,0.0,-0.0027590248520561003,0.0,-0.25870333989671035
305,2,0.0,0.0,0.0,0.0,-0.7685197094448271
305,3,0.0,0.0,0.0,0.0,-0.08375
305,4,0.0,0.0,0.0,0.0,0.0
306,0,0.0,-9.854344740807602e-05,0.0,0.0,-13.286621934259452
306,1,0.0,0.0,-0.0027590248520561003,0.0,-0.25870333989671035
306,2,0.0,0.0,0.0,0.0,-0.7685197094448271
306,3,0.0,0.0,0.0,0.0,-0.08375
306,4,0.0,0.0,0.0,0.0,0.0
307,0,0.0,-9.854344740807602e-05,0.0,0.0,-13.313486585642583
307,1,0.0,0.0,-0.0027590248520561003,0.0,-0.25870333989671035
307,2,0.0,0.0,0.0,0.0,-0.7685197094448271
307,3,0.0,0.0,0.0,0.0,-0.08375
307,4,0.0,0.0,0.0,0.0,0.0
308,0,0.0,-9.854344740807602e-05,0.0,0.0,-13.342774082674465
308,1,0.0,0.0,-0.0027590248520561003,0.0,-0.25870333989671035
308,2,0.0,0.0,0.0,0.0,-0.7685197094448271
308,3,0.0,0.0,0.0,0.0,-0.08375
308,4,0.0,0.0,0.0,0.0,0.0
309,0,0.0,-9.854344740807602e-05,0.0,0.0,-13.371976357056731
309,1,0.0,0.0,-0.0027590248520561003,0.0,-0.25870333989671035
309,2,0.0,0.0,0.0,0.0,-0.7685197094448271
309,3,0.0,0.0,0.0,0.0,-0.08375
309,4,0.0,0.0,0.0,0.0,0.0
310,0,0.0,-9.854344740807602e-05,0.0,0.0,-13.398593703272493
310,1,0.0,0.0,-0.0027590248520561003,0.0,-0.25870333989671035
310,2,0.0,0.0,0.0,0.0,-0.7685197094448271
310,3,0.0,0.0,0.0,0.0,-0.08375
310,4,0.0,0.0,0.0,0.0,0.0
311,0,0.0,-9.854344740807602e-05,0.0,0.0,-13.425134747221373
311,1,0.0,0.0,-0.0027590248520561003,0.0,-0.25870333989671035
311,2,0.0,0.0,0.0,0.0,-0.7685197094448271
311,3,0.0,0.0,0.0,0.0,-0.08375
311,4,0.0,0.0,0.0,0.0,0.0
312,0,0.0,-9.854344740807602e-05,0.0,0.0,-13.454099749915265
312,1,0.0,0.0,-0.0027590248520561003,0.0,-0.25870333989671035
312,2,0.0,0.0,0.0,0.0,-0.7685197094448271
312,3,0.0,0.0,0.0,0.0,-0.08375
312,4,0.0,0.0,0.0,0.0,0.0
313,0,0.0,-9.854344740807602e-05,0.0,0.0,-13.480480638851748
313,1,0.0,0.0,-0.0027590248520561003,0.0,-0.25870333989671035
313,2,0.0,0.0,0.0,0.0,-0.7685197094448271
313,3,0.0,0.0,0.0,0.0,-0.08375
313,4,0.0,0.0,0.0,0.0,0.0
314,0,0.0,-9.854344740807602e-05,0.0,0.0,-13.506786036859065
314,1,0.0,0.0,-0.0027590248520561003,0.0,-0.25870333989671035
314,2,0.0,0.0,0.0,0.0,-0.7685197094448271
314,3,0.0,0.0,0.0,0.0,-0.08375
314,4,0.0,0.0,0.0,0.0,0.0
315,0,0.0,-9.854344740807602e-05,0.0,0.0,-13.535516201890003
315,1,0.0,0.0,-0.0027590248520561003,0.0,-0.25870333989671035
315,2,0.0,0.0,0.0,0.0,-0.7685197094448271
315,3,0.0,0.0,0.0,0.0,-0.08375
315,4,0.0,0.0,0.0,0.0,0.0
316,0,0.0,-9.854344740807602e-05,0.0,0.0,-13.56416305839525
316,1,0.0,0.0,-0.0027590248520561003,0.0,-0.25870333989671035
316,2,0.0,0.0,0.0,0.0,-0.7685197094448271
316,3,0.0,0.0,0.0,0.0,-0.08375
316,4,0.0,0.0,0.0,0.0,0.0
317,0,0.0,-9.854344740807602e-05,0.0,0.0,-13.592726893635987
317,1,0.0,0.0,-0.0027590248520561003,0.0,-0.25870333989671035
317,2,0.0,0.0,0.0,0.0,-0.7685197094448271
317,3,0.0,0.0,0.0,0.0,-0.08375
317,4,0.0,0.0,0.0,0.0,0.0
318,0,0.0,-9.854344740807602e-05,0.0,0.0,-13.6212079937864
318,1,0.0,0.0,-0.0027590248520561003,0.0,-0.25870333989671035
318,2,0.0,0.0,0.0,0.0,-0.7685197094448271
318,3,0.0,0.0,0.0,0.0,-0.08375
318,4,0.0,0.0,0.0,0.0,0.0
319,0,0.0,-9.854344740807602e-05,0.0,0.0,-13.64710664393805
319,1,0.0,0.0,-0.0027590248520561003,0.0,-0.25870333989671035
319,2,0.0,0.0,0.0,0.0,-0.7685197094448271
319,3,0.0,0.0,0.0,0.0,-0.08375
319,4,0.0,0.0,0.0,0.0,0.0
320,0,0.0,-9.854344740807602e-05,0.0,0.0,-13.675431460636574
320,1,0.0,0.0,-0.0027590248520561003,0.0,-0.25870333989671035
320,2,0.0,0.0,0.0,0.0,-0.7685197094448271
320,3,0.0,0.0,0.0,0.0,-0.08375
320,4,0.0,0.0,0.0,0.0,0.0
321,0,0.0,-9.854344740807602e-05,0.0,0.0,-13.703674363044925
321,1,0.0,0.0,-0.0027590248520561003,0.0,-0.25870333989671035
321,2,0.0,0.0,0.0,0.0,-0.7685197094448271
321,3,0.0,0.0,0.0,0.0,-0.08375
321,4,0.0,0.0,0.0,0.0,0.0
322,0,0.0,-9.854344740807602e-05,0.0,0.0,-13.729335633157687
322,1,0.0,0.0,-0.0027590248520561003,0.0,-0.25870333989671035
322,2,0.0,0.0,0.0,0.0,-0.7685197094448271
322,3,0.0,0.0,0.0,0.0,-0.08375
322,4,0.0,0.0,0.0,0.0,0.0
323,0,0.0,-9.854344740807602e-05,0.0,0.0,-13.757423884435903
323,1,0.0,0.0,-0.0027590248520561003,0.0,-0.25870333989671035
323,2,0.0,0.0,0.0,0.0,-0.7685197094448271
323,3,0.0,0.0,0.0,0.0,-0.08375
323,4,0.0,0.0,0.0,0.0,0.0
324,0,0.0,-9.854344740807602e-05,0.0,0.0,-13.782931032970264
324,1,0.0,0.0,-0.0027590248520561003,0.0,-0.25870333989671035
324,2,0.0,0.0,0.0,0.0,-0.7685197094448271
324,3,0.0,0.0,0.0,0.0,-0.08375
324,4,0.0,0.0,0.0,0.0,0.0
325,0,0.0,-9.854344740807602e-05,0.0,0.0,-13.810865690227734
325,1,0.0,0.0,-0.0027590248520561003,0.0,-0.25870333989671035
325,2,0.0,0.0,0.0,0.0,-0.7685197094448271
325,3,0.0,0.0,0.0,0.0,-0.08375
325,4,0.0,0.0,0.0,0.0,0.0
326,0,0.0,-9.854344740807602e-05,0.0,0.0,-13.838719770312888
326,1,0.0,0.0,-0.0027590248520561003,0.0,-0.25870333989671035
326,2,0.0,0.0,0.0,0.0,-0.7685197094448271
326,3,0.0,0.0,0.0,0.0,-0.08375
326,4,0.0,0.0,0.0,0.0,0.0
327,0,0.0,-9.854344740807602e-05,0.0,0.0,-13.86399355018215
327,1,0.0,0.0,-0.0027590248520561003,0.0,-0.25870333989671035
327,2,0.0,0.0,0.0,0.0,-0.7685197094448271
327,3,0.0,0.0,0.0,0.0,-0.08375
327,4,0.0,0.0,0.0,0.0,0.0
328,0,0.0,-9.854344740807602e-05,0.0,0.0,-13.889195638278503
328,1,0.0,0.0,-0.0027590248520561003,0.0,-0.25870333989671035
328,2,0.0,0.0,0.0,0.0,-0.7685197094448271
328,3,0.0,0.0,0.0,0.0,-0.08375
328,4,0.0,0.0,0.0,0.0,0.0
329,0,0.0,-9.854344740807602e-05,0.0,0.0,-13.916826278226987
329,1,0.0,0.0,-0.0027590248520561003,0.0,-0.25870333989671035
329,2,0.0,0.0,0.0,0.0,-0.7685197094448271
329,3,0.0,0.0,0.0,0.0,-0.08375
329,4,0.0,0.0,0.0,0.0,0.0
330,0,0.0,-9.854344740807602e-05,0.0,0.0,-13.94187738020781
330,1,0.0,0.0,-0.0027590248520561003,0.0,-0.25870333989671035
330,2,0.0,0.0,0.0,0.0,-0.7685197094448271
330,3,0.0,0.0,0.0,0.0,-0.08375
330,4,0.0,0.0,0.0,0.0,0.0
331,0,0.0,-9.854344740807602e-05,0.0,0.0,-13.966857549801023
331,1,0.0,0.0,-0.0027590248520561003,0.0,-0.25870333989671035
331,2,0.0,0.0,0.0,0.0,-0.7685197094448271
331,3,0.0,0.0,0.0,0.0,-0.08375
331,4,0.0,0.0,0.0,0.0,0.0
332,0,0.0,-9.854344740807602e-05,0.0,0.0,-13.994267027780143
332,1,0.0,0.0,-0.0027590248520561003,0.0,-0.25870333989671035
332,2,0.0,0.0,0.0,0.0,-0.7685197094448271
332,3,0.0,0.0,0.0,0.0,-0.08375
332,4,0.0,0.0,0.0,0.0,0.0
333,0,0.0,-9.854344740807602e-05,0.0,0.0,-14.019097721485204
333,1,0.0,0.0,-0.0027590248520561003,0.0,-0.25870333989671035
333,2,0.0,0.0,0.0,0.0,-0.7685197094448271
333,3,0.0,0.0,0.0,0.0,-0.08375
333,4,0.0,0.0,0.0,0.0,0.0
334,0,0.0,-9.854344740807602e-05,0.0,0.0,-14.04385823366742
334,1,0.0,0.0,-0.0027590248520561003,0.0,-0.25870333989671035
334,2,0.0,0.0,0.0,0.0,-0.7685197094448271
334,3,0.0,0.0,0.0,0.0,-0.08375
334,4,0.0,0.0,0.0,0.0,0.0
335,0,0.0,-9.854344740807602e-05,0.0,0.0,-14.071048802282718
335,1,0.0,0.0,-0.0027590248520561003,0.0,-0.25870333989671035
335,2,0.0,0.0,0.0,0.0,-0.7685197094448271
335,3,0.0,0.0,0.0,0.0,-0.08375
335,4,0.0,0.0,0.0,0.0,0.0
336,0,0.0,-9.854344740807602e-05,0.0,0.0,-14.098161331864773
336,1,0.0,0.0,-0.0027590248520561003,0.0,-0.25870333989671035
336,2,0.0,0.0,0.0,0.0,-0.7685197094448271
336,3,0.0,0.0,0.0,0.0,-0.08375
336,4,0.0,0.0,0.0,0.0,0.0
337,0,0.0,-9.854344740807602e-05,0.0,0.0,-14.12269608983724
337,1,0.0,0.0,-0.0027590248520561003,0.0,-0.25870333989671035
337,2,0.0,0.0,0.0,0.0,-0.7685197094448271
337,3,0.0,0.0,0.0,0.0,-0.08375
337,4,0.0,0.0,0.0,0.0,0.0
338,0,0.0,-9.854344740807602e-05,0.0,0.0,-14.14716167514834
338,1,0.0,0.0,-0.0027590248520561003,0.0,-0.25870333989671035
338,2,0.0,0.0,0.0,0.0,-0.7685197094448271
338,3,0.0,0.0,0.0,0.0,-0.08375
338,4,0.0,0.0,0.0,0.0,0.0
339,0,0.0,-9.854344740807602e-05,0.0,0.0,-14.171558321966158
339,1,0.0,0.0,-0.0027590248520561003,0.0,-0.25870333989671035
339,2,0.0,0.0,0.0,0.0,-0.7685197094448271
339,3,0.0,0.0,0.0,0.0,-0.08375
339,4,0.0,0.0,0.0,0.0,0.0
340,0,0.0,-9.854344740807602e-05,0.0,0.0,-14.198386263583975
340,1,0.0,0.0,-0.0027590248520561003,0.0,-0.25870333989671035
340,2,0.0,0.0,0.0,0.0,-0.7685197094448271
340,3,0.0,0.0,0.0,0.0,-0.08375
340,4,0.0,0.0,0.0,0.0,0.0
341,0,0.0,-9.854344740807602e-05,0.0,0.0,-14.225137399891379
341,1,0.0,0.0,-0.0027590248520561003,0.0,-0.25870333989671035
341,2,0.0,0.0,0.0,0.0,-0.7685197094448271
341,3,0.0,0.0,0.0,0.0,-0.08375
341,4,0.0,0.0,0.0,0.0,0.0
342,0,0.0,-9.854344740807602e-05,0.0,0.0,-14.251811993686418
342,1,0.0,0.0,-0.0027590248520561003,0.0,-0.25870333989671035
342,2,0.0,0.0,0.0,0.0,-0.7685197094448271
342,3,0.0,0.0,0.0,0.0,-0.08375
342,4,0.0,0.0,0.0,0.0,0.0
343,0,0.0,-9.854344740807602e-05,0.0,0.0,-14.278410306777763
343,1,0.0,0.0,-0.0027590248520561003,0.0,-0.25870333989671035
343,2,0.0,0.0,0.0,0.0,-0.7685197094448271
343,3,0.0,0.0,0.0,0.0,-0.08375
343,4,0.0,0.0,0.0,0.0,0.0
344,0,0.0,-9.854344740807602e-05,0.0,0.0,-14.302432599988629
344,1,0.0,0.0,-0.0027590248520561003,0.0,-0.25870333989671035
344,2,0.0,0.0,0.0,0.0,-0.7685197094448271
344,3,0.0,0.0,0.0,0.0,-0.08375
344,4,0.0,0.0,0.0,0.0,0.0
345,0,0.0,-9.854344740807602e-05,0.0,0.0,-14.328887465693088
345,1,0.0,0.0,-0.0027590248520561003,0.0,-0.25870333989671035
345,2,0.0,0.0,0.0,0.0,-0.7685197094448271
345,3,0.0,0.0,0.0,0.0,-0.08375
345,4,0.0,0.0,0.0,0.0,0.0
346,0,0.0,-9.854344740807602e-05,0.0,0.0,-14.352766798978891
346,1,0.0,0.0,-0.0027590248520561003,0.0,-0.25870333989671035
346,2,0.0,0.0,0.0,0.0,-0.7685197094448271
346,3,0.0,0.0,0.0,0.0,-0.08375
346,4,0.0,0.0,0.0,0.0,0.0
347,0,0.0,-9.854344740807602e-05,0.0,0.0,-14.376579190393782
347,1,0.0,0.0,-0.0027590248520561003,0.0,-0.25870333989671035
347,2,0.0,0.0,0.0,0.0,-0.7685197094448271
347,3,0.0,0.0,0.0,0.0,-0.08375
347,4,0.0,0.0,0.0,0.0,0.0
348,0,0.0,-9.854344740807602e-05,0.0,0.0,-14.400324865738817
348,1,0.0,0.0,-0.0027590248520561003,0.0,-0.25870333989671035
348,2,0.0,0.0,0.0,0.0,-0.7685197094448271
348,3,0.0,0.0,0.0,0.0,-0.08375
348,4,0.0,0.0,0.0,0.0,0.0
349,0,0.0,-9.854344740807602e-05,0.0,0.0,-14.424004049973552
349,1,0.0,0.0,-0.0027590248520561003,0.0,-0.25870333989671035
349,2,0.0,0.0,0.0,0.0,-0.7685197094448271
349,3,0.0,0.0,0.0,0.0,-0.08375
349,4,0.0,0.0,0.0,0.0,0.0
350,0,0.0,-9.854344740807602e-05,0.0,0.0,-14.450116967219381
350,1,0.0,0.0,-0.0027590248520561003,0.0,-0.25870333989671035
350,2,0.0,0.0,0.0,0.0,-0.7685197094448271
350,3,0.0,0.0,0.0,0.0,-0.08375
350,4,0.0,0.0,0.0,0.0,0.0
351,0,0.0,-9.854344740807602e-05,0.0,0.0,-14.473655508230495
351,1,0.0,0.0,-0.0027590248520561003,0.0,-0.25870333989671035
351,2,0.0,0.0,0.0,0.0,-0.7685197094448271
351,3,0.0,0.0,0.0,0.0,-0.08375
351,4,0.0,0.0,0.0,0.0,0.0
352,0,0.0,-9.854344740807602e-05,0.0,0.0,-14.49712825923825
352,1,0.0,0.0,-0.0027590248520561003,0.0,-0.25870333989671035
352,2,0.0,0.0,0.0,0.0,-0.7685197094448271
352,3,0.0,0.0,0.0,0.0,-0.08375
352,4,0.0,0.0,0.0,0.0,0.0
353,0,0.0,-9.854344740807602e-05,0.0,0.0,-14.520535441744459
353,1,0.0,0.0,-0.0027590248520561003,0.0,-0.25870333989671035
353,2,0.0,0.0,0.0,0.0,-0.7685197094448271
353,3,0.0,0.0,0.0,0.0,-0.08375
353,4,0.0,0.0,0.0,0.0,0.0
354,0,0.0,-9.854344740807602e-05,0.0,0.0,-14.546377276426474
354,1,0.0,0.0,-0.0027590248520561003,0.0,-0.25870333989671035
354,2,0.0,0.0,0.0,0.0,-0.7685197094448271
354,3,0.0,0.0,0.0,0.0,-0.08375
354,4,0.0,0.0,0.0,0.0,0.0
355,0,0.0,-9.854344740807602e-05,0.0,0.0,-14.572145650608125
355,1,0.0,0.0,-0.0027590248520561003,0.0,-0.25870333989671035
355,2,0.0,0.0,0.0,0.0,-0.7685197094448271
355,3,0.0,0.0,0.0,0.0,-0.08375
355,4,0.0,0.0,0.0,0.0,0.0
356,0,0.0,-9.854344740807602e-05,0.0,0.0,-14.595340814571642
356,1,0.0,0.0,-0.0027590248520561003,0.0,-0.25870333989671035
356,2,0.0,0.0,0.0,0.0,-0.7685197094448271
356,3,0.0,0.0,0.0,0.0,-0.08375
356,4,0.0,0.0,0.0,0.0,0.0
357,0,0.0,-9.854344740807602e-05,0.0,0.0,-14.62097135019198
357,1,0.0,0.0,-0.0027590248520561003,0.0,-0.25870333989671035
357,2,0.0,0.0,0.0,0.0,-0.7685197094448271
357,3,0.0,0.0,0.0,0.0,-0.08375
357,4,0.0,0.0,0.0,0.0,0.0
358,0,0.0,-9.854344740807602e-05,0.0,0.0,-14.646529142099453
358,1,0.0,0.0,-0.0027590248520561003,0.0,-0.25870333989671035
358,2,0.0,0.0,0.0,0.0,-0.7685197094448271
358,3,0.0,0.0,0.0,0.0,-0.08375
358,4,0.0,0.0,0.0,0.0,0.0
359,0,0.0,-9.854344740807602e-05,0.0,0.0,-14.669514437893522
359,1,0.0,0.0,-0.0027590248520561003,0.0,-0.25870333989671035
359,2,0.0,0.0,0.0,0.0,-0.7685197094448271
359,3,0.0,0.0,0.0,0.0,-0.08375
359,4,0.0,0.0,0.0,0.0,0.0
360,0,0.0,-9.854344740807602e-05,0.0,0.0,-14.694935816777006
360,1,0.0,0.0,-0.0027590248520561003,0.0,-0.25870333989671035
360,2,0.0,0.0,0.0,0.0,-0.7685197094448271
360,3,0.0,0.0,0.0,0.0,-0.08375
360,4,0.0,0.0,0.0,0.0,0.0
361,0,0.0,-9.854344740807602e-05,0.0,0.0,-14.720285160718733
361,1,0.0,0.0,-0.0027590248520561003,0.0,-0.25870333989671035
361,2,0.0,0.0,0.0,0.0,-0.7685197094448271
361,3,0.0,0.0,0.0,0.0,-0.08375
361,4,0.0,0.0,0.0,0.0,0.0
362,0,0.0,-9.854344740807602e-05,0.0,0.0,-14.745562714667228
362,1,0.0,0.0,-0.0027590248520561003,0.0,-0.25870333989671035
362,2,0.0,0.0,0.0,0.0,-0.7685197094448271
362,3,0.0,0.0,0.0,0.0,-0.08375
362,4,0.0,0.0,0.0,0.0,0.0
363,0,0.0,-9.854344740807602e-05,0.0,0.0,-14.770768722652566
363,1,0.0,0.0,-0.0027590248520561003,0.0,-0.25870333989671035
363,2,0.0,0.0,0.0,0.0,-0.7685197094448271
363,3,0.0,0.0,0.0,0.0,-0.08375
363,4,0.0,0.0,0.0,0.0,0.0
364,0,0.0,-9.854344740807602e-05,0.0,0.0,-14.79340342779002
364,1,0.0,0.0,-0.0027590248520561003,0.0,-0.25870333989671035
364,2,0.0,0.0,0.0,0.0,-0.7685197094448271
364,3,0.0,0.0,0.0,0.0,-0.08375
364,4,0.0,0.0,0.0,0.0,0.0
365,0,0.0,-9.854344740807602e-05,0.0,0.0,-14.815975404816058
365,1,0.0,0.0,-0.0027590248520561003,0.0,-0.25870333989671035
365,2,0.0,0.0,0.0,0.0,-0.7685197094448271
365,3,0.0,0.0,0.0,0.0,-0.08375
365,4,0.0,0.0,0.0,0.0,0.0
366,0,0.0,-9.854344740807602e-05,0.0,0.0,-14.838484863783275
366,1,0.0,0.0,-0.0027590248520561003,0.0,-0.25870333989671035
366,2,0.0,0.0,0.0,0.0,-0.7685197094448271
366,3,0.0,0.0,0.0,0.0,-0.08375
366,4,0.0,0.0,0.0,0.0,0.0
367,0,0.0,-9.854344740807602e-05,0.0,0.0,-14.860932013965293
367,1,0.0,0.0,-0.0027590248520561003,0.0,-0.25870333989671035
367,2,0.0,0.0,0.0,0.0,-0.7685197094448271
367,3,0.0,0.0,0.0,0.0,-0.08375
367,4,0.0,0.0,0.0,0.0,0.0
368,0,0.0,-9.854344740807602e-05,0.0,0.0,-14.885817063859848
368,1,0.0,0.0,-0.0027590248520561003,0.0,-0.25870333989671035
368,2,0.0,0.0,0.0,0.0,-0.7685197094448271
368,3,0.0,0.0,0.0,0.0,-0.08375
368,4,0.0,0.0,0.0,0.0,0.0
369,0,0.0,-9.854344740807602e-05,0.0,0.0,-14.908131888659508
369,1,0.0,0.0,-0.0027590248520561003,0.0,-0.25870333989671035
369,2,0.0,0.0,0.0,0.0,-0.7685197094448271
369,3,0.0,0.0,0.0,0.0,-0.08375
369,4,0.0,0.0,0.0,0.0,0.0
370,0,0.0,-9.854344740807602e-05,0.0,0.0,-14.930385059095757
370,1,0.0,0.0,-0.0027590248520561003,0.0,-0.25870333989671035
370,2,0.0,0.0,0.0,0.0,-0.7685197094448271
370,3,0.0,0.0,0.0,0.0,-0.08375
370,4,0.0,0.0,0.0,0.0,0.0
371,0,0.0,-9.854344740807602e-05,0.0,0.0,-14.952576781232041
371,1,0.0,0.0,-0.0027590248520561003,0.0,-0.25870333989671035
371,2,0.0,0.0,0.0,0.0,-0.7685197094448271
371,3,0.0,0.0,0.0,0.0,-0.08375
371,4,0.0,0.0,0.0,0.0,0.0
372,0,0.0,-9.854344740807602e-05,0.0,0.0,-14.974707260368614
372,1,0.0,0.0,-0.0027590248520561003,0.0,-0.25870333989671035
372,2,0.0,0.0,0.0,0.0,-0.7685197094448271
372,3,0.0,0.0,0.0,0.0,-0.08375
372,4,0.0,0.0,0.0,0.0,0.0
373,0,0.0,-9.854344740807602e-05,0.0,0.0,-14.999276701045565
373,1,0.0,0.0,-0.0027590248520561003,0.0,-0.25870333989671035
373,2,0.0,0.0,0.0,0.0,-0.7685197094448271
373,3,0.0,0.0,0.0,0.0,-0.08375
373,4,0.0,0.0,0.0,0.0,0.0
374,0,0.0,-9.854344740807602e-05,0.0,0.0,-15.021276974513409
374,1,0.0,0.0,-0.0027590248520561003,0.0,-0.25870333989671035
374,2,0.0,0.0,0.0,0.0,-0.7685197094448271
374,3,0.0,0.0,0.0,0.0,-0.08375
374,4,0.0,0.0,0.0,0.0,0.0
375,0,0.0,-9.854344740807602e-05,0.0,0.0,-15.045716647577217
375,1,0.0,0.0,-0.0027590248520561003,0.0,-0.25870333989671035
375,2,0.0,0.0,0.0,0.0,-0.7685197094448271
375,3,0.0,0.0,0.0,0.0,-0.08375
375,4,0.0,0.0,0.0,0.0,0.0
376,0,0.0,-9.854344740807602e-05,0.0,0.0,-15.070087589857133
376,1,0.0,0.0,-0.0027590248520561003,0.0,-0.25870333989671035
376,2,0.0,0.0,0.0,0.0,-0.7685197094448271
376,3,0.0,0.0,0.0,0.0,-0.08375
376,4,0.0,0.0,0.0,0.0,0.0
377,0,0.0,-9.854344740807602e-05,0.0,0.0,-15.094390034001933
377,1,0.0,0.0,-0.0027590248520561003,0.0,-0.25870333989671035
377,2,0.0,0.0,0.0,0.0,-0.7685197094448271
377,3,0.0,0.0,0.0,0.0,-0.08375
377,4,0.0,0.0,0.0,0.0,0.0
378,0,0.0,-9.854344740807602e-05,0.0,0.0,-15.118624211790625
378,1,0.0,0.0,-0.0027590248520561003,0.0,-0.25870333989671035
378,2,0.0,0.0,0.0,0.0,-0.7685197094448271
378,3,0.0,0.0,0.0,0.0,-0.08375
378,4,0.0,0.0,0.0,0.0,0.0
379,0,0.0,-9.854344740807602e-05,0.0,0.0,-15.142790354135927
379,1,0.0,0.0,-0.0027590248520561003,0.0,-0.25870333989671035
379,2,0.0,0.0,0.0,0.0,-0.7685197094448271
379,3,0.0,0.0,0.0,0.0,-0.08375
379,4,0.0,0.0,0.0,0.0,0.0
380,0,0.0,-9.854344740807602e-05,0.0,0.0,-15.164388691087707
380,1,0.0,0.0,-0.0027590248520561003,0.0,-0.25870333989671035
380,2,0.0,0.0,0.0,0.0,-0.7685197094448271
380,3,0.0,0.0,0.0,0.0,-0.08375
380,4,0.0,0.0,0.0,0.0,0.0
381,0,0.0,-9.854344740807602e-05,0.0,0.0,-15.188427784368743
381,1,0.0,0.0,-0.0027590248520561003,0.0,-0.25870333989671035
381,2,0.0,0.0,0.0,0.0,-0.7685197094448271
381,3,0.0,0.0,0.0,0.0,-0.08375
381,4,0.0,0.0,0.0,0.0,0.0
382,0,0.0,-9.854344740807602e-05,0.0,0.0,-15.209899498537094
382,1,0.0,0.0,-0.0027590248520561003,0.0,-0.25870333989671035
382,2,0.0,0.0,0.0,0.0,-0.7685197094448271
382,3,0.0,0.0,0.0,0.0,-0.08375
382,4,0.0,0.0,0.0,0.0,0.0
383,0,0.0,-9.854344740807602e-05,0.0,0.0,-15.23131239373188
383,1,0.0,0.0,-0.0027590248520561003,0.0,-0.25870333989671035
383,2,0.0,0.0,0.0,0.0,-0.7685197094448271
383,3,0.0,0.0,0.0,0.0,-0.08375
383,4,0.0,0.0,0.0,0.0,0.0
384,0,0.0,-9.854344740807602e-05,0.0,0.0,-15.252666665466098
384,1,0.0,0.0,-0.0027590248520561003,0.0,-0.25870333989671035
384,2,0.0,0.0,0.0,0.0,-0.7685197094448271
384,3,0.0,0.0,0.0,0.0,-0.08375
384,4,0.0,0.0,0.0,0.0,0.0
385,0,0.0,-9.854344740807602e-05,0.0,0.0,-15.273962508531321
385,1,0.0,0.0,-0.0027590248520561003,0.0,-0.25870333989671035
385,2,0.0,0.0,0.0,0.0,-0.7685197094448271
385,3,0.0,0.0,0.0,0.0,-0.08375
385,4,0.0,0.0,0.0,0.0,0.0
386,0,0.0,-0.00020985420876783623,0.0,0.0,-15.273962508531321
386,1,0.0,0.0,-0.0027590248520561003,0.0,-0.326591617736598
386,2,0.0,0.0,0.0,0.0,-0.7685197094448271
386,3,0.0,0.0,0.0,0.0,-0.08375
386,4,0.0,0.0,0.0,0.0,0.0
387,0,0.0,-0.00020985420876783623,0.0,0.0,-15.295200117000554
387,1,0.0,0.0,-0.0027590248520561003,0.0,-0.326591617736598
387,2,0.0,0.0,0.0,0.0,-0.7685197094448271
387,3,0.0,0.0,0.0,0.0,-0.08375
387,4,0.0,0.0,0.0,0.0,0.0
388,0,0.0,-0.00020985420876783623,0.0,0.0,-15.31637968423103
388,1,0.0,0.0,-0.0027590248520561003,0.0,-0.326591617736598
388,2,0.0,0.0,0.0,0.0,-0.7685197094448271
388,3,0.0,0.0,0.0,0.0,-0.08375
388,4,0.0,0.0,0.0,0.0,0.0
389,0,0.0,-0.00020985420876783623,0.0,0.0,-15.340001402867045
389,1,0.0,0.0,-0.0027590248520561003,0.0,-0.326591617736598
389,2,0.0,0.0,0.0,0.0,-0.7685197094448271
389,3,0.0,0.0,0.0,0.0,-0.08375
389,4,0.0,0.0,0.0,0.0,0.0
390,0,0.0,-0.00020985420876783623,0.0,0.0,-15.36355713231039
390,1,0.0,0.0,-0.0027590248520561003,0.0,-0.326591617736598
390,2,0.0,0.0,0.0,0.0,-0.7685197094448271
390,3,0.0,0.0,0.0,0.0,-0.08375
390,4,0.0,0.0,0.0,0.0,0.0
391,0,0.0,-0.00020985420876783623,0.0,0.0,-15.384547095031865
391,1,0.0,0.0,-0.0027590248520561003,0.0,-0.326591617736598
391,2,0.0,0.0,0.0,0.0,-0.7685197094448271
391,3,0.0,0.0,0.0,0.0,-0.08375
391,4,0.0,0.0,0.0,0.0,0.0
392,0,0.0,-0.00020985420876783623,0.0,0.0,-15.407979845205096
392,1,0.0,0.0,-0.0027590248520561003,0.0,-0.326591617736598
392,2,0.0,0.0,0.0,0.0,-0.7685197094448271
392,3,0.0,0.0,0.0,0.0,-0.08375
392,4,0.0,0.0,0.0,0.0,0.0
393,0,0.0,-0.00020985420876783623,0.0,0.0,-15.431347239868762
393,1,0.0,0.0,-0.0027590248520561003,0.0,-0.326591617736598
393,2,0.0,0.0,0.0,0.0,-0.7685197094448271
393,3,0.0,0.0,0.0,0.0,-0.08375
393,4,0.0,0.0,0.0,0.0,0.0
394,0,0.0,-0.00020985420876783623,0.0,0.0,-15.454649499139899
394,1,0.0,0.0,-0.0027590248520561003,0.0,-0.326591617736598
394,2,0.0,0.0,0.0,0.0,-0.7685197094448271
394,3,0.0,0.0,0.0,0.0,-0.08375
394,4,0.0,0.0,0.0,0.0,0.0
395,0,0.0,-0.00020985420876783623,0.0,0.0,-15.475386842315306
395,1,0.0,0.0,-0.0027590248520561003,0.0,-0.326591617736598
395,2,0.0,0.0,0.0,0.0,-0.7685197094448271
395,3,0.0,0.0,0.0,0.0,-0.08375
395,4,0.0,0.0,0.0,0.0,0.0
396,0,0.0,-0.00020985420876783623,0.0,0.0,-15.496067820407191
396,1,0.0,0.0,-0.0027590248520561003,0.0,-0.326591617736598
396,2,0.0,0.0,0.0,0.0,-0.7685197094448271
396,3,0.0,0.0,0.0,0.0,-0.08375
396,4,0.0,0.0,0.0,0.0,0.0
397,0,0.0,-0.00020985420876783623,0.0,0.0,-15.516692619837663
397,1,0.0,0.0,-0.0027590248520561003,0.0,-0.326591617736598
397,2,0.0,0.0,0.0,0.0,-0.7685197094448271
397,3,0.0,0.0,0.0,0.0,-0.08375
397,4,0.0,0.0,0.0,0.0,0.0
398,0,0.0,-0.00020985420876783623,0.0,0.0,-15.537261426343292
398,1,0.0,0.0,-0.0027590248520561003,0.0,-0.326591617736598
398,2,0.0,0.0,0.0,0.0,-0.7685197094448271
398,3,0.0,0.0,0.0,0.0,-0.08375
398,4,0.0,0.0,0.0,0.0,0.0
399,0,0.0,-0.00020985420876783623,0.0,0.0,-15.55777442497779
399,1,0.0,0.0,-0.0027590248520561003,0.0,-0.326591617736598
399,2,0.0,0.0,0.0,0.0,-0.7685197094448271
399,3,0.0,0.0,0.0,0.0,-0.08375
399,4,0.0,0.0,0.0,0.0,0.0
400,0,0.0,-0.00020985420876783623,0.0,0.0,-15.578231800114684
400,1,0.0,0.0,-0.0027590248520561003,0.0,-0.326591617736598
400,2,0.0,0.0,0.0,0.0,-0.7685197094448271
400,3,0.0,0.0,0.0,0.0,-0.08375
400,4,0.0,0.0,0.0,0.0,0.0
401,0,0.0,-0.00020985420876783623,0.0,0.0,-15.601133735450011
401,1,0.0,0.0,-0.0027590248520561003,0.0,-0.326591617736598
401,2,0.0,0.0,0.0,0.0,-0.7685197094448271
401,3,0.0,0.0,0.0,0.0,-0.08375
401,4,0.0,0.0,0.0,0.0,0.0
402,0,0.0,-0.00020985420876783623,0.0,0.0,-15.621472081472575
402,1,0.0,0.0,-0.0027590248520561003,0.0,-0.326591617736598
402,2,0.0,0.0,0.0,0.0,-0.7685197094448271
402,3,0.0,0.0,0.0,0.0,-0.08375
402,4,0.0,0.0,0.0,0.0,0.0
403,0,0.0,-0.00020985420876783623,0.0,0.0,-15.6417553843077
403,1,0.0,0.0,-0.0027590248520561003,0.0,-0.326591617736598
403,2,0.0,0.0,0.0,0.0,-0.7685197094448271
403,3,0.0,0.0,0.0,0.0,-0.08375
403,4,0.0,0.0,0.0,0.0,0.0
404,0,0.0,-0.00020985420876783623,0.0,0.0,-15.661983825509825
404,1,0.0,0.0,-0.0027590248520561003,0.0,-0.326591617736598
404,2,0.0,0.0,0.0,0.0,-0.7685197094448271
404,3,0.0,0.0,0.0,0.0,-0.08375
404,4,0.0,0.0,0.0,0.0,0.0
405,0,0.0,-0.00020985420876783623,0.0,0.0,-15.682157585966966
405,1,0.0,0.0,-0.0027590248520561003,0.0,-0.326591617736598
405,2,0.0,0.0,0.0,0.0,-0.7685197094448271
405,3,0.0,0.0,0.0,0.0,-0.08375
405,4,0.0,0.0,0.0,0.0,0.0
406,0,0.0,-0.00020985420876783623,0.0,0.0,-15.704776845903332
406,1,0.0,0.0,-0.0027590248520561003,0.0,-0.326591617736598
406,2,0.0,0.0,0.0,0.0,-0.7685197094448271
406,3,0.0,0.0,0.0,0.0,-0.08375
406,4,0.0,0.0,0.0,0.0,0.0
407,0,0.0,-0.00020985420876783623,0.0,0.0,-15.72733345234955
407,1,0.0,0.0,-0.0027590248520561003,0.0,-0.326591617736598
407,2,0.0,0.0,0.0,0.0,-0.7685197094448271
407,3,0.0,0.0,0.0,0.0,-0.08375
407,4,0.0,0.0,0.0,0.0,0.0
408,0,0.0,-0.00020985420876783623,0.0,0.0,-15.749827615454004
408,1,0.0,0.0,-0.0027590248520561003,0.0,-0.326591617736598
408,2,0.0,0.0,0.0,0.0,-0.7685197094448271
408,3,0.0,0.0,0.0,0.0,-0.08375
408,4,0.0,0.0,0.0,0.0,0.0
409,0,0.0,-0.00020985420876783623,0.0,0.0,-15.77225954458405
409,1,0.0,0.0,-0.0027590248520561003,0.0,-0.326591617736598
409,2,0.0,0.0,0.0,0.0,-0.7685197094448271
409,3,0.0,0.0,0.0,0.0,-0.08375
409,4,0.0,0.0,0.0,0.0,0.0
410,0,0.0,-0.00020985420876783623,0.0,0.0,-15.79212944832916
410,1,0.0,0.0,-0.0027590248520561003,0.0,-0.326591617736598
410,2,0.0,0.0,0.0,0.0,-0.7685197094448271
410,3,0.0,0.0,0.0,0.0,-0.08375
410,4,0.0,0.0,0.0,0.0,0.0
411,0,0.0,-0.00020985420876783623,0.0,0.0,-15.81194586703631
411,1,0.0,0.0,-0.0027590248520561003,0.0,-0.326591617736598
411,2,0.0,0.0,0.0,0.0,-0.7685197094448271
411,3,0.0,0.0,0.0,0.0,-0.08375
411,4,0.0,0.0,0.0,0.0,0.0
412,0,0.0,-0.00020985420876783623,0.0,0.0,-15.831708976504379
412,1,0.0,0.0,-0.0027590248520561003,0.0,-0.326591617736598
412,2,0.0,0.0,0.0,0.0,-0.7685197094448271
412,3,0.0,0.0,0.0,0.0,-0.08375
412,4,0.0,0.0,0.0,0.0,0.0
413,0,0.0,-0.00020985420876783623,0.0,0.0,-15.85141895188848
413,1,0.0,0.0,-0.0027590248520561003,0.0,-0.326591617736598
413,2,0.0,0.0,0.0,0.0,-0.7685197094448271
413,3,0.0,0.0,0.0,0.0,-0.08375
413,4,0.0,0.0,0.0,0.0,0.0
414,0,0.0,-0.00020985420876783623,0.0,0.0,-15.873575967702488
414,1,0.0,0.0,-0.0027590248520561003,0.0,-0.326591617736598
414,2,0.0,0.0,0.0,0.0,-0.7685197094448271
414,3,0.0,0.0,0.0,0.0,-0.08375
414,4,0.0,0.0,0.0,0.0,0.0
415,0,0.0,-0.00020985420876783623,0.0,0.0,-15.893171865289194
415,1,0.0,0.0,-0.0027590248520561003,0.0,-0.326591617736598
415,2,0.0,0.0,0.0,0.0,-0.7685197094448271
415,3,0.0,0.0,0.0,0.0,-0.08375
415,4,0.0,0.0,0.0,0.0,0.0
416,0,0.0,-0.00020985420876783623,0.0,0.0,-15.915215181663875
416,1,0.0,0.0,-0.0027590248520561003,0.0,-0.326591617736598
416,2,0.0,0.0,0.0,0.0,-0.7685197094448271
416,3,0.0,0.0,0.0,0.0,-0.08375
416,4,0.0,0.0,0.0,0.0,0.0
417,0,0.0,-0.00020985420876783623,0.0,0.0,-15.93719775677439
417,1,0.0,0.0,-0.0027590248520561003,0.0,-0.326591617736598
417,2,0.0,0.0,0.0,0.0,-0.7685197094448271
417,3,0.0,0.0,0.0,0.0,-0.08375
417,4,0.0,0.0,0.0,0.0,0.0
418,0,0.0,-0.00020985420876783623,0.0,0.0,-15.95911979371421
418,1,0.0,0.0,-0.0027590248520561003,0.0,-0.326591617736598
418,2,0.0,0.0,0.0,0.0,-0.7685197094448271
418,3,0.0,0.0,0.0,0.0,-0.08375
418,4,0.0,0.0,0.0,0.0,0.0
419,0,0.0,-0.00020985420876783623,0.0,0.0,-15.980981494823563
419,1,0.0,0.0,-0.0027590248520561003,0.0,-0.326591617736598
419,2,0.0,0.0,0.0,0.0,-0.7685197094448271
419,3,0.0,0.0,0.0,0.0,-0.08375
419,4,0.0,0.0,0.0,0.0,0.0
420,0,0.0,-0.00020985420876783623,0.0,0.0,-16.000283061692425
420,1,0.0,0.0,-0.0027590248520561003,0.0,-0.326591617736598
420,2,0.0,0.0,0.0,0.0,-0.7685197094448271
420,3,0.0,0.0,0.0,0.0,-0.08375
420,4,0.0,0.0,0.0,0.0,0.0
421,0,0.0,-0.00020985420876783623,0.0,0.0,-16.019533027695836
421,1,0.0,0.0,-0.0027590248520561003,0.0,-0.326591617736598
421,2,0.0,0.0,0.0,0.0,-0.7685197094448271
421,3,0.0,0.0,0.0,0.0,-0.08375
421,4,0.0,0.0,0.0,0.0,0.0
422,0,0.0,-0.00020985420876783623,0.0,0.0,-16.03873156168812
422,1,0.0,0.0,-0.0027590248520561003,0.0,-0.326591617736598
422,2,0.0,0.0,0.0,0.0,-0.7685197094448271
422,3,0.0,0.0,0.0,0.0,-0.08375
422,4,0.0,0.0,0.0,0.0,0.0
423,0,0.0,-0.00020985420876783623,0.0,0.0,-16.05787883190717
423,1,0.0,0.0,-0.0027590248520561003,0.0,-0.326591617736598
423,2,0.0,0.0,0.0,0.0,-0.7685197094448271
423,3,0.0,0.0,0.0,0.0,-0.08375
423,4,0.0,0.0,0.0,0.0,0.0
424,0,0.0,-0.00020985420876783623,0.0,0.0,-16.076975005976845
424,1,0.0,0.0,-0.0027590248520561003,0.0,-0.326591617736598
424,2,0.0,0.0,0.0,0.0,-0.7685197094448271
424,3,0.0,0.0,0.0,0.0,-0.08375
424,4,0.0,0.0,0.0,0.0,0.0
425,0,0.0,-0.00020985420876783623,0.0,0.0,-16.09852025090934
425,1,0.0,0.0,-0.0027590248520561003,0.0,-0.326591617736598
425,2,0.0,0.0,0.0,0.0,-0.7685197094448271
425,3,0.0,0.0,0.0,0.0,-0.08375
425,4,0.0,0.0,0.0,0.0,0.0
426,0,0.0,-0.00020985420876783623,0.0,0.0,-16.11750640057525
426,1,0.0,0.0,-0.0027590248520561003,0.0,-0.326591617736598
426,2,0.0,0.0,0.0,0.0,-0.7685197094448271
426,3,0.0,0.0,0.0,0.0,-0.08375
426,4,0.0,0.0,0.0,0.0,0.0
427,0,0.0,-0.00020985420876783623,0.0,0.0,-16.136441984547012
427,1,0.0,0.0,-0.0027590248520561003,0.0,-0.326591617736598
427,2,0.0,0.0,0.0,0.0,-0.7685197094448271
427,3,0.0,0.0,0.0,0.0,-0.08375
427,4,0.0,0.0,0.0,0.0,0.0
428,0,0.0,-0.00020985420876783623,0.0,0.0,-16.15782716789122
428,1,0.0,0.0,-0.0027590248520561003,0.0,-0.326591617736598
428,2,0.0,0.0,0.0,0.0,-0.7685197094448271
428,3,0.0,0.0,0.0,0.0,-0.08375
428,4,0.0,0.0,0.0,0.0,0.0
429,0,0.0,-0.00020985420876783623,0.0,0.0,-16.17915378254048
429,1,0.0,0.0,-0.0027590248520561003,0.0,-0.326591617736598
429,2,0.0,0.0,0.0,0.0,-0.7685197094448271
429,3,0.0,0.0,0.0,0.0,-0.08375
429,4,0.0,0.0,0.0,0.0,0.0
430,0,0.0,-0.00020985420876783623,0.0,0.0,-16.200422023604485
430,1,0.0,0.0,-0.0027590248520561003,0.0,-0.326591617736598
430,2,0.0,0.0,0.0,0.0,-0.7685197094448271
430,3,0.0,0.0,0.0,0.0,-0.08375
430,4,0.0,0.0,0.0,0.0,0.0
431,0,0.0,-0.00020985420876783623,0.0,0.0,-16.22163208547099
431,1,0.0,0.0,-0.0027590248520561003,0.0,-0.326591617736598
431,2,0.0,0.0,0.0,0.0,-0.7685197094448271
431,3,0.0,0.0,0.0,0.0,-0.08375
431,4,0.0,0.0,0.0,0.0,0.0
432,0,0.0,-0.00020985420876783623,0.0,0.0,-16.242784161808714
432,1,0.0,0.0,-0.0027590248520561003,0.0,-0.326591617736598
432,2,0.0,0.0,0.0,0.0,-0.7685197094448271
432,3,0.0,0.0,0.0,0.0,-0.08375
432,4,0.0,0.0,0.0,0.0,0.0
433,0,0.0,-0.00020985420876783623,0.0,0.0,-16.263878445570132
433,1,0.0,0.0,-0.0027590248520561003,0.0,-0.326591617736598
433,2,0.0,0.0,0.0,0.0,-0.7685197094448271
433,3,0.0,0.0,0.0,0.0,-0.08375
433,4,0.0,0.0,0.0,0.0,0.0
434,0,0.0,-0.00020985420876783623,0.0,0.0,-16.282415128994327
434,1,0.0,0.0,-0.0027590248520561003,0.0,-0.326591617736598
434,2,0.0,0.0,0.0,0.0,-0.7685197094448271
434,3,0.0,0.0,0.0,0.0,-0.08375
434,4,0.0,0.0,0.0,0.0,0.0
435,0,0.0,-0.00020985420876783623,0.0,0.0,-16.300902736142152
435,1,0.0,0.0,-0.0027590248520561003,0.0,-0.326591617736598
435,2,0.0,0.0,0.0,0.0,-0.7685197094448271
435,3,0.0,0.0,0.0,0.0,-0.08375
435,4,0.0,0.0,0.0,0.0,0.0
436,0,0.0,-0.00020985420876783623,0.0,0.0,-16.319341426590317
436,1,0.0,0.0,-0.0027590248520561003,0.0,-0.326591617736598
436,2,0.0,0.0,0.0,0.0,-0.7685197094448271
436,3,0.0,0.0,0.0,0.0,-0.08375
436,4,0.0,0.0,0.0,0.0,0.0
437,0,0.0,-0.00020985420876783623,0.0,0.0,-16.3377313593355
437,1,0.0,0.0,-0.0027590248520561003,0.0,-0.326591617736598
437,2,0.0,0.0,0.0,0.0,-0.7685197094448271
437,3,0.0,0.0,0.0,0.0,-0.08375
437,4,0.0,0.0,0.0,0.0,0.0
438,0,0.0,-0.00020985420876783623,0.0,0.0,-16.356072692796584
438,1,0.0,0.0,-0.0027590248520561003,0.0,-0.326591617736598
438,2,0.0,0.0,0.0,0.0,-0.7685197094448271
438,3,0.0,0.0,0.0,0.0,-0.08375
438,4,0.0,0.0,0.0,0.0,0.0
439,0,0.0,-0.00020985420876783623,0.0,0.0,-16.37436558481694
439,1,0.0,0.0,-0.0027590248520561003,0.0,-0.326591617736598
439,2,0.0,0.0,0.0,0.0,-0.7685197094448271
439,3,0.0,0.0,0.0,0.0,-0.08375
439,4,0.0,0.0,0.0,0.0,0.0
440,0,0.0,-0.00020985420876783623,0.0,0.0,-16.39511019266663
440,1,0.0,0.0,-0.0027590248520561003,0.0,-0.326591617736598
440,2,0.0,0.0,0.0,0.0,-0.7685197094448271
440,3,0.0,0.0,0.0,0.0,-0.08375
440,4,0.0,0.0,0.0,0.0,0.0
441,0,0.0,-0.00020985420876783623,0.0,0.0,-16.4157983405123
441,1,0.0,0.0,-0.0027590248520561003,0.0,-0.326591617736598
441,2,0.0,0.0,0.0,0.0,-0.7685197094448271
441,3,0.0,0.0,0.0,0.0,-0.08375
441,4,0.0,0.0,0.0,0.0,0.0
442,0,0.0,-0.00020985420876783623,0.0,0.0,-16.43643021572811
442,1,0.0,0.0,-0.0027590248520561003,0.0,-0.326591617736598
442,2,0.0,0.0,0.0,0.0,-0.7685197094448271
442,3,0.0,0.0,0.0,0.0,-0.08375
442,4,0.0,0.0,0.0,0.0,0.0
443,0,0.0,-0.00020985420876783623,0.0,0.0,-16.454506004996613
443,1,0.0,0.0,-0.0027590248520561003,0.0,-0.326591617736598
443,2,0.0,0.0,0.0,0.0,-0.7685197094448271
443,3,0.0,0.0,0.0,0.0,-0.08375
443,4,0.0,0.0,0.0,0.0,0.0
444,0,0.0,-0.00020985420876783623,0.0,0.0,-16.475034226843878
444,1,0.0,0.0,-0.0027590248520561003,0.0,-0.326591617736598
444,2,0.0,0.0,0.0,0.0,-0.7685197094448271
444,3,0.0,0.0,0.0,0.0,-0.08375
444,4,0.0,0.0,0.0,0.0,0.0
445,0,0.0,-0.00020985420876783623,0.0,0.0,-16.493006702801093
445,1,0.0,0.0,-0.0027590248520561003,0.0,-0.326591617736598
445,2,0.0,0.0,0.0,0.0,-0.7685197094448271
445,3,0.0,0.0,0.0,0.0,-0.08375
445,4,0.0,0.0,0.0,0.0,0.0
446,0,0.0,-0.00020985420876783623,0.0,0.0,-16.513431950149663
446,1,0.0,0.0,-0.0027590248520561003,0.0,-0.326591617736598
446,2,0.0,0.0,0.0,0.0,-0.7685197094448271
446,3,0.0,0.0,0.0,0.0,-0.08375
446,4,0.0,0.0,0.0,0.0,0.0
447,0,0.0,-0.00020985420876783623,0.0,0.0,-16.533801789181002
447,1,0.0,0.0,-0.0027590248520561003,0.0,-0.326591617736598
447,2,0.0,0.0,0.0,0.0,-0.7685197094448271
447,3,0.0,0.0,0.0,0.0,-0.08375
447,4,0.0,0.0,0.0,0.0,0.0
448,0,0.0,-0.00020985420876783623,0.0,0.0,-16.551616403409234
448,1,0.0,0.0,-0.0027590248520561003,0.0,-0.326591617736598
448,2,0.0,0.0,0.0,0.0,-0.7685197094448271
448,3,0.0,0.0,0.0,0.0,-0.08375
448,4,0.0,0.0,0.0,0.0,0.0
449,0,0.0,-0.00020985420876783623,0.0,0.0,-16.569384308204388
449,1,0.0,0.0,-0.0027590248520561003,0.0,-0.326591617736598
449,2,0.0,0.0,0.0,0.0,-0.7685197094448271
449,3,0.0,0.0,0.0,0.0,-0.08375
449,4,0.0,0.0,0.0,0.0,0.0
450,0,0.0,-0.00020985420876783623,0.0,0.0,-16.58710565448635
450,1,0.0,0.0,-0.0027590248520561003,0.0,-0.326591617736598
450,2,0.0,0.0,0.0,0.0,-0.7685197094448271
450,3,0.0,0.0,0.0,0.0,-0.08375
450,4,0.0,0.0,0.0,0.0,0.0
451,0,0.0,-0.00020985420876783623,0.0,0.0,-16.60728059262882
451,1,0.0,0.0,-0.0027590248520561003,0.0,-0.326591617736598
451,2,0.0,0.0,0.0,0.0,-0.7685197094448271
451,3,0.0,0.0,0.0,0.0,-0.08375
451,4,0.0,0.0,0.0,0.0,0.0
452,0,0.0,-0.00020985420876783623,0.0,0.0,-16.62740093992908
452,1,0.0,0.0,-0.0027590248520561003,0.0,-0.326591617736598
452,2,0.0,0.0,0.0,0.0,-0.7685197094448271
452,3,0.0,0.0,0.0,0.0,-0.08375
452,4,0.0,0.0,0.0,0.0,0.0
453,0,0.0,-0.00020985420876783623,0.0,0.0,-16.64496687691881
453,1,0.0,0.0,-0.0027590248520561003,0.0,-0.326591617736598
453,2,0.0,0.0,0.0,0.0,-0.7685197094448271
453,3,0.0,0.0,0.0,0.0,-0.08375
453,4,0.0,0.0,0.0,0.0,0.0
454,0,0.0,-0.00020985420876783623,0.0,0.0,-16.662486915997253
454,1,0.0,0.0,-0.0027590248520561003,0.0,-0.326591617736598
454,2,0.0,0.0,0.0,0.0,-0.7685197094448271
454,3,0.0,0.0,0.0,0.0,-0.08375
454,4,0.0,0.0,0.0,0.0,0.0
455,0,0.0,-0.00020985420876783623,0.0,0.0,-16.682461205125076
455,1,0.0,0.0,-0.0027590248520561003,0.0,-0.326591617736598
455,2,0.0,0.0,0.0,0.0,-0.7685197094448271
455,3,0.0,0.0,0.0,0.0,-0.08375
455,4,0.0,0.0,0.0,0.0,0.0
456,0,0.0,-0.00020985420876783623,0.0,0.0,-16.699881559195983
456,1,0.0,0.0,-0.0027590248520561003,0.0,-0.326591617736598
456,2,0.0,0.0,0.0,0.0,-0.7685197094448271
456,3,0.0,0.0,0.0,0.0,-0.08375
456,4,0.0,0.0,0.0,0.0,0.0
457,0,0.0,-0.00020985420876783623,0.0,0.0,-16.71725648887981
457,1,0.0,0.0,-0.0027590248520561003,0.0,-0.326591617736598
457,2,0.0,0.0,0.0,0.0,-0.7685197094448271
457,3,0.0,0.0,0.0,0.0,-0.08375
457,4,0.0,0.0,0.0,0.0,0.0
458,0,0.0,-0.00020985420876783623,0.0,0.0,-16.737086140414583
458,1,0.0,0.0,-0.0027590248520561003,0.0,-0.326591617736598
458,2,0.0,0.0,0.0,0.0,-0.7685197094448271
458,3,0.0,0.0,0.0,0.0,-0.08375
458,4,0.0,0.0,0.0,0.0,0.0
459,0,0.0,-0.00020985420876783623,0.0,0.0,-16.75686232697806
459,1,0.0,0.0,-0.0027590248520561003,0.0,-0.326591617736598
459,2,0.0,0.0,0.0,0.0,-0.7685197094448271
459,3,0.0,0.0,0.0,0.0,-0.08375
459,4,0.0,0.0,0.0,0.0,0.0
460,0,0.0,-0.00020985420876783623,0.0,0.0,-16.776585224998463
460,1,0.0,0.0,-0.0027590248520561003,0.0,-0.326591617736598
460,2,0.0,0.0,0.0,0.0,-0.7685197094448271
460,3,0.0,0.0,0.0,0.0,-0.08375
460,4,0.0,0.0,0.0,0.0,0.0
461,0,0.0,-0.00020985420876783623,0.0,0.0,-16.79625501025522
461,1,0.0,0.0,-0.0027590248520561003,0.0,-0.326591617736598
461,2,0.0,0.0,0.0,0.0,-0.7685197094448271
461,3,0.0,0.0,0.0,0.0,-0.08375
461,4,0.0,0.0,0.0,0.0,0.0
462,0,0.0,-0.00020985420876783623,0.0,0.0,-16.815871857881493
462,1,0.0,0.0,-0.0027590248520561003,0.0,-0.326591617736598
462,2,0.0,0.0,0.0,0.0,-0.7685197094448271
462,3,0.0,0.0,0.0,0.0,-0.08375
462,4,0.0,0.0,0.0,0.0,0.0
463,0,0.0,-0.00020985420876783623,0.0,0.0,-16.835435942366747
463,1,0.0,0.0,-0.0027590248520561003,0.0,-0.326591617736598
463,2,0.0,0.0,0.0,0.0,-0.7685197094448271
463,3,0.0,0.0,0.0,0.0,-0.08375
463,4,0.0,0.0,0.0,0.0,0.0
464,0,0.0,-0.00020985420876783623,0.0,0.0,-16.85244743755925
464,1,0.0,0.0,-0.0027590248520561003,0.0,-0.326591617736598
464,2,0.0,0.0,0.0,0.0,-0.7685197094448271
464,3,0.0,0.0,0.0,0.0,-0.08375
464,4,0.0,0.0,0.0,0.0,0.0
465,0,0.0,-0.00020985420876783623,0.0,0.0,-16.87191484920096
465,1,0.0,0.0,-0.0027590248520561003,0.0,-0.326591617736598
465,2,0.0,0.0,0.0,0.0,-0.7685197094448271
465,3,0.0,0.0,0.0,0.0,-0.08375
465,4,0.0,0.0,0.0,0.0,0.0
466,0,0.0,-0.00020985420876783623,0.0,0.0,-16.891329986088962
466,1,0.0,0.0,-0.0027590248520561003,0.0,-0.326591617736598
466,2,0.0,0.0,0.0,0.0,-0.7685197094448271
466,3,0.0,0.0,0.0,0.0,-0.08375
466,4,0.0,0.0,0.0,0.0,0.0
467,0,0.0,-0.00020985420876783623,0.0,0.0,-16.91069302028799
467,1,0.0,0.0,-0.0027590248520561003,0.0,-0.326591617736598
467,2,0.0,0.0,0.0,0.0,-0.7685197094448271
467,3,0.0,0.0,0.0,0.0,-0.08375
467,4,0.0,0.0,0.0,0.0,0.0
468,0,0.0,-0.00020985420876783623,0.0,0.0,-16.927504123231078
468,1,0.0,0.0,-0.0027590248520561003,0.0,-0.326591617736598
468,2,0.0,0.0,0.0,0.0,-0.7685197094448271
468,3,0.0,0.0,0.0,0.0,-0.08375
468,4,0.0,0.0,0.0,0.0,0.0
469,0,0.0,-0.00020985420876783623,0.0,0.0,-16.94427179825439
469,1,0.0,0.0,-0.0027590248520561003,0.0,-0.326591617736598
469,2,0.0,0.0,0.0,0.0,-0.7685197094448271
469,3,0.0,0.0,0.0,0.0,-0.08375
469,4,0.0,0.0,0.0,0.0,0.0
470,0,0.0,-0.00020985420876783623,0.0,0.0,-16.963496184291
470,1,0.0,0.0,-0.0027590248520561003,0.0,-0.326591617736598
470,2,0.0,0.0,0.0,0.0,-0.7685197094448271
470,3,0.0,0.0,0.0,0.0,-0.08375
470,4,0.0,0.0,0.0,0.0,0.0
471,0,0.0,-0.00020985420876783623,0.0,0.0,-16.98016908724227
471,1,0.0,0.0,-0.0027590248520561003,0.0,-0.326591617736598
471,2,0.0,0.0,0.0,0.0,-0.7685197094448271
471,3,0.0,0.0,0.0,0.0,-0.08375
471,4,0.0,0.0,0.0,0.0,0.0
472,0,0.0,-0.00020985420876783623,0.0,0.0,-16.99929900882088
472,1,0.0,0.0,-0.0027590248520561003,0.0,-0.326591617736598
472,2,0.0,0.0,0.0,0.0,-0.7685197094448271
472,3,0.0,0.0,0.0,0.0,-0.08375
472,4,0.0,0.0,0.0,0.0,0.0
473,0,0.0,-0.00020985420876783623,0.0,0.0,-17.01837775381034
473,1,0.0,0.0,-0.0027590248520561003,0.0,-0.326591617736598
473,2,0.0,0.0,0.0,0.0,-0.7685197094448271
473,3,0.0,0.0,0.0,0.0,-0.08375
473,4,0.0,0.0,0.0,0.0,0.0
474,0,0.0,-0.00020985420876783623,0.0,0.0,-17.037405490277475
474,1,0.0,0.0,-0.0027590248520561003,0.0,-0.326591617736598
474,2,0.0,0.0,0.0,0.0,-0.7685197094448271
474,3,0.0,0.0,0.0,0.0,-0.08375
474,4,0.0,0.0,0.0,0.0,0.0
475,0,0.0,-0.00020985420876783623,0.0,0.0,-17.053882385672967
475,1,0.0,0.0,-0.0027590248520561003,0.0,-0.326591617736598
475,2,0.0,0.0,0.0,0.0,-0.7685197094448271
475,3,0.0,0.0,0.0,0.0,-0.08375
475,4,0.0,0.0,0.0,0.0,0.0
476,0,0.0,-0.00020985420876783623,0.0,0.0,-17.070316939366194
476,1,0.0,0.0,-0.0027590248520561003,0.0,-0.326591617736598
476,2,0.0,0.0,0.0,0.0,-0.7685197094448271
476,3,0.0,0.0,0.0,0.0,-0.08375
476,4,0.0,0.0,0.0,0.0,0.0
477,0,0.0,-0.00020985420876783623,0.0,0.0,-17.08670928633886
477,1,0.0,0.0,-0.0027590248520561003,0.0,-0.326591617736598
477,2,0.0,0.0,0.0,0.0,-0.7685197094448271
477,3,0.0,0.0,0.0,0.0,-0.08375
477,4,0.0,0.0,0.0,0.0,0.0
478,0,0.0,-0.00020985420876783623,0.0,0.0,-17.10555956108875
478,1,0.0,0.0,-0.0027590248520561003,0.0,-0.326591617736598
478,2,0.0,0.0,0.0,0.0,-0.7685197094448271
478,3,0.0,0.0,0.0,0.0,-0.08375
478,4,0.0,0.0,0.0,0.0,0.0
479,0,0.0,-0.00020985420876783623,0.0,0.0,-17.12435956509921
479,1,0.0,0.0,-0.0027590248520561003,0.0,-0.326591617736598
479,2,0.0,0.0,0.0,0.0,-0.7685197094448271
479,3,0.0,0.0,0.0,0.0,-0.08375
479,4,0.0,0.0,0.0,0.0,0.0
480,0,0.0,-0.00020985420876783623,0.0,0.0,-17.14060946314971
480,1,0.0,0.0,-0.0027590248520561003,0.0,-0.326591617736598
480,2,0.0,0.0,0.0,0.0,-0.7685197094448271
480,3,0.0,0.0,0.0,0.0,-0.08375
480,4,0.0,0.0,0.0,0.0,0.0
481,0,0.0,-0.00020985420876783623,0.0,0.0,-17.15681775194878
481,1,0.0,0.0,-0.0027590248520561003,0.0,-0.326591617736598
481,2,0.0,0.0,0.0,0.0,-0.7685197094448271
481,3,0.0,0.0,0.0,0.0,-0.08375
481,4,0.0,0.0,0.0,0.0,0.0
482,0,0.0,-0.00020985420876783623,0.0,0.0,-17.175484563827606
482,1,0.0,0.0,-0.0027590248520561003,0.0,-0.326591617736598
482,2,0.0,0.0,0.0,0.0,-0.7685197094448271
482,3,0.0,0.0,0.0,0.0,-0.08375
482,4,0.0,0.0,0.0,0.0,0.0
483,0,0.0,-0.00020985420876783623,0.0,0.0,-17.194101698111385
483,1,0.0,0.0,-0.0027590248520561003,0.0,-0.326591617736598
483,2,0.0,0.0,0.0,0.0,-0.7685197094448271
483,3,0.0,0.0,0.0,0.0,-0.08375
483,4,0.0,0.0,0.0,0.0,0.0
484,0,0.0,-0.00020985420876783623,0.0,0.0,-17.21016931742983
484,1,0.0,0.0,-0.0027590248520561003,0.0,-0.326591617736598
484,2,0.0,0.0,0.0,0.0,-0.7685197094448271
484,3,0.0,0.0,0.0,0.0,-0.08375
484,4,0.0,0.0,0.0,0.0,0.0
485,0,0.0,-0.00020985420876783623,0.0,0.0,-17.226195916350047
485,1,0.0,0.0,-0.0027590248520561003,0.0,-0.326591617736598
485,2,0.0,0.0,0.0,0.0,-0.7685197094448271
485,3,0.0,0.0,0.0,0.0,-0.08375
485,4,0.0,0.0,0.0,0.0,0.0
486,0,0.0,-0.00020985420876783623,0.0,0.0,-17.244681625070132
486,1,0.0,0.0,-0.0027590248520561003,0.0,-0.326591617736598
486,2,0.0,0.0,0.0,0.0,-0.7685197094448271
486,3,0.0,0.0,0.0,0.0,-0.08375
486,4,0.0,0.0,0.0,0.0,0.0
487,0,0.0,-0.00020985420876783623,0.0,0.0,-17.26061824079048
487,1,0.0,0.0,-0.0027590248520561003,0.0,-0.326591617736598
487,2,0.0,0.0,0.0,0.0,-0.7685197094448271
487,3,0.0,0.0,0.0,0.0,-0.08375
487,4,0.0,0.0,0.0,0.0,0.0
488,0,0.0,-0.00020985420876783623,0.0,0.0,-17.276514256556602
488,1,0.0,0.0,-0.0027590248520561003,0.0,-0.326591617736598
488,2,0.0,0.0,0.0,0.0,-0.7685197094448271
488,3,0.0,0.0,0.0,0.0,-0.08375
488,4,0.0,0.0,0.0,0.0,0.0
489,0,0.0,-0.00020985420876783623,0.0,0.0,-17.294869801050915
489,1,0.0,0.0,-0.0027590248520561003,0.0,-0.326591617736598
489,2,0.0,0.0,0.0,0.0,-0.7685197094448271
489,3,0.0,0.0,0.0,0.0,-0.08375
489,4,0.0,0.0,0.0,0.0,0.0
490,0,0.0,-0.00020985420876783623,0.0,0.0,-17.313176669963987
490,1,0.0,0.0,-0.0027590248520561003,0.0,-0.326591617736598
490,2,0.0,0.0,0.0,0.0,-0.7685197094448271
490,3,0.0,0.0,0.0,0.0,-0.08375
490,4,0.0,0.0,0.0,0.0,0.0
491,0,0.0,-0.00020985420876783623,0.0,0.0,-17.328935022304996
491,1,0.0,0.0,-0.0027590248520561003,0.0,-0.326591617736598
491,2,0.0,0.0,0.0,0.0,-0.7685197094448271
491,3,0.0,0.0,0.0,0.0,-0.08375
491,4,0.0,0.0,0.0,0.0,0.0
492,0,0.0,-0.00020985420876783623,0.0,0.0,-17.347153349034546
492,1,0.0,0.0,-0.0027590248520561003,0.0,-0.326591617736598
492,2,0.0,0.0,0.0,0.0,-0.7685197094448271
492,3,0.0,0.0,0.0,0.0,-0.08375
492,4,0.0,0.0,0.0,0.0,0.0
493,0,0.0,-0.00020985420876783623,0.0,0.0,-17.365323444225865
493,1,0.0,0.0,-0.0027590248520561003,0.0,-0.326591617736598
493,2,0.0,0.0,0.0,0.0,-0.7685197094448271
493,3,0.0,0.0,0.0,0.0,-0.08375
493,4,0.0,0.0,0.0,0.0,0.0
494,0,0.0,-0.00020985420876783623,0.0,0.0,-17.383445465277106
494,1,0.0,0.0,-0.0027590248520561003,0.0,-0.326591617736598
494,2,0.0,0.0,0.0,0.0,-0.7685197094448271
494,3,0.0,0.0,0.0,0.0,-0.08375
494,4,0.0,0.0,0.0,0.0,0.0
495,0,0.0,-0.00020985420876783623,0.0,0.0,-17.399019569011745
495,1,0.0,0.0,-0.0027590248520561003,0.0,-0.326591617736598
495,2,0.0,0.0,0.0,0.0,-0.7685197094448271
495,3,0.0,0.0,0.0,0.0,-0.08375
495,4,0.0,0.0,0.0,0.0,0.0
496,0,0.0,-0.00020985420876783623,0.0,0.0,-17.4170542442132
496,1,0.0,0.0,-0.0027590248520561003,0.0,-0.326591617736598
496,2,0.0,0.0,0.0,0.0,-0.7685197094448271
496,3,0.0,0.0,0.0,0.0,-0.08375
496,4,0.0,0.0,0.0,0.0,0.0
497,0,0.0,-0.00020985420876783623,0.0,0.0,-17.432541282785998
497,1,0.0,0.0,-0.0027590248520561003,0.0,-0.326591617736598
497,2,0.0,0.0,0.0,0.0,-0.7685197094448271
497,3,0.0,0.0,0.0,0.0,-0.08375
497,4,0.0,0.0,0.0,0.0,0.0
498,0,0.0,-0.00020985420876783623,0.0,0.0,-17.450489172500383
498,1,0.0,0.0,-0.0027590248520561003,0.0,-0.326591617736598
498,2,0.0,0.0,0.0,0.0,-0.7685197094448271
498,3,0.0,0.0,0.0,0.0,-0.08375
498,4,0.0,0.0,0.0,0.0,0.0
499,0,0.0,-0.00020985420876783623,0.0,0.0,-17.465889704251616
499,1,0.0,0.0,-0.0027590248520561003,0.0,-0.326591617736598
499,2,0.0,0.0,0.0,0.0,-0.7685197094448271
499,3,0.0,0.0,0.0,0.0,-0.08375
499,4,0.0,0.0,0.0,0.0,0.0
500,0,0.0,-0.00020985420876783623,0.0,0.0,-17.4837513648046
500,1,0.0,0.0,-0.0027590248520561003,0.0,-0.326591617736598
500,2,0.0,0.0,0.0,0.0,-0.7685197094448271
500,3,0.0,0.0,0.0,0.0,-0.08375
500,4,0.0,0.0,0.0,0.0,0.0
501,0,0.0,-0.00020985420876783623,0.0,0.0,-17.501565944053162
501,1,0.0,0.0,-0.0027590248520561003,0.0,-0.326591617736598
501,2,0.0,0.0,0.0,0.0,-0.7685197094448271
501,3,0.0,0.0,0.0,0.0,-0.08375
501,4,0.0,0.0,0.0,0.0,0.0
502,0,0.0,-0.00020985420876783623,0.0,0.0,-17.516833595232267
502,1,0.0,0.0,-0.0027590248520561003,0.0,-0.326591617736598
502,2,0.0,0.0,0.0,0.0,-0.7685197094448271
502,3,0.0,0.0,0.0,0.0,-0.08375
502,4,0.0,0.0,0.0,0.0,0.0
503,0,0.0,-0.00020985420876783623,0.0,0.0,-17.534562803550745
503,1,0.0,0.0,-0.0027590248520561003,0.0,-0.326591617736598
503,2,0.0,0.0,0.0,0.0,-0.7685197094448271
503,3,0.0,0.0,0.0,0.0,-0.08375
503,4,0.0,0.0,0.0,0.0,0.0
504,0,0.0,-0.00020985420876783623,0.0,0.0,-17.5497453573524
504,1,0.0,0.0,-0.0027590248520561003,0.0,-0.326591617736598
504,2,0.0,0.0,0.0,0.0,-0.7685197094448271
504,3,0.0,0.0,0.0,0.0,-0.08375
504,4,0.0,0.0,0.0,0.0,0.0
505,0,0.0,-0.00020985420876783623,0.0,0.0,-17.564889740860544
505,1,0.0,0.0,-0.0027590248520561003,0.0,-0.326591617736598
505,2,0.0,0.0,0.0,0.0,-0.7685197094448271
505,3,0.0,0.0,0.0,0.0,-0.08375
505,4,0.0,0.0,0.0,0.0,0.0
506,0,0.0,-0.00020985420876783623,0.0,0.0,-17.579996073969646
506,1,0.0,0.0,-0.0027590248520561003,0.0,-0.326591617736598
506,2,0.0,0.0,0.0,0.0,-0.7685197094448271
506,3,0.0,0.0,0.0,0.0,-0.08375
506,4,0.0,0.0,0.0,0.0,0.0
507,0,0.0,-0.00020985420876783623,0.0,0.0,-17.597564476148786
507,1,0.0,0.0,-0.0027590248520561003,0.0,-0.326591617736598
507,2,0.0,0.0,0.0,0.0,-0.7685197094448271
507,3,0.0,0.0,0.0,0.0,-0.08375
507,4,0.0,0.0,0.0,0.0,0.0
508,0,0.0,-0.00020985420876783623,0.0,0.0,-17.615086733910903
508,1,0.0,0.0,-0.0027590248520561003,0.0,-0.326591617736598
508,2,0.0,0.0,0.0,0.0,-0.7685197094448271
508,3,0.0,0.0,0.0,0.0,-0.08375
508,4,0.0,0.0,0.0,0.0,0.0
509,0,0.0,-0.00020985420876783623,0.0,0.0,-17.63006299712316
509,1,0.0,0.0,-0.0027590248520561003,0.0,-0.326591617736598
509,2,0.0,0.0,0.0,0.0,-0.7685197094448271
509,3,0.0,0.0,0.0,0.0,-0.08375
509,4,0.0,0.0,0.0,0.0,0.0
510,0,0.0,-0.00020985420876783623,0.0,0.0,-17.647501747639602
510,1,0.0,0.0,-0.0027590248520561003,0.0,-0.326591617736598
510,2,0.0,0.0,0.0,0.0,-0.7685197094448271
510,3,0.0,0.0,0.0,0.0,-0.08375
510,4,0.0,0.0,0.0,0.0,0.0
511,0,0.0,-0.00020985420876783623,0.0,0.0,-17.66489477046217
511,1,0.0,0.0,-0.0027590248520561003,0.0,-0.326591617736598
511,2,0.0,0.0,0.0,0.0,-0.7685197094448271
511,3,0.0,0.0,0.0,0.0,-0.08375
511,4,0.0,0.0,0.0,0.0,0.0
512,0,0.0,-0.00020985420876783623,0.0,0.0,-17.679742213952903
512,1,0.0,0.0,-0.0027590248520561003,0.0,-0.326591617736598
512,2,0.0,0.0,0.0,0.0,-0.7685197094448271
512,3,0.0,0.0,0.0,0.0,-0.08375
512,4,0.0,0.0,0.0,0.0,0.0
513,0,0.0,-0.00020985420876783623,0.0,0.0,-17.694552558466523
513,1,0.0,0.0,-0.0027590248520561003,0.0,-0.326591617736598
513,2,0.0,0.0,0.0,0.0,-0.7685197094448271
513,3,0.0,0.0,0.0,0.0,-0.08375
513,4,0.0,0.0,0.0,0.0,0.0
514,0,0.0,-0.00020985420876783623,0.0,0.0,-17.71182592004388
514,1,0.0,0.0,-0.0027590248520561003,0.0,-0.326591617736598
514,2,0.0,0.0,0.0,0.0,-0.7685197094448271
514,3,0.0,0.0,0.0,0.0,-0.08375
514,4,0.0,0.0,0.0,0.0,0.0
515,0,0.0,-0.00020985420876783623,0.0,0.0,-17.729054081782948
515,1,0.0,0.0,-0.0027590248520561003,0.0,-0.326591617736598
515,2,0.0,0.0,0.0,0.0,-0.7685197094448271
515,3,0.0,0.0,0.0,0.0,-0.08375
515,4,0.0,0.0,0.0,0.0,0.0
516,0,0.0,-0.00020985420876783623,0.0,0.0,-17.743737190149133
516,1,0.0,0.0,-0.0027590248520561003,0.0,-0.326591617736598
516,2,0.0,0.0,0.0,0.0,-0.7685197094448271
516,3,0.0,0.0,0.0,0.0,-0.08375
516,4,0.0,0.0,0.0,0.0,0.0
517,0,0.0,-0.00020985420876783623,0.0,0.0,-17.760883723607876
517,1,0.0,0.0,-0.0027590248520561003,0.0,-0.326591617736598
517,2,0.0,0.0,0.0,0.0,-0.7685197094448271
517,3,0.0,0.0,0.0,0.0,-0.08375
517,4,0.0,0.0,0.0,0.0,0.0
518,0,0.0,-0.00020985420876783623,0.0,0.0,-17.777985463785654
518,1,0.0,0.0,-0.0027590248520561003,0.0,-0.326591617736598
518,2,0.0,0.0,0.0,0.0,-0.7685197094448271
518,3,0.0,0.0,0.0,0.0,-0.08375
518,4,0.0,0.0,0.0,0.0,0.0
519,0,0.0,-0.00020985420876783623,0.0,0.0,-17.795042555682066
519,1,0.0,0.0,-0.0027590248520561003,0.0,-0.326591617736598
519,2,0.0,0.0,0.0,0.0,-0.7685197094448271
519,3,0.0,0.0,0.0,0.0,-0.08375
519,4,0.0,0.0,0.0,0.0,0.0
520,0,0.0,-0.00020985420876783623,0.0,0.0,-17.812055143770063
520,1,0.0,0.0,-0.0027590248520561003,0.0,-0.326591617736598
520,2,0.0,0.0,0.0,0.0,-0.7685197094448271
520,3,0.0,0.0,0.0,0.0,-0.08375
520,4,0.0,0.0,0.0,0.0,0.0
521,0,0.0,-0.00020985420876783623,0.0,0.0,-17.826523371998007
521,1,0.0,0.0,-0.0027590248520561003,0.0,-0.326591617736598
521,2,0.0,0.0,0.0,0.0,-0.7685197094448271
521,3,0.0,0.0,0.0,0.0,-0.08375
521,4,0.0,0.0,0.0,0.0,0.0
522,0,0.0,-0.00020985420876783623,0.0,0.0,-17.843455716324044
522,1,0.0,0.0,-0.0027590248520561003,0.0,-0.326591617736598
522,2,0.0,0.0,0.0,0.0,-0.7685197094448271
522,3,0.0,0.0,0.0,0.0,-0.08375
522,4,0.0,0.0,0.0,0.0,0.0
523,0,0.0,-0.00020985420876783623,0.0,0.0,-17.86034395587711
523,1,0.0,0.0,-0.0027590248520561003,0.0,-0.326591617736598
523,2,0.0,0.0,0.0,0.0,-0.7685197094448271
523,3,0.0,0.0,0.0,0.0,-0.08375
523,4,0.0,0.0,0.0,0.0,0.0
524,0,0.0,-0.00020985420876783623,0.0,0.0,-17.877188233168937
524,1,0.0,0.0,-0.0027590248520561003,0.0,-0.326591617736598
524,2,0.0,0.0,0.0,0.0,-0.7685197094448271
524,3,0.0,0.0,0.0,0.0,-0.08375
524,4,0.0,0.0,0.0,0.0,0.0
525,0,0.0,-0.00020985420876783623,0.0,0.0,-17.893988690194277
525,1,0.0,0.0,-0.0027590248520561003,0.0,-0.326591617736598
525,2,0.0,0.0,0.0,0.0,-0.7685197094448271
525,3,0.0,0.0,0.0,0.0,-0.08375
525,4,0.0,0.0,0.0,0.0,0.0
526,0,0.0,-0.00020985420876783623,0.0,0.0,-17.910745468432893
526,1,0.0,0.0,-0.0027590248520561003,0.0,-0.326591617736598
526,2,0.0,0.0,0.0,0.0,-0.7685197094448271
526,3,0.0,0.0,0.0,0.0,-0.08375
526,4,0.0,0.0,0.0,0.0,0.0
527,0,0.0,-0.00020985420876783623,0.0,0.0,-17.92745870885156
527,1,0.0,0.0,-0.0027590248520561003,0.0,-0.326591617736598
527,2,0.0,0.0,0.0,0.0,-0.7685197094448271
527,3,0.0,0.0,0.0,0.0,-0.08375
527,4,0.0,0.0,0.0,0.0,0.0
528,0,0.0,-0.00020985420876783623,0.0,0.0,-17.94162855190607
528,1,0.0,0.0,-0.0027590248520561003,0.0,-0.326591617736598
528,2,0.0,0.0,0.0,0.0,-0.7685197094448271
528,3,0.0,0.0,0.0,0.0,-0.08375
528,4,0.0,0.0,0.0,0.0,0.0
529,0,0.0,-0.00020985420876783623,0.0,0.0,-17.95576347007559
529,1,0.0,0.0,-0.0027590248520561003,0.0,-0.326591617736598
529,2,0.0,0.0,0.0,0.0,-0.7685197094448271
529,3,0.0,0.0,0.0,0.0,-0.08375
529,4,0.0,0.0,0.0,0.0,0.0
530,0,0.0,-0.00020985420876783623,0.0,0.0,-17.97236357155589
530,1,0.0,0.0,-0.0027590248520561003,0.0,-0.326591617736598
530,2,0.0,0.0,0.0,0.0,-0.7685197094448271
530,3,0.0,0.0,0.0,0.0,-0.08375
530,4,0.0,0.0,0.0,0.0,0.0
531,0,0.0,-0.00020985420876783623,0.0,0.0,-17.98642063163032
531,1,0.0,0.0,-0.0027590248520561003,0.0,-0.326591617736598
531,2,0.0,0.0,0.0,0.0,-0.7685197094448271
531,3,0.0,0.0,0.0,0.0,-0.08375
531,4,0.0,0.0,0.0,0.0,0.0
532,0,0.0,-0.00020985420876783623,0.0,0.0,-18.002943121512285
532,1,0.0,0.0,-0.0027590248520561003,0.0,-0.326591617736598
532,2,0.0,0.0,0.0,0.0,-0.7685197094448271
532,3,0.0,0.0,0.0,0.0,-0.08375
532,4,0.0,0.0,0.0,0.0,0.0
533,0,0.0,-0.00020985420876783623,0.0,0.0,-18.016922815604303
533,1,0.0,0.0,-0.0027590248520561003,0.0,-0.326591617736598
533,2,0.0,0.0,0.0,0.0,-0.7685197094448271
533,3,0.0,0.0,0.0,0.0,-0.08375
533,4,0.0,0.0,0.0,0.0,0.0
534,0,0.0,-0.00020985420876783623,0.0,0.0,-18.03086818424236
534,1,0.0,0.0,-0.0027590248520561003,0.0,-0.326591617736598
534,2,0.0,0.0,0.0,0.0,-0.7685197094448271
534,3,0.0,0.0,0.0,0.0,-0.08375
534,4,0.0,0.0,0.0,0.0,0.0
535,0,0.0,-0.00020985420876783623,0.0,0.0,-18.0472793334873
535,1,0.0,0.0,-0.0027590248520561003,0.0,-0.326591617736598
535,2,0.0,0.0,0.0,0.0,-0.7685197094448271
535,3,0.0,0.0,0.0,0.0,-0.08375
535,4,0.0,0.0,0.0,0.0,0.0
536,0,0.0,-0.00020985420876783623,0.0,0.0,-18.0611480364957
536,1,0.0,0.0,-0.0027590248520561003,0.0,-0.326591617736598
536,2,0.0,0.0,0.0,0.0,-0.7685197094448271
536,3,0.0,0.0,0.0,0.0,-0.08375
536,4,0.0,0.0,0.0,0.0,0.0
537,0,0.0,-0.00020985420876783623,0.0,0.0,-18.074982762362378
537,1,0.0,0.0,-0.0027590248520561003,0.0,-0.326591617736598
537,2,0.0,0.0,0.0,0.0,-0.7685197094448271
537,3,0.0,0.0,0.0,0.0,-0.08375
537,4,0.0,0.0,0.0,0.0,0.0
538,0,0.0,-0.00020985420876783623,0.0,0.0,-18.09128361591175
538,1,0.0,0.0,-0.0027590248520561003,0.0,-0.326591617736598
538,2,0.0,0.0,0.0,0.0,-0.7685197094448271
538,3,0.0,0.0,0.0,0.0,-0.08375
538,4,0.0,0.0,0.0,0.0,0.0
539,0,0.0,-0.00020985420876783623,0.0,0.0,-18.105042369068716
539,1,0.0,0.0,-0.0027590248520561003,0.0,-0.326591617736598
539,2,0.0,0.0,0.0,0.0,-0.7685197094448271
539,3,0.0,0.0,0.0,0.0,-0.08375
539,4,0.0,0.0,0.0,0.0,0.0
540,0,0.0,-0.00020985420876783623,0.0,0.0,-18.121267489701115
540,1,0.0,0.0,-0.0027590248520561003,0.0,-0.326591617736598
540,2,0.0,0.0,0.0,0.0,-0.7685197094448271
540,3,0.0,0.0,0.0,0.0,-0.08375
540,4,0.0,0.0,0.0,0.0,0.0
541,0,0.0,-0.00020985420876783623,0.0,0.0,-18.134950748878733
541,1,0.0,0.0,-0.0027590248520561003,0.0,-0.326591617736598
541,2,0.0,0.0,0.0,0.0,-0.7685197094448271
541,3,0.0,0.0,0.0,0.0,-0.08375
541,4,0.0,0.0,0.0,0.0,0.0
542,0,0.0,-0.00020985420876783623,0.0,0.0,-18.148600613617578
542,1,0.0,0.0,-0.0027590248520561003,0.0,-0.326591617736598
542,2,0.0,0.0,0.0,0.0,-0.7685197094448271
542,3,0.0,0.0,0.0,0.0,-0.08375
542,4,0.0,0.0,0.0,0.0,0.0
543,0,0.0,-0.00020985420876783623,0.0,0.0,-18.16221718667123
543,1,0.0,0.0,-0.0027590248520561003,0.0,-0.326591617736598
543,2,0.0,0.0,0.0,0.0,-0.7685197094448271
543,3,0.0,0.0,0.0,0.0,-0.08375
543,4,0.0,0.0,0.0,0.0,0.0
544,0,0.0,-0.00020985420876783623,0.0,0.0,-18.17830057043405
544,1,0.0,0.0,-0.0027590248520561003,0.0,-0.326591617736598
544,2,0.0,0.0,0.0,0.0,-0.7685197094448271
544,3,0.0,0.0,0.0,0.0,-0.08375
544,4,0.0,0.0,0.0,0.0,0.0
545,0,0.0,-0.00020985420876783623,0.0,0.0,-18.19184253441017
545,1,0.0,0.0,-0.0027590248520561003,0.0,-0.326591617736598
545,2,0.0,0.0,0.0,0.0,-0.7685197094448271
545,3,0.0,0.0,0.0,0.0,-0.08375
545,4,0.0,0.0,0.0,0.0,0.0
546,0,0.0,-0.00020985420876783623,0.0,0.0,-18.20535154405592
546,1,0.0,0.0,-0.0027590248520561003,0.0,-0.326591617736598
546,2,0.0,0.0,0.0,0.0,-0.7685197094448271
546,3,0.0,0.0,0.0,0.0,-0.08375
546,4,0.0,0.0,0.0,0.0,0.0
547,0,0.0,-0.00020985420876783623,0.0,0.0,-18.221327700571138
547,1,0.0,0.0,-0.0027590248520561003,0.0,-0.326591617736598
547,2,0.0,0.0,0.0,0.0,-0.7685197094448271
547,3,0.0,0.0,0.0,0.0,-0.08375
547,4,0.0,0.0,0.0,0.0,0.0
548,0,0.0,-0.00020985420876783623,0.0,0.0,-18.237262772270025
548,1,0.0,0.0,-0.0027590248520561003,0.0,-0.326591617736598
548,2,0.0,0.0,0.0,0.0,-0.7685197094448271
548,3,0.0,0.0,0.0,0.0,-0.08375
548,4,0.0,0.0,0.0,0.0,0.0
549,0,0.0,-0.00020985420876783623,0.0,0.0,-18.250656890891143
549,1,0.0,0.0,-0.0027590248520561003,0.0,-0.326591617736598
549,2,0.0,0.0,0.0,0.0,-0.7685197094448271
549,3,0.0,0.0,0.0,0.0,-0.08375
549,4,0.0,0.0,0.0,0.0,0.0
550,0,0.0,-0.00020985420876783623,0.0,0.0,-18.264018520229826
550,1,0.0,0.0,-0.0027590248520561003,0.0,-0.326591617736598
550,2,0.0,0.0,0.0,0.0,-0.7685197094448271
550,3,0.0,0.0,0.0,0.0,-0.08375
550,4,0.0,0.0,0.0,0.0,0.0
551,0,0.0,-0.00020985420876783623,0.0,0.0,-18.2773477598313
551,1,0.0,0.0,-0.0027590248520561003,0.0,-0.326591617736598
551,2,0.0,0.0,0.0,0.0,-0.7685197094448271
551,3,0.0,0.0,0.0,0.0,-0.08375
551,4,0.0,0.0,0.0,0.0,0.0
552,0,0.0,-0.00020985420876783623,0.0,0.0,-18.290644708893833
552,1,0.0,0.0,-0.0027590248520561003,0.0,-0.326591617736598
552,2,0.0,0.0,0.0,0.0,-0.7685197094448271
552,3,0.0,0.0,0.0,0.0,-0.08375
552,4,0.0,0.0,0.0,0.0,0.0
553,0,0.0,-0.00020985420876783623,0.0,0.0,-18.306409466270047
553,1,0.0,0.0,-0.0027590248520561003,0.0,-0.326591617736598
553,2,0.0,0.0,0.0,0.0,-0.7685197094448271
553,3,0.0,0.0,0.0,0.0,-0.08375
553,4,0.0,0.0,0.0,0.0,0.0
554,0,0.0,-0.00020985420876783623,0.0,0.0,-18.31963379793586
554,1,0.0,0.0,-0.0027590248520561003,0.0,-0.326591617736598
554,2,0.0,0.0,0.0,0.0,-0.7685197094448271
554,3,0.0,0.0,0.0,0.0,-0.08375
554,4,0.0,0.0,0.0,0.0,0.0
555,0,0.0,-0.00020985420876783623,0.0,0.0,-18.332826165832866
555,1,0.0,0.0,-0.0027590248520561003,0.0,-0.326591617736598
555,2,0.0,0.0,0.0,0.0,-0.7685197094448271
555,3,0.0,0.0,0.0,0.0,-0.08375
555,4,0.0,0.0,0.0,0.0,0.0
556,0,0.0,-0.00020985420876783623,0.0,0.0,-18.348486667659586
556,1,0.0,0.0,-0.0027590248520561003,0.0,-0.326591617736598
556,2,0.0,0.0,0.0,0.0,-0.7685197094448271
556,3,0.0,0.0,0.0,0.0,-0.08375
556,4,0.0,0.0,0.0,0.0,0.0
557,0,0.0,-0.00020985420876783623,0.0,0.0,-18.36160706824225
557,1,0.0,0.0,-0.0027590248520561003,0.0,-0.326591617736598
557,2,0.0,0.0,0.0,0.0,-0.7685197094448271
557,3,0.0,0.0,0.0,0.0,-0.08375
557,4,0.0,0.0,0.0,0.0,0.0
558,0,0.0,-0.00020985420876783623,0.0,0.0,-18.37719582837713
558,1,0.0,0.0,-0.0027590248520561003,0.0,-0.326591617736598
558,2,0.0,0.0,0.0,0.0,-0.7685197094448271
558,3,0.0,0.0,0.0,0.0,-0.08375
558,4,0.0,0.0,0.0,0.0,0.0
559,0,0.0,-0.00020985420876783623,0.0,0.0,-18.392744712089453
559,1,0.0,0.0,-0.0027590248520561003,0.0,-0.326591617736598
559,2,0.0,0.0,0.0,0.0,-0.7685197094448271
559,3,0.0,0.0,0.0,0.0,-0.08375
559,4,0.0,0.0,0.0,0.0,0.0
560,0,0.0,-0.00020985420876783623,0.0,0.0,-18.405753846845197
560,1,0.0,0.0,-0.0027590248520561003,0.0,-0.326591617736598
560,2,0.0,0.0,0.0,0.0,-0.7685197094448271
560,3,0.0,0.0,0.0,0.0,-0.08375
560,4,0.0,0.0,0.0,0.0,0.0
561,0,0.0,-0.00020985420876783623,0.0,0.0,-18.418731692183428
561,1,0.0,0.0,-0.0027590248520561003,0.0,-0.326591617736598
561,2,0.0,0.0,0.0,0.0,-0.7685197094448271
561,3,0.0,0.0,0.0,0.0,-0.08375
561,4,0.0,0.0,0.0,0.0,0.0
562,0,0.0,-0.00020985420876783623,0.0,0.0,-18.431678343409338
562,1,0.0,0.0,-0.0027590248520561003,0.0,-0.326591617736598
562,2,0.0,0.0,0.0,0.0,-0.7685197094448271
562,3,0.0,0.0,0.0,0.0,-0.08375
562,4,0.0,0.0,0.0,0.0,0.0
563,0,0.0,-0.00020985420876783623,0.0,0.0,-18.444593895497338
563,1,0.0,0.0,-0.0027590248520561003,0.0,-0.326591617736598
563,2,0.0,0.0,0.0,0.0,-0.7685197094448271
563,3,0.0,0.0,0.0,0.0,-0.08375
563,4,0.0,0.0,0.0,0.0,0.0
564,0,0.0,-0.00020985420876783623,0.0,0.0,-18.459978443092325
564,1,0.0,0.0,-0.0027590248520561003,0.0,-0.326591617736598
564,2,0.0,0.0,0.0,0.0,-0.7685197094448271
564,3,0.0,0.0,0.0,0.0,-0.08375
564,4,0.0,0.0,0.0,0.0,0.0
565,0,0.0,-0.00020985420876783623,0.0,0.0,-18.475323747978525
565,1,0.0,0.0,-0.0027590248520561003,0.0,-0.326591617736598
565,2,0.0,0.0,0.0,0.0,-0.7685197094448271
565,3,0.0,0.0,0.0,0.0,-0.08375
565,4,0.0,0.0,0.0,0.0,0.0
566,0,0.0,-0.00020985420876783623,0.0,0.0,-18.490629935389478
566,1,0.0,0.0,-0.0027590248520561003,0.0,-0.326591617736598
566,2,0.0,0.0,0.0,0.0,-0.7685197094448271
566,3,0.0,0.0,0.0,0.0,-0.08375
566,4,0.0,0.0,0.0,0.0,0.0
567,0,0.0,-0.00020985420876783623,0.0,0.0,-18.50339713010793
567,1,0.0,0.0,-0.0027590248520561003,0.0,-0.326591617736598
567,2,0.0,0.0,0.0,0.0,-0.7685197094448271
567,3,0.0,0.0,0.0,0.0,-0.08375
567,4,0.0,0.0,0.0,0.0,0.0
568,0,0.0,-0.00020985420876783623,0.0,0.0,-18.518633788999928
568,1,0.0,0.0,-0.0027590248520561003,0.0,-0.326591617736598
568,2,0.0,0.0,0.0,0.0,-0.7685197094448271
568,3,0.0,0.0,0.0,0.0,-0.08375
568,4,0.0,0.0,0.0,0.0,0.0
569,0,0.0,-0.00020985420876783623,0.0,0.0,-18.533831672175523
569,1,0.0,0.0,-0.0027590248520561003,0.0,-0.326591617736598
569,2,0.0,0.0,0.0,0.0,-0.7685197094448271
569,3,0.0,0.0,0.0,0.0,-0.08375
569,4,0.0,0.0,0.0,0.0,0.0
570,0,0.0,-0.00020985420876783623,0.0,0.0,-18.546490903200496
570,1,0.0,0.0,-0.0027590248520561003,0.0,-0.326591617736598
570,2,0.0,0.0,0.0,0.0,-0.7685197094448271
570,3,0.0,0.0,0.0,0.0,-0.08375
570,4,0.0,0.0,0.0,0.0,0.0
571,0,0.0,-0.00020985420876783623,0.0,0.0,-18.559119937728624
571,1,0.0,0.0,-0.0027590248520561003,0.0,-0.326591617736598
571,2,0.0,0.0,0.0,0.0,-0.7685197094448271
571,3,0.0,0.0,0.0,0.0,-0.08375
571,4,0.0,0.0,0.0,0.0,0.0
572,0,0.0,-0.00020985420876783623,0.0,0.0,-18.574218867194674
572,1,0.0,0.0,-0.0027590248520561003,0.0,-0.326591617736598
572,2,0.0,0.0,0.0,0.0,-0.7685197094448271
572,3,0.0,0.0,0.0,0.0,-0.08375
572,4,0.0,0.0,0.0,0.0,0.0
573,0,0.0,-0.00020985420876783623,0.0,0.0,-18.589279450185074
573,1,0.0,0.0,-0.0027590248520561003,0.0,-0.326591617736598
573,2,0.0,0.0,0.0,0.0,-0.7685197094448271
573,3,0.0,0.0,0.0,0.0,-0.08375
573,4,0.0,0.0,0.0,0.0,0.0
574,0,0.0,-0.00020985420876783623,0.0,0.0,-18.601801808747826
574,1,0.0,0.0,-0.0027590248520561003,0.0,-0.326591617736598
574,2,0.0,0.0,0.0,0.0,-0.7685197094448271
574,3,0.0,0.0,0.0,0.0,-0.08375
574,4,0.0,0.0,0.0,0.0,0.0
575,0,0.0,-0.00020985420876783623,0.0,0.0,-18.6142943970247
575,1,0.0,0.0,-0.0027590248520561003,0.0,-0.326591617736598
575,2,0.0,0.0,0.0,0.0,-0.7685197094448271
575,3,0.0,0.0,0.0,0.0,-0.08375
575,4,0.0,0.0,0.0,0.0,0.0
576,0,0.0,-0.00020985420876783623,0.0,0.0,-18.629257304944257
576,1,0.0,0.0,-0.0027590248520561003,0.0,-0.326591617736598
576,2,0.0,0.0,0.0,0.0,-0.7685197094448271
576,3,0.0,0.0,0.0,0.0,-0.08375
576,4,0.0,0.0,0.0,0.0,0.0
577,0,0.0,-0.00020985420876783623,0.0,0.0,-18.644182289592457
577,1,0.0,0.0,-0.0027590248520561003,0.0,-0.326591617736598
577,2,0.0,0.0,0.0,0.0,-0.7685197094448271
577,3,0.0,0.0,0.0,0.0,-0.08375
577,4,0.0,0.0,0.0,0.0,0.0
578,0,0.0,-0.00020985420876783623,0.0,0.0,-18.65906947152255
578,1,0.0,0.0,-0.0027590248520561003,0.0,-0.326591617736598
578,2,0.0,0.0,0.0,0.0,-0.7685197094448271
578,3,0.0,0.0,0.0,0.0,-0.08375
578,4,0.0,0.0,0.0,0.0,0.0
579,0,0.0,-0.00020985420876783623,0.0,0.0,-18.67391897085492
579,1,0.0,0.0,-0.0027590248520561003,0.0,-0.326591617736598
579,2,0.0,0.0,0.0,0.0,-0.7685197094448271
579,3,0.0,0.0,0.0,0.0,-0.08375
579,4,0.0,0.0,0.0,0.0,0.0
580,0,0.0,-0.00020985420876783623,0.0,0.0,-18.688730907278746
580,1,0.0,0.0,-0.0027590248520561003,0.0,-0.326591617736598
580,2,0.0,0.0,0.0,0.0,-0.7685197094448271
580,3,0.0,0.0,0.0,0.0,-0.08375
580,4,0.0,0.0,0.0,0.0,0.0
581,0,0.0,-0.00020985420876783623,0.0,0.0,-18.7010054000537
581,1,0.0,0.0,-0.0027590248520561003,0.0,-0.326591617736598
581,2,0.0,0.0,0.0,0.0,-0.7685197094448271
581,3,0.0,0.0,0.0,0.0,-0.08375
581,4,0.0,0.0,0.0,0.0,0.0
582,0,0.0,-0.00020985420876783623,0.0,0.0,-18.715750900543924
582,1,0.0,0.0,-0.0027590248520561003,0.0,-0.326591617736598
582,2,0.0,0.0,0.0,0.0,-0.7685197094448271
582,3,0.0,0.0,0.0,0.0,-0.08375
582,4,0.0,0.0,0.0,0.0,0.0
583,0,0.0,-0.00020985420876783623,0.0,0.0,-18.73045916337864
583,1,0.0,0.0,-0.0027590248520561003,0.0,-0.326591617736598
583,2,0.0,0.0,0.0,0.0,-0.7685197094448271
583,3,0.0,0.0,0.0,0.0,-0.08375
583,4,0.0,0.0,0.0,0.0,0.0
584,0,0.0,-0.00020985420876783623,0.0,0.0,-18.74513030666381
584,1,0.0,0.0,-0.0027590248520561003,0.0,-0.326591617736598
584,2,0.0,0.0,0.0,0.0,-0.7685197094448271
584,3,0.0,0.0,0.0,0.0,-0.08375
584,4,0.0,0.0,0.0,0.0,0.0
585,0,0.0,-0.00020985420876783623,0.0,0.0,-18.75976444808195
585,1,0.0,0.0,-0.0027590248520561003,0.0,-0.326591617736598
585,2,0.0,0.0,0.0,0.0,-0.7685197094448271
585,3,0.0,0.0,0.0,0.0,-0.08375
585,4,0.0,0.0,0.0,0.0,0.0
586,0,0.0,-0.00020985420876783623,0.0,0.0,-18.77436170489376
586,1,0.0,0.0,-0.0027590248520561003,0.0,-0.326591617736598
586,2,0.0,0.0,0.0,0.0,-0.7685197094448271
586,3,0.0,0.0,0.0,0.0,-0.08375
586,4,0.0,0.0,0.0,0.0,0.0
587,0,0.0,-0.00020985420876783623,0.0,0.0,-18.788922193939737
587,1,0.0,0.0,-0.0027590248520561003,0.0,-0.326591617736598
587,2,0.0,0.0,0.0,0.0,-0.7685197094448271
587,3,0.0,0.0,0.0,0.0,-0.08375
587,4,0.0,0.0,0.0,0.0,0.0
588,0,0.0,-0.00020985420876783623,0.0,0.0,-18.80344603164184
588,1,0.0,0.0,-0.0027590248520561003,0.0,-0.326591617736598
588,2,0.0,0.0,0.0,0.0,-0.7685197094448271
588,3,0.0,0.0,0.0,0.0,-0.08375
588,4,0.0,0.0,0.0,0.0,0.0
589,0,0.0,-0.00020985420876783623,0.0,0.0,-18.817933334005055
589,1,0.0,0.0,-0.0027590248520561003,0.0,-0.326591617736598
589,2,0.0,0.0,0.0,0.0,-0.7685197094448271
589,3,0.0,0.0,0.0,0.0,-0.08375
589,4,0.0,0.0,0.0,0.0,0.0
590,0,0.0,-0.00020985420876783623,0.0,0.0,-18.829884216619032
590,1,0.0,0.0,-0.0027590248520561003,0.0,-0.326591617736598
590,2,0.0,0.0,0.0,0.0,-0.7685197094448271
590,3,0.0,0.0,0.0,0.0,-0.08375
590,4,0.0,0.0,0.0,0.0,0.0
591,0,0.0,-0.00020985420876783623,0.0,0.0,-18.84180712719205
591,1,0.0,0.0,-0.0027590248520561003,0.0,-0.326591617736598
591,2,0.0,0.0,0.0,0.0,-0.7685197094448271
591,3,0.0,0.0,0.0,0.0,-0.08375
591,4,0.0,0.0,0.0,0.0,0.0
592,0,0.0,-0.00020985420876783623,0.0,0.0,-18.853702149243887
592,1,0.0,0.0,-0.0027590248520561003,0.0,-0.326591617736598
592,2,0.0,0.0,0.0,0.0,-0.7685197094448271
592,3,0.0,0.0,0.0,0.0,-0.08375
592,4,0.0,0.0,0.0,0.0,0.0
593,0,0.0,-0.00020985420876783623,0.0,0.0,-18.868069366008726
593,1,0.0,0.0,-0.0027590248520561003,0.0,-0.326591617736598
593,2,0.0,0.0,0.0,0.0,-0.7685197094448271
593,3,0.0,0.0,0.0,0.0,-0.08375
593,4,0.0,0.0,0.0,0.0,0.0
594,0,0.0,-0.00020985420876783623,0.0,0.0,-18.879900527903853
594,1,0.0,0.0,-0.0027590248520561003,0.0,-0.326591617736598
594,2,0.0,0.0,0.0,0.0,-0.7685197094448271
594,3,0.0,0.0,0.0,0.0,-0.08375
594,4,0.0,0.0,0.0,0.0,0.0
595,0,0.0,-0.00020985420876783623,0.0,0.0,-18.891704081371802
595,1,0.0,0.0,-0.0027590248520561003,0.0,-0.326591617736598
595,2,0.0,0.0,0.0,0.0,-0.7685197094448271
595,3,0.0,0.0,0.0,0.0,-0.08375
595,4,0.0,0.0,0.0,0.0,0.0
596,0,0.0,-0.00020985420876783623,0.0,0.0,-18.90348010867137
596,1,0.0,0.0,-0.0027590248520561003,0.0,-0.326591617736598
596,2,0.0,0.0,0.0,0.0,-0.7685197094448271
596,3,0.0,0.0,0.0,0.0,-0.08375
596,4,0.0,0.0,0.0,0.0,0.0
597,0,0.0,-0.00020985420876783623,0.0,0.0,-18.91522869178051
597,1,0.0,0.0,-0.0027590248520561003,0.0,-0.326591617736598
597,2,0.0,0.0,0.0,0.0,-0.7685197094448271
597,3,0.0,0.0,0.0,0.0,-0.08375
597,4,0.0,0.0,0.0,0.0,0.0
598,0,0.0,-0.00020985420876783623,0.0,0.0,-18.92944991239736
598,1,0.0,0.0,-0.0027590248520561003,0.0,-0.326591617736598
598,2,0.0,0.0,0.0,0.0,-0.7685197094448271
598,3,0.0,0.0,0.0,0.0,-0.08375
598,4,0.0,0.0,0.0,0.0,0.0
599,0,0.0,-0.00020985420876783623,0.0,0.0,-18.94363551940894
599,1,0.0,0.0,-0.0027590248520561003,0.0,-0.326591617736598
599,2,0.0,0.0,0.0,0.0,-0.7685197094448271
599,3,0.0,0.0,0.0,0.0,-0.08375
599,4,0.0,0.0,0.0,0.0,0.0
600,0,0.0,-0.00020985420876783623,0.0,0.0,-18.95778562520088
600,1,0.0,0.0,-0.0027590248520561003,0.0,-0.326591617736598
600,2,0.0,0.0,0.0,0.0,-0.7685197094448271
600,3,0.0,0.0,0.0,0.0,-0.08375
600,4,0.0,0.0,0.0,0.0,0.0
601,0,0.0,-0.00020985420876783623,0.0,0.0,-18.971900341757173
601,1,0.0,0.0,-0.0027590248520561003,0.0,-0.326591617736598
601,2,0.0,0.0,0.0,0.0,-0.7685197094448271
601,3,0.0,0.0,0.0,0.0,-0.08375
601,4,0.0,0.0,0.0,0.0,0.0
602,0,0.0,-0.00020985420876783623,0.0,0.0,-18.98597978066167
602,1,0.0,0.0,-0.0027590248520561003,0.0,-0.326591617736598
602,2,0.0,0.0,0.0,0.0,-0.7685197094448271
602,3,0.0,0.0,0.0,0.0,-0.08375
602,4,0.0,0.0,0.0,0.0,0.0
603,0,0.0,-0.00020985420876783623,0.0,0.0,-19.000024053099672
603,1,0.0,0.0,-0.0027590248520561003,0.0,-0.326591617736598
603,2,0.0,0.0,0.0,0.0,-0.7685197094448271
603,3,0.0,0.0,0.0,0.0,-0.08375
603,4,0.0,0.0,0.0,0.0,0.0
604,0,0.0,-0.00020985420876783623,0.0,0.0,-19.011533269859427
604,1,0.0,0.0,-0.0027590248520561003,0.0,-0.326591617736598
604,2,0.0,0.0,0.0,0.0,-0.7685197094448271
604,3,0.0,0.0,0.0,0.0,-0.08375
604,4,0.0,0.0,0.0,0.0,0.0
605,0,0.0,-0.00020985420876783623,0.0,0.0,-19.023015873866058
605,1,0.0,0.0,-0.0027590248520561003,0.0,-0.326591617736598
605,2,0.0,0.0,0.0,0.0,-0.7685197094448271
605,3,0.0,0.0,0.0,0.0,-0.08375
605,4,0.0,0.0,0.0,0.0,0.0
606,0,0.0,-0.00020985420876783623,0.0,0.0,-19.034471943874333
606,1,0.0,0.0,-0.0027590248520561003,0.0,-0.326591617736598
606,2,0.0,0.0,0.0,0.0,-0.7685197094448271
606,3,0.0,0.0,0.0,0.0,-0.08375
606,4,0.0,0.0,0.0,0.0,0.0
607,0,0.0,-0.00020985420876783623,0.0,0.0,-19.045901558371522
607,1,0.0,0.0,-0.0027590248520561003,0.0,-0.326591617736598
607,2,0.0,0.0,0.0,0.0,-0.7685197094448271
607,3,0.0,0.0,0.0,0.0,-0.08375
607,4,0.0,0.0,0.0,0.0,0.0
608,0,0.0,-0.00020985420876783623,0.0,0.0,-19.057304795578375
608,1,0.0,0.0,-0.0027590248520561003,0.0,-0.326591617736598
608,2,0.0,0.0,0.0,0.0,-0.7685197094448271
608,3,0.0,0.0,0.0,0.0,-0.08375
608,4,0.0,0.0,0.0,0.0,0.0
609,0,0.0,-0.00020985420876783623,0.0,0.0,-19.0711817334501
609,1,0.0,0.0,-0.0027590248520561003,0.0,-0.326591617736598
609,2,0.0,0.0,0.0,0.0,-0.7685197094448271
609,3,0.0,0.0,0.0,0.0,-0.08375
609,4,0.0,0.0,0.0,0.0,0.0
610,0,0.0,-0.00020985420876783623,0.0,0.0,-19.08502411714502
610,1,0.0,0.0,-0.0027590248520561003,0.0,-0.326591617736598
610,2,0.0,0.0,0.0,0.0,-0.7685197094448271
610,3,0.0,0.0,0.0,0.0,-0.08375
610,4,0.0,0.0,0.0,0.0,0.0
611,0,0.0,-0.00020985420876783623,0.0,0.0,-19.096332055334216
611,1,0.0,0.0,-0.0027590248520561003,0.0,-0.326591617736598
611,2,0.0,0.0,0.0,0.0,-0.7685197094448271
611,3,0.0,0.0,0.0,0.0,-0.08375
611,4,0.0,0.0,0.0,0.0,0.0
612,0,0.0,-0.00020985420876783623,0.0,0.0,-19.107613988833588
612,1,0.0,0.0,-0.0027590248520561003,0.0,-0.326591617736598
612,2,0.0,0.0,0.0,0.0,-0.7685197094448271
612,3,0.0,0.0,0.0,0.0,-0.08375
612,4,0.0,0.0,0.0,0.0,0.0
613,0,0.0,-0.00020985420876783623,0.0,0.0,-19.118869994296606
613,1,0.0,0.0,-0.0027590248520561003,0.0,-0.326591617736598
613,2,0.0,0.0,0.0,0.0,-0.7685197094448271
613,3,0.0,0.0,0.0,0.0,-0.08375
613,4,0.0,0.0,0.0,0.0,0.0
614,0,0.0,-0.00020985420876783623,0.0,0.0,-19.13260014811713
614,1,0.0,0.0,-0.0027590248520561003,0.0,-0.326591617736598
614,2,0.0,0.0,0.0,0.0,-0.7685197094448271
614,3,0.0,0.0,0.0,0.0,-0.08375
614,4,0.0,0.0,0.0,0.0,0.0
615,0,0.0,-0.00020985420876783623,0.0,0.0,-19.143796193898
615,1,0.0,0.0,-0.0027590248520561003,0.0,-0.326591617736598
615,2,0.0,0.0,0.0,0.0,-0.7685197094448271
615,3,0.0,0.0,0.0,0.0,-0.08375
615,4,0.0,0.0,0.0,0.0,0.0
616,0,0.0,-0.00020985420876783623,0.0,0.0,-19.15496657129305
616,1,0.0,0.0,-0.0027590248520561003,0.0,-0.326591617736598
616,2,0.0,0.0,0.0,0.0,-0.7685197094448271
616,3,0.0,0.0,0.0,0.0,-0.08375
616,4,0.0,0.0,0.0,0.0,0.0
617,0,0.0,-0.00020985420876783623,0.0,0.0,-19.168611355798053
617,1,0.0,0.0,-0.0027590248520561003,0.0,-0.326591617736598
617,2,0.0,0.0,0.0,0.0,-0.7685197094448271
617,3,0.0,0.0,0.0,0.0,-0.08375
617,4,0.0,0.0,0.0,0.0,0.0
618,0,0.0,-0.00020985420876783623,0.0,0.0,-19.182222290121143
618,1,0.0,0.0,-0.0027590248520561003,0.0,-0.326591617736598
618,2,0.0,0.0,0.0,0.0,-0.7685197094448271
618,3,0.0,0.0,0.0,0.0,-0.08375
618,4,0.0,0.0,0.0,0.0,0.0
619,0,0.0,-0.00020985420876783623,0.0,0.0,-19.193299480492445
619,1,0.0,0.0,-0.0027590248520561003,0.0,-0.326591617736598
619,2,0.0,0.0,0.0,0.0,-0.7685197094448271
619,3,0.0,0.0,0.0,0.0,-0.08375
619,4,0.0,0.0,0.0,0.0,0.0
620,0,0.0,-0.00020985420876783623,0.0,0.0,-19.206851365296092
620,1,0.0,0.0,-0.0027590248520561003,0.0,-0.326591617736598
620,2,0.0,0.0,0.0,0.0,-0.7685197094448271
620,3,0.0,0.0,0.0,0.0,-0.08375
620,4,0.0,0.0,0.0,0.0,0.0
621,0,0.0,-0.00020985420876783623,0.0,0.0,-19.21786968623058
621,1,0.0,0.0,-0.0027590248520561003,0.0,-0.326591617736598
621,2,0.0,0.0,0.0,0.0,-0.7685197094448271
621,3,0.0,0.0,0.0,0.0,-0.08375
621,4,0.0,0.0,0.0,0.0,0.0
622,0,0.0,-0.00020985420876783623,0.0,0.0,-19.231362881052615
622,1,0.0,0.0,-0.0027590248520561003,0.0,-0.326591617736598
622,2,0.0,0.0,0.0,0.0,-0.7685197094448271
622,3,0.0,0.0,0.0,0.0,-0.08375
622,4,0.0,0.0,0.0,0.0,0.0
623,0,0.0,-0.00020985420876783623,0.0,0.0,-19.24232269083565
623,1,0.0,0.0,-0.0027590248520561003,0.0,-0.326591617736598
623,2,0.0,0.0,0.0,0.0,-0.7685197094448271
623,3,0.0,0.0,0.0,0.0,-0.08375
623,4,0.0,0.0,0.0,0.0,0.0
624,0,0.0,-0.00020985420876783623,0.0,0.0,-19.255757552713717
624,1,0.0,0.0,-0.0027590248520561003,0.0,-0.326591617736598
624,2,0.0,0.0,0.0,0.0,-0.7685197094448271
624,3,0.0,0.0,0.0,0.0,-0.08375
624,4,0.0,0.0,0.0,0.0,0.0
625,0,0.0,-0.00020985420876783623,0.0,0.0,-19.269159207139932
625,1,0.0,0.0,-0.0027590248520561003,0.0,-0.326591617736598
625,2,0.0,0.0,0.0,0.0,-0.7685197094448271
625,3,0.0,0.0,0.0,0.0,-0.08375
625,4,0.0,0.0,0.0,0.0,0.0
626,0,0.0,-0.00020985420876783623,0.0,0.0,-19.28002775809797
626,1,0.0,0.0,-0.0027590248520561003,0.0,-0.326591617736598
626,2,0.0,0.0,0.0,0.0,-0.7685197094448271
626,3,0.0,0.0,0.0,0.0,-0.08375
626,4,0.0,0.0,0.0,0.0,0.0
627,0,0.0,-0.00020985420876783623,0.0,0.0,-19.29087164173401
627,1,0.0,0.0,-0.0027590248520561003,0.0,-0.326591617736598
627,2,0.0,0.0,0.0,0.0,-0.7685197094448271
627,3,0.0,0.0,0.0,0.0,-0.08375
627,4,0.0,0.0,0.0,0.0,0.0
628,0,0.0,-0.00020985420876783623,0.0,0.0,-19.304190930049447
628,1,0.0,0.0,-0.0027590248520561003,0.0,-0.326591617736598
628,2,0.0,0.0,0.0,0.0,-0.7685197094448271
628,3,0.0,0.0,0.0,0.0,-0.08375
628,4,0.0,0.0,0.0,0.0,0.0
629,0,0.0,-0.00020985420876783623,0.0,0.0,-19.314977362271257
629,1,0.0,0.0,-0.0027590248520561003,0.0,-0.326591617736598
629,2,0.0,0.0,0.0,0.0,-0.7685197094448271
629,3,0.0,0.0,0.0,0.0,-0.08375
629,4,0.0,0.0,0.0,0.0,0.0
630,0,0.0,-0.00020985420876783623,0.0,0.0,-19.325739373693942
630,1,0.0,0.0,-0.0027590248520561003,0.0,-0.326591617736598
630,2,0.0,0.0,0.0,0.0,-0.7685197094448271
630,3,0.0,0.0,0.0,0.0,-0.08375
630,4,0.0,0.0,0.0,0.0,0.0
631,0,0.0,-0.00020985420876783623,0.0,0.0,-19.33897703547043
631,1,0.0,0.0,-0.0027590248520561003,0.0,-0.326591617736598
631,2,0.0,0.0,0.0,0.0,-0.7685197094448271
631,3,0.0,0.0,0.0,0.0,-0.08375
631,4,0.0,0.0,0.0,0.0,0.0
632,0,0.0,-0.00020985420876783623,0.0,0.0,-19.352182085982378
632,1,0.0,0.0,-0.0027590248520561003,0.0,-0.326591617736598
632,2,0.0,0.0,0.0,0.0,-0.7685197094448271
632,3,0.0,0.0,0.0,0.0,-0.08375
632,4,0.0,0.0,0.0,0.0,0.0
633,0,0.0,-0.00020985420876783623,0.0,0.0,-19.365354627149813
633,1,0.0,0.0,-0.0027590248520561003,0.0,-0.326591617736598
633,2,0.0,0.0,0.0,0.0,-0.7685197094448271
633,3,0.0,0.0,0.0,0.0,-0.08375
633,4,0.0,0.0,0.0,0.0,0.0
634,0,0.0,-0.00020985420876783623,0.0,0.0,-19.375994760530652
634,1,0.0,0.0,-0.0027590248520561003,0.0,-0.326591617736598
634,2,0.0,0.0,0.0,0.0,-0.7685197094448271
634,3,0.0,0.0,0.0,0.0,-0.08375
634,4,0.0,0.0,0.0,0.0,0.0
635,0,0.0,-0.00020985420876783623,0.0,0.0,-19.389110919854478
635,1,0.0,0.0,-0.0027590248520561003,0.0,-0.326591617736598
635,2,0.0,0.0,0.0,0.0,-0.7685197094448271
635,3,0.0,0.0,0.0,0.0,-0.08375
635,4,0.0,0.0,0.0,0.0,0.0
636,0,0.0,-0.00020985420876783623,0.0,0.0,-19.399694842182825
636,1,0.0,0.0,-0.0027590248520561003,0.0,-0.326591617736598
636,2,0.0,0.0,0.0,0.0,-0.7685197094448271
636,3,0.0,0.0,0.0,0.0,-0.08375
636,4,0.0,0.0,0.0,0.0,0.0
637,0,0.0,-0.00020985420876783623,0.0,0.0,-19.412754960652972
637,1,0.0,0.0,-0.0027590248520561003,0.0,-0.326591617736598
637,2,0.0,0.0,0.0,0.0,-0.7685197094448271
637,3,0.0,0.0,0.0,0.0,-0.08375
637,4,0.0,0.0,0.0,0.0,0.0
638,0,0.0,-0.00020985420876783623,0.0,0.0,-19.423283011736387
638,1,0.0,0.0,-0.0027590248520561003,0.0,-0.326591617736598
638,2,0.0,0.0,0.0,0.0,-0.7685197094448271
638,3,0.0,0.0,0.0,0.0,-0.08375
638,4,0.0,0.0,0.0,0.0,0.0
639,0,0.0,-0.00020985420876783623,0.0,0.0,-19.436287427982503
639,1,0.0,0.0,-0.0027590248520561003,0.0,-0.326591617736598
639,2,0.0,0.0,0.0,0.0,-0.7685197094448271
639,3,0.0,0.0,0.0,0.0,-0.08375
639,4,0.0,0.0,0.0,0.0,0.0
640,0,0.0,-0.00020985420876783623,0.0,0.0,-19.449259945277152
640,1,0.0,0.0,-0.0027590248520561003,0.0,-0.326591617736598
640,2,0.0,0.0,0.0,0.0,-0.7685197094448271
640,3,0.0,0.0,0.0,0.0,-0.08375
640,4,0.0,0.0,0.0,0.0,0.0
641,0,0.0,-0.00020985420876783623,0.0,0.0,-19.462200663053967
641,1,0.0,0.0,-0.0027590248520561003,0.0,-0.326591617736598
641,2,0.0,0.0,0.0,0.0,-0.7685197094448271
641,3,0.0,0.0,0.0,0.0,-0.08375
641,4,0.0,0.0,0.0,0.0,0.0
642,0,0.0,-0.00020985420876783623,0.0,0.0,-19.4726096803939
642,1,0.0,0.0,-0.0027590248520561003,0.0,-0.326591617736598
642,2,0.0,0.0,0.0,0.0,-0.7685197094448271
642,3,0.0,0.0,0.0,0.0,-0.08375
642,4,0.0,0.0,0.0,0.0,0.0
643,0,0.0,-0.00020985420876783623,0.0,0.0,-19.485495428558952
643,1,0.0,0.0,-0.0027590248520561003,0.0,-0.326591617736598
643,2,0.0,0.0,0.0,0.0,-0.7685197094448271
643,3,0.0,0.0,0.0,0.0,-0.08375
643,4,0.0,0.0,0.0,0.0,0.0
644,0,0.0,-0.00020985420876783623,0.0,0.0,-19.498349642152405
644,1,0.0,0.0,-0.0027590248520561003,0.0,-0.326591617736598
644,2,0.0,0.0,0.0,0.0,-0.7685197094448271
644,3,0.0,0.0,0.0,0.0,-0.08375
644,4,0.0,0.0,0.0,0.0,0.0
645,0,0.0,-0.00020985420876783623,0.0,0.0,-19.508672419330228
645,1,0.0,0.0,-0.0027590248520561003,0.0,-0.326591617736598
645,2,0.0,0.0,0.0,0.0,-0.7685197094448271
645,3,0.0,0.0,0.0,0.0,-0.08375
645,4,0.0,0.0,0.0,0.0,0.0
646,0,0.0,-0.00020985420876783623,0.0,0.0,-19.52147219043292
646,1,0.0,0.0,-0.0027590248520561003,0.0,-0.326591617736598
646,2,0.0,0.0,0.0,0.0,-0.7685197094448271
646,3,0.0,0.0,0.0,0.0,-0.08375
646,4,0.0,0.0,0.0,0.0,0.0
647,0,0.0,-0.00020985420876783623,0.0,0.0,-19.53424068914579
647,1,0.0,0.0,-0.0027590248520561003,0.0,-0.326591617736598
647,2,0.0,0.0,0.0,0.0,-0.7685197094448271
647,3,0.0,0.0,0.0,0.0,-0.08375
647,4,0.0,0.0,0.0,0.0,0.0
648,0,0.0,-0.00020985420876783623,0.0,0.0,-19.546978012710273
648,1,0.0,0.0,-0.0027590248520561003,0.0,-0.326591617736598
648,2,0.0,0.0,0.0,0.0,-0.7685197094448271
648,3,0.0,0.0,0.0,0.0,-0.08375
648,4,0.0,0.0,0.0,0.0,0.0
649,0,0.0,-0.00020985420876783623,0.0,0.0,-19.55718425802347
649,1,0.0,0.0,-0.0027590248520561003,0.0,-0.326591617736598
649,2,0.0,0.0,0.0,0.0,-0.7685197094448271
649,3,0.0,0.0,0.0,0.0,-0.08375
649,4,0.0,0.0,0.0,0.0,0.0
650,0,0.0,-0.00020985420876783623,0.0,0.0,-19.567367854171778
650,1,0.0,0.0,-0.0027590248520561003,0.0,-0.326591617736598
650,2,0.0,0.0,0.0,0.0,-0.7685197094448271
650,3,0.0,0.0,0.0,0.0,-0.08375
650,4,0.0,0.0,0.0,0.0,0.0
651,0,0.0,-0.00020985420876783623,0.0,0.0,-19.577528866123515
651,1,0.0,0.0,-0.0027590248520561003,0.0,-0.326591617736598
651,2,0.0,0.0,0.0,0.0,-0.7685197094448271
651,3,0.0,0.0,0.0,0.0,-0.08375
651,4,0.0,0.0,0.0,0.0,0.0
652,0,0.0,-0.00020985420876783623,0.0,0.0,-19.59016735863154
652,1,0.0,0.0,-0.0027590248520561003,0.0,-0.326591617736598
652,2,0.0,0.0,0.0,0.0,-0.7685197094448271
652,3,0.0,0.0,0.0,0.0,-0.08375
652,4,0.0,0.0,0.0,0.0,0.0
653,0,0.0,-0.00020985420876783623,0.0,0.0,-19.60277506370168
653,1,0.0,0.0,-0.0027590248520561003,0.0,-0.326591617736598
653,2,0.0,0.0,0.0,0.0,-0.7685197094448271
653,3,0.0,0.0,0.0,0.0,-0.08375
653,4,0.0,0.0,0.0,0.0,0.0
654,0,0.0,-0.00020985420876783623,0.0,0.0,-19.615352076902212
654,1,0.0,0.0,-0.0027590248520561003,0.0,-0.326591617736598
654,2,0.0,0.0,0.0,0.0,-0.7685197094448271
654,3,0.0,0.0,0.0,0.0,-0.08375
654,4,0.0,0.0,0.0,0.0,0.0
655,0,0.0,-0.00020985420876783623,0.0,0.0,-19.627898493463324
655,1,0.0,0.0,-0.0027590248520561003,0.0,-0.326591617736598
655,2,0.0,0.0,0.0,0.0,-0.7685197094448271
655,3,0.0,0.0,0.0,0.0,-0.08375
655,4,0.0,0.0,0.0,0.0,0.0
656,0,0.0,-0.00020985420876783623,0.0,0.0,-19.637914408278416
656,1,0.0,0.0,-0.0027590248520561003,0.0,-0.326591617736598
656,2,0.0,0.0,0.0,0.0,-0.7685197094448271
656,3,0.0,0.0,0.0,0.0,-0.08375
656,4,0.0,0.0,0.0,0.0,0.0
657,0,0.0,-0.00020985420876783623,0.0,0.0,-19.647908248437762
657,1,0.0,0.0,-0.0027590248520561003,0.0,-0.326591617736598
657,2,0.0,0.0,0.0,0.0,-0.7685197094448271
657,3,0.0,0.0,0.0,0.0,-0.08375
657,4,0.0,0.0,0.0,0.0,0.0
658,0,0.0,-0.00020985420876783623,0.0,0.0,-19.66038007692105
658,1,0.0,0.0,-0.0027590248520561003,0.0,-0.326591617736598
658,2,0.0,0.0,0.0,0.0,-0.7685197094448271
658,3,0.0,0.0,0.0,0.0,-0.08375
658,4,0.0,0.0,0.0,0.0,0.0
659,0,0.0,-0.00020985420876783623,0.0,0.0,-19.670321623967645
659,1,0.0,0.0,-0.0027590248520561003,0.0,-0.326591617736598
659,2,0.0,0.0,0.0,0.0,-0.7685197094448271
659,3,0.0,0.0,0.0,0.0,-0.08375
659,4,0.0,0.0,0.0,0.0,0.0
660,0,0.0,-0.00020985420876783623,0.0,0.0,-19.68024131591839
660,1,0.0,0.0,-0.0027590248520561003,0.0,-0.326591617736598
660,2,0.0,0.0,0.0,0.0,-0.7685197094448271
660,3,0.0,0.0,0.0,0.0,-0.08375
660,4,0.0,0.0,0.0,0.0,0.0
661,0,0.0,-0.00020985420876783623,0.0,0.0,-19.69263921500635
661,1,0.0,0.0,-0.0027590248520561003,0.0,-0.326591617736598
661,2,0.0,0.0,0.0,0.0,-0.7685197094448271
661,3,0.0,0.0,0.0,0.0,-0.08375
661,4,0.0,0.0,0.0,0.0,0.0
662,0,0.0,-0.00020985420876783623,0.0,0.0,-19.70250705072701
662,1,0.0,0.0,-0.0027590248520561003,0.0,-0.326591617736598
662,2,0.0,0.0,0.0,0.0,-0.7685197094448271
662,3,0.0,0.0,0.0,0.0,-0.08375
662,4,0.0,0.0,0.0,0.0,0.0
663,0,0.0,-0.00020985420876783623,0.0,0.0,-19.712353248680117
663,1,0.0,0.0,-0.0027590248520561003,0.0,-0.326591617736598
663,2,0.0,0.0,0.0,0.0,-0.7685197094448271
663,3,0.0,0.0,0.0,0.0,-0.08375
663,4,0.0,0.0,0.0,0.0,0.0
664,0,0.0,-0.00020985420876783623,0.0,0.0,-19.72467787036037
664,1,0.0,0.0,-0.0027590248520561003,0.0,-0.326591617736598
664,2,0.0,0.0,0.0,0.0,-0.7685197094448271
664,3,0.0,0.0,0.0,0.0,-0.08375
664,4,0.0,0.0,0.0,0.0,0.0
665,0,0.0,-0.00020985420876783623,0.0,0.0,-19.736972644527636
665,1,0.0,0.0,-0.0027590248520561003,0.0,-0.326591617736598
665,2,0.0,0.0,0.0,0.0,-0.7685197094448271
665,3,0.0,0.0,0.0,0.0,-0.08375
665,4,0.0,0.0,0.0,0.0,0.0
666,0,0.0,-0.00020985420876783623,0.0,0.0,-19.749237663516407
666,1,0.0,0.0,-0.0027590248520561003,0.0,-0.326591617736598
666,2,0.0,0.0,0.0,0.0,-0.7685197094448271
666,3,0.0,0.0,0.0,0.0,-0.08375
666,4,0.0,0.0,0.0,0.0,0.0
667,0,0.0,-0.00020985420876783623,0.0,0.0,-19.761473019335195
667,1,0.0,0.0,-0.0027590248520561003,0.0,-0.326591617736598
667,2,0.0,0.0,0.0,0.0,-0.7685197094448271
667,3,0.0,0.0,0.0,0.0,-0.08375
667,4,0.0,0.0,0.0,0.0,0.0
668,0,0.0,-0.00020985420876783623,0.0,0.0,-19.773678803667806
668,1,0.0,0.0,-0.0027590248520561003,0.0,-0.326591617736598
668,2,0.0,0.0,0.0,0.0,-0.7685197094448271
668,3,0.0,0.0,0.0,0.0,-0.08375
668,4,0.0,0.0,0.0,0.0,0.0
669,0,0.0,-0.00020985420876783623,0.0,0.0,-19.785855107874532
669,1,0.0,0.0,-0.0027590248520561003,0.0,-0.326591617736598
669,2,0.0,0.0,0.0,0.0,-0.7685197094448271
669,3,0.0,0.0,0.0,0.0,-0.08375
669,4,0.0,0.0,0.0,0.0,0.0
670,0,0.0,-0.00020985420876783623,0.0,0.0,-19.795502022993443
670,1,0.0,0.0,-0.0027590248520561003,0.0,-0.326591617736598
670,2,0.0,0.0,0.0,0.0,-0.7685197094448271
670,3,0.0,0.0,0.0,0.0,-0.08375
670,4,0.0,0.0,0.0,0.0,0.0
671,0,0.0,-0.00020985420876783623,0.0,0.0,-19.805127972273947
671,1,0.0,0.0,-0.0027590248520561003,0.0,-0.326591617736598
671,2,0.0,0.0,0.0,0.0,-0.7685197094448271
671,3,0.0,0.0,0.0,0.0,-0.08375
671,4,0.0,0.0,0.0,0.0,0.0
672,0,0.0,-0.00020985420876783623,0.0,0.0,-19.81723301486931
672,1,0.0,0.0,-0.0027590248520561003,0.0,-0.326591617736598
672,2,0.0,0.0,0.0,0.0,-0.7685197094448271
672,3,0.0,0.0,0.0,0.0,-0.08375
672,4,0.0,0.0,0.0,0.0,0.0
673,0,0.0,-0.00020985420876783623,0.0,0.0,-19.829308877206827
673,1,0.0,0.0,-0.0027590248520561003,0.0,-0.326591617736598
673,2,0.0,0.0,0.0,0.0,-0.7685197094448271
673,3,0.0,0.0,0.0,0.0,-0.08375
673,4,0.0,0.0,0.0,0.0,0.0
674,0,0.0,-0.00020985420876783623,0.0,0.0,-19.83885564929724
674,1,0.0,0.0,-0.0027590248520561003,0.0,-0.326591617736598
674,2,0.0,0.0,0.0,0.0,-0.7685197094448271
674,3,0.0,0.0,0.0,0.0,-0.08375
674,4,0.0,0.0,0.0,0.0,0.0
675,0,0.0,-0.00020985420876783623,0.0,0.0,-19.84838175336646
675,1,0.0,0.0,-0.0027590248520561003,0.0,-0.326591617736598
675,2,0.0,0.0,0.0,0.0,-0.7685197094448271
675,3,0.0,0.0,0.0,0.0,-0.08375
675,4,0.0,0.0,0.0,0.0,0.0
676,0,0.0,-0.00020985420876783623,0.0,0.0,-19.860387247548093
676,1,0.0,0.0,-0.0027590248520561003,0.0,-0.326591617736598
676,2,0.0,0.0,0.0,0.0,-0.7685197094448271
676,3,0.0,0.0,0.0,0.0,-0.08375
676,4,0.0,0.0,0.0,0.0,0.0
677,0,0.0,-0.00020985420876783623,0.0,0.0,-19.869863857253566
677,1,0.0,0.0,-0.0027590248520561003,0.0,-0.326591617736598
677,2,0.0,0.0,0.0,0.0,-0.7685197094448271
677,3,0.0,0.0,0.0,0.0,-0.08375
677,4,0.0,0.0,0.0,0.0,0.0
678,0,0.0,-0.00020985420876783623,0.0,0.0,-19.88182000401391
678,1,0.0,0.0,-0.0027590248520561003,0.0,-0.326591617736598
678,2,0.0,0.0,0.0,0.0,-0.7685197094448271
678,3,0.0,0.0,0.0,0.0,-0.08375
678,4,0.0,0.0,0.0,0.0,0.0
679,0,0.0,-0.00020985420876783623,0.0,0.0,-19.893747412738037
679,1,0.0,0.0,-0.0027590248520561003,0.0,-0.326591617736598
679,2,0.0,0.0,0.0,0.0,-0.7685197094448271
679,3,0.0,0.0,0.0,0.0,-0.08375
679,4,0.0,0.0,0.0,0.0,0.0
680,0,0.0,-0.00020985420876783623,0.0,0.0,-19.90564617192396
680,1,0.0,0.0,-0.0027590248520561003,0.0,-0.326591617736598
680,2,0.0,0.0,0.0,0.0,-0.7685197094448271
680,3,0.0,0.0,0.0,0.0,-0.08375
680,4,0.0,0.0,0.0,0.0,0.0
681,0,0.0,-0.00020985420876783623,0.0,0.0,-19.91501636975815
681,1,0.0,0.0,-0.0027590248520561003,0.0,-0.326591617736598
681,2,0.0,0.0,0.0,0.0,-0.7685197094448271
681,3,0.0,0.0,0.0,0.0,-0.08375
681,4,0.0,0.0,0.0,0.0,0.0
682,0,0.0,-0.00020985420876783623,0.0,0.0,-19.926866426649116
682,1,0.0,0.0,-0.0027590248520561003,0.0,-0.326591617736598
682,2,0.0,0.0,0.0,0.0,-0.7685197094448271
682,3,0.0,0.0,0.0,0.0,-0.08375
682,4,0.0,0.0,0.0,0.0,0.0
683,0,0.0,-0.00020985420876783623,0.0,0.0,-19.936188070776154
683,1,0.0,0.0,-0.0027590248520561003,0.0,-0.326591617736598
683,2,0.0,0.0,0.0,0.0,-0.7685197094448271
683,3,0.0,0.0,0.0,0.0,-0.08375
683,4,0.0,0.0,0.0,0.0,0.0
684,0,0.0,-0.00020985420876783623,0.0,0.0,-19.945489720173285
684,1,0.0,0.0,-0.0027590248520561003,0.0,-0.326591617736598
684,2,0.0,0.0,0.0,0.0,-0.7685197094448271
684,3,0.0,0.0,0.0,0.0,-0.08375
684,4,0.0,0.0,0.0,0.0,0.0
685,0,0.0,-0.00020985420876783623,0.0,0.0,-19.957271421215744
685,1,0.0,0.0,-0.0027590248520561003,0.0,-0.326591617736598
685,2,0.0,0.0,0.0,0.0,-0.7685197094448271
685,3,0.0,0.0,0.0,0.0,-0.08375
685,4,0.0,0.0,0.0,0.0,0.0
686,0,0.0,-0.00020985420876783623,0.0,0.0,-19.966524926850404
686,1,0.0,0.0,-0.0027590248520561003,0.0,-0.326591617736598
686,2,0.0,0.0,0.0,0.0,-0.7685197094448271
686,3,0.0,0.0,0.0,0.0,-0.08375
686,4,0.0,0.0,0.0,0.0,0.0
687,0,0.0,-0.00020985420876783623,0.0,0.0,-19.97575863860018
687,1,0.0,0.0,-0.0027590248520561003,0.0,-0.326591617736598
687,2,0.0,0.0,0.0,0.0,-0.7685197094448271
687,3,0.0,0.0,0.0,0.0,-0.08375
687,4,0.0,0.0,0.0,0.0,0.0
688,0,0.0,-0.00020985420876783623,0.0,0.0,-19.984972612121034
688,1,0.0,0.0,-0.0027590248520561003,0.0,-0.326591617736598
688,2,0.0,0.0,0.0,0.0,-0.7685197094448271
688,3,0.0,0.0,0.0,0.0,-0.08375
688,4,0.0,0.0,0.0,0.0,0.0
689,0,0.0,-0.00020985420876783623,0.0,0.0,-19.996666862668203
689,1,0.0,0.0,-0.0027590248520561003,0.0,-0.326591617736598
689,2,0.0,0.0,0.0,0.0,-0.7685197094448271
689,3,0.0,0.0,0.0,0.0,-0.08375
689,4,0.0,0.0,0.0,0.0,0.0
690,0,0.0,-0.00020985420876783623,0.0,0.0,-20.008333146610333
690,1,0.0,0.0,-0.0027590248520561003,0.0,-0.326591617736598
690,2,0.0,0.0,0.0,0.0,-0.7685197094448271
690,3,0.0,0.0,0.0,0.0,-0.08375
690,4,0.0,0.0,0.0,0.0,0.0
691,0,0.0,-0.00020985420876783623,0.0,0.0,-20.017471640889777
691,1,0.0,0.0,-0.0027590248520561003,0.0,-0.326591617736598
691,2,0.0,0.0,0.0,0.0,-0.7685197094448271
691,3,0.0,0.0,0.0,0.0,-0.08375
691,4,0.0,0.0,0.0,0.0,0.0
692,0,0.0,-0.00020985420876783623,0.0,0.0,-20.026590681871305
692,1,0.0,0.0,-0.0027590248520561003,0.0,-0.326591617736598
692,2,0.0,0.0,0.0,0.0,-0.7685197094448271
692,3,0.0,0.0,0.0,0.0,-0.08375
692,4,0.0,0.0,0.0,0.0,0.0
693,0,0.0,-0.00020985420876783623,0.0,0.0,-20.035690323986508
693,1,0.0,0.0,-0.0027590248520561003,0.0,-0.326591617736598
693,2,0.0,0.0,0.0,0.0,-0.7685197094448271
693,3,0.0,0.0,0.0,0.0,-0.08375
693,4,0.0,0.0,0.0,0.0,0.0
694,0,0.0,-0.00020985420876783623,0.0,0.0,-20.044770621483774
694,1,0.0,0.0,-0.0027590248520561003,0.0,-0.326591617736598
694,2,0.0,0.0,0.0,0.0,-0.7685197094448271
694,3,0.0,0.0,0.0,0.0,-0.08375
694,4,0.0,0.0,0.0,0.0,0.0
695,0,0.0,-0.00020985420876783623,0.0,0.0,-20.053831628429023
695,1,0.0,0.0,-0.0027590248520561003,0.0,-0.326591617736598
695,2,0.0,0.0,0.0,0.0,-0.7685197094448271
695,3,0.0,0.0,0.0,0.0,-0.08375
695,4,0.0,0.0,0.0,0.0,0.0
696,0,0.0,-0.00020985420876783623,0.0,0.0,-20.06537325433981
696,1,0.0,0.0,-0.0027590248520561003,0.0,-0.326591617736598
696,2,0.0,0.0,0.0,0.0,-0.7685197094448271
696,3,0.0,0.0,0.0,0.0,-0.08375
696,4,0.0,0.0,0.0,0.0,0.0
697,0,0.0,-0.00020985420876783623,0.0,0.0,-20.07688735351537
697,1,0.0,0.0,-0.0027590248520561003,0.0,-0.326591617736598
697,2,0.0,0.0,0.0,0.0,-0.7685197094448271
697,3,0.0,0.0,0.0,0.0,-0.08375
697,4,0.0,0.0,0.0,0.0,0.0
698,0,0.0,-0.00020985420876783623,0.0,0.0,-20.085874240538697
698,1,0.0,0.0,-0.0027590248520561003,0.0,-0.326591617736598
698,2,0.0,0.0,0.0,0.0,-0.7685197094448271
698,3,0.0,0.0,0.0,0.0,-0.08375
698,4,0.0,0.0,0.0,0.0,0.0
699,0,0.0,-0.00020985420876783623,0.0,0.0,-20.09484211617767
699,1,0.0,0.0,-0.0027590248520561003,0.0,-0.326591617736598
699,2,0.0,0.0,0.0,0.0,-0.7685197094448271
699,3,0.0,0.0,0.0,0.0,-0.08375
699,4,0.0,0.0,0.0,0.0,0.0
700,0,0.0,-0.00020985420876783623,0.0,0.0,-20.106290771873347
700,1,0.0,0.0,-0.0027590248520561003,0.0,-0.326591617736598
700,2,0.0,0.0,0.0,0.0,-0.7685197094448271
700,3,0.0,0.0,0.0,0.0,-0.08375
700,4,0.0,0.0,0.0,0.0,0.0
701,0,0.0,-0.00020985420876783623,0.0,0.0,-20.117712174334688
701,1,0.0,0.0,-0.0027590248520561003,0.0,-0.326591617736598
701,2,0.0,0.0,0.0,0.0,-0.7685197094448271
701,3,0.0,0.0,0.0,0.0,-0.08375
701,4,0.0,0.0,0.0,0.0,0.0
702,0,0.0,-0.00020985420876783623,0.0,0.0,-20.12910640703869
702,1,0.0,0.0,-0.0027590248520561003,0.0,-0.326591617736598
702,2,0.0,0.0,0.0,0.0,-0.7685197094448271
702,3,0.0,0.0,0.0,0.0,-0.08375
702,4,0.0,0.0,0.0,0.0,0.0
703,0,0.0,-0.00020985420876783623,0.0,0.0,-20.140473553169368
703,1,0.0,0.0,-0.0027590248520561003,0.0,-0.326591617736598
703,2,0.0,0.0,0.0,0.0,-0.7685197094448271
703,3,0.0,0.0,0.0,0.0,-0.08375
703,4,0.0,0.0,0.0,0.0,0.0
704,0,0.0,-0.00020985420876783623,0.0,0.0,-20.149314254534946
704,1,0.0,0.0,-0.0027590248520561003,0.0,-0.326591617736598
704,2,0.0,0.0,0.0,0.0,-0.7685197094448271
704,3,0.0,0.0,0.0,0.0,-0.08375
704,4,0.0,0.0,0.0,0.0,0.0
705,0,0.0,-0.00020985420876783623,0.0,0.0,-20.158136392429817
705,1,0.0,0.0,-0.0027590248520561003,0.0,-0.326591617736598
705,2,0.0,0.0,0.0,0.0,-0.7685197094448271
705,3,0.0,0.0,0.0,0.0,-0.08375
705,4,0.0,0.0,0.0,0.0,0.0
706,0,0.0,-0.00020985420876783623,0.0,0.0,-20.16694001853859
706,1,0.0,0.0,-0.0027590248520561003,0.0,-0.326591617736598
706,2,0.0,0.0,0.0,0.0,-0.7685197094448271
706,3,0.0,0.0,0.0,0.0,-0.08375
706,4,0.0,0.0,0.0,0.0,0.0
707,0,0.0,-0.00020985420876783623,0.0,0.0,-20.175725184368307
707,1,0.0,0.0,-0.0027590248520561003,0.0,-0.326591617736598
707,2,0.0,0.0,0.0,0.0,-0.7685197094448271
707,3,0.0,0.0,0.0,0.0,-0.08375
707,4,0.0,0.0,0.0,0.0,0.0
708,0,0.0,-0.00020985420876783623,0.0,0.0,-20.186991266584382
708,1,0.0,0.0,-0.0027590248520561003,0.0,-0.326591617736598
708,2,0.0,0.0,0.0,0.0,-0.7685197094448271
708,3,0.0,0.0,0.0,0.0,-0.08375
708,4,0.0,0.0,0.0,0.0,0.0
709,0,0.0,-0.00020985420876783623,0.0,0.0,-20.195731413671965
709,1,0.0,0.0,-0.0027590248520561003,0.0,-0.326591617736598
709,2,0.0,0.0,0.0,0.0,-0.7685197094448271
709,3,0.0,0.0,0.0,0.0,-0.08375
709,4,0.0,0.0,0.0,0.0,0.0
710,0,0.0,-0.00020985420876783623,0.0,0.0,-20.204453286379156
710,1,0.0,0.0,-0.0027590248520561003,0.0,-0.326591617736598
710,2,0.0,0.0,0.0,0.0,-0.7685197094448271
710,3,0.0,0.0,0.0,0.0,-0.08375
710,4,0.0,0.0,0.0,0.0,0.0
711,0,0.0,-0.00020985420876783623,0.0,0.0,-20.215656086055695
711,1,0.0,0.0,-0.0027590248520561003,0.0,-0.326591617736598
711,2,0.0,0.0,0.0,0.0,-0.7685197094448271
711,3,0.0,0.0,0.0,0.0,-0.08375
711,4,0.0,0.0,0.0,0.0,0.0
712,0,0.0,-0.00020985420876783623,0.0,0.0,-20.224333320899813
712,1,0.0,0.0,-0.0027590248520561003,0.0,-0.326591617736598
712,2,0.0,0.0,0.0,0.0,-0.7685197094448271
712,3,0.0,0.0,0.0,0.0,-0.08375
712,4,0.0,0.0,0.0,0.0,0.0
713,0,0.0,-0.00020985420876783623,0.0,0.0,-20.232992465088287
713,1,0.0,0.0,-0.0027590248520561003,0.0,-0.326591617736598
713,2,0.0,0.0,0.0,0.0,-0.7685197094448271
713,3,0.0,0.0,0.0,0.0,-0.08375
713,4,0.0,0.0,0.0,0.0,0.0
714,0,0.0,-0.00020985420876783623,0.0,0.0,-20.24163356864418
714,1,0.0,0.0,-0.0027590248520561003,0.0,-0.326591617736598
714,2,0.0,0.0,0.0,0.0,-0.7685197094448271
714,3,0.0,0.0,0.0,0.0,-0.08375
714,4,0.0,0.0,0.0,0.0,0.0
715,0,0.0,-0.00020985420876783623,0.0,0.0,-20.252755598947424
715,1,0.0,0.0,-0.0027590248520561003,0.0,-0.326591617736598
715,2,0.0,0.0,0.0,0.0,-0.7685197094448271
715,3,0.0,0.0,0.0,0.0,-0.08375
715,4,0.0,0.0,0.0,0.0,0.0
716,0,0.0,-0.00020985420876783623,0.0,0.0,-20.261352547641465
716,1,0.0,0.0,-0.0027590248520561003,0.0,-0.326591617736598
716,2,0.0,0.0,0.0,0.0,-0.7685197094448271
716,3,0.0,0.0,0.0,0.0,-0.08375
716,4,0.0,0.0,0.0,0.0,0.0
717,0,0.0,-0.00020985420876783623,0.0,0.0,-20.26993163921181
717,1,0.0,0.0,-0.0027590248520561003,0.0,-0.326591617736598
717,2,0.0,0.0,0.0,0.0,-0.7685197094448271
717,3,0.0,0.0,0.0,0.0,-0.08375
717,4,0.0,0.0,0.0,0.0,0.0
718,0,0.0,-0.00020985420876783623,0.0,0.0,-20.27849292329494
718,1,0.0,0.0,-0.0027590248520561003,0.0,-0.326591617736598
718,2,0.0,0.0,0.0,0.0,-0.7685197094448271
718,3,0.0,0.0,0.0,0.0,-0.08375
718,4,0.0,0.0,0.0,0.0,0.0
719,0,0.0,-0.00020985420876783623,0.0,0.0,-20.287036449352527
719,1,0.0,0.0,-0.0027590248520561003,0.0,-0.326591617736598
719,2,0.0,0.0,0.0,0.0,-0.7685197094448271
719,3,0.0,0.0,0.0,0.0,-0.08375
719,4,0.0,0.0,0.0,0.0,0.0
720,0,0.0,-0.00020985420876783623,0.0,0.0,-20.29806086426505
720,1,0.0,0.0,-0.0027590248520561003,0.0,-0.326591617736598
720,2,0.0,0.0,0.0,0.0,-0.7685197094448271
720,3,0.0,0.0,0.0,0.0,-0.08375
720,4,0.0,0.0,0.0,0.0,0.0
721,0,0.0,-0.00020985420876783623,0.0,0.0,-20.30656081993521
721,1,0.0,0.0,-0.0027590248520561003,0.0,-0.326591617736598
721,2,0.0,0.0,0.0,0.0,-0.7685197094448271
721,3,0.0,0.0,0.0,0.0,-0.08375
721,4,0.0,0.0,0.0,0.0,0.0
722,0,0.0,-0.00020985420876783623,0.0,0.0,-20.31754157480969
722,1,0.0,0.0,-0.0027590248520561003,0.0,-0.326591617736598
722,2,0.0,0.0,0.0,0.0,-0.7685197094448271
722,3,0.0,0.0,0.0,0.0,-0.08375
722,4,0.0,0.0,0.0,0.0,0.0
723,0,0.0,-0.00020985420876783623,0.0,0.0,-20.32599823448555
723,1,0.0,0.0,-0.0027590248520561003,0.0,-0.326591617736598
723,2,0.0,0.0,0.0,0.0,-0.7685197094448271
723,3,0.0,0.0,0.0,0.0,-0.08375
723,4,0.0,0.0,0.0,0.0,0.0
724,0,0.0,-0.00020985420876783623,0.0,0.0,-20.334437446028236
724,1,0.0,0.0,-0.0027590248520561003,0.0,-0.326591617736598
724,2,0.0,0.0,0.0,0.0,-0.7685197094448271
724,3,0.0,0.0,0.0,0.0,-0.08375
724,4,0.0,0.0,0.0,0.0,0.0
725,0,0.0,-0.00020985420876783623,0.0,0.0,-20.345357338925922
725,1,0.0,0.0,-0.0027590248520561003,0.0,-0.326591617736598
725,2,0.0,0.0,0.0,0.0,-0.7685197094448271
725,3,0.0,0.0,0.0,0.0,-0.08375
725,4,0.0,0.0,0.0,0.0,0.0
726,0,0.0,-0.00020985420876783623,0.0,0.0,-20.356251500823277
726,1,0.0,0.0,-0.0027590248520561003,0.0,-0.326591617736598
726,2,0.0,0.0,0.0,0.0,-0.7685197094448271
726,3,0.0,0.0,0.0,0.0,-0.08375
726,4,0.0,0.0,0.0,0.0,0.0
727,0,0.0,-0.00020985420876783623,0.0,0.0,-20.364622352687157
727,1,0.0,0.0,-0.0027590248520561003,0.0,-0.326591617736598
727,2,0.0,0.0,0.0,0.0,-0.7685197094448271
727,3,0.0,0.0,0.0,0.0,-0.08375
727,4,0.0,0.0,0.0,0.0,0.0
728,0,0.0,-0.00020985420876783623,0.0,0.0,-20.372976012489005
728,1,0.0,0.0,-0.0027590248520561003,0.0,-0.326591617736598
728,2,0.0,0.0,0.0,0.0,-0.7685197094448271
728,3,0.0,0.0,0.0,0.0,-0.08375
728,4,0.0,0.0,0.0,0.0,0.0
729,0,0.0,-0.00020985420876783623,0.0,0.0,-20.38381006119841
729,1,0.0,0.0,-0.0027590248520561003,0.0,-0.326591617736598
729,2,0.0,0.0,0.0,0.0,-0.7685197094448271
729,3,0.0,0.0,0.0,0.0,-0.08375
729,4,0.0,0.0,0.0,0.0,0.0
730,0,0.0,-0.00020985420876783623,0.0,0.0,-20.392121331111834
730,1,0.0,0.0,-0.0027590248520561003,0.0,-0.326591617736598
730,2,0.0,0.0,0.0,0.0,-0.7685197094448271
730,3,0.0,0.0,0.0,0.0,-0.08375
730,4,0.0,0.0,0.0,0.0,0.0
731,0,0.0,-0.00020985420876783623,0.0,0.0,-20.40291281398126
731,1,0.0,0.0,-0.0027590248520561003,0.0,-0.326591617736598
731,2,0.0,0.0,0.0,0.0,-0.7685197094448271
731,3,0.0,0.0,0.0,0.0,-0.08375
731,4,0.0,0.0,0.0,0.0,0.0
732,0,0.0,-0.00020985420876783623,0.0,0.0,-20.413678939169003
732,1,0.0,0.0,-0.0027590248520561003,0.0,-0.326591617736598
732,2,0.0,0.0,0.0,0.0,-0.7685197094448271
732,3,0.0,0.0,0.0,0.0,-0.08375
732,4,0.0,0.0,0.0,0.0,0.0
733,0,0.0,-0.00020985420876783623,0.0,0.0,-20.424419783806655
733,1,0.0,0.0,-0.0027590248520561003,0.0,-0.326591617736598
733,2,0.0,0.0,0.0,0.0,-0.7685197094448271
733,3,0.0,0.0,0.0,0.0,-0.08375
733,4,0.0,0.0,0.0,0.0,0.0
734,0,0.0,-0.00020985420876783623,0.0,0.0,-20.432638999445608
734,1,0.0,0.0,-0.0027590248520561003,0.0,-0.326591617736598
734,2,0.0,0.0,0.0,0.0,-0.7685197094448271
734,3,0.0,0.0,0.0,0.0,-0.08375
734,4,0.0,0.0,0.0,0.0,0.0
735,0,0.0,-0.00020985420876783623,0.0,0.0,-20.443337828315894
735,1,0.0,0.0,-0.0027590248520561003,0.0,-0.326591617736598
735,2,0.0,0.0,0.0,0.0,-0.7685197094448271
735,3,0.0,0.0,0.0,0.0,-0.08375
735,4,0.0,0.0,0.0,0.0,0.0
736,0,0.0,-0.00020985420876783623,0.0,0.0,-20.454011575258754
736,1,0.0,0.0,-0.0027590248520561003,0.0,-0.326591617736598
736,2,0.0,0.0,0.0,0.0,-0.7685197094448271
736,3,0.0,0.0,0.0,0.0,-0.08375
736,4,0.0,0.0,0.0,0.0,0.0
737,0,0.0,-0.00020985420876783623,0.0,0.0,-20.462164591622205
737,1,0.0,0.0,-0.0027590248520561003,0.0,-0.326591617736598
737,2,0.0,0.0,0.0,0.0,-0.7685197094448271
737,3,0.0,0.0,0.0,0.0,-0.08375
737,4,0.0,0.0,0.0,0.0,0.0
738,0,0.0,-0.00020985420876783623,0.0,0.0,-20.470301074973587
738,1,0.0,0.0,-0.0027590248520561003,0.0,-0.326591617736598
738,2,0.0,0.0,0.0,0.0,-0.7685197094448271
738,3,0.0,0.0,0.0,0.0,-0.08375
738,4,0.0,0.0,0.0,0.0,0.0
739,0,0.0,-0.00020985420876783623,0.0,0.0,-20.478421070312837
739,1,0.0,0.0,-0.0027590248520561003,0.0,-0.326591617736598
739,2,0.0,0.0,0.0,0.0,-0.7685197094448271
739,3,0.0,0.0,0.0,0.0,-0.08375
739,4,0.0,0.0,0.0,0.0,0.0
740,0,0.0,-0.00020985420876783623,0.0,0.0,-20.489020089008044
740,1,0.0,0.0,-0.0027590248520561003,0.0,-0.326591617736598
740,2,0.0,0.0,0.0,0.0,-0.7685197094448271
740,3,0.0,0.0,0.0,0.0,-0.08375
740,4,0.0,0.0,0.0,0.0,0.0
741,0,0.0,-0.00020985420876783623,0.0,0.0,-20.49709919016774
741,1,0.0,0.0,-0.0027590248520561003,0.0,-0.326591617736598
741,2,0.0,0.0,0.0,0.0,-0.7685197094448271
741,3,0.0,0.0,0.0,0.0,-0.08375
741,4,0.0,0.0,0.0,0.0,0.0
742,0,0.0,-0.00020985420876783623,0.0,0.0,-20.50516196938237
742,1,0.0,0.0,-0.0027590248520561003,0.0,-0.326591617736598
742,2,0.0,0.0,0.0,0.0,-0.7685197094448271
742,3,0.0,0.0,0.0,0.0,-0.08375
742,4,0.0,0.0,0.0,0.0,0.0
743,0,0.0,-0.00020985420876783623,0.0,0.0,-20.51320847087288
743,1,0.0,0.0,-0.0027590248520561003,0.0,-0.326591617736598
743,2,0.0,0.0,0.0,0.0,-0.7685197094448271
743,3,0.0,0.0,0.0,0.0,-0.08375
743,4,0.0,0.0,0.0,0.0,0.0
744,0,0.0,-0.00020985420876783623,0.0,0.0,-20.52123873870866
744,1,0.0,0.0,-0.0027590248520561003,0.0,-0.326591617736598
744,2,0.0,0.0,0.0,0.0,-0.7685197094448271
744,3,0.0,0.0,0.0,0.0,-0.08375
744,4,0.0,0.0,0.0,0.0,0.0
745,0,0.0,-0.00020985420876783623,0.0,0.0,-20.531747569386702
745,1,0.0,0.0,-0.0027590248520561003,0.0,-0.326591617736598
745,2,0.0,0.0,0.0,0.0,-0.7685197094448271
745,3,0.0,0.0,0.0,0.0,-0.08375
745,4,0.0,0.0,0.0,0.0,0.0
746,0,0.0,-0.00020985420876783623,0.0,0.0,-20.539737475869618
746,1,0.0,0.0,-0.0027590248520561003,0.0,-0.326591617736598
746,2,0.0,0.0,0.0,0.0,-0.7685197094448271
746,3,0.0,0.0,0.0,0.0,-0.08375
746,4,0.0,0.0,0.0,0.0,0.0
747,0,0.0,-0.00020985420876783623,0.0,0.0,-20.55020559224149
747,1,0.0,0.0,-0.0027590248520561003,0.0,-0.326591617736598
747,2,0.0,0.0,0.0,0.0,-0.7685197094448271
747,3,0.0,0.0,0.0,0.0,-0.08375
747,4,0.0,0.0,0.0,0.0,0.0
748,0,0.0,-0.00020985420876783623,0.0,0.0,-20.558155392653376
748,1,0.0,0.0,-0.0027590248520561003,0.0,-0.326591617736598
748,2,0.0,0.0,0.0,0.0,-0.7685197094448271
748,3,0.0,0.0,0.0,0.0,-0.08375
748,4,0.0,0.0,0.0,0.0,0.0
749,0,0.0,-0.00020985420876783623,0.0,0.0,-20.566089241658258
749,1,0.0,0.0,-0.0027590248520561003,0.0,-0.326591617736598
749,2,0.0,0.0,0.0,0.0,-0.7685197094448271
749,3,0.0,0.0,0.0,0.0,-0.08375
749,4,0.0,0.0,0.0,0.0,0.0
750,0,0.0,-0.00020985420876783623,0.0,0.0,-20.576500865405468
750,1,0.0,0.0,-0.0027590248520561003,0.0,-0.326591617736598
750,2,0.0,0.0,0.0,0.0,-0.7685197094448271
750,3,0.0,0.0,0.0,0.0,-0.08375
750,4,0.0,0.0,0.0,0.0,0.0
751,0,0.0,-0.00020985420876783623,0.0,0.0,-20.5843949575254
751,1,0.0,0.0,-0.0027590248520561003,0.0,-0.326591617736598
751,2,0.0,0.0,0.0,0.0,-0.7685197094448271
751,3,0.0,0.0,0.0,0.0,-0.08375
751,4,0.0,0.0,0.0,0.0,0.0
752,0,0.0,-0.00020985420876783623,0.0,0.0,-20.592273259820082
752,1,0.0,0.0,-0.0027590248520561003,0.0,-0.326591617736598
752,2,0.0,0.0,0.0,0.0,-0.7685197094448271
752,3,0.0,0.0,0.0,0.0,-0.08375
752,4,0.0,0.0,0.0,0.0,0.0
753,0,0.0,-0.00020985420876783623,0.0,0.0,-20.600135814970184
753,1,0.0,0.0,-0.0027590248520561003,0.0,-0.326591617736598
753,2,0.0,0.0,0.0,0.0,-0.7685197094448271
753,3,0.0,0.0,0.0,0.0,-0.08375
753,4,0.0,0.0,0.0,0.0,0.0
754,0,0.0,-0.00020985420876783623,0.0,0.0,-20.607982665507276
754,1,0.0,0.0,-0.0027590248520561003,0.0,-0.326591617736598
754,2,0.0,0.0,0.0,0.0,-0.7685197094448271
754,3,0.0,0.0,0.0,0.0,-0.08375
754,4,0.0,0.0,0.0,0.0,0.0
755,0,0.0,-0.00020985420876783623,0.0,0.0,-20.61830668048245
755,1,0.0,0.0,-0.0027590248520561003,0.0,-0.326591617736598
755,2,0.0,0.0,0.0,0.0,-0.7685197094448271
755,3,0.0,0.0,0.0,0.0,-0.08375
755,4,0.0,0.0,0.0,0.0,0.0
756,0,0.0,-0.00020985420876783623,0.0,0.0,-20.628606666694324
756,1,0.0,0.0,-0.0027590248520561003,0.0,-0.326591617736598
756,2,0.0,0.0,0.0,0.0,-0.7685197094448271
756,3,0.0,0.0,0.0,0.0,-0.08375
756,4,0.0,0.0,0.0,0.0,0.0
757,0,0.0,-0.00020985420876783623,0.0,0.0,-20.636390801637692
757,1,0.0,0.0,-0.0027590248520561003,0.0,-0.326591617736598
757,2,0.0,0.0,0.0,0.0,-0.7685197094448271
757,3,0.0,0.0,0.0,0.0,-0.08375
757,4,0.0,0.0,0.0,0.0,0.0
758,0,0.0,-0.00020985420876783623,0.0,0.0,-20.64415946378279
758,1,0.0,0.0,-0.0027590248520561003,0.0,-0.326591617736598
758,2,0.0,0.0,0.0,0.0,-0.7685197094448271
758,3,0.0,0.0,0.0,0.0,-0.08375
758,4,0.0,0.0,0.0,0.0,0.0
759,0,0.0,-0.00020985420876783623,0.0,0.0,-20.65191269460206
759,1,0.0,0.0,-0.0027590248520561003,0.0,-0.326591617736598
759,2,0.0,0.0,0.0,0.0,-0.7685197094448271
759,3,0.0,0.0,0.0,0.0,-0.08375
759,4,0.0,0.0,0.0,0.0,0.0
760,0,0.0,-0.00020985420876783623,0.0,0.0,-20.65965053542559
760,1,0.0,0.0,-0.0027590248520561003,0.0,-0.326591617736598
760,2,0.0,0.0,0.0,0.0,-0.7685197094448271
760,3,0.0,0.0,0.0,0.0,-0.08375
760,4,0.0,0.0,0.0,0.0,0.0
761,0,0.0,-0.00020985420876783623,0.0,0.0,-20.66986444676741
761,1,0.0,0.0,-0.0027590248520561003,0.0,-0.326591617736598
761,2,0.0,0.0,0.0,0.0,-0.7685197094448271
761,3,0.0,0.0,0.0,0.0,-0.08375
761,4,0.0,0.0,0.0,0.0,0.0
762,0,0.0,-0.00020985420876783623,0.0,0.0,-20.68005463848314
762,1,0.0,0.0,-0.0027590248520561003,0.0,-0.326591617736598
762,2,0.0,0.0,0.0,0.0,-0.7685197094448271
762,3,0.0,0.0,0.0,0.0,-0.08375
762,4,0.0,0.0,0.0,0.0,0.0
763,0,0.0,-0.00020985420876783623,0.0,0.0,-20.69022118228677
763,1,0.0,0.0,-0.0027590248520561003,0.0,-0.326591617736598
763,2,0.0,0.0,0.0,0.0,-0.7685197094448271
763,3,0.0,0.0,0.0,0.0,-0.08375
763,4,0.0,0.0,0.0,0.0,0.0
764,0,0.0,-0.00020985420876783623,0.0,0.0,-20.700364149642326
764,1,0.0,0.0,-0.0027590248520561003,0.0,-0.326591617736598
764,2,0.0,0.0,0.0,0.0,-0.7685197094448271
764,3,0.0,0.0,0.0,0.0,-0.08375
764,4,0.0,0.0,0.0,0.0,0.0
765,0,0.0,-0.00020985420876783623,0.0,0.0,-20.707994319196416
765,1,0.0,0.0,-0.0027590248520561003,0.0,-0.326591617736598
765,2,0.0,0.0,0.0,0.0,-0.7685197094448271
765,3,0.0,0.0,0.0,0.0,-0.08375
765,4,0.0,0.0,0.0,0.0,0.0
766,0,0.0,-0.00020985420876783623,0.0,0.0,-20.718098627590745
766,1,0.0,0.0,-0.0027590248520561003,0.0,-0.326591617736598
766,2,0.0,0.0,0.0,0.0,-0.7685197094448271
766,3,0.0,0.0,0.0,0.0,-0.08375
766,4,0.0,0.0,0.0,0.0,0.0
767,0,0.0,-0.00020985420876783623,0.0,0.0,-20.728179541447233
767,1,0.0,0.0,-0.0027590248520561003,0.0,-0.326591617736598
767,2,0.0,0.0,0.0,0.0,-0.7685197094448271
767,3,0.0,0.0,0.0,0.0,-0.08375
767,4,0.0,0.0,0.0,0.0,0.0
768,0,0.0,-0.00020985420876783623,0.0,0.0,-20.735749149123443
768,1,0.0,0.0,-0.0027590248520561003,0.0,-0.326591617736598
768,2,0.0,0.0,0.0,0.0,-0.7685197094448271
768,3,0.0,0.0,0.0,0.0,-0.08375
768,4,0.0,0.0,0.0,0.0,0.0
769,0,0.0,-0.00020985420876783623,0.0,0.0,-20.74330391804269
769,1,0.0,0.0,-0.0027590248520561003,0.0,-0.326591617736598
769,2,0.0,0.0,0.0,0.0,-0.7685197094448271
769,3,0.0,0.0,0.0,0.0,-0.08375
769,4,0.0,0.0,0.0,0.0,0.0
770,0,0.0,-0.00020985420876783623,0.0,0.0,-20.753331587736824
770,1,0.0,0.0,-0.0027590248520561003,0.0,-0.326591617736598
770,2,0.0,0.0,0.0,0.0,-0.7685197094448271
770,3,0.0,0.0,0.0,0.0,-0.08375
770,4,0.0,0.0,0.0,0.0,0.0
771,0,0.0,-0.00020985420876783623,0.0,0.0,-20.7608490081907
771,1,0.0,0.0,-0.0027590248520561003,0.0,-0.326591617736598
771,2,0.0,0.0,0.0,0.0,-0.7685197094448271
771,3,0.0,0.0,0.0,0.0,-0.08375
771,4,0.0,0.0,0.0,0.0,0.0
772,0,0.0,-0.00020985420876783623,0.0,0.0,-20.770838666808178
772,1,0.0,0.0,-0.0027590248520561003,0.0,-0.326591617736598
772,2,0.0,0.0,0.0,0.0,-0.7685197094448271
772,3,0.0,0.0,0.0,0.0,-0.08375
772,4,0.0,0.0,0.0,0.0,0.0
773,0,0.0,-0.00020985420876783623,0.0,0.0,-20.77831897926756
773,1,0.0,0.0,-0.0027590248520561003,0.0,-0.326591617736598
773,2,0.0,0.0,0.0,0.0,-0.7685197094448271
773,3,0.0,0.0,0.0,0.0,-0.08375
773,4,0.0,0.0,0.0,0.0,0.0
774,0,0.0,-0.00020985420876783623,0.0,0.0,-20.78827083973887
774,1,0.0,0.0,-0.0027590248520561003,0.0,-0.326591617736598
774,2,0.0,0.0,0.0,0.0,-0.7685197094448271
774,3,0.0,0.0,0.0,0.0,-0.08375
774,4,0.0,0.0,0.0,0.0,0.0
775,0,0.0,-0.00020985420876783623,0.0,0.0,-20.79571428237614
775,1,0.0,0.0,-0.0027590248520561003,0.0,-0.326591617736598
775,2,0.0,0.0,0.0,0.0,-0.7685197094448271
775,3,0.0,0.0,0.0,0.0,-0.08375
775,4,0.0,0.0,0.0,0.0,0.0
776,0,0.0,-0.00020985420876783623,0.0,0.0,-20.80314325016395
776,1,0.0,0.0,-0.0027590248520561003,0.0,-0.326591617736598
776,2,0.0,0.0,0.0,0.0,-0.7685197094448271
776,3,0.0,0.0,0.0,0.0,-0.08375
776,4,0.0,0.0,0.0,0.0,0.0
777,0,0.0,-0.00020985420876783623,0.0,0.0,-20.813042933444688
777,1,0.0,0.0,-0.0027590248520561003,0.0,-0.326591617736598
777,2,0.0,0.0,0.0,0.0,-0.7685197094448271
777,3,0.0,0.0,0.0,0.0,-0.08375
777,4,0.0,0.0,0.0,0.0,0.0
778,0,0.0,-0.00020985420876783623,0.0,0.0,-20.822919802740895
778,1,0.0,0.0,-0.0027590248520561003,0.0,-0.326591617736598
778,2,0.0,0.0,0.0,0.0,-0.7685197094448271
778,3,0.0,0.0,0.0,0.0,-0.08375
778,4,0.0,0.0,0.0,0.0,0.0
779,0,0.0,-0.00020985420876783623,0.0,0.0,-20.83029018555868
779,1,0.0,0.0,-0.0027590248520561003,0.0,-0.326591617736598
779,2,0.0,0.0,0.0,0.0,-0.7685197094448271
779,3,0.0,0.0,0.0,0.0,-0.08375
779,4,0.0,0.0,0.0,0.0,0.0
780,0,0.0,-0.00020985420876783623,0.0,0.0,-20.83764630465002
780,1,0.0,0.0,-0.0027590248520561003,0.0,-0.326591617736598
780,2,0.0,0.0,0.0,0.0,-0.7685197094448271
780,3,0.0,0.0,0.0,0.0,-0.08375
780,4,0.0,0.0,0.0,0.0,0.0
781,0,0.0,-0.00020985420876783623,0.0,0.0,-20.84498819722118
781,1,0.0,0.0,-0.0027590248520561003,0.0,-0.326591617736598
781,2,0.0,0.0,0.0,0.0,-0.7685197094448271
781,3,0.0,0.0,0.0,0.0,-0.08375
781,4,0.0,0.0,0.0,0.0,0.0
782,0,0.0,-0.00020985420876783623,0.0,0.0,-20.852315900354792
782,1,0.0,0.0,-0.0027590248520561003,0.0,-0.326591617736598
782,2,0.0,0.0,0.0,0.0,-0.7685197094448271
782,3,0.0,0.0,0.0,0.0,-0.08375
782,4,0.0,0.0,0.0,0.0,0.0
783,0,0.0,-0.00020985420876783623,0.0,0.0,-20.862112551589654
783,1,0.0,0.0,-0.0027590248520561003,0.0,-0.326591617736598
783,2,0.0,0.0,0.0,0.0,-0.7685197094448271
783,3,0.0,0.0,0.0,0.0,-0.08375
783,4,0.0,0.0,0.0,0.0,0.0
784,0,0.0,-0.00020985420876783623,0.0,0.0,-20.871886674615794
784,1,0.0,0.0,-0.0027590248520561003,0.0,-0.326591617736598
784,2,0.0,0.0,0.0,0.0,-0.7685197094448271
784,3,0.0,0.0,0.0,0.0,-0.08375
784,4,0.0,0.0,0.0,0.0,0.0
785,0,0.0,-0.00020985420876783623,0.0,0.0,-20.879156755019913
785,1,0.0,0.0,-0.0027590248520561003,0.0,-0.326591617736598
785,2,0.0,0.0,0.0,0.0,-0.7685197094448271
785,3,0.0,0.0,0.0,0.0,-0.08375
785,4,0.0,0.0,0.0,0.0,0.0
786,0,0.0,-0.00020985420876783623,0.0,0.0,-20.886412854613873
786,1,0.0,0.0,-0.0027590248520561003,0.0,-0.326591617736598
786,2,0.0,0.0,0.0,0.0,-0.7685197094448271
786,3,0.0,0.0,0.0,0.0,-0.08375
786,4,0.0,0.0,0.0,0.0,0.0
787,0,0.0,-0.00020985420876783623,0.0,0.0,-20.89613625420576
787,1,0.0,0.0,-0.0027590248520561003,0.0,-0.326591617736598
787,2,0.0,0.0,0.0,0.0,-0.7685197094448271
787,3,0.0,0.0,0.0,0.0,-0.08375
787,4,0.0,0.0,0.0,0.0,0.0
788,0,0.0,-0.00020985420876783623,0.0,0.0,-20.90583733364904
788,1,0.0,0.0,-0.0027590248520561003,0.0,-0.326591617736598
788,2,0.0,0.0,0.0,0.0,-0.7685197094448271
788,3,0.0,0.0,0.0,0.0,-0.08375
788,4,0.0,0.0,0.0,0.0,0.0
789,0,0.0,-0.00020985420876783623,0.0,0.0,-20.915516159995555
789,1,0.0,0.0,-0.0027590248520561003,0.0,-0.326591617736598
789,2,0.0,0.0,0.0,0.0,-0.7685197094448271
789,3,0.0,0.0,0.0,0.0,-0.08375
789,4,0.0,0.0,0.0,0.0,0.0
790,0,0.0,-0.00020985420876783623,0.0,0.0,-20.922694007463807
790,1,0.0,0.0,-0.0027590248520561003,0.0,-0.326591617736598
790,2,0.0,0.0,0.0,0.0,-0.7685197094448271
790,3,0.0,0.0,0.0,0.0,-0.08375
790,4,0.0,0.0,0.0,0.0,0.0
791,0,0.0,-0.00020985420876783623,0.0,0.0,-20.929858144007103
791,1,0.0,0.0,-0.0027590248520561003,0.0,-0.326591617736598
791,2,0.0,0.0,0.0,0.0,-0.7685197094448271
791,3,0.0,0.0,0.0,0.0,-0.08375
791,4,0.0,0.0,0.0,0.0,0.0
792,0,0.0,-0.00020985420876783623,0.0,0.0,-20.939487040183383
792,1,0.0,0.0,-0.0027590248520561003,0.0,-0.326591617736598
792,2,0.0,0.0,0.0,0.0,-0.7685197094448271
792,3,0.0,0.0,0.0,0.0,-0.08375
792,4,0.0,0.0,0.0,0.0,0.0
793,0,0.0,-0.00020985420876783623,0.0,0.0,-20.94661631607516
793,1,0.0,0.0,-0.0027590248520561003,0.0,-0.326591617736598
793,2,0.0,0.0,0.0,0.0,-0.7685197094448271
793,3,0.0,0.0,0.0,0.0,-0.08375
793,4,0.0,0.0,0.0,0.0,0.0
794,0,0.0,-0.00020985420876783623,0.0,0.0,-20.956209405789426
794,1,0.0,0.0,-0.0027590248520561003,0.0,-0.326591617736598
794,2,0.0,0.0,0.0,0.0,-0.7685197094448271
794,3,0.0,0.0,0.0,0.0,-0.08375
794,4,0.0,0.0,0.0,0.0,0.0
795,0,0.0,-0.00020985420876783623,0.0,0.0,-20.963304044381694
795,1,0.0,0.0,-0.0027590248520561003,0.0,-0.326591617736598
795,2,0.0,0.0,0.0,0.0,-0.7685197094448271
795,3,0.0,0.0,0.0,0.0,-0.08375
795,4,0.0,0.0,0.0,0.0,0.0
796,0,0.0,-0.00020985420876783623,0.0,0.0,-20.972861524886167
796,1,0.0,0.0,-0.0027590248520561003,0.0,-0.326591617736598
796,2,0.0,0.0,0.0,0.0,-0.7685197094448271
796,3,0.0,0.0,0.0,0.0,-0.08375
796,4,0.0,0.0,0.0,0.0,0.0
797,0,0.0,-0.00020985420876783623,0.0,0.0,-20.979921747392527
797,1,0.0,0.0,-0.0027590248520561003,0.0,-0.326591617736598
797,2,0.0,0.0,0.0,0.0,-0.7685197094448271
797,3,0.0,0.0,0.0,0.0,-0.08375
797,4,0.0,0.0,0.0,0.0,0.0
798,0,0.0,-0.00020985420876783623,0.0,0.0,-20.9869685906584
798,1,0.0,0.0,-0.0027590248520561003,0.0,-0.326591617736598
798,2,0.0,0.0,0.0,0.0,-0.7685197094448271
798,3,0.0,0.0,0.0,0.0,-0.08375
798,4,0.0,0.0,0.0,0.0,0.0
799,0,0.0,-0.00020985420876783623,0.0,0.0,-20.996477124702903
799,1,0.0,0.0,-0.0027590248520561003,0.0,-0.326591617736598
799,2,0.0,0.0,0.0,0.0,-0.7685197094448271
799,3,0.0,0.0,0.0,0.0,-0.08375
799,4,0.0,0.0,0.0,0.0,0.0
800,0,0.0,-0.00020985420876783623,0.0,0.0,-21.00596394668227
800,1,0.0,0.0,-0.0027590248520561003,0.0,-0.326591617736598
800,2,0.0,0.0,0.0,0.0,-0.7685197094448271
800,3,0.0,0.0,0.0,0.0,-0.08375
800,4,0.0,0.0,0.0,0.0,0.0
801,0,0.0,-0.00020985420876783623,0.0,0.0,-21.012955971389424
801,1,0.0,0.0,-0.0027590248520561003,0.0,-0.326591617736598
801,2,0.0,0.0,0.0,0.0,-0.7685197094448271
801,3,0.0,0.0,0.0,0.0,-0.08375
801,4,0.0,0.0,0.0,0.0,0.0
802,0,0.0,-0.00020985420876783623,0.0,0.0,-21.019934811237068
802,1,0.0,0.0,-0.0027590248520561003,0.0,-0.326591617736598
802,2,0.0,0.0,0.0,0.0,-0.7685197094448271
802,3,0.0,0.0,0.0,0.0,-0.08375
802,4,0.0,0.0,0.0,0.0,0.0
803,0,0.0,-0.00020985420876783623,0.0,0.0,-21.0269005000932
803,1,0.0,0.0,-0.0027590248520561003,0.0,-0.326591617736598
803,2,0.0,0.0,0.0,0.0,-0.7685197094448271
803,3,0.0,0.0,0.0,0.0,-0.08375
803,4,0.0,0.0,0.0,0.0,0.0
804,0,0.0,-0.00020985420876783623,0.0,0.0,-21.033853071711565
804,1,0.0,0.0,-0.0027590248520561003,0.0,-0.326591617736598
804,2,0.0,0.0,0.0,0.0,-0.7685197094448271
804,3,0.0,0.0,0.0,0.0,-0.08375
804,4,0.0,0.0,0.0,0.0,0.0
805,0,0.0,-0.00020985420876783623,0.0,0.0,-21.04326493012644
805,1,0.0,0.0,-0.0027590248520561003,0.0,-0.326591617736598
805,2,0.0,0.0,0.0,0.0,-0.7685197094448271
805,3,0.0,0.0,0.0,0.0,-0.08375
805,4,0.0,0.0,0.0,0.0,0.0
806,0,0.0,-0.00020985420876783623,0.0,0.0,-21.052655341589244
806,1,0.0,0.0,-0.0027590248520561003,0.0,-0.326591617736598
806,2,0.0,0.0,0.0,0.0,-0.7685197094448271
806,3,0.0,0.0,0.0,0.0,-0.08375
806,4,0.0,0.0,0.0,0.0,0.0
807,0,0.0,-0.00020985420876783623,0.0,0.0,-21.059554002974554
807,1,0.0,0.0,-0.0027590248520561003,0.0,-0.326591617736598
807,2,0.0,0.0,0.0,0.0,-0.7685197094448271
807,3,0.0,0.0,0.0,0.0,-0.08375
807,4,0.0,0.0,0.0,0.0,0.0
808,0,0.0,-0.00020985420876783623,0.0,0.0,-21.066439737689816
808,1,0.0,0.0,-0.0027590248520561003,0.0,-0.326591617736598
808,2,0.0,0.0,0.0,0.0,-0.7685197094448271
808,3,0.0,0.0,0.0,0.0,-0.08375
808,4,0.0,0.0,0.0,0.0,0.0
809,0,0.0,-0.00020985420876783623,0.0,0.0,-21.07578254191917
809,1,0.0,0.0,-0.0027590248520561003,0.0,-0.326591617736598
809,2,0.0,0.0,0.0,0.0,-0.7685197094448271
809,3,0.0,0.0,0.0,0.0,-0.08375
809,4,0.0,0.0,0.0,0.0,0.0
810,0,0.0,-0.00020985420876783623,0.0,0.0,-21.08510409359103
810,1,0.0,0.0,-0.0027590248520561003,0.0,-0.326591617736598
810,2,0.0,0.0,0.0,0.0,-0.7685197094448271
810,3,0.0,0.0,0.0,0.0,-0.08375
810,4,0.0,0.0,0.0,0.0,0.0
811,0,0.0,-0.00020985420876783623,0.0,0.0,-21.091936590172704
811,1,0.0,0.0,-0.0027590248520561003,0.0,-0.326591617736598
811,2,0.0,0.0,0.0,0.0,-0.7685197094448271
811,3,0.0,0.0,0.0,0.0,-0.08375
811,4,0.0,0.0,0.0,0.0,0.0
812,0,0.0,-0.00020985420876783623,0.0,0.0,-21.10122400579567
812,1,0.0,0.0,-0.0027590248520561003,0.0,-0.326591617736598
812,2,0.0,0.0,0.0,0.0,-0.7685197094448271
812,3,0.0,0.0,0.0,0.0,-0.08375
812,4,0.0,0.0,0.0,0.0,0.0
813,0,0.0,-0.00020985420876783623,0.0,0.0,-21.108023749718754
813,1,0.0,0.0,-0.0027590248520561003,0.0,-0.326591617736598
813,2,0.0,0.0,0.0,0.0,-0.7685197094448271
813,3,0.0,0.0,0.0,0.0,-0.08375
813,4,0.0,0.0,0.0,0.0,0.0
814,0,0.0,-0.00020985420876783623,0.0,0.0,-21.117277214735637
814,1,0.0,0.0,-0.0027590248520561003,0.0,-0.326591617736598
814,2,0.0,0.0,0.0,0.0,-0.7685197094448271
814,3,0.0,0.0,0.0,0.0,-0.08375
814,4,0.0,0.0,0.0,0.0,0.0
815,0,0.0,-0.00020985420876783623,0.0,0.0,-21.12650968195523
815,1,0.0,0.0,-0.0027590248520561003,0.0,-0.326591617736598
815,2,0.0,0.0,0.0,0.0,-0.7685197094448271
815,3,0.0,0.0,0.0,0.0,-0.08375
815,4,0.0,0.0,0.0,0.0,0.0
816,0,0.0,-0.00020985420876783623,0.0,0.0,-21.133257067435277
816,1,0.0,0.0,-0.0027590248520561003,0.0,-0.326591617736598
816,2,0.0,0.0,0.0,0.0,-0.7685197094448271
816,3,0.0,0.0,0.0,0.0,-0.08375
816,4,0.0,0.0,0.0,0.0,0.0
817,0,0.0,-0.00020985420876783623,0.0,0.0,-21.139991954356535
817,1,0.0,0.0,-0.0027590248520561003,0.0,-0.326591617736598
817,2,0.0,0.0,0.0,0.0,-0.7685197094448271
817,3,0.0,0.0,0.0,0.0,-0.08375
817,4,0.0,0.0,0.0,0.0,0.0
818,0,0.0,-0.00020985420876783623,0.0,0.0,-21.14917809433375
818,1,0.0,0.0,-0.0027590248520561003,0.0,-0.326591617736598
818,2,0.0,0.0,0.0,0.0,-0.7685197094448271
818,3,0.0,0.0,0.0,0.0,-0.08375
818,4,0.0,0.0,0.0,0.0,0.0
819,0,0.0,-0.00020985420876783623,0.0,0.0,-21.158343425246322
819,1,0.0,0.0,-0.0027590248520561003,0.0,-0.326591617736598
819,2,0.0,0.0,0.0,0.0,-0.7685197094448271
819,3,0.0,0.0,0.0,0.0,-0.08375
819,4,0.0,0.0,0.0,0.0,0.0
820,0,0.0,-0.00020985420876783623,0.0,0.0,-21.165026600177743
820,1,0.0,0.0,-0.0027590248520561003,0.0,-0.326591617736598
820,2,0.0,0.0,0.0,0.0,-0.7685197094448271
820,3,0.0,0.0,0.0,0.0,-0.08375
820,4,0.0,0.0,0.0,0.0,0.0
821,0,0.0,-0.00020985420876783623,0.0,0.0,-21.171697456355503
821,1,0.0,0.0,-0.0027590248520561003,0.0,-0.326591617736598
821,2,0.0,0.0,0.0,0.0,-0.7685197094448271
821,3,0.0,0.0,0.0,0.0,-0.08375
821,4,0.0,0.0,0.0,0.0,0.0
822,0,0.0,-0.00020985420876783623,0.0,0.0,-21.180816996814045
822,1,0.0,0.0,-0.0027590248520561003,0.0,-0.326591617736598
822,2,0.0,0.0,0.0,0.0,-0.7685197094448271
822,3,0.0,0.0,0.0,0.0,-0.08375
822,4,0.0,0.0,0.0,0.0,0.0
823,0,0.0,-0.00020985420876783623,0.0,0.0,-21.187456137126112
823,1,0.0,0.0,-0.0027590248520561003,0.0,-0.326591617736598
823,2,0.0,0.0,0.0,0.0,-0.7685197094448271
823,3,0.0,0.0,0.0,0.0,-0.08375
823,4,0.0,0.0,0.0,0.0,0.0
824,0,0.0,-0.00020985420876783623,0.0,0.0,-21.196542634313627
824,1,0.0,0.0,-0.0027590248520561003,0.0,-0.326591617736598
824,2,0.0,0.0,0.0,0.0,-0.7685197094448271
824,3,0.0,0.0,0.0,0.0,-0.08375
824,4,0.0,0.0,0.0,0.0,0.0
825,0,0.0,-0.00020985420876783623,0.0,0.0,-21.203150263548707
825,1,0.0,0.0,-0.0027590248520561003,0.0,-0.326591617736598
825,2,0.0,0.0,0.0,0.0,-0.7685197094448271
825,3,0.0,0.0,0.0,0.0,-0.08375
825,4,0.0,0.0,0.0,0.0,0.0
826,0,0.0,-0.00020985420876783623,0.0,0.0,-21.209745781370724
826,1,0.0,0.0,-0.0027590248520561003,0.0,-0.326591617736598
826,2,0.0,0.0,0.0,0.0,-0.7685197094448271
826,3,0.0,0.0,0.0,0.0,-0.08375
826,4,0.0,0.0,0.0,0.0,0.0
827,0,0.0,-0.00020985420876783623,0.0,0.0,-21.2187871073048
827,1,0.0,0.0,-0.0027590248520561003,0.0,-0.326591617736598
827,2,0.0,0.0,0.0,0.0,-0.7685197094448271
827,3,0.0,0.0,0.0,0.0,-0.08375
827,4,0.0,0.0,0.0,0.0,0.0
828,0,0.0,-0.00020985420876783623,0.0,0.0,-21.22780802527223
828,1,0.0,0.0,-0.0027590248520561003,0.0,-0.326591617736598
828,2,0.0,0.0,0.0,0.0,-0.7685197094448271
828,3,0.0,0.0,0.0,0.0,-0.08375
828,4,0.0,0.0,0.0,0.0,0.0
829,0,0.0,-0.00020985420876783623,0.0,0.0,-21.234353217030822
829,1,0.0,0.0,-0.0027590248520561003,0.0,-0.326591617736598
829,2,0.0,0.0,0.0,0.0,-0.7685197094448271
829,3,0.0,0.0,0.0,0.0,-0.08375
829,4,0.0,0.0,0.0,0.0,0.0
830,0,0.0,-0.00020985420876783623,0.0,0.0,-21.2433416211804
830,1,0.0,0.0,-0.0027590248520561003,0.0,-0.326591617736598
830,2,0.0,0.0,0.0,0.0,-0.7685197094448271
830,3,0.0,0.0,0.0,0.0,-0.08375
830,4,0.0,0.0,0.0,0.0,0.0
831,0,0.0,-0.00020985420876783623,0.0,0.0,-21.249855904444633
831,1,0.0,0.0,-0.0027590248520561003,0.0,-0.326591617736598
831,2,0.0,0.0,0.0,0.0,-0.7685197094448271
831,3,0.0,0.0,0.0,0.0,-0.08375
831,4,0.0,0.0,0.0,0.0,0.0
832,0,0.0,-0.00020985420876783623,0.0,0.0,-21.25635833418219
832,1,0.0,0.0,-0.0027590248520561003,0.0,-0.326591617736598
832,2,0.0,0.0,0.0,0.0,-0.7685197094448271
832,3,0.0,0.0,0.0,0.0,-0.08375
832,4,0.0,0.0,0.0,0.0,0.0
833,0,0.0,-0.00020985420876783623,0.0,0.0,-21.26530234390317
833,1,0.0,0.0,-0.0027590248520561003,0.0,-0.326591617736598
833,2,0.0,0.0,0.0,0.0,-0.7685197094448271
833,3,0.0,0.0,0.0,0.0,-0.08375
833,4,0.0,0.0,0.0,0.0,0.0
834,0,0.0,-0.00020985420876783623,0.0,0.0,-21.271774124935238
834,1,0.0,0.0,-0.0027590248520561003,0.0,-0.326591617736598
834,2,0.0,0.0,0.0,0.0,-0.7685197094448271
834,3,0.0,0.0,0.0,0.0,-0.08375
834,4,0.0,0.0,0.0,0.0,0.0
835,0,0.0,-0.00020985420876783623,0.0,0.0,-21.27823416563275
835,1,0.0,0.0,-0.0027590248520561003,0.0,-0.326591617736598
835,2,0.0,0.0,0.0,0.0,-0.7685197094448271
835,3,0.0,0.0,0.0,0.0,-0.08375
835,4,0.0,0.0,0.0,0.0,0.0
836,0,0.0,-0.00020985420876783623,0.0,0.0,-21.2846824948239
836,1,0.0,0.0,-0.0027590248520561003,0.0,-0.326591617736598
836,2,0.0,0.0,0.0,0.0,-0.7685197094448271
836,3,0.0,0.0,0.0,0.0,-0.08375
836,4,0.0,0.0,0.0,0.0,0.0
837,0,0.0,-0.00020985420876783623,0.0,0.0,-21.29111914124596
837,1,0.0,0.0,-0.0027590248520561003,0.0,-0.326591617736598
837,2,0.0,0.0,0.0,0.0,-0.7685197094448271
837,3,0.0,0.0,0.0,0.0,-0.08375
837,4,0.0,0.0,0.0,0.0,0.0
838,0,0.0,-0.00020985420876783623,0.0,0.0,-21.297544133545742
838,1,0.0,0.0,-0.0027590248520561003,0.0,-0.326591617736598
838,2,0.0,0.0,0.0,0.0,-0.7685197094448271
838,3,0.0,0.0,0.0,0.0,-0.08375
838,4,0.0,0.0,0.0,0.0,0.0
839,0,0.0,-0.00020985420876783623,0.0,0.0,-21.306408429472885
839,1,0.0,0.0,-0.0027590248520561003,0.0,-0.326591617736598
839,2,0.0,0.0,0.0,0.0,-0.7685197094448271
839,3,0.0,0.0,0.0,0.0,-0.08375
839,4,0.0,0.0,0.0,0.0,0.0
840,0,0.0,-0.00020985420876783623,0.0,0.0,-21.31525279527619
840,1,0.0,0.0,-0.0027590248520561003,0.0,-0.326591617736598
840,2,0.0,0.0,0.0,0.0,-0.7685197094448271
840,3,0.0,0.0,0.0,0.0,-0.08375
840,4,0.0,0.0,0.0,0.0,0.0
841,0,0.0,-0.00020985420876783623,0.0,0.0,-21.32407729018836
841,1,0.0,0.0,-0.0027590248520561003,0.0,-0.326591617736598
841,2,0.0,0.0,0.0,0.0,-0.7685197094448271
841,3,0.0,0.0,0.0,0.0,-0.08375
841,4,0.0,0.0,0.0,0.0,0.0
842,0,0.0,-0.00020985420876783623,0.0,0.0,-21.330435147372295
842,1,0.0,0.0,-0.0027590248520561003,0.0,-0.326591617736598
842,2,0.0,0.0,0.0,0.0,-0.7685197094448271
842,3,0.0,0.0,0.0,0.0,-0.08375
842,4,0.0,0.0,0.0,0.0,0.0
843,0,0.0,-0.00020985420876783623,0.0,0.0,-21.339228157565756
843,1,0.0,0.0,-0.0027590248520561003,0.0,-0.326591617736598
843,2,0.0,0.0,0.0,0.0,-0.7685197094448271
843,3,0.0,0.0,0.0,0.0,-0.08375
843,4,0.0,0.0,0.0,0.0,0.0
844,0,0.0,-0.00020985420876783623,0.0,0.0,-21.348001443297086
844,1,0.0,0.0,-0.0027590248520561003,0.0,-0.326591617736598
844,2,0.0,0.0,0.0,0.0,-0.7685197094448271
844,3,0.0,0.0,0.0,0.0,-0.08375
844,4,0.0,0.0,0.0,0.0,0.0
845,0,0.0,-0.00020985420876783623,0.0,0.0,-21.356755063104398
845,1,0.0,0.0,-0.0027590248520561003,0.0,-0.326591617736598
845,2,0.0,0.0,0.0,0.0,-0.7685197094448271
845,3,0.0,0.0,0.0,0.0,-0.08375
845,4,0.0,0.0,0.0,0.0,0.0
846,0,0.0,-0.00020985420876783623,0.0,0.0,-21.365489075323776
846,1,0.0,0.0,-0.0027590248520561003,0.0,-0.326591617736598
846,2,0.0,0.0,0.0,0.0,-0.7685197094448271
846,3,0.0,0.0,0.0,0.0,-0.08375
846,4,0.0,0.0,0.0,0.0,0.0
847,0,0.0,-0.00020985420876783623,0.0,0.0,-21.37420353809004
847,1,0.0,0.0,-0.0027590248520561003,0.0,-0.326591617736598
847,2,0.0,0.0,0.0,0.0,-0.7685197094448271
847,3,0.0,0.0,0.0,0.0,-0.08375
847,4,0.0,0.0,0.0,0.0,0.0
848,0,0.0,-0.00020985420876783623,0.0,0.0,-21.382898509337462
848,1,0.0,0.0,-0.0027590248520561003,0.0,-0.326591617736598
848,2,0.0,0.0,0.0,0.0,-0.7685197094448271
848,3,0.0,0.0,0.0,0.0,-0.08375
848,4,0.0,0.0,0.0,0.0,0.0
849,0,0.0,-0.00020985420876783623,0.0,0.0,-21.38913619772778
849,1,0.0,0.0,-0.0027590248520561003,0.0,-0.326591617736598
849,2,0.0,0.0,0.0,0.0,-0.7685197094448271
849,3,0.0,0.0,0.0,0.0,-0.08375
849,4,0.0,0.0,0.0,0.0,0.0
850,0,0.0,-0.00020985420876783623,0.0,0.0,-21.397800397365756
850,1,0.0,0.0,-0.0027590248520561003,0.0,-0.326591617736598
850,2,0.0,0.0,0.0,0.0,-0.7685197094448271
850,3,0.0,0.0,0.0,0.0,-0.08375
850,4,0.0,0.0,0.0,0.0,0.0
851,0,0.0,-0.00020985420876783623,0.0,0.0,-21.404009166647956
851,1,0.0,0.0,-0.0027590248520561003,0.0,-0.326591617736598
851,2,0.0,0.0,0.0,0.0,-0.7685197094448271
851,3,0.0,0.0,0.0,0.0,-0.08375
851,4,0.0,0.0,0.0,0.0,0.0
852,0,0.0,-0.00020985420876783623,0.0,0.0,-21.41020692096256
852,1,0.0,0.0,-0.0027590248520561003,0.0,-0.326591617736598
852,2,0.0,0.0,0.0,0.0,-0.7685197094448271
852,3,0.0,0.0,0.0,0.0,-0.08375
852,4,0.0,0.0,0.0,0.0,0.0
853,0,0.0,-0.00020985420876783623,0.0,0.0,-21.418829275429545
853,1,0.0,0.0,-0.0027590248520561003,0.0,-0.326591617736598
853,2,0.0,0.0,0.0,0.0,-0.7685197094448271
853,3,0.0,0.0,0.0,0.0,-0.08375
853,4,0.0,0.0,0.0,0.0,0.0
854,0,0.0,-0.00020985420876783623,0.0,0.0,-21.424998350340307
854,1,0.0,0.0,-0.0027590248520561003,0.0,-0.326591617736598
854,2,0.0,0.0,0.0,0.0,-0.7685197094448271
854,3,0.0,0.0,0.0,0.0,-0.08375
854,4,0.0,0.0,0.0,0.0,0.0
855,0,0.0,-0.00020985420876783623,0.0,0.0,-21.43359030836933
855,1,0.0,0.0,-0.0027590248520561003,0.0,-0.326591617736598
855,2,0.0,0.0,0.0,0.0,-0.7685197094448271
855,3,0.0,0.0,0.0,0.0,-0.08375
855,4,0.0,0.0,0.0,0.0,0.0
856,0,0.0,-0.00020985420876783623,0.0,0.0,-21.44216311316501
856,1,0.0,0.0,-0.0027590248520561003,0.0,-0.326591617736598
856,2,0.0,0.0,0.0,0.0,-0.7685197094448271
856,3,0.0,0.0,0.0,0.0,-0.08375
856,4,0.0,0.0,0.0,0.0,0.0
857,0,0.0,-0.00020985420876783623,0.0,0.0,-21.44828617537661
857,1,0.0,0.0,-0.0027590248520561003,0.0,-0.326591617736598
857,2,0.0,0.0,0.0,0.0,-0.7685197094448271
857,3,0.0,0.0,0.0,0.0,-0.08375
857,4,0.0,0.0,0.0,0.0,0.0
858,0,0.0,-0.00020985420876783623,0.0,0.0,-21.454398451619337
858,1,0.0,0.0,-0.0027590248520561003,0.0,-0.326591617736598
858,2,0.0,0.0,0.0,0.0,-0.7685197094448271
858,3,0.0,0.0,0.0,0.0,-0.08375
858,4,0.0,0.0,0.0,0.0,0.0
859,0,0.0,-0.00020985420876783623,0.0,0.0,-21.46293011507643
859,1,0.0,0.0,-0.0027590248520561003,0.0,-0.326591617736598
859,2,0.0,0.0,0.0,0.0,-0.7685197094448271
859,3,0.0,0.0,0.0,0.0,-0.08375
859,4,0.0,0.0,0.0,0.0,0.0
860,0,0.0,-0.00020985420876783623,0.0,0.0,-21.46901425388088
860,1,0.0,0.0,-0.0027590248520561003,0.0,-0.326591617736598
860,2,0.0,0.0,0.0,0.0,-0.7685197094448271
860,3,0.0,0.0,0.0,0.0,-0.08375
860,4,0.0,0.0,0.0,0.0,0.0
861,0,0.0,-0.00020985420876783623,0.0,0.0,-21.4775159945144
861,1,0.0,0.0,-0.0027590248520561003,0.0,-0.326591617736598
861,2,0.0,0.0,0.0,0.0,-0.7685197094448271
861,3,0.0,0.0,0.0,0.0,-0.08375
861,4,0.0,0.0,0.0,0.0,0.0
862,0,0.0,-0.00020985420876783623,0.0,0.0,-21.48599883034152
862,1,0.0,0.0,-0.0027590248520561003,0.0,-0.326591617736598
862,2,0.0,0.0,0.0,0.0,-0.7685197094448271
862,3,0.0,0.0,0.0,0.0,-0.08375
862,4,0.0,0.0,0.0,0.0,0.0
863,0,0.0,-0.00020985420876783623,0.0,0.0,-21.49203781241062
863,1,0.0,0.0,-0.0027590248520561003,0.0,-0.326591617736598
863,2,0.0,0.0,0.0,0.0,-0.7685197094448271
863,3,0.0,0.0,0.0,0.0,-0.08375
863,4,0.0,0.0,0.0,0.0,0.0
864,0,0.0,-0.00020985420876783623,0.0,0.0,-21.500490984963136
864,1,0.0,0.0,-0.0027590248520561003,0.0,-0.326591617736598
864,2,0.0,0.0,0.0,0.0,-0.7685197094448271
864,3,0.0,0.0,0.0,0.0,-0.08375
864,4,0.0,0.0,0.0,0.0,0.0
865,0,0.0,-0.00020985420876783623,0.0,0.0,-21.508925390025574
865,1,0.0,0.0,-0.0027590248520561003,0.0,-0.326591617736598
865,2,0.0,0.0,0.0,0.0,-0.7685197094448271
865,3,0.0,0.0,0.0,0.0,-0.08375
865,4,0.0,0.0,0.0,0.0,0.0
866,0,0.0,-0.00020985420876783623,0.0,0.0,-21.514919690451958
866,1,0.0,0.0,-0.0027590248520561003,0.0,-0.326591617736598
866,2,0.0,0.0,0.0,0.0,-0.7685197094448271
866,3,0.0,0.0,0.0,0.0,-0.08375
866,4,0.0,0.0,0.0,0.0,0.0
867,0,0.0,-0.00020985420876783623,0.0,0.0,-21.520903550911708
867,1,0.0,0.0,-0.0027590248520561003,0.0,-0.326591617736598
867,2,0.0,0.0,0.0,0.0,-0.7685197094448271
867,3,0.0,0.0,0.0,0.0,-0.08375
867,4,0.0,0.0,0.0,0.0,0.0
868,0,0.0,-0.00020985420876783623,0.0,0.0,-21.529297879110644
868,1,0.0,0.0,-0.0027590248520561003,0.0,-0.326591617736598
868,2,0.0,0.0,0.0,0.0,-0.7685197094448271
868,3,0.0,0.0,0.0,0.0,-0.08375
868,4,0.0,0.0,0.0,0.0,0.0
869,0,0.0,-0.00020985420876783623,0.0,0.0,-21.53525443034523
869,1,0.0,0.0,-0.0027590248520561003,0.0,-0.326591617736598
869,2,0.0,0.0,0.0,0.0,-0.7685197094448271
869,3,0.0,0.0,0.0,0.0,-0.08375
869,4,0.0,0.0,0.0,0.0,0.0
870,0,0.0,-0.00020985420876783623,0.0,0.0,-21.54120063815199
870,1,0.0,0.0,-0.0027590248520561003,0.0,-0.326591617736598
870,2,0.0,0.0,0.0,0.0,-0.7685197094448271
870,3,0.0,0.0,0.0,0.0,-0.08375
870,4,0.0,0.0,0.0,0.0,0.0
871,0,0.0,-0.00020985420876783623,0.0,0.0,-21.547136526882603
871,1,0.0,0.0,-0.0027590248520561003,0.0,-0.326591617736598
871,2,0.0,0.0,0.0,0.0,-0.7685197094448271
871,3,0.0,0.0,0.0,0.0,-0.08375
871,4,0.0,0.0,0.0,0.0,0.0
872,0,0.0,-0.00020985420876783623,0.0,0.0,-21.55306212081477
872,1,0.0,0.0,-0.0027590248520561003,0.0,-0.326591617736598
872,2,0.0,0.0,0.0,0.0,-0.7685197094448271
872,3,0.0,0.0,0.0,0.0,-0.08375
872,4,0.0,0.0,0.0,0.0,0.0
873,0,0.0,-0.00020985420876783623,0.0,0.0,-21.558977444152507
873,1,0.0,0.0,-0.0027590248520561003,0.0,-0.326591617736598
873,2,0.0,0.0,0.0,0.0,-0.7685197094448271
873,3,0.0,0.0,0.0,0.0,-0.08375
873,4,0.0,0.0,0.0,0.0,0.0
874,0,0.0,-0.00020985420876783623,0.0,0.0,-21.567300411205576
874,1,0.0,0.0,-0.0027590248520561003,0.0,-0.326591617736598
874,2,0.0,0.0,0.0,0.0,-0.7685197094448271
874,3,0.0,0.0,0.0,0.0,-0.08375
874,4,0.0,0.0,0.0,0.0,0.0
875,0,0.0,-0.00020985420876783623,0.0,0.0,-21.573188807760207
875,1,0.0,0.0,-0.0027590248520561003,0.0,-0.326591617736598
875,2,0.0,0.0,0.0,0.0,-0.7685197094448271
875,3,0.0,0.0,0.0,0.0,-0.08375
875,4,0.0,0.0,0.0,0.0,0.0
876,0,0.0,-0.00020985420876783623,0.0,0.0,-21.58148291581035
876,1,0.0,0.0,-0.0027590248520561003,0.0,-0.326591617736598
876,2,0.0,0.0,0.0,0.0,-0.7685197094448271
876,3,0.0,0.0,0.0,0.0,-0.08375
876,4,0.0,0.0,0.0,0.0,0.0
877,0,0.0,-0.00020985420876783623,0.0,0.0,-21.589758677027653
877,1,0.0,0.0,-0.0027590248520561003,0.0,-0.326591617736598
877,2,0.0,0.0,0.0,0.0,-0.7685197094448271
877,3,0.0,0.0,0.0,0.0,-0.08375
877,4,0.0,0.0,0.0,0.0,0.0
878,0,0.0,-0.00020985420876783623,0.0,0.0,-21.595603802837623
878,1,0.0,0.0,-0.0027590248520561003,0.0,-0.326591617736598
878,2,0.0,0.0,0.0,0.0,-0.7685197094448271
878,3,0.0,0.0,0.0,0.0,-0.08375
878,4,0.0,0.0,0.0,0.0,0.0
879,0,0.0,-0.00020985420876783623,0.0,0.0,-21.60385095327008
879,1,0.0,0.0,-0.0027590248520561003,0.0,-0.326591617736598
879,2,0.0,0.0,0.0,0.0,-0.7685197094448271
879,3,0.0,0.0,0.0,0.0,-0.08375
879,4,0.0,0.0,0.0,0.0,0.0
880,0,0.0,-0.00020985420876783623,0.0,0.0,-21.612079889129255
880,1,0.0,0.0,-0.0027590248520561003,0.0,-0.326591617736598
880,2,0.0,0.0,0.0,0.0,-0.7685197094448271
880,3,0.0,0.0,0.0,0.0,-0.08375
880,4,0.0,0.0,0.0,0.0,0.0
881,0,0.0,-0.00020985420876783623,0.0,0.0,-21.617882196075108
881,1,0.0,0.0,-0.0027590248520561003,0.0,-0.326591617736598
881,2,0.0,0.0,0.0,0.0,-0.7685197094448271
881,3,0.0,0.0,0.0,0.0,-0.08375
881,4,0.0,0.0,0.0,0.0,0.0
882,0,0.0,-0.00020985420876783623,0.0,0.0,-21.623674557310363
882,1,0.0,0.0,-0.0027590248520561003,0.0,-0.326591617736598
882,2,0.0,0.0,0.0,0.0,-0.7685197094448271
882,3,0.0,0.0,0.0,0.0,-0.08375
882,4,0.0,0.0,0.0,0.0,0.0
883,0,0.0,-0.00020985420876783623,0.0,0.0,-21.62945699609879
883,1,0.0,0.0,-0.0027590248520561003,0.0,-0.326591617736598
883,2,0.0,0.0,0.0,0.0,-0.7685197094448271
883,3,0.0,0.0,0.0,0.0,-0.08375
883,4,0.0,0.0,0.0,0.0,0.0
884,0,0.0,-0.00020985420876783623,0.0,0.0,-21.635229535632547
884,1,0.0,0.0,-0.0027590248520561003,0.0,-0.326591617736598
884,2,0.0,0.0,0.0,0.0,-0.7685197094448271
884,3,0.0,0.0,0.0,0.0,-0.08375
884,4,0.0,0.0,0.0,0.0,0.0
885,0,0.0,-0.00020985420876783623,0.0,0.0,-21.64099219903255
885,1,0.0,0.0,-0.0027590248520561003,0.0,-0.326591617736598
885,2,0.0,0.0,0.0,0.0,-0.7685197094448271
885,3,0.0,0.0,0.0,0.0,-0.08375
885,4,0.0,0.0,0.0,0.0,0.0
886,0,0.0,-0.00020985420876783623,0.0,0.0,-21.649152179867155
886,1,0.0,0.0,-0.0027590248520561003,0.0,-0.326591617736598
886,2,0.0,0.0,0.0,0.0,-0.7685197094448271
886,3,0.0,0.0,0.0,0.0,-0.08375
886,4,0.0,0.0,0.0,0.0,0.0
887,0,0.0,-0.00020985420876783623,0.0,0.0,-21.654888855094217
887,1,0.0,0.0,-0.0027590248520561003,0.0,-0.326591617736598
887,2,0.0,0.0,0.0,0.0,-0.7685197094448271
887,3,0.0,0.0,0.0,0.0,-0.08375
887,4,0.0,0.0,0.0,0.0,0.0
888,0,0.0,-0.00020985420876783623,0.0,0.0,-21.66302080143649
888,1,0.0,0.0,-0.0027590248520561003,0.0,-0.326591617736598
888,2,0.0,0.0,0.0,0.0,-0.7685197094448271
888,3,0.0,0.0,0.0,0.0,-0.08375
888,4,0.0,0.0,0.0,0.0,0.0
889,0,0.0,-0.00020985420876783623,0.0,0.0,-21.668731652745553
889,1,0.0,0.0,-0.0027590248520561003,0.0,-0.326591617736598
889,2,0.0,0.0,0.0,0.0,-0.7685197094448271
889,3,0.0,0.0,0.0,0.0,-0.08375
889,4,0.0,0.0,0.0,0.0,0.0
890,0,0.0,-0.00020985420876783623,0.0,0.0,-21.676835707514872
890,1,0.0,0.0,-0.0027590248520561003,0.0,-0.326591617736598
890,2,0.0,0.0,0.0,0.0,-0.7685197094448271
890,3,0.0,0.0,0.0,0.0,-0.08375
890,4,0.0,0.0,0.0,0.0,0.0
891,0,0.0,-0.00020985420876783623,0.0,0.0,-21.682520897563176
891,1,0.0,0.0,-0.0027590248520561003,0.0,-0.326591617736598
891,2,0.0,0.0,0.0,0.0,-0.7685197094448271
891,3,0.0,0.0,0.0,0.0,-0.08375
891,4,0.0,0.0,0.0,0.0,0.0
892,0,0.0,-0.00020985420876783623,0.0,0.0,-21.688196435407573
892,1,0.0,0.0,-0.0027590248520561003,0.0,-0.326591617736598
892,2,0.0,0.0,0.0,0.0,-0.7685197094448271
892,3,0.0,0.0,0.0,0.0,-0.08375
892,4,0.0,0.0,0.0,0.0,0.0
893,0,0.0,-0.00020985420876783623,0.0,0.0,-21.696262848559464
893,1,0.0,0.0,-0.0027590248520561003,0.0,-0.326591617736598
893,2,0.0,0.0,0.0,0.0,-0.7685197094448271
893,3,0.0,0.0,0.0,0.0,-0.08375
893,4,0.0,0.0,0.0,0.0,0.0
894,0,0.0,-0.00020985420876783623,0.0,0.0,-21.70431152470491
894,1,0.0,0.0,-0.0027590248520561003,0.0,-0.326591617736598
894,2,0.0,0.0,0.0,0.0,-0.7685197094448271
894,3,0.0,0.0,0.0,0.0,-0.08375
894,4,0.0,0.0,0.0,0.0,0.0
895,0,0.0,-0.00020985420876783623,0.0,0.0,-21.709945857093008
895,1,0.0,0.0,-0.0027590248520561003,0.0,-0.326591617736598
895,2,0.0,0.0,0.0,0.0,-0.7685197094448271
895,3,0.0,0.0,0.0,0.0,-0.08375
895,4,0.0,0.0,0.0,0.0,0.0
896,0,0.0,-0.00020985420876783623,0.0,0.0,-21.71796706470461
896,1,0.0,0.0,-0.0027590248520561003,0.0,-0.326591617736598
896,2,0.0,0.0,0.0,0.0,-0.7685197094448271
896,3,0.0,0.0,0.0,0.0,-0.08375
896,4,0.0,0.0,0.0,0.0,0.0
897,0,0.0,-0.00020985420876783623,0.0,0.0,-21.725970662085643
897,1,0.0,0.0,-0.0027590248520561003,0.0,-0.326591617736598
897,2,0.0,0.0,0.0,0.0,-0.7685197094448271
897,3,0.0,0.0,0.0,0.0,-0.08375
897,4,0.0,0.0,0.0,0.0,0.0
898,0,0.0,-0.00020985420876783623,0.0,0.0,-21.733956700912778
898,1,0.0,0.0,-0.0027590248520561003,0.0,-0.326591617736598
898,2,0.0,0.0,0.0,0.0,-0.7685197094448271
898,3,0.0,0.0,0.0,0.0,-0.08375
898,4,0.0,0.0,0.0,0.0,0.0
899,0,0.0,-0.00020985420876783623,0.0,0.0,-21.739534728541976
899,1,0.0,0.0,-0.0027590248520561003,0.0,-0.326591617736598
899,2,0.0,0.0,0.0,0.0,-0.7685197094448271
899,3,0.0,0.0,0.0,0.0,-0.08375
899,4,0.0,0.0,0.0,0.0,0.0
900,0,0.0,-0.00020985420876783623,0.0,0.0,-21.745103382821952
900,1,0.0,0.0,-0.0027590248520561003,0.0,-0.326591617736598
900,2,0.0,0.0,0.0,0.0,-0.7685197094448271
900,3,0.0,0.0,0.0,0.0,-0.08375
900,4,0.0,0.0,0.0,0.0,0.0
901,0,0.0,-0.00020985420876783623,0.0,0.0,-21.753052666872517
901,1,0.0,0.0,-0.0027590248520561003,0.0,-0.326591617736598
901,2,0.0,0.0,0.0,0.0,-0.7685197094448271
901,3,0.0,0.0,0.0,0.0,-0.08375
901,4,0.0,0.0,0.0,0.0,0.0
902,0,0.0,-0.00020985420876783623,0.0,0.0,-21.760984539727378
902,1,0.0,0.0,-0.0027590248520561003,0.0,-0.326591617736598
902,2,0.0,0.0,0.0,0.0,-0.7685197094448271
902,3,0.0,0.0,0.0,0.0,-0.08375
902,4,0.0,0.0,0.0,0.0,0.0
903,0,0.0,-0.00020985420876783623,0.0,0.0,-21.76651308513412
903,1,0.0,0.0,-0.0027590248520561003,0.0,-0.326591617736598
903,2,0.0,0.0,0.0,0.0,-0.7685197094448271
903,3,0.0,0.0,0.0,0.0,-0.08375
903,4,0.0,0.0,0.0,0.0,0.0
904,0,0.0,-0.00020985420876783623,0.0,0.0,-21.77203238326622
904,1,0.0,0.0,-0.0027590248520561003,0.0,-0.326591617736598
904,2,0.0,0.0,0.0,0.0,-0.7685197094448271
904,3,0.0,0.0,0.0,0.0,-0.08375
904,4,0.0,0.0,0.0,0.0,0.0
905,0,0.0,-0.00020985420876783623,0.0,0.0,-21.77992789944432
905,1,0.0,0.0,-0.0027590248520561003,0.0,-0.326591617736598
905,2,0.0,0.0,0.0,0.0,-0.7685197094448271
905,3,0.0,0.0,0.0,0.0,-0.08375
905,4,0.0,0.0,0.0,0.0,0.0
906,0,0.0,-0.00020985420876783623,0.0,0.0,-21.785422744159206
906,1,0.0,0.0,-0.0027590248520561003,0.0,-0.326591617736598
906,2,0.0,0.0,0.0,0.0,-0.7685197094448271
906,3,0.0,0.0,0.0,0.0,-0.08375
906,4,0.0,0.0,0.0,0.0,0.0
907,0,0.0,-0.00020985420876783623,0.0,0.0,-21.793291568907602
907,1,0.0,0.0,-0.0027590248520561003,0.0,-0.326591617736598
907,2,0.0,0.0,0.0,0.0,-0.7685197094448271
907,3,0.0,0.0,0.0,0.0,-0.08375
907,4,0.0,0.0,0.0,0.0,0.0
908,0,0.0,-0.00020985420876783623,0.0,0.0,-21.80114320034477
908,1,0.0,0.0,-0.0027590248520561003,0.0,-0.326591617736598
908,2,0.0,0.0,0.0,0.0,-0.7685197094448271
908,3,0.0,0.0,0.0,0.0,-0.08375
908,4,0.0,0.0,0.0,0.0,0.0
909,0,0.0,-0.00020985420876783623,0.0,0.0,-21.8065986750391
909,1,0.0,0.0,-0.0027590248520561003,0.0,-0.326591617736598
909,2,0.0,0.0,0.0,0.0,-0.7685197094448271
909,3,0.0,0.0,0.0,0.0,-0.08375
909,4,0.0,0.0,0.0,0.0,0.0
910,0,0.0,-0.00020985420876783623,0.0,0.0,-21.812045088086798
910,1,0.0,0.0,-0.0027590248520561003,0.0,-0.326591617736598
910,2,0.0,0.0,0.0,0.0,-0.7685197094448271
910,3,0.0,0.0,0.0,0.0,-0.08375
910,4,0.0,0.0,0.0,0.0,0.0
911,0,0.0,-0.00020985420876783623,0.0,0.0,-21.81986094939819
911,1,0.0,0.0,-0.0027590248520561003,0.0,-0.326591617736598
911,2,0.0,0.0,0.0,0.0,-0.7685197094448271
911,3,0.0,0.0,0.0,0.0,-0.08375
911,4,0.0,0.0,0.0,0.0,0.0
912,0,0.0,-0.00020985420876783623,0.0,0.0,-21.82765976054335
912,1,0.0,0.0,-0.0027590248520561003,0.0,-0.326591617736598
912,2,0.0,0.0,0.0,0.0,-0.7685197094448271
912,3,0.0,0.0,0.0,0.0,-0.08375
912,4,0.0,0.0,0.0,0.0,0.0
913,0,0.0,-0.00020985420876783623,0.0,0.0,-21.8354415713825
913,1,0.0,0.0,-0.0027590248520561003,0.0,-0.326591617736598
913,2,0.0,0.0,0.0,0.0,-0.7685197094448271
913,3,0.0,0.0,0.0,0.0,-0.08375
913,4,0.0,0.0,0.0,0.0,0.0
914,0,0.0,-0.00020985420876783623,0.0,0.0,-21.84083426875169
914,1,0.0,0.0,-0.0027590248520561003,0.0,-0.326591617736598
914,2,0.0,0.0,0.0,0.0,-0.7685197094448271
914,3,0.0,0.0,0.0,0.0,-0.08375
914,4,0.0,0.0,0.0,0.0,0.0
915,0,0.0,-0.00020985420876783623,0.0,0.0,-21.846218064465788
915,1,0.0,0.0,-0.0027590248520561003,0.0,-0.326591617736598
915,2,0.0,0.0,0.0,0.0,-0.7685197094448271
915,3,0.0,0.0,0.0,0.0,-0.08375
915,4,0.0,0.0,0.0,0.0,0.0
916,0,0.0,-0.00020985420876783623,0.0,0.0,-21.85396461852761
916,1,0.0,0.0,-0.0027590248520561003,0.0,-0.326591617736598
916,2,0.0,0.0,0.0,0.0,-0.7685197094448271
916,3,0.0,0.0,0.0,0.0,-0.08375
916,4,0.0,0.0,0.0,0.0,0.0
917,0,0.0,-0.00020985420876783623,0.0,0.0,-21.861694313196637
917,1,0.0,0.0,-0.0027590248520561003,0.0,-0.326591617736598
917,2,0.0,0.0,0.0,0.0,-0.7685197094448271
917,3,0.0,0.0,0.0,0.0,-0.08375
917,4,0.0,0.0,0.0,0.0,0.0
918,0,0.0,-0.00020985420876783623,0.0,0.0,-21.867039858375406
918,1,0.0,0.0,-0.0027590248520561003,0.0,-0.326591617736598
918,2,0.0,0.0,0.0,0.0,-0.7685197094448271
918,3,0.0,0.0,0.0,0.0,-0.08375
918,4,0.0,0.0,0.0,0.0,0.0
919,0,0.0,-0.00020985420876783623,0.0,0.0,-21.872376619231492
919,1,0.0,0.0,-0.0027590248520561003,0.0,-0.326591617736598
919,2,0.0,0.0,0.0,0.0,-0.7685197094448271
919,3,0.0,0.0,0.0,0.0,-0.08375
919,4,0.0,0.0,0.0,0.0,0.0
920,0,0.0,-0.00020985420876783623,0.0,0.0,-21.877704615314347
920,1,0.0,0.0,-0.0027590248520561003,0.0,-0.326591617736598
920,2,0.0,0.0,0.0,0.0,-0.7685197094448271
920,3,0.0,0.0,0.0,0.0,-0.08375
920,4,0.0,0.0,0.0,0.0,0.0
921,0,0.0,-0.00020985420876783623,0.0,0.0,-21.885390423802956
921,1,0.0,0.0,-0.0027590248520561003,0.0,-0.326591617736598
921,2,0.0,0.0,0.0,0.0,-0.7685197094448271
921,3,0.0,0.0,0.0,0.0,-0.08375
921,4,0.0,0.0,0.0,0.0,0.0
922,0,0.0,-0.00020985420876783623,0.0,0.0,-21.890695153946634
922,1,0.0,0.0,-0.0027590248520561003,0.0,-0.326591617736598
922,2,0.0,0.0,0.0,0.0,-0.7685197094448271
922,3,0.0,0.0,0.0,0.0,-0.08375
922,4,0.0,0.0,0.0,0.0,0.0
923,0,0.0,-0.00020985420876783623,0.0,0.0,-21.898355314949434
923,1,0.0,0.0,-0.0027590248520561003,0.0,-0.326591617736598
923,2,0.0,0.0,0.0,0.0,-0.7685197094448271
923,3,0.0,0.0,0.0,0.0,-0.08375
923,4,0.0,0.0,0.0,0.0,0.0
924,0,0.0,-0.00020985420876783623,0.0,0.0,-21.903636921470266
924,1,0.0,0.0,-0.0027590248520561003,0.0,-0.326591617736598
924,2,0.0,0.0,0.0,0.0,-0.7685197094448271
924,3,0.0,0.0,0.0,0.0,-0.08375
924,4,0.0,0.0,0.0,0.0,0.0
925,0,0.0,-0.00020985420876783623,0.0,0.0,-21.908909897157184
925,1,0.0,0.0,-0.0027590248520561003,0.0,-0.326591617736598
925,2,0.0,0.0,0.0,0.0,-0.7685197094448271
925,3,0.0,0.0,0.0,0.0,-0.08375
925,4,0.0,0.0,0.0,0.0,0.0
926,0,0.0,-0.00020985420876783623,0.0,0.0,-21.91653566619786
926,1,0.0,0.0,-0.0027590248520561003,0.0,-0.326591617736598
926,2,0.0,0.0,0.0,0.0,-0.7685197094448271
926,3,0.0,0.0,0.0,0.0,-0.08375
926,4,0.0,0.0,0.0,0.0,0.0
927,0,0.0,-0.00020985420876783623,0.0,0.0,-21.924144893194043
927,1,0.0,0.0,-0.0027590248520561003,0.0,-0.326591617736598
927,2,0.0,0.0,0.0,0.0,-0.7685197094448271
927,3,0.0,0.0,0.0,0.0,-0.08375
927,4,0.0,0.0,0.0,0.0,0.0
928,0,0.0,-0.00020985420876783623,0.0,0.0,-21.929380664805457
928,1,0.0,0.0,-0.0027590248520561003,0.0,-0.326591617736598
928,2,0.0,0.0,0.0,0.0,-0.7685197094448271
928,3,0.0,0.0,0.0,0.0,-0.08375
928,4,0.0,0.0,0.0,0.0,0.0
929,0,0.0,-0.00020985420876783623,0.0,0.0,-21.934607919560367
929,1,0.0,0.0,-0.0027590248520561003,0.0,-0.326591617736598
929,2,0.0,0.0,0.0,0.0,-0.7685197094448271
929,3,0.0,0.0,0.0,0.0,-0.08375
929,4,0.0,0.0,0.0,0.0,0.0
930,0,0.0,-0.00020985420876783623,0.0,0.0,-21.942183119317924
930,1,0.0,0.0,-0.0027590248520561003,0.0,-0.326591617736598
930,2,0.0,0.0,0.0,0.0,-0.7685197094448271
930,3,0.0,0.0,0.0,0.0,-0.08375
930,4,0.0,0.0,0.0,0.0,0.0
931,0,0.0,-0.00020985420876783623,0.0,0.0,-21.949741912785136
931,1,0.0,0.0,-0.0027590248520561003,0.0,-0.326591617736598
931,2,0.0,0.0,0.0,0.0,-0.7685197094448271
931,3,0.0,0.0,0.0,0.0,-0.08375
931,4,0.0,0.0,0.0,0.0,0.0
932,0,0.0,-0.00020985420876783623,0.0,0.0,-21.954932418459975
932,1,0.0,0.0,-0.0027590248520561003,0.0,-0.326591617736598
932,2,0.0,0.0,0.0,0.0,-0.7685197094448271
932,3,0.0,0.0,0.0,0.0,-0.08375
932,4,0.0,0.0,0.0,0.0,0.0
933,0,0.0,-0.00020985420876783623,0.0,0.0,-21.962466189690055
933,1,0.0,0.0,-0.0027590248520561003,0.0,-0.326591617736598
933,2,0.0,0.0,0.0,0.0,-0.7685197094448271
933,3,0.0,0.0,0.0,0.0,-0.08375
933,4,0.0,0.0,0.0,0.0,0.0
934,0,0.0,-0.00020985420876783623,0.0,0.0,-21.969983669486314
934,1,0.0,0.0,-0.0027590248520561003,0.0,-0.326591617736598
934,2,0.0,0.0,0.0,0.0,-0.7685197094448271
934,3,0.0,0.0,0.0,0.0,-0.08375
934,4,0.0,0.0,0.0,0.0,0.0
935,0,0.0,-0.00020985420876783623,0.0,0.0,-21.9751378096132
935,1,0.0,0.0,-0.0027590248520561003,0.0,-0.326591617736598
935,2,0.0,0.0,0.0,0.0,-0.7685197094448271
935,3,0.0,0.0,0.0,0.0,-0.08375
935,4,0.0,0.0,0.0,0.0,0.0
936,0,0.0,-0.00020985420876783623,0.0,0.0,-21.98028363605872
936,1,0.0,0.0,-0.0027590248520561003,0.0,-0.326591617736598
936,2,0.0,0.0,0.0,0.0,-0.7685197094448271
936,3,0.0,0.0,0.0,0.0,-0.08375
936,4,0.0,0.0,0.0,0.0,0.0
937,0,0.0,-0.00020985420876783623,0.0,0.0,-21.985421167054874
937,1,0.0,0.0,-0.0027590248520561003,0.0,-0.326591617736598
937,2,0.0,0.0,0.0,0.0,-0.7685197094448271
937,3,0.0,0.0,0.0,0.0,-0.08375
937,4,0.0,0.0,0.0,0.0,0.0
938,0,0.0,-0.00020985420876783623,0.0,0.0,-21.99055042078173
938,1,0.0,0.0,-0.0027590248520561003,0.0,-0.326591617736598
938,2,0.0,0.0,0.0,0.0,-0.7685197094448271
938,3,0.0,0.0,0.0,0.0,-0.08375
938,4,0.0,0.0,0.0,0.0,0.0
939,0,0.0,-0.00020985420876783623,0.0,0.0,-21.995671415367536
939,1,0.0,0.0,-0.0027590248520561003,0.0,-0.326591617736598
939,2,0.0,0.0,0.0,0.0,-0.7685197094448271
939,3,0.0,0.0,0.0,0.0,-0.08375
939,4,0.0,0.0,0.0,0.0,0.0
940,0,0.0,-0.00020985420876783623,0.0,0.0,-22.000784168889005
940,1,0.0,0.0,-0.0027590248520561003,0.0,-0.326591617736598
940,2,0.0,0.0,0.0,0.0,-0.7685197094448271
940,3,0.0,0.0,0.0,0.0,-0.08375
940,4,0.0,0.0,0.0,0.0,0.0
941,0,0.0,-0.00020985420876783623,0.0,0.0,-22.00823424590558
941,1,0.0,0.0,-0.0027590248520561003,0.0,-0.326591617736598
941,2,0.0,0.0,0.0,0.0,-0.7685197094448271
941,3,0.0,0.0,0.0,0.0,-0.08375
941,4,0.0,0.0,0.0,0.0,0.0
942,0,0.0,-0.00020985420876783623,0.0,0.0,-22.015668240313165
942,1,0.0,0.0,-0.0027590248520561003,0.0,-0.326591617736598
942,2,0.0,0.0,0.0,0.0,-0.7685197094448271
942,3,0.0,0.0,0.0,0.0,-0.08375
942,4,0.0,0.0,0.0,0.0,0.0
943,0,0.0,-0.00020985420876783623,0.0,0.0,-22.020745312587593
943,1,0.0,0.0,-0.0027590248520561003,0.0,-0.326591617736598
943,2,0.0,0.0,0.0,0.0,-0.7685197094448271
943,3,0.0,0.0,0.0,0.0,-0.08375
943,4,0.0,0.0,0.0,0.0,0.0
944,0,0.0,-0.00020985420876783623,0.0,0.0,-22.028154879751757
944,1,0.0,0.0,-0.0027590248520561003,0.0,-0.326591617736598
944,2,0.0,0.0,0.0,0.0,-0.7685197094448271
944,3,0.0,0.0,0.0,0.0,-0.08375
944,4,0.0,0.0,0.0,0.0,0.0
945,0,0.0,-0.00020985420876783623,0.0,0.0,-22.033210198717295
945,1,0.0,0.0,-0.0027590248520561003,0.0,-0.326591617736598
945,2,0.0,0.0,0.0,0.0,-0.7685197094448271
945,3,0.0,0.0,0.0,0.0,-0.08375
945,4,0.0,0.0,0.0,0.0,0.0
946,0,0.0,-0.00020985420876783623,0.0,0.0,-22.040595457311312
946,1,0.0,0.0,-0.0027590248520561003,0.0,-0.326591617736598
946,2,0.0,0.0,0.0,0.0,-0.7685197094448271
946,3,0.0,0.0,0.0,0.0,-0.08375
946,4,0.0,0.0,0.0,0.0,0.0
947,0,0.0,-0.00020985420876783623,0.0,0.0,-22.047964810274653
947,1,0.0,0.0,-0.0027590248520561003,0.0,-0.326591617736598
947,2,0.0,0.0,0.0,0.0,-0.7685197094448271
947,3,0.0,0.0,0.0,0.0,-0.08375
947,4,0.0,0.0,0.0,0.0,0.0
948,0,0.0,-0.00020985420876783623,0.0,0.0,-22.052985026995458
948,1,0.0,0.0,-0.0027590248520561003,0.0,-0.326591617736598
948,2,0.0,0.0,0.0,0.0,-0.7685197094448271
948,3,0.0,0.0,0.0,0.0,-0.08375
948,4,0.0,0.0,0.0,0.0,0.0
949,0,0.0,-0.00020985420876783623,0.0,0.0,-22.057997248218662
949,1,0.0,0.0,-0.0027590248520561003,0.0,-0.326591617736598
949,2,0.0,0.0,0.0,0.0,-0.7685197094448271
949,3,0.0,0.0,0.0,0.0,-0.08375
949,4,0.0,0.0,0.0,0.0,0.0
950,0,0.0,-0.00020985420876783623,0.0,0.0,-22.06300149116986
950,1,0.0,0.0,-0.0027590248520561003,0.0,-0.326591617736598
950,2,0.0,0.0,0.0,0.0,-0.7685197094448271
950,3,0.0,0.0,0.0,0.0,-0.08375
950,4,0.0,0.0,0.0,0.0,0.0
951,0,0.0,-0.00020985420876783623,0.0,0.0,-22.07033028710613
951,1,0.0,0.0,-0.0027590248520561003,0.0,-0.326591617736598
951,2,0.0,0.0,0.0,0.0,-0.7685197094448271
951,3,0.0,0.0,0.0,0.0,-0.08375
951,4,0.0,0.0,0.0,0.0,0.0
952,0,0.0,-0.00020985420876783623,0.0,0.0,-22.077643324219302
952,1,0.0,0.0,-0.0027590248520561003,0.0,-0.326591617736598
952,2,0.0,0.0,0.0,0.0,-0.7685197094448271
952,3,0.0,0.0,0.0,0.0,-0.08375
952,4,0.0,0.0,0.0,0.0,0.0
953,0,0.0,-0.00020985420876783623,0.0,0.0,-22.082612941991908
953,1,0.0,0.0,-0.0027590248520561003,0.0,-0.326591617736598
953,2,0.0,0.0,0.0,0.0,-0.7685197094448271
953,3,0.0,0.0,0.0,0.0,-0.08375
953,4,0.0,0.0,0.0,0.0,0.0
954,0,0.0,-0.00020985420876783623,0.0,0.0,-22.089902137472105
954,1,0.0,0.0,-0.0027590248520561003,0.0,-0.326591617736598
954,2,0.0,0.0,0.0,0.0,-0.7685197094448271
954,3,0.0,0.0,0.0,0.0,-0.08375
954,4,0.0,0.0,0.0,0.0,0.0
955,0,0.0,-0.00020985420876783623,0.0,0.0,-22.094850656696696
955,1,0.0,0.0,-0.0027590248520561003,0.0,-0.326591617736598
955,2,0.0,0.0,0.0,0.0,-0.7685197094448271
955,3,0.0,0.0,0.0,0.0,-0.08375
955,4,0.0,0.0,0.0,0.0,0.0
956,0,0.0,-0.00020985420876783623,0.0,0.0,-22.099791351376293
956,1,0.0,0.0,-0.0027590248520561003,0.0,-0.326591617736598
956,2,0.0,0.0,0.0,0.0,-0.7685197094448271
956,3,0.0,0.0,0.0,0.0,-0.08375
956,4,0.0,0.0,0.0,0.0,0.0
957,0,0.0,-0.00020985420876783623,0.0,0.0,-22.104724238408505
957,1,0.0,0.0,-0.0027590248520561003,0.0,-0.326591617736598
957,2,0.0,0.0,0.0,0.0,-0.7685197094448271
957,3,0.0,0.0,0.0,0.0,-0.08375
957,4,0.0,0.0,0.0,0.0,0.0
958,0,0.0,-0.00020985420876783623,0.0,0.0,-22.10964933464287
958,1,0.0,0.0,-0.0027590248520561003,0.0,-0.326591617736598
958,2,0.0,0.0,0.0,0.0,-0.7685197094448271
958,3,0.0,0.0,0.0,0.0,-0.08375
958,4,0.0,0.0,0.0,0.0,0.0
959,0,0.0,-0.00020985420876783623,0.0,0.0,-22.11456665688107
959,1,0.0,0.0,-0.0027590248520561003,0.0,-0.326591617736598
959,2,0.0,0.0,0.0,0.0,-0.7685197094448271
959,3,0.0,0.0,0.0,0.0,-0.08375
959,4,0.0,0.0,0.0,0.0,0.0
960,0,0.0,-0.00020985420876783623,0.0,0.0,-22.119476221877164
960,1,0.0,0.0,-0.0027590248520561003,0.0,-0.326591617736598
960,2,0.0,0.0,0.0,0.0,-0.7685197094448271
960,3,0.0,0.0,0.0,0.0,-0.08375
960,4,0.0,0.0,0.0,0.0,0.0
961,0,0.0,-0.00020985420876783623,0.0,0.0,-22.12670155325226
961,1,0.0,0.0,-0.0027590248520561003,0.0,-0.326591617736598
961,2,0.0,0.0,0.0,0.0,-0.7685197094448271
961,3,0.0,0.0,0.0,0.0,-0.08375
961,4,0.0,0.0,0.0,0.0,0.0
962,0,0.0,-0.00020985420876783623,0.0,0.0,-22.133911386170755
962,1,0.0,0.0,-0.0027590248520561003,0.0,-0.326591617736598
962,2,0.0,0.0,0.0,0.0,-0.7685197094448271
962,3,0.0,0.0,0.0,0.0,-0.08375
962,4,0.0,0.0,0.0,0.0,0.0
963,0,0.0,-0.00020985420876783623,0.0,0.0,-22.13878718209232
963,1,0.0,0.0,-0.0027590248520561003,0.0,-0.326591617736598
963,2,0.0,0.0,0.0,0.0,-0.7685197094448271
963,3,0.0,0.0,0.0,0.0,-0.08375
963,4,0.0,0.0,0.0,0.0,0.0
964,0,0.0,-0.00020985420876783623,0.0,0.0,-22.145973651334444
964,1,0.0,0.0,-0.0027590248520561003,0.0,-0.326591617736598
964,2,0.0,0.0,0.0,0.0,-0.7685197094448271
964,3,0.0,0.0,0.0,0.0,-0.08375
964,4,0.0,0.0,0.0,0.0,0.0
965,0,0.0,-0.00020985420876783623,0.0,0.0,-22.150828880546513
965,1,0.0,0.0,-0.0027590248520561003,0.0,-0.326591617736598
965,2,0.0,0.0,0.0,0.0,-0.7685197094448271
965,3,0.0,0.0,0.0,0.0,-0.08375
965,4,0.0,0.0,0.0,0.0,0.0
966,0,0.0,-0.00020985420876783623,0.0,0.0,-22.155676500849356
966,1,0.0,0.0,-0.0027590248520561003,0.0,-0.326591617736598
966,2,0.0,0.0,0.0,0.0,-0.7685197094448271
966,3,0.0,0.0,0.0,0.0,-0.08375
966,4,0.0,0.0,0.0,0.0,0.0
967,0,0.0,-0.00020985420876783623,0.0,0.0,-22.160516528469007
967,1,0.0,0.0,-0.0027590248520561003,0.0,-0.326591617736598
967,2,0.0,0.0,0.0,0.0,-0.7685197094448271
967,3,0.0,0.0,0.0,0.0,-0.08375
967,4,0.0,0.0,0.0,0.0,0.0
968,0,0.0,-0.00020985420876783623,0.0,0.0,-22.167664073087344
968,1,0.0,0.0,-0.0027590248520561003,0.0,-0.326591617736598
968,2,0.0,0.0,0.0,0.0,-0.7685197094448271
968,3,0.0,0.0,0.0,0.0,-0.08375
968,4,0.0,0.0,0.0,0.0,0.0
969,0,0.0,-0.00020985420876783623,0.0,0.0,-22.174796322171147
969,1,0.0,0.0,-0.0027590248520561003,0.0,-0.326591617736598
969,2,0.0,0.0,0.0,0.0,-0.7685197094448271
969,3,0.0,0.0,0.0,0.0,-0.08375
969,4,0.0,0.0,0.0,0.0,0.0
970,0,0.0,-0.00020985420876783623,0.0,0.0,-22.181913320050747
970,1,0.0,0.0,-0.0027590248520561003,0.0,-0.326591617736598
970,2,0.0,0.0,0.0,0.0,-0.7685197094448271
970,3,0.0,0.0,0.0,0.0,-0.08375
970,4,0.0,0.0,0.0,0.0,0.0
971,0,0.0,-0.00020985420876783623,0.0,0.0,-22.186707556758545
971,1,0.0,0.0,-0.0027590248520561003,0.0,-0.326591617736598
971,2,0.0,0.0,0.0,0.0,-0.7685197094448271
971,3,0.0,0.0,0.0,0.0,-0.08375
971,4,0.0,0.0,0.0,0.0,0.0
972,0,0.0,-0.00020985420876783623,0.0,0.0,-22.191494328661577
972,1,0.0,0.0,-0.0027590248520561003,0.0,-0.326591617736598
972,2,0.0,0.0,0.0,0.0,-0.7685197094448271
972,3,0.0,0.0,0.0,0.0,-0.08375
972,4,0.0,0.0,0.0,0.0,0.0
973,0,0.0,-0.00020985420876783623,0.0,0.0,-22.198580708270043
973,1,0.0,0.0,-0.0027590248520561003,0.0,-0.326591617736598
973,2,0.0,0.0,0.0,0.0,-0.7685197094448271
973,3,0.0,0.0,0.0,0.0,-0.08375
973,4,0.0,0.0,0.0,0.0,0.0
974,0,0.0,-0.00020985420876783623,0.0,0.0,-22.20334744146747
974,1,0.0,0.0,-0.0027590248520561003,0.0,-0.326591617736598
974,2,0.0,0.0,0.0,0.0,-0.7685197094448271
974,3,0.0,0.0,0.0,0.0,-0.08375
974,4,0.0,0.0,0.0,0.0,0.0
975,0,0.0,-0.00020985420876783623,0.0,0.0,-22.208106772594356
975,1,0.0,0.0,-0.0027590248520561003,0.0,-0.326591617736598
975,2,0.0,0.0,0.0,0.0,-0.7685197094448271
975,3,0.0,0.0,0.0,0.0,-0.08375
975,4,0.0,0.0,0.0,0.0,0.0
976,0,0.0,-0.00020985420876783623,0.0,0.0,-22.212858717229828
976,1,0.0,0.0,-0.0027590248520561003,0.0,-0.326591617736598
976,2,0.0,0.0,0.0,0.0,-0.7685197094448271
976,3,0.0,0.0,0.0,0.0,-0.08375
976,4,0.0,0.0,0.0,0.0,0.0
977,0,0.0,-0.00020985420876783623,0.0,0.0,-22.217603290910905
977,1,0.0,0.0,-0.0027590248520561003,0.0,-0.326591617736598
977,2,0.0,0.0,0.0,0.0,-0.7685197094448271
977,3,0.0,0.0,0.0,0.0,-0.08375
977,4,0.0,0.0,0.0,0.0,0.0
978,0,0.0,-0.00020985420876783623,0.0,0.0,-22.224644034880875
978,1,0.0,0.0,-0.0027590248520561003,0.0,-0.326591617736598
978,2,0.0,0.0,0.0,0.0,-0.7685197094448271
978,3,0.0,0.0,0.0,0.0,-0.08375
978,4,0.0,0.0,0.0,0.0,0.0
979,0,0.0,-0.00020985420876783623,0.0,0.0,-22.22936879239915
979,1,0.0,0.0,-0.0027590248520561003,0.0,-0.326591617736598
979,2,0.0,0.0,0.0,0.0,-0.7685197094448271
979,3,0.0,0.0,0.0,0.0,-0.08375
979,4,0.0,0.0,0.0,0.0,0.0
980,0,0.0,-0.00020985420876783623,0.0,0.0,-22.234086240662933
980,1,0.0,0.0,-0.0027590248520561003,0.0,-0.326591617736598
980,2,0.0,0.0,0.0,0.0,-0.7685197094448271
980,3,0.0,0.0,0.0,0.0,-0.08375
980,4,0.0,0.0,0.0,0.0,0.0
981,0,0.0,-0.00020985420876783623,0.0,0.0,-22.241096868135557
981,1,0.0,0.0,-0.0027590248520561003,0.0,-0.326591617736598
981,2,0.0,0.0,0.0,0.0,-0.7685197094448271
981,3,0.0,0.0,0.0,0.0,-0.08375
981,4,0.0,0.0,0.0,0.0,0.0
982,0,0.0,-0.00020985420876783623,0.0,0.0,-22.24809255163718
982,1,0.0,0.0,-0.0027590248520561003,0.0,-0.326591617736598
982,2,0.0,0.0,0.0,0.0,-0.7685197094448271
982,3,0.0,0.0,0.0,0.0,-0.08375
982,4,0.0,0.0,0.0,0.0,0.0
983,0,0.0,-0.00020985420876783623,0.0,0.0,-22.252778021902607
983,1,0.0,0.0,-0.0027590248520561003,0.0,-0.326591617736598
983,2,0.0,0.0,0.0,0.0,-0.7685197094448271
983,3,0.0,0.0,0.0,0.0,-0.08375
983,4,0.0,0.0,0.0,0.0,0.0
984,0,0.0,-0.00020985420876783623,0.0,0.0,-22.25745627525832
984,1,0.0,0.0,-0.0027590248520561003,0.0,-0.326591617736598
984,2,0.0,0.0,0.0,0.0,-0.7685197094448271
984,3,0.0,0.0,0.0,0.0,-0.08375
984,4,0.0,0.0,0.0,0.0,0.0
985,0,0.0,-0.00020985420876783623,0.0,0.0,-22.264422148945343
985,1,0.0,0.0,-0.0027590248520561003,0.0,-0.326591617736598
985,2,0.0,0.0,0.0,0.0,-0.7685197094448271
985,3,0.0,0.0,0.0,0.0,-0.08375
985,4,0.0,0.0,0.0,0.0,0.0
986,0,0.0,-0.00020985420876783623,0.0,0.0,-22.269080977995664
986,1,0.0,0.0,-0.0027590248520561003,0.0,-0.326591617736598
986,2,0.0,0.0,0.0,0.0,-0.7685197094448271
986,3,0.0,0.0,0.0,0.0,-0.08375
986,4,0.0,0.0,0.0,0.0,0.0
987,0,0.0,-0.00020985420876783623,0.0,0.0,-22.276024625238396
987,1,0.0,0.0,-0.0027590248520561003,0.0,-0.326591617736598
987,2,0.0,0.0,0.0,0.0,-0.7685197094448271
987,3,0.0,0.0,0.0,0.0,-0.08375
987,4,0.0,0.0,0.0,0.0,0.0
988,0,0.0,-0.00020985420876783623,0.0,0.0,-22.2829535055279
988,1,0.0,0.0,-0.0027590248520561003,0.0,-0.326591617736598
988,2,0.0,0.0,0.0,0.0,-0.7685197094448271
988,3,0.0,0.0,0.0,0.0,-0.08375
988,4,0.0,0.0,0.0,0.0,0.0
989,0,0.0,-0.00020985420876783623,0.0,0.0,-22.287580932111997
989,1,0.0,0.0,-0.0027590248520561003,0.0,-0.326591617736598
989,2,0.0,0.0,0.0,0.0,-0.7685197094448271
989,3,0.0,0.0,0.0,0.0,-0.08375
989,4,0.0,0.0,0.0,0.0,0.0
990,0,0.0,-0.00020985420876783623,0.0,0.0,-22.292201277533355
990,1,0.0,0.0,-0.0027590248520561003,0.0,-0.326591617736598
990,2,0.0,0.0,0.0,0.0,-0.7685197094448271
990,3,0.0,0.0,0.0,0.0,-0.08375
990,4,0.0,0.0,0.0,0.0,0.0
991,0,0.0,-0.00020985420876783623,0.0,0.0,-22.29910080015209
991,1,0.0,0.0,-0.0027590248520561003,0.0,-0.326591617736598
991,2,0.0,0.0,0.0,0.0,-0.7685197094448271
991,3,0.0,0.0,0.0,0.0,-0.08375
991,4,0.0,0.0,0.0,0.0,0.0
992,0,0.0,-0.00020985420876783623,0.0,0.0,-22.30598567222517
992,1,0.0,0.0,-0.0027590248520561003,0.0,-0.326591617736598
992,2,0.0,0.0,0.0,0.0,-0.7685197094448271
992,3,0.0,0.0,0.0,0.0,-0.08375
992,4,0.0,0.0,0.0,0.0,0.0
993,0,0.0,-0.00020985420876783623,0.0,0.0,-22.31285593605827
993,1,0.0,0.0,-0.0027590248520561003,0.0,-0.326591617736598
993,2,0.0,0.0,0.0,0.0,-0.7685197094448271
993,3,0.0,0.0,0.0,0.0,-0.08375
993,4,0.0,0.0,0.0,0.0,0.0
994,0,0.0,-0.00020985420876783623,0.0,0.0,-22.317433352404755
994,1,0.0,0.0,-0.0027590248520561003,0.0,-0.326591617736598
994,2,0.0,0.0,0.0,0.0,-0.7685197094448271
994,3,0.0,0.0,0.0,0.0,-0.08375
994,4,0.0,0.0,0.0,0.0,0.0
995,0,0.0,-0.00020985420876783623,0.0,0.0,-22.322003804910683
995,1,0.0,0.0,-0.0027590248520561003,0.0,-0.326591617736598
995,2,0.0,0.0,0.0,0.0,-0.7685197094448271
995,3,0.0,0.0,0.0,0.0,-0.08375
995,4,0.0,0.0,0.0,0.0,0.0
996,0,0.0,-0.00020985420876783623,0.0,0.0,-22.32656730798863
996,1,0.0,0.0,-0.0027590248520561003,0.0,-0.326591617736598
996,2,0.0,0.0,0.0,0.0,-0.7685197094448271
996,3,0.0,0.0,0.0,0.0,-0.08375
996,4,0.0,0.0,0.0,0.0,0.0
997,0,0.0,-0.00020985420876783623,0.0,0.0,-22.333401437882216
997,1,0.0,0.0,-0.0027590248520561003,0.0,-0.326591617736598
997,2,0.0,0.0,0.0,0.0,-0.7685197094448271
997,3,0.0,0.0,0.0,0.0,-0.08375
997,4,0.0,0.0,0.0,0.0,0.0
998,0,0.0,-0.00020985420876783623,0.0,0.0,-22.33794620860565
998,1,0.0,0.0,-0.0027590248520561003,0.0,-0.326591617736598
998,2,0.0,0.0,0.0,0.0,-0.7685197094448271
998,3,0.0,0.0,0.0,0.0,-0.08375
998,4,0.0,0.0,0.0,0.0,0.0
999,0,0.0,-0.00020985420876783623,0.0,0.0,-22.342484087248796
999,1,0.0,0.0,-0.0027590248520561003,0.0,-0.326591617736598
999,2,0.0,0.0,0.0,0.0,-0.7685197094448271
999,3,0.0,0.0,0.0,0.0,-0.08375
999,4,0.0,0.0,0.0,0.0,0.0
1000,0,0.0,-0.00020985420876783623,0.0,0.0,-22.349289491083486
1000,1,0.0,0.0,-0.0027590248520561003,0.0,-0.326591617736598
1000,2,0.0,0.0,0.0,0.0,-0.7685197094448271
1000,3,0.0,0.0,0.0,0.0,-0.08375
1000,4,0.0,0.0,0.0,0.0,0.0
