1,0,0.0,0.0,0.0,0.0,0.0
1,1,0.0,0.0,0.0,0.0,0.0
1,2,0.0,0.0,0.0,0.0,-0.053755398163510215
1,3,0.0,0.0,0.0,0.0,0.0
1,4,0.0,0.0,0.0,0.0,0.0
2,0,0.0,0.0,0.0,0.0,0.0
2,1,0.0,0.0,-4.8156084804494005e-06,0.0,0.0
2,2,0.0,0.0,0.0,0.0,-0.10582650091608933
2,3,0.0,0.0,0.0,0.0,0.0
2,4,0.0,0.0,0.0,0.0,0.0
3,0,0.0,-3.864642679733167e-14,0.0,0.0,0.0
3,1,0.0,0.0,-2.346963556838372e-05,0.0,0.0
3,2,0.0,0.0,0.0,0.0,-0.14475669424047444
3,3,0.0,0.0,0.0,0.0,0.0
3,4,0.0,0.0,0.0,0.0,0.0
4,0,0.0,-9.565812335325052e-13,0.0,0.0,0.0
4,1,0.0,0.0,-5.83471221552808e-05,0.0,0.0
4,2,0.0,0.0,0.0,0.0,-0.18629806020719072
4,3,0.0,0.0,0.0,0.0,0.0
4,4,0.0,0.0,0.0,0.0,0.0
5,0,0.0,-9.565812335325052e-13,0.0,0.0,-0.04885503807654303
5,1,0.0,0.0,-5.83471221552808e-05,0.0,0.0
5,2,0.0,0.0,0.0,0.0,-0.18629806020719072
5,3,0.0,0.0,0.0,0.0,0.0
5,4,0.0,0.0,0.0,0.0,0.0
6,0,0.0,-9.565812335325052e-13,0.0,0.0,-0.09692876596287894
6,1,0.0,0.0,-5.83471221552808e-05,0.0,0.0
6,2,0.0,0.0,0.0,0.0,-0.18629806020719072
6,3,0.0,0.0,0.0,0.0,0.0
6,4,0.0,0.0,0.0,0.0,0.0
7,0,0.0,-6.629697001669538e-12,0.0,0.0,-0.09692876596287894
7,1,0.0,0.0,-0.00011607187344338566,0.0,0.0
7,2,0.0,0.0,0.0,0.0,-0.23542668585209317
7,3,0.0,0.0,0.0,0.0,0.0
7,4,0.0,0.0,0.0,0.0,0.0
8,0,0.0,-6.629697001669538e-12,0.0,0.0,-0.14243719974664912
8,1,0.0,0.0,-0.00011607187344338566,0.0,0.0
8,2,0.0,0.0,0.0,0.0,-0.23542668585209317
8,3,0.0,0.0,0.0,0.0,0.0
8,4,0.0,0.0,0.0,0.0,0.0
9,0,0.0,-6.629697001669538e-12,0.0,0.0,-0.18344811974184802
9,1,0.0,0.0,-0.00011607187344338566,0.0,0.0
9,2,0.0,0.0,0.0,0.0,-0.23542668585209317
9,3,0.0,0.0,0.0,0.0,0.0
9,4,0.0,0.0,0.0,0.0,0.0
10,0,0.0,-6.629697001669538e-12,0.0,0.0,-0.2279302131613119
10,1,0.0,0.0,-0.00011607187344338566,0.0,0.0
10,2,0.0,0.0,0.0,0.0,-0.23542668585209317
10,3,0.0,0.0,0.0,0.0,0.0
10,4,0.0,0.0,0.0,0.0,0.0
11,0,0.0,-6.629697001669538e-12,0.0,0.0,-0.2702403075360497
11,1,0.0,0.0,-0.00011607187344338566,0.0,0.0
11,2,0.0,0.0,0.0,0.0,-0.23542668585209317
11,3,0.0,0.0,0.0,0.0,0.0
11,4,0.0,0.0,0.0,0.0,0.0
12,0,0.0,-6.629697001669538e-12,0.0,0.0,-0.30931661633061
12,1,0.0,0.0,-0.00011607187344338566,0.0,0.0
12,2,0.0,0.0,0.0,0.0,-0.23542668585209317
12,3,0.0,0.0,0.0,0.0,0.0
12,4,0.0,0.0,0.0,0.0,0.0
13,0,0.0,-6.629697001669538e-12,0.0,0.0,-0.354065526059199
13,1,0.0,0.0,-0.00011607187344338566,0.0,0.0
13,2,0.0,0.0,0.0,0.0,-0.23542668585209317
13,3,0.0,0.0,0.0,0.0,0.0
13,4,0.0,0.0,0.0,0.0,0.0
14,0,0.0,-6.629697001669538e-12,0.0,0.0,-0.39697487836835416
14,1,0.0,0.0,-0.00011607187344338566,0.0,0.0
14,2,0.0,0.0,0.0,0.0,-0.23542668585209317
14,3,0.0,0.0,0.0,0.0,0.0
14,4,0.0,0.0,0.0,0.0,0.0
15,0,0.0,-6.629697001669538e-12,0.0,0.0,-0.4399141328863597
15,1,0.0,0.0,-0.00011607187344338566,0.0,0.0
15,2,0.0,0.0,0.0,0.0,-0.23542668585209317
15,3,0.0,0.0,0.0,0.0,0.0
15,4,0.0,0.0,0.0,0.0,0.0
16,0,0.0,-6.629697001669538e-12,0.0,0.0,-0.47958840616838116
16,1,0.0,0.0,-0.00011607187344338566,0.0,0.0
16,2,0.0,0.0,0.0,0.0,-0.23542668585209317
16,3,0.0,0.0,0.0,0.0,0.0
16,4,0.0,0.0,0.0,0.0,0.0
17,0,0.0,-6.629697001669538e-12,0.0,0.0,-0.5227406482827723
17,1,0.0,0.0,-0.00011607187344338566,0.0,0.0
17,2,0.0,0.0,0.0,0.0,-0.23542668585209317
17,3,0.0,0.0,0.0,0.0,0.0
17,4,0.0,0.0,0.0,0.0,0.0
18,0,0.0,-6.629697001669538e-12,0.0,0.0,-0.5641826908237815
18,1,0.0,0.0,-0.00011607187344338566,0.0,0.0
18,2,0.0,0.0,0.0,0.0,-0.23542668585209317
18,3,0.0,0.0,0.0,0.0,0.0
18,4,0.0,0.0,0.0,0.0,0.0
19,0,0.0,-6.629697001669538e-12,0.0,0.0,-0.607577398446827
19,1,0.0,0.0,-0.00011607187344338566,0.0,0.0
19,2,0.0,0.0,0.0,0.0,-0.23542668585209317
19,3,0.0,0.0,0.0,0.0,0.0
19,4,0.0,0.0,0.0,0.0,0.0
20,0,0.0,-6.629697001669538e-12,0.0,0.0,-0.651029122047557
20,1,0.0,0.0,-0.00011607187344338566,0.0,0.0
20,2,0.0,0.0,0.0,0.0,-0.23542668585209317
20,3,0.0,0.0,0.0,0.0,0.0
20,4,0.0,0.0,0.0,0.0,0.0
21,0,0.0,-6.629697001669538e-12,0.0,0.0,-0.6941402721821375
21,1,0.0,0.0,-0.00011607187344338566,0.0,0.0
21,2,0.0,0.0,0.0,0.0,-0.23542668585209317
21,3,0.0,0.0,0.0,0.0,0.0
21,4,0.0,0.0,0.0,0.0,0.0
22,0,0.0,-6.629697001669538e-12,0.0,0.0,-0.7320953272445033
22,1,0.0,0.0,-0.00011607187344338566,0.0,0.0
22,2,0.0,0.0,0.0,0.0,-0.23542668585209317
22,3,0.0,0.0,0.0,0.0,0.0
22,4,0.0,0.0,0.0,0.0,0.0
23,0,0.0,-2.907962229211344e-11,0.0,0.0,-0.7320953272445033
23,1,0.0,0.0,-0.00011607187344338566,0.0,-0.038822351374855166
23,2,0.0,0.0,0.0,0.0,-0.23542668585209317
23,3,0.0,0.0,0.0,0.0,0.0
23,4,0.0,0.0,0.0,0.0,0.0
24,0,0.0,-2.907962229211344e-11,0.0,0.0,-0.7764796184193722
24,1,0.0,0.0,-0.00011607187344338566,0.0,-0.038822351374855166
24,2,0.0,0.0,0.0,0.0,-0.23542668585209317
24,3,0.0,0.0,0.0,0.0,0.0
24,4,0.0,0.0,0.0,0.0,0.0
25,0,0.0,-2.907962229211344e-11,0.0,0.0,-0.815829957515479
25,1,0.0,0.0,-0.00011607187344338566,0.0,-0.038822351374855166
25,2,0.0,0.0,0.0,0.0,-0.23542668585209317
25,3,0.0,0.0,0.0,0.0,0.0
25,4,0.0,0.0,0.0,0.0,0.0
26,0,0.0,-2.907962229211344e-11,0.0,0.0,-0.8580622811559957
26,1,0.0,0.0,-0.00011607187344338566,0.0,-0.038822351374855166
26,2,0.0,0.0,0.0,0.0,-0.23542668585209317
26,3,0.0,0.0,0.0,0.0,0.0
26,4,0.0,0.0,0.0,0.0,0.0
27,0,0.0,-2.907962229211344e-11,0.0,0.0,-0.9007111797192482
27,1,0.0,0.0,-0.00011607187344338566,0.0,-0.038822351374855166
27,2,0.0,0.0,0.0,0.0,-0.23542668585209317
27,3,0.0,0.0,0.0,0.0,0.0
27,4,0.0,0.0,0.0,0.0,0.0
28,0,0.0,-2.907962229211344e-11,0.0,0.0,-0.9399557436495836
28,1,0.0,0.0,-0.00011607187344338566,0.0,-0.038822351374855166
28,2,0.0,0.0,0.0,0.0,-0.23542668585209317
28,3,0.0,0.0,0.0,0.0,0.0
28,4,0.0,0.0,0.0,0.0,0.0
29,0,0.0,-2.907962229211344e-11,0.0,0.0,-0.9821533411038971
29,1,0.0,0.0,-0.00011607187344338566,0.0,-0.038822351374855166
29,2,0.0,0.0,0.0,0.0,-0.23542668585209317
29,3,0.0,0.0,0.0,0.0,0.0
29,4,0.0,0.0,0.0,0.0,0.0
30,0,0.0,-2.907962229211344e-11,0.0,0.0,-1.0217879404573074
30,1,0.0,0.0,-0.00011607187344338566,0.0,-0.038822351374855166
30,2,0.0,0.0,0.0,0.0,-0.23542668585209317
30,3,0.0,0.0,0.0,0.0,0.0
30,4,0.0,0.0,0.0,0.0,0.0
31,0,0.0,-2.907962229211344e-11,0.0,0.0,-1.0596581502047042
31,1,0.0,0.0,-0.00011607187344338566,0.0,-0.038822351374855166
31,2,0.0,0.0,0.0,0.0,-0.23542668585209317
31,3,0.0,0.0,0.0,0.0,0.0
31,4,0.0,0.0,0.0,0.0,0.0
32,0,0.0,-2.907962229211344e-11,0.0,0.0,-1.0988428934858356
32,1,0.0,0.0,-0.00011607187344338566,0.0,-0.038822351374855166
32,2,0.0,0.0,0.0,0.0,-0.23542668585209317
32,3,0.0,0.0,0.0,0.0,0.0
32,4,0.0,0.0,0.0,0.0,0.0
33,0,0.0,-2.907962229211344e-11,0.0,0.0,-1.134630764928929
33,1,0.0,0.0,-0.00011607187344338566,0.0,-0.038822351374855166
33,2,0.0,0.0,0.0,0.0,-0.23542668585209317
33,3,0.0,0.0,0.0,0.0,0.0
33,4,0.0,0.0,0.0,0.0,0.0
34,0,0.0,-2.907962229211344e-11,0.0,0.0,-1.175363250594306
34,1,0.0,0.0,-0.00011607187344338566,0.0,-0.038822351374855166
34,2,0.0,0.0,0.0,0.0,-0.23542668585209317
34,3,0.0,0.0,0.0,0.0,0.0
34,4,0.0,0.0,0.0,0.0,0.0
35,0,0.0,-2.907962229211344e-11,0.0,0.0,-1.2164515062749182
35,1,0.0,0.0,-0.00011607187344338566,0.0,-0.038822351374855166
35,2,0.0,0.0,0.0,0.0,-0.23542668585209317
35,3,0.0,0.0,0.0,0.0,0.0
35,4,0.0,0.0,0.0,0.0,0.0
36,0,0.0,-2.907962229211344e-11,0.0,0.0,-1.2560895752307002
36,1,0.0,0.0,-0.00011607187344338566,0.0,-0.038822351374855166
36,2,0.0,0.0,0.0,0.0,-0.23542668585209317
36,3,0.0,0.0,0.0,0.0,0.0
36,4,0.0,0.0,0.0,0.0,0.0
37,0,0.0,-2.907962229211344e-11,0.0,0.0,-1.2940821897612576
37,1,0.0,0.0,-0.00011607187344338566,0.0,-0.038822351374855166
37,2,0.0,0.0,0.0,0.0,-0.23542668585209317
37,3,0.0,0.0,0.0,0.0,0.0
37,4,0.0,0.0,0.0,0.0,0.0
38,0,0.0,-2.5117459113931463e-06,0.0,0.0,-1.2940821897612576
38,1,0.0,0.0,-0.00011607187344338566,0.0,-0.07763884735994692
38,2,0.0,0.0,0.0,0.0,-0.23542668585209317
38,3,0.0,0.0,0.0,0.0,0.0
38,4,0.0,0.0,0.0,0.0,0.0
39,0,0.0,-2.5117459113931463e-06,0.0,0.0,-1.3318591222566203
39,1,0.0,0.0,-0.00011607187344338566,0.0,-0.07763884735994692
39,2,0.0,0.0,0.0,0.0,-0.23542668585209317
39,3,0.0,0.0,0.0,0.0,0.0
39,4,0.0,0.0,0.0,0.0,0.0
40,0,0.0,-2.5117459113931463e-06,0.0,0.0,-1.3750429466163956
40,1,0.0,0.0,-0.00011607187344338566,0.0,-0.07763884735994692
40,2,0.0,0.0,0.0,0.0,-0.23542668585209317
40,3,0.0,0.0,0.0,0.0,0.0
40,4,0.0,0.0,0.0,0.0,0.0
41,0,0.0,-2.5117459113931463e-06,0.0,0.0,-1.4127786979516124
41,1,0.0,0.0,-0.00011607187344338566,0.0,-0.07763884735994692
41,2,0.0,0.0,0.0,0.0,-0.23542668585209317
41,3,0.0,0.0,0.0,0.0,0.0
41,4,0.0,0.0,0.0,0.0,0.0
42,0,0.0,-2.5117459113931463e-06,0.0,0.0,-1.4523185952680449
42,1,0.0,0.0,-0.00011607187344338566,0.0,-0.07763884735994692
42,2,0.0,0.0,0.0,0.0,-0.23542668585209317
42,3,0.0,0.0,0.0,0.0,0.0
42,4,0.0,0.0,0.0,0.0,0.0
43,0,0.0,-2.5117459113931463e-06,0.0,0.0,-1.488218293003726
43,1,0.0,0.0,-0.00011607187344338566,0.0,-0.07763884735994692
43,2,0.0,0.0,0.0,0.0,-0.23542668585209317
43,3,0.0,0.0,0.0,0.0,0.0
43,4,0.0,0.0,0.0,0.0,0.0
44,0,0.0,-2.5117459113931463e-06,0.0,0.0,-1.5265705412260502
44,1,0.0,0.0,-0.00011607187344338566,0.0,-0.07763884735994692
44,2,0.0,0.0,0.0,0.0,-0.23542668585209317
44,3,0.0,0.0,0.0,0.0,0.0
44,4,0.0,0.0,0.0,0.0,0.0
45,0,0.0,-2.5117459113931463e-06,0.0,0.0,-1.565805499409735
45,1,0.0,0.0,-0.00011607187344338566,0.0,-0.07763884735994692
45,2,0.0,0.0,0.0,0.0,-0.23542668585209317
45,3,0.0,0.0,0.0,0.0,0.0
45,4,0.0,0.0,0.0,0.0,0.0
46,0,0.0,-2.5117459113931463e-06,0.0,0.0,-1.6042740534989834
46,1,0.0,0.0,-0.00011607187344338566,0.0,-0.07763884735994692
46,2,0.0,0.0,0.0,0.0,-0.23542668585209317
46,3,0.0,0.0,0.0,0.0,0.0
46,4,0.0,0.0,0.0,0.0,0.0
47,0,0.0,-2.5117459113931463e-06,0.0,0.0,-1.64048614098714
47,1,0.0,0.0,-0.00011607187344338566,0.0,-0.07763884735994692
47,2,0.0,0.0,0.0,0.0,-0.23542668585209317
47,3,0.0,0.0,0.0,0.0,0.0
47,4,0.0,0.0,0.0,0.0,0.0
48,0,0.0,-2.5117459113931463e-06,0.0,0.0,-1.6777889373597494
48,1,0.0,0.0,-0.00011607187344338566,0.0,-0.07763884735994692
48,2,0.0,0.0,0.0,0.0,-0.23542668585209317
48,3,0.0,0.0,0.0,0.0,0.0
48,4,0.0,0.0,0.0,0.0,0.0
49,0,0.0,-2.5117459113931463e-06,0.0,0.0,-1.7171360967426714
49,1,0.0,0.0,-0.00011607187344338566,0.0,-0.07763884735994692
49,2,0.0,0.0,0.0,0.0,-0.23542668585209317
49,3,0.0,0.0,0.0,0.0,0.0
49,4,0.0,0.0,0.0,0.0,0.0
50,0,0.0,-2.5117459113931463e-06,0.0,0.0,-1.752879902515005
50,1,0.0,0.0,-0.00011607187344338566,0.0,-0.07763884735994692
50,2,0.0,0.0,0.0,0.0,-0.23542668585209317
50,3,0.0,0.0,0.0,0.0,0.0
50,4,0.0,0.0,0.0,0.0,0.0
51,0,0.0,-2.5117459113931463e-06,0.0,0.0,-1.7953144228429678
51,1,0.0,0.0,-0.00011607187344338566,0.0,-0.07763884735994692
51,2,0.0,0.0,0.0,0.0,-0.23542668585209317
51,3,0.0,0.0,0.0,0.0,0.0
51,4,0.0,0.0,0.0,0.0,0.0
52,0,0.0,-2.5117459113931463e-06,0.0,0.0,-1.8314363756389145
52,1,0.0,0.0,-0.00011607187344338566,0.0,-0.07763884735994692
52,2,0.0,0.0,0.0,0.0,-0.23542668585209317
52,3,0.0,0.0,0.0,0.0,0.0
52,4,0.0,0.0,0.0,0.0,0.0
53,0,0.0,-2.5117459113931463e-06,0.0,0.0,-1.8694034751106148
53,1,0.0,0.0,-0.00011607187344338566,0.0,-0.07763884735994692
53,2,0.0,0.0,0.0,0.0,-0.23542668585209317
53,3,0.0,0.0,0.0,0.0,0.0
53,4,0.0,0.0,0.0,0.0,0.0
54,0,0.0,-2.5117459113931463e-06,0.0,0.0,-1.90657620297502
54,1,0.0,0.0,-0.00011607187344338566,0.0,-0.07763884735994692
54,2,0.0,0.0,0.0,0.0,-0.23542668585209317
54,3,0.0,0.0,0.0,0.0,0.0
54,4,0.0,0.0,0.0,0.0,0.0
55,0,0.0,-2.5117459113931463e-06,0.0,0.0,-1.9421421574551692
55,1,0.0,0.0,-0.00011607187344338566,0.0,-0.07763884735994692
55,2,0.0,0.0,0.0,0.0,-0.23542668585209317
55,3,0.0,0.0,0.0,0.0,0.0
55,4,0.0,0.0,0.0,0.0,0.0
56,0,0.0,-2.5117459113931463e-06,0.0,0.0,-1.9800749558802815
56,1,0.0,0.0,-0.00011607187344338566,0.0,-0.07763884735994692
56,2,0.0,0.0,0.0,0.0,-0.23542668585209317
56,3,0.0,0.0,0.0,0.0,0.0
56,4,0.0,0.0,0.0,0.0,0.0
57,0,0.0,-2.5117459113931463e-06,0.0,0.0,-2.0226189056904316
57,1,0.0,0.0,-0.00011607187344338566,0.0,-0.07763884735994692
57,2,0.0,0.0,0.0,0.0,-0.23542668585209317
57,3,0.0,0.0,0.0,0.0,0.0
57,4,0.0,0.0,0.0,0.0,0.0
58,0,0.0,-2.5117459113931463e-06,0.0,0.0,-2.055386997810335
58,1,0.0,0.0,-0.00011607187344338566,0.0,-0.07763884735994692
58,2,0.0,0.0,0.0,0.0,-0.23542668585209317
58,3,0.0,0.0,0.0,0.0,0.0
58,4,0.0,0.0,0.0,0.0,0.0
59,0,0.0,-2.5117459113931463e-06,0.0,0.0,-2.091749679013414
59,1,0.0,0.0,-0.00011607187344338566,0.0,-0.07763884735994692
59,2,0.0,0.0,0.0,0.0,-0.23542668585209317
59,3,0.0,0.0,0.0,0.0,0.0
59,4,0.0,0.0,0.0,0.0,0.0
60,0,0.0,-2.5117459113931463e-06,0.0,0.0,-2.1287569226165783
60,1,0.0,0.0,-0.00011607187344338566,0.0,-0.07763884735994692
60,2,0.0,0.0,0.0,0.0,-0.23542668585209317
60,3,0.0,0.0,0.0,0.0,0.0
60,4,0.0,0.0,0.0,0.0,0.0
61,0,0.0,-2.5117459113931463e-06,0.0,0.0,-2.1671037244192157
61,1,0.0,0.0,-0.00011607187344338566,0.0,-0.07763884735994692
61,2,0.0,0.0,0.0,0.0,-0.23542668585209317
61,3,0.0,0.0,0.0,0.0,0.0
61,4,0.0,0.0,0.0,0.0,0.0
62,0,0.0,-2.5117459113931463e-06,0.0,0.0,-2.198978515691534
62,1,0.0,0.0,-0.00011607187344338566,0.0,-0.07763884735994692
62,2,0.0,0.0,0.0,0.0,-0.23542668585209317
62,3,0.0,0.0,0.0,0.0,0.0
62,4,0.0,0.0,0.0,0.0,0.0
63,0,0.0,-2.5117459113931463e-06,0.0,0.0,-2.235750633584406
63,1,0.0,0.0,-0.00011607187344338566,0.0,-0.07763884735994692
63,2,0.0,0.0,0.0,0.0,-0.23542668585209317
63,3,0.0,0.0,0.0,0.0,0.0
63,4,0.0,0.0,0.0,0.0,0.0
64,0,0.0,-2.5117459113931463e-06,0.0,0.0,-2.268997448595293
64,1,0.0,0.0,-0.00011607187344338566,0.0,-0.07763884735994692
64,2,0.0,0.0,0.0,0.0,-0.23542668585209317
64,3,0.0,0.0,0.0,0.0,0.0
64,4,0.0,0.0,0.0,0.0,0.0
65,0,0.0,-2.5117459113931463e-06,0.0,0.0,-2.307958231611372
65,1,0.0,0.0,-0.00011607187344338566,0.0,-0.07763884735994692
65,2,0.0,0.0,0.0,0.0,-0.23542668585209317
65,3,0.0,0.0,0.0,0.0,0.0
65,4,0.0,0.0,0.0,0.0,0.0
66,0,0.0,-2.5117459113931463e-06,0.0,0.0,-2.344036104453629
66,1,0.0,0.0,-0.00011607187344338566,0.0,-0.07763884735994692
66,2,0.0,0.0,0.0,0.0,-0.23542668585209317
66,3,0.0,0.0,0.0,0.0,0.0
66,4,0.0,0.0,0.0,0.0,0.0
67,0,0.0,-2.5117459113931463e-06,0.0,0.0,-2.377126010518809
67,1,0.0,0.0,-0.00011607187344338566,0.0,-0.07763884735994692
67,2,0.0,0.0,0.0,0.0,-0.23542668585209317
67,3,0.0,0.0,0.0,0.0,0.0
67,4,0.0,0.0,0.0,0.0,0.0
68,0,0.0,-2.5117459113931463e-06,0.0,0.0,-2.413368415187996
68,1,0.0,0.0,-0.00011607187344338566,0.0,-0.07763884735994692
68,2,0.0,0.0,0.0,0.0,-0.23542668585209317
68,3,0.0,0.0,0.0,0.0,0.0
68,4,0.0,0.0,0.0,0.0,0.0
69,0,0.0,-2.5117459113931463e-06,0.0,0.0,-2.4524831142274324
69,1,0.0,0.0,-0.00011607187344338566,0.0,-0.07763884735994692
69,2,0.0,0.0,0.0,0.0,-0.23542668585209317
69,3,0.0,0.0,0.0,0.0,0.0
69,4,0.0,0.0,0.0,0.0,0.0
70,0,0.0,-2.5117459113931463e-06,0.0,0.0,-2.4909659253489336
70,1,0.0,0.0,-0.00011607187344338566,0.0,-0.07763884735994692
70,2,0.0,0.0,0.0,0.0,-0.23542668585209317
70,3,0.0,0.0,0.0,0.0,0.0
70,4,0.0,0.0,0.0,0.0,0.0
71,0,0.0,-2.5117459113931463e-06,0.0,0.0,-2.5266756591601442
71,1,0.0,0.0,-0.00011607187344338566,0.0,-0.07763884735994692
71,2,0.0,0.0,0.0,0.0,-0.23542668585209317
71,3,0.0,0.0,0.0,0.0,0.0
71,4,0.0,0.0,0.0,0.0,0.0
72,0,0.0,-2.5117459113931463e-06,0.0,0.0,-2.5659776682985496
72,1,0.0,0.0,-0.00011607187344338566,0.0,-0.07763884735994692
72,2,0.0,0.0,0.0,0.0,-0.23542668585209317
72,3,0.0,0.0,0.0,0.0,0.0
72,4,0.0,0.0,0.0,0.0,0.0
73,0,0.0,-2.5117459113931463e-06,0.0,0.0,-2.604908982387157
73,1,0.0,0.0,-0.00011607187344338566,0.0,-0.07763884735994692
73,2,0.0,0.0,0.0,0.0,-0.23542668585209317
73,3,0.0,0.0,0.0,0.0,0.0
73,4,0.0,0.0,0.0,0.0,0.0
74,0,0.0,-2.5117459113931463e-06,0.0,0.0,-2.6399593846629426
74,1,0.0,0.0,-0.00011607187344338566,0.0,-0.07763884735994692
74,2,0.0,0.0,0.0,0.0,-0.23542668585209317
74,3,0.0,0.0,0.0,0.0,0.0
74,4,0.0,0.0,0.0,0.0,0.0
75,0,0.0,-2.5117459113931463e-06,0.0,0.0,-2.671376949043076
75,1,0.0,0.0,-0.00011607187344338566,0.0,-0.07763884735994692
75,2,0.0,0.0,0.0,0.0,-0.23542668585209317
75,3,0.0,0.0,0.0,0.0,0.0
75,4,0.0,0.0,0.0,0.0,0.0
76,0,0.0,-2.5117459113931463e-06,0.0,0.0,-2.7040418606231005
76,1,0.0,0.0,-0.00011607187344338566,0.0,-0.07763884735994692
76,2,0.0,0.0,0.0,0.0,-0.23542668585209317
76,3,0.0,0.0,0.0,0.0,0.0
76,4,0.0,0.0,0.0,0.0,0.0
77,0,0.0,-2.5117459113931463e-06,0.0,0.0,-2.739230729939935
77,1,0.0,0.0,-0.00011607187344338566,0.0,-0.07763884735994692
77,2,0.0,0.0,0.0,0.0,-0.23542668585209317
77,3,0.0,0.0,0.0,0.0,0.0
77,4,0.0,0.0,0.0,0.0,0.0
78,0,0.0,-2.5117459113931463e-06,0.0,0.0,-2.7706989898073053
78,1,0.0,0.0,-0.00011607187344338566,0.0,-0.07763884735994692
78,2,0.0,0.0,0.0,0.0,-0.23542668585209317
78,3,0.0,0.0,0.0,0.0,0.0
78,4,0.0,0.0,0.0,0.0,0.0
79,0,0.0,-2.5117459113931463e-06,0.0,0.0,-2.801049606560646
79,1,0.0,0.0,-0.00011607187344338566,0.0,-0.07763884735994692
79,2,0.0,0.0,0.0,0.0,-0.23542668585209317
79,3,0.0,0.0,0.0,0.0,0.0
79,4,0.0,0.0,0.0,0.0,0.0
80,0,0.0,-2.5117459113931463e-06,0.0,0.0,-2.830565591797637
80,1,0.0,0.0,-0.00011607187344338566,0.0,-0.07763884735994692
80,2,0.0,0.0,0.0,0.0,-0.23542668585209317
80,3,0.0,0.0,0.0,0.0,0.0
80,4,0.0,0.0,0.0,0.0,0.0
81,0,0.0,-2.5117459113931463e-06,0.0,0.0,-2.8646950801240547
81,1,0.0,0.0,-0.00011607187344338566,0.0,-0.07763884735994692
81,2,0.0,0.0,0.0,0.0,-0.23542668585209317
81,3,0.0,0.0,0.0,0.0,0.0
81,4,0.0,0.0,0.0,0.0,0.0
82,0,0.0,-2.5117459113931463e-06,0.0,0.0,-2.8962940895707376
82,1,0.0,0.0,-0.00011607187344338566,0.0,-0.07763884735994692
82,2,0.0,0.0,0.0,0.0,-0.23542668585209317
82,3,0.0,0.0,0.0,0.0,0.0
82,4,0.0,0.0,0.0,0.0,0.0
83,0,0.0,-2.5117459113931463e-06,0.0,0.0,-2.9273964455748587
83,1,0.0,0.0,-0.00011607187344338566,0.0,-0.07763884735994692
83,2,0.0,0.0,0.0,0.0,-0.23542668585209317
83,3,0.0,0.0,0.0,0.0,0.0
83,4,0.0,0.0,0.0,0.0,0.0
84,0,0.0,-2.5117459113931463e-06,0.0,0.0,-2.962374492597126
84,1,0.0,0.0,-0.00011607187344338566,0.0,-0.07763884735994692
84,2,0.0,0.0,0.0,0.0,-0.23542668585209317
84,3,0.0,0.0,0.0,0.0,0.0
84,4,0.0,0.0,0.0,0.0,0.0
85,0,0.0,-2.5117459113931463e-06,0.0,0.0,-2.9959080608491666
85,1,0.0,0.0,-0.00011607187344338566,0.0,-0.07763884735994692
85,2,0.0,0.0,0.0,0.0,-0.23542668585209317
85,3,0.0,0.0,0.0,0.0,0.0
85,4,0.0,0.0,0.0,0.0,0.0
86,0,0.0,-2.5117459113931463e-06,0.0,0.0,-3.0266466226776267
86,1,0.0,0.0,-0.00011607187344338566,0.0,-0.07763884735994692
86,2,0.0,0.0,0.0,0.0,-0.23542668585209317
86,3,0.0,0.0,0.0,0.0,0.0
86,4,0.0,0.0,0.0,0.0,0.0
87,0,0.0,-2.5117459113931463e-06,0.0,0.0,-3.063024964756007
87,1,0.0,0.0,-0.00011607187344338566,0.0,-0.07763884735994692
87,2,0.0,0.0,0.0,0.0,-0.23542668585209317
87,3,0.0,0.0,0.0,0.0,0.0
87,4,0.0,0.0,0.0,0.0,0.0
88,0,0.0,-2.5117459113931463e-06,0.0,0.0,-3.094441907055609
88,1,0.0,0.0,-0.00011607187344338566,0.0,-0.07763884735994692
88,2,0.0,0.0,0.0,0.0,-0.23542668585209317
88,3,0.0,0.0,0.0,0.0,0.0
88,4,0.0,0.0,0.0,0.0,0.0
89,0,0.0,-2.5117459113931463e-06,0.0,0.0,-3.1248070459748996
89,1,0.0,0.0,-0.00011607187344338566,0.0,-0.07763884735994692
89,2,0.0,0.0,0.0,0.0,-0.23542668585209317
89,3,0.0,0.0,0.0,0.0,0.0
89,4,0.0,0.0,0.0,0.0,0.0
90,0,0.0,-2.5117459113931463e-06,0.0,0.0,-3.160050935283065
90,1,0.0,0.0,-0.00011607187344338566,0.0,-0.07763884735994692
90,2,0.0,0.0,0.0,0.0,-0.23542668585209317
90,3,0.0,0.0,0.0,0.0,0.0
90,4,0.0,0.0,0.0,0.0,0.0
91,0,0.0,-2.5117459113931463e-06,0.0,0.0,-3.1948335153922223
91,1,0.0,0.0,-0.00011607187344338566,0.0,-0.07763884735994692
91,2,0.0,0.0,0.0,0.0,-0.23542668585209317
91,3,0.0,0.0,0.0,0.0,0.0
91,4,0.0,0.0,0.0,0.0,0.0
92,0,0.0,-1.2552265350425417e-05,0.0,0.0,-3.1948335153922223
92,1,0.0,0.0,-0.00011607187344338566,0.0,-0.12080488987787488
92,2,0.0,0.0,0.0,0.0,-0.23542668585209317
92,3,0.0,0.0,0.0,0.0,0.0
92,4,0.0,0.0,0.0,0.0,0.0
93,0,0.0,-1.2552265350425417e-05,0.0,0.0,-3.226075090910766
93,1,0.0,0.0,-0.00011607187344338566,0.0,-0.12080488987787488
93,2,0.0,0.0,0.0,0.0,-0.23542668585209317
93,3,0.0,0.0,0.0,0.0,0.0
93,4,0.0,0.0,0.0,0.0,0.0
94,0,0.0,-1.2552265350425417e-05,0.0,0.0,-3.2636901755487266
94,1,0.0,0.0,-0.00011607187344338566,0.0,-0.12080488987787488
94,2,0.0,0.0,0.0,0.0,-0.23542668585209317
94,3,0.0,0.0,0.0,0.0,0.0
94,4,0.0,0.0,0.0,0.0,0.0
95,0,0.0,-1.2552265350425417e-05,0.0,0.0,-3.2989557849793285
95,1,0.0,0.0,-0.00011607187344338566,0.0,-0.12080488987787488
95,2,0.0,0.0,0.0,0.0,-0.23542668585209317
95,3,0.0,0.0,0.0,0.0,0.0
95,4,0.0,0.0,0.0,0.0,0.0
96,0,0.0,-1.2552265350425417e-05,0.0,0.0,-3.3347140807652624
96,1,0.0,0.0,-0.00011607187344338566,0.0,-0.12080488987787488
96,2,0.0,0.0,0.0,0.0,-0.23542668585209317
96,3,0.0,0.0,0.0,0.0,0.0
96,4,0.0,0.0,0.0,0.0,0.0
97,0,0.0,-1.2552265350425417e-05,0.0,0.0,-3.367226041804121
97,1,0.0,0.0,-0.00011607187344338566,0.0,-0.12080488987787488
97,2,0.0,0.0,0.0,0.0,-0.23542668585209317
97,3,0.0,0.0,0.0,0.0,0.0
97,4,0.0,0.0,0.0,0.0,0.0
98,0,0.0,-1.2552265350425417e-05,0.0,0.0,-3.3981074010547636
98,1,0.0,0.0,-0.00011607187344338566,0.0,-0.12080488987787488
98,2,0.0,0.0,0.0,0.0,-0.23542668585209317
98,3,0.0,0.0,0.0,0.0,0.0
98,4,0.0,0.0,0.0,0.0,0.0
99,0,0.0,-1.2552265350425417e-05,0.0,0.0,-3.428174295838969
99,1,0.0,0.0,-0.00011607187344338566,0.0,-0.12080488987787488
99,2,0.0,0.0,0.0,0.0,-0.23542668585209317
99,3,0.0,0.0,0.0,0.0,0.0
99,4,0.0,0.0,0.0,0.0,0.0
100,0,0.0,-1.2552265350425417e-05,0.0,0.0,-3.460609936689234
100,1,0.0,0.0,-0.00011607187344338566,0.0,-0.12080488987787488
100,2,0.0,0.0,0.0,0.0,-0.23542668585209317
100,3,0.0,0.0,0.0,0.0,0.0
100,4,0.0,0.0,0.0,0.0,0.0
101,0,0.0,-1.2552265350425417e-05,0.0,0.0,-3.4927951740927883
101,1,0.0,0.0,-0.00011607187344338566,0.0,-0.12080488987787488
101,2,0.0,0.0,0.0,0.0,-0.23542668585209317
101,3,0.0,0.0,0.0,0.0,0.0
101,4,0.0,0.0,0.0,0.0,0.0
102,0,0.0,-1.2552265350425417e-05,0.0,0.0,-3.5267506814881555
102,1,0.0,0.0,-0.00011607187344338566,0.0,-0.12080488987787488
102,2,0.0,0.0,0.0,0.0,-0.23542668585209317
102,3,0.0,0.0,0.0,0.0,0.0
102,4,0.0,0.0,0.0,0.0,0.0
103,0,0.0,-1.2552265350425417e-05,0.0,0.0,-3.561535328220808
103,1,0.0,0.0,-0.00011607187344338566,0.0,-0.12080488987787488
103,2,0.0,0.0,0.0,0.0,-0.23542668585209317
103,3,0.0,0.0,0.0,0.0,0.0
103,4,0.0,0.0,0.0,0.0,0.0
104,0,0.0,-1.2552265350425417e-05,0.0,0.0,-3.596306224904691
104,1,0.0,0.0,-0.00011607187344338566,0.0,-0.12080488987787488
104,2,0.0,0.0,0.0,0.0,-0.23542668585209317
104,3,0.0,0.0,0.0,0.0,0.0
104,4,0.0,0.0,0.0,0.0,0.0
105,0,0.0,-1.2552265350425417e-05,0.0,0.0,-3.631227069631032
105,1,0.0,0.0,-0.00011607187344338566,0.0,-0.12080488987787488
105,2,0.0,0.0,0.0,0.0,-0.23542668585209317
105,3,0.0,0.0,0.0,0.0,0.0
105,4,0.0,0.0,0.0,0.0,0.0
106,0,0.0,-1.2552265350425417e-05,0.0,0.0,-3.6629783836701235
106,1,0.0,0.0,-0.00011607187344338566,0.0,-0.12080488987787488
106,2,0.0,0.0,0.0,0.0,-0.23542668585209317
106,3,0.0,0.0,0.0,0.0,0.0
106,4,0.0,0.0,0.0,0.0,0.0
107,0,0.0,-1.2552265350425417e-05,0.0,0.0,-3.695495832965206
107,1,0.0,0.0,-0.00011607187344338566,0.0,-0.12080488987787488
107,2,0.0,0.0,0.0,0.0,-0.23542668585209317
107,3,0.0,0.0,0.0,0.0,0.0
107,4,0.0,0.0,0.0,0.0,0.0
108,0,0.0,-1.2552265350425417e-05,0.0,0.0,-3.72933113806872
108,1,0.0,0.0,-0.00011607187344338566,0.0,-0.12080488987787488
108,2,0.0,0.0,0.0,0.0,-0.23542668585209317
108,3,0.0,0.0,0.0,0.0,0.0
108,4,0.0,0.0,0.0,0.0,0.0
109,0,0.0,-3.6848415290690505e-05,0.0,0.0,-3.72933113806872
109,1,0.0,0.0,-0.00011607187344338566,0.0,-0.15836170693665838
109,2,0.0,0.0,0.0,0.0,-0.23542668585209317
109,3,0.0,0.0,0.0,0.0,0.0
109,4,0.0,0.0,0.0,0.0,0.0
110,0,0.0,-3.6848415290690505e-05,0.0,0.0,-3.7595782309091113
110,1,0.0,0.0,-0.00011607187344338566,0.0,-0.15836170693665838
110,2,0.0,0.0,0.0,0.0,-0.23542668585209317
110,3,0.0,0.0,0.0,0.0,0.0
110,4,0.0,0.0,0.0,0.0,0.0
111,0,0.0,-3.6848415290690505e-05,0.0,0.0,-3.7870010079953103
111,1,0.0,0.0,-0.00011607187344338566,0.0,-0.15836170693665838
111,2,0.0,0.0,0.0,0.0,-0.23542668585209317
111,3,0.0,0.0,0.0,0.0,0.0
111,4,0.0,0.0,0.0,0.0,0.0
112,0,0.0,-3.6848415290690505e-05,0.0,0.0,-3.8195146927759924
112,1,0.0,0.0,-0.00011607187344338566,0.0,-0.15836170693665838
112,2,0.0,0.0,0.0,0.0,-0.23542668585209317
112,3,0.0,0.0,0.0,0.0,0.0
112,4,0.0,0.0,0.0,0.0,0.0
113,0,0.0,-3.6848415290690505e-05,0.0,0.0,-3.852904653433921
113,1,0.0,0.0,-0.00011607187344338566,0.0,-0.15836170693665838
113,2,0.0,0.0,0.0,0.0,-0.23542668585209317
113,3,0.0,0.0,0.0,0.0,0.0
113,4,0.0,0.0,0.0,0.0,0.0
114,0,0.0,-3.6848415290690505e-05,0.0,0.0,-3.8838803494426664
114,1,0.0,0.0,-0.00011607187344338566,0.0,-0.15836170693665838
114,2,0.0,0.0,0.0,0.0,-0.23542668585209317
114,3,0.0,0.0,0.0,0.0,0.0
114,4,0.0,0.0,0.0,0.0,0.0
115,0,0.0,-3.6848415290690505e-05,0.0,0.0,-3.911176693688452
115,1,0.0,0.0,-0.00011607187344338566,0.0,-0.15836170693665838
115,2,0.0,0.0,0.0,0.0,-0.23542668585209317
115,3,0.0,0.0,0.0,0.0,0.0
115,4,0.0,0.0,0.0,0.0,0.0
116,0,0.0,-7.857035473265094e-05,0.0,0.0,-3.911176693688452
116,1,0.0,0.0,-0.00011607187344338566,0.0,-0.1980045374558832
116,2,0.0,0.0,0.0,0.0,-0.23542668585209317
116,3,0.0,0.0,0.0,0.0,0.0
116,4,0.0,0.0,0.0,0.0,0.0
117,0,0.0,-7.857035473265094e-05,0.0,0.0,-3.9426691683070634
117,1,0.0,0.0,-0.00011607187344338566,0.0,-0.1980045374558832
117,2,0.0,0.0,0.0,0.0,-0.23542668585209317
117,3,0.0,0.0,0.0,0.0,0.0
117,4,0.0,0.0,0.0,0.0,0.0
118,0,0.0,-7.857035473265094e-05,0.0,0.0,-3.971541464634129
118,1,0.0,0.0,-0.00011607187344338566,0.0,-0.1980045374558832
118,2,0.0,0.0,0.0,0.0,-0.23542668585209317
118,3,0.0,0.0,0.0,0.0,0.0
118,4,0.0,0.0,0.0,0.0,0.0
119,0,0.0,-7.857035473265094e-05,0.0,0.0,-3.9993122223679185
119,1,0.0,0.0,-0.00011607187344338566,0.0,-0.1980045374558832
119,2,0.0,0.0,0.0,0.0,-0.23542668585209317
119,3,0.0,0.0,0.0,0.0,0.0
119,4,0.0,0.0,0.0,0.0,0.0
120,0,0.0,-7.857035473265094e-05,0.0,0.0,-4.033177064031166
120,1,0.0,0.0,-0.00011607187344338566,0.0,-0.1980045374558832
120,2,0.0,0.0,0.0,0.0,-0.23542668585209317
120,3,0.0,0.0,0.0,0.0,0.0
120,4,0.0,0.0,0.0,0.0,0.0
121,0,0.0,-7.857035473265094e-05,0.0,0.0,-4.068839802048132
121,1,0.0,0.0,-0.00011607187344338566,0.0,-0.1980045374558832
121,2,0.0,0.0,0.0,0.0,-0.23542668585209317
121,3,0.0,0.0,0.0,0.0,0.0
121,4,0.0,0.0,0.0,0.0,0.0
122,0,0.0,-0.00014374702958057625,0.0,0.0,-4.068839802048132
122,1,0.0,0.0,-0.00011607187344338566,0.0,-0.2371965349009166
122,2,0.0,0.0,0.0,0.0,-0.23542668585209317
122,3,0.0,0.0,0.0,0.0,0.0
122,4,0.0,0.0,0.0,0.0,0.0
123,0,0.0,-0.00014374702958057625,0.0,0.0,-4.101397021250025
123,1,0.0,0.0,-0.00011607187344338566,0.0,-0.2371965349009166
123,2,0.0,0.0,0.0,0.0,-0.23542668585209317
123,3,0.0,0.0,0.0,0.0,0.0
123,4,0.0,0.0,0.0,0.0,0.0
124,0,0.0,-0.00014374702958057625,0.0,0.0,-4.128769789990223
124,1,0.0,0.0,-0.00011607187344338566,0.0,-0.2371965349009166
124,2,0.0,0.0,0.0,0.0,-0.23542668585209317
124,3,0.0,0.0,0.0,0.0,0.0
124,4,0.0,0.0,0.0,0.0,0.0
125,0,0.0,-0.00014374702958057625,0.0,0.0,-4.159969470031019
125,1,0.0,0.0,-0.00011607187344338566,0.0,-0.2371965349009166
125,2,0.0,0.0,0.0,0.0,-0.23542668585209317
125,3,0.0,0.0,0.0,0.0,0.0
125,4,0.0,0.0,0.0,0.0,0.0
126,0,0.0,-0.00014374702958057625,0.0,0.0,-4.191834409536099
126,1,0.0,0.0,-0.00011607187344338566,0.0,-0.2371965349009166
126,2,0.0,0.0,0.0,0.0,-0.23542668585209317
126,3,0.0,0.0,0.0,0.0,0.0
126,4,0.0,0.0,0.0,0.0,0.0
127,0,0.0,-0.00014374702958057625,0.0,0.0,-4.221078539677302
127,1,0.0,0.0,-0.00011607187344338566,0.0,-0.2371965349009166
127,2,0.0,0.0,0.0,0.0,-0.23542668585209317
127,3,0.0,0.0,0.0,0.0,0.0
127,4,0.0,0.0,0.0,0.0,0.0
128,0,0.0,-0.00014374702958057625,0.0,0.0,-4.252299477918955
128,1,0.0,0.0,-0.00011607187344338566,0.0,-0.2371965349009166
128,2,0.0,0.0,0.0,0.0,-0.23542668585209317
128,3,0.0,0.0,0.0,0.0,0.0
128,4,0.0,0.0,0.0,0.0,0.0
129,0,0.0,-0.00014374702958057625,0.0,0.0,-4.282274871207587
129,1,0.0,0.0,-0.00011607187344338566,0.0,-0.2371965349009166
129,2,0.0,0.0,0.0,0.0,-0.23542668585209317
129,3,0.0,0.0,0.0,0.0,0.0
129,4,0.0,0.0,0.0,0.0,0.0
130,0,0.0,-0.00014374702958057625,0.0,0.0,-4.313140658534624
130,1,0.0,0.0,-0.00011607187344338566,0.0,-0.2371965349009166
130,2,0.0,0.0,0.0,0.0,-0.23542668585209317
130,3,0.0,0.0,0.0,0.0,0.0
130,4,0.0,0.0,0.0,0.0,0.0
131,0,0.0,-0.00014374702958057625,0.0,0.0,-4.342362702699798
131,1,0.0,0.0,-0.00011607187344338566,0.0,-0.2371965349009166
131,2,0.0,0.0,0.0,0.0,-0.23542668585209317
131,3,0.0,0.0,0.0,0.0,0.0
131,4,0.0,0.0,0.0,0.0,0.0
132,0,0.0,-0.00014374702958057625,0.0,0.0,-4.375530971494098
132,1,0.0,0.0,-0.00011607187344338566,0.0,-0.2371965349009166
132,2,0.0,0.0,0.0,0.0,-0.23542668585209317
132,3,0.0,0.0,0.0,0.0,0.0
132,4,0.0,0.0,0.0,0.0,0.0
133,0,0.0,-0.00014374702958057625,0.0,0.0,-4.408461821996762
133,1,0.0,0.0,-0.00011607187344338566,0.0,-0.2371965349009166
133,2,0.0,0.0,0.0,0.0,-0.23542668585209317
133,3,0.0,0.0,0.0,0.0,0.0
133,4,0.0,0.0,0.0,0.0,0.0
134,0,0.0,-0.00014374702958057625,0.0,0.0,-4.438050045525714
134,1,0.0,0.0,-0.00011607187344338566,0.0,-0.2371965349009166
134,2,0.0,0.0,0.0,0.0,-0.23542668585209317
134,3,0.0,0.0,0.0,0.0,0.0
134,4,0.0,0.0,0.0,0.0,0.0
135,0,0.0,-0.00014374702958057625,0.0,0.0,-4.470593151938136
135,1,0.0,0.0,-0.00011607187344338566,0.0,-0.2371965349009166
135,2,0.0,0.0,0.0,0.0,-0.23542668585209317
135,3,0.0,0.0,0.0,0.0,0.0
135,4,0.0,0.0,0.0,0.0,0.0
136,0,0.0,-0.00014374702958057625,0.0,0.0,-4.49807653716292
136,1,0.0,0.0,-0.00011607187344338566,0.0,-0.2371965349009166
136,2,0.0,0.0,0.0,0.0,-0.23542668585209317
136,3,0.0,0.0,0.0,0.0,0.0
136,4,0.0,0.0,0.0,0.0,0.0
137,0,0.0,-0.00014374702958057625,0.0,0.0,-4.530204583212098
137,1,0.0,0.0,-0.00011607187344338566,0.0,-0.2371965349009166
137,2,0.0,0.0,0.0,0.0,-0.23542668585209317
137,3,0.0,0.0,0.0,0.0,0.0
137,4,0.0,0.0,0.0,0.0,0.0
138,0,0.0,-0.00014374702958057625,0.0,0.0,-4.561665000264284
138,1,0.0,0.0,-0.00011607187344338566,0.0,-0.2371965349009166
138,2,0.0,0.0,0.0,0.0,-0.23542668585209317
138,3,0.0,0.0,0.0,0.0,0.0
138,4,0.0,0.0,0.0,0.0,0.0
139,0,0.0,-0.00014374702958057625,0.0,0.0,-4.589123718677223
139,1,0.0,0.0,-0.00011607187344338566,0.0,-0.2371965349009166
139,2,0.0,0.0,0.0,0.0,-0.23542668585209317
139,3,0.0,0.0,0.0,0.0,0.0
139,4,0.0,0.0,0.0,0.0,0.0
140,0,0.0,-0.00014374702958057625,0.0,0.0,-4.619952641918747
140,1,0.0,0.0,-0.00011607187344338566,0.0,-0.2371965349009166
140,2,0.0,0.0,0.0,0.0,-0.23542668585209317
140,3,0.0,0.0,0.0,0.0,0.0
140,4,0.0,0.0,0.0,0.0,0.0
141,0,0.0,-0.00014374702958057625,0.0,0.0,-4.64934731041986
141,1,0.0,0.0,-0.00011607187344338566,0.0,-0.2371965349009166
141,2,0.0,0.0,0.0,0.0,-0.23542668585209317
141,3,0.0,0.0,0.0,0.0,0.0
141,4,0.0,0.0,0.0,0.0,0.0
142,0,0.0,-0.00014374702958057625,0.0,0.0,-4.675347697359349
142,1,0.0,0.0,-0.00011607187344338566,0.0,-0.2371965349009166
142,2,0.0,0.0,0.0,0.0,-0.23542668585209317
142,3,0.0,0.0,0.0,0.0,0.0
142,4,0.0,0.0,0.0,0.0,0.0
143,0,0.0,-0.00014374702958057625,0.0,0.0,-4.702698274041452
143,1,0.0,0.0,-0.00011607187344338566,0.0,-0.2371965349009166
143,2,0.0,0.0,0.0,0.0,-0.23542668585209317
143,3,0.0,0.0,0.0,0.0,0.0
143,4,0.0,0.0,0.0,0.0,0.0
144,0,0.0,-0.00014374702958057625,0.0,0.0,-4.729800445179661
144,1,0.0,0.0,-0.00011607187344338566,0.0,-0.2371965349009166
144,2,0.0,0.0,0.0,0.0,-0.23542668585209317
144,3,0.0,0.0,0.0,0.0,0.0
144,4,0.0,0.0,0.0,0.0,0.0
145,0,0.0,-0.00014374702958057625,0.0,0.0,-4.751733327033655
145,1,0.0,0.0,-0.00011607187344338566,0.0,-0.2371965349009166
145,2,0.0,0.0,0.0,0.0,-0.23542668585209317
145,3,0.0,0.0,0.0,0.0,0.0
145,4,0.0,0.0,0.0,0.0,0.0
146,0,0.0,-0.00014374702958057625,0.0,0.0,-4.776383571538753
146,1,0.0,0.0,-0.00011607187344338566,0.0,-0.2371965349009166
146,2,0.0,0.0,0.0,0.0,-0.23542668585209317
146,3,0.0,0.0,0.0,0.0,0.0
146,4,0.0,0.0,0.0,0.0,0.0
147,0,0.0,-0.00023720056787062112,0.0,0.0,-4.776383571538753
147,1,0.0,0.0,-0.00011607187344338566,0.0,-0.2839860315363257
147,2,0.0,0.0,0.0,0.0,-0.23542668585209317
147,3,0.0,0.0,0.0,0.0,0.0
147,4,0.0,0.0,0.0,0.0,0.0
148,0,0.0,-0.00023720056787062112,0.0,0.0,-4.804226645540972
148,1,0.0,0.0,-0.00011607187344338566,0.0,-0.2839860315363257
148,2,0.0,0.0,0.0,0.0,-0.23542668585209317
148,3,0.0,0.0,0.0,0.0,0.0
148,4,0.0,0.0,0.0,0.0,0.0
149,0,0.0,-0.00023720056787062112,0.0,0.0,-4.828791004828263
149,1,0.0,0.0,-0.00011607187344338566,0.0,-0.2839860315363257
149,2,0.0,0.0,0.0,0.0,-0.23542668585209317
149,3,0.0,0.0,0.0,0.0,0.0
149,4,0.0,0.0,0.0,0.0,0.0
150,0,0.0,-0.00023720056787062112,0.0,0.0,-4.855916513062674
150,1,0.0,0.0,-0.00011607187344338566,0.0,-0.2839860315363257
150,2,0.0,0.0,0.0,0.0,-0.23542668585209317
150,3,0.0,0.0,0.0,0.0,0.0
150,4,0.0,0.0,0.0,0.0,0.0
151,0,0.0,-0.000371051812598384,0.0,0.0,-4.855916513062674
151,1,0.0,0.0,-0.00011607187344338566,0.0,-0.32414251589276005
151,2,0.0,0.0,0.0,0.0,-0.23542668585209317
151,3,0.0,0.0,0.0,0.0,0.0
151,4,0.0,0.0,0.0,0.0,0.0
152,0,0.0,-0.000371051812598384,0.0,0.0,-4.881871924990949
152,1,0.0,0.0,-0.00011607187344338566,0.0,-0.32414251589276005
152,2,0.0,0.0,0.0,0.0,-0.23542668585209317
152,3,0.0,0.0,0.0,0.0,0.0
152,4,0.0,0.0,0.0,0.0,0.0
153,0,0.0,-0.000371051812598384,0.0,0.0,-4.909877025206279
153,1,0.0,0.0,-0.00011607187344338566,0.0,-0.32414251589276005
153,2,0.0,0.0,0.0,0.0,-0.23542668585209317
153,3,0.0,0.0,0.0,0.0,0.0
153,4,0.0,0.0,0.0,0.0,0.0
154,0,0.0,-0.000371051812598384,0.0,0.0,-4.939663152121118
154,1,0.0,0.0,-0.00011607187344338566,0.0,-0.32414251589276005
154,2,0.0,0.0,0.0,0.0,-0.23542668585209317
154,3,0.0,0.0,0.0,0.0,0.0
154,4,0.0,0.0,0.0,0.0,0.0
155,0,0.0,-0.000371051812598384,0.0,0.0,-4.968286211804797
155,1,0.0,0.0,-0.00011607187344338566,0.0,-0.32414251589276005
155,2,0.0,0.0,0.0,0.0,-0.23542668585209317
155,3,0.0,0.0,0.0,0.0,0.0
155,4,0.0,0.0,0.0,0.0,0.0
156,0,0.0,-0.000371051812598384,0.0,0.0,-4.996456279710163
156,1,0.0,0.0,-0.00011607187344338566,0.0,-0.32414251589276005
156,2,0.0,0.0,0.0,0.0,-0.23542668585209317
156,3,0.0,0.0,0.0,0.0,0.0
156,4,0.0,0.0,0.0,0.0,0.0
157,0,0.0,-0.000371051812598384,0.0,0.0,-5.024755271625582
157,1,0.0,0.0,-0.00011607187344338566,0.0,-0.32414251589276005
157,2,0.0,0.0,0.0,0.0,-0.23542668585209317
157,3,0.0,0.0,0.0,0.0,0.0
157,4,0.0,0.0,0.0,0.0,0.0
158,0,0.0,-0.000371051812598384,0.0,0.0,-5.054491830292122
158,1,0.0,0.0,-0.00011607187344338566,0.0,-0.32414251589276005
158,2,0.0,0.0,0.0,0.0,-0.23542668585209317
158,3,0.0,0.0,0.0,0.0,0.0
158,4,0.0,0.0,0.0,0.0,0.0
159,0,0.0,-0.000371051812598384,0.0,0.0,-5.083723636667566
159,1,0.0,0.0,-0.00011607187344338566,0.0,-0.32414251589276005
159,2,0.0,0.0,0.0,0.0,-0.23542668585209317
159,3,0.0,0.0,0.0,0.0,0.0
159,4,0.0,0.0,0.0,0.0,0.0
160,0,0.0,-0.000371051812598384,0.0,0.0,-5.108341145518681
160,1,0.0,0.0,-0.00011607187344338566,0.0,-0.32414251589276005
160,2,0.0,0.0,0.0,0.0,-0.23542668585209317
160,3,0.0,0.0,0.0,0.0,0.0
160,4,0.0,0.0,0.0,0.0,0.0
161,0,0.0,-0.000371051812598384,0.0,0.0,-5.136614905070706
161,1,0.0,0.0,-0.00011607187344338566,0.0,-0.32414251589276005
161,2,0.0,0.0,0.0,0.0,-0.23542668585209317
161,3,0.0,0.0,0.0,0.0,0.0
161,4,0.0,0.0,0.0,0.0,0.0
162,0,0.0,-0.000371051812598384,0.0,0.0,-5.163142500359768
162,1,0.0,0.0,-0.00011607187344338566,0.0,-0.32414251589276005
162,2,0.0,0.0,0.0,0.0,-0.23542668585209317
162,3,0.0,0.0,0.0,0.0,0.0
162,4,0.0,0.0,0.0,0.0,0.0
163,0,0.0,-0.000371051812598384,0.0,0.0,-5.189801870543642
163,1,0.0,0.0,-0.00011607187344338566,0.0,-0.32414251589276005
163,2,0.0,0.0,0.0,0.0,-0.23542668585209317
163,3,0.0,0.0,0.0,0.0,0.0
163,4,0.0,0.0,0.0,0.0,0.0
164,0,0.0,-0.000371051812598384,0.0,0.0,-5.217985180662215
164,1,0.0,0.0,-0.00011607187344338566,0.0,-0.32414251589276005
164,2,0.0,0.0,0.0,0.0,-0.23542668585209317
164,3,0.0,0.0,0.0,0.0,0.0
164,4,0.0,0.0,0.0,0.0,0.0
165,0,0.0,-0.000371051812598384,0.0,0.0,-5.247700308683224
165,1,0.0,0.0,-0.00011607187344338566,0.0,-0.32414251589276005
165,2,0.0,0.0,0.0,0.0,-0.23542668585209317
165,3,0.0,0.0,0.0,0.0,0.0
165,4,0.0,0.0,0.0,0.0,0.0
166,0,0.0,-0.000371051812598384,0.0,0.0,-5.2751095120797755
166,1,0.0,0.0,-0.00011607187344338566,0.0,-0.32414251589276005
166,2,0.0,0.0,0.0,0.0,-0.23542668585209317
166,3,0.0,0.0,0.0,0.0,0.0
166,4,0.0,0.0,0.0,0.0,0.0
167,0,0.0,-0.000371051812598384,0.0,0.0,-5.301467541762595
167,1,0.0,0.0,-0.00011607187344338566,0.0,-0.32414251589276005
167,2,0.0,0.0,0.0,0.0,-0.23542668585209317
167,3,0.0,0.0,0.0,0.0,0.0
167,4,0.0,0.0,0.0,0.0,0.0
168,0,0.0,-0.000371051812598384,0.0,0.0,-5.326652872362867
168,1,0.0,0.0,-0.00011607187344338566,0.0,-0.32414251589276005
168,2,0.0,0.0,0.0,0.0,-0.23542668585209317
168,3,0.0,0.0,0.0,0.0,0.0
168,4,0.0,0.0,0.0,0.0,0.0
169,0,0.0,-0.000371051812598384,0.0,0.0,-5.357701555468932
169,1,0.0,0.0,-0.00011607187344338566,0.0,-0.32414251589276005
169,2,0.0,0.0,0.0,0.0,-0.23542668585209317
169,3,0.0,0.0,0.0,0.0,0.0
169,4,0.0,0.0,0.0,0.0,0.0
170,0,0.0,-0.000371051812598384,0.0,0.0,-5.389269657838466
170,1,0.0,0.0,-0.00011607187344338566,0.0,-0.32414251589276005
170,2,0.0,0.0,0.0,0.0,-0.23542668585209317
170,3,0.0,0.0,0.0,0.0,0.0
170,4,0.0,0.0,0.0,0.0,0.0
171,0,0.0,-0.000371051812598384,0.0,0.0,-5.417757247975851
171,1,0.0,0.0,-0.00011607187344338566,0.0,-0.32414251589276005
171,2,0.0,0.0,0.0,0.0,-0.23542668585209317
171,3,0.0,0.0,0.0,0.0,0.0
171,4,0.0,0.0,0.0,0.0,0.0
172,0,0.0,-0.000371051812598384,0.0,0.0,-5.443909147538089
172,1,0.0,0.0,-0.00011607187344338566,0.0,-0.32414251589276005
172,2,0.0,0.0,0.0,0.0,-0.23542668585209317
172,3,0.0,0.0,0.0,0.0,0.0
172,4,0.0,0.0,0.0,0.0,0.0
173,0,0.0,-0.000371051812598384,0.0,0.0,-5.469389157897874
173,1,0.0,0.0,-0.00011607187344338566,0.0,-0.32414251589276005
173,2,0.0,0.0,0.0,0.0,-0.23542668585209317
173,3,0.0,0.0,0.0,0.0,0.0
173,4,0.0,0.0,0.0,0.0,0.0
174,0,0.0,-0.000371051812598384,0.0,0.0,-5.49584838740729
174,1,0.0,0.0,-0.00011607187344338566,0.0,-0.32414251589276005
174,2,0.0,0.0,0.0,0.0,-0.23542668585209317
174,3,0.0,0.0,0.0,0.0,0.0
174,4,0.0,0.0,0.0,0.0,0.0
175,0,0.0,-0.000371051812598384,0.0,0.0,-5.518398309070153
175,1,0.0,0.0,-0.00011607187344338566,0.0,-0.32414251589276005
175,2,0.0,0.0,0.0,0.0,-0.23542668585209317
175,3,0.0,0.0,0.0,0.0,0.0
175,4,0.0,0.0,0.0,0.0,0.0
176,0,0.0,-0.000371051812598384,0.0,0.0,-5.548417977151664
176,1,0.0,0.0,-0.00011607187344338566,0.0,-0.32414251589276005
176,2,0.0,0.0,0.0,0.0,-0.23542668585209317
176,3,0.0,0.0,0.0,0.0,0.0
176,4,0.0,0.0,0.0,0.0,0.0
177,0,0.0,-0.000371051812598384,0.0,0.0,-5.572998544800294
177,1,0.0,0.0,-0.00011607187344338566,0.0,-0.32414251589276005
177,2,0.0,0.0,0.0,0.0,-0.23542668585209317
177,3,0.0,0.0,0.0,0.0,0.0
177,4,0.0,0.0,0.0,0.0,0.0
178,0,0.0,-0.000371051812598384,0.0,0.0,-5.59448017689557
178,1,0.0,0.0,-0.00011607187344338566,0.0,-0.32414251589276005
178,2,0.0,0.0,0.0,0.0,-0.23542668585209317
178,3,0.0,0.0,0.0,0.0,0.0
178,4,0.0,0.0,0.0,0.0,0.0
179,0,0.0,-0.000371051812598384,0.0,0.0,-5.621087504605016
179,1,0.0,0.0,-0.00011607187344338566,0.0,-0.32414251589276005
179,2,0.0,0.0,0.0,0.0,-0.23542668585209317
179,3,0.0,0.0,0.0,0.0,0.0
179,4,0.0,0.0,0.0,0.0,0.0
180,0,0.0,-0.000371051812598384,0.0,0.0,-5.64522229162755
180,1,0.0,0.0,-0.00011607187344338566,0.0,-0.32414251589276005
180,2,0.0,0.0,0.0,0.0,-0.23542668585209317
180,3,0.0,0.0,0.0,0.0,0.0
180,4,0.0,0.0,0.0,0.0,0.0
181,0,0.0,-0.000371051812598384,0.0,0.0,-5.671243869703802
181,1,0.0,0.0,-0.00011607187344338566,0.0,-0.32414251589276005
181,2,0.0,0.0,0.0,0.0,-0.23542668585209317
181,3,0.0,0.0,0.0,0.0,0.0
181,4,0.0,0.0,0.0,0.0,0.0
182,0,0.0,-0.000371051812598384,0.0,0.0,-5.697646696758177
182,1,0.0,0.0,-0.00011607187344338566,0.0,-0.32414251589276005
182,2,0.0,0.0,0.0,0.0,-0.23542668585209317
182,3,0.0,0.0,0.0,0.0,0.0
182,4,0.0,0.0,0.0,0.0,0.0
183,0,0.0,-0.000371051812598384,0.0,0.0,-5.722816806755154
183,1,0.0,0.0,-0.00011607187344338566,0.0,-0.32414251589276005
183,2,0.0,0.0,0.0,0.0,-0.23542668585209317
183,3,0.0,0.0,0.0,0.0,0.0
183,4,0.0,0.0,0.0,0.0,0.0
184,0,0.0,-0.000371051812598384,0.0,0.0,-5.755915078479743
184,1,0.0,0.0,-0.00011607187344338566,0.0,-0.32414251589276005
184,2,0.0,0.0,0.0,0.0,-0.23542668585209317
184,3,0.0,0.0,0.0,0.0,0.0
184,4,0.0,0.0,0.0,0.0,0.0
185,0,0.0,-0.000371051812598384,0.0,0.0,-5.781830928137127
185,1,0.0,0.0,-0.00011607187344338566,0.0,-0.32414251589276005
185,2,0.0,0.0,0.0,0.0,-0.23542668585209317
185,3,0.0,0.0,0.0,0.0,0.0
185,4,0.0,0.0,0.0,0.0,0.0
186,0,0.0,-0.000371051812598384,0.0,0.0,-5.807011404328608
186,1,0.0,0.0,-0.00011607187344338566,0.0,-0.32414251589276005
186,2,0.0,0.0,0.0,0.0,-0.23542668585209317
186,3,0.0,0.0,0.0,0.0,0.0
186,4,0.0,0.0,0.0,0.0,0.0
187,0,0.0,-0.000371051812598384,0.0,0.0,-5.830405905525066
187,1,0.0,0.0,-0.00011607187344338566,0.0,-0.32414251589276005
187,2,0.0,0.0,0.0,0.0,-0.23542668585209317
187,3,0.0,0.0,0.0,0.0,0.0
187,4,0.0,0.0,0.0,0.0,0.0
188,0,0.0,-0.000371051812598384,0.0,0.0,-5.854642369760004
188,1,0.0,0.0,-0.00011607187344338566,0.0,-0.32414251589276005
188,2,0.0,0.0,0.0,0.0,-0.23542668585209317
188,3,0.0,0.0,0.0,0.0,0.0
188,4,0.0,0.0,0.0,0.0,0.0
189,0,0.0,-0.000371051812598384,0.0,0.0,-5.880124871092805
189,1,0.0,0.0,-0.00011607187344338566,0.0,-0.32414251589276005
189,2,0.0,0.0,0.0,0.0,-0.23542668585209317
189,3,0.0,0.0,0.0,0.0,0.0
189,4,0.0,0.0,0.0,0.0,0.0
190,0,0.0,-0.000371051812598384,0.0,0.0,-5.906568629301809
190,1,0.0,0.0,-0.00011607187344338566,0.0,-0.32414251589276005
190,2,0.0,0.0,0.0,0.0,-0.23542668585209317
190,3,0.0,0.0,0.0,0.0,0.0
190,4,0.0,0.0,0.0,0.0,0.0
191,0,0.0,-0.000371051812598384,0.0,0.0,-5.92970124327321
191,1,0.0,0.0,-0.00011607187344338566,0.0,-0.32414251589276005
191,2,0.0,0.0,0.0,0.0,-0.23542668585209317
191,3,0.0,0.0,0.0,0.0,0.0
191,4,0.0,0.0,0.0,0.0,0.0
192,0,0.0,-0.000371051812598384,0.0,0.0,-5.958693439441639
192,1,0.0,0.0,-0.00011607187344338566,0.0,-0.32414251589276005
192,2,0.0,0.0,0.0,0.0,-0.23542668585209317
192,3,0.0,0.0,0.0,0.0,0.0
192,4,0.0,0.0,0.0,0.0,0.0
193,0,0.0,-0.000371051812598384,0.0,0.0,-5.986267738769427
193,1,0.0,0.0,-0.00011607187344338566,0.0,-0.32414251589276005
193,2,0.0,0.0,0.0,0.0,-0.23542668585209317
193,3,0.0,0.0,0.0,0.0,0.0
193,4,0.0,0.0,0.0,0.0,0.0
194,0,0.0,-0.000371051812598384,0.0,0.0,-6.008058894154493
194,1,0.0,0.0,-0.00011607187344338566,0.0,-0.32414251589276005
194,2,0.0,0.0,0.0,0.0,-0.23542668585209317
194,3,0.0,0.0,0.0,0.0,0.0
194,4,0.0,0.0,0.0,0.0,0.0
195,0,0.0,-0.000371051812598384,0.0,0.0,-6.034234156836516
195,1,0.0,0.0,-0.00011607187344338566,0.0,-0.32414251589276005
195,2,0.0,0.0,0.0,0.0,-0.23542668585209317
195,3,0.0,0.0,0.0,0.0,0.0
195,4,0.0,0.0,0.0,0.0,0.0
196,0,0.0,-0.000371051812598384,0.0,0.0,-6.061964434627924
196,1,0.0,0.0,-0.00011607187344338566,0.0,-0.32414251589276005
196,2,0.0,0.0,0.0,0.0,-0.23542668585209317
196,3,0.0,0.0,0.0,0.0,0.0
196,4,0.0,0.0,0.0,0.0,0.0
197,0,0.0,-0.000371051812598384,0.0,0.0,-6.085256168002293
197,1,0.0,0.0,-0.00011607187344338566,0.0,-0.32414251589276005
197,2,0.0,0.0,0.0,0.0,-0.23542668585209317
197,3,0.0,0.0,0.0,0.0,0.0
197,4,0.0,0.0,0.0,0.0,0.0
198,0,0.0,-0.000371051812598384,0.0,0.0,-6.10956665478287
198,1,0.0,0.0,-0.00011607187344338566,0.0,-0.32414251589276005
198,2,0.0,0.0,0.0,0.0,-0.23542668585209317
198,3,0.0,0.0,0.0,0.0,0.0
198,4,0.0,0.0,0.0,0.0,0.0
199,0,0.0,-0.000371051812598384,0.0,0.0,-6.127711049675933
199,1,0.0,0.0,-0.00011607187344338566,0.0,-0.32414251589276005
199,2,0.0,0.0,0.0,0.0,-0.23542668585209317
199,3,0.0,0.0,0.0,0.0,0.0
199,4,0.0,0.0,0.0,0.0,0.0
200,0,0.0,-0.000371051812598384,0.0,0.0,-6.148895416131774
200,1,0.0,0.0,-0.00011607187344338566,0.0,-0.32414251589276005
200,2,0.0,0.0,0.0,0.0,-0.23542668585209317
200,3,0.0,0.0,0.0,0.0,0.0
200,4,0.0,0.0,0.0,0.0,0.0
201,0,0.0,-0.000371051812598384,0.0,0.0,-6.173841721873854
201,1,0.0,0.0,-0.00011607187344338566,0.0,-0.32414251589276005
201,2,0.0,0.0,0.0,0.0,-0.23542668585209317
201,3,0.0,0.0,0.0,0.0,0.0
201,4,0.0,0.0,0.0,0.0,0.0
202,0,0.0,-0.000371051812598384,0.0,0.0,-6.198509027912544
202,1,0.0,0.0,-0.00011607187344338566,0.0,-0.32414251589276005
202,2,0.0,0.0,0.0,0.0,-0.23542668585209317
202,3,0.0,0.0,0.0,0.0,0.0
202,4,0.0,0.0,0.0,0.0,0.0
203,0,0.0,-0.000371051812598384,0.0,0.0,-6.219786513008603
203,1,0.0,0.0,-0.00011607187344338566,0.0,-0.32414251589276005
203,2,0.0,0.0,0.0,0.0,-0.23542668585209317
203,3,0.0,0.0,0.0,0.0,0.0
203,4,0.0,0.0,0.0,0.0,0.0
204,0,0.0,-0.000371051812598384,0.0,0.0,-6.241973230692377
204,1,0.0,0.0,-0.00011607187344338566,0.0,-0.32414251589276005
204,2,0.0,0.0,0.0,0.0,-0.23542668585209317
204,3,0.0,0.0,0.0,0.0,0.0
204,4,0.0,0.0,0.0,0.0,0.0
205,0,0.0,-0.000371051812598384,0.0,0.0,-6.266739769114444
205,1,0.0,0.0,-0.00011607187344338566,0.0,-0.32414251589276005
205,2,0.0,0.0,0.0,0.0,-0.23542668585209317
205,3,0.0,0.0,0.0,0.0,0.0
205,4,0.0,0.0,0.0,0.0,0.0
206,0,0.0,-0.000371051812598384,0.0,0.0,-6.292974526259038
206,1,0.0,0.0,-0.00011607187344338566,0.0,-0.32414251589276005
206,2,0.0,0.0,0.0,0.0,-0.23542668585209317
206,3,0.0,0.0,0.0,0.0,0.0
206,4,0.0,0.0,0.0,0.0,0.0
207,0,0.0,-0.000371051812598384,0.0,0.0,-6.318049446344342
207,1,0.0,0.0,-0.00011607187344338566,0.0,-0.32414251589276005
207,2,0.0,0.0,0.0,0.0,-0.23542668585209317
207,3,0.0,0.0,0.0,0.0,0.0
207,4,0.0,0.0,0.0,0.0,0.0
208,0,0.0,-0.000371051812598384,0.0,0.0,-6.339411858038108
208,1,0.0,0.0,-0.00011607187344338566,0.0,-0.32414251589276005
208,2,0.0,0.0,0.0,0.0,-0.23542668585209317
208,3,0.0,0.0,0.0,0.0,0.0
208,4,0.0,0.0,0.0,0.0,0.0
209,0,0.0,-0.000371051812598384,0.0,0.0,-6.359720750524836
209,1,0.0,0.0,-0.00011607187344338566,0.0,-0.32414251589276005
209,2,0.0,0.0,0.0,0.0,-0.23542668585209317
209,3,0.0,0.0,0.0,0.0,0.0
209,4,0.0,0.0,0.0,0.0,0.0
210,0,0.0,-0.000371051812598384,0.0,0.0,-6.38610829524795
210,1,0.0,0.0,-0.00011607187344338566,0.0,-0.32414251589276005
210,2,0.0,0.0,0.0,0.0,-0.23542668585209317
210,3,0.0,0.0,0.0,0.0,0.0
210,4,0.0,0.0,0.0,0.0,0.0
211,0,0.0,-0.000371051812598384,0.0,0.0,-6.40709602981313
211,1,0.0,0.0,-0.00011607187344338566,0.0,-0.32414251589276005
211,2,0.0,0.0,0.0,0.0,-0.23542668585209317
211,3,0.0,0.0,0.0,0.0,0.0
211,4,0.0,0.0,0.0,0.0,0.0
212,0,0.0,-0.000371051812598384,0.0,0.0,-6.42638554363376
212,1,0.0,0.0,-0.00011607187344338566,0.0,-0.32414251589276005
212,2,0.0,0.0,0.0,0.0,-0.23542668585209317
212,3,0.0,0.0,0.0,0.0,0.0
212,4,0.0,0.0,0.0,0.0,0.0
213,0,0.0,-0.000371051812598384,0.0,0.0,-6.451340609674491
213,1,0.0,0.0,-0.00011607187344338566,0.0,-0.32414251589276005
213,2,0.0,0.0,0.0,0.0,-0.23542668585209317
213,3,0.0,0.0,0.0,0.0,0.0
213,4,0.0,0.0,0.0,0.0,0.0
214,0,0.0,-0.000371051812598384,0.0,0.0,-6.473710169043455
214,1,0.0,0.0,-0.00011607187344338566,0.0,-0.32414251589276005
214,2,0.0,0.0,0.0,0.0,-0.23542668585209317
214,3,0.0,0.0,0.0,0.0,0.0
214,4,0.0,0.0,0.0,0.0,0.0
215,0,0.0,-0.000371051812598384,0.0,0.0,-6.494313257744015
215,1,0.0,0.0,-0.00011607187344338566,0.0,-0.32414251589276005
215,2,0.0,0.0,0.0,0.0,-0.23542668585209317
215,3,0.0,0.0,0.0,0.0,0.0
215,4,0.0,0.0,0.0,0.0,0.0
216,0,0.0,-0.000371051812598384,0.0,0.0,-6.512626517861095
216,1,0.0,0.0,-0.00011607187344338566,0.0,-0.32414251589276005
216,2,0.0,0.0,0.0,0.0,-0.23542668585209317
216,3,0.0,0.0,0.0,0.0,0.0
216,4,0.0,0.0,0.0,0.0,0.0
217,0,0.0,-0.000371051812598384,0.0,0.0,-6.536960384452378
217,1,0.0,0.0,-0.00011607187344338566,0.0,-0.32414251589276005
217,2,0.0,0.0,0.0,0.0,-0.23542668585209317
217,3,0.0,0.0,0.0,0.0,0.0
217,4,0.0,0.0,0.0,0.0,0.0
218,0,0.0,-0.000371051812598384,0.0,0.0,-6.555484309223013
218,1,0.0,0.0,-0.00011607187344338566,0.0,-0.32414251589276005
218,2,0.0,0.0,0.0,0.0,-0.23542668585209317
218,3,0.0,0.0,0.0,0.0,0.0
218,4,0.0,0.0,0.0,0.0,0.0
219,0,0.0,-0.000371051812598384,0.0,0.0,-6.578010897772301
219,1,0.0,0.0,-0.00011607187344338566,0.0,-0.32414251589276005
219,2,0.0,0.0,0.0,0.0,-0.23542668585209317
219,3,0.0,0.0,0.0,0.0,0.0
219,4,0.0,0.0,0.0,0.0,0.0
220,0,0.0,-0.000371051812598384,0.0,0.0,-6.601546752274945
220,1,0.0,0.0,-0.00011607187344338566,0.0,-0.32414251589276005
220,2,0.0,0.0,0.0,0.0,-0.23542668585209317
220,3,0.0,0.0,0.0,0.0,0.0
220,4,0.0,0.0,0.0,0.0,0.0
221,0,0.0,-0.000371051812598384,0.0,0.0,-6.627787113726628
221,1,0.0,0.0,-0.00011607187344338566,0.0,-0.32414251589276005
221,2,0.0,0.0,0.0,0.0,-0.23542668585209317
221,3,0.0,0.0,0.0,0.0,0.0
221,4,0.0,0.0,0.0,0.0,0.0
222,0,0.0,-0.000371051812598384,0.0,0.0,-6.648146395123203
222,1,0.0,0.0,-0.00011607187344338566,0.0,-0.32414251589276005
222,2,0.0,0.0,0.0,0.0,-0.23542668585209317
222,3,0.0,0.0,0.0,0.0,0.0
222,4,0.0,0.0,0.0,0.0,0.0
223,0,0.0,-0.000371051812598384,0.0,0.0,-6.669200716126377
223,1,0.0,0.0,-0.00011607187344338566,0.0,-0.32414251589276005
223,2,0.0,0.0,0.0,0.0,-0.23542668585209317
223,3,0.0,0.0,0.0,0.0,0.0
223,4,0.0,0.0,0.0,0.0,0.0
224,0,0.0,-0.000371051812598384,0.0,0.0,-6.694795489051697
224,1,0.0,0.0,-0.00011607187344338566,0.0,-0.32414251589276005
224,2,0.0,0.0,0.0,0.0,-0.23542668585209317
224,3,0.0,0.0,0.0,0.0,0.0
224,4,0.0,0.0,0.0,0.0,0.0
225,0,0.0,-0.000371051812598384,0.0,0.0,-6.717997328773099
225,1,0.0,0.0,-0.00011607187344338566,0.0,-0.32414251589276005
225,2,0.0,0.0,0.0,0.0,-0.23542668585209317
225,3,0.0,0.0,0.0,0.0,0.0
225,4,0.0,0.0,0.0,0.0,0.0
226,0,0.0,-0.000371051812598384,0.0,0.0,-6.736821509724698
226,1,0.0,0.0,-0.00011607187344338566,0.0,-0.32414251589276005
226,2,0.0,0.0,0.0,0.0,-0.23542668585209317
226,3,0.0,0.0,0.0,0.0,0.0
226,4,0.0,0.0,0.0,0.0,0.0
227,0,0.0,-0.000371051812598384,0.0,0.0,-6.75925286222733
227,1,0.0,0.0,-0.00011607187344338566,0.0,-0.32414251589276005
227,2,0.0,0.0,0.0,0.0,-0.23542668585209317
227,3,0.0,0.0,0.0,0.0,0.0
227,4,0.0,0.0,0.0,0.0,0.0
228,0,0.0,-0.000371051812598384,0.0,0.0,-6.778525557721764
228,1,0.0,0.0,-0.00011607187344338566,0.0,-0.32414251589276005
228,2,0.0,0.0,0.0,0.0,-0.23542668585209317
228,3,0.0,0.0,0.0,0.0,0.0
228,4,0.0,0.0,0.0,0.0,0.0
229,0,0.0,-0.000371051812598384,0.0,0.0,-6.794256410248843
229,1,0.0,0.0,-0.00011607187344338566,0.0,-0.32414251589276005
229,2,0.0,0.0,0.0,0.0,-0.23542668585209317
229,3,0.0,0.0,0.0,0.0,0.0
229,4,0.0,0.0,0.0,0.0,0.0
230,0,0.0,-0.000371051812598384,0.0,0.0,-6.813276295647602
230,1,0.0,0.0,-0.00011607187344338566,0.0,-0.32414251589276005
230,2,0.0,0.0,0.0,0.0,-0.23542668585209317
230,3,0.0,0.0,0.0,0.0,0.0
230,4,0.0,0.0,0.0,0.0,0.0
231,0,0.0,-0.000371051812598384,0.0,0.0,-6.837210939143324
231,1,0.0,0.0,-0.00011607187344338566,0.0,-0.32414251589276005
231,2,0.0,0.0,0.0,0.0,-0.23542668585209317
231,3,0.0,0.0,0.0,0.0,0.0
231,4,0.0,0.0,0.0,0.0,0.0
232,0,0.0,-0.000371051812598384,0.0,0.0,-6.857337865385866
232,1,0.0,0.0,-0.00011607187344338566,0.0,-0.32414251589276005
232,2,0.0,0.0,0.0,0.0,-0.23542668585209317
232,3,0.0,0.0,0.0,0.0,0.0
232,4,0.0,0.0,0.0,0.0,0.0
233,0,0.0,-0.000371051812598384,0.0,0.0,-6.87947096503179
233,1,0.0,0.0,-0.00011607187344338566,0.0,-0.32414251589276005
233,2,0.0,0.0,0.0,0.0,-0.23542668585209317
233,3,0.0,0.0,0.0,0.0,0.0
233,4,0.0,0.0,0.0,0.0,0.0
234,0,0.0,-0.000371051812598384,0.0,0.0,-6.8967149251933995
234,1,0.0,0.0,-0.00011607187344338566,0.0,-0.32414251589276005
234,2,0.0,0.0,0.0,0.0,-0.23542668585209317
234,3,0.0,0.0,0.0,0.0,0.0
234,4,0.0,0.0,0.0,0.0,0.0
235,0,0.0,-0.000371051812598384,0.0,0.0,-6.922107032930227
235,1,0.0,0.0,-0.00011607187344338566,0.0,-0.32414251589276005
235,2,0.0,0.0,0.0,0.0,-0.23542668585209317
235,3,0.0,0.0,0.0,0.0,0.0
235,4,0.0,0.0,0.0,0.0,0.0
236,0,0.0,-0.000371051812598384,0.0,0.0,-6.947682378321751
236,1,0.0,0.0,-0.00011607187344338566,0.0,-0.32414251589276005
236,2,0.0,0.0,0.0,0.0,-0.23542668585209317
236,3,0.0,0.0,0.0,0.0,0.0
236,4,0.0,0.0,0.0,0.0,0.0
237,0,0.0,-0.000371051812598384,0.0,0.0,-6.969061907135141
237,1,0.0,0.0,-0.00011607187344338566,0.0,-0.32414251589276005
237,2,0.0,0.0,0.0,0.0,-0.23542668585209317
237,3,0.0,0.0,0.0,0.0,0.0
237,4,0.0,0.0,0.0,0.0,0.0
238,0,0.0,-0.000371051812598384,0.0,0.0,-6.992451519402889
238,1,0.0,0.0,-0.00011607187344338566,0.0,-0.32414251589276005
238,2,0.0,0.0,0.0,0.0,-0.23542668585209317
238,3,0.0,0.0,0.0,0.0,0.0
238,4,0.0,0.0,0.0,0.0,0.0
239,0,0.0,-0.000371051812598384,0.0,0.0,-7.01477214982762
239,1,0.0,0.0,-0.00011607187344338566,0.0,-0.32414251589276005
239,2,0.0,0.0,0.0,0.0,-0.23542668585209317
239,3,0.0,0.0,0.0,0.0,0.0
239,4,0.0,0.0,0.0,0.0,0.0
240,0,0.0,-0.000371051812598384,0.0,0.0,-7.035819459718903
240,1,0.0,0.0,-0.00011607187344338566,0.0,-0.32414251589276005
240,2,0.0,0.0,0.0,0.0,-0.23542668585209317
240,3,0.0,0.0,0.0,0.0,0.0
240,4,0.0,0.0,0.0,0.0,0.0
241,0,0.0,-0.000371051812598384,0.0,0.0,-7.052723227619307
241,1,0.0,0.0,-0.00011607187344338566,0.0,-0.32414251589276005
241,2,0.0,0.0,0.0,0.0,-0.23542668585209317
241,3,0.0,0.0,0.0,0.0,0.0
241,4,0.0,0.0,0.0,0.0,0.0
242,0,0.0,-0.000371051812598384,0.0,0.0,-7.073284229575546
242,1,0.0,0.0,-0.00011607187344338566,0.0,-0.32414251589276005
242,2,0.0,0.0,0.0,0.0,-0.23542668585209317
242,3,0.0,0.0,0.0,0.0,0.0
242,4,0.0,0.0,0.0,0.0,0.0
243,0,0.0,-0.000371051812598384,0.0,0.0,-7.095298376507086
243,1,0.0,0.0,-0.00011607187344338566,0.0,-0.32414251589276005
243,2,0.0,0.0,0.0,0.0,-0.23542668585209317
243,3,0.0,0.0,0.0,0.0,0.0
243,4,0.0,0.0,0.0,0.0,0.0
244,0,0.0,-0.000371051812598384,0.0,0.0,-7.115930562808295
244,1,0.0,0.0,-0.00011607187344338566,0.0,-0.32414251589276005
244,2,0.0,0.0,0.0,0.0,-0.23542668585209317
244,3,0.0,0.0,0.0,0.0,0.0
244,4,0.0,0.0,0.0,0.0,0.0
245,0,0.0,-0.000371051812598384,0.0,0.0,-7.139113262911788
245,1,0.0,0.0,-0.00011607187344338566,0.0,-0.32414251589276005
245,2,0.0,0.0,0.0,0.0,-0.23542668585209317
245,3,0.0,0.0,0.0,0.0,0.0
245,4,0.0,0.0,0.0,0.0,0.0
246,0,0.0,-0.000371051812598384,0.0,0.0,-7.160459689035328
246,1,0.0,0.0,-0.00011607187344338566,0.0,-0.32414251589276005
246,2,0.0,0.0,0.0,0.0,-0.23542668585209317
246,3,0.0,0.0,0.0,0.0,0.0
246,4,0.0,0.0,0.0,0.0,0.0
247,0,0.0,-0.000371051812598384,0.0,0.0,-7.1782078469769575
247,1,0.0,0.0,-0.00011607187344338566,0.0,-0.32414251589276005
247,2,0.0,0.0,0.0,0.0,-0.23542668585209317
247,3,0.0,0.0,0.0,0.0,0.0
247,4,0.0,0.0,0.0,0.0,0.0
248,0,0.0,-0.000371051812598384,0.0,0.0,-7.2025704831724955
248,1,0.0,0.0,-0.00011607187344338566,0.0,-0.32414251589276005
248,2,0.0,0.0,0.0,0.0,-0.23542668585209317
248,3,0.0,0.0,0.0,0.0,0.0
248,4,0.0,0.0,0.0,0.0,0.0
249,0,0.0,-0.000371051812598384,0.0,0.0,-7.218957649895638
249,1,0.0,0.0,-0.00011607187344338566,0.0,-0.32414251589276005
249,2,0.0,0.0,0.0,0.0,-0.23542668585209317
249,3,0.0,0.0,0.0,0.0,0.0
249,4,0.0,0.0,0.0,0.0,0.0
250,0,0.0,-0.000371051812598384,0.0,0.0,-7.239679253497469
250,1,0.0,0.0,-0.00011607187344338566,0.0,-0.32414251589276005
250,2,0.0,0.0,0.0,0.0,-0.23542668585209317
250,3,0.0,0.0,0.0,0.0,0.0
250,4,0.0,0.0,0.0,0.0,0.0
251,0,0.0,-0.000371051812598384,0.0,0.0,-7.262947529358303
251,1,0.0,0.0,-0.00011607187344338566,0.0,-0.32414251589276005
251,2,0.0,0.0,0.0,0.0,-0.23542668585209317
251,3,0.0,0.0,0.0,0.0,0.0
251,4,0.0,0.0,0.0,0.0,0.0
252,0,0.0,-0.000371051812598384,0.0,0.0,-7.28664285883065
252,1,0.0,0.0,-0.00011607187344338566,0.0,-0.32414251589276005
252,2,0.0,0.0,0.0,0.0,-0.23542668585209317
252,3,0.0,0.0,0.0,0.0,0.0
252,4,0.0,0.0,0.0,0.0,0.0
253,0,0.0,-0.000371051812598384,0.0,0.0,-7.307105021544313
253,1,0.0,0.0,-0.00011607187344338566,0.0,-0.32414251589276005
253,2,0.0,0.0,0.0,0.0,-0.23542668585209317
253,3,0.0,0.0,0.0,0.0,0.0
253,4,0.0,0.0,0.0,0.0,0.0
254,0,0.0,-0.000371051812598384,0.0,0.0,-7.329354436246947
254,1,0.0,0.0,-0.00011607187344338566,0.0,-0.32414251589276005
254,2,0.0,0.0,0.0,0.0,-0.23542668585209317
254,3,0.0,0.0,0.0,0.0,0.0
254,4,0.0,0.0,0.0,0.0,0.0
255,0,0.0,-0.000371051812598384,0.0,0.0,-7.349370998495919
255,1,0.0,0.0,-0.00011607187344338566,0.0,-0.32414251589276005
255,2,0.0,0.0,0.0,0.0,-0.23542668585209317
255,3,0.0,0.0,0.0,0.0,0.0
255,4,0.0,0.0,0.0,0.0,0.0
256,0,0.0,-0.000371051812598384,0.0,0.0,-7.370810855568501
256,1,0.0,0.0,-0.00011607187344338566,0.0,-0.32414251589276005
256,2,0.0,0.0,0.0,0.0,-0.23542668585209317
256,3,0.0,0.0,0.0,0.0,0.0
256,4,0.0,0.0,0.0,0.0,0.0
257,0,0.0,-0.000371051812598384,0.0,0.0,-7.390315113105783
257,1,0.0,0.0,-0.00011607187344338566,0.0,-0.32414251589276005
257,2,0.0,0.0,0.0,0.0,-0.23542668585209317
257,3,0.0,0.0,0.0,0.0,0.0
257,4,0.0,0.0,0.0,0.0,0.0
258,0,0.0,-0.000371051812598384,0.0,0.0,-7.407091158487609
258,1,0.0,0.0,-0.00011607187344338566,0.0,-0.32414251589276005
258,2,0.0,0.0,0.0,0.0,-0.23542668585209317
258,3,0.0,0.0,0.0,0.0,0.0
258,4,0.0,0.0,0.0,0.0,0.0
259,0,0.0,-0.000371051812598384,0.0,0.0,-7.422914868183909
259,1,0.0,0.0,-0.00011607187344338566,0.0,-0.32414251589276005
259,2,0.0,0.0,0.0,0.0,-0.23542668585209317
259,3,0.0,0.0,0.0,0.0,0.0
259,4,0.0,0.0,0.0,0.0,0.0
260,0,0.0,-0.000371051812598384,0.0,0.0,-7.443268326086346
260,1,0.0,0.0,-0.00011607187344338566,0.0,-0.32414251589276005
260,2,0.0,0.0,0.0,0.0,-0.23542668585209317
260,3,0.0,0.0,0.0,0.0,0.0
260,4,0.0,0.0,0.0,0.0,0.0
261,0,0.0,-0.000371051812598384,0.0,0.0,-7.464443319852487
261,1,0.0,0.0,-0.00011607187344338566,0.0,-0.32414251589276005
261,2,0.0,0.0,0.0,0.0,-0.23542668585209317
261,3,0.0,0.0,0.0,0.0,0.0
261,4,0.0,0.0,0.0,0.0,0.0
262,0,0.0,-0.000371051812598384,0.0,0.0,-7.4827441232076986
262,1,0.0,0.0,-0.00011607187344338566,0.0,-0.32414251589276005
262,2,0.0,0.0,0.0,0.0,-0.23542668585209317
262,3,0.0,0.0,0.0,0.0,0.0
262,4,0.0,0.0,0.0,0.0,0.0
263,0,0.0,-0.000371051812598384,0.0,0.0,-7.50234401400567
263,1,0.0,0.0,-0.00011607187344338566,0.0,-0.32414251589276005
263,2,0.0,0.0,0.0,0.0,-0.23542668585209317
263,3,0.0,0.0,0.0,0.0,0.0
263,4,0.0,0.0,0.0,0.0,0.0
264,0,0.0,-0.000371051812598384,0.0,0.0,-7.516699123436738
264,1,0.0,0.0,-0.00011607187344338566,0.0,-0.32414251589276005
264,2,0.0,0.0,0.0,0.0,-0.23542668585209317
264,3,0.0,0.0,0.0,0.0,0.0
264,4,0.0,0.0,0.0,0.0,0.0
265,0,0.0,-0.000371051812598384,0.0,0.0,-7.533722176657612
265,1,0.0,0.0,-0.00011607187344338566,0.0,-0.32414251589276005
265,2,0.0,0.0,0.0,0.0,-0.23542668585209317
265,3,0.0,0.0,0.0,0.0,0.0
265,4,0.0,0.0,0.0,0.0,0.0
266,0,0.0,-0.000371051812598384,0.0,0.0,-7.556620037313124
266,1,0.0,0.0,-0.00011607187344338566,0.0,-0.32414251589276005
266,2,0.0,0.0,0.0,0.0,-0.23542668585209317
266,3,0.0,0.0,0.0,0.0,0.0
266,4,0.0,0.0,0.0,0.0,0.0
267,0,0.0,-0.000371051812598384,0.0,0.0,-7.575997895051255
267,1,0.0,0.0,-0.00011607187344338566,0.0,-0.32414251589276005
267,2,0.0,0.0,0.0,0.0,-0.23542668585209317
267,3,0.0,0.0,0.0,0.0,0.0
267,4,0.0,0.0,0.0,0.0,0.0
268,0,0.0,-0.000371051812598384,0.0,0.0,-7.601531071525562
268,1,0.0,0.0,-0.00011607187344338566,0.0,-0.32414251589276005
268,2,0.0,0.0,0.0,0.0,-0.23542668585209317
268,3,0.0,0.0,0.0,0.0,0.0
268,4,0.0,0.0,0.0,0.0,0.0
269,0,0.0,-0.000371051812598384,0.0,0.0,-7.625047196594227
269,1,0.0,0.0,-0.00011607187344338566,0.0,-0.32414251589276005
269,2,0.0,0.0,0.0,0.0,-0.23542668585209317
269,3,0.0,0.0,0.0,0.0,0.0
269,4,0.0,0.0,0.0,0.0,0.0
270,0,0.0,-0.000371051812598384,0.0,0.0,-7.648136903556965
270,1,0.0,0.0,-0.00011607187344338566,0.0,-0.32414251589276005
270,2,0.0,0.0,0.0,0.0,-0.23542668585209317
270,3,0.0,0.0,0.0,0.0,0.0
270,4,0.0,0.0,0.0,0.0,0.0
271,0,0.0,-0.000371051812598384,0.0,0.0,-7.669488830643026
271,1,0.0,0.0,-0.00011607187344338566,0.0,-0.32414251589276005
271,2,0.0,0.0,0.0,0.0,-0.23542668585209317
271,3,0.0,0.0,0.0,0.0,0.0
271,4,0.0,0.0,0.0,0.0,0.0
272,0,0.0,-0.000371051812598384,0.0,0.0,-7.688314365313004
272,1,0.0,0.0,-0.00011607187344338566,0.0,-0.32414251589276005
272,2,0.0,0.0,0.0,0.0,-0.23542668585209317
272,3,0.0,0.0,0.0,0.0,0.0
272,4,0.0,0.0,0.0,0.0,0.0
273,0,0.0,-0.000371051812598384,0.0,0.0,-7.704690692186816
273,1,0.0,0.0,-0.00011607187344338566,0.0,-0.32414251589276005
273,2,0.0,0.0,0.0,0.0,-0.23542668585209317
273,3,0.0,0.0,0.0,0.0,0.0
273,4,0.0,0.0,0.0,0.0,0.0
274,0,0.0,-0.000371051812598384,0.0,0.0,-7.721851600984908
274,1,0.0,0.0,-0.00011607187344338566,0.0,-0.32414251589276005
274,2,0.0,0.0,0.0,0.0,-0.23542668585209317
274,3,0.0,0.0,0.0,0.0,0.0
274,4,0.0,0.0,0.0,0.0,0.0
275,0,0.0,-0.000371051812598384,0.0,0.0,-7.739974332521044
275,1,0.0,0.0,-0.00011607187344338566,0.0,-0.32414251589276005
275,2,0.0,0.0,0.0,0.0,-0.23542668585209317
275,3,0.0,0.0,0.0,0.0,0.0
275,4,0.0,0.0,0.0,0.0,0.0
276,0,0.0,-0.000371051812598384,0.0,0.0,-7.76057515672225
276,1,0.0,0.0,-0.00011607187344338566,0.0,-0.32414251589276005
276,2,0.0,0.0,0.0,0.0,-0.23542668585209317
276,3,0.0,0.0,0.0,0.0,0.0
276,4,0.0,0.0,0.0,0.0,0.0
277,0,0.0,-0.000371051812598384,0.0,0.0,-7.778919714862423
277,1,0.0,0.0,-0.00011607187344338566,0.0,-0.32414251589276005
277,2,0.0,0.0,0.0,0.0,-0.23542668585209317
277,3,0.0,0.0,0.0,0.0,0.0
277,4,0.0,0.0,0.0,0.0,0.0
278,0,0.0,-0.000371051812598384,0.0,0.0,-7.799143159926885
278,1,0.0,0.0,-0.00011607187344338566,0.0,-0.32414251589276005
278,2,0.0,0.0,0.0,0.0,-0.23542668585209317
278,3,0.0,0.0,0.0,0.0,0.0
278,4,0.0,0.0,0.0,0.0,0.0
279,0,0.0,-0.000371051812598384,0.0,0.0,-7.815398635857009
279,1,0.0,0.0,-0.00011607187344338566,0.0,-0.32414251589276005
279,2,0.0,0.0,0.0,0.0,-0.23542668585209317
279,3,0.0,0.0,0.0,0.0,0.0
279,4,0.0,0.0,0.0,0.0,0.0
280,0,0.0,-0.000371051812598384,0.0,0.0,-7.834739045423914
280,1,0.0,0.0,-0.00011607187344338566,0.0,-0.32414251589276005
280,2,0.0,0.0,0.0,0.0,-0.23542668585209317
280,3,0.0,0.0,0.0,0.0,0.0
280,4,0.0,0.0,0.0,0.0,0.0
281,0,0.0,-0.000371051812598384,0.0,0.0,-7.8532370918077
281,1,0.0,0.0,-0.00011607187344338566,0.0,-0.32414251589276005
281,2,0.0,0.0,0.0,0.0,-0.23542668585209317
281,3,0.0,0.0,0.0,0.0,0.0
281,4,0.0,0.0,0.0,0.0,0.0
282,0,0.0,-0.000371051812598384,0.0,0.0,-7.866611620510826
282,1,0.0,0.0,-0.00011607187344338566,0.0,-0.32414251589276005
282,2,0.0,0.0,0.0,0.0,-0.23542668585209317
282,3,0.0,0.0,0.0,0.0,0.0
282,4,0.0,0.0,0.0,0.0,0.0
283,0,0.0,-0.000371051812598384,0.0,0.0,-7.883961767729672
283,1,0.0,0.0,-0.00011607187344338566,0.0,-0.32414251589276005
283,2,0.0,0.0,0.0,0.0,-0.23542668585209317
283,3,0.0,0.0,0.0,0.0,0.0
283,4,0.0,0.0,0.0,0.0,0.0
284,0,0.0,-0.000371051812598384,0.0,0.0,-7.904566663647359
284,1,0.0,0.0,-0.00011607187344338566,0.0,-0.32414251589276005
284,2,0.0,0.0,0.0,0.0,-0.23542668585209317
284,3,0.0,0.0,0.0,0.0,0.0
284,4,0.0,0.0,0.0,0.0,0.0
285,0,0.0,-0.000371051812598384,0.0,0.0,-7.923966530555115
285,1,0.0,0.0,-0.00011607187344338566,0.0,-0.32414251589276005
285,2,0.0,0.0,0.0,0.0,-0.23542668585209317
285,3,0.0,0.0,0.0,0.0,0.0
285,4,0.0,0.0,0.0,0.0,0.0
286,0,0.0,-0.000371051812598384,0.0,0.0,-7.942615684247562
286,1,0.0,0.0,-0.00011607187344338566,0.0,-0.32414251589276005
286,2,0.0,0.0,0.0,0.0,-0.23542668585209317
286,3,0.0,0.0,0.0,0.0,0.0
286,4,0.0,0.0,0.0,0.0,0.0
287,0,0.0,-0.000371051812598384,0.0,0.0,-7.960195188271337
287,1,0.0,0.0,-0.00011607187344338566,0.0,-0.32414251589276005
287,2,0.0,0.0,0.0,0.0,-0.23542668585209317
287,3,0.0,0.0,0.0,0.0,0.0
287,4,0.0,0.0,0.0,0.0,0.0
288,0,0.0,-0.000371051812598384,0.0,0.0,-7.981792312974365
288,1,0.0,0.0,-0.00011607187344338566,0.0,-0.32414251589276005
288,2,0.0,0.0,0.0,0.0,-0.23542668585209317
288,3,0.0,0.0,0.0,0.0,0.0
288,4,0.0,0.0,0.0,0.0,0.0
289,0,0.0,-0.000371051812598384,0.0,0.0,-7.99798454441981
289,1,0.0,0.0,-0.00011607187344338566,0.0,-0.32414251589276005
289,2,0.0,0.0,0.0,0.0,-0.23542668585209317
289,3,0.0,0.0,0.0,0.0,0.0
289,4,0.0,0.0,0.0,0.0,0.0
290,0,0.0,-0.000371051812598384,0.0,0.0,-8.014145060601605
290,1,0.0,0.0,-0.00011607187344338566,0.0,-0.32414251589276005
290,2,0.0,0.0,0.0,0.0,-0.23542668585209317
290,3,0.0,0.0,0.0,0.0,0.0
290,4,0.0,0.0,0.0,0.0,0.0
291,0,0.0,-0.000371051812598384,0.0,0.0,-8.035267386859914
291,1,0.0,0.0,-0.00011607187344338566,0.0,-0.32414251589276005
291,2,0.0,0.0,0.0,0.0,-0.23542668585209317
291,3,0.0,0.0,0.0,0.0,0.0
291,4,0.0,0.0,0.0,0.0,0.0
292,0,0.0,-0.000371051812598384,0.0,0.0,-8.052031666547833
292,1,0.0,0.0,-0.00011607187344338566,0.0,-0.32414251589276005
292,2,0.0,0.0,0.0,0.0,-0.23542668585209317
292,3,0.0,0.0,0.0,0.0,0.0
292,4,0.0,0.0,0.0,0.0,0.0
293,0,0.0,-0.000371051812598384,0.0,0.0,-8.074079852580795
293,1,0.0,0.0,-0.00011607187344338566,0.0,-0.32414251589276005
293,2,0.0,0.0,0.0,0.0,-0.23542668585209317
293,3,0.0,0.0,0.0,0.0,0.0
293,4,0.0,0.0,0.0,0.0,0.0
294,0,0.0,-0.000371051812598384,0.0,0.0,-8.090963331529261
294,1,0.0,0.0,-0.00011607187344338566,0.0,-0.32414251589276005
294,2,0.0,0.0,0.0,0.0,-0.23542668585209317
294,3,0.0,0.0,0.0,0.0,0.0
294,4,0.0,0.0,0.0,0.0,0.0
295,0,0.0,-0.000371051812598384,0.0,0.0,-8.11208205172305
295,1,0.0,0.0,-0.00011607187344338566,0.0,-0.32414251589276005
295,2,0.0,0.0,0.0,0.0,-0.23542668585209317
295,3,0.0,0.0,0.0,0.0,0.0
295,4,0.0,0.0,0.0,0.0,0.0
296,0,0.0,-0.000371051812598384,0.0,0.0,-8.130399872654971
296,1,0.0,0.0,-0.00011607187344338566,0.0,-0.32414251589276005
296,2,0.0,0.0,0.0,0.0,-0.23542668585209317
296,3,0.0,0.0,0.0,0.0,0.0
296,4,0.0,0.0,0.0,0.0,0.0
297,0,0.0,-0.000371051812598384,0.0,0.0,-8.152802811166517
297,1,0.0,0.0,-0.00011607187344338566,0.0,-0.32414251589276005
297,2,0.0,0.0,0.0,0.0,-0.23542668585209317
297,3,0.0,0.0,0.0,0.0,0.0
297,4,0.0,0.0,0.0,0.0,0.0
298,0,0.0,-0.000371051812598384,0.0,0.0,-8.166564827900043
298,1,0.0,0.0,-0.00011607187344338566,0.0,-0.32414251589276005
298,2,0.0,0.0,0.0,0.0,-0.23542668585209317
298,3,0.0,0.0,0.0,0.0,0.0
298,4,0.0,0.0,0.0,0.0,0.0
299,0,0.0,-0.000371051812598384,0.0,0.0,-8.184060474099244
299,1,0.0,0.0,-0.00011607187344338566,0.0,-0.32414251589276005
299,2,0.0,0.0,0.0,0.0,-0.23542668585209317
299,3,0.0,0.0,0.0,0.0,0.0
299,4,0.0,0.0,0.0,0.0,0.0
300,0,0.0,-0.000371051812598384,0.0,0.0,-8.203045122467138
300,1,0.0,0.0,-0.00011607187344338566,0.0,-0.32414251589276005
300,2,0.0,0.0,0.0,0.0,-0.23542668585209317
300,3,0.0,0.0,0.0,0.0,0.0
300,4,0.0,0.0,0.0,0.0,0.0
301,0,0.0,-0.000371051812598384,0.0,0.0,-8.222204302933777
301,1,0.0,0.0,-0.00011607187344338566,0.0,-0.32414251589276005
301,2,0.0,0.0,0.0,0.0,-0.23542668585209317
301,3,0.0,0.0,0.0,0.0,0.0
301,4,0.0,0.0,0.0,0.0,0.0
302,0,0.0,-0.000371051812598384,0.0,0.0,-8.240253266802805
302,1,0.0,0.0,-0.00011607187344338566,0.0,-0.32414251589276005
302,2,0.0,0.0,0.0,0.0,-0.23542668585209317
302,3,0.0,0.0,0.0,0.0,0.0
302,4,0.0,0.0,0.0,0.0,0.0
303,0,0.0,-0.000371051812598384,0.0,0.0,-8.254630859294558
303,1,0.0,0.0,-0.00011607187344338566,0.0,-0.32414251589276005
303,2,0.0,0.0,0.0,0.0,-0.23542668585209317
303,3,0.0,0.0,0.0,0.0,0.0
303,4,0.0,0.0,0.0,0.0,0.0
304,0,0.0,-0.000371051812598384,0.0,0.0,-8.273609902472815
304,1,0.0,0.0,-0.00011607187344338566,0.0,-0.32414251589276005
304,2,0.0,0.0,0.0,0.0,-0.23542668585209317
304,3,0.0,0.0,0.0,0.0,0.0
304,4,0.0,0.0,0.0,0.0,0.0
305,0,0.0,-0.000371051812598384,0.0,0.0,-8.29192879802541
305,1,0.0,0.0,-0.00011607187344338566,0.0,-0.32414251589276005
305,2,0.0,0.0,0.0,0.0,-0.23542668585209317
305,3,0.0,0.0,0.0,0.0,0.0
305,4,0.0,0.0,0.0,0.0,0.0
306,0,0.0,-0.000371051812598384,0.0,0.0,-8.311003102542331
306,1,0.0,0.0,-0.00011607187344338566,0.0,-0.32414251589276005
306,2,0.0,0.0,0.0,0.0,-0.23542668585209317
306,3,0.0,0.0,0.0,0.0,0.0
306,4,0.0,0.0,0.0,0.0,0.0
307,0,0.0,-0.000371051812598384,0.0,0.0,-8.331188986082486
307,1,0.0,0.0,-0.00011607187344338566,0.0,-0.32414251589276005
307,2,0.0,0.0,0.0,0.0,-0.23542668585209317
307,3,0.0,0.0,0.0,0.0,0.0
307,4,0.0,0.0,0.0,0.0,0.0
308,0,0.0,-0.000371051812598384,0.0,0.0,-8.34844215818032
308,1,0.0,0.0,-0.00011607187344338566,0.0,-0.32414251589276005
308,2,0.0,0.0,0.0,0.0,-0.23542668585209317
308,3,0.0,0.0,0.0,0.0,0.0
308,4,0.0,0.0,0.0,0.0,0.0
309,0,0.0,-0.000371051812598384,0.0,0.0,-8.367486486959125
309,1,0.0,0.0,-0.00011607187344338566,0.0,-0.32414251589276005
309,2,0.0,0.0,0.0,0.0,-0.23542668585209317
309,3,0.0,0.0,0.0,0.0,0.0
309,4,0.0,0.0,0.0,0.0,0.0
310,0,0.0,-0.000371051812598384,0.0,0.0,-8.386030660552452
310,1,0.0,0.0,-0.00011607187344338566,0.0,-0.32414251589276005
310,2,0.0,0.0,0.0,0.0,-0.23542668585209317
310,3,0.0,0.0,0.0,0.0,0.0
310,4,0.0,0.0,0.0,0.0,0.0
311,0,0.0,-0.000371051812598384,0.0,0.0,-8.400538605534493
311,1,0.0,0.0,-0.00011607187344338566,0.0,-0.32414251589276005
311,2,0.0,0.0,0.0,0.0,-0.23542668585209317
311,3,0.0,0.0,0.0,0.0,0.0
311,4,0.0,0.0,0.0,0.0,0.0
312,0,0.0,-0.000371051812598384,0.0,0.0,-8.41323244468896
312,1,0.0,0.0,-0.00011607187344338566,0.0,-0.32414251589276005
312,2,0.0,0.0,0.0,0.0,-0.23542668585209317
312,3,0.0,0.0,0.0,0.0,0.0
312,4,0.0,0.0,0.0,0.0,0.0
313,0,0.0,-0.000371051812598384,0.0,0.0,-8.4272794356944
313,1,0.0,0.0,-0.00011607187344338566,0.0,-0.32414251589276005
313,2,0.0,0.0,0.0,0.0,-0.23542668585209317
313,3,0.0,0.0,0.0,0.0,0.0
313,4,0.0,0.0,0.0,0.0,0.0
314,0,0.0,-0.000371051812598384,0.0,0.0,-8.451252139108398
314,1,0.0,0.0,-0.00011607187344338566,0.0,-0.32414251589276005
314,2,0.0,0.0,0.0,0.0,-0.23542668585209317
314,3,0.0,0.0,0.0,0.0,0.0
314,4,0.0,0.0,0.0,0.0,0.0
315,0,0.0,-0.000371051812598384,0.0,0.0,-8.470064937494968
315,1,0.0,0.0,-0.00011607187344338566,0.0,-0.32414251589276005
315,2,0.0,0.0,0.0,0.0,-0.23542668585209317
315,3,0.0,0.0,0.0,0.0,0.0
315,4,0.0,0.0,0.0,0.0,0.0
316,0,0.0,-0.000371051812598384,0.0,0.0,-8.490718684652167
316,1,0.0,0.0,-0.00011607187344338566,0.0,-0.32414251589276005
316,2,0.0,0.0,0.0,0.0,-0.23542668585209317
316,3,0.0,0.0,0.0,0.0,0.0
316,4,0.0,0.0,0.0,0.0,0.0
317,0,0.0,-0.000371051812598384,0.0,0.0,-8.512132436684734
317,1,0.0,0.0,-0.00011607187344338566,0.0,-0.32414251589276005
317,2,0.0,0.0,0.0,0.0,-0.23542668585209317
317,3,0.0,0.0,0.0,0.0,0.0
317,4,0.0,0.0,0.0,0.0,0.0
318,0,0.0,-0.000371051812598384,0.0,0.0,-8.527510538961257
318,1,0.0,0.0,-0.00011607187344338566,0.0,-0.32414251589276005
318,2,0.0,0.0,0.0,0.0,-0.23542668585209317
318,3,0.0,0.0,0.0,0.0,0.0
318,4,0.0,0.0,0.0,0.0,0.0
319,0,0.0,-0.000371051812598384,0.0,0.0,-8.538600260550659
319,1,0.0,0.0,-0.00011607187344338566,0.0,-0.32414251589276005
319,2,0.0,0.0,0.0,0.0,-0.23542668585209317
319,3,0.0,0.0,0.0,0.0,0.0
319,4,0.0,0.0,0.0,0.0,0.0
320,0,0.0,-0.000371051812598384,0.0,0.0,-8.55864669891616
320,1,0.0,0.0,-0.00011607187344338566,0.0,-0.32414251589276005
320,2,0.0,0.0,0.0,0.0,-0.23542668585209317
320,3,0.0,0.0,0.0,0.0,0.0
320,4,0.0,0.0,0.0,0.0,0.0
321,0,0.0,-0.000371051812598384,0.0,0.0,-8.571934223235703
321,1,0.0,0.0,-0.00011607187344338566,0.0,-0.32414251589276005
321,2,0.0,0.0,0.0,0.0,-0.23542668585209317
321,3,0.0,0.0,0.0,0.0,0.0
321,4,0.0,0.0,0.0,0.0,0.0
322,0,0.0,-0.000371051812598384,0.0,0.0,-8.585708796423292
322,1,0.0,0.0,-0.00011607187344338566,0.0,-0.32414251589276005
322,2,0.0,0.0,0.0,0.0,-0.23542668585209317
322,3,0.0,0.0,0.0,0.0,0.0
322,4,0.0,0.0,0.0,0.0,0.0
323,0,0.0,-0.000371051812598384,0.0,0.0,-8.593679918575424
323,1,0.0,0.0,-0.00011607187344338566,0.0,-0.32414251589276005
323,2,0.0,0.0,0.0,0.0,-0.23542668585209317
323,3,0.0,0.0,0.0,0.0,0.0
323,4,0.0,0.0,0.0,0.0,0.0
324,0,0.0,-0.000371051812598384,0.0,0.0,-8.611137985713777
324,1,0.0,0.0,-0.00011607187344338566,0.0,-0.32414251589276005
324,2,0.0,0.0,0.0,0.0,-0.23542668585209317
324,3,0.0,0.0,0.0,0.0,0.0
324,4,0.0,0.0,0.0,0.0,0.0
325,0,0.0,-0.000371051812598384,0.0,0.0,-8.631082099475073
325,1,0.0,0.0,-0.00011607187344338566,0.0,-0.32414251589276005
325,2,0.0,0.0,0.0,0.0,-0.23542668585209317
325,3,0.0,0.0,0.0,0.0,0.0
325,4,0.0,0.0,0.0,0.0,0.0
326,0,0.0,-0.000371051812598384,0.0,0.0,-8.650275558749234
326,1,0.0,0.0,-0.00011607187344338566,0.0,-0.32414251589276005
326,2,0.0,0.0,0.0,0.0,-0.23542668585209317
326,3,0.0,0.0,0.0,0.0,0.0
326,4,0.0,0.0,0.0,0.0,0.0
327,0,0.0,-0.000371051812598384,0.0,0.0,-8.669233664834387
327,1,0.0,0.0,-0.00011607187344338566,0.0,-0.32414251589276005
327,2,0.0,0.0,0.0,0.0,-0.23542668585209317
327,3,0.0,0.0,0.0,0.0,0.0
327,4,0.0,0.0,0.0,0.0,0.0
328,0,0.0,-0.000371051812598384,0.0,0.0,-8.686907044961435
328,1,0.0,0.0,-0.00011607187344338566,0.0,-0.32414251589276005
328,2,0.0,0.0,0.0,0.0,-0.23542668585209317
328,3,0.0,0.0,0.0,0.0,0.0
328,4,0.0,0.0,0.0,0.0,0.0
329,0,0.0,-0.000371051812598384,0.0,0.0,-8.704351952687404
329,1,0.0,0.0,-0.00011607187344338566,0.0,-0.32414251589276005
329,2,0.0,0.0,0.0,0.0,-0.23542668585209317
329,3,0.0,0.0,0.0,0.0,0.0
329,4,0.0,0.0,0.0,0.0,0.0
330,0,0.0,-0.000371051812598384,0.0,0.0,-8.725037382000457
330,1,0.0,0.0,-0.00011607187344338566,0.0,-0.32414251589276005
330,2,0.0,0.0,0.0,0.0,-0.23542668585209317
330,3,0.0,0.0,0.0,0.0,0.0
330,4,0.0,0.0,0.0,0.0,0.0
331,0,0.0,-0.000371051812598384,0.0,0.0,-8.745070350394233
331,1,0.0,0.0,-0.00011607187344338566,0.0,-0.32414251589276005
331,2,0.0,0.0,0.0,0.0,-0.23542668585209317
331,3,0.0,0.0,0.0,0.0,0.0
331,4,0.0,0.0,0.0,0.0,0.0
332,0,0.0,-0.000371051812598384,0.0,0.0,-8.76302375157407
332,1,0.0,0.0,-0.00011607187344338566,0.0,-0.32414251589276005
332,2,0.0,0.0,0.0,0.0,-0.23542668585209317
332,3,0.0,0.0,0.0,0.0,0.0
332,4,0.0,0.0,0.0,0.0,0.0
333,0,0.0,-0.000371051812598384,0.0,0.0,-8.778277574646019
333,1,0.0,0.0,-0.00011607187344338566,0.0,-0.32414251589276005
333,2,0.0,0.0,0.0,0.0,-0.23542668585209317
333,3,0.0,0.0,0.0,0.0,0.0
333,4,0.0,0.0,0.0,0.0,0.0
334,0,0.0,-0.000371051812598384,0.0,0.0,-8.794890122592548
334,1,0.0,0.0,-0.00011607187344338566,0.0,-0.32414251589276005
334,2,0.0,0.0,0.0,0.0,-0.23542668585209317
334,3,0.0,0.0,0.0,0.0,0.0
334,4,0.0,0.0,0.0,0.0,0.0
335,0,0.0,-0.000371051812598384,0.0,0.0,-8.81505303890868
335,1,0.0,0.0,-0.00011607187344338566,0.0,-0.32414251589276005
335,2,0.0,0.0,0.0,0.0,-0.23542668585209317
335,3,0.0,0.0,0.0,0.0,0.0
335,4,0.0,0.0,0.0,0.0,0.0
336,0,0.0,-0.000371051812598384,0.0,0.0,-8.831038101876093
336,1,0.0,0.0,-0.00011607187344338566,0.0,-0.32414251589276005
336,2,0.0,0.0,0.0,0.0,-0.23542668585209317
336,3,0.0,0.0,0.0,0.0,0.0
336,4,0.0,0.0,0.0,0.0,0.0
337,0,0.0,-0.000371051812598384,0.0,0.0,-8.847216467623598
337,1,0.0,0.0,-0.00011607187344338566,0.0,-0.32414251589276005
337,2,0.0,0.0,0.0,0.0,-0.23542668585209317
337,3,0.0,0.0,0.0,0.0,0.0
337,4,0.0,0.0,0.0,0.0,0.0
338,0,0.0,-0.000371051812598384,0.0,0.0,-8.862228664083744
338,1,0.0,0.0,-0.00011607187344338566,0.0,-0.32414251589276005
338,2,0.0,0.0,0.0,0.0,-0.23542668585209317
338,3,0.0,0.0,0.0,0.0,0.0
338,4,0.0,0.0,0.0,0.0,0.0
339,0,0.0,-0.000371051812598384,0.0,0.0,-8.876228767467628
339,1,0.0,0.0,-0.00011607187344338566,0.0,-0.32414251589276005
339,2,0.0,0.0,0.0,0.0,-0.23542668585209317
339,3,0.0,0.0,0.0,0.0,0.0
339,4,0.0,0.0,0.0,0.0,0.0
340,0,0.0,-0.000371051812598384,0.0,0.0,-8.892461182760863
340,1,0.0,0.0,-0.00011607187344338566,0.0,-0.32414251589276005
340,2,0.0,0.0,0.0,0.0,-0.23542668585209317
340,3,0.0,0.0,0.0,0.0,0.0
340,4,0.0,0.0,0.0,0.0,0.0
341,0,0.0,-0.000371051812598384,0.0,0.0,-8.909739469742291
341,1,0.0,0.0,-0.00011607187344338566,0.0,-0.32414251589276005
341,2,0.0,0.0,0.0,0.0,-0.23542668585209317
341,3,0.0,0.0,0.0,0.0,0.0
341,4,0.0,0.0,0.0,0.0,0.0
342,0,0.0,-0.000371051812598384,0.0,0.0,-8.927250977670477
342,1,0.0,0.0,-0.00011607187344338566,0.0,-0.32414251589276005
342,2,0.0,0.0,0.0,0.0,-0.23542668585209317
342,3,0.0,0.0,0.0,0.0,0.0
342,4,0.0,0.0,0.0,0.0,0.0
343,0,0.0,-0.000371051812598384,0.0,0.0,-8.944219402236875
343,1,0.0,0.0,-0.00011607187344338566,0.0,-0.32414251589276005
343,2,0.0,0.0,0.0,0.0,-0.23542668585209317
343,3,0.0,0.0,0.0,0.0,0.0
343,4,0.0,0.0,0.0,0.0,0.0
344,0,0.0,-0.000371051812598384,0.0,0.0,-8.960448646154022
344,1,0.0,0.0,-0.00011607187344338566,0.0,-0.32414251589276005
344,2,0.0,0.0,0.0,0.0,-0.23542668585209317
344,3,0.0,0.0,0.0,0.0,0.0
344,4,0.0,0.0,0.0,0.0,0.0
345,0,0.0,-0.000371051812598384,0.0,0.0,-8.980620643300192
345,1,0.0,0.0,-0.00011607187344338566,0.0,-0.32414251589276005
345,2,0.0,0.0,0.0,0.0,-0.23542668585209317
345,3,0.0,0.0,0.0,0.0,0.0
345,4,0.0,0.0,0.0,0.0,0.0
346,0,0.0,-0.000371051812598384,0.0,0.0,-8.995311313412548
346,1,0.0,0.0,-0.00011607187344338566,0.0,-0.32414251589276005
346,2,0.0,0.0,0.0,0.0,-0.23542668585209317
346,3,0.0,0.0,0.0,0.0,0.0
346,4,0.0,0.0,0.0,0.0,0.0
347,0,0.0,-0.000371051812598384,0.0,0.0,-9.014367348643523
347,1,0.0,0.0,-0.00011607187344338566,0.0,-0.32414251589276005
347,2,0.0,0.0,0.0,0.0,-0.23542668585209317
347,3,0.0,0.0,0.0,0.0,0.0
347,4,0.0,0.0,0.0,0.0,0.0
348,0,0.0,-0.000371051812598384,0.0,0.0,-9.029813087230067
348,1,0.0,0.0,-0.00011607187344338566,0.0,-0.32414251589276005
348,2,0.0,0.0,0.0,0.0,-0.23542668585209317
348,3,0.0,0.0,0.0,0.0,0.0
348,4,0.0,0.0,0.0,0.0,0.0
349,0,0.0,-0.000371051812598384,0.0,0.0,-9.049356693596659
349,1,0.0,0.0,-0.00011607187344338566,0.0,-0.32414251589276005
349,2,0.0,0.0,0.0,0.0,-0.23542668585209317
349,3,0.0,0.0,0.0,0.0,0.0
349,4,0.0,0.0,0.0,0.0,0.0
350,0,0.0,-0.000371051812598384,0.0,0.0,-9.066169584818615
350,1,0.0,0.0,-0.00011607187344338566,0.0,-0.32414251589276005
350,2,0.0,0.0,0.0,0.0,-0.23542668585209317
350,3,0.0,0.0,0.0,0.0,0.0
350,4,0.0,0.0,0.0,0.0,0.0
351,0,0.0,-0.000371051812598384,0.0,0.0,-9.078305403970269
351,1,0.0,0.0,-0.00011607187344338566,0.0,-0.32414251589276005
351,2,0.0,0.0,0.0,0.0,-0.23542668585209317
351,3,0.0,0.0,0.0,0.0,0.0
351,4,0.0,0.0,0.0,0.0,0.0
352,0,0.0,-0.000371051812598384,0.0,0.0,-9.094199872422616
352,1,0.0,0.0,-0.00011607187344338566,0.0,-0.32414251589276005
352,2,0.0,0.0,0.0,0.0,-0.23542668585209317
352,3,0.0,0.0,0.0,0.0,0.0
352,4,0.0,0.0,0.0,0.0,0.0
353,0,0.0,-0.000371051812598384,0.0,0.0,-9.10990266393567
353,1,0.0,0.0,-0.00011607187344338566,0.0,-0.32414251589276005
353,2,0.0,0.0,0.0,0.0,-0.23542668585209317
353,3,0.0,0.0,0.0,0.0,0.0
353,4,0.0,0.0,0.0,0.0,0.0
354,0,0.0,-0.000371051812598384,0.0,0.0,-9.124644585727841
354,1,0.0,0.0,-0.00011607187344338566,0.0,-0.32414251589276005
354,2,0.0,0.0,0.0,0.0,-0.23542668585209317
354,3,0.0,0.0,0.0,0.0,0.0
354,4,0.0,0.0,0.0,0.0,0.0
355,0,0.0,-0.000371051812598384,0.0,0.0,-9.142336051369009
355,1,0.0,0.0,-0.00011607187344338566,0.0,-0.32414251589276005
355,2,0.0,0.0,0.0,0.0,-0.23542668585209317
355,3,0.0,0.0,0.0,0.0,0.0
355,4,0.0,0.0,0.0,0.0,0.0
356,0,0.0,-0.000371051812598384,0.0,0.0,-9.158294764716254
356,1,0.0,0.0,-0.00011607187344338566,0.0,-0.32414251589276005
356,2,0.0,0.0,0.0,0.0,-0.23542668585209317
356,3,0.0,0.0,0.0,0.0,0.0
356,4,0.0,0.0,0.0,0.0,0.0
357,0,0.0,-0.000371051812598384,0.0,0.0,-9.17408297349076
357,1,0.0,0.0,-0.00011607187344338566,0.0,-0.32414251589276005
357,2,0.0,0.0,0.0,0.0,-0.23542668585209317
357,3,0.0,0.0,0.0,0.0,0.0
357,4,0.0,0.0,0.0,0.0,0.0
358,0,0.0,-0.000371051812598384,0.0,0.0,-9.189746574769005
358,1,0.0,0.0,-0.00011607187344338566,0.0,-0.32414251589276005
358,2,0.0,0.0,0.0,0.0,-0.23542668585209317
358,3,0.0,0.0,0.0,0.0,0.0
358,4,0.0,0.0,0.0,0.0,0.0
359,0,0.0,-0.000371051812598384,0.0,0.0,-9.202603385374793
359,1,0.0,0.0,-0.00011607187344338566,0.0,-0.32414251589276005
359,2,0.0,0.0,0.0,0.0,-0.23542668585209317
359,3,0.0,0.0,0.0,0.0,0.0
359,4,0.0,0.0,0.0,0.0,0.0
360,0,0.0,-0.000371051812598384,0.0,0.0,-9.215374900338542
360,1,0.0,0.0,-0.00011607187344338566,0.0,-0.32414251589276005
360,2,0.0,0.0,0.0,0.0,-0.23542668585209317
360,3,0.0,0.0,0.0,0.0,0.0
360,4,0.0,0.0,0.0,0.0,0.0
361,0,0.0,-0.000371051812598384,0.0,0.0,-9.231336493456867
361,1,0.0,0.0,-0.00011607187344338566,0.0,-0.32414251589276005
361,2,0.0,0.0,0.0,0.0,-0.23542668585209317
361,3,0.0,0.0,0.0,0.0,0.0
361,4,0.0,0.0,0.0,0.0,0.0
362,0,0.0,-0.000371051812598384,0.0,0.0,-9.24323490388901
362,1,0.0,0.0,-0.00011607187344338566,0.0,-0.32414251589276005
362,2,0.0,0.0,0.0,0.0,-0.23542668585209317
362,3,0.0,0.0,0.0,0.0,0.0
362,4,0.0,0.0,0.0,0.0,0.0
363,0,0.0,-0.000371051812598384,0.0,0.0,-9.255498811502893
363,1,0.0,0.0,-0.00011607187344338566,0.0,-0.32414251589276005
363,2,0.0,0.0,0.0,0.0,-0.23542668585209317
363,3,0.0,0.0,0.0,0.0,0.0
363,4,0.0,0.0,0.0,0.0,0.0
364,0,0.0,-0.000371051812598384,0.0,0.0,-9.272164236720828
364,1,0.0,0.0,-0.00011607187344338566,0.0,-0.32414251589276005
364,2,0.0,0.0,0.0,0.0,-0.23542668585209317
364,3,0.0,0.0,0.0,0.0,0.0
364,4,0.0,0.0,0.0,0.0,0.0
365,0,0.0,-0.000371051812598384,0.0,0.0,-9.287788726914236
365,1,0.0,0.0,-0.00011607187344338566,0.0,-0.32414251589276005
365,2,0.0,0.0,0.0,0.0,-0.23542668585209317
365,3,0.0,0.0,0.0,0.0,0.0
365,4,0.0,0.0,0.0,0.0,0.0
366,0,0.0,-0.000371051812598384,0.0,0.0,-9.304327509465699
366,1,0.0,0.0,-0.00011607187344338566,0.0,-0.32414251589276005
366,2,0.0,0.0,0.0,0.0,-0.23542668585209317
366,3,0.0,0.0,0.0,0.0,0.0
366,4,0.0,0.0,0.0,0.0,0.0
367,0,0.0,-0.000371051812598384,0.0,0.0,-9.320093538681895
367,1,0.0,0.0,-0.00011607187344338566,0.0,-0.32414251589276005
367,2,0.0,0.0,0.0,0.0,-0.23542668585209317
367,3,0.0,0.0,0.0,0.0,0.0
367,4,0.0,0.0,0.0,0.0,0.0
368,0,0.0,-0.000371051812598384,0.0,0.0,-9.332383918293408
368,1,0.0,0.0,-0.00011607187344338566,0.0,-0.32414251589276005
368,2,0.0,0.0,0.0,0.0,-0.23542668585209317
368,3,0.0,0.0,0.0,0.0,0.0
368,4,0.0,0.0,0.0,0.0,0.0
369,0,0.0,-0.000371051812598384,0.0,0.0,-9.346596905611117
369,1,0.0,0.0,-0.00011607187344338566,0.0,-0.32414251589276005
369,2,0.0,0.0,0.0,0.0,-0.23542668585209317
369,3,0.0,0.0,0.0,0.0,0.0
369,4,0.0,0.0,0.0,0.0,0.0
370,0,0.0,-0.000371051812598384,0.0,0.0,-9.361910525947161
370,1,0.0,0.0,-0.00011607187344338566,0.0,-0.32414251589276005
370,2,0.0,0.0,0.0,0.0,-0.23542668585209317
370,3,0.0,0.0,0.0,0.0,0.0
370,4,0.0,0.0,0.0,0.0,0.0
371,0,0.0,-0.000371051812598384,0.0,0.0,-9.375523211508046
371,1,0.0,0.0,-0.00011607187344338566,0.0,-0.32414251589276005
371,2,0.0,0.0,0.0,0.0,-0.23542668585209317
371,3,0.0,0.0,0.0,0.0,0.0
371,4,0.0,0.0,0.0,0.0,0.0
372,0,0.0,-0.000371051812598384,0.0,0.0,-9.390387316180954
372,1,0.0,0.0,-0.00011607187344338566,0.0,-0.32414251589276005
372,2,0.0,0.0,0.0,0.0,-0.23542668585209317
372,3,0.0,0.0,0.0,0.0,0.0
372,4,0.0,0.0,0.0,0.0,0.0
373,0,0.0,-0.000371051812598384,0.0,0.0,-9.402118006410623
373,1,0.0,0.0,-0.00011607187344338566,0.0,-0.32414251589276005
373,2,0.0,0.0,0.0,0.0,-0.23542668585209317
373,3,0.0,0.0,0.0,0.0,0.0
373,4,0.0,0.0,0.0,0.0,0.0
374,0,0.0,-0.000371051812598384,0.0,0.0,-9.415635620793426
374,1,0.0,0.0,-0.00011607187344338566,0.0,-0.32414251589276005
374,2,0.0,0.0,0.0,0.0,-0.23542668585209317
374,3,0.0,0.0,0.0,0.0,0.0
374,4,0.0,0.0,0.0,0.0,0.0
375,0,0.0,-0.000371051812598384,0.0,0.0,-9.431815985304997
375,1,0.0,0.0,-0.00011607187344338566,0.0,-0.32414251589276005
375,2,0.0,0.0,0.0,0.0,-0.23542668585209317
375,3,0.0,0.0,0.0,0.0,0.0
375,4,0.0,0.0,0.0,0.0,0.0
376,0,0.0,-0.000371051812598384,0.0,0.0,-9.446654989433886
376,1,0.0,0.0,-0.00011607187344338566,0.0,-0.32414251589276005
376,2,0.0,0.0,0.0,0.0,-0.23542668585209317
376,3,0.0,0.0,0.0,0.0,0.0
376,4,0.0,0.0,0.0,0.0,0.0
377,0,0.0,-0.000371051812598384,0.0,0.0,-9.461118408017729
377,1,0.0,0.0,-0.00011607187344338566,0.0,-0.32414251589276005
377,2,0.0,0.0,0.0,0.0,-0.23542668585209317
377,3,0.0,0.0,0.0,0.0,0.0
377,4,0.0,0.0,0.0,0.0,0.0
378,0,0.0,-0.000371051812598384,0.0,0.0,-9.473666791986558
378,1,0.0,0.0,-0.00011607187344338566,0.0,-0.32414251589276005
378,2,0.0,0.0,0.0,0.0,-0.23542668585209317
378,3,0.0,0.0,0.0,0.0,0.0
378,4,0.0,0.0,0.0,0.0,0.0
379,0,0.0,-0.000371051812598384,0.0,0.0,-9.487671354118975
379,1,0.0,0.0,-0.00011607187344338566,0.0,-0.32414251589276005
379,2,0.0,0.0,0.0,0.0,-0.23542668585209317
379,3,0.0,0.0,0.0,0.0,0.0
379,4,0.0,0.0,0.0,0.0,0.0
380,0,0.0,-0.000371051812598384,0.0,0.0,-9.504529472295928
380,1,0.0,0.0,-0.00011607187344338566,0.0,-0.32414251589276005
380,2,0.0,0.0,0.0,0.0,-0.23542668585209317
380,3,0.0,0.0,0.0,0.0,0.0
380,4,0.0,0.0,0.0,0.0,0.0
381,0,0.0,-0.000371051812598384,0.0,0.0,-9.517508356945456
381,1,0.0,0.0,-0.00011607187344338566,0.0,-0.32414251589276005
381,2,0.0,0.0,0.0,0.0,-0.23542668585209317
381,3,0.0,0.0,0.0,0.0,0.0
381,4,0.0,0.0,0.0,0.0,0.0
382,0,0.0,-0.000371051812598384,0.0,0.0,-9.532233287924743
382,1,0.0,0.0,-0.00011607187344338566,0.0,-0.32414251589276005
382,2,0.0,0.0,0.0,0.0,-0.23542668585209317
382,3,0.0,0.0,0.0,0.0,0.0
382,4,0.0,0.0,0.0,0.0,0.0
383,0,0.0,-0.000371051812598384,0.0,0.0,-9.544587973324735
383,1,0.0,0.0,-0.00011607187344338566,0.0,-0.32414251589276005
383,2,0.0,0.0,0.0,0.0,-0.23542668585209317
383,3,0.0,0.0,0.0,0.0,0.0
383,4,0.0,0.0,0.0,0.0,0.0
384,0,0.0,-0.000371051812598384,0.0,0.0,-9.559364594088311
384,1,0.0,0.0,-0.00011607187344338566,0.0,-0.32414251589276005
384,2,0.0,0.0,0.0,0.0,-0.23542668585209317
384,3,0.0,0.0,0.0,0.0,0.0
384,4,0.0,0.0,0.0,0.0,0.0
385,0,0.0,-0.000371051812598384,0.0,0.0,-9.574271205512849
385,1,0.0,0.0,-0.00011607187344338566,0.0,-0.32414251589276005
385,2,0.0,0.0,0.0,0.0,-0.23542668585209317
385,3,0.0,0.0,0.0,0.0,0.0
385,4,0.0,0.0,0.0,0.0,0.0
386,0,0.0,-0.000371051812598384,0.0,0.0,-9.588040645788228
386,1,0.0,0.0,-0.00011607187344338566,0.0,-0.32414251589276005
386,2,0.0,0.0,0.0,0.0,-0.23542668585209317
386,3,0.0,0.0,0.0,0.0,0.0
386,4,0.0,0.0,0.0,0.0,0.0
387,0,0.0,-0.000371051812598384,0.0,0.0,-9.602690713967007
387,1,0.0,0.0,-0.00011607187344338566,0.0,-0.32414251589276005
387,2,0.0,0.0,0.0,0.0,-0.23542668585209317
387,3,0.0,0.0,0.0,0.0,0.0
387,4,0.0,0.0,0.0,0.0,0.0
388,0,0.0,-0.000371051812598384,0.0,0.0,-9.620132632213643
388,1,0.0,0.0,-0.00011607187344338566,0.0,-0.32414251589276005
388,2,0.0,0.0,0.0,0.0,-0.23542668585209317
388,3,0.0,0.0,0.0,0.0,0.0
388,4,0.0,0.0,0.0,0.0,0.0
389,0,0.0,-0.000371051812598384,0.0,0.0,-9.633167155585426
389,1,0.0,0.0,-0.00011607187344338566,0.0,-0.32414251589276005
389,2,0.0,0.0,0.0,0.0,-0.23542668585209317
389,3,0.0,0.0,0.0,0.0,0.0
389,4,0.0,0.0,0.0,0.0,0.0
390,0,0.0,-0.000371051812598384,0.0,0.0,-9.64848297169529
390,1,0.0,0.0,-0.00011607187344338566,0.0,-0.32414251589276005
390,2,0.0,0.0,0.0,0.0,-0.23542668585209317
390,3,0.0,0.0,0.0,0.0,0.0
390,4,0.0,0.0,0.0,0.0,0.0
391,0,0.0,-0.000371051812598384,0.0,0.0,-9.664253058518634
391,1,0.0,0.0,-0.00011607187344338566,0.0,-0.32414251589276005
391,2,0.0,0.0,0.0,0.0,-0.23542668585209317
391,3,0.0,0.0,0.0,0.0,0.0
391,4,0.0,0.0,0.0,0.0,0.0
392,0,0.0,-0.000371051812598384,0.0,0.0,-9.679651217125166
392,1,0.0,0.0,-0.00011607187344338566,0.0,-0.32414251589276005
392,2,0.0,0.0,0.0,0.0,-0.23542668585209317
392,3,0.0,0.0,0.0,0.0,0.0
392,4,0.0,0.0,0.0,0.0,0.0
393,0,0.0,-0.000371051812598384,0.0,0.0,-9.689051547259217
393,1,0.0,0.0,-0.00011607187344338566,0.0,-0.32414251589276005
393,2,0.0,0.0,0.0,0.0,-0.23542668585209317
393,3,0.0,0.0,0.0,0.0,0.0
393,4,0.0,0.0,0.0,0.0,0.0
394,0,0.0,-0.000371051812598384,0.0,0.0,-9.69735028311069
394,1,0.0,0.0,-0.00011607187344338566,0.0,-0.32414251589276005
394,2,0.0,0.0,0.0,0.0,-0.23542668585209317
394,3,0.0,0.0,0.0,0.0,0.0
394,4,0.0,0.0,0.0,0.0,0.0
395,0,0.0,-0.000371051812598384,0.0,0.0,-9.713998574063226
395,1,0.0,0.0,-0.00011607187344338566,0.0,-0.32414251589276005
395,2,0.0,0.0,0.0,0.0,-0.23542668585209317
395,3,0.0,0.0,0.0,0.0,0.0
395,4,0.0,0.0,0.0,0.0,0.0
396,0,0.0,-0.000371051812598384,0.0,0.0,-9.731695278919762
396,1,0.0,0.0,-0.00011607187344338566,0.0,-0.32414251589276005
396,2,0.0,0.0,0.0,0.0,-0.23542668585209317
396,3,0.0,0.0,0.0,0.0,0.0
396,4,0.0,0.0,0.0,0.0,0.0
397,0,0.0,-0.000371051812598384,0.0,0.0,-9.740681304223173
397,1,0.0,0.0,-0.00011607187344338566,0.0,-0.32414251589276005
397,2,0.0,0.0,0.0,0.0,-0.23542668585209317
397,3,0.0,0.0,0.0,0.0,0.0
397,4,0.0,0.0,0.0,0.0,0.0
398,0,0.0,-0.000371051812598384,0.0,0.0,-9.754714591104733
398,1,0.0,0.0,-0.00011607187344338566,0.0,-0.32414251589276005
398,2,0.0,0.0,0.0,0.0,-0.23542668585209317
398,3,0.0,0.0,0.0,0.0,0.0
398,4,0.0,0.0,0.0,0.0,0.0
399,0,0.0,-0.000371051812598384,0.0,0.0,-9.76422064765097
399,1,0.0,0.0,-0.00011607187344338566,0.0,-0.32414251589276005
399,2,0.0,0.0,0.0,0.0,-0.23542668585209317
399,3,0.0,0.0,0.0,0.0,0.0
399,4,0.0,0.0,0.0,0.0,0.0
400,0,0.0,-0.000371051812598384,0.0,0.0,-9.771620487696405
400,1,0.0,0.0,-0.00011607187344338566,0.0,-0.32414251589276005
400,2,0.0,0.0,0.0,0.0,-0.23542668585209317
400,3,0.0,0.0,0.0,0.0,0.0
400,4,0.0,0.0,0.0,0.0,0.0
401,0,0.0,-0.000371051812598384,0.0,0.0,-9.784937626936488
401,1,0.0,0.0,-0.00011607187344338566,0.0,-0.32414251589276005
401,2,0.0,0.0,0.0,0.0,-0.23542668585209317
401,3,0.0,0.0,0.0,0.0,0.0
401,4,0.0,0.0,0.0,0.0,0.0
402,0,0.0,-0.000371051812598384,0.0,0.0,-9.800413749664713
402,1,0.0,0.0,-0.00011607187344338566,0.0,-0.32414251589276005
402,2,0.0,0.0,0.0,0.0,-0.23542668585209317
402,3,0.0,0.0,0.0,0.0,0.0
402,4,0.0,0.0,0.0,0.0,0.0
403,0,0.0,-0.000371051812598384,0.0,0.0,-9.811477660597957
403,1,0.0,0.0,-0.00011607187344338566,0.0,-0.32414251589276005
403,2,0.0,0.0,0.0,0.0,-0.23542668585209317
403,3,0.0,0.0,0.0,0.0,0.0
403,4,0.0,0.0,0.0,0.0,0.0
404,0,0.0,-0.000371051812598384,0.0,0.0,-9.82676664838602
404,1,0.0,0.0,-0.00011607187344338566,0.0,-0.32414251589276005
404,2,0.0,0.0,0.0,0.0,-0.23542668585209317
404,3,0.0,0.0,0.0,0.0,0.0
404,4,0.0,0.0,0.0,0.0,0.0
405,0,0.0,-0.000371051812598384,0.0,0.0,-9.840886967827378
405,1,0.0,0.0,-0.00011607187344338566,0.0,-0.32414251589276005
405,2,0.0,0.0,0.0,0.0,-0.23542668585209317
405,3,0.0,0.0,0.0,0.0,0.0
405,4,0.0,0.0,0.0,0.0,0.0
406,0,0.0,-0.000371051812598384,0.0,0.0,-9.854839123726512
406,1,0.0,0.0,-0.00011607187344338566,0.0,-0.32414251589276005
406,2,0.0,0.0,0.0,0.0,-0.23542668585209317
406,3,0.0,0.0,0.0,0.0,0.0
406,4,0.0,0.0,0.0,0.0,0.0
407,0,0.0,-0.000371051812598384,0.0,0.0,-9.86726756144043
407,1,0.0,0.0,-0.00011607187344338566,0.0,-0.32414251589276005
407,2,0.0,0.0,0.0,0.0,-0.23542668585209317
407,3,0.0,0.0,0.0,0.0,0.0
407,4,0.0,0.0,0.0,0.0,0.0
408,0,0.0,-0.000371051812598384,0.0,0.0,-9.88156057436063
408,1,0.0,0.0,-0.00011607187344338566,0.0,-0.32414251589276005
408,2,0.0,0.0,0.0,0.0,-0.23542668585209317
408,3,0.0,0.0,0.0,0.0,0.0
408,4,0.0,0.0,0.0,0.0,0.0
409,0,0.0,-0.000371051812598384,0.0,0.0,-9.899841662175358
409,1,0.0,0.0,-0.00011607187344338566,0.0,-0.32414251589276005
409,2,0.0,0.0,0.0,0.0,-0.23542668585209317
409,3,0.0,0.0,0.0,0.0,0.0
409,4,0.0,0.0,0.0,0.0,0.0
410,0,0.0,-0.000371051812598384,0.0,0.0,-9.909281860708907
410,1,0.0,0.0,-0.00011607187344338566,0.0,-0.32414251589276005
410,2,0.0,0.0,0.0,0.0,-0.23542668585209317
410,3,0.0,0.0,0.0,0.0,0.0
410,4,0.0,0.0,0.0,0.0,0.0
411,0,0.0,-0.000371051812598384,0.0,0.0,-9.922140991704147
411,1,0.0,0.0,-0.00011607187344338566,0.0,-0.32414251589276005
411,2,0.0,0.0,0.0,0.0,-0.23542668585209317
411,3,0.0,0.0,0.0,0.0,0.0
411,4,0.0,0.0,0.0,0.0,0.0
412,0,0.0,-0.000371051812598384,0.0,0.0,-9.936857039228851
412,1,0.0,0.0,-0.00011607187344338566,0.0,-0.32414251589276005
412,2,0.0,0.0,0.0,0.0,-0.23542668585209317
412,3,0.0,0.0,0.0,0.0,0.0
412,4,0.0,0.0,0.0,0.0,0.0
413,0,0.0,-0.000371051812598384,0.0,0.0,-9.953701120453232
413,1,0.0,0.0,-0.00011607187344338566,0.0,-0.32414251589276005
413,2,0.0,0.0,0.0,0.0,-0.23542668585209317
413,3,0.0,0.0,0.0,0.0,0.0
413,4,0.0,0.0,0.0,0.0,0.0
414,0,0.0,-0.000371051812598384,0.0,0.0,-9.968301471115021
414,1,0.0,0.0,-0.00011607187344338566,0.0,-0.32414251589276005
414,2,0.0,0.0,0.0,0.0,-0.23542668585209317
414,3,0.0,0.0,0.0,0.0,0.0
414,4,0.0,0.0,0.0,0.0,0.0
415,0,0.0,-0.000371051812598384,0.0,0.0,-9.983014476823486
415,1,0.0,0.0,-0.00011607187344338566,0.0,-0.32414251589276005
415,2,0.0,0.0,0.0,0.0,-0.23542668585209317
415,3,0.0,0.0,0.0,0.0,0.0
415,4,0.0,0.0,0.0,0.0,0.0
416,0,0.0,-0.000371051812598384,0.0,0.0,-9.996833140251248
416,1,0.0,0.0,-0.00011607187344338566,0.0,-0.32414251589276005
416,2,0.0,0.0,0.0,0.0,-0.23542668585209317
416,3,0.0,0.0,0.0,0.0,0.0
416,4,0.0,0.0,0.0,0.0,0.0
417,0,0.0,-0.000371051812598384,0.0,0.0,-10.003487775404453
417,1,0.0,0.0,-0.00011607187344338566,0.0,-0.32414251589276005
417,2,0.0,0.0,0.0,0.0,-0.23542668585209317
417,3,0.0,0.0,0.0,0.0,0.0
417,4,0.0,0.0,0.0,0.0,0.0
418,0,0.0,-0.000371051812598384,0.0,0.0,-10.017671305542892
418,1,0.0,0.0,-0.00011607187344338566,0.0,-0.32414251589276005
418,2,0.0,0.0,0.0,0.0,-0.23542668585209317
418,3,0.0,0.0,0.0,0.0,0.0
418,4,0.0,0.0,0.0,0.0,0.0
419,0,0.0,-0.000371051812598384,0.0,0.0,-10.030202225235968
419,1,0.0,0.0,-0.00011607187344338566,0.0,-0.32414251589276005
419,2,0.0,0.0,0.0,0.0,-0.23542668585209317
419,3,0.0,0.0,0.0,0.0,0.0
419,4,0.0,0.0,0.0,0.0,0.0
420,0,0.0,-0.000371051812598384,0.0,0.0,-10.042346847039376
420,1,0.0,0.0,-0.00011607187344338566,0.0,-0.32414251589276005
420,2,0.0,0.0,0.0,0.0,-0.23542668585209317
420,3,0.0,0.0,0.0,0.0,0.0
420,4,0.0,0.0,0.0,0.0,0.0
421,0,0.0,-0.0005452515820228094,0.0,0.0,-10.042346847039376
421,1,0.0,0.0,-0.00011607187344338566,0.0,-0.3588667267009658
421,2,0.0,0.0,0.0,0.0,-0.23542668585209317
421,3,0.0,0.0,0.0,0.0,0.0
421,4,0.0,0.0,0.0,0.0,0.0
422,0,0.0,-0.0005452515820228094,0.0,0.0,-10.054653211293646
422,1,0.0,0.0,-0.00011607187344338566,0.0,-0.3588667267009658
422,2,0.0,0.0,0.0,0.0,-0.23542668585209317
422,3,0.0,0.0,0.0,0.0,0.0
422,4,0.0,0.0,0.0,0.0,0.0
423,0,0.0,-0.0005452515820228094,0.0,0.0,-10.069994003357914
423,1,0.0,0.0,-0.00011607187344338566,0.0,-0.3588667267009658
423,2,0.0,0.0,0.0,0.0,-0.23542668585209317
423,3,0.0,0.0,0.0,0.0,0.0
423,4,0.0,0.0,0.0,0.0,0.0
424,0,0.0,-0.0005452515820228094,0.0,0.0,-10.084116858773486
424,1,0.0,0.0,-0.00011607187344338566,0.0,-0.3588667267009658
424,2,0.0,0.0,0.0,0.0,-0.23542668585209317
424,3,0.0,0.0,0.0,0.0,0.0
424,4,0.0,0.0,0.0,0.0,0.0
425,0,0.0,-0.0005452515820228094,0.0,0.0,-10.096806949132063
425,1,0.0,0.0,-0.00011607187344338566,0.0,-0.3588667267009658
425,2,0.0,0.0,0.0,0.0,-0.23542668585209317
425,3,0.0,0.0,0.0,0.0,0.0
425,4,0.0,0.0,0.0,0.0,0.0
426,0,0.0,-0.0005452515820228094,0.0,0.0,-10.107760652060254
426,1,0.0,0.0,-0.00011607187344338566,0.0,-0.3588667267009658
426,2,0.0,0.0,0.0,0.0,-0.23542668585209317
426,3,0.0,0.0,0.0,0.0,0.0
426,4,0.0,0.0,0.0,0.0,0.0
427,0,0.0,-0.0005452515820228094,0.0,0.0,-10.118649983018592
427,1,0.0,0.0,-0.00011607187344338566,0.0,-0.3588667267009658
427,2,0.0,0.0,0.0,0.0,-0.23542668585209317
427,3,0.0,0.0,0.0,0.0,0.0
427,4,0.0,0.0,0.0,0.0,0.0
428,0,0.0,-0.0005452515820228094,0.0,0.0,-10.127160248641646
428,1,0.0,0.0,-0.00011607187344338566,0.0,-0.3588667267009658
428,2,0.0,0.0,0.0,0.0,-0.23542668585209317
428,3,0.0,0.0,0.0,0.0,0.0
428,4,0.0,0.0,0.0,0.0,0.0
429,0,0.0,-0.0005452515820228094,0.0,0.0,-10.13796217471158
429,1,0.0,0.0,-0.00011607187344338566,0.0,-0.3588667267009658
429,2,0.0,0.0,0.0,0.0,-0.23542668585209317
429,3,0.0,0.0,0.0,0.0,0.0
429,4,0.0,0.0,0.0,0.0,0.0
430,0,0.0,-0.0005452515820228094,0.0,0.0,-10.150997267371372
430,1,0.0,0.0,-0.00011607187344338566,0.0,-0.3588667267009658
430,2,0.0,0.0,0.0,0.0,-0.23542668585209317
430,3,0.0,0.0,0.0,0.0,0.0
430,4,0.0,0.0,0.0,0.0,0.0
431,0,0.0,-0.0005452515820228094,0.0,0.0,-10.164917858873876
431,1,0.0,0.0,-0.00011607187344338566,0.0,-0.3588667267009658
431,2,0.0,0.0,0.0,0.0,-0.23542668585209317
431,3,0.0,0.0,0.0,0.0,0.0
431,4,0.0,0.0,0.0,0.0,0.0
432,0,0.0,-0.0005452515820228094,0.0,0.0,-10.174194623046738
432,1,0.0,0.0,-0.00011607187344338566,0.0,-0.3588667267009658
432,2,0.0,0.0,0.0,0.0,-0.23542668585209317
432,3,0.0,0.0,0.0,0.0,0.0
432,4,0.0,0.0,0.0,0.0,0.0
433,0,0.0,-0.0005452515820228094,0.0,0.0,-10.188088347418978
433,1,0.0,0.0,-0.00011607187344338566,0.0,-0.3588667267009658
433,2,0.0,0.0,0.0,0.0,-0.23542668585209317
433,3,0.0,0.0,0.0,0.0,0.0
433,4,0.0,0.0,0.0,0.0,0.0
434,0,0.0,-0.0005452515820228094,0.0,0.0,-10.196990017310616
434,1,0.0,0.0,-0.00011607187344338566,0.0,-0.3588667267009658
434,2,0.0,0.0,0.0,0.0,-0.23542668585209317
434,3,0.0,0.0,0.0,0.0,0.0
434,4,0.0,0.0,0.0,0.0,0.0
435,0,0.0,-0.0005452515820228094,0.0,0.0,-10.205602941887634
435,1,0.0,0.0,-0.00011607187344338566,0.0,-0.3588667267009658
435,2,0.0,0.0,0.0,0.0,-0.23542668585209317
435,3,0.0,0.0,0.0,0.0,0.0
435,4,0.0,0.0,0.0,0.0,0.0
436,0,0.0,-0.0005452515820228094,0.0,0.0,-10.216183405137313
436,1,0.0,0.0,-0.00011607187344338566,0.0,-0.3588667267009658
436,2,0.0,0.0,0.0,0.0,-0.23542668585209317
436,3,0.0,0.0,0.0,0.0,0.0
436,4,0.0,0.0,0.0,0.0,0.0
437,0,0.0,-0.0005452515820228094,0.0,0.0,-10.224125782322945
437,1,0.0,0.0,-0.00011607187344338566,0.0,-0.3588667267009658
437,2,0.0,0.0,0.0,0.0,-0.23542668585209317
437,3,0.0,0.0,0.0,0.0,0.0
437,4,0.0,0.0,0.0,0.0,0.0
438,0,0.0,-0.0005452515820228094,0.0,0.0,-10.238626585995634
438,1,0.0,0.0,-0.00011607187344338566,0.0,-0.3588667267009658
438,2,0.0,0.0,0.0,0.0,-0.23542668585209317
438,3,0.0,0.0,0.0,0.0,0.0
438,4,0.0,0.0,0.0,0.0,0.0
439,0,0.0,-0.0005452515820228094,0.0,0.0,-10.25176328797636
439,1,0.0,0.0,-0.00011607187344338566,0.0,-0.3588667267009658
439,2,0.0,0.0,0.0,0.0,-0.23542668585209317
439,3,0.0,0.0,0.0,0.0,0.0
439,4,0.0,0.0,0.0,0.0,0.0
440,0,0.0,-0.0005452515820228094,0.0,0.0,-10.263846593921123
440,1,0.0,0.0,-0.00011607187344338566,0.0,-0.3588667267009658
440,2,0.0,0.0,0.0,0.0,-0.23542668585209317
440,3,0.0,0.0,0.0,0.0,0.0
440,4,0.0,0.0,0.0,0.0,0.0
441,0,0.0,-0.0005452515820228094,0.0,0.0,-10.276206401634917
441,1,0.0,0.0,-0.00011607187344338566,0.0,-0.3588667267009658
441,2,0.0,0.0,0.0,0.0,-0.23542668585209317
441,3,0.0,0.0,0.0,0.0,0.0
441,4,0.0,0.0,0.0,0.0,0.0
442,0,0.0,-0.0005452515820228094,0.0,0.0,-10.290036891717
442,1,0.0,0.0,-0.00011607187344338566,0.0,-0.3588667267009658
442,2,0.0,0.0,0.0,0.0,-0.23542668585209317
442,3,0.0,0.0,0.0,0.0,0.0
442,4,0.0,0.0,0.0,0.0,0.0
443,0,0.0,-0.0005452515820228094,0.0,0.0,-10.307160697386522
443,1,0.0,0.0,-0.00011607187344338566,0.0,-0.3588667267009658
443,2,0.0,0.0,0.0,0.0,-0.23542668585209317
443,3,0.0,0.0,0.0,0.0,0.0
443,4,0.0,0.0,0.0,0.0,0.0
444,0,0.0,-0.0005452515820228094,0.0,0.0,-10.321442275634412
444,1,0.0,0.0,-0.00011607187344338566,0.0,-0.3588667267009658
444,2,0.0,0.0,0.0,0.0,-0.23542668585209317
444,3,0.0,0.0,0.0,0.0,0.0
444,4,0.0,0.0,0.0,0.0,0.0
445,0,0.0,-0.0005452515820228094,0.0,0.0,-10.331215283989927
445,1,0.0,0.0,-0.00011607187344338566,0.0,-0.3588667267009658
445,2,0.0,0.0,0.0,0.0,-0.23542668585209317
445,3,0.0,0.0,0.0,0.0,0.0
445,4,0.0,0.0,0.0,0.0,0.0
446,0,0.0,-0.0005452515820228094,0.0,0.0,-10.345916113911837
446,1,0.0,0.0,-0.00011607187344338566,0.0,-0.3588667267009658
446,2,0.0,0.0,0.0,0.0,-0.23542668585209317
446,3,0.0,0.0,0.0,0.0,0.0
446,4,0.0,0.0,0.0,0.0,0.0
447,0,0.0,-0.0005452515820228094,0.0,0.0,-10.35998909115429
447,1,0.0,0.0,-0.00011607187344338566,0.0,-0.3588667267009658
447,2,0.0,0.0,0.0,0.0,-0.23542668585209317
447,3,0.0,0.0,0.0,0.0,0.0
447,4,0.0,0.0,0.0,0.0,0.0
448,0,0.0,-0.0005452515820228094,0.0,0.0,-10.3729594481257
448,1,0.0,0.0,-0.00011607187344338566,0.0,-0.3588667267009658
448,2,0.0,0.0,0.0,0.0,-0.23542668585209317
448,3,0.0,0.0,0.0,0.0,0.0
448,4,0.0,0.0,0.0,0.0,0.0
449,0,0.0,-0.0005452515820228094,0.0,0.0,-10.381211724938288
449,1,0.0,0.0,-0.00011607187344338566,0.0,-0.3588667267009658
449,2,0.0,0.0,0.0,0.0,-0.23542668585209317
449,3,0.0,0.0,0.0,0.0,0.0
449,4,0.0,0.0,0.0,0.0,0.0
450,0,0.0,-0.0005452515820228094,0.0,0.0,-10.3897206959299
450,1,0.0,0.0,-0.00011607187344338566,0.0,-0.3588667267009658
450,2,0.0,0.0,0.0,0.0,-0.23542668585209317
450,3,0.0,0.0,0.0,0.0,0.0
450,4,0.0,0.0,0.0,0.0,0.0
451,0,0.0,-0.0005452515820228094,0.0,0.0,-10.400833811622046
451,1,0.0,0.0,-0.00011607187344338566,0.0,-0.3588667267009658
451,2,0.0,0.0,0.0,0.0,-0.23542668585209317
451,3,0.0,0.0,0.0,0.0,0.0
451,4,0.0,0.0,0.0,0.0,0.0
452,0,0.0,-0.0005452515820228094,0.0,0.0,-10.409740891579354
452,1,0.0,0.0,-0.00011607187344338566,0.0,-0.3588667267009658
452,2,0.0,0.0,0.0,0.0,-0.23542668585209317
452,3,0.0,0.0,0.0,0.0,0.0
452,4,0.0,0.0,0.0,0.0,0.0
453,0,0.0,-0.0005452515820228094,0.0,0.0,-10.421977979780301
453,1,0.0,0.0,-0.00011607187344338566,0.0,-0.3588667267009658
453,2,0.0,0.0,0.0,0.0,-0.23542668585209317
453,3,0.0,0.0,0.0,0.0,0.0
453,4,0.0,0.0,0.0,0.0,0.0
454,0,0.0,-0.0005452515820228094,0.0,0.0,-10.429404230866393
454,1,0.0,0.0,-0.00011607187344338566,0.0,-0.3588667267009658
454,2,0.0,0.0,0.0,0.0,-0.23542668585209317
454,3,0.0,0.0,0.0,0.0,0.0
454,4,0.0,0.0,0.0,0.0,0.0
455,0,0.0,-0.0005452515820228094,0.0,0.0,-10.440724452560788
455,1,0.0,0.0,-0.00011607187344338566,0.0,-0.3588667267009658
455,2,0.0,0.0,0.0,0.0,-0.23542668585209317
455,3,0.0,0.0,0.0,0.0,0.0
455,4,0.0,0.0,0.0,0.0,0.0
456,0,0.0,-0.0005452515820228094,0.0,0.0,-10.449489898763915
456,1,0.0,0.0,-0.00011607187344338566,0.0,-0.3588667267009658
456,2,0.0,0.0,0.0,0.0,-0.23542668585209317
456,3,0.0,0.0,0.0,0.0,0.0
456,4,0.0,0.0,0.0,0.0,0.0
457,0,0.0,-0.0005452515820228094,0.0,0.0,-10.458384194898755
457,1,0.0,0.0,-0.00011607187344338566,0.0,-0.3588667267009658
457,2,0.0,0.0,0.0,0.0,-0.23542668585209317
457,3,0.0,0.0,0.0,0.0,0.0
457,4,0.0,0.0,0.0,0.0,0.0
458,0,0.0,-0.0005452515820228094,0.0,0.0,-10.468476948859493
458,1,0.0,0.0,-0.00011607187344338566,0.0,-0.3588667267009658
458,2,0.0,0.0,0.0,0.0,-0.23542668585209317
458,3,0.0,0.0,0.0,0.0,0.0
458,4,0.0,0.0,0.0,0.0,0.0
459,0,0.0,-0.0005452515820228094,0.0,0.0,-10.478954479086402
459,1,0.0,0.0,-0.00011607187344338566,0.0,-0.3588667267009658
459,2,0.0,0.0,0.0,0.0,-0.23542668585209317
459,3,0.0,0.0,0.0,0.0,0.0
459,4,0.0,0.0,0.0,0.0,0.0
460,0,0.0,-0.0005452515820228094,0.0,0.0,-10.492273907125846
460,1,0.0,0.0,-0.00011607187344338566,0.0,-0.3588667267009658
460,2,0.0,0.0,0.0,0.0,-0.23542668585209317
460,3,0.0,0.0,0.0,0.0,0.0
460,4,0.0,0.0,0.0,0.0,0.0
461,0,0.0,-0.0005452515820228094,0.0,0.0,-10.504629448601376
461,1,0.0,0.0,-0.00011607187344338566,0.0,-0.3588667267009658
461,2,0.0,0.0,0.0,0.0,-0.23542668585209317
461,3,0.0,0.0,0.0,0.0,0.0
461,4,0.0,0.0,0.0,0.0,0.0
462,0,0.0,-0.0005452515820228094,0.0,0.0,-10.515052111376622
462,1,0.0,0.0,-0.00011607187344338566,0.0,-0.3588667267009658
462,2,0.0,0.0,0.0,0.0,-0.23542668585209317
462,3,0.0,0.0,0.0,0.0,0.0
462,4,0.0,0.0,0.0,0.0,0.0
463,0,0.0,-0.0005452515820228094,0.0,0.0,-10.526998425380794
463,1,0.0,0.0,-0.00011607187344338566,0.0,-0.3588667267009658
463,2,0.0,0.0,0.0,0.0,-0.23542668585209317
463,3,0.0,0.0,0.0,0.0,0.0
463,4,0.0,0.0,0.0,0.0,0.0
464,0,0.0,-0.0005452515820228094,0.0,0.0,-10.536451170734967
464,1,0.0,0.0,-0.00011607187344338566,0.0,-0.3588667267009658
464,2,0.0,0.0,0.0,0.0,-0.23542668585209317
464,3,0.0,0.0,0.0,0.0,0.0
464,4,0.0,0.0,0.0,0.0,0.0
465,0,0.0,-0.0005452515820228094,0.0,0.0,-10.547876173392064
465,1,0.0,0.0,-0.00011607187344338566,0.0,-0.3588667267009658
465,2,0.0,0.0,0.0,0.0,-0.23542668585209317
465,3,0.0,0.0,0.0,0.0,0.0
465,4,0.0,0.0,0.0,0.0,0.0
466,0,0.0,-0.0005452515820228094,0.0,0.0,-10.561421858483254
466,1,0.0,0.0,-0.00011607187344338566,0.0,-0.3588667267009658
466,2,0.0,0.0,0.0,0.0,-0.23542668585209317
466,3,0.0,0.0,0.0,0.0,0.0
466,4,0.0,0.0,0.0,0.0,0.0
467,0,0.0,-0.0005452515820228094,0.0,0.0,-10.569584856246152
467,1,0.0,0.0,-0.00011607187344338566,0.0,-0.3588667267009658
467,2,0.0,0.0,0.0,0.0,-0.23542668585209317
467,3,0.0,0.0,0.0,0.0,0.0
467,4,0.0,0.0,0.0,0.0,0.0
468,0,0.0,-0.0005452515820228094,0.0,0.0,-10.581730571584629
468,1,0.0,0.0,-0.00011607187344338566,0.0,-0.3588667267009658
468,2,0.0,0.0,0.0,0.0,-0.23542668585209317
468,3,0.0,0.0,0.0,0.0,0.0
468,4,0.0,0.0,0.0,0.0,0.0
469,0,0.0,-0.0005452515820228094,0.0,0.0,-10.593946478428856
469,1,0.0,0.0,-0.00011607187344338566,0.0,-0.3588667267009658
469,2,0.0,0.0,0.0,0.0,-0.23542668585209317
469,3,0.0,0.0,0.0,0.0,0.0
469,4,0.0,0.0,0.0,0.0,0.0
470,0,0.0,-0.0005452515820228094,0.0,0.0,-10.604507947208305
470,1,0.0,0.0,-0.00011607187344338566,0.0,-0.3588667267009658
470,2,0.0,0.0,0.0,0.0,-0.23542668585209317
470,3,0.0,0.0,0.0,0.0,0.0
470,4,0.0,0.0,0.0,0.0,0.0
471,0,0.0,-0.0005452515820228094,0.0,0.0,-10.61794502131675
471,1,0.0,0.0,-0.00011607187344338566,0.0,-0.3588667267009658
471,2,0.0,0.0,0.0,0.0,-0.23542668585209317
471,3,0.0,0.0,0.0,0.0,0.0
471,4,0.0,0.0,0.0,0.0,0.0
472,0,0.0,-0.0005452515820228094,0.0,0.0,-10.629820410064701
472,1,0.0,0.0,-0.00011607187344338566,0.0,-0.3588667267009658
472,2,0.0,0.0,0.0,0.0,-0.23542668585209317
472,3,0.0,0.0,0.0,0.0,0.0
472,4,0.0,0.0,0.0,0.0,0.0
473,0,0.0,-0.0005452515820228094,0.0,0.0,-10.640972664646124
473,1,0.0,0.0,-0.00011607187344338566,0.0,-0.3588667267009658
473,2,0.0,0.0,0.0,0.0,-0.23542668585209317
473,3,0.0,0.0,0.0,0.0,0.0
473,4,0.0,0.0,0.0,0.0,0.0
474,0,0.0,-0.0005452515820228094,0.0,0.0,-10.649305902187416
474,1,0.0,0.0,-0.00011607187344338566,0.0,-0.3588667267009658
474,2,0.0,0.0,0.0,0.0,-0.23542668585209317
474,3,0.0,0.0,0.0,0.0,0.0
474,4,0.0,0.0,0.0,0.0,0.0
475,0,0.0,-0.0005452515820228094,0.0,0.0,-10.658076390393125
475,1,0.0,0.0,-0.00011607187344338566,0.0,-0.3588667267009658
475,2,0.0,0.0,0.0,0.0,-0.23542668585209317
475,3,0.0,0.0,0.0,0.0,0.0
475,4,0.0,0.0,0.0,0.0,0.0
476,0,0.0,-0.0005452515820228094,0.0,0.0,-10.670480252369737
476,1,0.0,0.0,-0.00011607187344338566,0.0,-0.3588667267009658
476,2,0.0,0.0,0.0,0.0,-0.23542668585209317
476,3,0.0,0.0,0.0,0.0,0.0
476,4,0.0,0.0,0.0,0.0,0.0
477,0,0.0,-0.0005452515820228094,0.0,0.0,-10.683514241875889
477,1,0.0,0.0,-0.00011607187344338566,0.0,-0.3588667267009658
477,2,0.0,0.0,0.0,0.0,-0.23542668585209317
477,3,0.0,0.0,0.0,0.0,0.0
477,4,0.0,0.0,0.0,0.0,0.0
478,0,0.0,-0.0005452515820228094,0.0,0.0,-10.694277085545954
478,1,0.0,0.0,-0.00011607187344338566,0.0,-0.3588667267009658
478,2,0.0,0.0,0.0,0.0,-0.23542668585209317
478,3,0.0,0.0,0.0,0.0,0.0
478,4,0.0,0.0,0.0,0.0,0.0
479,0,0.0,-0.0005452515820228094,0.0,0.0,-10.710461028908297
479,1,0.0,0.0,-0.00011607187344338566,0.0,-0.3588667267009658
479,2,0.0,0.0,0.0,0.0,-0.23542668585209317
479,3,0.0,0.0,0.0,0.0,0.0
479,4,0.0,0.0,0.0,0.0,0.0
480,0,0.0,-0.0005452515820228094,0.0,0.0,-10.722006103891124
480,1,0.0,0.0,-0.00011607187344338566,0.0,-0.3588667267009658
480,2,0.0,0.0,0.0,0.0,-0.23542668585209317
480,3,0.0,0.0,0.0,0.0,0.0
480,4,0.0,0.0,0.0,0.0,0.0
481,0,0.0,-0.0005452515820228094,0.0,0.0,-10.736633684568497
481,1,0.0,0.0,-0.00011607187344338566,0.0,-0.3588667267009658
481,2,0.0,0.0,0.0,0.0,-0.23542668585209317
481,3,0.0,0.0,0.0,0.0,0.0
481,4,0.0,0.0,0.0,0.0,0.0
482,0,0.0,-0.0005452515820228094,0.0,0.0,-10.746380853378952
482,1,0.0,0.0,-0.00011607187344338566,0.0,-0.3588667267009658
482,2,0.0,0.0,0.0,0.0,-0.23542668585209317
482,3,0.0,0.0,0.0,0.0,0.0
482,4,0.0,0.0,0.0,0.0,0.0
483,0,0.0,-0.0005452515820228094,0.0,0.0,-10.753613254622213
483,1,0.0,0.0,-0.00011607187344338566,0.0,-0.3588667267009658
483,2,0.0,0.0,0.0,0.0,-0.23542668585209317
483,3,0.0,0.0,0.0,0.0,0.0
483,4,0.0,0.0,0.0,0.0,0.0
484,0,0.0,-0.0005452515820228094,0.0,0.0,-10.766470565093073
484,1,0.0,0.0,-0.00011607187344338566,0.0,-0.3588667267009658
484,2,0.0,0.0,0.0,0.0,-0.23542668585209317
484,3,0.0,0.0,0.0,0.0,0.0
484,4,0.0,0.0,0.0,0.0,0.0
485,0,0.0,-0.0005452515820228094,0.0,0.0,-10.775397254052923
485,1,0.0,0.0,-0.00011607187344338566,0.0,-0.3588667267009658
485,2,0.0,0.0,0.0,0.0,-0.23542668585209317
485,3,0.0,0.0,0.0,0.0,0.0
485,4,0.0,0.0,0.0,0.0,0.0
486,0,0.0,-0.0005452515820228094,0.0,0.0,-10.78325687335803
486,1,0.0,0.0,-0.00011607187344338566,0.0,-0.3588667267009658
486,2,0.0,0.0,0.0,0.0,-0.23542668585209317
486,3,0.0,0.0,0.0,0.0,0.0
486,4,0.0,0.0,0.0,0.0,0.0
487,0,0.0,-0.0005452515820228094,0.0,0.0,-10.794260998439068
487,1,0.0,0.0,-0.00011607187344338566,0.0,-0.3588667267009658
487,2,0.0,0.0,0.0,0.0,-0.23542668585209317
487,3,0.0,0.0,0.0,0.0,0.0
487,4,0.0,0.0,0.0,0.0,0.0
488,0,0.0,-0.0005452515820228094,0.0,0.0,-10.801044701872314
488,1,0.0,0.0,-0.00011607187344338566,0.0,-0.3588667267009658
488,2,0.0,0.0,0.0,0.0,-0.23542668585209317
488,3,0.0,0.0,0.0,0.0,0.0
488,4,0.0,0.0,0.0,0.0,0.0
489,0,0.0,-0.0005452515820228094,0.0,0.0,-10.812408618940943
489,1,0.0,0.0,-0.00011607187344338566,0.0,-0.3588667267009658
489,2,0.0,0.0,0.0,0.0,-0.23542668585209317
489,3,0.0,0.0,0.0,0.0,0.0
489,4,0.0,0.0,0.0,0.0,0.0
490,0,0.0,-0.0005452515820228094,0.0,0.0,-10.820753577960458
490,1,0.0,0.0,-0.00011607187344338566,0.0,-0.3588667267009658
490,2,0.0,0.0,0.0,0.0,-0.23542668585209317
490,3,0.0,0.0,0.0,0.0,0.0
490,4,0.0,0.0,0.0,0.0,0.0
491,0,0.0,-0.0005452515820228094,0.0,0.0,-10.828314045136436
491,1,0.0,0.0,-0.00011607187344338566,0.0,-0.3588667267009658
491,2,0.0,0.0,0.0,0.0,-0.23542668585209317
491,3,0.0,0.0,0.0,0.0,0.0
491,4,0.0,0.0,0.0,0.0,0.0
492,0,0.0,-0.0005452515820228094,0.0,0.0,-10.838751220649323
492,1,0.0,0.0,-0.00011607187344338566,0.0,-0.3588667267009658
492,2,0.0,0.0,0.0,0.0,-0.23542668585209317
492,3,0.0,0.0,0.0,0.0,0.0
492,4,0.0,0.0,0.0,0.0,0.0
493,0,0.0,-0.0005452515820228094,0.0,0.0,-10.84899642061108
493,1,0.0,0.0,-0.00011607187344338566,0.0,-0.3588667267009658
493,2,0.0,0.0,0.0,0.0,-0.23542668585209317
493,3,0.0,0.0,0.0,0.0,0.0
493,4,0.0,0.0,0.0,0.0,0.0
494,0,0.0,-0.0005452515820228094,0.0,0.0,-10.85989940555882
494,1,0.0,0.0,-0.00011607187344338566,0.0,-0.3588667267009658
494,2,0.0,0.0,0.0,0.0,-0.23542668585209317
494,3,0.0,0.0,0.0,0.0,0.0
494,4,0.0,0.0,0.0,0.0,0.0
495,0,0.0,-0.0005452515820228094,0.0,0.0,-10.872809747876458
495,1,0.0,0.0,-0.00011607187344338566,0.0,-0.3588667267009658
495,2,0.0,0.0,0.0,0.0,-0.23542668585209317
495,3,0.0,0.0,0.0,0.0,0.0
495,4,0.0,0.0,0.0,0.0,0.0
496,0,0.0,-0.0005452515820228094,0.0,0.0,-10.88349689025181
496,1,0.0,0.0,-0.00011607187344338566,0.0,-0.3588667267009658
496,2,0.0,0.0,0.0,0.0,-0.23542668585209317
496,3,0.0,0.0,0.0,0.0,0.0
496,4,0.0,0.0,0.0,0.0,0.0
497,0,0.0,-0.0005452515820228094,0.0,0.0,-10.894682558695683
497,1,0.0,0.0,-0.00011607187344338566,0.0,-0.3588667267009658
497,2,0.0,0.0,0.0,0.0,-0.23542668585209317
497,3,0.0,0.0,0.0,0.0,0.0
497,4,0.0,0.0,0.0,0.0,0.0
498,0,0.0,-0.0005452515820228094,0.0,0.0,-10.906006938450671
498,1,0.0,0.0,-0.00011607187344338566,0.0,-0.3588667267009658
498,2,0.0,0.0,0.0,0.0,-0.23542668585209317
498,3,0.0,0.0,0.0,0.0,0.0
498,4,0.0,0.0,0.0,0.0,0.0
499,0,0.0,-0.0005452515820228094,0.0,0.0,-10.918533385434687
499,1,0.0,0.0,-0.00011607187344338566,0.0,-0.3588667267009658
499,2,0.0,0.0,0.0,0.0,-0.23542668585209317
499,3,0.0,0.0,0.0,0.0,0.0
499,4,0.0,0.0,0.0,0.0,0.0
500,0,0.0,-0.0005452515820228094,0.0,0.0,-10.927243511714837
500,1,0.0,0.0,-0.00011607187344338566,0.0,-0.3588667267009658
500,2,0.0,0.0,0.0,0.0,-0.23542668585209317
500,3,0.0,0.0,0.0,0.0,0.0
500,4,0.0,0.0,0.0,0.0,0.0
501,0,0.0,-0.0005452515820228094,0.0,0.0,-10.934455688721616
501,1,0.0,0.0,-0.00011607187344338566,0.0,-0.3588667267009658
501,2,0.0,0.0,0.0,0.0,-0.23542668585209317
501,3,0.0,0.0,0.0,0.0,0.0
501,4,0.0,0.0,0.0,0.0,0.0
502,0,0.0,-0.0005452515820228094,0.0,0.0,-10.94450526404412
502,1,0.0,0.0,-0.00011607187344338566,0.0,-0.3588667267009658
502,2,0.0,0.0,0.0,0.0,-0.23542668585209317
502,3,0.0,0.0,0.0,0.0,0.0
502,4,0.0,0.0,0.0,0.0,0.0
503,0,0.0,-0.0005452515820228094,0.0,0.0,-10.954524304892086
503,1,0.0,0.0,-0.00011607187344338566,0.0,-0.3588667267009658
503,2,0.0,0.0,0.0,0.0,-0.23542668585209317
503,3,0.0,0.0,0.0,0.0,0.0
503,4,0.0,0.0,0.0,0.0,0.0
504,0,0.0,-0.0005452515820228094,0.0,0.0,-10.964357070332532
504,1,0.0,0.0,-0.00011607187344338566,0.0,-0.3588667267009658
504,2,0.0,0.0,0.0,0.0,-0.23542668585209317
504,3,0.0,0.0,0.0,0.0,0.0
504,4,0.0,0.0,0.0,0.0,0.0
505,0,0.0,-0.0005452515820228094,0.0,0.0,-10.975442374972772
505,1,0.0,0.0,-0.00011607187344338566,0.0,-0.3588667267009658
505,2,0.0,0.0,0.0,0.0,-0.23542668585209317
505,3,0.0,0.0,0.0,0.0,0.0
505,4,0.0,0.0,0.0,0.0,0.0
506,0,0.0,-0.0005452515820228094,0.0,0.0,-10.990619324785074
506,1,0.0,0.0,-0.00011607187344338566,0.0,-0.3588667267009658
506,2,0.0,0.0,0.0,0.0,-0.23542668585209317
506,3,0.0,0.0,0.0,0.0,0.0
506,4,0.0,0.0,0.0,0.0,0.0
507,0,0.0,-0.0005452515820228094,0.0,0.0,-11.000363119807576
507,1,0.0,0.0,-0.00011607187344338566,0.0,-0.3588667267009658
507,2,0.0,0.0,0.0,0.0,-0.23542668585209317
507,3,0.0,0.0,0.0,0.0,0.0
507,4,0.0,0.0,0.0,0.0,0.0
508,0,0.0,-0.0005452515820228094,0.0,0.0,-11.00853767692664
508,1,0.0,0.0,-0.00011607187344338566,0.0,-0.3588667267009658
508,2,0.0,0.0,0.0,0.0,-0.23542668585209317
508,3,0.0,0.0,0.0,0.0,0.0
508,4,0.0,0.0,0.0,0.0,0.0
509,0,0.0,-0.0005452515820228094,0.0,0.0,-11.018944039661294
509,1,0.0,0.0,-0.00011607187344338566,0.0,-0.3588667267009658
509,2,0.0,0.0,0.0,0.0,-0.23542668585209317
509,3,0.0,0.0,0.0,0.0,0.0
509,4,0.0,0.0,0.0,0.0,0.0
510,0,0.0,-0.0005452515820228094,0.0,0.0,-11.029520758246704
510,1,0.0,0.0,-0.00011607187344338566,0.0,-0.3588667267009658
510,2,0.0,0.0,0.0,0.0,-0.23542668585209317
510,3,0.0,0.0,0.0,0.0,0.0
510,4,0.0,0.0,0.0,0.0,0.0
511,0,0.0,-0.0005452515820228094,0.0,0.0,-11.040634596436071
511,1,0.0,0.0,-0.00011607187344338566,0.0,-0.3588667267009658
511,2,0.0,0.0,0.0,0.0,-0.23542668585209317
511,3,0.0,0.0,0.0,0.0,0.0
511,4,0.0,0.0,0.0,0.0,0.0
512,0,0.0,-0.0005452515820228094,0.0,0.0,-11.046079479417271
512,1,0.0,0.0,-0.00011607187344338566,0.0,-0.3588667267009658
512,2,0.0,0.0,0.0,0.0,-0.23542668585209317
512,3,0.0,0.0,0.0,0.0,0.0
512,4,0.0,0.0,0.0,0.0,0.0
513,0,0.0,-0.0005452515820228094,0.0,0.0,-11.052403845171476
513,1,0.0,0.0,-0.00011607187344338566,0.0,-0.3588667267009658
513,2,0.0,0.0,0.0,0.0,-0.23542668585209317
513,3,0.0,0.0,0.0,0.0,0.0
513,4,0.0,0.0,0.0,0.0,0.0
514,0,0.0,-0.0005452515820228094,0.0,0.0,-11.060882378156329
514,1,0.0,0.0,-0.00011607187344338566,0.0,-0.3588667267009658
514,2,0.0,0.0,0.0,0.0,-0.23542668585209317
514,3,0.0,0.0,0.0,0.0,0.0
514,4,0.0,0.0,0.0,0.0,0.0
515,0,0.0,-0.0005452515820228094,0.0,0.0,-11.071198133419891
515,1,0.0,0.0,-0.00011607187344338566,0.0,-0.3588667267009658
515,2,0.0,0.0,0.0,0.0,-0.23542668585209317
515,3,0.0,0.0,0.0,0.0,0.0
515,4,0.0,0.0,0.0,0.0,0.0
516,0,0.0,-0.0005452515820228094,0.0,0.0,-11.079973999463402
516,1,0.0,0.0,-0.00011607187344338566,0.0,-0.3588667267009658
516,2,0.0,0.0,0.0,0.0,-0.23542668585209317
516,3,0.0,0.0,0.0,0.0,0.0
516,4,0.0,0.0,0.0,0.0,0.0
517,0,0.0,-0.0005452515820228094,0.0,0.0,-11.088854140985513
517,1,0.0,0.0,-0.00011607187344338566,0.0,-0.3588667267009658
517,2,0.0,0.0,0.0,0.0,-0.23542668585209317
517,3,0.0,0.0,0.0,0.0,0.0
517,4,0.0,0.0,0.0,0.0,0.0
518,0,0.0,-0.0005452515820228094,0.0,0.0,-11.097582565299167
518,1,0.0,0.0,-0.00011607187344338566,0.0,-0.3588667267009658
518,2,0.0,0.0,0.0,0.0,-0.23542668585209317
518,3,0.0,0.0,0.0,0.0,0.0
518,4,0.0,0.0,0.0,0.0,0.0
519,0,0.0,-0.0005452515820228094,0.0,0.0,-11.111108199050783
519,1,0.0,0.0,-0.00011607187344338566,0.0,-0.3588667267009658
519,2,0.0,0.0,0.0,0.0,-0.23542668585209317
519,3,0.0,0.0,0.0,0.0,0.0
519,4,0.0,0.0,0.0,0.0,0.0
520,0,0.0,-0.0005452515820228094,0.0,0.0,-11.121127424930004
520,1,0.0,0.0,-0.00011607187344338566,0.0,-0.3588667267009658
520,2,0.0,0.0,0.0,0.0,-0.23542668585209317
520,3,0.0,0.0,0.0,0.0,0.0
520,4,0.0,0.0,0.0,0.0,0.0
521,0,0.0,-0.0005452515820228094,0.0,0.0,-11.13129467363646
521,1,0.0,0.0,-0.00011607187344338566,0.0,-0.3588667267009658
521,2,0.0,0.0,0.0,0.0,-0.23542668585209317
521,3,0.0,0.0,0.0,0.0,0.0
521,4,0.0,0.0,0.0,0.0,0.0
522,0,0.0,-0.0005452515820228094,0.0,0.0,-11.142773165924531
522,1,0.0,0.0,-0.00011607187344338566,0.0,-0.3588667267009658
522,2,0.0,0.0,0.0,0.0,-0.23542668585209317
522,3,0.0,0.0,0.0,0.0,0.0
522,4,0.0,0.0,0.0,0.0,0.0
523,0,0.0,-0.0005452515820228094,0.0,0.0,-11.151176340986702
523,1,0.0,0.0,-0.00011607187344338566,0.0,-0.3588667267009658
523,2,0.0,0.0,0.0,0.0,-0.23542668585209317
523,3,0.0,0.0,0.0,0.0,0.0
523,4,0.0,0.0,0.0,0.0,0.0
524,0,0.0,-0.0005452515820228094,0.0,0.0,-11.162578387864274
524,1,0.0,0.0,-0.00011607187344338566,0.0,-0.3588667267009658
524,2,0.0,0.0,0.0,0.0,-0.23542668585209317
524,3,0.0,0.0,0.0,0.0,0.0
524,4,0.0,0.0,0.0,0.0,0.0
525,0,0.0,-0.0005452515820228094,0.0,0.0,-11.171537337963596
525,1,0.0,0.0,-0.00011607187344338566,0.0,-0.3588667267009658
525,2,0.0,0.0,0.0,0.0,-0.23542668585209317
525,3,0.0,0.0,0.0,0.0,0.0
525,4,0.0,0.0,0.0,0.0,0.0
526,0,0.0,-0.0005452515820228094,0.0,0.0,-11.179286035296398
526,1,0.0,0.0,-0.00011607187344338566,0.0,-0.3588667267009658
526,2,0.0,0.0,0.0,0.0,-0.23542668585209317
526,3,0.0,0.0,0.0,0.0,0.0
526,4,0.0,0.0,0.0,0.0,0.0
527,0,0.0,-0.0005452515820228094,0.0,0.0,-11.189312264169125
527,1,0.0,0.0,-0.00011607187344338566,0.0,-0.3588667267009658
527,2,0.0,0.0,0.0,0.0,-0.23542668585209317
527,3,0.0,0.0,0.0,0.0,0.0
527,4,0.0,0.0,0.0,0.0,0.0
528,0,0.0,-0.0005452515820228094,0.0,0.0,-11.196650774340434
528,1,0.0,0.0,-0.00011607187344338566,0.0,-0.3588667267009658
528,2,0.0,0.0,0.0,0.0,-0.23542668585209317
528,3,0.0,0.0,0.0,0.0,0.0
528,4,0.0,0.0,0.0,0.0,0.0
529,0,0.0,-0.0005452515820228094,0.0,0.0,-11.205436856610154
529,1,0.0,0.0,-0.00011607187344338566,0.0,-0.3588667267009658
529,2,0.0,0.0,0.0,0.0,-0.23542668585209317
529,3,0.0,0.0,0.0,0.0,0.0
529,4,0.0,0.0,0.0,0.0,0.0
530,0,0.0,-0.0005452515820228094,0.0,0.0,-11.209543099225908
530,1,0.0,0.0,-0.00011607187344338566,0.0,-0.3588667267009658
530,2,0.0,0.0,0.0,0.0,-0.23542668585209317
530,3,0.0,0.0,0.0,0.0,0.0
530,4,0.0,0.0,0.0,0.0,0.0
531,0,0.0,-0.0005452515820228094,0.0,0.0,-11.217216946751162
531,1,0.0,0.0,-0.00011607187344338566,0.0,-0.3588667267009658
531,2,0.0,0.0,0.0,0.0,-0.23542668585209317
531,3,0.0,0.0,0.0,0.0,0.0
531,4,0.0,0.0,0.0,0.0,0.0
532,0,0.0,-0.0005452515820228094,0.0,0.0,-11.22870508237761
532,1,0.0,0.0,-0.00011607187344338566,0.0,-0.3588667267009658
532,2,0.0,0.0,0.0,0.0,-0.23542668585209317
532,3,0.0,0.0,0.0,0.0,0.0
532,4,0.0,0.0,0.0,0.0,0.0
533,0,0.0,-0.0005452515820228094,0.0,0.0,-11.241927826853166
533,1,0.0,0.0,-0.00011607187344338566,0.0,-0.3588667267009658
533,2,0.0,0.0,0.0,0.0,-0.23542668585209317
533,3,0.0,0.0,0.0,0.0,0.0
533,4,0.0,0.0,0.0,0.0,0.0
534,0,0.0,-0.0005452515820228094,0.0,0.0,-11.247286676321355
534,1,0.0,0.0,-0.00011607187344338566,0.0,-0.3588667267009658
534,2,0.0,0.0,0.0,0.0,-0.23542668585209317
534,3,0.0,0.0,0.0,0.0,0.0
534,4,0.0,0.0,0.0,0.0,0.0
535,0,0.0,-0.0007585129461801408,0.0,0.0,-11.247286676321355
535,1,0.0,0.0,-0.00011607187344338566,0.0,-0.404191911858211
535,2,0.0,0.0,0.0,0.0,-0.23542668585209317
535,3,0.0,0.0,0.0,0.0,0.0
535,4,0.0,0.0,0.0,0.0,0.0
536,0,0.0,-0.0007585129461801408,0.0,0.0,-11.255254098952665
536,1,0.0,0.0,-0.00011607187344338566,0.0,-0.404191911858211
536,2,0.0,0.0,0.0,0.0,-0.23542668585209317
536,3,0.0,0.0,0.0,0.0,0.0
536,4,0.0,0.0,0.0,0.0,0.0
537,0,0.0,-0.0007585129461801408,0.0,0.0,-11.266492602462353
537,1,0.0,0.0,-0.00011607187344338566,0.0,-0.404191911858211
537,2,0.0,0.0,0.0,0.0,-0.23542668585209317
537,3,0.0,0.0,0.0,0.0,0.0
537,4,0.0,0.0,0.0,0.0,0.0
538,0,0.0,-0.0007585129461801408,0.0,0.0,-11.277086393707778
538,1,0.0,0.0,-0.00011607187344338566,0.0,-0.404191911858211
538,2,0.0,0.0,0.0,0.0,-0.23542668585209317
538,3,0.0,0.0,0.0,0.0,0.0
538,4,0.0,0.0,0.0,0.0,0.0
539,0,0.0,-0.0007585129461801408,0.0,0.0,-11.289779257343733
539,1,0.0,0.0,-0.00011607187344338566,0.0,-0.404191911858211
539,2,0.0,0.0,0.0,0.0,-0.23542668585209317
539,3,0.0,0.0,0.0,0.0,0.0
539,4,0.0,0.0,0.0,0.0,0.0
540,0,0.0,-0.0007585129461801408,0.0,0.0,-11.29951594096059
540,1,0.0,0.0,-0.00011607187344338566,0.0,-0.404191911858211
540,2,0.0,0.0,0.0,0.0,-0.23542668585209317
540,3,0.0,0.0,0.0,0.0,0.0
540,4,0.0,0.0,0.0,0.0,0.0
541,0,0.0,-0.0007585129461801408,0.0,0.0,-11.307004955041393
541,1,0.0,0.0,-0.00011607187344338566,0.0,-0.404191911858211
541,2,0.0,0.0,0.0,0.0,-0.23542668585209317
541,3,0.0,0.0,0.0,0.0,0.0
541,4,0.0,0.0,0.0,0.0,0.0
542,0,0.0,-0.0007585129461801408,0.0,0.0,-11.3212019202654
542,1,0.0,0.0,-0.00011607187344338566,0.0,-0.404191911858211
542,2,0.0,0.0,0.0,0.0,-0.23542668585209317
542,3,0.0,0.0,0.0,0.0,0.0
542,4,0.0,0.0,0.0,0.0,0.0
543,0,0.0,-0.0007585129461801408,0.0,0.0,-11.331507608573991
543,1,0.0,0.0,-0.00011607187344338566,0.0,-0.404191911858211
543,2,0.0,0.0,0.0,0.0,-0.23542668585209317
543,3,0.0,0.0,0.0,0.0,0.0
543,4,0.0,0.0,0.0,0.0,0.0
544,0,0.0,-0.0007585129461801408,0.0,0.0,-11.342018570318636
544,1,0.0,0.0,-0.00011607187344338566,0.0,-0.404191911858211
544,2,0.0,0.0,0.0,0.0,-0.23542668585209317
544,3,0.0,0.0,0.0,0.0,0.0
544,4,0.0,0.0,0.0,0.0,0.0
545,0,0.0,-0.0007585129461801408,0.0,0.0,-11.348626132372278
545,1,0.0,0.0,-0.00011607187344338566,0.0,-0.404191911858211
545,2,0.0,0.0,0.0,0.0,-0.23542668585209317
545,3,0.0,0.0,0.0,0.0,0.0
545,4,0.0,0.0,0.0,0.0,0.0
546,0,0.0,-0.0007585129461801408,0.0,0.0,-11.35464760073207
546,1,0.0,0.0,-0.00011607187344338566,0.0,-0.404191911858211
546,2,0.0,0.0,0.0,0.0,-0.23542668585209317
546,3,0.0,0.0,0.0,0.0,0.0
546,4,0.0,0.0,0.0,0.0,0.0
547,0,0.0,-0.0007585129461801408,0.0,0.0,-11.36685781911704
547,1,0.0,0.0,-0.00011607187344338566,0.0,-0.404191911858211
547,2,0.0,0.0,0.0,0.0,-0.23542668585209317
547,3,0.0,0.0,0.0,0.0,0.0
547,4,0.0,0.0,0.0,0.0,0.0
548,0,0.0,-0.0007585129461801408,0.0,0.0,-11.377052687423438
548,1,0.0,0.0,-0.00011607187344338566,0.0,-0.404191911858211
548,2,0.0,0.0,0.0,0.0,-0.23542668585209317
548,3,0.0,0.0,0.0,0.0,0.0
548,4,0.0,0.0,0.0,0.0,0.0
549,0,0.0,-0.0007585129461801408,0.0,0.0,-11.388522386775003
549,1,0.0,0.0,-0.00011607187344338566,0.0,-0.404191911858211
549,2,0.0,0.0,0.0,0.0,-0.23542668585209317
549,3,0.0,0.0,0.0,0.0,0.0
549,4,0.0,0.0,0.0,0.0,0.0
550,0,0.0,-0.0007585129461801408,0.0,0.0,-11.399600583447276
550,1,0.0,0.0,-0.00011607187344338566,0.0,-0.404191911858211
550,2,0.0,0.0,0.0,0.0,-0.23542668585209317
550,3,0.0,0.0,0.0,0.0,0.0
550,4,0.0,0.0,0.0,0.0,0.0
551,0,0.0,-0.0007585129461801408,0.0,0.0,-11.410438623478521
551,1,0.0,0.0,-0.00011607187344338566,0.0,-0.404191911858211
551,2,0.0,0.0,0.0,0.0,-0.23542668585209317
551,3,0.0,0.0,0.0,0.0,0.0
551,4,0.0,0.0,0.0,0.0,0.0
552,0,0.0,-0.0007585129461801408,0.0,0.0,-11.420137851660725
552,1,0.0,0.0,-0.00011607187344338566,0.0,-0.404191911858211
552,2,0.0,0.0,0.0,0.0,-0.23542668585209317
552,3,0.0,0.0,0.0,0.0,0.0
552,4,0.0,0.0,0.0,0.0,0.0
553,0,0.0,-0.0007585129461801408,0.0,0.0,-11.42896600125518
553,1,0.0,0.0,-0.00011607187344338566,0.0,-0.404191911858211
553,2,0.0,0.0,0.0,0.0,-0.23542668585209317
553,3,0.0,0.0,0.0,0.0,0.0
553,4,0.0,0.0,0.0,0.0,0.0
554,0,0.0,-0.0007585129461801408,0.0,0.0,-11.433150200498925
554,1,0.0,0.0,-0.00011607187344338566,0.0,-0.404191911858211
554,2,0.0,0.0,0.0,0.0,-0.23542668585209317
554,3,0.0,0.0,0.0,0.0,0.0
554,4,0.0,0.0,0.0,0.0,0.0
555,0,0.0,-0.0007585129461801408,0.0,0.0,-11.442643004001463
555,1,0.0,0.0,-0.00011607187344338566,0.0,-0.404191911858211
555,2,0.0,0.0,0.0,0.0,-0.23542668585209317
555,3,0.0,0.0,0.0,0.0,0.0
555,4,0.0,0.0,0.0,0.0,0.0
556,0,0.0,-0.0007585129461801408,0.0,0.0,-11.450830078324877
556,1,0.0,0.0,-0.00011607187344338566,0.0,-0.404191911858211
556,2,0.0,0.0,0.0,0.0,-0.23542668585209317
556,3,0.0,0.0,0.0,0.0,0.0
556,4,0.0,0.0,0.0,0.0,0.0
557,0,0.0,-0.0007585129461801408,0.0,0.0,-11.460257480842156
557,1,0.0,0.0,-0.00011607187344338566,0.0,-0.404191911858211
557,2,0.0,0.0,0.0,0.0,-0.23542668585209317
557,3,0.0,0.0,0.0,0.0,0.0
557,4,0.0,0.0,0.0,0.0,0.0
558,0,0.0,-0.0007585129461801408,0.0,0.0,-11.473257798411245
558,1,0.0,0.0,-0.00011607187344338566,0.0,-0.404191911858211
558,2,0.0,0.0,0.0,0.0,-0.23542668585209317
558,3,0.0,0.0,0.0,0.0,0.0
558,4,0.0,0.0,0.0,0.0,0.0
559,0,0.0,-0.0007585129461801408,0.0,0.0,-11.482218840807475
559,1,0.0,0.0,-0.00011607187344338566,0.0,-0.404191911858211
559,2,0.0,0.0,0.0,0.0,-0.23542668585209317
559,3,0.0,0.0,0.0,0.0,0.0
559,4,0.0,0.0,0.0,0.0,0.0
560,0,0.0,-0.0007585129461801408,0.0,0.0,-11.491502683000059
560,1,0.0,0.0,-0.00011607187344338566,0.0,-0.404191911858211
560,2,0.0,0.0,0.0,0.0,-0.23542668585209317
560,3,0.0,0.0,0.0,0.0,0.0
560,4,0.0,0.0,0.0,0.0,0.0
561,0,0.0,-0.0007585129461801408,0.0,0.0,-11.498094631743752
561,1,0.0,0.0,-0.00011607187344338566,0.0,-0.404191911858211
561,2,0.0,0.0,0.0,0.0,-0.23542668585209317
561,3,0.0,0.0,0.0,0.0,0.0
561,4,0.0,0.0,0.0,0.0,0.0
562,0,0.0,-0.0007585129461801408,0.0,0.0,-11.508337850575904
562,1,0.0,0.0,-0.00011607187344338566,0.0,-0.404191911858211
562,2,0.0,0.0,0.0,0.0,-0.23542668585209317
562,3,0.0,0.0,0.0,0.0,0.0
562,4,0.0,0.0,0.0,0.0,0.0
563,0,0.0,-0.0007585129461801408,0.0,0.0,-11.518004671425649
563,1,0.0,0.0,-0.00011607187344338566,0.0,-0.404191911858211
563,2,0.0,0.0,0.0,0.0,-0.23542668585209317
563,3,0.0,0.0,0.0,0.0,0.0
563,4,0.0,0.0,0.0,0.0,0.0
564,0,0.0,-0.0007585129461801408,0.0,0.0,-11.531450599790688
564,1,0.0,0.0,-0.00011607187344338566,0.0,-0.404191911858211
564,2,0.0,0.0,0.0,0.0,-0.23542668585209317
564,3,0.0,0.0,0.0,0.0,0.0
564,4,0.0,0.0,0.0,0.0,0.0
565,0,0.0,-0.0007585129461801408,0.0,0.0,-11.540207057399122
565,1,0.0,0.0,-0.00011607187344338566,0.0,-0.404191911858211
565,2,0.0,0.0,0.0,0.0,-0.23542668585209317
565,3,0.0,0.0,0.0,0.0,0.0
565,4,0.0,0.0,0.0,0.0,0.0
566,0,0.0,-0.0007585129461801408,0.0,0.0,-11.546312113349348
566,1,0.0,0.0,-0.00011607187344338566,0.0,-0.404191911858211
566,2,0.0,0.0,0.0,0.0,-0.23542668585209317
566,3,0.0,0.0,0.0,0.0,0.0
566,4,0.0,0.0,0.0,0.0,0.0
567,0,0.0,-0.0007585129461801408,0.0,0.0,-11.557197301227893
567,1,0.0,0.0,-0.00011607187344338566,0.0,-0.404191911858211
567,2,0.0,0.0,0.0,0.0,-0.23542668585209317
567,3,0.0,0.0,0.0,0.0,0.0
567,4,0.0,0.0,0.0,0.0,0.0
568,0,0.0,-0.0007585129461801408,0.0,0.0,-11.562798330881478
568,1,0.0,0.0,-0.00011607187344338566,0.0,-0.404191911858211
568,2,0.0,0.0,0.0,0.0,-0.23542668585209317
568,3,0.0,0.0,0.0,0.0,0.0
568,4,0.0,0.0,0.0,0.0,0.0
569,0,0.0,-0.0007585129461801408,0.0,0.0,-11.572328314398684
569,1,0.0,0.0,-0.00011607187344338566,0.0,-0.404191911858211
569,2,0.0,0.0,0.0,0.0,-0.23542668585209317
569,3,0.0,0.0,0.0,0.0,0.0
569,4,0.0,0.0,0.0,0.0,0.0
570,0,0.0,-0.0007585129461801408,0.0,0.0,-11.582962718678269
570,1,0.0,0.0,-0.00011607187344338566,0.0,-0.404191911858211
570,2,0.0,0.0,0.0,0.0,-0.23542668585209317
570,3,0.0,0.0,0.0,0.0,0.0
570,4,0.0,0.0,0.0,0.0,0.0
571,0,0.0,-0.0007585129461801408,0.0,0.0,-11.590896597939656
571,1,0.0,0.0,-0.00011607187344338566,0.0,-0.404191911858211
571,2,0.0,0.0,0.0,0.0,-0.23542668585209317
571,3,0.0,0.0,0.0,0.0,0.0
571,4,0.0,0.0,0.0,0.0,0.0
572,0,0.0,-0.0007585129461801408,0.0,0.0,-11.606051097068885
572,1,0.0,0.0,-0.00011607187344338566,0.0,-0.404191911858211
572,2,0.0,0.0,0.0,0.0,-0.23542668585209317
572,3,0.0,0.0,0.0,0.0,0.0
572,4,0.0,0.0,0.0,0.0,0.0
573,0,0.0,-0.0007585129461801408,0.0,0.0,-11.615254054629752
573,1,0.0,0.0,-0.00011607187344338566,0.0,-0.404191911858211
573,2,0.0,0.0,0.0,0.0,-0.23542668585209317
573,3,0.0,0.0,0.0,0.0,0.0
573,4,0.0,0.0,0.0,0.0,0.0
574,0,0.0,-0.0007585129461801408,0.0,0.0,-11.622659441370805
574,1,0.0,0.0,-0.00011607187344338566,0.0,-0.404191911858211
574,2,0.0,0.0,0.0,0.0,-0.23542668585209317
574,3,0.0,0.0,0.0,0.0,0.0
574,4,0.0,0.0,0.0,0.0,0.0
575,0,0.0,-0.0007585129461801408,0.0,0.0,-11.632064526173616
575,1,0.0,0.0,-0.00011607187344338566,0.0,-0.404191911858211
575,2,0.0,0.0,0.0,0.0,-0.23542668585209317
575,3,0.0,0.0,0.0,0.0,0.0
575,4,0.0,0.0,0.0,0.0,0.0
576,0,0.0,-0.0007585129461801408,0.0,0.0,-11.642031304116875
576,1,0.0,0.0,-0.00011607187344338566,0.0,-0.404191911858211
576,2,0.0,0.0,0.0,0.0,-0.23542668585209317
576,3,0.0,0.0,0.0,0.0,0.0
576,4,0.0,0.0,0.0,0.0,0.0
577,0,0.0,-0.0007585129461801408,0.0,0.0,-11.652281965685846
577,1,0.0,0.0,-0.00011607187344338566,0.0,-0.404191911858211
577,2,0.0,0.0,0.0,0.0,-0.23542668585209317
577,3,0.0,0.0,0.0,0.0,0.0
577,4,0.0,0.0,0.0,0.0,0.0
578,0,0.0,-0.0007585129461801408,0.0,0.0,-11.662684862869314
578,1,0.0,0.0,-0.00011607187344338566,0.0,-0.404191911858211
578,2,0.0,0.0,0.0,0.0,-0.23542668585209317
578,3,0.0,0.0,0.0,0.0,0.0
578,4,0.0,0.0,0.0,0.0,0.0
579,0,0.0,-0.0007585129461801408,0.0,0.0,-11.668210066678034
579,1,0.0,0.0,-0.00011607187344338566,0.0,-0.404191911858211
579,2,0.0,0.0,0.0,0.0,-0.23542668585209317
579,3,0.0,0.0,0.0,0.0,0.0
579,4,0.0,0.0,0.0,0.0,0.0
580,0,0.0,-0.0007585129461801408,0.0,0.0,-11.673813101520716
580,1,0.0,0.0,-0.00011607187344338566,0.0,-0.404191911858211
580,2,0.0,0.0,0.0,0.0,-0.23542668585209317
580,3,0.0,0.0,0.0,0.0,0.0
580,4,0.0,0.0,0.0,0.0,0.0
581,0,0.0,-0.0007585129461801408,0.0,0.0,-11.684256214396406
581,1,0.0,0.0,-0.00011607187344338566,0.0,-0.404191911858211
581,2,0.0,0.0,0.0,0.0,-0.23542668585209317
581,3,0.0,0.0,0.0,0.0,0.0
581,4,0.0,0.0,0.0,0.0,0.0
582,0,0.0,-0.0007585129461801408,0.0,0.0,-11.695457791378676
582,1,0.0,0.0,-0.00011607187344338566,0.0,-0.404191911858211
582,2,0.0,0.0,0.0,0.0,-0.23542668585209317
582,3,0.0,0.0,0.0,0.0,0.0
582,4,0.0,0.0,0.0,0.0,0.0
583,0,0.0,-0.0007585129461801408,0.0,0.0,-11.705383316867595
583,1,0.0,0.0,-0.00011607187344338566,0.0,-0.404191911858211
583,2,0.0,0.0,0.0,0.0,-0.23542668585209317
583,3,0.0,0.0,0.0,0.0,0.0
583,4,0.0,0.0,0.0,0.0,0.0
584,0,0.0,-0.0007585129461801408,0.0,0.0,-11.710224577599172
584,1,0.0,0.0,-0.00011607187344338566,0.0,-0.404191911858211
584,2,0.0,0.0,0.0,0.0,-0.23542668585209317
584,3,0.0,0.0,0.0,0.0,0.0
584,4,0.0,0.0,0.0,0.0,0.0
585,0,0.0,-0.0007585129461801408,0.0,0.0,-11.718360779448421
585,1,0.0,0.0,-0.00011607187344338566,0.0,-0.404191911858211
585,2,0.0,0.0,0.0,0.0,-0.23542668585209317
585,3,0.0,0.0,0.0,0.0,0.0
585,4,0.0,0.0,0.0,0.0,0.0
586,0,0.0,-0.0007585129461801408,0.0,0.0,-11.729662091769956
586,1,0.0,0.0,-0.00011607187344338566,0.0,-0.404191911858211
586,2,0.0,0.0,0.0,0.0,-0.23542668585209317
586,3,0.0,0.0,0.0,0.0,0.0
586,4,0.0,0.0,0.0,0.0,0.0
587,0,0.0,-0.0007585129461801408,0.0,0.0,-11.742658527451535
587,1,0.0,0.0,-0.00011607187344338566,0.0,-0.404191911858211
587,2,0.0,0.0,0.0,0.0,-0.23542668585209317
587,3,0.0,0.0,0.0,0.0,0.0
587,4,0.0,0.0,0.0,0.0,0.0
588,0,0.0,-0.0007585129461801408,0.0,0.0,-11.750588160805899
588,1,0.0,0.0,-0.00011607187344338566,0.0,-0.404191911858211
588,2,0.0,0.0,0.0,0.0,-0.23542668585209317
588,3,0.0,0.0,0.0,0.0,0.0
588,4,0.0,0.0,0.0,0.0,0.0
589,0,0.0,-0.0007585129461801408,0.0,0.0,-11.758269609517976
589,1,0.0,0.0,-0.00011607187344338566,0.0,-0.404191911858211
589,2,0.0,0.0,0.0,0.0,-0.23542668585209317
589,3,0.0,0.0,0.0,0.0,0.0
589,4,0.0,0.0,0.0,0.0,0.0
590,0,0.0,-0.0007585129461801408,0.0,0.0,-11.767674532119896
590,1,0.0,0.0,-0.00011607187344338566,0.0,-0.404191911858211
590,2,0.0,0.0,0.0,0.0,-0.23542668585209317
590,3,0.0,0.0,0.0,0.0,0.0
590,4,0.0,0.0,0.0,0.0,0.0
591,0,0.0,-0.0007585129461801408,0.0,0.0,-11.776957722120473
591,1,0.0,0.0,-0.00011607187344338566,0.0,-0.404191911858211
591,2,0.0,0.0,0.0,0.0,-0.23542668585209317
591,3,0.0,0.0,0.0,0.0,0.0
591,4,0.0,0.0,0.0,0.0,0.0
592,0,0.0,-0.0007585129461801408,0.0,0.0,-11.784536397845633
592,1,0.0,0.0,-0.00011607187344338566,0.0,-0.404191911858211
592,2,0.0,0.0,0.0,0.0,-0.23542668585209317
592,3,0.0,0.0,0.0,0.0,0.0
592,4,0.0,0.0,0.0,0.0,0.0
593,0,0.0,-0.0007585129461801408,0.0,0.0,-11.793542399647984
593,1,0.0,0.0,-0.00011607187344338566,0.0,-0.404191911858211
593,2,0.0,0.0,0.0,0.0,-0.23542668585209317
593,3,0.0,0.0,0.0,0.0,0.0
593,4,0.0,0.0,0.0,0.0,0.0
594,0,0.0,-0.0007585129461801408,0.0,0.0,-11.80226440348286
594,1,0.0,0.0,-0.00011607187344338566,0.0,-0.404191911858211
594,2,0.0,0.0,0.0,0.0,-0.23542668585209317
594,3,0.0,0.0,0.0,0.0,0.0
594,4,0.0,0.0,0.0,0.0,0.0
595,0,0.0,-0.0007585129461801408,0.0,0.0,-11.809607197310983
595,1,0.0,0.0,-0.00011607187344338566,0.0,-0.404191911858211
595,2,0.0,0.0,0.0,0.0,-0.23542668585209317
595,3,0.0,0.0,0.0,0.0,0.0
595,4,0.0,0.0,0.0,0.0,0.0
596,0,0.0,-0.0007585129461801408,0.0,0.0,-11.816224786399832
596,1,0.0,0.0,-0.00011607187344338566,0.0,-0.404191911858211
596,2,0.0,0.0,0.0,0.0,-0.23542668585209317
596,3,0.0,0.0,0.0,0.0,0.0
596,4,0.0,0.0,0.0,0.0,0.0
597,0,0.0,-0.0007585129461801408,0.0,0.0,-11.823208135130477
597,1,0.0,0.0,-0.00011607187344338566,0.0,-0.404191911858211
597,2,0.0,0.0,0.0,0.0,-0.23542668585209317
597,3,0.0,0.0,0.0,0.0,0.0
597,4,0.0,0.0,0.0,0.0,0.0
598,0,0.0,-0.0007585129461801408,0.0,0.0,-11.829703268020955
598,1,0.0,0.0,-0.00011607187344338566,0.0,-0.404191911858211
598,2,0.0,0.0,0.0,0.0,-0.23542668585209317
598,3,0.0,0.0,0.0,0.0,0.0
598,4,0.0,0.0,0.0,0.0,0.0
599,0,0.0,-0.0007585129461801408,0.0,0.0,-11.839125601145495
599,1,0.0,0.0,-0.00011607187344338566,0.0,-0.404191911858211
599,2,0.0,0.0,0.0,0.0,-0.23542668585209317
599,3,0.0,0.0,0.0,0.0,0.0
599,4,0.0,0.0,0.0,0.0,0.0
600,0,0.0,-0.0007585129461801408,0.0,0.0,-11.85051300942006
600,1,0.0,0.0,-0.00011607187344338566,0.0,-0.404191911858211
600,2,0.0,0.0,0.0,0.0,-0.23542668585209317
600,3,0.0,0.0,0.0,0.0,0.0
600,4,0.0,0.0,0.0,0.0,0.0
601,0,0.0,-0.0007585129461801408,0.0,0.0,-11.861021484951705
601,1,0.0,0.0,-0.00011607187344338566,0.0,-0.404191911858211
601,2,0.0,0.0,0.0,0.0,-0.23542668585209317
601,3,0.0,0.0,0.0,0.0,0.0
601,4,0.0,0.0,0.0,0.0,0.0
602,0,0.0,-0.0007585129461801408,0.0,0.0,-11.86802604637205
602,1,0.0,0.0,-0.00011607187344338566,0.0,-0.404191911858211
602,2,0.0,0.0,0.0,0.0,-0.23542668585209317
602,3,0.0,0.0,0.0,0.0,0.0
602,4,0.0,0.0,0.0,0.0,0.0
603,0,0.0,-0.0007585129461801408,0.0,0.0,-11.874042264629129
603,1,0.0,0.0,-0.00011607187344338566,0.0,-0.404191911858211
603,2,0.0,0.0,0.0,0.0,-0.23542668585209317
603,3,0.0,0.0,0.0,0.0,0.0
603,4,0.0,0.0,0.0,0.0,0.0
604,0,0.0,-0.0007585129461801408,0.0,0.0,-11.880633644418191
604,1,0.0,0.0,-0.00011607187344338566,0.0,-0.404191911858211
604,2,0.0,0.0,0.0,0.0,-0.23542668585209317
604,3,0.0,0.0,0.0,0.0,0.0
604,4,0.0,0.0,0.0,0.0,0.0
605,0,0.0,-0.0007585129461801408,0.0,0.0,-11.885059790305219
605,1,0.0,0.0,-0.00011607187344338566,0.0,-0.404191911858211
605,2,0.0,0.0,0.0,0.0,-0.23542668585209317
605,3,0.0,0.0,0.0,0.0,0.0
605,4,0.0,0.0,0.0,0.0,0.0
606,0,0.0,-0.0007585129461801408,0.0,0.0,-11.89042595741338
606,1,0.0,0.0,-0.00011607187344338566,0.0,-0.404191911858211
606,2,0.0,0.0,0.0,0.0,-0.23542668585209317
606,3,0.0,0.0,0.0,0.0,0.0
606,4,0.0,0.0,0.0,0.0,0.0
607,0,0.0,-0.0007585129461801408,0.0,0.0,-11.896003988986491
607,1,0.0,0.0,-0.00011607187344338566,0.0,-0.404191911858211
607,2,0.0,0.0,0.0,0.0,-0.23542668585209317
607,3,0.0,0.0,0.0,0.0,0.0
607,4,0.0,0.0,0.0,0.0,0.0
608,0,0.0,-0.0007585129461801408,0.0,0.0,-11.901468316765003
608,1,0.0,0.0,-0.00011607187344338566,0.0,-0.404191911858211
608,2,0.0,0.0,0.0,0.0,-0.23542668585209317
608,3,0.0,0.0,0.0,0.0,0.0
608,4,0.0,0.0,0.0,0.0,0.0
609,0,0.0,-0.0007585129461801408,0.0,0.0,-11.907823748647141
609,1,0.0,0.0,-0.00011607187344338566,0.0,-0.404191911858211
609,2,0.0,0.0,0.0,0.0,-0.23542668585209317
609,3,0.0,0.0,0.0,0.0,0.0
609,4,0.0,0.0,0.0,0.0,0.0
610,0,0.0,-0.0007585129461801408,0.0,0.0,-11.91643124525219
610,1,0.0,0.0,-0.00011607187344338566,0.0,-0.404191911858211
610,2,0.0,0.0,0.0,0.0,-0.23542668585209317
610,3,0.0,0.0,0.0,0.0,0.0
610,4,0.0,0.0,0.0,0.0,0.0
611,0,0.0,-0.0007585129461801408,0.0,0.0,-11.923738123743732
611,1,0.0,0.0,-0.00011607187344338566,0.0,-0.404191911858211
611,2,0.0,0.0,0.0,0.0,-0.23542668585209317
611,3,0.0,0.0,0.0,0.0,0.0
611,4,0.0,0.0,0.0,0.0,0.0
612,0,0.0,-0.0007585129461801408,0.0,0.0,-11.932446563470851
612,1,0.0,0.0,-0.00011607187344338566,0.0,-0.404191911858211
612,2,0.0,0.0,0.0,0.0,-0.23542668585209317
612,3,0.0,0.0,0.0,0.0,0.0
612,4,0.0,0.0,0.0,0.0,0.0
613,0,0.0,-0.0007585129461801408,0.0,0.0,-11.939612020224839
613,1,0.0,0.0,-0.00011607187344338566,0.0,-0.404191911858211
613,2,0.0,0.0,0.0,0.0,-0.23542668585209317
613,3,0.0,0.0,0.0,0.0,0.0
613,4,0.0,0.0,0.0,0.0,0.0
614,0,0.0,-0.0007585129461801408,0.0,0.0,-11.944940143966884
614,1,0.0,0.0,-0.00011607187344338566,0.0,-0.404191911858211
614,2,0.0,0.0,0.0,0.0,-0.23542668585209317
614,3,0.0,0.0,0.0,0.0,0.0
614,4,0.0,0.0,0.0,0.0,0.0
615,0,0.0,-0.0007585129461801408,0.0,0.0,-11.952788513947672
615,1,0.0,0.0,-0.00011607187344338566,0.0,-0.404191911858211
615,2,0.0,0.0,0.0,0.0,-0.23542668585209317
615,3,0.0,0.0,0.0,0.0,0.0
615,4,0.0,0.0,0.0,0.0,0.0
616,0,0.0,-0.0007585129461801408,0.0,0.0,-11.960573572166265
616,1,0.0,0.0,-0.00011607187344338566,0.0,-0.404191911858211
616,2,0.0,0.0,0.0,0.0,-0.23542668585209317
616,3,0.0,0.0,0.0,0.0,0.0
616,4,0.0,0.0,0.0,0.0,0.0
617,0,0.0,-0.0007585129461801408,0.0,0.0,-11.970654777735776
617,1,0.0,0.0,-0.00011607187344338566,0.0,-0.404191911858211
617,2,0.0,0.0,0.0,0.0,-0.23542668585209317
617,3,0.0,0.0,0.0,0.0,0.0
617,4,0.0,0.0,0.0,0.0,0.0
618,0,0.0,-0.0007585129461801408,0.0,0.0,-11.97926355390164
618,1,0.0,0.0,-0.00011607187344338566,0.0,-0.404191911858211
618,2,0.0,0.0,0.0,0.0,-0.23542668585209317
618,3,0.0,0.0,0.0,0.0,0.0
618,4,0.0,0.0,0.0,0.0,0.0
619,0,0.0,-0.0007585129461801408,0.0,0.0,-11.988765865373997
619,1,0.0,0.0,-0.00011607187344338566,0.0,-0.404191911858211
619,2,0.0,0.0,0.0,0.0,-0.23542668585209317
619,3,0.0,0.0,0.0,0.0,0.0
619,4,0.0,0.0,0.0,0.0,0.0
620,0,0.0,-0.0007585129461801408,0.0,0.0,-11.997288610122505
620,1,0.0,0.0,-0.00011607187344338566,0.0,-0.404191911858211
620,2,0.0,0.0,0.0,0.0,-0.23542668585209317
620,3,0.0,0.0,0.0,0.0,0.0
620,4,0.0,0.0,0.0,0.0,0.0
621,0,0.0,-0.0007585129461801408,0.0,0.0,-12.007067906809986
621,1,0.0,0.0,-0.00011607187344338566,0.0,-0.404191911858211
621,2,0.0,0.0,0.0,0.0,-0.23542668585209317
621,3,0.0,0.0,0.0,0.0,0.0
621,4,0.0,0.0,0.0,0.0,0.0
622,0,0.0,-0.0007585129461801408,0.0,0.0,-12.012141467292533
622,1,0.0,0.0,-0.00011607187344338566,0.0,-0.404191911858211
622,2,0.0,0.0,0.0,0.0,-0.23542668585209317
622,3,0.0,0.0,0.0,0.0,0.0
622,4,0.0,0.0,0.0,0.0,0.0
623,0,0.0,-0.0007585129461801408,0.0,0.0,-12.023234354277351
623,1,0.0,0.0,-0.00011607187344338566,0.0,-0.404191911858211
623,2,0.0,0.0,0.0,0.0,-0.23542668585209317
623,3,0.0,0.0,0.0,0.0,0.0
623,4,0.0,0.0,0.0,0.0,0.0
624,0,0.0,-0.0007585129461801408,0.0,0.0,-12.03052947443357
624,1,0.0,0.0,-0.00011607187344338566,0.0,-0.404191911858211
624,2,0.0,0.0,0.0,0.0,-0.23542668585209317
624,3,0.0,0.0,0.0,0.0,0.0
624,4,0.0,0.0,0.0,0.0,0.0
625,0,0.0,-0.0007585129461801408,0.0,0.0,-12.03845170856844
625,1,0.0,0.0,-0.00011607187344338566,0.0,-0.404191911858211
625,2,0.0,0.0,0.0,0.0,-0.23542668585209317
625,3,0.0,0.0,0.0,0.0,0.0
625,4,0.0,0.0,0.0,0.0,0.0
626,0,0.0,-0.0007585129461801408,0.0,0.0,-12.043865949678562
626,1,0.0,0.0,-0.00011607187344338566,0.0,-0.404191911858211
626,2,0.0,0.0,0.0,0.0,-0.23542668585209317
626,3,0.0,0.0,0.0,0.0,0.0
626,4,0.0,0.0,0.0,0.0,0.0
627,0,0.0,-0.0007585129461801408,0.0,0.0,-12.052137849146677
627,1,0.0,0.0,-0.00011607187344338566,0.0,-0.404191911858211
627,2,0.0,0.0,0.0,0.0,-0.23542668585209317
627,3,0.0,0.0,0.0,0.0,0.0
627,4,0.0,0.0,0.0,0.0,0.0
628,0,0.0,-0.0007585129461801408,0.0,0.0,-12.059564036679658
628,1,0.0,0.0,-0.00011607187344338566,0.0,-0.404191911858211
628,2,0.0,0.0,0.0,0.0,-0.23542668585209317
628,3,0.0,0.0,0.0,0.0,0.0
628,4,0.0,0.0,0.0,0.0,0.0
629,0,0.0,-0.0007585129461801408,0.0,0.0,-12.064590966290503
629,1,0.0,0.0,-0.00011607187344338566,0.0,-0.404191911858211
629,2,0.0,0.0,0.0,0.0,-0.23542668585209317
629,3,0.0,0.0,0.0,0.0,0.0
629,4,0.0,0.0,0.0,0.0,0.0
630,0,0.0,-0.0007585129461801408,0.0,0.0,-12.073829718640878
630,1,0.0,0.0,-0.00011607187344338566,0.0,-0.404191911858211
630,2,0.0,0.0,0.0,0.0,-0.23542668585209317
630,3,0.0,0.0,0.0,0.0,0.0
630,4,0.0,0.0,0.0,0.0,0.0
631,0,0.0,-0.0007585129461801408,0.0,0.0,-12.079787144976248
631,1,0.0,0.0,-0.00011607187344338566,0.0,-0.404191911858211
631,2,0.0,0.0,0.0,0.0,-0.23542668585209317
631,3,0.0,0.0,0.0,0.0,0.0
631,4,0.0,0.0,0.0,0.0,0.0
632,0,0.0,-0.0007585129461801408,0.0,0.0,-12.087037092566536
632,1,0.0,0.0,-0.00011607187344338566,0.0,-0.404191911858211
632,2,0.0,0.0,0.0,0.0,-0.23542668585209317
632,3,0.0,0.0,0.0,0.0,0.0
632,4,0.0,0.0,0.0,0.0,0.0
633,0,0.0,-0.0007585129461801408,0.0,0.0,-12.095752891813854
633,1,0.0,0.0,-0.00011607187344338566,0.0,-0.404191911858211
633,2,0.0,0.0,0.0,0.0,-0.23542668585209317
633,3,0.0,0.0,0.0,0.0,0.0
633,4,0.0,0.0,0.0,0.0,0.0
634,0,0.0,-0.0007585129461801408,0.0,0.0,-12.102606066078415
634,1,0.0,0.0,-0.00011607187344338566,0.0,-0.404191911858211
634,2,0.0,0.0,0.0,0.0,-0.23542668585209317
634,3,0.0,0.0,0.0,0.0,0.0
634,4,0.0,0.0,0.0,0.0,0.0
635,0,0.0,-0.0007585129461801408,0.0,0.0,-12.110723035372516
635,1,0.0,0.0,-0.00011607187344338566,0.0,-0.404191911858211
635,2,0.0,0.0,0.0,0.0,-0.23542668585209317
635,3,0.0,0.0,0.0,0.0,0.0
635,4,0.0,0.0,0.0,0.0,0.0
636,0,0.0,-0.0007585129461801408,0.0,0.0,-12.116929743769505
636,1,0.0,0.0,-0.00011607187344338566,0.0,-0.404191911858211
636,2,0.0,0.0,0.0,0.0,-0.23542668585209317
636,3,0.0,0.0,0.0,0.0,0.0
636,4,0.0,0.0,0.0,0.0,0.0
637,0,0.0,-0.0007585129461801408,0.0,0.0,-12.123114802275689
637,1,0.0,0.0,-0.00011607187344338566,0.0,-0.404191911858211
637,2,0.0,0.0,0.0,0.0,-0.23542668585209317
637,3,0.0,0.0,0.0,0.0,0.0
637,4,0.0,0.0,0.0,0.0,0.0
638,0,0.0,-0.0007585129461801408,0.0,0.0,-12.137247856774144
638,1,0.0,0.0,-0.00011607187344338566,0.0,-0.404191911858211
638,2,0.0,0.0,0.0,0.0,-0.23542668585209317
638,3,0.0,0.0,0.0,0.0,0.0
638,4,0.0,0.0,0.0,0.0,0.0
639,0,0.0,-0.0007585129461801408,0.0,0.0,-12.1441607070097
639,1,0.0,0.0,-0.00011607187344338566,0.0,-0.404191911858211
639,2,0.0,0.0,0.0,0.0,-0.23542668585209317
639,3,0.0,0.0,0.0,0.0,0.0
639,4,0.0,0.0,0.0,0.0,0.0
640,0,0.0,-0.0007585129461801408,0.0,0.0,-12.14746357681736
640,1,0.0,0.0,-0.00011607187344338566,0.0,-0.404191911858211
640,2,0.0,0.0,0.0,0.0,-0.23542668585209317
640,3,0.0,0.0,0.0,0.0,0.0
640,4,0.0,0.0,0.0,0.0,0.0
641,0,0.0,-0.0007585129461801408,0.0,0.0,-12.152625672457198
641,1,0.0,0.0,-0.00011607187344338566,0.0,-0.404191911858211
641,2,0.0,0.0,0.0,0.0,-0.23542668585209317
641,3,0.0,0.0,0.0,0.0,0.0
641,4,0.0,0.0,0.0,0.0,0.0
642,0,0.0,-0.0007585129461801408,0.0,0.0,-12.159343371548799
642,1,0.0,0.0,-0.00011607187344338566,0.0,-0.404191911858211
642,2,0.0,0.0,0.0,0.0,-0.23542668585209317
642,3,0.0,0.0,0.0,0.0,0.0
642,4,0.0,0.0,0.0,0.0,0.0
643,0,0.0,-0.0007585129461801408,0.0,0.0,-12.164316271173853
643,1,0.0,0.0,-0.00011607187344338566,0.0,-0.404191911858211
643,2,0.0,0.0,0.0,0.0,-0.23542668585209317
643,3,0.0,0.0,0.0,0.0,0.0
643,4,0.0,0.0,0.0,0.0,0.0
644,0,0.0,-0.0007585129461801408,0.0,0.0,-12.169665370095924
644,1,0.0,0.0,-0.00011607187344338566,0.0,-0.404191911858211
644,2,0.0,0.0,0.0,0.0,-0.23542668585209317
644,3,0.0,0.0,0.0,0.0,0.0
644,4,0.0,0.0,0.0,0.0,0.0
645,0,0.0,-0.0007585129461801408,0.0,0.0,-12.176913595234721
645,1,0.0,0.0,-0.00011607187344338566,0.0,-0.404191911858211
645,2,0.0,0.0,0.0,0.0,-0.23542668585209317
645,3,0.0,0.0,0.0,0.0,0.0
645,4,0.0,0.0,0.0,0.0,0.0
646,0,0.0,-0.0007585129461801408,0.0,0.0,-12.187874562020827
646,1,0.0,0.0,-0.00011607187344338566,0.0,-0.404191911858211
646,2,0.0,0.0,0.0,0.0,-0.23542668585209317
646,3,0.0,0.0,0.0,0.0,0.0
646,4,0.0,0.0,0.0,0.0,0.0
647,0,0.0,-0.0007585129461801408,0.0,0.0,-12.19606963618691
647,1,0.0,0.0,-0.00011607187344338566,0.0,-0.404191911858211
647,2,0.0,0.0,0.0,0.0,-0.23542668585209317
647,3,0.0,0.0,0.0,0.0,0.0
647,4,0.0,0.0,0.0,0.0,0.0
648,0,0.0,-0.0007585129461801408,0.0,0.0,-12.203878830801743
648,1,0.0,0.0,-0.00011607187344338566,0.0,-0.404191911858211
648,2,0.0,0.0,0.0,0.0,-0.23542668585209317
648,3,0.0,0.0,0.0,0.0,0.0
648,4,0.0,0.0,0.0,0.0,0.0
649,0,0.0,-0.0007585129461801408,0.0,0.0,-12.213734668851362
649,1,0.0,0.0,-0.00011607187344338566,0.0,-0.404191911858211
649,2,0.0,0.0,0.0,0.0,-0.23542668585209317
649,3,0.0,0.0,0.0,0.0,0.0
649,4,0.0,0.0,0.0,0.0,0.0
650,0,0.0,-0.0007585129461801408,0.0,0.0,-12.221089209853808
650,1,0.0,0.0,-0.00011607187344338566,0.0,-0.404191911858211
650,2,0.0,0.0,0.0,0.0,-0.23542668585209317
650,3,0.0,0.0,0.0,0.0,0.0
650,4,0.0,0.0,0.0,0.0,0.0
651,0,0.0,-0.0007585129461801408,0.0,0.0,-12.23016221228042
651,1,0.0,0.0,-0.00011607187344338566,0.0,-0.404191911858211
651,2,0.0,0.0,0.0,0.0,-0.23542668585209317
651,3,0.0,0.0,0.0,0.0,0.0
651,4,0.0,0.0,0.0,0.0,0.0
652,0,0.0,-0.0007585129461801408,0.0,0.0,-12.23556319180238
652,1,0.0,0.0,-0.00011607187344338566,0.0,-0.404191911858211
652,2,0.0,0.0,0.0,0.0,-0.23542668585209317
652,3,0.0,0.0,0.0,0.0,0.0
652,4,0.0,0.0,0.0,0.0,0.0
653,0,0.0,-0.0007585129461801408,0.0,0.0,-12.243983787132798
653,1,0.0,0.0,-0.00011607187344338566,0.0,-0.404191911858211
653,2,0.0,0.0,0.0,0.0,-0.23542668585209317
653,3,0.0,0.0,0.0,0.0,0.0
653,4,0.0,0.0,0.0,0.0,0.0
654,0,0.0,-0.0007585129461801408,0.0,0.0,-12.254189744652535
654,1,0.0,0.0,-0.00011607187344338566,0.0,-0.404191911858211
654,2,0.0,0.0,0.0,0.0,-0.23542668585209317
654,3,0.0,0.0,0.0,0.0,0.0
654,4,0.0,0.0,0.0,0.0,0.0
655,0,0.0,-0.0007585129461801408,0.0,0.0,-12.25947387722875
655,1,0.0,0.0,-0.00011607187344338566,0.0,-0.404191911858211
655,2,0.0,0.0,0.0,0.0,-0.23542668585209317
655,3,0.0,0.0,0.0,0.0,0.0
655,4,0.0,0.0,0.0,0.0,0.0
656,0,0.0,-0.0007585129461801408,0.0,0.0,-12.265039544168662
656,1,0.0,0.0,-0.00011607187344338566,0.0,-0.404191911858211
656,2,0.0,0.0,0.0,0.0,-0.23542668585209317
656,3,0.0,0.0,0.0,0.0,0.0
656,4,0.0,0.0,0.0,0.0,0.0
657,0,0.0,-0.0007585129461801408,0.0,0.0,-12.268763118614382
657,1,0.0,0.0,-0.00011607187344338566,0.0,-0.404191911858211
657,2,0.0,0.0,0.0,0.0,-0.23542668585209317
657,3,0.0,0.0,0.0,0.0,0.0
657,4,0.0,0.0,0.0,0.0,0.0
658,0,0.0,-0.0007585129461801408,0.0,0.0,-12.278589587406927
658,1,0.0,0.0,-0.00011607187344338566,0.0,-0.404191911858211
658,2,0.0,0.0,0.0,0.0,-0.23542668585209317
658,3,0.0,0.0,0.0,0.0,0.0
658,4,0.0,0.0,0.0,0.0,0.0
659,0,0.0,-0.0007585129461801408,0.0,0.0,-12.284713786830421
659,1,0.0,0.0,-0.00011607187344338566,0.0,-0.404191911858211
659,2,0.0,0.0,0.0,0.0,-0.23542668585209317
659,3,0.0,0.0,0.0,0.0,0.0
659,4,0.0,0.0,0.0,0.0,0.0
660,0,0.0,-0.0007585129461801408,0.0,0.0,-12.294607753409485
660,1,0.0,0.0,-0.00011607187344338566,0.0,-0.404191911858211
660,2,0.0,0.0,0.0,0.0,-0.23542668585209317
660,3,0.0,0.0,0.0,0.0,0.0
660,4,0.0,0.0,0.0,0.0,0.0
661,0,0.0,-0.0007585129461801408,0.0,0.0,-12.304777628024015
661,1,0.0,0.0,-0.00011607187344338566,0.0,-0.404191911858211
661,2,0.0,0.0,0.0,0.0,-0.23542668585209317
661,3,0.0,0.0,0.0,0.0,0.0
661,4,0.0,0.0,0.0,0.0,0.0
662,0,0.0,-0.0007585129461801408,0.0,0.0,-12.3093917977973
662,1,0.0,0.0,-0.00011607187344338566,0.0,-0.404191911858211
662,2,0.0,0.0,0.0,0.0,-0.23542668585209317
662,3,0.0,0.0,0.0,0.0,0.0
662,4,0.0,0.0,0.0,0.0,0.0
663,0,0.0,-0.0007585129461801408,0.0,0.0,-12.31856444130668
663,1,0.0,0.0,-0.00011607187344338566,0.0,-0.404191911858211
663,2,0.0,0.0,0.0,0.0,-0.23542668585209317
663,3,0.0,0.0,0.0,0.0,0.0
663,4,0.0,0.0,0.0,0.0,0.0
664,0,0.0,-0.0007585129461801408,0.0,0.0,-12.3239947186414
664,1,0.0,0.0,-0.00011607187344338566,0.0,-0.404191911858211
664,2,0.0,0.0,0.0,0.0,-0.23542668585209317
664,3,0.0,0.0,0.0,0.0,0.0
664,4,0.0,0.0,0.0,0.0,0.0
665,0,0.0,-0.0007585129461801408,0.0,0.0,-12.331411776385815
665,1,0.0,0.0,-0.00011607187344338566,0.0,-0.404191911858211
665,2,0.0,0.0,0.0,0.0,-0.23542668585209317
665,3,0.0,0.0,0.0,0.0,0.0
665,4,0.0,0.0,0.0,0.0,0.0
666,0,0.0,-0.0007585129461801408,0.0,0.0,-12.335610372319271
666,1,0.0,0.0,-0.00011607187344338566,0.0,-0.404191911858211
666,2,0.0,0.0,0.0,0.0,-0.23542668585209317
666,3,0.0,0.0,0.0,0.0,0.0
666,4,0.0,0.0,0.0,0.0,0.0
667,0,0.0,-0.0007585129461801408,0.0,0.0,-12.342425905927684
667,1,0.0,0.0,-0.00011607187344338566,0.0,-0.404191911858211
667,2,0.0,0.0,0.0,0.0,-0.23542668585209317
667,3,0.0,0.0,0.0,0.0,0.0
667,4,0.0,0.0,0.0,0.0,0.0
668,0,0.0,-0.0007585129461801408,0.0,0.0,-12.351071137564231
668,1,0.0,0.0,-0.00011607187344338566,0.0,-0.404191911858211
668,2,0.0,0.0,0.0,0.0,-0.23542668585209317
668,3,0.0,0.0,0.0,0.0,0.0
668,4,0.0,0.0,0.0,0.0,0.0
669,0,0.0,-0.0007585129461801408,0.0,0.0,-12.357007278157514
669,1,0.0,0.0,-0.00011607187344338566,0.0,-0.404191911858211
669,2,0.0,0.0,0.0,0.0,-0.23542668585209317
669,3,0.0,0.0,0.0,0.0,0.0
669,4,0.0,0.0,0.0,0.0,0.0
670,0,0.0,-0.0007585129461801408,0.0,0.0,-12.371003245608648
670,1,0.0,0.0,-0.00011607187344338566,0.0,-0.404191911858211
670,2,0.0,0.0,0.0,0.0,-0.23542668585209317
670,3,0.0,0.0,0.0,0.0,0.0
670,4,0.0,0.0,0.0,0.0,0.0
671,0,0.0,-0.0007585129461801408,0.0,0.0,-12.376074690247682
671,1,0.0,0.0,-0.00011607187344338566,0.0,-0.404191911858211
671,2,0.0,0.0,0.0,0.0,-0.23542668585209317
671,3,0.0,0.0,0.0,0.0,0.0
671,4,0.0,0.0,0.0,0.0,0.0
672,0,0.0,-0.0007585129461801408,0.0,0.0,-12.381343160537984
672,1,0.0,0.0,-0.00011607187344338566,0.0,-0.404191911858211
672,2,0.0,0.0,0.0,0.0,-0.23542668585209317
672,3,0.0,0.0,0.0,0.0,0.0
672,4,0.0,0.0,0.0,0.0,0.0
673,0,0.0,-0.0007585129461801408,0.0,0.0,-12.390433084725023
673,1,0.0,0.0,-0.00011607187344338566,0.0,-0.404191911858211
673,2,0.0,0.0,0.0,0.0,-0.23542668585209317
673,3,0.0,0.0,0.0,0.0,0.0
673,4,0.0,0.0,0.0,0.0,0.0
674,0,0.0,-0.0007585129461801408,0.0,0.0,-12.395250163951763
674,1,0.0,0.0,-0.00011607187344338566,0.0,-0.404191911858211
674,2,0.0,0.0,0.0,0.0,-0.23542668585209317
674,3,0.0,0.0,0.0,0.0,0.0
674,4,0.0,0.0,0.0,0.0,0.0
675,0,0.0,-0.0007585129461801408,0.0,0.0,-12.402981083088214
675,1,0.0,0.0,-0.00011607187344338566,0.0,-0.404191911858211
675,2,0.0,0.0,0.0,0.0,-0.23542668585209317
675,3,0.0,0.0,0.0,0.0,0.0
675,4,0.0,0.0,0.0,0.0,0.0
676,0,0.0,-0.0007585129461801408,0.0,0.0,-12.40634508704315
676,1,0.0,0.0,-0.00011607187344338566,0.0,-0.404191911858211
676,2,0.0,0.0,0.0,0.0,-0.23542668585209317
676,3,0.0,0.0,0.0,0.0,0.0
676,4,0.0,0.0,0.0,0.0,0.0
677,0,0.0,-0.0007585129461801408,0.0,0.0,-12.415653699102018
677,1,0.0,0.0,-0.00011607187344338566,0.0,-0.404191911858211
677,2,0.0,0.0,0.0,0.0,-0.23542668585209317
677,3,0.0,0.0,0.0,0.0,0.0
677,4,0.0,0.0,0.0,0.0,0.0
678,0,0.0,-0.0007585129461801408,0.0,0.0,-12.422283143083833
678,1,0.0,0.0,-0.00011607187344338566,0.0,-0.404191911858211
678,2,0.0,0.0,0.0,0.0,-0.23542668585209317
678,3,0.0,0.0,0.0,0.0,0.0
678,4,0.0,0.0,0.0,0.0,0.0
679,0,0.0,-0.0007585129461801408,0.0,0.0,-12.431565148737564
679,1,0.0,0.0,-0.00011607187344338566,0.0,-0.404191911858211
679,2,0.0,0.0,0.0,0.0,-0.23542668585209317
679,3,0.0,0.0,0.0,0.0,0.0
679,4,0.0,0.0,0.0,0.0,0.0
680,0,0.0,-0.0007585129461801408,0.0,0.0,-12.43513731870916
680,1,0.0,0.0,-0.00011607187344338566,0.0,-0.404191911858211
680,2,0.0,0.0,0.0,0.0,-0.23542668585209317
680,3,0.0,0.0,0.0,0.0,0.0
680,4,0.0,0.0,0.0,0.0,0.0
681,0,0.0,-0.0007585129461801408,0.0,0.0,-12.43855830846469
681,1,0.0,0.0,-0.00011607187344338566,0.0,-0.404191911858211
681,2,0.0,0.0,0.0,0.0,-0.23542668585209317
681,3,0.0,0.0,0.0,0.0,0.0
681,4,0.0,0.0,0.0,0.0,0.0
682,0,0.0,-0.0007585129461801408,0.0,0.0,-12.442315336476746
682,1,0.0,0.0,-0.00011607187344338566,0.0,-0.404191911858211
682,2,0.0,0.0,0.0,0.0,-0.23542668585209317
682,3,0.0,0.0,0.0,0.0,0.0
682,4,0.0,0.0,0.0,0.0,0.0
683,0,0.0,-0.0007585129461801408,0.0,0.0,-12.451177477683744
683,1,0.0,0.0,-0.00011607187344338566,0.0,-0.404191911858211
683,2,0.0,0.0,0.0,0.0,-0.23542668585209317
683,3,0.0,0.0,0.0,0.0,0.0
683,4,0.0,0.0,0.0,0.0,0.0
684,0,0.0,-0.0007585129461801408,0.0,0.0,-12.45942731914389
684,1,0.0,0.0,-0.00011607187344338566,0.0,-0.404191911858211
684,2,0.0,0.0,0.0,0.0,-0.23542668585209317
684,3,0.0,0.0,0.0,0.0,0.0
684,4,0.0,0.0,0.0,0.0,0.0
685,0,0.0,-0.0007585129461801408,0.0,0.0,-12.465815088555841
685,1,0.0,0.0,-0.00011607187344338566,0.0,-0.404191911858211
685,2,0.0,0.0,0.0,0.0,-0.23542668585209317
685,3,0.0,0.0,0.0,0.0,0.0
685,4,0.0,0.0,0.0,0.0,0.0
686,0,0.0,-0.0007585129461801408,0.0,0.0,-12.46891015321164
686,1,0.0,0.0,-0.00011607187344338566,0.0,-0.404191911858211
686,2,0.0,0.0,0.0,0.0,-0.23542668585209317
686,3,0.0,0.0,0.0,0.0,0.0
686,4,0.0,0.0,0.0,0.0,0.0
687,0,0.0,-0.0007585129461801408,0.0,0.0,-12.477837046215006
687,1,0.0,0.0,-0.00011607187344338566,0.0,-0.404191911858211
687,2,0.0,0.0,0.0,0.0,-0.23542668585209317
687,3,0.0,0.0,0.0,0.0,0.0
687,4,0.0,0.0,0.0,0.0,0.0
688,0,0.0,-0.0007585129461801408,0.0,0.0,-12.481157725507149
688,1,0.0,0.0,-0.00011607187344338566,0.0,-0.404191911858211
688,2,0.0,0.0,0.0,0.0,-0.23542668585209317
688,3,0.0,0.0,0.0,0.0,0.0
688,4,0.0,0.0,0.0,0.0,0.0
689,0,0.0,-0.0007585129461801408,0.0,0.0,-12.483698191777162
689,1,0.0,0.0,-0.00011607187344338566,0.0,-0.404191911858211
689,2,0.0,0.0,0.0,0.0,-0.23542668585209317
689,3,0.0,0.0,0.0,0.0,0.0
689,4,0.0,0.0,0.0,0.0,0.0
690,0,0.0,-0.0007585129461801408,0.0,0.0,-12.489615503073072
690,1,0.0,0.0,-0.00011607187344338566,0.0,-0.404191911858211
690,2,0.0,0.0,0.0,0.0,-0.23542668585209317
690,3,0.0,0.0,0.0,0.0,0.0
690,4,0.0,0.0,0.0,0.0,0.0
691,0,0.0,-0.0007585129461801408,0.0,0.0,-12.495045710475091
691,1,0.0,0.0,-0.00011607187344338566,0.0,-0.404191911858211
691,2,0.0,0.0,0.0,0.0,-0.23542668585209317
691,3,0.0,0.0,0.0,0.0,0.0
691,4,0.0,0.0,0.0,0.0,0.0
692,0,0.0,-0.0007585129461801408,0.0,0.0,-12.501388285788073
692,1,0.0,0.0,-0.00011607187344338566,0.0,-0.404191911858211
692,2,0.0,0.0,0.0,0.0,-0.23542668585209317
692,3,0.0,0.0,0.0,0.0,0.0
692,4,0.0,0.0,0.0,0.0,0.0
693,0,0.0,-0.0007585129461801408,0.0,0.0,-12.505516211632337
693,1,0.0,0.0,-0.00011607187344338566,0.0,-0.404191911858211
693,2,0.0,0.0,0.0,0.0,-0.23542668585209317
693,3,0.0,0.0,0.0,0.0,0.0
693,4,0.0,0.0,0.0,0.0,0.0
694,0,0.0,-0.0007585129461801408,0.0,0.0,-12.509049208117089
694,1,0.0,0.0,-0.00011607187344338566,0.0,-0.404191911858211
694,2,0.0,0.0,0.0,0.0,-0.23542668585209317
694,3,0.0,0.0,0.0,0.0,0.0
694,4,0.0,0.0,0.0,0.0,0.0
695,0,0.0,-0.0007585129461801408,0.0,0.0,-12.515237789590842
695,1,0.0,0.0,-0.00011607187344338566,0.0,-0.404191911858211
695,2,0.0,0.0,0.0,0.0,-0.23542668585209317
695,3,0.0,0.0,0.0,0.0,0.0
695,4,0.0,0.0,0.0,0.0,0.0
696,0,0.0,-0.0007585129461801408,0.0,0.0,-12.52311706236038
696,1,0.0,0.0,-0.00011607187344338566,0.0,-0.404191911858211
696,2,0.0,0.0,0.0,0.0,-0.23542668585209317
696,3,0.0,0.0,0.0,0.0,0.0
696,4,0.0,0.0,0.0,0.0,0.0
697,0,0.0,-0.0007585129461801408,0.0,0.0,-12.530499302207037
697,1,0.0,0.0,-0.00011607187344338566,0.0,-0.404191911858211
697,2,0.0,0.0,0.0,0.0,-0.23542668585209317
697,3,0.0,0.0,0.0,0.0,0.0
697,4,0.0,0.0,0.0,0.0,0.0
698,0,0.0,-0.0007585129461801408,0.0,0.0,-12.539149898383165
698,1,0.0,0.0,-0.00011607187344338566,0.0,-0.404191911858211
698,2,0.0,0.0,0.0,0.0,-0.23542668585209317
698,3,0.0,0.0,0.0,0.0,0.0
698,4,0.0,0.0,0.0,0.0,0.0
699,0,0.0,-0.0007585129461801408,0.0,0.0,-12.543697622569457
699,1,0.0,0.0,-0.00011607187344338566,0.0,-0.404191911858211
699,2,0.0,0.0,0.0,0.0,-0.23542668585209317
699,3,0.0,0.0,0.0,0.0,0.0
699,4,0.0,0.0,0.0,0.0,0.0
700,0,0.0,-0.0007585129461801408,0.0,0.0,-12.55150292403625
700,1,0.0,0.0,-0.00011607187344338566,0.0,-0.404191911858211
700,2,0.0,0.0,0.0,0.0,-0.23542668585209317
700,3,0.0,0.0,0.0,0.0,0.0
700,4,0.0,0.0,0.0,0.0,0.0
701,0,0.0,-0.0007585129461801408,0.0,0.0,-12.559505532218287
701,1,0.0,0.0,-0.00011607187344338566,0.0,-0.404191911858211
701,2,0.0,0.0,0.0,0.0,-0.23542668585209317
701,3,0.0,0.0,0.0,0.0,0.0
701,4,0.0,0.0,0.0,0.0,0.0
702,0,0.0,-0.0007585129461801408,0.0,0.0,-12.564569867811848
702,1,0.0,0.0,-0.00011607187344338566,0.0,-0.404191911858211
702,2,0.0,0.0,0.0,0.0,-0.23542668585209317
702,3,0.0,0.0,0.0,0.0,0.0
702,4,0.0,0.0,0.0,0.0,0.0
703,0,0.0,-0.0007585129461801408,0.0,0.0,-12.570432918620105
703,1,0.0,0.0,-0.00011607187344338566,0.0,-0.404191911858211
703,2,0.0,0.0,0.0,0.0,-0.23542668585209317
703,3,0.0,0.0,0.0,0.0,0.0
703,4,0.0,0.0,0.0,0.0,0.0
704,0,0.0,-0.0007585129461801408,0.0,0.0,-12.576983941432049
704,1,0.0,0.0,-0.00011607187344338566,0.0,-0.404191911858211
704,2,0.0,0.0,0.0,0.0,-0.23542668585209317
704,3,0.0,0.0,0.0,0.0,0.0
704,4,0.0,0.0,0.0,0.0,0.0
705,0,0.0,-0.0007585129461801408,0.0,0.0,-12.583631577535312
705,1,0.0,0.0,-0.00011607187344338566,0.0,-0.404191911858211
705,2,0.0,0.0,0.0,0.0,-0.23542668585209317
705,3,0.0,0.0,0.0,0.0,0.0
705,4,0.0,0.0,0.0,0.0,0.0
706,0,0.0,-0.0007585129461801408,0.0,0.0,-12.586861527700892
706,1,0.0,0.0,-0.00011607187344338566,0.0,-0.404191911858211
706,2,0.0,0.0,0.0,0.0,-0.23542668585209317
706,3,0.0,0.0,0.0,0.0,0.0
706,4,0.0,0.0,0.0,0.0,0.0
707,0,0.0,-0.0007585129461801408,0.0,0.0,-12.591242262437017
707,1,0.0,0.0,-0.00011607187344338566,0.0,-0.404191911858211
707,2,0.0,0.0,0.0,0.0,-0.23542668585209317
707,3,0.0,0.0,0.0,0.0,0.0
707,4,0.0,0.0,0.0,0.0,0.0
708,0,0.0,-0.0007585129461801408,0.0,0.0,-12.594874995648876
708,1,0.0,0.0,-0.00011607187344338566,0.0,-0.404191911858211
708,2,0.0,0.0,0.0,0.0,-0.23542668585209317
708,3,0.0,0.0,0.0,0.0,0.0
708,4,0.0,0.0,0.0,0.0,0.0
709,0,0.0,-0.0007585129461801408,0.0,0.0,-12.601766348761473
709,1,0.0,0.0,-0.00011607187344338566,0.0,-0.404191911858211
709,2,0.0,0.0,0.0,0.0,-0.23542668585209317
709,3,0.0,0.0,0.0,0.0,0.0
709,4,0.0,0.0,0.0,0.0,0.0
710,0,0.0,-0.0007585129461801408,0.0,0.0,-12.60872580739569
710,1,0.0,0.0,-0.00011607187344338566,0.0,-0.404191911858211
710,2,0.0,0.0,0.0,0.0,-0.23542668585209317
710,3,0.0,0.0,0.0,0.0,0.0
710,4,0.0,0.0,0.0,0.0,0.0
711,0,0.0,-0.0007585129461801408,0.0,0.0,-12.617207060405416
711,1,0.0,0.0,-0.00011607187344338566,0.0,-0.404191911858211
711,2,0.0,0.0,0.0,0.0,-0.23542668585209317
711,3,0.0,0.0,0.0,0.0,0.0
711,4,0.0,0.0,0.0,0.0,0.0
712,0,0.0,-0.0007585129461801408,0.0,0.0,-12.620921482661924
712,1,0.0,0.0,-0.00011607187344338566,0.0,-0.404191911858211
712,2,0.0,0.0,0.0,0.0,-0.23542668585209317
712,3,0.0,0.0,0.0,0.0,0.0
712,4,0.0,0.0,0.0,0.0,0.0
713,0,0.0,-0.0007585129461801408,0.0,0.0,-12.625249879531852
713,1,0.0,0.0,-0.00011607187344338566,0.0,-0.404191911858211
713,2,0.0,0.0,0.0,0.0,-0.23542668585209317
713,3,0.0,0.0,0.0,0.0,0.0
713,4,0.0,0.0,0.0,0.0,0.0
714,0,0.0,-0.0007585129461801408,0.0,0.0,-12.628098484464116
714,1,0.0,0.0,-0.00011607187344338566,0.0,-0.404191911858211
714,2,0.0,0.0,0.0,0.0,-0.23542668585209317
714,3,0.0,0.0,0.0,0.0,0.0
714,4,0.0,0.0,0.0,0.0,0.0
715,0,0.0,-0.0007585129461801408,0.0,0.0,-12.632802980834036
715,1,0.0,0.0,-0.00011607187344338566,0.0,-0.404191911858211
715,2,0.0,0.0,0.0,0.0,-0.23542668585209317
715,3,0.0,0.0,0.0,0.0,0.0
715,4,0.0,0.0,0.0,0.0,0.0
716,0,0.0,-0.0007585129461801408,0.0,0.0,-12.636559497480988
716,1,0.0,0.0,-0.00011607187344338566,0.0,-0.404191911858211
716,2,0.0,0.0,0.0,0.0,-0.23542668585209317
716,3,0.0,0.0,0.0,0.0,0.0
716,4,0.0,0.0,0.0,0.0,0.0
717,0,0.0,-0.0007585129461801408,0.0,0.0,-12.642470979151573
717,1,0.0,0.0,-0.00011607187344338566,0.0,-0.404191911858211
717,2,0.0,0.0,0.0,0.0,-0.23542668585209317
717,3,0.0,0.0,0.0,0.0,0.0
717,4,0.0,0.0,0.0,0.0,0.0
718,0,0.0,-0.0007585129461801408,0.0,0.0,-12.648477267193016
718,1,0.0,0.0,-0.00011607187344338566,0.0,-0.404191911858211
718,2,0.0,0.0,0.0,0.0,-0.23542668585209317
718,3,0.0,0.0,0.0,0.0,0.0
718,4,0.0,0.0,0.0,0.0,0.0
719,0,0.0,-0.0007585129461801408,0.0,0.0,-12.652399590025198
719,1,0.0,0.0,-0.00011607187344338566,0.0,-0.404191911858211
719,2,0.0,0.0,0.0,0.0,-0.23542668585209317
719,3,0.0,0.0,0.0,0.0,0.0
719,4,0.0,0.0,0.0,0.0,0.0
720,0,0.0,-0.0007585129461801408,0.0,0.0,-12.657311110118187
720,1,0.0,0.0,-0.00011607187344338566,0.0,-0.404191911858211
720,2,0.0,0.0,0.0,0.0,-0.23542668585209317
720,3,0.0,0.0,0.0,0.0,0.0
720,4,0.0,0.0,0.0,0.0,0.0
721,0,0.0,-0.0007585129461801408,0.0,0.0,-12.661199194038764
721,1,0.0,0.0,-0.00011607187344338566,0.0,-0.404191911858211
721,2,0.0,0.0,0.0,0.0,-0.23542668585209317
721,3,0.0,0.0,0.0,0.0,0.0
721,4,0.0,0.0,0.0,0.0,0.0
722,0,0.0,-0.0007585129461801408,0.0,0.0,-12.664982066351048
722,1,0.0,0.0,-0.00011607187344338566,0.0,-0.404191911858211
722,2,0.0,0.0,0.0,0.0,-0.23542668585209317
722,3,0.0,0.0,0.0,0.0,0.0
722,4,0.0,0.0,0.0,0.0,0.0
723,0,0.0,-0.0007585129461801408,0.0,0.0,-12.66940470270146
723,1,0.0,0.0,-0.00011607187344338566,0.0,-0.404191911858211
723,2,0.0,0.0,0.0,0.0,-0.23542668585209317
723,3,0.0,0.0,0.0,0.0,0.0
723,4,0.0,0.0,0.0,0.0,0.0
724,0,0.0,-0.0007585129461801408,0.0,0.0,-12.67855860256916
724,1,0.0,0.0,-0.00011607187344338566,0.0,-0.404191911858211
724,2,0.0,0.0,0.0,0.0,-0.23542668585209317
724,3,0.0,0.0,0.0,0.0,0.0
724,4,0.0,0.0,0.0,0.0,0.0
725,0,0.0,-0.0007585129461801408,0.0,0.0,-12.690927480224918
725,1,0.0,0.0,-0.00011607187344338566,0.0,-0.404191911858211
725,2,0.0,0.0,0.0,0.0,-0.23542668585209317
725,3,0.0,0.0,0.0,0.0,0.0
725,4,0.0,0.0,0.0,0.0,0.0
726,0,0.0,-0.0007585129461801408,0.0,0.0,-12.695320000414021
726,1,0.0,0.0,-0.00011607187344338566,0.0,-0.404191911858211
726,2,0.0,0.0,0.0,0.0,-0.23542668585209317
726,3,0.0,0.0,0.0,0.0,0.0
726,4,0.0,0.0,0.0,0.0,0.0
727,0,0.0,-0.0007585129461801408,0.0,0.0,-12.701823408401191
727,1,0.0,0.0,-0.00011607187344338566,0.0,-0.404191911858211
727,2,0.0,0.0,0.0,0.0,-0.23542668585209317
727,3,0.0,0.0,0.0,0.0,0.0
727,4,0.0,0.0,0.0,0.0,0.0
728,0,0.0,-0.0007585129461801408,0.0,0.0,-12.710345710316979
728,1,0.0,0.0,-0.00011607187344338566,0.0,-0.404191911858211
728,2,0.0,0.0,0.0,0.0,-0.23542668585209317
728,3,0.0,0.0,0.0,0.0,0.0
728,4,0.0,0.0,0.0,0.0,0.0
729,0,0.0,-0.0007585129461801408,0.0,0.0,-12.715209663551073
729,1,0.0,0.0,-0.00011607187344338566,0.0,-0.404191911858211
729,2,0.0,0.0,0.0,0.0,-0.23542668585209317
729,3,0.0,0.0,0.0,0.0,0.0
729,4,0.0,0.0,0.0,0.0,0.0
730,0,0.0,-0.0007585129461801408,0.0,0.0,-12.718315701125267
730,1,0.0,0.0,-0.00011607187344338566,0.0,-0.404191911858211
730,2,0.0,0.0,0.0,0.0,-0.23542668585209317
730,3,0.0,0.0,0.0,0.0,0.0
730,4,0.0,0.0,0.0,0.0,0.0
731,0,0.0,-0.0007585129461801408,0.0,0.0,-12.722018719670373
731,1,0.0,0.0,-0.00011607187344338566,0.0,-0.404191911858211
731,2,0.0,0.0,0.0,0.0,-0.23542668585209317
731,3,0.0,0.0,0.0,0.0,0.0
731,4,0.0,0.0,0.0,0.0,0.0
732,0,0.0,-0.0007585129461801408,0.0,0.0,-12.726167571794758
732,1,0.0,0.0,-0.00011607187344338566,0.0,-0.404191911858211
732,2,0.0,0.0,0.0,0.0,-0.23542668585209317
732,3,0.0,0.0,0.0,0.0,0.0
732,4,0.0,0.0,0.0,0.0,0.0
733,0,0.0,-0.0007585129461801408,0.0,0.0,-12.735690719891887
733,1,0.0,0.0,-0.00011607187344338566,0.0,-0.404191911858211
733,2,0.0,0.0,0.0,0.0,-0.23542668585209317
733,3,0.0,0.0,0.0,0.0,0.0
733,4,0.0,0.0,0.0,0.0,0.0
734,0,0.0,-0.0007585129461801408,0.0,0.0,-12.740045191778897
734,1,0.0,0.0,-0.00011607187344338566,0.0,-0.404191911858211
734,2,0.0,0.0,0.0,0.0,-0.23542668585209317
734,3,0.0,0.0,0.0,0.0,0.0
734,4,0.0,0.0,0.0,0.0,0.0
735,0,0.0,-0.0007585129461801408,0.0,0.0,-12.743903659065802
735,1,0.0,0.0,-0.00011607187344338566,0.0,-0.404191911858211
735,2,0.0,0.0,0.0,0.0,-0.23542668585209317
735,3,0.0,0.0,0.0,0.0,0.0
735,4,0.0,0.0,0.0,0.0,0.0
736,0,0.0,-0.0007585129461801408,0.0,0.0,-12.752934407123664
736,1,0.0,0.0,-0.00011607187344338566,0.0,-0.404191911858211
736,2,0.0,0.0,0.0,0.0,-0.23542668585209317
736,3,0.0,0.0,0.0,0.0,0.0
736,4,0.0,0.0,0.0,0.0,0.0
737,0,0.0,-0.0007585129461801408,0.0,0.0,-12.76075418248982
737,1,0.0,0.0,-0.00011607187344338566,0.0,-0.404191911858211
737,2,0.0,0.0,0.0,0.0,-0.23542668585209317
737,3,0.0,0.0,0.0,0.0,0.0
737,4,0.0,0.0,0.0,0.0,0.0
738,0,0.0,-0.0007585129461801408,0.0,0.0,-12.76415131327389
738,1,0.0,0.0,-0.00011607187344338566,0.0,-0.404191911858211
738,2,0.0,0.0,0.0,0.0,-0.23542668585209317
738,3,0.0,0.0,0.0,0.0,0.0
738,4,0.0,0.0,0.0,0.0,0.0
739,0,0.0,-0.0007585129461801408,0.0,0.0,-12.766911963723128
739,1,0.0,0.0,-0.00011607187344338566,0.0,-0.404191911858211
739,2,0.0,0.0,0.0,0.0,-0.23542668585209317
739,3,0.0,0.0,0.0,0.0,0.0
739,4,0.0,0.0,0.0,0.0,0.0
740,0,0.0,-0.0007585129461801408,0.0,0.0,-12.771628495739247
740,1,0.0,0.0,-0.00011607187344338566,0.0,-0.404191911858211
740,2,0.0,0.0,0.0,0.0,-0.23542668585209317
740,3,0.0,0.0,0.0,0.0,0.0
740,4,0.0,0.0,0.0,0.0,0.0
741,0,0.0,-0.0007585129461801408,0.0,0.0,-12.781694875303698
741,1,0.0,0.0,-0.00011607187344338566,0.0,-0.404191911858211
741,2,0.0,0.0,0.0,0.0,-0.23542668585209317
741,3,0.0,0.0,0.0,0.0,0.0
741,4,0.0,0.0,0.0,0.0,0.0
742,0,0.0,-0.0007585129461801408,0.0,0.0,-12.78946854980412
742,1,0.0,0.0,-0.00011607187344338566,0.0,-0.404191911858211
742,2,0.0,0.0,0.0,0.0,-0.23542668585209317
742,3,0.0,0.0,0.0,0.0,0.0
742,4,0.0,0.0,0.0,0.0,0.0
743,0,0.0,-0.0007585129461801408,0.0,0.0,-12.793426745642703
743,1,0.0,0.0,-0.00011607187344338566,0.0,-0.404191911858211
743,2,0.0,0.0,0.0,0.0,-0.23542668585209317
743,3,0.0,0.0,0.0,0.0,0.0
743,4,0.0,0.0,0.0,0.0,0.0
744,0,0.0,-0.0007585129461801408,0.0,0.0,-12.797716990644144
744,1,0.0,0.0,-0.00011607187344338566,0.0,-0.404191911858211
744,2,0.0,0.0,0.0,0.0,-0.23542668585209317
744,3,0.0,0.0,0.0,0.0,0.0
744,4,0.0,0.0,0.0,0.0,0.0
745,0,0.0,-0.0007585129461801408,0.0,0.0,-12.806498716135286
745,1,0.0,0.0,-0.00011607187344338566,0.0,-0.404191911858211
745,2,0.0,0.0,0.0,0.0,-0.23542668585209317
745,3,0.0,0.0,0.0,0.0,0.0
745,4,0.0,0.0,0.0,0.0,0.0
746,0,0.0,-0.0007585129461801408,0.0,0.0,-12.811580797259959
746,1,0.0,0.0,-0.00011607187344338566,0.0,-0.404191911858211
746,2,0.0,0.0,0.0,0.0,-0.23542668585209317
746,3,0.0,0.0,0.0,0.0,0.0
746,4,0.0,0.0,0.0,0.0,0.0
747,0,0.0,-0.0007585129461801408,0.0,0.0,-12.818275683802113
747,1,0.0,0.0,-0.00011607187344338566,0.0,-0.404191911858211
747,2,0.0,0.0,0.0,0.0,-0.23542668585209317
747,3,0.0,0.0,0.0,0.0,0.0
747,4,0.0,0.0,0.0,0.0,0.0
748,0,0.0,-0.0007585129461801408,0.0,0.0,-12.825862587821241
748,1,0.0,0.0,-0.00011607187344338566,0.0,-0.404191911858211
748,2,0.0,0.0,0.0,0.0,-0.23542668585209317
748,3,0.0,0.0,0.0,0.0,0.0
748,4,0.0,0.0,0.0,0.0,0.0
749,0,0.0,-0.0007585129461801408,0.0,0.0,-12.831923629343228
749,1,0.0,0.0,-0.00011607187344338566,0.0,-0.404191911858211
749,2,0.0,0.0,0.0,0.0,-0.23542668585209317
749,3,0.0,0.0,0.0,0.0,0.0
749,4,0.0,0.0,0.0,0.0,0.0
750,0,0.0,-0.0007585129461801408,0.0,0.0,-12.837411410376387
750,1,0.0,0.0,-0.00011607187344338566,0.0,-0.404191911858211
750,2,0.0,0.0,0.0,0.0,-0.23542668585209317
750,3,0.0,0.0,0.0,0.0,0.0
750,4,0.0,0.0,0.0,0.0,0.0
751,0,0.0,-0.0007585129461801408,0.0,0.0,-12.841510314168758
751,1,0.0,0.0,-0.00011607187344338566,0.0,-0.404191911858211
751,2,0.0,0.0,0.0,0.0,-0.23542668585209317
751,3,0.0,0.0,0.0,0.0,0.0
751,4,0.0,0.0,0.0,0.0,0.0
752,0,0.0,-0.0007585129461801408,0.0,0.0,-12.846873151213202
752,1,0.0,0.0,-0.00011607187344338566,0.0,-0.404191911858211
752,2,0.0,0.0,0.0,0.0,-0.23542668585209317
752,3,0.0,0.0,0.0,0.0,0.0
752,4,0.0,0.0,0.0,0.0,0.0
753,0,0.0,-0.0007585129461801408,0.0,0.0,-12.849821527016957
753,1,0.0,0.0,-0.00011607187344338566,0.0,-0.404191911858211
753,2,0.0,0.0,0.0,0.0,-0.23542668585209317
753,3,0.0,0.0,0.0,0.0,0.0
753,4,0.0,0.0,0.0,0.0,0.0
754,0,0.0,-0.0007585129461801408,0.0,0.0,-12.856870465235016
754,1,0.0,0.0,-0.00011607187344338566,0.0,-0.404191911858211
754,2,0.0,0.0,0.0,0.0,-0.23542668585209317
754,3,0.0,0.0,0.0,0.0,0.0
754,4,0.0,0.0,0.0,0.0,0.0
755,0,0.0,-0.0007585129461801408,0.0,0.0,-12.8645408741057
755,1,0.0,0.0,-0.00011607187344338566,0.0,-0.404191911858211
755,2,0.0,0.0,0.0,0.0,-0.23542668585209317
755,3,0.0,0.0,0.0,0.0,0.0
755,4,0.0,0.0,0.0,0.0,0.0
756,0,0.0,-0.0007585129461801408,0.0,0.0,-12.867545901332946
756,1,0.0,0.0,-0.00011607187344338566,0.0,-0.404191911858211
756,2,0.0,0.0,0.0,0.0,-0.23542668585209317
756,3,0.0,0.0,0.0,0.0,0.0
756,4,0.0,0.0,0.0,0.0,0.0
757,0,0.0,-0.0007585129461801408,0.0,0.0,-12.872853090760632
757,1,0.0,0.0,-0.00011607187344338566,0.0,-0.404191911858211
757,2,0.0,0.0,0.0,0.0,-0.23542668585209317
757,3,0.0,0.0,0.0,0.0,0.0
757,4,0.0,0.0,0.0,0.0,0.0
758,0,0.0,-0.0007585129461801408,0.0,0.0,-12.875515188538019
758,1,0.0,0.0,-0.00011607187344338566,0.0,-0.404191911858211
758,2,0.0,0.0,0.0,0.0,-0.23542668585209317
758,3,0.0,0.0,0.0,0.0,0.0
758,4,0.0,0.0,0.0,0.0,0.0
759,0,0.0,-0.0007585129461801408,0.0,0.0,-12.886783940625401
759,1,0.0,0.0,-0.00011607187344338566,0.0,-0.404191911858211
759,2,0.0,0.0,0.0,0.0,-0.23542668585209317
759,3,0.0,0.0,0.0,0.0,0.0
759,4,0.0,0.0,0.0,0.0,0.0
760,0,0.0,-0.0007585129461801408,0.0,0.0,-12.891977907405744
760,1,0.0,0.0,-0.00011607187344338566,0.0,-0.404191911858211
760,2,0.0,0.0,0.0,0.0,-0.23542668585209317
760,3,0.0,0.0,0.0,0.0,0.0
760,4,0.0,0.0,0.0,0.0,0.0
761,0,0.0,-0.0007585129461801408,0.0,0.0,-12.90143768414047
761,1,0.0,0.0,-0.00011607187344338566,0.0,-0.404191911858211
761,2,0.0,0.0,0.0,0.0,-0.23542668585209317
761,3,0.0,0.0,0.0,0.0,0.0
761,4,0.0,0.0,0.0,0.0,0.0
762,0,0.0,-0.0007585129461801408,0.0,0.0,-12.905875436613497
762,1,0.0,0.0,-0.00011607187344338566,0.0,-0.404191911858211
762,2,0.0,0.0,0.0,0.0,-0.23542668585209317
762,3,0.0,0.0,0.0,0.0,0.0
762,4,0.0,0.0,0.0,0.0,0.0
763,0,0.0,-0.0007585129461801408,0.0,0.0,-12.909576920170649
763,1,0.0,0.0,-0.00011607187344338566,0.0,-0.404191911858211
763,2,0.0,0.0,0.0,0.0,-0.23542668585209317
763,3,0.0,0.0,0.0,0.0,0.0
763,4,0.0,0.0,0.0,0.0,0.0
764,0,0.0,-0.0007585129461801408,0.0,0.0,-12.911947038540573
764,1,0.0,0.0,-0.00011607187344338566,0.0,-0.404191911858211
764,2,0.0,0.0,0.0,0.0,-0.23542668585209317
764,3,0.0,0.0,0.0,0.0,0.0
764,4,0.0,0.0,0.0,0.0,0.0
765,0,0.0,-0.0007585129461801408,0.0,0.0,-12.921219023272695
765,1,0.0,0.0,-0.00011607187344338566,0.0,-0.404191911858211
765,2,0.0,0.0,0.0,0.0,-0.23542668585209317
765,3,0.0,0.0,0.0,0.0,0.0
765,4,0.0,0.0,0.0,0.0,0.0
766,0,0.0,-0.0007585129461801408,0.0,0.0,-12.929063047006048
766,1,0.0,0.0,-0.00011607187344338566,0.0,-0.404191911858211
766,2,0.0,0.0,0.0,0.0,-0.23542668585209317
766,3,0.0,0.0,0.0,0.0,0.0
766,4,0.0,0.0,0.0,0.0,0.0
767,0,0.0,-0.0007585129461801408,0.0,0.0,-12.93362623000248
767,1,0.0,0.0,-0.00011607187344338566,0.0,-0.404191911858211
767,2,0.0,0.0,0.0,0.0,-0.23542668585209317
767,3,0.0,0.0,0.0,0.0,0.0
767,4,0.0,0.0,0.0,0.0,0.0
768,0,0.0,-0.0007585129461801408,0.0,0.0,-12.940248850072743
768,1,0.0,0.0,-0.00011607187344338566,0.0,-0.404191911858211
768,2,0.0,0.0,0.0,0.0,-0.23542668585209317
768,3,0.0,0.0,0.0,0.0,0.0
768,4,0.0,0.0,0.0,0.0,0.0
769,0,0.0,-0.0007585129461801408,0.0,0.0,-12.949954709165086
769,1,0.0,0.0,-0.00011607187344338566,0.0,-0.404191911858211
769,2,0.0,0.0,0.0,0.0,-0.23542668585209317
769,3,0.0,0.0,0.0,0.0,0.0
769,4,0.0,0.0,0.0,0.0,0.0
770,0,0.0,-0.0007585129461801408,0.0,0.0,-12.95637856697066
770,1,0.0,0.0,-0.00011607187344338566,0.0,-0.404191911858211
770,2,0.0,0.0,0.0,0.0,-0.23542668585209317
770,3,0.0,0.0,0.0,0.0,0.0
770,4,0.0,0.0,0.0,0.0,0.0
771,0,0.0,-0.0007585129461801408,0.0,0.0,-12.963932104874743
771,1,0.0,0.0,-0.00011607187344338566,0.0,-0.404191911858211
771,2,0.0,0.0,0.0,0.0,-0.23542668585209317
771,3,0.0,0.0,0.0,0.0,0.0
771,4,0.0,0.0,0.0,0.0,0.0
772,0,0.0,-0.0007585129461801408,0.0,0.0,-12.97002561315811
772,1,0.0,0.0,-0.00011607187344338566,0.0,-0.404191911858211
772,2,0.0,0.0,0.0,0.0,-0.23542668585209317
772,3,0.0,0.0,0.0,0.0,0.0
772,4,0.0,0.0,0.0,0.0,0.0
773,0,0.0,-0.0007585129461801408,0.0,0.0,-12.978728851203309
773,1,0.0,0.0,-0.00011607187344338566,0.0,-0.404191911858211
773,2,0.0,0.0,0.0,0.0,-0.23542668585209317
773,3,0.0,0.0,0.0,0.0,0.0
773,4,0.0,0.0,0.0,0.0,0.0
774,0,0.0,-0.0007585129461801408,0.0,0.0,-12.986126937492134
774,1,0.0,0.0,-0.00011607187344338566,0.0,-0.404191911858211
774,2,0.0,0.0,0.0,0.0,-0.23542668585209317
774,3,0.0,0.0,0.0,0.0,0.0
774,4,0.0,0.0,0.0,0.0,0.0
775,0,0.0,-0.0007585129461801408,0.0,0.0,-12.990076783935429
775,1,0.0,0.0,-0.00011607187344338566,0.0,-0.404191911858211
775,2,0.0,0.0,0.0,0.0,-0.23542668585209317
775,3,0.0,0.0,0.0,0.0,0.0
775,4,0.0,0.0,0.0,0.0,0.0
776,0,0.0,-0.0007585129461801408,0.0,0.0,-12.997083919093878
776,1,0.0,0.0,-0.00011607187344338566,0.0,-0.404191911858211
776,2,0.0,0.0,0.0,0.0,-0.23542668585209317
776,3,0.0,0.0,0.0,0.0,0.0
776,4,0.0,0.0,0.0,0.0,0.0
777,0,0.0,-0.0007585129461801408,0.0,0.0,-13.000396849076145
777,1,0.0,0.0,-0.00011607187344338566,0.0,-0.404191911858211
777,2,0.0,0.0,0.0,0.0,-0.23542668585209317
777,3,0.0,0.0,0.0,0.0,0.0
777,4,0.0,0.0,0.0,0.0,0.0
778,0,0.0,-0.0007585129461801408,0.0,0.0,-13.005293280914659
778,1,0.0,0.0,-0.00011607187344338566,0.0,-0.404191911858211
778,2,0.0,0.0,0.0,0.0,-0.23542668585209317
778,3,0.0,0.0,0.0,0.0,0.0
778,4,0.0,0.0,0.0,0.0,0.0
779,0,0.0,-0.0007585129461801408,0.0,0.0,-13.009297468960428
779,1,0.0,0.0,-0.00011607187344338566,0.0,-0.404191911858211
779,2,0.0,0.0,0.0,0.0,-0.23542668585209317
779,3,0.0,0.0,0.0,0.0,0.0
779,4,0.0,0.0,0.0,0.0,0.0
780,0,0.0,-0.0007585129461801408,0.0,0.0,-13.013819013184284
780,1,0.0,0.0,-0.00011607187344338566,0.0,-0.404191911858211
780,2,0.0,0.0,0.0,0.0,-0.23542668585209317
780,3,0.0,0.0,0.0,0.0,0.0
780,4,0.0,0.0,0.0,0.0,0.0
781,0,0.0,-0.0007585129461801408,0.0,0.0,-13.019652230888287
781,1,0.0,0.0,-0.00011607187344338566,0.0,-0.404191911858211
781,2,0.0,0.0,0.0,0.0,-0.23542668585209317
781,3,0.0,0.0,0.0,0.0,0.0
781,4,0.0,0.0,0.0,0.0,0.0
782,0,0.0,-0.0007585129461801408,0.0,0.0,-13.023100544906688
782,1,0.0,0.0,-0.00011607187344338566,0.0,-0.404191911858211
782,2,0.0,0.0,0.0,0.0,-0.23542668585209317
782,3,0.0,0.0,0.0,0.0,0.0
782,4,0.0,0.0,0.0,0.0,0.0
783,0,0.0,-0.0007585129461801408,0.0,0.0,-13.028842781013815
783,1,0.0,0.0,-0.00011607187344338566,0.0,-0.404191911858211
783,2,0.0,0.0,0.0,0.0,-0.23542668585209317
783,3,0.0,0.0,0.0,0.0,0.0
783,4,0.0,0.0,0.0,0.0,0.0
784,0,0.0,-0.0007585129461801408,0.0,0.0,-13.034612502136016
784,1,0.0,0.0,-0.00011607187344338566,0.0,-0.404191911858211
784,2,0.0,0.0,0.0,0.0,-0.23542668585209317
784,3,0.0,0.0,0.0,0.0,0.0
784,4,0.0,0.0,0.0,0.0,0.0
785,0,0.0,-0.0007585129461801408,0.0,0.0,-13.038649235526
785,1,0.0,0.0,-0.00011607187344338566,0.0,-0.404191911858211
785,2,0.0,0.0,0.0,0.0,-0.23542668585209317
785,3,0.0,0.0,0.0,0.0,0.0
785,4,0.0,0.0,0.0,0.0,0.0
786,0,0.0,-0.0007585129461801408,0.0,0.0,-13.042315209232365
786,1,0.0,0.0,-0.00011607187344338566,0.0,-0.404191911858211
786,2,0.0,0.0,0.0,0.0,-0.23542668585209317
786,3,0.0,0.0,0.0,0.0,0.0
786,4,0.0,0.0,0.0,0.0,0.0
787,0,0.0,-0.0007585129461801408,0.0,0.0,-13.05012414563376
787,1,0.0,0.0,-0.00011607187344338566,0.0,-0.404191911858211
787,2,0.0,0.0,0.0,0.0,-0.23542668585209317
787,3,0.0,0.0,0.0,0.0,0.0
787,4,0.0,0.0,0.0,0.0,0.0
788,0,0.0,-0.0007585129461801408,0.0,0.0,-13.056347799444614
788,1,0.0,0.0,-0.00011607187344338566,0.0,-0.404191911858211
788,2,0.0,0.0,0.0,0.0,-0.23542668585209317
788,3,0.0,0.0,0.0,0.0,0.0
788,4,0.0,0.0,0.0,0.0,0.0
789,0,0.0,-0.0007585129461801408,0.0,0.0,-13.059930391572875
789,1,0.0,0.0,-0.00011607187344338566,0.0,-0.404191911858211
789,2,0.0,0.0,0.0,0.0,-0.23542668585209317
789,3,0.0,0.0,0.0,0.0,0.0
789,4,0.0,0.0,0.0,0.0,0.0
790,0,0.0,-0.0007585129461801408,0.0,0.0,-13.065744584544541
790,1,0.0,0.0,-0.00011607187344338566,0.0,-0.404191911858211
790,2,0.0,0.0,0.0,0.0,-0.23542668585209317
790,3,0.0,0.0,0.0,0.0,0.0
790,4,0.0,0.0,0.0,0.0,0.0
791,0,0.0,-0.0007585129461801408,0.0,0.0,-13.072242688175763
791,1,0.0,0.0,-0.00011607187344338566,0.0,-0.404191911858211
791,2,0.0,0.0,0.0,0.0,-0.23542668585209317
791,3,0.0,0.0,0.0,0.0,0.0
791,4,0.0,0.0,0.0,0.0,0.0
792,0,0.0,-0.0007585129461801408,0.0,0.0,-13.079594909361077
792,1,0.0,0.0,-0.00011607187344338566,0.0,-0.404191911858211
792,2,0.0,0.0,0.0,0.0,-0.23542668585209317
792,3,0.0,0.0,0.0,0.0,0.0
792,4,0.0,0.0,0.0,0.0,0.0
793,0,0.0,-0.0007585129461801408,0.0,0.0,-13.085809051496302
793,1,0.0,0.0,-0.00011607187344338566,0.0,-0.404191911858211
793,2,0.0,0.0,0.0,0.0,-0.23542668585209317
793,3,0.0,0.0,0.0,0.0,0.0
793,4,0.0,0.0,0.0,0.0,0.0
794,0,0.0,-0.0007585129461801408,0.0,0.0,-13.088032975094787
794,1,0.0,0.0,-0.00011607187344338566,0.0,-0.404191911858211
794,2,0.0,0.0,0.0,0.0,-0.23542668585209317
794,3,0.0,0.0,0.0,0.0,0.0
794,4,0.0,0.0,0.0,0.0,0.0
795,0,0.0,-0.0007585129461801408,0.0,0.0,-13.092630591787627
795,1,0.0,0.0,-0.00011607187344338566,0.0,-0.404191911858211
795,2,0.0,0.0,0.0,0.0,-0.23542668585209317
795,3,0.0,0.0,0.0,0.0,0.0
795,4,0.0,0.0,0.0,0.0,0.0
796,0,0.0,-0.0007585129461801408,0.0,0.0,-13.099184854756645
796,1,0.0,0.0,-0.00011607187344338566,0.0,-0.404191911858211
796,2,0.0,0.0,0.0,0.0,-0.23542668585209317
796,3,0.0,0.0,0.0,0.0,0.0
796,4,0.0,0.0,0.0,0.0,0.0
797,0,0.0,-0.0007585129461801408,0.0,0.0,-13.106339319287983
797,1,0.0,0.0,-0.00011607187344338566,0.0,-0.404191911858211
797,2,0.0,0.0,0.0,0.0,-0.23542668585209317
797,3,0.0,0.0,0.0,0.0,0.0
797,4,0.0,0.0,0.0,0.0,0.0
798,0,0.0,-0.0007585129461801408,0.0,0.0,-13.108975823164233
798,1,0.0,0.0,-0.00011607187344338566,0.0,-0.404191911858211
798,2,0.0,0.0,0.0,0.0,-0.23542668585209317
798,3,0.0,0.0,0.0,0.0,0.0
798,4,0.0,0.0,0.0,0.0,0.0
799,0,0.0,-0.0007585129461801408,0.0,0.0,-13.115986085915676
799,1,0.0,0.0,-0.00011607187344338566,0.0,-0.404191911858211
799,2,0.0,0.0,0.0,0.0,-0.23542668585209317
799,3,0.0,0.0,0.0,0.0,0.0
799,4,0.0,0.0,0.0,0.0,0.0
800,0,0.0,-0.0007585129461801408,0.0,0.0,-13.121509171790157
800,1,0.0,0.0,-0.00011607187344338566,0.0,-0.404191911858211
800,2,0.0,0.0,0.0,0.0,-0.23542668585209317
800,3,0.0,0.0,0.0,0.0,0.0
800,4,0.0,0.0,0.0,0.0,0.0
801,0,0.0,-0.0007585129461801408,0.0,0.0,-13.124628268400205
801,1,0.0,0.0,-0.00011607187344338566,0.0,-0.404191911858211
801,2,0.0,0.0,0.0,0.0,-0.23542668585209317
801,3,0.0,0.0,0.0,0.0,0.0
801,4,0.0,0.0,0.0,0.0,0.0
802,0,0.0,-0.0007585129461801408,0.0,0.0,-13.130268613187468
802,1,0.0,0.0,-0.00011607187344338566,0.0,-0.404191911858211
802,2,0.0,0.0,0.0,0.0,-0.23542668585209317
802,3,0.0,0.0,0.0,0.0,0.0
802,4,0.0,0.0,0.0,0.0,0.0
803,0,0.0,-0.0007585129461801408,0.0,0.0,-13.135214197952118
803,1,0.0,0.0,-0.00011607187344338566,0.0,-0.404191911858211
803,2,0.0,0.0,0.0,0.0,-0.23542668585209317
803,3,0.0,0.0,0.0,0.0,0.0
803,4,0.0,0.0,0.0,0.0,0.0
804,0,0.0,-0.0007585129461801408,0.0,0.0,-13.137876567567227
804,1,0.0,0.0,-0.00011607187344338566,0.0,-0.404191911858211
804,2,0.0,0.0,0.0,0.0,-0.23542668585209317
804,3,0.0,0.0,0.0,0.0,0.0
804,4,0.0,0.0,0.0,0.0,0.0
805,0,0.0,-0.0007585129461801408,0.0,0.0,-13.146339421629584
805,1,0.0,0.0,-0.00011607187344338566,0.0,-0.404191911858211
805,2,0.0,0.0,0.0,0.0,-0.23542668585209317
805,3,0.0,0.0,0.0,0.0,0.0
805,4,0.0,0.0,0.0,0.0,0.0
806,0,0.0,-0.0007585129461801408,0.0,0.0,-13.148844799430382
806,1,0.0,0.0,-0.00011607187344338566,0.0,-0.404191911858211
806,2,0.0,0.0,0.0,0.0,-0.23542668585209317
806,3,0.0,0.0,0.0,0.0,0.0
806,4,0.0,0.0,0.0,0.0,0.0
807,0,0.0,-0.0007585129461801408,0.0,0.0,-13.153133359438156
807,1,0.0,0.0,-0.00011607187344338566,0.0,-0.404191911858211
807,2,0.0,0.0,0.0,0.0,-0.23542668585209317
807,3,0.0,0.0,0.0,0.0,0.0
807,4,0.0,0.0,0.0,0.0,0.0
808,0,0.0,-0.0007585129461801408,0.0,0.0,-13.15674210788227
808,1,0.0,0.0,-0.00011607187344338566,0.0,-0.404191911858211
808,2,0.0,0.0,0.0,0.0,-0.23542668585209317
808,3,0.0,0.0,0.0,0.0,0.0
808,4,0.0,0.0,0.0,0.0,0.0
809,0,0.0,-0.0007585129461801408,0.0,0.0,-13.162478492449504
809,1,0.0,0.0,-0.00011607187344338566,0.0,-0.404191911858211
809,2,0.0,0.0,0.0,0.0,-0.23542668585209317
809,3,0.0,0.0,0.0,0.0,0.0
809,4,0.0,0.0,0.0,0.0,0.0
810,0,0.0,-0.0007585129461801408,0.0,0.0,-13.166644406442435
810,1,0.0,0.0,-0.00011607187344338566,0.0,-0.404191911858211
810,2,0.0,0.0,0.0,0.0,-0.23542668585209317
810,3,0.0,0.0,0.0,0.0,0.0
810,4,0.0,0.0,0.0,0.0,0.0
811,0,0.0,-0.0007585129461801408,0.0,0.0,-13.173908165202128
811,1,0.0,0.0,-0.00011607187344338566,0.0,-0.404191911858211
811,2,0.0,0.0,0.0,0.0,-0.23542668585209317
811,3,0.0,0.0,0.0,0.0,0.0
811,4,0.0,0.0,0.0,0.0,0.0
812,0,0.0,-0.0007585129461801408,0.0,0.0,-13.177684737933202
812,1,0.0,0.0,-0.00011607187344338566,0.0,-0.404191911858211
812,2,0.0,0.0,0.0,0.0,-0.23542668585209317
812,3,0.0,0.0,0.0,0.0,0.0
812,4,0.0,0.0,0.0,0.0,0.0
813,0,0.0,-0.0007585129461801408,0.0,0.0,-13.18366181762863
813,1,0.0,0.0,-0.00011607187344338566,0.0,-0.404191911858211
813,2,0.0,0.0,0.0,0.0,-0.23542668585209317
813,3,0.0,0.0,0.0,0.0,0.0
813,4,0.0,0.0,0.0,0.0,0.0
814,0,0.0,-0.0007585129461801408,0.0,0.0,-13.192568204807959
814,1,0.0,0.0,-0.00011607187344338566,0.0,-0.404191911858211
814,2,0.0,0.0,0.0,0.0,-0.23542668585209317
814,3,0.0,0.0,0.0,0.0,0.0
814,4,0.0,0.0,0.0,0.0,0.0
815,0,0.0,-0.0007585129461801408,0.0,0.0,-13.19846814684266
815,1,0.0,0.0,-0.00011607187344338566,0.0,-0.404191911858211
815,2,0.0,0.0,0.0,0.0,-0.23542668585209317
815,3,0.0,0.0,0.0,0.0,0.0
815,4,0.0,0.0,0.0,0.0,0.0
816,0,0.0,-0.0007585129461801408,0.0,0.0,-13.2034694482726
816,1,0.0,0.0,-0.00011607187344338566,0.0,-0.404191911858211
816,2,0.0,0.0,0.0,0.0,-0.23542668585209317
816,3,0.0,0.0,0.0,0.0,0.0
816,4,0.0,0.0,0.0,0.0,0.0
817,0,0.0,-0.0007585129461801408,0.0,0.0,-13.207426354449755
817,1,0.0,0.0,-0.00011607187344338566,0.0,-0.404191911858211
817,2,0.0,0.0,0.0,0.0,-0.23542668585209317
817,3,0.0,0.0,0.0,0.0,0.0
817,4,0.0,0.0,0.0,0.0,0.0
818,0,0.0,-0.0007585129461801408,0.0,0.0,-13.21487382900597
818,1,0.0,0.0,-0.00011607187344338566,0.0,-0.404191911858211
818,2,0.0,0.0,0.0,0.0,-0.23542668585209317
818,3,0.0,0.0,0.0,0.0,0.0
818,4,0.0,0.0,0.0,0.0,0.0
819,0,0.0,-0.0007585129461801408,0.0,0.0,-13.223854111587544
819,1,0.0,0.0,-0.00011607187344338566,0.0,-0.404191911858211
819,2,0.0,0.0,0.0,0.0,-0.23542668585209317
819,3,0.0,0.0,0.0,0.0,0.0
819,4,0.0,0.0,0.0,0.0,0.0
820,0,0.0,-0.0007585129461801408,0.0,0.0,-13.231400703948784
820,1,0.0,0.0,-0.00011607187344338566,0.0,-0.404191911858211
820,2,0.0,0.0,0.0,0.0,-0.23542668585209317
820,3,0.0,0.0,0.0,0.0,0.0
820,4,0.0,0.0,0.0,0.0,0.0
821,0,0.0,-0.0007585129461801408,0.0,0.0,-13.236729554309514
821,1,0.0,0.0,-0.00011607187344338566,0.0,-0.404191911858211
821,2,0.0,0.0,0.0,0.0,-0.23542668585209317
821,3,0.0,0.0,0.0,0.0,0.0
821,4,0.0,0.0,0.0,0.0,0.0
822,0,0.0,-0.0007585129461801408,0.0,0.0,-13.242384572987747
822,1,0.0,0.0,-0.00011607187344338566,0.0,-0.404191911858211
822,2,0.0,0.0,0.0,0.0,-0.23542668585209317
822,3,0.0,0.0,0.0,0.0,0.0
822,4,0.0,0.0,0.0,0.0,0.0
823,0,0.0,-0.0007585129461801408,0.0,0.0,-13.251852235454352
823,1,0.0,0.0,-0.00011607187344338566,0.0,-0.404191911858211
823,2,0.0,0.0,0.0,0.0,-0.23542668585209317
823,3,0.0,0.0,0.0,0.0,0.0
823,4,0.0,0.0,0.0,0.0,0.0
824,0,0.0,-0.0007585129461801408,0.0,0.0,-13.255412654369577
824,1,0.0,0.0,-0.00011607187344338566,0.0,-0.404191911858211
824,2,0.0,0.0,0.0,0.0,-0.23542668585209317
824,3,0.0,0.0,0.0,0.0,0.0
824,4,0.0,0.0,0.0,0.0,0.0
825,0,0.0,-0.0007585129461801408,0.0,0.0,-13.260436336064728
825,1,0.0,0.0,-0.00011607187344338566,0.0,-0.404191911858211
825,2,0.0,0.0,0.0,0.0,-0.23542668585209317
825,3,0.0,0.0,0.0,0.0,0.0
825,4,0.0,0.0,0.0,0.0,0.0
826,0,0.0,-0.0007585129461801408,0.0,0.0,-13.263671467467097
826,1,0.0,0.0,-0.00011607187344338566,0.0,-0.404191911858211
826,2,0.0,0.0,0.0,0.0,-0.23542668585209317
826,3,0.0,0.0,0.0,0.0,0.0
826,4,0.0,0.0,0.0,0.0,0.0
827,0,0.0,-0.0007585129461801408,0.0,0.0,-13.270079475099314
827,1,0.0,0.0,-0.00011607187344338566,0.0,-0.404191911858211
827,2,0.0,0.0,0.0,0.0,-0.23542668585209317
827,3,0.0,0.0,0.0,0.0,0.0
827,4,0.0,0.0,0.0,0.0,0.0
828,0,0.0,-0.0007585129461801408,0.0,0.0,-13.272994664643837
828,1,0.0,0.0,-0.00011607187344338566,0.0,-0.404191911858211
828,2,0.0,0.0,0.0,0.0,-0.23542668585209317
828,3,0.0,0.0,0.0,0.0,0.0
828,4,0.0,0.0,0.0,0.0,0.0
829,0,0.0,-0.0007585129461801408,0.0,0.0,-13.278561903489706
829,1,0.0,0.0,-0.00011607187344338566,0.0,-0.404191911858211
829,2,0.0,0.0,0.0,0.0,-0.23542668585209317
829,3,0.0,0.0,0.0,0.0,0.0
829,4,0.0,0.0,0.0,0.0,0.0
830,0,0.0,-0.0007585129461801408,0.0,0.0,-13.284725075560825
830,1,0.0,0.0,-0.00011607187344338566,0.0,-0.404191911858211
830,2,0.0,0.0,0.0,0.0,-0.23542668585209317
830,3,0.0,0.0,0.0,0.0,0.0
830,4,0.0,0.0,0.0,0.0,0.0
831,0,0.0,-0.0007585129461801408,0.0,0.0,-13.2873794152064
831,1,0.0,0.0,-0.00011607187344338566,0.0,-0.404191911858211
831,2,0.0,0.0,0.0,0.0,-0.23542668585209317
831,3,0.0,0.0,0.0,0.0,0.0
831,4,0.0,0.0,0.0,0.0,0.0
832,0,0.0,-0.0007585129461801408,0.0,0.0,-13.297274847121686
832,1,0.0,0.0,-0.00011607187344338566,0.0,-0.404191911858211
832,2,0.0,0.0,0.0,0.0,-0.23542668585209317
832,3,0.0,0.0,0.0,0.0,0.0
832,4,0.0,0.0,0.0,0.0,0.0
833,0,0.0,-0.0007585129461801408,0.0,0.0,-13.299701740972617
833,1,0.0,0.0,-0.00011607187344338566,0.0,-0.404191911858211
833,2,0.0,0.0,0.0,0.0,-0.23542668585209317
833,3,0.0,0.0,0.0,0.0,0.0
833,4,0.0,0.0,0.0,0.0,0.0
834,0,0.0,-0.0007585129461801408,0.0,0.0,-13.303685256528182
834,1,0.0,0.0,-0.00011607187344338566,0.0,-0.404191911858211
834,2,0.0,0.0,0.0,0.0,-0.23542668585209317
834,3,0.0,0.0,0.0,0.0,0.0
834,4,0.0,0.0,0.0,0.0,0.0
835,0,0.0,-0.0007585129461801408,0.0,0.0,-13.309168360428579
835,1,0.0,0.0,-0.00011607187344338566,0.0,-0.404191911858211
835,2,0.0,0.0,0.0,0.0,-0.23542668585209317
835,3,0.0,0.0,0.0,0.0,0.0
835,4,0.0,0.0,0.0,0.0,0.0
836,0,0.0,-0.0007585129461801408,0.0,0.0,-13.31518854057772
836,1,0.0,0.0,-0.00011607187344338566,0.0,-0.404191911858211
836,2,0.0,0.0,0.0,0.0,-0.23542668585209317
836,3,0.0,0.0,0.0,0.0,0.0
836,4,0.0,0.0,0.0,0.0,0.0
837,0,0.0,-0.0007585129461801408,0.0,0.0,-13.32011850776253
837,1,0.0,0.0,-0.00011607187344338566,0.0,-0.404191911858211
837,2,0.0,0.0,0.0,0.0,-0.23542668585209317
837,3,0.0,0.0,0.0,0.0,0.0
837,4,0.0,0.0,0.0,0.0,0.0
838,0,0.0,-0.0007585129461801408,0.0,0.0,-13.324248433761145
838,1,0.0,0.0,-0.00011607187344338566,0.0,-0.404191911858211
838,2,0.0,0.0,0.0,0.0,-0.23542668585209317
838,3,0.0,0.0,0.0,0.0,0.0
838,4,0.0,0.0,0.0,0.0,0.0
839,0,0.0,-0.0007585129461801408,0.0,0.0,-13.32684849765666
839,1,0.0,0.0,-0.00011607187344338566,0.0,-0.404191911858211
839,2,0.0,0.0,0.0,0.0,-0.23542668585209317
839,3,0.0,0.0,0.0,0.0,0.0
839,4,0.0,0.0,0.0,0.0,0.0
840,0,0.0,-0.0007585129461801408,0.0,0.0,-13.32879758991664
840,1,0.0,0.0,-0.00011607187344338566,0.0,-0.404191911858211
840,2,0.0,0.0,0.0,0.0,-0.23542668585209317
840,3,0.0,0.0,0.0,0.0,0.0
840,4,0.0,0.0,0.0,0.0,0.0
841,0,0.0,-0.0007585129461801408,0.0,0.0,-13.335132608824264
841,1,0.0,0.0,-0.00011607187344338566,0.0,-0.404191911858211
841,2,0.0,0.0,0.0,0.0,-0.23542668585209317
841,3,0.0,0.0,0.0,0.0,0.0
841,4,0.0,0.0,0.0,0.0,0.0
842,0,0.0,-0.0007585129461801408,0.0,0.0,-13.34336323929932
842,1,0.0,0.0,-0.00011607187344338566,0.0,-0.404191911858211
842,2,0.0,0.0,0.0,0.0,-0.23542668585209317
842,3,0.0,0.0,0.0,0.0,0.0
842,4,0.0,0.0,0.0,0.0,0.0
843,0,0.0,-0.0007585129461801408,0.0,0.0,-13.345843790504107
843,1,0.0,0.0,-0.00011607187344338566,0.0,-0.404191911858211
843,2,0.0,0.0,0.0,0.0,-0.23542668585209317
843,3,0.0,0.0,0.0,0.0,0.0
843,4,0.0,0.0,0.0,0.0,0.0
844,0,0.0,-0.0007585129461801408,0.0,0.0,-13.348181793508715
844,1,0.0,0.0,-0.00011607187344338566,0.0,-0.404191911858211
844,2,0.0,0.0,0.0,0.0,-0.23542668585209317
844,3,0.0,0.0,0.0,0.0,0.0
844,4,0.0,0.0,0.0,0.0,0.0
845,0,0.0,-0.0007585129461801408,0.0,0.0,-13.351786158558708
845,1,0.0,0.0,-0.00011607187344338566,0.0,-0.404191911858211
845,2,0.0,0.0,0.0,0.0,-0.23542668585209317
845,3,0.0,0.0,0.0,0.0,0.0
845,4,0.0,0.0,0.0,0.0,0.0
846,0,0.0,-0.0007585129461801408,0.0,0.0,-13.355449741909075
846,1,0.0,0.0,-0.00011607187344338566,0.0,-0.404191911858211
846,2,0.0,0.0,0.0,0.0,-0.23542668585209317
846,3,0.0,0.0,0.0,0.0,0.0
846,4,0.0,0.0,0.0,0.0,0.0
847,0,0.0,-0.0007585129461801408,0.0,0.0,-13.35985417336617
847,1,0.0,0.0,-0.00011607187344338566,0.0,-0.404191911858211
847,2,0.0,0.0,0.0,0.0,-0.23542668585209317
847,3,0.0,0.0,0.0,0.0,0.0
847,4,0.0,0.0,0.0,0.0,0.0
848,0,0.0,-0.0007585129461801408,0.0,0.0,-13.366845476951957
848,1,0.0,0.0,-0.00011607187344338566,0.0,-0.404191911858211
848,2,0.0,0.0,0.0,0.0,-0.23542668585209317
848,3,0.0,0.0,0.0,0.0,0.0
848,4,0.0,0.0,0.0,0.0,0.0
849,0,0.0,-0.0007585129461801408,0.0,0.0,-13.370624219067885
849,1,0.0,0.0,-0.00011607187344338566,0.0,-0.404191911858211
849,2,0.0,0.0,0.0,0.0,-0.23542668585209317
849,3,0.0,0.0,0.0,0.0,0.0
849,4,0.0,0.0,0.0,0.0,0.0
850,0,0.0,-0.0007585129461801408,0.0,0.0,-13.375225948019427
850,1,0.0,0.0,-0.00011607187344338566,0.0,-0.404191911858211
850,2,0.0,0.0,0.0,0.0,-0.23542668585209317
850,3,0.0,0.0,0.0,0.0,0.0
850,4,0.0,0.0,0.0,0.0,0.0
851,0,0.0,-0.0007585129461801408,0.0,0.0,-13.37694073615986
851,1,0.0,0.0,-0.00011607187344338566,0.0,-0.404191911858211
851,2,0.0,0.0,0.0,0.0,-0.23542668585209317
851,3,0.0,0.0,0.0,0.0,0.0
851,4,0.0,0.0,0.0,0.0,0.0
852,0,0.0,-0.0007585129461801408,0.0,0.0,-13.380026514439509
852,1,0.0,0.0,-0.00011607187344338566,0.0,-0.404191911858211
852,2,0.0,0.0,0.0,0.0,-0.23542668585209317
852,3,0.0,0.0,0.0,0.0,0.0
852,4,0.0,0.0,0.0,0.0,0.0
853,0,0.0,-0.0007585129461801408,0.0,0.0,-13.382332451112086
853,1,0.0,0.0,-0.00011607187344338566,0.0,-0.404191911858211
853,2,0.0,0.0,0.0,0.0,-0.23542668585209317
853,3,0.0,0.0,0.0,0.0,0.0
853,4,0.0,0.0,0.0,0.0,0.0
854,0,0.0,-0.0007585129461801408,0.0,0.0,-13.386891071498026
854,1,0.0,0.0,-0.00011607187344338566,0.0,-0.404191911858211
854,2,0.0,0.0,0.0,0.0,-0.23542668585209317
854,3,0.0,0.0,0.0,0.0,0.0
854,4,0.0,0.0,0.0,0.0,0.0
855,0,0.0,-0.0007585129461801408,0.0,0.0,-13.391652021040846
855,1,0.0,0.0,-0.00011607187344338566,0.0,-0.404191911858211
855,2,0.0,0.0,0.0,0.0,-0.23542668585209317
855,3,0.0,0.0,0.0,0.0,0.0
855,4,0.0,0.0,0.0,0.0,0.0
856,0,0.0,-0.0007585129461801408,0.0,0.0,-13.397147464720588
856,1,0.0,0.0,-0.00011607187344338566,0.0,-0.404191911858211
856,2,0.0,0.0,0.0,0.0,-0.23542668585209317
856,3,0.0,0.0,0.0,0.0,0.0
856,4,0.0,0.0,0.0,0.0,0.0
857,0,0.0,-0.0007585129461801408,0.0,0.0,-13.401829390446784
857,1,0.0,0.0,-0.00011607187344338566,0.0,-0.404191911858211
857,2,0.0,0.0,0.0,0.0,-0.23542668585209317
857,3,0.0,0.0,0.0,0.0,0.0
857,4,0.0,0.0,0.0,0.0,0.0
858,0,0.0,-0.0007585129461801408,0.0,0.0,-13.406715235700036
858,1,0.0,0.0,-0.00011607187344338566,0.0,-0.404191911858211
858,2,0.0,0.0,0.0,0.0,-0.23542668585209317
858,3,0.0,0.0,0.0,0.0,0.0
858,4,0.0,0.0,0.0,0.0,0.0
859,0,0.0,-0.0007585129461801408,0.0,0.0,-13.410182211485635
859,1,0.0,0.0,-0.00011607187344338566,0.0,-0.404191911858211
859,2,0.0,0.0,0.0,0.0,-0.23542668585209317
859,3,0.0,0.0,0.0,0.0,0.0
859,4,0.0,0.0,0.0,0.0,0.0
860,0,0.0,-0.0007585129461801408,0.0,0.0,-13.414546012206172
860,1,0.0,0.0,-0.00011607187344338566,0.0,-0.404191911858211
860,2,0.0,0.0,0.0,0.0,-0.23542668585209317
860,3,0.0,0.0,0.0,0.0,0.0
860,4,0.0,0.0,0.0,0.0,0.0
861,0,0.0,-0.0007585129461801408,0.0,0.0,-13.42253006132913
861,1,0.0,0.0,-0.00011607187344338566,0.0,-0.404191911858211
861,2,0.0,0.0,0.0,0.0,-0.23542668585209317
861,3,0.0,0.0,0.0,0.0,0.0
861,4,0.0,0.0,0.0,0.0,0.0
862,0,0.0,-0.0007585129461801408,0.0,0.0,-13.429305149133754
862,1,0.0,0.0,-0.00011607187344338566,0.0,-0.404191911858211
862,2,0.0,0.0,0.0,0.0,-0.23542668585209317
862,3,0.0,0.0,0.0,0.0,0.0
862,4,0.0,0.0,0.0,0.0,0.0
863,0,0.0,-0.0007585129461801408,0.0,0.0,-13.436283191464105
863,1,0.0,0.0,-0.00011607187344338566,0.0,-0.404191911858211
863,2,0.0,0.0,0.0,0.0,-0.23542668585209317
863,3,0.0,0.0,0.0,0.0,0.0
863,4,0.0,0.0,0.0,0.0,0.0
864,0,0.0,-0.0007585129461801408,0.0,0.0,-13.440003896691932
864,1,0.0,0.0,-0.00011607187344338566,0.0,-0.404191911858211
864,2,0.0,0.0,0.0,0.0,-0.23542668585209317
864,3,0.0,0.0,0.0,0.0,0.0
864,4,0.0,0.0,0.0,0.0,0.0
865,0,0.0,-0.0007585129461801408,0.0,0.0,-13.443580024337841
865,1,0.0,0.0,-0.00011607187344338566,0.0,-0.404191911858211
865,2,0.0,0.0,0.0,0.0,-0.23542668585209317
865,3,0.0,0.0,0.0,0.0,0.0
865,4,0.0,0.0,0.0,0.0,0.0
866,0,0.0,-0.0007585129461801408,0.0,0.0,-13.447341811594843
866,1,0.0,0.0,-0.00011607187344338566,0.0,-0.404191911858211
866,2,0.0,0.0,0.0,0.0,-0.23542668585209317
866,3,0.0,0.0,0.0,0.0,0.0
866,4,0.0,0.0,0.0,0.0,0.0
867,0,0.0,-0.0007585129461801408,0.0,0.0,-13.45262965845078
867,1,0.0,0.0,-0.00011607187344338566,0.0,-0.404191911858211
867,2,0.0,0.0,0.0,0.0,-0.23542668585209317
867,3,0.0,0.0,0.0,0.0,0.0
867,4,0.0,0.0,0.0,0.0,0.0
868,0,0.0,-0.0007585129461801408,0.0,0.0,-13.455550087747577
868,1,0.0,0.0,-0.00011607187344338566,0.0,-0.404191911858211
868,2,0.0,0.0,0.0,0.0,-0.23542668585209317
868,3,0.0,0.0,0.0,0.0,0.0
868,4,0.0,0.0,0.0,0.0,0.0
869,0,0.0,-0.0007585129461801408,0.0,0.0,-13.463048452666795
869,1,0.0,0.0,-0.00011607187344338566,0.0,-0.404191911858211
869,2,0.0,0.0,0.0,0.0,-0.23542668585209317
869,3,0.0,0.0,0.0,0.0,0.0
869,4,0.0,0.0,0.0,0.0,0.0
870,0,0.0,-0.0007585129461801408,0.0,0.0,-13.468038191104483
870,1,0.0,0.0,-0.00011607187344338566,0.0,-0.404191911858211
870,2,0.0,0.0,0.0,0.0,-0.23542668585209317
870,3,0.0,0.0,0.0,0.0,0.0
870,4,0.0,0.0,0.0,0.0,0.0
871,0,0.0,-0.0007585129461801408,0.0,0.0,-13.473053007515071
871,1,0.0,0.0,-0.00011607187344338566,0.0,-0.404191911858211
871,2,0.0,0.0,0.0,0.0,-0.23542668585209317
871,3,0.0,0.0,0.0,0.0,0.0
871,4,0.0,0.0,0.0,0.0,0.0
872,0,0.0,-0.0007585129461801408,0.0,0.0,-13.47925277803611
872,1,0.0,0.0,-0.00011607187344338566,0.0,-0.404191911858211
872,2,0.0,0.0,0.0,0.0,-0.23542668585209317
872,3,0.0,0.0,0.0,0.0,0.0
872,4,0.0,0.0,0.0,0.0,0.0
873,0,0.0,-0.0007585129461801408,0.0,0.0,-13.483882511985046
873,1,0.0,0.0,-0.00011607187344338566,0.0,-0.404191911858211
873,2,0.0,0.0,0.0,0.0,-0.23542668585209317
873,3,0.0,0.0,0.0,0.0,0.0
873,4,0.0,0.0,0.0,0.0,0.0
874,0,0.0,-0.0007585129461801408,0.0,0.0,-13.486926176997326
874,1,0.0,0.0,-0.00011607187344338566,0.0,-0.404191911858211
874,2,0.0,0.0,0.0,0.0,-0.23542668585209317
874,3,0.0,0.0,0.0,0.0,0.0
874,4,0.0,0.0,0.0,0.0,0.0
875,0,0.0,-0.0007585129461801408,0.0,0.0,-13.492740897876134
875,1,0.0,0.0,-0.00011607187344338566,0.0,-0.404191911858211
875,2,0.0,0.0,0.0,0.0,-0.23542668585209317
875,3,0.0,0.0,0.0,0.0,0.0
875,4,0.0,0.0,0.0,0.0,0.0
876,0,0.0,-0.0007585129461801408,0.0,0.0,-13.499056745577104
876,1,0.0,0.0,-0.00011607187344338566,0.0,-0.404191911858211
876,2,0.0,0.0,0.0,0.0,-0.23542668585209317
876,3,0.0,0.0,0.0,0.0,0.0
876,4,0.0,0.0,0.0,0.0,0.0
877,0,0.0,-0.0007585129461801408,0.0,0.0,-13.505567720676082
877,1,0.0,0.0,-0.00011607187344338566,0.0,-0.404191911858211
877,2,0.0,0.0,0.0,0.0,-0.23542668585209317
877,3,0.0,0.0,0.0,0.0,0.0
877,4,0.0,0.0,0.0,0.0,0.0
878,0,0.0,-0.0007585129461801408,0.0,0.0,-13.511224108021352
878,1,0.0,0.0,-0.00011607187344338566,0.0,-0.404191911858211
878,2,0.0,0.0,0.0,0.0,-0.23542668585209317
878,3,0.0,0.0,0.0,0.0,0.0
878,4,0.0,0.0,0.0,0.0,0.0
879,0,0.0,-0.0007585129461801408,0.0,0.0,-13.514484581818131
879,1,0.0,0.0,-0.00011607187344338566,0.0,-0.404191911858211
879,2,0.0,0.0,0.0,0.0,-0.23542668585209317
879,3,0.0,0.0,0.0,0.0,0.0
879,4,0.0,0.0,0.0,0.0,0.0
880,0,0.0,-0.0007585129461801408,0.0,0.0,-13.520844140711992
880,1,0.0,0.0,-0.00011607187344338566,0.0,-0.404191911858211
880,2,0.0,0.0,0.0,0.0,-0.23542668585209317
880,3,0.0,0.0,0.0,0.0,0.0
880,4,0.0,0.0,0.0,0.0,0.0
881,0,0.0,-0.0007585129461801408,0.0,0.0,-13.523975458315768
881,1,0.0,0.0,-0.00011607187344338566,0.0,-0.404191911858211
881,2,0.0,0.0,0.0,0.0,-0.23542668585209317
881,3,0.0,0.0,0.0,0.0,0.0
881,4,0.0,0.0,0.0,0.0,0.0
882,0,0.0,-0.0007585129461801408,0.0,0.0,-13.528665871947123
882,1,0.0,0.0,-0.00011607187344338566,0.0,-0.404191911858211
882,2,0.0,0.0,0.0,0.0,-0.23542668585209317
882,3,0.0,0.0,0.0,0.0,0.0
882,4,0.0,0.0,0.0,0.0,0.0
883,0,0.0,-0.0007585129461801408,0.0,0.0,-13.534262445846155
883,1,0.0,0.0,-0.00011607187344338566,0.0,-0.404191911858211
883,2,0.0,0.0,0.0,0.0,-0.23542668585209317
883,3,0.0,0.0,0.0,0.0,0.0
883,4,0.0,0.0,0.0,0.0,0.0
884,0,0.0,-0.0007585129461801408,0.0,0.0,-13.537891783969307
884,1,0.0,0.0,-0.00011607187344338566,0.0,-0.404191911858211
884,2,0.0,0.0,0.0,0.0,-0.23542668585209317
884,3,0.0,0.0,0.0,0.0,0.0
884,4,0.0,0.0,0.0,0.0,0.0
885,0,0.0,-0.0007585129461801408,0.0,0.0,-13.541862017938088
885,1,0.0,0.0,-0.00011607187344338566,0.0,-0.404191911858211
885,2,0.0,0.0,0.0,0.0,-0.23542668585209317
885,3,0.0,0.0,0.0,0.0,0.0
885,4,0.0,0.0,0.0,0.0,0.0
886,0,0.0,-0.0007585129461801408,0.0,0.0,-13.548552183556744
886,1,0.0,0.0,-0.00011607187344338566,0.0,-0.404191911858211
886,2,0.0,0.0,0.0,0.0,-0.23542668585209317
886,3,0.0,0.0,0.0,0.0,0.0
886,4,0.0,0.0,0.0,0.0,0.0
887,0,0.0,-0.0007585129461801408,0.0,0.0,-13.551457767341388
887,1,0.0,0.0,-0.00011607187344338566,0.0,-0.404191911858211
887,2,0.0,0.0,0.0,0.0,-0.23542668585209317
887,3,0.0,0.0,0.0,0.0,0.0
887,4,0.0,0.0,0.0,0.0,0.0
888,0,0.0,-0.0007585129461801408,0.0,0.0,-13.55711709776479
888,1,0.0,0.0,-0.00011607187344338566,0.0,-0.404191911858211
888,2,0.0,0.0,0.0,0.0,-0.23542668585209317
888,3,0.0,0.0,0.0,0.0,0.0
888,4,0.0,0.0,0.0,0.0,0.0
889,0,0.0,-0.0007585129461801408,0.0,0.0,-13.560689827176612
889,1,0.0,0.0,-0.00011607187344338566,0.0,-0.404191911858211
889,2,0.0,0.0,0.0,0.0,-0.23542668585209317
889,3,0.0,0.0,0.0,0.0,0.0
889,4,0.0,0.0,0.0,0.0,0.0
890,0,0.0,-0.0007585129461801408,0.0,0.0,-13.564331899566982
890,1,0.0,0.0,-0.00011607187344338566,0.0,-0.404191911858211
890,2,0.0,0.0,0.0,0.0,-0.23542668585209317
890,3,0.0,0.0,0.0,0.0,0.0
890,4,0.0,0.0,0.0,0.0,0.0
891,0,0.0,-0.0007585129461801408,0.0,0.0,-13.571121763184502
891,1,0.0,0.0,-0.00011607187344338566,0.0,-0.404191911858211
891,2,0.0,0.0,0.0,0.0,-0.23542668585209317
891,3,0.0,0.0,0.0,0.0,0.0
891,4,0.0,0.0,0.0,0.0,0.0
892,0,0.0,-0.0007585129461801408,0.0,0.0,-13.574885892183831
892,1,0.0,0.0,-0.00011607187344338566,0.0,-0.404191911858211
892,2,0.0,0.0,0.0,0.0,-0.23542668585209317
892,3,0.0,0.0,0.0,0.0,0.0
892,4,0.0,0.0,0.0,0.0,0.0
893,0,0.0,-0.0007585129461801408,0.0,0.0,-13.579280558019459
893,1,0.0,0.0,-0.00011607187344338566,0.0,-0.404191911858211
893,2,0.0,0.0,0.0,0.0,-0.23542668585209317
893,3,0.0,0.0,0.0,0.0,0.0
893,4,0.0,0.0,0.0,0.0,0.0
894,0,0.0,-0.0007585129461801408,0.0,0.0,-13.581036554937748
894,1,0.0,0.0,-0.00011607187344338566,0.0,-0.404191911858211
894,2,0.0,0.0,0.0,0.0,-0.23542668585209317
894,3,0.0,0.0,0.0,0.0,0.0
894,4,0.0,0.0,0.0,0.0,0.0
895,0,0.0,-0.0007585129461801408,0.0,0.0,-13.58525458226996
895,1,0.0,0.0,-0.00011607187344338566,0.0,-0.404191911858211
895,2,0.0,0.0,0.0,0.0,-0.23542668585209317
895,3,0.0,0.0,0.0,0.0,0.0
895,4,0.0,0.0,0.0,0.0,0.0
896,0,0.0,-0.0007585129461801408,0.0,0.0,-13.592123878596567
896,1,0.0,0.0,-0.00011607187344338566,0.0,-0.404191911858211
896,2,0.0,0.0,0.0,0.0,-0.23542668585209317
896,3,0.0,0.0,0.0,0.0,0.0
896,4,0.0,0.0,0.0,0.0,0.0
897,0,0.0,-0.0007585129461801408,0.0,0.0,-13.596258263157402
897,1,0.0,0.0,-0.00011607187344338566,0.0,-0.404191911858211
897,2,0.0,0.0,0.0,0.0,-0.23542668585209317
897,3,0.0,0.0,0.0,0.0,0.0
897,4,0.0,0.0,0.0,0.0,0.0
898,0,0.0,-0.0007585129461801408,0.0,0.0,-13.599479167494021
898,1,0.0,0.0,-0.00011607187344338566,0.0,-0.404191911858211
898,2,0.0,0.0,0.0,0.0,-0.23542668585209317
898,3,0.0,0.0,0.0,0.0,0.0
898,4,0.0,0.0,0.0,0.0,0.0
899,0,0.0,-0.0007585129461801408,0.0,0.0,-13.601563940501714
899,1,0.0,0.0,-0.00011607187344338566,0.0,-0.404191911858211
899,2,0.0,0.0,0.0,0.0,-0.23542668585209317
899,3,0.0,0.0,0.0,0.0,0.0
899,4,0.0,0.0,0.0,0.0,0.0
900,0,0.0,-0.0007585129461801408,0.0,0.0,-13.606981449838992
900,1,0.0,0.0,-0.00011607187344338566,0.0,-0.404191911858211
900,2,0.0,0.0,0.0,0.0,-0.23542668585209317
900,3,0.0,0.0,0.0,0.0,0.0
900,4,0.0,0.0,0.0,0.0,0.0
901,0,0.0,-0.0007585129461801408,0.0,0.0,-13.608980459342078
901,1,0.0,0.0,-0.00011607187344338566,0.0,-0.404191911858211
901,2,0.0,0.0,0.0,0.0,-0.23542668585209317
901,3,0.0,0.0,0.0,0.0,0.0
901,4,0.0,0.0,0.0,0.0,0.0
902,0,0.0,-0.0007585129461801408,0.0,0.0,-13.614685659581166
902,1,0.0,0.0,-0.00011607187344338566,0.0,-0.404191911858211
902,2,0.0,0.0,0.0,0.0,-0.23542668585209317
902,3,0.0,0.0,0.0,0.0,0.0
902,4,0.0,0.0,0.0,0.0,0.0
903,0,0.0,-0.0007585129461801408,0.0,0.0,-13.617258986401849
903,1,0.0,0.0,-0.00011607187344338566,0.0,-0.404191911858211
903,2,0.0,0.0,0.0,0.0,-0.23542668585209317
903,3,0.0,0.0,0.0,0.0,0.0
903,4,0.0,0.0,0.0,0.0,0.0
904,0,0.0,-0.0007585129461801408,0.0,0.0,-13.620088192201878
904,1,0.0,0.0,-0.00011607187344338566,0.0,-0.404191911858211
904,2,0.0,0.0,0.0,0.0,-0.23542668585209317
904,3,0.0,0.0,0.0,0.0,0.0
904,4,0.0,0.0,0.0,0.0,0.0
905,0,0.0,-0.0007585129461801408,0.0,0.0,-13.62664978967404
905,1,0.0,0.0,-0.00011607187344338566,0.0,-0.404191911858211
905,2,0.0,0.0,0.0,0.0,-0.23542668585209317
905,3,0.0,0.0,0.0,0.0,0.0
905,4,0.0,0.0,0.0,0.0,0.0
906,0,0.0,-0.0007585129461801408,0.0,0.0,-13.635323368993731
906,1,0.0,0.0,-0.00011607187344338566,0.0,-0.404191911858211
906,2,0.0,0.0,0.0,0.0,-0.23542668585209317
906,3,0.0,0.0,0.0,0.0,0.0
906,4,0.0,0.0,0.0,0.0,0.0
907,0,0.0,-0.0007585129461801408,0.0,0.0,-13.64020715019444
907,1,0.0,0.0,-0.00011607187344338566,0.0,-0.404191911858211
907,2,0.0,0.0,0.0,0.0,-0.23542668585209317
907,3,0.0,0.0,0.0,0.0,0.0
907,4,0.0,0.0,0.0,0.0,0.0
908,0,0.0,-0.0007585129461801408,0.0,0.0,-13.642980461160178
908,1,0.0,0.0,-0.00011607187344338566,0.0,-0.404191911858211
908,2,0.0,0.0,0.0,0.0,-0.23542668585209317
908,3,0.0,0.0,0.0,0.0,0.0
908,4,0.0,0.0,0.0,0.0,0.0
909,0,0.0,-0.0007585129461801408,0.0,0.0,-13.644285373750114
909,1,0.0,0.0,-0.00011607187344338566,0.0,-0.404191911858211
909,2,0.0,0.0,0.0,0.0,-0.23542668585209317
909,3,0.0,0.0,0.0,0.0,0.0
909,4,0.0,0.0,0.0,0.0,0.0
910,0,0.0,-0.0007585129461801408,0.0,0.0,-13.647200711864462
910,1,0.0,0.0,-0.00011607187344338566,0.0,-0.404191911858211
910,2,0.0,0.0,0.0,0.0,-0.23542668585209317
910,3,0.0,0.0,0.0,0.0,0.0
910,4,0.0,0.0,0.0,0.0,0.0
911,0,0.0,-0.0007585129461801408,0.0,0.0,-13.65507427442605
911,1,0.0,0.0,-0.00011607187344338566,0.0,-0.404191911858211
911,2,0.0,0.0,0.0,0.0,-0.23542668585209317
911,3,0.0,0.0,0.0,0.0,0.0
911,4,0.0,0.0,0.0,0.0,0.0
912,0,0.0,-0.0007585129461801408,0.0,0.0,-13.662832576929166
912,1,0.0,0.0,-0.00011607187344338566,0.0,-0.404191911858211
912,2,0.0,0.0,0.0,0.0,-0.23542668585209317
912,3,0.0,0.0,0.0,0.0,0.0
912,4,0.0,0.0,0.0,0.0,0.0
913,0,0.0,-0.0007585129461801408,0.0,0.0,-13.665189702402976
913,1,0.0,0.0,-0.00011607187344338566,0.0,-0.404191911858211
913,2,0.0,0.0,0.0,0.0,-0.23542668585209317
913,3,0.0,0.0,0.0,0.0,0.0
913,4,0.0,0.0,0.0,0.0,0.0
914,0,0.0,-0.0007585129461801408,0.0,0.0,-13.669528410301545
914,1,0.0,0.0,-0.00011607187344338566,0.0,-0.404191911858211
914,2,0.0,0.0,0.0,0.0,-0.23542668585209317
914,3,0.0,0.0,0.0,0.0,0.0
914,4,0.0,0.0,0.0,0.0,0.0
915,0,0.0,-0.0007585129461801408,0.0,0.0,-13.674421643240084
915,1,0.0,0.0,-0.00011607187344338566,0.0,-0.404191911858211
915,2,0.0,0.0,0.0,0.0,-0.23542668585209317
915,3,0.0,0.0,0.0,0.0,0.0
915,4,0.0,0.0,0.0,0.0,0.0
916,0,0.0,-0.0007585129461801408,0.0,0.0,-13.676858601353597
916,1,0.0,0.0,-0.00011607187344338566,0.0,-0.404191911858211
916,2,0.0,0.0,0.0,0.0,-0.23542668585209317
916,3,0.0,0.0,0.0,0.0,0.0
916,4,0.0,0.0,0.0,0.0,0.0
917,0,0.0,-0.0007585129461801408,0.0,0.0,-13.681790776391217
917,1,0.0,0.0,-0.00011607187344338566,0.0,-0.404191911858211
917,2,0.0,0.0,0.0,0.0,-0.23542668585209317
917,3,0.0,0.0,0.0,0.0,0.0
917,4,0.0,0.0,0.0,0.0,0.0
918,0,0.0,-0.0007585129461801408,0.0,0.0,-13.68721530662539
918,1,0.0,0.0,-0.00011607187344338566,0.0,-0.404191911858211
918,2,0.0,0.0,0.0,0.0,-0.23542668585209317
918,3,0.0,0.0,0.0,0.0,0.0
918,4,0.0,0.0,0.0,0.0,0.0
919,0,0.0,-0.0007585129461801408,0.0,0.0,-13.689172348115333
919,1,0.0,0.0,-0.00011607187344338566,0.0,-0.404191911858211
919,2,0.0,0.0,0.0,0.0,-0.23542668585209317
919,3,0.0,0.0,0.0,0.0,0.0
919,4,0.0,0.0,0.0,0.0,0.0
920,0,0.0,-0.0007585129461801408,0.0,0.0,-13.69186434316753
920,1,0.0,0.0,-0.00011607187344338566,0.0,-0.404191911858211
920,2,0.0,0.0,0.0,0.0,-0.23542668585209317
920,3,0.0,0.0,0.0,0.0,0.0
920,4,0.0,0.0,0.0,0.0,0.0
921,0,0.0,-0.0007585129461801408,0.0,0.0,-13.696973399247037
921,1,0.0,0.0,-0.00011607187344338566,0.0,-0.404191911858211
921,2,0.0,0.0,0.0,0.0,-0.23542668585209317
921,3,0.0,0.0,0.0,0.0,0.0
921,4,0.0,0.0,0.0,0.0,0.0
922,0,0.0,-0.0007585129461801408,0.0,0.0,-13.699079263386809
922,1,0.0,0.0,-0.00011607187344338566,0.0,-0.404191911858211
922,2,0.0,0.0,0.0,0.0,-0.23542668585209317
922,3,0.0,0.0,0.0,0.0,0.0
922,4,0.0,0.0,0.0,0.0,0.0
923,0,0.0,-0.0007585129461801408,0.0,0.0,-13.701284652923048
923,1,0.0,0.0,-0.00011607187344338566,0.0,-0.404191911858211
923,2,0.0,0.0,0.0,0.0,-0.23542668585209317
923,3,0.0,0.0,0.0,0.0,0.0
923,4,0.0,0.0,0.0,0.0,0.0
924,0,0.0,-0.0007585129461801408,0.0,0.0,-13.705577103628878
924,1,0.0,0.0,-0.00011607187344338566,0.0,-0.404191911858211
924,2,0.0,0.0,0.0,0.0,-0.23542668585209317
924,3,0.0,0.0,0.0,0.0,0.0
924,4,0.0,0.0,0.0,0.0,0.0
925,0,0.0,-0.0007585129461801408,0.0,0.0,-13.708020659517475
925,1,0.0,0.0,-0.00011607187344338566,0.0,-0.404191911858211
925,2,0.0,0.0,0.0,0.0,-0.23542668585209317
925,3,0.0,0.0,0.0,0.0,0.0
925,4,0.0,0.0,0.0,0.0,0.0
926,0,0.0,-0.0007585129461801408,0.0,0.0,-13.71086498094483
926,1,0.0,0.0,-0.00011607187344338566,0.0,-0.404191911858211
926,2,0.0,0.0,0.0,0.0,-0.23542668585209317
926,3,0.0,0.0,0.0,0.0,0.0
926,4,0.0,0.0,0.0,0.0,0.0
927,0,0.0,-0.0007585129461801408,0.0,0.0,-13.715426179946968
927,1,0.0,0.0,-0.00011607187344338566,0.0,-0.404191911858211
927,2,0.0,0.0,0.0,0.0,-0.23542668585209317
927,3,0.0,0.0,0.0,0.0,0.0
927,4,0.0,0.0,0.0,0.0,0.0
928,0,0.0,-0.0007585129461801408,0.0,0.0,-13.717370604370458
928,1,0.0,0.0,-0.00011607187344338566,0.0,-0.404191911858211
928,2,0.0,0.0,0.0,0.0,-0.23542668585209317
928,3,0.0,0.0,0.0,0.0,0.0
928,4,0.0,0.0,0.0,0.0,0.0
929,0,0.0,-0.0007585129461801408,0.0,0.0,-13.724802771069292
929,1,0.0,0.0,-0.00011607187344338566,0.0,-0.404191911858211
929,2,0.0,0.0,0.0,0.0,-0.23542668585209317
929,3,0.0,0.0,0.0,0.0,0.0
929,4,0.0,0.0,0.0,0.0,0.0
930,0,0.0,-0.0007585129461801408,0.0,0.0,-13.727430692506466
930,1,0.0,0.0,-0.00011607187344338566,0.0,-0.404191911858211
930,2,0.0,0.0,0.0,0.0,-0.23542668585209317
930,3,0.0,0.0,0.0,0.0,0.0
930,4,0.0,0.0,0.0,0.0,0.0
931,0,0.0,-0.0007585129461801408,0.0,0.0,-13.732437639358768
931,1,0.0,0.0,-0.00011607187344338566,0.0,-0.404191911858211
931,2,0.0,0.0,0.0,0.0,-0.23542668585209317
931,3,0.0,0.0,0.0,0.0,0.0
931,4,0.0,0.0,0.0,0.0,0.0
932,0,0.0,-0.0007585129461801408,0.0,0.0,-13.736392730917967
932,1,0.0,0.0,-0.00011607187344338566,0.0,-0.404191911858211
932,2,0.0,0.0,0.0,0.0,-0.23542668585209317
932,3,0.0,0.0,0.0,0.0,0.0
932,4,0.0,0.0,0.0,0.0,0.0
933,0,0.0,-0.0007585129461801408,0.0,0.0,-13.741231210078281
933,1,0.0,0.0,-0.00011607187344338566,0.0,-0.404191911858211
933,2,0.0,0.0,0.0,0.0,-0.23542668585209317
933,3,0.0,0.0,0.0,0.0,0.0
933,4,0.0,0.0,0.0,0.0,0.0
934,0,0.0,-0.0007585129461801408,0.0,0.0,-13.745279124172928
934,1,0.0,0.0,-0.00011607187344338566,0.0,-0.404191911858211
934,2,0.0,0.0,0.0,0.0,-0.23542668585209317
934,3,0.0,0.0,0.0,0.0,0.0
934,4,0.0,0.0,0.0,0.0,0.0
935,0,0.0,-0.0007585129461801408,0.0,0.0,-13.74737552149443
935,1,0.0,0.0,-0.00011607187344338566,0.0,-0.404191911858211
935,2,0.0,0.0,0.0,0.0,-0.23542668585209317
935,3,0.0,0.0,0.0,0.0,0.0
935,4,0.0,0.0,0.0,0.0,0.0
936,0,0.0,-0.0007585129461801408,0.0,0.0,-13.750521400784235
936,1,0.0,0.0,-0.00011607187344338566,0.0,-0.404191911858211
936,2,0.0,0.0,0.0,0.0,-0.23542668585209317
936,3,0.0,0.0,0.0,0.0,0.0
936,4,0.0,0.0,0.0,0.0,0.0
937,0,0.0,-0.0007585129461801408,0.0,0.0,-13.755385211970859
937,1,0.0,0.0,-0.00011607187344338566,0.0,-0.404191911858211
937,2,0.0,0.0,0.0,0.0,-0.23542668585209317
937,3,0.0,0.0,0.0,0.0,0.0
937,4,0.0,0.0,0.0,0.0,0.0
938,0,0.0,-0.0007585129461801408,0.0,0.0,-13.761330092100089
938,1,0.0,0.0,-0.00011607187344338566,0.0,-0.404191911858211
938,2,0.0,0.0,0.0,0.0,-0.23542668585209317
938,3,0.0,0.0,0.0,0.0,0.0
938,4,0.0,0.0,0.0,0.0,0.0
939,0,0.0,-0.0007585129461801408,0.0,0.0,-13.763448563595619
939,1,0.0,0.0,-0.00011607187344338566,0.0,-0.404191911858211
939,2,0.0,0.0,0.0,0.0,-0.23542668585209317
939,3,0.0,0.0,0.0,0.0,0.0
939,4,0.0,0.0,0.0,0.0,0.0
940,0,0.0,-0.0007585129461801408,0.0,0.0,-13.768672729460107
940,1,0.0,0.0,-0.00011607187344338566,0.0,-0.404191911858211
940,2,0.0,0.0,0.0,0.0,-0.23542668585209317
940,3,0.0,0.0,0.0,0.0,0.0
940,4,0.0,0.0,0.0,0.0,0.0
941,0,0.0,-0.0007585129461801408,0.0,0.0,-13.773239495156146
941,1,0.0,0.0,-0.00011607187344338566,0.0,-0.404191911858211
941,2,0.0,0.0,0.0,0.0,-0.23542668585209317
941,3,0.0,0.0,0.0,0.0,0.0
941,4,0.0,0.0,0.0,0.0,0.0
942,0,0.0,-0.0007585129461801408,0.0,0.0,-13.776280744705927
942,1,0.0,0.0,-0.00011607187344338566,0.0,-0.404191911858211
942,2,0.0,0.0,0.0,0.0,-0.23542668585209317
942,3,0.0,0.0,0.0,0.0,0.0
942,4,0.0,0.0,0.0,0.0,0.0
943,0,0.0,-0.0007585129461801408,0.0,0.0,-13.782607548851962
943,1,0.0,0.0,-0.00011607187344338566,0.0,-0.404191911858211
943,2,0.0,0.0,0.0,0.0,-0.23542668585209317
943,3,0.0,0.0,0.0,0.0,0.0
943,4,0.0,0.0,0.0,0.0,0.0
944,0,0.0,-0.0007585129461801408,0.0,0.0,-13.786436111164726
944,1,0.0,0.0,-0.00011607187344338566,0.0,-0.404191911858211
944,2,0.0,0.0,0.0,0.0,-0.23542668585209317
944,3,0.0,0.0,0.0,0.0,0.0
944,4,0.0,0.0,0.0,0.0,0.0
945,0,0.0,-0.0007585129461801408,0.0,0.0,-13.788150829782175
945,1,0.0,0.0,-0.00011607187344338566,0.0,-0.404191911858211
945,2,0.0,0.0,0.0,0.0,-0.23542668585209317
945,3,0.0,0.0,0.0,0.0,0.0
945,4,0.0,0.0,0.0,0.0,0.0
946,0,0.0,-0.0007585129461801408,0.0,0.0,-13.791074870614919
946,1,0.0,0.0,-0.00011607187344338566,0.0,-0.404191911858211
946,2,0.0,0.0,0.0,0.0,-0.23542668585209317
946,3,0.0,0.0,0.0,0.0,0.0
946,4,0.0,0.0,0.0,0.0,0.0
947,0,0.0,-0.0007585129461801408,0.0,0.0,-13.793522117902052
947,1,0.0,0.0,-0.00011607187344338566,0.0,-0.404191911858211
947,2,0.0,0.0,0.0,0.0,-0.23542668585209317
947,3,0.0,0.0,0.0,0.0,0.0
947,4,0.0,0.0,0.0,0.0,0.0
948,0,0.0,-0.0007585129461801408,0.0,0.0,-13.796386307007012
948,1,0.0,0.0,-0.00011607187344338566,0.0,-0.404191911858211
948,2,0.0,0.0,0.0,0.0,-0.23542668585209317
948,3,0.0,0.0,0.0,0.0,0.0
948,4,0.0,0.0,0.0,0.0,0.0
949,0,0.0,-0.0007585129461801408,0.0,0.0,-13.801943594432009
949,1,0.0,0.0,-0.00011607187344338566,0.0,-0.404191911858211
949,2,0.0,0.0,0.0,0.0,-0.23542668585209317
949,3,0.0,0.0,0.0,0.0,0.0
949,4,0.0,0.0,0.0,0.0,0.0
950,0,0.0,-0.0007585129461801408,0.0,0.0,-13.804884972708672
950,1,0.0,0.0,-0.00011607187344338566,0.0,-0.404191911858211
950,2,0.0,0.0,0.0,0.0,-0.23542668585209317
950,3,0.0,0.0,0.0,0.0,0.0
950,4,0.0,0.0,0.0,0.0,0.0
951,0,0.0,-0.0007585129461801408,0.0,0.0,-13.808983241492493
951,1,0.0,0.0,-0.00011607187344338566,0.0,-0.404191911858211
951,2,0.0,0.0,0.0,0.0,-0.23542668585209317
951,3,0.0,0.0,0.0,0.0,0.0
951,4,0.0,0.0,0.0,0.0,0.0
952,0,0.0,-0.0007585129461801408,0.0,0.0,-13.816554997650522
952,1,0.0,0.0,-0.00011607187344338566,0.0,-0.404191911858211
952,2,0.0,0.0,0.0,0.0,-0.23542668585209317
952,3,0.0,0.0,0.0,0.0,0.0
952,4,0.0,0.0,0.0,0.0,0.0
953,0,0.0,-0.0007585129461801408,0.0,0.0,-13.822960814537728
953,1,0.0,0.0,-0.00011607187344338566,0.0,-0.404191911858211
953,2,0.0,0.0,0.0,0.0,-0.23542668585209317
953,3,0.0,0.0,0.0,0.0,0.0
953,4,0.0,0.0,0.0,0.0,0.0
954,0,0.0,-0.0007585129461801408,0.0,0.0,-13.82598619935766
954,1,0.0,0.0,-0.00011607187344338566,0.0,-0.404191911858211
954,2,0.0,0.0,0.0,0.0,-0.23542668585209317
954,3,0.0,0.0,0.0,0.0,0.0
954,4,0.0,0.0,0.0,0.0,0.0
955,0,0.0,-0.0007585129461801408,0.0,0.0,-13.82919839168013
955,1,0.0,0.0,-0.00011607187344338566,0.0,-0.404191911858211
955,2,0.0,0.0,0.0,0.0,-0.23542668585209317
955,3,0.0,0.0,0.0,0.0,0.0
955,4,0.0,0.0,0.0,0.0,0.0
956,0,0.0,-0.0007585129461801408,0.0,0.0,-13.833244386884166
956,1,0.0,0.0,-0.00011607187344338566,0.0,-0.404191911858211
956,2,0.0,0.0,0.0,0.0,-0.23542668585209317
956,3,0.0,0.0,0.0,0.0,0.0
956,4,0.0,0.0,0.0,0.0,0.0
957,0,0.0,-0.0007585129461801408,0.0,0.0,-13.833710862094494
957,1,0.0,0.0,-0.00011607187344338566,0.0,-0.404191911858211
957,2,0.0,0.0,0.0,0.0,-0.23542668585209317
957,3,0.0,0.0,0.0,0.0,0.0
957,4,0.0,0.0,0.0,0.0,0.0
958,0,0.0,-0.0007585129461801408,0.0,0.0,-13.8393056196223
958,1,0.0,0.0,-0.00011607187344338566,0.0,-0.404191911858211
958,2,0.0,0.0,0.0,0.0,-0.23542668585209317
958,3,0.0,0.0,0.0,0.0,0.0
958,4,0.0,0.0,0.0,0.0,0.0
959,0,0.0,-0.0007585129461801408,0.0,0.0,-13.842736072935423
959,1,0.0,0.0,-0.00011607187344338566,0.0,-0.404191911858211
959,2,0.0,0.0,0.0,0.0,-0.23542668585209317
959,3,0.0,0.0,0.0,0.0,0.0
959,4,0.0,0.0,0.0,0.0,0.0
960,0,0.0,-0.0007585129461801408,0.0,0.0,-13.844986052483991
960,1,0.0,0.0,-0.00011607187344338566,0.0,-0.404191911858211
960,2,0.0,0.0,0.0,0.0,-0.23542668585209317
960,3,0.0,0.0,0.0,0.0,0.0
960,4,0.0,0.0,0.0,0.0,0.0
961,0,0.0,-0.0007585129461801408,0.0,0.0,-13.848268119395515
961,1,0.0,0.0,-0.00011607187344338566,0.0,-0.404191911858211
961,2,0.0,0.0,0.0,0.0,-0.23542668585209317
961,3,0.0,0.0,0.0,0.0,0.0
961,4,0.0,0.0,0.0,0.0,0.0
962,0,0.0,-0.0007585129461801408,0.0,0.0,-13.851871784177732
962,1,0.0,0.0,-0.00011607187344338566,0.0,-0.404191911858211
962,2,0.0,0.0,0.0,0.0,-0.23542668585209317
962,3,0.0,0.0,0.0,0.0,0.0
962,4,0.0,0.0,0.0,0.0,0.0
963,0,0.0,-0.0007585129461801408,0.0,0.0,-13.856089371247307
963,1,0.0,0.0,-0.00011607187344338566,0.0,-0.404191911858211
963,2,0.0,0.0,0.0,0.0,-0.23542668585209317
963,3,0.0,0.0,0.0,0.0,0.0
963,4,0.0,0.0,0.0,0.0,0.0
964,0,0.0,-0.0007585129461801408,0.0,0.0,-13.858248980392194
964,1,0.0,0.0,-0.00011607187344338566,0.0,-0.404191911858211
964,2,0.0,0.0,0.0,0.0,-0.23542668585209317
964,3,0.0,0.0,0.0,0.0,0.0
964,4,0.0,0.0,0.0,0.0,0.0
965,0,0.0,-0.0007585129461801408,0.0,0.0,-13.866591065576513
965,1,0.0,0.0,-0.00011607187344338566,0.0,-0.404191911858211
965,2,0.0,0.0,0.0,0.0,-0.23542668585209317
965,3,0.0,0.0,0.0,0.0,0.0
965,4,0.0,0.0,0.0,0.0,0.0
966,0,0.0,-0.0007585129461801408,0.0,0.0,-13.86928258759967
966,1,0.0,0.0,-0.00011607187344338566,0.0,-0.404191911858211
966,2,0.0,0.0,0.0,0.0,-0.23542668585209317
966,3,0.0,0.0,0.0,0.0,0.0
966,4,0.0,0.0,0.0,0.0,0.0
967,0,0.0,-0.0007585129461801408,0.0,0.0,-13.871432240872215
967,1,0.0,0.0,-0.00011607187344338566,0.0,-0.404191911858211
967,2,0.0,0.0,0.0,0.0,-0.23542668585209317
967,3,0.0,0.0,0.0,0.0,0.0
967,4,0.0,0.0,0.0,0.0,0.0
968,0,0.0,-0.0007585129461801408,0.0,0.0,-13.875390621608064
968,1,0.0,0.0,-0.00011607187344338566,0.0,-0.404191911858211
968,2,0.0,0.0,0.0,0.0,-0.23542668585209317
968,3,0.0,0.0,0.0,0.0,0.0
968,4,0.0,0.0,0.0,0.0,0.0
969,0,0.0,-0.0007585129461801408,0.0,0.0,-13.876546377184056
969,1,0.0,0.0,-0.00011607187344338566,0.0,-0.404191911858211
969,2,0.0,0.0,0.0,0.0,-0.23542668585209317
969,3,0.0,0.0,0.0,0.0,0.0
969,4,0.0,0.0,0.0,0.0,0.0
970,0,0.0,-0.0007585129461801408,0.0,0.0,-13.88444886806532
970,1,0.0,0.0,-0.00011607187344338566,0.0,-0.404191911858211
970,2,0.0,0.0,0.0,0.0,-0.23542668585209317
970,3,0.0,0.0,0.0,0.0,0.0
970,4,0.0,0.0,0.0,0.0,0.0
971,0,0.0,-0.0007585129461801408,0.0,0.0,-13.888610601561274
971,1,0.0,0.0,-0.00011607187344338566,0.0,-0.404191911858211
971,2,0.0,0.0,0.0,0.0,-0.23542668585209317
971,3,0.0,0.0,0.0,0.0,0.0
971,4,0.0,0.0,0.0,0.0,0.0
972,0,0.0,-0.0007585129461801408,0.0,0.0,-13.890650007003833
972,1,0.0,0.0,-0.00011607187344338566,0.0,-0.404191911858211
972,2,0.0,0.0,0.0,0.0,-0.23542668585209317
972,3,0.0,0.0,0.0,0.0,0.0
972,4,0.0,0.0,0.0,0.0,0.0
973,0,0.0,-0.0007585129461801408,0.0,0.0,-13.893595885841966
973,1,0.0,0.0,-0.00011607187344338566,0.0,-0.404191911858211
973,2,0.0,0.0,0.0,0.0,-0.23542668585209317
973,3,0.0,0.0,0.0,0.0,0.0
973,4,0.0,0.0,0.0,0.0,0.0
974,0,0.0,-0.0007585129461801408,0.0,0.0,-13.897318697534539
974,1,0.0,0.0,-0.00011607187344338566,0.0,-0.404191911858211
974,2,0.0,0.0,0.0,0.0,-0.23542668585209317
974,3,0.0,0.0,0.0,0.0,0.0
974,4,0.0,0.0,0.0,0.0,0.0
975,0,0.0,-0.0007585129461801408,0.0,0.0,-13.899985306648196
975,1,0.0,0.0,-0.00011607187344338566,0.0,-0.404191911858211
975,2,0.0,0.0,0.0,0.0,-0.23542668585209317
975,3,0.0,0.0,0.0,0.0,0.0
975,4,0.0,0.0,0.0,0.0,0.0
976,0,0.0,-0.0007585129461801408,0.0,0.0,-13.90190465821363
976,1,0.0,0.0,-0.00011607187344338566,0.0,-0.404191911858211
976,2,0.0,0.0,0.0,0.0,-0.23542668585209317
976,3,0.0,0.0,0.0,0.0,0.0
976,4,0.0,0.0,0.0,0.0,0.0
977,0,0.0,-0.0007585129461801408,0.0,0.0,-13.903017903783839
977,1,0.0,0.0,-0.00011607187344338566,0.0,-0.404191911858211
977,2,0.0,0.0,0.0,0.0,-0.23542668585209317
977,3,0.0,0.0,0.0,0.0,0.0
977,4,0.0,0.0,0.0,0.0,0.0
978,0,0.0,-0.0007585129461801408,0.0,0.0,-13.910798831942497
978,1,0.0,0.0,-0.00011607187344338566,0.0,-0.404191911858211
978,2,0.0,0.0,0.0,0.0,-0.23542668585209317
978,3,0.0,0.0,0.0,0.0,0.0
978,4,0.0,0.0,0.0,0.0,0.0
979,0,0.0,-0.0007585129461801408,0.0,0.0,-13.912954237833768
979,1,0.0,0.0,-0.00011607187344338566,0.0,-0.404191911858211
979,2,0.0,0.0,0.0,0.0,-0.23542668585209317
979,3,0.0,0.0,0.0,0.0,0.0
979,4,0.0,0.0,0.0,0.0,0.0
980,0,0.0,-0.0007585129461801408,0.0,0.0,-13.918312812990699
980,1,0.0,0.0,-0.00011607187344338566,0.0,-0.404191911858211
980,2,0.0,0.0,0.0,0.0,-0.23542668585209317
980,3,0.0,0.0,0.0,0.0,0.0
980,4,0.0,0.0,0.0,0.0,0.0
981,0,0.0,-0.0007585129461801408,0.0,0.0,-13.921082769845938
981,1,0.0,0.0,-0.00011607187344338566,0.0,-0.404191911858211
981,2,0.0,0.0,0.0,0.0,-0.23542668585209317
981,3,0.0,0.0,0.0,0.0,0.0
981,4,0.0,0.0,0.0,0.0,0.0
982,0,0.0,-0.0007585129461801408,0.0,0.0,-13.924195065356962
982,1,0.0,0.0,-0.00011607187344338566,0.0,-0.404191911858211
982,2,0.0,0.0,0.0,0.0,-0.23542668585209317
982,3,0.0,0.0,0.0,0.0,0.0
982,4,0.0,0.0,0.0,0.0,0.0
983,0,0.0,-0.0007585129461801408,0.0,0.0,-13.929340697719194
983,1,0.0,0.0,-0.00011607187344338566,0.0,-0.404191911858211
983,2,0.0,0.0,0.0,0.0,-0.23542668585209317
983,3,0.0,0.0,0.0,0.0,0.0
983,4,0.0,0.0,0.0,0.0,0.0
984,0,0.0,-0.0007585129461801408,0.0,0.0,-13.932506472636287
984,1,0.0,0.0,-0.00011607187344338566,0.0,-0.404191911858211
984,2,0.0,0.0,0.0,0.0,-0.23542668585209317
984,3,0.0,0.0,0.0,0.0,0.0
984,4,0.0,0.0,0.0,0.0,0.0
985,0,0.0,-0.0007585129461801408,0.0,0.0,-13.936186043627503
985,1,0.0,0.0,-0.00011607187344338566,0.0,-0.404191911858211
985,2,0.0,0.0,0.0,0.0,-0.23542668585209317
985,3,0.0,0.0,0.0,0.0,0.0
985,4,0.0,0.0,0.0,0.0,0.0
986,0,0.0,-0.0007585129461801408,0.0,0.0,-13.938682298143213
986,1,0.0,0.0,-0.00011607187344338566,0.0,-0.404191911858211
986,2,0.0,0.0,0.0,0.0,-0.23542668585209317
986,3,0.0,0.0,0.0,0.0,0.0
986,4,0.0,0.0,0.0,0.0,0.0
987,0,0.0,-0.0007585129461801408,0.0,0.0,-13.94178293852635
987,1,0.0,0.0,-0.00011607187344338566,0.0,-0.404191911858211
987,2,0.0,0.0,0.0,0.0,-0.23542668585209317
987,3,0.0,0.0,0.0,0.0,0.0
987,4,0.0,0.0,0.0,0.0,0.0
988,0,0.0,-0.0007585129461801408,0.0,0.0,-13.944320083252189
988,1,0.0,0.0,-0.00011607187344338566,0.0,-0.404191911858211
988,2,0.0,0.0,0.0,0.0,-0.23542668585209317
988,3,0.0,0.0,0.0,0.0,0.0
988,4,0.0,0.0,0.0,0.0,0.0
989,0,0.0,-0.0007585129461801408,0.0,0.0,-13.946573789410381
989,1,0.0,0.0,-0.00011607187344338566,0.0,-0.404191911858211
989,2,0.0,0.0,0.0,0.0,-0.23542668585209317
989,3,0.0,0.0,0.0,0.0,0.0
989,4,0.0,0.0,0.0,0.0,0.0
990,0,0.0,-0.0007585129461801408,0.0,0.0,-13.949362210587745
990,1,0.0,0.0,-0.00011607187344338566,0.0,-0.404191911858211
990,2,0.0,0.0,0.0,0.0,-0.23542668585209317
990,3,0.0,0.0,0.0,0.0,0.0
990,4,0.0,0.0,0.0,0.0,0.0
991,0,0.0,-0.0007585129461801408,0.0,0.0,-13.951255774016499
991,1,0.0,0.0,-0.00011607187344338566,0.0,-0.404191911858211
991,2,0.0,0.0,0.0,0.0,-0.23542668585209317
991,3,0.0,0.0,0.0,0.0,0.0
991,4,0.0,0.0,0.0,0.0,0.0
992,0,0.0,-0.0007585129461801408,0.0,0.0,-13.957065000736383
992,1,0.0,0.0,-0.00011607187344338566,0.0,-0.404191911858211
992,2,0.0,0.0,0.0,0.0,-0.23542668585209317
992,3,0.0,0.0,0.0,0.0,0.0
992,4,0.0,0.0,0.0,0.0,0.0
993,0,0.0,-0.0007585129461801408,0.0,0.0,-13.958554933182926
993,1,0.0,0.0,-0.00011607187344338566,0.0,-0.404191911858211
993,2,0.0,0.0,0.0,0.0,-0.23542668585209317
993,3,0.0,0.0,0.0,0.0,0.0
993,4,0.0,0.0,0.0,0.0,0.0
994,0,0.0,-0.0007585129461801408,0.0,0.0,-13.960839388898739
994,1,0.0,0.0,-0.00011607187344338566,0.0,-0.404191911858211
994,2,0.0,0.0,0.0,0.0,-0.23542668585209317
994,3,0.0,0.0,0.0,0.0,0.0
994,4,0.0,0.0,0.0,0.0,0.0
995,0,0.0,-0.0007585129461801408,0.0,0.0,-13.963878735055133
995,1,0.0,0.0,-0.00011607187344338566,0.0,-0.404191911858211
995,2,0.0,0.0,0.0,0.0,-0.23542668585209317
995,3,0.0,0.0,0.0,0.0,0.0
995,4,0.0,0.0,0.0,0.0,0.0
996,0,0.0,-0.0007585129461801408,0.0,0.0,-13.967978614483966
996,1,0.0,0.0,-0.00011607187344338566,0.0,-0.404191911858211
996,2,0.0,0.0,0.0,0.0,-0.23542668585209317
996,3,0.0,0.0,0.0,0.0,0.0
996,4,0.0,0.0,0.0,0.0,0.0
997,0,0.0,-0.0007585129461801408,0.0,0.0,-13.971334014698465
997,1,0.0,0.0,-0.00011607187344338566,0.0,-0.404191911858211
997,2,0.0,0.0,0.0,0.0,-0.23542668585209317
997,3,0.0,0.0,0.0,0.0,0.0
997,4,0.0,0.0,0.0,0.0,0.0
998,0,0.0,-0.0007585129461801408,0.0,0.0,-13.973321500845506
998,1,0.0,0.0,-0.00011607187344338566,0.0,-0.404191911858211
998,2,0.0,0.0,0.0,0.0,-0.23542668585209317
998,3,0.0,0.0,0.0,0.0,0.0
998,4,0.0,0.0,0.0,0.0,0.0
999,0,0.0,-0.0007585129461801408,0.0,0.0,-13.97879795150991
999,1,0.0,0.0,-0.00011607187344338566,0.0,-0.404191911858211
999,2,0.0,0.0,0.0,0.0,-0.23542668585209317
999,3,0.0,0.0,0.0,0.0,0.0
999,4,0.0,0.0,0.0,0.0,0.0
1000,0,0.0,-0.0010287556829100813,0.0,0.0,-13.97879795150991
1000,1,0.0,0.0,-0.00011607187344338566,0.0,-0.441969232517899
1000,2,0.0,0.0,0.0,0.0,-0.23542668585209317
1000,3,0.0,0.0,0.0,0.0,0.0
1000,4,0.0,0.0,0.0,0.0,0.0
