1,0,0.0,0.0,0.0,0.0,0.0
1,1,0.0,0.0,0.0,0.0,-0.01125
1,2,0.0,0.0,0.0,0.0,0.0
1,3,0.0,0.0,0.0,0.0,0.0
1,4,0.0,0.0,0.0,0.0,0.0
2,0,0.0,-2.1091722534602077e-07,0.0,0.0,0.0
2,1,0.0,0.0,0.0,0.0,-0.02246250360438293
2,2,0.0,0.0,0.0,0.0,0.0
2,3,0.0,0.0,0.0,0.0,0.0
2,4,0.0,0.0,0.0,0.0,0.0
3,0,0.0,-1.0514100447178897e-06,0.0,0.0,0.0
3,1,0.0,0.0,0.0,0.0,-0.04363765141111592
3,2,0.0,0.0,0.0,0.0,0.0
3,3,0.0,0.0,0.0,0.0,0.0
3,4,0.0,0.0,0.0,0.0,0.0
4,0,0.0,-4.222654176135592e-06,0.0,0.0,0.0
4,1,0.0,0.0,0.0,0.0,-0.06474225332640889
4,2,0.0,0.0,0.0,0.0,0.0
4,3,0.0,0.0,0.0,0.0,0.0
4,4,0.0,0.0,0.0,0.0,0.0
5,0,0.0,-1.1200071665210991e-05,0.0,0.0,0.0
5,1,0.0,0.0,0.0,0.0,-0.07827657380190284
5,2,0.0,0.0,0.0,0.0,0.0
5,3,0.0,0.0,0.0,0.0,0.0
5,4,0.0,0.0,0.0,0.0,0.0
6,0,0.0,-2.1392832660527982e-05,0.0,0.0,0.0
6,1,0.0,0.0,0.0,0.0,-0.0942658738288323
6,2,0.0,0.0,0.0,0.0,0.0
6,3,0.0,0.0,0.0,0.0,0.0
6,4,0.0,0.0,0.0,0.0,0.0
7,0,0.0,-3.6166115671549656e-05,0.0,0.0,0.0
7,1,0.0,0.0,0.0,0.0,-0.11270198948393695
7,2,0.0,0.0,0.0,0.0,0.0
7,3,0.0,0.0,0.0,0.0,0.0
7,4,0.0,0.0,0.0,0.0,0.0
8,0,0.0,-5.727120590821807e-05,0.0,0.0,0.0
8,1,0.0,0.0,0.0,0.0,-0.12857678741413553
8,2,0.0,0.0,0.0,0.0,0.0
8,3,0.0,0.0,0.0,0.0,0.0
8,4,0.0,0.0,0.0,0.0,0.0
9,0,0.0,-8.472175492485305e-05,0.0,0.0,0.0
9,1,0.0,0.0,0.0,0.0,-0.1418988297790902
9,2,0.0,0.0,0.0,0.0,0.0
9,3,0.0,0.0,0.0,0.0,0.0
9,4,0.0,0.0,0.0,0.0,0.0
10,0,0.0,-0.00011812894326691463,0.0,0.0,0.0
10,1,0.0,0.0,0.0,0.0,-0.15517664657685662
10,2,0.0,0.0,0.0,0.0,0.0
10,3,0.0,0.0,0.0,0.0,0.0
10,4,0.0,0.0,0.0,0.0,0.0
11,0,0.0,-0.00015804855446732819,0.0,0.0,0.0
11,1,0.0,0.0,0.0,0.0,-0.16591040324030473
11,2,0.0,0.0,0.0,0.0,0.0
11,3,0.0,0.0,0.0,0.0,0.0
11,4,0.0,0.0,0.0,0.0,0.0
12,0,0.0,-0.00020364024069359767,0.0,0.0,0.0
12,1,0.0,0.0,0.0,0.0,-0.18160859707407417
12,2,0.0,0.0,0.0,0.0,0.0
12,3,0.0,0.0,0.0,0.0,0.0
12,4,0.0,0.0,0.0,0.0,0.0
13,0,0.0,-0.0002582284396510717,0.0,0.0,0.0
13,1,0.0,0.0,0.0,0.0,-0.20225469588389236
13,2,0.0,0.0,0.0,0.0,0.0
13,3,0.0,0.0,0.0,0.0,0.0
13,4,0.0,0.0,0.0,0.0,0.0
14,0,0.0,-0.00032589494629668285,0.0,0.0,0.0
14,1,0.0,0.0,0.0,0.0,-0.21783222943332836
14,2,0.0,0.0,0.0,0.0,0.0
14,3,0.0,0.0,0.0,0.0,0.0
14,4,0.0,0.0,0.0,0.0,0.0
15,0,0.0,-0.000404319518075394,0.0,0.0,0.0
15,1,0.0,0.0,0.0,0.0,-0.23085811932551473
15,2,0.0,0.0,0.0,0.0,0.0
15,3,0.0,0.0,0.0,0.0,0.0
15,4,0.0,0.0,0.0,0.0,0.0
16,0,0.0,-0.000492317236451936,0.0,0.0,0.0
16,1,0.0,0.0,0.0,0.0,-0.24134089111869686
16,2,0.0,0.0,0.0,0.0,0.0
16,3,0.0,0.0,0.0,0.0,0.0
16,4,0.0,0.0,0.0,0.0,0.0
17,0,0.0,-0.000588381572619574,0.0,0.0,0.0
17,1,0.0,0.0,0.0,0.0,-0.2567890383567686
17,2,0.0,0.0,0.0,0.0,0.0
17,3,0.0,0.0,0.0,0.0,0.0
17,4,0.0,0.0,0.0,0.0,0.0
18,0,0.0,-0.0006970408597874098,0.0,0.0,0.0
18,1,0.0,0.0,0.0,0.0,-0.2746860251003588
18,2,0.0,0.0,0.0,0.0,0.0
18,3,0.0,0.0,0.0,0.0,0.0
18,4,0.0,0.0,0.0,0.0,0.0
19,0,0.0,-0.0008212723060144973,0.0,0.0,0.0
19,1,0.0,0.0,0.0,0.0,-0.2950237099158767
19,2,0.0,0.0,0.0,0.0,0.0
19,3,0.0,0.0,0.0,0.0,0.0
19,4,0.0,0.0,0.0,0.0,0.0
20,0,0.0,-0.0009644709970579853,0.0,0.0,0.0
20,1,0.0,0.0,0.0,0.0,-0.3052939818513782
20,2,0.0,0.0,0.0,0.0,0.0
20,3,0.0,0.0,0.0,0.0,0.0
20,4,0.0,0.0,0.0,0.0,0.0
21,0,0.0,-0.0011176151958917629,0.0,0.0,0.0
21,1,0.0,0.0,0.0,0.0,-0.3280304229765727
21,2,0.0,0.0,0.0,0.0,0.0
21,3,0.0,0.0,0.0,0.0,0.0
21,4,0.0,0.0,0.0,0.0,0.0
22,0,0.0,-0.0012942937577378071,0.0,0.0,0.0
22,1,0.0,0.0,0.0,0.0,-0.3481914965885461
22,2,0.0,0.0,0.0,0.0,0.0
22,3,0.0,0.0,0.0,0.0,0.0
22,4,0.0,0.0,0.0,0.0,0.0
23,0,0.0,-0.0014931741339830934,0.0,0.0,0.0
23,1,0.0,0.0,0.0,0.0,-0.36578581689710704
23,2,0.0,0.0,0.0,0.0,0.0
23,3,0.0,0.0,0.0,0.0,0.0
23,4,0.0,0.0,0.0,0.0,0.0
24,0,0.0,-0.0017124194704419141,0.0,0.0,0.0
24,1,0.0,0.0,0.0,0.0,-0.38332196574395644
24,2,0.0,0.0,0.0,0.0,0.0
24,3,0.0,0.0,0.0,0.0,0.0
24,4,0.0,0.0,0.0,0.0,0.0
25,0,0.0,-0.0019529141970608622,0.0,0.0,0.0
25,1,0.0,0.0,0.0,0.0,-0.4008001601999645
25,2,0.0,0.0,0.0,0.0,0.0
25,3,0.0,0.0,0.0,0.0,0.0
25,4,0.0,0.0,0.0,0.0,0.0
26,0,0.0,-0.0022155272823195745,0.0,0.0,0.0
26,1,0.0,0.0,0.0,0.0,-0.41572061647061687
26,2,0.0,0.0,0.0,0.0,0.0
26,3,0.0,0.0,0.0,0.0,0.0
26,4,0.0,0.0,0.0,0.0,0.0
27,0,0.0,-0.002497673383643426,0.0,0.0,0.0
27,1,0.0,0.0,0.0,0.0,-0.43309188243197216
27,2,0.0,0.0,0.0,0.0,0.0
27,3,0.0,0.0,0.0,0.0,0.0
27,4,0.0,0.0,0.0,0.0,0.0
28,0,0.0,-0.0028035065942001525,0.0,0.0,0.0
28,1,0.0,0.0,0.0,0.0,-0.44540580879317176
28,2,0.0,0.0,0.0,0.0,0.0
28,3,0.0,0.0,0.0,0.0,0.0
28,4,0.0,0.0,0.0,0.0,0.0
29,0,0.0,-0.003126473883749678,0.0,0.0,0.0
29,1,0.0,0.0,0.0,0.0,-0.45767927437474887
29,2,0.0,0.0,0.0,0.0,0.0
29,3,0.0,0.0,0.0,0.0,0.0
29,4,0.0,0.0,0.0,0.0,0.0
30,0,0.0,-0.003466948762040539,0.0,0.0,0.0
30,1,0.0,0.0,0.0,0.0,-0.4774124295929232
30,2,0.0,0.0,0.0,0.0,0.0
30,3,0.0,0.0,0.0,0.0,0.0
30,4,0.0,0.0,0.0,0.0,0.0
31,0,0.0,-0.003836981856608352,0.0,0.0,0.0
31,1,0.0,0.0,0.0,0.0,-0.49708042666868596
31,2,0.0,0.0,0.0,0.0,0.0
31,3,0.0,0.0,0.0,0.0,0.0
31,4,0.0,0.0,0.0,0.0,0.0
32,0,0.0,-0.0042376363400596665,0.0,0.0,0.0
32,1,0.0,0.0,0.0,0.0,-0.509183508556415
32,2,0.0,0.0,0.0,0.0,0.0
32,3,0.0,0.0,0.0,0.0,0.0
32,4,0.0,0.0,0.0,0.0,0.0
33,0,0.0,-0.004657317186639432,0.0,0.0,0.0
33,1,0.0,0.0,0.0,0.0,-0.5187469148394884
33,2,0.0,0.0,0.0,0.0,0.0
33,3,0.0,0.0,0.0,0.0,0.0
33,4,0.0,0.0,0.0,0.0,0.0
34,0,0.0,-0.00509209194402978,0.0,0.0,0.0
34,1,0.0,0.0,0.0,0.0,-0.5407791253405319
34,2,0.0,0.0,0.0,0.0,0.0
34,3,0.0,0.0,0.0,0.0,0.0
34,4,0.0,0.0,0.0,0.0,0.0
35,0,0.0,-0.005564008947255376,0.0,0.0,0.0
35,1,0.0,0.0,0.0,0.0,-0.5577385928588515
35,2,0.0,0.0,0.0,0.0,0.0
35,3,0.0,0.0,0.0,0.0,0.0
35,4,0.0,0.0,0.0,0.0,0.0
36,0,0.0,-0.006065082171700831,0.0,0.0,0.0
36,1,0.0,0.0,0.0,0.0,-0.572142253682448
36,2,0.0,0.0,0.0,0.0,0.0
36,3,0.0,0.0,0.0,0.0,0.0
36,4,0.0,0.0,0.0,0.0,0.0
37,0,0.0,-0.006591217901376955,0.0,0.0,0.0
37,1,0.0,0.0,0.0,0.0,-0.5839986479982878
37,2,0.0,0.0,0.0,0.0,0.0
37,3,0.0,0.0,0.0,0.0,0.0
37,4,0.0,0.0,0.0,0.0,0.0
38,0,0.0,-0.007138040768311478,0.0,0.0,0.0
38,1,0.0,0.0,0.0,0.0,-0.5983162839230667
38,2,0.0,0.0,0.0,0.0,0.0
38,3,0.0,0.0,0.0,0.0,0.0
38,4,0.0,0.0,0.0,0.0,0.0
39,0,0.0,-0.007710472813250478,0.0,0.0,0.0
39,1,0.0,0.0,0.0,0.0,-0.6125869725668789
39,2,0.0,0.0,0.0,0.0,0.0
39,3,0.0,0.0,0.0,0.0,0.0
39,4,0.0,0.0,0.0,0.0,0.0
40,0,0.0,-0.008308762663129299,0.0,0.0,0.0
40,1,0.0,0.0,0.0,0.0,-0.6218108882461365
40,2,0.0,0.0,0.0,0.0,0.0
40,3,0.0,0.0,0.0,0.0,0.0
40,4,0.0,0.0,0.0,0.0,0.0
41,0,0.0,-0.008923361081405975,0.0,0.0,0.0
41,1,0.0,0.0,0.0,0.0,-0.6385048696493373
41,2,0.0,0.0,0.0,0.0,0.0
41,3,0.0,0.0,0.0,0.0,0.0
41,4,0.0,0.0,0.0,0.0,0.0
42,0,0.0,-0.009569092772500306,0.0,0.0,0.0
42,1,0.0,0.0,0.0,0.0,-0.6576440296254353
42,2,0.0,0.0,0.0,0.0,0.0
42,3,0.0,0.0,0.0,0.0,0.0
42,4,0.0,0.0,0.0,0.0,0.0
43,0,0.0,-0.010251237851062314,0.0,0.0,0.0
43,1,0.0,0.0,0.0,0.0,-0.6692202393831005
43,2,0.0,0.0,0.0,0.0,0.0
43,3,0.0,0.0,0.0,0.0,0.0
43,4,0.0,0.0,0.0,0.0,0.0
44,0,0.0,-0.010954895961090939,0.0,0.0,0.0
44,1,0.0,0.0,0.0,0.0,-0.6857587306943776
44,2,0.0,0.0,0.0,0.0,0.0
44,3,0.0,0.0,0.0,0.0,0.0
44,4,0.0,0.0,0.0,0.0,0.0
45,0,0.0,-0.011690339431699554,0.0,0.0,0.0
45,1,0.0,0.0,0.0,0.0,-0.7022429780058838
45,2,0.0,0.0,0.0,0.0,0.0
45,3,0.0,0.0,0.0,0.0,0.0
45,4,0.0,0.0,0.0,0.0,0.0
46,0,0.0,-0.012457730504618566,0.0,0.0,0.0
46,1,0.0,0.0,0.0,0.0,-0.7186731827640305
46,2,0.0,0.0,0.0,0.0,0.0
46,3,0.0,0.0,0.0,0.0,0.0
46,4,0.0,0.0,0.0,0.0,0.0
47,0,0.0,-0.013257202020950801,0.0,0.0,0.0
47,1,0.0,0.0,0.0,0.0,-0.7325495456146921
47,2,0.0,0.0,0.0,0.0,0.0
47,3,0.0,0.0,0.0,0.0,0.0
47,4,0.0,0.0,0.0,0.0,0.0
48,0,0.0,-0.014083597350543233,0.0,0.0,0.0
48,1,0.0,0.0,0.0,0.0,-0.7488805989388817
48,2,0.0,0.0,0.0,0.0,0.0
48,3,0.0,0.0,0.0,0.0,0.0
48,4,0.0,0.0,0.0,0.0,0.0
49,0,0.0,-0.014942250535975475,0.0,0.0,0.0
49,1,0.0,0.0,0.0,0.0,-0.7626581780149884
49,2,0.0,0.0,0.0,0.0,0.0
49,3,0.0,0.0,0.0,0.0,0.0
49,4,0.0,0.0,0.0,0.0,0.0
50,0,0.0,-0.01582788731297572,0.0,0.0,0.0
50,1,0.0,0.0,0.0,0.0,-0.7788908137644501
50,2,0.0,0.0,0.0,0.0,0.0
50,3,0.0,0.0,0.0,0.0,0.0
50,4,0.0,0.0,0.0,0.0,0.0
51,0,0.0,-0.016745884715404554,0.0,0.0,0.0
51,1,0.0,0.0,0.0,0.0,-0.787570340012129
51,2,0.0,0.0,0.0,0.0,0.0
51,3,0.0,0.0,0.0,0.0,0.0
51,4,0.0,0.0,0.0,0.0,0.0
52,0,0.0,-0.0176800729923752,0.0,0.0,0.0
52,1,0.0,0.0,0.0,0.0,-0.8037219512966773
52,2,0.0,0.0,0.0,0.0,0.0
52,3,0.0,0.0,0.0,0.0,0.0
52,4,0.0,0.0,0.0,0.0,0.0
53,0,0.0,-0.018646659475490254,0.0,0.0,0.0
53,1,0.0,0.0,0.0,0.0,-0.8148207524487452
53,2,0.0,0.0,0.0,0.0,0.0
53,3,0.0,0.0,0.0,0.0,0.0
53,4,0.0,0.0,0.0,0.0,0.0
54,0,0.0,-0.01963474571394975,0.0,0.0,0.0
54,1,0.0,0.0,0.0,0.0,-0.8358836042890102
54,2,0.0,0.0,0.0,0.0,0.0
54,3,0.0,0.0,0.0,0.0,0.0
54,4,0.0,0.0,0.0,0.0,0.0
55,0,0.0,-0.020666192672311193,0.0,0.0,0.0
55,1,0.0,0.0,0.0,0.0,-0.8468773091790445
55,2,0.0,0.0,0.0,0.0,0.0
55,3,0.0,0.0,0.0,0.0,0.0
55,4,0.0,0.0,0.0,0.0,0.0
56,0,0.0,-0.021718990317622106,0.0,0.0,0.0
56,1,0.0,0.0,0.0,0.0,-0.8628354541914416
56,2,0.0,0.0,0.0,0.0,0.0
56,3,0.0,0.0,0.0,0.0,0.0
56,4,0.0,0.0,0.0,0.0,0.0
57,0,0.0,-0.022804135468410074,0.0,0.0,0.0
57,1,0.0,0.0,0.0,0.0,-0.8812415052071693
57,2,0.0,0.0,0.0,0.0,0.0
57,3,0.0,0.0,0.0,0.0,0.0
57,4,0.0,0.0,0.0,0.0,0.0
58,0,0.0,-0.023927143732571887,0.0,0.0,0.0
58,1,0.0,0.0,0.0,0.0,-0.897087322610117
58,2,0.0,0.0,0.0,0.0,0.0
58,3,0.0,0.0,0.0,0.0,0.0
58,4,0.0,0.0,0.0,0.0,0.0
59,0,0.0,-0.02508239408390048,0.0,0.0,0.0
59,1,0.0,0.0,0.0,0.0,-0.9103814623276808
59,2,0.0,0.0,0.0,0.0,0.0
59,3,0.0,0.0,0.0,0.0,0.0
59,4,0.0,0.0,0.0,0.0,0.0
60,0,0.0,-0.02626421802663706,0.0,0.0,0.0
60,1,0.0,0.0,0.0,0.0,-0.9211324481562685
60,2,0.0,0.0,0.0,0.0,0.0
60,3,0.0,0.0,0.0,0.0,0.0
60,4,0.0,0.0,0.0,0.0,0.0
61,0,0.0,-0.027466920616794458,0.0,0.0,0.0
61,1,0.0,0.0,0.0,0.0,-0.9368487718899337
61,2,0.0,0.0,0.0,0.0,0.0
61,3,0.0,0.0,0.0,0.0,0.0
61,4,0.0,0.0,0.0,0.0,0.0
62,0,0.0,-0.028701688871349707,0.0,0.0,0.0
62,1,0.0,0.0,0.0,0.0,-0.9525138958514014
62,2,0.0,0.0,0.0,0.0,0.0
62,3,0.0,0.0,0.0,0.0,0.0
62,4,0.0,0.0,0.0,0.0,0.0
63,0,0.0,-0.029968438416580697,0.0,0.0,0.0
63,1,0.0,0.0,0.0,0.0,-0.9631280094134048
63,2,0.0,0.0,0.0,0.0,0.0
63,3,0.0,0.0,0.0,0.0,0.0
63,4,0.0,0.0,0.0,0.0,0.0
64,0,0.0,-0.03125573822368144,0.0,0.0,0.0
64,1,0.0,0.0,0.0,0.0,-0.9737079662628567
64,2,0.0,0.0,0.0,0.0,0.0
64,3,0.0,0.0,0.0,0.0,0.0
64,4,0.0,0.0,0.0,0.0,0.0
65,0,0.0,-0.032563501532733914,0.0,0.0,0.0
65,1,0.0,0.0,0.0,0.0,-0.9842538917865321
65,2,0.0,0.0,0.0,0.0,0.0
65,3,0.0,0.0,0.0,0.0,0.0
65,4,0.0,0.0,0.0,0.0,0.0
66,0,0.0,-0.0338916401323248,0.0,0.0,0.0
66,1,0.0,0.0,0.0,0.0,-0.9947659108767871
66,2,0.0,0.0,0.0,0.0,0.0
66,3,0.0,0.0,0.0,0.0,0.0
66,4,0.0,0.0,0.0,0.0,0.0
67,0,0.0,-0.03524006448976116,0.0,0.0,0.0
67,1,0.0,0.0,0.0,0.0,-1.0077441479335953
67,2,0.0,0.0,0.0,0.0,0.0
67,3,0.0,0.0,0.0,0.0,0.0
67,4,0.0,0.0,0.0,0.0,0.0
68,0,0.0,-0.036614394717507145,0.0,0.0,0.0
68,1,0.0,0.0,0.0,0.0,-1.0181803943342211
68,2,0.0,0.0,0.0,0.0,0.0
68,3,0.0,0.0,0.0,0.0,0.0
68,4,0.0,0.0,0.0,0.0,0.0
69,0,0.0,-0.03800880220430314,0.0,0.0,0.0
69,1,0.0,0.0,0.0,0.0,-1.0310831372763103
69,2,0.0,0.0,0.0,0.0,0.0
69,3,0.0,0.0,0.0,0.0,0.0
69,4,0.0,0.0,0.0,0.0,0.0
70,0,0.0,-0.03942892576578474,0.0,0.0,0.0
70,1,0.0,0.0,0.0,0.0,-1.0464441670375226
70,2,0.0,0.0,0.0,0.0,0.0
70,3,0.0,0.0,0.0,0.0,0.0
70,4,0.0,0.0,0.0,0.0,0.0
71,0,0.0,-0.04088040297056731,0.0,0.0,0.0
71,1,0.0,0.0,0.0,0.0,-1.0617553046557184
71,2,0.0,0.0,0.0,0.0,0.0
71,3,0.0,0.0,0.0,0.0,0.0
71,4,0.0,0.0,0.0,0.0,0.0
72,0,0.0,-0.04236311120075698,0.0,0.0,0.0
72,1,0.0,0.0,0.0,0.0,-1.0745167343383535
72,2,0.0,0.0,0.0,0.0,0.0
72,3,0.0,0.0,0.0,0.0,0.0
72,4,0.0,0.0,0.0,0.0,0.0
73,0,0.0,-0.043871151882144147,0.0,0.0,0.0
73,1,0.0,0.0,0.0,0.0,-1.082236972096032
73,2,0.0,0.0,0.0,0.0,0.0
73,3,0.0,0.0,0.0,0.0,0.0
73,4,0.0,0.0,0.0,0.0,0.0
74,0,0.0,-0.045392850696155077,0.0,0.0,0.0
74,1,0.0,0.0,0.0,0.0,-1.0949328345015288
74,2,0.0,0.0,0.0,0.0,0.0
74,3,0.0,0.0,0.0,0.0,0.0
74,4,0.0,0.0,0.0,0.0,0.0
75,0,0.0,-0.04693969779595593,0.0,0.0,0.0
75,1,0.0,0.0,0.0,0.0,-1.1075877449119638
75,2,0.0,0.0,0.0,0.0,0.0
75,3,0.0,0.0,0.0,0.0,0.0
75,4,0.0,0.0,0.0,0.0,0.0
76,0,0.0,-0.048511573621833094,0.0,0.0,0.0
76,1,0.0,0.0,0.0,0.0,-1.122701853891318
76,2,0.0,0.0,0.0,0.0,0.0
76,3,0.0,0.0,0.0,0.0,0.0
76,4,0.0,0.0,0.0,0.0,0.0
77,0,0.0,-0.050114162377139886,0.0,0.0,0.0
77,1,0.0,0.0,0.0,0.0,-1.1377669788768678
77,2,0.0,0.0,0.0,0.0,0.0
77,3,0.0,0.0,0.0,0.0,0.0
77,4,0.0,0.0,0.0,0.0,0.0
78,0,0.0,-0.051747325561303535,0.0,0.0,0.0
78,1,0.0,0.0,0.0,0.0,-1.1452833004903498
78,2,0.0,0.0,0.0,0.0,0.0
78,3,0.0,0.0,0.0,0.0,0.0
78,4,0.0,0.0,0.0,0.0,0.0
79,0,0.0,-0.05339345111034379,0.0,0.0,0.0
79,1,0.0,0.0,0.0,0.0,-1.1552759962361692
79,2,0.0,0.0,0.0,0.0,0.0
79,3,0.0,0.0,0.0,0.0,0.0
79,4,0.0,0.0,0.0,0.0,0.0
80,0,0.0,-0.05505828618922897,0.0,0.0,0.0
80,1,0.0,0.0,0.0,0.0,-1.172736819045859
80,2,0.0,0.0,0.0,0.0,0.0
80,3,0.0,0.0,0.0,0.0,0.0
80,4,0.0,0.0,0.0,0.0,0.0
81,0,0.0,-0.056759232197881634,0.0,0.0,0.0
81,1,0.0,0.0,0.0,0.0,-1.1901408876965895
81,2,0.0,0.0,0.0,0.0,0.0
81,3,0.0,0.0,0.0,0.0,0.0
81,4,0.0,0.0,0.0,0.0,0.0
82,0,0.0,-0.058496127428838036,0.0,0.0,0.0
82,1,0.0,0.0,0.0,0.0,-1.1999884118373574
82,2,0.0,0.0,0.0,0.0,0.0
82,3,0.0,0.0,0.0,0.0,0.0
82,4,0.0,0.0,0.0,0.0,0.0
83,0,0.0,-0.060251238685853234,0.0,0.0,0.0
83,1,0.0,0.0,0.0,0.0,-1.2148045978840074
83,2,0.0,0.0,0.0,0.0,0.0
83,3,0.0,0.0,0.0,0.0,0.0
83,4,0.0,0.0,0.0,0.0,0.0
84,0,0.0,-0.06203618088503405,0.0,0.0,0.0
84,1,0.0,0.0,0.0,0.0,-1.2245728950318144
84,2,0.0,0.0,0.0,0.0,0.0
84,3,0.0,0.0,0.0,0.0,0.0
84,4,0.0,0.0,0.0,0.0,0.0
85,0,0.0,-0.06383906648672677,0.0,0.0,0.0
85,1,0.0,0.0,0.0,0.0,-1.23931014464498
85,2,0.0,0.0,0.0,0.0,0.0
85,3,0.0,0.0,0.0,0.0,0.0
85,4,0.0,0.0,0.0,0.0,0.0
86,0,0.0,-0.06567153475037098,0.0,0.0,0.0
86,1,0.0,0.0,0.0,0.0,-1.2464997947737124
86,2,0.0,0.0,0.0,0.0,0.0
86,3,0.0,0.0,0.0,0.0,0.0
86,4,0.0,0.0,0.0,0.0,0.0
87,0,0.0,-0.06751579465404527,0.0,0.0,0.0
87,1,0.0,0.0,0.0,0.0,-1.2561670181742266
87,2,0.0,0.0,0.0,0.0,0.0
87,3,0.0,0.0,0.0,0.0,0.0
87,4,0.0,0.0,0.0,0.0,0.0
88,0,0.0,-0.06937764943547338,0.0,0.0,0.0
88,1,0.0,0.0,0.0,0.0,-1.2733035630494507
88,2,0.0,0.0,0.0,0.0,0.0
88,3,0.0,0.0,0.0,0.0,0.0
88,4,0.0,0.0,0.0,0.0,0.0
89,0,0.0,-0.07127465561986482,0.0,0.0,0.0
89,1,0.0,0.0,0.0,0.0,-1.2903845434674526
89,2,0.0,0.0,0.0,0.0,0.0
89,3,0.0,0.0,0.0,0.0,0.0
89,4,0.0,0.0,0.0,0.0,0.0
90,0,0.0,-0.07320663575925299,0.0,0.0,0.0
90,1,0.0,0.0,0.0,0.0,-1.302410164387544
90,2,0.0,0.0,0.0,0.0,0.0
90,3,0.0,0.0,0.0,0.0,0.0
90,4,0.0,0.0,0.0,0.0,0.0
91,0,0.0,-0.07516160267893458,0.0,0.0,0.0
91,1,0.0,0.0,0.0,0.0,-1.3193972950228638
91,2,0.0,0.0,0.0,0.0,0.0
91,3,0.0,0.0,0.0,0.0,0.0
91,4,0.0,0.0,0.0,0.0,0.0
92,0,0.0,-0.07715124027562165,0.0,0.0,0.0
92,1,0.0,0.0,0.0,0.0,-1.328829411161586
92,2,0.0,0.0,0.0,0.0,0.0
92,3,0.0,0.0,0.0,0.0,0.0
92,4,0.0,0.0,0.0,0.0,0.0
93,0,0.0,-0.07915762107279627,0.0,0.0,0.0
93,1,0.0,0.0,0.0,0.0,-1.3382317131873842
93,2,0.0,0.0,0.0,0.0,0.0
93,3,0.0,0.0,0.0,0.0,0.0
93,4,0.0,0.0,0.0,0.0,0.0
94,0,0.0,-0.08118063956322363,0.0,0.0,0.0
94,1,0.0,0.0,0.0,0.0,-1.345104309352955
94,2,0.0,0.0,0.0,0.0,0.0
94,3,0.0,0.0,0.0,0.0,0.0
94,4,0.0,0.0,0.0,0.0,0.0
95,0,0.0,-0.08321427131727725,0.0,0.0,0.0
95,1,0.0,0.0,0.0,0.0,-1.3544556400196284
95,2,0.0,0.0,0.0,0.0,0.0
95,3,0.0,0.0,0.0,0.0,0.0
95,4,0.0,0.0,0.0,0.0,0.0
96,0,0.0,-0.08526436315122238,0.0,0.0,0.0
96,1,0.0,0.0,0.0,0.0,-1.3662774488180367
96,2,0.0,0.0,0.0,0.0,0.0
96,3,0.0,0.0,0.0,0.0,0.0
96,4,0.0,0.0,0.0,0.0,0.0
97,0,0.0,-0.0873367349897158,0.0,0.0,0.0
97,1,0.0,0.0,0.0,0.0,-1.375561510327506
97,2,0.0,0.0,0.0,0.0,0.0
97,3,0.0,0.0,0.0,0.0,0.0
97,4,0.0,0.0,0.0,0.0,0.0
98,0,0.0,-0.08942532349363323,0.0,0.0,0.0
98,1,0.0,0.0,0.0,0.0,-1.384816295017019
98,2,0.0,0.0,0.0,0.0,0.0
98,3,0.0,0.0,0.0,0.0,0.0
98,4,0.0,0.0,0.0,0.0,0.0
99,0,0.0,-0.09153002392397872,0.0,0.0,0.0
99,1,0.0,0.0,0.0,0.0,-1.3915419090369134
99,2,0.0,0.0,0.0,0.0,0.0
99,3,0.0,0.0,0.0,0.0,0.0
99,4,0.0,0.0,0.0,0.0,0.0
100,0,0.0,-0.09364479832126106,0.0,0.0,0.0
100,1,0.0,0.0,0.0,0.0,-1.3982467906547793
100,2,0.0,0.0,0.0,0.0,0.0
100,3,0.0,0.0,0.0,0.0,0.0
100,4,0.0,0.0,0.0,0.0,0.0
101,0,0.0,-0.09576957440785978,0.0,0.0,0.0
101,1,0.0,0.0,0.0,0.0,-1.414931013948455
101,2,0.0,0.0,0.0,0.0,0.0
101,3,0.0,0.0,0.0,0.0,0.0
101,4,0.0,0.0,0.0,0.0,0.0
102,0,0.0,-0.09792803283959742,0.0,0.0,0.0
102,1,0.0,0.0,0.0,0.0,-1.4265613225795926
102,2,0.0,0.0,0.0,0.0,0.0
102,3,0.0,0.0,0.0,0.0,0.0
102,4,0.0,0.0,0.0,0.0,0.0
103,0,0.0,-0.10010809565805583,0.0,0.0,0.0
103,1,0.0,0.0,0.0,0.0,-1.44565458009439
103,2,0.0,0.0,0.0,0.0,0.0
103,3,0.0,0.0,0.0,0.0,0.0
103,4,0.0,0.0,0.0,0.0,0.0
104,0,0.0,-0.10232747540106849,0.0,0.0,0.0
104,1,0.0,0.0,0.0,0.0,-1.4596859241050049
104,2,0.0,0.0,0.0,0.0,0.0
104,3,0.0,0.0,0.0,0.0,0.0
104,4,0.0,0.0,0.0,0.0,0.0
105,0,0.0,-0.10457404644569777,0.0,0.0,0.0
105,1,0.0,0.0,0.0,0.0,-1.4711722480862697
105,2,0.0,0.0,0.0,0.0,0.0
105,3,0.0,0.0,0.0,0.0,0.0
105,4,0.0,0.0,0.0,0.0,0.0
106,0,0.0,-0.10684168766427062,0.0,0.0,0.0
106,1,0.0,0.0,0.0,0.0,-1.4851220495888768
106,2,0.0,0.0,0.0,0.0,0.0
106,3,0.0,0.0,0.0,0.0,0.0
106,4,0.0,0.0,0.0,0.0,0.0
107,0,0.0,-0.1091362265726149,0.0,0.0,0.0
107,1,0.0,0.0,0.0,0.0,-1.4965271292046685
107,2,0.0,0.0,0.0,0.0,0.0
107,3,0.0,0.0,0.0,0.0,0.0
107,4,0.0,0.0,0.0,0.0,0.0
108,0,0.0,-0.11145153521739083,0.0,0.0,0.0
108,1,0.0,0.0,0.0,0.0,-1.5078959833117005
108,2,0.0,0.0,0.0,0.0,0.0
108,3,0.0,0.0,0.0,0.0,0.0
108,4,0.0,0.0,0.0,0.0,0.0
109,0,0.0,-0.11378748060470559,0.0,0.0,0.0
109,1,0.0,0.0,0.0,0.0,-1.516728743866365
109,2,0.0,0.0,0.0,0.0,0.0
109,3,0.0,0.0,0.0,0.0,0.0
109,4,0.0,0.0,0.0,0.0,0.0
110,0,0.0,-0.11613796056596361,0.0,0.0,0.0
110,1,0.0,0.0,0.0,0.0,-1.528033874839722
110,2,0.0,0.0,0.0,0.0,0.0
110,3,0.0,0.0,0.0,0.0,0.0
110,4,0.0,0.0,0.0,0.0,0.0
111,0,0.0,-0.11850884599336034,0.0,0.0,0.0
111,1,0.0,0.0,0.0,0.0,-1.5393031433785542
111,2,0.0,0.0,0.0,0.0,0.0
111,3,0.0,0.0,0.0,0.0,0.0
111,4,0.0,0.0,0.0,0.0,0.0
112,0,0.0,-0.12090000463253661,0.0,0.0,0.0
112,1,0.0,0.0,0.0,0.0,-1.5455366800175123
112,2,0.0,0.0,0.0,0.0,0.0
112,3,0.0,0.0,0.0,0.0,0.0
112,4,0.0,0.0,0.0,0.0,0.0
113,0,0.0,-0.12329935290521624,0.0,0.0,0.0
113,1,0.0,0.0,0.0,0.0,-1.5592512798441078
113,2,0.0,0.0,0.0,0.0,0.0
113,3,0.0,0.0,0.0,0.0,0.0
113,4,0.0,0.0,0.0,0.0,0.0
114,0,0.0,-0.1257247569340918,0.0,0.0,0.0
114,1,0.0,0.0,0.0,0.0,-1.5704220122863142
114,2,0.0,0.0,0.0,0.0,0.0
114,3,0.0,0.0,0.0,0.0,0.0
114,4,0.0,0.0,0.0,0.0,0.0
115,0,0.0,-0.12817007310968043,0.0,0.0,0.0
115,1,0.0,0.0,0.0,0.0,-1.5790573703757798
115,2,0.0,0.0,0.0,0.0,0.0
115,3,0.0,0.0,0.0,0.0,0.0
115,4,0.0,0.0,0.0,0.0,0.0
116,0,0.0,-0.13062918787046018,0.0,0.0,0.0
116,1,0.0,0.0,0.0,0.0,-1.5951658152685837
116,2,0.0,0.0,0.0,0.0,0.0
116,3,0.0,0.0,0.0,0.0,0.0
116,4,0.0,0.0,0.0,0.0,0.0
117,0,0.0,-0.13311995731259862,0.0,0.0,0.0
117,1,0.0,0.0,0.0,0.0,-1.601222446243357
117,2,0.0,0.0,0.0,0.0,0.0
117,3,0.0,0.0,0.0,0.0,0.0
117,4,0.0,0.0,0.0,0.0,0.0
118,0,0.0,-0.1356182374410431,0.0,0.0,0.0
118,1,0.0,0.0,0.0,0.0,-1.6122607836602392
118,2,0.0,0.0,0.0,0.0,0.0
118,3,0.0,0.0,0.0,0.0,0.0
118,4,0.0,0.0,0.0,0.0,0.0
119,0,0.0,-0.13813594183222713,0.0,0.0,0.0
119,1,0.0,0.0,0.0,0.0,-1.6282642269589143
119,2,0.0,0.0,0.0,0.0,0.0
119,3,0.0,0.0,0.0,0.0,0.0
119,4,0.0,0.0,0.0,0.0,0.0
120,0,0.0,-0.14068492310296413,0.0,0.0,0.0
120,1,0.0,0.0,0.0,0.0,-1.6417162378196615
120,2,0.0,0.0,0.0,0.0,0.0
120,3,0.0,0.0,0.0,0.0,0.0
120,4,0.0,0.0,0.0,0.0,0.0
121,0,0.0,-0.14325899408683787,0.0,0.0,0.0
121,1,0.0,0.0,0.0,0.0,-1.6576253375115095
121,2,0.0,0.0,0.0,0.0,0.0
121,3,0.0,0.0,0.0,0.0,0.0
121,4,0.0,0.0,0.0,0.0,0.0
122,0,0.0,-0.14586399125197527,0.0,0.0,0.0
122,1,0.0,0.0,0.0,0.0,-1.6684833502505838
122,2,0.0,0.0,0.0,0.0,0.0
122,3,0.0,0.0,0.0,0.0,0.0
122,4,0.0,0.0,0.0,0.0,0.0
123,0,0.0,-0.1484877217100842,0.0,0.0,0.0
123,1,0.0,0.0,0.0,0.0,-1.674307128477912
123,2,0.0,0.0,0.0,0.0,0.0
123,3,0.0,0.0,0.0,0.0,0.0
123,4,0.0,0.0,0.0,0.0,0.0
124,0,0.0,-0.1511180562423378,0.0,0.0,0.0
124,1,0.0,0.0,0.0,0.0,-1.6876134614079483
124,2,0.0,0.0,0.0,0.0,0.0
124,3,0.0,0.0,0.0,0.0,0.0
124,4,0.0,0.0,0.0,0.0,0.0
125,0,0.0,-0.15377294151280127,0.0,0.0,0.0
125,1,0.0,0.0,0.0,0.0,-1.7058774126197387
125,2,0.0,0.0,0.0,0.0,0.0
125,3,0.0,0.0,0.0,0.0,0.0
125,4,0.0,0.0,0.0,0.0,0.0
126,0,0.0,-0.15646422842883875,0.0,0.0,0.0
126,1,0.0,0.0,0.0,0.0,-1.7140824717229544
126,2,0.0,0.0,0.0,0.0,0.0
126,3,0.0,0.0,0.0,0.0,0.0
126,4,0.0,0.0,0.0,0.0,0.0
127,0,0.0,-0.15916766176261224,0.0,0.0,0.0
127,1,0.0,0.0,0.0,0.0,-1.7297621854017564
127,2,0.0,0.0,0.0,0.0,0.0
127,3,0.0,0.0,0.0,0.0,0.0
127,4,0.0,0.0,0.0,0.0,0.0
128,0,0.0,-0.16190117677457774,0.0,0.0,0.0
128,1,0.0,0.0,0.0,0.0,-1.7403916467827474
128,2,0.0,0.0,0.0,0.0,0.0
128,3,0.0,0.0,0.0,0.0,0.0
128,4,0.0,0.0,0.0,0.0,0.0
129,0,0.0,-0.16465255869731657,0.0,0.0,0.0
129,1,0.0,0.0,0.0,0.0,-1.7559877050346042
129,2,0.0,0.0,0.0,0.0,0.0
129,3,0.0,0.0,0.0,0.0,0.0
129,4,0.0,0.0,0.0,0.0,0.0
130,0,0.0,-0.16743370923211798,0.0,0.0,0.0
130,1,0.0,0.0,0.0,0.0,-1.771533815983431
130,2,0.0,0.0,0.0,0.0,0.0
130,3,0.0,0.0,0.0,0.0,0.0
130,4,0.0,0.0,0.0,0.0,0.0
131,0,0.0,-0.17024443793388983,0.0,0.0,0.0
131,1,0.0,0.0,0.0,0.0,-1.7770301625357958
131,2,0.0,0.0,0.0,0.0,0.0
131,3,0.0,0.0,0.0,0.0,0.0
131,4,0.0,0.0,0.0,0.0,0.0
132,0,0.0,-0.17306048394943513,0.0,0.0,0.0
132,1,0.0,0.0,0.0,0.0,-1.7900102570074794
132,2,0.0,0.0,0.0,0.0,0.0
132,3,0.0,0.0,0.0,0.0,0.0
132,4,0.0,0.0,0.0,0.0,0.0
133,0,0.0,-0.17589984819171575,0.0,0.0,0.0
133,1,0.0,0.0,0.0,0.0,-1.8004491582945172
133,2,0.0,0.0,0.0,0.0,0.0
133,3,0.0,0.0,0.0,0.0,0.0
133,4,0.0,0.0,0.0,0.0,0.0
134,0,0.0,-0.1787563542157845,0.0,0.0,0.0
134,1,0.0,0.0,0.0,0.0,-1.8108553489398964
134,2,0.0,0.0,0.0,0.0,0.0
134,3,0.0,0.0,0.0,0.0,0.0
134,4,0.0,0.0,0.0,0.0,0.0
135,0,0.0,-0.18162988003158032,0.0,0.0,0.0
135,1,0.0,0.0,0.0,0.0,-1.8262289471217705
135,2,0.0,0.0,0.0,0.0,0.0
135,3,0.0,0.0,0.0,0.0,0.0
135,4,0.0,0.0,0.0,0.0,0.0
136,0,0.0,-0.18453234891849957,0.0,0.0,0.0
136,1,0.0,0.0,0.0,0.0,-1.839053405492469
136,2,0.0,0.0,0.0,0.0,0.0
136,3,0.0,0.0,0.0,0.0,0.0
136,4,0.0,0.0,0.0,0.0,0.0
137,0,0.0,-0.18745754744089582,0.0,0.0,0.0
137,1,0.0,0.0,0.0,0.0,-1.8543372363301673
137,2,0.0,0.0,0.0,0.0,0.0
137,3,0.0,0.0,0.0,0.0,0.0
137,4,0.0,0.0,0.0,0.0,0.0
138,0,0.0,-0.19041134740192672,0.0,0.0,0.0
138,1,0.0,0.0,0.0,0.0,-1.8645722548970727
138,2,0.0,0.0,0.0,0.0,0.0
138,3,0.0,0.0,0.0,0.0,0.0
138,4,0.0,0.0,0.0,0.0,0.0
139,0,0.0,-0.1933815044574319,0.0,0.0,0.0
139,1,0.0,0.0,0.0,0.0,-1.8722753047170761
139,2,0.0,0.0,0.0,0.0,0.0
139,3,0.0,0.0,0.0,0.0,0.0
139,4,0.0,0.0,0.0,0.0,0.0
140,0,0.0,-0.1963618713394225,0.0,0.0,0.0
140,1,0.0,0.0,0.0,0.0,-1.8824548335917604
140,2,0.0,0.0,0.0,0.0,0.0
140,3,0.0,0.0,0.0,0.0,0.0
140,4,0.0,0.0,0.0,0.0,0.0
141,0,0.0,-0.19935839435734506,0.0,0.0,0.0
141,1,0.0,0.0,0.0,0.0,-1.8976025925648403
141,2,0.0,0.0,0.0,0.0,0.0
141,3,0.0,0.0,0.0,0.0,0.0
141,4,0.0,0.0,0.0,0.0,0.0
142,0,0.0,-0.20238301655840224,0.0,0.0,0.0
142,1,0.0,0.0,0.0,0.0,-1.9077020310693056
142,2,0.0,0.0,0.0,0.0,0.0
142,3,0.0,0.0,0.0,0.0,0.0
142,4,0.0,0.0,0.0,0.0,0.0
143,0,0.0,-0.20542348685682796,0.0,0.0,0.0
143,1,0.0,0.0,0.0,0.0,-1.9177699907095598
143,2,0.0,0.0,0.0,0.0,0.0
143,3,0.0,0.0,0.0,0.0,0.0
143,4,0.0,0.0,0.0,0.0,0.0
144,0,0.0,-0.20847968857636257,0.0,0.0,0.0
144,1,0.0,0.0,0.0,0.0,-1.9303065848431948
144,2,0.0,0.0,0.0,0.0,0.0
144,3,0.0,0.0,0.0,0.0,0.0
144,4,0.0,0.0,0.0,0.0,0.0
145,0,0.0,-0.21155753930721033,0.0,0.0,0.0
145,1,0.0,0.0,0.0,0.0,-1.9428035938541144
145,2,0.0,0.0,0.0,0.0,0.0
145,3,0.0,0.0,0.0,0.0,0.0
145,4,0.0,0.0,0.0,0.0,0.0
146,0,0.0,-0.21465688822976473,0.0,0.0,0.0
146,1,0.0,0.0,0.0,0.0,-1.9502611614630478
146,2,0.0,0.0,0.0,0.0,0.0
146,3,0.0,0.0,0.0,0.0,0.0
146,4,0.0,0.0,0.0,0.0,0.0
147,0,0.0,-0.21776551314510587,0.0,0.0,0.0
147,1,0.0,0.0,0.0,0.0,-1.960196095892753
147,2,0.0,0.0,0.0,0.0,0.0
147,3,0.0,0.0,0.0,0.0,0.0
147,4,0.0,0.0,0.0,0.0,0.0
148,0,0.0,-0.22088937198315764,0.0,0.0,0.0
148,1,0.0,0.0,0.0,0.0,-1.9751001447205456
148,2,0.0,0.0,0.0,0.0,0.0
148,3,0.0,0.0,0.0,0.0,0.0
148,4,0.0,0.0,0.0,0.0,0.0
149,0,0.0,-0.22404042551952194,0.0,0.0,0.0
149,1,0.0,0.0,0.0,0.0,-1.9849567539272097
149,2,0.0,0.0,0.0,0.0,0.0
149,3,0.0,0.0,0.0,0.0,0.0
149,4,0.0,0.0,0.0,0.0,0.0
150,0,0.0,-0.22720641246574658,0.0,0.0,0.0
150,1,0.0,0.0,0.0,0.0,-1.9972827616790825
150,2,0.0,0.0,0.0,0.0,0.0
150,3,0.0,0.0,0.0,0.0,0.0
150,4,0.0,0.0,0.0,0.0,0.0
151,0,0.0,-0.23039325960845103,0.0,0.0,0.0
151,1,0.0,0.0,0.0,0.0,-2.0120699453774056
151,2,0.0,0.0,0.0,0.0,0.0
151,3,0.0,0.0,0.0,0.0,0.0
151,4,0.0,0.0,0.0,0.0,0.0
152,0,0.0,-0.23360686024889749,0.0,0.0,0.0
152,1,0.0,0.0,0.0,0.0,-2.0168101132401035
152,2,0.0,0.0,0.0,0.0,0.0
152,3,0.0,0.0,0.0,0.0,0.0
152,4,0.0,0.0,0.0,0.0,0.0
153,0,0.0,-0.23682286567971464,0.0,0.0,0.0
153,1,0.0,0.0,0.0,0.0,-2.0265367668403607
153,2,0.0,0.0,0.0,0.0,0.0
153,3,0.0,0.0,0.0,0.0,0.0
153,4,0.0,0.0,0.0,0.0,0.0
154,0,0.0,-0.24005332127092602,0.0,0.0,0.0
154,1,0.0,0.0,0.0,0.0,-2.031233286908006
154,2,0.0,0.0,0.0,0.0,0.0
154,3,0.0,0.0,0.0,0.0,0.0
154,4,0.0,0.0,0.0,0.0,0.0
155,0,0.0,-0.2432860338551628,0.0,0.0,0.0
155,1,0.0,0.0,0.0,0.0,-2.0459164466196693
155,2,0.0,0.0,0.0,0.0,0.0
155,3,0.0,0.0,0.0,0.0,0.0
155,4,0.0,0.0,0.0,0.0,0.0
156,0,0.0,-0.24654513365995945,0.0,0.0,0.0
156,1,0.0,0.0,0.0,0.0,-2.0530529610499717
156,2,0.0,0.0,0.0,0.0,0.0
156,3,0.0,0.0,0.0,0.0,0.0
156,4,0.0,0.0,0.0,0.0,0.0
157,0,0.0,-0.24981231098392961,0.0,0.0,0.0
157,1,0.0,0.0,0.0,0.0,-2.067667997807787
157,2,0.0,0.0,0.0,0.0,0.0
157,3,0.0,0.0,0.0,0.0,0.0
157,4,0.0,0.0,0.0,0.0,0.0
158,0,0.0,-0.2531056232108684,0.0,0.0,0.0
158,1,0.0,0.0,0.0,0.0,-2.074736634908445
158,2,0.0,0.0,0.0,0.0,0.0
158,3,0.0,0.0,0.0,0.0,0.0
158,4,0.0,0.0,0.0,0.0,0.0
159,0,0.0,-0.2564067573512551,0.0,0.0,0.0
159,1,0.0,0.0,0.0,0.0,-2.079284039003625
159,2,0.0,0.0,0.0,0.0,0.0
159,3,0.0,0.0,0.0,0.0,0.0
159,4,0.0,0.0,0.0,0.0,0.0
160,0,0.0,-0.2597095989750049,0.0,0.0,0.0
160,1,0.0,0.0,0.0,0.0,-2.093818617284815
160,2,0.0,0.0,0.0,0.0,0.0
160,3,0.0,0.0,0.0,0.0,0.0
160,4,0.0,0.0,0.0,0.0,0.0
161,0,0.0,-0.26303829073499135,0.0,0.0,0.0
161,1,0.0,0.0,0.0,0.0,-2.1033070827518268
161,2,0.0,0.0,0.0,0.0,0.0
161,3,0.0,0.0,0.0,0.0,0.0
161,4,0.0,0.0,0.0,0.0,0.0
162,0,0.0,-0.26638056318738407,0.0,0.0,0.0
162,1,0.0,0.0,0.0,0.0,-2.110266268414825
162,2,0.0,0.0,0.0,0.0,0.0
162,3,0.0,0.0,0.0,0.0,0.0
162,4,0.0,0.0,0.0,0.0,0.0
163,0,0.0,-0.2697302646875698,0.0,0.0,0.0
163,1,0.0,0.0,0.0,0.0,-2.119704611604647
163,2,0.0,0.0,0.0,0.0,0.0
163,3,0.0,0.0,0.0,0.0,0.0
163,4,0.0,0.0,0.0,0.0,0.0
164,0,0.0,-0.27309337170386083,0.0,0.0,0.0
164,1,0.0,0.0,0.0,0.0,-2.1366138529370637
164,2,0.0,0.0,0.0,0.0,0.0
164,3,0.0,0.0,0.0,0.0,0.0
164,4,0.0,0.0,0.0,0.0,0.0
165,0,0.0,-0.27648791851220306,0.0,0.0,0.0
165,1,0.0,0.0,0.0,0.0,-2.148469098927381
165,2,0.0,0.0,0.0,0.0,0.0
165,3,0.0,0.0,0.0,0.0,0.0
165,4,0.0,0.0,0.0,0.0,0.0
166,0,0.0,-0.2799015974115838,0.0,0.0,0.0
166,1,0.0,0.0,0.0,0.0,-2.1577872120811077
166,2,0.0,0.0,0.0,0.0,0.0
166,3,0.0,0.0,0.0,0.0,0.0
166,4,0.0,0.0,0.0,0.0,0.0
167,0,0.0,-0.28332821967671606,0.0,0.0,0.0
167,1,0.0,0.0,0.0,0.0,-2.1670766591066024
167,2,0.0,0.0,0.0,0.0,0.0
167,3,0.0,0.0,0.0,0.0,0.0
167,4,0.0,0.0,0.0,0.0,0.0
168,0,0.0,-0.2867676820534515,0.0,0.0,0.0
168,1,0.0,0.0,0.0,0.0,-2.178837542412184
168,2,0.0,0.0,0.0,0.0,0.0
168,3,0.0,0.0,0.0,0.0,0.0
168,4,0.0,0.0,0.0,0.0,0.0
169,0,0.0,-0.2902259309525459,0.0,0.0,0.0
169,1,0.0,0.0,0.0,0.0,-2.18306163147723
169,2,0.0,0.0,0.0,0.0,0.0
169,3,0.0,0.0,0.0,0.0,0.0
169,4,0.0,0.0,0.0,0.0,0.0
170,0,0.0,-0.2936846794441619,0.0,0.0,0.0
170,1,0.0,0.0,0.0,0.0,-2.1947740567595764
170,2,0.0,0.0,0.0,0.0,0.0
170,3,0.0,0.0,0.0,0.0,0.0
170,4,0.0,0.0,0.0,0.0,0.0
171,0,0.0,-0.29716204782368766,0.0,0.0,0.0
171,1,0.0,0.0,0.0,0.0,-2.206449859272608
171,2,0.0,0.0,0.0,0.0,0.0
171,3,0.0,0.0,0.0,0.0,0.0
171,4,0.0,0.0,0.0,0.0,0.0
172,0,0.0,-0.30065789828594747,0.0,0.0,0.0
172,1,0.0,0.0,0.0,0.0,-2.2130891712174443
172,2,0.0,0.0,0.0,0.0,0.0
172,3,0.0,0.0,0.0,0.0,0.0
172,4,0.0,0.0,0.0,0.0,0.0
173,0,0.0,-0.3041599927993587,0.0,0.0,0.0
173,1,0.0,0.0,0.0,0.0,-2.2222087893442777
173,2,0.0,0.0,0.0,0.0,0.0
173,3,0.0,0.0,0.0,0.0,0.0
173,4,0.0,0.0,0.0,0.0,0.0
174,0,0.0,-0.3076743186072748,0.0,0.0,0.0
174,1,0.0,0.0,0.0,0.0,-2.2313004498046975
174,2,0.0,0.0,0.0,0.0,0.0
174,3,0.0,0.0,0.0,0.0,0.0
174,4,0.0,0.0,0.0,0.0,0.0
175,0,0.0,-0.31120077595150003,0.0,0.0,0.0
175,1,0.0,0.0,0.0,0.0,-2.2353642522651302
175,2,0.0,0.0,0.0,0.0,0.0
175,3,0.0,0.0,0.0,0.0,0.0
175,4,0.0,0.0,0.0,0.0,0.0
176,0,0.0,-0.3147271650378363,0.0,0.0,0.0
176,1,0.0,0.0,0.0,0.0,-2.2494169610712973
176,2,0.0,0.0,0.0,0.0,0.0
176,3,0.0,0.0,0.0,0.0,0.0
176,4,0.0,0.0,0.0,0.0,0.0
177,0,0.0,-0.31827766287436254,0.0,0.0,0.0
177,1,0.0,0.0,0.0,0.0,-2.2559252825029197
177,2,0.0,0.0,0.0,0.0,0.0
177,3,0.0,0.0,0.0,0.0,0.0
177,4,0.0,0.0,0.0,0.0,0.0
178,0,0.0,-0.3218339447271153,0.0,0.0,0.0
178,1,0.0,0.0,0.0,0.0,-2.2649143754098318
178,2,0.0,0.0,0.0,0.0,0.0
178,3,0.0,0.0,0.0,0.0,0.0
178,4,0.0,0.0,0.0,0.0,0.0
179,0,0.0,-0.32540200086715687,0.0,0.0,0.0
179,1,0.0,0.0,0.0,0.0,-2.2813759741487476
179,2,0.0,0.0,0.0,0.0,0.0
179,3,0.0,0.0,0.0,0.0,0.0
179,4,0.0,0.0,0.0,0.0,0.0
180,0,0.0,-0.328999888721758,0.0,0.0,0.0
180,1,0.0,0.0,0.0,0.0,-2.290285179001427
180,2,0.0,0.0,0.0,0.0,0.0
180,3,0.0,0.0,0.0,0.0,0.0
180,4,0.0,0.0,0.0,0.0,0.0
181,0,0.0,-0.3326092448488522,0.0,0.0,0.0
181,1,0.0,0.0,0.0,0.0,-2.304167178797597
181,2,0.0,0.0,0.0,0.0,0.0
181,3,0.0,0.0,0.0,0.0,0.0
181,4,0.0,0.0,0.0,0.0,0.0
182,0,0.0,-0.3362420790884812,0.0,0.0,0.0
182,1,0.0,0.0,0.0,0.0,-2.310505405221698
182,2,0.0,0.0,0.0,0.0,0.0
182,3,0.0,0.0,0.0,0.0,0.0
182,4,0.0,0.0,0.0,0.0,0.0
183,0,0.0,-0.33988006248518504,0.0,0.0,0.0
183,1,0.0,0.0,0.0,0.0,-2.3218250147344164
183,2,0.0,0.0,0.0,0.0,0.0
183,3,0.0,0.0,0.0,0.0,0.0
183,4,0.0,0.0,0.0,0.0,0.0
184,0,0.0,-0.3435352441870345,0.0,0.0,0.0
184,1,0.0,0.0,0.0,0.0,-2.3281094067807198
184,2,0.0,0.0,0.0,0.0,0.0
184,3,0.0,0.0,0.0,0.0,0.0
184,4,0.0,0.0,0.0,0.0,0.0
185,0,0.0,-0.34719538586735554,0.0,0.0,0.0
185,1,0.0,0.0,0.0,0.0,-2.3393753731784934
185,2,0.0,0.0,0.0,0.0,0.0
185,3,0.0,0.0,0.0,0.0,0.0
185,4,0.0,0.0,0.0,0.0,0.0
186,0,0.0,-0.35087253803536655,0.0,0.0,0.0
186,1,0.0,0.0,0.0,0.0,-2.353106312634749
186,2,0.0,0.0,0.0,0.0,0.0
186,3,0.0,0.0,0.0,0.0,0.0
186,4,0.0,0.0,0.0,0.0,0.0
187,0,0.0,-0.35457262482362156,0.0,0.0,0.0
187,1,0.0,0.0,0.0,0.0,-2.364294018635334
187,2,0.0,0.0,0.0,0.0,0.0
187,3,0.0,0.0,0.0,0.0,0.0
187,4,0.0,0.0,0.0,0.0,0.0
188,0,0.0,-0.3582894253607145,0.0,0.0,0.0
188,1,0.0,0.0,0.0,0.0,-2.3754469804843406
188,2,0.0,0.0,0.0,0.0,0.0
188,3,0.0,0.0,0.0,0.0,0.0
188,4,0.0,0.0,0.0,0.0,0.0
189,0,0.0,-0.36202281082757565,0.0,0.0,0.0
189,1,0.0,0.0,0.0,0.0,-2.386565323096088
189,2,0.0,0.0,0.0,0.0,0.0
189,3,0.0,0.0,0.0,0.0,0.0
189,4,0.0,0.0,0.0,0.0,0.0
190,0,0.0,-0.3657726530091302,0.0,0.0,0.0
190,1,0.0,0.0,0.0,0.0,-2.4026491708989557
190,2,0.0,0.0,0.0,0.0,0.0
190,3,0.0,0.0,0.0,0.0,0.0
190,4,0.0,0.0,0.0,0.0,0.0
191,0,0.0,-0.3695509374226091,0.0,0.0,0.0
191,1,0.0,0.0,0.0,0.0,-2.4061834304818084
191,2,0.0,0.0,0.0,0.0,0.0
191,3,0.0,0.0,0.0,0.0,0.0
191,4,0.0,0.0,0.0,0.0,0.0
192,0,0.0,-0.37332718331575676,0.0,0.0,0.0
192,1,0.0,0.0,0.0,0.0,-2.4147070479245962
192,2,0.0,0.0,0.0,0.0,0.0
192,3,0.0,0.0,0.0,0.0,0.0
192,4,0.0,0.0,0.0,0.0,0.0
193,0,0.0,-0.37711348598703587,0.0,0.0,0.0
193,1,0.0,0.0,0.0,0.0,-2.420704842021193
193,2,0.0,0.0,0.0,0.0,0.0
193,3,0.0,0.0,0.0,0.0,0.0
193,4,0.0,0.0,0.0,0.0,0.0
194,0,0.0,-0.38090370053237815,0.0,0.0,0.0
194,1,0.0,0.0,0.0,0.0,-2.4291852366901674
194,2,0.0,0.0,0.0,0.0,0.0
194,3,0.0,0.0,0.0,0.0,0.0
194,4,0.0,0.0,0.0,0.0,0.0
195,0,0.0,-0.3847038319600453,0.0,0.0,0.0
195,1,0.0,0.0,0.0,0.0,-2.4351399591897103
195,2,0.0,0.0,0.0,0.0,0.0
195,3,0.0,0.0,0.0,0.0,0.0
195,4,0.0,0.0,0.0,0.0,0.0
196,0,0.0,-0.38850773647330117,0.0,0.0,0.0
196,1,0.0,0.0,0.0,0.0,-2.438580138646695
196,2,0.0,0.0,0.0,0.0,0.0
196,3,0.0,0.0,0.0,0.0,0.0
196,4,0.0,0.0,0.0,0.0,0.0
197,0,0.0,-0.3923093159686141,0.0,0.0,0.0
197,1,0.0,0.0,0.0,0.0,-2.4470087419890105
197,2,0.0,0.0,0.0,0.0,0.0
197,3,0.0,0.0,0.0,0.0,0.0
197,4,0.0,0.0,0.0,0.0,0.0
198,0,0.0,-0.39612066120382156,0.0,0.0,0.0
198,1,0.0,0.0,0.0,0.0,-2.4504151195368893
198,2,0.0,0.0,0.0,0.0,0.0
198,3,0.0,0.0,0.0,0.0,0.0
198,4,0.0,0.0,0.0,0.0,0.0
199,0,0.0,-0.39992958427485936,0.0,0.0,0.0
199,1,0.0,0.0,0.0,0.0,-2.4638094734374905
199,2,0.0,0.0,0.0,0.0,0.0
199,3,0.0,0.0,0.0,0.0,0.0
199,4,0.0,0.0,0.0,0.0,0.0
200,0,0.0,-0.4037602823075006,0.0,0.0,0.0
200,1,0.0,0.0,0.0,0.0,-2.474661785465592
200,2,0.0,0.0,0.0,0.0,0.0
200,3,0.0,0.0,0.0,0.0,0.0
200,4,0.0,0.0,0.0,0.0,0.0
201,0,0.0,-0.40760653986797296,0.0,0.0,0.0
201,1,0.0,0.0,0.0,0.0,-2.4879805403386626
201,2,0.0,0.0,0.0,0.0,0.0
201,3,0.0,0.0,0.0,0.0,0.0
201,4,0.0,0.0,0.0,0.0,0.0
202,0,0.0,-0.41147428943527214,0.0,0.0,0.0
202,1,0.0,0.0,0.0,0.0,-2.491264262524036
202,2,0.0,0.0,0.0,0.0,0.0
202,3,0.0,0.0,0.0,0.0,0.0
202,4,0.0,0.0,0.0,0.0,0.0
203,0,0.0,-0.4153391662319882,0.0,0.0,0.0
203,1,0.0,0.0,0.0,0.0,-2.4995329271954283
203,2,0.0,0.0,0.0,0.0,0.0
203,3,0.0,0.0,0.0,0.0,0.0
203,4,0.0,0.0,0.0,0.0,0.0
204,0,0.0,-0.41921325425802625,0.0,0.0,0.0
204,1,0.0,0.0,0.0,0.0,-2.5027843538201857
204,2,0.0,0.0,0.0,0.0,0.0
204,3,0.0,0.0,0.0,0.0,0.0
204,4,0.0,0.0,0.0,0.0,0.0
205,0,0.0,-0.42308437921708464,0.0,0.0,0.0
205,1,0.0,0.0,0.0,0.0,-2.5085198792736354
205,2,0.0,0.0,0.0,0.0,0.0
205,3,0.0,0.0,0.0,0.0,0.0
205,4,0.0,0.0,0.0,0.0,0.0
206,0,0.0,-0.42695856766618984,0.0,0.0,0.0
206,1,0.0,0.0,0.0,0.0,-2.5117472426848977
206,2,0.0,0.0,0.0,0.0,0.0
206,3,0.0,0.0,0.0,0.0,0.0
206,4,0.0,0.0,0.0,0.0,0.0
207,0,0.0,-0.4308297410497665,0.0,0.0,0.0
207,1,0.0,0.0,0.0,0.0,-2.5199581532873436
207,2,0.0,0.0,0.0,0.0,0.0
207,3,0.0,0.0,0.0,0.0,0.0
207,4,0.0,0.0,0.0,0.0,0.0
208,0,0.0,-0.4347099762802982,0.0,0.0,0.0
208,1,0.0,0.0,0.0,0.0,-2.5306443310322138
208,2,0.0,0.0,0.0,0.0,0.0
208,3,0.0,0.0,0.0,0.0,0.0
208,4,0.0,0.0,0.0,0.0,0.0
209,0,0.0,-0.43860524284638813,0.0,0.0,0.0
209,1,0.0,0.0,0.0,0.0,-2.5338084227772537
209,2,0.0,0.0,0.0,0.0,0.0
209,3,0.0,0.0,0.0,0.0,0.0
209,4,0.0,0.0,0.0,0.0,0.0
210,0,0.0,-0.44249728852571785,0.0,0.0,0.0
210,1,0.0,0.0,0.0,0.0,-2.546953707203636
210,2,0.0,0.0,0.0,0.0,0.0
210,3,0.0,0.0,0.0,0.0,0.0
210,4,0.0,0.0,0.0,0.0,0.0
211,0,0.0,-0.446410289523645,0.0,0.0,0.0
211,1,0.0,0.0,0.0,0.0,-2.5575578232889424
211,2,0.0,0.0,0.0,0.0,0.0
211,3,0.0,0.0,0.0,0.0,0.0
211,4,0.0,0.0,0.0,0.0,0.0
212,0,0.0,-0.45033803613456813,0.0,0.0,0.0
212,1,0.0,0.0,0.0,0.0,-2.5681292524096624
212,2,0.0,0.0,0.0,0.0,0.0
212,3,0.0,0.0,0.0,0.0,0.0
212,4,0.0,0.0,0.0,0.0,0.0
213,0,0.0,-0.45428040948456977,0.0,0.0,0.0
213,1,0.0,0.0,0.0,0.0,-2.5811681115845886
213,2,0.0,0.0,0.0,0.0,0.0
213,3,0.0,0.0,0.0,0.0,0.0
213,4,0.0,0.0,0.0,0.0,0.0
214,0,0.0,-0.45824334542422535,0.0,0.0,0.0
214,1,0.0,0.0,0.0,0.0,-2.5891661848461567
214,2,0.0,0.0,0.0,0.0,0.0
214,3,0.0,0.0,0.0,0.0,0.0
214,4,0.0,0.0,0.0,0.0,0.0
215,0,0.0,-0.4622145806222616,0.0,0.0,0.0
215,1,0.0,0.0,0.0,0.0,-2.5921616131436798
215,2,0.0,0.0,0.0,0.0,0.0
215,3,0.0,0.0,0.0,0.0,0.0
215,4,0.0,0.0,0.0,0.0,0.0
216,0,0.0,-0.4661819811992441,0.0,0.0,0.0
216,1,0.0,0.0,0.0,0.0,-2.595149904404983
216,2,0.0,0.0,0.0,0.0,0.0
216,3,0.0,0.0,0.0,0.0,0.0
216,4,0.0,0.0,0.0,0.0,0.0
217,0,0.0,-0.47014554445546314,0.0,0.0,0.0
217,1,0.0,0.0,0.0,0.0,-2.600609371937105
217,2,0.0,0.0,0.0,0.0,0.0
217,3,0.0,0.0,0.0,0.0,0.0
217,4,0.0,0.0,0.0,0.0,0.0
218,0,0.0,-0.4741112654690086,0.0,0.0,0.0
218,1,0.0,0.0,0.0,0.0,-2.6085533266844347
218,2,0.0,0.0,0.0,0.0,0.0
218,3,0.0,0.0,0.0,0.0,0.0
218,4,0.0,0.0,0.0,0.0,0.0
219,0,0.0,-0.4780851548922564,0.0,0.0,0.0
219,1,0.0,0.0,0.0,0.0,-2.616473488692979
219,2,0.0,0.0,0.0,0.0,0.0
219,3,0.0,0.0,0.0,0.0,0.0
219,4,0.0,0.0,0.0,0.0,0.0
220,0,0.0,-0.4820671337970285,0.0,0.0,0.0
220,1,0.0,0.0,0.0,0.0,-2.6268699415889123
220,2,0.0,0.0,0.0,0.0,0.0
220,3,0.0,0.0,0.0,0.0,0.0
220,4,0.0,0.0,0.0,0.0,0.0
221,0,0.0,-0.48606317570837354,0.0,0.0,0.0
221,1,0.0,0.0,0.0,0.0,-2.639734436145677
221,2,0.0,0.0,0.0,0.0,0.0
221,3,0.0,0.0,0.0,0.0,0.0
221,4,0.0,0.0,0.0,0.0,0.0
222,0,0.0,-0.4900792179011231,0.0,0.0,0.0
222,1,0.0,0.0,0.0,0.0,-2.6450587540616373
222,2,0.0,0.0,0.0,0.0,0.0
222,3,0.0,0.0,0.0,0.0,0.0
222,4,0.0,0.0,0.0,0.0,0.0
223,0,0.0,-0.4940969505543919,0.0,0.0,0.0
223,1,0.0,0.0,0.0,0.0,-2.6578680379658373
223,2,0.0,0.0,0.0,0.0,0.0
223,3,0.0,0.0,0.0,0.0,0.0
223,4,0.0,0.0,0.0,0.0,0.0
224,0,0.0,-0.4981344919437751,0.0,0.0,0.0
224,1,0.0,0.0,0.0,0.0,-2.6631373409952888
224,2,0.0,0.0,0.0,0.0,0.0
224,3,0.0,0.0,0.0,0.0,0.0
224,4,0.0,0.0,0.0,0.0,0.0
225,0,0.0,-0.5021735329831357,0.0,0.0,0.0
225,1,0.0,0.0,0.0,0.0,-2.670891805024432
225,2,0.0,0.0,0.0,0.0,0.0
225,3,0.0,0.0,0.0,0.0,0.0
225,4,0.0,0.0,0.0,0.0,0.0
226,0,0.0,-0.5062200879575087,0.0,0.0,0.0
226,1,0.0,0.0,0.0,0.0,-2.6836231475034515
226,2,0.0,0.0,0.0,0.0,0.0
226,3,0.0,0.0,0.0,0.0,0.0
226,4,0.0,0.0,0.0,0.0,0.0
227,0,0.0,-0.5102861862146855,0.0,0.0,0.0
227,1,0.0,0.0,0.0,0.0,-2.6888147844085126
227,2,0.0,0.0,0.0,0.0,0.0
227,3,0.0,0.0,0.0,0.0,0.0
227,4,0.0,0.0,0.0,0.0,0.0
228,0,0.0,-0.5143535203048472,0.0,0.0,0.0
228,1,0.0,0.0,0.0,0.0,-2.69899185655568
228,2,0.0,0.0,0.0,0.0,0.0
228,3,0.0,0.0,0.0,0.0,0.0
228,4,0.0,0.0,0.0,0.0,0.0
229,0,0.0,-0.5184341581301497,0.0,0.0,0.0
229,1,0.0,0.0,0.0,0.0,-2.706637747808693
229,2,0.0,0.0,0.0,0.0,0.0
229,3,0.0,0.0,0.0,0.0,0.0
229,4,0.0,0.0,0.0,0.0,0.0
230,0,0.0,-0.522521935730608,0.0,0.0,0.0
230,1,0.0,0.0,0.0,0.0,-2.714260901934967
230,2,0.0,0.0,0.0,0.0,0.0
230,3,0.0,0.0,0.0,0.0,0.0
230,4,0.0,0.0,0.0,0.0,0.0
231,0,0.0,-0.5266167795224281,0.0,0.0,0.0
231,1,0.0,0.0,0.0,0.0,-2.7193613984949794
231,2,0.0,0.0,0.0,0.0,0.0
231,3,0.0,0.0,0.0,0.0,0.0
231,4,0.0,0.0,0.0,0.0,0.0
232,0,0.0,-0.5307125644845357,0.0,0.0,0.0
232,1,0.0,0.0,0.0,0.0,-2.7319476492776853
232,2,0.0,0.0,0.0,0.0,0.0
232,3,0.0,0.0,0.0,0.0,0.0
232,4,0.0,0.0,0.0,0.0,0.0
233,0,0.0,-0.5348274107883516,0.0,0.0,0.0
233,1,0.0,0.0,0.0,0.0,-2.7369947043959604
233,2,0.0,0.0,0.0,0.0,0.0
233,3,0.0,0.0,0.0,0.0,0.0
233,4,0.0,0.0,0.0,0.0,0.0
234,0,0.0,-0.5389430153589891,0.0,0.0,0.0
234,1,0.0,0.0,0.0,0.0,-2.7470277027123426
234,2,0.0,0.0,0.0,0.0,0.0
234,3,0.0,0.0,0.0,0.0,0.0
234,4,0.0,0.0,0.0,0.0,0.0
235,0,0.0,-0.5430714473188093,0.0,0.0,0.0
235,1,0.0,0.0,0.0,0.0,-2.7520300261449377
235,2,0.0,0.0,0.0,0.0,0.0
235,3,0.0,0.0,0.0,0.0,0.0
235,4,0.0,0.0,0.0,0.0,0.0
236,0,0.0,-0.547200494416756,0.0,0.0,0.0
236,1,0.0,0.0,0.0,0.0,-2.764518449055749
236,2,0.0,0.0,0.0,0.0,0.0
236,3,0.0,0.0,0.0,0.0,0.0
236,4,0.0,0.0,0.0,0.0,0.0
237,0,0.0,-0.5513482774327597,0.0,0.0,0.0
237,1,0.0,0.0,0.0,0.0,-2.7719680202342354
237,2,0.0,0.0,0.0,0.0,0.0
237,3,0.0,0.0,0.0,0.0,0.0
237,4,0.0,0.0,0.0,0.0,0.0
238,0,0.0,-0.5555025475520776,0.0,0.0,0.0
238,1,0.0,0.0,0.0,0.0,-2.7793955446925103
238,2,0.0,0.0,0.0,0.0,0.0
238,3,0.0,0.0,0.0,0.0,0.0
238,4,0.0,0.0,0.0,0.0,0.0
239,0,0.0,-0.5596632346476548,0.0,0.0,0.0
239,1,0.0,0.0,0.0,0.0,-2.7843010993446518
239,2,0.0,0.0,0.0,0.0,0.0
239,3,0.0,0.0,0.0,0.0,0.0
239,4,0.0,0.0,0.0,0.0,0.0
240,0,0.0,-0.5638242179287799,0.0,0.0,0.0
240,1,0.0,0.0,0.0,0.0,-2.7867799739949772
240,2,0.0,0.0,0.0,0.0,0.0
240,3,0.0,0.0,0.0,0.0,0.0
240,4,0.0,0.0,0.0,0.0,0.0
241,0,0.0,-0.5679796330646688,0.0,0.0,0.0
241,1,0.0,0.0,0.0,0.0,-2.799166376435383
241,2,0.0,0.0,0.0,0.0,0.0
241,3,0.0,0.0,0.0,0.0,0.0
241,4,0.0,0.0,0.0,0.0,0.0
242,0,0.0,-0.5721534681718603,0.0,0.0,0.0
242,1,0.0,0.0,0.0,0.0,-2.8016086265014986
242,2,0.0,0.0,0.0,0.0,0.0
242,3,0.0,0.0,0.0,0.0,0.0
242,4,0.0,0.0,0.0,0.0,0.0
243,0,0.0,-0.5763216145733073,0.0,0.0,0.0
243,1,0.0,0.0,0.0,0.0,-2.8040456687509883
243,2,0.0,0.0,0.0,0.0,0.0
243,3,0.0,0.0,0.0,0.0,0.0
243,4,0.0,0.0,0.0,0.0,0.0
244,0,0.0,-0.5804840794108105,0.0,0.0,0.0
244,1,0.0,0.0,0.0,0.0,-2.8188826440928083
244,2,0.0,0.0,0.0,0.0,0.0
244,3,0.0,0.0,0.0,0.0,0.0
244,4,0.0,0.0,0.0,0.0,0.0
245,0,0.0,-0.5846708766798261,0.0,0.0,0.0
245,1,0.0,0.0,0.0,0.0,-2.821277315346052
245,2,0.0,0.0,0.0,0.0,0.0
245,3,0.0,0.0,0.0,0.0,0.0
245,4,0.0,0.0,0.0,0.0,0.0
246,0,0.0,-0.5888518407347331,0.0,0.0,0.0
246,1,0.0,0.0,0.0,0.0,-2.828562311198252
246,2,0.0,0.0,0.0,0.0,0.0
246,3,0.0,0.0,0.0,0.0,0.0
246,4,0.0,0.0,0.0,0.0,0.0
247,0,0.0,-0.5930388144615578,0.0,0.0,0.0
247,1,0.0,0.0,0.0,0.0,-2.8358258272863814
247,2,0.0,0.0,0.0,0.0,0.0
247,3,0.0,0.0,0.0,0.0,0.0
247,4,0.0,0.0,0.0,0.0,0.0
248,0,0.0,-0.5972317303732622,0.0,0.0,0.0
248,1,0.0,0.0,0.0,0.0,-2.8505679383809297
248,2,0.0,0.0,0.0,0.0,0.0
248,3,0.0,0.0,0.0,0.0,0.0
248,4,0.0,0.0,0.0,0.0,0.0
249,0,0.0,-0.6014486672655747,0.0,0.0,0.0
249,1,0.0,0.0,0.0,0.0,-2.8528867404101534
249,2,0.0,0.0,0.0,0.0,0.0
249,3,0.0,0.0,0.0,0.0,0.0
249,4,0.0,0.0,0.0,0.0,0.0
250,0,0.0,-0.6056595102328162,0.0,0.0,0.0
250,1,0.0,0.0,0.0,0.0,-2.862577451405214
250,2,0.0,0.0,0.0,0.0,0.0
250,3,0.0,0.0,0.0,0.0,0.0
250,4,0.0,0.0,0.0,0.0,0.0
251,0,0.0,-0.6098821040487276,0.0,0.0,0.0
251,1,0.0,0.0,0.0,0.0,-2.869738681042577
251,2,0.0,0.0,0.0,0.0,0.0
251,3,0.0,0.0,0.0,0.0,0.0
251,4,0.0,0.0,0.0,0.0,0.0
252,0,0.0,-0.6141102971217074,0.0,0.0,0.0
252,1,0.0,0.0,0.0,0.0,-2.879378866601512
252,2,0.0,0.0,0.0,0.0,0.0
252,3,0.0,0.0,0.0,0.0,0.0
252,4,0.0,0.0,0.0,0.0,0.0
253,0,0.0,-0.6183500722433996,0.0,0.0,0.0
253,1,0.0,0.0,0.0,0.0,-2.888989748648145
253,2,0.0,0.0,0.0,0.0,0.0
253,3,0.0,0.0,0.0,0.0,0.0
253,4,0.0,0.0,0.0,0.0,0.0
254,0,0.0,-0.6226013270210123,0.0,0.0,0.0
254,1,0.0,0.0,0.0,0.0,-2.8935714312471226
254,2,0.0,0.0,0.0,0.0,0.0
254,3,0.0,0.0,0.0,0.0,0.0
254,4,0.0,0.0,0.0,0.0,0.0
255,0,0.0,-0.6268518633615551,0.0,0.0,0.0
255,1,0.0,0.0,0.0,0.0,-2.8957908315196272
255,2,0.0,0.0,0.0,0.0,0.0
255,3,0.0,0.0,0.0,0.0,0.0
255,4,0.0,0.0,0.0,0.0,0.0
256,0,0.0,-0.6310959837195167,0.0,0.0,0.0
256,1,0.0,0.0,0.0,0.0,-2.9028553279022056
256,2,0.0,0.0,0.0,0.0,0.0
256,3,0.0,0.0,0.0,0.0,0.0
256,4,0.0,0.0,0.0,0.0,0.0
257,0,0.0,-0.6353454158215696,0.0,0.0,0.0
257,1,0.0,0.0,0.0,0.0,-2.907399114446349
257,2,0.0,0.0,0.0,0.0,0.0
257,3,0.0,0.0,0.0,0.0,0.0
257,4,0.0,0.0,0.0,0.0,0.0
258,0,0.0,-0.6395940496036674,0.0,0.0,0.0
258,1,0.0,0.0,0.0,0.0,-2.909588006717205
258,2,0.0,0.0,0.0,0.0,0.0
258,3,0.0,0.0,0.0,0.0,0.0
258,4,0.0,0.0,0.0,0.0,0.0
259,0,0.0,-0.6438362077981509,0.0,0.0,0.0
259,1,0.0,0.0,0.0,0.0,-2.914114824261825
259,2,0.0,0.0,0.0,0.0,0.0
259,3,0.0,0.0,0.0,0.0,0.0
259,4,0.0,0.0,0.0,0.0,0.0
260,0,0.0,-0.6480775521252536,0.0,0.0,0.0
260,1,0.0,0.0,0.0,0.0,-2.926129388978494
260,2,0.0,0.0,0.0,0.0,0.0
260,3,0.0,0.0,0.0,0.0,0.0
260,4,0.0,0.0,0.0,0.0,0.0
261,0,0.0,-0.6523361916465695,0.0,0.0,0.0
261,1,0.0,0.0,0.0,0.0,-2.930606743401855
261,2,0.0,0.0,0.0,0.0,0.0
261,3,0.0,0.0,0.0,0.0,0.0
261,4,0.0,0.0,0.0,0.0,0.0
262,0,0.0,-0.6565938536258488,0.0,0.0,0.0
262,1,0.0,0.0,0.0,0.0,-2.937572018846682
262,2,0.0,0.0,0.0,0.0,0.0
262,3,0.0,0.0,0.0,0.0,0.0
262,4,0.0,0.0,0.0,0.0,0.0
263,0,0.0,-0.6608565580555333,0.0,0.0,0.0
263,1,0.0,0.0,0.0,0.0,-2.9396943783707274
263,2,0.0,0.0,0.0,0.0,0.0
263,3,0.0,0.0,0.0,0.0,0.0
263,4,0.0,0.0,0.0,0.0,0.0
264,0,0.0,-0.6651125985098616,0.0,0.0,0.0
264,1,0.0,0.0,0.0,0.0,-2.954134823850991
264,2,0.0,0.0,0.0,0.0,0.0
264,3,0.0,0.0,0.0,0.0,0.0
264,4,0.0,0.0,0.0,0.0,0.0
265,0,0.0,-0.6693917607025333,0.0,0.0,0.0
265,1,0.0,0.0,0.0,0.0,-2.9685299818825315
265,2,0.0,0.0,0.0,0.0,0.0
265,3,0.0,0.0,0.0,0.0,0.0
265,4,0.0,0.0,0.0,0.0,0.0
266,0,0.0,-0.6736938723701094,0.0,0.0,0.0
266,1,0.0,0.0,0.0,0.0,-2.970585156757881
266,2,0.0,0.0,0.0,0.0,0.0
266,3,0.0,0.0,0.0,0.0,0.0
266,4,0.0,0.0,0.0,0.0,0.0
267,0,0.0,-0.6779890501699163,0.0,0.0,0.0
267,1,0.0,0.0,0.0,0.0,-2.9799309471846103
267,2,0.0,0.0,0.0,0.0,0.0
267,3,0.0,0.0,0.0,0.0,0.0
267,4,0.0,0.0,0.0,0.0,0.0
268,0,0.0,-0.6822949254873977,0.0,0.0,0.0
268,1,0.0,0.0,0.0,0.0,-2.99174845346024
268,2,0.0,0.0,0.0,0.0,0.0
268,3,0.0,0.0,0.0,0.0,0.0
268,4,0.0,0.0,0.0,0.0,0.0
269,0,0.0,-0.6866174452442069,0.0,0.0,0.0
269,1,0.0,0.0,0.0,0.0,-2.9937550257041403
269,2,0.0,0.0,0.0,0.0,0.0
269,3,0.0,0.0,0.0,0.0,0.0
269,4,0.0,0.0,0.0,0.0,0.0
270,0,0.0,-0.6909328620285098,0.0,0.0,0.0
270,1,0.0,0.0,0.0,0.0,-3.000531921475066
270,2,0.0,0.0,0.0,0.0,0.0
270,3,0.0,0.0,0.0,0.0,0.0
270,4,0.0,0.0,0.0,0.0,0.0
271,0,0.0,-0.6952527120398644,0.0,0.0,0.0
271,1,0.0,0.0,0.0,0.0,-3.014789107248772
271,2,0.0,0.0,0.0,0.0,0.0
271,3,0.0,0.0,0.0,0.0,0.0
271,4,0.0,0.0,0.0,0.0,0.0
272,0,0.0,-0.6995950675598707,0.0,0.0,0.0
272,1,0.0,0.0,0.0,0.0,-3.024001653454492
272,2,0.0,0.0,0.0,0.0,0.0
272,3,0.0,0.0,0.0,0.0,0.0
272,4,0.0,0.0,0.0,0.0,0.0
273,0,0.0,-0.7039476703432317,0.0,0.0,0.0
273,1,0.0,0.0,0.0,0.0,-3.028186386657797
273,2,0.0,0.0,0.0,0.0,0.0
273,3,0.0,0.0,0.0,0.0,0.0
273,4,0.0,0.0,0.0,0.0,0.0
274,0,0.0,-0.7082983372539825,0.0,0.0,0.0
274,1,0.0,0.0,0.0,0.0,-3.0301190321181286
274,2,0.0,0.0,0.0,0.0,0.0
274,3,0.0,0.0,0.0,0.0,0.0
274,4,0.0,0.0,0.0,0.0,0.0
275,0,0.0,-0.7126416536385586,0.0,0.0,0.0
275,1,0.0,0.0,0.0,0.0,-3.034288846027622
275,2,0.0,0.0,0.0,0.0,0.0
275,3,0.0,0.0,0.0,0.0,0.0
275,4,0.0,0.0,0.0,0.0,0.0
276,0,0.0,-0.716983029171784,0.0,0.0,0.0
276,1,0.0,0.0,0.0,0.0,-3.045947655517364
276,2,0.0,0.0,0.0,0.0,0.0
276,3,0.0,0.0,0.0,0.0,0.0
276,4,0.0,0.0,0.0,0.0,0.0
277,0,0.0,-0.7213405713322278,0.0,0.0,0.0
277,1,0.0,0.0,0.0,0.0,-3.0500704983505504
277,2,0.0,0.0,0.0,0.0,0.0
277,3,0.0,0.0,0.0,0.0,0.0
277,4,0.0,0.0,0.0,0.0,0.0
278,0,0.0,-0.7256960213341097,0.0,0.0,0.0
278,1,0.0,0.0,0.0,0.0,-3.056682501089764
278,2,0.0,0.0,0.0,0.0,0.0
278,3,0.0,0.0,0.0,0.0,0.0
278,4,0.0,0.0,0.0,0.0,0.0
279,0,0.0,-0.7300554026482282,0.0,0.0,0.0
279,1,0.0,0.0,0.0,0.0,-3.058559261060713
279,2,0.0,0.0,0.0,0.0,0.0
279,3,0.0,0.0,0.0,0.0,0.0
279,4,0.0,0.0,0.0,0.0,0.0
280,0,0.0,-0.7344072864077253,0.0,0.0,0.0
280,1,0.0,0.0,0.0,0.0,-3.0676484198132004
280,2,0.0,0.0,0.0,0.0,0.0
280,3,0.0,0.0,0.0,0.0,0.0
280,4,0.0,0.0,0.0,0.0,0.0
281,0,0.0,-0.7387691001816807,0.0,0.0,0.0
281,1,0.0,0.0,0.0,0.0,-3.0792101830819916
281,2,0.0,0.0,0.0,0.0,0.0
281,3,0.0,0.0,0.0,0.0,0.0
281,4,0.0,0.0,0.0,0.0,0.0
282,0,0.0,-0.7431467918645718,0.0,0.0,0.0
282,1,0.0,0.0,0.0,0.0,-3.0907363151568066
282,2,0.0,0.0,0.0,0.0,0.0
282,3,0.0,0.0,0.0,0.0,0.0
282,4,0.0,0.0,0.0,0.0,0.0
283,0,0.0,-0.747540231779273,0.0,0.0,0.0
283,1,0.0,0.0,0.0,0.0,-3.1047269437311256
283,2,0.0,0.0,0.0,0.0,0.0
283,3,0.0,0.0,0.0,0.0,0.0
283,4,0.0,0.0,0.0,0.0,0.0
284,0,0.0,-0.7519553330299529,0.0,0.0,0.0
284,1,0.0,0.0,0.0,0.0,-3.1136738634700407
284,2,0.0,0.0,0.0,0.0,0.0
284,3,0.0,0.0,0.0,0.0,0.0
284,4,0.0,0.0,0.0,0.0,0.0
285,0,0.0,-0.7563798456309221,0.0,0.0,0.0
285,1,0.0,0.0,0.0,0.0,-3.1250938973857068
285,2,0.0,0.0,0.0,0.0,0.0
285,3,0.0,0.0,0.0,0.0,0.0
285,4,0.0,0.0,0.0,0.0,0.0
286,0,0.0,-0.760819721419206,0.0,0.0,0.0
286,1,0.0,0.0,0.0,0.0,-3.131478807788262
286,2,0.0,0.0,0.0,0.0,0.0
286,3,0.0,0.0,0.0,0.0,0.0
286,4,0.0,0.0,0.0,0.0,0.0
287,0,0.0,-0.7652627480120918,0.0,0.0,0.0
287,1,0.0,0.0,0.0,0.0,-3.135345782824006
287,2,0.0,0.0,0.0,0.0,0.0
287,3,0.0,0.0,0.0,0.0,0.0
287,4,0.0,0.0,0.0,0.0,0.0
288,0,0.0,-0.7697028325756026,0.0,0.0,0.0
288,1,0.0,0.0,0.0,0.0,-3.1417024210904683
288,2,0.0,0.0,0.0,0.0,0.0
288,3,0.0,0.0,0.0,0.0,0.0
288,4,0.0,0.0,0.0,0.0,0.0
289,0,0.0,-0.7741460019362935,0.0,0.0,0.0
289,1,0.0,0.0,0.0,0.0,-3.148040820652174
289,2,0.0,0.0,0.0,0.0,0.0
289,3,0.0,0.0,0.0,0.0,0.0
289,4,0.0,0.0,0.0,0.0,0.0
290,0,0.0,-0.7785922045705572,0.0,0.0,0.0
290,1,0.0,0.0,0.0,0.0,-3.149750949063705
290,2,0.0,0.0,0.0,0.0,0.0
290,3,0.0,0.0,0.0,0.0,0.0
290,4,0.0,0.0,0.0,0.0,0.0
291,0,0.0,-0.7830302828422583,0.0,0.0,0.0
291,1,0.0,0.0,0.0,0.0,-3.156067954433173
291,2,0.0,0.0,0.0,0.0,0.0
291,3,0.0,0.0,0.0,0.0,0.0
291,4,0.0,0.0,0.0,0.0,0.0
292,0,0.0,-0.787471360193648,0.0,0.0,0.0
292,1,0.0,0.0,0.0,0.0,-3.1598675703633305
292,2,0.0,0.0,0.0,0.0,0.0
292,3,0.0,0.0,0.0,0.0,0.0
292,4,0.0,0.0,0.0,0.0,0.0
293,0,0.0,-0.7919093478761114,0.0,0.0,0.0
293,1,0.0,0.0,0.0,0.0,-3.166156753395746
293,2,0.0,0.0,0.0,0.0,0.0
293,3,0.0,0.0,0.0,0.0,0.0
293,4,0.0,0.0,0.0,0.0,0.0
294,0,0.0,-0.796350270496701,0.0,0.0,0.0
294,1,0.0,0.0,0.0,0.0,-3.17242792216804
294,2,0.0,0.0,0.0,0.0,0.0
294,3,0.0,0.0,0.0,0.0,0.0
294,4,0.0,0.0,0.0,0.0,0.0
295,0,0.0,-0.800794077474194,0.0,0.0,0.0
295,1,0.0,0.0,0.0,0.0,-3.18118113825167
295,2,0.0,0.0,0.0,0.0,0.0
295,3,0.0,0.0,0.0,0.0,0.0
295,4,0.0,0.0,0.0,0.0,0.0
296,0,0.0,-0.8052467572145869,0.0,0.0,0.0
296,1,0.0,0.0,0.0,0.0,-3.1874081304542736
296,2,0.0,0.0,0.0,0.0,0.0
296,3,0.0,0.0,0.0,0.0,0.0
296,4,0.0,0.0,0.0,0.0,0.0
297,0,0.0,-0.8097021834917191,0.0,0.0,0.0
297,1,0.0,0.0,0.0,0.0,-3.1911187890745314
297,2,0.0,0.0,0.0,0.0,0.0
297,3,0.0,0.0,0.0,0.0,0.0
297,4,0.0,0.0,0.0,0.0,0.0
298,0,0.0,-0.8141542723309944,0.0,0.0,0.0
298,1,0.0,0.0,0.0,0.0,-3.1998185693768058
298,2,0.0,0.0,0.0,0.0,0.0
298,3,0.0,0.0,0.0,0.0,0.0
298,4,0.0,0.0,0.0,0.0,0.0
299,0,0.0,-0.8186150842626225,0.0,0.0,0.0
299,1,0.0,0.0,0.0,0.0,-3.2059923082244564
299,2,0.0,0.0,0.0,0.0,0.0
299,3,0.0,0.0,0.0,0.0,0.0
299,4,0.0,0.0,0.0,0.0,0.0
300,0,0.0,-0.8230784947791544,0.0,0.0,0.0
300,1,0.0,0.0,0.0,0.0,-3.2121484298180527
300,2,0.0,0.0,0.0,0.0,0.0
300,3,0.0,0.0,0.0,0.0,0.0
300,4,0.0,0.0,0.0,0.0,0.0
301,0,0.0,-0.8275444551975475,0.0,0.0,0.0
301,1,0.0,0.0,0.0,0.0,-3.223286994229963
301,2,0.0,0.0,0.0,0.0,0.0
301,3,0.0,0.0,0.0,0.0,0.0
301,4,0.0,0.0,0.0,0.0,0.0
302,0,0.0,-0.8320249919237167,0.0,0.0,0.0
302,1,0.0,0.0,0.0,0.0,-3.229391396242379
302,2,0.0,0.0,0.0,0.0,0.0
302,3,0.0,0.0,0.0,0.0,0.0
302,4,0.0,0.0,0.0,0.0,0.0
303,0,0.0,-0.8365079070126942,0.0,0.0,0.0
303,1,0.0,0.0,0.0,0.0,-3.2379784230303432
303,2,0.0,0.0,0.0,0.0,0.0
303,3,0.0,0.0,0.0,0.0,0.0
303,4,0.0,0.0,0.0,0.0,0.0
304,0,0.0,-0.8409991902519839,0.0,0.0,0.0
304,1,0.0,0.0,0.0,0.0,-3.2415435912386696
304,2,0.0,0.0,0.0,0.0,0.0
304,3,0.0,0.0,0.0,0.0,0.0
304,4,0.0,0.0,0.0,0.0,0.0
305,0,0.0,-0.8454866922530749,0.0,0.0,0.0
305,1,0.0,0.0,0.0,0.0,-3.250096057539095
305,2,0.0,0.0,0.0,0.0,0.0
305,3,0.0,0.0,0.0,0.0,0.0
305,4,0.0,0.0,0.0,0.0,0.0
306,0,0.0,-0.849982467853211,0.0,0.0,0.0
306,1,0.0,0.0,0.0,0.0,-3.256122992830062
306,2,0.0,0.0,0.0,0.0,0.0
306,3,0.0,0.0,0.0,0.0,0.0
306,4,0.0,0.0,0.0,0.0,0.0
307,0,0.0,-0.8544803962817843,0.0,0.0,0.0
307,1,0.0,0.0,0.0,0.0,-3.262132819374176
307,2,0.0,0.0,0.0,0.0,0.0
307,3,0.0,0.0,0.0,0.0,0.0
307,4,0.0,0.0,0.0,0.0,0.0
308,0,0.0,-0.8589804313757629,0.0,0.0,0.0
308,1,0.0,0.0,0.0,0.0,-3.2656308436532537
308,2,0.0,0.0,0.0,0.0,0.0
308,3,0.0,0.0,0.0,0.0,0.0
308,4,0.0,0.0,0.0,0.0,0.0
309,0,0.0,-0.8634765046471137,0.0,0.0,0.0
309,1,0.0,0.0,0.0,0.0,-3.2766149338836277
309,2,0.0,0.0,0.0,0.0,0.0
309,3,0.0,0.0,0.0,0.0,0.0
309,4,0.0,0.0,0.0,0.0,0.0
310,0,0.0,-0.8679867015719377,0.0,0.0,0.0
310,1,0.0,0.0,0.0,0.0,-3.2825653929572653
310,2,0.0,0.0,0.0,0.0,0.0
310,3,0.0,0.0,0.0,0.0,0.0
310,4,0.0,0.0,0.0,0.0,0.0
311,0,0.0,-0.872498830451772,0.0,0.0,0.0
311,1,0.0,0.0,0.0,0.0,-3.2884990060428643
311,2,0.0,0.0,0.0,0.0,0.0
311,3,0.0,0.0,0.0,0.0,0.0
311,4,0.0,0.0,0.0,0.0,0.0
312,0,0.0,-0.877012846377002,0.0,0.0,0.0
312,1,0.0,0.0,0.0,0.0,-3.2919231903109787
312,2,0.0,0.0,0.0,0.0,0.0
312,3,0.0,0.0,0.0,0.0,0.0
312,4,0.0,0.0,0.0,0.0,0.0
313,0,0.0,-0.8815226883279218,0.0,0.0,0.0
313,1,0.0,0.0,0.0,0.0,-3.2978315794490993
313,2,0.0,0.0,0.0,0.0,0.0
313,3,0.0,0.0,0.0,0.0,0.0
313,4,0.0,0.0,0.0,0.0,0.0
314,0,0.0,-0.8860343656735151,0.0,0.0,0.0
314,1,0.0,0.0,0.0,0.0,-3.3112232623397304
314,2,0.0,0.0,0.0,0.0,0.0
314,3,0.0,0.0,0.0,0.0,0.0
314,4,0.0,0.0,0.0,0.0,0.0
315,0,0.0,-0.8905659374587114,0.0,0.0,0.0
315,1,0.0,0.0,0.0,0.0,-3.3170732980216435
315,2,0.0,0.0,0.0,0.0,0.0
315,3,0.0,0.0,0.0,0.0,0.0
315,4,0.0,0.0,0.0,0.0,0.0
316,0,0.0,-0.8950991437294731,0.0,0.0,0.0
316,1,0.0,0.0,0.0,0.0,-3.3254068342480116
316,2,0.0,0.0,0.0,0.0,0.0
316,3,0.0,0.0,0.0,0.0,0.0
316,4,0.0,0.0,0.0,0.0,0.0
317,0,0.0,-0.8996399756679108,0.0,0.0,0.0
317,1,0.0,0.0,0.0,0.0,-3.3362155943248286
317,2,0.0,0.0,0.0,0.0,0.0
317,3,0.0,0.0,0.0,0.0,0.0
317,4,0.0,0.0,0.0,0.0,0.0
318,0,0.0,-0.9041943874176265,0.0,0.0,0.0
318,1,0.0,0.0,0.0,0.0,-3.341991332593593
318,2,0.0,0.0,0.0,0.0,0.0
318,3,0.0,0.0,0.0,0.0,0.0
318,4,0.0,0.0,0.0,0.0,0.0
319,0,0.0,-0.908750192323351,0.0,0.0,0.0
319,1,0.0,0.0,0.0,0.0,-3.350250831904252
319,2,0.0,0.0,0.0,0.0,0.0
319,3,0.0,0.0,0.0,0.0,0.0
319,4,0.0,0.0,0.0,0.0,0.0
320,0,0.0,-0.9133133828046569,0.0,0.0,0.0
320,1,0.0,0.0,0.0,0.0,-3.3609858145654528
320,2,0.0,0.0,0.0,0.0,0.0
320,3,0.0,0.0,0.0,0.0,0.0
320,4,0.0,0.0,0.0,0.0,0.0
321,0,0.0,-0.9178899142202822,0.0,0.0,0.0
321,1,0.0,0.0,0.0,0.0,-3.3666880339253784
321,2,0.0,0.0,0.0,0.0,0.0
321,3,0.0,0.0,0.0,0.0,0.0
321,4,0.0,0.0,0.0,0.0,0.0
322,0,0.0,-0.9224676014531288,0.0,0.0,0.0
322,1,0.0,0.0,0.0,0.0,-3.372374271844673
322,2,0.0,0.0,0.0,0.0,0.0
322,3,0.0,0.0,0.0,0.0,0.0
322,4,0.0,0.0,0.0,0.0,0.0
323,0,0.0,-0.9270464039357,0.0,0.0,0.0
323,1,0.0,0.0,0.0,0.0,-3.373738793606394
323,2,0.0,0.0,0.0,0.0,0.0
323,3,0.0,0.0,0.0,0.0,0.0
323,4,0.0,0.0,0.0,0.0,0.0
324,0,0.0,-0.9316159500425013,0.0,0.0,0.0
324,1,0.0,0.0,0.0,0.0,-3.3769256049115723
324,2,0.0,0.0,0.0,0.0,0.0
324,3,0.0,0.0,0.0,0.0,0.0
324,4,0.0,0.0,0.0,0.0,0.0
325,0,0.0,-0.936180607882864,0.0,0.0,0.0
325,1,0.0,0.0,0.0,0.0,-3.3875859986690475
325,2,0.0,0.0,0.0,0.0,0.0
325,3,0.0,0.0,0.0,0.0,0.0
325,4,0.0,0.0,0.0,0.0,0.0
326,0,0.0,-0.9407584250999883,0.0,0.0,0.0
326,1,0.0,0.0,0.0,0.0,-3.3957138808311127
326,2,0.0,0.0,0.0,0.0,0.0
326,3,0.0,0.0,0.0,0.0,0.0
326,4,0.0,0.0,0.0,0.0,0.0
327,0,0.0,-0.9453432541660374,0.0,0.0,0.0
327,1,0.0,0.0,0.0,0.0,-3.4063176997863858
327,2,0.0,0.0,0.0,0.0,0.0
327,3,0.0,0.0,0.0,0.0,0.0
327,4,0.0,0.0,0.0,0.0,0.0
328,0,0.0,-0.9499410508412162,0.0,0.0,0.0
328,1,0.0,0.0,0.0,0.0,-3.4094146830477183
328,2,0.0,0.0,0.0,0.0,0.0
328,3,0.0,0.0,0.0,0.0,0.0
328,4,0.0,0.0,0.0,0.0,0.0
329,0,0.0,-0.95453366682275,0.0,0.0,0.0
329,1,0.0,0.0,0.0,0.0,-3.414978869523174
329,2,0.0,0.0,0.0,0.0,0.0
329,3,0.0,0.0,0.0,0.0,0.0
329,4,0.0,0.0,0.0,0.0,0.0
330,0,0.0,-0.9591270695241443,0.0,0.0,0.0
330,1,0.0,0.0,0.0,0.0,-3.41805422849675
330,2,0.0,0.0,0.0,0.0,0.0
330,3,0.0,0.0,0.0,0.0,0.0
330,4,0.0,0.0,0.0,0.0,0.0
331,0,0.0,-0.9637152557229993,0.0,0.0,0.0
331,1,0.0,0.0,0.0,0.0,-3.4260956520287222
331,2,0.0,0.0,0.0,0.0,0.0
331,3,0.0,0.0,0.0,0.0,0.0
331,4,0.0,0.0,0.0,0.0,0.0
332,0,0.0,-0.9683102203185456,0.0,0.0,0.0
332,1,0.0,0.0,0.0,0.0,-3.429142105974087
332,2,0.0,0.0,0.0,0.0,0.0
332,3,0.0,0.0,0.0,0.0,0.0
332,4,0.0,0.0,0.0,0.0,0.0
333,0,0.0,-0.9728998976090935,0.0,0.0,0.0
333,1,0.0,0.0,0.0,0.0,-3.439652601708011
333,2,0.0,0.0,0.0,0.0,0.0
333,3,0.0,0.0,0.0,0.0,0.0
333,4,0.0,0.0,0.0,0.0,0.0
334,0,0.0,-0.9775023070982894,0.0,0.0,0.0
334,1,0.0,0.0,0.0,0.0,-3.445131099758886
334,2,0.0,0.0,0.0,0.0,0.0
334,3,0.0,0.0,0.0,0.0,0.0
334,4,0.0,0.0,0.0,0.0,0.0
335,0,0.0,-0.9821052747494134,0.0,0.0,0.0
335,1,0.0,0.0,0.0,0.0,-3.4481274549492316
335,2,0.0,0.0,0.0,0.0,0.0
335,3,0.0,0.0,0.0,0.0,0.0
335,4,0.0,0.0,0.0,0.0,0.0
336,0,0.0,-0.9867028160533341,0.0,0.0,0.0
336,1,0.0,0.0,0.0,0.0,-3.451117042715127
336,2,0.0,0.0,0.0,0.0,0.0
336,3,0.0,0.0,0.0,0.0,0.0
336,4,0.0,0.0,0.0,0.0,0.0
337,0,0.0,-0.9912949322521603,0.0,0.0,0.0
337,1,0.0,0.0,0.0,0.0,-3.4523764878973
337,2,0.0,0.0,0.0,0.0,0.0
337,3,0.0,0.0,0.0,0.0,0.0
337,4,0.0,0.0,0.0,0.0,0.0
338,0,0.0,-0.9958775375076567,0.0,0.0,0.0
338,1,0.0,0.0,0.0,0.0,-3.45535729647694
338,2,0.0,0.0,0.0,0.0,0.0
338,3,0.0,0.0,0.0,0.0,0.0
338,4,0.0,0.0,0.0,0.0,0.0
339,0,0.0,-1.0004547436140325,0.0,0.0,0.0
339,1,0.0,0.0,0.0,0.0,-3.4657976292791814
339,2,0.0,0.0,0.0,0.0,0.0
339,3,0.0,0.0,0.0,0.0,0.0
339,4,0.0,0.0,0.0,0.0,0.0
340,0,0.0,-1.0050445504635335,0.0,0.0,0.0
340,1,0.0,0.0,0.0,0.0,-3.473706194092651
340,2,0.0,0.0,0.0,0.0,0.0
340,3,0.0,0.0,0.0,0.0,0.0
340,4,0.0,0.0,0.0,0.0,0.0
341,0,0.0,-1.0096408186100516,0.0,0.0,0.0
341,1,0.0,0.0,0.0,0.0,-3.4790914365290857
341,2,0.0,0.0,0.0,0.0,0.0
341,3,0.0,0.0,0.0,0.0,0.0
341,4,0.0,0.0,0.0,0.0,0.0
342,0,0.0,-1.0142374464569153,0.0,0.0,0.0
342,1,0.0,0.0,0.0,0.0,-3.4869617705187492
342,2,0.0,0.0,0.0,0.0,0.0
342,3,0.0,0.0,0.0,0.0,0.0
342,4,0.0,0.0,0.0,0.0,0.0
343,0,0.0,-1.0188404257927541,0.0,0.0,0.0
343,1,0.0,0.0,0.0,0.0,-3.4923089133724443
343,2,0.0,0.0,0.0,0.0,0.0
343,3,0.0,0.0,0.0,0.0,0.0
343,4,0.0,0.0,0.0,0.0,0.0
344,0,0.0,-1.0234436560279476,0.0,0.0,0.0
344,1,0.0,0.0,0.0,0.0,-3.4935172787018742
344,2,0.0,0.0,0.0,0.0,0.0
344,3,0.0,0.0,0.0,0.0,0.0
344,4,0.0,0.0,0.0,0.0,0.0
345,0,0.0,-1.0280372385569316,0.0,0.0,0.0
345,1,0.0,0.0,0.0,0.0,-3.506347738508796
345,2,0.0,0.0,0.0,0.0,0.0
345,3,0.0,0.0,0.0,0.0,0.0
345,4,0.0,0.0,0.0,0.0,0.0
346,0,0.0,-1.032649140997772,0.0,0.0,0.0
346,1,0.0,0.0,0.0,0.0,-3.50918766484759
346,2,0.0,0.0,0.0,0.0,0.0
346,3,0.0,0.0,0.0,0.0,0.0
346,4,0.0,0.0,0.0,0.0,0.0
347,0,0.0,-1.0372552327305231,0.0,0.0,0.0
347,1,0.0,0.0,0.0,0.0,-3.5103759671168024
347,2,0.0,0.0,0.0,0.0,0.0
347,3,0.0,0.0,0.0,0.0,0.0
347,4,0.0,0.0,0.0,0.0,0.0
348,0,0.0,-1.0418516283256012,0.0,0.0,0.0
348,1,0.0,0.0,0.0,0.0,-3.5181583651033304
348,2,0.0,0.0,0.0,0.0,0.0
348,3,0.0,0.0,0.0,0.0,0.0
348,4,0.0,0.0,0.0,0.0,0.0
349,0,0.0,-1.0464541690591234,0.0,0.0,0.0
349,1,0.0,0.0,0.0,0.0,-3.520969990433702
349,2,0.0,0.0,0.0,0.0,0.0
349,3,0.0,0.0,0.0,0.0,0.0
349,4,0.0,0.0,0.0,0.0,0.0
350,0,0.0,-1.0510508633399067,0.0,0.0,0.0
350,1,0.0,0.0,0.0,0.0,-3.523775475491524
350,2,0.0,0.0,0.0,0.0,0.0
350,3,0.0,0.0,0.0,0.0,0.0
350,4,0.0,0.0,0.0,0.0,0.0
351,0,0.0,-1.0556417150659252,0.0,0.0,0.0
351,1,0.0,0.0,0.0,0.0,-3.529022209898166
351,2,0.0,0.0,0.0,0.0,0.0
351,3,0.0,0.0,0.0,0.0,0.0
351,4,0.0,0.0,0.0,0.0,0.0
352,0,0.0,-1.0602326202730936,0.0,0.0,0.0
352,1,0.0,0.0,0.0,0.0,-3.5318085870261204
352,2,0.0,0.0,0.0,0.0,0.0
352,3,0.0,0.0,0.0,0.0,0.0
352,4,0.0,0.0,0.0,0.0,0.0
353,0,0.0,-1.0648176570424026,0.0,0.0,0.0
353,1,0.0,0.0,0.0,0.0,-3.5395345588894975
353,2,0.0,0.0,0.0,0.0,0.0
353,3,0.0,0.0,0.0,0.0,0.0
353,4,0.0,0.0,0.0,0.0,0.0
354,0,0.0,-1.06940873943127,0.0,0.0,0.0
354,1,0.0,0.0,0.0,0.0,-3.5422950037702163
354,2,0.0,0.0,0.0,0.0,0.0
354,3,0.0,0.0,0.0,0.0,0.0
354,4,0.0,0.0,0.0,0.0,0.0
355,0,0.0,-1.0739938936973017,0.0,0.0,0.0
355,1,0.0,0.0,0.0,0.0,-3.5474920292367713
355,2,0.0,0.0,0.0,0.0,0.0
355,3,0.0,0.0,0.0,0.0,0.0
355,4,0.0,0.0,0.0,0.0,0.0
356,0,0.0,-1.0785790028153266,0.0,0.0,0.0
356,1,0.0,0.0,0.0,0.0,-3.557674773801457
356,2,0.0,0.0,0.0,0.0,0.0
356,3,0.0,0.0,0.0,0.0,0.0
356,4,0.0,0.0,0.0,0.0,0.0
357,0,0.0,-1.0831760780540856,0.0,0.0,0.0
357,1,0.0,0.0,0.0,0.0,-3.5628266199190075
357,2,0.0,0.0,0.0,0.0,0.0
357,3,0.0,0.0,0.0,0.0,0.0
357,4,0.0,0.0,0.0,0.0,0.0
358,0,0.0,-1.0877729672701102,0.0,0.0,0.0
358,1,0.0,0.0,0.0,0.0,-3.572964342486223
358,2,0.0,0.0,0.0,0.0,0.0
358,3,0.0,0.0,0.0,0.0,0.0
358,4,0.0,0.0,0.0,0.0,0.0
359,0,0.0,-1.0923816823714296,0.0,0.0,0.0
359,1,0.0,0.0,0.0,0.0,-3.580571323357895
359,2,0.0,0.0,0.0,0.0,0.0
359,3,0.0,0.0,0.0,0.0,0.0
359,4,0.0,0.0,0.0,0.0,0.0
360,0,0.0,-1.0969960943823973,0.0,0.0,0.0
360,1,0.0,0.0,0.0,0.0,-3.5832288873284375
360,2,0.0,0.0,0.0,0.0,0.0
360,3,0.0,0.0,0.0,0.0,0.0
360,4,0.0,0.0,0.0,0.0,0.0
361,0,0.0,-1.1016042724926525,0.0,0.0,0.0
361,1,0.0,0.0,0.0,0.0,-3.5933076680726623
361,2,0.0,0.0,0.0,0.0,0.0
361,3,0.0,0.0,0.0,0.0,0.0
361,4,0.0,0.0,0.0,0.0,0.0
362,0,0.0,-1.1062241046174845,0.0,0.0,0.0
362,1,0.0,0.0,0.0,0.0,-3.603355910326177
362,2,0.0,0.0,0.0,0.0,0.0
362,3,0.0,0.0,0.0,0.0,0.0
362,4,0.0,0.0,0.0,0.0,0.0
363,0,0.0,-1.1108554852161365,0.0,0.0,0.0
363,1,0.0,0.0,0.0,0.0,-3.6108737225538254
363,2,0.0,0.0,0.0,0.0,0.0
363,3,0.0,0.0,0.0,0.0,0.0
363,4,0.0,0.0,0.0,0.0,0.0
364,0,0.0,-1.1154922870244615,0.0,0.0,0.0
364,1,0.0,0.0,0.0,0.0,-3.618369545333716
364,2,0.0,0.0,0.0,0.0,0.0
364,3,0.0,0.0,0.0,0.0,0.0
364,4,0.0,0.0,0.0,0.0,0.0
365,0,0.0,-1.1201344425523017,0.0,0.0,0.0
365,1,0.0,0.0,0.0,0.0,-3.625843455050224
365,2,0.0,0.0,0.0,0.0,0.0
365,3,0.0,0.0,0.0,0.0,0.0
365,4,0.0,0.0,0.0,0.0,0.0
366,0,0.0,-1.1247818846857314,0.0,0.0,0.0
366,1,0.0,0.0,0.0,0.0,-3.6283897405234353
366,2,0.0,0.0,0.0,0.0,0.0
366,3,0.0,0.0,0.0,0.0,0.0
366,4,0.0,0.0,0.0,0.0,0.0
367,0,0.0,-1.129422738922759,0.0,0.0,0.0
367,1,0.0,0.0,0.0,0.0,-3.63333627610254
367,2,0.0,0.0,0.0,0.0,0.0
367,3,0.0,0.0,0.0,0.0,0.0
367,4,0.0,0.0,0.0,0.0,0.0
368,0,0.0,-1.1340627980935158,0.0,0.0,0.0
368,1,0.0,0.0,0.0,0.0,-3.6382693981465177
368,2,0.0,0.0,0.0,0.0,0.0
368,3,0.0,0.0,0.0,0.0,0.0
368,4,0.0,0.0,0.0,0.0,0.0
369,0,0.0,-1.1387020333459361,0.0,0.0,0.0
369,1,0.0,0.0,0.0,0.0,-3.650689150880013
369,2,0.0,0.0,0.0,0.0,0.0
369,3,0.0,0.0,0.0,0.0,0.0
369,4,0.0,0.0,0.0,0.0,0.0
370,0,0.0,-1.1433584782853117,0.0,0.0,0.0
370,1,0.0,0.0,0.0,0.0,-3.6605705807684763
370,2,0.0,0.0,0.0,0.0,0.0
370,3,0.0,0.0,0.0,0.0,0.0
370,4,0.0,0.0,0.0,0.0,0.0
371,0,0.0,-1.1480259720656203,0.0,0.0,0.0
371,1,0.0,0.0,0.0,0.0,-3.663034424745053
371,2,0.0,0.0,0.0,0.0,0.0
371,3,0.0,0.0,0.0,0.0,0.0
371,4,0.0,0.0,0.0,0.0,0.0
372,0,0.0,-1.152686629611902,0.0,0.0,0.0
372,1,0.0,0.0,0.0,0.0,-3.675380729059769
372,2,0.0,0.0,0.0,0.0,0.0
372,3,0.0,0.0,0.0,0.0,0.0
372,4,0.0,0.0,0.0,0.0,0.0
373,0,0.0,-1.1573642618480826,0.0,0.0,0.0
373,1,0.0,0.0,0.0,0.0,-3.677809937885474
373,2,0.0,0.0,0.0,0.0,0.0
373,3,0.0,0.0,0.0,0.0,0.0
373,4,0.0,0.0,0.0,0.0,0.0
374,0,0.0,-1.1620349484593633,0.0,0.0,0.0
374,1,0.0,0.0,0.0,0.0,-3.68023425818233
374,2,0.0,0.0,0.0,0.0,0.0
374,3,0.0,0.0,0.0,0.0,0.0
374,4,0.0,0.0,0.0,0.0,0.0
375,0,0.0,-1.1666986995997748,0.0,0.0,0.0
375,1,0.0,0.0,0.0,0.0,-3.6850321862282778
375,2,0.0,0.0,0.0,0.0,0.0
375,3,0.0,0.0,0.0,0.0,0.0
375,4,0.0,0.0,0.0,0.0,0.0
376,0,0.0,-1.171361241074037,0.0,0.0,0.0
376,1,0.0,0.0,0.0,0.0,-3.686026072430169
376,2,0.0,0.0,0.0,0.0,0.0
376,3,0.0,0.0,0.0,0.0,0.0
376,4,0.0,0.0,0.0,0.0,0.0
377,0,0.0,-1.1760135306873434,0.0,0.0,0.0
377,1,0.0,0.0,0.0,0.0,-3.6908096953674034
377,2,0.0,0.0,0.0,0.0,0.0
377,3,0.0,0.0,0.0,0.0,0.0
377,4,0.0,0.0,0.0,0.0,0.0
378,0,0.0,-1.1806646115263764,0.0,0.0,0.0
378,1,0.0,0.0,0.0,0.0,-3.7030804595412645
378,2,0.0,0.0,0.0,0.0,0.0
378,3,0.0,0.0,0.0,0.0,0.0
378,4,0.0,0.0,0.0,0.0,0.0
379,0,0.0,-1.18533251251054,0.0,0.0,0.0
379,1,0.0,0.0,0.0,0.0,-3.705448151991728
379,2,0.0,0.0,0.0,0.0,0.0
379,3,0.0,0.0,0.0,0.0,0.0
379,4,0.0,0.0,0.0,0.0,0.0
380,0,0.0,-1.1899933584844193,0.0,0.0,0.0
380,1,0.0,0.0,0.0,0.0,-3.7064211736432195
380,2,0.0,0.0,0.0,0.0,0.0
380,3,0.0,0.0,0.0,0.0,0.0
380,4,0.0,0.0,0.0,0.0,0.0
381,0,0.0,-1.1946439179356725,0.0,0.0,0.0
381,1,0.0,0.0,0.0,0.0,-3.711147794876068
381,2,0.0,0.0,0.0,0.0,0.0
381,3,0.0,0.0,0.0,0.0,0.0
381,4,0.0,0.0,0.0,0.0,0.0
382,0,0.0,-1.1992931408942726,0.0,0.0,0.0
382,1,0.0,0.0,0.0,0.0,-3.715861750599883
382,2,0.0,0.0,0.0,0.0,0.0
382,3,0.0,0.0,0.0,0.0,0.0
382,4,0.0,0.0,0.0,0.0,0.0
383,0,0.0,-1.2039410018609293,0.0,0.0,0.0
383,1,0.0,0.0,0.0,0.0,-3.720563082227789
383,2,0.0,0.0,0.0,0.0,0.0
383,3,0.0,0.0,0.0,0.0,0.0
383,4,0.0,0.0,0.0,0.0,0.0
384,0,0.0,-1.2085874754976778,0.0,0.0,0.0
384,1,0.0,0.0,0.0,0.0,-3.72775183102202
384,2,0.0,0.0,0.0,0.0,0.0
384,3,0.0,0.0,0.0,0.0,0.0
384,4,0.0,0.0,0.0,0.0,0.0
385,0,0.0,-1.2132385526643965,0.0,0.0,0.0
385,1,0.0,0.0,0.0,0.0,-3.7287015341123757
385,2,0.0,0.0,0.0,0.0,0.0
385,3,0.0,0.0,0.0,0.0,0.0
385,4,0.0,0.0,0.0,0.0,0.0
386,0,0.0,-1.2178793284742517,0.0,0.0,0.0
386,1,0.0,0.0,0.0,0.0,-3.7358681060368197
386,2,0.0,0.0,0.0,0.0,0.0
386,3,0.0,0.0,0.0,0.0,0.0
386,4,0.0,0.0,0.0,0.0,0.0
387,0,0.0,-1.2225246720818823,0.0,0.0,0.0
387,1,0.0,0.0,0.0,0.0,-3.7368096441538223
387,2,0.0,0.0,0.0,0.0,0.0
387,3,0.0,0.0,0.0,0.0,0.0
387,4,0.0,0.0,0.0,0.0,0.0
388,0,0.0,-1.2271597166818868,0.0,0.0,0.0
388,1,0.0,0.0,0.0,0.0,-3.7377499202574076
388,2,0.0,0.0,0.0,0.0,0.0
388,3,0.0,0.0,0.0,0.0,0.0
388,4,0.0,0.0,0.0,0.0,0.0
389,0,0.0,-1.2317844917765866,0.0,0.0,0.0
389,1,0.0,0.0,0.0,0.0,-3.744893125248872
389,2,0.0,0.0,0.0,0.0,0.0
389,3,0.0,0.0,0.0,0.0,0.0
389,4,0.0,0.0,0.0,0.0,0.0
390,0,0.0,-1.236413825811324,0.0,0.0,0.0
390,1,0.0,0.0,0.0,0.0,-3.7520156064362755
390,2,0.0,0.0,0.0,0.0,0.0
390,3,0.0,0.0,0.0,0.0,0.0
390,4,0.0,0.0,0.0,0.0,0.0
391,0,0.0,-1.241047656812545,0.0,0.0,0.0
391,1,0.0,0.0,0.0,0.0,-3.7591174354679966
391,2,0.0,0.0,0.0,0.0,0.0
391,3,0.0,0.0,0.0,0.0,0.0
391,4,0.0,0.0,0.0,0.0,0.0
392,0,0.0,-1.245685923159026,0.0,0.0,0.0
392,1,0.0,0.0,0.0,0.0,-3.763698683720533
392,2,0.0,0.0,0.0,0.0,0.0
392,3,0.0,0.0,0.0,0.0,0.0
392,4,0.0,0.0,0.0,0.0,0.0
393,0,0.0,-1.2503225505869062,0.0,0.0,0.0
393,1,0.0,0.0,0.0,0.0,-3.765935913573007
393,2,0.0,0.0,0.0,0.0,0.0
393,3,0.0,0.0,0.0,0.0,0.0
393,4,0.0,0.0,0.0,0.0,0.0
394,0,0.0,-1.2549519236142388,0.0,0.0,0.0
394,1,0.0,0.0,0.0,0.0,-3.773000402956311
394,2,0.0,0.0,0.0,0.0,0.0
394,3,0.0,0.0,0.0,0.0,0.0
394,4,0.0,0.0,0.0,0.0,0.0
395,0,0.0,-1.2595856571701305,0.0,0.0,0.0
395,1,0.0,0.0,0.0,0.0,-3.7752179490118007
395,2,0.0,0.0,0.0,0.0,0.0
395,3,0.0,0.0,0.0,0.0,0.0
395,4,0.0,0.0,0.0,0.0,0.0
396,0,0.0,-1.2642121006401812,0.0,0.0,0.0
396,1,0.0,0.0,0.0,0.0,-3.779757456798565
396,2,0.0,0.0,0.0,0.0,0.0
396,3,0.0,0.0,0.0,0.0,0.0
396,4,0.0,0.0,0.0,0.0,0.0
397,0,0.0,-1.268836843095647,0.0,0.0,0.0
397,1,0.0,0.0,0.0,0.0,-3.7842849211119924
397,2,0.0,0.0,0.0,0.0,0.0
397,3,0.0,0.0,0.0,0.0,0.0
397,4,0.0,0.0,0.0,0.0,0.0
398,0,0.0,-1.273459861537661,0.0,0.0,0.0
398,1,0.0,0.0,0.0,0.0,-3.793800381063404
398,2,0.0,0.0,0.0,0.0,0.0
398,3,0.0,0.0,0.0,0.0,0.0
398,4,0.0,0.0,0.0,0.0,0.0
399,0,0.0,-1.2780931547426713,0.0,0.0,0.0
399,1,0.0,0.0,0.0,0.0,-3.805787210557598
399,2,0.0,0.0,0.0,0.0,0.0
399,3,0.0,0.0,0.0,0.0,0.0
399,4,0.0,0.0,0.0,0.0,0.0
400,0,0.0,-1.282742637249483,0.0,0.0,0.0
400,1,0.0,0.0,0.0,0.0,-3.815237178378475
400,2,0.0,0.0,0.0,0.0,0.0
400,3,0.0,0.0,0.0,0.0,0.0
400,4,0.0,0.0,0.0,0.0,0.0
401,0,0.0,-1.2874021643850302,0.0,0.0,0.0
401,1,0.0,0.0,0.0,0.0,-3.8221587492280245
401,2,0.0,0.0,0.0,0.0,0.0
401,3,0.0,0.0,0.0,0.0,0.0
401,4,0.0,0.0,0.0,0.0,0.0
402,0,0.0,-1.292065628523049,0.0,0.0,0.0
402,1,0.0,0.0,0.0,0.0,-3.8265603560502526
402,2,0.0,0.0,0.0,0.0,0.0
402,3,0.0,0.0,0.0,0.0,0.0
402,4,0.0,0.0,0.0,0.0,0.0
403,0,0.0,-1.2967269597726505,0.0,0.0,0.0
403,1,0.0,0.0,0.0,0.0,-3.828664915634162
403,2,0.0,0.0,0.0,0.0,0.0
403,3,0.0,0.0,0.0,0.0,0.0
403,4,0.0,0.0,0.0,0.0,0.0
404,0,0.0,-1.3013806629397109,0.0,0.0,0.0
404,1,0.0,0.0,0.0,0.0,-3.833050782150171
404,2,0.0,0.0,0.0,0.0,0.0
404,3,0.0,0.0,0.0,0.0,0.0
404,4,0.0,0.0,0.0,0.0,0.0
405,0,0.0,-1.306032225619802,0.0,0.0,0.0
405,1,0.0,0.0,0.0,0.0,-3.8374251336672205
405,2,0.0,0.0,0.0,0.0,0.0
405,3,0.0,0.0,0.0,0.0,0.0
405,4,0.0,0.0,0.0,0.0,0.0
406,0,0.0,-1.3106816273623552,0.0,0.0,0.0
406,1,0.0,0.0,0.0,0.0,-3.8492880072972957
406,2,0.0,0.0,0.0,0.0,0.0
406,3,0.0,0.0,0.0,0.0,0.0
406,4,0.0,0.0,0.0,0.0,0.0
407,0,0.0,-1.3153468782237114,0.0,0.0,0.0
407,1,0.0,0.0,0.0,0.0,-3.8536144424215215
407,2,0.0,0.0,0.0,0.0,0.0
407,3,0.0,0.0,0.0,0.0,0.0
407,4,0.0,0.0,0.0,0.0,0.0
408,0,0.0,-1.3200098156231184,0.0,0.0,0.0
408,1,0.0,0.0,0.0,0.0,-3.8629295672138872
408,2,0.0,0.0,0.0,0.0,0.0
408,3,0.0,0.0,0.0,0.0,0.0
408,4,0.0,0.0,0.0,0.0,0.0
409,0,0.0,-1.324682440344193,0.0,0.0,0.0
409,1,0.0,0.0,0.0,0.0,-3.869716752946981
409,2,0.0,0.0,0.0,0.0,0.0
409,3,0.0,0.0,0.0,0.0,0.0
409,4,0.0,0.0,0.0,0.0,0.0
410,0,0.0,-1.3293586483054805,0.0,0.0,0.0
410,1,0.0,0.0,0.0,0.0,-3.870532273708992
410,2,0.0,0.0,0.0,0.0,0.0
410,3,0.0,0.0,0.0,0.0,0.0
410,4,0.0,0.0,0.0,0.0,0.0
411,0,0.0,-1.3340242234527906,0.0,0.0,0.0
411,1,0.0,0.0,0.0,0.0,-3.8772989523557393
411,2,0.0,0.0,0.0,0.0,0.0
411,3,0.0,0.0,0.0,0.0,0.0
411,4,0.0,0.0,0.0,0.0,0.0
412,0,0.0,-1.3386933539256654,0.0,0.0,0.0
412,1,0.0,0.0,0.0,0.0,-3.88404619158506
412,2,0.0,0.0,0.0,0.0,0.0
412,3,0.0,0.0,0.0,0.0,0.0
412,4,0.0,0.0,0.0,0.0,0.0
413,0,0.0,-1.3433659837176157,0.0,0.0,0.0
413,1,0.0,0.0,0.0,0.0,-3.8882740582125477
413,2,0.0,0.0,0.0,0.0,0.0
413,3,0.0,0.0,0.0,0.0,0.0
413,4,0.0,0.0,0.0,0.0,0.0
414,0,0.0,-1.3480360481558382,0.0,0.0,0.0
414,1,0.0,0.0,0.0,0.0,-3.8924909513335773
414,2,0.0,0.0,0.0,0.0,0.0
414,3,0.0,0.0,0.0,0.0,0.0
414,4,0.0,0.0,0.0,0.0,0.0
415,0,0.0,-1.3527035293318284,0.0,0.0,0.0
415,1,0.0,0.0,0.0,0.0,-3.894464780267218
415,2,0.0,0.0,0.0,0.0,0.0
415,3,0.0,0.0,0.0,0.0,0.0
415,4,0.0,0.0,0.0,0.0,0.0
416,0,0.0,-1.357363071191454,0.0,0.0,0.0
416,1,0.0,0.0,0.0,0.0,-3.9011669421522264
416,2,0.0,0.0,0.0,0.0,0.0
416,3,0.0,0.0,0.0,0.0,0.0
416,4,0.0,0.0,0.0,0.0,0.0
417,0,0.0,-1.3620260344104742,0.0,0.0,0.0
417,1,0.0,0.0,0.0,0.0,-3.901953015746198
417,2,0.0,0.0,0.0,0.0,0.0
417,3,0.0,0.0,0.0,0.0,0.0
417,4,0.0,0.0,0.0,0.0,0.0
418,0,0.0,-1.366678350051209,0.0,0.0,0.0
418,1,0.0,0.0,0.0,0.0,-3.9061350162813095
418,2,0.0,0.0,0.0,0.0,0.0
418,3,0.0,0.0,0.0,0.0,0.0
418,4,0.0,0.0,0.0,0.0,0.0
419,0,0.0,-1.37132805386054,0.0,0.0,0.0
419,1,0.0,0.0,0.0,0.0,-3.9128061897074295
419,2,0.0,0.0,0.0,0.0,0.0
419,3,0.0,0.0,0.0,0.0,0.0
419,4,0.0,0.0,0.0,0.0,0.0
420,0,0.0,-1.375981134607526,0.0,0.0,0.0
420,1,0.0,0.0,0.0,0.0,-3.9169582380330876
420,2,0.0,0.0,0.0,0.0,0.0
420,3,0.0,0.0,0.0,0.0,0.0
420,4,0.0,0.0,0.0,0.0,0.0
421,0,0.0,-1.3806315314151778,0.0,0.0,0.0
421,1,0.0,0.0,0.0,0.0,-3.9235995594519606
421,2,0.0,0.0,0.0,0.0,0.0
421,3,0.0,0.0,0.0,0.0,0.0
421,4,0.0,0.0,0.0,0.0,0.0
422,0,0.0,-1.3852852330561385,0.0,0.0,0.0
422,1,0.0,0.0,0.0,0.0,-3.930221855600976
422,2,0.0,0.0,0.0,0.0,0.0
422,3,0.0,0.0,0.0,0.0,0.0
422,4,0.0,0.0,0.0,0.0,0.0
423,0,0.0,-1.3899421852471243,0.0,0.0,0.0
423,1,0.0,0.0,0.0,0.0,-3.9343251917713142
423,2,0.0,0.0,0.0,0.0,0.0
423,3,0.0,0.0,0.0,0.0,0.0
423,4,0.0,0.0,0.0,0.0,0.0
424,0,0.0,-1.394596328387454,0.0,0.0,0.0
424,1,0.0,0.0,0.0,0.0,-3.9434179655399344
424,2,0.0,0.0,0.0,0.0,0.0
424,3,0.0,0.0,0.0,0.0,0.0
424,4,0.0,0.0,0.0,0.0,0.0
425,0,0.0,-1.399259657037857,0.0,0.0,0.0
425,1,0.0,0.0,0.0,0.0,-3.94998354539713
425,2,0.0,0.0,0.0,0.0,0.0
425,3,0.0,0.0,0.0,0.0,0.0
425,4,0.0,0.0,0.0,0.0,0.0
426,0,0.0,-1.4039260750899025,0.0,0.0,0.0
426,1,0.0,0.0,0.0,0.0,-3.9565303597986023
426,2,0.0,0.0,0.0,0.0,0.0
426,3,0.0,0.0,0.0,0.0,0.0
426,4,0.0,0.0,0.0,0.0,0.0
427,0,0.0,-1.4085955295183579,0.0,0.0,0.0
427,1,0.0,0.0,0.0,0.0,-3.9605584730545864
427,2,0.0,0.0,0.0,0.0,0.0
427,3,0.0,0.0,0.0,0.0,0.0
427,4,0.0,0.0,0.0,0.0,0.0
428,0,0.0,-1.4132619623184621,0.0,0.0,0.0
428,1,0.0,0.0,0.0,0.0,-3.97207628176502
428,2,0.0,0.0,0.0,0.0,0.0
428,3,0.0,0.0,0.0,0.0,0.0
428,4,0.0,0.0,0.0,0.0,0.0
429,0,0.0,-1.4179433740670426,0.0,0.0,0.0
429,1,0.0,0.0,0.0,0.0,-3.978558820914723
429,2,0.0,0.0,0.0,0.0,0.0
429,3,0.0,0.0,0.0,0.0,0.0
429,4,0.0,0.0,0.0,0.0,0.0
430,0,0.0,-1.422627627684792,0.0,0.0,0.0
430,1,0.0,0.0,0.0,0.0,-3.982522911315539
430,2,0.0,0.0,0.0,0.0,0.0
430,3,0.0,0.0,0.0,0.0,0.0
430,4,0.0,0.0,0.0,0.0,0.0
431,0,0.0,-1.4273086663099253,0.0,0.0,0.0
431,1,0.0,0.0,0.0,0.0,-3.9914768894754498
431,2,0.0,0.0,0.0,0.0,0.0
431,3,0.0,0.0,0.0,0.0,0.0
431,4,0.0,0.0,0.0,0.0,0.0
432,0,0.0,-1.4319984860708663,0.0,0.0,0.0
432,1,0.0,0.0,0.0,0.0,-3.992184584380069
432,2,0.0,0.0,0.0,0.0,0.0
432,3,0.0,0.0,0.0,0.0,0.0
432,4,0.0,0.0,0.0,0.0,0.0
433,0,0.0,-1.436677430098148,0.0,0.0,0.0
433,1,0.0,0.0,0.0,0.0,-3.9928914187446702
433,2,0.0,0.0,0.0,0.0,0.0
433,3,0.0,0.0,0.0,0.0,0.0
433,4,0.0,0.0,0.0,0.0,0.0
434,0,0.0,-1.4413455305591154,0.0,0.0,0.0
434,1,0.0,0.0,0.0,0.0,-3.994682297349055
434,2,0.0,0.0,0.0,0.0,0.0
434,3,0.0,0.0,0.0,0.0,0.0
434,4,0.0,0.0,0.0,0.0,0.0
435,0,0.0,-1.4460052843802804,0.0,0.0,0.0
435,1,0.0,0.0,0.0,0.0,-3.9964700955087538
435,2,0.0,0.0,0.0,0.0,0.0
435,3,0.0,0.0,0.0,0.0,0.0
435,4,0.0,0.0,0.0,0.0,0.0
436,0,0.0,-1.4506567098619432,0.0,0.0,0.0
436,1,0.0,0.0,0.0,0.0,-4.00038938523029
436,2,0.0,0.0,0.0,0.0,0.0
436,3,0.0,0.0,0.0,0.0,0.0
436,4,0.0,0.0,0.0,0.0,0.0
437,0,0.0,-1.4553049132819122,0.0,0.0,0.0
437,1,0.0,0.0,0.0,0.0,-4.0042987432512875
437,2,0.0,0.0,0.0,0.0,0.0
437,3,0.0,0.0,0.0,0.0,0.0
437,4,0.0,0.0,0.0,0.0,0.0
438,0,0.0,-1.45994988107572,0.0,0.0,0.0
438,1,0.0,0.0,0.0,0.0,-4.008198201450134
438,2,0.0,0.0,0.0,0.0,0.0
438,3,0.0,0.0,0.0,0.0,0.0
438,4,0.0,0.0,0.0,0.0,0.0
439,0,0.0,-1.4645915997867143,0.0,0.0,0.0
439,1,0.0,0.0,0.0,0.0,-4.012087791903294
439,2,0.0,0.0,0.0,0.0,0.0
439,3,0.0,0.0,0.0,0.0,0.0
439,4,0.0,0.0,0.0,0.0,0.0
440,0,0.0,-1.469230056070971,0.0,0.0,0.0
440,1,0.0,0.0,0.0,0.0,-4.013844858364965
440,2,0.0,0.0,0.0,0.0,0.0
440,3,0.0,0.0,0.0,0.0,0.0
440,4,0.0,0.0,0.0,0.0,0.0
441,0,0.0,-1.4738601798629671,0.0,0.0,0.0
441,1,0.0,0.0,0.0,0.0,-4.015598928080669
441,2,0.0,0.0,0.0,0.0,0.0
441,3,0.0,0.0,0.0,0.0,0.0
441,4,0.0,0.0,0.0,0.0,0.0
442,0,0.0,-1.4784819895665609,0.0,0.0,0.0
442,1,0.0,0.0,0.0,0.0,-4.021972201551667
442,2,0.0,0.0,0.0,0.0,0.0
442,3,0.0,0.0,0.0,0.0,0.0
442,4,0.0,0.0,0.0,0.0,0.0
443,0,0.0,-1.4831065568986586,0.0,0.0,0.0
443,1,0.0,0.0,0.0,0.0,-4.023712414562268
443,2,0.0,0.0,0.0,0.0,0.0
443,3,0.0,0.0,0.0,0.0,0.0
443,4,0.0,0.0,0.0,0.0,0.0
444,0,0.0,-1.4877227961815465,0.0,0.0,0.0
444,1,0.0,0.0,0.0,0.0,-4.0325644112826975
444,2,0.0,0.0,0.0,0.0,0.0
444,3,0.0,0.0,0.0,0.0,0.0
444,4,0.0,0.0,0.0,0.0,0.0
445,0,0.0,-1.4923477578465203,0.0,0.0,0.0
445,1,0.0,0.0,0.0,0.0,-4.036390265321049
445,2,0.0,0.0,0.0,0.0,0.0
445,3,0.0,0.0,0.0,0.0,0.0
445,4,0.0,0.0,0.0,0.0,0.0
446,0,0.0,-1.4969693579810464,0.0,0.0,0.0
446,1,0.0,0.0,0.0,0.0,-4.038106149057667
446,2,0.0,0.0,0.0,0.0,0.0
446,3,0.0,0.0,0.0,0.0,0.0
446,4,0.0,0.0,0.0,0.0,0.0
447,0,0.0,-1.5015825853095024,0.0,0.0,0.0
447,1,0.0,0.0,0.0,0.0,-4.041919305780541
447,2,0.0,0.0,0.0,0.0,0.0
447,3,0.0,0.0,0.0,0.0,0.0
447,4,0.0,0.0,0.0,0.0,0.0
448,0,0.0,-1.5061924562671132,0.0,0.0,0.0
448,1,0.0,0.0,0.0,0.0,-4.048222583753379
448,2,0.0,0.0,0.0,0.0,0.0
448,3,0.0,0.0,0.0,0.0,0.0
448,4,0.0,0.0,0.0,0.0,0.0
449,0,0.0,-1.5108049549285418,0.0,0.0,0.0
449,1,0.0,0.0,0.0,0.0,-4.057007956931057
449,2,0.0,0.0,0.0,0.0,0.0
449,3,0.0,0.0,0.0,0.0,0.0
449,4,0.0,0.0,0.0,0.0,0.0
450,0,0.0,-1.5154260290930586,0.0,0.0,0.0
450,1,0.0,0.0,0.0,0.0,-4.060767677310714
450,2,0.0,0.0,0.0,0.0,0.0
450,3,0.0,0.0,0.0,0.0,0.0
450,4,0.0,0.0,0.0,0.0,0.0
451,0,0.0,-1.5200435989739702,0.0,0.0,0.0
451,1,0.0,0.0,0.0,0.0,-4.0624429965773405
451,2,0.0,0.0,0.0,0.0,0.0
451,3,0.0,0.0,0.0,0.0,0.0
451,4,0.0,0.0,0.0,0.0,0.0
452,0,0.0,-1.5246527188619907,0.0,0.0,0.0
452,1,0.0,0.0,0.0,0.0,-4.071189803690066
452,2,0.0,0.0,0.0,0.0,0.0
452,3,0.0,0.0,0.0,0.0,0.0
452,4,0.0,0.0,0.0,0.0,0.0
453,0,0.0,-1.5292703326256079,0.0,0.0,0.0
453,1,0.0,0.0,0.0,0.0,-4.072848403816674
453,2,0.0,0.0,0.0,0.0,0.0
453,3,0.0,0.0,0.0,0.0,0.0
453,4,0.0,0.0,0.0,0.0,0.0
454,0,0.0,-1.5338794596874208,0.0,0.0,0.0
454,1,0.0,0.0,0.0,0.0,-4.076566991757727
454,2,0.0,0.0,0.0,0.0,0.0
454,3,0.0,0.0,0.0,0.0,0.0
454,4,0.0,0.0,0.0,0.0,0.0
455,0,0.0,-1.5384850218504496,0.0,0.0,0.0
455,1,0.0,0.0,0.0,0.0,-4.07821658108384
455,2,0.0,0.0,0.0,0.0,0.0
455,3,0.0,0.0,0.0,0.0,0.0
455,4,0.0,0.0,0.0,0.0,0.0
456,0,0.0,-1.543082113476777,0.0,0.0,0.0
456,1,0.0,0.0,0.0,0.0,-4.084422226500259
456,2,0.0,0.0,0.0,0.0,0.0
456,3,0.0,0.0,0.0,0.0,0.0
456,4,0.0,0.0,0.0,0.0,0.0
457,0,0.0,-1.5476816403036369,0.0,0.0,0.0
457,1,0.0,0.0,0.0,0.0,-4.0931102898664005
457,2,0.0,0.0,0.0,0.0,0.0
457,3,0.0,0.0,0.0,0.0,0.0
457,4,0.0,0.0,0.0,0.0,0.0
458,0,0.0,-1.5522895490863247,0.0,0.0,0.0
458,1,0.0,0.0,0.0,0.0,-4.094733708966495
458,2,0.0,0.0,0.0,0.0,0.0
458,3,0.0,0.0,0.0,0.0,0.0
458,4,0.0,0.0,0.0,0.0,0.0
459,0,0.0,-1.5568889230037686,0.0,0.0,0.0
459,1,0.0,0.0,0.0,0.0,-4.10089308608089
459,2,0.0,0.0,0.0,0.0,0.0
459,3,0.0,0.0,0.0,0.0,0.0
459,4,0.0,0.0,0.0,0.0,0.0
460,0,0.0,-1.561490616739846,0.0,0.0,0.0
460,1,0.0,0.0,0.0,0.0,-4.11203503830743
460,2,0.0,0.0,0.0,0.0,0.0
460,3,0.0,0.0,0.0,0.0,0.0
460,4,0.0,0.0,0.0,0.0,0.0
461,0,0.0,-1.5661065721602154,0.0,0.0,0.0
461,1,0.0,0.0,0.0,0.0,-4.118142959951744
461,2,0.0,0.0,0.0,0.0,0.0
461,3,0.0,0.0,0.0,0.0,0.0
461,4,0.0,0.0,0.0,0.0,0.0
462,0,0.0,-1.570724678577544,0.0,0.0,0.0
462,1,0.0,0.0,0.0,0.0,-4.121735738456348
462,2,0.0,0.0,0.0,0.0,0.0
462,3,0.0,0.0,0.0,0.0,0.0
462,4,0.0,0.0,0.0,0.0,0.0
463,0,0.0,-1.5753388998037108,0.0,0.0,0.0
463,1,0.0,0.0,0.0,0.0,-4.125319722262703
463,2,0.0,0.0,0.0,0.0,0.0
463,3,0.0,0.0,0.0,0.0,0.0
463,4,0.0,0.0,0.0,0.0,0.0
464,0,0.0,-1.5799492268550082,0.0,0.0,0.0
464,1,0.0,0.0,0.0,0.0,-4.131392701049251
464,2,0.0,0.0,0.0,0.0,0.0
464,3,0.0,0.0,0.0,0.0,0.0
464,4,0.0,0.0,0.0,0.0,0.0
465,0,0.0,-1.584561639227688,0.0,0.0,0.0
465,1,0.0,0.0,0.0,0.0,-4.142448549056836
465,2,0.0,0.0,0.0,0.0,0.0
465,3,0.0,0.0,0.0,0.0,0.0
465,4,0.0,0.0,0.0,0.0,0.0
466,0,0.0,-1.5891880793755042,0.0,0.0,0.0
466,1,0.0,0.0,0.0,0.0,-4.145973864052459
466,2,0.0,0.0,0.0,0.0,0.0
466,3,0.0,0.0,0.0,0.0,0.0
466,4,0.0,0.0,0.0,0.0,0.0
467,0,0.0,-1.5938104523567092,0.0,0.0,0.0
467,1,0.0,0.0,0.0,0.0,-4.151987339403266
467,2,0.0,0.0,0.0,0.0,0.0
467,3,0.0,0.0,0.0,0.0,0.0
467,4,0.0,0.0,0.0,0.0,0.0
468,0,0.0,-1.5984347361081468,0.0,0.0,0.0
468,1,0.0,0.0,0.0,0.0,-4.160483889185884
468,2,0.0,0.0,0.0,0.0,0.0
468,3,0.0,0.0,0.0,0.0,0.0
468,4,0.0,0.0,0.0,0.0,0.0
469,0,0.0,-1.6030668796041283,0.0,0.0,0.0
469,1,0.0,0.0,0.0,0.0,-4.161045260913873
469,2,0.0,0.0,0.0,0.0,0.0
469,3,0.0,0.0,0.0,0.0,0.0
469,4,0.0,0.0,0.0,0.0,0.0
470,0,0.0,-1.6076880502130002,0.0,0.0,0.0
470,1,0.0,0.0,0.0,0.0,-4.162565952273595
470,2,0.0,0.0,0.0,0.0,0.0
470,3,0.0,0.0,0.0,0.0,0.0
470,4,0.0,0.0,0.0,0.0,0.0
471,0,0.0,-1.6123004232118925,0.0,0.0,0.0
471,1,0.0,0.0,0.0,0.0,-4.168534316597106
471,2,0.0,0.0,0.0,0.0,0.0
471,3,0.0,0.0,0.0,0.0,0.0
471,4,0.0,0.0,0.0,0.0,0.0
472,0,0.0,-1.6169146295909023,0.0,0.0,0.0
472,1,0.0,0.0,0.0,0.0,-4.171990505854017
472,2,0.0,0.0,0.0,0.0,0.0
472,3,0.0,0.0,0.0,0.0,0.0
472,4,0.0,0.0,0.0,0.0,0.0
473,0,0.0,-1.6215246437697095,0.0,0.0,0.0
473,1,0.0,0.0,0.0,0.0,-4.1779336885481335
473,2,0.0,0.0,0.0,0.0,0.0
473,3,0.0,0.0,0.0,0.0,0.0
473,4,0.0,0.0,0.0,0.0,0.0
474,0,0.0,-1.626136439072504,0.0,0.0,0.0
474,1,0.0,0.0,0.0,0.0,-4.188860179380274
474,2,0.0,0.0,0.0,0.0,0.0
474,3,0.0,0.0,0.0,0.0,0.0
474,4,0.0,0.0,0.0,0.0,0.0
475,0,0.0,-1.6307619559338598,0.0,0.0,0.0
475,1,0.0,0.0,0.0,0.0,-4.194753369906349
475,2,0.0,0.0,0.0,0.0,0.0
475,3,0.0,0.0,0.0,0.0,0.0
475,4,0.0,0.0,0.0,0.0,0.0
476,0,0.0,-1.6353890916530291,0.0,0.0,0.0
476,1,0.0,0.0,0.0,0.0,-4.195286295994535
476,2,0.0,0.0,0.0,0.0,0.0
476,3,0.0,0.0,0.0,0.0,0.0
476,4,0.0,0.0,0.0,0.0,0.0
477,0,0.0,-1.6400052172235384,0.0,0.0,0.0
477,1,0.0,0.0,0.0,0.0,-4.203662613783949
477,2,0.0,0.0,0.0,0.0,0.0
477,3,0.0,0.0,0.0,0.0,0.0
477,4,0.0,0.0,0.0,0.0,0.0
478,0,0.0,-1.644628940511244,0.0,0.0,0.0
478,1,0.0,0.0,0.0,0.0,-4.205122842698141
478,2,0.0,0.0,0.0,0.0,0.0
478,3,0.0,0.0,0.0,0.0,0.0
478,4,0.0,0.0,0.0,0.0,0.0
479,0,0.0,-1.6492437285447306,0.0,0.0,0.0
479,1,0.0,0.0,0.0,0.0,-4.21097196060746
479,2,0.0,0.0,0.0,0.0,0.0
479,3,0.0,0.0,0.0,0.0,0.0
479,4,0.0,0.0,0.0,0.0,0.0
480,0,0.0,-1.6538600625400037,0.0,0.0,0.0
480,1,0.0,0.0,0.0,0.0,-4.2124217272322255
480,2,0.0,0.0,0.0,0.0,0.0
480,3,0.0,0.0,0.0,0.0,0.0
480,4,0.0,0.0,0.0,0.0,0.0
481,0,0.0,-1.6584674608335426,0.0,0.0,0.0
481,1,0.0,0.0,0.0,0.0,-4.213869250568078
481,2,0.0,0.0,0.0,0.0,0.0
481,3,0.0,0.0,0.0,0.0,0.0
481,4,0.0,0.0,0.0,0.0,0.0
482,0,0.0,-1.6630659452804892,0.0,0.0,0.0
482,1,0.0,0.0,0.0,0.0,-4.222197241574809
482,2,0.0,0.0,0.0,0.0,0.0
482,3,0.0,0.0,0.0,0.0,0.0
482,4,0.0,0.0,0.0,0.0,0.0
483,0,0.0,-1.6676719628030172,0.0,0.0,0.0
483,1,0.0,0.0,0.0,0.0,-4.225509647915262
483,2,0.0,0.0,0.0,0.0,0.0
483,3,0.0,0.0,0.0,0.0,0.0
483,4,0.0,0.0,0.0,0.0,0.0
484,0,0.0,-1.6722734770010859,0.0,0.0,0.0
484,1,0.0,0.0,0.0,0.0,-4.233805074361779
484,2,0.0,0.0,0.0,0.0,0.0
484,3,0.0,0.0,0.0,0.0,0.0
484,4,0.0,0.0,0.0,0.0,0.0
485,0,0.0,-1.6768824389245867,0.0,0.0,0.0
485,1,0.0,0.0,0.0,0.0,-4.242075974872911
485,2,0.0,0.0,0.0,0.0,0.0
485,3,0.0,0.0,0.0,0.0,0.0
485,4,0.0,0.0,0.0,0.0,0.0
486,0,0.0,-1.6814987696686017,0.0,0.0,0.0
486,1,0.0,0.0,0.0,0.0,-4.242569641974807
486,2,0.0,0.0,0.0,0.0,0.0
486,3,0.0,0.0,0.0,0.0,0.0
486,4,0.0,0.0,0.0,0.0,0.0
487,0,0.0,-1.68610405062767,0.0,0.0,0.0
487,1,0.0,0.0,0.0,0.0,-4.24397647127333
487,2,0.0,0.0,0.0,0.0,0.0
487,3,0.0,0.0,0.0,0.0,0.0
487,4,0.0,0.0,0.0,0.0,0.0
488,0,0.0,-1.6907003373742273,0.0,0.0,0.0
488,1,0.0,0.0,0.0,0.0,-4.252220393986238
488,2,0.0,0.0,0.0,0.0,0.0
488,3,0.0,0.0,0.0,0.0,0.0
488,4,0.0,0.0,0.0,0.0,0.0
489,0,0.0,-1.6953039643081707,0.0,0.0,0.0
489,1,0.0,0.0,0.0,0.0,-4.2604399663634895
489,2,0.0,0.0,0.0,0.0,0.0
489,3,0.0,0.0,0.0,0.0,0.0
489,4,0.0,0.0,0.0,0.0,0.0
490,0,0.0,-1.6999148532538826,0.0,0.0,0.0
490,1,0.0,0.0,0.0,0.0,-4.266135273738383
490,2,0.0,0.0,0.0,0.0,0.0
490,3,0.0,0.0,0.0,0.0,0.0
490,4,0.0,0.0,0.0,0.0,0.0
491,0,0.0,-1.7045269377227112,0.0,0.0,0.0
491,1,0.0,0.0,0.0,0.0,-4.269329348451636
491,2,0.0,0.0,0.0,0.0,0.0
491,3,0.0,0.0,0.0,0.0,0.0
491,4,0.0,0.0,0.0,0.0,0.0
492,0,0.0,-1.7091342252692154,0.0,0.0,0.0
492,1,0.0,0.0,0.0,0.0,-4.272516069379164
492,2,0.0,0.0,0.0,0.0,0.0
492,3,0.0,0.0,0.0,0.0,0.0
492,4,0.0,0.0,0.0,0.0,0.0
493,0,0.0,-1.7137367129413459,0.0,0.0,0.0
493,1,0.0,0.0,0.0,0.0,-4.2729841882416455
493,2,0.0,0.0,0.0,0.0,0.0
493,3,0.0,0.0,0.0,0.0,0.0
493,4,0.0,0.0,0.0,0.0,0.0
494,0,0.0,-1.7183281454373425,0.0,0.0,0.0
494,1,0.0,0.0,0.0,0.0,-4.2761633537554955
494,2,0.0,0.0,0.0,0.0,0.0
494,3,0.0,0.0,0.0,0.0,0.0
494,4,0.0,0.0,0.0,0.0,0.0
495,0,0.0,-1.7229148071494127,0.0,0.0,0.0
495,1,0.0,0.0,0.0,0.0,-4.277524729169975
495,2,0.0,0.0,0.0,0.0,0.0
495,3,0.0,0.0,0.0,0.0,0.0
495,4,0.0,0.0,0.0,0.0,0.0
496,0,0.0,-1.7274924330541925,0.0,0.0,0.0
496,1,0.0,0.0,0.0,0.0,-4.277988083683444
496,2,0.0,0.0,0.0,0.0,0.0
496,3,0.0,0.0,0.0,0.0,0.0
496,4,0.0,0.0,0.0,0.0,0.0
497,0,0.0,-1.7320590708586798,0.0,0.0,0.0
497,1,0.0,0.0,0.0,0.0,-4.281157558124233
497,2,0.0,0.0,0.0,0.0,0.0
497,3,0.0,0.0,0.0,0.0,0.0
497,4,0.0,0.0,0.0,0.0,0.0
498,0,0.0,-1.7366209882773878,0.0,0.0,0.0
498,1,0.0,0.0,0.0,0.0,-4.282511714099439
498,2,0.0,0.0,0.0,0.0,0.0
498,3,0.0,0.0,0.0,0.0,0.0
498,4,0.0,0.0,0.0,0.0,0.0
499,0,0.0,-1.741173928315934,0.0,0.0,0.0
499,1,0.0,0.0,0.0,0.0,-4.285671754270959
499,2,0.0,0.0,0.0,0.0,0.0
499,3,0.0,0.0,0.0,0.0,0.0
499,4,0.0,0.0,0.0,0.0,0.0
500,0,0.0,-1.7457221663207103,0.0,0.0,0.0
500,1,0.0,0.0,0.0,0.0,-4.28882453755184
500,2,0.0,0.0,0.0,0.0,0.0
500,3,0.0,0.0,0.0,0.0,0.0
500,4,0.0,0.0,0.0,0.0,0.0
501,0,0.0,-1.7502656992605183,0.0,0.0,0.0
501,1,0.0,0.0,0.0,0.0,-4.294454433528582
501,2,0.0,0.0,0.0,0.0,0.0
501,3,0.0,0.0,0.0,0.0,0.0
501,4,0.0,0.0,0.0,0.0,0.0
502,0,0.0,-1.7548104677310346,0.0,0.0,0.0
502,1,0.0,0.0,0.0,0.0,-4.302568675249069
502,2,0.0,0.0,0.0,0.0,0.0
502,3,0.0,0.0,0.0,0.0,0.0
502,4,0.0,0.0,0.0,0.0,0.0
503,0,0.0,-1.7593624143783977,0.0,0.0,0.0
503,1,0.0,0.0,0.0,0.0,-4.3038943596196955
503,2,0.0,0.0,0.0,0.0,0.0
503,3,0.0,0.0,0.0,0.0,0.0
503,4,0.0,0.0,0.0,0.0,0.0
504,0,0.0,-1.7639053524383124,0.0,0.0,0.0
504,1,0.0,0.0,0.0,0.0,-4.305218080147394
504,2,0.0,0.0,0.0,0.0,0.0
504,3,0.0,0.0,0.0,0.0,0.0
504,4,0.0,0.0,0.0,0.0,0.0
505,0,0.0,-1.7684393045192772,0.0,0.0,0.0
505,1,0.0,0.0,0.0,0.0,-4.306539840696016
505,2,0.0,0.0,0.0,0.0,0.0
505,3,0.0,0.0,0.0,0.0,0.0
505,4,0.0,0.0,0.0,0.0,0.0
506,0,0.0,-1.7729642931683502,0.0,0.0,0.0
506,1,0.0,0.0,0.0,0.0,-4.314623913111523
506,2,0.0,0.0,0.0,0.0,0.0
506,3,0.0,0.0,0.0,0.0,0.0
506,4,0.0,0.0,0.0,0.0,0.0
507,0,0.0,-1.777496443874351,0.0,0.0,0.0
507,1,0.0,0.0,0.0,0.0,-4.315933915755953
507,2,0.0,0.0,0.0,0.0,0.0
507,3,0.0,0.0,0.0,0.0,0.0
507,4,0.0,0.0,0.0,0.0,0.0
508,0,0.0,-1.7820196116691398,0.0,0.0,0.0
508,1,0.0,0.0,0.0,0.0,-4.317241988475287
508,2,0.0,0.0,0.0,0.0,0.0
508,3,0.0,0.0,0.0,0.0,0.0
508,4,0.0,0.0,0.0,0.0,0.0
509,0,0.0,-1.7865338191484303,0.0,0.0,0.0
509,1,0.0,0.0,0.0,0.0,-4.320317668736284
509,2,0.0,0.0,0.0,0.0,0.0
509,3,0.0,0.0,0.0,0.0,0.0
509,4,0.0,0.0,0.0,0.0,0.0
510,0,0.0,-1.7910432419865199,0.0,0.0,0.0
510,1,0.0,0.0,0.0,0.0,-4.325866638971074
510,2,0.0,0.0,0.0,0.0,0.0
510,3,0.0,0.0,0.0,0.0,0.0
510,4,0.0,0.0,0.0,0.0,0.0
511,0,0.0,-1.79555380791691,0.0,0.0,0.0
511,1,0.0,0.0,0.0,0.0,-4.333900216474004
511,2,0.0,0.0,0.0,0.0,0.0
511,3,0.0,0.0,0.0,0.0,0.0
511,4,0.0,0.0,0.0,0.0,0.0
512,0,0.0,-1.8000714570137508,0.0,0.0,0.0
512,1,0.0,0.0,0.0,0.0,-4.341910120538373
512,2,0.0,0.0,0.0,0.0,0.0
512,3,0.0,0.0,0.0,0.0,0.0
512,4,0.0,0.0,0.0,0.0,0.0
513,0,0.0,-1.804596113560156,0.0,0.0,0.0
513,1,0.0,0.0,0.0,0.0,-4.344920593649548
513,2,0.0,0.0,0.0,0.0,0.0
513,3,0.0,0.0,0.0,0.0,0.0
513,4,0.0,0.0,0.0,0.0,0.0
514,0,0.0,-1.8091158030485552,0.0,0.0,0.0
514,1,0.0,0.0,0.0,0.0,-4.346192127066447
514,2,0.0,0.0,0.0,0.0,0.0
514,3,0.0,0.0,0.0,0.0,0.0
514,4,0.0,0.0,0.0,0.0,0.0
515,0,0.0,-1.8136264649632692,0.0,0.0,0.0
515,1,0.0,0.0,0.0,0.0,-4.354169526355687
515,2,0.0,0.0,0.0,0.0,0.0
515,3,0.0,0.0,0.0,0.0,0.0
515,4,0.0,0.0,0.0,0.0,0.0
516,0,0.0,-1.818144077152861,0.0,0.0,0.0
516,1,0.0,0.0,0.0,0.0,-4.355429931154381
516,2,0.0,0.0,0.0,0.0,0.0
516,3,0.0,0.0,0.0,0.0,0.0
516,4,0.0,0.0,0.0,0.0,0.0
517,0,0.0,-1.8226526446023197,0.0,0.0,0.0
517,1,0.0,0.0,0.0,0.0,-4.365881916738167
517,2,0.0,0.0,0.0,0.0,0.0
517,3,0.0,0.0,0.0,0.0,0.0
517,4,0.0,0.0,0.0,0.0,0.0
518,0,0.0,-1.8271740867982567,0.0,0.0,0.0
518,1,0.0,0.0,0.0,0.0,-4.376302171748807
518,2,0.0,0.0,0.0,0.0,0.0
518,3,0.0,0.0,0.0,0.0,0.0
518,4,0.0,0.0,0.0,0.0,0.0
519,0,0.0,-1.8317082932799122,0.0,0.0,0.0
519,1,0.0,0.0,0.0,0.0,-4.379223005872133
519,2,0.0,0.0,0.0,0.0,0.0
519,3,0.0,0.0,0.0,0.0,0.0
519,4,0.0,0.0,0.0,0.0,0.0
520,0,0.0,-1.8362372962258142,0.0,0.0,0.0
520,1,0.0,0.0,0.0,0.0,-4.382137419250976
520,2,0.0,0.0,0.0,0.0,0.0
520,3,0.0,0.0,0.0,0.0,0.0
520,4,0.0,0.0,0.0,0.0,0.0
521,0,0.0,-1.8407610960001541,0.0,0.0,0.0
521,1,0.0,0.0,0.0,0.0,-4.385045430849846
521,2,0.0,0.0,0.0,0.0,0.0
521,3,0.0,0.0,0.0,0.0,0.0
521,4,0.0,0.0,0.0,0.0,0.0
522,0,0.0,-1.8452796929991189,0.0,0.0,0.0
522,1,0.0,0.0,0.0,0.0,-4.390414141922103
522,2,0.0,0.0,0.0,0.0,0.0
522,3,0.0,0.0,0.0,0.0,0.0
522,4,0.0,0.0,0.0,0.0,0.0
523,0,0.0,-1.8497989833531883,0.0,0.0,0.0
523,1,0.0,0.0,0.0,0.0,-4.395768070676014
523,2,0.0,0.0,0.0,0.0,0.0
523,3,0.0,0.0,0.0,0.0,0.0
523,4,0.0,0.0,0.0,0.0,0.0
524,0,0.0,-1.854318930390359,0.0,0.0,0.0
524,1,0.0,0.0,0.0,0.0,-4.398642610657214
524,2,0.0,0.0,0.0,0.0,0.0
524,3,0.0,0.0,0.0,0.0,0.0
524,4,0.0,0.0,0.0,0.0,0.0
525,0,0.0,-1.8588336082128458,0.0,0.0,0.0
525,1,0.0,0.0,0.0,0.0,-4.406475288091395
525,2,0.0,0.0,0.0,0.0,0.0
525,3,0.0,0.0,0.0,0.0,0.0
525,4,0.0,0.0,0.0,0.0,0.0
526,0,0.0,-1.8633548838941005,0.0,0.0,0.0
526,1,0.0,0.0,0.0,0.0,-4.414284968282004
526,2,0.0,0.0,0.0,0.0,0.0
526,3,0.0,0.0,0.0,0.0,0.0
526,4,0.0,0.0,0.0,0.0,0.0
527,0,0.0,-1.867882684693268,0.0,0.0,0.0
527,1,0.0,0.0,0.0,0.0,-4.424571731579372
527,2,0.0,0.0,0.0,0.0,0.0
527,3,0.0,0.0,0.0,0.0,0.0
527,4,0.0,0.0,0.0,0.0,0.0
528,0,0.0,-1.8724229167205169,0.0,0.0,0.0
528,1,0.0,0.0,0.0,0.0,-4.42491179454019
528,2,0.0,0.0,0.0,0.0,0.0
528,3,0.0,0.0,0.0,0.0,0.0
528,4,0.0,0.0,0.0,0.0,0.0
529,0,0.0,-1.8769520413679528,0.0,0.0,0.0
529,1,0.0,0.0,0.0,0.0,-4.427711460948811
529,2,0.0,0.0,0.0,0.0,0.0
529,3,0.0,0.0,0.0,0.0,0.0
529,4,0.0,0.0,0.0,0.0,0.0
530,0,0.0,-1.881475696008432,0.0,0.0,0.0
530,1,0.0,0.0,0.0,0.0,-4.435460893529301
530,2,0.0,0.0,0.0,0.0,0.0
530,3,0.0,0.0,0.0,0.0,0.0
530,4,0.0,0.0,0.0,0.0,0.0
531,0,0.0,-1.8860057263882117,0.0,0.0,0.0
531,1,0.0,0.0,0.0,0.0,-4.436627286550719
531,2,0.0,0.0,0.0,0.0,0.0
531,3,0.0,0.0,0.0,0.0,0.0
531,4,0.0,0.0,0.0,0.0,0.0
532,0,0.0,-1.8905264787635105,0.0,0.0,0.0
532,1,0.0,0.0,0.0,0.0,-4.43939915443905
532,2,0.0,0.0,0.0,0.0,0.0
532,3,0.0,0.0,0.0,0.0,0.0
532,4,0.0,0.0,0.0,0.0,0.0
533,0,0.0,-1.8950417211721344,0.0,0.0,0.0
533,1,0.0,0.0,0.0,0.0,-4.439726349535035
533,2,0.0,0.0,0.0,0.0,0.0
533,3,0.0,0.0,0.0,0.0,0.0
533,4,0.0,0.0,0.0,0.0,0.0
534,0,0.0,-1.899545907967032,0.0,0.0,0.0
534,1,0.0,0.0,0.0,0.0,-4.440887020375486
534,2,0.0,0.0,0.0,0.0,0.0
534,3,0.0,0.0,0.0,0.0,0.0
534,4,0.0,0.0,0.0,0.0,0.0
535,0,0.0,-1.9040408815890764,0.0,0.0,0.0
535,1,0.0,0.0,0.0,0.0,-4.4436513330663026
535,2,0.0,0.0,0.0,0.0,0.0
535,3,0.0,0.0,0.0,0.0,0.0
535,4,0.0,0.0,0.0,0.0,0.0
536,0,0.0,-1.9085304031364356,0.0,0.0,0.0
536,1,0.0,0.0,0.0,0.0,-4.444806723766687
536,2,0.0,0.0,0.0,0.0,0.0
536,3,0.0,0.0,0.0,0.0,0.0
536,4,0.0,0.0,0.0,0.0,0.0
537,0,0.0,-1.9130107436772006,0.0,0.0,0.0
537,1,0.0,0.0,0.0,0.0,-4.445960513477299
537,2,0.0,0.0,0.0,0.0,0.0
537,3,0.0,0.0,0.0,0.0,0.0
537,4,0.0,0.0,0.0,0.0,0.0
538,0,0.0,-1.9174819270694605,0.0,0.0,0.0
538,1,0.0,0.0,0.0,0.0,-4.4462815937107045
538,2,0.0,0.0,0.0,0.0,0.0
538,3,0.0,0.0,0.0,0.0,0.0
538,4,0.0,0.0,0.0,0.0,0.0
539,0,0.0,-1.9219421774282286,0.0,0.0,0.0
539,1,0.0,0.0,0.0,0.0,-4.446602360923228
539,2,0.0,0.0,0.0,0.0,0.0
539,3,0.0,0.0,0.0,0.0,0.0
539,4,0.0,0.0,0.0,0.0,0.0
540,0,0.0,-1.9263915279678172,0.0,0.0,0.0
540,1,0.0,0.0,0.0,0.0,-4.447753743709398
540,2,0.0,0.0,0.0,0.0,0.0
540,3,0.0,0.0,0.0,0.0,0.0
540,4,0.0,0.0,0.0,0.0,0.0
541,0,0.0,-1.9308318088980252,0.0,0.0,0.0
541,1,0.0,0.0,0.0,0.0,-4.452960096353231
541,2,0.0,0.0,0.0,0.0,0.0
541,3,0.0,0.0,0.0,0.0,0.0
541,4,0.0,0.0,0.0,0.0,0.0
542,0,0.0,-1.9352726243292109,0.0,0.0,0.0
542,1,0.0,0.0,0.0,0.0,-4.455700782920761
542,2,0.0,0.0,0.0,0.0,0.0
542,3,0.0,0.0,0.0,0.0,0.0
542,4,0.0,0.0,0.0,0.0,0.0
543,0,0.0,-1.9397080910662228,0.0,0.0,0.0
543,1,0.0,0.0,0.0,0.0,-4.4658867798150395
543,2,0.0,0.0,0.0,0.0,0.0
543,3,0.0,0.0,0.0,0.0,0.0
543,4,0.0,0.0,0.0,0.0,0.0
544,0,0.0,-1.9441559979551268,0.0,0.0,0.0
544,1,0.0,0.0,0.0,0.0,-4.468594890096462
544,2,0.0,0.0,0.0,0.0,0.0
544,3,0.0,0.0,0.0,0.0,0.0
544,4,0.0,0.0,0.0,0.0,0.0
545,0,0.0,-1.9485984598706676,0.0,0.0,0.0
545,1,0.0,0.0,0.0,0.0,-4.473744037852018
545,2,0.0,0.0,0.0,0.0,0.0
545,3,0.0,0.0,0.0,0.0,0.0
545,4,0.0,0.0,0.0,0.0,0.0
546,0,0.0,-1.9530413158263127,0.0,0.0,0.0
546,1,0.0,0.0,0.0,0.0,-4.47404143859122
546,2,0.0,0.0,0.0,0.0,0.0
546,3,0.0,0.0,0.0,0.0,0.0
546,4,0.0,0.0,0.0,0.0,0.0
547,0,0.0,-1.9574732801740828,0.0,0.0,0.0
547,1,0.0,0.0,0.0,0.0,-4.47673141747812
547,2,0.0,0.0,0.0,0.0,0.0
547,3,0.0,0.0,0.0,0.0,0.0
547,4,0.0,0.0,0.0,0.0,0.0
548,0,0.0,-1.9618998039195898,0.0,0.0,0.0
548,1,0.0,0.0,0.0,0.0,-4.481860768635345
548,2,0.0,0.0,0.0,0.0,0.0
548,3,0.0,0.0,0.0,0.0,0.0
548,4,0.0,0.0,0.0,0.0,0.0
549,0,0.0,-1.9663267203934083,0.0,0.0,0.0
549,1,0.0,0.0,0.0,0.0,-4.484532641457331
549,2,0.0,0.0,0.0,0.0,0.0
549,3,0.0,0.0,0.0,0.0,0.0
549,4,0.0,0.0,0.0,0.0,0.0
550,0,0.0,-1.9707481689801185,0.0,0.0,0.0
550,1,0.0,0.0,0.0,0.0,-4.487198906644196
550,2,0.0,0.0,0.0,0.0,0.0
550,3,0.0,0.0,0.0,0.0,0.0
550,4,0.0,0.0,0.0,0.0,0.0
551,0,0.0,-1.9751641526119843,0.0,0.0,0.0
551,1,0.0,0.0,0.0,0.0,-4.492302498914481
551,2,0.0,0.0,0.0,0.0,0.0
551,3,0.0,0.0,0.0,0.0,0.0
551,4,0.0,0.0,0.0,0.0,0.0
552,0,0.0,-1.9795804987348697,0.0,0.0,0.0
552,1,0.0,0.0,0.0,0.0,-4.493401236885408
552,2,0.0,0.0,0.0,0.0,0.0
552,3,0.0,0.0,0.0,0.0,0.0
552,4,0.0,0.0,0.0,0.0,0.0
553,0,0.0,-1.983987762407035,0.0,0.0,0.0
553,1,0.0,0.0,0.0,0.0,-4.4984893449057415
553,2,0.0,0.0,0.0,0.0,0.0
553,3,0.0,0.0,0.0,0.0,0.0
553,4,0.0,0.0,0.0,0.0,0.0
554,0,0.0,-1.9883953769990719,0.0,0.0,0.0
554,1,0.0,0.0,0.0,0.0,-4.506063581409229
554,2,0.0,0.0,0.0,0.0,0.0
554,3,0.0,0.0,0.0,0.0,0.0
554,4,0.0,0.0,0.0,0.0,0.0
555,0,0.0,-1.9928092756502485,0.0,0.0,0.0
555,1,0.0,0.0,0.0,0.0,-4.507147698457482
555,2,0.0,0.0,0.0,0.0,0.0
555,3,0.0,0.0,0.0,0.0,0.0
555,4,0.0,0.0,0.0,0.0,0.0
556,0,0.0,-1.9972140689406568,0.0,0.0,0.0
556,1,0.0,0.0,0.0,0.0,-4.509761645915608
556,2,0.0,0.0,0.0,0.0,0.0
556,3,0.0,0.0,0.0,0.0,0.0
556,4,0.0,0.0,0.0,0.0,0.0
557,0,0.0,-2.0016133245120806,0.0,0.0,0.0
557,1,0.0,0.0,0.0,0.0,-4.514806483542741
557,2,0.0,0.0,0.0,0.0,0.0
557,3,0.0,0.0,0.0,0.0,0.0
557,4,0.0,0.0,0.0,0.0,0.0
558,0,0.0,-2.006012852220757,0.0,0.0,0.0
558,1,0.0,0.0,0.0,0.0,-4.519837591718506
558,2,0.0,0.0,0.0,0.0,0.0
558,3,0.0,0.0,0.0,0.0,0.0
558,4,0.0,0.0,0.0,0.0,0.0
559,0,0.0,-2.010412619100848,0.0,0.0,0.0
559,1,0.0,0.0,0.0,0.0,-4.527355016126397
559,2,0.0,0.0,0.0,0.0,0.0
559,3,0.0,0.0,0.0,0.0,0.0
559,4,0.0,0.0,0.0,0.0,0.0
560,0,0.0,-2.0148185580826556,0.0,0.0,0.0
560,1,0.0,0.0,0.0,0.0,-4.5299208439318575
560,2,0.0,0.0,0.0,0.0,0.0
560,3,0.0,0.0,0.0,0.0,0.0
560,4,0.0,0.0,0.0,0.0,0.0
561,0,0.0,-2.0192188445914656,0.0,0.0,0.0
561,1,0.0,0.0,0.0,0.0,-4.534910739021616
561,2,0.0,0.0,0.0,0.0,0.0
561,3,0.0,0.0,0.0,0.0,0.0
561,4,0.0,0.0,0.0,0.0,0.0
562,0,0.0,-2.0236192714627146,0.0,0.0,0.0
562,1,0.0,0.0,0.0,0.0,-4.535963356263984
562,2,0.0,0.0,0.0,0.0,0.0
562,3,0.0,0.0,0.0,0.0,0.0
562,4,0.0,0.0,0.0,0.0,0.0
563,0,0.0,-2.0280105672225033,0.0,0.0,0.0
563,1,0.0,0.0,0.0,0.0,-4.545938243545934
563,2,0.0,0.0,0.0,0.0,0.0
563,3,0.0,0.0,0.0,0.0,0.0
563,4,0.0,0.0,0.0,0.0,0.0
564,0,0.0,-2.0324139234982113,0.0,0.0,0.0
564,1,0.0,0.0,0.0,0.0,-4.546173384297102
564,2,0.0,0.0,0.0,0.0,0.0
564,3,0.0,0.0,0.0,0.0,0.0
564,4,0.0,0.0,0.0,0.0,0.0
565,0,0.0,-2.0368063871465343,0.0,0.0,0.0
565,1,0.0,0.0,0.0,0.0,-4.551118470203852
565,2,0.0,0.0,0.0,0.0,0.0
565,3,0.0,0.0,0.0,0.0,0.0
565,4,0.0,0.0,0.0,0.0,0.0
566,0,0.0,-2.041198907660152,0.0,0.0,0.0
566,1,0.0,0.0,0.0,0.0,-4.5536294395949
566,2,0.0,0.0,0.0,0.0,0.0
566,3,0.0,0.0,0.0,0.0,0.0
566,4,0.0,0.0,0.0,0.0,0.0
567,0,0.0,-2.045585687771702,0.0,0.0,0.0
567,1,0.0,0.0,0.0,0.0,-4.553857803605143
567,2,0.0,0.0,0.0,0.0,0.0
567,3,0.0,0.0,0.0,0.0,0.0
567,4,0.0,0.0,0.0,0.0,0.0
568,0,0.0,-2.049961612581329,0.0,0.0,0.0
568,1,0.0,0.0,0.0,0.0,-4.558784486536575
568,2,0.0,0.0,0.0,0.0,0.0
568,3,0.0,0.0,0.0,0.0,0.0
568,4,0.0,0.0,0.0,0.0,0.0
569,0,0.0,-2.0543375978197185,0.0,0.0,0.0
569,1,0.0,0.0,0.0,0.0,-4.559008374040046
569,2,0.0,0.0,0.0,0.0,0.0
569,3,0.0,0.0,0.0,0.0,0.0
569,4,0.0,0.0,0.0,0.0,0.0
570,0,0.0,-2.0587027521981325,0.0,0.0,0.0
570,1,0.0,0.0,0.0,0.0,-4.560035923331638
570,2,0.0,0.0,0.0,0.0,0.0
570,3,0.0,0.0,0.0,0.0,0.0
570,4,0.0,0.0,0.0,0.0,0.0
571,0,0.0,-2.0630588290260694,0.0,0.0,0.0
571,1,0.0,0.0,0.0,0.0,-4.564948250376573
571,2,0.0,0.0,0.0,0.0,0.0
571,3,0.0,0.0,0.0,0.0,0.0
571,4,0.0,0.0,0.0,0.0,0.0
572,0,0.0,-2.067414988486317,0.0,0.0,0.0
572,1,0.0,0.0,0.0,0.0,-4.565969377745201
572,2,0.0,0.0,0.0,0.0,0.0
572,3,0.0,0.0,0.0,0.0,0.0
572,4,0.0,0.0,0.0,0.0,0.0
573,0,0.0,-2.071762083591658,0.0,0.0,0.0
573,1,0.0,0.0,0.0,0.0,-4.570867017309242
573,2,0.0,0.0,0.0,0.0,0.0
573,3,0.0,0.0,0.0,0.0,0.0
573,4,0.0,0.0,0.0,0.0,0.0
574,0,0.0,-2.0761092522533495,0.0,0.0,0.0
574,1,0.0,0.0,0.0,0.0,-4.575751409854603
574,2,0.0,0.0,0.0,0.0,0.0
574,3,0.0,0.0,0.0,0.0,0.0
574,4,0.0,0.0,0.0,0.0,0.0
575,0,0.0,-2.0804564631917226,0.0,0.0,0.0
575,1,0.0,0.0,0.0,0.0,-4.5806225992882545
575,2,0.0,0.0,0.0,0.0,0.0
575,3,0.0,0.0,0.0,0.0,0.0
575,4,0.0,0.0,0.0,0.0,0.0
576,0,0.0,-2.0848036853241267,0.0,0.0,0.0
576,1,0.0,0.0,0.0,0.0,-4.583069411354045
576,2,0.0,0.0,0.0,0.0,0.0
576,3,0.0,0.0,0.0,0.0,0.0
576,4,0.0,0.0,0.0,0.0,0.0
577,0,0.0,-2.0891451500315745,0.0,0.0,0.0
577,1,0.0,0.0,0.0,0.0,-4.5904222447805205
577,2,0.0,0.0,0.0,0.0,0.0
577,3,0.0,0.0,0.0,0.0,0.0
577,4,0.0,0.0,0.0,0.0,0.0
578,0,0.0,-2.093492558911253,0.0,0.0,0.0
578,1,0.0,0.0,0.0,0.0,-4.600253644001107
578,2,0.0,0.0,0.0,0.0,0.0
578,3,0.0,0.0,0.0,0.0,0.0
578,4,0.0,0.0,0.0,0.0,0.0
579,0,0.0,-2.0978518051940034,0.0,0.0,0.0
579,1,0.0,0.0,0.0,0.0,-4.602654190355459
579,2,0.0,0.0,0.0,0.0,0.0
579,3,0.0,0.0,0.0,0.0,0.0
579,4,0.0,0.0,0.0,0.0,0.0
580,0,0.0,-2.102205152273577,0.0,0.0,0.0
580,1,0.0,0.0,0.0,0.0,-4.612450849360548
580,2,0.0,0.0,0.0,0.0,0.0
580,3,0.0,0.0,0.0,0.0,0.0
580,4,0.0,0.0,0.0,0.0,0.0
581,0,0.0,-2.1065702386700784,0.0,0.0,0.0
581,1,0.0,0.0,0.0,0.0,-4.6126280252121346
581,2,0.0,0.0,0.0,0.0,0.0
581,3,0.0,0.0,0.0,0.0,0.0
581,4,0.0,0.0,0.0,0.0,0.0
582,0,0.0,-2.1109244361790083,0.0,0.0,0.0
582,1,0.0,0.0,0.0,0.0,-4.612805082929827
582,2,0.0,0.0,0.0,0.0,0.0
582,3,0.0,0.0,0.0,0.0,0.0
582,4,0.0,0.0,0.0,0.0,0.0
583,0,0.0,-2.1152677780897546,0.0,0.0,0.0
583,1,0.0,0.0,0.0,0.0,-4.617573190498684
583,2,0.0,0.0,0.0,0.0,0.0
583,3,0.0,0.0,0.0,0.0,0.0
583,4,0.0,0.0,0.0,0.0,0.0
584,0,0.0,-2.11961089928674,0.0,0.0,0.0
584,1,0.0,0.0,0.0,0.0,-4.619935477722046
584,2,0.0,0.0,0.0,0.0,0.0
584,3,0.0,0.0,0.0,0.0,0.0
584,4,0.0,0.0,0.0,0.0,0.0
585,0,0.0,-2.1239480796939776,0.0,0.0,0.0
585,1,0.0,0.0,0.0,0.0,-4.620901970391643
585,2,0.0,0.0,0.0,0.0,0.0
585,3,0.0,0.0,0.0,0.0,0.0
585,4,0.0,0.0,0.0,0.0,0.0
586,0,0.0,-2.1282761405541355,0.0,0.0,0.0
586,1,0.0,0.0,0.0,0.0,-4.621867227381368
586,2,0.0,0.0,0.0,0.0,0.0
586,3,0.0,0.0,0.0,0.0,0.0
586,4,0.0,0.0,0.0,0.0,0.0
587,0,0.0,-2.1325951062446133,0.0,0.0,0.0
587,1,0.0,0.0,0.0,0.0,-4.629115048907566
587,2,0.0,0.0,0.0,0.0,0.0
587,3,0.0,0.0,0.0,0.0,0.0
587,4,0.0,0.0,0.0,0.0,0.0
588,0,0.0,-2.136919829280978,0.0,0.0,0.0
588,1,0.0,0.0,0.0,0.0,-4.6388417886583575
588,2,0.0,0.0,0.0,0.0,0.0
588,3,0.0,0.0,0.0,0.0,0.0
588,4,0.0,0.0,0.0,0.0,0.0
589,0,0.0,-2.1412562012891305,0.0,0.0,0.0
589,1,0.0,0.0,0.0,0.0,-4.646039187403857
589,2,0.0,0.0,0.0,0.0,0.0
589,3,0.0,0.0,0.0,0.0,0.0
589,4,0.0,0.0,0.0,0.0,0.0
590,0,0.0,-2.145598163629038,0.0,0.0,0.0
590,1,0.0,0.0,0.0,0.0,-4.648338108233139
590,2,0.0,0.0,0.0,0.0,0.0
590,3,0.0,0.0,0.0,0.0,0.0
590,4,0.0,0.0,0.0,0.0,0.0
591,0,0.0,-2.1499340425504427,0.0,0.0,0.0
591,1,0.0,0.0,0.0,0.0,-4.64927798819428
591,2,0.0,0.0,0.0,0.0,0.0
591,3,0.0,0.0,0.0,0.0,0.0
591,4,0.0,0.0,0.0,0.0,0.0
592,0,0.0,-2.1542607523352704,0.0,0.0,0.0
592,1,0.0,0.0,0.0,0.0,-4.651571239458306
592,2,0.0,0.0,0.0,0.0,0.0
592,3,0.0,0.0,0.0,0.0,0.0
592,4,0.0,0.0,0.0,0.0,0.0
593,0,0.0,-2.1585814098740723,0.0,0.0,0.0
593,1,0.0,0.0,0.0,0.0,-4.656237065780622
593,2,0.0,0.0,0.0,0.0,0.0
593,3,0.0,0.0,0.0,0.0,0.0
593,4,0.0,0.0,0.0,0.0,0.0
594,0,0.0,-2.162901670810219,0.0,0.0,0.0
594,1,0.0,0.0,0.0,0.0,-4.663390419881568
594,2,0.0,0.0,0.0,0.0,0.0
594,3,0.0,0.0,0.0,0.0,0.0
594,4,0.0,0.0,0.0,0.0,0.0
595,0,0.0,-2.1672274631126918,0.0,0.0,0.0
595,1,0.0,0.0,0.0,0.0,-4.664315521902019
595,2,0.0,0.0,0.0,0.0,0.0
595,3,0.0,0.0,0.0,0.0,0.0
595,4,0.0,0.0,0.0,0.0,0.0
596,0,0.0,-2.1715440858808432,0.0,0.0,0.0
596,1,0.0,0.0,0.0,0.0,-4.673946927384378
596,2,0.0,0.0,0.0,0.0,0.0
596,3,0.0,0.0,0.0,0.0,0.0
596,4,0.0,0.0,0.0,0.0,0.0
597,0,0.0,-2.175872154066274,0.0,0.0,0.0
597,1,0.0,0.0,0.0,0.0,-4.6761861613592375
597,2,0.0,0.0,0.0,0.0,0.0
597,3,0.0,0.0,0.0,0.0,0.0
597,4,0.0,0.0,0.0,0.0,0.0
598,0,0.0,-2.180194041744565,0.0,0.0,0.0
598,1,0.0,0.0,0.0,0.0,-4.678421139599424
598,2,0.0,0.0,0.0,0.0,0.0
598,3,0.0,0.0,0.0,0.0,0.0
598,4,0.0,0.0,0.0,0.0,0.0
599,0,0.0,-2.184509757019812,0.0,0.0,0.0
599,1,0.0,0.0,0.0,0.0,-4.683014428070606
599,2,0.0,0.0,0.0,0.0,0.0
599,3,0.0,0.0,0.0,0.0,0.0
599,4,0.0,0.0,0.0,0.0,0.0
600,0,0.0,-2.1888249193874105,0.0,0.0,0.0
600,1,0.0,0.0,0.0,0.0,-4.687595486068079
600,2,0.0,0.0,0.0,0.0,0.0
600,3,0.0,0.0,0.0,0.0,0.0
600,4,0.0,0.0,0.0,0.0,0.0
601,0,0.0,-2.1931395017652724,0.0,0.0,0.0
601,1,0.0,0.0,0.0,0.0,-4.688497326841423
601,2,0.0,0.0,0.0,0.0,0.0
601,3,0.0,0.0,0.0,0.0,0.0
601,4,0.0,0.0,0.0,0.0,0.0
602,0,0.0,-2.1974449003205834,0.0,0.0,0.0
602,1,0.0,0.0,0.0,0.0,-4.6907071977990045
602,2,0.0,0.0,0.0,0.0,0.0
602,3,0.0,0.0,0.0,0.0,0.0
602,4,0.0,0.0,0.0,0.0,0.0
603,0,0.0,-2.201744116473132,0.0,0.0,0.0
603,1,0.0,0.0,0.0,0.0,-4.690814650672391
603,2,0.0,0.0,0.0,0.0,0.0
603,3,0.0,0.0,0.0,0.0,0.0
603,4,0.0,0.0,0.0,0.0,0.0
604,0,0.0,-2.2060325063536426,0.0,0.0,0.0
604,1,0.0,0.0,0.0,0.0,-4.693020785217044
604,2,0.0,0.0,0.0,0.0,0.0
604,3,0.0,0.0,0.0,0.0,0.0
604,4,0.0,0.0,0.0,0.0,0.0
605,0,0.0,-2.2103147544417183,0.0,0.0,0.0
605,1,0.0,0.0,0.0,0.0,-4.693126168732955
605,2,0.0,0.0,0.0,0.0,0.0
605,3,0.0,0.0,0.0,0.0,0.0
605,4,0.0,0.0,0.0,0.0,0.0
606,0,0.0,-2.2145862238624967,0.0,0.0,0.0
606,1,0.0,0.0,0.0,0.0,-4.700186347740805
606,2,0.0,0.0,0.0,0.0,0.0
606,3,0.0,0.0,0.0,0.0,0.0
606,4,0.0,0.0,0.0,0.0,0.0
607,0,0.0,-2.2188631387669475,0.0,0.0,0.0
607,1,0.0,0.0,0.0,0.0,-4.702373173112922
607,2,0.0,0.0,0.0,0.0,0.0
607,3,0.0,0.0,0.0,0.0,0.0
607,4,0.0,0.0,0.0,0.0,0.0
608,0,0.0,-2.223133900656219,0.0,0.0,0.0
608,1,0.0,0.0,0.0,0.0,-4.709408481124751
608,2,0.0,0.0,0.0,0.0,0.0
608,3,0.0,0.0,0.0,0.0,0.0
608,4,0.0,0.0,0.0,0.0,0.0
609,0,0.0,-2.227410051587203,0.0,0.0,0.0
609,1,0.0,0.0,0.0,0.0,-4.71028892678233
609,2,0.0,0.0,0.0,0.0,0.0
609,3,0.0,0.0,0.0,0.0,0.0
609,4,0.0,0.0,0.0,0.0,0.0
610,0,0.0,-2.2316770888310367,0.0,0.0,0.0
610,1,0.0,0.0,0.0,0.0,-4.714802760644575
610,2,0.0,0.0,0.0,0.0,0.0
610,3,0.0,0.0,0.0,0.0,0.0
610,4,0.0,0.0,0.0,0.0,0.0
611,0,0.0,-2.235943523767334,0.0,0.0,0.0
611,1,0.0,0.0,0.0,0.0,-4.721804616657306
611,2,0.0,0.0,0.0,0.0,0.0
611,3,0.0,0.0,0.0,0.0,0.0
611,4,0.0,0.0,0.0,0.0,0.0
612,0,0.0,-2.240215280782133,0.0,0.0,0.0
612,1,0.0,0.0,0.0,0.0,-4.7226737971195165
612,2,0.0,0.0,0.0,0.0,0.0
612,3,0.0,0.0,0.0,0.0,0.0
612,4,0.0,0.0,0.0,0.0,0.0
613,0,0.0,-2.2444779144705773,0.0,0.0,0.0
613,1,0.0,0.0,0.0,0.0,-4.7248141663751095
613,2,0.0,0.0,0.0,0.0,0.0
613,3,0.0,0.0,0.0,0.0,0.0
613,4,0.0,0.0,0.0,0.0,0.0
614,0,0.0,-2.2487343297011395,0.0,0.0,0.0
614,1,0.0,0.0,0.0,0.0,-4.729290415843284
614,2,0.0,0.0,0.0,0.0,0.0
614,3,0.0,0.0,0.0,0.0,0.0
614,4,0.0,0.0,0.0,0.0,0.0
615,0,0.0,-2.2529900843953974,0.0,0.0,0.0
615,1,0.0,0.0,0.0,0.0,-4.73141745069955
615,2,0.0,0.0,0.0,0.0,0.0
615,3,0.0,0.0,0.0,0.0,0.0
615,4,0.0,0.0,0.0,0.0,0.0
616,0,0.0,-2.2572396098304637,0.0,0.0,0.0
616,1,0.0,0.0,0.0,0.0,-4.731488008727112
616,2,0.0,0.0,0.0,0.0,0.0
616,3,0.0,0.0,0.0,0.0,0.0
616,4,0.0,0.0,0.0,0.0,0.0
617,0,0.0,-2.2614783861853787,0.0,0.0,0.0
617,1,0.0,0.0,0.0,0.0,-4.733611594133717
617,2,0.0,0.0,0.0,0.0,0.0
617,3,0.0,0.0,0.0,0.0,0.0
617,4,0.0,0.0,0.0,0.0,0.0
618,0,0.0,-2.2657109742854606,0.0,0.0,0.0
618,1,0.0,0.0,0.0,0.0,-4.7336801999917
618,2,0.0,0.0,0.0,0.0,0.0
618,3,0.0,0.0,0.0,0.0,0.0
618,4,0.0,0.0,0.0,0.0,0.0
619,0,0.0,-2.269932860901341,0.0,0.0,0.0
619,1,0.0,0.0,0.0,0.0,-4.7381377046230835
619,2,0.0,0.0,0.0,0.0,0.0
619,3,0.0,0.0,0.0,0.0,0.0
619,4,0.0,0.0,0.0,0.0,0.0
620,0,0.0,-2.2741541398095677,0.0,0.0,0.0
620,1,0.0,0.0,0.0,0.0,-4.7402485611038045
620,2,0.0,0.0,0.0,0.0,0.0
620,3,0.0,0.0,0.0,0.0,0.0
620,4,0.0,0.0,0.0,0.0,0.0
621,0,0.0,-2.278369251631494,0.0,0.0,0.0
621,1,0.0,0.0,0.0,0.0,-4.74031109660582
621,2,0.0,0.0,0.0,0.0,0.0
621,3,0.0,0.0,0.0,0.0,0.0
621,4,0.0,0.0,0.0,0.0,0.0
622,0,0.0,-2.2825737027536395,0.0,0.0,0.0
622,1,0.0,0.0,0.0,0.0,-4.74975340736294
622,2,0.0,0.0,0.0,0.0,0.0
622,3,0.0,0.0,0.0,0.0,0.0
622,4,0.0,0.0,0.0,0.0,0.0
623,0,0.0,-2.286789450151029,0.0,0.0,0.0
623,1,0.0,0.0,0.0,0.0,-4.7591672952807915
623,2,0.0,0.0,0.0,0.0,0.0
623,3,0.0,0.0,0.0,0.0,0.0
623,4,0.0,0.0,0.0,0.0,0.0
624,0,0.0,-2.2910163964168877,0.0,0.0,0.0
624,1,0.0,0.0,0.0,0.0,-4.760001856742267
624,2,0.0,0.0,0.0,0.0,0.0
624,3,0.0,0.0,0.0,0.0,0.0
624,4,0.0,0.0,0.0,0.0,0.0
625,0,0.0,-2.2952342819363407,0.0,0.0,0.0
625,1,0.0,0.0,0.0,0.0,-4.762067741446218
625,2,0.0,0.0,0.0,0.0,0.0
625,3,0.0,0.0,0.0,0.0,0.0
625,4,0.0,0.0,0.0,0.0,0.0
626,0,0.0,-2.2994459071001496,0.0,0.0,0.0
626,1,0.0,0.0,0.0,0.0,-4.762110494745905
626,2,0.0,0.0,0.0,0.0,0.0
626,3,0.0,0.0,0.0,0.0,0.0
626,4,0.0,0.0,0.0,0.0,0.0
627,0,0.0,-2.303646843398775,0.0,0.0,0.0
627,1,0.0,0.0,0.0,0.0,-4.762153318660865
627,2,0.0,0.0,0.0,0.0,0.0
627,3,0.0,0.0,0.0,0.0,0.0
627,4,0.0,0.0,0.0,0.0,0.0
628,0,0.0,-2.30783712387239,0.0,0.0,0.0
628,1,0.0,0.0,0.0,0.0,-4.771535541520286
628,2,0.0,0.0,0.0,0.0,0.0
628,3,0.0,0.0,0.0,0.0,0.0
628,4,0.0,0.0,0.0,0.0,0.0
629,0,0.0,-2.3120385940860606,0.0,0.0,0.0
629,1,0.0,0.0,0.0,0.0,-4.773578868615445
629,2,0.0,0.0,0.0,0.0,0.0
629,3,0.0,0.0,0.0,0.0,0.0
629,4,0.0,0.0,0.0,0.0,0.0
630,0,0.0,-2.316233799590146,0.0,0.0,0.0
630,1,0.0,0.0,0.0,0.0,-4.777928887992968
630,2,0.0,0.0,0.0,0.0,0.0
630,3,0.0,0.0,0.0,0.0,0.0
630,4,0.0,0.0,0.0,0.0,0.0
631,0,0.0,-2.3204282188709637,0.0,0.0,0.0
631,1,0.0,0.0,0.0,0.0,-4.782267464652477
631,2,0.0,0.0,0.0,0.0,0.0
631,3,0.0,0.0,0.0,0.0,0.0
631,4,0.0,0.0,0.0,0.0,0.0
632,0,0.0,-2.3246218273720776,0.0,0.0,0.0
632,1,0.0,0.0,0.0,0.0,-4.784289551000408
632,2,0.0,0.0,0.0,0.0,0.0
632,3,0.0,0.0,0.0,0.0,0.0
632,4,0.0,0.0,0.0,0.0,0.0
633,0,0.0,-2.328809145142957,0.0,0.0,0.0
633,1,0.0,0.0,0.0,0.0,-4.7843118029784115
633,2,0.0,0.0,0.0,0.0,0.0
633,3,0.0,0.0,0.0,0.0,0.0
633,4,0.0,0.0,0.0,0.0,0.0
634,0,0.0,-2.3329858068779967,0.0,0.0,0.0
634,1,0.0,0.0,0.0,0.0,-4.784334155264472
634,2,0.0,0.0,0.0,0.0,0.0
634,3,0.0,0.0,0.0,0.0,0.0
634,4,0.0,0.0,0.0,0.0,0.0
635,0,0.0,-2.337151845566883,0.0,0.0,0.0
635,1,0.0,0.0,0.0,0.0,-4.786353696964901
635,2,0.0,0.0,0.0,0.0,0.0
635,3,0.0,0.0,0.0,0.0,0.0
635,4,0.0,0.0,0.0,0.0,0.0
636,0,0.0,-2.3413116669209604,0.0,0.0,0.0
636,1,0.0,0.0,0.0,0.0,-4.79317482913961
636,2,0.0,0.0,0.0,0.0,0.0
636,3,0.0,0.0,0.0,0.0,0.0
636,4,0.0,0.0,0.0,0.0,0.0
637,0,0.0,-2.345476673413084,0.0,0.0,0.0
637,1,0.0,0.0,0.0,0.0,-4.793977748475194
637,2,0.0,0.0,0.0,0.0,0.0
637,3,0.0,0.0,0.0,0.0,0.0
637,4,0.0,0.0,0.0,0.0,0.0
638,0,0.0,-2.349632738006171,0.0,0.0,0.0
638,1,0.0,0.0,0.0,0.0,-4.795978654549232
638,2,0.0,0.0,0.0,0.0,0.0
638,3,0.0,0.0,0.0,0.0,0.0
638,4,0.0,0.0,0.0,0.0,0.0
639,0,0.0,-2.3537825712605063,0.0,0.0,0.0
639,1,0.0,0.0,0.0,0.0,-4.800275296611615
639,2,0.0,0.0,0.0,0.0,0.0
639,3,0.0,0.0,0.0,0.0,0.0
639,4,0.0,0.0,0.0,0.0,0.0
640,0,0.0,-2.35793162004501,0.0,0.0,0.0
640,1,0.0,0.0,0.0,0.0,-4.800282846111267
640,2,0.0,0.0,0.0,0.0,0.0
640,3,0.0,0.0,0.0,0.0,0.0
640,4,0.0,0.0,0.0,0.0,0.0
641,0,0.0,-2.36207009909276,0.0,0.0,0.0
641,1,0.0,0.0,0.0,0.0,-4.80227215465668
641,2,0.0,0.0,0.0,0.0,0.0
641,3,0.0,0.0,0.0,0.0,0.0
641,4,0.0,0.0,0.0,0.0,0.0
642,0,0.0,-2.3662023706522115,0.0,0.0,0.0
642,1,0.0,0.0,0.0,0.0,-4.802277947886796
642,2,0.0,0.0,0.0,0.0,0.0
642,3,0.0,0.0,0.0,0.0,0.0
642,4,0.0,0.0,0.0,0.0,0.0
643,0,0.0,-2.370324119743898,0.0,0.0,0.0
643,1,0.0,0.0,0.0,0.0,-4.802283865267261
643,2,0.0,0.0,0.0,0.0,0.0
643,3,0.0,0.0,0.0,0.0,0.0
643,4,0.0,0.0,0.0,0.0,0.0
644,0,0.0,-2.374435378871862,0.0,0.0,0.0
644,1,0.0,0.0,0.0,0.0,-4.8090682167944285
644,2,0.0,0.0,0.0,0.0,0.0
644,3,0.0,0.0,0.0,0.0,0.0
644,4,0.0,0.0,0.0,0.0,0.0
645,0,0.0,-2.378551867083686,0.0,0.0,0.0
645,1,0.0,0.0,0.0,0.0,-4.809855984439415
645,2,0.0,0.0,0.0,0.0,0.0
645,3,0.0,0.0,0.0,0.0,0.0
645,4,0.0,0.0,0.0,0.0,0.0
646,0,0.0,-2.3826595252974268,0.0,0.0,0.0
646,1,0.0,0.0,0.0,0.0,-4.809855019233023
646,2,0.0,0.0,0.0,0.0,0.0
646,3,0.0,0.0,0.0,0.0,0.0
646,4,0.0,0.0,0.0,0.0,0.0
647,0,0.0,-2.3867567226932795,0.0,0.0,0.0
647,1,0.0,0.0,0.0,0.0,-4.809854187719133
647,2,0.0,0.0,0.0,0.0,0.0
647,3,0.0,0.0,0.0,0.0,0.0
647,4,0.0,0.0,0.0,0.0,0.0
648,0,0.0,-2.3908434916272827,0.0,0.0,0.0
648,1,0.0,0.0,0.0,0.0,-4.811827490372642
648,2,0.0,0.0,0.0,0.0,0.0
648,3,0.0,0.0,0.0,0.0,0.0
648,4,0.0,0.0,0.0,0.0,0.0
649,0,0.0,-2.3949241643920036,0.0,0.0,0.0
649,1,0.0,0.0,0.0,0.0,-4.813797270193456
649,2,0.0,0.0,0.0,0.0,0.0
649,3,0.0,0.0,0.0,0.0,0.0
649,4,0.0,0.0,0.0,0.0,0.0
650,0,0.0,-2.3989987503487447,0.0,0.0,0.0
650,1,0.0,0.0,0.0,0.0,-4.818055473784828
650,2,0.0,0.0,0.0,0.0,0.0
650,3,0.0,0.0,0.0,0.0,0.0
650,4,0.0,0.0,0.0,0.0,0.0
651,0,0.0,-2.403072670247639,0.0,0.0,0.0
651,1,0.0,0.0,0.0,0.0,-4.822302511387934
651,2,0.0,0.0,0.0,0.0,0.0
651,3,0.0,0.0,0.0,0.0,0.0
651,4,0.0,0.0,0.0,0.0,0.0
652,0,0.0,-2.407145899845814,0.0,0.0,0.0
652,1,0.0,0.0,0.0,0.0,-4.822289960727452
652,2,0.0,0.0,0.0,0.0,0.0
652,3,0.0,0.0,0.0,0.0,0.0
652,4,0.0,0.0,0.0,0.0,0.0
653,0,0.0,-2.4112087489363736,0.0,0.0,0.0
653,1,0.0,0.0,0.0,0.0,-4.824240012495832
653,2,0.0,0.0,0.0,0.0,0.0
653,3,0.0,0.0,0.0,0.0,0.0
653,4,0.0,0.0,0.0,0.0,0.0
654,0,0.0,-2.415265516969959,0.0,0.0,0.0
654,1,0.0,0.0,0.0,0.0,-4.828473171372943
654,2,0.0,0.0,0.0,0.0,0.0
654,3,0.0,0.0,0.0,0.0,0.0
654,4,0.0,0.0,0.0,0.0,0.0
655,0,0.0,-2.419321609765299,0.0,0.0,0.0
655,1,0.0,0.0,0.0,0.0,-4.835195241432288
655,2,0.0,0.0,0.0,0.0,0.0
655,3,0.0,0.0,0.0,0.0,0.0
655,4,0.0,0.0,0.0,0.0,0.0
656,0,0.0,-2.4233829336158537,0.0,0.0,0.0
656,1,0.0,0.0,0.0,0.0,-4.84439792613797
656,2,0.0,0.0,0.0,0.0,0.0
656,3,0.0,0.0,0.0,0.0,0.0
656,4,0.0,0.0,0.0,0.0,0.0
657,0,0.0,-2.4274553598139637,0.0,0.0,0.0
657,1,0.0,0.0,0.0,0.0,-4.8443645389357695
657,2,0.0,0.0,0.0,0.0,0.0
657,3,0.0,0.0,0.0,0.0,0.0
657,4,0.0,0.0,0.0,0.0,0.0
658,0,0.0,-2.431517365775861,0.0,0.0,0.0
658,1,0.0,0.0,0.0,0.0,-4.848540616890231
658,2,0.0,0.0,0.0,0.0,0.0
658,3,0.0,0.0,0.0,0.0,0.0
658,4,0.0,0.0,0.0,0.0,0.0
659,0,0.0,-2.4355785473973257,0.0,0.0,0.0
659,1,0.0,0.0,0.0,0.0,-4.850439671391049
659,2,0.0,0.0,0.0,0.0,0.0
659,3,0.0,0.0,0.0,0.0,0.0
659,4,0.0,0.0,0.0,0.0,0.0
660,0,0.0,-2.4396335363550086,0.0,0.0,0.0
660,1,0.0,0.0,0.0,0.0,-4.854601270443741
660,2,0.0,0.0,0.0,0.0,0.0
660,3,0.0,0.0,0.0,0.0,0.0
660,4,0.0,0.0,0.0,0.0,0.0
661,0,0.0,-2.443687686845488,0.0,0.0,0.0
661,1,0.0,0.0,0.0,0.0,-4.855348258960406
661,2,0.0,0.0,0.0,0.0,0.0
661,3,0.0,0.0,0.0,0.0,0.0
661,4,0.0,0.0,0.0,0.0,0.0
662,0,0.0,-2.447733108019489,0.0,0.0,0.0
662,1,0.0,0.0,0.0,0.0,-4.857235104353213
662,2,0.0,0.0,0.0,0.0,0.0
662,3,0.0,0.0,0.0,0.0,0.0
662,4,0.0,0.0,0.0,0.0,0.0
663,0,0.0,-2.4517723536601297,0.0,0.0,0.0
663,1,0.0,0.0,0.0,0.0,-4.863881482345456
663,2,0.0,0.0,0.0,0.0,0.0
663,3,0.0,0.0,0.0,0.0,0.0
663,4,0.0,0.0,0.0,0.0,0.0
664,0,0.0,-2.455816697726964,0.0,0.0,0.0
664,1,0.0,0.0,0.0,0.0,-4.86575212257324
664,2,0.0,0.0,0.0,0.0,0.0
664,3,0.0,0.0,0.0,0.0,0.0
664,4,0.0,0.0,0.0,0.0,0.0
665,0,0.0,-2.4598548324376077,0.0,0.0,0.0
665,1,0.0,0.0,0.0,0.0,-4.866488989071346
665,2,0.0,0.0,0.0,0.0,0.0
665,3,0.0,0.0,0.0,0.0,0.0
665,4,0.0,0.0,0.0,0.0,0.0
666,0,0.0,-2.46388426401961,0.0,0.0,0.0
666,1,0.0,0.0,0.0,0.0,-4.867225007815026
666,2,0.0,0.0,0.0,0.0,0.0
666,3,0.0,0.0,0.0,0.0,0.0
666,4,0.0,0.0,0.0,0.0,0.0
667,0,0.0,-2.4679050161715135,0.0,0.0,0.0
667,1,0.0,0.0,0.0,0.0,-4.873847147303112
667,2,0.0,0.0,0.0,0.0,0.0
667,3,0.0,0.0,0.0,0.0,0.0
667,4,0.0,0.0,0.0,0.0,0.0
668,0,0.0,-2.471930859601533,0.0,0.0,0.0
668,1,0.0,0.0,0.0,0.0,-4.8757000565802855
668,2,0.0,0.0,0.0,0.0,0.0
668,3,0.0,0.0,0.0,0.0,0.0
668,4,0.0,0.0,0.0,0.0,0.0
669,0,0.0,-2.4759505061080933,0.0,0.0,0.0
669,1,0.0,0.0,0.0,0.0,-4.876428075199301
669,2,0.0,0.0,0.0,0.0,0.0
669,3,0.0,0.0,0.0,0.0,0.0
669,4,0.0,0.0,0.0,0.0,0.0
670,0,0.0,-2.4799614856973977,0.0,0.0,0.0
670,1,0.0,0.0,0.0,0.0,-4.878276935216834
670,2,0.0,0.0,0.0,0.0,0.0
670,3,0.0,0.0,0.0,0.0,0.0
670,4,0.0,0.0,0.0,0.0,0.0
671,0,0.0,-2.4839663014861326,0.0,0.0,0.0
671,1,0.0,0.0,0.0,0.0,-4.882372322016457
671,2,0.0,0.0,0.0,0.0,0.0
671,3,0.0,0.0,0.0,0.0,0.0
671,4,0.0,0.0,0.0,0.0,0.0
672,0,0.0,-2.4879702633422767,0.0,0.0,0.0
672,1,0.0,0.0,0.0,0.0,-4.883094013092652
672,2,0.0,0.0,0.0,0.0,0.0
672,3,0.0,0.0,0.0,0.0,0.0
672,4,0.0,0.0,0.0,0.0,0.0
673,0,0.0,-2.4919655910169385,0.0,0.0,0.0
673,1,0.0,0.0,0.0,0.0,-4.884931103549092
673,2,0.0,0.0,0.0,0.0,0.0
673,3,0.0,0.0,0.0,0.0,0.0
673,4,0.0,0.0,0.0,0.0,0.0
674,0,0.0,-2.4959547726780817,0.0,0.0,0.0
674,1,0.0,0.0,0.0,0.0,-4.886765030440639
674,2,0.0,0.0,0.0,0.0,0.0
674,3,0.0,0.0,0.0,0.0,0.0
674,4,0.0,0.0,0.0,0.0,0.0
675,0,0.0,-2.4999378186124517,0.0,0.0,0.0
675,1,0.0,0.0,0.0,0.0,-4.890842168505765
675,2,0.0,0.0,0.0,0.0,0.0
675,3,0.0,0.0,0.0,0.0,0.0
675,4,0.0,0.0,0.0,0.0,0.0
676,0,0.0,-2.5039200286337993,0.0,0.0,0.0
676,1,0.0,0.0,0.0,0.0,-4.894908714426138
676,2,0.0,0.0,0.0,0.0,0.0
676,3,0.0,0.0,0.0,0.0,0.0
676,4,0.0,0.0,0.0,0.0,0.0
677,0,0.0,-2.5079013803417394,0.0,0.0,0.0
677,1,0.0,0.0,0.0,0.0,-4.898964702402041
677,2,0.0,0.0,0.0,0.0,0.0
677,3,0.0,0.0,0.0,0.0,0.0
677,4,0.0,0.0,0.0,0.0,0.0
678,0,0.0,-2.511881851478811,0.0,0.0,0.0
678,1,0.0,0.0,0.0,0.0,-4.900772591464071
678,2,0.0,0.0,0.0,0.0,0.0
678,3,0.0,0.0,0.0,0.0,0.0
678,4,0.0,0.0,0.0,0.0,0.0
679,0,0.0,-2.5158561524344765,0.0,0.0,0.0
679,1,0.0,0.0,0.0,0.0,-4.901477234440077
679,2,0.0,0.0,0.0,0.0,0.0
679,3,0.0,0.0,0.0,0.0,0.0
679,4,0.0,0.0,0.0,0.0,0.0
680,0,0.0,-2.5198218705928053,0.0,0.0,0.0
680,1,0.0,0.0,0.0,0.0,-4.905518620570609
680,2,0.0,0.0,0.0,0.0,0.0
680,3,0.0,0.0,0.0,0.0,0.0
680,4,0.0,0.0,0.0,0.0,0.0
681,0,0.0,-2.523786717492552,0.0,0.0,0.0
681,1,0.0,0.0,0.0,0.0,-4.909549525505495
681,2,0.0,0.0,0.0,0.0,0.0
681,3,0.0,0.0,0.0,0.0,0.0
681,4,0.0,0.0,0.0,0.0,0.0
682,0,0.0,-2.5277506710908857,0.0,0.0,0.0
682,1,0.0,0.0,0.0,0.0,-4.910246539672973
682,2,0.0,0.0,0.0,0.0,0.0
682,3,0.0,0.0,0.0,0.0,0.0
682,4,0.0,0.0,0.0,0.0,0.0
683,0,0.0,-2.531706056673568,0.0,0.0,0.0
683,1,0.0,0.0,0.0,0.0,-4.910942767342559
683,2,0.0,0.0,0.0,0.0,0.0
683,3,0.0,0.0,0.0,0.0,0.0
683,4,0.0,0.0,0.0,0.0,0.0
684,0,0.0,-2.5356528976494075,0.0,0.0,0.0
684,1,0.0,0.0,0.0,0.0,-4.914961788794785
684,2,0.0,0.0,0.0,0.0,0.0
684,3,0.0,0.0,0.0,0.0,0.0
684,4,0.0,0.0,0.0,0.0,0.0
685,0,0.0,-2.539598867233727,0.0,0.0,0.0
685,1,0.0,0.0,0.0,0.0,-4.918970397933773
685,2,0.0,0.0,0.0,0.0,0.0
685,3,0.0,0.0,0.0,0.0,0.0
685,4,0.0,0.0,0.0,0.0,0.0
686,0,0.0,-2.5435439435461147,0.0,0.0,0.0
686,1,0.0,0.0,0.0,0.0,-4.92796862832358
686,2,0.0,0.0,0.0,0.0,0.0
686,3,0.0,0.0,0.0,0.0,0.0
686,4,0.0,0.0,0.0,0.0,0.0
687,0,0.0,-2.547499947320526,0.0,0.0,0.0
687,1,0.0,0.0,0.0,0.0,-4.931939848342065
687,2,0.0,0.0,0.0,0.0,0.0
687,3,0.0,0.0,0.0,0.0,0.0
687,4,0.0,0.0,0.0,0.0,0.0
688,0,0.0,-2.5514549422202806,0.0,0.0,0.0
688,1,0.0,0.0,0.0,0.0,-4.935900818863513
688,2,0.0,0.0,0.0,0.0,0.0
688,3,0.0,0.0,0.0,0.0,0.0
688,4,0.0,0.0,0.0,0.0,0.0
689,0,0.0,-2.555408907129231,0.0,0.0,0.0
689,1,0.0,0.0,0.0,0.0,-4.936576316402884
689,2,0.0,0.0,0.0,0.0,0.0
689,3,0.0,0.0,0.0,0.0,0.0
689,4,0.0,0.0,0.0,0.0,0.0
690,0,0.0,-2.559354290601972,0.0,0.0,0.0
690,1,0.0,0.0,0.0,0.0,-4.943026397776802
690,2,0.0,0.0,0.0,0.0,0.0
690,3,0.0,0.0,0.0,0.0,0.0
690,4,0.0,0.0,0.0,0.0,0.0
691,0,0.0,-2.56330456612009,0.0,0.0,0.0
691,1,0.0,0.0,0.0,0.0,-4.9494579634797615
691,2,0.0,0.0,0.0,0.0,0.0
691,3,0.0,0.0,0.0,0.0,0.0
691,4,0.0,0.0,0.0,0.0,0.0
692,0,0.0,-2.5672596770190172,0.0,0.0,0.0
692,1,0.0,0.0,0.0,0.0,-4.95117548425495
692,2,0.0,0.0,0.0,0.0,0.0
692,3,0.0,0.0,0.0,0.0,0.0
692,4,0.0,0.0,0.0,0.0,0.0
693,0,0.0,-2.5712084849863492,0.0,0.0,0.0
693,1,0.0,0.0,0.0,0.0,-4.952890151120268
693,2,0.0,0.0,0.0,0.0,0.0
693,3,0.0,0.0,0.0,0.0,0.0
693,4,0.0,0.0,0.0,0.0,0.0
694,0,0.0,-2.5751510014493904,0.0,0.0,0.0
694,1,0.0,0.0,0.0,0.0,-4.952751883037492
694,2,0.0,0.0,0.0,0.0,0.0
694,3,0.0,0.0,0.0,0.0,0.0
694,4,0.0,0.0,0.0,0.0,0.0
695,0,0.0,-2.5790832680281506,0.0,0.0,0.0
695,1,0.0,0.0,0.0,0.0,-4.959160129332646
695,2,0.0,0.0,0.0,0.0,0.0
695,3,0.0,0.0,0.0,0.0,0.0
695,4,0.0,0.0,0.0,0.0,0.0
696,0,0.0,-2.5830203633853963,0.0,0.0,0.0
696,1,0.0,0.0,0.0,0.0,-4.960861264951981
696,2,0.0,0.0,0.0,0.0,0.0
696,3,0.0,0.0,0.0,0.0,0.0
696,4,0.0,0.0,0.0,0.0,0.0
697,0,0.0,-2.5869511698885552,0.0,0.0,0.0
697,1,0.0,0.0,0.0,0.0,-4.96255958651927
697,2,0.0,0.0,0.0,0.0,0.0
697,3,0.0,0.0,0.0,0.0,0.0
697,4,0.0,0.0,0.0,0.0,0.0
698,0,0.0,-2.590875699004794,0.0,0.0,0.0
698,1,0.0,0.0,0.0,0.0,-4.966443360569473
698,2,0.0,0.0,0.0,0.0,0.0
698,3,0.0,0.0,0.0,0.0,0.0
698,4,0.0,0.0,0.0,0.0,0.0
699,0,0.0,-2.594799101609395,0.0,0.0,0.0
699,1,0.0,0.0,0.0,0.0,-4.972817165636501
699,2,0.0,0.0,0.0,0.0,0.0
699,3,0.0,0.0,0.0,0.0,0.0
699,4,0.0,0.0,0.0,0.0,0.0
700,0,0.0,-2.5987272767295955,0.0,0.0,0.0
700,1,0.0,0.0,0.0,0.0,-4.97449461109902
700,2,0.0,0.0,0.0,0.0,0.0
700,3,0.0,0.0,0.0,0.0,0.0
700,4,0.0,0.0,0.0,0.0,0.0
701,0,0.0,-2.6026491347539467,0.0,0.0,0.0
701,1,0.0,0.0,0.0,0.0,-4.975137911757177
701,2,0.0,0.0,0.0,0.0,0.0
701,3,0.0,0.0,0.0,0.0,0.0
701,4,0.0,0.0,0.0,0.0,0.0
702,0,0.0,-2.6065624406126604,0.0,0.0,0.0
702,1,0.0,0.0,0.0,0.0,-4.978989855384209
702,2,0.0,0.0,0.0,0.0,0.0
702,3,0.0,0.0,0.0,0.0,0.0
702,4,0.0,0.0,0.0,0.0,0.0
703,0,0.0,-2.6104745765246036,0.0,0.0,0.0
703,1,0.0,0.0,0.0,0.0,-4.982831932293241
703,2,0.0,0.0,0.0,0.0,0.0
703,3,0.0,0.0,0.0,0.0,0.0
703,4,0.0,0.0,0.0,0.0,0.0
704,0,0.0,-2.614385522727993,0.0,0.0,0.0
704,1,0.0,0.0,0.0,0.0,-4.984492446289553
704,2,0.0,0.0,0.0,0.0,0.0
704,3,0.0,0.0,0.0,0.0,0.0
704,4,0.0,0.0,0.0,0.0,0.0
705,0,0.0,-2.6182901624760198,0.0,0.0,0.0
705,1,0.0,0.0,0.0,0.0,-4.985126984813177
705,2,0.0,0.0,0.0,0.0,0.0
705,3,0.0,0.0,0.0,0.0,0.0
705,4,0.0,0.0,0.0,0.0,0.0
706,0,0.0,-2.622186282406842,0.0,0.0,0.0
706,1,0.0,0.0,0.0,0.0,-4.986784088538659
706,2,0.0,0.0,0.0,0.0,0.0
706,3,0.0,0.0,0.0,0.0,0.0
706,4,0.0,0.0,0.0,0.0,0.0
707,0,0.0,-2.626076130244121,0.0,0.0,0.0
707,1,0.0,0.0,0.0,0.0,-4.99060986220131
707,2,0.0,0.0,0.0,0.0,0.0
707,3,0.0,0.0,0.0,0.0,0.0
707,4,0.0,0.0,0.0,0.0,0.0
708,0,0.0,-2.6299648121690336,0.0,0.0,0.0
708,1,0.0,0.0,0.0,0.0,-4.992257602983098
708,2,0.0,0.0,0.0,0.0,0.0
708,3,0.0,0.0,0.0,0.0,0.0
708,4,0.0,0.0,0.0,0.0,0.0
709,0,0.0,-2.63384722191007,0.0,0.0,0.0
709,1,0.0,0.0,0.0,0.0,-4.9928849324268505
709,2,0.0,0.0,0.0,0.0,0.0
709,3,0.0,0.0,0.0,0.0,0.0
709,4,0.0,0.0,0.0,0.0,0.0
710,0,0.0,-2.6377211616177236,0.0,0.0,0.0
710,1,0.0,0.0,0.0,0.0,-5.001697428532888
710,2,0.0,0.0,0.0,0.0,0.0
710,3,0.0,0.0,0.0,0.0,0.0
710,4,0.0,0.0,0.0,0.0,0.0
711,0,0.0,-2.6416057792584846,0.0,0.0,0.0
711,1,0.0,0.0,0.0,0.0,-5.003326773889102
711,2,0.0,0.0,0.0,0.0,0.0
711,3,0.0,0.0,0.0,0.0,0.0
711,4,0.0,0.0,0.0,0.0,0.0
712,0,0.0,-2.6454840948912306,0.0,0.0,0.0
712,1,0.0,0.0,0.0,0.0,-5.0071099910160175
712,2,0.0,0.0,0.0,0.0,0.0
712,3,0.0,0.0,0.0,0.0,0.0
712,4,0.0,0.0,0.0,0.0,0.0
713,0,0.0,-2.649361176837243,0.0,0.0,0.0
713,1,0.0,0.0,0.0,0.0,-5.01088355670768
713,2,0.0,0.0,0.0,0.0,0.0
713,3,0.0,0.0,0.0,0.0,0.0
713,4,0.0,0.0,0.0,0.0,0.0
714,0,0.0,-2.653237006015159,0.0,0.0,0.0
714,1,0.0,0.0,0.0,0.0,-5.01068750491843
714,2,0.0,0.0,0.0,0.0,0.0
714,3,0.0,0.0,0.0,0.0,0.0
714,4,0.0,0.0,0.0,0.0,0.0
715,0,0.0,-2.6571026617790228,0.0,0.0,0.0
715,1,0.0,0.0,0.0,0.0,-5.012302042935994
715,2,0.0,0.0,0.0,0.0,0.0
715,3,0.0,0.0,0.0,0.0,0.0
715,4,0.0,0.0,0.0,0.0,0.0
716,0,0.0,-2.660962035760805,0.0,0.0,0.0
716,1,0.0,0.0,0.0,0.0,-5.013913978165681
716,2,0.0,0.0,0.0,0.0,0.0
716,3,0.0,0.0,0.0,0.0,0.0
716,4,0.0,0.0,0.0,0.0,0.0
717,0,0.0,-2.664815139838288,0.0,0.0,0.0
717,1,0.0,0.0,0.0,0.0,-5.014523267509256
717,2,0.0,0.0,0.0,0.0,0.0
717,3,0.0,0.0,0.0,0.0,0.0
717,4,0.0,0.0,0.0,0.0,0.0
718,0,0.0,-2.6686598230412595,0.0,0.0,0.0
718,1,0.0,0.0,0.0,0.0,-5.0207824878747624
718,2,0.0,0.0,0.0,0.0,0.0
718,3,0.0,0.0,0.0,0.0,0.0
718,4,0.0,0.0,0.0,0.0,0.0
719,0,0.0,-2.6725092218591984,0.0,0.0,0.0
719,1,0.0,0.0,0.0,0.0,-5.021386482962446
719,2,0.0,0.0,0.0,0.0,0.0
719,3,0.0,0.0,0.0,0.0,0.0
719,4,0.0,0.0,0.0,0.0,0.0
720,0,0.0,-2.6763502003284216,0.0,0.0,0.0
720,1,0.0,0.0,0.0,0.0,-5.021180379629523
720,2,0.0,0.0,0.0,0.0,0.0
720,3,0.0,0.0,0.0,0.0,0.0
720,4,0.0,0.0,0.0,0.0,0.0
721,0,0.0,-2.6801810884382653,0.0,0.0,0.0
721,1,0.0,0.0,0.0,0.0,-5.022778683583258
721,2,0.0,0.0,0.0,0.0,0.0
721,3,0.0,0.0,0.0,0.0,0.0
721,4,0.0,0.0,0.0,0.0,0.0
722,0,0.0,-2.6840057565069992,0.0,0.0,0.0
722,1,0.0,0.0,0.0,0.0,-5.02651815805429
722,2,0.0,0.0,0.0,0.0,0.0
722,3,0.0,0.0,0.0,0.0,0.0
722,4,0.0,0.0,0.0,0.0,0.0
723,0,0.0,-2.68782923588875,0.0,0.0,0.0
723,1,0.0,0.0,0.0,0.0,-5.032748112016313
723,2,0.0,0.0,0.0,0.0,0.0
723,3,0.0,0.0,0.0,0.0,0.0
723,4,0.0,0.0,0.0,0.0,0.0
724,0,0.0,-2.6916574183336173,0.0,0.0,0.0
724,1,0.0,0.0,0.0,0.0,-5.0364602432704375
724,2,0.0,0.0,0.0,0.0,0.0
724,3,0.0,0.0,0.0,0.0,0.0
724,4,0.0,0.0,0.0,0.0,0.0
725,0,0.0,-2.6954843384138294,0.0,0.0,0.0
725,1,0.0,0.0,0.0,0.0,-5.036238780961938
725,2,0.0,0.0,0.0,0.0,0.0
725,3,0.0,0.0,0.0,0.0,0.0
725,4,0.0,0.0,0.0,0.0,0.0
726,0,0.0,-2.6993011772616513,0.0,0.0,0.0
726,1,0.0,0.0,0.0,0.0,-5.037812430752824
726,2,0.0,0.0,0.0,0.0,0.0
726,3,0.0,0.0,0.0,0.0,0.0
726,4,0.0,0.0,0.0,0.0,0.0
727,0,0.0,-2.7031117802765703,0.0,0.0,0.0
727,1,0.0,0.0,0.0,0.0,-5.039383574241504
727,2,0.0,0.0,0.0,0.0,0.0
727,3,0.0,0.0,0.0,0.0,0.0
727,4,0.0,0.0,0.0,0.0,0.0
728,0,0.0,-2.7069161594133355,0.0,0.0,0.0
728,1,0.0,0.0,0.0,0.0,-5.03997159142971
728,2,0.0,0.0,0.0,0.0,0.0
728,3,0.0,0.0,0.0,0.0,0.0
728,4,0.0,0.0,0.0,0.0,0.0
729,0,0.0,-2.7107122169168707,0.0,0.0,0.0
729,1,0.0,0.0,0.0,0.0,-5.041539607094418
729,2,0.0,0.0,0.0,0.0,0.0
729,3,0.0,0.0,0.0,0.0,0.0
729,4,0.0,0.0,0.0,0.0,0.0
730,0,0.0,-2.7145020845852104,0.0,0.0,0.0
730,1,0.0,0.0,0.0,0.0,-5.045235188230784
730,2,0.0,0.0,0.0,0.0,0.0
730,3,0.0,0.0,0.0,0.0,0.0
730,4,0.0,0.0,0.0,0.0,0.0
731,0,0.0,-2.718290756655003,0.0,0.0,0.0
731,1,0.0,0.0,0.0,0.0,-5.045818035833691
731,2,0.0,0.0,0.0,0.0,0.0
731,3,0.0,0.0,0.0,0.0,0.0
731,4,0.0,0.0,0.0,0.0,0.0
732,0,0.0,-2.722071142139784,0.0,0.0,0.0
732,1,0.0,0.0,0.0,0.0,-5.045587656578409
732,2,0.0,0.0,0.0,0.0,0.0
732,3,0.0,0.0,0.0,0.0,0.0
732,4,0.0,0.0,0.0,0.0,0.0
733,0,0.0,-2.725841566067059,0.0,0.0,0.0
733,1,0.0,0.0,0.0,0.0,-5.045357767837724
733,2,0.0,0.0,0.0,0.0,0.0
733,3,0.0,0.0,0.0,0.0,0.0
733,4,0.0,0.0,0.0,0.0,0.0
734,0,0.0,-2.729602059684685,0.0,0.0,0.0
734,1,0.0,0.0,0.0,0.0,-5.046918090107642
734,2,0.0,0.0,0.0,0.0,0.0
734,3,0.0,0.0,0.0,0.0,0.0
734,4,0.0,0.0,0.0,0.0,0.0
735,0,0.0,-2.7333564463305096,0.0,0.0,0.0
735,1,0.0,0.0,0.0,0.0,-5.053104183570295
735,2,0.0,0.0,0.0,0.0,0.0
735,3,0.0,0.0,0.0,0.0,0.0
735,4,0.0,0.0,0.0,0.0,0.0
736,0,0.0,-2.737115615754777,0.0,0.0,0.0
736,1,0.0,0.0,0.0,0.0,-5.052866793184742
736,2,0.0,0.0,0.0,0.0,0.0
736,3,0.0,0.0,0.0,0.0,0.0
736,4,0.0,0.0,0.0,0.0,0.0
737,0,0.0,-2.7408648725972014,0.0,0.0,0.0
737,1,0.0,0.0,0.0,0.0,-5.056536750975193
737,2,0.0,0.0,0.0,0.0,0.0
737,3,0.0,0.0,0.0,0.0,0.0
737,4,0.0,0.0,0.0,0.0,0.0
738,0,0.0,-2.7446129839562863,0.0,0.0,0.0
738,1,0.0,0.0,0.0,0.0,-5.060197402776123
738,2,0.0,0.0,0.0,0.0,0.0
738,3,0.0,0.0,0.0,0.0,0.0
738,4,0.0,0.0,0.0,0.0,0.0
739,0,0.0,-2.748359931331831,0.0,0.0,0.0
739,1,0.0,0.0,0.0,0.0,-5.06076780561866
739,2,0.0,0.0,0.0,0.0,0.0
739,3,0.0,0.0,0.0,0.0,0.0
739,4,0.0,0.0,0.0,0.0,0.0
740,0,0.0,-2.752098688781308,0.0,0.0,0.0
740,1,0.0,0.0,0.0,0.0,-5.066918714601108
740,2,0.0,0.0,0.0,0.0,0.0
740,3,0.0,0.0,0.0,0.0,0.0
740,4,0.0,0.0,0.0,0.0,0.0
741,0,0.0,-2.7558421874164853,0.0,0.0,0.0
741,1,0.0,0.0,0.0,0.0,-5.0674840109906905
741,2,0.0,0.0,0.0,0.0,0.0
741,3,0.0,0.0,0.0,0.0,0.0
741,4,0.0,0.0,0.0,0.0,0.0
742,0,0.0,-2.759577496288208,0.0,0.0,0.0
742,1,0.0,0.0,0.0,0.0,-5.069009363279158
742,2,0.0,0.0,0.0,0.0,0.0
742,3,0.0,0.0,0.0,0.0,0.0
742,4,0.0,0.0,0.0,0.0,0.0
743,0,0.0,-2.7633066906868953,0.0,0.0,0.0
743,1,0.0,0.0,0.0,0.0,-5.07513963807823
743,2,0.0,0.0,0.0,0.0,0.0
743,3,0.0,0.0,0.0,0.0,0.0
743,4,0.0,0.0,0.0,0.0,0.0
744,0,0.0,-2.7670406032653805,0.0,0.0,0.0
744,1,0.0,0.0,0.0,0.0,-5.078752431095437
744,2,0.0,0.0,0.0,0.0,0.0
744,3,0.0,0.0,0.0,0.0,0.0
744,4,0.0,0.0,0.0,0.0,0.0
745,0,0.0,-2.770773278606275,0.0,0.0,0.0
745,1,0.0,0.0,0.0,0.0,-5.082356108183785
745,2,0.0,0.0,0.0,0.0,0.0
745,3,0.0,0.0,0.0,0.0,0.0
745,4,0.0,0.0,0.0,0.0,0.0
746,0,0.0,-2.77450469891116,0.0,0.0,0.0
746,1,0.0,0.0,0.0,0.0,-5.085950698712722
746,2,0.0,0.0,0.0,0.0,0.0
746,3,0.0,0.0,0.0,0.0,0.0
746,4,0.0,0.0,0.0,0.0,0.0
747,0,0.0,-2.7782348464988664,0.0,0.0,0.0
747,1,0.0,0.0,0.0,0.0,-5.08953623193865
747,2,0.0,0.0,0.0,0.0,0.0
747,3,0.0,0.0,0.0,0.0,0.0
747,4,0.0,0.0,0.0,0.0,0.0
748,0,0.0,-2.781963703805604,0.0,0.0,0.0
748,1,0.0,0.0,0.0,0.0,-5.095612676039354
748,2,0.0,0.0,0.0,0.0,0.0
748,3,0.0,0.0,0.0,0.0,0.0
748,4,0.0,0.0,0.0,0.0,0.0
749,0,0.0,-2.7856971551832728,0.0,0.0,0.0
749,1,0.0,0.0,0.0,0.0,-5.104171780601068
749,2,0.0,0.0,0.0,0.0,0.0
749,3,0.0,0.0,0.0,0.0,0.0
749,4,0.0,0.0,0.0,0.0,0.0
750,0,0.0,-2.7894410506195744,0.0,0.0,0.0
750,1,0.0,0.0,0.0,0.0,-5.104708459645922
750,2,0.0,0.0,0.0,0.0,0.0
750,3,0.0,0.0,0.0,0.0,0.0
750,4,0.0,0.0,0.0,0.0,0.0
751,0,0.0,-2.7931766987750106,0.0,0.0,0.0
751,1,0.0,0.0,0.0,0.0,-5.106175477400946
751,2,0.0,0.0,0.0,0.0,0.0
751,3,0.0,0.0,0.0,0.0,0.0
751,4,0.0,0.0,0.0,0.0,0.0
752,0,0.0,-2.79690610128873,0.0,0.0,0.0
752,1,0.0,0.0,0.0,0.0,-5.114706135397528
752,2,0.0,0.0,0.0,0.0,0.0
752,3,0.0,0.0,0.0,0.0,0.0
752,4,0.0,0.0,0.0,0.0,0.0
753,0,0.0,-2.8006458911701757,0.0,0.0,0.0
753,1,0.0,0.0,0.0,0.0,-5.123211276925582
753,2,0.0,0.0,0.0,0.0,0.0
753,3,0.0,0.0,0.0,0.0,0.0
753,4,0.0,0.0,0.0,0.0,0.0
754,0,0.0,-2.8043959815986192,0.0,0.0,0.0
754,1,0.0,0.0,0.0,0.0,-5.131690992372644
754,2,0.0,0.0,0.0,0.0,0.0
754,3,0.0,0.0,0.0,0.0,0.0
754,4,0.0,0.0,0.0,0.0,0.0
755,0,0.0,-2.808156286150935,0.0,0.0,0.0
755,1,0.0,0.0,0.0,0.0,-5.13311829558447
755,2,0.0,0.0,0.0,0.0,0.0
755,3,0.0,0.0,0.0,0.0,0.0
755,4,0.0,0.0,0.0,0.0,0.0
756,0,0.0,-2.81191018778412,0.0,0.0,0.0
756,1,0.0,0.0,0.0,0.0,-5.133633562569208
756,2,0.0,0.0,0.0,0.0,0.0
756,3,0.0,0.0,0.0,0.0,0.0
756,4,0.0,0.0,0.0,0.0,0.0
757,0,0.0,-2.8156557718691615,0.0,0.0,0.0
757,1,0.0,0.0,0.0,0.0,-5.137085822835859
757,2,0.0,0.0,0.0,0.0,0.0
757,3,0.0,0.0,0.0,0.0,0.0
757,4,0.0,0.0,0.0,0.0,0.0
758,0,0.0,-2.819399710333624,0.0,0.0,0.0
758,1,0.0,0.0,0.0,0.0,-5.143028947295216
758,2,0.0,0.0,0.0,0.0,0.0
758,3,0.0,0.0,0.0,0.0,0.0
758,4,0.0,0.0,0.0,0.0,0.0
759,0,0.0,-2.8231478894589874,0.0,0.0,0.0
759,1,0.0,0.0,0.0,0.0,-5.142697020684417
759,2,0.0,0.0,0.0,0.0,0.0
759,3,0.0,0.0,0.0,0.0,0.0
759,4,0.0,0.0,0.0,0.0,0.0
760,0,0.0,-2.8268859850839436,0.0,0.0,0.0
760,1,0.0,0.0,0.0,0.0,-5.144108513565526
760,2,0.0,0.0,0.0,0.0,0.0
760,3,0.0,0.0,0.0,0.0,0.0
760,4,0.0,0.0,0.0,0.0,0.0
761,0,0.0,-2.830617705307973,0.0,0.0,0.0
761,1,0.0,0.0,0.0,0.0,-5.1455178834930155
761,2,0.0,0.0,0.0,0.0,0.0
761,3,0.0,0.0,0.0,0.0,0.0
761,4,0.0,0.0,0.0,0.0,0.0
762,0,0.0,-2.8343430633473172,0.0,0.0,0.0
762,1,0.0,0.0,0.0,0.0,-5.1489420441848095
762,2,0.0,0.0,0.0,0.0,0.0
762,3,0.0,0.0,0.0,0.0,0.0
762,4,0.0,0.0,0.0,0.0,0.0
763,0,0.0,-2.8380667655442506,0.0,0.0,0.0
763,1,0.0,0.0,0.0,0.0,-5.157357004811411
763,2,0.0,0.0,0.0,0.0,0.0
763,3,0.0,0.0,0.0,0.0,0.0
763,4,0.0,0.0,0.0,0.0,0.0
764,0,0.0,-2.841800598007047,0.0,0.0,0.0
764,1,0.0,0.0,0.0,0.0,-5.157853264101272
764,2,0.0,0.0,0.0,0.0,0.0
764,3,0.0,0.0,0.0,0.0,0.0
764,4,0.0,0.0,0.0,0.0,0.0
765,0,0.0,-2.8455261337941997,0.0,0.0,0.0
765,1,0.0,0.0,0.0,0.0,-5.158349016775898
765,2,0.0,0.0,0.0,0.0,0.0
765,3,0.0,0.0,0.0,0.0,0.0
765,4,0.0,0.0,0.0,0.0,0.0
766,0,0.0,-2.849243396130246,0.0,0.0,0.0
766,1,0.0,0.0,0.0,0.0,-5.15973824372126
766,2,0.0,0.0,0.0,0.0,0.0
766,3,0.0,0.0,0.0,0.0,0.0
766,4,0.0,0.0,0.0,0.0,0.0
767,0,0.0,-2.8529542925912734,0.0,0.0,0.0
767,1,0.0,0.0,0.0,0.0,-5.160232168522532
767,2,0.0,0.0,0.0,0.0,0.0
767,3,0.0,0.0,0.0,0.0,0.0
767,4,0.0,0.0,0.0,0.0,0.0
768,0,0.0,-2.8566569543783205,0.0,0.0,0.0
768,1,0.0,0.0,0.0,0.0,-5.161618816008185
768,2,0.0,0.0,0.0,0.0,0.0
768,3,0.0,0.0,0.0,0.0,0.0
768,4,0.0,0.0,0.0,0.0,0.0
769,0,0.0,-2.8603532856654055,0.0,0.0,0.0
769,1,0.0,0.0,0.0,0.0,-5.163003395237685
769,2,0.0,0.0,0.0,0.0,0.0
769,3,0.0,0.0,0.0,0.0,0.0
769,4,0.0,0.0,0.0,0.0,0.0
770,0,0.0,-2.8640432996282397,0.0,0.0,0.0
770,1,0.0,0.0,0.0,0.0,-5.168885620544245
770,2,0.0,0.0,0.0,0.0,0.0
770,3,0.0,0.0,0.0,0.0,0.0
770,4,0.0,0.0,0.0,0.0,0.0
771,0,0.0,-2.8677375542796057,0.0,0.0,0.0
771,1,0.0,0.0,0.0,0.0,-5.169372068994273
771,2,0.0,0.0,0.0,0.0,0.0
771,3,0.0,0.0,0.0,0.0,0.0
771,4,0.0,0.0,0.0,0.0,0.0
772,0,0.0,-2.8714236075137483,0.0,0.0,0.0
772,1,0.0,0.0,0.0,0.0,-5.1707457456871735
772,2,0.0,0.0,0.0,0.0,0.0
772,3,0.0,0.0,0.0,0.0,0.0
772,4,0.0,0.0,0.0,0.0,0.0
773,0,0.0,-2.875103348253261,0.0,0.0,0.0
773,1,0.0,0.0,0.0,0.0,-5.172117382460772
773,2,0.0,0.0,0.0,0.0,0.0
773,3,0.0,0.0,0.0,0.0,0.0
773,4,0.0,0.0,0.0,0.0,0.0
774,0,0.0,-2.878776789677985,0.0,0.0,0.0
774,1,0.0,0.0,0.0,0.0,-5.180478215985474
774,2,0.0,0.0,0.0,0.0,0.0
774,3,0.0,0.0,0.0,0.0,0.0
774,4,0.0,0.0,0.0,0.0,0.0
775,0,0.0,-2.8824603628880845,0.0,0.0,0.0
775,1,0.0,0.0,0.0,0.0,-5.180955620185094
775,2,0.0,0.0,0.0,0.0,0.0
775,3,0.0,0.0,0.0,0.0,0.0
775,4,0.0,0.0,0.0,0.0,0.0
776,0,0.0,-2.8861357478345324,0.0,0.0,0.0
776,1,0.0,0.0,0.0,0.0,-5.18058444348836
776,2,0.0,0.0,0.0,0.0,0.0
776,3,0.0,0.0,0.0,0.0,0.0
776,4,0.0,0.0,0.0,0.0,0.0
777,0,0.0,-2.8898011803087273,0.0,0.0,0.0
777,1,0.0,0.0,0.0,0.0,-5.183923429965315
777,2,0.0,0.0,0.0,0.0,0.0
777,3,0.0,0.0,0.0,0.0,0.0
777,4,0.0,0.0,0.0,0.0,0.0
778,0,0.0,-2.8934649209213825,0.0,0.0,0.0
778,1,0.0,0.0,0.0,0.0,-5.184397863531296
778,2,0.0,0.0,0.0,0.0,0.0
778,3,0.0,0.0,0.0,0.0,0.0
778,4,0.0,0.0,0.0,0.0,0.0
779,0,0.0,-2.897120524866901,0.0,0.0,0.0
779,1,0.0,0.0,0.0,0.0,-5.184023352061439
779,2,0.0,0.0,0.0,0.0,0.0
779,3,0.0,0.0,0.0,0.0,0.0
779,4,0.0,0.0,0.0,0.0,0.0
780,0,0.0,-2.9007662279781243,0.0,0.0,0.0
780,1,0.0,0.0,0.0,0.0,-5.187355837710593
780,2,0.0,0.0,0.0,0.0,0.0
780,3,0.0,0.0,0.0,0.0,0.0
780,4,0.0,0.0,0.0,0.0,0.0
781,0,0.0,-2.9044102774463347,0.0,0.0,0.0
781,1,0.0,0.0,0.0,0.0,-5.187827315741156
781,2,0.0,0.0,0.0,0.0,0.0
781,3,0.0,0.0,0.0,0.0,0.0
781,4,0.0,0.0,0.0,0.0,0.0
782,0,0.0,-2.908046241530796,0.0,0.0,0.0
782,1,0.0,0.0,0.0,0.0,-5.189175822702043
782,2,0.0,0.0,0.0,0.0,0.0
782,3,0.0,0.0,0.0,0.0,0.0
782,4,0.0,0.0,0.0,0.0,0.0
783,0,0.0,-2.911675978116772,0.0,0.0,0.0
783,1,0.0,0.0,0.0,0.0,-5.19249776165147
783,2,0.0,0.0,0.0,0.0,0.0
783,3,0.0,0.0,0.0,0.0,0.0
783,4,0.0,0.0,0.0,0.0,0.0
784,0,0.0,-2.9153040801617465,0.0,0.0,0.0
784,1,0.0,0.0,0.0,0.0,-5.1983099655686775
784,2,0.0,0.0,0.0,0.0,0.0
784,3,0.0,0.0,0.0,0.0,0.0
784,4,0.0,0.0,0.0,0.0,0.0
785,0,0.0,-2.9189364211170896,0.0,0.0,0.0
785,1,0.0,0.0,0.0,0.0,-5.199643581497714
785,2,0.0,0.0,0.0,0.0,0.0
785,3,0.0,0.0,0.0,0.0,0.0
785,4,0.0,0.0,0.0,0.0,0.0
786,0,0.0,-2.922562511873766,0.0,0.0,0.0
786,1,0.0,0.0,0.0,0.0,-5.205437191320847
786,2,0.0,0.0,0.0,0.0,0.0
786,3,0.0,0.0,0.0,0.0,0.0
786,4,0.0,0.0,0.0,0.0,0.0
787,0,0.0,-2.926192803632405,0.0,0.0,0.0
787,1,0.0,0.0,0.0,0.0,-5.205039998995485
787,2,0.0,0.0,0.0,0.0,0.0
787,3,0.0,0.0,0.0,0.0,0.0
787,4,0.0,0.0,0.0,0.0,0.0
788,0,0.0,-2.9298132194199162,0.0,0.0,0.0
788,1,0.0,0.0,0.0,0.0,-5.206364601069768
788,2,0.0,0.0,0.0,0.0,0.0
788,3,0.0,0.0,0.0,0.0,0.0
788,4,0.0,0.0,0.0,0.0,0.0
789,0,0.0,-2.93342739859215,0.0,0.0,0.0
789,1,0.0,0.0,0.0,0.0,-5.205966844757143
789,2,0.0,0.0,0.0,0.0,0.0
789,3,0.0,0.0,0.0,0.0,0.0
789,4,0.0,0.0,0.0,0.0,0.0
790,0,0.0,-2.9370317484840704,0.0,0.0,0.0
790,1,0.0,0.0,0.0,0.0,-5.206423298480682
790,2,0.0,0.0,0.0,0.0,0.0
790,3,0.0,0.0,0.0,0.0,0.0
790,4,0.0,0.0,0.0,0.0,0.0
791,0,0.0,-2.940628098112461,0.0,0.0,0.0
791,1,0.0,0.0,0.0,0.0,-5.207746355333039
791,2,0.0,0.0,0.0,0.0,0.0
791,3,0.0,0.0,0.0,0.0,0.0
791,4,0.0,0.0,0.0,0.0,0.0
792,0,0.0,-2.944218275071358,0.0,0.0,0.0
792,1,0.0,0.0,0.0,0.0,-5.20906748146555
792,2,0.0,0.0,0.0,0.0,0.0
792,3,0.0,0.0,0.0,0.0,0.0
792,4,0.0,0.0,0.0,0.0,0.0
793,0,0.0,-2.947802292339618,0.0,0.0,0.0
793,1,0.0,0.0,0.0,0.0,-5.214842130848265
793,2,0.0,0.0,0.0,0.0,0.0
793,3,0.0,0.0,0.0,0.0,0.0
793,4,0.0,0.0,0.0,0.0,0.0
794,0,0.0,-2.9513905758486976,0.0,0.0,0.0
794,1,0.0,0.0,0.0,0.0,-5.220600420592606
794,2,0.0,0.0,0.0,0.0,0.0
794,3,0.0,0.0,0.0,0.0,0.0
794,4,0.0,0.0,0.0,0.0,0.0
795,0,0.0,-2.95498307613624,0.0,0.0,0.0
795,1,0.0,0.0,0.0,0.0,-5.220187563886202
795,2,0.0,0.0,0.0,0.0,0.0
795,3,0.0,0.0,0.0,0.0,0.0
795,4,0.0,0.0,0.0,0.0,0.0
796,0,0.0,-2.958565778169702,0.0,0.0,0.0
796,1,0.0,0.0,0.0,0.0,-5.228431566236876
796,2,0.0,0.0,0.0,0.0,0.0
796,3,0.0,0.0,0.0,0.0,0.0
796,4,0.0,0.0,0.0,0.0,0.0
797,0,0.0,-2.9621585650163915,0.0,0.0,0.0
797,1,0.0,0.0,0.0,0.0,-5.231654069570642
797,2,0.0,0.0,0.0,0.0,0.0
797,3,0.0,0.0,0.0,0.0,0.0
797,4,0.0,0.0,0.0,0.0,0.0
798,0,0.0,-2.965749584474519,0.0,0.0,0.0
798,1,0.0,0.0,0.0,0.0,-5.234868809870397
798,2,0.0,0.0,0.0,0.0,0.0
798,3,0.0,0.0,0.0,0.0,0.0
798,4,0.0,0.0,0.0,0.0,0.0
799,0,0.0,-2.9693388234249216,0.0,0.0,0.0
799,1,0.0,0.0,0.0,0.0,-5.234440142965049
799,2,0.0,0.0,0.0,0.0,0.0
799,3,0.0,0.0,0.0,0.0,0.0
799,4,0.0,0.0,0.0,0.0,0.0
800,0,0.0,-2.9729182389880724,0.0,0.0,0.0
800,1,0.0,0.0,0.0,0.0,-5.237649190684885
800,2,0.0,0.0,0.0,0.0,0.0
800,3,0.0,0.0,0.0,0.0,0.0
800,4,0.0,0.0,0.0,0.0,0.0
801,0,0.0,-2.976495892069947,0.0,0.0,0.0
801,1,0.0,0.0,0.0,0.0,-5.238930074129289
801,2,0.0,0.0,0.0,0.0,0.0
801,3,0.0,0.0,0.0,0.0,0.0
801,4,0.0,0.0,0.0,0.0,0.0
802,0,0.0,-2.9800673322387556,0.0,0.0,0.0
802,1,0.0,0.0,0.0,0.0,-5.244626063624704
802,2,0.0,0.0,0.0,0.0,0.0
802,3,0.0,0.0,0.0,0.0,0.0
802,4,0.0,0.0,0.0,0.0,0.0
803,0,0.0,-2.9836428872565257,0.0,0.0,0.0
803,1,0.0,0.0,0.0,0.0,-5.247809635277559
803,2,0.0,0.0,0.0,0.0,0.0
803,3,0.0,0.0,0.0,0.0,0.0
803,4,0.0,0.0,0.0,0.0,0.0
804,0,0.0,-2.9872166311500274,0.0,0.0,0.0
804,1,0.0,0.0,0.0,0.0,-5.250985573031918
804,2,0.0,0.0,0.0,0.0,0.0
804,3,0.0,0.0,0.0,0.0,0.0
804,4,0.0,0.0,0.0,0.0,0.0
805,0,0.0,-2.9907885512211125,0.0,0.0,0.0
805,1,0.0,0.0,0.0,0.0,-5.254153901582018
805,2,0.0,0.0,0.0,0.0,0.0
805,3,0.0,0.0,0.0,0.0,0.0
805,4,0.0,0.0,0.0,0.0,0.0
806,0,0.0,-2.9943586348637194,0.0,0.0,0.0
806,1,0.0,0.0,0.0,0.0,-5.257314645805637
806,2,0.0,0.0,0.0,0.0,0.0
806,3,0.0,0.0,0.0,0.0,0.0
806,4,0.0,0.0,0.0,0.0,0.0
807,0,0.0,-2.9979268695640995,0.0,0.0,0.0
807,1,0.0,0.0,0.0,0.0,-5.257730913500792
807,2,0.0,0.0,0.0,0.0,0.0
807,3,0.0,0.0,0.0,0.0,0.0
807,4,0.0,0.0,0.0,0.0,0.0
808,0,0.0,-3.001487128277223,0.0,0.0,0.0
808,1,0.0,0.0,0.0,0.0,-5.258146777899415
808,2,0.0,0.0,0.0,0.0,0.0
808,3,0.0,0.0,0.0,0.0,0.0
808,4,0.0,0.0,0.0,0.0,0.0
809,0,0.0,-3.005039433393335,0.0,0.0,0.0
809,1,0.0,0.0,0.0,0.0,-5.259399697309991
809,2,0.0,0.0,0.0,0.0,0.0
809,3,0.0,0.0,0.0,0.0,0.0
809,4,0.0,0.0,0.0,0.0,0.0
810,0,0.0,-3.0085855351324655,0.0,0.0,0.0
810,1,0.0,0.0,0.0,0.0,-5.259814018512317
810,2,0.0,0.0,0.0,0.0,0.0
810,3,0.0,0.0,0.0,0.0,0.0
810,4,0.0,0.0,0.0,0.0,0.0
811,0,0.0,-3.0121237210859655,0.0,0.0,0.0
811,1,0.0,0.0,0.0,0.0,-5.262964890354786
811,2,0.0,0.0,0.0,0.0,0.0
811,3,0.0,0.0,0.0,0.0,0.0
811,4,0.0,0.0,0.0,0.0,0.0
812,0,0.0,-3.0156601215744048,0.0,0.0,0.0
812,1,0.0,0.0,0.0,0.0,-5.266108228087659
812,2,0.0,0.0,0.0,0.0,0.0
812,3,0.0,0.0,0.0,0.0,0.0
812,4,0.0,0.0,0.0,0.0,0.0
813,0,0.0,-3.019194724062894,0.0,0.0,0.0
813,1,0.0,0.0,0.0,0.0,-5.269244056280754
813,2,0.0,0.0,0.0,0.0,0.0
813,3,0.0,0.0,0.0,0.0,0.0
813,4,0.0,0.0,0.0,0.0,0.0
814,0,0.0,-3.0227275161078566,0.0,0.0,0.0
814,1,0.0,0.0,0.0,0.0,-5.269650426099164
814,2,0.0,0.0,0.0,0.0,0.0
814,3,0.0,0.0,0.0,0.0,0.0
814,4,0.0,0.0,0.0,0.0,0.0
815,0,0.0,-3.026252414706589,0.0,0.0,0.0
815,1,0.0,0.0,0.0,0.0,-5.270887624304649
815,2,0.0,0.0,0.0,0.0,0.0
815,3,0.0,0.0,0.0,0.0,0.0
815,4,0.0,0.0,0.0,0.0,0.0
816,0,0.0,-3.0297711520016066,0.0,0.0,0.0
816,1,0.0,0.0,0.0,0.0,-5.272123078493596
816,2,0.0,0.0,0.0,0.0,0.0
816,3,0.0,0.0,0.0,0.0,0.0
816,4,0.0,0.0,0.0,0.0,0.0
817,0,0.0,-3.0332837413554485,0.0,0.0,0.0
817,1,0.0,0.0,0.0,0.0,-5.2725268198239785
817,2,0.0,0.0,0.0,0.0,0.0
817,3,0.0,0.0,0.0,0.0,0.0
817,4,0.0,0.0,0.0,0.0,0.0
818,0,0.0,-3.0367884902235254,0.0,0.0,0.0
818,1,0.0,0.0,0.0,0.0,-5.275651159156716
818,2,0.0,0.0,0.0,0.0,0.0
818,3,0.0,0.0,0.0,0.0,0.0
818,4,0.0,0.0,0.0,0.0,0.0
819,0,0.0,-3.040291483039945,0.0,0.0,0.0
819,1,0.0,0.0,0.0,0.0,-5.278768043131181
819,2,0.0,0.0,0.0,0.0,0.0
819,3,0.0,0.0,0.0,0.0,0.0
819,4,0.0,0.0,0.0,0.0,0.0
820,0,0.0,-3.043792707379473,0.0,0.0,0.0
820,1,0.0,0.0,0.0,0.0,-5.279992737480809
820,2,0.0,0.0,0.0,0.0,0.0
820,3,0.0,0.0,0.0,0.0,0.0
820,4,0.0,0.0,0.0,0.0,0.0
821,0,0.0,-3.047287809071248,0.0,0.0,0.0
821,1,0.0,0.0,0.0,0.0,-5.283100321469436
821,2,0.0,0.0,0.0,0.0,0.0
821,3,0.0,0.0,0.0,0.0,0.0
821,4,0.0,0.0,0.0,0.0,0.0
822,0,0.0,-3.0507811423822364,0.0,0.0,0.0
822,1,0.0,0.0,0.0,0.0,-5.28349509786057
822,2,0.0,0.0,0.0,0.0,0.0
822,3,0.0,0.0,0.0,0.0,0.0
822,4,0.0,0.0,0.0,0.0,0.0
823,0,0.0,-3.0542666725143652,0.0,0.0,0.0
823,1,0.0,0.0,0.0,0.0,-5.289090526102445
823,2,0.0,0.0,0.0,0.0,0.0
823,3,0.0,0.0,0.0,0.0,0.0
823,4,0.0,0.0,0.0,0.0,0.0
824,0,0.0,-3.057756310029458,0.0,0.0,0.0
824,1,0.0,0.0,0.0,0.0,-5.292175237154595
824,2,0.0,0.0,0.0,0.0,0.0
824,3,0.0,0.0,0.0,0.0,0.0
824,4,0.0,0.0,0.0,0.0,0.0
825,0,0.0,-3.0612441405643414,0.0,0.0,0.0
825,1,0.0,0.0,0.0,0.0,-5.293382347482732
825,2,0.0,0.0,0.0,0.0,0.0
825,3,0.0,0.0,0.0,0.0,0.0
825,4,0.0,0.0,0.0,0.0,0.0
826,0,0.0,-3.0647258474885284,0.0,0.0,0.0
826,1,0.0,0.0,0.0,0.0,-5.301452708374938
826,2,0.0,0.0,0.0,0.0,0.0
826,3,0.0,0.0,0.0,0.0,0.0
826,4,0.0,0.0,0.0,0.0,0.0
827,0,0.0,-3.068217493390934,0.0,0.0,0.0
827,1,0.0,0.0,0.0,0.0,-5.3026485625749675
827,2,0.0,0.0,0.0,0.0,0.0
827,3,0.0,0.0,0.0,0.0,0.0
827,4,0.0,0.0,0.0,0.0,0.0
828,0,0.0,-3.0717029807910454,0.0,0.0,0.0
828,1,0.0,0.0,0.0,0.0,-5.30384276024753
828,2,0.0,0.0,0.0,0.0,0.0
828,3,0.0,0.0,0.0,0.0,0.0
828,4,0.0,0.0,0.0,0.0,0.0
829,0,0.0,-3.075182323234939,0.0,0.0,0.0
829,1,0.0,0.0,0.0,0.0,-5.30689146062393
829,2,0.0,0.0,0.0,0.0,0.0
829,3,0.0,0.0,0.0,0.0,0.0
829,4,0.0,0.0,0.0,0.0,0.0
830,0,0.0,-3.0786598030648307,0.0,0.0,0.0
830,1,0.0,0.0,0.0,0.0,-5.314926845789545
830,2,0.0,0.0,0.0,0.0,0.0
830,3,0.0,0.0,0.0,0.0,0.0
830,4,0.0,0.0,0.0,0.0,0.0
831,0,0.0,-3.0821471518152137,0.0,0.0,0.0
831,1,0.0,0.0,0.0,0.0,-5.320438292844033
831,2,0.0,0.0,0.0,0.0,0.0
831,3,0.0,0.0,0.0,0.0,0.0
831,4,0.0,0.0,0.0,0.0,0.0
832,0,0.0,-3.085638407996332,0.0,0.0,0.0
832,1,0.0,0.0,0.0,0.0,-5.321610728596479
832,2,0.0,0.0,0.0,0.0,0.0
832,3,0.0,0.0,0.0,0.0,0.0
832,4,0.0,0.0,0.0,0.0,0.0
833,0,0.0,-3.0891234561532213,0.0,0.0,0.0
833,1,0.0,0.0,0.0,0.0,-5.322781557180024
833,2,0.0,0.0,0.0,0.0,0.0
833,3,0.0,0.0,0.0,0.0,0.0
833,4,0.0,0.0,0.0,0.0,0.0
834,0,0.0,-3.0926023100954563,0.0,0.0,0.0
834,1,0.0,0.0,0.0,0.0,-5.322254047469177
834,2,0.0,0.0,0.0,0.0,0.0
834,3,0.0,0.0,0.0,0.0,0.0
834,4,0.0,0.0,0.0,0.0,0.0
835,0,0.0,-3.0960714418487796,0.0,0.0,0.0
835,1,0.0,0.0,0.0,0.0,-5.327748794354603
835,2,0.0,0.0,0.0,0.0,0.0
835,3,0.0,0.0,0.0,0.0,0.0
835,4,0.0,0.0,0.0,0.0,0.0
836,0,0.0,-3.099544489438546,0.0,0.0,0.0
836,1,0.0,0.0,0.0,0.0,-5.333228071688545
836,2,0.0,0.0,0.0,0.0,0.0
836,3,0.0,0.0,0.0,0.0,0.0
836,4,0.0,0.0,0.0,0.0,0.0
837,0,0.0,-3.1030214065250923,0.0,0.0,0.0
837,1,0.0,0.0,0.0,0.0,-5.332688669152046
837,2,0.0,0.0,0.0,0.0,0.0
837,3,0.0,0.0,0.0,0.0,0.0
837,4,0.0,0.0,0.0,0.0,0.0
838,0,0.0,-3.106488580702105,0.0,0.0,0.0
838,1,0.0,0.0,0.0,0.0,-5.333045209062491
838,2,0.0,0.0,0.0,0.0,0.0
838,3,0.0,0.0,0.0,0.0,0.0
838,4,0.0,0.0,0.0,0.0,0.0
839,0,0.0,-3.1099479513645907,0.0,0.0,0.0
839,1,0.0,0.0,0.0,0.0,-5.341011420802036
839,2,0.0,0.0,0.0,0.0,0.0
839,3,0.0,0.0,0.0,0.0,0.0
839,4,0.0,0.0,0.0,0.0,0.0
840,0,0.0,-3.113417072853021,0.0,0.0,0.0
840,1,0.0,0.0,0.0,0.0,-5.3413617307758825
840,2,0.0,0.0,0.0,0.0,0.0
840,3,0.0,0.0,0.0,0.0,0.0
840,4,0.0,0.0,0.0,0.0,0.0
841,0,0.0,-3.116878373267707,0.0,0.0,0.0
841,1,0.0,0.0,0.0,0.0,-5.349304262165286
841,2,0.0,0.0,0.0,0.0,0.0
841,3,0.0,0.0,0.0,0.0,0.0
841,4,0.0,0.0,0.0,0.0,0.0
842,0,0.0,-3.120349363361384,0.0,0.0,0.0
842,1,0.0,0.0,0.0,0.0,-5.348746920266159
842,2,0.0,0.0,0.0,0.0,0.0
842,3,0.0,0.0,0.0,0.0,0.0
842,4,0.0,0.0,0.0,0.0,0.0
843,0,0.0,-3.1238105891989,0.0,0.0,0.0
843,1,0.0,0.0,0.0,0.0,-5.351678929995119
843,2,0.0,0.0,0.0,0.0,0.0
843,3,0.0,0.0,0.0,0.0,0.0
843,4,0.0,0.0,0.0,0.0,0.0
844,0,0.0,-3.1272697271957974,0.0,0.0,0.0
844,1,0.0,0.0,0.0,0.0,-5.35202103976433
844,2,0.0,0.0,0.0,0.0,0.0
844,3,0.0,0.0,0.0,0.0,0.0
844,4,0.0,0.0,0.0,0.0,0.0
845,0,0.0,-3.130721057004907,0.0,0.0,0.0
845,1,0.0,0.0,0.0,0.0,-5.359935448007081
845,2,0.0,0.0,0.0,0.0,0.0
845,3,0.0,0.0,0.0,0.0,0.0
845,4,0.0,0.0,0.0,0.0,0.0
846,0,0.0,-3.1341820343629565,0.0,0.0,0.0
846,1,0.0,0.0,0.0,0.0,-5.362838410711269
846,2,0.0,0.0,0.0,0.0,0.0
846,3,0.0,0.0,0.0,0.0,0.0
846,4,0.0,0.0,0.0,0.0,0.0
847,0,0.0,-3.1376408565939315,0.0,0.0,0.0
847,1,0.0,0.0,0.0,0.0,-5.363961999371498
847,2,0.0,0.0,0.0,0.0,0.0
847,3,0.0,0.0,0.0,0.0,0.0
847,4,0.0,0.0,0.0,0.0,0.0
848,0,0.0,-3.141093456532588,0.0,0.0,0.0
848,1,0.0,0.0,0.0,0.0,-5.36429452582812
848,2,0.0,0.0,0.0,0.0,0.0
848,3,0.0,0.0,0.0,0.0,0.0
848,4,0.0,0.0,0.0,0.0,0.0
849,0,0.0,-3.1445382481592636,0.0,0.0,0.0
849,1,0.0,0.0,0.0,0.0,-5.367189237875856
849,2,0.0,0.0,0.0,0.0,0.0
849,3,0.0,0.0,0.0,0.0,0.0
849,4,0.0,0.0,0.0,0.0,0.0
850,0,0.0,-3.1479809094524582,0.0,0.0,0.0
850,1,0.0,0.0,0.0,0.0,-5.368307258414426
850,2,0.0,0.0,0.0,0.0,0.0
850,3,0.0,0.0,0.0,0.0,0.0
850,4,0.0,0.0,0.0,0.0,0.0
851,0,0.0,-3.151417381452501,0.0,0.0,0.0
851,1,0.0,0.0,0.0,0.0,-5.369423783470328
851,2,0.0,0.0,0.0,0.0,0.0
851,3,0.0,0.0,0.0,0.0,0.0
851,4,0.0,0.0,0.0,0.0,0.0
852,0,0.0,-3.154847678150247,0.0,0.0,0.0
852,1,0.0,0.0,0.0,0.0,-5.368843698376921
852,2,0.0,0.0,0.0,0.0,0.0
852,3,0.0,0.0,0.0,0.0,0.0
852,4,0.0,0.0,0.0,0.0,0.0
853,0,0.0,-3.158268278531368,0.0,0.0,0.0
853,1,0.0,0.0,0.0,0.0,-5.369959595135571
853,2,0.0,0.0,0.0,0.0,0.0
853,3,0.0,0.0,0.0,0.0,0.0
853,4,0.0,0.0,0.0,0.0,0.0
854,0,0.0,-3.16168274637391,0.0,0.0,0.0
854,1,0.0,0.0,0.0,0.0,-5.371073999508941
854,2,0.0,0.0,0.0,0.0,0.0
854,3,0.0,0.0,0.0,0.0,0.0
854,4,0.0,0.0,0.0,0.0,0.0
855,0,0.0,-3.1650910954997054,0.0,0.0,0.0
855,1,0.0,0.0,0.0,0.0,-5.370492706709859
855,2,0.0,0.0,0.0,0.0,0.0
855,3,0.0,0.0,0.0,0.0,0.0
855,4,0.0,0.0,0.0,0.0,0.0
856,0,0.0,-3.1684898099244183,0.0,0.0,0.0
856,1,0.0,0.0,0.0,0.0,-5.369912527303496
856,2,0.0,0.0,0.0,0.0,0.0
856,3,0.0,0.0,0.0,0.0,0.0
856,4,0.0,0.0,0.0,0.0,0.0
857,0,0.0,-3.171878920766755,0.0,0.0,0.0
857,1,0.0,0.0,0.0,0.0,-5.372801299287377
857,2,0.0,0.0,0.0,0.0,0.0
857,3,0.0,0.0,0.0,0.0,0.0
857,4,0.0,0.0,0.0,0.0,0.0
858,0,0.0,-3.1752660374530857,0.0,0.0,0.0
858,1,0.0,0.0,0.0,0.0,-5.375683434093079
858,2,0.0,0.0,0.0,0.0,0.0
858,3,0.0,0.0,0.0,0.0,0.0
858,4,0.0,0.0,0.0,0.0,0.0
859,0,0.0,-3.178651150145397,0.0,0.0,0.0
859,1,0.0,0.0,0.0,0.0,-5.381046344813664
859,2,0.0,0.0,0.0,0.0,0.0
859,3,0.0,0.0,0.0,0.0,0.0
859,4,0.0,0.0,0.0,0.0,0.0
860,0,0.0,-3.182040086460445,0.0,0.0,0.0
860,1,0.0,0.0,0.0,0.0,-5.382147520451883
860,2,0.0,0.0,0.0,0.0,0.0
860,3,0.0,0.0,0.0,0.0,0.0
860,4,0.0,0.0,0.0,0.0,0.0
861,0,0.0,-3.185422946397663,0.0,0.0,0.0
861,1,0.0,0.0,0.0,0.0,-5.383247232236998
861,2,0.0,0.0,0.0,0.0,0.0
861,3,0.0,0.0,0.0,0.0,0.0
861,4,0.0,0.0,0.0,0.0,0.0
862,0,0.0,-3.188799743658557,0.0,0.0,0.0
862,1,0.0,0.0,0.0,0.0,-5.382652294943258
862,2,0.0,0.0,0.0,0.0,0.0
862,3,0.0,0.0,0.0,0.0,0.0
862,4,0.0,0.0,0.0,0.0,0.0
863,0,0.0,-3.192166967270249,0.0,0.0,0.0
863,1,0.0,0.0,0.0,0.0,-5.390499464943646
863,2,0.0,0.0,0.0,0.0,0.0
863,3,0.0,0.0,0.0,0.0,0.0
863,4,0.0,0.0,0.0,0.0,0.0
864,0,0.0,-3.1955438916240513,0.0,0.0,0.0
864,1,0.0,0.0,0.0,0.0,-5.3933379744300876
864,2,0.0,0.0,0.0,0.0,0.0
864,3,0.0,0.0,0.0,0.0,0.0
864,4,0.0,0.0,0.0,0.0,0.0
865,0,0.0,-3.1989187377593122,0.0,0.0,0.0
865,1,0.0,0.0,0.0,0.0,-5.393646849797081
865,2,0.0,0.0,0.0,0.0,0.0
865,3,0.0,0.0,0.0,0.0,0.0
865,4,0.0,0.0,0.0,0.0,0.0
866,0,0.0,-3.2022859518681686,0.0,0.0,0.0
866,1,0.0,0.0,0.0,0.0,-5.394733686182715
866,2,0.0,0.0,0.0,0.0,0.0
866,3,0.0,0.0,0.0,0.0,0.0
866,4,0.0,0.0,0.0,0.0,0.0
867,0,0.0,-3.205647119313,0.0,0.0,0.0
867,1,0.0,0.0,0.0,0.0,-5.395819086607206
867,2,0.0,0.0,0.0,0.0,0.0
867,3,0.0,0.0,0.0,0.0,0.0
867,4,0.0,0.0,0.0,0.0,0.0
868,0,0.0,-3.2090022537723986,0.0,0.0,0.0
868,1,0.0,0.0,0.0,0.0,-5.401133280052292
868,2,0.0,0.0,0.0,0.0,0.0
868,3,0.0,0.0,0.0,0.0,0.0
868,4,0.0,0.0,0.0,0.0,0.0
869,0,0.0,-3.212361175967371,0.0,0.0,0.0
869,1,0.0,0.0,0.0,0.0,-5.406432583811444
869,2,0.0,0.0,0.0,0.0,0.0
869,3,0.0,0.0,0.0,0.0,0.0
869,4,0.0,0.0,0.0,0.0,0.0
870,0,0.0,-3.2157238414173848,0.0,0.0,0.0
870,1,0.0,0.0,0.0,0.0,-5.411717048654093
870,2,0.0,0.0,0.0,0.0,0.0
870,3,0.0,0.0,0.0,0.0,0.0
870,4,0.0,0.0,0.0,0.0,0.0
871,0,0.0,-3.219090205869183,0.0,0.0,0.0
871,1,0.0,0.0,0.0,0.0,-5.412783490191645
871,2,0.0,0.0,0.0,0.0,0.0
871,3,0.0,0.0,0.0,0.0,0.0
871,4,0.0,0.0,0.0,0.0,0.0
872,0,0.0,-3.222450482613516,0.0,0.0,0.0
872,1,0.0,0.0,0.0,0.0,-5.418051654444093
872,2,0.0,0.0,0.0,0.0,0.0
872,3,0.0,0.0,0.0,0.0,0.0
872,4,0.0,0.0,0.0,0.0,0.0
873,0,0.0,-3.2258144268589297,0.0,0.0,0.0
873,1,0.0,0.0,0.0,0.0,-5.423305083515344
873,2,0.0,0.0,0.0,0.0,0.0
873,3,0.0,0.0,0.0,0.0,0.0
873,4,0.0,0.0,0.0,0.0,0.0
874,0,0.0,-3.2291819947829006,0.0,0.0,0.0
874,1,0.0,0.0,0.0,0.0,-5.424358727507384
874,2,0.0,0.0,0.0,0.0,0.0
874,3,0.0,0.0,0.0,0.0,0.0
874,4,0.0,0.0,0.0,0.0,0.0
875,0,0.0,-3.232543444506027,0.0,0.0,0.0
875,1,0.0,0.0,0.0,0.0,-5.425411002690454
875,2,0.0,0.0,0.0,0.0,0.0
875,3,0.0,0.0,0.0,0.0,0.0
875,4,0.0,0.0,0.0,0.0,0.0
876,0,0.0,-3.2358987900800322,0.0,0.0,0.0
876,1,0.0,0.0,0.0,0.0,-5.426461911485419
876,2,0.0,0.0,0.0,0.0,0.0
876,3,0.0,0.0,0.0,0.0,0.0
876,4,0.0,0.0,0.0,0.0,0.0
877,0,0.0,-3.2392480455155828,0.0,0.0,0.0
877,1,0.0,0.0,0.0,0.0,-5.429215348046743
877,2,0.0,0.0,0.0,0.0,0.0
877,3,0.0,0.0,0.0,0.0,0.0
877,4,0.0,0.0,0.0,0.0,0.0
878,0,0.0,-3.2425951003854903,0.0,0.0,0.0
878,1,0.0,0.0,0.0,0.0,-5.430261503377267
878,2,0.0,0.0,0.0,0.0,0.0
878,3,0.0,0.0,0.0,0.0,0.0
878,4,0.0,0.0,0.0,0.0,0.0
879,0,0.0,-3.245936077874288,0.0,0.0,0.0
879,1,0.0,0.0,0.0,0.0,-5.431306303914604
879,2,0.0,0.0,0.0,0.0,0.0
879,3,0.0,0.0,0.0,0.0,0.0
879,4,0.0,0.0,0.0,0.0,0.0
880,0,0.0,-3.2492709919327605,0.0,0.0,0.0
880,1,0.0,0.0,0.0,0.0,-5.4323497520430335
880,2,0.0,0.0,0.0,0.0,0.0
880,3,0.0,0.0,0.0,0.0,0.0
880,4,0.0,0.0,0.0,0.0,0.0
881,0,0.0,-3.2525998564751015,0.0,0.0,0.0
881,1,0.0,0.0,0.0,0.0,-5.433391850141102
881,2,0.0,0.0,0.0,0.0,0.0
881,3,0.0,0.0,0.0,0.0,0.0
881,4,0.0,0.0,0.0,0.0,0.0
882,0,0.0,-3.255922685376278,0.0,0.0,0.0
882,1,0.0,0.0,0.0,0.0,-5.43613324655585
882,2,0.0,0.0,0.0,0.0,0.0
882,3,0.0,0.0,0.0,0.0,0.0
882,4,0.0,0.0,0.0,0.0,0.0
883,0,0.0,-3.259243357779577,0.0,0.0,0.0
883,1,0.0,0.0,0.0,0.0,-5.438868498375355
883,2,0.0,0.0,0.0,0.0,0.0
883,3,0.0,0.0,0.0,0.0,0.0
883,4,0.0,0.0,0.0,0.0,0.0
884,0,0.0,-3.2625618654413926,0.0,0.0,0.0
884,1,0.0,0.0,0.0,0.0,-5.444077855818503
884,2,0.0,0.0,0.0,0.0,0.0
884,3,0.0,0.0,0.0,0.0,0.0
884,4,0.0,0.0,0.0,0.0,0.0
885,0,0.0,-3.265884014959217,0.0,0.0,0.0
885,1,0.0,0.0,0.0,0.0,-5.444346119585581
885,2,0.0,0.0,0.0,0.0,0.0
885,3,0.0,0.0,0.0,0.0,0.0
885,4,0.0,0.0,0.0,0.0,0.0
886,0,0.0,-3.269198600981853,0.0,0.0,0.0
886,1,0.0,0.0,0.0,0.0,-5.44706181653821
886,2,0.0,0.0,0.0,0.0,0.0
886,3,0.0,0.0,0.0,0.0,0.0
886,4,0.0,0.0,0.0,0.0,0.0
887,0,0.0,-3.27251099316366,0.0,0.0,0.0
887,1,0.0,0.0,0.0,0.0,-5.44732763258662
887,2,0.0,0.0,0.0,0.0,0.0
887,3,0.0,0.0,0.0,0.0,0.0
887,4,0.0,0.0,0.0,0.0,0.0
888,0,0.0,-3.2758158450084376,0.0,0.0,0.0
888,1,0.0,0.0,0.0,0.0,-5.4466570178328295
888,2,0.0,0.0,0.0,0.0,0.0
888,3,0.0,0.0,0.0,0.0,0.0
888,4,0.0,0.0,0.0,0.0,0.0
889,0,0.0,-3.2791111589494086,0.0,0.0,0.0
889,1,0.0,0.0,0.0,0.0,-5.449369419998322
889,2,0.0,0.0,0.0,0.0,0.0
889,3,0.0,0.0,0.0,0.0,0.0
889,4,0.0,0.0,0.0,0.0,0.0
890,0,0.0,-3.2824043227593247,0.0,0.0,0.0
890,1,0.0,0.0,0.0,0.0,-5.452075770045365
890,2,0.0,0.0,0.0,0.0,0.0
890,3,0.0,0.0,0.0,0.0,0.0
890,4,0.0,0.0,0.0,0.0,0.0
891,0,0.0,-3.2856953283944854,0.0,0.0,0.0
891,1,0.0,0.0,0.0,0.0,-5.452337493472314
891,2,0.0,0.0,0.0,0.0,0.0
891,3,0.0,0.0,0.0,0.0,0.0
891,4,0.0,0.0,0.0,0.0,0.0
892,0,0.0,-3.288978846859115,0.0,0.0,0.0
892,1,0.0,0.0,0.0,0.0,-5.451661154380433
892,2,0.0,0.0,0.0,0.0,0.0
892,3,0.0,0.0,0.0,0.0,0.0
892,4,0.0,0.0,0.0,0.0,0.0
893,0,0.0,-3.292252876512353,0.0,0.0,0.0
893,1,0.0,0.0,0.0,0.0,-5.4526807278965155
893,2,0.0,0.0,0.0,0.0,0.0
893,3,0.0,0.0,0.0,0.0,0.0
893,4,0.0,0.0,0.0,0.0,0.0
894,0,0.0,-3.295520974171705,0.0,0.0,0.0
894,1,0.0,0.0,0.0,0.0,-5.452941962198354
894,2,0.0,0.0,0.0,0.0,0.0
894,3,0.0,0.0,0.0,0.0,0.0
894,4,0.0,0.0,0.0,0.0,0.0
895,0,0.0,-3.298781649733664,0.0,0.0,0.0
895,1,0.0,0.0,0.0,0.0,-5.453202987882763
895,2,0.0,0.0,0.0,0.0,0.0
895,3,0.0,0.0,0.0,0.0,0.0
895,4,0.0,0.0,0.0,0.0,0.0
896,0,0.0,-3.3020349243214384,0.0,0.0,0.0
896,1,0.0,0.0,0.0,0.0,-5.45838401583421
896,2,0.0,0.0,0.0,0.0,0.0
896,3,0.0,0.0,0.0,0.0,0.0
896,4,0.0,0.0,0.0,0.0,0.0
897,0,0.0,-3.3052919406549957,0.0,0.0,0.0
897,1,0.0,0.0,0.0,0.0,-5.461072578303441
897,2,0.0,0.0,0.0,0.0,0.0
897,3,0.0,0.0,0.0,0.0,0.0
897,4,0.0,0.0,0.0,0.0,0.0
898,0,0.0,-3.308546853686666,0.0,0.0,0.0
898,1,0.0,0.0,0.0,0.0,-5.466232923257149
898,2,0.0,0.0,0.0,0.0,0.0
898,3,0.0,0.0,0.0,0.0,0.0
898,4,0.0,0.0,0.0,0.0,0.0
899,0,0.0,-3.3118054566383837,0.0,0.0,0.0
899,1,0.0,0.0,0.0,0.0,-5.4713788558866785
899,2,0.0,0.0,0.0,0.0,0.0
899,3,0.0,0.0,0.0,0.0,0.0
899,4,0.0,0.0,0.0,0.0,0.0
900,0,0.0,-3.315067706517807,0.0,0.0,0.0
900,1,0.0,0.0,0.0,0.0,-5.474034729401389
900,2,0.0,0.0,0.0,0.0,0.0
900,3,0.0,0.0,0.0,0.0,0.0
900,4,0.0,0.0,0.0,0.0,0.0
901,0,0.0,-3.318327763403145,0.0,0.0,0.0
901,1,0.0,0.0,0.0,0.0,-5.47668473874857
901,2,0.0,0.0,0.0,0.0,0.0
901,3,0.0,0.0,0.0,0.0,0.0
901,4,0.0,0.0,0.0,0.0,0.0
902,0,0.0,-3.3215856198148095,0.0,0.0,0.0
902,1,0.0,0.0,0.0,0.0,-5.479328901906417
902,2,0.0,0.0,0.0,0.0,0.0
902,3,0.0,0.0,0.0,0.0,0.0
902,4,0.0,0.0,0.0,0.0,0.0
903,0,0.0,-3.3248412683374933,0.0,0.0,0.0
903,1,0.0,0.0,0.0,0.0,-5.484442229916724
903,2,0.0,0.0,0.0,0.0,0.0
903,3,0.0,0.0,0.0,0.0,0.0
903,4,0.0,0.0,0.0,0.0,0.0
904,0,0.0,-3.328100496974988,0.0,0.0,0.0
904,1,0.0,0.0,0.0,0.0,-5.487067393554798
904,2,0.0,0.0,0.0,0.0,0.0
904,3,0.0,0.0,0.0,0.0,0.0
904,4,0.0,0.0,0.0,0.0,0.0
905,0,0.0,-3.3313574701845075,0.0,0.0,0.0
905,1,0.0,0.0,0.0,0.0,-5.487301006338511
905,2,0.0,0.0,0.0,0.0,0.0
905,3,0.0,0.0,0.0,0.0,0.0
905,4,0.0,0.0,0.0,0.0,0.0
906,0,0.0,-3.3346069965740037,0.0,0.0,0.0
906,1,0.0,0.0,0.0,0.0,-5.487534446170922
906,2,0.0,0.0,0.0,0.0,0.0
906,3,0.0,0.0,0.0,0.0,0.0
906,4,0.0,0.0,0.0,0.0,0.0
907,0,0.0,-3.3378490974410213,0.0,0.0,0.0
907,1,0.0,0.0,0.0,0.0,-5.487767713184523
907,2,0.0,0.0,0.0,0.0,0.0
907,3,0.0,0.0,0.0,0.0,0.0
907,4,0.0,0.0,0.0,0.0,0.0
908,0,0.0,-3.341083794006728,0.0,0.0,0.0
908,1,0.0,0.0,0.0,0.0,-5.487048383982916
908,2,0.0,0.0,0.0,0.0,0.0
908,3,0.0,0.0,0.0,0.0,0.0
908,4,0.0,0.0,0.0,0.0,0.0
909,0,0.0,-3.344309045408995,0.0,0.0,0.0
909,1,0.0,0.0,0.0,0.0,-5.492145109708724
909,2,0.0,0.0,0.0,0.0,0.0
909,3,0.0,0.0,0.0,0.0,0.0
909,4,0.0,0.0,0.0,0.0,0.0
910,0,0.0,-3.3475379147202475,0.0,0.0,0.0
910,1,0.0,0.0,0.0,0.0,-5.4914207423354355
910,2,0.0,0.0,0.0,0.0,0.0
910,3,0.0,0.0,0.0,0.0,0.0
910,4,0.0,0.0,0.0,0.0,0.0
911,0,0.0,-3.3507573445304506,0.0,0.0,0.0
911,1,0.0,0.0,0.0,0.0,-5.494033151075546
911,2,0.0,0.0,0.0,0.0,0.0
911,3,0.0,0.0,0.0,0.0,0.0
911,4,0.0,0.0,0.0,0.0,0.0
912,0,0.0,-3.3539745946251944,0.0,0.0,0.0
912,1,0.0,0.0,0.0,0.0,-5.496639833897282
912,2,0.0,0.0,0.0,0.0,0.0
912,3,0.0,0.0,0.0,0.0,0.0
912,4,0.0,0.0,0.0,0.0,0.0
913,0,0.0,-3.357189657820839,0.0,0.0,0.0
913,1,0.0,0.0,0.0,0.0,-5.501713234216253
913,2,0.0,0.0,0.0,0.0,0.0
913,3,0.0,0.0,0.0,0.0,0.0
913,4,0.0,0.0,0.0,0.0,0.0
914,0,0.0,-3.3604083111174394,0.0,0.0,0.0
914,1,0.0,0.0,0.0,0.0,-5.509272497597158
914,2,0.0,0.0,0.0,0.0,0.0
914,3,0.0,0.0,0.0,0.0,0.0
914,4,0.0,0.0,0.0,0.0,0.0
915,0,0.0,-3.363636366666694,0.0,0.0,0.0
915,1,0.0,0.0,0.0,0.0,-5.511840223056768
915,2,0.0,0.0,0.0,0.0,0.0
915,3,0.0,0.0,0.0,0.0,0.0
915,4,0.0,0.0,0.0,0.0,0.0
916,0,0.0,-3.3668621160339125,0.0,0.0,0.0
916,1,0.0,0.0,0.0,0.0,-5.519371241678816
916,2,0.0,0.0,0.0,0.0,0.0
916,3,0.0,0.0,0.0,0.0,0.0
916,4,0.0,0.0,0.0,0.0,0.0
917,0,0.0,-3.370097184898671,0.0,0.0,0.0
917,1,0.0,0.0,0.0,0.0,-5.519579021093102
917,2,0.0,0.0,0.0,0.0,0.0
917,3,0.0,0.0,0.0,0.0,0.0
917,4,0.0,0.0,0.0,0.0,0.0
918,0,0.0,-3.3733248177815236,0.0,0.0,0.0
918,1,0.0,0.0,0.0,0.0,-5.520527235610395
918,2,0.0,0.0,0.0,0.0,0.0
918,3,0.0,0.0,0.0,0.0,0.0
918,4,0.0,0.0,0.0,0.0,0.0
919,0,0.0,-3.3765464970372236,0.0,0.0,0.0
919,1,0.0,0.0,0.0,0.0,-5.520734097863063
919,2,0.0,0.0,0.0,0.0,0.0
919,3,0.0,0.0,0.0,0.0,0.0
919,4,0.0,0.0,0.0,0.0,0.0
920,0,0.0,-3.3797607771454903,0.0,0.0,0.0
920,1,0.0,0.0,0.0,0.0,-5.520940821286153
920,2,0.0,0.0,0.0,0.0,0.0
920,3,0.0,0.0,0.0,0.0,0.0
920,4,0.0,0.0,0.0,0.0,0.0
921,0,0.0,-3.382967679358708,0.0,0.0,0.0
921,1,0.0,0.0,0.0,0.0,-5.523482542129384
921,2,0.0,0.0,0.0,0.0,0.0
921,3,0.0,0.0,0.0,0.0,0.0
921,4,0.0,0.0,0.0,0.0,0.0
922,0,0.0,-3.3861722711854667,0.0,0.0,0.0
922,1,0.0,0.0,0.0,0.0,-5.526018780199077
922,2,0.0,0.0,0.0,0.0,0.0
922,3,0.0,0.0,0.0,0.0,0.0
922,4,0.0,0.0,0.0,0.0,0.0
923,0,0.0,-3.3893745463680887,0.0,0.0,0.0
923,1,0.0,0.0,0.0,0.0,-5.52854955195671
923,2,0.0,0.0,0.0,0.0,0.0
923,3,0.0,0.0,0.0,0.0,0.0
923,4,0.0,0.0,0.0,0.0,0.0
924,0,0.0,-3.392574498703491,0.0,0.0,0.0
924,1,0.0,0.0,0.0,0.0,-5.529487399446023
924,2,0.0,0.0,0.0,0.0,0.0
924,3,0.0,0.0,0.0,0.0,0.0
924,4,0.0,0.0,0.0,0.0,0.0
925,0,0.0,-3.395768552049261,0.0,0.0,0.0
925,1,0.0,0.0,0.0,0.0,-5.536977471432321
925,2,0.0,0.0,0.0,0.0,0.0
925,3,0.0,0.0,0.0,0.0,0.0
925,4,0.0,0.0,0.0,0.0,0.0
926,0,0.0,-3.3989719075984204,0.0,0.0,0.0
926,1,0.0,0.0,0.0,0.0,-5.5394817262277165
926,2,0.0,0.0,0.0,0.0,0.0
926,3,0.0,0.0,0.0,0.0,0.0
926,4,0.0,0.0,0.0,0.0,0.0
927,0,0.0,-3.4021728761315426,0.0,0.0,0.0
927,1,0.0,0.0,0.0,0.0,-5.541980622282876
927,2,0.0,0.0,0.0,0.0,0.0
927,3,0.0,0.0,0.0,0.0,0.0
927,4,0.0,0.0,0.0,0.0,0.0
928,0,0.0,-3.4053714518890477,0.0,0.0,0.0
928,1,0.0,0.0,0.0,0.0,-5.542904928569883
928,2,0.0,0.0,0.0,0.0,0.0
928,3,0.0,0.0,0.0,0.0,0.0
928,4,0.0,0.0,0.0,0.0,0.0
929,0,0.0,-3.4085641042631436,0.0,0.0,0.0
929,1,0.0,0.0,0.0,0.0,-5.545397265203822
929,2,0.0,0.0,0.0,0.0,0.0
929,3,0.0,0.0,0.0,0.0,0.0
929,4,0.0,0.0,0.0,0.0,0.0
930,0,0.0,-3.4117543713459613,0.0,0.0,0.0
930,1,0.0,0.0,0.0,0.0,-5.54631763172448
930,2,0.0,0.0,0.0,0.0,0.0
930,3,0.0,0.0,0.0,0.0,0.0
930,4,0.0,0.0,0.0,0.0,0.0
931,0,0.0,-3.414938729680973,0.0,0.0,0.0
931,1,0.0,0.0,0.0,0.0,-5.547236879653014
931,2,0.0,0.0,0.0,0.0,0.0
931,3,0.0,0.0,0.0,0.0,0.0
931,4,0.0,0.0,0.0,0.0,0.0
932,0,0.0,-3.418117193256159,0.0,0.0,0.0
932,1,0.0,0.0,0.0,0.0,-5.554684293347975
932,2,0.0,0.0,0.0,0.0,0.0
932,3,0.0,0.0,0.0,0.0,0.0
932,4,0.0,0.0,0.0,0.0,0.0
933,0,0.0,-3.4213049008280714,0.0,0.0,0.0
933,1,0.0,0.0,0.0,0.0,-5.559609641364234
933,2,0.0,0.0,0.0,0.0,0.0
933,3,0.0,0.0,0.0,0.0,0.0
933,4,0.0,0.0,0.0,0.0,0.0
934,0,0.0,-3.424495925854205,0.0,0.0,0.0
934,1,0.0,0.0,0.0,0.0,-5.559784382101839
934,2,0.0,0.0,0.0,0.0,0.0
934,3,0.0,0.0,0.0,0.0,0.0
934,4,0.0,0.0,0.0,0.0,0.0
935,0,0.0,-3.4276795731282967,0.0,0.0,0.0
935,1,0.0,0.0,0.0,0.0,-5.5606911259666765
935,2,0.0,0.0,0.0,0.0,0.0
935,3,0.0,0.0,0.0,0.0,0.0
935,4,0.0,0.0,0.0,0.0,0.0
936,0,0.0,-3.430857302019164,0.0,0.0,0.0
936,1,0.0,0.0,0.0,0.0,-5.561596775778811
936,2,0.0,0.0,0.0,0.0,0.0
936,3,0.0,0.0,0.0,0.0,0.0
936,4,0.0,0.0,0.0,0.0,0.0
937,0,0.0,-3.4340291266067964,0.0,0.0,0.0
937,1,0.0,0.0,0.0,0.0,-5.564047549726215
937,2,0.0,0.0,0.0,0.0,0.0
937,3,0.0,0.0,0.0,0.0,0.0
937,4,0.0,0.0,0.0,0.0,0.0
938,0,0.0,-3.4371985257657793,0.0,0.0,0.0
938,1,0.0,0.0,0.0,0.0,-5.564949373655587
938,2,0.0,0.0,0.0,0.0,0.0
938,3,0.0,0.0,0.0,0.0,0.0
938,4,0.0,0.0,0.0,0.0,0.0
939,0,0.0,-3.440362035579949,0.0,0.0,0.0
939,1,0.0,0.0,0.0,0.0,-5.565850112216696
939,2,0.0,0.0,0.0,0.0,0.0
939,3,0.0,0.0,0.0,0.0,0.0
939,4,0.0,0.0,0.0,0.0,0.0
940,0,0.0,-3.443519670067832,0.0,0.0,0.0
940,1,0.0,0.0,0.0,0.0,-5.565034153431459
940,2,0.0,0.0,0.0,0.0,0.0
940,3,0.0,0.0,0.0,0.0,0.0
940,4,0.0,0.0,0.0,0.0,0.0
941,0,0.0,-3.446667859795824,0.0,0.0,0.0
941,1,0.0,0.0,0.0,0.0,-5.569939157621688
941,2,0.0,0.0,0.0,0.0,0.0
941,3,0.0,0.0,0.0,0.0,0.0
941,4,0.0,0.0,0.0,0.0,0.0
942,0,0.0,-3.449819421109011,0.0,0.0,0.0
942,1,0.0,0.0,0.0,0.0,-5.569118408415236
942,2,0.0,0.0,0.0,0.0,0.0
942,3,0.0,0.0,0.0,0.0,0.0
942,4,0.0,0.0,0.0,0.0,0.0
943,0,0.0,-3.452961544513818,0.0,0.0,0.0
943,1,0.0,0.0,0.0,0.0,-5.569285601610549
943,2,0.0,0.0,0.0,0.0,0.0
943,3,0.0,0.0,0.0,0.0,0.0
943,4,0.0,0.0,0.0,0.0,0.0
944,0,0.0,-3.4560964151232856,0.0,0.0,0.0
944,1,0.0,0.0,0.0,0.0,-5.571722765484717
944,2,0.0,0.0,0.0,0.0,0.0
944,3,0.0,0.0,0.0,0.0,0.0
944,4,0.0,0.0,0.0,0.0,0.0
945,0,0.0,-3.4592289270614067,0.0,0.0,0.0
945,1,0.0,0.0,0.0,0.0,-5.576612234136633
945,2,0.0,0.0,0.0,0.0,0.0
945,3,0.0,0.0,0.0,0.0,0.0
945,4,0.0,0.0,0.0,0.0,0.0
946,0,0.0,-3.4623648139189784,0.0,0.0,0.0
946,1,0.0,0.0,0.0,0.0,-5.5790321402964125
946,2,0.0,0.0,0.0,0.0,0.0
946,3,0.0,0.0,0.0,0.0,0.0
946,4,0.0,0.0,0.0,0.0,0.0
947,0,0.0,-3.465498299767705,0.0,0.0,0.0
947,1,0.0,0.0,0.0,0.0,-5.581446952982127
947,2,0.0,0.0,0.0,0.0,0.0
947,3,0.0,0.0,0.0,0.0,0.0
947,4,0.0,0.0,0.0,0.0,0.0
948,0,0.0,-3.4686293795057055,0.0,0.0,0.0
948,1,0.0,0.0,0.0,0.0,-5.582330991892415
948,2,0.0,0.0,0.0,0.0,0.0
948,3,0.0,0.0,0.0,0.0,0.0
948,4,0.0,0.0,0.0,0.0,0.0
949,0,0.0,-3.4717546386103186,0.0,0.0,0.0
949,1,0.0,0.0,0.0,0.0,-5.583213976840018
949,2,0.0,0.0,0.0,0.0,0.0
949,3,0.0,0.0,0.0,0.0,0.0
949,4,0.0,0.0,0.0,0.0,0.0
950,0,0.0,-3.474874090948571,0.0,0.0,0.0
950,1,0.0,0.0,0.0,0.0,-5.588076887069253
950,2,0.0,0.0,0.0,0.0,0.0
950,3,0.0,0.0,0.0,0.0,0.0
950,4,0.0,0.0,0.0,0.0,0.0
951,0,0.0,-3.4779968913925483,0.0,0.0,0.0
951,1,0.0,0.0,0.0,0.0,-5.587233243952286
951,2,0.0,0.0,0.0,0.0,0.0
951,3,0.0,0.0,0.0,0.0,0.0
951,4,0.0,0.0,0.0,0.0,0.0
952,0,0.0,-3.481110283858296,0.0,0.0,0.0
952,1,0.0,0.0,0.0,0.0,-5.587385487207311
952,2,0.0,0.0,0.0,0.0,0.0
952,3,0.0,0.0,0.0,0.0,0.0
952,4,0.0,0.0,0.0,0.0,0.0
953,0,0.0,-3.4842164744868875,0.0,0.0,0.0
953,1,0.0,0.0,0.0,0.0,-5.586543536902701
953,2,0.0,0.0,0.0,0.0,0.0
953,3,0.0,0.0,0.0,0.0,0.0
953,4,0.0,0.0,0.0,0.0,0.0
954,0,0.0,-3.487313310086185,0.0,0.0,0.0
954,1,0.0,0.0,0.0,0.0,-5.59389966027534
954,2,0.0,0.0,0.0,0.0,0.0
954,3,0.0,0.0,0.0,0.0,0.0
954,4,0.0,0.0,0.0,0.0,0.0
955,0,0.0,-3.490419375633455,0.0,0.0,0.0
955,1,0.0,0.0,0.0,0.0,-5.594046594116342
955,2,0.0,0.0,0.0,0.0,0.0
955,3,0.0,0.0,0.0,0.0,0.0
955,4,0.0,0.0,0.0,0.0,0.0
956,0,0.0,-3.493518249871322,0.0,0.0,0.0
956,1,0.0,0.0,0.0,0.0,-5.596429703007957
956,2,0.0,0.0,0.0,0.0,0.0
956,3,0.0,0.0,0.0,0.0,0.0
956,4,0.0,0.0,0.0,0.0,0.0
957,0,0.0,-3.4966147360151423,0.0,0.0,0.0
957,1,0.0,0.0,0.0,0.0,-5.596574540593499
957,2,0.0,0.0,0.0,0.0,0.0
957,3,0.0,0.0,0.0,0.0,0.0
957,4,0.0,0.0,0.0,0.0,0.0
958,0,0.0,-3.4997040539622177,0.0,0.0,0.0
958,1,0.0,0.0,0.0,0.0,-5.601404612474303
958,2,0.0,0.0,0.0,0.0,0.0
958,3,0.0,0.0,0.0,0.0,0.0
958,4,0.0,0.0,0.0,0.0,0.0
959,0,0.0,-3.502796717693085,0.0,0.0,0.0
959,1,0.0,0.0,0.0,0.0,-5.6022700400482135
959,2,0.0,0.0,0.0,0.0,0.0
959,3,0.0,0.0,0.0,0.0,0.0
959,4,0.0,0.0,0.0,0.0,0.0
960,0,0.0,-3.5058836286807638,0.0,0.0,0.0
960,1,0.0,0.0,0.0,0.0,-5.602410080577429
960,2,0.0,0.0,0.0,0.0,0.0
960,3,0.0,0.0,0.0,0.0,0.0
960,4,0.0,0.0,0.0,0.0,0.0
961,0,0.0,-3.5089633890745646,0.0,0.0,0.0
961,1,0.0,0.0,0.0,0.0,-5.6015499068885175
961,2,0.0,0.0,0.0,0.0,0.0
961,3,0.0,0.0,0.0,0.0,0.0
961,4,0.0,0.0,0.0,0.0,0.0
962,0,0.0,-3.5120338303577925,0.0,0.0,0.0
962,1,0.0,0.0,0.0,0.0,-5.602414979830956
962,2,0.0,0.0,0.0,0.0,0.0
962,3,0.0,0.0,0.0,0.0,0.0
962,4,0.0,0.0,0.0,0.0,0.0
963,0,0.0,-3.5150985793644205,0.0,0.0,0.0
963,1,0.0,0.0,0.0,0.0,-5.603279030754269
963,2,0.0,0.0,0.0,0.0,0.0
963,3,0.0,0.0,0.0,0.0,0.0
963,4,0.0,0.0,0.0,0.0,0.0
964,0,0.0,-3.518157649648967,0.0,0.0,0.0
964,1,0.0,0.0,0.0,0.0,-5.603418519776915
964,2,0.0,0.0,0.0,0.0,0.0
964,3,0.0,0.0,0.0,0.0,0.0
964,4,0.0,0.0,0.0,0.0,0.0
965,0,0.0,-3.521209648217463,0.0,0.0,0.0
965,1,0.0,0.0,0.0,0.0,-5.608236102692702
965,2,0.0,0.0,0.0,0.0,0.0
965,3,0.0,0.0,0.0,0.0,0.0
965,4,0.0,0.0,0.0,0.0,0.0
966,0,0.0,-3.524265057209291,0.0,0.0,0.0
966,1,0.0,0.0,0.0,0.0,-5.60909460577805
966,2,0.0,0.0,0.0,0.0,0.0
966,3,0.0,0.0,0.0,0.0,0.0
966,4,0.0,0.0,0.0,0.0,0.0
967,0,0.0,-3.52731480185937,0.0,0.0,0.0
967,1,0.0,0.0,0.0,0.0,-5.6114489353454475
967,2,0.0,0.0,0.0,0.0,0.0
967,3,0.0,0.0,0.0,0.0,0.0
967,4,0.0,0.0,0.0,0.0,0.0
968,0,0.0,-3.530362222269755,0.0,0.0,0.0
968,1,0.0,0.0,0.0,0.0,-5.611581636887842
968,2,0.0,0.0,0.0,0.0,0.0
968,3,0.0,0.0,0.0,0.0,0.0
968,4,0.0,0.0,0.0,0.0,0.0
969,0,0.0,-3.5334025900565145,0.0,0.0,0.0
969,1,0.0,0.0,0.0,0.0,-5.6117142953657515
969,2,0.0,0.0,0.0,0.0,0.0
969,3,0.0,0.0,0.0,0.0,0.0
969,4,0.0,0.0,0.0,0.0,0.0
970,0,0.0,-3.53643592555029,0.0,0.0,0.0
970,1,0.0,0.0,0.0,0.0,-5.614064597935227
970,2,0.0,0.0,0.0,0.0,0.0
970,3,0.0,0.0,0.0,0.0,0.0
970,4,0.0,0.0,0.0,0.0,0.0
971,0,0.0,-3.539466970765834,0.0,0.0,0.0
971,1,0.0,0.0,0.0,0.0,-5.614916626710608
971,2,0.0,0.0,0.0,0.0,0.0
971,3,0.0,0.0,0.0,0.0,0.0
971,4,0.0,0.0,0.0,0.0,0.0
972,0,0.0,-3.5424924051212727,0.0,0.0,0.0
972,1,0.0,0.0,0.0,0.0,-5.622209408453507
972,2,0.0,0.0,0.0,0.0,0.0
972,3,0.0,0.0,0.0,0.0,0.0
972,4,0.0,0.0,0.0,0.0,0.0
973,0,0.0,-3.545527092946597,0.0,0.0,0.0
973,1,0.0,0.0,0.0,0.0,-5.624535155893486
973,2,0.0,0.0,0.0,0.0,0.0
973,3,0.0,0.0,0.0,0.0,0.0
973,4,0.0,0.0,0.0,0.0,0.0
974,0,0.0,-3.548559430453381,0.0,0.0,0.0
974,1,0.0,0.0,0.0,0.0,-5.6246569959315025
974,2,0.0,0.0,0.0,0.0,0.0
974,3,0.0,0.0,0.0,0.0,0.0
974,4,0.0,0.0,0.0,0.0,0.0
975,0,0.0,-3.5515847358779675,0.0,0.0,0.0
975,1,0.0,0.0,0.0,0.0,-5.624778807419409
975,2,0.0,0.0,0.0,0.0,0.0
975,3,0.0,0.0,0.0,0.0,0.0
975,4,0.0,0.0,0.0,0.0,0.0
976,0,0.0,-3.554603029496909,0.0,0.0,0.0
976,1,0.0,0.0,0.0,0.0,-5.6256209753470205
976,2,0.0,0.0,0.0,0.0,0.0
976,3,0.0,0.0,0.0,0.0,0.0
976,4,0.0,0.0,0.0,0.0,0.0
977,0,0.0,-3.5576157272706763,0.0,0.0,0.0
977,1,0.0,0.0,0.0,0.0,-5.63038711958625
977,2,0.0,0.0,0.0,0.0,0.0
977,3,0.0,0.0,0.0,0.0,0.0
977,4,0.0,0.0,0.0,0.0,0.0
978,0,0.0,-3.5606318153243195,0.0,0.0,0.0
978,1,0.0,0.0,0.0,0.0,-5.630504203082502
978,2,0.0,0.0,0.0,0.0,0.0
978,3,0.0,0.0,0.0,0.0,0.0
978,4,0.0,0.0,0.0,0.0,0.0
979,0,0.0,-3.563640908148823,0.0,0.0,0.0
979,1,0.0,0.0,0.0,0.0,-5.6306212641930555
979,2,0.0,0.0,0.0,0.0,0.0
979,3,0.0,0.0,0.0,0.0,0.0
979,4,0.0,0.0,0.0,0.0,0.0
980,0,0.0,-3.5666430259152464,0.0,0.0,0.0
980,1,0.0,0.0,0.0,0.0,-5.630738302804236
980,2,0.0,0.0,0.0,0.0,0.0
980,3,0.0,0.0,0.0,0.0,0.0
980,4,0.0,0.0,0.0,0.0,0.0
981,0,0.0,-3.5696381887223145,0.0,0.0,0.0
981,1,0.0,0.0,0.0,0.0,-5.633048940557989
981,2,0.0,0.0,0.0,0.0,0.0
981,3,0.0,0.0,0.0,0.0,0.0
981,4,0.0,0.0,0.0,0.0,0.0
982,0,0.0,-3.572631070094779,0.0,0.0,0.0
982,1,0.0,0.0,0.0,0.0,-5.635354818203154
982,2,0.0,0.0,0.0,0.0,0.0
982,3,0.0,0.0,0.0,0.0,0.0
982,4,0.0,0.0,0.0,0.0,0.0
983,0,0.0,-3.5756216653938244,0.0,0.0,0.0
983,1,0.0,0.0,0.0,0.0,-5.637655949462659
983,2,0.0,0.0,0.0,0.0,0.0
983,3,0.0,0.0,0.0,0.0,0.0
983,4,0.0,0.0,0.0,0.0,0.0
984,0,0.0,-3.5786099700241274,0.0,0.0,0.0
984,1,0.0,0.0,0.0,0.0,-5.642395469385537
984,2,0.0,0.0,0.0,0.0,0.0
984,3,0.0,0.0,0.0,0.0,0.0
984,4,0.0,0.0,0.0,0.0,0.0
985,0,0.0,-3.5816016649192717,0.0,0.0,0.0
985,1,0.0,0.0,0.0,0.0,-5.641485004744222
985,2,0.0,0.0,0.0,0.0,0.0
985,3,0.0,0.0,0.0,0.0,0.0
985,4,0.0,0.0,0.0,0.0,0.0
986,0,0.0,-3.5845841806976755,0.0,0.0,0.0
986,1,0.0,0.0,0.0,0.0,-5.643772998485421
986,2,0.0,0.0,0.0,0.0,0.0
986,3,0.0,0.0,0.0,0.0,0.0
986,4,0.0,0.0,0.0,0.0,0.0
987,0,0.0,-3.587564396842174,0.0,0.0,0.0
987,1,0.0,0.0,0.0,0.0,-5.650997696493235
987,2,0.0,0.0,0.0,0.0,0.0
987,3,0.0,0.0,0.0,0.0,0.0
987,4,0.0,0.0,0.0,0.0,0.0
988,0,0.0,-3.5905538167595714,0.0,0.0,0.0
988,1,0.0,0.0,0.0,0.0,-5.651097559790611
988,2,0.0,0.0,0.0,0.0,0.0
988,3,0.0,0.0,0.0,0.0,0.0
988,4,0.0,0.0,0.0,0.0,0.0
989,0,0.0,-3.593536281306674,0.0,0.0,0.0
989,1,0.0,0.0,0.0,0.0,-5.6511974238945095
989,2,0.0,0.0,0.0,0.0,0.0
989,3,0.0,0.0,0.0,0.0,0.0
989,4,0.0,0.0,0.0,0.0,0.0
990,0,0.0,-3.596511810567475,0.0,0.0,0.0
990,1,0.0,0.0,0.0,0.0,-5.653463545226206
990,2,0.0,0.0,0.0,0.0,0.0
990,3,0.0,0.0,0.0,0.0,0.0
990,4,0.0,0.0,0.0,0.0,0.0
991,0,0.0,-3.5994850077740317,0.0,0.0,0.0
991,1,0.0,0.0,0.0,0.0,-5.6557250471773015
991,2,0.0,0.0,0.0,0.0,0.0
991,3,0.0,0.0,0.0,0.0,0.0
991,4,0.0,0.0,0.0,0.0,0.0
992,0,0.0,-3.602455868752788,0.0,0.0,0.0
992,1,0.0,0.0,0.0,0.0,-5.6565375795971935
992,2,0.0,0.0,0.0,0.0,0.0
992,3,0.0,0.0,0.0,0.0,0.0
992,4,0.0,0.0,0.0,0.0,0.0
993,0,0.0,-3.6054212032970976,0.0,0.0,0.0
993,1,0.0,0.0,0.0,0.0,-5.661231275580669
993,2,0.0,0.0,0.0,0.0,0.0
993,3,0.0,0.0,0.0,0.0,0.0
993,4,0.0,0.0,0.0,0.0,0.0
994,0,0.0,-3.6083898795590263,0.0,0.0,0.0
994,1,0.0,0.0,0.0,0.0,-5.661322536895197
994,2,0.0,0.0,0.0,0.0,0.0
994,3,0.0,0.0,0.0,0.0,0.0
994,4,0.0,0.0,0.0,0.0,0.0
995,0,0.0,-3.6113516413847417,0.0,0.0,0.0
995,1,0.0,0.0,0.0,0.0,-5.666003914981986
995,2,0.0,0.0,0.0,0.0,0.0
995,3,0.0,0.0,0.0,0.0,0.0
995,4,0.0,0.0,0.0,0.0,0.0
996,0,0.0,-3.6143167249337034,0.0,0.0,0.0
996,1,0.0,0.0,0.0,0.0,-5.6706723909455405
996,2,0.0,0.0,0.0,0.0,0.0
996,3,0.0,0.0,0.0,0.0,0.0
996,4,0.0,0.0,0.0,0.0,0.0
997,0,0.0,-3.6172850920948543,0.0,0.0,0.0
997,1,0.0,0.0,0.0,0.0,-5.672895380838739
997,2,0.0,0.0,0.0,0.0,0.0
997,3,0.0,0.0,0.0,0.0,0.0
997,4,0.0,0.0,0.0,0.0,0.0
998,0,0.0,-3.6202510474412466,0.0,0.0,0.0
998,1,0.0,0.0,0.0,0.0,-5.680046201842739
998,2,0.0,0.0,0.0,0.0,0.0
998,3,0.0,0.0,0.0,0.0,0.0
998,4,0.0,0.0,0.0,0.0,0.0
999,0,0.0,-3.6232260706173784,0.0,0.0,0.0
999,1,0.0,0.0,0.0,0.0,-5.679086282523537
999,2,0.0,0.0,0.0,0.0,0.0
999,3,0.0,0.0,0.0,0.0,0.0
999,4,0.0,0.0,0.0,0.0,0.0
1000,0,0.0,-3.6261918485499325,0.0,0.0,0.0
1000,1,0.0,0.0,0.0,0.0,-5.679162365303511
1000,2,0.0,0.0,0.0,0.0,0.0
1000,3,0.0,0.0,0.0,0.0,0.0
1000,4,0.0,0.0,0.0,0.0,0.0
