1,0,0.0,0.0,0.0,0.0,0.0
1,1,0.0,0.0,0.0,0.0,0.0
1,2,0.0,0.0,0.0,0.0,-0.07375000000000001
1,3,0.0,0.0,0.0,0.0,0.0
1,4,0.0,0.0,0.0,0.0,0.0
2,0,0.0,0.0,0.0,0.0,0.0
2,1,0.0,0.0,-9.064232857154303e-06,0.0,0.0
2,2,0.0,0.0,0.0,0.0,-0.15225419029539922
2,3,0.0,0.0,0.0,0.0,0.0
2,4,0.0,0.0,0.0,0.0,0.0
3,0,0.0,-1.3692070049252028e-13,0.0,0.0,0.0
3,1,0.0,0.0,-4.7675901437178496e-05,0.0,0.0
3,2,0.0,0.0,0.0,0.0,-0.22049682751926347
3,3,0.0,0.0,0.0,0.0,0.0
3,4,0.0,0.0,0.0,0.0,0.0
4,0,0.0,-1.3692070049252028e-13,0.0,0.0,-0.07625
4,1,0.0,0.0,-4.7675901437178496e-05,0.0,0.0
4,2,0.0,0.0,0.0,0.0,-0.22049682751926347
4,3,0.0,0.0,0.0,0.0,0.0
4,4,0.0,0.0,0.0,0.0,0.0
5,0,0.0,-3.924784498070285e-12,0.0,0.0,-0.07625
5,1,0.0,0.0,-0.00012859545441114,0.0,0.0
5,2,0.0,0.0,0.0,0.0,-0.30101222230048136
5,3,0.0,0.0,0.0,0.0,0.0
5,4,0.0,0.0,0.0,0.0,0.0
6,0,0.0,-3.924784498070285e-12,0.0,0.0,-0.15224585776303987
6,1,0.0,0.0,-0.00012859545441114,0.0,0.0
6,2,0.0,0.0,0.0,0.0,-0.30101222230048136
6,3,0.0,0.0,0.0,0.0,0.0
6,4,0.0,0.0,0.0,0.0,0.0
7,0,0.0,-3.924784498070285e-12,0.0,0.0,-0.2204885262308968
7,1,0.0,0.0,-0.00012859545441114,0.0,0.0
7,2,0.0,0.0,0.0,0.0,-0.30101222230048136
7,3,0.0,0.0,0.0,0.0,0.0
7,4,0.0,0.0,0.0,0.0,0.0
8,0,0.0,-3.924784498070285e-12,0.0,0.0,-0.2860039521311474
8,1,0.0,0.0,-0.00012859545441114,0.0,0.0
8,2,0.0,0.0,0.0,0.0,-0.30101222230048136
8,3,0.0,0.0,0.0,0.0,0.0
8,4,0.0,0.0,0.0,0.0,0.0
9,0,0.0,-3.148132913693062e-11,0.0,0.0,-0.2860039521311474
9,1,0.0,0.0,-0.00027927996583078564,0.0,0.0
9,2,0.0,0.0,0.0,0.0,-0.3587595635798553
9,3,0.0,0.0,0.0,0.0,0.0
9,4,0.0,0.0,0.0,0.0,0.0
10,0,0.0,-3.148132913693062e-11,0.0,0.0,-0.35380131959927075
10,1,0.0,0.0,-0.00027927996583078564,0.0,0.0
10,2,0.0,0.0,0.0,0.0,-0.3587595635798553
10,3,0.0,0.0,0.0,0.0,0.0
10,4,0.0,0.0,0.0,0.0,0.0
11,0,0.0,-3.148132913693062e-11,0.0,0.0,-0.4213731130573235
11,1,0.0,0.0,-0.00027927996583078564,0.0,0.0
11,2,0.0,0.0,0.0,0.0,-0.3587595635798553
11,3,0.0,0.0,0.0,0.0,0.0
11,4,0.0,0.0,0.0,0.0,0.0
12,0,0.0,-3.148132913693062e-11,0.0,0.0,-0.48622017743814283
12,1,0.0,0.0,-0.00027927996583078564,0.0,0.0
12,2,0.0,0.0,0.0,0.0,-0.3587595635798553
12,3,0.0,0.0,0.0,0.0,0.0
12,4,0.0,0.0,0.0,0.0,0.0
13,0,0.0,-3.148132913693062e-11,0.0,0.0,-0.5558516868299938
13,1,0.0,0.0,-0.00027927996583078564,0.0,0.0
13,2,0.0,0.0,0.0,0.0,-0.3587595635798553
13,3,0.0,0.0,0.0,0.0,0.0
13,4,0.0,0.0,0.0,0.0,0.0
14,0,0.0,-3.148132913693062e-11,0.0,0.0,-0.6202517831171996
14,1,0.0,0.0,-0.00027927996583078564,0.0,0.0
14,2,0.0,0.0,0.0,0.0,-0.3587595635798553
14,3,0.0,0.0,0.0,0.0,0.0
14,4,0.0,0.0,0.0,0.0,0.0
15,0,0.0,-3.148132913693062e-11,0.0,0.0,-0.6944379975775967
15,1,0.0,0.0,-0.00027927996583078564,0.0,0.0
15,2,0.0,0.0,0.0,0.0,-0.3587595635798553
15,3,0.0,0.0,0.0,0.0,0.0
15,4,0.0,0.0,0.0,0.0,0.0
16,0,0.0,-1.6144469757211844e-10,0.0,0.0,-0.6944379975775967
16,1,0.0,0.0,-0.000493069278678499,0.0,0.0
16,2,0.0,0.0,0.0,0.0,-0.43131484856647295
16,3,0.0,0.0,0.0,0.0,0.0
16,4,0.0,0.0,0.0,0.0,0.0
17,0,0.0,-1.6144469757211844e-10,0.0,0.0,-0.7658778003464712
17,1,0.0,0.0,-0.000493069278678499,0.0,0.0
17,2,0.0,0.0,0.0,0.0,-0.43131484856647295
17,3,0.0,0.0,0.0,0.0,0.0
17,4,0.0,0.0,0.0,0.0,0.0
18,0,0.0,-1.6144469757211844e-10,0.0,0.0,-0.8270804460007909
18,1,0.0,0.0,-0.000493069278678499,0.0,0.0
18,2,0.0,0.0,0.0,0.0,-0.43131484856647295
18,3,0.0,0.0,0.0,0.0,0.0
18,4,0.0,0.0,0.0,0.0,0.0
19,0,0.0,-1.6144469757211844e-10,0.0,0.0,-0.9005801517879856
19,1,0.0,0.0,-0.000493069278678499,0.0,0.0
19,2,0.0,0.0,0.0,0.0,-0.43131484856647295
19,3,0.0,0.0,0.0,0.0,0.0
19,4,0.0,0.0,0.0,0.0,0.0
20,0,0.0,-1.6144469757211844e-10,0.0,0.0,-0.9738360136459433
20,1,0.0,0.0,-0.000493069278678499,0.0,0.0
20,2,0.0,0.0,0.0,0.0,-0.43131484856647295
20,3,0.0,0.0,0.0,0.0,0.0
20,4,0.0,0.0,0.0,0.0,0.0
21,0,0.0,-1.6144469757211844e-10,0.0,0.0,-1.0418489433665565
21,1,0.0,0.0,-0.000493069278678499,0.0,0.0
21,2,0.0,0.0,0.0,0.0,-0.43131484856647295
21,3,0.0,0.0,0.0,0.0,0.0
21,4,0.0,0.0,0.0,0.0,0.0
22,0,0.0,-1.6144469757211844e-10,0.0,0.0,-1.1021365141664734
22,1,0.0,0.0,-0.000493069278678499,0.0,0.0
22,2,0.0,0.0,0.0,0.0,-0.43131484856647295
22,3,0.0,0.0,0.0,0.0,0.0
22,4,0.0,0.0,0.0,0.0,0.0
23,0,0.0,-1.6144469757211844e-10,0.0,0.0,-1.1622245656819001
23,1,0.0,0.0,-0.000493069278678499,0.0,0.0
23,2,0.0,0.0,0.0,0.0,-0.43131484856647295
23,3,0.0,0.0,0.0,0.0,0.0
23,4,0.0,0.0,0.0,0.0,0.0
24,0,0.0,-1.6144469757211844e-10,0.0,0.0,-1.2221138428601688
24,1,0.0,0.0,-0.000493069278678499,0.0,0.0
24,2,0.0,0.0,0.0,0.0,-0.43131484856647295
24,3,0.0,0.0,0.0,0.0,0.0
24,4,0.0,0.0,0.0,0.0,0.0
25,0,0.0,-1.6144469757211844e-10,0.0,0.0,-1.291805087677645
25,1,0.0,0.0,-0.000493069278678499,0.0,0.0
25,2,0.0,0.0,0.0,0.0,-0.43131484856647295
25,3,0.0,0.0,0.0,0.0,0.0
25,4,0.0,0.0,0.0,0.0,0.0
26,0,0.0,-5.66497922691888e-10,0.0,0.0,-1.291805087677645
26,1,0.0,0.0,-0.0008017275540137984,0.0,0.0
26,2,0.0,0.0,0.0,0.0,-0.4986288012727693
26,3,0.0,0.0,0.0,0.0,0.0
26,4,0.0,0.0,0.0,0.0,0.0
27,0,0.0,-5.66497922691888e-10,0.0,0.0,-1.3537657090226474
27,1,0.0,0.0,-0.0008017275540137984,0.0,0.0
27,2,0.0,0.0,0.0,0.0,-0.4986288012727693
27,3,0.0,0.0,0.0,0.0,0.0
27,4,0.0,0.0,0.0,0.0,0.0
28,0,0.0,-5.66497922691888e-10,0.0,0.0,-1.4255215655396642
28,1,0.0,0.0,-0.0008017275540137984,0.0,0.0
28,2,0.0,0.0,0.0,0.0,-0.4986288012727693
28,3,0.0,0.0,0.0,0.0,0.0
28,4,0.0,0.0,0.0,0.0,0.0
29,0,0.0,-5.66497922691888e-10,0.0,0.0,-1.497040090980785
29,1,0.0,0.0,-0.0008017275540137984,0.0,0.0
29,2,0.0,0.0,0.0,0.0,-0.4986288012727693
29,3,0.0,0.0,0.0,0.0,0.0
29,4,0.0,0.0,0.0,0.0,0.0
30,0,0.0,-5.66497922691888e-10,0.0,0.0,-1.5658221711587563
30,1,0.0,0.0,-0.0008017275540137984,0.0,0.0
30,2,0.0,0.0,0.0,0.0,-0.4986288012727693
30,3,0.0,0.0,0.0,0.0,0.0
30,4,0.0,0.0,0.0,0.0,0.0
31,0,0.0,-5.66497922691888e-10,0.0,0.0,-1.6343770208867483
31,1,0.0,0.0,-0.0008017275540137984,0.0,0.0
31,2,0.0,0.0,0.0,0.0,-0.4986288012727693
31,3,0.0,0.0,0.0,0.0,0.0
31,4,0.0,0.0,0.0,0.0,0.0
32,0,0.0,-5.66497922691888e-10,0.0,0.0,-1.7002054876843227
32,1,0.0,0.0,-0.0008017275540137984,0.0,0.0
32,2,0.0,0.0,0.0,0.0,-0.4986288012727693
32,3,0.0,0.0,0.0,0.0,0.0
32,4,0.0,0.0,0.0,0.0,0.0
33,0,0.0,-5.66497922691888e-10,0.0,0.0,-1.7608167482257255
33,1,0.0,0.0,-0.0008017275540137984,0.0,0.0
33,2,0.0,0.0,0.0,0.0,-0.4986288012727693
33,3,0.0,0.0,0.0,0.0,0.0
33,4,0.0,0.0,0.0,0.0,0.0
34,0,0.0,-5.66497922691888e-10,0.0,0.0,-1.8237282771099297
34,1,0.0,0.0,-0.0008017275540137984,0.0,0.0
34,2,0.0,0.0,0.0,0.0,-0.4986288012727693
34,3,0.0,0.0,0.0,0.0,0.0
34,4,0.0,0.0,0.0,0.0,0.0
35,0,0.0,-5.66497922691888e-10,0.0,0.0,-1.8864324856261412
35,1,0.0,0.0,-0.0008017275540137984,0.0,0.0
35,2,0.0,0.0,0.0,0.0,-0.4986288012727693
35,3,0.0,0.0,0.0,0.0,0.0
35,4,0.0,0.0,0.0,0.0,0.0
36,0,0.0,-1.637268204859799e-09,0.0,0.0,-1.8864324856261412
36,1,0.0,0.0,-0.0012136861045673488,0.0,0.0
36,2,0.0,0.0,0.0,0.0,-0.5682189905600434
36,3,0.0,0.0,0.0,0.0,0.0
36,4,0.0,0.0,0.0,0.0,0.0
37,0,0.0,-1.637268204859799e-09,0.0,0.0,-1.9539301458785283
37,1,0.0,0.0,-0.0012136861045673488,0.0,0.0
37,2,0.0,0.0,0.0,0.0,-0.5682189905600434
37,3,0.0,0.0,0.0,0.0,0.0
37,4,0.0,0.0,0.0,0.0,0.0
38,0,0.0,-1.637268204859799e-09,0.0,0.0,-2.0212053618324894
38,1,0.0,0.0,-0.0012136861045673488,0.0,0.0
38,2,0.0,0.0,0.0,0.0,-0.5682189905600434
38,3,0.0,0.0,0.0,0.0,0.0
38,4,0.0,0.0,0.0,0.0,0.0
39,0,0.0,-1.637268204859799e-09,0.0,0.0,-2.0832589619448414
39,1,0.0,0.0,-0.0012136861045673488,0.0,0.0
39,2,0.0,0.0,0.0,0.0,-0.5682189905600434
39,3,0.0,0.0,0.0,0.0,0.0
39,4,0.0,0.0,0.0,0.0,0.0
40,0,0.0,-1.637268204859799e-09,0.0,0.0,-2.1426084364386226
40,1,0.0,0.0,-0.0012136861045673488,0.0,0.0
40,2,0.0,0.0,0.0,0.0,-0.5682189905600434
40,3,0.0,0.0,0.0,0.0,0.0
40,4,0.0,0.0,0.0,0.0,0.0
41,0,0.0,-1.637268204859799e-09,0.0,0.0,-2.204262877231731
41,1,0.0,0.0,-0.0012136861045673488,0.0,0.0
41,2,0.0,0.0,0.0,0.0,-0.5682189905600434
41,3,0.0,0.0,0.0,0.0,0.0
41,4,0.0,0.0,0.0,0.0,0.0
42,0,0.0,-1.637268204859799e-09,0.0,0.0,-2.268214676912111
42,1,0.0,0.0,-0.0012136861045673488,0.0,0.0
42,2,0.0,0.0,0.0,0.0,-0.5682189905600434
42,3,0.0,0.0,0.0,0.0,0.0
42,4,0.0,0.0,0.0,0.0,0.0
43,0,0.0,-1.637268204859799e-09,0.0,0.0,-2.326956256427961
43,1,0.0,0.0,-0.0012136861045673488,0.0,0.0
43,2,0.0,0.0,0.0,0.0,-0.5682189905600434
43,3,0.0,0.0,0.0,0.0,0.0
43,4,0.0,0.0,0.0,0.0,0.0
44,0,0.0,-1.637268204859799e-09,0.0,0.0,-2.3955050625718157
44,1,0.0,0.0,-0.0012136861045673488,0.0,0.0
44,2,0.0,0.0,0.0,0.0,-0.5682189905600434
44,3,0.0,0.0,0.0,0.0,0.0
44,4,0.0,0.0,0.0,0.0,0.0
45,0,0.0,-1.637268204859799e-09,0.0,0.0,-2.453828481344806
45,1,0.0,0.0,-0.0012136861045673488,0.0,0.0
45,2,0.0,0.0,0.0,0.0,-0.5682189905600434
45,3,0.0,0.0,0.0,0.0,0.0
45,4,0.0,0.0,0.0,0.0,0.0
46,0,0.0,-1.637268204859799e-09,0.0,0.0,-2.5194606811364726
46,1,0.0,0.0,-0.0012136861045673488,0.0,0.0
46,2,0.0,0.0,0.0,0.0,-0.5682189905600434
46,3,0.0,0.0,0.0,0.0,0.0
46,4,0.0,0.0,0.0,0.0,0.0
47,0,0.0,-1.637268204859799e-09,0.0,0.0,-2.574877374299398
47,1,0.0,0.0,-0.0012136861045673488,0.0,0.0
47,2,0.0,0.0,0.0,0.0,-0.5682189905600434
47,3,0.0,0.0,0.0,0.0,0.0
47,4,0.0,0.0,0.0,0.0,0.0
48,0,0.0,-1.637268204859799e-09,0.0,0.0,-2.632612691823861
48,1,0.0,0.0,-0.0012136861045673488,0.0,0.0
48,2,0.0,0.0,0.0,0.0,-0.5682189905600434
48,3,0.0,0.0,0.0,0.0,0.0
48,4,0.0,0.0,0.0,0.0,0.0
49,0,0.0,-1.637268204859799e-09,0.0,0.0,-2.687658973878399
49,1,0.0,0.0,-0.0012136861045673488,0.0,0.0
49,2,0.0,0.0,0.0,0.0,-0.5682189905600434
49,3,0.0,0.0,0.0,0.0,0.0
49,4,0.0,0.0,0.0,0.0,0.0
50,0,0.0,-1.637268204859799e-09,0.0,0.0,-2.7450252542693274
50,1,0.0,0.0,-0.0012136861045673488,0.0,0.0
50,2,0.0,0.0,0.0,0.0,-0.5682189905600434
50,3,0.0,0.0,0.0,0.0,0.0
50,4,0.0,0.0,0.0,0.0,0.0
51,0,0.0,-1.637268204859799e-09,0.0,0.0,-2.8072038677094313
51,1,0.0,0.0,-0.0012136861045673488,0.0,0.0
51,2,0.0,0.0,0.0,0.0,-0.5682189905600434
51,3,0.0,0.0,0.0,0.0,0.0
51,4,0.0,0.0,0.0,0.0,0.0
52,0,0.0,-1.637268204859799e-09,0.0,0.0,-2.8616788449748114
52,1,0.0,0.0,-0.0012136861045673488,0.0,0.0
52,2,0.0,0.0,0.0,0.0,-0.5682189905600434
52,3,0.0,0.0,0.0,0.0,0.0
52,4,0.0,0.0,0.0,0.0,0.0
53,0,0.0,-4.090800162212684e-09,0.0,0.0,-2.8616788449748114
53,1,0.0,0.0,-0.0017470884761822275,0.0,0.0
53,2,0.0,0.0,0.0,0.0,-0.6400779215927709
53,3,0.0,0.0,0.0,0.0,0.0
53,4,0.0,0.0,0.0,0.0,0.0
54,0,0.0,-4.090800162212684e-09,0.0,0.0,-2.925975939229044
54,1,0.0,0.0,-0.0017470884761822275,0.0,0.0
54,2,0.0,0.0,0.0,0.0,-0.6400779215927709
54,3,0.0,0.0,0.0,0.0,0.0
54,4,0.0,0.0,0.0,0.0,0.0
55,0,0.0,-4.090800162212684e-09,0.0,0.0,-2.985062479176437
55,1,0.0,0.0,-0.0017470884761822275,0.0,0.0
55,2,0.0,0.0,0.0,0.0,-0.6400779215927709
55,3,0.0,0.0,0.0,0.0,0.0
55,4,0.0,0.0,0.0,0.0,0.0
56,0,0.0,-4.090800162212684e-09,0.0,0.0,-3.0389559110779616
56,1,0.0,0.0,-0.0017470884761822275,0.0,0.0
56,2,0.0,0.0,0.0,0.0,-0.6400779215927709
56,3,0.0,0.0,0.0,0.0,0.0
56,4,0.0,0.0,0.0,0.0,0.0
57,0,0.0,-4.090800162212684e-09,0.0,0.0,-3.1026736156041315
57,1,0.0,0.0,-0.0017470884761822275,0.0,0.0
57,2,0.0,0.0,0.0,0.0,-0.6400779215927709
57,3,0.0,0.0,0.0,0.0,0.0
57,4,0.0,0.0,0.0,0.0,0.0
58,0,0.0,-9.173996799724333e-09,0.0,0.0,-3.1026736156041315
58,1,0.0,0.0,-0.0017470884761822275,0.0,0.0
58,2,0.0,0.0,0.0,0.0,-0.6400779215927709
58,3,0.0,0.0,0.0,0.0,-0.08875000000000002
58,4,0.0,0.0,0.0,0.0,0.0
59,0,0.0,-9.173996799724333e-09,0.0,0.0,-3.161182912903622
59,1,0.0,0.0,-0.0017470884761822275,0.0,0.0
59,2,0.0,0.0,0.0,0.0,-0.6400779215927709
59,3,0.0,0.0,0.0,0.0,-0.08875000000000002
59,4,0.0,0.0,0.0,0.0,0.0
60,0,0.0,-9.173996799724333e-09,0.0,0.0,-3.2145012407172264
60,1,0.0,0.0,-0.0017470884761822275,0.0,0.0
60,2,0.0,0.0,0.0,0.0,-0.6400779215927709
60,3,0.0,0.0,0.0,0.0,-0.08875000000000002
60,4,0.0,0.0,0.0,0.0,0.0
61,0,0.0,-9.173996799724333e-09,0.0,0.0,-3.267645971230573
61,1,0.0,0.0,-0.0017470884761822275,0.0,0.0
61,2,0.0,0.0,0.0,0.0,-0.6400779215927709
61,3,0.0,0.0,0.0,0.0,-0.08875000000000002
61,4,0.0,0.0,0.0,0.0,0.0
62,0,0.0,-1.4257163837619618e-08,0.0,0.0,-3.267645971230573
62,1,0.0,0.0,-0.0024173507482003536,0.0,0.0
62,2,0.0,0.0,0.0,0.0,-0.7191981274326159
62,3,0.0,0.0,0.0,0.0,-0.08875000000000002
62,4,0.0,0.0,0.0,0.0,0.0
63,0,0.0,-1.4257163837619618e-08,0.0,0.0,-3.3206177462720383
63,1,0.0,0.0,-0.0024173507482003536,0.0,0.0
63,2,0.0,0.0,0.0,0.0,-0.7191981274326159
63,3,0.0,0.0,0.0,0.0,-0.08875000000000002
63,4,0.0,0.0,0.0,0.0,0.0
64,0,0.0,-1.4257163837619618e-08,0.0,0.0,-3.378417205126985
64,1,0.0,0.0,-0.0024173507482003536,0.0,0.0
64,2,0.0,0.0,0.0,0.0,-0.7191981274326159
64,3,0.0,0.0,0.0,0.0,-0.08875000000000002
64,4,0.0,0.0,0.0,0.0,0.0
65,0,0.0,-2.3987038121962124e-08,0.0,0.0,-3.378417205126985
65,1,0.0,0.0,-0.0032476389161176086,0.0,0.0
65,2,0.0,0.0,0.0,0.0,-0.8030555038626869
65,3,0.0,0.0,0.0,0.0,-0.08875000000000002
65,4,0.0,0.0,0.0,0.0,0.0
66,0,0.0,-2.3987038121962124e-08,0.0,0.0,-3.431028319483565
66,1,0.0,0.0,-0.0032476389161176086,0.0,0.0
66,2,0.0,0.0,0.0,0.0,-0.8030555038626869
66,3,0.0,0.0,0.0,0.0,-0.08875000000000002
66,4,0.0,0.0,0.0,0.0,0.0
67,0,0.0,-2.3987038121962124e-08,0.0,0.0,-3.4909684511253434
67,1,0.0,0.0,-0.0032476389161176086,0.0,0.0
67,2,0.0,0.0,0.0,0.0,-0.8030555038626869
67,3,0.0,0.0,0.0,0.0,-0.08875000000000002
67,4,0.0,0.0,0.0,0.0,0.0
68,0,0.0,-2.3987038121962124e-08,0.0,0.0,-3.5532132339246036
68,1,0.0,0.0,-0.0032476389161176086,0.0,0.0
68,2,0.0,0.0,0.0,0.0,-0.8030555038626869
68,3,0.0,0.0,0.0,0.0,-0.08875000000000002
68,4,0.0,0.0,0.0,0.0,0.0
69,0,0.0,-2.3987038121962124e-08,0.0,0.0,-3.6127550580501775
69,1,0.0,0.0,-0.0032476389161176086,0.0,0.0
69,2,0.0,0.0,0.0,0.0,-0.8030555038626869
69,3,0.0,0.0,0.0,0.0,-0.08875000000000002
69,4,0.0,0.0,0.0,0.0,0.0
70,0,0.0,-2.3987038121962124e-08,0.0,0.0,-3.6746030071149223
70,1,0.0,0.0,-0.0032476389161176086,0.0,0.0
70,2,0.0,0.0,0.0,0.0,-0.8030555038626869
70,3,0.0,0.0,0.0,0.0,-0.08875000000000002
70,4,0.0,0.0,0.0,0.0,0.0
71,0,0.0,-2.3987038121962124e-08,0.0,0.0,-3.7337494654451993
71,1,0.0,0.0,-0.0032476389161176086,0.0,0.0
71,2,0.0,0.0,0.0,0.0,-0.8030555038626869
71,3,0.0,0.0,0.0,0.0,-0.08875000000000002
71,4,0.0,0.0,0.0,0.0,0.0
72,0,0.0,-2.3987038121962124e-08,0.0,0.0,-3.792703510835577
72,1,0.0,0.0,-0.0032476389161176086,0.0,0.0
72,2,0.0,0.0,0.0,0.0,-0.8030555038626869
72,3,0.0,0.0,0.0,0.0,-0.08875000000000002
72,4,0.0,0.0,0.0,0.0,0.0
73,0,0.0,-2.3987038121962124e-08,0.0,0.0,-3.8464658543505696
73,1,0.0,0.0,-0.0032476389161176086,0.0,0.0
73,2,0.0,0.0,0.0,0.0,-0.8030555038626869
73,3,0.0,0.0,0.0,0.0,-0.08875000000000002
73,4,0.0,0.0,0.0,0.0,0.0
74,0,0.0,-2.3987038121962124e-08,0.0,0.0,-3.90755386930289
74,1,0.0,0.0,-0.0032476389161176086,0.0,0.0
74,2,0.0,0.0,0.0,0.0,-0.8030555038626869
74,3,0.0,0.0,0.0,0.0,-0.08875000000000002
74,4,0.0,0.0,0.0,0.0,0.0
75,0,0.0,-2.3987038121962124e-08,0.0,0.0,-3.9584432010506054
75,1,0.0,0.0,-0.0032476389161176086,0.0,0.0
75,2,0.0,0.0,0.0,0.0,-0.8030555038626869
75,3,0.0,0.0,0.0,0.0,-0.08875000000000002
75,4,0.0,0.0,0.0,0.0,0.0
76,0,0.0,-2.3987038121962124e-08,0.0,0.0,-4.014167913866936
76,1,0.0,0.0,-0.0032476389161176086,0.0,0.0
76,2,0.0,0.0,0.0,0.0,-0.8030555038626869
76,3,0.0,0.0,0.0,0.0,-0.08875000000000002
76,4,0.0,0.0,0.0,0.0,0.0
77,0,0.0,-2.3987038121962124e-08,0.0,0.0,-4.06971194894726
77,1,0.0,0.0,-0.0032476389161176086,0.0,0.0
77,2,0.0,0.0,0.0,0.0,-0.8030555038626869
77,3,0.0,0.0,0.0,0.0,-0.08875000000000002
77,4,0.0,0.0,0.0,0.0,0.0
78,0,0.0,-2.3987038121962124e-08,0.0,0.0,-4.1225759726438245
78,1,0.0,0.0,-0.0032476389161176086,0.0,0.0
78,2,0.0,0.0,0.0,0.0,-0.8030555038626869
78,3,0.0,0.0,0.0,0.0,-0.08875000000000002
78,4,0.0,0.0,0.0,0.0,0.0
79,0,0.0,-2.3987038121962124e-08,0.0,0.0,-4.177768981205369
79,1,0.0,0.0,-0.0032476389161176086,0.0,0.0
79,2,0.0,0.0,0.0,0.0,-0.8030555038626869
79,3,0.0,0.0,0.0,0.0,-0.08875000000000002
79,4,0.0,0.0,0.0,0.0,0.0
80,0,0.0,-2.3987038121962124e-08,0.0,0.0,-4.232783271946958
80,1,0.0,0.0,-0.0032476389161176086,0.0,0.0
80,2,0.0,0.0,0.0,0.0,-0.8030555038626869
80,3,0.0,0.0,0.0,0.0,-0.08875000000000002
80,4,0.0,0.0,0.0,0.0,0.0
81,0,0.0,-2.3987038121962124e-08,0.0,0.0,-4.285119503470842
81,1,0.0,0.0,-0.0032476389161176086,0.0,0.0
81,2,0.0,0.0,0.0,0.0,-0.8030555038626869
81,3,0.0,0.0,0.0,0.0,-0.08875000000000002
81,4,0.0,0.0,0.0,0.0,0.0
82,0,0.0,-2.3987038121962124e-08,0.0,0.0,-4.347286664307797
82,1,0.0,0.0,-0.0032476389161176086,0.0,0.0
82,2,0.0,0.0,0.0,0.0,-0.8030555038626869
82,3,0.0,0.0,0.0,0.0,-0.08875000000000002
82,4,0.0,0.0,0.0,0.0,0.0
83,0,0.0,-2.3987038121962124e-08,0.0,0.0,-4.40675204648973
83,1,0.0,0.0,-0.0032476389161176086,0.0,0.0
83,2,0.0,0.0,0.0,0.0,-0.8030555038626869
83,3,0.0,0.0,0.0,0.0,-0.08875000000000002
83,4,0.0,0.0,0.0,0.0,0.0
84,0,0.0,-2.3987038121962124e-08,0.0,0.0,-4.456024727228908
84,1,0.0,0.0,-0.0032476389161176086,0.0,0.0
84,2,0.0,0.0,0.0,0.0,-0.8030555038626869
84,3,0.0,0.0,0.0,0.0,-0.08875000000000002
84,4,0.0,0.0,0.0,0.0,0.0
85,0,0.0,-2.3987038121962124e-08,0.0,0.0,-4.510138747143583
85,1,0.0,0.0,-0.0032476389161176086,0.0,0.0
85,2,0.0,0.0,0.0,0.0,-0.8030555038626869
85,3,0.0,0.0,0.0,0.0,-0.08875000000000002
85,4,0.0,0.0,0.0,0.0,0.0
86,0,0.0,-2.3987038121962124e-08,0.0,0.0,-4.571578023871931
86,1,0.0,0.0,-0.0032476389161176086,0.0,0.0
86,2,0.0,0.0,0.0,0.0,-0.8030555038626869
86,3,0.0,0.0,0.0,0.0,-0.08875000000000002
86,4,0.0,0.0,0.0,0.0,0.0
87,0,0.0,-2.3987038121962124e-08,0.0,0.0,-4.620318202709247
87,1,0.0,0.0,-0.0032476389161176086,0.0,0.0
87,2,0.0,0.0,0.0,0.0,-0.8030555038626869
87,3,0.0,0.0,0.0,0.0,-0.08875000000000002
87,4,0.0,0.0,0.0,0.0,0.0
88,0,0.0,-2.3987038121962124e-08,0.0,0.0,-4.681401680402744
88,1,0.0,0.0,-0.0032476389161176086,0.0,0.0
88,2,0.0,0.0,0.0,0.0,-0.8030555038626869
88,3,0.0,0.0,0.0,0.0,-0.08875000000000002
88,4,0.0,0.0,0.0,0.0,0.0
89,0,0.0,-2.3987038121962124e-08,0.0,0.0,-4.739787369252741
89,1,0.0,0.0,-0.0032476389161176086,0.0,0.0
89,2,0.0,0.0,0.0,0.0,-0.8030555038626869
89,3,0.0,0.0,0.0,0.0,-0.08875000000000002
89,4,0.0,0.0,0.0,0.0,0.0
90,0,0.0,-2.3987038121962124e-08,0.0,0.0,-4.800484330707142
90,1,0.0,0.0,-0.0032476389161176086,0.0,0.0
90,2,0.0,0.0,0.0,0.0,-0.8030555038626869
90,3,0.0,0.0,0.0,0.0,-0.08875000000000002
90,4,0.0,0.0,0.0,0.0,0.0
91,0,0.0,-2.3987038121962124e-08,0.0,0.0,-4.853484927023143
91,1,0.0,0.0,-0.0032476389161176086,0.0,0.0
91,2,0.0,0.0,0.0,0.0,-0.8030555038626869
91,3,0.0,0.0,0.0,0.0,-0.08875000000000002
91,4,0.0,0.0,0.0,0.0,0.0
92,0,0.0,-2.3987038121962124e-08,0.0,0.0,-4.901314879086252
92,1,0.0,0.0,-0.0032476389161176086,0.0,0.0
92,2,0.0,0.0,0.0,0.0,-0.8030555038626869
92,3,0.0,0.0,0.0,0.0,-0.08875000000000002
92,4,0.0,0.0,0.0,0.0,0.0
93,0,0.0,-2.3987038121962124e-08,0.0,0.0,-4.95899147865889
93,1,0.0,0.0,-0.0032476389161176086,0.0,0.0
93,2,0.0,0.0,0.0,0.0,-0.8030555038626869
93,3,0.0,0.0,0.0,0.0,-0.08875000000000002
93,4,0.0,0.0,0.0,0.0,0.0
94,0,0.0,-2.3987038121962124e-08,0.0,0.0,-5.008981957349287
94,1,0.0,0.0,-0.0032476389161176086,0.0,0.0
94,2,0.0,0.0,0.0,0.0,-0.8030555038626869
94,3,0.0,0.0,0.0,0.0,-0.08875000000000002
94,4,0.0,0.0,0.0,0.0,0.0
95,0,0.0,-2.3987038121962124e-08,0.0,0.0,-5.058811997256213
95,1,0.0,0.0,-0.0032476389161176086,0.0,0.0
95,2,0.0,0.0,0.0,0.0,-0.8030555038626869
95,3,0.0,0.0,0.0,0.0,-0.08875000000000002
95,4,0.0,0.0,0.0,0.0,0.0
96,0,0.0,-2.3987038121962124e-08,0.0,0.0,-5.118482186446726
96,1,0.0,0.0,-0.0032476389161176086,0.0,0.0
96,2,0.0,0.0,0.0,0.0,-0.8030555038626869
96,3,0.0,0.0,0.0,0.0,-0.08875000000000002
96,4,0.0,0.0,0.0,0.0,0.0
97,0,0.0,-2.3987038121962124e-08,0.0,0.0,-5.170459780541811
97,1,0.0,0.0,-0.0032476389161176086,0.0,0.0
97,2,0.0,0.0,0.0,0.0,-0.8030555038626869
97,3,0.0,0.0,0.0,0.0,-0.08875000000000002
97,4,0.0,0.0,0.0,0.0,0.0
98,0,0.0,-2.3987038121962124e-08,0.0,0.0,-5.219770485557861
98,1,0.0,0.0,-0.0032476389161176086,0.0,0.0
98,2,0.0,0.0,0.0,0.0,-0.8030555038626869
98,3,0.0,0.0,0.0,0.0,-0.08875000000000002
98,4,0.0,0.0,0.0,0.0,0.0
99,0,0.0,-2.3987038121962124e-08,0.0,0.0,-5.276423245917159
99,1,0.0,0.0,-0.0032476389161176086,0.0,0.0
99,2,0.0,0.0,0.0,0.0,-0.8030555038626869
99,3,0.0,0.0,0.0,0.0,-0.08875000000000002
99,4,0.0,0.0,0.0,0.0,0.0
100,0,0.0,-4.15453516876514e-08,0.0,0.0,-5.276423245917159
100,1,0.0,0.0,-0.004254930419686458,0.0,0.0
100,2,0.0,0.0,0.0,0.0,-0.884134369362032
100,3,0.0,0.0,0.0,0.0,-0.08875000000000002
100,4,0.0,0.0,0.0,0.0,0.0
101,0,0.0,-4.15453516876514e-08,0.0,0.0,-5.3253936422575725
101,1,0.0,0.0,-0.004254930419686458,0.0,0.0
101,2,0.0,0.0,0.0,0.0,-0.884134369362032
101,3,0.0,0.0,0.0,0.0,-0.08875000000000002
101,4,0.0,0.0,0.0,0.0,0.0
102,0,0.0,-4.15453516876514e-08,0.0,0.0,-5.374207341867016
102,1,0.0,0.0,-0.004254930419686458,0.0,0.0
102,2,0.0,0.0,0.0,0.0,-0.884134369362032
102,3,0.0,0.0,0.0,0.0,-0.08875000000000002
102,4,0.0,0.0,0.0,0.0,0.0
103,0,0.0,-4.15453516876514e-08,0.0,0.0,-5.4303649180627565
103,1,0.0,0.0,-0.004254930419686458,0.0,0.0
103,2,0.0,0.0,0.0,0.0,-0.884134369362032
103,3,0.0,0.0,0.0,0.0,-0.08875000000000002
103,4,0.0,0.0,0.0,0.0,0.0
104,0,0.0,-4.15453516876514e-08,0.0,0.0,-5.478841944309167
104,1,0.0,0.0,-0.004254930419686458,0.0,0.0
104,2,0.0,0.0,0.0,0.0,-0.884134369362032
104,3,0.0,0.0,0.0,0.0,-0.08875000000000002
104,4,0.0,0.0,0.0,0.0,0.0
105,0,0.0,-4.15453516876514e-08,0.0,0.0,-5.527164080750228
105,1,0.0,0.0,-0.004254930419686458,0.0,0.0
105,2,0.0,0.0,0.0,0.0,-0.884134369362032
105,3,0.0,0.0,0.0,0.0,-0.08875000000000002
105,4,0.0,0.0,0.0,0.0,0.0
106,0,0.0,-4.15453516876514e-08,0.0,0.0,-5.580331893588711
106,1,0.0,0.0,-0.004254930419686458,0.0,0.0
106,2,0.0,0.0,0.0,0.0,-0.884134369362032
106,3,0.0,0.0,0.0,0.0,-0.08875000000000002
106,4,0.0,0.0,0.0,0.0,0.0
107,0,0.0,-4.15453516876514e-08,0.0,0.0,-5.635829281736159
107,1,0.0,0.0,-0.004254930419686458,0.0,0.0
107,2,0.0,0.0,0.0,0.0,-0.884134369362032
107,3,0.0,0.0,0.0,0.0,-0.08875000000000002
107,4,0.0,0.0,0.0,0.0,0.0
108,0,0.0,-4.15453516876514e-08,0.0,0.0,-5.683648536907124
108,1,0.0,0.0,-0.004254930419686458,0.0,0.0
108,2,0.0,0.0,0.0,0.0,-0.884134369362032
108,3,0.0,0.0,0.0,0.0,-0.08875000000000002
108,4,0.0,0.0,0.0,0.0,0.0
109,0,0.0,-4.15453516876514e-08,0.0,0.0,-5.7288153097314485
109,1,0.0,0.0,-0.004254930419686458,0.0,0.0
109,2,0.0,0.0,0.0,0.0,-0.884134369362032
109,3,0.0,0.0,0.0,0.0,-0.08875000000000002
109,4,0.0,0.0,0.0,0.0,0.0
110,0,0.0,-4.15453516876514e-08,0.0,0.0,-5.781338489469318
110,1,0.0,0.0,-0.004254930419686458,0.0,0.0
110,2,0.0,0.0,0.0,0.0,-0.884134369362032
110,3,0.0,0.0,0.0,0.0,-0.08875000000000002
110,4,0.0,0.0,0.0,0.0,0.0
111,0,0.0,-4.15453516876514e-08,0.0,0.0,-5.831193601820004
111,1,0.0,0.0,-0.004254930419686458,0.0,0.0
111,2,0.0,0.0,0.0,0.0,-0.884134369362032
111,3,0.0,0.0,0.0,0.0,-0.08875000000000002
111,4,0.0,0.0,0.0,0.0,0.0
112,0,0.0,-4.15453516876514e-08,0.0,0.0,-5.880889594290664
112,1,0.0,0.0,-0.004254930419686458,0.0,0.0
112,2,0.0,0.0,0.0,0.0,-0.884134369362032
112,3,0.0,0.0,0.0,0.0,-0.08875000000000002
112,4,0.0,0.0,0.0,0.0,0.0
113,0,0.0,-4.15453516876514e-08,0.0,0.0,-5.925427048192149
113,1,0.0,0.0,-0.004254930419686458,0.0,0.0
113,2,0.0,0.0,0.0,0.0,-0.884134369362032
113,3,0.0,0.0,0.0,0.0,-0.08875000000000002
113,4,0.0,0.0,0.0,0.0,0.0
114,0,0.0,-4.15453516876514e-08,0.0,0.0,-5.974823207614987
114,1,0.0,0.0,-0.004254930419686458,0.0,0.0
114,2,0.0,0.0,0.0,0.0,-0.884134369362032
114,3,0.0,0.0,0.0,0.0,-0.08875000000000002
114,4,0.0,0.0,0.0,0.0,0.0
115,0,0.0,-4.15453516876514e-08,0.0,0.0,-6.029061921756649
115,1,0.0,0.0,-0.004254930419686458,0.0,0.0
115,2,0.0,0.0,0.0,0.0,-0.884134369362032
115,3,0.0,0.0,0.0,0.0,-0.08875000000000002
115,4,0.0,0.0,0.0,0.0,0.0
116,0,0.0,-4.15453516876514e-08,0.0,0.0,-6.078127100286243
116,1,0.0,0.0,-0.004254930419686458,0.0,0.0
116,2,0.0,0.0,0.0,0.0,-0.884134369362032
116,3,0.0,0.0,0.0,0.0,-0.08875000000000002
116,4,0.0,0.0,0.0,0.0,0.0
117,0,0.0,-4.15453516876514e-08,0.0,0.0,-6.1345360432323055
117,1,0.0,0.0,-0.004254930419686458,0.0,0.0
117,2,0.0,0.0,0.0,0.0,-0.884134369362032
117,3,0.0,0.0,0.0,0.0,-0.08875000000000002
117,4,0.0,0.0,0.0,0.0,0.0
118,0,0.0,-4.15453516876514e-08,0.0,0.0,-6.185764322974973
118,1,0.0,0.0,-0.004254930419686458,0.0,0.0
118,2,0.0,0.0,0.0,0.0,-0.884134369362032
118,3,0.0,0.0,0.0,0.0,-0.08875000000000002
118,4,0.0,0.0,0.0,0.0,0.0
119,0,0.0,-4.15453516876514e-08,0.0,0.0,-6.236829266049745
119,1,0.0,0.0,-0.004254930419686458,0.0,0.0
119,2,0.0,0.0,0.0,0.0,-0.884134369362032
119,3,0.0,0.0,0.0,0.0,-0.08875000000000002
119,4,0.0,0.0,0.0,0.0,0.0
120,0,0.0,-4.15453516876514e-08,0.0,0.0,-6.290231468835328
120,1,0.0,0.0,-0.004254930419686458,0.0,0.0
120,2,0.0,0.0,0.0,0.0,-0.884134369362032
120,3,0.0,0.0,0.0,0.0,-0.08875000000000002
120,4,0.0,0.0,0.0,0.0,0.0
121,0,0.0,-4.15453516876514e-08,0.0,0.0,-6.34596319283463
121,1,0.0,0.0,-0.004254930419686458,0.0,0.0
121,2,0.0,0.0,0.0,0.0,-0.884134369362032
121,3,0.0,0.0,0.0,0.0,-0.08875000000000002
121,4,0.0,0.0,0.0,0.0,0.0
122,0,0.0,-4.15453516876514e-08,0.0,0.0,-6.396516728460758
122,1,0.0,0.0,-0.004254930419686458,0.0,0.0
122,2,0.0,0.0,0.0,0.0,-0.884134369362032
122,3,0.0,0.0,0.0,0.0,-0.08875000000000002
122,4,0.0,0.0,0.0,0.0,0.0
123,0,0.0,-4.15453516876514e-08,0.0,0.0,-6.441909392518727
123,1,0.0,0.0,-0.004254930419686458,0.0,0.0
123,2,0.0,0.0,0.0,0.0,-0.884134369362032
123,3,0.0,0.0,0.0,0.0,-0.08875000000000002
123,4,0.0,0.0,0.0,0.0,0.0
124,0,0.0,-7.167876750243644e-08,0.0,0.0,-6.441909392518727
124,1,0.0,0.0,-0.005438247611058125,0.0,0.0
124,2,0.0,0.0,0.0,0.0,-0.9699440985663378
124,3,0.0,0.0,0.0,0.0,-0.08875000000000002
124,4,0.0,0.0,0.0,0.0,0.0
125,0,0.0,-7.167876750243644e-08,0.0,0.0,-6.494658436761528
125,1,0.0,0.0,-0.005438247611058125,0.0,0.0
125,2,0.0,0.0,0.0,0.0,-0.9699440985663378
125,3,0.0,0.0,0.0,0.0,-0.08875000000000002
125,4,0.0,0.0,0.0,0.0,0.0
126,0,0.0,-7.167876750243644e-08,0.0,0.0,-6.54223938548881
126,1,0.0,0.0,-0.005438247611058125,0.0,0.0
126,2,0.0,0.0,0.0,0.0,-0.9699440985663378
126,3,0.0,0.0,0.0,0.0,-0.08875000000000002
126,4,0.0,0.0,0.0,0.0,0.0
127,0,0.0,-7.167876750243644e-08,0.0,0.0,-6.584669517349835
127,1,0.0,0.0,-0.005438247611058125,0.0,0.0
127,2,0.0,0.0,0.0,0.0,-0.9699440985663378
127,3,0.0,0.0,0.0,0.0,-0.08875000000000002
127,4,0.0,0.0,0.0,0.0,0.0
128,0,0.0,-7.167876750243644e-08,0.0,0.0,-6.626966046095205
128,1,0.0,0.0,-0.005438247611058125,0.0,0.0
128,2,0.0,0.0,0.0,0.0,-0.9699440985663378
128,3,0.0,0.0,0.0,0.0,-0.08875000000000002
128,4,0.0,0.0,0.0,0.0,0.0
129,0,0.0,-7.167876750243644e-08,0.0,0.0,-6.674129455772008
129,1,0.0,0.0,-0.005438247611058125,0.0,0.0
129,2,0.0,0.0,0.0,0.0,-0.9699440985663378
129,3,0.0,0.0,0.0,0.0,-0.08875000000000002
129,4,0.0,0.0,0.0,0.0,0.0
130,0,0.0,-7.167876750243644e-08,0.0,0.0,-6.716143563470539
130,1,0.0,0.0,-0.005438247611058125,0.0,0.0
130,2,0.0,0.0,0.0,0.0,-0.9699440985663378
130,3,0.0,0.0,0.0,0.0,-0.08875000000000002
130,4,0.0,0.0,0.0,0.0,0.0
131,0,0.0,-7.167876750243644e-08,0.0,0.0,-6.758025577014201
131,1,0.0,0.0,-0.005438247611058125,0.0,0.0
131,2,0.0,0.0,0.0,0.0,-0.9699440985663378
131,3,0.0,0.0,0.0,0.0,-0.08875000000000002
131,4,0.0,0.0,0.0,0.0,0.0
132,0,0.0,-7.167876750243644e-08,0.0,0.0,-6.7997759745471775
132,1,0.0,0.0,-0.005438247611058125,0.0,0.0
132,2,0.0,0.0,0.0,0.0,-0.9699440985663378
132,3,0.0,0.0,0.0,0.0,-0.08875000000000002
132,4,0.0,0.0,0.0,0.0,0.0
133,0,0.0,-7.167876750243644e-08,0.0,0.0,-6.84389523234579
133,1,0.0,0.0,-0.005438247611058125,0.0,0.0
133,2,0.0,0.0,0.0,0.0,-0.9699440985663378
133,3,0.0,0.0,0.0,0.0,-0.08875000000000002
133,4,0.0,0.0,0.0,0.0,0.0
134,0,0.0,-7.167876750243644e-08,0.0,0.0,-6.890375492293788
134,1,0.0,0.0,-0.005438247611058125,0.0,0.0
134,2,0.0,0.0,0.0,0.0,-0.9699440985663378
134,3,0.0,0.0,0.0,0.0,-0.08875000000000002
134,4,0.0,0.0,0.0,0.0,0.0
135,0,0.0,-7.167876750243644e-08,0.0,0.0,-6.934208925666331
135,1,0.0,0.0,-0.005438247611058125,0.0,0.0
135,2,0.0,0.0,0.0,0.0,-0.9699440985663378
135,3,0.0,0.0,0.0,0.0,-0.08875000000000002
135,4,0.0,0.0,0.0,0.0,0.0
136,0,0.0,-7.167876750243644e-08,0.0,0.0,-6.987904398077309
136,1,0.0,0.0,-0.005438247611058125,0.0,0.0
136,2,0.0,0.0,0.0,0.0,-0.9699440985663378
136,3,0.0,0.0,0.0,0.0,-0.08875000000000002
136,4,0.0,0.0,0.0,0.0,0.0
137,0,0.0,-7.167876750243644e-08,0.0,0.0,-7.02892907914799
137,1,0.0,0.0,-0.005438247611058125,0.0,0.0
137,2,0.0,0.0,0.0,0.0,-0.9699440985663378
137,3,0.0,0.0,0.0,0.0,-0.08875000000000002
137,4,0.0,0.0,0.0,0.0,0.0
138,0,0.0,-7.167876750243644e-08,0.0,0.0,-7.079825254313512
138,1,0.0,0.0,-0.005438247611058125,0.0,0.0
138,2,0.0,0.0,0.0,0.0,-0.9699440985663378
138,3,0.0,0.0,0.0,0.0,-0.08875000000000002
138,4,0.0,0.0,0.0,0.0,0.0
139,0,0.0,-7.167876750243644e-08,0.0,0.0,-7.123060057552655
139,1,0.0,0.0,-0.005438247611058125,0.0,0.0
139,2,0.0,0.0,0.0,0.0,-0.9699440985663378
139,3,0.0,0.0,0.0,0.0,-0.08875000000000002
139,4,0.0,0.0,0.0,0.0,0.0
140,0,0.0,-7.167876750243644e-08,0.0,0.0,-7.176159073736383
140,1,0.0,0.0,-0.005438247611058125,0.0,0.0
140,2,0.0,0.0,0.0,0.0,-0.9699440985663378
140,3,0.0,0.0,0.0,0.0,-0.08875000000000002
140,4,0.0,0.0,0.0,0.0,0.0
141,0,0.0,-7.167876750243644e-08,0.0,0.0,-7.219089463974425
141,1,0.0,0.0,-0.005438247611058125,0.0,0.0
141,2,0.0,0.0,0.0,0.0,-0.9699440985663378
141,3,0.0,0.0,0.0,0.0,-0.08875000000000002
141,4,0.0,0.0,0.0,0.0,0.0
142,0,0.0,-7.167876750243644e-08,0.0,0.0,-7.259385172692956
142,1,0.0,0.0,-0.005438247611058125,0.0,0.0
142,2,0.0,0.0,0.0,0.0,-0.9699440985663378
142,3,0.0,0.0,0.0,0.0,-0.08875000000000002
142,4,0.0,0.0,0.0,0.0,0.0
143,0,0.0,-7.167876750243644e-08,0.0,0.0,-7.299555019334723
143,1,0.0,0.0,-0.005438247611058125,0.0,0.0
143,2,0.0,0.0,0.0,0.0,-0.9699440985663378
143,3,0.0,0.0,0.0,0.0,-0.08875000000000002
143,4,0.0,0.0,0.0,0.0,0.0
144,0,0.0,-1.2089327889860314e-07,0.0,0.0,-7.299555019334723
144,1,0.0,0.0,-0.006811842298131314,0.0,0.0
144,2,0.0,0.0,0.0,0.0,-1.045469033108224
144,3,0.0,0.0,0.0,0.0,-0.08875000000000002
144,4,0.0,0.0,0.0,0.0,0.0
145,0,0.0,-1.2089327889860314e-07,0.0,0.0,-7.3420994576654826
145,1,0.0,0.0,-0.006811842298131314,0.0,0.0
145,2,0.0,0.0,0.0,0.0,-1.045469033108224
145,3,0.0,0.0,0.0,0.0,-0.08875000000000002
145,4,0.0,0.0,0.0,0.0,0.0
146,0,0.0,-1.2089327889860314e-07,0.0,0.0,-7.387010607150741
146,1,0.0,0.0,-0.006811842298131314,0.0,0.0
146,2,0.0,0.0,0.0,0.0,-1.045469033108224
146,3,0.0,0.0,0.0,0.0,-0.08875000000000002
146,4,0.0,0.0,0.0,0.0,0.0
147,0,0.0,-1.2089327889860314e-07,0.0,0.0,-7.436780616739332
147,1,0.0,0.0,-0.006811842298131314,0.0,0.0
147,2,0.0,0.0,0.0,0.0,-1.045469033108224
147,3,0.0,0.0,0.0,0.0,-0.08875000000000002
147,4,0.0,0.0,0.0,0.0,0.0
148,0,0.0,-1.2089327889860314e-07,0.0,0.0,-7.4888933322133
148,1,0.0,0.0,-0.006811842298131314,0.0,0.0
148,2,0.0,0.0,0.0,0.0,-1.045469033108224
148,3,0.0,0.0,0.0,0.0,-0.08875000000000002
148,4,0.0,0.0,0.0,0.0,0.0
149,0,0.0,-1.2089327889860314e-07,0.0,0.0,-7.540840992379326
149,1,0.0,0.0,-0.006811842298131314,0.0,0.0
149,2,0.0,0.0,0.0,0.0,-1.045469033108224
149,3,0.0,0.0,0.0,0.0,-0.08875000000000002
149,4,0.0,0.0,0.0,0.0,0.0
150,0,0.0,-1.2089327889860314e-07,0.0,0.0,-7.590124197583013
150,1,0.0,0.0,-0.006811842298131314,0.0,0.0
150,2,0.0,0.0,0.0,0.0,-1.045469033108224
150,3,0.0,0.0,0.0,0.0,-0.08875000000000002
150,4,0.0,0.0,0.0,0.0,0.0
151,0,0.0,-1.2089327889860314e-07,0.0,0.0,-7.641751878349099
151,1,0.0,0.0,-0.006811842298131314,0.0,0.0
151,2,0.0,0.0,0.0,0.0,-1.045469033108224
151,3,0.0,0.0,0.0,0.0,-0.08875000000000002
151,4,0.0,0.0,0.0,0.0,0.0
152,0,0.0,-1.2089327889860314e-07,0.0,0.0,-7.680716266550061
152,1,0.0,0.0,-0.006811842298131314,0.0,0.0
152,2,0.0,0.0,0.0,0.0,-1.045469033108224
152,3,0.0,0.0,0.0,0.0,-0.08875000000000002
152,4,0.0,0.0,0.0,0.0,0.0
153,0,0.0,-1.2089327889860314e-07,0.0,0.0,-7.722059618287548
153,1,0.0,0.0,-0.006811842298131314,0.0,0.0
153,2,0.0,0.0,0.0,0.0,-1.045469033108224
153,3,0.0,0.0,0.0,0.0,-0.08875000000000002
153,4,0.0,0.0,0.0,0.0,0.0
154,0,0.0,-1.2089327889860314e-07,0.0,0.0,-7.773274035924225
154,1,0.0,0.0,-0.006811842298131314,0.0,0.0
154,2,0.0,0.0,0.0,0.0,-1.045469033108224
154,3,0.0,0.0,0.0,0.0,-0.08875000000000002
154,4,0.0,0.0,0.0,0.0,0.0
155,0,0.0,-1.2089327889860314e-07,0.0,0.0,-7.821826653779152
155,1,0.0,0.0,-0.006811842298131314,0.0,0.0
155,2,0.0,0.0,0.0,0.0,-1.045469033108224
155,3,0.0,0.0,0.0,0.0,-0.08875000000000002
155,4,0.0,0.0,0.0,0.0,0.0
156,0,0.0,-1.2089327889860314e-07,0.0,0.0,-7.865226392000566
156,1,0.0,0.0,-0.006811842298131314,0.0,0.0
156,2,0.0,0.0,0.0,0.0,-1.045469033108224
156,3,0.0,0.0,0.0,0.0,-0.08875000000000002
156,4,0.0,0.0,0.0,0.0,0.0
157,0,0.0,-1.2089327889860314e-07,0.0,0.0,-7.910990469724045
157,1,0.0,0.0,-0.006811842298131314,0.0,0.0
157,2,0.0,0.0,0.0,0.0,-1.045469033108224
157,3,0.0,0.0,0.0,0.0,-0.08875000000000002
157,4,0.0,0.0,0.0,0.0,0.0
158,0,0.0,-1.2089327889860314e-07,0.0,0.0,-7.951611043833478
158,1,0.0,0.0,-0.006811842298131314,0.0,0.0
158,2,0.0,0.0,0.0,0.0,-1.045469033108224
158,3,0.0,0.0,0.0,0.0,-0.08875000000000002
158,4,0.0,0.0,0.0,0.0,0.0
159,0,0.0,-1.2089327889860314e-07,0.0,0.0,-8.002105298146002
159,1,0.0,0.0,-0.006811842298131314,0.0,0.0
159,2,0.0,0.0,0.0,0.0,-1.045469033108224
159,3,0.0,0.0,0.0,0.0,-0.08875000000000002
159,4,0.0,0.0,0.0,0.0,0.0
160,0,0.0,-1.2089327889860314e-07,0.0,0.0,-8.052440356771632
160,1,0.0,0.0,-0.006811842298131314,0.0,0.0
160,2,0.0,0.0,0.0,0.0,-1.045469033108224
160,3,0.0,0.0,0.0,0.0,-0.08875000000000002
160,4,0.0,0.0,0.0,0.0,0.0
161,0,0.0,-1.2089327889860314e-07,0.0,0.0,-8.09011679715902
161,1,0.0,0.0,-0.006811842298131314,0.0,0.0
161,2,0.0,0.0,0.0,0.0,-1.045469033108224
161,3,0.0,0.0,0.0,0.0,-0.08875000000000002
161,4,0.0,0.0,0.0,0.0,0.0
162,0,0.0,-1.2089327889860314e-07,0.0,0.0,-8.130176857159228
162,1,0.0,0.0,-0.006811842298131314,0.0,0.0
162,2,0.0,0.0,0.0,0.0,-1.045469033108224
162,3,0.0,0.0,0.0,0.0,-0.08875000000000002
162,4,0.0,0.0,0.0,0.0,0.0
163,0,0.0,-1.2089327889860314e-07,0.0,0.0,-8.167612620959078
163,1,0.0,0.0,-0.006811842298131314,0.0,0.0
163,2,0.0,0.0,0.0,0.0,-1.045469033108224
163,3,0.0,0.0,0.0,0.0,-0.08875000000000002
163,4,0.0,0.0,0.0,0.0,0.0
164,0,0.0,-1.2089327889860314e-07,0.0,0.0,-8.207432867438001
164,1,0.0,0.0,-0.006811842298131314,0.0,0.0
164,2,0.0,0.0,0.0,0.0,-1.045469033108224
164,3,0.0,0.0,0.0,0.0,-0.08875000000000002
164,4,0.0,0.0,0.0,0.0,0.0
165,0,0.0,-1.2089327889860314e-07,0.0,0.0,-8.254629677432245
165,1,0.0,0.0,-0.006811842298131314,0.0,0.0
165,2,0.0,0.0,0.0,0.0,-1.045469033108224
165,3,0.0,0.0,0.0,0.0,-0.08875000000000002
165,4,0.0,0.0,0.0,0.0,0.0
166,0,0.0,-1.2089327889860314e-07,0.0,0.0,-8.291678496354912
166,1,0.0,0.0,-0.006811842298131314,0.0,0.0
166,2,0.0,0.0,0.0,0.0,-1.045469033108224
166,3,0.0,0.0,0.0,0.0,-0.08875000000000002
166,4,0.0,0.0,0.0,0.0,0.0
167,0,0.0,-1.2089327889860314e-07,0.0,0.0,-8.341113189356728
167,1,0.0,0.0,-0.006811842298131314,0.0,0.0
167,2,0.0,0.0,0.0,0.0,-1.045469033108224
167,3,0.0,0.0,0.0,0.0,-0.08875000000000002
167,4,0.0,0.0,0.0,0.0,0.0
168,0,0.0,-1.2089327889860314e-07,0.0,0.0,-8.38539250173249
168,1,0.0,0.0,-0.006811842298131314,0.0,0.0
168,2,0.0,0.0,0.0,0.0,-1.045469033108224
168,3,0.0,0.0,0.0,0.0,-0.08875000000000002
168,4,0.0,0.0,0.0,0.0,0.0
169,0,0.0,-1.2089327889860314e-07,0.0,0.0,-8.429533661143157
169,1,0.0,0.0,-0.006811842298131314,0.0,0.0
169,2,0.0,0.0,0.0,0.0,-1.045469033108224
169,3,0.0,0.0,0.0,0.0,-0.08875000000000002
169,4,0.0,0.0,0.0,0.0,0.0
170,0,0.0,-1.2089327889860314e-07,0.0,0.0,-8.476037165498285
170,1,0.0,0.0,-0.006811842298131314,0.0,0.0
170,2,0.0,0.0,0.0,0.0,-1.045469033108224
170,3,0.0,0.0,0.0,0.0,-0.08875000000000002
170,4,0.0,0.0,0.0,0.0,0.0
171,0,0.0,-1.2089327889860314e-07,0.0,0.0,-8.514895178235319
171,1,0.0,0.0,-0.006811842298131314,0.0,0.0
171,2,0.0,0.0,0.0,0.0,-1.045469033108224
171,3,0.0,0.0,0.0,0.0,-0.08875000000000002
171,4,0.0,0.0,0.0,0.0,0.0
172,0,0.0,-1.2089327889860314e-07,0.0,0.0,-8.553633222233296
172,1,0.0,0.0,-0.006811842298131314,0.0,0.0
172,2,0.0,0.0,0.0,0.0,-1.045469033108224
172,3,0.0,0.0,0.0,0.0,-0.08875000000000002
172,4,0.0,0.0,0.0,0.0,0.0
173,0,0.0,-1.2089327889860314e-07,0.0,0.0,-8.594751726993314
173,1,0.0,0.0,-0.006811842298131314,0.0,0.0
173,2,0.0,0.0,0.0,0.0,-1.045469033108224
173,3,0.0,0.0,0.0,0.0,-0.08875000000000002
173,4,0.0,0.0,0.0,0.0,0.0
174,0,0.0,-1.98092478238798e-07,0.0,0.0,-8.594751726993314
174,1,0.0,0.0,-0.008354777987752464,0.0,0.0
174,2,0.0,0.0,0.0,0.0,-1.115743568282739
174,3,0.0,0.0,0.0,0.0,-0.08875000000000002
174,4,0.0,0.0,0.0,0.0,0.0
175,0,0.0,-1.98092478238798e-07,0.0,0.0,-8.630742787818484
175,1,0.0,0.0,-0.008354777987752464,0.0,0.0
175,2,0.0,0.0,0.0,0.0,-1.115743568282739
175,3,0.0,0.0,0.0,0.0,-0.08875000000000002
175,4,0.0,0.0,0.0,0.0,0.0
176,0,0.0,-1.98092478238798e-07,0.0,0.0,-8.674123527194151
176,1,0.0,0.0,-0.008354777987752464,0.0,0.0
176,2,0.0,0.0,0.0,0.0,-1.115743568282739
176,3,0.0,0.0,0.0,0.0,-0.08875000000000002
176,4,0.0,0.0,0.0,0.0,0.0
177,0,0.0,-1.98092478238798e-07,0.0,0.0,-8.712369340678844
177,1,0.0,0.0,-0.008354777987752464,0.0,0.0
177,2,0.0,0.0,0.0,0.0,-1.115743568282739
177,3,0.0,0.0,0.0,0.0,-0.08875000000000002
177,4,0.0,0.0,0.0,0.0,0.0
178,0,0.0,-1.98092478238798e-07,0.0,0.0,-8.757997378705001
178,1,0.0,0.0,-0.008354777987752464,0.0,0.0
178,2,0.0,0.0,0.0,0.0,-1.115743568282739
178,3,0.0,0.0,0.0,0.0,-0.08875000000000002
178,4,0.0,0.0,0.0,0.0,0.0
179,0,0.0,-1.98092478238798e-07,0.0,0.0,-8.805983064666712
179,1,0.0,0.0,-0.008354777987752464,0.0,0.0
179,2,0.0,0.0,0.0,0.0,-1.115743568282739
179,3,0.0,0.0,0.0,0.0,-0.08875000000000002
179,4,0.0,0.0,0.0,0.0,0.0
180,0,0.0,-1.98092478238798e-07,0.0,0.0,-8.848818579123831
180,1,0.0,0.0,-0.008354777987752464,0.0,0.0
180,2,0.0,0.0,0.0,0.0,-1.115743568282739
180,3,0.0,0.0,0.0,0.0,-0.08875000000000002
180,4,0.0,0.0,0.0,0.0,0.0
181,0,0.0,-1.98092478238798e-07,0.0,0.0,-8.886521129478126
181,1,0.0,0.0,-0.008354777987752464,0.0,0.0
181,2,0.0,0.0,0.0,0.0,-1.115743568282739
181,3,0.0,0.0,0.0,0.0,-0.08875000000000002
181,4,0.0,0.0,0.0,0.0,0.0
182,0,0.0,-1.98092478238798e-07,0.0,0.0,-8.924107858527416
182,1,0.0,0.0,-0.008354777987752464,0.0,0.0
182,2,0.0,0.0,0.0,0.0,-1.115743568282739
182,3,0.0,0.0,0.0,0.0,-0.08875000000000002
182,4,0.0,0.0,0.0,0.0,0.0
183,0,0.0,-1.98092478238798e-07,0.0,0.0,-8.969079179659452
183,1,0.0,0.0,-0.008354777987752464,0.0,0.0
183,2,0.0,0.0,0.0,0.0,-1.115743568282739
183,3,0.0,0.0,0.0,0.0,-0.08875000000000002
183,4,0.0,0.0,0.0,0.0,0.0
184,0,0.0,-1.98092478238798e-07,0.0,0.0,-9.011410507065047
184,1,0.0,0.0,-0.008354777987752464,0.0,0.0
184,2,0.0,0.0,0.0,0.0,-1.115743568282739
184,3,0.0,0.0,0.0,0.0,-0.08875000000000002
184,4,0.0,0.0,0.0,0.0,0.0
185,0,0.0,-1.98092478238798e-07,0.0,0.0,-9.046110677203062
185,1,0.0,0.0,-0.008354777987752464,0.0,0.0
185,2,0.0,0.0,0.0,0.0,-1.115743568282739
185,3,0.0,0.0,0.0,0.0,-0.08875000000000002
185,4,0.0,0.0,0.0,0.0,0.0
186,0,0.0,-1.98092478238798e-07,0.0,0.0,-9.093205158391342
186,1,0.0,0.0,-0.008354777987752464,0.0,0.0
186,2,0.0,0.0,0.0,0.0,-1.115743568282739
186,3,0.0,0.0,0.0,0.0,-0.08875000000000002
186,4,0.0,0.0,0.0,0.0,0.0
187,0,0.0,-1.98092478238798e-07,0.0,0.0,-9.130152663128106
187,1,0.0,0.0,-0.008354777987752464,0.0,0.0
187,2,0.0,0.0,0.0,0.0,-1.115743568282739
187,3,0.0,0.0,0.0,0.0,-0.08875000000000002
187,4,0.0,0.0,0.0,0.0,0.0
188,0,0.0,-1.98092478238798e-07,0.0,0.0,-9.16948705147633
188,1,0.0,0.0,-0.008354777987752464,0.0,0.0
188,2,0.0,0.0,0.0,0.0,-1.115743568282739
188,3,0.0,0.0,0.0,0.0,-0.08875000000000002
188,4,0.0,0.0,0.0,0.0,0.0
189,0,0.0,-1.98092478238798e-07,0.0,0.0,-9.208700393795874
189,1,0.0,0.0,-0.008354777987752464,0.0,0.0
189,2,0.0,0.0,0.0,0.0,-1.115743568282739
189,3,0.0,0.0,0.0,0.0,-0.08875000000000002
189,4,0.0,0.0,0.0,0.0,0.0
190,0,0.0,-1.98092478238798e-07,0.0,0.0,-9.250293122665871
190,1,0.0,0.0,-0.008354777987752464,0.0,0.0
190,2,0.0,0.0,0.0,0.0,-1.115743568282739
190,3,0.0,0.0,0.0,0.0,-0.08875000000000002
190,4,0.0,0.0,0.0,0.0,0.0
191,0,0.0,-1.98092478238798e-07,0.0,0.0,-9.296757336457398
191,1,0.0,0.0,-0.008354777987752464,0.0,0.0
191,2,0.0,0.0,0.0,0.0,-1.115743568282739
191,3,0.0,0.0,0.0,0.0,-0.08875000000000002
191,4,0.0,0.0,0.0,0.0,0.0
192,0,0.0,-1.98092478238798e-07,0.0,0.0,-9.343076830584288
192,1,0.0,0.0,-0.008354777987752464,0.0,0.0
192,2,0.0,0.0,0.0,0.0,-1.115743568282739
192,3,0.0,0.0,0.0,0.0,-0.08875000000000002
192,4,0.0,0.0,0.0,0.0,0.0
193,0,0.0,-1.98092478238798e-07,0.0,0.0,-9.386752126226027
193,1,0.0,0.0,-0.008354777987752464,0.0,0.0
193,2,0.0,0.0,0.0,0.0,-1.115743568282739
193,3,0.0,0.0,0.0,0.0,-0.08875000000000002
193,4,0.0,0.0,0.0,0.0,0.0
194,0,0.0,-1.98092478238798e-07,0.0,0.0,-9.430292075064797
194,1,0.0,0.0,-0.008354777987752464,0.0,0.0
194,2,0.0,0.0,0.0,0.0,-1.115743568282739
194,3,0.0,0.0,0.0,0.0,-0.08875000000000002
194,4,0.0,0.0,0.0,0.0,0.0
195,0,0.0,-1.98092478238798e-07,0.0,0.0,-9.473697162985053
195,1,0.0,0.0,-0.008354777987752464,0.0,0.0
195,2,0.0,0.0,0.0,0.0,-1.115743568282739
195,3,0.0,0.0,0.0,0.0,-0.08875000000000002
195,4,0.0,0.0,0.0,0.0,0.0
196,0,0.0,-1.98092478238798e-07,0.0,0.0,-9.516967873983083
196,1,0.0,0.0,-0.008354777987752464,0.0,0.0
196,2,0.0,0.0,0.0,0.0,-1.115743568282739
196,3,0.0,0.0,0.0,0.0,-0.08875000000000002
196,4,0.0,0.0,0.0,0.0,0.0
197,0,0.0,-1.98092478238798e-07,0.0,0.0,-9.550104690174749
197,1,0.0,0.0,-0.008354777987752464,0.0,0.0
197,2,0.0,0.0,0.0,0.0,-1.115743568282739
197,3,0.0,0.0,0.0,0.0,-0.08875000000000002
197,4,0.0,0.0,0.0,0.0,0.0
198,0,0.0,-1.98092478238798e-07,0.0,0.0,-9.590641421932563
198,1,0.0,0.0,-0.008354777987752464,0.0,0.0
198,2,0.0,0.0,0.0,0.0,-1.115743568282739
198,3,0.0,0.0,0.0,0.0,-0.08875000000000002
198,4,0.0,0.0,0.0,0.0,0.0
199,0,0.0,-1.98092478238798e-07,0.0,0.0,-9.633553425061427
199,1,0.0,0.0,-0.008354777987752464,0.0,0.0
199,2,0.0,0.0,0.0,0.0,-1.115743568282739
199,3,0.0,0.0,0.0,0.0,-0.08875000000000002
199,4,0.0,0.0,0.0,0.0,0.0
200,0,0.0,-1.98092478238798e-07,0.0,0.0,-9.673832812805264
200,1,0.0,0.0,-0.008354777987752464,0.0,0.0
200,2,0.0,0.0,0.0,0.0,-1.115743568282739
200,3,0.0,0.0,0.0,0.0,-0.08875000000000002
200,4,0.0,0.0,0.0,0.0,0.0
201,0,0.0,-1.98092478238798e-07,0.0,0.0,-9.708988392989648
201,1,0.0,0.0,-0.008354777987752464,0.0,0.0
201,2,0.0,0.0,0.0,0.0,-1.115743568282739
201,3,0.0,0.0,0.0,0.0,-0.08875000000000002
201,4,0.0,0.0,0.0,0.0,0.0
202,0,0.0,-1.98092478238798e-07,0.0,0.0,-9.746537272883522
202,1,0.0,0.0,-0.008354777987752464,0.0,0.0
202,2,0.0,0.0,0.0,0.0,-1.115743568282739
202,3,0.0,0.0,0.0,0.0,-0.08875000000000002
202,4,0.0,0.0,0.0,0.0,0.0
203,0,0.0,-1.98092478238798e-07,0.0,0.0,-9.778971497958269
203,1,0.0,0.0,-0.008354777987752464,0.0,0.0
203,2,0.0,0.0,0.0,0.0,-1.115743568282739
203,3,0.0,0.0,0.0,0.0,-0.08875000000000002
203,4,0.0,0.0,0.0,0.0,0.0
204,0,0.0,-1.98092478238798e-07,0.0,0.0,-9.823808141070735
204,1,0.0,0.0,-0.008354777987752464,0.0,0.0
204,2,0.0,0.0,0.0,0.0,-1.115743568282739
204,3,0.0,0.0,0.0,0.0,-0.08875000000000002
204,4,0.0,0.0,0.0,0.0,0.0
205,0,0.0,-1.98092478238798e-07,0.0,0.0,-9.856005883288594
205,1,0.0,0.0,-0.008354777987752464,0.0,0.0
205,2,0.0,0.0,0.0,0.0,-1.115743568282739
205,3,0.0,0.0,0.0,0.0,-0.08875000000000002
205,4,0.0,0.0,0.0,0.0,0.0
206,0,0.0,-1.98092478238798e-07,0.0,0.0,-9.895606885904732
206,1,0.0,0.0,-0.008354777987752464,0.0,0.0
206,2,0.0,0.0,0.0,0.0,-1.115743568282739
206,3,0.0,0.0,0.0,0.0,-0.08875000000000002
206,4,0.0,0.0,0.0,0.0,0.0
207,0,0.0,-1.98092478238798e-07,0.0,0.0,-9.930086491795374
207,1,0.0,0.0,-0.008354777987752464,0.0,0.0
207,2,0.0,0.0,0.0,0.0,-1.115743568282739
207,3,0.0,0.0,0.0,0.0,-0.08875000000000002
207,4,0.0,0.0,0.0,0.0,0.0
208,0,0.0,-1.98092478238798e-07,0.0,0.0,-9.96446179892541
208,1,0.0,0.0,-0.008354777987752464,0.0,0.0
208,2,0.0,0.0,0.0,0.0,-1.115743568282739
208,3,0.0,0.0,0.0,0.0,-0.08875000000000002
208,4,0.0,0.0,0.0,0.0,0.0
209,0,0.0,-1.98092478238798e-07,0.0,0.0,-9.998733176032323
209,1,0.0,0.0,-0.008354777987752464,0.0,0.0
209,2,0.0,0.0,0.0,0.0,-1.115743568282739
209,3,0.0,0.0,0.0,0.0,-0.08875000000000002
209,4,0.0,0.0,0.0,0.0,0.0
210,0,0.0,-1.98092478238798e-07,0.0,0.0,-10.03790099043561
210,1,0.0,0.0,-0.008354777987752464,0.0,0.0
210,2,0.0,0.0,0.0,0.0,-1.115743568282739
210,3,0.0,0.0,0.0,0.0,-0.08875000000000002
210,4,0.0,0.0,0.0,0.0,0.0
211,0,0.0,-1.98092478238798e-07,0.0,0.0,-10.07944894297781
211,1,0.0,0.0,-0.008354777987752464,0.0,0.0
211,2,0.0,0.0,0.0,0.0,-1.115743568282739
211,3,0.0,0.0,0.0,0.0,-0.08875000000000002
211,4,0.0,0.0,0.0,0.0,0.0
212,0,0.0,-1.98092478238798e-07,0.0,0.0,-10.120869128115306
212,1,0.0,0.0,-0.008354777987752464,0.0,0.0
212,2,0.0,0.0,0.0,0.0,-1.115743568282739
212,3,0.0,0.0,0.0,0.0,-0.08875000000000002
212,4,0.0,0.0,0.0,0.0,0.0
213,0,0.0,-1.98092478238798e-07,0.0,0.0,-10.152162002430082
213,1,0.0,0.0,-0.008354777987752464,0.0,0.0
213,2,0.0,0.0,0.0,0.0,-1.115743568282739
213,3,0.0,0.0,0.0,0.0,-0.08875000000000002
213,4,0.0,0.0,0.0,0.0,0.0
214,0,0.0,-1.98092478238798e-07,0.0,0.0,-10.190861350864576
214,1,0.0,0.0,-0.008354777987752464,0.0,0.0
214,2,0.0,0.0,0.0,0.0,-1.115743568282739
214,3,0.0,0.0,0.0,0.0,-0.08875000000000002
214,4,0.0,0.0,0.0,0.0,0.0
215,0,0.0,-1.98092478238798e-07,0.0,0.0,-10.221942503896972
215,1,0.0,0.0,-0.008354777987752464,0.0,0.0
215,2,0.0,0.0,0.0,0.0,-1.115743568282739
215,3,0.0,0.0,0.0,0.0,-0.08875000000000002
215,4,0.0,0.0,0.0,0.0,0.0
216,0,0.0,-1.98092478238798e-07,0.0,0.0,-10.252930879676816
216,1,0.0,0.0,-0.008354777987752464,0.0,0.0
216,2,0.0,0.0,0.0,0.0,-1.115743568282739
216,3,0.0,0.0,0.0,0.0,-0.08875000000000002
216,4,0.0,0.0,0.0,0.0,0.0
217,0,0.0,-1.98092478238798e-07,0.0,0.0,-10.288826803400019
217,1,0.0,0.0,-0.008354777987752464,0.0,0.0
217,2,0.0,0.0,0.0,0.0,-1.115743568282739
217,3,0.0,0.0,0.0,0.0,-0.08875000000000002
217,4,0.0,0.0,0.0,0.0,0.0
218,0,0.0,-1.98092478238798e-07,0.0,0.0,-10.332113933954675
218,1,0.0,0.0,-0.008354777987752464,0.0,0.0
218,2,0.0,0.0,0.0,0.0,-1.115743568282739
218,3,0.0,0.0,0.0,0.0,-0.08875000000000002
218,4,0.0,0.0,0.0,0.0,0.0
219,0,0.0,-1.98092478238798e-07,0.0,0.0,-10.36526765894642
219,1,0.0,0.0,-0.008354777987752464,0.0,0.0
219,2,0.0,0.0,0.0,0.0,-1.115743568282739
219,3,0.0,0.0,0.0,0.0,-0.08875000000000002
219,4,0.0,0.0,0.0,0.0,0.0
220,0,0.0,-1.98092478238798e-07,0.0,0.0,-10.408321785956385
220,1,0.0,0.0,-0.008354777987752464,0.0,0.0
220,2,0.0,0.0,0.0,0.0,-1.115743568282739
220,3,0.0,0.0,0.0,0.0,-0.08875000000000002
220,4,0.0,0.0,0.0,0.0,0.0
221,0,0.0,-1.98092478238798e-07,0.0,0.0,-10.441243335478957
221,1,0.0,0.0,-0.008354777987752464,0.0,0.0
221,2,0.0,0.0,0.0,0.0,-1.115743568282739
221,3,0.0,0.0,0.0,0.0,-0.08875000000000002
221,4,0.0,0.0,0.0,0.0,0.0
222,0,0.0,-1.98092478238798e-07,0.0,0.0,-10.481566111898905
222,1,0.0,0.0,-0.008354777987752464,0.0,0.0
222,2,0.0,0.0,0.0,0.0,-1.115743568282739
222,3,0.0,0.0,0.0,0.0,-0.08875000000000002
222,4,0.0,0.0,0.0,0.0,0.0
223,0,0.0,-1.98092478238798e-07,0.0,0.0,-10.519265465059604
223,1,0.0,0.0,-0.008354777987752464,0.0,0.0
223,2,0.0,0.0,0.0,0.0,-1.115743568282739
223,3,0.0,0.0,0.0,0.0,-0.08875000000000002
223,4,0.0,0.0,0.0,0.0,0.0
224,0,0.0,-1.98092478238798e-07,0.0,0.0,-10.5518501673343
224,1,0.0,0.0,-0.008354777987752464,0.0,0.0
224,2,0.0,0.0,0.0,0.0,-1.115743568282739
224,3,0.0,0.0,0.0,0.0,-0.08875000000000002
224,4,0.0,0.0,0.0,0.0,0.0
225,0,0.0,-1.98092478238798e-07,0.0,0.0,-10.589337290683538
225,1,0.0,0.0,-0.008354777987752464,0.0,0.0
225,2,0.0,0.0,0.0,0.0,-1.115743568282739
225,3,0.0,0.0,0.0,0.0,-0.08875000000000002
225,4,0.0,0.0,0.0,0.0,0.0
226,0,0.0,-1.98092478238798e-07,0.0,0.0,-10.624210512881271
226,1,0.0,0.0,-0.008354777987752464,0.0,0.0
226,2,0.0,0.0,0.0,0.0,-1.115743568282739
226,3,0.0,0.0,0.0,0.0,-0.08875000000000002
226,4,0.0,0.0,0.0,0.0,0.0
227,0,0.0,-1.98092478238798e-07,0.0,0.0,-10.653978570473644
227,1,0.0,0.0,-0.008354777987752464,0.0,0.0
227,2,0.0,0.0,0.0,0.0,-1.115743568282739
227,3,0.0,0.0,0.0,0.0,-0.08875000000000002
227,4,0.0,0.0,0.0,0.0,0.0
228,0,0.0,-1.98092478238798e-07,0.0,0.0,-10.686158499737644
228,1,0.0,0.0,-0.008354777987752464,0.0,0.0
228,2,0.0,0.0,0.0,0.0,-1.115743568282739
228,3,0.0,0.0,0.0,0.0,-0.08875000000000002
228,4,0.0,0.0,0.0,0.0,0.0
229,0,0.0,-1.98092478238798e-07,0.0,0.0,-10.725742275438996
229,1,0.0,0.0,-0.008354777987752464,0.0,0.0
229,2,0.0,0.0,0.0,0.0,-1.115743568282739
229,3,0.0,0.0,0.0,0.0,-0.08875000000000002
229,4,0.0,0.0,0.0,0.0,0.0
230,0,0.0,-1.98092478238798e-07,0.0,0.0,-10.76020523735216
230,1,0.0,0.0,-0.008354777987752464,0.0,0.0
230,2,0.0,0.0,0.0,0.0,-1.115743568282739
230,3,0.0,0.0,0.0,0.0,-0.08875000000000002
230,4,0.0,0.0,0.0,0.0,0.0
231,0,0.0,-1.98092478238798e-07,0.0,0.0,-10.802064480354607
231,1,0.0,0.0,-0.008354777987752464,0.0,0.0
231,2,0.0,0.0,0.0,0.0,-1.115743568282739
231,3,0.0,0.0,0.0,0.0,-0.08875000000000002
231,4,0.0,0.0,0.0,0.0,0.0
232,0,0.0,-1.98092478238798e-07,0.0,0.0,-10.838795372513568
232,1,0.0,0.0,-0.008354777987752464,0.0,0.0
232,2,0.0,0.0,0.0,0.0,-1.115743568282739
232,3,0.0,0.0,0.0,0.0,-0.08875000000000002
232,4,0.0,0.0,0.0,0.0,0.0
233,0,0.0,-1.98092478238798e-07,0.0,0.0,-10.867915036886279
233,1,0.0,0.0,-0.008354777987752464,0.0,0.0
233,2,0.0,0.0,0.0,0.0,-1.115743568282739
233,3,0.0,0.0,0.0,0.0,-0.08875000000000002
233,4,0.0,0.0,0.0,0.0,0.0
234,0,0.0,-1.98092478238798e-07,0.0,0.0,-10.904448864801381
234,1,0.0,0.0,-0.008354777987752464,0.0,0.0
234,2,0.0,0.0,0.0,0.0,-1.115743568282739
234,3,0.0,0.0,0.0,0.0,-0.08875000000000002
234,4,0.0,0.0,0.0,0.0,0.0
235,0,0.0,-1.98092478238798e-07,0.0,0.0,-10.940872157145535
235,1,0.0,0.0,-0.008354777987752464,0.0,0.0
235,2,0.0,0.0,0.0,0.0,-1.115743568282739
235,3,0.0,0.0,0.0,0.0,-0.08875000000000002
235,4,0.0,0.0,0.0,0.0,0.0
236,0,0.0,-1.98092478238798e-07,0.0,0.0,-10.97968530499965
236,1,0.0,0.0,-0.008354777987752464,0.0,0.0
236,2,0.0,0.0,0.0,0.0,-1.115743568282739
236,3,0.0,0.0,0.0,0.0,-0.08875000000000002
236,4,0.0,0.0,0.0,0.0,0.0
237,0,0.0,-1.98092478238798e-07,0.0,0.0,-11.013380365407155
237,1,0.0,0.0,-0.008354777987752464,0.0,0.0
237,2,0.0,0.0,0.0,0.0,-1.115743568282739
237,3,0.0,0.0,0.0,0.0,-0.08875000000000002
237,4,0.0,0.0,0.0,0.0,0.0
238,0,0.0,-1.98092478238798e-07,0.0,0.0,-11.051974422753503
238,1,0.0,0.0,-0.008354777987752464,0.0,0.0
238,2,0.0,0.0,0.0,0.0,-1.115743568282739
238,3,0.0,0.0,0.0,0.0,-0.08875000000000002
238,4,0.0,0.0,0.0,0.0,0.0
239,0,0.0,-1.98092478238798e-07,0.0,0.0,-11.09045116718883
239,1,0.0,0.0,-0.008354777987752464,0.0,0.0
239,2,0.0,0.0,0.0,0.0,-1.115743568282739
239,3,0.0,0.0,0.0,0.0,-0.08875000000000002
239,4,0.0,0.0,0.0,0.0,0.0
240,0,0.0,-1.98092478238798e-07,0.0,0.0,-11.126311015054544
240,1,0.0,0.0,-0.008354777987752464,0.0,0.0
240,2,0.0,0.0,0.0,0.0,-1.115743568282739
240,3,0.0,0.0,0.0,0.0,-0.08875000000000002
240,4,0.0,0.0,0.0,0.0,0.0
241,0,0.0,-1.98092478238798e-07,0.0,0.0,-11.162062713618583
241,1,0.0,0.0,-0.008354777987752464,0.0,0.0
241,2,0.0,0.0,0.0,0.0,-1.115743568282739
241,3,0.0,0.0,0.0,0.0,-0.08875000000000002
241,4,0.0,0.0,0.0,0.0,0.0
242,0,0.0,-1.98092478238798e-07,0.0,0.0,-11.200206644773207
242,1,0.0,0.0,-0.008354777987752464,0.0,0.0
242,2,0.0,0.0,0.0,0.0,-1.115743568282739
242,3,0.0,0.0,0.0,0.0,-0.08875000000000002
242,4,0.0,0.0,0.0,0.0,0.0
243,0,0.0,-1.98092478238798e-07,0.0,0.0,-11.240734856410453
243,1,0.0,0.0,-0.008354777987752464,0.0,0.0
243,2,0.0,0.0,0.0,0.0,-1.115743568282739
243,3,0.0,0.0,0.0,0.0,-0.08875000000000002
243,4,0.0,0.0,0.0,0.0,0.0
244,0,0.0,-1.98092478238798e-07,0.0,0.0,-11.273639426204452
244,1,0.0,0.0,-0.008354777987752464,0.0,0.0
244,2,0.0,0.0,0.0,0.0,-1.115743568282739
244,3,0.0,0.0,0.0,0.0,-0.08875000000000002
244,4,0.0,0.0,0.0,0.0,0.0
245,0,0.0,-1.98092478238798e-07,0.0,0.0,-11.301445791621779
245,1,0.0,0.0,-0.008354777987752464,0.0,0.0
245,2,0.0,0.0,0.0,0.0,-1.115743568282739
245,3,0.0,0.0,0.0,0.0,-0.08875000000000002
245,4,0.0,0.0,0.0,0.0,0.0
246,0,0.0,-1.98092478238798e-07,0.0,0.0,-11.33917096216518
246,1,0.0,0.0,-0.008354777987752464,0.0,0.0
246,2,0.0,0.0,0.0,0.0,-1.115743568282739
246,3,0.0,0.0,0.0,0.0,-0.08875000000000002
246,4,0.0,0.0,0.0,0.0,0.0
247,0,0.0,-1.98092478238798e-07,0.0,0.0,-11.371781888337564
247,1,0.0,0.0,-0.008354777987752464,0.0,0.0
247,2,0.0,0.0,0.0,0.0,-1.115743568282739
247,3,0.0,0.0,0.0,0.0,-0.08875000000000002
247,4,0.0,0.0,0.0,0.0,0.0
248,0,0.0,-1.98092478238798e-07,0.0,0.0,-11.399295639749475
248,1,0.0,0.0,-0.008354777987752464,0.0,0.0
248,2,0.0,0.0,0.0,0.0,-1.115743568282739
248,3,0.0,0.0,0.0,0.0,-0.08875000000000002
248,4,0.0,0.0,0.0,0.0,0.0
249,0,0.0,-1.98092478238798e-07,0.0,0.0,-11.43672922196542
249,1,0.0,0.0,-0.008354777987752464,0.0,0.0
249,2,0.0,0.0,0.0,0.0,-1.115743568282739
249,3,0.0,0.0,0.0,0.0,-0.08875000000000002
249,4,0.0,0.0,0.0,0.0,0.0
250,0,0.0,-1.98092478238798e-07,0.0,0.0,-11.466549581565948
250,1,0.0,0.0,-0.008354777987752464,0.0,0.0
250,2,0.0,0.0,0.0,0.0,-1.115743568282739
250,3,0.0,0.0,0.0,0.0,-0.08875000000000002
250,4,0.0,0.0,0.0,0.0,0.0
251,0,0.0,-1.98092478238798e-07,0.0,0.0,-11.493782116787449
251,1,0.0,0.0,-0.008354777987752464,0.0,0.0
251,2,0.0,0.0,0.0,0.0,-1.115743568282739
251,3,0.0,0.0,0.0,0.0,-0.08875000000000002
251,4,0.0,0.0,0.0,0.0,0.0
252,0,0.0,-1.98092478238798e-07,0.0,0.0,-11.528435465527329
252,1,0.0,0.0,-0.008354777987752464,0.0,0.0
252,2,0.0,0.0,0.0,0.0,-1.115743568282739
252,3,0.0,0.0,0.0,0.0,-0.08875000000000002
252,4,0.0,0.0,0.0,0.0,0.0
253,0,0.0,-1.98092478238798e-07,0.0,0.0,-11.562984903148392
253,1,0.0,0.0,-0.008354777987752464,0.0,0.0
253,2,0.0,0.0,0.0,0.0,-1.115743568282739
253,3,0.0,0.0,0.0,0.0,-0.08875000000000002
253,4,0.0,0.0,0.0,0.0,0.0
254,0,0.0,-1.98092478238798e-07,0.0,0.0,-11.59993079531098
254,1,0.0,0.0,-0.008354777987752464,0.0,0.0
254,2,0.0,0.0,0.0,0.0,-1.115743568282739
254,3,0.0,0.0,0.0,0.0,-0.08875000000000002
254,4,0.0,0.0,0.0,0.0,0.0
255,0,0.0,-1.98092478238798e-07,0.0,0.0,-11.629265173740762
255,1,0.0,0.0,-0.008354777987752464,0.0,0.0
255,2,0.0,0.0,0.0,0.0,-1.115743568282739
255,3,0.0,0.0,0.0,0.0,-0.08875000000000002
255,4,0.0,0.0,0.0,0.0,0.0
256,0,0.0,-1.98092478238798e-07,0.0,0.0,-11.661013430140246
256,1,0.0,0.0,-0.008354777987752464,0.0,0.0
256,2,0.0,0.0,0.0,0.0,-1.115743568282739
256,3,0.0,0.0,0.0,0.0,-0.08875000000000002
256,4,0.0,0.0,0.0,0.0,0.0
257,0,0.0,-1.98092478238798e-07,0.0,0.0,-11.69766753083458
257,1,0.0,0.0,-0.008354777987752464,0.0,0.0
257,2,0.0,0.0,0.0,0.0,-1.115743568282739
257,3,0.0,0.0,0.0,0.0,-0.08875000000000002
257,4,0.0,0.0,0.0,0.0,0.0
258,0,0.0,-1.98092478238798e-07,0.0,0.0,-11.724211139725647
258,1,0.0,0.0,-0.008354777987752464,0.0,0.0
258,2,0.0,0.0,0.0,0.0,-1.115743568282739
258,3,0.0,0.0,0.0,0.0,-0.08875000000000002
258,4,0.0,0.0,0.0,0.0,0.0
259,0,0.0,-1.98092478238798e-07,0.0,0.0,-11.763177977142153
259,1,0.0,0.0,-0.008354777987752464,0.0,0.0
259,2,0.0,0.0,0.0,0.0,-1.115743568282739
259,3,0.0,0.0,0.0,0.0,-0.08875000000000002
259,4,0.0,0.0,0.0,0.0,0.0
260,0,0.0,-1.98092478238798e-07,0.0,0.0,-11.794526644145435
260,1,0.0,0.0,-0.008354777987752464,0.0,0.0
260,2,0.0,0.0,0.0,0.0,-1.115743568282739
260,3,0.0,0.0,0.0,0.0,-0.08875000000000002
260,4,0.0,0.0,0.0,0.0,0.0
261,0,0.0,-1.98092478238798e-07,0.0,0.0,-11.833282557281416
261,1,0.0,0.0,-0.008354777987752464,0.0,0.0
261,2,0.0,0.0,0.0,0.0,-1.115743568282739
261,3,0.0,0.0,0.0,0.0,-0.08875000000000002
261,4,0.0,0.0,0.0,0.0,0.0
262,0,0.0,-1.98092478238798e-07,0.0,0.0,-11.866921042554798
262,1,0.0,0.0,-0.008354777987752464,0.0,0.0
262,2,0.0,0.0,0.0,0.0,-1.115743568282739
262,3,0.0,0.0,0.0,0.0,-0.08875000000000002
262,4,0.0,0.0,0.0,0.0,0.0
263,0,0.0,-1.98092478238798e-07,0.0,0.0,-11.90295918113041
263,1,0.0,0.0,-0.008354777987752464,0.0,0.0
263,2,0.0,0.0,0.0,0.0,-1.115743568282739
263,3,0.0,0.0,0.0,0.0,-0.08875000000000002
263,4,0.0,0.0,0.0,0.0,0.0
264,0,0.0,-1.98092478238798e-07,0.0,0.0,-11.928888992484458
264,1,0.0,0.0,-0.008354777987752464,0.0,0.0
264,2,0.0,0.0,0.0,0.0,-1.115743568282739
264,3,0.0,0.0,0.0,0.0,-0.08875000000000002
264,4,0.0,0.0,0.0,0.0,0.0
265,0,0.0,-1.98092478238798e-07,0.0,0.0,-11.967244188651813
265,1,0.0,0.0,-0.008354777987752464,0.0,0.0
265,2,0.0,0.0,0.0,0.0,-1.115743568282739
265,3,0.0,0.0,0.0,0.0,-0.08875000000000002
265,4,0.0,0.0,0.0,0.0,0.0
266,0,0.0,-1.98092478238798e-07,0.0,0.0,-11.997983362433484
266,1,0.0,0.0,-0.008354777987752464,0.0,0.0
266,2,0.0,0.0,0.0,0.0,-1.115743568282739
266,3,0.0,0.0,0.0,0.0,-0.08875000000000002
266,4,0.0,0.0,0.0,0.0,0.0
267,0,0.0,-1.98092478238798e-07,0.0,0.0,-12.033631922148453
267,1,0.0,0.0,-0.008354777987752464,0.0,0.0
267,2,0.0,0.0,0.0,0.0,-1.115743568282739
267,3,0.0,0.0,0.0,0.0,-0.08875000000000002
267,4,0.0,0.0,0.0,0.0,0.0
268,0,0.0,-1.98092478238798e-07,0.0,0.0,-12.059173518140069
268,1,0.0,0.0,-0.008354777987752464,0.0,0.0
268,2,0.0,0.0,0.0,0.0,-1.115743568282739
268,3,0.0,0.0,0.0,0.0,-0.08875000000000002
268,4,0.0,0.0,0.0,0.0,0.0
269,0,0.0,-1.98092478238798e-07,0.0,0.0,-12.084641857233297
269,1,0.0,0.0,-0.008354777987752464,0.0,0.0
269,2,0.0,0.0,0.0,0.0,-1.115743568282739
269,3,0.0,0.0,0.0,0.0,-0.08875000000000002
269,4,0.0,0.0,0.0,0.0,0.0
270,0,0.0,-1.98092478238798e-07,0.0,0.0,-12.115037189702035
270,1,0.0,0.0,-0.008354777987752464,0.0,0.0
270,2,0.0,0.0,0.0,0.0,-1.115743568282739
270,3,0.0,0.0,0.0,0.0,-0.08875000000000002
270,4,0.0,0.0,0.0,0.0,0.0
271,0,0.0,-1.98092478238798e-07,0.0,0.0,-12.142843099815531
271,1,0.0,0.0,-0.008354777987752464,0.0,0.0
271,2,0.0,0.0,0.0,0.0,-1.115743568282739
271,3,0.0,0.0,0.0,0.0,-0.08875000000000002
271,4,0.0,0.0,0.0,0.0,0.0
272,0,0.0,-1.98092478238798e-07,0.0,0.0,-12.16806823099189
272,1,0.0,0.0,-0.008354777987752464,0.0,0.0
272,2,0.0,0.0,0.0,0.0,-1.115743568282739
272,3,0.0,0.0,0.0,0.0,-0.08875000000000002
272,4,0.0,0.0,0.0,0.0,0.0
273,0,0.0,-1.98092478238798e-07,0.0,0.0,-12.203221194222833
273,1,0.0,0.0,-0.008354777987752464,0.0,0.0
273,2,0.0,0.0,0.0,0.0,-1.115743568282739
273,3,0.0,0.0,0.0,0.0,-0.08875000000000002
273,4,0.0,0.0,0.0,0.0,0.0
274,0,0.0,-1.98092478238798e-07,0.0,0.0,-12.235768905541581
274,1,0.0,0.0,-0.008354777987752464,0.0,0.0
274,2,0.0,0.0,0.0,0.0,-1.115743568282739
274,3,0.0,0.0,0.0,0.0,-0.08875000000000002
274,4,0.0,0.0,0.0,0.0,0.0
275,0,0.0,-1.98092478238798e-07,0.0,0.0,-12.270720067695644
275,1,0.0,0.0,-0.008354777987752464,0.0,0.0
275,2,0.0,0.0,0.0,0.0,-1.115743568282739
275,3,0.0,0.0,0.0,0.0,-0.08875000000000002
275,4,0.0,0.0,0.0,0.0,0.0
276,0,0.0,-1.98092478238798e-07,0.0,0.0,-12.300566685704126
276,1,0.0,0.0,-0.008354777987752464,0.0,0.0
276,2,0.0,0.0,0.0,0.0,-1.115743568282739
276,3,0.0,0.0,0.0,0.0,-0.08875000000000002
276,4,0.0,0.0,0.0,0.0,0.0
277,0,0.0,-1.98092478238798e-07,0.0,0.0,-12.330325792138234
277,1,0.0,0.0,-0.008354777987752464,0.0,0.0
277,2,0.0,0.0,0.0,0.0,-1.115743568282739
277,3,0.0,0.0,0.0,0.0,-0.08875000000000002
277,4,0.0,0.0,0.0,0.0,0.0
278,0,0.0,-1.98092478238798e-07,0.0,0.0,-12.359997690607726
278,1,0.0,0.0,-0.008354777987752464,0.0,0.0
278,2,0.0,0.0,0.0,0.0,-1.115743568282739
278,3,0.0,0.0,0.0,0.0,-0.08875000000000002
278,4,0.0,0.0,0.0,0.0,0.0
279,0,0.0,-1.98092478238798e-07,0.0,0.0,-12.397082683569248
279,1,0.0,0.0,-0.008354777987752464,0.0,0.0
279,2,0.0,0.0,0.0,0.0,-1.115743568282739
279,3,0.0,0.0,0.0,0.0,-0.08875000000000002
279,4,0.0,0.0,0.0,0.0,0.0
280,0,0.0,-1.98092478238798e-07,0.0,0.0,-12.426556074733867
280,1,0.0,0.0,-0.008354777987752464,0.0,0.0
280,2,0.0,0.0,0.0,0.0,-1.115743568282739
280,3,0.0,0.0,0.0,0.0,-0.08875000000000002
280,4,0.0,0.0,0.0,0.0,0.0
281,0,0.0,-1.98092478238798e-07,0.0,0.0,-12.458443255594911
281,1,0.0,0.0,-0.008354777987752464,0.0,0.0
281,2,0.0,0.0,0.0,0.0,-1.115743568282739
281,3,0.0,0.0,0.0,0.0,-0.08875000000000002
281,4,0.0,0.0,0.0,0.0,0.0
282,0,0.0,-1.98092478238798e-07,0.0,0.0,-12.485236192270127
282,1,0.0,0.0,-0.008354777987752464,0.0,0.0
282,2,0.0,0.0,0.0,0.0,-1.115743568282739
282,3,0.0,0.0,0.0,0.0,-0.08875000000000002
282,4,0.0,0.0,0.0,0.0,0.0
283,0,0.0,-1.98092478238798e-07,0.0,0.0,-12.51695187858517
283,1,0.0,0.0,-0.008354777987752464,0.0,0.0
283,2,0.0,0.0,0.0,0.0,-1.115743568282739
283,3,0.0,0.0,0.0,0.0,-0.08875000000000002
283,4,0.0,0.0,0.0,0.0,0.0
284,0,0.0,-1.98092478238798e-07,0.0,0.0,-12.551073914494722
284,1,0.0,0.0,-0.008354777987752464,0.0,0.0
284,2,0.0,0.0,0.0,0.0,-1.115743568282739
284,3,0.0,0.0,0.0,0.0,-0.08875000000000002
284,4,0.0,0.0,0.0,0.0,0.0
285,0,0.0,-3.141990023634652e-07,0.0,0.0,-12.551073914494722
285,1,0.0,0.0,-0.010056384829714859,0.0,0.0
285,2,0.0,0.0,0.0,0.0,-1.1857853050913352
285,3,0.0,0.0,0.0,0.0,-0.08875000000000002
285,4,0.0,0.0,0.0,0.0,0.0
286,0,0.0,-3.141990023634652e-07,0.0,0.0,-12.575094293975203
286,1,0.0,0.0,-0.010056384829714859,0.0,0.0
286,2,0.0,0.0,0.0,0.0,-1.1857853050913352
286,3,0.0,0.0,0.0,0.0,-0.08875000000000002
286,4,0.0,0.0,0.0,0.0,0.0
287,0,0.0,-3.141990023634652e-07,0.0,0.0,-12.604046703664295
287,1,0.0,0.0,-0.010056384829714859,0.0,0.0
287,2,0.0,0.0,0.0,0.0,-1.1857853050913352
287,3,0.0,0.0,0.0,0.0,-0.08875000000000002
287,4,0.0,0.0,0.0,0.0,0.0
288,0,0.0,-3.141990023634652e-07,0.0,0.0,-12.635414708665081
288,1,0.0,0.0,-0.010056384829714859,0.0,0.0
288,2,0.0,0.0,0.0,0.0,-1.1857853050913352
288,3,0.0,0.0,0.0,0.0,-0.08875000000000002
288,4,0.0,0.0,0.0,0.0,0.0
289,0,0.0,-3.141990023634652e-07,0.0,0.0,-12.664190268241864
289,1,0.0,0.0,-0.010056384829714859,0.0,0.0
289,2,0.0,0.0,0.0,0.0,-1.1857853050913352
289,3,0.0,0.0,0.0,0.0,-0.08875000000000002
289,4,0.0,0.0,0.0,0.0,0.0
290,0,0.0,-3.141990023634652e-07,0.0,0.0,-12.692882036862006
290,1,0.0,0.0,-0.010056384829714859,0.0,0.0
290,2,0.0,0.0,0.0,0.0,-1.1857853050913352
290,3,0.0,0.0,0.0,0.0,-0.08875000000000002
290,4,0.0,0.0,0.0,0.0,0.0
291,0,0.0,-3.141990023634652e-07,0.0,0.0,-12.721490303990354
291,1,0.0,0.0,-0.010056384829714859,0.0,0.0
291,2,0.0,0.0,0.0,0.0,-1.1857853050913352
291,3,0.0,0.0,0.0,0.0,-0.08875000000000002
291,4,0.0,0.0,0.0,0.0,0.0
292,0,0.0,-3.141990023634652e-07,0.0,0.0,-12.750015357995487
292,1,0.0,0.0,-0.010056384829714859,0.0,0.0
292,2,0.0,0.0,0.0,0.0,-1.1857853050913352
292,3,0.0,0.0,0.0,0.0,-0.08875000000000002
292,4,0.0,0.0,0.0,0.0,0.0
293,0,0.0,-3.141990023634652e-07,0.0,0.0,-12.7834574861541
293,1,0.0,0.0,-0.010056384829714859,0.0,0.0
293,2,0.0,0.0,0.0,0.0,-1.1857853050913352
293,3,0.0,0.0,0.0,0.0,-0.08875000000000002
293,4,0.0,0.0,0.0,0.0,0.0
294,0,0.0,-3.141990023634652e-07,0.0,0.0,-12.809300309590665
294,1,0.0,0.0,-0.010056384829714859,0.0,0.0
294,2,0.0,0.0,0.0,0.0,-1.1857853050913352
294,3,0.0,0.0,0.0,0.0,-0.08875000000000002
294,4,0.0,0.0,0.0,0.0,0.0
295,0,0.0,-3.141990023634652e-07,0.0,0.0,-12.83506917349629
295,1,0.0,0.0,-0.010056384829714859,0.0,0.0
295,2,0.0,0.0,0.0,0.0,-1.1857853050913352
295,3,0.0,0.0,0.0,0.0,-0.08875000000000002
295,4,0.0,0.0,0.0,0.0,0.0
296,0,0.0,-3.141990023634652e-07,0.0,0.0,-12.860764330404306
296,1,0.0,0.0,-0.010056384829714859,0.0,0.0
296,2,0.0,0.0,0.0,0.0,-1.1857853050913352
296,3,0.0,0.0,0.0,0.0,-0.08875000000000002
296,4,0.0,0.0,0.0,0.0,0.0
297,0,0.0,-3.141990023634652e-07,0.0,0.0,-12.883886031899543
297,1,0.0,0.0,-0.010056384829714859,0.0,0.0
297,2,0.0,0.0,0.0,0.0,-1.1857853050913352
297,3,0.0,0.0,0.0,0.0,-0.08875000000000002
297,4,0.0,0.0,0.0,0.0,0.0
298,0,0.0,-3.141990023634652e-07,0.0,0.0,-12.914442861154493
298,1,0.0,0.0,-0.010056384829714859,0.0,0.0
298,2,0.0,0.0,0.0,0.0,-1.1857853050913352
298,3,0.0,0.0,0.0,0.0,-0.08875000000000002
298,4,0.0,0.0,0.0,0.0,0.0
299,0,0.0,-3.141990023634652e-07,0.0,0.0,-12.947410039027268
299,1,0.0,0.0,-0.010056384829714859,0.0,0.0
299,2,0.0,0.0,0.0,0.0,-1.1857853050913352
299,3,0.0,0.0,0.0,0.0,-0.08875000000000002
299,4,0.0,0.0,0.0,0.0,0.0
300,0,0.0,-3.141990023634652e-07,0.0,0.0,-12.97277954436045
300,1,0.0,0.0,-0.010056384829714859,0.0,0.0
300,2,0.0,0.0,0.0,0.0,-1.1857853050913352
300,3,0.0,0.0,0.0,0.0,-0.08875000000000002
300,4,0.0,0.0,0.0,0.0,0.0
301,0,0.0,-3.141990023634652e-07,0.0,0.0,-13.00807671618612
301,1,0.0,0.0,-0.010056384829714859,0.0,0.0
301,2,0.0,0.0,0.0,0.0,-1.1857853050913352
301,3,0.0,0.0,0.0,0.0,-0.08875000000000002
301,4,0.0,0.0,0.0,0.0,0.0
302,0,0.0,-3.141990023634652e-07,0.0,0.0,-13.033268470773777
302,1,0.0,0.0,-0.010056384829714859,0.0,0.0
302,2,0.0,0.0,0.0,0.0,-1.1857853050913352
302,3,0.0,0.0,0.0,0.0,-0.08875000000000002
302,4,0.0,0.0,0.0,0.0,0.0
303,0,0.0,-3.141990023634652e-07,0.0,0.0,-13.06588850870379
303,1,0.0,0.0,-0.010056384829714859,0.0,0.0
303,2,0.0,0.0,0.0,0.0,-1.1857853050913352
303,3,0.0,0.0,0.0,0.0,-0.08875000000000002
303,4,0.0,0.0,0.0,0.0,0.0
304,0,0.0,-3.141990023634652e-07,0.0,0.0,-13.098412076433906
304,1,0.0,0.0,-0.010056384829714859,0.0,0.0
304,2,0.0,0.0,0.0,0.0,-1.1857853050913352
304,3,0.0,0.0,0.0,0.0,-0.08875000000000002
304,4,0.0,0.0,0.0,0.0,0.0
305,0,0.0,-3.141990023634652e-07,0.0,0.0,-13.125839510836379
305,1,0.0,0.0,-0.010056384829714859,0.0,0.0
305,2,0.0,0.0,0.0,0.0,-1.1857853050913352
305,3,0.0,0.0,0.0,0.0,-0.08875000000000002
305,4,0.0,0.0,0.0,0.0,0.0
306,0,0.0,-3.141990023634652e-07,0.0,0.0,-13.148187812562389
306,1,0.0,0.0,-0.010056384829714859,0.0,0.0
306,2,0.0,0.0,0.0,0.0,-1.1857853050913352
306,3,0.0,0.0,0.0,0.0,-0.08875000000000002
306,4,0.0,0.0,0.0,0.0,0.0
307,0,0.0,-3.141990023634652e-07,0.0,0.0,-13.175473918494523
307,1,0.0,0.0,-0.010056384829714859,0.0,0.0
307,2,0.0,0.0,0.0,0.0,-1.1857853050913352
307,3,0.0,0.0,0.0,0.0,-0.08875000000000002
307,4,0.0,0.0,0.0,0.0,0.0
308,0,0.0,-3.141990023634652e-07,0.0,0.0,-13.197681371872422
308,1,0.0,0.0,-0.010056384829714859,0.0,0.0
308,2,0.0,0.0,0.0,0.0,-1.1857853050913352
308,3,0.0,0.0,0.0,0.0,-0.08875000000000002
308,4,0.0,0.0,0.0,0.0,0.0
309,0,0.0,-3.141990023634652e-07,0.0,0.0,-13.22982710778163
309,1,0.0,0.0,-0.010056384829714859,0.0,0.0
309,2,0.0,0.0,0.0,0.0,-1.1857853050913352
309,3,0.0,0.0,0.0,0.0,-0.08875000000000002
309,4,0.0,0.0,0.0,0.0,0.0
310,0,0.0,-3.141990023634652e-07,0.0,0.0,-13.26187800260717
310,1,0.0,0.0,-0.010056384829714859,0.0,0.0
310,2,0.0,0.0,0.0,0.0,-1.1857853050913352
310,3,0.0,0.0,0.0,0.0,-0.08875000000000002
310,4,0.0,0.0,0.0,0.0,0.0
311,0,0.0,-3.141990023634652e-07,0.0,0.0,-13.29383438707507
311,1,0.0,0.0,-0.010056384829714859,0.0,0.0
311,2,0.0,0.0,0.0,0.0,-1.1857853050913352
311,3,0.0,0.0,0.0,0.0,-0.08875000000000002
311,4,0.0,0.0,0.0,0.0,0.0
312,0,0.0,-3.141990023634652e-07,0.0,0.0,-13.318196590650134
312,1,0.0,0.0,-0.010056384829714859,0.0,0.0
312,2,0.0,0.0,0.0,0.0,-1.1857853050913352
312,3,0.0,0.0,0.0,0.0,-0.08875000000000002
312,4,0.0,0.0,0.0,0.0,0.0
313,0,0.0,-3.141990023634652e-07,0.0,0.0,-13.349989939138105
313,1,0.0,0.0,-0.010056384829714859,0.0,0.0
313,2,0.0,0.0,0.0,0.0,-1.1857853050913352
313,3,0.0,0.0,0.0,0.0,-0.08875000000000002
313,4,0.0,0.0,0.0,0.0,0.0
314,0,0.0,-3.141990023634652e-07,0.0,0.0,-13.381689668167496
314,1,0.0,0.0,-0.010056384829714859,0.0,0.0
314,2,0.0,0.0,0.0,0.0,-1.1857853050913352
314,3,0.0,0.0,0.0,0.0,-0.08875000000000002
314,4,0.0,0.0,0.0,0.0,0.0
315,0,0.0,-3.141990023634652e-07,0.0,0.0,-13.410796103824712
315,1,0.0,0.0,-0.010056384829714859,0.0,0.0
315,2,0.0,0.0,0.0,0.0,-1.1857853050913352
315,3,0.0,0.0,0.0,0.0,-0.08875000000000002
315,4,0.0,0.0,0.0,0.0,0.0
316,0,0.0,-3.141990023634652e-07,0.0,0.0,-13.434817903485932
316,1,0.0,0.0,-0.010056384829714859,0.0,0.0
316,2,0.0,0.0,0.0,0.0,-1.1857853050913352
316,3,0.0,0.0,0.0,0.0,-0.08875000000000002
316,4,0.0,0.0,0.0,0.0,0.0
317,0,0.0,-3.141990023634652e-07,0.0,0.0,-13.45877202457812
317,1,0.0,0.0,-0.010056384829714859,0.0,0.0
317,2,0.0,0.0,0.0,0.0,-1.1857853050913352
317,3,0.0,0.0,0.0,0.0,-0.08875000000000002
317,4,0.0,0.0,0.0,0.0,0.0
318,0,0.0,-3.141990023634652e-07,0.0,0.0,-13.490158695867887
318,1,0.0,0.0,-0.010056384829714859,0.0,0.0
318,2,0.0,0.0,0.0,0.0,-1.1857853050913352
318,3,0.0,0.0,0.0,0.0,-0.08875000000000002
318,4,0.0,0.0,0.0,0.0,0.0
319,0,0.0,-3.141990023634652e-07,0.0,0.0,-13.516453147671477
319,1,0.0,0.0,-0.010056384829714859,0.0,0.0
319,2,0.0,0.0,0.0,0.0,-1.1857853050913352
319,3,0.0,0.0,0.0,0.0,-0.08875000000000002
319,4,0.0,0.0,0.0,0.0,0.0
320,0,0.0,-3.141990023634652e-07,0.0,0.0,-13.53767236584902
320,1,0.0,0.0,-0.010056384829714859,0.0,0.0
320,2,0.0,0.0,0.0,0.0,-1.1857853050913352
320,3,0.0,0.0,0.0,0.0,-0.08875000000000002
320,4,0.0,0.0,0.0,0.0,0.0
321,0,0.0,-3.141990023634652e-07,0.0,0.0,-13.56883327255124
321,1,0.0,0.0,-0.010056384829714859,0.0,0.0
321,2,0.0,0.0,0.0,0.0,-1.1857853050913352
321,3,0.0,0.0,0.0,0.0,-0.08875000000000002
321,4,0.0,0.0,0.0,0.0,0.0
322,0,0.0,-3.141990023634652e-07,0.0,0.0,-13.602402731280154
322,1,0.0,0.0,-0.010056384829714859,0.0,0.0
322,2,0.0,0.0,0.0,0.0,-1.1857853050913352
322,3,0.0,0.0,0.0,0.0,-0.08875000000000002
322,4,0.0,0.0,0.0,0.0,0.0
323,0,0.0,-3.141990023634652e-07,0.0,0.0,-13.633372727398019
323,1,0.0,0.0,-0.010056384829714859,0.0,0.0
323,2,0.0,0.0,0.0,0.0,-1.1857853050913352
323,3,0.0,0.0,0.0,0.0,-0.08875000000000002
323,4,0.0,0.0,0.0,0.0,0.0
324,0,0.0,-3.141990023634652e-07,0.0,0.0,-13.66175194136595
324,1,0.0,0.0,-0.010056384829714859,0.0,0.0
324,2,0.0,0.0,0.0,0.0,-1.1857853050913352
324,3,0.0,0.0,0.0,0.0,-0.08875000000000002
324,4,0.0,0.0,0.0,0.0,0.0
325,0,0.0,-3.141990023634652e-07,0.0,0.0,-13.695049021071137
325,1,0.0,0.0,-0.010056384829714859,0.0,0.0
325,2,0.0,0.0,0.0,0.0,-1.1857853050913352
325,3,0.0,0.0,0.0,0.0,-0.08875000000000002
325,4,0.0,0.0,0.0,0.0,0.0
326,0,0.0,-3.141990023634652e-07,0.0,0.0,-13.720747584360097
326,1,0.0,0.0,-0.010056384829714859,0.0,0.0
326,2,0.0,0.0,0.0,0.0,-1.1857853050913352
326,3,0.0,0.0,0.0,0.0,-0.08875000000000002
326,4,0.0,0.0,0.0,0.0,0.0
327,0,0.0,-3.141990023634652e-07,0.0,0.0,-13.741372973159292
327,1,0.0,0.0,-0.010056384829714859,0.0,0.0
327,2,0.0,0.0,0.0,0.0,-1.1857853050913352
327,3,0.0,0.0,0.0,0.0,-0.08875000000000002
327,4,0.0,0.0,0.0,0.0,0.0
328,0,0.0,-3.141990023634652e-07,0.0,0.0,-13.766942101815394
328,1,0.0,0.0,-0.010056384829714859,0.0,0.0
328,2,0.0,0.0,0.0,0.0,-1.1857853050913352
328,3,0.0,0.0,0.0,0.0,-0.08875000000000002
328,4,0.0,0.0,0.0,0.0,0.0
329,0,0.0,-3.141990023634652e-07,0.0,0.0,-13.792438491122363
329,1,0.0,0.0,-0.010056384829714859,0.0,0.0
329,2,0.0,0.0,0.0,0.0,-1.1857853050913352
329,3,0.0,0.0,0.0,0.0,-0.08875000000000002
329,4,0.0,0.0,0.0,0.0,0.0
330,0,0.0,-3.141990023634652e-07,0.0,0.0,-13.822862388745254
330,1,0.0,0.0,-0.010056384829714859,0.0,0.0
330,2,0.0,0.0,0.0,0.0,-1.1857853050913352
330,3,0.0,0.0,0.0,0.0,-0.08875000000000002
330,4,0.0,0.0,0.0,0.0,0.0
331,0,0.0,-3.141990023634652e-07,0.0,0.0,-13.845697376355506
331,1,0.0,0.0,-0.010056384829714859,0.0,0.0
331,2,0.0,0.0,0.0,0.0,-1.1857853050913352
331,3,0.0,0.0,0.0,0.0,-0.08875000000000002
331,4,0.0,0.0,0.0,0.0,0.0
332,0,0.0,-3.141990023634652e-07,0.0,0.0,-13.878468759849152
332,1,0.0,0.0,-0.010056384829714859,0.0,0.0
332,2,0.0,0.0,0.0,0.0,-1.1857853050913352
332,3,0.0,0.0,0.0,0.0,-0.08875000000000002
332,4,0.0,0.0,0.0,0.0,0.0
333,0,0.0,-3.141990023634652e-07,0.0,0.0,-13.91114342249232
333,1,0.0,0.0,-0.010056384829714859,0.0,0.0
333,2,0.0,0.0,0.0,0.0,-1.1857853050913352
333,3,0.0,0.0,0.0,0.0,-0.08875000000000002
333,4,0.0,0.0,0.0,0.0,0.0
334,0,0.0,-3.141990023634652e-07,0.0,0.0,-13.931221701864695
334,1,0.0,0.0,-0.010056384829714859,0.0,0.0
334,2,0.0,0.0,0.0,0.0,-1.1857853050913352
334,3,0.0,0.0,0.0,0.0,-0.08875000000000002
334,4,0.0,0.0,0.0,0.0,0.0
335,0,0.0,-3.141990023634652e-07,0.0,0.0,-13.961245596919218
335,1,0.0,0.0,-0.010056384829714859,0.0,0.0
335,2,0.0,0.0,0.0,0.0,-1.1857853050913352
335,3,0.0,0.0,0.0,0.0,-0.08875000000000002
335,4,0.0,0.0,0.0,0.0,0.0
336,0,0.0,-3.141990023634652e-07,0.0,0.0,-13.983681956314271
336,1,0.0,0.0,-0.010056384829714859,0.0,0.0
336,2,0.0,0.0,0.0,0.0,-1.1857853050913352
336,3,0.0,0.0,0.0,0.0,-0.08875000000000002
336,4,0.0,0.0,0.0,0.0,0.0
337,0,0.0,-3.141990023634652e-07,0.0,0.0,-14.013556080757352
337,1,0.0,0.0,-0.010056384829714859,0.0,0.0
337,2,0.0,0.0,0.0,0.0,-1.1857853050913352
337,3,0.0,0.0,0.0,0.0,-0.08875000000000002
337,4,0.0,0.0,0.0,0.0,0.0
338,0,0.0,-3.141990023634652e-07,0.0,0.0,-14.033343180879143
338,1,0.0,0.0,-0.010056384829714859,0.0,0.0
338,2,0.0,0.0,0.0,0.0,-1.1857853050913352
338,3,0.0,0.0,0.0,0.0,-0.08875000000000002
338,4,0.0,0.0,0.0,0.0,0.0
339,0,0.0,-3.141990023634652e-07,0.0,0.0,-14.058076887997657
339,1,0.0,0.0,-0.010056384829714859,0.0,0.0
339,2,0.0,0.0,0.0,0.0,-1.1857853050913352
339,3,0.0,0.0,0.0,0.0,-0.08875000000000002
339,4,0.0,0.0,0.0,0.0,0.0
340,0,0.0,-3.141990023634652e-07,0.0,0.0,-14.085240712117766
340,1,0.0,0.0,-0.010056384829714859,0.0,0.0
340,2,0.0,0.0,0.0,0.0,-1.1857853050913352
340,3,0.0,0.0,0.0,0.0,-0.08875000000000002
340,4,0.0,0.0,0.0,0.0,0.0
341,0,0.0,-3.141990023634652e-07,0.0,0.0,-14.104826557626117
341,1,0.0,0.0,-0.010056384829714859,0.0,0.0
341,2,0.0,0.0,0.0,0.0,-1.1857853050913352
341,3,0.0,0.0,0.0,0.0,-0.08875000000000002
341,4,0.0,0.0,0.0,0.0,0.0
342,0,0.0,-3.141990023634652e-07,0.0,0.0,-14.126859689396765
342,1,0.0,0.0,-0.010056384829714859,0.0,0.0
342,2,0.0,0.0,0.0,0.0,-1.1857853050913352
342,3,0.0,0.0,0.0,0.0,-0.08875000000000002
342,4,0.0,0.0,0.0,0.0,0.0
343,0,0.0,-3.141990023634652e-07,0.0,0.0,-14.146331947434902
343,1,0.0,0.0,-0.010056384829714859,0.0,0.0
343,2,0.0,0.0,0.0,0.0,-1.1857853050913352
343,3,0.0,0.0,0.0,0.0,-0.08875000000000002
343,4,0.0,0.0,0.0,0.0,0.0
344,0,0.0,-3.141990023634652e-07,0.0,0.0,-14.175751867425893
344,1,0.0,0.0,-0.010056384829714859,0.0,0.0
344,2,0.0,0.0,0.0,0.0,-1.1857853050913352
344,3,0.0,0.0,0.0,0.0,-0.08875000000000002
344,4,0.0,0.0,0.0,0.0,0.0
345,0,0.0,-3.141990023634652e-07,0.0,0.0,-14.202586290398239
345,1,0.0,0.0,-0.010056384829714859,0.0,0.0
345,2,0.0,0.0,0.0,0.0,-1.1857853050913352
345,3,0.0,0.0,0.0,0.0,-0.08875000000000002
345,4,0.0,0.0,0.0,0.0,0.0
346,0,0.0,-3.141990023634652e-07,0.0,0.0,-14.224343844395085
346,1,0.0,0.0,-0.010056384829714859,0.0,0.0
346,2,0.0,0.0,0.0,0.0,-1.1857853050913352
346,3,0.0,0.0,0.0,0.0,-0.08875000000000002
346,4,0.0,0.0,0.0,0.0,0.0
347,0,0.0,-3.141990023634652e-07,0.0,0.0,-14.251041457627366
347,1,0.0,0.0,-0.010056384829714859,0.0,0.0
347,2,0.0,0.0,0.0,0.0,-1.1857853050913352
347,3,0.0,0.0,0.0,0.0,-0.08875000000000002
347,4,0.0,0.0,0.0,0.0,0.0
348,0,0.0,-3.141990023634652e-07,0.0,0.0,-14.282662664697499
348,1,0.0,0.0,-0.010056384829714859,0.0,0.0
348,2,0.0,0.0,0.0,0.0,-1.1857853050913352
348,3,0.0,0.0,0.0,0.0,-0.08875000000000002
348,4,0.0,0.0,0.0,0.0,0.0
349,0,0.0,-3.141990023634652e-07,0.0,0.0,-14.306691061958682
349,1,0.0,0.0,-0.010056384829714859,0.0,0.0
349,2,0.0,0.0,0.0,0.0,-1.1857853050913352
349,3,0.0,0.0,0.0,0.0,-0.08875000000000002
349,4,0.0,0.0,0.0,0.0,0.0
350,0,0.0,-3.141990023634652e-07,0.0,0.0,-14.338151969929635
350,1,0.0,0.0,-0.010056384829714859,0.0,0.0
350,2,0.0,0.0,0.0,0.0,-1.1857853050913352
350,3,0.0,0.0,0.0,0.0,-0.08875000000000002
350,4,0.0,0.0,0.0,0.0,0.0
351,0,0.0,-3.141990023634652e-07,0.0,0.0,-14.367020618972711
351,1,0.0,0.0,-0.010056384829714859,0.0,0.0
351,2,0.0,0.0,0.0,0.0,-1.1857853050913352
351,3,0.0,0.0,0.0,0.0,-0.08875000000000002
351,4,0.0,0.0,0.0,0.0,0.0
352,0,0.0,-3.141990023634652e-07,0.0,0.0,-14.388305662461292
352,1,0.0,0.0,-0.010056384829714859,0.0,0.0
352,2,0.0,0.0,0.0,0.0,-1.1857853050913352
352,3,0.0,0.0,0.0,0.0,-0.08875000000000002
352,4,0.0,0.0,0.0,0.0,0.0
353,0,0.0,-3.141990023634652e-07,0.0,0.0,-14.412032386367567
353,1,0.0,0.0,-0.010056384829714859,0.0,0.0
353,2,0.0,0.0,0.0,0.0,-1.1857853050913352
353,3,0.0,0.0,0.0,0.0,-0.08875000000000002
353,4,0.0,0.0,0.0,0.0,0.0
354,0,0.0,-3.141990023634652e-07,0.0,0.0,-14.430692651710299
354,1,0.0,0.0,-0.010056384829714859,0.0,0.0
354,2,0.0,0.0,0.0,0.0,-1.1857853050913352
354,3,0.0,0.0,0.0,0.0,-0.08875000000000002
354,4,0.0,0.0,0.0,0.0,0.0
355,0,0.0,-3.141990023634652e-07,0.0,0.0,-14.454303347636543
355,1,0.0,0.0,-0.010056384829714859,0.0,0.0
355,2,0.0,0.0,0.0,0.0,-1.1857853050913352
355,3,0.0,0.0,0.0,0.0,-0.08875000000000002
355,4,0.0,0.0,0.0,0.0,0.0
356,0,0.0,-3.141990023634652e-07,0.0,0.0,-14.480347969840993
356,1,0.0,0.0,-0.010056384829714859,0.0,0.0
356,2,0.0,0.0,0.0,0.0,-1.1857853050913352
356,3,0.0,0.0,0.0,0.0,-0.08875000000000002
356,4,0.0,0.0,0.0,0.0,0.0
357,0,0.0,-3.141990023634652e-07,0.0,0.0,-14.511318408457006
357,1,0.0,0.0,-0.010056384829714859,0.0,0.0
357,2,0.0,0.0,0.0,0.0,-1.1857853050913352
357,3,0.0,0.0,0.0,0.0,-0.08875000000000002
357,4,0.0,0.0,0.0,0.0,0.0
358,0,0.0,-3.141990023634652e-07,0.0,0.0,-14.534698251500195
358,1,0.0,0.0,-0.010056384829714859,0.0,0.0
358,2,0.0,0.0,0.0,0.0,-1.1857853050913352
358,3,0.0,0.0,0.0,0.0,-0.08875000000000002
358,4,0.0,0.0,0.0,0.0,0.0
359,0,0.0,-3.141990023634652e-07,0.0,0.0,-14.55301281118491
359,1,0.0,0.0,-0.010056384829714859,0.0,0.0
359,2,0.0,0.0,0.0,0.0,-1.1857853050913352
359,3,0.0,0.0,0.0,0.0,-0.08875000000000002
359,4,0.0,0.0,0.0,0.0,0.0
360,0,0.0,-3.141990023634652e-07,0.0,0.0,-14.576278972263994
360,1,0.0,0.0,-0.010056384829714859,0.0,0.0
360,2,0.0,0.0,0.0,0.0,-1.1857853050913352
360,3,0.0,0.0,0.0,0.0,-0.08875000000000002
360,4,0.0,0.0,0.0,0.0,0.0
361,0,0.0,-3.141990023634652e-07,0.0,0.0,-14.604480226055388
361,1,0.0,0.0,-0.010056384829714859,0.0,0.0
361,2,0.0,0.0,0.0,0.0,-1.1857853050913352
361,3,0.0,0.0,0.0,0.0,-0.08875000000000002
361,4,0.0,0.0,0.0,0.0,0.0
362,0,0.0,-3.141990023634652e-07,0.0,0.0,-14.625100125800714
362,1,0.0,0.0,-0.010056384829714859,0.0,0.0
362,2,0.0,0.0,0.0,0.0,-1.1857853050913352
362,3,0.0,0.0,0.0,0.0,-0.08875000000000002
362,4,0.0,0.0,0.0,0.0,0.0
363,0,0.0,-4.82376767485945e-07,0.0,0.0,-14.625100125800714
363,1,0.0,0.0,-0.011917110328936857,0.0,0.0
363,2,0.0,0.0,0.0,0.0,-1.2505951132473891
363,3,0.0,0.0,0.0,0.0,-0.08875000000000002
363,4,0.0,0.0,0.0,0.0,0.0
364,0,0.0,-4.82376767485945e-07,0.0,0.0,-14.6481639490793
364,1,0.0,0.0,-0.011917110328936857,0.0,0.0
364,2,0.0,0.0,0.0,0.0,-1.2505951132473891
364,3,0.0,0.0,0.0,0.0,-0.08875000000000002
364,4,0.0,0.0,0.0,0.0,0.0
365,0,0.0,-4.82376767485945e-07,0.0,0.0,-14.676163548550301
365,1,0.0,0.0,-0.011917110328936857,0.0,0.0
365,2,0.0,0.0,0.0,0.0,-1.2505951132473891
365,3,0.0,0.0,0.0,0.0,-0.08875000000000002
365,4,0.0,0.0,0.0,0.0,0.0
366,0,0.0,-4.82376767485945e-07,0.0,0.0,-14.699082474904868
366,1,0.0,0.0,-0.011917110328936857,0.0,0.0
366,2,0.0,0.0,0.0,0.0,-1.2505951132473891
366,3,0.0,0.0,0.0,0.0,-0.08875000000000002
366,4,0.0,0.0,0.0,0.0,0.0
367,0,0.0,-4.82376767485945e-07,0.0,0.0,-14.726937670649628
367,1,0.0,0.0,-0.011917110328936857,0.0,0.0
367,2,0.0,0.0,0.0,0.0,-1.2505951132473891
367,3,0.0,0.0,0.0,0.0,-0.08875000000000002
367,4,0.0,0.0,0.0,0.0,0.0
368,0,0.0,-4.82376767485945e-07,0.0,0.0,-14.747212684625097
368,1,0.0,0.0,-0.011917110328936857,0.0,0.0
368,2,0.0,0.0,0.0,0.0,-1.2505951132473891
368,3,0.0,0.0,0.0,0.0,-0.08875000000000002
368,4,0.0,0.0,0.0,0.0,0.0
369,0,0.0,-4.82376767485945e-07,0.0,0.0,-14.777432790026998
369,1,0.0,0.0,-0.011917110328936857,0.0,0.0
369,2,0.0,0.0,0.0,0.0,-1.2505951132473891
369,3,0.0,0.0,0.0,0.0,-0.08875000000000002
369,4,0.0,0.0,0.0,0.0,0.0
370,0,0.0,-4.82376767485945e-07,0.0,0.0,-14.805064837551223
370,1,0.0,0.0,-0.011917110328936857,0.0,0.0
370,2,0.0,0.0,0.0,0.0,-1.2505951132473891
370,3,0.0,0.0,0.0,0.0,-0.08875000000000002
370,4,0.0,0.0,0.0,0.0,0.0
371,0,0.0,-4.82376767485945e-07,0.0,0.0,-14.835117464869123
371,1,0.0,0.0,-0.011917110328936857,0.0,0.0
371,2,0.0,0.0,0.0,0.0,-1.2505951132473891
371,3,0.0,0.0,0.0,0.0,-0.08875000000000002
371,4,0.0,0.0,0.0,0.0,0.0
372,0,0.0,-4.82376767485945e-07,0.0,0.0,-14.86508261218379
372,1,0.0,0.0,-0.011917110328936857,0.0,0.0
372,2,0.0,0.0,0.0,0.0,-1.2505951132473891
372,3,0.0,0.0,0.0,0.0,-0.08875000000000002
372,4,0.0,0.0,0.0,0.0,0.0
373,0,0.0,-4.82376767485945e-07,0.0,0.0,-14.884960582444737
373,1,0.0,0.0,-0.011917110328936857,0.0,0.0
373,2,0.0,0.0,0.0,0.0,-1.2505951132473891
373,3,0.0,0.0,0.0,0.0,-0.08875000000000002
373,4,0.0,0.0,0.0,0.0,0.0
374,0,0.0,-4.82376767485945e-07,0.0,0.0,-14.904785007580148
374,1,0.0,0.0,-0.011917110328936857,0.0,0.0
374,2,0.0,0.0,0.0,0.0,-1.2505951132473891
374,3,0.0,0.0,0.0,0.0,-0.08875000000000002
374,4,0.0,0.0,0.0,0.0,0.0
375,0,0.0,-4.82376767485945e-07,0.0,0.0,-14.92955606326667
375,1,0.0,0.0,-0.011917110328936857,0.0,0.0
375,2,0.0,0.0,0.0,0.0,-1.2505951132473891
375,3,0.0,0.0,0.0,0.0,-0.08875000000000002
375,4,0.0,0.0,0.0,0.0,0.0
376,0,0.0,-4.82376767485945e-07,0.0,0.0,-14.951757259474526
376,1,0.0,0.0,-0.011917110328936857,0.0,0.0
376,2,0.0,0.0,0.0,0.0,-1.2505951132473891
376,3,0.0,0.0,0.0,0.0,-0.08875000000000002
376,4,0.0,0.0,0.0,0.0,0.0
377,0,0.0,-4.82376767485945e-07,0.0,0.0,-14.976397165619808
377,1,0.0,0.0,-0.011917110328936857,0.0,0.0
377,2,0.0,0.0,0.0,0.0,-1.2505951132473891
377,3,0.0,0.0,0.0,0.0,-0.08875000000000002
377,4,0.0,0.0,0.0,0.0,0.0
378,0,0.0,-4.82376767485945e-07,0.0,0.0,-15.003467653923295
378,1,0.0,0.0,-0.011917110328936857,0.0,0.0
378,2,0.0,0.0,0.0,0.0,-1.2505951132473891
378,3,0.0,0.0,0.0,0.0,-0.08875000000000002
378,4,0.0,0.0,0.0,0.0,0.0
379,0,0.0,-4.82376767485945e-07,0.0,0.0,-15.022960627091612
379,1,0.0,0.0,-0.011917110328936857,0.0,0.0
379,2,0.0,0.0,0.0,0.0,-1.2505951132473891
379,3,0.0,0.0,0.0,0.0,-0.08875000000000002
379,4,0.0,0.0,0.0,0.0,0.0
380,0,0.0,-4.82376767485945e-07,0.0,0.0,-15.04990134832472
380,1,0.0,0.0,-0.011917110328936857,0.0,0.0
380,2,0.0,0.0,0.0,0.0,-1.2505951132473891
380,3,0.0,0.0,0.0,0.0,-0.08875000000000002
380,4,0.0,0.0,0.0,0.0,0.0
381,0,0.0,-4.82376767485945e-07,0.0,0.0,-15.06926499089489
381,1,0.0,0.0,-0.011917110328936857,0.0,0.0
381,2,0.0,0.0,0.0,0.0,-1.2505951132473891
381,3,0.0,0.0,0.0,0.0,-0.08875000000000002
381,4,0.0,0.0,0.0,0.0,0.0
382,0,0.0,-4.82376767485945e-07,0.0,0.0,-15.096076816377833
382,1,0.0,0.0,-0.011917110328936857,0.0,0.0
382,2,0.0,0.0,0.0,0.0,-1.2505951132473891
382,3,0.0,0.0,0.0,0.0,-0.08875000000000002
382,4,0.0,0.0,0.0,0.0,0.0
383,0,0.0,-4.82376767485945e-07,0.0,0.0,-15.115311996428009
383,1,0.0,0.0,-0.011917110328936857,0.0,0.0
383,2,0.0,0.0,0.0,0.0,-1.2505951132473891
383,3,0.0,0.0,0.0,0.0,-0.08875000000000002
383,4,0.0,0.0,0.0,0.0,0.0
384,0,0.0,-4.82376767485945e-07,0.0,0.0,-15.144495791009724
384,1,0.0,0.0,-0.011917110328936857,0.0,0.0
384,2,0.0,0.0,0.0,0.0,-1.2505951132473891
384,3,0.0,0.0,0.0,0.0,-0.08875000000000002
384,4,0.0,0.0,0.0,0.0,0.0
385,0,0.0,-4.82376767485945e-07,0.0,0.0,-15.166095037640043
385,1,0.0,0.0,-0.011917110328936857,0.0,0.0
385,2,0.0,0.0,0.0,0.0,-1.2505951132473891
385,3,0.0,0.0,0.0,0.0,-0.08875000000000002
385,4,0.0,0.0,0.0,0.0,0.0
386,0,0.0,-4.82376767485945e-07,0.0,0.0,-15.1951350259286
386,1,0.0,0.0,-0.011917110328936857,0.0,0.0
386,2,0.0,0.0,0.0,0.0,-1.2505951132473891
386,3,0.0,0.0,0.0,0.0,-0.08875000000000002
386,4,0.0,0.0,0.0,0.0,0.0
387,0,0.0,-4.82376767485945e-07,0.0,0.0,-15.214090955451493
387,1,0.0,0.0,-0.011917110328936857,0.0,0.0
387,2,0.0,0.0,0.0,0.0,-1.2505951132473891
387,3,0.0,0.0,0.0,0.0,-0.08875000000000002
387,4,0.0,0.0,0.0,0.0,0.0
388,0,0.0,-4.82376767485945e-07,0.0,0.0,-15.237996446515258
388,1,0.0,0.0,-0.011917110328936857,0.0,0.0
388,2,0.0,0.0,0.0,0.0,-1.2505951132473891
388,3,0.0,0.0,0.0,0.0,-0.08875000000000002
388,4,0.0,0.0,0.0,0.0,0.0
389,0,0.0,-4.82376767485945e-07,0.0,0.0,-15.259334998156216
389,1,0.0,0.0,-0.011917110328936857,0.0,0.0
389,2,0.0,0.0,0.0,0.0,-1.2505951132473891
389,3,0.0,0.0,0.0,0.0,-0.08875000000000002
389,4,0.0,0.0,0.0,0.0,0.0
390,0,0.0,-4.82376767485945e-07,0.0,0.0,-15.285615168899934
390,1,0.0,0.0,-0.011917110328936857,0.0,0.0
390,2,0.0,0.0,0.0,0.0,-1.2505951132473891
390,3,0.0,0.0,0.0,0.0,-0.08875000000000002
390,4,0.0,0.0,0.0,0.0,0.0
391,0,0.0,-4.82376767485945e-07,0.0,0.0,-15.30432048758749
391,1,0.0,0.0,-0.011917110328936857,0.0,0.0
391,2,0.0,0.0,0.0,0.0,-1.2505951132473891
391,3,0.0,0.0,0.0,0.0,-0.08875000000000002
391,4,0.0,0.0,0.0,0.0,0.0
392,0,0.0,-4.82376767485945e-07,0.0,0.0,-15.32297620749461
392,1,0.0,0.0,-0.011917110328936857,0.0,0.0
392,2,0.0,0.0,0.0,0.0,-1.2505951132473891
392,3,0.0,0.0,0.0,0.0,-0.08875000000000002
392,4,0.0,0.0,0.0,0.0,0.0
393,0,0.0,-4.82376767485945e-07,0.0,0.0,-15.339082489605737
393,1,0.0,0.0,-0.011917110328936857,0.0,0.0
393,2,0.0,0.0,0.0,0.0,-1.2505951132473891
393,3,0.0,0.0,0.0,0.0,-0.08875000000000002
393,4,0.0,0.0,0.0,0.0,0.0
394,0,0.0,-4.82376767485945e-07,0.0,0.0,-15.360147826854174
394,1,0.0,0.0,-0.011917110328936857,0.0,0.0
394,2,0.0,0.0,0.0,0.0,-1.2505951132473891
394,3,0.0,0.0,0.0,0.0,-0.08875000000000002
394,4,0.0,0.0,0.0,0.0,0.0
395,0,0.0,-4.82376767485945e-07,0.0,0.0,-15.378655682750912
395,1,0.0,0.0,-0.011917110328936857,0.0,0.0
395,2,0.0,0.0,0.0,0.0,-1.2505951132473891
395,3,0.0,0.0,0.0,0.0,-0.08875000000000002
395,4,0.0,0.0,0.0,0.0,0.0
396,0,0.0,-4.82376767485945e-07,0.0,0.0,-15.404614580437965
396,1,0.0,0.0,-0.011917110328936857,0.0,0.0
396,2,0.0,0.0,0.0,0.0,-1.2505951132473891
396,3,0.0,0.0,0.0,0.0,-0.08875000000000002
396,4,0.0,0.0,0.0,0.0,0.0
397,0,0.0,-4.82376767485945e-07,0.0,0.0,-15.420499680981704
397,1,0.0,0.0,-0.011917110328936857,0.0,0.0
397,2,0.0,0.0,0.0,0.0,-1.2505951132473891
397,3,0.0,0.0,0.0,0.0,-0.08875000000000002
397,4,0.0,0.0,0.0,0.0,0.0
398,0,0.0,-4.82376767485945e-07,0.0,0.0,-15.446344566332495
398,1,0.0,0.0,-0.011917110328936857,0.0,0.0
398,2,0.0,0.0,0.0,0.0,-1.2505951132473891
398,3,0.0,0.0,0.0,0.0,-0.08875000000000002
398,4,0.0,0.0,0.0,0.0,0.0
399,0,0.0,-4.82376767485945e-07,0.0,0.0,-15.469616032258692
399,1,0.0,0.0,-0.011917110328936857,0.0,0.0
399,2,0.0,0.0,0.0,0.0,-1.2505951132473891
399,3,0.0,0.0,0.0,0.0,-0.08875000000000002
399,4,0.0,0.0,0.0,0.0,0.0
400,0,0.0,-4.82376767485945e-07,0.0,0.0,-15.497822661722893
400,1,0.0,0.0,-0.011917110328936857,0.0,0.0
400,2,0.0,0.0,0.0,0.0,-1.2505951132473891
400,3,0.0,0.0,0.0,0.0,-0.08875000000000002
400,4,0.0,0.0,0.0,0.0,0.0
401,0,0.0,-4.82376767485945e-07,0.0,0.0,-15.52594800790493
401,1,0.0,0.0,-0.011917110328936857,0.0,0.0
401,2,0.0,0.0,0.0,0.0,-1.2505951132473891
401,3,0.0,0.0,0.0,0.0,-0.08875000000000002
401,4,0.0,0.0,0.0,0.0,0.0
402,0,0.0,-4.82376767485945e-07,0.0,0.0,-15.546492350724355
402,1,0.0,0.0,-0.011917110328936857,0.0,0.0
402,2,0.0,0.0,0.0,0.0,-1.2505951132473891
402,3,0.0,0.0,0.0,0.0,-0.08875000000000002
402,4,0.0,0.0,0.0,0.0,0.0
403,0,0.0,-4.82376767485945e-07,0.0,0.0,-15.56198096663815
403,1,0.0,0.0,-0.011917110328936857,0.0,0.0
403,2,0.0,0.0,0.0,0.0,-1.2505951132473891
403,3,0.0,0.0,0.0,0.0,-0.08875000000000002
403,4,0.0,0.0,0.0,0.0,0.0
404,0,0.0,-4.82376767485945e-07,0.0,0.0,-15.589930704783509
404,1,0.0,0.0,-0.011917110328936857,0.0,0.0
404,2,0.0,0.0,0.0,0.0,-1.2505951132473891
404,3,0.0,0.0,0.0,0.0,-0.08875000000000002
404,4,0.0,0.0,0.0,0.0,0.0
405,0,0.0,-4.82376767485945e-07,0.0,0.0,-15.610300023406836
405,1,0.0,0.0,-0.011917110328936857,0.0,0.0
405,2,0.0,0.0,0.0,0.0,-1.2505951132473891
405,3,0.0,0.0,0.0,0.0,-0.08875000000000002
405,4,0.0,0.0,0.0,0.0,0.0
406,0,0.0,-4.82376767485945e-07,0.0,0.0,-15.635614196809621
406,1,0.0,0.0,-0.011917110328936857,0.0,0.0
406,2,0.0,0.0,0.0,0.0,-1.2505951132473891
406,3,0.0,0.0,0.0,0.0,-0.08875000000000002
406,4,0.0,0.0,0.0,0.0,0.0
407,0,0.0,-4.82376767485945e-07,0.0,0.0,-15.655856741852654
407,1,0.0,0.0,-0.011917110328936857,0.0,0.0
407,2,0.0,0.0,0.0,0.0,-1.2505951132473891
407,3,0.0,0.0,0.0,0.0,-0.08875000000000002
407,4,0.0,0.0,0.0,0.0,0.0
408,0,0.0,-4.82376767485945e-07,0.0,0.0,-15.671044567346273
408,1,0.0,0.0,-0.011917110328936857,0.0,0.0
408,2,0.0,0.0,0.0,0.0,-1.2505951132473891
408,3,0.0,0.0,0.0,0.0,-0.08875000000000002
408,4,0.0,0.0,0.0,0.0,0.0
409,0,0.0,-4.82376767485945e-07,0.0,0.0,-15.686194518697677
409,1,0.0,0.0,-0.011917110328936857,0.0,0.0
409,2,0.0,0.0,0.0,0.0,-1.2505951132473891
409,3,0.0,0.0,0.0,0.0,-0.08875000000000002
409,4,0.0,0.0,0.0,0.0,0.0
410,0,0.0,-4.82376767485945e-07,0.0,0.0,-15.70880671309977
410,1,0.0,0.0,-0.011917110328936857,0.0,0.0
410,2,0.0,0.0,0.0,0.0,-1.2505951132473891
410,3,0.0,0.0,0.0,0.0,-0.08875000000000002
410,4,0.0,0.0,0.0,0.0,0.0
411,0,0.0,-4.82376767485945e-07,0.0,0.0,-15.733856269739292
411,1,0.0,0.0,-0.011917110328936857,0.0,0.0
411,2,0.0,0.0,0.0,0.0,-1.2505951132473891
411,3,0.0,0.0,0.0,0.0,-0.08875000000000002
411,4,0.0,0.0,0.0,0.0,0.0
412,0,0.0,-4.82376767485945e-07,0.0,0.0,-15.761335066192126
412,1,0.0,0.0,-0.011917110328936857,0.0,0.0
412,2,0.0,0.0,0.0,0.0,-1.2505951132473891
412,3,0.0,0.0,0.0,0.0,-0.08875000000000002
412,4,0.0,0.0,0.0,0.0,0.0
413,0,0.0,-4.82376767485945e-07,0.0,0.0,-15.783735010497276
413,1,0.0,0.0,-0.011917110328936857,0.0,0.0
413,2,0.0,0.0,0.0,0.0,-1.2505951132473891
413,3,0.0,0.0,0.0,0.0,-0.08875000000000002
413,4,0.0,0.0,0.0,0.0,0.0
414,0,0.0,-4.82376767485945e-07,0.0,0.0,-15.798573038632053
414,1,0.0,0.0,-0.011917110328936857,0.0,0.0
414,2,0.0,0.0,0.0,0.0,-1.2505951132473891
414,3,0.0,0.0,0.0,0.0,-0.08875000000000002
414,4,0.0,0.0,0.0,0.0,0.0
415,0,0.0,-4.82376767485945e-07,0.0,0.0,-15.82087435559402
415,1,0.0,0.0,-0.011917110328936857,0.0,0.0
415,2,0.0,0.0,0.0,0.0,-1.2505951132473891
415,3,0.0,0.0,0.0,0.0,-0.08875000000000002
415,4,0.0,0.0,0.0,0.0,0.0
416,0,0.0,-4.82376767485945e-07,0.0,0.0,-15.843114076684506
416,1,0.0,0.0,-0.011917110328936857,0.0,0.0
416,2,0.0,0.0,0.0,0.0,-1.2505951132473891
416,3,0.0,0.0,0.0,0.0,-0.08875000000000002
416,4,0.0,0.0,0.0,0.0,0.0
417,0,0.0,-4.82376767485945e-07,0.0,0.0,-15.87029240814173
417,1,0.0,0.0,-0.011917110328936857,0.0,0.0
417,2,0.0,0.0,0.0,0.0,-1.2505951132473891
417,3,0.0,0.0,0.0,0.0,-0.08875000000000002
417,4,0.0,0.0,0.0,0.0,0.0
418,0,0.0,-4.82376767485945e-07,0.0,0.0,-15.897392890373608
418,1,0.0,0.0,-0.011917110328936857,0.0,0.0
418,2,0.0,0.0,0.0,0.0,-1.2505951132473891
418,3,0.0,0.0,0.0,0.0,-0.08875000000000002
418,4,0.0,0.0,0.0,0.0,0.0
419,0,0.0,-4.82376767485945e-07,0.0,0.0,-15.914415790578198
419,1,0.0,0.0,-0.011917110328936857,0.0,0.0
419,2,0.0,0.0,0.0,0.0,-1.2505951132473891
419,3,0.0,0.0,0.0,0.0,-0.08875000000000002
419,4,0.0,0.0,0.0,0.0,0.0
420,0,0.0,-4.82376767485945e-07,0.0,0.0,-15.931394705073549
420,1,0.0,0.0,-0.011917110328936857,0.0,0.0
420,2,0.0,0.0,0.0,0.0,-1.2505951132473891
420,3,0.0,0.0,0.0,0.0,-0.08875000000000002
420,4,0.0,0.0,0.0,0.0,0.0
421,0,0.0,-4.82376767485945e-07,0.0,0.0,-15.945829774066869
421,1,0.0,0.0,-0.011917110328936857,0.0,0.0
421,2,0.0,0.0,0.0,0.0,-1.2505951132473891
421,3,0.0,0.0,0.0,0.0,-0.08875000000000002
421,4,0.0,0.0,0.0,0.0,0.0
422,0,0.0,-4.82376767485945e-07,0.0,0.0,-15.97272946979619
422,1,0.0,0.0,-0.011917110328936857,0.0,0.0
422,2,0.0,0.0,0.0,0.0,-1.2505951132473891
422,3,0.0,0.0,0.0,0.0,-0.08875000000000002
422,4,0.0,0.0,0.0,0.0,0.0
423,0,0.0,-4.82376767485945e-07,0.0,0.0,-15.999552237561751
423,1,0.0,0.0,-0.011917110328936857,0.0,0.0
423,2,0.0,0.0,0.0,0.0,-1.2505951132473891
423,3,0.0,0.0,0.0,0.0,-0.08875000000000002
423,4,0.0,0.0,0.0,0.0,0.0
424,0,0.0,-4.82376767485945e-07,0.0,0.0,-16.02629834117282
424,1,0.0,0.0,-0.011917110328936857,0.0,0.0
424,2,0.0,0.0,0.0,0.0,-1.2505951132473891
424,3,0.0,0.0,0.0,0.0,-0.08875000000000002
424,4,0.0,0.0,0.0,0.0,0.0
425,0,0.0,-4.82376767485945e-07,0.0,0.0,-16.0529680434425
425,1,0.0,0.0,-0.011917110328936857,0.0,0.0
425,2,0.0,0.0,0.0,0.0,-1.2505951132473891
425,3,0.0,0.0,0.0,0.0,-0.08875000000000002
425,4,0.0,0.0,0.0,0.0,0.0
426,0,0.0,-4.82376767485945e-07,0.0,0.0,-16.067061606191746
426,1,0.0,0.0,-0.011917110328936857,0.0,0.0
426,2,0.0,0.0,0.0,0.0,-1.2505951132473891
426,3,0.0,0.0,0.0,0.0,-0.08875000000000002
426,4,0.0,0.0,0.0,0.0,0.0
427,0,0.0,-4.82376767485945e-07,0.0,0.0,-16.086120952915092
427,1,0.0,0.0,-0.011917110328936857,0.0,0.0
427,2,0.0,0.0,0.0,0.0,-1.2505951132473891
427,3,0.0,0.0,0.0,0.0,-0.08875000000000002
427,4,0.0,0.0,0.0,0.0,0.0
428,0,0.0,-4.82376767485945e-07,0.0,0.0,-16.110129522176372
428,1,0.0,0.0,-0.011917110328936857,0.0,0.0
428,2,0.0,0.0,0.0,0.0,-1.2505951132473891
428,3,0.0,0.0,0.0,0.0,-0.08875000000000002
428,4,0.0,0.0,0.0,0.0,0.0
429,0,0.0,-4.82376767485945e-07,0.0,0.0,-16.12657081467189
429,1,0.0,0.0,-0.011917110328936857,0.0,0.0
429,2,0.0,0.0,0.0,0.0,-1.2505951132473891
429,3,0.0,0.0,0.0,0.0,-0.08875000000000002
429,4,0.0,0.0,0.0,0.0,0.0
430,0,0.0,-4.82376767485945e-07,0.0,0.0,-16.14297005564364
430,1,0.0,0.0,-0.011917110328936857,0.0,0.0
430,2,0.0,0.0,0.0,0.0,-1.2505951132473891
430,3,0.0,0.0,0.0,0.0,-0.08875000000000002
430,4,0.0,0.0,0.0,0.0,0.0
431,0,0.0,-4.82376767485945e-07,0.0,0.0,-16.161827378152896
431,1,0.0,0.0,-0.011917110328936857,0.0,0.0
431,2,0.0,0.0,0.0,0.0,-1.2505951132473891
431,3,0.0,0.0,0.0,0.0,-0.08875000000000002
431,4,0.0,0.0,0.0,0.0,0.0
432,0,0.0,-4.82376767485945e-07,0.0,0.0,-16.18563458225517
432,1,0.0,0.0,-0.011917110328936857,0.0,0.0
432,2,0.0,0.0,0.0,0.0,-1.2505951132473891
432,3,0.0,0.0,0.0,0.0,-0.08875000000000002
432,4,0.0,0.0,0.0,0.0,0.0
433,0,0.0,-4.82376767485945e-07,0.0,0.0,-16.204375166246013
433,1,0.0,0.0,-0.011917110328936857,0.0,0.0
433,2,0.0,0.0,0.0,0.0,-1.2505951132473891
433,3,0.0,0.0,0.0,0.0,-0.08875000000000002
433,4,0.0,0.0,0.0,0.0,0.0
434,0,0.0,-4.82376767485945e-07,0.0,0.0,-16.218066020443672
434,1,0.0,0.0,-0.011917110328936857,0.0,0.0
434,2,0.0,0.0,0.0,0.0,-1.2505951132473891
434,3,0.0,0.0,0.0,0.0,-0.08875000000000002
434,4,0.0,0.0,0.0,0.0,0.0
435,0,0.0,-4.82376767485945e-07,0.0,0.0,-16.236723971836046
435,1,0.0,0.0,-0.011917110328936857,0.0,0.0
435,2,0.0,0.0,0.0,0.0,-1.2505951132473891
435,3,0.0,0.0,0.0,0.0,-0.08875000000000002
435,4,0.0,0.0,0.0,0.0,0.0
436,0,0.0,-4.82376767485945e-07,0.0,0.0,-16.257832454204546
436,1,0.0,0.0,-0.011917110328936857,0.0,0.0
436,2,0.0,0.0,0.0,0.0,-1.2505951132473891
436,3,0.0,0.0,0.0,0.0,-0.08875000000000002
436,4,0.0,0.0,0.0,0.0,0.0
437,0,0.0,-4.82376767485945e-07,0.0,0.0,-16.271383296014054
437,1,0.0,0.0,-0.011917110328936857,0.0,0.0
437,2,0.0,0.0,0.0,0.0,-1.2505951132473891
437,3,0.0,0.0,0.0,0.0,-0.08875000000000002
437,4,0.0,0.0,0.0,0.0,0.0
438,0,0.0,-4.82376767485945e-07,0.0,0.0,-16.287401686517352
438,1,0.0,0.0,-0.011917110328936857,0.0,0.0
438,2,0.0,0.0,0.0,0.0,-1.2505951132473891
438,3,0.0,0.0,0.0,0.0,-0.08875000000000002
438,4,0.0,0.0,0.0,0.0,0.0
439,0,0.0,-4.82376767485945e-07,0.0,0.0,-16.313379390397575
439,1,0.0,0.0,-0.011917110328936857,0.0,0.0
439,2,0.0,0.0,0.0,0.0,-1.2505951132473891
439,3,0.0,0.0,0.0,0.0,-0.08875000000000002
439,4,0.0,0.0,0.0,0.0,0.0
440,0,0.0,-4.82376767485945e-07,0.0,0.0,-16.329283205654242
440,1,0.0,0.0,-0.011917110328936857,0.0,0.0
440,2,0.0,0.0,0.0,0.0,-1.2505951132473891
440,3,0.0,0.0,0.0,0.0,-0.08875000000000002
440,4,0.0,0.0,0.0,0.0,0.0
441,0,0.0,-4.82376767485945e-07,0.0,0.0,-16.345146715067408
441,1,0.0,0.0,-0.011917110328936857,0.0,0.0
441,2,0.0,0.0,0.0,0.0,-1.2505951132473891
441,3,0.0,0.0,0.0,0.0,-0.08875000000000002
441,4,0.0,0.0,0.0,0.0,0.0
442,0,0.0,-4.82376767485945e-07,0.0,0.0,-16.365970045359333
442,1,0.0,0.0,-0.011917110328936857,0.0,0.0
442,2,0.0,0.0,0.0,0.0,-1.2505951132473891
442,3,0.0,0.0,0.0,0.0,-0.08875000000000002
442,4,0.0,0.0,0.0,0.0,0.0
443,0,0.0,-4.82376767485945e-07,0.0,0.0,-16.389236657738802
443,1,0.0,0.0,-0.011917110328936857,0.0,0.0
443,2,0.0,0.0,0.0,0.0,-1.2505951132473891
443,3,0.0,0.0,0.0,0.0,-0.08875000000000002
443,4,0.0,0.0,0.0,0.0,0.0
444,0,0.0,-4.82376767485945e-07,0.0,0.0,-16.41243840798792
444,1,0.0,0.0,-0.011917110328936857,0.0,0.0
444,2,0.0,0.0,0.0,0.0,-1.2505951132473891
444,3,0.0,0.0,0.0,0.0,-0.08875000000000002
444,4,0.0,0.0,0.0,0.0,0.0
445,0,0.0,-4.82376767485945e-07,0.0,0.0,-16.42557551496987
445,1,0.0,0.0,-0.011917110328936857,0.0,0.0
445,2,0.0,0.0,0.0,0.0,-1.2505951132473891
445,3,0.0,0.0,0.0,0.0,-0.08875000000000002
445,4,0.0,0.0,0.0,0.0,0.0
446,0,0.0,-4.82376767485945e-07,0.0,0.0,-16.448681526859833
446,1,0.0,0.0,-0.011917110328936857,0.0,0.0
446,2,0.0,0.0,0.0,0.0,-1.2505951132473891
446,3,0.0,0.0,0.0,0.0,-0.08875000000000002
446,4,0.0,0.0,0.0,0.0,0.0
447,0,0.0,-4.82376767485945e-07,0.0,0.0,-16.466723205783868
447,1,0.0,0.0,-0.011917110328936857,0.0,0.0
447,2,0.0,0.0,0.0,0.0,-1.2505951132473891
447,3,0.0,0.0,0.0,0.0,-0.08875000000000002
447,4,0.0,0.0,0.0,0.0,0.0
448,0,0.0,-4.82376767485945e-07,0.0,0.0,-16.487217433727057
448,1,0.0,0.0,-0.011917110328936857,0.0,0.0
448,2,0.0,0.0,0.0,0.0,-1.2505951132473891
448,3,0.0,0.0,0.0,0.0,-0.08875000000000002
448,4,0.0,0.0,0.0,0.0,0.0
449,0,0.0,-4.82376767485945e-07,0.0,0.0,-16.51015603177953
449,1,0.0,0.0,-0.011917110328936857,0.0,0.0
449,2,0.0,0.0,0.0,0.0,-1.2505951132473891
449,3,0.0,0.0,0.0,0.0,-0.08875000000000002
449,4,0.0,0.0,0.0,0.0,0.0
450,0,0.0,-4.82376767485945e-07,0.0,0.0,-16.530530851718705
450,1,0.0,0.0,-0.011917110328936857,0.0,0.0
450,2,0.0,0.0,0.0,0.0,-1.2505951132473891
450,3,0.0,0.0,0.0,0.0,-0.08875000000000002
450,4,0.0,0.0,0.0,0.0,0.0
451,0,0.0,-4.82376767485945e-07,0.0,0.0,-16.5533504409512
451,1,0.0,0.0,-0.011917110328936857,0.0,0.0
451,2,0.0,0.0,0.0,0.0,-1.2505951132473891
451,3,0.0,0.0,0.0,0.0,-0.08875000000000002
451,4,0.0,0.0,0.0,0.0,0.0
452,0,0.0,-4.82376767485945e-07,0.0,0.0,-16.5711066497731
452,1,0.0,0.0,-0.011917110328936857,0.0,0.0
452,2,0.0,0.0,0.0,0.0,-1.2505951132473891
452,3,0.0,0.0,0.0,0.0,-0.08875000000000002
452,4,0.0,0.0,0.0,0.0,0.0
453,0,0.0,-4.82376767485945e-07,0.0,0.0,-16.591316356647937
453,1,0.0,0.0,-0.011917110328936857,0.0,0.0
453,2,0.0,0.0,0.0,0.0,-1.2505951132473891
453,3,0.0,0.0,0.0,0.0,-0.08875000000000002
453,4,0.0,0.0,0.0,0.0,0.0
454,0,0.0,-4.82376767485945e-07,0.0,0.0,-16.60897137915817
454,1,0.0,0.0,-0.011917110328936857,0.0,0.0
454,2,0.0,0.0,0.0,0.0,-1.2505951132473891
454,3,0.0,0.0,0.0,0.0,-0.08875000000000002
454,4,0.0,0.0,0.0,0.0,0.0
455,0,0.0,-4.82376767485945e-07,0.0,0.0,-16.62908023065211
455,1,0.0,0.0,-0.011917110328936857,0.0,0.0
455,2,0.0,0.0,0.0,0.0,-1.2505951132473891
455,3,0.0,0.0,0.0,0.0,-0.08875000000000002
455,4,0.0,0.0,0.0,0.0,0.0
456,0,0.0,-4.82376767485945e-07,0.0,0.0,-16.649134727503597
456,1,0.0,0.0,-0.011917110328936857,0.0,0.0
456,2,0.0,0.0,0.0,0.0,-1.2505951132473891
456,3,0.0,0.0,0.0,0.0,-0.08875000000000002
456,4,0.0,0.0,0.0,0.0,0.0
457,0,0.0,-4.82376767485945e-07,0.0,0.0,-16.661635049324662
457,1,0.0,0.0,-0.011917110328936857,0.0,0.0
457,2,0.0,0.0,0.0,0.0,-1.2505951132473891
457,3,0.0,0.0,0.0,0.0,-0.08875000000000002
457,4,0.0,0.0,0.0,0.0,0.0
458,0,0.0,-4.82376767485945e-07,0.0,0.0,-16.67910637266337
458,1,0.0,0.0,-0.011917110328936857,0.0,0.0
458,2,0.0,0.0,0.0,0.0,-1.2505951132473891
458,3,0.0,0.0,0.0,0.0,-0.08875000000000002
458,4,0.0,0.0,0.0,0.0,0.0
459,0,0.0,-4.82376767485945e-07,0.0,0.0,-16.704032117015565
459,1,0.0,0.0,-0.011917110328936857,0.0,0.0
459,2,0.0,0.0,0.0,0.0,-1.2505951132473891
459,3,0.0,0.0,0.0,0.0,-0.08875000000000002
459,4,0.0,0.0,0.0,0.0,0.0
460,0,0.0,-4.82376767485945e-07,0.0,0.0,-16.71888743155174
460,1,0.0,0.0,-0.011917110328936857,0.0,0.0
460,2,0.0,0.0,0.0,0.0,-1.2505951132473891
460,3,0.0,0.0,0.0,0.0,-0.08875000000000002
460,4,0.0,0.0,0.0,0.0,0.0
461,0,0.0,-4.82376767485945e-07,0.0,0.0,-16.743705886371007
461,1,0.0,0.0,-0.011917110328936857,0.0,0.0
461,2,0.0,0.0,0.0,0.0,-1.2505951132473891
461,3,0.0,0.0,0.0,0.0,-0.08875000000000002
461,4,0.0,0.0,0.0,0.0,0.0
462,0,0.0,-4.82376767485945e-07,0.0,0.0,-16.765954265434925
462,1,0.0,0.0,-0.011917110328936857,0.0,0.0
462,2,0.0,0.0,0.0,0.0,-1.2505951132473891
462,3,0.0,0.0,0.0,0.0,-0.08875000000000002
462,4,0.0,0.0,0.0,0.0,0.0
463,0,0.0,-4.82376767485945e-07,0.0,0.0,-16.78064113994354
463,1,0.0,0.0,-0.011917110328936857,0.0,0.0
463,2,0.0,0.0,0.0,0.0,-1.2505951132473891
463,3,0.0,0.0,0.0,0.0,-0.08875000000000002
463,4,0.0,0.0,0.0,0.0,0.0
464,0,0.0,-4.82376767485945e-07,0.0,0.0,-16.792791714020037
464,1,0.0,0.0,-0.011917110328936857,0.0,0.0
464,2,0.0,0.0,0.0,0.0,-1.2505951132473891
464,3,0.0,0.0,0.0,0.0,-0.08875000000000002
464,4,0.0,0.0,0.0,0.0,0.0
465,0,0.0,-4.82376767485945e-07,0.0,0.0,-16.80491443222187
465,1,0.0,0.0,-0.011917110328936857,0.0,0.0
465,2,0.0,0.0,0.0,0.0,-1.2505951132473891
465,3,0.0,0.0,0.0,0.0,-0.08875000000000002
465,4,0.0,0.0,0.0,0.0,0.0
466,0,0.0,-4.82376767485945e-07,0.0,0.0,-16.824509374938994
466,1,0.0,0.0,-0.011917110328936857,0.0,0.0
466,2,0.0,0.0,0.0,0.0,-1.2505951132473891
466,3,0.0,0.0,0.0,0.0,-0.08875000000000002
466,4,0.0,0.0,0.0,0.0,0.0
467,0,0.0,-4.82376767485945e-07,0.0,0.0,-16.839051624699607
467,1,0.0,0.0,-0.011917110328936857,0.0,0.0
467,2,0.0,0.0,0.0,0.0,-1.2505951132473891
467,3,0.0,0.0,0.0,0.0,-0.08875000000000002
467,4,0.0,0.0,0.0,0.0,0.0
468,0,0.0,-4.82376767485945e-07,0.0,0.0,-16.856058020161953
468,1,0.0,0.0,-0.011917110328936857,0.0,0.0
468,2,0.0,0.0,0.0,0.0,-1.2505951132473891
468,3,0.0,0.0,0.0,0.0,-0.08875000000000002
468,4,0.0,0.0,0.0,0.0,0.0
469,0,0.0,-4.82376767485945e-07,0.0,0.0,-16.873020339261526
469,1,0.0,0.0,-0.011917110328936857,0.0,0.0
469,2,0.0,0.0,0.0,0.0,-1.2505951132473891
469,3,0.0,0.0,0.0,0.0,-0.08875000000000002
469,4,0.0,0.0,0.0,0.0,0.0
470,0,0.0,-4.82376767485945e-07,0.0,0.0,-16.897438723324928
470,1,0.0,0.0,-0.011917110328936857,0.0,0.0
470,2,0.0,0.0,0.0,0.0,-1.2505951132473891
470,3,0.0,0.0,0.0,0.0,-0.08875000000000002
470,4,0.0,0.0,0.0,0.0,0.0
471,0,0.0,-4.82376767485945e-07,0.0,0.0,-16.921788315572915
471,1,0.0,0.0,-0.011917110328936857,0.0,0.0
471,2,0.0,0.0,0.0,0.0,-1.2505951132473891
471,3,0.0,0.0,0.0,0.0,-0.08875000000000002
471,4,0.0,0.0,0.0,0.0,0.0
472,0,0.0,-4.82376767485945e-07,0.0,0.0,-16.938569350048525
472,1,0.0,0.0,-0.011917110328936857,0.0,0.0
472,2,0.0,0.0,0.0,0.0,-1.2505951132473891
472,3,0.0,0.0,0.0,0.0,-0.08875000000000002
472,4,0.0,0.0,0.0,0.0,0.0
473,0,0.0,-4.82376767485945e-07,0.0,0.0,-16.952807057512135
473,1,0.0,0.0,-0.011917110328936857,0.0,0.0
473,2,0.0,0.0,0.0,0.0,-1.2505951132473891
473,3,0.0,0.0,0.0,0.0,-0.08875000000000002
473,4,0.0,0.0,0.0,0.0,0.0
474,0,0.0,-4.82376767485945e-07,0.0,0.0,-16.96700990905124
474,1,0.0,0.0,-0.011917110328936857,0.0,0.0
474,2,0.0,0.0,0.0,0.0,-1.2505951132473891
474,3,0.0,0.0,0.0,0.0,-0.08875000000000002
474,4,0.0,0.0,0.0,0.0,0.0
475,0,0.0,-4.82376767485945e-07,0.0,0.0,-16.97867824884147
475,1,0.0,0.0,-0.011917110328936857,0.0,0.0
475,2,0.0,0.0,0.0,0.0,-1.2505951132473891
475,3,0.0,0.0,0.0,0.0,-0.08875000000000002
475,4,0.0,0.0,0.0,0.0,0.0
476,0,0.0,-4.82376767485945e-07,0.0,0.0,-16.99532003995773
476,1,0.0,0.0,-0.011917110328936857,0.0,0.0
476,2,0.0,0.0,0.0,0.0,-1.2505951132473891
476,3,0.0,0.0,0.0,0.0,-0.08875000000000002
476,4,0.0,0.0,0.0,0.0,0.0
477,0,0.0,-4.82376767485945e-07,0.0,0.0,-17.00691927394533
477,1,0.0,0.0,-0.011917110328936857,0.0,0.0
477,2,0.0,0.0,0.0,0.0,-1.2505951132473891
477,3,0.0,0.0,0.0,0.0,-0.08875000000000002
477,4,0.0,0.0,0.0,0.0,0.0
478,0,0.0,-4.82376767485945e-07,0.0,0.0,-17.03099206476743
478,1,0.0,0.0,-0.011917110328936857,0.0,0.0
478,2,0.0,0.0,0.0,0.0,-1.2505951132473891
478,3,0.0,0.0,0.0,0.0,-0.08875000000000002
478,4,0.0,0.0,0.0,0.0,0.0
479,0,0.0,-4.82376767485945e-07,0.0,0.0,-17.052497168801224
479,1,0.0,0.0,-0.011917110328936857,0.0,0.0
479,2,0.0,0.0,0.0,0.0,-1.2505951132473891
479,3,0.0,0.0,0.0,0.0,-0.08875000000000002
479,4,0.0,0.0,0.0,0.0,0.0
480,0,0.0,-4.82376767485945e-07,0.0,0.0,-17.063944029514783
480,1,0.0,0.0,-0.011917110328936857,0.0,0.0
480,2,0.0,0.0,0.0,0.0,-1.2505951132473891
480,3,0.0,0.0,0.0,0.0,-0.08875000000000002
480,4,0.0,0.0,0.0,0.0,0.0
481,0,0.0,-4.82376767485945e-07,0.0,0.0,-17.07536531500665
481,1,0.0,0.0,-0.011917110328936857,0.0,0.0
481,2,0.0,0.0,0.0,0.0,-1.2505951132473891
481,3,0.0,0.0,0.0,0.0,-0.08875000000000002
481,4,0.0,0.0,0.0,0.0,0.0
482,0,0.0,-4.82376767485945e-07,0.0,0.0,-17.08926016610577
482,1,0.0,0.0,-0.011917110328936857,0.0,0.0
482,2,0.0,0.0,0.0,0.0,-1.2505951132473891
482,3,0.0,0.0,0.0,0.0,-0.08875000000000002
482,4,0.0,0.0,0.0,0.0,0.0
483,0,0.0,-4.82376767485945e-07,0.0,0.0,-17.110621232898662
483,1,0.0,0.0,-0.011917110328936857,0.0,0.0
483,2,0.0,0.0,0.0,0.0,-1.2505951132473891
483,3,0.0,0.0,0.0,0.0,-0.08875000000000002
483,4,0.0,0.0,0.0,0.0,0.0
484,0,0.0,-4.82376767485945e-07,0.0,0.0,-17.134423620818854
484,1,0.0,0.0,-0.011917110328936857,0.0,0.0
484,2,0.0,0.0,0.0,0.0,-1.2505951132473891
484,3,0.0,0.0,0.0,0.0,-0.08875000000000002
484,4,0.0,0.0,0.0,0.0,0.0
485,0,0.0,-4.82376767485945e-07,0.0,0.0,-17.153159193740034
485,1,0.0,0.0,-0.011917110328936857,0.0,0.0
485,2,0.0,0.0,0.0,0.0,-1.2505951132473891
485,3,0.0,0.0,0.0,0.0,-0.08875000000000002
485,4,0.0,0.0,0.0,0.0,0.0
486,0,0.0,-4.82376767485945e-07,0.0,0.0,-17.169344843646865
486,1,0.0,0.0,-0.011917110328936857,0.0,0.0
486,2,0.0,0.0,0.0,0.0,-1.2505951132473891
486,3,0.0,0.0,0.0,0.0,-0.08875000000000002
486,4,0.0,0.0,0.0,0.0,0.0
487,0,0.0,-4.82376767485945e-07,0.0,0.0,-17.180491828673187
487,1,0.0,0.0,-0.011917110328936857,0.0,0.0
487,2,0.0,0.0,0.0,0.0,-1.2505951132473891
487,3,0.0,0.0,0.0,0.0,-0.08875000000000002
487,4,0.0,0.0,0.0,0.0,0.0
488,0,0.0,-4.82376767485945e-07,0.0,0.0,-17.199111407941366
488,1,0.0,0.0,-0.011917110328936857,0.0,0.0
488,2,0.0,0.0,0.0,0.0,-1.2505951132473891
488,3,0.0,0.0,0.0,0.0,-0.08875000000000002
488,4,0.0,0.0,0.0,0.0,0.0
489,0,0.0,-4.82376767485945e-07,0.0,0.0,-17.21018476286196
489,1,0.0,0.0,-0.011917110328936857,0.0,0.0
489,2,0.0,0.0,0.0,0.0,-1.2505951132473891
489,3,0.0,0.0,0.0,0.0,-0.08875000000000002
489,4,0.0,0.0,0.0,0.0,0.0
490,0,0.0,-4.82376767485945e-07,0.0,0.0,-17.233730367857937
490,1,0.0,0.0,-0.011917110328936857,0.0,0.0
490,2,0.0,0.0,0.0,0.0,-1.2505951132473891
490,3,0.0,0.0,0.0,0.0,-0.08875000000000002
490,4,0.0,0.0,0.0,0.0,0.0
491,0,0.0,-4.82376767485945e-07,0.0,0.0,-17.25720997927026
491,1,0.0,0.0,-0.011917110328936857,0.0,0.0
491,2,0.0,0.0,0.0,0.0,-1.2505951132473891
491,3,0.0,0.0,0.0,0.0,-0.08875000000000002
491,4,0.0,0.0,0.0,0.0,0.0
492,0,0.0,-4.82376767485945e-07,0.0,0.0,-17.27812382106518
492,1,0.0,0.0,-0.011917110328936857,0.0,0.0
492,2,0.0,0.0,0.0,0.0,-1.2505951132473891
492,3,0.0,0.0,0.0,0.0,-0.08875000000000002
492,4,0.0,0.0,0.0,0.0,0.0
493,0,0.0,-4.82376767485945e-07,0.0,0.0,-17.29898044890057
493,1,0.0,0.0,-0.011917110328936857,0.0,0.0
493,2,0.0,0.0,0.0,0.0,-1.2505951132473891
493,3,0.0,0.0,0.0,0.0,-0.08875000000000002
493,4,0.0,0.0,0.0,0.0,0.0
494,0,0.0,-4.82376767485945e-07,0.0,0.0,-17.31728005382055
494,1,0.0,0.0,-0.011917110328936857,0.0,0.0
494,2,0.0,0.0,0.0,0.0,-1.2505951132473891
494,3,0.0,0.0,0.0,0.0,-0.08875000000000002
494,4,0.0,0.0,0.0,0.0,0.0
495,0,0.0,-4.82376767485945e-07,0.0,0.0,-17.338031158692505
495,1,0.0,0.0,-0.011917110328936857,0.0,0.0
495,2,0.0,0.0,0.0,0.0,-1.2505951132473891
495,3,0.0,0.0,0.0,0.0,-0.08875000000000002
495,4,0.0,0.0,0.0,0.0,0.0
496,0,0.0,-4.82376767485945e-07,0.0,0.0,-17.34873558226539
496,1,0.0,0.0,-0.011917110328936857,0.0,0.0
496,2,0.0,0.0,0.0,0.0,-1.2505951132473891
496,3,0.0,0.0,0.0,0.0,-0.08875000000000002
496,4,0.0,0.0,0.0,0.0,0.0
497,0,0.0,-4.82376767485945e-07,0.0,0.0,-17.359416888713017
497,1,0.0,0.0,-0.011917110328936857,0.0,0.0
497,2,0.0,0.0,0.0,0.0,-1.2505951132473891
497,3,0.0,0.0,0.0,0.0,-0.08875000000000002
497,4,0.0,0.0,0.0,0.0,0.0
498,0,0.0,-4.82376767485945e-07,0.0,0.0,-17.37256497436658
498,1,0.0,0.0,-0.011917110328936857,0.0,0.0
498,2,0.0,0.0,0.0,0.0,-1.2505951132473891
498,3,0.0,0.0,0.0,0.0,-0.08875000000000002
498,4,0.0,0.0,0.0,0.0,0.0
499,0,0.0,-4.82376767485945e-07,0.0,0.0,-17.38568169950239
499,1,0.0,0.0,-0.011917110328936857,0.0,0.0
499,2,0.0,0.0,0.0,0.0,-1.2505951132473891
499,3,0.0,0.0,0.0,0.0,-0.08875000000000002
499,4,0.0,0.0,0.0,0.0,0.0
500,0,0.0,-4.82376767485945e-07,0.0,0.0,-17.39627817128405
500,1,0.0,0.0,-0.011917110328936857,0.0,0.0
500,2,0.0,0.0,0.0,0.0,-1.2505951132473891
500,3,0.0,0.0,0.0,0.0,-0.08875000000000002
500,4,0.0,0.0,0.0,0.0,0.0
501,0,0.0,-4.82376767485945e-07,0.0,0.0,-17.419340736179123
501,1,0.0,0.0,-0.011917110328936857,0.0,0.0
501,2,0.0,0.0,0.0,0.0,-1.2505951132473891
501,3,0.0,0.0,0.0,0.0,-0.08875000000000002
501,4,0.0,0.0,0.0,0.0,0.0
502,0,0.0,-4.82376767485945e-07,0.0,0.0,-17.43733886113724
502,1,0.0,0.0,-0.011917110328936857,0.0,0.0
502,2,0.0,0.0,0.0,0.0,-1.2505951132473891
502,3,0.0,0.0,0.0,0.0,-0.08875000000000002
502,4,0.0,0.0,0.0,0.0,0.0
503,0,0.0,-4.82376767485945e-07,0.0,0.0,-17.45528942957772
503,1,0.0,0.0,-0.011917110328936857,0.0,0.0
503,2,0.0,0.0,0.0,0.0,-1.2505951132473891
503,3,0.0,0.0,0.0,0.0,-0.08875000000000002
503,4,0.0,0.0,0.0,0.0,0.0
504,0,0.0,-4.82376767485945e-07,0.0,0.0,-17.46570842789615
504,1,0.0,0.0,-0.011917110328936857,0.0,0.0
504,2,0.0,0.0,0.0,0.0,-1.2505951132473891
504,3,0.0,0.0,0.0,0.0,-0.08875000000000002
504,4,0.0,0.0,0.0,0.0,0.0
505,0,0.0,-4.82376767485945e-07,0.0,0.0,-17.47858926790669
505,1,0.0,0.0,-0.011917110328936857,0.0,0.0
505,2,0.0,0.0,0.0,0.0,-1.2505951132473891
505,3,0.0,0.0,0.0,0.0,-0.08875000000000002
505,4,0.0,0.0,0.0,0.0,0.0
506,0,0.0,-4.82376767485945e-07,0.0,0.0,-17.496439586560196
506,1,0.0,0.0,-0.011917110328936857,0.0,0.0
506,2,0.0,0.0,0.0,0.0,-1.2505951132473891
506,3,0.0,0.0,0.0,0.0,-0.08875000000000002
506,4,0.0,0.0,0.0,0.0,0.0
507,0,0.0,-4.82376767485945e-07,0.0,0.0,-17.509242810033815
507,1,0.0,0.0,-0.011917110328936857,0.0,0.0
507,2,0.0,0.0,0.0,0.0,-1.2505951132473891
507,3,0.0,0.0,0.0,0.0,-0.08875000000000002
507,4,0.0,0.0,0.0,0.0,0.0
508,0,0.0,-4.82376767485945e-07,0.0,0.0,-17.52951575681129
508,1,0.0,0.0,-0.011917110328936857,0.0,0.0
508,2,0.0,0.0,0.0,0.0,-1.2505951132473891
508,3,0.0,0.0,0.0,0.0,-0.08875000000000002
508,4,0.0,0.0,0.0,0.0,0.0
509,0,0.0,-4.82376767485945e-07,0.0,0.0,-17.539754326445454
509,1,0.0,0.0,-0.011917110328936857,0.0,0.0
509,2,0.0,0.0,0.0,0.0,-1.2505951132473891
509,3,0.0,0.0,0.0,0.0,-0.08875000000000002
509,4,0.0,0.0,0.0,0.0,0.0
510,0,0.0,-4.82376767485945e-07,0.0,0.0,-17.54997123749139
510,1,0.0,0.0,-0.011917110328936857,0.0,0.0
510,2,0.0,0.0,0.0,0.0,-1.2505951132473891
510,3,0.0,0.0,0.0,0.0,-0.08875000000000002
510,4,0.0,0.0,0.0,0.0,0.0
511,0,0.0,-4.82376767485945e-07,0.0,0.0,-17.57264551494263
511,1,0.0,0.0,-0.011917110328936857,0.0,0.0
511,2,0.0,0.0,0.0,0.0,-1.2505951132473891
511,3,0.0,0.0,0.0,0.0,-0.08875000000000002
511,4,0.0,0.0,0.0,0.0,0.0
512,0,0.0,-4.82376767485945e-07,0.0,0.0,-17.587756576829925
512,1,0.0,0.0,-0.011917110328936857,0.0,0.0
512,2,0.0,0.0,0.0,0.0,-1.2505951132473891
512,3,0.0,0.0,0.0,0.0,-0.08875000000000002
512,4,0.0,0.0,0.0,0.0,0.0
513,0,0.0,-4.82376767485945e-07,0.0,0.0,-17.607829634747336
513,1,0.0,0.0,-0.011917110328936857,0.0,0.0
513,2,0.0,0.0,0.0,0.0,-1.2505951132473891
513,3,0.0,0.0,0.0,0.0,-0.08875000000000002
513,4,0.0,0.0,0.0,0.0,0.0
514,0,0.0,-4.82376767485945e-07,0.0,0.0,-17.630348143092835
514,1,0.0,0.0,-0.011917110328936857,0.0,0.0
514,2,0.0,0.0,0.0,0.0,-1.2505951132473891
514,3,0.0,0.0,0.0,0.0,-0.08875000000000002
514,4,0.0,0.0,0.0,0.0,0.0
515,0,0.0,-4.82376767485945e-07,0.0,0.0,-17.64033537438169
515,1,0.0,0.0,-0.011917110328936857,0.0,0.0
515,2,0.0,0.0,0.0,0.0,-1.2505951132473891
515,3,0.0,0.0,0.0,0.0,-0.08875000000000002
515,4,0.0,0.0,0.0,0.0,0.0
516,0,0.0,-4.82376767485945e-07,0.0,0.0,-17.660270203118124
516,1,0.0,0.0,-0.011917110328936857,0.0,0.0
516,2,0.0,0.0,0.0,0.0,-1.2505951132473891
516,3,0.0,0.0,0.0,0.0,-0.08875000000000002
516,4,0.0,0.0,0.0,0.0,0.0
517,0,0.0,-4.82376767485945e-07,0.0,0.0,-17.675150931737566
517,1,0.0,0.0,-0.011917110328936857,0.0,0.0
517,2,0.0,0.0,0.0,0.0,-1.2505951132473891
517,3,0.0,0.0,0.0,0.0,-0.08875000000000002
517,4,0.0,0.0,0.0,0.0,0.0
518,0,0.0,-4.82376767485945e-07,0.0,0.0,-17.69249440519339
518,1,0.0,0.0,-0.011917110328936857,0.0,0.0
518,2,0.0,0.0,0.0,0.0,-1.2505951132473891
518,3,0.0,0.0,0.0,0.0,-0.08875000000000002
518,4,0.0,0.0,0.0,0.0,0.0
519,0,0.0,-4.82376767485945e-07,0.0,0.0,-17.70233104142718
519,1,0.0,0.0,-0.011917110328936857,0.0,0.0
519,2,0.0,0.0,0.0,0.0,-1.2505951132473891
519,3,0.0,0.0,0.0,0.0,-0.08875000000000002
519,4,0.0,0.0,0.0,0.0,0.0
520,0,0.0,-4.82376767485945e-07,0.0,0.0,-17.722108530091283
520,1,0.0,0.0,-0.011917110328936857,0.0,0.0
520,2,0.0,0.0,0.0,0.0,-1.2505951132473891
520,3,0.0,0.0,0.0,0.0,-0.08875000000000002
520,4,0.0,0.0,0.0,0.0,0.0
521,0,0.0,-4.82376767485945e-07,0.0,0.0,-17.741832417038257
521,1,0.0,0.0,-0.011917110328936857,0.0,0.0
521,2,0.0,0.0,0.0,0.0,-1.2505951132473891
521,3,0.0,0.0,0.0,0.0,-0.08875000000000002
521,4,0.0,0.0,0.0,0.0,0.0
522,0,0.0,-4.82376767485945e-07,0.0,0.0,-17.754002880375744
522,1,0.0,0.0,-0.011917110328936857,0.0,0.0
522,2,0.0,0.0,0.0,0.0,-1.2505951132473891
522,3,0.0,0.0,0.0,0.0,-0.08875000000000002
522,4,0.0,0.0,0.0,0.0,0.0
523,0,0.0,-4.82376767485945e-07,0.0,0.0,-17.768645095149207
523,1,0.0,0.0,-0.011917110328936857,0.0,0.0
523,2,0.0,0.0,0.0,0.0,-1.2505951132473891
523,3,0.0,0.0,0.0,0.0,-0.08875000000000002
523,4,0.0,0.0,0.0,0.0,0.0
524,0,0.0,-4.82376767485945e-07,0.0,0.0,-17.785750811886036
524,1,0.0,0.0,-0.011917110328936857,0.0,0.0
524,2,0.0,0.0,0.0,0.0,-1.2505951132473891
524,3,0.0,0.0,0.0,0.0,-0.08875000000000002
524,4,0.0,0.0,0.0,0.0,0.0
525,0,0.0,-4.82376767485945e-07,0.0,0.0,-17.807811812078427
525,1,0.0,0.0,-0.011917110328936857,0.0,0.0
525,2,0.0,0.0,0.0,0.0,-1.2505951132473891
525,3,0.0,0.0,0.0,0.0,-0.08875000000000002
525,4,0.0,0.0,0.0,0.0,0.0
526,0,0.0,-4.82376767485945e-07,0.0,0.0,-17.822311575527095
526,1,0.0,0.0,-0.011917110328936857,0.0,0.0
526,2,0.0,0.0,0.0,0.0,-1.2505951132473891
526,3,0.0,0.0,0.0,0.0,-0.08875000000000002
526,4,0.0,0.0,0.0,0.0,0.0
527,0,0.0,-4.82376767485945e-07,0.0,0.0,-17.841775306655997
527,1,0.0,0.0,-0.011917110328936857,0.0,0.0
527,2,0.0,0.0,0.0,0.0,-1.2505951132473891
527,3,0.0,0.0,0.0,0.0,-0.08875000000000002
527,4,0.0,0.0,0.0,0.0,0.0
528,0,0.0,-4.82376767485945e-07,0.0,0.0,-17.858686452720896
528,1,0.0,0.0,-0.011917110328936857,0.0,0.0
528,2,0.0,0.0,0.0,0.0,-1.2505951132473891
528,3,0.0,0.0,0.0,0.0,-0.08875000000000002
528,4,0.0,0.0,0.0,0.0,0.0
529,0,0.0,-4.82376767485945e-07,0.0,0.0,-17.87555352066618
529,1,0.0,0.0,-0.011917110328936857,0.0,0.0
529,2,0.0,0.0,0.0,0.0,-1.2505951132473891
529,3,0.0,0.0,0.0,0.0,-0.08875000000000002
529,4,0.0,0.0,0.0,0.0,0.0
530,0,0.0,-4.82376767485945e-07,0.0,0.0,-17.89487665301503
530,1,0.0,0.0,-0.011917110328936857,0.0,0.0
530,2,0.0,0.0,0.0,0.0,-1.2505951132473891
530,3,0.0,0.0,0.0,0.0,-0.08875000000000002
530,4,0.0,0.0,0.0,0.0,0.0
531,0,0.0,-4.82376767485945e-07,0.0,0.0,-17.90914765924091
531,1,0.0,0.0,-0.011917110328936857,0.0,0.0
531,2,0.0,0.0,0.0,0.0,-1.2505951132473891
531,3,0.0,0.0,0.0,0.0,-0.08875000000000002
531,4,0.0,0.0,0.0,0.0,0.0
532,0,0.0,-4.82376767485945e-07,0.0,0.0,-17.920883377143028
532,1,0.0,0.0,-0.011917110328936857,0.0,0.0
532,2,0.0,0.0,0.0,0.0,-1.2505951132473891
532,3,0.0,0.0,0.0,0.0,-0.08875000000000002
532,4,0.0,0.0,0.0,0.0,0.0
533,0,0.0,-4.82376767485945e-07,0.0,0.0,-17.935092248861956
533,1,0.0,0.0,-0.011917110328936857,0.0,0.0
533,2,0.0,0.0,0.0,0.0,-1.2505951132473891
533,3,0.0,0.0,0.0,0.0,-0.08875000000000002
533,4,0.0,0.0,0.0,0.0,0.0
534,0,0.0,-4.82376767485945e-07,0.0,0.0,-17.944346886452905
534,1,0.0,0.0,-0.011917110328936857,0.0,0.0
534,2,0.0,0.0,0.0,0.0,-1.2505951132473891
534,3,0.0,0.0,0.0,0.0,-0.08875000000000002
534,4,0.0,0.0,0.0,0.0,0.0
535,0,0.0,-4.82376767485945e-07,0.0,0.0,-17.95358294017873
535,1,0.0,0.0,-0.011917110328936857,0.0,0.0
535,2,0.0,0.0,0.0,0.0,-1.2505951132473891
535,3,0.0,0.0,0.0,0.0,-0.08875000000000002
535,4,0.0,0.0,0.0,0.0,0.0
536,0,0.0,-4.82376767485945e-07,0.0,0.0,-17.962800457823022
536,1,0.0,0.0,-0.011917110328936857,0.0,0.0
536,2,0.0,0.0,0.0,0.0,-1.2505951132473891
536,3,0.0,0.0,0.0,0.0,-0.08875000000000002
536,4,0.0,0.0,0.0,0.0,0.0
537,0,0.0,-4.82376767485945e-07,0.0,0.0,-17.981918218540017
537,1,0.0,0.0,-0.011917110328936857,0.0,0.0
537,2,0.0,0.0,0.0,0.0,-1.2505951132473891
537,3,0.0,0.0,0.0,0.0,-0.08875000000000002
537,4,0.0,0.0,0.0,0.0,0.0
538,0,0.0,-4.82376767485945e-07,0.0,0.0,-17.991071034126932
538,1,0.0,0.0,-0.011917110328936857,0.0,0.0
538,2,0.0,0.0,0.0,0.0,-1.2505951132473891
538,3,0.0,0.0,0.0,0.0,-0.08875000000000002
538,4,0.0,0.0,0.0,0.0,0.0
539,0,0.0,-4.82376767485945e-07,0.0,0.0,-18.002618851123156
539,1,0.0,0.0,-0.011917110328936857,0.0,0.0
539,2,0.0,0.0,0.0,0.0,-1.2505951132473891
539,3,0.0,0.0,0.0,0.0,-0.08875000000000002
539,4,0.0,0.0,0.0,0.0,0.0
540,0,0.0,-4.82376767485945e-07,0.0,0.0,-18.024140370106327
540,1,0.0,0.0,-0.011917110328936857,0.0,0.0
540,2,0.0,0.0,0.0,0.0,-1.2505951132473891
540,3,0.0,0.0,0.0,0.0,-0.08875000000000002
540,4,0.0,0.0,0.0,0.0,0.0
541,0,0.0,-4.82376767485945e-07,0.0,0.0,-18.04060233709171
541,1,0.0,0.0,-0.011917110328936857,0.0,0.0
541,2,0.0,0.0,0.0,0.0,-1.2505951132473891
541,3,0.0,0.0,0.0,0.0,-0.08875000000000002
541,4,0.0,0.0,0.0,0.0,0.0
542,0,0.0,-4.82376767485945e-07,0.0,0.0,-18.052021618011953
542,1,0.0,0.0,-0.011917110328936857,0.0,0.0
542,2,0.0,0.0,0.0,0.0,-1.2505951132473891
542,3,0.0,0.0,0.0,0.0,-0.08875000000000002
542,4,0.0,0.0,0.0,0.0,0.0
543,0,0.0,-4.82376767485945e-07,0.0,0.0,-18.070915015560065
543,1,0.0,0.0,-0.011917110328936857,0.0,0.0
543,2,0.0,0.0,0.0,0.0,-1.2505951132473891
543,3,0.0,0.0,0.0,0.0,-0.08875000000000002
543,4,0.0,0.0,0.0,0.0,0.0
544,0,0.0,-4.82376767485945e-07,0.0,0.0,-18.087257606780522
544,1,0.0,0.0,-0.011917110328936857,0.0,0.0
544,2,0.0,0.0,0.0,0.0,-1.2505951132473891
544,3,0.0,0.0,0.0,0.0,-0.08875000000000002
544,4,0.0,0.0,0.0,0.0,0.0
545,0,0.0,-4.82376767485945e-07,0.0,0.0,-18.09616905112166
545,1,0.0,0.0,-0.011917110328936857,0.0,0.0
545,2,0.0,0.0,0.0,0.0,-1.2505951132473891
545,3,0.0,0.0,0.0,0.0,-0.08875000000000002
545,4,0.0,0.0,0.0,0.0,0.0
546,0,0.0,-4.82376767485945e-07,0.0,0.0,-18.112451629978665
546,1,0.0,0.0,-0.011917110328936857,0.0,0.0
546,2,0.0,0.0,0.0,0.0,-1.2505951132473891
546,3,0.0,0.0,0.0,0.0,-0.08875000000000002
546,4,0.0,0.0,0.0,0.0,0.0
547,0,0.0,-4.82376767485945e-07,0.0,0.0,-18.12869208404113
547,1,0.0,0.0,-0.011917110328936857,0.0,0.0
547,2,0.0,0.0,0.0,0.0,-1.2505951132473891
547,3,0.0,0.0,0.0,0.0,-0.08875000000000002
547,4,0.0,0.0,0.0,0.0,0.0
548,0,0.0,-4.82376767485945e-07,0.0,0.0,-18.142390548948303
548,1,0.0,0.0,-0.011917110328936857,0.0,0.0
548,2,0.0,0.0,0.0,0.0,-1.2505951132473891
548,3,0.0,0.0,0.0,0.0,-0.08875000000000002
548,4,0.0,0.0,0.0,0.0,0.0
549,0,0.0,-4.82376767485945e-07,0.0,0.0,-18.15605549238062
549,1,0.0,0.0,-0.011917110328936857,0.0,0.0
549,2,0.0,0.0,0.0,0.0,-1.2505951132473891
549,3,0.0,0.0,0.0,0.0,-0.08875000000000002
549,4,0.0,0.0,0.0,0.0,0.0
550,0,0.0,-4.82376767485945e-07,0.0,0.0,-18.164814094559965
550,1,0.0,0.0,-0.011917110328936857,0.0,0.0
550,2,0.0,0.0,0.0,0.0,-1.2505951132473891
550,3,0.0,0.0,0.0,0.0,-0.08875000000000002
550,4,0.0,0.0,0.0,0.0,0.0
551,0,0.0,-4.82376767485945e-07,0.0,0.0,-18.18592835963711
551,1,0.0,0.0,-0.011917110328936857,0.0,0.0
551,2,0.0,0.0,0.0,0.0,-1.2505951132473891
551,3,0.0,0.0,0.0,0.0,-0.08875000000000002
551,4,0.0,0.0,0.0,0.0,0.0
552,0,0.0,-4.82376767485945e-07,0.0,0.0,-18.206984355247506
552,1,0.0,0.0,-0.011917110328936857,0.0,0.0
552,2,0.0,0.0,0.0,0.0,-1.2505951132473891
552,3,0.0,0.0,0.0,0.0,-0.08875000000000002
552,4,0.0,0.0,0.0,0.0,0.0
553,0,0.0,-4.82376767485945e-07,0.0,0.0,-18.217982277690815
553,1,0.0,0.0,-0.011917110328936857,0.0,0.0
553,2,0.0,0.0,0.0,0.0,-1.2505951132473891
553,3,0.0,0.0,0.0,0.0,-0.08875000000000002
553,4,0.0,0.0,0.0,0.0,0.0
554,0,0.0,-4.82376767485945e-07,0.0,0.0,-18.23395565266202
554,1,0.0,0.0,-0.011917110328936857,0.0,0.0
554,2,0.0,0.0,0.0,0.0,-1.2505951132473891
554,3,0.0,0.0,0.0,0.0,-0.08875000000000002
554,4,0.0,0.0,0.0,0.0,0.0
555,0,0.0,-4.82376767485945e-07,0.0,0.0,-18.242539828063933
555,1,0.0,0.0,-0.011917110328936857,0.0,0.0
555,2,0.0,0.0,0.0,0.0,-1.2505951132473891
555,3,0.0,0.0,0.0,0.0,-0.08875000000000002
555,4,0.0,0.0,0.0,0.0,0.0
556,0,0.0,-4.82376767485945e-07,0.0,0.0,-18.251107386451213
556,1,0.0,0.0,-0.011917110328936857,0.0,0.0
556,2,0.0,0.0,0.0,0.0,-1.2505951132473891
556,3,0.0,0.0,0.0,0.0,-0.08875000000000002
556,4,0.0,0.0,0.0,0.0,0.0
557,0,0.0,-4.82376767485945e-07,0.0,0.0,-18.25965836882059
557,1,0.0,0.0,-0.011917110328936857,0.0,0.0
557,2,0.0,0.0,0.0,0.0,-1.2505951132473891
557,3,0.0,0.0,0.0,0.0,-0.08875000000000002
557,4,0.0,0.0,0.0,0.0,0.0
558,0,0.0,-4.82376767485945e-07,0.0,0.0,-18.278040500664034
558,1,0.0,0.0,-0.011917110328936857,0.0,0.0
558,2,0.0,0.0,0.0,0.0,-1.2505951132473891
558,3,0.0,0.0,0.0,0.0,-0.08875000000000002
558,4,0.0,0.0,0.0,0.0,0.0
559,0,0.0,-4.82376767485945e-07,0.0,0.0,-18.298873413269902
559,1,0.0,0.0,-0.011917110328936857,0.0,0.0
559,2,0.0,0.0,0.0,0.0,-1.2505951132473891
559,3,0.0,0.0,0.0,0.0,-0.08875000000000002
559,4,0.0,0.0,0.0,0.0,0.0
560,0,0.0,-4.82376767485945e-07,0.0,0.0,-18.317148936638514
560,1,0.0,0.0,-0.011917110328936857,0.0,0.0
560,2,0.0,0.0,0.0,0.0,-1.2505951132473891
560,3,0.0,0.0,0.0,0.0,-0.08875000000000002
560,4,0.0,0.0,0.0,0.0,0.0
561,0,0.0,-4.82376767485945e-07,0.0,0.0,-18.32555342662718
561,1,0.0,0.0,-0.011917110328936857,0.0,0.0
561,2,0.0,0.0,0.0,0.0,-1.2505951132473891
561,3,0.0,0.0,0.0,0.0,-0.08875000000000002
561,4,0.0,0.0,0.0,0.0,0.0
562,0,0.0,-4.82376767485945e-07,0.0,0.0,-18.338763864200395
562,1,0.0,0.0,-0.011917110328936857,0.0,0.0
562,2,0.0,0.0,0.0,0.0,-1.2505951132473891
562,3,0.0,0.0,0.0,0.0,-0.08875000000000002
562,4,0.0,0.0,0.0,0.0,0.0
563,0,0.0,-4.82376767485945e-07,0.0,0.0,-18.351942304230676
563,1,0.0,0.0,-0.011917110328936857,0.0,0.0
563,2,0.0,0.0,0.0,0.0,-1.2505951132473891
563,3,0.0,0.0,0.0,0.0,-0.08875000000000002
563,4,0.0,0.0,0.0,0.0,0.0
564,0,0.0,-4.82376767485945e-07,0.0,0.0,-18.365088844735055
564,1,0.0,0.0,-0.011917110328936857,0.0,0.0
564,2,0.0,0.0,0.0,0.0,-1.2505951132473891
564,3,0.0,0.0,0.0,0.0,-0.08875000000000002
564,4,0.0,0.0,0.0,0.0,0.0
565,0,0.0,-4.82376767485945e-07,0.0,0.0,-18.37820358338886
565,1,0.0,0.0,-0.011917110328936857,0.0,0.0
565,2,0.0,0.0,0.0,0.0,-1.2505951132473891
565,3,0.0,0.0,0.0,0.0,-0.08875000000000002
565,4,0.0,0.0,0.0,0.0,0.0
566,0,0.0,-4.82376767485945e-07,0.0,0.0,-18.39628661752698
566,1,0.0,0.0,-0.011917110328936857,0.0,0.0
566,2,0.0,0.0,0.0,0.0,-1.2505951132473891
566,3,0.0,0.0,0.0,0.0,-0.08875000000000002
566,4,0.0,0.0,0.0,0.0,0.0
567,0,0.0,-4.82376767485945e-07,0.0,0.0,-18.41432137908046
567,1,0.0,0.0,-0.011917110328936857,0.0,0.0
567,2,0.0,0.0,0.0,0.0,-1.2505951132473891
567,3,0.0,0.0,0.0,0.0,-0.08875000000000002
567,4,0.0,0.0,0.0,0.0,0.0
568,0,0.0,-4.82376767485945e-07,0.0,0.0,-18.43230802719517
568,1,0.0,0.0,-0.011917110328936857,0.0,0.0
568,2,0.0,0.0,0.0,0.0,-1.2505951132473891
568,3,0.0,0.0,0.0,0.0,-0.08875000000000002
568,4,0.0,0.0,0.0,0.0,0.0
569,0,0.0,-4.82376767485945e-07,0.0,0.0,-18.44774672043049
569,1,0.0,0.0,-0.011917110328936857,0.0,0.0
569,2,0.0,0.0,0.0,0.0,-1.2505951132473891
569,3,0.0,0.0,0.0,0.0,-0.08875000000000002
569,4,0.0,0.0,0.0,0.0,0.0
570,0,0.0,-4.82376767485945e-07,0.0,0.0,-18.465645949293958
570,1,0.0,0.0,-0.011917110328936857,0.0,0.0
570,2,0.0,0.0,0.0,0.0,-1.2505951132473891
570,3,0.0,0.0,0.0,0.0,-0.08875000000000002
570,4,0.0,0.0,0.0,0.0,0.0
571,0,0.0,-4.82376767485945e-07,0.0,0.0,-18.47599874841752
571,1,0.0,0.0,-0.011917110328936857,0.0,0.0
571,2,0.0,0.0,0.0,0.0,-1.2505951132473891
571,3,0.0,0.0,0.0,0.0,-0.08875000000000002
571,4,0.0,0.0,0.0,0.0,0.0
572,0,0.0,-4.82376767485945e-07,0.0,0.0,-18.486329061689084
572,1,0.0,0.0,-0.011917110328936857,0.0,0.0
572,2,0.0,0.0,0.0,0.0,-1.2505951132473891
572,3,0.0,0.0,0.0,0.0,-0.08875000000000002
572,4,0.0,0.0,0.0,0.0,0.0
573,0,0.0,-4.82376767485945e-07,0.0,0.0,-18.506635637570103
573,1,0.0,0.0,-0.011917110328936857,0.0,0.0
573,2,0.0,0.0,0.0,0.0,-1.2505951132473891
573,3,0.0,0.0,0.0,0.0,-0.08875000000000002
573,4,0.0,0.0,0.0,0.0,0.0
574,0,0.0,-4.82376767485945e-07,0.0,0.0,-18.516888282778424
574,1,0.0,0.0,-0.011917110328936857,0.0,0.0
574,2,0.0,0.0,0.0,0.0,-1.2505951132473891
574,3,0.0,0.0,0.0,0.0,-0.08875000000000002
574,4,0.0,0.0,0.0,0.0,0.0
575,0,0.0,-4.82376767485945e-07,0.0,0.0,-18.52486931102364
575,1,0.0,0.0,-0.011917110328936857,0.0,0.0
575,2,0.0,0.0,0.0,0.0,-1.2505951132473891
575,3,0.0,0.0,0.0,0.0,-0.08875000000000002
575,4,0.0,0.0,0.0,0.0,0.0
576,0,0.0,-4.82376767485945e-07,0.0,0.0,-18.540082944260277
576,1,0.0,0.0,-0.011917110328936857,0.0,0.0
576,2,0.0,0.0,0.0,0.0,-1.2505951132473891
576,3,0.0,0.0,0.0,0.0,-0.08875000000000002
576,4,0.0,0.0,0.0,0.0,0.0
577,0,0.0,-4.82376767485945e-07,0.0,0.0,-18.55275780589926
577,1,0.0,0.0,-0.011917110328936857,0.0,0.0
577,2,0.0,0.0,0.0,0.0,-1.2505951132473891
577,3,0.0,0.0,0.0,0.0,-0.08875000000000002
577,4,0.0,0.0,0.0,0.0,0.0
578,0,0.0,-4.82376767485945e-07,0.0,0.0,-18.572902352194944
578,1,0.0,0.0,-0.011917110328936857,0.0,0.0
578,2,0.0,0.0,0.0,0.0,-1.2505951132473891
578,3,0.0,0.0,0.0,0.0,-0.08875000000000002
578,4,0.0,0.0,0.0,0.0,0.0
579,0,0.0,-4.82376767485945e-07,0.0,0.0,-18.585491677582795
579,1,0.0,0.0,-0.011917110328936857,0.0,0.0
579,2,0.0,0.0,0.0,0.0,-1.2505951132473891
579,3,0.0,0.0,0.0,0.0,-0.08875000000000002
579,4,0.0,0.0,0.0,0.0,0.0
580,0,0.0,-4.82376767485945e-07,0.0,0.0,-18.593331961518018
580,1,0.0,0.0,-0.011917110328936857,0.0,0.0
580,2,0.0,0.0,0.0,0.0,-1.2505951132473891
580,3,0.0,0.0,0.0,0.0,-0.08875000000000002
580,4,0.0,0.0,0.0,0.0,0.0
581,0,0.0,-4.82376767485945e-07,0.0,0.0,-18.60115774057503
581,1,0.0,0.0,-0.011917110328936857,0.0,0.0
581,2,0.0,0.0,0.0,0.0,-1.2505951132473891
581,3,0.0,0.0,0.0,0.0,-0.08875000000000002
581,4,0.0,0.0,0.0,0.0,0.0
582,0,0.0,-4.82376767485945e-07,0.0,0.0,-18.616187834894742
582,1,0.0,0.0,-0.011917110328936857,0.0,0.0
582,2,0.0,0.0,0.0,0.0,-1.2505951132473891
582,3,0.0,0.0,0.0,0.0,-0.08875000000000002
582,4,0.0,0.0,0.0,0.0,0.0
583,0,0.0,-4.82376767485945e-07,0.0,0.0,-18.63117971883049
583,1,0.0,0.0,-0.011917110328936857,0.0,0.0
583,2,0.0,0.0,0.0,0.0,-1.2505951132473891
583,3,0.0,0.0,0.0,0.0,-0.08875000000000002
583,4,0.0,0.0,0.0,0.0,0.0
584,0,0.0,-4.82376767485945e-07,0.0,0.0,-18.646133514145586
584,1,0.0,0.0,-0.011917110328936857,0.0,0.0
584,2,0.0,0.0,0.0,0.0,-1.2505951132473891
584,3,0.0,0.0,0.0,0.0,-0.08875000000000002
584,4,0.0,0.0,0.0,0.0,0.0
585,0,0.0,-4.82376767485945e-07,0.0,0.0,-18.666049342165312
585,1,0.0,0.0,-0.011917110328936857,0.0,0.0
585,2,0.0,0.0,0.0,0.0,-1.2505951132473891
585,3,0.0,0.0,0.0,0.0,-0.08875000000000002
585,4,0.0,0.0,0.0,0.0,0.0
586,0,0.0,-4.82376767485945e-07,0.0,0.0,-18.67841065871392
586,1,0.0,0.0,-0.011917110328936857,0.0,0.0
586,2,0.0,0.0,0.0,0.0,-1.2505951132473891
586,3,0.0,0.0,0.0,0.0,-0.08875000000000002
586,4,0.0,0.0,0.0,0.0,0.0
587,0,0.0,-4.82376767485945e-07,0.0,0.0,-18.690742644330793
587,1,0.0,0.0,-0.011917110328936857,0.0,0.0
587,2,0.0,0.0,0.0,0.0,-1.2505951132473891
587,3,0.0,0.0,0.0,0.0,-0.08875000000000002
587,4,0.0,0.0,0.0,0.0,0.0
588,0,0.0,-4.82376767485945e-07,0.0,0.0,-18.7105453875434
588,1,0.0,0.0,-0.011917110328936857,0.0,0.0
588,2,0.0,0.0,0.0,0.0,-1.2505951132473891
588,3,0.0,0.0,0.0,0.0,-0.08875000000000002
588,4,0.0,0.0,0.0,0.0,0.0
589,0,0.0,-4.82376767485945e-07,0.0,0.0,-18.725293978976854
589,1,0.0,0.0,-0.011917110328936857,0.0,0.0
589,2,0.0,0.0,0.0,0.0,-1.2505951132473891
589,3,0.0,0.0,0.0,0.0,-0.08875000000000002
589,4,0.0,0.0,0.0,0.0,0.0
590,0,0.0,-4.82376767485945e-07,0.0,0.0,-18.740005265345893
590,1,0.0,0.0,-0.011917110328936857,0.0,0.0
590,2,0.0,0.0,0.0,0.0,-1.2505951132473891
590,3,0.0,0.0,0.0,0.0,-0.08875000000000002
590,4,0.0,0.0,0.0,0.0,0.0
591,0,0.0,-4.82376767485945e-07,0.0,0.0,-18.757179365134682
591,1,0.0,0.0,-0.011917110328936857,0.0,0.0
591,2,0.0,0.0,0.0,0.0,-1.2505951132473891
591,3,0.0,0.0,0.0,0.0,-0.08875000000000002
591,4,0.0,0.0,0.0,0.0,0.0
592,0,0.0,-4.82376767485945e-07,0.0,0.0,-18.764674748321806
592,1,0.0,0.0,-0.011917110328936857,0.0,0.0
592,2,0.0,0.0,0.0,0.0,-1.2505951132473891
592,3,0.0,0.0,0.0,0.0,-0.08875000000000002
592,4,0.0,0.0,0.0,0.0,0.0
593,0,0.0,-4.82376767485945e-07,0.0,0.0,-18.779289797295988
593,1,0.0,0.0,-0.011917110328936857,0.0,0.0
593,2,0.0,0.0,0.0,0.0,-1.2505951132473891
593,3,0.0,0.0,0.0,0.0,-0.08875000000000002
593,4,0.0,0.0,0.0,0.0,0.0
594,0,0.0,-4.82376767485945e-07,0.0,0.0,-18.79886795814168
594,1,0.0,0.0,-0.011917110328936857,0.0,0.0
594,2,0.0,0.0,0.0,0.0,-1.2505951132473891
594,3,0.0,0.0,0.0,0.0,-0.08875000000000002
594,4,0.0,0.0,0.0,0.0,0.0
595,0,0.0,-4.82376767485945e-07,0.0,0.0,-18.80628204727415
595,1,0.0,0.0,-0.011917110328936857,0.0,0.0
595,2,0.0,0.0,0.0,0.0,-1.2505951132473891
595,3,0.0,0.0,0.0,0.0,-0.08875000000000002
595,4,0.0,0.0,0.0,0.0,0.0
596,0,0.0,-4.82376767485945e-07,0.0,0.0,-18.818293345522
596,1,0.0,0.0,-0.011917110328936857,0.0,0.0
596,2,0.0,0.0,0.0,0.0,-1.2505951132473891
596,3,0.0,0.0,0.0,0.0,-0.08875000000000002
596,4,0.0,0.0,0.0,0.0,0.0
597,0,0.0,-4.82376767485945e-07,0.0,0.0,-18.832776415074914
597,1,0.0,0.0,-0.011917110328936857,0.0,0.0
597,2,0.0,0.0,0.0,0.0,-1.2505951132473891
597,3,0.0,0.0,0.0,0.0,-0.08875000000000002
597,4,0.0,0.0,0.0,0.0,0.0
598,0,0.0,-4.82376767485945e-07,0.0,0.0,-18.84012557490836
598,1,0.0,0.0,-0.011917110328936857,0.0,0.0
598,2,0.0,0.0,0.0,0.0,-1.2505951132473891
598,3,0.0,0.0,0.0,0.0,-0.08875000000000002
598,4,0.0,0.0,0.0,0.0,0.0
599,0,0.0,-4.82376767485945e-07,0.0,0.0,-18.85455891204966
599,1,0.0,0.0,-0.011917110328936857,0.0,0.0
599,2,0.0,0.0,0.0,0.0,-1.2505951132473891
599,3,0.0,0.0,0.0,0.0,-0.08875000000000002
599,4,0.0,0.0,0.0,0.0,0.0
600,0,0.0,-4.82376767485945e-07,0.0,0.0,-18.873955918416158
600,1,0.0,0.0,-0.011917110328936857,0.0,0.0
600,2,0.0,0.0,0.0,0.0,-1.2505951132473891
600,3,0.0,0.0,0.0,0.0,-0.08875000000000002
600,4,0.0,0.0,0.0,0.0,0.0
601,0,0.0,-4.82376767485945e-07,0.0,0.0,-18.888300043995503
601,1,0.0,0.0,-0.011917110328936857,0.0,0.0
601,2,0.0,0.0,0.0,0.0,-1.2505951132473891
601,3,0.0,0.0,0.0,0.0,-0.08875000000000002
601,4,0.0,0.0,0.0,0.0,0.0
602,0,0.0,-4.82376767485945e-07,0.0,0.0,-18.89554252627017
602,1,0.0,0.0,-0.011917110328936857,0.0,0.0
602,2,0.0,0.0,0.0,0.0,-1.2505951132473891
602,3,0.0,0.0,0.0,0.0,-0.08875000000000002
602,4,0.0,0.0,0.0,0.0,0.0
603,0,0.0,-4.82376767485945e-07,0.0,0.0,-18.902772136472542
603,1,0.0,0.0,-0.011917110328936857,0.0,0.0
603,2,0.0,0.0,0.0,0.0,-1.2505951132473891
603,3,0.0,0.0,0.0,0.0,-0.08875000000000002
603,4,0.0,0.0,0.0,0.0,0.0
604,0,0.0,-4.82376767485945e-07,0.0,0.0,-18.919554322630535
604,1,0.0,0.0,-0.011917110328936857,0.0,0.0
604,2,0.0,0.0,0.0,0.0,-1.2505951132473891
604,3,0.0,0.0,0.0,0.0,-0.08875000000000002
604,4,0.0,0.0,0.0,0.0,0.0
605,0,0.0,-4.82376767485945e-07,0.0,0.0,-18.926738809724906
605,1,0.0,0.0,-0.011917110328936857,0.0,0.0
605,2,0.0,0.0,0.0,0.0,-1.2505951132473891
605,3,0.0,0.0,0.0,0.0,-0.08875000000000002
605,4,0.0,0.0,0.0,0.0,0.0
606,0,0.0,-4.82376767485945e-07,0.0,0.0,-18.9434639807963
606,1,0.0,0.0,-0.011917110328936857,0.0,0.0
606,2,0.0,0.0,0.0,0.0,-1.2505951132473891
606,3,0.0,0.0,0.0,0.0,-0.08875000000000002
606,4,0.0,0.0,0.0,0.0,0.0
607,0,0.0,-4.82376767485945e-07,0.0,0.0,-18.95266670378576
607,1,0.0,0.0,-0.011917110328936857,0.0,0.0
607,2,0.0,0.0,0.0,0.0,-1.2505951132473891
607,3,0.0,0.0,0.0,0.0,-0.08875000000000002
607,4,0.0,0.0,0.0,0.0,0.0
608,0,0.0,-4.82376767485945e-07,0.0,0.0,-18.971828861872005
608,1,0.0,0.0,-0.011917110328936857,0.0,0.0
608,2,0.0,0.0,0.0,0.0,-1.2505951132473891
608,3,0.0,0.0,0.0,0.0,-0.08875000000000002
608,4,0.0,0.0,0.0,0.0,0.0
609,0,0.0,-4.82376767485945e-07,0.0,0.0,-18.978914832874555
609,1,0.0,0.0,-0.011917110328936857,0.0,0.0
609,2,0.0,0.0,0.0,0.0,-1.2505951132473891
609,3,0.0,0.0,0.0,0.0,-0.08875000000000002
609,4,0.0,0.0,0.0,0.0,0.0
610,0,0.0,-4.82376767485945e-07,0.0,0.0,-18.99301227515657
610,1,0.0,0.0,-0.011917110328936857,0.0,0.0
610,2,0.0,0.0,0.0,0.0,-1.2505951132473891
610,3,0.0,0.0,0.0,0.0,-0.08875000000000002
610,4,0.0,0.0,0.0,0.0,0.0
611,0,0.0,-4.82376767485945e-07,0.0,0.0,-19.007074422427547
611,1,0.0,0.0,-0.011917110328936857,0.0,0.0
611,2,0.0,0.0,0.0,0.0,-1.2505951132473891
611,3,0.0,0.0,0.0,0.0,-0.08875000000000002
611,4,0.0,0.0,0.0,0.0,0.0
612,0,0.0,-4.82376767485945e-07,0.0,0.0,-19.023601386093485
612,1,0.0,0.0,-0.011917110328936857,0.0,0.0
612,2,0.0,0.0,0.0,0.0,-1.2505951132473891
612,3,0.0,0.0,0.0,0.0,-0.08875000000000002
612,4,0.0,0.0,0.0,0.0,0.0
613,0,0.0,-4.82376767485945e-07,0.0,0.0,-19.040084944629776
613,1,0.0,0.0,-0.011917110328936857,0.0,0.0
613,2,0.0,0.0,0.0,0.0,-1.2505951132473891
613,3,0.0,0.0,0.0,0.0,-0.08875000000000002
613,4,0.0,0.0,0.0,0.0,0.0
614,0,0.0,-4.82376767485945e-07,0.0,0.0,-19.049056871488332
614,1,0.0,0.0,-0.011917110328936857,0.0,0.0
614,2,0.0,0.0,0.0,0.0,-1.2505951132473891
614,3,0.0,0.0,0.0,0.0,-0.08875000000000002
614,4,0.0,0.0,0.0,0.0,0.0
615,0,0.0,-4.82376767485945e-07,0.0,0.0,-19.060478888695428
615,1,0.0,0.0,-0.011917110328936857,0.0,0.0
615,2,0.0,0.0,0.0,0.0,-1.2505951132473891
615,3,0.0,0.0,0.0,0.0,-0.08875000000000002
615,4,0.0,0.0,0.0,0.0,0.0
616,0,0.0,-4.82376767485945e-07,0.0,0.0,-19.067399678903115
616,1,0.0,0.0,-0.011917110328936857,0.0,0.0
616,2,0.0,0.0,0.0,0.0,-1.2505951132473891
616,3,0.0,0.0,0.0,0.0,-0.08875000000000002
616,4,0.0,0.0,0.0,0.0,0.0
617,0,0.0,-4.82376767485945e-07,0.0,0.0,-19.074308436563243
617,1,0.0,0.0,-0.011917110328936857,0.0,0.0
617,2,0.0,0.0,0.0,0.0,-1.2505951132473891
617,3,0.0,0.0,0.0,0.0,-0.08875000000000002
617,4,0.0,0.0,0.0,0.0,0.0
618,0,0.0,-4.82376767485945e-07,0.0,0.0,-19.088179839552854
618,1,0.0,0.0,-0.011917110328936857,0.0,0.0
618,2,0.0,0.0,0.0,0.0,-1.2505951132473891
618,3,0.0,0.0,0.0,0.0,-0.08875000000000002
618,4,0.0,0.0,0.0,0.0,0.0
619,0,0.0,-4.82376767485945e-07,0.0,0.0,-19.09505090903967
619,1,0.0,0.0,-0.011917110328936857,0.0,0.0
619,2,0.0,0.0,0.0,0.0,-1.2505951132473891
619,3,0.0,0.0,0.0,0.0,-0.08875000000000002
619,4,0.0,0.0,0.0,0.0,0.0
620,0,0.0,-4.82376767485945e-07,0.0,0.0,-19.111375708243674
620,1,0.0,0.0,-0.011917110328936857,0.0,0.0
620,2,0.0,0.0,0.0,0.0,-1.2505951132473891
620,3,0.0,0.0,0.0,0.0,-0.08875000000000002
620,4,0.0,0.0,0.0,0.0,0.0
621,0,0.0,-4.82376767485945e-07,0.0,0.0,-19.130157700817268
621,1,0.0,0.0,-0.011917110328936857,0.0,0.0
621,2,0.0,0.0,0.0,0.0,-1.2505951132473891
621,3,0.0,0.0,0.0,0.0,-0.08875000000000002
621,4,0.0,0.0,0.0,0.0,0.0
622,0,0.0,-4.82376767485945e-07,0.0,0.0,-19.136952422726612
622,1,0.0,0.0,-0.011917110328936857,0.0,0.0
622,2,0.0,0.0,0.0,0.0,-1.2505951132473891
622,3,0.0,0.0,0.0,0.0,-0.08875000000000002
622,4,0.0,0.0,0.0,0.0,0.0
623,0,0.0,-4.82376767485945e-07,0.0,0.0,-19.14373543609768
623,1,0.0,0.0,-0.011917110328936857,0.0,0.0
623,2,0.0,0.0,0.0,0.0,-1.2505951132473891
623,3,0.0,0.0,0.0,0.0,-0.08875000000000002
623,4,0.0,0.0,0.0,0.0,0.0
624,0,0.0,-4.82376767485945e-07,0.0,0.0,-19.150506766712873
624,1,0.0,0.0,-0.011917110328936857,0.0,0.0
624,2,0.0,0.0,0.0,0.0,-1.2505951132473891
624,3,0.0,0.0,0.0,0.0,-0.08875000000000002
624,4,0.0,0.0,0.0,0.0,0.0
625,0,0.0,-4.82376767485945e-07,0.0,0.0,-19.15924279239288
625,1,0.0,0.0,-0.011917110328936857,0.0,0.0
625,2,0.0,0.0,0.0,0.0,-1.2505951132473891
625,3,0.0,0.0,0.0,0.0,-0.08875000000000002
625,4,0.0,0.0,0.0,0.0,0.0
626,0,0.0,-4.82376767485945e-07,0.0,0.0,-19.17542087462649
626,1,0.0,0.0,-0.011917110328936857,0.0,0.0
626,2,0.0,0.0,0.0,0.0,-1.2505951132473891
626,3,0.0,0.0,0.0,0.0,-0.08875000000000002
626,4,0.0,0.0,0.0,0.0,0.0
627,0,0.0,-4.82376767485945e-07,0.0,0.0,-19.186556583901456
627,1,0.0,0.0,-0.011917110328936857,0.0,0.0
627,2,0.0,0.0,0.0,0.0,-1.2505951132473891
627,3,0.0,0.0,0.0,0.0,-0.08875000000000002
627,4,0.0,0.0,0.0,0.0,0.0
628,0,0.0,-4.82376767485945e-07,0.0,0.0,-19.193250525360252
628,1,0.0,0.0,-0.011917110328936857,0.0,0.0
628,2,0.0,0.0,0.0,0.0,-1.2505951132473891
628,3,0.0,0.0,0.0,0.0,-0.08875000000000002
628,4,0.0,0.0,0.0,0.0,0.0
629,0,0.0,-4.82376767485945e-07,0.0,0.0,-19.206849121826014
629,1,0.0,0.0,-0.011917110328936857,0.0,0.0
629,2,0.0,0.0,0.0,0.0,-1.2505951132473891
629,3,0.0,0.0,0.0,0.0,-0.08875000000000002
629,4,0.0,0.0,0.0,0.0,0.0
630,0,0.0,-4.82376767485945e-07,0.0,0.0,-19.213506975011466
630,1,0.0,0.0,-0.011917110328936857,0.0,0.0
630,2,0.0,0.0,0.0,0.0,-1.2505951132473891
630,3,0.0,0.0,0.0,0.0,-0.08875000000000002
630,4,0.0,0.0,0.0,0.0,0.0
631,0,0.0,-4.82376767485945e-07,0.0,0.0,-19.227060316728313
631,1,0.0,0.0,-0.011917110328936857,0.0,0.0
631,2,0.0,0.0,0.0,0.0,-1.2505951132473891
631,3,0.0,0.0,0.0,0.0,-0.08875000000000002
631,4,0.0,0.0,0.0,0.0,0.0
632,0,0.0,-4.82376767485945e-07,0.0,0.0,-19.243079988192118
632,1,0.0,0.0,-0.011917110328936857,0.0,0.0
632,2,0.0,0.0,0.0,0.0,-1.2505951132473891
632,3,0.0,0.0,0.0,0.0,-0.08875000000000002
632,4,0.0,0.0,0.0,0.0,0.0
633,0,0.0,-4.82376767485945e-07,0.0,0.0,-19.251609109128495
633,1,0.0,0.0,-0.011917110328936857,0.0,0.0
633,2,0.0,0.0,0.0,0.0,-1.2505951132473891
633,3,0.0,0.0,0.0,0.0,-0.08875000000000002
633,4,0.0,0.0,0.0,0.0,0.0
634,0,0.0,-4.82376767485945e-07,0.0,0.0,-19.258186999778967
634,1,0.0,0.0,-0.011917110328936857,0.0,0.0
634,2,0.0,0.0,0.0,0.0,-1.2505951132473891
634,3,0.0,0.0,0.0,0.0,-0.08875000000000002
634,4,0.0,0.0,0.0,0.0,0.0
635,0,0.0,-4.82376767485945e-07,0.0,0.0,-19.276636513525048
635,1,0.0,0.0,-0.011917110328936857,0.0,0.0
635,2,0.0,0.0,0.0,0.0,-1.2505951132473891
635,3,0.0,0.0,0.0,0.0,-0.08875000000000002
635,4,0.0,0.0,0.0,0.0,0.0
636,0,0.0,-4.82376767485945e-07,0.0,0.0,-19.28317051199238
636,1,0.0,0.0,-0.011917110328936857,0.0,0.0
636,2,0.0,0.0,0.0,0.0,-1.2505951132473891
636,3,0.0,0.0,0.0,0.0,-0.08875000000000002
636,4,0.0,0.0,0.0,0.0,0.0
637,0,0.0,-4.82376767485945e-07,0.0,0.0,-19.291614661577757
637,1,0.0,0.0,-0.011917110328936857,0.0,0.0
637,2,0.0,0.0,0.0,0.0,-1.2505951132473891
637,3,0.0,0.0,0.0,0.0,-0.08875000000000002
637,4,0.0,0.0,0.0,0.0,0.0
638,0,0.0,-4.82376767485945e-07,0.0,0.0,-19.307486241462463
638,1,0.0,0.0,-0.011917110328936857,0.0,0.0
638,2,0.0,0.0,0.0,0.0,-1.2505951132473891
638,3,0.0,0.0,0.0,0.0,-0.08875000000000002
638,4,0.0,0.0,0.0,0.0,0.0
639,0,0.0,-4.82376767485945e-07,0.0,0.0,-19.323316363332438
639,1,0.0,0.0,-0.011917110328936857,0.0,0.0
639,2,0.0,0.0,0.0,0.0,-1.2505951132473891
639,3,0.0,0.0,0.0,0.0,-0.08875000000000002
639,4,0.0,0.0,0.0,0.0,0.0
640,0,0.0,-4.82376767485945e-07,0.0,0.0,-19.336605162373207
640,1,0.0,0.0,-0.011917110328936857,0.0,0.0
640,2,0.0,0.0,0.0,0.0,-1.2505951132473891
640,3,0.0,0.0,0.0,0.0,-0.08875000000000002
640,4,0.0,0.0,0.0,0.0,0.0
641,0,0.0,-4.82376767485945e-07,0.0,0.0,-19.34736110580745
641,1,0.0,0.0,-0.011917110328936857,0.0,0.0
641,2,0.0,0.0,0.0,0.0,-1.2505951132473891
641,3,0.0,0.0,0.0,0.0,-0.08875000000000002
641,4,0.0,0.0,0.0,0.0,0.0
642,0,0.0,-4.82376767485945e-07,0.0,0.0,-19.365592629120588
642,1,0.0,0.0,-0.011917110328936857,0.0,0.0
642,2,0.0,0.0,0.0,0.0,-1.2505951132473891
642,3,0.0,0.0,0.0,0.0,-0.08875000000000002
642,4,0.0,0.0,0.0,0.0,0.0
643,0,0.0,-4.82376767485945e-07,0.0,0.0,-19.371970371698882
643,1,0.0,0.0,-0.011917110328936857,0.0,0.0
643,2,0.0,0.0,0.0,0.0,-1.2505951132473891
643,3,0.0,0.0,0.0,0.0,-0.08875000000000002
643,4,0.0,0.0,0.0,0.0,0.0
644,0,0.0,-4.82376767485945e-07,0.0,0.0,-19.38514181596251
644,1,0.0,0.0,-0.011917110328936857,0.0,0.0
644,2,0.0,0.0,0.0,0.0,-1.2505951132473891
644,3,0.0,0.0,0.0,0.0,-0.08875000000000002
644,4,0.0,0.0,0.0,0.0,0.0
645,0,0.0,-4.82376767485945e-07,0.0,0.0,-19.400780766652847
645,1,0.0,0.0,-0.011917110328936857,0.0,0.0
645,2,0.0,0.0,0.0,0.0,-1.2505951132473891
645,3,0.0,0.0,0.0,0.0,-0.08875000000000002
645,4,0.0,0.0,0.0,0.0,0.0
646,0,0.0,-4.82376767485945e-07,0.0,0.0,-19.411378992914134
646,1,0.0,0.0,-0.011917110328936857,0.0,0.0
646,2,0.0,0.0,0.0,0.0,-1.2505951132473891
646,3,0.0,0.0,0.0,0.0,-0.08875000000000002
646,4,0.0,0.0,0.0,0.0,0.0
647,0,0.0,-4.82376767485945e-07,0.0,0.0,-19.417677554461633
647,1,0.0,0.0,-0.011917110328936857,0.0,0.0
647,2,0.0,0.0,0.0,0.0,-1.2505951132473891
647,3,0.0,0.0,0.0,0.0,-0.08875000000000002
647,4,0.0,0.0,0.0,0.0,0.0
648,0,0.0,-4.82376767485945e-07,0.0,0.0,-19.428241320679767
648,1,0.0,0.0,-0.011917110328936857,0.0,0.0
648,2,0.0,0.0,0.0,0.0,-1.2505951132473891
648,3,0.0,0.0,0.0,0.0,-0.08875000000000002
648,4,0.0,0.0,0.0,0.0,0.0
649,0,0.0,-4.82376767485945e-07,0.0,0.0,-19.434510932610678
649,1,0.0,0.0,-0.011917110328936857,0.0,0.0
649,2,0.0,0.0,0.0,0.0,-1.2505951132473891
649,3,0.0,0.0,0.0,0.0,-0.08875000000000002
649,4,0.0,0.0,0.0,0.0,0.0
650,0,0.0,-4.82376767485945e-07,0.0,0.0,-19.452540398629942
650,1,0.0,0.0,-0.011917110328936857,0.0,0.0
650,2,0.0,0.0,0.0,0.0,-1.2505951132473891
650,3,0.0,0.0,0.0,0.0,-0.08875000000000002
650,4,0.0,0.0,0.0,0.0,0.0
651,0,0.0,-4.82376767485945e-07,0.0,0.0,-19.46552112361885
651,1,0.0,0.0,-0.011917110328936857,0.0,0.0
651,2,0.0,0.0,0.0,0.0,-1.2505951132473891
651,3,0.0,0.0,0.0,0.0,-0.08875000000000002
651,4,0.0,0.0,0.0,0.0,0.0
652,0,0.0,-4.82376767485945e-07,0.0,0.0,-19.48346993538653
652,1,0.0,0.0,-0.011917110328936857,0.0,0.0
652,2,0.0,0.0,0.0,0.0,-1.2505951132473891
652,3,0.0,0.0,0.0,0.0,-0.08875000000000002
652,4,0.0,0.0,0.0,0.0,0.0
653,0,0.0,-4.82376767485945e-07,0.0,0.0,-19.496370268518564
653,1,0.0,0.0,-0.011917110328936857,0.0,0.0
653,2,0.0,0.0,0.0,0.0,-1.2505951132473891
653,3,0.0,0.0,0.0,0.0,-0.08875000000000002
653,4,0.0,0.0,0.0,0.0,0.0
654,0,0.0,-4.82376767485945e-07,0.0,0.0,-19.514238949864147
654,1,0.0,0.0,-0.011917110328936857,0.0,0.0
654,2,0.0,0.0,0.0,0.0,-1.2505951132473891
654,3,0.0,0.0,0.0,0.0,-0.08875000000000002
654,4,0.0,0.0,0.0,0.0,0.0
655,0,0.0,-4.82376767485945e-07,0.0,0.0,-19.52036335305557
655,1,0.0,0.0,-0.011917110328936857,0.0,0.0
655,2,0.0,0.0,0.0,0.0,-1.2505951132473891
655,3,0.0,0.0,0.0,0.0,-0.08875000000000002
655,4,0.0,0.0,0.0,0.0,0.0
656,0,0.0,-4.82376767485945e-07,0.0,0.0,-19.53317372732477
656,1,0.0,0.0,-0.011917110328936857,0.0,0.0
656,2,0.0,0.0,0.0,0.0,-1.2505951132473891
656,3,0.0,0.0,0.0,0.0,-0.08875000000000002
656,4,0.0,0.0,0.0,0.0,0.0
657,0,0.0,-4.82376767485945e-07,0.0,0.0,-19.5509527303922
657,1,0.0,0.0,-0.011917110328936857,0.0,0.0
657,2,0.0,0.0,0.0,0.0,-1.2505951132473891
657,3,0.0,0.0,0.0,0.0,-0.08875000000000002
657,4,0.0,0.0,0.0,0.0,0.0
658,0,0.0,-4.82376767485945e-07,0.0,0.0,-19.55701611998597
658,1,0.0,0.0,-0.011917110328936857,0.0,0.0
658,2,0.0,0.0,0.0,0.0,-1.2505951132473891
658,3,0.0,0.0,0.0,0.0,-0.08875000000000002
658,4,0.0,0.0,0.0,0.0,0.0
659,0,0.0,-4.82376767485945e-07,0.0,0.0,-19.56973724884103
659,1,0.0,0.0,-0.011917110328936857,0.0,0.0
659,2,0.0,0.0,0.0,0.0,-1.2505951132473891
659,3,0.0,0.0,0.0,0.0,-0.08875000000000002
659,4,0.0,0.0,0.0,0.0,0.0
660,0,0.0,-4.82376767485945e-07,0.0,0.0,-19.58242728465017
660,1,0.0,0.0,-0.011917110328936857,0.0,0.0
660,2,0.0,0.0,0.0,0.0,-1.2505951132473891
660,3,0.0,0.0,0.0,0.0,-0.08875000000000002
660,4,0.0,0.0,0.0,0.0,0.0
661,0,0.0,-4.82376767485945e-07,0.0,0.0,-19.597586324118414
661,1,0.0,0.0,-0.011917110328936857,0.0,0.0
661,2,0.0,0.0,0.0,0.0,-1.2505951132473891
661,3,0.0,0.0,0.0,0.0,-0.08875000000000002
661,4,0.0,0.0,0.0,0.0,0.0
662,0,0.0,-4.82376767485945e-07,0.0,0.0,-19.603572356542514
662,1,0.0,0.0,-0.011917110328936857,0.0,0.0
662,2,0.0,0.0,0.0,0.0,-1.2505951132473891
662,3,0.0,0.0,0.0,0.0,-0.08875000000000002
662,4,0.0,0.0,0.0,0.0,0.0
663,0,0.0,-4.82376767485945e-07,0.0,0.0,-19.618682419942605
663,1,0.0,0.0,-0.011917110328936857,0.0,0.0
663,2,0.0,0.0,0.0,0.0,-1.2505951132473891
663,3,0.0,0.0,0.0,0.0,-0.08875000000000002
663,4,0.0,0.0,0.0,0.0,0.0
664,0,0.0,-4.82376767485945e-07,0.0,0.0,-19.628753398182596
664,1,0.0,0.0,-0.011917110328936857,0.0,0.0
664,2,0.0,0.0,0.0,0.0,-1.2505951132473891
664,3,0.0,0.0,0.0,0.0,-0.08875000000000002
664,4,0.0,0.0,0.0,0.0,0.0
665,0,0.0,-4.82376767485945e-07,0.0,0.0,-19.63643475730662
665,1,0.0,0.0,-0.011917110328936857,0.0,0.0
665,2,0.0,0.0,0.0,0.0,-1.2505951132473891
665,3,0.0,0.0,0.0,0.0,-0.08875000000000002
665,4,0.0,0.0,0.0,0.0,0.0
666,0,0.0,-4.82376767485945e-07,0.0,0.0,-19.64235611854681
666,1,0.0,0.0,-0.011917110328936857,0.0,0.0
666,2,0.0,0.0,0.0,0.0,-1.2505951132473891
666,3,0.0,0.0,0.0,0.0,-0.08875000000000002
666,4,0.0,0.0,0.0,0.0,0.0
667,0,0.0,-4.82376767485945e-07,0.0,0.0,-19.657380684001804
667,1,0.0,0.0,-0.011917110328936857,0.0,0.0
667,2,0.0,0.0,0.0,0.0,-1.2505951132473891
667,3,0.0,0.0,0.0,0.0,-0.08875000000000002
667,4,0.0,0.0,0.0,0.0,0.0
668,0,0.0,-4.82376767485945e-07,0.0,0.0,-19.667366409893933
668,1,0.0,0.0,-0.011917110328936857,0.0,0.0
668,2,0.0,0.0,0.0,0.0,-1.2505951132473891
668,3,0.0,0.0,0.0,0.0,-0.08875000000000002
668,4,0.0,0.0,0.0,0.0,0.0
669,0,0.0,-4.82376767485945e-07,0.0,0.0,-19.67497003597535
669,1,0.0,0.0,-0.011917110328936857,0.0,0.0
669,2,0.0,0.0,0.0,0.0,-1.2505951132473891
669,3,0.0,0.0,0.0,0.0,-0.08875000000000002
669,4,0.0,0.0,0.0,0.0,0.0
670,0,0.0,-4.82376767485945e-07,0.0,0.0,-19.684919392567632
670,1,0.0,0.0,-0.011917110328936857,0.0,0.0
670,2,0.0,0.0,0.0,0.0,-1.2505951132473891
670,3,0.0,0.0,0.0,0.0,-0.08875000000000002
670,4,0.0,0.0,0.0,0.0,0.0
671,0,0.0,-4.82376767485945e-07,0.0,0.0,-19.69484679830445
671,1,0.0,0.0,-0.011917110328936857,0.0,0.0
671,2,0.0,0.0,0.0,0.0,-1.2505951132473891
671,3,0.0,0.0,0.0,0.0,-0.08875000000000002
671,4,0.0,0.0,0.0,0.0,0.0
672,0,0.0,-4.82376767485945e-07,0.0,0.0,-19.70067108287959
672,1,0.0,0.0,-0.011917110328936857,0.0,0.0
672,2,0.0,0.0,0.0,0.0,-1.2505951132473891
672,3,0.0,0.0,0.0,0.0,-0.08875000000000002
672,4,0.0,0.0,0.0,0.0,0.0
673,0,0.0,-4.82376767485945e-07,0.0,0.0,-19.71806724347383
673,1,0.0,0.0,-0.011917110328936857,0.0,0.0
673,2,0.0,0.0,0.0,0.0,-1.2505951132473891
673,3,0.0,0.0,0.0,0.0,-0.08875000000000002
673,4,0.0,0.0,0.0,0.0,0.0
674,0,0.0,-4.82376767485945e-07,0.0,0.0,-19.730416599803583
674,1,0.0,0.0,-0.011917110328936857,0.0,0.0
674,2,0.0,0.0,0.0,0.0,-1.2505951132473891
674,3,0.0,0.0,0.0,0.0,-0.08875000000000002
674,4,0.0,0.0,0.0,0.0,0.0
675,0,0.0,-4.82376767485945e-07,0.0,0.0,-19.73618385676407
675,1,0.0,0.0,-0.011917110328936857,0.0,0.0
675,2,0.0,0.0,0.0,0.0,-1.2505951132473891
675,3,0.0,0.0,0.0,0.0,-0.08875000000000002
675,4,0.0,0.0,0.0,0.0,0.0
676,0,0.0,-4.82376767485945e-07,0.0,0.0,-19.748494013417645
676,1,0.0,0.0,-0.011917110328936857,0.0,0.0
676,2,0.0,0.0,0.0,0.0,-1.2505951132473891
676,3,0.0,0.0,0.0,0.0,-0.08875000000000002
676,4,0.0,0.0,0.0,0.0,0.0
677,0,0.0,-4.82376767485945e-07,0.0,0.0,-19.76577429835549
677,1,0.0,0.0,-0.011917110328936857,0.0,0.0
677,2,0.0,0.0,0.0,0.0,-1.2505951132473891
677,3,0.0,0.0,0.0,0.0,-0.08875000000000002
677,4,0.0,0.0,0.0,0.0,0.0
678,0,0.0,-4.82376767485945e-07,0.0,0.0,-19.77317522790885
678,1,0.0,0.0,-0.011917110328936857,0.0,0.0
678,2,0.0,0.0,0.0,0.0,-1.2505951132473891
678,3,0.0,0.0,0.0,0.0,-0.08875000000000002
678,4,0.0,0.0,0.0,0.0,0.0
679,0,0.0,-4.82376767485945e-07,0.0,0.0,-19.79039531433929
679,1,0.0,0.0,-0.011917110328936857,0.0,0.0
679,2,0.0,0.0,0.0,0.0,-1.2505951132473891
679,3,0.0,0.0,0.0,0.0,-0.08875000000000002
679,4,0.0,0.0,0.0,0.0,0.0
680,0,0.0,-4.82376767485945e-07,0.0,0.0,-19.805069144091757
680,1,0.0,0.0,-0.011917110328936857,0.0,0.0
680,2,0.0,0.0,0.0,0.0,-1.2505951132473891
680,3,0.0,0.0,0.0,0.0,-0.08875000000000002
680,4,0.0,0.0,0.0,0.0,0.0
681,0,0.0,-4.82376767485945e-07,0.0,0.0,-19.814705203708307
681,1,0.0,0.0,-0.011917110328936857,0.0,0.0
681,2,0.0,0.0,0.0,0.0,-1.2505951132473891
681,3,0.0,0.0,0.0,0.0,-0.08875000000000002
681,4,0.0,0.0,0.0,0.0,0.0
682,0,0.0,-4.82376767485945e-07,0.0,0.0,-19.822004230732986
682,1,0.0,0.0,-0.011917110328936857,0.0,0.0
682,2,0.0,0.0,0.0,0.0,-1.2505951132473891
682,3,0.0,0.0,0.0,0.0,-0.08875000000000002
682,4,0.0,0.0,0.0,0.0,0.0
683,0,0.0,-4.82376767485945e-07,0.0,0.0,-19.839105842864445
683,1,0.0,0.0,-0.011917110328936857,0.0,0.0
683,2,0.0,0.0,0.0,0.0,-1.2505951132473891
683,3,0.0,0.0,0.0,0.0,-0.08875000000000002
683,4,0.0,0.0,0.0,0.0,0.0
684,0,0.0,-4.82376767485945e-07,0.0,0.0,-19.851161565755966
684,1,0.0,0.0,-0.011917110328936857,0.0,0.0
684,2,0.0,0.0,0.0,0.0,-1.2505951132473891
684,3,0.0,0.0,0.0,0.0,-0.08875000000000002
684,4,0.0,0.0,0.0,0.0,0.0
685,0,0.0,-4.82376767485945e-07,0.0,0.0,-19.856736694347216
685,1,0.0,0.0,-0.011917110328936857,0.0,0.0
685,2,0.0,0.0,0.0,0.0,-1.2505951132473891
685,3,0.0,0.0,0.0,0.0,-0.08875000000000002
685,4,0.0,0.0,0.0,0.0,0.0
686,0,0.0,-4.82376767485945e-07,0.0,0.0,-19.871254601161198
686,1,0.0,0.0,-0.011917110328936857,0.0,0.0
686,2,0.0,0.0,0.0,0.0,-1.2505951132473891
686,3,0.0,0.0,0.0,0.0,-0.08875000000000002
686,4,0.0,0.0,0.0,0.0,0.0
687,0,0.0,-4.82376767485945e-07,0.0,0.0,-19.876798472569
687,1,0.0,0.0,-0.011917110328936857,0.0,0.0
687,2,0.0,0.0,0.0,0.0,-1.2505951132473891
687,3,0.0,0.0,0.0,0.0,-0.08875000000000002
687,4,0.0,0.0,0.0,0.0,0.0
688,0,0.0,-4.82376767485945e-07,0.0,0.0,-19.883974472738036
688,1,0.0,0.0,-0.011917110328936857,0.0,0.0
688,2,0.0,0.0,0.0,0.0,-1.2505951132473891
688,3,0.0,0.0,0.0,0.0,-0.08875000000000002
688,4,0.0,0.0,0.0,0.0,0.0
689,0,0.0,-4.82376767485945e-07,0.0,0.0,-19.89843328277784
689,1,0.0,0.0,-0.011917110328936857,0.0,0.0
689,2,0.0,0.0,0.0,0.0,-1.2505951132473891
689,3,0.0,0.0,0.0,0.0,-0.08875000000000002
689,4,0.0,0.0,0.0,0.0,0.0
690,0,0.0,-4.82376767485945e-07,0.0,0.0,-19.903934266668614
690,1,0.0,0.0,-0.011917110328936857,0.0,0.0
690,2,0.0,0.0,0.0,0.0,-1.2505951132473891
690,3,0.0,0.0,0.0,0.0,-0.08875000000000002
690,4,0.0,0.0,0.0,0.0,0.0
691,0,0.0,-4.82376767485945e-07,0.0,0.0,-19.915847376609474
691,1,0.0,0.0,-0.011917110328936857,0.0,0.0
691,2,0.0,0.0,0.0,0.0,-1.2505951132473891
691,3,0.0,0.0,0.0,0.0,-0.08875000000000002
691,4,0.0,0.0,0.0,0.0,0.0
692,0,0.0,-4.82376767485945e-07,0.0,0.0,-19.927731827532316
692,1,0.0,0.0,-0.011917110328936857,0.0,0.0
692,2,0.0,0.0,0.0,0.0,-1.2505951132473891
692,3,0.0,0.0,0.0,0.0,-0.08875000000000002
692,4,0.0,0.0,0.0,0.0,0.0
693,0,0.0,-4.82376767485945e-07,0.0,0.0,-19.934807636609506
693,1,0.0,0.0,-0.011917110328936857,0.0,0.0
693,2,0.0,0.0,0.0,0.0,-1.2505951132473891
693,3,0.0,0.0,0.0,0.0,-0.08875000000000002
693,4,0.0,0.0,0.0,0.0,0.0
694,0,0.0,-4.82376767485945e-07,0.0,0.0,-19.941870720048165
694,1,0.0,0.0,-0.011917110328936857,0.0,0.0
694,2,0.0,0.0,0.0,0.0,-1.2505951132473891
694,3,0.0,0.0,0.0,0.0,-0.08875000000000002
694,4,0.0,0.0,0.0,0.0,0.0
695,0,0.0,-4.82376767485945e-07,0.0,0.0,-19.958700912477493
695,1,0.0,0.0,-0.011917110328936857,0.0,0.0
695,2,0.0,0.0,0.0,0.0,-1.2505951132473891
695,3,0.0,0.0,0.0,0.0,-0.08875000000000002
695,4,0.0,0.0,0.0,0.0,0.0
696,0,0.0,-4.82376767485945e-07,0.0,0.0,-19.975486017134138
696,1,0.0,0.0,-0.011917110328936857,0.0,0.0
696,2,0.0,0.0,0.0,0.0,-1.2505951132473891
696,3,0.0,0.0,0.0,0.0,-0.08875000000000002
696,4,0.0,0.0,0.0,0.0,0.0
697,0,0.0,-4.82376767485945e-07,0.0,0.0,-19.982466222717367
697,1,0.0,0.0,-0.011917110328936857,0.0,0.0
697,2,0.0,0.0,0.0,0.0,-1.2505951132473891
697,3,0.0,0.0,0.0,0.0,-0.08875000000000002
697,4,0.0,0.0,0.0,0.0,0.0
698,0,0.0,-4.82376767485945e-07,0.0,0.0,-19.99669379708713
698,1,0.0,0.0,-0.011917110328936857,0.0,0.0
698,2,0.0,0.0,0.0,0.0,-1.2505951132473891
698,3,0.0,0.0,0.0,0.0,-0.08875000000000002
698,4,0.0,0.0,0.0,0.0,0.0
699,0,0.0,-4.82376767485945e-07,0.0,0.0,-20.013384944838894
699,1,0.0,0.0,-0.011917110328936857,0.0,0.0
699,2,0.0,0.0,0.0,0.0,-1.2505951132473891
699,3,0.0,0.0,0.0,0.0,-0.08875000000000002
699,4,0.0,0.0,0.0,0.0,0.0
700,0,0.0,-4.82376767485945e-07,0.0,0.0,-20.018708844681438
700,1,0.0,0.0,-0.011917110328936857,0.0,0.0
700,2,0.0,0.0,0.0,0.0,-1.2505951132473891
700,3,0.0,0.0,0.0,0.0,-0.08875000000000002
700,4,0.0,0.0,0.0,0.0,0.0
701,0,0.0,-4.82376767485945e-07,0.0,0.0,-20.02784802488871
701,1,0.0,0.0,-0.011917110328936857,0.0,0.0
701,2,0.0,0.0,0.0,0.0,-1.2505951132473891
701,3,0.0,0.0,0.0,0.0,-0.08875000000000002
701,4,0.0,0.0,0.0,0.0,0.0
702,0,0.0,-4.82376767485945e-07,0.0,0.0,-20.033149257663908
702,1,0.0,0.0,-0.011917110328936857,0.0,0.0
702,2,0.0,0.0,0.0,0.0,-1.2505951132473891
702,3,0.0,0.0,0.0,0.0,-0.08875000000000002
702,4,0.0,0.0,0.0,0.0,0.0
703,0,0.0,-4.82376767485945e-07,0.0,0.0,-20.04726003731672
703,1,0.0,0.0,-0.011917110328936857,0.0,0.0
703,2,0.0,0.0,0.0,0.0,-1.2505951132473891
703,3,0.0,0.0,0.0,0.0,-0.08875000000000002
703,4,0.0,0.0,0.0,0.0,0.0
704,0,0.0,-4.82376767485945e-07,0.0,0.0,-20.052532052212108
704,1,0.0,0.0,-0.011917110328936857,0.0,0.0
704,2,0.0,0.0,0.0,0.0,-1.2505951132473891
704,3,0.0,0.0,0.0,0.0,-0.08875000000000002
704,4,0.0,0.0,0.0,0.0,0.0
705,0,0.0,-4.82376767485945e-07,0.0,0.0,-20.06659872758327
705,1,0.0,0.0,-0.011917110328936857,0.0,0.0
705,2,0.0,0.0,0.0,0.0,-1.2505951132473891
705,3,0.0,0.0,0.0,0.0,-0.08875000000000002
705,4,0.0,0.0,0.0,0.0,0.0
706,0,0.0,-4.82376767485945e-07,0.0,0.0,-20.071841726146733
706,1,0.0,0.0,-0.011917110328936857,0.0,0.0
706,2,0.0,0.0,0.0,0.0,-1.2505951132473891
706,3,0.0,0.0,0.0,0.0,-0.08875000000000002
706,4,0.0,0.0,0.0,0.0,0.0
707,0,0.0,-4.82376767485945e-07,0.0,0.0,-20.080865777005638
707,1,0.0,0.0,-0.011917110328936857,0.0,0.0
707,2,0.0,0.0,0.0,0.0,-1.2505951132473891
707,3,0.0,0.0,0.0,0.0,-0.08875000000000002
707,4,0.0,0.0,0.0,0.0,0.0
708,0,0.0,-4.82376767485945e-07,0.0,0.0,-20.086086561228026
708,1,0.0,0.0,-0.011917110328936857,0.0,0.0
708,2,0.0,0.0,0.0,0.0,-1.2505951132473891
708,3,0.0,0.0,0.0,0.0,-0.08875000000000002
708,4,0.0,0.0,0.0,0.0,0.0
709,0,0.0,-4.82376767485945e-07,0.0,0.0,-20.10008226356216
709,1,0.0,0.0,-0.011917110328936857,0.0,0.0
709,2,0.0,0.0,0.0,0.0,-1.2505951132473891
709,3,0.0,0.0,0.0,0.0,-0.08875000000000002
709,4,0.0,0.0,0.0,0.0,0.0
710,0,0.0,-4.82376767485945e-07,0.0,0.0,-20.105274366410395
710,1,0.0,0.0,-0.011917110328936857,0.0,0.0
710,2,0.0,0.0,0.0,0.0,-1.2505951132473891
710,3,0.0,0.0,0.0,0.0,-0.08875000000000002
710,4,0.0,0.0,0.0,0.0,0.0
711,0,0.0,-4.82376767485945e-07,0.0,0.0,-20.11045860241362
711,1,0.0,0.0,-0.011917110328936857,0.0,0.0
711,2,0.0,0.0,0.0,0.0,-1.2505951132473891
711,3,0.0,0.0,0.0,0.0,-0.08875000000000002
711,4,0.0,0.0,0.0,0.0,0.0
712,0,0.0,-4.82376767485945e-07,0.0,0.0,-20.12190288012729
712,1,0.0,0.0,-0.011917110328936857,0.0,0.0
712,2,0.0,0.0,0.0,0.0,-1.2505951132473891
712,3,0.0,0.0,0.0,0.0,-0.08875000000000002
712,4,0.0,0.0,0.0,0.0,0.0
713,0,0.0,-4.82376767485945e-07,0.0,0.0,-20.12706194952806
713,1,0.0,0.0,-0.011917110328936857,0.0,0.0
713,2,0.0,0.0,0.0,0.0,-1.2505951132473891
713,3,0.0,0.0,0.0,0.0,-0.08875000000000002
713,4,0.0,0.0,0.0,0.0,0.0
714,0,0.0,-4.82376767485945e-07,0.0,0.0,-20.132213222220198
714,1,0.0,0.0,-0.011917110328936857,0.0,0.0
714,2,0.0,0.0,0.0,0.0,-1.2505951132473891
714,3,0.0,0.0,0.0,0.0,-0.08875000000000002
714,4,0.0,0.0,0.0,0.0,0.0
715,0,0.0,-4.82376767485945e-07,0.0,0.0,-20.146114695485945
715,1,0.0,0.0,-0.011917110328936857,0.0,0.0
715,2,0.0,0.0,0.0,0.0,-1.2505951132473891
715,3,0.0,0.0,0.0,0.0,-0.08875000000000002
715,4,0.0,0.0,0.0,0.0,0.0
716,0,0.0,-4.82376767485945e-07,0.0,0.0,-20.157480682240305
716,1,0.0,0.0,-0.011917110328936857,0.0,0.0
716,2,0.0,0.0,0.0,0.0,-1.2505951132473891
716,3,0.0,0.0,0.0,0.0,-0.08875000000000002
716,4,0.0,0.0,0.0,0.0,0.0
717,0,0.0,-4.82376767485945e-07,0.0,0.0,-20.171319629370554
717,1,0.0,0.0,-0.011917110328936857,0.0,0.0
717,2,0.0,0.0,0.0,0.0,-1.2505951132473891
717,3,0.0,0.0,0.0,0.0,-0.08875000000000002
717,4,0.0,0.0,0.0,0.0,0.0
718,0,0.0,-4.82376767485945e-07,0.0,0.0,-20.18262328703911
718,1,0.0,0.0,-0.011917110328936857,0.0,0.0
718,2,0.0,0.0,0.0,0.0,-1.2505951132473891
718,3,0.0,0.0,0.0,0.0,-0.08875000000000002
718,4,0.0,0.0,0.0,0.0,0.0
719,0,0.0,-4.82376767485945e-07,0.0,0.0,-20.191402901489443
719,1,0.0,0.0,-0.011917110328936857,0.0,0.0
719,2,0.0,0.0,0.0,0.0,-1.2505951132473891
719,3,0.0,0.0,0.0,0.0,-0.08875000000000002
719,4,0.0,0.0,0.0,0.0,0.0
720,0,0.0,-4.82376767485945e-07,0.0,0.0,-20.202661273337785
720,1,0.0,0.0,-0.011917110328936857,0.0,0.0
720,2,0.0,0.0,0.0,0.0,-1.2505951132473891
720,3,0.0,0.0,0.0,0.0,-0.08875000000000002
720,4,0.0,0.0,0.0,0.0,0.0
721,0,0.0,-4.82376767485945e-07,0.0,0.0,-20.211396031178538
721,1,0.0,0.0,-0.011917110328936857,0.0,0.0
721,2,0.0,0.0,0.0,0.0,-1.2505951132473891
721,3,0.0,0.0,0.0,0.0,-0.08875000000000002
721,4,0.0,0.0,0.0,0.0,0.0
722,0,0.0,-4.82376767485945e-07,0.0,0.0,-20.222609380347926
722,1,0.0,0.0,-0.011917110328936857,0.0,0.0
722,2,0.0,0.0,0.0,0.0,-1.2505951132473891
722,3,0.0,0.0,0.0,0.0,-0.08875000000000002
722,4,0.0,0.0,0.0,0.0,0.0
723,0,0.0,-4.82376767485945e-07,0.0,0.0,-20.23879615039188
723,1,0.0,0.0,-0.011917110328936857,0.0,0.0
723,2,0.0,0.0,0.0,0.0,-1.2505951132473891
723,3,0.0,0.0,0.0,0.0,-0.08875000000000002
723,4,0.0,0.0,0.0,0.0,0.0
724,0,0.0,-4.82376767485945e-07,0.0,0.0,-20.249939757345043
724,1,0.0,0.0,-0.011917110328936857,0.0,0.0
724,2,0.0,0.0,0.0,0.0,-1.2505951132473891
724,3,0.0,0.0,0.0,0.0,-0.08875000000000002
724,4,0.0,0.0,0.0,0.0,0.0
725,0,0.0,-4.82376767485945e-07,0.0,0.0,-20.25640415701071
725,1,0.0,0.0,-0.011917110328936857,0.0,0.0
725,2,0.0,0.0,0.0,0.0,-1.2505951132473891
725,3,0.0,0.0,0.0,0.0,-0.08875000000000002
725,4,0.0,0.0,0.0,0.0,0.0
726,0,0.0,-4.82376767485945e-07,0.0,0.0,-20.26136275493664
726,1,0.0,0.0,-0.011917110328936857,0.0,0.0
726,2,0.0,0.0,0.0,0.0,-1.2505951132473891
726,3,0.0,0.0,0.0,0.0,-0.08875000000000002
726,4,0.0,0.0,0.0,0.0,0.0
727,0,0.0,-4.82376767485945e-07,0.0,0.0,-20.266313998070014
727,1,0.0,0.0,-0.011917110328936857,0.0,0.0
727,2,0.0,0.0,0.0,0.0,-1.2505951132473891
727,3,0.0,0.0,0.0,0.0,-0.08875000000000002
727,4,0.0,0.0,0.0,0.0,0.0
728,0,0.0,-4.82376767485945e-07,0.0,0.0,-20.277405410331887
728,1,0.0,0.0,-0.011917110328936857,0.0,0.0
728,2,0.0,0.0,0.0,0.0,-1.2505951132473891
728,3,0.0,0.0,0.0,0.0,-0.08875000000000002
728,4,0.0,0.0,0.0,0.0,0.0
729,0,0.0,-4.82376767485945e-07,0.0,0.0,-20.288470600325002
729,1,0.0,0.0,-0.011917110328936857,0.0,0.0
729,2,0.0,0.0,0.0,0.0,-1.2505951132473891
729,3,0.0,0.0,0.0,0.0,-0.08875000000000002
729,4,0.0,0.0,0.0,0.0,0.0
730,0,0.0,-4.82376767485945e-07,0.0,0.0,-20.29338191322504
730,1,0.0,0.0,-0.011917110328936857,0.0,0.0
730,2,0.0,0.0,0.0,0.0,-1.2505951132473891
730,3,0.0,0.0,0.0,0.0,-0.08875000000000002
730,4,0.0,0.0,0.0,0.0,0.0
731,0,0.0,-4.82376767485945e-07,0.0,0.0,-20.29977135621143
731,1,0.0,0.0,-0.011917110328936857,0.0,0.0
731,2,0.0,0.0,0.0,0.0,-1.2505951132473891
731,3,0.0,0.0,0.0,0.0,-0.08875000000000002
731,4,0.0,0.0,0.0,0.0,0.0
732,0,0.0,-4.82376767485945e-07,0.0,0.0,-20.30466538821254
732,1,0.0,0.0,-0.011917110328936857,0.0,0.0
732,2,0.0,0.0,0.0,0.0,-1.2505951132473891
732,3,0.0,0.0,0.0,0.0,-0.08875000000000002
732,4,0.0,0.0,0.0,0.0,0.0
733,0,0.0,-4.82376767485945e-07,0.0,0.0,-20.31817900181682
733,1,0.0,0.0,-0.011917110328936857,0.0,0.0
733,2,0.0,0.0,0.0,0.0,-1.2505951132473891
733,3,0.0,0.0,0.0,0.0,-0.08875000000000002
733,4,0.0,0.0,0.0,0.0,0.0
734,0,0.0,-4.82376767485945e-07,0.0,0.0,-20.331658271209943
734,1,0.0,0.0,-0.011917110328936857,0.0,0.0
734,2,0.0,0.0,0.0,0.0,-1.2505951132473891
734,3,0.0,0.0,0.0,0.0,-0.08875000000000002
734,4,0.0,0.0,0.0,0.0,0.0
735,0,0.0,-4.82376767485945e-07,0.0,0.0,-20.340109489458825
735,1,0.0,0.0,-0.011917110328936857,0.0,0.0
735,2,0.0,0.0,0.0,0.0,-1.2505951132473891
735,3,0.0,0.0,0.0,0.0,-0.08875000000000002
735,4,0.0,0.0,0.0,0.0,0.0
736,0,0.0,-4.82376767485945e-07,0.0,0.0,-20.3485433073306
736,1,0.0,0.0,-0.011917110328936857,0.0,0.0
736,2,0.0,0.0,0.0,0.0,-1.2505951132473891
736,3,0.0,0.0,0.0,0.0,-0.08875000000000002
736,4,0.0,0.0,0.0,0.0,0.0
737,0,0.0,-4.82376767485945e-07,0.0,0.0,-20.354832524679814
737,1,0.0,0.0,-0.011917110328936857,0.0,0.0
737,2,0.0,0.0,0.0,0.0,-1.2505951132473891
737,3,0.0,0.0,0.0,0.0,-0.08875000000000002
737,4,0.0,0.0,0.0,0.0,0.0
738,0,0.0,-4.82376767485945e-07,0.0,0.0,-20.370731826695334
738,1,0.0,0.0,-0.011917110328936857,0.0,0.0
738,2,0.0,0.0,0.0,0.0,-1.2505951132473891
738,3,0.0,0.0,0.0,0.0,-0.08875000000000002
738,4,0.0,0.0,0.0,0.0,0.0
739,0,0.0,-4.82376767485945e-07,0.0,0.0,-20.381588790851907
739,1,0.0,0.0,-0.011917110328936857,0.0,0.0
739,2,0.0,0.0,0.0,0.0,-1.2505951132473891
739,3,0.0,0.0,0.0,0.0,-0.08875000000000002
739,4,0.0,0.0,0.0,0.0,0.0
740,0,0.0,-4.82376767485945e-07,0.0,0.0,-20.3924202227477
740,1,0.0,0.0,-0.011917110328936857,0.0,0.0
740,2,0.0,0.0,0.0,0.0,-1.2505951132473891
740,3,0.0,0.0,0.0,0.0,-0.08875000000000002
740,4,0.0,0.0,0.0,0.0,0.0
741,0,0.0,-4.82376767485945e-07,0.0,0.0,-20.408226199906043
741,1,0.0,0.0,-0.011917110328936857,0.0,0.0
741,2,0.0,0.0,0.0,0.0,-1.2505951132473891
741,3,0.0,0.0,0.0,0.0,-0.08875000000000002
741,4,0.0,0.0,0.0,0.0,0.0
742,0,0.0,-4.82376767485945e-07,0.0,0.0,-20.416499492667374
742,1,0.0,0.0,-0.011917110328936857,0.0,0.0
742,2,0.0,0.0,0.0,0.0,-1.2505951132473891
742,3,0.0,0.0,0.0,0.0,-0.08875000000000002
742,4,0.0,0.0,0.0,0.0,0.0
743,0,0.0,-4.82376767485945e-07,0.0,0.0,-20.42122518463994
743,1,0.0,0.0,-0.011917110328936857,0.0,0.0
743,2,0.0,0.0,0.0,0.0,-1.2505951132473891
743,3,0.0,0.0,0.0,0.0,-0.08875000000000002
743,4,0.0,0.0,0.0,0.0,0.0
744,0,0.0,-4.82376767485945e-07,0.0,0.0,-20.436965387229847
744,1,0.0,0.0,-0.011917110328936857,0.0,0.0
744,2,0.0,0.0,0.0,0.0,-1.2505951132473891
744,3,0.0,0.0,0.0,0.0,-0.08875000000000002
744,4,0.0,0.0,0.0,0.0,0.0
745,0,0.0,-4.82376767485945e-07,0.0,0.0,-20.452663744340487
745,1,0.0,0.0,-0.011917110328936857,0.0,0.0
745,2,0.0,0.0,0.0,0.0,-1.2505951132473891
745,3,0.0,0.0,0.0,0.0,-0.08875000000000002
745,4,0.0,0.0,0.0,0.0,0.0
746,0,0.0,-4.82376767485945e-07,0.0,0.0,-20.4608324662294
746,1,0.0,0.0,-0.011917110328936857,0.0,0.0
746,2,0.0,0.0,0.0,0.0,-1.2505951132473891
746,3,0.0,0.0,0.0,0.0,-0.08875000000000002
746,4,0.0,0.0,0.0,0.0,0.0
747,0,0.0,-4.82376767485945e-07,0.0,0.0,-20.471472486911058
747,1,0.0,0.0,-0.011917110328936857,0.0,0.0
747,2,0.0,0.0,0.0,0.0,-1.2505951132473891
747,3,0.0,0.0,0.0,0.0,-0.08875000000000002
747,4,0.0,0.0,0.0,0.0,0.0
748,0,0.0,-4.82376767485945e-07,0.0,0.0,-20.479600387229766
748,1,0.0,0.0,-0.011917110328936857,0.0,0.0
748,2,0.0,0.0,0.0,0.0,-1.2505951132473891
748,3,0.0,0.0,0.0,0.0,-0.08875000000000002
748,4,0.0,0.0,0.0,0.0,0.0
749,0,0.0,-4.82376767485945e-07,0.0,0.0,-20.490199035355598
749,1,0.0,0.0,-0.011917110328936857,0.0,0.0
749,2,0.0,0.0,0.0,0.0,-1.2505951132473891
749,3,0.0,0.0,0.0,0.0,-0.08875000000000002
749,4,0.0,0.0,0.0,0.0,0.0
750,0,0.0,-4.82376767485945e-07,0.0,0.0,-20.50327294350559
750,1,0.0,0.0,-0.011917110328936857,0.0,0.0
750,2,0.0,0.0,0.0,0.0,-1.2505951132473891
750,3,0.0,0.0,0.0,0.0,-0.08875000000000002
750,4,0.0,0.0,0.0,0.0,0.0
751,0,0.0,-4.82376767485945e-07,0.0,0.0,-20.518813853883
751,1,0.0,0.0,-0.011917110328936857,0.0,0.0
751,2,0.0,0.0,0.0,0.0,-1.2505951132473891
751,3,0.0,0.0,0.0,0.0,-0.08875000000000002
751,4,0.0,0.0,0.0,0.0,0.0
752,0,0.0,-4.82376767485945e-07,0.0,0.0,-20.526829684636176
752,1,0.0,0.0,-0.011917110328936857,0.0,0.0
752,2,0.0,0.0,0.0,0.0,-1.2505951132473891
752,3,0.0,0.0,0.0,0.0,-0.08875000000000002
752,4,0.0,0.0,0.0,0.0,0.0
753,0,0.0,-4.82376767485945e-07,0.0,0.0,-20.53482947996905
753,1,0.0,0.0,-0.011917110328936857,0.0,0.0
753,2,0.0,0.0,0.0,0.0,-1.2505951132473891
753,3,0.0,0.0,0.0,0.0,-0.08875000000000002
753,4,0.0,0.0,0.0,0.0,0.0
754,0,0.0,-4.82376767485945e-07,0.0,0.0,-20.539388686054775
754,1,0.0,0.0,-0.011917110328936857,0.0,0.0
754,2,0.0,0.0,0.0,0.0,-1.2505951132473891
754,3,0.0,0.0,0.0,0.0,-0.08875000000000002
754,4,0.0,0.0,0.0,0.0,0.0
755,0,0.0,-4.82376767485945e-07,0.0,0.0,-20.554849679118124
755,1,0.0,0.0,-0.011917110328936857,0.0,0.0
755,2,0.0,0.0,0.0,0.0,-1.2505951132473891
755,3,0.0,0.0,0.0,0.0,-0.08875000000000002
755,4,0.0,0.0,0.0,0.0,0.0
756,0,0.0,-4.82376767485945e-07,0.0,0.0,-20.55938181999741
756,1,0.0,0.0,-0.011917110328936857,0.0,0.0
756,2,0.0,0.0,0.0,0.0,-1.2505951132473891
756,3,0.0,0.0,0.0,0.0,-0.08875000000000002
756,4,0.0,0.0,0.0,0.0,0.0
757,0,0.0,-4.82376767485945e-07,0.0,0.0,-20.574795486307657
757,1,0.0,0.0,-0.011917110328936857,0.0,0.0
757,2,0.0,0.0,0.0,0.0,-1.2505951132473891
757,3,0.0,0.0,0.0,0.0,-0.08875000000000002
757,4,0.0,0.0,0.0,0.0,0.0
758,0,0.0,-4.82376767485945e-07,0.0,0.0,-20.590168307837786
758,1,0.0,0.0,-0.011917110328936857,0.0,0.0
758,2,0.0,0.0,0.0,0.0,-1.2505951132473891
758,3,0.0,0.0,0.0,0.0,-0.08875000000000002
758,4,0.0,0.0,0.0,0.0,0.0
759,0,0.0,-4.82376767485945e-07,0.0,0.0,-20.594653261035347
759,1,0.0,0.0,-0.011917110328936857,0.0,0.0
759,2,0.0,0.0,0.0,0.0,-1.2505951132473891
759,3,0.0,0.0,0.0,0.0,-0.08875000000000002
759,4,0.0,0.0,0.0,0.0,0.0
760,0,0.0,-4.82376767485945e-07,0.0,0.0,-20.602501133709787
760,1,0.0,0.0,-0.011917110328936857,0.0,0.0
760,2,0.0,0.0,0.0,0.0,-1.2505951132473891
760,3,0.0,0.0,0.0,0.0,-0.08875000000000002
760,4,0.0,0.0,0.0,0.0,0.0
761,0,0.0,-4.82376767485945e-07,0.0,0.0,-20.608339030225306
761,1,0.0,0.0,-0.011917110328936857,0.0,0.0
761,2,0.0,0.0,0.0,0.0,-1.2505951132473891
761,3,0.0,0.0,0.0,0.0,-0.08875000000000002
761,4,0.0,0.0,0.0,0.0,0.0
762,0,0.0,-4.82376767485945e-07,0.0,0.0,-20.618639611084955
762,1,0.0,0.0,-0.011917110328936857,0.0,0.0
762,2,0.0,0.0,0.0,0.0,-1.2505951132473891
762,3,0.0,0.0,0.0,0.0,-0.08875000000000002
762,4,0.0,0.0,0.0,0.0,0.0
763,0,0.0,-4.82376767485945e-07,0.0,0.0,-20.624449978618188
763,1,0.0,0.0,-0.011917110328936857,0.0,0.0
763,2,0.0,0.0,0.0,0.0,-1.2505951132473891
763,3,0.0,0.0,0.0,0.0,-0.08875000000000002
763,4,0.0,0.0,0.0,0.0,0.0
764,0,0.0,-4.82376767485945e-07,0.0,0.0,-20.634717154640292
764,1,0.0,0.0,-0.011917110328936857,0.0,0.0
764,2,0.0,0.0,0.0,0.0,-1.2505951132473891
764,3,0.0,0.0,0.0,0.0,-0.08875000000000002
764,4,0.0,0.0,0.0,0.0,0.0
765,0,0.0,-4.82376767485945e-07,0.0,0.0,-20.649960585009623
765,1,0.0,0.0,-0.011917110328936857,0.0,0.0
765,2,0.0,0.0,0.0,0.0,-1.2505951132473891
765,3,0.0,0.0,0.0,0.0,-0.08875000000000002
765,4,0.0,0.0,0.0,0.0,0.0
766,0,0.0,-4.82376767485945e-07,0.0,0.0,-20.657689559873585
766,1,0.0,0.0,-0.011917110328936857,0.0,0.0
766,2,0.0,0.0,0.0,0.0,-1.2505951132473891
766,3,0.0,0.0,0.0,0.0,-0.08875000000000002
766,4,0.0,0.0,0.0,0.0,0.0
767,0,0.0,-4.82376767485945e-07,0.0,0.0,-20.672877317027837
767,1,0.0,0.0,-0.011917110328936857,0.0,0.0
767,2,0.0,0.0,0.0,0.0,-1.2505951132473891
767,3,0.0,0.0,0.0,0.0,-0.08875000000000002
767,4,0.0,0.0,0.0,0.0,0.0
768,0,0.0,-4.82376767485945e-07,0.0,0.0,-20.68302490817197
768,1,0.0,0.0,-0.011917110328936857,0.0,0.0
768,2,0.0,0.0,0.0,0.0,-1.2505951132473891
768,3,0.0,0.0,0.0,0.0,-0.08875000000000002
768,4,0.0,0.0,0.0,0.0,0.0
769,0,0.0,-4.82376767485945e-07,0.0,0.0,-20.693149131276478
769,1,0.0,0.0,-0.011917110328936857,0.0,0.0
769,2,0.0,0.0,0.0,0.0,-1.2505951132473891
769,3,0.0,0.0,0.0,0.0,-0.08875000000000002
769,4,0.0,0.0,0.0,0.0,0.0
770,0,0.0,-4.82376767485945e-07,0.0,0.0,-20.700780194175305
770,1,0.0,0.0,-0.011917110328936857,0.0,0.0
770,2,0.0,0.0,0.0,0.0,-1.2505951132473891
770,3,0.0,0.0,0.0,0.0,-0.08875000000000002
770,4,0.0,0.0,0.0,0.0,0.0
771,0,0.0,-4.82376767485945e-07,0.0,0.0,-20.71586607742978
771,1,0.0,0.0,-0.011917110328936857,0.0,0.0
771,2,0.0,0.0,0.0,0.0,-1.2505951132473891
771,3,0.0,0.0,0.0,0.0,-0.08875000000000002
771,4,0.0,0.0,0.0,0.0,0.0
772,0,0.0,-4.82376767485945e-07,0.0,0.0,-20.728412106093913
772,1,0.0,0.0,-0.011917110328936857,0.0,0.0
772,2,0.0,0.0,0.0,0.0,-1.2505951132473891
772,3,0.0,0.0,0.0,0.0,-0.08875000000000002
772,4,0.0,0.0,0.0,0.0,0.0
773,0,0.0,-4.82376767485945e-07,0.0,0.0,-20.732707346808624
773,1,0.0,0.0,-0.011917110328936857,0.0,0.0
773,2,0.0,0.0,0.0,0.0,-1.2505951132473891
773,3,0.0,0.0,0.0,0.0,-0.08875000000000002
773,4,0.0,0.0,0.0,0.0,0.0
774,0,0.0,-4.82376767485945e-07,0.0,0.0,-20.747716187393767
774,1,0.0,0.0,-0.011917110328936857,0.0,0.0
774,2,0.0,0.0,0.0,0.0,-1.2505951132473891
774,3,0.0,0.0,0.0,0.0,-0.08875000000000002
774,4,0.0,0.0,0.0,0.0,0.0
775,0,0.0,-4.82376767485945e-07,0.0,0.0,-20.75330770508331
775,1,0.0,0.0,-0.011917110328936857,0.0,0.0
775,2,0.0,0.0,0.0,0.0,-1.2505951132473891
775,3,0.0,0.0,0.0,0.0,-0.08875000000000002
775,4,0.0,0.0,0.0,0.0,0.0
776,0,0.0,-4.82376767485945e-07,0.0,0.0,-20.765767919917298
776,1,0.0,0.0,-0.011917110328936857,0.0,0.0
776,2,0.0,0.0,0.0,0.0,-1.2505951132473891
776,3,0.0,0.0,0.0,0.0,-0.08875000000000002
776,4,0.0,0.0,0.0,0.0,0.0
777,0,0.0,-4.82376767485945e-07,0.0,0.0,-20.780697003794874
777,1,0.0,0.0,-0.011917110328936857,0.0,0.0
777,2,0.0,0.0,0.0,0.0,-1.2505951132473891
777,3,0.0,0.0,0.0,0.0,-0.08875000000000002
777,4,0.0,0.0,0.0,0.0,0.0
778,0,0.0,-4.82376767485945e-07,0.0,0.0,-20.790586723355354
778,1,0.0,0.0,-0.011917110328936857,0.0,0.0
778,2,0.0,0.0,0.0,0.0,-1.2505951132473891
778,3,0.0,0.0,0.0,0.0,-0.08875000000000002
778,4,0.0,0.0,0.0,0.0,0.0
779,0,0.0,-4.82376767485945e-07,0.0,0.0,-20.800453873720677
779,1,0.0,0.0,-0.011917110328936857,0.0,0.0
779,2,0.0,0.0,0.0,0.0,-1.2505951132473891
779,3,0.0,0.0,0.0,0.0,-0.08875000000000002
779,4,0.0,0.0,0.0,0.0,0.0
780,0,0.0,-4.82376767485945e-07,0.0,0.0,-20.81279852197801
780,1,0.0,0.0,-0.011917110328936857,0.0,0.0
780,2,0.0,0.0,0.0,0.0,-1.2505951132473891
780,3,0.0,0.0,0.0,0.0,-0.08875000000000002
780,4,0.0,0.0,0.0,0.0,0.0
781,0,0.0,-4.82376767485945e-07,0.0,0.0,-20.827612402452008
781,1,0.0,0.0,-0.011917110328936857,0.0,0.0
781,2,0.0,0.0,0.0,0.0,-1.2505951132473891
781,3,0.0,0.0,0.0,0.0,-0.08875000000000002
781,4,0.0,0.0,0.0,0.0,0.0
782,0,0.0,-4.82376767485945e-07,0.0,0.0,-20.831777152145833
782,1,0.0,0.0,-0.011917110328936857,0.0,0.0
782,2,0.0,0.0,0.0,0.0,-1.2505951132473891
782,3,0.0,0.0,0.0,0.0,-0.08875000000000002
782,4,0.0,0.0,0.0,0.0,0.0
783,0,0.0,-4.82376767485945e-07,0.0,0.0,-20.837230867705628
783,1,0.0,0.0,-0.011917110328936857,0.0,0.0
783,2,0.0,0.0,0.0,0.0,-1.2505951132473891
783,3,0.0,0.0,0.0,0.0,-0.08875000000000002
783,4,0.0,0.0,0.0,0.0,0.0
784,0,0.0,-4.82376767485945e-07,0.0,0.0,-20.842675993786468
784,1,0.0,0.0,-0.011917110328936857,0.0,0.0
784,2,0.0,0.0,0.0,0.0,-1.2505951132473891
784,3,0.0,0.0,0.0,0.0,-0.08875000000000002
784,4,0.0,0.0,0.0,0.0,0.0
785,0,0.0,-4.82376767485945e-07,0.0,0.0,-20.857428051448178
785,1,0.0,0.0,-0.011917110328936857,0.0,0.0
785,2,0.0,0.0,0.0,0.0,-1.2505951132473891
785,3,0.0,0.0,0.0,0.0,-0.08875000000000002
785,4,0.0,0.0,0.0,0.0,0.0
786,0,0.0,-4.82376767485945e-07,0.0,0.0,-20.869641279602916
786,1,0.0,0.0,-0.011917110328936857,0.0,0.0
786,2,0.0,0.0,0.0,0.0,-1.2505951132473891
786,3,0.0,0.0,0.0,0.0,-0.08875000000000002
786,4,0.0,0.0,0.0,0.0,0.0
787,0,0.0,-4.82376767485945e-07,0.0,0.0,-20.875034115824075
787,1,0.0,0.0,-0.011917110328936857,0.0,0.0
787,2,0.0,0.0,0.0,0.0,-1.2505951132473891
787,3,0.0,0.0,0.0,0.0,-0.08875000000000002
787,4,0.0,0.0,0.0,0.0,0.0
788,0,0.0,-4.82376767485945e-07,0.0,0.0,-20.8822640191698
788,1,0.0,0.0,-0.011917110328936857,0.0,0.0
788,2,0.0,0.0,0.0,0.0,-1.2505951132473891
788,3,0.0,0.0,0.0,0.0,-0.08875000000000002
788,4,0.0,0.0,0.0,0.0,0.0
789,0,0.0,-4.82376767485945e-07,0.0,0.0,-20.894424499328192
789,1,0.0,0.0,-0.011917110328936857,0.0,0.0
789,2,0.0,0.0,0.0,0.0,-1.2505951132473891
789,3,0.0,0.0,0.0,0.0,-0.08875000000000002
789,4,0.0,0.0,0.0,0.0,0.0
790,0,0.0,-4.82376767485945e-07,0.0,0.0,-20.90161293749451
790,1,0.0,0.0,-0.011917110328936857,0.0,0.0
790,2,0.0,0.0,0.0,0.0,-1.2505951132473891
790,3,0.0,0.0,0.0,0.0,-0.08875000000000002
790,4,0.0,0.0,0.0,0.0,0.0
791,0,0.0,-4.82376767485945e-07,0.0,0.0,-20.90878782384735
791,1,0.0,0.0,-0.011917110328936857,0.0,0.0
791,2,0.0,0.0,0.0,0.0,-1.2505951132473891
791,3,0.0,0.0,0.0,0.0,-0.08875000000000002
791,4,0.0,0.0,0.0,0.0,0.0
792,0,0.0,-4.82376767485945e-07,0.0,0.0,-20.923390640622202
792,1,0.0,0.0,-0.011917110328936857,0.0,0.0
792,2,0.0,0.0,0.0,0.0,-1.2505951132473891
792,3,0.0,0.0,0.0,0.0,-0.08875000000000002
792,4,0.0,0.0,0.0,0.0,0.0
793,0,0.0,-4.82376767485945e-07,0.0,0.0,-20.937955069580475
793,1,0.0,0.0,-0.011917110328936857,0.0,0.0
793,2,0.0,0.0,0.0,0.0,-1.2505951132473891
793,3,0.0,0.0,0.0,0.0,-0.08875000000000002
793,4,0.0,0.0,0.0,0.0,0.0
794,0,0.0,-4.82376767485945e-07,0.0,0.0,-20.949981237393732
794,1,0.0,0.0,-0.011917110328936857,0.0,0.0
794,2,0.0,0.0,0.0,0.0,-1.2505951132473891
794,3,0.0,0.0,0.0,0.0,-0.08875000000000002
794,4,0.0,0.0,0.0,0.0,0.0
795,0,0.0,-4.82376767485945e-07,0.0,0.0,-20.961977602796704
795,1,0.0,0.0,-0.011917110328936857,0.0,0.0
795,2,0.0,0.0,0.0,0.0,-1.2505951132473891
795,3,0.0,0.0,0.0,0.0,-0.08875000000000002
795,4,0.0,0.0,0.0,0.0,0.0
796,0,0.0,-4.82376767485945e-07,0.0,0.0,-20.976444260280406
796,1,0.0,0.0,-0.011917110328936857,0.0,0.0
796,2,0.0,0.0,0.0,0.0,-1.2505951132473891
796,3,0.0,0.0,0.0,0.0,-0.08875000000000002
796,4,0.0,0.0,0.0,0.0,0.0
797,0,0.0,-4.82376767485945e-07,0.0,0.0,-20.99087297146295
797,1,0.0,0.0,-0.011917110328936857,0.0,0.0
797,2,0.0,0.0,0.0,0.0,-1.2505951132473891
797,3,0.0,0.0,0.0,0.0,-0.08875000000000002
797,4,0.0,0.0,0.0,0.0,0.0
798,0,0.0,-4.82376767485945e-07,0.0,0.0,-21.00526386139957
798,1,0.0,0.0,-0.011917110328936857,0.0,0.0
798,2,0.0,0.0,0.0,0.0,-1.2505951132473891
798,3,0.0,0.0,0.0,0.0,-0.08875000000000002
798,4,0.0,0.0,0.0,0.0,0.0
799,0,0.0,-4.82376767485945e-07,0.0,0.0,-21.01220161415708
799,1,0.0,0.0,-0.011917110328936857,0.0,0.0
799,2,0.0,0.0,0.0,0.0,-1.2505951132473891
799,3,0.0,0.0,0.0,0.0,-0.08875000000000002
799,4,0.0,0.0,0.0,0.0,0.0
800,0,0.0,-4.82376767485945e-07,0.0,0.0,-21.019126578027716
800,1,0.0,0.0,-0.011917110328936857,0.0,0.0
800,2,0.0,0.0,0.0,0.0,-1.2505951132473891
800,3,0.0,0.0,0.0,0.0,-0.08875000000000002
800,4,0.0,0.0,0.0,0.0,0.0
801,0,0.0,-4.82376767485945e-07,0.0,0.0,-21.02304169093232
801,1,0.0,0.0,-0.011917110328936857,0.0,0.0
801,2,0.0,0.0,0.0,0.0,-1.2505951132473891
801,3,0.0,0.0,0.0,0.0,-0.08875000000000002
801,4,0.0,0.0,0.0,0.0,0.0
802,0,0.0,-4.82376767485945e-07,0.0,0.0,-21.028190995056658
802,1,0.0,0.0,-0.011917110328936857,0.0,0.0
802,2,0.0,0.0,0.0,0.0,-1.2505951132473891
802,3,0.0,0.0,0.0,0.0,-0.08875000000000002
802,4,0.0,0.0,0.0,0.0,0.0
803,0,0.0,-4.82376767485945e-07,0.0,0.0,-21.04000539287678
803,1,0.0,0.0,-0.011917110328936857,0.0,0.0
803,2,0.0,0.0,0.0,0.0,-1.2505951132473891
803,3,0.0,0.0,0.0,0.0,-0.08875000000000002
803,4,0.0,0.0,0.0,0.0,0.0
804,0,0.0,-4.82376767485945e-07,0.0,0.0,-21.049290637356826
804,1,0.0,0.0,-0.011917110328936857,0.0,0.0
804,2,0.0,0.0,0.0,0.0,-1.2505951132473891
804,3,0.0,0.0,0.0,0.0,-0.08875000000000002
804,4,0.0,0.0,0.0,0.0,0.0
805,0,0.0,-4.82376767485945e-07,0.0,0.0,-21.05316620809283
805,1,0.0,0.0,-0.011917110328936857,0.0,0.0
805,2,0.0,0.0,0.0,0.0,-1.2505951132473891
805,3,0.0,0.0,0.0,0.0,-0.08875000000000002
805,4,0.0,0.0,0.0,0.0,0.0
806,0,0.0,-4.82376767485945e-07,0.0,0.0,-21.06492586775516
806,1,0.0,0.0,-0.011917110328936857,0.0,0.0
806,2,0.0,0.0,0.0,0.0,-1.2505951132473891
806,3,0.0,0.0,0.0,0.0,-0.08875000000000002
806,4,0.0,0.0,0.0,0.0,0.0
807,0,0.0,-4.82376767485945e-07,0.0,0.0,-21.07915653401686
807,1,0.0,0.0,-0.011917110328936857,0.0,0.0
807,2,0.0,0.0,0.0,0.0,-1.2505951132473891
807,3,0.0,0.0,0.0,0.0,-0.08875000000000002
807,4,0.0,0.0,0.0,0.0,0.0
808,0,0.0,-4.82376767485945e-07,0.0,0.0,-21.082994769142484
808,1,0.0,0.0,-0.011917110328936857,0.0,0.0
808,2,0.0,0.0,0.0,0.0,-1.2505951132473891
808,3,0.0,0.0,0.0,0.0,-0.08875000000000002
808,4,0.0,0.0,0.0,0.0,0.0
809,0,0.0,-4.82376767485945e-07,0.0,0.0,-21.097183428759468
809,1,0.0,0.0,-0.011917110328936857,0.0,0.0
809,2,0.0,0.0,0.0,0.0,-1.2505951132473891
809,3,0.0,0.0,0.0,0.0,-0.08875000000000002
809,4,0.0,0.0,0.0,0.0,0.0
810,0,0.0,-4.82376767485945e-07,0.0,0.0,-21.100999266025326
810,1,0.0,0.0,-0.011917110328936857,0.0,0.0
810,2,0.0,0.0,0.0,0.0,-1.2505951132473891
810,3,0.0,0.0,0.0,0.0,-0.08875000000000002
810,4,0.0,0.0,0.0,0.0,0.0
811,0,0.0,-4.82376767485945e-07,0.0,0.0,-21.107748183997042
811,1,0.0,0.0,-0.011917110328936857,0.0,0.0
811,2,0.0,0.0,0.0,0.0,-1.2505951132473891
811,3,0.0,0.0,0.0,0.0,-0.08875000000000002
811,4,0.0,0.0,0.0,0.0,0.0
812,0,0.0,-4.82376767485945e-07,0.0,0.0,-21.112769129722967
812,1,0.0,0.0,-0.011917110328936857,0.0,0.0
812,2,0.0,0.0,0.0,0.0,-1.2505951132473891
812,3,0.0,0.0,0.0,0.0,-0.08875000000000002
812,4,0.0,0.0,0.0,0.0,0.0
813,0,0.0,-4.82376767485945e-07,0.0,0.0,-21.121895865191597
813,1,0.0,0.0,-0.011917110328936857,0.0,0.0
813,2,0.0,0.0,0.0,0.0,-1.2505951132473891
813,3,0.0,0.0,0.0,0.0,-0.08875000000000002
813,4,0.0,0.0,0.0,0.0,0.0
814,0,0.0,-4.82376767485945e-07,0.0,0.0,-21.131002334887032
814,1,0.0,0.0,-0.011917110328936857,0.0,0.0
814,2,0.0,0.0,0.0,0.0,-1.2505951132473891
814,3,0.0,0.0,0.0,0.0,-0.08875000000000002
814,4,0.0,0.0,0.0,0.0,0.0
815,0,0.0,-4.82376767485945e-07,0.0,0.0,-21.1450885978455
815,1,0.0,0.0,-0.011917110328936857,0.0,0.0
815,2,0.0,0.0,0.0,0.0,-1.2505951132473891
815,3,0.0,0.0,0.0,0.0,-0.08875000000000002
815,4,0.0,0.0,0.0,0.0,0.0
816,0,0.0,-4.82376767485945e-07,0.0,0.0,-21.159138047838983
816,1,0.0,0.0,-0.011917110328936857,0.0,0.0
816,2,0.0,0.0,0.0,0.0,-1.2505951132473891
816,3,0.0,0.0,0.0,0.0,-0.08875000000000002
816,4,0.0,0.0,0.0,0.0,0.0
817,0,0.0,-4.82376767485945e-07,0.0,0.0,-21.165766874754137
817,1,0.0,0.0,-0.011917110328936857,0.0,0.0
817,2,0.0,0.0,0.0,0.0,-1.2505951132473891
817,3,0.0,0.0,0.0,0.0,-0.08875000000000002
817,4,0.0,0.0,0.0,0.0,0.0
818,0,0.0,-4.82376767485945e-07,0.0,0.0,-21.170699387071515
818,1,0.0,0.0,-0.011917110328936857,0.0,0.0
818,2,0.0,0.0,0.0,0.0,-1.2505951132473891
818,3,0.0,0.0,0.0,0.0,-0.08875000000000002
818,4,0.0,0.0,0.0,0.0,0.0
819,0,0.0,-4.82376767485945e-07,0.0,0.0,-21.175624523799144
819,1,0.0,0.0,-0.011917110328936857,0.0,0.0
819,2,0.0,0.0,0.0,0.0,-1.2505951132473891
819,3,0.0,0.0,0.0,0.0,-0.08875000000000002
819,4,0.0,0.0,0.0,0.0,0.0
820,0,0.0,-4.82376767485945e-07,0.0,0.0,-21.17933856193443
820,1,0.0,0.0,-0.011917110328936857,0.0,0.0
820,2,0.0,0.0,0.0,0.0,-1.2505951132473891
820,3,0.0,0.0,0.0,0.0,-0.08875000000000002
820,4,0.0,0.0,0.0,0.0,0.0
821,0,0.0,-4.82376767485945e-07,0.0,0.0,-21.185935958614476
821,1,0.0,0.0,-0.011917110328936857,0.0,0.0
821,2,0.0,0.0,0.0,0.0,-1.2505951132473891
821,3,0.0,0.0,0.0,0.0,-0.08875000000000002
821,4,0.0,0.0,0.0,0.0,0.0
822,0,0.0,-4.82376767485945e-07,0.0,0.0,-21.199905190634418
822,1,0.0,0.0,-0.011917110328936857,0.0,0.0
822,2,0.0,0.0,0.0,0.0,-1.2505951132473891
822,3,0.0,0.0,0.0,0.0,-0.08875000000000002
822,4,0.0,0.0,0.0,0.0,0.0
823,0,0.0,-4.82376767485945e-07,0.0,0.0,-21.2138379444275
823,1,0.0,0.0,-0.011917110328936857,0.0,0.0
823,2,0.0,0.0,0.0,0.0,-1.2505951132473891
823,3,0.0,0.0,0.0,0.0,-0.08875000000000002
823,4,0.0,0.0,0.0,0.0,0.0
824,0,0.0,-4.82376767485945e-07,0.0,0.0,-21.227734339991017
824,1,0.0,0.0,-0.011917110328936857,0.0,0.0
824,2,0.0,0.0,0.0,0.0,-1.2505951132473891
824,3,0.0,0.0,0.0,0.0,-0.08875000000000002
824,4,0.0,0.0,0.0,0.0,0.0
825,0,0.0,-7.184900560090773e-07,0.0,0.0,-21.227734339991017
825,1,0.0,0.0,-0.013925315035862331,0.0,0.0
825,2,0.0,0.0,0.0,0.0,-1.3326905240590834
825,3,0.0,0.0,0.0,0.0,-0.08875000000000002
825,4,0.0,0.0,0.0,0.0,0.0
826,0,0.0,-7.184900560090773e-07,0.0,0.0,-21.23659449687851
826,1,0.0,0.0,-0.013925315035862331,0.0,0.0
826,2,0.0,0.0,0.0,0.0,-1.3326905240590834
826,3,0.0,0.0,0.0,0.0,-0.08875000000000002
826,4,0.0,0.0,0.0,0.0,0.0
827,0,0.0,-7.184900560090773e-07,0.0,0.0,-21.24543519926624
827,1,0.0,0.0,-0.013925315035862331,0.0,0.0
827,2,0.0,0.0,0.0,0.0,-1.3326905240590834
827,3,0.0,0.0,0.0,0.0,-0.08875000000000002
827,4,0.0,0.0,0.0,0.0,0.0
828,0,0.0,-7.184900560090773e-07,0.0,0.0,-21.25675650333748
828,1,0.0,0.0,-0.013925315035862331,0.0,0.0
828,2,0.0,0.0,0.0,0.0,-1.3326905240590834
828,3,0.0,0.0,0.0,0.0,-0.08875000000000002
828,4,0.0,0.0,0.0,0.0,0.0
829,0,0.0,-7.184900560090773e-07,0.0,0.0,-21.270550132554575
829,1,0.0,0.0,-0.013925315035862331,0.0,0.0
829,2,0.0,0.0,0.0,0.0,-1.3326905240590834
829,3,0.0,0.0,0.0,0.0,-0.08875000000000002
829,4,0.0,0.0,0.0,0.0,0.0
830,0,0.0,-7.184900560090773e-07,0.0,0.0,-21.284307841435954
830,1,0.0,0.0,-0.013925315035862331,0.0,0.0
830,2,0.0,0.0,0.0,0.0,-1.3326905240590834
830,3,0.0,0.0,0.0,0.0,-0.08875000000000002
830,4,0.0,0.0,0.0,0.0,0.0
831,0,0.0,-7.184900560090773e-07,0.0,0.0,-21.287888239511492
831,1,0.0,0.0,-0.013925315035862331,0.0,0.0
831,2,0.0,0.0,0.0,0.0,-1.3326905240590834
831,3,0.0,0.0,0.0,0.0,-0.08875000000000002
831,4,0.0,0.0,0.0,0.0,0.0
832,0,0.0,-7.184900560090773e-07,0.0,0.0,-21.301605942388797
832,1,0.0,0.0,-0.013925315035862331,0.0,0.0
832,2,0.0,0.0,0.0,0.0,-1.3326905240590834
832,3,0.0,0.0,0.0,0.0,-0.08875000000000002
832,4,0.0,0.0,0.0,0.0,0.0
833,0,0.0,-7.184900560090773e-07,0.0,0.0,-21.305165386161445
833,1,0.0,0.0,-0.013925315035862331,0.0,0.0
833,2,0.0,0.0,0.0,0.0,-1.3326905240590834
833,3,0.0,0.0,0.0,0.0,-0.08875000000000002
833,4,0.0,0.0,0.0,0.0,0.0
834,0,0.0,-7.184900560090773e-07,0.0,0.0,-21.309894397527007
834,1,0.0,0.0,-0.013925315035862331,0.0,0.0
834,2,0.0,0.0,0.0,0.0,-1.3326905240590834
834,3,0.0,0.0,0.0,0.0,-0.08875000000000002
834,4,0.0,0.0,0.0,0.0,0.0
835,0,0.0,-7.184900560090773e-07,0.0,0.0,-21.323565313254342
835,1,0.0,0.0,-0.013925315035862331,0.0,0.0
835,2,0.0,0.0,0.0,0.0,-1.3326905240590834
835,3,0.0,0.0,0.0,0.0,-0.08875000000000002
835,4,0.0,0.0,0.0,0.0,0.0
836,0,0.0,-7.184900560090773e-07,0.0,0.0,-21.32709754590439
836,1,0.0,0.0,-0.013925315035862331,0.0,0.0
836,2,0.0,0.0,0.0,0.0,-1.3326905240590834
836,3,0.0,0.0,0.0,0.0,-0.08875000000000002
836,4,0.0,0.0,0.0,0.0,0.0
837,0,0.0,-7.184900560090773e-07,0.0,0.0,-21.335728816964615
837,1,0.0,0.0,-0.013925315035862331,0.0,0.0
837,2,0.0,0.0,0.0,0.0,-1.3326905240590834
837,3,0.0,0.0,0.0,0.0,-0.08875000000000002
837,4,0.0,0.0,0.0,0.0,0.0
838,0,0.0,-7.184900560090773e-07,0.0,0.0,-21.344341330971897
838,1,0.0,0.0,-0.013925315035862331,0.0,0.0
838,2,0.0,0.0,0.0,0.0,-1.3326905240590834
838,3,0.0,0.0,0.0,0.0,-0.08875000000000002
838,4,0.0,0.0,0.0,0.0,0.0
839,0,0.0,-7.184900560090773e-07,0.0,0.0,-21.35543514164638
839,1,0.0,0.0,-0.013925315035862331,0.0,0.0
839,2,0.0,0.0,0.0,0.0,-1.3326905240590834
839,3,0.0,0.0,0.0,0.0,-0.08875000000000002
839,4,0.0,0.0,0.0,0.0,0.0
840,0,0.0,-7.184900560090773e-07,0.0,0.0,-21.358927379877116
840,1,0.0,0.0,-0.013925315035862331,0.0,0.0
840,2,0.0,0.0,0.0,0.0,-1.3326905240590834
840,3,0.0,0.0,0.0,0.0,-0.08875000000000002
840,4,0.0,0.0,0.0,0.0,0.0
841,0,0.0,-7.184900560090773e-07,0.0,0.0,-21.365163673353518
841,1,0.0,0.0,-0.013925315035862331,0.0,0.0
841,2,0.0,0.0,0.0,0.0,-1.3326905240590834
841,3,0.0,0.0,0.0,0.0,-0.08875000000000002
841,4,0.0,0.0,0.0,0.0,0.0
842,0,0.0,-7.184900560090773e-07,0.0,0.0,-21.369805713886027
842,1,0.0,0.0,-0.013925315035862331,0.0,0.0
842,2,0.0,0.0,0.0,0.0,-1.3326905240590834
842,3,0.0,0.0,0.0,0.0,-0.08875000000000002
842,4,0.0,0.0,0.0,0.0,0.0
843,0,0.0,-7.184900560090773e-07,0.0,0.0,-21.373278944055617
843,1,0.0,0.0,-0.013925315035862331,0.0,0.0
843,2,0.0,0.0,0.0,0.0,-1.3326905240590834
843,3,0.0,0.0,0.0,0.0,-0.08875000000000002
843,4,0.0,0.0,0.0,0.0,0.0
844,0,0.0,-7.184900560090773e-07,0.0,0.0,-21.381819970794233
844,1,0.0,0.0,-0.013925315035862331,0.0,0.0
844,2,0.0,0.0,0.0,0.0,-1.3326905240590834
844,3,0.0,0.0,0.0,0.0,-0.08875000000000002
844,4,0.0,0.0,0.0,0.0,0.0
845,0,0.0,-7.184900560090773e-07,0.0,0.0,-21.38801787935623
845,1,0.0,0.0,-0.013925315035862331,0.0,0.0
845,2,0.0,0.0,0.0,0.0,-1.3326905240590834
845,3,0.0,0.0,0.0,0.0,-0.08875000000000002
845,4,0.0,0.0,0.0,0.0,0.0
846,0,0.0,-7.184900560090773e-07,0.0,0.0,-21.401529430193605
846,1,0.0,0.0,-0.013925315035862331,0.0,0.0
846,2,0.0,0.0,0.0,0.0,-1.3326905240590834
846,3,0.0,0.0,0.0,0.0,-0.08875000000000002
846,4,0.0,0.0,0.0,0.0,0.0
847,0,0.0,-7.184900560090773e-07,0.0,0.0,-21.404963239561063
847,1,0.0,0.0,-0.013925315035862331,0.0,0.0
847,2,0.0,0.0,0.0,0.0,-1.3326905240590834
847,3,0.0,0.0,0.0,0.0,-0.08875000000000002
847,4,0.0,0.0,0.0,0.0,0.0
848,0,0.0,-7.184900560090773e-07,0.0,0.0,-21.415935788809417
848,1,0.0,0.0,-0.013925315035862331,0.0,0.0
848,2,0.0,0.0,0.0,0.0,-1.3326905240590834
848,3,0.0,0.0,0.0,0.0,-0.08875000000000002
848,4,0.0,0.0,0.0,0.0,0.0
849,0,0.0,-7.184900560090773e-07,0.0,0.0,-21.420505366846733
849,1,0.0,0.0,-0.013925315035862331,0.0,0.0
849,2,0.0,0.0,0.0,0.0,-1.3326905240590834
849,3,0.0,0.0,0.0,0.0,-0.08875000000000002
849,4,0.0,0.0,0.0,0.0,0.0
850,0,0.0,-7.184900560090773e-07,0.0,0.0,-21.42391545602975
850,1,0.0,0.0,-0.013925315035862331,0.0,0.0
850,2,0.0,0.0,0.0,0.0,-1.3326905240590834
850,3,0.0,0.0,0.0,0.0,-0.08875000000000002
850,4,0.0,0.0,0.0,0.0,0.0
851,0,0.0,-7.184900560090773e-07,0.0,0.0,-21.42847406070286
851,1,0.0,0.0,-0.013925315035862331,0.0,0.0
851,2,0.0,0.0,0.0,0.0,-1.3326905240590834
851,3,0.0,0.0,0.0,0.0,-0.08875000000000002
851,4,0.0,0.0,0.0,0.0,0.0
852,0,0.0,-7.184900560090773e-07,0.0,0.0,-21.436902927015463
852,1,0.0,0.0,-0.013925315035862331,0.0,0.0
852,2,0.0,0.0,0.0,0.0,-1.3326905240590834
852,3,0.0,0.0,0.0,0.0,-0.08875000000000002
852,4,0.0,0.0,0.0,0.0,0.0
853,0,0.0,-7.184900560090773e-07,0.0,0.0,-21.440292018395372
853,1,0.0,0.0,-0.013925315035862331,0.0,0.0
853,2,0.0,0.0,0.0,0.0,-1.3326905240590834
853,3,0.0,0.0,0.0,0.0,-0.08875000000000002
853,4,0.0,0.0,0.0,0.0,0.0
854,0,0.0,-7.184900560090773e-07,0.0,0.0,-21.444827268631382
854,1,0.0,0.0,-0.013925315035862331,0.0,0.0
854,2,0.0,0.0,0.0,0.0,-1.3326905240590834
854,3,0.0,0.0,0.0,0.0,-0.08875000000000002
854,4,0.0,0.0,0.0,0.0,0.0
855,0,0.0,-7.184900560090773e-07,0.0,0.0,-21.458227583816672
855,1,0.0,0.0,-0.013925315035862331,0.0,0.0
855,2,0.0,0.0,0.0,0.0,-1.3326905240590834
855,3,0.0,0.0,0.0,0.0,-0.08875000000000002
855,4,0.0,0.0,0.0,0.0,0.0
856,0,0.0,-1.0408030454718604e-06,0.0,0.0,-21.458227583816672
856,1,0.0,0.0,-0.016122540991543498,0.0,0.0
856,2,0.0,0.0,0.0,0.0,-1.407014010099899
856,3,0.0,0.0,0.0,0.0,-0.08875000000000002
856,4,0.0,0.0,0.0,0.0,0.0
857,0,0.0,-1.0408030454718604e-06,0.0,0.0,-21.46428847381375
857,1,0.0,0.0,-0.016122540991543498,0.0,0.0
857,2,0.0,0.0,0.0,0.0,-1.407014010099899
857,3,0.0,0.0,0.0,0.0,-0.08875000000000002
857,4,0.0,0.0,0.0,0.0,0.0
858,0,0.0,-1.0408030454718604e-06,0.0,0.0,-21.470338919097056
858,1,0.0,0.0,-0.016122540991543498,0.0,0.0
858,2,0.0,0.0,0.0,0.0,-1.407014010099899
858,3,0.0,0.0,0.0,0.0,-0.08875000000000002
858,4,0.0,0.0,0.0,0.0,0.0
859,0,0.0,-1.0408030454718604e-06,0.0,0.0,-21.483683233360086
859,1,0.0,0.0,-0.016122540991543498,0.0,0.0
859,2,0.0,0.0,0.0,0.0,-1.407014010099899
859,3,0.0,0.0,0.0,0.0,-0.08875000000000002
859,4,0.0,0.0,0.0,0.0,0.0
860,0,0.0,-1.0408030454718604e-06,0.0,0.0,-21.487014740164582
860,1,0.0,0.0,-0.016122540991543498,0.0,0.0
860,2,0.0,0.0,0.0,0.0,-1.407014010099899
860,3,0.0,0.0,0.0,0.0,-0.08875000000000002
860,4,0.0,0.0,0.0,0.0,0.0
861,0,0.0,-1.0408030454718604e-06,0.0,0.0,-21.49034207735751
861,1,0.0,0.0,-0.016122540991543498,0.0,0.0
861,2,0.0,0.0,0.0,0.0,-1.407014010099899
861,3,0.0,0.0,0.0,0.0,-0.08875000000000002
861,4,0.0,0.0,0.0,0.0,0.0
862,0,0.0,-1.0408030454718604e-06,0.0,0.0,-21.498644380981396
862,1,0.0,0.0,-0.016122540991543498,0.0,0.0
862,2,0.0,0.0,0.0,0.0,-1.407014010099899
862,3,0.0,0.0,0.0,0.0,-0.08875000000000002
862,4,0.0,0.0,0.0,0.0,0.0
863,0,0.0,-1.0408030454718604e-06,0.0,0.0,-21.504633438178253
863,1,0.0,0.0,-0.016122540991543498,0.0,0.0
863,2,0.0,0.0,0.0,0.0,-1.407014010099899
863,3,0.0,0.0,0.0,0.0,-0.08875000000000002
863,4,0.0,0.0,0.0,0.0,0.0
864,0,0.0,-1.0408030454718604e-06,0.0,0.0,-21.515407456931808
864,1,0.0,0.0,-0.016122540991543498,0.0,0.0
864,2,0.0,0.0,0.0,0.0,-1.407014010099899
864,3,0.0,0.0,0.0,0.0,-0.08875000000000002
864,4,0.0,0.0,0.0,0.0,0.0
865,0,0.0,-1.0408030454718604e-06,0.0,0.0,-21.521364902540963
865,1,0.0,0.0,-0.016122540991543498,0.0,0.0
865,2,0.0,0.0,0.0,0.0,-1.407014010099899
865,3,0.0,0.0,0.0,0.0,-0.08875000000000002
865,4,0.0,0.0,0.0,0.0,0.0
866,0,0.0,-1.0408030454718604e-06,0.0,0.0,-21.5346024615439
866,1,0.0,0.0,-0.016122540991543498,0.0,0.0
866,2,0.0,0.0,0.0,0.0,-1.407014010099899
866,3,0.0,0.0,0.0,0.0,-0.08875000000000002
866,4,0.0,0.0,0.0,0.0,0.0
867,0,0.0,-1.0408030454718604e-06,0.0,0.0,-21.53787126138998
867,1,0.0,0.0,-0.016122540991543498,0.0,0.0
867,2,0.0,0.0,0.0,0.0,-1.407014010099899
867,3,0.0,0.0,0.0,0.0,-0.08875000000000002
867,4,0.0,0.0,0.0,0.0,0.0
868,0,0.0,-1.0408030454718604e-06,0.0,0.0,-21.541136000552996
868,1,0.0,0.0,-0.016122540991543498,0.0,0.0
868,2,0.0,0.0,0.0,0.0,-1.407014010099899
868,3,0.0,0.0,0.0,0.0,-0.08875000000000002
868,4,0.0,0.0,0.0,0.0,0.0
869,0,0.0,-1.0408030454718604e-06,0.0,0.0,-21.54933211195619
869,1,0.0,0.0,-0.016122540991543498,0.0,0.0
869,2,0.0,0.0,0.0,0.0,-1.407014010099899
869,3,0.0,0.0,0.0,0.0,-0.08875000000000002
869,4,0.0,0.0,0.0,0.0,0.0
870,0,0.0,-1.0408030454718604e-06,0.0,0.0,-21.55371362501891
870,1,0.0,0.0,-0.016122540991543498,0.0,0.0
870,2,0.0,0.0,0.0,0.0,-1.407014010099899
870,3,0.0,0.0,0.0,0.0,-0.08875000000000002
870,4,0.0,0.0,0.0,0.0,0.0
871,0,0.0,-1.0408030454718604e-06,0.0,0.0,-21.564385983512313
871,1,0.0,0.0,-0.016122540991543498,0.0,0.0
871,2,0.0,0.0,0.0,0.0,-1.407014010099899
871,3,0.0,0.0,0.0,0.0,-0.08875000000000002
871,4,0.0,0.0,0.0,0.0,0.0
872,0,0.0,-1.0408030454718604e-06,0.0,0.0,-21.570256282470574
872,1,0.0,0.0,-0.016122540991543498,0.0,0.0
872,2,0.0,0.0,0.0,0.0,-1.407014010099899
872,3,0.0,0.0,0.0,0.0,-0.08875000000000002
872,4,0.0,0.0,0.0,0.0,0.0
873,0,0.0,-1.0408030454718604e-06,0.0,0.0,-21.573480673918795
873,1,0.0,0.0,-0.016122540991543498,0.0,0.0
873,2,0.0,0.0,0.0,0.0,-1.407014010099899
873,3,0.0,0.0,0.0,0.0,-0.08875000000000002
873,4,0.0,0.0,0.0,0.0,0.0
874,0,0.0,-1.0408030454718604e-06,0.0,0.0,-21.584113608971187
874,1,0.0,0.0,-0.016122540991543498,0.0,0.0
874,2,0.0,0.0,0.0,0.0,-1.407014010099899
874,3,0.0,0.0,0.0,0.0,-0.08875000000000002
874,4,0.0,0.0,0.0,0.0,0.0
875,0,0.0,-1.0408030454718604e-06,0.0,0.0,-21.592220831743184
875,1,0.0,0.0,-0.016122540991543498,0.0,0.0
875,2,0.0,0.0,0.0,0.0,-1.407014010099899
875,3,0.0,0.0,0.0,0.0,-0.08875000000000002
875,4,0.0,0.0,0.0,0.0,0.0
876,0,0.0,-1.0408030454718604e-06,0.0,0.0,-21.60031075306809
876,1,0.0,0.0,-0.016122540991543498,0.0,0.0
876,2,0.0,0.0,0.0,0.0,-1.407014010099899
876,3,0.0,0.0,0.0,0.0,-0.08875000000000002
876,4,0.0,0.0,0.0,0.0,0.0
877,0,0.0,-1.0408030454718604e-06,0.0,0.0,-21.610883411877815
877,1,0.0,0.0,-0.016122540991543498,0.0,0.0
877,2,0.0,0.0,0.0,0.0,-1.407014010099899
877,3,0.0,0.0,0.0,0.0,-0.08875000000000002
877,4,0.0,0.0,0.0,0.0,0.0
878,0,0.0,-1.0408030454718604e-06,0.0,0.0,-21.621430531805377
878,1,0.0,0.0,-0.016122540991543498,0.0,0.0
878,2,0.0,0.0,0.0,0.0,-1.407014010099899
878,3,0.0,0.0,0.0,0.0,-0.08875000000000002
878,4,0.0,0.0,0.0,0.0,0.0
879,0,0.0,-1.0408030454718604e-06,0.0,0.0,-21.62719527443948
879,1,0.0,0.0,-0.016122540991543498,0.0,0.0
879,2,0.0,0.0,0.0,0.0,-1.407014010099899
879,3,0.0,0.0,0.0,0.0,-0.08875000000000002
879,4,0.0,0.0,0.0,0.0,0.0
880,0,0.0,-1.0408030454718604e-06,0.0,0.0,-21.640207082901988
880,1,0.0,0.0,-0.016122540991543498,0.0,0.0
880,2,0.0,0.0,0.0,0.0,-1.407014010099899
880,3,0.0,0.0,0.0,0.0,-0.08875000000000002
880,4,0.0,0.0,0.0,0.0,0.0
881,0,0.0,-1.0408030454718604e-06,0.0,0.0,-21.645936588356776
881,1,0.0,0.0,-0.016122540991543498,0.0,0.0
881,2,0.0,0.0,0.0,0.0,-1.407014010099899
881,3,0.0,0.0,0.0,0.0,-0.08875000000000002
881,4,0.0,0.0,0.0,0.0,0.0
882,0,0.0,-1.0408030454718604e-06,0.0,0.0,-21.650183057495553
882,1,0.0,0.0,-0.016122540991543498,0.0,0.0
882,2,0.0,0.0,0.0,0.0,-1.407014010099899
882,3,0.0,0.0,0.0,0.0,-0.08875000000000002
882,4,0.0,0.0,0.0,0.0,0.0
883,0,0.0,-1.0408030454718604e-06,0.0,0.0,-21.65331040113369
883,1,0.0,0.0,-0.016122540991543498,0.0,0.0
883,2,0.0,0.0,0.0,0.0,-1.407014010099899
883,3,0.0,0.0,0.0,0.0,-0.08875000000000002
883,4,0.0,0.0,0.0,0.0,0.0
884,0,0.0,-1.0408030454718604e-06,0.0,0.0,-21.663769595883387
884,1,0.0,0.0,-0.016122540991543498,0.0,0.0
884,2,0.0,0.0,0.0,0.0,-1.407014010099899
884,3,0.0,0.0,0.0,0.0,-0.08875000000000002
884,4,0.0,0.0,0.0,0.0,0.0
885,0,0.0,-1.0408030454718604e-06,0.0,0.0,-21.676703579117284
885,1,0.0,0.0,-0.016122540991543498,0.0,0.0
885,2,0.0,0.0,0.0,0.0,-1.407014010099899
885,3,0.0,0.0,0.0,0.0,-0.08875000000000002
885,4,0.0,0.0,0.0,0.0,0.0
886,0,0.0,-1.0408030454718604e-06,0.0,0.0,-21.679799890222192
886,1,0.0,0.0,-0.016122540991543498,0.0,0.0
886,2,0.0,0.0,0.0,0.0,-1.407014010099899
886,3,0.0,0.0,0.0,0.0,-0.08875000000000002
886,4,0.0,0.0,0.0,0.0,0.0
887,0,0.0,-1.0408030454718604e-06,0.0,0.0,-21.685461667175886
887,1,0.0,0.0,-0.016122540991543498,0.0,0.0
887,2,0.0,0.0,0.0,0.0,-1.407014010099899
887,3,0.0,0.0,0.0,0.0,-0.08875000000000002
887,4,0.0,0.0,0.0,0.0,0.0
888,0,0.0,-1.0408030454718604e-06,0.0,0.0,-21.6933495788962
888,1,0.0,0.0,-0.016122540991543498,0.0,0.0
888,2,0.0,0.0,0.0,0.0,-1.407014010099899
888,3,0.0,0.0,0.0,0.0,-0.08875000000000002
888,4,0.0,0.0,0.0,0.0,0.0
889,0,0.0,-1.0408030454718604e-06,0.0,0.0,-21.69642512025577
889,1,0.0,0.0,-0.016122540991543498,0.0,0.0
889,2,0.0,0.0,0.0,0.0,-1.407014010099899
889,3,0.0,0.0,0.0,0.0,-0.08875000000000002
889,4,0.0,0.0,0.0,0.0,0.0
890,0,0.0,-1.0408030454718604e-06,0.0,0.0,-21.70429322224289
890,1,0.0,0.0,-0.016122540991543498,0.0,0.0
890,2,0.0,0.0,0.0,0.0,-1.407014010099899
890,3,0.0,0.0,0.0,0.0,-0.08875000000000002
890,4,0.0,0.0,0.0,0.0,0.0
891,0,0.0,-1.0408030454718604e-06,0.0,0.0,-21.709913235642208
891,1,0.0,0.0,-0.016122540991543498,0.0,0.0
891,2,0.0,0.0,0.0,0.0,-1.407014010099899
891,3,0.0,0.0,0.0,0.0,-0.08875000000000002
891,4,0.0,0.0,0.0,0.0,0.0
892,0,0.0,-1.0408030454718604e-06,0.0,0.0,-21.717755240969748
892,1,0.0,0.0,-0.016122540991543498,0.0,0.0
892,2,0.0,0.0,0.0,0.0,-1.407014010099899
892,3,0.0,0.0,0.0,0.0,-0.08875000000000002
892,4,0.0,0.0,0.0,0.0,0.0
893,0,0.0,-1.0408030454718604e-06,0.0,0.0,-21.72558071015888
893,1,0.0,0.0,-0.016122540991543498,0.0,0.0
893,2,0.0,0.0,0.0,0.0,-1.407014010099899
893,3,0.0,0.0,0.0,0.0,-0.08875000000000002
893,4,0.0,0.0,0.0,0.0,0.0
894,0,0.0,-1.4727422421306314e-06,0.0,0.0,-21.72558071015888
894,1,0.0,0.0,-0.018490791229530498,0.0,0.0
894,2,0.0,0.0,0.0,0.0,-1.4785915847836653
894,3,0.0,0.0,0.0,0.0,-0.08875000000000002
894,4,0.0,0.0,0.0,0.0,0.0
895,0,0.0,-1.4727422421306314e-06,0.0,0.0,-21.731162792641243
895,1,0.0,0.0,-0.018490791229530498,0.0,0.0
895,2,0.0,0.0,0.0,0.0,-1.4785915847836653
895,3,0.0,0.0,0.0,0.0,-0.08875000000000002
895,4,0.0,0.0,0.0,0.0,0.0
896,0,0.0,-1.4727422421306314e-06,0.0,0.0,-21.73673562987058
896,1,0.0,0.0,-0.018490791229530498,0.0,0.0
896,2,0.0,0.0,0.0,0.0,-1.4785915847836653
896,3,0.0,0.0,0.0,0.0,-0.08875000000000002
896,4,0.0,0.0,0.0,0.0,0.0
897,0,0.0,-1.4727422421306314e-06,0.0,0.0,-21.742299242211303
897,1,0.0,0.0,-0.018490791229530498,0.0,0.0
897,2,0.0,0.0,0.0,0.0,-1.4785915847836653
897,3,0.0,0.0,0.0,0.0,-0.08875000000000002
897,4,0.0,0.0,0.0,0.0,0.0
898,0,0.0,-1.4727422421306314e-06,0.0,0.0,-21.752579850167198
898,1,0.0,0.0,-0.018490791229530498,0.0,0.0
898,2,0.0,0.0,0.0,0.0,-1.4785915847836653
898,3,0.0,0.0,0.0,0.0,-0.08875000000000002
898,4,0.0,0.0,0.0,0.0,0.0
899,0,0.0,-1.4727422421306314e-06,0.0,0.0,-21.760336019173273
899,1,0.0,0.0,-0.018490791229530498,0.0,0.0
899,2,0.0,0.0,0.0,0.0,-1.4785915847836653
899,3,0.0,0.0,0.0,0.0,-0.08875000000000002
899,4,0.0,0.0,0.0,0.0,0.0
900,0,0.0,-1.4727422421306314e-06,0.0,0.0,-21.763328878456164
900,1,0.0,0.0,-0.018490791229530498,0.0,0.0
900,2,0.0,0.0,0.0,0.0,-1.4785915847836653
900,3,0.0,0.0,0.0,0.0,-0.08875000000000002
900,4,0.0,0.0,0.0,0.0,0.0
901,0,0.0,-1.4727422421306314e-06,0.0,0.0,-21.767413143475117
901,1,0.0,0.0,-0.018490791229530498,0.0,0.0
901,2,0.0,0.0,0.0,0.0,-1.4785915847836653
901,3,0.0,0.0,0.0,0.0,-0.08875000000000002
901,4,0.0,0.0,0.0,0.0,0.0
902,0,0.0,-1.4727422421306314e-06,0.0,0.0,-21.77039725944577
902,1,0.0,0.0,-0.018490791229530498,0.0,0.0
902,2,0.0,0.0,0.0,0.0,-1.4785915847836653
902,3,0.0,0.0,0.0,0.0,-0.08875000000000002
902,4,0.0,0.0,0.0,0.0,0.0
903,0,0.0,-1.4727422421306314e-06,0.0,0.0,-21.774472246025834
903,1,0.0,0.0,-0.018490791229530498,0.0,0.0
903,2,0.0,0.0,0.0,0.0,-1.4785915847836653
903,3,0.0,0.0,0.0,0.0,-0.08875000000000002
903,4,0.0,0.0,0.0,0.0,0.0
904,0,0.0,-1.4727422421306314e-06,0.0,0.0,-21.787194735162718
904,1,0.0,0.0,-0.018490791229530498,0.0,0.0
904,2,0.0,0.0,0.0,0.0,-1.4785915847836653
904,3,0.0,0.0,0.0,0.0,-0.08875000000000002
904,4,0.0,0.0,0.0,0.0,0.0
905,0,0.0,-1.4727422421306314e-06,0.0,0.0,-21.79124784260613
905,1,0.0,0.0,-0.018490791229530498,0.0,0.0
905,2,0.0,0.0,0.0,0.0,-1.4785915847836653
905,3,0.0,0.0,0.0,0.0,-0.08875000000000002
905,4,0.0,0.0,0.0,0.0,0.0
906,0,0.0,-1.4727422421306314e-06,0.0,0.0,-21.794203731953253
906,1,0.0,0.0,-0.018490791229530498,0.0,0.0
906,2,0.0,0.0,0.0,0.0,-1.4785915847836653
906,3,0.0,0.0,0.0,0.0,-0.08875000000000002
906,4,0.0,0.0,0.0,0.0,0.0
907,0,0.0,-1.4727422421306314e-06,0.0,0.0,-21.79715609243407
907,1,0.0,0.0,-0.018490791229530498,0.0,0.0
907,2,0.0,0.0,0.0,0.0,-1.4785915847836653
907,3,0.0,0.0,0.0,0.0,-0.08875000000000002
907,4,0.0,0.0,0.0,0.0,0.0
908,0,0.0,-1.4727422421306314e-06,0.0,0.0,-21.80483475539737
908,1,0.0,0.0,-0.018490791229530498,0.0,0.0
908,2,0.0,0.0,0.0,0.0,-1.4785915847836653
908,3,0.0,0.0,0.0,0.0,-0.08875000000000002
908,4,0.0,0.0,0.0,0.0,0.0
909,0,0.0,-1.4727422421306314e-06,0.0,0.0,-21.810287764438016
909,1,0.0,0.0,-0.018490791229530498,0.0,0.0
909,2,0.0,0.0,0.0,0.0,-1.4785915847836653
909,3,0.0,0.0,0.0,0.0,-0.08875000000000002
909,4,0.0,0.0,0.0,0.0,0.0
910,0,0.0,-1.4727422421306314e-06,0.0,0.0,-21.82044077890532
910,1,0.0,0.0,-0.018490791229530498,0.0,0.0
910,2,0.0,0.0,0.0,0.0,-1.4785915847836653
910,3,0.0,0.0,0.0,0.0,-0.08875000000000002
910,4,0.0,0.0,0.0,0.0,0.0
911,0,0.0,-1.4727422421306314e-06,0.0,0.0,-21.82586600198813
911,1,0.0,0.0,-0.018490791229530498,0.0,0.0
911,2,0.0,0.0,0.0,0.0,-1.4785915847836653
911,3,0.0,0.0,0.0,0.0,-0.08875000000000002
911,4,0.0,0.0,0.0,0.0,0.0
912,0,0.0,-1.4727422421306314e-06,0.0,0.0,-21.829866538923955
912,1,0.0,0.0,-0.018490791229530498,0.0,0.0
912,2,0.0,0.0,0.0,0.0,-1.4785915847836653
912,3,0.0,0.0,0.0,0.0,-0.08875000000000002
912,4,0.0,0.0,0.0,0.0,0.0
913,0,0.0,-1.4727422421306314e-06,0.0,0.0,-21.839980732737082
913,1,0.0,0.0,-0.018490791229530498,0.0,0.0
913,2,0.0,0.0,0.0,0.0,-1.4785915847836653
913,3,0.0,0.0,0.0,0.0,-0.08875000000000002
913,4,0.0,0.0,0.0,0.0,0.0
914,0,0.0,-1.4727422421306314e-06,0.0,0.0,-21.845372916388367
914,1,0.0,0.0,-0.018490791229530498,0.0,0.0
914,2,0.0,0.0,0.0,0.0,-1.4785915847836653
914,3,0.0,0.0,0.0,0.0,-0.08875000000000002
914,4,0.0,0.0,0.0,0.0,0.0
915,0,0.0,-1.4727422421306314e-06,0.0,0.0,-21.850756295737362
915,1,0.0,0.0,-0.018490791229530498,0.0,0.0
915,2,0.0,0.0,0.0,0.0,-1.4785915847836653
915,3,0.0,0.0,0.0,0.0,-0.08875000000000002
915,4,0.0,0.0,0.0,0.0,0.0
916,0,0.0,-1.4727422421306314e-06,0.0,0.0,-21.85613089005634
916,1,0.0,0.0,-0.018490791229530498,0.0,0.0
916,2,0.0,0.0,0.0,0.0,-1.4785915847836653
916,3,0.0,0.0,0.0,0.0,-0.08875000000000002
916,4,0.0,0.0,0.0,0.0,0.0
917,0,0.0,-1.4727422421306314e-06,0.0,0.0,-21.866193992404376
917,1,0.0,0.0,-0.018490791229530498,0.0,0.0
917,2,0.0,0.0,0.0,0.0,-1.4785915847836653
917,3,0.0,0.0,0.0,0.0,-0.08875000000000002
917,4,0.0,0.0,0.0,0.0,0.0
918,0,0.0,-1.4727422421306314e-06,0.0,0.0,-21.87013948867788
918,1,0.0,0.0,-0.018490791229530498,0.0,0.0
918,2,0.0,0.0,0.0,0.0,-1.4785915847836653
918,3,0.0,0.0,0.0,0.0,-0.08875000000000002
918,4,0.0,0.0,0.0,0.0,0.0
919,0,0.0,-1.4727422421306314e-06,0.0,0.0,-21.877673876269444
919,1,0.0,0.0,-0.018490791229530498,0.0,0.0
919,2,0.0,0.0,0.0,0.0,-1.4785915847836653
919,3,0.0,0.0,0.0,0.0,-0.08875000000000002
919,4,0.0,0.0,0.0,0.0,0.0
920,0,0.0,-1.4727422421306314e-06,0.0,0.0,-21.890191804961233
920,1,0.0,0.0,-0.018490791229530498,0.0,0.0
920,2,0.0,0.0,0.0,0.0,-1.4785915847836653
920,3,0.0,0.0,0.0,0.0,-0.08875000000000002
920,4,0.0,0.0,0.0,0.0,0.0
921,0,0.0,-1.4727422421306314e-06,0.0,0.0,-21.902677375919644
921,1,0.0,0.0,-0.018490791229530498,0.0,0.0
921,2,0.0,0.0,0.0,0.0,-1.4785915847836653
921,3,0.0,0.0,0.0,0.0,-0.08875000000000002
921,4,0.0,0.0,0.0,0.0,0.0
922,0,0.0,-1.4727422421306314e-06,0.0,0.0,-21.90550054011022
922,1,0.0,0.0,-0.018490791229530498,0.0,0.0
922,2,0.0,0.0,0.0,0.0,-1.4785915847836653
922,3,0.0,0.0,0.0,0.0,-0.08875000000000002
922,4,0.0,0.0,0.0,0.0,0.0
923,0,0.0,-1.4727422421306314e-06,0.0,0.0,-21.9179512155357
923,1,0.0,0.0,-0.018490791229530498,0.0,0.0
923,2,0.0,0.0,0.0,0.0,-1.4785915847836653
923,3,0.0,0.0,0.0,0.0,-0.08875000000000002
923,4,0.0,0.0,0.0,0.0,0.0
924,0,0.0,-1.4727422421306314e-06,0.0,0.0,-21.9218308583895
924,1,0.0,0.0,-0.018490791229530498,0.0,0.0
924,2,0.0,0.0,0.0,0.0,-1.4785915847836653
924,3,0.0,0.0,0.0,0.0,-0.08875000000000002
924,4,0.0,0.0,0.0,0.0,0.0
925,0,0.0,-1.4727422421306314e-06,0.0,0.0,-21.925705310070814
925,1,0.0,0.0,-0.018490791229530498,0.0,0.0
925,2,0.0,0.0,0.0,0.0,-1.4785915847836653
925,3,0.0,0.0,0.0,0.0,-0.08875000000000002
925,4,0.0,0.0,0.0,0.0,0.0
926,0,0.0,-1.4727422421306314e-06,0.0,0.0,-21.930951356721767
926,1,0.0,0.0,-0.018490791229530498,0.0,0.0
926,2,0.0,0.0,0.0,0.0,-1.4785915847836653
926,3,0.0,0.0,0.0,0.0,-0.08875000000000002
926,4,0.0,0.0,0.0,0.0,0.0
927,0,0.0,-1.4727422421306314e-06,0.0,0.0,-21.934813161036523
927,1,0.0,0.0,-0.018490791229530498,0.0,0.0
927,2,0.0,0.0,0.0,0.0,-1.4785915847836653
927,3,0.0,0.0,0.0,0.0,-0.08875000000000002
927,4,0.0,0.0,0.0,0.0,0.0
928,0,0.0,-1.4727422421306314e-06,0.0,0.0,-21.942209165724197
928,1,0.0,0.0,-0.018490791229530498,0.0,0.0
928,2,0.0,0.0,0.0,0.0,-1.4785915847836653
928,3,0.0,0.0,0.0,0.0,-0.08875000000000002
928,4,0.0,0.0,0.0,0.0,0.0
929,0,0.0,-1.4727422421306314e-06,0.0,0.0,-21.94605579167259
929,1,0.0,0.0,-0.018490791229530498,0.0,0.0
929,2,0.0,0.0,0.0,0.0,-1.4785915847836653
929,3,0.0,0.0,0.0,0.0,-0.08875000000000002
929,4,0.0,0.0,0.0,0.0,0.0
930,0,0.0,-1.4727422421306314e-06,0.0,0.0,-21.95343143149982
930,1,0.0,0.0,-0.018490791229530498,0.0,0.0
930,2,0.0,0.0,0.0,0.0,-1.4785915847836653
930,3,0.0,0.0,0.0,0.0,-0.08875000000000002
930,4,0.0,0.0,0.0,0.0,0.0
931,0,0.0,-1.4727422421306314e-06,0.0,0.0,-21.963290312411445
931,1,0.0,0.0,-0.018490791229530498,0.0,0.0
931,2,0.0,0.0,0.0,0.0,-1.4785915847836653
931,3,0.0,0.0,0.0,0.0,-0.08875000000000002
931,4,0.0,0.0,0.0,0.0,0.0
932,0,0.0,-1.4727422421306314e-06,0.0,0.0,-21.968473896227334
932,1,0.0,0.0,-0.018490791229530498,0.0,0.0
932,2,0.0,0.0,0.0,0.0,-1.4785915847836653
932,3,0.0,0.0,0.0,0.0,-0.08875000000000002
932,4,0.0,0.0,0.0,0.0,0.0
933,0,0.0,-1.4727422421306314e-06,0.0,0.0,-21.980800763492493
933,1,0.0,0.0,-0.018490791229530498,0.0,0.0
933,2,0.0,0.0,0.0,0.0,-1.4785915847836653
933,3,0.0,0.0,0.0,0.0,-0.08875000000000002
933,4,0.0,0.0,0.0,0.0,0.0
934,0,0.0,-1.4727422421306314e-06,0.0,0.0,-21.985953815909657
934,1,0.0,0.0,-0.018490791229530498,0.0,0.0
934,2,0.0,0.0,0.0,0.0,-1.4785915847836653
934,3,0.0,0.0,0.0,0.0,-0.08875000000000002
934,4,0.0,0.0,0.0,0.0,0.0
935,0,0.0,-1.4727422421306314e-06,0.0,0.0,-21.991098643224138
935,1,0.0,0.0,-0.018490791229530498,0.0,0.0
935,2,0.0,0.0,0.0,0.0,-1.4785915847836653
935,3,0.0,0.0,0.0,0.0,-0.08875000000000002
935,4,0.0,0.0,0.0,0.0,0.0
936,0,0.0,-1.4727422421306314e-06,0.0,0.0,-21.998379012041564
936,1,0.0,0.0,-0.018490791229530498,0.0,0.0
936,2,0.0,0.0,0.0,0.0,-1.4785915847836653
936,3,0.0,0.0,0.0,0.0,-0.08875000000000002
936,4,0.0,0.0,0.0,0.0,0.0
937,0,0.0,-1.4727422421306314e-06,0.0,0.0,-22.002151168801475
937,1,0.0,0.0,-0.018490791229530498,0.0,0.0
937,2,0.0,0.0,0.0,0.0,-1.4785915847836653
937,3,0.0,0.0,0.0,0.0,-0.08875000000000002
937,4,0.0,0.0,0.0,0.0,0.0
938,0,0.0,-1.4727422421306314e-06,0.0,0.0,-22.004856175399723
938,1,0.0,0.0,-0.018490791229530498,0.0,0.0
938,2,0.0,0.0,0.0,0.0,-1.4785915847836653
938,3,0.0,0.0,0.0,0.0,-0.08875000000000002
938,4,0.0,0.0,0.0,0.0,0.0
939,0,0.0,-1.4727422421306314e-06,0.0,0.0,-22.01711217897956
939,1,0.0,0.0,-0.018490791229530498,0.0,0.0
939,2,0.0,0.0,0.0,0.0,-1.4785915847836653
939,3,0.0,0.0,0.0,0.0,-0.08875000000000002
939,4,0.0,0.0,0.0,0.0,0.0
940,0,0.0,-1.4727422421306314e-06,0.0,0.0,-22.02220630884353
940,1,0.0,0.0,-0.018490791229530498,0.0,0.0
940,2,0.0,0.0,0.0,0.0,-1.4785915847836653
940,3,0.0,0.0,0.0,0.0,-0.08875000000000002
940,4,0.0,0.0,0.0,0.0,0.0
941,0,0.0,-1.4727422421306314e-06,0.0,0.0,-22.02594812227846
941,1,0.0,0.0,-0.018490791229530498,0.0,0.0
941,2,0.0,0.0,0.0,0.0,-1.4785915847836653
941,3,0.0,0.0,0.0,0.0,-0.08875000000000002
941,4,0.0,0.0,0.0,0.0,0.0
942,0,0.0,-1.4727422421306314e-06,0.0,0.0,-22.035659422323214
942,1,0.0,0.0,-0.018490791229530498,0.0,0.0
942,2,0.0,0.0,0.0,0.0,-1.4785915847836653
942,3,0.0,0.0,0.0,0.0,-0.08875000000000002
942,4,0.0,0.0,0.0,0.0,0.0
943,0,0.0,-1.4727422421306314e-06,0.0,0.0,-22.045347564402096
943,1,0.0,0.0,-0.018490791229530498,0.0,0.0
943,2,0.0,0.0,0.0,0.0,-1.4785915847836653
943,3,0.0,0.0,0.0,0.0,-0.08875000000000002
943,4,0.0,0.0,0.0,0.0,0.0
944,0,0.0,-1.4727422421306314e-06,0.0,0.0,-22.05501262051687
944,1,0.0,0.0,-0.018490791229530498,0.0,0.0
944,2,0.0,0.0,0.0,0.0,-1.4785915847836653
944,3,0.0,0.0,0.0,0.0,-0.08875000000000002
944,4,0.0,0.0,0.0,0.0,0.0
945,0,0.0,-1.4727422421306314e-06,0.0,0.0,-22.057656944377403
945,1,0.0,0.0,-0.018490791229530498,0.0,0.0
945,2,0.0,0.0,0.0,0.0,-1.4785915847836653
945,3,0.0,0.0,0.0,0.0,-0.08875000000000002
945,4,0.0,0.0,0.0,0.0,0.0
946,0,0.0,-1.4727422421306314e-06,0.0,0.0,-22.06029825080471
946,1,0.0,0.0,-0.018490791229530498,0.0,0.0
946,2,0.0,0.0,0.0,0.0,-1.4785915847836653
946,3,0.0,0.0,0.0,0.0,-0.08875000000000002
946,4,0.0,0.0,0.0,0.0,0.0
947,0,0.0,-1.4727422421306314e-06,0.0,0.0,-22.07243574178051
947,1,0.0,0.0,-0.018490791229530498,0.0,0.0
947,2,0.0,0.0,0.0,0.0,-1.4785915847836653
947,3,0.0,0.0,0.0,0.0,-0.08875000000000002
947,4,0.0,0.0,0.0,0.0,0.0
948,0,0.0,-1.4727422421306314e-06,0.0,0.0,-22.07954559730457
948,1,0.0,0.0,-0.018490791229530498,0.0,0.0
948,2,0.0,0.0,0.0,0.0,-1.4785915847836653
948,3,0.0,0.0,0.0,0.0,-0.08875000000000002
948,4,0.0,0.0,0.0,0.0,0.0
949,0,0.0,-1.4727422421306314e-06,0.0,0.0,-22.089137290121418
949,1,0.0,0.0,-0.018490791229530498,0.0,0.0
949,2,0.0,0.0,0.0,0.0,-1.4785915847836653
949,3,0.0,0.0,0.0,0.0,-0.08875000000000002
949,4,0.0,0.0,0.0,0.0,0.0
950,0,0.0,-1.4727422421306314e-06,0.0,0.0,-22.094111745827444
950,1,0.0,0.0,-0.018490791229530498,0.0,0.0
950,2,0.0,0.0,0.0,0.0,-1.4785915847836653
950,3,0.0,0.0,0.0,0.0,-0.08875000000000002
950,4,0.0,0.0,0.0,0.0,0.0
951,0,0.0,-1.4727422421306314e-06,0.0,0.0,-22.10617270536889
951,1,0.0,0.0,-0.018490791229530498,0.0,0.0
951,2,0.0,0.0,0.0,0.0,-1.4785915847836653
951,3,0.0,0.0,0.0,0.0,-0.08875000000000002
951,4,0.0,0.0,0.0,0.0,0.0
952,0,0.0,-1.4727422421306314e-06,0.0,0.0,-22.118202620603125
952,1,0.0,0.0,-0.018490791229530498,0.0,0.0
952,2,0.0,0.0,0.0,0.0,-1.4785915847836653
952,3,0.0,0.0,0.0,0.0,-0.08875000000000002
952,4,0.0,0.0,0.0,0.0,0.0
953,0,0.0,-1.4727422421306314e-06,0.0,0.0,-22.121824829923824
953,1,0.0,0.0,-0.018490791229530498,0.0,0.0
953,2,0.0,0.0,0.0,0.0,-1.4785915847836653
953,3,0.0,0.0,0.0,0.0,-0.08875000000000002
953,4,0.0,0.0,0.0,0.0,0.0
954,0,0.0,-1.4727422421306314e-06,0.0,0.0,-22.128824377697168
954,1,0.0,0.0,-0.018490791229530498,0.0,0.0
954,2,0.0,0.0,0.0,0.0,-1.4785915847836653
954,3,0.0,0.0,0.0,0.0,-0.08875000000000002
954,4,0.0,0.0,0.0,0.0,0.0
955,0,0.0,-1.4727422421306314e-06,0.0,0.0,-22.138304559227635
955,1,0.0,0.0,-0.018490791229530498,0.0,0.0
955,2,0.0,0.0,0.0,0.0,-1.4785915847836653
955,3,0.0,0.0,0.0,0.0,-0.08875000000000002
955,4,0.0,0.0,0.0,0.0,0.0
956,0,0.0,-1.4727422421306314e-06,0.0,0.0,-22.140853682450967
956,1,0.0,0.0,-0.018490791229530498,0.0,0.0
956,2,0.0,0.0,0.0,0.0,-1.4785915847836653
956,3,0.0,0.0,0.0,0.0,-0.08875000000000002
956,4,0.0,0.0,0.0,0.0,0.0
957,0,0.0,-1.4727422421306314e-06,0.0,0.0,-22.150309329320397
957,1,0.0,0.0,-0.018490791229530498,0.0,0.0
957,2,0.0,0.0,0.0,0.0,-1.4785915847836653
957,3,0.0,0.0,0.0,0.0,-0.08875000000000002
957,4,0.0,0.0,0.0,0.0,0.0
958,0,0.0,-1.4727422421306314e-06,0.0,0.0,-22.157248579396775
958,1,0.0,0.0,-0.018490791229530498,0.0,0.0
958,2,0.0,0.0,0.0,0.0,-1.4785915847836653
958,3,0.0,0.0,0.0,0.0,-0.08875000000000002
958,4,0.0,0.0,0.0,0.0,0.0
959,0,0.0,-1.4727422421306314e-06,0.0,0.0,-22.162110491847482
959,1,0.0,0.0,-0.018490791229530498,0.0,0.0
959,2,0.0,0.0,0.0,0.0,-1.4785915847836653
959,3,0.0,0.0,0.0,0.0,-0.08875000000000002
959,4,0.0,0.0,0.0,0.0,0.0
960,0,0.0,-1.4727422421306314e-06,0.0,0.0,-22.17152206802935
960,1,0.0,0.0,-0.018490791229530498,0.0,0.0
960,2,0.0,0.0,0.0,0.0,-1.4785915847836653
960,3,0.0,0.0,0.0,0.0,-0.08875000000000002
960,4,0.0,0.0,0.0,0.0,0.0
961,0,0.0,-1.4727422421306314e-06,0.0,0.0,-22.174032724370292
961,1,0.0,0.0,-0.018490791229530498,0.0,0.0
961,2,0.0,0.0,0.0,0.0,-1.4785915847836653
961,3,0.0,0.0,0.0,0.0,-0.08875000000000002
961,4,0.0,0.0,0.0,0.0,0.0
962,0,0.0,-1.4727422421306314e-06,0.0,0.0,-22.18342003850439
962,1,0.0,0.0,-0.018490791229530498,0.0,0.0
962,2,0.0,0.0,0.0,0.0,-1.4785915847836653
962,3,0.0,0.0,0.0,0.0,-0.08875000000000002
962,4,0.0,0.0,0.0,0.0,0.0
963,0,0.0,-1.4727422421306314e-06,0.0,0.0,-22.192785151426193
963,1,0.0,0.0,-0.018490791229530498,0.0,0.0
963,2,0.0,0.0,0.0,0.0,-1.4785915847836653
963,3,0.0,0.0,0.0,0.0,-0.08875000000000002
963,4,0.0,0.0,0.0,0.0,0.0
964,0,0.0,-1.4727422421306314e-06,0.0,0.0,-22.196313838762347
964,1,0.0,0.0,-0.018490791229530498,0.0,0.0
964,2,0.0,0.0,0.0,0.0,-1.4785915847836653
964,3,0.0,0.0,0.0,0.0,-0.08875000000000002
964,4,0.0,0.0,0.0,0.0,0.0
965,0,0.0,-1.4727422421306314e-06,0.0,0.0,-22.208152416263125
965,1,0.0,0.0,-0.018490791229530498,0.0,0.0
965,2,0.0,0.0,0.0,0.0,-1.4785915847836653
965,3,0.0,0.0,0.0,0.0,-0.08875000000000002
965,4,0.0,0.0,0.0,0.0,0.0
966,0,0.0,-1.4727422421306314e-06,0.0,0.0,-22.217460603925698
966,1,0.0,0.0,-0.018490791229530498,0.0,0.0
966,2,0.0,0.0,0.0,0.0,-1.4785915847836653
966,3,0.0,0.0,0.0,0.0,-0.08875000000000002
966,4,0.0,0.0,0.0,0.0,0.0
967,0,0.0,-1.4727422421306314e-06,0.0,0.0,-22.222225171298494
967,1,0.0,0.0,-0.018490791229530498,0.0,0.0
967,2,0.0,0.0,0.0,0.0,-1.4785915847836653
967,3,0.0,0.0,0.0,0.0,-0.08875000000000002
967,4,0.0,0.0,0.0,0.0,0.0
968,0,0.0,-1.4727422421306314e-06,0.0,0.0,-22.23150398211749
968,1,0.0,0.0,-0.018490791229530498,0.0,0.0
968,2,0.0,0.0,0.0,0.0,-1.4785915847836653
968,3,0.0,0.0,0.0,0.0,-0.08875000000000002
968,4,0.0,0.0,0.0,0.0,0.0
969,0,0.0,-1.4727422421306314e-06,0.0,0.0,-22.233946534736635
969,1,0.0,0.0,-0.018490791229530498,0.0,0.0
969,2,0.0,0.0,0.0,0.0,-1.4785915847836653
969,3,0.0,0.0,0.0,0.0,-0.08875000000000002
969,4,0.0,0.0,0.0,0.0,0.0
970,0,0.0,-1.4727422421306314e-06,0.0,0.0,-22.238685936806988
970,1,0.0,0.0,-0.018490791229530498,0.0,0.0
970,2,0.0,0.0,0.0,0.0,-1.4785915847836653
970,3,0.0,0.0,0.0,0.0,-0.08875000000000002
970,4,0.0,0.0,0.0,0.0,0.0
971,0,0.0,-1.4727422421306314e-06,0.0,0.0,-22.250433664942154
971,1,0.0,0.0,-0.018490791229530498,0.0,0.0
971,2,0.0,0.0,0.0,0.0,-1.4785915847836653
971,3,0.0,0.0,0.0,0.0,-0.08875000000000002
971,4,0.0,0.0,0.0,0.0,0.0
972,0,0.0,-1.4727422421306314e-06,0.0,0.0,-22.252854881201234
972,1,0.0,0.0,-0.018490791229530498,0.0,0.0
972,2,0.0,0.0,0.0,0.0,-1.4785915847836653
972,3,0.0,0.0,0.0,0.0,-0.08875000000000002
972,4,0.0,0.0,0.0,0.0,0.0
973,0,0.0,-1.4727422421306314e-06,0.0,0.0,-22.25631016388005
973,1,0.0,0.0,-0.018490791229530498,0.0,0.0
973,2,0.0,0.0,0.0,0.0,-1.4785915847836653
973,3,0.0,0.0,0.0,0.0,-0.08875000000000002
973,4,0.0,0.0,0.0,0.0,0.0
974,0,0.0,-1.4727422421306314e-06,0.0,0.0,-22.26802171505964
974,1,0.0,0.0,-0.018490791229530498,0.0,0.0
974,2,0.0,0.0,0.0,0.0,-1.4785915847836653
974,3,0.0,0.0,0.0,0.0,-0.08875000000000002
974,4,0.0,0.0,0.0,0.0,0.0
975,0,0.0,-1.4727422421306314e-06,0.0,0.0,-22.270423307053345
975,1,0.0,0.0,-0.018490791229530498,0.0,0.0
975,2,0.0,0.0,0.0,0.0,-1.4785915847836653
975,3,0.0,0.0,0.0,0.0,-0.08875000000000002
975,4,0.0,0.0,0.0,0.0,0.0
976,0,0.0,-1.4727422421306314e-06,0.0,0.0,-22.277113951617714
976,1,0.0,0.0,-0.018490791229530498,0.0,0.0
976,2,0.0,0.0,0.0,0.0,-1.4785915847836653
976,3,0.0,0.0,0.0,0.0,-0.08875000000000002
976,4,0.0,0.0,0.0,0.0,0.0
977,0,0.0,-1.4727422421306314e-06,0.0,0.0,-22.283791412430773
977,1,0.0,0.0,-0.018490791229530498,0.0,0.0
977,2,0.0,0.0,0.0,0.0,-1.4785915847836653
977,3,0.0,0.0,0.0,0.0,-0.08875000000000002
977,4,0.0,0.0,0.0,0.0,0.0
978,0,0.0,-1.4727422421306314e-06,0.0,0.0,-22.28617461789836
978,1,0.0,0.0,-0.018490791229530498,0.0,0.0
978,2,0.0,0.0,0.0,0.0,-1.4785915847836653
978,3,0.0,0.0,0.0,0.0,-0.08875000000000002
978,4,0.0,0.0,0.0,0.0,0.0
979,0,0.0,-1.4727422421306314e-06,0.0,0.0,-22.2978260749253
979,1,0.0,0.0,-0.018490791229530498,0.0,0.0
979,2,0.0,0.0,0.0,0.0,-1.4785915847836653
979,3,0.0,0.0,0.0,0.0,-0.08875000000000002
979,4,0.0,0.0,0.0,0.0,0.0
980,0,0.0,-1.4727422421306314e-06,0.0,0.0,-22.30445980979095
980,1,0.0,0.0,-0.018490791229530498,0.0,0.0
980,2,0.0,0.0,0.0,0.0,-1.4785915847836653
980,3,0.0,0.0,0.0,0.0,-0.08875000000000002
980,4,0.0,0.0,0.0,0.0,0.0
981,0,0.0,-1.4727422421306314e-06,0.0,0.0,-22.30785231112749
981,1,0.0,0.0,-0.018490791229530498,0.0,0.0
981,2,0.0,0.0,0.0,0.0,-1.4785915847836653
981,3,0.0,0.0,0.0,0.0,-0.08875000000000002
981,4,0.0,0.0,0.0,0.0,0.0
982,0,0.0,-1.4727422421306314e-06,0.0,0.0,-22.319456643214462
982,1,0.0,0.0,-0.018490791229530498,0.0,0.0
982,2,0.0,0.0,0.0,0.0,-1.4785915847836653
982,3,0.0,0.0,0.0,0.0,-0.08875000000000002
982,4,0.0,0.0,0.0,0.0,0.0
983,0,0.0,-1.4727422421306314e-06,0.0,0.0,-22.32604460351871
983,1,0.0,0.0,-0.018490791229530498,0.0,0.0
983,2,0.0,0.0,0.0,0.0,-1.4785915847836653
983,3,0.0,0.0,0.0,0.0,-0.08875000000000002
983,4,0.0,0.0,0.0,0.0,0.0
984,0,0.0,-1.4727422421306314e-06,0.0,0.0,-22.329411039054747
984,1,0.0,0.0,-0.018490791229530498,0.0,0.0
984,2,0.0,0.0,0.0,0.0,-1.4785915847836653
984,3,0.0,0.0,0.0,0.0,-0.08875000000000002
984,4,0.0,0.0,0.0,0.0,0.0
985,0,0.0,-1.4727422421306314e-06,0.0,0.0,-22.332773247786232
985,1,0.0,0.0,-0.018490791229530498,0.0,0.0
985,2,0.0,0.0,0.0,0.0,-1.4785915847836653
985,3,0.0,0.0,0.0,0.0,-0.08875000000000002
985,4,0.0,0.0,0.0,0.0,0.0
986,0,0.0,-1.4727422421306314e-06,0.0,0.0,-22.34432671940531
986,1,0.0,0.0,-0.018490791229530498,0.0,0.0
986,2,0.0,0.0,0.0,0.0,-1.4785915847836653
986,3,0.0,0.0,0.0,0.0,-0.08875000000000002
986,4,0.0,0.0,0.0,0.0,0.0
987,0,0.0,-1.4727422421306314e-06,0.0,0.0,-22.35086523318528
987,1,0.0,0.0,-0.018490791229530498,0.0,0.0
987,2,0.0,0.0,0.0,0.0,-1.4785915847836653
987,3,0.0,0.0,0.0,0.0,-0.08875000000000002
987,4,0.0,0.0,0.0,0.0,0.0
988,0,0.0,-1.4727422421306314e-06,0.0,0.0,-22.353172449490643
988,1,0.0,0.0,-0.018490791229530498,0.0,0.0
988,2,0.0,0.0,0.0,0.0,-1.4785915847836653
988,3,0.0,0.0,0.0,0.0,-0.08875000000000002
988,4,0.0,0.0,0.0,0.0,0.0
989,0,0.0,-1.4727422421306314e-06,0.0,0.0,-22.359696627332923
989,1,0.0,0.0,-0.018490791229530498,0.0,0.0
989,2,0.0,0.0,0.0,0.0,-1.4785915847836653
989,3,0.0,0.0,0.0,0.0,-0.08875000000000002
989,4,0.0,0.0,0.0,0.0,0.0
990,0,0.0,-1.4727422421306314e-06,0.0,0.0,-22.368693236032403
990,1,0.0,0.0,-0.018490791229530498,0.0,0.0
990,2,0.0,0.0,0.0,0.0,-1.4785915847836653
990,3,0.0,0.0,0.0,0.0,-0.08875000000000002
990,4,0.0,0.0,0.0,0.0,0.0
991,0,0.0,-1.4727422421306314e-06,0.0,0.0,-22.380168770176553
991,1,0.0,0.0,-0.018490791229530498,0.0,0.0
991,2,0.0,0.0,0.0,0.0,-1.4785915847836653
991,3,0.0,0.0,0.0,0.0,-0.08875000000000002
991,4,0.0,0.0,0.0,0.0,0.0
992,0,0.0,-1.4727422421306314e-06,0.0,0.0,-22.382443025654958
992,1,0.0,0.0,-0.018490791229530498,0.0,0.0
992,2,0.0,0.0,0.0,0.0,-1.4785915847836653
992,3,0.0,0.0,0.0,0.0,-0.08875000000000002
992,4,0.0,0.0,0.0,0.0,0.0
993,0,0.0,-1.4727422421306314e-06,0.0,0.0,-22.388904487518925
993,1,0.0,0.0,-0.018490791229530498,0.0,0.0
993,2,0.0,0.0,0.0,0.0,-1.4785915847836653
993,3,0.0,0.0,0.0,0.0,-0.08875000000000002
993,4,0.0,0.0,0.0,0.0,0.0
994,0,0.0,-1.4727422421306314e-06,0.0,0.0,-22.40033652265349
994,1,0.0,0.0,-0.018490791229530498,0.0,0.0
994,2,0.0,0.0,0.0,0.0,-1.4785915847836653
994,3,0.0,0.0,0.0,0.0,-0.08875000000000002
994,4,0.0,0.0,0.0,0.0,0.0
995,0,0.0,-1.4727422421306314e-06,0.0,0.0,-22.402588158419228
995,1,0.0,0.0,-0.018490791229530498,0.0,0.0
995,2,0.0,0.0,0.0,0.0,-1.4785915847836653
995,3,0.0,0.0,0.0,0.0,-0.08875000000000002
995,4,0.0,0.0,0.0,0.0,0.0
996,0,0.0,-1.4727422421306314e-06,0.0,0.0,-22.404837394355727
996,1,0.0,0.0,-0.018490791229530498,0.0,0.0
996,2,0.0,0.0,0.0,0.0,-1.4785915847836653
996,3,0.0,0.0,0.0,0.0,-0.08875000000000002
996,4,0.0,0.0,0.0,0.0,0.0
997,0,0.0,-1.4727422421306314e-06,0.0,0.0,-22.416237328589098
997,1,0.0,0.0,-0.018490791229530498,0.0,0.0
997,2,0.0,0.0,0.0,0.0,-1.4785915847836653
997,3,0.0,0.0,0.0,0.0,-0.08875000000000002
997,4,0.0,0.0,0.0,0.0,0.0
998,0,0.0,-1.4727422421306314e-06,0.0,0.0,-22.4226276744677
998,1,0.0,0.0,-0.018490791229530498,0.0,0.0
998,2,0.0,0.0,0.0,0.0,-1.4785915847836653
998,3,0.0,0.0,0.0,0.0,-0.08875000000000002
998,4,0.0,0.0,0.0,0.0,0.0
999,0,0.0,-1.4727422421306314e-06,0.0,0.0,-22.4290057252519
999,1,0.0,0.0,-0.018490791229530498,0.0,0.0
999,2,0.0,0.0,0.0,0.0,-1.4785915847836653
999,3,0.0,0.0,0.0,0.0,-0.08875000000000002
999,4,0.0,0.0,0.0,0.0,0.0
1000,0,0.0,-1.4727422421306314e-06,0.0,0.0,-22.431225054130437
1000,1,0.0,0.0,-0.018490791229530498,0.0,0.0
1000,2,0.0,0.0,0.0,0.0,-1.4785915847836653
1000,3,0.0,0.0,0.0,0.0,-0.08875000000000002
1000,4,0.0,0.0,0.0,0.0,0.0
