1,0,0.0,0.0,0.0,0.0,0.0
1,1,0.0,0.0,0.0,0.0,-0.047902974040982226
1,2,0.0,0.0,0.0,0.0,0.0
1,3,0.0,0.0,0.0,0.0,0.0
1,4,0.0,0.0,0.0,0.0,0.0
2,0,0.0,-3.824123938431451e-06,0.0,0.0,0.0
2,1,0.0,0.0,0.0,0.0,-0.07472687643731625
2,2,0.0,0.0,0.0,0.0,0.0
2,3,0.0,0.0,0.0,0.0,0.0
2,4,0.0,0.0,0.0,0.0,0.0
3,0,0.0,-1.312415388991891e-05,0.0,0.0,0.0
3,1,0.0,0.0,0.0,0.0,-0.07472687643731625
3,2,0.0,0.0,0.0,0.0,-0.04771279131455756
3,3,0.0,0.0,0.0,0.0,0.0
3,4,0.0,0.0,0.0,0.0,0.0
4,0,0.0,-2.2421867947046596e-05,0.0,0.0,0.0
4,1,0.0,0.0,0.0,0.0,-0.12234867996696665
4,2,0.0,0.0,0.0,0.0,-0.04771279131455756
4,3,0.0,0.0,0.0,0.0,0.0
4,4,0.0,0.0,0.0,0.0,0.0
5,0,0.0,-4.733820896229098e-05,0.0,0.0,0.0
5,1,0.0,0.0,0.0,0.0,-0.16767993363809142
5,2,0.0,0.0,0.0,0.0,-0.04771279131455756
5,3,0.0,0.0,0.0,0.0,0.0
5,4,0.0,0.0,0.0,0.0,0.0
6,0,0.0,-9.411136310629917e-05,0.0,0.0,0.0
6,1,0.0,0.0,0.0,0.0,-0.21252349194470477
6,2,0.0,0.0,0.0,0.0,-0.04771279131455756
6,3,0.0,0.0,0.0,0.0,0.0
6,4,0.0,0.0,0.0,0.0,0.0
7,0,0.0,-0.00016919340565276061,0.0,0.0,0.0
7,1,0.0,0.0,0.0,0.0,-0.25096354979637703
7,2,0.0,0.0,0.0,0.0,-0.04771279131455756
7,3,0.0,0.0,0.0,0.0,0.0
7,4,0.0,0.0,0.0,0.0,0.0
8,0,0.0,-0.00027379665933326076,0.0,0.0,0.0
8,1,0.0,0.0,0.0,0.0,-0.2984491889456215
8,2,0.0,0.0,0.0,0.0,-0.04771279131455756
8,3,0.0,0.0,0.0,0.0,0.0
8,4,0.0,0.0,0.0,0.0,0.0
9,0,0.0,-0.00042160335264739934,0.0,0.0,0.0
9,1,0.0,0.0,0.0,0.0,-0.33590112311917353
9,2,0.0,0.0,0.0,0.0,-0.04771279131455756
9,3,0.0,0.0,0.0,0.0,0.0
9,4,0.0,0.0,0.0,0.0,0.0
10,0,0.0,-0.0006086205849868682,0.0,0.0,0.0
10,1,0.0,0.0,0.0,0.0,-0.3862082149720289
10,2,0.0,0.0,0.0,0.0,-0.04771279131455756
10,3,0.0,0.0,0.0,0.0,0.0
10,4,0.0,0.0,0.0,0.0,0.0
11,0,0.0,-0.0008556080481840082,0.0,0.0,0.0
11,1,0.0,0.0,0.0,0.0,-0.44381372031269595
11,2,0.0,0.0,0.0,0.0,-0.04771279131455756
11,3,0.0,0.0,0.0,0.0,0.0
11,4,0.0,0.0,0.0,0.0,0.0
12,0,0.0,-0.0011814431841212377,0.0,0.0,0.0
12,1,0.0,0.0,0.0,0.0,-0.4839891678308446
12,2,0.0,0.0,0.0,0.0,-0.04771279131455756
12,3,0.0,0.0,0.0,0.0,0.0
12,4,0.0,0.0,0.0,0.0,0.0
13,0,0.0,-0.0015683623477997254,0.0,0.0,0.0
13,1,0.0,0.0,0.0,0.0,-0.5235757347759421
13,2,0.0,0.0,0.0,0.0,-0.04771279131455756
13,3,0.0,0.0,0.0,0.0,0.0
13,4,0.0,0.0,0.0,0.0,0.0
14,0,0.0,-0.002020436024505817,0.0,0.0,0.0
14,1,0.0,0.0,0.0,0.0,-0.5650292247469036
14,2,0.0,0.0,0.0,0.0,-0.04771279131455756
14,3,0.0,0.0,0.0,0.0,0.0
14,4,0.0,0.0,0.0,0.0,0.0
15,0,0.0,-0.002020436024505817,0.0,0.0,-0.04898098293069586
15,1,0.0,0.0,0.0,0.0,-0.5650292247469036
15,2,0.0,0.0,0.0,0.0,-0.04771279131455756
15,3,0.0,0.0,0.0,0.0,0.0
15,4,0.0,0.0,0.0,0.0,0.0
16,0,0.0,-0.002020436024505817,0.0,0.0,-0.08966133989873505
16,1,0.0,0.0,0.0,0.0,-0.5650292247469036
16,2,0.0,0.0,0.0,0.0,-0.04771279131455756
16,3,0.0,0.0,0.0,0.0,0.0
16,4,0.0,0.0,0.0,0.0,0.0
17,0,0.0,-0.002020436024505817,0.0,0.0,-0.12751878103731046
17,1,0.0,0.0,0.0,0.0,-0.5650292247469036
17,2,0.0,0.0,0.0,0.0,-0.04771279131455756
17,3,0.0,0.0,0.0,0.0,0.0
17,4,0.0,0.0,0.0,0.0,0.0
18,0,0.0,-0.002020436024505817,0.0,0.0,-0.17746959307346796
18,1,0.0,0.0,0.0,0.0,-0.5650292247469036
18,2,0.0,0.0,0.0,0.0,-0.04771279131455756
18,3,0.0,0.0,0.0,0.0,0.0
18,4,0.0,0.0,0.0,0.0,0.0
19,0,0.0,-0.002020436024505817,0.0,0.0,-0.2184244201536197
19,1,0.0,0.0,0.0,0.0,-0.5650292247469036
19,2,0.0,0.0,0.0,0.0,-0.04771279131455756
19,3,0.0,0.0,0.0,0.0,0.0
19,4,0.0,0.0,0.0,0.0,0.0
20,0,0.0,-0.002020436024505817,0.0,0.0,-0.25043909061217684
20,1,0.0,0.0,0.0,0.0,-0.5650292247469036
20,2,0.0,0.0,0.0,0.0,-0.04771279131455756
20,3,0.0,0.0,0.0,0.0,0.0
20,4,0.0,0.0,0.0,0.0,0.0
21,0,0.0,-0.002020436024505817,0.0,0.0,-0.3007901925689182
21,1,0.0,0.0,0.0,0.0,-0.5650292247469036
21,2,0.0,0.0,0.0,0.0,-0.04771279131455756
21,3,0.0,0.0,0.0,0.0,0.0
21,4,0.0,0.0,0.0,0.0,0.0
22,0,0.0,-0.002020436024505817,0.0,0.0,-0.33262454312387435
22,1,0.0,0.0,0.0,0.0,-0.5650292247469036
22,2,0.0,0.0,0.0,0.0,-0.04771279131455756
22,3,0.0,0.0,0.0,0.0,0.0
22,4,0.0,0.0,0.0,0.0,0.0
23,0,0.0,-0.002020436024505817,0.0,0.0,-0.3881205235118645
23,1,0.0,0.0,0.0,0.0,-0.5650292247469036
23,2,0.0,0.0,0.0,0.0,-0.04771279131455756
23,3,0.0,0.0,0.0,0.0,0.0
23,4,0.0,0.0,0.0,0.0,0.0
24,0,0.0,-0.002020436024505817,0.0,0.0,-0.4299729644699417
24,1,0.0,0.0,0.0,0.0,-0.5650292247469036
24,2,0.0,0.0,0.0,0.0,-0.04771279131455756
24,3,0.0,0.0,0.0,0.0,0.0
24,4,0.0,0.0,0.0,0.0,0.0
25,0,0.0,-0.002020436024505817,0.0,0.0,-0.4708112094078153
25,1,0.0,0.0,0.0,0.0,-0.5650292247469036
25,2,0.0,0.0,0.0,0.0,-0.04771279131455756
25,3,0.0,0.0,0.0,0.0,0.0
25,4,0.0,0.0,0.0,0.0,0.0
26,0,0.0,-0.0025455083820518005,0.0,0.0,-0.4708112094078153
26,1,0.0,0.0,0.0,0.0,-0.6114635768088318
26,2,0.0,0.0,0.0,0.0,-0.04771279131455756
26,3,0.0,0.0,0.0,0.0,0.0
26,4,0.0,0.0,0.0,0.0,0.0
27,0,0.0,-0.0025455083820518005,0.0,0.0,-0.5160242771311196
27,1,0.0,0.0,0.0,0.0,-0.6114635768088318
27,2,0.0,0.0,0.0,0.0,-0.04771279131455756
27,3,0.0,0.0,0.0,0.0,0.0
27,4,0.0,0.0,0.0,0.0,0.0
28,0,0.0,-0.0025455083820518005,0.0,0.0,-0.5585521917523963
28,1,0.0,0.0,0.0,0.0,-0.6114635768088318
28,2,0.0,0.0,0.0,0.0,-0.04771279131455756
28,3,0.0,0.0,0.0,0.0,0.0
28,4,0.0,0.0,0.0,0.0,0.0
29,0,0.0,-0.0025455083820518005,0.0,0.0,-0.5899505218168063
29,1,0.0,0.0,0.0,0.0,-0.6114635768088318
29,2,0.0,0.0,0.0,0.0,-0.04771279131455756
29,3,0.0,0.0,0.0,0.0,0.0
29,4,0.0,0.0,0.0,0.0,0.0
30,0,0.0,-0.0025455083820518005,0.0,0.0,-0.6342124635940903
30,1,0.0,0.0,0.0,0.0,-0.6114635768088318
30,2,0.0,0.0,0.0,0.0,-0.04771279131455756
30,3,0.0,0.0,0.0,0.0,0.0
30,4,0.0,0.0,0.0,0.0,0.0
31,0,0.0,-0.0031570440451611924,0.0,0.0,-0.6342124635940903
31,1,0.0,0.0,0.0,0.0,-0.6617822917063958
31,2,0.0,0.0,0.0,0.0,-0.04771279131455756
31,3,0.0,0.0,0.0,0.0,0.0
31,4,0.0,0.0,0.0,0.0,0.0
32,0,0.0,-0.0031570440451611924,0.0,0.0,-0.6697107565490328
32,1,0.0,0.0,0.0,0.0,-0.6617822917063958
32,2,0.0,0.0,0.0,0.0,-0.04771279131455756
32,3,0.0,0.0,0.0,0.0,0.0
32,4,0.0,0.0,0.0,0.0,0.0
33,0,0.0,-0.0031570440451611924,0.0,0.0,-0.7189134929454314
33,1,0.0,0.0,0.0,0.0,-0.6617822917063958
33,2,0.0,0.0,0.0,0.0,-0.04771279131455756
33,3,0.0,0.0,0.0,0.0,0.0
33,4,0.0,0.0,0.0,0.0,0.0
34,0,0.0,-0.0031570440451611924,0.0,0.0,-0.7598506000549099
34,1,0.0,0.0,0.0,0.0,-0.6617822917063958
34,2,0.0,0.0,0.0,0.0,-0.04771279131455756
34,3,0.0,0.0,0.0,0.0,0.0
34,4,0.0,0.0,0.0,0.0,0.0
35,0,0.0,-0.0031570440451611924,0.0,0.0,-0.8013194489154222
35,1,0.0,0.0,0.0,0.0,-0.6617822917063958
35,2,0.0,0.0,0.0,0.0,-0.04771279131455756
35,3,0.0,0.0,0.0,0.0,0.0
35,4,0.0,0.0,0.0,0.0,0.0
36,0,0.0,-0.0031570440451611924,0.0,0.0,-0.8300817327475425
36,1,0.0,0.0,0.0,0.0,-0.6617822917063958
36,2,0.0,0.0,0.0,0.0,-0.04771279131455756
36,3,0.0,0.0,0.0,0.0,0.0
36,4,0.0,0.0,0.0,0.0,0.0
37,0,0.0,-0.003866639527357628,0.0,0.0,-0.8300817327475425
37,1,0.0,0.0,0.0,0.0,-0.6980974787573413
37,2,0.0,0.0,0.0,0.0,-0.04771279131455756
37,3,0.0,0.0,0.0,0.0,0.0
37,4,0.0,0.0,0.0,0.0,0.0
38,0,0.0,-0.003866639527357628,0.0,0.0,-0.8699824429688542
38,1,0.0,0.0,0.0,0.0,-0.6980974787573413
38,2,0.0,0.0,0.0,0.0,-0.04771279131455756
38,3,0.0,0.0,0.0,0.0,0.0
38,4,0.0,0.0,0.0,0.0,0.0
39,0,0.0,-0.003866639527357628,0.0,0.0,-0.9054817256602398
39,1,0.0,0.0,0.0,0.0,-0.6980974787573413
39,2,0.0,0.0,0.0,0.0,-0.04771279131455756
39,3,0.0,0.0,0.0,0.0,0.0
39,4,0.0,0.0,0.0,0.0,0.0
40,0,0.0,-0.003866639527357628,0.0,0.0,-0.941754862917673
40,1,0.0,0.0,0.0,0.0,-0.6980974787573413
40,2,0.0,0.0,0.0,0.0,-0.04771279131455756
40,3,0.0,0.0,0.0,0.0,0.0
40,4,0.0,0.0,0.0,0.0,0.0
41,0,0.0,-0.003866639527357628,0.0,0.0,-0.9797577643598026
41,1,0.0,0.0,0.0,0.0,-0.6980974787573413
41,2,0.0,0.0,0.0,0.0,-0.04771279131455756
41,3,0.0,0.0,0.0,0.0,0.0
41,4,0.0,0.0,0.0,0.0,0.0
42,0,0.0,-0.003866639527357628,0.0,0.0,-1.0237552386231177
42,1,0.0,0.0,0.0,0.0,-0.6980974787573413
42,2,0.0,0.0,0.0,0.0,-0.04771279131455756
42,3,0.0,0.0,0.0,0.0,0.0
42,4,0.0,0.0,0.0,0.0,0.0
43,0,0.0,-0.003866639527357628,0.0,0.0,-1.0586943660876054
43,1,0.0,0.0,0.0,0.0,-0.6980974787573413
43,2,0.0,0.0,0.0,0.0,-0.04771279131455756
43,3,0.0,0.0,0.0,0.0,0.0
43,4,0.0,0.0,0.0,0.0,0.0
44,0,0.0,-0.003866639527357628,0.0,0.0,-1.0912381522421044
44,1,0.0,0.0,0.0,0.0,-0.6980974787573413
44,2,0.0,0.0,0.0,0.0,-0.04771279131455756
44,3,0.0,0.0,0.0,0.0,0.0
44,4,0.0,0.0,0.0,0.0,0.0
45,0,0.0,-0.003866639527357628,0.0,0.0,-1.1285086855968753
45,1,0.0,0.0,0.0,0.0,-0.6980974787573413
45,2,0.0,0.0,0.0,0.0,-0.04771279131455756
45,3,0.0,0.0,0.0,0.0,0.0
45,4,0.0,0.0,0.0,0.0,0.0
46,0,0.0,-0.003866639527357628,0.0,0.0,-1.160841240040558
46,1,0.0,0.0,0.0,0.0,-0.6980974787573413
46,2,0.0,0.0,0.0,0.0,-0.04771279131455756
46,3,0.0,0.0,0.0,0.0,0.0
46,4,0.0,0.0,0.0,0.0,0.0
47,0,0.0,-0.003866639527357628,0.0,0.0,-1.197370152162789
47,1,0.0,0.0,0.0,0.0,-0.6980974787573413
47,2,0.0,0.0,0.0,0.0,-0.04771279131455756
47,3,0.0,0.0,0.0,0.0,0.0
47,4,0.0,0.0,0.0,0.0,0.0
48,0,0.0,-0.003866639527357628,0.0,0.0,-1.235464851786132
48,1,0.0,0.0,0.0,0.0,-0.6980974787573413
48,2,0.0,0.0,0.0,0.0,-0.04771279131455756
48,3,0.0,0.0,0.0,0.0,0.0
48,4,0.0,0.0,0.0,0.0,0.0
49,0,0.0,-0.003866639527357628,0.0,0.0,-1.266533465890483
49,1,0.0,0.0,0.0,0.0,-0.6980974787573413
49,2,0.0,0.0,0.0,0.0,-0.04771279131455756
49,3,0.0,0.0,0.0,0.0,0.0
49,4,0.0,0.0,0.0,0.0,0.0
50,0,0.0,-0.003866639527357628,0.0,0.0,-1.320867323061985
50,1,0.0,0.0,0.0,0.0,-0.6980974787573413
50,2,0.0,0.0,0.0,0.0,-0.04771279131455756
50,3,0.0,0.0,0.0,0.0,0.0
50,4,0.0,0.0,0.0,0.0,0.0
51,0,0.0,-0.003866639527357628,0.0,0.0,-1.3599738279308493
51,1,0.0,0.0,0.0,0.0,-0.6980974787573413
51,2,0.0,0.0,0.0,0.0,-0.04771279131455756
51,3,0.0,0.0,0.0,0.0,0.0
51,4,0.0,0.0,0.0,0.0,0.0
52,0,0.0,-0.003866639527357628,0.0,0.0,-1.3855962876803016
52,1,0.0,0.0,0.0,0.0,-0.6980974787573413
52,2,0.0,0.0,0.0,0.0,-0.04771279131455756
52,3,0.0,0.0,0.0,0.0,0.0
52,4,0.0,0.0,0.0,0.0,0.0
53,0,0.0,-0.003866639527357628,0.0,0.0,-1.430033379274506
53,1,0.0,0.0,0.0,0.0,-0.6980974787573413
53,2,0.0,0.0,0.0,0.0,-0.04771279131455756
53,3,0.0,0.0,0.0,0.0,0.0
53,4,0.0,0.0,0.0,0.0,0.0
54,0,0.0,-0.003866639527357628,0.0,0.0,-1.4731069272468877
54,1,0.0,0.0,0.0,0.0,-0.6980974787573413
54,2,0.0,0.0,0.0,0.0,-0.04771279131455756
54,3,0.0,0.0,0.0,0.0,0.0
54,4,0.0,0.0,0.0,0.0,0.0
55,0,0.0,-0.003866639527357628,0.0,0.0,-1.5110986190190014
55,1,0.0,0.0,0.0,0.0,-0.6980974787573413
55,2,0.0,0.0,0.0,0.0,-0.04771279131455756
55,3,0.0,0.0,0.0,0.0,0.0
55,4,0.0,0.0,0.0,0.0,0.0
56,0,0.0,-0.003866639527357628,0.0,0.0,-1.5570059078089071
56,1,0.0,0.0,0.0,0.0,-0.6980974787573413
56,2,0.0,0.0,0.0,0.0,-0.04771279131455756
56,3,0.0,0.0,0.0,0.0,0.0
56,4,0.0,0.0,0.0,0.0,0.0
57,0,0.0,-0.003866639527357628,0.0,0.0,-1.6023744412449588
57,1,0.0,0.0,0.0,0.0,-0.6980974787573413
57,2,0.0,0.0,0.0,0.0,-0.04771279131455756
57,3,0.0,0.0,0.0,0.0,0.0
57,4,0.0,0.0,0.0,0.0,0.0
58,0,0.0,-0.003866639527357628,0.0,0.0,-1.646151364587876
58,1,0.0,0.0,0.0,0.0,-0.6980974787573413
58,2,0.0,0.0,0.0,0.0,-0.04771279131455756
58,3,0.0,0.0,0.0,0.0,0.0
58,4,0.0,0.0,0.0,0.0,0.0
59,0,0.0,-0.003866639527357628,0.0,0.0,-1.6819263455496358
59,1,0.0,0.0,0.0,0.0,-0.6980974787573413
59,2,0.0,0.0,0.0,0.0,-0.04771279131455756
59,3,0.0,0.0,0.0,0.0,0.0
59,4,0.0,0.0,0.0,0.0,0.0
60,0,0.0,-0.003866639527357628,0.0,0.0,-1.7084104565155227
60,1,0.0,0.0,0.0,0.0,-0.6980974787573413
60,2,0.0,0.0,0.0,0.0,-0.04771279131455756
60,3,0.0,0.0,0.0,0.0,0.0
60,4,0.0,0.0,0.0,0.0,0.0
61,0,0.0,-0.003866639527357628,0.0,0.0,-1.753680088074348
61,1,0.0,0.0,0.0,0.0,-0.6980974787573413
61,2,0.0,0.0,0.0,0.0,-0.04771279131455756
61,3,0.0,0.0,0.0,0.0,0.0
61,4,0.0,0.0,0.0,0.0,0.0
62,0,0.0,-0.003866639527357628,0.0,0.0,-1.798253294443334
62,1,0.0,0.0,0.0,0.0,-0.6980974787573413
62,2,0.0,0.0,0.0,0.0,-0.04771279131455756
62,3,0.0,0.0,0.0,0.0,0.0
62,4,0.0,0.0,0.0,0.0,0.0
63,0,0.0,-0.003866639527357628,0.0,0.0,-1.8385644040670268
63,1,0.0,0.0,0.0,0.0,-0.6980974787573413
63,2,0.0,0.0,0.0,0.0,-0.04771279131455756
63,3,0.0,0.0,0.0,0.0,0.0
63,4,0.0,0.0,0.0,0.0,0.0
64,0,0.0,-0.003866639527357628,0.0,0.0,-1.8741583142956644
64,1,0.0,0.0,0.0,0.0,-0.6980974787573413
64,2,0.0,0.0,0.0,0.0,-0.04771279131455756
64,3,0.0,0.0,0.0,0.0,0.0
64,4,0.0,0.0,0.0,0.0,0.0
65,0,0.0,-0.003866639527357628,0.0,0.0,-1.9165110758159756
65,1,0.0,0.0,0.0,0.0,-0.6980974787573413
65,2,0.0,0.0,0.0,0.0,-0.04771279131455756
65,3,0.0,0.0,0.0,0.0,0.0
65,4,0.0,0.0,0.0,0.0,0.0
66,0,0.0,-0.003866639527357628,0.0,0.0,-1.9582310303953447
66,1,0.0,0.0,0.0,0.0,-0.6980974787573413
66,2,0.0,0.0,0.0,0.0,-0.04771279131455756
66,3,0.0,0.0,0.0,0.0,0.0
66,4,0.0,0.0,0.0,0.0,0.0
67,0,0.0,-0.003866639527357628,0.0,0.0,-1.9989273171374236
67,1,0.0,0.0,0.0,0.0,-0.6980974787573413
67,2,0.0,0.0,0.0,0.0,-0.04771279131455756
67,3,0.0,0.0,0.0,0.0,0.0
67,4,0.0,0.0,0.0,0.0,0.0
68,0,0.0,-0.003866639527357628,0.0,0.0,-2.0433827318812714
68,1,0.0,0.0,0.0,0.0,-0.6980974787573413
68,2,0.0,0.0,0.0,0.0,-0.04771279131455756
68,3,0.0,0.0,0.0,0.0,0.0
68,4,0.0,0.0,0.0,0.0,0.0
69,0,0.0,-0.003866639527357628,0.0,0.0,-2.0754325879836015
69,1,0.0,0.0,0.0,0.0,-0.6980974787573413
69,2,0.0,0.0,0.0,0.0,-0.04771279131455756
69,3,0.0,0.0,0.0,0.0,0.0
69,4,0.0,0.0,0.0,0.0,0.0
70,0,0.0,-0.003866639527357628,0.0,0.0,-2.107284588041093
70,1,0.0,0.0,0.0,0.0,-0.6980974787573413
70,2,0.0,0.0,0.0,0.0,-0.04771279131455756
70,3,0.0,0.0,0.0,0.0,0.0
70,4,0.0,0.0,0.0,0.0,0.0
71,0,0.0,-0.003866639527357628,0.0,0.0,-2.145934452369519
71,1,0.0,0.0,0.0,0.0,-0.6980974787573413
71,2,0.0,0.0,0.0,0.0,-0.04771279131455756
71,3,0.0,0.0,0.0,0.0,0.0
71,4,0.0,0.0,0.0,0.0,0.0
72,0,0.0,-0.003866639527357628,0.0,0.0,-2.1718591947328703
72,1,0.0,0.0,0.0,0.0,-0.6980974787573413
72,2,0.0,0.0,0.0,0.0,-0.04771279131455756
72,3,0.0,0.0,0.0,0.0,0.0
72,4,0.0,0.0,0.0,0.0,0.0
73,0,0.0,-0.003866639527357628,0.0,0.0,-2.2035389023908993
73,1,0.0,0.0,0.0,0.0,-0.6980974787573413
73,2,0.0,0.0,0.0,0.0,-0.04771279131455756
73,3,0.0,0.0,0.0,0.0,0.0
73,4,0.0,0.0,0.0,0.0,0.0
74,0,0.0,-0.003866639527357628,0.0,0.0,-2.252112572012651
74,1,0.0,0.0,0.0,0.0,-0.6980974787573413
74,2,0.0,0.0,0.0,0.0,-0.04771279131455756
74,3,0.0,0.0,0.0,0.0,0.0
74,4,0.0,0.0,0.0,0.0,0.0
75,0,0.0,-0.003866639527357628,0.0,0.0,-2.28382057615603
75,1,0.0,0.0,0.0,0.0,-0.6980974787573413
75,2,0.0,0.0,0.0,0.0,-0.04771279131455756
75,3,0.0,0.0,0.0,0.0,0.0
75,4,0.0,0.0,0.0,0.0,0.0
76,0,0.0,-0.003866639527357628,0.0,0.0,-2.327582835235437
76,1,0.0,0.0,0.0,0.0,-0.6980974787573413
76,2,0.0,0.0,0.0,0.0,-0.04771279131455756
76,3,0.0,0.0,0.0,0.0,0.0
76,4,0.0,0.0,0.0,0.0,0.0
77,0,0.0,-0.003866639527357628,0.0,0.0,-2.371891991781259
77,1,0.0,0.0,0.0,0.0,-0.6980974787573413
77,2,0.0,0.0,0.0,0.0,-0.04771279131455756
77,3,0.0,0.0,0.0,0.0,0.0
77,4,0.0,0.0,0.0,0.0,0.0
78,0,0.0,-0.003866639527357628,0.0,0.0,-2.4072298125538873
78,1,0.0,0.0,0.0,0.0,-0.6980974787573413
78,2,0.0,0.0,0.0,0.0,-0.04771279131455756
78,3,0.0,0.0,0.0,0.0,0.0
78,4,0.0,0.0,0.0,0.0,0.0
79,0,0.0,-0.003866639527357628,0.0,0.0,-2.4439182062266327
79,1,0.0,0.0,0.0,0.0,-0.6980974787573413
79,2,0.0,0.0,0.0,0.0,-0.04771279131455756
79,3,0.0,0.0,0.0,0.0,0.0
79,4,0.0,0.0,0.0,0.0,0.0
80,0,0.0,-0.003866639527357628,0.0,0.0,-2.474701813874925
80,1,0.0,0.0,0.0,0.0,-0.6980974787573413
80,2,0.0,0.0,0.0,0.0,-0.04771279131455756
80,3,0.0,0.0,0.0,0.0,0.0
80,4,0.0,0.0,0.0,0.0,0.0
81,0,0.0,-0.003866639527357628,0.0,0.0,-2.503167056126505
81,1,0.0,0.0,0.0,0.0,-0.6980974787573413
81,2,0.0,0.0,0.0,0.0,-0.04771279131455756
81,3,0.0,0.0,0.0,0.0,0.0
81,4,0.0,0.0,0.0,0.0,0.0
82,0,0.0,-0.003866639527357628,0.0,0.0,-2.5512344266651086
82,1,0.0,0.0,0.0,0.0,-0.6980974787573413
82,2,0.0,0.0,0.0,0.0,-0.04771279131455756
82,3,0.0,0.0,0.0,0.0,0.0
82,4,0.0,0.0,0.0,0.0,0.0
83,0,0.0,-0.003866639527357628,0.0,0.0,-2.592241174680048
83,1,0.0,0.0,0.0,0.0,-0.6980974787573413
83,2,0.0,0.0,0.0,0.0,-0.04771279131455756
83,3,0.0,0.0,0.0,0.0,0.0
83,4,0.0,0.0,0.0,0.0,0.0
84,0,0.0,-0.003866639527357628,0.0,0.0,-2.626988516792674
84,1,0.0,0.0,0.0,0.0,-0.6980974787573413
84,2,0.0,0.0,0.0,0.0,-0.04771279131455756
84,3,0.0,0.0,0.0,0.0,0.0
84,4,0.0,0.0,0.0,0.0,0.0
85,0,0.0,-0.003866639527357628,0.0,0.0,-2.6536317865309047
85,1,0.0,0.0,0.0,0.0,-0.6980974787573413
85,2,0.0,0.0,0.0,0.0,-0.04771279131455756
85,3,0.0,0.0,0.0,0.0,0.0
85,4,0.0,0.0,0.0,0.0,0.0
86,0,0.0,-0.003866639527357628,0.0,0.0,-2.689215414312588
86,1,0.0,0.0,0.0,0.0,-0.6980974787573413
86,2,0.0,0.0,0.0,0.0,-0.04771279131455756
86,3,0.0,0.0,0.0,0.0,0.0
86,4,0.0,0.0,0.0,0.0,0.0
87,0,0.0,-0.003866639527357628,0.0,0.0,-2.7292385072419605
87,1,0.0,0.0,0.0,0.0,-0.6980974787573413
87,2,0.0,0.0,0.0,0.0,-0.04771279131455756
87,3,0.0,0.0,0.0,0.0,0.0
87,4,0.0,0.0,0.0,0.0,0.0
88,0,0.0,-0.003866639527357628,0.0,0.0,-2.756961986944018
88,1,0.0,0.0,0.0,0.0,-0.6980974787573413
88,2,0.0,0.0,0.0,0.0,-0.04771279131455756
88,3,0.0,0.0,0.0,0.0,0.0
88,4,0.0,0.0,0.0,0.0,0.0
89,0,0.0,-0.003866639527357628,0.0,0.0,-2.7918532692622016
89,1,0.0,0.0,0.0,0.0,-0.6980974787573413
89,2,0.0,0.0,0.0,0.0,-0.04771279131455756
89,3,0.0,0.0,0.0,0.0,0.0
89,4,0.0,0.0,0.0,0.0,0.0
90,0,0.0,-0.003866639527357628,0.0,0.0,-2.8240964992142805
90,1,0.0,0.0,0.0,0.0,-0.6980974787573413
90,2,0.0,0.0,0.0,0.0,-0.04771279131455756
90,3,0.0,0.0,0.0,0.0,0.0
90,4,0.0,0.0,0.0,0.0,0.0
91,0,0.0,-0.003866639527357628,0.0,0.0,-2.850800541054129
91,1,0.0,0.0,0.0,0.0,-0.6980974787573413
91,2,0.0,0.0,0.0,0.0,-0.04771279131455756
91,3,0.0,0.0,0.0,0.0,0.0
91,4,0.0,0.0,0.0,0.0,0.0
92,0,0.0,-0.003866639527357628,0.0,0.0,-2.8889280363020293
92,1,0.0,0.0,0.0,0.0,-0.6980974787573413
92,2,0.0,0.0,0.0,0.0,-0.04771279131455756
92,3,0.0,0.0,0.0,0.0,0.0
92,4,0.0,0.0,0.0,0.0,0.0
93,0,0.0,-0.003866639527357628,0.0,0.0,-2.9295125220573253
93,1,0.0,0.0,0.0,0.0,-0.6980974787573413
93,2,0.0,0.0,0.0,0.0,-0.04771279131455756
93,3,0.0,0.0,0.0,0.0,0.0
93,4,0.0,0.0,0.0,0.0,0.0
94,0,0.0,-0.003866639527357628,0.0,0.0,-2.9613601800996756
94,1,0.0,0.0,0.0,0.0,-0.6980974787573413
94,2,0.0,0.0,0.0,0.0,-0.04771279131455756
94,3,0.0,0.0,0.0,0.0,0.0
94,4,0.0,0.0,0.0,0.0,0.0
95,0,0.0,-0.003866639527357628,0.0,0.0,-3.004018385228098
95,1,0.0,0.0,0.0,0.0,-0.6980974787573413
95,2,0.0,0.0,0.0,0.0,-0.04771279131455756
95,3,0.0,0.0,0.0,0.0,0.0
95,4,0.0,0.0,0.0,0.0,0.0
96,0,0.0,-0.003866639527357628,0.0,0.0,-3.032513911776465
96,1,0.0,0.0,0.0,0.0,-0.6980974787573413
96,2,0.0,0.0,0.0,0.0,-0.04771279131455756
96,3,0.0,0.0,0.0,0.0,0.0
96,4,0.0,0.0,0.0,0.0,0.0
97,0,0.0,-0.003866639527357628,0.0,0.0,-3.0655042236932446
97,1,0.0,0.0,0.0,0.0,-0.6980974787573413
97,2,0.0,0.0,0.0,0.0,-0.04771279131455756
97,3,0.0,0.0,0.0,0.0,0.0
97,4,0.0,0.0,0.0,0.0,0.0
98,0,0.0,-0.003866639527357628,0.0,0.0,-3.1049109884429718
98,1,0.0,0.0,0.0,0.0,-0.6980974787573413
98,2,0.0,0.0,0.0,0.0,-0.04771279131455756
98,3,0.0,0.0,0.0,0.0,0.0
98,4,0.0,0.0,0.0,0.0,0.0
99,0,0.0,-0.003866639527357628,0.0,0.0,-3.1469785694915213
99,1,0.0,0.0,0.0,0.0,-0.6980974787573413
99,2,0.0,0.0,0.0,0.0,-0.04771279131455756
99,3,0.0,0.0,0.0,0.0,0.0
99,4,0.0,0.0,0.0,0.0,0.0
100,0,0.0,-0.003866639527357628,0.0,0.0,-3.1775603395308236
100,1,0.0,0.0,0.0,0.0,-0.6980974787573413
100,2,0.0,0.0,0.0,0.0,-0.04771279131455756
100,3,0.0,0.0,0.0,0.0,0.0
100,4,0.0,0.0,0.0,0.0,0.0
101,0,0.0,-0.003866639527357628,0.0,0.0,-3.2048150145281933
101,1,0.0,0.0,0.0,0.0,-0.6980974787573413
101,2,0.0,0.0,0.0,0.0,-0.04771279131455756
101,3,0.0,0.0,0.0,0.0,0.0
101,4,0.0,0.0,0.0,0.0,0.0
102,0,0.0,-0.003866639527357628,0.0,0.0,-3.234864504233075
102,1,0.0,0.0,0.0,0.0,-0.6980974787573413
102,2,0.0,0.0,0.0,0.0,-0.04771279131455756
102,3,0.0,0.0,0.0,0.0,0.0
102,4,0.0,0.0,0.0,0.0,0.0
103,0,0.0,-0.003866639527357628,0.0,0.0,-3.2621533060767547
103,1,0.0,0.0,0.0,0.0,-0.6980974787573413
103,2,0.0,0.0,0.0,0.0,-0.04771279131455756
103,3,0.0,0.0,0.0,0.0,0.0
103,4,0.0,0.0,0.0,0.0,0.0
104,0,0.0,-0.003866639527357628,0.0,0.0,-3.28991332658136
104,1,0.0,0.0,0.0,0.0,-0.6980974787573413
104,2,0.0,0.0,0.0,0.0,-0.04771279131455756
104,3,0.0,0.0,0.0,0.0,0.0
104,4,0.0,0.0,0.0,0.0,0.0
105,0,0.0,-0.003866639527357628,0.0,0.0,-3.3250862052272363
105,1,0.0,0.0,0.0,0.0,-0.6980974787573413
105,2,0.0,0.0,0.0,0.0,-0.04771279131455756
105,3,0.0,0.0,0.0,0.0,0.0
105,4,0.0,0.0,0.0,0.0,0.0
106,0,0.0,-0.004648614421378627,0.0,0.0,-3.3250862052272363
106,1,0.0,0.0,0.0,0.0,-0.7504655386727775
106,2,0.0,0.0,0.0,0.0,-0.04771279131455756
106,3,0.0,0.0,0.0,0.0,0.0
106,4,0.0,0.0,0.0,0.0,0.0
107,0,0.0,-0.004648614421378627,0.0,0.0,-3.3666668042691827
107,1,0.0,0.0,0.0,0.0,-0.7504655386727775
107,2,0.0,0.0,0.0,0.0,-0.04771279131455756
107,3,0.0,0.0,0.0,0.0,0.0
107,4,0.0,0.0,0.0,0.0,0.0
108,0,0.0,-0.004648614421378627,0.0,0.0,-3.4039244619850164
108,1,0.0,0.0,0.0,0.0,-0.7504655386727775
108,2,0.0,0.0,0.0,0.0,-0.04771279131455756
108,3,0.0,0.0,0.0,0.0,0.0
108,4,0.0,0.0,0.0,0.0,0.0
109,0,0.0,-0.004648614421378627,0.0,0.0,-3.437490934233173
109,1,0.0,0.0,0.0,0.0,-0.7504655386727775
109,2,0.0,0.0,0.0,0.0,-0.04771279131455756
109,3,0.0,0.0,0.0,0.0,0.0
109,4,0.0,0.0,0.0,0.0,0.0
110,0,0.0,-0.004648614421378627,0.0,0.0,-3.471127606582426
110,1,0.0,0.0,0.0,0.0,-0.7504655386727775
110,2,0.0,0.0,0.0,0.0,-0.04771279131455756
110,3,0.0,0.0,0.0,0.0,0.0
110,4,0.0,0.0,0.0,0.0,0.0
111,0,0.0,-0.004648614421378627,0.0,0.0,-3.4904530087191183
111,1,0.0,0.0,0.0,0.0,-0.7504655386727775
111,2,0.0,0.0,0.0,0.0,-0.04771279131455756
111,3,0.0,0.0,0.0,0.0,0.0
111,4,0.0,0.0,0.0,0.0,0.0
112,0,0.0,-0.004648614421378627,0.0,0.0,-3.5223415269703326
112,1,0.0,0.0,0.0,0.0,-0.7504655386727775
112,2,0.0,0.0,0.0,0.0,-0.04771279131455756
112,3,0.0,0.0,0.0,0.0,0.0
112,4,0.0,0.0,0.0,0.0,0.0
113,0,0.0,-0.004648614421378627,0.0,0.0,-3.5602398368210184
113,1,0.0,0.0,0.0,0.0,-0.7504655386727775
113,2,0.0,0.0,0.0,0.0,-0.04771279131455756
113,3,0.0,0.0,0.0,0.0,0.0
113,4,0.0,0.0,0.0,0.0,0.0
114,0,0.0,-0.004648614421378627,0.0,0.0,-3.5832283513217544
114,1,0.0,0.0,0.0,0.0,-0.7504655386727775
114,2,0.0,0.0,0.0,0.0,-0.04771279131455756
114,3,0.0,0.0,0.0,0.0,0.0
114,4,0.0,0.0,0.0,0.0,0.0
115,0,0.0,-0.004648614421378627,0.0,0.0,-3.615102466269326
115,1,0.0,0.0,0.0,0.0,-0.7504655386727775
115,2,0.0,0.0,0.0,0.0,-0.04771279131455756
115,3,0.0,0.0,0.0,0.0,0.0
115,4,0.0,0.0,0.0,0.0,0.0
116,0,0.0,-0.004648614421378627,0.0,0.0,-3.649996667531616
116,1,0.0,0.0,0.0,0.0,-0.7504655386727775
116,2,0.0,0.0,0.0,0.0,-0.04771279131455756
116,3,0.0,0.0,0.0,0.0,0.0
116,4,0.0,0.0,0.0,0.0,0.0
117,0,0.0,-0.004648614421378627,0.0,0.0,-3.6808197724420295
117,1,0.0,0.0,0.0,0.0,-0.7504655386727775
117,2,0.0,0.0,0.0,0.0,-0.04771279131455756
117,3,0.0,0.0,0.0,0.0,0.0
117,4,0.0,0.0,0.0,0.0,0.0
118,0,0.0,-0.004648614421378627,0.0,0.0,-3.729158033627408
118,1,0.0,0.0,0.0,0.0,-0.7504655386727775
118,2,0.0,0.0,0.0,0.0,-0.04771279131455756
118,3,0.0,0.0,0.0,0.0,0.0
118,4,0.0,0.0,0.0,0.0,0.0
119,0,0.0,-0.004648614421378627,0.0,0.0,-3.7707923401440753
119,1,0.0,0.0,0.0,0.0,-0.7504655386727775
119,2,0.0,0.0,0.0,0.0,-0.04771279131455756
119,3,0.0,0.0,0.0,0.0,0.0
119,4,0.0,0.0,0.0,0.0,0.0
120,0,0.0,-0.004648614421378627,0.0,0.0,-3.7935226823017603
120,1,0.0,0.0,0.0,0.0,-0.7504655386727775
120,2,0.0,0.0,0.0,0.0,-0.04771279131455756
120,3,0.0,0.0,0.0,0.0,0.0
120,4,0.0,0.0,0.0,0.0,0.0
121,0,0.0,-0.004648614421378627,0.0,0.0,-3.8032600766217177
121,1,0.0,0.0,0.0,0.0,-0.7504655386727775
121,2,0.0,0.0,0.0,0.0,-0.04771279131455756
121,3,0.0,0.0,0.0,0.0,0.0
121,4,0.0,0.0,0.0,0.0,0.0
122,0,0.0,-0.004648614421378627,0.0,0.0,-3.838049948412904
122,1,0.0,0.0,0.0,0.0,-0.7504655386727775
122,2,0.0,0.0,0.0,0.0,-0.04771279131455756
122,3,0.0,0.0,0.0,0.0,0.0
122,4,0.0,0.0,0.0,0.0,0.0
123,0,0.0,-0.004648614421378627,0.0,0.0,-3.863264020772717
123,1,0.0,0.0,0.0,0.0,-0.7504655386727775
123,2,0.0,0.0,0.0,0.0,-0.04771279131455756
123,3,0.0,0.0,0.0,0.0,0.0
123,4,0.0,0.0,0.0,0.0,0.0
124,0,0.0,-0.004648614421378627,0.0,0.0,-3.9023874778484395
124,1,0.0,0.0,0.0,0.0,-0.7504655386727775
124,2,0.0,0.0,0.0,0.0,-0.04771279131455756
124,3,0.0,0.0,0.0,0.0,0.0
124,4,0.0,0.0,0.0,0.0,0.0
125,0,0.0,-0.004648614421378627,0.0,0.0,-3.925163256633119
125,1,0.0,0.0,0.0,0.0,-0.7504655386727775
125,2,0.0,0.0,0.0,0.0,-0.04771279131455756
125,3,0.0,0.0,0.0,0.0,0.0
125,4,0.0,0.0,0.0,0.0,0.0
126,0,0.0,-0.004648614421378627,0.0,0.0,-3.9529435561529365
126,1,0.0,0.0,0.0,0.0,-0.7504655386727775
126,2,0.0,0.0,0.0,0.0,-0.04771279131455756
126,3,0.0,0.0,0.0,0.0,0.0
126,4,0.0,0.0,0.0,0.0,0.0
127,0,0.0,-0.004648614421378627,0.0,0.0,-3.9939442922123294
127,1,0.0,0.0,0.0,0.0,-0.7504655386727775
127,2,0.0,0.0,0.0,0.0,-0.04771279131455756
127,3,0.0,0.0,0.0,0.0,0.0
127,4,0.0,0.0,0.0,0.0,0.0
128,0,0.0,-0.004648614421378627,0.0,0.0,-4.007665614647237
128,1,0.0,0.0,0.0,0.0,-0.7504655386727775
128,2,0.0,0.0,0.0,0.0,-0.04771279131455756
128,3,0.0,0.0,0.0,0.0,0.0
128,4,0.0,0.0,0.0,0.0,0.0
129,0,0.0,-0.004648614421378627,0.0,0.0,-4.030319284624416
129,1,0.0,0.0,0.0,0.0,-0.7504655386727775
129,2,0.0,0.0,0.0,0.0,-0.04771279131455756
129,3,0.0,0.0,0.0,0.0,0.0
129,4,0.0,0.0,0.0,0.0,0.0
130,0,0.0,-0.004648614421378627,0.0,0.0,-4.064194362254722
130,1,0.0,0.0,0.0,0.0,-0.7504655386727775
130,2,0.0,0.0,0.0,0.0,-0.04771279131455756
130,3,0.0,0.0,0.0,0.0,0.0
130,4,0.0,0.0,0.0,0.0,0.0
131,0,0.0,-0.004648614421378627,0.0,0.0,-4.105715485706237
131,1,0.0,0.0,0.0,0.0,-0.7504655386727775
131,2,0.0,0.0,0.0,0.0,-0.04771279131455756
131,3,0.0,0.0,0.0,0.0,0.0
131,4,0.0,0.0,0.0,0.0,0.0
132,0,0.0,-0.004648614421378627,0.0,0.0,-4.141592887711477
132,1,0.0,0.0,0.0,0.0,-0.7504655386727775
132,2,0.0,0.0,0.0,0.0,-0.04771279131455756
132,3,0.0,0.0,0.0,0.0,0.0
132,4,0.0,0.0,0.0,0.0,0.0
133,0,0.0,-0.004648614421378627,0.0,0.0,-4.172412436451291
133,1,0.0,0.0,0.0,0.0,-0.7504655386727775
133,2,0.0,0.0,0.0,0.0,-0.04771279131455756
133,3,0.0,0.0,0.0,0.0,0.0
133,4,0.0,0.0,0.0,0.0,0.0
134,0,0.0,-0.004648614421378627,0.0,0.0,-4.20476822306073
134,1,0.0,0.0,0.0,0.0,-0.7504655386727775
134,2,0.0,0.0,0.0,0.0,-0.04771279131455756
134,3,0.0,0.0,0.0,0.0,0.0
134,4,0.0,0.0,0.0,0.0,0.0
135,0,0.0,-0.004648614421378627,0.0,0.0,-4.231782781378158
135,1,0.0,0.0,0.0,0.0,-0.7504655386727775
135,2,0.0,0.0,0.0,0.0,-0.04771279131455756
135,3,0.0,0.0,0.0,0.0,0.0
135,4,0.0,0.0,0.0,0.0,0.0
136,0,0.0,-0.004648614421378627,0.0,0.0,-4.274158547535978
136,1,0.0,0.0,0.0,0.0,-0.7504655386727775
136,2,0.0,0.0,0.0,0.0,-0.04771279131455756
136,3,0.0,0.0,0.0,0.0,0.0
136,4,0.0,0.0,0.0,0.0,0.0
137,0,0.0,-0.004648614421378627,0.0,0.0,-4.290411934539506
137,1,0.0,0.0,0.0,0.0,-0.7504655386727775
137,2,0.0,0.0,0.0,0.0,-0.04771279131455756
137,3,0.0,0.0,0.0,0.0,0.0
137,4,0.0,0.0,0.0,0.0,0.0
138,0,0.0,-0.004648614421378627,0.0,0.0,-4.329032803022035
138,1,0.0,0.0,0.0,0.0,-0.7504655386727775
138,2,0.0,0.0,0.0,0.0,-0.04771279131455756
138,3,0.0,0.0,0.0,0.0,0.0
138,4,0.0,0.0,0.0,0.0,0.0
139,0,0.0,-0.004648614421378627,0.0,0.0,-4.3441628993260295
139,1,0.0,0.0,0.0,0.0,-0.7504655386727775
139,2,0.0,0.0,0.0,0.0,-0.04771279131455756
139,3,0.0,0.0,0.0,0.0,0.0
139,4,0.0,0.0,0.0,0.0,0.0
140,0,0.0,-0.004648614421378627,0.0,0.0,-4.367476792334475
140,1,0.0,0.0,0.0,0.0,-0.7504655386727775
140,2,0.0,0.0,0.0,0.0,-0.04771279131455756
140,3,0.0,0.0,0.0,0.0,0.0
140,4,0.0,0.0,0.0,0.0,0.0
141,0,0.0,-0.004648614421378627,0.0,0.0,-4.399286732215611
141,1,0.0,0.0,0.0,0.0,-0.7504655386727775
141,2,0.0,0.0,0.0,0.0,-0.04771279131455756
141,3,0.0,0.0,0.0,0.0,0.0
141,4,0.0,0.0,0.0,0.0,0.0
142,0,0.0,-0.004648614421378627,0.0,0.0,-4.434608001566647
142,1,0.0,0.0,0.0,0.0,-0.7504655386727775
142,2,0.0,0.0,0.0,0.0,-0.04771279131455756
142,3,0.0,0.0,0.0,0.0,0.0
142,4,0.0,0.0,0.0,0.0,0.0
143,0,0.0,-0.004648614421378627,0.0,0.0,-4.454726290472287
143,1,0.0,0.0,0.0,0.0,-0.7504655386727775
143,2,0.0,0.0,0.0,0.0,-0.04771279131455756
143,3,0.0,0.0,0.0,0.0,0.0
143,4,0.0,0.0,0.0,0.0,0.0
144,0,0.0,-0.004648614421378627,0.0,0.0,-4.478435457019359
144,1,0.0,0.0,0.0,0.0,-0.7504655386727775
144,2,0.0,0.0,0.0,0.0,-0.04771279131455756
144,3,0.0,0.0,0.0,0.0,0.0
144,4,0.0,0.0,0.0,0.0,0.0
145,0,0.0,-0.004648614421378627,0.0,0.0,-4.524536625843806
145,1,0.0,0.0,0.0,0.0,-0.7504655386727775
145,2,0.0,0.0,0.0,0.0,-0.04771279131455756
145,3,0.0,0.0,0.0,0.0,0.0
145,4,0.0,0.0,0.0,0.0,0.0
146,0,0.0,-0.004648614421378627,0.0,0.0,-4.555435643729957
146,1,0.0,0.0,0.0,0.0,-0.7504655386727775
146,2,0.0,0.0,0.0,0.0,-0.04771279131455756
146,3,0.0,0.0,0.0,0.0,0.0
146,4,0.0,0.0,0.0,0.0,0.0
147,0,0.0,-0.004648614421378627,0.0,0.0,-4.589768015866319
147,1,0.0,0.0,0.0,0.0,-0.7504655386727775
147,2,0.0,0.0,0.0,0.0,-0.04771279131455756
147,3,0.0,0.0,0.0,0.0,0.0
147,4,0.0,0.0,0.0,0.0,0.0
148,0,0.0,-0.004648614421378627,0.0,0.0,-4.609688636286055
148,1,0.0,0.0,0.0,0.0,-0.7504655386727775
148,2,0.0,0.0,0.0,0.0,-0.04771279131455756
148,3,0.0,0.0,0.0,0.0,0.0
148,4,0.0,0.0,0.0,0.0,0.0
149,0,0.0,-0.004648614421378627,0.0,0.0,-4.635447149287261
149,1,0.0,0.0,0.0,0.0,-0.7504655386727775
149,2,0.0,0.0,0.0,0.0,-0.04771279131455756
149,3,0.0,0.0,0.0,0.0,0.0
149,4,0.0,0.0,0.0,0.0,0.0
150,0,0.0,-0.004648614421378627,0.0,0.0,-4.658356318651446
150,1,0.0,0.0,0.0,0.0,-0.7504655386727775
150,2,0.0,0.0,0.0,0.0,-0.04771279131455756
150,3,0.0,0.0,0.0,0.0,0.0
150,4,0.0,0.0,0.0,0.0,0.0
151,0,0.0,-0.004648614421378627,0.0,0.0,-4.685945549409322
151,1,0.0,0.0,0.0,0.0,-0.7504655386727775
151,2,0.0,0.0,0.0,0.0,-0.04771279131455756
151,3,0.0,0.0,0.0,0.0,0.0
151,4,0.0,0.0,0.0,0.0,0.0
152,0,0.0,-0.004648614421378627,0.0,0.0,-4.724806197854719
152,1,0.0,0.0,0.0,0.0,-0.7504655386727775
152,2,0.0,0.0,0.0,0.0,-0.04771279131455756
152,3,0.0,0.0,0.0,0.0,0.0
152,4,0.0,0.0,0.0,0.0,0.0
153,0,0.0,-0.004648614421378627,0.0,0.0,-4.758242413234225
153,1,0.0,0.0,0.0,0.0,-0.7504655386727775
153,2,0.0,0.0,0.0,0.0,-0.04771279131455756
153,3,0.0,0.0,0.0,0.0,0.0
153,4,0.0,0.0,0.0,0.0,0.0
154,0,0.0,-0.004648614421378627,0.0,0.0,-4.79006948856144
154,1,0.0,0.0,0.0,0.0,-0.7504655386727775
154,2,0.0,0.0,0.0,0.0,-0.04771279131455756
154,3,0.0,0.0,0.0,0.0,0.0
154,4,0.0,0.0,0.0,0.0,0.0
155,0,0.0,-0.004648614421378627,0.0,0.0,-4.814534515769552
155,1,0.0,0.0,0.0,0.0,-0.7504655386727775
155,2,0.0,0.0,0.0,0.0,-0.04771279131455756
155,3,0.0,0.0,0.0,0.0,0.0
155,4,0.0,0.0,0.0,0.0,0.0
156,0,0.0,-0.004648614421378627,0.0,0.0,-4.8387506579210875
156,1,0.0,0.0,0.0,0.0,-0.7504655386727775
156,2,0.0,0.0,0.0,0.0,-0.04771279131455756
156,3,0.0,0.0,0.0,0.0,0.0
156,4,0.0,0.0,0.0,0.0,0.0
157,0,0.0,-0.004648614421378627,0.0,0.0,-4.872940321041296
157,1,0.0,0.0,0.0,0.0,-0.7504655386727775
157,2,0.0,0.0,0.0,0.0,-0.04771279131455756
157,3,0.0,0.0,0.0,0.0,0.0
157,4,0.0,0.0,0.0,0.0,0.0
158,0,0.0,-0.004648614421378627,0.0,0.0,-4.906863049171965
158,1,0.0,0.0,0.0,0.0,-0.7504655386727775
158,2,0.0,0.0,0.0,0.0,-0.04771279131455756
158,3,0.0,0.0,0.0,0.0,0.0
158,4,0.0,0.0,0.0,0.0,0.0
159,0,0.0,-0.004648614421378627,0.0,0.0,-4.933975776167654
159,1,0.0,0.0,0.0,0.0,-0.7504655386727775
159,2,0.0,0.0,0.0,0.0,-0.04771279131455756
159,3,0.0,0.0,0.0,0.0,0.0
159,4,0.0,0.0,0.0,0.0,0.0
160,0,0.0,-0.004648614421378627,0.0,0.0,-4.960631014227483
160,1,0.0,0.0,0.0,0.0,-0.7504655386727775
160,2,0.0,0.0,0.0,0.0,-0.04771279131455756
160,3,0.0,0.0,0.0,0.0,0.0
160,4,0.0,0.0,0.0,0.0,0.0
161,0,0.0,-0.004648614421378627,0.0,0.0,-4.998984978242454
161,1,0.0,0.0,0.0,0.0,-0.7504655386727775
161,2,0.0,0.0,0.0,0.0,-0.04771279131455756
161,3,0.0,0.0,0.0,0.0,0.0
161,4,0.0,0.0,0.0,0.0,0.0
162,0,0.0,-0.004648614421378627,0.0,0.0,-5.020712282338125
162,1,0.0,0.0,0.0,0.0,-0.7504655386727775
162,2,0.0,0.0,0.0,0.0,-0.04771279131455756
162,3,0.0,0.0,0.0,0.0,0.0
162,4,0.0,0.0,0.0,0.0,0.0
163,0,0.0,-0.004648614421378627,0.0,0.0,-5.0560931112340715
163,1,0.0,0.0,0.0,0.0,-0.7504655386727775
163,2,0.0,0.0,0.0,0.0,-0.04771279131455756
163,3,0.0,0.0,0.0,0.0,0.0
163,4,0.0,0.0,0.0,0.0,0.0
164,0,0.0,-0.004648614421378627,0.0,0.0,-5.076840407981784
164,1,0.0,0.0,0.0,0.0,-0.7504655386727775
164,2,0.0,0.0,0.0,0.0,-0.04771279131455756
164,3,0.0,0.0,0.0,0.0,0.0
164,4,0.0,0.0,0.0,0.0,0.0
165,0,0.0,-0.004648614421378627,0.0,0.0,-5.09567394474561
165,1,0.0,0.0,0.0,0.0,-0.7504655386727775
165,2,0.0,0.0,0.0,0.0,-0.04771279131455756
165,3,0.0,0.0,0.0,0.0,0.0
165,4,0.0,0.0,0.0,0.0,0.0
166,0,0.0,-0.004648614421378627,0.0,0.0,-5.122137761875572
166,1,0.0,0.0,0.0,0.0,-0.7504655386727775
166,2,0.0,0.0,0.0,0.0,-0.04771279131455756
166,3,0.0,0.0,0.0,0.0,0.0
166,4,0.0,0.0,0.0,0.0,0.0
167,0,0.0,-0.004648614421378627,0.0,0.0,-5.158334816143433
167,1,0.0,0.0,0.0,0.0,-0.7504655386727775
167,2,0.0,0.0,0.0,0.0,-0.04771279131455756
167,3,0.0,0.0,0.0,0.0,0.0
167,4,0.0,0.0,0.0,0.0,0.0
168,0,0.0,-0.004648614421378627,0.0,0.0,-5.191450979805719
168,1,0.0,0.0,0.0,0.0,-0.7504655386727775
168,2,0.0,0.0,0.0,0.0,-0.04771279131455756
168,3,0.0,0.0,0.0,0.0,0.0
168,4,0.0,0.0,0.0,0.0,0.0
169,0,0.0,-0.004648614421378627,0.0,0.0,-5.226938443587297
169,1,0.0,0.0,0.0,0.0,-0.7504655386727775
169,2,0.0,0.0,0.0,0.0,-0.04771279131455756
169,3,0.0,0.0,0.0,0.0,0.0
169,4,0.0,0.0,0.0,0.0,0.0
170,0,0.0,-0.004648614421378627,0.0,0.0,-5.247055706330242
170,1,0.0,0.0,0.0,0.0,-0.7504655386727775
170,2,0.0,0.0,0.0,0.0,-0.04771279131455756
170,3,0.0,0.0,0.0,0.0,0.0
170,4,0.0,0.0,0.0,0.0,0.0
171,0,0.0,-0.004648614421378627,0.0,0.0,-5.292689740659473
171,1,0.0,0.0,0.0,0.0,-0.7504655386727775
171,2,0.0,0.0,0.0,0.0,-0.04771279131455756
171,3,0.0,0.0,0.0,0.0,0.0
171,4,0.0,0.0,0.0,0.0,0.0
172,0,0.0,-0.004648614421378627,0.0,0.0,-5.330585319826067
172,1,0.0,0.0,0.0,0.0,-0.7504655386727775
172,2,0.0,0.0,0.0,0.0,-0.04771279131455756
172,3,0.0,0.0,0.0,0.0,0.0
172,4,0.0,0.0,0.0,0.0,0.0
173,0,0.0,-0.004648614421378627,0.0,0.0,-5.355095515428604
173,1,0.0,0.0,0.0,0.0,-0.7504655386727775
173,2,0.0,0.0,0.0,0.0,-0.04771279131455756
173,3,0.0,0.0,0.0,0.0,0.0
173,4,0.0,0.0,0.0,0.0,0.0
174,0,0.0,-0.004648614421378627,0.0,0.0,-5.377583275185157
174,1,0.0,0.0,0.0,0.0,-0.7504655386727775
174,2,0.0,0.0,0.0,0.0,-0.04771279131455756
174,3,0.0,0.0,0.0,0.0,0.0
174,4,0.0,0.0,0.0,0.0,0.0
175,0,0.0,-0.004648614421378627,0.0,0.0,-5.392802421655849
175,1,0.0,0.0,0.0,0.0,-0.7504655386727775
175,2,0.0,0.0,0.0,0.0,-0.04771279131455756
175,3,0.0,0.0,0.0,0.0,0.0
175,4,0.0,0.0,0.0,0.0,0.0
176,0,0.0,-0.004648614421378627,0.0,0.0,-5.418106986589691
176,1,0.0,0.0,0.0,0.0,-0.7504655386727775
176,2,0.0,0.0,0.0,0.0,-0.04771279131455756
176,3,0.0,0.0,0.0,0.0,0.0
176,4,0.0,0.0,0.0,0.0,0.0
177,0,0.0,-0.004648614421378627,0.0,0.0,-5.447515509497547
177,1,0.0,0.0,0.0,0.0,-0.7504655386727775
177,2,0.0,0.0,0.0,0.0,-0.04771279131455756
177,3,0.0,0.0,0.0,0.0,0.0
177,4,0.0,0.0,0.0,0.0,0.0
178,0,0.0,-0.004648614421378627,0.0,0.0,-5.482457608084178
178,1,0.0,0.0,0.0,0.0,-0.7504655386727775
178,2,0.0,0.0,0.0,0.0,-0.04771279131455756
178,3,0.0,0.0,0.0,0.0,0.0
178,4,0.0,0.0,0.0,0.0,0.0
179,0,0.0,-0.004648614421378627,0.0,0.0,-5.512029256877803
179,1,0.0,0.0,0.0,0.0,-0.7504655386727775
179,2,0.0,0.0,0.0,0.0,-0.04771279131455756
179,3,0.0,0.0,0.0,0.0,0.0
179,4,0.0,0.0,0.0,0.0,0.0
180,0,0.0,-0.004648614421378627,0.0,0.0,-5.538897118690927
180,1,0.0,0.0,0.0,0.0,-0.7504655386727775
180,2,0.0,0.0,0.0,0.0,-0.04771279131455756
180,3,0.0,0.0,0.0,0.0,0.0
180,4,0.0,0.0,0.0,0.0,0.0
181,0,0.0,-0.004648614421378627,0.0,0.0,-5.559494999489034
181,1,0.0,0.0,0.0,0.0,-0.7504655386727775
181,2,0.0,0.0,0.0,0.0,-0.04771279131455756
181,3,0.0,0.0,0.0,0.0,0.0
181,4,0.0,0.0,0.0,0.0,0.0
182,0,0.0,-0.004648614421378627,0.0,0.0,-5.5715825496912075
182,1,0.0,0.0,0.0,0.0,-0.7504655386727775
182,2,0.0,0.0,0.0,0.0,-0.04771279131455756
182,3,0.0,0.0,0.0,0.0,0.0
182,4,0.0,0.0,0.0,0.0,0.0
183,0,0.0,-0.004648614421378627,0.0,0.0,-5.595641736106646
183,1,0.0,0.0,0.0,0.0,-0.7504655386727775
183,2,0.0,0.0,0.0,0.0,-0.04771279131455756
183,3,0.0,0.0,0.0,0.0,0.0
183,4,0.0,0.0,0.0,0.0,0.0
184,0,0.0,-0.004648614421378627,0.0,0.0,-5.621035739351725
184,1,0.0,0.0,0.0,0.0,-0.7504655386727775
184,2,0.0,0.0,0.0,0.0,-0.04771279131455756
184,3,0.0,0.0,0.0,0.0,0.0
184,4,0.0,0.0,0.0,0.0,0.0
185,0,0.0,-0.004648614421378627,0.0,0.0,-5.648598457773314
185,1,0.0,0.0,0.0,0.0,-0.7504655386727775
185,2,0.0,0.0,0.0,0.0,-0.04771279131455756
185,3,0.0,0.0,0.0,0.0,0.0
185,4,0.0,0.0,0.0,0.0,0.0
186,0,0.0,-0.004648614421378627,0.0,0.0,-5.674183209315392
186,1,0.0,0.0,0.0,0.0,-0.7504655386727775
186,2,0.0,0.0,0.0,0.0,-0.04771279131455756
186,3,0.0,0.0,0.0,0.0,0.0
186,4,0.0,0.0,0.0,0.0,0.0
187,0,0.0,-0.004648614421378627,0.0,0.0,-5.7005944613222965
187,1,0.0,0.0,0.0,0.0,-0.7504655386727775
187,2,0.0,0.0,0.0,0.0,-0.04771279131455756
187,3,0.0,0.0,0.0,0.0,0.0
187,4,0.0,0.0,0.0,0.0,0.0
188,0,0.0,-0.004648614421378627,0.0,0.0,-5.727666750516047
188,1,0.0,0.0,0.0,0.0,-0.7504655386727775
188,2,0.0,0.0,0.0,0.0,-0.04771279131455756
188,3,0.0,0.0,0.0,0.0,0.0
188,4,0.0,0.0,0.0,0.0,0.0
189,0,0.0,-0.004648614421378627,0.0,0.0,-5.760225466611704
189,1,0.0,0.0,0.0,0.0,-0.7504655386727775
189,2,0.0,0.0,0.0,0.0,-0.04771279131455756
189,3,0.0,0.0,0.0,0.0,0.0
189,4,0.0,0.0,0.0,0.0,0.0
190,0,0.0,-0.004648614421378627,0.0,0.0,-5.787485360627592
190,1,0.0,0.0,0.0,0.0,-0.7504655386727775
190,2,0.0,0.0,0.0,0.0,-0.04771279131455756
190,3,0.0,0.0,0.0,0.0,0.0
190,4,0.0,0.0,0.0,0.0,0.0
191,0,0.0,-0.004648614421378627,0.0,0.0,-5.811278088043308
191,1,0.0,0.0,0.0,0.0,-0.7504655386727775
191,2,0.0,0.0,0.0,0.0,-0.04771279131455756
191,3,0.0,0.0,0.0,0.0,0.0
191,4,0.0,0.0,0.0,0.0,0.0
192,0,0.0,-0.004648614421378627,0.0,0.0,-5.842642232058789
192,1,0.0,0.0,0.0,0.0,-0.7504655386727775
192,2,0.0,0.0,0.0,0.0,-0.04771279131455756
192,3,0.0,0.0,0.0,0.0,0.0
192,4,0.0,0.0,0.0,0.0,0.0
193,0,0.0,-0.004648614421378627,0.0,0.0,-5.867236657798496
193,1,0.0,0.0,0.0,0.0,-0.7504655386727775
193,2,0.0,0.0,0.0,0.0,-0.04771279131455756
193,3,0.0,0.0,0.0,0.0,0.0
193,4,0.0,0.0,0.0,0.0,0.0
194,0,0.0,-0.004648614421378627,0.0,0.0,-5.906057659014751
194,1,0.0,0.0,0.0,0.0,-0.7504655386727775
194,2,0.0,0.0,0.0,0.0,-0.04771279131455756
194,3,0.0,0.0,0.0,0.0,0.0
194,4,0.0,0.0,0.0,0.0,0.0
195,0,0.0,-0.004648614421378627,0.0,0.0,-5.927328775653847
195,1,0.0,0.0,0.0,0.0,-0.7504655386727775
195,2,0.0,0.0,0.0,0.0,-0.04771279131455756
195,3,0.0,0.0,0.0,0.0,0.0
195,4,0.0,0.0,0.0,0.0,0.0
196,0,0.0,-0.004648614421378627,0.0,0.0,-5.949237095852902
196,1,0.0,0.0,0.0,0.0,-0.7504655386727775
196,2,0.0,0.0,0.0,0.0,-0.04771279131455756
196,3,0.0,0.0,0.0,0.0,0.0
196,4,0.0,0.0,0.0,0.0,0.0
197,0,0.0,-0.004648614421378627,0.0,0.0,-5.966201230131524
197,1,0.0,0.0,0.0,0.0,-0.7504655386727775
197,2,0.0,0.0,0.0,0.0,-0.04771279131455756
197,3,0.0,0.0,0.0,0.0,0.0
197,4,0.0,0.0,0.0,0.0,0.0
198,0,0.0,-0.004648614421378627,0.0,0.0,-5.992822710521498
198,1,0.0,0.0,0.0,0.0,-0.7504655386727775
198,2,0.0,0.0,0.0,0.0,-0.04771279131455756
198,3,0.0,0.0,0.0,0.0,0.0
198,4,0.0,0.0,0.0,0.0,0.0
199,0,0.0,-0.004648614421378627,0.0,0.0,-6.0162727925233055
199,1,0.0,0.0,0.0,0.0,-0.7504655386727775
199,2,0.0,0.0,0.0,0.0,-0.04771279131455756
199,3,0.0,0.0,0.0,0.0,0.0
199,4,0.0,0.0,0.0,0.0,0.0
200,0,0.0,-0.004648614421378627,0.0,0.0,-6.041476155885797
200,1,0.0,0.0,0.0,0.0,-0.7504655386727775
200,2,0.0,0.0,0.0,0.0,-0.04771279131455756
200,3,0.0,0.0,0.0,0.0,0.0
200,4,0.0,0.0,0.0,0.0,0.0
201,0,0.0,-0.004648614421378627,0.0,0.0,-6.064962222231865
201,1,0.0,0.0,0.0,0.0,-0.7504655386727775
201,2,0.0,0.0,0.0,0.0,-0.04771279131455756
201,3,0.0,0.0,0.0,0.0,0.0
201,4,0.0,0.0,0.0,0.0,0.0
202,0,0.0,-0.004648614421378627,0.0,0.0,-6.0902428460745135
202,1,0.0,0.0,0.0,0.0,-0.7504655386727775
202,2,0.0,0.0,0.0,0.0,-0.04771279131455756
202,3,0.0,0.0,0.0,0.0,0.0
202,4,0.0,0.0,0.0,0.0,0.0
203,0,0.0,-0.004648614421378627,0.0,0.0,-6.112142628458273
203,1,0.0,0.0,0.0,0.0,-0.7504655386727775
203,2,0.0,0.0,0.0,0.0,-0.04771279131455756
203,3,0.0,0.0,0.0,0.0,0.0
203,4,0.0,0.0,0.0,0.0,0.0
204,0,0.0,-0.004648614421378627,0.0,0.0,-6.1455805994615185
204,1,0.0,0.0,0.0,0.0,-0.7504655386727775
204,2,0.0,0.0,0.0,0.0,-0.04771279131455756
204,3,0.0,0.0,0.0,0.0,0.0
204,4,0.0,0.0,0.0,0.0,0.0
205,0,0.0,-0.004648614421378627,0.0,0.0,-6.170273045962995
205,1,0.0,0.0,0.0,0.0,-0.7504655386727775
205,2,0.0,0.0,0.0,0.0,-0.04771279131455756
205,3,0.0,0.0,0.0,0.0,0.0
205,4,0.0,0.0,0.0,0.0,0.0
206,0,0.0,-0.004648614421378627,0.0,0.0,-6.192373492179814
206,1,0.0,0.0,0.0,0.0,-0.7504655386727775
206,2,0.0,0.0,0.0,0.0,-0.04771279131455756
206,3,0.0,0.0,0.0,0.0,0.0
206,4,0.0,0.0,0.0,0.0,0.0
207,0,0.0,-0.004648614421378627,0.0,0.0,-6.210848524826006
207,1,0.0,0.0,0.0,0.0,-0.7504655386727775
207,2,0.0,0.0,0.0,0.0,-0.04771279131455756
207,3,0.0,0.0,0.0,0.0,0.0
207,4,0.0,0.0,0.0,0.0,0.0
208,0,0.0,-0.004648614421378627,0.0,0.0,-6.223792958491107
208,1,0.0,0.0,0.0,0.0,-0.7504655386727775
208,2,0.0,0.0,0.0,0.0,-0.04771279131455756
208,3,0.0,0.0,0.0,0.0,0.0
208,4,0.0,0.0,0.0,0.0,0.0
209,0,0.0,-0.004648614421378627,0.0,0.0,-6.2483688005711135
209,1,0.0,0.0,0.0,0.0,-0.7504655386727775
209,2,0.0,0.0,0.0,0.0,-0.04771279131455756
209,3,0.0,0.0,0.0,0.0,0.0
209,4,0.0,0.0,0.0,0.0,0.0
210,0,0.0,-0.004648614421378627,0.0,0.0,-6.271653513177797
210,1,0.0,0.0,0.0,0.0,-0.7504655386727775
210,2,0.0,0.0,0.0,0.0,-0.04771279131455756
210,3,0.0,0.0,0.0,0.0,0.0
210,4,0.0,0.0,0.0,0.0,0.0
211,0,0.0,-0.004648614421378627,0.0,0.0,-6.298768530967984
211,1,0.0,0.0,0.0,0.0,-0.7504655386727775
211,2,0.0,0.0,0.0,0.0,-0.04771279131455756
211,3,0.0,0.0,0.0,0.0,0.0
211,4,0.0,0.0,0.0,0.0,0.0
212,0,0.0,-0.004648614421378627,0.0,0.0,-6.318898794559001
212,1,0.0,0.0,0.0,0.0,-0.7504655386727775
212,2,0.0,0.0,0.0,0.0,-0.04771279131455756
212,3,0.0,0.0,0.0,0.0,0.0
212,4,0.0,0.0,0.0,0.0,0.0
213,0,0.0,-0.004648614421378627,0.0,0.0,-6.339221760342517
213,1,0.0,0.0,0.0,0.0,-0.7504655386727775
213,2,0.0,0.0,0.0,0.0,-0.04771279131455756
213,3,0.0,0.0,0.0,0.0,0.0
213,4,0.0,0.0,0.0,0.0,0.0
214,0,0.0,-0.004648614421378627,0.0,0.0,-6.362615399621885
214,1,0.0,0.0,0.0,0.0,-0.7504655386727775
214,2,0.0,0.0,0.0,0.0,-0.04771279131455756
214,3,0.0,0.0,0.0,0.0,0.0
214,4,0.0,0.0,0.0,0.0,0.0
215,0,0.0,-0.004648614421378627,0.0,0.0,-6.383793578207657
215,1,0.0,0.0,0.0,0.0,-0.7504655386727775
215,2,0.0,0.0,0.0,0.0,-0.04771279131455756
215,3,0.0,0.0,0.0,0.0,0.0
215,4,0.0,0.0,0.0,0.0,0.0
216,0,0.0,-0.004648614421378627,0.0,0.0,-6.396204008438945
216,1,0.0,0.0,0.0,0.0,-0.7504655386727775
216,2,0.0,0.0,0.0,0.0,-0.04771279131455756
216,3,0.0,0.0,0.0,0.0,0.0
216,4,0.0,0.0,0.0,0.0,0.0
217,0,0.0,-0.004648614421378627,0.0,0.0,-6.412080244131398
217,1,0.0,0.0,0.0,0.0,-0.7504655386727775
217,2,0.0,0.0,0.0,0.0,-0.04771279131455756
217,3,0.0,0.0,0.0,0.0,0.0
217,4,0.0,0.0,0.0,0.0,0.0
218,0,0.0,-0.004648614421378627,0.0,0.0,-6.433626746994816
218,1,0.0,0.0,0.0,0.0,-0.7504655386727775
218,2,0.0,0.0,0.0,0.0,-0.04771279131455756
218,3,0.0,0.0,0.0,0.0,0.0
218,4,0.0,0.0,0.0,0.0,0.0
219,0,0.0,-0.004648614421378627,0.0,0.0,-6.467654672765261
219,1,0.0,0.0,0.0,0.0,-0.7504655386727775
219,2,0.0,0.0,0.0,0.0,-0.04771279131455756
219,3,0.0,0.0,0.0,0.0,0.0
219,4,0.0,0.0,0.0,0.0,0.0
220,0,0.0,-0.004648614421378627,0.0,0.0,-6.484116497323507
220,1,0.0,0.0,0.0,0.0,-0.7504655386727775
220,2,0.0,0.0,0.0,0.0,-0.04771279131455756
220,3,0.0,0.0,0.0,0.0,0.0
220,4,0.0,0.0,0.0,0.0,0.0
221,0,0.0,-0.004648614421378627,0.0,0.0,-6.5110898720807535
221,1,0.0,0.0,0.0,0.0,-0.7504655386727775
221,2,0.0,0.0,0.0,0.0,-0.04771279131455756
221,3,0.0,0.0,0.0,0.0,0.0
221,4,0.0,0.0,0.0,0.0,0.0
222,0,0.0,-0.004648614421378627,0.0,0.0,-6.523976638840263
222,1,0.0,0.0,0.0,0.0,-0.7504655386727775
222,2,0.0,0.0,0.0,0.0,-0.04771279131455756
222,3,0.0,0.0,0.0,0.0,0.0
222,4,0.0,0.0,0.0,0.0,0.0
223,0,0.0,-0.004648614421378627,0.0,0.0,-6.546831446118044
223,1,0.0,0.0,0.0,0.0,-0.7504655386727775
223,2,0.0,0.0,0.0,0.0,-0.04771279131455756
223,3,0.0,0.0,0.0,0.0,0.0
223,4,0.0,0.0,0.0,0.0,0.0
224,0,0.0,-0.004648614421378627,0.0,0.0,-6.569573401455858
224,1,0.0,0.0,0.0,0.0,-0.7504655386727775
224,2,0.0,0.0,0.0,0.0,-0.04771279131455756
224,3,0.0,0.0,0.0,0.0,0.0
224,4,0.0,0.0,0.0,0.0,0.0
225,0,0.0,-0.004648614421378627,0.0,0.0,-6.591623800548305
225,1,0.0,0.0,0.0,0.0,-0.7504655386727775
225,2,0.0,0.0,0.0,0.0,-0.04771279131455756
225,3,0.0,0.0,0.0,0.0,0.0
225,4,0.0,0.0,0.0,0.0,0.0
226,0,0.0,-0.004648614421378627,0.0,0.0,-6.618569959209079
226,1,0.0,0.0,0.0,0.0,-0.7504655386727775
226,2,0.0,0.0,0.0,0.0,-0.04771279131455756
226,3,0.0,0.0,0.0,0.0,0.0
226,4,0.0,0.0,0.0,0.0,0.0
227,0,0.0,-0.004648614421378627,0.0,0.0,-6.643384340462669
227,1,0.0,0.0,0.0,0.0,-0.7504655386727775
227,2,0.0,0.0,0.0,0.0,-0.04771279131455756
227,3,0.0,0.0,0.0,0.0,0.0
227,4,0.0,0.0,0.0,0.0,0.0
228,0,0.0,-0.004648614421378627,0.0,0.0,-6.683221497616255
228,1,0.0,0.0,0.0,0.0,-0.7504655386727775
228,2,0.0,0.0,0.0,0.0,-0.04771279131455756
228,3,0.0,0.0,0.0,0.0,0.0
228,4,0.0,0.0,0.0,0.0,0.0
229,0,0.0,-0.004648614421378627,0.0,0.0,-6.702872789225323
229,1,0.0,0.0,0.0,0.0,-0.7504655386727775
229,2,0.0,0.0,0.0,0.0,-0.04771279131455756
229,3,0.0,0.0,0.0,0.0,0.0
229,4,0.0,0.0,0.0,0.0,0.0
230,0,0.0,-0.004648614421378627,0.0,0.0,-6.722030339203736
230,1,0.0,0.0,0.0,0.0,-0.7504655386727775
230,2,0.0,0.0,0.0,0.0,-0.04771279131455756
230,3,0.0,0.0,0.0,0.0,0.0
230,4,0.0,0.0,0.0,0.0,0.0
231,0,0.0,-0.004648614421378627,0.0,0.0,-6.73965628223865
231,1,0.0,0.0,0.0,0.0,-0.7504655386727775
231,2,0.0,0.0,0.0,0.0,-0.04771279131455756
231,3,0.0,0.0,0.0,0.0,0.0
231,4,0.0,0.0,0.0,0.0,0.0
232,0,0.0,-0.004648614421378627,0.0,0.0,-6.775547931764186
232,1,0.0,0.0,0.0,0.0,-0.7504655386727775
232,2,0.0,0.0,0.0,0.0,-0.04771279131455756
232,3,0.0,0.0,0.0,0.0,0.0
232,4,0.0,0.0,0.0,0.0,0.0
233,0,0.0,-0.004648614421378627,0.0,0.0,-6.787689383987171
233,1,0.0,0.0,0.0,0.0,-0.7504655386727775
233,2,0.0,0.0,0.0,0.0,-0.04771279131455756
233,3,0.0,0.0,0.0,0.0,0.0
233,4,0.0,0.0,0.0,0.0,0.0
234,0,0.0,-0.004648614421378627,0.0,0.0,-6.809091269176416
234,1,0.0,0.0,0.0,0.0,-0.7504655386727775
234,2,0.0,0.0,0.0,0.0,-0.04771279131455756
234,3,0.0,0.0,0.0,0.0,0.0
234,4,0.0,0.0,0.0,0.0,0.0
235,0,0.0,-0.004648614421378627,0.0,0.0,-6.836392179365134
235,1,0.0,0.0,0.0,0.0,-0.7504655386727775
235,2,0.0,0.0,0.0,0.0,-0.04771279131455756
235,3,0.0,0.0,0.0,0.0,0.0
235,4,0.0,0.0,0.0,0.0,0.0
236,0,0.0,-0.004648614421378627,0.0,0.0,-6.8553164476778505
236,1,0.0,0.0,0.0,0.0,-0.7504655386727775
236,2,0.0,0.0,0.0,0.0,-0.04771279131455756
236,3,0.0,0.0,0.0,0.0,0.0
236,4,0.0,0.0,0.0,0.0,0.0
237,0,0.0,-0.004648614421378627,0.0,0.0,-6.885368979643375
237,1,0.0,0.0,0.0,0.0,-0.7504655386727775
237,2,0.0,0.0,0.0,0.0,-0.04771279131455756
237,3,0.0,0.0,0.0,0.0,0.0
237,4,0.0,0.0,0.0,0.0,0.0
238,0,0.0,-0.004648614421378627,0.0,0.0,-6.907982660259225
238,1,0.0,0.0,0.0,0.0,-0.7504655386727775
238,2,0.0,0.0,0.0,0.0,-0.04771279131455756
238,3,0.0,0.0,0.0,0.0,0.0
238,4,0.0,0.0,0.0,0.0,0.0
239,0,0.0,-0.004648614421378627,0.0,0.0,-6.928360696873838
239,1,0.0,0.0,0.0,0.0,-0.7504655386727775
239,2,0.0,0.0,0.0,0.0,-0.04771279131455756
239,3,0.0,0.0,0.0,0.0,0.0
239,4,0.0,0.0,0.0,0.0,0.0
240,0,0.0,-0.004648614421378627,0.0,0.0,-6.9419577729470054
240,1,0.0,0.0,0.0,0.0,-0.7504655386727775
240,2,0.0,0.0,0.0,0.0,-0.04771279131455756
240,3,0.0,0.0,0.0,0.0,0.0
240,4,0.0,0.0,0.0,0.0,0.0
241,0,0.0,-0.004648614421378627,0.0,0.0,-6.953810676717467
241,1,0.0,0.0,0.0,0.0,-0.7504655386727775
241,2,0.0,0.0,0.0,0.0,-0.04771279131455756
241,3,0.0,0.0,0.0,0.0,0.0
241,4,0.0,0.0,0.0,0.0,0.0
242,0,0.0,-0.004648614421378627,0.0,0.0,-6.976762041384302
242,1,0.0,0.0,0.0,0.0,-0.7504655386727775
242,2,0.0,0.0,0.0,0.0,-0.04771279131455756
242,3,0.0,0.0,0.0,0.0,0.0
242,4,0.0,0.0,0.0,0.0,0.0
243,0,0.0,-0.004648614421378627,0.0,0.0,-6.997650452108233
243,1,0.0,0.0,0.0,0.0,-0.7504655386727775
243,2,0.0,0.0,0.0,0.0,-0.04771279131455756
243,3,0.0,0.0,0.0,0.0,0.0
243,4,0.0,0.0,0.0,0.0,0.0
244,0,0.0,-0.004648614421378627,0.0,0.0,-7.03489847391245
244,1,0.0,0.0,0.0,0.0,-0.7504655386727775
244,2,0.0,0.0,0.0,0.0,-0.04771279131455756
244,3,0.0,0.0,0.0,0.0,0.0
244,4,0.0,0.0,0.0,0.0,0.0
245,0,0.0,-0.004648614421378627,0.0,0.0,-7.055350563963647
245,1,0.0,0.0,0.0,0.0,-0.7504655386727775
245,2,0.0,0.0,0.0,0.0,-0.04771279131455756
245,3,0.0,0.0,0.0,0.0,0.0
245,4,0.0,0.0,0.0,0.0,0.0
246,0,0.0,-0.004648614421378627,0.0,0.0,-7.082884919975806
246,1,0.0,0.0,0.0,0.0,-0.7504655386727775
246,2,0.0,0.0,0.0,0.0,-0.04771279131455756
246,3,0.0,0.0,0.0,0.0,0.0
246,4,0.0,0.0,0.0,0.0,0.0
247,0,0.0,-0.004648614421378627,0.0,0.0,-7.091503733351614
247,1,0.0,0.0,0.0,0.0,-0.7504655386727775
247,2,0.0,0.0,0.0,0.0,-0.04771279131455756
247,3,0.0,0.0,0.0,0.0,0.0
247,4,0.0,0.0,0.0,0.0,0.0
248,0,0.0,-0.004648614421378627,0.0,0.0,-7.1019675653743635
248,1,0.0,0.0,0.0,0.0,-0.7504655386727775
248,2,0.0,0.0,0.0,0.0,-0.04771279131455756
248,3,0.0,0.0,0.0,0.0,0.0
248,4,0.0,0.0,0.0,0.0,0.0
249,0,0.0,-0.004648614421378627,0.0,0.0,-7.136944148288452
249,1,0.0,0.0,0.0,0.0,-0.7504655386727775
249,2,0.0,0.0,0.0,0.0,-0.04771279131455756
249,3,0.0,0.0,0.0,0.0,0.0
249,4,0.0,0.0,0.0,0.0,0.0
250,0,0.0,-0.004648614421378627,0.0,0.0,-7.152539865030701
250,1,0.0,0.0,0.0,0.0,-0.7504655386727775
250,2,0.0,0.0,0.0,0.0,-0.04771279131455756
250,3,0.0,0.0,0.0,0.0,0.0
250,4,0.0,0.0,0.0,0.0,0.0
251,0,0.0,-0.004648614421378627,0.0,0.0,-7.165174730086355
251,1,0.0,0.0,0.0,0.0,-0.7504655386727775
251,2,0.0,0.0,0.0,0.0,-0.04771279131455756
251,3,0.0,0.0,0.0,0.0,0.0
251,4,0.0,0.0,0.0,0.0,0.0
252,0,0.0,-0.004648614421378627,0.0,0.0,-7.1836591458551045
252,1,0.0,0.0,0.0,0.0,-0.7504655386727775
252,2,0.0,0.0,0.0,0.0,-0.04771279131455756
252,3,0.0,0.0,0.0,0.0,0.0
252,4,0.0,0.0,0.0,0.0,0.0
253,0,0.0,-0.004648614421378627,0.0,0.0,-7.193708327300875
253,1,0.0,0.0,0.0,0.0,-0.7504655386727775
253,2,0.0,0.0,0.0,0.0,-0.04771279131455756
253,3,0.0,0.0,0.0,0.0,0.0
253,4,0.0,0.0,0.0,0.0,0.0
254,0,0.0,-0.004648614421378627,0.0,0.0,-7.213984022683061
254,1,0.0,0.0,0.0,0.0,-0.7504655386727775
254,2,0.0,0.0,0.0,0.0,-0.04771279131455756
254,3,0.0,0.0,0.0,0.0,0.0
254,4,0.0,0.0,0.0,0.0,0.0
255,0,0.0,-0.004648614421378627,0.0,0.0,-7.248296170473521
255,1,0.0,0.0,0.0,0.0,-0.7504655386727775
255,2,0.0,0.0,0.0,0.0,-0.04771279131455756
255,3,0.0,0.0,0.0,0.0,0.0
255,4,0.0,0.0,0.0,0.0,0.0
256,0,0.0,-0.004648614421378627,0.0,0.0,-7.278923382204311
256,1,0.0,0.0,0.0,0.0,-0.7504655386727775
256,2,0.0,0.0,0.0,0.0,-0.04771279131455756
256,3,0.0,0.0,0.0,0.0,0.0
256,4,0.0,0.0,0.0,0.0,0.0
257,0,0.0,-0.004648614421378627,0.0,0.0,-7.311123269519517
257,1,0.0,0.0,0.0,0.0,-0.7504655386727775
257,2,0.0,0.0,0.0,0.0,-0.04771279131455756
257,3,0.0,0.0,0.0,0.0,0.0
257,4,0.0,0.0,0.0,0.0,0.0
258,0,0.0,-0.004648614421378627,0.0,0.0,-7.332680444888912
258,1,0.0,0.0,0.0,0.0,-0.7504655386727775
258,2,0.0,0.0,0.0,0.0,-0.04771279131455756
258,3,0.0,0.0,0.0,0.0,0.0
258,4,0.0,0.0,0.0,0.0,0.0
259,0,0.0,-0.004648614421378627,0.0,0.0,-7.345929790979632
259,1,0.0,0.0,0.0,0.0,-0.7504655386727775
259,2,0.0,0.0,0.0,0.0,-0.04771279131455756
259,3,0.0,0.0,0.0,0.0,0.0
259,4,0.0,0.0,0.0,0.0,0.0
260,0,0.0,-0.004648614421378627,0.0,0.0,-7.354496933311431
260,1,0.0,0.0,0.0,0.0,-0.7504655386727775
260,2,0.0,0.0,0.0,0.0,-0.04771279131455756
260,3,0.0,0.0,0.0,0.0,0.0
260,4,0.0,0.0,0.0,0.0,0.0
261,0,0.0,-0.004648614421378627,0.0,0.0,-7.393312738795999
261,1,0.0,0.0,0.0,0.0,-0.7504655386727775
261,2,0.0,0.0,0.0,0.0,-0.04771279131455756
261,3,0.0,0.0,0.0,0.0,0.0
261,4,0.0,0.0,0.0,0.0,0.0
262,0,0.0,-0.004648614421378627,0.0,0.0,-7.415759796521636
262,1,0.0,0.0,0.0,0.0,-0.7504655386727775
262,2,0.0,0.0,0.0,0.0,-0.04771279131455756
262,3,0.0,0.0,0.0,0.0,0.0
262,4,0.0,0.0,0.0,0.0,0.0
263,0,0.0,-0.004648614421378627,0.0,0.0,-7.42134114134298
263,1,0.0,0.0,0.0,0.0,-0.7504655386727775
263,2,0.0,0.0,0.0,0.0,-0.04771279131455756
263,3,0.0,0.0,0.0,0.0,0.0
263,4,0.0,0.0,0.0,0.0,0.0
264,0,0.0,-0.004648614421378627,0.0,0.0,-7.432924247297552
264,1,0.0,0.0,0.0,0.0,-0.7504655386727775
264,2,0.0,0.0,0.0,0.0,-0.04771279131455756
264,3,0.0,0.0,0.0,0.0,0.0
264,4,0.0,0.0,0.0,0.0,0.0
265,0,0.0,-0.004648614421378627,0.0,0.0,-7.464186431491852
265,1,0.0,0.0,0.0,0.0,-0.7504655386727775
265,2,0.0,0.0,0.0,0.0,-0.04771279131455756
265,3,0.0,0.0,0.0,0.0,0.0
265,4,0.0,0.0,0.0,0.0,0.0
266,0,0.0,-0.004648614421378627,0.0,0.0,-7.4765968181488995
266,1,0.0,0.0,0.0,0.0,-0.7504655386727775
266,2,0.0,0.0,0.0,0.0,-0.04771279131455756
266,3,0.0,0.0,0.0,0.0,0.0
266,4,0.0,0.0,0.0,0.0,0.0
267,0,0.0,-0.004648614421378627,0.0,0.0,-7.501856277298364
267,1,0.0,0.0,0.0,0.0,-0.7504655386727775
267,2,0.0,0.0,0.0,0.0,-0.04771279131455756
267,3,0.0,0.0,0.0,0.0,0.0
267,4,0.0,0.0,0.0,0.0,0.0
268,0,0.0,-0.004648614421378627,0.0,0.0,-7.512253843302403
268,1,0.0,0.0,0.0,0.0,-0.7504655386727775
268,2,0.0,0.0,0.0,0.0,-0.04771279131455756
268,3,0.0,0.0,0.0,0.0,0.0
268,4,0.0,0.0,0.0,0.0,0.0
269,0,0.0,-0.004648614421378627,0.0,0.0,-7.541068804283319
269,1,0.0,0.0,0.0,0.0,-0.7504655386727775
269,2,0.0,0.0,0.0,0.0,-0.04771279131455756
269,3,0.0,0.0,0.0,0.0,0.0
269,4,0.0,0.0,0.0,0.0,0.0
270,0,0.0,-0.004648614421378627,0.0,0.0,-7.557626735304318
270,1,0.0,0.0,0.0,0.0,-0.7504655386727775
270,2,0.0,0.0,0.0,0.0,-0.04771279131455756
270,3,0.0,0.0,0.0,0.0,0.0
270,4,0.0,0.0,0.0,0.0,0.0
271,0,0.0,-0.004648614421378627,0.0,0.0,-7.573007953871504
271,1,0.0,0.0,0.0,0.0,-0.7504655386727775
271,2,0.0,0.0,0.0,0.0,-0.04771279131455756
271,3,0.0,0.0,0.0,0.0,0.0
271,4,0.0,0.0,0.0,0.0,0.0
272,0,0.0,-0.004648614421378627,0.0,0.0,-7.576740750444244
272,1,0.0,0.0,0.0,0.0,-0.7504655386727775
272,2,0.0,0.0,0.0,0.0,-0.04771279131455756
272,3,0.0,0.0,0.0,0.0,0.0
272,4,0.0,0.0,0.0,0.0,0.0
273,0,0.0,-0.004648614421378627,0.0,0.0,-7.59499293710134
273,1,0.0,0.0,0.0,0.0,-0.7504655386727775
273,2,0.0,0.0,0.0,0.0,-0.04771279131455756
273,3,0.0,0.0,0.0,0.0,0.0
273,4,0.0,0.0,0.0,0.0,0.0
274,0,0.0,-0.004648614421378627,0.0,0.0,-7.626817958321279
274,1,0.0,0.0,0.0,0.0,-0.7504655386727775
274,2,0.0,0.0,0.0,0.0,-0.04771279131455756
274,3,0.0,0.0,0.0,0.0,0.0
274,4,0.0,0.0,0.0,0.0,0.0
275,0,0.0,-0.004648614421378627,0.0,0.0,-7.663231364913844
275,1,0.0,0.0,0.0,0.0,-0.7504655386727775
275,2,0.0,0.0,0.0,0.0,-0.04771279131455756
275,3,0.0,0.0,0.0,0.0,0.0
275,4,0.0,0.0,0.0,0.0,0.0
276,0,0.0,-0.004648614421378627,0.0,0.0,-7.679353775962222
276,1,0.0,0.0,0.0,0.0,-0.7504655386727775
276,2,0.0,0.0,0.0,0.0,-0.04771279131455756
276,3,0.0,0.0,0.0,0.0,0.0
276,4,0.0,0.0,0.0,0.0,0.0
277,0,0.0,-0.004648614421378627,0.0,0.0,-7.6994235341130794
277,1,0.0,0.0,0.0,0.0,-0.7504655386727775
277,2,0.0,0.0,0.0,0.0,-0.04771279131455756
277,3,0.0,0.0,0.0,0.0,0.0
277,4,0.0,0.0,0.0,0.0,0.0
278,0,0.0,-0.004648614421378627,0.0,0.0,-7.718833623130636
278,1,0.0,0.0,0.0,0.0,-0.7504655386727775
278,2,0.0,0.0,0.0,0.0,-0.04771279131455756
278,3,0.0,0.0,0.0,0.0,0.0
278,4,0.0,0.0,0.0,0.0,0.0
279,0,0.0,-0.004648614421378627,0.0,0.0,-7.728484306399376
279,1,0.0,0.0,0.0,0.0,-0.7504655386727775
279,2,0.0,0.0,0.0,0.0,-0.04771279131455756
279,3,0.0,0.0,0.0,0.0,0.0
279,4,0.0,0.0,0.0,0.0,0.0
280,0,0.0,-0.004648614421378627,0.0,0.0,-7.741978059016596
280,1,0.0,0.0,0.0,0.0,-0.7504655386727775
280,2,0.0,0.0,0.0,0.0,-0.04771279131455756
280,3,0.0,0.0,0.0,0.0,0.0
280,4,0.0,0.0,0.0,0.0,0.0
281,0,0.0,-0.004648614421378627,0.0,0.0,-7.767337706177086
281,1,0.0,0.0,0.0,0.0,-0.7504655386727775
281,2,0.0,0.0,0.0,0.0,-0.04771279131455756
281,3,0.0,0.0,0.0,0.0,0.0
281,4,0.0,0.0,0.0,0.0,0.0
282,0,0.0,-0.004648614421378627,0.0,0.0,-7.79054608654959
282,1,0.0,0.0,0.0,0.0,-0.7504655386727775
282,2,0.0,0.0,0.0,0.0,-0.04771279131455756
282,3,0.0,0.0,0.0,0.0,0.0
282,4,0.0,0.0,0.0,0.0,0.0
283,0,0.0,-0.004648614421378627,0.0,0.0,-7.814777332535815
283,1,0.0,0.0,0.0,0.0,-0.7504655386727775
283,2,0.0,0.0,0.0,0.0,-0.04771279131455756
283,3,0.0,0.0,0.0,0.0,0.0
283,4,0.0,0.0,0.0,0.0,0.0
284,0,0.0,-0.004648614421378627,0.0,0.0,-7.83237556492593
284,1,0.0,0.0,0.0,0.0,-0.7504655386727775
284,2,0.0,0.0,0.0,0.0,-0.04771279131455756
284,3,0.0,0.0,0.0,0.0,0.0
284,4,0.0,0.0,0.0,0.0,0.0
285,0,0.0,-0.004648614421378627,0.0,0.0,-7.85568446340759
285,1,0.0,0.0,0.0,0.0,-0.7504655386727775
285,2,0.0,0.0,0.0,0.0,-0.04771279131455756
285,3,0.0,0.0,0.0,0.0,0.0
285,4,0.0,0.0,0.0,0.0,0.0
286,0,0.0,-0.004648614421378627,0.0,0.0,-7.879802659664913
286,1,0.0,0.0,0.0,0.0,-0.7504655386727775
286,2,0.0,0.0,0.0,0.0,-0.04771279131455756
286,3,0.0,0.0,0.0,0.0,0.0
286,4,0.0,0.0,0.0,0.0,0.0
287,0,0.0,-0.004648614421378627,0.0,0.0,-7.894473266752819
287,1,0.0,0.0,0.0,0.0,-0.7504655386727775
287,2,0.0,0.0,0.0,0.0,-0.04771279131455756
287,3,0.0,0.0,0.0,0.0,0.0
287,4,0.0,0.0,0.0,0.0,0.0
288,0,0.0,-0.004648614421378627,0.0,0.0,-7.931191365091947
288,1,0.0,0.0,0.0,0.0,-0.7504655386727775
288,2,0.0,0.0,0.0,0.0,-0.04771279131455756
288,3,0.0,0.0,0.0,0.0,0.0
288,4,0.0,0.0,0.0,0.0,0.0
289,0,0.0,-0.004648614421378627,0.0,0.0,-7.938043758320223
289,1,0.0,0.0,0.0,0.0,-0.7504655386727775
289,2,0.0,0.0,0.0,0.0,-0.04771279131455756
289,3,0.0,0.0,0.0,0.0,0.0
289,4,0.0,0.0,0.0,0.0,0.0
290,0,0.0,-0.004648614421378627,0.0,0.0,-7.941622199353246
290,1,0.0,0.0,0.0,0.0,-0.7504655386727775
290,2,0.0,0.0,0.0,0.0,-0.04771279131455756
290,3,0.0,0.0,0.0,0.0,0.0
290,4,0.0,0.0,0.0,0.0,0.0
291,0,0.0,-0.004648614421378627,0.0,0.0,-7.966905052431099
291,1,0.0,0.0,0.0,0.0,-0.7504655386727775
291,2,0.0,0.0,0.0,0.0,-0.04771279131455756
291,3,0.0,0.0,0.0,0.0,0.0
291,4,0.0,0.0,0.0,0.0,0.0
292,0,0.0,-0.004648614421378627,0.0,0.0,-7.98084545495265
292,1,0.0,0.0,0.0,0.0,-0.7504655386727775
292,2,0.0,0.0,0.0,0.0,-0.04771279131455756
292,3,0.0,0.0,0.0,0.0,0.0
292,4,0.0,0.0,0.0,0.0,0.0
293,0,0.0,-0.004648614421378627,0.0,0.0,-7.9941881886551345
293,1,0.0,0.0,0.0,0.0,-0.7504655386727775
293,2,0.0,0.0,0.0,0.0,-0.04771279131455756
293,3,0.0,0.0,0.0,0.0,0.0
293,4,0.0,0.0,0.0,0.0,0.0
294,0,0.0,-0.004648614421378627,0.0,0.0,-8.008946198802096
294,1,0.0,0.0,0.0,0.0,-0.7504655386727775
294,2,0.0,0.0,0.0,0.0,-0.04771279131455756
294,3,0.0,0.0,0.0,0.0,0.0
294,4,0.0,0.0,0.0,0.0,0.0
295,0,0.0,-0.004648614421378627,0.0,0.0,-8.027141931249595
295,1,0.0,0.0,0.0,0.0,-0.7504655386727775
295,2,0.0,0.0,0.0,0.0,-0.04771279131455756
295,3,0.0,0.0,0.0,0.0,0.0
295,4,0.0,0.0,0.0,0.0,0.0
296,0,0.0,-0.004648614421378627,0.0,0.0,-8.041234699837366
296,1,0.0,0.0,0.0,0.0,-0.7504655386727775
296,2,0.0,0.0,0.0,0.0,-0.04771279131455756
296,3,0.0,0.0,0.0,0.0,0.0
296,4,0.0,0.0,0.0,0.0,0.0
297,0,0.0,-0.004648614421378627,0.0,0.0,-8.049756010873937
297,1,0.0,0.0,0.0,0.0,-0.7504655386727775
297,2,0.0,0.0,0.0,0.0,-0.04771279131455756
297,3,0.0,0.0,0.0,0.0,0.0
297,4,0.0,0.0,0.0,0.0,0.0
298,0,0.0,-0.004648614421378627,0.0,0.0,-8.07500929683339
298,1,0.0,0.0,0.0,0.0,-0.7504655386727775
298,2,0.0,0.0,0.0,0.0,-0.04771279131455756
298,3,0.0,0.0,0.0,0.0,0.0
298,4,0.0,0.0,0.0,0.0,0.0
299,0,0.0,-0.004648614421378627,0.0,0.0,-8.096538312999602
299,1,0.0,0.0,0.0,0.0,-0.7504655386727775
299,2,0.0,0.0,0.0,0.0,-0.04771279131455756
299,3,0.0,0.0,0.0,0.0,0.0
299,4,0.0,0.0,0.0,0.0,0.0
300,0,0.0,-0.004648614421378627,0.0,0.0,-8.112361167054814
300,1,0.0,0.0,0.0,0.0,-0.7504655386727775
300,2,0.0,0.0,0.0,0.0,-0.04771279131455756
300,3,0.0,0.0,0.0,0.0,0.0
300,4,0.0,0.0,0.0,0.0,0.0
301,0,0.0,-0.004648614421378627,0.0,0.0,-8.123585555214929
301,1,0.0,0.0,0.0,0.0,-0.7504655386727775
301,2,0.0,0.0,0.0,0.0,-0.04771279131455756
301,3,0.0,0.0,0.0,0.0,0.0
301,4,0.0,0.0,0.0,0.0,0.0
302,0,0.0,-0.004648614421378627,0.0,0.0,-8.137089486137251
302,1,0.0,0.0,0.0,0.0,-0.7504655386727775
302,2,0.0,0.0,0.0,0.0,-0.04771279131455756
302,3,0.0,0.0,0.0,0.0,0.0
302,4,0.0,0.0,0.0,0.0,0.0
303,0,0.0,-0.004648614421378627,0.0,0.0,-8.159235464556149
303,1,0.0,0.0,0.0,0.0,-0.7504655386727775
303,2,0.0,0.0,0.0,0.0,-0.04771279131455756
303,3,0.0,0.0,0.0,0.0,0.0
303,4,0.0,0.0,0.0,0.0,0.0
304,0,0.0,-0.004648614421378627,0.0,0.0,-8.177222137458175
304,1,0.0,0.0,0.0,0.0,-0.7504655386727775
304,2,0.0,0.0,0.0,0.0,-0.04771279131455756
304,3,0.0,0.0,0.0,0.0,0.0
304,4,0.0,0.0,0.0,0.0,0.0
305,0,0.0,-0.004648614421378627,0.0,0.0,-8.195540851617562
305,1,0.0,0.0,0.0,0.0,-0.7504655386727775
305,2,0.0,0.0,0.0,0.0,-0.04771279131455756
305,3,0.0,0.0,0.0,0.0,0.0
305,4,0.0,0.0,0.0,0.0,0.0
306,0,0.0,-0.004648614421378627,0.0,0.0,-8.219922537444836
306,1,0.0,0.0,0.0,0.0,-0.7504655386727775
306,2,0.0,0.0,0.0,0.0,-0.04771279131455756
306,3,0.0,0.0,0.0,0.0,0.0
306,4,0.0,0.0,0.0,0.0,0.0
307,0,0.0,-0.004648614421378627,0.0,0.0,-8.249013384518355
307,1,0.0,0.0,0.0,0.0,-0.7504655386727775
307,2,0.0,0.0,0.0,0.0,-0.04771279131455756
307,3,0.0,0.0,0.0,0.0,0.0
307,4,0.0,0.0,0.0,0.0,0.0
308,0,0.0,-0.004648614421378627,0.0,0.0,-8.274253147889107
308,1,0.0,0.0,0.0,0.0,-0.7504655386727775
308,2,0.0,0.0,0.0,0.0,-0.04771279131455756
308,3,0.0,0.0,0.0,0.0,0.0
308,4,0.0,0.0,0.0,0.0,0.0
309,0,0.0,-0.004648614421378627,0.0,0.0,-8.289840554646485
309,1,0.0,0.0,0.0,0.0,-0.7504655386727775
309,2,0.0,0.0,0.0,0.0,-0.04771279131455756
309,3,0.0,0.0,0.0,0.0,0.0
309,4,0.0,0.0,0.0,0.0,0.0
310,0,0.0,-0.004648614421378627,0.0,0.0,-8.299325847457053
310,1,0.0,0.0,0.0,0.0,-0.7504655386727775
310,2,0.0,0.0,0.0,0.0,-0.04771279131455756
310,3,0.0,0.0,0.0,0.0,0.0
310,4,0.0,0.0,0.0,0.0,0.0
311,0,0.0,-0.004648614421378627,0.0,0.0,-8.316496206583247
311,1,0.0,0.0,0.0,0.0,-0.7504655386727775
311,2,0.0,0.0,0.0,0.0,-0.04771279131455756
311,3,0.0,0.0,0.0,0.0,0.0
311,4,0.0,0.0,0.0,0.0,0.0
312,0,0.0,-0.004648614421378627,0.0,0.0,-8.325620667590798
312,1,0.0,0.0,0.0,0.0,-0.7504655386727775
312,2,0.0,0.0,0.0,0.0,-0.04771279131455756
312,3,0.0,0.0,0.0,0.0,0.0
312,4,0.0,0.0,0.0,0.0,0.0
313,0,0.0,-0.004648614421378627,0.0,0.0,-8.348481894901147
313,1,0.0,0.0,0.0,0.0,-0.7504655386727775
313,2,0.0,0.0,0.0,0.0,-0.04771279131455756
313,3,0.0,0.0,0.0,0.0,0.0
313,4,0.0,0.0,0.0,0.0,0.0
314,0,0.0,-0.004648614421378627,0.0,0.0,-8.375109606367626
314,1,0.0,0.0,0.0,0.0,-0.7504655386727775
314,2,0.0,0.0,0.0,0.0,-0.04771279131455756
314,3,0.0,0.0,0.0,0.0,0.0
314,4,0.0,0.0,0.0,0.0,0.0
315,0,0.0,-0.004648614421378627,0.0,0.0,-8.39828109307028
315,1,0.0,0.0,0.0,0.0,-0.7504655386727775
315,2,0.0,0.0,0.0,0.0,-0.04771279131455756
315,3,0.0,0.0,0.0,0.0,0.0
315,4,0.0,0.0,0.0,0.0,0.0
316,0,0.0,-0.004648614421378627,0.0,0.0,-8.399325644857091
316,1,0.0,0.0,0.0,0.0,-0.7504655386727775
316,2,0.0,0.0,0.0,0.0,-0.04771279131455756
316,3,0.0,0.0,0.0,0.0,0.0
316,4,0.0,0.0,0.0,0.0,0.0
317,0,0.0,-0.004648614421378627,0.0,0.0,-8.41257904895231
317,1,0.0,0.0,0.0,0.0,-0.7504655386727775
317,2,0.0,0.0,0.0,0.0,-0.04771279131455756
317,3,0.0,0.0,0.0,0.0,0.0
317,4,0.0,0.0,0.0,0.0,0.0
318,0,0.0,-0.004648614421378627,0.0,0.0,-8.423870509167685
318,1,0.0,0.0,0.0,0.0,-0.7504655386727775
318,2,0.0,0.0,0.0,0.0,-0.04771279131455756
318,3,0.0,0.0,0.0,0.0,0.0
318,4,0.0,0.0,0.0,0.0,0.0
319,0,0.0,-0.004648614421378627,0.0,0.0,-8.445901547473332
319,1,0.0,0.0,0.0,0.0,-0.7504655386727775
319,2,0.0,0.0,0.0,0.0,-0.04771279131455756
319,3,0.0,0.0,0.0,0.0,0.0
319,4,0.0,0.0,0.0,0.0,0.0
320,0,0.0,-0.004648614421378627,0.0,0.0,-8.454711198828116
320,1,0.0,0.0,0.0,0.0,-0.7504655386727775
320,2,0.0,0.0,0.0,0.0,-0.04771279131455756
320,3,0.0,0.0,0.0,0.0,0.0
320,4,0.0,0.0,0.0,0.0,0.0
321,0,0.0,-0.004648614421378627,0.0,0.0,-8.465279632633607
321,1,0.0,0.0,0.0,0.0,-0.7504655386727775
321,2,0.0,0.0,0.0,0.0,-0.04771279131455756
321,3,0.0,0.0,0.0,0.0,0.0
321,4,0.0,0.0,0.0,0.0,0.0
322,0,0.0,-0.004648614421378627,0.0,0.0,-8.470686721566562
322,1,0.0,0.0,0.0,0.0,-0.7504655386727775
322,2,0.0,0.0,0.0,0.0,-0.04771279131455756
322,3,0.0,0.0,0.0,0.0,0.0
322,4,0.0,0.0,0.0,0.0,0.0
323,0,0.0,-0.004648614421378627,0.0,0.0,-8.499742175982297
323,1,0.0,0.0,0.0,0.0,-0.7504655386727775
323,2,0.0,0.0,0.0,0.0,-0.04771279131455756
323,3,0.0,0.0,0.0,0.0,0.0
323,4,0.0,0.0,0.0,0.0,0.0
324,0,0.0,-0.004648614421378627,0.0,0.0,-8.515519189736313
324,1,0.0,0.0,0.0,0.0,-0.7504655386727775
324,2,0.0,0.0,0.0,0.0,-0.04771279131455756
324,3,0.0,0.0,0.0,0.0,0.0
324,4,0.0,0.0,0.0,0.0,0.0
325,0,0.0,-0.004648614421378627,0.0,0.0,-8.534937544737403
325,1,0.0,0.0,0.0,0.0,-0.7504655386727775
325,2,0.0,0.0,0.0,0.0,-0.04771279131455756
325,3,0.0,0.0,0.0,0.0,0.0
325,4,0.0,0.0,0.0,0.0,0.0
326,0,0.0,-0.004648614421378627,0.0,0.0,-8.55746244695833
326,1,0.0,0.0,0.0,0.0,-0.7504655386727775
326,2,0.0,0.0,0.0,0.0,-0.04771279131455756
326,3,0.0,0.0,0.0,0.0,0.0
326,4,0.0,0.0,0.0,0.0,0.0
327,0,0.0,-0.004648614421378627,0.0,0.0,-8.56719336630855
327,1,0.0,0.0,0.0,0.0,-0.7504655386727775
327,2,0.0,0.0,0.0,0.0,-0.04771279131455756
327,3,0.0,0.0,0.0,0.0,0.0
327,4,0.0,0.0,0.0,0.0,0.0
328,0,0.0,-0.004648614421378627,0.0,0.0,-8.572547710795966
328,1,0.0,0.0,0.0,0.0,-0.7504655386727775
328,2,0.0,0.0,0.0,0.0,-0.04771279131455756
328,3,0.0,0.0,0.0,0.0,0.0
328,4,0.0,0.0,0.0,0.0,0.0
329,0,0.0,-0.004648614421378627,0.0,0.0,-8.57601557902093
329,1,0.0,0.0,0.0,0.0,-0.7504655386727775
329,2,0.0,0.0,0.0,0.0,-0.04771279131455756
329,3,0.0,0.0,0.0,0.0,0.0
329,4,0.0,0.0,0.0,0.0,0.0
330,0,0.0,-0.004648614421378627,0.0,0.0,-8.5993960401445
330,1,0.0,0.0,0.0,0.0,-0.7504655386727775
330,2,0.0,0.0,0.0,0.0,-0.04771279131455756
330,3,0.0,0.0,0.0,0.0,0.0
330,4,0.0,0.0,0.0,0.0,0.0
331,0,0.0,-0.004648614421378627,0.0,0.0,-8.627475261642156
331,1,0.0,0.0,0.0,0.0,-0.7504655386727775
331,2,0.0,0.0,0.0,0.0,-0.04771279131455756
331,3,0.0,0.0,0.0,0.0,0.0
331,4,0.0,0.0,0.0,0.0,0.0
332,0,0.0,-0.005538417262613164,0.0,0.0,-8.627475261642156
332,1,0.0,0.0,0.0,0.0,-0.7965463394241732
332,2,0.0,0.0,0.0,0.0,-0.04771279131455756
332,3,0.0,0.0,0.0,0.0,0.0
332,4,0.0,0.0,0.0,0.0,0.0
333,0,0.0,-0.005538417262613164,0.0,0.0,-8.64089554321465
333,1,0.0,0.0,0.0,0.0,-0.7965463394241732
333,2,0.0,0.0,0.0,0.0,-0.04771279131455756
333,3,0.0,0.0,0.0,0.0,0.0
333,4,0.0,0.0,0.0,0.0,0.0
334,0,0.0,-0.005538417262613164,0.0,0.0,-8.651021781416263
334,1,0.0,0.0,0.0,0.0,-0.7965463394241732
334,2,0.0,0.0,0.0,0.0,-0.04771279131455756
334,3,0.0,0.0,0.0,0.0,0.0
334,4,0.0,0.0,0.0,0.0,0.0
335,0,0.0,-0.005538417262613164,0.0,0.0,-8.669466259747505
335,1,0.0,0.0,0.0,0.0,-0.7965463394241732
335,2,0.0,0.0,0.0,0.0,-0.04771279131455756
335,3,0.0,0.0,0.0,0.0,0.0
335,4,0.0,0.0,0.0,0.0,0.0
336,0,0.0,-0.0065248207119133015,0.0,0.0,-8.669466259747505
336,1,0.0,0.0,0.0,0.0,-0.8253613379612764
336,2,0.0,0.0,0.0,0.0,-0.04771279131455756
336,3,0.0,0.0,0.0,0.0,0.0
336,4,0.0,0.0,0.0,0.0,0.0
337,0,0.0,-0.0065248207119133015,0.0,0.0,-8.682355859092281
337,1,0.0,0.0,0.0,0.0,-0.8253613379612764
337,2,0.0,0.0,0.0,0.0,-0.04771279131455756
337,3,0.0,0.0,0.0,0.0,0.0
337,4,0.0,0.0,0.0,0.0,0.0
338,0,0.0,-0.0065248207119133015,0.0,0.0,-8.690269135341623
338,1,0.0,0.0,0.0,0.0,-0.8253613379612764
338,2,0.0,0.0,0.0,0.0,-0.04771279131455756
338,3,0.0,0.0,0.0,0.0,0.0
338,4,0.0,0.0,0.0,0.0,0.0
339,0,0.0,-0.0065248207119133015,0.0,0.0,-8.707441256515716
339,1,0.0,0.0,0.0,0.0,-0.8253613379612764
339,2,0.0,0.0,0.0,0.0,-0.04771279131455756
339,3,0.0,0.0,0.0,0.0,0.0
339,4,0.0,0.0,0.0,0.0,0.0
340,0,0.0,-0.0065248207119133015,0.0,0.0,-8.716444879587707
340,1,0.0,0.0,0.0,0.0,-0.8253613379612764
340,2,0.0,0.0,0.0,0.0,-0.04771279131455756
340,3,0.0,0.0,0.0,0.0,0.0
340,4,0.0,0.0,0.0,0.0,0.0
341,0,0.0,-0.0065248207119133015,0.0,0.0,-8.731539588872723
341,1,0.0,0.0,0.0,0.0,-0.8253613379612764
341,2,0.0,0.0,0.0,0.0,-0.04771279131455756
341,3,0.0,0.0,0.0,0.0,0.0
341,4,0.0,0.0,0.0,0.0,0.0
342,0,0.0,-0.0065248207119133015,0.0,0.0,-8.740619297984104
342,1,0.0,0.0,0.0,0.0,-0.8253613379612764
342,2,0.0,0.0,0.0,0.0,-0.04771279131455756
342,3,0.0,0.0,0.0,0.0,0.0
342,4,0.0,0.0,0.0,0.0,0.0
343,0,0.0,-0.0065248207119133015,0.0,0.0,-8.750008344095013
343,1,0.0,0.0,0.0,0.0,-0.8253613379612764
343,2,0.0,0.0,0.0,0.0,-0.04771279131455756
343,3,0.0,0.0,0.0,0.0,0.0
343,4,0.0,0.0,0.0,0.0,0.0
344,0,0.0,-0.0065248207119133015,0.0,0.0,-8.764408745815865
344,1,0.0,0.0,0.0,0.0,-0.8253613379612764
344,2,0.0,0.0,0.0,0.0,-0.04771279131455756
344,3,0.0,0.0,0.0,0.0,0.0
344,4,0.0,0.0,0.0,0.0,0.0
345,0,0.0,-0.0065248207119133015,0.0,0.0,-8.778818214447298
345,1,0.0,0.0,0.0,0.0,-0.8253613379612764
345,2,0.0,0.0,0.0,0.0,-0.04771279131455756
345,3,0.0,0.0,0.0,0.0,0.0
345,4,0.0,0.0,0.0,0.0,0.0
346,0,0.0,-0.0065248207119133015,0.0,0.0,-8.779345062442713
346,1,0.0,0.0,0.0,0.0,-0.8253613379612764
346,2,0.0,0.0,0.0,0.0,-0.04771279131455756
346,3,0.0,0.0,0.0,0.0,0.0
346,4,0.0,0.0,0.0,0.0,0.0
347,0,0.0,-0.0065248207119133015,0.0,0.0,-8.803255672094606
347,1,0.0,0.0,0.0,0.0,-0.8253613379612764
347,2,0.0,0.0,0.0,0.0,-0.04771279131455756
347,3,0.0,0.0,0.0,0.0,0.0
347,4,0.0,0.0,0.0,0.0,0.0
348,0,0.0,-0.0065248207119133015,0.0,0.0,-8.827630054708466
348,1,0.0,0.0,0.0,0.0,-0.8253613379612764
348,2,0.0,0.0,0.0,0.0,-0.04771279131455756
348,3,0.0,0.0,0.0,0.0,0.0
348,4,0.0,0.0,0.0,0.0,0.0
349,0,0.0,-0.0065248207119133015,0.0,0.0,-8.840259431097625
349,1,0.0,0.0,0.0,0.0,-0.8253613379612764
349,2,0.0,0.0,0.0,0.0,-0.04771279131455756
349,3,0.0,0.0,0.0,0.0,0.0
349,4,0.0,0.0,0.0,0.0,0.0
350,0,0.0,-0.0065248207119133015,0.0,0.0,-8.84762905653025
350,1,0.0,0.0,0.0,0.0,-0.8253613379612764
350,2,0.0,0.0,0.0,0.0,-0.04771279131455756
350,3,0.0,0.0,0.0,0.0,0.0
350,4,0.0,0.0,0.0,0.0,0.0
351,0,0.0,-0.0065248207119133015,0.0,0.0,-8.871467398309363
351,1,0.0,0.0,0.0,0.0,-0.8253613379612764
351,2,0.0,0.0,0.0,0.0,-0.04771279131455756
351,3,0.0,0.0,0.0,0.0,0.0
351,4,0.0,0.0,0.0,0.0,0.0
352,0,0.0,-0.0065248207119133015,0.0,0.0,-8.89659076265437
352,1,0.0,0.0,0.0,0.0,-0.8253613379612764
352,2,0.0,0.0,0.0,0.0,-0.04771279131455756
352,3,0.0,0.0,0.0,0.0,0.0
352,4,0.0,0.0,0.0,0.0,0.0
353,0,0.0,-0.0065248207119133015,0.0,0.0,-8.931886866226918
353,1,0.0,0.0,0.0,0.0,-0.8253613379612764
353,2,0.0,0.0,0.0,0.0,-0.04771279131455756
353,3,0.0,0.0,0.0,0.0,0.0
353,4,0.0,0.0,0.0,0.0,0.0
354,0,0.0,-0.0065248207119133015,0.0,0.0,-8.932894230504147
354,1,0.0,0.0,0.0,0.0,-0.8253613379612764
354,2,0.0,0.0,0.0,0.0,-0.04771279131455756
354,3,0.0,0.0,0.0,0.0,0.0
354,4,0.0,0.0,0.0,0.0,0.0
355,0,0.0,-0.0065248207119133015,0.0,0.0,-8.95370213755436
355,1,0.0,0.0,0.0,0.0,-0.8253613379612764
355,2,0.0,0.0,0.0,0.0,-0.04771279131455756
355,3,0.0,0.0,0.0,0.0,0.0
355,4,0.0,0.0,0.0,0.0,0.0
356,0,0.0,-0.0065248207119133015,0.0,0.0,-8.981091279180118
356,1,0.0,0.0,0.0,0.0,-0.8253613379612764
356,2,0.0,0.0,0.0,0.0,-0.04771279131455756
356,3,0.0,0.0,0.0,0.0,0.0
356,4,0.0,0.0,0.0,0.0,0.0
357,0,0.0,-0.0065248207119133015,0.0,0.0,-8.990143105475228
357,1,0.0,0.0,0.0,0.0,-0.8253613379612764
357,2,0.0,0.0,0.0,0.0,-0.04771279131455756
357,3,0.0,0.0,0.0,0.0,0.0
357,4,0.0,0.0,0.0,0.0,0.0
358,0,0.0,-0.0065248207119133015,0.0,0.0,-9.00496972803117
358,1,0.0,0.0,0.0,0.0,-0.8253613379612764
358,2,0.0,0.0,0.0,0.0,-0.04771279131455756
358,3,0.0,0.0,0.0,0.0,0.0
358,4,0.0,0.0,0.0,0.0,0.0
359,0,0.0,-0.0065248207119133015,0.0,0.0,-9.015981314596598
359,1,0.0,0.0,0.0,0.0,-0.8253613379612764
359,2,0.0,0.0,0.0,0.0,-0.04771279131455756
359,3,0.0,0.0,0.0,0.0,0.0
359,4,0.0,0.0,0.0,0.0,0.0
360,0,0.0,-0.0065248207119133015,0.0,0.0,-9.038143383946796
360,1,0.0,0.0,0.0,0.0,-0.8253613379612764
360,2,0.0,0.0,0.0,0.0,-0.04771279131455756
360,3,0.0,0.0,0.0,0.0,0.0
360,4,0.0,0.0,0.0,0.0,0.0
361,0,0.0,-0.0065248207119133015,0.0,0.0,-9.064824871492483
361,1,0.0,0.0,0.0,0.0,-0.8253613379612764
361,2,0.0,0.0,0.0,0.0,-0.04771279131455756
361,3,0.0,0.0,0.0,0.0,0.0
361,4,0.0,0.0,0.0,0.0,0.0
362,0,0.0,-0.0065248207119133015,0.0,0.0,-9.074685151138722
362,1,0.0,0.0,0.0,0.0,-0.8253613379612764
362,2,0.0,0.0,0.0,0.0,-0.04771279131455756
362,3,0.0,0.0,0.0,0.0,0.0
362,4,0.0,0.0,0.0,0.0,0.0
363,0,0.0,-0.0065248207119133015,0.0,0.0,-9.094832460619994
363,1,0.0,0.0,0.0,0.0,-0.8253613379612764
363,2,0.0,0.0,0.0,0.0,-0.04771279131455756
363,3,0.0,0.0,0.0,0.0,0.0
363,4,0.0,0.0,0.0,0.0,0.0
364,0,0.0,-0.0065248207119133015,0.0,0.0,-9.114096903456717
364,1,0.0,0.0,0.0,0.0,-0.8253613379612764
364,2,0.0,0.0,0.0,0.0,-0.04771279131455756
364,3,0.0,0.0,0.0,0.0,0.0
364,4,0.0,0.0,0.0,0.0,0.0
365,0,0.0,-0.0065248207119133015,0.0,0.0,-9.130345347392415
365,1,0.0,0.0,0.0,0.0,-0.8253613379612764
365,2,0.0,0.0,0.0,0.0,-0.04771279131455756
365,3,0.0,0.0,0.0,0.0,0.0
365,4,0.0,0.0,0.0,0.0,0.0
366,0,0.0,-0.0065248207119133015,0.0,0.0,-9.1633642554379
366,1,0.0,0.0,0.0,0.0,-0.8253613379612764
366,2,0.0,0.0,0.0,0.0,-0.04771279131455756
366,3,0.0,0.0,0.0,0.0,0.0
366,4,0.0,0.0,0.0,0.0,0.0
367,0,0.0,-0.0065248207119133015,0.0,0.0,-9.18452692149207
367,1,0.0,0.0,0.0,0.0,-0.8253613379612764
367,2,0.0,0.0,0.0,0.0,-0.04771279131455756
367,3,0.0,0.0,0.0,0.0,0.0
367,4,0.0,0.0,0.0,0.0,0.0
368,0,0.0,-0.0065248207119133015,0.0,0.0,-9.199722274866346
368,1,0.0,0.0,0.0,0.0,-0.8253613379612764
368,2,0.0,0.0,0.0,0.0,-0.04771279131455756
368,3,0.0,0.0,0.0,0.0,0.0
368,4,0.0,0.0,0.0,0.0,0.0
369,0,0.0,-0.0065248207119133015,0.0,0.0,-9.219737826998502
369,1,0.0,0.0,0.0,0.0,-0.8253613379612764
369,2,0.0,0.0,0.0,0.0,-0.04771279131455756
369,3,0.0,0.0,0.0,0.0,0.0
369,4,0.0,0.0,0.0,0.0,0.0
370,0,0.0,-0.0065248207119133015,0.0,0.0,-9.231003941696917
370,1,0.0,0.0,0.0,0.0,-0.8253613379612764
370,2,0.0,0.0,0.0,0.0,-0.04771279131455756
370,3,0.0,0.0,0.0,0.0,0.0
370,4,0.0,0.0,0.0,0.0,0.0
371,0,0.0,-0.0065248207119133015,0.0,0.0,-9.24027504674034
371,1,0.0,0.0,0.0,0.0,-0.8253613379612764
371,2,0.0,0.0,0.0,0.0,-0.04771279131455756
371,3,0.0,0.0,0.0,0.0,0.0
371,4,0.0,0.0,0.0,0.0,0.0
372,0,0.0,-0.0065248207119133015,0.0,0.0,-9.254827238911123
372,1,0.0,0.0,0.0,0.0,-0.8253613379612764
372,2,0.0,0.0,0.0,0.0,-0.04771279131455756
372,3,0.0,0.0,0.0,0.0,0.0
372,4,0.0,0.0,0.0,0.0,0.0
373,0,0.0,-0.0065248207119133015,0.0,0.0,-9.261377859211201
373,1,0.0,0.0,0.0,0.0,-0.8253613379612764
373,2,0.0,0.0,0.0,0.0,-0.04771279131455756
373,3,0.0,0.0,0.0,0.0,0.0
373,4,0.0,0.0,0.0,0.0,0.0
374,0,0.0,-0.0065248207119133015,0.0,0.0,-9.274008031211846
374,1,0.0,0.0,0.0,0.0,-0.8253613379612764
374,2,0.0,0.0,0.0,0.0,-0.04771279131455756
374,3,0.0,0.0,0.0,0.0,0.0
374,4,0.0,0.0,0.0,0.0,0.0
375,0,0.0,-0.0065248207119133015,0.0,0.0,-9.291425441500323
375,1,0.0,0.0,0.0,0.0,-0.8253613379612764
375,2,0.0,0.0,0.0,0.0,-0.04771279131455756
375,3,0.0,0.0,0.0,0.0,0.0
375,4,0.0,0.0,0.0,0.0,0.0
376,0,0.0,-0.0065248207119133015,0.0,0.0,-9.308679859512937
376,1,0.0,0.0,0.0,0.0,-0.8253613379612764
376,2,0.0,0.0,0.0,0.0,-0.04771279131455756
376,3,0.0,0.0,0.0,0.0,0.0
376,4,0.0,0.0,0.0,0.0,0.0
377,0,0.0,-0.0065248207119133015,0.0,0.0,-9.326431708558028
377,1,0.0,0.0,0.0,0.0,-0.8253613379612764
377,2,0.0,0.0,0.0,0.0,-0.04771279131455756
377,3,0.0,0.0,0.0,0.0,0.0
377,4,0.0,0.0,0.0,0.0,0.0
378,0,0.0,-0.0065248207119133015,0.0,0.0,-9.330458217847916
378,1,0.0,0.0,0.0,0.0,-0.8253613379612764
378,2,0.0,0.0,0.0,0.0,-0.04771279131455756
378,3,0.0,0.0,0.0,0.0,0.0
378,4,0.0,0.0,0.0,0.0,0.0
379,0,0.0,-0.0065248207119133015,0.0,0.0,-9.346529800176071
379,1,0.0,0.0,0.0,0.0,-0.8253613379612764
379,2,0.0,0.0,0.0,0.0,-0.04771279131455756
379,3,0.0,0.0,0.0,0.0,0.0
379,4,0.0,0.0,0.0,0.0,0.0
380,0,0.0,-0.0065248207119133015,0.0,0.0,-9.378009061296357
380,1,0.0,0.0,0.0,0.0,-0.8253613379612764
380,2,0.0,0.0,0.0,0.0,-0.04771279131455756
380,3,0.0,0.0,0.0,0.0,0.0
380,4,0.0,0.0,0.0,0.0,0.0
381,0,0.0,-0.0065248207119133015,0.0,0.0,-9.38339158235532
381,1,0.0,0.0,0.0,0.0,-0.8253613379612764
381,2,0.0,0.0,0.0,0.0,-0.04771279131455756
381,3,0.0,0.0,0.0,0.0,0.0
381,4,0.0,0.0,0.0,0.0,0.0
382,0,0.0,-0.007571356051167655,0.0,0.0,-9.38339158235532
382,1,0.0,0.0,0.0,0.0,-0.8803757824717058
382,2,0.0,0.0,0.0,0.0,-0.04771279131455756
382,3,0.0,0.0,0.0,0.0,0.0
382,4,0.0,0.0,0.0,0.0,0.0
383,0,0.0,-0.007571356051167655,0.0,0.0,-9.394010535489047
383,1,0.0,0.0,0.0,0.0,-0.8803757824717058
383,2,0.0,0.0,0.0,0.0,-0.04771279131455756
383,3,0.0,0.0,0.0,0.0,0.0
383,4,0.0,0.0,0.0,0.0,0.0
384,0,0.0,-0.007571356051167655,0.0,0.0,-9.410035777266053
384,1,0.0,0.0,0.0,0.0,-0.8803757824717058
384,2,0.0,0.0,0.0,0.0,-0.04771279131455756
384,3,0.0,0.0,0.0,0.0,0.0
384,4,0.0,0.0,0.0,0.0,0.0
385,0,0.0,-0.007571356051167655,0.0,0.0,-9.42946005666559
385,1,0.0,0.0,0.0,0.0,-0.8803757824717058
385,2,0.0,0.0,0.0,0.0,-0.04771279131455756
385,3,0.0,0.0,0.0,0.0,0.0
385,4,0.0,0.0,0.0,0.0,0.0
386,0,0.0,-0.007571356051167655,0.0,0.0,-9.439248845839693
386,1,0.0,0.0,0.0,0.0,-0.8803757824717058
386,2,0.0,0.0,0.0,0.0,-0.04771279131455756
386,3,0.0,0.0,0.0,0.0,0.0
386,4,0.0,0.0,0.0,0.0,0.0
387,0,0.0,-0.007571356051167655,0.0,0.0,-9.459107911629562
387,1,0.0,0.0,0.0,0.0,-0.8803757824717058
387,2,0.0,0.0,0.0,0.0,-0.04771279131455756
387,3,0.0,0.0,0.0,0.0,0.0
387,4,0.0,0.0,0.0,0.0,0.0
388,0,0.0,-0.007571356051167655,0.0,0.0,-9.467319356984275
388,1,0.0,0.0,0.0,0.0,-0.8803757824717058
388,2,0.0,0.0,0.0,0.0,-0.04771279131455756
388,3,0.0,0.0,0.0,0.0,0.0
388,4,0.0,0.0,0.0,0.0,0.0
389,0,0.0,-0.007571356051167655,0.0,0.0,-9.476811903353028
389,1,0.0,0.0,0.0,0.0,-0.8803757824717058
389,2,0.0,0.0,0.0,0.0,-0.04771279131455756
389,3,0.0,0.0,0.0,0.0,0.0
389,4,0.0,0.0,0.0,0.0,0.0
390,0,0.0,-0.007571356051167655,0.0,0.0,-9.485913044335696
390,1,0.0,0.0,0.0,0.0,-0.8803757824717058
390,2,0.0,0.0,0.0,0.0,-0.04771279131455756
390,3,0.0,0.0,0.0,0.0,0.0
390,4,0.0,0.0,0.0,0.0,0.0
391,0,0.0,-0.007571356051167655,0.0,0.0,-9.504197960877603
391,1,0.0,0.0,0.0,0.0,-0.8803757824717058
391,2,0.0,0.0,0.0,0.0,-0.04771279131455756
391,3,0.0,0.0,0.0,0.0,0.0
391,4,0.0,0.0,0.0,0.0,0.0
392,0,0.0,-0.007571356051167655,0.0,0.0,-9.507396635474915
392,1,0.0,0.0,0.0,0.0,-0.8803757824717058
392,2,0.0,0.0,0.0,0.0,-0.04771279131455756
392,3,0.0,0.0,0.0,0.0,0.0
392,4,0.0,0.0,0.0,0.0,0.0
393,0,0.0,-0.007571356051167655,0.0,0.0,-9.511010194753998
393,1,0.0,0.0,0.0,0.0,-0.8803757824717058
393,2,0.0,0.0,0.0,0.0,-0.04771279131455756
393,3,0.0,0.0,0.0,0.0,0.0
393,4,0.0,0.0,0.0,0.0,0.0
394,0,0.0,-0.007571356051167655,0.0,0.0,-9.53703444350554
394,1,0.0,0.0,0.0,0.0,-0.8803757824717058
394,2,0.0,0.0,0.0,0.0,-0.04771279131455756
394,3,0.0,0.0,0.0,0.0,0.0
394,4,0.0,0.0,0.0,0.0,0.0
395,0,0.0,-0.007571356051167655,0.0,0.0,-9.539897804106308
395,1,0.0,0.0,0.0,0.0,-0.8803757824717058
395,2,0.0,0.0,0.0,0.0,-0.04771279131455756
395,3,0.0,0.0,0.0,0.0,0.0
395,4,0.0,0.0,0.0,0.0,0.0
396,0,0.0,-0.007571356051167655,0.0,0.0,-9.55162027938961
396,1,0.0,0.0,0.0,0.0,-0.8803757824717058
396,2,0.0,0.0,0.0,0.0,-0.04771279131455756
396,3,0.0,0.0,0.0,0.0,0.0
396,4,0.0,0.0,0.0,0.0,0.0
397,0,0.0,-0.007571356051167655,0.0,0.0,-9.56563449768129
397,1,0.0,0.0,0.0,0.0,-0.8803757824717058
397,2,0.0,0.0,0.0,0.0,-0.04771279131455756
397,3,0.0,0.0,0.0,0.0,0.0
397,4,0.0,0.0,0.0,0.0,0.0
398,0,0.0,-0.007571356051167655,0.0,0.0,-9.585980587014774
398,1,0.0,0.0,0.0,0.0,-0.8803757824717058
398,2,0.0,0.0,0.0,0.0,-0.04771279131455756
398,3,0.0,0.0,0.0,0.0,0.0
398,4,0.0,0.0,0.0,0.0,0.0
399,0,0.0,-0.007571356051167655,0.0,0.0,-9.605450390209608
399,1,0.0,0.0,0.0,0.0,-0.8803757824717058
399,2,0.0,0.0,0.0,0.0,-0.04771279131455756
399,3,0.0,0.0,0.0,0.0,0.0
399,4,0.0,0.0,0.0,0.0,0.0
400,0,0.0,-0.007571356051167655,0.0,0.0,-9.619620354663372
400,1,0.0,0.0,0.0,0.0,-0.8803757824717058
400,2,0.0,0.0,0.0,0.0,-0.04771279131455756
400,3,0.0,0.0,0.0,0.0,0.0
400,4,0.0,0.0,0.0,0.0,0.0
401,0,0.0,-0.007571356051167655,0.0,0.0,-9.631359409069145
401,1,0.0,0.0,0.0,0.0,-0.8803757824717058
401,2,0.0,0.0,0.0,0.0,-0.04771279131455756
401,3,0.0,0.0,0.0,0.0,0.0
401,4,0.0,0.0,0.0,0.0,0.0
402,0,0.0,-0.007571356051167655,0.0,0.0,-9.648594816767233
402,1,0.0,0.0,0.0,0.0,-0.8803757824717058
402,2,0.0,0.0,0.0,0.0,-0.04771279131455756
402,3,0.0,0.0,0.0,0.0,0.0
402,4,0.0,0.0,0.0,0.0,0.0
403,0,0.0,-0.007571356051167655,0.0,0.0,-9.65526605225904
403,1,0.0,0.0,0.0,0.0,-0.8803757824717058
403,2,0.0,0.0,0.0,0.0,-0.04771279131455756
403,3,0.0,0.0,0.0,0.0,0.0
403,4,0.0,0.0,0.0,0.0,0.0
404,0,0.0,-0.007571356051167655,0.0,0.0,-9.669342325032916
404,1,0.0,0.0,0.0,0.0,-0.8803757824717058
404,2,0.0,0.0,0.0,0.0,-0.04771279131455756
404,3,0.0,0.0,0.0,0.0,0.0
404,4,0.0,0.0,0.0,0.0,0.0
405,0,0.0,-0.007571356051167655,0.0,0.0,-9.681572200571646
405,1,0.0,0.0,0.0,0.0,-0.8803757824717058
405,2,0.0,0.0,0.0,0.0,-0.04771279131455756
405,3,0.0,0.0,0.0,0.0,0.0
405,4,0.0,0.0,0.0,0.0,0.0
406,0,0.0,-0.007571356051167655,0.0,0.0,-9.691309219618892
406,1,0.0,0.0,0.0,0.0,-0.8803757824717058
406,2,0.0,0.0,0.0,0.0,-0.04771279131455756
406,3,0.0,0.0,0.0,0.0,0.0
406,4,0.0,0.0,0.0,0.0,0.0
407,0,0.0,-0.007571356051167655,0.0,0.0,-9.699373518583293
407,1,0.0,0.0,0.0,0.0,-0.8803757824717058
407,2,0.0,0.0,0.0,0.0,-0.04771279131455756
407,3,0.0,0.0,0.0,0.0,0.0
407,4,0.0,0.0,0.0,0.0,0.0
408,0,0.0,-0.007571356051167655,0.0,0.0,-9.704855137151624
408,1,0.0,0.0,0.0,0.0,-0.8803757824717058
408,2,0.0,0.0,0.0,0.0,-0.04771279131455756
408,3,0.0,0.0,0.0,0.0,0.0
408,4,0.0,0.0,0.0,0.0,0.0
409,0,0.0,-0.007571356051167655,0.0,0.0,-9.723912324237693
409,1,0.0,0.0,0.0,0.0,-0.8803757824717058
409,2,0.0,0.0,0.0,0.0,-0.04771279131455756
409,3,0.0,0.0,0.0,0.0,0.0
409,4,0.0,0.0,0.0,0.0,0.0
410,0,0.0,-0.007571356051167655,0.0,0.0,-9.736253778852742
410,1,0.0,0.0,0.0,0.0,-0.8803757824717058
410,2,0.0,0.0,0.0,0.0,-0.04771279131455756
410,3,0.0,0.0,0.0,0.0,0.0
410,4,0.0,0.0,0.0,0.0,0.0
411,0,0.0,-0.007571356051167655,0.0,0.0,-9.743637903037063
411,1,0.0,0.0,0.0,0.0,-0.8803757824717058
411,2,0.0,0.0,0.0,0.0,-0.04771279131455756
411,3,0.0,0.0,0.0,0.0,0.0
411,4,0.0,0.0,0.0,0.0,0.0
412,0,0.0,-0.007571356051167655,0.0,0.0,-9.768482007967693
412,1,0.0,0.0,0.0,0.0,-0.8803757824717058
412,2,0.0,0.0,0.0,0.0,-0.04771279131455756
412,3,0.0,0.0,0.0,0.0,0.0
412,4,0.0,0.0,0.0,0.0,0.0
413,0,0.0,-0.007571356051167655,0.0,0.0,-9.780618302183491
413,1,0.0,0.0,0.0,0.0,-0.8803757824717058
413,2,0.0,0.0,0.0,0.0,-0.04771279131455756
413,3,0.0,0.0,0.0,0.0,0.0
413,4,0.0,0.0,0.0,0.0,0.0
414,0,0.0,-0.007571356051167655,0.0,0.0,-9.788231580770313
414,1,0.0,0.0,0.0,0.0,-0.8803757824717058
414,2,0.0,0.0,0.0,0.0,-0.04771279131455756
414,3,0.0,0.0,0.0,0.0,0.0
414,4,0.0,0.0,0.0,0.0,0.0
415,0,0.0,-0.007571356051167655,0.0,0.0,-9.798017062777006
415,1,0.0,0.0,0.0,0.0,-0.8803757824717058
415,2,0.0,0.0,0.0,0.0,-0.04771279131455756
415,3,0.0,0.0,0.0,0.0,0.0
415,4,0.0,0.0,0.0,0.0,0.0
416,0,0.0,-0.007571356051167655,0.0,0.0,-9.815700379739853
416,1,0.0,0.0,0.0,0.0,-0.8803757824717058
416,2,0.0,0.0,0.0,0.0,-0.04771279131455756
416,3,0.0,0.0,0.0,0.0,0.0
416,4,0.0,0.0,0.0,0.0,0.0
417,0,0.0,-0.007571356051167655,0.0,0.0,-9.826115886113369
417,1,0.0,0.0,0.0,0.0,-0.8803757824717058
417,2,0.0,0.0,0.0,0.0,-0.04771279131455756
417,3,0.0,0.0,0.0,0.0,0.0
417,4,0.0,0.0,0.0,0.0,0.0
418,0,0.0,-0.007571356051167655,0.0,0.0,-9.836267534781415
418,1,0.0,0.0,0.0,0.0,-0.8803757824717058
418,2,0.0,0.0,0.0,0.0,-0.04771279131455756
418,3,0.0,0.0,0.0,0.0,0.0
418,4,0.0,0.0,0.0,0.0,0.0
419,0,0.0,-0.007571356051167655,0.0,0.0,-9.84436785286221
419,1,0.0,0.0,0.0,0.0,-0.8803757824717058
419,2,0.0,0.0,0.0,0.0,-0.04771279131455756
419,3,0.0,0.0,0.0,0.0,0.0
419,4,0.0,0.0,0.0,0.0,0.0
420,0,0.0,-0.007571356051167655,0.0,0.0,-9.860695353176462
420,1,0.0,0.0,0.0,0.0,-0.8803757824717058
420,2,0.0,0.0,0.0,0.0,-0.04771279131455756
420,3,0.0,0.0,0.0,0.0,0.0
420,4,0.0,0.0,0.0,0.0,0.0
421,0,0.0,-0.007571356051167655,0.0,0.0,-9.87326025397594
421,1,0.0,0.0,0.0,0.0,-0.8803757824717058
421,2,0.0,0.0,0.0,0.0,-0.04771279131455756
421,3,0.0,0.0,0.0,0.0,0.0
421,4,0.0,0.0,0.0,0.0,0.0
422,0,0.0,-0.007571356051167655,0.0,0.0,-9.883468895261194
422,1,0.0,0.0,0.0,0.0,-0.8803757824717058
422,2,0.0,0.0,0.0,0.0,-0.04771279131455756
422,3,0.0,0.0,0.0,0.0,0.0
422,4,0.0,0.0,0.0,0.0,0.0
423,0,0.0,-0.007571356051167655,0.0,0.0,-9.892769667215633
423,1,0.0,0.0,0.0,0.0,-0.8803757824717058
423,2,0.0,0.0,0.0,0.0,-0.04771279131455756
423,3,0.0,0.0,0.0,0.0,0.0
423,4,0.0,0.0,0.0,0.0,0.0
424,0,0.0,-0.007571356051167655,0.0,0.0,-9.906229463982843
424,1,0.0,0.0,0.0,0.0,-0.8803757824717058
424,2,0.0,0.0,0.0,0.0,-0.04771279131455756
424,3,0.0,0.0,0.0,0.0,0.0
424,4,0.0,0.0,0.0,0.0,0.0
425,0,0.0,-0.007571356051167655,0.0,0.0,-9.912067010064947
425,1,0.0,0.0,0.0,0.0,-0.8803757824717058
425,2,0.0,0.0,0.0,0.0,-0.04771279131455756
425,3,0.0,0.0,0.0,0.0,0.0
425,4,0.0,0.0,0.0,0.0,0.0
426,0,0.0,-0.007571356051167655,0.0,0.0,-9.927724287729855
426,1,0.0,0.0,0.0,0.0,-0.8803757824717058
426,2,0.0,0.0,0.0,0.0,-0.04771279131455756
426,3,0.0,0.0,0.0,0.0,0.0
426,4,0.0,0.0,0.0,0.0,0.0
427,0,0.0,-0.007571356051167655,0.0,0.0,-9.952206334556118
427,1,0.0,0.0,0.0,0.0,-0.8803757824717058
427,2,0.0,0.0,0.0,0.0,-0.04771279131455756
427,3,0.0,0.0,0.0,0.0,0.0
427,4,0.0,0.0,0.0,0.0,0.0
428,0,0.0,-0.007571356051167655,0.0,0.0,-9.961992323308738
428,1,0.0,0.0,0.0,0.0,-0.8803757824717058
428,2,0.0,0.0,0.0,0.0,-0.04771279131455756
428,3,0.0,0.0,0.0,0.0,0.0
428,4,0.0,0.0,0.0,0.0,0.0
429,0,0.0,-0.007571356051167655,0.0,0.0,-9.968845849748215
429,1,0.0,0.0,0.0,0.0,-0.8803757824717058
429,2,0.0,0.0,0.0,0.0,-0.04771279131455756
429,3,0.0,0.0,0.0,0.0,0.0
429,4,0.0,0.0,0.0,0.0,0.0
430,0,0.0,-0.007571356051167655,0.0,0.0,-9.975897153263192
430,1,0.0,0.0,0.0,0.0,-0.8803757824717058
430,2,0.0,0.0,0.0,0.0,-0.04771279131455756
430,3,0.0,0.0,0.0,0.0,0.0
430,4,0.0,0.0,0.0,0.0,0.0
431,0,0.0,-0.007571356051167655,0.0,0.0,-9.996891261286223
431,1,0.0,0.0,0.0,0.0,-0.8803757824717058
431,2,0.0,0.0,0.0,0.0,-0.04771279131455756
431,3,0.0,0.0,0.0,0.0,0.0
431,4,0.0,0.0,0.0,0.0,0.0
432,0,0.0,-0.007571356051167655,0.0,0.0,-10.010835867331219
432,1,0.0,0.0,0.0,0.0,-0.8803757824717058
432,2,0.0,0.0,0.0,0.0,-0.04771279131455756
432,3,0.0,0.0,0.0,0.0,0.0
432,4,0.0,0.0,0.0,0.0,0.0
433,0,0.0,-0.007571356051167655,0.0,0.0,-10.026754259304475
433,1,0.0,0.0,0.0,0.0,-0.8803757824717058
433,2,0.0,0.0,0.0,0.0,-0.04771279131455756
433,3,0.0,0.0,0.0,0.0,0.0
433,4,0.0,0.0,0.0,0.0,0.0
434,0,0.0,-0.007571356051167655,0.0,0.0,-10.029566071813372
434,1,0.0,0.0,0.0,0.0,-0.8803757824717058
434,2,0.0,0.0,0.0,0.0,-0.04771279131455756
434,3,0.0,0.0,0.0,0.0,0.0
434,4,0.0,0.0,0.0,0.0,0.0
435,0,0.0,-0.007571356051167655,0.0,0.0,-10.036451055264958
435,1,0.0,0.0,0.0,0.0,-0.8803757824717058
435,2,0.0,0.0,0.0,0.0,-0.04771279131455756
435,3,0.0,0.0,0.0,0.0,0.0
435,4,0.0,0.0,0.0,0.0,0.0
436,0,0.0,-0.007571356051167655,0.0,0.0,-10.063415936332952
436,1,0.0,0.0,0.0,0.0,-0.8803757824717058
436,2,0.0,0.0,0.0,0.0,-0.04771279131455756
436,3,0.0,0.0,0.0,0.0,0.0
436,4,0.0,0.0,0.0,0.0,0.0
437,0,0.0,-0.007571356051167655,0.0,0.0,-10.069747434282789
437,1,0.0,0.0,0.0,0.0,-0.8803757824717058
437,2,0.0,0.0,0.0,0.0,-0.04771279131455756
437,3,0.0,0.0,0.0,0.0,0.0
437,4,0.0,0.0,0.0,0.0,0.0
438,0,0.0,-0.007571356051167655,0.0,0.0,-10.088357414926833
438,1,0.0,0.0,0.0,0.0,-0.8803757824717058
438,2,0.0,0.0,0.0,0.0,-0.04771279131455756
438,3,0.0,0.0,0.0,0.0,0.0
438,4,0.0,0.0,0.0,0.0,0.0
439,0,0.0,-0.007571356051167655,0.0,0.0,-10.09927254534569
439,1,0.0,0.0,0.0,0.0,-0.8803757824717058
439,2,0.0,0.0,0.0,0.0,-0.04771279131455756
439,3,0.0,0.0,0.0,0.0,0.0
439,4,0.0,0.0,0.0,0.0,0.0
440,0,0.0,-0.007571356051167655,0.0,0.0,-10.111015450194396
440,1,0.0,0.0,0.0,0.0,-0.8803757824717058
440,2,0.0,0.0,0.0,0.0,-0.04771279131455756
440,3,0.0,0.0,0.0,0.0,0.0
440,4,0.0,0.0,0.0,0.0,0.0
441,0,0.0,-0.007571356051167655,0.0,0.0,-10.118873869058607
441,1,0.0,0.0,0.0,0.0,-0.8803757824717058
441,2,0.0,0.0,0.0,0.0,-0.04771279131455756
441,3,0.0,0.0,0.0,0.0,0.0
441,4,0.0,0.0,0.0,0.0,0.0
442,0,0.0,-0.007571356051167655,0.0,0.0,-10.14102837183502
442,1,0.0,0.0,0.0,0.0,-0.8803757824717058
442,2,0.0,0.0,0.0,0.0,-0.04771279131455756
442,3,0.0,0.0,0.0,0.0,0.0
442,4,0.0,0.0,0.0,0.0,0.0
443,0,0.0,-0.007571356051167655,0.0,0.0,-10.164695058324943
443,1,0.0,0.0,0.0,0.0,-0.8803757824717058
443,2,0.0,0.0,0.0,0.0,-0.04771279131455756
443,3,0.0,0.0,0.0,0.0,0.0
443,4,0.0,0.0,0.0,0.0,0.0
444,0,0.0,-0.007571356051167655,0.0,0.0,-10.180975657005511
444,1,0.0,0.0,0.0,0.0,-0.8803757824717058
444,2,0.0,0.0,0.0,0.0,-0.04771279131455756
444,3,0.0,0.0,0.0,0.0,0.0
444,4,0.0,0.0,0.0,0.0,0.0
445,0,0.0,-0.007571356051167655,0.0,0.0,-10.194403677365631
445,1,0.0,0.0,0.0,0.0,-0.8803757824717058
445,2,0.0,0.0,0.0,0.0,-0.04771279131455756
445,3,0.0,0.0,0.0,0.0,0.0
445,4,0.0,0.0,0.0,0.0,0.0
446,0,0.0,-0.007571356051167655,0.0,0.0,-10.211461324774463
446,1,0.0,0.0,0.0,0.0,-0.8803757824717058
446,2,0.0,0.0,0.0,0.0,-0.04771279131455756
446,3,0.0,0.0,0.0,0.0,0.0
446,4,0.0,0.0,0.0,0.0,0.0
447,0,0.0,-0.007571356051167655,0.0,0.0,-10.212657416920628
447,1,0.0,0.0,0.0,0.0,-0.8803757824717058
447,2,0.0,0.0,0.0,0.0,-0.04771279131455756
447,3,0.0,0.0,0.0,0.0,0.0
447,4,0.0,0.0,0.0,0.0,0.0
448,0,0.0,-0.007571356051167655,0.0,0.0,-10.2314065398888
448,1,0.0,0.0,0.0,0.0,-0.8803757824717058
448,2,0.0,0.0,0.0,0.0,-0.04771279131455756
448,3,0.0,0.0,0.0,0.0,0.0
448,4,0.0,0.0,0.0,0.0,0.0
449,0,0.0,-0.007571356051167655,0.0,0.0,-10.245903315780916
449,1,0.0,0.0,0.0,0.0,-0.8803757824717058
449,2,0.0,0.0,0.0,0.0,-0.04771279131455756
449,3,0.0,0.0,0.0,0.0,0.0
449,4,0.0,0.0,0.0,0.0,0.0
450,0,0.0,-0.007571356051167655,0.0,0.0,-10.26503644519142
450,1,0.0,0.0,0.0,0.0,-0.8803757824717058
450,2,0.0,0.0,0.0,0.0,-0.04771279131455756
450,3,0.0,0.0,0.0,0.0,0.0
450,4,0.0,0.0,0.0,0.0,0.0
451,0,0.0,-0.007571356051167655,0.0,0.0,-10.278462441579965
451,1,0.0,0.0,0.0,0.0,-0.8803757824717058
451,2,0.0,0.0,0.0,0.0,-0.04771279131455756
451,3,0.0,0.0,0.0,0.0,0.0
451,4,0.0,0.0,0.0,0.0,0.0
452,0,0.0,-0.007571356051167655,0.0,0.0,-10.282787776175516
452,1,0.0,0.0,0.0,0.0,-0.8803757824717058
452,2,0.0,0.0,0.0,0.0,-0.04771279131455756
452,3,0.0,0.0,0.0,0.0,0.0
452,4,0.0,0.0,0.0,0.0,0.0
453,0,0.0,-0.007571356051167655,0.0,0.0,-10.2996870442206
453,1,0.0,0.0,0.0,0.0,-0.8803757824717058
453,2,0.0,0.0,0.0,0.0,-0.04771279131455756
453,3,0.0,0.0,0.0,0.0,0.0
453,4,0.0,0.0,0.0,0.0,0.0
454,0,0.0,-0.007571356051167655,0.0,0.0,-10.311775194919042
454,1,0.0,0.0,0.0,0.0,-0.8803757824717058
454,2,0.0,0.0,0.0,0.0,-0.04771279131455756
454,3,0.0,0.0,0.0,0.0,0.0
454,4,0.0,0.0,0.0,0.0,0.0
455,0,0.0,-0.007571356051167655,0.0,0.0,-10.325310244733
455,1,0.0,0.0,0.0,0.0,-0.8803757824717058
455,2,0.0,0.0,0.0,0.0,-0.04771279131455756
455,3,0.0,0.0,0.0,0.0,0.0
455,4,0.0,0.0,0.0,0.0,0.0
456,0,0.0,-0.007571356051167655,0.0,0.0,-10.358197081185816
456,1,0.0,0.0,0.0,0.0,-0.8803757824717058
456,2,0.0,0.0,0.0,0.0,-0.04771279131455756
456,3,0.0,0.0,0.0,0.0,0.0
456,4,0.0,0.0,0.0,0.0,0.0
457,0,0.0,-0.007571356051167655,0.0,0.0,-10.370023775634039
457,1,0.0,0.0,0.0,0.0,-0.8803757824717058
457,2,0.0,0.0,0.0,0.0,-0.04771279131455756
457,3,0.0,0.0,0.0,0.0,0.0
457,4,0.0,0.0,0.0,0.0,0.0
458,0,0.0,-0.007571356051167655,0.0,0.0,-10.392892034072634
458,1,0.0,0.0,0.0,0.0,-0.8803757824717058
458,2,0.0,0.0,0.0,0.0,-0.04771279131455756
458,3,0.0,0.0,0.0,0.0,0.0
458,4,0.0,0.0,0.0,0.0,0.0
459,0,0.0,-0.007571356051167655,0.0,0.0,-10.401254548095304
459,1,0.0,0.0,0.0,0.0,-0.8803757824717058
459,2,0.0,0.0,0.0,0.0,-0.04771279131455756
459,3,0.0,0.0,0.0,0.0,0.0
459,4,0.0,0.0,0.0,0.0,0.0
460,0,0.0,-0.007571356051167655,0.0,0.0,-10.406670783937951
460,1,0.0,0.0,0.0,0.0,-0.8803757824717058
460,2,0.0,0.0,0.0,0.0,-0.04771279131455756
460,3,0.0,0.0,0.0,0.0,0.0
460,4,0.0,0.0,0.0,0.0,0.0
461,0,0.0,-0.007571356051167655,0.0,0.0,-10.414088336768742
461,1,0.0,0.0,0.0,0.0,-0.8803757824717058
461,2,0.0,0.0,0.0,0.0,-0.04771279131455756
461,3,0.0,0.0,0.0,0.0,0.0
461,4,0.0,0.0,0.0,0.0,0.0
462,0,0.0,-0.007571356051167655,0.0,0.0,-10.424853320131652
462,1,0.0,0.0,0.0,0.0,-0.8803757824717058
462,2,0.0,0.0,0.0,0.0,-0.04771279131455756
462,3,0.0,0.0,0.0,0.0,0.0
462,4,0.0,0.0,0.0,0.0,0.0
463,0,0.0,-0.007571356051167655,0.0,0.0,-10.43894133329973
463,1,0.0,0.0,0.0,0.0,-0.8803757824717058
463,2,0.0,0.0,0.0,0.0,-0.04771279131455756
463,3,0.0,0.0,0.0,0.0,0.0
463,4,0.0,0.0,0.0,0.0,0.0
464,0,0.0,-0.007571356051167655,0.0,0.0,-10.44180150838436
464,1,0.0,0.0,0.0,0.0,-0.8803757824717058
464,2,0.0,0.0,0.0,0.0,-0.04771279131455756
464,3,0.0,0.0,0.0,0.0,0.0
464,4,0.0,0.0,0.0,0.0,0.0
465,0,0.0,-0.007571356051167655,0.0,0.0,-10.456441406116724
465,1,0.0,0.0,0.0,0.0,-0.8803757824717058
465,2,0.0,0.0,0.0,0.0,-0.04771279131455756
465,3,0.0,0.0,0.0,0.0,0.0
465,4,0.0,0.0,0.0,0.0,0.0
466,0,0.0,-0.007571356051167655,0.0,0.0,-10.46932307775438
466,1,0.0,0.0,0.0,0.0,-0.8803757824717058
466,2,0.0,0.0,0.0,0.0,-0.04771279131455756
466,3,0.0,0.0,0.0,0.0,0.0
466,4,0.0,0.0,0.0,0.0,0.0
467,0,0.0,-0.007571356051167655,0.0,0.0,-10.482185012899167
467,1,0.0,0.0,0.0,0.0,-0.8803757824717058
467,2,0.0,0.0,0.0,0.0,-0.04771279131455756
467,3,0.0,0.0,0.0,0.0,0.0
467,4,0.0,0.0,0.0,0.0,0.0
468,0,0.0,-0.007571356051167655,0.0,0.0,-10.486473558558023
468,1,0.0,0.0,0.0,0.0,-0.8803757824717058
468,2,0.0,0.0,0.0,0.0,-0.04771279131455756
468,3,0.0,0.0,0.0,0.0,0.0
468,4,0.0,0.0,0.0,0.0,0.0
469,0,0.0,-0.007571356051167655,0.0,0.0,-10.50590309005106
469,1,0.0,0.0,0.0,0.0,-0.8803757824717058
469,2,0.0,0.0,0.0,0.0,-0.04771279131455756
469,3,0.0,0.0,0.0,0.0,0.0
469,4,0.0,0.0,0.0,0.0,0.0
470,0,0.0,-0.007571356051167655,0.0,0.0,-10.510193054635186
470,1,0.0,0.0,0.0,0.0,-0.8803757824717058
470,2,0.0,0.0,0.0,0.0,-0.04771279131455756
470,3,0.0,0.0,0.0,0.0,0.0
470,4,0.0,0.0,0.0,0.0,0.0
471,0,0.0,-0.007571356051167655,0.0,0.0,-10.527012423213792
471,1,0.0,0.0,0.0,0.0,-0.8803757824717058
471,2,0.0,0.0,0.0,0.0,-0.04771279131455756
471,3,0.0,0.0,0.0,0.0,0.0
471,4,0.0,0.0,0.0,0.0,0.0
472,0,0.0,-0.007571356051167655,0.0,0.0,-10.54439344444676
472,1,0.0,0.0,0.0,0.0,-0.8803757824717058
472,2,0.0,0.0,0.0,0.0,-0.04771279131455756
472,3,0.0,0.0,0.0,0.0,0.0
472,4,0.0,0.0,0.0,0.0,0.0
473,0,0.0,-0.007571356051167655,0.0,0.0,-10.548594518156488
473,1,0.0,0.0,0.0,0.0,-0.8803757824717058
473,2,0.0,0.0,0.0,0.0,-0.04771279131455756
473,3,0.0,0.0,0.0,0.0,0.0
473,4,0.0,0.0,0.0,0.0,0.0
474,0,0.0,-0.007571356051167655,0.0,0.0,-10.555822886280373
474,1,0.0,0.0,0.0,0.0,-0.8803757824717058
474,2,0.0,0.0,0.0,0.0,-0.04771279131455756
474,3,0.0,0.0,0.0,0.0,0.0
474,4,0.0,0.0,0.0,0.0,0.0
475,0,0.0,-0.007571356051167655,0.0,0.0,-10.587186385713277
475,1,0.0,0.0,0.0,0.0,-0.8803757824717058
475,2,0.0,0.0,0.0,0.0,-0.04771279131455756
475,3,0.0,0.0,0.0,0.0,0.0
475,4,0.0,0.0,0.0,0.0,0.0
476,0,0.0,-0.007571356051167655,0.0,0.0,-10.597691474441449
476,1,0.0,0.0,0.0,0.0,-0.8803757824717058
476,2,0.0,0.0,0.0,0.0,-0.04771279131455756
476,3,0.0,0.0,0.0,0.0,0.0
476,4,0.0,0.0,0.0,0.0,0.0
477,0,0.0,-0.007571356051167655,0.0,0.0,-10.625505108321546
477,1,0.0,0.0,0.0,0.0,-0.8803757824717058
477,2,0.0,0.0,0.0,0.0,-0.04771279131455756
477,3,0.0,0.0,0.0,0.0,0.0
477,4,0.0,0.0,0.0,0.0,0.0
478,0,0.0,-0.007571356051167655,0.0,0.0,-10.624518093453757
478,1,0.0,0.0,0.0,0.0,-0.8803757824717058
478,2,0.0,0.0,0.0,0.0,-0.04771279131455756
478,3,0.0,0.0,0.0,0.0,0.0
478,4,0.0,0.0,0.0,0.0,0.0
479,0,0.0,-0.007571356051167655,0.0,0.0,-10.63943421653692
479,1,0.0,0.0,0.0,0.0,-0.8803757824717058
479,2,0.0,0.0,0.0,0.0,-0.04771279131455756
479,3,0.0,0.0,0.0,0.0,0.0
479,4,0.0,0.0,0.0,0.0,0.0
480,0,0.0,-0.007571356051167655,0.0,0.0,-10.641845571153786
480,1,0.0,0.0,0.0,0.0,-0.8803757824717058
480,2,0.0,0.0,0.0,0.0,-0.04771279131455756
480,3,0.0,0.0,0.0,0.0,0.0
480,4,0.0,0.0,0.0,0.0,0.0
481,0,0.0,-0.007571356051167655,0.0,0.0,-10.656686664891394
481,1,0.0,0.0,0.0,0.0,-0.8803757824717058
481,2,0.0,0.0,0.0,0.0,-0.04771279131455756
481,3,0.0,0.0,0.0,0.0,0.0
481,4,0.0,0.0,0.0,0.0,0.0
482,0,0.0,-0.007571356051167655,0.0,0.0,-10.664344240176161
482,1,0.0,0.0,0.0,0.0,-0.8803757824717058
482,2,0.0,0.0,0.0,0.0,-0.04771279131455756
482,3,0.0,0.0,0.0,0.0,0.0
482,4,0.0,0.0,0.0,0.0,0.0
483,0,0.0,-0.007571356051167655,0.0,0.0,-10.690399830885038
483,1,0.0,0.0,0.0,0.0,-0.8803757824717058
483,2,0.0,0.0,0.0,0.0,-0.04771279131455756
483,3,0.0,0.0,0.0,0.0,0.0
483,4,0.0,0.0,0.0,0.0,0.0
484,0,0.0,-0.007571356051167655,0.0,0.0,-10.701627482604406
484,1,0.0,0.0,0.0,0.0,-0.8803757824717058
484,2,0.0,0.0,0.0,0.0,-0.04771279131455756
484,3,0.0,0.0,0.0,0.0,0.0
484,4,0.0,0.0,0.0,0.0,0.0
485,0,0.0,-0.007571356051167655,0.0,0.0,-10.70941797696608
485,1,0.0,0.0,0.0,0.0,-0.8803757824717058
485,2,0.0,0.0,0.0,0.0,-0.04771279131455756
485,3,0.0,0.0,0.0,0.0,0.0
485,4,0.0,0.0,0.0,0.0,0.0
486,0,0.0,-0.007571356051167655,0.0,0.0,-10.72738878328924
486,1,0.0,0.0,0.0,0.0,-0.8803757824717058
486,2,0.0,0.0,0.0,0.0,-0.04771279131455756
486,3,0.0,0.0,0.0,0.0,0.0
486,4,0.0,0.0,0.0,0.0,0.0
487,0,0.0,-0.007571356051167655,0.0,0.0,-10.733014640246315
487,1,0.0,0.0,0.0,0.0,-0.8803757824717058
487,2,0.0,0.0,0.0,0.0,-0.04771279131455756
487,3,0.0,0.0,0.0,0.0,0.0
487,4,0.0,0.0,0.0,0.0,0.0
488,0,0.0,-0.007571356051167655,0.0,0.0,-10.740708422195462
488,1,0.0,0.0,0.0,0.0,-0.8803757824717058
488,2,0.0,0.0,0.0,0.0,-0.04771279131455756
488,3,0.0,0.0,0.0,0.0,0.0
488,4,0.0,0.0,0.0,0.0,0.0
489,0,0.0,-0.008736638383999603,0.0,0.0,-10.740708422195462
489,1,0.0,0.0,0.0,0.0,-0.9241807930350444
489,2,0.0,0.0,0.0,0.0,-0.04771279131455756
489,3,0.0,0.0,0.0,0.0,0.0
489,4,0.0,0.0,0.0,0.0,0.0
490,0,0.0,-0.008736638383999603,0.0,0.0,-10.747726176007108
490,1,0.0,0.0,0.0,0.0,-0.9241807930350444
490,2,0.0,0.0,0.0,0.0,-0.04771279131455756
490,3,0.0,0.0,0.0,0.0,0.0
490,4,0.0,0.0,0.0,0.0,0.0
491,0,0.0,-0.008736638383999603,0.0,0.0,-10.76122604292995
491,1,0.0,0.0,0.0,0.0,-0.9241807930350444
491,2,0.0,0.0,0.0,0.0,-0.04771279131455756
491,3,0.0,0.0,0.0,0.0,0.0
491,4,0.0,0.0,0.0,0.0,0.0
492,0,0.0,-0.008736638383999603,0.0,0.0,-10.778900837403244
492,1,0.0,0.0,0.0,0.0,-0.9241807930350444
492,2,0.0,0.0,0.0,0.0,-0.04771279131455756
492,3,0.0,0.0,0.0,0.0,0.0
492,4,0.0,0.0,0.0,0.0,0.0
493,0,0.0,-0.008736638383999603,0.0,0.0,-10.795638637847183
493,1,0.0,0.0,0.0,0.0,-0.9241807930350444
493,2,0.0,0.0,0.0,0.0,-0.04771279131455756
493,3,0.0,0.0,0.0,0.0,0.0
493,4,0.0,0.0,0.0,0.0,0.0
494,0,0.0,-0.008736638383999603,0.0,0.0,-10.799012416567592
494,1,0.0,0.0,0.0,0.0,-0.9241807930350444
494,2,0.0,0.0,0.0,0.0,-0.04771279131455756
494,3,0.0,0.0,0.0,0.0,0.0
494,4,0.0,0.0,0.0,0.0,0.0
495,0,0.0,-0.008736638383999603,0.0,0.0,-10.805099550769205
495,1,0.0,0.0,0.0,0.0,-0.9241807930350444
495,2,0.0,0.0,0.0,0.0,-0.04771279131455756
495,3,0.0,0.0,0.0,0.0,0.0
495,4,0.0,0.0,0.0,0.0,0.0
496,0,0.0,-0.008736638383999603,0.0,0.0,-10.815125683348123
496,1,0.0,0.0,0.0,0.0,-0.9241807930350444
496,2,0.0,0.0,0.0,0.0,-0.04771279131455756
496,3,0.0,0.0,0.0,0.0,0.0
496,4,0.0,0.0,0.0,0.0,0.0
497,0,0.0,-0.008736638383999603,0.0,0.0,-10.81886712289143
497,1,0.0,0.0,0.0,0.0,-0.9241807930350444
497,2,0.0,0.0,0.0,0.0,-0.04771279131455756
497,3,0.0,0.0,0.0,0.0,0.0
497,4,0.0,0.0,0.0,0.0,0.0
498,0,0.0,-0.008736638383999603,0.0,0.0,-10.847706271571733
498,1,0.0,0.0,0.0,0.0,-0.9241807930350444
498,2,0.0,0.0,0.0,0.0,-0.04771279131455756
498,3,0.0,0.0,0.0,0.0,0.0
498,4,0.0,0.0,0.0,0.0,0.0
499,0,0.0,-0.008736638383999603,0.0,0.0,-10.85597491766441
499,1,0.0,0.0,0.0,0.0,-0.9241807930350444
499,2,0.0,0.0,0.0,0.0,-0.04771279131455756
499,3,0.0,0.0,0.0,0.0,0.0
499,4,0.0,0.0,0.0,0.0,0.0
500,0,0.0,-0.008736638383999603,0.0,0.0,-10.867176338315575
500,1,0.0,0.0,0.0,0.0,-0.9241807930350444
500,2,0.0,0.0,0.0,0.0,-0.04771279131455756
500,3,0.0,0.0,0.0,0.0,0.0
500,4,0.0,0.0,0.0,0.0,0.0
501,0,0.0,-0.008736638383999603,0.0,0.0,-10.870690235715003
501,1,0.0,0.0,0.0,0.0,-0.9241807930350444
501,2,0.0,0.0,0.0,0.0,-0.04771279131455756
501,3,0.0,0.0,0.0,0.0,0.0
501,4,0.0,0.0,0.0,0.0,0.0
502,0,0.0,-0.008736638383999603,0.0,0.0,-10.878267168874753
502,1,0.0,0.0,0.0,0.0,-0.9241807930350444
502,2,0.0,0.0,0.0,0.0,-0.04771279131455756
502,3,0.0,0.0,0.0,0.0,0.0
502,4,0.0,0.0,0.0,0.0,0.0
503,0,0.0,-0.008736638383999603,0.0,0.0,-10.88631487138039
503,1,0.0,0.0,0.0,0.0,-0.9241807930350444
503,2,0.0,0.0,0.0,0.0,-0.04771279131455756
503,3,0.0,0.0,0.0,0.0,0.0
503,4,0.0,0.0,0.0,0.0,0.0
504,0,0.0,-0.008736638383999603,0.0,0.0,-10.89468293773242
504,1,0.0,0.0,0.0,0.0,-0.9241807930350444
504,2,0.0,0.0,0.0,0.0,-0.04771279131455756
504,3,0.0,0.0,0.0,0.0,0.0
504,4,0.0,0.0,0.0,0.0,0.0
505,0,0.0,-0.008736638383999603,0.0,0.0,-10.906498605169162
505,1,0.0,0.0,0.0,0.0,-0.9241807930350444
505,2,0.0,0.0,0.0,0.0,-0.04771279131455756
505,3,0.0,0.0,0.0,0.0,0.0
505,4,0.0,0.0,0.0,0.0,0.0
506,0,0.0,-0.008736638383999603,0.0,0.0,-10.924827499150464
506,1,0.0,0.0,0.0,0.0,-0.9241807930350444
506,2,0.0,0.0,0.0,0.0,-0.04771279131455756
506,3,0.0,0.0,0.0,0.0,0.0
506,4,0.0,0.0,0.0,0.0,0.0
507,0,0.0,-0.008736638383999603,0.0,0.0,-10.932291828447099
507,1,0.0,0.0,0.0,0.0,-0.9241807930350444
507,2,0.0,0.0,0.0,0.0,-0.04771279131455756
507,3,0.0,0.0,0.0,0.0,0.0
507,4,0.0,0.0,0.0,0.0,0.0
508,0,0.0,-0.008736638383999603,0.0,0.0,-10.941753974478257
508,1,0.0,0.0,0.0,0.0,-0.9241807930350444
508,2,0.0,0.0,0.0,0.0,-0.04771279131455756
508,3,0.0,0.0,0.0,0.0,0.0
508,4,0.0,0.0,0.0,0.0,0.0
509,0,0.0,-0.008736638383999603,0.0,0.0,-10.954073424774535
509,1,0.0,0.0,0.0,0.0,-0.9241807930350444
509,2,0.0,0.0,0.0,0.0,-0.04771279131455756
509,3,0.0,0.0,0.0,0.0,0.0
509,4,0.0,0.0,0.0,0.0,0.0
510,0,0.0,-0.008736638383999603,0.0,0.0,-10.957962471110887
510,1,0.0,0.0,0.0,0.0,-0.9241807930350444
510,2,0.0,0.0,0.0,0.0,-0.04771279131455756
510,3,0.0,0.0,0.0,0.0,0.0
510,4,0.0,0.0,0.0,0.0,0.0
511,0,0.0,-0.008736638383999603,0.0,0.0,-10.969927179989206
511,1,0.0,0.0,0.0,0.0,-0.9241807930350444
511,2,0.0,0.0,0.0,0.0,-0.04771279131455756
511,3,0.0,0.0,0.0,0.0,0.0
511,4,0.0,0.0,0.0,0.0,0.0
512,0,0.0,-0.008736638383999603,0.0,0.0,-10.97163989883062
512,1,0.0,0.0,0.0,0.0,-0.9241807930350444
512,2,0.0,0.0,0.0,0.0,-0.04771279131455756
512,3,0.0,0.0,0.0,0.0,0.0
512,4,0.0,0.0,0.0,0.0,0.0
513,0,0.0,-0.008736638383999603,0.0,0.0,-10.982567122929055
513,1,0.0,0.0,0.0,0.0,-0.9241807930350444
513,2,0.0,0.0,0.0,0.0,-0.04771279131455756
513,3,0.0,0.0,0.0,0.0,0.0
513,4,0.0,0.0,0.0,0.0,0.0
514,0,0.0,-0.008736638383999603,0.0,0.0,-10.988563673153148
514,1,0.0,0.0,0.0,0.0,-0.9241807930350444
514,2,0.0,0.0,0.0,0.0,-0.04771279131455756
514,3,0.0,0.0,0.0,0.0,0.0
514,4,0.0,0.0,0.0,0.0,0.0
515,0,0.0,-0.008736638383999603,0.0,0.0,-10.995650560959879
515,1,0.0,0.0,0.0,0.0,-0.9241807930350444
515,2,0.0,0.0,0.0,0.0,-0.04771279131455756
515,3,0.0,0.0,0.0,0.0,0.0
515,4,0.0,0.0,0.0,0.0,0.0
516,0,0.0,-0.008736638383999603,0.0,0.0,-11.006855928623576
516,1,0.0,0.0,0.0,0.0,-0.9241807930350444
516,2,0.0,0.0,0.0,0.0,-0.04771279131455756
516,3,0.0,0.0,0.0,0.0,0.0
516,4,0.0,0.0,0.0,0.0,0.0
517,0,0.0,-0.008736638383999603,0.0,0.0,-11.02887391719754
517,1,0.0,0.0,0.0,0.0,-0.9241807930350444
517,2,0.0,0.0,0.0,0.0,-0.04771279131455756
517,3,0.0,0.0,0.0,0.0,0.0
517,4,0.0,0.0,0.0,0.0,0.0
518,0,0.0,-0.008736638383999603,0.0,0.0,-11.04868715709075
518,1,0.0,0.0,0.0,0.0,-0.9241807930350444
518,2,0.0,0.0,0.0,0.0,-0.04771279131455756
518,3,0.0,0.0,0.0,0.0,0.0
518,4,0.0,0.0,0.0,0.0,0.0
519,0,0.0,-0.008736638383999603,0.0,0.0,-11.072017501149828
519,1,0.0,0.0,0.0,0.0,-0.9241807930350444
519,2,0.0,0.0,0.0,0.0,-0.04771279131455756
519,3,0.0,0.0,0.0,0.0,0.0
519,4,0.0,0.0,0.0,0.0,0.0
520,0,0.0,-0.008736638383999603,0.0,0.0,-11.090925131078215
520,1,0.0,0.0,0.0,0.0,-0.9241807930350444
520,2,0.0,0.0,0.0,0.0,-0.04771279131455756
520,3,0.0,0.0,0.0,0.0,0.0
520,4,0.0,0.0,0.0,0.0,0.0
521,0,0.0,-0.008736638383999603,0.0,0.0,-11.098366567933041
521,1,0.0,0.0,0.0,0.0,-0.9241807930350444
521,2,0.0,0.0,0.0,0.0,-0.04771279131455756
521,3,0.0,0.0,0.0,0.0,0.0
521,4,0.0,0.0,0.0,0.0,0.0
522,0,0.0,-0.008736638383999603,0.0,0.0,-11.103255973473175
522,1,0.0,0.0,0.0,0.0,-0.9241807930350444
522,2,0.0,0.0,0.0,0.0,-0.04771279131455756
522,3,0.0,0.0,0.0,0.0,0.0
522,4,0.0,0.0,0.0,0.0,0.0
523,0,0.0,-0.008736638383999603,0.0,0.0,-11.110650432355156
523,1,0.0,0.0,0.0,0.0,-0.9241807930350444
523,2,0.0,0.0,0.0,0.0,-0.04771279131455756
523,3,0.0,0.0,0.0,0.0,0.0
523,4,0.0,0.0,0.0,0.0,0.0
524,0,0.0,-0.008736638383999603,0.0,0.0,-11.126252217101044
524,1,0.0,0.0,0.0,0.0,-0.9241807930350444
524,2,0.0,0.0,0.0,0.0,-0.04771279131455756
524,3,0.0,0.0,0.0,0.0,0.0
524,4,0.0,0.0,0.0,0.0,0.0
525,0,0.0,-0.009996886782820468,0.0,0.0,-11.126252217101044
525,1,0.0,0.0,0.0,0.0,-0.9675467465572183
525,2,0.0,0.0,0.0,0.0,-0.04771279131455756
525,3,0.0,0.0,0.0,0.0,0.0
525,4,0.0,0.0,0.0,0.0,0.0
526,0,0.0,-0.009996886782820468,0.0,0.0,-11.126040223828815
526,1,0.0,0.0,0.0,0.0,-0.9675467465572183
526,2,0.0,0.0,0.0,0.0,-0.04771279131455756
526,3,0.0,0.0,0.0,0.0,0.0
526,4,0.0,0.0,0.0,0.0,0.0
527,0,0.0,-0.009996886782820468,0.0,0.0,-11.132133519924748
527,1,0.0,0.0,0.0,0.0,-0.9675467465572183
527,2,0.0,0.0,0.0,0.0,-0.04771279131455756
527,3,0.0,0.0,0.0,0.0,0.0
527,4,0.0,0.0,0.0,0.0,0.0
528,0,0.0,-0.009996886782820468,0.0,0.0,-11.144293049147633
528,1,0.0,0.0,0.0,0.0,-0.9675467465572183
528,2,0.0,0.0,0.0,0.0,-0.04771279131455756
528,3,0.0,0.0,0.0,0.0,0.0
528,4,0.0,0.0,0.0,0.0,0.0
529,0,0.0,-0.009996886782820468,0.0,0.0,-11.14955274797462
529,1,0.0,0.0,0.0,0.0,-0.9675467465572183
529,2,0.0,0.0,0.0,0.0,-0.04771279131455756
529,3,0.0,0.0,0.0,0.0,0.0
529,4,0.0,0.0,0.0,0.0,0.0
530,0,0.0,-0.009996886782820468,0.0,0.0,-11.155411928452446
530,1,0.0,0.0,0.0,0.0,-0.9675467465572183
530,2,0.0,0.0,0.0,0.0,-0.04771279131455756
530,3,0.0,0.0,0.0,0.0,0.0
530,4,0.0,0.0,0.0,0.0,0.0
531,0,0.0,-0.009996886782820468,0.0,0.0,-11.169480631956539
531,1,0.0,0.0,0.0,0.0,-0.9675467465572183
531,2,0.0,0.0,0.0,0.0,-0.04771279131455756
531,3,0.0,0.0,0.0,0.0,0.0
531,4,0.0,0.0,0.0,0.0,0.0
532,0,0.0,-0.009996886782820468,0.0,0.0,-11.182707143123636
532,1,0.0,0.0,0.0,0.0,-0.9675467465572183
532,2,0.0,0.0,0.0,0.0,-0.04771279131455756
532,3,0.0,0.0,0.0,0.0,0.0
532,4,0.0,0.0,0.0,0.0,0.0
533,0,0.0,-0.009996886782820468,0.0,0.0,-11.205348455116539
533,1,0.0,0.0,0.0,0.0,-0.9675467465572183
533,2,0.0,0.0,0.0,0.0,-0.04771279131455756
533,3,0.0,0.0,0.0,0.0,0.0
533,4,0.0,0.0,0.0,0.0,0.0
534,0,0.0,-0.009996886782820468,0.0,0.0,-11.210687112161413
534,1,0.0,0.0,0.0,0.0,-0.9675467465572183
534,2,0.0,0.0,0.0,0.0,-0.04771279131455756
534,3,0.0,0.0,0.0,0.0,0.0
534,4,0.0,0.0,0.0,0.0,0.0
535,0,0.0,-0.009996886782820468,0.0,0.0,-11.226922606863981
535,1,0.0,0.0,0.0,0.0,-0.9675467465572183
535,2,0.0,0.0,0.0,0.0,-0.04771279131455756
535,3,0.0,0.0,0.0,0.0,0.0
535,4,0.0,0.0,0.0,0.0,0.0
536,0,0.0,-0.009996886782820468,0.0,0.0,-11.238260927341631
536,1,0.0,0.0,0.0,0.0,-0.9675467465572183
536,2,0.0,0.0,0.0,0.0,-0.04771279131455756
536,3,0.0,0.0,0.0,0.0,0.0
536,4,0.0,0.0,0.0,0.0,0.0
537,0,0.0,-0.009996886782820468,0.0,0.0,-11.241698025217735
537,1,0.0,0.0,0.0,0.0,-0.9675467465572183
537,2,0.0,0.0,0.0,0.0,-0.04771279131455756
537,3,0.0,0.0,0.0,0.0,0.0
537,4,0.0,0.0,0.0,0.0,0.0
538,0,0.0,-0.009996886782820468,0.0,0.0,-11.247180139434553
538,1,0.0,0.0,0.0,0.0,-0.9675467465572183
538,2,0.0,0.0,0.0,0.0,-0.04771279131455756
538,3,0.0,0.0,0.0,0.0,0.0
538,4,0.0,0.0,0.0,0.0,0.0
539,0,0.0,-0.009996886782820468,0.0,0.0,-11.25683276295018
539,1,0.0,0.0,0.0,0.0,-0.9675467465572183
539,2,0.0,0.0,0.0,0.0,-0.04771279131455756
539,3,0.0,0.0,0.0,0.0,0.0
539,4,0.0,0.0,0.0,0.0,0.0
540,0,0.0,-0.009996886782820468,0.0,0.0,-11.268457704658834
540,1,0.0,0.0,0.0,0.0,-0.9675467465572183
540,2,0.0,0.0,0.0,0.0,-0.04771279131455756
540,3,0.0,0.0,0.0,0.0,0.0
540,4,0.0,0.0,0.0,0.0,0.0
541,0,0.0,-0.009996886782820468,0.0,0.0,-11.287804361314265
541,1,0.0,0.0,0.0,0.0,-0.9675467465572183
541,2,0.0,0.0,0.0,0.0,-0.04771279131455756
541,3,0.0,0.0,0.0,0.0,0.0
541,4,0.0,0.0,0.0,0.0,0.0
542,0,0.0,-0.009996886782820468,0.0,0.0,-11.29472558159093
542,1,0.0,0.0,0.0,0.0,-0.9675467465572183
542,2,0.0,0.0,0.0,0.0,-0.04771279131455756
542,3,0.0,0.0,0.0,0.0,0.0
542,4,0.0,0.0,0.0,0.0,0.0
543,0,0.0,-0.009996886782820468,0.0,0.0,-11.313357517925356
543,1,0.0,0.0,0.0,0.0,-0.9675467465572183
543,2,0.0,0.0,0.0,0.0,-0.04771279131455756
543,3,0.0,0.0,0.0,0.0,0.0
543,4,0.0,0.0,0.0,0.0,0.0
544,0,0.0,-0.009996886782820468,0.0,0.0,-11.330318577525277
544,1,0.0,0.0,0.0,0.0,-0.9675467465572183
544,2,0.0,0.0,0.0,0.0,-0.04771279131455756
544,3,0.0,0.0,0.0,0.0,0.0
544,4,0.0,0.0,0.0,0.0,0.0
545,0,0.0,-0.009996886782820468,0.0,0.0,-11.331067756724163
545,1,0.0,0.0,0.0,0.0,-0.9675467465572183
545,2,0.0,0.0,0.0,0.0,-0.04771279131455756
545,3,0.0,0.0,0.0,0.0,0.0
545,4,0.0,0.0,0.0,0.0,0.0
546,0,0.0,-0.009996886782820468,0.0,0.0,-11.333797353102577
546,1,0.0,0.0,0.0,0.0,-0.9675467465572183
546,2,0.0,0.0,0.0,0.0,-0.04771279131455756
546,3,0.0,0.0,0.0,0.0,0.0
546,4,0.0,0.0,0.0,0.0,0.0
547,0,0.0,-0.009996886782820468,0.0,0.0,-11.343738778157968
547,1,0.0,0.0,0.0,0.0,-0.9675467465572183
547,2,0.0,0.0,0.0,0.0,-0.04771279131455756
547,3,0.0,0.0,0.0,0.0,0.0
547,4,0.0,0.0,0.0,0.0,0.0
548,0,0.0,-0.009996886782820468,0.0,0.0,-11.349952091577306
548,1,0.0,0.0,0.0,0.0,-0.9675467465572183
548,2,0.0,0.0,0.0,0.0,-0.04771279131455756
548,3,0.0,0.0,0.0,0.0,0.0
548,4,0.0,0.0,0.0,0.0,0.0
549,0,0.0,-0.009996886782820468,0.0,0.0,-11.358867294481062
549,1,0.0,0.0,0.0,0.0,-0.9675467465572183
549,2,0.0,0.0,0.0,0.0,-0.04771279131455756
549,3,0.0,0.0,0.0,0.0,0.0
549,4,0.0,0.0,0.0,0.0,0.0
550,0,0.0,-0.009996886782820468,0.0,0.0,-11.357735849358793
550,1,0.0,0.0,0.0,0.0,-0.9675467465572183
550,2,0.0,0.0,0.0,0.0,-0.04771279131455756
550,3,0.0,0.0,0.0,0.0,0.0
550,4,0.0,0.0,0.0,0.0,0.0
551,0,0.0,-0.009996886782820468,0.0,0.0,-11.367885260986645
551,1,0.0,0.0,0.0,0.0,-0.9675467465572183
551,2,0.0,0.0,0.0,0.0,-0.04771279131455756
551,3,0.0,0.0,0.0,0.0,0.0
551,4,0.0,0.0,0.0,0.0,0.0
552,0,0.0,-0.009996886782820468,0.0,0.0,-11.381313119764533
552,1,0.0,0.0,0.0,0.0,-0.9675467465572183
552,2,0.0,0.0,0.0,0.0,-0.04771279131455756
552,3,0.0,0.0,0.0,0.0,0.0
552,4,0.0,0.0,0.0,0.0,0.0
553,0,0.0,-0.009996886782820468,0.0,0.0,-11.378133466047931
553,1,0.0,0.0,0.0,0.0,-0.9675467465572183
553,2,0.0,0.0,0.0,0.0,-0.04771279131455756
553,3,0.0,0.0,0.0,0.0,0.0
553,4,0.0,0.0,0.0,0.0,0.0
554,0,0.0,-0.009996886782820468,0.0,0.0,-11.394156704116416
554,1,0.0,0.0,0.0,0.0,-0.9675467465572183
554,2,0.0,0.0,0.0,0.0,-0.04771279131455756
554,3,0.0,0.0,0.0,0.0,0.0
554,4,0.0,0.0,0.0,0.0,0.0
555,0,0.0,-0.009996886782820468,0.0,0.0,-11.397842409839278
555,1,0.0,0.0,0.0,0.0,-0.9675467465572183
555,2,0.0,0.0,0.0,0.0,-0.04771279131455756
555,3,0.0,0.0,0.0,0.0,0.0
555,4,0.0,0.0,0.0,0.0,0.0
556,0,0.0,-0.009996886782820468,0.0,0.0,-11.410858582680737
556,1,0.0,0.0,0.0,0.0,-0.9675467465572183
556,2,0.0,0.0,0.0,0.0,-0.04771279131455756
556,3,0.0,0.0,0.0,0.0,0.0
556,4,0.0,0.0,0.0,0.0,0.0
557,0,0.0,-0.009996886782820468,0.0,0.0,-11.418925164385662
557,1,0.0,0.0,0.0,0.0,-0.9675467465572183
557,2,0.0,0.0,0.0,0.0,-0.04771279131455756
557,3,0.0,0.0,0.0,0.0,0.0
557,4,0.0,0.0,0.0,0.0,0.0
558,0,0.0,-0.009996886782820468,0.0,0.0,-11.430686137306182
558,1,0.0,0.0,0.0,0.0,-0.9675467465572183
558,2,0.0,0.0,0.0,0.0,-0.04771279131455756
558,3,0.0,0.0,0.0,0.0,0.0
558,4,0.0,0.0,0.0,0.0,0.0
559,0,0.0,-0.009996886782820468,0.0,0.0,-11.451221515158363
559,1,0.0,0.0,0.0,0.0,-0.9675467465572183
559,2,0.0,0.0,0.0,0.0,-0.04771279131455756
559,3,0.0,0.0,0.0,0.0,0.0
559,4,0.0,0.0,0.0,0.0,0.0
560,0,0.0,-0.009996886782820468,0.0,0.0,-11.45565143090128
560,1,0.0,0.0,0.0,0.0,-0.9675467465572183
560,2,0.0,0.0,0.0,0.0,-0.04771279131455756
560,3,0.0,0.0,0.0,0.0,0.0
560,4,0.0,0.0,0.0,0.0,0.0
561,0,0.0,-0.009996886782820468,0.0,0.0,-11.468979339755258
561,1,0.0,0.0,0.0,0.0,-0.9675467465572183
561,2,0.0,0.0,0.0,0.0,-0.04771279131455756
561,3,0.0,0.0,0.0,0.0,0.0
561,4,0.0,0.0,0.0,0.0,0.0
562,0,0.0,-0.009996886782820468,0.0,0.0,-11.473946394888012
562,1,0.0,0.0,0.0,0.0,-0.9675467465572183
562,2,0.0,0.0,0.0,0.0,-0.04771279131455756
562,3,0.0,0.0,0.0,0.0,0.0
562,4,0.0,0.0,0.0,0.0,0.0
563,0,0.0,-0.009996886782820468,0.0,0.0,-11.49106595552103
563,1,0.0,0.0,0.0,0.0,-0.9675467465572183
563,2,0.0,0.0,0.0,0.0,-0.04771279131455756
563,3,0.0,0.0,0.0,0.0,0.0
563,4,0.0,0.0,0.0,0.0,0.0
564,0,0.0,-0.009996886782820468,0.0,0.0,-11.501796957419849
564,1,0.0,0.0,0.0,0.0,-0.9675467465572183
564,2,0.0,0.0,0.0,0.0,-0.04771279131455756
564,3,0.0,0.0,0.0,0.0,0.0
564,4,0.0,0.0,0.0,0.0,0.0
565,0,0.0,-0.009996886782820468,0.0,0.0,-11.506978816985157
565,1,0.0,0.0,0.0,0.0,-0.9675467465572183
565,2,0.0,0.0,0.0,0.0,-0.04771279131455756
565,3,0.0,0.0,0.0,0.0,0.0
565,4,0.0,0.0,0.0,0.0,0.0
566,0,0.0,-0.009996886782820468,0.0,0.0,-11.510239145881208
566,1,0.0,0.0,0.0,0.0,-0.9675467465572183
566,2,0.0,0.0,0.0,0.0,-0.04771279131455756
566,3,0.0,0.0,0.0,0.0,0.0
566,4,0.0,0.0,0.0,0.0,0.0
567,0,0.0,-0.009996886782820468,0.0,0.0,-11.530056981957344
567,1,0.0,0.0,0.0,0.0,-0.9675467465572183
567,2,0.0,0.0,0.0,0.0,-0.04771279131455756
567,3,0.0,0.0,0.0,0.0,0.0
567,4,0.0,0.0,0.0,0.0,0.0
568,0,0.0,-0.009996886782820468,0.0,0.0,-11.541914700006027
568,1,0.0,0.0,0.0,0.0,-0.9675467465572183
568,2,0.0,0.0,0.0,0.0,-0.04771279131455756
568,3,0.0,0.0,0.0,0.0,0.0
568,4,0.0,0.0,0.0,0.0,0.0
569,0,0.0,-0.009996886782820468,0.0,0.0,-11.545694825336417
569,1,0.0,0.0,0.0,0.0,-0.9675467465572183
569,2,0.0,0.0,0.0,0.0,-0.04771279131455756
569,3,0.0,0.0,0.0,0.0,0.0
569,4,0.0,0.0,0.0,0.0,0.0
570,0,0.0,-0.009996886782820468,0.0,0.0,-11.548568875160822
570,1,0.0,0.0,0.0,0.0,-0.9675467465572183
570,2,0.0,0.0,0.0,0.0,-0.04771279131455756
570,3,0.0,0.0,0.0,0.0,0.0
570,4,0.0,0.0,0.0,0.0,0.0
571,0,0.0,-0.009996886782820468,0.0,0.0,-11.556031511685987
571,1,0.0,0.0,0.0,0.0,-0.9675467465572183
571,2,0.0,0.0,0.0,0.0,-0.04771279131455756
571,3,0.0,0.0,0.0,0.0,0.0
571,4,0.0,0.0,0.0,0.0,0.0
572,0,0.0,-0.009996886782820468,0.0,0.0,-11.562346306748848
572,1,0.0,0.0,0.0,0.0,-0.9675467465572183
572,2,0.0,0.0,0.0,0.0,-0.04771279131455756
572,3,0.0,0.0,0.0,0.0,0.0
572,4,0.0,0.0,0.0,0.0,0.0
573,0,0.0,-0.009996886782820468,0.0,0.0,-11.563747426293155
573,1,0.0,0.0,0.0,0.0,-0.9675467465572183
573,2,0.0,0.0,0.0,0.0,-0.04771279131455756
573,3,0.0,0.0,0.0,0.0,0.0
573,4,0.0,0.0,0.0,0.0,0.0
574,0,0.0,-0.009996886782820468,0.0,0.0,-11.568117282818687
574,1,0.0,0.0,0.0,0.0,-0.9675467465572183
574,2,0.0,0.0,0.0,0.0,-0.04771279131455756
574,3,0.0,0.0,0.0,0.0,0.0
574,4,0.0,0.0,0.0,0.0,0.0
575,0,0.0,-0.009996886782820468,0.0,0.0,-11.575078246038903
575,1,0.0,0.0,0.0,0.0,-0.9675467465572183
575,2,0.0,0.0,0.0,0.0,-0.04771279131455756
575,3,0.0,0.0,0.0,0.0,0.0
575,4,0.0,0.0,0.0,0.0,0.0
576,0,0.0,-0.009996886782820468,0.0,0.0,-11.576202898636804
576,1,0.0,0.0,0.0,0.0,-0.9675467465572183
576,2,0.0,0.0,0.0,0.0,-0.04771279131455756
576,3,0.0,0.0,0.0,0.0,0.0
576,4,0.0,0.0,0.0,0.0,0.0
577,0,0.0,-0.009996886782820468,0.0,0.0,-11.592643937975453
577,1,0.0,0.0,0.0,0.0,-0.9675467465572183
577,2,0.0,0.0,0.0,0.0,-0.04771279131455756
577,3,0.0,0.0,0.0,0.0,0.0
577,4,0.0,0.0,0.0,0.0,0.0
578,0,0.0,-0.009996886782820468,0.0,0.0,-11.6022811870753
578,1,0.0,0.0,0.0,0.0,-0.9675467465572183
578,2,0.0,0.0,0.0,0.0,-0.04771279131455756
578,3,0.0,0.0,0.0,0.0,0.0
578,4,0.0,0.0,0.0,0.0,0.0
579,0,0.0,-0.009996886782820468,0.0,0.0,-11.609979774426627
579,1,0.0,0.0,0.0,0.0,-0.9675467465572183
579,2,0.0,0.0,0.0,0.0,-0.04771279131455756
579,3,0.0,0.0,0.0,0.0,0.0
579,4,0.0,0.0,0.0,0.0,0.0
580,0,0.0,-0.009996886782820468,0.0,0.0,-11.623645226615754
580,1,0.0,0.0,0.0,0.0,-0.9675467465572183
580,2,0.0,0.0,0.0,0.0,-0.04771279131455756
580,3,0.0,0.0,0.0,0.0,0.0
580,4,0.0,0.0,0.0,0.0,0.0
581,0,0.0,-0.009996886782820468,0.0,0.0,-11.622808131901127
581,1,0.0,0.0,0.0,0.0,-0.9675467465572183
581,2,0.0,0.0,0.0,0.0,-0.04771279131455756
581,3,0.0,0.0,0.0,0.0,0.0
581,4,0.0,0.0,0.0,0.0,0.0
582,0,0.0,-0.009996886782820468,0.0,0.0,-11.62521940647985
582,1,0.0,0.0,0.0,0.0,-0.9675467465572183
582,2,0.0,0.0,0.0,0.0,-0.04771279131455756
582,3,0.0,0.0,0.0,0.0,0.0
582,4,0.0,0.0,0.0,0.0,0.0
583,0,0.0,-0.009996886782820468,0.0,0.0,-11.636547341244318
583,1,0.0,0.0,0.0,0.0,-0.9675467465572183
583,2,0.0,0.0,0.0,0.0,-0.04771279131455756
583,3,0.0,0.0,0.0,0.0,0.0
583,4,0.0,0.0,0.0,0.0,0.0
584,0,0.0,-0.009996886782820468,0.0,0.0,-11.6512705109153
584,1,0.0,0.0,0.0,0.0,-0.9675467465572183
584,2,0.0,0.0,0.0,0.0,-0.04771279131455756
584,3,0.0,0.0,0.0,0.0,0.0
584,4,0.0,0.0,0.0,0.0,0.0
585,0,0.0,-0.009996886782820468,0.0,0.0,-11.66515227076929
585,1,0.0,0.0,0.0,0.0,-0.9675467465572183
585,2,0.0,0.0,0.0,0.0,-0.04771279131455756
585,3,0.0,0.0,0.0,0.0,0.0
585,4,0.0,0.0,0.0,0.0,0.0
586,0,0.0,-0.009996886782820468,0.0,0.0,-11.663718482407889
586,1,0.0,0.0,0.0,0.0,-0.9675467465572183
586,2,0.0,0.0,0.0,0.0,-0.04771279131455756
586,3,0.0,0.0,0.0,0.0,0.0
586,4,0.0,0.0,0.0,0.0,0.0
587,0,0.0,-0.009996886782820468,0.0,0.0,-11.670718427766555
587,1,0.0,0.0,0.0,0.0,-0.9675467465572183
587,2,0.0,0.0,0.0,0.0,-0.04771279131455756
587,3,0.0,0.0,0.0,0.0,0.0
587,4,0.0,0.0,0.0,0.0,0.0
588,0,0.0,-0.009996886782820468,0.0,0.0,-11.675436667709917
588,1,0.0,0.0,0.0,0.0,-0.9675467465572183
588,2,0.0,0.0,0.0,0.0,-0.04771279131455756
588,3,0.0,0.0,0.0,0.0,0.0
588,4,0.0,0.0,0.0,0.0,0.0
589,0,0.0,-0.009996886782820468,0.0,0.0,-11.683379277754176
589,1,0.0,0.0,0.0,0.0,-0.9675467465572183
589,2,0.0,0.0,0.0,0.0,-0.04771279131455756
589,3,0.0,0.0,0.0,0.0,0.0
589,4,0.0,0.0,0.0,0.0,0.0
590,0,0.0,-0.009996886782820468,0.0,0.0,-11.703790312161203
590,1,0.0,0.0,0.0,0.0,-0.9675467465572183
590,2,0.0,0.0,0.0,0.0,-0.04771279131455756
590,3,0.0,0.0,0.0,0.0,0.0
590,4,0.0,0.0,0.0,0.0,0.0
591,0,0.0,-0.009996886782820468,0.0,0.0,-11.710490110710074
591,1,0.0,0.0,0.0,0.0,-0.9675467465572183
591,2,0.0,0.0,0.0,0.0,-0.04771279131455756
591,3,0.0,0.0,0.0,0.0,0.0
591,4,0.0,0.0,0.0,0.0,0.0
592,0,0.0,-0.009996886782820468,0.0,0.0,-11.721380455595186
592,1,0.0,0.0,0.0,0.0,-0.9675467465572183
592,2,0.0,0.0,0.0,0.0,-0.04771279131455756
592,3,0.0,0.0,0.0,0.0,0.0
592,4,0.0,0.0,0.0,0.0,0.0
593,0,0.0,-0.009996886782820468,0.0,0.0,-11.725510596456111
593,1,0.0,0.0,0.0,0.0,-0.9675467465572183
593,2,0.0,0.0,0.0,0.0,-0.04771279131455756
593,3,0.0,0.0,0.0,0.0,0.0
593,4,0.0,0.0,0.0,0.0,0.0
594,0,0.0,-0.009996886782820468,0.0,0.0,-11.733562250939746
594,1,0.0,0.0,0.0,0.0,-0.9675467465572183
594,2,0.0,0.0,0.0,0.0,-0.04771279131455756
594,3,0.0,0.0,0.0,0.0,0.0
594,4,0.0,0.0,0.0,0.0,0.0
595,0,0.0,-0.009996886782820468,0.0,0.0,-11.734923222187662
595,1,0.0,0.0,0.0,0.0,-0.9675467465572183
595,2,0.0,0.0,0.0,0.0,-0.04771279131455756
595,3,0.0,0.0,0.0,0.0,0.0
595,4,0.0,0.0,0.0,0.0,0.0
596,0,0.0,-0.009996886782820468,0.0,0.0,-11.74252370566159
596,1,0.0,0.0,0.0,0.0,-0.9675467465572183
596,2,0.0,0.0,0.0,0.0,-0.04771279131455756
596,3,0.0,0.0,0.0,0.0,0.0
596,4,0.0,0.0,0.0,0.0,0.0
597,0,0.0,-0.009996886782820468,0.0,0.0,-11.749041545702077
597,1,0.0,0.0,0.0,0.0,-0.9675467465572183
597,2,0.0,0.0,0.0,0.0,-0.04771279131455756
597,3,0.0,0.0,0.0,0.0,0.0
597,4,0.0,0.0,0.0,0.0,0.0
598,0,0.0,-0.009996886782820468,0.0,0.0,-11.751696346492725
598,1,0.0,0.0,0.0,0.0,-0.9675467465572183
598,2,0.0,0.0,0.0,0.0,-0.04771279131455756
598,3,0.0,0.0,0.0,0.0,0.0
598,4,0.0,0.0,0.0,0.0,0.0
599,0,0.0,-0.009996886782820468,0.0,0.0,-11.755990283248018
599,1,0.0,0.0,0.0,0.0,-0.9675467465572183
599,2,0.0,0.0,0.0,0.0,-0.04771279131455756
599,3,0.0,0.0,0.0,0.0,0.0
599,4,0.0,0.0,0.0,0.0,0.0
600,0,0.0,-0.009996886782820468,0.0,0.0,-11.768019795230616
600,1,0.0,0.0,0.0,0.0,-0.9675467465572183
600,2,0.0,0.0,0.0,0.0,-0.04771279131455756
600,3,0.0,0.0,0.0,0.0,0.0
600,4,0.0,0.0,0.0,0.0,0.0
601,0,0.0,-0.009996886782820468,0.0,0.0,-11.779400030928521
601,1,0.0,0.0,0.0,0.0,-0.9675467465572183
601,2,0.0,0.0,0.0,0.0,-0.04771279131455756
601,3,0.0,0.0,0.0,0.0,0.0
601,4,0.0,0.0,0.0,0.0,0.0
602,0,0.0,-0.009996886782820468,0.0,0.0,-11.78502197067941
602,1,0.0,0.0,0.0,0.0,-0.9675467465572183
602,2,0.0,0.0,0.0,0.0,-0.04771279131455756
602,3,0.0,0.0,0.0,0.0,0.0
602,4,0.0,0.0,0.0,0.0,0.0
603,0,0.0,-0.009996886782820468,0.0,0.0,-11.80025264747112
603,1,0.0,0.0,0.0,0.0,-0.9675467465572183
603,2,0.0,0.0,0.0,0.0,-0.04771279131455756
603,3,0.0,0.0,0.0,0.0,0.0
603,4,0.0,0.0,0.0,0.0,0.0
604,0,0.0,-0.009996886782820468,0.0,0.0,-11.81293874540327
604,1,0.0,0.0,0.0,0.0,-0.9675467465572183
604,2,0.0,0.0,0.0,0.0,-0.04771279131455756
604,3,0.0,0.0,0.0,0.0,0.0
604,4,0.0,0.0,0.0,0.0,0.0
605,0,0.0,-0.009996886782820468,0.0,0.0,-11.826245937796463
605,1,0.0,0.0,0.0,0.0,-0.9675467465572183
605,2,0.0,0.0,0.0,0.0,-0.04771279131455756
605,3,0.0,0.0,0.0,0.0,0.0
605,4,0.0,0.0,0.0,0.0,0.0
606,0,0.0,-0.009996886782820468,0.0,0.0,-11.827501206249016
606,1,0.0,0.0,0.0,0.0,-0.9675467465572183
606,2,0.0,0.0,0.0,0.0,-0.04771279131455756
606,3,0.0,0.0,0.0,0.0,0.0
606,4,0.0,0.0,0.0,0.0,0.0
607,0,0.0,-0.009996886782820468,0.0,0.0,-11.837167611898266
607,1,0.0,0.0,0.0,0.0,-0.9675467465572183
607,2,0.0,0.0,0.0,0.0,-0.04771279131455756
607,3,0.0,0.0,0.0,0.0,0.0
607,4,0.0,0.0,0.0,0.0,0.0
608,0,0.0,-0.009996886782820468,0.0,0.0,-11.849979063923488
608,1,0.0,0.0,0.0,0.0,-0.9675467465572183
608,2,0.0,0.0,0.0,0.0,-0.04771279131455756
608,3,0.0,0.0,0.0,0.0,0.0
608,4,0.0,0.0,0.0,0.0,0.0
609,0,0.0,-0.009996886782820468,0.0,0.0,-11.854906063487705
609,1,0.0,0.0,0.0,0.0,-0.9675467465572183
609,2,0.0,0.0,0.0,0.0,-0.04771279131455756
609,3,0.0,0.0,0.0,0.0,0.0
609,4,0.0,0.0,0.0,0.0,0.0
610,0,0.0,-0.009996886782820468,0.0,0.0,-11.862555143690928
610,1,0.0,0.0,0.0,0.0,-0.9675467465572183
610,2,0.0,0.0,0.0,0.0,-0.04771279131455756
610,3,0.0,0.0,0.0,0.0,0.0
610,4,0.0,0.0,0.0,0.0,0.0
611,0,0.0,-0.009996886782820468,0.0,0.0,-11.86313973047172
611,1,0.0,0.0,0.0,0.0,-0.9675467465572183
611,2,0.0,0.0,0.0,0.0,-0.04771279131455756
611,3,0.0,0.0,0.0,0.0,0.0
611,4,0.0,0.0,0.0,0.0,0.0
612,0,0.0,-0.009996886782820468,0.0,0.0,-11.868965715517524
612,1,0.0,0.0,0.0,0.0,-0.9675467465572183
612,2,0.0,0.0,0.0,0.0,-0.04771279131455756
612,3,0.0,0.0,0.0,0.0,0.0
612,4,0.0,0.0,0.0,0.0,0.0
613,0,0.0,-0.009996886782820468,0.0,0.0,-11.869203484275054
613,1,0.0,0.0,0.0,0.0,-0.9675467465572183
613,2,0.0,0.0,0.0,0.0,-0.04771279131455756
613,3,0.0,0.0,0.0,0.0,0.0
613,4,0.0,0.0,0.0,0.0,0.0
614,0,0.0,-0.009996886782820468,0.0,0.0,-11.875742941927138
614,1,0.0,0.0,0.0,0.0,-0.9675467465572183
614,2,0.0,0.0,0.0,0.0,-0.04771279131455756
614,3,0.0,0.0,0.0,0.0,0.0
614,4,0.0,0.0,0.0,0.0,0.0
615,0,0.0,-0.009996886782820468,0.0,0.0,-11.877610562427094
615,1,0.0,0.0,0.0,0.0,-0.9675467465572183
615,2,0.0,0.0,0.0,0.0,-0.04771279131455756
615,3,0.0,0.0,0.0,0.0,0.0
615,4,0.0,0.0,0.0,0.0,0.0
616,0,0.0,-0.009996886782820468,0.0,0.0,-11.881590322686899
616,1,0.0,0.0,0.0,0.0,-0.9675467465572183
616,2,0.0,0.0,0.0,0.0,-0.04771279131455756
616,3,0.0,0.0,0.0,0.0,0.0
616,4,0.0,0.0,0.0,0.0,0.0
617,0,0.0,-0.009996886782820468,0.0,0.0,-11.895389571096013
617,1,0.0,0.0,0.0,0.0,-0.9675467465572183
617,2,0.0,0.0,0.0,0.0,-0.04771279131455756
617,3,0.0,0.0,0.0,0.0,0.0
617,4,0.0,0.0,0.0,0.0,0.0
618,0,0.0,-0.009996886782820468,0.0,0.0,-11.903475619446864
618,1,0.0,0.0,0.0,0.0,-0.9675467465572183
618,2,0.0,0.0,0.0,0.0,-0.04771279131455756
618,3,0.0,0.0,0.0,0.0,0.0
618,4,0.0,0.0,0.0,0.0,0.0
619,0,0.0,-0.009996886782820468,0.0,0.0,-11.909622878059018
619,1,0.0,0.0,0.0,0.0,-0.9675467465572183
619,2,0.0,0.0,0.0,0.0,-0.04771279131455756
619,3,0.0,0.0,0.0,0.0,0.0
619,4,0.0,0.0,0.0,0.0,0.0
620,0,0.0,-0.009996886782820468,0.0,0.0,-11.915386498691932
620,1,0.0,0.0,0.0,0.0,-0.9675467465572183
620,2,0.0,0.0,0.0,0.0,-0.04771279131455756
620,3,0.0,0.0,0.0,0.0,0.0
620,4,0.0,0.0,0.0,0.0,0.0
621,0,0.0,-0.009996886782820468,0.0,0.0,-11.933987768454154
621,1,0.0,0.0,0.0,0.0,-0.9675467465572183
621,2,0.0,0.0,0.0,0.0,-0.04771279131455756
621,3,0.0,0.0,0.0,0.0,0.0
621,4,0.0,0.0,0.0,0.0,0.0
622,0,0.0,-0.009996886782820468,0.0,0.0,-11.951630921243892
622,1,0.0,0.0,0.0,0.0,-0.9675467465572183
622,2,0.0,0.0,0.0,0.0,-0.04771279131455756
622,3,0.0,0.0,0.0,0.0,0.0
622,4,0.0,0.0,0.0,0.0,0.0
623,0,0.0,-0.009996886782820468,0.0,0.0,-11.962922827815186
623,1,0.0,0.0,0.0,0.0,-0.9675467465572183
623,2,0.0,0.0,0.0,0.0,-0.04771279131455756
623,3,0.0,0.0,0.0,0.0,0.0
623,4,0.0,0.0,0.0,0.0,0.0
624,0,0.0,-0.009996886782820468,0.0,0.0,-11.965399687316603
624,1,0.0,0.0,0.0,0.0,-0.9675467465572183
624,2,0.0,0.0,0.0,0.0,-0.04771279131455756
624,3,0.0,0.0,0.0,0.0,0.0
624,4,0.0,0.0,0.0,0.0,0.0
625,0,0.0,-0.009996886782820468,0.0,0.0,-11.967478308797045
625,1,0.0,0.0,0.0,0.0,-0.9675467465572183
625,2,0.0,0.0,0.0,0.0,-0.04771279131455756
625,3,0.0,0.0,0.0,0.0,0.0
625,4,0.0,0.0,0.0,0.0,0.0
626,0,0.0,-0.009996886782820468,0.0,0.0,-11.968767657115913
626,1,0.0,0.0,0.0,0.0,-0.9675467465572183
626,2,0.0,0.0,0.0,0.0,-0.04771279131455756
626,3,0.0,0.0,0.0,0.0,0.0
626,4,0.0,0.0,0.0,0.0,0.0
627,0,0.0,-0.009996886782820468,0.0,0.0,-11.993163959290273
627,1,0.0,0.0,0.0,0.0,-0.9675467465572183
627,2,0.0,0.0,0.0,0.0,-0.04771279131455756
627,3,0.0,0.0,0.0,0.0,0.0
627,4,0.0,0.0,0.0,0.0,0.0
628,0,0.0,-0.009996886782820468,0.0,0.0,-11.995905290095703
628,1,0.0,0.0,0.0,0.0,-0.9675467465572183
628,2,0.0,0.0,0.0,0.0,-0.04771279131455756
628,3,0.0,0.0,0.0,0.0,0.0
628,4,0.0,0.0,0.0,0.0,0.0
629,0,0.0,-0.009996886782820468,0.0,0.0,-11.999683711728897
629,1,0.0,0.0,0.0,0.0,-0.9675467465572183
629,2,0.0,0.0,0.0,0.0,-0.04771279131455756
629,3,0.0,0.0,0.0,0.0,0.0
629,4,0.0,0.0,0.0,0.0,0.0
630,0,0.0,-0.009996886782820468,0.0,0.0,-12.00337239933752
630,1,0.0,0.0,0.0,0.0,-0.9675467465572183
630,2,0.0,0.0,0.0,0.0,-0.04771279131455756
630,3,0.0,0.0,0.0,0.0,0.0
630,4,0.0,0.0,0.0,0.0,0.0
631,0,0.0,-0.009996886782820468,0.0,0.0,-12.006125579271185
631,1,0.0,0.0,0.0,0.0,-0.9675467465572183
631,2,0.0,0.0,0.0,0.0,-0.04771279131455756
631,3,0.0,0.0,0.0,0.0,0.0
631,4,0.0,0.0,0.0,0.0,0.0
632,0,0.0,-0.009996886782820468,0.0,0.0,-12.019206642857666
632,1,0.0,0.0,0.0,0.0,-0.9675467465572183
632,2,0.0,0.0,0.0,0.0,-0.04771279131455756
632,3,0.0,0.0,0.0,0.0,0.0
632,4,0.0,0.0,0.0,0.0,0.0
633,0,0.0,-0.009996886782820468,0.0,0.0,-12.021929649923567
633,1,0.0,0.0,0.0,0.0,-0.9675467465572183
633,2,0.0,0.0,0.0,0.0,-0.04771279131455756
633,3,0.0,0.0,0.0,0.0,0.0
633,4,0.0,0.0,0.0,0.0,0.0
634,0,0.0,-0.009996886782820468,0.0,0.0,-12.037939012586074
634,1,0.0,0.0,0.0,0.0,-0.9675467465572183
634,2,0.0,0.0,0.0,0.0,-0.04771279131455756
634,3,0.0,0.0,0.0,0.0,0.0
634,4,0.0,0.0,0.0,0.0,0.0
635,0,0.0,-0.009996886782820468,0.0,0.0,-12.049328406750828
635,1,0.0,0.0,0.0,0.0,-0.9675467465572183
635,2,0.0,0.0,0.0,0.0,-0.04771279131455756
635,3,0.0,0.0,0.0,0.0,0.0
635,4,0.0,0.0,0.0,0.0,0.0
636,0,0.0,-0.009996886782820468,0.0,0.0,-12.053356882275096
636,1,0.0,0.0,0.0,0.0,-0.9675467465572183
636,2,0.0,0.0,0.0,0.0,-0.04771279131455756
636,3,0.0,0.0,0.0,0.0,0.0
636,4,0.0,0.0,0.0,0.0,0.0
637,0,0.0,-0.009996886782820468,0.0,0.0,-12.073685491081804
637,1,0.0,0.0,0.0,0.0,-0.9675467465572183
637,2,0.0,0.0,0.0,0.0,-0.04771279131455756
637,3,0.0,0.0,0.0,0.0,0.0
637,4,0.0,0.0,0.0,0.0,0.0
638,0,0.0,-0.009996886782820468,0.0,0.0,-12.078225988528569
638,1,0.0,0.0,0.0,0.0,-0.9675467465572183
638,2,0.0,0.0,0.0,0.0,-0.04771279131455756
638,3,0.0,0.0,0.0,0.0,0.0
638,4,0.0,0.0,0.0,0.0,0.0
639,0,0.0,-0.009996886782820468,0.0,0.0,-12.084776744565765
639,1,0.0,0.0,0.0,0.0,-0.9675467465572183
639,2,0.0,0.0,0.0,0.0,-0.04771279131455756
639,3,0.0,0.0,0.0,0.0,0.0
639,4,0.0,0.0,0.0,0.0,0.0
640,0,0.0,-0.009996886782820468,0.0,0.0,-12.098637996809716
640,1,0.0,0.0,0.0,0.0,-0.9675467465572183
640,2,0.0,0.0,0.0,0.0,-0.04771279131455756
640,3,0.0,0.0,0.0,0.0,0.0
640,4,0.0,0.0,0.0,0.0,0.0
641,0,0.0,-0.009996886782820468,0.0,0.0,-12.100424973350039
641,1,0.0,0.0,0.0,0.0,-0.9675467465572183
641,2,0.0,0.0,0.0,0.0,-0.04771279131455756
641,3,0.0,0.0,0.0,0.0,0.0
641,4,0.0,0.0,0.0,0.0,0.0
642,0,0.0,-0.009996886782820468,0.0,0.0,-12.103717468583351
642,1,0.0,0.0,0.0,0.0,-0.9675467465572183
642,2,0.0,0.0,0.0,0.0,-0.04771279131455756
642,3,0.0,0.0,0.0,0.0,0.0
642,4,0.0,0.0,0.0,0.0,0.0
643,0,0.0,-0.009996886782820468,0.0,0.0,-12.123433556380835
643,1,0.0,0.0,0.0,0.0,-0.9675467465572183
643,2,0.0,0.0,0.0,0.0,-0.04771279131455756
643,3,0.0,0.0,0.0,0.0,0.0
643,4,0.0,0.0,0.0,0.0,0.0
644,0,0.0,-0.009996886782820468,0.0,0.0,-12.12990898224894
644,1,0.0,0.0,0.0,0.0,-0.9675467465572183
644,2,0.0,0.0,0.0,0.0,-0.04771279131455756
644,3,0.0,0.0,0.0,0.0,0.0
644,4,0.0,0.0,0.0,0.0,0.0
645,0,0.0,-0.009996886782820468,0.0,0.0,-12.134920936777666
645,1,0.0,0.0,0.0,0.0,-0.9675467465572183
645,2,0.0,0.0,0.0,0.0,-0.04771279131455756
645,3,0.0,0.0,0.0,0.0,0.0
645,4,0.0,0.0,0.0,0.0,0.0
646,0,0.0,-0.009996886782820468,0.0,0.0,-12.161464617031102
646,1,0.0,0.0,0.0,0.0,-0.9675467465572183
646,2,0.0,0.0,0.0,0.0,-0.04771279131455756
646,3,0.0,0.0,0.0,0.0,0.0
646,4,0.0,0.0,0.0,0.0,0.0
647,0,0.0,-0.009996886782820468,0.0,0.0,-12.16390451388804
647,1,0.0,0.0,0.0,0.0,-0.9675467465572183
647,2,0.0,0.0,0.0,0.0,-0.04771279131455756
647,3,0.0,0.0,0.0,0.0,0.0
647,4,0.0,0.0,0.0,0.0,0.0
648,0,0.0,-0.009996886782820468,0.0,0.0,-12.191614358449742
648,1,0.0,0.0,0.0,0.0,-0.9675467465572183
648,2,0.0,0.0,0.0,0.0,-0.04771279131455756
648,3,0.0,0.0,0.0,0.0,0.0
648,4,0.0,0.0,0.0,0.0,0.0
649,0,0.0,-0.009996886782820468,0.0,0.0,-12.203618709905292
649,1,0.0,0.0,0.0,0.0,-0.9675467465572183
649,2,0.0,0.0,0.0,0.0,-0.04771279131455756
649,3,0.0,0.0,0.0,0.0,0.0
649,4,0.0,0.0,0.0,0.0,0.0
650,0,0.0,-0.009996886782820468,0.0,0.0,-12.207029661205775
650,1,0.0,0.0,0.0,0.0,-0.9675467465572183
650,2,0.0,0.0,0.0,0.0,-0.04771279131455756
650,3,0.0,0.0,0.0,0.0,0.0
650,4,0.0,0.0,0.0,0.0,0.0
651,0,0.0,-0.009996886782820468,0.0,0.0,-12.221316351093781
651,1,0.0,0.0,0.0,0.0,-0.9675467465572183
651,2,0.0,0.0,0.0,0.0,-0.04771279131455756
651,3,0.0,0.0,0.0,0.0,0.0
651,4,0.0,0.0,0.0,0.0,0.0
652,0,0.0,-0.009996886782820468,0.0,0.0,-12.226840932437245
652,1,0.0,0.0,0.0,0.0,-0.9675467465572183
652,2,0.0,0.0,0.0,0.0,-0.04771279131455756
652,3,0.0,0.0,0.0,0.0,0.0
652,4,0.0,0.0,0.0,0.0,0.0
653,0,0.0,-0.009996886782820468,0.0,0.0,-12.24068060969366
653,1,0.0,0.0,0.0,0.0,-0.9675467465572183
653,2,0.0,0.0,0.0,0.0,-0.04771279131455756
653,3,0.0,0.0,0.0,0.0,0.0
653,4,0.0,0.0,0.0,0.0,0.0
654,0,0.0,-0.009996886782820468,0.0,0.0,-12.244754756784335
654,1,0.0,0.0,0.0,0.0,-0.9675467465572183
654,2,0.0,0.0,0.0,0.0,-0.04771279131455756
654,3,0.0,0.0,0.0,0.0,0.0
654,4,0.0,0.0,0.0,0.0,0.0
655,0,0.0,-0.009996886782820468,0.0,0.0,-12.253892369426962
655,1,0.0,0.0,0.0,0.0,-0.9675467465572183
655,2,0.0,0.0,0.0,0.0,-0.04771279131455756
655,3,0.0,0.0,0.0,0.0,0.0
655,4,0.0,0.0,0.0,0.0,0.0
656,0,0.0,-0.009996886782820468,0.0,0.0,-12.25726646253833
656,1,0.0,0.0,0.0,0.0,-0.9675467465572183
656,2,0.0,0.0,0.0,0.0,-0.04771279131455756
656,3,0.0,0.0,0.0,0.0,0.0
656,4,0.0,0.0,0.0,0.0,0.0
657,0,0.0,-0.009996886782820468,0.0,0.0,-12.273546367595678
657,1,0.0,0.0,0.0,0.0,-0.9675467465572183
657,2,0.0,0.0,0.0,0.0,-0.04771279131455756
657,3,0.0,0.0,0.0,0.0,0.0
657,4,0.0,0.0,0.0,0.0,0.0
658,0,0.0,-0.009996886782820468,0.0,0.0,-12.280387023550473
658,1,0.0,0.0,0.0,0.0,-0.9675467465572183
658,2,0.0,0.0,0.0,0.0,-0.04771279131455756
658,3,0.0,0.0,0.0,0.0,0.0
658,4,0.0,0.0,0.0,0.0,0.0
659,0,0.0,-0.009996886782820468,0.0,0.0,-12.283355913917342
659,1,0.0,0.0,0.0,0.0,-0.9675467465572183
659,2,0.0,0.0,0.0,0.0,-0.04771279131455756
659,3,0.0,0.0,0.0,0.0,0.0
659,4,0.0,0.0,0.0,0.0,0.0
660,0,0.0,-0.009996886782820468,0.0,0.0,-12.298120647800962
660,1,0.0,0.0,0.0,0.0,-0.9675467465572183
660,2,0.0,0.0,0.0,0.0,-0.04771279131455756
660,3,0.0,0.0,0.0,0.0,0.0
660,4,0.0,0.0,0.0,0.0,0.0
661,0,0.0,-0.009996886782820468,0.0,0.0,-12.315983897615794
661,1,0.0,0.0,0.0,0.0,-0.9675467465572183
661,2,0.0,0.0,0.0,0.0,-0.04771279131455756
661,3,0.0,0.0,0.0,0.0,0.0
661,4,0.0,0.0,0.0,0.0,0.0
662,0,0.0,-0.009996886782820468,0.0,0.0,-12.330481663599263
662,1,0.0,0.0,0.0,0.0,-0.9675467465572183
662,2,0.0,0.0,0.0,0.0,-0.04771279131455756
662,3,0.0,0.0,0.0,0.0,0.0
662,4,0.0,0.0,0.0,0.0,0.0
663,0,0.0,-0.009996886782820468,0.0,0.0,-12.335309947889385
663,1,0.0,0.0,0.0,0.0,-0.9675467465572183
663,2,0.0,0.0,0.0,0.0,-0.04771279131455756
663,3,0.0,0.0,0.0,0.0,0.0
663,4,0.0,0.0,0.0,0.0,0.0
664,0,0.0,-0.009996886782820468,0.0,0.0,-12.336098065466231
664,1,0.0,0.0,0.0,0.0,-0.9675467465572183
664,2,0.0,0.0,0.0,0.0,-0.04771279131455756
664,3,0.0,0.0,0.0,0.0,0.0
664,4,0.0,0.0,0.0,0.0,0.0
665,0,0.0,-0.009996886782820468,0.0,0.0,-12.352984218098534
665,1,0.0,0.0,0.0,0.0,-0.9675467465572183
665,2,0.0,0.0,0.0,0.0,-0.04771279131455756
665,3,0.0,0.0,0.0,0.0,0.0
665,4,0.0,0.0,0.0,0.0,0.0
666,0,0.0,-0.009996886782820468,0.0,0.0,-12.36450309332989
666,1,0.0,0.0,0.0,0.0,-0.9675467465572183
666,2,0.0,0.0,0.0,0.0,-0.04771279131455756
666,3,0.0,0.0,0.0,0.0,0.0
666,4,0.0,0.0,0.0,0.0,0.0
667,0,0.0,-0.009996886782820468,0.0,0.0,-12.367213211132745
667,1,0.0,0.0,0.0,0.0,-0.9675467465572183
667,2,0.0,0.0,0.0,0.0,-0.04771279131455756
667,3,0.0,0.0,0.0,0.0,0.0
667,4,0.0,0.0,0.0,0.0,0.0
668,0,0.0,-0.009996886782820468,0.0,0.0,-12.369253453147392
668,1,0.0,0.0,0.0,0.0,-0.9675467465572183
668,2,0.0,0.0,0.0,0.0,-0.04771279131455756
668,3,0.0,0.0,0.0,0.0,0.0
668,4,0.0,0.0,0.0,0.0,0.0
669,0,0.0,-0.009996886782820468,0.0,0.0,-12.375541580030657
669,1,0.0,0.0,0.0,0.0,-0.9675467465572183
669,2,0.0,0.0,0.0,0.0,-0.04771279131455756
669,3,0.0,0.0,0.0,0.0,0.0
669,4,0.0,0.0,0.0,0.0,0.0
670,0,0.0,-0.009996886782820468,0.0,0.0,-12.392458449644655
670,1,0.0,0.0,0.0,0.0,-0.9675467465572183
670,2,0.0,0.0,0.0,0.0,-0.04771279131455756
670,3,0.0,0.0,0.0,0.0,0.0
670,4,0.0,0.0,0.0,0.0,0.0
671,0,0.0,-0.009996886782820468,0.0,0.0,-12.392026061448432
671,1,0.0,0.0,0.0,0.0,-0.9675467465572183
671,2,0.0,0.0,0.0,0.0,-0.04771279131455756
671,3,0.0,0.0,0.0,0.0,0.0
671,4,0.0,0.0,0.0,0.0,0.0
672,0,0.0,-0.009996886782820468,0.0,0.0,-12.397432663687832
672,1,0.0,0.0,0.0,0.0,-0.9675467465572183
672,2,0.0,0.0,0.0,0.0,-0.04771279131455756
672,3,0.0,0.0,0.0,0.0,0.0
672,4,0.0,0.0,0.0,0.0,0.0
673,0,0.0,-0.009996886782820468,0.0,0.0,-12.401901974006172
673,1,0.0,0.0,0.0,0.0,-0.9675467465572183
673,2,0.0,0.0,0.0,0.0,-0.04771279131455756
673,3,0.0,0.0,0.0,0.0,0.0
673,4,0.0,0.0,0.0,0.0,0.0
674,0,0.0,-0.009996886782820468,0.0,0.0,-12.405683155131314
674,1,0.0,0.0,0.0,0.0,-0.9675467465572183
674,2,0.0,0.0,0.0,0.0,-0.04771279131455756
674,3,0.0,0.0,0.0,0.0,0.0
674,4,0.0,0.0,0.0,0.0,0.0
675,0,0.0,-0.009996886782820468,0.0,0.0,-12.412411980014797
675,1,0.0,0.0,0.0,0.0,-0.9675467465572183
675,2,0.0,0.0,0.0,0.0,-0.04771279131455756
675,3,0.0,0.0,0.0,0.0,0.0
675,4,0.0,0.0,0.0,0.0,0.0
676,0,0.0,-0.009996886782820468,0.0,0.0,-12.419043941544416
676,1,0.0,0.0,0.0,0.0,-0.9675467465572183
676,2,0.0,0.0,0.0,0.0,-0.04771279131455756
676,3,0.0,0.0,0.0,0.0,0.0
676,4,0.0,0.0,0.0,0.0,0.0
677,0,0.0,-0.009996886782820468,0.0,0.0,-12.432079645972784
677,1,0.0,0.0,0.0,0.0,-0.9675467465572183
677,2,0.0,0.0,0.0,0.0,-0.04771279131455756
677,3,0.0,0.0,0.0,0.0,0.0
677,4,0.0,0.0,0.0,0.0,0.0
678,0,0.0,-0.009996886782820468,0.0,0.0,-12.444638554574324
678,1,0.0,0.0,0.0,0.0,-0.9675467465572183
678,2,0.0,0.0,0.0,0.0,-0.04771279131455756
678,3,0.0,0.0,0.0,0.0,0.0
678,4,0.0,0.0,0.0,0.0,0.0
679,0,0.0,-0.009996886782820468,0.0,0.0,-12.445543074810265
679,1,0.0,0.0,0.0,0.0,-0.9675467465572183
679,2,0.0,0.0,0.0,0.0,-0.04771279131455756
679,3,0.0,0.0,0.0,0.0,0.0
679,4,0.0,0.0,0.0,0.0,0.0
680,0,0.0,-0.009996886782820468,0.0,0.0,-12.445235587470277
680,1,0.0,0.0,0.0,0.0,-0.9675467465572183
680,2,0.0,0.0,0.0,0.0,-0.04771279131455756
680,3,0.0,0.0,0.0,0.0,0.0
680,4,0.0,0.0,0.0,0.0,0.0
681,0,0.0,-0.009996886782820468,0.0,0.0,-12.455113585701255
681,1,0.0,0.0,0.0,0.0,-0.9675467465572183
681,2,0.0,0.0,0.0,0.0,-0.04771279131455756
681,3,0.0,0.0,0.0,0.0,0.0
681,4,0.0,0.0,0.0,0.0,0.0
682,0,0.0,-0.009996886782820468,0.0,0.0,-12.462027567057014
682,1,0.0,0.0,0.0,0.0,-0.9675467465572183
682,2,0.0,0.0,0.0,0.0,-0.04771279131455756
682,3,0.0,0.0,0.0,0.0,0.0
682,4,0.0,0.0,0.0,0.0,0.0
683,0,0.0,-0.009996886782820468,0.0,0.0,-12.462787882167522
683,1,0.0,0.0,0.0,0.0,-0.9675467465572183
683,2,0.0,0.0,0.0,0.0,-0.04771279131455756
683,3,0.0,0.0,0.0,0.0,0.0
683,4,0.0,0.0,0.0,0.0,0.0
684,0,0.0,-0.009996886782820468,0.0,0.0,-12.472586992325427
684,1,0.0,0.0,0.0,0.0,-0.9675467465572183
684,2,0.0,0.0,0.0,0.0,-0.04771279131455756
684,3,0.0,0.0,0.0,0.0,0.0
684,4,0.0,0.0,0.0,0.0,0.0
685,0,0.0,-0.009996886782820468,0.0,0.0,-12.485613746992122
685,1,0.0,0.0,0.0,0.0,-0.9675467465572183
685,2,0.0,0.0,0.0,0.0,-0.04771279131455756
685,3,0.0,0.0,0.0,0.0,0.0
685,4,0.0,0.0,0.0,0.0,0.0
686,0,0.0,-0.009996886782820468,0.0,0.0,-12.493542242010093
686,1,0.0,0.0,0.0,0.0,-0.9675467465572183
686,2,0.0,0.0,0.0,0.0,-0.04771279131455756
686,3,0.0,0.0,0.0,0.0,0.0
686,4,0.0,0.0,0.0,0.0,0.0
687,0,0.0,-0.009996886782820468,0.0,0.0,-12.497405490209271
687,1,0.0,0.0,0.0,0.0,-0.9675467465572183
687,2,0.0,0.0,0.0,0.0,-0.04771279131455756
687,3,0.0,0.0,0.0,0.0,0.0
687,4,0.0,0.0,0.0,0.0,0.0
688,0,0.0,-0.009996886782820468,0.0,0.0,-12.517539182577757
688,1,0.0,0.0,0.0,0.0,-0.9675467465572183
688,2,0.0,0.0,0.0,0.0,-0.04771279131455756
688,3,0.0,0.0,0.0,0.0,0.0
688,4,0.0,0.0,0.0,0.0,0.0
689,0,0.0,-0.009996886782820468,0.0,0.0,-12.519013075221487
689,1,0.0,0.0,0.0,0.0,-0.9675467465572183
689,2,0.0,0.0,0.0,0.0,-0.04771279131455756
689,3,0.0,0.0,0.0,0.0,0.0
689,4,0.0,0.0,0.0,0.0,0.0
690,0,0.0,-0.009996886782820468,0.0,0.0,-12.524334386867936
690,1,0.0,0.0,0.0,0.0,-0.9675467465572183
690,2,0.0,0.0,0.0,0.0,-0.04771279131455756
690,3,0.0,0.0,0.0,0.0,0.0
690,4,0.0,0.0,0.0,0.0,0.0
691,0,0.0,-0.009996886782820468,0.0,0.0,-12.530021946885226
691,1,0.0,0.0,0.0,0.0,-0.9675467465572183
691,2,0.0,0.0,0.0,0.0,-0.04771279131455756
691,3,0.0,0.0,0.0,0.0,0.0
691,4,0.0,0.0,0.0,0.0,0.0
692,0,0.0,-0.009996886782820468,0.0,0.0,-12.528635131352782
692,1,0.0,0.0,0.0,0.0,-0.9675467465572183
692,2,0.0,0.0,0.0,0.0,-0.04771279131455756
692,3,0.0,0.0,0.0,0.0,0.0
692,4,0.0,0.0,0.0,0.0,0.0
693,0,0.0,-0.009996886782820468,0.0,0.0,-12.529599238631624
693,1,0.0,0.0,0.0,0.0,-0.9675467465572183
693,2,0.0,0.0,0.0,0.0,-0.04771279131455756
693,3,0.0,0.0,0.0,0.0,0.0
693,4,0.0,0.0,0.0,0.0,0.0
694,0,0.0,-0.009996886782820468,0.0,0.0,-12.546645428988061
694,1,0.0,0.0,0.0,0.0,-0.9675467465572183
694,2,0.0,0.0,0.0,0.0,-0.04771279131455756
694,3,0.0,0.0,0.0,0.0,0.0
694,4,0.0,0.0,0.0,0.0,0.0
695,0,0.0,-0.009996886782820468,0.0,0.0,-12.55475114501248
695,1,0.0,0.0,0.0,0.0,-0.9675467465572183
695,2,0.0,0.0,0.0,0.0,-0.04771279131455756
695,3,0.0,0.0,0.0,0.0,0.0
695,4,0.0,0.0,0.0,0.0,0.0
696,0,0.0,-0.009996886782820468,0.0,0.0,-12.558145694549241
696,1,0.0,0.0,0.0,0.0,-0.9675467465572183
696,2,0.0,0.0,0.0,0.0,-0.04771279131455756
696,3,0.0,0.0,0.0,0.0,0.0
696,4,0.0,0.0,0.0,0.0,0.0
697,0,0.0,-0.009996886782820468,0.0,0.0,-12.577042869337655
697,1,0.0,0.0,0.0,0.0,-0.9675467465572183
697,2,0.0,0.0,0.0,0.0,-0.04771279131455756
697,3,0.0,0.0,0.0,0.0,0.0
697,4,0.0,0.0,0.0,0.0,0.0
698,0,0.0,-0.009996886782820468,0.0,0.0,-12.589123441412093
698,1,0.0,0.0,0.0,0.0,-0.9675467465572183
698,2,0.0,0.0,0.0,0.0,-0.04771279131455756
698,3,0.0,0.0,0.0,0.0,0.0
698,4,0.0,0.0,0.0,0.0,0.0
699,0,0.0,-0.009996886782820468,0.0,0.0,-12.598246282722576
699,1,0.0,0.0,0.0,0.0,-0.9675467465572183
699,2,0.0,0.0,0.0,0.0,-0.04771279131455756
699,3,0.0,0.0,0.0,0.0,0.0
699,4,0.0,0.0,0.0,0.0,0.0
700,0,0.0,-0.009996886782820468,0.0,0.0,-12.61237022489003
700,1,0.0,0.0,0.0,0.0,-0.9675467465572183
700,2,0.0,0.0,0.0,0.0,-0.04771279131455756
700,3,0.0,0.0,0.0,0.0,0.0
700,4,0.0,0.0,0.0,0.0,0.0
701,0,0.0,-0.009996886782820468,0.0,0.0,-12.613367381883354
701,1,0.0,0.0,0.0,0.0,-0.9675467465572183
701,2,0.0,0.0,0.0,0.0,-0.04771279131455756
701,3,0.0,0.0,0.0,0.0,0.0
701,4,0.0,0.0,0.0,0.0,0.0
702,0,0.0,-0.009996886782820468,0.0,0.0,-12.63123048828145
702,1,0.0,0.0,0.0,0.0,-0.9675467465572183
702,2,0.0,0.0,0.0,0.0,-0.04771279131455756
702,3,0.0,0.0,0.0,0.0,0.0
702,4,0.0,0.0,0.0,0.0,0.0
703,0,0.0,-0.009996886782820468,0.0,0.0,-12.630835507693378
703,1,0.0,0.0,0.0,0.0,-0.9675467465572183
703,2,0.0,0.0,0.0,0.0,-0.04771279131455756
703,3,0.0,0.0,0.0,0.0,0.0
703,4,0.0,0.0,0.0,0.0,0.0
704,0,0.0,-0.009996886782820468,0.0,0.0,-12.641398360044711
704,1,0.0,0.0,0.0,0.0,-0.9675467465572183
704,2,0.0,0.0,0.0,0.0,-0.04771279131455756
704,3,0.0,0.0,0.0,0.0,0.0
704,4,0.0,0.0,0.0,0.0,0.0
705,0,0.0,-0.009996886782820468,0.0,0.0,-12.652305522007973
705,1,0.0,0.0,0.0,0.0,-0.9675467465572183
705,2,0.0,0.0,0.0,0.0,-0.04771279131455756
705,3,0.0,0.0,0.0,0.0,0.0
705,4,0.0,0.0,0.0,0.0,0.0
706,0,0.0,-0.009996886782820468,0.0,0.0,-12.659047970620383
706,1,0.0,0.0,0.0,0.0,-0.9675467465572183
706,2,0.0,0.0,0.0,0.0,-0.04771279131455756
706,3,0.0,0.0,0.0,0.0,0.0
706,4,0.0,0.0,0.0,0.0,0.0
707,0,0.0,-0.009996886782820468,0.0,0.0,-12.672685407332885
707,1,0.0,0.0,0.0,0.0,-0.9675467465572183
707,2,0.0,0.0,0.0,0.0,-0.04771279131455756
707,3,0.0,0.0,0.0,0.0,0.0
707,4,0.0,0.0,0.0,0.0,0.0
708,0,0.0,-0.009996886782820468,0.0,0.0,-12.671059470227938
708,1,0.0,0.0,0.0,0.0,-0.9675467465572183
708,2,0.0,0.0,0.0,0.0,-0.04771279131455756
708,3,0.0,0.0,0.0,0.0,0.0
708,4,0.0,0.0,0.0,0.0,0.0
709,0,0.0,-0.009996886782820468,0.0,0.0,-12.678934634414848
709,1,0.0,0.0,0.0,0.0,-0.9675467465572183
709,2,0.0,0.0,0.0,0.0,-0.04771279131455756
709,3,0.0,0.0,0.0,0.0,0.0
709,4,0.0,0.0,0.0,0.0,0.0
710,0,0.0,-0.009996886782820468,0.0,0.0,-12.690736706208408
710,1,0.0,0.0,0.0,0.0,-0.9675467465572183
710,2,0.0,0.0,0.0,0.0,-0.04771279131455756
710,3,0.0,0.0,0.0,0.0,0.0
710,4,0.0,0.0,0.0,0.0,0.0
711,0,0.0,-0.009996886782820468,0.0,0.0,-12.692479953426616
711,1,0.0,0.0,0.0,0.0,-0.9675467465572183
711,2,0.0,0.0,0.0,0.0,-0.04771279131455756
711,3,0.0,0.0,0.0,0.0,0.0
711,4,0.0,0.0,0.0,0.0,0.0
712,0,0.0,-0.009996886782820468,0.0,0.0,-12.693357225943881
712,1,0.0,0.0,0.0,0.0,-0.9675467465572183
712,2,0.0,0.0,0.0,0.0,-0.04771279131455756
712,3,0.0,0.0,0.0,0.0,0.0
712,4,0.0,0.0,0.0,0.0,0.0
713,0,0.0,-0.009996886782820468,0.0,0.0,-12.697831897080647
713,1,0.0,0.0,0.0,0.0,-0.9675467465572183
713,2,0.0,0.0,0.0,0.0,-0.04771279131455756
713,3,0.0,0.0,0.0,0.0,0.0
713,4,0.0,0.0,0.0,0.0,0.0
714,0,0.0,-0.009996886782820468,0.0,0.0,-12.712084633729134
714,1,0.0,0.0,0.0,0.0,-0.9675467465572183
714,2,0.0,0.0,0.0,0.0,-0.04771279131455756
714,3,0.0,0.0,0.0,0.0,0.0
714,4,0.0,0.0,0.0,0.0,0.0
715,0,0.0,-0.009996886782820468,0.0,0.0,-12.715032299186158
715,1,0.0,0.0,0.0,0.0,-0.9675467465572183
715,2,0.0,0.0,0.0,0.0,-0.04771279131455756
715,3,0.0,0.0,0.0,0.0,0.0
715,4,0.0,0.0,0.0,0.0,0.0
716,0,0.0,-0.009996886782820468,0.0,0.0,-12.73036436172027
716,1,0.0,0.0,0.0,0.0,-0.9675467465572183
716,2,0.0,0.0,0.0,0.0,-0.04771279131455756
716,3,0.0,0.0,0.0,0.0,0.0
716,4,0.0,0.0,0.0,0.0,0.0
717,0,0.0,-0.009996886782820468,0.0,0.0,-12.733778068808482
717,1,0.0,0.0,0.0,0.0,-0.9675467465572183
717,2,0.0,0.0,0.0,0.0,-0.04771279131455756
717,3,0.0,0.0,0.0,0.0,0.0
717,4,0.0,0.0,0.0,0.0,0.0
718,0,0.0,-0.009996886782820468,0.0,0.0,-12.744848031827159
718,1,0.0,0.0,0.0,0.0,-0.9675467465572183
718,2,0.0,0.0,0.0,0.0,-0.04771279131455756
718,3,0.0,0.0,0.0,0.0,0.0
718,4,0.0,0.0,0.0,0.0,0.0
719,0,0.0,-0.009996886782820468,0.0,0.0,-12.756666044728952
719,1,0.0,0.0,0.0,0.0,-0.9675467465572183
719,2,0.0,0.0,0.0,0.0,-0.04771279131455756
719,3,0.0,0.0,0.0,0.0,0.0
719,4,0.0,0.0,0.0,0.0,0.0
720,0,0.0,-0.009996886782820468,0.0,0.0,-12.763811765123188
720,1,0.0,0.0,0.0,0.0,-0.9675467465572183
720,2,0.0,0.0,0.0,0.0,-0.04771279131455756
720,3,0.0,0.0,0.0,0.0,0.0
720,4,0.0,0.0,0.0,0.0,0.0
721,0,0.0,-0.009996886782820468,0.0,0.0,-12.768705730018121
721,1,0.0,0.0,0.0,0.0,-0.9675467465572183
721,2,0.0,0.0,0.0,0.0,-0.04771279131455756
721,3,0.0,0.0,0.0,0.0,0.0
721,4,0.0,0.0,0.0,0.0,0.0
722,0,0.0,-0.009996886782820468,0.0,0.0,-12.791323811821828
722,1,0.0,0.0,0.0,0.0,-0.9675467465572183
722,2,0.0,0.0,0.0,0.0,-0.04771279131455756
722,3,0.0,0.0,0.0,0.0,0.0
722,4,0.0,0.0,0.0,0.0,0.0
723,0,0.0,-0.009996886782820468,0.0,0.0,-12.804704666704177
723,1,0.0,0.0,0.0,0.0,-0.9675467465572183
723,2,0.0,0.0,0.0,0.0,-0.04771279131455756
723,3,0.0,0.0,0.0,0.0,0.0
723,4,0.0,0.0,0.0,0.0,0.0
724,0,0.0,-0.009996886782820468,0.0,0.0,-12.809345568479825
724,1,0.0,0.0,0.0,0.0,-0.9675467465572183
724,2,0.0,0.0,0.0,0.0,-0.04771279131455756
724,3,0.0,0.0,0.0,0.0,0.0
724,4,0.0,0.0,0.0,0.0,0.0
725,0,0.0,-0.009996886782820468,0.0,0.0,-12.819076396707699
725,1,0.0,0.0,0.0,0.0,-0.9675467465572183
725,2,0.0,0.0,0.0,0.0,-0.04771279131455756
725,3,0.0,0.0,0.0,0.0,0.0
725,4,0.0,0.0,0.0,0.0,0.0
726,0,0.0,-0.009996886782820468,0.0,0.0,-12.824116476299508
726,1,0.0,0.0,0.0,0.0,-0.9675467465572183
726,2,0.0,0.0,0.0,0.0,-0.04771279131455756
726,3,0.0,0.0,0.0,0.0,0.0
726,4,0.0,0.0,0.0,0.0,0.0
727,0,0.0,-0.009996886782820468,0.0,0.0,-12.828589759367988
727,1,0.0,0.0,0.0,0.0,-0.9675467465572183
727,2,0.0,0.0,0.0,0.0,-0.04771279131455756
727,3,0.0,0.0,0.0,0.0,0.0
727,4,0.0,0.0,0.0,0.0,0.0
728,0,0.0,-0.009996886782820468,0.0,0.0,-12.835793279568932
728,1,0.0,0.0,0.0,0.0,-0.9675467465572183
728,2,0.0,0.0,0.0,0.0,-0.04771279131455756
728,3,0.0,0.0,0.0,0.0,0.0
728,4,0.0,0.0,0.0,0.0,0.0
729,0,0.0,-0.009996886782820468,0.0,0.0,-12.847516905351231
729,1,0.0,0.0,0.0,0.0,-0.9675467465572183
729,2,0.0,0.0,0.0,0.0,-0.04771279131455756
729,3,0.0,0.0,0.0,0.0,0.0
729,4,0.0,0.0,0.0,0.0,0.0
730,0,0.0,-0.009996886782820468,0.0,0.0,-12.857019784683164
730,1,0.0,0.0,0.0,0.0,-0.9675467465572183
730,2,0.0,0.0,0.0,0.0,-0.04771279131455756
730,3,0.0,0.0,0.0,0.0,0.0
730,4,0.0,0.0,0.0,0.0,0.0
731,0,0.0,-0.009996886782820468,0.0,0.0,-12.86863942809419
731,1,0.0,0.0,0.0,0.0,-0.9675467465572183
731,2,0.0,0.0,0.0,0.0,-0.04771279131455756
731,3,0.0,0.0,0.0,0.0,0.0
731,4,0.0,0.0,0.0,0.0,0.0
732,0,0.0,-0.009996886782820468,0.0,0.0,-12.870771816109196
732,1,0.0,0.0,0.0,0.0,-0.9675467465572183
732,2,0.0,0.0,0.0,0.0,-0.04771279131455756
732,3,0.0,0.0,0.0,0.0,0.0
732,4,0.0,0.0,0.0,0.0,0.0
733,0,0.0,-0.009996886782820468,0.0,0.0,-12.875851720869255
733,1,0.0,0.0,0.0,0.0,-0.9675467465572183
733,2,0.0,0.0,0.0,0.0,-0.04771279131455756
733,3,0.0,0.0,0.0,0.0,0.0
733,4,0.0,0.0,0.0,0.0,0.0
734,0,0.0,-0.009996886782820468,0.0,0.0,-12.878505392994802
734,1,0.0,0.0,0.0,0.0,-0.9675467465572183
734,2,0.0,0.0,0.0,0.0,-0.04771279131455756
734,3,0.0,0.0,0.0,0.0,0.0
734,4,0.0,0.0,0.0,0.0,0.0
735,0,0.0,-0.009996886782820468,0.0,0.0,-12.883709349781958
735,1,0.0,0.0,0.0,0.0,-0.9675467465572183
735,2,0.0,0.0,0.0,0.0,-0.04771279131455756
735,3,0.0,0.0,0.0,0.0,0.0
735,4,0.0,0.0,0.0,0.0,0.0
736,0,0.0,-0.009996886782820468,0.0,0.0,-12.901450533063603
736,1,0.0,0.0,0.0,0.0,-0.9675467465572183
736,2,0.0,0.0,0.0,0.0,-0.04771279131455756
736,3,0.0,0.0,0.0,0.0,0.0
736,4,0.0,0.0,0.0,0.0,0.0
737,0,0.0,-0.009996886782820468,0.0,0.0,-12.910173041791486
737,1,0.0,0.0,0.0,0.0,-0.9675467465572183
737,2,0.0,0.0,0.0,0.0,-0.04771279131455756
737,3,0.0,0.0,0.0,0.0,0.0
737,4,0.0,0.0,0.0,0.0,0.0
738,0,0.0,-0.009996886782820468,0.0,0.0,-12.908977381771662
738,1,0.0,0.0,0.0,0.0,-0.9675467465572183
738,2,0.0,0.0,0.0,0.0,-0.04771279131455756
738,3,0.0,0.0,0.0,0.0,0.0
738,4,0.0,0.0,0.0,0.0,0.0
739,0,0.0,-0.009996886782820468,0.0,0.0,-12.916954365689277
739,1,0.0,0.0,0.0,0.0,-0.9675467465572183
739,2,0.0,0.0,0.0,0.0,-0.04771279131455756
739,3,0.0,0.0,0.0,0.0,0.0
739,4,0.0,0.0,0.0,0.0,0.0
740,0,0.0,-0.009996886782820468,0.0,0.0,-12.919515717830727
740,1,0.0,0.0,0.0,0.0,-0.9675467465572183
740,2,0.0,0.0,0.0,0.0,-0.04771279131455756
740,3,0.0,0.0,0.0,0.0,0.0
740,4,0.0,0.0,0.0,0.0,0.0
741,0,0.0,-0.009996886782820468,0.0,0.0,-12.922924209408146
741,1,0.0,0.0,0.0,0.0,-0.9675467465572183
741,2,0.0,0.0,0.0,0.0,-0.04771279131455756
741,3,0.0,0.0,0.0,0.0,0.0
741,4,0.0,0.0,0.0,0.0,0.0
742,0,0.0,-0.009996886782820468,0.0,0.0,-12.929761918906147
742,1,0.0,0.0,0.0,0.0,-0.9675467465572183
742,2,0.0,0.0,0.0,0.0,-0.04771279131455756
742,3,0.0,0.0,0.0,0.0,0.0
742,4,0.0,0.0,0.0,0.0,0.0
743,0,0.0,-0.009996886782820468,0.0,0.0,-12.932361574849379
743,1,0.0,0.0,0.0,0.0,-0.9675467465572183
743,2,0.0,0.0,0.0,0.0,-0.04771279131455756
743,3,0.0,0.0,0.0,0.0,0.0
743,4,0.0,0.0,0.0,0.0,0.0
744,0,0.0,-0.009996886782820468,0.0,0.0,-12.93162988786079
744,1,0.0,0.0,0.0,0.0,-0.9675467465572183
744,2,0.0,0.0,0.0,0.0,-0.04771279131455756
744,3,0.0,0.0,0.0,0.0,0.0
744,4,0.0,0.0,0.0,0.0,0.0
745,0,0.0,-0.009996886782820468,0.0,0.0,-12.930181105151982
745,1,0.0,0.0,0.0,0.0,-0.9675467465572183
745,2,0.0,0.0,0.0,0.0,-0.04771279131455756
745,3,0.0,0.0,0.0,0.0,0.0
745,4,0.0,0.0,0.0,0.0,0.0
746,0,0.0,-0.009996886782820468,0.0,0.0,-12.93085963578844
746,1,0.0,0.0,0.0,0.0,-0.9675467465572183
746,2,0.0,0.0,0.0,0.0,-0.04771279131455756
746,3,0.0,0.0,0.0,0.0,0.0
746,4,0.0,0.0,0.0,0.0,0.0
747,0,0.0,-0.009996886782820468,0.0,0.0,-12.935721071140927
747,1,0.0,0.0,0.0,0.0,-0.9675467465572183
747,2,0.0,0.0,0.0,0.0,-0.04771279131455756
747,3,0.0,0.0,0.0,0.0,0.0
747,4,0.0,0.0,0.0,0.0,0.0
748,0,0.0,-0.009996886782820468,0.0,0.0,-12.944561513206
748,1,0.0,0.0,0.0,0.0,-0.9675467465572183
748,2,0.0,0.0,0.0,0.0,-0.04771279131455756
748,3,0.0,0.0,0.0,0.0,0.0
748,4,0.0,0.0,0.0,0.0,0.0
749,0,0.0,-0.009996886782820468,0.0,0.0,-12.958925709004951
749,1,0.0,0.0,0.0,0.0,-0.9675467465572183
749,2,0.0,0.0,0.0,0.0,-0.04771279131455756
749,3,0.0,0.0,0.0,0.0,0.0
749,4,0.0,0.0,0.0,0.0,0.0
750,0,0.0,-0.009996886782820468,0.0,0.0,-12.963663244139065
750,1,0.0,0.0,0.0,0.0,-0.9675467465572183
750,2,0.0,0.0,0.0,0.0,-0.04771279131455756
750,3,0.0,0.0,0.0,0.0,0.0
750,4,0.0,0.0,0.0,0.0,0.0
751,0,0.0,-0.009996886782820468,0.0,0.0,-12.971593638677966
751,1,0.0,0.0,0.0,0.0,-0.9675467465572183
751,2,0.0,0.0,0.0,0.0,-0.04771279131455756
751,3,0.0,0.0,0.0,0.0,0.0
751,4,0.0,0.0,0.0,0.0,0.0
752,0,0.0,-0.009996886782820468,0.0,0.0,-12.976234632115798
752,1,0.0,0.0,0.0,0.0,-0.9675467465572183
752,2,0.0,0.0,0.0,0.0,-0.04771279131455756
752,3,0.0,0.0,0.0,0.0,0.0
752,4,0.0,0.0,0.0,0.0,0.0
753,0,0.0,-0.009996886782820468,0.0,0.0,-12.98260360540559
753,1,0.0,0.0,0.0,0.0,-0.9675467465572183
753,2,0.0,0.0,0.0,0.0,-0.04771279131455756
753,3,0.0,0.0,0.0,0.0,0.0
753,4,0.0,0.0,0.0,0.0,0.0
754,0,0.0,-0.009996886782820468,0.0,0.0,-12.98464749523629
754,1,0.0,0.0,0.0,0.0,-0.9675467465572183
754,2,0.0,0.0,0.0,0.0,-0.04771279131455756
754,3,0.0,0.0,0.0,0.0,0.0
754,4,0.0,0.0,0.0,0.0,0.0
755,0,0.0,-0.009996886782820468,0.0,0.0,-12.985214932426384
755,1,0.0,0.0,0.0,0.0,-0.9675467465572183
755,2,0.0,0.0,0.0,0.0,-0.04771279131455756
755,3,0.0,0.0,0.0,0.0,0.0
755,4,0.0,0.0,0.0,0.0,0.0
756,0,0.0,-0.009996886782820468,0.0,0.0,-12.991758047076177
756,1,0.0,0.0,0.0,0.0,-0.9675467465572183
756,2,0.0,0.0,0.0,0.0,-0.04771279131455756
756,3,0.0,0.0,0.0,0.0,0.0
756,4,0.0,0.0,0.0,0.0,0.0
757,0,0.0,-0.009996886782820468,0.0,0.0,-12.992707088818205
757,1,0.0,0.0,0.0,0.0,-0.9675467465572183
757,2,0.0,0.0,0.0,0.0,-0.04771279131455756
757,3,0.0,0.0,0.0,0.0,0.0
757,4,0.0,0.0,0.0,0.0,0.0
758,0,0.0,-0.009996886782820468,0.0,0.0,-13.00626177103374
758,1,0.0,0.0,0.0,0.0,-0.9675467465572183
758,2,0.0,0.0,0.0,0.0,-0.04771279131455756
758,3,0.0,0.0,0.0,0.0,0.0
758,4,0.0,0.0,0.0,0.0,0.0
759,0,0.0,-0.009996886782820468,0.0,0.0,-13.021870964430724
759,1,0.0,0.0,0.0,0.0,-0.9675467465572183
759,2,0.0,0.0,0.0,0.0,-0.04771279131455756
759,3,0.0,0.0,0.0,0.0,0.0
759,4,0.0,0.0,0.0,0.0,0.0
760,0,0.0,-0.009996886782820468,0.0,0.0,-13.048035553789418
760,1,0.0,0.0,0.0,0.0,-0.9675467465572183
760,2,0.0,0.0,0.0,0.0,-0.04771279131455756
760,3,0.0,0.0,0.0,0.0,0.0
760,4,0.0,0.0,0.0,0.0,0.0
761,0,0.0,-0.009996886782820468,0.0,0.0,-13.059345706285415
761,1,0.0,0.0,0.0,0.0,-0.9675467465572183
761,2,0.0,0.0,0.0,0.0,-0.04771279131455756
761,3,0.0,0.0,0.0,0.0,0.0
761,4,0.0,0.0,0.0,0.0,0.0
762,0,0.0,-0.009996886782820468,0.0,0.0,-13.08301932894401
762,1,0.0,0.0,0.0,0.0,-0.9675467465572183
762,2,0.0,0.0,0.0,0.0,-0.04771279131455756
762,3,0.0,0.0,0.0,0.0,0.0
762,4,0.0,0.0,0.0,0.0,0.0
763,0,0.0,-0.009996886782820468,0.0,0.0,-13.083881897145247
763,1,0.0,0.0,0.0,0.0,-0.9675467465572183
763,2,0.0,0.0,0.0,0.0,-0.04771279131455756
763,3,0.0,0.0,0.0,0.0,0.0
763,4,0.0,0.0,0.0,0.0,0.0
764,0,0.0,-0.009996886782820468,0.0,0.0,-13.085728302573807
764,1,0.0,0.0,0.0,0.0,-0.9675467465572183
764,2,0.0,0.0,0.0,0.0,-0.04771279131455756
764,3,0.0,0.0,0.0,0.0,0.0
764,4,0.0,0.0,0.0,0.0,0.0
765,0,0.0,-0.009996886782820468,0.0,0.0,-13.100131739980322
765,1,0.0,0.0,0.0,0.0,-0.9675467465572183
765,2,0.0,0.0,0.0,0.0,-0.04771279131455756
765,3,0.0,0.0,0.0,0.0,0.0
765,4,0.0,0.0,0.0,0.0,0.0
766,0,0.0,-0.009996886782820468,0.0,0.0,-13.104470142378256
766,1,0.0,0.0,0.0,0.0,-0.9675467465572183
766,2,0.0,0.0,0.0,0.0,-0.04771279131455756
766,3,0.0,0.0,0.0,0.0,0.0
766,4,0.0,0.0,0.0,0.0,0.0
767,0,0.0,-0.009996886782820468,0.0,0.0,-13.099648250847345
767,1,0.0,0.0,0.0,0.0,-0.9675467465572183
767,2,0.0,0.0,0.0,0.0,-0.04771279131455756
767,3,0.0,0.0,0.0,0.0,0.0
767,4,0.0,0.0,0.0,0.0,0.0
768,0,0.0,-0.009996886782820468,0.0,0.0,-13.113243680963603
768,1,0.0,0.0,0.0,0.0,-0.9675467465572183
768,2,0.0,0.0,0.0,0.0,-0.04771279131455756
768,3,0.0,0.0,0.0,0.0,0.0
768,4,0.0,0.0,0.0,0.0,0.0
769,0,0.0,-0.009996886782820468,0.0,0.0,-13.123665987602822
769,1,0.0,0.0,0.0,0.0,-0.9675467465572183
769,2,0.0,0.0,0.0,0.0,-0.04771279131455756
769,3,0.0,0.0,0.0,0.0,0.0
769,4,0.0,0.0,0.0,0.0,0.0
770,0,0.0,-0.009996886782820468,0.0,0.0,-13.137526942609718
770,1,0.0,0.0,0.0,0.0,-0.9675467465572183
770,2,0.0,0.0,0.0,0.0,-0.04771279131455756
770,3,0.0,0.0,0.0,0.0,0.0
770,4,0.0,0.0,0.0,0.0,0.0
771,0,0.0,-0.009996886782820468,0.0,0.0,-13.141929881607524
771,1,0.0,0.0,0.0,0.0,-0.9675467465572183
771,2,0.0,0.0,0.0,0.0,-0.04771279131455756
771,3,0.0,0.0,0.0,0.0,0.0
771,4,0.0,0.0,0.0,0.0,0.0
772,0,0.0,-0.009996886782820468,0.0,0.0,-13.148439764241255
772,1,0.0,0.0,0.0,0.0,-0.9675467465572183
772,2,0.0,0.0,0.0,0.0,-0.04771279131455756
772,3,0.0,0.0,0.0,0.0,0.0
772,4,0.0,0.0,0.0,0.0,0.0
773,0,0.0,-0.009996886782820468,0.0,0.0,-13.152624181878153
773,1,0.0,0.0,0.0,0.0,-0.9675467465572183
773,2,0.0,0.0,0.0,0.0,-0.04771279131455756
773,3,0.0,0.0,0.0,0.0,0.0
773,4,0.0,0.0,0.0,0.0,0.0
774,0,0.0,-0.009996886782820468,0.0,0.0,-13.154043265425102
774,1,0.0,0.0,0.0,0.0,-0.9675467465572183
774,2,0.0,0.0,0.0,0.0,-0.04771279131455756
774,3,0.0,0.0,0.0,0.0,0.0
774,4,0.0,0.0,0.0,0.0,0.0
775,0,0.0,-0.009996886782820468,0.0,0.0,-13.158390490204399
775,1,0.0,0.0,0.0,0.0,-0.9675467465572183
775,2,0.0,0.0,0.0,0.0,-0.04771279131455756
775,3,0.0,0.0,0.0,0.0,0.0
775,4,0.0,0.0,0.0,0.0,0.0
776,0,0.0,-0.009996886782820468,0.0,0.0,-13.157447156012195
776,1,0.0,0.0,0.0,0.0,-0.9675467465572183
776,2,0.0,0.0,0.0,0.0,-0.04771279131455756
776,3,0.0,0.0,0.0,0.0,0.0
776,4,0.0,0.0,0.0,0.0,0.0
777,0,0.0,-0.009996886782820468,0.0,0.0,-13.16400377193567
777,1,0.0,0.0,0.0,0.0,-0.9675467465572183
777,2,0.0,0.0,0.0,0.0,-0.04771279131455756
777,3,0.0,0.0,0.0,0.0,0.0
777,4,0.0,0.0,0.0,0.0,0.0
778,0,0.0,-0.009996886782820468,0.0,0.0,-13.16594326824234
778,1,0.0,0.0,0.0,0.0,-0.9675467465572183
778,2,0.0,0.0,0.0,0.0,-0.04771279131455756
778,3,0.0,0.0,0.0,0.0,0.0
778,4,0.0,0.0,0.0,0.0,0.0
779,0,0.0,-0.009996886782820468,0.0,0.0,-13.169175794177045
779,1,0.0,0.0,0.0,0.0,-0.9675467465572183
779,2,0.0,0.0,0.0,0.0,-0.04771279131455756
779,3,0.0,0.0,0.0,0.0,0.0
779,4,0.0,0.0,0.0,0.0,0.0
780,0,0.0,-0.009996886782820468,0.0,0.0,-13.171415650175275
780,1,0.0,0.0,0.0,0.0,-0.9675467465572183
780,2,0.0,0.0,0.0,0.0,-0.04771279131455756
780,3,0.0,0.0,0.0,0.0,0.0
780,4,0.0,0.0,0.0,0.0,0.0
781,0,0.0,-0.009996886782820468,0.0,0.0,-13.18524826731753
781,1,0.0,0.0,0.0,0.0,-0.9675467465572183
781,2,0.0,0.0,0.0,0.0,-0.04771279131455756
781,3,0.0,0.0,0.0,0.0,0.0
781,4,0.0,0.0,0.0,0.0,0.0
782,0,0.0,-0.009996886782820468,0.0,0.0,-13.192273501273933
782,1,0.0,0.0,0.0,0.0,-0.9675467465572183
782,2,0.0,0.0,0.0,0.0,-0.04771279131455756
782,3,0.0,0.0,0.0,0.0,0.0
782,4,0.0,0.0,0.0,0.0,0.0
783,0,0.0,-0.009996886782820468,0.0,0.0,-13.197426602248836
783,1,0.0,0.0,0.0,0.0,-0.9675467465572183
783,2,0.0,0.0,0.0,0.0,-0.04771279131455756
783,3,0.0,0.0,0.0,0.0,0.0
783,4,0.0,0.0,0.0,0.0,0.0
784,0,0.0,-0.009996886782820468,0.0,0.0,-13.197790418753026
784,1,0.0,0.0,0.0,0.0,-0.9675467465572183
784,2,0.0,0.0,0.0,0.0,-0.04771279131455756
784,3,0.0,0.0,0.0,0.0,0.0
784,4,0.0,0.0,0.0,0.0,0.0
785,0,0.0,-0.009996886782820468,0.0,0.0,-13.197658106022379
785,1,0.0,0.0,0.0,0.0,-0.9675467465572183
785,2,0.0,0.0,0.0,0.0,-0.04771279131455756
785,3,0.0,0.0,0.0,0.0,0.0
785,4,0.0,0.0,0.0,0.0,0.0
786,0,0.0,-0.009996886782820468,0.0,0.0,-13.20301824542508
786,1,0.0,0.0,0.0,0.0,-0.9675467465572183
786,2,0.0,0.0,0.0,0.0,-0.04771279131455756
786,3,0.0,0.0,0.0,0.0,0.0
786,4,0.0,0.0,0.0,0.0,0.0
787,0,0.0,-0.009996886782820468,0.0,0.0,-13.220056400092133
787,1,0.0,0.0,0.0,0.0,-0.9675467465572183
787,2,0.0,0.0,0.0,0.0,-0.04771279131455756
787,3,0.0,0.0,0.0,0.0,0.0
787,4,0.0,0.0,0.0,0.0,0.0
788,0,0.0,-0.009996886782820468,0.0,0.0,-13.23396027053948
788,1,0.0,0.0,0.0,0.0,-0.9675467465572183
788,2,0.0,0.0,0.0,0.0,-0.04771279131455756
788,3,0.0,0.0,0.0,0.0,0.0
788,4,0.0,0.0,0.0,0.0,0.0
789,0,0.0,-0.009996886782820468,0.0,0.0,-13.234213407032012
789,1,0.0,0.0,0.0,0.0,-0.9675467465572183
789,2,0.0,0.0,0.0,0.0,-0.04771279131455756
789,3,0.0,0.0,0.0,0.0,0.0
789,4,0.0,0.0,0.0,0.0,0.0
790,0,0.0,-0.009996886782820468,0.0,0.0,-13.236149385539308
790,1,0.0,0.0,0.0,0.0,-0.9675467465572183
790,2,0.0,0.0,0.0,0.0,-0.04771279131455756
790,3,0.0,0.0,0.0,0.0,0.0
790,4,0.0,0.0,0.0,0.0,0.0
791,0,0.0,-0.009996886782820468,0.0,0.0,-13.24289753475261
791,1,0.0,0.0,0.0,0.0,-0.9675467465572183
791,2,0.0,0.0,0.0,0.0,-0.04771279131455756
791,3,0.0,0.0,0.0,0.0,0.0
791,4,0.0,0.0,0.0,0.0,0.0
792,0,0.0,-0.009996886782820468,0.0,0.0,-13.244537772544678
792,1,0.0,0.0,0.0,0.0,-0.9675467465572183
792,2,0.0,0.0,0.0,0.0,-0.04771279131455756
792,3,0.0,0.0,0.0,0.0,0.0
792,4,0.0,0.0,0.0,0.0,0.0
793,0,0.0,-0.009996886782820468,0.0,0.0,-13.258199460897684
793,1,0.0,0.0,0.0,0.0,-0.9675467465572183
793,2,0.0,0.0,0.0,0.0,-0.04771279131455756
793,3,0.0,0.0,0.0,0.0,0.0
793,4,0.0,0.0,0.0,0.0,0.0
794,0,0.0,-0.009996886782820468,0.0,0.0,-13.266707058240081
794,1,0.0,0.0,0.0,0.0,-0.9675467465572183
794,2,0.0,0.0,0.0,0.0,-0.04771279131455756
794,3,0.0,0.0,0.0,0.0,0.0
794,4,0.0,0.0,0.0,0.0,0.0
795,0,0.0,-0.009996886782820468,0.0,0.0,-13.273455057611063
795,1,0.0,0.0,0.0,0.0,-0.9675467465572183
795,2,0.0,0.0,0.0,0.0,-0.04771279131455756
795,3,0.0,0.0,0.0,0.0,0.0
795,4,0.0,0.0,0.0,0.0,0.0
796,0,0.0,-0.009996886782820468,0.0,0.0,-13.281790520867004
796,1,0.0,0.0,0.0,0.0,-0.9675467465572183
796,2,0.0,0.0,0.0,0.0,-0.04771279131455756
796,3,0.0,0.0,0.0,0.0,0.0
796,4,0.0,0.0,0.0,0.0,0.0
797,0,0.0,-0.009996886782820468,0.0,0.0,-13.284492414032712
797,1,0.0,0.0,0.0,0.0,-0.9675467465572183
797,2,0.0,0.0,0.0,0.0,-0.04771279131455756
797,3,0.0,0.0,0.0,0.0,0.0
797,4,0.0,0.0,0.0,0.0,0.0
798,0,0.0,-0.009996886782820468,0.0,0.0,-13.293547376971228
798,1,0.0,0.0,0.0,0.0,-0.9675467465572183
798,2,0.0,0.0,0.0,0.0,-0.04771279131455756
798,3,0.0,0.0,0.0,0.0,0.0
798,4,0.0,0.0,0.0,0.0,0.0
799,0,0.0,-0.009996886782820468,0.0,0.0,-13.296647580770696
799,1,0.0,0.0,0.0,0.0,-0.9675467465572183
799,2,0.0,0.0,0.0,0.0,-0.04771279131455756
799,3,0.0,0.0,0.0,0.0,0.0
799,4,0.0,0.0,0.0,0.0,0.0
800,0,0.0,-0.009996886782820468,0.0,0.0,-13.299847553850435
800,1,0.0,0.0,0.0,0.0,-0.9675467465572183
800,2,0.0,0.0,0.0,0.0,-0.04771279131455756
800,3,0.0,0.0,0.0,0.0,0.0
800,4,0.0,0.0,0.0,0.0,0.0
801,0,0.0,-0.009996886782820468,0.0,0.0,-13.311385110920094
801,1,0.0,0.0,0.0,0.0,-0.9675467465572183
801,2,0.0,0.0,0.0,0.0,-0.04771279131455756
801,3,0.0,0.0,0.0,0.0,0.0
801,4,0.0,0.0,0.0,0.0,0.0
802,0,0.0,-0.009996886782820468,0.0,0.0,-13.314660010864634
802,1,0.0,0.0,0.0,0.0,-0.9675467465572183
802,2,0.0,0.0,0.0,0.0,-0.04771279131455756
802,3,0.0,0.0,0.0,0.0,0.0
802,4,0.0,0.0,0.0,0.0,0.0
803,0,0.0,-0.009996886782820468,0.0,0.0,-13.324467122116646
803,1,0.0,0.0,0.0,0.0,-0.9675467465572183
803,2,0.0,0.0,0.0,0.0,-0.04771279131455756
803,3,0.0,0.0,0.0,0.0,0.0
803,4,0.0,0.0,0.0,0.0,0.0
804,0,0.0,-0.009996886782820468,0.0,0.0,-13.33832395263382
804,1,0.0,0.0,0.0,0.0,-0.9675467465572183
804,2,0.0,0.0,0.0,0.0,-0.04771279131455756
804,3,0.0,0.0,0.0,0.0,0.0
804,4,0.0,0.0,0.0,0.0,0.0
805,0,0.0,-0.009996886782820468,0.0,0.0,-13.340138754536031
805,1,0.0,0.0,0.0,0.0,-0.9675467465572183
805,2,0.0,0.0,0.0,0.0,-0.04771279131455756
805,3,0.0,0.0,0.0,0.0,0.0
805,4,0.0,0.0,0.0,0.0,0.0
806,0,0.0,-0.009996886782820468,0.0,0.0,-13.350075573383384
806,1,0.0,0.0,0.0,0.0,-0.9675467465572183
806,2,0.0,0.0,0.0,0.0,-0.04771279131455756
806,3,0.0,0.0,0.0,0.0,0.0
806,4,0.0,0.0,0.0,0.0,0.0
807,0,0.0,-0.009996886782820468,0.0,0.0,-13.352228889130748
807,1,0.0,0.0,0.0,0.0,-0.9675467465572183
807,2,0.0,0.0,0.0,0.0,-0.04771279131455756
807,3,0.0,0.0,0.0,0.0,0.0
807,4,0.0,0.0,0.0,0.0,0.0
808,0,0.0,-0.009996886782820468,0.0,0.0,-13.356625896307122
808,1,0.0,0.0,0.0,0.0,-0.9675467465572183
808,2,0.0,0.0,0.0,0.0,-0.04771279131455756
808,3,0.0,0.0,0.0,0.0,0.0
808,4,0.0,0.0,0.0,0.0,0.0
809,0,0.0,-0.009996886782820468,0.0,0.0,-13.35985580489813
809,1,0.0,0.0,0.0,0.0,-0.9675467465572183
809,2,0.0,0.0,0.0,0.0,-0.04771279131455756
809,3,0.0,0.0,0.0,0.0,0.0
809,4,0.0,0.0,0.0,0.0,0.0
810,0,0.0,-0.009996886782820468,0.0,0.0,-13.359097574334852
810,1,0.0,0.0,0.0,0.0,-0.9675467465572183
810,2,0.0,0.0,0.0,0.0,-0.04771279131455756
810,3,0.0,0.0,0.0,0.0,0.0
810,4,0.0,0.0,0.0,0.0,0.0
811,0,0.0,-0.009996886782820468,0.0,0.0,-13.359543164045595
811,1,0.0,0.0,0.0,0.0,-0.9675467465572183
811,2,0.0,0.0,0.0,0.0,-0.04771279131455756
811,3,0.0,0.0,0.0,0.0,0.0
811,4,0.0,0.0,0.0,0.0,0.0
812,0,0.0,-0.009996886782820468,0.0,0.0,-13.361172536186857
812,1,0.0,0.0,0.0,0.0,-0.9675467465572183
812,2,0.0,0.0,0.0,0.0,-0.04771279131455756
812,3,0.0,0.0,0.0,0.0,0.0
812,4,0.0,0.0,0.0,0.0,0.0
813,0,0.0,-0.009996886782820468,0.0,0.0,-13.370996899140751
813,1,0.0,0.0,0.0,0.0,-0.9675467465572183
813,2,0.0,0.0,0.0,0.0,-0.04771279131455756
813,3,0.0,0.0,0.0,0.0,0.0
813,4,0.0,0.0,0.0,0.0,0.0
814,0,0.0,-0.009996886782820468,0.0,0.0,-13.372615771378594
814,1,0.0,0.0,0.0,0.0,-0.9675467465572183
814,2,0.0,0.0,0.0,0.0,-0.04771279131455756
814,3,0.0,0.0,0.0,0.0,0.0
814,4,0.0,0.0,0.0,0.0,0.0
815,0,0.0,-0.009996886782820468,0.0,0.0,-13.385111549963778
815,1,0.0,0.0,0.0,0.0,-0.9675467465572183
815,2,0.0,0.0,0.0,0.0,-0.04771279131455756
815,3,0.0,0.0,0.0,0.0,0.0
815,4,0.0,0.0,0.0,0.0,0.0
816,0,0.0,-0.009996886782820468,0.0,0.0,-13.385228456884558
816,1,0.0,0.0,0.0,0.0,-0.9675467465572183
816,2,0.0,0.0,0.0,0.0,-0.04771279131455756
816,3,0.0,0.0,0.0,0.0,0.0
816,4,0.0,0.0,0.0,0.0,0.0
817,0,0.0,-0.009996886782820468,0.0,0.0,-13.38541471677088
817,1,0.0,0.0,0.0,0.0,-0.9675467465572183
817,2,0.0,0.0,0.0,0.0,-0.04771279131455756
817,3,0.0,0.0,0.0,0.0,0.0
817,4,0.0,0.0,0.0,0.0,0.0
818,0,0.0,-0.009996886782820468,0.0,0.0,-13.393228715702113
818,1,0.0,0.0,0.0,0.0,-0.9675467465572183
818,2,0.0,0.0,0.0,0.0,-0.04771279131455756
818,3,0.0,0.0,0.0,0.0,0.0
818,4,0.0,0.0,0.0,0.0,0.0
819,0,0.0,-0.009996886782820468,0.0,0.0,-13.389249450838316
819,1,0.0,0.0,0.0,0.0,-0.9675467465572183
819,2,0.0,0.0,0.0,0.0,-0.04771279131455756
819,3,0.0,0.0,0.0,0.0,0.0
819,4,0.0,0.0,0.0,0.0,0.0
820,0,0.0,-0.009996886782820468,0.0,0.0,-13.390460256890956
820,1,0.0,0.0,0.0,0.0,-0.9675467465572183
820,2,0.0,0.0,0.0,0.0,-0.04771279131455756
820,3,0.0,0.0,0.0,0.0,0.0
820,4,0.0,0.0,0.0,0.0,0.0
821,0,0.0,-0.009996886782820468,0.0,0.0,-13.392583470154113
821,1,0.0,0.0,0.0,0.0,-0.9675467465572183
821,2,0.0,0.0,0.0,0.0,-0.04771279131455756
821,3,0.0,0.0,0.0,0.0,0.0
821,4,0.0,0.0,0.0,0.0,0.0
822,0,0.0,-0.009996886782820468,0.0,0.0,-13.402840277884401
822,1,0.0,0.0,0.0,0.0,-0.9675467465572183
822,2,0.0,0.0,0.0,0.0,-0.04771279131455756
822,3,0.0,0.0,0.0,0.0,0.0
822,4,0.0,0.0,0.0,0.0,0.0
823,0,0.0,-0.009996886782820468,0.0,0.0,-13.408460191832654
823,1,0.0,0.0,0.0,0.0,-0.9675467465572183
823,2,0.0,0.0,0.0,0.0,-0.04771279131455756
823,3,0.0,0.0,0.0,0.0,0.0
823,4,0.0,0.0,0.0,0.0,0.0
824,0,0.0,-0.009996886782820468,0.0,0.0,-13.414310334248908
824,1,0.0,0.0,0.0,0.0,-0.9675467465572183
824,2,0.0,0.0,0.0,0.0,-0.04771279131455756
824,3,0.0,0.0,0.0,0.0,0.0
824,4,0.0,0.0,0.0,0.0,0.0
825,0,0.0,-0.009996886782820468,0.0,0.0,-13.411196210417557
825,1,0.0,0.0,0.0,0.0,-0.9675467465572183
825,2,0.0,0.0,0.0,0.0,-0.04771279131455756
825,3,0.0,0.0,0.0,0.0,0.0
825,4,0.0,0.0,0.0,0.0,0.0
826,0,0.0,-0.009996886782820468,0.0,0.0,-13.412277672494932
826,1,0.0,0.0,0.0,0.0,-0.9675467465572183
826,2,0.0,0.0,0.0,0.0,-0.04771279131455756
826,3,0.0,0.0,0.0,0.0,0.0
826,4,0.0,0.0,0.0,0.0,0.0
827,0,0.0,-0.009996886782820468,0.0,0.0,-13.423168047418123
827,1,0.0,0.0,0.0,0.0,-0.9675467465572183
827,2,0.0,0.0,0.0,0.0,-0.04771279131455756
827,3,0.0,0.0,0.0,0.0,0.0
827,4,0.0,0.0,0.0,0.0,0.0
828,0,0.0,-0.009996886782820468,0.0,0.0,-13.42555309918771
828,1,0.0,0.0,0.0,0.0,-0.9675467465572183
828,2,0.0,0.0,0.0,0.0,-0.04771279131455756
828,3,0.0,0.0,0.0,0.0,0.0
828,4,0.0,0.0,0.0,0.0,0.0
829,0,0.0,-0.009996886782820468,0.0,0.0,-13.425154578103934
829,1,0.0,0.0,0.0,0.0,-0.9675467465572183
829,2,0.0,0.0,0.0,0.0,-0.04771279131455756
829,3,0.0,0.0,0.0,0.0,0.0
829,4,0.0,0.0,0.0,0.0,0.0
830,0,0.0,-0.009996886782820468,0.0,0.0,-13.431503163619043
830,1,0.0,0.0,0.0,0.0,-0.9675467465572183
830,2,0.0,0.0,0.0,0.0,-0.04771279131455756
830,3,0.0,0.0,0.0,0.0,0.0
830,4,0.0,0.0,0.0,0.0,0.0
831,0,0.0,-0.009996886782820468,0.0,0.0,-13.432276921153981
831,1,0.0,0.0,0.0,0.0,-0.9675467465572183
831,2,0.0,0.0,0.0,0.0,-0.04771279131455756
831,3,0.0,0.0,0.0,0.0,0.0
831,4,0.0,0.0,0.0,0.0,0.0
832,0,0.0,-0.009996886782820468,0.0,0.0,-13.433581904059627
832,1,0.0,0.0,0.0,0.0,-0.9675467465572183
832,2,0.0,0.0,0.0,0.0,-0.04771279131455756
832,3,0.0,0.0,0.0,0.0,0.0
832,4,0.0,0.0,0.0,0.0,0.0
833,0,0.0,-0.009996886782820468,0.0,0.0,-13.434839606169913
833,1,0.0,0.0,0.0,0.0,-0.9675467465572183
833,2,0.0,0.0,0.0,0.0,-0.04771279131455756
833,3,0.0,0.0,0.0,0.0,0.0
833,4,0.0,0.0,0.0,0.0,0.0
834,0,0.0,-0.009996886782820468,0.0,0.0,-13.44133937240613
834,1,0.0,0.0,0.0,0.0,-0.9675467465572183
834,2,0.0,0.0,0.0,0.0,-0.04771279131455756
834,3,0.0,0.0,0.0,0.0,0.0
834,4,0.0,0.0,0.0,0.0,0.0
835,0,0.0,-0.009996886782820468,0.0,0.0,-13.443332145087172
835,1,0.0,0.0,0.0,0.0,-0.9675467465572183
835,2,0.0,0.0,0.0,0.0,-0.04771279131455756
835,3,0.0,0.0,0.0,0.0,0.0
835,4,0.0,0.0,0.0,0.0,0.0
836,0,0.0,-0.009996886782820468,0.0,0.0,-13.45216715013826
836,1,0.0,0.0,0.0,0.0,-0.9675467465572183
836,2,0.0,0.0,0.0,0.0,-0.04771279131455756
836,3,0.0,0.0,0.0,0.0,0.0
836,4,0.0,0.0,0.0,0.0,0.0
837,0,0.0,-0.009996886782820468,0.0,0.0,-13.454559612215105
837,1,0.0,0.0,0.0,0.0,-0.9675467465572183
837,2,0.0,0.0,0.0,0.0,-0.04771279131455756
837,3,0.0,0.0,0.0,0.0,0.0
837,4,0.0,0.0,0.0,0.0,0.0
838,0,0.0,-0.009996886782820468,0.0,0.0,-13.461593961464674
838,1,0.0,0.0,0.0,0.0,-0.9675467465572183
838,2,0.0,0.0,0.0,0.0,-0.04771279131455756
838,3,0.0,0.0,0.0,0.0,0.0
838,4,0.0,0.0,0.0,0.0,0.0
839,0,0.0,-0.009996886782820468,0.0,0.0,-13.461606432513934
839,1,0.0,0.0,0.0,0.0,-0.9675467465572183
839,2,0.0,0.0,0.0,0.0,-0.04771279131455756
839,3,0.0,0.0,0.0,0.0,0.0
839,4,0.0,0.0,0.0,0.0,0.0
840,0,0.0,-0.009996886782820468,0.0,0.0,-13.463736970654313
840,1,0.0,0.0,0.0,0.0,-0.9675467465572183
840,2,0.0,0.0,0.0,0.0,-0.04771279131455756
840,3,0.0,0.0,0.0,0.0,0.0
840,4,0.0,0.0,0.0,0.0,0.0
841,0,0.0,-0.009996886782820468,0.0,0.0,-13.469244879014576
841,1,0.0,0.0,0.0,0.0,-0.9675467465572183
841,2,0.0,0.0,0.0,0.0,-0.04771279131455756
841,3,0.0,0.0,0.0,0.0,0.0
841,4,0.0,0.0,0.0,0.0,0.0
842,0,0.0,-0.009996886782820468,0.0,0.0,-13.471665214440893
842,1,0.0,0.0,0.0,0.0,-0.9675467465572183
842,2,0.0,0.0,0.0,0.0,-0.04771279131455756
842,3,0.0,0.0,0.0,0.0,0.0
842,4,0.0,0.0,0.0,0.0,0.0
843,0,0.0,-0.009996886782820468,0.0,0.0,-13.47363783446969
843,1,0.0,0.0,0.0,0.0,-0.9675467465572183
843,2,0.0,0.0,0.0,0.0,-0.04771279131455756
843,3,0.0,0.0,0.0,0.0,0.0
843,4,0.0,0.0,0.0,0.0,0.0
844,0,0.0,-0.009996886782820468,0.0,0.0,-13.474226348842972
844,1,0.0,0.0,0.0,0.0,-0.9675467465572183
844,2,0.0,0.0,0.0,0.0,-0.04771279131455756
844,3,0.0,0.0,0.0,0.0,0.0
844,4,0.0,0.0,0.0,0.0,0.0
845,0,0.0,-0.009996886782820468,0.0,0.0,-13.479510837292189
845,1,0.0,0.0,0.0,0.0,-0.9675467465572183
845,2,0.0,0.0,0.0,0.0,-0.04771279131455756
845,3,0.0,0.0,0.0,0.0,0.0
845,4,0.0,0.0,0.0,0.0,0.0
846,0,0.0,-0.009996886782820468,0.0,0.0,-13.489141619661877
846,1,0.0,0.0,0.0,0.0,-0.9675467465572183
846,2,0.0,0.0,0.0,0.0,-0.04771279131455756
846,3,0.0,0.0,0.0,0.0,0.0
846,4,0.0,0.0,0.0,0.0,0.0
847,0,0.0,-0.009996886782820468,0.0,0.0,-13.491778218165269
847,1,0.0,0.0,0.0,0.0,-0.9675467465572183
847,2,0.0,0.0,0.0,0.0,-0.04771279131455756
847,3,0.0,0.0,0.0,0.0,0.0
847,4,0.0,0.0,0.0,0.0,0.0
848,0,0.0,-0.009996886782820468,0.0,0.0,-13.494365826623705
848,1,0.0,0.0,0.0,0.0,-0.9675467465572183
848,2,0.0,0.0,0.0,0.0,-0.04771279131455756
848,3,0.0,0.0,0.0,0.0,0.0
848,4,0.0,0.0,0.0,0.0,0.0
849,0,0.0,-0.009996886782820468,0.0,0.0,-13.497186140093367
849,1,0.0,0.0,0.0,0.0,-0.9675467465572183
849,2,0.0,0.0,0.0,0.0,-0.04771279131455756
849,3,0.0,0.0,0.0,0.0,0.0
849,4,0.0,0.0,0.0,0.0,0.0
850,0,0.0,-0.009996886782820468,0.0,0.0,-13.49826368732995
850,1,0.0,0.0,0.0,0.0,-0.9675467465572183
850,2,0.0,0.0,0.0,0.0,-0.04771279131455756
850,3,0.0,0.0,0.0,0.0,0.0
850,4,0.0,0.0,0.0,0.0,0.0
851,0,0.0,-0.009996886782820468,0.0,0.0,-13.499705221879848
851,1,0.0,0.0,0.0,0.0,-0.9675467465572183
851,2,0.0,0.0,0.0,0.0,-0.04771279131455756
851,3,0.0,0.0,0.0,0.0,0.0
851,4,0.0,0.0,0.0,0.0,0.0
852,0,0.0,-0.009996886782820468,0.0,0.0,-13.503270841771453
852,1,0.0,0.0,0.0,0.0,-0.9675467465572183
852,2,0.0,0.0,0.0,0.0,-0.04771279131455756
852,3,0.0,0.0,0.0,0.0,0.0
852,4,0.0,0.0,0.0,0.0,0.0
853,0,0.0,-0.009996886782820468,0.0,0.0,-13.50754241765294
853,1,0.0,0.0,0.0,0.0,-0.9675467465572183
853,2,0.0,0.0,0.0,0.0,-0.04771279131455756
853,3,0.0,0.0,0.0,0.0,0.0
853,4,0.0,0.0,0.0,0.0,0.0
854,0,0.0,-0.009996886782820468,0.0,0.0,-13.51249941812427
854,1,0.0,0.0,0.0,0.0,-0.9675467465572183
854,2,0.0,0.0,0.0,0.0,-0.04771279131455756
854,3,0.0,0.0,0.0,0.0,0.0
854,4,0.0,0.0,0.0,0.0,0.0
855,0,0.0,-0.009996886782820468,0.0,0.0,-13.517736707315182
855,1,0.0,0.0,0.0,0.0,-0.9675467465572183
855,2,0.0,0.0,0.0,0.0,-0.04771279131455756
855,3,0.0,0.0,0.0,0.0,0.0
855,4,0.0,0.0,0.0,0.0,0.0
856,0,0.0,-0.009996886782820468,0.0,0.0,-13.524718979280427
856,1,0.0,0.0,0.0,0.0,-0.9675467465572183
856,2,0.0,0.0,0.0,0.0,-0.04771279131455756
856,3,0.0,0.0,0.0,0.0,0.0
856,4,0.0,0.0,0.0,0.0,0.0
857,0,0.0,-0.009996886782820468,0.0,0.0,-13.541604864440947
857,1,0.0,0.0,0.0,0.0,-0.9675467465572183
857,2,0.0,0.0,0.0,0.0,-0.04771279131455756
857,3,0.0,0.0,0.0,0.0,0.0
857,4,0.0,0.0,0.0,0.0,0.0
858,0,0.0,-0.009996886782820468,0.0,0.0,-13.548012833082856
858,1,0.0,0.0,0.0,0.0,-0.9675467465572183
858,2,0.0,0.0,0.0,0.0,-0.04771279131455756
858,3,0.0,0.0,0.0,0.0,0.0
858,4,0.0,0.0,0.0,0.0,0.0
859,0,0.0,-0.009996886782820468,0.0,0.0,-13.551504189497809
859,1,0.0,0.0,0.0,0.0,-0.9675467465572183
859,2,0.0,0.0,0.0,0.0,-0.04771279131455756
859,3,0.0,0.0,0.0,0.0,0.0
859,4,0.0,0.0,0.0,0.0,0.0
860,0,0.0,-0.009996886782820468,0.0,0.0,-13.556140600810068
860,1,0.0,0.0,0.0,0.0,-0.9675467465572183
860,2,0.0,0.0,0.0,0.0,-0.04771279131455756
860,3,0.0,0.0,0.0,0.0,0.0
860,4,0.0,0.0,0.0,0.0,0.0
861,0,0.0,-0.009996886782820468,0.0,0.0,-13.55308391755687
861,1,0.0,0.0,0.0,0.0,-0.9675467465572183
861,2,0.0,0.0,0.0,0.0,-0.04771279131455756
861,3,0.0,0.0,0.0,0.0,0.0
861,4,0.0,0.0,0.0,0.0,0.0
862,0,0.0,-0.009996886782820468,0.0,0.0,-13.555258381839339
862,1,0.0,0.0,0.0,0.0,-0.9675467465572183
862,2,0.0,0.0,0.0,0.0,-0.04771279131455756
862,3,0.0,0.0,0.0,0.0,0.0
862,4,0.0,0.0,0.0,0.0,0.0
863,0,0.0,-0.009996886782820468,0.0,0.0,-13.557330825014558
863,1,0.0,0.0,0.0,0.0,-0.9675467465572183
863,2,0.0,0.0,0.0,0.0,-0.04771279131455756
863,3,0.0,0.0,0.0,0.0,0.0
863,4,0.0,0.0,0.0,0.0,0.0
864,0,0.0,-0.009996886782820468,0.0,0.0,-13.563243899036818
864,1,0.0,0.0,0.0,0.0,-0.9675467465572183
864,2,0.0,0.0,0.0,0.0,-0.04771279131455756
864,3,0.0,0.0,0.0,0.0,0.0
864,4,0.0,0.0,0.0,0.0,0.0
865,0,0.0,-0.009996886782820468,0.0,0.0,-13.565035236889877
865,1,0.0,0.0,0.0,0.0,-0.9675467465572183
865,2,0.0,0.0,0.0,0.0,-0.04771279131455756
865,3,0.0,0.0,0.0,0.0,0.0
865,4,0.0,0.0,0.0,0.0,0.0
866,0,0.0,-0.009996886782820468,0.0,0.0,-13.566481722902727
866,1,0.0,0.0,0.0,0.0,-0.9675467465572183
866,2,0.0,0.0,0.0,0.0,-0.04771279131455756
866,3,0.0,0.0,0.0,0.0,0.0
866,4,0.0,0.0,0.0,0.0,0.0
867,0,0.0,-0.009996886782820468,0.0,0.0,-13.571158212223786
867,1,0.0,0.0,0.0,0.0,-0.9675467465572183
867,2,0.0,0.0,0.0,0.0,-0.04771279131455756
867,3,0.0,0.0,0.0,0.0,0.0
867,4,0.0,0.0,0.0,0.0,0.0
868,0,0.0,-0.009996886782820468,0.0,0.0,-13.57423095936264
868,1,0.0,0.0,0.0,0.0,-0.9675467465572183
868,2,0.0,0.0,0.0,0.0,-0.04771279131455756
868,3,0.0,0.0,0.0,0.0,0.0
868,4,0.0,0.0,0.0,0.0,0.0
869,0,0.0,-0.009996886782820468,0.0,0.0,-13.575459536422112
869,1,0.0,0.0,0.0,0.0,-0.9675467465572183
869,2,0.0,0.0,0.0,0.0,-0.04771279131455756
869,3,0.0,0.0,0.0,0.0,0.0
869,4,0.0,0.0,0.0,0.0,0.0
870,0,0.0,-0.009996886782820468,0.0,0.0,-13.577467910416162
870,1,0.0,0.0,0.0,0.0,-0.9675467465572183
870,2,0.0,0.0,0.0,0.0,-0.04771279131455756
870,3,0.0,0.0,0.0,0.0,0.0
870,4,0.0,0.0,0.0,0.0,0.0
871,0,0.0,-0.009996886782820468,0.0,0.0,-13.586675076042
871,1,0.0,0.0,0.0,0.0,-0.9675467465572183
871,2,0.0,0.0,0.0,0.0,-0.04771279131455756
871,3,0.0,0.0,0.0,0.0,0.0
871,4,0.0,0.0,0.0,0.0,0.0
872,0,0.0,-0.009996886782820468,0.0,0.0,-13.599314312185674
872,1,0.0,0.0,0.0,0.0,-0.9675467465572183
872,2,0.0,0.0,0.0,0.0,-0.04771279131455756
872,3,0.0,0.0,0.0,0.0,0.0
872,4,0.0,0.0,0.0,0.0,0.0
873,0,0.0,-0.009996886782820468,0.0,0.0,-13.601018404725101
873,1,0.0,0.0,0.0,0.0,-0.9675467465572183
873,2,0.0,0.0,0.0,0.0,-0.04771279131455756
873,3,0.0,0.0,0.0,0.0,0.0
873,4,0.0,0.0,0.0,0.0,0.0
874,0,0.0,-0.009996886782820468,0.0,0.0,-13.605716543342643
874,1,0.0,0.0,0.0,0.0,-0.9675467465572183
874,2,0.0,0.0,0.0,0.0,-0.04771279131455756
874,3,0.0,0.0,0.0,0.0,0.0
874,4,0.0,0.0,0.0,0.0,0.0
875,0,0.0,-0.009996886782820468,0.0,0.0,-13.611061078615892
875,1,0.0,0.0,0.0,0.0,-0.9675467465572183
875,2,0.0,0.0,0.0,0.0,-0.04771279131455756
875,3,0.0,0.0,0.0,0.0,0.0
875,4,0.0,0.0,0.0,0.0,0.0
876,0,0.0,-0.009996886782820468,0.0,0.0,-13.619131945117935
876,1,0.0,0.0,0.0,0.0,-0.9675467465572183
876,2,0.0,0.0,0.0,0.0,-0.04771279131455756
876,3,0.0,0.0,0.0,0.0,0.0
876,4,0.0,0.0,0.0,0.0,0.0
877,0,0.0,-0.009996886782820468,0.0,0.0,-13.620932869887852
877,1,0.0,0.0,0.0,0.0,-0.9675467465572183
877,2,0.0,0.0,0.0,0.0,-0.04771279131455756
877,3,0.0,0.0,0.0,0.0,0.0
877,4,0.0,0.0,0.0,0.0,0.0
878,0,0.0,-0.009996886782820468,0.0,0.0,-13.629849150705855
878,1,0.0,0.0,0.0,0.0,-0.9675467465572183
878,2,0.0,0.0,0.0,0.0,-0.04771279131455756
878,3,0.0,0.0,0.0,0.0,0.0
878,4,0.0,0.0,0.0,0.0,0.0
879,0,0.0,-0.009996886782820468,0.0,0.0,-13.628321143693446
879,1,0.0,0.0,0.0,0.0,-0.9675467465572183
879,2,0.0,0.0,0.0,0.0,-0.04771279131455756
879,3,0.0,0.0,0.0,0.0,0.0
879,4,0.0,0.0,0.0,0.0,0.0
880,0,0.0,-0.009996886782820468,0.0,0.0,-13.631944138849617
880,1,0.0,0.0,0.0,0.0,-0.9675467465572183
880,2,0.0,0.0,0.0,0.0,-0.04771279131455756
880,3,0.0,0.0,0.0,0.0,0.0
880,4,0.0,0.0,0.0,0.0,0.0
881,0,0.0,-0.009996886782820468,0.0,0.0,-13.63238603432439
881,1,0.0,0.0,0.0,0.0,-0.9675467465572183
881,2,0.0,0.0,0.0,0.0,-0.04771279131455756
881,3,0.0,0.0,0.0,0.0,0.0
881,4,0.0,0.0,0.0,0.0,0.0
882,0,0.0,-0.009996886782820468,0.0,0.0,-13.634194569119071
882,1,0.0,0.0,0.0,0.0,-0.9675467465572183
882,2,0.0,0.0,0.0,0.0,-0.04771279131455756
882,3,0.0,0.0,0.0,0.0,0.0
882,4,0.0,0.0,0.0,0.0,0.0
883,0,0.0,-0.009996886782820468,0.0,0.0,-13.63628506843263
883,1,0.0,0.0,0.0,0.0,-0.9675467465572183
883,2,0.0,0.0,0.0,0.0,-0.04771279131455756
883,3,0.0,0.0,0.0,0.0,0.0
883,4,0.0,0.0,0.0,0.0,0.0
884,0,0.0,-0.009996886782820468,0.0,0.0,-13.643590103791134
884,1,0.0,0.0,0.0,0.0,-0.9675467465572183
884,2,0.0,0.0,0.0,0.0,-0.04771279131455756
884,3,0.0,0.0,0.0,0.0,0.0
884,4,0.0,0.0,0.0,0.0,0.0
885,0,0.0,-0.009996886782820468,0.0,0.0,-13.6413519884952
885,1,0.0,0.0,0.0,0.0,-0.9675467465572183
885,2,0.0,0.0,0.0,0.0,-0.04771279131455756
885,3,0.0,0.0,0.0,0.0,0.0
885,4,0.0,0.0,0.0,0.0,0.0
886,0,0.0,-0.009996886782820468,0.0,0.0,-13.639629094972506
886,1,0.0,0.0,0.0,0.0,-0.9675467465572183
886,2,0.0,0.0,0.0,0.0,-0.04771279131455756
886,3,0.0,0.0,0.0,0.0,0.0
886,4,0.0,0.0,0.0,0.0,0.0
887,0,0.0,-0.009996886782820468,0.0,0.0,-13.638937049307874
887,1,0.0,0.0,0.0,0.0,-0.9675467465572183
887,2,0.0,0.0,0.0,0.0,-0.04771279131455756
887,3,0.0,0.0,0.0,0.0,0.0
887,4,0.0,0.0,0.0,0.0,0.0
888,0,0.0,-0.009996886782820468,0.0,0.0,-13.650692474922748
888,1,0.0,0.0,0.0,0.0,-0.9675467465572183
888,2,0.0,0.0,0.0,0.0,-0.04771279131455756
888,3,0.0,0.0,0.0,0.0,0.0
888,4,0.0,0.0,0.0,0.0,0.0
889,0,0.0,-0.009996886782820468,0.0,0.0,-13.656532448843723
889,1,0.0,0.0,0.0,0.0,-0.9675467465572183
889,2,0.0,0.0,0.0,0.0,-0.04771279131455756
889,3,0.0,0.0,0.0,0.0,0.0
889,4,0.0,0.0,0.0,0.0,0.0
890,0,0.0,-0.01135183663496612,0.0,0.0,-13.656532448843723
890,1,0.0,0.0,0.0,0.0,-1.0106885174145699
890,2,0.0,0.0,0.0,0.0,-0.04771279131455756
890,3,0.0,0.0,0.0,0.0,0.0
890,4,0.0,0.0,0.0,0.0,0.0
891,0,0.0,-0.01135183663496612,0.0,0.0,-13.670903547559023
891,1,0.0,0.0,0.0,0.0,-1.0106885174145699
891,2,0.0,0.0,0.0,0.0,-0.04771279131455756
891,3,0.0,0.0,0.0,0.0,0.0
891,4,0.0,0.0,0.0,0.0,0.0
892,0,0.0,-0.01135183663496612,0.0,0.0,-13.683750375247172
892,1,0.0,0.0,0.0,0.0,-1.0106885174145699
892,2,0.0,0.0,0.0,0.0,-0.04771279131455756
892,3,0.0,0.0,0.0,0.0,0.0
892,4,0.0,0.0,0.0,0.0,0.0
893,0,0.0,-0.01135183663496612,0.0,0.0,-13.685440606968768
893,1,0.0,0.0,0.0,0.0,-1.0106885174145699
893,2,0.0,0.0,0.0,0.0,-0.04771279131455756
893,3,0.0,0.0,0.0,0.0,0.0
893,4,0.0,0.0,0.0,0.0,0.0
894,0,0.0,-0.01135183663496612,0.0,0.0,-13.690906198386513
894,1,0.0,0.0,0.0,0.0,-1.0106885174145699
894,2,0.0,0.0,0.0,0.0,-0.04771279131455756
894,3,0.0,0.0,0.0,0.0,0.0
894,4,0.0,0.0,0.0,0.0,0.0
895,0,0.0,-0.01135183663496612,0.0,0.0,-13.692486559892686
895,1,0.0,0.0,0.0,0.0,-1.0106885174145699
895,2,0.0,0.0,0.0,0.0,-0.04771279131455756
895,3,0.0,0.0,0.0,0.0,0.0
895,4,0.0,0.0,0.0,0.0,0.0
896,0,0.0,-0.01135183663496612,0.0,0.0,-13.693064842536248
896,1,0.0,0.0,0.0,0.0,-1.0106885174145699
896,2,0.0,0.0,0.0,0.0,-0.04771279131455756
896,3,0.0,0.0,0.0,0.0,0.0
896,4,0.0,0.0,0.0,0.0,0.0
897,0,0.0,-0.01135183663496612,0.0,0.0,-13.694003365007813
897,1,0.0,0.0,0.0,0.0,-1.0106885174145699
897,2,0.0,0.0,0.0,0.0,-0.04771279131455756
897,3,0.0,0.0,0.0,0.0,0.0
897,4,0.0,0.0,0.0,0.0,0.0
898,0,0.0,-0.01135183663496612,0.0,0.0,-13.693492768857169
898,1,0.0,0.0,0.0,0.0,-1.0106885174145699
898,2,0.0,0.0,0.0,0.0,-0.04771279131455756
898,3,0.0,0.0,0.0,0.0,0.0
898,4,0.0,0.0,0.0,0.0,0.0
899,0,0.0,-0.01135183663496612,0.0,0.0,-13.700841196024362
899,1,0.0,0.0,0.0,0.0,-1.0106885174145699
899,2,0.0,0.0,0.0,0.0,-0.04771279131455756
899,3,0.0,0.0,0.0,0.0,0.0
899,4,0.0,0.0,0.0,0.0,0.0
900,0,0.0,-0.01135183663496612,0.0,0.0,-13.707906412811425
900,1,0.0,0.0,0.0,0.0,-1.0106885174145699
900,2,0.0,0.0,0.0,0.0,-0.04771279131455756
900,3,0.0,0.0,0.0,0.0,0.0
900,4,0.0,0.0,0.0,0.0,0.0
901,0,0.0,-0.01135183663496612,0.0,0.0,-13.71390636705657
901,1,0.0,0.0,0.0,0.0,-1.0106885174145699
901,2,0.0,0.0,0.0,0.0,-0.04771279131455756
901,3,0.0,0.0,0.0,0.0,0.0
901,4,0.0,0.0,0.0,0.0,0.0
902,0,0.0,-0.01135183663496612,0.0,0.0,-13.727263656901892
902,1,0.0,0.0,0.0,0.0,-1.0106885174145699
902,2,0.0,0.0,0.0,0.0,-0.04771279131455756
902,3,0.0,0.0,0.0,0.0,0.0
902,4,0.0,0.0,0.0,0.0,0.0
903,0,0.0,-0.01135183663496612,0.0,0.0,-13.730753371641184
903,1,0.0,0.0,0.0,0.0,-1.0106885174145699
903,2,0.0,0.0,0.0,0.0,-0.04771279131455756
903,3,0.0,0.0,0.0,0.0,0.0
903,4,0.0,0.0,0.0,0.0,0.0
904,0,0.0,-0.01135183663496612,0.0,0.0,-13.73464068067483
904,1,0.0,0.0,0.0,0.0,-1.0106885174145699
904,2,0.0,0.0,0.0,0.0,-0.04771279131455756
904,3,0.0,0.0,0.0,0.0,0.0
904,4,0.0,0.0,0.0,0.0,0.0
905,0,0.0,-0.01135183663496612,0.0,0.0,-13.744043055855673
905,1,0.0,0.0,0.0,0.0,-1.0106885174145699
905,2,0.0,0.0,0.0,0.0,-0.04771279131455756
905,3,0.0,0.0,0.0,0.0,0.0
905,4,0.0,0.0,0.0,0.0,0.0
906,0,0.0,-0.01135183663496612,0.0,0.0,-13.75363415702677
906,1,0.0,0.0,0.0,0.0,-1.0106885174145699
906,2,0.0,0.0,0.0,0.0,-0.04771279131455756
906,3,0.0,0.0,0.0,0.0,0.0
906,4,0.0,0.0,0.0,0.0,0.0
907,0,0.0,-0.01135183663496612,0.0,0.0,-13.75428985976417
907,1,0.0,0.0,0.0,0.0,-1.0106885174145699
907,2,0.0,0.0,0.0,0.0,-0.04771279131455756
907,3,0.0,0.0,0.0,0.0,0.0
907,4,0.0,0.0,0.0,0.0,0.0
908,0,0.0,-0.01135183663496612,0.0,0.0,-13.749567228511593
908,1,0.0,0.0,0.0,0.0,-1.0106885174145699
908,2,0.0,0.0,0.0,0.0,-0.04771279131455756
908,3,0.0,0.0,0.0,0.0,0.0
908,4,0.0,0.0,0.0,0.0,0.0
909,0,0.0,-0.01135183663496612,0.0,0.0,-13.749278653339058
909,1,0.0,0.0,0.0,0.0,-1.0106885174145699
909,2,0.0,0.0,0.0,0.0,-0.04771279131455756
909,3,0.0,0.0,0.0,0.0,0.0
909,4,0.0,0.0,0.0,0.0,0.0
910,0,0.0,-0.01135183663496612,0.0,0.0,-13.752911816616791
910,1,0.0,0.0,0.0,0.0,-1.0106885174145699
910,2,0.0,0.0,0.0,0.0,-0.04771279131455756
910,3,0.0,0.0,0.0,0.0,0.0
910,4,0.0,0.0,0.0,0.0,0.0
911,0,0.0,-0.01135183663496612,0.0,0.0,-13.753673822001252
911,1,0.0,0.0,0.0,0.0,-1.0106885174145699
911,2,0.0,0.0,0.0,0.0,-0.04771279131455756
911,3,0.0,0.0,0.0,0.0,0.0
911,4,0.0,0.0,0.0,0.0,0.0
912,0,0.0,-0.01135183663496612,0.0,0.0,-13.771618117600289
912,1,0.0,0.0,0.0,0.0,-1.0106885174145699
912,2,0.0,0.0,0.0,0.0,-0.04771279131455756
912,3,0.0,0.0,0.0,0.0,0.0
912,4,0.0,0.0,0.0,0.0,0.0
913,0,0.0,-0.01135183663496612,0.0,0.0,-13.773383518157141
913,1,0.0,0.0,0.0,0.0,-1.0106885174145699
913,2,0.0,0.0,0.0,0.0,-0.04771279131455756
913,3,0.0,0.0,0.0,0.0,0.0
913,4,0.0,0.0,0.0,0.0,0.0
914,0,0.0,-0.01135183663496612,0.0,0.0,-13.784579555720725
914,1,0.0,0.0,0.0,0.0,-1.0106885174145699
914,2,0.0,0.0,0.0,0.0,-0.04771279131455756
914,3,0.0,0.0,0.0,0.0,0.0
914,4,0.0,0.0,0.0,0.0,0.0
915,0,0.0,-0.01135183663496612,0.0,0.0,-13.77836755281246
915,1,0.0,0.0,0.0,0.0,-1.0106885174145699
915,2,0.0,0.0,0.0,0.0,-0.04771279131455756
915,3,0.0,0.0,0.0,0.0,0.0
915,4,0.0,0.0,0.0,0.0,0.0
916,0,0.0,-0.01135183663496612,0.0,0.0,-13.7788626093426
916,1,0.0,0.0,0.0,0.0,-1.0106885174145699
916,2,0.0,0.0,0.0,0.0,-0.04771279131455756
916,3,0.0,0.0,0.0,0.0,0.0
916,4,0.0,0.0,0.0,0.0,0.0
917,0,0.0,-0.01135183663496612,0.0,0.0,-13.786254246705472
917,1,0.0,0.0,0.0,0.0,-1.0106885174145699
917,2,0.0,0.0,0.0,0.0,-0.04771279131455756
917,3,0.0,0.0,0.0,0.0,0.0
917,4,0.0,0.0,0.0,0.0,0.0
918,0,0.0,-0.01135183663496612,0.0,0.0,-13.786244643239746
918,1,0.0,0.0,0.0,0.0,-1.0106885174145699
918,2,0.0,0.0,0.0,0.0,-0.04771279131455756
918,3,0.0,0.0,0.0,0.0,0.0
918,4,0.0,0.0,0.0,0.0,0.0
919,0,0.0,-0.01135183663496612,0.0,0.0,-13.798942545195187
919,1,0.0,0.0,0.0,0.0,-1.0106885174145699
919,2,0.0,0.0,0.0,0.0,-0.04771279131455756
919,3,0.0,0.0,0.0,0.0,0.0
919,4,0.0,0.0,0.0,0.0,0.0
920,0,0.0,-0.01135183663496612,0.0,0.0,-13.801818621820944
920,1,0.0,0.0,0.0,0.0,-1.0106885174145699
920,2,0.0,0.0,0.0,0.0,-0.04771279131455756
920,3,0.0,0.0,0.0,0.0,0.0
920,4,0.0,0.0,0.0,0.0,0.0
921,0,0.0,-0.01135183663496612,0.0,0.0,-13.811543888524136
921,1,0.0,0.0,0.0,0.0,-1.0106885174145699
921,2,0.0,0.0,0.0,0.0,-0.04771279131455756
921,3,0.0,0.0,0.0,0.0,0.0
921,4,0.0,0.0,0.0,0.0,0.0
922,0,0.0,-0.01135183663496612,0.0,0.0,-13.818745023407743
922,1,0.0,0.0,0.0,0.0,-1.0106885174145699
922,2,0.0,0.0,0.0,0.0,-0.04771279131455756
922,3,0.0,0.0,0.0,0.0,0.0
922,4,0.0,0.0,0.0,0.0,0.0
923,0,0.0,-0.01135183663496612,0.0,0.0,-13.846881957220578
923,1,0.0,0.0,0.0,0.0,-1.0106885174145699
923,2,0.0,0.0,0.0,0.0,-0.04771279131455756
923,3,0.0,0.0,0.0,0.0,0.0
923,4,0.0,0.0,0.0,0.0,0.0
924,0,0.0,-0.01135183663496612,0.0,0.0,-13.848736864992901
924,1,0.0,0.0,0.0,0.0,-1.0106885174145699
924,2,0.0,0.0,0.0,0.0,-0.04771279131455756
924,3,0.0,0.0,0.0,0.0,0.0
924,4,0.0,0.0,0.0,0.0,0.0
925,0,0.0,-0.01135183663496612,0.0,0.0,-13.852938010026884
925,1,0.0,0.0,0.0,0.0,-1.0106885174145699
925,2,0.0,0.0,0.0,0.0,-0.04771279131455756
925,3,0.0,0.0,0.0,0.0,0.0
925,4,0.0,0.0,0.0,0.0,0.0
926,0,0.0,-0.01135183663496612,0.0,0.0,-13.855772133559634
926,1,0.0,0.0,0.0,0.0,-1.0106885174145699
926,2,0.0,0.0,0.0,0.0,-0.04771279131455756
926,3,0.0,0.0,0.0,0.0,0.0
926,4,0.0,0.0,0.0,0.0,0.0
927,0,0.0,-0.01135183663496612,0.0,0.0,-13.862773492315842
927,1,0.0,0.0,0.0,0.0,-1.0106885174145699
927,2,0.0,0.0,0.0,0.0,-0.04771279131455756
927,3,0.0,0.0,0.0,0.0,0.0
927,4,0.0,0.0,0.0,0.0,0.0
928,0,0.0,-0.01135183663496612,0.0,0.0,-13.87657696988405
928,1,0.0,0.0,0.0,0.0,-1.0106885174145699
928,2,0.0,0.0,0.0,0.0,-0.04771279131455756
928,3,0.0,0.0,0.0,0.0,0.0
928,4,0.0,0.0,0.0,0.0,0.0
929,0,0.0,-0.01135183663496612,0.0,0.0,-13.884850307291824
929,1,0.0,0.0,0.0,0.0,-1.0106885174145699
929,2,0.0,0.0,0.0,0.0,-0.04771279131455756
929,3,0.0,0.0,0.0,0.0,0.0
929,4,0.0,0.0,0.0,0.0,0.0
930,0,0.0,-0.01135183663496612,0.0,0.0,-13.897375405768692
930,1,0.0,0.0,0.0,0.0,-1.0106885174145699
930,2,0.0,0.0,0.0,0.0,-0.04771279131455756
930,3,0.0,0.0,0.0,0.0,0.0
930,4,0.0,0.0,0.0,0.0,0.0
931,0,0.0,-0.01135183663496612,0.0,0.0,-13.901603933300995
931,1,0.0,0.0,0.0,0.0,-1.0106885174145699
931,2,0.0,0.0,0.0,0.0,-0.04771279131455756
931,3,0.0,0.0,0.0,0.0,0.0
931,4,0.0,0.0,0.0,0.0,0.0
932,0,0.0,-0.01135183663496612,0.0,0.0,-13.903207149088091
932,1,0.0,0.0,0.0,0.0,-1.0106885174145699
932,2,0.0,0.0,0.0,0.0,-0.04771279131455756
932,3,0.0,0.0,0.0,0.0,0.0
932,4,0.0,0.0,0.0,0.0,0.0
933,0,0.0,-0.01135183663496612,0.0,0.0,-13.90162694400959
933,1,0.0,0.0,0.0,0.0,-1.0106885174145699
933,2,0.0,0.0,0.0,0.0,-0.04771279131455756
933,3,0.0,0.0,0.0,0.0,0.0
933,4,0.0,0.0,0.0,0.0,0.0
934,0,0.0,-0.01135183663496612,0.0,0.0,-13.913782540776646
934,1,0.0,0.0,0.0,0.0,-1.0106885174145699
934,2,0.0,0.0,0.0,0.0,-0.04771279131455756
934,3,0.0,0.0,0.0,0.0,0.0
934,4,0.0,0.0,0.0,0.0,0.0
935,0,0.0,-0.01135183663496612,0.0,0.0,-13.917885731064562
935,1,0.0,0.0,0.0,0.0,-1.0106885174145699
935,2,0.0,0.0,0.0,0.0,-0.04771279131455756
935,3,0.0,0.0,0.0,0.0,0.0
935,4,0.0,0.0,0.0,0.0,0.0
936,0,0.0,-0.01135183663496612,0.0,0.0,-13.922845588714418
936,1,0.0,0.0,0.0,0.0,-1.0106885174145699
936,2,0.0,0.0,0.0,0.0,-0.04771279131455756
936,3,0.0,0.0,0.0,0.0,0.0
936,4,0.0,0.0,0.0,0.0,0.0
937,0,0.0,-0.01135183663496612,0.0,0.0,-13.926259372817881
937,1,0.0,0.0,0.0,0.0,-1.0106885174145699
937,2,0.0,0.0,0.0,0.0,-0.04771279131455756
937,3,0.0,0.0,0.0,0.0,0.0
937,4,0.0,0.0,0.0,0.0,0.0
938,0,0.0,-0.01135183663496612,0.0,0.0,-13.929263263484787
938,1,0.0,0.0,0.0,0.0,-1.0106885174145699
938,2,0.0,0.0,0.0,0.0,-0.04771279131455756
938,3,0.0,0.0,0.0,0.0,0.0
938,4,0.0,0.0,0.0,0.0,0.0
939,0,0.0,-0.01135183663496612,0.0,0.0,-13.93240443676664
939,1,0.0,0.0,0.0,0.0,-1.0106885174145699
939,2,0.0,0.0,0.0,0.0,-0.04771279131455756
939,3,0.0,0.0,0.0,0.0,0.0
939,4,0.0,0.0,0.0,0.0,0.0
940,0,0.0,-0.01135183663496612,0.0,0.0,-13.936724012005156
940,1,0.0,0.0,0.0,0.0,-1.0106885174145699
940,2,0.0,0.0,0.0,0.0,-0.04771279131455756
940,3,0.0,0.0,0.0,0.0,0.0
940,4,0.0,0.0,0.0,0.0,0.0
941,0,0.0,-0.01135183663496612,0.0,0.0,-13.938679981788159
941,1,0.0,0.0,0.0,0.0,-1.0106885174145699
941,2,0.0,0.0,0.0,0.0,-0.04771279131455756
941,3,0.0,0.0,0.0,0.0,0.0
941,4,0.0,0.0,0.0,0.0,0.0
942,0,0.0,-0.01135183663496612,0.0,0.0,-13.953939712314673
942,1,0.0,0.0,0.0,0.0,-1.0106885174145699
942,2,0.0,0.0,0.0,0.0,-0.04771279131455756
942,3,0.0,0.0,0.0,0.0,0.0
942,4,0.0,0.0,0.0,0.0,0.0
943,0,0.0,-0.01135183663496612,0.0,0.0,-13.95476239612214
943,1,0.0,0.0,0.0,0.0,-1.0106885174145699
943,2,0.0,0.0,0.0,0.0,-0.04771279131455756
943,3,0.0,0.0,0.0,0.0,0.0
943,4,0.0,0.0,0.0,0.0,0.0
944,0,0.0,-0.01135183663496612,0.0,0.0,-13.964439893272214
944,1,0.0,0.0,0.0,0.0,-1.0106885174145699
944,2,0.0,0.0,0.0,0.0,-0.04771279131455756
944,3,0.0,0.0,0.0,0.0,0.0
944,4,0.0,0.0,0.0,0.0,0.0
945,0,0.0,-0.01135183663496612,0.0,0.0,-13.96539108362669
945,1,0.0,0.0,0.0,0.0,-1.0106885174145699
945,2,0.0,0.0,0.0,0.0,-0.04771279131455756
945,3,0.0,0.0,0.0,0.0,0.0
945,4,0.0,0.0,0.0,0.0,0.0
946,0,0.0,-0.01135183663496612,0.0,0.0,-13.96593043605448
946,1,0.0,0.0,0.0,0.0,-1.0106885174145699
946,2,0.0,0.0,0.0,0.0,-0.04771279131455756
946,3,0.0,0.0,0.0,0.0,0.0
946,4,0.0,0.0,0.0,0.0,0.0
947,0,0.0,-0.01135183663496612,0.0,0.0,-13.964584568376646
947,1,0.0,0.0,0.0,0.0,-1.0106885174145699
947,2,0.0,0.0,0.0,0.0,-0.04771279131455756
947,3,0.0,0.0,0.0,0.0,0.0
947,4,0.0,0.0,0.0,0.0,0.0
948,0,0.0,-0.01135183663496612,0.0,0.0,-13.964655642098533
948,1,0.0,0.0,0.0,0.0,-1.0106885174145699
948,2,0.0,0.0,0.0,0.0,-0.04771279131455756
948,3,0.0,0.0,0.0,0.0,0.0
948,4,0.0,0.0,0.0,0.0,0.0
949,0,0.0,-0.01135183663496612,0.0,0.0,-13.963666548021164
949,1,0.0,0.0,0.0,0.0,-1.0106885174145699
949,2,0.0,0.0,0.0,0.0,-0.04771279131455756
949,3,0.0,0.0,0.0,0.0,0.0
949,4,0.0,0.0,0.0,0.0,0.0
950,0,0.0,-0.01135183663496612,0.0,0.0,-13.968892682828235
950,1,0.0,0.0,0.0,0.0,-1.0106885174145699
950,2,0.0,0.0,0.0,0.0,-0.04771279131455756
950,3,0.0,0.0,0.0,0.0,0.0
950,4,0.0,0.0,0.0,0.0,0.0
951,0,0.0,-0.01135183663496612,0.0,0.0,-13.978460632059017
951,1,0.0,0.0,0.0,0.0,-1.0106885174145699
951,2,0.0,0.0,0.0,0.0,-0.04771279131455756
951,3,0.0,0.0,0.0,0.0,0.0
951,4,0.0,0.0,0.0,0.0,0.0
952,0,0.0,-0.01135183663496612,0.0,0.0,-13.984746297375786
952,1,0.0,0.0,0.0,0.0,-1.0106885174145699
952,2,0.0,0.0,0.0,0.0,-0.04771279131455756
952,3,0.0,0.0,0.0,0.0,0.0
952,4,0.0,0.0,0.0,0.0,0.0
953,0,0.0,-0.01135183663496612,0.0,0.0,-13.984764335255147
953,1,0.0,0.0,0.0,0.0,-1.0106885174145699
953,2,0.0,0.0,0.0,0.0,-0.04771279131455756
953,3,0.0,0.0,0.0,0.0,0.0
953,4,0.0,0.0,0.0,0.0,0.0
954,0,0.0,-0.01135183663496612,0.0,0.0,-13.997050812421373
954,1,0.0,0.0,0.0,0.0,-1.0106885174145699
954,2,0.0,0.0,0.0,0.0,-0.04771279131455756
954,3,0.0,0.0,0.0,0.0,0.0
954,4,0.0,0.0,0.0,0.0,0.0
955,0,0.0,-0.01135183663496612,0.0,0.0,-13.998038009751609
955,1,0.0,0.0,0.0,0.0,-1.0106885174145699
955,2,0.0,0.0,0.0,0.0,-0.04771279131455756
955,3,0.0,0.0,0.0,0.0,0.0
955,4,0.0,0.0,0.0,0.0,0.0
956,0,0.0,-0.01135183663496612,0.0,0.0,-14.0016258671195
956,1,0.0,0.0,0.0,0.0,-1.0106885174145699
956,2,0.0,0.0,0.0,0.0,-0.04771279131455756
956,3,0.0,0.0,0.0,0.0,0.0
956,4,0.0,0.0,0.0,0.0,0.0
957,0,0.0,-0.01135183663496612,0.0,0.0,-14.003472778284427
957,1,0.0,0.0,0.0,0.0,-1.0106885174145699
957,2,0.0,0.0,0.0,0.0,-0.04771279131455756
957,3,0.0,0.0,0.0,0.0,0.0
957,4,0.0,0.0,0.0,0.0,0.0
958,0,0.0,-0.01135183663496612,0.0,0.0,-14.018213126207415
958,1,0.0,0.0,0.0,0.0,-1.0106885174145699
958,2,0.0,0.0,0.0,0.0,-0.04771279131455756
958,3,0.0,0.0,0.0,0.0,0.0
958,4,0.0,0.0,0.0,0.0,0.0
959,0,0.0,-0.01135183663496612,0.0,0.0,-14.026772452072954
959,1,0.0,0.0,0.0,0.0,-1.0106885174145699
959,2,0.0,0.0,0.0,0.0,-0.04771279131455756
959,3,0.0,0.0,0.0,0.0,0.0
959,4,0.0,0.0,0.0,0.0,0.0
960,0,0.0,-0.01135183663496612,0.0,0.0,-14.03457156700058
960,1,0.0,0.0,0.0,0.0,-1.0106885174145699
960,2,0.0,0.0,0.0,0.0,-0.04771279131455756
960,3,0.0,0.0,0.0,0.0,0.0
960,4,0.0,0.0,0.0,0.0,0.0
961,0,0.0,-0.01135183663496612,0.0,0.0,-14.037113687614132
961,1,0.0,0.0,0.0,0.0,-1.0106885174145699
961,2,0.0,0.0,0.0,0.0,-0.04771279131455756
961,3,0.0,0.0,0.0,0.0,0.0
961,4,0.0,0.0,0.0,0.0,0.0
962,0,0.0,-0.01135183663496612,0.0,0.0,-14.040276242433942
962,1,0.0,0.0,0.0,0.0,-1.0106885174145699
962,2,0.0,0.0,0.0,0.0,-0.04771279131455756
962,3,0.0,0.0,0.0,0.0,0.0
962,4,0.0,0.0,0.0,0.0,0.0
963,0,0.0,-0.01135183663496612,0.0,0.0,-14.043970182924935
963,1,0.0,0.0,0.0,0.0,-1.0106885174145699
963,2,0.0,0.0,0.0,0.0,-0.04771279131455756
963,3,0.0,0.0,0.0,0.0,0.0
963,4,0.0,0.0,0.0,0.0,0.0
964,0,0.0,-0.01135183663496612,0.0,0.0,-14.054372737700891
964,1,0.0,0.0,0.0,0.0,-1.0106885174145699
964,2,0.0,0.0,0.0,0.0,-0.04771279131455756
964,3,0.0,0.0,0.0,0.0,0.0
964,4,0.0,0.0,0.0,0.0,0.0
965,0,0.0,-0.01135183663496612,0.0,0.0,-14.054088211263268
965,1,0.0,0.0,0.0,0.0,-1.0106885174145699
965,2,0.0,0.0,0.0,0.0,-0.04771279131455756
965,3,0.0,0.0,0.0,0.0,0.0
965,4,0.0,0.0,0.0,0.0,0.0
966,0,0.0,-0.012801556230079334,0.0,0.0,-14.054088211263268
966,1,0.0,0.0,0.0,0.0,-1.061970559201773
966,2,0.0,0.0,0.0,0.0,-0.04771279131455756
966,3,0.0,0.0,0.0,0.0,0.0
966,4,0.0,0.0,0.0,0.0,0.0
967,0,0.0,-0.012801556230079334,0.0,0.0,-14.070035917431069
967,1,0.0,0.0,0.0,0.0,-1.061970559201773
967,2,0.0,0.0,0.0,0.0,-0.04771279131455756
967,3,0.0,0.0,0.0,0.0,0.0
967,4,0.0,0.0,0.0,0.0,0.0
968,0,0.0,-0.012801556230079334,0.0,0.0,-14.066963914421905
968,1,0.0,0.0,0.0,0.0,-1.061970559201773
968,2,0.0,0.0,0.0,0.0,-0.04771279131455756
968,3,0.0,0.0,0.0,0.0,0.0
968,4,0.0,0.0,0.0,0.0,0.0
969,0,0.0,-0.012801556230079334,0.0,0.0,-14.071299615901141
969,1,0.0,0.0,0.0,0.0,-1.061970559201773
969,2,0.0,0.0,0.0,0.0,-0.04771279131455756
969,3,0.0,0.0,0.0,0.0,0.0
969,4,0.0,0.0,0.0,0.0,0.0
970,0,0.0,-0.012801556230079334,0.0,0.0,-14.084651088639854
970,1,0.0,0.0,0.0,0.0,-1.061970559201773
970,2,0.0,0.0,0.0,0.0,-0.04771279131455756
970,3,0.0,0.0,0.0,0.0,0.0
970,4,0.0,0.0,0.0,0.0,0.0
971,0,0.0,-0.012801556230079334,0.0,0.0,-14.092824252981869
971,1,0.0,0.0,0.0,0.0,-1.061970559201773
971,2,0.0,0.0,0.0,0.0,-0.04771279131455756
971,3,0.0,0.0,0.0,0.0,0.0
971,4,0.0,0.0,0.0,0.0,0.0
972,0,0.0,-0.012801556230079334,0.0,0.0,-14.090365939408334
972,1,0.0,0.0,0.0,0.0,-1.061970559201773
972,2,0.0,0.0,0.0,0.0,-0.04771279131455756
972,3,0.0,0.0,0.0,0.0,0.0
972,4,0.0,0.0,0.0,0.0,0.0
973,0,0.0,-0.012801556230079334,0.0,0.0,-14.097322093577391
973,1,0.0,0.0,0.0,0.0,-1.061970559201773
973,2,0.0,0.0,0.0,0.0,-0.04771279131455756
973,3,0.0,0.0,0.0,0.0,0.0
973,4,0.0,0.0,0.0,0.0,0.0
974,0,0.0,-0.012801556230079334,0.0,0.0,-14.098367286025828
974,1,0.0,0.0,0.0,0.0,-1.061970559201773
974,2,0.0,0.0,0.0,0.0,-0.04771279131455756
974,3,0.0,0.0,0.0,0.0,0.0
974,4,0.0,0.0,0.0,0.0,0.0
975,0,0.0,-0.012801556230079334,0.0,0.0,-14.101727182401191
975,1,0.0,0.0,0.0,0.0,-1.061970559201773
975,2,0.0,0.0,0.0,0.0,-0.04771279131455756
975,3,0.0,0.0,0.0,0.0,0.0
975,4,0.0,0.0,0.0,0.0,0.0
976,0,0.0,-0.012801556230079334,0.0,0.0,-14.097805059689136
976,1,0.0,0.0,0.0,0.0,-1.061970559201773
976,2,0.0,0.0,0.0,0.0,-0.04771279131455756
976,3,0.0,0.0,0.0,0.0,0.0
976,4,0.0,0.0,0.0,0.0,0.0
977,0,0.0,-0.012801556230079334,0.0,0.0,-14.099218529210198
977,1,0.0,0.0,0.0,0.0,-1.061970559201773
977,2,0.0,0.0,0.0,0.0,-0.04771279131455756
977,3,0.0,0.0,0.0,0.0,0.0
977,4,0.0,0.0,0.0,0.0,0.0
978,0,0.0,-0.012801556230079334,0.0,0.0,-14.110125722170238
978,1,0.0,0.0,0.0,0.0,-1.061970559201773
978,2,0.0,0.0,0.0,0.0,-0.04771279131455756
978,3,0.0,0.0,0.0,0.0,0.0
978,4,0.0,0.0,0.0,0.0,0.0
979,0,0.0,-0.012801556230079334,0.0,0.0,-14.110275157984104
979,1,0.0,0.0,0.0,0.0,-1.061970559201773
979,2,0.0,0.0,0.0,0.0,-0.04771279131455756
979,3,0.0,0.0,0.0,0.0,0.0
979,4,0.0,0.0,0.0,0.0,0.0
980,0,0.0,-0.012801556230079334,0.0,0.0,-14.112951028486474
980,1,0.0,0.0,0.0,0.0,-1.061970559201773
980,2,0.0,0.0,0.0,0.0,-0.04771279131455756
980,3,0.0,0.0,0.0,0.0,0.0
980,4,0.0,0.0,0.0,0.0,0.0
981,0,0.0,-0.012801556230079334,0.0,0.0,-14.113574827143319
981,1,0.0,0.0,0.0,0.0,-1.061970559201773
981,2,0.0,0.0,0.0,0.0,-0.04771279131455756
981,3,0.0,0.0,0.0,0.0,0.0
981,4,0.0,0.0,0.0,0.0,0.0
982,0,0.0,-0.012801556230079334,0.0,0.0,-14.113891448048408
982,1,0.0,0.0,0.0,0.0,-1.061970559201773
982,2,0.0,0.0,0.0,0.0,-0.04771279131455756
982,3,0.0,0.0,0.0,0.0,0.0
982,4,0.0,0.0,0.0,0.0,0.0
983,0,0.0,-0.012801556230079334,0.0,0.0,-14.114540298842945
983,1,0.0,0.0,0.0,0.0,-1.061970559201773
983,2,0.0,0.0,0.0,0.0,-0.04771279131455756
983,3,0.0,0.0,0.0,0.0,0.0
983,4,0.0,0.0,0.0,0.0,0.0
984,0,0.0,-0.012801556230079334,0.0,0.0,-14.122543064887783
984,1,0.0,0.0,0.0,0.0,-1.061970559201773
984,2,0.0,0.0,0.0,0.0,-0.04771279131455756
984,3,0.0,0.0,0.0,0.0,0.0
984,4,0.0,0.0,0.0,0.0,0.0
985,0,0.0,-0.012801556230079334,0.0,0.0,-14.123104677905705
985,1,0.0,0.0,0.0,0.0,-1.061970559201773
985,2,0.0,0.0,0.0,0.0,-0.04771279131455756
985,3,0.0,0.0,0.0,0.0,0.0
985,4,0.0,0.0,0.0,0.0,0.0
986,0,0.0,-0.012801556230079334,0.0,0.0,-14.128646498712477
986,1,0.0,0.0,0.0,0.0,-1.061970559201773
986,2,0.0,0.0,0.0,0.0,-0.04771279131455756
986,3,0.0,0.0,0.0,0.0,0.0
986,4,0.0,0.0,0.0,0.0,0.0
987,0,0.0,-0.012801556230079334,0.0,0.0,-14.129668916114897
987,1,0.0,0.0,0.0,0.0,-1.061970559201773
987,2,0.0,0.0,0.0,0.0,-0.04771279131455756
987,3,0.0,0.0,0.0,0.0,0.0
987,4,0.0,0.0,0.0,0.0,0.0
988,0,0.0,-0.012801556230079334,0.0,0.0,-14.130503064822792
988,1,0.0,0.0,0.0,0.0,-1.061970559201773
988,2,0.0,0.0,0.0,0.0,-0.04771279131455756
988,3,0.0,0.0,0.0,0.0,0.0
988,4,0.0,0.0,0.0,0.0,0.0
989,0,0.0,-0.012801556230079334,0.0,0.0,-14.146740097442667
989,1,0.0,0.0,0.0,0.0,-1.061970559201773
989,2,0.0,0.0,0.0,0.0,-0.04771279131455756
989,3,0.0,0.0,0.0,0.0,0.0
989,4,0.0,0.0,0.0,0.0,0.0
990,0,0.0,-0.012801556230079334,0.0,0.0,-14.150266699409736
990,1,0.0,0.0,0.0,0.0,-1.061970559201773
990,2,0.0,0.0,0.0,0.0,-0.04771279131455756
990,3,0.0,0.0,0.0,0.0,0.0
990,4,0.0,0.0,0.0,0.0,0.0
991,0,0.0,-0.012801556230079334,0.0,0.0,-14.15020498238916
991,1,0.0,0.0,0.0,0.0,-1.061970559201773
991,2,0.0,0.0,0.0,0.0,-0.04771279131455756
991,3,0.0,0.0,0.0,0.0,0.0
991,4,0.0,0.0,0.0,0.0,0.0
992,0,0.0,-0.012801556230079334,0.0,0.0,-14.155615235481818
992,1,0.0,0.0,0.0,0.0,-1.061970559201773
992,2,0.0,0.0,0.0,0.0,-0.04771279131455756
992,3,0.0,0.0,0.0,0.0,0.0
992,4,0.0,0.0,0.0,0.0,0.0
993,0,0.0,-0.012801556230079334,0.0,0.0,-14.164217486844155
993,1,0.0,0.0,0.0,0.0,-1.061970559201773
993,2,0.0,0.0,0.0,0.0,-0.04771279131455756
993,3,0.0,0.0,0.0,0.0,0.0
993,4,0.0,0.0,0.0,0.0,0.0
994,0,0.0,-0.012801556230079334,0.0,0.0,-14.171346262349653
994,1,0.0,0.0,0.0,0.0,-1.061970559201773
994,2,0.0,0.0,0.0,0.0,-0.04771279131455756
994,3,0.0,0.0,0.0,0.0,0.0
994,4,0.0,0.0,0.0,0.0,0.0
995,0,0.0,-0.012801556230079334,0.0,0.0,-14.184375766546834
995,1,0.0,0.0,0.0,0.0,-1.061970559201773
995,2,0.0,0.0,0.0,0.0,-0.04771279131455756
995,3,0.0,0.0,0.0,0.0,0.0
995,4,0.0,0.0,0.0,0.0,0.0
996,0,0.0,-0.012801556230079334,0.0,0.0,-14.18562365636833
996,1,0.0,0.0,0.0,0.0,-1.061970559201773
996,2,0.0,0.0,0.0,0.0,-0.04771279131455756
996,3,0.0,0.0,0.0,0.0,0.0
996,4,0.0,0.0,0.0,0.0,0.0
997,0,0.0,-0.012801556230079334,0.0,0.0,-14.200740761627351
997,1,0.0,0.0,0.0,0.0,-1.061970559201773
997,2,0.0,0.0,0.0,0.0,-0.04771279131455756
997,3,0.0,0.0,0.0,0.0,0.0
997,4,0.0,0.0,0.0,0.0,0.0
998,0,0.0,-0.012801556230079334,0.0,0.0,-14.196116558498783
998,1,0.0,0.0,0.0,0.0,-1.061970559201773
998,2,0.0,0.0,0.0,0.0,-0.04771279131455756
998,3,0.0,0.0,0.0,0.0,0.0
998,4,0.0,0.0,0.0,0.0,0.0
999,0,0.0,-0.012801556230079334,0.0,0.0,-14.216136753000368
999,1,0.0,0.0,0.0,0.0,-1.061970559201773
999,2,0.0,0.0,0.0,0.0,-0.04771279131455756
999,3,0.0,0.0,0.0,0.0,0.0
999,4,0.0,0.0,0.0,0.0,0.0
1000,0,0.0,-0.012801556230079334,0.0,0.0,-14.219998951873285
1000,1,0.0,0.0,0.0,0.0,-1.061970559201773
1000,2,0.0,0.0,0.0,0.0,-0.04771279131455756
1000,3,0.0,0.0,0.0,0.0,0.0
1000,4,0.0,0.0,0.0,0.0,0.0
