1,0,0.0,0.0,0.0,0.0,0.0
1,1,0.0,0.0,0.0,0.0,-0.01875
1,2,0.0,0.0,0.0,0.0,0.0
1,3,0.0,0.0,0.0,0.0,0.0
1,4,0.0,0.0,0.0,0.0,0.0
2,0,0.0,-5.858811815167244e-07,0.0,0.0,0.0
2,1,0.0,0.0,0.0,0.0,-0.04243750600730488
2,2,0.0,0.0,0.0,0.0,0.0
2,3,0.0,0.0,0.0,0.0,0.0
2,4,0.0,0.0,0.0,0.0,0.0
3,0,0.0,-3.585975390943467e-06,0.0,0.0,0.0
3,1,0.0,0.0,0.0,0.0,-0.056046087287141166
3,2,0.0,0.0,0.0,0.0,0.0
3,3,0.0,0.0,0.0,0.0,0.0
3,4,0.0,0.0,0.0,0.0,0.0
4,0,0.0,-8.815324300173639e-06,0.0,0.0,0.0
4,1,0.0,0.0,0.0,0.0,-0.06710936984967719
4,2,0.0,0.0,0.0,0.0,0.0
4,3,0.0,0.0,0.0,0.0,0.0
4,4,0.0,0.0,0.0,0.0,0.0
5,0,0.0,-1.6307864024141843e-05,0.0,0.0,0.0
5,1,0.0,0.0,0.0,0.0,-0.07813585594881729
5,2,0.0,0.0,0.0,0.0,0.0
5,3,0.0,0.0,0.0,0.0,0.0
5,4,0.0,0.0,0.0,0.0,0.0
6,0,0.0,-2.6458110995840364e-05,0.0,0.0,0.0
6,1,0.0,0.0,0.0,0.0,-0.10412568338366715
6,2,0.0,0.0,0.0,0.0,0.0
6,3,0.0,0.0,0.0,0.0,0.0
6,4,0.0,0.0,0.0,0.0,0.0
7,0,0.0,-4.447977791072628e-05,0.0,0.0,0.0
7,1,0.0,0.0,0.0,0.0,-0.1200289942085152
7,2,0.0,0.0,0.0,0.0,0.0
7,3,0.0,0.0,0.0,0.0,0.0
7,4,0.0,0.0,0.0,0.0,0.0
8,0,0.0,-6.841070758641908e-05,0.0,0.0,0.0
8,1,0.0,0.0,0.0,0.0,-0.13087944271683088
8,2,0.0,0.0,0.0,0.0,0.0
8,3,0.0,0.0,0.0,0.0,0.0
8,4,0.0,0.0,0.0,0.0,0.0
9,0,0.0,-9.68396604082354e-05,0.0,0.0,0.0
9,1,0.0,0.0,0.0,0.0,-0.14669389186554865
9,2,0.0,0.0,0.0,0.0,0.0
9,3,0.0,0.0,0.0,0.0,0.0
9,4,0.0,0.0,0.0,0.0,0.0
10,0,0.0,-0.0001325297702871829,0.0,0.0,0.0
10,1,0.0,0.0,0.0,0.0,-0.16995581120357128
10,2,0.0,0.0,0.0,0.0,0.0
10,3,0.0,0.0,0.0,0.0,0.0
10,4,0.0,0.0,0.0,0.0,0.0
11,0,0.0,-0.000180413778915867,0.0,0.0,0.0
11,1,0.0,0.0,0.0,0.0,-0.19314039969802949
11,2,0.0,0.0,0.0,0.0,0.0
11,3,0.0,0.0,0.0,0.0,0.0
11,4,0.0,0.0,0.0,0.0,0.0
12,0,0.0,-0.00024221686926609887,0.0,0.0,0.0
12,1,0.0,0.0,0.0,0.0,-0.20374794686002798
12,2,0.0,0.0,0.0,0.0,0.0
12,3,0.0,0.0,0.0,0.0,0.0
12,4,0.0,0.0,0.0,0.0,0.0
13,0,0.0,-0.00031092082138865513,0.0,0.0,0.0
13,1,0.0,0.0,0.0,0.0,-0.22432040370577372
13,2,0.0,0.0,0.0,0.0,0.0
13,3,0.0,0.0,0.0,0.0,0.0
13,4,0.0,0.0,0.0,0.0,0.0
14,0,0.0,-0.00039413930595716087,0.0,0.0,0.0
14,1,0.0,0.0,0.0,0.0,-0.247324571088397
14,2,0.0,0.0,0.0,0.0,0.0
14,3,0.0,0.0,0.0,0.0,0.0
14,4,0.0,0.0,0.0,0.0,0.0
15,0,0.0,-0.0004952300101351285,0.0,0.0,0.0
15,1,0.0,0.0,0.0,0.0,-0.2602523719117921
15,2,0.0,0.0,0.0,0.0,0.0
15,3,0.0,0.0,0.0,0.0,0.0
15,4,0.0,0.0,0.0,0.0,0.0
16,0,0.0,-0.000607037637075029,0.0,0.0,0.0
16,1,0.0,0.0,0.0,0.0,-0.2756374219656887
16,2,0.0,0.0,0.0,0.0,0.0
16,3,0.0,0.0,0.0,0.0,0.0
16,4,0.0,0.0,0.0,0.0,0.0
17,0,0.0,-0.0007323232694424541,0.0,0.0,0.0
17,1,0.0,0.0,0.0,0.0,-0.28597154826138027
17,2,0.0,0.0,0.0,0.0,0.0
17,3,0.0,0.0,0.0,0.0,0.0
17,4,0.0,0.0,0.0,0.0,0.0
18,0,0.0,-0.0008670066479742098,0.0,0.0,0.0
18,1,0.0,0.0,0.0,0.0,-0.30877160601514775
18,2,0.0,0.0,0.0,0.0,0.0
18,3,0.0,0.0,0.0,0.0,0.0
18,4,0.0,0.0,0.0,0.0,0.0
19,0,0.0,-0.0010239040031881895,0.0,0.0,0.0
19,1,0.0,0.0,0.0,0.0,-0.32399605947037247
19,2,0.0,0.0,0.0,0.0,0.0
19,3,0.0,0.0,0.0,0.0,0.0
19,4,0.0,0.0,0.0,0.0,0.0
20,0,0.0,-0.0011964556758931827,0.0,0.0,0.0
20,1,0.0,0.0,0.0,0.0,-0.3391701888439484
20,2,0.0,0.0,0.0,0.0,0.0
20,3,0.0,0.0,0.0,0.0,0.0
20,4,0.0,0.0,0.0,0.0,0.0
21,0,0.0,-0.0013853253140282584,0.0,0.0,0.0
21,1,0.0,0.0,0.0,0.0,-0.3617941818956864
21,2,0.0,0.0,0.0,0.0,0.0
21,3,0.0,0.0,0.0,0.0,0.0
21,4,0.0,0.0,0.0,0.0,0.0
22,0,0.0,-0.0016000441801423404,0.0,0.0,0.0
22,1,0.0,0.0,0.0,0.0,-0.36684322803986447
22,2,0.0,0.0,0.0,0.0,0.0
22,3,0.0,0.0,0.0,0.0,0.0
22,4,0.0,0.0,0.0,0.0,0.0
23,0,0.0,-0.0018204104999618178,0.0,0.0,0.0
23,1,0.0,0.0,0.0,0.0,-0.3893759350009888
23,2,0.0,0.0,0.0,0.0,0.0
23,3,0.0,0.0,0.0,0.0,0.0
23,4,0.0,0.0,0.0,0.0,0.0
24,0,0.0,-0.0020684605063691452,0.0,0.0,0.0
24,1,0.0,0.0,0.0,0.0,-0.409334035225459
24,2,0.0,0.0,0.0,0.0,0.0
24,3,0.0,0.0,0.0,0.0,0.0
24,4,0.0,0.0,0.0,0.0,0.0
25,0,0.0,-0.002342292783892458,0.0,0.0,0.0
25,1,0.0,0.0,0.0,0.0,-0.42922613988873765
25,2,0.0,0.0,0.0,0.0,0.0
25,3,0.0,0.0,0.0,0.0,0.0
25,4,0.0,0.0,0.0,0.0,0.0
26,0,0.0,-0.0026430409554491813,0.0,0.0,0.0
26,1,0.0,0.0,0.0,0.0,-0.45155249527843694
26,2,0.0,0.0,0.0,0.0,0.0
26,3,0.0,0.0,0.0,0.0,0.0
26,4,0.0,0.0,0.0,0.0,0.0
27,0,0.0,-0.0029755293544381483,0.0,0.0,0.0
27,1,0.0,0.0,0.0,0.0,-0.4563050141678927
27,2,0.0,0.0,0.0,0.0,0.0
27,3,0.0,0.0,0.0,0.0,0.0
27,4,0.0,0.0,0.0,0.0,0.0
28,0,0.0,-0.003314362163555827,0.0,0.0,0.0
28,1,0.0,0.0,0.0,0.0,-0.46604229985547285
28,2,0.0,0.0,0.0,0.0,0.0
28,3,0.0,0.0,0.0,0.0,0.0
28,4,0.0,0.0,0.0,0.0,0.0
29,0,0.0,-0.003667190692041651,0.0,0.0,0.0
29,1,0.0,0.0,0.0,0.0,-0.47074774304163114
29,2,0.0,0.0,0.0,0.0,0.0
29,3,0.0,0.0,0.0,0.0,0.0
29,4,0.0,0.0,0.0,0.0,0.0
30,0,0.0,-0.004026442586012094,0.0,0.0,0.0
30,1,0.0,0.0,0.0,0.0,-0.4854381268247998
30,2,0.0,0.0,0.0,0.0,0.0
30,3,0.0,0.0,0.0,0.0,0.0
30,4,0.0,0.0,0.0,0.0,0.0
31,0,0.0,-0.004407919205253591,0.0,0.0,0.0
31,1,0.0,0.0,0.0,0.0,-0.5050801761528083
31,2,0.0,0.0,0.0,0.0,0.0
31,3,0.0,0.0,0.0,0.0,0.0
31,4,0.0,0.0,0.0,0.0,0.0
32,0,0.0,-0.004820411716257133,0.0,0.0,0.0
32,1,0.0,0.0,0.0,0.0,-0.5146574057975766
32,2,0.0,0.0,0.0,0.0,0.0
32,3,0.0,0.0,0.0,0.0,0.0
32,4,0.0,0.0,0.0,0.0,0.0
33,0,0.0,-0.005247908119614893,0.0,0.0,0.0
33,1,0.0,0.0,0.0,0.0,-0.5317033874976168
33,2,0.0,0.0,0.0,0.0,0.0
33,3,0.0,0.0,0.0,0.0,0.0
33,4,0.0,0.0,0.0,0.0,0.0
34,0,0.0,-0.005703559166046087,0.0,0.0,0.0
34,1,0.0,0.0,0.0,0.0,-0.5461932393264571
34,2,0.0,0.0,0.0,0.0,0.0
34,3,0.0,0.0,0.0,0.0,0.0
34,4,0.0,0.0,0.0,0.0,0.0
35,0,0.0,-0.006183567555997016,0.0,0.0,0.0
35,1,0.0,0.0,0.0,0.0,-0.5656355027603818
35,2,0.0,0.0,0.0,0.0,0.0
35,3,0.0,0.0,0.0,0.0,0.0
35,4,0.0,0.0,0.0,0.0,0.0
36,0,0.0,-0.006697460540468967,0.0,0.0,0.0
36,1,0.0,0.0,0.0,0.0,-0.5875136896029626
36,2,0.0,0.0,0.0,0.0,0.0
36,3,0.0,0.0,0.0,0.0,0.0
36,4,0.0,0.0,0.0,0.0,0.0
37,0,0.0,-0.007250634202436499,0.0,0.0,0.0
37,1,0.0,0.0,0.0,0.0,-0.5943197059748888
37,2,0.0,0.0,0.0,0.0,0.0
37,3,0.0,0.0,0.0,0.0,0.0
37,4,0.0,0.0,0.0,0.0,0.0
38,0,0.0,-0.00781520671730045,0.0,0.0,0.0
38,1,0.0,0.0,0.0,0.0,-0.6111038160171269
38,2,0.0,0.0,0.0,0.0,0.0
38,3,0.0,0.0,0.0,0.0,0.0
38,4,0.0,0.0,0.0,0.0,0.0
39,0,0.0,-0.008410381040822807,0.0,0.0,0.0
39,1,0.0,0.0,0.0,0.0,-0.6328327700118496
39,2,0.0,0.0,0.0,0.0,0.0
39,3,0.0,0.0,0.0,0.0,0.0
39,4,0.0,0.0,0.0,0.0,0.0
40,0,0.0,-0.009046317585856332,0.0,0.0,0.0
40,1,0.0,0.0,0.0,0.0,-0.6519901079648834
40,2,0.0,0.0,0.0,0.0,0.0
40,3,0.0,0.0,0.0,0.0,0.0
40,4,0.0,0.0,0.0,0.0,0.0
41,0,0.0,-0.009718565400495273,0.0,0.0,0.0
41,1,0.0,0.0,0.0,0.0,-0.6685844291515517
41,2,0.0,0.0,0.0,0.0,0.0
41,3,0.0,0.0,0.0,0.0,0.0
41,4,0.0,0.0,0.0,0.0,0.0
42,0,0.0,-0.010422401017629052,0.0,0.0,0.0
42,1,0.0,0.0,0.0,0.0,-0.6901243005410806
42,2,0.0,0.0,0.0,0.0,0.0
42,3,0.0,0.0,0.0,0.0,0.0
42,4,0.0,0.0,0.0,0.0,0.0
43,0,0.0,-0.011168273321558092,0.0,0.0,0.0
43,1,0.0,0.0,0.0,0.0,-0.7090932593288939
43,2,0.0,0.0,0.0,0.0,0.0
43,3,0.0,0.0,0.0,0.0,0.0
43,4,0.0,0.0,0.0,0.0,0.0
44,0,0.0,-0.011951326330168084,0.0,0.0,0.0
44,1,0.0,0.0,0.0,0.0,-0.7154999019915771
44,2,0.0,0.0,0.0,0.0,0.0
44,3,0.0,0.0,0.0,0.0,0.0
44,4,0.0,0.0,0.0,0.0,0.0
45,0,0.0,-0.012745600360333972,0.0,0.0,0.0
45,1,0.0,0.0,0.0,0.0,-0.7193861228406724
45,2,0.0,0.0,0.0,0.0,0.0
45,3,0.0,0.0,0.0,0.0,0.0
45,4,0.0,0.0,0.0,0.0,0.0
46,0,0.0,-0.013545840007181268,0.0,0.0,0.0
46,1,0.0,0.0,0.0,0.0,-0.7382603289171561
46,2,0.0,0.0,0.0,0.0,0.0
46,3,0.0,0.0,0.0,0.0,0.0
46,4,0.0,0.0,0.0,0.0,0.0
47,0,0.0,-0.014383538927929478,0.0,0.0,0.0
47,1,0.0,0.0,0.0,0.0,-0.7520725679989514
47,2,0.0,0.0,0.0,0.0,0.0
47,3,0.0,0.0,0.0,0.0,0.0
47,4,0.0,0.0,0.0,0.0,0.0
48,0,0.0,-0.01524820599412588,0.0,0.0,0.0
48,1,0.0,0.0,0.0,0.0,-0.7783397354204307
48,2,0.0,0.0,0.0,0.0,0.0
48,3,0.0,0.0,0.0,0.0,0.0
48,4,0.0,0.0,0.0,0.0,0.0
49,0,0.0,-0.016166647288560446,0.0,0.0,0.0
49,1,0.0,0.0,0.0,0.0,-0.7970203353860008
49,2,0.0,0.0,0.0,0.0,0.0
49,3,0.0,0.0,0.0,0.0,0.0
49,4,0.0,0.0,0.0,0.0,0.0
50,0,0.0,-0.01712288722236683,0.0,0.0,0.0
50,1,0.0,0.0,0.0,0.0,-0.8131396879171596
50,2,0.0,0.0,0.0,0.0,0.0
50,3,0.0,0.0,0.0,0.0,0.0
50,4,0.0,0.0,0.0,0.0,0.0
51,0,0.0,-0.018111528642364757,0.0,0.0,0.0
51,1,0.0,0.0,0.0,0.0,-0.8292063529549025
51,2,0.0,0.0,0.0,0.0,0.0
51,3,0.0,0.0,0.0,0.0,0.0
51,4,0.0,0.0,0.0,0.0,0.0
52,0,0.0,-0.01913256643616866,0.0,0.0,0.0
52,1,0.0,0.0,0.0,0.0,-0.8477205257602757
52,2,0.0,0.0,0.0,0.0,0.0
52,3,0.0,0.0,0.0,0.0,0.0
52,4,0.0,0.0,0.0,0.0,0.0
53,0,0.0,-0.02019148833637182,0.0,0.0,0.0
53,1,0.0,0.0,0.0,0.0,-0.8586740682870792
53,2,0.0,0.0,0.0,0.0,0.0
53,3,0.0,0.0,0.0,0.0,0.0
53,4,0.0,0.0,0.0,0.0,0.0
54,0,0.0,-0.021271689500523952,0.0,0.0,0.0
54,1,0.0,0.0,0.0,0.0,-0.8745922030908646
54,2,0.0,0.0,0.0,0.0,0.0
54,3,0.0,0.0,0.0,0.0,0.0
54,4,0.0,0.0,0.0,0.0,0.0
55,0,0.0,-0.022384202635822692,0.0,0.0,0.0
55,1,0.0,0.0,0.0,0.0,-0.8854583954399663
55,2,0.0,0.0,0.0,0.0,0.0
55,3,0.0,0.0,0.0,0.0,0.0
55,4,0.0,0.0,0.0,0.0,0.0
56,0,0.0,-0.023517833586522055,0.0,0.0,0.0
56,1,0.0,0.0,0.0,0.0,-0.8912895027052844
56,2,0.0,0.0,0.0,0.0,0.0
56,3,0.0,0.0,0.0,0.0,0.0
56,4,0.0,0.0,0.0,0.0,0.0
57,0,0.0,-0.024661354290051014,0.0,0.0,0.0
57,1,0.0,0.0,0.0,0.0,-0.9146023190070813
57,2,0.0,0.0,0.0,0.0,0.0
57,3,0.0,0.0,0.0,0.0,0.0
57,4,0.0,0.0,0.0,0.0,0.0
58,0,0.0,-0.02585388379390034,0.0,0.0,0.0
58,1,0.0,0.0,0.0,0.0,-0.9253385826768258
58,2,0.0,0.0,0.0,0.0,0.0
58,3,0.0,0.0,0.0,0.0,0.0
58,4,0.0,0.0,0.0,0.0,0.0
59,0,0.0,-0.027067254415663707,0.0,0.0,0.0
59,1,0.0,0.0,0.0,0.0,-0.946040240884698
59,2,0.0,0.0,0.0,0.0,0.0
59,3,0.0,0.0,0.0,0.0,0.0
59,4,0.0,0.0,0.0,0.0,0.0
60,0,0.0,-0.028323953917688507,0.0,0.0,0.0
60,1,0.0,0.0,0.0,0.0,-0.9591740906584624
60,2,0.0,0.0,0.0,0.0,0.0
60,3,0.0,0.0,0.0,0.0,0.0
60,4,0.0,0.0,0.0,0.0,0.0
61,0,0.0,-0.02960691003657047,0.0,0.0,0.0
61,1,0.0,0.0,0.0,0.0,-0.9722653812266465
61,2,0.0,0.0,0.0,0.0,0.0
61,3,0.0,0.0,0.0,0.0,0.0
61,4,0.0,0.0,0.0,0.0,0.0
62,0,0.0,-0.030916029219225663,0.0,0.0,0.0
62,1,0.0,0.0,0.0,0.0,-0.9853142694892275
62,2,0.0,0.0,0.0,0.0,0.0
62,3,0.0,0.0,0.0,0.0,0.0
62,4,0.0,0.0,0.0,0.0,0.0
63,0,0.0,-0.03225121462224399,0.0,0.0,0.0
63,1,0.0,0.0,0.0,0.0,-1.0008209117257127
63,2,0.0,0.0,0.0,0.0,0.0
63,3,0.0,0.0,0.0,0.0,0.0
63,4,0.0,0.0,0.0,0.0,0.0
64,0,0.0,-0.03361807315309362,0.0,0.0,0.0
64,1,0.0,0.0,0.0,0.0,-1.0137771310653427
64,2,0.0,0.0,0.0,0.0,0.0
64,3,0.0,0.0,0.0,0.0,0.0
64,4,0.0,0.0,0.0,0.0,0.0
65,0,0.0,-0.03501077310367174,0.0,0.0,0.0
65,1,0.0,0.0,0.0,0.0,-1.036691446330718
65,2,0.0,0.0,0.0,0.0,0.0
65,3,0.0,0.0,0.0,0.0,0.0
65,4,0.0,0.0,0.0,0.0,0.0
66,0,0.0,-0.03645215841285656,0.0,0.0,0.0
66,1,0.0,0.0,0.0,0.0,-1.0545306817008777
66,2,0.0,0.0,0.0,0.0,0.0
66,3,0.0,0.0,0.0,0.0,0.0
66,4,0.0,0.0,0.0,0.0,0.0
67,0,0.0,-0.03793058866804949,0.0,0.0,0.0
67,1,0.0,0.0,0.0,0.0,-1.0598117809152297
67,2,0.0,0.0,0.0,0.0,0.0
67,3,0.0,0.0,0.0,0.0,0.0
67,4,0.0,0.0,0.0,0.0,0.0
68,0,0.0,-0.03941709456124529,0.0,0.0,0.0
68,1,0.0,0.0,0.0,0.0,-1.0725766217151946
68,2,0.0,0.0,0.0,0.0,0.0
68,3,0.0,0.0,0.0,0.0,0.0
68,4,0.0,0.0,0.0,0.0,0.0
69,0,0.0,-0.04092892983832184,0.0,0.0,0.0
69,1,0.0,0.0,0.0,0.0,-1.0903002645107847
69,2,0.0,0.0,0.0,0.0,0.0
69,3,0.0,0.0,0.0,0.0,0.0
69,4,0.0,0.0,0.0,0.0,0.0
70,0,0.0,-0.04247754596332961,0.0,0.0,0.0
70,1,0.0,0.0,0.0,0.0,-1.1104661957521087
70,2,0.0,0.0,0.0,0.0,0.0
70,3,0.0,0.0,0.0,0.0,0.0
70,4,0.0,0.0,0.0,0.0,0.0
71,0,0.0,-0.044068600201931464,0.0,0.0,0.0
71,1,0.0,0.0,0.0,0.0,-1.1155662963114112
71,2,0.0,0.0,0.0,0.0,0.0
71,3,0.0,0.0,0.0,0.0,0.0
71,4,0.0,0.0,0.0,0.0,0.0
72,0,0.0,-0.04566707624064636,0.0,0.0,0.0
72,1,0.0,0.0,0.0,0.0,-1.130650805185785
72,2,0.0,0.0,0.0,0.0,0.0
72,3,0.0,0.0,0.0,0.0,0.0
72,4,0.0,0.0,0.0,0.0,0.0
73,0,0.0,-0.047296166250469375,0.0,0.0,0.0
73,1,0.0,0.0,0.0,0.0,-1.138186447617653
73,2,0.0,0.0,0.0,0.0,0.0
73,3,0.0,0.0,0.0,0.0,0.0
73,4,0.0,0.0,0.0,0.0,0.0
74,0,0.0,-0.04893826433841417,0.0,0.0,0.0
74,1,0.0,0.0,0.0,0.0,-1.14819840133857
74,2,0.0,0.0,0.0,0.0,0.0
74,3,0.0,0.0,0.0,0.0,0.0
74,4,0.0,0.0,0.0,0.0,0.0
75,0,0.0,-0.050599115874123475,0.0,0.0,0.0
75,1,0.0,0.0,0.0,0.0,-1.1606784195063458
75,2,0.0,0.0,0.0,0.0,0.0
75,3,0.0,0.0,0.0,0.0,0.0
75,4,0.0,0.0,0.0,0.0,0.0
76,0,0.0,-0.05228444852862622,0.0,0.0,0.0
76,1,0.0,0.0,0.0,0.0,-1.1781182861882769
76,2,0.0,0.0,0.0,0.0,0.0
76,3,0.0,0.0,0.0,0.0,0.0
76,4,0.0,0.0,0.0,0.0,0.0
77,0,0.0,-0.05400581930815118,0.0,0.0,0.0
77,1,0.0,0.0,0.0,0.0,-1.183001483705198
77,2,0.0,0.0,0.0,0.0,0.0
77,3,0.0,0.0,0.0,0.0,0.0
77,4,0.0,0.0,0.0,0.0,0.0
78,0,0.0,-0.055733816644879135,0.0,0.0,0.0
78,1,0.0,0.0,0.0,0.0,-1.1928698840112713
78,2,0.0,0.0,0.0,0.0,0.0
78,3,0.0,0.0,0.0,0.0,0.0
78,4,0.0,0.0,0.0,0.0,0.0
79,0,0.0,-0.05748009019919155,0.0,0.0,0.0
79,1,0.0,0.0,0.0,0.0,-1.2027068742854852
79,2,0.0,0.0,0.0,0.0,0.0
79,3,0.0,0.0,0.0,0.0,0.0
79,4,0.0,0.0,0.0,0.0,0.0
80,0,0.0,-0.059244534777398244,0.0,0.0,0.0
80,1,0.0,0.0,0.0,0.0,-1.2150125690590652
80,2,0.0,0.0,0.0,0.0,0.0
80,3,0.0,0.0,0.0,0.0,0.0
80,4,0.0,0.0,0.0,0.0,0.0
81,0,0.0,-0.061032906318208686,0.0,0.0,0.0
81,1,0.0,0.0,0.0,0.0,-1.2322787498813
81,2,0.0,0.0,0.0,0.0,0.0
81,3,0.0,0.0,0.0,0.0,0.0
81,4,0.0,0.0,0.0,0.0,0.0
82,0,0.0,-0.0628568144764619,0.0,0.0,0.0
82,1,0.0,0.0,0.0,0.0,-1.259488896565382
82,2,0.0,0.0,0.0,0.0,0.0
82,3,0.0,0.0,0.0,0.0,0.0
82,4,0.0,0.0,0.0,0.0,0.0
83,0,0.0,-0.0647396205845487,0.0,0.0,0.0
83,1,0.0,0.0,0.0,0.0,-1.279109885776923
83,2,0.0,0.0,0.0,0.0,0.0
83,3,0.0,0.0,0.0,0.0,0.0
83,4,0.0,0.0,0.0,0.0,0.0
84,0,0.0,-0.06666340185368769,0.0,0.0,0.0
84,1,0.0,0.0,0.0,0.0,-1.2936670460656035
84,2,0.0,0.0,0.0,0.0,0.0
84,3,0.0,0.0,0.0,0.0,0.0
84,4,0.0,0.0,0.0,0.0,0.0
85,0,0.0,-0.06861615350898144,0.0,0.0,0.0
85,1,0.0,0.0,0.0,0.0,-1.3006772784018956
85,2,0.0,0.0,0.0,0.0,0.0
85,3,0.0,0.0,0.0,0.0,0.0
85,4,0.0,0.0,0.0,0.0,0.0
86,0,0.0,-0.07057999803010728,0.0,0.0,0.0
86,1,0.0,0.0,0.0,0.0,-1.3201657528661055
86,2,0.0,0.0,0.0,0.0,0.0
86,3,0.0,0.0,0.0,0.0,0.0
86,4,0.0,0.0,0.0,0.0,0.0
87,0,0.0,-0.07258440953529029,0.0,0.0,0.0
87,1,0.0,0.0,0.0,0.0,-1.3295908848669349
87,2,0.0,0.0,0.0,0.0,0.0
87,3,0.0,0.0,0.0,0.0,0.0
87,4,0.0,0.0,0.0,0.0,0.0
88,0,0.0,-0.07460550928715813,0.0,0.0,0.0
88,1,0.0,0.0,0.0,0.0,-1.3514862385212185
88,2,0.0,0.0,0.0,0.0,0.0
88,3,0.0,0.0,0.0,0.0,0.0
88,4,0.0,0.0,0.0,0.0,0.0
89,0,0.0,-0.0766728047712067,0.0,0.0,0.0
89,1,0.0,0.0,0.0,0.0,-1.3658102592519596
89,2,0.0,0.0,0.0,0.0,0.0
89,3,0.0,0.0,0.0,0.0,0.0
89,4,0.0,0.0,0.0,0.0,0.0
90,0,0.0,-0.07876827112197665,0.0,0.0,0.0
90,1,0.0,0.0,0.0,0.0,-1.3775882085380442
90,2,0.0,0.0,0.0,0.0,0.0
90,3,0.0,0.0,0.0,0.0,0.0
90,4,0.0,0.0,0.0,0.0,0.0
91,0,0.0,-0.08088581145512515,0.0,0.0,0.0
91,1,0.0,0.0,0.0,0.0,-1.3893285880156439
91,2,0.0,0.0,0.0,0.0,0.0
91,3,0.0,0.0,0.0,0.0,0.0
91,4,0.0,0.0,0.0,0.0,0.0
92,0,0.0,-0.08302529142268146,0.0,0.0,0.0
92,1,0.0,0.0,0.0,0.0,-1.3960315348777665
92,2,0.0,0.0,0.0,0.0,0.0
92,3,0.0,0.0,0.0,0.0,0.0
92,4,0.0,0.0,0.0,0.0,0.0
93,0,0.0,-0.08517469445276475,0.0,0.0,0.0
93,1,0.0,0.0,0.0,0.0,-1.412713850843042
93,2,0.0,0.0,0.0,0.0,0.0
93,3,0.0,0.0,0.0,0.0,0.0
93,4,0.0,0.0,0.0,0.0,0.0
94,0,0.0,-0.08735772344287916,0.0,0.0,0.0
94,1,0.0,0.0,0.0,0.0,-1.4168422794110753
94,2,0.0,0.0,0.0,0.0,0.0
94,3,0.0,0.0,0.0,0.0,0.0
94,4,0.0,0.0,0.0,0.0,0.0
95,0,0.0,-0.08954444589854156,0.0,0.0,0.0
95,1,0.0,0.0,0.0,0.0,-1.4284586815639242
95,2,0.0,0.0,0.0,0.0,0.0
95,3,0.0,0.0,0.0,0.0,0.0
95,4,0.0,0.0,0.0,0.0,0.0
96,0,0.0,-0.09175266972476909,0.0,0.0,0.0
96,1,0.0,0.0,0.0,0.0,-1.4425381010213727
96,2,0.0,0.0,0.0,0.0,0.0
96,3,0.0,0.0,0.0,0.0,0.0
96,4,0.0,0.0,0.0,0.0,0.0
97,0,0.0,-0.09398821413516806,0.0,0.0,0.0
97,1,0.0,0.0,0.0,0.0,-1.4465723401445014
97,2,0.0,0.0,0.0,0.0,0.0
97,3,0.0,0.0,0.0,0.0,0.0
97,4,0.0,0.0,0.0,0.0,0.0
98,0,0.0,-0.09622709206044096,0.0,0.0,0.0
98,1,0.0,0.0,0.0,0.0,-1.460594894670519
98,2,0.0,0.0,0.0,0.0,0.0
98,3,0.0,0.0,0.0,0.0,0.0
98,4,0.0,0.0,0.0,0.0,0.0
99,0,0.0,-0.09849309381704774,0.0,0.0,0.0
99,1,0.0,0.0,0.0,0.0,-1.464572474449345
99,2,0.0,0.0,0.0,0.0,0.0
99,3,0.0,0.0,0.0,0.0,0.0
99,4,0.0,0.0,0.0,0.0,0.0
100,0,0.0,-0.10076221555574023,0.0,0.0,0.0
100,1,0.0,0.0,0.0,0.0,-1.47603857441583
100,2,0.0,0.0,0.0,0.0,0.0
100,3,0.0,0.0,0.0,0.0,0.0
100,4,0.0,0.0,0.0,0.0,0.0
101,0,0.0,-0.10305230338545113,0.0,0.0,0.0
101,1,0.0,0.0,0.0,0.0,-1.492468236153179
101,2,0.0,0.0,0.0,0.0,0.0
101,3,0.0,0.0,0.0,0.0,0.0
101,4,0.0,0.0,0.0,0.0,0.0
102,0,0.0,-0.10537515403641141,0.0,0.0,0.0
102,1,0.0,0.0,0.0,0.0,-1.503844927362291
102,2,0.0,0.0,0.0,0.0,0.0
102,3,0.0,0.0,0.0,0.0,0.0
102,4,0.0,0.0,0.0,0.0,0.0
103,0,0.0,-0.10771863674709466,0.0,0.0,0.0
103,1,0.0,0.0,0.0,0.0,-1.515185507840545
103,2,0.0,0.0,0.0,0.0,0.0
103,3,0.0,0.0,0.0,0.0,0.0
103,4,0.0,0.0,0.0,0.0,0.0
104,0,0.0,-0.11008261870735499,0.0,0.0,0.0
104,1,0.0,0.0,0.0,0.0,-1.5314901090638937
104,2,0.0,0.0,0.0,0.0,0.0
104,3,0.0,0.0,0.0,0.0,0.0
104,4,0.0,0.0,0.0,0.0,0.0
105,0,0.0,-0.11247891727115016,0.0,0.0,0.0
105,1,0.0,0.0,0.0,0.0,-1.5452421969279455
105,2,0.0,0.0,0.0,0.0,0.0
105,3,0.0,0.0,0.0,0.0,0.0
105,4,0.0,0.0,0.0,0.0,0.0
106,0,0.0,-0.1149013607217086,0.0,0.0,0.0
106,1,0.0,0.0,0.0,0.0,-1.5614502968998585
106,2,0.0,0.0,0.0,0.0,0.0
106,3,0.0,0.0,0.0,0.0,0.0
106,4,0.0,0.0,0.0,0.0,0.0
107,0,0.0,-0.11735576884582836,0.0,0.0,0.0
107,1,0.0,0.0,0.0,0.0,-1.5701062373767602
107,2,0.0,0.0,0.0,0.0,0.0
107,3,0.0,0.0,0.0,0.0,0.0
107,4,0.0,0.0,0.0,0.0,0.0
108,0,0.0,-0.11982399153587656,0.0,0.0,0.0
108,1,0.0,0.0,0.0,0.0,-1.5701062373767602
108,2,0.0,0.0,0.0,0.0,-0.028749999999999998
108,3,0.0,0.0,0.0,0.0,0.0
108,4,0.0,0.0,0.0,0.0,0.0
109,0,0.0,-0.12228566169736652,0.0,0.0,0.0
109,1,0.0,0.0,0.0,0.0,-1.5812352074959903
109,2,0.0,0.0,0.0,0.0,-0.028749999999999998
109,3,0.0,0.0,0.0,0.0,0.0
109,4,0.0,0.0,0.0,0.0,0.0
110,0,0.0,-0.12476704938816652,0.0,0.0,0.0
110,1,0.0,0.0,0.0,0.0,-1.5948289717778996
110,2,0.0,0.0,0.0,0.0,-0.028749999999999998
110,3,0.0,0.0,0.0,0.0,0.0
110,4,0.0,0.0,0.0,0.0,0.0
111,0,0.0,-0.12727401098099436,0.0,0.0,0.0
111,1,0.0,0.0,0.0,0.0,-1.5961357755461414
111,2,0.0,0.0,0.0,0.0,-0.028749999999999998
111,3,0.0,0.0,0.0,0.0,0.0
111,4,0.0,0.0,0.0,0.0,0.0
112,0,0.0,-0.12977708383314054,0.0,0.0,0.0
112,1,0.0,0.0,0.0,0.0,-1.6071833754850773
112,2,0.0,0.0,0.0,0.0,-0.028749999999999998
112,3,0.0,0.0,0.0,0.0,0.0
112,4,0.0,0.0,0.0,0.0,0.0
113,0,0.0,-0.13229958290691882,0.0,0.0,0.0
113,1,0.0,0.0,0.0,0.0,-1.6156960633092587
113,2,0.0,0.0,0.0,0.0,-0.028749999999999998
113,3,0.0,0.0,0.0,0.0,0.0
113,4,0.0,0.0,0.0,0.0,0.0
114,0,0.0,-0.13483538833179878,0.0,0.0,0.0
114,1,0.0,0.0,0.0,0.0,-1.621682298324292
114,2,0.0,0.0,0.0,0.0,-0.028749999999999998
114,3,0.0,0.0,0.0,0.0,0.0
114,4,0.0,0.0,0.0,0.0,0.0
115,0,0.0,-0.13737841372351955,0.0,0.0,0.0
115,1,0.0,0.0,0.0,0.0,-1.62515050809549
115,2,0.0,0.0,0.0,0.0,-0.028749999999999998
115,3,0.0,0.0,0.0,0.0,0.0
115,4,0.0,0.0,0.0,0.0,0.0
116,0,0.0,-0.13992260852849694,0.0,0.0,0.0
116,1,0.0,0.0,0.0,0.0,-1.6386090885748685
116,2,0.0,0.0,0.0,0.0,-0.028749999999999998
116,3,0.0,0.0,0.0,0.0,0.0
116,4,0.0,0.0,0.0,0.0,0.0
117,0,0.0,-0.14249191360393396,0.0,0.0,0.0
117,1,0.0,0.0,0.0,0.0,-1.652024741565817
117,2,0.0,0.0,0.0,0.0,-0.028749999999999998
117,3,0.0,0.0,0.0,0.0,0.0
117,4,0.0,0.0,0.0,0.0,0.0
118,0,0.0,-0.14508616798232085,0.0,0.0,0.0
118,1,0.0,0.0,0.0,0.0,-1.6578976238602334
118,2,0.0,0.0,0.0,0.0,-0.028749999999999998
118,3,0.0,0.0,0.0,0.0,0.0
118,4,0.0,0.0,0.0,0.0,0.0
119,0,0.0,-0.14768722098534778,0.0,0.0,0.0
119,1,0.0,0.0,0.0,0.0,-1.6737528892308131
119,2,0.0,0.0,0.0,0.0,-0.028749999999999998
119,3,0.0,0.0,0.0,0.0,0.0
119,4,0.0,0.0,0.0,0.0,0.0
120,0,0.0,-0.1503190037344446,0.0,0.0,0.0
120,1,0.0,0.0,0.0,0.0,-1.6845572693780115
120,2,0.0,0.0,0.0,0.0,-0.028749999999999998
120,3,0.0,0.0,0.0,0.0,0.0
120,4,0.0,0.0,0.0,0.0,0.0
121,0,0.0,-0.15296932230825017,0.0,0.0,0.0
121,1,0.0,0.0,0.0,0.0,-1.7103276159360712
121,2,0.0,0.0,0.0,0.0,-0.028749999999999998
121,3,0.0,0.0,0.0,0.0,0.0
121,4,0.0,0.0,0.0,0.0,0.0
122,0,0.0,-0.1556740754572207,0.0,0.0,0.0
122,1,0.0,0.0,0.0,0.0,-1.718514057057144
122,2,0.0,0.0,0.0,0.0,-0.028749999999999998
122,3,0.0,0.0,0.0,0.0,0.0
122,4,0.0,0.0,0.0,0.0,0.0
123,0,0.0,-0.15839089151728186,0.0,0.0,0.0
123,1,0.0,0.0,0.0,0.0,-1.7316752307957353
123,2,0.0,0.0,0.0,0.0,-0.028749999999999998
123,3,0.0,0.0,0.0,0.0,0.0
123,4,0.0,0.0,0.0,0.0,0.0
124,0,0.0,-0.16113169703600289,0.0,0.0,0.0
124,1,0.0,0.0,0.0,0.0,-1.7522945624771065
124,2,0.0,0.0,0.0,0.0,-0.028749999999999998
124,3,0.0,0.0,0.0,0.0,0.0
124,4,0.0,0.0,0.0,0.0,0.0
125,0,0.0,-0.16391437052181523,0.0,0.0,0.0
125,1,0.0,0.0,0.0,0.0,-1.767847207031896
125,2,0.0,0.0,0.0,0.0,-0.028749999999999998
125,3,0.0,0.0,0.0,0.0,0.0
125,4,0.0,0.0,0.0,0.0,0.0
126,0,0.0,-0.1667266274299471,0.0,0.0,0.0
126,1,0.0,0.0,0.0,0.0,-1.7858500751857778
126,2,0.0,0.0,0.0,0.0,-0.028749999999999998
126,3,0.0,0.0,0.0,0.0,0.0
126,4,0.0,0.0,0.0,0.0,0.0
127,0,0.0,-0.1695742965162879,0.0,0.0,0.0
127,1,0.0,0.0,0.0,0.0,-1.7868435440575665
127,2,0.0,0.0,0.0,0.0,-0.028749999999999998
127,3,0.0,0.0,0.0,0.0,0.0
127,4,0.0,0.0,0.0,0.0,0.0
128,0,0.0,-0.1724163885498302,0.0,0.0,0.0
128,1,0.0,0.0,0.0,0.0,-1.799786660683215
128,2,0.0,0.0,0.0,0.0,-0.028749999999999998
128,3,0.0,0.0,0.0,0.0,0.0
128,4,0.0,0.0,0.0,0.0,0.0
129,0,0.0,-0.17528163914036118,0.0,0.0,0.0
129,1,0.0,0.0,0.0,0.0,-1.8126887324946745
129,2,0.0,0.0,0.0,0.0,-0.028749999999999998
129,3,0.0,0.0,0.0,0.0,0.0
129,4,0.0,0.0,0.0,0.0,0.0
130,0,0.0,-0.17816989225292695,0.0,0.0,0.0
130,1,0.0,0.0,0.0,0.0,-1.8255499088827396
130,2,0.0,0.0,0.0,0.0,-0.028749999999999998
130,3,0.0,0.0,0.0,0.0,0.0
130,4,0.0,0.0,0.0,0.0,0.0
131,0,0.0,-0.18108099235677994,0.0,0.0,0.0
131,1,0.0,0.0,0.0,0.0,-1.8308703386523846
131,2,0.0,0.0,0.0,0.0,-0.028749999999999998
131,3,0.0,0.0,0.0,0.0,0.0
131,4,0.0,0.0,0.0,0.0,0.0
132,0,0.0,-0.1839967129770547,0.0,0.0,0.0
132,1,0.0,0.0,0.0,0.0,-1.846175167622246
132,2,0.0,0.0,0.0,0.0,-0.028749999999999998
132,3,0.0,0.0,0.0,0.0,0.0
132,4,0.0,0.0,0.0,0.0,0.0
133,0,0.0,-0.18694110235049385,0.0,0.0,0.0
133,1,0.0,0.0,0.0,0.0,-1.8614311195714512
133,2,0.0,0.0,0.0,0.0,-0.028749999999999998
133,3,0.0,0.0,0.0,0.0,0.0
133,4,0.0,0.0,0.0,0.0,0.0
134,0,0.0,-0.18991397278947456,0.0,0.0,0.0
134,1,0.0,0.0,0.0,0.0,-1.8791383731807838
134,2,0.0,0.0,0.0,0.0,-0.028749999999999998
134,3,0.0,0.0,0.0,0.0,0.0
134,4,0.0,0.0,0.0,0.0,0.0
135,0,0.0,-0.19292116669797654,0.0,0.0,0.0
135,1,0.0,0.0,0.0,0.0,-1.8942887738958911
135,2,0.0,0.0,0.0,0.0,-0.028749999999999998
135,3,0.0,0.0,0.0,0.0,0.0
135,4,0.0,0.0,0.0,0.0,0.0
136,0,0.0,-0.19595643250692563,0.0,0.0,0.0
136,1,0.0,0.0,0.0,0.0,-1.9193908627712477
136,2,0.0,0.0,0.0,0.0,-0.028749999999999998
136,3,0.0,0.0,0.0,0.0,0.0
136,4,0.0,0.0,0.0,0.0,0.0
137,0,0.0,-0.1990437233059665,0.0,0.0,0.0
137,1,0.0,0.0,0.0,0.0,-1.9369114861335786
137,2,0.0,0.0,0.0,0.0,-0.028749999999999998
137,3,0.0,0.0,0.0,0.0,0.0
137,4,0.0,0.0,0.0,0.0,0.0
138,0,0.0,-0.2021646103554885,0.0,0.0,0.0
138,1,0.0,0.0,0.0,0.0,-1.9518759423184795
138,2,0.0,0.0,0.0,0.0,-0.028749999999999998
138,3,0.0,0.0,0.0,0.0,0.0
138,4,0.0,0.0,0.0,0.0,0.0
139,0,0.0,-0.20531283548716764,0.0,0.0,0.0
139,1,0.0,0.0,0.0,0.0,-1.9692927696742515
139,2,0.0,0.0,0.0,0.0,-0.028749999999999998
139,3,0.0,0.0,0.0,0.0,0.0
139,4,0.0,0.0,0.0,0.0,0.0
140,0,0.0,-0.20849425644359684,0.0,0.0,0.0
140,1,0.0,0.0,0.0,0.0,-1.9816538094296916
140,2,0.0,0.0,0.0,0.0,-0.028749999999999998
140,3,0.0,0.0,0.0,0.0,0.0
140,4,0.0,0.0,0.0,0.0,0.0
141,0,0.0,-0.21169656896985886,0.0,0.0,0.0
141,1,0.0,0.0,0.0,0.0,-1.9939759309721747
141,2,0.0,0.0,0.0,0.0,-0.028749999999999998
141,3,0.0,0.0,0.0,0.0,0.0
141,4,0.0,0.0,0.0,0.0,0.0
142,0,0.0,-0.21491962506432835,0.0,0.0,0.0
142,1,0.0,0.0,0.0,0.0,-2.008759275331724
142,2,0.0,0.0,0.0,0.0,-0.028749999999999998
142,3,0.0,0.0,0.0,0.0,0.0
142,4,0.0,0.0,0.0,0.0,0.0
143,0,0.0,-0.21816932278971168,0.0,0.0,0.0
143,1,0.0,0.0,0.0,0.0,-2.0259956504545986
143,2,0.0,0.0,0.0,0.0,-0.028749999999999998
143,3,0.0,0.0,0.0,0.0,0.0
143,4,0.0,0.0,0.0,0.0,0.0
144,0,0.0,-0.22145152787521838,0.0,0.0,0.0
144,1,0.0,0.0,0.0,0.0,-2.0406768949818983
144,2,0.0,0.0,0.0,0.0,-0.028749999999999998
144,3,0.0,0.0,0.0,0.0,0.0
144,4,0.0,0.0,0.0,0.0,0.0
145,0,0.0,-0.22475997595434385,0.0,0.0,0.0
145,1,0.0,0.0,0.0,0.0,-2.047811543191577
145,2,0.0,0.0,0.0,0.0,-0.028749999999999998
145,3,0.0,0.0,0.0,0.0,0.0
145,4,0.0,0.0,0.0,0.0,0.0
146,0,0.0,-0.22807633769700064,0.0,0.0,0.0
146,1,0.0,0.0,0.0,0.0,-2.0574247623882576
146,2,0.0,0.0,0.0,0.0,-0.028749999999999998
146,3,0.0,0.0,0.0,0.0,0.0
146,4,0.0,0.0,0.0,0.0,0.0
147,0,0.0,-0.23140659096546412,0.0,0.0,0.0
147,1,0.0,0.0,0.0,0.0,-2.072008295349324
147,2,0.0,0.0,0.0,0.0,-0.028749999999999998
147,3,0.0,0.0,0.0,0.0,0.0
147,4,0.0,0.0,0.0,0.0,0.0
148,0,0.0,-0.2347627283902726,0.0,0.0,0.0
148,1,0.0,0.0,0.0,0.0,-2.0890455832755848
148,2,0.0,0.0,0.0,0.0,-0.028749999999999998
148,3,0.0,0.0,0.0,0.0,0.0
148,4,0.0,0.0,0.0,0.0,0.0
149,0,0.0,-0.23815062333881623,0.0,0.0,0.0
149,1,0.0,0.0,0.0,0.0,-2.101028461976185
149,2,0.0,0.0,0.0,0.0,-0.028749999999999998
149,3,0.0,0.0,0.0,0.0,0.0
149,4,0.0,0.0,0.0,0.0,0.0
150,0,0.0,-0.24155795576393765,0.0,0.0,0.0
150,1,0.0,0.0,0.0,0.0,-2.1229737954410965
150,2,0.0,0.0,0.0,0.0,-0.028749999999999998
150,3,0.0,0.0,0.0,0.0,0.0
150,4,0.0,0.0,0.0,0.0,0.0
151,0,0.0,-0.24500880306974435,0.0,0.0,0.0
151,1,0.0,0.0,0.0,0.0,-2.1298483891956517
151,2,0.0,0.0,0.0,0.0,-0.028749999999999998
151,3,0.0,0.0,0.0,0.0,0.0
151,4,0.0,0.0,0.0,0.0,0.0
152,0,0.0,-0.24846654590144385,0.0,0.0,0.0
152,1,0.0,0.0,0.0,0.0,-2.1318504301724985
152,2,0.0,0.0,0.0,0.0,-0.028749999999999998
152,3,0.0,0.0,0.0,0.0,0.0
152,4,0.0,0.0,0.0,0.0,0.0
153,0,0.0,-0.25191937800211095,0.0,0.0,0.0
153,1,0.0,0.0,0.0,0.0,-2.133848291463043
153,2,0.0,0.0,0.0,0.0,-0.028749999999999998
153,3,0.0,0.0,0.0,0.0,0.0
153,4,0.0,0.0,0.0,0.0,0.0
154,0,0.0,-0.25536730855101963,0.0,0.0,0.0
154,1,0.0,0.0,0.0,0.0,-2.140693538989258
154,2,0.0,0.0,0.0,0.0,-0.028749999999999998
154,3,0.0,0.0,0.0,0.0,0.0
154,4,0.0,0.0,0.0,0.0,0.0
155,0,0.0,-0.2588220814426912,0.0,0.0,0.0
155,1,0.0,0.0,0.0,0.0,-2.1525183978101543
155,2,0.0,0.0,0.0,0.0,-0.028749999999999998
155,3,0.0,0.0,0.0,0.0,0.0
155,4,0.0,0.0,0.0,0.0,0.0
156,0,0.0,-0.2622957380731097,0.0,0.0,0.0
156,1,0.0,0.0,0.0,0.0,-2.161806274124352
156,2,0.0,0.0,0.0,0.0,-0.028749999999999998
156,3,0.0,0.0,0.0,0.0,0.0
156,4,0.0,0.0,0.0,0.0,0.0
157,0,0.0,-0.2657820845633932,0.0,0.0,0.0
157,1,0.0,0.0,0.0,0.0,-2.168565633943851
157,2,0.0,0.0,0.0,0.0,-0.028749999999999998
157,3,0.0,0.0,0.0,0.0,0.0
157,4,0.0,0.0,0.0,0.0,0.0
158,0,0.0,-0.26927496437620163,0.0,0.0,0.0
158,1,0.0,0.0,0.0,0.0,-2.1778049115161573
158,2,0.0,0.0,0.0,0.0,-0.028749999999999998
158,3,0.0,0.0,0.0,0.0,0.0
158,4,0.0,0.0,0.0,0.0,0.0
159,0,0.0,-0.2727803673617156,0.0,0.0,0.0
159,1,0.0,0.0,0.0,0.0,-2.187015844386644
159,2,0.0,0.0,0.0,0.0,-0.028749999999999998
159,3,0.0,0.0,0.0,0.0,0.0
159,4,0.0,0.0,0.0,0.0,0.0
160,0,0.0,-0.2762981921570469,0.0,0.0,0.0
160,1,0.0,0.0,0.0,0.0,-2.1888897749559835
160,2,0.0,0.0,0.0,0.0,-0.028749999999999998
160,3,0.0,0.0,0.0,0.0,0.0
160,4,0.0,0.0,0.0,0.0,0.0
161,0,0.0,-0.27981065336665667,0.0,0.0,0.0
161,1,0.0,0.0,0.0,0.0,-2.1980684339200387
161,2,0.0,0.0,0.0,0.0,-0.028749999999999998
161,3,0.0,0.0,0.0,0.0,0.0
161,4,0.0,0.0,0.0,0.0,0.0
162,0,0.0,-0.28333544319823434,0.0,0.0,0.0
162,1,0.0,0.0,0.0,0.0,-2.2122189605545297
162,2,0.0,0.0,0.0,0.0,-0.028749999999999998
162,3,0.0,0.0,0.0,0.0,0.0
162,4,0.0,0.0,0.0,0.0,0.0
163,0,0.0,-0.2868845701633421,0.0,0.0,0.0
163,1,0.0,0.0,0.0,0.0,-2.2188247900378557
163,2,0.0,0.0,0.0,0.0,-0.028749999999999998
163,3,0.0,0.0,0.0,0.0,0.0
163,4,0.0,0.0,0.0,0.0,0.0
164,0,0.0,-0.29043969628965005,0.0,0.0,0.0
164,1,0.0,0.0,0.0,0.0,-2.2354110823107307
164,2,0.0,0.0,0.0,0.0,-0.028749999999999998
164,3,0.0,0.0,0.0,0.0,0.0
164,4,0.0,0.0,0.0,0.0,0.0
165,0,0.0,-0.2940249807941176,0.0,0.0,0.0
165,1,0.0,0.0,0.0,0.0,-2.2394445752195624
165,2,0.0,0.0,0.0,0.0,-0.028749999999999998
165,3,0.0,0.0,0.0,0.0,0.0
165,4,0.0,0.0,0.0,0.0,0.0
166,0,0.0,-0.29760993554659093,0.0,0.0,0.0
166,1,0.0,0.0,0.0,0.0,-2.2434671241196384
166,2,0.0,0.0,0.0,0.0,-0.028749999999999998
166,3,0.0,0.0,0.0,0.0,0.0
166,4,0.0,0.0,0.0,0.0,0.0
167,0,0.0,-0.30119453865934287,0.0,0.0,0.0
167,1,0.0,0.0,0.0,0.0,-2.2599787647273613
167,2,0.0,0.0,0.0,0.0,-0.028749999999999998
167,3,0.0,0.0,0.0,0.0,0.0
167,4,0.0,0.0,0.0,0.0,0.0
168,0,0.0,-0.3048090437196139,0.0,0.0,0.0
168,1,0.0,0.0,0.0,0.0,-2.2789378699681238
168,2,0.0,0.0,0.0,0.0,-0.028749999999999998
168,3,0.0,0.0,0.0,0.0,0.0
168,4,0.0,0.0,0.0,0.0,0.0
169,0,0.0,-0.3084593029534568,0.0,0.0,0.0
169,1,0.0,0.0,0.0,0.0,-2.279447732140479
169,2,0.0,0.0,0.0,0.0,-0.028749999999999998
169,3,0.0,0.0,0.0,0.0,0.0
169,4,0.0,0.0,0.0,0.0,0.0
170,0,0.0,-0.31210064324594083,0.0,0.0,0.0
170,1,0.0,0.0,0.0,0.0,-2.281131272492334
170,2,0.0,0.0,0.0,0.0,-0.028749999999999998
170,3,0.0,0.0,0.0,0.0,0.0
170,4,0.0,0.0,0.0,0.0,0.0
171,0,0.0,-0.31573583703664515,0.0,0.0,0.0
171,1,0.0,0.0,0.0,0.0,-2.290025660241907
171,2,0.0,0.0,0.0,0.0,-0.028749999999999998
171,3,0.0,0.0,0.0,0.0,0.0
171,4,0.0,0.0,0.0,0.0,0.0
172,0,0.0,-0.31938234885358924,0.0,0.0,0.0
172,1,0.0,0.0,0.0,0.0,-2.2988929333753303
172,2,0.0,0.0,0.0,0.0,-0.028749999999999998
172,3,0.0,0.0,0.0,0.0,0.0
172,4,0.0,0.0,0.0,0.0,0.0
173,0,0.0,-0.3230400834182381,0.0,0.0,0.0
173,1,0.0,0.0,0.0,0.0,-2.3102331881866935
173,2,0.0,0.0,0.0,0.0,-0.028749999999999998
173,3,0.0,0.0,0.0,0.0,0.0
173,4,0.0,0.0,0.0,0.0,0.0
174,0,0.0,-0.32671500168358597,0.0,0.0,0.0
174,1,0.0,0.0,0.0,0.0,-2.3240381880663623
174,2,0.0,0.0,0.0,0.0,-0.028749999999999998
174,3,0.0,0.0,0.0,0.0,0.0
174,4,0.0,0.0,0.0,0.0,0.0
175,0,0.0,-0.3304130290664849,0.0,0.0,0.0
175,1,0.0,0.0,0.0,0.0,-2.332799727278841
175,2,0.0,0.0,0.0,0.0,-0.028749999999999998
175,3,0.0,0.0,0.0,0.0,0.0
175,4,0.0,0.0,0.0,0.0,0.0
176,0,0.0,-0.3341218844518161,0.0,0.0,0.0
176,1,0.0,0.0,0.0,0.0,-2.346534628436391
176,2,0.0,0.0,0.0,0.0,-0.028749999999999998
176,3,0.0,0.0,0.0,0.0,0.0
176,4,0.0,0.0,0.0,0.0,0.0
177,0,0.0,-0.3378535895404792,0.0,0.0,0.0
177,1,0.0,0.0,0.0,0.0,-2.355226320917592
177,2,0.0,0.0,0.0,0.0,-0.028749999999999998
177,3,0.0,0.0,0.0,0.0,0.0
177,4,0.0,0.0,0.0,0.0,0.0
178,0,0.0,-0.3415958627197311,0.0,0.0,0.0
178,1,0.0,0.0,0.0,0.0,-2.3638916263546346
178,2,0.0,0.0,0.0,0.0,-0.028749999999999998
178,3,0.0,0.0,0.0,0.0,0.0
178,4,0.0,0.0,0.0,0.0,0.0
179,0,0.0,-0.3453486124885077,0.0,0.0,0.0
179,1,0.0,0.0,0.0,0.0,-2.37503063821475
179,2,0.0,0.0,0.0,0.0,-0.028749999999999998
179,3,0.0,0.0,0.0,0.0,0.0
179,4,0.0,0.0,0.0,0.0,0.0
180,0,0.0,-0.3491178057035206,0.0,0.0,0.0
180,1,0.0,0.0,0.0,0.0,-2.3886351170729863
180,2,0.0,0.0,0.0,0.0,-0.028749999999999998
180,3,0.0,0.0,0.0,0.0,0.0
180,4,0.0,0.0,0.0,0.0,0.0
181,0,0.0,-0.35290937339210215,0.0,0.0,0.0
181,1,0.0,0.0,0.0,0.0,-2.404696854390015
181,2,0.0,0.0,0.0,0.0,-0.028749999999999998
181,3,0.0,0.0,0.0,0.0,0.0
181,4,0.0,0.0,0.0,0.0,0.0
182,0,0.0,-0.3567292119236436,0.0,0.0,0.0
182,1,0.0,0.0,0.0,0.0,-2.420707672388628
182,2,0.0,0.0,0.0,0.0,-0.028749999999999998
182,3,0.0,0.0,0.0,0.0,0.0
182,4,0.0,0.0,0.0,0.0,0.0
183,0,0.0,-0.3605771229346976,0.0,0.0,0.0
183,1,0.0,0.0,0.0,0.0,-2.4341677564631015
183,2,0.0,0.0,0.0,0.0,-0.028749999999999998
183,3,0.0,0.0,0.0,0.0,0.0
183,4,0.0,0.0,0.0,0.0,0.0
184,0,0.0,-0.3644468471082638,0.0,0.0,0.0
184,1,0.0,0.0,0.0,0.0,-2.4550856238127237
184,2,0.0,0.0,0.0,0.0,-0.028749999999999998
184,3,0.0,0.0,0.0,0.0,0.0
184,4,0.0,0.0,0.0,0.0,0.0
185,0,0.0,-0.3683564118572538,0.0,0.0,0.0
185,1,0.0,0.0,0.0,0.0,-2.473436429538995
185,2,0.0,0.0,0.0,0.0,-0.028749999999999998
185,3,0.0,0.0,0.0,0.0,0.0
185,4,0.0,0.0,0.0,0.0,0.0
186,0,0.0,-0.37229948654710515,0.0,0.0,0.0
186,1,0.0,0.0,0.0,0.0,-2.4738027058060426
186,2,0.0,0.0,0.0,0.0,-0.028749999999999998
186,3,0.0,0.0,0.0,0.0,0.0
186,4,0.0,0.0,0.0,0.0,0.0
187,0,0.0,-0.37623251010621567,0.0,0.0,0.0
187,1,0.0,0.0,0.0,0.0,-2.4741685430266176
187,2,0.0,0.0,0.0,0.0,-0.028749999999999998
187,3,0.0,0.0,0.0,0.0,0.0
187,4,0.0,0.0,0.0,0.0,0.0
188,0,0.0,-0.3801555186995422,0.0,0.0,0.0
188,1,0.0,0.0,0.0,0.0,-2.49996038173697
188,2,0.0,0.0,0.0,0.0,-0.028749999999999998
188,3,0.0,0.0,0.0,0.0,0.0
188,4,0.0,0.0,0.0,0.0,0.0
189,0,0.0,-0.3841300464771316,0.0,0.0,0.0
189,1,0.0,0.0,0.0,0.0,-2.508168952393354
189,2,0.0,0.0,0.0,0.0,-0.028749999999999998
189,3,0.0,0.0,0.0,0.0,0.0
189,4,0.0,0.0,0.0,0.0,0.0
190,0,0.0,-0.38811330740311245,0.0,0.0,0.0
190,1,0.0,0.0,0.0,0.0,-2.5113681962145096
190,2,0.0,0.0,0.0,0.0,-0.028749999999999998
190,3,0.0,0.0,0.0,0.0,0.0
190,4,0.0,0.0,0.0,0.0,0.0
191,0,0.0,-0.3920931309393681,0.0,0.0,0.0
191,1,0.0,0.0,0.0,0.0,-2.527044176897942
191,2,0.0,0.0,0.0,0.0,-0.028749999999999998
191,3,0.0,0.0,0.0,0.0,0.0
191,4,0.0,0.0,0.0,0.0,0.0
192,0,0.0,-0.3960997885570896,0.0,0.0,0.0
192,1,0.0,0.0,0.0,0.0,-2.5401706369193393
192,2,0.0,0.0,0.0,0.0,-0.028749999999999998
192,3,0.0,0.0,0.0,0.0,0.0
192,4,0.0,0.0,0.0,0.0,0.0
193,0,0.0,-0.40012702368623926,0.0,0.0,0.0
193,1,0.0,0.0,0.0,0.0,-2.560756088730813
193,2,0.0,0.0,0.0,0.0,-0.028749999999999998
193,3,0.0,0.0,0.0,0.0,0.0
193,4,0.0,0.0,0.0,0.0,0.0
194,0,0.0,-0.4041928772970965,0.0,0.0,0.0
194,1,0.0,0.0,0.0,0.0,-2.5662756827061646
194,2,0.0,0.0,0.0,0.0,-0.028749999999999998
194,3,0.0,0.0,0.0,0.0,0.0
194,4,0.0,0.0,0.0,0.0,0.0
195,0,0.0,-0.4082606904631106,0.0,0.0,0.0
195,1,0.0,0.0,0.0,0.0,-2.5842796551653797
195,2,0.0,0.0,0.0,0.0,-0.028749999999999998
195,3,0.0,0.0,0.0,0.0,0.0
195,4,0.0,0.0,0.0,0.0,0.0
196,0,0.0,-0.4123607509288869,0.0,0.0,0.0
196,1,0.0,0.0,0.0,0.0,-2.597226396158994
196,2,0.0,0.0,0.0,0.0,-0.028749999999999998
196,3,0.0,0.0,0.0,0.0,0.0
196,4,0.0,0.0,0.0,0.0,0.0
197,0,0.0,-0.41648069940336657,0.0,0.0,0.0
197,1,0.0,0.0,0.0,0.0,-2.6051327794881503
197,2,0.0,0.0,0.0,0.0,-0.028749999999999998
197,3,0.0,0.0,0.0,0.0,0.0
197,4,0.0,0.0,0.0,0.0,0.0
198,0,0.0,-0.42060825011317077,0.0,0.0,0.0
198,1,0.0,0.0,0.0,0.0,-2.6063135434624667
198,2,0.0,0.0,0.0,0.0,-0.028749999999999998
198,3,0.0,0.0,0.0,0.0,0.0
198,4,0.0,0.0,0.0,0.0,0.0
199,0,0.0,-0.42472712360023523,0.0,0.0,0.0
199,1,0.0,0.0,0.0,0.0,-2.616694371915115
199,2,0.0,0.0,0.0,0.0,-0.028749999999999998
199,3,0.0,0.0,0.0,0.0,0.0
199,4,0.0,0.0,0.0,0.0,0.0
200,0,0.0,-0.4288596111410815,0.0,0.0,0.0
200,1,0.0,0.0,0.0,0.0,-2.624543407221166
200,2,0.0,0.0,0.0,0.0,-0.028749999999999998
200,3,0.0,0.0,0.0,0.0,0.0
200,4,0.0,0.0,0.0,0.0,0.0
201,0,0.0,-0.43299953349139547,0.0,0.0,0.0
201,1,0.0,0.0,0.0,0.0,-2.625699305089646
201,2,0.0,0.0,0.0,0.0,-0.028749999999999998
201,3,0.0,0.0,0.0,0.0,0.0
201,4,0.0,0.0,0.0,0.0,0.0
202,0,0.0,-0.43713069666381316,0.0,0.0,0.0
202,1,0.0,0.0,0.0,0.0,-2.6385230481362867
202,2,0.0,0.0,0.0,0.0,-0.028749999999999998
202,3,0.0,0.0,0.0,0.0,0.0
202,4,0.0,0.0,0.0,0.0,0.0
203,0,0.0,-0.44128137085847713,0.0,0.0,0.0
203,1,0.0,0.0,0.0,0.0,-2.643806864417583
203,2,0.0,0.0,0.0,0.0,-0.028749999999999998
203,3,0.0,0.0,0.0,0.0,0.0
203,4,0.0,0.0,0.0,0.0,0.0
204,0,0.0,-0.4454332126458792,0.0,0.0,0.0
204,1,0.0,0.0,0.0,0.0,-2.6615758953097384
204,2,0.0,0.0,0.0,0.0,-0.028749999999999998
204,3,0.0,0.0,0.0,0.0,0.0
204,4,0.0,0.0,0.0,0.0,0.0
205,0,0.0,-0.44961650747865484,0.0,0.0,0.0
205,1,0.0,0.0,0.0,0.0,-2.6618017777192517
205,2,0.0,0.0,0.0,0.0,-0.028749999999999998
205,3,0.0,0.0,0.0,0.0,0.0
205,4,0.0,0.0,0.0,0.0,0.0
206,0,0.0,-0.4537887984932985,0.0,0.0,0.0
206,1,0.0,0.0,0.0,0.0,-2.6620274043138554
206,2,0.0,0.0,0.0,0.0,-0.028749999999999998
206,3,0.0,0.0,0.0,0.0,0.0
206,4,0.0,0.0,0.0,0.0,0.0
207,0,0.0,-0.4579501253435905,0.0,0.0,0.0
207,1,0.0,0.0,0.0,0.0,-2.6747403090765083
207,2,0.0,0.0,0.0,0.0,-0.028749999999999998
207,3,0.0,0.0,0.0,0.0,0.0
207,4,0.0,0.0,0.0,0.0,0.0
208,0,0.0,-0.4621306156248686,0.0,0.0,0.0
208,1,0.0,0.0,0.0,0.0,-2.6758364701467756
208,2,0.0,0.0,0.0,0.0,-0.028749999999999998
208,3,0.0,0.0,0.0,0.0,0.0
208,4,0.0,0.0,0.0,0.0,0.0
209,0,0.0,-0.46630211782966535,0.0,0.0,0.0
209,1,0.0,0.0,0.0,0.0,-2.6860080498169823
209,2,0.0,0.0,0.0,0.0,-0.028749999999999998
209,3,0.0,0.0,0.0,0.0,0.0
209,4,0.0,0.0,0.0,0.0,0.0
210,0,0.0,-0.4704865956360824,0.0,0.0,0.0
210,1,0.0,0.0,0.0,0.0,-2.7061485766261564
210,2,0.0,0.0,0.0,0.0,-0.028749999999999998
210,3,0.0,0.0,0.0,0.0,0.0
210,4,0.0,0.0,0.0,0.0,0.0
211,0,0.0,-0.4747081873509971,0.0,0.0,0.0
211,1,0.0,0.0,0.0,0.0,-2.728724830884897
211,2,0.0,0.0,0.0,0.0,-0.028749999999999998
211,3,0.0,0.0,0.0,0.0,0.0
211,4,0.0,0.0,0.0,0.0,0.0
212,0,0.0,-0.4789727031502286,0.0,0.0,0.0
212,1,0.0,0.0,0.0,0.0,-2.7387287150504087
212,2,0.0,0.0,0.0,0.0,-0.028749999999999998
212,3,0.0,0.0,0.0,0.0,0.0
212,4,0.0,0.0,0.0,0.0,0.0
213,0,0.0,-0.48324952942059146,0.0,0.0,0.0
213,1,0.0,0.0,0.0,0.0,-2.7487021570934975
213,2,0.0,0.0,0.0,0.0,-0.028749999999999998
213,3,0.0,0.0,0.0,0.0,0.0
213,4,0.0,0.0,0.0,0.0,0.0
214,0,0.0,-0.48753855923290296,0.0,0.0,0.0
214,1,0.0,0.0,0.0,0.0,-2.749717569680799
214,2,0.0,0.0,0.0,0.0,-0.028749999999999998
214,3,0.0,0.0,0.0,0.0,0.0
214,4,0.0,0.0,0.0,0.0,0.0
215,0,0.0,-0.49181811169916684,0.0,0.0,0.0
215,1,0.0,0.0,0.0,0.0,-2.772159087261549
215,2,0.0,0.0,0.0,0.0,-0.028749999999999998
215,3,0.0,0.0,0.0,0.0,0.0
215,4,0.0,0.0,0.0,0.0,0.0
216,0,0.0,-0.4961401061766583,0.0,0.0,0.0
216,1,0.0,0.0,0.0,0.0,-2.7970287187477676
216,2,0.0,0.0,0.0,0.0,-0.028749999999999998
216,3,0.0,0.0,0.0,0.0,0.0
216,4,0.0,0.0,0.0,0.0,0.0
217,0,0.0,-0.5005103232078241,0.0,0.0,0.0
217,1,0.0,0.0,0.0,0.0,-2.8093183950325793
217,2,0.0,0.0,0.0,0.0,-0.028749999999999998
217,3,0.0,0.0,0.0,0.0,0.0
217,4,0.0,0.0,0.0,0.0,0.0
218,0,0.0,-0.5048981058474549,0.0,0.0,0.0
218,1,0.0,0.0,0.0,0.0,-2.8140700724092564
218,2,0.0,0.0,0.0,0.0,-0.028749999999999998
218,3,0.0,0.0,0.0,0.0,0.0
218,4,0.0,0.0,0.0,0.0,0.0
219,0,0.0,-0.509285114146932,0.0,0.0,0.0
219,1,0.0,0.0,0.0,0.0,-2.823808884727704
219,2,0.0,0.0,0.0,0.0,-0.028749999999999998
219,3,0.0,0.0,0.0,0.0,0.0
219,4,0.0,0.0,0.0,0.0,0.0
220,0,0.0,-0.5136834540704159,0.0,0.0,0.0
220,1,0.0,0.0,0.0,0.0,-2.824748105328635
220,2,0.0,0.0,0.0,0.0,-0.028749999999999998
220,3,0.0,0.0,0.0,0.0,0.0
220,4,0.0,0.0,0.0,0.0,0.0
221,0,0.0,-0.5180718364944306,0.0,0.0,0.0
221,1,0.0,0.0,0.0,0.0,-2.8369560281487254
221,2,0.0,0.0,0.0,0.0,-0.028749999999999998
221,3,0.0,0.0,0.0,0.0,0.0
221,4,0.0,0.0,0.0,0.0,0.0
222,0,0.0,-0.5224775405081051,0.0,0.0,0.0
222,1,0.0,0.0,0.0,0.0,-2.84162623712948
222,2,0.0,0.0,0.0,0.0,-0.028749999999999998
222,3,0.0,0.0,0.0,0.0,0.0
222,4,0.0,0.0,0.0,0.0,0.0
223,0,0.0,-0.5268822324360931,0.0,0.0,0.0
223,1,0.0,0.0,0.0,0.0,-2.8487838650334947
223,2,0.0,0.0,0.0,0.0,-0.028749999999999998
223,3,0.0,0.0,0.0,0.0,0.0
223,4,0.0,0.0,0.0,0.0,0.0
224,0,0.0,-0.5312919518961386,0.0,0.0,0.0
224,1,0.0,0.0,0.0,0.0,-2.858420620237235
224,2,0.0,0.0,0.0,0.0,-0.028749999999999998
224,3,0.0,0.0,0.0,0.0,0.0
224,4,0.0,0.0,0.0,0.0,0.0
225,0,0.0,-0.5357127001136022,0.0,0.0,0.0
225,1,0.0,0.0,0.0,0.0,-2.870528242213455
225,2,0.0,0.0,0.0,0.0,-0.028749999999999998
225,3,0.0,0.0,0.0,0.0,0.0
225,4,0.0,0.0,0.0,0.0,0.0
226,0,0.0,-0.5401504410175524,0.0,0.0,0.0
226,1,0.0,0.0,0.0,0.0,-2.8800985014068163
226,2,0.0,0.0,0.0,0.0,-0.028749999999999998
226,3,0.0,0.0,0.0,0.0,0.0
226,4,0.0,0.0,0.0,0.0,0.0
227,0,0.0,-0.5445989730462873,0.0,0.0,0.0
227,1,0.0,0.0,0.0,0.0,-2.8846398641747286
227,2,0.0,0.0,0.0,0.0,-0.028749999999999998
227,3,0.0,0.0,0.0,0.0,0.0
227,4,0.0,0.0,0.0,0.0,0.0
228,0,0.0,-0.5490460692060678,0.0,0.0,0.0
228,1,0.0,0.0,0.0,0.0,-2.8991690976436537
228,2,0.0,0.0,0.0,0.0,-0.028749999999999998
228,3,0.0,0.0,0.0,0.0,0.0
228,4,0.0,0.0,0.0,0.0,0.0
229,0,0.0,-0.5535159618027767,0.0,0.0,0.0
229,1,0.0,0.0,0.0,0.0,-2.9013690612269714
229,2,0.0,0.0,0.0,0.0,-0.028749999999999998
229,3,0.0,0.0,0.0,0.0,0.0
229,4,0.0,0.0,0.0,0.0,0.0
230,0,0.0,-0.5579786987564485,0.0,0.0,0.0
230,1,0.0,0.0,0.0,0.0,-2.9058482773191248
230,2,0.0,0.0,0.0,0.0,-0.028749999999999998
230,3,0.0,0.0,0.0,0.0,0.0
230,4,0.0,0.0,0.0,0.0,0.0
231,0,0.0,-0.5624398161111702,0.0,0.0,0.0
231,1,0.0,0.0,0.0,0.0,-2.912815579143134
231,2,0.0,0.0,0.0,0.0,-0.028749999999999998
231,3,0.0,0.0,0.0,0.0,0.0
231,4,0.0,0.0,0.0,0.0,0.0
232,0,0.0,-0.5669053548375427,0.0,0.0,0.0
232,1,0.0,0.0,0.0,0.0,-2.9322626725329273
232,2,0.0,0.0,0.0,0.0,-0.028749999999999998
232,3,0.0,0.0,0.0,0.0,0.0
232,4,0.0,0.0,0.0,0.0,0.0
233,0,0.0,-0.5714055686182826,0.0,0.0,0.0
233,1,0.0,0.0,0.0,0.0,-2.9466479642995274
233,2,0.0,0.0,0.0,0.0,-0.028749999999999998
233,3,0.0,0.0,0.0,0.0,0.0
233,4,0.0,0.0,0.0,0.0,0.0
234,0,0.0,-0.5759280860816929,0.0,0.0,0.0
234,1,0.0,0.0,0.0,0.0,-2.947466733778222
234,2,0.0,0.0,0.0,0.0,-0.028749999999999998
234,3,0.0,0.0,0.0,0.0,0.0
234,4,0.0,0.0,0.0,0.0,0.0
235,0,0.0,-0.5804400523464328,0.0,0.0,0.0
235,1,0.0,0.0,0.0,0.0,-2.9668060029819183
235,2,0.0,0.0,0.0,0.0,-0.028749999999999998
235,3,0.0,0.0,0.0,0.0,0.0
235,4,0.0,0.0,0.0,0.0,0.0
236,0,0.0,-0.5849863057249665,0.0,0.0,0.0
236,1,0.0,0.0,0.0,0.0,-2.973583859755654
236,2,0.0,0.0,0.0,0.0,-0.028749999999999998
236,3,0.0,0.0,0.0,0.0,0.0
236,4,0.0,0.0,0.0,0.0,0.0
237,0,0.0,-0.5895362849965782,0.0,0.0,0.0
237,1,0.0,0.0,0.0,0.0,-2.9756315277288063
237,2,0.0,0.0,0.0,0.0,-0.028749999999999998
237,3,0.0,0.0,0.0,0.0,0.0
237,4,0.0,0.0,0.0,0.0,0.0
238,0,0.0,-0.5940785324482187,0.0,0.0,0.0
238,1,0.0,0.0,0.0,0.0,-2.994885730213792
238,2,0.0,0.0,0.0,0.0,-0.028749999999999998
238,3,0.0,0.0,0.0,0.0,0.0
238,4,0.0,0.0,0.0,0.0,0.0
239,0,0.0,-0.5986547780435363,0.0,0.0,0.0
239,1,0.0,0.0,0.0,0.0,-2.9990790300764
239,2,0.0,0.0,0.0,0.0,-0.028749999999999998
239,3,0.0,0.0,0.0,0.0,0.0
239,4,0.0,0.0,0.0,0.0,0.0
240,0,0.0,-0.6032284012895872,0.0,0.0,0.0
240,1,0.0,0.0,0.0,0.0,-3.0082612265638313
240,2,0.0,0.0,0.0,0.0,-0.028749999999999998
240,3,0.0,0.0,0.0,0.0,0.0
240,4,0.0,0.0,0.0,0.0,0.0
241,0,0.0,-0.6078115104759049,0.0,0.0,0.0
241,1,0.0,0.0,0.0,0.0,-3.0090236206020173
241,2,0.0,0.0,0.0,0.0,-0.028749999999999998
241,3,0.0,0.0,0.0,0.0,0.0
241,4,0.0,0.0,0.0,0.0,0.0
242,0,0.0,-0.6123837851509503,0.0,0.0,0.0
242,1,0.0,0.0,0.0,0.0,-3.0131776443767184
242,2,0.0,0.0,0.0,0.0,-0.028749999999999998
242,3,0.0,0.0,0.0,0.0,0.0
242,4,0.0,0.0,0.0,0.0,0.0
243,0,0.0,-0.6169533627945837,0.0,0.0,0.0
243,1,0.0,0.0,0.0,0.0,-3.0223205785911853
243,2,0.0,0.0,0.0,0.0,-0.028749999999999998
243,3,0.0,0.0,0.0,0.0,0.0
243,4,0.0,0.0,0.0,0.0,0.0
244,0,0.0,-0.6215323478185085,0.0,0.0,0.0
244,1,0.0,0.0,0.0,0.0,-3.0264366038657395
244,2,0.0,0.0,0.0,0.0,-0.028749999999999998
244,3,0.0,0.0,0.0,0.0,0.0
244,4,0.0,0.0,0.0,0.0,0.0
245,0,0.0,-0.626108529410576,0.0,0.0,0.0
245,1,0.0,0.0,0.0,0.0,-3.026364125655378
245,2,0.0,0.0,0.0,0.0,-0.028749999999999998
245,3,0.0,0.0,0.0,0.0,0.0
245,4,0.0,0.0,0.0,0.0,0.0
246,0,0.0,-0.6306720218360395,0.0,0.0,0.0
246,1,0.0,0.0,0.0,0.0,-3.042970023542557
246,2,0.0,0.0,0.0,0.0,-0.028749999999999998
246,3,0.0,0.0,0.0,0.0,0.0
246,4,0.0,0.0,0.0,0.0,0.0
247,0,0.0,-0.6352630300831023,0.0,0.0,0.0
247,1,0.0,0.0,0.0,0.0,-3.054523656989466
247,2,0.0,0.0,0.0,0.0,-0.028749999999999998
247,3,0.0,0.0,0.0,0.0,0.0
247,4,0.0,0.0,0.0,0.0,0.0
248,0,0.0,-0.639869233349213,0.0,0.0,0.0
248,1,0.0,0.0,0.0,0.0,-3.071041880612745
248,2,0.0,0.0,0.0,0.0,-0.028749999999999998
248,3,0.0,0.0,0.0,0.0,0.0
248,4,0.0,0.0,0.0,0.0,0.0
249,0,0.0,-0.6445026235151543,0.0,0.0,0.0
249,1,0.0,0.0,0.0,0.0,-3.071748485498763
249,2,0.0,0.0,0.0,0.0,-0.028749999999999998
249,3,0.0,0.0,0.0,0.0,0.0
249,4,0.0,0.0,0.0,0.0,0.0
250,0,0.0,-0.649124933053938,0.0,0.0,0.0
250,1,0.0,0.0,0.0,0.0,-3.093213920081975
250,2,0.0,0.0,0.0,0.0,-0.028749999999999998
250,3,0.0,0.0,0.0,0.0,0.0
250,4,0.0,0.0,0.0,0.0,0.0
251,0,0.0,-0.6537863763938654,0.0,0.0,0.0
251,1,0.0,0.0,0.0,0.0,-3.107110930300747
251,2,0.0,0.0,0.0,0.0,-0.028749999999999998
251,3,0.0,0.0,0.0,0.0,0.0
251,4,0.0,0.0,0.0,0.0,0.0
252,0,0.0,-0.6584685005931961,0.0,0.0,0.0
252,1,0.0,0.0,0.0,0.0,-3.1184647638244316
252,2,0.0,0.0,0.0,0.0,-0.028749999999999998
252,3,0.0,0.0,0.0,0.0,0.0
252,4,0.0,0.0,0.0,0.0,0.0
253,0,0.0,-0.6631650833118001,0.0,0.0,0.0
253,1,0.0,0.0,0.0,0.0,-3.1422839085419274
253,2,0.0,0.0,0.0,0.0,-0.028749999999999998
253,3,0.0,0.0,0.0,0.0,0.0
253,4,0.0,0.0,0.0,0.0,0.0
254,0,0.0,-0.6679063073714515,0.0,0.0,0.0
254,1,0.0,0.0,0.0,0.0,-3.151026825299151
254,2,0.0,0.0,0.0,0.0,-0.028749999999999998
254,3,0.0,0.0,0.0,0.0,0.0
254,4,0.0,0.0,0.0,0.0,0.0
255,0,0.0,-0.6726554938810724,0.0,0.0,0.0
255,1,0.0,0.0,0.0,0.0,-3.164743788540545
255,2,0.0,0.0,0.0,0.0,-0.028749999999999998
255,3,0.0,0.0,0.0,0.0,0.0
255,4,0.0,0.0,0.0,0.0,0.0
256,0,0.0,-0.6774246825505278,0.0,0.0,0.0
256,1,0.0,0.0,0.0,0.0,-3.170918223887465
256,2,0.0,0.0,0.0,0.0,-0.028749999999999998
256,3,0.0,0.0,0.0,0.0,0.0
256,4,0.0,0.0,0.0,0.0,0.0
257,0,0.0,-0.6821955286241145,0.0,0.0,0.0
257,1,0.0,0.0,0.0,0.0,-3.1845752817650883
257,2,0.0,0.0,0.0,0.0,-0.028749999999999998
257,3,0.0,0.0,0.0,0.0,0.0
257,4,0.0,0.0,0.0,0.0,0.0
258,0,0.0,-0.6869861724162408,0.0,0.0,0.0
258,1,0.0,0.0,0.0,0.0,-3.184359265499645
258,2,0.0,0.0,0.0,0.0,-0.028749999999999998
258,3,0.0,0.0,0.0,0.0,0.0
258,4,0.0,0.0,0.0,0.0,0.0
259,0,0.0,-0.6917631994551463,0.0,0.0,0.0
259,1,0.0,0.0,0.0,0.0,-3.1860411565879985
259,2,0.0,0.0,0.0,0.0,-0.028749999999999998
259,3,0.0,0.0,0.0,0.0,0.0
259,4,0.0,0.0,0.0,0.0,0.0
260,0,0.0,-0.6965310215100156,0.0,0.0,0.0
260,1,0.0,0.0,0.0,0.0,-3.2071542483211943
260,2,0.0,0.0,0.0,0.0,-0.028749999999999998
260,3,0.0,0.0,0.0,0.0,0.0
260,4,0.0,0.0,0.0,0.0,0.0
261,0,0.0,-0.7013367249327445,0.0,0.0,0.0
261,1,0.0,0.0,0.0,0.0,-3.2157001789052275
261,2,0.0,0.0,0.0,0.0,-0.028749999999999998
261,3,0.0,0.0,0.0,0.0,0.0
261,4,0.0,0.0,0.0,0.0,0.0
262,0,0.0,-0.7061497392673918,0.0,0.0,0.0
262,1,0.0,0.0,0.0,0.0,-3.215454847007046
262,2,0.0,0.0,0.0,0.0,-0.028749999999999998
262,3,0.0,0.0,0.0,0.0,0.0
262,4,0.0,0.0,0.0,0.0,0.0
263,0,0.0,-0.7109490207627337,0.0,0.0,0.0
263,1,0.0,0.0,0.0,0.0,-3.215209906425457
263,2,0.0,0.0,0.0,0.0,-0.028749999999999998
263,3,0.0,0.0,0.0,0.0,0.0
263,4,0.0,0.0,0.0,0.0,0.0
264,0,0.0,-0.7157346190488787,0.0,0.0,0.0
264,1,0.0,0.0,0.0,0.0,-3.226233590981051
264,2,0.0,0.0,0.0,0.0,-0.028749999999999998
264,3,0.0,0.0,0.0,0.0,0.0
264,4,0.0,0.0,0.0,0.0,0.0
265,0,0.0,-0.720533594361459,0.0,0.0,0.0
265,1,0.0,0.0,0.0,0.0,-3.2347237653122365
265,2,0.0,0.0,0.0,0.0,-0.028749999999999998
265,3,0.0,0.0,0.0,0.0,0.0
265,4,0.0,0.0,0.0,0.0,0.0
266,0,0.0,-0.7253397711937152,0.0,0.0,0.0
266,1,0.0,0.0,0.0,0.0,-3.238210572581273
266,2,0.0,0.0,0.0,0.0,-0.028749999999999998
266,3,0.0,0.0,0.0,0.0,0.0
266,4,0.0,0.0,0.0,0.0,0.0
267,0,0.0,-0.7301410101830728,0.0,0.0,0.0
267,1,0.0,0.0,0.0,0.0,-3.241689142037501
267,2,0.0,0.0,0.0,0.0,-0.028749999999999998
267,3,0.0,0.0,0.0,0.0,0.0
267,4,0.0,0.0,0.0,0.0,0.0
268,0,0.0,-0.7349373086749531,0.0,0.0,0.0
268,1,0.0,0.0,0.0,0.0,-3.2432838136738638
268,2,0.0,0.0,0.0,0.0,-0.028749999999999998
268,3,0.0,0.0,0.0,0.0,0.0
268,4,0.0,0.0,0.0,0.0,0.0
269,0,0.0,-0.7397241698060733,0.0,0.0,0.0
269,1,0.0,0.0,0.0,0.0,-3.249229296445103
269,2,0.0,0.0,0.0,0.0,-0.028749999999999998
269,3,0.0,0.0,0.0,0.0,0.0
269,4,0.0,0.0,0.0,0.0,0.0
270,0,0.0,-0.7445121107454304,0.0,0.0,0.0
270,1,0.0,0.0,0.0,0.0,-3.2601581961921644
270,2,0.0,0.0,0.0,0.0,-0.028749999999999998
270,3,0.0,0.0,0.0,0.0,0.0
270,4,0.0,0.0,0.0,0.0,0.0
271,0,0.0,-0.7493131987147189,0.0,0.0,0.0
271,1,0.0,0.0,0.0,0.0,-3.263579166376902
271,2,0.0,0.0,0.0,0.0,-0.028749999999999998
271,3,0.0,0.0,0.0,0.0,0.0
271,4,0.0,0.0,0.0,0.0,0.0
272,0,0.0,-0.7541092175702352,0.0,0.0,0.0
272,1,0.0,0.0,0.0,0.0,-3.266992120237563
272,2,0.0,0.0,0.0,0.0,-0.028749999999999998
272,3,0.0,0.0,0.0,0.0,0.0
272,4,0.0,0.0,0.0,0.0,0.0
273,0,0.0,-0.7589001654444236,0.0,0.0,0.0
273,1,0.0,0.0,0.0,0.0,-3.2685476131944973
273,2,0.0,0.0,0.0,0.0,-0.028749999999999998
273,3,0.0,0.0,0.0,0.0,0.0
273,4,0.0,0.0,0.0,0.0,0.0
274,0,0.0,-0.7636816145901821,0.0,0.0,0.0
274,1,0.0,0.0,0.0,0.0,-3.279424211520723
274,2,0.0,0.0,0.0,0.0,-0.028749999999999998
274,3,0.0,0.0,0.0,0.0,0.0
274,4,0.0,0.0,0.0,0.0,0.0
275,0,0.0,-0.7684761063456033,0.0,0.0,0.0
275,1,0.0,0.0,0.0,0.0,-3.2952677891591953
275,2,0.0,0.0,0.0,0.0,-0.028749999999999998
275,3,0.0,0.0,0.0,0.0,0.0
275,4,0.0,0.0,0.0,0.0,0.0
276,0,0.0,-0.7732956300194457,0.0,0.0,0.0
276,1,0.0,0.0,0.0,0.0,-3.306061798176774
276,2,0.0,0.0,0.0,0.0,-0.028749999999999998
276,3,0.0,0.0,0.0,0.0,0.0
276,4,0.0,0.0,0.0,0.0,0.0
277,0,0.0,-0.7781278905127123,0.0,0.0,0.0
277,1,0.0,0.0,0.0,0.0,-3.305727750547758
277,2,0.0,0.0,0.0,0.0,-0.028749999999999998
277,3,0.0,0.0,0.0,0.0,0.0
277,4,0.0,0.0,0.0,0.0,0.0
278,0,0.0,-0.7829462216817689,0.0,0.0,0.0
278,1,0.0,0.0,0.0,0.0,-3.3164907924766083
278,2,0.0,0.0,0.0,0.0,-0.028749999999999998
278,3,0.0,0.0,0.0,0.0,0.0
278,4,0.0,0.0,0.0,0.0,0.0
279,0,0.0,-0.7877772193842757,0.0,0.0,0.0
279,1,0.0,0.0,0.0,0.0,-3.3161465001425268
279,2,0.0,0.0,0.0,0.0,-0.028749999999999998
279,3,0.0,0.0,0.0,0.0,0.0
279,4,0.0,0.0,0.0,0.0,0.0
280,0,0.0,-0.7925942780287373,0.0,0.0,0.0
280,1,0.0,0.0,0.0,0.0,-3.3268787136420683
280,2,0.0,0.0,0.0,0.0,-0.028749999999999998
280,3,0.0,0.0,0.0,0.0,0.0
280,4,0.0,0.0,0.0,0.0,0.0
281,0,0.0,-0.7974239334411904,0.0,0.0,0.0
281,1,0.0,0.0,0.0,0.0,-3.3325784202174025
281,2,0.0,0.0,0.0,0.0,-0.028749999999999998
281,3,0.0,0.0,0.0,0.0,0.0
281,4,0.0,0.0,0.0,0.0,0.0
282,0,0.0,-0.8022539724039439,0.0,0.0,0.0
282,1,0.0,0.0,0.0,0.0,-3.335805188848986
282,2,0.0,0.0,0.0,0.0,-0.028749999999999998
282,3,0.0,0.0,0.0,0.0,0.0
282,4,0.0,0.0,0.0,0.0,0.0
283,0,0.0,-0.8070784155183846,0.0,0.0,0.0
283,1,0.0,0.0,0.0,0.0,-3.3372647272425042
283,2,0.0,0.0,0.0,0.0,-0.028749999999999998
283,3,0.0,0.0,0.0,0.0,0.0
283,4,0.0,0.0,0.0,0.0,0.0
284,0,0.0,-0.8118930661393261,0.0,0.0,0.0
284,1,0.0,0.0,0.0,0.0,-3.3368995009605773
284,2,0.0,0.0,0.0,0.0,-0.028749999999999998
284,3,0.0,0.0,0.0,0.0,0.0
284,4,0.0,0.0,0.0,0.0,0.0
285,0,0.0,-0.8166938014177395,0.0,0.0,0.0
285,1,0.0,0.0,0.0,0.0,-3.337379417018053
285,2,0.0,0.0,0.0,0.0,-0.028749999999999998
285,3,0.0,0.0,0.0,0.0,0.0
285,4,0.0,0.0,0.0,0.0,0.0
286,0,0.0,-0.8214825778549217,0.0,0.0,0.0
286,1,0.0,0.0,0.0,0.0,-3.3405977670285267
286,2,0.0,0.0,0.0,0.0,-0.028749999999999998
286,3,0.0,0.0,0.0,0.0,0.0
286,4,0.0,0.0,0.0,0.0,0.0
287,0,0.0,-0.8262658703332754,0.0,0.0,0.0
287,1,0.0,0.0,0.0,0.0,-3.3402293580876825
287,2,0.0,0.0,0.0,0.0,-0.028749999999999998
287,3,0.0,0.0,0.0,0.0,0.0
287,4,0.0,0.0,0.0,0.0,0.0
288,0,0.0,-0.8310353507860363,0.0,0.0,0.0
288,1,0.0,0.0,0.0,0.0,-3.341681917120708
288,2,0.0,0.0,0.0,0.0,-0.028749999999999998
288,3,0.0,0.0,0.0,0.0,0.0
288,4,0.0,0.0,0.0,0.0,0.0
289,0,0.0,-0.8357952031210283,0.0,0.0,0.0
289,1,0.0,0.0,0.0,0.0,-3.35484928520794
289,2,0.0,0.0,0.0,0.0,-0.028749999999999998
289,3,0.0,0.0,0.0,0.0,0.0
289,4,0.0,0.0,0.0,0.0,0.0
290,0,0.0,-0.8405737045524388,0.0,0.0,0.0
290,1,0.0,0.0,0.0,0.0,-3.36297601976296
290,2,0.0,0.0,0.0,0.0,-0.028749999999999998
290,3,0.0,0.0,0.0,0.0,0.0
290,4,0.0,0.0,0.0,0.0,0.0
291,0,0.0,-0.845358620529848,0.0,0.0,0.0
291,1,0.0,0.0,0.0,0.0,-3.3661288519264314
291,2,0.0,0.0,0.0,0.0,-0.028749999999999998
291,3,0.0,0.0,0.0,0.0,0.0
291,4,0.0,0.0,0.0,0.0,0.0
292,0,0.0,-0.8501379175116167,0.0,0.0,0.0
292,1,0.0,0.0,0.0,0.0,-3.3657345781422316
292,2,0.0,0.0,0.0,0.0,-0.028749999999999998
292,3,0.0,0.0,0.0,0.0,0.0
292,4,0.0,0.0,0.0,0.0,0.0
293,0,0.0,-0.8549033755444913,0.0,0.0,0.0
293,1,0.0,0.0,0.0,0.0,-3.3661890442651448
293,2,0.0,0.0,0.0,0.0,-0.028749999999999998
293,3,0.0,0.0,0.0,0.0,0.0
293,4,0.0,0.0,0.0,0.0,0.0
294,0,0.0,-0.8596569532635524,0.0,0.0,0.0
294,1,0.0,0.0,0.0,0.0,-3.3657950896025093
294,2,0.0,0.0,0.0,0.0,-0.028749999999999998
294,3,0.0,0.0,0.0,0.0,0.0
294,4,0.0,0.0,0.0,0.0,0.0
295,0,0.0,-0.8643967818937619,0.0,0.0,0.0
295,1,0.0,0.0,0.0,0.0,-3.3662492476697126
295,2,0.0,0.0,0.0,0.0,-0.028749999999999998
295,3,0.0,0.0,0.0,0.0,0.0
295,4,0.0,0.0,0.0,0.0,0.0
296,0,0.0,-0.8691248153650198,0.0,0.0,0.0
296,1,0.0,0.0,0.0,0.0,-3.3768482566776274
296,2,0.0,0.0,0.0,0.0,-0.028749999999999998
296,3,0.0,0.0,0.0,0.0,0.0
296,4,0.0,0.0,0.0,0.0,0.0
297,0,0.0,-0.873865382434499,0.0,0.0,0.0
297,1,0.0,0.0,0.0,0.0,-3.3899151970591106
297,2,0.0,0.0,0.0,0.0,-0.028749999999999998
297,3,0.0,0.0,0.0,0.0,0.0
297,4,0.0,0.0,0.0,0.0,0.0
298,0,0.0,-0.8786244076759316,0.0,0.0,0.0
298,1,0.0,0.0,0.0,0.0,-3.3894972734454707
298,2,0.0,0.0,0.0,0.0,-0.028749999999999998
298,3,0.0,0.0,0.0,0.0,0.0
298,4,0.0,0.0,0.0,0.0,0.0
299,0,0.0,-0.8833696289972442,0.0,0.0,0.0
299,1,0.0,0.0,0.0,0.0,-3.397525917915597
299,2,0.0,0.0,0.0,0.0,-0.028749999999999998
299,3,0.0,0.0,0.0,0.0,0.0
299,4,0.0,0.0,0.0,0.0,0.0
300,0,0.0,-0.8881211319442676,0.0,0.0,0.0
300,1,0.0,0.0,0.0,0.0,-3.410531076418776
300,2,0.0,0.0,0.0,0.0,-0.028749999999999998
300,3,0.0,0.0,0.0,0.0,0.0
300,4,0.0,0.0,0.0,0.0,0.0
301,0,0.0,-0.8928909132629972,0.0,0.0,0.0
301,1,0.0,0.0,0.0,0.0,-3.425996165205381
301,2,0.0,0.0,0.0,0.0,-0.028749999999999998
301,3,0.0,0.0,0.0,0.0,0.0
301,4,0.0,0.0,0.0,0.0,0.0
302,0,0.0,-0.8976848620904335,0.0,0.0,0.0
302,1,0.0,0.0,0.0,0.0,-3.4314129952378654
302,2,0.0,0.0,0.0,0.0,-0.028749999999999998
302,3,0.0,0.0,0.0,0.0,0.0
302,4,0.0,0.0,0.0,0.0,0.0
303,0,0.0,-0.9024786509863125,0.0,0.0,0.0
303,1,0.0,0.0,0.0,0.0,-3.4318130150018917
303,2,0.0,0.0,0.0,0.0,-0.028749999999999998
303,3,0.0,0.0,0.0,0.0,0.0
303,4,0.0,0.0,0.0,0.0,0.0
304,0,0.0,-0.9072603864601793,0.0,0.0,0.0
304,1,0.0,0.0,0.0,0.0,-3.4472150152664995
304,2,0.0,0.0,0.0,0.0,-0.028749999999999998
304,3,0.0,0.0,0.0,0.0,0.0
304,4,0.0,0.0,0.0,0.0,0.0
305,0,0.0,-0.9120661032668578,0.0,0.0,0.0
305,1,0.0,0.0,0.0,0.0,-3.4650689781503976
305,2,0.0,0.0,0.0,0.0,-0.028749999999999998
305,3,0.0,0.0,0.0,0.0,0.0
305,4,0.0,0.0,0.0,0.0,0.0
306,0,0.0,-0.9169016562896682,0.0,0.0,0.0
306,1,0.0,0.0,0.0,0.0,-3.472866744454181
306,2,0.0,0.0,0.0,0.0,-0.028749999999999998
306,3,0.0,0.0,0.0,0.0,0.0
306,4,0.0,0.0,0.0,0.0,0.0
307,0,0.0,-0.9217426831880613,0.0,0.0,0.0
307,1,0.0,0.0,0.0,0.0,-3.485641848208038
307,2,0.0,0.0,0.0,0.0,-0.028749999999999998
307,3,0.0,0.0,0.0,0.0,0.0
307,4,0.0,0.0,0.0,0.0,0.0
308,0,0.0,-0.9266011871139538,0.0,0.0,0.0
308,1,0.0,0.0,0.0,0.0,-3.495877702473634
308,2,0.0,0.0,0.0,0.0,-0.028749999999999998
308,3,0.0,0.0,0.0,0.0,0.0
308,4,0.0,0.0,0.0,0.0,0.0
309,0,0.0,-0.9314709885526454,0.0,0.0,0.0
309,1,0.0,0.0,0.0,0.0,-3.4971376176378235
309,2,0.0,0.0,0.0,0.0,-0.028749999999999998
309,3,0.0,0.0,0.0,0.0,0.0
309,4,0.0,0.0,0.0,0.0,0.0
310,0,0.0,-0.9363304747078206,0.0,0.0,0.0
310,1,0.0,0.0,0.0,0.0,-3.504840711398522
310,2,0.0,0.0,0.0,0.0,-0.028749999999999998
310,3,0.0,0.0,0.0,0.0,0.0
310,4,0.0,0.0,0.0,0.0,0.0
311,0,0.0,-0.9411951422592473,0.0,0.0,0.0
311,1,0.0,0.0,0.0,0.0,-3.5100214733964274
311,2,0.0,0.0,0.0,0.0,-0.028749999999999998
311,3,0.0,0.0,0.0,0.0,0.0
311,4,0.0,0.0,0.0,0.0,0.0
312,0,0.0,-0.9460588884964349,0.0,0.0,0.0
312,1,0.0,0.0,0.0,0.0,-3.5226883130260327
312,2,0.0,0.0,0.0,0.0,-0.028749999999999998
312,3,0.0,0.0,0.0,0.0,0.0
312,4,0.0,0.0,0.0,0.0,0.0
313,0,0.0,-0.95093978897181,0.0,0.0,0.0
313,1,0.0,0.0,0.0,0.0,-3.535316278018224
313,2,0.0,0.0,0.0,0.0,-0.028749999999999998
313,3,0.0,0.0,0.0,0.0,0.0
313,4,0.0,0.0,0.0,0.0,0.0
314,0,0.0,-0.9558377026829795,0.0,0.0,0.0
314,1,0.0,0.0,0.0,0.0,-3.5356296796189035
314,2,0.0,0.0,0.0,0.0,-0.028749999999999998
314,3,0.0,0.0,0.0,0.0,0.0
314,4,0.0,0.0,0.0,0.0,0.0
315,0,0.0,-0.9607230877291496,0.0,0.0,0.0
315,1,0.0,0.0,0.0,0.0,-3.5482190673023406
315,2,0.0,0.0,0.0,0.0,-0.028749999999999998
315,3,0.0,0.0,0.0,0.0,0.0
315,4,0.0,0.0,0.0,0.0,0.0
316,0,0.0,-0.9656253803629512,0.0,0.0,0.0
316,1,0.0,0.0,0.0,0.0,-3.558269855519899
316,2,0.0,0.0,0.0,0.0,-0.028749999999999998
316,3,0.0,0.0,0.0,0.0,0.0
316,4,0.0,0.0,0.0,0.0,0.0
317,0,0.0,-0.9705384057855839,0.0,0.0,0.0
317,1,0.0,0.0,0.0,0.0,-3.568290514635828
317,2,0.0,0.0,0.0,0.0,-0.028749999999999998
317,3,0.0,0.0,0.0,0.0,0.0
317,4,0.0,0.0,0.0,0.0,0.0
318,0,0.0,-0.9754620618117908,0.0,0.0,0.0
318,1,0.0,0.0,0.0,0.0,-3.5782811507040617
318,2,0.0,0.0,0.0,0.0,-0.028749999999999998
318,3,0.0,0.0,0.0,0.0,0.0
318,4,0.0,0.0,0.0,0.0,0.0
319,0,0.0,-0.9803962467949586,0.0,0.0,0.0
319,1,0.0,0.0,0.0,0.0,-3.5794478731658543
319,2,0.0,0.0,0.0,0.0,-0.028749999999999998
319,3,0.0,0.0,0.0,0.0,0.0
319,4,0.0,0.0,0.0,0.0,0.0
320,0,0.0,-0.9853197356719496,0.0,0.0,0.0
320,1,0.0,0.0,0.0,0.0,-3.591906836247246
320,2,0.0,0.0,0.0,0.0,-0.028749999999999998
320,3,0.0,0.0,0.0,0.0,0.0
320,4,0.0,0.0,0.0,0.0,0.0
321,0,0.0,-0.9902597132924074,0.0,0.0,0.0
321,1,0.0,0.0,0.0,0.0,-3.6018276578244888
321,2,0.0,0.0,0.0,0.0,-0.028749999999999998
321,3,0.0,0.0,0.0,0.0,0.0
321,4,0.0,0.0,0.0,0.0,0.0
322,0,0.0,-0.9952100074441936,0.0,0.0,0.0
322,1,0.0,0.0,0.0,0.0,-3.6092188065060284
322,2,0.0,0.0,0.0,0.0,-0.028749999999999998
322,3,0.0,0.0,0.0,0.0,0.0
322,4,0.0,0.0,0.0,0.0,0.0
323,0,0.0,-1.0001644836161545,0.0,0.0,0.0
323,1,0.0,0.0,0.0,0.0,-3.6094691465658832
323,2,0.0,0.0,0.0,0.0,-0.028749999999999998
323,3,0.0,0.0,0.0,0.0,0.0
323,4,0.0,0.0,0.0,0.0,0.0
324,0,0.0,-1.0051061459644601,0.0,0.0,0.0
324,1,0.0,0.0,0.0,0.0,-3.6218393888661575
324,2,0.0,0.0,0.0,0.0,-0.028749999999999998
324,3,0.0,0.0,0.0,0.0,0.0
324,4,0.0,0.0,0.0,0.0,0.0
325,0,0.0,-1.0100640333613435,0.0,0.0,0.0
325,1,0.0,0.0,0.0,0.0,-3.63917180007383
325,2,0.0,0.0,0.0,0.0,-0.028749999999999998
325,3,0.0,0.0,0.0,0.0,0.0
325,4,0.0,0.0,0.0,0.0,0.0
326,0,0.0,-1.0150500781888205,0.0,0.0,0.0
326,1,0.0,0.0,0.0,0.0,-3.6416580195885424
326,2,0.0,0.0,0.0,0.0,-0.028749999999999998
326,3,0.0,0.0,0.0,0.0,0.0
326,4,0.0,0.0,0.0,0.0,0.0
327,0,0.0,-1.0200283866115007,0.0,0.0,0.0
327,1,0.0,0.0,0.0,0.0,-3.6489309302784805
327,2,0.0,0.0,0.0,0.0,-0.028749999999999998
327,3,0.0,0.0,0.0,0.0,0.0
327,4,0.0,0.0,0.0,0.0,0.0
328,0,0.0,-1.0250105170922366,0.0,0.0,0.0
328,1,0.0,0.0,0.0,0.0,-3.6500220833145054
328,2,0.0,0.0,0.0,0.0,-0.028749999999999998
328,3,0.0,0.0,0.0,0.0,0.0
328,4,0.0,0.0,0.0,0.0,0.0
329,0,0.0,-1.029981658621761,0.0,0.0,0.0
329,1,0.0,0.0,0.0,0.0,-3.6547725996644913
329,2,0.0,0.0,0.0,0.0,-0.028749999999999998
329,3,0.0,0.0,0.0,0.0,0.0
329,4,0.0,0.0,0.0,0.0,0.0
330,0,0.0,-1.034950558859,0.0,0.0,0.0
330,1,0.0,0.0,0.0,0.0,-3.6720107011789564
330,2,0.0,0.0,0.0,0.0,-0.028749999999999998
330,3,0.0,0.0,0.0,0.0,0.0
330,4,0.0,0.0,0.0,0.0,0.0
331,0,0.0,-1.0399473570781024,0.0,0.0,0.0
331,1,0.0,0.0,0.0,0.0,-3.6791947647510868
331,2,0.0,0.0,0.0,0.0,-0.028749999999999998
331,3,0.0,0.0,0.0,0.0,0.0
331,4,0.0,0.0,0.0,0.0,0.0
332,0,0.0,-1.0449477145654513,0.0,0.0,0.0
332,1,0.0,0.0,0.0,0.0,-3.691358316144562
332,2,0.0,0.0,0.0,0.0,-0.028749999999999998
332,3,0.0,0.0,0.0,0.0,0.0
332,4,0.0,0.0,0.0,0.0,0.0
333,0,0.0,-1.0499636383331663,0.0,0.0,0.0
333,1,0.0,0.0,0.0,0.0,-3.6937350862120737
333,2,0.0,0.0,0.0,0.0,-0.028749999999999998
333,3,0.0,0.0,0.0,0.0,0.0
333,4,0.0,0.0,0.0,0.0,0.0
334,0,0.0,-1.0549714905275078,0.0,0.0,0.0
334,1,0.0,0.0,0.0,0.0,-3.6947793617568943
334,2,0.0,0.0,0.0,0.0,-0.028749999999999998
334,3,0.0,0.0,0.0,0.0,0.0
334,4,0.0,0.0,0.0,0.0,0.0
335,0,0.0,-1.0599681848325353,0.0,0.0,0.0
335,1,0.0,0.0,0.0,0.0,-3.6940275309839423
335,2,0.0,0.0,0.0,0.0,-0.028749999999999998
335,3,0.0,0.0,0.0,0.0,0.0
335,4,0.0,0.0,0.0,0.0,0.0
336,0,0.0,-1.0649497052235077,0.0,0.0,0.0
336,1,0.0,0.0,0.0,0.0,-3.7061506638228288
336,2,0.0,0.0,0.0,0.0,-0.028749999999999998
336,3,0.0,0.0,0.0,0.0,0.0
336,4,0.0,0.0,0.0,0.0,0.0
337,0,0.0,-1.0699467468315642,0.0,0.0,0.0
337,1,0.0,0.0,0.0,0.0,-3.7071823198685556
337,2,0.0,0.0,0.0,0.0,-0.028749999999999998
337,3,0.0,0.0,0.0,0.0,0.0
337,4,0.0,0.0,0.0,0.0,0.0
338,0,0.0,-1.0749326430267954,0.0,0.0,0.0
338,1,0.0,0.0,0.0,0.0,-3.7117670558254843
338,2,0.0,0.0,0.0,0.0,-0.028749999999999998
338,3,0.0,0.0,0.0,0.0,0.0
338,4,0.0,0.0,0.0,0.0,0.0
339,0,0.0,-1.079915869235756,0.0,0.0,0.0
339,1,0.0,0.0,0.0,0.0,-3.7213399446532756
339,2,0.0,0.0,0.0,0.0,-0.028749999999999998
339,3,0.0,0.0,0.0,0.0,0.0
339,4,0.0,0.0,0.0,0.0,0.0
340,0,0.0,-1.0849084628842043,0.0,0.0,0.0
340,1,0.0,0.0,0.0,0.0,-3.7308843656797777
340,2,0.0,0.0,0.0,0.0,-0.028749999999999998
340,3,0.0,0.0,0.0,0.0,0.0
340,4,0.0,0.0,0.0,0.0,0.0
341,0,0.0,-1.0899103297041992,0.0,0.0,0.0
341,1,0.0,0.0,0.0,0.0,-3.7318902216924337
341,2,0.0,0.0,0.0,0.0,-0.028749999999999998
341,3,0.0,0.0,0.0,0.0,0.0
341,4,0.0,0.0,0.0,0.0,0.0
342,0,0.0,-1.094900987545137,0.0,0.0,0.0
342,1,0.0,0.0,0.0,0.0,-3.73203297891739
342,2,0.0,0.0,0.0,0.0,-0.028749999999999998
342,3,0.0,0.0,0.0,0.0,0.0
342,4,0.0,0.0,0.0,0.0,0.0
343,0,0.0,-1.099878538504681,0.0,0.0,0.0
343,1,0.0,0.0,0.0,0.0,-3.7321756149164176
343,2,0.0,0.0,0.0,0.0,-0.028749999999999998
343,3,0.0,0.0,0.0,0.0,0.0
343,4,0.0,0.0,0.0,0.0,0.0
344,0,0.0,-1.1048430259024165,0.0,0.0,0.0
344,1,0.0,0.0,0.0,0.0,-3.7331794832485294
344,2,0.0,0.0,0.0,0.0,-0.028749999999999998
344,3,0.0,0.0,0.0,0.0,0.0
344,4,0.0,0.0,0.0,0.0,0.0
345,0,0.0,-1.1097964201913653,0.0,0.0,0.0
345,1,0.0,0.0,0.0,0.0,-3.740194034997968
345,2,0.0,0.0,0.0,0.0,-0.028749999999999998
345,3,0.0,0.0,0.0,0.0,0.0
345,4,0.0,0.0,0.0,0.0,0.0
346,0,0.0,-1.1147531043175123,0.0,0.0,0.0
346,1,0.0,0.0,0.0,0.0,-3.744688750432213
346,2,0.0,0.0,0.0,0.0,-0.028749999999999998
346,3,0.0,0.0,0.0,0.0,0.0
346,4,0.0,0.0,0.0,0.0,0.0
347,0,0.0,-1.119706998628638,0.0,0.0,0.0
347,1,0.0,0.0,0.0,0.0,-3.7591718238974727
347,2,0.0,0.0,0.0,0.0,-0.028749999999999998
347,3,0.0,0.0,0.0,0.0,0.0
347,4,0.0,0.0,0.0,0.0,0.0
348,0,0.0,-1.1246821786311425,0.0,0.0,0.0
348,1,0.0,0.0,0.0,0.0,-3.7661100647296313
348,2,0.0,0.0,0.0,0.0,-0.028749999999999998
348,3,0.0,0.0,0.0,0.0,0.0
348,4,0.0,0.0,0.0,0.0,0.0
349,0,0.0,-1.1296604055416246,0.0,0.0,0.0
349,1,0.0,0.0,0.0,0.0,-3.7780286316188008
349,2,0.0,0.0,0.0,0.0,-0.028749999999999998
349,3,0.0,0.0,0.0,0.0,0.0
349,4,0.0,0.0,0.0,0.0,0.0
350,0,0.0,-1.1346536722863647,0.0,0.0,0.0
350,1,0.0,0.0,0.0,0.0,-3.7802370055476024
350,2,0.0,0.0,0.0,0.0,-0.028749999999999998
350,3,0.0,0.0,0.0,0.0,0.0
350,4,0.0,0.0,0.0,0.0,0.0
351,0,0.0,-1.1396385692184094,0.0,0.0,0.0
351,1,0.0,0.0,0.0,0.0,-3.797114984008285
351,2,0.0,0.0,0.0,0.0,-0.028749999999999998
351,3,0.0,0.0,0.0,0.0,0.0
351,4,0.0,0.0,0.0,0.0,0.0
352,0,0.0,-1.1446504387716776,0.0,0.0,0.0
352,1,0.0,0.0,0.0,0.0,-3.8014410424790332
352,2,0.0,0.0,0.0,0.0,-0.028749999999999998
352,3,0.0,0.0,0.0,0.0,0.0
352,4,0.0,0.0,0.0,0.0,0.0
353,0,0.0,-1.1496589602804401,0.0,0.0,0.0
353,1,0.0,0.0,0.0,0.0,-3.810755274386253
353,2,0.0,0.0,0.0,0.0,-0.028749999999999998
353,3,0.0,0.0,0.0,0.0,0.0
353,4,0.0,0.0,0.0,0.0,0.0
354,0,0.0,-1.1546761638384997,0.0,0.0,0.0
354,1,0.0,0.0,0.0,0.0,-3.8225419309041273
354,2,0.0,0.0,0.0,0.0,-0.028749999999999998
354,3,0.0,0.0,0.0,0.0,0.0
354,4,0.0,0.0,0.0,0.0,0.0
355,0,0.0,-1.159707983534704,0.0,0.0,0.0
355,1,0.0,0.0,0.0,0.0,-3.834292775837735
355,2,0.0,0.0,0.0,0.0,-0.028749999999999998
355,3,0.0,0.0,0.0,0.0,0.0
355,4,0.0,0.0,0.0,0.0,0.0
356,0,0.0,-1.1647542929780634,0.0,0.0,0.0
356,1,0.0,0.0,0.0,0.0,-3.8385099324593175
356,2,0.0,0.0,0.0,0.0,-0.028749999999999998
356,3,0.0,0.0,0.0,0.0,0.0
356,4,0.0,0.0,0.0,0.0,0.0
357,0,0.0,-1.16979689762877,0.0,0.0,0.0
357,1,0.0,0.0,0.0,0.0,-3.8375866421475737
357,2,0.0,0.0,0.0,0.0,-0.028749999999999998
357,3,0.0,0.0,0.0,0.0,0.0
357,4,0.0,0.0,0.0,0.0,0.0
358,0,0.0,-1.1748238621649443,0.0,0.0,0.0
358,1,0.0,0.0,0.0,0.0,-3.854294670766354
358,2,0.0,0.0,0.0,0.0,-0.028749999999999998
358,3,0.0,0.0,0.0,0.0,0.0
358,4,0.0,0.0,0.0,0.0,0.0
359,0,0.0,-1.1798772734237228,0.0,0.0,0.0
359,1,0.0,0.0,0.0,0.0,-3.858453453377625
359,2,0.0,0.0,0.0,0.0,-0.028749999999999998
359,3,0.0,0.0,0.0,0.0,0.0
359,4,0.0,0.0,0.0,0.0,0.0
360,0,0.0,-1.1849268232423358,0.0,0.0,0.0
360,1,0.0,0.0,0.0,0.0,-3.862601939777113
360,2,0.0,0.0,0.0,0.0,-0.028749999999999998
360,3,0.0,0.0,0.0,0.0,0.0
360,4,0.0,0.0,0.0,0.0,0.0
361,0,0.0,-1.1899724995476249,0.0,0.0,0.0
361,1,0.0,0.0,0.0,0.0,-3.869237066012656
361,2,0.0,0.0,0.0,0.0,-0.028749999999999998
361,3,0.0,0.0,0.0,0.0,0.0
361,4,0.0,0.0,0.0,0.0,0.0
362,0,0.0,-1.195020304824493,0.0,0.0,0.0
362,1,0.0,0.0,0.0,0.0,-3.875853571983512
362,2,0.0,0.0,0.0,0.0,-0.028749999999999998
362,3,0.0,0.0,0.0,0.0,0.0
362,4,0.0,0.0,0.0,0.0,0.0
363,0,0.0,-1.2000701892393815,0.0,0.0,0.0
363,1,0.0,0.0,0.0,0.0,-3.8924515204124233
363,2,0.0,0.0,0.0,0.0,-0.028749999999999998
363,3,0.0,0.0,0.0,0.0,0.0
363,4,0.0,0.0,0.0,0.0,0.0
364,0,0.0,-1.205146193061041,0.0,0.0,0.0
364,1,0.0,0.0,0.0,0.0,-3.901497643659484
364,2,0.0,0.0,0.0,0.0,-0.028749999999999998
364,3,0.0,0.0,0.0,0.0,0.0
364,4,0.0,0.0,0.0,0.0,0.0
365,0,0.0,-1.2102300507379822,0.0,0.0,0.0
365,1,0.0,0.0,0.0,0.0,-3.903483965374401
365,2,0.0,0.0,0.0,0.0,-0.028749999999999998
365,3,0.0,0.0,0.0,0.0,0.0
365,4,0.0,0.0,0.0,0.0,0.0
366,0,0.0,-1.2153047758243583,0.0,0.0,0.0
366,1,0.0,0.0,0.0,0.0,-3.9034702462238355
366,2,0.0,0.0,0.0,0.0,-0.028749999999999998
366,3,0.0,0.0,0.0,0.0,0.0
366,4,0.0,0.0,0.0,0.0,0.0
367,0,0.0,-1.22036585494848,0.0,0.0,0.0
367,1,0.0,0.0,0.0,0.0,-3.905453403299016
367,2,0.0,0.0,0.0,0.0,-0.028749999999999998
367,3,0.0,0.0,0.0,0.0,0.0
367,4,0.0,0.0,0.0,0.0,0.0
368,0,0.0,-1.2254178653466894,0.0,0.0,0.0
368,1,0.0,0.0,0.0,0.0,-3.9219665887412067
368,2,0.0,0.0,0.0,0.0,-0.028749999999999998
368,3,0.0,0.0,0.0,0.0,0.0
368,4,0.0,0.0,0.0,0.0,0.0
369,0,0.0,-1.2304957825211806,0.0,0.0,0.0
369,1,0.0,0.0,0.0,0.0,-3.920939891730075
369,2,0.0,0.0,0.0,0.0,-0.028749999999999998
369,3,0.0,0.0,0.0,0.0,0.0
369,4,0.0,0.0,0.0,0.0,0.0
370,0,0.0,-1.235557748601188,0.0,0.0,0.0
370,1,0.0,0.0,0.0,0.0,-3.932405270094391
370,2,0.0,0.0,0.0,0.0,-0.028749999999999998
370,3,0.0,0.0,0.0,0.0,0.0
370,4,0.0,0.0,0.0,0.0,0.0
371,0,0.0,-1.240633436766358,0.0,0.0,0.0
371,1,0.0,0.0,0.0,0.0,-3.9488359531906885
371,2,0.0,0.0,0.0,0.0,-0.028749999999999998
371,3,0.0,0.0,0.0,0.0,0.0
371,4,0.0,0.0,0.0,0.0,0.0
372,0,0.0,-1.245734766763028,0.0,0.0,0.0
372,1,0.0,0.0,0.0,0.0,-3.955215398912867
372,2,0.0,0.0,0.0,0.0,-0.028749999999999998
372,3,0.0,0.0,0.0,0.0,0.0
372,4,0.0,0.0,0.0,0.0,0.0
373,0,0.0,-1.2508374621588192,0.0,0.0,0.0
373,1,0.0,0.0,0.0,0.0,-3.957114754451278
373,2,0.0,0.0,0.0,0.0,-0.028749999999999998
373,3,0.0,0.0,0.0,0.0,0.0
373,4,0.0,0.0,0.0,0.0,0.0
374,0,0.0,-1.2559307816747867,0.0,0.0,0.0
374,1,0.0,0.0,0.0,0.0,-3.9590108087309175
374,2,0.0,0.0,0.0,0.0,-0.028749999999999998
374,3,0.0,0.0,0.0,0.0,0.0
374,4,0.0,0.0,0.0,0.0,0.0
375,0,0.0,-1.2610147468996398,0.0,0.0,0.0
375,1,0.0,0.0,0.0,0.0,-3.9653656609121937
375,2,0.0,0.0,0.0,0.0,-0.028749999999999998
375,3,0.0,0.0,0.0,0.0,0.0
375,4,0.0,0.0,0.0,0.0,0.0
376,0,0.0,-1.2661000714249955,0.0,0.0,0.0
376,1,0.0,0.0,0.0,0.0,-3.9842028655158144
376,2,0.0,0.0,0.0,0.0,-0.028749999999999998
376,3,0.0,0.0,0.0,0.0,0.0
376,4,0.0,0.0,0.0,0.0,0.0
377,0,0.0,-1.2712168056623876,0.0,0.0,0.0
377,1,0.0,0.0,0.0,0.0,-3.984968649020134
377,2,0.0,0.0,0.0,0.0,-0.028749999999999998
377,3,0.0,0.0,0.0,0.0,0.0
377,4,0.0,0.0,0.0,0.0,0.0
378,0,0.0,-1.2763215344024441,0.0,0.0,0.0
378,1,0.0,0.0,0.0,0.0,-3.986821048592034
378,2,0.0,0.0,0.0,0.0,-0.028749999999999998
378,3,0.0,0.0,0.0,0.0,0.0
378,4,0.0,0.0,0.0,0.0,0.0
379,0,0.0,-1.281416780661351,0.0,0.0,0.0
379,1,0.0,0.0,0.0,0.0,-3.990609748854594
379,2,0.0,0.0,0.0,0.0,-0.028749999999999998
379,3,0.0,0.0,0.0,0.0,0.0
379,4,0.0,0.0,0.0,0.0,0.0
380,0,0.0,-1.286507182666613,0.0,0.0,0.0
380,1,0.0,0.0,0.0,0.0,-3.9905139895593695
380,2,0.0,0.0,0.0,0.0,-0.028749999999999998
380,3,0.0,0.0,0.0,0.0,0.0
380,4,0.0,0.0,0.0,0.0,0.0
381,0,0.0,-1.2915837458824517,0.0,0.0,0.0
381,1,0.0,0.0,0.0,0.0,-4.001780009999483
381,2,0.0,0.0,0.0,0.0,-0.028749999999999998
381,3,0.0,0.0,0.0,0.0,0.0
381,4,0.0,0.0,0.0,0.0,0.0
382,0,0.0,-1.296673514485937,0.0,0.0,0.0
382,1,0.0,0.0,0.0,0.0,-4.005528819156719
382,2,0.0,0.0,0.0,0.0,-0.028749999999999998
382,3,0.0,0.0,0.0,0.0,0.0
382,4,0.0,0.0,0.0,0.0,0.0
383,0,0.0,-1.3017583633126952,0.0,0.0,0.0
383,1,0.0,0.0,0.0,0.0,-4.005418635507696
383,2,0.0,0.0,0.0,0.0,-0.028749999999999998
383,3,0.0,0.0,0.0,0.0,0.0
383,4,0.0,0.0,0.0,0.0,0.0
384,0,0.0,-1.3068293661277002,0.0,0.0,0.0
384,1,0.0,0.0,0.0,0.0,-4.007238257757864
384,2,0.0,0.0,0.0,0.0,-0.028749999999999998
384,3,0.0,0.0,0.0,0.0,0.0
384,4,0.0,0.0,0.0,0.0,0.0
385,0,0.0,-1.311890920333188,0.0,0.0,0.0
385,1,0.0,0.0,0.0,0.0,-4.018459388134979
385,2,0.0,0.0,0.0,0.0,-0.028749999999999998
385,3,0.0,0.0,0.0,0.0,0.0
385,4,0.0,0.0,0.0,0.0,0.0
386,0,0.0,-1.316965614411598,0.0,0.0,0.0
386,1,0.0,0.0,0.0,0.0,-4.0191920748002
386,2,0.0,0.0,0.0,0.0,-0.028749999999999998
386,3,0.0,0.0,0.0,0.0,0.0
386,4,0.0,0.0,0.0,0.0,0.0
387,0,0.0,-1.3220283751269344,0.0,0.0,0.0
387,1,0.0,0.0,0.0,0.0,-4.0228974726578555
387,2,0.0,0.0,0.0,0.0,-0.028749999999999998
387,3,0.0,0.0,0.0,0.0,0.0
387,4,0.0,0.0,0.0,0.0,0.0
388,0,0.0,-1.3270861974153008,0.0,0.0,0.0
388,1,0.0,0.0,0.0,0.0,-4.0246896343532415
388,2,0.0,0.0,0.0,0.0,-0.028749999999999998
388,3,0.0,0.0,0.0,0.0,0.0
388,4,0.0,0.0,0.0,0.0,0.0
389,0,0.0,-1.3321345526699546,0.0,0.0,0.0
389,1,0.0,0.0,0.0,0.0,-4.030864186225509
389,2,0.0,0.0,0.0,0.0,-0.028749999999999998
389,3,0.0,0.0,0.0,0.0,0.0
389,4,0.0,0.0,0.0,0.0,0.0
390,0,0.0,-1.3371839496689422,0.0,0.0,0.0
390,1,0.0,0.0,0.0,0.0,-4.042021695132828
390,2,0.0,0.0,0.0,0.0,-0.028749999999999998
390,3,0.0,0.0,0.0,0.0,0.0
390,4,0.0,0.0,0.0,0.0,0.0
391,0,0.0,-1.3422463690623723,0.0,0.0,0.0
391,1,0.0,0.0,0.0,0.0,-4.045667505561811
391,2,0.0,0.0,0.0,0.0,-0.028749999999999998
391,3,0.0,0.0,0.0,0.0,0.0
391,4,0.0,0.0,0.0,0.0,0.0
392,0,0.0,-1.34730371335327,0.0,0.0,0.0
392,1,0.0,0.0,0.0,0.0,-4.051782722559821
392,2,0.0,0.0,0.0,0.0,-0.028749999999999998
392,3,0.0,0.0,0.0,0.0,0.0
392,4,0.0,0.0,0.0,0.0,0.0
393,0,0.0,-1.3523619341608513,0.0,0.0,0.0
393,1,0.0,0.0,0.0,0.0,-4.053529701242296
393,2,0.0,0.0,0.0,0.0,-0.028749999999999998
393,3,0.0,0.0,0.0,0.0,0.0
393,4,0.0,0.0,0.0,0.0,0.0
394,0,0.0,-1.3574105893392268,0.0,0.0,0.0
394,1,0.0,0.0,0.0,0.0,-4.057148006794639
394,2,0.0,0.0,0.0,0.0,-0.028749999999999998
394,3,0.0,0.0,0.0,0.0,0.0
394,4,0.0,0.0,0.0,0.0,0.0
395,0,0.0,-1.3624541472949274,0.0,0.0,0.0
395,1,0.0,0.0,0.0,0.0,-4.0707347811623205
395,2,0.0,0.0,0.0,0.0,-0.028749999999999998
395,3,0.0,0.0,0.0,0.0,0.0
395,4,0.0,0.0,0.0,0.0,0.0
396,0,0.0,-1.367516586757324,0.0,0.0,0.0
396,1,0.0,0.0,0.0,0.0,-4.086779803798001
396,2,0.0,0.0,0.0,0.0,-0.028749999999999998
396,3,0.0,0.0,0.0,0.0,0.0
396,4,0.0,0.0,0.0,0.0,0.0
397,0,0.0,-1.3726037676292373,0.0,0.0,0.0
397,1,0.0,0.0,0.0,0.0,-4.095274891605876
397,2,0.0,0.0,0.0,0.0,-0.028749999999999998
397,3,0.0,0.0,0.0,0.0,0.0
397,4,0.0,0.0,0.0,0.0,0.0
398,0,0.0,-1.3776974674518851,0.0,0.0,0.0
398,1,0.0,0.0,0.0,0.0,-4.101245222283516
398,2,0.0,0.0,0.0,0.0,-0.028749999999999998
398,3,0.0,0.0,0.0,0.0,0.0
398,4,0.0,0.0,0.0,0.0,0.0
399,0,0.0,-1.3827915976218714,0.0,0.0,0.0
399,1,0.0,0.0,0.0,0.0,-4.119699214029162
399,2,0.0,0.0,0.0,0.0,-0.028749999999999998
399,3,0.0,0.0,0.0,0.0,0.0
399,4,0.0,0.0,0.0,0.0,0.0
400,0,0.0,-1.3879161778559452,0.0,0.0,0.0
400,1,0.0,0.0,0.0,0.0,-4.125595258278024
400,2,0.0,0.0,0.0,0.0,-0.028749999999999998
400,3,0.0,0.0,0.0,0.0,0.0
400,4,0.0,0.0,0.0,0.0,0.0
401,0,0.0,-1.3930409234691372,0.0,0.0,0.0
401,1,0.0,0.0,0.0,0.0,-4.138975227810249
401,2,0.0,0.0,0.0,0.0,-0.028749999999999998
401,3,0.0,0.0,0.0,0.0,0.0
401,4,0.0,0.0,0.0,0.0,0.0
402,0,0.0,-1.3981838336863257,0.0,0.0,0.0
402,1,0.0,0.0,0.0,0.0,-4.142359092243301
402,2,0.0,0.0,0.0,0.0,-0.028749999999999998
402,3,0.0,0.0,0.0,0.0,0.0
402,4,0.0,0.0,0.0,0.0,0.0
403,0,0.0,-1.403320821449642,0.0,0.0,0.0
403,1,0.0,0.0,0.0,0.0,-4.145735411200837
403,2,0.0,0.0,0.0,0.0,-0.028749999999999998
403,3,0.0,0.0,0.0,0.0,0.0
403,4,0.0,0.0,0.0,0.0,0.0
404,0,0.0,-1.4084518872588394,0.0,0.0,0.0
404,1,0.0,0.0,0.0,0.0,-4.154058867683355
404,2,0.0,0.0,0.0,0.0,-0.028749999999999998
404,3,0.0,0.0,0.0,0.0,0.0
404,4,0.0,0.0,0.0,0.0,0.0
405,0,0.0,-1.4135889413779232,0.0,0.0,0.0
405,1,0.0,0.0,0.0,0.0,-4.152727166257535
405,2,0.0,0.0,0.0,0.0,-0.028749999999999998
405,3,0.0,0.0,0.0,0.0,0.0
405,4,0.0,0.0,0.0,0.0,0.0
406,0,0.0,-1.418709249145441,0.0,0.0,0.0
406,1,0.0,0.0,0.0,0.0,-4.173531014987302
406,2,0.0,0.0,0.0,0.0,-0.028749999999999998
406,3,0.0,0.0,0.0,0.0,0.0
406,4,0.0,0.0,0.0,0.0,0.0
407,0,0.0,-1.4238655840719419,0.0,0.0,0.0
407,1,0.0,0.0,0.0,0.0,-4.184269105336731
407,2,0.0,0.0,0.0,0.0,-0.028749999999999998
407,3,0.0,0.0,0.0,0.0,0.0
407,4,0.0,0.0,0.0,0.0,0.0
408,0,0.0,-1.4290336441146965,0.0,0.0,0.0
408,1,0.0,0.0,0.0,0.0,-4.189975006809867
408,2,0.0,0.0,0.0,0.0,-0.028749999999999998
408,3,0.0,0.0,0.0,0.0,0.0
408,4,0.0,0.0,0.0,0.0,0.0
409,0,0.0,-1.4342012960675963,0.0,0.0,0.0
409,1,0.0,0.0,0.0,0.0,-4.20566549793048
409,2,0.0,0.0,0.0,0.0,-0.028749999999999998
409,3,0.0,0.0,0.0,0.0,0.0
409,4,0.0,0.0,0.0,0.0,0.0
410,0,0.0,-1.4393925527867377,0.0,0.0,0.0
410,1,0.0,0.0,0.0,0.0,-4.216307299104306
410,2,0.0,0.0,0.0,0.0,-0.028749999999999998
410,3,0.0,0.0,0.0,0.0,0.0
410,4,0.0,0.0,0.0,0.0,0.0
411,0,0.0,-1.4445952077626065,0.0,0.0,0.0
411,1,0.0,0.0,0.0,0.0,-4.22441725072301
411,2,0.0,0.0,0.0,0.0,-0.028749999999999998
411,3,0.0,0.0,0.0,0.0,0.0
411,4,0.0,0.0,0.0,0.0,0.0
412,0,0.0,-1.4498031405037204,0.0,0.0,0.0
412,1,0.0,0.0,0.0,0.0,-4.24250379747459
412,2,0.0,0.0,0.0,0.0,-0.028749999999999998
412,3,0.0,0.0,0.0,0.0,0.0
412,4,0.0,0.0,0.0,0.0,0.0
413,0,0.0,-1.4550403333418327,0.0,0.0,0.0
413,1,0.0,0.0,0.0,0.0,-4.243994424693958
413,2,0.0,0.0,0.0,0.0,-0.028749999999999998
413,3,0.0,0.0,0.0,0.0,0.0
413,4,0.0,0.0,0.0,0.0,0.0
414,0,0.0,-1.460266877433131,0.0,0.0,0.0
414,1,0.0,0.0,0.0,0.0,-4.249521938646642
414,2,0.0,0.0,0.0,0.0,-0.028749999999999998
414,3,0.0,0.0,0.0,0.0,0.0
414,4,0.0,0.0,0.0,0.0,0.0
415,0,0.0,-1.4654924232549793,0.0,0.0,0.0
415,1,0.0,0.0,0.0,0.0,-4.260034670575371
415,2,0.0,0.0,0.0,0.0,-0.028749999999999998
415,3,0.0,0.0,0.0,0.0,0.0
415,4,0.0,0.0,0.0,0.0,0.0
416,0,0.0,-1.4707289643962689,0.0,0.0,0.0
416,1,0.0,0.0,0.0,0.0,-4.263108089570158
416,2,0.0,0.0,0.0,0.0,-0.028749999999999998
416,3,0.0,0.0,0.0,0.0,0.0
416,4,0.0,0.0,0.0,0.0,0.0
417,0,0.0,-1.4759585876677688,0.0,0.0,0.0
417,1,0.0,0.0,0.0,0.0,-4.276082695659736
417,2,0.0,0.0,0.0,0.0,-0.028749999999999998
417,3,0.0,0.0,0.0,0.0,0.0
417,4,0.0,0.0,0.0,0.0,0.0
418,0,0.0,-1.481205117157578,0.0,0.0,0.0
418,1,0.0,0.0,0.0,0.0,-4.284017699028137
418,2,0.0,0.0,0.0,0.0,-0.028749999999999998
418,3,0.0,0.0,0.0,0.0,0.0
418,4,0.0,0.0,0.0,0.0,0.0
419,0,0.0,-1.486456385694445,0.0,0.0,0.0
419,1,0.0,0.0,0.0,0.0,-4.291929905937383
419,2,0.0,0.0,0.0,0.0,-0.028749999999999998
419,3,0.0,0.0,0.0,0.0,0.0
419,4,0.0,0.0,0.0,0.0,0.0
420,0,0.0,-1.4917123259507836,0.0,0.0,0.0
420,1,0.0,0.0,0.0,0.0,-4.2949260078832685
420,2,0.0,0.0,0.0,0.0,-0.028749999999999998
420,3,0.0,0.0,0.0,0.0,0.0
420,4,0.0,0.0,0.0,0.0,0.0
421,0,0.0,-1.4969611127870006,0.0,0.0,0.0
421,1,0.0,0.0,0.0,0.0,-4.31280901779694
421,2,0.0,0.0,0.0,0.0,-0.028749999999999998
421,3,0.0,0.0,0.0,0.0,0.0
421,4,0.0,0.0,0.0,0.0,0.0
422,0,0.0,-1.5022385603274138,0.0,0.0,0.0
422,1,0.0,0.0,0.0,0.0,-4.328136074620522
422,2,0.0,0.0,0.0,0.0,-0.028749999999999998
422,3,0.0,0.0,0.0,0.0,0.0
422,4,0.0,0.0,0.0,0.0,0.0
423,0,0.0,-1.5075384435845476,0.0,0.0,0.0
423,1,0.0,0.0,0.0,0.0,-4.329522906557792
423,2,0.0,0.0,0.0,0.0,-0.028749999999999998
423,3,0.0,0.0,0.0,0.0,0.0
423,4,0.0,0.0,0.0,0.0,0.0
424,0,0.0,-1.5128272733461656,0.0,0.0,0.0
424,1,0.0,0.0,0.0,0.0,-4.337300423226584
424,2,0.0,0.0,0.0,0.0,-0.028749999999999998
424,3,0.0,0.0,0.0,0.0,0.0
424,4,0.0,0.0,0.0,0.0,0.0
425,0,0.0,-1.5181203488086,0.0,0.0,0.0
425,1,0.0,0.0,0.0,0.0,-4.342555693867323
425,2,0.0,0.0,0.0,0.0,-0.028749999999999998
425,3,0.0,0.0,0.0,0.0,0.0
425,4,0.0,0.0,0.0,0.0,0.0
426,0,0.0,-1.5234115926400285,0.0,0.0,0.0
426,1,0.0,0.0,0.0,0.0,-4.34096470604449
426,2,0.0,0.0,0.0,0.0,-0.028749999999999998
426,3,0.0,0.0,0.0,0.0,0.0
426,4,0.0,0.0,0.0,0.0,0.0
427,0,0.0,-1.5286850635455647,0.0,0.0,0.0
427,1,0.0,0.0,0.0,0.0,-4.343845548271104
427,2,0.0,0.0,0.0,0.0,-0.028749999999999998
427,3,0.0,0.0,0.0,0.0,0.0
427,4,0.0,0.0,0.0,0.0,0.0
428,0,0.0,-1.533951065527698,0.0,0.0,0.0
428,1,0.0,0.0,0.0,0.0,-4.351586133883734
428,2,0.0,0.0,0.0,0.0,-0.028749999999999998
428,3,0.0,0.0,0.0,0.0,0.0
428,4,0.0,0.0,0.0,0.0,0.0
429,0,0.0,-1.5392212922611161,0.0,0.0,0.0
429,1,0.0,0.0,0.0,0.0,-4.349982195610667
429,2,0.0,0.0,0.0,0.0,-0.028749999999999998
429,3,0.0,0.0,0.0,0.0,0.0
429,4,0.0,0.0,0.0,0.0,0.0
430,0,0.0,-1.5444737887383782,0.0,0.0,0.0
430,1,0.0,0.0,0.0,0.0,-4.362705947562453
430,2,0.0,0.0,0.0,0.0,-0.028749999999999998
430,3,0.0,0.0,0.0,0.0,0.0
430,4,0.0,0.0,0.0,0.0,0.0
431,0,0.0,-1.5497425272642662,0.0,0.0,0.0
431,1,0.0,0.0,0.0,0.0,-4.377890965035473
431,2,0.0,0.0,0.0,0.0,-0.028749999999999998
431,3,0.0,0.0,0.0,0.0,0.0
431,4,0.0,0.0,0.0,0.0,0.0
432,0,0.0,-1.5550333806238081,0.0,0.0,0.0
432,1,0.0,0.0,0.0,0.0,-4.378307364378605
432,2,0.0,0.0,0.0,0.0,-0.028749999999999998
432,3,0.0,0.0,0.0,0.0,0.0
432,4,0.0,0.0,0.0,0.0,0.0
433,0,0.0,-1.5603110519820582,0.0,0.0,0.0
433,1,0.0,0.0,0.0,0.0,-4.385945536362043
433,2,0.0,0.0,0.0,0.0,-0.028749999999999998
433,3,0.0,0.0,0.0,0.0,0.0
433,4,0.0,0.0,0.0,0.0,0.0
434,0,0.0,-1.5655926722003386,0.0,0.0,0.0
434,1,0.0,0.0,0.0,0.0,-4.403561943315206
434,2,0.0,0.0,0.0,0.0,-0.028749999999999998
434,3,0.0,0.0,0.0,0.0,0.0
434,4,0.0,0.0,0.0,0.0,0.0
435,0,0.0,-1.5709022168334874,0.0,0.0,0.0
435,1,0.0,0.0,0.0,0.0,-4.404863683732707
435,2,0.0,0.0,0.0,0.0,-0.028749999999999998
435,3,0.0,0.0,0.0,0.0,0.0
435,4,0.0,0.0,0.0,0.0,0.0
436,0,0.0,-1.5762005092954012,0.0,0.0,0.0
436,1,0.0,0.0,0.0,0.0,-4.403186058963611
436,2,0.0,0.0,0.0,0.0,-0.028749999999999998
436,3,0.0,0.0,0.0,0.0,0.0
436,4,0.0,0.0,0.0,0.0,0.0
437,0,0.0,-1.5814808324378458,0.0,0.0,0.0
437,1,0.0,0.0,0.0,0.0,-4.413251019943649
437,2,0.0,0.0,0.0,0.0,-0.028749999999999998
437,3,0.0,0.0,0.0,0.0,0.0
437,4,0.0,0.0,0.0,0.0,0.0
438,0,0.0,-1.5867709314959644,0.0,0.0,0.0
438,1,0.0,0.0,0.0,0.0,-4.428286141409907
438,2,0.0,0.0,0.0,0.0,-0.028749999999999998
438,3,0.0,0.0,0.0,0.0,0.0
438,4,0.0,0.0,0.0,0.0,0.0
439,0,0.0,-1.5920827249343155,0.0,0.0,0.0
439,1,0.0,0.0,0.0,0.0,-4.4457748627708185
439,2,0.0,0.0,0.0,0.0,-0.028749999999999998
439,3,0.0,0.0,0.0,0.0,0.0
439,4,0.0,0.0,0.0,0.0,0.0
440,0,0.0,-1.5974220521747637,0.0,0.0,0.0
440,1,0.0,0.0,0.0,0.0,-4.453209018055609
440,2,0.0,0.0,0.0,0.0,-0.028749999999999998
440,3,0.0,0.0,0.0,0.0,0.0
440,4,0.0,0.0,0.0,0.0,0.0
441,0,0.0,-1.6027646685652108,0.0,0.0,0.0
441,1,0.0,0.0,0.0,0.0,-4.453559300106962
441,2,0.0,0.0,0.0,0.0,-0.028749999999999998
441,3,0.0,0.0,0.0,0.0,0.0
441,4,0.0,0.0,0.0,0.0,0.0
442,0,0.0,-1.6080938225040782,0.0,0.0,0.0
442,1,0.0,0.0,0.0,0.0,-4.452983033891189
442,2,0.0,0.0,0.0,0.0,-0.028749999999999998
442,3,0.0,0.0,0.0,0.0,0.0
442,4,0.0,0.0,0.0,0.0,0.0
443,0,0.0,-1.6134074828930403,0.0,0.0,0.0
443,1,0.0,0.0,0.0,0.0,-4.465399061244944
443,2,0.0,0.0,0.0,0.0,-0.028749999999999998
443,3,0.0,0.0,0.0,0.0,0.0
443,4,0.0,0.0,0.0,0.0,0.0
444,0,0.0,-1.618736478157132,0.0,0.0,0.0
444,1,0.0,0.0,0.0,0.0,-4.470277443406325
444,2,0.0,0.0,0.0,0.0,-0.028749999999999998
444,3,0.0,0.0,0.0,0.0,0.0
444,4,0.0,0.0,0.0,0.0,0.0
445,0,0.0,-1.6240626534665428,0.0,0.0,0.0
445,1,0.0,0.0,0.0,0.0,-4.468507391944496
445,2,0.0,0.0,0.0,0.0,-0.028749999999999998
445,3,0.0,0.0,0.0,0.0,0.0
445,4,0.0,0.0,0.0,0.0,0.0
446,0,0.0,-1.6293705824765714,0.0,0.0,0.0
446,1,0.0,0.0,0.0,0.0,-4.466740686270137
446,2,0.0,0.0,0.0,0.0,-0.028749999999999998
446,3,0.0,0.0,0.0,0.0,0.0
446,4,0.0,0.0,0.0,0.0,0.0
447,0,0.0,-1.634660333093197,0.0,0.0,0.0
447,1,0.0,0.0,0.0,0.0,-4.47161802492683
447,2,0.0,0.0,0.0,0.0,-0.028749999999999998
447,3,0.0,0.0,0.0,0.0,0.0
447,4,0.0,0.0,0.0,0.0,0.0
448,0,0.0,-1.6399473770274369,0.0,0.0,0.0
448,1,0.0,0.0,0.0,0.0,-4.472847435154567
448,2,0.0,0.0,0.0,0.0,-0.028749999999999998
448,3,0.0,0.0,0.0,0.0,0.0
448,4,0.0,0.0,0.0,0.0,0.0
449,0,0.0,-1.6452230980758706,0.0,0.0,0.0
449,1,0.0,0.0,0.0,0.0,-4.482710514690057
449,2,0.0,0.0,0.0,0.0,-0.028749999999999998
449,3,0.0,0.0,0.0,0.0,0.0
449,4,0.0,0.0,0.0,0.0,0.0
450,0,0.0,-1.6505081266640536,0.0,0.0,0.0
450,1,0.0,0.0,0.0,0.0,-4.490044458578403
450,2,0.0,0.0,0.0,0.0,-0.028749999999999998
450,3,0.0,0.0,0.0,0.0,0.0
450,4,0.0,0.0,0.0,0.0,0.0
451,0,0.0,-1.655796364301511,0.0,0.0,0.0
451,1,0.0,0.0,0.0,0.0,-4.491253645156895
451,2,0.0,0.0,0.0,0.0,-0.028749999999999998
451,3,0.0,0.0,0.0,0.0,0.0
451,4,0.0,0.0,0.0,0.0,0.0
452,0,0.0,-1.6610732348489674,0.0,0.0,0.0
452,1,0.0,0.0,0.0,0.0,-4.4924611254310385
452,2,0.0,0.0,0.0,0.0,-0.028749999999999998
452,3,0.0,0.0,0.0,0.0,0.0
452,4,0.0,0.0,0.0,0.0,0.0
453,0,0.0,-1.6663387695969674,0.0,0.0,0.0
453,1,0.0,0.0,0.0,0.0,-4.499770973206649
453,2,0.0,0.0,0.0,0.0,-0.028749999999999998
453,3,0.0,0.0,0.0,0.0,0.0
453,4,0.0,0.0,0.0,0.0,0.0
454,0,0.0,-1.671607512986413,0.0,0.0,0.0
454,1,0.0,0.0,0.0,0.0,-4.507060195443601
454,2,0.0,0.0,0.0,0.0,-0.028749999999999998
454,3,0.0,0.0,0.0,0.0,0.0
454,4,0.0,0.0,0.0,0.0,0.0
455,0,0.0,-1.6768794073493796,0.0,0.0,0.0
455,1,0.0,0.0,0.0,0.0,-4.511828865883417
455,2,0.0,0.0,0.0,0.0,-0.028749999999999998
455,3,0.0,0.0,0.0,0.0,0.0
455,4,0.0,0.0,0.0,0.0,0.0
456,0,0.0,-1.6821483941941797,0.0,0.0,0.0
456,1,0.0,0.0,0.0,0.0,-4.516585385172925
456,2,0.0,0.0,0.0,0.0,-0.028749999999999998
456,3,0.0,0.0,0.0,0.0,0.0
456,4,0.0,0.0,0.0,0.0,0.0
457,0,0.0,-1.6874144538440123,0.0,0.0,0.0
457,1,0.0,0.0,0.0,0.0,-4.515938266838227
457,2,0.0,0.0,0.0,0.0,-0.028749999999999998
457,3,0.0,0.0,0.0,0.0,0.0
457,4,0.0,0.0,0.0,0.0,0.0
458,0,0.0,-1.692665087046565,0.0,0.0,0.0
458,1,0.0,0.0,0.0,0.0,-4.52318550235449
458,2,0.0,0.0,0.0,0.0,-0.028749999999999998
458,3,0.0,0.0,0.0,0.0,0.0
458,4,0.0,0.0,0.0,0.0,0.0
459,0,0.0,-1.6979188247085746,0.0,0.0,0.0
459,1,0.0,0.0,0.0,0.0,-4.527912338687662
459,2,0.0,0.0,0.0,0.0,-0.028749999999999998
459,3,0.0,0.0,0.0,0.0,0.0
459,4,0.0,0.0,0.0,0.0,0.0
460,0,0.0,-1.7031696109081478,0.0,0.0,0.0
460,1,0.0,0.0,0.0,0.0,-4.53262716105989
460,2,0.0,0.0,0.0,0.0,-0.028749999999999998
460,3,0.0,0.0,0.0,0.0,0.0
460,4,0.0,0.0,0.0,0.0,0.0
461,0,0.0,-1.7084174263908027,0.0,0.0,0.0
461,1,0.0,0.0,0.0,0.0,-4.53733000758407
461,2,0.0,0.0,0.0,0.0,-0.028749999999999998
461,3,0.0,0.0,0.0,0.0,0.0
461,4,0.0,0.0,0.0,0.0,0.0
462,0,0.0,-1.7136622520379354,0.0,0.0,0.0
462,1,0.0,0.0,0.0,0.0,-4.53979458507568
462,2,0.0,0.0,0.0,0.0,-0.028749999999999998
462,3,0.0,0.0,0.0,0.0,0.0
462,4,0.0,0.0,0.0,0.0,0.0
463,0,0.0,-1.7188987551362196,0.0,0.0,0.0
463,1,0.0,0.0,0.0,0.0,-4.542254506101119
463,2,0.0,0.0,0.0,0.0,-0.028749999999999998
463,3,0.0,0.0,0.0,0.0,0.0
463,4,0.0,0.0,0.0,0.0,0.0
464,0,0.0,-1.7241269500382805,0.0,0.0,0.0
464,1,0.0,0.0,0.0,0.0,-4.551935704525154
464,2,0.0,0.0,0.0,0.0,-0.028749999999999998
464,3,0.0,0.0,0.0,0.0,0.0
464,4,0.0,0.0,0.0,0.0,0.0
465,0,0.0,-1.7293641569106606,0.0,0.0,0.0
465,1,0.0,0.0,0.0,0.0,-4.559088355097956
465,2,0.0,0.0,0.0,0.0,-0.028749999999999998
465,3,0.0,0.0,0.0,0.0,0.0
465,4,0.0,0.0,0.0,0.0,0.0
466,0,0.0,-1.734604285383274,0.0,0.0,0.0
466,1,0.0,0.0,0.0,0.0,-4.560218839268419
466,2,0.0,0.0,0.0,0.0,-0.028749999999999998
466,3,0.0,0.0,0.0,0.0,0.0
466,4,0.0,0.0,0.0,0.0,0.0
467,0,0.0,-1.7398330339112917,0.0,0.0,0.0
467,1,0.0,0.0,0.0,0.0,-4.567349852726174
467,2,0.0,0.0,0.0,0.0,-0.028749999999999998
467,3,0.0,0.0,0.0,0.0,0.0
467,4,0.0,0.0,0.0,0.0,0.0
468,0,0.0,-1.7450646775000371,0.0,0.0,0.0
468,1,0.0,0.0,0.0,0.0,-4.586960820909561
468,2,0.0,0.0,0.0,0.0,-0.028749999999999998
468,3,0.0,0.0,0.0,0.0,0.0
468,4,0.0,0.0,0.0,0.0,0.0
469,0,0.0,-1.750329146275854,0.0,0.0,0.0
469,1,0.0,0.0,0.0,0.0,-4.591510542515209
469,2,0.0,0.0,0.0,0.0,-0.028749999999999998
469,3,0.0,0.0,0.0,0.0,0.0
469,4,0.0,0.0,0.0,0.0,0.0
470,0,0.0,-1.7555902183157617,0.0,0.0,0.0
470,1,0.0,0.0,0.0,0.0,-4.601048447336759
470,2,0.0,0.0,0.0,0.0,-0.028749999999999998
470,3,0.0,0.0,0.0,0.0,0.0
470,4,0.0,0.0,0.0,0.0,0.0
471,0,0.0,-1.7608598708328642,0.0,0.0,0.0
471,1,0.0,0.0,0.0,0.0,-4.6021371210800766
471,2,0.0,0.0,0.0,0.0,-0.028749999999999998
471,3,0.0,0.0,0.0,0.0,0.0
471,4,0.0,0.0,0.0,0.0,0.0
472,0,0.0,-1.7661179711274542,0.0,0.0,0.0
472,1,0.0,0.0,0.0,0.0,-4.616645553343215
472,2,0.0,0.0,0.0,0.0,-0.028749999999999998
472,3,0.0,0.0,0.0,0.0,0.0
472,4,0.0,0.0,0.0,0.0,0.0
473,0,0.0,-1.7713965849916284,0.0,0.0,0.0
473,1,0.0,0.0,0.0,0.0,-4.618958076277214
473,2,0.0,0.0,0.0,0.0,-0.028749999999999998
473,3,0.0,0.0,0.0,0.0,0.0
473,4,0.0,0.0,0.0,0.0,0.0
474,0,0.0,-1.7766664342561238,0.0,0.0,0.0
474,1,0.0,0.0,0.0,0.0,-4.62126636952011
474,2,0.0,0.0,0.0,0.0,-0.028749999999999998
474,3,0.0,0.0,0.0,0.0,0.0
474,4,0.0,0.0,0.0,0.0,0.0
475,0,0.0,-1.781927535657427,0.0,0.0,0.0
475,1,0.0,0.0,0.0,0.0,-4.628221398693583
475,2,0.0,0.0,0.0,0.0,-0.028749999999999998
475,3,0.0,0.0,0.0,0.0,0.0
475,4,0.0,0.0,0.0,0.0,0.0
476,0,0.0,-1.7871910252682237,0.0,0.0,0.0
476,1,0.0,0.0,0.0,0.0,-4.627442498519294
476,2,0.0,0.0,0.0,0.0,-0.028749999999999998
476,3,0.0,0.0,0.0,0.0,0.0
476,4,0.0,0.0,0.0,0.0,0.0
477,0,0.0,-1.7924388337690336,0.0,0.0,0.0
477,1,0.0,0.0,0.0,0.0,-4.63188231296489
477,2,0.0,0.0,0.0,0.0,-0.028749999999999998
477,3,0.0,0.0,0.0,0.0,0.0
477,4,0.0,0.0,0.0,0.0,0.0
478,0,0.0,-1.7976830380860707,0.0,0.0,0.0
478,1,0.0,0.0,0.0,0.0,-4.64131004572488
478,2,0.0,0.0,0.0,0.0,-0.028749999999999998
478,3,0.0,0.0,0.0,0.0,0.0
478,4,0.0,0.0,0.0,0.0,0.0
479,0,0.0,-1.8029356094988145,0.0,0.0,0.0
479,1,0.0,0.0,0.0,0.0,-4.642356909012121
479,2,0.0,0.0,0.0,0.0,-0.028749999999999998
479,3,0.0,0.0,0.0,0.0,0.0
479,4,0.0,0.0,0.0,0.0,0.0
480,0,0.0,-1.8081765984296092,0.0,0.0,0.0
480,1,0.0,0.0,0.0,0.0,-4.656755632983095
480,2,0.0,0.0,0.0,0.0,-0.028749999999999998
480,3,0.0,0.0,0.0,0.0,0.0
480,4,0.0,0.0,0.0,0.0,0.0
481,0,0.0,-1.8134378835101006,0.0,0.0,0.0
481,1,0.0,0.0,0.0,0.0,-4.66361010756102
481,2,0.0,0.0,0.0,0.0,-0.028749999999999998
481,3,0.0,0.0,0.0,0.0,0.0
481,4,0.0,0.0,0.0,0.0,0.0
482,0,0.0,-1.8187013194446124,0.0,0.0,0.0
482,1,0.0,0.0,0.0,0.0,-4.662789055525041
482,2,0.0,0.0,0.0,0.0,-0.028749999999999998
482,3,0.0,0.0,0.0,0.0,0.0
482,4,0.0,0.0,0.0,0.0,0.0
483,0,0.0,-1.8239489913212503,0.0,0.0,0.0
483,1,0.0,0.0,0.0,0.0,-4.672127750816063
483,2,0.0,0.0,0.0,0.0,-0.028749999999999998
483,3,0.0,0.0,0.0,0.0,0.0
483,4,0.0,0.0,0.0,0.0,0.0
484,0,0.0,-1.8292048089811188,0.0,0.0,0.0
484,1,0.0,0.0,0.0,0.0,-4.671296806289735
484,2,0.0,0.0,0.0,0.0,-0.028749999999999998
484,3,0.0,0.0,0.0,0.0,0.0
484,4,0.0,0.0,0.0,0.0,0.0
485,0,0.0,-1.834444868469683,0.0,0.0,0.0
485,1,0.0,0.0,0.0,0.0,-4.670467321344934
485,2,0.0,0.0,0.0,0.0,-0.028749999999999998
485,3,0.0,0.0,0.0,0.0,0.0
485,4,0.0,0.0,0.0,0.0,0.0
486,0,0.0,-1.839669224494818,0.0,0.0,0.0
486,1,0.0,0.0,0.0,0.0,-4.669639293066284
486,2,0.0,0.0,0.0,0.0,-0.028749999999999998
486,3,0.0,0.0,0.0,0.0,0.0
486,4,0.0,0.0,0.0,0.0,0.0
487,0,0.0,-1.8448779314775952,0.0,0.0,0.0
487,1,0.0,0.0,0.0,0.0,-4.673963052769431
487,2,0.0,0.0,0.0,0.0,-0.028749999999999998
487,3,0.0,0.0,0.0,0.0,0.0
487,4,0.0,0.0,0.0,0.0,0.0
488,0,0.0,-1.8500828775059928,0.0,0.0,0.0
488,1,0.0,0.0,0.0,0.0,-4.674977442299372
488,2,0.0,0.0,0.0,0.0,-0.028749999999999998
488,3,0.0,0.0,0.0,0.0,0.0
488,4,0.0,0.0,0.0,0.0,0.0
489,0,0.0,-1.8552763253816715,0.0,0.0,0.0
489,1,0.0,0.0,0.0,0.0,-4.675990489325308
489,2,0.0,0.0,0.0,0.0,-0.028749999999999998
489,3,0.0,0.0,0.0,0.0,0.0
489,4,0.0,0.0,0.0,0.0,0.0
490,0,0.0,-1.8604583074360233,0.0,0.0,0.0
490,1,0.0,0.0,0.0,0.0,-4.678199311562299
490,2,0.0,0.0,0.0,0.0,-0.028749999999999998
490,3,0.0,0.0,0.0,0.0,0.0
490,4,0.0,0.0,0.0,0.0,0.0
491,0,0.0,-1.8656315851309284,0.0,0.0,0.0
491,1,0.0,0.0,0.0,0.0,-4.690003358386791
491,2,0.0,0.0,0.0,0.0,-0.028749999999999998
491,3,0.0,0.0,0.0,0.0,0.0
491,4,0.0,0.0,0.0,0.0,0.0
492,0,0.0,-1.870819119611078,0.0,0.0,0.0
492,1,0.0,0.0,0.0,0.0,-4.692187416420596
492,2,0.0,0.0,0.0,0.0,-0.028749999999999998
492,3,0.0,0.0,0.0,0.0,0.0
492,4,0.0,0.0,0.0,0.0,0.0
493,0,0.0,-1.8759978780913615,0.0,0.0,0.0
493,1,0.0,0.0,0.0,0.0,-4.70145181179012
493,2,0.0,0.0,0.0,0.0,-0.028749999999999998
493,3,0.0,0.0,0.0,0.0,0.0
493,4,0.0,0.0,0.0,0.0,0.0
494,0,0.0,-1.881184797501288,0.0,0.0,0.0
494,1,0.0,0.0,0.0,0.0,-4.700586442281129
494,2,0.0,0.0,0.0,0.0,-0.028749999999999998
494,3,0.0,0.0,0.0,0.0,0.0
494,4,0.0,0.0,0.0,0.0,0.0
495,0,0.0,-1.8863561119018037,0.0,0.0,0.0
495,1,0.0,0.0,0.0,0.0,-4.712327132584775
495,2,0.0,0.0,0.0,0.0,-0.028749999999999998
495,3,0.0,0.0,0.0,0.0,0.0
495,4,0.0,0.0,0.0,0.0,0.0
496,0,0.0,-1.8915415368443724,0.0,0.0,0.0
496,1,0.0,0.0,0.0,0.0,-4.71018708023469
496,2,0.0,0.0,0.0,0.0,-0.028749999999999998
496,3,0.0,0.0,0.0,0.0,0.0
496,4,0.0,0.0,0.0,0.0,0.0
497,0,0.0,-1.896708388665032,0.0,0.0,0.0
497,1,0.0,0.0,0.0,0.0,-4.721899056756103
497,2,0.0,0.0,0.0,0.0,-0.028749999999999998
497,3,0.0,0.0,0.0,0.0,0.0
497,4,0.0,0.0,0.0,0.0,0.0
498,0,0.0,-1.9018892933649778,0.0,0.0,0.0
498,1,0.0,0.0,0.0,0.0,-4.726080934526841
498,2,0.0,0.0,0.0,0.0,-0.028749999999999998
498,3,0.0,0.0,0.0,0.0,0.0
498,4,0.0,0.0,0.0,0.0,0.0
499,0,0.0,-1.9070661868282,0.0,0.0,0.0
499,1,0.0,0.0,0.0,0.0,-4.73025272008293
499,2,0.0,0.0,0.0,0.0,-0.028749999999999998
499,3,0.0,0.0,0.0,0.0,0.0
499,4,0.0,0.0,0.0,0.0,0.0
500,0,0.0,-1.9122390573270838,0.0,0.0,0.0
500,1,0.0,0.0,0.0,0.0,-4.7303459157362715
500,2,0.0,0.0,0.0,0.0,-0.028749999999999998
500,3,0.0,0.0,0.0,0.0,0.0
500,4,0.0,0.0,0.0,0.0,0.0
501,0,0.0,-1.917398521371053,0.0,0.0,0.0
501,1,0.0,0.0,0.0,0.0,-4.737003199852154
501,2,0.0,0.0,0.0,0.0,-0.028749999999999998
501,3,0.0,0.0,0.0,0.0,0.0
501,4,0.0,0.0,0.0,0.0,0.0
502,0,0.0,-1.9225599616028421,0.0,0.0,0.0
502,1,0.0,0.0,0.0,0.0,-4.743642049110647
502,2,0.0,0.0,0.0,0.0,-0.028749999999999998
502,3,0.0,0.0,0.0,0.0,0.0
502,4,0.0,0.0,0.0,0.0,0.0
503,0,0.0,-1.9277233291524436,0.0,0.0,0.0
503,1,0.0,0.0,0.0,0.0,-4.744587386747561
503,2,0.0,0.0,0.0,0.0,-0.028749999999999998
503,3,0.0,0.0,0.0,0.0,0.0
503,4,0.0,0.0,0.0,0.0,0.0
504,0,0.0,-1.9328751898403118,0.0,0.0,0.0
504,1,0.0,0.0,0.0,0.0,-4.744666868438816
504,2,0.0,0.0,0.0,0.0,-0.028749999999999998
504,3,0.0,0.0,0.0,0.0,0.0
504,4,0.0,0.0,0.0,0.0,0.0
505,0,0.0,-1.9380136834292672,0.0,0.0,0.0
505,1,0.0,0.0,0.0,0.0,-4.751287211953818
505,2,0.0,0.0,0.0,0.0,-0.028749999999999998
505,3,0.0,0.0,0.0,0.0,0.0
505,4,0.0,0.0,0.0,0.0,0.0
506,0,0.0,-1.943154126037541,0.0,0.0,0.0
506,1,0.0,0.0,0.0,0.0,-4.749085302779168
506,2,0.0,0.0,0.0,0.0,-0.028749999999999998
506,3,0.0,0.0,0.0,0.0,0.0
506,4,0.0,0.0,0.0,0.0,0.0
507,0,0.0,-1.948276007382793,0.0,0.0,0.0
507,1,0.0,0.0,0.0,0.0,-4.758194153353943
507,2,0.0,0.0,0.0,0.0,-0.028749999999999998
507,3,0.0,0.0,0.0,0.0,0.0
507,4,0.0,0.0,0.0,0.0,0.0
508,0,0.0,-1.9534058369751512,0.0,0.0,0.0
508,1,0.0,0.0,0.0,0.0,-4.762283618467676
508,2,0.0,0.0,0.0,0.0,-0.028749999999999998
508,3,0.0,0.0,0.0,0.0,0.0
508,4,0.0,0.0,0.0,0.0,0.0
509,0,0.0,-1.9585315886025432,0.0,0.0,0.0
509,1,0.0,0.0,0.0,0.0,-4.764346194452617
509,2,0.0,0.0,0.0,0.0,-0.028749999999999998
509,3,0.0,0.0,0.0,0.0,0.0
509,4,0.0,0.0,0.0,0.0,0.0
510,0,0.0,-1.963648479719942,0.0,0.0,0.0
510,1,0.0,0.0,0.0,0.0,-4.770914827116028
510,2,0.0,0.0,0.0,0.0,-0.028749999999999998
510,3,0.0,0.0,0.0,0.0,0.0
510,4,0.0,0.0,0.0,0.0,0.0
511,0,0.0,-1.9687672595946129,0.0,0.0,0.0
511,1,0.0,0.0,0.0,0.0,-4.771832623677017
511,2,0.0,0.0,0.0,0.0,-0.028749999999999998
511,3,0.0,0.0,0.0,0.0,0.0
511,4,0.0,0.0,0.0,0.0,0.0
512,0,0.0,-1.97387461354172,0.0,0.0,0.0
512,1,0.0,0.0,0.0,0.0,-4.771886030038226
512,2,0.0,0.0,0.0,0.0,-0.028749999999999998
512,3,0.0,0.0,0.0,0.0,0.0
512,4,0.0,0.0,0.0,0.0,0.0
513,0,0.0,-1.9789686888766906,0.0,0.0,0.0
513,1,0.0,0.0,0.0,0.0,-4.778436510290547
513,2,0.0,0.0,0.0,0.0,-0.028749999999999998
513,3,0.0,0.0,0.0,0.0,0.0
513,4,0.0,0.0,0.0,0.0,0.0
514,0,0.0,-1.9840646748190094,0.0,0.0,0.0
514,1,0.0,0.0,0.0,0.0,-4.782477130954283
514,2,0.0,0.0,0.0,0.0,-0.028749999999999998
514,3,0.0,0.0,0.0,0.0,0.0
514,4,0.0,0.0,0.0,0.0,0.0
515,0,0.0,-1.989156567506229,0.0,0.0,0.0
515,1,0.0,0.0,0.0,0.0,-4.79149978547563
515,2,0.0,0.0,0.0,0.0,-0.028749999999999998
515,3,0.0,0.0,0.0,0.0,0.0
515,4,0.0,0.0,0.0,0.0,0.0
516,0,0.0,-1.9942562884945996,0.0,0.0,0.0
516,1,0.0,0.0,0.0,0.0,-4.793513573492508
516,2,0.0,0.0,0.0,0.0,-0.028749999999999998
516,3,0.0,0.0,0.0,0.0,0.0
516,4,0.0,0.0,0.0,0.0,0.0
517,0,0.0,-1.9993471178706352,0.0,0.0,0.0
517,1,0.0,0.0,0.0,0.0,-4.7975155323590855
517,2,0.0,0.0,0.0,0.0,-0.028749999999999998
517,3,0.0,0.0,0.0,0.0,0.0
517,4,0.0,0.0,0.0,0.0,0.0
518,0,0.0,-2.004433778908686,0.0,0.0,0.0
518,1,0.0,0.0,0.0,0.0,-4.80649864679673
518,2,0.0,0.0,0.0,0.0,-0.028749999999999998
518,3,0.0,0.0,0.0,0.0,0.0
518,4,0.0,0.0,0.0,0.0,0.0
519,0,0.0,-2.0095281899321096,0.0,0.0,0.0
519,1,0.0,0.0,0.0,0.0,-4.820455557098805
519,2,0.0,0.0,0.0,0.0,-0.028749999999999998
519,3,0.0,0.0,0.0,0.0,0.0
519,4,0.0,0.0,0.0,0.0,0.0
520,0,0.0,-2.01464222089956,0.0,0.0,0.0
520,1,0.0,0.0,0.0,0.0,-4.834369689089898
520,2,0.0,0.0,0.0,0.0,-0.028749999999999998
520,3,0.0,0.0,0.0,0.0,0.0
520,4,0.0,0.0,0.0,0.0,0.0
521,0,0.0,-2.019775717695603,0.0,0.0,0.0
521,1,0.0,0.0,0.0,0.0,-4.840741195801806
521,2,0.0,0.0,0.0,0.0,-0.028749999999999998
521,3,0.0,0.0,0.0,0.0,0.0
521,4,0.0,0.0,0.0,0.0,0.0
522,0,0.0,-2.024910592444521,0.0,0.0,0.0
522,1,0.0,0.0,0.0,0.0,-4.8397025952427954
522,2,0.0,0.0,0.0,0.0,-0.028749999999999998
522,3,0.0,0.0,0.0,0.0,0.0
522,4,0.0,0.0,0.0,0.0,0.0
523,0,0.0,-2.030029672000676,0.0,0.0,0.0
523,1,0.0,0.0,0.0,0.0,-4.841640127295397
523,2,0.0,0.0,0.0,0.0,-0.028749999999999998
523,3,0.0,0.0,0.0,0.0,0.0
523,4,0.0,0.0,0.0,0.0,0.0
524,0,0.0,-2.0351396351907916,0.0,0.0,0.0
524,1,0.0,0.0,0.0,0.0,-4.845509661780785
524,2,0.0,0.0,0.0,0.0,-0.028749999999999998
524,3,0.0,0.0,0.0,0.0,0.0
524,4,0.0,0.0,0.0,0.0,0.0
525,0,0.0,-2.0402450651194712,0.0,0.0,0.0
525,1,0.0,0.0,0.0,0.0,-4.851855035140955
525,2,0.0,0.0,0.0,0.0,-0.028749999999999998
525,3,0.0,0.0,0.0,0.0,0.0
525,4,0.0,0.0,0.0,0.0,0.0
526,0,0.0,-2.045351891457055,0.0,0.0,0.0
526,1,0.0,0.0,0.0,0.0,-4.868183011977269
526,2,0.0,0.0,0.0,0.0,-0.028749999999999998
526,3,0.0,0.0,0.0,0.0,0.0
526,4,0.0,0.0,0.0,0.0,0.0
527,0,0.0,-2.050483973178479,0.0,0.0,0.0
527,1,0.0,0.0,0.0,0.0,-4.865793877015618
527,2,0.0,0.0,0.0,0.0,-0.028749999999999998
527,3,0.0,0.0,0.0,0.0,0.0
527,4,0.0,0.0,0.0,0.0,0.0
528,0,0.0,-2.0555971157790687,0.0,0.0,0.0
528,1,0.0,0.0,0.0,0.0,-4.874578473823355
528,2,0.0,0.0,0.0,0.0,-0.028749999999999998
528,3,0.0,0.0,0.0,0.0,0.0
528,4,0.0,0.0,0.0,0.0,0.0
529,0,0.0,-2.0607174640276247,0.0,0.0,0.0
529,1,0.0,0.0,0.0,0.0,-4.8783578555708
529,2,0.0,0.0,0.0,0.0,-0.028749999999999998
529,3,0.0,0.0,0.0,0.0,0.0
529,4,0.0,0.0,0.0,0.0,0.0
530,0,0.0,-2.0658330383152665,0.0,0.0,0.0
530,1,0.0,0.0,0.0,0.0,-4.878307866221083
530,2,0.0,0.0,0.0,0.0,-0.028749999999999998
530,3,0.0,0.0,0.0,0.0,0.0
530,4,0.0,0.0,0.0,0.0,0.0
531,0,0.0,-2.070935108653862,0.0,0.0,0.0
531,1,0.0,0.0,0.0,0.0,-4.875902737853512
531,2,0.0,0.0,0.0,0.0,-0.028749999999999998
531,3,0.0,0.0,0.0,0.0,0.0
531,4,0.0,0.0,0.0,0.0,0.0
532,0,0.0,-2.07601830380685,0.0,0.0,0.0
532,1,0.0,0.0,0.0,0.0,-4.8767221576748385
532,2,0.0,0.0,0.0,0.0,-0.028749999999999998
532,3,0.0,0.0,0.0,0.0,0.0
532,4,0.0,0.0,0.0,0.0,0.0
533,0,0.0,-2.081089990414238,0.0,0.0,0.0
533,1,0.0,0.0,0.0,0.0,-4.895480216852032
533,2,0.0,0.0,0.0,0.0,-0.028749999999999998
533,3,0.0,0.0,0.0,0.0,0.0
533,4,0.0,0.0,0.0,0.0,0.0
534,0,0.0,-2.086192820894137,0.0,0.0,0.0
534,1,0.0,0.0,0.0,0.0,-4.897335816723819
534,2,0.0,0.0,0.0,0.0,-0.028749999999999998
534,3,0.0,0.0,0.0,0.0,0.0
534,4,0.0,0.0,0.0,0.0,0.0
535,0,0.0,-2.0912864059659833,0.0,0.0,0.0
535,1,0.0,0.0,0.0,0.0,-4.896227418312498
535,2,0.0,0.0,0.0,0.0,-0.028749999999999998
535,3,0.0,0.0,0.0,0.0,0.0
535,4,0.0,0.0,0.0,0.0,0.0
536,0,0.0,-2.09636418529975,0.0,0.0,0.0
536,1,0.0,0.0,0.0,0.0,-4.912427627659668
536,2,0.0,0.0,0.0,0.0,-0.028749999999999998
536,3,0.0,0.0,0.0,0.0,0.0
536,4,0.0,0.0,0.0,0.0,0.0
537,0,0.0,-2.10146697965924,0.0,0.0,0.0
537,1,0.0,0.0,0.0,0.0,-4.909971414876527
537,2,0.0,0.0,0.0,0.0,-0.028749999999999998
537,3,0.0,0.0,0.0,0.0,0.0
537,4,0.0,0.0,0.0,0.0,0.0
538,0,0.0,-2.1065507919823303,0.0,0.0,0.0
538,1,0.0,0.0,0.0,0.0,-4.90989202428895
538,2,0.0,0.0,0.0,0.0,-0.028749999999999998
538,3,0.0,0.0,0.0,0.0,0.0
538,4,0.0,0.0,0.0,0.0,0.0
539,0,0.0,-2.111621146834254,0.0,0.0,0.0
539,1,0.0,0.0,0.0,0.0,-4.908769738907625
539,2,0.0,0.0,0.0,0.0,-0.028749999999999998
539,3,0.0,0.0,0.0,0.0,0.0
539,4,0.0,0.0,0.0,0.0,0.0
540,0,0.0,-2.1166757445186297,0.0,0.0,0.0
540,1,0.0,0.0,0.0,0.0,-4.9199326978408
540,2,0.0,0.0,0.0,0.0,-0.028749999999999998
540,3,0.0,0.0,0.0,0.0,0.0
540,4,0.0,0.0,0.0,0.0,0.0
541,0,0.0,-2.12174338441771,0.0,0.0,0.0
541,1,0.0,0.0,0.0,0.0,-4.917466220214115
541,2,0.0,0.0,0.0,0.0,-0.028749999999999998
541,3,0.0,0.0,0.0,0.0,0.0
541,4,0.0,0.0,0.0,0.0,0.0
542,0,0.0,-2.126792137596973,0.0,0.0,0.0
542,1,0.0,0.0,0.0,0.0,-4.918249865005754
542,2,0.0,0.0,0.0,0.0,-0.028749999999999998
542,3,0.0,0.0,0.0,0.0,0.0
542,4,0.0,0.0,0.0,0.0,0.0
543,0,0.0,-2.131829421749436,0.0,0.0,0.0
543,1,0.0,0.0,0.0,0.0,-4.924386170041794
543,2,0.0,0.0,0.0,0.0,-0.028749999999999998
543,3,0.0,0.0,0.0,0.0,0.0
543,4,0.0,0.0,0.0,0.0,0.0
544,0,0.0,-2.136867798206777,0.0,0.0,0.0
544,1,0.0,0.0,0.0,0.0,-4.924293332434229
544,2,0.0,0.0,0.0,0.0,-0.028749999999999998
544,3,0.0,0.0,0.0,0.0,0.0
544,4,0.0,0.0,0.0,0.0,0.0
545,0,0.0,-2.1418928349307147,0.0,0.0,0.0
545,1,0.0,0.0,0.0,0.0,-4.925070147390277
545,2,0.0,0.0,0.0,0.0,-0.028749999999999998
545,3,0.0,0.0,0.0,0.0,0.0
545,4,0.0,0.0,0.0,0.0,0.0
546,0,0.0,-2.146906461101774,0.0,0.0,0.0
546,1,0.0,0.0,0.0,0.0,-4.928722105120005
546,2,0.0,0.0,0.0,0.0,-0.028749999999999998
546,3,0.0,0.0,0.0,0.0,0.0
546,4,0.0,0.0,0.0,0.0,0.0
547,0,0.0,-2.1519153245721276,0.0,0.0,0.0
547,1,0.0,0.0,0.0,0.0,-4.934834043145726
547,2,0.0,0.0,0.0,0.0,-0.028749999999999998
547,3,0.0,0.0,0.0,0.0,0.0
547,4,0.0,0.0,0.0,0.0,0.0
548,0,0.0,-2.1569253032810516,0.0,0.0,0.0
548,1,0.0,0.0,0.0,0.0,-4.94342939448684
548,2,0.0,0.0,0.0,0.0,-0.028749999999999998
548,3,0.0,0.0,0.0,0.0,0.0
548,4,0.0,0.0,0.0,0.0,0.0
549,0,0.0,-2.161942318261159,0.0,0.0,0.0
549,1,0.0,0.0,0.0,0.0,-4.949499881336315
549,2,0.0,0.0,0.0,0.0,-0.028749999999999998
549,3,0.0,0.0,0.0,0.0,0.0
549,4,0.0,0.0,0.0,0.0,0.0
550,0,0.0,-2.1669603282643988,0.0,0.0,0.0
550,1,0.0,0.0,0.0,0.0,-4.955553921995275
550,2,0.0,0.0,0.0,0.0,-0.028749999999999998
550,3,0.0,0.0,0.0,0.0,0.0
550,4,0.0,0.0,0.0,0.0,0.0
551,0,0.0,-2.1719792920118204,0.0,0.0,0.0
551,1,0.0,0.0,0.0,0.0,-4.955429483809851
551,2,0.0,0.0,0.0,0.0,-0.028749999999999998
551,3,0.0,0.0,0.0,0.0,0.0
551,4,0.0,0.0,0.0,0.0,0.0
552,0,0.0,-2.176984912983581,0.0,0.0,0.0
552,1,0.0,0.0,0.0,0.0,-4.952903353294761
552,2,0.0,0.0,0.0,0.0,-0.028749999999999998
552,3,0.0,0.0,0.0,0.0,0.0
552,4,0.0,0.0,0.0,0.0,0.0
553,0,0.0,-2.181971718590275,0.0,0.0,0.0
553,1,0.0,0.0,0.0,0.0,-4.952782211050726
553,2,0.0,0.0,0.0,0.0,-0.028749999999999998
553,3,0.0,0.0,0.0,0.0,0.0
553,4,0.0,0.0,0.0,0.0,0.0
554,0,0.0,-2.186945289411077,0.0,0.0,0.0
554,1,0.0,0.0,0.0,0.0,-4.953531817782427
554,2,0.0,0.0,0.0,0.0,-0.028749999999999998
554,3,0.0,0.0,0.0,0.0,0.0
554,4,0.0,0.0,0.0,0.0,0.0
555,0,0.0,-2.191907552007257,0.0,0.0,0.0
555,1,0.0,0.0,0.0,0.0,-4.951009740839915
555,2,0.0,0.0,0.0,0.0,-0.028749999999999998
555,3,0.0,0.0,0.0,0.0,0.0
555,4,0.0,0.0,0.0,0.0,0.0
556,0,0.0,-2.19685115024886,0.0,0.0,0.0
556,1,0.0,0.0,0.0,0.0,-4.951760945994834
556,2,0.0,0.0,0.0,0.0,-0.028749999999999998
556,3,0.0,0.0,0.0,0.0,0.0
556,4,0.0,0.0,0.0,0.0,0.0
557,0,0.0,-2.201783534506525,0.0,0.0,0.0
557,1,0.0,0.0,0.0,0.0,-4.951641796535458
557,2,0.0,0.0,0.0,0.0,-0.028749999999999998
557,3,0.0,0.0,0.0,0.0,0.0
557,4,0.0,0.0,0.0,0.0,0.0
558,0,0.0,-2.2067028584811568,0.0,0.0,0.0
558,1,0.0,0.0,0.0,0.0,-4.952392066989947
558,2,0.0,0.0,0.0,0.0,-0.028749999999999998
558,3,0.0,0.0,0.0,0.0,0.0
558,4,0.0,0.0,0.0,0.0,0.0
559,0,0.0,-2.211611040031465,0.0,0.0,0.0
559,1,0.0,0.0,0.0,0.0,-4.954170965071881
559,2,0.0,0.0,0.0,0.0,-0.028749999999999998
559,3,0.0,0.0,0.0,0.0,0.0
559,4,0.0,0.0,0.0,0.0,0.0
560,0,0.0,-2.216510387159345,0.0,0.0,0.0
560,1,0.0,0.0,0.0,0.0,-4.967723409773777
560,2,0.0,0.0,0.0,0.0,-0.028749999999999998
560,3,0.0,0.0,0.0,0.0,0.0
560,4,0.0,0.0,0.0,0.0,0.0
561,0,0.0,-2.2214288744414272,0.0,0.0,0.0
561,1,0.0,0.0,0.0,0.0,-4.965179267471836
561,2,0.0,0.0,0.0,0.0,-0.028749999999999998
561,3,0.0,0.0,0.0,0.0,0.0
561,4,0.0,0.0,0.0,0.0,0.0
562,0,0.0,-2.2263287937211413,0.0,0.0,0.0
562,1,0.0,0.0,0.0,0.0,-4.968737909861055
562,2,0.0,0.0,0.0,0.0,-0.028749999999999998
562,3,0.0,0.0,0.0,0.0,0.0
562,4,0.0,0.0,0.0,0.0,0.0
563,0,0.0,-2.231224059807825,0.0,0.0,0.0
563,1,0.0,0.0,0.0,0.0,-4.968602431536426
563,2,0.0,0.0,0.0,0.0,-0.028749999999999998
563,3,0.0,0.0,0.0,0.0,0.0
563,4,0.0,0.0,0.0,0.0,0.0
564,0,0.0,-2.236106349441453,0.0,0.0,0.0
564,1,0.0,0.0,0.0,0.0,-4.967408844648973
564,2,0.0,0.0,0.0,0.0,-0.028749999999999998
564,3,0.0,0.0,0.0,0.0,0.0
564,4,0.0,0.0,0.0,0.0,0.0
565,0,0.0,-2.2409733301020704,0.0,0.0,0.0
565,1,0.0,0.0,0.0,0.0,-4.969167892616635
565,2,0.0,0.0,0.0,0.0,-0.028749999999999998
565,3,0.0,0.0,0.0,0.0,0.0
565,4,0.0,0.0,0.0,0.0,0.0
566,0,0.0,-2.2458315547117103,0.0,0.0,0.0
566,1,0.0,0.0,0.0,0.0,-4.969032581064345
566,2,0.0,0.0,0.0,0.0,-0.028749999999999998
566,3,0.0,0.0,0.0,0.0,0.0
566,4,0.0,0.0,0.0,0.0,0.0
567,0,0.0,-2.250676918504096,0.0,0.0,0.0
567,1,0.0,0.0,0.0,0.0,-4.985047560405121
567,2,0.0,0.0,0.0,0.0,-0.028749999999999998
567,3,0.0,0.0,0.0,0.0,0.0
567,4,0.0,0.0,0.0,0.0,0.0
568,0,0.0,-2.2555474144287753,0.0,0.0,0.0
568,1,0.0,0.0,0.0,0.0,-4.986782553267426
568,2,0.0,0.0,0.0,0.0,-0.028749999999999998
568,3,0.0,0.0,0.0,0.0,0.0
568,4,0.0,0.0,0.0,0.0,0.0
569,0,0.0,-2.2604090923052507,0.0,0.0,0.0
569,1,0.0,0.0,0.0,0.0,-5.002745042526118
569,2,0.0,0.0,0.0,0.0,-0.028749999999999998
569,3,0.0,0.0,0.0,0.0,0.0
569,4,0.0,0.0,0.0,0.0,0.0
570,0,0.0,-2.2652957362931065,0.0,0.0,0.0
570,1,0.0,0.0,0.0,0.0,-5.000145545869619
570,2,0.0,0.0,0.0,0.0,-0.028749999999999998
570,3,0.0,0.0,0.0,0.0,0.0
570,4,0.0,0.0,0.0,0.0,0.0
571,0,0.0,-2.270163800961375,0.0,0.0,0.0
571,1,0.0,0.0,0.0,0.0,-5.000852690107169
571,2,0.0,0.0,0.0,0.0,-0.028749999999999998
571,3,0.0,0.0,0.0,0.0,0.0
571,4,0.0,0.0,0.0,0.0,0.0
572,0,0.0,-2.2750207958663027,0.0,0.0,0.0
572,1,0.0,0.0,0.0,0.0,-5.004323542328402
572,2,0.0,0.0,0.0,0.0,-0.028749999999999998
572,3,0.0,0.0,0.0,0.0,0.0
572,4,0.0,0.0,0.0,0.0,0.0
573,0,0.0,-2.2798730554688595,0.0,0.0,0.0
573,1,0.0,0.0,0.0,0.0,-5.006032855670791
573,2,0.0,0.0,0.0,0.0,-0.028749999999999998
573,3,0.0,0.0,0.0,0.0,0.0
573,4,0.0,0.0,0.0,0.0,0.0
574,0,0.0,-2.2847164952672037,0.0,0.0,0.0
574,1,0.0,0.0,0.0,0.0,-5.019442503505603
574,2,0.0,0.0,0.0,0.0,-0.028749999999999998
574,3,0.0,0.0,0.0,0.0,0.0
574,4,0.0,0.0,0.0,0.0,0.0
575,0,0.0,-2.2895788711344713,0.0,0.0,0.0
575,1,0.0,0.0,0.0,0.0,-5.027811242519616
575,2,0.0,0.0,0.0,0.0,-0.028749999999999998
575,3,0.0,0.0,0.0,0.0,0.0
575,4,0.0,0.0,0.0,0.0,0.0
576,0,0.0,-2.2944481425050576,0.0,0.0,0.0
576,1,0.0,0.0,0.0,0.0,-5.029488545197004
576,2,0.0,0.0,0.0,0.0,-0.028749999999999998
576,3,0.0,0.0,0.0,0.0,0.0
576,4,0.0,0.0,0.0,0.0,0.0
577,0,0.0,-2.2993084751995343,0.0,0.0,0.0
577,1,0.0,0.0,0.0,0.0,-5.028216452403323
577,2,0.0,0.0,0.0,0.0,-0.028749999999999998
577,3,0.0,0.0,0.0,0.0,0.0
577,4,0.0,0.0,0.0,0.0,0.0
578,0,0.0,-2.3041534009918605,0.0,0.0,0.0
578,1,0.0,0.0,0.0,0.0,-5.046562863322363
578,2,0.0,0.0,0.0,0.0,-0.028749999999999998
578,3,0.0,0.0,0.0,0.0,0.0
578,4,0.0,0.0,0.0,0.0,0.0
579,0,0.0,-2.309028999929076,0.0,0.0,0.0
579,1,0.0,0.0,0.0,0.0,-5.04821657708936
579,2,0.0,0.0,0.0,0.0,-0.028749999999999998
579,3,0.0,0.0,0.0,0.0,0.0
579,4,0.0,0.0,0.0,0.0,0.0
580,0,0.0,-2.3138955916476682,0.0,0.0,0.0
580,1,0.0,0.0,0.0,0.0,-5.0498677043825495
580,2,0.0,0.0,0.0,0.0,-0.028749999999999998
580,3,0.0,0.0,0.0,0.0,0.0
580,4,0.0,0.0,0.0,0.0,0.0
581,0,0.0,-2.3187531967000967,0.0,0.0,0.0
581,1,0.0,0.0,0.0,0.0,-5.058151407301293
581,2,0.0,0.0,0.0,0.0,-0.028749999999999998
581,3,0.0,0.0,0.0,0.0,0.0
581,4,0.0,0.0,0.0,0.0,0.0
582,0,0.0,-2.3236175089780065,0.0,0.0,0.0
582,1,0.0,0.0,0.0,0.0,-5.056841755436921
582,2,0.0,0.0,0.0,0.0,-0.028749999999999998
582,3,0.0,0.0,0.0,0.0,0.0
582,4,0.0,0.0,0.0,0.0,0.0
583,0,0.0,-2.3284663217245676,0.0,0.0,0.0
583,1,0.0,0.0,0.0,0.0,-5.060174845355504
583,2,0.0,0.0,0.0,0.0,-0.028749999999999998
583,3,0.0,0.0,0.0,0.0,0.0
583,4,0.0,0.0,0.0,0.0,0.0
584,0,0.0,-2.3333101024163465,0.0,0.0,0.0
584,1,0.0,0.0,0.0,0.0,-5.070931948033364
584,2,0.0,0.0,0.0,0.0,-0.028749999999999998
584,3,0.0,0.0,0.0,0.0,0.0
584,4,0.0,0.0,0.0,0.0,0.0
585,0,0.0,-2.3381665092475785,0.0,0.0,0.0
585,1,0.0,0.0,0.0,0.0,-5.074230160839336
585,2,0.0,0.0,0.0,0.0,-0.028749999999999998
585,3,0.0,0.0,0.0,0.0,0.0
585,4,0.0,0.0,0.0,0.0,0.0
586,0,0.0,-2.3430177815034963,0.0,0.0,0.0
586,1,0.0,0.0,0.0,0.0,-5.073989442513958
586,2,0.0,0.0,0.0,0.0,-0.028749999999999998
586,3,0.0,0.0,0.0,0.0,0.0
586,4,0.0,0.0,0.0,0.0,0.0
587,0,0.0,-2.3478560062324014,0.0,0.0,0.0
587,1,0.0,0.0,0.0,0.0,-5.079709017391888
587,2,0.0,0.0,0.0,0.0,-0.028749999999999998
587,3,0.0,0.0,0.0,0.0,0.0
587,4,0.0,0.0,0.0,0.0,0.0
588,0,0.0,-2.3526948957127267,0.0,0.0,0.0
588,1,0.0,0.0,0.0,0.0,-5.090413329785306
588,2,0.0,0.0,0.0,0.0,-0.028749999999999998
588,3,0.0,0.0,0.0,0.0,0.0
588,4,0.0,0.0,0.0,0.0,0.0
589,0,0.0,-2.3575462993609135,0.0,0.0,0.0
589,1,0.0,0.0,0.0,0.0,-5.091038568668163
589,2,0.0,0.0,0.0,0.0,-0.028749999999999998
589,3,0.0,0.0,0.0,0.0,0.0
589,4,0.0,0.0,0.0,0.0,0.0
590,0,0.0,-2.362386522573072,0.0,0.0,0.0
590,1,0.0,0.0,0.0,0.0,-5.089684106094421
590,2,0.0,0.0,0.0,0.0,-0.028749999999999998
590,3,0.0,0.0,0.0,0.0,0.0
590,4,0.0,0.0,0.0,0.0,0.0
591,0,0.0,-2.3672112241851306,0.0,0.0,0.0
591,1,0.0,0.0,0.0,0.0,-5.102860918596503
591,2,0.0,0.0,0.0,0.0,-0.028749999999999998
591,3,0.0,0.0,0.0,0.0,0.0
591,4,0.0,0.0,0.0,0.0,0.0
592,0,0.0,-2.372054352700594,0.0,0.0,0.0
592,1,0.0,0.0,0.0,0.0,-5.102591103253119
592,2,0.0,0.0,0.0,0.0,-0.028749999999999998
592,3,0.0,0.0,0.0,0.0,0.0
592,4,0.0,0.0,0.0,0.0,0.0
593,0,0.0,-2.376884402083277,0.0,0.0,0.0
593,1,0.0,0.0,0.0,0.0,-5.104170833327974
593,2,0.0,0.0,0.0,0.0,-0.028749999999999998
593,3,0.0,0.0,0.0,0.0,0.0
593,4,0.0,0.0,0.0,0.0,0.0
594,0,0.0,-2.381705418724163,0.0,0.0,0.0
594,1,0.0,0.0,0.0,0.0,-5.119806926026649
594,2,0.0,0.0,0.0,0.0,-0.028749999999999998
594,3,0.0,0.0,0.0,0.0,0.0
594,4,0.0,0.0,0.0,0.0,0.0
595,0,0.0,-2.386550715388761,0.0,0.0,0.0
595,1,0.0,0.0,0.0,0.0,-5.127894710732423
595,2,0.0,0.0,0.0,0.0,-0.028749999999999998
595,3,0.0,0.0,0.0,0.0,0.0
595,4,0.0,0.0,0.0,0.0,0.0
596,0,0.0,-2.3914022880081176,0.0,0.0,0.0
596,1,0.0,0.0,0.0,0.0,-5.125088190757266
596,2,0.0,0.0,0.0,0.0,-0.028749999999999998
596,3,0.0,0.0,0.0,0.0,0.0
596,4,0.0,0.0,0.0,0.0,0.0
597,0,0.0,-2.3962349580927715,0.0,0.0,0.0
597,1,0.0,0.0,0.0,0.0,-5.1431611338415335
597,2,0.0,0.0,0.0,0.0,-0.028749999999999998
597,3,0.0,0.0,0.0,0.0,0.0
597,4,0.0,0.0,0.0,0.0,0.0
598,0,0.0,-2.4010976672450175,0.0,0.0,0.0
598,1,0.0,0.0,0.0,0.0,-5.144692749685273
598,2,0.0,0.0,0.0,0.0,-0.028749999999999998
598,3,0.0,0.0,0.0,0.0,0.0
598,4,0.0,0.0,0.0,0.0,0.0
599,0,0.0,-2.4059511475581266,0.0,0.0,0.0
599,1,0.0,0.0,0.0,0.0,-5.147813780178209
599,2,0.0,0.0,0.0,0.0,-0.028749999999999998
599,3,0.0,0.0,0.0,0.0,0.0
599,4,0.0,0.0,0.0,0.0,0.0
600,0,0.0,-2.4107990909811603,0.0,0.0,0.0
600,1,0.0,0.0,0.0,0.0,-5.153321213117331
600,2,0.0,0.0,0.0,0.0,-0.028749999999999998
600,3,0.0,0.0,0.0,0.0,0.0
600,4,0.0,0.0,0.0,0.0,0.0
601,0,0.0,-2.415647171515035,0.0,0.0,0.0
601,1,0.0,0.0,0.0,0.0,-5.154838327992832
601,2,0.0,0.0,0.0,0.0,-0.028749999999999998
601,3,0.0,0.0,0.0,0.0,0.0
601,4,0.0,0.0,0.0,0.0,0.0
602,0,0.0,-2.42048603407662,0.0,0.0,0.0
602,1,0.0,0.0,0.0,0.0,-5.1554068359060325
602,2,0.0,0.0,0.0,0.0,-0.028749999999999998
602,3,0.0,0.0,0.0,0.0,0.0
602,4,0.0,0.0,0.0,0.0,0.0
603,0,0.0,-2.425313645154052,0.0,0.0,0.0
603,1,0.0,0.0,0.0,0.0,-5.1569209407891945
603,2,0.0,0.0,0.0,0.0,-0.028749999999999998
603,3,0.0,0.0,0.0,0.0,0.0
603,4,0.0,0.0,0.0,0.0,0.0
604,0,0.0,-2.4301320914444706,0.0,0.0,0.0
604,1,0.0,0.0,0.0,0.0,-5.158432771872223
604,2,0.0,0.0,0.0,0.0,-0.028749999999999998
604,3,0.0,0.0,0.0,0.0,0.0
604,4,0.0,0.0,0.0,0.0,0.0
605,0,0.0,-2.434941394598611,0.0,0.0,0.0
605,1,0.0,0.0,0.0,0.0,-5.158997329967273
605,2,0.0,0.0,0.0,0.0,-0.028749999999999998
605,3,0.0,0.0,0.0,0.0,0.0
605,4,0.0,0.0,0.0,0.0,0.0
606,0,0.0,-2.439739526452495,0.0,0.0,0.0
606,1,0.0,0.0,0.0,0.0,-5.157552074780315
606,2,0.0,0.0,0.0,0.0,-0.028749999999999998
606,3,0.0,0.0,0.0,0.0,0.0
606,4,0.0,0.0,0.0,0.0,0.0
607,0,0.0,-2.4445220722876555,0.0,0.0,0.0
607,1,0.0,0.0,0.0,0.0,-5.168042512108654
607,2,0.0,0.0,0.0,0.0,-0.028749999999999998
607,3,0.0,0.0,0.0,0.0,0.0
607,4,0.0,0.0,0.0,0.0,0.0
608,0,0.0,-2.4493167690526296,0.0,0.0,0.0
608,1,0.0,0.0,0.0,0.0,-5.167705934928634
608,2,0.0,0.0,0.0,0.0,-0.028749999999999998
608,3,0.0,0.0,0.0,0.0,0.0
608,4,0.0,0.0,0.0,0.0,0.0
609,0,0.0,-2.454098402809797,0.0,0.0,0.0
609,1,0.0,0.0,0.0,0.0,-5.169204900069193
609,2,0.0,0.0,0.0,0.0,-0.028749999999999998
609,3,0.0,0.0,0.0,0.0,0.0
609,4,0.0,0.0,0.0,0.0,0.0
610,0,0.0,-2.4588709738084433,0.0,0.0,0.0
610,1,0.0,0.0,0.0,0.0,-5.166327394115447
610,2,0.0,0.0,0.0,0.0,-0.028749999999999998
610,3,0.0,0.0,0.0,0.0,0.0
610,4,0.0,0.0,0.0,0.0,0.0
611,0,0.0,-2.463624749876268,0.0,0.0,0.0
611,1,0.0,0.0,0.0,0.0,-5.169407799394944
611,2,0.0,0.0,0.0,0.0,-0.028749999999999998
611,3,0.0,0.0,0.0,0.0,0.0
611,4,0.0,0.0,0.0,0.0,0.0
612,0,0.0,-2.468373179497748,0.0,0.0,0.0
612,1,0.0,0.0,0.0,0.0,-5.172481815228142
612,2,0.0,0.0,0.0,0.0,-0.028749999999999998
612,3,0.0,0.0,0.0,0.0,0.0
612,4,0.0,0.0,0.0,0.0,0.0
613,0,0.0,-2.4731162632191017,0.0,0.0,0.0
613,1,0.0,0.0,0.0,0.0,-5.172141169087875
613,2,0.0,0.0,0.0,0.0,-0.028749999999999998
613,3,0.0,0.0,0.0,0.0,0.0
613,4,0.0,0.0,0.0,0.0,0.0
614,0,0.0,-2.477846434857829,0.0,0.0,0.0
614,1,0.0,0.0,0.0,0.0,-5.182597564467865
614,2,0.0,0.0,0.0,0.0,-0.028749999999999998
614,3,0.0,0.0,0.0,0.0,0.0
614,4,0.0,0.0,0.0,0.0,0.0
615,0,0.0,-2.4825888114265906,0.0,0.0,0.0
615,1,0.0,0.0,0.0,0.0,-5.200522916347252
615,2,0.0,0.0,0.0,0.0,-0.028749999999999998
615,3,0.0,0.0,0.0,0.0,0.0
615,4,0.0,0.0,0.0,0.0,0.0
616,0,0.0,-2.487361085219611,0.0,0.0,0.0
616,1,0.0,0.0,0.0,0.0,-5.218392336017356
616,2,0.0,0.0,0.0,0.0,-0.028749999999999998
616,3,0.0,0.0,0.0,0.0,0.0
616,4,0.0,0.0,0.0,0.0,0.0
617,0,0.0,-2.4921630502861003,0.0,0.0,0.0
617,1,0.0,0.0,0.0,0.0,-5.223706025681543
617,2,0.0,0.0,0.0,0.0,-0.028749999999999998
617,3,0.0,0.0,0.0,0.0,0.0
617,4,0.0,0.0,0.0,0.0,0.0
618,0,0.0,-2.4969648231688137,0.0,0.0,0.0
618,1,0.0,0.0,0.0,0.0,-5.22513916783468
618,2,0.0,0.0,0.0,0.0,-0.028749999999999998
618,3,0.0,0.0,0.0,0.0,0.0
618,4,0.0,0.0,0.0,0.0,0.0
619,0,0.0,-2.5017573365133603,0.0,0.0,0.0
619,1,0.0,0.0,0.0,0.0,-5.225645134836695
619,2,0.0,0.0,0.0,0.0,-0.028749999999999998
619,3,0.0,0.0,0.0,0.0,0.0
619,4,0.0,0.0,0.0,0.0,0.0
620,0,0.0,-2.5065386166569716,0.0,0.0,0.0
620,1,0.0,0.0,0.0,0.0,-5.228588128937937
620,2,0.0,0.0,0.0,0.0,-0.028749999999999998
620,3,0.0,0.0,0.0,0.0,0.0
620,4,0.0,0.0,0.0,0.0,0.0
621,0,0.0,-2.511314155140981,0.0,0.0,0.0
621,1,0.0,0.0,0.0,0.0,-5.238879579242143
621,2,0.0,0.0,0.0,0.0,-0.028749999999999998
621,3,0.0,0.0,0.0,0.0,0.0
621,4,0.0,0.0,0.0,0.0,0.0
622,0,0.0,-2.51610138972348,0.0,0.0,0.0
622,1,0.0,0.0,0.0,0.0,-5.249140561393534
622,2,0.0,0.0,0.0,0.0,-0.028749999999999998
622,3,0.0,0.0,0.0,0.0,0.0
622,4,0.0,0.0,0.0,0.0,0.0
623,0,0.0,-2.520900217755437,0.0,0.0,0.0
623,1,0.0,0.0,0.0,0.0,-5.248717477347006
623,2,0.0,0.0,0.0,0.0,-0.028749999999999998
623,3,0.0,0.0,0.0,0.0,0.0
623,4,0.0,0.0,0.0,0.0,0.0
624,0,0.0,-2.5256857954083327,0.0,0.0,0.0
624,1,0.0,0.0,0.0,0.0,-5.251608873699979
624,2,0.0,0.0,0.0,0.0,-0.028749999999999998
624,3,0.0,0.0,0.0,0.0,0.0
624,4,0.0,0.0,0.0,0.0,0.0
625,0,0.0,-2.5304655004452803,0.0,0.0,0.0
625,1,0.0,0.0,0.0,0.0,-5.252090889542012
625,2,0.0,0.0,0.0,0.0,-0.028749999999999998
625,3,0.0,0.0,0.0,0.0,0.0
625,4,0.0,0.0,0.0,0.0,0.0
626,0,0.0,-2.53523396362835,0.0,0.0,0.0
626,1,0.0,0.0,0.0,0.0,-5.264817819024429
626,2,0.0,0.0,0.0,0.0,-0.028749999999999998
626,3,0.0,0.0,0.0,0.0,0.0
626,4,0.0,0.0,0.0,0.0,0.0
627,0,0.0,-2.5400199206954803,0.0,0.0,0.0
627,1,0.0,0.0,0.0,0.0,-5.275006165442123
627,2,0.0,0.0,0.0,0.0,-0.028749999999999998
627,3,0.0,0.0,0.0,0.0,0.0
627,4,0.0,0.0,0.0,0.0,0.0
628,0,0.0,-2.5448173019672184,0.0,0.0,0.0
628,1,0.0,0.0,0.0,0.0,-5.285164398443847
628,2,0.0,0.0,0.0,0.0,-0.028749999999999998
628,3,0.0,0.0,0.0,0.0,0.0
628,4,0.0,0.0,0.0,0.0,0.0
629,0,0.0,-2.5496260063386664,0.0,0.0,0.0
629,1,0.0,0.0,0.0,0.0,-5.284701842279673
629,2,0.0,0.0,0.0,0.0,-0.028749999999999998
629,3,0.0,0.0,0.0,0.0,0.0
629,4,0.0,0.0,0.0,0.0,0.0
630,0,0.0,-2.55442134957912,0.0,0.0,0.0
630,1,0.0,0.0,0.0,0.0,-5.294832492458654
630,2,0.0,0.0,0.0,0.0,-0.028749999999999998
630,3,0.0,0.0,0.0,0.0,0.0
630,4,0.0,0.0,0.0,0.0,0.0
631,0,0.0,-2.5592279550605497,0.0,0.0,0.0
631,1,0.0,0.0,0.0,0.0,-5.307433230072828
631,2,0.0,0.0,0.0,0.0,-0.028749999999999998
631,3,0.0,0.0,0.0,0.0,0.0
631,4,0.0,0.0,0.0,0.0,0.0
632,0,0.0,-2.564051656744023,0.0,0.0,0.0
632,1,0.0,0.0,0.0,0.0,-5.308770385253887
632,2,0.0,0.0,0.0,0.0,-0.028749999999999998
632,3,0.0,0.0,0.0,0.0,0.0
632,4,0.0,0.0,0.0,0.0,0.0
633,0,0.0,-2.5688658341709725,0.0,0.0,0.0
633,1,0.0,0.0,0.0,0.0,-5.307116889706994
633,2,0.0,0.0,0.0,0.0,-0.028749999999999998
633,3,0.0,0.0,0.0,0.0,0.0
633,4,0.0,0.0,0.0,0.0,0.0
634,0,0.0,-2.5736639238293324,0.0,0.0,0.0
634,1,0.0,0.0,0.0,0.0,-5.314683077670385
634,2,0.0,0.0,0.0,0.0,-0.028749999999999998
634,3,0.0,0.0,0.0,0.0,0.0
634,4,0.0,0.0,0.0,0.0,0.0
635,0,0.0,-2.578467182392698,0.0,0.0,0.0
635,1,0.0,0.0,0.0,0.0,-5.314188622035834
635,2,0.0,0.0,0.0,0.0,-0.028749999999999998
635,3,0.0,0.0,0.0,0.0,0.0
635,4,0.0,0.0,0.0,0.0,0.0
636,0,0.0,-2.5832570322046435,0.0,0.0,0.0
636,1,0.0,0.0,0.0,0.0,-5.319235968005967
636,2,0.0,0.0,0.0,0.0,-0.028749999999999998
636,3,0.0,0.0,0.0,0.0,0.0
636,4,0.0,0.0,0.0,0.0,0.0
637,0,0.0,-2.588046096995268,0.0,0.0,0.0
637,1,0.0,0.0,0.0,0.0,-5.3187365096428225
637,2,0.0,0.0,0.0,0.0,-0.028749999999999998
637,3,0.0,0.0,0.0,0.0,0.0
637,4,0.0,0.0,0.0,0.0,0.0
638,0,0.0,-2.592821786548319,0.0,0.0,0.0
638,1,0.0,0.0,0.0,0.0,-5.320060267251847
638,2,0.0,0.0,0.0,0.0,-0.028749999999999998
638,3,0.0,0.0,0.0,0.0,0.0
638,4,0.0,0.0,0.0,0.0,0.0
639,0,0.0,-2.597588064040151,0.0,0.0,0.0
639,1,0.0,0.0,0.0,0.0,-5.321382151517189
639,2,0.0,0.0,0.0,0.0,-0.028749999999999998
639,3,0.0,0.0,0.0,0.0,0.0
639,4,0.0,0.0,0.0,0.0,0.0
640,0,0.0,-2.602344952752879,0.0,0.0,0.0
640,1,0.0,0.0,0.0,0.0,-5.331415282484868
640,2,0.0,0.0,0.0,0.0,-0.028749999999999998
640,3,0.0,0.0,0.0,0.0,0.0
640,4,0.0,0.0,0.0,0.0,0.0
641,0,0.0,-2.607112972320253,0.0,0.0,0.0
641,1,0.0,0.0,0.0,0.0,-5.3318264548573415
641,2,0.0,0.0,0.0,0.0,-0.028749999999999998
641,3,0.0,0.0,0.0,0.0,0.0
641,4,0.0,0.0,0.0,0.0,0.0
642,0,0.0,-2.611869648194939,0.0,0.0,0.0
642,1,0.0,0.0,0.0,0.0,-5.3322371985732
642,2,0.0,0.0,0.0,0.0,-0.028749999999999998
642,3,0.0,0.0,0.0,0.0,0.0
642,4,0.0,0.0,0.0,0.0,0.0
643,0,0.0,-2.616615013716916,0.0,0.0,0.0
643,1,0.0,0.0,0.0,0.0,-5.333545212572597
643,2,0.0,0.0,0.0,0.0,-0.028749999999999998
643,3,0.0,0.0,0.0,0.0,0.0
643,4,0.0,0.0,0.0,0.0,0.0
644,0,0.0,-2.621351022502195,0.0,0.0,0.0
644,1,0.0,0.0,0.0,0.0,-5.3362589868170245
644,2,0.0,0.0,0.0,0.0,-0.028749999999999998
644,3,0.0,0.0,0.0,0.0,0.0
644,4,0.0,0.0,0.0,0.0,0.0
645,0,0.0,-2.6260808925155095,0.0,0.0,0.0
645,1,0.0,0.0,0.0,0.0,-5.337561304130063
645,2,0.0,0.0,0.0,0.0,-0.028749999999999998
645,3,0.0,0.0,0.0,0.0,0.0
645,4,0.0,0.0,0.0,0.0,0.0
646,0,0.0,-2.6308014382555482,0.0,0.0,0.0
646,1,0.0,0.0,0.0,0.0,-5.34755603730337
646,2,0.0,0.0,0.0,0.0,-0.028749999999999998
646,3,0.0,0.0,0.0,0.0,0.0
646,4,0.0,0.0,0.0,0.0,0.0
647,0,0.0,-2.635533119616412,0.0,0.0,0.0
647,1,0.0,0.0,0.0,0.0,-5.344372005106222
647,2,0.0,0.0,0.0,0.0,-0.028749999999999998
647,3,0.0,0.0,0.0,0.0,0.0
647,4,0.0,0.0,0.0,0.0,0.0
648,0,0.0,-2.64024550644541,0.0,0.0,0.0
648,1,0.0,0.0,0.0,0.0,-5.344771264849263
648,2,0.0,0.0,0.0,0.0,-0.028749999999999998
648,3,0.0,0.0,0.0,0.0,0.0
648,4,0.0,0.0,0.0,0.0,0.0
649,0,0.0,-2.6449466936326305,0.0,0.0,0.0
649,1,0.0,0.0,0.0,0.0,-5.343067508471292
649,2,0.0,0.0,0.0,0.0,-0.028749999999999998
649,3,0.0,0.0,0.0,0.0,0.0
649,4,0.0,0.0,0.0,0.0,0.0
650,0,0.0,-2.649632035152702,0.0,0.0,0.0
650,1,0.0,0.0,0.0,0.0,-5.343467930324669
650,2,0.0,0.0,0.0,0.0,-0.028749999999999998
650,3,0.0,0.0,0.0,0.0,0.0
650,4,0.0,0.0,0.0,0.0,0.0
651,0,0.0,-2.654306260776195,0.0,0.0,0.0
651,1,0.0,0.0,0.0,0.0,-5.340292283505554
651,2,0.0,0.0,0.0,0.0,-0.028749999999999998
651,3,0.0,0.0,0.0,0.0,0.0
651,4,0.0,0.0,0.0,0.0,0.0
652,0,0.0,-2.6589614037383345,0.0,0.0,0.0
652,1,0.0,0.0,0.0,0.0,-5.342998246487171
652,2,0.0,0.0,0.0,0.0,-0.028749999999999998
652,3,0.0,0.0,0.0,0.0,0.0
652,4,0.0,0.0,0.0,0.0,0.0
653,0,0.0,-2.6636106195339333,0.0,0.0,0.0
653,1,0.0,0.0,0.0,0.0,-5.344294427432206
653,2,0.0,0.0,0.0,0.0,-0.028749999999999998
653,3,0.0,0.0,0.0,0.0,0.0
653,4,0.0,0.0,0.0,0.0,0.0
654,0,0.0,-2.6682507345756523,0.0,0.0,0.0
654,1,0.0,0.0,0.0,0.0,-5.345588784969943
654,2,0.0,0.0,0.0,0.0,-0.028749999999999998
654,3,0.0,0.0,0.0,0.0,0.0
654,4,0.0,0.0,0.0,0.0,0.0
655,0,0.0,-2.6728817712004287,0.0,0.0,0.0
655,1,0.0,0.0,0.0,0.0,-5.348285717859799
655,2,0.0,0.0,0.0,0.0,-0.028749999999999998
655,3,0.0,0.0,0.0,0.0,0.0
655,4,0.0,0.0,0.0,0.0,0.0
656,0,0.0,-2.677506928359071,0.0,0.0,0.0
656,1,0.0,0.0,0.0,0.0,-5.353260799442309
656,2,0.0,0.0,0.0,0.0,-0.028749999999999998
656,3,0.0,0.0,0.0,0.0,0.0
656,4,0.0,0.0,0.0,0.0,0.0
657,0,0.0,-2.6821315849479133,0.0,0.0,0.0
657,1,0.0,0.0,0.0,0.0,-5.351545150446062
657,2,0.0,0.0,0.0,0.0,-0.028749999999999998
657,3,0.0,0.0,0.0,0.0,0.0
657,4,0.0,0.0,0.0,0.0,0.0
658,0,0.0,-2.6867406064685486,0.0,0.0,0.0
658,1,0.0,0.0,0.0,0.0,-5.359013135123516
658,2,0.0,0.0,0.0,0.0,-0.028749999999999998
658,3,0.0,0.0,0.0,0.0,0.0
658,4,0.0,0.0,0.0,0.0,0.0
659,0,0.0,-2.6913550693368027,0.0,0.0,0.0
659,1,0.0,0.0,0.0,0.0,-5.371460060045295
659,2,0.0,0.0,0.0,0.0,-0.028749999999999998
659,3,0.0,0.0,0.0,0.0,0.0
659,4,0.0,0.0,0.0,0.0,0.0
660,0,0.0,-2.695986740976255,0.0,0.0,0.0
660,1,0.0,0.0,0.0,0.0,-5.37410368157014
660,2,0.0,0.0,0.0,0.0,-0.028749999999999998
660,3,0.0,0.0,0.0,0.0,0.0
660,4,0.0,0.0,0.0,0.0,0.0
661,0,0.0,-2.700612409453618,0.0,0.0,0.0
661,1,0.0,0.0,0.0,0.0,-5.379007670329932
661,2,0.0,0.0,0.0,0.0,-0.028749999999999998
661,3,0.0,0.0,0.0,0.0,0.0
661,4,0.0,0.0,0.0,0.0,0.0
662,0,0.0,-2.7052374092797042,0.0,0.0,0.0
662,1,0.0,0.0,0.0,0.0,-5.380261728358938
662,2,0.0,0.0,0.0,0.0,-0.028749999999999998
662,3,0.0,0.0,0.0,0.0,0.0
662,4,0.0,0.0,0.0,0.0,0.0
663,0,0.0,-2.709853289108095,0.0,0.0,0.0
663,1,0.0,0.0,0.0,0.0,-5.379697364050681
663,2,0.0,0.0,0.0,0.0,-0.028749999999999998
663,3,0.0,0.0,0.0,0.0,0.0
663,4,0.0,0.0,0.0,0.0,0.0
664,0,0.0,-2.7144561905030207,0.0,0.0,0.0
664,1,0.0,0.0,0.0,0.0,-5.380950280731147
664,2,0.0,0.0,0.0,0.0,-0.028749999999999998
664,3,0.0,0.0,0.0,0.0,0.0
664,4,0.0,0.0,0.0,0.0,0.0
665,0,0.0,-2.719050033463132,0.0,0.0,0.0
665,1,0.0,0.0,0.0,0.0,-5.390840961611829
665,2,0.0,0.0,0.0,0.0,-0.028749999999999998
665,3,0.0,0.0,0.0,0.0,0.0
665,4,0.0,0.0,0.0,0.0,0.0
666,0,0.0,-2.7236550908125254,0.0,0.0,0.0
666,1,0.0,0.0,0.0,0.0,-5.391197529385685
666,2,0.0,0.0,0.0,0.0,-0.028749999999999998
666,3,0.0,0.0,0.0,0.0,0.0
666,4,0.0,0.0,0.0,0.0,0.0
667,0,0.0,-2.728249184876723,0.0,0.0,0.0
667,1,0.0,0.0,0.0,0.0,-5.398559379146597
667,2,0.0,0.0,0.0,0.0,-0.028749999999999998
667,3,0.0,0.0,0.0,0.0,0.0
667,4,0.0,0.0,0.0,0.0,0.0
668,0,0.0,-2.7328485110287177,0.0,0.0,0.0
668,1,0.0,0.0,0.0,0.0,-5.405900521341429
668,2,0.0,0.0,0.0,0.0,-0.028749999999999998
668,3,0.0,0.0,0.0,0.0,0.0
668,4,0.0,0.0,0.0,0.0,0.0
669,0,0.0,-2.7374530069439196,0.0,0.0,0.0
669,1,0.0,0.0,0.0,0.0,-5.415721026082535
669,2,0.0,0.0,0.0,0.0,-0.028749999999999998
669,3,0.0,0.0,0.0,0.0,0.0
669,4,0.0,0.0,0.0,0.0,0.0
670,0,0.0,-2.742068524666696,0.0,0.0,0.0
670,1,0.0,0.0,0.0,0.0,-5.415116238543626
670,2,0.0,0.0,0.0,0.0,-0.028749999999999998
670,3,0.0,0.0,0.0,0.0,0.0
670,4,0.0,0.0,0.0,0.0,0.0
671,0,0.0,-2.7466709800236666,0.0,0.0,0.0
671,1,0.0,0.0,0.0,0.0,-5.427410638836272
671,2,0.0,0.0,0.0,0.0,-0.028749999999999998
671,3,0.0,0.0,0.0,0.0,0.0
671,4,0.0,0.0,0.0,0.0,0.0
672,0,0.0,-2.751290313689537,0.0,0.0,0.0
672,1,0.0,0.0,0.0,0.0,-5.428612968805685
672,2,0.0,0.0,0.0,0.0,-0.028749999999999998
672,3,0.0,0.0,0.0,0.0,0.0
672,4,0.0,0.0,0.0,0.0,0.0
673,0,0.0,-2.7559004368848026,0.0,0.0,0.0
673,1,0.0,0.0,0.0,0.0,-5.4311438197127595
673,2,0.0,0.0,0.0,0.0,-0.028749999999999998
673,3,0.0,0.0,0.0,0.0,0.0
673,4,0.0,0.0,0.0,0.0,0.0
674,0,0.0,-2.7605043608632647,0.0,0.0,0.0
674,1,0.0,0.0,0.0,0.0,-5.432341045061101
674,2,0.0,0.0,0.0,0.0,-0.028749999999999998
674,3,0.0,0.0,0.0,0.0,0.0
674,4,0.0,0.0,0.0,0.0,0.0
675,0,0.0,-2.76509910774005,0.0,0.0,0.0
675,1,0.0,0.0,0.0,0.0,-5.433536640502195
675,2,0.0,0.0,0.0,0.0,-0.028749999999999998
675,3,0.0,0.0,0.0,0.0,0.0
675,4,0.0,0.0,0.0,0.0,0.0
676,0,0.0,-2.7696847005236327,0.0,0.0,0.0
676,1,0.0,0.0,0.0,0.0,-5.430196042137408
676,2,0.0,0.0,0.0,0.0,-0.028749999999999998
676,3,0.0,0.0,0.0,0.0,0.0
676,4,0.0,0.0,0.0,0.0,0.0
677,0,0.0,-2.7742511598495367,0.0,0.0,0.0
677,1,0.0,0.0,0.0,0.0,-5.430517291184006
677,2,0.0,0.0,0.0,0.0,-0.028749999999999998
677,3,0.0,0.0,0.0,0.0,0.0
677,4,0.0,0.0,0.0,0.0,0.0
678,0,0.0,-2.778806702493079,0.0,0.0,0.0
678,1,0.0,0.0,0.0,0.0,-5.431715293646294
678,2,0.0,0.0,0.0,0.0,-0.028749999999999998
678,3,0.0,0.0,0.0,0.0,0.0
678,4,0.0,0.0,0.0,0.0,0.0
679,0,0.0,-2.783353210424162,0.0,0.0,0.0
679,1,0.0,0.0,0.0,0.0,-5.436471237871061
679,2,0.0,0.0,0.0,0.0,-0.028749999999999998
679,3,0.0,0.0,0.0,0.0,0.0
679,4,0.0,0.0,0.0,0.0,0.0
680,0,0.0,-2.7878989191073584,0.0,0.0,0.0
680,1,0.0,0.0,0.0,0.0,-5.441215170959121
680,2,0.0,0.0,0.0,0.0,-0.028749999999999998
680,3,0.0,0.0,0.0,0.0,0.0
680,4,0.0,0.0,0.0,0.0,0.0
681,0,0.0,-2.7924438029690783,0.0,0.0,0.0
681,1,0.0,0.0,0.0,0.0,-5.448446923693831
681,2,0.0,0.0,0.0,0.0,-0.028749999999999998
681,3,0.0,0.0,0.0,0.0,0.0
681,4,0.0,0.0,0.0,0.0,0.0
682,0,0.0,-2.796993743799741,0.0,0.0,0.0
682,1,0.0,0.0,0.0,0.0,-5.447805661959984
682,2,0.0,0.0,0.0,0.0,-0.028749999999999998
682,3,0.0,0.0,0.0,0.0,0.0
682,4,0.0,0.0,0.0,0.0,0.0
683,0,0.0,-2.8015307450336375,0.0,0.0,0.0
683,1,0.0,0.0,0.0,0.0,-5.452520275346532
683,2,0.0,0.0,0.0,0.0,-0.028749999999999998
683,3,0.0,0.0,0.0,0.0,0.0
683,4,0.0,0.0,0.0,0.0,0.0
684,0,0.0,-2.8060668766071526,0.0,0.0,0.0
684,1,0.0,0.0,0.0,0.0,-5.451874373689158
684,2,0.0,0.0,0.0,0.0,-0.028749999999999998
684,3,0.0,0.0,0.0,0.0,0.0
684,4,0.0,0.0,0.0,0.0,0.0
685,0,0.0,-2.81059010064383,0.0,0.0,0.0
685,1,0.0,0.0,0.0,0.0,-5.4543646818153135
685,2,0.0,0.0,0.0,0.0,-0.028749999999999998
685,3,0.0,0.0,0.0,0.0,0.0
685,4,0.0,0.0,0.0,0.0,0.0
686,0,0.0,-2.815107278120331,0.0,0.0,0.0
686,1,0.0,0.0,0.0,0.0,-5.456850313367258
686,2,0.0,0.0,0.0,0.0,-0.028749999999999998
686,3,0.0,0.0,0.0,0.0,0.0
686,4,0.0,0.0,0.0,0.0,0.0
687,0,0.0,-2.8196184154379704,0.0,0.0,0.0
687,1,0.0,0.0,0.0,0.0,-5.456199409244157
687,2,0.0,0.0,0.0,0.0,-0.028749999999999998
687,3,0.0,0.0,0.0,0.0,0.0
687,4,0.0,0.0,0.0,0.0,0.0
688,0,0.0,-2.8241167095706112,0.0,0.0,0.0
688,1,0.0,0.0,0.0,0.0,-5.457366556325158
688,2,0.0,0.0,0.0,0.0,-0.028749999999999998
688,3,0.0,0.0,0.0,0.0,0.0
688,4,0.0,0.0,0.0,0.0,0.0
689,0,0.0,-2.8286060681504535,0.0,0.0,0.0
689,1,0.0,0.0,0.0,0.0,-5.467063580154052
689,2,0.0,0.0,0.0,0.0,-0.028749999999999998
689,3,0.0,0.0,0.0,0.0,0.0
689,4,0.0,0.0,0.0,0.0,0.0
690,0,0.0,-2.833106452361943,0.0,0.0,0.0
690,1,0.0,0.0,0.0,0.0,-5.468219376934886
690,2,0.0,0.0,0.0,0.0,-0.028749999999999998
690,3,0.0,0.0,0.0,0.0,0.0
690,4,0.0,0.0,0.0,0.0,0.0
691,0,0.0,-2.83759787152218,0.0,0.0,0.0
691,1,0.0,0.0,0.0,0.0,-5.470679951478981
691,2,0.0,0.0,0.0,0.0,-0.028749999999999998
691,3,0.0,0.0,0.0,0.0,0.0
691,4,0.0,0.0,0.0,0.0,0.0
692,0,0.0,-2.8420832659979265,0.0,0.0,0.0
692,1,0.0,0.0,0.0,0.0,-5.4687884882495075
692,2,0.0,0.0,0.0,0.0,-0.028749999999999998
692,3,0.0,0.0,0.0,0.0,0.0
692,4,0.0,0.0,0.0,0.0,0.0
693,0,0.0,-2.84655306265736,0.0,0.0,0.0
693,1,0.0,0.0,0.0,0.0,-5.473457143244903
693,2,0.0,0.0,0.0,0.0,-0.028749999999999998
693,3,0.0,0.0,0.0,0.0,0.0
693,4,0.0,0.0,0.0,0.0,0.0
694,0,0.0,-2.8510220658606635,0.0,0.0,0.0
694,1,0.0,0.0,0.0,0.0,-5.475908758792452
694,2,0.0,0.0,0.0,0.0,-0.028749999999999998
694,3,0.0,0.0,0.0,0.0,0.0
694,4,0.0,0.0,0.0,0.0,0.0
695,0,0.0,-2.8554850868635,0.0,0.0,0.0
695,1,0.0,0.0,0.0,0.0,-5.488060532936529
695,2,0.0,0.0,0.0,0.0,-0.028749999999999998
695,3,0.0,0.0,0.0,0.0,0.0
695,4,0.0,0.0,0.0,0.0,0.0
696,0,0.0,-2.8599649973437082,0.0,0.0,0.0
696,1,0.0,0.0,0.0,0.0,-5.4976756019237065
696,2,0.0,0.0,0.0,0.0,-0.028749999999999998
696,3,0.0,0.0,0.0,0.0,0.0
696,4,0.0,0.0,0.0,0.0,0.0
697,0,0.0,-2.8644557660840158,0.0,0.0,0.0
697,1,0.0,0.0,0.0,0.0,-5.49697746742159
697,2,0.0,0.0,0.0,0.0,-0.028749999999999998
697,3,0.0,0.0,0.0,0.0,0.0
697,4,0.0,0.0,0.0,0.0,0.0
698,0,0.0,-2.8689336512740815,0.0,0.0,0.0
698,1,0.0,0.0,0.0,0.0,-5.495046767888542
698,2,0.0,0.0,0.0,0.0,-0.028749999999999998
698,3,0.0,0.0,0.0,0.0,0.0
698,4,0.0,0.0,0.0,0.0,0.0
699,0,0.0,-2.873395875626837,0.0,0.0,0.0
699,1,0.0,0.0,0.0,0.0,-5.496173061339986
699,2,0.0,0.0,0.0,0.0,-0.028749999999999998
699,3,0.0,0.0,0.0,0.0,0.0
699,4,0.0,0.0,0.0,0.0,0.0
700,0,0.0,-2.877849183912363,0.0,0.0,0.0
700,1,0.0,0.0,0.0,0.0,-5.505767641171203
700,2,0.0,0.0,0.0,0.0,-0.028749999999999998
700,3,0.0,0.0,0.0,0.0,0.0
700,4,0.0,0.0,0.0,0.0,0.0
701,0,0.0,-2.882313367876614,0.0,0.0,0.0
701,1,0.0,0.0,0.0,0.0,-5.50601969579391
701,2,0.0,0.0,0.0,0.0,-0.028749999999999998
701,3,0.0,0.0,0.0,0.0,0.0
701,4,0.0,0.0,0.0,0.0,0.0
702,0,0.0,-2.8867668006086964,0.0,0.0,0.0
702,1,0.0,0.0,0.0,0.0,-5.518086663819218
702,2,0.0,0.0,0.0,0.0,-0.028749999999999998
702,3,0.0,0.0,0.0,0.0,0.0
702,4,0.0,0.0,0.0,0.0,0.0
703,0,0.0,-2.8912369426713647,0.0,0.0,0.0
703,1,0.0,0.0,0.0,0.0,-5.5161254693439385
703,2,0.0,0.0,0.0,0.0,-0.028749999999999998
703,3,0.0,0.0,0.0,0.0,0.0
703,4,0.0,0.0,0.0,0.0,0.0
704,0,0.0,-2.8956913822811927,0.0,0.0,0.0
704,1,0.0,0.0,0.0,0.0,-5.51636847142377
704,2,0.0,0.0,0.0,0.0,-0.028749999999999998
704,3,0.0,0.0,0.0,0.0,0.0
704,4,0.0,0.0,0.0,0.0,0.0
705,0,0.0,-2.900135082790263,0.0,0.0,0.0
705,1,0.0,0.0,0.0,0.0,-5.516611277004812
705,2,0.0,0.0,0.0,0.0,-0.028749999999999998
705,3,0.0,0.0,0.0,0.0,0.0
705,4,0.0,0.0,0.0,0.0,0.0
706,0,0.0,-2.9045680760705195,0.0,0.0,0.0
706,1,0.0,0.0,0.0,0.0,-5.513116974106525
706,2,0.0,0.0,0.0,0.0,-0.028749999999999998
706,3,0.0,0.0,0.0,0.0,0.0
706,4,0.0,0.0,0.0,0.0,0.0
707,0,0.0,-2.908982134828713,0.0,0.0,0.0
707,1,0.0,0.0,0.0,0.0,-5.517666074824022
707,2,0.0,0.0,0.0,0.0,-0.028749999999999998
707,3,0.0,0.0,0.0,0.0,0.0
707,4,0.0,0.0,0.0,0.0,0.0
708,0,0.0,-2.9133952683254436,0.0,0.0,0.0
708,1,0.0,0.0,0.0,0.0,-5.517907869316985
708,2,0.0,0.0,0.0,0.0,-0.028749999999999998
708,3,0.0,0.0,0.0,0.0,0.0
708,4,0.0,0.0,0.0,0.0,0.0
709,0,0.0,-2.9177977851771093,0.0,0.0,0.0
709,1,0.0,0.0,0.0,0.0,-5.515949344917001
709,2,0.0,0.0,0.0,0.0,-0.028749999999999998
709,3,0.0,0.0,0.0,0.0,0.0
709,4,0.0,0.0,0.0,0.0,0.0
710,0,0.0,-2.92218482015743,0.0,0.0,0.0
710,1,0.0,0.0,0.0,0.0,-5.527992679742973
710,2,0.0,0.0,0.0,0.0,-0.028749999999999998
710,3,0.0,0.0,0.0,0.0,0.0
710,4,0.0,0.0,0.0,0.0,0.0
711,0,0.0,-2.9265886614645873,0.0,0.0,0.0
711,1,0.0,0.0,0.0,0.0,-5.5282254419422046
711,2,0.0,0.0,0.0,0.0,-0.028749999999999998
711,3,0.0,0.0,0.0,0.0,0.0
711,4,0.0,0.0,0.0,0.0,0.0
712,0,0.0,-2.930981896862391,0.0,0.0,0.0
712,1,0.0,0.0,0.0,0.0,-5.528458020899114
712,2,0.0,0.0,0.0,0.0,-0.028749999999999998
712,3,0.0,0.0,0.0,0.0,0.0
712,4,0.0,0.0,0.0,0.0,0.0
713,0,0.0,-2.9353645577513077,0.0,0.0,0.0
713,1,0.0,0.0,0.0,0.0,-5.529552039844671
713,2,0.0,0.0,0.0,0.0,-0.028749999999999998
713,3,0.0,0.0,0.0,0.0,0.0
713,4,0.0,0.0,0.0,0.0,0.0
714,0,0.0,-2.939738468027758,0.0,0.0,0.0
714,1,0.0,0.0,0.0,0.0,-5.530644615390365
714,2,0.0,0.0,0.0,0.0,-0.028749999999999998
714,3,0.0,0.0,0.0,0.0,0.0
714,4,0.0,0.0,0.0,0.0,0.0
715,0,0.0,-2.944103649628961,0.0,0.0,0.0
715,1,0.0,0.0,0.0,0.0,-5.532997104672391
715,2,0.0,0.0,0.0,0.0,-0.028749999999999998
715,3,0.0,0.0,0.0,0.0,0.0
715,4,0.0,0.0,0.0,0.0,0.0
716,0,0.0,-2.9484629149929362,0.0,0.0,0.0
716,1,0.0,0.0,0.0,0.0,-5.53999806814236
716,2,0.0,0.0,0.0,0.0,-0.028749999999999998
716,3,0.0,0.0,0.0,0.0,0.0
716,4,0.0,0.0,0.0,0.0,0.0
717,0,0.0,-2.952827177849916,0.0,0.0,0.0
717,1,0.0,0.0,0.0,0.0,-5.542332861679606
717,2,0.0,0.0,0.0,0.0,-0.028749999999999998
717,3,0.0,0.0,0.0,0.0,0.0
717,4,0.0,0.0,0.0,0.0,0.0
718,0,0.0,-2.9571854870993755,0.0,0.0,0.0
718,1,0.0,0.0,0.0,0.0,-5.554309864313364
718,2,0.0,0.0,0.0,0.0,-0.028749999999999998
718,3,0.0,0.0,0.0,0.0,0.0
718,4,0.0,0.0,0.0,0.0,0.0
719,0,0.0,-2.961560518353546,0.0,0.0,0.0
719,1,0.0,0.0,0.0,0.0,-5.5553763937153535
719,2,0.0,0.0,0.0,0.0,-0.028749999999999998
719,3,0.0,0.0,0.0,0.0,0.0
719,4,0.0,0.0,0.0,0.0,0.0
720,0,0.0,-2.965926763497178,0.0,0.0,0.0
720,1,0.0,0.0,0.0,0.0,-5.562315947990646
720,2,0.0,0.0,0.0,0.0,-0.028749999999999998
720,3,0.0,0.0,0.0,0.0,0.0
720,4,0.0,0.0,0.0,0.0,0.0
721,0,0.0,-2.970297844985901,0.0,0.0,0.0
721,1,0.0,0.0,0.0,0.0,-5.576736179040762
721,2,0.0,0.0,0.0,0.0,-0.028749999999999998
721,3,0.0,0.0,0.0,0.0,0.0
721,4,0.0,0.0,0.0,0.0,0.0
722,0,0.0,-2.974691374714516,0.0,0.0,0.0
722,1,0.0,0.0,0.0,0.0,-5.57900348027618
722,2,0.0,0.0,0.0,0.0,-0.028749999999999998
722,3,0.0,0.0,0.0,0.0,0.0
722,4,0.0,0.0,0.0,0.0,0.0
723,0,0.0,-2.9790787172632944,0.0,0.0,0.0
723,1,0.0,0.0,0.0,0.0,-5.593375217874025
723,2,0.0,0.0,0.0,0.0,-0.028749999999999998
723,3,0.0,0.0,0.0,0.0,0.0
723,4,0.0,0.0,0.0,0.0,0.0
724,0,0.0,-2.9834883560570122,0.0,0.0,0.0
724,1,0.0,0.0,0.0,0.0,-5.595612620125098
724,2,0.0,0.0,0.0,0.0,-0.028749999999999998
724,3,0.0,0.0,0.0,0.0,0.0
724,4,0.0,0.0,0.0,0.0,0.0
725,0,0.0,-2.9878916954960397,0.0,0.0,0.0
725,1,0.0,0.0,0.0,0.0,-5.599940370299978
725,2,0.0,0.0,0.0,0.0,-0.028749999999999998
725,3,0.0,0.0,0.0,0.0,0.0
725,4,0.0,0.0,0.0,0.0,0.0
726,0,0.0,-2.9922936214187428,0.0,0.0,0.0
726,1,0.0,0.0,0.0,0.0,-5.614253257775445
726,2,0.0,0.0,0.0,0.0,-0.028749999999999998
726,3,0.0,0.0,0.0,0.0,0.0
726,4,0.0,0.0,0.0,0.0,0.0
727,0,0.0,-2.9967176724371556,0.0,0.0,0.0
727,1,0.0,0.0,0.0,0.0,-5.615261792945813
727,2,0.0,0.0,0.0,0.0,-0.028749999999999998
727,3,0.0,0.0,0.0,0.0,0.0
727,4,0.0,0.0,0.0,0.0,0.0
728,0,0.0,-3.00113267840323,0.0,0.0,0.0
728,1,0.0,0.0,0.0,0.0,-5.616269037883735
728,2,0.0,0.0,0.0,0.0,-0.028749999999999998
728,3,0.0,0.0,0.0,0.0,0.0
728,4,0.0,0.0,0.0,0.0,0.0
729,0,0.0,-3.0055386626288842,0.0,0.0,0.0
729,1,0.0,0.0,0.0,0.0,-5.623035653214217
729,2,0.0,0.0,0.0,0.0,-0.028749999999999998
729,3,0.0,0.0,0.0,0.0,0.0
729,4,0.0,0.0,0.0,0.0,0.0
730,0,0.0,-3.009948974588378,0.0,0.0,0.0
730,1,0.0,0.0,0.0,0.0,-5.623180838675373
730,2,0.0,0.0,0.0,0.0,-0.028749999999999998
730,3,0.0,0.0,0.0,0.0,0.0
730,4,0.0,0.0,0.0,0.0,0.0
731,0,0.0,-3.014348484749312,0.0,0.0,0.0
731,1,0.0,0.0,0.0,0.0,-5.62233663043929
731,2,0.0,0.0,0.0,0.0,-0.028749999999999998
731,3,0.0,0.0,0.0,0.0,0.0
731,4,0.0,0.0,0.0,0.0,0.0
732,0,0.0,-3.018735076073814,0.0,0.0,0.0
732,1,0.0,0.0,0.0,0.0,-5.621493958063141
732,2,0.0,0.0,0.0,0.0,-0.028749999999999998
732,3,0.0,0.0,0.0,0.0,0.0
732,4,0.0,0.0,0.0,0.0,0.0
733,0,0.0,-3.023108791481324,0.0,0.0,0.0
733,1,0.0,0.0,0.0,0.0,-5.621641015232187
733,2,0.0,0.0,0.0,0.0,-0.028749999999999998
733,3,0.0,0.0,0.0,0.0,0.0
733,4,0.0,0.0,0.0,0.0,0.0
734,0,0.0,-3.0274718186142615,0.0,0.0,0.0
734,1,0.0,0.0,0.0,0.0,-5.623831298379935
734,2,0.0,0.0,0.0,0.0,-0.028749999999999998
734,3,0.0,0.0,0.0,0.0,0.0
734,4,0.0,0.0,0.0,0.0,0.0
735,0,0.0,-3.0318285707965384,0.0,0.0,0.0
735,1,0.0,0.0,0.0,0.0,-5.620140066271225
735,2,0.0,0.0,0.0,0.0,-0.028749999999999998
735,3,0.0,0.0,0.0,0.0,0.0
735,4,0.0,0.0,0.0,0.0,0.0
736,0,0.0,-3.0361662527967366,0.0,0.0,0.0
736,1,0.0,0.0,0.0,0.0,-5.6180265068167605
736,2,0.0,0.0,0.0,0.0,-0.028749999999999998
736,3,0.0,0.0,0.0,0.0,0.0
736,4,0.0,0.0,0.0,0.0,0.0
737,0,0.0,-3.040488315828312,0.0,0.0,0.0
737,1,0.0,0.0,0.0,0.0,-5.629795814167149
737,2,0.0,0.0,0.0,0.0,-0.028749999999999998
737,3,0.0,0.0,0.0,0.0,0.0
737,4,0.0,0.0,0.0,0.0,0.0
738,0,0.0,-3.044826693393521,0.0,0.0,0.0
738,1,0.0,0.0,0.0,0.0,-5.636529711302947
738,2,0.0,0.0,0.0,0.0,-0.028749999999999998
738,3,0.0,0.0,0.0,0.0,0.0
738,4,0.0,0.0,0.0,0.0,0.0
739,0,0.0,-3.0491694939318847,0.0,0.0,0.0
739,1,0.0,0.0,0.0,0.0,-5.634391706477034
739,2,0.0,0.0,0.0,0.0,-0.028749999999999998
739,3,0.0,0.0,0.0,0.0,0.0
739,4,0.0,0.0,0.0,0.0,0.0
740,0,0.0,-3.053496607359051,0.0,0.0,0.0
740,1,0.0,0.0,0.0,0.0,-5.6386206592905435
740,2,0.0,0.0,0.0,0.0,-0.028749999999999998
740,3,0.0,0.0,0.0,0.0,0.0
740,4,0.0,0.0,0.0,0.0,0.0
741,0,0.0,-3.057822279622783,0.0,0.0,0.0
741,1,0.0,0.0,0.0,0.0,-5.645332347764989
741,2,0.0,0.0,0.0,0.0,-0.028749999999999998
741,3,0.0,0.0,0.0,0.0,0.0
741,4,0.0,0.0,0.0,0.0,0.0
742,0,0.0,-3.062152355941539,0.0,0.0,0.0
742,1,0.0,0.0,0.0,0.0,-5.641603810305
742,2,0.0,0.0,0.0,0.0,-0.028749999999999998
742,3,0.0,0.0,0.0,0.0,0.0
742,4,0.0,0.0,0.0,0.0,0.0
743,0,0.0,-3.0664633856298584,0.0,0.0,0.0
743,1,0.0,0.0,0.0,0.0,-5.645814799304468
743,2,0.0,0.0,0.0,0.0,-0.028749999999999998
743,3,0.0,0.0,0.0,0.0,0.0
743,4,0.0,0.0,0.0,0.0,0.0
744,0,0.0,-3.0707729749661503,0.0,0.0,0.0
744,1,0.0,0.0,0.0,0.0,-5.644946736375414
744,2,0.0,0.0,0.0,0.0,-0.028749999999999998
744,3,0.0,0.0,0.0,0.0,0.0
744,4,0.0,0.0,0.0,0.0,0.0
745,0,0.0,-3.0750698712309226,0.0,0.0,0.0
745,1,0.0,0.0,0.0,0.0,-5.647101619661303
745,2,0.0,0.0,0.0,0.0,-0.028749999999999998
745,3,0.0,0.0,0.0,0.0,0.0
745,4,0.0,0.0,0.0,0.0,0.0
746,0,0.0,-3.079360597895621,0.0,0.0,0.0
746,1,0.0,0.0,0.0,0.0,-5.6462322996413405
746,2,0.0,0.0,0.0,0.0,-0.028749999999999998
746,3,0.0,0.0,0.0,0.0,0.0
746,4,0.0,0.0,0.0,0.0,0.0
747,0,0.0,-3.0836386852649764,0.0,0.0,0.0
747,1,0.0,0.0,0.0,0.0,-5.64635742185936
747,2,0.0,0.0,0.0,0.0,-0.028749999999999998
747,3,0.0,0.0,0.0,0.0,0.0
747,4,0.0,0.0,0.0,0.0,0.0
748,0,0.0,-3.0879063283394643,0.0,0.0,0.0
748,1,0.0,0.0,0.0,0.0,-5.6464825100740725
748,2,0.0,0.0,0.0,0.0,-0.028749999999999998
748,3,0.0,0.0,0.0,0.0,0.0
748,4,0.0,0.0,0.0,0.0,0.0
749,0,0.0,-3.092163558279504,0.0,0.0,0.0
749,1,0.0,0.0,0.0,0.0,-5.653180613883919
749,2,0.0,0.0,0.0,0.0,-0.028749999999999998
749,3,0.0,0.0,0.0,0.0,0.0
749,4,0.0,0.0,0.0,0.0,0.0
750,0,0.0,-3.096425335260578,0.0,0.0,0.0
750,1,0.0,0.0,0.0,0.0,-5.652304508228235
750,2,0.0,0.0,0.0,0.0,-0.028749999999999998
750,3,0.0,0.0,0.0,0.0,0.0
750,4,0.0,0.0,0.0,0.0,0.0
751,0,0.0,-3.1006745459446403,0.0,0.0,0.0
751,1,0.0,0.0,0.0,0.0,-5.652424223228589
751,2,0.0,0.0,0.0,0.0,-0.028749999999999998
751,3,0.0,0.0,0.0,0.0,0.0
751,4,0.0,0.0,0.0,0.0,0.0
752,0,0.0,-3.1049133876723114,0.0,0.0,0.0
752,1,0.0,0.0,0.0,0.0,-5.664108207106121
752,2,0.0,0.0,0.0,0.0,-0.028749999999999998
752,3,0.0,0.0,0.0,0.0,0.0
752,4,0.0,0.0,0.0,0.0,0.0
753,0,0.0,-3.109168535963424,0.0,0.0,0.0
753,1,0.0,0.0,0.0,0.0,-5.670757057677569
753,2,0.0,0.0,0.0,0.0,-0.028749999999999998
753,3,0.0,0.0,0.0,0.0,0.0
753,4,0.0,0.0,0.0,0.0,0.0
754,0,0.0,-3.1134281202654606,0.0,0.0,0.0
754,1,0.0,0.0,0.0,0.0,-5.684887564262261
754,2,0.0,0.0,0.0,0.0,-0.028749999999999998
754,3,0.0,0.0,0.0,0.0,0.0
754,4,0.0,0.0,0.0,0.0,0.0
755,0,0.0,-3.1177097121393054,0.0,0.0,0.0
755,1,0.0,0.0,0.0,0.0,-5.682675943441415
755,2,0.0,0.0,0.0,0.0,-0.028749999999999998
755,3,0.0,0.0,0.0,0.0,0.0
755,4,0.0,0.0,0.0,0.0,0.0
756,0,0.0,-3.121975652294562,0.0,0.0,0.0
756,1,0.0,0.0,0.0,0.0,-5.678880331338461
756,2,0.0,0.0,0.0,0.0,-0.028749999999999998
756,3,0.0,0.0,0.0,0.0,0.0
756,4,0.0,0.0,0.0,0.0,0.0
757,0,0.0,-3.1262226406453846,0.0,0.0,0.0
757,1,0.0,0.0,0.0,0.0,-5.676680978514024
757,2,0.0,0.0,0.0,0.0,-0.028749999999999998
757,3,0.0,0.0,0.0,0.0,0.0
757,4,0.0,0.0,0.0,0.0,0.0
758,0,0.0,-3.1304541176620684,0.0,0.0,0.0
758,1,0.0,0.0,0.0,0.0,-5.676779088744475
758,2,0.0,0.0,0.0,0.0,-0.028749999999999998
758,3,0.0,0.0,0.0,0.0,0.0
758,4,0.0,0.0,0.0,0.0,0.0
759,0,0.0,-3.134675239302117,0.0,0.0,0.0
759,1,0.0,0.0,0.0,0.0,-5.683391520260724
759,2,0.0,0.0,0.0,0.0,-0.028749999999999998
759,3,0.0,0.0,0.0,0.0,0.0
759,4,0.0,0.0,0.0,0.0,0.0
760,0,0.0,-3.13890079373792,0.0,0.0,0.0
760,1,0.0,0.0,0.0,0.0,-5.689985741818575
760,2,0.0,0.0,0.0,0.0,-0.028749999999999998
760,3,0.0,0.0,0.0,0.0,0.0
760,4,0.0,0.0,0.0,0.0,0.0
761,0,0.0,-3.143130727433777,0.0,0.0,0.0
761,1,0.0,0.0,0.0,0.0,-5.687769224171509
761,2,0.0,0.0,0.0,0.0,-0.028749999999999998
761,3,0.0,0.0,0.0,0.0,0.0
761,4,0.0,0.0,0.0,0.0,0.0
762,0,0.0,-3.1473451666265633,0.0,0.0,0.0
762,1,0.0,0.0,0.0,0.0,-5.686854558878964
762,2,0.0,0.0,0.0,0.0,-0.028749999999999998
762,3,0.0,0.0,0.0,0.0,0.0
762,4,0.0,0.0,0.0,0.0,0.0
763,0,0.0,-3.1515471041947367,0.0,0.0,0.0
763,1,0.0,0.0,0.0,0.0,-5.688946657581434
763,2,0.0,0.0,0.0,0.0,-0.028749999999999998
763,3,0.0,0.0,0.0,0.0,0.0
763,4,0.0,0.0,0.0,0.0,0.0
764,0,0.0,-3.155742995316114,0.0,0.0,0.0
764,1,0.0,0.0,0.0,0.0,-5.689033532633408
764,2,0.0,0.0,0.0,0.0,-0.028749999999999998
764,3,0.0,0.0,0.0,0.0,0.0
764,4,0.0,0.0,0.0,0.0,0.0
765,0,0.0,-3.15992861393246,0.0,0.0,0.0
765,1,0.0,0.0,0.0,0.0,-5.6891204261828845
765,2,0.0,0.0,0.0,0.0,-0.028749999999999998
765,3,0.0,0.0,0.0,0.0,0.0
765,4,0.0,0.0,0.0,0.0,0.0
766,0,0.0,-3.1641039908357094,0.0,0.0,0.0
766,1,0.0,0.0,0.0,0.0,-5.691209457031478
766,2,0.0,0.0,0.0,0.0,-0.028749999999999998
766,3,0.0,0.0,0.0,0.0,0.0
766,4,0.0,0.0,0.0,0.0,0.0
767,0,0.0,-3.16827338778389,0.0,0.0,0.0
767,1,0.0,0.0,0.0,0.0,-5.687396682843341
767,2,0.0,0.0,0.0,0.0,-0.028749999999999998
767,3,0.0,0.0,0.0,0.0,0.0
767,4,0.0,0.0,0.0,0.0,0.0
768,0,0.0,-3.172424137059831,0.0,0.0,0.0
768,1,0.0,0.0,0.0,0.0,-5.683592466100679
768,2,0.0,0.0,0.0,0.0,-0.028749999999999998
768,3,0.0,0.0,0.0,0.0,0.0
768,4,0.0,0.0,0.0,0.0,0.0
769,0,0.0,-3.1765563253463664,0.0,0.0,0.0
769,1,0.0,0.0,0.0,0.0,-5.684535538570305
769,2,0.0,0.0,0.0,0.0,-0.028749999999999998
769,3,0.0,0.0,0.0,0.0,0.0
769,4,0.0,0.0,0.0,0.0,0.0
770,0,0.0,-3.1806801792303223,0.0,0.0,0.0
770,1,0.0,0.0,0.0,0.0,-5.6836283804080745
770,2,0.0,0.0,0.0,0.0,-0.028749999999999998
770,3,0.0,0.0,0.0,0.0,0.0
770,4,0.0,0.0,0.0,0.0,0.0
771,0,0.0,-3.184791825606086,0.0,0.0,0.0
771,1,0.0,0.0,0.0,0.0,-5.681425947944267
771,2,0.0,0.0,0.0,0.0,-0.028749999999999998
771,3,0.0,0.0,0.0,0.0,0.0
771,4,0.0,0.0,0.0,0.0,0.0
772,0,0.0,-3.188888387334605,0.0,0.0,0.0
772,1,0.0,0.0,0.0,0.0,-5.685549140683281
772,2,0.0,0.0,0.0,0.0,-0.028749999999999998
772,3,0.0,0.0,0.0,0.0,0.0
772,4,0.0,0.0,0.0,0.0,0.0
773,0,0.0,-3.192983867758697,0.0,0.0,0.0
773,1,0.0,0.0,0.0,0.0,-5.702150639123587
773,2,0.0,0.0,0.0,0.0,-0.028749999999999998
773,3,0.0,0.0,0.0,0.0,0.0
773,4,0.0,0.0,0.0,0.0,0.0
774,0,0.0,-3.1971074831558957,0.0,0.0,0.0
774,1,0.0,0.0,0.0,0.0,-5.711200621462574
774,2,0.0,0.0,0.0,0.0,-0.028749999999999998
774,3,0.0,0.0,0.0,0.0,0.0
774,4,0.0,0.0,0.0,0.0,0.0
775,0,0.0,-3.201241482497024,0.0,0.0,0.0
775,1,0.0,0.0,0.0,0.0,-5.708956123052518
775,2,0.0,0.0,0.0,0.0,-0.028749999999999998
775,3,0.0,0.0,0.0,0.0,0.0
775,4,0.0,0.0,0.0,0.0,0.0
776,0,0.0,-3.2053602381935793,0.0,0.0,0.0
776,1,0.0,0.0,0.0,0.0,-5.708020567846912
776,2,0.0,0.0,0.0,0.0,-0.028749999999999998
776,3,0.0,0.0,0.0,0.0,0.0
776,4,0.0,0.0,0.0,0.0,0.0
777,0,0.0,-3.209466741511589,0.0,0.0,0.0
777,1,0.0,0.0,0.0,0.0,-5.708091601294536
777,2,0.0,0.0,0.0,0.0,-0.028749999999999998
777,3,0.0,0.0,0.0,0.0,0.0
777,4,0.0,0.0,0.0,0.0,0.0
778,0,0.0,-3.213563211130896,0.0,0.0,0.0
778,1,0.0,0.0,0.0,0.0,-5.719626866631383
778,2,0.0,0.0,0.0,0.0,-0.028749999999999998
778,3,0.0,0.0,0.0,0.0,0.0
778,4,0.0,0.0,0.0,0.0,0.0
779,0,0.0,-3.217675944964343,0.0,0.0,0.0
779,1,0.0,0.0,0.0,0.0,-5.7186786620935
779,2,0.0,0.0,0.0,0.0,-0.028749999999999998
779,3,0.0,0.0,0.0,0.0,0.0
779,4,0.0,0.0,0.0,0.0,0.0
780,0,0.0,-3.2217764174919696,0.0,0.0,0.0
780,1,0.0,0.0,0.0,0.0,-5.725183001349675
780,2,0.0,0.0,0.0,0.0,-0.028749999999999998
780,3,0.0,0.0,0.0,0.0,0.0
780,4,0.0,0.0,0.0,0.0,0.0
781,0,0.0,-3.225881367548748,0.0,0.0,0.0
781,1,0.0,0.0,0.0,0.0,-5.727220588368648
781,2,0.0,0.0,0.0,0.0,-0.028749999999999998
781,3,0.0,0.0,0.0,0.0,0.0
781,4,0.0,0.0,0.0,0.0,0.0
782,0,0.0,-3.2299804175911224,0.0,0.0,0.0
782,1,0.0,0.0,0.0,0.0,-5.736203453087096
782,2,0.0,0.0,0.0,0.0,-0.028749999999999998
782,3,0.0,0.0,0.0,0.0,0.0
782,4,0.0,0.0,0.0,0.0,0.0
783,0,0.0,-3.2340897519927214,0.0,0.0,0.0
783,1,0.0,0.0,0.0,0.0,-5.747660211826903
783,2,0.0,0.0,0.0,0.0,-0.028749999999999998
783,3,0.0,0.0,0.0,0.0,0.0
783,4,0.0,0.0,0.0,0.0,0.0
784,0,0.0,-3.238215138414416,0.0,0.0,0.0
784,1,0.0,0.0,0.0,0.0,-5.745359274629764
784,2,0.0,0.0,0.0,0.0,-0.028749999999999998
784,3,0.0,0.0,0.0,0.0,0.0
784,4,0.0,0.0,0.0,0.0,0.0
785,0,0.0,-3.24232518877972,0.0,0.0,0.0
785,1,0.0,0.0,0.0,0.0,-5.749309612544449
785,2,0.0,0.0,0.0,0.0,-0.028749999999999998
785,3,0.0,0.0,0.0,0.0,0.0
785,4,0.0,0.0,0.0,0.0,0.0
786,0,0.0,-3.2464337178106706,0.0,0.0,0.0
786,1,0.0,0.0,0.0,0.0,-5.747006189073379
786,2,0.0,0.0,0.0,0.0,-0.028749999999999998
786,3,0.0,0.0,0.0,0.0,0.0
786,4,0.0,0.0,0.0,0.0,0.0
787,0,0.0,-3.250526959001787,0.0,0.0,0.0
787,1,0.0,0.0,0.0,0.0,-5.75593341804624
787,2,0.0,0.0,0.0,0.0,-0.028749999999999998
787,3,0.0,0.0,0.0,0.0,0.0
787,4,0.0,0.0,0.0,0.0,0.0
788,0,0.0,-3.2546303661812663,0.0,0.0,0.0
788,1,0.0,0.0,0.0,0.0,-5.7623347341150595
788,2,0.0,0.0,0.0,0.0,-0.028749999999999998
788,3,0.0,0.0,0.0,0.0,0.0
788,4,0.0,0.0,0.0,0.0,0.0
789,0,0.0,-3.2587380027668256,0.0,0.0,0.0
789,1,0.0,0.0,0.0,0.0,-5.766241668850732
789,2,0.0,0.0,0.0,0.0,-0.028749999999999998
789,3,0.0,0.0,0.0,0.0,0.0
789,4,0.0,0.0,0.0,0.0,0.0
790,0,0.0,-3.2628440238311383,0.0,0.0,0.0
790,1,0.0,0.0,0.0,0.0,-5.767108211830629
790,2,0.0,0.0,0.0,0.0,-0.028749999999999998
790,3,0.0,0.0,0.0,0.0,0.0
790,4,0.0,0.0,0.0,0.0,0.0
791,0,0.0,-3.2669416327282694,0.0,0.0,0.0
791,1,0.0,0.0,0.0,0.0,-5.769078897592276
791,2,0.0,0.0,0.0,0.0,-0.028749999999999998
791,3,0.0,0.0,0.0,0.0,0.0
791,4,0.0,0.0,0.0,0.0,0.0
792,0,0.0,-3.2710332141551155,0.0,0.0,0.0
792,1,0.0,0.0,0.0,0.0,-5.772972415001698
792,2,0.0,0.0,0.0,0.0,-0.028749999999999998
792,3,0.0,0.0,0.0,0.0,0.0
792,4,0.0,0.0,0.0,0.0,0.0
793,0,0.0,-3.2751231928467672,0.0,0.0,0.0
793,1,0.0,0.0,0.0,0.0,-5.779333510315877
793,2,0.0,0.0,0.0,0.0,-0.028749999999999998
793,3,0.0,0.0,0.0,0.0,0.0
793,4,0.0,0.0,0.0,0.0,0.0
794,0,0.0,-3.2792173449435666,0.0,0.0,0.0
794,1,0.0,0.0,0.0,0.0,-5.778309204779589
794,2,0.0,0.0,0.0,0.0,-0.028749999999999998
794,3,0.0,0.0,0.0,0.0,0.0
794,4,0.0,0.0,0.0,0.0,0.0
795,0,0.0,-3.283299118782401,0.0,0.0,0.0
795,1,0.0,0.0,0.0,0.0,-5.774336216069755
795,2,0.0,0.0,0.0,0.0,-0.028749999999999998
795,3,0.0,0.0,0.0,0.0,0.0
795,4,0.0,0.0,0.0,0.0,0.0
796,0,0.0,-3.287362247754183,0.0,0.0,0.0
796,1,0.0,0.0,0.0,0.0,-5.776296698072499
796,2,0.0,0.0,0.0,0.0,-0.028749999999999998
796,3,0.0,0.0,0.0,0.0,0.0
796,4,0.0,0.0,0.0,0.0,0.0
797,0,0.0,-3.2914194213862884,0.0,0.0,0.0
797,1,0.0,0.0,0.0,0.0,-5.782651796333954
797,2,0.0,0.0,0.0,0.0,-0.028749999999999998
797,3,0.0,0.0,0.0,0.0,0.0
797,4,0.0,0.0,0.0,0.0,0.0
798,0,0.0,-3.2954808353816136,0.0,0.0,0.0
798,1,0.0,0.0,0.0,0.0,-5.780293724023648
798,2,0.0,0.0,0.0,0.0,-0.028749999999999998
798,3,0.0,0.0,0.0,0.0,0.0
798,4,0.0,0.0,0.0,0.0,0.0
799,0,0.0,-3.2995269921412933,0.0,0.0,0.0
799,1,0.0,0.0,0.0,0.0,-5.784163383293469
799,2,0.0,0.0,0.0,0.0,-0.028749999999999998
799,3,0.0,0.0,0.0,0.0,0.0
799,4,0.0,0.0,0.0,0.0,0.0
800,0,0.0,-3.303571609823505,0.0,0.0,0.0
800,1,0.0,0.0,0.0,0.0,-5.792999238693589
800,2,0.0,0.0,0.0,0.0,-0.028749999999999998
800,3,0.0,0.0,0.0,0.0,0.0
800,4,0.0,0.0,0.0,0.0,0.0
801,0,0.0,-3.307626300191989,0.0,0.0,0.0
801,1,0.0,0.0,0.0,0.0,-5.793839551934775
801,2,0.0,0.0,0.0,0.0,-0.028749999999999998
801,3,0.0,0.0,0.0,0.0,0.0
801,4,0.0,0.0,0.0,0.0,0.0
802,0,0.0,-3.311672671920221,0.0,0.0,0.0
802,1,0.0,0.0,0.0,0.0,-5.792798683992531
802,2,0.0,0.0,0.0,0.0,-0.028749999999999998
802,3,0.0,0.0,0.0,0.0,0.0
802,4,0.0,0.0,0.0,0.0,0.0
803,0,0.0,-3.3157067739691377,0.0,0.0,0.0
803,1,0.0,0.0,0.0,0.0,-5.796638331233552
803,2,0.0,0.0,0.0,0.0,-0.028749999999999998
803,3,0.0,0.0,0.0,0.0,0.0
803,4,0.0,0.0,0.0,0.0,0.0
804,0,0.0,-3.3197392995107595,0.0,0.0,0.0
804,1,0.0,0.0,0.0,0.0,-5.792628930747412
804,2,0.0,0.0,0.0,0.0,-0.028749999999999998
804,3,0.0,0.0,0.0,0.0,0.0
804,4,0.0,0.0,0.0,0.0,0.0
805,0,0.0,-3.323753282967059,0.0,0.0,0.0
805,1,0.0,0.0,0.0,0.0,-5.798944245603647
805,2,0.0,0.0,0.0,0.0,-0.028749999999999998
805,3,0.0,0.0,0.0,0.0,0.0
805,4,0.0,0.0,0.0,0.0,0.0
806,0,0.0,-3.327771520842102,0.0,0.0,0.0
806,1,0.0,0.0,0.0,0.0,-5.802769521472601
806,2,0.0,0.0,0.0,0.0,-0.028749999999999998
806,3,0.0,0.0,0.0,0.0,0.0
806,4,0.0,0.0,0.0,0.0,0.0
807,0,0.0,-3.331788189899699,0.0,0.0,0.0
807,1,0.0,0.0,0.0,0.0,-5.802751127778212
807,2,0.0,0.0,0.0,0.0,-0.028749999999999998
807,3,0.0,0.0,0.0,0.0,0.0
807,4,0.0,0.0,0.0,0.0,0.0
808,0,0.0,-3.3357949101051987,0.0,0.0,0.0
808,1,0.0,0.0,0.0,0.0,-5.804668175566082
808,2,0.0,0.0,0.0,0.0,-0.028749999999999998
808,3,0.0,0.0,0.0,0.0,0.0
808,4,0.0,0.0,0.0,0.0,0.0
809,0,0.0,-3.339795733745555,0.0,0.0,0.0
809,1,0.0,0.0,0.0,0.0,-5.804648107259455
809,2,0.0,0.0,0.0,0.0,-0.028749999999999998
809,3,0.0,0.0,0.0,0.0,0.0
809,4,0.0,0.0,0.0,0.0,0.0
810,0,0.0,-3.3437866515956065,0.0,0.0,0.0
810,1,0.0,0.0,0.0,0.0,-5.81093639891769
810,2,0.0,0.0,0.0,0.0,-0.028749999999999998
810,3,0.0,0.0,0.0,0.0,0.0
810,4,0.0,0.0,0.0,0.0,0.0
811,0,0.0,-3.347781820578184,0.0,0.0,0.0
811,1,0.0,0.0,0.0,0.0,-5.8272075459046455
811,2,0.0,0.0,0.0,0.0,-0.028749999999999998
811,3,0.0,0.0,0.0,0.0,0.0
811,4,0.0,0.0,0.0,0.0,0.0
812,0,0.0,-3.3518045509516425,0.0,0.0,0.0
812,1,0.0,0.0,0.0,0.0,-5.833428274862681
812,2,0.0,0.0,0.0,0.0,-0.028749999999999998
812,3,0.0,0.0,0.0,0.0,0.0
812,4,0.0,0.0,0.0,0.0,0.0
813,0,0.0,-3.355831294179931,0.0,0.0,0.0
813,1,0.0,0.0,0.0,0.0,-5.832336732277372
813,2,0.0,0.0,0.0,0.0,-0.028749999999999998
813,3,0.0,0.0,0.0,0.0,0.0
813,4,0.0,0.0,0.0,0.0,0.0
814,0,0.0,-3.359845714181085,0.0,0.0,0.0
814,1,0.0,0.0,0.0,0.0,-5.831247201900404
814,2,0.0,0.0,0.0,0.0,-0.028749999999999998
814,3,0.0,0.0,0.0,0.0,0.0
814,4,0.0,0.0,0.0,0.0,0.0
815,0,0.0,-3.3638478526689717,0.0,0.0,0.0
815,1,0.0,0.0,0.0,0.0,-5.833121781418764
815,2,0.0,0.0,0.0,0.0,-0.028749999999999998
815,3,0.0,0.0,0.0,0.0,0.0
815,4,0.0,0.0,0.0,0.0,0.0
816,0,0.0,-3.36784401386083,0.0,0.0,0.0
816,1,0.0,0.0,0.0,0.0,-5.833924198924401
816,2,0.0,0.0,0.0,0.0,-0.028749999999999998
816,3,0.0,0.0,0.0,0.0,0.0
816,4,0.0,0.0,0.0,0.0,0.0
817,0,0.0,-3.3718319471291,0.0,0.0,0.0
817,1,0.0,0.0,0.0,0.0,-5.834725654106362
817,2,0.0,0.0,0.0,0.0,-0.028749999999999998
817,3,0.0,0.0,0.0,0.0,0.0
817,4,0.0,0.0,0.0,0.0,0.0
818,0,0.0,-3.3758116738494945,0.0,0.0,0.0
818,1,0.0,0.0,0.0,0.0,-5.838465829545611
818,2,0.0,0.0,0.0,0.0,-0.028749999999999998
818,3,0.0,0.0,0.0,0.0,0.0
818,4,0.0,0.0,0.0,0.0,0.0
819,0,0.0,-3.3797897365342693,0.0,0.0,0.0
819,1,0.0,0.0,0.0,0.0,-5.849664364675624
819,2,0.0,0.0,0.0,0.0,-0.028749999999999998
819,3,0.0,0.0,0.0,0.0,0.0
819,4,0.0,0.0,0.0,0.0,0.0
820,0,0.0,-3.3837835501326876,0.0,0.0,0.0
820,1,0.0,0.0,0.0,0.0,-5.849601194366901
820,2,0.0,0.0,0.0,0.0,-0.028749999999999998
820,3,0.0,0.0,0.0,0.0,0.0
820,4,0.0,0.0,0.0,0.0,0.0
821,0,0.0,-3.387767389858958,0.0,0.0,0.0
821,1,0.0,0.0,0.0,0.0,-5.8495382575500505
821,2,0.0,0.0,0.0,0.0,-0.028749999999999998
821,3,0.0,0.0,0.0,0.0,0.0
821,4,0.0,0.0,0.0,0.0,0.0
822,0,0.0,-3.3917412859359506,0.0,0.0,0.0
822,1,0.0,0.0,0.0,0.0,-5.855706007000864
822,2,0.0,0.0,0.0,0.0,-0.028749999999999998
822,3,0.0,0.0,0.0,0.0,0.0
822,4,0.0,0.0,0.0,0.0,0.0
823,0,0.0,-3.3957191948122074,0.0,0.0,0.0
823,1,0.0,0.0,0.0,0.0,-5.8515824605186895
823,2,0.0,0.0,0.0,0.0,-0.028749999999999998
823,3,0.0,0.0,0.0,0.0,0.0
823,4,0.0,0.0,0.0,0.0,0.0
824,0,0.0,-3.3996785332610058,0.0,0.0,0.0
824,1,0.0,0.0,0.0,0.0,-5.852368059329749
824,2,0.0,0.0,0.0,0.0,-0.028749999999999998
824,3,0.0,0.0,0.0,0.0,0.0
824,4,0.0,0.0,0.0,0.0,0.0
825,0,0.0,-3.4036297161407325,0.0,0.0,0.0
825,1,0.0,0.0,0.0,0.0,-5.852303101998082
825,2,0.0,0.0,0.0,0.0,-0.028749999999999998
825,3,0.0,0.0,0.0,0.0,0.0
825,4,0.0,0.0,0.0,0.0,0.0
826,0,0.0,-3.4075710498070633,0.0,0.0,0.0
826,1,0.0,0.0,0.0,0.0,-5.852238379710457
826,2,0.0,0.0,0.0,0.0,-0.028749999999999998
826,3,0.0,0.0,0.0,0.0,0.0
826,4,0.0,0.0,0.0,0.0,0.0
827,0,0.0,-3.4115025640686945,0.0,0.0,0.0
827,1,0.0,0.0,0.0,0.0,-5.868402650675418
827,2,0.0,0.0,0.0,0.0,-0.028749999999999998
827,3,0.0,0.0,0.0,0.0,0.0
827,4,0.0,0.0,0.0,0.0,0.0
828,0,0.0,-3.4154615090398344,0.0,0.0,0.0
828,1,0.0,0.0,0.0,0.0,-5.865908180315946
828,2,0.0,0.0,0.0,0.0,-0.028749999999999998
828,3,0.0,0.0,0.0,0.0,0.0
828,4,0.0,0.0,0.0,0.0,0.0
829,0,0.0,-3.4194052402364323,0.0,0.0,0.0
829,1,0.0,0.0,0.0,0.0,-5.867734968672035
829,2,0.0,0.0,0.0,0.0,-0.028749999999999998
829,3,0.0,0.0,0.0,0.0,0.0
829,4,0.0,0.0,0.0,0.0,0.0
830,0,0.0,-3.423343049746858,0.0,0.0,0.0
830,1,0.0,0.0,0.0,0.0,-5.8738536162475015
830,2,0.0,0.0,0.0,0.0,-0.028749999999999998
830,3,0.0,0.0,0.0,0.0,0.0
830,4,0.0,0.0,0.0,0.0,0.0
831,0,0.0,-3.4272848428715013,0.0,0.0,0.0
831,1,0.0,0.0,0.0,0.0,-5.874619444185136
831,2,0.0,0.0,0.0,0.0,-0.028749999999999998
831,3,0.0,0.0,0.0,0.0,0.0
831,4,0.0,0.0,0.0,0.0,0.0
832,0,0.0,-3.431218492027627,0.0,0.0,0.0
832,1,0.0,0.0,0.0,0.0,-5.880720860893987
832,2,0.0,0.0,0.0,0.0,-0.028749999999999998
832,3,0.0,0.0,0.0,0.0,0.0
832,4,0.0,0.0,0.0,0.0,0.0
833,0,0.0,-3.435156096013451,0.0,0.0,0.0
833,1,0.0,0.0,0.0,0.0,-5.889305763462906
833,2,0.0,0.0,0.0,0.0,-0.028749999999999998
833,3,0.0,0.0,0.0,0.0,0.0
833,4,0.0,0.0,0.0,0.0,0.0
834,0,0.0,-3.439103437761055,0.0,0.0,0.0
834,1,0.0,0.0,0.0,0.0,-5.895365873748349
834,2,0.0,0.0,0.0,0.0,-0.028749999999999998
834,3,0.0,0.0,0.0,0.0,0.0
834,4,0.0,0.0,0.0,0.0,0.0
835,0,0.0,-3.4430546047792645,0.0,0.0,0.0
835,1,0.0,0.0,0.0,0.0,-5.906409609716682
835,2,0.0,0.0,0.0,0.0,-0.028749999999999998
835,3,0.0,0.0,0.0,0.0,0.0
835,4,0.0,0.0,0.0,0.0,0.0
836,0,0.0,-3.4470212156019477,0.0,0.0,0.0
836,1,0.0,0.0,0.0,0.0,-5.902192598064114
836,2,0.0,0.0,0.0,0.0,-0.028749999999999998
836,3,0.0,0.0,0.0,0.0,0.0
836,4,0.0,0.0,0.0,0.0,0.0
837,0,0.0,-3.450969125230307,0.0,0.0,0.0
837,1,0.0,0.0,0.0,0.0,-5.899643954453277
837,2,0.0,0.0,0.0,0.0,-0.028749999999999998
837,3,0.0,0.0,0.0,0.0,0.0
837,4,0.0,0.0,0.0,0.0,0.0
838,0,0.0,-3.454901745804882,0.0,0.0,0.0
838,1,0.0,0.0,0.0,0.0,-5.9003876686836705
838,2,0.0,0.0,0.0,0.0,-0.028749999999999998
838,3,0.0,0.0,0.0,0.0,0.0
838,4,0.0,0.0,0.0,0.0,0.0
839,0,0.0,-3.4588262067332245,0.0,0.0,0.0
839,1,0.0,0.0,0.0,0.0,-5.906416930336372
839,2,0.0,0.0,0.0,0.0,-0.028749999999999998
839,3,0.0,0.0,0.0,0.0,0.0
839,4,0.0,0.0,0.0,0.0,0.0
840,0,0.0,-3.4627544740658167,0.0,0.0,0.0
840,1,0.0,0.0,0.0,0.0,-5.90630009164401
840,2,0.0,0.0,0.0,0.0,-0.028749999999999998
840,3,0.0,0.0,0.0,0.0,0.0
840,4,0.0,0.0,0.0,0.0,0.0
841,0,0.0,-3.466672856614936,0.0,0.0,0.0
841,1,0.0,0.0,0.0,0.0,-5.912314594985207
841,2,0.0,0.0,0.0,0.0,-0.028749999999999998
841,3,0.0,0.0,0.0,0.0,0.0
841,4,0.0,0.0,0.0,0.0,0.0
842,0,0.0,-3.470595026634573,0.0,0.0,0.0
842,1,0.0,0.0,0.0,0.0,-5.920812881364297
842,2,0.0,0.0,0.0,0.0,-0.028749999999999998
842,3,0.0,0.0,0.0,0.0,0.0
842,4,0.0,0.0,0.0,0.0,0.0
843,0,0.0,-3.4745267649598324,0.0,0.0,0.0
843,1,0.0,0.0,0.0,0.0,-5.921537186333367
843,2,0.0,0.0,0.0,0.0,-0.028749999999999998
843,3,0.0,0.0,0.0,0.0,0.0
843,4,0.0,0.0,0.0,0.0,0.0
844,0,0.0,-3.4784503074389126,0.0,0.0,0.0
844,1,0.0,0.0,0.0,0.0,-5.92751041209327
844,2,0.0,0.0,0.0,0.0,-0.028749999999999998
844,3,0.0,0.0,0.0,0.0,0.0
844,4,0.0,0.0,0.0,0.0,0.0
845,0,0.0,-3.4823775295707615,0.0,0.0,0.0
845,1,0.0,0.0,0.0,0.0,-5.929248012609123
845,2,0.0,0.0,0.0,0.0,-0.028749999999999998
845,3,0.0,0.0,0.0,0.0,0.0
845,4,0.0,0.0,0.0,0.0,0.0
846,0,0.0,-3.486298681653745,0.0,0.0,0.0
846,1,0.0,0.0,0.0,0.0,-5.935202283385754
846,2,0.0,0.0,0.0,0.0,-0.028749999999999998
846,3,0.0,0.0,0.0,0.0,0.0
846,4,0.0,0.0,0.0,0.0,0.0
847,0,0.0,-3.4902234769636644,0.0,0.0,0.0
847,1,0.0,0.0,0.0,0.0,-5.943640533294024
847,2,0.0,0.0,0.0,0.0,-0.028749999999999998
847,3,0.0,0.0,0.0,0.0,0.0
847,4,0.0,0.0,0.0,0.0,0.0
848,0,0.0,-3.494157698361584,0.0,0.0,0.0
848,1,0.0,0.0,0.0,0.0,-5.942408098940828
848,2,0.0,0.0,0.0,0.0,-0.028749999999999998
848,3,0.0,0.0,0.0,0.0,0.0
848,4,0.0,0.0,0.0,0.0,0.0
849,0,0.0,-3.498079562626321,0.0,0.0,0.0
849,1,0.0,0.0,0.0,0.0,-5.938121008270253
849,2,0.0,0.0,0.0,0.0,-0.028749999999999998
849,3,0.0,0.0,0.0,0.0,0.0
849,4,0.0,0.0,0.0,0.0,0.0
850,0,0.0,-3.5019827531471317,0.0,0.0,0.0
850,1,0.0,0.0,0.0,0.0,-5.944050982170262
850,2,0.0,0.0,0.0,0.0,-0.028749999999999998
850,3,0.0,0.0,0.0,0.0,0.0
850,4,0.0,0.0,0.0,0.0,0.0
851,0,0.0,-3.5058895721005943,0.0,0.0,0.0
851,1,0.0,0.0,0.0,0.0,-5.945766236493126
851,2,0.0,0.0,0.0,0.0,-0.028749999999999998
851,3,0.0,0.0,0.0,0.0,0.0
851,4,0.0,0.0,0.0,0.0,0.0
852,0,0.0,-3.509790328434673,0.0,0.0,0.0
852,1,0.0,0.0,0.0,0.0,-5.947478775051371
852,2,0.0,0.0,0.0,0.0,-0.028749999999999998
852,3,0.0,0.0,0.0,0.0,0.0
852,4,0.0,0.0,0.0,0.0,0.0
853,0,0.0,-3.5136850328156872,0.0,0.0,0.0
853,1,0.0,0.0,0.0,0.0,-5.946242711657816
853,2,0.0,0.0,0.0,0.0,-0.028749999999999998
853,3,0.0,0.0,0.0,0.0,0.0
853,4,0.0,0.0,0.0,0.0,0.0
854,0,0.0,-3.5175674917992974,0.0,0.0,0.0
854,1,0.0,0.0,0.0,0.0,-5.947954951448457
854,2,0.0,0.0,0.0,0.0,-0.028749999999999998
854,3,0.0,0.0,0.0,0.0,0.0
854,4,0.0,0.0,0.0,0.0,0.0
855,0,0.0,-3.5214439480222643,0.0,0.0,0.0
855,1,0.0,0.0,0.0,0.0,-5.947797609165582
855,2,0.0,0.0,0.0,0.0,-0.028749999999999998
855,3,0.0,0.0,0.0,0.0,0.0
855,4,0.0,0.0,0.0,0.0,0.0
856,0,0.0,-3.5253105869573087,0.0,0.0,0.0
856,1,0.0,0.0,0.0,0.0,-5.948496180609468
856,2,0.0,0.0,0.0,0.0,-0.028749999999999998
856,3,0.0,0.0,0.0,0.0,0.0
856,4,0.0,0.0,0.0,0.0,0.0
857,0,0.0,-3.529169163586481,0.0,0.0,0.0
857,1,0.0,0.0,0.0,0.0,-5.950205301030983
857,2,0.0,0.0,0.0,0.0,-0.028749999999999998
857,3,0.0,0.0,0.0,0.0,0.0
857,4,0.0,0.0,0.0,0.0,0.0
858,0,0.0,-3.533021795705169,0.0,0.0,0.0
858,1,0.0,0.0,0.0,0.0,-5.950901153155409
858,2,0.0,0.0,0.0,0.0,-0.028749999999999998
858,3,0.0,0.0,0.0,0.0,0.0
858,4,0.0,0.0,0.0,0.0,0.0
859,0,0.0,-3.5368663995029777,0.0,0.0,0.0
859,1,0.0,0.0,0.0,0.0,-5.959308946100819
859,2,0.0,0.0,0.0,0.0,-0.028749999999999998
859,3,0.0,0.0,0.0,0.0,0.0
859,4,0.0,0.0,0.0,0.0,0.0
860,0,0.0,-3.5407205483703064,0.0,0.0,0.0
860,1,0.0,0.0,0.0,0.0,-5.965192523780682
860,2,0.0,0.0,0.0,0.0,-0.028749999999999998
860,3,0.0,0.0,0.0,0.0,0.0
860,4,0.0,0.0,0.0,0.0,0.0
861,0,0.0,-3.5445783441011525,0.0,0.0,0.0
861,1,0.0,0.0,0.0,0.0,-5.966877422077354
861,2,0.0,0.0,0.0,0.0,-0.028749999999999998
861,3,0.0,0.0,0.0,0.0,0.0
861,4,0.0,0.0,0.0,0.0,0.0
862,0,0.0,-3.5484301451894393,0.0,0.0,0.0
862,1,0.0,0.0,0.0,0.0,-5.965615438080602
862,2,0.0,0.0,0.0,0.0,-0.028749999999999998
862,3,0.0,0.0,0.0,0.0,0.0
862,4,0.0,0.0,0.0,0.0,0.0
863,0,0.0,-3.5522697685404214,0.0,0.0,0.0
863,1,0.0,0.0,0.0,0.0,-5.969047677878118
863,2,0.0,0.0,0.0,0.0,-0.028749999999999998
863,3,0.0,0.0,0.0,0.0,0.0
863,4,0.0,0.0,0.0,0.0,0.0
864,0,0.0,-3.5561073822795084,0.0,0.0,0.0
864,1,0.0,0.0,0.0,0.0,-5.9697258451343655
864,2,0.0,0.0,0.0,0.0,-0.028749999999999998
864,3,0.0,0.0,0.0,0.0,0.0
864,4,0.0,0.0,0.0,0.0,0.0
865,0,0.0,-3.55993697450357,0.0,0.0,0.0
865,1,0.0,0.0,0.0,0.0,-5.971404120032096
865,2,0.0,0.0,0.0,0.0,-0.028749999999999998
865,3,0.0,0.0,0.0,0.0,0.0
865,4,0.0,0.0,0.0,0.0,0.0
866,0,0.0,-3.5637606344373585,0.0,0.0,0.0
866,1,0.0,0.0,0.0,0.0,-5.967052527665381
866,2,0.0,0.0,0.0,0.0,-0.028749999999999998
866,3,0.0,0.0,0.0,0.0,0.0
866,4,0.0,0.0,0.0,0.0,0.0
867,0,0.0,-3.5675658380898416,0.0,0.0,0.0
867,1,0.0,0.0,0.0,0.0,-5.972922828702231
867,2,0.0,0.0,0.0,0.0,-0.028749999999999998
867,3,0.0,0.0,0.0,0.0,0.0
867,4,0.0,0.0,0.0,0.0,0.0
868,0,0.0,-3.571374778901401,0.0,0.0,0.0
868,1,0.0,0.0,0.0,0.0,-5.970253317855569
868,2,0.0,0.0,0.0,0.0,-0.028749999999999998
868,3,0.0,0.0,0.0,0.0,0.0
868,4,0.0,0.0,0.0,0.0,0.0
869,0,0.0,-3.5751686235117415,0.0,0.0,0.0
869,1,0.0,0.0,0.0,0.0,-5.976115790301838
869,2,0.0,0.0,0.0,0.0,-0.028749999999999998
869,3,0.0,0.0,0.0,0.0,0.0
869,4,0.0,0.0,0.0,0.0,0.0
870,0,0.0,-3.5789662141238034,0.0,0.0,0.0
870,1,0.0,0.0,0.0,0.0,-5.981962522963172
870,2,0.0,0.0,0.0,0.0,-0.028749999999999998
870,3,0.0,0.0,0.0,0.0,0.0
870,4,0.0,0.0,0.0,0.0,0.0
871,0,0.0,-3.5827675057430866,0.0,0.0,0.0
871,1,0.0,0.0,0.0,0.0,-5.98779356737497
871,2,0.0,0.0,0.0,0.0,-0.028749999999999998
871,3,0.0,0.0,0.0,0.0,0.0
871,4,0.0,0.0,0.0,0.0,0.0
872,0,0.0,-3.586572453594504,0.0,0.0,0.0
872,1,0.0,0.0,0.0,0.0,-5.987597158949796
872,2,0.0,0.0,0.0,0.0,-0.028749999999999998
872,3,0.0,0.0,0.0,0.0,0.0
872,4,0.0,0.0,0.0,0.0,0.0
873,0,0.0,-3.5903677120023185,0.0,0.0,0.0
873,1,0.0,0.0,0.0,0.0,-5.984902690739505
873,2,0.0,0.0,0.0,0.0,-0.028749999999999998
873,3,0.0,0.0,0.0,0.0,0.0
873,4,0.0,0.0,0.0,0.0,0.0
874,0,0.0,-3.5941478671954985,0.0,0.0,0.0
874,1,0.0,0.0,0.0,0.0,-5.98829494849452
874,2,0.0,0.0,0.0,0.0,-0.028749999999999998
874,3,0.0,0.0,0.0,0.0,0.0
874,4,0.0,0.0,0.0,0.0,0.0
875,0,0.0,-3.5979260744343446,0.0,0.0,0.0
875,1,0.0,0.0,0.0,0.0,-5.989948977671254
875,2,0.0,0.0,0.0,0.0,-0.028749999999999998
875,3,0.0,0.0,0.0,0.0,0.0
875,4,0.0,0.0,0.0,0.0,0.0
876,0,0.0,-3.6016984369148197,0.0,0.0,0.0
876,1,0.0,0.0,0.0,0.0,-5.990607856705147
876,2,0.0,0.0,0.0,0.0,-0.028749999999999998
876,3,0.0,0.0,0.0,0.0,0.0
876,4,0.0,0.0,0.0,0.0,0.0
877,0,0.0,-3.6054629259441016,0.0,0.0,0.0
877,1,0.0,0.0,0.0,0.0,-5.990409405233115
877,2,0.0,0.0,0.0,0.0,-0.028749999999999998
877,3,0.0,0.0,0.0,0.0,0.0
877,4,0.0,0.0,0.0,0.0,0.0
878,0,0.0,-3.609217840298949,0.0,0.0,0.0
878,1,0.0,0.0,0.0,0.0,-5.991067613013842
878,2,0.0,0.0,0.0,0.0,-0.028749999999999998
878,3,0.0,0.0,0.0,0.0,0.0
878,4,0.0,0.0,0.0,0.0,0.0
879,0,0.0,-3.612964929321162,0.0,0.0,0.0
879,1,0.0,0.0,0.0,0.0,-5.996883273109053
879,2,0.0,0.0,0.0,0.0,-0.028749999999999998
879,3,0.0,0.0,0.0,0.0,0.0
879,4,0.0,0.0,0.0,0.0,0.0
880,0,0.0,-3.6167157730045334,0.0,0.0,0.0
880,1,0.0,0.0,0.0,0.0,-5.998525096345852
880,2,0.0,0.0,0.0,0.0,-0.028749999999999998
880,3,0.0,0.0,0.0,0.0,0.0
880,4,0.0,0.0,0.0,0.0,0.0
881,0,0.0,-3.620460819797938,0.0,0.0,0.0
881,1,0.0,0.0,0.0,0.0,-5.998318868666971
881,2,0.0,0.0,0.0,0.0,-0.028749999999999998
881,3,0.0,0.0,0.0,0.0,0.0
881,4,0.0,0.0,0.0,0.0,0.0
882,0,0.0,-3.6241963317794395,0.0,0.0,0.0
882,1,0.0,0.0,0.0,0.0,-5.998113088123187
882,2,0.0,0.0,0.0,0.0,-0.028749999999999998
882,3,0.0,0.0,0.0,0.0,0.0
882,4,0.0,0.0,0.0,0.0,0.0
883,0,0.0,-3.6279223380539523,0.0,0.0,0.0
883,1,0.0,0.0,0.0,0.0,-5.996811398176214
883,2,0.0,0.0,0.0,0.0,-0.028749999999999998
883,3,0.0,0.0,0.0,0.0,0.0
883,4,0.0,0.0,0.0,0.0,0.0
884,0,0.0,-3.6316364552241724,0.0,0.0,0.0
884,1,0.0,0.0,0.0,0.0,-6.007616823395144
884,2,0.0,0.0,0.0,0.0,-0.028749999999999998
884,3,0.0,0.0,0.0,0.0,0.0
884,4,0.0,0.0,0.0,0.0,0.0
885,0,0.0,-3.635365987803759,0.0,0.0,0.0
885,1,0.0,0.0,0.0,0.0,-6.013390010165793
885,2,0.0,0.0,0.0,0.0,-0.028749999999999998
885,3,0.0,0.0,0.0,0.0,0.0
885,4,0.0,0.0,0.0,0.0,0.0
886,0,0.0,-3.639099219464865,0.0,0.0,0.0
886,1,0.0,0.0,0.0,0.0,-6.0106507432918335
886,2,0.0,0.0,0.0,0.0,-0.028749999999999998
886,3,0.0,0.0,0.0,0.0,0.0
886,4,0.0,0.0,0.0,0.0,0.0
887,0,0.0,-3.6428174561088915,0.0,0.0,0.0
887,1,0.0,0.0,0.0,0.0,-6.011290857361328
887,2,0.0,0.0,0.0,0.0,-0.028749999999999998
887,3,0.0,0.0,0.0,0.0,0.0
887,4,0.0,0.0,0.0,0.0,0.0
888,0,0.0,-3.64652793612118,0.0,0.0,0.0
888,1,0.0,0.0,0.0,0.0,-6.012914851661549
888,2,0.0,0.0,0.0,0.0,-0.028749999999999998
888,3,0.0,0.0,0.0,0.0,0.0
888,4,0.0,0.0,0.0,0.0,0.0
889,0,0.0,-3.6502326903064892,0.0,0.0,0.0
889,1,0.0,0.0,0.0,0.0,-6.013552478059753
889,2,0.0,0.0,0.0,0.0,-0.028749999999999998
889,3,0.0,0.0,0.0,0.0,0.0
889,4,0.0,0.0,0.0,0.0,0.0
890,0,0.0,-3.653929720768541,0.0,0.0,0.0
890,1,0.0,0.0,0.0,0.0,-6.01418938644663
890,2,0.0,0.0,0.0,0.0,-0.028749999999999998
890,3,0.0,0.0,0.0,0.0,0.0
890,4,0.0,0.0,0.0,0.0,0.0
891,0,0.0,-3.657619047933432,0.0,0.0,0.0
891,1,0.0,0.0,0.0,0.0,-6.014825577855666
891,2,0.0,0.0,0.0,0.0,-0.028749999999999998
891,3,0.0,0.0,0.0,0.0,0.0
891,4,0.0,0.0,0.0,0.0,0.0
892,0,0.0,-3.6613006921596503,0.0,0.0,0.0
892,1,0.0,0.0,0.0,0.0,-6.016444729620029
892,2,0.0,0.0,0.0,0.0,-0.028749999999999998
892,3,0.0,0.0,0.0,0.0,0.0
892,4,0.0,0.0,0.0,0.0,0.0
893,0,0.0,-3.664976678178422,0.0,0.0,0.0
893,1,0.0,0.0,0.0,0.0,-6.015120021064647
893,2,0.0,0.0,0.0,0.0,-0.028749999999999998
893,3,0.0,0.0,0.0,0.0,0.0
893,4,0.0,0.0,0.0,0.0,0.0
894,0,0.0,-3.6686408736705176,0.0,0.0,0.0
894,1,0.0,0.0,0.0,0.0,-6.020883699118734
894,2,0.0,0.0,0.0,0.0,-0.028749999999999998
894,3,0.0,0.0,0.0,0.0,0.0
894,4,0.0,0.0,0.0,0.0,0.0
895,0,0.0,-3.672308906686208,0.0,0.0,0.0
895,1,0.0,0.0,0.0,0.0,-6.022494452669167
895,2,0.0,0.0,0.0,0.0,-0.028749999999999998
895,3,0.0,0.0,0.0,0.0,0.0
895,4,0.0,0.0,0.0,0.0,0.0
896,0,0.0,-3.6759713001725776,0.0,0.0,0.0
896,1,0.0,0.0,0.0,0.0,-6.028240095090934
896,2,0.0,0.0,0.0,0.0,-0.028749999999999998
896,3,0.0,0.0,0.0,0.0,0.0
896,4,0.0,0.0,0.0,0.0,0.0
897,0,0.0,-3.679637495749258,0.0,0.0,0.0
897,1,0.0,0.0,0.0,0.0,-6.03897035007903
897,2,0.0,0.0,0.0,0.0,-0.028749999999999998
897,3,0.0,0.0,0.0,0.0,0.0
897,4,0.0,0.0,0.0,0.0,0.0
898,0,0.0,-3.6833190419353,0.0,0.0,0.0
898,1,0.0,0.0,0.0,0.0,-6.0405561584844385
898,2,0.0,0.0,0.0,0.0,-0.028749999999999998
898,3,0.0,0.0,0.0,0.0,0.0
898,4,0.0,0.0,0.0,0.0,0.0
899,0,0.0,-3.6869948589475863,0.0,0.0,0.0
899,1,0.0,0.0,0.0,0.0,-6.039197658414419
899,2,0.0,0.0,0.0,0.0,-0.028749999999999998
899,3,0.0,0.0,0.0,0.0,0.0
899,4,0.0,0.0,0.0,0.0,0.0
900,0,0.0,-3.690658808101991,0.0,0.0,0.0
900,1,0.0,0.0,0.0,0.0,-6.034704489544446
900,2,0.0,0.0,0.0,0.0,-0.028749999999999998
900,3,0.0,0.0,0.0,0.0,0.0
900,4,0.0,0.0,0.0,0.0,0.0
901,0,0.0,-3.6943046062904386,0.0,0.0,0.0
901,1,0.0,0.0,0.0,0.0,-6.037996069880312
901,2,0.0,0.0,0.0,0.0,-0.028749999999999998
901,3,0.0,0.0,0.0,0.0,0.0
901,4,0.0,0.0,0.0,0.0,0.0
902,0,0.0,-3.6979485735936017,0.0,0.0,0.0
902,1,0.0,0.0,0.0,0.0,-6.033505735105915
902,2,0.0,0.0,0.0,0.0,-0.028749999999999998
902,3,0.0,0.0,0.0,0.0,0.0
902,4,0.0,0.0,0.0,0.0,0.0
903,0,0.0,-3.701574472836278,0.0,0.0,0.0
903,1,0.0,0.0,0.0,0.0,-6.036801733614999
903,2,0.0,0.0,0.0,0.0,-0.028749999999999998
903,3,0.0,0.0,0.0,0.0,0.0
903,4,0.0,0.0,0.0,0.0,0.0
904,0,0.0,-3.705198600696622,0.0,0.0,0.0
904,1,0.0,0.0,0.0,0.0,-6.032314215819707
904,2,0.0,0.0,0.0,0.0,-0.028749999999999998
904,3,0.0,0.0,0.0,0.0,0.0
904,4,0.0,0.0,0.0,0.0,0.0
905,0,0.0,-3.708804742992407,0.0,0.0,0.0
905,1,0.0,0.0,0.0,0.0,-6.0320777981310645
905,2,0.0,0.0,0.0,0.0,-0.028749999999999998
905,3,0.0,0.0,0.0,0.0,0.0
905,4,0.0,0.0,0.0,0.0,0.0
906,0,0.0,-3.712401698062525,0.0,0.0,0.0
906,1,0.0,0.0,0.0,0.0,-6.029309707757144
906,2,0.0,0.0,0.0,0.0,-0.028749999999999998
906,3,0.0,0.0,0.0,0.0,0.0
906,4,0.0,0.0,0.0,0.0,0.0
907,0,0.0,-3.715984055084822,0.0,0.0,0.0
907,1,0.0,0.0,0.0,0.0,-6.029077197436209
907,2,0.0,0.0,0.0,0.0,-0.028749999999999998
907,3,0.0,0.0,0.0,0.0,0.0
907,4,0.0,0.0,0.0,0.0,0.0
908,0,0.0,-3.7195573041551397,0.0,0.0,0.0
908,1,0.0,0.0,0.0,0.0,-6.037310668799354
908,2,0.0,0.0,0.0,0.0,-0.028749999999999998
908,3,0.0,0.0,0.0,0.0,0.0
908,4,0.0,0.0,0.0,0.0,0.0
909,0,0.0,-3.723140307945808,0.0,0.0,0.0
909,1,0.0,0.0,0.0,0.0,-6.038904439395748
909,2,0.0,0.0,0.0,0.0,-0.028749999999999998
909,3,0.0,0.0,0.0,0.0,0.0
909,4,0.0,0.0,0.0,0.0,0.0
910,0,0.0,-3.7267178641728136,0.0,0.0,0.0
910,1,0.0,0.0,0.0,0.0,-6.036125305628648
910,2,0.0,0.0,0.0,0.0,-0.028749999999999998
910,3,0.0,0.0,0.0,0.0,0.0
910,4,0.0,0.0,0.0,0.0,0.0
911,0,0.0,-3.7302808654532846,0.0,0.0,0.0
911,1,0.0,0.0,0.0,0.0,-6.037721631979241
911,2,0.0,0.0,0.0,0.0,-0.028749999999999998
911,3,0.0,0.0,0.0,0.0,0.0
911,4,0.0,0.0,0.0,0.0,0.0
912,0,0.0,-3.733838478312963,0.0,0.0,0.0
912,1,0.0,0.0,0.0,0.0,-6.033232774848671
912,2,0.0,0.0,0.0,0.0,-0.028749999999999998
912,3,0.0,0.0,0.0,0.0,0.0
912,4,0.0,0.0,0.0,0.0,0.0
913,0,0.0,-3.7373783581288347,0.0,0.0,0.0
913,1,0.0,0.0,0.0,0.0,-6.03895758825279
913,2,0.0,0.0,0.0,0.0,-0.028749999999999998
913,3,0.0,0.0,0.0,0.0,0.0
913,4,0.0,0.0,0.0,0.0,0.0
914,0,0.0,-3.740922270679357,0.0,0.0,0.0
914,1,0.0,0.0,0.0,0.0,-6.042248637317513
914,2,0.0,0.0,0.0,0.0,-0.028749999999999998
914,3,0.0,0.0,0.0,0.0,0.0
914,4,0.0,0.0,0.0,0.0,0.0
915,0,0.0,-3.744464604359435,0.0,0.0,0.0
915,1,0.0,0.0,0.0,0.0,-6.042003995901532
915,2,0.0,0.0,0.0,0.0,-0.028749999999999998
915,3,0.0,0.0,0.0,0.0,0.0
915,4,0.0,0.0,0.0,0.0,0.0
916,0,0.0,-3.7479979221643305,0.0,0.0,0.0
916,1,0.0,0.0,0.0,0.0,-6.03922075226375
916,2,0.0,0.0,0.0,0.0,-0.028749999999999998
916,3,0.0,0.0,0.0,0.0,0.0
916,4,0.0,0.0,0.0,0.0,0.0
917,0,0.0,-3.751516826656194,0.0,0.0,0.0
917,1,0.0,0.0,0.0,0.0,-6.040814541338569
917,2,0.0,0.0,0.0,0.0,-0.028749999999999998
917,3,0.0,0.0,0.0,0.0,0.0
917,4,0.0,0.0,0.0,0.0,0.0
918,0,0.0,-3.7550304547806044,0.0,0.0,0.0
918,1,0.0,0.0,0.0,0.0,-6.046524137860856
918,2,0.0,0.0,0.0,0.0,-0.028749999999999998
918,3,0.0,0.0,0.0,0.0,0.0
918,4,0.0,0.0,0.0,0.0,0.0
919,0,0.0,-3.758548143960747,0.0,0.0,0.0
919,1,0.0,0.0,0.0,0.0,-6.054718462689527
919,2,0.0,0.0,0.0,0.0,-0.028749999999999998
919,3,0.0,0.0,0.0,0.0,0.0
919,4,0.0,0.0,0.0,0.0,0.0
920,0,0.0,-3.7620756188484576,0.0,0.0,0.0
920,1,0.0,0.0,0.0,0.0,-6.05446152889885
920,2,0.0,0.0,0.0,0.0,-0.028749999999999998
920,3,0.0,0.0,0.0,0.0,0.0
920,4,0.0,0.0,0.0,0.0,0.0
921,0,0.0,-3.765594095186773,0.0,0.0,0.0
921,1,0.0,0.0,0.0,0.0,-6.062634138775318
921,2,0.0,0.0,0.0,0.0,-0.028749999999999998
921,3,0.0,0.0,0.0,0.0,0.0
921,4,0.0,0.0,0.0,0.0,0.0
922,0,0.0,-3.7691223053230747,0.0,0.0,0.0
922,1,0.0,0.0,0.0,0.0,-6.06587191429789
922,2,0.0,0.0,0.0,0.0,-0.028749999999999998
922,3,0.0,0.0,0.0,0.0,0.0
922,4,0.0,0.0,0.0,0.0,0.0
923,0,0.0,-3.772648855515032,0.0,0.0,0.0
923,1,0.0,0.0,0.0,0.0,-6.06646265203078
923,2,0.0,0.0,0.0,0.0,-0.028749999999999998
923,3,0.0,0.0,0.0,0.0,0.0
923,4,0.0,0.0,0.0,0.0,0.0
924,0,0.0,-3.7761680961908266,0.0,0.0,0.0
924,1,0.0,0.0,0.0,0.0,-6.066193621889947
924,2,0.0,0.0,0.0,0.0,-0.028749999999999998
924,3,0.0,0.0,0.0,0.0,0.0
924,4,0.0,0.0,0.0,0.0,0.0
925,0,0.0,-3.7796783355676014,0.0,0.0,0.0
925,1,0.0,0.0,0.0,0.0,-6.063367916365975
925,2,0.0,0.0,0.0,0.0,-0.028749999999999998
925,3,0.0,0.0,0.0,0.0,0.0
925,4,0.0,0.0,0.0,0.0,0.0
926,0,0.0,-3.7831741508801975,0.0,0.0,0.0
926,1,0.0,0.0,0.0,0.0,-6.061987740023416
926,2,0.0,0.0,0.0,0.0,-0.028749999999999998
926,3,0.0,0.0,0.0,0.0,0.0
926,4,0.0,0.0,0.0,0.0,0.0
927,0,0.0,-3.786658604328671,0.0,0.0,0.0
927,1,0.0,0.0,0.0,0.0,-6.061724691409211
927,2,0.0,0.0,0.0,0.0,-0.028749999999999998
927,3,0.0,0.0,0.0,0.0,0.0
927,4,0.0,0.0,0.0,0.0,0.0
928,0,0.0,-3.790134172242325,0.0,0.0,0.0
928,1,0.0,0.0,0.0,0.0,-6.058908193802836
928,2,0.0,0.0,0.0,0.0,-0.028749999999999998
928,3,0.0,0.0,0.0,0.0,0.0
928,4,0.0,0.0,0.0,0.0,0.0
929,0,0.0,-3.793595453626064,0.0,0.0,0.0
929,1,0.0,0.0,0.0,0.0,-6.069574873684242
929,2,0.0,0.0,0.0,0.0,-0.028749999999999998
929,3,0.0,0.0,0.0,0.0,0.0
929,4,0.0,0.0,0.0,0.0,0.0
930,0,0.0,-3.7970723344622934,0.0,0.0,0.0
930,1,0.0,0.0,0.0,0.0,-6.075209755836684
930,2,0.0,0.0,0.0,0.0,-0.028749999999999998
930,3,0.0,0.0,0.0,0.0,0.0
930,4,0.0,0.0,0.0,0.0,0.0
931,0,0.0,-3.80055318747084,0.0,0.0,0.0
931,1,0.0,0.0,0.0,0.0,-6.078423216552669
931,2,0.0,0.0,0.0,0.0,-0.028749999999999998
931,3,0.0,0.0,0.0,0.0,0.0
931,4,0.0,0.0,0.0,0.0,0.0
932,0,0.0,-3.8040324427733654,0.0,0.0,0.0
932,1,0.0,0.0,0.0,0.0,-6.086535991934401
932,2,0.0,0.0,0.0,0.0,-0.028749999999999998
932,3,0.0,0.0,0.0,0.0,0.0
932,4,0.0,0.0,0.0,0.0,0.0
933,0,0.0,-3.8075213783565793,0.0,0.0,0.0
933,1,0.0,0.0,0.0,0.0,-6.0871090306488815
933,2,0.0,0.0,0.0,0.0,-0.028749999999999998
933,3,0.0,0.0,0.0,0.0,0.0
933,4,0.0,0.0,0.0,0.0,0.0
934,0,0.0,-3.8110030770781886,0.0,0.0,0.0
934,1,0.0,0.0,0.0,0.0,-6.087681439715539
934,2,0.0,0.0,0.0,0.0,-0.028749999999999998
934,3,0.0,0.0,0.0,0.0,0.0
934,4,0.0,0.0,0.0,0.0,0.0
935,0,0.0,-3.8144775580786057,0.0,0.0,0.0
935,1,0.0,0.0,0.0,0.0,-6.098270430346727
935,2,0.0,0.0,0.0,0.0,-0.028749999999999998
935,3,0.0,0.0,0.0,0.0,0.0
935,4,0.0,0.0,0.0,0.0,0.0
936,0,0.0,-3.817967438184148,0.0,0.0,0.0
936,1,0.0,0.0,0.0,0.0,-6.098833456388207
936,2,0.0,0.0,0.0,0.0,-0.028749999999999998
936,3,0.0,0.0,0.0,0.0,0.0
936,4,0.0,0.0,0.0,0.0,0.0
937,0,0.0,-3.8214500597249823,0.0,0.0,0.0
937,1,0.0,0.0,0.0,0.0,-6.09422265517047
937,2,0.0,0.0,0.0,0.0,-0.028749999999999998
937,3,0.0,0.0,0.0,0.0,0.0
937,4,0.0,0.0,0.0,0.0,0.0
938,0,0.0,-3.8249150045591853,0.0,0.0,0.0
938,1,0.0,0.0,0.0,0.0,-6.097393324527552
938,2,0.0,0.0,0.0,0.0,-0.028749999999999998
938,3,0.0,0.0,0.0,0.0,0.0
938,4,0.0,0.0,0.0,0.0,0.0
939,0,0.0,-3.8283782930120154,0.0,0.0,0.0
939,1,0.0,0.0,0.0,0.0,-6.097957232651551
939,2,0.0,0.0,0.0,0.0,-0.028749999999999998
939,3,0.0,0.0,0.0,0.0,0.0
939,4,0.0,0.0,0.0,0.0,0.0
940,0,0.0,-3.831834400171245,0.0,0.0,0.0
940,1,0.0,0.0,0.0,0.0,-6.097658122948697
940,2,0.0,0.0,0.0,0.0,-0.028749999999999998
940,3,0.0,0.0,0.0,0.0,0.0
940,4,0.0,0.0,0.0,0.0,0.0
941,0,0.0,-3.8352816290562455,0.0,0.0,0.0
941,1,0.0,0.0,0.0,0.0,-6.100823430138187
941,2,0.0,0.0,0.0,0.0,-0.028749999999999998
941,3,0.0,0.0,0.0,0.0,0.0
941,4,0.0,0.0,0.0,0.0,0.0
942,0,0.0,-3.8387272346570933,0.0,0.0,0.0
942,1,0.0,0.0,0.0,0.0,-6.101383850044601
942,2,0.0,0.0,0.0,0.0,-0.028749999999999998
942,3,0.0,0.0,0.0,0.0,0.0
942,4,0.0,0.0,0.0,0.0,0.0
943,0,0.0,-3.842165701393308,0.0,0.0,0.0
943,1,0.0,0.0,0.0,0.0,-6.101081403154516
943,2,0.0,0.0,0.0,0.0,-0.028749999999999998
943,3,0.0,0.0,0.0,0.0,0.0
943,4,0.0,0.0,0.0,0.0,0.0
944,0,0.0,-3.8455953331017536,0.0,0.0,0.0
944,1,0.0,0.0,0.0,0.0,-6.102594877286003
944,2,0.0,0.0,0.0,0.0,-0.028749999999999998
944,3,0.0,0.0,0.0,0.0,0.0
944,4,0.0,0.0,0.0,0.0,0.0
945,0,0.0,-3.849019756133918,0.0,0.0,0.0
945,1,0.0,0.0,0.0,0.0,-6.104106061194639
945,2,0.0,0.0,0.0,0.0,-0.028749999999999998
945,3,0.0,0.0,0.0,0.0,0.0
945,4,0.0,0.0,0.0,0.0,0.0
946,0,0.0,-3.852438979568249,0.0,0.0,0.0
946,1,0.0,0.0,0.0,0.0,-6.107261258300437
946,2,0.0,0.0,0.0,0.0,-0.028749999999999998
946,3,0.0,0.0,0.0,0.0,0.0
946,4,0.0,0.0,0.0,0.0,0.0
947,0,0.0,-3.8558566293141907,0.0,0.0,0.0
947,1,0.0,0.0,0.0,0.0,-6.102627752882179
947,2,0.0,0.0,0.0,0.0,-0.028749999999999998
947,3,0.0,0.0,0.0,0.0,0.0
947,4,0.0,0.0,0.0,0.0,0.0
948,0,0.0,-3.859256795561044,0.0,0.0,0.0
948,1,0.0,0.0,0.0,0.0,-6.108187345493953
948,2,0.0,0.0,0.0,0.0,-0.028749999999999998
948,3,0.0,0.0,0.0,0.0,0.0
948,4,0.0,0.0,0.0,0.0,0.0
949,0,0.0,-3.8626609412713724,0.0,0.0,0.0
949,1,0.0,0.0,0.0,0.0,-6.109691425915397
949,2,0.0,0.0,0.0,0.0,-0.028749999999999998
949,3,0.0,0.0,0.0,0.0,0.0
949,4,0.0,0.0,0.0,0.0,0.0
950,0,0.0,-3.8660599259864936,0.0,0.0,0.0
950,1,0.0,0.0,0.0,0.0,-6.115233872568424
950,2,0.0,0.0,0.0,0.0,-0.028749999999999998
950,3,0.0,0.0,0.0,0.0,0.0
950,4,0.0,0.0,0.0,0.0,0.0
951,0,0.0,-3.869462855900579,0.0,0.0,0.0
951,1,0.0,0.0,0.0,0.0,-6.123261582268286
951,2,0.0,0.0,0.0,0.0,-0.028749999999999998
951,3,0.0,0.0,0.0,0.0,0.0
951,4,0.0,0.0,0.0,0.0,0.0
952,0,0.0,-3.8728754390552598,0.0,0.0,0.0
952,1,0.0,0.0,0.0,0.0,-6.1247452404612615
952,2,0.0,0.0,0.0,0.0,-0.028749999999999998
952,3,0.0,0.0,0.0,0.0,0.0
952,4,0.0,0.0,0.0,0.0,0.0
953,0,0.0,-3.8762827961602815,0.0,0.0,0.0
953,1,0.0,0.0,0.0,0.0,-6.1232811368224045
953,2,0.0,0.0,0.0,0.0,-0.028749999999999998
953,3,0.0,0.0,0.0,0.0,0.0
953,4,0.0,0.0,0.0,0.0,0.0
954,0,0.0,-3.8796788722671045,0.0,0.0,0.0
954,1,0.0,0.0,0.0,0.0,-6.124765071892708
954,2,0.0,0.0,0.0,0.0,-0.028749999999999998
954,3,0.0,0.0,0.0,0.0,0.0
954,4,0.0,0.0,0.0,0.0,0.0
955,0,0.0,-3.8830697667905274,0.0,0.0,0.0
955,1,0.0,0.0,0.0,0.0,-6.120095071006496
955,2,0.0,0.0,0.0,0.0,-0.028749999999999998
955,3,0.0,0.0,0.0,0.0,0.0
955,4,0.0,0.0,0.0,0.0,0.0
956,0,0.0,-3.8864432083986267,0.0,0.0,0.0
956,1,0.0,0.0,0.0,0.0,-6.125612441784047
956,2,0.0,0.0,0.0,0.0,-0.028749999999999998
956,3,0.0,0.0,0.0,0.0,0.0
956,4,0.0,0.0,0.0,0.0,0.0
957,0,0.0,-3.8898205954087945,0.0,0.0,0.0
957,1,0.0,0.0,0.0,0.0,-6.126150527575481
957,2,0.0,0.0,0.0,0.0,-0.028749999999999998
957,3,0.0,0.0,0.0,0.0,0.0
957,4,0.0,0.0,0.0,0.0,0.0
958,0,0.0,-3.8931909915403176,0.0,0.0,0.0
958,1,0.0,0.0,0.0,0.0,-6.134153064367746
958,2,0.0,0.0,0.0,0.0,-0.028749999999999998
958,3,0.0,0.0,0.0,0.0,0.0
958,4,0.0,0.0,0.0,0.0,0.0
959,0,0.0,-3.89657105141991,0.0,0.0,0.0
959,1,0.0,0.0,0.0,0.0,-6.132677467412407
959,2,0.0,0.0,0.0,0.0,-0.028749999999999998
959,3,0.0,0.0,0.0,0.0,0.0
959,4,0.0,0.0,0.0,0.0,0.0
960,0,0.0,-3.899939889829752,0.0,0.0,0.0
960,1,0.0,0.0,0.0,0.0,-6.134150862970522
960,2,0.0,0.0,0.0,0.0,-0.028749999999999998
960,3,0.0,0.0,0.0,0.0,0.0
960,4,0.0,0.0,0.0,0.0,0.0
961,0,0.0,-3.9033035967362215,0.0,0.0,0.0
961,1,0.0,0.0,0.0,0.0,-6.133816539700739
961,2,0.0,0.0,0.0,0.0,-0.028749999999999998
961,3,0.0,0.0,0.0,0.0,0.0
961,4,0.0,0.0,0.0,0.0,0.0
962,0,0.0,-3.906658615862701,0.0,0.0,0.0
962,1,0.0,0.0,0.0,0.0,-6.1369115955385665
962,2,0.0,0.0,0.0,0.0,-0.028749999999999998
962,3,0.0,0.0,0.0,0.0,0.0
962,4,0.0,0.0,0.0,0.0,0.0
963,0,0.0,-3.9100120849115325,0.0,0.0,0.0
963,1,0.0,0.0,0.0,0.0,-6.135432249700879
963,2,0.0,0.0,0.0,0.0,-0.028749999999999998
963,3,0.0,0.0,0.0,0.0,0.0
963,4,0.0,0.0,0.0,0.0,0.0
964,0,0.0,-3.9133544032144654,0.0,0.0,0.0
964,1,0.0,0.0,0.0,0.0,-6.136901762028257
964,2,0.0,0.0,0.0,0.0,-0.028749999999999998
964,3,0.0,0.0,0.0,0.0,0.0
964,4,0.0,0.0,0.0,0.0,0.0
965,0,0.0,-3.916691651912938,0.0,0.0,0.0
965,1,0.0,0.0,0.0,0.0,-6.139992610689424
965,2,0.0,0.0,0.0,0.0,-0.028749999999999998
965,3,0.0,0.0,0.0,0.0,0.0
965,4,0.0,0.0,0.0,0.0,0.0
966,0,0.0,-3.9200273865552395,0.0,0.0,0.0
966,1,0.0,0.0,0.0,0.0,-6.139652631296091
966,2,0.0,0.0,0.0,0.0,-0.028749999999999998
966,3,0.0,0.0,0.0,0.0,0.0
966,4,0.0,0.0,0.0,0.0,0.0
967,0,0.0,-3.923354500158338,0.0,0.0,0.0
967,1,0.0,0.0,0.0,0.0,-6.145128248690574
967,2,0.0,0.0,0.0,0.0,-0.028749999999999998
967,3,0.0,0.0,0.0,0.0,0.0
967,4,0.0,0.0,0.0,0.0,0.0
968,0,0.0,-3.9266855760305432,0.0,0.0,0.0
968,1,0.0,0.0,0.0,0.0,-6.15808933184532
968,2,0.0,0.0,0.0,0.0,-0.028749999999999998
968,3,0.0,0.0,0.0,0.0,0.0
968,4,0.0,0.0,0.0,0.0,0.0
969,0,0.0,-3.930037793134246,0.0,0.0,0.0
969,1,0.0,0.0,0.0,0.0,-6.159529305404319
969,2,0.0,0.0,0.0,0.0,-0.028749999999999998
969,3,0.0,0.0,0.0,0.0,0.0
969,4,0.0,0.0,0.0,0.0,0.0
970,0,0.0,-3.933384852950822,0.0,0.0,0.0
970,1,0.0,0.0,0.0,0.0,-6.164948694356439
970,2,0.0,0.0,0.0,0.0,-0.028749999999999998
970,3,0.0,0.0,0.0,0.0,0.0
970,4,0.0,0.0,0.0,0.0,0.0
971,0,0.0,-3.9367357010033195,0.0,0.0,0.0
971,1,0.0,0.0,0.0,0.0,-6.180353741213274
971,2,0.0,0.0,0.0,0.0,-0.028749999999999998
971,3,0.0,0.0,0.0,0.0,0.0
971,4,0.0,0.0,0.0,0.0,0.0
972,0,0.0,-3.940113275328328,0.0,0.0,0.0
972,1,0.0,0.0,0.0,0.0,-6.175573185431485
972,2,0.0,0.0,0.0,0.0,-0.028749999999999998
972,3,0.0,0.0,0.0,0.0,0.0
972,4,0.0,0.0,0.0,0.0,0.0
973,0,0.0,-3.943473240693399,0.0,0.0,0.0
973,1,0.0,0.0,0.0,0.0,-6.175195936347365
973,2,0.0,0.0,0.0,0.0,-0.028749999999999998
973,3,0.0,0.0,0.0,0.0,0.0
973,4,0.0,0.0,0.0,0.0,0.0
974,0,0.0,-3.946824436497096,0.0,0.0,0.0
974,1,0.0,0.0,0.0,0.0,-6.178198071149268
974,2,0.0,0.0,0.0,0.0,-0.028749999999999998
974,3,0.0,0.0,0.0,0.0,0.0
974,4,0.0,0.0,0.0,0.0,0.0
975,0,0.0,-3.9501738808658557,0.0,0.0,0.0
975,1,0.0,0.0,0.0,0.0,-6.17342196971593
975,2,0.0,0.0,0.0,0.0,-0.028749999999999998
975,3,0.0,0.0,0.0,0.0,0.0
975,4,0.0,0.0,0.0,0.0,0.0
976,0,0.0,-3.953505835568286,0.0,0.0,0.0
976,1,0.0,0.0,0.0,0.0,-6.17391960316326
976,2,0.0,0.0,0.0,0.0,-0.028749999999999998
976,3,0.0,0.0,0.0,0.0,0.0
976,4,0.0,0.0,0.0,0.0,0.0
977,0,0.0,-3.9568308499546214,0.0,0.0,0.0
977,1,0.0,0.0,0.0,0.0,-6.1744167103958
977,2,0.0,0.0,0.0,0.0,-0.028749999999999998
977,3,0.0,0.0,0.0,0.0,0.0
977,4,0.0,0.0,0.0,0.0,0.0
978,0,0.0,-3.9601489424832956,0.0,0.0,0.0
978,1,0.0,0.0,0.0,0.0,-6.182294771688642
978,2,0.0,0.0,0.0,0.0,-0.028749999999999998
978,3,0.0,0.0,0.0,0.0,0.0
978,4,0.0,0.0,0.0,0.0,0.0
979,0,0.0,-3.9634765205842872,0.0,0.0,0.0
979,1,0.0,0.0,0.0,0.0,-6.195150306885847
979,2,0.0,0.0,0.0,0.0,-0.028749999999999998
979,3,0.0,0.0,0.0,0.0,0.0
979,4,0.0,0.0,0.0,0.0,0.0
980,0,0.0,-3.9668249876584283,0.0,0.0,0.0
980,1,0.0,0.0,0.0,0.0,-6.19810786780481
980,2,0.0,0.0,0.0,0.0,-0.028749999999999998
980,3,0.0,0.0,0.0,0.0,0.0
980,4,0.0,0.0,0.0,0.0,0.0
981,0,0.0,-3.9701716074864284,0.0,0.0,0.0
981,1,0.0,0.0,0.0,0.0,-6.199501260850748
981,2,0.0,0.0,0.0,0.0,-0.028749999999999998
981,3,0.0,0.0,0.0,0.0,0.0
981,4,0.0,0.0,0.0,0.0,0.0
982,0,0.0,-3.9735129883006155,0.0,0.0,0.0
982,1,0.0,0.0,0.0,0.0,-6.194684118094407
982,2,0.0,0.0,0.0,0.0,-0.028749999999999998
982,3,0.0,0.0,0.0,0.0,0.0
982,4,0.0,0.0,0.0,0.0,0.0
983,0,0.0,-3.976836839541407,0.0,0.0,0.0
983,1,0.0,0.0,0.0,0.0,-6.195164068671624
983,2,0.0,0.0,0.0,0.0,-0.028749999999999998
983,3,0.0,0.0,0.0,0.0,0.0
983,4,0.0,0.0,0.0,0.0,0.0
984,0,0.0,-3.9801537402744382,0.0,0.0,0.0
984,1,0.0,0.0,0.0,0.0,-6.202984677695628
984,2,0.0,0.0,0.0,0.0,-0.028749999999999998
984,3,0.0,0.0,0.0,0.0,0.0
984,4,0.0,0.0,0.0,0.0,0.0
985,0,0.0,-3.9834799940051098,0.0,0.0,0.0
985,1,0.0,0.0,0.0,0.0,-6.205927330540488
985,2,0.0,0.0,0.0,0.0,-0.028749999999999998
985,3,0.0,0.0,0.0,0.0,0.0
985,4,0.0,0.0,0.0,0.0,0.0
986,0,0.0,-3.9868044214345804,0.0,0.0,0.0
986,1,0.0,0.0,0.0,0.0,-6.211219340589519
986,2,0.0,0.0,0.0,0.0,-0.028749999999999998
986,3,0.0,0.0,0.0,0.0,0.0
986,4,0.0,0.0,0.0,0.0,0.0
987,0,0.0,-3.990132387677116,0.0,0.0,0.0
987,1,0.0,0.0,0.0,0.0,-6.211684738368927
987,2,0.0,0.0,0.0,0.0,-0.028749999999999998
987,3,0.0,0.0,0.0,0.0,0.0
987,4,0.0,0.0,0.0,0.0,0.0
988,0,0.0,-3.9934533631671796,0.0,0.0,0.0
988,1,0.0,0.0,0.0,0.0,-6.2086087603073
988,2,0.0,0.0,0.0,0.0,-0.028749999999999998
988,3,0.0,0.0,0.0,0.0,0.0
988,4,0.0,0.0,0.0,0.0,0.0
989,0,0.0,-3.9967600621295922,0.0,0.0,0.0
989,1,0.0,0.0,0.0,0.0,-6.208198229781921
989,2,0.0,0.0,0.0,0.0,-0.028749999999999998
989,3,0.0,0.0,0.0,0.0,0.0
989,4,0.0,0.0,0.0,0.0,0.0
990,0,0.0,-4.000058076283052,0.0,0.0,0.0
990,1,0.0,0.0,0.0,0.0,-6.208666320502714
990,2,0.0,0.0,0.0,0.0,-0.028749999999999998
990,3,0.0,0.0,0.0,0.0,0.0
990,4,0.0,0.0,0.0,0.0,0.0
991,0,0.0,-4.0033491897066815,0.0,0.0,0.0
991,1,0.0,0.0,0.0,0.0,-6.20913392417996
991,2,0.0,0.0,0.0,0.0,-0.028749999999999998
991,3,0.0,0.0,0.0,0.0,0.0
991,4,0.0,0.0,0.0,0.0,0.0
992,0,0.0,-4.006633420855709,0.0,0.0,0.0
992,1,0.0,0.0,0.0,0.0,-6.206063377454017
992,2,0.0,0.0,0.0,0.0,-0.028749999999999998
992,3,0.0,0.0,0.0,0.0,0.0
992,4,0.0,0.0,0.0,0.0,0.0
993,0,0.0,-4.009903515051859,0.0,0.0,0.0
993,1,0.0,0.0,0.0,0.0,-6.206533349720308
993,2,0.0,0.0,0.0,0.0,-0.028749999999999998
993,3,0.0,0.0,0.0,0.0,0.0
993,4,0.0,0.0,0.0,0.0,0.0
994,0,0.0,-4.013166791407629,0.0,0.0,0.0
994,1,0.0,0.0,0.0,0.0,-6.207002831890092
994,2,0.0,0.0,0.0,0.0,-0.028749999999999998
994,3,0.0,0.0,0.0,0.0,0.0
994,4,0.0,0.0,0.0,0.0,0.0
995,0,0.0,-4.016423268125037,0.0,0.0,0.0
995,1,0.0,0.0,0.0,0.0,-6.207471824631923
995,2,0.0,0.0,0.0,0.0,-0.028749999999999998
995,3,0.0,0.0,0.0,0.0,0.0
995,4,0.0,0.0,0.0,0.0,0.0
996,0,0.0,-4.019672963345422,0.0,0.0,0.0
996,1,0.0,0.0,0.0,0.0,-6.202636127826162
996,2,0.0,0.0,0.0,0.0,-0.028749999999999998
996,3,0.0,0.0,0.0,0.0,0.0
996,4,0.0,0.0,0.0,0.0,0.0
997,0,0.0,-4.022905454996059,0.0,0.0,0.0
997,1,0.0,0.0,0.0,0.0,-6.212946663085355
997,2,0.0,0.0,0.0,0.0,-0.028749999999999998
997,3,0.0,0.0,0.0,0.0,0.0
997,4,0.0,0.0,0.0,0.0,0.0
998,0,0.0,-4.026153160932896,0.0,0.0,0.0
998,1,0.0,0.0,0.0,0.0,-6.209873216941006
998,2,0.0,0.0,0.0,0.0,-0.028749999999999998
998,3,0.0,0.0,0.0,0.0,0.0
998,4,0.0,0.0,0.0,0.0,0.0
999,0,0.0,-4.0293868594185644,0.0,0.0,0.0
999,1,0.0,0.0,0.0,0.0,-6.212810570424372
999,2,0.0,0.0,0.0,0.0,-0.028749999999999998
999,3,0.0,0.0,0.0,0.0,0.0
999,4,0.0,0.0,0.0,0.0,0.0
1000,0,0.0,-4.032618943369233,0.0,0.0,0.0
1000,1,0.0,0.0,0.0,0.0,-6.223093025076581
1000,2,0.0,0.0,0.0,0.0,-0.028749999999999998
1000,3,0.0,0.0,0.0,0.0,0.0
1000,4,0.0,0.0,0.0,0.0,0.0
