1,0,0.0,0.0,0.0,0.0,0.0
1,1,0.0,0.0,0.0,0.0,0.0
1,2,0.0,0.0,0.0,0.0,-0.06875
1,3,0.0,0.0,0.0,0.0,0.0
1,4,0.0,0.0,0.0,0.0,0.0
2,0,0.0,0.0,0.0,0.0,0.0
2,1,0.0,0.0,-7.876846995947072e-06,0.0,0.0
2,2,0.0,0.0,0.0,0.0,-0.1347708553601179
2,3,0.0,0.0,0.0,0.0,0.0
2,4,0.0,0.0,0.0,0.0,0.0
3,0,0.0,-1.033979250881746e-13,0.0,0.0,0.0
3,1,0.0,0.0,-3.81295141796071e-05,0.0,0.0
3,2,0.0,0.0,0.0,0.0,-0.1880717578225122
3,3,0.0,0.0,0.0,0.0,0.0
3,4,0.0,0.0,0.0,0.0,0.0
4,0,0.0,-2.526208562392606e-12,0.0,0.0,0.0
4,1,0.0,0.0,-9.699856672847069e-05,0.0,0.0
4,2,0.0,0.0,0.0,0.0,-0.2611951945783872
4,3,0.0,0.0,0.0,0.0,0.0
4,4,0.0,0.0,0.0,0.0,0.0
5,0,0.0,-1.8204795313155802e-11,0.0,0.0,0.0
5,1,0.0,0.0,-0.00021046661762517575,0.0,0.0
5,2,0.0,0.0,0.0,0.0,-0.3265751703811898
5,3,0.0,0.0,0.0,0.0,0.0
5,4,0.0,0.0,0.0,0.0,0.0
6,0,0.0,-1.8204795313155802e-11,0.0,0.0,-0.06375000000000001
6,1,0.0,0.0,-0.00021046661762517575,0.0,0.0
6,2,0.0,0.0,0.0,0.0,-0.3265751703811898
6,3,0.0,0.0,0.0,0.0,0.0
6,4,0.0,0.0,0.0,0.0,0.0
7,0,0.0,-1.8204795313155802e-11,0.0,0.0,-0.12478752042483664
7,1,0.0,0.0,-0.00021046661762517575,0.0,0.0
7,2,0.0,0.0,0.0,0.0,-0.3265751703811898
7,3,0.0,0.0,0.0,0.0,0.0
7,4,0.0,0.0,0.0,0.0,0.0
8,0,0.0,-1.8204795313155802e-11,0.0,0.0,-0.17812169052868287
8,1,0.0,0.0,-0.00021046661762517575,0.0,0.0
8,2,0.0,0.0,0.0,0.0,-0.3265751703811898
8,3,0.0,0.0,0.0,0.0,0.0
8,4,0.0,0.0,0.0,0.0,0.0
9,0,0.0,-1.8204795313155802e-11,0.0,0.0,-0.23877827019995915
9,1,0.0,0.0,-0.00021046661762517575,0.0,0.0
9,2,0.0,0.0,0.0,0.0,-0.3265751703811898
9,3,0.0,0.0,0.0,0.0,0.0
9,4,0.0,0.0,0.0,0.0,0.0
10,0,0.0,-1.8204795313155802e-11,0.0,0.0,-0.29423292735270734
10,1,0.0,0.0,-0.00021046661762517575,0.0,0.0
10,2,0.0,0.0,0.0,0.0,-0.3265751703811898
10,3,0.0,0.0,0.0,0.0,0.0
10,4,0.0,0.0,0.0,0.0,0.0
11,0,0.0,-1.8204795313155802e-11,0.0,0.0,-0.3570030836340776
11,1,0.0,0.0,-0.00021046661762517575,0.0,0.0
11,2,0.0,0.0,0.0,0.0,-0.3265751703811898
11,3,0.0,0.0,0.0,0.0,0.0
11,4,0.0,0.0,0.0,0.0,0.0
12,0,0.0,-1.8204795313155802e-11,0.0,0.0,-0.41956443251697284
12,1,0.0,0.0,-0.00021046661762517575,0.0,0.0
12,2,0.0,0.0,0.0,0.0,-0.3265751703811898
12,3,0.0,0.0,0.0,0.0,0.0
12,4,0.0,0.0,0.0,0.0,0.0
13,0,0.0,-1.8204795313155802e-11,0.0,0.0,-0.4769177560414017
13,1,0.0,0.0,-0.00021046661762517575,0.0,0.0
13,2,0.0,0.0,0.0,0.0,-0.3265751703811898
13,3,0.0,0.0,0.0,0.0,0.0
13,4,0.0,0.0,0.0,0.0,0.0
14,0,0.0,-1.8204795313155802e-11,0.0,0.0,-0.5265804981867626
14,1,0.0,0.0,-0.00021046661762517575,0.0,0.0
14,2,0.0,0.0,0.0,0.0,-0.3265751703811898
14,3,0.0,0.0,0.0,0.0,0.0
14,4,0.0,0.0,0.0,0.0,0.0
15,0,0.0,-1.8204795313155802e-11,0.0,0.0,-0.5810783698645111
15,1,0.0,0.0,-0.00021046661762517575,0.0,0.0
15,2,0.0,0.0,0.0,0.0,-0.3265751703811898
15,3,0.0,0.0,0.0,0.0,0.0
15,4,0.0,0.0,0.0,0.0,0.0
16,0,0.0,-1.8204795313155802e-11,0.0,0.0,-0.6428953227428887
16,1,0.0,0.0,-0.00021046661762517575,0.0,0.0
16,2,0.0,0.0,0.0,0.0,-0.3265751703811898
16,3,0.0,0.0,0.0,0.0,0.0
16,4,0.0,0.0,0.0,0.0,0.0
17,0,0.0,-1.8204795313155802e-11,0.0,0.0,-0.6995070359830639
17,1,0.0,0.0,-0.00021046661762517575,0.0,0.0
17,2,0.0,0.0,0.0,0.0,-0.3265751703811898
17,3,0.0,0.0,0.0,0.0,0.0
17,4,0.0,0.0,0.0,0.0,0.0
18,0,0.0,-1.8204795313155802e-11,0.0,0.0,-0.7559309424376094
18,1,0.0,0.0,-0.00021046661762517575,0.0,0.0
18,2,0.0,0.0,0.0,0.0,-0.3265751703811898
18,3,0.0,0.0,0.0,0.0,0.0
18,4,0.0,0.0,0.0,0.0,0.0
19,0,0.0,-1.8204795313155802e-11,0.0,0.0,-0.8171677443403874
19,1,0.0,0.0,-0.00021046661762517575,0.0,0.0
19,2,0.0,0.0,0.0,0.0,-0.3265751703811898
19,3,0.0,0.0,0.0,0.0,0.0
19,4,0.0,0.0,0.0,0.0,0.0
20,0,0.0,-1.8204795313155802e-11,0.0,0.0,-0.8707014760572154
20,1,0.0,0.0,-0.00021046661762517575,0.0,0.0
20,2,0.0,0.0,0.0,0.0,-0.3265751703811898
20,3,0.0,0.0,0.0,0.0,0.0
20,4,0.0,0.0,0.0,0.0,0.0
21,0,0.0,-1.8204795313155802e-11,0.0,0.0,-0.9190578943120286
21,1,0.0,0.0,-0.00021046661762517575,0.0,0.0
21,2,0.0,0.0,0.0,0.0,-0.3265751703811898
21,3,0.0,0.0,0.0,0.0,0.0
21,4,0.0,0.0,0.0,0.0,0.0
22,0,0.0,-1.8204795313155802e-11,0.0,0.0,-0.9772543265344549
22,1,0.0,0.0,-0.00021046661762517575,0.0,0.0
22,2,0.0,0.0,0.0,0.0,-0.3265751703811898
22,3,0.0,0.0,0.0,0.0,0.0
22,4,0.0,0.0,0.0,0.0,0.0
23,0,0.0,-1.8204795313155802e-11,0.0,0.0,-1.030258039829495
23,1,0.0,0.0,-0.00021046661762517575,0.0,0.0
23,2,0.0,0.0,0.0,0.0,-0.3265751703811898
23,3,0.0,0.0,0.0,0.0,0.0
23,4,0.0,0.0,0.0,0.0,0.0
24,0,0.0,-1.8204795313155802e-11,0.0,0.0,-1.0805864190906977
24,1,0.0,0.0,-0.00021046661762517575,0.0,0.0
24,2,0.0,0.0,0.0,0.0,-0.3265751703811898
24,3,0.0,0.0,0.0,0.0,0.0
24,4,0.0,0.0,0.0,0.0,0.0
25,0,0.0,-1.8204795313155802e-11,0.0,0.0,-1.1407484513197519
25,1,0.0,0.0,-0.00021046661762517575,0.0,0.0
25,2,0.0,0.0,0.0,0.0,-0.3265751703811898
25,3,0.0,0.0,0.0,0.0,0.0
25,4,0.0,0.0,0.0,0.0,0.0
26,0,0.0,-1.8204795313155802e-11,0.0,0.0,-1.1907114270029022
26,1,0.0,0.0,-0.00021046661762517575,0.0,0.0
26,2,0.0,0.0,0.0,0.0,-0.3265751703811898
26,3,0.0,0.0,0.0,0.0,0.0
26,4,0.0,0.0,0.0,0.0,0.0
27,0,0.0,-1.8204795313155802e-11,0.0,0.0,-1.2505094193873896
27,1,0.0,0.0,-0.00021046661762517575,0.0,0.0
27,2,0.0,0.0,0.0,0.0,-0.3265751703811898
27,3,0.0,0.0,0.0,0.0,0.0
27,4,0.0,0.0,0.0,0.0,0.0
28,0,0.0,-1.8204795313155802e-11,0.0,0.0,-1.3076097135222051
28,1,0.0,0.0,-0.00021046661762517575,0.0,0.0
28,2,0.0,0.0,0.0,0.0,-0.3265751703811898
28,3,0.0,0.0,0.0,0.0,0.0
28,4,0.0,0.0,0.0,0.0,0.0
29,0,0.0,-1.8204795313155802e-11,0.0,0.0,-1.35702137964286
29,1,0.0,0.0,-0.00021046661762517575,0.0,0.0
29,2,0.0,0.0,0.0,0.0,-0.3265751703811898
29,3,0.0,0.0,0.0,0.0,0.0
29,4,0.0,0.0,0.0,0.0,0.0
30,0,0.0,-1.8204795313155802e-11,0.0,0.0,-1.4162701188646922
30,1,0.0,0.0,-0.00021046661762517575,0.0,0.0
30,2,0.0,0.0,0.0,0.0,-0.3265751703811898
30,3,0.0,0.0,0.0,0.0,0.0
30,4,0.0,0.0,0.0,0.0,0.0
31,0,0.0,-1.8204795313155802e-11,0.0,0.0,-1.4703232080408273
31,1,0.0,0.0,-0.00021046661762517575,0.0,0.0
31,2,0.0,0.0,0.0,0.0,-0.3265751703811898
31,3,0.0,0.0,0.0,0.0,0.0
31,4,0.0,0.0,0.0,0.0,0.0
32,0,0.0,-1.8204795313155802e-11,0.0,0.0,-1.5191980417773303
32,1,0.0,0.0,-0.00021046661762517575,0.0,0.0
32,2,0.0,0.0,0.0,0.0,-0.3265751703811898
32,3,0.0,0.0,0.0,0.0,0.0
32,4,0.0,0.0,0.0,0.0,0.0
33,0,0.0,-1.8204795313155802e-11,0.0,0.0,-1.5654119492852936
33,1,0.0,0.0,-0.00021046661762517575,0.0,0.0
33,2,0.0,0.0,0.0,0.0,-0.3265751703811898
33,3,0.0,0.0,0.0,0.0,0.0
33,4,0.0,0.0,0.0,0.0,0.0
34,0,0.0,-1.8204795313155802e-11,0.0,0.0,-1.611473862110476
34,1,0.0,0.0,-0.00021046661762517575,0.0,0.0
34,2,0.0,0.0,0.0,0.0,-0.3265751703811898
34,3,0.0,0.0,0.0,0.0,0.0
34,4,0.0,0.0,0.0,0.0,0.0
35,0,0.0,-9.20148788915893e-11,0.0,0.0,-1.611473862110476
35,1,0.0,0.0,-0.0003876783586257114,0.0,0.0
35,2,0.0,0.0,0.0,0.0,-0.39423759513367207
35,3,0.0,0.0,0.0,0.0,0.0
35,4,0.0,0.0,0.0,0.0,0.0
36,0,0.0,-9.20148788915893e-11,0.0,0.0,-1.6698843456381993
36,1,0.0,0.0,-0.0003876783586257114,0.0,0.0
36,2,0.0,0.0,0.0,0.0,-0.39423759513367207
36,3,0.0,0.0,0.0,0.0,0.0
36,4,0.0,0.0,0.0,0.0,0.0
37,0,0.0,-9.20148788915893e-11,0.0,0.0,-1.7256023003427616
37,1,0.0,0.0,-0.0003876783586257114,0.0,0.0
37,2,0.0,0.0,0.0,0.0,-0.39423759513367207
37,3,0.0,0.0,0.0,0.0,0.0
37,4,0.0,0.0,0.0,0.0,0.0
38,0,0.0,-9.20148788915893e-11,0.0,0.0,-1.7736367758726919
38,1,0.0,0.0,-0.0003876783586257114,0.0,0.0
38,2,0.0,0.0,0.0,0.0,-0.39423759513367207
38,3,0.0,0.0,0.0,0.0,0.0
38,4,0.0,0.0,0.0,0.0,0.0
39,0,0.0,-9.20148788915893e-11,0.0,0.0,-1.8290134528418447
39,1,0.0,0.0,-0.0003876783586257114,0.0,0.0
39,2,0.0,0.0,0.0,0.0,-0.39423759513367207
39,3,0.0,0.0,0.0,0.0,0.0
39,4,0.0,0.0,0.0,0.0,0.0
40,0,0.0,-9.20148788915893e-11,0.0,0.0,-1.8792079202193657
40,1,0.0,0.0,-0.0003876783586257114,0.0,0.0
40,2,0.0,0.0,0.0,0.0,-0.39423759513367207
40,3,0.0,0.0,0.0,0.0,0.0
40,4,0.0,0.0,0.0,0.0,0.0
41,0,0.0,-9.20148788915893e-11,0.0,0.0,-1.93423752103576
41,1,0.0,0.0,-0.0003876783586257114,0.0,0.0
41,2,0.0,0.0,0.0,0.0,-0.39423759513367207
41,3,0.0,0.0,0.0,0.0,0.0
41,4,0.0,0.0,0.0,0.0,0.0
42,0,0.0,-9.20148788915893e-11,0.0,0.0,-1.979086203006496
42,1,0.0,0.0,-0.0003876783586257114,0.0,0.0
42,2,0.0,0.0,0.0,0.0,-0.39423759513367207
42,3,0.0,0.0,0.0,0.0,0.0
42,4,0.0,0.0,0.0,0.0,0.0
43,0,0.0,-9.20148788915893e-11,0.0,0.0,-2.028787969092686
43,1,0.0,0.0,-0.0003876783586257114,0.0,0.0
43,2,0.0,0.0,0.0,0.0,-0.39423759513367207
43,3,0.0,0.0,0.0,0.0,0.0
43,4,0.0,0.0,0.0,0.0,0.0
44,0,0.0,-9.20148788915893e-11,0.0,0.0,-2.0783266994090037
44,1,0.0,0.0,-0.0003876783586257114,0.0,0.0
44,2,0.0,0.0,0.0,0.0,-0.39423759513367207
44,3,0.0,0.0,0.0,0.0,0.0
44,4,0.0,0.0,0.0,0.0,0.0
45,0,0.0,-9.20148788915893e-11,0.0,0.0,-2.130202999457466
45,1,0.0,0.0,-0.0003876783586257114,0.0,0.0
45,2,0.0,0.0,0.0,0.0,-0.39423759513367207
45,3,0.0,0.0,0.0,0.0,0.0
45,4,0.0,0.0,0.0,0.0,0.0
46,0,0.0,-9.20148788915893e-11,0.0,0.0,-2.176909139801419
46,1,0.0,0.0,-0.0003876783586257114,0.0,0.0
46,2,0.0,0.0,0.0,0.0,-0.39423759513367207
46,3,0.0,0.0,0.0,0.0,0.0
46,4,0.0,0.0,0.0,0.0,0.0
47,0,0.0,-9.20148788915893e-11,0.0,0.0,-2.2284624174489545
47,1,0.0,0.0,-0.0003876783586257114,0.0,0.0
47,2,0.0,0.0,0.0,0.0,-0.39423759513367207
47,3,0.0,0.0,0.0,0.0,0.0
47,4,0.0,0.0,0.0,0.0,0.0
48,0,0.0,-9.20148788915893e-11,0.0,0.0,-2.2823467342793875
48,1,0.0,0.0,-0.0003876783586257114,0.0,0.0
48,2,0.0,0.0,0.0,0.0,-0.39423759513367207
48,3,0.0,0.0,0.0,0.0,0.0
48,4,0.0,0.0,0.0,0.0,0.0
49,0,0.0,-9.20148788915893e-11,0.0,0.0,-2.333554384941362
49,1,0.0,0.0,-0.0003876783586257114,0.0,0.0
49,2,0.0,0.0,0.0,0.0,-0.39423759513367207
49,3,0.0,0.0,0.0,0.0,0.0
49,4,0.0,0.0,0.0,0.0,0.0
50,0,0.0,-9.20148788915893e-11,0.0,0.0,-2.387094357900625
50,1,0.0,0.0,-0.0003876783586257114,0.0,0.0
50,2,0.0,0.0,0.0,0.0,-0.39423759513367207
50,3,0.0,0.0,0.0,0.0,0.0
50,4,0.0,0.0,0.0,0.0,0.0
51,0,0.0,-9.20148788915893e-11,0.0,0.0,-2.432958942707974
51,1,0.0,0.0,-0.0003876783586257114,0.0,0.0
51,2,0.0,0.0,0.0,0.0,-0.39423759513367207
51,3,0.0,0.0,0.0,0.0,0.0
51,4,0.0,0.0,0.0,0.0,0.0
52,0,0.0,-9.20148788915893e-11,0.0,0.0,-2.486173787817167
52,1,0.0,0.0,-0.0003876783586257114,0.0,0.0
52,2,0.0,0.0,0.0,0.0,-0.39423759513367207
52,3,0.0,0.0,0.0,0.0,0.0
52,4,0.0,0.0,0.0,0.0,0.0
53,0,0.0,-9.20148788915893e-11,0.0,0.0,-2.5392144501706384
53,1,0.0,0.0,-0.0003876783586257114,0.0,0.0
53,2,0.0,0.0,0.0,0.0,-0.39423759513367207
53,3,0.0,0.0,0.0,0.0,0.0
53,4,0.0,0.0,0.0,0.0,0.0
54,0,0.0,-9.20148788915893e-11,0.0,0.0,-2.5920815758402815
54,1,0.0,0.0,-0.0003876783586257114,0.0,0.0
54,2,0.0,0.0,0.0,0.0,-0.39423759513367207
54,3,0.0,0.0,0.0,0.0,0.0
54,4,0.0,0.0,0.0,0.0,0.0
55,0,0.0,-3.4242653444733737e-10,0.0,0.0,-2.5920815758402815
55,1,0.0,0.0,-0.0003876783586257114,0.0,-0.04625
55,2,0.0,0.0,0.0,0.0,-0.39423759513367207
55,3,0.0,0.0,0.0,0.0,0.0
55,4,0.0,0.0,0.0,0.0,0.0
56,0,0.0,-3.4242653444733737e-10,0.0,0.0,-2.6447758083326303
56,1,0.0,0.0,-0.0003876783586257114,0.0,-0.04625
56,2,0.0,0.0,0.0,0.0,-0.39423759513367207
56,3,0.0,0.0,0.0,0.0,0.0
56,4,0.0,0.0,0.0,0.0,0.0
57,0,0.0,-3.4242653444733737e-10,0.0,0.0,-2.692297788599485
57,1,0.0,0.0,-0.0003876783586257114,0.0,-0.04625
57,2,0.0,0.0,0.0,0.0,-0.39423759513367207
57,3,0.0,0.0,0.0,0.0,0.0
57,4,0.0,0.0,0.0,0.0,0.0
58,0,0.0,-3.4242653444733737e-10,0.0,0.0,-2.7446648201132207
58,1,0.0,0.0,-0.0003876783586257114,0.0,-0.04625
58,2,0.0,0.0,0.0,0.0,-0.39423759513367207
58,3,0.0,0.0,0.0,0.0,0.0
58,4,0.0,0.0,0.0,0.0,0.0
59,0,0.0,-3.4242653444733737e-10,0.0,0.0,-2.786860811195187
59,1,0.0,0.0,-0.0003876783586257114,0.0,-0.04625
59,2,0.0,0.0,0.0,0.0,-0.39423759513367207
59,3,0.0,0.0,0.0,0.0,0.0
59,4,0.0,0.0,0.0,0.0,0.0
60,0,0.0,-3.565103873732748e-06,0.0,0.0,-2.786860811195187
60,1,0.0,0.0,-0.0003876783586257114,0.0,-0.09234584815135205
60,2,0.0,0.0,0.0,0.0,-0.39423759513367207
60,3,0.0,0.0,0.0,0.0,0.0
60,4,0.0,0.0,0.0,0.0,0.0
61,0,0.0,-3.565103873732748e-06,0.0,0.0,-2.836419725575691
61,1,0.0,0.0,-0.0003876783586257114,0.0,-0.09234584815135205
61,2,0.0,0.0,0.0,0.0,-0.39423759513367207
61,3,0.0,0.0,0.0,0.0,0.0
61,4,0.0,0.0,0.0,0.0,0.0
62,0,0.0,-3.565103873732748e-06,0.0,0.0,-2.8783170717688575
62,1,0.0,0.0,-0.0003876783586257114,0.0,-0.09234584815135205
62,2,0.0,0.0,0.0,0.0,-0.39423759513367207
62,3,0.0,0.0,0.0,0.0,0.0
62,4,0.0,0.0,0.0,0.0,0.0
63,0,0.0,-3.565103873732748e-06,0.0,0.0,-2.925078445211501
63,1,0.0,0.0,-0.0003876783586257114,0.0,-0.09234584815135205
63,2,0.0,0.0,0.0,0.0,-0.39423759513367207
63,3,0.0,0.0,0.0,0.0,0.0
63,4,0.0,0.0,0.0,0.0,0.0
64,0,0.0,-3.565103873732748e-06,0.0,0.0,-2.979187682576628
64,1,0.0,0.0,-0.0003876783586257114,0.0,-0.09234584815135205
64,2,0.0,0.0,0.0,0.0,-0.39423759513367207
64,3,0.0,0.0,0.0,0.0,0.0
64,4,0.0,0.0,0.0,0.0,0.0
65,0,0.0,-3.565103873732748e-06,0.0,0.0,-3.023120348507524
65,1,0.0,0.0,-0.0003876783586257114,0.0,-0.09234584815135205
65,2,0.0,0.0,0.0,0.0,-0.39423759513367207
65,3,0.0,0.0,0.0,0.0,0.0
65,4,0.0,0.0,0.0,0.0,0.0
66,0,0.0,-3.565103873732748e-06,0.0,0.0,-3.071910426878905
66,1,0.0,0.0,-0.0003876783586257114,0.0,-0.09234584815135205
66,2,0.0,0.0,0.0,0.0,-0.39423759513367207
66,3,0.0,0.0,0.0,0.0,0.0
66,4,0.0,0.0,0.0,0.0,0.0
67,0,0.0,-3.565103873732748e-06,0.0,0.0,-3.123041778802643
67,1,0.0,0.0,-0.0003876783586257114,0.0,-0.09234584815135205
67,2,0.0,0.0,0.0,0.0,-0.39423759513367207
67,3,0.0,0.0,0.0,0.0,0.0
67,4,0.0,0.0,0.0,0.0,0.0
68,0,0.0,-3.565103873732748e-06,0.0,0.0,-3.176506658328807
68,1,0.0,0.0,-0.0003876783586257114,0.0,-0.09234584815135205
68,2,0.0,0.0,0.0,0.0,-0.39423759513367207
68,3,0.0,0.0,0.0,0.0,0.0
68,4,0.0,0.0,0.0,0.0,0.0
69,0,0.0,-3.565103873732748e-06,0.0,0.0,-3.2197973484279974
69,1,0.0,0.0,-0.0003876783586257114,0.0,-0.09234584815135205
69,2,0.0,0.0,0.0,0.0,-0.39423759513367207
69,3,0.0,0.0,0.0,0.0,0.0
69,4,0.0,0.0,0.0,0.0,0.0
70,0,0.0,-3.565103873732748e-06,0.0,0.0,-3.2604478235378
70,1,0.0,0.0,-0.0003876783586257114,0.0,-0.09234584815135205
70,2,0.0,0.0,0.0,0.0,-0.39423759513367207
70,3,0.0,0.0,0.0,0.0,0.0
70,4,0.0,0.0,0.0,0.0,0.0
71,0,0.0,-3.565103873732748e-06,0.0,0.0,-3.3009669329690814
71,1,0.0,0.0,-0.0003876783586257114,0.0,-0.09234584815135205
71,2,0.0,0.0,0.0,0.0,-0.39423759513367207
71,3,0.0,0.0,0.0,0.0,0.0
71,4,0.0,0.0,0.0,0.0,0.0
72,0,0.0,-3.565103873732748e-06,0.0,0.0,-3.3413551602130926
72,1,0.0,0.0,-0.0003876783586257114,0.0,-0.09234584815135205
72,2,0.0,0.0,0.0,0.0,-0.39423759513367207
72,3,0.0,0.0,0.0,0.0,0.0
72,4,0.0,0.0,0.0,0.0,0.0
73,0,0.0,-3.565103873732748e-06,0.0,0.0,-3.394112986851223
73,1,0.0,0.0,-0.0003876783586257114,0.0,-0.09234584815135205
73,2,0.0,0.0,0.0,0.0,-0.39423759513367207
73,3,0.0,0.0,0.0,0.0,0.0
73,4,0.0,0.0,0.0,0.0,0.0
74,0,0.0,-3.565103873732748e-06,0.0,0.0,-3.4366992299010954
74,1,0.0,0.0,-0.0003876783586257114,0.0,-0.09234584815135205
74,2,0.0,0.0,0.0,0.0,-0.39423759513367207
74,3,0.0,0.0,0.0,0.0,0.0
74,4,0.0,0.0,0.0,0.0,0.0
75,0,0.0,-3.565103873732748e-06,0.0,0.0,-3.4791478534974076
75,1,0.0,0.0,-0.0003876783586257114,0.0,-0.09234584815135205
75,2,0.0,0.0,0.0,0.0,-0.39423759513367207
75,3,0.0,0.0,0.0,0.0,0.0
75,4,0.0,0.0,0.0,0.0,0.0
76,0,0.0,-3.565103873732748e-06,0.0,0.0,-3.521459364158349
76,1,0.0,0.0,-0.0003876783586257114,0.0,-0.09234584815135205
76,2,0.0,0.0,0.0,0.0,-0.39423759513367207
76,3,0.0,0.0,0.0,0.0,0.0
76,4,0.0,0.0,0.0,0.0,0.0
77,0,0.0,-3.565103873732748e-06,0.0,0.0,-3.5636342664012357
77,1,0.0,0.0,-0.0003876783586257114,0.0,-0.09234584815135205
77,2,0.0,0.0,0.0,0.0,-0.39423759513367207
77,3,0.0,0.0,0.0,0.0,0.0
77,4,0.0,0.0,0.0,0.0,0.0
78,0,0.0,-3.565103873732748e-06,0.0,0.0,-3.6131730627507754
78,1,0.0,0.0,-0.0003876783586257114,0.0,-0.09234584815135205
78,2,0.0,0.0,0.0,0.0,-0.39423759513367207
78,3,0.0,0.0,0.0,0.0,0.0
78,4,0.0,0.0,0.0,0.0,0.0
79,0,0.0,-3.565103873732748e-06,0.0,0.0,-3.6625512561502127
79,1,0.0,0.0,-0.0003876783586257114,0.0,-0.09234584815135205
79,2,0.0,0.0,0.0,0.0,-0.39423759513367207
79,3,0.0,0.0,0.0,0.0,0.0
79,4,0.0,0.0,0.0,0.0,0.0
80,0,0.0,-3.565103873732748e-06,0.0,0.0,-3.714269438895659
80,1,0.0,0.0,-0.0003876783586257114,0.0,-0.09234584815135205
80,2,0.0,0.0,0.0,0.0,-0.39423759513367207
80,3,0.0,0.0,0.0,0.0,0.0
80,4,0.0,0.0,0.0,0.0,0.0
81,0,0.0,-3.565103873732748e-06,0.0,0.0,-3.755819868407954
81,1,0.0,0.0,-0.0003876783586257114,0.0,-0.09234584815135205
81,2,0.0,0.0,0.0,0.0,-0.39423759513367207
81,3,0.0,0.0,0.0,0.0,0.0
81,4,0.0,0.0,0.0,0.0,0.0
82,0,0.0,-3.565103873732748e-06,0.0,0.0,-3.8022364936804967
82,1,0.0,0.0,-0.0003876783586257114,0.0,-0.09234584815135205
82,2,0.0,0.0,0.0,0.0,-0.39423759513367207
82,3,0.0,0.0,0.0,0.0,0.0
82,4,0.0,0.0,0.0,0.0,0.0
83,0,0.0,-3.565103873732748e-06,0.0,0.0,-3.8535031410880114
83,1,0.0,0.0,-0.0003876783586257114,0.0,-0.09234584815135205
83,2,0.0,0.0,0.0,0.0,-0.39423759513367207
83,3,0.0,0.0,0.0,0.0,0.0
83,4,0.0,0.0,0.0,0.0,0.0
84,0,0.0,-3.565103873732748e-06,0.0,0.0,-3.892103697554629
84,1,0.0,0.0,-0.0003876783586257114,0.0,-0.09234584815135205
84,2,0.0,0.0,0.0,0.0,-0.39423759513367207
84,3,0.0,0.0,0.0,0.0,0.0
84,4,0.0,0.0,0.0,0.0,0.0
85,0,0.0,-1.7769639779379897e-05,0.0,0.0,-3.892103697554629
85,1,0.0,0.0,-0.0003876783586257114,0.0,-0.155788122467921
85,2,0.0,0.0,0.0,0.0,-0.39423759513367207
85,3,0.0,0.0,0.0,0.0,0.0
85,4,0.0,0.0,0.0,0.0,0.0
86,0,0.0,-1.7769639779379897e-05,0.0,0.0,-3.943080438038471
86,1,0.0,0.0,-0.0003876783586257114,0.0,-0.155788122467921
86,2,0.0,0.0,0.0,0.0,-0.39423759513367207
86,3,0.0,0.0,0.0,0.0,0.0
86,4,0.0,0.0,0.0,0.0,0.0
87,0,0.0,-1.7769639779379897e-05,0.0,0.0,-3.9938921535326806
87,1,0.0,0.0,-0.0003876783586257114,0.0,-0.155788122467921
87,2,0.0,0.0,0.0,0.0,-0.39423759513367207
87,3,0.0,0.0,0.0,0.0,0.0
87,4,0.0,0.0,0.0,0.0,0.0
88,0,0.0,-1.7769639779379897e-05,0.0,0.0,-4.042039452125547
88,1,0.0,0.0,-0.0003876783586257114,0.0,-0.155788122467921
88,2,0.0,0.0,0.0,0.0,-0.39423759513367207
88,3,0.0,0.0,0.0,0.0,0.0
88,4,0.0,0.0,0.0,0.0,0.0
89,0,0.0,-1.7769639779379897e-05,0.0,0.0,-4.082531272033663
89,1,0.0,0.0,-0.0003876783586257114,0.0,-0.155788122467921
89,2,0.0,0.0,0.0,0.0,-0.39423759513367207
89,3,0.0,0.0,0.0,0.0,0.0
89,4,0.0,0.0,0.0,0.0,0.0
90,0,0.0,-1.7769639779379897e-05,0.0,0.0,-4.132893182900231
90,1,0.0,0.0,-0.0003876783586257114,0.0,-0.155788122467921
90,2,0.0,0.0,0.0,0.0,-0.39423759513367207
90,3,0.0,0.0,0.0,0.0,0.0
90,4,0.0,0.0,0.0,0.0,0.0
91,0,0.0,-1.7769639779379897e-05,0.0,0.0,-4.180592330650688
91,1,0.0,0.0,-0.0003876783586257114,0.0,-0.155788122467921
91,2,0.0,0.0,0.0,0.0,-0.39423759513367207
91,3,0.0,0.0,0.0,0.0,0.0
91,4,0.0,0.0,0.0,0.0,0.0
92,0,0.0,-1.7769639779379897e-05,0.0,0.0,-4.230637646973178
92,1,0.0,0.0,-0.0003876783586257114,0.0,-0.155788122467921
92,2,0.0,0.0,0.0,0.0,-0.39423759513367207
92,3,0.0,0.0,0.0,0.0,0.0
92,4,0.0,0.0,0.0,0.0,0.0
93,0,0.0,-1.7769639779379897e-05,0.0,0.0,-4.275521364879958
93,1,0.0,0.0,-0.0003876783586257114,0.0,-0.155788122467921
93,2,0.0,0.0,0.0,0.0,-0.39423759513367207
93,3,0.0,0.0,0.0,0.0,0.0
93,4,0.0,0.0,0.0,0.0,0.0
94,0,0.0,-1.7769639779379897e-05,0.0,0.0,-4.312760743991918
94,1,0.0,0.0,-0.0003876783586257114,0.0,-0.155788122467921
94,2,0.0,0.0,0.0,0.0,-0.39423759513367207
94,3,0.0,0.0,0.0,0.0,0.0
94,4,0.0,0.0,0.0,0.0,0.0
95,0,0.0,-1.7769639779379897e-05,0.0,0.0,-4.3523813116261385
95,1,0.0,0.0,-0.0003876783586257114,0.0,-0.155788122467921
95,2,0.0,0.0,0.0,0.0,-0.39423759513367207
95,3,0.0,0.0,0.0,0.0,0.0
95,4,0.0,0.0,0.0,0.0,0.0
96,0,0.0,-1.7769639779379897e-05,0.0,0.0,-4.3993751691497165
96,1,0.0,0.0,-0.0003876783586257114,0.0,-0.155788122467921
96,2,0.0,0.0,0.0,0.0,-0.39423759513367207
96,3,0.0,0.0,0.0,0.0,0.0
96,4,0.0,0.0,0.0,0.0,0.0
97,0,0.0,-1.7769639779379897e-05,0.0,0.0,-4.446217782403942
97,1,0.0,0.0,-0.0003876783586257114,0.0,-0.155788122467921
97,2,0.0,0.0,0.0,0.0,-0.39423759513367207
97,3,0.0,0.0,0.0,0.0,0.0
97,4,0.0,0.0,0.0,0.0,0.0
98,0,0.0,-1.7769639779379897e-05,0.0,0.0,-4.492909706736148
98,1,0.0,0.0,-0.0003876783586257114,0.0,-0.155788122467921
98,2,0.0,0.0,0.0,0.0,-0.39423759513367207
98,3,0.0,0.0,0.0,0.0,0.0
98,4,0.0,0.0,0.0,0.0,0.0
99,0,0.0,-1.7769639779379897e-05,0.0,0.0,-4.539451495303262
99,1,0.0,0.0,-0.0003876783586257114,0.0,-0.155788122467921
99,2,0.0,0.0,0.0,0.0,-0.39423759513367207
99,3,0.0,0.0,0.0,0.0,0.0
99,4,0.0,0.0,0.0,0.0,0.0
100,0,0.0,-1.7769639779379897e-05,0.0,0.0,-4.578343699080858
100,1,0.0,0.0,-0.0003876783586257114,0.0,-0.155788122467921
100,2,0.0,0.0,0.0,0.0,-0.39423759513367207
100,3,0.0,0.0,0.0,0.0,0.0
100,4,0.0,0.0,0.0,0.0,0.0
101,0,0.0,-1.7769639779379897e-05,0.0,0.0,-4.6146118644692224
101,1,0.0,0.0,-0.0003876783586257114,0.0,-0.155788122467921
101,2,0.0,0.0,0.0,0.0,-0.39423759513367207
101,3,0.0,0.0,0.0,0.0,0.0
101,4,0.0,0.0,0.0,0.0,0.0
102,0,0.0,-1.7769639779379897e-05,0.0,0.0,-4.655764776908536
102,1,0.0,0.0,-0.0003876783586257114,0.0,-0.155788122467921
102,2,0.0,0.0,0.0,0.0,-0.39423759513367207
102,3,0.0,0.0,0.0,0.0,0.0
102,4,0.0,0.0,0.0,0.0,0.0
103,0,0.0,-1.7769639779379897e-05,0.0,0.0,-4.704286191218309
103,1,0.0,0.0,-0.0003876783586257114,0.0,-0.155788122467921
103,2,0.0,0.0,0.0,0.0,-0.39423759513367207
103,3,0.0,0.0,0.0,0.0,0.0
103,4,0.0,0.0,0.0,0.0,0.0
104,0,0.0,-1.7769639779379897e-05,0.0,0.0,-4.745151590526353
104,1,0.0,0.0,-0.0003876783586257114,0.0,-0.155788122467921
104,2,0.0,0.0,0.0,0.0,-0.39423759513367207
104,3,0.0,0.0,0.0,0.0,0.0
104,4,0.0,0.0,0.0,0.0,0.0
105,0,0.0,-1.7769639779379897e-05,0.0,0.0,-4.7933865449961335
105,1,0.0,0.0,-0.0003876783586257114,0.0,-0.155788122467921
105,2,0.0,0.0,0.0,0.0,-0.39423759513367207
105,3,0.0,0.0,0.0,0.0,0.0
105,4,0.0,0.0,0.0,0.0,0.0
106,0,0.0,-1.7769639779379897e-05,0.0,0.0,-4.831466533607413
106,1,0.0,0.0,-0.0003876783586257114,0.0,-0.155788122467921
106,2,0.0,0.0,0.0,0.0,-0.39423759513367207
106,3,0.0,0.0,0.0,0.0,0.0
106,4,0.0,0.0,0.0,0.0,0.0
107,0,0.0,-1.7769639779379897e-05,0.0,0.0,-4.876925454925066
107,1,0.0,0.0,-0.0003876783586257114,0.0,-0.155788122467921
107,2,0.0,0.0,0.0,0.0,-0.39423759513367207
107,3,0.0,0.0,0.0,0.0,0.0
107,4,0.0,0.0,0.0,0.0,0.0
108,0,0.0,-1.7769639779379897e-05,0.0,0.0,-4.91473875257092
108,1,0.0,0.0,-0.0003876783586257114,0.0,-0.155788122467921
108,2,0.0,0.0,0.0,0.0,-0.39423759513367207
108,3,0.0,0.0,0.0,0.0,0.0
108,4,0.0,0.0,0.0,0.0,0.0
109,0,0.0,-5.817650403769014e-05,0.0,0.0,-4.91473875257092
109,1,0.0,0.0,-0.0003876783586257114,0.0,-0.21151907092529712
109,2,0.0,0.0,0.0,0.0,-0.39423759513367207
109,3,0.0,0.0,0.0,0.0,0.0
109,4,0.0,0.0,0.0,0.0,0.0
110,0,0.0,-5.817650403769014e-05,0.0,0.0,-4.95743195736147
110,1,0.0,0.0,-0.0003876783586257114,0.0,-0.21151907092529712
110,2,0.0,0.0,0.0,0.0,-0.39423759513367207
110,3,0.0,0.0,0.0,0.0,0.0
110,4,0.0,0.0,0.0,0.0,0.0
111,0,0.0,-5.817650403769014e-05,0.0,0.0,-5.004988841620188
111,1,0.0,0.0,-0.0003876783586257114,0.0,-0.21151907092529712
111,2,0.0,0.0,0.0,0.0,-0.39423759513367207
111,3,0.0,0.0,0.0,0.0,0.0
111,4,0.0,0.0,0.0,0.0,0.0
112,0,0.0,-5.817650403769014e-05,0.0,0.0,-5.052393238442826
112,1,0.0,0.0,-0.0003876783586257114,0.0,-0.21151907092529712
112,2,0.0,0.0,0.0,0.0,-0.39423759513367207
112,3,0.0,0.0,0.0,0.0,0.0
112,4,0.0,0.0,0.0,0.0,0.0
113,0,0.0,-5.817650403769014e-05,0.0,0.0,-5.08714570651925
113,1,0.0,0.0,-0.0003876783586257114,0.0,-0.21151907092529712
113,2,0.0,0.0,0.0,0.0,-0.39423759513367207
113,3,0.0,0.0,0.0,0.0,0.0
113,4,0.0,0.0,0.0,0.0,0.0
114,0,0.0,-5.817650403769014e-05,0.0,0.0,-5.12178846500069
114,1,0.0,0.0,-0.0003876783586257114,0.0,-0.21151907092529712
114,2,0.0,0.0,0.0,0.0,-0.39423759513367207
114,3,0.0,0.0,0.0,0.0,0.0
114,4,0.0,0.0,0.0,0.0,0.0
115,0,0.0,-5.817650403769014e-05,0.0,0.0,-5.156321911965234
115,1,0.0,0.0,-0.0003876783586257114,0.0,-0.21151907092529712
115,2,0.0,0.0,0.0,0.0,-0.39423759513367207
115,3,0.0,0.0,0.0,0.0,0.0
115,4,0.0,0.0,0.0,0.0,0.0
116,0,0.0,-5.817650403769014e-05,0.0,0.0,-5.190746443933431
116,1,0.0,0.0,-0.0003876783586257114,0.0,-0.21151907092529712
116,2,0.0,0.0,0.0,0.0,-0.39423759513367207
116,3,0.0,0.0,0.0,0.0,0.0
116,4,0.0,0.0,0.0,0.0,0.0
117,0,0.0,-5.817650403769014e-05,0.0,0.0,-5.237562455874673
117,1,0.0,0.0,-0.0003876783586257114,0.0,-0.21151907092529712
117,2,0.0,0.0,0.0,0.0,-0.39423759513367207
117,3,0.0,0.0,0.0,0.0,0.0
117,4,0.0,0.0,0.0,0.0,0.0
118,0,0.0,-5.817650403769014e-05,0.0,0.0,-5.271728678551751
118,1,0.0,0.0,-0.0003876783586257114,0.0,-0.21151907092529712
118,2,0.0,0.0,0.0,0.0,-0.39423759513367207
118,3,0.0,0.0,0.0,0.0,0.0
118,4,0.0,0.0,0.0,0.0,0.0
119,0,0.0,-5.817650403769014e-05,0.0,0.0,-5.310787322732559
119,1,0.0,0.0,-0.0003876783586257114,0.0,-0.21151907092529712
119,2,0.0,0.0,0.0,0.0,-0.39423759513367207
119,3,0.0,0.0,0.0,0.0,0.0
119,4,0.0,0.0,0.0,0.0,0.0
120,0,0.0,-5.817650403769014e-05,0.0,0.0,-5.352222113081553
120,1,0.0,0.0,-0.0003876783586257114,0.0,-0.21151907092529712
120,2,0.0,0.0,0.0,0.0,-0.39423759513367207
120,3,0.0,0.0,0.0,0.0,0.0
120,4,0.0,0.0,0.0,0.0,0.0
121,0,0.0,-5.817650403769014e-05,0.0,0.0,-5.393525167760261
121,1,0.0,0.0,-0.0003876783586257114,0.0,-0.21151907092529712
121,2,0.0,0.0,0.0,0.0,-0.39423759513367207
121,3,0.0,0.0,0.0,0.0,0.0
121,4,0.0,0.0,0.0,0.0,0.0
122,0,0.0,-0.0001326093655086575,0.0,0.0,-5.393525167760261
122,1,0.0,0.0,-0.0003876783586257114,0.0,-0.2695644832284847
122,2,0.0,0.0,0.0,0.0,-0.39423759513367207
122,3,0.0,0.0,0.0,0.0,0.0
122,4,0.0,0.0,0.0,0.0,0.0
123,0,0.0,-0.0001326093655086575,0.0,0.0,-5.427196966939614
123,1,0.0,0.0,-0.0003876783586257114,0.0,-0.2695644832284847
123,2,0.0,0.0,0.0,0.0,-0.39423759513367207
123,3,0.0,0.0,0.0,0.0,0.0
123,4,0.0,0.0,0.0,0.0,0.0
124,0,0.0,-0.0001326093655086575,0.0,0.0,-5.465762986502967
124,1,0.0,0.0,-0.0003876783586257114,0.0,-0.2695644832284847
124,2,0.0,0.0,0.0,0.0,-0.39423759513367207
124,3,0.0,0.0,0.0,0.0,0.0
124,4,0.0,0.0,0.0,0.0,0.0
125,0,0.0,-0.0001326093655086575,0.0,0.0,-5.501706944062999
125,1,0.0,0.0,-0.0003876783586257114,0.0,-0.2695644832284847
125,2,0.0,0.0,0.0,0.0,-0.39423759513367207
125,3,0.0,0.0,0.0,0.0,0.0
125,4,0.0,0.0,0.0,0.0,0.0
126,0,0.0,-0.0001326093655086575,0.0,0.0,-5.542537615823141
126,1,0.0,0.0,-0.0003876783586257114,0.0,-0.2695644832284847
126,2,0.0,0.0,0.0,0.0,-0.39423759513367207
126,3,0.0,0.0,0.0,0.0,0.0
126,4,0.0,0.0,0.0,0.0,0.0
127,0,0.0,-0.0001326093655086575,0.0,0.0,-5.578238747407634
127,1,0.0,0.0,-0.0003876783586257114,0.0,-0.2695644832284847
127,2,0.0,0.0,0.0,0.0,-0.39423759513367207
127,3,0.0,0.0,0.0,0.0,0.0
127,4,0.0,0.0,0.0,0.0,0.0
128,0,0.0,-0.0001326093655086575,0.0,0.0,-5.62132747545214
128,1,0.0,0.0,-0.0003876783586257114,0.0,-0.2695644832284847
128,2,0.0,0.0,0.0,0.0,-0.39423759513367207
128,3,0.0,0.0,0.0,0.0,0.0
128,4,0.0,0.0,0.0,0.0,0.0
129,0,0.0,-0.0001326093655086575,0.0,0.0,-5.654279209593169
129,1,0.0,0.0,-0.0003876783586257114,0.0,-0.2695644832284847
129,2,0.0,0.0,0.0,0.0,-0.39423759513367207
129,3,0.0,0.0,0.0,0.0,0.0
129,4,0.0,0.0,0.0,0.0,0.0
130,0,0.0,-0.0001326093655086575,0.0,0.0,-5.694627779333909
130,1,0.0,0.0,-0.0003876783586257114,0.0,-0.2695644832284847
130,2,0.0,0.0,0.0,0.0,-0.39423759513367207
130,3,0.0,0.0,0.0,0.0,0.0
130,4,0.0,0.0,0.0,0.0,0.0
131,0,0.0,-0.0001326093655086575,0.0,0.0,-5.729848559514858
131,1,0.0,0.0,-0.0003876783586257114,0.0,-0.2695644832284847
131,2,0.0,0.0,0.0,0.0,-0.39423759513367207
131,3,0.0,0.0,0.0,0.0,0.0
131,4,0.0,0.0,0.0,0.0,0.0
132,0,0.0,-0.0001326093655086575,0.0,0.0,-5.764958679917999
132,1,0.0,0.0,-0.0003876783586257114,0.0,-0.2695644832284847
132,2,0.0,0.0,0.0,0.0,-0.39423759513367207
132,3,0.0,0.0,0.0,0.0,0.0
132,4,0.0,0.0,0.0,0.0,0.0
133,0,0.0,-0.0001326093655086575,0.0,0.0,-5.802458540951389
133,1,0.0,0.0,-0.0003876783586257114,0.0,-0.2695644832284847
133,2,0.0,0.0,0.0,0.0,-0.39423759513367207
133,3,0.0,0.0,0.0,0.0,0.0
133,4,0.0,0.0,0.0,0.0,0.0
134,0,0.0,-0.0001326093655086575,0.0,0.0,-5.834840208926886
134,1,0.0,0.0,-0.0003876783586257114,0.0,-0.2695644832284847
134,2,0.0,0.0,0.0,0.0,-0.39423759513367207
134,3,0.0,0.0,0.0,0.0,0.0
134,4,0.0,0.0,0.0,0.0,0.0
135,0,0.0,-0.0001326093655086575,0.0,0.0,-5.879620777439992
135,1,0.0,0.0,-0.0003876783586257114,0.0,-0.2695644832284847
135,2,0.0,0.0,0.0,0.0,-0.39423759513367207
135,3,0.0,0.0,0.0,0.0,0.0
135,4,0.0,0.0,0.0,0.0,0.0
136,0,0.0,-0.0001326093655086575,0.0,0.0,-5.921758948195709
136,1,0.0,0.0,-0.0003876783586257114,0.0,-0.2695644832284847
136,2,0.0,0.0,0.0,0.0,-0.39423759513367207
136,3,0.0,0.0,0.0,0.0,0.0
136,4,0.0,0.0,0.0,0.0,0.0
137,0,0.0,-0.0001326093655086575,0.0,0.0,-5.95876357289393
137,1,0.0,0.0,-0.0003876783586257114,0.0,-0.2695644832284847
137,2,0.0,0.0,0.0,0.0,-0.39423759513367207
137,3,0.0,0.0,0.0,0.0,0.0
137,4,0.0,0.0,0.0,0.0,0.0
138,0,0.0,-0.0001326093655086575,0.0,0.0,-5.9931518024847135
138,1,0.0,0.0,-0.0003876783586257114,0.0,-0.2695644832284847
138,2,0.0,0.0,0.0,0.0,-0.39423759513367207
138,3,0.0,0.0,0.0,0.0,0.0
138,4,0.0,0.0,0.0,0.0,0.0
139,0,0.0,-0.0001326093655086575,0.0,0.0,-6.034932390992893
139,1,0.0,0.0,-0.0003876783586257114,0.0,-0.2695644832284847
139,2,0.0,0.0,0.0,0.0,-0.39423759513367207
139,3,0.0,0.0,0.0,0.0,0.0
139,4,0.0,0.0,0.0,0.0,0.0
140,0,0.0,-0.0001326093655086575,0.0,0.0,-6.079080729422739
140,1,0.0,0.0,-0.0003876783586257114,0.0,-0.2695644832284847
140,2,0.0,0.0,0.0,0.0,-0.39423759513367207
140,3,0.0,0.0,0.0,0.0,0.0
140,4,0.0,0.0,0.0,0.0,0.0
141,0,0.0,-0.0001326093655086575,0.0,0.0,-6.11308896605981
141,1,0.0,0.0,-0.0003876783586257114,0.0,-0.2695644832284847
141,2,0.0,0.0,0.0,0.0,-0.39423759513367207
141,3,0.0,0.0,0.0,0.0,0.0
141,4,0.0,0.0,0.0,0.0,0.0
142,0,0.0,-0.0001326093655086575,0.0,0.0,-6.15199094121134
142,1,0.0,0.0,-0.0003876783586257114,0.0,-0.2695644832284847
142,2,0.0,0.0,0.0,0.0,-0.39423759513367207
142,3,0.0,0.0,0.0,0.0,0.0
142,4,0.0,0.0,0.0,0.0,0.0
143,0,0.0,-0.0001326093655086575,0.0,0.0,-6.193270373013126
143,1,0.0,0.0,-0.0003876783586257114,0.0,-0.2695644832284847
143,2,0.0,0.0,0.0,0.0,-0.39423759513367207
143,3,0.0,0.0,0.0,0.0,0.0
143,4,0.0,0.0,0.0,0.0,0.0
144,0,0.0,-0.0001326093655086575,0.0,0.0,-6.234419373128041
144,1,0.0,0.0,-0.0003876783586257114,0.0,-0.2695644832284847
144,2,0.0,0.0,0.0,0.0,-0.39423759513367207
144,3,0.0,0.0,0.0,0.0,0.0
144,4,0.0,0.0,0.0,0.0,0.0
145,0,0.0,-0.0001326093655086575,0.0,0.0,-6.265438415258242
145,1,0.0,0.0,-0.0003876783586257114,0.0,-0.2695644832284847
145,2,0.0,0.0,0.0,0.0,-0.39423759513367207
145,3,0.0,0.0,0.0,0.0,0.0
145,4,0.0,0.0,0.0,0.0,0.0
146,0,0.0,-0.0001326093655086575,0.0,0.0,-6.296361301380411
146,1,0.0,0.0,-0.0003876783586257114,0.0,-0.2695644832284847
146,2,0.0,0.0,0.0,0.0,-0.39423759513367207
146,3,0.0,0.0,0.0,0.0,0.0
146,4,0.0,0.0,0.0,0.0,0.0
147,0,0.0,-0.0001326093655086575,0.0,0.0,-6.339688376518523
147,1,0.0,0.0,-0.0003876783586257114,0.0,-0.2695644832284847
147,2,0.0,0.0,0.0,0.0,-0.39423759513367207
147,3,0.0,0.0,0.0,0.0,0.0
147,4,0.0,0.0,0.0,0.0,0.0
148,0,0.0,-0.0001326093655086575,0.0,0.0,-6.375378321694881
148,1,0.0,0.0,-0.0003876783586257114,0.0,-0.2695644832284847
148,2,0.0,0.0,0.0,0.0,-0.39423759513367207
148,3,0.0,0.0,0.0,0.0,0.0
148,4,0.0,0.0,0.0,0.0,0.0
149,0,0.0,-0.0001326093655086575,0.0,0.0,-6.405956633076209
149,1,0.0,0.0,-0.0003876783586257114,0.0,-0.2695644832284847
149,2,0.0,0.0,0.0,0.0,-0.39423759513367207
149,3,0.0,0.0,0.0,0.0,0.0
149,4,0.0,0.0,0.0,0.0,0.0
150,0,0.0,-0.0001326093655086575,0.0,0.0,-6.441440378611128
150,1,0.0,0.0,-0.0003876783586257114,0.0,-0.2695644832284847
150,2,0.0,0.0,0.0,0.0,-0.39423759513367207
150,3,0.0,0.0,0.0,0.0,0.0
150,4,0.0,0.0,0.0,0.0,0.0
151,0,0.0,-0.0001326093655086575,0.0,0.0,-6.474313232059967
151,1,0.0,0.0,-0.0003876783586257114,0.0,-0.2695644832284847
151,2,0.0,0.0,0.0,0.0,-0.39423759513367207
151,3,0.0,0.0,0.0,0.0,0.0
151,4,0.0,0.0,0.0,0.0,0.0
152,0,0.0,-0.0001326093655086575,0.0,0.0,-6.5170839259535995
152,1,0.0,0.0,-0.0003876783586257114,0.0,-0.2695644832284847
152,2,0.0,0.0,0.0,0.0,-0.39423759513367207
152,3,0.0,0.0,0.0,0.0,0.0
152,4,0.0,0.0,0.0,0.0,0.0
153,0,0.0,-0.0001326093655086575,0.0,0.0,-6.552219497358023
153,1,0.0,0.0,-0.0003876783586257114,0.0,-0.2695644832284847
153,2,0.0,0.0,0.0,0.0,-0.39423759513367207
153,3,0.0,0.0,0.0,0.0,0.0
153,4,0.0,0.0,0.0,0.0,0.0
154,0,0.0,-0.0001326093655086575,0.0,0.0,-6.582245434613985
154,1,0.0,0.0,-0.0003876783586257114,0.0,-0.2695644832284847
154,2,0.0,0.0,0.0,0.0,-0.39423759513367207
154,3,0.0,0.0,0.0,0.0,0.0
154,4,0.0,0.0,0.0,0.0,0.0
155,0,0.0,-0.0001326093655086575,0.0,0.0,-6.624678797876137
155,1,0.0,0.0,-0.0003876783586257114,0.0,-0.2695644832284847
155,2,0.0,0.0,0.0,0.0,-0.39423759513367207
155,3,0.0,0.0,0.0,0.0,0.0
155,4,0.0,0.0,0.0,0.0,0.0
156,0,0.0,-0.0001326093655086575,0.0,0.0,-6.664478255545636
156,1,0.0,0.0,-0.0003876783586257114,0.0,-0.2695644832284847
156,2,0.0,0.0,0.0,0.0,-0.39423759513367207
156,3,0.0,0.0,0.0,0.0,0.0
156,4,0.0,0.0,0.0,0.0,0.0
157,0,0.0,-0.0001326093655086575,0.0,0.0,-6.701652626154992
157,1,0.0,0.0,-0.0003876783586257114,0.0,-0.2695644832284847
157,2,0.0,0.0,0.0,0.0,-0.39423759513367207
157,3,0.0,0.0,0.0,0.0,0.0
157,4,0.0,0.0,0.0,0.0,0.0
158,0,0.0,-0.0001326093655086575,0.0,0.0,-6.738710695090369
158,1,0.0,0.0,-0.0003876783586257114,0.0,-0.2695644832284847
158,2,0.0,0.0,0.0,0.0,-0.39423759513367207
158,3,0.0,0.0,0.0,0.0,0.0
158,4,0.0,0.0,0.0,0.0,0.0
159,0,0.0,-0.0001326093655086575,0.0,0.0,-6.770652882191987
159,1,0.0,0.0,-0.0003876783586257114,0.0,-0.2695644832284847
159,2,0.0,0.0,0.0,0.0,-0.39423759513367207
159,3,0.0,0.0,0.0,0.0,0.0
159,4,0.0,0.0,0.0,0.0,0.0
160,0,0.0,-0.0001326093655086575,0.0,0.0,-6.804996270727422
160,1,0.0,0.0,-0.0003876783586257114,0.0,-0.2695644832284847
160,2,0.0,0.0,0.0,0.0,-0.39423759513367207
160,3,0.0,0.0,0.0,0.0,0.0
160,4,0.0,0.0,0.0,0.0,0.0
161,0,0.0,-0.0001326093655086575,0.0,0.0,-6.836732882248502
161,1,0.0,0.0,-0.0003876783586257114,0.0,-0.2695644832284847
161,2,0.0,0.0,0.0,0.0,-0.39423759513367207
161,3,0.0,0.0,0.0,0.0,0.0
161,4,0.0,0.0,0.0,0.0,0.0
162,0,0.0,-0.0001326093655086575,0.0,0.0,-6.878371433241689
162,1,0.0,0.0,-0.0003876783586257114,0.0,-0.2695644832284847
162,2,0.0,0.0,0.0,0.0,-0.39423759513367207
162,3,0.0,0.0,0.0,0.0,0.0
162,4,0.0,0.0,0.0,0.0,0.0
163,0,0.0,-0.0001326093655086575,0.0,0.0,-6.9073789447942175
163,1,0.0,0.0,-0.0003876783586257114,0.0,-0.2695644832284847
163,2,0.0,0.0,0.0,0.0,-0.39423759513367207
163,3,0.0,0.0,0.0,0.0,0.0
163,4,0.0,0.0,0.0,0.0,0.0
164,0,0.0,-0.0001326093655086575,0.0,0.0,-6.943797554398146
164,1,0.0,0.0,-0.0003876783586257114,0.0,-0.2695644832284847
164,2,0.0,0.0,0.0,0.0,-0.39423759513367207
164,3,0.0,0.0,0.0,0.0,0.0
164,4,0.0,0.0,0.0,0.0,0.0
165,0,0.0,-0.0001326093655086575,0.0,0.0,-6.977602581210031
165,1,0.0,0.0,-0.0003876783586257114,0.0,-0.2695644832284847
165,2,0.0,0.0,0.0,0.0,-0.39423759513367207
165,3,0.0,0.0,0.0,0.0,0.0
165,4,0.0,0.0,0.0,0.0,0.0
166,0,0.0,-0.0001326093655086575,0.0,0.0,-7.008802767023589
166,1,0.0,0.0,-0.0003876783586257114,0.0,-0.2695644832284847
166,2,0.0,0.0,0.0,0.0,-0.39423759513367207
166,3,0.0,0.0,0.0,0.0,0.0
166,4,0.0,0.0,0.0,0.0,0.0
167,0,0.0,-0.0001326093655086575,0.0,0.0,-7.044906820794384
167,1,0.0,0.0,-0.0003876783586257114,0.0,-0.2695644832284847
167,2,0.0,0.0,0.0,0.0,-0.39423759513367207
167,3,0.0,0.0,0.0,0.0,0.0
167,4,0.0,0.0,0.0,0.0,0.0
168,0,0.0,-0.0001326093655086575,0.0,0.0,-7.078398421174236
168,1,0.0,0.0,-0.0003876783586257114,0.0,-0.2695644832284847
168,2,0.0,0.0,0.0,0.0,-0.39423759513367207
168,3,0.0,0.0,0.0,0.0,0.0
168,4,0.0,0.0,0.0,0.0,0.0
169,0,0.0,-0.0001326093655086575,0.0,0.0,-7.111786305568276
169,1,0.0,0.0,-0.0003876783586257114,0.0,-0.2695644832284847
169,2,0.0,0.0,0.0,0.0,-0.39423759513367207
169,3,0.0,0.0,0.0,0.0,0.0
169,4,0.0,0.0,0.0,0.0,0.0
170,0,0.0,-0.0001326093655086575,0.0,0.0,-7.145070846029035
170,1,0.0,0.0,-0.0003876783586257114,0.0,-0.2695644832284847
170,2,0.0,0.0,0.0,0.0,-0.39423759513367207
170,3,0.0,0.0,0.0,0.0,0.0
170,4,0.0,0.0,0.0,0.0,0.0
171,0,0.0,-0.0001326093655086575,0.0,0.0,-7.1782524131642065
171,1,0.0,0.0,-0.0003876783586257114,0.0,-0.2695644832284847
171,2,0.0,0.0,0.0,0.0,-0.39423759513367207
171,3,0.0,0.0,0.0,0.0,0.0
171,4,0.0,0.0,0.0,0.0,0.0
172,0,0.0,-0.0001326093655086575,0.0,0.0,-7.206331376142532
172,1,0.0,0.0,-0.0003876783586257114,0.0,-0.2695644832284847
172,2,0.0,0.0,0.0,0.0,-0.39423759513367207
172,3,0.0,0.0,0.0,0.0,0.0
172,4,0.0,0.0,0.0,0.0,0.0
173,0,0.0,-0.0001326093655086575,0.0,0.0,-7.241824767764398
173,1,0.0,0.0,-0.0003876783586257114,0.0,-0.2695644832284847
173,2,0.0,0.0,0.0,0.0,-0.39423759513367207
173,3,0.0,0.0,0.0,0.0,0.0
173,4,0.0,0.0,0.0,0.0,0.0
174,0,0.0,-0.0001326093655086575,0.0,0.0,-7.277207894253167
174,1,0.0,0.0,-0.0003876783586257114,0.0,-0.2695644832284847
174,2,0.0,0.0,0.0,0.0,-0.39423759513367207
174,3,0.0,0.0,0.0,0.0,0.0
174,4,0.0,0.0,0.0,0.0,0.0
175,0,0.0,-0.0001326093655086575,0.0,0.0,-7.309981151989771
175,1,0.0,0.0,-0.0003876783586257114,0.0,-0.2695644832284847
175,2,0.0,0.0,0.0,0.0,-0.39423759513367207
175,3,0.0,0.0,0.0,0.0,0.0
175,4,0.0,0.0,0.0,0.0,0.0
176,0,0.0,-0.0001326093655086575,0.0,0.0,-7.3376532683458775
176,1,0.0,0.0,-0.0003876783586257114,0.0,-0.2695644832284847
176,2,0.0,0.0,0.0,0.0,-0.39423759513367207
176,3,0.0,0.0,0.0,0.0,0.0
176,4,0.0,0.0,0.0,0.0,0.0
177,0,0.0,-0.0001326093655086575,0.0,0.0,-7.3777412704462
177,1,0.0,0.0,-0.0003876783586257114,0.0,-0.2695644832284847
177,2,0.0,0.0,0.0,0.0,-0.39423759513367207
177,3,0.0,0.0,0.0,0.0,0.0
177,4,0.0,0.0,0.0,0.0,0.0
178,0,0.0,-0.0001326093655086575,0.0,0.0,-7.405203793796857
178,1,0.0,0.0,-0.0003876783586257114,0.0,-0.2695644832284847
178,2,0.0,0.0,0.0,0.0,-0.39423759513367207
178,3,0.0,0.0,0.0,0.0,0.0
178,4,0.0,0.0,0.0,0.0,0.0
179,0,0.0,-0.0001326093655086575,0.0,0.0,-7.442582954299077
179,1,0.0,0.0,-0.0003876783586257114,0.0,-0.2695644832284847
179,2,0.0,0.0,0.0,0.0,-0.39423759513367207
179,3,0.0,0.0,0.0,0.0,0.0
179,4,0.0,0.0,0.0,0.0,0.0
180,0,0.0,-0.0001326093655086575,0.0,0.0,-7.4798457170742925
180,1,0.0,0.0,-0.0003876783586257114,0.0,-0.2695644832284847
180,2,0.0,0.0,0.0,0.0,-0.39423759513367207
180,3,0.0,0.0,0.0,0.0,0.0
180,4,0.0,0.0,0.0,0.0,0.0
181,0,0.0,-0.0001326093655086575,0.0,0.0,-7.509492501212792
181,1,0.0,0.0,-0.0003876783586257114,0.0,-0.2695644832284847
181,2,0.0,0.0,0.0,0.0,-0.39423759513367207
181,3,0.0,0.0,0.0,0.0,0.0
181,4,0.0,0.0,0.0,0.0,0.0
182,0,0.0,-0.0001326093655086575,0.0,0.0,-7.546548721770163
182,1,0.0,0.0,-0.0003876783586257114,0.0,-0.2695644832284847
182,2,0.0,0.0,0.0,0.0,-0.39423759513367207
182,3,0.0,0.0,0.0,0.0,0.0
182,4,0.0,0.0,0.0,0.0,0.0
183,0,0.0,-0.0001326093655086575,0.0,0.0,-7.583489703250738
183,1,0.0,0.0,-0.0003876783586257114,0.0,-0.2695644832284847
183,2,0.0,0.0,0.0,0.0,-0.39423759513367207
183,3,0.0,0.0,0.0,0.0,0.0
183,4,0.0,0.0,0.0,0.0,0.0
184,0,0.0,-0.0001326093655086575,0.0,0.0,-7.617815860244312
184,1,0.0,0.0,-0.0003876783586257114,0.0,-0.2695644832284847
184,2,0.0,0.0,0.0,0.0,-0.39423759513367207
184,3,0.0,0.0,0.0,0.0,0.0
184,4,0.0,0.0,0.0,0.0,0.0
185,0,0.0,-0.0001326093655086575,0.0,0.0,-7.649535938259625
185,1,0.0,0.0,-0.0003876783586257114,0.0,-0.2695644832284847
185,2,0.0,0.0,0.0,0.0,-0.39423759513367207
185,3,0.0,0.0,0.0,0.0,0.0
185,4,0.0,0.0,0.0,0.0,0.0
186,0,0.0,-0.0001326093655086575,0.0,0.0,-7.686158649954587
186,1,0.0,0.0,-0.0003876783586257114,0.0,-0.2695644832284847
186,2,0.0,0.0,0.0,0.0,-0.39423759513367207
186,3,0.0,0.0,0.0,0.0,0.0
186,4,0.0,0.0,0.0,0.0,0.0
187,0,0.0,-0.0001326093655086575,0.0,0.0,-7.717667677670743
187,1,0.0,0.0,-0.0003876783586257114,0.0,-0.2695644832284847
187,2,0.0,0.0,0.0,0.0,-0.39423759513367207
187,3,0.0,0.0,0.0,0.0,0.0
187,4,0.0,0.0,0.0,0.0,0.0
188,0,0.0,-0.0001326093655086575,0.0,0.0,-7.749080095022726
188,1,0.0,0.0,-0.0003876783586257114,0.0,-0.2695644832284847
188,2,0.0,0.0,0.0,0.0,-0.39423759513367207
188,3,0.0,0.0,0.0,0.0,0.0
188,4,0.0,0.0,0.0,0.0,0.0
189,0,0.0,-0.0001326093655086575,0.0,0.0,-7.775396246483697
189,1,0.0,0.0,-0.0003876783586257114,0.0,-0.2695644832284847
189,2,0.0,0.0,0.0,0.0,-0.39423759513367207
189,3,0.0,0.0,0.0,0.0,0.0
189,4,0.0,0.0,0.0,0.0,0.0
190,0,0.0,-0.0001326093655086575,0.0,0.0,-7.811633140259159
190,1,0.0,0.0,-0.0003876783586257114,0.0,-0.2695644832284847
190,2,0.0,0.0,0.0,0.0,-0.39423759513367207
190,3,0.0,0.0,0.0,0.0,0.0
190,4,0.0,0.0,0.0,0.0,0.0
191,0,0.0,-0.0001326093655086575,0.0,0.0,-7.8402577255455315
191,1,0.0,0.0,-0.0003876783586257114,0.0,-0.2695644832284847
191,2,0.0,0.0,0.0,0.0,-0.39423759513367207
191,3,0.0,0.0,0.0,0.0,0.0
191,4,0.0,0.0,0.0,0.0,0.0
192,0,0.0,-0.0001326093655086575,0.0,0.0,-7.873795403170089
192,1,0.0,0.0,-0.0003876783586257114,0.0,-0.2695644832284847
192,2,0.0,0.0,0.0,0.0,-0.39423759513367207
192,3,0.0,0.0,0.0,0.0,0.0
192,4,0.0,0.0,0.0,0.0,0.0
193,0,0.0,-0.0001326093655086575,0.0,0.0,-7.907229815999196
193,1,0.0,0.0,-0.0003876783586257114,0.0,-0.2695644832284847
193,2,0.0,0.0,0.0,0.0,-0.39423759513367207
193,3,0.0,0.0,0.0,0.0,0.0
193,4,0.0,0.0,0.0,0.0,0.0
194,0,0.0,-0.0001326093655086575,0.0,0.0,-7.9330613332660604
194,1,0.0,0.0,-0.0003876783586257114,0.0,-0.2695644832284847
194,2,0.0,0.0,0.0,0.0,-0.39423759513367207
194,3,0.0,0.0,0.0,0.0,0.0
194,4,0.0,0.0,0.0,0.0,0.0
195,0,0.0,-0.0001326093655086575,0.0,0.0,-7.958815320369998
195,1,0.0,0.0,-0.0003876783586257114,0.0,-0.2695644832284847
195,2,0.0,0.0,0.0,0.0,-0.39423759513367207
195,3,0.0,0.0,0.0,0.0,0.0
195,4,0.0,0.0,0.0,0.0,0.0
196,0,0.0,-0.0001326093655086575,0.0,0.0,-7.996992049956126
196,1,0.0,0.0,-0.0003876783586257114,0.0,-0.2695644832284847
196,2,0.0,0.0,0.0,0.0,-0.39423759513367207
196,3,0.0,0.0,0.0,0.0,0.0
196,4,0.0,0.0,0.0,0.0,0.0
197,0,0.0,-0.0001326093655086575,0.0,0.0,-8.032550130963317
197,1,0.0,0.0,-0.0003876783586257114,0.0,-0.2695644832284847
197,2,0.0,0.0,0.0,0.0,-0.39423759513367207
197,3,0.0,0.0,0.0,0.0,0.0
197,4,0.0,0.0,0.0,0.0,0.0
198,0,0.0,-0.0001326093655086575,0.0,0.0,-8.067998322704318
198,1,0.0,0.0,-0.0003876783586257114,0.0,-0.2695644832284847
198,2,0.0,0.0,0.0,0.0,-0.39423759513367207
198,3,0.0,0.0,0.0,0.0,0.0
198,4,0.0,0.0,0.0,0.0,0.0
199,0,0.0,-0.0001326093655086575,0.0,0.0,-8.105837019054693
199,1,0.0,0.0,-0.0003876783586257114,0.0,-0.2695644832284847
199,2,0.0,0.0,0.0,0.0,-0.39423759513367207
199,3,0.0,0.0,0.0,0.0,0.0
199,4,0.0,0.0,0.0,0.0,0.0
200,0,0.0,-0.0001326093655086575,0.0,0.0,-8.141058279828561
200,1,0.0,0.0,-0.0003876783586257114,0.0,-0.2695644832284847
200,2,0.0,0.0,0.0,0.0,-0.39423759513367207
200,3,0.0,0.0,0.0,0.0,0.0
200,4,0.0,0.0,0.0,0.0,0.0
201,0,0.0,-0.0001326093655086575,0.0,0.0,-8.176170859625902
201,1,0.0,0.0,-0.0003876783586257114,0.0,-0.2695644832284847
201,2,0.0,0.0,0.0,0.0,-0.39423759513367207
201,3,0.0,0.0,0.0,0.0,0.0
201,4,0.0,0.0,0.0,0.0,0.0
202,0,0.0,-0.0001326093655086575,0.0,0.0,-8.213675147628742
202,1,0.0,0.0,-0.0003876783586257114,0.0,-0.2695644832284847
202,2,0.0,0.0,0.0,0.0,-0.39423759513367207
202,3,0.0,0.0,0.0,0.0,0.0
202,4,0.0,0.0,0.0,0.0,0.0
203,0,0.0,-0.0001326093655086575,0.0,0.0,-8.24356319897681
203,1,0.0,0.0,-0.0003876783586257114,0.0,-0.2695644832284847
203,2,0.0,0.0,0.0,0.0,-0.39423759513367207
203,3,0.0,0.0,0.0,0.0,0.0
203,4,0.0,0.0,0.0,0.0,0.0
204,0,0.0,-0.0001326093655086575,0.0,0.0,-8.273360428679501
204,1,0.0,0.0,-0.0003876783586257114,0.0,-0.2695644832284847
204,2,0.0,0.0,0.0,0.0,-0.39423759513367207
204,3,0.0,0.0,0.0,0.0,0.0
204,4,0.0,0.0,0.0,0.0,0.0
205,0,0.0,-0.0001326093655086575,0.0,0.0,-8.303067158794539
205,1,0.0,0.0,-0.0003876783586257114,0.0,-0.2695644832284847
205,2,0.0,0.0,0.0,0.0,-0.39423759513367207
205,3,0.0,0.0,0.0,0.0,0.0
205,4,0.0,0.0,0.0,0.0,0.0
206,0,0.0,-0.0001326093655086575,0.0,0.0,-8.340183710138541
206,1,0.0,0.0,-0.0003876783586257114,0.0,-0.2695644832284847
206,2,0.0,0.0,0.0,0.0,-0.39423759513367207
206,3,0.0,0.0,0.0,0.0,0.0
206,4,0.0,0.0,0.0,0.0,0.0
207,0,0.0,-0.0001326093655086575,0.0,0.0,-8.372185404694994
207,1,0.0,0.0,-0.0003876783586257114,0.0,-0.2695644832284847
207,2,0.0,0.0,0.0,0.0,-0.39423759513367207
207,3,0.0,0.0,0.0,0.0,0.0
207,4,0.0,0.0,0.0,0.0,0.0
208,0,0.0,-0.0001326093655086575,0.0,0.0,-8.409089319610102
208,1,0.0,0.0,-0.0003876783586257114,0.0,-0.2695644832284847
208,2,0.0,0.0,0.0,0.0,-0.39423759513367207
208,3,0.0,0.0,0.0,0.0,0.0
208,4,0.0,0.0,0.0,0.0,0.0
209,0,0.0,-0.0001326093655086575,0.0,0.0,-8.433379137811707
209,1,0.0,0.0,-0.0003876783586257114,0.0,-0.2695644832284847
209,2,0.0,0.0,0.0,0.0,-0.39423759513367207
209,3,0.0,0.0,0.0,0.0,0.0
209,4,0.0,0.0,0.0,0.0,0.0
210,0,0.0,-0.0001326093655086575,0.0,0.0,-8.465096931097673
210,1,0.0,0.0,-0.0003876783586257114,0.0,-0.2695644832284847
210,2,0.0,0.0,0.0,0.0,-0.39423759513367207
210,3,0.0,0.0,0.0,0.0,0.0
210,4,0.0,0.0,0.0,0.0,0.0
211,0,0.0,-0.0001326093655086575,0.0,0.0,-8.501717953198083
211,1,0.0,0.0,-0.0003876783586257114,0.0,-0.2695644832284847
211,2,0.0,0.0,0.0,0.0,-0.39423759513367207
211,3,0.0,0.0,0.0,0.0,0.0
211,4,0.0,0.0,0.0,0.0,0.0
212,0,0.0,-0.0001326093655086575,0.0,0.0,-8.533225883149711
212,1,0.0,0.0,-0.0003876783586257114,0.0,-0.2695644832284847
212,2,0.0,0.0,0.0,0.0,-0.39423759513367207
212,3,0.0,0.0,0.0,0.0,0.0
212,4,0.0,0.0,0.0,0.0,0.0
213,0,0.0,-0.0001326093655086575,0.0,0.0,-8.559637791278067
213,1,0.0,0.0,-0.0003876783586257114,0.0,-0.2695644832284847
213,2,0.0,0.0,0.0,0.0,-0.39423759513367207
213,3,0.0,0.0,0.0,0.0,0.0
213,4,0.0,0.0,0.0,0.0,0.0
214,0,0.0,-0.0001326093655086575,0.0,0.0,-8.58597068384748
214,1,0.0,0.0,-0.0003876783586257114,0.0,-0.2695644832284847
214,2,0.0,0.0,0.0,0.0,-0.39423759513367207
214,3,0.0,0.0,0.0,0.0,0.0
214,4,0.0,0.0,0.0,0.0,0.0
215,0,0.0,-0.0001326093655086575,0.0,0.0,-8.622224838252704
215,1,0.0,0.0,-0.0003876783586257114,0.0,-0.2695644832284847
215,2,0.0,0.0,0.0,0.0,-0.39423759513367207
215,3,0.0,0.0,0.0,0.0,0.0
215,4,0.0,0.0,0.0,0.0,0.0
216,0,0.0,-0.0001326093655086575,0.0,0.0,-8.658367200697466
216,1,0.0,0.0,-0.0003876783586257114,0.0,-0.2695644832284847
216,2,0.0,0.0,0.0,0.0,-0.39423759513367207
216,3,0.0,0.0,0.0,0.0,0.0
216,4,0.0,0.0,0.0,0.0,0.0
217,0,0.0,-0.0001326093655086575,0.0,0.0,-8.689398171433592
217,1,0.0,0.0,-0.0003876783586257114,0.0,-0.2695644832284847
217,2,0.0,0.0,0.0,0.0,-0.39423759513367207
217,3,0.0,0.0,0.0,0.0,0.0
217,4,0.0,0.0,0.0,0.0,0.0
218,0,0.0,-0.0001326093655086575,0.0,0.0,-8.712834814224744
218,1,0.0,0.0,-0.0003876783586257114,0.0,-0.2695644832284847
218,2,0.0,0.0,0.0,0.0,-0.39423759513367207
218,3,0.0,0.0,0.0,0.0,0.0
218,4,0.0,0.0,0.0,0.0,0.0
219,0,0.0,-0.0001326093655086575,0.0,0.0,-8.748702461332407
219,1,0.0,0.0,-0.0003876783586257114,0.0,-0.2695644832284847
219,2,0.0,0.0,0.0,0.0,-0.39423759513367207
219,3,0.0,0.0,0.0,0.0,0.0
219,4,0.0,0.0,0.0,0.0,0.0
220,0,0.0,-0.0001326093655086575,0.0,0.0,-8.781959689736894
220,1,0.0,0.0,-0.0003876783586257114,0.0,-0.2695644832284847
220,2,0.0,0.0,0.0,0.0,-0.39423759513367207
220,3,0.0,0.0,0.0,0.0,0.0
220,4,0.0,0.0,0.0,0.0,0.0
221,0,0.0,-0.0001326093655086575,0.0,0.0,-8.807615226922426
221,1,0.0,0.0,-0.0003876783586257114,0.0,-0.2695644832284847
221,2,0.0,0.0,0.0,0.0,-0.39423759513367207
221,3,0.0,0.0,0.0,0.0,0.0
221,4,0.0,0.0,0.0,0.0,0.0
222,0,0.0,-0.0001326093655086575,0.0,0.0,-8.835694432662606
222,1,0.0,0.0,-0.0003876783586257114,0.0,-0.2695644832284847
222,2,0.0,0.0,0.0,0.0,-0.39423759513367207
222,3,0.0,0.0,0.0,0.0,0.0
222,4,0.0,0.0,0.0,0.0,0.0
223,0,0.0,-0.0001326093655086575,0.0,0.0,-8.871189241469462
223,1,0.0,0.0,-0.0003876783586257114,0.0,-0.2695644832284847
223,2,0.0,0.0,0.0,0.0,-0.39423759513367207
223,3,0.0,0.0,0.0,0.0,0.0
223,4,0.0,0.0,0.0,0.0,0.0
224,0,0.0,-0.0001326093655086575,0.0,0.0,-8.901574953014729
224,1,0.0,0.0,-0.0003876783586257114,0.0,-0.2695644832284847
224,2,0.0,0.0,0.0,0.0,-0.39423759513367207
224,3,0.0,0.0,0.0,0.0,0.0
224,4,0.0,0.0,0.0,0.0,0.0
225,0,0.0,-0.0001326093655086575,0.0,0.0,-8.92686862222348
225,1,0.0,0.0,-0.0003876783586257114,0.0,-0.2695644832284847
225,2,0.0,0.0,0.0,0.0,-0.39423759513367207
225,3,0.0,0.0,0.0,0.0,0.0
225,4,0.0,0.0,0.0,0.0,0.0
226,0,0.0,-0.0001326093655086575,0.0,0.0,-8.95458724002212
226,1,0.0,0.0,-0.0003876783586257114,0.0,-0.2695644832284847
226,2,0.0,0.0,0.0,0.0,-0.39423759513367207
226,3,0.0,0.0,0.0,0.0,0.0
226,4,0.0,0.0,0.0,0.0,0.0
227,0,0.0,-0.0001326093655086575,0.0,0.0,-8.97722273599736
227,1,0.0,0.0,-0.0003876783586257114,0.0,-0.2695644832284847
227,2,0.0,0.0,0.0,0.0,-0.39423759513367207
227,3,0.0,0.0,0.0,0.0,0.0
227,4,0.0,0.0,0.0,0.0,0.0
228,0,0.0,-0.0001326093655086575,0.0,0.0,-9.012292067577375
228,1,0.0,0.0,-0.0003876783586257114,0.0,-0.2695644832284847
228,2,0.0,0.0,0.0,0.0,-0.39423759513367207
228,3,0.0,0.0,0.0,0.0,0.0
228,4,0.0,0.0,0.0,0.0,0.0
229,0,0.0,-0.0001326093655086575,0.0,0.0,-9.047253800855302
229,1,0.0,0.0,-0.0003876783586257114,0.0,-0.2695644832284847
229,2,0.0,0.0,0.0,0.0,-0.39423759513367207
229,3,0.0,0.0,0.0,0.0,0.0
229,4,0.0,0.0,0.0,0.0,0.0
230,0,0.0,-0.0001326093655086575,0.0,0.0,-9.08210831993992
230,1,0.0,0.0,-0.0003876783586257114,0.0,-0.2695644832284847
230,2,0.0,0.0,0.0,0.0,-0.39423759513367207
230,3,0.0,0.0,0.0,0.0,0.0
230,4,0.0,0.0,0.0,0.0,0.0
231,0,0.0,-0.0001326093655086575,0.0,0.0,-9.111856007452594
231,1,0.0,0.0,-0.0003876783586257114,0.0,-0.2695644832284847
231,2,0.0,0.0,0.0,0.0,-0.39423759513367207
231,3,0.0,0.0,0.0,0.0,0.0
231,4,0.0,0.0,0.0,0.0,0.0
232,0,0.0,-0.0001326093655086575,0.0,0.0,-9.146513909598035
232,1,0.0,0.0,-0.0003876783586257114,0.0,-0.2695644832284847
232,2,0.0,0.0,0.0,0.0,-0.39423759513367207
232,3,0.0,0.0,0.0,0.0,0.0
232,4,0.0,0.0,0.0,0.0,0.0
233,0,0.0,-0.0001326093655086575,0.0,0.0,-9.173565678488188
233,1,0.0,0.0,-0.0003876783586257114,0.0,-0.2695644832284847
233,2,0.0,0.0,0.0,0.0,-0.39423759513367207
233,3,0.0,0.0,0.0,0.0,0.0
233,4,0.0,0.0,0.0,0.0,0.0
234,0,0.0,-0.0001326093655086575,0.0,0.0,-9.195536690165365
234,1,0.0,0.0,-0.0003876783586257114,0.0,-0.2695644832284847
234,2,0.0,0.0,0.0,0.0,-0.39423759513367207
234,3,0.0,0.0,0.0,0.0,0.0
234,4,0.0,0.0,0.0,0.0,0.0
235,0,0.0,-0.0001326093655086575,0.0,0.0,-9.22994389294316
235,1,0.0,0.0,-0.0003876783586257114,0.0,-0.2695644832284847
235,2,0.0,0.0,0.0,0.0,-0.39423759513367207
235,3,0.0,0.0,0.0,0.0,0.0
235,4,0.0,0.0,0.0,0.0,0.0
236,0,0.0,-0.0001326093655086575,0.0,0.0,-9.259245843837093
236,1,0.0,0.0,-0.0003876783586257114,0.0,-0.2695644832284847
236,2,0.0,0.0,0.0,0.0,-0.39423759513367207
236,3,0.0,0.0,0.0,0.0,0.0
236,4,0.0,0.0,0.0,0.0,0.0
237,0,0.0,-0.0001326093655086575,0.0,0.0,-9.280959582979923
237,1,0.0,0.0,-0.0003876783586257114,0.0,-0.2695644832284847
237,2,0.0,0.0,0.0,0.0,-0.39423759513367207
237,3,0.0,0.0,0.0,0.0,0.0
237,4,0.0,0.0,0.0,0.0,0.0
238,0,0.0,-0.0001326093655086575,0.0,0.0,-9.305110419098021
238,1,0.0,0.0,-0.0003876783586257114,0.0,-0.2695644832284847
238,2,0.0,0.0,0.0,0.0,-0.39423759513367207
238,3,0.0,0.0,0.0,0.0,0.0
238,4,0.0,0.0,0.0,0.0,0.0
239,0,0.0,-0.0001326093655086575,0.0,0.0,-9.339190235861432
239,1,0.0,0.0,-0.0003876783586257114,0.0,-0.2695644832284847
239,2,0.0,0.0,0.0,0.0,-0.39423759513367207
239,3,0.0,0.0,0.0,0.0,0.0
239,4,0.0,0.0,0.0,0.0,0.0
240,0,0.0,-0.0001326093655086575,0.0,0.0,-9.368165949771903
240,1,0.0,0.0,-0.0003876783586257114,0.0,-0.2695644832284847
240,2,0.0,0.0,0.0,0.0,-0.39423759513367207
240,3,0.0,0.0,0.0,0.0,0.0
240,4,0.0,0.0,0.0,0.0,0.0
241,0,0.0,-0.0001326093655086575,0.0,0.0,-9.3995545965644
241,1,0.0,0.0,-0.0003876783586257114,0.0,-0.2695644832284847
241,2,0.0,0.0,0.0,0.0,-0.39423759513367207
241,3,0.0,0.0,0.0,0.0,0.0
241,4,0.0,0.0,0.0,0.0,0.0
242,0,0.0,-0.0001326093655086575,0.0,0.0,-9.433348150455844
242,1,0.0,0.0,-0.0003876783586257114,0.0,-0.2695644832284847
242,2,0.0,0.0,0.0,0.0,-0.39423759513367207
242,3,0.0,0.0,0.0,0.0,0.0
242,4,0.0,0.0,0.0,0.0,0.0
243,0,0.0,-0.0001326093655086575,0.0,0.0,-9.464538615729897
243,1,0.0,0.0,-0.0003876783586257114,0.0,-0.2695644832284847
243,2,0.0,0.0,0.0,0.0,-0.39423759513367207
243,3,0.0,0.0,0.0,0.0,0.0
243,4,0.0,0.0,0.0,0.0,0.0
244,0,0.0,-0.0001326093655086575,0.0,0.0,-9.498134691681507
244,1,0.0,0.0,-0.0003876783586257114,0.0,-0.2695644832284847
244,2,0.0,0.0,0.0,0.0,-0.39423759513367207
244,3,0.0,0.0,0.0,0.0,0.0
244,4,0.0,0.0,0.0,0.0,0.0
245,0,0.0,-0.0001326093655086575,0.0,0.0,-9.521628379879772
245,1,0.0,0.0,-0.0003876783586257114,0.0,-0.2695644832284847
245,2,0.0,0.0,0.0,0.0,-0.39423759513367207
245,3,0.0,0.0,0.0,0.0,0.0
245,4,0.0,0.0,0.0,0.0,0.0
246,0,0.0,-0.0001326093655086575,0.0,0.0,-9.555053374513175
246,1,0.0,0.0,-0.0003876783586257114,0.0,-0.2695644832284847
246,2,0.0,0.0,0.0,0.0,-0.39423759513367207
246,3,0.0,0.0,0.0,0.0,0.0
246,4,0.0,0.0,0.0,0.0,0.0
247,0,0.0,-0.0001326093655086575,0.0,0.0,-9.580876583129198
247,1,0.0,0.0,-0.0003876783586257114,0.0,-0.2695644832284847
247,2,0.0,0.0,0.0,0.0,-0.39423759513367207
247,3,0.0,0.0,0.0,0.0,0.0
247,4,0.0,0.0,0.0,0.0,0.0
248,0,0.0,-0.0001326093655086575,0.0,0.0,-9.60912336507721
248,1,0.0,0.0,-0.0003876783586257114,0.0,-0.2695644832284847
248,2,0.0,0.0,0.0,0.0,-0.39423759513367207
248,3,0.0,0.0,0.0,0.0,0.0
248,4,0.0,0.0,0.0,0.0,0.0
249,0,0.0,-0.0001326093655086575,0.0,0.0,-9.629785654448341
249,1,0.0,0.0,-0.0003876783586257114,0.0,-0.2695644832284847
249,2,0.0,0.0,0.0,0.0,-0.39423759513367207
249,3,0.0,0.0,0.0,0.0,0.0
249,4,0.0,0.0,0.0,0.0,0.0
250,0,0.0,-0.0001326093655086575,0.0,0.0,-9.66038874569088
250,1,0.0,0.0,-0.0003876783586257114,0.0,-0.2695644832284847
250,2,0.0,0.0,0.0,0.0,-0.39423759513367207
250,3,0.0,0.0,0.0,0.0,0.0
250,4,0.0,0.0,0.0,0.0,0.0
251,0,0.0,-0.0001326093655086575,0.0,0.0,-9.680899510657484
251,1,0.0,0.0,-0.0003876783586257114,0.0,-0.2695644832284847
251,2,0.0,0.0,0.0,0.0,-0.39423759513367207
251,3,0.0,0.0,0.0,0.0,0.0
251,4,0.0,0.0,0.0,0.0,0.0
252,0,0.0,-0.0001326093655086575,0.0,0.0,-9.708851605677994
252,1,0.0,0.0,-0.0003876783586257114,0.0,-0.2695644832284847
252,2,0.0,0.0,0.0,0.0,-0.39423759513367207
252,3,0.0,0.0,0.0,0.0,0.0
252,4,0.0,0.0,0.0,0.0,0.0
253,0,0.0,-0.0001326093655086575,0.0,0.0,-9.729220233125272
253,1,0.0,0.0,-0.0003876783586257114,0.0,-0.2695644832284847
253,2,0.0,0.0,0.0,0.0,-0.39423759513367207
253,3,0.0,0.0,0.0,0.0,0.0
253,4,0.0,0.0,0.0,0.0,0.0
254,0,0.0,-0.0001326093655086575,0.0,0.0,-9.754530683548742
254,1,0.0,0.0,-0.0003876783586257114,0.0,-0.2695644832284847
254,2,0.0,0.0,0.0,0.0,-0.39423759513367207
254,3,0.0,0.0,0.0,0.0,0.0
254,4,0.0,0.0,0.0,0.0,0.0
255,0,0.0,-0.0001326093655086575,0.0,0.0,-9.7772664899826
255,1,0.0,0.0,-0.0003876783586257114,0.0,-0.2695644832284847
255,2,0.0,0.0,0.0,0.0,-0.39423759513367207
255,3,0.0,0.0,0.0,0.0,0.0
255,4,0.0,0.0,0.0,0.0,0.0
256,0,0.0,-0.0001326093655086575,0.0,0.0,-9.804936244804038
256,1,0.0,0.0,-0.0003876783586257114,0.0,-0.2695644832284847
256,2,0.0,0.0,0.0,0.0,-0.39423759513367207
256,3,0.0,0.0,0.0,0.0,0.0
256,4,0.0,0.0,0.0,0.0,0.0
257,0,0.0,-0.0001326093655086575,0.0,0.0,-9.832523510560154
257,1,0.0,0.0,-0.0003876783586257114,0.0,-0.2695644832284847
257,2,0.0,0.0,0.0,0.0,-0.39423759513367207
257,3,0.0,0.0,0.0,0.0,0.0
257,4,0.0,0.0,0.0,0.0,0.0
258,0,0.0,-0.0001326093655086575,0.0,0.0,-9.860028576490656
258,1,0.0,0.0,-0.0003876783586257114,0.0,-0.2695644832284847
258,2,0.0,0.0,0.0,0.0,-0.39423759513367207
258,3,0.0,0.0,0.0,0.0,0.0
258,4,0.0,0.0,0.0,0.0,0.0
259,0,0.0,-0.0001326093655086575,0.0,0.0,-9.892451730728686
259,1,0.0,0.0,-0.0003876783586257114,0.0,-0.2695644832284847
259,2,0.0,0.0,0.0,0.0,-0.39423759513367207
259,3,0.0,0.0,0.0,0.0,0.0
259,4,0.0,0.0,0.0,0.0,0.0
260,0,0.0,-0.0001326093655086575,0.0,0.0,-9.912276595240563
260,1,0.0,0.0,-0.0003876783586257114,0.0,-0.2695644832284847
260,2,0.0,0.0,0.0,0.0,-0.39423759513367207
260,3,0.0,0.0,0.0,0.0,0.0
260,4,0.0,0.0,0.0,0.0,0.0
261,0,0.0,-0.0001326093655086575,0.0,0.0,-9.934545181109451
261,1,0.0,0.0,-0.0003876783586257114,0.0,-0.2695644832284847
261,2,0.0,0.0,0.0,0.0,-0.39423759513367207
261,3,0.0,0.0,0.0,0.0,0.0
261,4,0.0,0.0,0.0,0.0,0.0
262,0,0.0,-0.0001326093655086575,0.0,0.0,-9.966749346661253
262,1,0.0,0.0,-0.0003876783586257114,0.0,-0.2695644832284847
262,2,0.0,0.0,0.0,0.0,-0.39423759513367207
262,3,0.0,0.0,0.0,0.0,0.0
262,4,0.0,0.0,0.0,0.0,0.0
263,0,0.0,-0.0001326093655086575,0.0,0.0,-9.991355983155897
263,1,0.0,0.0,-0.0003876783586257114,0.0,-0.2695644832284847
263,2,0.0,0.0,0.0,0.0,-0.39423759513367207
263,3,0.0,0.0,0.0,0.0,0.0
263,4,0.0,0.0,0.0,0.0,0.0
264,0,0.0,-0.0001326093655086575,0.0,0.0,-10.013390433720765
264,1,0.0,0.0,-0.0003876783586257114,0.0,-0.2695644832284847
264,2,0.0,0.0,0.0,0.0,-0.39423759513367207
264,3,0.0,0.0,0.0,0.0,0.0
264,4,0.0,0.0,0.0,0.0,0.0
265,0,0.0,-0.0001326093655086575,0.0,0.0,-10.042861281355027
265,1,0.0,0.0,-0.0003876783586257114,0.0,-0.2695644832284847
265,2,0.0,0.0,0.0,0.0,-0.39423759513367207
265,3,0.0,0.0,0.0,0.0,0.0
265,4,0.0,0.0,0.0,0.0,0.0
266,0,0.0,-0.0001326093655086575,0.0,0.0,-10.072243746733164
266,1,0.0,0.0,-0.0003876783586257114,0.0,-0.2695644832284847
266,2,0.0,0.0,0.0,0.0,-0.39423759513367207
266,3,0.0,0.0,0.0,0.0,0.0
266,4,0.0,0.0,0.0,0.0,0.0
267,0,0.0,-0.0001326093655086575,0.0,0.0,-10.09153814103626
267,1,0.0,0.0,-0.0003876783586257114,0.0,-0.2695644832284847
267,2,0.0,0.0,0.0,0.0,-0.39423759513367207
267,3,0.0,0.0,0.0,0.0,0.0
267,4,0.0,0.0,0.0,0.0,0.0
268,0,0.0,-0.0001326093655086575,0.0,0.0,-10.115778104380762
268,1,0.0,0.0,-0.0003876783586257114,0.0,-0.2695644832284847
268,2,0.0,0.0,0.0,0.0,-0.39423759513367207
268,3,0.0,0.0,0.0,0.0,0.0
268,4,0.0,0.0,0.0,0.0,0.0
269,0,0.0,-0.0001326093655086575,0.0,0.0,-10.147447155523784
269,1,0.0,0.0,-0.0003876783586257114,0.0,-0.2695644832284847
269,2,0.0,0.0,0.0,0.0,-0.39423759513367207
269,3,0.0,0.0,0.0,0.0,0.0
269,4,0.0,0.0,0.0,0.0,0.0
270,0,0.0,-0.0001326093655086575,0.0,0.0,-10.171520542493461
270,1,0.0,0.0,-0.0003876783586257114,0.0,-0.2695644832284847
270,2,0.0,0.0,0.0,0.0,-0.39423759513367207
270,3,0.0,0.0,0.0,0.0,0.0
270,4,0.0,0.0,0.0,0.0,0.0
271,0,0.0,-0.0001326093655086575,0.0,0.0,-10.193023601312289
271,1,0.0,0.0,-0.0003876783586257114,0.0,-0.2695644832284847
271,2,0.0,0.0,0.0,0.0,-0.39423759513367207
271,3,0.0,0.0,0.0,0.0,0.0
271,4,0.0,0.0,0.0,0.0,0.0
272,0,0.0,-0.0001326093655086575,0.0,0.0,-10.214464907903121
272,1,0.0,0.0,-0.0003876783586257114,0.0,-0.2695644832284847
272,2,0.0,0.0,0.0,0.0,-0.39423759513367207
272,3,0.0,0.0,0.0,0.0,0.0
272,4,0.0,0.0,0.0,0.0,0.0
273,0,0.0,-0.0001326093655086575,0.0,0.0,-10.24084467348971
273,1,0.0,0.0,-0.0003876783586257114,0.0,-0.2695644832284847
273,2,0.0,0.0,0.0,0.0,-0.39423759513367207
273,3,0.0,0.0,0.0,0.0,0.0
273,4,0.0,0.0,0.0,0.0,0.0
274,0,0.0,-0.0001326093655086575,0.0,0.0,-10.259646443436969
274,1,0.0,0.0,-0.0003876783586257114,0.0,-0.2695644832284847
274,2,0.0,0.0,0.0,0.0,-0.39423759513367207
274,3,0.0,0.0,0.0,0.0,0.0
274,4,0.0,0.0,0.0,0.0,0.0
275,0,0.0,-0.0001326093655086575,0.0,0.0,-10.283395487468658
275,1,0.0,0.0,-0.0003876783586257114,0.0,-0.2695644832284847
275,2,0.0,0.0,0.0,0.0,-0.39423759513367207
275,3,0.0,0.0,0.0,0.0,0.0
275,4,0.0,0.0,0.0,0.0,0.0
276,0,0.0,-0.0001326093655086575,0.0,0.0,-10.314575317877052
276,1,0.0,0.0,-0.0003876783586257114,0.0,-0.2695644832284847
276,2,0.0,0.0,0.0,0.0,-0.39423759513367207
276,3,0.0,0.0,0.0,0.0,0.0
276,4,0.0,0.0,0.0,0.0,0.0
277,0,0.0,-0.0002533985581258341,0.0,0.0,-10.314575317877052
277,1,0.0,0.0,-0.0003876783586257114,0.0,-0.31991672205381394
277,2,0.0,0.0,0.0,0.0,-0.39423759513367207
277,3,0.0,0.0,0.0,0.0,0.0
277,4,0.0,0.0,0.0,0.0,0.0
278,0,0.0,-0.0002533985581258341,0.0,0.0,-10.338161176251404
278,1,0.0,0.0,-0.0003876783586257114,0.0,-0.31991672205381394
278,2,0.0,0.0,0.0,0.0,-0.39423759513367207
278,3,0.0,0.0,0.0,0.0,0.0
278,4,0.0,0.0,0.0,0.0,0.0
279,0,0.0,-0.0002533985581258341,0.0,0.0,-10.369178392201135
279,1,0.0,0.0,-0.0003876783586257114,0.0,-0.31991672205381394
279,2,0.0,0.0,0.0,0.0,-0.39423759513367207
279,3,0.0,0.0,0.0,0.0,0.0
279,4,0.0,0.0,0.0,0.0,0.0
280,0,0.0,-0.0002533985581258341,0.0,0.0,-10.390102205132306
280,1,0.0,0.0,-0.0003876783586257114,0.0,-0.31991672205381394
280,2,0.0,0.0,0.0,0.0,-0.39423759513367207
280,3,0.0,0.0,0.0,0.0,0.0
280,4,0.0,0.0,0.0,0.0,0.0
281,0,0.0,-0.0002533985581258341,0.0,0.0,-10.415966275012316
281,1,0.0,0.0,-0.0003876783586257114,0.0,-0.31991672205381394
281,2,0.0,0.0,0.0,0.0,-0.39423759513367207
281,3,0.0,0.0,0.0,0.0,0.0
281,4,0.0,0.0,0.0,0.0,0.0
282,0,0.0,-0.0002533985581258341,0.0,0.0,-10.44425414036999
282,1,0.0,0.0,-0.0003876783586257114,0.0,-0.31991672205381394
282,2,0.0,0.0,0.0,0.0,-0.39423759513367207
282,3,0.0,0.0,0.0,0.0,0.0
282,4,0.0,0.0,0.0,0.0,0.0
283,0,0.0,-0.0002533985581258341,0.0,0.0,-10.464957733991042
283,1,0.0,0.0,-0.0003876783586257114,0.0,-0.31991672205381394
283,2,0.0,0.0,0.0,0.0,-0.39423759513367207
283,3,0.0,0.0,0.0,0.0,0.0
283,4,0.0,0.0,0.0,0.0,0.0
284,0,0.0,-0.0002533985581258341,0.0,0.0,-10.490602349024257
284,1,0.0,0.0,-0.0003876783586257114,0.0,-0.31991672205381394
284,2,0.0,0.0,0.0,0.0,-0.39423759513367207
284,3,0.0,0.0,0.0,0.0,0.0
284,4,0.0,0.0,0.0,0.0,0.0
285,0,0.0,-0.0002533985581258341,0.0,0.0,-10.5136715210934
285,1,0.0,0.0,-0.0003876783586257114,0.0,-0.31991672205381394
285,2,0.0,0.0,0.0,0.0,-0.39423759513367207
285,3,0.0,0.0,0.0,0.0,0.0
285,4,0.0,0.0,0.0,0.0,0.0
286,0,0.0,-0.0002533985581258341,0.0,0.0,-10.541673845155529
286,1,0.0,0.0,-0.0003876783586257114,0.0,-0.31991672205381394
286,2,0.0,0.0,0.0,0.0,-0.39423759513367207
286,3,0.0,0.0,0.0,0.0,0.0
286,4,0.0,0.0,0.0,0.0,0.0
287,0,0.0,-0.0002533985581258341,0.0,0.0,-10.569592886327875
287,1,0.0,0.0,-0.0003876783586257114,0.0,-0.31991672205381394
287,2,0.0,0.0,0.0,0.0,-0.39423759513367207
287,3,0.0,0.0,0.0,0.0,0.0
287,4,0.0,0.0,0.0,0.0,0.0
288,0,0.0,-0.0002533985581258341,0.0,0.0,-10.589928936410653
288,1,0.0,0.0,-0.0003876783586257114,0.0,-0.31991672205381394
288,2,0.0,0.0,0.0,0.0,-0.39423759513367207
288,3,0.0,0.0,0.0,0.0,0.0
288,4,0.0,0.0,0.0,0.0,0.0
289,0,0.0,-0.0002533985581258341,0.0,0.0,-10.612707283684959
289,1,0.0,0.0,-0.0003876783586257114,0.0,-0.31991672205381394
289,2,0.0,0.0,0.0,0.0,-0.39423759513367207
289,3,0.0,0.0,0.0,0.0,0.0
289,4,0.0,0.0,0.0,0.0,0.0
290,0,0.0,-0.0002533985581258341,0.0,0.0,-10.63541979145879
290,1,0.0,0.0,-0.0003876783586257114,0.0,-0.31991672205381394
290,2,0.0,0.0,0.0,0.0,-0.39423759513367207
290,3,0.0,0.0,0.0,0.0,0.0
290,4,0.0,0.0,0.0,0.0,0.0
291,0,0.0,-0.0002533985581258341,0.0,0.0,-10.663066686084186
291,1,0.0,0.0,-0.0003876783586257114,0.0,-0.31991672205381394
291,2,0.0,0.0,0.0,0.0,-0.39423759513367207
291,3,0.0,0.0,0.0,0.0,0.0
291,4,0.0,0.0,0.0,0.0,0.0
292,0,0.0,-0.0002533985581258341,0.0,0.0,-10.6906315279941
292,1,0.0,0.0,-0.0003876783586257114,0.0,-0.31991672205381394
292,2,0.0,0.0,0.0,0.0,-0.39423759513367207
292,3,0.0,0.0,0.0,0.0,0.0
292,4,0.0,0.0,0.0,0.0,0.0
293,0,0.0,-0.0002533985581258341,0.0,0.0,-10.720614604323243
293,1,0.0,0.0,-0.0003876783586257114,0.0,-0.31991672205381394
293,2,0.0,0.0,0.0,0.0,-0.39423759513367207
293,3,0.0,0.0,0.0,0.0,0.0
293,4,0.0,0.0,0.0,0.0,0.0
294,0,0.0,-0.0002533985581258341,0.0,0.0,-10.745507868576496
294,1,0.0,0.0,-0.0003876783586257114,0.0,-0.31991672205381394
294,2,0.0,0.0,0.0,0.0,-0.39423759513367207
294,3,0.0,0.0,0.0,0.0,0.0
294,4,0.0,0.0,0.0,0.0,0.0
295,0,0.0,-0.0002533985581258341,0.0,0.0,-10.775328302006766
295,1,0.0,0.0,-0.0003876783586257114,0.0,-0.31991672205381394
295,2,0.0,0.0,0.0,0.0,-0.39423759513367207
295,3,0.0,0.0,0.0,0.0,0.0
295,4,0.0,0.0,0.0,0.0,0.0
296,0,0.0,-0.0002533985581258341,0.0,0.0,-10.80005949203596
296,1,0.0,0.0,-0.0003876783586257114,0.0,-0.31991672205381394
296,2,0.0,0.0,0.0,0.0,-0.39423759513367207
296,3,0.0,0.0,0.0,0.0,0.0
296,4,0.0,0.0,0.0,0.0,0.0
297,0,0.0,-0.0002533985581258341,0.0,0.0,-10.824718417744634
297,1,0.0,0.0,-0.0003876783586257114,0.0,-0.31991672205381394
297,2,0.0,0.0,0.0,0.0,-0.39423759513367207
297,3,0.0,0.0,0.0,0.0,0.0
297,4,0.0,0.0,0.0,0.0,0.0
298,0,0.0,-0.0002533985581258341,0.0,0.0,-10.846805329455824
298,1,0.0,0.0,-0.0003876783586257114,0.0,-0.31991672205381394
298,2,0.0,0.0,0.0,0.0,-0.39423759513367207
298,3,0.0,0.0,0.0,0.0,0.0
298,4,0.0,0.0,0.0,0.0,0.0
299,0,0.0,-0.0002533985581258341,0.0,0.0,-10.871328809074893
299,1,0.0,0.0,-0.0003876783586257114,0.0,-0.31991672205381394
299,2,0.0,0.0,0.0,0.0,-0.39423759513367207
299,3,0.0,0.0,0.0,0.0,0.0
299,4,0.0,0.0,0.0,0.0,0.0
300,0,0.0,-0.0002533985581258341,0.0,0.0,-10.89578074125227
300,1,0.0,0.0,-0.0003876783586257114,0.0,-0.31991672205381394
300,2,0.0,0.0,0.0,0.0,-0.39423759513367207
300,3,0.0,0.0,0.0,0.0,0.0
300,4,0.0,0.0,0.0,0.0,0.0
301,0,0.0,-0.0002533985581258341,0.0,0.0,-10.915161373597277
301,1,0.0,0.0,-0.0003876783586257114,0.0,-0.31991672205381394
301,2,0.0,0.0,0.0,0.0,-0.39423759513367207
301,3,0.0,0.0,0.0,0.0,0.0
301,4,0.0,0.0,0.0,0.0,0.0
302,0,0.0,-0.0002533985581258341,0.0,0.0,-10.941987617844795
302,1,0.0,0.0,-0.0003876783586257114,0.0,-0.31991672205381394
302,2,0.0,0.0,0.0,0.0,-0.39423759513367207
302,3,0.0,0.0,0.0,0.0,0.0
302,4,0.0,0.0,0.0,0.0,0.0
303,0,0.0,-0.0002533985581258341,0.0,0.0,-10.96873465964454
303,1,0.0,0.0,-0.0003876783586257114,0.0,-0.31991672205381394
303,2,0.0,0.0,0.0,0.0,-0.39423759513367207
303,3,0.0,0.0,0.0,0.0,0.0
303,4,0.0,0.0,0.0,0.0,0.0
304,0,0.0,-0.0002533985581258341,0.0,0.0,-10.985402775293561
304,1,0.0,0.0,-0.0003876783586257114,0.0,-0.31991672205381394
304,2,0.0,0.0,0.0,0.0,-0.39423759513367207
304,3,0.0,0.0,0.0,0.0,0.0
304,4,0.0,0.0,0.0,0.0,0.0
305,0,0.0,-0.0002533985581258341,0.0,0.0,-11.007025570164446
305,1,0.0,0.0,-0.0003876783586257114,0.0,-0.31991672205381394
305,2,0.0,0.0,0.0,0.0,-0.39423759513367207
305,3,0.0,0.0,0.0,0.0,0.0
305,4,0.0,0.0,0.0,0.0,0.0
306,0,0.0,-0.0002533985581258341,0.0,0.0,-11.028586528410004
306,1,0.0,0.0,-0.0003876783586257114,0.0,-0.31991672205381394
306,2,0.0,0.0,0.0,0.0,-0.39423759513367207
306,3,0.0,0.0,0.0,0.0,0.0
306,4,0.0,0.0,0.0,0.0,0.0
307,0,0.0,-0.0002533985581258341,0.0,0.0,-11.052585861190154
307,1,0.0,0.0,-0.0003876783586257114,0.0,-0.31991672205381394
307,2,0.0,0.0,0.0,0.0,-0.39423759513367207
307,3,0.0,0.0,0.0,0.0,0.0
307,4,0.0,0.0,0.0,0.0,0.0
308,0,0.0,-0.0002533985581258341,0.0,0.0,-11.076515446339089
308,1,0.0,0.0,-0.0003876783586257114,0.0,-0.31991672205381394
308,2,0.0,0.0,0.0,0.0,-0.39423759513367207
308,3,0.0,0.0,0.0,0.0,0.0
308,4,0.0,0.0,0.0,0.0,0.0
309,0,0.0,-0.0002533985581258341,0.0,0.0,-11.092875524677137
309,1,0.0,0.0,-0.0003876783586257114,0.0,-0.31991672205381394
309,2,0.0,0.0,0.0,0.0,-0.39423759513367207
309,3,0.0,0.0,0.0,0.0,0.0
309,4,0.0,0.0,0.0,0.0,0.0
310,0,0.0,-0.0002533985581258341,0.0,0.0,-11.11169133370968
310,1,0.0,0.0,-0.0003876783586257114,0.0,-0.31991672205381394
310,2,0.0,0.0,0.0,0.0,-0.39423759513367207
310,3,0.0,0.0,0.0,0.0,0.0
310,4,0.0,0.0,0.0,0.0,0.0
311,0,0.0,-0.0002533985581258341,0.0,0.0,-11.13795468617231
311,1,0.0,0.0,-0.0003876783586257114,0.0,-0.31991672205381394
311,2,0.0,0.0,0.0,0.0,-0.39423759513367207
311,3,0.0,0.0,0.0,0.0,0.0
311,4,0.0,0.0,0.0,0.0,0.0
312,0,0.0,-0.0002533985581258341,0.0,0.0,-11.154140760450037
312,1,0.0,0.0,-0.0003876783586257114,0.0,-0.31991672205381394
312,2,0.0,0.0,0.0,0.0,-0.39423759513367207
312,3,0.0,0.0,0.0,0.0,0.0
312,4,0.0,0.0,0.0,0.0,0.0
313,0,0.0,-0.0002533985581258341,0.0,0.0,-11.182783155733636
313,1,0.0,0.0,-0.0003876783586257114,0.0,-0.31991672205381394
313,2,0.0,0.0,0.0,0.0,-0.39423759513367207
313,3,0.0,0.0,0.0,0.0,0.0
313,4,0.0,0.0,0.0,0.0,0.0
314,0,0.0,-0.0002533985581258341,0.0,0.0,-11.208840352421618
314,1,0.0,0.0,-0.0003876783586257114,0.0,-0.31991672205381394
314,2,0.0,0.0,0.0,0.0,-0.39423759513367207
314,3,0.0,0.0,0.0,0.0,0.0
314,4,0.0,0.0,0.0,0.0,0.0
315,0,0.0,-0.0002533985581258341,0.0,0.0,-11.234820981805528
315,1,0.0,0.0,-0.0003876783586257114,0.0,-0.31991672205381394
315,2,0.0,0.0,0.0,0.0,-0.39423759513367207
315,3,0.0,0.0,0.0,0.0,0.0
315,4,0.0,0.0,0.0,0.0,0.0
316,0,0.0,-0.0002533985581258341,0.0,0.0,-11.263225310256702
316,1,0.0,0.0,-0.0003876783586257114,0.0,-0.31991672205381394
316,2,0.0,0.0,0.0,0.0,-0.39423759513367207
316,3,0.0,0.0,0.0,0.0,0.0
316,4,0.0,0.0,0.0,0.0,0.0
317,0,0.0,-0.0002533985581258341,0.0,0.0,-11.291545270599856
317,1,0.0,0.0,-0.0003876783586257114,0.0,-0.31991672205381394
317,2,0.0,0.0,0.0,0.0,-0.39423759513367207
317,3,0.0,0.0,0.0,0.0,0.0
317,4,0.0,0.0,0.0,0.0,0.0
318,0,0.0,-0.0002533985581258341,0.0,0.0,-11.319781158425851
318,1,0.0,0.0,-0.0003876783586257114,0.0,-0.31991672205381394
318,2,0.0,0.0,0.0,0.0,-0.39423759513367207
318,3,0.0,0.0,0.0,0.0,0.0
318,4,0.0,0.0,0.0,0.0,0.0
319,0,0.0,-0.0002533985581258341,0.0,0.0,-11.345433268194476
319,1,0.0,0.0,-0.0003876783586257114,0.0,-0.31991672205381394
319,2,0.0,0.0,0.0,0.0,-0.39423759513367207
319,3,0.0,0.0,0.0,0.0,0.0
319,4,0.0,0.0,0.0,0.0,0.0
320,0,0.0,-0.0002533985581258341,0.0,0.0,-11.373510225771351
320,1,0.0,0.0,-0.0003876783586257114,0.0,-0.31991672205381394
320,2,0.0,0.0,0.0,0.0,-0.39423759513367207
320,3,0.0,0.0,0.0,0.0,0.0
320,4,0.0,0.0,0.0,0.0,0.0
321,0,0.0,-0.0002533985581258341,0.0,0.0,-11.389003959591433
321,1,0.0,0.0,-0.0003876783586257114,0.0,-0.31991672205381394
321,2,0.0,0.0,0.0,0.0,-0.39423759513367207
321,3,0.0,0.0,0.0,0.0,0.0
321,4,0.0,0.0,0.0,0.0,0.0
322,0,0.0,-0.0002533985581258341,0.0,0.0,-11.41695642353534
322,1,0.0,0.0,-0.0003876783586257114,0.0,-0.31991672205381394
322,2,0.0,0.0,0.0,0.0,-0.39423759513367207
322,3,0.0,0.0,0.0,0.0,0.0
322,4,0.0,0.0,0.0,0.0,0.0
323,0,0.0,-0.0002533985581258341,0.0,0.0,-11.44482608882668
323,1,0.0,0.0,-0.0003876783586257114,0.0,-0.31991672205381394
323,2,0.0,0.0,0.0,0.0,-0.39423759513367207
323,3,0.0,0.0,0.0,0.0,0.0
323,4,0.0,0.0,0.0,0.0,0.0
324,0,0.0,-0.0002533985581258341,0.0,0.0,-11.465113245086695
324,1,0.0,0.0,-0.0003876783586257114,0.0,-0.31991672205381394
324,2,0.0,0.0,0.0,0.0,-0.39423759513367207
324,3,0.0,0.0,0.0,0.0,0.0
324,4,0.0,0.0,0.0,0.0,0.0
325,0,0.0,-0.0002533985581258341,0.0,0.0,-11.482843178426599
325,1,0.0,0.0,-0.0003876783586257114,0.0,-0.31991672205381394
325,2,0.0,0.0,0.0,0.0,-0.39423759513367207
325,3,0.0,0.0,0.0,0.0,0.0
325,4,0.0,0.0,0.0,0.0,0.0
326,0,0.0,-0.0002533985581258341,0.0,0.0,-11.503024415058322
326,1,0.0,0.0,-0.0003876783586257114,0.0,-0.31991672205381394
326,2,0.0,0.0,0.0,0.0,-0.39423759513367207
326,3,0.0,0.0,0.0,0.0,0.0
326,4,0.0,0.0,0.0,0.0,0.0
327,0,0.0,-0.0002533985581258341,0.0,0.0,-11.523148784161792
327,1,0.0,0.0,-0.0003876783586257114,0.0,-0.31991672205381394
327,2,0.0,0.0,0.0,0.0,-0.39423759513367207
327,3,0.0,0.0,0.0,0.0,0.0
327,4,0.0,0.0,0.0,0.0,0.0
328,0,0.0,-0.0002533985581258341,0.0,0.0,-11.53821647809785
328,1,0.0,0.0,-0.0003876783586257114,0.0,-0.31991672205381394
328,2,0.0,0.0,0.0,0.0,-0.39423759513367207
328,3,0.0,0.0,0.0,0.0,0.0
328,4,0.0,0.0,0.0,0.0,0.0
329,0,0.0,-0.0002533985581258341,0.0,0.0,-11.553244353573971
329,1,0.0,0.0,-0.0003876783586257114,0.0,-0.31991672205381394
329,2,0.0,0.0,0.0,0.0,-0.39423759513367207
329,3,0.0,0.0,0.0,0.0,0.0
329,4,0.0,0.0,0.0,0.0,0.0
330,0,0.0,-0.0002533985581258341,0.0,0.0,-11.573232539029712
330,1,0.0,0.0,-0.0003876783586257114,0.0,-0.31991672205381394
330,2,0.0,0.0,0.0,0.0,-0.39423759513367207
330,3,0.0,0.0,0.0,0.0,0.0
330,4,0.0,0.0,0.0,0.0,0.0
331,0,0.0,-0.0002533985581258341,0.0,0.0,-11.600664497377432
331,1,0.0,0.0,-0.0003876783586257114,0.0,-0.31991672205381394
331,2,0.0,0.0,0.0,0.0,-0.39423759513367207
331,3,0.0,0.0,0.0,0.0,0.0
331,4,0.0,0.0,0.0,0.0,0.0
332,0,0.0,-0.0002533985581258341,0.0,0.0,-11.615515421024444
332,1,0.0,0.0,-0.0003876783586257114,0.0,-0.31991672205381394
332,2,0.0,0.0,0.0,0.0,-0.39423759513367207
332,3,0.0,0.0,0.0,0.0,0.0
332,4,0.0,0.0,0.0,0.0,0.0
333,0,0.0,-0.0002533985581258341,0.0,0.0,-11.635327255660076
333,1,0.0,0.0,-0.0003876783586257114,0.0,-0.31991672205381394
333,2,0.0,0.0,0.0,0.0,-0.39423759513367207
333,3,0.0,0.0,0.0,0.0,0.0
333,4,0.0,0.0,0.0,0.0,0.0
334,0,0.0,-0.0002533985581258341,0.0,0.0,-11.660083461946286
334,1,0.0,0.0,-0.0003876783586257114,0.0,-0.31991672205381394
334,2,0.0,0.0,0.0,0.0,-0.39423759513367207
334,3,0.0,0.0,0.0,0.0,0.0
334,4,0.0,0.0,0.0,0.0,0.0
335,0,0.0,-0.0002533985581258341,0.0,0.0,-11.684767562581268
335,1,0.0,0.0,-0.0003876783586257114,0.0,-0.31991672205381394
335,2,0.0,0.0,0.0,0.0,-0.39423759513367207
335,3,0.0,0.0,0.0,0.0,0.0
335,4,0.0,0.0,0.0,0.0,0.0
336,0,0.0,-0.0002533985581258341,0.0,0.0,-11.711879807116015
336,1,0.0,0.0,-0.0003876783586257114,0.0,-0.31991672205381394
336,2,0.0,0.0,0.0,0.0,-0.39423759513367207
336,3,0.0,0.0,0.0,0.0,0.0
336,4,0.0,0.0,0.0,0.0,0.0
337,0,0.0,-0.0002533985581258341,0.0,0.0,-11.726412111622086
337,1,0.0,0.0,-0.0003876783586257114,0.0,-0.31991672205381394
337,2,0.0,0.0,0.0,0.0,-0.39423759513367207
337,3,0.0,0.0,0.0,0.0,0.0
337,4,0.0,0.0,0.0,0.0,0.0
338,0,0.0,-0.0002533985581258341,0.0,0.0,-11.748406417665931
338,1,0.0,0.0,-0.0003876783586257114,0.0,-0.31991672205381394
338,2,0.0,0.0,0.0,0.0,-0.39423759513367207
338,3,0.0,0.0,0.0,0.0,0.0
338,4,0.0,0.0,0.0,0.0,0.0
339,0,0.0,-0.0002533985581258341,0.0,0.0,-11.762837849270728
339,1,0.0,0.0,-0.0003876783586257114,0.0,-0.31991672205381394
339,2,0.0,0.0,0.0,0.0,-0.39423759513367207
339,3,0.0,0.0,0.0,0.0,0.0
339,4,0.0,0.0,0.0,0.0,0.0
340,0,0.0,-0.0002533985581258341,0.0,0.0,-11.777231618950438
340,1,0.0,0.0,-0.0003876783586257114,0.0,-0.31991672205381394
340,2,0.0,0.0,0.0,0.0,-0.39423759513367207
340,3,0.0,0.0,0.0,0.0,0.0
340,4,0.0,0.0,0.0,0.0,0.0
341,0,0.0,-0.0002533985581258341,0.0,0.0,-11.80408784708142
341,1,0.0,0.0,-0.0003876783586257114,0.0,-0.31991672205381394
341,2,0.0,0.0,0.0,0.0,-0.39423759513367207
341,3,0.0,0.0,0.0,0.0,0.0
341,4,0.0,0.0,0.0,0.0,0.0
342,0,0.0,-0.0002533985581258341,0.0,0.0,-11.818364990947787
342,1,0.0,0.0,-0.0003876783586257114,0.0,-0.31991672205381394
342,2,0.0,0.0,0.0,0.0,-0.39423759513367207
342,3,0.0,0.0,0.0,0.0,0.0
342,4,0.0,0.0,0.0,0.0,0.0
343,0,0.0,-0.0002533985581258341,0.0,0.0,-11.84010498894842
343,1,0.0,0.0,-0.0003876783586257114,0.0,-0.31991672205381394
343,2,0.0,0.0,0.0,0.0,-0.39423759513367207
343,3,0.0,0.0,0.0,0.0,0.0
343,4,0.0,0.0,0.0,0.0,0.0
344,0,0.0,-0.0002533985581258341,0.0,0.0,-11.864282961951401
344,1,0.0,0.0,-0.0003876783586257114,0.0,-0.31991672205381394
344,2,0.0,0.0,0.0,0.0,-0.39423759513367207
344,3,0.0,0.0,0.0,0.0,0.0
344,4,0.0,0.0,0.0,0.0,0.0
345,0,0.0,-0.0002533985581258341,0.0,0.0,-11.88339078919861
345,1,0.0,0.0,-0.0003876783586257114,0.0,-0.31991672205381394
345,2,0.0,0.0,0.0,0.0,-0.39423759513367207
345,3,0.0,0.0,0.0,0.0,0.0
345,4,0.0,0.0,0.0,0.0,0.0
346,0,0.0,-0.0002533985581258341,0.0,0.0,-11.899945377976826
346,1,0.0,0.0,-0.0003876783586257114,0.0,-0.31991672205381394
346,2,0.0,0.0,0.0,0.0,-0.39423759513367207
346,3,0.0,0.0,0.0,0.0,0.0
346,4,0.0,0.0,0.0,0.0,0.0
347,0,0.0,-0.0002533985581258341,0.0,0.0,-11.926455239634516
347,1,0.0,0.0,-0.0003876783586257114,0.0,-0.31991672205381394
347,2,0.0,0.0,0.0,0.0,-0.39423759513367207
347,3,0.0,0.0,0.0,0.0,0.0
347,4,0.0,0.0,0.0,0.0,0.0
348,0,0.0,-0.0002533985581258341,0.0,0.0,-11.942887190950012
348,1,0.0,0.0,-0.0003876783586257114,0.0,-0.31991672205381394
348,2,0.0,0.0,0.0,0.0,-0.39423759513367207
348,3,0.0,0.0,0.0,0.0,0.0
348,4,0.0,0.0,0.0,0.0,0.0
349,0,0.0,-0.0002533985581258341,0.0,0.0,-11.95677483339974
349,1,0.0,0.0,-0.0003876783586257114,0.0,-0.31991672205381394
349,2,0.0,0.0,0.0,0.0,-0.39423759513367207
349,3,0.0,0.0,0.0,0.0,0.0
349,4,0.0,0.0,0.0,0.0,0.0
350,0,0.0,-0.0002533985581258341,0.0,0.0,-11.973126644852547
350,1,0.0,0.0,-0.0003876783586257114,0.0,-0.31991672205381394
350,2,0.0,0.0,0.0,0.0,-0.39423759513367207
350,3,0.0,0.0,0.0,0.0,0.0
350,4,0.0,0.0,0.0,0.0,0.0
351,0,0.0,-0.0002533985581258341,0.0,0.0,-11.991934406338075
351,1,0.0,0.0,-0.0003876783586257114,0.0,-0.31991672205381394
351,2,0.0,0.0,0.0,0.0,-0.39423759513367207
351,3,0.0,0.0,0.0,0.0,0.0
351,4,0.0,0.0,0.0,0.0,0.0
352,0,0.0,-0.0002533985581258341,0.0,0.0,-12.010689929726476
352,1,0.0,0.0,-0.0003876783586257114,0.0,-0.31991672205381394
352,2,0.0,0.0,0.0,0.0,-0.39423759513367207
352,3,0.0,0.0,0.0,0.0,0.0
352,4,0.0,0.0,0.0,0.0,0.0
353,0,0.0,-0.0002533985581258341,0.0,0.0,-12.034393390137378
353,1,0.0,0.0,-0.0003876783586257114,0.0,-0.31991672205381394
353,2,0.0,0.0,0.0,0.0,-0.39423759513367207
353,3,0.0,0.0,0.0,0.0,0.0
353,4,0.0,0.0,0.0,0.0,0.0
354,0,0.0,-0.0002533985581258341,0.0,0.0,-12.060528296975868
354,1,0.0,0.0,-0.0003876783586257114,0.0,-0.31991672205381394
354,2,0.0,0.0,0.0,0.0,-0.39423759513367207
354,3,0.0,0.0,0.0,0.0,0.0
354,4,0.0,0.0,0.0,0.0,0.0
355,0,0.0,-0.0002533985581258341,0.0,0.0,-12.074086554020164
355,1,0.0,0.0,-0.0003876783586257114,0.0,-0.31991672205381394
355,2,0.0,0.0,0.0,0.0,-0.39423759513367207
355,3,0.0,0.0,0.0,0.0,0.0
355,4,0.0,0.0,0.0,0.0,0.0
356,0,0.0,-0.0002533985581258341,0.0,0.0,-12.097610090592012
356,1,0.0,0.0,-0.0003876783586257114,0.0,-0.31991672205381394
356,2,0.0,0.0,0.0,0.0,-0.39423759513367207
356,3,0.0,0.0,0.0,0.0,0.0
356,4,0.0,0.0,0.0,0.0,0.0
357,0,0.0,-0.0002533985581258341,0.0,0.0,-12.123565685986016
357,1,0.0,0.0,-0.0003876783586257114,0.0,-0.31991672205381394
357,2,0.0,0.0,0.0,0.0,-0.39423759513367207
357,3,0.0,0.0,0.0,0.0,0.0
357,4,0.0,0.0,0.0,0.0,0.0
358,0,0.0,-0.0002533985581258341,0.0,0.0,-12.144445241682737
358,1,0.0,0.0,-0.0003876783586257114,0.0,-0.31991672205381394
358,2,0.0,0.0,0.0,0.0,-0.39423759513367207
358,3,0.0,0.0,0.0,0.0,0.0
358,4,0.0,0.0,0.0,0.0,0.0
359,0,0.0,-0.0002533985581258341,0.0,0.0,-12.157765687118344
359,1,0.0,0.0,-0.0003876783586257114,0.0,-0.31991672205381394
359,2,0.0,0.0,0.0,0.0,-0.39423759513367207
359,3,0.0,0.0,0.0,0.0,0.0
359,4,0.0,0.0,0.0,0.0,0.0
360,0,0.0,-0.0002533985581258341,0.0,0.0,-12.176052220766548
360,1,0.0,0.0,-0.0003876783586257114,0.0,-0.31991672205381394
360,2,0.0,0.0,0.0,0.0,-0.39423759513367207
360,3,0.0,0.0,0.0,0.0,0.0
360,4,0.0,0.0,0.0,0.0,0.0
361,0,0.0,-0.0002533985581258341,0.0,0.0,-12.201788283954388
361,1,0.0,0.0,-0.0003876783586257114,0.0,-0.31991672205381394
361,2,0.0,0.0,0.0,0.0,-0.39423759513367207
361,3,0.0,0.0,0.0,0.0,0.0
361,4,0.0,0.0,0.0,0.0,0.0
362,0,0.0,-0.0002533985581258341,0.0,0.0,-12.224949047589517
362,1,0.0,0.0,-0.0003876783586257114,0.0,-0.31991672205381394
362,2,0.0,0.0,0.0,0.0,-0.39423759513367207
362,3,0.0,0.0,0.0,0.0,0.0
362,4,0.0,0.0,0.0,0.0,0.0
363,0,0.0,-0.0002533985581258341,0.0,0.0,-12.245543105817505
363,1,0.0,0.0,-0.0003876783586257114,0.0,-0.31991672205381394
363,2,0.0,0.0,0.0,0.0,-0.39423759513367207
363,3,0.0,0.0,0.0,0.0,0.0
363,4,0.0,0.0,0.0,0.0,0.0
364,0,0.0,-0.0002533985581258341,0.0,0.0,-12.258579020544003
364,1,0.0,0.0,-0.0003876783586257114,0.0,-0.31991672205381394
364,2,0.0,0.0,0.0,0.0,-0.39423759513367207
364,3,0.0,0.0,0.0,0.0,0.0
364,4,0.0,0.0,0.0,0.0,0.0
365,0,0.0,-0.0002533985581258341,0.0,0.0,-12.274081986628417
365,1,0.0,0.0,-0.0003876783586257114,0.0,-0.31991672205381394
365,2,0.0,0.0,0.0,0.0,-0.39423759513367207
365,3,0.0,0.0,0.0,0.0,0.0
365,4,0.0,0.0,0.0,0.0,0.0
366,0,0.0,-0.0002533985581258341,0.0,0.0,-12.287043774330218
366,1,0.0,0.0,-0.0003876783586257114,0.0,-0.31991672205381394
366,2,0.0,0.0,0.0,0.0,-0.39423759513367207
366,3,0.0,0.0,0.0,0.0,0.0
366,4,0.0,0.0,0.0,0.0,0.0
367,0,0.0,-0.0002533985581258341,0.0,0.0,-12.312472849856878
367,1,0.0,0.0,-0.0003876783586257114,0.0,-0.31991672205381394
367,2,0.0,0.0,0.0,0.0,-0.39423759513367207
367,3,0.0,0.0,0.0,0.0,0.0
367,4,0.0,0.0,0.0,0.0,0.0
368,0,0.0,-0.0002533985581258341,0.0,0.0,-12.327827652493406
368,1,0.0,0.0,-0.0003876783586257114,0.0,-0.31991672205381394
368,2,0.0,0.0,0.0,0.0,-0.39423759513367207
368,3,0.0,0.0,0.0,0.0,0.0
368,4,0.0,0.0,0.0,0.0,0.0
369,0,0.0,-0.0002533985581258341,0.0,0.0,-12.343141770178548
369,1,0.0,0.0,-0.0003876783586257114,0.0,-0.31991672205381394
369,2,0.0,0.0,0.0,0.0,-0.39423759513367207
369,3,0.0,0.0,0.0,0.0,0.0
369,4,0.0,0.0,0.0,0.0,0.0
370,0,0.0,-0.0002533985581258341,0.0,0.0,-12.365915334764713
370,1,0.0,0.0,-0.0003876783586257114,0.0,-0.31991672205381394
370,2,0.0,0.0,0.0,0.0,-0.39423759513367207
370,3,0.0,0.0,0.0,0.0,0.0
370,4,0.0,0.0,0.0,0.0,0.0
371,0,0.0,-0.0002533985581258341,0.0,0.0,-12.37862348003012
371,1,0.0,0.0,-0.0003876783586257114,0.0,-0.31991672205381394
371,2,0.0,0.0,0.0,0.0,-0.39423759513367207
371,3,0.0,0.0,0.0,0.0,0.0
371,4,0.0,0.0,0.0,0.0,0.0
372,0,0.0,-0.0002533985581258341,0.0,0.0,-12.39379976073616
372,1,0.0,0.0,-0.0003876783586257114,0.0,-0.31991672205381394
372,2,0.0,0.0,0.0,0.0,-0.39423759513367207
372,3,0.0,0.0,0.0,0.0,0.0
372,4,0.0,0.0,0.0,0.0,0.0
373,0,0.0,-0.0002533985581258341,0.0,0.0,-12.408935943158168
373,1,0.0,0.0,-0.0003876783586257114,0.0,-0.31991672205381394
373,2,0.0,0.0,0.0,0.0,-0.39423759513367207
373,3,0.0,0.0,0.0,0.0,0.0
373,4,0.0,0.0,0.0,0.0,0.0
374,0,0.0,-0.0002533985581258341,0.0,0.0,-12.434032157002733
374,1,0.0,0.0,-0.0003876783586257114,0.0,-0.31991672205381394
374,2,0.0,0.0,0.0,0.0,-0.39423759513367207
374,3,0.0,0.0,0.0,0.0,0.0
374,4,0.0,0.0,0.0,0.0,0.0
375,0,0.0,-0.0002533985581258341,0.0,0.0,-12.45405520137825
375,1,0.0,0.0,-0.0003876783586257114,0.0,-0.31991672205381394
375,2,0.0,0.0,0.0,0.0,-0.39423759513367207
375,3,0.0,0.0,0.0,0.0,0.0
375,4,0.0,0.0,0.0,0.0,0.0
376,0,0.0,-0.0002533985581258341,0.0,0.0,-12.47152199509632
376,1,0.0,0.0,-0.0003876783586257114,0.0,-0.31991672205381394
376,2,0.0,0.0,0.0,0.0,-0.39423759513367207
376,3,0.0,0.0,0.0,0.0,0.0
376,4,0.0,0.0,0.0,0.0,0.0
377,0,0.0,-0.0002533985581258341,0.0,0.0,-12.483941060983224
377,1,0.0,0.0,-0.0003876783586257114,0.0,-0.31991672205381394
377,2,0.0,0.0,0.0,0.0,-0.39423759513367207
377,3,0.0,0.0,0.0,0.0,0.0
377,4,0.0,0.0,0.0,0.0,0.0
378,0,0.0,-0.0002533985581258341,0.0,0.0,-12.50132922244245
378,1,0.0,0.0,-0.0003876783586257114,0.0,-0.31991672205381394
378,2,0.0,0.0,0.0,0.0,-0.39423759513367207
378,3,0.0,0.0,0.0,0.0,0.0
378,4,0.0,0.0,0.0,0.0,0.0
379,0,0.0,-0.0002533985581258341,0.0,0.0,-12.51616990967668
379,1,0.0,0.0,-0.0003876783586257114,0.0,-0.31991672205381394
379,2,0.0,0.0,0.0,0.0,-0.39423759513367207
379,3,0.0,0.0,0.0,0.0,0.0
379,4,0.0,0.0,0.0,0.0,0.0
380,0,0.0,-0.0002533985581258341,0.0,0.0,-12.533471612642488
380,1,0.0,0.0,-0.0003876783586257114,0.0,-0.31991672205381394
380,2,0.0,0.0,0.0,0.0,-0.39423759513367207
380,3,0.0,0.0,0.0,0.0,0.0
380,4,0.0,0.0,0.0,0.0,0.0
381,0,0.0,-0.0002533985581258341,0.0,0.0,-12.550726124407895
381,1,0.0,0.0,-0.0003876783586257114,0.0,-0.31991672205381394
381,2,0.0,0.0,0.0,0.0,-0.39423759513367207
381,3,0.0,0.0,0.0,0.0,0.0
381,4,0.0,0.0,0.0,0.0,0.0
382,0,0.0,-0.0002533985581258341,0.0,0.0,-12.572933601364673
382,1,0.0,0.0,-0.0003876783586257114,0.0,-0.31991672205381394
382,2,0.0,0.0,0.0,0.0,-0.39423759513367207
382,3,0.0,0.0,0.0,0.0,0.0
382,4,0.0,0.0,0.0,0.0,0.0
383,0,0.0,-0.0002533985581258341,0.0,0.0,-12.585077534264038
383,1,0.0,0.0,-0.0003876783586257114,0.0,-0.31991672205381394
383,2,0.0,0.0,0.0,0.0,-0.39423759513367207
383,3,0.0,0.0,0.0,0.0,0.0
383,4,0.0,0.0,0.0,0.0,0.0
384,0,0.0,-0.0002533985581258341,0.0,0.0,-12.607191470965812
384,1,0.0,0.0,-0.0003876783586257114,0.0,-0.31991672205381394
384,2,0.0,0.0,0.0,0.0,-0.39423759513367207
384,3,0.0,0.0,0.0,0.0,0.0
384,4,0.0,0.0,0.0,0.0,0.0
385,0,0.0,-0.0002533985581258341,0.0,0.0,-12.629242173273722
385,1,0.0,0.0,-0.0003876783586257114,0.0,-0.31991672205381394
385,2,0.0,0.0,0.0,0.0,-0.39423759513367207
385,3,0.0,0.0,0.0,0.0,0.0
385,4,0.0,0.0,0.0,0.0,0.0
386,0,0.0,-0.0002533985581258341,0.0,0.0,-12.651229857778816
386,1,0.0,0.0,-0.0003876783586257114,0.0,-0.31991672205381394
386,2,0.0,0.0,0.0,0.0,-0.39423759513367207
386,3,0.0,0.0,0.0,0.0,0.0
386,4,0.0,0.0,0.0,0.0,0.0
387,0,0.0,-0.0002533985581258341,0.0,0.0,-12.675654740255391
387,1,0.0,0.0,-0.0003876783586257114,0.0,-0.31991672205381394
387,2,0.0,0.0,0.0,0.0,-0.39423759513367207
387,3,0.0,0.0,0.0,0.0,0.0
387,4,0.0,0.0,0.0,0.0,0.0
388,0,0.0,-0.0002533985581258341,0.0,0.0,-12.700008703131891
388,1,0.0,0.0,-0.0003876783586257114,0.0,-0.31991672205381394
388,2,0.0,0.0,0.0,0.0,-0.39423759513367207
388,3,0.0,0.0,0.0,0.0,0.0
388,4,0.0,0.0,0.0,0.0,0.0
389,0,0.0,-0.0002533985581258341,0.0,0.0,-12.714291991802876
389,1,0.0,0.0,-0.0003876783586257114,0.0,-0.31991672205381394
389,2,0.0,0.0,0.0,0.0,-0.39423759513367207
389,3,0.0,0.0,0.0,0.0,0.0
389,4,0.0,0.0,0.0,0.0,0.0
390,0,0.0,-0.0002533985581258341,0.0,0.0,-12.728538180860397
390,1,0.0,0.0,-0.0003876783586257114,0.0,-0.31991672205381394
390,2,0.0,0.0,0.0,0.0,-0.39423759513367207
390,3,0.0,0.0,0.0,0.0,0.0
390,4,0.0,0.0,0.0,0.0,0.0
391,0,0.0,-0.0002533985581258341,0.0,0.0,-12.752747388862874
391,1,0.0,0.0,-0.0003876783586257114,0.0,-0.31991672205381394
391,2,0.0,0.0,0.0,0.0,-0.39423759513367207
391,3,0.0,0.0,0.0,0.0,0.0
391,4,0.0,0.0,0.0,0.0,0.0
392,0,0.0,-0.0002533985581258341,0.0,0.0,-12.764386403814667
392,1,0.0,0.0,-0.0003876783586257114,0.0,-0.31991672205381394
392,2,0.0,0.0,0.0,0.0,-0.39423759513367207
392,3,0.0,0.0,0.0,0.0,0.0
392,4,0.0,0.0,0.0,0.0,0.0
393,0,0.0,-0.0002533985581258341,0.0,0.0,-12.778497131064315
393,1,0.0,0.0,-0.0003876783586257114,0.0,-0.31991672205381394
393,2,0.0,0.0,0.0,0.0,-0.39423759513367207
393,3,0.0,0.0,0.0,0.0,0.0
393,4,0.0,0.0,0.0,0.0,0.0
394,0,0.0,-0.0002533985581258341,0.0,0.0,-12.797571323625029
394,1,0.0,0.0,-0.0003876783586257114,0.0,-0.31991672205381394
394,2,0.0,0.0,0.0,0.0,-0.39423759513367207
394,3,0.0,0.0,0.0,0.0,0.0
394,4,0.0,0.0,0.0,0.0,0.0
395,0,0.0,-0.0002533985581258341,0.0,0.0,-12.814092432928936
395,1,0.0,0.0,-0.0003876783586257114,0.0,-0.31991672205381394
395,2,0.0,0.0,0.0,0.0,-0.39423759513367207
395,3,0.0,0.0,0.0,0.0,0.0
395,4,0.0,0.0,0.0,0.0,0.0
396,0,0.0,-0.0002533985581258341,0.0,0.0,-12.835568970076618
396,1,0.0,0.0,-0.0003876783586257114,0.0,-0.31991672205381394
396,2,0.0,0.0,0.0,0.0,-0.39423759513367207
396,3,0.0,0.0,0.0,0.0,0.0
396,4,0.0,0.0,0.0,0.0,0.0
397,0,0.0,-0.0002533985581258341,0.0,0.0,-12.859484416662678
397,1,0.0,0.0,-0.0003876783586257114,0.0,-0.31991672205381394
397,2,0.0,0.0,0.0,0.0,-0.39423759513367207
397,3,0.0,0.0,0.0,0.0,0.0
397,4,0.0,0.0,0.0,0.0,0.0
398,0,0.0,-0.0002533985581258341,0.0,0.0,-12.883330648764748
398,1,0.0,0.0,-0.0003876783586257114,0.0,-0.31991672205381394
398,2,0.0,0.0,0.0,0.0,-0.39423759513367207
398,3,0.0,0.0,0.0,0.0,0.0
398,4,0.0,0.0,0.0,0.0,0.0
399,0,0.0,-0.0002533985581258341,0.0,0.0,-12.894607905451654
399,1,0.0,0.0,-0.0003876783586257114,0.0,-0.31991672205381394
399,2,0.0,0.0,0.0,0.0,-0.39423759513367207
399,3,0.0,0.0,0.0,0.0,0.0
399,4,0.0,0.0,0.0,0.0,0.0
400,0,0.0,-0.0002533985581258341,0.0,0.0,-12.910858087547068
400,1,0.0,0.0,-0.0003876783586257114,0.0,-0.31991672205381394
400,2,0.0,0.0,0.0,0.0,-0.39423759513367207
400,3,0.0,0.0,0.0,0.0,0.0
400,4,0.0,0.0,0.0,0.0,0.0
401,0,0.0,-0.0002533985581258341,0.0,0.0,-12.924564611024872
401,1,0.0,0.0,-0.0003876783586257114,0.0,-0.31991672205381394
401,2,0.0,0.0,0.0,0.0,-0.39423759513367207
401,3,0.0,0.0,0.0,0.0,0.0
401,4,0.0,0.0,0.0,0.0,0.0
402,0,0.0,-0.0002533985581258341,0.0,0.0,-12.948235951669096
402,1,0.0,0.0,-0.0003876783586257114,0.0,-0.31991672205381394
402,2,0.0,0.0,0.0,0.0,-0.39423759513367207
402,3,0.0,0.0,0.0,0.0,0.0
402,4,0.0,0.0,0.0,0.0,0.0
403,0,0.0,-0.0002533985581258341,0.0,0.0,-12.96683889083419
403,1,0.0,0.0,-0.0003876783586257114,0.0,-0.31991672205381394
403,2,0.0,0.0,0.0,0.0,-0.39423759513367207
403,3,0.0,0.0,0.0,0.0,0.0
403,4,0.0,0.0,0.0,0.0,0.0
404,0,0.0,-0.0002533985581258341,0.0,0.0,-12.99039032964794
404,1,0.0,0.0,-0.0003876783586257114,0.0,-0.31991672205381394
404,2,0.0,0.0,0.0,0.0,-0.39423759513367207
404,3,0.0,0.0,0.0,0.0,0.0
404,4,0.0,0.0,0.0,0.0,0.0
405,0,0.0,-0.0002533985581258341,0.0,0.0,-13.001373775725574
405,1,0.0,0.0,-0.0003876783586257114,0.0,-0.31991672205381394
405,2,0.0,0.0,0.0,0.0,-0.39423759513367207
405,3,0.0,0.0,0.0,0.0,0.0
405,4,0.0,0.0,0.0,0.0,0.0
406,0,0.0,-0.0002533985581258341,0.0,0.0,-13.019831126255239
406,1,0.0,0.0,-0.0003876783586257114,0.0,-0.31991672205381394
406,2,0.0,0.0,0.0,0.0,-0.39423759513367207
406,3,0.0,0.0,0.0,0.0,0.0
406,4,0.0,0.0,0.0,0.0,0.0
407,0,0.0,-0.0002533985581258341,0.0,0.0,-13.033237461057245
407,1,0.0,0.0,-0.0003876783586257114,0.0,-0.31991672205381394
407,2,0.0,0.0,0.0,0.0,-0.39423759513367207
407,3,0.0,0.0,0.0,0.0,0.0
407,4,0.0,0.0,0.0,0.0,0.0
408,0,0.0,-0.0002533985581258341,0.0,0.0,-13.046609616085055
408,1,0.0,0.0,-0.0003876783586257114,0.0,-0.31991672205381394
408,2,0.0,0.0,0.0,0.0,-0.39423759513367207
408,3,0.0,0.0,0.0,0.0,0.0
408,4,0.0,0.0,0.0,0.0,0.0
409,0,0.0,-0.0002533985581258341,0.0,0.0,-13.057447699104902
409,1,0.0,0.0,-0.0003876783586257114,0.0,-0.31991672205381394
409,2,0.0,0.0,0.0,0.0,-0.39423759513367207
409,3,0.0,0.0,0.0,0.0,0.0
409,4,0.0,0.0,0.0,0.0,0.0
410,0,0.0,-0.0002533985581258341,0.0,0.0,-13.07076015003324
410,1,0.0,0.0,-0.0003876783586257114,0.0,-0.31991672205381394
410,2,0.0,0.0,0.0,0.0,-0.39423759513367207
410,3,0.0,0.0,0.0,0.0,0.0
410,4,0.0,0.0,0.0,0.0,0.0
411,0,0.0,-0.0002533985581258341,0.0,0.0,-13.091538712097165
411,1,0.0,0.0,-0.0003876783586257114,0.0,-0.31991672205381394
411,2,0.0,0.0,0.0,0.0,-0.39423759513367207
411,3,0.0,0.0,0.0,0.0,0.0
411,4,0.0,0.0,0.0,0.0,0.0
412,0,0.0,-0.0002533985581258341,0.0,0.0,-13.114758494448795
412,1,0.0,0.0,-0.0003876783586257114,0.0,-0.31991672205381394
412,2,0.0,0.0,0.0,0.0,-0.39423759513367207
412,3,0.0,0.0,0.0,0.0,0.0
412,4,0.0,0.0,0.0,0.0,0.0
413,0,0.0,-0.0002533985581258341,0.0,0.0,-13.13041136465867
413,1,0.0,0.0,-0.0003876783586257114,0.0,-0.31991672205381394
413,2,0.0,0.0,0.0,0.0,-0.39423759513367207
413,3,0.0,0.0,0.0,0.0,0.0
413,4,0.0,0.0,0.0,0.0,0.0
414,0,0.0,-0.0002533985581258341,0.0,0.0,-13.14352255091903
414,1,0.0,0.0,-0.0003876783586257114,0.0,-0.31991672205381394
414,2,0.0,0.0,0.0,0.0,-0.39423759513367207
414,3,0.0,0.0,0.0,0.0,0.0
414,4,0.0,0.0,0.0,0.0,0.0
415,0,0.0,-0.0002533985581258341,0.0,0.0,-13.156600521751749
415,1,0.0,0.0,-0.0003876783586257114,0.0,-0.31991672205381394
415,2,0.0,0.0,0.0,0.0,-0.39423759513367207
415,3,0.0,0.0,0.0,0.0,0.0
415,4,0.0,0.0,0.0,0.0,0.0
416,0,0.0,-0.0002533985581258341,0.0,0.0,-13.169645381407046
416,1,0.0,0.0,-0.0003876783586257114,0.0,-0.31991672205381394
416,2,0.0,0.0,0.0,0.0,-0.39423759513367207
416,3,0.0,0.0,0.0,0.0,0.0
416,4,0.0,0.0,0.0,0.0,0.0
417,0,0.0,-0.0002533985581258341,0.0,0.0,-13.185157233766734
417,1,0.0,0.0,-0.0003876783586257114,0.0,-0.31991672205381394
417,2,0.0,0.0,0.0,0.0,-0.39423759513367207
417,3,0.0,0.0,0.0,0.0,0.0
417,4,0.0,0.0,0.0,0.0,0.0
418,0,0.0,-0.0002533985581258341,0.0,0.0,-13.200627849813278
418,1,0.0,0.0,-0.0003876783586257114,0.0,-0.31991672205381394
418,2,0.0,0.0,0.0,0.0,-0.39423759513367207
418,3,0.0,0.0,0.0,0.0,0.0
418,4,0.0,0.0,0.0,0.0,0.0
419,0,0.0,-0.0002533985581258341,0.0,0.0,-13.216057363939871
419,1,0.0,0.0,-0.0003876783586257114,0.0,-0.31991672205381394
419,2,0.0,0.0,0.0,0.0,-0.39423759513367207
419,3,0.0,0.0,0.0,0.0,0.0
419,4,0.0,0.0,0.0,0.0,0.0
420,0,0.0,-0.0002533985581258341,0.0,0.0,-13.228945910050546
420,1,0.0,0.0,-0.0003876783586257114,0.0,-0.31991672205381394
420,2,0.0,0.0,0.0,0.0,-0.39423759513367207
420,3,0.0,0.0,0.0,0.0,0.0
420,4,0.0,0.0,0.0,0.0,0.0
421,0,0.0,-0.0002533985581258341,0.0,0.0,-13.244301954094409
421,1,0.0,0.0,-0.0003876783586257114,0.0,-0.31991672205381394
421,2,0.0,0.0,0.0,0.0,-0.39423759513367207
421,3,0.0,0.0,0.0,0.0,0.0
421,4,0.0,0.0,0.0,0.0,0.0
422,0,0.0,-0.0002533985581258341,0.0,0.0,-13.267117265226494
422,1,0.0,0.0,-0.0003876783586257114,0.0,-0.31991672205381394
422,2,0.0,0.0,0.0,0.0,-0.39423759513367207
422,3,0.0,0.0,0.0,0.0,0.0
422,4,0.0,0.0,0.0,0.0,0.0
423,0,0.0,-0.0002533985581258341,0.0,0.0,-13.28736697842258
423,1,0.0,0.0,-0.0003876783586257114,0.0,-0.31991672205381394
423,2,0.0,0.0,0.0,0.0,-0.39423759513367207
423,3,0.0,0.0,0.0,0.0,0.0
423,4,0.0,0.0,0.0,0.0,0.0
424,0,0.0,-0.0002533985581258341,0.0,0.0,-13.302559652037747
424,1,0.0,0.0,-0.0003876783586257114,0.0,-0.31991672205381394
424,2,0.0,0.0,0.0,0.0,-0.39423759513367207
424,3,0.0,0.0,0.0,0.0,0.0
424,4,0.0,0.0,0.0,0.0,0.0
425,0,0.0,-0.0002533985581258341,0.0,0.0,-13.32521214486031
425,1,0.0,0.0,-0.0003876783586257114,0.0,-0.31991672205381394
425,2,0.0,0.0,0.0,0.0,-0.39423759513367207
425,3,0.0,0.0,0.0,0.0,0.0
425,4,0.0,0.0,0.0,0.0,0.0
426,0,0.0,-0.0002533985581258341,0.0,0.0,-13.345299589802071
426,1,0.0,0.0,-0.0003876783586257114,0.0,-0.31991672205381394
426,2,0.0,0.0,0.0,0.0,-0.39423759513367207
426,3,0.0,0.0,0.0,0.0,0.0
426,4,0.0,0.0,0.0,0.0,0.0
427,0,0.0,-0.0002533985581258341,0.0,0.0,-13.36533054316233
427,1,0.0,0.0,-0.0003876783586257114,0.0,-0.31991672205381394
427,2,0.0,0.0,0.0,0.0,-0.39423759513367207
427,3,0.0,0.0,0.0,0.0,0.0
427,4,0.0,0.0,0.0,0.0,0.0
428,0,0.0,-0.0002533985581258341,0.0,0.0,-13.382805196617092
428,1,0.0,0.0,-0.0003876783586257114,0.0,-0.31991672205381394
428,2,0.0,0.0,0.0,0.0,-0.39423759513367207
428,3,0.0,0.0,0.0,0.0,0.0
428,4,0.0,0.0,0.0,0.0,0.0
429,0,0.0,-0.0002533985581258341,0.0,0.0,-13.392733190325497
429,1,0.0,0.0,-0.0003876783586257114,0.0,-0.31991672205381394
429,2,0.0,0.0,0.0,0.0,-0.39423759513367207
429,3,0.0,0.0,0.0,0.0,0.0
429,4,0.0,0.0,0.0,0.0,0.0
430,0,0.0,-0.0002533985581258341,0.0,0.0,-13.407637442018356
430,1,0.0,0.0,-0.0003876783586257114,0.0,-0.31991672205381394
430,2,0.0,0.0,0.0,0.0,-0.39423759513367207
430,3,0.0,0.0,0.0,0.0,0.0
430,4,0.0,0.0,0.0,0.0,0.0
431,0,0.0,-0.0002533985581258341,0.0,0.0,-13.425002473530606
431,1,0.0,0.0,-0.0003876783586257114,0.0,-0.31991672205381394
431,2,0.0,0.0,0.0,0.0,-0.39423759513367207
431,3,0.0,0.0,0.0,0.0,0.0
431,4,0.0,0.0,0.0,0.0,0.0
432,0,0.0,-0.0002533985581258341,0.0,0.0,-13.44232007928479
432,1,0.0,0.0,-0.0003876783586257114,0.0,-0.31991672205381394
432,2,0.0,0.0,0.0,0.0,-0.39423759513367207
432,3,0.0,0.0,0.0,0.0,0.0
432,4,0.0,0.0,0.0,0.0,0.0
433,0,0.0,-0.0002533985581258341,0.0,0.0,-13.46209041701989
433,1,0.0,0.0,-0.0003876783586257114,0.0,-0.31991672205381394
433,2,0.0,0.0,0.0,0.0,-0.39423759513367207
433,3,0.0,0.0,0.0,0.0,0.0
433,4,0.0,0.0,0.0,0.0,0.0
434,0,0.0,-0.0002533985581258341,0.0,0.0,-13.479305311359472
434,1,0.0,0.0,-0.0003876783586257114,0.0,-0.31991672205381394
434,2,0.0,0.0,0.0,0.0,-0.39423759513367207
434,3,0.0,0.0,0.0,0.0,0.0
434,4,0.0,0.0,0.0,0.0,0.0
435,0,0.0,-0.0002533985581258341,0.0,0.0,-13.501473282655017
435,1,0.0,0.0,-0.0003876783586257114,0.0,-0.31991672205381394
435,2,0.0,0.0,0.0,0.0,-0.39423759513367207
435,3,0.0,0.0,0.0,0.0,0.0
435,4,0.0,0.0,0.0,0.0,0.0
436,0,0.0,-0.00042334776996743743,0.0,0.0,-13.501473282655017
436,1,0.0,0.0,-0.0003876783586257114,0.0,-0.38260150867185905
436,2,0.0,0.0,0.0,0.0,-0.39423759513367207
436,3,0.0,0.0,0.0,0.0,0.0
436,4,0.0,0.0,0.0,0.0,0.0
437,0,0.0,-0.00042334776996743743,0.0,0.0,-13.51607782171351
437,1,0.0,0.0,-0.0003876783586257114,0.0,-0.38260150867185905
437,2,0.0,0.0,0.0,0.0,-0.39423759513367207
437,3,0.0,0.0,0.0,0.0,0.0
437,4,0.0,0.0,0.0,0.0,0.0
438,0,0.0,-0.00042334776996743743,0.0,0.0,-13.530644143916028
438,1,0.0,0.0,-0.0003876783586257114,0.0,-0.38260150867185905
438,2,0.0,0.0,0.0,0.0,-0.39423759513367207
438,3,0.0,0.0,0.0,0.0,0.0
438,4,0.0,0.0,0.0,0.0,0.0
439,0,0.0,-0.00042334776996743743,0.0,0.0,-13.55017237249125
439,1,0.0,0.0,-0.0003876783586257114,0.0,-0.38260150867185905
439,2,0.0,0.0,0.0,0.0,-0.39423759513367207
439,3,0.0,0.0,0.0,0.0,0.0
439,4,0.0,0.0,0.0,0.0,0.0
440,0,0.0,-0.00042334776996743743,0.0,0.0,-13.56714596515798
440,1,0.0,0.0,-0.0003876783586257114,0.0,-0.38260150867185905
440,2,0.0,0.0,0.0,0.0,-0.39423759513367207
440,3,0.0,0.0,0.0,0.0,0.0
440,4,0.0,0.0,0.0,0.0,0.0
441,0,0.0,-0.00042334776996743743,0.0,0.0,-13.581573439276657
441,1,0.0,0.0,-0.0003876783586257114,0.0,-0.38260150867185905
441,2,0.0,0.0,0.0,0.0,-0.39423759513367207
441,3,0.0,0.0,0.0,0.0,0.0
441,4,0.0,0.0,0.0,0.0,0.0
442,0,0.0,-0.00042334776996743743,0.0,0.0,-13.595963280272086
442,1,0.0,0.0,-0.0003876783586257114,0.0,-0.38260150867185905
442,2,0.0,0.0,0.0,0.0,-0.39423759513367207
442,3,0.0,0.0,0.0,0.0,0.0
442,4,0.0,0.0,0.0,0.0,0.0
443,0,0.0,-0.00042334776996743743,0.0,0.0,-13.617815609228806
443,1,0.0,0.0,-0.0003876783586257114,0.0,-0.38260150867185905
443,2,0.0,0.0,0.0,0.0,-0.39423759513367207
443,3,0.0,0.0,0.0,0.0,0.0
443,4,0.0,0.0,0.0,0.0,0.0
444,0,0.0,-0.00042334776996743743,0.0,0.0,-13.627115639868475
444,1,0.0,0.0,-0.0003876783586257114,0.0,-0.38260150867185905
444,2,0.0,0.0,0.0,0.0,-0.39423759513367207
444,3,0.0,0.0,0.0,0.0,0.0
444,4,0.0,0.0,0.0,0.0,0.0
445,0,0.0,-0.00042334776996743743,0.0,0.0,-13.643885017921328
445,1,0.0,0.0,-0.0003876783586257114,0.0,-0.38260150867185905
445,2,0.0,0.0,0.0,0.0,-0.39423759513367207
445,3,0.0,0.0,0.0,0.0,0.0
445,4,0.0,0.0,0.0,0.0,0.0
446,0,0.0,-0.00042334776996743743,0.0,0.0,-13.660608943155312
446,1,0.0,0.0,-0.0003876783586257114,0.0,-0.38260150867185905
446,2,0.0,0.0,0.0,0.0,-0.39423759513367207
446,3,0.0,0.0,0.0,0.0,0.0
446,4,0.0,0.0,0.0,0.0,0.0
447,0,0.0,-0.00042334776996743743,0.0,0.0,-13.672287566037493
447,1,0.0,0.0,-0.0003876783586257114,0.0,-0.38260150867185905
447,2,0.0,0.0,0.0,0.0,-0.39423759513367207
447,3,0.0,0.0,0.0,0.0,0.0
447,4,0.0,0.0,0.0,0.0,0.0
448,0,0.0,-0.00042334776996743743,0.0,0.0,-13.683937701545196
448,1,0.0,0.0,-0.0003876783586257114,0.0,-0.38260150867185905
448,2,0.0,0.0,0.0,0.0,-0.39423759513367207
448,3,0.0,0.0,0.0,0.0,0.0
448,4,0.0,0.0,0.0,0.0,0.0
449,0,0.0,-0.00042334776996743743,0.0,0.0,-13.703059436550747
449,1,0.0,0.0,-0.0003876783586257114,0.0,-0.38260150867185905
449,2,0.0,0.0,0.0,0.0,-0.39423759513367207
449,3,0.0,0.0,0.0,0.0,0.0
449,4,0.0,0.0,0.0,0.0,0.0
450,0,0.0,-0.00042334776996743743,0.0,0.0,-13.722127860029216
450,1,0.0,0.0,-0.0003876783586257114,0.0,-0.38260150867185905
450,2,0.0,0.0,0.0,0.0,-0.39423759513367207
450,3,0.0,0.0,0.0,0.0,0.0
450,4,0.0,0.0,0.0,0.0,0.0
451,0,0.0,-0.00042334776996743743,0.0,0.0,-13.738643151985652
451,1,0.0,0.0,-0.0003876783586257114,0.0,-0.38260150867185905
451,2,0.0,0.0,0.0,0.0,-0.39423759513367207
451,3,0.0,0.0,0.0,0.0,0.0
451,4,0.0,0.0,0.0,0.0,0.0
452,0,0.0,-0.00042334776996743743,0.0,0.0,-13.760113824284629
452,1,0.0,0.0,-0.0003876783586257114,0.0,-0.38260150867185905
452,2,0.0,0.0,0.0,0.0,-0.39423759513367207
452,3,0.0,0.0,0.0,0.0,0.0
452,4,0.0,0.0,0.0,0.0,0.0
453,0,0.0,-0.00042334776996743743,0.0,0.0,-13.77652335927949
453,1,0.0,0.0,-0.0003876783586257114,0.0,-0.38260150867185905
453,2,0.0,0.0,0.0,0.0,-0.39423759513367207
453,3,0.0,0.0,0.0,0.0,0.0
453,4,0.0,0.0,0.0,0.0,0.0
454,0,0.0,-0.00042334776996743743,0.0,0.0,-13.785412353247185
454,1,0.0,0.0,-0.0003876783586257114,0.0,-0.38260150867185905
454,2,0.0,0.0,0.0,0.0,-0.39423759513367207
454,3,0.0,0.0,0.0,0.0,0.0
454,4,0.0,0.0,0.0,0.0,0.0
455,0,0.0,-0.00042334776996743743,0.0,0.0,-13.794282232189557
455,1,0.0,0.0,-0.0003876783586257114,0.0,-0.38260150867185905
455,2,0.0,0.0,0.0,0.0,-0.39423759513367207
455,3,0.0,0.0,0.0,0.0,0.0
455,4,0.0,0.0,0.0,0.0,0.0
456,0,0.0,-0.00042334776996743743,0.0,0.0,-13.808109086088717
456,1,0.0,0.0,-0.0003876783586257114,0.0,-0.38260150867185905
456,2,0.0,0.0,0.0,0.0,-0.39423759513367207
456,3,0.0,0.0,0.0,0.0,0.0
456,4,0.0,0.0,0.0,0.0,0.0
457,0,0.0,-0.00042334776996743743,0.0,0.0,-13.81940026033259
457,1,0.0,0.0,-0.0003876783586257114,0.0,-0.38260150867185905
457,2,0.0,0.0,0.0,0.0,-0.39423759513367207
457,3,0.0,0.0,0.0,0.0,0.0
457,4,0.0,0.0,0.0,0.0,0.0
458,0,0.0,-0.00042334776996743743,0.0,0.0,-13.833164201432032
458,1,0.0,0.0,-0.0003876783586257114,0.0,-0.38260150867185905
458,2,0.0,0.0,0.0,0.0,-0.39423759513367207
458,3,0.0,0.0,0.0,0.0,0.0
458,4,0.0,0.0,0.0,0.0,0.0
459,0,0.0,-0.00042334776996743743,0.0,0.0,-13.84689265918013
459,1,0.0,0.0,-0.0003876783586257114,0.0,-0.38260150867185905
459,2,0.0,0.0,0.0,0.0,-0.39423759513367207
459,3,0.0,0.0,0.0,0.0,0.0
459,4,0.0,0.0,0.0,0.0,0.0
460,0,0.0,-0.00042334776996743743,0.0,0.0,-13.865585746863795
460,1,0.0,0.0,-0.0003876783586257114,0.0,-0.38260150867185905
460,2,0.0,0.0,0.0,0.0,-0.39423759513367207
460,3,0.0,0.0,0.0,0.0,0.0
460,4,0.0,0.0,0.0,0.0,0.0
461,0,0.0,-0.00042334776996743743,0.0,0.0,-13.881726912298783
461,1,0.0,0.0,-0.0003876783586257114,0.0,-0.38260150867185905
461,2,0.0,0.0,0.0,0.0,-0.39423759513367207
461,3,0.0,0.0,0.0,0.0,0.0
461,4,0.0,0.0,0.0,0.0,0.0
462,0,0.0,-0.00042334776996743743,0.0,0.0,-13.895324662981045
462,1,0.0,0.0,-0.0003876783586257114,0.0,-0.38260150867185905
462,2,0.0,0.0,0.0,0.0,-0.39423759513367207
462,3,0.0,0.0,0.0,0.0,0.0
462,4,0.0,0.0,0.0,0.0,0.0
463,0,0.0,-0.00042334776996743743,0.0,0.0,-13.908887474509312
463,1,0.0,0.0,-0.0003876783586257114,0.0,-0.38260150867185905
463,2,0.0,0.0,0.0,0.0,-0.39423759513367207
463,3,0.0,0.0,0.0,0.0,0.0
463,4,0.0,0.0,0.0,0.0,0.0
464,0,0.0,-0.00042334776996743743,0.0,0.0,-13.917452801627604
464,1,0.0,0.0,-0.0003876783586257114,0.0,-0.38260150867185905
464,2,0.0,0.0,0.0,0.0,-0.39423759513367207
464,3,0.0,0.0,0.0,0.0,0.0
464,4,0.0,0.0,0.0,0.0,0.0
465,0,0.0,-0.00042334776996743743,0.0,0.0,-13.926000029481141
465,1,0.0,0.0,-0.0003876783586257114,0.0,-0.38260150867185905
465,2,0.0,0.0,0.0,0.0,-0.39423759513367207
465,3,0.0,0.0,0.0,0.0,0.0
465,4,0.0,0.0,0.0,0.0,0.0
466,0,0.0,-0.00042334776996743743,0.0,0.0,-13.939491594410145
466,1,0.0,0.0,-0.0003876783586257114,0.0,-0.38260150867185905
466,2,0.0,0.0,0.0,0.0,-0.39423759513367207
466,3,0.0,0.0,0.0,0.0,0.0
466,4,0.0,0.0,0.0,0.0,0.0
467,0,0.0,-0.00042334776996743743,0.0,0.0,-13.960448540025974
467,1,0.0,0.0,-0.0003876783586257114,0.0,-0.38260150867185905
467,2,0.0,0.0,0.0,0.0,-0.39423759513367207
467,3,0.0,0.0,0.0,0.0,0.0
467,4,0.0,0.0,0.0,0.0,0.0
468,0,0.0,-0.00042334776996743743,0.0,0.0,-13.981345978933057
468,1,0.0,0.0,-0.0003876783586257114,0.0,-0.38260150867185905
468,2,0.0,0.0,0.0,0.0,-0.39423759513367207
468,3,0.0,0.0,0.0,0.0,0.0
468,4,0.0,0.0,0.0,0.0,0.0
469,0,0.0,-0.00042334776996743743,0.0,0.0,-13.999684114670284
469,1,0.0,0.0,-0.0003876783586257114,0.0,-0.38260150867185905
469,2,0.0,0.0,0.0,0.0,-0.39423759513367207
469,3,0.0,0.0,0.0,0.0,0.0
469,4,0.0,0.0,0.0,0.0,0.0
470,0,0.0,-0.00042334776996743743,0.0,0.0,-14.017971482540958
470,1,0.0,0.0,-0.0003876783586257114,0.0,-0.38260150867185905
470,2,0.0,0.0,0.0,0.0,-0.39423759513367207
470,3,0.0,0.0,0.0,0.0,0.0
470,4,0.0,0.0,0.0,0.0,0.0
471,0,0.0,-0.00042334776996743743,0.0,0.0,-14.033708253307163
471,1,0.0,0.0,-0.0003876783586257114,0.0,-0.38260150867185905
471,2,0.0,0.0,0.0,0.0,-0.39423759513367207
471,3,0.0,0.0,0.0,0.0,0.0
471,4,0.0,0.0,0.0,0.0,0.0
472,0,0.0,-0.00042334776996743743,0.0,0.0,-14.044402929626497
472,1,0.0,0.0,-0.0003876783586257114,0.0,-0.38260150867185905
472,2,0.0,0.0,0.0,0.0,-0.39423759513367207
472,3,0.0,0.0,0.0,0.0,0.0
472,4,0.0,0.0,0.0,0.0,0.0
473,0,0.0,-0.00042334776996743743,0.0,0.0,-14.062572314810595
473,1,0.0,0.0,-0.0003876783586257114,0.0,-0.38260150867185905
473,2,0.0,0.0,0.0,0.0,-0.39423759513367207
473,3,0.0,0.0,0.0,0.0,0.0
473,4,0.0,0.0,0.0,0.0,0.0
474,0,0.0,-0.00042334776996743743,0.0,0.0,-14.083191486514473
474,1,0.0,0.0,-0.0003876783586257114,0.0,-0.38260150867185905
474,2,0.0,0.0,0.0,0.0,-0.39423759513367207
474,3,0.0,0.0,0.0,0.0,0.0
474,4,0.0,0.0,0.0,0.0,0.0
475,0,0.0,-0.00042334776996743743,0.0,0.0,-14.101252280934904
475,1,0.0,0.0,-0.0003876783586257114,0.0,-0.38260150867185905
475,2,0.0,0.0,0.0,0.0,-0.39423759513367207
475,3,0.0,0.0,0.0,0.0,0.0
475,4,0.0,0.0,0.0,0.0,0.0
476,0,0.0,-0.00042334776996743743,0.0,0.0,-14.114263229948504
476,1,0.0,0.0,-0.0003876783586257114,0.0,-0.38260150867185905
476,2,0.0,0.0,0.0,0.0,-0.39423759513367207
476,3,0.0,0.0,0.0,0.0,0.0
476,4,0.0,0.0,0.0,0.0,0.0
477,0,0.0,-0.00042334776996743743,0.0,0.0,-14.127241165968893
477,1,0.0,0.0,-0.0003876783586257114,0.0,-0.38260150867185905
477,2,0.0,0.0,0.0,0.0,-0.39423759513367207
477,3,0.0,0.0,0.0,0.0,0.0
477,4,0.0,0.0,0.0,0.0,0.0
478,0,0.0,-0.00042334776996743743,0.0,0.0,-14.140186193233635
478,1,0.0,0.0,-0.0003876783586257114,0.0,-0.38260150867185905
478,2,0.0,0.0,0.0,0.0,-0.39423759513367207
478,3,0.0,0.0,0.0,0.0,0.0
478,4,0.0,0.0,0.0,0.0,0.0
479,0,0.0,-0.00042334776996743743,0.0,0.0,-14.155598415609292
479,1,0.0,0.0,-0.0003876783586257114,0.0,-0.38260150867185905
479,2,0.0,0.0,0.0,0.0,-0.39423759513367207
479,3,0.0,0.0,0.0,0.0,0.0
479,4,0.0,0.0,0.0,0.0,0.0
480,0,0.0,-0.00042334776996743743,0.0,0.0,-14.173469604060505
480,1,0.0,0.0,-0.0003876783586257114,0.0,-0.38260150867185905
480,2,0.0,0.0,0.0,0.0,-0.39423759513367207
480,3,0.0,0.0,0.0,0.0,0.0
480,4,0.0,0.0,0.0,0.0,0.0
481,0,0.0,-0.00042334776996743743,0.0,0.0,-14.191291560427766
481,1,0.0,0.0,-0.0003876783586257114,0.0,-0.38260150867185905
481,2,0.0,0.0,0.0,0.0,-0.39423759513367207
481,3,0.0,0.0,0.0,0.0,0.0
481,4,0.0,0.0,0.0,0.0,0.0
482,0,0.0,-0.00042334776996743743,0.0,0.0,-14.209064449836223
482,1,0.0,0.0,-0.0003876783586257114,0.0,-0.38260150867185905
482,2,0.0,0.0,0.0,0.0,-0.39423759513367207
482,3,0.0,0.0,0.0,0.0,0.0
482,4,0.0,0.0,0.0,0.0,0.0
483,0,0.0,-0.00042334776996743743,0.0,0.0,-14.22428843679628
483,1,0.0,0.0,-0.0003876783586257114,0.0,-0.38260150867185905
483,2,0.0,0.0,0.0,0.0,-0.39423759513367207
483,3,0.0,0.0,0.0,0.0,0.0
483,4,0.0,0.0,0.0,0.0,0.0
484,0,0.0,-0.00042334776996743743,0.0,0.0,-14.232082461976182
484,1,0.0,0.0,-0.0003876783586257114,0.0,-0.38260150867185905
484,2,0.0,0.0,0.0,0.0,-0.39423759513367207
484,3,0.0,0.0,0.0,0.0,0.0
484,4,0.0,0.0,0.0,0.0,0.0
485,0,0.0,-0.00042334776996743743,0.0,0.0,-14.24225023561255
485,1,0.0,0.0,-0.0003876783586257114,0.0,-0.38260150867185905
485,2,0.0,0.0,0.0,0.0,-0.39423759513367207
485,3,0.0,0.0,0.0,0.0,0.0
485,4,0.0,0.0,0.0,0.0,0.0
486,0,0.0,-0.00042334776996743743,0.0,0.0,-14.262394440724337
486,1,0.0,0.0,-0.0003876783586257114,0.0,-0.38260150867185905
486,2,0.0,0.0,0.0,0.0,-0.39423759513367207
486,3,0.0,0.0,0.0,0.0,0.0
486,4,0.0,0.0,0.0,0.0,0.0
487,0,0.0,-0.00042334776996743743,0.0,0.0,-14.28248181613786
487,1,0.0,0.0,-0.0003876783586257114,0.0,-0.38260150867185905
487,2,0.0,0.0,0.0,0.0,-0.39423759513367207
487,3,0.0,0.0,0.0,0.0,0.0
487,4,0.0,0.0,0.0,0.0,0.0
488,0,0.0,-0.00042334776996743743,0.0,0.0,-14.29251255555454
488,1,0.0,0.0,-0.0003876783586257114,0.0,-0.38260150867185905
488,2,0.0,0.0,0.0,0.0,-0.39423759513367207
488,3,0.0,0.0,0.0,0.0,0.0
488,4,0.0,0.0,0.0,0.0,0.0
489,0,0.0,-0.00042334776996743743,0.0,0.0,-14.312520182075925
489,1,0.0,0.0,-0.0003876783586257114,0.0,-0.38260150867185905
489,2,0.0,0.0,0.0,0.0,-0.39423759513367207
489,3,0.0,0.0,0.0,0.0,0.0
489,4,0.0,0.0,0.0,0.0,0.0
490,0,0.0,-0.00042334776996743743,0.0,0.0,-14.32997143284233
490,1,0.0,0.0,-0.0003876783586257114,0.0,-0.38260150867185905
490,2,0.0,0.0,0.0,0.0,-0.39423759513367207
490,3,0.0,0.0,0.0,0.0,0.0
490,4,0.0,0.0,0.0,0.0,0.0
491,0,0.0,-0.00042334776996743743,0.0,0.0,-14.347374832408175
491,1,0.0,0.0,-0.0003876783586257114,0.0,-0.38260150867185905
491,2,0.0,0.0,0.0,0.0,-0.39423759513367207
491,3,0.0,0.0,0.0,0.0,0.0
491,4,0.0,0.0,0.0,0.0,0.0
492,0,0.0,-0.00042334776996743743,0.0,0.0,-14.357230540828859
492,1,0.0,0.0,-0.0003876783586257114,0.0,-0.38260150867185905
492,2,0.0,0.0,0.0,0.0,-0.39423759513367207
492,3,0.0,0.0,0.0,0.0,0.0
492,4,0.0,0.0,0.0,0.0,0.0
493,0,0.0,-0.00042334776996743743,0.0,0.0,-14.364719286595188
493,1,0.0,0.0,-0.0003876783586257114,0.0,-0.38260150867185905
493,2,0.0,0.0,0.0,0.0,-0.39423759513367207
493,3,0.0,0.0,0.0,0.0,0.0
493,4,0.0,0.0,0.0,0.0,0.0
494,0,0.0,-0.00042334776996743743,0.0,0.0,-14.379537580174308
494,1,0.0,0.0,-0.0003876783586257114,0.0,-0.38260150867185905
494,2,0.0,0.0,0.0,0.0,-0.39423759513367207
494,3,0.0,0.0,0.0,0.0,0.0
494,4,0.0,0.0,0.0,0.0,0.0
495,0,0.0,-0.00042334776996743743,0.0,0.0,-14.389316776979497
495,1,0.0,0.0,-0.0003876783586257114,0.0,-0.38260150867185905
495,2,0.0,0.0,0.0,0.0,-0.39423759513367207
495,3,0.0,0.0,0.0,0.0,0.0
495,4,0.0,0.0,0.0,0.0,0.0
496,0,0.0,-0.00042334776996743743,0.0,0.0,-14.406573669377703
496,1,0.0,0.0,-0.0003876783586257114,0.0,-0.38260150867185905
496,2,0.0,0.0,0.0,0.0,-0.39423759513367207
496,3,0.0,0.0,0.0,0.0,0.0
496,4,0.0,0.0,0.0,0.0,0.0
497,0,0.0,-0.00042334776996743743,0.0,0.0,-14.426283324122032
497,1,0.0,0.0,-0.0003876783586257114,0.0,-0.38260150867185905
497,2,0.0,0.0,0.0,0.0,-0.39423759513367207
497,3,0.0,0.0,0.0,0.0,0.0
497,4,0.0,0.0,0.0,0.0,0.0
498,0,0.0,-0.00042334776996743743,0.0,0.0,-14.44593756654995
498,1,0.0,0.0,-0.0003876783586257114,0.0,-0.38260150867185905
498,2,0.0,0.0,0.0,0.0,-0.39423759513367207
498,3,0.0,0.0,0.0,0.0,0.0
498,4,0.0,0.0,0.0,0.0,0.0
499,0,0.0,-0.00042334776996743743,0.0,0.0,-14.458036585188841
499,1,0.0,0.0,-0.0003876783586257114,0.0,-0.38260150867185905
499,2,0.0,0.0,0.0,0.0,-0.39423759513367207
499,3,0.0,0.0,0.0,0.0,0.0
499,4,0.0,0.0,0.0,0.0,0.0
500,0,0.0,-0.00042334776996743743,0.0,0.0,-14.472605565454073
500,1,0.0,0.0,-0.0003876783586257114,0.0,-0.38260150867185905
500,2,0.0,0.0,0.0,0.0,-0.39423759513367207
500,3,0.0,0.0,0.0,0.0,0.0
500,4,0.0,0.0,0.0,0.0,0.0
501,0,0.0,-0.00042334776996743743,0.0,0.0,-14.492136268193347
501,1,0.0,0.0,-0.0003876783586257114,0.0,-0.38260150867185905
501,2,0.0,0.0,0.0,0.0,-0.39423759513367207
501,3,0.0,0.0,0.0,0.0,0.0
501,4,0.0,0.0,0.0,0.0,0.0
502,0,0.0,-0.00042334776996743743,0.0,0.0,-14.499325873589282
502,1,0.0,0.0,-0.0003876783586257114,0.0,-0.38260150867185905
502,2,0.0,0.0,0.0,0.0,-0.39423759513367207
502,3,0.0,0.0,0.0,0.0,0.0
502,4,0.0,0.0,0.0,0.0,0.0
503,0,0.0,-0.00042334776996743743,0.0,0.0,-14.513787771249206
503,1,0.0,0.0,-0.0003876783586257114,0.0,-0.38260150867185905
503,2,0.0,0.0,0.0,0.0,-0.39423759513367207
503,3,0.0,0.0,0.0,0.0,0.0
503,4,0.0,0.0,0.0,0.0,0.0
504,0,0.0,-0.00042334776996743743,0.0,0.0,-14.52821173627165
504,1,0.0,0.0,-0.0003876783586257114,0.0,-0.38260150867185905
504,2,0.0,0.0,0.0,0.0,-0.39423759513367207
504,3,0.0,0.0,0.0,0.0,0.0
504,4,0.0,0.0,0.0,0.0,0.0
505,0,0.0,-0.00042334776996743743,0.0,0.0,-14.537598708531908
505,1,0.0,0.0,-0.0003876783586257114,0.0,-0.38260150867185905
505,2,0.0,0.0,0.0,0.0,-0.39423759513367207
505,3,0.0,0.0,0.0,0.0,0.0
505,4,0.0,0.0,0.0,0.0,0.0
506,0,0.0,-0.00042334776996743743,0.0,0.0,-14.556963837995822
506,1,0.0,0.0,-0.0003876783586257114,0.0,-0.38260150867185905
506,2,0.0,0.0,0.0,0.0,-0.39423759513367207
506,3,0.0,0.0,0.0,0.0,0.0
506,4,0.0,0.0,0.0,0.0,0.0
507,0,0.0,-0.00042334776996743743,0.0,0.0,-14.576274675089593
507,1,0.0,0.0,-0.0003876783586257114,0.0,-0.38260150867185905
507,2,0.0,0.0,0.0,0.0,-0.39423759513367207
507,3,0.0,0.0,0.0,0.0,0.0
507,4,0.0,0.0,0.0,0.0,0.0
508,0,0.0,-0.00042334776996743743,0.0,0.0,-14.590531404260863
508,1,0.0,0.0,-0.0003876783586257114,0.0,-0.38260150867185905
508,2,0.0,0.0,0.0,0.0,-0.39423759513367207
508,3,0.0,0.0,0.0,0.0,0.0
508,4,0.0,0.0,0.0,0.0,0.0
509,0,0.0,-0.00042334776996743743,0.0,0.0,-14.607250874328841
509,1,0.0,0.0,-0.0003876783586257114,0.0,-0.38260150867185905
509,2,0.0,0.0,0.0,0.0,-0.39423759513367207
509,3,0.0,0.0,0.0,0.0,0.0
509,4,0.0,0.0,0.0,0.0,0.0
510,0,0.0,-0.00042334776996743743,0.0,0.0,-14.614194922087663
510,1,0.0,0.0,-0.0003876783586257114,0.0,-0.38260150867185905
510,2,0.0,0.0,0.0,0.0,-0.39423759513367207
510,3,0.0,0.0,0.0,0.0,0.0
510,4,0.0,0.0,0.0,0.0,0.0
511,0,0.0,-0.00042334776996743743,0.0,0.0,-14.62585565144094
511,1,0.0,0.0,-0.0003876783586257114,0.0,-0.38260150867185905
511,2,0.0,0.0,0.0,0.0,-0.39423759513367207
511,3,0.0,0.0,0.0,0.0,0.0
511,4,0.0,0.0,0.0,0.0,0.0
512,0,0.0,-0.00042334776996743743,0.0,0.0,-14.63276241514365
512,1,0.0,0.0,-0.0003876783586257114,0.0,-0.38260150867185905
512,2,0.0,0.0,0.0,0.0,-0.39423759513367207
512,3,0.0,0.0,0.0,0.0,0.0
512,4,0.0,0.0,0.0,0.0,0.0
513,0,0.0,-0.00042334776996743743,0.0,0.0,-14.649381351037473
513,1,0.0,0.0,-0.0003876783586257114,0.0,-0.38260150867185905
513,2,0.0,0.0,0.0,0.0,-0.39423759513367207
513,3,0.0,0.0,0.0,0.0,0.0
513,4,0.0,0.0,0.0,0.0,0.0
514,0,0.0,-0.00042334776996743743,0.0,0.0,-14.6584582500356
514,1,0.0,0.0,-0.0003876783586257114,0.0,-0.38260150867185905
514,2,0.0,0.0,0.0,0.0,-0.39423759513367207
514,3,0.0,0.0,0.0,0.0,0.0
514,4,0.0,0.0,0.0,0.0,0.0
515,0,0.0,-0.00042334776996743743,0.0,0.0,-14.667515171439918
515,1,0.0,0.0,-0.0003876783586257114,0.0,-0.38260150867185905
515,2,0.0,0.0,0.0,0.0,-0.39423759513367207
515,3,0.0,0.0,0.0,0.0,0.0
515,4,0.0,0.0,0.0,0.0,0.0
516,0,0.0,-0.00042334776996743743,0.0,0.0,-14.684048924539102
516,1,0.0,0.0,-0.0003876783586257114,0.0,-0.38260150867185905
516,2,0.0,0.0,0.0,0.0,-0.39423759513367207
516,3,0.0,0.0,0.0,0.0,0.0
516,4,0.0,0.0,0.0,0.0,0.0
517,0,0.0,-0.00042334776996743743,0.0,0.0,-14.690836535593235
517,1,0.0,0.0,-0.0003876783586257114,0.0,-0.38260150867185905
517,2,0.0,0.0,0.0,0.0,-0.39423759513367207
517,3,0.0,0.0,0.0,0.0,0.0
517,4,0.0,0.0,0.0,0.0,0.0
518,0,0.0,-0.00042334776996743743,0.0,0.0,-14.699816411397459
518,1,0.0,0.0,-0.0003876783586257114,0.0,-0.38260150867185905
518,2,0.0,0.0,0.0,0.0,-0.39423759513367207
518,3,0.0,0.0,0.0,0.0,0.0
518,4,0.0,0.0,0.0,0.0,0.0
519,0,0.0,-0.00042334776996743743,0.0,0.0,-14.711272673275856
519,1,0.0,0.0,-0.0003876783586257114,0.0,-0.38260150867185905
519,2,0.0,0.0,0.0,0.0,-0.39423759513367207
519,3,0.0,0.0,0.0,0.0,0.0
519,4,0.0,0.0,0.0,0.0,0.0
520,0,0.0,-0.00042334776996743743,0.0,0.0,-14.72770092989918
520,1,0.0,0.0,-0.0003876783586257114,0.0,-0.38260150867185905
520,2,0.0,0.0,0.0,0.0,-0.39423759513367207
520,3,0.0,0.0,0.0,0.0,0.0
520,4,0.0,0.0,0.0,0.0,0.0
521,0,0.0,-0.00042334776996743743,0.0,0.0,-14.736589532746509
521,1,0.0,0.0,-0.0003876783586257114,0.0,-0.38260150867185905
521,2,0.0,0.0,0.0,0.0,-0.39423759513367207
521,3,0.0,0.0,0.0,0.0,0.0
521,4,0.0,0.0,0.0,0.0,0.0
522,0,0.0,-0.00042334776996743743,0.0,0.0,-14.74795374262614
522,1,0.0,0.0,-0.0003876783586257114,0.0,-0.38260150867185905
522,2,0.0,0.0,0.0,0.0,-0.39423759513367207
522,3,0.0,0.0,0.0,0.0,0.0
522,4,0.0,0.0,0.0,0.0,0.0
523,0,0.0,-0.00042334776996743743,0.0,0.0,-14.75461263760645
523,1,0.0,0.0,-0.0003876783586257114,0.0,-0.38260150867185905
523,2,0.0,0.0,0.0,0.0,-0.39423759513367207
523,3,0.0,0.0,0.0,0.0,0.0
523,4,0.0,0.0,0.0,0.0,0.0
524,0,0.0,-0.00042334776996743743,0.0,0.0,-14.768436642603872
524,1,0.0,0.0,-0.0003876783586257114,0.0,-0.38260150867185905
524,2,0.0,0.0,0.0,0.0,-0.39423759513367207
524,3,0.0,0.0,0.0,0.0,0.0
524,4,0.0,0.0,0.0,0.0,0.0
525,0,0.0,-0.00042334776996743743,0.0,0.0,-14.779724712988736
525,1,0.0,0.0,-0.0003876783586257114,0.0,-0.38260150867185905
525,2,0.0,0.0,0.0,0.0,-0.39423759513367207
525,3,0.0,0.0,0.0,0.0,0.0
525,4,0.0,0.0,0.0,0.0,0.0
526,0,0.0,-0.00042334776996743743,0.0,0.0,-14.795985297257323
526,1,0.0,0.0,-0.0003876783586257114,0.0,-0.38260150867185905
526,2,0.0,0.0,0.0,0.0,-0.39423759513367207
526,3,0.0,0.0,0.0,0.0,0.0
526,4,0.0,0.0,0.0,0.0,0.0
527,0,0.0,-0.00042334776996743743,0.0,0.0,-14.804708950841711
527,1,0.0,0.0,-0.0003876783586257114,0.0,-0.38260150867185905
527,2,0.0,0.0,0.0,0.0,-0.39423759513367207
527,3,0.0,0.0,0.0,0.0,0.0
527,4,0.0,0.0,0.0,0.0,0.0
528,0,0.0,-0.00042334776996743743,0.0,0.0,-14.811254503683523
528,1,0.0,0.0,-0.0003876783586257114,0.0,-0.38260150867185905
528,2,0.0,0.0,0.0,0.0,-0.39423759513367207
528,3,0.0,0.0,0.0,0.0,0.0
528,4,0.0,0.0,0.0,0.0,0.0
529,0,0.0,-0.00042334776996743743,0.0,0.0,-14.822439886112843
529,1,0.0,0.0,-0.0003876783586257114,0.0,-0.38260150867185905
529,2,0.0,0.0,0.0,0.0,-0.39423759513367207
529,3,0.0,0.0,0.0,0.0,0.0
529,4,0.0,0.0,0.0,0.0,0.0
530,0,0.0,-0.00042334776996743743,0.0,0.0,-14.828951088372754
530,1,0.0,0.0,-0.0003876783586257114,0.0,-0.38260150867185905
530,2,0.0,0.0,0.0,0.0,-0.39423759513367207
530,3,0.0,0.0,0.0,0.0,0.0
530,4,0.0,0.0,0.0,0.0,0.0
531,0,0.0,-0.00042334776996743743,0.0,0.0,-14.84509720820264
531,1,0.0,0.0,-0.0003876783586257114,0.0,-0.38260150867185905
531,2,0.0,0.0,0.0,0.0,-0.39423759513367207
531,3,0.0,0.0,0.0,0.0,0.0
531,4,0.0,0.0,0.0,0.0,0.0
532,0,0.0,-0.00042334776996743743,0.0,0.0,-14.856199600089521
532,1,0.0,0.0,-0.0003876783586257114,0.0,-0.38260150867185905
532,2,0.0,0.0,0.0,0.0,-0.39423759513367207
532,3,0.0,0.0,0.0,0.0,0.0
532,4,0.0,0.0,0.0,0.0,0.0
533,0,0.0,-0.0006661808863656335,0.0,0.0,-14.856199600089521
533,1,0.0,0.0,-0.0003876783586257114,0.0,-0.4400778074697696
533,2,0.0,0.0,0.0,0.0,-0.39423759513367207
533,3,0.0,0.0,0.0,0.0,0.0
533,4,0.0,0.0,0.0,0.0,0.0
534,0,0.0,-0.0006661808863656335,0.0,0.0,-14.872275074441145
534,1,0.0,0.0,-0.0003876783586257114,0.0,-0.4400778074697696
534,2,0.0,0.0,0.0,0.0,-0.39423759513367207
534,3,0.0,0.0,0.0,0.0,0.0
534,4,0.0,0.0,0.0,0.0,0.0
535,0,0.0,-0.0006661808863656335,0.0,0.0,-14.880817268831903
535,1,0.0,0.0,-0.0003876783586257114,0.0,-0.4400778074697696
535,2,0.0,0.0,0.0,0.0,-0.39423759513367207
535,3,0.0,0.0,0.0,0.0,0.0
535,4,0.0,0.0,0.0,0.0,0.0
536,0,0.0,-0.0006661808863656335,0.0,0.0,-14.899330834673938
536,1,0.0,0.0,-0.0003876783586257114,0.0,-0.4400778074697696
536,2,0.0,0.0,0.0,0.0,-0.39423759513367207
536,3,0.0,0.0,0.0,0.0,0.0
536,4,0.0,0.0,0.0,0.0,0.0
537,0,0.0,-0.0006661808863656335,0.0,0.0,-14.917792762715598
537,1,0.0,0.0,-0.0003876783586257114,0.0,-0.4400778074697696
537,2,0.0,0.0,0.0,0.0,-0.39423759513367207
537,3,0.0,0.0,0.0,0.0,0.0
537,4,0.0,0.0,0.0,0.0,0.0
538,0,0.0,-0.0006661808863656335,0.0,0.0,-14.931203228025051
538,1,0.0,0.0,-0.0003876783586257114,0.0,-0.4400778074697696
538,2,0.0,0.0,0.0,0.0,-0.39423759513367207
538,3,0.0,0.0,0.0,0.0,0.0
538,4,0.0,0.0,0.0,0.0,0.0
539,0,0.0,-0.0006661808863656335,0.0,0.0,-14.93959389884643
539,1,0.0,0.0,-0.0003876783586257114,0.0,-0.4400778074697696
539,2,0.0,0.0,0.0,0.0,-0.39423759513367207
539,3,0.0,0.0,0.0,0.0,0.0
539,4,0.0,0.0,0.0,0.0,0.0
540,0,0.0,-0.0006661808863656335,0.0,0.0,-14.945874821377561
540,1,0.0,0.0,-0.0003876783586257114,0.0,-0.4400778074697696
540,2,0.0,0.0,0.0,0.0,-0.39423759513367207
540,3,0.0,0.0,0.0,0.0,0.0
540,4,0.0,0.0,0.0,0.0,0.0
541,0,0.0,-0.0006661808863656335,0.0,0.0,-14.952144394778184
541,1,0.0,0.0,-0.0003876783586257114,0.0,-0.4400778074697696
541,2,0.0,0.0,0.0,0.0,-0.39423759513367207
541,3,0.0,0.0,0.0,0.0,0.0
541,4,0.0,0.0,0.0,0.0,0.0
542,0,0.0,-0.0006661808863656335,0.0,0.0,-14.96547944698443
542,1,0.0,0.0,-0.0003876783586257114,0.0,-0.4400778074697696
542,2,0.0,0.0,0.0,0.0,-0.39423759513367207
542,3,0.0,0.0,0.0,0.0,0.0
542,4,0.0,0.0,0.0,0.0,0.0
543,0,0.0,-0.0006661808863656335,0.0,0.0,-14.983780088458134
543,1,0.0,0.0,-0.0003876783586257114,0.0,-0.4400778074697696
543,2,0.0,0.0,0.0,0.0,-0.39423759513367207
543,3,0.0,0.0,0.0,0.0,0.0
543,4,0.0,0.0,0.0,0.0,0.0
544,0,0.0,-0.0006661808863656335,0.0,0.0,-14.99452976470996
544,1,0.0,0.0,-0.0003876783586257114,0.0,-0.4400778074697696
544,2,0.0,0.0,0.0,0.0,-0.39423759513367207
544,3,0.0,0.0,0.0,0.0,0.0
544,4,0.0,0.0,0.0,0.0,0.0
545,0,0.0,-0.0006661808863656335,0.0,0.0,-15.00525364600063
545,1,0.0,0.0,-0.0003876783586257114,0.0,-0.4400778074697696
545,2,0.0,0.0,0.0,0.0,-0.39423759513367207
545,3,0.0,0.0,0.0,0.0,0.0
545,4,0.0,0.0,0.0,0.0,0.0
546,0,0.0,-0.0006661808863656335,0.0,0.0,-15.013471270561109
546,1,0.0,0.0,-0.0003876783586257114,0.0,-0.4400778074697696
546,2,0.0,0.0,0.0,0.0,-0.39423759513367207
546,3,0.0,0.0,0.0,0.0,0.0
546,4,0.0,0.0,0.0,0.0,0.0
547,0,0.0,-0.0006661808863656335,0.0,0.0,-15.026652034163511
547,1,0.0,0.0,-0.0003876783586257114,0.0,-0.4400778074697696
547,2,0.0,0.0,0.0,0.0,-0.39423759513367207
547,3,0.0,0.0,0.0,0.0,0.0
547,4,0.0,0.0,0.0,0.0,0.0
548,0,0.0,-0.0006661808863656335,0.0,0.0,-15.039798873530964
548,1,0.0,0.0,-0.0003876783586257114,0.0,-0.4400778074697696
548,2,0.0,0.0,0.0,0.0,-0.39423759513367207
548,3,0.0,0.0,0.0,0.0,0.0
548,4,0.0,0.0,0.0,0.0,0.0
549,0,0.0,-0.0006661808863656335,0.0,0.0,-15.057911897504882
549,1,0.0,0.0,-0.0003876783586257114,0.0,-0.4400778074697696
549,2,0.0,0.0,0.0,0.0,-0.39423759513367207
549,3,0.0,0.0,0.0,0.0,0.0
549,4,0.0,0.0,0.0,0.0,0.0
550,0,0.0,-0.0006661808863656335,0.0,0.0,-15.073474549468889
550,1,0.0,0.0,-0.0003876783586257114,0.0,-0.4400778074697696
550,2,0.0,0.0,0.0,0.0,-0.39423759513367207
550,3,0.0,0.0,0.0,0.0,0.0
550,4,0.0,0.0,0.0,0.0,0.0
551,0,0.0,-0.0006661808863656335,0.0,0.0,-15.08152225888426
551,1,0.0,0.0,-0.0003876783586257114,0.0,-0.4400778074697696
551,2,0.0,0.0,0.0,0.0,-0.39423759513367207
551,3,0.0,0.0,0.0,0.0,0.0
551,4,0.0,0.0,0.0,0.0,0.0
552,0,0.0,-0.0006661808863656335,0.0,0.0,-15.09452617832215
552,1,0.0,0.0,-0.0003876783586257114,0.0,-0.4400778074697696
552,2,0.0,0.0,0.0,0.0,-0.39423759513367207
552,3,0.0,0.0,0.0,0.0,0.0
552,4,0.0,0.0,0.0,0.0,0.0
553,0,0.0,-0.0006661808863656335,0.0,0.0,-15.100513701017299
553,1,0.0,0.0,-0.0003876783586257114,0.0,-0.4400778074697696
553,2,0.0,0.0,0.0,0.0,-0.39423759513367207
553,3,0.0,0.0,0.0,0.0,0.0
553,4,0.0,0.0,0.0,0.0,0.0
554,0,0.0,-0.0006661808863656335,0.0,0.0,-15.113473611037074
554,1,0.0,0.0,-0.0003876783586257114,0.0,-0.4400778074697696
554,2,0.0,0.0,0.0,0.0,-0.39423759513367207
554,3,0.0,0.0,0.0,0.0,0.0
554,4,0.0,0.0,0.0,0.0,0.0
555,0,0.0,-0.0006661808863656335,0.0,0.0,-15.119426464012072
555,1,0.0,0.0,-0.0003876783586257114,0.0,-0.4400778074697696
555,2,0.0,0.0,0.0,0.0,-0.39423759513367207
555,3,0.0,0.0,0.0,0.0,0.0
555,4,0.0,0.0,0.0,0.0,0.0
556,0,0.0,-0.0006661808863656335,0.0,0.0,-15.134842584023946
556,1,0.0,0.0,-0.0003876783586257114,0.0,-0.4400778074697696
556,2,0.0,0.0,0.0,0.0,-0.39423759513367207
556,3,0.0,0.0,0.0,0.0,0.0
556,4,0.0,0.0,0.0,0.0,0.0
557,0,0.0,-0.0006661808863656335,0.0,0.0,-15.14075650833042
557,1,0.0,0.0,-0.0003876783586257114,0.0,-0.4400778074697696
557,2,0.0,0.0,0.0,0.0,-0.39423759513367207
557,3,0.0,0.0,0.0,0.0,0.0
557,4,0.0,0.0,0.0,0.0,0.0
558,0,0.0,-0.0006661808863656335,0.0,0.0,-15.146660054629638
558,1,0.0,0.0,-0.0003876783586257114,0.0,-0.4400778074697696
558,2,0.0,0.0,0.0,0.0,-0.39423759513367207
558,3,0.0,0.0,0.0,0.0,0.0
558,4,0.0,0.0,0.0,0.0,0.0
559,0,0.0,-0.0006661808863656335,0.0,0.0,-15.152553246039252
559,1,0.0,0.0,-0.0003876783586257114,0.0,-0.4400778074697696
559,2,0.0,0.0,0.0,0.0,-0.39423759513367207
559,3,0.0,0.0,0.0,0.0,0.0
559,4,0.0,0.0,0.0,0.0,0.0
560,0,0.0,-0.0006661808863656335,0.0,0.0,-15.167896611850427
560,1,0.0,0.0,-0.0003876783586257114,0.0,-0.4400778074697696
560,2,0.0,0.0,0.0,0.0,-0.39423759513367207
560,3,0.0,0.0,0.0,0.0,0.0
560,4,0.0,0.0,0.0,0.0,0.0
561,0,0.0,-0.0006661808863656335,0.0,0.0,-15.18069876005437
561,1,0.0,0.0,-0.0003876783586257114,0.0,-0.4400778074697696
561,2,0.0,0.0,0.0,0.0,-0.39423759513367207
561,3,0.0,0.0,0.0,0.0,0.0
561,4,0.0,0.0,0.0,0.0,0.0
562,0,0.0,-0.0006661808863656335,0.0,0.0,-15.188504923803695
562,1,0.0,0.0,-0.0003876783586257114,0.0,-0.4400778074697696
562,2,0.0,0.0,0.0,0.0,-0.39423759513367207
562,3,0.0,0.0,0.0,0.0,0.0
562,4,0.0,0.0,0.0,0.0,0.0
563,0,0.0,-0.0006661808863656335,0.0,0.0,-15.198758166259308
563,1,0.0,0.0,-0.0003876783586257114,0.0,-0.4400778074697696
563,2,0.0,0.0,0.0,0.0,-0.39423759513367207
563,3,0.0,0.0,0.0,0.0,0.0
563,4,0.0,0.0,0.0,0.0,0.0
564,0,0.0,-0.0006661808863656335,0.0,0.0,-15.206524992251598
564,1,0.0,0.0,-0.0003876783586257114,0.0,-0.4400778074697696
564,2,0.0,0.0,0.0,0.0,-0.39423759513367207
564,3,0.0,0.0,0.0,0.0,0.0
564,4,0.0,0.0,0.0,0.0,0.0
565,0,0.0,-0.0006661808863656335,0.0,0.0,-15.21673791928399
565,1,0.0,0.0,-0.0003876783586257114,0.0,-0.4400778074697696
565,2,0.0,0.0,0.0,0.0,-0.39423759513367207
565,3,0.0,0.0,0.0,0.0,0.0
565,4,0.0,0.0,0.0,0.0,0.0
566,0,0.0,-0.0006661808863656335,0.0,0.0,-15.229426692847191
566,1,0.0,0.0,-0.0003876783586257114,0.0,-0.4400778074697696
566,2,0.0,0.0,0.0,0.0,-0.39423759513367207
566,3,0.0,0.0,0.0,0.0,0.0
566,4,0.0,0.0,0.0,0.0,0.0
567,0,0.0,-0.0006661808863656335,0.0,0.0,-15.235168413000522
567,1,0.0,0.0,-0.0003876783586257114,0.0,-0.4400778074697696
567,2,0.0,0.0,0.0,0.0,-0.39423759513367207
567,3,0.0,0.0,0.0,0.0,0.0
567,4,0.0,0.0,0.0,0.0,0.0
568,0,0.0,-0.0006661808863656335,0.0,0.0,-15.245314745726242
568,1,0.0,0.0,-0.0003876783586257114,0.0,-0.4400778074697696
568,2,0.0,0.0,0.0,0.0,-0.39423759513367207
568,3,0.0,0.0,0.0,0.0,0.0
568,4,0.0,0.0,0.0,0.0,0.0
569,0,0.0,-0.0006661808863656335,0.0,0.0,-15.252978932386071
569,1,0.0,0.0,-0.0003876783586257114,0.0,-0.4400778074697696
569,2,0.0,0.0,0.0,0.0,-0.39423759513367207
569,3,0.0,0.0,0.0,0.0,0.0
569,4,0.0,0.0,0.0,0.0,0.0
570,0,0.0,-0.0006661808863656335,0.0,0.0,-15.258678108047249
570,1,0.0,0.0,-0.0003876783586257114,0.0,-0.4400778074697696
570,2,0.0,0.0,0.0,0.0,-0.39423759513367207
570,3,0.0,0.0,0.0,0.0,0.0
570,4,0.0,0.0,0.0,0.0,0.0
571,0,0.0,-0.0006661808863656335,0.0,0.0,-15.27627480854555
571,1,0.0,0.0,-0.0003876783586257114,0.0,-0.4400778074697696
571,2,0.0,0.0,0.0,0.0,-0.39423759513367207
571,3,0.0,0.0,0.0,0.0,0.0
571,4,0.0,0.0,0.0,0.0,0.0
572,0,0.0,-0.0006661808863656335,0.0,0.0,-15.28632269120769
572,1,0.0,0.0,-0.0003876783586257114,0.0,-0.4400778074697696
572,2,0.0,0.0,0.0,0.0,-0.39423759513367207
572,3,0.0,0.0,0.0,0.0,0.0
572,4,0.0,0.0,0.0,0.0,0.0
573,0,0.0,-0.0006661808863656335,0.0,0.0,-15.296346918815066
573,1,0.0,0.0,-0.0003876783586257114,0.0,-0.4400778074697696
573,2,0.0,0.0,0.0,0.0,-0.39423759513367207
573,3,0.0,0.0,0.0,0.0,0.0
573,4,0.0,0.0,0.0,0.0,0.0
574,0,0.0,-0.0006661808863656335,0.0,0.0,-15.303895504139582
574,1,0.0,0.0,-0.0003876783586257114,0.0,-0.4400778074697696
574,2,0.0,0.0,0.0,0.0,-0.39423759513367207
574,3,0.0,0.0,0.0,0.0,0.0
574,4,0.0,0.0,0.0,0.0,0.0
575,0,0.0,-0.0006661808863656335,0.0,0.0,-15.321380734751884
575,1,0.0,0.0,-0.0003876783586257114,0.0,-0.4400778074697696
575,2,0.0,0.0,0.0,0.0,-0.39423759513367207
575,3,0.0,0.0,0.0,0.0,0.0
575,4,0.0,0.0,0.0,0.0,0.0
576,0,0.0,-0.0006661808863656335,0.0,0.0,-15.33381749435962
576,1,0.0,0.0,-0.0003876783586257114,0.0,-0.4400778074697696
576,2,0.0,0.0,0.0,0.0,-0.39423759513367207
576,3,0.0,0.0,0.0,0.0,0.0
576,4,0.0,0.0,0.0,0.0,0.0
577,0,0.0,-0.0006661808863656335,0.0,0.0,-15.351222611986811
577,1,0.0,0.0,-0.0003876783586257114,0.0,-0.4400778074697696
577,2,0.0,0.0,0.0,0.0,-0.39423759513367207
577,3,0.0,0.0,0.0,0.0,0.0
577,4,0.0,0.0,0.0,0.0,0.0
578,0,0.0,-0.0006661808863656335,0.0,0.0,-15.361079523424912
578,1,0.0,0.0,-0.0003876783586257114,0.0,-0.4400778074697696
578,2,0.0,0.0,0.0,0.0,-0.39423759513367207
578,3,0.0,0.0,0.0,0.0,0.0
578,4,0.0,0.0,0.0,0.0,0.0
579,0,0.0,-0.0006661808863656335,0.0,0.0,-15.373413389252363
579,1,0.0,0.0,-0.0003876783586257114,0.0,-0.4400778074697696
579,2,0.0,0.0,0.0,0.0,-0.39423759513367207
579,3,0.0,0.0,0.0,0.0,0.0
579,4,0.0,0.0,0.0,0.0,0.0
580,0,0.0,-0.0006661808863656335,0.0,0.0,-15.378899509386379
580,1,0.0,0.0,-0.0003876783586257114,0.0,-0.4400778074697696
580,2,0.0,0.0,0.0,0.0,-0.39423759513367207
580,3,0.0,0.0,0.0,0.0,0.0
580,4,0.0,0.0,0.0,0.0,0.0
581,0,0.0,-0.0006661808863656335,0.0,0.0,-15.396192700980446
581,1,0.0,0.0,-0.0003876783586257114,0.0,-0.4400778074697696
581,2,0.0,0.0,0.0,0.0,-0.39423759513367207
581,3,0.0,0.0,0.0,0.0,0.0
581,4,0.0,0.0,0.0,0.0,0.0
582,0,0.0,-0.0006661808863656335,0.0,0.0,-15.410938037804453
582,1,0.0,0.0,-0.0003876783586257114,0.0,-0.4400778074697696
582,2,0.0,0.0,0.0,0.0,-0.39423759513367207
582,3,0.0,0.0,0.0,0.0,0.0
582,4,0.0,0.0,0.0,0.0,0.0
583,0,0.0,-0.0006661808863656335,0.0,0.0,-15.418215461293817
583,1,0.0,0.0,-0.0003876783586257114,0.0,-0.4400778074697696
583,2,0.0,0.0,0.0,0.0,-0.39423759513367207
583,3,0.0,0.0,0.0,0.0,0.0
583,4,0.0,0.0,0.0,0.0,0.0
584,0,0.0,-0.0006661808863656335,0.0,0.0,-15.435406860934267
584,1,0.0,0.0,-0.0003876783586257114,0.0,-0.4400778074697696
584,2,0.0,0.0,0.0,0.0,-0.39423759513367207
584,3,0.0,0.0,0.0,0.0,0.0
584,4,0.0,0.0,0.0,0.0,0.0
585,0,0.0,-0.0006661808863656335,0.0,0.0,-15.445050734732222
585,1,0.0,0.0,-0.0003876783586257114,0.0,-0.4400778074697696
585,2,0.0,0.0,0.0,0.0,-0.39423759513367207
585,3,0.0,0.0,0.0,0.0,0.0
585,4,0.0,0.0,0.0,0.0,0.0
586,0,0.0,-0.0006661808863656335,0.0,0.0,-15.45967224081736
586,1,0.0,0.0,-0.0003876783586257114,0.0,-0.4400778074697696
586,2,0.0,0.0,0.0,0.0,-0.39423759513367207
586,3,0.0,0.0,0.0,0.0,0.0
586,4,0.0,0.0,0.0,0.0,0.0
587,0,0.0,-0.0006661808863656335,0.0,0.0,-15.471754780323764
587,1,0.0,0.0,-0.0003876783586257114,0.0,-0.4400778074697696
587,2,0.0,0.0,0.0,0.0,-0.39423759513367207
587,3,0.0,0.0,0.0,0.0,0.0
587,4,0.0,0.0,0.0,0.0,0.0
588,0,0.0,-0.0006661808863656335,0.0,0.0,-15.477072591574002
588,1,0.0,0.0,-0.0003876783586257114,0.0,-0.4400778074697696
588,2,0.0,0.0,0.0,0.0,-0.39423759513367207
588,3,0.0,0.0,0.0,0.0,0.0
588,4,0.0,0.0,0.0,0.0,0.0
589,0,0.0,-0.0006661808863656335,0.0,0.0,-15.491615697595087
589,1,0.0,0.0,-0.0003876783586257114,0.0,-0.4400778074697696
589,2,0.0,0.0,0.0,0.0,-0.39423759513367207
589,3,0.0,0.0,0.0,0.0,0.0
589,4,0.0,0.0,0.0,0.0,0.0
590,0,0.0,-0.0006661808863656335,0.0,0.0,-15.49690029106224
590,1,0.0,0.0,-0.0003876783586257114,0.0,-0.4400778074697696
590,2,0.0,0.0,0.0,0.0,-0.39423759513367207
590,3,0.0,0.0,0.0,0.0,0.0
590,4,0.0,0.0,0.0,0.0,0.0
591,0,0.0,-0.0006661808863656335,0.0,0.0,-15.503985480004111
591,1,0.0,0.0,-0.0003876783586257114,0.0,-0.4400778074697696
591,2,0.0,0.0,0.0,0.0,-0.39423759513367207
591,3,0.0,0.0,0.0,0.0,0.0
591,4,0.0,0.0,0.0,0.0,0.0
592,0,0.0,-0.0006661808863656335,0.0,0.0,-15.518467009857142
592,1,0.0,0.0,-0.0003876783586257114,0.0,-0.4400778074697696
592,2,0.0,0.0,0.0,0.0,-0.39423759513367207
592,3,0.0,0.0,0.0,0.0,0.0
592,4,0.0,0.0,0.0,0.0,0.0
593,0,0.0,-0.0006661808863656335,0.0,0.0,-15.525504336188956
593,1,0.0,0.0,-0.0003876783586257114,0.0,-0.4400778074697696
593,2,0.0,0.0,0.0,0.0,-0.39423759513367207
593,3,0.0,0.0,0.0,0.0,0.0
593,4,0.0,0.0,0.0,0.0,0.0
594,0,0.0,-0.0006661808863656335,0.0,0.0,-15.530731167724516
594,1,0.0,0.0,-0.0003876783586257114,0.0,-0.4400778074697696
594,2,0.0,0.0,0.0,0.0,-0.39423759513367207
594,3,0.0,0.0,0.0,0.0,0.0
594,4,0.0,0.0,0.0,0.0,0.0
595,0,0.0,-0.0006661808863656335,0.0,0.0,-15.540151582965178
595,1,0.0,0.0,-0.0003876783586257114,0.0,-0.4400778074697696
595,2,0.0,0.0,0.0,0.0,-0.39423759513367207
595,3,0.0,0.0,0.0,0.0,0.0
595,4,0.0,0.0,0.0,0.0,0.0
596,0,0.0,-0.0006661808863656335,0.0,0.0,-15.5453536052113
596,1,0.0,0.0,-0.0003876783586257114,0.0,-0.4400778074697696
596,2,0.0,0.0,0.0,0.0,-0.39423759513367207
596,3,0.0,0.0,0.0,0.0,0.0
596,4,0.0,0.0,0.0,0.0,0.0
597,0,0.0,-0.0006661808863656335,0.0,0.0,-15.55974367731531
597,1,0.0,0.0,-0.0003876783586257114,0.0,-0.4400778074697696
597,2,0.0,0.0,0.0,0.0,-0.39423759513367207
597,3,0.0,0.0,0.0,0.0,0.0
597,4,0.0,0.0,0.0,0.0,0.0
598,0,0.0,-0.0006661808863656335,0.0,0.0,-15.574095470769256
598,1,0.0,0.0,-0.0003876783586257114,0.0,-0.4400778074697696
598,2,0.0,0.0,0.0,0.0,-0.39423759513367207
598,3,0.0,0.0,0.0,0.0,0.0
598,4,0.0,0.0,0.0,0.0,0.0
599,0,0.0,-0.0006661808863656335,0.0,0.0,-15.583409111678188
599,1,0.0,0.0,-0.0003876783586257114,0.0,-0.4400778074697696
599,2,0.0,0.0,0.0,0.0,-0.39423759513367207
599,3,0.0,0.0,0.0,0.0,0.0
599,4,0.0,0.0,0.0,0.0,0.0
600,0,0.0,-0.0006661808863656335,0.0,0.0,-15.588539412639745
600,1,0.0,0.0,-0.0003876783586257114,0.0,-0.4400778074697696
600,2,0.0,0.0,0.0,0.0,-0.39423759513367207
600,3,0.0,0.0,0.0,0.0,0.0
600,4,0.0,0.0,0.0,0.0,0.0
601,0,0.0,-0.0006661808863656335,0.0,0.0,-15.597823224346845
601,1,0.0,0.0,-0.0003876783586257114,0.0,-0.4400778074697696
601,2,0.0,0.0,0.0,0.0,-0.39423759513367207
601,3,0.0,0.0,0.0,0.0,0.0
601,4,0.0,0.0,0.0,0.0,0.0
602,0,0.0,-0.0006661808863656335,0.0,0.0,-15.604694213607077
602,1,0.0,0.0,-0.0003876783586257114,0.0,-0.4400778074697696
602,2,0.0,0.0,0.0,0.0,-0.39423759513367207
602,3,0.0,0.0,0.0,0.0,0.0
602,4,0.0,0.0,0.0,0.0,0.0
603,0,0.0,-0.0006661808863656335,0.0,0.0,-15.609788395462635
603,1,0.0,0.0,-0.0003876783586257114,0.0,-0.4400778074697696
603,2,0.0,0.0,0.0,0.0,-0.39423759513367207
603,3,0.0,0.0,0.0,0.0,0.0
603,4,0.0,0.0,0.0,0.0,0.0
604,0,0.0,-0.0006661808863656335,0.0,0.0,-15.626529136675645
604,1,0.0,0.0,-0.0003876783586257114,0.0,-0.4400778074697696
604,2,0.0,0.0,0.0,0.0,-0.39423759513367207
604,3,0.0,0.0,0.0,0.0,0.0
604,4,0.0,0.0,0.0,0.0,0.0
605,0,0.0,-0.0006661808863656335,0.0,0.0,-15.643223712029714
605,1,0.0,0.0,-0.0003876783586257114,0.0,-0.4400778074697696
605,2,0.0,0.0,0.0,0.0,-0.39423759513367207
605,3,0.0,0.0,0.0,0.0,0.0
605,4,0.0,0.0,0.0,0.0,0.0
606,0,0.0,-0.0006661808863656335,0.0,0.0,-15.649994741417704
606,1,0.0,0.0,-0.0003876783586257114,0.0,-0.4400778074697696
606,2,0.0,0.0,0.0,0.0,-0.39423759513367207
606,3,0.0,0.0,0.0,0.0,0.0
606,4,0.0,0.0,0.0,0.0,0.0
607,0,0.0,-0.0006661808863656335,0.0,0.0,-15.664130197600176
607,1,0.0,0.0,-0.0003876783586257114,0.0,-0.4400778074697696
607,2,0.0,0.0,0.0,0.0,-0.39423759513367207
607,3,0.0,0.0,0.0,0.0,0.0
607,4,0.0,0.0,0.0,0.0,0.0
608,0,0.0,-0.0006661808863656335,0.0,0.0,-15.675728163984031
608,1,0.0,0.0,-0.0003876783586257114,0.0,-0.4400778074697696
608,2,0.0,0.0,0.0,0.0,-0.39423759513367207
608,3,0.0,0.0,0.0,0.0,0.0
608,4,0.0,0.0,0.0,0.0,0.0
609,0,0.0,-0.0006661808863656335,0.0,0.0,-15.692297096419265
609,1,0.0,0.0,-0.0003876783586257114,0.0,-0.4400778074697696
609,2,0.0,0.0,0.0,0.0,-0.39423759513367207
609,3,0.0,0.0,0.0,0.0,0.0
609,4,0.0,0.0,0.0,0.0,0.0
610,0,0.0,-0.0006661808863656335,0.0,0.0,-15.703820421460685
610,1,0.0,0.0,-0.0003876783586257114,0.0,-0.4400778074697696
610,2,0.0,0.0,0.0,0.0,-0.39423759513367207
610,3,0.0,0.0,0.0,0.0,0.0
610,4,0.0,0.0,0.0,0.0,0.0
611,0,0.0,-0.0006661808863656335,0.0,0.0,-15.720314957953134
611,1,0.0,0.0,-0.0003876783586257114,0.0,-0.4400778074697696
611,2,0.0,0.0,0.0,0.0,-0.39423759513367207
611,3,0.0,0.0,0.0,0.0,0.0
611,4,0.0,0.0,0.0,0.0,0.0
612,0,0.0,-0.0006661808863656335,0.0,0.0,-15.731764131547992
612,1,0.0,0.0,-0.0003876783586257114,0.0,-0.4400778074697696
612,2,0.0,0.0,0.0,0.0,-0.39423759513367207
612,3,0.0,0.0,0.0,0.0,0.0
612,4,0.0,0.0,0.0,0.0,0.0
613,0,0.0,-0.0006661808863656335,0.0,0.0,-15.745684760190256
613,1,0.0,0.0,-0.0003876783586257114,0.0,-0.4400778074697696
613,2,0.0,0.0,0.0,0.0,-0.39423759513367207
613,3,0.0,0.0,0.0,0.0,0.0
613,4,0.0,0.0,0.0,0.0,0.0
614,0,0.0,-0.0006661808863656335,0.0,0.0,-15.752229345406809
614,1,0.0,0.0,-0.0003876783586257114,0.0,-0.4400778074697696
614,2,0.0,0.0,0.0,0.0,-0.39423759513367207
614,3,0.0,0.0,0.0,0.0,0.0
614,4,0.0,0.0,0.0,0.0,0.0
615,0,0.0,-0.0006661808863656335,0.0,0.0,-15.768600753231757
615,1,0.0,0.0,-0.0003876783586257114,0.0,-0.4400778074697696
615,2,0.0,0.0,0.0,0.0,-0.39423759513367207
615,3,0.0,0.0,0.0,0.0,0.0
615,4,0.0,0.0,0.0,0.0,0.0
616,0,0.0,-0.0006661808863656335,0.0,0.0,-15.782427191805322
616,1,0.0,0.0,-0.0003876783586257114,0.0,-0.4400778074697696
616,2,0.0,0.0,0.0,0.0,-0.39423759513367207
616,3,0.0,0.0,0.0,0.0,0.0
616,4,0.0,0.0,0.0,0.0,0.0
617,0,0.0,-0.0006661808863656335,0.0,0.0,-15.787238366622484
617,1,0.0,0.0,-0.0003876783586257114,0.0,-0.4400778074697696
617,2,0.0,0.0,0.0,0.0,-0.39423759513367207
617,3,0.0,0.0,0.0,0.0,0.0
617,4,0.0,0.0,0.0,0.0,0.0
618,0,0.0,-0.0006661808863656335,0.0,0.0,-15.801020653185155
618,1,0.0,0.0,-0.0003876783586257114,0.0,-0.4400778074697696
618,2,0.0,0.0,0.0,0.0,-0.39423759513367207
618,3,0.0,0.0,0.0,0.0,0.0
618,4,0.0,0.0,0.0,0.0,0.0
619,0,0.0,-0.0006661808863656335,0.0,0.0,-15.809766589485603
619,1,0.0,0.0,-0.0003876783586257114,0.0,-0.4400778074697696
619,2,0.0,0.0,0.0,0.0,-0.39423759513367207
619,3,0.0,0.0,0.0,0.0,0.0
619,4,0.0,0.0,0.0,0.0,0.0
620,0,0.0,-0.0006661808863656335,0.0,0.0,-15.816177075752881
620,1,0.0,0.0,-0.0003876783586257114,0.0,-0.4400778074697696
620,2,0.0,0.0,0.0,0.0,-0.39423759513367207
620,3,0.0,0.0,0.0,0.0,0.0
620,4,0.0,0.0,0.0,0.0,0.0
621,0,0.0,-0.0006661808863656335,0.0,0.0,-15.82257565911349
621,1,0.0,0.0,-0.0003876783586257114,0.0,-0.4400778074697696
621,2,0.0,0.0,0.0,0.0,-0.39423759513367207
621,3,0.0,0.0,0.0,0.0,0.0
621,4,0.0,0.0,0.0,0.0,0.0
622,0,0.0,-0.0006661808863656335,0.0,0.0,-15.831277957622293
622,1,0.0,0.0,-0.0003876783586257114,0.0,-0.4400778074697696
622,2,0.0,0.0,0.0,0.0,-0.39423759513367207
622,3,0.0,0.0,0.0,0.0,0.0
622,4,0.0,0.0,0.0,0.0,0.0
623,0,0.0,-0.0006661808863656335,0.0,0.0,-15.847460804198931
623,1,0.0,0.0,-0.0003876783586257114,0.0,-0.4400778074697696
623,2,0.0,0.0,0.0,0.0,-0.39423759513367207
623,3,0.0,0.0,0.0,0.0,0.0
623,4,0.0,0.0,0.0,0.0,0.0
624,0,0.0,-0.0006661808863656335,0.0,0.0,-15.85216898551517
624,1,0.0,0.0,-0.0003876783586257114,0.0,-0.4400778074697696
624,2,0.0,0.0,0.0,0.0,-0.39423759513367207
624,3,0.0,0.0,0.0,0.0,0.0
624,4,0.0,0.0,0.0,0.0,0.0
625,0,0.0,-0.0006661808863656335,0.0,0.0,-15.856869764645056
625,1,0.0,0.0,-0.0003876783586257114,0.0,-0.4400778074697696
625,2,0.0,0.0,0.0,0.0,-0.39423759513367207
625,3,0.0,0.0,0.0,0.0,0.0
625,4,0.0,0.0,0.0,0.0,0.0
626,0,0.0,-0.0006661808863656335,0.0,0.0,-15.865493391879856
626,1,0.0,0.0,-0.0003876783586257114,0.0,-0.4400778074697696
626,2,0.0,0.0,0.0,0.0,-0.39423759513367207
626,3,0.0,0.0,0.0,0.0,0.0
626,4,0.0,0.0,0.0,0.0,0.0
627,0,0.0,-0.0006661808863656335,0.0,0.0,-15.87179507012877
627,1,0.0,0.0,-0.0003876783586257114,0.0,-0.4400778074697696
627,2,0.0,0.0,0.0,0.0,-0.39423759513367207
627,3,0.0,0.0,0.0,0.0,0.0
627,4,0.0,0.0,0.0,0.0,0.0
628,0,0.0,-0.0006661808863656335,0.0,0.0,-15.885387715711973
628,1,0.0,0.0,-0.0003876783586257114,0.0,-0.4400778074697696
628,2,0.0,0.0,0.0,0.0,-0.39423759513367207
628,3,0.0,0.0,0.0,0.0,0.0
628,4,0.0,0.0,0.0,0.0,0.0
629,0,0.0,-0.0006661808863656335,0.0,0.0,-15.89894456216556
629,1,0.0,0.0,-0.0003876783586257114,0.0,-0.4400778074697696
629,2,0.0,0.0,0.0,0.0,-0.39423759513367207
629,3,0.0,0.0,0.0,0.0,0.0
629,4,0.0,0.0,0.0,0.0,0.0
630,0,0.0,-0.0006661808863656335,0.0,0.0,-15.903572612385661
630,1,0.0,0.0,-0.0003876783586257114,0.0,-0.4400778074697696
630,2,0.0,0.0,0.0,0.0,-0.39423759513367207
630,3,0.0,0.0,0.0,0.0,0.0
630,4,0.0,0.0,0.0,0.0,0.0
631,0,0.0,-0.0006661808863656335,0.0,0.0,-15.917086544136891
631,1,0.0,0.0,-0.0003876783586257114,0.0,-0.4400778074697696
631,2,0.0,0.0,0.0,0.0,-0.39423759513367207
631,3,0.0,0.0,0.0,0.0,0.0
631,4,0.0,0.0,0.0,0.0,0.0
632,0,0.0,-0.0006661808863656335,0.0,0.0,-15.9280649251501
632,1,0.0,0.0,-0.0003876783586257114,0.0,-0.4400778074697696
632,2,0.0,0.0,0.0,0.0,-0.39423759513367207
632,3,0.0,0.0,0.0,0.0,0.0
632,4,0.0,0.0,0.0,0.0,0.0
633,0,0.0,-0.0006661808863656335,0.0,0.0,-15.941516204383884
633,1,0.0,0.0,-0.0003876783586257114,0.0,-0.4400778074697696
633,2,0.0,0.0,0.0,0.0,-0.39423759513367207
633,3,0.0,0.0,0.0,0.0,0.0
633,4,0.0,0.0,0.0,0.0,0.0
634,0,0.0,-0.0006661808863656335,0.0,0.0,-15.947662586454962
634,1,0.0,0.0,-0.0003876783586257114,0.0,-0.4400778074697696
634,2,0.0,0.0,0.0,0.0,-0.39423759513367207
634,3,0.0,0.0,0.0,0.0,0.0
634,4,0.0,0.0,0.0,0.0,0.0
635,0,0.0,-0.0006661808863656335,0.0,0.0,-15.95221610090227
635,1,0.0,0.0,-0.0003876783586257114,0.0,-0.4400778074697696
635,2,0.0,0.0,0.0,0.0,-0.39423759513367207
635,3,0.0,0.0,0.0,0.0,0.0
635,4,0.0,0.0,0.0,0.0,0.0
636,0,0.0,-0.0006661808863656335,0.0,0.0,-15.963113651756931
636,1,0.0,0.0,-0.0003876783586257114,0.0,-0.4400778074697696
636,2,0.0,0.0,0.0,0.0,-0.39423759513367207
636,3,0.0,0.0,0.0,0.0,0.0
636,4,0.0,0.0,0.0,0.0,0.0
637,0,0.0,-0.0006661808863656335,0.0,0.0,-15.97648434167401
637,1,0.0,0.0,-0.0003876783586257114,0.0,-0.4400778074697696
637,2,0.0,0.0,0.0,0.0,-0.39423759513367207
637,3,0.0,0.0,0.0,0.0,0.0
637,4,0.0,0.0,0.0,0.0,0.0
638,0,0.0,-0.0006661808863656335,0.0,0.0,-15.982562706014916
638,1,0.0,0.0,-0.0003876783586257114,0.0,-0.4400778074697696
638,2,0.0,0.0,0.0,0.0,-0.39423759513367207
638,3,0.0,0.0,0.0,0.0,0.0
638,4,0.0,0.0,0.0,0.0,0.0
639,0,0.0,-0.0006661808863656335,0.0,0.0,-15.998387144765854
639,1,0.0,0.0,-0.0003876783586257114,0.0,-0.4400778074697696
639,2,0.0,0.0,0.0,0.0,-0.39423759513367207
639,3,0.0,0.0,0.0,0.0,0.0
639,4,0.0,0.0,0.0,0.0,0.0
640,0,0.0,-0.0006661808863656335,0.0,0.0,-16.014168282438046
640,1,0.0,0.0,-0.0003876783586257114,0.0,-0.4400778074697696
640,2,0.0,0.0,0.0,0.0,-0.39423759513367207
640,3,0.0,0.0,0.0,0.0,0.0
640,4,0.0,0.0,0.0,0.0,0.0
641,0,0.0,-0.0006661808863656335,0.0,0.0,-16.024906264655186
641,1,0.0,0.0,-0.0003876783586257114,0.0,-0.4400778074697696
641,2,0.0,0.0,0.0,0.0,-0.39423759513367207
641,3,0.0,0.0,0.0,0.0,0.0
641,4,0.0,0.0,0.0,0.0,0.0
642,0,0.0,-0.0006661808863656335,0.0,0.0,-16.033118715472416
642,1,0.0,0.0,-0.0003876783586257114,0.0,-0.4400778074697696
642,2,0.0,0.0,0.0,0.0,-0.39423759513367207
642,3,0.0,0.0,0.0,0.0,0.0
642,4,0.0,0.0,0.0,0.0,0.0
643,0,0.0,-0.0006661808863656335,0.0,0.0,-16.04381241762562
643,1,0.0,0.0,-0.0003876783586257114,0.0,-0.4400778074697696
643,2,0.0,0.0,0.0,0.0,-0.39423759513367207
643,3,0.0,0.0,0.0,0.0,0.0
643,4,0.0,0.0,0.0,0.0,0.0
644,0,0.0,-0.0006661808863656335,0.0,0.0,-16.056979907049268
644,1,0.0,0.0,-0.0003876783586257114,0.0,-0.4400778074697696
644,2,0.0,0.0,0.0,0.0,-0.39423759513367207
644,3,0.0,0.0,0.0,0.0,0.0
644,4,0.0,0.0,0.0,0.0,0.0
645,0,0.0,-0.0006661808863656335,0.0,0.0,-16.06511411556223
645,1,0.0,0.0,-0.0003876783586257114,0.0,-0.4400778074697696
645,2,0.0,0.0,0.0,0.0,-0.39423759513367207
645,3,0.0,0.0,0.0,0.0,0.0
645,4,0.0,0.0,0.0,0.0,0.0
646,0,0.0,-0.0006661808863656335,0.0,0.0,-16.07572944942393
646,1,0.0,0.0,-0.0003876783586257114,0.0,-0.4400778074697696
646,2,0.0,0.0,0.0,0.0,-0.39423759513367207
646,3,0.0,0.0,0.0,0.0,0.0
646,4,0.0,0.0,0.0,0.0,0.0
647,0,0.0,-0.0006661808863656335,0.0,0.0,-16.091318814374038
647,1,0.0,0.0,-0.0003876783586257114,0.0,-0.4400778074697696
647,2,0.0,0.0,0.0,0.0,-0.39423759513367207
647,3,0.0,0.0,0.0,0.0,0.0
647,4,0.0,0.0,0.0,0.0,0.0
648,0,0.0,-0.0006661808863656335,0.0,0.0,-16.106865626078207
648,1,0.0,0.0,-0.0003876783586257114,0.0,-0.4400778074697696
648,2,0.0,0.0,0.0,0.0,-0.39423759513367207
648,3,0.0,0.0,0.0,0.0,0.0
648,4,0.0,0.0,0.0,0.0,0.0
649,0,0.0,-0.0006661808863656335,0.0,0.0,-16.114872231826602
649,1,0.0,0.0,-0.0003876783586257114,0.0,-0.4400778074697696
649,2,0.0,0.0,0.0,0.0,-0.39423759513367207
649,3,0.0,0.0,0.0,0.0,0.0
649,4,0.0,0.0,0.0,0.0,0.0
650,0,0.0,-0.0006661808863656335,0.0,0.0,-16.122861610488002
650,1,0.0,0.0,-0.0003876783586257114,0.0,-0.4400778074697696
650,2,0.0,0.0,0.0,0.0,-0.39423759513367207
650,3,0.0,0.0,0.0,0.0,0.0
650,4,0.0,0.0,0.0,0.0,0.0
651,0,0.0,-0.0006661808863656335,0.0,0.0,-16.133331497450335
651,1,0.0,0.0,-0.0003876783586257114,0.0,-0.4400778074697696
651,2,0.0,0.0,0.0,0.0,-0.39423759513367207
651,3,0.0,0.0,0.0,0.0,0.0
651,4,0.0,0.0,0.0,0.0,0.0
652,0,0.0,-0.0006661808863656335,0.0,0.0,-16.148775877783855
652,1,0.0,0.0,-0.0003876783586257114,0.0,-0.4400778074697696
652,2,0.0,0.0,0.0,0.0,-0.39423759513367207
652,3,0.0,0.0,0.0,0.0,0.0
652,4,0.0,0.0,0.0,0.0,0.0
653,0,0.0,-0.0006661808863656335,0.0,0.0,-16.156681270530907
653,1,0.0,0.0,-0.0003876783586257114,0.0,-0.4400778074697696
653,2,0.0,0.0,0.0,0.0,-0.39423759513367207
653,3,0.0,0.0,0.0,0.0,0.0
653,4,0.0,0.0,0.0,0.0,0.0
654,0,0.0,-0.0006661808863656335,0.0,0.0,-16.16956658921744
654,1,0.0,0.0,-0.0003876783586257114,0.0,-0.4400778074697696
654,2,0.0,0.0,0.0,0.0,-0.39423759513367207
654,3,0.0,0.0,0.0,0.0,0.0
654,4,0.0,0.0,0.0,0.0,0.0
655,0,0.0,-0.0006661808863656335,0.0,0.0,-16.175264441565815
655,1,0.0,0.0,-0.0003876783586257114,0.0,-0.4400778074697696
655,2,0.0,0.0,0.0,0.0,-0.39423759513367207
655,3,0.0,0.0,0.0,0.0,0.0
655,4,0.0,0.0,0.0,0.0,0.0
656,0,0.0,-0.0006661808863656335,0.0,0.0,-16.190606105804083
656,1,0.0,0.0,-0.0003876783586257114,0.0,-0.4400778074697696
656,2,0.0,0.0,0.0,0.0,-0.39423759513367207
656,3,0.0,0.0,0.0,0.0,0.0
656,4,0.0,0.0,0.0,0.0,0.0
657,0,0.0,-0.0006661808863656335,0.0,0.0,-16.20590599794328
657,1,0.0,0.0,-0.0003876783586257114,0.0,-0.4400778074697696
657,2,0.0,0.0,0.0,0.0,-0.39423759513367207
657,3,0.0,0.0,0.0,0.0,0.0
657,4,0.0,0.0,0.0,0.0,0.0
658,0,0.0,-0.0006661808863656335,0.0,0.0,-16.21616425812084
658,1,0.0,0.0,-0.0003876783586257114,0.0,-0.4400778074697696
658,2,0.0,0.0,0.0,0.0,-0.39423759513367207
658,3,0.0,0.0,0.0,0.0,0.0
658,4,0.0,0.0,0.0,0.0,0.0
659,0,0.0,-0.0006661808863656335,0.0,0.0,-16.228897691015334
659,1,0.0,0.0,-0.0003876783586257114,0.0,-0.4400778074697696
659,2,0.0,0.0,0.0,0.0,-0.39423759513367207
659,3,0.0,0.0,0.0,0.0,0.0
659,4,0.0,0.0,0.0,0.0,0.0
660,0,0.0,-0.0006661808863656335,0.0,0.0,-16.233041048629353
660,1,0.0,0.0,-0.0003876783586257114,0.0,-0.4400778074697696
660,2,0.0,0.0,0.0,0.0,-0.39423759513367207
660,3,0.0,0.0,0.0,0.0,0.0
660,4,0.0,0.0,0.0,0.0,0.0
661,0,0.0,-0.0006661808863656335,0.0,0.0,-16.24823532968552
661,1,0.0,0.0,-0.0003876783586257114,0.0,-0.4400778074697696
661,2,0.0,0.0,0.0,0.0,-0.39423759513367207
661,3,0.0,0.0,0.0,0.0,0.0
661,4,0.0,0.0,0.0,0.0,0.0
662,0,0.0,-0.0006661808863656335,0.0,0.0,-16.263388313602288
662,1,0.0,0.0,-0.0003876783586257114,0.0,-0.4400778074697696
662,2,0.0,0.0,0.0,0.0,-0.39423759513367207
662,3,0.0,0.0,0.0,0.0,0.0
662,4,0.0,0.0,0.0,0.0,0.0
663,0,0.0,-0.0006661808863656335,0.0,0.0,-16.271008291802783
663,1,0.0,0.0,-0.0003876783586257114,0.0,-0.4400778074697696
663,2,0.0,0.0,0.0,0.0,-0.39423759513367207
663,3,0.0,0.0,0.0,0.0,0.0
663,4,0.0,0.0,0.0,0.0,0.0
664,0,0.0,-0.0006661808863656335,0.0,0.0,-16.278612309310954
664,1,0.0,0.0,-0.0003876783586257114,0.0,-0.4400778074697696
664,2,0.0,0.0,0.0,0.0,-0.39423759513367207
664,3,0.0,0.0,0.0,0.0,0.0
664,4,0.0,0.0,0.0,0.0,0.0
665,0,0.0,-0.0006661808863656335,0.0,0.0,-16.288692051593237
665,1,0.0,0.0,-0.0003876783586257114,0.0,-0.4400778074697696
665,2,0.0,0.0,0.0,0.0,-0.39423759513367207
665,3,0.0,0.0,0.0,0.0,0.0
665,4,0.0,0.0,0.0,0.0,0.0
666,0,0.0,-0.0006661808863656335,0.0,0.0,-16.29416810895957
666,1,0.0,0.0,-0.0003876783586257114,0.0,-0.4400778074697696
666,2,0.0,0.0,0.0,0.0,-0.39423759513367207
666,3,0.0,0.0,0.0,0.0,0.0
666,4,0.0,0.0,0.0,0.0,0.0
667,0,0.0,-0.0006661808863656335,0.0,0.0,-16.29963479456513
667,1,0.0,0.0,-0.0003876783586257114,0.0,-0.4400778074697696
667,2,0.0,0.0,0.0,0.0,-0.39423759513367207
667,3,0.0,0.0,0.0,0.0,0.0
667,4,0.0,0.0,0.0,0.0,0.0
668,0,0.0,-0.0006661808863656335,0.0,0.0,-16.30367678324365
668,1,0.0,0.0,-0.0003876783586257114,0.0,-0.4400778074697696
668,2,0.0,0.0,0.0,0.0,-0.39423759513367207
668,3,0.0,0.0,0.0,0.0,0.0
668,4,0.0,0.0,0.0,0.0,0.0
669,0,0.0,-0.0006661808863656335,0.0,0.0,-16.30912815933442
669,1,0.0,0.0,-0.0003876783586257114,0.0,-0.4400778074697696
669,2,0.0,0.0,0.0,0.0,-0.39423759513367207
669,3,0.0,0.0,0.0,0.0,0.0
669,4,0.0,0.0,0.0,0.0,0.0
670,0,0.0,-0.0006661808863656335,0.0,0.0,-16.314570215835175
670,1,0.0,0.0,-0.0003876783586257114,0.0,-0.4400778074697696
670,2,0.0,0.0,0.0,0.0,-0.39423759513367207
670,3,0.0,0.0,0.0,0.0,0.0
670,4,0.0,0.0,0.0,0.0,0.0
671,0,0.0,-0.0006661808863656335,0.0,0.0,-16.32000297322118
671,1,0.0,0.0,-0.0003876783586257114,0.0,-0.4400778074697696
671,2,0.0,0.0,0.0,0.0,-0.39423759513367207
671,3,0.0,0.0,0.0,0.0,0.0
671,4,0.0,0.0,0.0,0.0,0.0
672,0,0.0,-0.0006661808863656335,0.0,0.0,-16.32542645191414
672,1,0.0,0.0,-0.0003876783586257114,0.0,-0.4400778074697696
672,2,0.0,0.0,0.0,0.0,-0.39423759513367207
672,3,0.0,0.0,0.0,0.0,0.0
672,4,0.0,0.0,0.0,0.0,0.0
673,0,0.0,-0.0006661808863656335,0.0,0.0,-16.330840672286545
673,1,0.0,0.0,-0.0003876783586257114,0.0,-0.4400778074697696
673,2,0.0,0.0,0.0,0.0,-0.39423759513367207
673,3,0.0,0.0,0.0,0.0,0.0
673,4,0.0,0.0,0.0,0.0,0.0
674,0,0.0,-0.0006661808863656335,0.0,0.0,-16.33624565481593
674,1,0.0,0.0,-0.0003876783586257114,0.0,-0.4400778074697696
674,2,0.0,0.0,0.0,0.0,-0.39423759513367207
674,3,0.0,0.0,0.0,0.0,0.0
674,4,0.0,0.0,0.0,0.0,0.0
675,0,0.0,-0.0006661808863656335,0.0,0.0,-16.348720054984437
675,1,0.0,0.0,-0.0003876783586257114,0.0,-0.4400778074697696
675,2,0.0,0.0,0.0,0.0,-0.39423759513367207
675,3,0.0,0.0,0.0,0.0,0.0
675,4,0.0,0.0,0.0,0.0,0.0
676,0,0.0,-0.0006661808863656335,0.0,0.0,-16.361162105705766
676,1,0.0,0.0,-0.0003876783586257114,0.0,-0.4400778074697696
676,2,0.0,0.0,0.0,0.0,-0.39423759513367207
676,3,0.0,0.0,0.0,0.0,0.0
676,4,0.0,0.0,0.0,0.0,0.0
677,0,0.0,-0.0006661808863656335,0.0,0.0,-16.373571912127854
677,1,0.0,0.0,-0.0003876783586257114,0.0,-0.4400778074697696
677,2,0.0,0.0,0.0,0.0,-0.39423759513367207
677,3,0.0,0.0,0.0,0.0,0.0
677,4,0.0,0.0,0.0,0.0,0.0
678,0,0.0,-0.0006661808863656335,0.0,0.0,-16.378899451308648
678,1,0.0,0.0,-0.0003876783586257114,0.0,-0.4400778074697696
678,2,0.0,0.0,0.0,0.0,-0.39423759513367207
678,3,0.0,0.0,0.0,0.0,0.0
678,4,0.0,0.0,0.0,0.0,0.0
679,0,0.0,-0.0006661808863656335,0.0,0.0,-16.38876799326092
679,1,0.0,0.0,-0.0003876783586257114,0.0,-0.4400778074697696
679,2,0.0,0.0,0.0,0.0,-0.39423759513367207
679,3,0.0,0.0,0.0,0.0,0.0
679,4,0.0,0.0,0.0,0.0,0.0
680,0,0.0,-0.0006661808863656335,0.0,0.0,-16.40111285257438
680,1,0.0,0.0,-0.0003876783586257114,0.0,-0.4400778074697696
680,2,0.0,0.0,0.0,0.0,-0.39423759513367207
680,3,0.0,0.0,0.0,0.0,0.0
680,4,0.0,0.0,0.0,0.0,0.0
681,0,0.0,-0.0006661808863656335,0.0,0.0,-16.41592576942095
681,1,0.0,0.0,-0.0003876783586257114,0.0,-0.4400778074697696
681,2,0.0,0.0,0.0,0.0,-0.39423759513367207
681,3,0.0,0.0,0.0,0.0,0.0
681,4,0.0,0.0,0.0,0.0,0.0
682,0,0.0,-0.0006661808863656335,0.0,0.0,-16.419803225637903
682,1,0.0,0.0,-0.0003876783586257114,0.0,-0.4400778074697696
682,2,0.0,0.0,0.0,0.0,-0.39423759513367207
682,3,0.0,0.0,0.0,0.0,0.0
682,4,0.0,0.0,0.0,0.0,0.0
683,0,0.0,-0.0006661808863656335,0.0,0.0,-16.429570503790316
683,1,0.0,0.0,-0.0003876783586257114,0.0,-0.4400778074697696
683,2,0.0,0.0,0.0,0.0,-0.39423759513367207
683,3,0.0,0.0,0.0,0.0,0.0
683,4,0.0,0.0,0.0,0.0,0.0
684,0,0.0,-0.0006661808863656335,0.0,0.0,-16.434799218878265
684,1,0.0,0.0,-0.0003876783586257114,0.0,-0.4400778074697696
684,2,0.0,0.0,0.0,0.0,-0.39423759513367207
684,3,0.0,0.0,0.0,0.0,0.0
684,4,0.0,0.0,0.0,0.0,0.0
685,0,0.0,-0.0006661808863656335,0.0,0.0,-16.442049427813515
685,1,0.0,0.0,-0.0003876783586257114,0.0,-0.4400778074697696
685,2,0.0,0.0,0.0,0.0,-0.39423759513367207
685,3,0.0,0.0,0.0,0.0,0.0
685,4,0.0,0.0,0.0,0.0,0.0
686,0,0.0,-0.0006661808863656335,0.0,0.0,-16.451769461340497
686,1,0.0,0.0,-0.0003876783586257114,0.0,-0.4400778074697696
686,2,0.0,0.0,0.0,0.0,-0.39423759513367207
686,3,0.0,0.0,0.0,0.0,0.0
686,4,0.0,0.0,0.0,0.0,0.0
687,0,0.0,-0.0006661808863656335,0.0,0.0,-16.466466263808666
687,1,0.0,0.0,-0.0003876783586257114,0.0,-0.4400778074697696
687,2,0.0,0.0,0.0,0.0,-0.39423759513367207
687,3,0.0,0.0,0.0,0.0,0.0
687,4,0.0,0.0,0.0,0.0,0.0
688,0,0.0,-0.0006661808863656335,0.0,0.0,-16.476123241278703
688,1,0.0,0.0,-0.0003876783586257114,0.0,-0.4400778074697696
688,2,0.0,0.0,0.0,0.0,-0.39423759513367207
688,3,0.0,0.0,0.0,0.0,0.0
688,4,0.0,0.0,0.0,0.0,0.0
689,0,0.0,-0.0006661808863656335,0.0,0.0,-16.485757192179765
689,1,0.0,0.0,-0.0003876783586257114,0.0,-0.4400778074697696
689,2,0.0,0.0,0.0,0.0,-0.39423759513367207
689,3,0.0,0.0,0.0,0.0,0.0
689,4,0.0,0.0,0.0,0.0,0.0
690,0,0.0,-0.0006661808863656335,0.0,0.0,-16.500368186890416
690,1,0.0,0.0,-0.0003876783586257114,0.0,-0.4400778074697696
690,2,0.0,0.0,0.0,0.0,-0.39423759513367207
690,3,0.0,0.0,0.0,0.0,0.0
690,4,0.0,0.0,0.0,0.0,0.0
691,0,0.0,-0.0006661808863656335,0.0,0.0,-16.512439630478475
691,1,0.0,0.0,-0.0003876783586257114,0.0,-0.4400778074697696
691,2,0.0,0.0,0.0,0.0,-0.39423759513367207
691,3,0.0,0.0,0.0,0.0,0.0
691,4,0.0,0.0,0.0,0.0,0.0
692,0,0.0,-0.0006661808863656335,0.0,0.0,-16.519502423965022
692,1,0.0,0.0,-0.0003876783586257114,0.0,-0.4400778074697696
692,2,0.0,0.0,0.0,0.0,-0.39423759513367207
692,3,0.0,0.0,0.0,0.0,0.0
692,4,0.0,0.0,0.0,0.0,0.0
693,0,0.0,-0.0006661808863656335,0.0,0.0,-16.52323865389884
693,1,0.0,0.0,-0.0003876783586257114,0.0,-0.4400778074697696
693,2,0.0,0.0,0.0,0.0,-0.39423759513367207
693,3,0.0,0.0,0.0,0.0,0.0
693,4,0.0,0.0,0.0,0.0,0.0
694,0,0.0,-0.0006661808863656335,0.0,0.0,-16.535259437187506
694,1,0.0,0.0,-0.0003876783586257114,0.0,-0.4400778074697696
694,2,0.0,0.0,0.0,0.0,-0.39423759513367207
694,3,0.0,0.0,0.0,0.0,0.0
694,4,0.0,0.0,0.0,0.0,0.0
695,0,0.0,-0.0006661808863656335,0.0,0.0,-16.538974665725785
695,1,0.0,0.0,-0.0003876783586257114,0.0,-0.4400778074697696
695,2,0.0,0.0,0.0,0.0,-0.39423759513367207
695,3,0.0,0.0,0.0,0.0,0.0
695,4,0.0,0.0,0.0,0.0,0.0
696,0,0.0,-0.0006661808863656335,0.0,0.0,-16.545983432905476
696,1,0.0,0.0,-0.0003876783586257114,0.0,-0.4400778074697696
696,2,0.0,0.0,0.0,0.0,-0.39423759513367207
696,3,0.0,0.0,0.0,0.0,0.0
696,4,0.0,0.0,0.0,0.0,0.0
697,0,0.0,-0.0006661808863656335,0.0,0.0,-16.549683321089205
697,1,0.0,0.0,-0.0003876783586257114,0.0,-0.4400778074697696
697,2,0.0,0.0,0.0,0.0,-0.39423759513367207
697,3,0.0,0.0,0.0,0.0,0.0
697,4,0.0,0.0,0.0,0.0,0.0
698,0,0.0,-0.0006661808863656335,0.0,0.0,-16.559148718720007
698,1,0.0,0.0,-0.0003876783586257114,0.0,-0.4400778074697696
698,2,0.0,0.0,0.0,0.0,-0.39423759513367207
698,3,0.0,0.0,0.0,0.0,0.0
698,4,0.0,0.0,0.0,0.0,0.0
699,0,0.0,-0.0006661808863656335,0.0,0.0,-16.56611663792057
699,1,0.0,0.0,-0.0003876783586257114,0.0,-0.4400778074697696
699,2,0.0,0.0,0.0,0.0,-0.39423759513367207
699,3,0.0,0.0,0.0,0.0,0.0
699,4,0.0,0.0,0.0,0.0,0.0
700,0,0.0,-0.0006661808863656335,0.0,0.0,-16.575545413086278
700,1,0.0,0.0,-0.0003876783586257114,0.0,-0.4400778074697696
700,2,0.0,0.0,0.0,0.0,-0.39423759513367207
700,3,0.0,0.0,0.0,0.0,0.0
700,4,0.0,0.0,0.0,0.0,0.0
701,0,0.0,-0.0006661808863656335,0.0,0.0,-16.579204554439784
701,1,0.0,0.0,-0.0003876783586257114,0.0,-0.4400778074697696
701,2,0.0,0.0,0.0,0.0,-0.39423759513367207
701,3,0.0,0.0,0.0,0.0,0.0
701,4,0.0,0.0,0.0,0.0,0.0
702,0,0.0,-0.0006661808863656335,0.0,0.0,-16.586131948750875
702,1,0.0,0.0,-0.0003876783586257114,0.0,-0.4400778074697696
702,2,0.0,0.0,0.0,0.0,-0.39423759513367207
702,3,0.0,0.0,0.0,0.0,0.0
702,4,0.0,0.0,0.0,0.0,0.0
703,0,0.0,-0.0006661808863656335,0.0,0.0,-16.589776042068127
703,1,0.0,0.0,-0.0003876783586257114,0.0,-0.4400778074697696
703,2,0.0,0.0,0.0,0.0,-0.39423759513367207
703,3,0.0,0.0,0.0,0.0,0.0
703,4,0.0,0.0,0.0,0.0,0.0
704,0,0.0,-0.0006661808863656335,0.0,0.0,-16.593415030350407
704,1,0.0,0.0,-0.0003876783586257114,0.0,-0.4400778074697696
704,2,0.0,0.0,0.0,0.0,-0.39423759513367207
704,3,0.0,0.0,0.0,0.0,0.0
704,4,0.0,0.0,0.0,0.0,0.0
705,0,0.0,-0.0006661808863656335,0.0,0.0,-16.598364393110742
705,1,0.0,0.0,-0.0003876783586257114,0.0,-0.4400778074697696
705,2,0.0,0.0,0.0,0.0,-0.39423759513367207
705,3,0.0,0.0,0.0,0.0,0.0
705,4,0.0,0.0,0.0,0.0,0.0
706,0,0.0,-0.0006661808863656335,0.0,0.0,-16.610233712306016
706,1,0.0,0.0,-0.0003876783586257114,0.0,-0.4400778074697696
706,2,0.0,0.0,0.0,0.0,-0.39423759513367207
706,3,0.0,0.0,0.0,0.0,0.0
706,4,0.0,0.0,0.0,0.0,0.0
707,0,0.0,-0.0006661808863656335,0.0,0.0,-16.617100157940797
707,1,0.0,0.0,-0.0003876783586257114,0.0,-0.4400778074697696
707,2,0.0,0.0,0.0,0.0,-0.39423759513367207
707,3,0.0,0.0,0.0,0.0,0.0
707,4,0.0,0.0,0.0,0.0,0.0
708,0,0.0,-0.0006661808863656335,0.0,0.0,-16.628925045362344
708,1,0.0,0.0,-0.0003876783586257114,0.0,-0.4400778074697696
708,2,0.0,0.0,0.0,0.0,-0.39423759513367207
708,3,0.0,0.0,0.0,0.0,0.0
708,4,0.0,0.0,0.0,0.0,0.0
709,0,0.0,-0.0006661808863656335,0.0,0.0,-16.635749019287736
709,1,0.0,0.0,-0.0003876783586257114,0.0,-0.4400778074697696
709,2,0.0,0.0,0.0,0.0,-0.39423759513367207
709,3,0.0,0.0,0.0,0.0,0.0
709,4,0.0,0.0,0.0,0.0,0.0
710,0,0.0,-0.0006661808863656335,0.0,0.0,-16.647529736674638
710,1,0.0,0.0,-0.0003876783586257114,0.0,-0.4400778074697696
710,2,0.0,0.0,0.0,0.0,-0.39423759513367207
710,3,0.0,0.0,0.0,0.0,0.0
710,4,0.0,0.0,0.0,0.0,0.0
711,0,0.0,-0.0006661808863656335,0.0,0.0,-16.659280193175174
711,1,0.0,0.0,-0.0003876783586257114,0.0,-0.4400778074697696
711,2,0.0,0.0,0.0,0.0,-0.39423759513367207
711,3,0.0,0.0,0.0,0.0,0.0
711,4,0.0,0.0,0.0,0.0,0.0
712,0,0.0,-0.0006661808863656335,0.0,0.0,-16.66282672553212
712,1,0.0,0.0,-0.0003876783586257114,0.0,-0.4400778074697696
712,2,0.0,0.0,0.0,0.0,-0.39423759513367207
712,3,0.0,0.0,0.0,0.0,0.0
712,4,0.0,0.0,0.0,0.0,0.0
713,0,0.0,-0.0006661808863656335,0.0,0.0,-16.66765968713761
713,1,0.0,0.0,-0.0003876783586257114,0.0,-0.4400778074697696
713,2,0.0,0.0,0.0,0.0,-0.39423759513367207
713,3,0.0,0.0,0.0,0.0,0.0
713,4,0.0,0.0,0.0,0.0,0.0
714,0,0.0,-0.0006661808863656335,0.0,0.0,-16.671194243732593
714,1,0.0,0.0,-0.0003876783586257114,0.0,-0.4400778074697696
714,2,0.0,0.0,0.0,0.0,-0.39423759513367207
714,3,0.0,0.0,0.0,0.0,0.0
714,4,0.0,0.0,0.0,0.0,0.0
715,0,0.0,-0.0006661808863656335,0.0,0.0,-16.67601447199852
715,1,0.0,0.0,-0.0003876783586257114,0.0,-0.4400778074697696
715,2,0.0,0.0,0.0,0.0,-0.39423759513367207
715,3,0.0,0.0,0.0,0.0,0.0
715,4,0.0,0.0,0.0,0.0,0.0
716,0,0.0,-0.0006661808863656335,0.0,0.0,-16.680826925864903
716,1,0.0,0.0,-0.0003876783586257114,0.0,-0.4400778074697696
716,2,0.0,0.0,0.0,0.0,-0.39423759513367207
716,3,0.0,0.0,0.0,0.0,0.0
716,4,0.0,0.0,0.0,0.0,0.0
717,0,0.0,-0.0006661808863656335,0.0,0.0,-16.684342533822555
717,1,0.0,0.0,-0.0003876783586257114,0.0,-0.4400778074697696
717,2,0.0,0.0,0.0,0.0,-0.39423759513367207
717,3,0.0,0.0,0.0,0.0,0.0
717,4,0.0,0.0,0.0,0.0,0.0
718,0,0.0,-0.0006661808863656335,0.0,0.0,-16.693525099059535
718,1,0.0,0.0,-0.0003876783586257114,0.0,-0.4400778074697696
718,2,0.0,0.0,0.0,0.0,-0.39423759513367207
718,3,0.0,0.0,0.0,0.0,0.0
718,4,0.0,0.0,0.0,0.0,0.0
719,0,0.0,-0.0006661808863656335,0.0,0.0,-16.69830939876986
719,1,0.0,0.0,-0.0003876783586257114,0.0,-0.4400778074697696
719,2,0.0,0.0,0.0,0.0,-0.39423759513367207
719,3,0.0,0.0,0.0,0.0,0.0
719,4,0.0,0.0,0.0,0.0,0.0
720,0,0.0,-0.0006661808863656335,0.0,0.0,-16.70180103677883
720,1,0.0,0.0,-0.0003876783586257114,0.0,-0.4400778074697696
720,2,0.0,0.0,0.0,0.0,-0.39423759513367207
720,3,0.0,0.0,0.0,0.0,0.0
720,4,0.0,0.0,0.0,0.0,0.0
721,0,0.0,-0.0006661808863656335,0.0,0.0,-16.708483520265325
721,1,0.0,0.0,-0.0003876783586257114,0.0,-0.4400778074697696
721,2,0.0,0.0,0.0,0.0,-0.39423759513367207
721,3,0.0,0.0,0.0,0.0,0.0
721,4,0.0,0.0,0.0,0.0,0.0
722,0,0.0,-0.0006661808863656335,0.0,0.0,-16.72011860749293
722,1,0.0,0.0,-0.0003876783586257114,0.0,-0.4400778074697696
722,2,0.0,0.0,0.0,0.0,-0.39423759513367207
722,3,0.0,0.0,0.0,0.0,0.0
722,4,0.0,0.0,0.0,0.0,0.0
723,0,0.0,-0.0006661808863656335,0.0,0.0,-16.72922382554728
723,1,0.0,0.0,-0.0003876783586257114,0.0,-0.4400778074697696
723,2,0.0,0.0,0.0,0.0,-0.39423759513367207
723,3,0.0,0.0,0.0,0.0,0.0
723,4,0.0,0.0,0.0,0.0,0.0
724,0,0.0,-0.0006661808863656335,0.0,0.0,-16.74330760359741
724,1,0.0,0.0,-0.0003876783586257114,0.0,-0.4400778074697696
724,2,0.0,0.0,0.0,0.0,-0.39423759513367207
724,3,0.0,0.0,0.0,0.0,0.0
724,4,0.0,0.0,0.0,0.0,0.0
725,0,0.0,-0.0006661808863656335,0.0,0.0,-16.748010498411684
725,1,0.0,0.0,-0.0003876783586257114,0.0,-0.4400778074697696
725,2,0.0,0.0,0.0,0.0,-0.39423759513367207
725,3,0.0,0.0,0.0,0.0,0.0
725,4,0.0,0.0,0.0,0.0,0.0
726,0,0.0,-0.0006661808863656335,0.0,0.0,-16.752705894663915
726,1,0.0,0.0,-0.0003876783586257114,0.0,-0.4400778074697696
726,2,0.0,0.0,0.0,0.0,-0.39423759513367207
726,3,0.0,0.0,0.0,0.0,0.0
726,4,0.0,0.0,0.0,0.0,0.0
727,0,0.0,-0.0006661808863656335,0.0,0.0,-16.764236470789157
727,1,0.0,0.0,-0.0003876783586257114,0.0,-0.4400778074697696
727,2,0.0,0.0,0.0,0.0,-0.39423759513367207
727,3,0.0,0.0,0.0,0.0,0.0
727,4,0.0,0.0,0.0,0.0,0.0
728,0,0.0,-0.0006661808863656335,0.0,0.0,-16.76890556105447
728,1,0.0,0.0,-0.0003876783586257114,0.0,-0.4400778074697696
728,2,0.0,0.0,0.0,0.0,-0.39423759513367207
728,3,0.0,0.0,0.0,0.0,0.0
728,4,0.0,0.0,0.0,0.0,0.0
729,0,0.0,-0.0006661808863656335,0.0,0.0,-16.772304309575606
729,1,0.0,0.0,-0.0003876783586257114,0.0,-0.4400778074697696
729,2,0.0,0.0,0.0,0.0,-0.39423759513367207
729,3,0.0,0.0,0.0,0.0,0.0
729,4,0.0,0.0,0.0,0.0,0.0
730,0,0.0,-0.0006661808863656335,0.0,0.0,-16.783793404916413
730,1,0.0,0.0,-0.0003876783586257114,0.0,-0.4400778074697696
730,2,0.0,0.0,0.0,0.0,-0.39423759513367207
730,3,0.0,0.0,0.0,0.0,0.0
730,4,0.0,0.0,0.0,0.0,0.0
731,0,0.0,-0.0006661808863656335,0.0,0.0,-16.79775306915176
731,1,0.0,0.0,-0.0003876783586257114,0.0,-0.4400778074697696
731,2,0.0,0.0,0.0,0.0,-0.39423759513367207
731,3,0.0,0.0,0.0,0.0,0.0
731,4,0.0,0.0,0.0,0.0,0.0
732,0,0.0,-0.0006661808863656335,0.0,0.0,-16.81167506486188
732,1,0.0,0.0,-0.0003876783586257114,0.0,-0.4400778074697696
732,2,0.0,0.0,0.0,0.0,-0.39423759513367207
732,3,0.0,0.0,0.0,0.0,0.0
732,4,0.0,0.0,0.0,0.0,0.0
733,0,0.0,-0.0006661808863656335,0.0,0.0,-16.823059518056613
733,1,0.0,0.0,-0.0003876783586257114,0.0,-0.4400778074697696
733,2,0.0,0.0,0.0,0.0,-0.39423759513367207
733,3,0.0,0.0,0.0,0.0,0.0
733,4,0.0,0.0,0.0,0.0,0.0
734,0,0.0,-0.0006661808863656335,0.0,0.0,-16.829467912237416
734,1,0.0,0.0,-0.0003876783586257114,0.0,-0.4400778074697696
734,2,0.0,0.0,0.0,0.0,-0.39423759513367207
734,3,0.0,0.0,0.0,0.0,0.0
734,4,0.0,0.0,0.0,0.0,0.0
735,0,0.0,-0.0006661808863656335,0.0,0.0,-16.83831070084143
735,1,0.0,0.0,-0.0003876783586257114,0.0,-0.4400778074697696
735,2,0.0,0.0,0.0,0.0,-0.39423759513367207
735,3,0.0,0.0,0.0,0.0,0.0
735,4,0.0,0.0,0.0,0.0,0.0
736,0,0.0,-0.0006661808863656335,0.0,0.0,-16.841622239099006
736,1,0.0,0.0,-0.0003876783586257114,0.0,-0.4400778074697696
736,2,0.0,0.0,0.0,0.0,-0.39423759513367207
736,3,0.0,0.0,0.0,0.0,0.0
736,4,0.0,0.0,0.0,0.0,0.0
737,0,0.0,-0.0006661808863656335,0.0,0.0,-16.855440179144537
737,1,0.0,0.0,-0.0003876783586257114,0.0,-0.4400778074697696
737,2,0.0,0.0,0.0,0.0,-0.39423759513367207
737,3,0.0,0.0,0.0,0.0,0.0
737,4,0.0,0.0,0.0,0.0,0.0
738,0,0.0,-0.0006661808863656335,0.0,0.0,-16.864220896709146
738,1,0.0,0.0,-0.0003876783586257114,0.0,-0.4400778074697696
738,2,0.0,0.0,0.0,0.0,-0.39423759513367207
738,3,0.0,0.0,0.0,0.0,0.0
738,4,0.0,0.0,0.0,0.0,0.0
739,0,0.0,-0.0006661808863656335,0.0,0.0,-16.87548118126653
739,1,0.0,0.0,-0.0003876783586257114,0.0,-0.4400778074697696
739,2,0.0,0.0,0.0,0.0,-0.39423759513367207
739,3,0.0,0.0,0.0,0.0,0.0
739,4,0.0,0.0,0.0,0.0,0.0
740,0,0.0,-0.0006661808863656335,0.0,0.0,-16.889212761741152
740,1,0.0,0.0,-0.0003876783586257114,0.0,-0.4400778074697696
740,2,0.0,0.0,0.0,0.0,-0.39423759513367207
740,3,0.0,0.0,0.0,0.0,0.0
740,4,0.0,0.0,0.0,0.0,0.0
741,0,0.0,-0.0006661808863656335,0.0,0.0,-16.897907398089053
741,1,0.0,0.0,-0.0003876783586257114,0.0,-0.4400778074697696
741,2,0.0,0.0,0.0,0.0,-0.39423759513367207
741,3,0.0,0.0,0.0,0.0,0.0
741,4,0.0,0.0,0.0,0.0,0.0
742,0,0.0,-0.0006661808863656335,0.0,0.0,-16.90414904541652
742,1,0.0,0.0,-0.0003876783586257114,0.0,-0.4400778074697696
742,2,0.0,0.0,0.0,0.0,-0.39423759513367207
742,3,0.0,0.0,0.0,0.0,0.0
742,4,0.0,0.0,0.0,0.0,0.0
743,0,0.0,-0.0006661808863656335,0.0,0.0,-16.91531144201602
743,1,0.0,0.0,-0.0003876783586257114,0.0,-0.4400778074697696
743,2,0.0,0.0,0.0,0.0,-0.39423759513367207
743,3,0.0,0.0,0.0,0.0,0.0
743,4,0.0,0.0,0.0,0.0,0.0
744,0,0.0,-0.0006661808863656335,0.0,0.0,-16.9215155416654
744,1,0.0,0.0,-0.0003876783586257114,0.0,-0.4400778074697696
744,2,0.0,0.0,0.0,0.0,-0.39423759513367207
744,3,0.0,0.0,0.0,0.0,0.0
744,4,0.0,0.0,0.0,0.0,0.0
745,0,0.0,-0.0006661808863656335,0.0,0.0,-16.927707862156762
745,1,0.0,0.0,-0.0003876783586257114,0.0,-0.4400778074697696
745,2,0.0,0.0,0.0,0.0,-0.39423759513367207
745,3,0.0,0.0,0.0,0.0,0.0
745,4,0.0,0.0,0.0,0.0,0.0
746,0,0.0,-0.0006661808863656335,0.0,0.0,-16.93388843326383
746,1,0.0,0.0,-0.0003876783586257114,0.0,-0.4400778074697696
746,2,0.0,0.0,0.0,0.0,-0.39423759513367207
746,3,0.0,0.0,0.0,0.0,0.0
746,4,0.0,0.0,0.0,0.0,0.0
747,0,0.0,-0.0006661808863656335,0.0,0.0,-16.942486592481583
747,1,0.0,0.0,-0.0003876783586257114,0.0,-0.4400778074697696
747,2,0.0,0.0,0.0,0.0,-0.39423759513367207
747,3,0.0,0.0,0.0,0.0,0.0
747,4,0.0,0.0,0.0,0.0,0.0
748,0,0.0,-0.0006661808863656335,0.0,0.0,-16.95356486868738
748,1,0.0,0.0,-0.0003876783586257114,0.0,-0.4400778074697696
748,2,0.0,0.0,0.0,0.0,-0.39423759513367207
748,3,0.0,0.0,0.0,0.0,0.0
748,4,0.0,0.0,0.0,0.0,0.0
749,0,0.0,-0.0006661808863656335,0.0,0.0,-16.956730450194787
749,1,0.0,0.0,-0.0003876783586257114,0.0,-0.4400778074697696
749,2,0.0,0.0,0.0,0.0,-0.39423759513367207
749,3,0.0,0.0,0.0,0.0,0.0
749,4,0.0,0.0,0.0,0.0,0.0
750,0,0.0,-0.0006661808863656335,0.0,0.0,-16.965276673823773
750,1,0.0,0.0,-0.0003876783586257114,0.0,-0.4400778074697696
750,2,0.0,0.0,0.0,0.0,-0.39423759513367207
750,3,0.0,0.0,0.0,0.0,0.0
750,4,0.0,0.0,0.0,0.0,0.0
751,0,0.0,-0.0006661808863656335,0.0,0.0,-16.973803170034962
751,1,0.0,0.0,-0.0003876783586257114,0.0,-0.4400778074697696
751,2,0.0,0.0,0.0,0.0,-0.39423759513367207
751,3,0.0,0.0,0.0,0.0,0.0
751,4,0.0,0.0,0.0,0.0,0.0
752,0,0.0,-0.0006661808863656335,0.0,0.0,-16.984809997838386
752,1,0.0,0.0,-0.0003876783586257114,0.0,-0.4400778074697696
752,2,0.0,0.0,0.0,0.0,-0.39423759513367207
752,3,0.0,0.0,0.0,0.0,0.0
752,4,0.0,0.0,0.0,0.0,0.0
753,0,0.0,-0.0006661808863656335,0.0,0.0,-16.99828888350851
753,1,0.0,0.0,-0.0003876783586257114,0.0,-0.4400778074697696
753,2,0.0,0.0,0.0,0.0,-0.39423759513367207
753,3,0.0,0.0,0.0,0.0,0.0
753,4,0.0,0.0,0.0,0.0,0.0
754,0,0.0,-0.0006661808863656335,0.0,0.0,-17.0025896093618
754,1,0.0,0.0,-0.0003876783586257114,0.0,-0.4400778074697696
754,2,0.0,0.0,0.0,0.0,-0.39423759513367207
754,3,0.0,0.0,0.0,0.0,0.0
754,4,0.0,0.0,0.0,0.0,0.0
755,0,0.0,-0.0006661808863656335,0.0,0.0,-17.011025697640957
755,1,0.0,0.0,-0.0003876783586257114,0.0,-0.4400778074697696
755,2,0.0,0.0,0.0,0.0,-0.39423759513367207
755,3,0.0,0.0,0.0,0.0,0.0
755,4,0.0,0.0,0.0,0.0,0.0
756,0,0.0,-0.0006661808863656335,0.0,0.0,-17.01530675153109
756,1,0.0,0.0,-0.0003876783586257114,0.0,-0.4400778074697696
756,2,0.0,0.0,0.0,0.0,-0.39423759513367207
756,3,0.0,0.0,0.0,0.0,0.0
756,4,0.0,0.0,0.0,0.0,0.0
757,0,0.0,-0.0006661808863656335,0.0,0.0,-17.01958129916255
757,1,0.0,0.0,-0.0003876783586257114,0.0,-0.4400778074697696
757,2,0.0,0.0,0.0,0.0,-0.39423759513367207
757,3,0.0,0.0,0.0,0.0,0.0
757,4,0.0,0.0,0.0,0.0,0.0
758,0,0.0,-0.0006661808863656335,0.0,0.0,-17.030484876688284
758,1,0.0,0.0,-0.0003876783586257114,0.0,-0.4400778074697696
758,2,0.0,0.0,0.0,0.0,-0.39423759513367207
758,3,0.0,0.0,0.0,0.0,0.0
758,4,0.0,0.0,0.0,0.0,0.0
759,0,0.0,-0.0006661808863656335,0.0,0.0,-17.04136081917305
759,1,0.0,0.0,-0.0003876783586257114,0.0,-0.4400778074697696
759,2,0.0,0.0,0.0,0.0,-0.39423759513367207
759,3,0.0,0.0,0.0,0.0,0.0
759,4,0.0,0.0,0.0,0.0,0.0
760,0,0.0,-0.0006661808863656335,0.0,0.0,-17.049709215402594
760,1,0.0,0.0,-0.0003876783586257114,0.0,-0.4400778074697696
760,2,0.0,0.0,0.0,0.0,-0.39423759513367207
760,3,0.0,0.0,0.0,0.0,0.0
760,4,0.0,0.0,0.0,0.0,0.0
761,0,0.0,-0.0006661808863656335,0.0,0.0,-17.063038486372438
761,1,0.0,0.0,-0.0003876783586257114,0.0,-0.4400778074697696
761,2,0.0,0.0,0.0,0.0,-0.39423759513367207
761,3,0.0,0.0,0.0,0.0,0.0
761,4,0.0,0.0,0.0,0.0,0.0
762,0,0.0,-0.0006661808863656335,0.0,0.0,-17.067241599065163
762,1,0.0,0.0,-0.0003876783586257114,0.0,-0.4400778074697696
762,2,0.0,0.0,0.0,0.0,-0.39423759513367207
762,3,0.0,0.0,0.0,0.0,0.0
762,4,0.0,0.0,0.0,0.0,0.0
763,0,0.0,-0.0006661808863656335,0.0,0.0,-17.0780287523971
763,1,0.0,0.0,-0.0003876783586257114,0.0,-0.4400778074697696
763,2,0.0,0.0,0.0,0.0,-0.39423759513367207
763,3,0.0,0.0,0.0,0.0,0.0
763,4,0.0,0.0,0.0,0.0,0.0
764,0,0.0,-0.0006661808863656335,0.0,0.0,-17.086288636394794
764,1,0.0,0.0,-0.0003876783586257114,0.0,-0.4400778074697696
764,2,0.0,0.0,0.0,0.0,-0.39423759513367207
764,3,0.0,0.0,0.0,0.0,0.0
764,4,0.0,0.0,0.0,0.0,0.0
765,0,0.0,-0.0006661808863656335,0.0,0.0,-17.094529671065494
765,1,0.0,0.0,-0.0003876783586257114,0.0,-0.4400778074697696
765,2,0.0,0.0,0.0,0.0,-0.39423759513367207
765,3,0.0,0.0,0.0,0.0,0.0
765,4,0.0,0.0,0.0,0.0,0.0
766,0,0.0,-0.0006661808863656335,0.0,0.0,-17.10525191232255
766,1,0.0,0.0,-0.0003876783586257114,0.0,-0.4400778074697696
766,2,0.0,0.0,0.0,0.0,-0.39423759513367207
766,3,0.0,0.0,0.0,0.0,0.0
766,4,0.0,0.0,0.0,0.0,0.0
767,0,0.0,-0.0006661808863656335,0.0,0.0,-17.109391810604762
767,1,0.0,0.0,-0.0003876783586257114,0.0,-0.4400778074697696
767,2,0.0,0.0,0.0,0.0,-0.39423759513367207
767,3,0.0,0.0,0.0,0.0,0.0
767,4,0.0,0.0,0.0,0.0,0.0
768,0,0.0,-0.0006661808863656335,0.0,0.0,-17.122580745703484
768,1,0.0,0.0,-0.0003876783586257114,0.0,-0.4400778074697696
768,2,0.0,0.0,0.0,0.0,-0.39423759513367207
768,3,0.0,0.0,0.0,0.0,0.0
768,4,0.0,0.0,0.0,0.0,0.0
769,0,0.0,-0.0006661808863656335,0.0,0.0,-17.13073437679541
769,1,0.0,0.0,-0.0003876783586257114,0.0,-0.4400778074697696
769,2,0.0,0.0,0.0,0.0,-0.39423759513367207
769,3,0.0,0.0,0.0,0.0,0.0
769,4,0.0,0.0,0.0,0.0,0.0
770,0,0.0,-0.0006661808863656335,0.0,0.0,-17.141369486623443
770,1,0.0,0.0,-0.0003876783586257114,0.0,-0.4400778074697696
770,2,0.0,0.0,0.0,0.0,-0.39423759513367207
770,3,0.0,0.0,0.0,0.0,0.0
770,4,0.0,0.0,0.0,0.0,0.0
771,0,0.0,-0.0006661808863656335,0.0,0.0,-17.144303691804577
771,1,0.0,0.0,-0.0003876783586257114,0.0,-0.4400778074697696
771,2,0.0,0.0,0.0,0.0,-0.39423759513367207
771,3,0.0,0.0,0.0,0.0,0.0
771,4,0.0,0.0,0.0,0.0,0.0
772,0,0.0,-0.0006661808863656335,0.0,0.0,-17.147234131318474
772,1,0.0,0.0,-0.0003876783586257114,0.0,-0.4400778074697696
772,2,0.0,0.0,0.0,0.0,-0.39423759513367207
772,3,0.0,0.0,0.0,0.0,0.0
772,4,0.0,0.0,0.0,0.0,0.0
773,0,0.0,-0.0006661808863656335,0.0,0.0,-17.157835681970514
773,1,0.0,0.0,-0.0003876783586257114,0.0,-0.4400778074697696
773,2,0.0,0.0,0.0,0.0,-0.39423759513367207
773,3,0.0,0.0,0.0,0.0,0.0
773,4,0.0,0.0,0.0,0.0,0.0
774,0,0.0,-0.0006661808863656335,0.0,0.0,-17.16189976466532
774,1,0.0,0.0,-0.0003876783586257114,0.0,-0.4400778074697696
774,2,0.0,0.0,0.0,0.0,-0.39423759513367207
774,3,0.0,0.0,0.0,0.0,0.0
774,4,0.0,0.0,0.0,0.0,0.0
775,0,0.0,-0.0006661808863656335,0.0,0.0,-17.169968548060144
775,1,0.0,0.0,-0.0003876783586257114,0.0,-0.4400778074697696
775,2,0.0,0.0,0.0,0.0,-0.39423759513367207
775,3,0.0,0.0,0.0,0.0,0.0
775,4,0.0,0.0,0.0,0.0,0.0
776,0,0.0,-0.0006661808863656335,0.0,0.0,-17.17286722037476
776,1,0.0,0.0,-0.0003876783586257114,0.0,-0.4400778074697696
776,2,0.0,0.0,0.0,0.0,-0.39423759513367207
776,3,0.0,0.0,0.0,0.0,0.0
776,4,0.0,0.0,0.0,0.0,0.0
777,0,0.0,-0.0006661808863656335,0.0,0.0,-17.18341441741451
777,1,0.0,0.0,-0.0003876783586257114,0.0,-0.4400778074697696
777,2,0.0,0.0,0.0,0.0,-0.39423759513367207
777,3,0.0,0.0,0.0,0.0,0.0
777,4,0.0,0.0,0.0,0.0,0.0
778,0,0.0,-0.0006661808863656335,0.0,0.0,-17.186296929104433
778,1,0.0,0.0,-0.0003876783586257114,0.0,-0.4400778074697696
778,2,0.0,0.0,0.0,0.0,-0.39423759513367207
778,3,0.0,0.0,0.0,0.0,0.0
778,4,0.0,0.0,0.0,0.0,0.0
779,0,0.0,-0.0006661808863656335,0.0,0.0,-17.19931429955923
779,1,0.0,0.0,-0.0003876783586257114,0.0,-0.4400778074697696
779,2,0.0,0.0,0.0,0.0,-0.39423759513367207
779,3,0.0,0.0,0.0,0.0,0.0
779,4,0.0,0.0,0.0,0.0,0.0
780,0,0.0,-0.0006661808863656335,0.0,0.0,-17.21229687614947
780,1,0.0,0.0,-0.0003876783586257114,0.0,-0.4400778074697696
780,2,0.0,0.0,0.0,0.0,-0.39423759513367207
780,3,0.0,0.0,0.0,0.0,0.0
780,4,0.0,0.0,0.0,0.0,0.0
781,0,0.0,-0.0006661808863656335,0.0,0.0,-17.21514593225467
781,1,0.0,0.0,-0.0003876783586257114,0.0,-0.4400778074697696
781,2,0.0,0.0,0.0,0.0,-0.39423759513367207
781,3,0.0,0.0,0.0,0.0,0.0
781,4,0.0,0.0,0.0,0.0,0.0
782,0,0.0,-0.0006661808863656335,0.0,0.0,-17.217991371519812
782,1,0.0,0.0,-0.0003876783586257114,0.0,-0.4400778074697696
782,2,0.0,0.0,0.0,0.0,-0.39423759513367207
782,3,0.0,0.0,0.0,0.0,0.0
782,4,0.0,0.0,0.0,0.0,0.0
783,0,0.0,-0.0006661808863656335,0.0,0.0,-17.228432876800166
783,1,0.0,0.0,-0.0003876783586257114,0.0,-0.4400778074697696
783,2,0.0,0.0,0.0,0.0,-0.39423759513367207
783,3,0.0,0.0,0.0,0.0,0.0
783,4,0.0,0.0,0.0,0.0,0.0
784,0,0.0,-0.0006661808863656335,0.0,0.0,-17.231262407088753
784,1,0.0,0.0,-0.0003876783586257114,0.0,-0.4400778074697696
784,2,0.0,0.0,0.0,0.0,-0.39423759513367207
784,3,0.0,0.0,0.0,0.0,0.0
784,4,0.0,0.0,0.0,0.0,0.0
785,0,0.0,-0.0006661808863656335,0.0,0.0,-17.234088353622283
785,1,0.0,0.0,-0.0003876783586257114,0.0,-0.4400778074697696
785,2,0.0,0.0,0.0,0.0,-0.39423759513367207
785,3,0.0,0.0,0.0,0.0,0.0
785,4,0.0,0.0,0.0,0.0,0.0
786,0,0.0,-0.0006661808863656335,0.0,0.0,-17.24449732144739
786,1,0.0,0.0,-0.0003876783586257114,0.0,-0.4400778074697696
786,2,0.0,0.0,0.0,0.0,-0.39423759513367207
786,3,0.0,0.0,0.0,0.0,0.0
786,4,0.0,0.0,0.0,0.0,0.0
787,0,0.0,-0.0006661808863656335,0.0,0.0,-17.250029688043963
787,1,0.0,0.0,-0.0003876783586257114,0.0,-0.4400778074697696
787,2,0.0,0.0,0.0,0.0,-0.39423759513367207
787,3,0.0,0.0,0.0,0.0,0.0
787,4,0.0,0.0,0.0,0.0,0.0
788,0,0.0,-0.0006661808863656335,0.0,0.0,-17.26290243517188
788,1,0.0,0.0,-0.0003876783586257114,0.0,-0.4400778074697696
788,2,0.0,0.0,0.0,0.0,-0.39423759513367207
788,3,0.0,0.0,0.0,0.0,0.0
788,4,0.0,0.0,0.0,0.0,0.0
789,0,0.0,-0.0006661808863656335,0.0,0.0,-17.268397002932055
789,1,0.0,0.0,-0.0003876783586257114,0.0,-0.4400778074697696
789,2,0.0,0.0,0.0,0.0,-0.39423759513367207
789,3,0.0,0.0,0.0,0.0,0.0
789,4,0.0,0.0,0.0,0.0,0.0
790,0,0.0,-0.0006661808863656335,0.0,0.0,-17.278725412025313
790,1,0.0,0.0,-0.0003876783586257114,0.0,-0.4400778074697696
790,2,0.0,0.0,0.0,0.0,-0.39423759513367207
790,3,0.0,0.0,0.0,0.0,0.0
790,4,0.0,0.0,0.0,0.0,0.0
791,0,0.0,-0.0006661808863656335,0.0,0.0,-17.282618900387423
791,1,0.0,0.0,-0.0003876783586257114,0.0,-0.4400778074697696
791,2,0.0,0.0,0.0,0.0,-0.39423759513367207
791,3,0.0,0.0,0.0,0.0,0.0
791,4,0.0,0.0,0.0,0.0,0.0
792,0,0.0,-0.0006661808863656335,0.0,0.0,-17.292915745082325
792,1,0.0,0.0,-0.0003876783586257114,0.0,-0.4400778074697696
792,2,0.0,0.0,0.0,0.0,-0.39423759513367207
792,3,0.0,0.0,0.0,0.0,0.0
792,4,0.0,0.0,0.0,0.0,0.0
793,0,0.0,-0.0006661808863656335,0.0,0.0,-17.29678919230589
793,1,0.0,0.0,-0.0003876783586257114,0.0,-0.4400778074697696
793,2,0.0,0.0,0.0,0.0,-0.39423759513367207
793,3,0.0,0.0,0.0,0.0,0.0
793,4,0.0,0.0,0.0,0.0,0.0
794,0,0.0,-0.0006661808863656335,0.0,0.0,-17.304554610342144
794,1,0.0,0.0,-0.0003876783586257114,0.0,-0.4400778074697696
794,2,0.0,0.0,0.0,0.0,-0.39423759513367207
794,3,0.0,0.0,0.0,0.0,0.0
794,4,0.0,0.0,0.0,0.0,0.0
795,0,0.0,-0.0006661808863656335,0.0,0.0,-17.308411138218727
795,1,0.0,0.0,-0.0003876783586257114,0.0,-0.4400778074697696
795,2,0.0,0.0,0.0,0.0,-0.39423759513367207
795,3,0.0,0.0,0.0,0.0,0.0
795,4,0.0,0.0,0.0,0.0,0.0
796,0,0.0,-0.0006661808863656335,0.0,0.0,-17.321153590859776
796,1,0.0,0.0,-0.0003876783586257114,0.0,-0.4400778074697696
796,2,0.0,0.0,0.0,0.0,-0.39423759513367207
796,3,0.0,0.0,0.0,0.0,0.0
796,4,0.0,0.0,0.0,0.0,0.0
797,0,0.0,-0.0006661808863656335,0.0,0.0,-17.324987345142286
797,1,0.0,0.0,-0.0003876783586257114,0.0,-0.4400778074697696
797,2,0.0,0.0,0.0,0.0,-0.39423759513367207
797,3,0.0,0.0,0.0,0.0,0.0
797,4,0.0,0.0,0.0,0.0,0.0
798,0,0.0,-0.0006661808863656335,0.0,0.0,-17.337690280456563
798,1,0.0,0.0,-0.0003876783586257114,0.0,-0.4400778074697696
798,2,0.0,0.0,0.0,0.0,-0.39423759513367207
798,3,0.0,0.0,0.0,0.0,0.0
798,4,0.0,0.0,0.0,0.0,0.0
799,0,0.0,-0.0006661808863656335,0.0,0.0,-17.34150142989746
799,1,0.0,0.0,-0.0003876783586257114,0.0,-0.4400778074697696
799,2,0.0,0.0,0.0,0.0,-0.39423759513367207
799,3,0.0,0.0,0.0,0.0,0.0
799,4,0.0,0.0,0.0,0.0,0.0
800,0,0.0,-0.0006661808863656335,0.0,0.0,-17.354165022699576
800,1,0.0,0.0,-0.0003876783586257114,0.0,-0.4400778074697696
800,2,0.0,0.0,0.0,0.0,-0.39423759513367207
800,3,0.0,0.0,0.0,0.0,0.0
800,4,0.0,0.0,0.0,0.0,0.0
801,0,0.0,-0.0006661808863656335,0.0,0.0,-17.36179488959339
801,1,0.0,0.0,-0.0003876783586257114,0.0,-0.4400778074697696
801,2,0.0,0.0,0.0,0.0,-0.39423759513367207
801,3,0.0,0.0,0.0,0.0,0.0
801,4,0.0,0.0,0.0,0.0,0.0
802,0,0.0,-0.0006661808863656335,0.0,0.0,-17.369407807803682
802,1,0.0,0.0,-0.0003876783586257114,0.0,-0.4400778074697696
802,2,0.0,0.0,0.0,0.0,-0.39423759513367207
802,3,0.0,0.0,0.0,0.0,0.0
802,4,0.0,0.0,0.0,0.0,0.0
803,0,0.0,-0.0006661808863656335,0.0,0.0,-17.377003826585106
803,1,0.0,0.0,-0.0003876783586257114,0.0,-0.4400778074697696
803,2,0.0,0.0,0.0,0.0,-0.39423759513367207
803,3,0.0,0.0,0.0,0.0,0.0
803,4,0.0,0.0,0.0,0.0,0.0
804,0,0.0,-0.0006661808863656335,0.0,0.0,-17.382277048612274
804,1,0.0,0.0,-0.0003876783586257114,0.0,-0.4400778074697696
804,2,0.0,0.0,0.0,0.0,-0.39423759513367207
804,3,0.0,0.0,0.0,0.0,0.0
804,4,0.0,0.0,0.0,0.0,0.0
805,0,0.0,-0.0006661808863656335,0.0,0.0,-17.387541069528755
805,1,0.0,0.0,-0.0003876783586257114,0.0,-0.4400778074697696
805,2,0.0,0.0,0.0,0.0,-0.39423759513367207
805,3,0.0,0.0,0.0,0.0,0.0
805,4,0.0,0.0,0.0,0.0,0.0
806,0,0.0,-0.0006661808863656335,0.0,0.0,-17.395101499747717
806,1,0.0,0.0,-0.0003876783586257114,0.0,-0.4400778074697696
806,2,0.0,0.0,0.0,0.0,-0.39423759513367207
806,3,0.0,0.0,0.0,0.0,0.0
806,4,0.0,0.0,0.0,0.0,0.0
807,0,0.0,-0.0006661808863656335,0.0,0.0,-17.397730044303536
807,1,0.0,0.0,-0.0003876783586257114,0.0,-0.4400778074697696
807,2,0.0,0.0,0.0,0.0,-0.39423759513367207
807,3,0.0,0.0,0.0,0.0,0.0
807,4,0.0,0.0,0.0,0.0,0.0
808,0,0.0,-0.0006661808863656335,0.0,0.0,-17.407770988473935
808,1,0.0,0.0,-0.0003876783586257114,0.0,-0.4400778074697696
808,2,0.0,0.0,0.0,0.0,-0.39423759513367207
808,3,0.0,0.0,0.0,0.0,0.0
808,4,0.0,0.0,0.0,0.0,0.0
809,0,0.0,-0.0006661808863656335,0.0,0.0,-17.412987972308493
809,1,0.0,0.0,-0.0003876783586257114,0.0,-0.4400778074697696
809,2,0.0,0.0,0.0,0.0,-0.39423759513367207
809,3,0.0,0.0,0.0,0.0,0.0
809,4,0.0,0.0,0.0,0.0,0.0
810,0,0.0,-0.0006661808863656335,0.0,0.0,-17.420494639802552
810,1,0.0,0.0,-0.0003876783586257114,0.0,-0.4400778074697696
810,2,0.0,0.0,0.0,0.0,-0.39423759513367207
810,3,0.0,0.0,0.0,0.0,0.0
810,4,0.0,0.0,0.0,0.0,0.0
811,0,0.0,-0.0006661808863656335,0.0,0.0,-17.430484701607092
811,1,0.0,0.0,-0.0003876783586257114,0.0,-0.4400778074697696
811,2,0.0,0.0,0.0,0.0,-0.39423759513367207
811,3,0.0,0.0,0.0,0.0,0.0
811,4,0.0,0.0,0.0,0.0,0.0
812,0,0.0,-0.0006661808863656335,0.0,0.0,-17.433071149761368
812,1,0.0,0.0,-0.0003876783586257114,0.0,-0.4400778074697696
812,2,0.0,0.0,0.0,0.0,-0.39423759513367207
812,3,0.0,0.0,0.0,0.0,0.0
812,4,0.0,0.0,0.0,0.0,0.0
813,0,0.0,-0.0006661808863656335,0.0,0.0,-17.438241700224495
813,1,0.0,0.0,-0.0003876783586257114,0.0,-0.4400778074697696
813,2,0.0,0.0,0.0,0.0,-0.39423759513367207
813,3,0.0,0.0,0.0,0.0,0.0
813,4,0.0,0.0,0.0,0.0,0.0
814,0,0.0,-0.0006661808863656335,0.0,0.0,-17.44081838400225
814,1,0.0,0.0,-0.0003876783586257114,0.0,-0.4400778074697696
814,2,0.0,0.0,0.0,0.0,-0.39423759513367207
814,3,0.0,0.0,0.0,0.0,0.0
814,4,0.0,0.0,0.0,0.0,0.0
815,0,0.0,-0.0006661808863656335,0.0,0.0,-17.445977118920588
815,1,0.0,0.0,-0.0003876783586257114,0.0,-0.4400778074697696
815,2,0.0,0.0,0.0,0.0,-0.39423759513367207
815,3,0.0,0.0,0.0,0.0,0.0
815,4,0.0,0.0,0.0,0.0,0.0
816,0,0.0,-0.0006661808863656335,0.0,0.0,-17.44963531057046
816,1,0.0,0.0,-0.0003876783586257114,0.0,-0.4400778074697696
816,2,0.0,0.0,0.0,0.0,-0.39423759513367207
816,3,0.0,0.0,0.0,0.0,0.0
816,4,0.0,0.0,0.0,0.0,0.0
817,0,0.0,-0.0006661808863656335,0.0,0.0,-17.452197587451547
817,1,0.0,0.0,-0.0003876783586257114,0.0,-0.4400778074697696
817,2,0.0,0.0,0.0,0.0,-0.39423759513367207
817,3,0.0,0.0,0.0,0.0,0.0
817,4,0.0,0.0,0.0,0.0,0.0
818,0,0.0,-0.0006661808863656335,0.0,0.0,-17.464631529584114
818,1,0.0,0.0,-0.0003876783586257114,0.0,-0.4400778074697696
818,2,0.0,0.0,0.0,0.0,-0.39423759513367207
818,3,0.0,0.0,0.0,0.0,0.0
818,4,0.0,0.0,0.0,0.0,0.0
819,0,0.0,-0.0006661808863656335,0.0,0.0,-17.468265215941408
819,1,0.0,0.0,-0.0003876783586257114,0.0,-0.4400778074697696
819,2,0.0,0.0,0.0,0.0,-0.39423759513367207
819,3,0.0,0.0,0.0,0.0,0.0
819,4,0.0,0.0,0.0,0.0,0.0
820,0,0.0,-0.0006661808863656335,0.0,0.0,-17.48066096259753
820,1,0.0,0.0,-0.0003876783586257114,0.0,-0.4400778074697696
820,2,0.0,0.0,0.0,0.0,-0.39423759513367207
820,3,0.0,0.0,0.0,0.0,0.0
820,4,0.0,0.0,0.0,0.0,0.0
821,0,0.0,-0.0006661808863656335,0.0,0.0,-17.488023742711988
821,1,0.0,0.0,-0.0003876783586257114,0.0,-0.4400778074697696
821,2,0.0,0.0,0.0,0.0,-0.39423759513367207
821,3,0.0,0.0,0.0,0.0,0.0
821,4,0.0,0.0,0.0,0.0,0.0
822,0,0.0,-0.0006661808863656335,0.0,0.0,-17.4953703309726
822,1,0.0,0.0,-0.0003876783586257114,0.0,-0.4400778074697696
822,2,0.0,0.0,0.0,0.0,-0.39423759513367207
822,3,0.0,0.0,0.0,0.0,0.0
822,4,0.0,0.0,0.0,0.0,0.0
823,0,0.0,-0.0006661808863656335,0.0,0.0,-17.500428525904198
823,1,0.0,0.0,-0.0003876783586257114,0.0,-0.4400778074697696
823,2,0.0,0.0,0.0,0.0,-0.39423759513367207
823,3,0.0,0.0,0.0,0.0,0.0
823,4,0.0,0.0,0.0,0.0,0.0
824,0,0.0,-0.0006661808863656335,0.0,0.0,-17.502931310632373
824,1,0.0,0.0,-0.0003876783586257114,0.0,-0.4400778074697696
824,2,0.0,0.0,0.0,0.0,-0.39423759513367207
824,3,0.0,0.0,0.0,0.0,0.0
824,4,0.0,0.0,0.0,0.0,0.0
825,0,0.0,-0.0006661808863656335,0.0,0.0,-17.51275045605994
825,1,0.0,0.0,-0.0003876783586257114,0.0,-0.4400778074697696
825,2,0.0,0.0,0.0,0.0,-0.39423759513367207
825,3,0.0,0.0,0.0,0.0,0.0
825,4,0.0,0.0,0.0,0.0,0.0
826,0,0.0,-0.0006661808863656335,0.0,0.0,-17.51523899632861
826,1,0.0,0.0,-0.0003876783586257114,0.0,-0.4400778074697696
826,2,0.0,0.0,0.0,0.0,-0.39423759513367207
826,3,0.0,0.0,0.0,0.0,0.0
826,4,0.0,0.0,0.0,0.0,0.0
827,0,0.0,-0.0006661808863656335,0.0,0.0,-17.517724533987668
827,1,0.0,0.0,-0.0003876783586257114,0.0,-0.4400778074697696
827,2,0.0,0.0,0.0,0.0,-0.39423759513367207
827,3,0.0,0.0,0.0,0.0,0.0
827,4,0.0,0.0,0.0,0.0,0.0
828,0,0.0,-0.0006661808863656335,0.0,0.0,-17.522746617091812
828,1,0.0,0.0,-0.0003876783586257114,0.0,-0.4400778074697696
828,2,0.0,0.0,0.0,0.0,-0.39423759513367207
828,3,0.0,0.0,0.0,0.0,0.0
828,4,0.0,0.0,0.0,0.0,0.0
829,0,0.0,-0.0006661808863656335,0.0,0.0,-17.535027735461767
829,1,0.0,0.0,-0.0003876783586257114,0.0,-0.4400778074697696
829,2,0.0,0.0,0.0,0.0,-0.39423759513367207
829,3,0.0,0.0,0.0,0.0,0.0
829,4,0.0,0.0,0.0,0.0,0.0
830,0,0.0,-0.0006661808863656335,0.0,0.0,-17.540016780541478
830,1,0.0,0.0,-0.0003876783586257114,0.0,-0.4400778074697696
830,2,0.0,0.0,0.0,0.0,-0.39423759513367207
830,3,0.0,0.0,0.0,0.0,0.0
830,4,0.0,0.0,0.0,0.0,0.0
831,0,0.0,-0.0006661808863656335,0.0,0.0,-17.544997336627738
831,1,0.0,0.0,-0.0003876783586257114,0.0,-0.4400778074697696
831,2,0.0,0.0,0.0,0.0,-0.39423759513367207
831,3,0.0,0.0,0.0,0.0,0.0
831,4,0.0,0.0,0.0,0.0,0.0
832,0,0.0,-0.0006661808863656335,0.0,0.0,-17.552228519419764
832,1,0.0,0.0,-0.0003876783586257114,0.0,-0.4400778074697696
832,2,0.0,0.0,0.0,0.0,-0.39423759513367207
832,3,0.0,0.0,0.0,0.0,0.0
832,4,0.0,0.0,0.0,0.0,0.0
833,0,0.0,-0.0006661808863656335,0.0,0.0,-17.561943872449117
833,1,0.0,0.0,-0.0003876783586257114,0.0,-0.4400778074697696
833,2,0.0,0.0,0.0,0.0,-0.39423759513367207
833,3,0.0,0.0,0.0,0.0,0.0
833,4,0.0,0.0,0.0,0.0,0.0
834,0,0.0,-0.0006661808863656335,0.0,0.0,-17.569135123165477
834,1,0.0,0.0,-0.0003876783586257114,0.0,-0.4400778074697696
834,2,0.0,0.0,0.0,0.0,-0.39423759513367207
834,3,0.0,0.0,0.0,0.0,0.0
834,4,0.0,0.0,0.0,0.0,0.0
835,0,0.0,-0.0006661808863656335,0.0,0.0,-17.57406139516149
835,1,0.0,0.0,-0.0003876783586257114,0.0,-0.4400778074697696
835,2,0.0,0.0,0.0,0.0,-0.39423759513367207
835,3,0.0,0.0,0.0,0.0,0.0
835,4,0.0,0.0,0.0,0.0,0.0
836,0,0.0,-0.0006661808863656335,0.0,0.0,-17.586228430269433
836,1,0.0,0.0,-0.0003876783586257114,0.0,-0.4400778074697696
836,2,0.0,0.0,0.0,0.0,-0.39423759513367207
836,3,0.0,0.0,0.0,0.0,0.0
836,4,0.0,0.0,0.0,0.0,0.0
837,0,0.0,-0.0006661808863656335,0.0,0.0,-17.59586315889304
837,1,0.0,0.0,-0.0003876783586257114,0.0,-0.4400778074697696
837,2,0.0,0.0,0.0,0.0,-0.39423759513367207
837,3,0.0,0.0,0.0,0.0,0.0
837,4,0.0,0.0,0.0,0.0,0.0
838,0,0.0,-0.0006661808863656335,0.0,0.0,-17.602974091167965
838,1,0.0,0.0,-0.0003876783586257114,0.0,-0.4400778074697696
838,2,0.0,0.0,0.0,0.0,-0.39423759513367207
838,3,0.0,0.0,0.0,0.0,0.0
838,4,0.0,0.0,0.0,0.0,0.0
839,0,0.0,-0.0006661808863656335,0.0,0.0,-17.615069494600004
839,1,0.0,0.0,-0.0003876783586257114,0.0,-0.4400778074697696
839,2,0.0,0.0,0.0,0.0,-0.39423759513367207
839,3,0.0,0.0,0.0,0.0,0.0
839,4,0.0,0.0,0.0,0.0,0.0
840,0,0.0,-0.0006661808863656335,0.0,0.0,-17.619908710281365
840,1,0.0,0.0,-0.0003876783586257114,0.0,-0.4400778074697696
840,2,0.0,0.0,0.0,0.0,-0.39423759513367207
840,3,0.0,0.0,0.0,0.0,0.0
840,4,0.0,0.0,0.0,0.0,0.0
841,0,0.0,-0.0006661808863656335,0.0,0.0,-17.629463776129256
841,1,0.0,0.0,-0.0003876783586257114,0.0,-0.4400778074697696
841,2,0.0,0.0,0.0,0.0,-0.39423759513367207
841,3,0.0,0.0,0.0,0.0,0.0
841,4,0.0,0.0,0.0,0.0,0.0
842,0,0.0,-0.0006661808863656335,0.0,0.0,-17.638995220396044
842,1,0.0,0.0,-0.0003876783586257114,0.0,-0.4400778074697696
842,2,0.0,0.0,0.0,0.0,-0.39423759513367207
842,3,0.0,0.0,0.0,0.0,0.0
842,4,0.0,0.0,0.0,0.0,0.0
843,0,0.0,-0.0006661808863656335,0.0,0.0,-17.64600333529083
843,1,0.0,0.0,-0.0003876783586257114,0.0,-0.4400778074697696
843,2,0.0,0.0,0.0,0.0,-0.39423759513367207
843,3,0.0,0.0,0.0,0.0,0.0
843,4,0.0,0.0,0.0,0.0,0.0
844,0,0.0,-0.0006661808863656335,0.0,0.0,-17.649394310064345
844,1,0.0,0.0,-0.0003876783586257114,0.0,-0.4400778074697696
844,2,0.0,0.0,0.0,0.0,-0.39423759513367207
844,3,0.0,0.0,0.0,0.0,0.0
844,4,0.0,0.0,0.0,0.0,0.0
845,0,0.0,-0.0006661808863656335,0.0,0.0,-17.65638272256829
845,1,0.0,0.0,-0.0003876783586257114,0.0,-0.4400778074697696
845,2,0.0,0.0,0.0,0.0,-0.39423759513367207
845,3,0.0,0.0,0.0,0.0,0.0
845,4,0.0,0.0,0.0,0.0,0.0
846,0,0.0,-0.0006661808863656335,0.0,0.0,-17.66335606150298
846,1,0.0,0.0,-0.0003876783586257114,0.0,-0.4400778074697696
846,2,0.0,0.0,0.0,0.0,-0.39423759513367207
846,3,0.0,0.0,0.0,0.0,0.0
846,4,0.0,0.0,0.0,0.0,0.0
847,0,0.0,-0.0006661808863656335,0.0,0.0,-17.666723536361733
847,1,0.0,0.0,-0.0003876783586257114,0.0,-0.4400778074697696
847,2,0.0,0.0,0.0,0.0,-0.39423759513367207
847,3,0.0,0.0,0.0,0.0,0.0
847,4,0.0,0.0,0.0,0.0,0.0
848,0,0.0,-0.0006661808863656335,0.0,0.0,-17.673677317032244
848,1,0.0,0.0,-0.0003876783586257114,0.0,-0.4400778074697696
848,2,0.0,0.0,0.0,0.0,-0.39423759513367207
848,3,0.0,0.0,0.0,0.0,0.0
848,4,0.0,0.0,0.0,0.0,0.0
849,0,0.0,-0.0006661808863656335,0.0,0.0,-17.685615835377007
849,1,0.0,0.0,-0.0003876783586257114,0.0,-0.4400778074697696
849,2,0.0,0.0,0.0,0.0,-0.39423759513367207
849,3,0.0,0.0,0.0,0.0,0.0
849,4,0.0,0.0,0.0,0.0,0.0
850,0,0.0,-0.0006661808863656335,0.0,0.0,-17.68790319467263
850,1,0.0,0.0,-0.0003876783586257114,0.0,-0.4400778074697696
850,2,0.0,0.0,0.0,0.0,-0.39423759513367207
850,3,0.0,0.0,0.0,0.0,0.0
850,4,0.0,0.0,0.0,0.0,0.0
851,0,0.0,-0.0006661808863656335,0.0,0.0,-17.694808493574133
851,1,0.0,0.0,-0.0003876783586257114,0.0,-0.4400778074697696
851,2,0.0,0.0,0.0,0.0,-0.39423759513367207
851,3,0.0,0.0,0.0,0.0,0.0
851,4,0.0,0.0,0.0,0.0,0.0
852,0,0.0,-0.0006661808863656335,0.0,0.0,-17.704198543810534
852,1,0.0,0.0,-0.0003876783586257114,0.0,-0.4400778074697696
852,2,0.0,0.0,0.0,0.0,-0.39423759513367207
852,3,0.0,0.0,0.0,0.0,0.0
852,4,0.0,0.0,0.0,0.0,0.0
853,0,0.0,-0.0006661808863656335,0.0,0.0,-17.70887901247775
853,1,0.0,0.0,-0.0003876783586257114,0.0,-0.4400778074697696
853,2,0.0,0.0,0.0,0.0,-0.39423759513367207
853,3,0.0,0.0,0.0,0.0,0.0
853,4,0.0,0.0,0.0,0.0,0.0
854,0,0.0,-0.0006661808863656335,0.0,0.0,-17.713551783648995
854,1,0.0,0.0,-0.0003876783586257114,0.0,-0.4400778074697696
854,2,0.0,0.0,0.0,0.0,-0.39423759513367207
854,3,0.0,0.0,0.0,0.0,0.0
854,4,0.0,0.0,0.0,0.0,0.0
855,0,0.0,-0.0006661808863656335,0.0,0.0,-17.718216874054047
855,1,0.0,0.0,-0.0003876783586257114,0.0,-0.4400778074697696
855,2,0.0,0.0,0.0,0.0,-0.39423759513367207
855,3,0.0,0.0,0.0,0.0,0.0
855,4,0.0,0.0,0.0,0.0,0.0
856,0,0.0,-0.0006661808863656335,0.0,0.0,-17.721511880360776
856,1,0.0,0.0,-0.0003876783586257114,0.0,-0.4400778074697696
856,2,0.0,0.0,0.0,0.0,-0.39423759513367207
856,3,0.0,0.0,0.0,0.0,0.0
856,4,0.0,0.0,0.0,0.0,0.0
857,0,0.0,-0.0006661808863656335,0.0,0.0,-17.723756579107476
857,1,0.0,0.0,-0.0003876783586257114,0.0,-0.4400778074697696
857,2,0.0,0.0,0.0,0.0,-0.39423759513367207
857,3,0.0,0.0,0.0,0.0,0.0
857,4,0.0,0.0,0.0,0.0,0.0
858,0,0.0,-0.0006661808863656335,0.0,0.0,-17.727044425479274
858,1,0.0,0.0,-0.0003876783586257114,0.0,-0.4400778074697696
858,2,0.0,0.0,0.0,0.0,-0.39423759513367207
858,3,0.0,0.0,0.0,0.0,0.0
858,4,0.0,0.0,0.0,0.0,0.0
859,0,0.0,-0.0006661808863656335,0.0,0.0,-17.736377171943452
859,1,0.0,0.0,-0.0003876783586257114,0.0,-0.4400778074697696
859,2,0.0,0.0,0.0,0.0,-0.39423759513367207
859,3,0.0,0.0,0.0,0.0,0.0
859,4,0.0,0.0,0.0,0.0,0.0
860,0,0.0,-0.0006661808863656335,0.0,0.0,-17.741006250637202
860,1,0.0,0.0,-0.0003876783586257114,0.0,-0.4400778074697696
860,2,0.0,0.0,0.0,0.0,-0.39423759513367207
860,3,0.0,0.0,0.0,0.0,0.0
860,4,0.0,0.0,0.0,0.0,0.0
861,0,0.0,-0.0006661808863656335,0.0,0.0,-17.744271422524275
861,1,0.0,0.0,-0.0003876783586257114,0.0,-0.4400778074697696
861,2,0.0,0.0,0.0,0.0,-0.39423759513367207
861,3,0.0,0.0,0.0,0.0,0.0
861,4,0.0,0.0,0.0,0.0,0.0
862,0,0.0,-0.0006661808863656335,0.0,0.0,-17.75356911406786
862,1,0.0,0.0,-0.0003876783586257114,0.0,-0.4400778074697696
862,2,0.0,0.0,0.0,0.0,-0.39423759513367207
862,3,0.0,0.0,0.0,0.0,0.0
862,4,0.0,0.0,0.0,0.0,0.0
863,0,0.0,-0.0006661808863656335,0.0,0.0,-17.760344603109274
863,1,0.0,0.0,-0.0003876783586257114,0.0,-0.4400778074697696
863,2,0.0,0.0,0.0,0.0,-0.39423759513367207
863,3,0.0,0.0,0.0,0.0,0.0
863,4,0.0,0.0,0.0,0.0,0.0
864,0,0.0,-0.0006661808863656335,0.0,0.0,-17.763584828555654
864,1,0.0,0.0,-0.0003876783586257114,0.0,-0.4400778074697696
864,2,0.0,0.0,0.0,0.0,-0.39423759513367207
864,3,0.0,0.0,0.0,0.0,0.0
864,4,0.0,0.0,0.0,0.0,0.0
865,0,0.0,-0.0006661808863656335,0.0,0.0,-17.76578047316042
865,1,0.0,0.0,-0.0003876783586257114,0.0,-0.4400778074697696
865,2,0.0,0.0,0.0,0.0,-0.39423759513367207
865,3,0.0,0.0,0.0,0.0,0.0
865,4,0.0,0.0,0.0,0.0,0.0
866,0,0.0,-0.0006661808863656335,0.0,0.0,-17.76901371703836
866,1,0.0,0.0,-0.0003876783586257114,0.0,-0.4400778074697696
866,2,0.0,0.0,0.0,0.0,-0.39423759513367207
866,3,0.0,0.0,0.0,0.0,0.0
866,4,0.0,0.0,0.0,0.0,0.0
867,0,0.0,-0.0006661808863656335,0.0,0.0,-17.78076366833782
867,1,0.0,0.0,-0.0003876783586257114,0.0,-0.4400778074697696
867,2,0.0,0.0,0.0,0.0,-0.39423759513367207
867,3,0.0,0.0,0.0,0.0,0.0
867,4,0.0,0.0,0.0,0.0,0.0
868,0,0.0,-0.0006661808863656335,0.0,0.0,-17.787483438921672
868,1,0.0,0.0,-0.0003876783586257114,0.0,-0.4400778074697696
868,2,0.0,0.0,0.0,0.0,-0.39423759513367207
868,3,0.0,0.0,0.0,0.0,0.0
868,4,0.0,0.0,0.0,0.0,0.0
869,0,0.0,-0.0006661808863656335,0.0,0.0,-17.789651979732458
869,1,0.0,0.0,-0.0003876783586257114,0.0,-0.4400778074697696
869,2,0.0,0.0,0.0,0.0,-0.39423759513367207
869,3,0.0,0.0,0.0,0.0,0.0
869,4,0.0,0.0,0.0,0.0,0.0
870,0,0.0,-0.0006661808863656335,0.0,0.0,-17.791818042508467
870,1,0.0,0.0,-0.0003876783586257114,0.0,-0.4400778074697696
870,2,0.0,0.0,0.0,0.0,-0.39423759513367207
870,3,0.0,0.0,0.0,0.0,0.0
870,4,0.0,0.0,0.0,0.0,0.0
871,0,0.0,-0.0006661808863656335,0.0,0.0,-17.801019022993945
871,1,0.0,0.0,-0.0003876783586257114,0.0,-0.4400778074697696
871,2,0.0,0.0,0.0,0.0,-0.39423759513367207
871,3,0.0,0.0,0.0,0.0,0.0
871,4,0.0,0.0,0.0,0.0,0.0
872,0,0.0,-0.0006661808863656335,0.0,0.0,-17.807698462460934
872,1,0.0,0.0,-0.0003876783586257114,0.0,-0.4400778074697696
872,2,0.0,0.0,0.0,0.0,-0.39423759513367207
872,3,0.0,0.0,0.0,0.0,0.0
872,4,0.0,0.0,0.0,0.0,0.0
873,0,0.0,-0.0006661808863656335,0.0,0.0,-17.81686258254397
873,1,0.0,0.0,-0.0003876783586257114,0.0,-0.4400778074697696
873,2,0.0,0.0,0.0,0.0,-0.39423759513367207
873,3,0.0,0.0,0.0,0.0,0.0
873,4,0.0,0.0,0.0,0.0,0.0
874,0,0.0,-0.0006661808863656335,0.0,0.0,-17.82135697485888
874,1,0.0,0.0,-0.0003876783586257114,0.0,-0.4400778074697696
874,2,0.0,0.0,0.0,0.0,-0.39423759513367207
874,3,0.0,0.0,0.0,0.0,0.0
874,4,0.0,0.0,0.0,0.0,0.0
875,0,0.0,-0.0006661808863656335,0.0,0.0,-17.832991166413052
875,1,0.0,0.0,-0.0003876783586257114,0.0,-0.4400778074697696
875,2,0.0,0.0,0.0,0.0,-0.39423759513367207
875,3,0.0,0.0,0.0,0.0,0.0
875,4,0.0,0.0,0.0,0.0,0.0
876,0,0.0,-0.0006661808863656335,0.0,0.0,-17.836140485904274
876,1,0.0,0.0,-0.0003876783586257114,0.0,-0.4400778074697696
876,2,0.0,0.0,0.0,0.0,-0.39423759513367207
876,3,0.0,0.0,0.0,0.0,0.0
876,4,0.0,0.0,0.0,0.0,0.0
877,0,0.0,-0.0006661808863656335,0.0,0.0,-17.842741403038694
877,1,0.0,0.0,-0.0003876783586257114,0.0,-0.4400778074697696
877,2,0.0,0.0,0.0,0.0,-0.39423759513367207
877,3,0.0,0.0,0.0,0.0,0.0
877,4,0.0,0.0,0.0,0.0,0.0
878,0,0.0,-0.0006661808863656335,0.0,0.0,-17.849328373280223
878,1,0.0,0.0,-0.0003876783586257114,0.0,-0.4400778074697696
878,2,0.0,0.0,0.0,0.0,-0.39423759513367207
878,3,0.0,0.0,0.0,0.0,0.0
878,4,0.0,0.0,0.0,0.0,0.0
879,0,0.0,-0.0006661808863656335,0.0,0.0,-17.86089977135256
879,1,0.0,0.0,-0.0003876783586257114,0.0,-0.4400778074697696
879,2,0.0,0.0,0.0,0.0,-0.39423759513367207
879,3,0.0,0.0,0.0,0.0,0.0
879,4,0.0,0.0,0.0,0.0,0.0
880,0,0.0,-0.0006661808863656335,0.0,0.0,-17.862985254045643
880,1,0.0,0.0,-0.0003876783586257114,0.0,-0.4400778074697696
880,2,0.0,0.0,0.0,0.0,-0.39423759513367207
880,3,0.0,0.0,0.0,0.0,0.0
880,4,0.0,0.0,0.0,0.0,0.0
881,0,0.0,-0.0006661808863656335,0.0,0.0,-17.865068390750224
881,1,0.0,0.0,-0.0003876783586257114,0.0,-0.4400778074697696
881,2,0.0,0.0,0.0,0.0,-0.39423759513367207
881,3,0.0,0.0,0.0,0.0,0.0
881,4,0.0,0.0,0.0,0.0,0.0
882,0,0.0,-0.0006661808863656335,0.0,0.0,-17.87160804112789
882,1,0.0,0.0,-0.0003876783586257114,0.0,-0.4400778074697696
882,2,0.0,0.0,0.0,0.0,-0.39423759513367207
882,3,0.0,0.0,0.0,0.0,0.0
882,4,0.0,0.0,0.0,0.0,0.0
883,0,0.0,-0.0006661808863656335,0.0,0.0,-17.873681223615634
883,1,0.0,0.0,-0.0003876783586257114,0.0,-0.4400778074697696
883,2,0.0,0.0,0.0,0.0,-0.39423759513367207
883,3,0.0,0.0,0.0,0.0,0.0
883,4,0.0,0.0,0.0,0.0,0.0
884,0,0.0,-0.0006661808863656335,0.0,0.0,-17.875752078973445
884,1,0.0,0.0,-0.0003876783586257114,0.0,-0.4400778074697696
884,2,0.0,0.0,0.0,0.0,-0.39423759513367207
884,3,0.0,0.0,0.0,0.0,0.0
884,4,0.0,0.0,0.0,0.0,0.0
885,0,0.0,-0.0006661808863656335,0.0,0.0,-17.887272796463797
885,1,0.0,0.0,-0.0003876783586257114,0.0,-0.4400778074697696
885,2,0.0,0.0,0.0,0.0,-0.39423759513367207
885,3,0.0,0.0,0.0,0.0,0.0
885,4,0.0,0.0,0.0,0.0,0.0
886,0,0.0,-0.0006661808863656335,0.0,0.0,-17.891651246416206
886,1,0.0,0.0,-0.0003876783586257114,0.0,-0.4400778074697696
886,2,0.0,0.0,0.0,0.0,-0.39423759513367207
886,3,0.0,0.0,0.0,0.0,0.0
886,4,0.0,0.0,0.0,0.0,0.0
887,0,0.0,-0.0006661808863656335,0.0,0.0,-17.89813681492517
887,1,0.0,0.0,-0.0003876783586257114,0.0,-0.4400778074697696
887,2,0.0,0.0,0.0,0.0,-0.39423759513367207
887,3,0.0,0.0,0.0,0.0,0.0
887,4,0.0,0.0,0.0,0.0,0.0
888,0,0.0,-0.0006661808863656335,0.0,0.0,-17.900180077473614
888,1,0.0,0.0,-0.0003876783586257114,0.0,-0.4400778074697696
888,2,0.0,0.0,0.0,0.0,-0.39423759513367207
888,3,0.0,0.0,0.0,0.0,0.0
888,4,0.0,0.0,0.0,0.0,0.0
889,0,0.0,-0.0006661808863656335,0.0,0.0,-17.903245637005277
889,1,0.0,0.0,-0.0003876783586257114,0.0,-0.4400778074697696
889,2,0.0,0.0,0.0,0.0,-0.39423759513367207
889,3,0.0,0.0,0.0,0.0,0.0
889,4,0.0,0.0,0.0,0.0,0.0
890,0,0.0,-0.0006661808863656335,0.0,0.0,-17.909712184254726
890,1,0.0,0.0,-0.0003876783586257114,0.0,-0.4400778074697696
890,2,0.0,0.0,0.0,0.0,-0.39423759513367207
890,3,0.0,0.0,0.0,0.0,0.0
890,4,0.0,0.0,0.0,0.0,0.0
891,0,0.0,-0.0006661808863656335,0.0,0.0,-17.91616516930072
891,1,0.0,0.0,-0.0003876783586257114,0.0,-0.4400778074697696
891,2,0.0,0.0,0.0,0.0,-0.39423759513367207
891,3,0.0,0.0,0.0,0.0,0.0
891,4,0.0,0.0,0.0,0.0,0.0
892,0,0.0,-0.0006661808863656335,0.0,0.0,-17.92049700883821
892,1,0.0,0.0,-0.0003876783586257114,0.0,-0.4400778074697696
892,2,0.0,0.0,0.0,0.0,-0.39423759513367207
892,3,0.0,0.0,0.0,0.0,0.0
892,4,0.0,0.0,0.0,0.0,0.0
893,0,0.0,-0.0006661808863656335,0.0,0.0,-17.924821969151203
893,1,0.0,0.0,-0.0003876783586257114,0.0,-0.4400778074697696
893,2,0.0,0.0,0.0,0.0,-0.39423759513367207
893,3,0.0,0.0,0.0,0.0,0.0
893,4,0.0,0.0,0.0,0.0,0.0
894,0,0.0,-0.0006661808863656335,0.0,0.0,-17.936244806171995
894,1,0.0,0.0,-0.0003876783586257114,0.0,-0.4400778074697696
894,2,0.0,0.0,0.0,0.0,-0.39423759513367207
894,3,0.0,0.0,0.0,0.0,0.0
894,4,0.0,0.0,0.0,0.0,0.0
895,0,0.0,-0.0006661808863656335,0.0,0.0,-17.93824444859787
895,1,0.0,0.0,-0.0003876783586257114,0.0,-0.4400778074697696
895,2,0.0,0.0,0.0,0.0,-0.39423759513367207
895,3,0.0,0.0,0.0,0.0,0.0
895,4,0.0,0.0,0.0,0.0,0.0
896,0,0.0,-0.0006661808863656335,0.0,0.0,-17.941261891886413
896,1,0.0,0.0,-0.0003876783586257114,0.0,-0.4400778074697696
896,2,0.0,0.0,0.0,0.0,-0.39423759513367207
896,3,0.0,0.0,0.0,0.0,0.0
896,4,0.0,0.0,0.0,0.0,0.0
897,0,0.0,-0.0006661808863656335,0.0,0.0,-17.947652356800155
897,1,0.0,0.0,-0.0003876783586257114,0.0,-0.4400778074697696
897,2,0.0,0.0,0.0,0.0,-0.39423759513367207
897,3,0.0,0.0,0.0,0.0,0.0
897,4,0.0,0.0,0.0,0.0,0.0
898,0,0.0,-0.0006661808863656335,0.0,0.0,-17.949638829669837
898,1,0.0,0.0,-0.0003876783586257114,0.0,-0.4400778074697696
898,2,0.0,0.0,0.0,0.0,-0.39423759513367207
898,3,0.0,0.0,0.0,0.0,0.0
898,4,0.0,0.0,0.0,0.0,0.0
899,0,0.0,-0.0006661808863656335,0.0,0.0,-17.95851146903521
899,1,0.0,0.0,-0.0003876783586257114,0.0,-0.4400778074697696
899,2,0.0,0.0,0.0,0.0,-0.39423759513367207
899,3,0.0,0.0,0.0,0.0,0.0
899,4,0.0,0.0,0.0,0.0,0.0
900,0,0.0,-0.0006661808863656335,0.0,0.0,-17.96486576777415
900,1,0.0,0.0,-0.0003876783586257114,0.0,-0.4400778074697696
900,2,0.0,0.0,0.0,0.0,-0.39423759513367207
900,3,0.0,0.0,0.0,0.0,0.0
900,4,0.0,0.0,0.0,0.0,0.0
901,0,0.0,-0.0006661808863656335,0.0,0.0,-17.971206828309946
901,1,0.0,0.0,-0.0003876783586257114,0.0,-0.4400778074697696
901,2,0.0,0.0,0.0,0.0,-0.39423759513367207
901,3,0.0,0.0,0.0,0.0,0.0
901,4,0.0,0.0,0.0,0.0,0.0
902,0,0.0,-0.0006661808863656335,0.0,0.0,-17.977534688363683
902,1,0.0,0.0,-0.0003876783586257114,0.0,-0.4400778074697696
902,2,0.0,0.0,0.0,0.0,-0.39423759513367207
902,3,0.0,0.0,0.0,0.0,0.0
902,4,0.0,0.0,0.0,0.0,0.0
903,0,0.0,-0.0006661808863656335,0.0,0.0,-17.979487076095456
903,1,0.0,0.0,-0.0003876783586257114,0.0,-0.4400778074697696
903,2,0.0,0.0,0.0,0.0,-0.39423759513367207
903,3,0.0,0.0,0.0,0.0,0.0
903,4,0.0,0.0,0.0,0.0,0.0
904,0,0.0,-0.0006661808863656335,0.0,0.0,-17.982452852213132
904,1,0.0,0.0,-0.0003876783586257114,0.0,-0.4400778074697696
904,2,0.0,0.0,0.0,0.0,-0.39423759513367207
904,3,0.0,0.0,0.0,0.0,0.0
904,4,0.0,0.0,0.0,0.0,0.0
905,0,0.0,-0.0006661808863656335,0.0,0.0,-17.993758941027846
905,1,0.0,0.0,-0.0003876783586257114,0.0,-0.4400778074697696
905,2,0.0,0.0,0.0,0.0,-0.39423759513367207
905,3,0.0,0.0,0.0,0.0,0.0
905,4,0.0,0.0,0.0,0.0,0.0
906,0,0.0,-0.0006661808863656335,0.0,0.0,-17.99796565103998
906,1,0.0,0.0,-0.0003876783586257114,0.0,-0.4400778074697696
906,2,0.0,0.0,0.0,0.0,-0.39423759513367207
906,3,0.0,0.0,0.0,0.0,0.0
906,4,0.0,0.0,0.0,0.0,0.0
907,0,0.0,-0.0006661808863656335,0.0,0.0,-18.00923516838471
907,1,0.0,0.0,-0.0003876783586257114,0.0,-0.4400778074697696
907,2,0.0,0.0,0.0,0.0,-0.39423759513367207
907,3,0.0,0.0,0.0,0.0,0.0
907,4,0.0,0.0,0.0,0.0,0.0
908,0,0.0,-0.0006661808863656335,0.0,0.0,-18.013416231889163
908,1,0.0,0.0,-0.0003876783586257114,0.0,-0.4400778074697696
908,2,0.0,0.0,0.0,0.0,-0.39423759513367207
908,3,0.0,0.0,0.0,0.0,0.0
908,4,0.0,0.0,0.0,0.0,0.0
909,0,0.0,-0.0006661808863656335,0.0,0.0,-18.02464935569327
909,1,0.0,0.0,-0.0003876783586257114,0.0,-0.4400778074697696
909,2,0.0,0.0,0.0,0.0,-0.39423759513367207
909,3,0.0,0.0,0.0,0.0,0.0
909,4,0.0,0.0,0.0,0.0,0.0
910,0,0.0,-0.0006661808863656335,0.0,0.0,-18.026549727160546
910,1,0.0,0.0,-0.0003876783586257114,0.0,-0.4400778074697696
910,2,0.0,0.0,0.0,0.0,-0.39423759513367207
910,3,0.0,0.0,0.0,0.0,0.0
910,4,0.0,0.0,0.0,0.0,0.0
911,0,0.0,-0.0006661808863656335,0.0,0.0,-18.035252027870605
911,1,0.0,0.0,-0.0003876783586257114,0.0,-0.4400778074697696
911,2,0.0,0.0,0.0,0.0,-0.39423759513367207
911,3,0.0,0.0,0.0,0.0,0.0
911,4,0.0,0.0,0.0,0.0,0.0
912,0,0.0,-0.0006661808863656335,0.0,0.0,-18.037140715268112
912,1,0.0,0.0,-0.0003876783586257114,0.0,-0.4400778074697696
912,2,0.0,0.0,0.0,0.0,-0.39423759513367207
912,3,0.0,0.0,0.0,0.0,0.0
912,4,0.0,0.0,0.0,0.0,0.0
913,0,0.0,-0.0006661808863656335,0.0,0.0,-18.04127816674194
913,1,0.0,0.0,-0.0003876783586257114,0.0,-0.4400778074697696
913,2,0.0,0.0,0.0,0.0,-0.39423759513367207
913,3,0.0,0.0,0.0,0.0,0.0
913,4,0.0,0.0,0.0,0.0,0.0
914,0,0.0,-0.0006661808863656335,0.0,0.0,-18.04540919585671
914,1,0.0,0.0,-0.0003876783586257114,0.0,-0.4400778074697696
914,2,0.0,0.0,0.0,0.0,-0.39423759513367207
914,3,0.0,0.0,0.0,0.0,0.0
914,4,0.0,0.0,0.0,0.0,0.0
915,0,0.0,-0.0006661808863656335,0.0,0.0,-18.048295605564736
915,1,0.0,0.0,-0.0003876783586257114,0.0,-0.4400778074697696
915,2,0.0,0.0,0.0,0.0,-0.39423759513367207
915,3,0.0,0.0,0.0,0.0,0.0
915,4,0.0,0.0,0.0,0.0,0.0
916,0,0.0,-0.0006661808863656335,0.0,0.0,-18.05695889798081
916,1,0.0,0.0,-0.0003876783586257114,0.0,-0.4400778074697696
916,2,0.0,0.0,0.0,0.0,-0.39423759513367207
916,3,0.0,0.0,0.0,0.0,0.0
916,4,0.0,0.0,0.0,0.0,0.0
917,0,0.0,-0.0006661808863656335,0.0,0.0,-18.05983148443067
917,1,0.0,0.0,-0.0003876783586257114,0.0,-0.4400778074697696
917,2,0.0,0.0,0.0,0.0,-0.39423759513367207
917,3,0.0,0.0,0.0,0.0,0.0
917,4,0.0,0.0,0.0,0.0,0.0
918,0,0.0,-0.0006661808863656335,0.0,0.0,-18.061692223917493
918,1,0.0,0.0,-0.0003876783586257114,0.0,-0.4400778074697696
918,2,0.0,0.0,0.0,0.0,-0.39423759513367207
918,3,0.0,0.0,0.0,0.0,0.0
918,4,0.0,0.0,0.0,0.0,0.0
919,0,0.0,-0.0006661808863656335,0.0,0.0,-18.065793248972547
919,1,0.0,0.0,-0.0003876783586257114,0.0,-0.4400778074697696
919,2,0.0,0.0,0.0,0.0,-0.39423759513367207
919,3,0.0,0.0,0.0,0.0,0.0
919,4,0.0,0.0,0.0,0.0,0.0
920,0,0.0,-0.0006661808863656335,0.0,0.0,-18.067647186882354
920,1,0.0,0.0,-0.0003876783586257114,0.0,-0.4400778074697696
920,2,0.0,0.0,0.0,0.0,-0.39423759513367207
920,3,0.0,0.0,0.0,0.0,0.0
920,4,0.0,0.0,0.0,0.0,0.0
921,0,0.0,-0.0006661808863656335,0.0,0.0,-18.071740098895713
921,1,0.0,0.0,-0.0003876783586257114,0.0,-0.4400778074697696
921,2,0.0,0.0,0.0,0.0,-0.39423759513367207
921,3,0.0,0.0,0.0,0.0,0.0
921,4,0.0,0.0,0.0,0.0,0.0
922,0,0.0,-0.0006661808863656335,0.0,0.0,-18.074593730413056
922,1,0.0,0.0,-0.0003876783586257114,0.0,-0.4400778074697696
922,2,0.0,0.0,0.0,0.0,-0.39423759513367207
922,3,0.0,0.0,0.0,0.0,0.0
922,4,0.0,0.0,0.0,0.0,0.0
923,0,0.0,-0.0006661808863656335,0.0,0.0,-18.07643762663046
923,1,0.0,0.0,-0.0003876783586257114,0.0,-0.4400778074697696
923,2,0.0,0.0,0.0,0.0,-0.39423759513367207
923,3,0.0,0.0,0.0,0.0,0.0
923,4,0.0,0.0,0.0,0.0,0.0
924,0,0.0,-0.0006661808863656335,0.0,0.0,-18.085056544379338
924,1,0.0,0.0,-0.0003876783586257114,0.0,-0.4400778074697696
924,2,0.0,0.0,0.0,0.0,-0.39423759513367207
924,3,0.0,0.0,0.0,0.0,0.0
924,4,0.0,0.0,0.0,0.0,0.0
925,0,0.0,-0.0006661808863656335,0.0,0.0,-18.089123396386558
925,1,0.0,0.0,-0.0003876783586257114,0.0,-0.4400778074697696
925,2,0.0,0.0,0.0,0.0,-0.39423759513367207
925,3,0.0,0.0,0.0,0.0,0.0
925,4,0.0,0.0,0.0,0.0,0.0
926,0,0.0,-0.0006661808863656335,0.0,0.0,-18.093183971747077
926,1,0.0,0.0,-0.0003876783586257114,0.0,-0.4400778074697696
926,2,0.0,0.0,0.0,0.0,-0.39423759513367207
926,3,0.0,0.0,0.0,0.0,0.0
926,4,0.0,0.0,0.0,0.0,0.0
927,0,0.0,-0.0006661808863656335,0.0,0.0,-18.097238283444568
927,1,0.0,0.0,-0.0003876783586257114,0.0,-0.4400778074697696
927,2,0.0,0.0,0.0,0.0,-0.39423759513367207
927,3,0.0,0.0,0.0,0.0,0.0
927,4,0.0,0.0,0.0,0.0,0.0
928,0,0.0,-0.0006661808863656335,0.0,0.0,-18.105817016449723
928,1,0.0,0.0,-0.0003876783586257114,0.0,-0.4400778074697696
928,2,0.0,0.0,0.0,0.0,-0.39423759513367207
928,3,0.0,0.0,0.0,0.0,0.0
928,4,0.0,0.0,0.0,0.0,0.0
929,0,0.0,-0.0006661808863656335,0.0,0.0,-18.111881683813948
929,1,0.0,0.0,-0.0003876783586257114,0.0,-0.4400778074697696
929,2,0.0,0.0,0.0,0.0,-0.39423759513367207
929,3,0.0,0.0,0.0,0.0,0.0
929,4,0.0,0.0,0.0,0.0,0.0
930,0,0.0,-0.0006661808863656335,0.0,0.0,-18.11590546985886
930,1,0.0,0.0,-0.0003876783586257114,0.0,-0.4400778074697696
930,2,0.0,0.0,0.0,0.0,-0.39423759513367207
930,3,0.0,0.0,0.0,0.0,0.0
930,4,0.0,0.0,0.0,0.0,0.0
931,0,0.0,-0.0006661808863656335,0.0,0.0,-18.119923077604497
931,1,0.0,0.0,-0.0003876783586257114,0.0,-0.4400778074697696
931,2,0.0,0.0,0.0,0.0,-0.39423759513367207
931,3,0.0,0.0,0.0,0.0,0.0
931,4,0.0,0.0,0.0,0.0,0.0
932,0,0.0,-0.0006661808863656335,0.0,0.0,-18.122716473377224
932,1,0.0,0.0,-0.0003876783586257114,0.0,-0.4400778074697696
932,2,0.0,0.0,0.0,0.0,-0.39423759513367207
932,3,0.0,0.0,0.0,0.0,0.0
932,4,0.0,0.0,0.0,0.0,0.0
933,0,0.0,-0.0006661808863656335,0.0,0.0,-18.128752743046636
933,1,0.0,0.0,-0.0003876783586257114,0.0,-0.4400778074697696
933,2,0.0,0.0,0.0,0.0,-0.39423759513367207
933,3,0.0,0.0,0.0,0.0,0.0
933,4,0.0,0.0,0.0,0.0,0.0
934,0,0.0,-0.0006661808863656335,0.0,0.0,-18.139769628742105
934,1,0.0,0.0,-0.0003876783586257114,0.0,-0.4400778074697696
934,2,0.0,0.0,0.0,0.0,-0.39423759513367207
934,3,0.0,0.0,0.0,0.0,0.0
934,4,0.0,0.0,0.0,0.0,0.0
935,0,0.0,-0.0006661808863656335,0.0,0.0,-18.1507574573246
935,1,0.0,0.0,-0.0003876783586257114,0.0,-0.4400778074697696
935,2,0.0,0.0,0.0,0.0,-0.39423759513367207
935,3,0.0,0.0,0.0,0.0,0.0
935,4,0.0,0.0,0.0,0.0,0.0
936,0,0.0,-0.0006661808863656335,0.0,0.0,-18.15921632529032
936,1,0.0,0.0,-0.0003876783586257114,0.0,-0.4400778074697696
936,2,0.0,0.0,0.0,0.0,-0.39423759513367207
936,3,0.0,0.0,0.0,0.0,0.0
936,4,0.0,0.0,0.0,0.0,0.0
937,0,0.0,-0.0006661808863656335,0.0,0.0,-18.163164749221668
937,1,0.0,0.0,-0.0003876783586257114,0.0,-0.4400778074697696
937,2,0.0,0.0,0.0,0.0,-0.39423759513367207
937,3,0.0,0.0,0.0,0.0,0.0
937,4,0.0,0.0,0.0,0.0,0.0
938,0,0.0,-0.0006661808863656335,0.0,0.0,-18.174096957859526
938,1,0.0,0.0,-0.0003876783586257114,0.0,-0.4400778074697696
938,2,0.0,0.0,0.0,0.0,-0.39423759513367207
938,3,0.0,0.0,0.0,0.0,0.0
938,4,0.0,0.0,0.0,0.0,0.0
939,0,0.0,-0.0006661808863656335,0.0,0.0,-18.175830093366425
939,1,0.0,0.0,-0.0003876783586257114,0.0,-0.4400778074697696
939,2,0.0,0.0,0.0,0.0,-0.39423759513367207
939,3,0.0,0.0,0.0,0.0,0.0
939,4,0.0,0.0,0.0,0.0,0.0
940,0,0.0,-0.0006661808863656335,0.0,0.0,-18.178559310454215
940,1,0.0,0.0,-0.0003876783586257114,0.0,-0.4400778074697696
940,2,0.0,0.0,0.0,0.0,-0.39423759513367207
940,3,0.0,0.0,0.0,0.0,0.0
940,4,0.0,0.0,0.0,0.0,0.0
941,0,0.0,-0.0006661808863656335,0.0,0.0,-18.184468754556935
941,1,0.0,0.0,-0.0003876783586257114,0.0,-0.4400778074697696
941,2,0.0,0.0,0.0,0.0,-0.39423759513367207
941,3,0.0,0.0,0.0,0.0,0.0
941,4,0.0,0.0,0.0,0.0,0.0
942,0,0.0,-0.0009870602263561854,0.0,0.0,-18.184468754556935
942,1,0.0,0.0,-0.0003876783586257114,0.0,-0.49236306427552723
942,2,0.0,0.0,0.0,0.0,-0.39423759513367207
942,3,0.0,0.0,0.0,0.0,0.0
942,4,0.0,0.0,0.0,0.0,0.0
943,0,0.0,-0.0009870602263561854,0.0,0.0,-18.1883790098633
943,1,0.0,0.0,-0.0003876783586257114,0.0,-0.49236306427552723
943,2,0.0,0.0,0.0,0.0,-0.39423759513367207
943,3,0.0,0.0,0.0,0.0,0.0
943,4,0.0,0.0,0.0,0.0,0.0
944,0,0.0,-0.0009870602263561854,0.0,0.0,-18.191092453955736
944,1,0.0,0.0,-0.0003876783586257114,0.0,-0.49236306427552723
944,2,0.0,0.0,0.0,0.0,-0.39423759513367207
944,3,0.0,0.0,0.0,0.0,0.0
944,4,0.0,0.0,0.0,0.0,0.0
945,0,0.0,-0.0009870602263561854,0.0,0.0,-18.201970475444625
945,1,0.0,0.0,-0.0003876783586257114,0.0,-0.49236306427552723
945,2,0.0,0.0,0.0,0.0,-0.39423759513367207
945,3,0.0,0.0,0.0,0.0,0.0
945,4,0.0,0.0,0.0,0.0,0.0
946,0,0.0,-0.0009870602263561854,0.0,0.0,-18.20367271465045
946,1,0.0,0.0,-0.0003876783586257114,0.0,-0.49236306427552723
946,2,0.0,0.0,0.0,0.0,-0.39423759513367207
946,3,0.0,0.0,0.0,0.0,0.0
946,4,0.0,0.0,0.0,0.0,0.0
947,0,0.0,-0.0009870602263561854,0.0,0.0,-18.214521295002857
947,1,0.0,0.0,-0.0003876783586257114,0.0,-0.49236306427552723
947,2,0.0,0.0,0.0,0.0,-0.39423759513367207
947,3,0.0,0.0,0.0,0.0,0.0
947,4,0.0,0.0,0.0,0.0,0.0
948,0,0.0,-0.0013881432316277934,0.0,0.0,-18.214521295002857
948,1,0.0,0.0,-0.0003876783586257114,0.0,-0.5444746593091133
948,2,0.0,0.0,0.0,0.0,-0.39423759513367207
948,3,0.0,0.0,0.0,0.0,0.0
948,4,0.0,0.0,0.0,0.0,0.0
949,0,0.0,-0.0013881432316277934,0.0,0.0,-18.21621011910778
949,1,0.0,0.0,-0.0003876783586257114,0.0,-0.5444746593091133
949,2,0.0,0.0,0.0,0.0,-0.39423759513367207
949,3,0.0,0.0,0.0,0.0,0.0
949,4,0.0,0.0,0.0,0.0,0.0
950,0,0.0,-0.0013881432316277934,0.0,0.0,-18.2188926106608
950,1,0.0,0.0,-0.0003876783586257114,0.0,-0.5444746593091133
950,2,0.0,0.0,0.0,0.0,-0.39423759513367207
950,3,0.0,0.0,0.0,0.0,0.0
950,4,0.0,0.0,0.0,0.0,0.0
951,0,0.0,-0.0013881432316277934,0.0,0.0,-18.224720956084248
951,1,0.0,0.0,-0.0003876783586257114,0.0,-0.5444746593091133
951,2,0.0,0.0,0.0,0.0,-0.39423759513367207
951,3,0.0,0.0,0.0,0.0,0.0
951,4,0.0,0.0,0.0,0.0,0.0
952,0,0.0,-0.0013881432316277934,0.0,0.0,-18.22639838808714
952,1,0.0,0.0,-0.0003876783586257114,0.0,-0.5444746593091133
952,2,0.0,0.0,0.0,0.0,-0.39423759513367207
952,3,0.0,0.0,0.0,0.0,0.0
952,4,0.0,0.0,0.0,0.0,0.0
953,0,0.0,-0.0013881432316277934,0.0,0.0,-18.23720192098763
953,1,0.0,0.0,-0.0003876783586257114,0.0,-0.5444746593091133
953,2,0.0,0.0,0.0,0.0,-0.39423759513367207
953,3,0.0,0.0,0.0,0.0,0.0
953,4,0.0,0.0,0.0,0.0,0.0
954,0,0.0,-0.0013881432316277934,0.0,0.0,-18.245477032365333
954,1,0.0,0.0,-0.0003876783586257114,0.0,-0.5444746593091133
954,2,0.0,0.0,0.0,0.0,-0.39423759513367207
954,3,0.0,0.0,0.0,0.0,0.0
954,4,0.0,0.0,0.0,0.0,0.0
955,0,0.0,-0.0013881432316277934,0.0,0.0,-18.253732149022415
955,1,0.0,0.0,-0.0003876783586257114,0.0,-0.5444746593091133
955,2,0.0,0.0,0.0,0.0,-0.39423759513367207
955,3,0.0,0.0,0.0,0.0,0.0
955,4,0.0,0.0,0.0,0.0,0.0
956,0,0.0,-0.0013881432316277934,0.0,0.0,-18.26446733363392
956,1,0.0,0.0,-0.0003876783586257114,0.0,-0.5444746593091133
956,2,0.0,0.0,0.0,0.0,-0.39423759513367207
956,3,0.0,0.0,0.0,0.0,0.0
956,4,0.0,0.0,0.0,0.0,0.0
957,0,0.0,-0.0013881432316277934,0.0,0.0,-18.270190330362315
957,1,0.0,0.0,-0.0003876783586257114,0.0,-0.5444746593091133
957,2,0.0,0.0,0.0,0.0,-0.39423759513367207
957,3,0.0,0.0,0.0,0.0,0.0
957,4,0.0,0.0,0.0,0.0,0.0
958,0,0.0,-0.0013881432316277934,0.0,0.0,-18.2728114074487
958,1,0.0,0.0,-0.0003876783586257114,0.0,-0.5444746593091133
958,2,0.0,0.0,0.0,0.0,-0.39423759513367207
958,3,0.0,0.0,0.0,0.0,0.0
958,4,0.0,0.0,0.0,0.0,0.0
959,0,0.0,-0.0013881432316277934,0.0,0.0,-18.276588594246597
959,1,0.0,0.0,-0.0003876783586257114,0.0,-0.5444746593091133
959,2,0.0,0.0,0.0,0.0,-0.39423759513367207
959,3,0.0,0.0,0.0,0.0,0.0
959,4,0.0,0.0,0.0,0.0,0.0
960,0,0.0,-0.0013881432316277934,0.0,0.0,-18.279201609690965
960,1,0.0,0.0,-0.0003876783586257114,0.0,-0.5444746593091133
960,2,0.0,0.0,0.0,0.0,-0.39423759513367207
960,3,0.0,0.0,0.0,0.0,0.0
960,4,0.0,0.0,0.0,0.0,0.0
961,0,0.0,-0.0013881432316277934,0.0,0.0,-18.289885352719093
961,1,0.0,0.0,-0.0003876783586257114,0.0,-0.5444746593091133
961,2,0.0,0.0,0.0,0.0,-0.39423759513367207
961,3,0.0,0.0,0.0,0.0,0.0
961,4,0.0,0.0,0.0,0.0,0.0
962,0,0.0,-0.0013881432316277934,0.0,0.0,-18.29248365625983
962,1,0.0,0.0,-0.0003876783586257114,0.0,-0.5444746593091133
962,2,0.0,0.0,0.0,0.0,-0.39423759513367207
962,3,0.0,0.0,0.0,0.0,0.0
962,4,0.0,0.0,0.0,0.0,0.0
963,0,0.0,-0.0013881432316277934,0.0,0.0,-18.300636383641155
963,1,0.0,0.0,-0.0003876783586257114,0.0,-0.5444746593091133
963,2,0.0,0.0,0.0,0.0,-0.39423759513367207
963,3,0.0,0.0,0.0,0.0,0.0
963,4,0.0,0.0,0.0,0.0,0.0
964,0,0.0,-0.0013881432316277934,0.0,0.0,-18.306287658944804
964,1,0.0,0.0,-0.0003876783586257114,0.0,-0.5444746593091133
964,2,0.0,0.0,0.0,0.0,-0.39423759513367207
964,3,0.0,0.0,0.0,0.0,0.0
964,4,0.0,0.0,0.0,0.0,0.0
965,0,0.0,-0.0013881432316277934,0.0,0.0,-18.3100149174763
965,1,0.0,0.0,-0.0003876783586257114,0.0,-0.5444746593091133
965,2,0.0,0.0,0.0,0.0,-0.39423759513367207
965,3,0.0,0.0,0.0,0.0,0.0
965,4,0.0,0.0,0.0,0.0,0.0
966,0,0.0,-0.0013881432316277934,0.0,0.0,-18.3125892784067
966,1,0.0,0.0,-0.0003876783586257114,0.0,-0.5444746593091133
966,2,0.0,0.0,0.0,0.0,-0.39423759513367207
966,3,0.0,0.0,0.0,0.0,0.0
966,4,0.0,0.0,0.0,0.0,0.0
967,0,0.0,-0.0013881432316277934,0.0,0.0,-18.316307885907182
967,1,0.0,0.0,-0.0003876783586257114,0.0,-0.5444746593091133
967,2,0.0,0.0,0.0,0.0,-0.39423759513367207
967,3,0.0,0.0,0.0,0.0,0.0
967,4,0.0,0.0,0.0,0.0,0.0
968,0,0.0,-0.0013881432316277934,0.0,0.0,-18.32441553941337
968,1,0.0,0.0,-0.0003876783586257114,0.0,-0.5444746593091133
968,2,0.0,0.0,0.0,0.0,-0.39423759513367207
968,3,0.0,0.0,0.0,0.0,0.0
968,4,0.0,0.0,0.0,0.0,0.0
969,0,0.0,-0.0013881432316277934,0.0,0.0,-18.325983451602323
969,1,0.0,0.0,-0.0003876783586257114,0.0,-0.5444746593091133
969,2,0.0,0.0,0.0,0.0,-0.39423759513367207
969,3,0.0,0.0,0.0,0.0,0.0
969,4,0.0,0.0,0.0,0.0,0.0
970,0,0.0,-0.0013881432316277934,0.0,0.0,-18.32968270215843
970,1,0.0,0.0,-0.0003876783586257114,0.0,-0.5444746593091133
970,2,0.0,0.0,0.0,0.0,-0.39423759513367207
970,3,0.0,0.0,0.0,0.0,0.0
970,4,0.0,0.0,0.0,0.0,0.0
971,0,0.0,-0.0013881432316277934,0.0,0.0,-18.33776477297201
971,1,0.0,0.0,-0.0003876783586257114,0.0,-0.5444746593091133
971,2,0.0,0.0,0.0,0.0,-0.39423759513367207
971,3,0.0,0.0,0.0,0.0,0.0
971,4,0.0,0.0,0.0,0.0,0.0
972,0,0.0,-0.0013881432316277934,0.0,0.0,-18.341446198959797
972,1,0.0,0.0,-0.0003876783586257114,0.0,-0.5444746593091133
972,2,0.0,0.0,0.0,0.0,-0.39423759513367207
972,3,0.0,0.0,0.0,0.0,0.0
972,4,0.0,0.0,0.0,0.0,0.0
973,0,0.0,-0.0013881432316277934,0.0,0.0,-18.347023137421075
973,1,0.0,0.0,-0.0003876783586257114,0.0,-0.5444746593091133
973,2,0.0,0.0,0.0,0.0,-0.39423759513367207
973,3,0.0,0.0,0.0,0.0,0.0
973,4,0.0,0.0,0.0,0.0,0.0
974,0,0.0,-0.0013881432316277934,0.0,0.0,-18.349553680194543
974,1,0.0,0.0,-0.0003876783586257114,0.0,-0.5444746593091133
974,2,0.0,0.0,0.0,0.0,-0.39423759513367207
974,3,0.0,0.0,0.0,0.0,0.0
974,4,0.0,0.0,0.0,0.0,0.0
975,0,0.0,-0.0013881432316277934,0.0,0.0,-18.357596832549845
975,1,0.0,0.0,-0.0003876783586257114,0.0,-0.5444746593091133
975,2,0.0,0.0,0.0,0.0,-0.39423759513367207
975,3,0.0,0.0,0.0,0.0,0.0
975,4,0.0,0.0,0.0,0.0,0.0
976,0,0.0,-0.0013881432316277934,0.0,0.0,-18.363141431885353
976,1,0.0,0.0,-0.0003876783586257114,0.0,-0.5444746593091133
976,2,0.0,0.0,0.0,0.0,-0.39423759513367207
976,3,0.0,0.0,0.0,0.0,0.0
976,4,0.0,0.0,0.0,0.0,0.0
977,0,0.0,-0.0013881432316277934,0.0,0.0,-18.3656533533831
977,1,0.0,0.0,-0.0003876783586257114,0.0,-0.5444746593091133
977,2,0.0,0.0,0.0,0.0,-0.39423759513367207
977,3,0.0,0.0,0.0,0.0,0.0
977,4,0.0,0.0,0.0,0.0,0.0
978,0,0.0,-0.0013881432316277934,0.0,0.0,-18.36929354696856
978,1,0.0,0.0,-0.0003876783586257114,0.0,-0.5444746593091133
978,2,0.0,0.0,0.0,0.0,-0.39423759513367207
978,3,0.0,0.0,0.0,0.0,0.0
978,4,0.0,0.0,0.0,0.0,0.0
979,0,0.0,-0.0013881432316277934,0.0,0.0,-18.371797860783268
979,1,0.0,0.0,-0.0003876783586257114,0.0,-0.5444746593091133
979,2,0.0,0.0,0.0,0.0,-0.39423759513367207
979,3,0.0,0.0,0.0,0.0,0.0
979,4,0.0,0.0,0.0,0.0,0.0
980,0,0.0,-0.0013881432316277934,0.0,0.0,-18.38229963898825
980,1,0.0,0.0,-0.0003876783586257114,0.0,-0.5444746593091133
980,2,0.0,0.0,0.0,0.0,-0.39423759513367207
980,3,0.0,0.0,0.0,0.0,0.0
980,4,0.0,0.0,0.0,0.0,0.0
981,0,0.0,-0.0013881432316277934,0.0,0.0,-18.39277385440546
981,1,0.0,0.0,-0.0003876783586257114,0.0,-0.5444746593091133
981,2,0.0,0.0,0.0,0.0,-0.39423759513367207
981,3,0.0,0.0,0.0,0.0,0.0
981,4,0.0,0.0,0.0,0.0,0.0
982,0,0.0,-0.0013881432316277934,0.0,0.0,-18.394266606647427
982,1,0.0,0.0,-0.0003876783586257114,0.0,-0.5444746593091133
982,2,0.0,0.0,0.0,0.0,-0.39423759513367207
982,3,0.0,0.0,0.0,0.0,0.0
982,4,0.0,0.0,0.0,0.0,0.0
983,0,0.0,-0.0013881432316277934,0.0,0.0,-18.396744044696234
983,1,0.0,0.0,-0.0003876783586257114,0.0,-0.5444746593091133
983,2,0.0,0.0,0.0,0.0,-0.39423759513367207
983,3,0.0,0.0,0.0,0.0,0.0
983,4,0.0,0.0,0.0,0.0,0.0
984,0,0.0,-0.0013881432316277934,0.0,0.0,-18.402211676867154
984,1,0.0,0.0,-0.0003876783586257114,0.0,-0.5444746593091133
984,2,0.0,0.0,0.0,0.0,-0.39423759513367207
984,3,0.0,0.0,0.0,0.0,0.0
984,4,0.0,0.0,0.0,0.0,0.0
985,0,0.0,-0.0013881432316277934,0.0,0.0,-18.404679648568127
985,1,0.0,0.0,-0.0003876783586257114,0.0,-0.5444746593091133
985,2,0.0,0.0,0.0,0.0,-0.39423759513367207
985,3,0.0,0.0,0.0,0.0,0.0
985,4,0.0,0.0,0.0,0.0,0.0
986,0,0.0,-0.0013881432316277934,0.0,0.0,-18.407144682902757
986,1,0.0,0.0,-0.0003876783586257114,0.0,-0.5444746593091133
986,2,0.0,0.0,0.0,0.0,-0.39423759513367207
986,3,0.0,0.0,0.0,0.0,0.0
986,4,0.0,0.0,0.0,0.0,0.0
987,0,0.0,-0.0013881432316277934,0.0,0.0,-18.412596211258187
987,1,0.0,0.0,-0.0003876783586257114,0.0,-0.5444746593091133
987,2,0.0,0.0,0.0,0.0,-0.39423759513367207
987,3,0.0,0.0,0.0,0.0,0.0
987,4,0.0,0.0,0.0,0.0,0.0
988,0,0.0,-0.0013881432316277934,0.0,0.0,-18.418037124617396
988,1,0.0,0.0,-0.0003876783586257114,0.0,-0.5444746593091133
988,2,0.0,0.0,0.0,0.0,-0.39423759513367207
988,3,0.0,0.0,0.0,0.0,0.0
988,4,0.0,0.0,0.0,0.0,0.0
989,0,0.0,-0.0013881432316277934,0.0,0.0,-18.4284429964822
989,1,0.0,0.0,-0.0003876783586257114,0.0,-0.5444746593091133
989,2,0.0,0.0,0.0,0.0,-0.39423759513367207
989,3,0.0,0.0,0.0,0.0,0.0
989,4,0.0,0.0,0.0,0.0,0.0
990,0,0.0,-0.0013881432316277934,0.0,0.0,-18.43882158015867
990,1,0.0,0.0,-0.0003876783586257114,0.0,-0.5444746593091133
990,2,0.0,0.0,0.0,0.0,-0.39423759513367207
990,3,0.0,0.0,0.0,0.0,0.0
990,4,0.0,0.0,0.0,0.0,0.0
991,0,0.0,-0.0013881432316277934,0.0,0.0,-18.44235648057266
991,1,0.0,0.0,-0.0003876783586257114,0.0,-0.5444746593091133
991,2,0.0,0.0,0.0,0.0,-0.39423759513367207
991,3,0.0,0.0,0.0,0.0,0.0
991,4,0.0,0.0,0.0,0.0,0.0
992,0,0.0,-0.0013881432316277934,0.0,0.0,-18.444779323224445
992,1,0.0,0.0,-0.0003876783586257114,0.0,-0.5444746593091133
992,2,0.0,0.0,0.0,0.0,-0.39423759513367207
992,3,0.0,0.0,0.0,0.0,0.0
992,4,0.0,0.0,0.0,0.0,0.0
993,0,0.0,-0.0013881432316277934,0.0,0.0,-18.44719930355559
993,1,0.0,0.0,-0.0003876783586257114,0.0,-0.5444746593091133
993,2,0.0,0.0,0.0,0.0,-0.39423759513367207
993,3,0.0,0.0,0.0,0.0,0.0
993,4,0.0,0.0,0.0,0.0,0.0
994,0,0.0,-0.0013881432316277934,0.0,0.0,-18.452568111623503
994,1,0.0,0.0,-0.0003876783586257114,0.0,-0.5444746593091133
994,2,0.0,0.0,0.0,0.0,-0.39423759513367207
994,3,0.0,0.0,0.0,0.0,0.0
994,4,0.0,0.0,0.0,0.0,0.0
995,0,0.0,-0.0013881432316277934,0.0,0.0,-18.460398535507018
995,1,0.0,0.0,-0.0003876783586257114,0.0,-0.5444746593091133
995,2,0.0,0.0,0.0,0.0,-0.39423759513367207
995,3,0.0,0.0,0.0,0.0,0.0
995,4,0.0,0.0,0.0,0.0,0.0
996,0,0.0,-0.0013881432316277934,0.0,0.0,-18.468210228149093
996,1,0.0,0.0,-0.0003876783586257114,0.0,-0.5444746593091133
996,2,0.0,0.0,0.0,0.0,-0.39423759513367207
996,3,0.0,0.0,0.0,0.0,0.0
996,4,0.0,0.0,0.0,0.0,0.0
997,0,0.0,-0.0013881432316277934,0.0,0.0,-18.4760032479549
997,1,0.0,0.0,-0.0003876783586257114,0.0,-0.5444746593091133
997,2,0.0,0.0,0.0,0.0,-0.39423759513367207
997,3,0.0,0.0,0.0,0.0,0.0
997,4,0.0,0.0,0.0,0.0,0.0
998,0,0.0,-0.0013881432316277934,0.0,0.0,-18.478388318640736
998,1,0.0,0.0,-0.0003876783586257114,0.0,-0.5444746593091133
998,2,0.0,0.0,0.0,0.0,-0.39423759513367207
998,3,0.0,0.0,0.0,0.0,0.0
998,4,0.0,0.0,0.0,0.0,0.0
999,0,0.0,-0.0013881432316277934,0.0,0.0,-18.479787236737764
999,1,0.0,0.0,-0.0003876783586257114,0.0,-0.5444746593091133
999,2,0.0,0.0,0.0,0.0,-0.39423759513367207
999,3,0.0,0.0,0.0,0.0,0.0
999,4,0.0,0.0,0.0,0.0,0.0
1000,0,0.0,-0.0013881432316277934,0.0,0.0,-18.487558948161865
1000,1,0.0,0.0,-0.0003876783586257114,0.0,-0.5444746593091133
1000,2,0.0,0.0,0.0,0.0,-0.39423759513367207
1000,3,0.0,0.0,0.0,0.0,0.0
1000,4,0.0,0.0,0.0,0.0,0.0
