1,0,0.0,0.0,0.0,0.0,0.0
1,1,0.0,0.0,0.0,0.0,0.0
1,2,0.0,0.0,0.0,0.0,-0.084348792555211
1,3,0.0,0.0,0.0,0.0,0.0
1,4,0.0,0.0,0.0,0.0,0.0
2,0,0.0,0.0,0.0,0.0,0.0
2,1,0.0,0.0,-1.1856724934936184e-05,0.0,0.0
2,2,0.0,0.0,0.0,0.0,-0.14337568715597587
2,3,0.0,0.0,0.0,0.0,0.0
2,4,0.0,0.0,0.0,0.0,0.0
3,0,0.0,-2.3428068981145356e-13,0.0,0.0,0.0
3,1,0.0,0.0,-4.6091965441173536e-05,0.0,0.0
3,2,0.0,0.0,0.0,0.0,-0.20704130030930715
3,3,0.0,0.0,0.0,0.0,0.0
3,4,0.0,0.0,0.0,0.0,0.0
4,0,0.0,-3.774613666267866e-12,0.0,0.0,0.0
4,1,0.0,0.0,-0.00011743148673760143,0.0,0.0
4,2,0.0,0.0,0.0,0.0,-0.27123174535400546
4,3,0.0,0.0,0.0,0.0,0.0
4,4,0.0,0.0,0.0,0.0,0.0
5,0,0.0,-2.6754160679292634e-11,0.0,0.0,0.0
5,1,0.0,0.0,-0.0002397615913507515,0.0,0.0
5,2,0.0,0.0,0.0,0.0,-0.330270495815774
5,3,0.0,0.0,0.0,0.0,0.0
5,4,0.0,0.0,0.0,0.0,0.0
6,0,0.0,-1.2253996341778027e-10,0.0,0.0,0.0
6,1,0.0,0.0,-0.0004209560619688737,0.0,0.0
6,2,0.0,0.0,0.0,0.0,-0.40010872043699935
6,3,0.0,0.0,0.0,0.0,0.0
6,4,0.0,0.0,0.0,0.0,0.0
7,0,0.0,-4.177800423488263e-10,0.0,0.0,0.0
7,1,0.0,0.0,-0.0006866095661191995,0.0,0.0
7,2,0.0,0.0,0.0,0.0,-0.4374664124162323
7,3,0.0,0.0,0.0,0.0,0.0
7,4,0.0,0.0,0.0,0.0,0.0
8,0,0.0,-1.203148163667568e-09,0.0,0.0,0.0
8,1,0.0,0.0,-0.0006866095661191995,0.0,0.0
8,2,0.0,0.0,0.0,0.0,-0.4374664124162323
8,3,0.0,0.0,0.0,0.0,-0.06547527635820079
8,4,0.0,0.0,0.0,0.0,0.0
9,0,0.0,-1.9885144876916497e-09,0.0,0.0,0.0
9,1,0.0,0.0,-0.0010036757952014202,0.0,0.0
9,2,0.0,0.0,0.0,0.0,-0.5090295719774631
9,3,0.0,0.0,0.0,0.0,-0.06547527635820079
9,4,0.0,0.0,0.0,0.0,0.0
10,0,0.0,-3.6664670655040914e-09,0.0,0.0,0.0
10,1,0.0,0.0,-0.0014324754523486183,0.0,0.0
10,2,0.0,0.0,0.0,0.0,-0.5632575989373703
10,3,0.0,0.0,0.0,0.0,-0.06547527635820079
10,4,0.0,0.0,0.0,0.0,0.0
11,0,0.0,-7.083914365596129e-09,0.0,0.0,0.0
11,1,0.0,0.0,-0.001956065504457433,0.0,0.0
11,2,0.0,0.0,0.0,0.0,-0.5989310503751195
11,3,0.0,0.0,0.0,0.0,-0.06547527635820079
11,4,0.0,0.0,0.0,0.0,0.0
12,0,0.0,-1.3455108574352834e-08,0.0,0.0,0.0
12,1,0.0,0.0,-0.002545278752811507,0.0,0.0
12,2,0.0,0.0,0.0,0.0,-0.6558076527414253
12,3,0.0,0.0,0.0,0.0,-0.06547527635820079
12,4,0.0,0.0,0.0,0.0,0.0
13,0,0.0,-2.4240679783389087e-08,0.0,0.0,0.0
13,1,0.0,0.0,-0.0032447453710244766,0.0,0.0
13,2,0.0,0.0,0.0,0.0,-0.7376625322510993
13,3,0.0,0.0,0.0,0.0,-0.06547527635820079
13,4,0.0,0.0,0.0,0.0,0.0
14,0,0.0,-4.1765350950869475e-08,0.0,0.0,0.0
14,1,0.0,0.0,-0.004111509205411466,0.0,0.0
14,2,0.0,0.0,0.0,0.0,-0.8028512375344727
14,3,0.0,0.0,0.0,0.0,-0.06547527635820079
14,4,0.0,0.0,0.0,0.0,0.0
15,0,0.0,-6.989790595765784e-08,0.0,0.0,0.0
15,1,0.0,0.0,-0.005115826903311071,0.0,0.0
15,2,0.0,0.0,0.0,0.0,-0.8650379296660519
15,3,0.0,0.0,0.0,0.0,-0.06547527635820079
15,4,0.0,0.0,0.0,0.0,0.0
16,0,0.0,-1.13444344324246e-07,0.0,0.0,0.0
16,1,0.0,0.0,-0.005115826903311071,-7.144332933317841e-06,0.0
16,2,0.0,0.0,0.0,0.0,-0.8650379296660519
16,3,0.0,0.0,0.0,0.0,-0.14639897227417684
16,4,0.0,0.0,0.0,0.0,0.0
17,0,0.0,-1.5699004019790207e-07,0.0,0.0,0.0
17,1,0.0,0.0,-0.006254089629310407,-7.144332933317841e-06,0.0
17,2,0.0,0.0,0.0,0.0,-0.9241335990985544
17,3,0.0,0.0,0.0,0.0,-0.14639897227417684
17,4,0.0,0.0,0.0,0.0,0.0
18,0,0.0,-2.2205591125323602e-07,0.0,0.0,0.0
18,1,0.0,0.0,-0.0075214395773905394,-7.144332933317841e-06,0.0
18,2,0.0,0.0,0.0,0.0,-0.9852065782568884
18,3,0.0,0.0,0.0,0.0,-0.14639897227417684
18,4,0.0,0.0,0.0,0.0,0.0
19,0,0.0,-3.161438345740228e-07,0.0,0.0,0.0
19,1,0.0,0.0,-0.00892385869462459,-7.144332933317841e-06,0.0
19,2,0.0,0.0,0.0,0.0,-1.052836749492215
19,3,0.0,0.0,0.0,0.0,-0.14639897227417684
19,4,0.0,0.0,0.0,0.0,0.0
20,0,0.0,-4.4855987556645864e-07,0.0,0.0,0.0
20,1,0.0,0.0,-0.010477709608122629,-7.144332933317841e-06,0.0
20,2,0.0,0.0,0.0,0.0,-1.123637272677713
20,3,0.0,0.0,0.0,0.0,-0.14639897227417684
20,4,0.0,0.0,0.0,0.0,0.0
21,0,0.0,-6.310624436669294e-07,0.0,0.0,0.0
21,1,0.0,0.0,-0.012191562635237737,-7.144332933317841e-06,0.0
21,2,0.0,0.0,0.0,0.0,-1.20342623623987
21,3,0.0,0.0,0.0,0.0,-0.14639897227417684
21,4,0.0,0.0,0.0,0.0,0.0
22,0,0.0,-8.780949271044005e-07,0.0,0.0,0.0
22,1,0.0,0.0,-0.01408754966556938,-7.144332933317841e-06,0.0
22,2,0.0,0.0,0.0,0.0,-1.270371024325724
22,3,0.0,0.0,0.0,0.0,-0.14639897227417684
22,4,0.0,0.0,0.0,0.0,0.0
23,0,0.0,-8.780949271044005e-07,0.0,0.0,-0.05143837727190759
23,1,0.0,0.0,-0.01408754966556938,-7.144332933317841e-06,0.0
23,2,0.0,0.0,0.0,0.0,-1.270371024325724
23,3,0.0,0.0,0.0,0.0,-0.14639897227417684
23,4,0.0,0.0,0.0,0.0,0.0
24,0,0.0,-8.780949271044005e-07,0.0,0.0,-0.11550483823756988
24,1,0.0,0.0,-0.01408754966556938,-7.144332933317841e-06,0.0
24,2,0.0,0.0,0.0,0.0,-1.270371024325724
24,3,0.0,0.0,0.0,0.0,-0.14639897227417684
24,4,0.0,0.0,0.0,0.0,0.0
25,0,0.0,-8.780949271044005e-07,0.0,0.0,-0.19000489191929892
25,1,0.0,0.0,-0.01408754966556938,-7.144332933317841e-06,0.0
25,2,0.0,0.0,0.0,0.0,-1.270371024325724
25,3,0.0,0.0,0.0,0.0,-0.14639897227417684
25,4,0.0,0.0,0.0,0.0,0.0
26,0,0.0,-1.207859767911745e-06,0.0,0.0,-0.19000489191929892
26,1,0.0,0.0,-0.016136201933723796,-7.144332933317841e-06,0.0
26,2,0.0,0.0,0.0,0.0,-1.316554216966211
26,3,0.0,0.0,0.0,0.0,-0.14639897227417684
26,4,0.0,0.0,0.0,0.0,0.0
27,0,0.0,-1.207859767911745e-06,0.0,0.0,-0.28267451075256655
27,1,0.0,0.0,-0.016136201933723796,-7.144332933317841e-06,0.0
27,2,0.0,0.0,0.0,0.0,-1.316554216966211
27,3,0.0,0.0,0.0,0.0,-0.14639897227417684
27,4,0.0,0.0,0.0,0.0,0.0
28,0,0.0,-1.207859767911745e-06,0.0,0.0,-0.37605393040171664
28,1,0.0,0.0,-0.016136201933723796,-7.144332933317841e-06,0.0
28,2,0.0,0.0,0.0,0.0,-1.316554216966211
28,3,0.0,0.0,0.0,0.0,-0.14639897227417684
28,4,0.0,0.0,0.0,0.0,0.0
29,0,0.0,-1.207859767911745e-06,0.0,0.0,-0.4390382460295994
29,1,0.0,0.0,-0.016136201933723796,-7.144332933317841e-06,0.0
29,2,0.0,0.0,0.0,0.0,-1.316554216966211
29,3,0.0,0.0,0.0,0.0,-0.14639897227417684
29,4,0.0,0.0,0.0,0.0,0.0
30,0,0.0,-1.207859767911745e-06,0.0,0.0,-0.5064402386916643
30,1,0.0,0.0,-0.016136201933723796,-7.144332933317841e-06,0.0
30,2,0.0,0.0,0.0,0.0,-1.316554216966211
30,3,0.0,0.0,0.0,0.0,-0.14639897227417684
30,4,0.0,0.0,0.0,0.0,0.0
31,0,0.0,-1.207859767911745e-06,0.0,0.0,-0.581702566065577
31,1,0.0,0.0,-0.016136201933723796,-7.144332933317841e-06,0.0
31,2,0.0,0.0,0.0,0.0,-1.316554216966211
31,3,0.0,0.0,0.0,0.0,-0.14639897227417684
31,4,0.0,0.0,0.0,0.0,0.0
32,0,0.0,-1.207859767911745e-06,0.0,0.0,-0.6546982627277297
32,1,0.0,0.0,-0.016136201933723796,-7.144332933317841e-06,0.0
32,2,0.0,0.0,0.0,0.0,-1.316554216966211
32,3,0.0,0.0,0.0,0.0,-0.14639897227417684
32,4,0.0,0.0,0.0,0.0,0.0
33,0,0.0,-1.207859767911745e-06,0.0,0.0,-0.7053085982076842
33,1,0.0,0.0,-0.016136201933723796,-7.144332933317841e-06,0.0
33,2,0.0,0.0,0.0,0.0,-1.316554216966211
33,3,0.0,0.0,0.0,0.0,-0.14639897227417684
33,4,0.0,0.0,0.0,0.0,0.0
34,0,0.0,-1.207859767911745e-06,0.0,0.0,-0.7649812047917988
34,1,0.0,0.0,-0.016136201933723796,-7.144332933317841e-06,0.0
34,2,0.0,0.0,0.0,0.0,-1.316554216966211
34,3,0.0,0.0,0.0,0.0,-0.14639897227417684
34,4,0.0,0.0,0.0,0.0,0.0
35,0,0.0,-1.207859767911745e-06,0.0,0.0,-0.8474442626120758
35,1,0.0,0.0,-0.016136201933723796,-7.144332933317841e-06,0.0
35,2,0.0,0.0,0.0,0.0,-1.316554216966211
35,3,0.0,0.0,0.0,0.0,-0.14639897227417684
35,4,0.0,0.0,0.0,0.0,0.0
36,0,0.0,-1.207859767911745e-06,0.0,0.0,-0.904888107197437
36,1,0.0,0.0,-0.016136201933723796,-7.144332933317841e-06,0.0
36,2,0.0,0.0,0.0,0.0,-1.316554216966211
36,3,0.0,0.0,0.0,0.0,-0.14639897227417684
36,4,0.0,0.0,0.0,0.0,0.0
37,0,0.0,-1.6404039565768647e-06,0.0,0.0,-0.904888107197437
37,1,0.0,0.0,-0.018288573067752938,-7.144332933317841e-06,0.0
37,2,0.0,0.0,0.0,0.0,-1.378253679493895
37,3,0.0,0.0,0.0,0.0,-0.14639897227417684
37,4,0.0,0.0,0.0,0.0,0.0
38,0,0.0,-1.6404039565768647e-06,0.0,0.0,-0.9631231517741069
38,1,0.0,0.0,-0.018288573067752938,-7.144332933317841e-06,0.0
38,2,0.0,0.0,0.0,0.0,-1.378253679493895
38,3,0.0,0.0,0.0,0.0,-0.14639897227417684
38,4,0.0,0.0,0.0,0.0,0.0
39,0,0.0,-1.6404039565768647e-06,0.0,0.0,-1.0189818892893048
39,1,0.0,0.0,-0.018288573067752938,-7.144332933317841e-06,0.0
39,2,0.0,0.0,0.0,0.0,-1.378253679493895
39,3,0.0,0.0,0.0,0.0,-0.14639897227417684
39,4,0.0,0.0,0.0,0.0,0.0
40,0,0.0,-1.6404039565768647e-06,0.0,0.0,-1.0777497725804823
40,1,0.0,0.0,-0.018288573067752938,-7.144332933317841e-06,0.0
40,2,0.0,0.0,0.0,0.0,-1.378253679493895
40,3,0.0,0.0,0.0,0.0,-0.14639897227417684
40,4,0.0,0.0,0.0,0.0,0.0
41,0,0.0,-1.6404039565768647e-06,0.0,0.0,-1.138501546095124
41,1,0.0,0.0,-0.018288573067752938,-7.144332933317841e-06,0.0
41,2,0.0,0.0,0.0,0.0,-1.378253679493895
41,3,0.0,0.0,0.0,0.0,-0.14639897227417684
41,4,0.0,0.0,0.0,0.0,0.0
42,0,0.0,-1.6404039565768647e-06,0.0,0.0,-1.2130971241278314
42,1,0.0,0.0,-0.018288573067752938,-7.144332933317841e-06,0.0
42,2,0.0,0.0,0.0,0.0,-1.378253679493895
42,3,0.0,0.0,0.0,0.0,-0.14639897227417684
42,4,0.0,0.0,0.0,0.0,0.0
43,0,0.0,-1.6404039565768647e-06,0.0,0.0,-1.2787418483571065
43,1,0.0,0.0,-0.018288573067752938,-7.144332933317841e-06,0.0
43,2,0.0,0.0,0.0,0.0,-1.378253679493895
43,3,0.0,0.0,0.0,0.0,-0.14639897227417684
43,4,0.0,0.0,0.0,0.0,0.0
44,0,0.0,-1.6404039565768647e-06,0.0,0.0,-1.3460518055602233
44,1,0.0,0.0,-0.018288573067752938,-7.144332933317841e-06,0.0
44,2,0.0,0.0,0.0,0.0,-1.378253679493895
44,3,0.0,0.0,0.0,0.0,-0.14639897227417684
44,4,0.0,0.0,0.0,0.0,0.0
45,0,0.0,-2.1958927432128726e-06,0.0,0.0,-1.3460518055602233
45,1,0.0,0.0,-0.02058173574912108,-7.144332933317841e-06,0.0
45,2,0.0,0.0,0.0,0.0,-1.4186240509168977
45,3,0.0,0.0,0.0,0.0,-0.14639897227417684
45,4,0.0,0.0,0.0,0.0,0.0
46,0,0.0,-2.1958927432128726e-06,0.0,0.0,-1.416064285403921
46,1,0.0,0.0,-0.02058173574912108,-7.144332933317841e-06,0.0
46,2,0.0,0.0,0.0,0.0,-1.4186240509168977
46,3,0.0,0.0,0.0,0.0,-0.14639897227417684
46,4,0.0,0.0,0.0,0.0,0.0
47,0,0.0,-2.1958927432128726e-06,0.0,0.0,-1.4968655390891143
47,1,0.0,0.0,-0.02058173574912108,-7.144332933317841e-06,0.0
47,2,0.0,0.0,0.0,0.0,-1.4186240509168977
47,3,0.0,0.0,0.0,0.0,-0.14639897227417684
47,4,0.0,0.0,0.0,0.0,0.0
48,0,0.0,-2.1958927432128726e-06,0.0,0.0,-1.5469722345088175
48,1,0.0,0.0,-0.02058173574912108,-7.144332933317841e-06,0.0
48,2,0.0,0.0,0.0,0.0,-1.4186240509168977
48,3,0.0,0.0,0.0,0.0,-0.14639897227417684
48,4,0.0,0.0,0.0,0.0,0.0
49,0,0.0,-2.1958927432128726e-06,0.0,0.0,-1.5859296854418432
49,1,0.0,0.0,-0.02058173574912108,-7.144332933317841e-06,0.0
49,2,0.0,0.0,0.0,0.0,-1.4186240509168977
49,3,0.0,0.0,0.0,0.0,-0.14639897227417684
49,4,0.0,0.0,0.0,0.0,0.0
50,0,0.0,-2.1958927432128726e-06,0.0,0.0,-1.6454489922320532
50,1,0.0,0.0,-0.02058173574912108,-7.144332933317841e-06,0.0
50,2,0.0,0.0,0.0,0.0,-1.4186240509168977
50,3,0.0,0.0,0.0,0.0,-0.14639897227417684
50,4,0.0,0.0,0.0,0.0,0.0
51,0,0.0,-2.1958927432128726e-06,0.0,0.0,-1.70939599547425
51,1,0.0,0.0,-0.02058173574912108,-7.144332933317841e-06,0.0
51,2,0.0,0.0,0.0,0.0,-1.4186240509168977
51,3,0.0,0.0,0.0,0.0,-0.14639897227417684
51,4,0.0,0.0,0.0,0.0,0.0
52,0,0.0,-2.1958927432128726e-06,0.0,0.0,-1.775867211436418
52,1,0.0,0.0,-0.02058173574912108,-7.144332933317841e-06,0.0
52,2,0.0,0.0,0.0,0.0,-1.4186240509168977
52,3,0.0,0.0,0.0,0.0,-0.14639897227417684
52,4,0.0,0.0,0.0,0.0,0.0
53,0,0.0,-2.1958927432128726e-06,0.0,0.0,-1.8310629024337712
53,1,0.0,0.0,-0.02058173574912108,-7.144332933317841e-06,0.0
53,2,0.0,0.0,0.0,0.0,-1.4186240509168977
53,3,0.0,0.0,0.0,0.0,-0.14639897227417684
53,4,0.0,0.0,0.0,0.0,0.0
54,0,0.0,-2.1958927432128726e-06,0.0,0.0,-1.8852196202252918
54,1,0.0,0.0,-0.02058173574912108,-7.144332933317841e-06,0.0
54,2,0.0,0.0,0.0,0.0,-1.4186240509168977
54,3,0.0,0.0,0.0,0.0,-0.14639897227417684
54,4,0.0,0.0,0.0,0.0,0.0
55,0,0.0,-2.1958927432128726e-06,0.0,0.0,-1.9470316762618232
55,1,0.0,0.0,-0.02058173574912108,-7.144332933317841e-06,0.0
55,2,0.0,0.0,0.0,0.0,-1.4186240509168977
55,3,0.0,0.0,0.0,0.0,-0.14639897227417684
55,4,0.0,0.0,0.0,0.0,0.0
56,0,0.0,-2.8992311444243813e-06,0.0,0.0,-1.9470316762618232
56,1,0.0,0.0,-0.02296479085661493,-7.144332933317841e-06,0.0
56,2,0.0,0.0,0.0,0.0,-1.4816436530383972
56,3,0.0,0.0,0.0,0.0,-0.14639897227417684
56,4,0.0,0.0,0.0,0.0,0.0
57,0,0.0,-2.8992311444243813e-06,0.0,0.0,-1.9980163315844477
57,1,0.0,0.0,-0.02296479085661493,-7.144332933317841e-06,0.0
57,2,0.0,0.0,0.0,0.0,-1.4816436530383972
57,3,0.0,0.0,0.0,0.0,-0.14639897227417684
57,4,0.0,0.0,0.0,0.0,0.0
58,0,0.0,-2.8992311444243813e-06,0.0,0.0,-2.0891740195240716
58,1,0.0,0.0,-0.02296479085661493,-7.144332933317841e-06,0.0
58,2,0.0,0.0,0.0,0.0,-1.4816436530383972
58,3,0.0,0.0,0.0,0.0,-0.14639897227417684
58,4,0.0,0.0,0.0,0.0,0.0
59,0,0.0,-2.8992311444243813e-06,0.0,0.0,-2.146881155214768
59,1,0.0,0.0,-0.02296479085661493,-7.144332933317841e-06,0.0
59,2,0.0,0.0,0.0,0.0,-1.4816436530383972
59,3,0.0,0.0,0.0,0.0,-0.14639897227417684
59,4,0.0,0.0,0.0,0.0,0.0
60,0,0.0,-2.8992311444243813e-06,0.0,0.0,-2.214711289858293
60,1,0.0,0.0,-0.02296479085661493,-7.144332933317841e-06,0.0
60,2,0.0,0.0,0.0,0.0,-1.4816436530383972
60,3,0.0,0.0,0.0,0.0,-0.14639897227417684
60,4,0.0,0.0,0.0,0.0,0.0
61,0,0.0,-2.8992311444243813e-06,0.0,0.0,-2.2678482143867646
61,1,0.0,0.0,-0.02296479085661493,-7.144332933317841e-06,0.0
61,2,0.0,0.0,0.0,0.0,-1.4816436530383972
61,3,0.0,0.0,0.0,0.0,-0.14639897227417684
61,4,0.0,0.0,0.0,0.0,0.0
62,0,0.0,-2.8992311444243813e-06,0.0,0.0,-2.3150114241186257
62,1,0.0,0.0,-0.02296479085661493,-7.144332933317841e-06,0.0
62,2,0.0,0.0,0.0,0.0,-1.4816436530383972
62,3,0.0,0.0,0.0,0.0,-0.14639897227417684
62,4,0.0,0.0,0.0,0.0,0.0
63,0,0.0,-2.8992311444243813e-06,0.0,0.0,-2.366091598660093
63,1,0.0,0.0,-0.02296479085661493,-7.144332933317841e-06,0.0
63,2,0.0,0.0,0.0,0.0,-1.4816436530383972
63,3,0.0,0.0,0.0,0.0,-0.14639897227417684
63,4,0.0,0.0,0.0,0.0,0.0
64,0,0.0,-2.8992311444243813e-06,0.0,0.0,-2.4155616331939394
64,1,0.0,0.0,-0.02296479085661493,-7.144332933317841e-06,0.0
64,2,0.0,0.0,0.0,0.0,-1.4816436530383972
64,3,0.0,0.0,0.0,0.0,-0.14639897227417684
64,4,0.0,0.0,0.0,0.0,0.0
65,0,0.0,-2.8992311444243813e-06,0.0,0.0,-2.4644670532459907
65,1,0.0,0.0,-0.02296479085661493,-7.144332933317841e-06,0.0
65,2,0.0,0.0,0.0,0.0,-1.4816436530383972
65,3,0.0,0.0,0.0,0.0,-0.14639897227417684
65,4,0.0,0.0,0.0,0.0,0.0
66,0,0.0,-2.8992311444243813e-06,0.0,0.0,-2.5380518273292934
66,1,0.0,0.0,-0.02296479085661493,-7.144332933317841e-06,0.0
66,2,0.0,0.0,0.0,0.0,-1.4816436530383972
66,3,0.0,0.0,0.0,0.0,-0.14639897227417684
66,4,0.0,0.0,0.0,0.0,0.0
67,0,0.0,-2.8992311444243813e-06,0.0,0.0,-2.6030471349279334
67,1,0.0,0.0,-0.02296479085661493,-7.144332933317841e-06,0.0
67,2,0.0,0.0,0.0,0.0,-1.4816436530383972
67,3,0.0,0.0,0.0,0.0,-0.14639897227417684
67,4,0.0,0.0,0.0,0.0,0.0
68,0,0.0,-2.8992311444243813e-06,0.0,0.0,-2.649444263138688
68,1,0.0,0.0,-0.02296479085661493,-7.144332933317841e-06,0.0
68,2,0.0,0.0,0.0,0.0,-1.4816436530383972
68,3,0.0,0.0,0.0,0.0,-0.14639897227417684
68,4,0.0,0.0,0.0,0.0,0.0
69,0,0.0,-2.8992311444243813e-06,0.0,0.0,-2.7007738340014162
69,1,0.0,0.0,-0.02296479085661493,-7.144332933317841e-06,0.0
69,2,0.0,0.0,0.0,0.0,-1.4816436530383972
69,3,0.0,0.0,0.0,0.0,-0.14639897227417684
69,4,0.0,0.0,0.0,0.0,0.0
70,0,0.0,-2.8992311444243813e-06,0.0,0.0,-2.7640264565343147
70,1,0.0,0.0,-0.02296479085661493,-7.144332933317841e-06,0.0
70,2,0.0,0.0,0.0,0.0,-1.4816436530383972
70,3,0.0,0.0,0.0,0.0,-0.14639897227417684
70,4,0.0,0.0,0.0,0.0,0.0
71,0,0.0,-2.8992311444243813e-06,0.0,0.0,-2.824045709951971
71,1,0.0,0.0,-0.02296479085661493,-7.144332933317841e-06,0.0
71,2,0.0,0.0,0.0,0.0,-1.4816436530383972
71,3,0.0,0.0,0.0,0.0,-0.14639897227417684
71,4,0.0,0.0,0.0,0.0,0.0
72,0,0.0,-2.8992311444243813e-06,0.0,0.0,-2.8913490903742294
72,1,0.0,0.0,-0.02296479085661493,-7.144332933317841e-06,0.0
72,2,0.0,0.0,0.0,0.0,-1.4816436530383972
72,3,0.0,0.0,0.0,0.0,-0.14639897227417684
72,4,0.0,0.0,0.0,0.0,0.0
73,0,0.0,-2.8992311444243813e-06,0.0,0.0,-2.95964952160196
73,1,0.0,0.0,-0.02296479085661493,-7.144332933317841e-06,0.0
73,2,0.0,0.0,0.0,0.0,-1.4816436530383972
73,3,0.0,0.0,0.0,0.0,-0.14639897227417684
73,4,0.0,0.0,0.0,0.0,0.0
74,0,0.0,-2.8992311444243813e-06,0.0,0.0,-3.028269605875161
74,1,0.0,0.0,-0.02296479085661493,-7.144332933317841e-06,0.0
74,2,0.0,0.0,0.0,0.0,-1.4816436530383972
74,3,0.0,0.0,0.0,0.0,-0.14639897227417684
74,4,0.0,0.0,0.0,0.0,0.0
75,0,0.0,-2.8992311444243813e-06,0.0,0.0,-3.0907559218594765
75,1,0.0,0.0,-0.02296479085661493,-7.144332933317841e-06,0.0
75,2,0.0,0.0,0.0,0.0,-1.4816436530383972
75,3,0.0,0.0,0.0,0.0,-0.14639897227417684
75,4,0.0,0.0,0.0,0.0,0.0
76,0,0.0,-2.8992311444243813e-06,0.0,0.0,-3.1302616649872927
76,1,0.0,0.0,-0.02296479085661493,-7.144332933317841e-06,0.0
76,2,0.0,0.0,0.0,0.0,-1.4816436530383972
76,3,0.0,0.0,0.0,0.0,-0.14639897227417684
76,4,0.0,0.0,0.0,0.0,0.0
77,0,0.0,-2.8992311444243813e-06,0.0,0.0,-3.163218129403615
77,1,0.0,0.0,-0.02296479085661493,-7.144332933317841e-06,0.0
77,2,0.0,0.0,0.0,0.0,-1.4816436530383972
77,3,0.0,0.0,0.0,0.0,-0.14639897227417684
77,4,0.0,0.0,0.0,0.0,0.0
78,0,0.0,-2.8992311444243813e-06,0.0,0.0,-3.2244134327138516
78,1,0.0,0.0,-0.02296479085661493,-7.144332933317841e-06,0.0
78,2,0.0,0.0,0.0,0.0,-1.4816436530383972
78,3,0.0,0.0,0.0,0.0,-0.14639897227417684
78,4,0.0,0.0,0.0,0.0,0.0
79,0,0.0,-2.8992311444243813e-06,0.0,0.0,-3.2834578640367007
79,1,0.0,0.0,-0.02296479085661493,-7.144332933317841e-06,0.0
79,2,0.0,0.0,0.0,0.0,-1.4816436530383972
79,3,0.0,0.0,0.0,0.0,-0.14639897227417684
79,4,0.0,0.0,0.0,0.0,0.0
80,0,0.0,-2.8992311444243813e-06,0.0,0.0,-3.3139277332584895
80,1,0.0,0.0,-0.02296479085661493,-7.144332933317841e-06,0.0
80,2,0.0,0.0,0.0,0.0,-1.4816436530383972
80,3,0.0,0.0,0.0,0.0,-0.14639897227417684
80,4,0.0,0.0,0.0,0.0,0.0
81,0,0.0,-2.8992311444243813e-06,0.0,0.0,-3.398590137404309
81,1,0.0,0.0,-0.02296479085661493,-7.144332933317841e-06,0.0
81,2,0.0,0.0,0.0,0.0,-1.4816436530383972
81,3,0.0,0.0,0.0,0.0,-0.14639897227417684
81,4,0.0,0.0,0.0,0.0,0.0
82,0,0.0,-2.8992311444243813e-06,0.0,0.0,-3.4352323053772325
82,1,0.0,0.0,-0.02296479085661493,-7.144332933317841e-06,0.0
82,2,0.0,0.0,0.0,0.0,-1.4816436530383972
82,3,0.0,0.0,0.0,0.0,-0.14639897227417684
82,4,0.0,0.0,0.0,0.0,0.0
83,0,0.0,-3.7746260229616966e-06,0.0,0.0,-3.4352323053772325
83,1,0.0,0.0,-0.02549202813170387,-7.144332933317841e-06,0.0
83,2,0.0,0.0,0.0,0.0,-1.5469871150312808
83,3,0.0,0.0,0.0,0.0,-0.14639897227417684
83,4,0.0,0.0,0.0,0.0,0.0
84,0,0.0,-3.7746260229616966e-06,0.0,0.0,-3.4845717357673673
84,1,0.0,0.0,-0.02549202813170387,-7.144332933317841e-06,0.0
84,2,0.0,0.0,0.0,0.0,-1.5469871150312808
84,3,0.0,0.0,0.0,0.0,-0.14639897227417684
84,4,0.0,0.0,0.0,0.0,0.0
85,0,0.0,-3.7746260229616966e-06,0.0,0.0,-3.5666568604505358
85,1,0.0,0.0,-0.02549202813170387,-7.144332933317841e-06,0.0
85,2,0.0,0.0,0.0,0.0,-1.5469871150312808
85,3,0.0,0.0,0.0,0.0,-0.14639897227417684
85,4,0.0,0.0,0.0,0.0,0.0
86,0,0.0,-3.7746260229616966e-06,0.0,0.0,-3.615940191532122
86,1,0.0,0.0,-0.02549202813170387,-7.144332933317841e-06,0.0
86,2,0.0,0.0,0.0,0.0,-1.5469871150312808
86,3,0.0,0.0,0.0,0.0,-0.14639897227417684
86,4,0.0,0.0,0.0,0.0,0.0
87,0,0.0,-3.7746260229616966e-06,0.0,0.0,-3.678010815034788
87,1,0.0,0.0,-0.02549202813170387,-7.144332933317841e-06,0.0
87,2,0.0,0.0,0.0,0.0,-1.5469871150312808
87,3,0.0,0.0,0.0,0.0,-0.14639897227417684
87,4,0.0,0.0,0.0,0.0,0.0
88,0,0.0,-3.7746260229616966e-06,0.0,0.0,-3.729384148421791
88,1,0.0,0.0,-0.02549202813170387,-7.144332933317841e-06,0.0
88,2,0.0,0.0,0.0,0.0,-1.5469871150312808
88,3,0.0,0.0,0.0,0.0,-0.14639897227417684
88,4,0.0,0.0,0.0,0.0,0.0
89,0,0.0,-3.7746260229616966e-06,0.0,0.0,-3.786170733205925
89,1,0.0,0.0,-0.02549202813170387,-7.144332933317841e-06,0.0
89,2,0.0,0.0,0.0,0.0,-1.5469871150312808
89,3,0.0,0.0,0.0,0.0,-0.14639897227417684
89,4,0.0,0.0,0.0,0.0,0.0
90,0,0.0,-3.7746260229616966e-06,0.0,0.0,-3.836855379781746
90,1,0.0,0.0,-0.02549202813170387,-7.144332933317841e-06,0.0
90,2,0.0,0.0,0.0,0.0,-1.5469871150312808
90,3,0.0,0.0,0.0,0.0,-0.14639897227417684
90,4,0.0,0.0,0.0,0.0,0.0
91,0,0.0,-3.7746260229616966e-06,0.0,0.0,-3.884104665018662
91,1,0.0,0.0,-0.02549202813170387,-7.144332933317841e-06,0.0
91,2,0.0,0.0,0.0,0.0,-1.5469871150312808
91,3,0.0,0.0,0.0,0.0,-0.14639897227417684
91,4,0.0,0.0,0.0,0.0,0.0
92,0,0.0,-4.852987810826513e-06,0.0,0.0,-3.884104665018662
92,1,0.0,0.0,-0.02816909588730284,-7.144332933317841e-06,0.0
92,2,0.0,0.0,0.0,0.0,-1.5909114822878871
92,3,0.0,0.0,0.0,0.0,-0.14639897227417684
92,4,0.0,0.0,0.0,0.0,0.0
93,0,0.0,-4.852987810826513e-06,0.0,0.0,-3.9278853248940764
93,1,0.0,0.0,-0.02816909588730284,-7.144332933317841e-06,0.0
93,2,0.0,0.0,0.0,0.0,-1.5909114822878871
93,3,0.0,0.0,0.0,0.0,-0.14639897227417684
93,4,0.0,0.0,0.0,0.0,0.0
94,0,0.0,-4.852987810826513e-06,0.0,0.0,-3.9707310909544264
94,1,0.0,0.0,-0.02816909588730284,-7.144332933317841e-06,0.0
94,2,0.0,0.0,0.0,0.0,-1.5909114822878871
94,3,0.0,0.0,0.0,0.0,-0.14639897227417684
94,4,0.0,0.0,0.0,0.0,0.0
95,0,0.0,-4.852987810826513e-06,0.0,0.0,-4.0183006619076584
95,1,0.0,0.0,-0.02816909588730284,-7.144332933317841e-06,0.0
95,2,0.0,0.0,0.0,0.0,-1.5909114822878871
95,3,0.0,0.0,0.0,0.0,-0.14639897227417684
95,4,0.0,0.0,0.0,0.0,0.0
96,0,0.0,-4.852987810826513e-06,0.0,0.0,-4.083633110309452
96,1,0.0,0.0,-0.02816909588730284,-7.144332933317841e-06,0.0
96,2,0.0,0.0,0.0,0.0,-1.5909114822878871
96,3,0.0,0.0,0.0,0.0,-0.14639897227417684
96,4,0.0,0.0,0.0,0.0,0.0
97,0,0.0,-4.852987810826513e-06,0.0,0.0,-4.123847801836848
97,1,0.0,0.0,-0.02816909588730284,-7.144332933317841e-06,0.0
97,2,0.0,0.0,0.0,0.0,-1.5909114822878871
97,3,0.0,0.0,0.0,0.0,-0.14639897227417684
97,4,0.0,0.0,0.0,0.0,0.0
98,0,0.0,-4.852987810826513e-06,0.0,0.0,-4.173395226823451
98,1,0.0,0.0,-0.02816909588730284,-7.144332933317841e-06,0.0
98,2,0.0,0.0,0.0,0.0,-1.5909114822878871
98,3,0.0,0.0,0.0,0.0,-0.14639897227417684
98,4,0.0,0.0,0.0,0.0,0.0
99,0,0.0,-4.852987810826513e-06,0.0,0.0,-4.250499377480423
99,1,0.0,0.0,-0.02816909588730284,-7.144332933317841e-06,0.0
99,2,0.0,0.0,0.0,0.0,-1.5909114822878871
99,3,0.0,0.0,0.0,0.0,-0.14639897227417684
99,4,0.0,0.0,0.0,0.0,0.0
100,0,0.0,-4.852987810826513e-06,0.0,0.0,-4.311553840356153
100,1,0.0,0.0,-0.02816909588730284,-7.144332933317841e-06,0.0
100,2,0.0,0.0,0.0,0.0,-1.5909114822878871
100,3,0.0,0.0,0.0,0.0,-0.14639897227417684
100,4,0.0,0.0,0.0,0.0,0.0
101,0,0.0,-4.852987810826513e-06,0.0,0.0,-4.362315854863393
101,1,0.0,0.0,-0.02816909588730284,-7.144332933317841e-06,0.0
101,2,0.0,0.0,0.0,0.0,-1.5909114822878871
101,3,0.0,0.0,0.0,0.0,-0.14639897227417684
101,4,0.0,0.0,0.0,0.0,0.0
102,0,0.0,-4.852987810826513e-06,0.0,0.0,-4.4228194895957245
102,1,0.0,0.0,-0.02816909588730284,-7.144332933317841e-06,0.0
102,2,0.0,0.0,0.0,0.0,-1.5909114822878871
102,3,0.0,0.0,0.0,0.0,-0.14639897227417684
102,4,0.0,0.0,0.0,0.0,0.0
103,0,0.0,-4.852987810826513e-06,0.0,0.0,-4.450361912067023
103,1,0.0,0.0,-0.02816909588730284,-7.144332933317841e-06,0.0
103,2,0.0,0.0,0.0,0.0,-1.5909114822878871
103,3,0.0,0.0,0.0,0.0,-0.14639897227417684
103,4,0.0,0.0,0.0,0.0,0.0
104,0,0.0,-4.852987810826513e-06,0.0,0.0,-4.5028750137285725
104,1,0.0,0.0,-0.02816909588730284,-7.144332933317841e-06,0.0
104,2,0.0,0.0,0.0,0.0,-1.5909114822878871
104,3,0.0,0.0,0.0,0.0,-0.14639897227417684
104,4,0.0,0.0,0.0,0.0,0.0
105,0,0.0,-4.852987810826513e-06,0.0,0.0,-4.554771801678031
105,1,0.0,0.0,-0.02816909588730284,-7.144332933317841e-06,0.0
105,2,0.0,0.0,0.0,0.0,-1.5909114822878871
105,3,0.0,0.0,0.0,0.0,-0.14639897227417684
105,4,0.0,0.0,0.0,0.0,0.0
106,0,0.0,-4.852987810826513e-06,0.0,0.0,-4.629009933647854
106,1,0.0,0.0,-0.02816909588730284,-7.144332933317841e-06,0.0
106,2,0.0,0.0,0.0,0.0,-1.5909114822878871
106,3,0.0,0.0,0.0,0.0,-0.14639897227417684
106,4,0.0,0.0,0.0,0.0,0.0
107,0,0.0,-4.852987810826513e-06,0.0,0.0,-4.689755147829992
107,1,0.0,0.0,-0.02816909588730284,-7.144332933317841e-06,0.0
107,2,0.0,0.0,0.0,0.0,-1.5909114822878871
107,3,0.0,0.0,0.0,0.0,-0.14639897227417684
107,4,0.0,0.0,0.0,0.0,0.0
108,0,0.0,-4.852987810826513e-06,0.0,0.0,-4.74632570419233
108,1,0.0,0.0,-0.02816909588730284,-7.144332933317841e-06,0.0
108,2,0.0,0.0,0.0,0.0,-1.5909114822878871
108,3,0.0,0.0,0.0,0.0,-0.14639897227417684
108,4,0.0,0.0,0.0,0.0,0.0
109,0,0.0,-4.852987810826513e-06,0.0,0.0,-4.8238540615905166
109,1,0.0,0.0,-0.02816909588730284,-7.144332933317841e-06,0.0
109,2,0.0,0.0,0.0,0.0,-1.5909114822878871
109,3,0.0,0.0,0.0,0.0,-0.14639897227417684
109,4,0.0,0.0,0.0,0.0,0.0
110,0,0.0,-4.852987810826513e-06,0.0,0.0,-4.873978734984231
110,1,0.0,0.0,-0.02816909588730284,-7.144332933317841e-06,0.0
110,2,0.0,0.0,0.0,0.0,-1.5909114822878871
110,3,0.0,0.0,0.0,0.0,-0.14639897227417684
110,4,0.0,0.0,0.0,0.0,0.0
111,0,0.0,-4.852987810826513e-06,0.0,0.0,-4.906993880429749
111,1,0.0,0.0,-0.02816909588730284,-7.144332933317841e-06,0.0
111,2,0.0,0.0,0.0,0.0,-1.5909114822878871
111,3,0.0,0.0,0.0,0.0,-0.14639897227417684
111,4,0.0,0.0,0.0,0.0,0.0
112,0,0.0,-4.852987810826513e-06,0.0,0.0,-4.948619997181063
112,1,0.0,0.0,-0.02816909588730284,-7.144332933317841e-06,0.0
112,2,0.0,0.0,0.0,0.0,-1.5909114822878871
112,3,0.0,0.0,0.0,0.0,-0.14639897227417684
112,4,0.0,0.0,0.0,0.0,0.0
113,0,0.0,-4.852987810826513e-06,0.0,0.0,-5.024601292229904
113,1,0.0,0.0,-0.02816909588730284,-7.144332933317841e-06,0.0
113,2,0.0,0.0,0.0,0.0,-1.5909114822878871
113,3,0.0,0.0,0.0,0.0,-0.14639897227417684
113,4,0.0,0.0,0.0,0.0,0.0
114,0,0.0,-4.852987810826513e-06,0.0,0.0,-5.094482026957671
114,1,0.0,0.0,-0.02816909588730284,-7.144332933317841e-06,0.0
114,2,0.0,0.0,0.0,0.0,-1.5909114822878871
114,3,0.0,0.0,0.0,0.0,-0.14639897227417684
114,4,0.0,0.0,0.0,0.0,0.0
115,0,0.0,-4.852987810826513e-06,0.0,0.0,-5.164056015516976
115,1,0.0,0.0,-0.02816909588730284,-7.144332933317841e-06,0.0
115,2,0.0,0.0,0.0,0.0,-1.5909114822878871
115,3,0.0,0.0,0.0,0.0,-0.14639897227417684
115,4,0.0,0.0,0.0,0.0,0.0
116,0,0.0,-4.852987810826513e-06,0.0,0.0,-5.203352136617295
116,1,0.0,0.0,-0.02816909588730284,-7.144332933317841e-06,0.0
116,2,0.0,0.0,0.0,0.0,-1.5909114822878871
116,3,0.0,0.0,0.0,0.0,-0.14639897227417684
116,4,0.0,0.0,0.0,0.0,0.0
117,0,0.0,-4.852987810826513e-06,0.0,0.0,-5.268533828120248
117,1,0.0,0.0,-0.02816909588730284,-7.144332933317841e-06,0.0
117,2,0.0,0.0,0.0,0.0,-1.5909114822878871
117,3,0.0,0.0,0.0,0.0,-0.14639897227417684
117,4,0.0,0.0,0.0,0.0,0.0
118,0,0.0,-4.852987810826513e-06,0.0,0.0,-5.316712343436174
118,1,0.0,0.0,-0.02816909588730284,-7.144332933317841e-06,0.0
118,2,0.0,0.0,0.0,0.0,-1.5909114822878871
118,3,0.0,0.0,0.0,0.0,-0.14639897227417684
118,4,0.0,0.0,0.0,0.0,0.0
119,0,0.0,-4.852987810826513e-06,0.0,0.0,-5.381731060317021
119,1,0.0,0.0,-0.02816909588730284,-7.144332933317841e-06,0.0
119,2,0.0,0.0,0.0,0.0,-1.5909114822878871
119,3,0.0,0.0,0.0,0.0,-0.14639897227417684
119,4,0.0,0.0,0.0,0.0,0.0
120,0,0.0,-4.852987810826513e-06,0.0,0.0,-5.4341593252498726
120,1,0.0,0.0,-0.02816909588730284,-7.144332933317841e-06,0.0
120,2,0.0,0.0,0.0,0.0,-1.5909114822878871
120,3,0.0,0.0,0.0,0.0,-0.14639897227417684
120,4,0.0,0.0,0.0,0.0,0.0
121,0,0.0,-4.852987810826513e-06,0.0,0.0,-5.482617428911257
121,1,0.0,0.0,-0.02816909588730284,-7.144332933317841e-06,0.0
121,2,0.0,0.0,0.0,0.0,-1.5909114822878871
121,3,0.0,0.0,0.0,0.0,-0.14639897227417684
121,4,0.0,0.0,0.0,0.0,0.0
122,0,0.0,-4.852987810826513e-06,0.0,0.0,-5.52712086029579
122,1,0.0,0.0,-0.02816909588730284,-7.144332933317841e-06,0.0
122,2,0.0,0.0,0.0,0.0,-1.5909114822878871
122,3,0.0,0.0,0.0,0.0,-0.14639897227417684
122,4,0.0,0.0,0.0,0.0,0.0
123,0,0.0,-4.852987810826513e-06,0.0,0.0,-5.599061712053903
123,1,0.0,0.0,-0.02816909588730284,-7.144332933317841e-06,0.0
123,2,0.0,0.0,0.0,0.0,-1.5909114822878871
123,3,0.0,0.0,0.0,0.0,-0.14639897227417684
123,4,0.0,0.0,0.0,0.0,0.0
124,0,0.0,-4.852987810826513e-06,0.0,0.0,-5.6564626523732855
124,1,0.0,0.0,-0.02816909588730284,-7.144332933317841e-06,0.0
124,2,0.0,0.0,0.0,0.0,-1.5909114822878871
124,3,0.0,0.0,0.0,0.0,-0.14639897227417684
124,4,0.0,0.0,0.0,0.0,0.0
125,0,0.0,-4.852987810826513e-06,0.0,0.0,-5.727241948331068
125,1,0.0,0.0,-0.02816909588730284,-7.144332933317841e-06,0.0
125,2,0.0,0.0,0.0,0.0,-1.5909114822878871
125,3,0.0,0.0,0.0,0.0,-0.14639897227417684
125,4,0.0,0.0,0.0,0.0,0.0
126,0,0.0,-4.852987810826513e-06,0.0,0.0,-5.795416057979449
126,1,0.0,0.0,-0.02816909588730284,-7.144332933317841e-06,0.0
126,2,0.0,0.0,0.0,0.0,-1.5909114822878871
126,3,0.0,0.0,0.0,0.0,-0.14639897227417684
126,4,0.0,0.0,0.0,0.0,0.0
127,0,0.0,-4.852987810826513e-06,0.0,0.0,-5.839513053965426
127,1,0.0,0.0,-0.02816909588730284,-7.144332933317841e-06,0.0
127,2,0.0,0.0,0.0,0.0,-1.5909114822878871
127,3,0.0,0.0,0.0,0.0,-0.14639897227417684
127,4,0.0,0.0,0.0,0.0,0.0
128,0,0.0,-4.852987810826513e-06,0.0,0.0,-5.884876501185641
128,1,0.0,0.0,-0.02816909588730284,-7.144332933317841e-06,0.0
128,2,0.0,0.0,0.0,0.0,-1.5909114822878871
128,3,0.0,0.0,0.0,0.0,-0.14639897227417684
128,4,0.0,0.0,0.0,0.0,0.0
129,0,0.0,-4.852987810826513e-06,0.0,0.0,-5.927952928123142
129,1,0.0,0.0,-0.02816909588730284,-7.144332933317841e-06,0.0
129,2,0.0,0.0,0.0,0.0,-1.5909114822878871
129,3,0.0,0.0,0.0,0.0,-0.14639897227417684
129,4,0.0,0.0,0.0,0.0,0.0
130,0,0.0,-4.852987810826513e-06,0.0,0.0,-5.988642842480964
130,1,0.0,0.0,-0.02816909588730284,-7.144332933317841e-06,0.0
130,2,0.0,0.0,0.0,0.0,-1.5909114822878871
130,3,0.0,0.0,0.0,0.0,-0.14639897227417684
130,4,0.0,0.0,0.0,0.0,0.0
131,0,0.0,-4.852987810826513e-06,0.0,0.0,-6.038527264199607
131,1,0.0,0.0,-0.02816909588730284,-7.144332933317841e-06,0.0
131,2,0.0,0.0,0.0,0.0,-1.5909114822878871
131,3,0.0,0.0,0.0,0.0,-0.14639897227417684
131,4,0.0,0.0,0.0,0.0,0.0
132,0,0.0,-4.852987810826513e-06,0.0,0.0,-6.08973500094551
132,1,0.0,0.0,-0.02816909588730284,-7.144332933317841e-06,0.0
132,2,0.0,0.0,0.0,0.0,-1.5909114822878871
132,3,0.0,0.0,0.0,0.0,-0.14639897227417684
132,4,0.0,0.0,0.0,0.0,0.0
133,0,0.0,-4.852987810826513e-06,0.0,0.0,-6.153334850344547
133,1,0.0,0.0,-0.02816909588730284,-7.144332933317841e-06,0.0
133,2,0.0,0.0,0.0,0.0,-1.5909114822878871
133,3,0.0,0.0,0.0,0.0,-0.14639897227417684
133,4,0.0,0.0,0.0,0.0,0.0
134,0,0.0,-4.852987810826513e-06,0.0,0.0,-6.2026114637782115
134,1,0.0,0.0,-0.02816909588730284,-7.144332933317841e-06,0.0
134,2,0.0,0.0,0.0,0.0,-1.5909114822878871
134,3,0.0,0.0,0.0,0.0,-0.14639897227417684
134,4,0.0,0.0,0.0,0.0,0.0
135,0,0.0,-4.852987810826513e-06,0.0,0.0,-6.246808459820328
135,1,0.0,0.0,-0.02816909588730284,-7.144332933317841e-06,0.0
135,2,0.0,0.0,0.0,0.0,-1.5909114822878871
135,3,0.0,0.0,0.0,0.0,-0.14639897227417684
135,4,0.0,0.0,0.0,0.0,0.0
136,0,0.0,-4.852987810826513e-06,0.0,0.0,-6.3082966869366395
136,1,0.0,0.0,-0.02816909588730284,-7.144332933317841e-06,0.0
136,2,0.0,0.0,0.0,0.0,-1.5909114822878871
136,3,0.0,0.0,0.0,0.0,-0.14639897227417684
136,4,0.0,0.0,0.0,0.0,0.0
137,0,0.0,-4.852987810826513e-06,0.0,0.0,-6.334742431616842
137,1,0.0,0.0,-0.02816909588730284,-7.144332933317841e-06,0.0
137,2,0.0,0.0,0.0,0.0,-1.5909114822878871
137,3,0.0,0.0,0.0,0.0,-0.14639897227417684
137,4,0.0,0.0,0.0,0.0,0.0
138,0,0.0,-6.169352941926477e-06,0.0,0.0,-6.334742431616842
138,1,0.0,0.0,-0.03094429891009291,-7.144332933317841e-06,0.0
138,2,0.0,0.0,0.0,0.0,-1.6586886582773293
138,3,0.0,0.0,0.0,0.0,-0.14639897227417684
138,4,0.0,0.0,0.0,0.0,0.0
139,0,0.0,-6.169352941926477e-06,0.0,0.0,-6.3621463178640525
139,1,0.0,0.0,-0.03094429891009291,-7.144332933317841e-06,0.0
139,2,0.0,0.0,0.0,0.0,-1.6586886582773293
139,3,0.0,0.0,0.0,0.0,-0.14639897227417684
139,4,0.0,0.0,0.0,0.0,0.0
140,0,0.0,-6.169352941926477e-06,0.0,0.0,-6.416095032885709
140,1,0.0,0.0,-0.03094429891009291,-7.144332933317841e-06,0.0
140,2,0.0,0.0,0.0,0.0,-1.6586886582773293
140,3,0.0,0.0,0.0,0.0,-0.14639897227417684
140,4,0.0,0.0,0.0,0.0,0.0
141,0,0.0,-6.169352941926477e-06,0.0,0.0,-6.486073984213665
141,1,0.0,0.0,-0.03094429891009291,-7.144332933317841e-06,0.0
141,2,0.0,0.0,0.0,0.0,-1.6586886582773293
141,3,0.0,0.0,0.0,0.0,-0.14639897227417684
141,4,0.0,0.0,0.0,0.0,0.0
142,0,0.0,-6.169352941926477e-06,0.0,0.0,-6.510671530245486
142,1,0.0,0.0,-0.03094429891009291,-7.144332933317841e-06,0.0
142,2,0.0,0.0,0.0,0.0,-1.6586886582773293
142,3,0.0,0.0,0.0,0.0,-0.14639897227417684
142,4,0.0,0.0,0.0,0.0,0.0
143,0,0.0,-6.169352941926477e-06,0.0,0.0,-6.5690059067794
143,1,0.0,0.0,-0.03094429891009291,-7.144332933317841e-06,0.0
143,2,0.0,0.0,0.0,0.0,-1.6586886582773293
143,3,0.0,0.0,0.0,0.0,-0.14639897227417684
143,4,0.0,0.0,0.0,0.0,0.0
144,0,0.0,-6.169352941926477e-06,0.0,0.0,-6.625978045481401
144,1,0.0,0.0,-0.03094429891009291,-7.144332933317841e-06,0.0
144,2,0.0,0.0,0.0,0.0,-1.6586886582773293
144,3,0.0,0.0,0.0,0.0,-0.14639897227417684
144,4,0.0,0.0,0.0,0.0,0.0
145,0,0.0,-6.169352941926477e-06,0.0,0.0,-6.699839389823411
145,1,0.0,0.0,-0.03094429891009291,-7.144332933317841e-06,0.0
145,2,0.0,0.0,0.0,0.0,-1.6586886582773293
145,3,0.0,0.0,0.0,0.0,-0.14639897227417684
145,4,0.0,0.0,0.0,0.0,0.0
146,0,0.0,-6.169352941926477e-06,0.0,0.0,-6.742753470932439
146,1,0.0,0.0,-0.03094429891009291,-7.144332933317841e-06,0.0
146,2,0.0,0.0,0.0,0.0,-1.6586886582773293
146,3,0.0,0.0,0.0,0.0,-0.14639897227417684
146,4,0.0,0.0,0.0,0.0,0.0
147,0,0.0,-6.169352941926477e-06,0.0,0.0,-6.789332957380327
147,1,0.0,0.0,-0.03094429891009291,-7.144332933317841e-06,0.0
147,2,0.0,0.0,0.0,0.0,-1.6586886582773293
147,3,0.0,0.0,0.0,0.0,-0.14639897227417684
147,4,0.0,0.0,0.0,0.0,0.0
148,0,0.0,-6.169352941926477e-06,0.0,0.0,-6.819818396011915
148,1,0.0,0.0,-0.03094429891009291,-7.144332933317841e-06,0.0
148,2,0.0,0.0,0.0,0.0,-1.6586886582773293
148,3,0.0,0.0,0.0,0.0,-0.14639897227417684
148,4,0.0,0.0,0.0,0.0,0.0
149,0,0.0,-6.169352941926477e-06,0.0,0.0,-6.849123115719027
149,1,0.0,0.0,-0.03094429891009291,-7.144332933317841e-06,0.0
149,2,0.0,0.0,0.0,0.0,-1.6586886582773293
149,3,0.0,0.0,0.0,0.0,-0.14639897227417684
149,4,0.0,0.0,0.0,0.0,0.0
150,0,0.0,-6.169352941926477e-06,0.0,0.0,-6.901661232997307
150,1,0.0,0.0,-0.03094429891009291,-7.144332933317841e-06,0.0
150,2,0.0,0.0,0.0,0.0,-1.6586886582773293
150,3,0.0,0.0,0.0,0.0,-0.14639897227417684
150,4,0.0,0.0,0.0,0.0,0.0
151,0,0.0,-6.169352941926477e-06,0.0,0.0,-6.968964138942684
151,1,0.0,0.0,-0.03094429891009291,-7.144332933317841e-06,0.0
151,2,0.0,0.0,0.0,0.0,-1.6586886582773293
151,3,0.0,0.0,0.0,0.0,-0.14639897227417684
151,4,0.0,0.0,0.0,0.0,0.0
152,0,0.0,-6.169352941926477e-06,0.0,0.0,-7.013287235537775
152,1,0.0,0.0,-0.03094429891009291,-7.144332933317841e-06,0.0
152,2,0.0,0.0,0.0,0.0,-1.6586886582773293
152,3,0.0,0.0,0.0,0.0,-0.14639897227417684
152,4,0.0,0.0,0.0,0.0,0.0
153,0,0.0,-7.757394098369965e-06,0.0,0.0,-7.013287235537775
153,1,0.0,0.0,-0.03387519407561847,-7.144332933317841e-06,0.0
153,2,0.0,0.0,0.0,0.0,-1.7313370927741771
153,3,0.0,0.0,0.0,0.0,-0.14639897227417684
153,4,0.0,0.0,0.0,0.0,0.0
154,0,0.0,-7.757394098369965e-06,0.0,0.0,-7.063380317311279
154,1,0.0,0.0,-0.03387519407561847,-7.144332933317841e-06,0.0
154,2,0.0,0.0,0.0,0.0,-1.7313370927741771
154,3,0.0,0.0,0.0,0.0,-0.14639897227417684
154,4,0.0,0.0,0.0,0.0,0.0
155,0,0.0,-7.757394098369965e-06,0.0,0.0,-7.104910896167302
155,1,0.0,0.0,-0.03387519407561847,-7.144332933317841e-06,0.0
155,2,0.0,0.0,0.0,0.0,-1.7313370927741771
155,3,0.0,0.0,0.0,0.0,-0.14639897227417684
155,4,0.0,0.0,0.0,0.0,0.0
156,0,0.0,-7.757394098369965e-06,0.0,0.0,-7.1558786905701615
156,1,0.0,0.0,-0.03387519407561847,-7.144332933317841e-06,0.0
156,2,0.0,0.0,0.0,0.0,-1.7313370927741771
156,3,0.0,0.0,0.0,0.0,-0.14639897227417684
156,4,0.0,0.0,0.0,0.0,0.0
157,0,0.0,-7.757394098369965e-06,0.0,0.0,-7.1971652981299465
157,1,0.0,0.0,-0.03387519407561847,-7.144332933317841e-06,0.0
157,2,0.0,0.0,0.0,0.0,-1.7313370927741771
157,3,0.0,0.0,0.0,0.0,-0.14639897227417684
157,4,0.0,0.0,0.0,0.0,0.0
158,0,0.0,-7.757394098369965e-06,0.0,0.0,-7.238377127154198
158,1,0.0,0.0,-0.03387519407561847,-7.144332933317841e-06,0.0
158,2,0.0,0.0,0.0,0.0,-1.7313370927741771
158,3,0.0,0.0,0.0,0.0,-0.14639897227417684
158,4,0.0,0.0,0.0,0.0,0.0
159,0,0.0,-7.757394098369965e-06,0.0,0.0,-7.291839650852523
159,1,0.0,0.0,-0.03387519407561847,-7.144332933317841e-06,0.0
159,2,0.0,0.0,0.0,0.0,-1.7313370927741771
159,3,0.0,0.0,0.0,0.0,-0.14639897227417684
159,4,0.0,0.0,0.0,0.0,0.0
160,0,0.0,-7.757394098369965e-06,0.0,0.0,-7.34596198638513
160,1,0.0,0.0,-0.03387519407561847,-7.144332933317841e-06,0.0
160,2,0.0,0.0,0.0,0.0,-1.7313370927741771
160,3,0.0,0.0,0.0,0.0,-0.14639897227417684
160,4,0.0,0.0,0.0,0.0,0.0
161,0,0.0,-7.757394098369965e-06,0.0,0.0,-7.39070583236854
161,1,0.0,0.0,-0.03387519407561847,-7.144332933317841e-06,0.0
161,2,0.0,0.0,0.0,0.0,-1.7313370927741771
161,3,0.0,0.0,0.0,0.0,-0.14639897227417684
161,4,0.0,0.0,0.0,0.0,0.0
162,0,0.0,-7.757394098369965e-06,0.0,0.0,-7.436023743274715
162,1,0.0,0.0,-0.03387519407561847,-7.144332933317841e-06,0.0
162,2,0.0,0.0,0.0,0.0,-1.7313370927741771
162,3,0.0,0.0,0.0,0.0,-0.14639897227417684
162,4,0.0,0.0,0.0,0.0,0.0
163,0,0.0,-7.757394098369965e-06,0.0,0.0,-7.491440061760522
163,1,0.0,0.0,-0.03387519407561847,-7.144332933317841e-06,0.0
163,2,0.0,0.0,0.0,0.0,-1.7313370927741771
163,3,0.0,0.0,0.0,0.0,-0.14639897227417684
163,4,0.0,0.0,0.0,0.0,0.0
164,0,0.0,-7.757394098369965e-06,0.0,0.0,-7.52590850665198
164,1,0.0,0.0,-0.03387519407561847,-7.144332933317841e-06,0.0
164,2,0.0,0.0,0.0,0.0,-1.7313370927741771
164,3,0.0,0.0,0.0,0.0,-0.14639897227417684
164,4,0.0,0.0,0.0,0.0,0.0
165,0,0.0,-7.757394098369965e-06,0.0,0.0,-7.565854191971275
165,1,0.0,0.0,-0.03387519407561847,-7.144332933317841e-06,0.0
165,2,0.0,0.0,0.0,0.0,-1.7313370927741771
165,3,0.0,0.0,0.0,0.0,-0.14639897227417684
165,4,0.0,0.0,0.0,0.0,0.0
166,0,0.0,-7.757394098369965e-06,0.0,0.0,-7.625077062542175
166,1,0.0,0.0,-0.03387519407561847,-7.144332933317841e-06,0.0
166,2,0.0,0.0,0.0,0.0,-1.7313370927741771
166,3,0.0,0.0,0.0,0.0,-0.14639897227417684
166,4,0.0,0.0,0.0,0.0,0.0
167,0,0.0,-7.757394098369965e-06,0.0,0.0,-7.661835356196848
167,1,0.0,0.0,-0.03387519407561847,-7.144332933317841e-06,0.0
167,2,0.0,0.0,0.0,0.0,-1.7313370927741771
167,3,0.0,0.0,0.0,0.0,-0.14639897227417684
167,4,0.0,0.0,0.0,0.0,0.0
168,0,0.0,-7.757394098369965e-06,0.0,0.0,-7.70959343948363
168,1,0.0,0.0,-0.03387519407561847,-7.144332933317841e-06,0.0
168,2,0.0,0.0,0.0,0.0,-1.7313370927741771
168,3,0.0,0.0,0.0,0.0,-0.14639897227417684
168,4,0.0,0.0,0.0,0.0,0.0
169,0,0.0,-7.757394098369965e-06,0.0,0.0,-7.744841364663453
169,1,0.0,0.0,-0.03387519407561847,-7.144332933317841e-06,0.0
169,2,0.0,0.0,0.0,0.0,-1.7313370927741771
169,3,0.0,0.0,0.0,0.0,-0.14639897227417684
169,4,0.0,0.0,0.0,0.0,0.0
170,0,0.0,-7.757394098369965e-06,0.0,0.0,-7.803474452627938
170,1,0.0,0.0,-0.03387519407561847,-7.144332933317841e-06,0.0
170,2,0.0,0.0,0.0,0.0,-1.7313370927741771
170,3,0.0,0.0,0.0,0.0,-0.14639897227417684
170,4,0.0,0.0,0.0,0.0,0.0
171,0,0.0,-7.757394098369965e-06,0.0,0.0,-7.843737053692662
171,1,0.0,0.0,-0.03387519407561847,-7.144332933317841e-06,0.0
171,2,0.0,0.0,0.0,0.0,-1.7313370927741771
171,3,0.0,0.0,0.0,0.0,-0.14639897227417684
171,4,0.0,0.0,0.0,0.0,0.0
172,0,0.0,-7.757394098369965e-06,0.0,0.0,-7.90023803148704
172,1,0.0,0.0,-0.03387519407561847,-7.144332933317841e-06,0.0
172,2,0.0,0.0,0.0,0.0,-1.7313370927741771
172,3,0.0,0.0,0.0,0.0,-0.14639897227417684
172,4,0.0,0.0,0.0,0.0,0.0
173,0,0.0,-7.757394098369965e-06,0.0,0.0,-7.939380846253988
173,1,0.0,0.0,-0.03387519407561847,-7.144332933317841e-06,0.0
173,2,0.0,0.0,0.0,0.0,-1.7313370927741771
173,3,0.0,0.0,0.0,0.0,-0.14639897227417684
173,4,0.0,0.0,0.0,0.0,0.0
174,0,0.0,-7.757394098369965e-06,0.0,0.0,-7.99519136850562
174,1,0.0,0.0,-0.03387519407561847,-7.144332933317841e-06,0.0
174,2,0.0,0.0,0.0,0.0,-1.7313370927741771
174,3,0.0,0.0,0.0,0.0,-0.14639897227417684
174,4,0.0,0.0,0.0,0.0,0.0
175,0,0.0,-7.757394098369965e-06,0.0,0.0,-8.023912453833516
175,1,0.0,0.0,-0.03387519407561847,-7.144332933317841e-06,0.0
175,2,0.0,0.0,0.0,0.0,-1.7313370927741771
175,3,0.0,0.0,0.0,0.0,-0.14639897227417684
175,4,0.0,0.0,0.0,0.0,0.0
176,0,0.0,-7.757394098369965e-06,0.0,0.0,-8.061086620399637
176,1,0.0,0.0,-0.03387519407561847,-7.144332933317841e-06,0.0
176,2,0.0,0.0,0.0,0.0,-1.7313370927741771
176,3,0.0,0.0,0.0,0.0,-0.14639897227417684
176,4,0.0,0.0,0.0,0.0,0.0
177,0,0.0,-7.757394098369965e-06,0.0,0.0,-8.118332565377054
177,1,0.0,0.0,-0.03387519407561847,-7.144332933317841e-06,0.0
177,2,0.0,0.0,0.0,0.0,-1.7313370927741771
177,3,0.0,0.0,0.0,0.0,-0.14639897227417684
177,4,0.0,0.0,0.0,0.0,0.0
178,0,0.0,-7.757394098369965e-06,0.0,0.0,-8.169650805335998
178,1,0.0,0.0,-0.03387519407561847,-7.144332933317841e-06,0.0
178,2,0.0,0.0,0.0,0.0,-1.7313370927741771
178,3,0.0,0.0,0.0,0.0,-0.14639897227417684
178,4,0.0,0.0,0.0,0.0,0.0
179,0,0.0,-7.757394098369965e-06,0.0,0.0,-8.203785024448997
179,1,0.0,0.0,-0.03387519407561847,-7.144332933317841e-06,0.0
179,2,0.0,0.0,0.0,0.0,-1.7313370927741771
179,3,0.0,0.0,0.0,0.0,-0.14639897227417684
179,4,0.0,0.0,0.0,0.0,0.0
180,0,0.0,-7.757394098369965e-06,0.0,0.0,-8.242743273378103
180,1,0.0,0.0,-0.03387519407561847,-7.144332933317841e-06,0.0
180,2,0.0,0.0,0.0,0.0,-1.7313370927741771
180,3,0.0,0.0,0.0,0.0,-0.14639897227417684
180,4,0.0,0.0,0.0,0.0,0.0
181,0,0.0,-7.757394098369965e-06,0.0,0.0,-8.285460968574398
181,1,0.0,0.0,-0.03387519407561847,-7.144332933317841e-06,0.0
181,2,0.0,0.0,0.0,0.0,-1.7313370927741771
181,3,0.0,0.0,0.0,0.0,-0.14639897227417684
181,4,0.0,0.0,0.0,0.0,0.0
182,0,0.0,-7.757394098369965e-06,0.0,0.0,-8.314418826022381
182,1,0.0,0.0,-0.03387519407561847,-7.144332933317841e-06,0.0
182,2,0.0,0.0,0.0,0.0,-1.7313370927741771
182,3,0.0,0.0,0.0,0.0,-0.14639897227417684
182,4,0.0,0.0,0.0,0.0,0.0
183,0,0.0,-7.757394098369965e-06,0.0,0.0,-8.378921588156183
183,1,0.0,0.0,-0.03387519407561847,-7.144332933317841e-06,0.0
183,2,0.0,0.0,0.0,0.0,-1.7313370927741771
183,3,0.0,0.0,0.0,0.0,-0.14639897227417684
183,4,0.0,0.0,0.0,0.0,0.0
184,0,0.0,-7.757394098369965e-06,0.0,0.0,-8.404113631211674
184,1,0.0,0.0,-0.03387519407561847,-7.144332933317841e-06,0.0
184,2,0.0,0.0,0.0,0.0,-1.7313370927741771
184,3,0.0,0.0,0.0,0.0,-0.14639897227417684
184,4,0.0,0.0,0.0,0.0,0.0
185,0,0.0,-7.757394098369965e-06,0.0,0.0,-8.464392028619615
185,1,0.0,0.0,-0.03387519407561847,-7.144332933317841e-06,0.0
185,2,0.0,0.0,0.0,0.0,-1.7313370927741771
185,3,0.0,0.0,0.0,0.0,-0.14639897227417684
185,4,0.0,0.0,0.0,0.0,0.0
186,0,0.0,-7.757394098369965e-06,0.0,0.0,-8.511730715611916
186,1,0.0,0.0,-0.03387519407561847,-7.144332933317841e-06,0.0
186,2,0.0,0.0,0.0,0.0,-1.7313370927741771
186,3,0.0,0.0,0.0,0.0,-0.14639897227417684
186,4,0.0,0.0,0.0,0.0,0.0
187,0,0.0,-7.757394098369965e-06,0.0,0.0,-8.554682970954788
187,1,0.0,0.0,-0.03387519407561847,-7.144332933317841e-06,0.0
187,2,0.0,0.0,0.0,0.0,-1.7313370927741771
187,3,0.0,0.0,0.0,0.0,-0.14639897227417684
187,4,0.0,0.0,0.0,0.0,0.0
188,0,0.0,-7.757394098369965e-06,0.0,0.0,-8.614340558862343
188,1,0.0,0.0,-0.03387519407561847,-7.144332933317841e-06,0.0
188,2,0.0,0.0,0.0,0.0,-1.7313370927741771
188,3,0.0,0.0,0.0,0.0,-0.14639897227417684
188,4,0.0,0.0,0.0,0.0,0.0
189,0,0.0,-7.757394098369965e-06,0.0,0.0,-8.651246840013815
189,1,0.0,0.0,-0.03387519407561847,-7.144332933317841e-06,0.0
189,2,0.0,0.0,0.0,0.0,-1.7313370927741771
189,3,0.0,0.0,0.0,0.0,-0.14639897227417684
189,4,0.0,0.0,0.0,0.0,0.0
190,0,0.0,-7.757394098369965e-06,0.0,0.0,-8.680148685295595
190,1,0.0,0.0,-0.03387519407561847,-7.144332933317841e-06,0.0
190,2,0.0,0.0,0.0,0.0,-1.7313370927741771
190,3,0.0,0.0,0.0,0.0,-0.14639897227417684
190,4,0.0,0.0,0.0,0.0,0.0
191,0,0.0,-7.757394098369965e-06,0.0,0.0,-8.73007827947545
191,1,0.0,0.0,-0.03387519407561847,-7.144332933317841e-06,0.0
191,2,0.0,0.0,0.0,0.0,-1.7313370927741771
191,3,0.0,0.0,0.0,0.0,-0.14639897227417684
191,4,0.0,0.0,0.0,0.0,0.0
192,0,0.0,-7.757394098369965e-06,0.0,0.0,-8.761855759563659
192,1,0.0,0.0,-0.03387519407561847,-7.144332933317841e-06,0.0
192,2,0.0,0.0,0.0,0.0,-1.7313370927741771
192,3,0.0,0.0,0.0,0.0,-0.14639897227417684
192,4,0.0,0.0,0.0,0.0,0.0
193,0,0.0,-7.757394098369965e-06,0.0,0.0,-8.802899469471642
193,1,0.0,0.0,-0.03387519407561847,-7.144332933317841e-06,0.0
193,2,0.0,0.0,0.0,0.0,-1.7313370927741771
193,3,0.0,0.0,0.0,0.0,-0.14639897227417684
193,4,0.0,0.0,0.0,0.0,0.0
194,0,0.0,-7.757394098369965e-06,0.0,0.0,-8.849228122442934
194,1,0.0,0.0,-0.03387519407561847,-7.144332933317841e-06,0.0
194,2,0.0,0.0,0.0,0.0,-1.7313370927741771
194,3,0.0,0.0,0.0,0.0,-0.14639897227417684
194,4,0.0,0.0,0.0,0.0,0.0
195,0,0.0,-7.757394098369965e-06,0.0,0.0,-8.902927809914361
195,1,0.0,0.0,-0.03387519407561847,-7.144332933317841e-06,0.0
195,2,0.0,0.0,0.0,0.0,-1.7313370927741771
195,3,0.0,0.0,0.0,0.0,-0.14639897227417684
195,4,0.0,0.0,0.0,0.0,0.0
196,0,0.0,-7.757394098369965e-06,0.0,0.0,-8.930401402112993
196,1,0.0,0.0,-0.03387519407561847,-7.144332933317841e-06,0.0
196,2,0.0,0.0,0.0,0.0,-1.7313370927741771
196,3,0.0,0.0,0.0,0.0,-0.14639897227417684
196,4,0.0,0.0,0.0,0.0,0.0
197,0,0.0,-7.757394098369965e-06,0.0,0.0,-8.966561903552302
197,1,0.0,0.0,-0.03387519407561847,-7.144332933317841e-06,0.0
197,2,0.0,0.0,0.0,0.0,-1.7313370927741771
197,3,0.0,0.0,0.0,0.0,-0.14639897227417684
197,4,0.0,0.0,0.0,0.0,0.0
198,0,0.0,-7.757394098369965e-06,0.0,0.0,-8.981802215841258
198,1,0.0,0.0,-0.03387519407561847,-7.144332933317841e-06,0.0
198,2,0.0,0.0,0.0,0.0,-1.7313370927741771
198,3,0.0,0.0,0.0,0.0,-0.14639897227417684
198,4,0.0,0.0,0.0,0.0,0.0
199,0,0.0,-7.757394098369965e-06,0.0,0.0,-9.035646211419376
199,1,0.0,0.0,-0.03387519407561847,-7.144332933317841e-06,0.0
199,2,0.0,0.0,0.0,0.0,-1.7313370927741771
199,3,0.0,0.0,0.0,0.0,-0.14639897227417684
199,4,0.0,0.0,0.0,0.0,0.0
200,0,0.0,-7.757394098369965e-06,0.0,0.0,-9.07367749586419
200,1,0.0,0.0,-0.03387519407561847,-7.144332933317841e-06,0.0
200,2,0.0,0.0,0.0,0.0,-1.7313370927741771
200,3,0.0,0.0,0.0,0.0,-0.14639897227417684
200,4,0.0,0.0,0.0,0.0,0.0
201,0,0.0,-7.757394098369965e-06,0.0,0.0,-9.086576979039231
201,1,0.0,0.0,-0.03387519407561847,-7.144332933317841e-06,0.0
201,2,0.0,0.0,0.0,0.0,-1.7313370927741771
201,3,0.0,0.0,0.0,0.0,-0.14639897227417684
201,4,0.0,0.0,0.0,0.0,0.0
202,0,0.0,-7.757394098369965e-06,0.0,0.0,-9.120137644779302
202,1,0.0,0.0,-0.03387519407561847,-7.144332933317841e-06,0.0
202,2,0.0,0.0,0.0,0.0,-1.7313370927741771
202,3,0.0,0.0,0.0,0.0,-0.14639897227417684
202,4,0.0,0.0,0.0,0.0,0.0
203,0,0.0,-7.757394098369965e-06,0.0,0.0,-9.154305064907108
203,1,0.0,0.0,-0.03387519407561847,-7.144332933317841e-06,0.0
203,2,0.0,0.0,0.0,0.0,-1.7313370927741771
203,3,0.0,0.0,0.0,0.0,-0.14639897227417684
203,4,0.0,0.0,0.0,0.0,0.0
204,0,0.0,-7.757394098369965e-06,0.0,0.0,-9.189621624857862
204,1,0.0,0.0,-0.03387519407561847,-7.144332933317841e-06,0.0
204,2,0.0,0.0,0.0,0.0,-1.7313370927741771
204,3,0.0,0.0,0.0,0.0,-0.14639897227417684
204,4,0.0,0.0,0.0,0.0,0.0
205,0,0.0,-7.757394098369965e-06,0.0,0.0,-9.25011041078924
205,1,0.0,0.0,-0.03387519407561847,-7.144332933317841e-06,0.0
205,2,0.0,0.0,0.0,0.0,-1.7313370927741771
205,3,0.0,0.0,0.0,0.0,-0.14639897227417684
205,4,0.0,0.0,0.0,0.0,0.0
206,0,0.0,-7.757394098369965e-06,0.0,0.0,-9.278222647256761
206,1,0.0,0.0,-0.03387519407561847,-7.144332933317841e-06,0.0
206,2,0.0,0.0,0.0,0.0,-1.7313370927741771
206,3,0.0,0.0,0.0,0.0,-0.14639897227417684
206,4,0.0,0.0,0.0,0.0,0.0
207,0,0.0,-7.757394098369965e-06,0.0,0.0,-9.295233516250432
207,1,0.0,0.0,-0.03387519407561847,-7.144332933317841e-06,0.0
207,2,0.0,0.0,0.0,0.0,-1.7313370927741771
207,3,0.0,0.0,0.0,0.0,-0.14639897227417684
207,4,0.0,0.0,0.0,0.0,0.0
208,0,0.0,-7.757394098369965e-06,0.0,0.0,-9.32386806202831
208,1,0.0,0.0,-0.03387519407561847,-7.144332933317841e-06,0.0
208,2,0.0,0.0,0.0,0.0,-1.7313370927741771
208,3,0.0,0.0,0.0,0.0,-0.14639897227417684
208,4,0.0,0.0,0.0,0.0,0.0
209,0,0.0,-7.757394098369965e-06,0.0,0.0,-9.37623599053366
209,1,0.0,0.0,-0.03387519407561847,-7.144332933317841e-06,0.0
209,2,0.0,0.0,0.0,0.0,-1.7313370927741771
209,3,0.0,0.0,0.0,0.0,-0.14639897227417684
209,4,0.0,0.0,0.0,0.0,0.0
210,0,0.0,-7.757394098369965e-06,0.0,0.0,-9.417299287372625
210,1,0.0,0.0,-0.03387519407561847,-7.144332933317841e-06,0.0
210,2,0.0,0.0,0.0,0.0,-1.7313370927741771
210,3,0.0,0.0,0.0,0.0,-0.14639897227417684
210,4,0.0,0.0,0.0,0.0,0.0
211,0,0.0,-7.757394098369965e-06,0.0,0.0,-9.47560853402341
211,1,0.0,0.0,-0.03387519407561847,-7.144332933317841e-06,0.0
211,2,0.0,0.0,0.0,0.0,-1.7313370927741771
211,3,0.0,0.0,0.0,0.0,-0.14639897227417684
211,4,0.0,0.0,0.0,0.0,0.0
212,0,0.0,-7.757394098369965e-06,0.0,0.0,-9.509113115428892
212,1,0.0,0.0,-0.03387519407561847,-7.144332933317841e-06,0.0
212,2,0.0,0.0,0.0,0.0,-1.7313370927741771
212,3,0.0,0.0,0.0,0.0,-0.14639897227417684
212,4,0.0,0.0,0.0,0.0,0.0
213,0,0.0,-7.757394098369965e-06,0.0,0.0,-9.5396698448214
213,1,0.0,0.0,-0.03387519407561847,-7.144332933317841e-06,0.0
213,2,0.0,0.0,0.0,0.0,-1.7313370927741771
213,3,0.0,0.0,0.0,0.0,-0.14639897227417684
213,4,0.0,0.0,0.0,0.0,0.0
214,0,0.0,-7.757394098369965e-06,0.0,0.0,-9.586995207340742
214,1,0.0,0.0,-0.03387519407561847,-7.144332933317841e-06,0.0
214,2,0.0,0.0,0.0,0.0,-1.7313370927741771
214,3,0.0,0.0,0.0,0.0,-0.14639897227417684
214,4,0.0,0.0,0.0,0.0,0.0
215,0,0.0,-7.757394098369965e-06,0.0,0.0,-9.628522268948965
215,1,0.0,0.0,-0.03387519407561847,-7.144332933317841e-06,0.0
215,2,0.0,0.0,0.0,0.0,-1.7313370927741771
215,3,0.0,0.0,0.0,0.0,-0.14639897227417684
215,4,0.0,0.0,0.0,0.0,0.0
216,0,0.0,-7.757394098369965e-06,0.0,0.0,-9.693194245064294
216,1,0.0,0.0,-0.03387519407561847,-7.144332933317841e-06,0.0
216,2,0.0,0.0,0.0,0.0,-1.7313370927741771
216,3,0.0,0.0,0.0,0.0,-0.14639897227417684
216,4,0.0,0.0,0.0,0.0,0.0
217,0,0.0,-7.757394098369965e-06,0.0,0.0,-9.733606377822897
217,1,0.0,0.0,-0.03387519407561847,-7.144332933317841e-06,0.0
217,2,0.0,0.0,0.0,0.0,-1.7313370927741771
217,3,0.0,0.0,0.0,0.0,-0.14639897227417684
217,4,0.0,0.0,0.0,0.0,0.0
218,0,0.0,-7.757394098369965e-06,0.0,0.0,-9.76016581093998
218,1,0.0,0.0,-0.03387519407561847,-7.144332933317841e-06,0.0
218,2,0.0,0.0,0.0,0.0,-1.7313370927741771
218,3,0.0,0.0,0.0,0.0,-0.14639897227417684
218,4,0.0,0.0,0.0,0.0,0.0
219,0,0.0,-7.757394098369965e-06,0.0,0.0,-9.792164221342365
219,1,0.0,0.0,-0.03387519407561847,-7.144332933317841e-06,0.0
219,2,0.0,0.0,0.0,0.0,-1.7313370927741771
219,3,0.0,0.0,0.0,0.0,-0.14639897227417684
219,4,0.0,0.0,0.0,0.0,0.0
220,0,0.0,-7.757394098369965e-06,0.0,0.0,-9.839132261096823
220,1,0.0,0.0,-0.03387519407561847,-7.144332933317841e-06,0.0
220,2,0.0,0.0,0.0,0.0,-1.7313370927741771
220,3,0.0,0.0,0.0,0.0,-0.14639897227417684
220,4,0.0,0.0,0.0,0.0,0.0
221,0,0.0,-7.757394098369965e-06,0.0,0.0,-9.878590000956418
221,1,0.0,0.0,-0.03387519407561847,-7.144332933317841e-06,0.0
221,2,0.0,0.0,0.0,0.0,-1.7313370927741771
221,3,0.0,0.0,0.0,0.0,-0.14639897227417684
221,4,0.0,0.0,0.0,0.0,0.0
222,0,0.0,-7.757394098369965e-06,0.0,0.0,-9.901017169818743
222,1,0.0,0.0,-0.03387519407561847,-7.144332933317841e-06,0.0
222,2,0.0,0.0,0.0,0.0,-1.7313370927741771
222,3,0.0,0.0,0.0,0.0,-0.14639897227417684
222,4,0.0,0.0,0.0,0.0,0.0
223,0,0.0,-7.757394098369965e-06,0.0,0.0,-9.93712428364191
223,1,0.0,0.0,-0.03387519407561847,-7.144332933317841e-06,0.0
223,2,0.0,0.0,0.0,0.0,-1.7313370927741771
223,3,0.0,0.0,0.0,0.0,-0.14639897227417684
223,4,0.0,0.0,0.0,0.0,0.0
224,0,0.0,-7.757394098369965e-06,0.0,0.0,-9.964663197160208
224,1,0.0,0.0,-0.03387519407561847,-7.144332933317841e-06,0.0
224,2,0.0,0.0,0.0,0.0,-1.7313370927741771
224,3,0.0,0.0,0.0,0.0,-0.14639897227417684
224,4,0.0,0.0,0.0,0.0,0.0
225,0,0.0,-7.757394098369965e-06,0.0,0.0,-10.01530292596009
225,1,0.0,0.0,-0.03387519407561847,-7.144332933317841e-06,0.0
225,2,0.0,0.0,0.0,0.0,-1.7313370927741771
225,3,0.0,0.0,0.0,0.0,-0.14639897227417684
225,4,0.0,0.0,0.0,0.0,0.0
226,0,0.0,-7.757394098369965e-06,0.0,0.0,-10.053000595398993
226,1,0.0,0.0,-0.03387519407561847,-7.144332933317841e-06,0.0
226,2,0.0,0.0,0.0,0.0,-1.7313370927741771
226,3,0.0,0.0,0.0,0.0,-0.14639897227417684
226,4,0.0,0.0,0.0,0.0,0.0
227,0,0.0,-7.757394098369965e-06,0.0,0.0,-10.092651643515737
227,1,0.0,0.0,-0.03387519407561847,-7.144332933317841e-06,0.0
227,2,0.0,0.0,0.0,0.0,-1.7313370927741771
227,3,0.0,0.0,0.0,0.0,-0.14639897227417684
227,4,0.0,0.0,0.0,0.0,0.0
228,0,0.0,-7.757394098369965e-06,0.0,0.0,-10.129214953175577
228,1,0.0,0.0,-0.03387519407561847,-7.144332933317841e-06,0.0
228,2,0.0,0.0,0.0,0.0,-1.7313370927741771
228,3,0.0,0.0,0.0,0.0,-0.14639897227417684
228,4,0.0,0.0,0.0,0.0,0.0
229,0,0.0,-7.757394098369965e-06,0.0,0.0,-10.141655922519801
229,1,0.0,0.0,-0.03387519407561847,-7.144332933317841e-06,0.0
229,2,0.0,0.0,0.0,0.0,-1.7313370927741771
229,3,0.0,0.0,0.0,0.0,-0.14639897227417684
229,4,0.0,0.0,0.0,0.0,0.0
230,0,0.0,-7.757394098369965e-06,0.0,0.0,-10.16732794100037
230,1,0.0,0.0,-0.03387519407561847,-7.144332933317841e-06,0.0
230,2,0.0,0.0,0.0,0.0,-1.7313370927741771
230,3,0.0,0.0,0.0,0.0,-0.14639897227417684
230,4,0.0,0.0,0.0,0.0,0.0
231,0,0.0,-7.757394098369965e-06,0.0,0.0,-10.224790211563784
231,1,0.0,0.0,-0.03387519407561847,-7.144332933317841e-06,0.0
231,2,0.0,0.0,0.0,0.0,-1.7313370927741771
231,3,0.0,0.0,0.0,0.0,-0.14639897227417684
231,4,0.0,0.0,0.0,0.0,0.0
232,0,0.0,-7.757394098369965e-06,0.0,0.0,-10.241629437022475
232,1,0.0,0.0,-0.03387519407561847,-7.144332933317841e-06,0.0
232,2,0.0,0.0,0.0,0.0,-1.7313370927741771
232,3,0.0,0.0,0.0,0.0,-0.14639897227417684
232,4,0.0,0.0,0.0,0.0,0.0
233,0,0.0,-7.757394098369965e-06,0.0,0.0,-10.273700370729417
233,1,0.0,0.0,-0.03387519407561847,-7.144332933317841e-06,0.0
233,2,0.0,0.0,0.0,0.0,-1.7313370927741771
233,3,0.0,0.0,0.0,0.0,-0.14639897227417684
233,4,0.0,0.0,0.0,0.0,0.0
234,0,0.0,-7.757394098369965e-06,0.0,0.0,-10.311701583759527
234,1,0.0,0.0,-0.03387519407561847,-7.144332933317841e-06,0.0
234,2,0.0,0.0,0.0,0.0,-1.7313370927741771
234,3,0.0,0.0,0.0,0.0,-0.14639897227417684
234,4,0.0,0.0,0.0,0.0,0.0
235,0,0.0,-7.757394098369965e-06,0.0,0.0,-10.34841438147725
235,1,0.0,0.0,-0.03387519407561847,-7.144332933317841e-06,0.0
235,2,0.0,0.0,0.0,0.0,-1.7313370927741771
235,3,0.0,0.0,0.0,0.0,-0.14639897227417684
235,4,0.0,0.0,0.0,0.0,0.0
236,0,0.0,-7.757394098369965e-06,0.0,0.0,-10.355422834772817
236,1,0.0,0.0,-0.03387519407561847,-7.144332933317841e-06,0.0
236,2,0.0,0.0,0.0,0.0,-1.7313370927741771
236,3,0.0,0.0,0.0,0.0,-0.14639897227417684
236,4,0.0,0.0,0.0,0.0,0.0
237,0,0.0,-7.757394098369965e-06,0.0,0.0,-10.403067482934254
237,1,0.0,0.0,-0.03387519407561847,-7.144332933317841e-06,0.0
237,2,0.0,0.0,0.0,0.0,-1.7313370927741771
237,3,0.0,0.0,0.0,0.0,-0.14639897227417684
237,4,0.0,0.0,0.0,0.0,0.0
238,0,0.0,-7.757394098369965e-06,0.0,0.0,-10.428328919613827
238,1,0.0,0.0,-0.03387519407561847,-7.144332933317841e-06,0.0
238,2,0.0,0.0,0.0,0.0,-1.7313370927741771
238,3,0.0,0.0,0.0,0.0,-0.14639897227417684
238,4,0.0,0.0,0.0,0.0,0.0
239,0,0.0,-7.757394098369965e-06,0.0,0.0,-10.47422323682412
239,1,0.0,0.0,-0.03387519407561847,-7.144332933317841e-06,0.0
239,2,0.0,0.0,0.0,0.0,-1.7313370927741771
239,3,0.0,0.0,0.0,0.0,-0.14639897227417684
239,4,0.0,0.0,0.0,0.0,0.0
240,0,0.0,-7.757394098369965e-06,0.0,0.0,-10.510189470397242
240,1,0.0,0.0,-0.03387519407561847,-7.144332933317841e-06,0.0
240,2,0.0,0.0,0.0,0.0,-1.7313370927741771
240,3,0.0,0.0,0.0,0.0,-0.14639897227417684
240,4,0.0,0.0,0.0,0.0,0.0
241,0,0.0,-7.757394098369965e-06,0.0,0.0,-10.55331691785578
241,1,0.0,0.0,-0.03387519407561847,-7.144332933317841e-06,0.0
241,2,0.0,0.0,0.0,0.0,-1.7313370927741771
241,3,0.0,0.0,0.0,0.0,-0.14639897227417684
241,4,0.0,0.0,0.0,0.0,0.0
242,0,0.0,-7.757394098369965e-06,0.0,0.0,-10.585928254830877
242,1,0.0,0.0,-0.03387519407561847,-7.144332933317841e-06,0.0
242,2,0.0,0.0,0.0,0.0,-1.7313370927741771
242,3,0.0,0.0,0.0,0.0,-0.14639897227417684
242,4,0.0,0.0,0.0,0.0,0.0
243,0,0.0,-7.757394098369965e-06,0.0,0.0,-10.607603301652452
243,1,0.0,0.0,-0.03387519407561847,-7.144332933317841e-06,0.0
243,2,0.0,0.0,0.0,0.0,-1.7313370927741771
243,3,0.0,0.0,0.0,0.0,-0.14639897227417684
243,4,0.0,0.0,0.0,0.0,0.0
244,0,0.0,-7.757394098369965e-06,0.0,0.0,-10.631692595984674
244,1,0.0,0.0,-0.03387519407561847,-7.144332933317841e-06,0.0
244,2,0.0,0.0,0.0,0.0,-1.7313370927741771
244,3,0.0,0.0,0.0,0.0,-0.14639897227417684
244,4,0.0,0.0,0.0,0.0,0.0
245,0,0.0,-7.757394098369965e-06,0.0,0.0,-10.657573110475534
245,1,0.0,0.0,-0.03387519407561847,-7.144332933317841e-06,0.0
245,2,0.0,0.0,0.0,0.0,-1.7313370927741771
245,3,0.0,0.0,0.0,0.0,-0.14639897227417684
245,4,0.0,0.0,0.0,0.0,0.0
246,0,0.0,-7.757394098369965e-06,0.0,0.0,-10.691092183574433
246,1,0.0,0.0,-0.03387519407561847,-7.144332933317841e-06,0.0
246,2,0.0,0.0,0.0,0.0,-1.7313370927741771
246,3,0.0,0.0,0.0,0.0,-0.14639897227417684
246,4,0.0,0.0,0.0,0.0,0.0
247,0,0.0,-7.757394098369965e-06,0.0,0.0,-10.746541098522725
247,1,0.0,0.0,-0.03387519407561847,-7.144332933317841e-06,0.0
247,2,0.0,0.0,0.0,0.0,-1.7313370927741771
247,3,0.0,0.0,0.0,0.0,-0.14639897227417684
247,4,0.0,0.0,0.0,0.0,0.0
248,0,0.0,-7.757394098369965e-06,0.0,0.0,-10.793625699572765
248,1,0.0,0.0,-0.03387519407561847,-7.144332933317841e-06,0.0
248,2,0.0,0.0,0.0,0.0,-1.7313370927741771
248,3,0.0,0.0,0.0,0.0,-0.14639897227417684
248,4,0.0,0.0,0.0,0.0,0.0
249,0,0.0,-7.757394098369965e-06,0.0,0.0,-10.820365969353992
249,1,0.0,0.0,-0.03387519407561847,-7.144332933317841e-06,0.0
249,2,0.0,0.0,0.0,0.0,-1.7313370927741771
249,3,0.0,0.0,0.0,0.0,-0.14639897227417684
249,4,0.0,0.0,0.0,0.0,0.0
250,0,0.0,-7.757394098369965e-06,0.0,0.0,-10.877926307918948
250,1,0.0,0.0,-0.03387519407561847,-7.144332933317841e-06,0.0
250,2,0.0,0.0,0.0,0.0,-1.7313370927741771
250,3,0.0,0.0,0.0,0.0,-0.14639897227417684
250,4,0.0,0.0,0.0,0.0,0.0
251,0,0.0,-7.757394098369965e-06,0.0,0.0,-10.910420817911334
251,1,0.0,0.0,-0.03387519407561847,-7.144332933317841e-06,0.0
251,2,0.0,0.0,0.0,0.0,-1.7313370927741771
251,3,0.0,0.0,0.0,0.0,-0.14639897227417684
251,4,0.0,0.0,0.0,0.0,0.0
252,0,0.0,-7.757394098369965e-06,0.0,0.0,-10.937012089010384
252,1,0.0,0.0,-0.03387519407561847,-7.144332933317841e-06,0.0
252,2,0.0,0.0,0.0,0.0,-1.7313370927741771
252,3,0.0,0.0,0.0,0.0,-0.14639897227417684
252,4,0.0,0.0,0.0,0.0,0.0
253,0,0.0,-7.757394098369965e-06,0.0,0.0,-10.962484528287142
253,1,0.0,0.0,-0.03387519407561847,-7.144332933317841e-06,0.0
253,2,0.0,0.0,0.0,0.0,-1.7313370927741771
253,3,0.0,0.0,0.0,0.0,-0.14639897227417684
253,4,0.0,0.0,0.0,0.0,0.0
254,0,0.0,-7.757394098369965e-06,0.0,0.0,-10.991062885247716
254,1,0.0,0.0,-0.03387519407561847,-7.144332933317841e-06,0.0
254,2,0.0,0.0,0.0,0.0,-1.7313370927741771
254,3,0.0,0.0,0.0,0.0,-0.14639897227417684
254,4,0.0,0.0,0.0,0.0,0.0
255,0,0.0,-7.757394098369965e-06,0.0,0.0,-11.022690566312917
255,1,0.0,0.0,-0.03387519407561847,-7.144332933317841e-06,0.0
255,2,0.0,0.0,0.0,0.0,-1.7313370927741771
255,3,0.0,0.0,0.0,0.0,-0.14639897227417684
255,4,0.0,0.0,0.0,0.0,0.0
256,0,0.0,-7.757394098369965e-06,0.0,0.0,-11.055334298457588
256,1,0.0,0.0,-0.03387519407561847,-7.144332933317841e-06,0.0
256,2,0.0,0.0,0.0,0.0,-1.7313370927741771
256,3,0.0,0.0,0.0,0.0,-0.14639897227417684
256,4,0.0,0.0,0.0,0.0,0.0
257,0,0.0,-7.757394098369965e-06,0.0,0.0,-11.085137490124717
257,1,0.0,0.0,-0.03387519407561847,-7.144332933317841e-06,0.0
257,2,0.0,0.0,0.0,0.0,-1.7313370927741771
257,3,0.0,0.0,0.0,0.0,-0.14639897227417684
257,4,0.0,0.0,0.0,0.0,0.0
258,0,0.0,-7.757394098369965e-06,0.0,0.0,-11.121931533426908
258,1,0.0,0.0,-0.03387519407561847,-7.144332933317841e-06,0.0
258,2,0.0,0.0,0.0,0.0,-1.7313370927741771
258,3,0.0,0.0,0.0,0.0,-0.14639897227417684
258,4,0.0,0.0,0.0,0.0,0.0
259,0,0.0,-7.757394098369965e-06,0.0,0.0,-11.159578858483908
259,1,0.0,0.0,-0.03387519407561847,-7.144332933317841e-06,0.0
259,2,0.0,0.0,0.0,0.0,-1.7313370927741771
259,3,0.0,0.0,0.0,0.0,-0.14639897227417684
259,4,0.0,0.0,0.0,0.0,0.0
260,0,0.0,-7.757394098369965e-06,0.0,0.0,-11.197027959830217
260,1,0.0,0.0,-0.03387519407561847,-7.144332933317841e-06,0.0
260,2,0.0,0.0,0.0,0.0,-1.7313370927741771
260,3,0.0,0.0,0.0,0.0,-0.14639897227417684
260,4,0.0,0.0,0.0,0.0,0.0
261,0,0.0,-7.757394098369965e-06,0.0,0.0,-11.240815010479347
261,1,0.0,0.0,-0.03387519407561847,-7.144332933317841e-06,0.0
261,2,0.0,0.0,0.0,0.0,-1.7313370927741771
261,3,0.0,0.0,0.0,0.0,-0.14639897227417684
261,4,0.0,0.0,0.0,0.0,0.0
262,0,0.0,-7.757394098369965e-06,0.0,0.0,-11.281413850782307
262,1,0.0,0.0,-0.03387519407561847,-7.144332933317841e-06,0.0
262,2,0.0,0.0,0.0,0.0,-1.7313370927741771
262,3,0.0,0.0,0.0,0.0,-0.14639897227417684
262,4,0.0,0.0,0.0,0.0,0.0
263,0,0.0,-7.757394098369965e-06,0.0,0.0,-11.311926663395589
263,1,0.0,0.0,-0.03387519407561847,-7.144332933317841e-06,0.0
263,2,0.0,0.0,0.0,0.0,-1.7313370927741771
263,3,0.0,0.0,0.0,0.0,-0.14639897227417684
263,4,0.0,0.0,0.0,0.0,0.0
264,0,0.0,-7.757394098369965e-06,0.0,0.0,-11.35289375133795
264,1,0.0,0.0,-0.03387519407561847,-7.144332933317841e-06,0.0
264,2,0.0,0.0,0.0,0.0,-1.7313370927741771
264,3,0.0,0.0,0.0,0.0,-0.14639897227417684
264,4,0.0,0.0,0.0,0.0,0.0
265,0,0.0,-7.757394098369965e-06,0.0,0.0,-11.402520181093317
265,1,0.0,0.0,-0.03387519407561847,-7.144332933317841e-06,0.0
265,2,0.0,0.0,0.0,0.0,-1.7313370927741771
265,3,0.0,0.0,0.0,0.0,-0.14639897227417684
265,4,0.0,0.0,0.0,0.0,0.0
266,0,0.0,-7.757394098369965e-06,0.0,0.0,-11.441797392012298
266,1,0.0,0.0,-0.03387519407561847,-7.144332933317841e-06,0.0
266,2,0.0,0.0,0.0,0.0,-1.7313370927741771
266,3,0.0,0.0,0.0,0.0,-0.14639897227417684
266,4,0.0,0.0,0.0,0.0,0.0
267,0,0.0,-7.757394098369965e-06,0.0,0.0,-11.480557435291844
267,1,0.0,0.0,-0.03387519407561847,-7.144332933317841e-06,0.0
267,2,0.0,0.0,0.0,0.0,-1.7313370927741771
267,3,0.0,0.0,0.0,0.0,-0.14639897227417684
267,4,0.0,0.0,0.0,0.0,0.0
268,0,0.0,-7.757394098369965e-06,0.0,0.0,-11.516335619393294
268,1,0.0,0.0,-0.03387519407561847,-7.144332933317841e-06,0.0
268,2,0.0,0.0,0.0,0.0,-1.7313370927741771
268,3,0.0,0.0,0.0,0.0,-0.14639897227417684
268,4,0.0,0.0,0.0,0.0,0.0
269,0,0.0,-7.757394098369965e-06,0.0,0.0,-11.558635739328759
269,1,0.0,0.0,-0.03387519407561847,-7.144332933317841e-06,0.0
269,2,0.0,0.0,0.0,0.0,-1.7313370927741771
269,3,0.0,0.0,0.0,0.0,-0.14639897227417684
269,4,0.0,0.0,0.0,0.0,0.0
270,0,0.0,-7.757394098369965e-06,0.0,0.0,-11.564173384632737
270,1,0.0,0.0,-0.03387519407561847,-7.144332933317841e-06,0.0
270,2,0.0,0.0,0.0,0.0,-1.7313370927741771
270,3,0.0,0.0,0.0,0.0,-0.14639897227417684
270,4,0.0,0.0,0.0,0.0,0.0
271,0,0.0,-7.757394098369965e-06,0.0,0.0,-11.609880142380703
271,1,0.0,0.0,-0.03387519407561847,-7.144332933317841e-06,0.0
271,2,0.0,0.0,0.0,0.0,-1.7313370927741771
271,3,0.0,0.0,0.0,0.0,-0.14639897227417684
271,4,0.0,0.0,0.0,0.0,0.0
272,0,0.0,-7.757394098369965e-06,0.0,0.0,-11.64729589516181
272,1,0.0,0.0,-0.03387519407561847,-7.144332933317841e-06,0.0
272,2,0.0,0.0,0.0,0.0,-1.7313370927741771
272,3,0.0,0.0,0.0,0.0,-0.14639897227417684
272,4,0.0,0.0,0.0,0.0,0.0
273,0,0.0,-7.757394098369965e-06,0.0,0.0,-11.685981837840973
273,1,0.0,0.0,-0.03387519407561847,-7.144332933317841e-06,0.0
273,2,0.0,0.0,0.0,0.0,-1.7313370927741771
273,3,0.0,0.0,0.0,0.0,-0.14639897227417684
273,4,0.0,0.0,0.0,0.0,0.0
274,0,0.0,-7.757394098369965e-06,0.0,0.0,-11.707847797656783
274,1,0.0,0.0,-0.03387519407561847,-7.144332933317841e-06,0.0
274,2,0.0,0.0,0.0,0.0,-1.7313370927741771
274,3,0.0,0.0,0.0,0.0,-0.14639897227417684
274,4,0.0,0.0,0.0,0.0,0.0
275,0,0.0,-7.757394098369965e-06,0.0,0.0,-11.738602689854494
275,1,0.0,0.0,-0.03387519407561847,-7.144332933317841e-06,0.0
275,2,0.0,0.0,0.0,0.0,-1.7313370927741771
275,3,0.0,0.0,0.0,0.0,-0.14639897227417684
275,4,0.0,0.0,0.0,0.0,0.0
276,0,0.0,-7.757394098369965e-06,0.0,0.0,-11.775758405428954
276,1,0.0,0.0,-0.03387519407561847,-7.144332933317841e-06,0.0
276,2,0.0,0.0,0.0,0.0,-1.7313370927741771
276,3,0.0,0.0,0.0,0.0,-0.14639897227417684
276,4,0.0,0.0,0.0,0.0,0.0
277,0,0.0,-7.757394098369965e-06,0.0,0.0,-11.804269256868109
277,1,0.0,0.0,-0.03387519407561847,-7.144332933317841e-06,0.0
277,2,0.0,0.0,0.0,0.0,-1.7313370927741771
277,3,0.0,0.0,0.0,0.0,-0.14639897227417684
277,4,0.0,0.0,0.0,0.0,0.0
278,0,0.0,-7.757394098369965e-06,0.0,0.0,-11.837556758748638
278,1,0.0,0.0,-0.03387519407561847,-7.144332933317841e-06,0.0
278,2,0.0,0.0,0.0,0.0,-1.7313370927741771
278,3,0.0,0.0,0.0,0.0,-0.14639897227417684
278,4,0.0,0.0,0.0,0.0,0.0
279,0,0.0,-7.757394098369965e-06,0.0,0.0,-11.853054258444512
279,1,0.0,0.0,-0.03387519407561847,-7.144332933317841e-06,0.0
279,2,0.0,0.0,0.0,0.0,-1.7313370927741771
279,3,0.0,0.0,0.0,0.0,-0.14639897227417684
279,4,0.0,0.0,0.0,0.0,0.0
280,0,0.0,-7.757394098369965e-06,0.0,0.0,-11.883832903334351
280,1,0.0,0.0,-0.03387519407561847,-7.144332933317841e-06,0.0
280,2,0.0,0.0,0.0,0.0,-1.7313370927741771
280,3,0.0,0.0,0.0,0.0,-0.14639897227417684
280,4,0.0,0.0,0.0,0.0,0.0
281,0,0.0,-7.757394098369965e-06,0.0,0.0,-11.924505570572023
281,1,0.0,0.0,-0.03387519407561847,-7.144332933317841e-06,0.0
281,2,0.0,0.0,0.0,0.0,-1.7313370927741771
281,3,0.0,0.0,0.0,0.0,-0.14639897227417684
281,4,0.0,0.0,0.0,0.0,0.0
282,0,0.0,-7.757394098369965e-06,0.0,0.0,-11.937717152144142
282,1,0.0,0.0,-0.03387519407561847,-7.144332933317841e-06,0.0
282,2,0.0,0.0,0.0,0.0,-1.7313370927741771
282,3,0.0,0.0,0.0,0.0,-0.14639897227417684
282,4,0.0,0.0,0.0,0.0,0.0
283,0,0.0,-7.757394098369965e-06,0.0,0.0,-11.956144156703294
283,1,0.0,0.0,-0.03387519407561847,-7.144332933317841e-06,0.0
283,2,0.0,0.0,0.0,0.0,-1.7313370927741771
283,3,0.0,0.0,0.0,0.0,-0.14639897227417684
283,4,0.0,0.0,0.0,0.0,0.0
284,0,0.0,-7.757394098369965e-06,0.0,0.0,-11.991966796732394
284,1,0.0,0.0,-0.03387519407561847,-7.144332933317841e-06,0.0
284,2,0.0,0.0,0.0,0.0,-1.7313370927741771
284,3,0.0,0.0,0.0,0.0,-0.14639897227417684
284,4,0.0,0.0,0.0,0.0,0.0
285,0,0.0,-7.757394098369965e-06,0.0,0.0,-12.024770220572414
285,1,0.0,0.0,-0.03387519407561847,-7.144332933317841e-06,0.0
285,2,0.0,0.0,0.0,0.0,-1.7313370927741771
285,3,0.0,0.0,0.0,0.0,-0.14639897227417684
285,4,0.0,0.0,0.0,0.0,0.0
286,0,0.0,-7.757394098369965e-06,0.0,0.0,-12.045720348283512
286,1,0.0,0.0,-0.03387519407561847,-7.144332933317841e-06,0.0
286,2,0.0,0.0,0.0,0.0,-1.7313370927741771
286,3,0.0,0.0,0.0,0.0,-0.14639897227417684
286,4,0.0,0.0,0.0,0.0,0.0
287,0,0.0,-7.757394098369965e-06,0.0,0.0,-12.081328627705666
287,1,0.0,0.0,-0.03387519407561847,-7.144332933317841e-06,0.0
287,2,0.0,0.0,0.0,0.0,-1.7313370927741771
287,3,0.0,0.0,0.0,0.0,-0.14639897227417684
287,4,0.0,0.0,0.0,0.0,0.0
288,0,0.0,-7.757394098369965e-06,0.0,0.0,-12.126228269036925
288,1,0.0,0.0,-0.03387519407561847,-7.144332933317841e-06,0.0
288,2,0.0,0.0,0.0,0.0,-1.7313370927741771
288,3,0.0,0.0,0.0,0.0,-0.14639897227417684
288,4,0.0,0.0,0.0,0.0,0.0
289,0,0.0,-7.757394098369965e-06,0.0,0.0,-12.167333392645379
289,1,0.0,0.0,-0.03387519407561847,-7.144332933317841e-06,0.0
289,2,0.0,0.0,0.0,0.0,-1.7313370927741771
289,3,0.0,0.0,0.0,0.0,-0.14639897227417684
289,4,0.0,0.0,0.0,0.0,0.0
290,0,0.0,-7.757394098369965e-06,0.0,0.0,-12.223366129550117
290,1,0.0,0.0,-0.03387519407561847,-7.144332933317841e-06,0.0
290,2,0.0,0.0,0.0,0.0,-1.7313370927741771
290,3,0.0,0.0,0.0,0.0,-0.14639897227417684
290,4,0.0,0.0,0.0,0.0,0.0
291,0,0.0,-7.757394098369965e-06,0.0,0.0,-12.271121860670869
291,1,0.0,0.0,-0.03387519407561847,-7.144332933317841e-06,0.0
291,2,0.0,0.0,0.0,0.0,-1.7313370927741771
291,3,0.0,0.0,0.0,0.0,-0.14639897227417684
291,4,0.0,0.0,0.0,0.0,0.0
292,0,0.0,-7.757394098369965e-06,0.0,0.0,-12.311616698411935
292,1,0.0,0.0,-0.03387519407561847,-7.144332933317841e-06,0.0
292,2,0.0,0.0,0.0,0.0,-1.7313370927741771
292,3,0.0,0.0,0.0,0.0,-0.14639897227417684
292,4,0.0,0.0,0.0,0.0,0.0
293,0,0.0,-7.757394098369965e-06,0.0,0.0,-12.367776796639864
293,1,0.0,0.0,-0.03387519407561847,-7.144332933317841e-06,0.0
293,2,0.0,0.0,0.0,0.0,-1.7313370927741771
293,3,0.0,0.0,0.0,0.0,-0.14639897227417684
293,4,0.0,0.0,0.0,0.0,0.0
294,0,0.0,-7.757394098369965e-06,0.0,0.0,-12.383449607084513
294,1,0.0,0.0,-0.03387519407561847,-7.144332933317841e-06,0.0
294,2,0.0,0.0,0.0,0.0,-1.7313370927741771
294,3,0.0,0.0,0.0,0.0,-0.14639897227417684
294,4,0.0,0.0,0.0,0.0,0.0
295,0,0.0,-7.757394098369965e-06,0.0,0.0,-12.427056025805223
295,1,0.0,0.0,-0.03387519407561847,-7.144332933317841e-06,0.0
295,2,0.0,0.0,0.0,0.0,-1.7313370927741771
295,3,0.0,0.0,0.0,0.0,-0.14639897227417684
295,4,0.0,0.0,0.0,0.0,0.0
296,0,0.0,-7.757394098369965e-06,0.0,0.0,-12.460803017353308
296,1,0.0,0.0,-0.03387519407561847,-7.144332933317841e-06,0.0
296,2,0.0,0.0,0.0,0.0,-1.7313370927741771
296,3,0.0,0.0,0.0,0.0,-0.14639897227417684
296,4,0.0,0.0,0.0,0.0,0.0
297,0,0.0,-7.757394098369965e-06,0.0,0.0,-12.494208736487892
297,1,0.0,0.0,-0.03387519407561847,-7.144332933317841e-06,0.0
297,2,0.0,0.0,0.0,0.0,-1.7313370927741771
297,3,0.0,0.0,0.0,0.0,-0.14639897227417684
297,4,0.0,0.0,0.0,0.0,0.0
298,0,0.0,-7.757394098369965e-06,0.0,0.0,-12.527762660007195
298,1,0.0,0.0,-0.03387519407561847,-7.144332933317841e-06,0.0
298,2,0.0,0.0,0.0,0.0,-1.7313370927741771
298,3,0.0,0.0,0.0,0.0,-0.14639897227417684
298,4,0.0,0.0,0.0,0.0,0.0
299,0,0.0,-7.757394098369965e-06,0.0,0.0,-12.565207825375015
299,1,0.0,0.0,-0.03387519407561847,-7.144332933317841e-06,0.0
299,2,0.0,0.0,0.0,0.0,-1.7313370927741771
299,3,0.0,0.0,0.0,0.0,-0.14639897227417684
299,4,0.0,0.0,0.0,0.0,0.0
300,0,0.0,-7.757394098369965e-06,0.0,0.0,-12.578485151638699
300,1,0.0,0.0,-0.03387519407561847,-7.144332933317841e-06,0.0
300,2,0.0,0.0,0.0,0.0,-1.7313370927741771
300,3,0.0,0.0,0.0,0.0,-0.14639897227417684
300,4,0.0,0.0,0.0,0.0,0.0
301,0,0.0,-7.757394098369965e-06,0.0,0.0,-12.608979613052655
301,1,0.0,0.0,-0.03387519407561847,-7.144332933317841e-06,0.0
301,2,0.0,0.0,0.0,0.0,-1.7313370927741771
301,3,0.0,0.0,0.0,0.0,-0.14639897227417684
301,4,0.0,0.0,0.0,0.0,0.0
302,0,0.0,-7.757394098369965e-06,0.0,0.0,-12.644941891948573
302,1,0.0,0.0,-0.03387519407561847,-7.144332933317841e-06,0.0
302,2,0.0,0.0,0.0,0.0,-1.7313370927741771
302,3,0.0,0.0,0.0,0.0,-0.14639897227417684
302,4,0.0,0.0,0.0,0.0,0.0
303,0,0.0,-7.757394098369965e-06,0.0,0.0,-12.658158271864181
303,1,0.0,0.0,-0.03387519407561847,-7.144332933317841e-06,0.0
303,2,0.0,0.0,0.0,0.0,-1.7313370927741771
303,3,0.0,0.0,0.0,0.0,-0.14639897227417684
303,4,0.0,0.0,0.0,0.0,0.0
304,0,0.0,-7.757394098369965e-06,0.0,0.0,-12.708792223751146
304,1,0.0,0.0,-0.03387519407561847,-7.144332933317841e-06,0.0
304,2,0.0,0.0,0.0,0.0,-1.7313370927741771
304,3,0.0,0.0,0.0,0.0,-0.14639897227417684
304,4,0.0,0.0,0.0,0.0,0.0
305,0,0.0,-7.757394098369965e-06,0.0,0.0,-12.733911309689013
305,1,0.0,0.0,-0.03387519407561847,-7.144332933317841e-06,0.0
305,2,0.0,0.0,0.0,0.0,-1.7313370927741771
305,3,0.0,0.0,0.0,0.0,-0.14639897227417684
305,4,0.0,0.0,0.0,0.0,0.0
306,0,0.0,-7.757394098369965e-06,0.0,0.0,-12.741369540034938
306,1,0.0,0.0,-0.03387519407561847,-7.144332933317841e-06,0.0
306,2,0.0,0.0,0.0,0.0,-1.7313370927741771
306,3,0.0,0.0,0.0,0.0,-0.14639897227417684
306,4,0.0,0.0,0.0,0.0,0.0
307,0,0.0,-7.757394098369965e-06,0.0,0.0,-12.772833064369411
307,1,0.0,0.0,-0.03387519407561847,-7.144332933317841e-06,0.0
307,2,0.0,0.0,0.0,0.0,-1.7313370927741771
307,3,0.0,0.0,0.0,0.0,-0.14639897227417684
307,4,0.0,0.0,0.0,0.0,0.0
308,0,0.0,-7.757394098369965e-06,0.0,0.0,-12.816021097023095
308,1,0.0,0.0,-0.03387519407561847,-7.144332933317841e-06,0.0
308,2,0.0,0.0,0.0,0.0,-1.7313370927741771
308,3,0.0,0.0,0.0,0.0,-0.14639897227417684
308,4,0.0,0.0,0.0,0.0,0.0
309,0,0.0,-7.757394098369965e-06,0.0,0.0,-12.853816820451174
309,1,0.0,0.0,-0.03387519407561847,-7.144332933317841e-06,0.0
309,2,0.0,0.0,0.0,0.0,-1.7313370927741771
309,3,0.0,0.0,0.0,0.0,-0.14639897227417684
309,4,0.0,0.0,0.0,0.0,0.0
310,0,0.0,-7.757394098369965e-06,0.0,0.0,-12.874999358495973
310,1,0.0,0.0,-0.03387519407561847,-7.144332933317841e-06,0.0
310,2,0.0,0.0,0.0,0.0,-1.7313370927741771
310,3,0.0,0.0,0.0,0.0,-0.14639897227417684
310,4,0.0,0.0,0.0,0.0,0.0
311,0,0.0,-7.757394098369965e-06,0.0,0.0,-12.913759933431123
311,1,0.0,0.0,-0.03387519407561847,-7.144332933317841e-06,0.0
311,2,0.0,0.0,0.0,0.0,-1.7313370927741771
311,3,0.0,0.0,0.0,0.0,-0.14639897227417684
311,4,0.0,0.0,0.0,0.0,0.0
312,0,0.0,-7.757394098369965e-06,0.0,0.0,-12.936522680663758
312,1,0.0,0.0,-0.03387519407561847,-7.144332933317841e-06,0.0
312,2,0.0,0.0,0.0,0.0,-1.7313370927741771
312,3,0.0,0.0,0.0,0.0,-0.14639897227417684
312,4,0.0,0.0,0.0,0.0,0.0
313,0,0.0,-7.757394098369965e-06,0.0,0.0,-12.970547269914476
313,1,0.0,0.0,-0.03387519407561847,-7.144332933317841e-06,0.0
313,2,0.0,0.0,0.0,0.0,-1.7313370927741771
313,3,0.0,0.0,0.0,0.0,-0.14639897227417684
313,4,0.0,0.0,0.0,0.0,0.0
314,0,0.0,-7.757394098369965e-06,0.0,0.0,-13.000308523747952
314,1,0.0,0.0,-0.03387519407561847,-7.144332933317841e-06,0.0
314,2,0.0,0.0,0.0,0.0,-1.7313370927741771
314,3,0.0,0.0,0.0,0.0,-0.14639897227417684
314,4,0.0,0.0,0.0,0.0,0.0
315,0,0.0,-7.757394098369965e-06,0.0,0.0,-13.031728327885343
315,1,0.0,0.0,-0.03387519407561847,-7.144332933317841e-06,0.0
315,2,0.0,0.0,0.0,0.0,-1.7313370927741771
315,3,0.0,0.0,0.0,0.0,-0.14639897227417684
315,4,0.0,0.0,0.0,0.0,0.0
316,0,0.0,-7.757394098369965e-06,0.0,0.0,-13.06513919683993
316,1,0.0,0.0,-0.03387519407561847,-7.144332933317841e-06,0.0
316,2,0.0,0.0,0.0,0.0,-1.7313370927741771
316,3,0.0,0.0,0.0,0.0,-0.14639897227417684
316,4,0.0,0.0,0.0,0.0,0.0
317,0,0.0,-7.757394098369965e-06,0.0,0.0,-13.098479020340875
317,1,0.0,0.0,-0.03387519407561847,-7.144332933317841e-06,0.0
317,2,0.0,0.0,0.0,0.0,-1.7313370927741771
317,3,0.0,0.0,0.0,0.0,-0.14639897227417684
317,4,0.0,0.0,0.0,0.0,0.0
318,0,0.0,-7.757394098369965e-06,0.0,0.0,-13.133100707825761
318,1,0.0,0.0,-0.03387519407561847,-7.144332933317841e-06,0.0
318,2,0.0,0.0,0.0,0.0,-1.7313370927741771
318,3,0.0,0.0,0.0,0.0,-0.14639897227417684
318,4,0.0,0.0,0.0,0.0,0.0
319,0,0.0,-7.757394098369965e-06,0.0,0.0,-13.178623548764548
319,1,0.0,0.0,-0.03387519407561847,-7.144332933317841e-06,0.0
319,2,0.0,0.0,0.0,0.0,-1.7313370927741771
319,3,0.0,0.0,0.0,0.0,-0.14639897227417684
319,4,0.0,0.0,0.0,0.0,0.0
320,0,0.0,-7.757394098369965e-06,0.0,0.0,-13.202587063037022
320,1,0.0,0.0,-0.03387519407561847,-7.144332933317841e-06,0.0
320,2,0.0,0.0,0.0,0.0,-1.7313370927741771
320,3,0.0,0.0,0.0,0.0,-0.14639897227417684
320,4,0.0,0.0,0.0,0.0,0.0
321,0,0.0,-7.757394098369965e-06,0.0,0.0,-13.224911335216756
321,1,0.0,0.0,-0.03387519407561847,-7.144332933317841e-06,0.0
321,2,0.0,0.0,0.0,0.0,-1.7313370927741771
321,3,0.0,0.0,0.0,0.0,-0.14639897227417684
321,4,0.0,0.0,0.0,0.0,0.0
322,0,0.0,-7.757394098369965e-06,0.0,0.0,-13.240858258640827
322,1,0.0,0.0,-0.03387519407561847,-7.144332933317841e-06,0.0
322,2,0.0,0.0,0.0,0.0,-1.7313370927741771
322,3,0.0,0.0,0.0,0.0,-0.14639897227417684
322,4,0.0,0.0,0.0,0.0,0.0
323,0,0.0,-7.757394098369965e-06,0.0,0.0,-13.27743971813849
323,1,0.0,0.0,-0.03387519407561847,-7.144332933317841e-06,0.0
323,2,0.0,0.0,0.0,0.0,-1.7313370927741771
323,3,0.0,0.0,0.0,0.0,-0.14639897227417684
323,4,0.0,0.0,0.0,0.0,0.0
324,0,0.0,-7.757394098369965e-06,0.0,0.0,-13.309296063485284
324,1,0.0,0.0,-0.03387519407561847,-7.144332933317841e-06,0.0
324,2,0.0,0.0,0.0,0.0,-1.7313370927741771
324,3,0.0,0.0,0.0,0.0,-0.14639897227417684
324,4,0.0,0.0,0.0,0.0,0.0
325,0,0.0,-7.757394098369965e-06,0.0,0.0,-13.326844161218945
325,1,0.0,0.0,-0.03387519407561847,-7.144332933317841e-06,0.0
325,2,0.0,0.0,0.0,0.0,-1.7313370927741771
325,3,0.0,0.0,0.0,0.0,-0.14639897227417684
325,4,0.0,0.0,0.0,0.0,0.0
326,0,0.0,-7.757394098369965e-06,0.0,0.0,-13.368699000762165
326,1,0.0,0.0,-0.03387519407561847,-7.144332933317841e-06,0.0
326,2,0.0,0.0,0.0,0.0,-1.7313370927741771
326,3,0.0,0.0,0.0,0.0,-0.14639897227417684
326,4,0.0,0.0,0.0,0.0,0.0
327,0,0.0,-7.757394098369965e-06,0.0,0.0,-13.386468813702749
327,1,0.0,0.0,-0.03387519407561847,-7.144332933317841e-06,0.0
327,2,0.0,0.0,0.0,0.0,-1.7313370927741771
327,3,0.0,0.0,0.0,0.0,-0.14639897227417684
327,4,0.0,0.0,0.0,0.0,0.0
328,0,0.0,-7.757394098369965e-06,0.0,0.0,-13.435238943254298
328,1,0.0,0.0,-0.03387519407561847,-7.144332933317841e-06,0.0
328,2,0.0,0.0,0.0,0.0,-1.7313370927741771
328,3,0.0,0.0,0.0,0.0,-0.14639897227417684
328,4,0.0,0.0,0.0,0.0,0.0
329,0,0.0,-7.757394098369965e-06,0.0,0.0,-13.473261047302659
329,1,0.0,0.0,-0.03387519407561847,-7.144332933317841e-06,0.0
329,2,0.0,0.0,0.0,0.0,-1.7313370927741771
329,3,0.0,0.0,0.0,0.0,-0.14639897227417684
329,4,0.0,0.0,0.0,0.0,0.0
330,0,0.0,-7.757394098369965e-06,0.0,0.0,-13.506502123370156
330,1,0.0,0.0,-0.03387519407561847,-7.144332933317841e-06,0.0
330,2,0.0,0.0,0.0,0.0,-1.7313370927741771
330,3,0.0,0.0,0.0,0.0,-0.14639897227417684
330,4,0.0,0.0,0.0,0.0,0.0
331,0,0.0,-7.757394098369965e-06,0.0,0.0,-13.533791534381052
331,1,0.0,0.0,-0.03387519407561847,-7.144332933317841e-06,0.0
331,2,0.0,0.0,0.0,0.0,-1.7313370927741771
331,3,0.0,0.0,0.0,0.0,-0.14639897227417684
331,4,0.0,0.0,0.0,0.0,0.0
332,0,0.0,-7.757394098369965e-06,0.0,0.0,-13.554029876642264
332,1,0.0,0.0,-0.03387519407561847,-7.144332933317841e-06,0.0
332,2,0.0,0.0,0.0,0.0,-1.7313370927741771
332,3,0.0,0.0,0.0,0.0,-0.14639897227417684
332,4,0.0,0.0,0.0,0.0,0.0
333,0,0.0,-7.757394098369965e-06,0.0,0.0,-13.587283152234345
333,1,0.0,0.0,-0.03387519407561847,-7.144332933317841e-06,0.0
333,2,0.0,0.0,0.0,0.0,-1.7313370927741771
333,3,0.0,0.0,0.0,0.0,-0.14639897227417684
333,4,0.0,0.0,0.0,0.0,0.0
334,0,0.0,-7.757394098369965e-06,0.0,0.0,-13.608070813212667
334,1,0.0,0.0,-0.03387519407561847,-7.144332933317841e-06,0.0
334,2,0.0,0.0,0.0,0.0,-1.7313370927741771
334,3,0.0,0.0,0.0,0.0,-0.14639897227417684
334,4,0.0,0.0,0.0,0.0,0.0
335,0,0.0,-7.757394098369965e-06,0.0,0.0,-13.653120422861145
335,1,0.0,0.0,-0.03387519407561847,-7.144332933317841e-06,0.0
335,2,0.0,0.0,0.0,0.0,-1.7313370927741771
335,3,0.0,0.0,0.0,0.0,-0.14639897227417684
335,4,0.0,0.0,0.0,0.0,0.0
336,0,0.0,-7.757394098369965e-06,0.0,0.0,-13.67674973001727
336,1,0.0,0.0,-0.03387519407561847,-7.144332933317841e-06,0.0
336,2,0.0,0.0,0.0,0.0,-1.7313370927741771
336,3,0.0,0.0,0.0,0.0,-0.14639897227417684
336,4,0.0,0.0,0.0,0.0,0.0
337,0,0.0,-7.757394098369965e-06,0.0,0.0,-13.693929701570534
337,1,0.0,0.0,-0.03387519407561847,-7.144332933317841e-06,0.0
337,2,0.0,0.0,0.0,0.0,-1.7313370927741771
337,3,0.0,0.0,0.0,0.0,-0.14639897227417684
337,4,0.0,0.0,0.0,0.0,0.0
338,0,0.0,-7.757394098369965e-06,0.0,0.0,-13.72787925091609
338,1,0.0,0.0,-0.03387519407561847,-7.144332933317841e-06,0.0
338,2,0.0,0.0,0.0,0.0,-1.7313370927741771
338,3,0.0,0.0,0.0,0.0,-0.14639897227417684
338,4,0.0,0.0,0.0,0.0,0.0
339,0,0.0,-7.757394098369965e-06,0.0,0.0,-13.743054433312638
339,1,0.0,0.0,-0.03387519407561847,-7.144332933317841e-06,0.0
339,2,0.0,0.0,0.0,0.0,-1.7313370927741771
339,3,0.0,0.0,0.0,0.0,-0.14639897227417684
339,4,0.0,0.0,0.0,0.0,0.0
340,0,0.0,-7.757394098369965e-06,0.0,0.0,-13.748059656981233
340,1,0.0,0.0,-0.03387519407561847,-7.144332933317841e-06,0.0
340,2,0.0,0.0,0.0,0.0,-1.7313370927741771
340,3,0.0,0.0,0.0,0.0,-0.14639897227417684
340,4,0.0,0.0,0.0,0.0,0.0
341,0,0.0,-7.757394098369965e-06,0.0,0.0,-13.75997310467061
341,1,0.0,0.0,-0.03387519407561847,-7.144332933317841e-06,0.0
341,2,0.0,0.0,0.0,0.0,-1.7313370927741771
341,3,0.0,0.0,0.0,0.0,-0.14639897227417684
341,4,0.0,0.0,0.0,0.0,0.0
342,0,0.0,-7.757394098369965e-06,0.0,0.0,-13.786052261831127
342,1,0.0,0.0,-0.03387519407561847,-7.144332933317841e-06,0.0
342,2,0.0,0.0,0.0,0.0,-1.7313370927741771
342,3,0.0,0.0,0.0,0.0,-0.14639897227417684
342,4,0.0,0.0,0.0,0.0,0.0
343,0,0.0,-7.757394098369965e-06,0.0,0.0,-13.820778743188901
343,1,0.0,0.0,-0.03387519407561847,-7.144332933317841e-06,0.0
343,2,0.0,0.0,0.0,0.0,-1.7313370927741771
343,3,0.0,0.0,0.0,0.0,-0.14639897227417684
343,4,0.0,0.0,0.0,0.0,0.0
344,0,0.0,-7.757394098369965e-06,0.0,0.0,-13.84082635755666
344,1,0.0,0.0,-0.03387519407561847,-7.144332933317841e-06,0.0
344,2,0.0,0.0,0.0,0.0,-1.7313370927741771
344,3,0.0,0.0,0.0,0.0,-0.14639897227417684
344,4,0.0,0.0,0.0,0.0,0.0
345,0,0.0,-7.757394098369965e-06,0.0,0.0,-13.870668380192981
345,1,0.0,0.0,-0.03387519407561847,-7.144332933317841e-06,0.0
345,2,0.0,0.0,0.0,0.0,-1.7313370927741771
345,3,0.0,0.0,0.0,0.0,-0.14639897227417684
345,4,0.0,0.0,0.0,0.0,0.0
346,0,0.0,-7.757394098369965e-06,0.0,0.0,-13.884057700342517
346,1,0.0,0.0,-0.03387519407561847,-7.144332933317841e-06,0.0
346,2,0.0,0.0,0.0,0.0,-1.7313370927741771
346,3,0.0,0.0,0.0,0.0,-0.14639897227417684
346,4,0.0,0.0,0.0,0.0,0.0
347,0,0.0,-7.757394098369965e-06,0.0,0.0,-13.889399055380032
347,1,0.0,0.0,-0.03387519407561847,-7.144332933317841e-06,0.0
347,2,0.0,0.0,0.0,0.0,-1.7313370927741771
347,3,0.0,0.0,0.0,0.0,-0.14639897227417684
347,4,0.0,0.0,0.0,0.0,0.0
348,0,0.0,-7.757394098369965e-06,0.0,0.0,-13.915624552270621
348,1,0.0,0.0,-0.03387519407561847,-7.144332933317841e-06,0.0
348,2,0.0,0.0,0.0,0.0,-1.7313370927741771
348,3,0.0,0.0,0.0,0.0,-0.14639897227417684
348,4,0.0,0.0,0.0,0.0,0.0
349,0,0.0,-7.757394098369965e-06,0.0,0.0,-13.962864131710193
349,1,0.0,0.0,-0.03387519407561847,-7.144332933317841e-06,0.0
349,2,0.0,0.0,0.0,0.0,-1.7313370927741771
349,3,0.0,0.0,0.0,0.0,-0.14639897227417684
349,4,0.0,0.0,0.0,0.0,0.0
350,0,0.0,-7.757394098369965e-06,0.0,0.0,-13.970720894464147
350,1,0.0,0.0,-0.03387519407561847,-7.144332933317841e-06,0.0
350,2,0.0,0.0,0.0,0.0,-1.7313370927741771
350,3,0.0,0.0,0.0,0.0,-0.14639897227417684
350,4,0.0,0.0,0.0,0.0,0.0
351,0,0.0,-7.757394098369965e-06,0.0,0.0,-13.997044754235839
351,1,0.0,0.0,-0.03387519407561847,-7.144332933317841e-06,0.0
351,2,0.0,0.0,0.0,0.0,-1.7313370927741771
351,3,0.0,0.0,0.0,0.0,-0.14639897227417684
351,4,0.0,0.0,0.0,0.0,0.0
352,0,0.0,-7.757394098369965e-06,0.0,0.0,-14.050495711136362
352,1,0.0,0.0,-0.03387519407561847,-7.144332933317841e-06,0.0
352,2,0.0,0.0,0.0,0.0,-1.7313370927741771
352,3,0.0,0.0,0.0,0.0,-0.14639897227417684
352,4,0.0,0.0,0.0,0.0,0.0
353,0,0.0,-7.757394098369965e-06,0.0,0.0,-14.077941350015232
353,1,0.0,0.0,-0.03387519407561847,-7.144332933317841e-06,0.0
353,2,0.0,0.0,0.0,0.0,-1.7313370927741771
353,3,0.0,0.0,0.0,0.0,-0.14639897227417684
353,4,0.0,0.0,0.0,0.0,0.0
354,0,0.0,-7.757394098369965e-06,0.0,0.0,-14.10788520363616
354,1,0.0,0.0,-0.03387519407561847,-7.144332933317841e-06,0.0
354,2,0.0,0.0,0.0,0.0,-1.7313370927741771
354,3,0.0,0.0,0.0,0.0,-0.14639897227417684
354,4,0.0,0.0,0.0,0.0,0.0
355,0,0.0,-7.757394098369965e-06,0.0,0.0,-14.133995602053293
355,1,0.0,0.0,-0.03387519407561847,-7.144332933317841e-06,0.0
355,2,0.0,0.0,0.0,0.0,-1.7313370927741771
355,3,0.0,0.0,0.0,0.0,-0.14639897227417684
355,4,0.0,0.0,0.0,0.0,0.0
356,0,0.0,-7.757394098369965e-06,0.0,0.0,-14.154031957705243
356,1,0.0,0.0,-0.03387519407561847,-7.144332933317841e-06,0.0
356,2,0.0,0.0,0.0,0.0,-1.7313370927741771
356,3,0.0,0.0,0.0,0.0,-0.14639897227417684
356,4,0.0,0.0,0.0,0.0,0.0
357,0,0.0,-7.757394098369965e-06,0.0,0.0,-14.189616491858104
357,1,0.0,0.0,-0.03387519407561847,-7.144332933317841e-06,0.0
357,2,0.0,0.0,0.0,0.0,-1.7313370927741771
357,3,0.0,0.0,0.0,0.0,-0.14639897227417684
357,4,0.0,0.0,0.0,0.0,0.0
358,0,0.0,-7.757394098369965e-06,0.0,0.0,-14.22499113710158
358,1,0.0,0.0,-0.03387519407561847,-7.144332933317841e-06,0.0
358,2,0.0,0.0,0.0,0.0,-1.7313370927741771
358,3,0.0,0.0,0.0,0.0,-0.14639897227417684
358,4,0.0,0.0,0.0,0.0,0.0
359,0,0.0,-7.757394098369965e-06,0.0,0.0,-14.235472448267778
359,1,0.0,0.0,-0.03387519407561847,-7.144332933317841e-06,0.0
359,2,0.0,0.0,0.0,0.0,-1.7313370927741771
359,3,0.0,0.0,0.0,0.0,-0.14639897227417684
359,4,0.0,0.0,0.0,0.0,0.0
360,0,0.0,-7.757394098369965e-06,0.0,0.0,-14.250446766174997
360,1,0.0,0.0,-0.03387519407561847,-7.144332933317841e-06,0.0
360,2,0.0,0.0,0.0,0.0,-1.7313370927741771
360,3,0.0,0.0,0.0,0.0,-0.14639897227417684
360,4,0.0,0.0,0.0,0.0,0.0
361,0,0.0,-7.757394098369965e-06,0.0,0.0,-14.275459122705973
361,1,0.0,0.0,-0.03387519407561847,-7.144332933317841e-06,0.0
361,2,0.0,0.0,0.0,0.0,-1.7313370927741771
361,3,0.0,0.0,0.0,0.0,-0.14639897227417684
361,4,0.0,0.0,0.0,0.0,0.0
362,0,0.0,-7.757394098369965e-06,0.0,0.0,-14.286744336438653
362,1,0.0,0.0,-0.03387519407561847,-7.144332933317841e-06,0.0
362,2,0.0,0.0,0.0,0.0,-1.7313370927741771
362,3,0.0,0.0,0.0,0.0,-0.14639897227417684
362,4,0.0,0.0,0.0,0.0,0.0
363,0,0.0,-7.757394098369965e-06,0.0,0.0,-14.2940766127535
363,1,0.0,0.0,-0.03387519407561847,-7.144332933317841e-06,0.0
363,2,0.0,0.0,0.0,0.0,-1.7313370927741771
363,3,0.0,0.0,0.0,0.0,-0.14639897227417684
363,4,0.0,0.0,0.0,0.0,0.0
364,0,0.0,-7.757394098369965e-06,0.0,0.0,-14.320356834833465
364,1,0.0,0.0,-0.03387519407561847,-7.144332933317841e-06,0.0
364,2,0.0,0.0,0.0,0.0,-1.7313370927741771
364,3,0.0,0.0,0.0,0.0,-0.14639897227417684
364,4,0.0,0.0,0.0,0.0,0.0
365,0,0.0,-7.757394098369965e-06,0.0,0.0,-14.361939308544175
365,1,0.0,0.0,-0.03387519407561847,-7.144332933317841e-06,0.0
365,2,0.0,0.0,0.0,0.0,-1.7313370927741771
365,3,0.0,0.0,0.0,0.0,-0.14639897227417684
365,4,0.0,0.0,0.0,0.0,0.0
366,0,0.0,-7.757394098369965e-06,0.0,0.0,-14.377000368022076
366,1,0.0,0.0,-0.03387519407561847,-7.144332933317841e-06,0.0
366,2,0.0,0.0,0.0,0.0,-1.7313370927741771
366,3,0.0,0.0,0.0,0.0,-0.14639897227417684
366,4,0.0,0.0,0.0,0.0,0.0
367,0,0.0,-7.757394098369965e-06,0.0,0.0,-14.387906164245672
367,1,0.0,0.0,-0.03387519407561847,-7.144332933317841e-06,0.0
367,2,0.0,0.0,0.0,0.0,-1.7313370927741771
367,3,0.0,0.0,0.0,0.0,-0.14639897227417684
367,4,0.0,0.0,0.0,0.0,0.0
368,0,0.0,-7.757394098369965e-06,0.0,0.0,-14.403980045732633
368,1,0.0,0.0,-0.03387519407561847,-7.144332933317841e-06,0.0
368,2,0.0,0.0,0.0,0.0,-1.7313370927741771
368,3,0.0,0.0,0.0,0.0,-0.14639897227417684
368,4,0.0,0.0,0.0,0.0,0.0
369,0,0.0,-7.757394098369965e-06,0.0,0.0,-14.440315385290443
369,1,0.0,0.0,-0.03387519407561847,-7.144332933317841e-06,0.0
369,2,0.0,0.0,0.0,0.0,-1.7313370927741771
369,3,0.0,0.0,0.0,0.0,-0.14639897227417684
369,4,0.0,0.0,0.0,0.0,0.0
370,0,0.0,-7.757394098369965e-06,0.0,0.0,-14.459386603989987
370,1,0.0,0.0,-0.03387519407561847,-7.144332933317841e-06,0.0
370,2,0.0,0.0,0.0,0.0,-1.7313370927741771
370,3,0.0,0.0,0.0,0.0,-0.14639897227417684
370,4,0.0,0.0,0.0,0.0,0.0
371,0,0.0,-7.757394098369965e-06,0.0,0.0,-14.467192133065053
371,1,0.0,0.0,-0.03387519407561847,-7.144332933317841e-06,0.0
371,2,0.0,0.0,0.0,0.0,-1.7313370927741771
371,3,0.0,0.0,0.0,0.0,-0.14639897227417684
371,4,0.0,0.0,0.0,0.0,0.0
372,0,0.0,-7.757394098369965e-06,0.0,0.0,-14.497809295249613
372,1,0.0,0.0,-0.03387519407561847,-7.144332933317841e-06,0.0
372,2,0.0,0.0,0.0,0.0,-1.7313370927741771
372,3,0.0,0.0,0.0,0.0,-0.14639897227417684
372,4,0.0,0.0,0.0,0.0,0.0
373,0,0.0,-7.757394098369965e-06,0.0,0.0,-14.503867135392476
373,1,0.0,0.0,-0.03387519407561847,-7.144332933317841e-06,0.0
373,2,0.0,0.0,0.0,0.0,-1.7313370927741771
373,3,0.0,0.0,0.0,0.0,-0.14639897227417684
373,4,0.0,0.0,0.0,0.0,0.0
374,0,0.0,-7.757394098369965e-06,0.0,0.0,-14.527244826165068
374,1,0.0,0.0,-0.03387519407561847,-7.144332933317841e-06,0.0
374,2,0.0,0.0,0.0,0.0,-1.7313370927741771
374,3,0.0,0.0,0.0,0.0,-0.14639897227417684
374,4,0.0,0.0,0.0,0.0,0.0
375,0,0.0,-7.757394098369965e-06,0.0,0.0,-14.54917090018017
375,1,0.0,0.0,-0.03387519407561847,-7.144332933317841e-06,0.0
375,2,0.0,0.0,0.0,0.0,-1.7313370927741771
375,3,0.0,0.0,0.0,0.0,-0.14639897227417684
375,4,0.0,0.0,0.0,0.0,0.0
376,0,0.0,-7.757394098369965e-06,0.0,0.0,-14.573286324317506
376,1,0.0,0.0,-0.03387519407561847,-7.144332933317841e-06,0.0
376,2,0.0,0.0,0.0,0.0,-1.7313370927741771
376,3,0.0,0.0,0.0,0.0,-0.14639897227417684
376,4,0.0,0.0,0.0,0.0,0.0
377,0,0.0,-7.757394098369965e-06,0.0,0.0,-14.591712836312663
377,1,0.0,0.0,-0.03387519407561847,-7.144332933317841e-06,0.0
377,2,0.0,0.0,0.0,0.0,-1.7313370927741771
377,3,0.0,0.0,0.0,0.0,-0.14639897227417684
377,4,0.0,0.0,0.0,0.0,0.0
378,0,0.0,-7.757394098369965e-06,0.0,0.0,-14.643117244362347
378,1,0.0,0.0,-0.03387519407561847,-7.144332933317841e-06,0.0
378,2,0.0,0.0,0.0,0.0,-1.7313370927741771
378,3,0.0,0.0,0.0,0.0,-0.14639897227417684
378,4,0.0,0.0,0.0,0.0,0.0
379,0,0.0,-7.757394098369965e-06,0.0,0.0,-14.66717371755025
379,1,0.0,0.0,-0.03387519407561847,-7.144332933317841e-06,0.0
379,2,0.0,0.0,0.0,0.0,-1.7313370927741771
379,3,0.0,0.0,0.0,0.0,-0.14639897227417684
379,4,0.0,0.0,0.0,0.0,0.0
380,0,0.0,-7.757394098369965e-06,0.0,0.0,-14.682929213421405
380,1,0.0,0.0,-0.03387519407561847,-7.144332933317841e-06,0.0
380,2,0.0,0.0,0.0,0.0,-1.7313370927741771
380,3,0.0,0.0,0.0,0.0,-0.14639897227417684
380,4,0.0,0.0,0.0,0.0,0.0
381,0,0.0,-7.757394098369965e-06,0.0,0.0,-14.686995278140222
381,1,0.0,0.0,-0.03387519407561847,-7.144332933317841e-06,0.0
381,2,0.0,0.0,0.0,0.0,-1.7313370927741771
381,3,0.0,0.0,0.0,0.0,-0.14639897227417684
381,4,0.0,0.0,0.0,0.0,0.0
382,0,0.0,-7.757394098369965e-06,0.0,0.0,-14.690589524670965
382,1,0.0,0.0,-0.03387519407561847,-7.144332933317841e-06,0.0
382,2,0.0,0.0,0.0,0.0,-1.7313370927741771
382,3,0.0,0.0,0.0,0.0,-0.14639897227417684
382,4,0.0,0.0,0.0,0.0,0.0
383,0,0.0,-7.757394098369965e-06,0.0,0.0,-14.708391264743412
383,1,0.0,0.0,-0.03387519407561847,-7.144332933317841e-06,0.0
383,2,0.0,0.0,0.0,0.0,-1.7313370927741771
383,3,0.0,0.0,0.0,0.0,-0.14639897227417684
383,4,0.0,0.0,0.0,0.0,0.0
384,0,0.0,-7.757394098369965e-06,0.0,0.0,-14.744641195765098
384,1,0.0,0.0,-0.03387519407561847,-7.144332933317841e-06,0.0
384,2,0.0,0.0,0.0,0.0,-1.7313370927741771
384,3,0.0,0.0,0.0,0.0,-0.14639897227417684
384,4,0.0,0.0,0.0,0.0,0.0
385,0,0.0,-7.757394098369965e-06,0.0,0.0,-14.772973049109233
385,1,0.0,0.0,-0.03387519407561847,-7.144332933317841e-06,0.0
385,2,0.0,0.0,0.0,0.0,-1.7313370927741771
385,3,0.0,0.0,0.0,0.0,-0.14639897227417684
385,4,0.0,0.0,0.0,0.0,0.0
386,0,0.0,-7.757394098369965e-06,0.0,0.0,-14.813683771584664
386,1,0.0,0.0,-0.03387519407561847,-7.144332933317841e-06,0.0
386,2,0.0,0.0,0.0,0.0,-1.7313370927741771
386,3,0.0,0.0,0.0,0.0,-0.14639897227417684
386,4,0.0,0.0,0.0,0.0,0.0
387,0,0.0,-7.757394098369965e-06,0.0,0.0,-14.82765180774998
387,1,0.0,0.0,-0.03387519407561847,-7.144332933317841e-06,0.0
387,2,0.0,0.0,0.0,0.0,-1.7313370927741771
387,3,0.0,0.0,0.0,0.0,-0.14639897227417684
387,4,0.0,0.0,0.0,0.0,0.0
388,0,0.0,-7.757394098369965e-06,0.0,0.0,-14.86065460463949
388,1,0.0,0.0,-0.03387519407561847,-7.144332933317841e-06,0.0
388,2,0.0,0.0,0.0,0.0,-1.7313370927741771
388,3,0.0,0.0,0.0,0.0,-0.14639897227417684
388,4,0.0,0.0,0.0,0.0,0.0
389,0,0.0,-7.757394098369965e-06,0.0,0.0,-14.89489235135615
389,1,0.0,0.0,-0.03387519407561847,-7.144332933317841e-06,0.0
389,2,0.0,0.0,0.0,0.0,-1.7313370927741771
389,3,0.0,0.0,0.0,0.0,-0.14639897227417684
389,4,0.0,0.0,0.0,0.0,0.0
390,0,0.0,-7.757394098369965e-06,0.0,0.0,-14.915130085943604
390,1,0.0,0.0,-0.03387519407561847,-7.144332933317841e-06,0.0
390,2,0.0,0.0,0.0,0.0,-1.7313370927741771
390,3,0.0,0.0,0.0,0.0,-0.14639897227417684
390,4,0.0,0.0,0.0,0.0,0.0
391,0,0.0,-7.757394098369965e-06,0.0,0.0,-14.9432650807001
391,1,0.0,0.0,-0.03387519407561847,-7.144332933317841e-06,0.0
391,2,0.0,0.0,0.0,0.0,-1.7313370927741771
391,3,0.0,0.0,0.0,0.0,-0.14639897227417684
391,4,0.0,0.0,0.0,0.0,0.0
392,0,0.0,-7.757394098369965e-06,0.0,0.0,-14.95262046524086
392,1,0.0,0.0,-0.03387519407561847,-7.144332933317841e-06,0.0
392,2,0.0,0.0,0.0,0.0,-1.7313370927741771
392,3,0.0,0.0,0.0,0.0,-0.14639897227417684
392,4,0.0,0.0,0.0,0.0,0.0
393,0,0.0,-7.757394098369965e-06,0.0,0.0,-14.97287493058934
393,1,0.0,0.0,-0.03387519407561847,-7.144332933317841e-06,0.0
393,2,0.0,0.0,0.0,0.0,-1.7313370927741771
393,3,0.0,0.0,0.0,0.0,-0.14639897227417684
393,4,0.0,0.0,0.0,0.0,0.0
394,0,0.0,-7.757394098369965e-06,0.0,0.0,-14.976746072210586
394,1,0.0,0.0,-0.03387519407561847,-7.144332933317841e-06,0.0
394,2,0.0,0.0,0.0,0.0,-1.7313370927741771
394,3,0.0,0.0,0.0,0.0,-0.14639897227417684
394,4,0.0,0.0,0.0,0.0,0.0
395,0,0.0,-7.757394098369965e-06,0.0,0.0,-14.988235434482299
395,1,0.0,0.0,-0.03387519407561847,-7.144332933317841e-06,0.0
395,2,0.0,0.0,0.0,0.0,-1.7313370927741771
395,3,0.0,0.0,0.0,0.0,-0.14639897227417684
395,4,0.0,0.0,0.0,0.0,0.0
396,0,0.0,-7.757394098369965e-06,0.0,0.0,-14.997156967544568
396,1,0.0,0.0,-0.03387519407561847,-7.144332933317841e-06,0.0
396,2,0.0,0.0,0.0,0.0,-1.7313370927741771
396,3,0.0,0.0,0.0,0.0,-0.14639897227417684
396,4,0.0,0.0,0.0,0.0,0.0
397,0,0.0,-7.757394098369965e-06,0.0,0.0,-15.014199125941836
397,1,0.0,0.0,-0.03387519407561847,-7.144332933317841e-06,0.0
397,2,0.0,0.0,0.0,0.0,-1.7313370927741771
397,3,0.0,0.0,0.0,0.0,-0.14639897227417684
397,4,0.0,0.0,0.0,0.0,0.0
398,0,0.0,-7.757394098369965e-06,0.0,0.0,-15.03492626392835
398,1,0.0,0.0,-0.03387519407561847,-7.144332933317841e-06,0.0
398,2,0.0,0.0,0.0,0.0,-1.7313370927741771
398,3,0.0,0.0,0.0,0.0,-0.14639897227417684
398,4,0.0,0.0,0.0,0.0,0.0
399,0,0.0,-7.757394098369965e-06,0.0,0.0,-15.06064381492485
399,1,0.0,0.0,-0.03387519407561847,-7.144332933317841e-06,0.0
399,2,0.0,0.0,0.0,0.0,-1.7313370927741771
399,3,0.0,0.0,0.0,0.0,-0.14639897227417684
399,4,0.0,0.0,0.0,0.0,0.0
400,0,0.0,-7.757394098369965e-06,0.0,0.0,-15.085984375288895
400,1,0.0,0.0,-0.03387519407561847,-7.144332933317841e-06,0.0
400,2,0.0,0.0,0.0,0.0,-1.7313370927741771
400,3,0.0,0.0,0.0,0.0,-0.14639897227417684
400,4,0.0,0.0,0.0,0.0,0.0
401,0,0.0,-7.757394098369965e-06,0.0,0.0,-15.108674080328006
401,1,0.0,0.0,-0.03387519407561847,-7.144332933317841e-06,0.0
401,2,0.0,0.0,0.0,0.0,-1.7313370927741771
401,3,0.0,0.0,0.0,0.0,-0.14639897227417684
401,4,0.0,0.0,0.0,0.0,0.0
402,0,0.0,-7.757394098369965e-06,0.0,0.0,-15.139211343373132
402,1,0.0,0.0,-0.03387519407561847,-7.144332933317841e-06,0.0
402,2,0.0,0.0,0.0,0.0,-1.7313370927741771
402,3,0.0,0.0,0.0,0.0,-0.14639897227417684
402,4,0.0,0.0,0.0,0.0,0.0
403,0,0.0,-7.757394098369965e-06,0.0,0.0,-15.162060727320895
403,1,0.0,0.0,-0.03387519407561847,-7.144332933317841e-06,0.0
403,2,0.0,0.0,0.0,0.0,-1.7313370927741771
403,3,0.0,0.0,0.0,0.0,-0.14639897227417684
403,4,0.0,0.0,0.0,0.0,0.0
404,0,0.0,-7.757394098369965e-06,0.0,0.0,-15.204939672180783
404,1,0.0,0.0,-0.03387519407561847,-7.144332933317841e-06,0.0
404,2,0.0,0.0,0.0,0.0,-1.7313370927741771
404,3,0.0,0.0,0.0,0.0,-0.14639897227417684
404,4,0.0,0.0,0.0,0.0,0.0
405,0,0.0,-7.757394098369965e-06,0.0,0.0,-15.227636938009764
405,1,0.0,0.0,-0.03387519407561847,-7.144332933317841e-06,0.0
405,2,0.0,0.0,0.0,0.0,-1.7313370927741771
405,3,0.0,0.0,0.0,0.0,-0.14639897227417684
405,4,0.0,0.0,0.0,0.0,0.0
406,0,0.0,-7.757394098369965e-06,0.0,0.0,-15.24336968933067
406,1,0.0,0.0,-0.03387519407561847,-7.144332933317841e-06,0.0
406,2,0.0,0.0,0.0,0.0,-1.7313370927741771
406,3,0.0,0.0,0.0,0.0,-0.14639897227417684
406,4,0.0,0.0,0.0,0.0,0.0
407,0,0.0,-7.757394098369965e-06,0.0,0.0,-15.274460520707375
407,1,0.0,0.0,-0.03387519407561847,-7.144332933317841e-06,0.0
407,2,0.0,0.0,0.0,0.0,-1.7313370927741771
407,3,0.0,0.0,0.0,0.0,-0.14639897227417684
407,4,0.0,0.0,0.0,0.0,0.0
408,0,0.0,-7.757394098369965e-06,0.0,0.0,-15.310289287365313
408,1,0.0,0.0,-0.03387519407561847,-7.144332933317841e-06,0.0
408,2,0.0,0.0,0.0,0.0,-1.7313370927741771
408,3,0.0,0.0,0.0,0.0,-0.14639897227417684
408,4,0.0,0.0,0.0,0.0,0.0
409,0,0.0,-7.757394098369965e-06,0.0,0.0,-15.335034110812444
409,1,0.0,0.0,-0.03387519407561847,-7.144332933317841e-06,0.0
409,2,0.0,0.0,0.0,0.0,-1.7313370927741771
409,3,0.0,0.0,0.0,0.0,-0.14639897227417684
409,4,0.0,0.0,0.0,0.0,0.0
410,0,0.0,-7.757394098369965e-06,0.0,0.0,-15.372535092135072
410,1,0.0,0.0,-0.03387519407561847,-7.144332933317841e-06,0.0
410,2,0.0,0.0,0.0,0.0,-1.7313370927741771
410,3,0.0,0.0,0.0,0.0,-0.14639897227417684
410,4,0.0,0.0,0.0,0.0,0.0
411,0,0.0,-7.757394098369965e-06,0.0,0.0,-15.401034804592165
411,1,0.0,0.0,-0.03387519407561847,-7.144332933317841e-06,0.0
411,2,0.0,0.0,0.0,0.0,-1.7313370927741771
411,3,0.0,0.0,0.0,0.0,-0.14639897227417684
411,4,0.0,0.0,0.0,0.0,0.0
412,0,0.0,-7.757394098369965e-06,0.0,0.0,-15.417243428924115
412,1,0.0,0.0,-0.03387519407561847,-7.144332933317841e-06,0.0
412,2,0.0,0.0,0.0,0.0,-1.7313370927741771
412,3,0.0,0.0,0.0,0.0,-0.14639897227417684
412,4,0.0,0.0,0.0,0.0,0.0
413,0,0.0,-7.757394098369965e-06,0.0,0.0,-15.438902547884359
413,1,0.0,0.0,-0.03387519407561847,-7.144332933317841e-06,0.0
413,2,0.0,0.0,0.0,0.0,-1.7313370927741771
413,3,0.0,0.0,0.0,0.0,-0.14639897227417684
413,4,0.0,0.0,0.0,0.0,0.0
414,0,0.0,-7.757394098369965e-06,0.0,0.0,-15.477189988462987
414,1,0.0,0.0,-0.03387519407561847,-7.144332933317841e-06,0.0
414,2,0.0,0.0,0.0,0.0,-1.7313370927741771
414,3,0.0,0.0,0.0,0.0,-0.14639897227417684
414,4,0.0,0.0,0.0,0.0,0.0
415,0,0.0,-7.757394098369965e-06,0.0,0.0,-15.51220958282218
415,1,0.0,0.0,-0.03387519407561847,-7.144332933317841e-06,0.0
415,2,0.0,0.0,0.0,0.0,-1.7313370927741771
415,3,0.0,0.0,0.0,0.0,-0.14639897227417684
415,4,0.0,0.0,0.0,0.0,0.0
416,0,0.0,-7.757394098369965e-06,0.0,0.0,-15.554829841926152
416,1,0.0,0.0,-0.03387519407561847,-7.144332933317841e-06,0.0
416,2,0.0,0.0,0.0,0.0,-1.7313370927741771
416,3,0.0,0.0,0.0,0.0,-0.14639897227417684
416,4,0.0,0.0,0.0,0.0,0.0
417,0,0.0,-7.757394098369965e-06,0.0,0.0,-15.596239445643958
417,1,0.0,0.0,-0.03387519407561847,-7.144332933317841e-06,0.0
417,2,0.0,0.0,0.0,0.0,-1.7313370927741771
417,3,0.0,0.0,0.0,0.0,-0.14639897227417684
417,4,0.0,0.0,0.0,0.0,0.0
418,0,0.0,-7.757394098369965e-06,0.0,0.0,-15.601599646346344
418,1,0.0,0.0,-0.03387519407561847,-7.144332933317841e-06,0.0
418,2,0.0,0.0,0.0,0.0,-1.7313370927741771
418,3,0.0,0.0,0.0,0.0,-0.14639897227417684
418,4,0.0,0.0,0.0,0.0,0.0
419,0,0.0,-7.757394098369965e-06,0.0,0.0,-15.61790722103948
419,1,0.0,0.0,-0.03387519407561847,-7.144332933317841e-06,0.0
419,2,0.0,0.0,0.0,0.0,-1.7313370927741771
419,3,0.0,0.0,0.0,0.0,-0.14639897227417684
419,4,0.0,0.0,0.0,0.0,0.0
420,0,0.0,-7.757394098369965e-06,0.0,0.0,-15.64030021729212
420,1,0.0,0.0,-0.03387519407561847,-7.144332933317841e-06,0.0
420,2,0.0,0.0,0.0,0.0,-1.7313370927741771
420,3,0.0,0.0,0.0,0.0,-0.14639897227417684
420,4,0.0,0.0,0.0,0.0,0.0
421,0,0.0,-7.757394098369965e-06,0.0,0.0,-15.668405851050894
421,1,0.0,0.0,-0.03387519407561847,-7.144332933317841e-06,0.0
421,2,0.0,0.0,0.0,0.0,-1.7313370927741771
421,3,0.0,0.0,0.0,0.0,-0.14639897227417684
421,4,0.0,0.0,0.0,0.0,0.0
422,0,0.0,-7.757394098369965e-06,0.0,0.0,-15.710529425850602
422,1,0.0,0.0,-0.03387519407561847,-7.144332933317841e-06,0.0
422,2,0.0,0.0,0.0,0.0,-1.7313370927741771
422,3,0.0,0.0,0.0,0.0,-0.14639897227417684
422,4,0.0,0.0,0.0,0.0,0.0
423,0,0.0,-7.757394098369965e-06,0.0,0.0,-15.72424204724509
423,1,0.0,0.0,-0.03387519407561847,-7.144332933317841e-06,0.0
423,2,0.0,0.0,0.0,0.0,-1.7313370927741771
423,3,0.0,0.0,0.0,0.0,-0.14639897227417684
423,4,0.0,0.0,0.0,0.0,0.0
424,0,0.0,-7.757394098369965e-06,0.0,0.0,-15.732093546497332
424,1,0.0,0.0,-0.03387519407561847,-7.144332933317841e-06,0.0
424,2,0.0,0.0,0.0,0.0,-1.7313370927741771
424,3,0.0,0.0,0.0,0.0,-0.14639897227417684
424,4,0.0,0.0,0.0,0.0,0.0
425,0,0.0,-7.757394098369965e-06,0.0,0.0,-15.756136479639926
425,1,0.0,0.0,-0.03387519407561847,-7.144332933317841e-06,0.0
425,2,0.0,0.0,0.0,0.0,-1.7313370927741771
425,3,0.0,0.0,0.0,0.0,-0.14639897227417684
425,4,0.0,0.0,0.0,0.0,0.0
426,0,0.0,-7.757394098369965e-06,0.0,0.0,-15.762289116295552
426,1,0.0,0.0,-0.03387519407561847,-7.144332933317841e-06,0.0
426,2,0.0,0.0,0.0,0.0,-1.7313370927741771
426,3,0.0,0.0,0.0,0.0,-0.14639897227417684
426,4,0.0,0.0,0.0,0.0,0.0
427,0,0.0,-7.757394098369965e-06,0.0,0.0,-15.77705562510182
427,1,0.0,0.0,-0.03387519407561847,-7.144332933317841e-06,0.0
427,2,0.0,0.0,0.0,0.0,-1.7313370927741771
427,3,0.0,0.0,0.0,0.0,-0.14639897227417684
427,4,0.0,0.0,0.0,0.0,0.0
428,0,0.0,-7.757394098369965e-06,0.0,0.0,-15.781435403166919
428,1,0.0,0.0,-0.03387519407561847,-7.144332933317841e-06,0.0
428,2,0.0,0.0,0.0,0.0,-1.7313370927741771
428,3,0.0,0.0,0.0,0.0,-0.14639897227417684
428,4,0.0,0.0,0.0,0.0,0.0
429,0,0.0,-7.757394098369965e-06,0.0,0.0,-15.801687731624511
429,1,0.0,0.0,-0.03387519407561847,-7.144332933317841e-06,0.0
429,2,0.0,0.0,0.0,0.0,-1.7313370927741771
429,3,0.0,0.0,0.0,0.0,-0.14639897227417684
429,4,0.0,0.0,0.0,0.0,0.0
430,0,0.0,-7.757394098369965e-06,0.0,0.0,-15.817309338705494
430,1,0.0,0.0,-0.03387519407561847,-7.144332933317841e-06,0.0
430,2,0.0,0.0,0.0,0.0,-1.7313370927741771
430,3,0.0,0.0,0.0,0.0,-0.14639897227417684
430,4,0.0,0.0,0.0,0.0,0.0
431,0,0.0,-7.757394098369965e-06,0.0,0.0,-15.836234167658395
431,1,0.0,0.0,-0.03387519407561847,-7.144332933317841e-06,0.0
431,2,0.0,0.0,0.0,0.0,-1.7313370927741771
431,3,0.0,0.0,0.0,0.0,-0.14639897227417684
431,4,0.0,0.0,0.0,0.0,0.0
432,0,0.0,-7.757394098369965e-06,0.0,0.0,-15.87828361436173
432,1,0.0,0.0,-0.03387519407561847,-7.144332933317841e-06,0.0
432,2,0.0,0.0,0.0,0.0,-1.7313370927741771
432,3,0.0,0.0,0.0,0.0,-0.14639897227417684
432,4,0.0,0.0,0.0,0.0,0.0
433,0,0.0,-7.757394098369965e-06,0.0,0.0,-15.882946905860244
433,1,0.0,0.0,-0.03387519407561847,-7.144332933317841e-06,0.0
433,2,0.0,0.0,0.0,0.0,-1.7313370927741771
433,3,0.0,0.0,0.0,0.0,-0.14639897227417684
433,4,0.0,0.0,0.0,0.0,0.0
434,0,0.0,-7.757394098369965e-06,0.0,0.0,-15.904391344442853
434,1,0.0,0.0,-0.03387519407561847,-7.144332933317841e-06,0.0
434,2,0.0,0.0,0.0,0.0,-1.7313370927741771
434,3,0.0,0.0,0.0,0.0,-0.14639897227417684
434,4,0.0,0.0,0.0,0.0,0.0
435,0,0.0,-9.659928820170604e-06,0.0,0.0,-15.904391344442853
435,1,0.0,0.0,-0.03697352134957466,-7.144332933317841e-06,0.0
435,2,0.0,0.0,0.0,0.0,-1.7809210605678243
435,3,0.0,0.0,0.0,0.0,-0.14639897227417684
435,4,0.0,0.0,0.0,0.0,0.0
436,0,0.0,-9.659928820170604e-06,0.0,0.0,-15.908510653915522
436,1,0.0,0.0,-0.03697352134957466,-7.144332933317841e-06,0.0
436,2,0.0,0.0,0.0,0.0,-1.7809210605678243
436,3,0.0,0.0,0.0,0.0,-0.14639897227417684
436,4,0.0,0.0,0.0,0.0,0.0
437,0,0.0,-9.659928820170604e-06,0.0,0.0,-15.938779428617792
437,1,0.0,0.0,-0.03697352134957466,-7.144332933317841e-06,0.0
437,2,0.0,0.0,0.0,0.0,-1.7809210605678243
437,3,0.0,0.0,0.0,0.0,-0.14639897227417684
437,4,0.0,0.0,0.0,0.0,0.0
438,0,0.0,-9.659928820170604e-06,0.0,0.0,-15.971579177924198
438,1,0.0,0.0,-0.03697352134957466,-7.144332933317841e-06,0.0
438,2,0.0,0.0,0.0,0.0,-1.7809210605678243
438,3,0.0,0.0,0.0,0.0,-0.14639897227417684
438,4,0.0,0.0,0.0,0.0,0.0
439,0,0.0,-9.659928820170604e-06,0.0,0.0,-16.00911865049892
439,1,0.0,0.0,-0.03697352134957466,-7.144332933317841e-06,0.0
439,2,0.0,0.0,0.0,0.0,-1.7809210605678243
439,3,0.0,0.0,0.0,0.0,-0.14639897227417684
439,4,0.0,0.0,0.0,0.0,0.0
440,0,0.0,-9.659928820170604e-06,0.0,0.0,-16.041160721334776
440,1,0.0,0.0,-0.03697352134957466,-7.144332933317841e-06,0.0
440,2,0.0,0.0,0.0,0.0,-1.7809210605678243
440,3,0.0,0.0,0.0,0.0,-0.14639897227417684
440,4,0.0,0.0,0.0,0.0,0.0
441,0,0.0,-9.659928820170604e-06,0.0,0.0,-16.078118739768527
441,1,0.0,0.0,-0.03697352134957466,-7.144332933317841e-06,0.0
441,2,0.0,0.0,0.0,0.0,-1.7809210605678243
441,3,0.0,0.0,0.0,0.0,-0.14639897227417684
441,4,0.0,0.0,0.0,0.0,0.0
442,0,0.0,-9.659928820170604e-06,0.0,0.0,-16.10551920927857
442,1,0.0,0.0,-0.03697352134957466,-7.144332933317841e-06,0.0
442,2,0.0,0.0,0.0,0.0,-1.7809210605678243
442,3,0.0,0.0,0.0,0.0,-0.14639897227417684
442,4,0.0,0.0,0.0,0.0,0.0
443,0,0.0,-9.659928820170604e-06,0.0,0.0,-16.134775734564812
443,1,0.0,0.0,-0.03697352134957466,-7.144332933317841e-06,0.0
443,2,0.0,0.0,0.0,0.0,-1.7809210605678243
443,3,0.0,0.0,0.0,0.0,-0.14639897227417684
443,4,0.0,0.0,0.0,0.0,0.0
444,0,0.0,-9.659928820170604e-06,0.0,0.0,-16.14586299058847
444,1,0.0,0.0,-0.03697352134957466,-7.144332933317841e-06,0.0
444,2,0.0,0.0,0.0,0.0,-1.7809210605678243
444,3,0.0,0.0,0.0,0.0,-0.14639897227417684
444,4,0.0,0.0,0.0,0.0,0.0
445,0,0.0,-9.659928820170604e-06,0.0,0.0,-16.15513481606144
445,1,0.0,0.0,-0.03697352134957466,-7.144332933317841e-06,0.0
445,2,0.0,0.0,0.0,0.0,-1.7809210605678243
445,3,0.0,0.0,0.0,0.0,-0.14639897227417684
445,4,0.0,0.0,0.0,0.0,0.0
446,0,0.0,-9.659928820170604e-06,0.0,0.0,-16.177489838002195
446,1,0.0,0.0,-0.03697352134957466,-7.144332933317841e-06,0.0
446,2,0.0,0.0,0.0,0.0,-1.7809210605678243
446,3,0.0,0.0,0.0,0.0,-0.14639897227417684
446,4,0.0,0.0,0.0,0.0,0.0
447,0,0.0,-9.659928820170604e-06,0.0,0.0,-16.20630963613326
447,1,0.0,0.0,-0.03697352134957466,-7.144332933317841e-06,0.0
447,2,0.0,0.0,0.0,0.0,-1.7809210605678243
447,3,0.0,0.0,0.0,0.0,-0.14639897227417684
447,4,0.0,0.0,0.0,0.0,0.0
448,0,0.0,-9.659928820170604e-06,0.0,0.0,-16.218239736889146
448,1,0.0,0.0,-0.03697352134957466,-7.144332933317841e-06,0.0
448,2,0.0,0.0,0.0,0.0,-1.7809210605678243
448,3,0.0,0.0,0.0,0.0,-0.14639897227417684
448,4,0.0,0.0,0.0,0.0,0.0
449,0,0.0,-9.659928820170604e-06,0.0,0.0,-16.227620065482284
449,1,0.0,0.0,-0.03697352134957466,-7.144332933317841e-06,0.0
449,2,0.0,0.0,0.0,0.0,-1.7809210605678243
449,3,0.0,0.0,0.0,0.0,-0.14639897227417684
449,4,0.0,0.0,0.0,0.0,0.0
450,0,0.0,-9.659928820170604e-06,0.0,0.0,-16.241749546288577
450,1,0.0,0.0,-0.03697352134957466,-7.144332933317841e-06,0.0
450,2,0.0,0.0,0.0,0.0,-1.7809210605678243
450,3,0.0,0.0,0.0,0.0,-0.14639897227417684
450,4,0.0,0.0,0.0,0.0,0.0
451,0,0.0,-9.659928820170604e-06,0.0,0.0,-16.25954895933446
451,1,0.0,0.0,-0.03697352134957466,-7.144332933317841e-06,0.0
451,2,0.0,0.0,0.0,0.0,-1.7809210605678243
451,3,0.0,0.0,0.0,0.0,-0.14639897227417684
451,4,0.0,0.0,0.0,0.0,0.0
452,0,0.0,-9.659928820170604e-06,0.0,0.0,-16.28434026032076
452,1,0.0,0.0,-0.03697352134957466,-7.144332933317841e-06,0.0
452,2,0.0,0.0,0.0,0.0,-1.7809210605678243
452,3,0.0,0.0,0.0,0.0,-0.14639897227417684
452,4,0.0,0.0,0.0,0.0,0.0
453,0,0.0,-9.659928820170604e-06,0.0,0.0,-16.307122970698032
453,1,0.0,0.0,-0.03697352134957466,-7.144332933317841e-06,0.0
453,2,0.0,0.0,0.0,0.0,-1.7809210605678243
453,3,0.0,0.0,0.0,0.0,-0.14639897227417684
453,4,0.0,0.0,0.0,0.0,0.0
454,0,0.0,-9.659928820170604e-06,0.0,0.0,-16.323245042208445
454,1,0.0,0.0,-0.03697352134957466,-7.144332933317841e-06,0.0
454,2,0.0,0.0,0.0,0.0,-1.7809210605678243
454,3,0.0,0.0,0.0,0.0,-0.14639897227417684
454,4,0.0,0.0,0.0,0.0,0.0
455,0,0.0,-9.659928820170604e-06,0.0,0.0,-16.3346415965384
455,1,0.0,0.0,-0.03697352134957466,-7.144332933317841e-06,0.0
455,2,0.0,0.0,0.0,0.0,-1.7809210605678243
455,3,0.0,0.0,0.0,0.0,-0.14639897227417684
455,4,0.0,0.0,0.0,0.0,0.0
456,0,0.0,-9.659928820170604e-06,0.0,0.0,-16.377040929950955
456,1,0.0,0.0,-0.03697352134957466,-7.144332933317841e-06,0.0
456,2,0.0,0.0,0.0,0.0,-1.7809210605678243
456,3,0.0,0.0,0.0,0.0,-0.14639897227417684
456,4,0.0,0.0,0.0,0.0,0.0
457,0,0.0,-9.659928820170604e-06,0.0,0.0,-16.384107587339948
457,1,0.0,0.0,-0.03697352134957466,-7.144332933317841e-06,0.0
457,2,0.0,0.0,0.0,0.0,-1.7809210605678243
457,3,0.0,0.0,0.0,0.0,-0.14639897227417684
457,4,0.0,0.0,0.0,0.0,0.0
458,0,0.0,-9.659928820170604e-06,0.0,0.0,-16.40363677393276
458,1,0.0,0.0,-0.03697352134957466,-7.144332933317841e-06,0.0
458,2,0.0,0.0,0.0,0.0,-1.7809210605678243
458,3,0.0,0.0,0.0,0.0,-0.14639897227417684
458,4,0.0,0.0,0.0,0.0,0.0
459,0,0.0,-9.659928820170604e-06,0.0,0.0,-16.432049456657424
459,1,0.0,0.0,-0.03697352134957466,-7.144332933317841e-06,0.0
459,2,0.0,0.0,0.0,0.0,-1.7809210605678243
459,3,0.0,0.0,0.0,0.0,-0.14639897227417684
459,4,0.0,0.0,0.0,0.0,0.0
460,0,0.0,-9.659928820170604e-06,0.0,0.0,-16.460803285101683
460,1,0.0,0.0,-0.03697352134957466,-7.144332933317841e-06,0.0
460,2,0.0,0.0,0.0,0.0,-1.7809210605678243
460,3,0.0,0.0,0.0,0.0,-0.14639897227417684
460,4,0.0,0.0,0.0,0.0,0.0
461,0,0.0,-9.659928820170604e-06,0.0,0.0,-16.486290063160432
461,1,0.0,0.0,-0.03697352134957466,-7.144332933317841e-06,0.0
461,2,0.0,0.0,0.0,0.0,-1.7809210605678243
461,3,0.0,0.0,0.0,0.0,-0.14639897227417684
461,4,0.0,0.0,0.0,0.0,0.0
462,0,0.0,-9.659928820170604e-06,0.0,0.0,-16.485622221723844
462,1,0.0,0.0,-0.03697352134957466,-7.144332933317841e-06,0.0
462,2,0.0,0.0,0.0,0.0,-1.7809210605678243
462,3,0.0,0.0,0.0,0.0,-0.14639897227417684
462,4,0.0,0.0,0.0,0.0,0.0
463,0,0.0,-9.659928820170604e-06,0.0,0.0,-16.501382183005177
463,1,0.0,0.0,-0.03697352134957466,-7.144332933317841e-06,0.0
463,2,0.0,0.0,0.0,0.0,-1.7809210605678243
463,3,0.0,0.0,0.0,0.0,-0.14639897227417684
463,4,0.0,0.0,0.0,0.0,0.0
464,0,0.0,-9.659928820170604e-06,0.0,0.0,-16.503425048719265
464,1,0.0,0.0,-0.03697352134957466,-7.144332933317841e-06,0.0
464,2,0.0,0.0,0.0,0.0,-1.7809210605678243
464,3,0.0,0.0,0.0,0.0,-0.14639897227417684
464,4,0.0,0.0,0.0,0.0,0.0
465,0,0.0,-9.659928820170604e-06,0.0,0.0,-16.52169311342579
465,1,0.0,0.0,-0.03697352134957466,-7.144332933317841e-06,0.0
465,2,0.0,0.0,0.0,0.0,-1.7809210605678243
465,3,0.0,0.0,0.0,0.0,-0.14639897227417684
465,4,0.0,0.0,0.0,0.0,0.0
466,0,0.0,-9.659928820170604e-06,0.0,0.0,-16.543386621383736
466,1,0.0,0.0,-0.03697352134957466,-7.144332933317841e-06,0.0
466,2,0.0,0.0,0.0,0.0,-1.7809210605678243
466,3,0.0,0.0,0.0,0.0,-0.14639897227417684
466,4,0.0,0.0,0.0,0.0,0.0
467,0,0.0,-9.659928820170604e-06,0.0,0.0,-16.567961004306003
467,1,0.0,0.0,-0.03697352134957466,-7.144332933317841e-06,0.0
467,2,0.0,0.0,0.0,0.0,-1.7809210605678243
467,3,0.0,0.0,0.0,0.0,-0.14639897227417684
467,4,0.0,0.0,0.0,0.0,0.0
468,0,0.0,-9.659928820170604e-06,0.0,0.0,-16.592989596638866
468,1,0.0,0.0,-0.03697352134957466,-7.144332933317841e-06,0.0
468,2,0.0,0.0,0.0,0.0,-1.7809210605678243
468,3,0.0,0.0,0.0,0.0,-0.14639897227417684
468,4,0.0,0.0,0.0,0.0,0.0
469,0,0.0,-9.659928820170604e-06,0.0,0.0,-16.59957840042065
469,1,0.0,0.0,-0.03697352134957466,-7.144332933317841e-06,0.0
469,2,0.0,0.0,0.0,0.0,-1.7809210605678243
469,3,0.0,0.0,0.0,0.0,-0.14639897227417684
469,4,0.0,0.0,0.0,0.0,0.0
470,0,0.0,-9.659928820170604e-06,0.0,0.0,-16.61525143078695
470,1,0.0,0.0,-0.03697352134957466,-7.144332933317841e-06,0.0
470,2,0.0,0.0,0.0,0.0,-1.7809210605678243
470,3,0.0,0.0,0.0,0.0,-0.14639897227417684
470,4,0.0,0.0,0.0,0.0,0.0
471,0,0.0,-9.659928820170604e-06,0.0,0.0,-16.63307718443795
471,1,0.0,0.0,-0.03697352134957466,-7.144332933317841e-06,0.0
471,2,0.0,0.0,0.0,0.0,-1.7809210605678243
471,3,0.0,0.0,0.0,0.0,-0.14639897227417684
471,4,0.0,0.0,0.0,0.0,0.0
472,0,0.0,-9.659928820170604e-06,0.0,0.0,-16.641367676844343
472,1,0.0,0.0,-0.03697352134957466,-7.144332933317841e-06,0.0
472,2,0.0,0.0,0.0,0.0,-1.7809210605678243
472,3,0.0,0.0,0.0,0.0,-0.14639897227417684
472,4,0.0,0.0,0.0,0.0,0.0
473,0,0.0,-9.659928820170604e-06,0.0,0.0,-16.66219949248122
473,1,0.0,0.0,-0.03697352134957466,-7.144332933317841e-06,0.0
473,2,0.0,0.0,0.0,0.0,-1.7809210605678243
473,3,0.0,0.0,0.0,0.0,-0.14639897227417684
473,4,0.0,0.0,0.0,0.0,0.0
474,0,0.0,-9.659928820170604e-06,0.0,0.0,-16.6852390170782
474,1,0.0,0.0,-0.03697352134957466,-7.144332933317841e-06,0.0
474,2,0.0,0.0,0.0,0.0,-1.7809210605678243
474,3,0.0,0.0,0.0,0.0,-0.14639897227417684
474,4,0.0,0.0,0.0,0.0,0.0
475,0,0.0,-9.659928820170604e-06,0.0,0.0,-16.713301282719062
475,1,0.0,0.0,-0.03697352134957466,-7.144332933317841e-06,0.0
475,2,0.0,0.0,0.0,0.0,-1.7809210605678243
475,3,0.0,0.0,0.0,0.0,-0.14639897227417684
475,4,0.0,0.0,0.0,0.0,0.0
476,0,0.0,-9.659928820170604e-06,0.0,0.0,-16.715860686674656
476,1,0.0,0.0,-0.03697352134957466,-7.144332933317841e-06,0.0
476,2,0.0,0.0,0.0,0.0,-1.7809210605678243
476,3,0.0,0.0,0.0,0.0,-0.14639897227417684
476,4,0.0,0.0,0.0,0.0,0.0
477,0,0.0,-9.659928820170604e-06,0.0,0.0,-16.750557554769472
477,1,0.0,0.0,-0.03697352134957466,-7.144332933317841e-06,0.0
477,2,0.0,0.0,0.0,0.0,-1.7809210605678243
477,3,0.0,0.0,0.0,0.0,-0.14639897227417684
477,4,0.0,0.0,0.0,0.0,0.0
478,0,0.0,-9.659928820170604e-06,0.0,0.0,-16.754809663351477
478,1,0.0,0.0,-0.03697352134957466,-7.144332933317841e-06,0.0
478,2,0.0,0.0,0.0,0.0,-1.7809210605678243
478,3,0.0,0.0,0.0,0.0,-0.14639897227417684
478,4,0.0,0.0,0.0,0.0,0.0
479,0,0.0,-9.659928820170604e-06,0.0,0.0,-16.75742027863777
479,1,0.0,0.0,-0.03697352134957466,-7.144332933317841e-06,0.0
479,2,0.0,0.0,0.0,0.0,-1.7809210605678243
479,3,0.0,0.0,0.0,0.0,-0.14639897227417684
479,4,0.0,0.0,0.0,0.0,0.0
480,0,0.0,-9.659928820170604e-06,0.0,0.0,-16.7765809348781
480,1,0.0,0.0,-0.03697352134957466,-7.144332933317841e-06,0.0
480,2,0.0,0.0,0.0,0.0,-1.7809210605678243
480,3,0.0,0.0,0.0,0.0,-0.14639897227417684
480,4,0.0,0.0,0.0,0.0,0.0
481,0,0.0,-9.659928820170604e-06,0.0,0.0,-16.781341286674536
481,1,0.0,0.0,-0.03697352134957466,-7.144332933317841e-06,0.0
481,2,0.0,0.0,0.0,0.0,-1.7809210605678243
481,3,0.0,0.0,0.0,0.0,-0.14639897227417684
481,4,0.0,0.0,0.0,0.0,0.0
482,0,0.0,-9.659928820170604e-06,0.0,0.0,-16.793228984438816
482,1,0.0,0.0,-0.03697352134957466,-7.144332933317841e-06,0.0
482,2,0.0,0.0,0.0,0.0,-1.7809210605678243
482,3,0.0,0.0,0.0,0.0,-0.14639897227417684
482,4,0.0,0.0,0.0,0.0,0.0
483,0,0.0,-9.659928820170604e-06,0.0,0.0,-16.816601406377796
483,1,0.0,0.0,-0.03697352134957466,-7.144332933317841e-06,0.0
483,2,0.0,0.0,0.0,0.0,-1.7809210605678243
483,3,0.0,0.0,0.0,0.0,-0.14639897227417684
483,4,0.0,0.0,0.0,0.0,0.0
484,0,0.0,-9.659928820170604e-06,0.0,0.0,-16.844242056339176
484,1,0.0,0.0,-0.03697352134957466,-7.144332933317841e-06,0.0
484,2,0.0,0.0,0.0,0.0,-1.7809210605678243
484,3,0.0,0.0,0.0,0.0,-0.14639897227417684
484,4,0.0,0.0,0.0,0.0,0.0
485,0,0.0,-9.659928820170604e-06,0.0,0.0,-16.86232245782645
485,1,0.0,0.0,-0.03697352134957466,-7.144332933317841e-06,0.0
485,2,0.0,0.0,0.0,0.0,-1.7809210605678243
485,3,0.0,0.0,0.0,0.0,-0.14639897227417684
485,4,0.0,0.0,0.0,0.0,0.0
486,0,0.0,-9.659928820170604e-06,0.0,0.0,-16.88180529346375
486,1,0.0,0.0,-0.03697352134957466,-7.144332933317841e-06,0.0
486,2,0.0,0.0,0.0,0.0,-1.7809210605678243
486,3,0.0,0.0,0.0,0.0,-0.14639897227417684
486,4,0.0,0.0,0.0,0.0,0.0
487,0,0.0,-9.659928820170604e-06,0.0,0.0,-16.904895680128874
487,1,0.0,0.0,-0.03697352134957466,-7.144332933317841e-06,0.0
487,2,0.0,0.0,0.0,0.0,-1.7809210605678243
487,3,0.0,0.0,0.0,0.0,-0.14639897227417684
487,4,0.0,0.0,0.0,0.0,0.0
488,0,0.0,-9.659928820170604e-06,0.0,0.0,-16.9150262406857
488,1,0.0,0.0,-0.03697352134957466,-7.144332933317841e-06,0.0
488,2,0.0,0.0,0.0,0.0,-1.7809210605678243
488,3,0.0,0.0,0.0,0.0,-0.14639897227417684
488,4,0.0,0.0,0.0,0.0,0.0
489,0,0.0,-9.659928820170604e-06,0.0,0.0,-16.92066292522171
489,1,0.0,0.0,-0.03697352134957466,-7.144332933317841e-06,0.0
489,2,0.0,0.0,0.0,0.0,-1.7809210605678243
489,3,0.0,0.0,0.0,0.0,-0.14639897227417684
489,4,0.0,0.0,0.0,0.0,0.0
490,0,0.0,-9.659928820170604e-06,0.0,0.0,-16.937376020965168
490,1,0.0,0.0,-0.03697352134957466,-7.144332933317841e-06,0.0
490,2,0.0,0.0,0.0,0.0,-1.7809210605678243
490,3,0.0,0.0,0.0,0.0,-0.14639897227417684
490,4,0.0,0.0,0.0,0.0,0.0
491,0,0.0,-9.659928820170604e-06,0.0,0.0,-16.94280971349175
491,1,0.0,0.0,-0.03697352134957466,-7.144332933317841e-06,0.0
491,2,0.0,0.0,0.0,0.0,-1.7809210605678243
491,3,0.0,0.0,0.0,0.0,-0.14639897227417684
491,4,0.0,0.0,0.0,0.0,0.0
492,0,0.0,-9.659928820170604e-06,0.0,0.0,-16.966444879862028
492,1,0.0,0.0,-0.03697352134957466,-7.144332933317841e-06,0.0
492,2,0.0,0.0,0.0,0.0,-1.7809210605678243
492,3,0.0,0.0,0.0,0.0,-0.14639897227417684
492,4,0.0,0.0,0.0,0.0,0.0
493,0,0.0,-9.659928820170604e-06,0.0,0.0,-17.00069444007068
493,1,0.0,0.0,-0.03697352134957466,-7.144332933317841e-06,0.0
493,2,0.0,0.0,0.0,0.0,-1.7809210605678243
493,3,0.0,0.0,0.0,0.0,-0.14639897227417684
493,4,0.0,0.0,0.0,0.0,0.0
494,0,0.0,-9.659928820170604e-06,0.0,0.0,-17.03087831897392
494,1,0.0,0.0,-0.03697352134957466,-7.144332933317841e-06,0.0
494,2,0.0,0.0,0.0,0.0,-1.7809210605678243
494,3,0.0,0.0,0.0,0.0,-0.14639897227417684
494,4,0.0,0.0,0.0,0.0,0.0
495,0,0.0,-9.659928820170604e-06,0.0,0.0,-17.031877689566294
495,1,0.0,0.0,-0.03697352134957466,-7.144332933317841e-06,0.0
495,2,0.0,0.0,0.0,0.0,-1.7809210605678243
495,3,0.0,0.0,0.0,0.0,-0.14639897227417684
495,4,0.0,0.0,0.0,0.0,0.0
496,0,0.0,-9.659928820170604e-06,0.0,0.0,-17.04019128166045
496,1,0.0,0.0,-0.03697352134957466,-7.144332933317841e-06,0.0
496,2,0.0,0.0,0.0,0.0,-1.7809210605678243
496,3,0.0,0.0,0.0,0.0,-0.14639897227417684
496,4,0.0,0.0,0.0,0.0,0.0
497,0,0.0,-9.659928820170604e-06,0.0,0.0,-17.058146131667062
497,1,0.0,0.0,-0.03697352134957466,-7.144332933317841e-06,0.0
497,2,0.0,0.0,0.0,0.0,-1.7809210605678243
497,3,0.0,0.0,0.0,0.0,-0.14639897227417684
497,4,0.0,0.0,0.0,0.0,0.0
498,0,0.0,-9.659928820170604e-06,0.0,0.0,-17.06472294570105
498,1,0.0,0.0,-0.03697352134957466,-7.144332933317841e-06,0.0
498,2,0.0,0.0,0.0,0.0,-1.7809210605678243
498,3,0.0,0.0,0.0,0.0,-0.14639897227417684
498,4,0.0,0.0,0.0,0.0,0.0
499,0,0.0,-9.659928820170604e-06,0.0,0.0,-17.08016432554902
499,1,0.0,0.0,-0.03697352134957466,-7.144332933317841e-06,0.0
499,2,0.0,0.0,0.0,0.0,-1.7809210605678243
499,3,0.0,0.0,0.0,0.0,-0.14639897227417684
499,4,0.0,0.0,0.0,0.0,0.0
500,0,0.0,-9.659928820170604e-06,0.0,0.0,-17.097983185270298
500,1,0.0,0.0,-0.03697352134957466,-7.144332933317841e-06,0.0
500,2,0.0,0.0,0.0,0.0,-1.7809210605678243
500,3,0.0,0.0,0.0,0.0,-0.14639897227417684
500,4,0.0,0.0,0.0,0.0,0.0
501,0,0.0,-9.659928820170604e-06,0.0,0.0,-17.130510860177314
501,1,0.0,0.0,-0.03697352134957466,-7.144332933317841e-06,0.0
501,2,0.0,0.0,0.0,0.0,-1.7809210605678243
501,3,0.0,0.0,0.0,0.0,-0.14639897227417684
501,4,0.0,0.0,0.0,0.0,0.0
502,0,0.0,-9.659928820170604e-06,0.0,0.0,-17.137258009838686
502,1,0.0,0.0,-0.03697352134957466,-7.144332933317841e-06,0.0
502,2,0.0,0.0,0.0,0.0,-1.7809210605678243
502,3,0.0,0.0,0.0,0.0,-0.14639897227417684
502,4,0.0,0.0,0.0,0.0,0.0
503,0,0.0,-9.659928820170604e-06,0.0,0.0,-17.146711192016742
503,1,0.0,0.0,-0.03697352134957466,-7.144332933317841e-06,0.0
503,2,0.0,0.0,0.0,0.0,-1.7809210605678243
503,3,0.0,0.0,0.0,0.0,-0.14639897227417684
503,4,0.0,0.0,0.0,0.0,0.0
504,0,0.0,-9.659928820170604e-06,0.0,0.0,-17.158744065687596
504,1,0.0,0.0,-0.03697352134957466,-7.144332933317841e-06,0.0
504,2,0.0,0.0,0.0,0.0,-1.7809210605678243
504,3,0.0,0.0,0.0,0.0,-0.14639897227417684
504,4,0.0,0.0,0.0,0.0,0.0
505,0,0.0,-9.659928820170604e-06,0.0,0.0,-17.163723880837612
505,1,0.0,0.0,-0.03697352134957466,-7.144332933317841e-06,0.0
505,2,0.0,0.0,0.0,0.0,-1.7809210605678243
505,3,0.0,0.0,0.0,0.0,-0.14639897227417684
505,4,0.0,0.0,0.0,0.0,0.0
506,0,0.0,-9.659928820170604e-06,0.0,0.0,-17.18667063011974
506,1,0.0,0.0,-0.03697352134957466,-7.144332933317841e-06,0.0
506,2,0.0,0.0,0.0,0.0,-1.7809210605678243
506,3,0.0,0.0,0.0,0.0,-0.14639897227417684
506,4,0.0,0.0,0.0,0.0,0.0
507,0,0.0,-9.659928820170604e-06,0.0,0.0,-17.206361464861782
507,1,0.0,0.0,-0.03697352134957466,-7.144332933317841e-06,0.0
507,2,0.0,0.0,0.0,0.0,-1.7809210605678243
507,3,0.0,0.0,0.0,0.0,-0.14639897227417684
507,4,0.0,0.0,0.0,0.0,0.0
508,0,0.0,-9.659928820170604e-06,0.0,0.0,-17.214907995711002
508,1,0.0,0.0,-0.03697352134957466,-7.144332933317841e-06,0.0
508,2,0.0,0.0,0.0,0.0,-1.7809210605678243
508,3,0.0,0.0,0.0,0.0,-0.14639897227417684
508,4,0.0,0.0,0.0,0.0,0.0
509,0,0.0,-9.659928820170604e-06,0.0,0.0,-17.24314025802595
509,1,0.0,0.0,-0.03697352134957466,-7.144332933317841e-06,0.0
509,2,0.0,0.0,0.0,0.0,-1.7809210605678243
509,3,0.0,0.0,0.0,0.0,-0.14639897227417684
509,4,0.0,0.0,0.0,0.0,0.0
510,0,0.0,-9.659928820170604e-06,0.0,0.0,-17.27630094502496
510,1,0.0,0.0,-0.03697352134957466,-7.144332933317841e-06,0.0
510,2,0.0,0.0,0.0,0.0,-1.7809210605678243
510,3,0.0,0.0,0.0,0.0,-0.14639897227417684
510,4,0.0,0.0,0.0,0.0,0.0
511,0,0.0,-9.659928820170604e-06,0.0,0.0,-17.29188457769656
511,1,0.0,0.0,-0.03697352134957466,-7.144332933317841e-06,0.0
511,2,0.0,0.0,0.0,0.0,-1.7809210605678243
511,3,0.0,0.0,0.0,0.0,-0.14639897227417684
511,4,0.0,0.0,0.0,0.0,0.0
512,0,0.0,-9.659928820170604e-06,0.0,0.0,-17.31978433414784
512,1,0.0,0.0,-0.03697352134957466,-7.144332933317841e-06,0.0
512,2,0.0,0.0,0.0,0.0,-1.7809210605678243
512,3,0.0,0.0,0.0,0.0,-0.14639897227417684
512,4,0.0,0.0,0.0,0.0,0.0
513,0,0.0,-9.659928820170604e-06,0.0,0.0,-17.321129611736694
513,1,0.0,0.0,-0.03697352134957466,-7.144332933317841e-06,0.0
513,2,0.0,0.0,0.0,0.0,-1.7809210605678243
513,3,0.0,0.0,0.0,0.0,-0.14639897227417684
513,4,0.0,0.0,0.0,0.0,0.0
514,0,0.0,-9.659928820170604e-06,0.0,0.0,-17.326375458688357
514,1,0.0,0.0,-0.03697352134957466,-7.144332933317841e-06,0.0
514,2,0.0,0.0,0.0,0.0,-1.7809210605678243
514,3,0.0,0.0,0.0,0.0,-0.14639897227417684
514,4,0.0,0.0,0.0,0.0,0.0
515,0,0.0,-9.659928820170604e-06,0.0,0.0,-17.338807965301243
515,1,0.0,0.0,-0.03697352134957466,-7.144332933317841e-06,0.0
515,2,0.0,0.0,0.0,0.0,-1.7809210605678243
515,3,0.0,0.0,0.0,0.0,-0.14639897227417684
515,4,0.0,0.0,0.0,0.0,0.0
516,0,0.0,-9.659928820170604e-06,0.0,0.0,-17.379734115069947
516,1,0.0,0.0,-0.03697352134957466,-7.144332933317841e-06,0.0
516,2,0.0,0.0,0.0,0.0,-1.7809210605678243
516,3,0.0,0.0,0.0,0.0,-0.14639897227417684
516,4,0.0,0.0,0.0,0.0,0.0
517,0,0.0,-9.659928820170604e-06,0.0,0.0,-17.38721143098947
517,1,0.0,0.0,-0.03697352134957466,-7.144332933317841e-06,0.0
517,2,0.0,0.0,0.0,0.0,-1.7809210605678243
517,3,0.0,0.0,0.0,0.0,-0.14639897227417684
517,4,0.0,0.0,0.0,0.0,0.0
518,0,0.0,-9.659928820170604e-06,0.0,0.0,-17.41618882529519
518,1,0.0,0.0,-0.03697352134957466,-7.144332933317841e-06,0.0
518,2,0.0,0.0,0.0,0.0,-1.7809210605678243
518,3,0.0,0.0,0.0,0.0,-0.14639897227417684
518,4,0.0,0.0,0.0,0.0,0.0
519,0,0.0,-9.659928820170604e-06,0.0,0.0,-17.425095679053516
519,1,0.0,0.0,-0.03697352134957466,-7.144332933317841e-06,0.0
519,2,0.0,0.0,0.0,0.0,-1.7809210605678243
519,3,0.0,0.0,0.0,0.0,-0.14639897227417684
519,4,0.0,0.0,0.0,0.0,0.0
520,0,0.0,-9.659928820170604e-06,0.0,0.0,-17.442280030074528
520,1,0.0,0.0,-0.03697352134957466,-7.144332933317841e-06,0.0
520,2,0.0,0.0,0.0,0.0,-1.7809210605678243
520,3,0.0,0.0,0.0,0.0,-0.14639897227417684
520,4,0.0,0.0,0.0,0.0,0.0
521,0,0.0,-9.659928820170604e-06,0.0,0.0,-17.451522392481778
521,1,0.0,0.0,-0.03697352134957466,-7.144332933317841e-06,0.0
521,2,0.0,0.0,0.0,0.0,-1.7809210605678243
521,3,0.0,0.0,0.0,0.0,-0.14639897227417684
521,4,0.0,0.0,0.0,0.0,0.0
522,0,0.0,-9.659928820170604e-06,0.0,0.0,-17.479582684805578
522,1,0.0,0.0,-0.03697352134957466,-7.144332933317841e-06,0.0
522,2,0.0,0.0,0.0,0.0,-1.7809210605678243
522,3,0.0,0.0,0.0,0.0,-0.14639897227417684
522,4,0.0,0.0,0.0,0.0,0.0
523,0,0.0,-9.659928820170604e-06,0.0,0.0,-17.48401649377883
523,1,0.0,0.0,-0.03697352134957466,-7.144332933317841e-06,0.0
523,2,0.0,0.0,0.0,0.0,-1.7809210605678243
523,3,0.0,0.0,0.0,0.0,-0.14639897227417684
523,4,0.0,0.0,0.0,0.0,0.0
524,0,0.0,-9.659928820170604e-06,0.0,0.0,-17.504987366989234
524,1,0.0,0.0,-0.03697352134957466,-7.144332933317841e-06,0.0
524,2,0.0,0.0,0.0,0.0,-1.7809210605678243
524,3,0.0,0.0,0.0,0.0,-0.14639897227417684
524,4,0.0,0.0,0.0,0.0,0.0
525,0,0.0,-9.659928820170604e-06,0.0,0.0,-17.512469134986606
525,1,0.0,0.0,-0.03697352134957466,-7.144332933317841e-06,0.0
525,2,0.0,0.0,0.0,0.0,-1.7809210605678243
525,3,0.0,0.0,0.0,0.0,-0.14639897227417684
525,4,0.0,0.0,0.0,0.0,0.0
526,0,0.0,-9.659928820170604e-06,0.0,0.0,-17.515617175257713
526,1,0.0,0.0,-0.03697352134957466,-7.144332933317841e-06,0.0
526,2,0.0,0.0,0.0,0.0,-1.7809210605678243
526,3,0.0,0.0,0.0,0.0,-0.14639897227417684
526,4,0.0,0.0,0.0,0.0,0.0
527,0,0.0,-9.659928820170604e-06,0.0,0.0,-17.53098376921771
527,1,0.0,0.0,-0.03697352134957466,-7.144332933317841e-06,0.0
527,2,0.0,0.0,0.0,0.0,-1.7809210605678243
527,3,0.0,0.0,0.0,0.0,-0.14639897227417684
527,4,0.0,0.0,0.0,0.0,0.0
528,0,0.0,-9.659928820170604e-06,0.0,0.0,-17.54010131942167
528,1,0.0,0.0,-0.03697352134957466,-7.144332933317841e-06,0.0
528,2,0.0,0.0,0.0,0.0,-1.7809210605678243
528,3,0.0,0.0,0.0,0.0,-0.14639897227417684
528,4,0.0,0.0,0.0,0.0,0.0
529,0,0.0,-9.659928820170604e-06,0.0,0.0,-17.547461402663423
529,1,0.0,0.0,-0.03697352134957466,-7.144332933317841e-06,0.0
529,2,0.0,0.0,0.0,0.0,-1.7809210605678243
529,3,0.0,0.0,0.0,0.0,-0.14639897227417684
529,4,0.0,0.0,0.0,0.0,0.0
530,0,0.0,-9.659928820170604e-06,0.0,0.0,-17.5622183056776
530,1,0.0,0.0,-0.03697352134957466,-7.144332933317841e-06,0.0
530,2,0.0,0.0,0.0,0.0,-1.7809210605678243
530,3,0.0,0.0,0.0,0.0,-0.14639897227417684
530,4,0.0,0.0,0.0,0.0,0.0
531,0,0.0,-9.659928820170604e-06,0.0,0.0,-17.58163779541057
531,1,0.0,0.0,-0.03697352134957466,-7.144332933317841e-06,0.0
531,2,0.0,0.0,0.0,0.0,-1.7809210605678243
531,3,0.0,0.0,0.0,0.0,-0.14639897227417684
531,4,0.0,0.0,0.0,0.0,0.0
532,0,0.0,-9.659928820170604e-06,0.0,0.0,-17.579128714558273
532,1,0.0,0.0,-0.03697352134957466,-7.144332933317841e-06,0.0
532,2,0.0,0.0,0.0,0.0,-1.7809210605678243
532,3,0.0,0.0,0.0,0.0,-0.14639897227417684
532,4,0.0,0.0,0.0,0.0,0.0
533,0,0.0,-9.659928820170604e-06,0.0,0.0,-17.596568924263302
533,1,0.0,0.0,-0.03697352134957466,-7.144332933317841e-06,0.0
533,2,0.0,0.0,0.0,0.0,-1.7809210605678243
533,3,0.0,0.0,0.0,0.0,-0.14639897227417684
533,4,0.0,0.0,0.0,0.0,0.0
534,0,0.0,-9.659928820170604e-06,0.0,0.0,-17.609005212264353
534,1,0.0,0.0,-0.03697352134957466,-7.144332933317841e-06,0.0
534,2,0.0,0.0,0.0,0.0,-1.7809210605678243
534,3,0.0,0.0,0.0,0.0,-0.14639897227417684
534,4,0.0,0.0,0.0,0.0,0.0
535,0,0.0,-9.659928820170604e-06,0.0,0.0,-17.624403789027966
535,1,0.0,0.0,-0.03697352134957466,-7.144332933317841e-06,0.0
535,2,0.0,0.0,0.0,0.0,-1.7809210605678243
535,3,0.0,0.0,0.0,0.0,-0.14639897227417684
535,4,0.0,0.0,0.0,0.0,0.0
536,0,0.0,-9.659928820170604e-06,0.0,0.0,-17.626501375479208
536,1,0.0,0.0,-0.03697352134957466,-7.144332933317841e-06,0.0
536,2,0.0,0.0,0.0,0.0,-1.7809210605678243
536,3,0.0,0.0,0.0,0.0,-0.14639897227417684
536,4,0.0,0.0,0.0,0.0,0.0
537,0,0.0,-9.659928820170604e-06,0.0,0.0,-17.629087614463295
537,1,0.0,0.0,-0.03697352134957466,-7.144332933317841e-06,0.0
537,2,0.0,0.0,0.0,0.0,-1.7809210605678243
537,3,0.0,0.0,0.0,0.0,-0.14639897227417684
537,4,0.0,0.0,0.0,0.0,0.0
538,0,0.0,-9.659928820170604e-06,0.0,0.0,-17.634013514106282
538,1,0.0,0.0,-0.03697352134957466,-7.144332933317841e-06,0.0
538,2,0.0,0.0,0.0,0.0,-1.7809210605678243
538,3,0.0,0.0,0.0,0.0,-0.14639897227417684
538,4,0.0,0.0,0.0,0.0,0.0
539,0,0.0,-9.659928820170604e-06,0.0,0.0,-17.642138650444988
539,1,0.0,0.0,-0.03697352134957466,-7.144332933317841e-06,0.0
539,2,0.0,0.0,0.0,0.0,-1.7809210605678243
539,3,0.0,0.0,0.0,0.0,-0.14639897227417684
539,4,0.0,0.0,0.0,0.0,0.0
540,0,0.0,-9.659928820170604e-06,0.0,0.0,-17.677478020497368
540,1,0.0,0.0,-0.03697352134957466,-7.144332933317841e-06,0.0
540,2,0.0,0.0,0.0,0.0,-1.7809210605678243
540,3,0.0,0.0,0.0,0.0,-0.14639897227417684
540,4,0.0,0.0,0.0,0.0,0.0
541,0,0.0,-9.659928820170604e-06,0.0,0.0,-17.682577601416895
541,1,0.0,0.0,-0.03697352134957466,-7.144332933317841e-06,0.0
541,2,0.0,0.0,0.0,0.0,-1.7809210605678243
541,3,0.0,0.0,0.0,0.0,-0.14639897227417684
541,4,0.0,0.0,0.0,0.0,0.0
542,0,0.0,-9.659928820170604e-06,0.0,0.0,-17.69196019383891
542,1,0.0,0.0,-0.03697352134957466,-7.144332933317841e-06,0.0
542,2,0.0,0.0,0.0,0.0,-1.7809210605678243
542,3,0.0,0.0,0.0,0.0,-0.14639897227417684
542,4,0.0,0.0,0.0,0.0,0.0
543,0,0.0,-9.659928820170604e-06,0.0,0.0,-17.695781755523033
543,1,0.0,0.0,-0.03697352134957466,-7.144332933317841e-06,0.0
543,2,0.0,0.0,0.0,0.0,-1.7809210605678243
543,3,0.0,0.0,0.0,0.0,-0.14639897227417684
543,4,0.0,0.0,0.0,0.0,0.0
544,0,0.0,-9.659928820170604e-06,0.0,0.0,-17.70934507015381
544,1,0.0,0.0,-0.03697352134957466,-7.144332933317841e-06,0.0
544,2,0.0,0.0,0.0,0.0,-1.7809210605678243
544,3,0.0,0.0,0.0,0.0,-0.14639897227417684
544,4,0.0,0.0,0.0,0.0,0.0
545,0,0.0,-9.659928820170604e-06,0.0,0.0,-17.716789795244953
545,1,0.0,0.0,-0.03697352134957466,-7.144332933317841e-06,0.0
545,2,0.0,0.0,0.0,0.0,-1.7809210605678243
545,3,0.0,0.0,0.0,0.0,-0.14639897227417684
545,4,0.0,0.0,0.0,0.0,0.0
546,0,0.0,-9.659928820170604e-06,0.0,0.0,-17.741045283398474
546,1,0.0,0.0,-0.03697352134957466,-7.144332933317841e-06,0.0
546,2,0.0,0.0,0.0,0.0,-1.7809210605678243
546,3,0.0,0.0,0.0,0.0,-0.14639897227417684
546,4,0.0,0.0,0.0,0.0,0.0
547,0,0.0,-9.659928820170604e-06,0.0,0.0,-17.78184434509144
547,1,0.0,0.0,-0.03697352134957466,-7.144332933317841e-06,0.0
547,2,0.0,0.0,0.0,0.0,-1.7809210605678243
547,3,0.0,0.0,0.0,0.0,-0.14639897227417684
547,4,0.0,0.0,0.0,0.0,0.0
548,0,0.0,-9.659928820170604e-06,0.0,0.0,-17.786718906197205
548,1,0.0,0.0,-0.03697352134957466,-7.144332933317841e-06,0.0
548,2,0.0,0.0,0.0,0.0,-1.7809210605678243
548,3,0.0,0.0,0.0,0.0,-0.14639897227417684
548,4,0.0,0.0,0.0,0.0,0.0
549,0,0.0,-9.659928820170604e-06,0.0,0.0,-17.816225753535214
549,1,0.0,0.0,-0.03697352134957466,-7.144332933317841e-06,0.0
549,2,0.0,0.0,0.0,0.0,-1.7809210605678243
549,3,0.0,0.0,0.0,0.0,-0.14639897227417684
549,4,0.0,0.0,0.0,0.0,0.0
550,0,0.0,-9.659928820170604e-06,0.0,0.0,-17.832493230291913
550,1,0.0,0.0,-0.03697352134957466,-7.144332933317841e-06,0.0
550,2,0.0,0.0,0.0,0.0,-1.7809210605678243
550,3,0.0,0.0,0.0,0.0,-0.14639897227417684
550,4,0.0,0.0,0.0,0.0,0.0
551,0,0.0,-9.659928820170604e-06,0.0,0.0,-17.849740242187767
551,1,0.0,0.0,-0.03697352134957466,-7.144332933317841e-06,0.0
551,2,0.0,0.0,0.0,0.0,-1.7809210605678243
551,3,0.0,0.0,0.0,0.0,-0.14639897227417684
551,4,0.0,0.0,0.0,0.0,0.0
552,0,0.0,-9.659928820170604e-06,0.0,0.0,-17.861448376542736
552,1,0.0,0.0,-0.03697352134957466,-7.144332933317841e-06,0.0
552,2,0.0,0.0,0.0,0.0,-1.7809210605678243
552,3,0.0,0.0,0.0,0.0,-0.14639897227417684
552,4,0.0,0.0,0.0,0.0,0.0
553,0,0.0,-9.659928820170604e-06,0.0,0.0,-17.857636411414763
553,1,0.0,0.0,-0.03697352134957466,-7.144332933317841e-06,0.0
553,2,0.0,0.0,0.0,0.0,-1.7809210605678243
553,3,0.0,0.0,0.0,0.0,-0.14639897227417684
553,4,0.0,0.0,0.0,0.0,0.0
554,0,0.0,-9.659928820170604e-06,0.0,0.0,-17.85713930690241
554,1,0.0,0.0,-0.03697352134957466,-7.144332933317841e-06,0.0
554,2,0.0,0.0,0.0,0.0,-1.7809210605678243
554,3,0.0,0.0,0.0,0.0,-0.14639897227417684
554,4,0.0,0.0,0.0,0.0,0.0
555,0,0.0,-9.659928820170604e-06,0.0,0.0,-17.856383858112146
555,1,0.0,0.0,-0.03697352134957466,-7.144332933317841e-06,0.0
555,2,0.0,0.0,0.0,0.0,-1.7809210605678243
555,3,0.0,0.0,0.0,0.0,-0.14639897227417684
555,4,0.0,0.0,0.0,0.0,0.0
556,0,0.0,-9.659928820170604e-06,0.0,0.0,-17.866401850375563
556,1,0.0,0.0,-0.03697352134957466,-7.144332933317841e-06,0.0
556,2,0.0,0.0,0.0,0.0,-1.7809210605678243
556,3,0.0,0.0,0.0,0.0,-0.14639897227417684
556,4,0.0,0.0,0.0,0.0,0.0
557,0,0.0,-9.659928820170604e-06,0.0,0.0,-17.87297756168354
557,1,0.0,0.0,-0.03697352134957466,-7.144332933317841e-06,0.0
557,2,0.0,0.0,0.0,0.0,-1.7809210605678243
557,3,0.0,0.0,0.0,0.0,-0.14639897227417684
557,4,0.0,0.0,0.0,0.0,0.0
558,0,0.0,-9.659928820170604e-06,0.0,0.0,-17.883950297994755
558,1,0.0,0.0,-0.03697352134957466,-7.144332933317841e-06,0.0
558,2,0.0,0.0,0.0,0.0,-1.7809210605678243
558,3,0.0,0.0,0.0,0.0,-0.14639897227417684
558,4,0.0,0.0,0.0,0.0,0.0
559,0,0.0,-9.659928820170604e-06,0.0,0.0,-17.887297948433112
559,1,0.0,0.0,-0.03697352134957466,-7.144332933317841e-06,0.0
559,2,0.0,0.0,0.0,0.0,-1.7809210605678243
559,3,0.0,0.0,0.0,0.0,-0.14639897227417684
559,4,0.0,0.0,0.0,0.0,0.0
560,0,0.0,-9.659928820170604e-06,0.0,0.0,-17.898762422946305
560,1,0.0,0.0,-0.03697352134957466,-7.144332933317841e-06,0.0
560,2,0.0,0.0,0.0,0.0,-1.7809210605678243
560,3,0.0,0.0,0.0,0.0,-0.14639897227417684
560,4,0.0,0.0,0.0,0.0,0.0
561,0,0.0,-9.659928820170604e-06,0.0,0.0,-17.92214172361897
561,1,0.0,0.0,-0.03697352134957466,-7.144332933317841e-06,0.0
561,2,0.0,0.0,0.0,0.0,-1.7809210605678243
561,3,0.0,0.0,0.0,0.0,-0.14639897227417684
561,4,0.0,0.0,0.0,0.0,0.0
562,0,0.0,-9.659928820170604e-06,0.0,0.0,-17.94880208608323
562,1,0.0,0.0,-0.03697352134957466,-7.144332933317841e-06,0.0
562,2,0.0,0.0,0.0,0.0,-1.7809210605678243
562,3,0.0,0.0,0.0,0.0,-0.14639897227417684
562,4,0.0,0.0,0.0,0.0,0.0
563,0,0.0,-9.659928820170604e-06,0.0,0.0,-17.97839630399494
563,1,0.0,0.0,-0.03697352134957466,-7.144332933317841e-06,0.0
563,2,0.0,0.0,0.0,0.0,-1.7809210605678243
563,3,0.0,0.0,0.0,0.0,-0.14639897227417684
563,4,0.0,0.0,0.0,0.0,0.0
564,0,0.0,-9.659928820170604e-06,0.0,0.0,-17.990226898656225
564,1,0.0,0.0,-0.03697352134957466,-7.144332933317841e-06,0.0
564,2,0.0,0.0,0.0,0.0,-1.7809210605678243
564,3,0.0,0.0,0.0,0.0,-0.14639897227417684
564,4,0.0,0.0,0.0,0.0,0.0
565,0,0.0,-9.659928820170604e-06,0.0,0.0,-18.002267643055074
565,1,0.0,0.0,-0.03697352134957466,-7.144332933317841e-06,0.0
565,2,0.0,0.0,0.0,0.0,-1.7809210605678243
565,3,0.0,0.0,0.0,0.0,-0.14639897227417684
565,4,0.0,0.0,0.0,0.0,0.0
566,0,0.0,-9.659928820170604e-06,0.0,0.0,-18.01033829267
566,1,0.0,0.0,-0.03697352134957466,-7.144332933317841e-06,0.0
566,2,0.0,0.0,0.0,0.0,-1.7809210605678243
566,3,0.0,0.0,0.0,0.0,-0.14639897227417684
566,4,0.0,0.0,0.0,0.0,0.0
567,0,0.0,-9.659928820170604e-06,0.0,0.0,-18.0176783649941
567,1,0.0,0.0,-0.03697352134957466,-7.144332933317841e-06,0.0
567,2,0.0,0.0,0.0,0.0,-1.7809210605678243
567,3,0.0,0.0,0.0,0.0,-0.14639897227417684
567,4,0.0,0.0,0.0,0.0,0.0
568,0,0.0,-9.659928820170604e-06,0.0,0.0,-18.03529898336393
568,1,0.0,0.0,-0.03697352134957466,-7.144332933317841e-06,0.0
568,2,0.0,0.0,0.0,0.0,-1.7809210605678243
568,3,0.0,0.0,0.0,0.0,-0.14639897227417684
568,4,0.0,0.0,0.0,0.0,0.0
569,0,0.0,-9.659928820170604e-06,0.0,0.0,-18.062813871080948
569,1,0.0,0.0,-0.03697352134957466,-7.144332933317841e-06,0.0
569,2,0.0,0.0,0.0,0.0,-1.7809210605678243
569,3,0.0,0.0,0.0,0.0,-0.14639897227417684
569,4,0.0,0.0,0.0,0.0,0.0
570,0,0.0,-9.659928820170604e-06,0.0,0.0,-18.06754774191141
570,1,0.0,0.0,-0.03697352134957466,-7.144332933317841e-06,0.0
570,2,0.0,0.0,0.0,0.0,-1.7809210605678243
570,3,0.0,0.0,0.0,0.0,-0.14639897227417684
570,4,0.0,0.0,0.0,0.0,0.0
571,0,0.0,-9.659928820170604e-06,0.0,0.0,-18.089391356603596
571,1,0.0,0.0,-0.03697352134957466,-7.144332933317841e-06,0.0
571,2,0.0,0.0,0.0,0.0,-1.7809210605678243
571,3,0.0,0.0,0.0,0.0,-0.14639897227417684
571,4,0.0,0.0,0.0,0.0,0.0
572,0,0.0,-9.659928820170604e-06,0.0,0.0,-18.095183982290514
572,1,0.0,0.0,-0.03697352134957466,-7.144332933317841e-06,0.0
572,2,0.0,0.0,0.0,0.0,-1.7809210605678243
572,3,0.0,0.0,0.0,0.0,-0.14639897227417684
572,4,0.0,0.0,0.0,0.0,0.0
573,0,0.0,-9.659928820170604e-06,0.0,0.0,-18.101558264778177
573,1,0.0,0.0,-0.03697352134957466,-7.144332933317841e-06,0.0
573,2,0.0,0.0,0.0,0.0,-1.7809210605678243
573,3,0.0,0.0,0.0,0.0,-0.14639897227417684
573,4,0.0,0.0,0.0,0.0,0.0
574,0,0.0,-9.659928820170604e-06,0.0,0.0,-18.112918942314813
574,1,0.0,0.0,-0.03697352134957466,-7.144332933317841e-06,0.0
574,2,0.0,0.0,0.0,0.0,-1.7809210605678243
574,3,0.0,0.0,0.0,0.0,-0.14639897227417684
574,4,0.0,0.0,0.0,0.0,0.0
575,0,0.0,-9.659928820170604e-06,0.0,0.0,-18.146956207884408
575,1,0.0,0.0,-0.03697352134957466,-7.144332933317841e-06,0.0
575,2,0.0,0.0,0.0,0.0,-1.7809210605678243
575,3,0.0,0.0,0.0,0.0,-0.14639897227417684
575,4,0.0,0.0,0.0,0.0,0.0
576,0,0.0,-9.659928820170604e-06,0.0,0.0,-18.147116164685883
576,1,0.0,0.0,-0.03697352134957466,-7.144332933317841e-06,0.0
576,2,0.0,0.0,0.0,0.0,-1.7809210605678243
576,3,0.0,0.0,0.0,0.0,-0.14639897227417684
576,4,0.0,0.0,0.0,0.0,0.0
577,0,0.0,-9.659928820170604e-06,0.0,0.0,-18.15392579824375
577,1,0.0,0.0,-0.03697352134957466,-7.144332933317841e-06,0.0
577,2,0.0,0.0,0.0,0.0,-1.7809210605678243
577,3,0.0,0.0,0.0,0.0,-0.14639897227417684
577,4,0.0,0.0,0.0,0.0,0.0
578,0,0.0,-9.659928820170604e-06,0.0,0.0,-18.157113446970197
578,1,0.0,0.0,-0.03697352134957466,-7.144332933317841e-06,0.0
578,2,0.0,0.0,0.0,0.0,-1.7809210605678243
578,3,0.0,0.0,0.0,0.0,-0.14639897227417684
578,4,0.0,0.0,0.0,0.0,0.0
579,0,0.0,-9.659928820170604e-06,0.0,0.0,-18.194531057629998
579,1,0.0,0.0,-0.03697352134957466,-7.144332933317841e-06,0.0
579,2,0.0,0.0,0.0,0.0,-1.7809210605678243
579,3,0.0,0.0,0.0,0.0,-0.14639897227417684
579,4,0.0,0.0,0.0,0.0,0.0
580,0,0.0,-9.659928820170604e-06,0.0,0.0,-18.19129900057881
580,1,0.0,0.0,-0.03697352134957466,-7.144332933317841e-06,0.0
580,2,0.0,0.0,0.0,0.0,-1.7809210605678243
580,3,0.0,0.0,0.0,0.0,-0.14639897227417684
580,4,0.0,0.0,0.0,0.0,0.0
581,0,0.0,-9.659928820170604e-06,0.0,0.0,-18.207217075262122
581,1,0.0,0.0,-0.03697352134957466,-7.144332933317841e-06,0.0
581,2,0.0,0.0,0.0,0.0,-1.7809210605678243
581,3,0.0,0.0,0.0,0.0,-0.14639897227417684
581,4,0.0,0.0,0.0,0.0,0.0
582,0,0.0,-9.659928820170604e-06,0.0,0.0,-18.246004318484644
582,1,0.0,0.0,-0.03697352134957466,-7.144332933317841e-06,0.0
582,2,0.0,0.0,0.0,0.0,-1.7809210605678243
582,3,0.0,0.0,0.0,0.0,-0.14639897227417684
582,4,0.0,0.0,0.0,0.0,0.0
583,0,0.0,-9.659928820170604e-06,0.0,0.0,-18.254108025007174
583,1,0.0,0.0,-0.03697352134957466,-7.144332933317841e-06,0.0
583,2,0.0,0.0,0.0,0.0,-1.7809210605678243
583,3,0.0,0.0,0.0,0.0,-0.14639897227417684
583,4,0.0,0.0,0.0,0.0,0.0
584,0,0.0,-1.1925710577497301e-05,0.0,0.0,-18.254108025007174
584,1,0.0,0.0,-0.04018313703139818,-7.144332933317841e-06,0.0
584,2,0.0,0.0,0.0,0.0,-1.83380372931076
584,3,0.0,0.0,0.0,0.0,-0.14639897227417684
584,4,0.0,0.0,0.0,0.0,0.0
585,0,0.0,-1.1925710577497301e-05,0.0,0.0,-18.260588242830238
585,1,0.0,0.0,-0.04018313703139818,-7.144332933317841e-06,0.0
585,2,0.0,0.0,0.0,0.0,-1.83380372931076
585,3,0.0,0.0,0.0,0.0,-0.14639897227417684
585,4,0.0,0.0,0.0,0.0,0.0
586,0,0.0,-1.1925710577497301e-05,0.0,0.0,-18.281407843701455
586,1,0.0,0.0,-0.04018313703139818,-7.144332933317841e-06,0.0
586,2,0.0,0.0,0.0,0.0,-1.83380372931076
586,3,0.0,0.0,0.0,0.0,-0.14639897227417684
586,4,0.0,0.0,0.0,0.0,0.0
587,0,0.0,-1.1925710577497301e-05,0.0,0.0,-18.28450151032733
587,1,0.0,0.0,-0.04018313703139818,-7.144332933317841e-06,0.0
587,2,0.0,0.0,0.0,0.0,-1.83380372931076
587,3,0.0,0.0,0.0,0.0,-0.14639897227417684
587,4,0.0,0.0,0.0,0.0,0.0
588,0,0.0,-1.1925710577497301e-05,0.0,0.0,-18.303188352166124
588,1,0.0,0.0,-0.04018313703139818,-7.144332933317841e-06,0.0
588,2,0.0,0.0,0.0,0.0,-1.83380372931076
588,3,0.0,0.0,0.0,0.0,-0.14639897227417684
588,4,0.0,0.0,0.0,0.0,0.0
589,0,0.0,-1.1925710577497301e-05,0.0,0.0,-18.31118882353558
589,1,0.0,0.0,-0.04018313703139818,-7.144332933317841e-06,0.0
589,2,0.0,0.0,0.0,0.0,-1.83380372931076
589,3,0.0,0.0,0.0,0.0,-0.14639897227417684
589,4,0.0,0.0,0.0,0.0,0.0
590,0,0.0,-1.1925710577497301e-05,0.0,0.0,-18.322030820815986
590,1,0.0,0.0,-0.04018313703139818,-7.144332933317841e-06,0.0
590,2,0.0,0.0,0.0,0.0,-1.83380372931076
590,3,0.0,0.0,0.0,0.0,-0.14639897227417684
590,4,0.0,0.0,0.0,0.0,0.0
591,0,0.0,-1.1925710577497301e-05,0.0,0.0,-18.334902338121747
591,1,0.0,0.0,-0.04018313703139818,-7.144332933317841e-06,0.0
591,2,0.0,0.0,0.0,0.0,-1.83380372931076
591,3,0.0,0.0,0.0,0.0,-0.14639897227417684
591,4,0.0,0.0,0.0,0.0,0.0
592,0,0.0,-1.1925710577497301e-05,0.0,0.0,-18.337202357093318
592,1,0.0,0.0,-0.04018313703139818,-7.144332933317841e-06,0.0
592,2,0.0,0.0,0.0,0.0,-1.83380372931076
592,3,0.0,0.0,0.0,0.0,-0.14639897227417684
592,4,0.0,0.0,0.0,0.0,0.0
593,0,0.0,-1.1925710577497301e-05,0.0,0.0,-18.350214168137992
593,1,0.0,0.0,-0.04018313703139818,-7.144332933317841e-06,0.0
593,2,0.0,0.0,0.0,0.0,-1.83380372931076
593,3,0.0,0.0,0.0,0.0,-0.14639897227417684
593,4,0.0,0.0,0.0,0.0,0.0
594,0,0.0,-1.1925710577497301e-05,0.0,0.0,-18.37868801805747
594,1,0.0,0.0,-0.04018313703139818,-7.144332933317841e-06,0.0
594,2,0.0,0.0,0.0,0.0,-1.83380372931076
594,3,0.0,0.0,0.0,0.0,-0.14639897227417684
594,4,0.0,0.0,0.0,0.0,0.0
595,0,0.0,-1.1925710577497301e-05,0.0,0.0,-18.38393500432913
595,1,0.0,0.0,-0.04018313703139818,-7.144332933317841e-06,0.0
595,2,0.0,0.0,0.0,0.0,-1.83380372931076
595,3,0.0,0.0,0.0,0.0,-0.14639897227417684
595,4,0.0,0.0,0.0,0.0,0.0
596,0,0.0,-1.1925710577497301e-05,0.0,0.0,-18.38758699961932
596,1,0.0,0.0,-0.04018313703139818,-7.144332933317841e-06,0.0
596,2,0.0,0.0,0.0,0.0,-1.83380372931076
596,3,0.0,0.0,0.0,0.0,-0.14639897227417684
596,4,0.0,0.0,0.0,0.0,0.0
597,0,0.0,-1.1925710577497301e-05,0.0,0.0,-18.398107884510562
597,1,0.0,0.0,-0.04018313703139818,-7.144332933317841e-06,0.0
597,2,0.0,0.0,0.0,0.0,-1.83380372931076
597,3,0.0,0.0,0.0,0.0,-0.14639897227417684
597,4,0.0,0.0,0.0,0.0,0.0
598,0,0.0,-1.1925710577497301e-05,0.0,0.0,-18.405496591117213
598,1,0.0,0.0,-0.04018313703139818,-7.144332933317841e-06,0.0
598,2,0.0,0.0,0.0,0.0,-1.83380372931076
598,3,0.0,0.0,0.0,0.0,-0.14639897227417684
598,4,0.0,0.0,0.0,0.0,0.0
599,0,0.0,-1.1925710577497301e-05,0.0,0.0,-18.409900171696595
599,1,0.0,0.0,-0.04018313703139818,-7.144332933317841e-06,0.0
599,2,0.0,0.0,0.0,0.0,-1.83380372931076
599,3,0.0,0.0,0.0,0.0,-0.14639897227417684
599,4,0.0,0.0,0.0,0.0,0.0
600,0,0.0,-1.1925710577497301e-05,0.0,0.0,-18.445936598444295
600,1,0.0,0.0,-0.04018313703139818,-7.144332933317841e-06,0.0
600,2,0.0,0.0,0.0,0.0,-1.83380372931076
600,3,0.0,0.0,0.0,0.0,-0.14639897227417684
600,4,0.0,0.0,0.0,0.0,0.0
601,0,0.0,-1.1925710577497301e-05,0.0,0.0,-18.460051418283346
601,1,0.0,0.0,-0.04018313703139818,-7.144332933317841e-06,0.0
601,2,0.0,0.0,0.0,0.0,-1.83380372931076
601,3,0.0,0.0,0.0,0.0,-0.14639897227417684
601,4,0.0,0.0,0.0,0.0,0.0
602,0,0.0,-1.1925710577497301e-05,0.0,0.0,-18.46652147671485
602,1,0.0,0.0,-0.04018313703139818,-7.144332933317841e-06,0.0
602,2,0.0,0.0,0.0,0.0,-1.83380372931076
602,3,0.0,0.0,0.0,0.0,-0.14639897227417684
602,4,0.0,0.0,0.0,0.0,0.0
603,0,0.0,-1.1925710577497301e-05,0.0,0.0,-18.479059158723196
603,1,0.0,0.0,-0.04018313703139818,-7.144332933317841e-06,0.0
603,2,0.0,0.0,0.0,0.0,-1.83380372931076
603,3,0.0,0.0,0.0,0.0,-0.14639897227417684
603,4,0.0,0.0,0.0,0.0,0.0
604,0,0.0,-1.1925710577497301e-05,0.0,0.0,-18.477591003975228
604,1,0.0,0.0,-0.04018313703139818,-7.144332933317841e-06,0.0
604,2,0.0,0.0,0.0,0.0,-1.83380372931076
604,3,0.0,0.0,0.0,0.0,-0.14639897227417684
604,4,0.0,0.0,0.0,0.0,0.0
605,0,0.0,-1.1925710577497301e-05,0.0,0.0,-18.47669930485233
605,1,0.0,0.0,-0.04018313703139818,-7.144332933317841e-06,0.0
605,2,0.0,0.0,0.0,0.0,-1.83380372931076
605,3,0.0,0.0,0.0,0.0,-0.14639897227417684
605,4,0.0,0.0,0.0,0.0,0.0
606,0,0.0,-1.1925710577497301e-05,0.0,0.0,-18.502330342493224
606,1,0.0,0.0,-0.04018313703139818,-7.144332933317841e-06,0.0
606,2,0.0,0.0,0.0,0.0,-1.83380372931076
606,3,0.0,0.0,0.0,0.0,-0.14639897227417684
606,4,0.0,0.0,0.0,0.0,0.0
607,0,0.0,-1.1925710577497301e-05,0.0,0.0,-18.5239175010501
607,1,0.0,0.0,-0.04018313703139818,-7.144332933317841e-06,0.0
607,2,0.0,0.0,0.0,0.0,-1.83380372931076
607,3,0.0,0.0,0.0,0.0,-0.14639897227417684
607,4,0.0,0.0,0.0,0.0,0.0
608,0,0.0,-1.1925710577497301e-05,0.0,0.0,-18.538757651703726
608,1,0.0,0.0,-0.04018313703139818,-7.144332933317841e-06,0.0
608,2,0.0,0.0,0.0,0.0,-1.83380372931076
608,3,0.0,0.0,0.0,0.0,-0.14639897227417684
608,4,0.0,0.0,0.0,0.0,0.0
609,0,0.0,-1.1925710577497301e-05,0.0,0.0,-18.559223144823747
609,1,0.0,0.0,-0.04018313703139818,-7.144332933317841e-06,0.0
609,2,0.0,0.0,0.0,0.0,-1.83380372931076
609,3,0.0,0.0,0.0,0.0,-0.14639897227417684
609,4,0.0,0.0,0.0,0.0,0.0
610,0,0.0,-1.1925710577497301e-05,0.0,0.0,-18.573201563132056
610,1,0.0,0.0,-0.04018313703139818,-7.144332933317841e-06,0.0
610,2,0.0,0.0,0.0,0.0,-1.83380372931076
610,3,0.0,0.0,0.0,0.0,-0.14639897227417684
610,4,0.0,0.0,0.0,0.0,0.0
611,0,0.0,-1.1925710577497301e-05,0.0,0.0,-18.583310697808972
611,1,0.0,0.0,-0.04018313703139818,-7.144332933317841e-06,0.0
611,2,0.0,0.0,0.0,0.0,-1.83380372931076
611,3,0.0,0.0,0.0,0.0,-0.14639897227417684
611,4,0.0,0.0,0.0,0.0,0.0
612,0,0.0,-1.1925710577497301e-05,0.0,0.0,-18.58680428634693
612,1,0.0,0.0,-0.04018313703139818,-7.144332933317841e-06,0.0
612,2,0.0,0.0,0.0,0.0,-1.83380372931076
612,3,0.0,0.0,0.0,0.0,-0.14639897227417684
612,4,0.0,0.0,0.0,0.0,0.0
613,0,0.0,-1.1925710577497301e-05,0.0,0.0,-18.59809423092089
613,1,0.0,0.0,-0.04018313703139818,-7.144332933317841e-06,0.0
613,2,0.0,0.0,0.0,0.0,-1.83380372931076
613,3,0.0,0.0,0.0,0.0,-0.14639897227417684
613,4,0.0,0.0,0.0,0.0,0.0
614,0,0.0,-1.1925710577497301e-05,0.0,0.0,-18.613251072842484
614,1,0.0,0.0,-0.04018313703139818,-7.144332933317841e-06,0.0
614,2,0.0,0.0,0.0,0.0,-1.83380372931076
614,3,0.0,0.0,0.0,0.0,-0.14639897227417684
614,4,0.0,0.0,0.0,0.0,0.0
615,0,0.0,-1.1925710577497301e-05,0.0,0.0,-18.63202030271119
615,1,0.0,0.0,-0.04018313703139818,-7.144332933317841e-06,0.0
615,2,0.0,0.0,0.0,0.0,-1.83380372931076
615,3,0.0,0.0,0.0,0.0,-0.14639897227417684
615,4,0.0,0.0,0.0,0.0,0.0
616,0,0.0,-1.1925710577497301e-05,0.0,0.0,-18.638245485392716
616,1,0.0,0.0,-0.04018313703139818,-7.144332933317841e-06,0.0
616,2,0.0,0.0,0.0,0.0,-1.83380372931076
616,3,0.0,0.0,0.0,0.0,-0.14639897227417684
616,4,0.0,0.0,0.0,0.0,0.0
617,0,0.0,-1.1925710577497301e-05,0.0,0.0,-18.65039841121214
617,1,0.0,0.0,-0.04018313703139818,-7.144332933317841e-06,0.0
617,2,0.0,0.0,0.0,0.0,-1.83380372931076
617,3,0.0,0.0,0.0,0.0,-0.14639897227417684
617,4,0.0,0.0,0.0,0.0,0.0
618,0,0.0,-1.1925710577497301e-05,0.0,0.0,-18.655059102019965
618,1,0.0,0.0,-0.04018313703139818,-7.144332933317841e-06,0.0
618,2,0.0,0.0,0.0,0.0,-1.83380372931076
618,3,0.0,0.0,0.0,0.0,-0.14639897227417684
618,4,0.0,0.0,0.0,0.0,0.0
619,0,0.0,-1.1925710577497301e-05,0.0,0.0,-18.664541758251602
619,1,0.0,0.0,-0.04018313703139818,-7.144332933317841e-06,0.0
619,2,0.0,0.0,0.0,0.0,-1.83380372931076
619,3,0.0,0.0,0.0,0.0,-0.14639897227417684
619,4,0.0,0.0,0.0,0.0,0.0
620,0,0.0,-1.1925710577497301e-05,0.0,0.0,-18.671891101746528
620,1,0.0,0.0,-0.04018313703139818,-7.144332933317841e-06,0.0
620,2,0.0,0.0,0.0,0.0,-1.83380372931076
620,3,0.0,0.0,0.0,0.0,-0.14639897227417684
620,4,0.0,0.0,0.0,0.0,0.0
621,0,0.0,-1.1925710577497301e-05,0.0,0.0,-18.683753525314412
621,1,0.0,0.0,-0.04018313703139818,-7.144332933317841e-06,0.0
621,2,0.0,0.0,0.0,0.0,-1.83380372931076
621,3,0.0,0.0,0.0,0.0,-0.14639897227417684
621,4,0.0,0.0,0.0,0.0,0.0
622,0,0.0,-1.1925710577497301e-05,0.0,0.0,-18.689701980056075
622,1,0.0,0.0,-0.04018313703139818,-7.144332933317841e-06,0.0
622,2,0.0,0.0,0.0,0.0,-1.83380372931076
622,3,0.0,0.0,0.0,0.0,-0.14639897227417684
622,4,0.0,0.0,0.0,0.0,0.0
623,0,0.0,-1.1925710577497301e-05,0.0,0.0,-18.705818667614817
623,1,0.0,0.0,-0.04018313703139818,-7.144332933317841e-06,0.0
623,2,0.0,0.0,0.0,0.0,-1.83380372931076
623,3,0.0,0.0,0.0,0.0,-0.14639897227417684
623,4,0.0,0.0,0.0,0.0,0.0
624,0,0.0,-1.1925710577497301e-05,0.0,0.0,-18.7091491860218
624,1,0.0,0.0,-0.04018313703139818,-7.144332933317841e-06,0.0
624,2,0.0,0.0,0.0,0.0,-1.83380372931076
624,3,0.0,0.0,0.0,0.0,-0.14639897227417684
624,4,0.0,0.0,0.0,0.0,0.0
625,0,0.0,-1.1925710577497301e-05,0.0,0.0,-18.71813266346929
625,1,0.0,0.0,-0.04018313703139818,-7.144332933317841e-06,0.0
625,2,0.0,0.0,0.0,0.0,-1.83380372931076
625,3,0.0,0.0,0.0,0.0,-0.14639897227417684
625,4,0.0,0.0,0.0,0.0,0.0
626,0,0.0,-1.1925710577497301e-05,0.0,0.0,-18.738445448973348
626,1,0.0,0.0,-0.04018313703139818,-7.144332933317841e-06,0.0
626,2,0.0,0.0,0.0,0.0,-1.83380372931076
626,3,0.0,0.0,0.0,0.0,-0.14639897227417684
626,4,0.0,0.0,0.0,0.0,0.0
627,0,0.0,-1.1925710577497301e-05,0.0,0.0,-18.75388874682584
627,1,0.0,0.0,-0.04018313703139818,-7.144332933317841e-06,0.0
627,2,0.0,0.0,0.0,0.0,-1.83380372931076
627,3,0.0,0.0,0.0,0.0,-0.14639897227417684
627,4,0.0,0.0,0.0,0.0,0.0
628,0,0.0,-1.1925710577497301e-05,0.0,0.0,-18.772638995809384
628,1,0.0,0.0,-0.04018313703139818,-7.144332933317841e-06,0.0
628,2,0.0,0.0,0.0,0.0,-1.83380372931076
628,3,0.0,0.0,0.0,0.0,-0.14639897227417684
628,4,0.0,0.0,0.0,0.0,0.0
629,0,0.0,-1.1925710577497301e-05,0.0,0.0,-18.781193733993163
629,1,0.0,0.0,-0.04018313703139818,-7.144332933317841e-06,0.0
629,2,0.0,0.0,0.0,0.0,-1.83380372931076
629,3,0.0,0.0,0.0,0.0,-0.14639897227417684
629,4,0.0,0.0,0.0,0.0,0.0
630,0,0.0,-1.1925710577497301e-05,0.0,0.0,-18.796588084521886
630,1,0.0,0.0,-0.04018313703139818,-7.144332933317841e-06,0.0
630,2,0.0,0.0,0.0,0.0,-1.83380372931076
630,3,0.0,0.0,0.0,0.0,-0.14639897227417684
630,4,0.0,0.0,0.0,0.0,0.0
631,0,0.0,-1.1925710577497301e-05,0.0,0.0,-18.827432844970627
631,1,0.0,0.0,-0.04018313703139818,-7.144332933317841e-06,0.0
631,2,0.0,0.0,0.0,0.0,-1.83380372931076
631,3,0.0,0.0,0.0,0.0,-0.14639897227417684
631,4,0.0,0.0,0.0,0.0,0.0
632,0,0.0,-1.1925710577497301e-05,0.0,0.0,-18.846984995781085
632,1,0.0,0.0,-0.04018313703139818,-7.144332933317841e-06,0.0
632,2,0.0,0.0,0.0,0.0,-1.83380372931076
632,3,0.0,0.0,0.0,0.0,-0.14639897227417684
632,4,0.0,0.0,0.0,0.0,0.0
633,0,0.0,-1.1925710577497301e-05,0.0,0.0,-18.849427818104886
633,1,0.0,0.0,-0.04018313703139818,-7.144332933317841e-06,0.0
633,2,0.0,0.0,0.0,0.0,-1.83380372931076
633,3,0.0,0.0,0.0,0.0,-0.14639897227417684
633,4,0.0,0.0,0.0,0.0,0.0
634,0,0.0,-1.1925710577497301e-05,0.0,0.0,-18.861585426714925
634,1,0.0,0.0,-0.04018313703139818,-7.144332933317841e-06,0.0
634,2,0.0,0.0,0.0,0.0,-1.83380372931076
634,3,0.0,0.0,0.0,0.0,-0.14639897227417684
634,4,0.0,0.0,0.0,0.0,0.0
635,0,0.0,-1.1925710577497301e-05,0.0,0.0,-18.865234638297284
635,1,0.0,0.0,-0.04018313703139818,-7.144332933317841e-06,0.0
635,2,0.0,0.0,0.0,0.0,-1.83380372931076
635,3,0.0,0.0,0.0,0.0,-0.14639897227417684
635,4,0.0,0.0,0.0,0.0,0.0
636,0,0.0,-1.1925710577497301e-05,0.0,0.0,-18.88309137060097
636,1,0.0,0.0,-0.04018313703139818,-7.144332933317841e-06,0.0
636,2,0.0,0.0,0.0,0.0,-1.83380372931076
636,3,0.0,0.0,0.0,0.0,-0.14639897227417684
636,4,0.0,0.0,0.0,0.0,0.0
637,0,0.0,-1.1925710577497301e-05,0.0,0.0,-18.90682035800319
637,1,0.0,0.0,-0.04018313703139818,-7.144332933317841e-06,0.0
637,2,0.0,0.0,0.0,0.0,-1.83380372931076
637,3,0.0,0.0,0.0,0.0,-0.14639897227417684
637,4,0.0,0.0,0.0,0.0,0.0
638,0,0.0,-1.1925710577497301e-05,0.0,0.0,-18.920801438534255
638,1,0.0,0.0,-0.04018313703139818,-7.144332933317841e-06,0.0
638,2,0.0,0.0,0.0,0.0,-1.83380372931076
638,3,0.0,0.0,0.0,0.0,-0.14639897227417684
638,4,0.0,0.0,0.0,0.0,0.0
639,0,0.0,-1.1925710577497301e-05,0.0,0.0,-18.943467591649522
639,1,0.0,0.0,-0.04018313703139818,-7.144332933317841e-06,0.0
639,2,0.0,0.0,0.0,0.0,-1.83380372931076
639,3,0.0,0.0,0.0,0.0,-0.14639897227417684
639,4,0.0,0.0,0.0,0.0,0.0
640,0,0.0,-1.1925710577497301e-05,0.0,0.0,-18.959590147664933
640,1,0.0,0.0,-0.04018313703139818,-7.144332933317841e-06,0.0
640,2,0.0,0.0,0.0,0.0,-1.83380372931076
640,3,0.0,0.0,0.0,0.0,-0.14639897227417684
640,4,0.0,0.0,0.0,0.0,0.0
641,0,0.0,-1.1925710577497301e-05,0.0,0.0,-18.98168654016865
641,1,0.0,0.0,-0.04018313703139818,-7.144332933317841e-06,0.0
641,2,0.0,0.0,0.0,0.0,-1.83380372931076
641,3,0.0,0.0,0.0,0.0,-0.14639897227417684
641,4,0.0,0.0,0.0,0.0,0.0
642,0,0.0,-1.1925710577497301e-05,0.0,0.0,-18.98650878667622
642,1,0.0,0.0,-0.04018313703139818,-7.144332933317841e-06,0.0
642,2,0.0,0.0,0.0,0.0,-1.83380372931076
642,3,0.0,0.0,0.0,0.0,-0.14639897227417684
642,4,0.0,0.0,0.0,0.0,0.0
643,0,0.0,-1.1925710577497301e-05,0.0,0.0,-18.997760875973064
643,1,0.0,0.0,-0.04018313703139818,-7.144332933317841e-06,0.0
643,2,0.0,0.0,0.0,0.0,-1.83380372931076
643,3,0.0,0.0,0.0,0.0,-0.14639897227417684
643,4,0.0,0.0,0.0,0.0,0.0
644,0,0.0,-1.1925710577497301e-05,0.0,0.0,-18.99945950015
644,1,0.0,0.0,-0.04018313703139818,-7.144332933317841e-06,0.0
644,2,0.0,0.0,0.0,0.0,-1.83380372931076
644,3,0.0,0.0,0.0,0.0,-0.14639897227417684
644,4,0.0,0.0,0.0,0.0,0.0
645,0,0.0,-1.1925710577497301e-05,0.0,0.0,-19.030331990649156
645,1,0.0,0.0,-0.04018313703139818,-7.144332933317841e-06,0.0
645,2,0.0,0.0,0.0,0.0,-1.83380372931076
645,3,0.0,0.0,0.0,0.0,-0.14639897227417684
645,4,0.0,0.0,0.0,0.0,0.0
646,0,0.0,-1.1925710577497301e-05,0.0,0.0,-19.049693935102336
646,1,0.0,0.0,-0.04018313703139818,-7.144332933317841e-06,0.0
646,2,0.0,0.0,0.0,0.0,-1.83380372931076
646,3,0.0,0.0,0.0,0.0,-0.14639897227417684
646,4,0.0,0.0,0.0,0.0,0.0
647,0,0.0,-1.1925710577497301e-05,0.0,0.0,-19.088997865927688
647,1,0.0,0.0,-0.04018313703139818,-7.144332933317841e-06,0.0
647,2,0.0,0.0,0.0,0.0,-1.83380372931076
647,3,0.0,0.0,0.0,0.0,-0.14639897227417684
647,4,0.0,0.0,0.0,0.0,0.0
648,0,0.0,-1.1925710577497301e-05,0.0,0.0,-19.09687586545132
648,1,0.0,0.0,-0.04018313703139818,-7.144332933317841e-06,0.0
648,2,0.0,0.0,0.0,0.0,-1.83380372931076
648,3,0.0,0.0,0.0,0.0,-0.14639897227417684
648,4,0.0,0.0,0.0,0.0,0.0
649,0,0.0,-1.1925710577497301e-05,0.0,0.0,-19.1022185155268
649,1,0.0,0.0,-0.04018313703139818,-7.144332933317841e-06,0.0
649,2,0.0,0.0,0.0,0.0,-1.83380372931076
649,3,0.0,0.0,0.0,0.0,-0.14639897227417684
649,4,0.0,0.0,0.0,0.0,0.0
650,0,0.0,-1.1925710577497301e-05,0.0,0.0,-19.11175691387207
650,1,0.0,0.0,-0.04018313703139818,-7.144332933317841e-06,0.0
650,2,0.0,0.0,0.0,0.0,-1.83380372931076
650,3,0.0,0.0,0.0,0.0,-0.14639897227417684
650,4,0.0,0.0,0.0,0.0,0.0
651,0,0.0,-1.1925710577497301e-05,0.0,0.0,-19.12542164386244
651,1,0.0,0.0,-0.04018313703139818,-7.144332933317841e-06,0.0
651,2,0.0,0.0,0.0,0.0,-1.83380372931076
651,3,0.0,0.0,0.0,0.0,-0.14639897227417684
651,4,0.0,0.0,0.0,0.0,0.0
652,0,0.0,-1.1925710577497301e-05,0.0,0.0,-19.133265227977628
652,1,0.0,0.0,-0.04018313703139818,-7.144332933317841e-06,0.0
652,2,0.0,0.0,0.0,0.0,-1.83380372931076
652,3,0.0,0.0,0.0,0.0,-0.14639897227417684
652,4,0.0,0.0,0.0,0.0,0.0
653,0,0.0,-1.1925710577497301e-05,0.0,0.0,-19.147480524546484
653,1,0.0,0.0,-0.04018313703139818,-7.144332933317841e-06,0.0
653,2,0.0,0.0,0.0,0.0,-1.83380372931076
653,3,0.0,0.0,0.0,0.0,-0.14639897227417684
653,4,0.0,0.0,0.0,0.0,0.0
654,0,0.0,-1.1925710577497301e-05,0.0,0.0,-19.158931267162618
654,1,0.0,0.0,-0.04018313703139818,-7.144332933317841e-06,0.0
654,2,0.0,0.0,0.0,0.0,-1.83380372931076
654,3,0.0,0.0,0.0,0.0,-0.14639897227417684
654,4,0.0,0.0,0.0,0.0,0.0
655,0,0.0,-1.1925710577497301e-05,0.0,0.0,-19.166764672279413
655,1,0.0,0.0,-0.04018313703139818,-7.144332933317841e-06,0.0
655,2,0.0,0.0,0.0,0.0,-1.83380372931076
655,3,0.0,0.0,0.0,0.0,-0.14639897227417684
655,4,0.0,0.0,0.0,0.0,0.0
656,0,0.0,-1.1925710577497301e-05,0.0,0.0,-19.178871932871154
656,1,0.0,0.0,-0.04018313703139818,-7.144332933317841e-06,0.0
656,2,0.0,0.0,0.0,0.0,-1.83380372931076
656,3,0.0,0.0,0.0,0.0,-0.14639897227417684
656,4,0.0,0.0,0.0,0.0,0.0
657,0,0.0,-1.1925710577497301e-05,0.0,0.0,-19.19226080322322
657,1,0.0,0.0,-0.04018313703139818,-7.144332933317841e-06,0.0
657,2,0.0,0.0,0.0,0.0,-1.83380372931076
657,3,0.0,0.0,0.0,0.0,-0.14639897227417684
657,4,0.0,0.0,0.0,0.0,0.0
658,0,0.0,-1.1925710577497301e-05,0.0,0.0,-19.21110622240377
658,1,0.0,0.0,-0.04018313703139818,-7.144332933317841e-06,0.0
658,2,0.0,0.0,0.0,0.0,-1.83380372931076
658,3,0.0,0.0,0.0,0.0,-0.14639897227417684
658,4,0.0,0.0,0.0,0.0,0.0
659,0,0.0,-1.1925710577497301e-05,0.0,0.0,-19.21651126800225
659,1,0.0,0.0,-0.04018313703139818,-7.144332933317841e-06,0.0
659,2,0.0,0.0,0.0,0.0,-1.83380372931076
659,3,0.0,0.0,0.0,0.0,-0.14639897227417684
659,4,0.0,0.0,0.0,0.0,0.0
660,0,0.0,-1.1925710577497301e-05,0.0,0.0,-19.22295397619741
660,1,0.0,0.0,-0.04018313703139818,-7.144332933317841e-06,0.0
660,2,0.0,0.0,0.0,0.0,-1.83380372931076
660,3,0.0,0.0,0.0,0.0,-0.14639897227417684
660,4,0.0,0.0,0.0,0.0,0.0
661,0,0.0,-1.1925710577497301e-05,0.0,0.0,-19.23694799952031
661,1,0.0,0.0,-0.04018313703139818,-7.144332933317841e-06,0.0
661,2,0.0,0.0,0.0,0.0,-1.83380372931076
661,3,0.0,0.0,0.0,0.0,-0.14639897227417684
661,4,0.0,0.0,0.0,0.0,0.0
662,0,0.0,-1.1925710577497301e-05,0.0,0.0,-19.247125438724492
662,1,0.0,0.0,-0.04018313703139818,-7.144332933317841e-06,0.0
662,2,0.0,0.0,0.0,0.0,-1.83380372931076
662,3,0.0,0.0,0.0,0.0,-0.14639897227417684
662,4,0.0,0.0,0.0,0.0,0.0
663,0,0.0,-1.1925710577497301e-05,0.0,0.0,-19.262571856171895
663,1,0.0,0.0,-0.04018313703139818,-7.144332933317841e-06,0.0
663,2,0.0,0.0,0.0,0.0,-1.83380372931076
663,3,0.0,0.0,0.0,0.0,-0.14639897227417684
663,4,0.0,0.0,0.0,0.0,0.0
664,0,0.0,-1.1925710577497301e-05,0.0,0.0,-19.28712696925042
664,1,0.0,0.0,-0.04018313703139818,-7.144332933317841e-06,0.0
664,2,0.0,0.0,0.0,0.0,-1.83380372931076
664,3,0.0,0.0,0.0,0.0,-0.14639897227417684
664,4,0.0,0.0,0.0,0.0,0.0
665,0,0.0,-1.1925710577497301e-05,0.0,0.0,-19.32172913349155
665,1,0.0,0.0,-0.04018313703139818,-7.144332933317841e-06,0.0
665,2,0.0,0.0,0.0,0.0,-1.83380372931076
665,3,0.0,0.0,0.0,0.0,-0.14639897227417684
665,4,0.0,0.0,0.0,0.0,0.0
666,0,0.0,-1.1925710577497301e-05,0.0,0.0,-19.3443461723782
666,1,0.0,0.0,-0.04018313703139818,-7.144332933317841e-06,0.0
666,2,0.0,0.0,0.0,0.0,-1.83380372931076
666,3,0.0,0.0,0.0,0.0,-0.14639897227417684
666,4,0.0,0.0,0.0,0.0,0.0
667,0,0.0,-1.1925710577497301e-05,0.0,0.0,-19.374448827736952
667,1,0.0,0.0,-0.04018313703139818,-7.144332933317841e-06,0.0
667,2,0.0,0.0,0.0,0.0,-1.83380372931076
667,3,0.0,0.0,0.0,0.0,-0.14639897227417684
667,4,0.0,0.0,0.0,0.0,0.0
668,0,0.0,-1.1925710577497301e-05,0.0,0.0,-19.38853077684422
668,1,0.0,0.0,-0.04018313703139818,-7.144332933317841e-06,0.0
668,2,0.0,0.0,0.0,0.0,-1.83380372931076
668,3,0.0,0.0,0.0,0.0,-0.14639897227417684
668,4,0.0,0.0,0.0,0.0,0.0
669,0,0.0,-1.1925710577497301e-05,0.0,0.0,-19.4003787261951
669,1,0.0,0.0,-0.04018313703139818,-7.144332933317841e-06,0.0
669,2,0.0,0.0,0.0,0.0,-1.83380372931076
669,3,0.0,0.0,0.0,0.0,-0.14639897227417684
669,4,0.0,0.0,0.0,0.0,0.0
670,0,0.0,-1.1925710577497301e-05,0.0,0.0,-19.405102613643077
670,1,0.0,0.0,-0.04018313703139818,-7.144332933317841e-06,0.0
670,2,0.0,0.0,0.0,0.0,-1.83380372931076
670,3,0.0,0.0,0.0,0.0,-0.14639897227417684
670,4,0.0,0.0,0.0,0.0,0.0
671,0,0.0,-1.1925710577497301e-05,0.0,0.0,-19.416014679932015
671,1,0.0,0.0,-0.04018313703139818,-7.144332933317841e-06,0.0
671,2,0.0,0.0,0.0,0.0,-1.83380372931076
671,3,0.0,0.0,0.0,0.0,-0.14639897227417684
671,4,0.0,0.0,0.0,0.0,0.0
672,0,0.0,-1.1925710577497301e-05,0.0,0.0,-19.41674540905338
672,1,0.0,0.0,-0.04018313703139818,-7.144332933317841e-06,0.0
672,2,0.0,0.0,0.0,0.0,-1.83380372931076
672,3,0.0,0.0,0.0,0.0,-0.14639897227417684
672,4,0.0,0.0,0.0,0.0,0.0
673,0,0.0,-1.1925710577497301e-05,0.0,0.0,-19.42652640279555
673,1,0.0,0.0,-0.04018313703139818,-7.144332933317841e-06,0.0
673,2,0.0,0.0,0.0,0.0,-1.83380372931076
673,3,0.0,0.0,0.0,0.0,-0.14639897227417684
673,4,0.0,0.0,0.0,0.0,0.0
674,0,0.0,-1.1925710577497301e-05,0.0,0.0,-19.427798623985467
674,1,0.0,0.0,-0.04018313703139818,-7.144332933317841e-06,0.0
674,2,0.0,0.0,0.0,0.0,-1.83380372931076
674,3,0.0,0.0,0.0,0.0,-0.14639897227417684
674,4,0.0,0.0,0.0,0.0,0.0
675,0,0.0,-1.1925710577497301e-05,0.0,0.0,-19.45408259687506
675,1,0.0,0.0,-0.04018313703139818,-7.144332933317841e-06,0.0
675,2,0.0,0.0,0.0,0.0,-1.83380372931076
675,3,0.0,0.0,0.0,0.0,-0.14639897227417684
675,4,0.0,0.0,0.0,0.0,0.0
676,0,0.0,-1.1925710577497301e-05,0.0,0.0,-19.472638683113846
676,1,0.0,0.0,-0.04018313703139818,-7.144332933317841e-06,0.0
676,2,0.0,0.0,0.0,0.0,-1.83380372931076
676,3,0.0,0.0,0.0,0.0,-0.14639897227417684
676,4,0.0,0.0,0.0,0.0,0.0
677,0,0.0,-1.1925710577497301e-05,0.0,0.0,-19.465165760203774
677,1,0.0,0.0,-0.04018313703139818,-7.144332933317841e-06,0.0
677,2,0.0,0.0,0.0,0.0,-1.83380372931076
677,3,0.0,0.0,0.0,0.0,-0.14639897227417684
677,4,0.0,0.0,0.0,0.0,0.0
678,0,0.0,-1.1925710577497301e-05,0.0,0.0,-19.488719976509202
678,1,0.0,0.0,-0.04018313703139818,-7.144332933317841e-06,0.0
678,2,0.0,0.0,0.0,0.0,-1.83380372931076
678,3,0.0,0.0,0.0,0.0,-0.14639897227417684
678,4,0.0,0.0,0.0,0.0,0.0
679,0,0.0,-1.1925710577497301e-05,0.0,0.0,-19.50251554689279
679,1,0.0,0.0,-0.04018313703139818,-7.144332933317841e-06,0.0
679,2,0.0,0.0,0.0,0.0,-1.83380372931076
679,3,0.0,0.0,0.0,0.0,-0.14639897227417684
679,4,0.0,0.0,0.0,0.0,0.0
680,0,0.0,-1.1925710577497301e-05,0.0,0.0,-19.509220799976365
680,1,0.0,0.0,-0.04018313703139818,-7.144332933317841e-06,0.0
680,2,0.0,0.0,0.0,0.0,-1.83380372931076
680,3,0.0,0.0,0.0,0.0,-0.14639897227417684
680,4,0.0,0.0,0.0,0.0,0.0
681,0,0.0,-1.1925710577497301e-05,0.0,0.0,-19.515069258354544
681,1,0.0,0.0,-0.04018313703139818,-7.144332933317841e-06,0.0
681,2,0.0,0.0,0.0,0.0,-1.83380372931076
681,3,0.0,0.0,0.0,0.0,-0.14639897227417684
681,4,0.0,0.0,0.0,0.0,0.0
682,0,0.0,-1.1925710577497301e-05,0.0,0.0,-19.519346508846816
682,1,0.0,0.0,-0.04018313703139818,-7.144332933317841e-06,0.0
682,2,0.0,0.0,0.0,0.0,-1.83380372931076
682,3,0.0,0.0,0.0,0.0,-0.14639897227417684
682,4,0.0,0.0,0.0,0.0,0.0
683,0,0.0,-1.1925710577497301e-05,0.0,0.0,-19.526338186950806
683,1,0.0,0.0,-0.04018313703139818,-7.144332933317841e-06,0.0
683,2,0.0,0.0,0.0,0.0,-1.83380372931076
683,3,0.0,0.0,0.0,0.0,-0.14639897227417684
683,4,0.0,0.0,0.0,0.0,0.0
684,0,0.0,-1.1925710577497301e-05,0.0,0.0,-19.55847270873893
684,1,0.0,0.0,-0.04018313703139818,-7.144332933317841e-06,0.0
684,2,0.0,0.0,0.0,0.0,-1.83380372931076
684,3,0.0,0.0,0.0,0.0,-0.14639897227417684
684,4,0.0,0.0,0.0,0.0,0.0
685,0,0.0,-1.1925710577497301e-05,0.0,0.0,-19.55660648038076
685,1,0.0,0.0,-0.04018313703139818,-7.144332933317841e-06,0.0
685,2,0.0,0.0,0.0,0.0,-1.83380372931076
685,3,0.0,0.0,0.0,0.0,-0.14639897227417684
685,4,0.0,0.0,0.0,0.0,0.0
686,0,0.0,-1.1925710577497301e-05,0.0,0.0,-19.57890616686285
686,1,0.0,0.0,-0.04018313703139818,-7.144332933317841e-06,0.0
686,2,0.0,0.0,0.0,0.0,-1.83380372931076
686,3,0.0,0.0,0.0,0.0,-0.14639897227417684
686,4,0.0,0.0,0.0,0.0,0.0
687,0,0.0,-1.1925710577497301e-05,0.0,0.0,-19.59687048555079
687,1,0.0,0.0,-0.04018313703139818,-7.144332933317841e-06,0.0
687,2,0.0,0.0,0.0,0.0,-1.83380372931076
687,3,0.0,0.0,0.0,0.0,-0.14639897227417684
687,4,0.0,0.0,0.0,0.0,0.0
688,0,0.0,-1.1925710577497301e-05,0.0,0.0,-19.603992876525894
688,1,0.0,0.0,-0.04018313703139818,-7.144332933317841e-06,0.0
688,2,0.0,0.0,0.0,0.0,-1.83380372931076
688,3,0.0,0.0,0.0,0.0,-0.14639897227417684
688,4,0.0,0.0,0.0,0.0,0.0
689,0,0.0,-1.1925710577497301e-05,0.0,0.0,-19.61729751729197
689,1,0.0,0.0,-0.04018313703139818,-7.144332933317841e-06,0.0
689,2,0.0,0.0,0.0,0.0,-1.83380372931076
689,3,0.0,0.0,0.0,0.0,-0.14639897227417684
689,4,0.0,0.0,0.0,0.0,0.0
690,0,0.0,-1.1925710577497301e-05,0.0,0.0,-19.622328354313137
690,1,0.0,0.0,-0.04018313703139818,-7.144332933317841e-06,0.0
690,2,0.0,0.0,0.0,0.0,-1.83380372931076
690,3,0.0,0.0,0.0,0.0,-0.14639897227417684
690,4,0.0,0.0,0.0,0.0,0.0
691,0,0.0,-1.1925710577497301e-05,0.0,0.0,-19.636471713079604
691,1,0.0,0.0,-0.04018313703139818,-7.144332933317841e-06,0.0
691,2,0.0,0.0,0.0,0.0,-1.83380372931076
691,3,0.0,0.0,0.0,0.0,-0.14639897227417684
691,4,0.0,0.0,0.0,0.0,0.0
692,0,0.0,-1.1925710577497301e-05,0.0,0.0,-19.65784780404348
692,1,0.0,0.0,-0.04018313703139818,-7.144332933317841e-06,0.0
692,2,0.0,0.0,0.0,0.0,-1.83380372931076
692,3,0.0,0.0,0.0,0.0,-0.14639897227417684
692,4,0.0,0.0,0.0,0.0,0.0
693,0,0.0,-1.1925710577497301e-05,0.0,0.0,-19.670594992665716
693,1,0.0,0.0,-0.04018313703139818,-7.144332933317841e-06,0.0
693,2,0.0,0.0,0.0,0.0,-1.83380372931076
693,3,0.0,0.0,0.0,0.0,-0.14639897227417684
693,4,0.0,0.0,0.0,0.0,0.0
694,0,0.0,-1.1925710577497301e-05,0.0,0.0,-19.674676025709374
694,1,0.0,0.0,-0.04018313703139818,-7.144332933317841e-06,0.0
694,2,0.0,0.0,0.0,0.0,-1.83380372931076
694,3,0.0,0.0,0.0,0.0,-0.14639897227417684
694,4,0.0,0.0,0.0,0.0,0.0
695,0,0.0,-1.1925710577497301e-05,0.0,0.0,-19.681842885797117
695,1,0.0,0.0,-0.04018313703139818,-7.144332933317841e-06,0.0
695,2,0.0,0.0,0.0,0.0,-1.83380372931076
695,3,0.0,0.0,0.0,0.0,-0.14639897227417684
695,4,0.0,0.0,0.0,0.0,0.0
696,0,0.0,-1.1925710577497301e-05,0.0,0.0,-19.682250888056114
696,1,0.0,0.0,-0.04018313703139818,-7.144332933317841e-06,0.0
696,2,0.0,0.0,0.0,0.0,-1.83380372931076
696,3,0.0,0.0,0.0,0.0,-0.14639897227417684
696,4,0.0,0.0,0.0,0.0,0.0
697,0,0.0,-1.1925710577497301e-05,0.0,0.0,-19.693180617590055
697,1,0.0,0.0,-0.04018313703139818,-7.144332933317841e-06,0.0
697,2,0.0,0.0,0.0,0.0,-1.83380372931076
697,3,0.0,0.0,0.0,0.0,-0.14639897227417684
697,4,0.0,0.0,0.0,0.0,0.0
698,0,0.0,-1.1925710577497301e-05,0.0,0.0,-19.697501315679755
698,1,0.0,0.0,-0.04018313703139818,-7.144332933317841e-06,0.0
698,2,0.0,0.0,0.0,0.0,-1.83380372931076
698,3,0.0,0.0,0.0,0.0,-0.14639897227417684
698,4,0.0,0.0,0.0,0.0,0.0
699,0,0.0,-1.1925710577497301e-05,0.0,0.0,-19.709628806648972
699,1,0.0,0.0,-0.04018313703139818,-7.144332933317841e-06,0.0
699,2,0.0,0.0,0.0,0.0,-1.83380372931076
699,3,0.0,0.0,0.0,0.0,-0.14639897227417684
699,4,0.0,0.0,0.0,0.0,0.0
700,0,0.0,-1.1925710577497301e-05,0.0,0.0,-19.718851947566197
700,1,0.0,0.0,-0.04018313703139818,-7.144332933317841e-06,0.0
700,2,0.0,0.0,0.0,0.0,-1.83380372931076
700,3,0.0,0.0,0.0,0.0,-0.14639897227417684
700,4,0.0,0.0,0.0,0.0,0.0
701,0,0.0,-1.1925710577497301e-05,0.0,0.0,-19.744097533130468
701,1,0.0,0.0,-0.04018313703139818,-7.144332933317841e-06,0.0
701,2,0.0,0.0,0.0,0.0,-1.83380372931076
701,3,0.0,0.0,0.0,0.0,-0.14639897227417684
701,4,0.0,0.0,0.0,0.0,0.0
702,0,0.0,-1.1925710577497301e-05,0.0,0.0,-19.743026272636094
702,1,0.0,0.0,-0.04018313703139818,-7.144332933317841e-06,0.0
702,2,0.0,0.0,0.0,0.0,-1.83380372931076
702,3,0.0,0.0,0.0,0.0,-0.14639897227417684
702,4,0.0,0.0,0.0,0.0,0.0
703,0,0.0,-1.1925710577497301e-05,0.0,0.0,-19.75375593410803
703,1,0.0,0.0,-0.04018313703139818,-7.144332933317841e-06,0.0
703,2,0.0,0.0,0.0,0.0,-1.83380372931076
703,3,0.0,0.0,0.0,0.0,-0.14639897227417684
703,4,0.0,0.0,0.0,0.0,0.0
704,0,0.0,-1.1925710577497301e-05,0.0,0.0,-19.77776439486384
704,1,0.0,0.0,-0.04018313703139818,-7.144332933317841e-06,0.0
704,2,0.0,0.0,0.0,0.0,-1.83380372931076
704,3,0.0,0.0,0.0,0.0,-0.14639897227417684
704,4,0.0,0.0,0.0,0.0,0.0
705,0,0.0,-1.1925710577497301e-05,0.0,0.0,-19.779752389464225
705,1,0.0,0.0,-0.04018313703139818,-7.144332933317841e-06,0.0
705,2,0.0,0.0,0.0,0.0,-1.83380372931076
705,3,0.0,0.0,0.0,0.0,-0.14639897227417684
705,4,0.0,0.0,0.0,0.0,0.0
706,0,0.0,-1.1925710577497301e-05,0.0,0.0,-19.810921637954458
706,1,0.0,0.0,-0.04018313703139818,-7.144332933317841e-06,0.0
706,2,0.0,0.0,0.0,0.0,-1.83380372931076
706,3,0.0,0.0,0.0,0.0,-0.14639897227417684
706,4,0.0,0.0,0.0,0.0,0.0
707,0,0.0,-1.1925710577497301e-05,0.0,0.0,-19.835686561996475
707,1,0.0,0.0,-0.04018313703139818,-7.144332933317841e-06,0.0
707,2,0.0,0.0,0.0,0.0,-1.83380372931076
707,3,0.0,0.0,0.0,0.0,-0.14639897227417684
707,4,0.0,0.0,0.0,0.0,0.0
708,0,0.0,-1.1925710577497301e-05,0.0,0.0,-19.84112815057982
708,1,0.0,0.0,-0.04018313703139818,-7.144332933317841e-06,0.0
708,2,0.0,0.0,0.0,0.0,-1.83380372931076
708,3,0.0,0.0,0.0,0.0,-0.14639897227417684
708,4,0.0,0.0,0.0,0.0,0.0
709,0,0.0,-1.1925710577497301e-05,0.0,0.0,-19.8507458841713
709,1,0.0,0.0,-0.04018313703139818,-7.144332933317841e-06,0.0
709,2,0.0,0.0,0.0,0.0,-1.83380372931076
709,3,0.0,0.0,0.0,0.0,-0.14639897227417684
709,4,0.0,0.0,0.0,0.0,0.0
710,0,0.0,-1.1925710577497301e-05,0.0,0.0,-19.857381548623216
710,1,0.0,0.0,-0.04018313703139818,-7.144332933317841e-06,0.0
710,2,0.0,0.0,0.0,0.0,-1.83380372931076
710,3,0.0,0.0,0.0,0.0,-0.14639897227417684
710,4,0.0,0.0,0.0,0.0,0.0
711,0,0.0,-1.1925710577497301e-05,0.0,0.0,-19.878361218076638
711,1,0.0,0.0,-0.04018313703139818,-7.144332933317841e-06,0.0
711,2,0.0,0.0,0.0,0.0,-1.83380372931076
711,3,0.0,0.0,0.0,0.0,-0.14639897227417684
711,4,0.0,0.0,0.0,0.0,0.0
712,0,0.0,-1.1925710577497301e-05,0.0,0.0,-19.900966290034876
712,1,0.0,0.0,-0.04018313703139818,-7.144332933317841e-06,0.0
712,2,0.0,0.0,0.0,0.0,-1.83380372931076
712,3,0.0,0.0,0.0,0.0,-0.14639897227417684
712,4,0.0,0.0,0.0,0.0,0.0
713,0,0.0,-1.1925710577497301e-05,0.0,0.0,-19.897278290726632
713,1,0.0,0.0,-0.04018313703139818,-7.144332933317841e-06,0.0
713,2,0.0,0.0,0.0,0.0,-1.83380372931076
713,3,0.0,0.0,0.0,0.0,-0.14639897227417684
713,4,0.0,0.0,0.0,0.0,0.0
714,0,0.0,-1.1925710577497301e-05,0.0,0.0,-19.911760538921953
714,1,0.0,0.0,-0.04018313703139818,-7.144332933317841e-06,0.0
714,2,0.0,0.0,0.0,0.0,-1.83380372931076
714,3,0.0,0.0,0.0,0.0,-0.14639897227417684
714,4,0.0,0.0,0.0,0.0,0.0
715,0,0.0,-1.1925710577497301e-05,0.0,0.0,-19.945144523253543
715,1,0.0,0.0,-0.04018313703139818,-7.144332933317841e-06,0.0
715,2,0.0,0.0,0.0,0.0,-1.83380372931076
715,3,0.0,0.0,0.0,0.0,-0.14639897227417684
715,4,0.0,0.0,0.0,0.0,0.0
716,0,0.0,-1.1925710577497301e-05,0.0,0.0,-19.94804147402072
716,1,0.0,0.0,-0.04018313703139818,-7.144332933317841e-06,0.0
716,2,0.0,0.0,0.0,0.0,-1.83380372931076
716,3,0.0,0.0,0.0,0.0,-0.14639897227417684
716,4,0.0,0.0,0.0,0.0,0.0
717,0,0.0,-1.1925710577497301e-05,0.0,0.0,-19.96900134744046
717,1,0.0,0.0,-0.04018313703139818,-7.144332933317841e-06,0.0
717,2,0.0,0.0,0.0,0.0,-1.83380372931076
717,3,0.0,0.0,0.0,0.0,-0.14639897227417684
717,4,0.0,0.0,0.0,0.0,0.0
718,0,0.0,-1.1925710577497301e-05,0.0,0.0,-19.97388893301901
718,1,0.0,0.0,-0.04018313703139818,-7.144332933317841e-06,0.0
718,2,0.0,0.0,0.0,0.0,-1.83380372931076
718,3,0.0,0.0,0.0,0.0,-0.14639897227417684
718,4,0.0,0.0,0.0,0.0,0.0
719,0,0.0,-1.1925710577497301e-05,0.0,0.0,-19.984567103066965
719,1,0.0,0.0,-0.04018313703139818,-7.144332933317841e-06,0.0
719,2,0.0,0.0,0.0,0.0,-1.83380372931076
719,3,0.0,0.0,0.0,0.0,-0.14639897227417684
719,4,0.0,0.0,0.0,0.0,0.0
720,0,0.0,-1.1925710577497301e-05,0.0,0.0,-19.98616960538412
720,1,0.0,0.0,-0.04018313703139818,-7.144332933317841e-06,0.0
720,2,0.0,0.0,0.0,0.0,-1.83380372931076
720,3,0.0,0.0,0.0,0.0,-0.14639897227417684
720,4,0.0,0.0,0.0,0.0,0.0
721,0,0.0,-1.1925710577497301e-05,0.0,0.0,-19.98746379145136
721,1,0.0,0.0,-0.04018313703139818,-7.144332933317841e-06,0.0
721,2,0.0,0.0,0.0,0.0,-1.83380372931076
721,3,0.0,0.0,0.0,0.0,-0.14639897227417684
721,4,0.0,0.0,0.0,0.0,0.0
722,0,0.0,-1.1925710577497301e-05,0.0,0.0,-20.009147322358707
722,1,0.0,0.0,-0.04018313703139818,-7.144332933317841e-06,0.0
722,2,0.0,0.0,0.0,0.0,-1.83380372931076
722,3,0.0,0.0,0.0,0.0,-0.14639897227417684
722,4,0.0,0.0,0.0,0.0,0.0
723,0,0.0,-1.1925710577497301e-05,0.0,0.0,-20.016654992676767
723,1,0.0,0.0,-0.04018313703139818,-7.144332933317841e-06,0.0
723,2,0.0,0.0,0.0,0.0,-1.83380372931076
723,3,0.0,0.0,0.0,0.0,-0.14639897227417684
723,4,0.0,0.0,0.0,0.0,0.0
724,0,0.0,-1.1925710577497301e-05,0.0,0.0,-20.02039596038757
724,1,0.0,0.0,-0.04018313703139818,-7.144332933317841e-06,0.0
724,2,0.0,0.0,0.0,0.0,-1.83380372931076
724,3,0.0,0.0,0.0,0.0,-0.14639897227417684
724,4,0.0,0.0,0.0,0.0,0.0
725,0,0.0,-1.1925710577497301e-05,0.0,0.0,-20.02809689105558
725,1,0.0,0.0,-0.04018313703139818,-7.144332933317841e-06,0.0
725,2,0.0,0.0,0.0,0.0,-1.83380372931076
725,3,0.0,0.0,0.0,0.0,-0.14639897227417684
725,4,0.0,0.0,0.0,0.0,0.0
726,0,0.0,-1.1925710577497301e-05,0.0,0.0,-20.03375080080166
726,1,0.0,0.0,-0.04018313703139818,-7.144332933317841e-06,0.0
726,2,0.0,0.0,0.0,0.0,-1.83380372931076
726,3,0.0,0.0,0.0,0.0,-0.14639897227417684
726,4,0.0,0.0,0.0,0.0,0.0
727,0,0.0,-1.1925710577497301e-05,0.0,0.0,-20.038726151783912
727,1,0.0,0.0,-0.04018313703139818,-7.144332933317841e-06,0.0
727,2,0.0,0.0,0.0,0.0,-1.83380372931076
727,3,0.0,0.0,0.0,0.0,-0.14639897227417684
727,4,0.0,0.0,0.0,0.0,0.0
728,0,0.0,-1.1925710577497301e-05,0.0,0.0,-20.034476195626905
728,1,0.0,0.0,-0.04018313703139818,-7.144332933317841e-06,0.0
728,2,0.0,0.0,0.0,0.0,-1.83380372931076
728,3,0.0,0.0,0.0,0.0,-0.14639897227417684
728,4,0.0,0.0,0.0,0.0,0.0
729,0,0.0,-1.1925710577497301e-05,0.0,0.0,-20.054237940521748
729,1,0.0,0.0,-0.04018313703139818,-7.144332933317841e-06,0.0
729,2,0.0,0.0,0.0,0.0,-1.83380372931076
729,3,0.0,0.0,0.0,0.0,-0.14639897227417684
729,4,0.0,0.0,0.0,0.0,0.0
730,0,0.0,-1.1925710577497301e-05,0.0,0.0,-20.054244197221156
730,1,0.0,0.0,-0.04018313703139818,-7.144332933317841e-06,0.0
730,2,0.0,0.0,0.0,0.0,-1.83380372931076
730,3,0.0,0.0,0.0,0.0,-0.14639897227417684
730,4,0.0,0.0,0.0,0.0,0.0
731,0,0.0,-1.1925710577497301e-05,0.0,0.0,-20.08625553468696
731,1,0.0,0.0,-0.04018313703139818,-7.144332933317841e-06,0.0
731,2,0.0,0.0,0.0,0.0,-1.83380372931076
731,3,0.0,0.0,0.0,0.0,-0.14639897227417684
731,4,0.0,0.0,0.0,0.0,0.0
732,0,0.0,-1.1925710577497301e-05,0.0,0.0,-20.088627528934953
732,1,0.0,0.0,-0.04018313703139818,-7.144332933317841e-06,0.0
732,2,0.0,0.0,0.0,0.0,-1.83380372931076
732,3,0.0,0.0,0.0,0.0,-0.14639897227417684
732,4,0.0,0.0,0.0,0.0,0.0
733,0,0.0,-1.1925710577497301e-05,0.0,0.0,-20.092933504092525
733,1,0.0,0.0,-0.04018313703139818,-7.144332933317841e-06,0.0
733,2,0.0,0.0,0.0,0.0,-1.83380372931076
733,3,0.0,0.0,0.0,0.0,-0.14639897227417684
733,4,0.0,0.0,0.0,0.0,0.0
734,0,0.0,-1.4601100263698331e-05,0.0,0.0,-20.092933504092525
734,1,0.0,0.0,-0.04351188974534864,-7.144332933317841e-06,0.0
734,2,0.0,0.0,0.0,0.0,-1.8894721567655672
734,3,0.0,0.0,0.0,0.0,-0.14639897227417684
734,4,0.0,0.0,0.0,0.0,0.0
735,0,0.0,-1.4601100263698331e-05,0.0,0.0,-20.126797551663874
735,1,0.0,0.0,-0.04351188974534864,-7.144332933317841e-06,0.0
735,2,0.0,0.0,0.0,0.0,-1.8894721567655672
735,3,0.0,0.0,0.0,0.0,-0.14639897227417684
735,4,0.0,0.0,0.0,0.0,0.0
736,0,0.0,-1.4601100263698331e-05,0.0,0.0,-20.120857738004748
736,1,0.0,0.0,-0.04351188974534864,-7.144332933317841e-06,0.0
736,2,0.0,0.0,0.0,0.0,-1.8894721567655672
736,3,0.0,0.0,0.0,0.0,-0.14639897227417684
736,4,0.0,0.0,0.0,0.0,0.0
737,0,0.0,-1.4601100263698331e-05,0.0,0.0,-20.125754302813217
737,1,0.0,0.0,-0.04351188974534864,-7.144332933317841e-06,0.0
737,2,0.0,0.0,0.0,0.0,-1.8894721567655672
737,3,0.0,0.0,0.0,0.0,-0.14639897227417684
737,4,0.0,0.0,0.0,0.0,0.0
738,0,0.0,-1.4601100263698331e-05,0.0,0.0,-20.13082106354997
738,1,0.0,0.0,-0.04351188974534864,-7.144332933317841e-06,0.0
738,2,0.0,0.0,0.0,0.0,-1.8894721567655672
738,3,0.0,0.0,0.0,0.0,-0.14639897227417684
738,4,0.0,0.0,0.0,0.0,0.0
739,0,0.0,-1.4601100263698331e-05,0.0,0.0,-20.13346734779867
739,1,0.0,0.0,-0.04351188974534864,-7.144332933317841e-06,0.0
739,2,0.0,0.0,0.0,0.0,-1.8894721567655672
739,3,0.0,0.0,0.0,0.0,-0.14639897227417684
739,4,0.0,0.0,0.0,0.0,0.0
740,0,0.0,-1.4601100263698331e-05,0.0,0.0,-20.140896275637342
740,1,0.0,0.0,-0.04351188974534864,-7.144332933317841e-06,0.0
740,2,0.0,0.0,0.0,0.0,-1.8894721567655672
740,3,0.0,0.0,0.0,0.0,-0.14639897227417684
740,4,0.0,0.0,0.0,0.0,0.0
741,0,0.0,-1.4601100263698331e-05,0.0,0.0,-20.14208686894257
741,1,0.0,0.0,-0.04351188974534864,-7.144332933317841e-06,0.0
741,2,0.0,0.0,0.0,0.0,-1.8894721567655672
741,3,0.0,0.0,0.0,0.0,-0.14639897227417684
741,4,0.0,0.0,0.0,0.0,0.0
742,0,0.0,-1.4601100263698331e-05,0.0,0.0,-20.152698896531945
742,1,0.0,0.0,-0.04351188974534864,-7.144332933317841e-06,0.0
742,2,0.0,0.0,0.0,0.0,-1.8894721567655672
742,3,0.0,0.0,0.0,0.0,-0.14639897227417684
742,4,0.0,0.0,0.0,0.0,0.0
743,0,0.0,-1.4601100263698331e-05,0.0,0.0,-20.167068911656855
743,1,0.0,0.0,-0.04351188974534864,-7.144332933317841e-06,0.0
743,2,0.0,0.0,0.0,0.0,-1.8894721567655672
743,3,0.0,0.0,0.0,0.0,-0.14639897227417684
743,4,0.0,0.0,0.0,0.0,0.0
744,0,0.0,-1.4601100263698331e-05,0.0,0.0,-20.18150913862039
744,1,0.0,0.0,-0.04351188974534864,-7.144332933317841e-06,0.0
744,2,0.0,0.0,0.0,0.0,-1.8894721567655672
744,3,0.0,0.0,0.0,0.0,-0.14639897227417684
744,4,0.0,0.0,0.0,0.0,0.0
745,0,0.0,-1.4601100263698331e-05,0.0,0.0,-20.194262518585816
745,1,0.0,0.0,-0.04351188974534864,-7.144332933317841e-06,0.0
745,2,0.0,0.0,0.0,0.0,-1.8894721567655672
745,3,0.0,0.0,0.0,0.0,-0.14639897227417684
745,4,0.0,0.0,0.0,0.0,0.0
746,0,0.0,-1.4601100263698331e-05,0.0,0.0,-20.21198042486217
746,1,0.0,0.0,-0.04351188974534864,-7.144332933317841e-06,0.0
746,2,0.0,0.0,0.0,0.0,-1.8894721567655672
746,3,0.0,0.0,0.0,0.0,-0.14639897227417684
746,4,0.0,0.0,0.0,0.0,0.0
747,0,0.0,-1.4601100263698331e-05,0.0,0.0,-20.2209218348867
747,1,0.0,0.0,-0.04351188974534864,-7.144332933317841e-06,0.0
747,2,0.0,0.0,0.0,0.0,-1.8894721567655672
747,3,0.0,0.0,0.0,0.0,-0.14639897227417684
747,4,0.0,0.0,0.0,0.0,0.0
748,0,0.0,-1.4601100263698331e-05,0.0,0.0,-20.237574716344824
748,1,0.0,0.0,-0.04351188974534864,-7.144332933317841e-06,0.0
748,2,0.0,0.0,0.0,0.0,-1.8894721567655672
748,3,0.0,0.0,0.0,0.0,-0.14639897227417684
748,4,0.0,0.0,0.0,0.0,0.0
749,0,0.0,-1.4601100263698331e-05,0.0,0.0,-20.23892374778108
749,1,0.0,0.0,-0.04351188974534864,-7.144332933317841e-06,0.0
749,2,0.0,0.0,0.0,0.0,-1.8894721567655672
749,3,0.0,0.0,0.0,0.0,-0.14639897227417684
749,4,0.0,0.0,0.0,0.0,0.0
750,0,0.0,-1.4601100263698331e-05,0.0,0.0,-20.239363524445622
750,1,0.0,0.0,-0.04351188974534864,-7.144332933317841e-06,0.0
750,2,0.0,0.0,0.0,0.0,-1.8894721567655672
750,3,0.0,0.0,0.0,0.0,-0.14639897227417684
750,4,0.0,0.0,0.0,0.0,0.0
751,0,0.0,-1.4601100263698331e-05,0.0,0.0,-20.235214689211137
751,1,0.0,0.0,-0.04351188974534864,-7.144332933317841e-06,0.0
751,2,0.0,0.0,0.0,0.0,-1.8894721567655672
751,3,0.0,0.0,0.0,0.0,-0.14639897227417684
751,4,0.0,0.0,0.0,0.0,0.0
752,0,0.0,-1.4601100263698331e-05,0.0,0.0,-20.24962531911828
752,1,0.0,0.0,-0.04351188974534864,-7.144332933317841e-06,0.0
752,2,0.0,0.0,0.0,0.0,-1.8894721567655672
752,3,0.0,0.0,0.0,0.0,-0.14639897227417684
752,4,0.0,0.0,0.0,0.0,0.0
753,0,0.0,-1.4601100263698331e-05,0.0,0.0,-20.24885423391561
753,1,0.0,0.0,-0.04351188974534864,-7.144332933317841e-06,0.0
753,2,0.0,0.0,0.0,0.0,-1.8894721567655672
753,3,0.0,0.0,0.0,0.0,-0.14639897227417684
753,4,0.0,0.0,0.0,0.0,0.0
754,0,0.0,-1.4601100263698331e-05,0.0,0.0,-20.250816652222472
754,1,0.0,0.0,-0.04351188974534864,-7.144332933317841e-06,0.0
754,2,0.0,0.0,0.0,0.0,-1.8894721567655672
754,3,0.0,0.0,0.0,0.0,-0.14639897227417684
754,4,0.0,0.0,0.0,0.0,0.0
755,0,0.0,-1.4601100263698331e-05,0.0,0.0,-20.252446429063852
755,1,0.0,0.0,-0.04351188974534864,-7.144332933317841e-06,0.0
755,2,0.0,0.0,0.0,0.0,-1.8894721567655672
755,3,0.0,0.0,0.0,0.0,-0.14639897227417684
755,4,0.0,0.0,0.0,0.0,0.0
756,0,0.0,-1.4601100263698331e-05,0.0,0.0,-20.258234610500306
756,1,0.0,0.0,-0.04351188974534864,-7.144332933317841e-06,0.0
756,2,0.0,0.0,0.0,0.0,-1.8894721567655672
756,3,0.0,0.0,0.0,0.0,-0.14639897227417684
756,4,0.0,0.0,0.0,0.0,0.0
757,0,0.0,-1.4601100263698331e-05,0.0,0.0,-20.268711705497743
757,1,0.0,0.0,-0.04351188974534864,-7.144332933317841e-06,0.0
757,2,0.0,0.0,0.0,0.0,-1.8894721567655672
757,3,0.0,0.0,0.0,0.0,-0.14639897227417684
757,4,0.0,0.0,0.0,0.0,0.0
758,0,0.0,-1.4601100263698331e-05,0.0,0.0,-20.27864005396105
758,1,0.0,0.0,-0.04351188974534864,-7.144332933317841e-06,0.0
758,2,0.0,0.0,0.0,0.0,-1.8894721567655672
758,3,0.0,0.0,0.0,0.0,-0.14639897227417684
758,4,0.0,0.0,0.0,0.0,0.0
759,0,0.0,-1.4601100263698331e-05,0.0,0.0,-20.291051124332963
759,1,0.0,0.0,-0.04351188974534864,-7.144332933317841e-06,0.0
759,2,0.0,0.0,0.0,0.0,-1.8894721567655672
759,3,0.0,0.0,0.0,0.0,-0.14639897227417684
759,4,0.0,0.0,0.0,0.0,0.0
760,0,0.0,-1.4601100263698331e-05,0.0,0.0,-20.304376895778418
760,1,0.0,0.0,-0.04351188974534864,-7.144332933317841e-06,0.0
760,2,0.0,0.0,0.0,0.0,-1.8894721567655672
760,3,0.0,0.0,0.0,0.0,-0.14639897227417684
760,4,0.0,0.0,0.0,0.0,0.0
761,0,0.0,-1.4601100263698331e-05,0.0,0.0,-20.302282371227438
761,1,0.0,0.0,-0.04351188974534864,-7.144332933317841e-06,0.0
761,2,0.0,0.0,0.0,0.0,-1.8894721567655672
761,3,0.0,0.0,0.0,0.0,-0.14639897227417684
761,4,0.0,0.0,0.0,0.0,0.0
762,0,0.0,-1.4601100263698331e-05,0.0,0.0,-20.32511293873462
762,1,0.0,0.0,-0.04351188974534864,-7.144332933317841e-06,0.0
762,2,0.0,0.0,0.0,0.0,-1.8894721567655672
762,3,0.0,0.0,0.0,0.0,-0.14639897227417684
762,4,0.0,0.0,0.0,0.0,0.0
763,0,0.0,-1.4601100263698331e-05,0.0,0.0,-20.32396499157891
763,1,0.0,0.0,-0.04351188974534864,-7.144332933317841e-06,0.0
763,2,0.0,0.0,0.0,0.0,-1.8894721567655672
763,3,0.0,0.0,0.0,0.0,-0.14639897227417684
763,4,0.0,0.0,0.0,0.0,0.0
764,0,0.0,-1.4601100263698331e-05,0.0,0.0,-20.327291225906407
764,1,0.0,0.0,-0.04351188974534864,-7.144332933317841e-06,0.0
764,2,0.0,0.0,0.0,0.0,-1.8894721567655672
764,3,0.0,0.0,0.0,0.0,-0.14639897227417684
764,4,0.0,0.0,0.0,0.0,0.0
765,0,0.0,-1.4601100263698331e-05,0.0,0.0,-20.333061762960266
765,1,0.0,0.0,-0.04351188974534864,-7.144332933317841e-06,0.0
765,2,0.0,0.0,0.0,0.0,-1.8894721567655672
765,3,0.0,0.0,0.0,0.0,-0.14639897227417684
765,4,0.0,0.0,0.0,0.0,0.0
766,0,0.0,-1.4601100263698331e-05,0.0,0.0,-20.336268004870163
766,1,0.0,0.0,-0.04351188974534864,-7.144332933317841e-06,0.0
766,2,0.0,0.0,0.0,0.0,-1.8894721567655672
766,3,0.0,0.0,0.0,0.0,-0.14639897227417684
766,4,0.0,0.0,0.0,0.0,0.0
767,0,0.0,-1.4601100263698331e-05,0.0,0.0,-20.342398432648224
767,1,0.0,0.0,-0.04351188974534864,-7.144332933317841e-06,0.0
767,2,0.0,0.0,0.0,0.0,-1.8894721567655672
767,3,0.0,0.0,0.0,0.0,-0.14639897227417684
767,4,0.0,0.0,0.0,0.0,0.0
768,0,0.0,-1.4601100263698331e-05,0.0,0.0,-20.35405572752118
768,1,0.0,0.0,-0.04351188974534864,-7.144332933317841e-06,0.0
768,2,0.0,0.0,0.0,0.0,-1.8894721567655672
768,3,0.0,0.0,0.0,0.0,-0.14639897227417684
768,4,0.0,0.0,0.0,0.0,0.0
769,0,0.0,-1.4601100263698331e-05,0.0,0.0,-20.360066821105924
769,1,0.0,0.0,-0.04351188974534864,-7.144332933317841e-06,0.0
769,2,0.0,0.0,0.0,0.0,-1.8894721567655672
769,3,0.0,0.0,0.0,0.0,-0.14639897227417684
769,4,0.0,0.0,0.0,0.0,0.0
770,0,0.0,-1.4601100263698331e-05,0.0,0.0,-20.383960366985455
770,1,0.0,0.0,-0.04351188974534864,-7.144332933317841e-06,0.0
770,2,0.0,0.0,0.0,0.0,-1.8894721567655672
770,3,0.0,0.0,0.0,0.0,-0.14639897227417684
770,4,0.0,0.0,0.0,0.0,0.0
771,0,0.0,-1.4601100263698331e-05,0.0,0.0,-20.40748053325626
771,1,0.0,0.0,-0.04351188974534864,-7.144332933317841e-06,0.0
771,2,0.0,0.0,0.0,0.0,-1.8894721567655672
771,3,0.0,0.0,0.0,0.0,-0.14639897227417684
771,4,0.0,0.0,0.0,0.0,0.0
772,0,0.0,-1.4601100263698331e-05,0.0,0.0,-20.421358534770626
772,1,0.0,0.0,-0.04351188974534864,-7.144332933317841e-06,0.0
772,2,0.0,0.0,0.0,0.0,-1.8894721567655672
772,3,0.0,0.0,0.0,0.0,-0.14639897227417684
772,4,0.0,0.0,0.0,0.0,0.0
773,0,0.0,-1.4601100263698331e-05,0.0,0.0,-20.444835773822746
773,1,0.0,0.0,-0.04351188974534864,-7.144332933317841e-06,0.0
773,2,0.0,0.0,0.0,0.0,-1.8894721567655672
773,3,0.0,0.0,0.0,0.0,-0.14639897227417684
773,4,0.0,0.0,0.0,0.0,0.0
774,0,0.0,-1.4601100263698331e-05,0.0,0.0,-20.450054623250658
774,1,0.0,0.0,-0.04351188974534864,-7.144332933317841e-06,0.0
774,2,0.0,0.0,0.0,0.0,-1.8894721567655672
774,3,0.0,0.0,0.0,0.0,-0.14639897227417684
774,4,0.0,0.0,0.0,0.0,0.0
775,0,0.0,-1.4601100263698331e-05,0.0,0.0,-20.472309611075683
775,1,0.0,0.0,-0.04351188974534864,-7.144332933317841e-06,0.0
775,2,0.0,0.0,0.0,0.0,-1.8894721567655672
775,3,0.0,0.0,0.0,0.0,-0.14639897227417684
775,4,0.0,0.0,0.0,0.0,0.0
776,0,0.0,-1.4601100263698331e-05,0.0,0.0,-20.486443798327667
776,1,0.0,0.0,-0.04351188974534864,-7.144332933317841e-06,0.0
776,2,0.0,0.0,0.0,0.0,-1.8894721567655672
776,3,0.0,0.0,0.0,0.0,-0.14639897227417684
776,4,0.0,0.0,0.0,0.0,0.0
777,0,0.0,-1.4601100263698331e-05,0.0,0.0,-20.489066451432382
777,1,0.0,0.0,-0.04351188974534864,-7.144332933317841e-06,0.0
777,2,0.0,0.0,0.0,0.0,-1.8894721567655672
777,3,0.0,0.0,0.0,0.0,-0.14639897227417684
777,4,0.0,0.0,0.0,0.0,0.0
778,0,0.0,-1.4601100263698331e-05,0.0,0.0,-20.503521997439083
778,1,0.0,0.0,-0.04351188974534864,-7.144332933317841e-06,0.0
778,2,0.0,0.0,0.0,0.0,-1.8894721567655672
778,3,0.0,0.0,0.0,0.0,-0.14639897227417684
778,4,0.0,0.0,0.0,0.0,0.0
779,0,0.0,-1.4601100263698331e-05,0.0,0.0,-20.508009330021284
779,1,0.0,0.0,-0.04351188974534864,-7.144332933317841e-06,0.0
779,2,0.0,0.0,0.0,0.0,-1.8894721567655672
779,3,0.0,0.0,0.0,0.0,-0.14639897227417684
779,4,0.0,0.0,0.0,0.0,0.0
780,0,0.0,-1.4601100263698331e-05,0.0,0.0,-20.539142286074537
780,1,0.0,0.0,-0.04351188974534864,-7.144332933317841e-06,0.0
780,2,0.0,0.0,0.0,0.0,-1.8894721567655672
780,3,0.0,0.0,0.0,0.0,-0.14639897227417684
780,4,0.0,0.0,0.0,0.0,0.0
781,0,0.0,-1.4601100263698331e-05,0.0,0.0,-20.55035275580085
781,1,0.0,0.0,-0.04351188974534864,-7.144332933317841e-06,0.0
781,2,0.0,0.0,0.0,0.0,-1.8894721567655672
781,3,0.0,0.0,0.0,0.0,-0.14639897227417684
781,4,0.0,0.0,0.0,0.0,0.0
782,0,0.0,-1.4601100263698331e-05,0.0,0.0,-20.549308870975004
782,1,0.0,0.0,-0.04351188974534864,-7.144332933317841e-06,0.0
782,2,0.0,0.0,0.0,0.0,-1.8894721567655672
782,3,0.0,0.0,0.0,0.0,-0.14639897227417684
782,4,0.0,0.0,0.0,0.0,0.0
783,0,0.0,-1.4601100263698331e-05,0.0,0.0,-20.56903743195614
783,1,0.0,0.0,-0.04351188974534864,-7.144332933317841e-06,0.0
783,2,0.0,0.0,0.0,0.0,-1.8894721567655672
783,3,0.0,0.0,0.0,0.0,-0.14639897227417684
783,4,0.0,0.0,0.0,0.0,0.0
784,0,0.0,-1.4601100263698331e-05,0.0,0.0,-20.58850833293104
784,1,0.0,0.0,-0.04351188974534864,-7.144332933317841e-06,0.0
784,2,0.0,0.0,0.0,0.0,-1.8894721567655672
784,3,0.0,0.0,0.0,0.0,-0.14639897227417684
784,4,0.0,0.0,0.0,0.0,0.0
785,0,0.0,-1.4601100263698331e-05,0.0,0.0,-20.599725711448258
785,1,0.0,0.0,-0.04351188974534864,-7.144332933317841e-06,0.0
785,2,0.0,0.0,0.0,0.0,-1.8894721567655672
785,3,0.0,0.0,0.0,0.0,-0.14639897227417684
785,4,0.0,0.0,0.0,0.0,0.0
786,0,0.0,-1.4601100263698331e-05,0.0,0.0,-20.598653062877688
786,1,0.0,0.0,-0.04351188974534864,-7.144332933317841e-06,0.0
786,2,0.0,0.0,0.0,0.0,-1.8894721567655672
786,3,0.0,0.0,0.0,0.0,-0.14639897227417684
786,4,0.0,0.0,0.0,0.0,0.0
787,0,0.0,-1.4601100263698331e-05,0.0,0.0,-20.602265374442926
787,1,0.0,0.0,-0.04351188974534864,-7.144332933317841e-06,0.0
787,2,0.0,0.0,0.0,0.0,-1.8894721567655672
787,3,0.0,0.0,0.0,0.0,-0.14639897227417684
787,4,0.0,0.0,0.0,0.0,0.0
788,0,0.0,-1.4601100263698331e-05,0.0,0.0,-20.60517436462849
788,1,0.0,0.0,-0.04351188974534864,-7.144332933317841e-06,0.0
788,2,0.0,0.0,0.0,0.0,-1.8894721567655672
788,3,0.0,0.0,0.0,0.0,-0.14639897227417684
788,4,0.0,0.0,0.0,0.0,0.0
789,0,0.0,-1.4601100263698331e-05,0.0,0.0,-20.616174338057114
789,1,0.0,0.0,-0.04351188974534864,-7.144332933317841e-06,0.0
789,2,0.0,0.0,0.0,0.0,-1.8894721567655672
789,3,0.0,0.0,0.0,0.0,-0.14639897227417684
789,4,0.0,0.0,0.0,0.0,0.0
790,0,0.0,-1.4601100263698331e-05,0.0,0.0,-20.64076967490791
790,1,0.0,0.0,-0.04351188974534864,-7.144332933317841e-06,0.0
790,2,0.0,0.0,0.0,0.0,-1.8894721567655672
790,3,0.0,0.0,0.0,0.0,-0.14639897227417684
790,4,0.0,0.0,0.0,0.0,0.0
791,0,0.0,-1.4601100263698331e-05,0.0,0.0,-20.647831839861738
791,1,0.0,0.0,-0.04351188974534864,-7.144332933317841e-06,0.0
791,2,0.0,0.0,0.0,0.0,-1.8894721567655672
791,3,0.0,0.0,0.0,0.0,-0.14639897227417684
791,4,0.0,0.0,0.0,0.0,0.0
792,0,0.0,-1.4601100263698331e-05,0.0,0.0,-20.679138523232904
792,1,0.0,0.0,-0.04351188974534864,-7.144332933317841e-06,0.0
792,2,0.0,0.0,0.0,0.0,-1.8894721567655672
792,3,0.0,0.0,0.0,0.0,-0.14639897227417684
792,4,0.0,0.0,0.0,0.0,0.0
793,0,0.0,-1.4601100263698331e-05,0.0,0.0,-20.69635776193501
793,1,0.0,0.0,-0.04351188974534864,-7.144332933317841e-06,0.0
793,2,0.0,0.0,0.0,0.0,-1.8894721567655672
793,3,0.0,0.0,0.0,0.0,-0.14639897227417684
793,4,0.0,0.0,0.0,0.0,0.0
794,0,0.0,-1.4601100263698331e-05,0.0,0.0,-20.70442777456419
794,1,0.0,0.0,-0.04351188974534864,-7.144332933317841e-06,0.0
794,2,0.0,0.0,0.0,0.0,-1.8894721567655672
794,3,0.0,0.0,0.0,0.0,-0.14639897227417684
794,4,0.0,0.0,0.0,0.0,0.0
795,0,0.0,-1.4601100263698331e-05,0.0,0.0,-20.719388161556186
795,1,0.0,0.0,-0.04351188974534864,-7.144332933317841e-06,0.0
795,2,0.0,0.0,0.0,0.0,-1.8894721567655672
795,3,0.0,0.0,0.0,0.0,-0.14639897227417684
795,4,0.0,0.0,0.0,0.0,0.0
796,0,0.0,-1.4601100263698331e-05,0.0,0.0,-20.739960629218054
796,1,0.0,0.0,-0.04351188974534864,-7.144332933317841e-06,0.0
796,2,0.0,0.0,0.0,0.0,-1.8894721567655672
796,3,0.0,0.0,0.0,0.0,-0.14639897227417684
796,4,0.0,0.0,0.0,0.0,0.0
797,0,0.0,-1.4601100263698331e-05,0.0,0.0,-20.742700075592808
797,1,0.0,0.0,-0.04351188974534864,-7.144332933317841e-06,0.0
797,2,0.0,0.0,0.0,0.0,-1.8894721567655672
797,3,0.0,0.0,0.0,0.0,-0.14639897227417684
797,4,0.0,0.0,0.0,0.0,0.0
798,0,0.0,-1.4601100263698331e-05,0.0,0.0,-20.745828227986813
798,1,0.0,0.0,-0.04351188974534864,-7.144332933317841e-06,0.0
798,2,0.0,0.0,0.0,0.0,-1.8894721567655672
798,3,0.0,0.0,0.0,0.0,-0.14639897227417684
798,4,0.0,0.0,0.0,0.0,0.0
799,0,0.0,-1.4601100263698331e-05,0.0,0.0,-20.74977163248127
799,1,0.0,0.0,-0.04351188974534864,-7.144332933317841e-06,0.0
799,2,0.0,0.0,0.0,0.0,-1.8894721567655672
799,3,0.0,0.0,0.0,0.0,-0.14639897227417684
799,4,0.0,0.0,0.0,0.0,0.0
800,0,0.0,-1.4601100263698331e-05,0.0,0.0,-20.750223775434005
800,1,0.0,0.0,-0.04351188974534864,-7.144332933317841e-06,0.0
800,2,0.0,0.0,0.0,0.0,-1.8894721567655672
800,3,0.0,0.0,0.0,0.0,-0.14639897227417684
800,4,0.0,0.0,0.0,0.0,0.0
801,0,0.0,-1.4601100263698331e-05,0.0,0.0,-20.749581960578844
801,1,0.0,0.0,-0.04351188974534864,-7.144332933317841e-06,0.0
801,2,0.0,0.0,0.0,0.0,-1.8894721567655672
801,3,0.0,0.0,0.0,0.0,-0.14639897227417684
801,4,0.0,0.0,0.0,0.0,0.0
802,0,0.0,-1.4601100263698331e-05,0.0,0.0,-20.756977969416543
802,1,0.0,0.0,-0.04351188974534864,-7.144332933317841e-06,0.0
802,2,0.0,0.0,0.0,0.0,-1.8894721567655672
802,3,0.0,0.0,0.0,0.0,-0.14639897227417684
802,4,0.0,0.0,0.0,0.0,0.0
803,0,0.0,-1.4601100263698331e-05,0.0,0.0,-20.759437645925015
803,1,0.0,0.0,-0.04351188974534864,-7.144332933317841e-06,0.0
803,2,0.0,0.0,0.0,0.0,-1.8894721567655672
803,3,0.0,0.0,0.0,0.0,-0.14639897227417684
803,4,0.0,0.0,0.0,0.0,0.0
804,0,0.0,-1.4601100263698331e-05,0.0,0.0,-20.76352658103845
804,1,0.0,0.0,-0.04351188974534864,-7.144332933317841e-06,0.0
804,2,0.0,0.0,0.0,0.0,-1.8894721567655672
804,3,0.0,0.0,0.0,0.0,-0.14639897227417684
804,4,0.0,0.0,0.0,0.0,0.0
805,0,0.0,-1.4601100263698331e-05,0.0,0.0,-20.785721556483423
805,1,0.0,0.0,-0.04351188974534864,-7.144332933317841e-06,0.0
805,2,0.0,0.0,0.0,0.0,-1.8894721567655672
805,3,0.0,0.0,0.0,0.0,-0.14639897227417684
805,4,0.0,0.0,0.0,0.0,0.0
806,0,0.0,-1.4601100263698331e-05,0.0,0.0,-20.78761327839957
806,1,0.0,0.0,-0.04351188974534864,-7.144332933317841e-06,0.0
806,2,0.0,0.0,0.0,0.0,-1.8894721567655672
806,3,0.0,0.0,0.0,0.0,-0.14639897227417684
806,4,0.0,0.0,0.0,0.0,0.0
807,0,0.0,-1.4601100263698331e-05,0.0,0.0,-20.80443661041652
807,1,0.0,0.0,-0.04351188974534864,-7.144332933317841e-06,0.0
807,2,0.0,0.0,0.0,0.0,-1.8894721567655672
807,3,0.0,0.0,0.0,0.0,-0.14639897227417684
807,4,0.0,0.0,0.0,0.0,0.0
808,0,0.0,-1.4601100263698331e-05,0.0,0.0,-20.8027554139413
808,1,0.0,0.0,-0.04351188974534864,-7.144332933317841e-06,0.0
808,2,0.0,0.0,0.0,0.0,-1.8894721567655672
808,3,0.0,0.0,0.0,0.0,-0.14639897227417684
808,4,0.0,0.0,0.0,0.0,0.0
809,0,0.0,-1.4601100263698331e-05,0.0,0.0,-20.809789269176896
809,1,0.0,0.0,-0.04351188974534864,-7.144332933317841e-06,0.0
809,2,0.0,0.0,0.0,0.0,-1.8894721567655672
809,3,0.0,0.0,0.0,0.0,-0.14639897227417684
809,4,0.0,0.0,0.0,0.0,0.0
810,0,0.0,-1.4601100263698331e-05,0.0,0.0,-20.813929241660386
810,1,0.0,0.0,-0.04351188974534864,-7.144332933317841e-06,0.0
810,2,0.0,0.0,0.0,0.0,-1.8894721567655672
810,3,0.0,0.0,0.0,0.0,-0.14639897227417684
810,4,0.0,0.0,0.0,0.0,0.0
811,0,0.0,-1.4601100263698331e-05,0.0,0.0,-20.808120533247504
811,1,0.0,0.0,-0.04351188974534864,-7.144332933317841e-06,0.0
811,2,0.0,0.0,0.0,0.0,-1.8894721567655672
811,3,0.0,0.0,0.0,0.0,-0.14639897227417684
811,4,0.0,0.0,0.0,0.0,0.0
812,0,0.0,-1.4601100263698331e-05,0.0,0.0,-20.807420415990627
812,1,0.0,0.0,-0.04351188974534864,-7.144332933317841e-06,0.0
812,2,0.0,0.0,0.0,0.0,-1.8894721567655672
812,3,0.0,0.0,0.0,0.0,-0.14639897227417684
812,4,0.0,0.0,0.0,0.0,0.0
813,0,0.0,-1.4601100263698331e-05,0.0,0.0,-20.81235085948818
813,1,0.0,0.0,-0.04351188974534864,-7.144332933317841e-06,0.0
813,2,0.0,0.0,0.0,0.0,-1.8894721567655672
813,3,0.0,0.0,0.0,0.0,-0.14639897227417684
813,4,0.0,0.0,0.0,0.0,0.0
814,0,0.0,-1.4601100263698331e-05,0.0,0.0,-20.810384942625625
814,1,0.0,0.0,-0.04351188974534864,-7.144332933317841e-06,0.0
814,2,0.0,0.0,0.0,0.0,-1.8894721567655672
814,3,0.0,0.0,0.0,0.0,-0.14639897227417684
814,4,0.0,0.0,0.0,0.0,0.0
815,0,0.0,-1.4601100263698331e-05,0.0,0.0,-20.813691527717978
815,1,0.0,0.0,-0.04351188974534864,-7.144332933317841e-06,0.0
815,2,0.0,0.0,0.0,0.0,-1.8894721567655672
815,3,0.0,0.0,0.0,0.0,-0.14639897227417684
815,4,0.0,0.0,0.0,0.0,0.0
816,0,0.0,-1.4601100263698331e-05,0.0,0.0,-20.820920062086213
816,1,0.0,0.0,-0.04351188974534864,-7.144332933317841e-06,0.0
816,2,0.0,0.0,0.0,0.0,-1.8894721567655672
816,3,0.0,0.0,0.0,0.0,-0.14639897227417684
816,4,0.0,0.0,0.0,0.0,0.0
817,0,0.0,-1.4601100263698331e-05,0.0,0.0,-20.837614530444718
817,1,0.0,0.0,-0.04351188974534864,-7.144332933317841e-06,0.0
817,2,0.0,0.0,0.0,0.0,-1.8894721567655672
817,3,0.0,0.0,0.0,0.0,-0.14639897227417684
817,4,0.0,0.0,0.0,0.0,0.0
818,0,0.0,-1.4601100263698331e-05,0.0,0.0,-20.847515430809047
818,1,0.0,0.0,-0.04351188974534864,-7.144332933317841e-06,0.0
818,2,0.0,0.0,0.0,0.0,-1.8894721567655672
818,3,0.0,0.0,0.0,0.0,-0.14639897227417684
818,4,0.0,0.0,0.0,0.0,0.0
819,0,0.0,-1.4601100263698331e-05,0.0,0.0,-20.878702154291602
819,1,0.0,0.0,-0.04351188974534864,-7.144332933317841e-06,0.0
819,2,0.0,0.0,0.0,0.0,-1.8894721567655672
819,3,0.0,0.0,0.0,0.0,-0.14639897227417684
819,4,0.0,0.0,0.0,0.0,0.0
820,0,0.0,-1.4601100263698331e-05,0.0,0.0,-20.885913307848405
820,1,0.0,0.0,-0.04351188974534864,-7.144332933317841e-06,0.0
820,2,0.0,0.0,0.0,0.0,-1.8894721567655672
820,3,0.0,0.0,0.0,0.0,-0.14639897227417684
820,4,0.0,0.0,0.0,0.0,0.0
821,0,0.0,-1.4601100263698331e-05,0.0,0.0,-20.894888367846058
821,1,0.0,0.0,-0.04351188974534864,-7.144332933317841e-06,0.0
821,2,0.0,0.0,0.0,0.0,-1.8894721567655672
821,3,0.0,0.0,0.0,0.0,-0.14639897227417684
821,4,0.0,0.0,0.0,0.0,0.0
822,0,0.0,-1.4601100263698331e-05,0.0,0.0,-20.899750951453626
822,1,0.0,0.0,-0.04351188974534864,-7.144332933317841e-06,0.0
822,2,0.0,0.0,0.0,0.0,-1.8894721567655672
822,3,0.0,0.0,0.0,0.0,-0.14639897227417684
822,4,0.0,0.0,0.0,0.0,0.0
823,0,0.0,-1.4601100263698331e-05,0.0,0.0,-20.903471050288914
823,1,0.0,0.0,-0.04351188974534864,-7.144332933317841e-06,0.0
823,2,0.0,0.0,0.0,0.0,-1.8894721567655672
823,3,0.0,0.0,0.0,0.0,-0.14639897227417684
823,4,0.0,0.0,0.0,0.0,0.0
824,0,0.0,-1.4601100263698331e-05,0.0,0.0,-20.919040100408075
824,1,0.0,0.0,-0.04351188974534864,-7.144332933317841e-06,0.0
824,2,0.0,0.0,0.0,0.0,-1.8894721567655672
824,3,0.0,0.0,0.0,0.0,-0.14639897227417684
824,4,0.0,0.0,0.0,0.0,0.0
825,0,0.0,-1.4601100263698331e-05,0.0,0.0,-20.944109307362183
825,1,0.0,0.0,-0.04351188974534864,-7.144332933317841e-06,0.0
825,2,0.0,0.0,0.0,0.0,-1.8894721567655672
825,3,0.0,0.0,0.0,0.0,-0.14639897227417684
825,4,0.0,0.0,0.0,0.0,0.0
826,0,0.0,-1.4601100263698331e-05,0.0,0.0,-20.950207089824826
826,1,0.0,0.0,-0.04351188974534864,-7.144332933317841e-06,0.0
826,2,0.0,0.0,0.0,0.0,-1.8894721567655672
826,3,0.0,0.0,0.0,0.0,-0.14639897227417684
826,4,0.0,0.0,0.0,0.0,0.0
827,0,0.0,-1.4601100263698331e-05,0.0,0.0,-20.954588739050873
827,1,0.0,0.0,-0.04351188974534864,-7.144332933317841e-06,0.0
827,2,0.0,0.0,0.0,0.0,-1.8894721567655672
827,3,0.0,0.0,0.0,0.0,-0.14639897227417684
827,4,0.0,0.0,0.0,0.0,0.0
828,0,0.0,-1.4601100263698331e-05,0.0,0.0,-20.958838532563647
828,1,0.0,0.0,-0.04351188974534864,-7.144332933317841e-06,0.0
828,2,0.0,0.0,0.0,0.0,-1.8894721567655672
828,3,0.0,0.0,0.0,0.0,-0.14639897227417684
828,4,0.0,0.0,0.0,0.0,0.0
829,0,0.0,-1.4601100263698331e-05,0.0,0.0,-20.95907574797707
829,1,0.0,0.0,-0.04351188974534864,-7.144332933317841e-06,0.0
829,2,0.0,0.0,0.0,0.0,-1.8894721567655672
829,3,0.0,0.0,0.0,0.0,-0.14639897227417684
829,4,0.0,0.0,0.0,0.0,0.0
830,0,0.0,-1.4601100263698331e-05,0.0,0.0,-20.95793346263583
830,1,0.0,0.0,-0.04351188974534864,-7.144332933317841e-06,0.0
830,2,0.0,0.0,0.0,0.0,-1.8894721567655672
830,3,0.0,0.0,0.0,0.0,-0.14639897227417684
830,4,0.0,0.0,0.0,0.0,0.0
831,0,0.0,-1.4601100263698331e-05,0.0,0.0,-20.97674192808892
831,1,0.0,0.0,-0.04351188974534864,-7.144332933317841e-06,0.0
831,2,0.0,0.0,0.0,0.0,-1.8894721567655672
831,3,0.0,0.0,0.0,0.0,-0.14639897227417684
831,4,0.0,0.0,0.0,0.0,0.0
832,0,0.0,-1.4601100263698331e-05,0.0,0.0,-20.993839411554156
832,1,0.0,0.0,-0.04351188974534864,-7.144332933317841e-06,0.0
832,2,0.0,0.0,0.0,0.0,-1.8894721567655672
832,3,0.0,0.0,0.0,0.0,-0.14639897227417684
832,4,0.0,0.0,0.0,0.0,0.0
833,0,0.0,-1.4601100263698331e-05,0.0,0.0,-21.00063786309148
833,1,0.0,0.0,-0.04351188974534864,-7.144332933317841e-06,0.0
833,2,0.0,0.0,0.0,0.0,-1.8894721567655672
833,3,0.0,0.0,0.0,0.0,-0.14639897227417684
833,4,0.0,0.0,0.0,0.0,0.0
834,0,0.0,-1.4601100263698331e-05,0.0,0.0,-21.001498989381403
834,1,0.0,0.0,-0.04351188974534864,-7.144332933317841e-06,0.0
834,2,0.0,0.0,0.0,0.0,-1.8894721567655672
834,3,0.0,0.0,0.0,0.0,-0.14639897227417684
834,4,0.0,0.0,0.0,0.0,0.0
835,0,0.0,-1.4601100263698331e-05,0.0,0.0,-21.01431182947935
835,1,0.0,0.0,-0.04351188974534864,-7.144332933317841e-06,0.0
835,2,0.0,0.0,0.0,0.0,-1.8894721567655672
835,3,0.0,0.0,0.0,0.0,-0.14639897227417684
835,4,0.0,0.0,0.0,0.0,0.0
836,0,0.0,-1.4601100263698331e-05,0.0,0.0,-21.0175787037239
836,1,0.0,0.0,-0.04351188974534864,-7.144332933317841e-06,0.0
836,2,0.0,0.0,0.0,0.0,-1.8894721567655672
836,3,0.0,0.0,0.0,0.0,-0.14639897227417684
836,4,0.0,0.0,0.0,0.0,0.0
837,0,0.0,-1.4601100263698331e-05,0.0,0.0,-21.019010362568906
837,1,0.0,0.0,-0.04351188974534864,-7.144332933317841e-06,0.0
837,2,0.0,0.0,0.0,0.0,-1.8894721567655672
837,3,0.0,0.0,0.0,0.0,-0.14639897227417684
837,4,0.0,0.0,0.0,0.0,0.0
838,0,0.0,-1.4601100263698331e-05,0.0,0.0,-21.049479790369443
838,1,0.0,0.0,-0.04351188974534864,-7.144332933317841e-06,0.0
838,2,0.0,0.0,0.0,0.0,-1.8894721567655672
838,3,0.0,0.0,0.0,0.0,-0.14639897227417684
838,4,0.0,0.0,0.0,0.0,0.0
839,0,0.0,-1.4601100263698331e-05,0.0,0.0,-21.06719609593751
839,1,0.0,0.0,-0.04351188974534864,-7.144332933317841e-06,0.0
839,2,0.0,0.0,0.0,0.0,-1.8894721567655672
839,3,0.0,0.0,0.0,0.0,-0.14639897227417684
839,4,0.0,0.0,0.0,0.0,0.0
840,0,0.0,-1.4601100263698331e-05,0.0,0.0,-21.077645351231357
840,1,0.0,0.0,-0.04351188974534864,-7.144332933317841e-06,0.0
840,2,0.0,0.0,0.0,0.0,-1.8894721567655672
840,3,0.0,0.0,0.0,0.0,-0.14639897227417684
840,4,0.0,0.0,0.0,0.0,0.0
841,0,0.0,-1.4601100263698331e-05,0.0,0.0,-21.084525520827352
841,1,0.0,0.0,-0.04351188974534864,-7.144332933317841e-06,0.0
841,2,0.0,0.0,0.0,0.0,-1.8894721567655672
841,3,0.0,0.0,0.0,0.0,-0.14639897227417684
841,4,0.0,0.0,0.0,0.0,0.0
842,0,0.0,-1.4601100263698331e-05,0.0,0.0,-21.105718710527515
842,1,0.0,0.0,-0.04351188974534864,-7.144332933317841e-06,0.0
842,2,0.0,0.0,0.0,0.0,-1.8894721567655672
842,3,0.0,0.0,0.0,0.0,-0.14639897227417684
842,4,0.0,0.0,0.0,0.0,0.0
843,0,0.0,-1.4601100263698331e-05,0.0,0.0,-21.112979785329276
843,1,0.0,0.0,-0.04351188974534864,-7.144332933317841e-06,0.0
843,2,0.0,0.0,0.0,0.0,-1.8894721567655672
843,3,0.0,0.0,0.0,0.0,-0.14639897227417684
843,4,0.0,0.0,0.0,0.0,0.0
844,0,0.0,-1.4601100263698331e-05,0.0,0.0,-21.146932968343595
844,1,0.0,0.0,-0.04351188974534864,-7.144332933317841e-06,0.0
844,2,0.0,0.0,0.0,0.0,-1.8894721567655672
844,3,0.0,0.0,0.0,0.0,-0.14639897227417684
844,4,0.0,0.0,0.0,0.0,0.0
845,0,0.0,-1.4601100263698331e-05,0.0,0.0,-21.155553165038157
845,1,0.0,0.0,-0.04351188974534864,-7.144332933317841e-06,0.0
845,2,0.0,0.0,0.0,0.0,-1.8894721567655672
845,3,0.0,0.0,0.0,0.0,-0.14639897227417684
845,4,0.0,0.0,0.0,0.0,0.0
846,0,0.0,-1.4601100263698331e-05,0.0,0.0,-21.165053926557885
846,1,0.0,0.0,-0.04351188974534864,-7.144332933317841e-06,0.0
846,2,0.0,0.0,0.0,0.0,-1.8894721567655672
846,3,0.0,0.0,0.0,0.0,-0.14639897227417684
846,4,0.0,0.0,0.0,0.0,0.0
847,0,0.0,-1.4601100263698331e-05,0.0,0.0,-21.16655329870092
847,1,0.0,0.0,-0.04351188974534864,-7.144332933317841e-06,0.0
847,2,0.0,0.0,0.0,0.0,-1.8894721567655672
847,3,0.0,0.0,0.0,0.0,-0.14639897227417684
847,4,0.0,0.0,0.0,0.0,0.0
848,0,0.0,-1.4601100263698331e-05,0.0,0.0,-21.17747629264085
848,1,0.0,0.0,-0.04351188974534864,-7.144332933317841e-06,0.0
848,2,0.0,0.0,0.0,0.0,-1.8894721567655672
848,3,0.0,0.0,0.0,0.0,-0.14639897227417684
848,4,0.0,0.0,0.0,0.0,0.0
849,0,0.0,-1.4601100263698331e-05,0.0,0.0,-21.183206661661472
849,1,0.0,0.0,-0.04351188974534864,-7.144332933317841e-06,0.0
849,2,0.0,0.0,0.0,0.0,-1.8894721567655672
849,3,0.0,0.0,0.0,0.0,-0.14639897227417684
849,4,0.0,0.0,0.0,0.0,0.0
850,0,0.0,-1.4601100263698331e-05,0.0,0.0,-21.200930068041583
850,1,0.0,0.0,-0.04351188974534864,-7.144332933317841e-06,0.0
850,2,0.0,0.0,0.0,0.0,-1.8894721567655672
850,3,0.0,0.0,0.0,0.0,-0.14639897227417684
850,4,0.0,0.0,0.0,0.0,0.0
851,0,0.0,-1.4601100263698331e-05,0.0,0.0,-21.214007153516935
851,1,0.0,0.0,-0.04351188974534864,-7.144332933317841e-06,0.0
851,2,0.0,0.0,0.0,0.0,-1.8894721567655672
851,3,0.0,0.0,0.0,0.0,-0.14639897227417684
851,4,0.0,0.0,0.0,0.0,0.0
852,0,0.0,-1.4601100263698331e-05,0.0,0.0,-21.215154765432878
852,1,0.0,0.0,-0.04351188974534864,-7.144332933317841e-06,0.0
852,2,0.0,0.0,0.0,0.0,-1.8894721567655672
852,3,0.0,0.0,0.0,0.0,-0.14639897227417684
852,4,0.0,0.0,0.0,0.0,0.0
853,0,0.0,-1.4601100263698331e-05,0.0,0.0,-21.218178892328723
853,1,0.0,0.0,-0.04351188974534864,-7.144332933317841e-06,0.0
853,2,0.0,0.0,0.0,0.0,-1.8894721567655672
853,3,0.0,0.0,0.0,0.0,-0.14639897227417684
853,4,0.0,0.0,0.0,0.0,0.0
854,0,0.0,-1.4601100263698331e-05,0.0,0.0,-21.22352452819722
854,1,0.0,0.0,-0.04351188974534864,-7.144332933317841e-06,0.0
854,2,0.0,0.0,0.0,0.0,-1.8894721567655672
854,3,0.0,0.0,0.0,0.0,-0.14639897227417684
854,4,0.0,0.0,0.0,0.0,0.0
855,0,0.0,-1.4601100263698331e-05,0.0,0.0,-21.254837781571727
855,1,0.0,0.0,-0.04351188974534864,-7.144332933317841e-06,0.0
855,2,0.0,0.0,0.0,0.0,-1.8894721567655672
855,3,0.0,0.0,0.0,0.0,-0.14639897227417684
855,4,0.0,0.0,0.0,0.0,0.0
856,0,0.0,-1.4601100263698331e-05,0.0,0.0,-21.28004852091934
856,1,0.0,0.0,-0.04351188974534864,-7.144332933317841e-06,0.0
856,2,0.0,0.0,0.0,0.0,-1.8894721567655672
856,3,0.0,0.0,0.0,0.0,-0.14639897227417684
856,4,0.0,0.0,0.0,0.0,0.0
857,0,0.0,-1.4601100263698331e-05,0.0,0.0,-21.285142771970467
857,1,0.0,0.0,-0.04351188974534864,-7.144332933317841e-06,0.0
857,2,0.0,0.0,0.0,0.0,-1.8894721567655672
857,3,0.0,0.0,0.0,0.0,-0.14639897227417684
857,4,0.0,0.0,0.0,0.0,0.0
858,0,0.0,-1.4601100263698331e-05,0.0,0.0,-21.28385198953342
858,1,0.0,0.0,-0.04351188974534864,-7.144332933317841e-06,0.0
858,2,0.0,0.0,0.0,0.0,-1.8894721567655672
858,3,0.0,0.0,0.0,0.0,-0.14639897227417684
858,4,0.0,0.0,0.0,0.0,0.0
859,0,0.0,-1.4601100263698331e-05,0.0,0.0,-21.287694379029116
859,1,0.0,0.0,-0.04351188974534864,-7.144332933317841e-06,0.0
859,2,0.0,0.0,0.0,0.0,-1.8894721567655672
859,3,0.0,0.0,0.0,0.0,-0.14639897227417684
859,4,0.0,0.0,0.0,0.0,0.0
860,0,0.0,-1.4601100263698331e-05,0.0,0.0,-21.29097803998715
860,1,0.0,0.0,-0.04351188974534864,-7.144332933317841e-06,0.0
860,2,0.0,0.0,0.0,0.0,-1.8894721567655672
860,3,0.0,0.0,0.0,0.0,-0.14639897227417684
860,4,0.0,0.0,0.0,0.0,0.0
861,0,0.0,-1.4601100263698331e-05,0.0,0.0,-21.304613688246473
861,1,0.0,0.0,-0.04351188974534864,-7.144332933317841e-06,0.0
861,2,0.0,0.0,0.0,0.0,-1.8894721567655672
861,3,0.0,0.0,0.0,0.0,-0.14639897227417684
861,4,0.0,0.0,0.0,0.0,0.0
862,0,0.0,-1.4601100263698331e-05,0.0,0.0,-21.31538615418022
862,1,0.0,0.0,-0.04351188974534864,-7.144332933317841e-06,0.0
862,2,0.0,0.0,0.0,0.0,-1.8894721567655672
862,3,0.0,0.0,0.0,0.0,-0.14639897227417684
862,4,0.0,0.0,0.0,0.0,0.0
863,0,0.0,-1.4601100263698331e-05,0.0,0.0,-21.341570074104293
863,1,0.0,0.0,-0.04351188974534864,-7.144332933317841e-06,0.0
863,2,0.0,0.0,0.0,0.0,-1.8894721567655672
863,3,0.0,0.0,0.0,0.0,-0.14639897227417684
863,4,0.0,0.0,0.0,0.0,0.0
864,0,0.0,-1.4601100263698331e-05,0.0,0.0,-21.36382628161489
864,1,0.0,0.0,-0.04351188974534864,-7.144332933317841e-06,0.0
864,2,0.0,0.0,0.0,0.0,-1.8894721567655672
864,3,0.0,0.0,0.0,0.0,-0.14639897227417684
864,4,0.0,0.0,0.0,0.0,0.0
865,0,0.0,-1.4601100263698331e-05,0.0,0.0,-21.384478901336962
865,1,0.0,0.0,-0.04351188974534864,-7.144332933317841e-06,0.0
865,2,0.0,0.0,0.0,0.0,-1.8894721567655672
865,3,0.0,0.0,0.0,0.0,-0.14639897227417684
865,4,0.0,0.0,0.0,0.0,0.0
866,0,0.0,-1.4601100263698331e-05,0.0,0.0,-21.402980441615487
866,1,0.0,0.0,-0.04351188974534864,-7.144332933317841e-06,0.0
866,2,0.0,0.0,0.0,0.0,-1.8894721567655672
866,3,0.0,0.0,0.0,0.0,-0.14639897227417684
866,4,0.0,0.0,0.0,0.0,0.0
867,0,0.0,-1.4601100263698331e-05,0.0,0.0,-21.40742175689194
867,1,0.0,0.0,-0.04351188974534864,-7.144332933317841e-06,0.0
867,2,0.0,0.0,0.0,0.0,-1.8894721567655672
867,3,0.0,0.0,0.0,0.0,-0.14639897227417684
867,4,0.0,0.0,0.0,0.0,0.0
868,0,0.0,-1.4601100263698331e-05,0.0,0.0,-21.416205783801125
868,1,0.0,0.0,-0.04351188974534864,-7.144332933317841e-06,0.0
868,2,0.0,0.0,0.0,0.0,-1.8894721567655672
868,3,0.0,0.0,0.0,0.0,-0.14639897227417684
868,4,0.0,0.0,0.0,0.0,0.0
869,0,0.0,-1.4601100263698331e-05,0.0,0.0,-21.420462709783543
869,1,0.0,0.0,-0.04351188974534864,-7.144332933317841e-06,0.0
869,2,0.0,0.0,0.0,0.0,-1.8894721567655672
869,3,0.0,0.0,0.0,0.0,-0.14639897227417684
869,4,0.0,0.0,0.0,0.0,0.0
870,0,0.0,-1.4601100263698331e-05,0.0,0.0,-21.445799555187055
870,1,0.0,0.0,-0.04351188974534864,-7.144332933317841e-06,0.0
870,2,0.0,0.0,0.0,0.0,-1.8894721567655672
870,3,0.0,0.0,0.0,0.0,-0.14639897227417684
870,4,0.0,0.0,0.0,0.0,0.0
871,0,0.0,-1.4601100263698331e-05,0.0,0.0,-21.480429820403405
871,1,0.0,0.0,-0.04351188974534864,-7.144332933317841e-06,0.0
871,2,0.0,0.0,0.0,0.0,-1.8894721567655672
871,3,0.0,0.0,0.0,0.0,-0.14639897227417684
871,4,0.0,0.0,0.0,0.0,0.0
872,0,0.0,-1.4601100263698331e-05,0.0,0.0,-21.4836263102672
872,1,0.0,0.0,-0.04351188974534864,-7.144332933317841e-06,0.0
872,2,0.0,0.0,0.0,0.0,-1.8894721567655672
872,3,0.0,0.0,0.0,0.0,-0.14639897227417684
872,4,0.0,0.0,0.0,0.0,0.0
873,0,0.0,-1.4601100263698331e-05,0.0,0.0,-21.489408545099373
873,1,0.0,0.0,-0.04351188974534864,-7.144332933317841e-06,0.0
873,2,0.0,0.0,0.0,0.0,-1.8894721567655672
873,3,0.0,0.0,0.0,0.0,-0.14639897227417684
873,4,0.0,0.0,0.0,0.0,0.0
874,0,0.0,-1.4601100263698331e-05,0.0,0.0,-21.506465772950573
874,1,0.0,0.0,-0.04351188974534864,-7.144332933317841e-06,0.0
874,2,0.0,0.0,0.0,0.0,-1.8894721567655672
874,3,0.0,0.0,0.0,0.0,-0.14639897227417684
874,4,0.0,0.0,0.0,0.0,0.0
875,0,0.0,-1.4601100263698331e-05,0.0,0.0,-21.503766482149107
875,1,0.0,0.0,-0.04351188974534864,-7.144332933317841e-06,0.0
875,2,0.0,0.0,0.0,0.0,-1.8894721567655672
875,3,0.0,0.0,0.0,0.0,-0.14639897227417684
875,4,0.0,0.0,0.0,0.0,0.0
876,0,0.0,-1.4601100263698331e-05,0.0,0.0,-21.524794213289727
876,1,0.0,0.0,-0.04351188974534864,-7.144332933317841e-06,0.0
876,2,0.0,0.0,0.0,0.0,-1.8894721567655672
876,3,0.0,0.0,0.0,0.0,-0.14639897227417684
876,4,0.0,0.0,0.0,0.0,0.0
877,0,0.0,-1.4601100263698331e-05,0.0,0.0,-21.516745839904527
877,1,0.0,0.0,-0.04351188974534864,-7.144332933317841e-06,0.0
877,2,0.0,0.0,0.0,0.0,-1.8894721567655672
877,3,0.0,0.0,0.0,0.0,-0.14639897227417684
877,4,0.0,0.0,0.0,0.0,0.0
878,0,0.0,-1.4601100263698331e-05,0.0,0.0,-21.547546706929626
878,1,0.0,0.0,-0.04351188974534864,-7.144332933317841e-06,0.0
878,2,0.0,0.0,0.0,0.0,-1.8894721567655672
878,3,0.0,0.0,0.0,0.0,-0.14639897227417684
878,4,0.0,0.0,0.0,0.0,0.0
879,0,0.0,-1.4601100263698331e-05,0.0,0.0,-21.545537427492807
879,1,0.0,0.0,-0.04351188974534864,-7.144332933317841e-06,0.0
879,2,0.0,0.0,0.0,0.0,-1.8894721567655672
879,3,0.0,0.0,0.0,0.0,-0.14639897227417684
879,4,0.0,0.0,0.0,0.0,0.0
880,0,0.0,-1.4601100263698331e-05,0.0,0.0,-21.559651816015677
880,1,0.0,0.0,-0.04351188974534864,-7.144332933317841e-06,0.0
880,2,0.0,0.0,0.0,0.0,-1.8894721567655672
880,3,0.0,0.0,0.0,0.0,-0.14639897227417684
880,4,0.0,0.0,0.0,0.0,0.0
881,0,0.0,-1.4601100263698331e-05,0.0,0.0,-21.563092927344652
881,1,0.0,0.0,-0.04351188974534864,-7.144332933317841e-06,0.0
881,2,0.0,0.0,0.0,0.0,-1.8894721567655672
881,3,0.0,0.0,0.0,0.0,-0.14639897227417684
881,4,0.0,0.0,0.0,0.0,0.0
882,0,0.0,-1.4601100263698331e-05,0.0,0.0,-21.563555712687904
882,1,0.0,0.0,-0.04351188974534864,-7.144332933317841e-06,0.0
882,2,0.0,0.0,0.0,0.0,-1.8894721567655672
882,3,0.0,0.0,0.0,0.0,-0.14639897227417684
882,4,0.0,0.0,0.0,0.0,0.0
883,0,0.0,-1.4601100263698331e-05,0.0,0.0,-21.58461270764433
883,1,0.0,0.0,-0.04351188974534864,-7.144332933317841e-06,0.0
883,2,0.0,0.0,0.0,0.0,-1.8894721567655672
883,3,0.0,0.0,0.0,0.0,-0.14639897227417684
883,4,0.0,0.0,0.0,0.0,0.0
884,0,0.0,-1.4601100263698331e-05,0.0,0.0,-21.59605386016086
884,1,0.0,0.0,-0.04351188974534864,-7.144332933317841e-06,0.0
884,2,0.0,0.0,0.0,0.0,-1.8894721567655672
884,3,0.0,0.0,0.0,0.0,-0.14639897227417684
884,4,0.0,0.0,0.0,0.0,0.0
885,0,0.0,-1.4601100263698331e-05,0.0,0.0,-21.619190612547897
885,1,0.0,0.0,-0.04351188974534864,-7.144332933317841e-06,0.0
885,2,0.0,0.0,0.0,0.0,-1.8894721567655672
885,3,0.0,0.0,0.0,0.0,-0.14639897227417684
885,4,0.0,0.0,0.0,0.0,0.0
886,0,0.0,-1.4601100263698331e-05,0.0,0.0,-21.62282082328817
886,1,0.0,0.0,-0.04351188974534864,-7.144332933317841e-06,0.0
886,2,0.0,0.0,0.0,0.0,-1.8894721567655672
886,3,0.0,0.0,0.0,0.0,-0.14639897227417684
886,4,0.0,0.0,0.0,0.0,0.0
887,0,0.0,-1.4601100263698331e-05,0.0,0.0,-21.637695522590686
887,1,0.0,0.0,-0.04351188974534864,-7.144332933317841e-06,0.0
887,2,0.0,0.0,0.0,0.0,-1.8894721567655672
887,3,0.0,0.0,0.0,0.0,-0.14639897227417684
887,4,0.0,0.0,0.0,0.0,0.0
888,0,0.0,-1.4601100263698331e-05,0.0,0.0,-21.64226513100249
888,1,0.0,0.0,-0.04351188974534864,-7.144332933317841e-06,0.0
888,2,0.0,0.0,0.0,0.0,-1.8894721567655672
888,3,0.0,0.0,0.0,0.0,-0.14639897227417684
888,4,0.0,0.0,0.0,0.0,0.0
889,0,0.0,-1.4601100263698331e-05,0.0,0.0,-21.669310444549218
889,1,0.0,0.0,-0.04351188974534864,-7.144332933317841e-06,0.0
889,2,0.0,0.0,0.0,0.0,-1.8894721567655672
889,3,0.0,0.0,0.0,0.0,-0.14639897227417684
889,4,0.0,0.0,0.0,0.0,0.0
890,0,0.0,-1.4601100263698331e-05,0.0,0.0,-21.66939200737962
890,1,0.0,0.0,-0.04351188974534864,-7.144332933317841e-06,0.0
890,2,0.0,0.0,0.0,0.0,-1.8894721567655672
890,3,0.0,0.0,0.0,0.0,-0.14639897227417684
890,4,0.0,0.0,0.0,0.0,0.0
891,0,0.0,-1.4601100263698331e-05,0.0,0.0,-21.675657116291774
891,1,0.0,0.0,-0.04351188974534864,-7.144332933317841e-06,0.0
891,2,0.0,0.0,0.0,0.0,-1.8894721567655672
891,3,0.0,0.0,0.0,0.0,-0.14639897227417684
891,4,0.0,0.0,0.0,0.0,0.0
892,0,0.0,-1.4601100263698331e-05,0.0,0.0,-21.70120529095241
892,1,0.0,0.0,-0.04351188974534864,-7.144332933317841e-06,0.0
892,2,0.0,0.0,0.0,0.0,-1.8894721567655672
892,3,0.0,0.0,0.0,0.0,-0.14639897227417684
892,4,0.0,0.0,0.0,0.0,0.0
893,0,0.0,-1.4601100263698331e-05,0.0,0.0,-21.711845190060558
893,1,0.0,0.0,-0.04351188974534864,-7.144332933317841e-06,0.0
893,2,0.0,0.0,0.0,0.0,-1.8894721567655672
893,3,0.0,0.0,0.0,0.0,-0.14639897227417684
893,4,0.0,0.0,0.0,0.0,0.0
894,0,0.0,-1.4601100263698331e-05,0.0,0.0,-21.714604954743855
894,1,0.0,0.0,-0.04351188974534864,-7.144332933317841e-06,0.0
894,2,0.0,0.0,0.0,0.0,-1.8894721567655672
894,3,0.0,0.0,0.0,0.0,-0.14639897227417684
894,4,0.0,0.0,0.0,0.0,0.0
895,0,0.0,-1.4601100263698331e-05,0.0,0.0,-21.710223168026026
895,1,0.0,0.0,-0.04351188974534864,-7.144332933317841e-06,0.0
895,2,0.0,0.0,0.0,0.0,-1.8894721567655672
895,3,0.0,0.0,0.0,0.0,-0.14639897227417684
895,4,0.0,0.0,0.0,0.0,0.0
896,0,0.0,-1.4601100263698331e-05,0.0,0.0,-21.71876197628345
896,1,0.0,0.0,-0.04351188974534864,-7.144332933317841e-06,0.0
896,2,0.0,0.0,0.0,0.0,-1.8894721567655672
896,3,0.0,0.0,0.0,0.0,-0.14639897227417684
896,4,0.0,0.0,0.0,0.0,0.0
897,0,0.0,-1.4601100263698331e-05,0.0,0.0,-21.71934242082775
897,1,0.0,0.0,-0.04351188974534864,-7.144332933317841e-06,0.0
897,2,0.0,0.0,0.0,0.0,-1.8894721567655672
897,3,0.0,0.0,0.0,0.0,-0.14639897227417684
897,4,0.0,0.0,0.0,0.0,0.0
898,0,0.0,-1.4601100263698331e-05,0.0,0.0,-21.720339862859692
898,1,0.0,0.0,-0.04351188974534864,-7.144332933317841e-06,0.0
898,2,0.0,0.0,0.0,0.0,-1.8894721567655672
898,3,0.0,0.0,0.0,0.0,-0.14639897227417684
898,4,0.0,0.0,0.0,0.0,0.0
899,0,0.0,-1.4601100263698331e-05,0.0,0.0,-21.717721723489728
899,1,0.0,0.0,-0.04351188974534864,-7.144332933317841e-06,0.0
899,2,0.0,0.0,0.0,0.0,-1.8894721567655672
899,3,0.0,0.0,0.0,0.0,-0.14639897227417684
899,4,0.0,0.0,0.0,0.0,0.0
900,0,0.0,-1.4601100263698331e-05,0.0,0.0,-21.720834180736098
900,1,0.0,0.0,-0.04351188974534864,-7.144332933317841e-06,0.0
900,2,0.0,0.0,0.0,0.0,-1.8894721567655672
900,3,0.0,0.0,0.0,0.0,-0.14639897227417684
900,4,0.0,0.0,0.0,0.0,0.0
901,0,0.0,-1.4601100263698331e-05,0.0,0.0,-21.72492553411327
901,1,0.0,0.0,-0.04351188974534864,-7.144332933317841e-06,0.0
901,2,0.0,0.0,0.0,0.0,-1.8894721567655672
901,3,0.0,0.0,0.0,0.0,-0.14639897227417684
901,4,0.0,0.0,0.0,0.0,0.0
902,0,0.0,-1.4601100263698331e-05,0.0,0.0,-21.740868108539335
902,1,0.0,0.0,-0.04351188974534864,-7.144332933317841e-06,0.0
902,2,0.0,0.0,0.0,0.0,-1.8894721567655672
902,3,0.0,0.0,0.0,0.0,-0.14639897227417684
902,4,0.0,0.0,0.0,0.0,0.0
903,0,0.0,-1.4601100263698331e-05,0.0,0.0,-21.73671936554294
903,1,0.0,0.0,-0.04351188974534864,-7.144332933317841e-06,0.0
903,2,0.0,0.0,0.0,0.0,-1.8894721567655672
903,3,0.0,0.0,0.0,0.0,-0.14639897227417684
903,4,0.0,0.0,0.0,0.0,0.0
904,0,0.0,-1.4601100263698331e-05,0.0,0.0,-21.73845752928593
904,1,0.0,0.0,-0.04351188974534864,-7.144332933317841e-06,0.0
904,2,0.0,0.0,0.0,0.0,-1.8894721567655672
904,3,0.0,0.0,0.0,0.0,-0.14639897227417684
904,4,0.0,0.0,0.0,0.0,0.0
905,0,0.0,-1.4601100263698331e-05,0.0,0.0,-21.735090611484384
905,1,0.0,0.0,-0.04351188974534864,-7.144332933317841e-06,0.0
905,2,0.0,0.0,0.0,0.0,-1.8894721567655672
905,3,0.0,0.0,0.0,0.0,-0.14639897227417684
905,4,0.0,0.0,0.0,0.0,0.0
906,0,0.0,-1.4601100263698331e-05,0.0,0.0,-21.7624946742827
906,1,0.0,0.0,-0.04351188974534864,-7.144332933317841e-06,0.0
906,2,0.0,0.0,0.0,0.0,-1.8894721567655672
906,3,0.0,0.0,0.0,0.0,-0.14639897227417684
906,4,0.0,0.0,0.0,0.0,0.0
907,0,0.0,-1.4601100263698331e-05,0.0,0.0,-21.78612757551565
907,1,0.0,0.0,-0.04351188974534864,-7.144332933317841e-06,0.0
907,2,0.0,0.0,0.0,0.0,-1.8894721567655672
907,3,0.0,0.0,0.0,0.0,-0.14639897227417684
907,4,0.0,0.0,0.0,0.0,0.0
908,0,0.0,-1.4601100263698331e-05,0.0,0.0,-21.78661878050036
908,1,0.0,0.0,-0.04351188974534864,-7.144332933317841e-06,0.0
908,2,0.0,0.0,0.0,0.0,-1.8894721567655672
908,3,0.0,0.0,0.0,0.0,-0.14639897227417684
908,4,0.0,0.0,0.0,0.0,0.0
909,0,0.0,-1.4601100263698331e-05,0.0,0.0,-21.783907156592942
909,1,0.0,0.0,-0.04351188974534864,-7.144332933317841e-06,0.0
909,2,0.0,0.0,0.0,0.0,-1.8894721567655672
909,3,0.0,0.0,0.0,0.0,-0.14639897227417684
909,4,0.0,0.0,0.0,0.0,0.0
910,0,0.0,-1.4601100263698331e-05,0.0,0.0,-21.803334793869613
910,1,0.0,0.0,-0.04351188974534864,-7.144332933317841e-06,0.0
910,2,0.0,0.0,0.0,0.0,-1.8894721567655672
910,3,0.0,0.0,0.0,0.0,-0.14639897227417684
910,4,0.0,0.0,0.0,0.0,0.0
911,0,0.0,-1.4601100263698331e-05,0.0,0.0,-21.8029115801786
911,1,0.0,0.0,-0.04351188974534864,-7.144332933317841e-06,0.0
911,2,0.0,0.0,0.0,0.0,-1.8894721567655672
911,3,0.0,0.0,0.0,0.0,-0.14639897227417684
911,4,0.0,0.0,0.0,0.0,0.0
912,0,0.0,-1.4601100263698331e-05,0.0,0.0,-21.8072773232877
912,1,0.0,0.0,-0.04351188974534864,-7.144332933317841e-06,0.0
912,2,0.0,0.0,0.0,0.0,-1.8894721567655672
912,3,0.0,0.0,0.0,0.0,-0.14639897227417684
912,4,0.0,0.0,0.0,0.0,0.0
913,0,0.0,-1.4601100263698331e-05,0.0,0.0,-21.813184064814433
913,1,0.0,0.0,-0.04351188974534864,-7.144332933317841e-06,0.0
913,2,0.0,0.0,0.0,0.0,-1.8894721567655672
913,3,0.0,0.0,0.0,0.0,-0.14639897227417684
913,4,0.0,0.0,0.0,0.0,0.0
914,0,0.0,-1.4601100263698331e-05,0.0,0.0,-21.82057833035938
914,1,0.0,0.0,-0.04351188974534864,-7.144332933317841e-06,0.0
914,2,0.0,0.0,0.0,0.0,-1.8894721567655672
914,3,0.0,0.0,0.0,0.0,-0.14639897227417684
914,4,0.0,0.0,0.0,0.0,0.0
915,0,0.0,-1.4601100263698331e-05,0.0,0.0,-21.824937106512028
915,1,0.0,0.0,-0.04351188974534864,-7.144332933317841e-06,0.0
915,2,0.0,0.0,0.0,0.0,-1.8894721567655672
915,3,0.0,0.0,0.0,0.0,-0.14639897227417684
915,4,0.0,0.0,0.0,0.0,0.0
916,0,0.0,-1.4601100263698331e-05,0.0,0.0,-21.82911617243149
916,1,0.0,0.0,-0.04351188974534864,-7.144332933317841e-06,0.0
916,2,0.0,0.0,0.0,0.0,-1.8894721567655672
916,3,0.0,0.0,0.0,0.0,-0.14639897227417684
916,4,0.0,0.0,0.0,0.0,0.0
917,0,0.0,-1.4601100263698331e-05,0.0,0.0,-21.825201010791695
917,1,0.0,0.0,-0.04351188974534864,-7.144332933317841e-06,0.0
917,2,0.0,0.0,0.0,0.0,-1.8894721567655672
917,3,0.0,0.0,0.0,0.0,-0.14639897227417684
917,4,0.0,0.0,0.0,0.0,0.0
918,0,0.0,-1.4601100263698331e-05,0.0,0.0,-21.822172156608964
918,1,0.0,0.0,-0.04351188974534864,-7.144332933317841e-06,0.0
918,2,0.0,0.0,0.0,0.0,-1.8894721567655672
918,3,0.0,0.0,0.0,0.0,-0.14639897227417684
918,4,0.0,0.0,0.0,0.0,0.0
919,0,0.0,-1.4601100263698331e-05,0.0,0.0,-21.827373006813826
919,1,0.0,0.0,-0.04351188974534864,-7.144332933317841e-06,0.0
919,2,0.0,0.0,0.0,0.0,-1.8894721567655672
919,3,0.0,0.0,0.0,0.0,-0.14639897227417684
919,4,0.0,0.0,0.0,0.0,0.0
920,0,0.0,-1.4601100263698331e-05,0.0,0.0,-21.840539021076385
920,1,0.0,0.0,-0.04351188974534864,-7.144332933317841e-06,0.0
920,2,0.0,0.0,0.0,0.0,-1.8894721567655672
920,3,0.0,0.0,0.0,0.0,-0.14639897227417684
920,4,0.0,0.0,0.0,0.0,0.0
921,0,0.0,-1.4601100263698331e-05,0.0,0.0,-21.841180700389597
921,1,0.0,0.0,-0.04351188974534864,-7.144332933317841e-06,0.0
921,2,0.0,0.0,0.0,0.0,-1.8894721567655672
921,3,0.0,0.0,0.0,0.0,-0.14639897227417684
921,4,0.0,0.0,0.0,0.0,0.0
922,0,0.0,-1.4601100263698331e-05,0.0,0.0,-21.8492591409614
922,1,0.0,0.0,-0.04351188974534864,-7.144332933317841e-06,0.0
922,2,0.0,0.0,0.0,0.0,-1.8894721567655672
922,3,0.0,0.0,0.0,0.0,-0.14639897227417684
922,4,0.0,0.0,0.0,0.0,0.0
923,0,0.0,-1.4601100263698331e-05,0.0,0.0,-21.853570737364674
923,1,0.0,0.0,-0.04351188974534864,-7.144332933317841e-06,0.0
923,2,0.0,0.0,0.0,0.0,-1.8894721567655672
923,3,0.0,0.0,0.0,0.0,-0.14639897227417684
923,4,0.0,0.0,0.0,0.0,0.0
924,0,0.0,-1.4601100263698331e-05,0.0,0.0,-21.86566249622639
924,1,0.0,0.0,-0.04351188974534864,-7.144332933317841e-06,0.0
924,2,0.0,0.0,0.0,0.0,-1.8894721567655672
924,3,0.0,0.0,0.0,0.0,-0.14639897227417684
924,4,0.0,0.0,0.0,0.0,0.0
925,0,0.0,-1.4601100263698331e-05,0.0,0.0,-21.8661498685721
925,1,0.0,0.0,-0.04351188974534864,-7.144332933317841e-06,0.0
925,2,0.0,0.0,0.0,0.0,-1.8894721567655672
925,3,0.0,0.0,0.0,0.0,-0.14639897227417684
925,4,0.0,0.0,0.0,0.0,0.0
926,0,0.0,-1.4601100263698331e-05,0.0,0.0,-21.882269006439856
926,1,0.0,0.0,-0.04351188974534864,-7.144332933317841e-06,0.0
926,2,0.0,0.0,0.0,0.0,-1.8894721567655672
926,3,0.0,0.0,0.0,0.0,-0.14639897227417684
926,4,0.0,0.0,0.0,0.0,0.0
927,0,0.0,-1.4601100263698331e-05,0.0,0.0,-21.9058871032599
927,1,0.0,0.0,-0.04351188974534864,-7.144332933317841e-06,0.0
927,2,0.0,0.0,0.0,0.0,-1.8894721567655672
927,3,0.0,0.0,0.0,0.0,-0.14639897227417684
927,4,0.0,0.0,0.0,0.0,0.0
928,0,0.0,-1.4601100263698331e-05,0.0,0.0,-21.90496375782839
928,1,0.0,0.0,-0.04351188974534864,-7.144332933317841e-06,0.0
928,2,0.0,0.0,0.0,0.0,-1.8894721567655672
928,3,0.0,0.0,0.0,0.0,-0.14639897227417684
928,4,0.0,0.0,0.0,0.0,0.0
929,0,0.0,-1.4601100263698331e-05,0.0,0.0,-21.90796973348994
929,1,0.0,0.0,-0.04351188974534864,-7.144332933317841e-06,0.0
929,2,0.0,0.0,0.0,0.0,-1.8894721567655672
929,3,0.0,0.0,0.0,0.0,-0.14639897227417684
929,4,0.0,0.0,0.0,0.0,0.0
930,0,0.0,-1.4601100263698331e-05,0.0,0.0,-21.920884458469466
930,1,0.0,0.0,-0.04351188974534864,-7.144332933317841e-06,0.0
930,2,0.0,0.0,0.0,0.0,-1.8894721567655672
930,3,0.0,0.0,0.0,0.0,-0.14639897227417684
930,4,0.0,0.0,0.0,0.0,0.0
931,0,0.0,-1.4601100263698331e-05,0.0,0.0,-21.93074580673996
931,1,0.0,0.0,-0.04351188974534864,-7.144332933317841e-06,0.0
931,2,0.0,0.0,0.0,0.0,-1.8894721567655672
931,3,0.0,0.0,0.0,0.0,-0.14639897227417684
931,4,0.0,0.0,0.0,0.0,0.0
932,0,0.0,-1.4601100263698331e-05,0.0,0.0,-21.95161463422593
932,1,0.0,0.0,-0.04351188974534864,-7.144332933317841e-06,0.0
932,2,0.0,0.0,0.0,0.0,-1.8894721567655672
932,3,0.0,0.0,0.0,0.0,-0.14639897227417684
932,4,0.0,0.0,0.0,0.0,0.0
933,0,0.0,-1.4601100263698331e-05,0.0,0.0,-21.95522497175158
933,1,0.0,0.0,-0.04351188974534864,-7.144332933317841e-06,0.0
933,2,0.0,0.0,0.0,0.0,-1.8894721567655672
933,3,0.0,0.0,0.0,0.0,-0.14639897227417684
933,4,0.0,0.0,0.0,0.0,0.0
934,0,0.0,-1.4601100263698331e-05,0.0,0.0,-21.96225727626695
934,1,0.0,0.0,-0.04351188974534864,-7.144332933317841e-06,0.0
934,2,0.0,0.0,0.0,0.0,-1.8894721567655672
934,3,0.0,0.0,0.0,0.0,-0.14639897227417684
934,4,0.0,0.0,0.0,0.0,0.0
935,0,0.0,-1.4601100263698331e-05,0.0,0.0,-21.982808958366565
935,1,0.0,0.0,-0.04351188974534864,-7.144332933317841e-06,0.0
935,2,0.0,0.0,0.0,0.0,-1.8894721567655672
935,3,0.0,0.0,0.0,0.0,-0.14639897227417684
935,4,0.0,0.0,0.0,0.0,0.0
936,0,0.0,-1.4601100263698331e-05,0.0,0.0,-21.990372874911394
936,1,0.0,0.0,-0.04351188974534864,-7.144332933317841e-06,0.0
936,2,0.0,0.0,0.0,0.0,-1.8894721567655672
936,3,0.0,0.0,0.0,0.0,-0.14639897227417684
936,4,0.0,0.0,0.0,0.0,0.0
937,0,0.0,-1.4601100263698331e-05,0.0,0.0,-21.994203783256552
937,1,0.0,0.0,-0.04351188974534864,-7.144332933317841e-06,0.0
937,2,0.0,0.0,0.0,0.0,-1.8894721567655672
937,3,0.0,0.0,0.0,0.0,-0.14639897227417684
937,4,0.0,0.0,0.0,0.0,0.0
938,0,0.0,-1.4601100263698331e-05,0.0,0.0,-22.003747407262047
938,1,0.0,0.0,-0.04351188974534864,-7.144332933317841e-06,0.0
938,2,0.0,0.0,0.0,0.0,-1.8894721567655672
938,3,0.0,0.0,0.0,0.0,-0.14639897227417684
938,4,0.0,0.0,0.0,0.0,0.0
939,0,0.0,-1.4601100263698331e-05,0.0,0.0,-22.00672108960082
939,1,0.0,0.0,-0.04351188974534864,-7.144332933317841e-06,0.0
939,2,0.0,0.0,0.0,0.0,-1.8894721567655672
939,3,0.0,0.0,0.0,0.0,-0.14639897227417684
939,4,0.0,0.0,0.0,0.0,0.0
940,0,0.0,-1.4601100263698331e-05,0.0,0.0,-22.010307261924765
940,1,0.0,0.0,-0.04351188974534864,-7.144332933317841e-06,0.0
940,2,0.0,0.0,0.0,0.0,-1.8894721567655672
940,3,0.0,0.0,0.0,0.0,-0.14639897227417684
940,4,0.0,0.0,0.0,0.0,0.0
941,0,0.0,-1.4601100263698331e-05,0.0,0.0,-22.007421061267944
941,1,0.0,0.0,-0.04351188974534864,-7.144332933317841e-06,0.0
941,2,0.0,0.0,0.0,0.0,-1.8894721567655672
941,3,0.0,0.0,0.0,0.0,-0.14639897227417684
941,4,0.0,0.0,0.0,0.0,0.0
942,0,0.0,-1.4601100263698331e-05,0.0,0.0,-22.013477789653155
942,1,0.0,0.0,-0.04351188974534864,-7.144332933317841e-06,0.0
942,2,0.0,0.0,0.0,0.0,-1.8894721567655672
942,3,0.0,0.0,0.0,0.0,-0.14639897227417684
942,4,0.0,0.0,0.0,0.0,0.0
943,0,0.0,-1.4601100263698331e-05,0.0,0.0,-22.0180260069962
943,1,0.0,0.0,-0.04351188974534864,-7.144332933317841e-06,0.0
943,2,0.0,0.0,0.0,0.0,-1.8894721567655672
943,3,0.0,0.0,0.0,0.0,-0.14639897227417684
943,4,0.0,0.0,0.0,0.0,0.0
944,0,0.0,-1.4601100263698331e-05,0.0,0.0,-22.031884775668793
944,1,0.0,0.0,-0.04351188974534864,-7.144332933317841e-06,0.0
944,2,0.0,0.0,0.0,0.0,-1.8894721567655672
944,3,0.0,0.0,0.0,0.0,-0.14639897227417684
944,4,0.0,0.0,0.0,0.0,0.0
945,0,0.0,-1.4601100263698331e-05,0.0,0.0,-22.0209952562862
945,1,0.0,0.0,-0.04351188974534864,-7.144332933317841e-06,0.0
945,2,0.0,0.0,0.0,0.0,-1.8894721567655672
945,3,0.0,0.0,0.0,0.0,-0.14639897227417684
945,4,0.0,0.0,0.0,0.0,0.0
946,0,0.0,-1.4601100263698331e-05,0.0,0.0,-22.02710167023562
946,1,0.0,0.0,-0.04351188974534864,-7.144332933317841e-06,0.0
946,2,0.0,0.0,0.0,0.0,-1.8894721567655672
946,3,0.0,0.0,0.0,0.0,-0.14639897227417684
946,4,0.0,0.0,0.0,0.0,0.0
947,0,0.0,-1.4601100263698331e-05,0.0,0.0,-22.021878686320374
947,1,0.0,0.0,-0.04351188974534864,-7.144332933317841e-06,0.0
947,2,0.0,0.0,0.0,0.0,-1.8894721567655672
947,3,0.0,0.0,0.0,0.0,-0.14639897227417684
947,4,0.0,0.0,0.0,0.0,0.0
948,0,0.0,-1.4601100263698331e-05,0.0,0.0,-22.027118968102123
948,1,0.0,0.0,-0.04351188974534864,-7.144332933317841e-06,0.0
948,2,0.0,0.0,0.0,0.0,-1.8894721567655672
948,3,0.0,0.0,0.0,0.0,-0.14639897227417684
948,4,0.0,0.0,0.0,0.0,0.0
949,0,0.0,-1.4601100263698331e-05,0.0,0.0,-22.0278613193302
949,1,0.0,0.0,-0.04351188974534864,-7.144332933317841e-06,0.0
949,2,0.0,0.0,0.0,0.0,-1.8894721567655672
949,3,0.0,0.0,0.0,0.0,-0.14639897227417684
949,4,0.0,0.0,0.0,0.0,0.0
950,0,0.0,-1.4601100263698331e-05,0.0,0.0,-22.027844093687268
950,1,0.0,0.0,-0.04351188974534864,-7.144332933317841e-06,0.0
950,2,0.0,0.0,0.0,0.0,-1.8894721567655672
950,3,0.0,0.0,0.0,0.0,-0.14639897227417684
950,4,0.0,0.0,0.0,0.0,0.0
951,0,0.0,-1.4601100263698331e-05,0.0,0.0,-22.03040032785223
951,1,0.0,0.0,-0.04351188974534864,-7.144332933317841e-06,0.0
951,2,0.0,0.0,0.0,0.0,-1.8894721567655672
951,3,0.0,0.0,0.0,0.0,-0.14639897227417684
951,4,0.0,0.0,0.0,0.0,0.0
952,0,0.0,-1.4601100263698331e-05,0.0,0.0,-22.03359402751641
952,1,0.0,0.0,-0.04351188974534864,-7.144332933317841e-06,0.0
952,2,0.0,0.0,0.0,0.0,-1.8894721567655672
952,3,0.0,0.0,0.0,0.0,-0.14639897227417684
952,4,0.0,0.0,0.0,0.0,0.0
953,0,0.0,-1.4601100263698331e-05,0.0,0.0,-22.033021945173388
953,1,0.0,0.0,-0.04351188974534864,-7.144332933317841e-06,0.0
953,2,0.0,0.0,0.0,0.0,-1.8894721567655672
953,3,0.0,0.0,0.0,0.0,-0.14639897227417684
953,4,0.0,0.0,0.0,0.0,0.0
954,0,0.0,-1.4601100263698331e-05,0.0,0.0,-22.035270367589195
954,1,0.0,0.0,-0.04351188974534864,-7.144332933317841e-06,0.0
954,2,0.0,0.0,0.0,0.0,-1.8894721567655672
954,3,0.0,0.0,0.0,0.0,-0.14639897227417684
954,4,0.0,0.0,0.0,0.0,0.0
955,0,0.0,-1.4601100263698331e-05,0.0,0.0,-22.044170400045584
955,1,0.0,0.0,-0.04351188974534864,-7.144332933317841e-06,0.0
955,2,0.0,0.0,0.0,0.0,-1.8894721567655672
955,3,0.0,0.0,0.0,0.0,-0.14639897227417684
955,4,0.0,0.0,0.0,0.0,0.0
956,0,0.0,-1.4601100263698331e-05,0.0,0.0,-22.072116294262177
956,1,0.0,0.0,-0.04351188974534864,-7.144332933317841e-06,0.0
956,2,0.0,0.0,0.0,0.0,-1.8894721567655672
956,3,0.0,0.0,0.0,0.0,-0.14639897227417684
956,4,0.0,0.0,0.0,0.0,0.0
957,0,0.0,-1.4601100263698331e-05,0.0,0.0,-22.072970140644312
957,1,0.0,0.0,-0.04351188974534864,-7.144332933317841e-06,0.0
957,2,0.0,0.0,0.0,0.0,-1.8894721567655672
957,3,0.0,0.0,0.0,0.0,-0.14639897227417684
957,4,0.0,0.0,0.0,0.0,0.0
958,0,0.0,-1.4601100263698331e-05,0.0,0.0,-22.079160378092467
958,1,0.0,0.0,-0.04351188974534864,-7.144332933317841e-06,0.0
958,2,0.0,0.0,0.0,0.0,-1.8894721567655672
958,3,0.0,0.0,0.0,0.0,-0.14639897227417684
958,4,0.0,0.0,0.0,0.0,0.0
959,0,0.0,-1.4601100263698331e-05,0.0,0.0,-22.084939620749218
959,1,0.0,0.0,-0.04351188974534864,-7.144332933317841e-06,0.0
959,2,0.0,0.0,0.0,0.0,-1.8894721567655672
959,3,0.0,0.0,0.0,0.0,-0.14639897227417684
959,4,0.0,0.0,0.0,0.0,0.0
960,0,0.0,-1.4601100263698331e-05,0.0,0.0,-22.081984487726032
960,1,0.0,0.0,-0.04351188974534864,-7.144332933317841e-06,0.0
960,2,0.0,0.0,0.0,0.0,-1.8894721567655672
960,3,0.0,0.0,0.0,0.0,-0.14639897227417684
960,4,0.0,0.0,0.0,0.0,0.0
961,0,0.0,-1.4601100263698331e-05,0.0,0.0,-22.078513120569056
961,1,0.0,0.0,-0.04351188974534864,-7.144332933317841e-06,0.0
961,2,0.0,0.0,0.0,0.0,-1.8894721567655672
961,3,0.0,0.0,0.0,0.0,-0.14639897227417684
961,4,0.0,0.0,0.0,0.0,0.0
962,0,0.0,-1.4601100263698331e-05,0.0,0.0,-22.11170286103577
962,1,0.0,0.0,-0.04351188974534864,-7.144332933317841e-06,0.0
962,2,0.0,0.0,0.0,0.0,-1.8894721567655672
962,3,0.0,0.0,0.0,0.0,-0.14639897227417684
962,4,0.0,0.0,0.0,0.0,0.0
963,0,0.0,-1.4601100263698331e-05,0.0,0.0,-22.110413197315555
963,1,0.0,0.0,-0.04351188974534864,-7.144332933317841e-06,0.0
963,2,0.0,0.0,0.0,0.0,-1.8894721567655672
963,3,0.0,0.0,0.0,0.0,-0.14639897227417684
963,4,0.0,0.0,0.0,0.0,0.0
964,0,0.0,-1.4601100263698331e-05,0.0,0.0,-22.11247686904384
964,1,0.0,0.0,-0.04351188974534864,-7.144332933317841e-06,0.0
964,2,0.0,0.0,0.0,0.0,-1.8894721567655672
964,3,0.0,0.0,0.0,0.0,-0.14639897227417684
964,4,0.0,0.0,0.0,0.0,0.0
965,0,0.0,-1.4601100263698331e-05,0.0,0.0,-22.141206449631362
965,1,0.0,0.0,-0.04351188974534864,-7.144332933317841e-06,0.0
965,2,0.0,0.0,0.0,0.0,-1.8894721567655672
965,3,0.0,0.0,0.0,0.0,-0.14639897227417684
965,4,0.0,0.0,0.0,0.0,0.0
966,0,0.0,-1.4601100263698331e-05,0.0,0.0,-22.154454574037437
966,1,0.0,0.0,-0.04351188974534864,-7.144332933317841e-06,0.0
966,2,0.0,0.0,0.0,0.0,-1.8894721567655672
966,3,0.0,0.0,0.0,0.0,-0.14639897227417684
966,4,0.0,0.0,0.0,0.0,0.0
967,0,0.0,-1.4601100263698331e-05,0.0,0.0,-22.154482668937035
967,1,0.0,0.0,-0.04351188974534864,-7.144332933317841e-06,0.0
967,2,0.0,0.0,0.0,0.0,-1.8894721567655672
967,3,0.0,0.0,0.0,0.0,-0.14639897227417684
967,4,0.0,0.0,0.0,0.0,0.0
968,0,0.0,-1.4601100263698331e-05,0.0,0.0,-22.1718899330489
968,1,0.0,0.0,-0.04351188974534864,-7.144332933317841e-06,0.0
968,2,0.0,0.0,0.0,0.0,-1.8894721567655672
968,3,0.0,0.0,0.0,0.0,-0.14639897227417684
968,4,0.0,0.0,0.0,0.0,0.0
969,0,0.0,-1.4601100263698331e-05,0.0,0.0,-22.186720953871585
969,1,0.0,0.0,-0.04351188974534864,-7.144332933317841e-06,0.0
969,2,0.0,0.0,0.0,0.0,-1.8894721567655672
969,3,0.0,0.0,0.0,0.0,-0.14639897227417684
969,4,0.0,0.0,0.0,0.0,0.0
970,0,0.0,-1.4601100263698331e-05,0.0,0.0,-22.195610953562632
970,1,0.0,0.0,-0.04351188974534864,-7.144332933317841e-06,0.0
970,2,0.0,0.0,0.0,0.0,-1.8894721567655672
970,3,0.0,0.0,0.0,0.0,-0.14639897227417684
970,4,0.0,0.0,0.0,0.0,0.0
971,0,0.0,-1.4601100263698331e-05,0.0,0.0,-22.20065196586407
971,1,0.0,0.0,-0.04351188974534864,-7.144332933317841e-06,0.0
971,2,0.0,0.0,0.0,0.0,-1.8894721567655672
971,3,0.0,0.0,0.0,0.0,-0.14639897227417684
971,4,0.0,0.0,0.0,0.0,0.0
972,0,0.0,-1.4601100263698331e-05,0.0,0.0,-22.191196768161934
972,1,0.0,0.0,-0.04351188974534864,-7.144332933317841e-06,0.0
972,2,0.0,0.0,0.0,0.0,-1.8894721567655672
972,3,0.0,0.0,0.0,0.0,-0.14639897227417684
972,4,0.0,0.0,0.0,0.0,0.0
973,0,0.0,-1.4601100263698331e-05,0.0,0.0,-22.195691693704322
973,1,0.0,0.0,-0.04351188974534864,-7.144332933317841e-06,0.0
973,2,0.0,0.0,0.0,0.0,-1.8894721567655672
973,3,0.0,0.0,0.0,0.0,-0.14639897227417684
973,4,0.0,0.0,0.0,0.0,0.0
974,0,0.0,-1.4601100263698331e-05,0.0,0.0,-22.211415635501616
974,1,0.0,0.0,-0.04351188974534864,-7.144332933317841e-06,0.0
974,2,0.0,0.0,0.0,0.0,-1.8894721567655672
974,3,0.0,0.0,0.0,0.0,-0.14639897227417684
974,4,0.0,0.0,0.0,0.0,0.0
975,0,0.0,-1.4601100263698331e-05,0.0,0.0,-22.218454003623854
975,1,0.0,0.0,-0.04351188974534864,-7.144332933317841e-06,0.0
975,2,0.0,0.0,0.0,0.0,-1.8894721567655672
975,3,0.0,0.0,0.0,0.0,-0.14639897227417684
975,4,0.0,0.0,0.0,0.0,0.0
976,0,0.0,-1.4601100263698331e-05,0.0,0.0,-22.232506252425832
976,1,0.0,0.0,-0.04351188974534864,-7.144332933317841e-06,0.0
976,2,0.0,0.0,0.0,0.0,-1.8894721567655672
976,3,0.0,0.0,0.0,0.0,-0.14639897227417684
976,4,0.0,0.0,0.0,0.0,0.0
977,0,0.0,-1.4601100263698331e-05,0.0,0.0,-22.233943159996844
977,1,0.0,0.0,-0.04351188974534864,-7.144332933317841e-06,0.0
977,2,0.0,0.0,0.0,0.0,-1.8894721567655672
977,3,0.0,0.0,0.0,0.0,-0.14639897227417684
977,4,0.0,0.0,0.0,0.0,0.0
978,0,0.0,-1.4601100263698331e-05,0.0,0.0,-22.252570476976995
978,1,0.0,0.0,-0.04351188974534864,-7.144332933317841e-06,0.0
978,2,0.0,0.0,0.0,0.0,-1.8894721567655672
978,3,0.0,0.0,0.0,0.0,-0.14639897227417684
978,4,0.0,0.0,0.0,0.0,0.0
979,0,0.0,-1.4601100263698331e-05,0.0,0.0,-22.26023457946546
979,1,0.0,0.0,-0.04351188974534864,-7.144332933317841e-06,0.0
979,2,0.0,0.0,0.0,0.0,-1.8894721567655672
979,3,0.0,0.0,0.0,0.0,-0.14639897227417684
979,4,0.0,0.0,0.0,0.0,0.0
980,0,0.0,-1.4601100263698331e-05,0.0,0.0,-22.252806996362107
980,1,0.0,0.0,-0.04351188974534864,-7.144332933317841e-06,0.0
980,2,0.0,0.0,0.0,0.0,-1.8894721567655672
980,3,0.0,0.0,0.0,0.0,-0.14639897227417684
980,4,0.0,0.0,0.0,0.0,0.0
981,0,0.0,-1.4601100263698331e-05,0.0,0.0,-22.26146816210737
981,1,0.0,0.0,-0.04351188974534864,-7.144332933317841e-06,0.0
981,2,0.0,0.0,0.0,0.0,-1.8894721567655672
981,3,0.0,0.0,0.0,0.0,-0.14639897227417684
981,4,0.0,0.0,0.0,0.0,0.0
982,0,0.0,-1.4601100263698331e-05,0.0,0.0,-22.26342487868387
982,1,0.0,0.0,-0.04351188974534864,-7.144332933317841e-06,0.0
982,2,0.0,0.0,0.0,0.0,-1.8894721567655672
982,3,0.0,0.0,0.0,0.0,-0.14639897227417684
982,4,0.0,0.0,0.0,0.0,0.0
983,0,0.0,-1.4601100263698331e-05,0.0,0.0,-22.25258359628748
983,1,0.0,0.0,-0.04351188974534864,-7.144332933317841e-06,0.0
983,2,0.0,0.0,0.0,0.0,-1.8894721567655672
983,3,0.0,0.0,0.0,0.0,-0.14639897227417684
983,4,0.0,0.0,0.0,0.0,0.0
984,0,0.0,-1.4601100263698331e-05,0.0,0.0,-22.260075723430592
984,1,0.0,0.0,-0.04351188974534864,-7.144332933317841e-06,0.0
984,2,0.0,0.0,0.0,0.0,-1.8894721567655672
984,3,0.0,0.0,0.0,0.0,-0.14639897227417684
984,4,0.0,0.0,0.0,0.0,0.0
985,0,0.0,-1.4601100263698331e-05,0.0,0.0,-22.26484133803687
985,1,0.0,0.0,-0.04351188974534864,-7.144332933317841e-06,0.0
985,2,0.0,0.0,0.0,0.0,-1.8894721567655672
985,3,0.0,0.0,0.0,0.0,-0.14639897227417684
985,4,0.0,0.0,0.0,0.0,0.0
986,0,0.0,-1.4601100263698331e-05,0.0,0.0,-22.287802937156318
986,1,0.0,0.0,-0.04351188974534864,-7.144332933317841e-06,0.0
986,2,0.0,0.0,0.0,0.0,-1.8894721567655672
986,3,0.0,0.0,0.0,0.0,-0.14639897227417684
986,4,0.0,0.0,0.0,0.0,0.0
987,0,0.0,-1.4601100263698331e-05,0.0,0.0,-22.294570877543357
987,1,0.0,0.0,-0.04351188974534864,-7.144332933317841e-06,0.0
987,2,0.0,0.0,0.0,0.0,-1.8894721567655672
987,3,0.0,0.0,0.0,0.0,-0.14639897227417684
987,4,0.0,0.0,0.0,0.0,0.0
988,0,0.0,-1.4601100263698331e-05,0.0,0.0,-22.298463123738063
988,1,0.0,0.0,-0.04351188974534864,-7.144332933317841e-06,0.0
988,2,0.0,0.0,0.0,0.0,-1.8894721567655672
988,3,0.0,0.0,0.0,0.0,-0.14639897227417684
988,4,0.0,0.0,0.0,0.0,0.0
989,0,0.0,-1.4601100263698331e-05,0.0,0.0,-22.29360735713224
989,1,0.0,0.0,-0.04351188974534864,-7.144332933317841e-06,0.0
989,2,0.0,0.0,0.0,0.0,-1.8894721567655672
989,3,0.0,0.0,0.0,0.0,-0.14639897227417684
989,4,0.0,0.0,0.0,0.0,0.0
990,0,0.0,-1.4601100263698331e-05,0.0,0.0,-22.286836922240425
990,1,0.0,0.0,-0.04351188974534864,-7.144332933317841e-06,0.0
990,2,0.0,0.0,0.0,0.0,-1.8894721567655672
990,3,0.0,0.0,0.0,0.0,-0.14639897227417684
990,4,0.0,0.0,0.0,0.0,0.0
991,0,0.0,-1.4601100263698331e-05,0.0,0.0,-22.28546943583311
991,1,0.0,0.0,-0.04351188974534864,-7.144332933317841e-06,0.0
991,2,0.0,0.0,0.0,0.0,-1.8894721567655672
991,3,0.0,0.0,0.0,0.0,-0.14639897227417684
991,4,0.0,0.0,0.0,0.0,0.0
992,0,0.0,-1.4601100263698331e-05,0.0,0.0,-22.289881371824706
992,1,0.0,0.0,-0.04351188974534864,-7.144332933317841e-06,0.0
992,2,0.0,0.0,0.0,0.0,-1.8894721567655672
992,3,0.0,0.0,0.0,0.0,-0.14639897227417684
992,4,0.0,0.0,0.0,0.0,0.0
993,0,0.0,-1.4601100263698331e-05,0.0,0.0,-22.307464988491912
993,1,0.0,0.0,-0.04351188974534864,-7.144332933317841e-06,0.0
993,2,0.0,0.0,0.0,0.0,-1.8894721567655672
993,3,0.0,0.0,0.0,0.0,-0.14639897227417684
993,4,0.0,0.0,0.0,0.0,0.0
994,0,0.0,-1.4601100263698331e-05,0.0,0.0,-22.311965816253714
994,1,0.0,0.0,-0.04351188974534864,-7.144332933317841e-06,0.0
994,2,0.0,0.0,0.0,0.0,-1.8894721567655672
994,3,0.0,0.0,0.0,0.0,-0.14639897227417684
994,4,0.0,0.0,0.0,0.0,0.0
995,0,0.0,-1.4601100263698331e-05,0.0,0.0,-22.332252401982682
995,1,0.0,0.0,-0.04351188974534864,-7.144332933317841e-06,0.0
995,2,0.0,0.0,0.0,0.0,-1.8894721567655672
995,3,0.0,0.0,0.0,0.0,-0.14639897227417684
995,4,0.0,0.0,0.0,0.0,0.0
996,0,0.0,-1.4601100263698331e-05,0.0,0.0,-22.334902846001356
996,1,0.0,0.0,-0.04351188974534864,-7.144332933317841e-06,0.0
996,2,0.0,0.0,0.0,0.0,-1.8894721567655672
996,3,0.0,0.0,0.0,0.0,-0.14639897227417684
996,4,0.0,0.0,0.0,0.0,0.0
997,0,0.0,-1.4601100263698331e-05,0.0,0.0,-22.336083098694033
997,1,0.0,0.0,-0.04351188974534864,-7.144332933317841e-06,0.0
997,2,0.0,0.0,0.0,0.0,-1.8894721567655672
997,3,0.0,0.0,0.0,0.0,-0.14639897227417684
997,4,0.0,0.0,0.0,0.0,0.0
998,0,0.0,-1.4601100263698331e-05,0.0,0.0,-22.34062072667227
998,1,0.0,0.0,-0.04351188974534864,-7.144332933317841e-06,0.0
998,2,0.0,0.0,0.0,0.0,-1.8894721567655672
998,3,0.0,0.0,0.0,0.0,-0.14639897227417684
998,4,0.0,0.0,0.0,0.0,0.0
999,0,0.0,-1.4601100263698331e-05,0.0,0.0,-22.355835843756722
999,1,0.0,0.0,-0.04351188974534864,-7.144332933317841e-06,0.0
999,2,0.0,0.0,0.0,0.0,-1.8894721567655672
999,3,0.0,0.0,0.0,0.0,-0.14639897227417684
999,4,0.0,0.0,0.0,0.0,0.0
1000,0,0.0,-1.4601100263698331e-05,0.0,0.0,-22.36856408748288
1000,1,0.0,0.0,-0.04351188974534864,-7.144332933317841e-06,0.0
1000,2,0.0,0.0,0.0,0.0,-1.8894721567655672
1000,3,0.0,0.0,0.0,0.0,-0.14639897227417684
1000,4,0.0,0.0,0.0,0.0,0.0
