1,0,0.0,0.0,0.0,0.0,0.0
1,1,0.0,0.0,0.0,0.0,-0.01875
1,2,0.0,0.0,0.0,0.0,0.0
1,3,0.0,0.0,0.0,0.0,0.0
1,4,0.0,0.0,0.0,0.0,0.0
2,0,0.0,-5.858811815167244e-07,0.0,0.0,0.0
2,1,0.0,0.0,0.0,0.0,-0.02993750600730488
2,2,0.0,0.0,0.0,0.0,0.0
2,3,0.0,0.0,0.0,0.0,0.0
2,4,0.0,0.0,0.0,0.0,0.0
3,0,0.0,-2.0786574344961517e-06,0.0,0.0,0.0
3,1,0.0,0.0,0.0,0.0,-0.04108774994893791
3,2,0.0,0.0,0.0,0.0,0.0
3,3,0.0,0.0,0.0,0.0,0.0
3,4,0.0,0.0,0.0,0.0,0.0
4,0,0.0,-4.889003678720053e-06,0.0,0.0,0.0
4,1,0.0,0.0,0.0,0.0,-0.057200871485666535
4,2,0.0,0.0,0.0,0.0,0.0
4,3,0.0,0.0,0.0,0.0,0.0
4,4,0.0,0.0,0.0,0.0,0.0
5,0,0.0,-1.0333678559210683e-05,0.0,0.0,0.0
5,1,0.0,0.0,0.0,0.0,-0.08076034465512415
5,2,0.0,0.0,0.0,0.0,0.0
5,3,0.0,0.0,0.0,0.0,0.0
5,4,0.0,0.0,0.0,0.0,0.0
6,0,0.0,-2.118384513667253e-05,0.0,0.0,0.0
6,1,0.0,0.0,0.0,0.0,-0.10174137289448061
6,2,0.0,0.0,0.0,0.0,0.0
6,3,0.0,0.0,0.0,0.0,0.0
6,4,0.0,0.0,0.0,0.0,0.0
7,0,0.0,-3.839521763825241e-05,0.0,0.0,0.0
7,1,0.0,0.0,0.0,0.0,-0.11765258269862777
7,2,0.0,0.0,0.0,0.0,0.0
7,3,0.0,0.0,0.0,0.0,0.0
7,4,0.0,0.0,0.0,0.0,0.0
8,0,0.0,-6.139476648701126e-05,0.0,0.0,0.0
8,1,0.0,0.0,0.0,0.0,-0.13601090067559793
8,2,0.0,0.0,0.0,0.0,0.0
8,3,0.0,0.0,0.0,0.0,0.0
8,4,0.0,0.0,0.0,0.0,0.0
9,0,0.0,-9.211193938329289e-05,0.0,0.0,0.0
9,1,0.0,0.0,0.0,0.0,-0.1593081923029883
9,2,0.0,0.0,0.0,0.0,0.0
9,3,0.0,0.0,0.0,0.0,0.0
9,4,0.0,0.0,0.0,0.0,0.0
10,0,0.0,-0.00013422987578799042,0.0,0.0,0.0
10,1,0.0,0.0,0.0,0.0,-0.18502802097893073
10,2,0.0,0.0,0.0,0.0,0.0
10,3,0.0,0.0,0.0,0.0,0.0
10,4,0.0,0.0,0.0,0.0,0.0
11,0,0.0,-0.0001910121435650254,0.0,0.0,0.0
11,1,0.0,0.0,0.0,0.0,-0.2106623442091363
11,2,0.0,0.0,0.0,0.0,0.0
11,3,0.0,0.0,0.0,0.0,0.0
11,4,0.0,0.0,0.0,0.0,0.0
12,0,0.0,-0.0002645676851480835,0.0,0.0,0.0
12,1,0.0,0.0,0.0,0.0,-0.2262114821167827
12,2,0.0,0.0,0.0,0.0,0.0
12,3,0.0,0.0,0.0,0.0,0.0
12,4,0.0,0.0,0.0,0.0,0.0
13,0,0.0,-0.0003492940706984578,0.0,0.0,0.0
13,1,0.0,0.0,0.0,0.0,-0.23670908367546373
13,2,0.0,0.0,0.0,0.0,0.0
13,3,0.0,0.0,0.0,0.0,0.0
13,4,0.0,0.0,0.0,0.0,0.0
14,0,0.0,-0.0004419541838999177,0.0,0.0,0.0
14,1,0.0,0.0,0.0,0.0,-0.24467200654438734
14,2,0.0,0.0,0.0,0.0,0.0
14,3,0.0,0.0,0.0,0.0,0.0
14,4,0.0,0.0,0.0,0.0,0.0
15,0,0.0,-0.0005408248387999264,0.0,0.0,0.0
15,1,0.0,0.0,0.0,0.0,-0.2651087125938618
15,2,0.0,0.0,0.0,0.0,0.0
15,3,0.0,0.0,0.0,0.0,0.0
15,4,0.0,0.0,0.0,0.0,0.0
16,0,0.0,-0.0006568083842920369,0.0,0.0,0.0
16,1,0.0,0.0,0.0,0.0,-0.28547763674060816
16,2,0.0,0.0,0.0,0.0,0.0
16,3,0.0,0.0,0.0,0.0,0.0
16,4,0.0,0.0,0.0,0.0,0.0
17,0,0.0,-0.0007911819587313546,0.0,0.0,0.0
17,1,0.0,0.0,0.0,0.0,-0.3032790323947711
17,2,0.0,0.0,0.0,0.0,0.0
17,3,0.0,0.0,0.0,0.0,0.0
17,4,0.0,0.0,0.0,0.0,0.0
18,0,0.0,-0.0009426802899321102,0.0,0.0,0.0
18,1,0.0,0.0,0.0,0.0,-0.32102148448733064
18,2,0.0,0.0,0.0,0.0,0.0
18,3,0.0,0.0,0.0,0.0,0.0
18,4,0.0,0.0,0.0,0.0,0.0
19,0,0.0,-0.0011122418434537696,0.0,0.0,0.0
19,1,0.0,0.0,0.0,0.0,-0.3412052131655981
19,2,0.0,0.0,0.0,0.0,0.0
19,3,0.0,0.0,0.0,0.0,0.0
19,4,0.0,0.0,0.0,0.0,0.0
20,0,0.0,-0.0013036029249372727,0.0,0.0,0.0
20,1,0.0,0.0,0.0,0.0,-0.35632210516635937
20,2,0.0,0.0,0.0,0.0,0.0
20,3,0.0,0.0,0.0,0.0,0.0
20,4,0.0,0.0,0.0,0.0,0.0
21,0,0.0,-0.0015120309001689057,0.0,0.0,0.0
21,1,0.0,0.0,0.0,0.0,-0.36888907519295705
21,2,0.0,0.0,0.0,0.0,0.0
21,3,0.0,0.0,0.0,0.0,0.0
21,4,0.0,0.0,0.0,0.0,0.0
22,0,0.0,-0.0017351064483052186,0.0,0.0,0.0
22,1,0.0,0.0,0.0,0.0,-0.37891464193255037
22,2,0.0,0.0,0.0,0.0,0.0
22,3,0.0,0.0,0.0,0.0,0.0
22,4,0.0,0.0,0.0,0.0,0.0
23,0,0.0,-0.0019701110771999787,0.0,0.0,0.0
23,1,0.0,0.0,0.0,0.0,-0.39390729208652786
23,2,0.0,0.0,0.0,0.0,0.0
23,3,0.0,0.0,0.0,0.0,0.0
23,4,0.0,0.0,0.0,0.0,0.0
24,0,0.0,-0.002223752890057768,0.0,0.0,0.0
24,1,0.0,0.0,0.0,0.0,-0.40635048290147197
24,2,0.0,0.0,0.0,0.0,0.0
24,3,0.0,0.0,0.0,0.0,0.0
24,4,0.0,0.0,0.0,0.0,0.0
25,0,0.0,-0.002493282225021687,0.0,0.0,0.0
25,1,0.0,0.0,0.0,0.0,-0.4262527312228015
25,2,0.0,0.0,0.0,0.0,0.0
25,3,0.0,0.0,0.0,0.0,0.0
25,4,0.0,0.0,0.0,0.0,0.0
26,0,0.0,-0.002789542449349994,0.0,0.0,0.0
26,1,0.0,0.0,0.0,0.0,-0.4385891917883746
26,2,0.0,0.0,0.0,0.0,0.0
26,3,0.0,0.0,0.0,0.0,0.0
26,4,0.0,0.0,0.0,0.0,0.0
27,0,0.0,-0.003102720235670455,0.0,0.0,0.0
27,1,0.0,0.0,0.0,0.0,-0.45088510765606243
27,2,0.0,0.0,0.0,0.0,0.0
27,3,0.0,0.0,0.0,0.0,0.0
27,4,0.0,0.0,0.0,0.0,0.0
28,0,0.0,-0.003433193383261592,0.0,0.0,0.0
28,1,0.0,0.0,0.0,0.0,-0.46814062957619584
28,2,0.0,0.0,0.0,0.0,0.0
28,3,0.0,0.0,0.0,0.0,0.0
28,4,0.0,0.0,0.0,0.0,0.0
29,0,0.0,-0.0037889902093942115,0.0,0.0,0.0
29,1,0.0,0.0,0.0,0.0,-0.4803392426348478
29,2,0.0,0.0,0.0,0.0,0.0
29,3,0.0,0.0,0.0,0.0,0.0
29,4,0.0,0.0,0.0,0.0,0.0
30,0,0.0,-0.004162968274021067,0.0,0.0,0.0
30,1,0.0,0.0,0.0,0.0,-0.4899978239384635
30,2,0.0,0.0,0.0,0.0,0.0
30,3,0.0,0.0,0.0,0.0,0.0
30,4,0.0,0.0,0.0,0.0,0.0
31,0,0.0,-0.004551446248789842,0.0,0.0,0.0
31,1,0.0,0.0,0.0,0.0,-0.5146248547286502
31,2,0.0,0.0,0.0,0.0,0.0
31,3,0.0,0.0,0.0,0.0,0.0
31,4,0.0,0.0,0.0,0.0,0.0
32,0,0.0,-0.004979582844631874,0.0,0.0,0.0
32,1,0.0,0.0,0.0,0.0,-0.5391704566854406
32,2,0.0,0.0,0.0,0.0,0.0
32,3,0.0,0.0,0.0,0.0,0.0
32,4,0.0,0.0,0.0,0.0,0.0
33,0,0.0,-0.005449038081752624,0.0,0.0,0.0
33,1,0.0,0.0,0.0,0.0,-0.553634933683325
33,2,0.0,0.0,0.0,0.0,0.0
33,3,0.0,0.0,0.0,0.0,0.0
33,4,0.0,0.0,0.0,0.0,0.0
34,0,0.0,-0.005943084033272953,0.0,0.0,0.0
34,1,0.0,0.0,0.0,0.0,-0.5680519185147372
34,2,0.0,0.0,0.0,0.0,0.0
34,3,0.0,0.0,0.0,0.0,0.0
34,4,0.0,0.0,0.0,0.0,0.0
35,0,0.0,-0.006462093815093348,0.0,0.0,0.0
35,1,0.0,0.0,0.0,0.0,-0.5824215876602445
35,2,0.0,0.0,0.0,0.0,0.0
35,3,0.0,0.0,0.0,0.0,0.0
35,4,0.0,0.0,0.0,0.0,0.0
36,0,0.0,-0.007006395749134724,0.0,0.0,0.0
36,1,0.0,0.0,0.0,0.0,-0.5992441168988099
36,2,0.0,0.0,0.0,0.0,0.0
36,3,0.0,0.0,0.0,0.0,0.0
36,4,0.0,0.0,0.0,0.0,0.0
37,0,0.0,-0.0075810372430184635,0.0,0.0,0.0
37,1,0.0,0.0,0.0,0.0,-0.6210113487783429
37,2,0.0,0.0,0.0,0.0,0.0
37,3,0.0,0.0,0.0,0.0,0.0
37,4,0.0,0.0,0.0,0.0,0.0
38,0,0.0,-0.008196112047636664,0.0,0.0,0.0
38,1,0.0,0.0,0.0,0.0,-0.6377068238625906
38,2,0.0,0.0,0.0,0.0,0.0
38,3,0.0,0.0,0.0,0.0,0.0
38,4,0.0,0.0,0.0,0.0,0.0
39,0,0.0,-0.008842316815821524,0.0,0.0,0.0
39,1,0.0,0.0,0.0,0.0,-0.6543474745148522
39,2,0.0,0.0,0.0,0.0,0.0
39,3,0.0,0.0,0.0,0.0,0.0
39,4,0.0,0.0,0.0,0.0,0.0
40,0,0.0,-0.009519915940389626,0.0,0.0,0.0
40,1,0.0,0.0,0.0,0.0,-0.6734335044813264
40,2,0.0,0.0,0.0,0.0,0.0
40,3,0.0,0.0,0.0,0.0,0.0
40,4,0.0,0.0,0.0,0.0,0.0
41,0,0.0,-0.010234209136394435,0.0,0.0,0.0
41,1,0.0,0.0,0.0,0.0,-0.6949567841657976
41,2,0.0,0.0,0.0,0.0,0.0
41,3,0.0,0.0,0.0,0.0,0.0
41,4,0.0,0.0,0.0,0.0,0.0
42,0,0.0,-0.010990624683407252,0.0,0.0,0.0
42,1,0.0,0.0,0.0,0.0,-0.7064092144093448
42,2,0.0,0.0,0.0,0.0,0.0
42,3,0.0,0.0,0.0,0.0,0.0
42,4,0.0,0.0,0.0,0.0,0.0
43,0,0.0,-0.011768679928155872,0.0,0.0,0.0
43,1,0.0,0.0,0.0,0.0,-0.7203243890305292
43,2,0.0,0.0,0.0,0.0,0.0
43,3,0.0,0.0,0.0,0.0,0.0
43,4,0.0,0.0,0.0,0.0,0.0
44,0,0.0,-0.012573615388423652,0.0,0.0,0.0
44,1,0.0,0.0,0.0,0.0,-0.7366941131607265
44,2,0.0,0.0,0.0,0.0,0.0
44,3,0.0,0.0,0.0,0.0,0.0
44,4,0.0,0.0,0.0,0.0,0.0
45,0,0.0,-0.013410746456318774,0.0,0.0,0.0
45,1,0.0,0.0,0.0,0.0,-0.7555102226300848
45,2,0.0,0.0,0.0,0.0,0.0
45,3,0.0,0.0,0.0,0.0,0.0
45,4,0.0,0.0,0.0,0.0,0.0
46,0,0.0,-0.014285469352414164,0.0,0.0,0.0
46,1,0.0,0.0,0.0,0.0,-0.7617645838448187
46,2,0.0,0.0,0.0,0.0,0.0
46,3,0.0,0.0,0.0,0.0,0.0
46,4,0.0,0.0,0.0,0.0,0.0
47,0,0.0,-0.015171146190530088,0.0,0.0,0.0
47,1,0.0,0.0,0.0,0.0,-0.775499088859174
47,2,0.0,0.0,0.0,0.0,0.0
47,3,0.0,0.0,0.0,0.0,0.0
47,4,0.0,0.0,0.0,0.0,0.0
48,0,0.0,-0.016083809108864776,0.0,0.0,0.0
48,1,0.0,0.0,0.0,0.0,-0.8016888123367545
48,2,0.0,0.0,0.0,0.0,0.0
48,3,0.0,0.0,0.0,0.0,0.0
48,4,0.0,0.0,0.0,0.0,0.0
49,0,0.0,-0.017050501963883434,0.0,0.0,0.0
49,1,0.0,0.0,0.0,0.0,-0.8152922573252024
49,2,0.0,0.0,0.0,0.0,0.0
49,3,0.0,0.0,0.0,0.0,0.0
49,4,0.0,0.0,0.0,0.0,0.0
50,0,0.0,-0.018044140775754385,0.0,0.0,0.0
50,1,0.0,0.0,0.0,0.0,-0.8363514077587767
50,2,0.0,0.0,0.0,0.0,0.0
50,3,0.0,0.0,0.0,0.0,0.0
50,4,0.0,0.0,0.0,0.0,0.0
51,0,0.0,-0.019081139749678094,0.0,0.0,0.0
51,1,0.0,0.0,0.0,0.0,-0.8548414298138818
51,2,0.0,0.0,0.0,0.0,0.0
51,3,0.0,0.0,0.0,0.0,0.0
51,4,0.0,0.0,0.0,0.0,0.0
52,0,0.0,-0.020156018997642085,0.0,0.0,0.0
52,1,0.0,0.0,0.0,0.0,-0.8732709128794273
52,2,0.0,0.0,0.0,0.0,0.0
52,3,0.0,0.0,0.0,0.0,0.0
52,4,0.0,0.0,0.0,0.0,0.0
53,0,0.0,-0.021268764880607634,0.0,0.0,0.0
53,1,0.0,0.0,0.0,0.0,-0.8916400815468689
53,2,0.0,0.0,0.0,0.0,0.0
53,3,0.0,0.0,0.0,0.0,0.0
53,4,0.0,0.0,0.0,0.0,0.0
54,0,0.0,-0.0224193473190608,0.0,0.0,0.0
54,1,0.0,0.0,0.0,0.0,-0.9074491595157568
54,2,0.0,0.0,0.0,0.0,0.0
54,3,0.0,0.0,0.0,0.0,0.0
54,4,0.0,0.0,0.0,0.0,0.0
55,0,0.0,-0.02360211801445855,0.0,0.0,0.0
55,1,0.0,0.0,0.0,0.0,-0.9157067021297884
55,2,0.0,0.0,0.0,0.0,0.0
55,3,0.0,0.0,0.0,0.0,0.0
55,4,0.0,0.0,0.0,0.0,0.0
56,0,0.0,-0.024800157231539548,0.0,0.0,0.0
56,1,0.0,0.0,0.0,0.0,-0.9289378976688599
56,2,0.0,0.0,0.0,0.0,0.0
56,3,0.0,0.0,0.0,0.0,0.0
56,4,0.0,0.0,0.0,0.0,0.0
57,0,0.0,-0.026024646061489704,0.0,0.0,0.0
57,1,0.0,0.0,0.0,0.0,-0.9421261772631885
57,2,0.0,0.0,0.0,0.0,0.0
57,3,0.0,0.0,0.0,0.0,0.0
57,4,0.0,0.0,0.0,0.0,0.0
58,0,0.0,-0.02727549986521252,0.0,0.0,0.0
58,1,0.0,0.0,0.0,0.0,-0.9502716992178021
58,2,0.0,0.0,0.0,0.0,0.0
58,3,0.0,0.0,0.0,0.0,0.0
58,4,0.0,0.0,0.0,0.0,0.0
59,0,0.0,-0.02854131753881794,0.0,0.0,0.0
59,1,0.0,0.0,0.0,0.0,-0.963391286276187
59,2,0.0,0.0,0.0,0.0,0.0
59,3,0.0,0.0,0.0,0.0,0.0
59,4,0.0,0.0,0.0,0.0,0.0
60,0,0.0,-0.029833357833599933,0.0,0.0,0.0
60,1,0.0,0.0,0.0,0.0,-0.9789683679407352
60,2,0.0,0.0,0.0,0.0,0.0
60,3,0.0,0.0,0.0,0.0,0.0
60,4,0.0,0.0,0.0,0.0,0.0
61,0,0.0,-0.031157209889081446,0.0,0.0,0.0
61,1,0.0,0.0,0.0,0.0,-0.9869947683630105
61,2,0.0,0.0,0.0,0.0,0.0
61,3,0.0,0.0,0.0,0.0,0.0
61,4,0.0,0.0,0.0,0.0,0.0
62,0,0.0,-0.03249567937872905,0.0,0.0,0.0
62,1,0.0,0.0,0.0,0.0,-0.9924956724484381
62,2,0.0,0.0,0.0,0.0,0.0
62,3,0.0,0.0,0.0,0.0,0.0
62,4,0.0,0.0,0.0,0.0,0.0
63,0,0.0,-0.03384299255386104,0.0,0.0,0.0
63,1,0.0,0.0,0.0,0.0,-1.0004795055637794
63,2,0.0,0.0,0.0,0.0,0.0
63,3,0.0,0.0,0.0,0.0,0.0
63,4,0.0,0.0,0.0,0.0,0.0
64,0,0.0,-0.035204800822219724,0.0,0.0,0.0
64,1,0.0,0.0,0.0,0.0,-1.0059379964030666
64,2,0.0,0.0,0.0,0.0,0.0
64,3,0.0,0.0,0.0,0.0,0.0
64,4,0.0,0.0,0.0,0.0,0.0
65,0,0.0,-0.03657531768254089,0.0,0.0,0.0
65,1,0.0,0.0,0.0,0.0,-1.01887956973148
65,2,0.0,0.0,0.0,0.0,0.0
65,3,0.0,0.0,0.0,0.0,0.0
65,4,0.0,0.0,0.0,0.0,0.0
66,0,0.0,-0.037971645301296285,0.0,0.0,0.0
66,1,0.0,0.0,0.0,0.0,-1.0267792885792153
66,2,0.0,0.0,0.0,0.0,0.0
66,3,0.0,0.0,0.0,0.0,0.0
66,4,0.0,0.0,0.0,0.0,0.0
67,0,0.0,-0.039382213599523715,0.0,0.0,0.0
67,1,0.0,0.0,0.0,0.0,-1.044653972135134
67,2,0.0,0.0,0.0,0.0,0.0
67,3,0.0,0.0,0.0,0.0,0.0
67,4,0.0,0.0,0.0,0.0,0.0
68,0,0.0,-0.04082990880694891,0.0,0.0,0.0
68,1,0.0,0.0,0.0,0.0,-1.0549703812969233
68,2,0.0,0.0,0.0,0.0,0.0
68,3,0.0,0.0,0.0,0.0,0.0
68,4,0.0,0.0,0.0,0.0,0.0
69,0,0.0,-0.04229733143594129,0.0,0.0,0.0
69,1,0.0,0.0,0.0,0.0,-1.0677537293081598
69,2,0.0,0.0,0.0,0.0,0.0
69,3,0.0,0.0,0.0,0.0,0.0
69,4,0.0,0.0,0.0,0.0,0.0
70,0,0.0,-0.04379014686113942,0.0,0.0,0.0
70,1,0.0,0.0,0.0,0.0,-1.0829958046960326
70,2,0.0,0.0,0.0,0.0,0.0
70,3,0.0,0.0,0.0,0.0,0.0
70,4,0.0,0.0,0.0,0.0,0.0
71,0,0.0,-0.045314015472388454,0.0,0.0,0.0
71,1,0.0,0.0,0.0,0.0,-1.1031884267551704
71,2,0.0,0.0,0.0,0.0,0.0
71,3,0.0,0.0,0.0,0.0,0.0
71,4,0.0,0.0,0.0,0.0,0.0
72,0,0.0,-0.046880387696853265,0.0,0.0,0.0
72,1,0.0,0.0,0.0,0.0,-1.1183151128922844
72,2,0.0,0.0,0.0,0.0,0.0
72,3,0.0,0.0,0.0,0.0,0.0
72,4,0.0,0.0,0.0,0.0,0.0
73,0,0.0,-0.0484775001907105,0.0,0.0,0.0
73,1,0.0,0.0,0.0,0.0,-1.1308927724094744
73,2,0.0,0.0,0.0,0.0,0.0
73,3,0.0,0.0,0.0,0.0,0.0
73,4,0.0,0.0,0.0,0.0,0.0
74,0,0.0,-0.050099402046722474,0.0,0.0,0.0
74,1,0.0,0.0,0.0,0.0,-1.1409299186195256
74,2,0.0,0.0,0.0,0.0,0.0
74,3,0.0,0.0,0.0,0.0,0.0
74,4,0.0,0.0,0.0,0.0,0.0
75,0,0.0,-0.05174015045489396,0.0,0.0,0.0
75,1,0.0,0.0,0.0,0.0,-1.158435032876194
75,2,0.0,0.0,0.0,0.0,0.0
75,3,0.0,0.0,0.0,0.0,0.0
75,4,0.0,0.0,0.0,0.0,0.0
76,0,0.0,-0.05341712341753273,0.0,0.0,0.0
76,1,0.0,0.0,0.0,0.0,-1.1783832345726861
76,2,0.0,0.0,0.0,0.0,0.0
76,3,0.0,0.0,0.0,0.0,0.0
76,4,0.0,0.0,0.0,0.0,0.0
77,0,0.0,-0.055136003395672976,0.0,0.0,0.0
77,1,0.0,0.0,0.0,0.0,-1.188266401439165
77,2,0.0,0.0,0.0,0.0,0.0
77,3,0.0,0.0,0.0,0.0,0.0
77,4,0.0,0.0,0.0,0.0,0.0
78,0,0.0,-0.05687320962381222,0.0,0.0,0.0
78,1,0.0,0.0,0.0,0.0,-1.2056181042788572
78,2,0.0,0.0,0.0,0.0,0.0
78,3,0.0,0.0,0.0,0.0,0.0
78,4,0.0,0.0,0.0,0.0,0.0
79,0,0.0,-0.05864620380036488,0.0,0.0,0.0
79,1,0.0,0.0,0.0,0.0,-1.225413460238261
79,2,0.0,0.0,0.0,0.0,0.0
79,3,0.0,0.0,0.0,0.0,0.0
79,4,0.0,0.0,0.0,0.0,0.0
80,0,0.0,-0.06046068580842202,0.0,0.0,0.0
80,1,0.0,0.0,0.0,0.0,-1.2401443448101197
80,2,0.0,0.0,0.0,0.0,0.0
80,3,0.0,0.0,0.0,0.0,0.0
80,4,0.0,0.0,0.0,0.0,0.0
81,0,0.0,-0.06230471228994556,0.0,0.0,0.0
81,1,0.0,0.0,0.0,0.0,-1.2498276615047683
81,2,0.0,0.0,0.0,0.0,0.0
81,3,0.0,0.0,0.0,0.0,0.0
81,4,0.0,0.0,0.0,0.0,0.0
82,0,0.0,-0.0641663644623206,0.0,0.0,0.0
82,1,0.0,0.0,0.0,0.0,-1.2644802503995227
82,2,0.0,0.0,0.0,0.0,0.0
82,3,0.0,0.0,0.0,0.0,0.0
82,4,0.0,0.0,0.0,0.0,0.0
83,0,0.0,-0.06605730956571412,0.0,0.0,0.0
83,1,0.0,0.0,0.0,0.0,-1.2740855582630735
83,2,0.0,0.0,0.0,0.0,0.0
83,3,0.0,0.0,0.0,0.0,0.0
83,4,0.0,0.0,0.0,0.0,0.0
84,0,0.0,-0.06796560484620878,0.0,0.0,0.0
84,1,0.0,0.0,0.0,0.0,-1.2911604240431065
84,2,0.0,0.0,0.0,0.0,0.0
84,3,0.0,0.0,0.0,0.0,0.0
84,4,0.0,0.0,0.0,0.0,0.0
85,0,0.0,-0.06990883764084385,0.0,0.0,0.0
85,1,0.0,0.0,0.0,0.0,-1.2956799608509777
85,2,0.0,0.0,0.0,0.0,0.0
85,3,0.0,0.0,0.0,0.0,0.0
85,4,0.0,0.0,0.0,0.0,0.0
86,0,0.0,-0.0718573075893682,0.0,0.0,0.0
86,1,0.0,0.0,0.0,0.0,-1.315186035355102
86,2,0.0,0.0,0.0,0.0,0.0
86,3,0.0,0.0,0.0,0.0,0.0
86,4,0.0,0.0,0.0,0.0,0.0
87,0,0.0,-0.07384640588976685,0.0,0.0,0.0
87,1,0.0,0.0,0.0,0.0,-1.3196286993410853
87,2,0.0,0.0,0.0,0.0,0.0
87,3,0.0,0.0,0.0,0.0,0.0
87,4,0.0,0.0,0.0,0.0,0.0
88,0,0.0,-0.07584044518884069,0.0,0.0,0.0
88,1,0.0,0.0,0.0,0.0,-1.3240581822680444
88,2,0.0,0.0,0.0,0.0,0.0
88,3,0.0,0.0,0.0,0.0,0.0
88,4,0.0,0.0,0.0,0.0,0.0
89,0,0.0,-0.077839383818496,0.0,0.0,0.0
89,1,0.0,0.0,0.0,0.0,-1.3434745300091833
89,2,0.0,0.0,0.0,0.0,0.0
89,3,0.0,0.0,0.0,0.0,0.0
89,4,0.0,0.0,0.0,0.0,0.0
90,0,0.0,-0.07987867482349767,0.0,0.0,0.0
90,1,0.0,0.0,0.0,0.0,-1.3628277930693504
90,2,0.0,0.0,0.0,0.0,0.0
90,3,0.0,0.0,0.0,0.0,0.0
90,4,0.0,0.0,0.0,0.0,0.0
91,0,0.0,-0.0819581124511205,0.0,0.0,0.0
91,1,0.0,0.0,0.0,0.0,-1.3696182044380014
91,2,0.0,0.0,0.0,0.0,0.0
91,3,0.0,0.0,0.0,0.0,0.0
91,4,0.0,0.0,0.0,0.0,0.0
92,0,0.0,-0.08404782969267084,0.0,0.0,0.0
92,1,0.0,0.0,0.0,0.0,-1.3863876588438238
92,2,0.0,0.0,0.0,0.0,0.0
92,3,0.0,0.0,0.0,0.0,0.0
92,4,0.0,0.0,0.0,0.0,0.0
93,0,0.0,-0.0861714848329798,0.0,0.0,0.0
93,1,0.0,0.0,0.0,0.0,-1.4106029010855548
93,2,0.0,0.0,0.0,0.0,0.0
93,3,0.0,0.0,0.0,0.0,0.0
93,4,0.0,0.0,0.0,0.0,0.0
94,0,0.0,-0.0883467185762819,0.0,0.0,0.0
94,1,0.0,0.0,0.0,0.0,-1.4347391331801123
94,2,0.0,0.0,0.0,0.0,0.0
94,3,0.0,0.0,0.0,0.0,0.0
94,4,0.0,0.0,0.0,0.0,0.0
95,0,0.0,-0.0905732766985279,0.0,0.0,0.0
95,1,0.0,0.0,0.0,0.0,-1.456296647684661
95,2,0.0,0.0,0.0,0.0,0.0
95,3,0.0,0.0,0.0,0.0,0.0
95,4,0.0,0.0,0.0,0.0,0.0
96,0,0.0,-0.09284493989339507,0.0,0.0,0.0
96,1,0.0,0.0,0.0,0.0,-1.4752840685282933
96,2,0.0,0.0,0.0,0.0,0.0
96,3,0.0,0.0,0.0,0.0,0.0
96,4,0.0,0.0,0.0,0.0,0.0
97,0,0.0,-0.09515550157994042,0.0,0.0,0.0
97,1,0.0,0.0,0.0,0.0,-1.486709987240482
97,2,0.0,0.0,0.0,0.0,0.0
97,3,0.0,0.0,0.0,0.0,0.0
97,4,0.0,0.0,0.0,0.0,0.0
98,0,0.0,-0.0974868340252581,0.0,0.0,0.0
98,1,0.0,0.0,0.0,0.0,-1.493099628145549
98,2,0.0,0.0,0.0,0.0,0.0
98,3,0.0,0.0,0.0,0.0,0.0
98,4,0.0,0.0,0.0,0.0,0.0
99,0,0.0,-0.09982686300306551,0.0,0.0,0.0
99,1,0.0,0.0,0.0,0.0,-1.5044697884068023
99,2,0.0,0.0,0.0,0.0,0.0
99,3,0.0,0.0,0.0,0.0,0.0
99,4,0.0,0.0,0.0,0.0,0.0
100,0,0.0,-0.10218746431890116,0.0,0.0,0.0
100,1,0.0,0.0,0.0,0.0,-1.5108038720520378
100,2,0.0,0.0,0.0,0.0,0.0
100,3,0.0,0.0,0.0,0.0,0.0
100,4,0.0,0.0,0.0,0.0,0.0
101,0,0.0,-0.10455655703882095,0.0,0.0,0.0
101,1,0.0,0.0,0.0,0.0,-1.527118675460434
101,2,0.0,0.0,0.0,0.0,0.0
101,3,0.0,0.0,0.0,0.0,0.0
101,4,0.0,0.0,0.0,0.0,0.0
102,0,0.0,-0.10695797803345516,0.0,0.0,0.0
102,1,0.0,0.0,0.0,0.0,-1.5408809368141456
102,2,0.0,0.0,0.0,0.0,0.0
102,3,0.0,0.0,0.0,0.0,0.0
102,4,0.0,0.0,0.0,0.0,0.0
103,0,0.0,-0.1093855536642812,0.0,0.0,0.0
103,1,0.0,0.0,0.0,0.0,-1.5520991816702463
103,2,0.0,0.0,0.0,0.0,0.0
103,3,0.0,0.0,0.0,0.0,0.0
103,4,0.0,0.0,0.0,0.0,0.0
104,0,0.0,-0.11183313718702396,0.0,0.0,0.0
104,1,0.0,0.0,0.0,0.0,-1.558281903580195
104,2,0.0,0.0,0.0,0.0,0.0
104,3,0.0,0.0,0.0,0.0,0.0
104,4,0.0,0.0,0.0,0.0,0.0
105,0,0.0,-0.11428862771039473,0.0,0.0,0.0
105,1,0.0,0.0,0.0,0.0,-1.5769458967502963
105,2,0.0,0.0,0.0,0.0,0.0
105,3,0.0,0.0,0.0,0.0,0.0
105,4,0.0,0.0,0.0,0.0,0.0
106,0,0.0,-0.11678189381176299,0.0,0.0,0.0
106,1,0.0,0.0,0.0,0.0,-1.5930495646664036
106,2,0.0,0.0,0.0,0.0,0.0
106,3,0.0,0.0,0.0,0.0,0.0
106,4,0.0,0.0,0.0,0.0,0.0
107,0,0.0,-0.11930672154771664,0.0,0.0,0.0
107,1,0.0,0.0,0.0,0.0,-1.609101461974534
107,2,0.0,0.0,0.0,0.0,0.0
107,3,0.0,0.0,0.0,0.0,0.0
107,4,0.0,0.0,0.0,0.0,0.0
108,0,0.0,-0.12186291809149914,0.0,0.0,0.0
108,1,0.0,0.0,0.0,0.0,-1.6251017786666258
108,2,0.0,0.0,0.0,0.0,0.0
108,3,0.0,0.0,0.0,0.0,0.0
108,4,0.0,0.0,0.0,0.0,0.0
109,0,0.0,-0.12445029065960476,0.0,0.0,0.0
109,1,0.0,0.0,0.0,0.0,-1.6385507039854748
109,2,0.0,0.0,0.0,0.0,0.0
109,3,0.0,0.0,0.0,0.0,0.0
109,4,0.0,0.0,0.0,0.0,0.0
110,0,0.0,-0.12706264442846849,0.0,0.0,0.0
110,1,0.0,0.0,0.0,0.0,-1.6494567589601843
110,2,0.0,0.0,0.0,0.0,0.0
110,3,0.0,0.0,0.0,0.0,0.0
110,4,0.0,0.0,0.0,0.0,0.0
111,0,0.0,-0.12969381413588177,0.0,0.0,0.0
111,1,0.0,0.0,0.0,0.0,-1.6628284326328895
111,2,0.0,0.0,0.0,0.0,0.0
111,3,0.0,0.0,0.0,0.0,0.0
111,4,0.0,0.0,0.0,0.0,0.0
112,0,0.0,-0.1323496770712219,0.0,0.0,0.0
112,1,0.0,0.0,0.0,0.0,-1.668657517122062
112,2,0.0,0.0,0.0,0.0,0.0
112,3,0.0,0.0,0.0,0.0,0.0
112,4,0.0,0.0,0.0,0.0,0.0
113,0,0.0,-0.13501205081483195,0.0,0.0,0.0
113,1,0.0,0.0,0.0,0.0,-1.6769691654321388
113,2,0.0,0.0,0.0,0.0,0.0
113,3,0.0,0.0,0.0,0.0,0.0
113,4,0.0,0.0,0.0,0.0,0.0
114,0,0.0,-0.13768688502323198,0.0,0.0,0.0
114,1,0.0,0.0,0.0,0.0,-1.6877551060957194
114,2,0.0,0.0,0.0,0.0,0.0
114,3,0.0,0.0,0.0,0.0,0.0
114,4,0.0,0.0,0.0,0.0,0.0
115,0,0.0,-0.14038009541074073,0.0,0.0,0.0
115,1,0.0,0.0,0.0,0.0,-1.6985070986563624
115,2,0.0,0.0,0.0,0.0,0.0
115,3,0.0,0.0,0.0,0.0,0.0
115,4,0.0,0.0,0.0,0.0,0.0
116,0,0.0,-0.14309155520810155,0.0,0.0,0.0
116,1,0.0,0.0,0.0,0.0,-1.7117252660769213
116,2,0.0,0.0,0.0,0.0,0.0
116,3,0.0,0.0,0.0,0.0,0.0
116,4,0.0,0.0,0.0,0.0,0.0
117,0,0.0,-0.14582715009644442,0.0,0.0,0.0
117,1,0.0,0.0,0.0,0.0,-1.7149020653342082
117,2,0.0,0.0,0.0,0.0,0.0
117,3,0.0,0.0,0.0,0.0,0.0
117,4,0.0,0.0,0.0,0.0,0.0
118,0,0.0,-0.14856266999166645,0.0,0.0,0.0
118,1,0.0,0.0,0.0,0.0,-1.7305696424650865
118,2,0.0,0.0,0.0,0.0,0.0
118,3,0.0,0.0,0.0,0.0,0.0
118,4,0.0,0.0,0.0,0.0,0.0
119,0,0.0,-0.15132816080419764,0.0,0.0,0.0
119,1,0.0,0.0,0.0,0.0,-1.7361870328074793
119,2,0.0,0.0,0.0,0.0,0.0
119,3,0.0,0.0,0.0,0.0,0.0
119,4,0.0,0.0,0.0,0.0,0.0
120,0,0.0,-0.15409936788860573,0.0,0.0,0.0
120,1,0.0,0.0,0.0,0.0,-1.7592877502815658
120,2,0.0,0.0,0.0,0.0,0.0
120,3,0.0,0.0,0.0,0.0,0.0
120,4,0.0,0.0,0.0,0.0,0.0
121,0,0.0,-0.15691835627686027,0.0,0.0,0.0
121,1,0.0,0.0,0.0,0.0,-1.7648135252519035
121,2,0.0,0.0,0.0,0.0,0.0
121,3,0.0,0.0,0.0,0.0,0.0
121,4,0.0,0.0,0.0,0.0,0.0
122,0,0.0,-0.15974269581730816,0.0,0.0,0.0
122,1,0.0,0.0,0.0,0.0,-1.7803229620231555
122,2,0.0,0.0,0.0,0.0,0.0
122,3,0.0,0.0,0.0,0.0,0.0
122,4,0.0,0.0,0.0,0.0,0.0
123,0,0.0,-0.16259641645419254,0.0,0.0,0.0
123,1,0.0,0.0,0.0,0.0,-1.793282787241377
123,2,0.0,0.0,0.0,0.0,0.0
123,3,0.0,0.0,0.0,0.0,0.0
123,4,0.0,0.0,0.0,0.0,0.0
124,0,0.0,-0.16547330463942225,0.0,0.0,0.0
124,1,0.0,0.0,0.0,0.0,-1.808701514974929
124,2,0.0,0.0,0.0,0.0,0.0
124,3,0.0,0.0,0.0,0.0,0.0
124,4,0.0,0.0,0.0,0.0,0.0
125,0,0.0,-0.16837922934530522,0.0,0.0,0.0
125,1,0.0,0.0,0.0,0.0,-1.816570962269025
125,2,0.0,0.0,0.0,0.0,0.0
125,3,0.0,0.0,0.0,0.0,0.0
125,4,0.0,0.0,0.0,0.0,0.0
126,0,0.0,-0.17129592038935434,0.0,0.0,0.0
126,1,0.0,0.0,0.0,0.0,-1.831916306955775
126,2,0.0,0.0,0.0,0.0,0.0
126,3,0.0,0.0,0.0,0.0,0.0
126,4,0.0,0.0,0.0,0.0,0.0
127,0,0.0,-0.17424137506661735,0.0,0.0,0.0
127,1,0.0,0.0,0.0,0.0,-1.837212637232069
127,2,0.0,0.0,0.0,0.0,0.0
127,3,0.0,0.0,0.0,0.0,0.0
127,4,0.0,0.0,0.0,0.0,0.0
128,0,0.0,-0.1771912876238859,0.0,0.0,0.0
128,1,0.0,0.0,0.0,0.0,-1.8449934624220081
128,2,0.0,0.0,0.0,0.0,0.0
128,3,0.0,0.0,0.0,0.0,0.0
128,4,0.0,0.0,0.0,0.0,0.0
129,0,0.0,-0.1801516394335445,0.0,0.0,0.0
129,1,0.0,0.0,0.0,0.0,-1.8552505035071045
129,2,0.0,0.0,0.0,0.0,0.0
129,3,0.0,0.0,0.0,0.0,0.0
129,4,0.0,0.0,0.0,0.0,0.0
130,0,0.0,-0.18312837616836064,0.0,0.0,0.0
130,1,0.0,0.0,0.0,0.0,-1.8579898591504946
130,2,0.0,0.0,0.0,0.0,0.0
130,3,0.0,0.0,0.0,0.0,0.0
130,4,0.0,0.0,0.0,0.0,0.0
131,0,0.0,-0.1861033256611706,0.0,0.0,0.0
131,1,0.0,0.0,0.0,0.0,-1.865707879957329
131,2,0.0,0.0,0.0,0.0,0.0
131,3,0.0,0.0,0.0,0.0,0.0
131,4,0.0,0.0,0.0,0.0,0.0
132,0,0.0,-0.18908850146036651,0.0,0.0,0.0
132,1,0.0,0.0,0.0,0.0,-1.8709023383142693
132,2,0.0,0.0,0.0,0.0,0.0
132,3,0.0,0.0,0.0,0.0,0.0
132,4,0.0,0.0,0.0,0.0,0.0
133,0,0.0,-0.19207779169499725,0.0,0.0,0.0
133,1,0.0,0.0,0.0,0.0,-1.8810816504586072
133,2,0.0,0.0,0.0,0.0,0.0
133,3,0.0,0.0,0.0,0.0,0.0
133,4,0.0,0.0,0.0,0.0,0.0
134,0,0.0,-0.1950832099060794,0.0,0.0,0.0
134,1,0.0,0.0,0.0,0.0,-1.8887292034637746
134,2,0.0,0.0,0.0,0.0,0.0
134,3,0.0,0.0,0.0,0.0,0.0
134,4,0.0,0.0,0.0,0.0,0.0
135,0,0.0,-0.19809860769089452,0.0,0.0,0.0
135,1,0.0,0.0,0.0,0.0,-1.9063534442917498
135,2,0.0,0.0,0.0,0.0,0.0
135,3,0.0,0.0,0.0,0.0,0.0
135,4,0.0,0.0,0.0,0.0,0.0
136,0,0.0,-0.20114803027375075,0.0,0.0,0.0
136,1,0.0,0.0,0.0,0.0,-1.908946199590933
136,2,0.0,0.0,0.0,0.0,0.0
136,3,0.0,0.0,0.0,0.0,0.0
136,4,0.0,0.0,0.0,0.0,0.0
137,0,0.0,-0.20419512030741388,0.0,0.0,0.0
137,1,0.0,0.0,0.0,0.0,-1.926507403787092
137,2,0.0,0.0,0.0,0.0,0.0
137,3,0.0,0.0,0.0,0.0,0.0
137,4,0.0,0.0,0.0,0.0,0.0
138,0,0.0,-0.20727600653115286,0.0,0.0,0.0
138,1,0.0,0.0,0.0,0.0,-1.9290429706701429
138,2,0.0,0.0,0.0,0.0,0.0
138,3,0.0,0.0,0.0,0.0,0.0
138,4,0.0,0.0,0.0,0.0,0.0
139,0,0.0,-0.21035433698015937,0.0,0.0,0.0
139,1,0.0,0.0,0.0,0.0,-1.9440415650066918
139,2,0.0,0.0,0.0,0.0,0.0
139,3,0.0,0.0,0.0,0.0,0.0
139,4,0.0,0.0,0.0,0.0,0.0
140,0,0.0,-0.2134602010871205,0.0,0.0,0.0
140,1,0.0,0.0,0.0,0.0,-1.95649238484608
140,2,0.0,0.0,0.0,0.0,0.0
140,3,0.0,0.0,0.0,0.0,0.0
140,4,0.0,0.0,0.0,0.0,0.0
141,0,0.0,-0.21658737765149869,0.0,0.0,0.0
141,1,0.0,0.0,0.0,0.0,-1.9639039371114189
141,2,0.0,0.0,0.0,0.0,0.0
141,3,0.0,0.0,0.0,0.0,0.0
141,4,0.0,0.0,0.0,0.0,0.0
142,0,0.0,-0.2197236428164242,0.0,0.0,0.0
142,1,0.0,0.0,0.0,0.0,-1.9787930293289329
142,2,0.0,0.0,0.0,0.0,0.0
142,3,0.0,0.0,0.0,0.0,0.0
142,4,0.0,0.0,0.0,0.0,0.0
143,0,0.0,-0.22288703233651583,0.0,0.0,0.0
143,1,0.0,0.0,0.0,0.0,-1.98118361977571
143,2,0.0,0.0,0.0,0.0,0.0
143,3,0.0,0.0,0.0,0.0,0.0
143,4,0.0,0.0,0.0,0.0,0.0
144,0,0.0,-0.2260472916754224,0.0,0.0,0.0
144,1,0.0,0.0,0.0,0.0,-1.9885195591985452
144,2,0.0,0.0,0.0,0.0,0.0
144,3,0.0,0.0,0.0,0.0,0.0
144,4,0.0,0.0,0.0,0.0,0.0
145,0,0.0,-0.22921637214204058,0.0,0.0,0.0
145,1,0.0,0.0,0.0,0.0,-2.003333307877843
145,2,0.0,0.0,0.0,0.0,0.0
145,3,0.0,0.0,0.0,0.0,0.0
145,4,0.0,0.0,0.0,0.0,0.0
146,0,0.0,-0.23241231351779384,0.0,0.0,0.0
146,1,0.0,0.0,0.0,0.0,-2.023099946591822
146,2,0.0,0.0,0.0,0.0,0.0
146,3,0.0,0.0,0.0,0.0,0.0
146,4,0.0,0.0,0.0,0.0,0.0
147,0,0.0,-0.23564701637008184,0.0,0.0,0.0
147,1,0.0,0.0,0.0,0.0,-2.0378029820820047
147,2,0.0,0.0,0.0,0.0,0.0
147,3,0.0,0.0,0.0,0.0,0.0
147,4,0.0,0.0,0.0,0.0,0.0
148,0,0.0,-0.23890814521036166,0.0,0.0,0.0
148,1,0.0,0.0,0.0,0.0,-2.0474593130326366
148,2,0.0,0.0,0.0,0.0,0.0
148,3,0.0,0.0,0.0,0.0,0.0
148,4,0.0,0.0,0.0,0.0,0.0
149,0,0.0,-0.24218343106470958,0.0,0.0,0.0
149,1,0.0,0.0,0.0,0.0,-2.0645857747181307
149,2,0.0,0.0,0.0,0.0,0.0
149,3,0.0,0.0,0.0,0.0,0.0
149,4,0.0,0.0,0.0,0.0,0.0
150,0,0.0,-0.2454908996989096,0.0,0.0,0.0
150,1,0.0,0.0,0.0,0.0,-2.0667500982340172
150,2,0.0,0.0,0.0,0.0,0.0
150,3,0.0,0.0,0.0,0.0,0.0
150,4,0.0,0.0,0.0,0.0,0.0
151,0,0.0,-0.2487942926273853,0.0,0.0,0.0
151,1,0.0,0.0,0.0,0.0,-2.0788168012659165
151,2,0.0,0.0,0.0,0.0,0.0
151,3,0.0,0.0,0.0,0.0,0.0
151,4,0.0,0.0,0.0,0.0,0.0
152,0,0.0,-0.25211756116089246,0.0,0.0,0.0
152,1,0.0,0.0,0.0,0.0,-2.0883456240859934
152,2,0.0,0.0,0.0,0.0,0.0
152,3,0.0,0.0,0.0,0.0,0.0
152,4,0.0,0.0,0.0,0.0,0.0
153,0,0.0,-0.25545451554796,0.0,0.0,0.0
153,1,0.0,0.0,0.0,0.0,-2.102845036274825
153,2,0.0,0.0,0.0,0.0,0.0
153,3,0.0,0.0,0.0,0.0,0.0
153,4,0.0,0.0,0.0,0.0,0.0
154,0,0.0,-0.2588171427336543,0.0,0.0,0.0
154,1,0.0,0.0,0.0,0.0,-2.1049149539004803
154,2,0.0,0.0,0.0,0.0,0.0
154,3,0.0,0.0,0.0,0.0,0.0
154,4,0.0,0.0,0.0,0.0,0.0
155,0,0.0,-0.26217531879420464,0.0,0.0,0.0
155,1,0.0,0.0,0.0,0.0,-2.1069804562151306
155,2,0.0,0.0,0.0,0.0,0.0
155,3,0.0,0.0,0.0,0.0,0.0
155,4,0.0,0.0,0.0,0.0,0.0
156,0,0.0,-0.2655290504433561,0.0,0.0,0.0
156,1,0.0,0.0,0.0,0.0,-2.118924540817558
156,2,0.0,0.0,0.0,0.0,0.0
156,3,0.0,0.0,0.0,0.0,0.0
156,4,0.0,0.0,0.0,0.0,0.0
157,0,0.0,-0.2689022332722471,0.0,0.0,0.0
157,1,0.0,0.0,0.0,0.0,-2.1283311808811107
157,2,0.0,0.0,0.0,0.0,0.0
157,3,0.0,0.0,0.0,0.0,0.0
157,4,0.0,0.0,0.0,0.0,0.0
158,0,0.0,-0.27228867886444047,0.0,0.0,0.0
158,1,0.0,0.0,0.0,0.0,-2.1452088443047983
158,2,0.0,0.0,0.0,0.0,0.0
158,3,0.0,0.0,0.0,0.0,0.0
158,4,0.0,0.0,0.0,0.0,0.0
159,0,0.0,-0.2757064254192454,0.0,0.0,0.0
159,1,0.0,0.0,0.0,0.0,-2.167032637085717
159,2,0.0,0.0,0.0,0.0,0.0
159,3,0.0,0.0,0.0,0.0,0.0
159,4,0.0,0.0,0.0,0.0,0.0
160,0,0.0,-0.27916736328605896,0.0,0.0,0.0
160,1,0.0,0.0,0.0,0.0,-2.1737860910839437
160,2,0.0,0.0,0.0,0.0,0.0
160,3,0.0,0.0,0.0,0.0,0.0
160,4,0.0,0.0,0.0,0.0,0.0
161,0,0.0,-0.28263490458117047,0.0,0.0,0.0
161,1,0.0,0.0,0.0,0.0,-2.180519460131812
161,2,0.0,0.0,0.0,0.0,0.0
161,3,0.0,0.0,0.0,0.0,0.0
161,4,0.0,0.0,0.0,0.0,0.0
162,0,0.0,-0.2861089846385168,0.0,0.0,0.0
162,1,0.0,0.0,0.0,0.0,-2.1897328143822103
162,2,0.0,0.0,0.0,0.0,0.0
162,3,0.0,0.0,0.0,0.0,0.0
162,4,0.0,0.0,0.0,0.0,0.0
163,0,0.0,-0.2895955896642196,0.0,0.0,0.0
163,1,0.0,0.0,0.0,0.0,-2.19391789118831
163,2,0.0,0.0,0.0,0.0,0.0
163,3,0.0,0.0,0.0,0.0,0.0
163,4,0.0,0.0,0.0,0.0,0.0
164,0,0.0,-0.29308251727839146,0.0,0.0,0.0
164,1,0.0,0.0,0.0,0.0,-2.2155914564780743
164,2,0.0,0.0,0.0,0.0,0.0
164,3,0.0,0.0,0.0,0.0,0.0
164,4,0.0,0.0,0.0,0.0,0.0
165,0,0.0,-0.2966120992616869,0.0,0.0,0.0
165,1,0.0,0.0,0.0,0.0,-2.229695220510075
165,2,0.0,0.0,0.0,0.0,0.0
165,3,0.0,0.0,0.0,0.0,0.0
165,4,0.0,0.0,0.0,0.0,0.0
166,0,0.0,-0.3001658983130548,0.0,0.0,0.0
166,1,0.0,0.0,0.0,0.0,-2.243754437435764
166,2,0.0,0.0,0.0,0.0,0.0
166,3,0.0,0.0,0.0,0.0,0.0
166,4,0.0,0.0,0.0,0.0,0.0
167,0,0.0,-0.30374374279304023,0.0,0.0,0.0
167,1,0.0,0.0,0.0,0.0,-2.252769269064695
167,2,0.0,0.0,0.0,0.0,0.0
167,3,0.0,0.0,0.0,0.0,0.0
167,4,0.0,0.0,0.0,0.0,0.0
168,0,0.0,-0.3073333517399077,0.0,0.0,0.0
168,1,0.0,0.0,0.0,0.0,-2.2667565416373585
168,2,0.0,0.0,0.0,0.0,0.0
168,3,0.0,0.0,0.0,0.0,0.0
168,4,0.0,0.0,0.0,0.0,0.0
169,0,0.0,-0.31094673792677535,0.0,0.0,0.0
169,1,0.0,0.0,0.0,0.0,-2.2706996881456414
169,2,0.0,0.0,0.0,0.0,0.0
169,3,0.0,0.0,0.0,0.0,0.0
169,4,0.0,0.0,0.0,0.0,0.0
170,0,0.0,-0.31455950884997497,0.0,0.0,0.0
170,1,0.0,0.0,0.0,0.0,-2.279632198884902
170,2,0.0,0.0,0.0,0.0,0.0
170,3,0.0,0.0,0.0,0.0,0.0
170,4,0.0,0.0,0.0,0.0,0.0
171,0,0.0,-0.31818375343098587,0.0,0.0,0.0
171,1,0.0,0.0,0.0,0.0,-2.283537443353324
171,2,0.0,0.0,0.0,0.0,0.0
171,3,0.0,0.0,0.0,0.0,0.0
171,4,0.0,0.0,0.0,0.0,0.0
172,0,0.0,-0.3218072660568319,0.0,0.0,0.0
172,1,0.0,0.0,0.0,0.0,-2.297432183541874
172,2,0.0,0.0,0.0,0.0,0.0
172,3,0.0,0.0,0.0,0.0,0.0
172,4,0.0,0.0,0.0,0.0,0.0
173,0,0.0,-0.3254542449771231,0.0,0.0,0.0
173,1,0.0,0.0,0.0,0.0,-2.311283123385298
173,2,0.0,0.0,0.0,0.0,0.0
173,3,0.0,0.0,0.0,0.0,0.0
173,4,0.0,0.0,0.0,0.0,0.0
174,0,0.0,-0.32912452190961755,0.0,0.0,0.0
174,1,0.0,0.0,0.0,0.0,-2.3250904218011157
174,2,0.0,0.0,0.0,0.0,0.0
174,3,0.0,0.0,0.0,0.0,0.0
174,4,0.0,0.0,0.0,0.0,0.0
175,0,0.0,-0.3328179292792597,0.0,0.0,0.0
175,1,0.0,0.0,0.0,0.0,-2.3338542370848376
175,2,0.0,0.0,0.0,0.0,0.0
175,3,0.0,0.0,0.0,0.0,0.0
175,4,0.0,0.0,0.0,0.0,0.0
176,0,0.0,-0.3365221854136234,0.0,0.0,0.0
176,1,0.0,0.0,0.0,0.0,-2.347591391977239
176,2,0.0,0.0,0.0,0.0,0.0
176,3,0.0,0.0,0.0,0.0,0.0
176,4,0.0,0.0,0.0,0.0,0.0
177,0,0.0,-0.3402493122948532,0.0,0.0,0.0
177,1,0.0,0.0,0.0,0.0,-2.35628531598476
177,2,0.0,0.0,0.0,0.0,0.0
177,3,0.0,0.0,0.0,0.0,0.0
177,4,0.0,0.0,0.0,0.0,0.0
178,0,0.0,-0.34398702775425793,0.0,0.0,0.0
178,1,0.0,0.0,0.0,0.0,-2.3724528308668007
178,2,0.0,0.0,0.0,0.0,0.0
178,3,0.0,0.0,0.0,0.0,0.0
178,4,0.0,0.0,0.0,0.0,0.0
179,0,0.0,-0.347753415514191,0.0,0.0,0.0
179,1,0.0,0.0,0.0,0.0,-2.386069032620075
179,2,0.0,0.0,0.0,0.0,0.0
179,3,0.0,0.0,0.0,0.0,0.0
179,4,0.0,0.0,0.0,0.0,0.0
180,0,0.0,-0.35154221553498505,0.0,0.0,0.0
180,1,0.0,0.0,0.0,0.0,-2.4021424407422436
180,2,0.0,0.0,0.0,0.0,0.0
180,3,0.0,0.0,0.0,0.0,0.0
180,4,0.0,0.0,0.0,0.0,0.0
181,0,0.0,-0.35535932480871674,0.0,0.0,0.0
181,1,0.0,0.0,0.0,0.0,-2.4036058417621864
181,2,0.0,0.0,0.0,0.0,0.0
181,3,0.0,0.0,0.0,0.0,0.0
181,4,0.0,0.0,0.0,0.0,0.0
182,0,0.0,-0.3591692824225963,0.0,0.0,0.0
182,1,0.0,0.0,0.0,0.0,-2.414625492560937
182,2,0.0,0.0,0.0,0.0,0.0
182,3,0.0,0.0,0.0,0.0,0.0
182,4,0.0,0.0,0.0,0.0,0.0
183,0,0.0,-0.3629952426208981,0.0,0.0,0.0
183,1,0.0,0.0,0.0,0.0,-2.416068448554329
183,2,0.0,0.0,0.0,0.0,0.0
183,3,0.0,0.0,0.0,0.0,0.0
183,4,0.0,0.0,0.0,0.0,0.0
184,0,0.0,-0.3668139848543112,0.0,0.0,0.0
184,1,0.0,0.0,0.0,0.0,-2.4175088452045856
184,2,0.0,0.0,0.0,0.0,0.0
184,3,0.0,0.0,0.0,0.0,0.0
184,4,0.0,0.0,0.0,0.0,0.0
185,0,0.0,-0.37062552919186503,0.0,0.0,0.0
185,1,0.0,0.0,0.0,0.0,-2.4309889292501468
185,2,0.0,0.0,0.0,0.0,0.0
185,3,0.0,0.0,0.0,0.0,0.0
185,4,0.0,0.0,0.0,0.0,0.0
186,0,0.0,-0.37445903927546176,0.0,0.0,0.0
186,1,0.0,0.0,0.0,0.0,-2.441926701882086
186,2,0.0,0.0,0.0,0.0,0.0
186,3,0.0,0.0,0.0,0.0,0.0
186,4,0.0,0.0,0.0,0.0,0.0
187,0,0.0,-0.37830829470826355,0.0,0.0,0.0
187,1,0.0,0.0,0.0,0.0,-2.4503306487597416
187,2,0.0,0.0,0.0,0.0,0.0
187,3,0.0,0.0,0.0,0.0,0.0
187,4,0.0,0.0,0.0,0.0,0.0
188,0,0.0,-0.38216711231801437,0.0,0.0,0.0
188,1,0.0,0.0,0.0,0.0,-2.458709223700108
188,2,0.0,0.0,0.0,0.0,0.0
188,3,0.0,0.0,0.0,0.0,0.0
188,4,0.0,0.0,0.0,0.0,0.0
189,0,0.0,-0.38603540570932887,0.0,0.0,0.0
189,1,0.0,0.0,0.0,0.0,-2.4600826064177537
189,2,0.0,0.0,0.0,0.0,0.0
189,3,0.0,0.0,0.0,0.0,0.0
189,4,0.0,0.0,0.0,0.0,0.0
190,0,0.0,-0.3898962146872489,0.0,0.0,0.0
190,1,0.0,0.0,0.0,0.0,-2.468433362497273
190,2,0.0,0.0,0.0,0.0,0.0
190,3,0.0,0.0,0.0,0.0,0.0
190,4,0.0,0.0,0.0,0.0,0.0
191,0,0.0,-0.39376643097846925,0.0,0.0,0.0
191,1,0.0,0.0,0.0,0.0,-2.4817589311993835
191,2,0.0,0.0,0.0,0.0,0.0
191,3,0.0,0.0,0.0,0.0,0.0
191,4,0.0,0.0,0.0,0.0,0.0
192,0,0.0,-0.39765808478738085,0.0,0.0,0.0
192,1,0.0,0.0,0.0,0.0,-2.4900427363275304
192,2,0.0,0.0,0.0,0.0,0.0
192,3,0.0,0.0,0.0,0.0,0.0
192,4,0.0,0.0,0.0,0.0,0.0
193,0,0.0,-0.401558900267096,0.0,0.0,0.0
193,1,0.0,0.0,0.0,0.0,-2.5008015939613477
193,2,0.0,0.0,0.0,0.0,0.0
193,3,0.0,0.0,0.0,0.0,0.0
193,4,0.0,0.0,0.0,0.0,0.0
194,0,0.0,-0.4054748513759183,0.0,0.0,0.0
194,1,0.0,0.0,0.0,0.0,-2.509027259505636
194,2,0.0,0.0,0.0,0.0,0.0
194,3,0.0,0.0,0.0,0.0,0.0
194,4,0.0,0.0,0.0,0.0,0.0
195,0,0.0,-0.4093997584848688,0.0,0.0,0.0
195,1,0.0,0.0,0.0,0.0,-2.5147281843364704
195,2,0.0,0.0,0.0,0.0,0.0
195,3,0.0,0.0,0.0,0.0,0.0
195,4,0.0,0.0,0.0,0.0,0.0
196,0,0.0,-0.41332748025366195,0.0,0.0,0.0
196,1,0.0,0.0,0.0,0.0,-2.5204127881249003
196,2,0.0,0.0,0.0,0.0,0.0
196,3,0.0,0.0,0.0,0.0,0.0
196,4,0.0,0.0,0.0,0.0,0.0
197,0,0.0,-0.41725797181358876,0.0,0.0,0.0
197,1,0.0,0.0,0.0,0.0,-2.533581126431434
197,2,0.0,0.0,0.0,0.0,0.0
197,3,0.0,0.0,0.0,0.0,0.0
197,4,0.0,0.0,0.0,0.0,0.0
198,0,0.0,-0.42120936125847946,0.0,0.0,0.0
198,1,0.0,0.0,0.0,0.0,-2.5417082570116203
198,2,0.0,0.0,0.0,0.0,0.0
198,3,0.0,0.0,0.0,0.0,0.0
198,4,0.0,0.0,0.0,0.0,0.0
199,0,0.0,-0.42516937575770275,0.0,0.0,0.0
199,1,0.0,0.0,0.0,0.0,-2.5523109938077266
199,2,0.0,0.0,0.0,0.0,0.0
199,3,0.0,0.0,0.0,0.0,0.0
199,4,0.0,0.0,0.0,0.0,0.0
200,0,0.0,-0.42914399185280216,0.0,0.0,0.0
200,1,0.0,0.0,0.0,0.0,-2.562881090095844
200,2,0.0,0.0,0.0,0.0,0.0
200,3,0.0,0.0,0.0,0.0,0.0
200,4,0.0,0.0,0.0,0.0,0.0
201,0,0.0,-0.433133091155304,0.0,0.0,0.0
201,1,0.0,0.0,0.0,0.0,-2.5684186625995995
201,2,0.0,0.0,0.0,0.0,0.0
201,3,0.0,0.0,0.0,0.0,0.0
201,4,0.0,0.0,0.0,0.0,0.0
202,0,0.0,-0.4371244392236608,0.0,0.0,0.0
202,1,0.0,0.0,0.0,0.0,-2.5714620146418663
202,2,0.0,0.0,0.0,0.0,0.0
202,3,0.0,0.0,0.0,0.0,0.0
202,4,0.0,0.0,0.0,0.0,0.0
203,0,0.0,-0.4411119906460359,0.0,0.0,0.0
203,1,0.0,0.0,0.0,0.0,-2.579476384535573
203,2,0.0,0.0,0.0,0.0,0.0
203,3,0.0,0.0,0.0,0.0,0.0
203,4,0.0,0.0,0.0,0.0,0.0
204,0,0.0,-0.4451078016890248,0.0,0.0,0.0
204,1,0.0,0.0,0.0,0.0,-2.582490096209772
204,2,0.0,0.0,0.0,0.0,0.0
204,3,0.0,0.0,0.0,0.0,0.0
204,4,0.0,0.0,0.0,0.0,0.0
205,0,0.0,-0.4490997379554115,0.0,0.0,0.0
205,1,0.0,0.0,0.0,0.0,-2.5929731047397566
205,2,0.0,0.0,0.0,0.0,0.0
205,3,0.0,0.0,0.0,0.0,0.0
205,4,0.0,0.0,0.0,0.0,0.0
206,0,0.0,-0.4531059060263153,0.0,0.0,0.0
206,1,0.0,0.0,0.0,0.0,-2.603423887811518
206,2,0.0,0.0,0.0,0.0,0.0
206,3,0.0,0.0,0.0,0.0,0.0
206,4,0.0,0.0,0.0,0.0,0.0
207,0,0.0,-0.45712618948227063,0.0,0.0,0.0
207,1,0.0,0.0,0.0,0.0,-2.6045927721016335
207,2,0.0,0.0,0.0,0.0,0.0
207,3,0.0,0.0,0.0,0.0,0.0
207,4,0.0,0.0,0.0,0.0,0.0
208,0,0.0,-0.46113812320065783,0.0,0.0,0.0
208,1,0.0,0.0,0.0,0.0,-2.6175094526188687
208,2,0.0,0.0,0.0,0.0,0.0
208,3,0.0,0.0,0.0,0.0,0.0
208,4,0.0,0.0,0.0,0.0,0.0
209,0,0.0,-0.46517013242737426,0.0,0.0,0.0
209,1,0.0,0.0,0.0,0.0,-2.6228858091722094
209,2,0.0,0.0,0.0,0.0,0.0
209,3,0.0,0.0,0.0,0.0,0.0
209,4,0.0,0.0,0.0,0.0,0.0
210,0,0.0,-0.4692038969134902,0.0,0.0,0.0
210,1,0.0,0.0,0.0,0.0,-2.6257805484853987
210,2,0.0,0.0,0.0,0.0,0.0
210,3,0.0,0.0,0.0,0.0,0.0
210,4,0.0,0.0,0.0,0.0,0.0
211,0,0.0,-0.47323340644370165,0.0,0.0,0.0
211,1,0.0,0.0,0.0,0.0,-2.6461347664295456
211,2,0.0,0.0,0.0,0.0,0.0
211,3,0.0,0.0,0.0,0.0,0.0
211,4,0.0,0.0,0.0,0.0,0.0
212,0,0.0,-0.4773009621580189,0.0,0.0,0.0
212,1,0.0,0.0,0.0,0.0,-2.6539238800279747
212,2,0.0,0.0,0.0,0.0,0.0
212,3,0.0,0.0,0.0,0.0,0.0
212,4,0.0,0.0,0.0,0.0,0.0
213,0,0.0,-0.48137602208086827,0.0,0.0,0.0
213,1,0.0,0.0,0.0,0.0,-2.6550301949620874
213,2,0.0,0.0,0.0,0.0,0.0
213,3,0.0,0.0,0.0,0.0,0.0
213,4,0.0,0.0,0.0,0.0,0.0
214,0,0.0,-0.4854424452391007,0.0,0.0,0.0
214,1,0.0,0.0,0.0,0.0,-2.66029427279555
214,2,0.0,0.0,0.0,0.0,0.0
214,3,0.0,0.0,0.0,0.0,0.0
214,4,0.0,0.0,0.0,0.0,0.0
215,0,0.0,-0.4895102647805131,0.0,0.0,0.0
215,1,0.0,0.0,0.0,0.0,-2.670543564841747
215,2,0.0,0.0,0.0,0.0,0.0
215,3,0.0,0.0,0.0,0.0,0.0
215,4,0.0,0.0,0.0,0.0,0.0
216,0,0.0,-0.49359155212690237,0.0,0.0,0.0
216,1,0.0,0.0,0.0,0.0,-2.675761455713255
216,2,0.0,0.0,0.0,0.0,0.0
216,3,0.0,0.0,0.0,0.0,0.0
216,4,0.0,0.0,0.0,0.0,0.0
217,0,0.0,-0.49767408587041634,0.0,0.0,0.0
217,1,0.0,0.0,0.0,0.0,-2.6859647224559717
217,2,0.0,0.0,0.0,0.0,0.0
217,3,0.0,0.0,0.0,0.0,0.0
217,4,0.0,0.0,0.0,0.0,0.0
218,0,0.0,-0.5017699375804306,0.0,0.0,0.0
218,1,0.0,0.0,0.0,0.0,-2.687031943152503
218,2,0.0,0.0,0.0,0.0,0.0
218,3,0.0,0.0,0.0,0.0,0.0
218,4,0.0,0.0,0.0,0.0,0.0
219,0,0.0,-0.5058570182780194,0.0,0.0,0.0
219,1,0.0,0.0,0.0,0.0,-2.6880975271802905
219,2,0.0,0.0,0.0,0.0,0.0
219,3,0.0,0.0,0.0,0.0,0.0
219,4,0.0,0.0,0.0,0.0,0.0
220,0,0.0,-0.5099353545302837,0.0,0.0,0.0
220,1,0.0,0.0,0.0,0.0,-2.6908196165786142
220,2,0.0,0.0,0.0,0.0,0.0
220,3,0.0,0.0,0.0,0.0,0.0
220,4,0.0,0.0,0.0,0.0,0.0
221,0,0.0,-0.5140089191827982,0.0,0.0,0.0
221,1,0.0,0.0,0.0,0.0,-2.7034817963950424
221,2,0.0,0.0,0.0,0.0,0.0
221,3,0.0,0.0,0.0,0.0,0.0
221,4,0.0,0.0,0.0,0.0,0.0
222,0,0.0,-0.5181017844364304,0.0,0.0,0.0
222,1,0.0,0.0,0.0,0.0,-2.7061637116829402
222,2,0.0,0.0,0.0,0.0,0.0
222,3,0.0,0.0,0.0,0.0,0.0
222,4,0.0,0.0,0.0,0.0,0.0
223,0,0.0,-0.5221897441616853,0.0,0.0,0.0
223,1,0.0,0.0,0.0,0.0,-2.718780211064744
223,2,0.0,0.0,0.0,0.0,0.0
223,3,0.0,0.0,0.0,0.0,0.0
223,4,0.0,0.0,0.0,0.0,0.0
224,0,0.0,-0.5262968558989267,0.0,0.0,0.0
224,1,0.0,0.0,0.0,0.0,-2.7263574344701715
224,2,0.0,0.0,0.0,0.0,0.0
224,3,0.0,0.0,0.0,0.0,0.0
224,4,0.0,0.0,0.0,0.0,0.0
225,0,0.0,-0.5304108694695578,0.0,0.0,0.0
225,1,0.0,0.0,0.0,0.0,-2.7273769739456712
225,2,0.0,0.0,0.0,0.0,0.0
225,3,0.0,0.0,0.0,0.0,0.0
225,4,0.0,0.0,0.0,0.0,0.0
226,0,0.0,-0.5345159728153345,0.0,0.0,0.0
226,1,0.0,0.0,0.0,0.0,-2.7349301081509463
226,2,0.0,0.0,0.0,0.0,0.0
226,3,0.0,0.0,0.0,0.0,0.0
226,4,0.0,0.0,0.0,0.0,0.0
227,0,0.0,-0.5386279291197121,0.0,0.0,0.0
227,1,0.0,0.0,0.0,0.0,-2.7399608545366507
227,2,0.0,0.0,0.0,0.0,0.0
227,3,0.0,0.0,0.0,0.0,0.0
227,4,0.0,0.0,0.0,0.0,0.0
228,0,0.0,-0.5427406168283061,0.0,0.0,0.0
228,1,0.0,0.0,0.0,0.0,-2.7474776237821548
228,2,0.0,0.0,0.0,0.0,0.0
228,3,0.0,0.0,0.0,0.0,0.0
228,4,0.0,0.0,0.0,0.0,0.0
229,0,0.0,-0.5468600514549237,0.0,0.0,0.0
229,1,0.0,0.0,0.0,0.0,-2.7599721299602042
229,2,0.0,0.0,0.0,0.0,0.0
229,3,0.0,0.0,0.0,0.0,0.0
229,4,0.0,0.0,0.0,0.0,0.0
230,0,0.0,-0.5509982605015991,0.0,0.0,0.0
230,1,0.0,0.0,0.0,0.0,-2.760953973930341
230,2,0.0,0.0,0.0,0.0,0.0
230,3,0.0,0.0,0.0,0.0,0.0
230,4,0.0,0.0,0.0,0.0,0.0
231,0,0.0,-0.5551274172839026,0.0,0.0,0.0
231,1,0.0,0.0,0.0,0.0,-2.770908101259167
231,2,0.0,0.0,0.0,0.0,0.0
231,3,0.0,0.0,0.0,0.0,0.0
231,4,0.0,0.0,0.0,0.0,0.0
232,0,0.0,-0.5592691761793088,0.0,0.0,0.0
232,1,0.0,0.0,0.0,0.0,-2.7833318534352296
232,2,0.0,0.0,0.0,0.0,0.0
232,3,0.0,0.0,0.0,0.0,0.0
232,4,0.0,0.0,0.0,0.0,0.0
233,0,0.0,-0.5634294786130001,0.0,0.0,0.0
233,1,0.0,0.0,0.0,0.0,-2.788217006000591
233,2,0.0,0.0,0.0,0.0,0.0
233,3,0.0,0.0,0.0,0.0,0.0
233,4,0.0,0.0,0.0,0.0,0.0
234,0,0.0,-0.5675900331322822,0.0,0.0,0.0
234,1,0.0,0.0,0.0,0.0,-2.8005886954531802
234,2,0.0,0.0,0.0,0.0,0.0
234,3,0.0,0.0,0.0,0.0,0.0
234,4,0.0,0.0,0.0,0.0,0.0
235,0,0.0,-0.571768954836085,0.0,0.0,0.0
235,1,0.0,0.0,0.0,0.0,-2.8079219688239667
235,2,0.0,0.0,0.0,0.0,0.0
235,3,0.0,0.0,0.0,0.0,0.0
235,4,0.0,0.0,0.0,0.0,0.0
236,0,0.0,-0.5759540021563977,0.0,0.0,0.0
236,1,0.0,0.0,0.0,0.0,-2.8152336293739597
236,2,0.0,0.0,0.0,0.0,0.0
236,3,0.0,0.0,0.0,0.0,0.0
236,4,0.0,0.0,0.0,0.0,0.0
237,0,0.0,-0.5801451069903184,0.0,0.0,0.0
237,1,0.0,0.0,0.0,0.0,-2.8176359033616047
237,2,0.0,0.0,0.0,0.0,0.0
237,3,0.0,0.0,0.0,0.0,0.0
237,4,0.0,0.0,0.0,0.0,0.0
238,0,0.0,-0.5843303854296555,0.0,0.0,0.0
238,1,0.0,0.0,0.0,0.0,-2.829920702745463
238,2,0.0,0.0,0.0,0.0,0.0
238,3,0.0,0.0,0.0,0.0,0.0
238,4,0.0,0.0,0.0,0.0,0.0
239,0,0.0,-0.5885337553872872,0.0,0.0,0.0
239,1,0.0,0.0,0.0,0.0,-2.8421673888820598
239,2,0.0,0.0,0.0,0.0,0.0
239,3,0.0,0.0,0.0,0.0,0.0
239,4,0.0,0.0,0.0,0.0,0.0
240,0,0.0,-0.592755075356991,0.0,0.0,0.0
240,1,0.0,0.0,0.0,0.0,-2.8468760988138526
240,2,0.0,0.0,0.0,0.0,0.0
240,3,0.0,0.0,0.0,0.0,0.0
240,4,0.0,0.0,0.0,0.0,0.0
241,0,0.0,-0.5969760582029451,0.0,0.0,0.0
241,1,0.0,0.0,0.0,0.0,-2.854071966647051
241,2,0.0,0.0,0.0,0.0,0.0
241,3,0.0,0.0,0.0,0.0,0.0
241,4,0.0,0.0,0.0,0.0,0.0
242,0,0.0,-0.601202724008104,0.0,0.0,0.0
242,1,0.0,0.0,0.0,0.0,-2.8612467020952947
242,2,0.0,0.0,0.0,0.0,0.0
242,3,0.0,0.0,0.0,0.0,0.0
242,4,0.0,0.0,0.0,0.0,0.0
243,0,0.0,-0.6054350070524679,0.0,0.0,0.0
243,1,0.0,0.0,0.0,0.0,-2.8621233903611127
243,2,0.0,0.0,0.0,0.0,0.0
243,3,0.0,0.0,0.0,0.0,0.0
243,4,0.0,0.0,0.0,0.0,0.0
244,0,0.0,-0.6096577579782084,0.0,0.0,0.0
244,1,0.0,0.0,0.0,0.0,-2.874275790857328
244,2,0.0,0.0,0.0,0.0,0.0
244,3,0.0,0.0,0.0,0.0,0.0
244,4,0.0,0.0,0.0,0.0,0.0
245,0,0.0,-0.613898180294372,0.0,0.0,0.0
245,1,0.0,0.0,0.0,0.0,-2.8913905425188964
245,2,0.0,0.0,0.0,0.0,0.0
245,3,0.0,0.0,0.0,0.0,0.0
245,4,0.0,0.0,0.0,0.0,0.0
246,0,0.0,-0.61816823037718,0.0,0.0,0.0
246,1,0.0,0.0,0.0,0.0,-2.898451115545048
246,2,0.0,0.0,0.0,0.0,0.0
246,3,0.0,0.0,0.0,0.0,0.0
246,4,0.0,0.0,0.0,0.0,0.0
247,0,0.0,-0.6224435036287351,0.0,0.0,0.0
247,1,0.0,0.0,0.0,0.0,-2.910491037291013
247,2,0.0,0.0,0.0,0.0,0.0
247,3,0.0,0.0,0.0,0.0,0.0
247,4,0.0,0.0,0.0,0.0,0.0
248,0,0.0,-0.6267360327439585,0.0,0.0,0.0
248,1,0.0,0.0,0.0,0.0,-2.9249937141679796
248,2,0.0,0.0,0.0,0.0,0.0
248,3,0.0,0.0,0.0,0.0,0.0
248,4,0.0,0.0,0.0,0.0,0.0
249,0,0.0,-0.6310517292562072,0.0,0.0,0.0
249,1,0.0,0.0,0.0,0.0,-2.9344509473365905
249,2,0.0,0.0,0.0,0.0,0.0
249,3,0.0,0.0,0.0,0.0,0.0
249,4,0.0,0.0,0.0,0.0,0.0
250,0,0.0,-0.6353783215736644,0.0,0.0,0.0
250,1,0.0,0.0,0.0,0.0,-2.946379566278836
250,2,0.0,0.0,0.0,0.0,0.0
250,3,0.0,0.0,0.0,0.0,0.0
250,4,0.0,0.0,0.0,0.0,0.0
251,0,0.0,-0.6397217600715827,0.0,0.0,0.0
251,1,0.0,0.0,0.0,0.0,-2.9532713397490773
251,2,0.0,0.0,0.0,0.0,0.0
251,3,0.0,0.0,0.0,0.0,0.0
251,4,0.0,0.0,0.0,0.0,0.0
252,0,0.0,-0.6440698106528194,0.0,0.0,0.0
252,1,0.0,0.0,0.0,0.0,-2.957643064952739
252,2,0.0,0.0,0.0,0.0,0.0
252,3,0.0,0.0,0.0,0.0,0.0
252,4,0.0,0.0,0.0,0.0,0.0
253,0,0.0,-0.6484163645898927,0.0,0.0,0.0
253,1,0.0,0.0,0.0,0.0,-2.9745031435615137
253,2,0.0,0.0,0.0,0.0,0.0
253,3,0.0,0.0,0.0,0.0,0.0
253,4,0.0,0.0,0.0,0.0,0.0
254,0,0.0,-0.6527916438564872,0.0,0.0,0.0
254,1,0.0,0.0,0.0,0.0,-2.9813099505475753
254,2,0.0,0.0,0.0,0.0,0.0
254,3,0.0,0.0,0.0,0.0,0.0
254,4,0.0,0.0,0.0,0.0,0.0
255,0,0.0,-0.6571712430213977,0.0,0.0,0.0
255,1,0.0,0.0,0.0,0.0,-2.9905970097589294
255,2,0.0,0.0,0.0,0.0,0.0
255,3,0.0,0.0,0.0,0.0,0.0
255,4,0.0,0.0,0.0,0.0,0.0
256,0,0.0,-0.6615611526120133,0.0,0.0,0.0
256,1,0.0,0.0,0.0,0.0,-2.999856056646168
256,2,0.0,0.0,0.0,0.0,0.0
256,3,0.0,0.0,0.0,0.0,0.0
256,4,0.0,0.0,0.0,0.0,0.0
257,0,0.0,-0.6659612768227856,0.0,0.0,0.0
257,1,0.0,0.0,0.0,0.0,-3.014087190179554
257,2,0.0,0.0,0.0,0.0,0.0
257,3,0.0,0.0,0.0,0.0,0.0
257,4,0.0,0.0,0.0,0.0,0.0
258,0,0.0,-0.670383619338048,0.0,0.0,0.0
258,1,0.0,0.0,0.0,0.0,-3.020773843884014
258,2,0.0,0.0,0.0,0.0,0.0
258,3,0.0,0.0,0.0,0.0,0.0
258,4,0.0,0.0,0.0,0.0,0.0
259,0,0.0,-0.6748098620313712,0.0,0.0,0.0
259,1,0.0,0.0,0.0,0.0,-3.039941176055185
259,2,0.0,0.0,0.0,0.0,0.0
259,3,0.0,0.0,0.0,0.0,0.0
259,4,0.0,0.0,0.0,0.0,0.0
260,0,0.0,-0.6792701982411111,0.0,0.0,0.0
260,1,0.0,0.0,0.0,0.0,-3.0515475903703875
260,2,0.0,0.0,0.0,0.0,0.0
260,3,0.0,0.0,0.0,0.0,0.0
260,4,0.0,0.0,0.0,0.0,0.0
261,0,0.0,-0.6837462353396404,0.0,0.0,0.0
261,1,0.0,0.0,0.0,0.0,-3.0534401019834183
261,2,0.0,0.0,0.0,0.0,0.0
261,3,0.0,0.0,0.0,0.0,0.0
261,4,0.0,0.0,0.0,0.0,0.0
262,0,0.0,-0.6882144458546594,0.0,0.0,0.0
262,1,0.0,0.0,0.0,0.0,-3.060007104231692
262,2,0.0,0.0,0.0,0.0,0.0
262,3,0.0,0.0,0.0,0.0,0.0
262,4,0.0,0.0,0.0,0.0,0.0
263,0,0.0,-0.692686141347011,0.0,0.0,0.0
263,1,0.0,0.0,0.0,0.0,-3.0665552103154727
263,2,0.0,0.0,0.0,0.0,0.0
263,3,0.0,0.0,0.0,0.0,0.0
263,4,0.0,0.0,0.0,0.0,0.0
264,0,0.0,-0.6971612677301025,0.0,0.0,0.0
264,1,0.0,0.0,0.0,0.0,-3.0684195206300604
264,2,0.0,0.0,0.0,0.0,0.0
264,3,0.0,0.0,0.0,0.0,0.0
264,4,0.0,0.0,0.0,0.0,0.0
265,0,0.0,-0.7016285112950996,0.0,0.0,0.0
265,1,0.0,0.0,0.0,0.0,-3.0702803834334444
265,2,0.0,0.0,0.0,0.0,0.0
265,3,0.0,0.0,0.0,0.0,0.0
265,4,0.0,0.0,0.0,0.0,0.0
266,0,0.0,-0.7060878900257084,0.0,0.0,0.0
266,1,0.0,0.0,0.0,0.0,-3.0843023969170638
266,2,0.0,0.0,0.0,0.0,0.0
266,3,0.0,0.0,0.0,0.0,0.0
266,4,0.0,0.0,0.0,0.0,0.0
267,0,0.0,-0.7105688203001023,0.0,0.0,0.0
267,1,0.0,0.0,0.0,0.0,-3.0957806633019036
267,2,0.0,0.0,0.0,0.0,0.0
267,3,0.0,0.0,0.0,0.0,0.0
267,4,0.0,0.0,0.0,0.0,0.0
268,0,0.0,-0.7150650887589589,0.0,0.0,0.0
268,1,0.0,0.0,0.0,0.0,-3.097592132279698
268,2,0.0,0.0,0.0,0.0,0.0
268,3,0.0,0.0,0.0,0.0,0.0
268,4,0.0,0.0,0.0,0.0,0.0
269,0,0.0,-0.7195532967735057,0.0,0.0,0.0
269,1,0.0,0.0,0.0,0.0,-3.101532275486636
269,2,0.0,0.0,0.0,0.0,0.0
269,3,0.0,0.0,0.0,0.0,0.0
269,4,0.0,0.0,0.0,0.0,0.0
270,0,0.0,-0.7240385898005401,0.0,0.0,0.0
270,1,0.0,0.0,0.0,0.0,-3.103333072857597
270,2,0.0,0.0,0.0,0.0,0.0
270,3,0.0,0.0,0.0,0.0,0.0
270,4,0.0,0.0,0.0,0.0,0.0
271,0,0.0,-0.7285158348575766,0.0,0.0,0.0
271,1,0.0,0.0,0.0,0.0,-3.1122590187247603
271,2,0.0,0.0,0.0,0.0,0.0
271,3,0.0,0.0,0.0,0.0,0.0
271,4,0.0,0.0,0.0,0.0,0.0
272,0,0.0,-0.7330022583227518,0.0,0.0,0.0
272,1,0.0,0.0,0.0,0.0,-3.1161590541906037
272,2,0.0,0.0,0.0,0.0,0.0
272,3,0.0,0.0,0.0,0.0,0.0
272,4,0.0,0.0,0.0,0.0,0.0
273,0,0.0,-0.7374856813898293,0.0,0.0,0.0
273,1,0.0,0.0,0.0,0.0,-3.1168070907223426
273,2,0.0,0.0,0.0,0.0,0.0
273,3,0.0,0.0,0.0,0.0,0.0
273,4,0.0,0.0,0.0,0.0,0.0
274,0,0.0,-0.7419583968375555,0.0,0.0,0.0
274,1,0.0,0.0,0.0,0.0,-3.128195561336846
274,2,0.0,0.0,0.0,0.0,0.0
274,3,0.0,0.0,0.0,0.0,0.0
274,4,0.0,0.0,0.0,0.0,0.0
275,0,0.0,-0.7464462603336944,0.0,0.0,0.0
275,1,0.0,0.0,0.0,0.0,-3.1288335179136615
275,2,0.0,0.0,0.0,0.0,0.0
275,3,0.0,0.0,0.0,0.0,0.0
275,4,0.0,0.0,0.0,0.0,0.0
276,0,0.0,-0.7509233868928707,0.0,0.0,0.0
276,1,0.0,0.0,0.0,0.0,-3.135186325827655
276,2,0.0,0.0,0.0,0.0,0.0
276,3,0.0,0.0,0.0,0.0,0.0
276,4,0.0,0.0,0.0,0.0,0.0
277,0,0.0,-0.7554034772657118,0.0,0.0,0.0
277,1,0.0,0.0,0.0,0.0,-3.1465209682077493
277,2,0.0,0.0,0.0,0.0,0.0
277,3,0.0,0.0,0.0,0.0,0.0
277,4,0.0,0.0,0.0,0.0,0.0
278,0,0.0,-0.7598985663847612,0.0,0.0,0.0
278,1,0.0,0.0,0.0,0.0,-3.1553208419357213
278,2,0.0,0.0,0.0,0.0,0.0
278,3,0.0,0.0,0.0,0.0,0.0
278,4,0.0,0.0,0.0,0.0,0.0
279,0,0.0,-0.764402485600063,0.0,0.0,0.0
279,1,0.0,0.0,0.0,0.0,-3.1640944037460663
279,2,0.0,0.0,0.0,0.0,0.0
279,3,0.0,0.0,0.0,0.0,0.0
279,4,0.0,0.0,0.0,0.0,0.0
280,0,0.0,-0.7689151472971076,0.0,0.0,0.0
280,1,0.0,0.0,0.0,0.0,-3.1728417461155938
280,2,0.0,0.0,0.0,0.0,0.0
280,3,0.0,0.0,0.0,0.0,0.0
280,4,0.0,0.0,0.0,0.0,0.0
281,0,0.0,-0.7734364643352359,0.0,0.0,0.0
281,1,0.0,0.0,0.0,0.0,-3.184062961166695
281,2,0.0,0.0,0.0,0.0,0.0
281,3,0.0,0.0,0.0,0.0,0.0
281,4,0.0,0.0,0.0,0.0,0.0
282,0,0.0,-0.7779723933102289,0.0,0.0,0.0
282,1,0.0,0.0,0.0,0.0,-3.1952498081364196
282,2,0.0,0.0,0.0,0.0,0.0
282,3,0.0,0.0,0.0,0.0,0.0
282,4,0.0,0.0,0.0,0.0,0.0
283,0,0.0,-0.782522810933704,0.0,0.0,0.0
283,1,0.0,0.0,0.0,0.0,-3.2014024096866116
283,2,0.0,0.0,0.0,0.0,0.0
283,3,0.0,0.0,0.0,0.0,0.0
283,4,0.0,0.0,0.0,0.0,0.0
284,0,0.0,-0.7870755073306663,0.0,0.0,0.0
284,1,0.0,0.0,0.0,0.0,-3.205042611798824
284,2,0.0,0.0,0.0,0.0,0.0
284,3,0.0,0.0,0.0,0.0,0.0
284,4,0.0,0.0,0.0,0.0,0.0
285,0,0.0,-0.7916244050592866,0.0,0.0,0.0
285,1,0.0,0.0,0.0,0.0,-3.213668664082495
285,2,0.0,0.0,0.0,0.0,0.0
285,3,0.0,0.0,0.0,0.0,0.0
285,4,0.0,0.0,0.0,0.0,0.0
286,0,0.0,-0.7961815673677272,0.0,0.0,0.0
286,1,0.0,0.0,0.0,0.0,-3.2172748674828453
286,2,0.0,0.0,0.0,0.0,0.0
286,3,0.0,0.0,0.0,0.0,0.0
286,4,0.0,0.0,0.0,0.0,0.0
287,0,0.0,-0.8007348397006184,0.0,0.0,0.0
287,1,0.0,0.0,0.0,0.0,-3.2283662392564203
287,2,0.0,0.0,0.0,0.0,0.0
287,3,0.0,0.0,0.0,0.0,0.0
287,4,0.0,0.0,0.0,0.0,0.0
288,0,0.0,-0.8053023246389773,0.0,0.0,0.0
288,1,0.0,0.0,0.0,0.0,-3.2369236925142086
288,2,0.0,0.0,0.0,0.0,0.0
288,3,0.0,0.0,0.0,0.0,0.0
288,4,0.0,0.0,0.0,0.0,0.0
289,0,0.0,-0.8098778587180832,0.0,0.0,0.0
289,1,0.0,0.0,0.0,0.0,-3.2529556807453384
289,2,0.0,0.0,0.0,0.0,0.0
289,3,0.0,0.0,0.0,0.0,0.0
289,4,0.0,0.0,0.0,0.0,0.0
290,0,0.0,-0.8144794863075366,0.0,0.0,0.0
290,1,0.0,0.0,0.0,0.0,-3.2639372955972474
290,2,0.0,0.0,0.0,0.0,0.0
290,3,0.0,0.0,0.0,0.0,0.0
290,4,0.0,0.0,0.0,0.0,0.0
291,0,0.0,-0.8190949277485257,0.0,0.0,0.0
291,1,0.0,0.0,0.0,0.0,-3.274885384769765
291,2,0.0,0.0,0.0,0.0,0.0
291,3,0.0,0.0,0.0,0.0,0.0
291,4,0.0,0.0,0.0,0.0,0.0
292,0,0.0,-0.8237240639398169,0.0,0.0,0.0
292,1,0.0,0.0,0.0,0.0,-3.2754030349624568
292,2,0.0,0.0,0.0,0.0,0.0
292,3,0.0,0.0,0.0,0.0,0.0
292,4,0.0,0.0,0.0,0.0,0.0
293,0,0.0,-0.8283418192548692,0.0,0.0,0.0
293,1,0.0,0.0,0.0,0.0,-3.275920056282623
293,2,0.0,0.0,0.0,0.0,0.0
293,3,0.0,0.0,0.0,0.0,0.0
293,4,0.0,0.0,0.0,0.0,0.0
294,0,0.0,-0.8329482302895014,0.0,0.0,0.0
294,1,0.0,0.0,0.0,0.0,-3.2893339226873684
294,2,0.0,0.0,0.0,0.0,0.0
294,3,0.0,0.0,0.0,0.0,0.0
294,4,0.0,0.0,0.0,0.0,0.0
295,0,0.0,-0.8375743210981677,0.0,0.0,0.0
295,1,0.0,0.0,0.0,0.0,-3.3052061688278136
295,2,0.0,0.0,0.0,0.0,0.0
295,3,0.0,0.0,0.0,0.0,0.0
295,4,0.0,0.0,0.0,0.0,0.0
296,0,0.0,-0.842225979193983,0.0,0.0,0.0
296,1,0.0,0.0,0.0,0.0,-3.3135286119330103
296,2,0.0,0.0,0.0,0.0,0.0
296,3,0.0,0.0,0.0,0.0,0.0
296,4,0.0,0.0,0.0,0.0,0.0
297,0,0.0,-0.8468848868491518,0.0,0.0,0.0
297,1,0.0,0.0,0.0,0.0,-3.3149956482631837
297,2,0.0,0.0,0.0,0.0,0.0
297,3,0.0,0.0,0.0,0.0,0.0
297,4,0.0,0.0,0.0,0.0,0.0
298,0,0.0,-0.8515345130482314,0.0,0.0,0.0
298,1,0.0,0.0,0.0,0.0,-3.3257909330214743
298,2,0.0,0.0,0.0,0.0,0.0
298,3,0.0,0.0,0.0,0.0,0.0
298,4,0.0,0.0,0.0,0.0,0.0
299,0,0.0,-0.8561973724411035,0.0,0.0,0.0
299,1,0.0,0.0,0.0,0.0,-3.3365533516235386
299,2,0.0,0.0,0.0,0.0,0.0
299,3,0.0,0.0,0.0,0.0,0.0
299,4,0.0,0.0,0.0,0.0,0.0
300,0,0.0,-0.8608733491477107,0.0,0.0,0.0
300,1,0.0,0.0,0.0,0.0,-3.3447830209564793
300,2,0.0,0.0,0.0,0.0,0.0
300,3,0.0,0.0,0.0,0.0,0.0
300,4,0.0,0.0,0.0,0.0,0.0
301,0,0.0,-0.8655562862287032,0.0,0.0,0.0
301,1,0.0,0.0,0.0,0.0,-3.3554883899880816
301,2,0.0,0.0,0.0,0.0,0.0
301,3,0.0,0.0,0.0,0.0,0.0
301,4,0.0,0.0,0.0,0.0,0.0
302,0,0.0,-0.8702521477731816,0.0,0.0,0.0
302,1,0.0,0.0,0.0,0.0,-3.3568981883556286
302,2,0.0,0.0,0.0,0.0,0.0
302,3,0.0,0.0,0.0,0.0,0.0
302,4,0.0,0.0,0.0,0.0,0.0
303,0,0.0,-0.87493849676576,0.0,0.0,0.0
303,1,0.0,0.0,0.0,0.0,-3.3600980735572556
303,2,0.0,0.0,0.0,0.0,0.0
303,3,0.0,0.0,0.0,0.0,0.0
303,4,0.0,0.0,0.0,0.0,0.0
304,0,0.0,-0.8796196296000868,0.0,0.0,0.0
304,1,0.0,0.0,0.0,0.0,-3.3732609391755877
304,2,0.0,0.0,0.0,0.0,0.0
304,3,0.0,0.0,0.0,0.0,0.0
304,4,0.0,0.0,0.0,0.0,0.0
305,0,0.0,-0.8843196316304665,0.0,0.0,0.0
305,1,0.0,0.0,0.0,0.0,-3.3788830669628322
305,2,0.0,0.0,0.0,0.0,0.0
305,3,0.0,0.0,0.0,0.0,0.0
305,4,0.0,0.0,0.0,0.0,0.0
306,0,0.0,-0.8890202308218229,0.0,0.0,0.0
306,1,0.0,0.0,0.0,0.0,-3.3802608319181537
306,2,0.0,0.0,0.0,0.0,0.0
306,3,0.0,0.0,0.0,0.0,0.0
306,4,0.0,0.0,0.0,0.0,0.0
307,0,0.0,-0.8937112383626882,0.0,0.0,0.0
307,1,0.0,0.0,0.0,0.0,-3.3806922134245685
307,2,0.0,0.0,0.0,0.0,0.0
307,3,0.0,0.0,0.0,0.0,0.0
307,4,0.0,0.0,0.0,0.0,0.0
308,0,0.0,-0.8983905315306511,0.0,0.0,0.0
308,1,0.0,0.0,0.0,0.0,-3.383830745799836
308,2,0.0,0.0,0.0,0.0,0.0
308,3,0.0,0.0,0.0,0.0,0.0
308,4,0.0,0.0,0.0,0.0,0.0
309,0,0.0,-0.9030644914990066,0.0,0.0,0.0
309,1,0.0,0.0,0.0,0.0,-3.3944274149675793
309,2,0.0,0.0,0.0,0.0,0.0
309,3,0.0,0.0,0.0,0.0,0.0
309,4,0.0,0.0,0.0,0.0,0.0
310,0,0.0,-0.9077511431782832,0.0,0.0,0.0
310,1,0.0,0.0,0.0,0.0,-3.404991902573316
310,2,0.0,0.0,0.0,0.0,0.0
310,3,0.0,0.0,0.0,0.0,0.0
310,4,0.0,0.0,0.0,0.0,0.0
311,0,0.0,-0.9124503738946544,0.0,0.0,0.0
311,1,0.0,0.0,0.0,0.0,-3.4063351854663915
311,2,0.0,0.0,0.0,0.0,0.0
311,3,0.0,0.0,0.0,0.0,0.0
311,4,0.0,0.0,0.0,0.0,0.0
312,0,0.0,-0.9171399492900614,0.0,0.0,0.0
312,1,0.0,0.0,0.0,0.0,-3.4118653878435588
312,2,0.0,0.0,0.0,0.0,0.0
312,3,0.0,0.0,0.0,0.0,0.0
312,4,0.0,0.0,0.0,0.0,0.0
313,0,0.0,-0.921829940447278,0.0,0.0,0.0
313,1,0.0,0.0,0.0,0.0,-3.4298803063886765
313,2,0.0,0.0,0.0,0.0,0.0
313,3,0.0,0.0,0.0,0.0,0.0
313,4,0.0,0.0,0.0,0.0,0.0
314,0,0.0,-0.9265504944535116,0.0,0.0,0.0
314,1,0.0,0.0,0.0,0.0,-3.4353383293540416
314,2,0.0,0.0,0.0,0.0,0.0
314,3,0.0,0.0,0.0,0.0,0.0
314,4,0.0,0.0,0.0,0.0,0.0
315,0,0.0,-0.9312712030112005,0.0,0.0,0.0
315,1,0.0,0.0,0.0,0.0,-3.4507813263477676
315,2,0.0,0.0,0.0,0.0,0.0
315,3,0.0,0.0,0.0,0.0,0.0
315,4,0.0,0.0,0.0,0.0,0.0
316,0,0.0,-0.9360161797810119,0.0,0.0,0.0
316,1,0.0,0.0,0.0,0.0,-3.4561760171549514
316,2,0.0,0.0,0.0,0.0,0.0
316,3,0.0,0.0,0.0,0.0,0.0
316,4,0.0,0.0,0.0,0.0,0.0
317,0,0.0,-0.9407610902524017,0.0,0.0,0.0
317,1,0.0,0.0,0.0,0.0,-3.4574559918297276
317,2,0.0,0.0,0.0,0.0,0.0
317,3,0.0,0.0,0.0,0.0,0.0
317,4,0.0,0.0,0.0,0.0,0.0
318,0,0.0,-0.9454960772009263,0.0,0.0,0.0
318,1,0.0,0.0,0.0,0.0,-3.467833822789377
318,2,0.0,0.0,0.0,0.0,0.0
318,3,0.0,0.0,0.0,0.0,0.0
318,4,0.0,0.0,0.0,0.0,0.0
319,0,0.0,-0.9502430617545918,0.0,0.0,0.0
319,1,0.0,0.0,0.0,0.0,-3.475680240458764
319,2,0.0,0.0,0.0,0.0,0.0
319,3,0.0,0.0,0.0,0.0,0.0
319,4,0.0,0.0,0.0,0.0,0.0
320,0,0.0,-0.9549958984137363,0.0,0.0,0.0
320,1,0.0,0.0,0.0,0.0,-3.478569482283094
320,2,0.0,0.0,0.0,0.0,0.0
320,3,0.0,0.0,0.0,0.0,0.0
320,4,0.0,0.0,0.0,0.0,0.0
321,0,0.0,-0.959742608393463,0.0,0.0,0.0
321,1,0.0,0.0,0.0,0.0,-3.4798213645453373
321,2,0.0,0.0,0.0,0.0,0.0
321,3,0.0,0.0,0.0,0.0,0.0
321,4,0.0,0.0,0.0,0.0,0.0
322,0,0.0,-0.9644793337344983,0.0,0.0,0.0
322,1,0.0,0.0,0.0,0.0,-3.4801703281474596
322,2,0.0,0.0,0.0,0.0,0.0
322,3,0.0,0.0,0.0,0.0,0.0
322,4,0.0,0.0,0.0,0.0,0.0
323,0,0.0,-0.9692040658022189,0.0,0.0,0.0
323,1,0.0,0.0,0.0,0.0,-3.4929852707071234
323,2,0.0,0.0,0.0,0.0,0.0
323,3,0.0,0.0,0.0,0.0,0.0
323,4,0.0,0.0,0.0,0.0,0.0
324,0,0.0,-0.9739467089907203,0.0,0.0,0.0
324,1,0.0,0.0,0.0,0.0,-3.503260679175233
324,2,0.0,0.0,0.0,0.0,0.0
324,3,0.0,0.0,0.0,0.0,0.0
324,4,0.0,0.0,0.0,0.0,0.0
325,0,0.0,-0.9787010843139061,0.0,0.0,0.0
325,1,0.0,0.0,0.0,0.0,-3.5044838786866364
325,2,0.0,0.0,0.0,0.0,0.0
325,3,0.0,0.0,0.0,0.0,0.0
325,4,0.0,0.0,0.0,0.0,0.0
326,0,0.0,-0.9834453961989863,0.0,0.0,0.0
326,1,0.0,0.0,0.0,0.0,-3.5172263070035186
326,2,0.0,0.0,0.0,0.0,0.0
326,3,0.0,0.0,0.0,0.0,0.0
326,4,0.0,0.0,0.0,0.0,0.0
327,0,0.0,-0.9882073906715251,0.0,0.0,0.0
327,1,0.0,0.0,0.0,0.0,-3.520012675932558
327,2,0.0,0.0,0.0,0.0,0.0
327,3,0.0,0.0,0.0,0.0,0.0
327,4,0.0,0.0,0.0,0.0,0.0
328,0,0.0,-0.9929629978545602,0.0,0.0,0.0
328,1,0.0,0.0,0.0,0.0,-3.532709625116293
328,2,0.0,0.0,0.0,0.0,0.0
328,3,0.0,0.0,0.0,0.0,0.0
328,4,0.0,0.0,0.0,0.0,0.0
329,0,0.0,-0.9977361472371534,0.0,0.0,0.0
329,1,0.0,0.0,0.0,0.0,-3.537867453685369
329,2,0.0,0.0,0.0,0.0,0.0
329,3,0.0,0.0,0.0,0.0,0.0
329,4,0.0,0.0,0.0,0.0,0.0
330,0,0.0,-1.0025085956274034,0.0,0.0,0.0
330,1,0.0,0.0,0.0,0.0,-3.5406034039432264
330,2,0.0,0.0,0.0,0.0,0.0
330,3,0.0,0.0,0.0,0.0,0.0
330,4,0.0,0.0,0.0,0.0,0.0
331,0,0.0,-1.0072745104394287,0.0,0.0,0.0
331,1,0.0,0.0,0.0,0.0,-3.545741211354183
331,2,0.0,0.0,0.0,0.0,0.0
331,3,0.0,0.0,0.0,0.0,0.0
331,4,0.0,0.0,0.0,0.0,0.0
332,0,0.0,-1.0120396997937535,0.0,0.0,0.0
332,1,0.0,0.0,0.0,0.0,-3.555865098479457
332,2,0.0,0.0,0.0,0.0,0.0
332,3,0.0,0.0,0.0,0.0,0.0
332,4,0.0,0.0,0.0,0.0,0.0
333,0,0.0,-1.016816197466578,0.0,0.0,0.0
333,1,0.0,0.0,0.0,0.0,-3.556150631023497
333,2,0.0,0.0,0.0,0.0,0.0
333,3,0.0,0.0,0.0,0.0,0.0
333,4,0.0,0.0,0.0,0.0,0.0
334,0,0.0,-1.0215804707943075,0.0,0.0,0.0
334,1,0.0,0.0,0.0,0.0,-3.563744167369451
334,2,0.0,0.0,0.0,0.0,0.0
334,3,0.0,0.0,0.0,0.0,0.0
334,4,0.0,0.0,0.0,0.0,0.0
335,0,0.0,-1.0263499515349448,0.0,0.0,0.0
335,1,0.0,0.0,0.0,0.0,-3.5688156025826663
335,2,0.0,0.0,0.0,0.0,0.0
335,3,0.0,0.0,0.0,0.0,0.0
335,4,0.0,0.0,0.0,0.0,0.0
336,0,0.0,-1.0311185419424003,0.0,0.0,0.0
336,1,0.0,0.0,0.0,0.0,-3.571478487653641
336,2,0.0,0.0,0.0,0.0,0.0
336,3,0.0,0.0,0.0,0.0,0.0
336,4,0.0,0.0,0.0,0.0,0.0
337,0,0.0,-1.0358804458752133,0.0,0.0,0.0
337,1,0.0,0.0,0.0,0.0,-3.5815304217401827
337,2,0.0,0.0,0.0,0.0,0.0
337,3,0.0,0.0,0.0,0.0,0.0
337,4,0.0,0.0,0.0,0.0,0.0
338,0,0.0,-1.0406534965070566,0.0,0.0,0.0
338,1,0.0,0.0,0.0,0.0,-3.5826623377906364
338,2,0.0,0.0,0.0,0.0,0.0
338,3,0.0,0.0,0.0,0.0,0.0
338,4,0.0,0.0,0.0,0.0,0.0
339,0,0.0,-1.0454162476032771,0.0,0.0,0.0
339,1,0.0,0.0,0.0,0.0,-3.583792608647877
339,2,0.0,0.0,0.0,0.0,0.0
339,3,0.0,0.0,0.0,0.0,0.0
339,4,0.0,0.0,0.0,0.0,0.0
340,0,0.0,-1.0501687283141339,0.0,0.0,0.0
340,1,0.0,0.0,0.0,0.0,-3.593810844236592
340,2,0.0,0.0,0.0,0.0,0.0
340,3,0.0,0.0,0.0,0.0,0.0
340,4,0.0,0.0,0.0,0.0,0.0
341,0,0.0,-1.054932302329983,0.0,0.0,0.0
341,1,0.0,0.0,0.0,0.0,-3.6062988965561593
341,2,0.0,0.0,0.0,0.0,0.0
341,3,0.0,0.0,0.0,0.0,0.0
341,4,0.0,0.0,0.0,0.0,0.0
342,0,0.0,-1.0597128949327472,0.0,0.0,0.0
342,1,0.0,0.0,0.0,0.0,-3.6237485397823277
342,2,0.0,0.0,0.0,0.0,0.0
342,3,0.0,0.0,0.0,0.0,0.0
342,4,0.0,0.0,0.0,0.0,0.0
343,0,0.0,-1.0645224255518762,0.0,0.0,0.0
343,1,0.0,0.0,0.0,0.0,-3.6248367108990176
343,2,0.0,0.0,0.0,0.0,0.0
343,3,0.0,0.0,0.0,0.0,0.0
343,4,0.0,0.0,0.0,0.0,0.0
344,0,0.0,-1.06932146015182,0.0,0.0,0.0
344,1,0.0,0.0,0.0,0.0,-3.6297298206774276
344,2,0.0,0.0,0.0,0.0,0.0
344,3,0.0,0.0,0.0,0.0,0.0
344,4,0.0,0.0,0.0,0.0,0.0
345,0,0.0,-1.0741191009546063,0.0,0.0,0.0
345,1,0.0,0.0,0.0,0.0,-3.630810719487366
345,2,0.0,0.0,0.0,0.0,0.0
345,3,0.0,0.0,0.0,0.0,0.0
345,4,0.0,0.0,0.0,0.0,0.0
346,0,0.0,-1.0789062688009792,0.0,0.0,0.0
346,1,0.0,0.0,0.0,0.0,-3.6406891766687774
346,2,0.0,0.0,0.0,0.0,0.0
346,3,0.0,0.0,0.0,0.0,0.0
346,4,0.0,0.0,0.0,0.0,0.0
347,0,0.0,-1.0837040990003601,0.0,0.0,0.0
347,1,0.0,0.0,0.0,0.0,-3.6530379424452044
347,2,0.0,0.0,0.0,0.0,0.0
347,3,0.0,0.0,0.0,0.0,0.0
347,4,0.0,0.0,0.0,0.0,0.0
348,0,0.0,-1.0885185184527968,0.0,0.0,0.0
348,1,0.0,0.0,0.0,0.0,-3.657848789101081
348,2,0.0,0.0,0.0,0.0,0.0
348,3,0.0,0.0,0.0,0.0,0.0
348,4,0.0,0.0,0.0,0.0,0.0
349,0,0.0,-1.09333130654528,0.0,0.0,0.0
349,1,0.0,0.0,0.0,0.0,-3.662646849891155
349,2,0.0,0.0,0.0,0.0,0.0
349,3,0.0,0.0,0.0,0.0,0.0
349,4,0.0,0.0,0.0,0.0,0.0
350,0,0.0,-1.0981424385884633,0.0,0.0,0.0
350,1,0.0,0.0,0.0,0.0,-3.66369290052916
350,2,0.0,0.0,0.0,0.0,0.0
350,3,0.0,0.0,0.0,0.0,0.0
350,4,0.0,0.0,0.0,0.0,0.0
351,0,0.0,-1.1029429891438167,0.0,0.0,0.0
351,1,0.0,0.0,0.0,0.0,-3.668476717732467
351,2,0.0,0.0,0.0,0.0,0.0
351,3,0.0,0.0,0.0,0.0,0.0
351,4,0.0,0.0,0.0,0.0,0.0
352,0,0.0,-1.1077418875439966,0.0,0.0,0.0
352,1,0.0,0.0,0.0,0.0,-3.673247834298121
352,2,0.0,0.0,0.0,0.0,0.0
352,3,0.0,0.0,0.0,0.0,0.0
352,4,0.0,0.0,0.0,0.0,0.0
353,0,0.0,-1.1125391093170203,0.0,0.0,0.0
353,1,0.0,0.0,0.0,0.0,-3.67428152570317
353,2,0.0,0.0,0.0,0.0,0.0
353,3,0.0,0.0,0.0,0.0,0.0
353,4,0.0,0.0,0.0,0.0,0.0
354,0,0.0,-1.1173257690860565,0.0,0.0,0.0
354,1,0.0,0.0,0.0,0.0,-3.679038510836556
354,2,0.0,0.0,0.0,0.0,0.0
354,3,0.0,0.0,0.0,0.0,0.0
354,4,0.0,0.0,0.0,0.0,0.0
355,0,0.0,-1.1221107563188844,0.0,0.0,0.0
355,1,0.0,0.0,0.0,0.0,-3.688782879887535
355,2,0.0,0.0,0.0,0.0,0.0
355,3,0.0,0.0,0.0,0.0,0.0
355,4,0.0,0.0,0.0,0.0,0.0
356,0,0.0,-1.1269060943246716,0.0,0.0,0.0
356,1,0.0,0.0,0.0,0.0,-3.6934980085871967
356,2,0.0,0.0,0.0,0.0,0.0
356,3,0.0,0.0,0.0,0.0,0.0
356,4,0.0,0.0,0.0,0.0,0.0
357,0,0.0,-1.131699636413729,0.0,0.0,0.0
357,1,0.0,0.0,0.0,0.0,-3.7007006651369556
357,2,0.0,0.0,0.0,0.0,0.0
357,3,0.0,0.0,0.0,0.0,0.0
357,4,0.0,0.0,0.0,0.0,0.0
358,0,0.0,-1.1364973824380151,0.0,0.0,0.0
358,1,0.0,0.0,0.0,0.0,-3.7008615964427767
358,2,0.0,0.0,0.0,0.0,0.0
358,3,0.0,0.0,0.0,0.0,0.0
358,4,0.0,0.0,0.0,0.0,0.0
359,0,0.0,-1.1412826275737558,0.0,0.0,0.0
359,1,0.0,0.0,0.0,0.0,-3.7010223881564266
359,2,0.0,0.0,0.0,0.0,0.0
359,3,0.0,0.0,0.0,0.0,0.0
359,4,0.0,0.0,0.0,0.0,0.0
360,0,0.0,-1.1460554126590188,0.0,0.0,0.0
360,1,0.0,0.0,0.0,0.0,-3.708205317117031
360,2,0.0,0.0,0.0,0.0,0.0
360,3,0.0,0.0,0.0,0.0,0.0
360,4,0.0,0.0,0.0,0.0,0.0
361,0,0.0,-1.1508324155251888,0.0,0.0,0.0
361,1,0.0,0.0,0.0,0.0,-3.7083596834908796
361,2,0.0,0.0,0.0,0.0,0.0
361,3,0.0,0.0,0.0,0.0,0.0
361,4,0.0,0.0,0.0,0.0,0.0
362,0,0.0,-1.155596974640755,0.0,0.0,0.0
362,1,0.0,0.0,0.0,0.0,-3.7155224481022686
362,2,0.0,0.0,0.0,0.0,0.0
362,3,0.0,0.0,0.0,0.0,0.0
362,4,0.0,0.0,0.0,0.0,0.0
363,0,0.0,-1.1603657279415256,0.0,0.0,0.0
363,1,0.0,0.0,0.0,0.0,-3.725164581349326
363,2,0.0,0.0,0.0,0.0,0.0
363,3,0.0,0.0,0.0,0.0,0.0
363,4,0.0,0.0,0.0,0.0,0.0
364,0,0.0,-1.1651446343448069,0.0,0.0,0.0
364,1,0.0,0.0,0.0,0.0,-3.729777821554747
364,2,0.0,0.0,0.0,0.0,0.0
364,3,0.0,0.0,0.0,0.0,0.0
364,4,0.0,0.0,0.0,0.0,0.0
365,0,0.0,-1.1699215572245913,0.0,0.0,0.0
365,1,0.0,0.0,0.0,0.0,-3.7393789356149356
365,2,0.0,0.0,0.0,0.0,0.0
365,3,0.0,0.0,0.0,0.0,0.0
365,4,0.0,0.0,0.0,0.0,0.0
366,0,0.0,-1.1747085128369228,0.0,0.0,0.0
366,1,0.0,0.0,0.0,0.0,-3.7514512974176384
366,2,0.0,0.0,0.0,0.0,0.0
366,3,0.0,0.0,0.0,0.0,0.0
366,4,0.0,0.0,0.0,0.0,0.0
367,0,0.0,-1.1795114243183018,0.0,0.0,0.0
367,1,0.0,0.0,0.0,0.0,-3.7537091414859294
367,2,0.0,0.0,0.0,0.0,0.0
367,3,0.0,0.0,0.0,0.0,0.0
367,4,0.0,0.0,0.0,0.0,0.0
368,0,0.0,-1.1843066358064578,0.0,0.0,0.0
368,1,0.0,0.0,0.0,0.0,-3.758239970227364
368,2,0.0,0.0,0.0,0.0,0.0
368,3,0.0,0.0,0.0,0.0,0.0
368,4,0.0,0.0,0.0,0.0,0.0
369,0,0.0,-1.1890996231323878,0.0,0.0,0.0
369,1,0.0,0.0,0.0,0.0,-3.7591866301801833
369,2,0.0,0.0,0.0,0.0,0.0
369,3,0.0,0.0,0.0,0.0,0.0
369,4,0.0,0.0,0.0,0.0,0.0
370,0,0.0,-1.1938818982321084,0.0,0.0,0.0
370,1,0.0,0.0,0.0,0.0,-3.7712043451430612
370,2,0.0,0.0,0.0,0.0,0.0
370,3,0.0,0.0,0.0,0.0,0.0
370,4,0.0,0.0,0.0,0.0,0.0
371,0,0.0,-1.1986800113319658,0.0,0.0,0.0
371,1,0.0,0.0,0.0,0.0,-3.7756852600739195
371,2,0.0,0.0,0.0,0.0,0.0
371,3,0.0,0.0,0.0,0.0,0.0
371,4,0.0,0.0,0.0,0.0,0.0
372,0,0.0,-1.2034757753828298,0.0,0.0,0.0
372,1,0.0,0.0,0.0,0.0,-3.775780095023382
372,2,0.0,0.0,0.0,0.0,0.0
372,3,0.0,0.0,0.0,0.0,0.0
372,4,0.0,0.0,0.0,0.0,0.0
373,0,0.0,-1.2082589328222035,0.0,0.0,0.0
373,1,0.0,0.0,0.0,0.0,-3.77670951446673
373,2,0.0,0.0,0.0,0.0,0.0
373,3,0.0,0.0,0.0,0.0,0.0
373,4,0.0,0.0,0.0,0.0,0.0
374,0,0.0,-1.213031377108028,0.0,0.0,0.0
374,1,0.0,0.0,0.0,0.0,-3.791178223291758
374,2,0.0,0.0,0.0,0.0,0.0
374,3,0.0,0.0,0.0,0.0,0.0
374,4,0.0,0.0,0.0,0.0,0.0
375,0,0.0,-1.2178255845823789,0.0,0.0,0.0
375,1,0.0,0.0,0.0,0.0,-3.7981019664497424
375,2,0.0,0.0,0.0,0.0,0.0
375,3,0.0,0.0,0.0,0.0,0.0
375,4,0.0,0.0,0.0,0.0,0.0
376,0,0.0,-1.2226233378148277,0.0,0.0,0.0
376,1,0.0,0.0,0.0,0.0,-3.8100059036240226
376,2,0.0,0.0,0.0,0.0,0.0
376,3,0.0,0.0,0.0,0.0,0.0
376,4,0.0,0.0,0.0,0.0,0.0
377,0,0.0,-1.2274366130954515,0.0,0.0,0.0
377,1,0.0,0.0,0.0,0.0,-3.8121467020083273
377,2,0.0,0.0,0.0,0.0,0.0
377,3,0.0,0.0,0.0,0.0,0.0
377,4,0.0,0.0,0.0,0.0,0.0
378,0,0.0,-1.2322418967678181,0.0,0.0,0.0
378,1,0.0,0.0,0.0,0.0,-3.8240100357349087
378,2,0.0,0.0,0.0,0.0,0.0
378,3,0.0,0.0,0.0,0.0,0.0
378,4,0.0,0.0,0.0,0.0,0.0
379,0,0.0,-1.237062584662211,0.0,0.0,0.0
379,1,0.0,0.0,0.0,0.0,-3.8408371063729283
379,2,0.0,0.0,0.0,0.0,0.0
379,3,0.0,0.0,0.0,0.0,0.0
379,4,0.0,0.0,0.0,0.0,0.0
380,0,0.0,-1.2419105819963134,0.0,0.0,0.0
380,1,0.0,0.0,0.0,0.0,-3.847611378280576
380,2,0.0,0.0,0.0,0.0,0.0
380,3,0.0,0.0,0.0,0.0,0.0
380,4,0.0,0.0,0.0,0.0,0.0
381,0,0.0,-1.2467616167708375,0.0,0.0,0.0
381,1,0.0,0.0,0.0,0.0,-3.851866442757674
381,2,0.0,0.0,0.0,0.0,0.0
381,3,0.0,0.0,0.0,0.0,0.0
381,4,0.0,0.0,0.0,0.0,0.0
382,0,0.0,-1.2516096179223255,0.0,0.0,0.0
382,1,0.0,0.0,0.0,0.0,-3.8527261925479963
382,2,0.0,0.0,0.0,0.0,0.0
382,3,0.0,0.0,0.0,0.0,0.0
382,4,0.0,0.0,0.0,0.0,0.0
383,0,0.0,-1.2564465755842735,0.0,0.0,0.0
383,1,0.0,0.0,0.0,0.0,-3.85478540087308
383,2,0.0,0.0,0.0,0.0,0.0
383,3,0.0,0.0,0.0,0.0,0.0
383,4,0.0,0.0,0.0,0.0,0.0
384,0,0.0,-1.2612752888516536,0.0,0.0,0.0
384,1,0.0,0.0,0.0,0.0,-3.861524489780292
384,2,0.0,0.0,0.0,0.0,0.0
384,3,0.0,0.0,0.0,0.0,0.0
384,4,0.0,0.0,0.0,0.0,0.0
385,0,0.0,-1.2661070134177914,0.0,0.0,0.0
385,1,0.0,0.0,0.0,0.0,-3.8623741854414524
385,2,0.0,0.0,0.0,0.0,0.0
385,3,0.0,0.0,0.0,0.0,0.0
385,4,0.0,0.0,0.0,0.0,0.0
386,0,0.0,-1.2709277260285365,0.0,0.0,0.0
386,1,0.0,0.0,0.0,0.0,-3.8715930626004464
386,2,0.0,0.0,0.0,0.0,0.0
386,3,0.0,0.0,0.0,0.0,0.0
386,4,0.0,0.0,0.0,0.0,0.0
387,0,0.0,-1.2757574399988532,0.0,0.0,0.0
387,1,0.0,0.0,0.0,0.0,-3.878284507501187
387,2,0.0,0.0,0.0,0.0,0.0
387,3,0.0,0.0,0.0,0.0,0.0
387,4,0.0,0.0,0.0,0.0,0.0
388,0,0.0,-1.280590050401425,0.0,0.0,0.0
388,1,0.0,0.0,0.0,0.0,-3.884956948963632
388,2,0.0,0.0,0.0,0.0,0.0
388,3,0.0,0.0,0.0,0.0,0.0
388,4,0.0,0.0,0.0,0.0,0.0
389,0,0.0,-1.2854255042219345,0.0,0.0,0.0
389,1,0.0,0.0,0.0,0.0,-3.891610451662432
389,2,0.0,0.0,0.0,0.0,0.0
389,3,0.0,0.0,0.0,0.0,0.0
389,4,0.0,0.0,0.0,0.0,0.0
390,0,0.0,-1.290263748750129,0.0,0.0,0.0
390,1,0.0,0.0,0.0,0.0,-3.8982450800297297
390,2,0.0,0.0,0.0,0.0,0.0
390,3,0.0,0.0,0.0,0.0,0.0
390,4,0.0,0.0,0.0,0.0,0.0
391,0,0.0,-1.2951047315779498,0.0,0.0,0.0
391,1,0.0,0.0,0.0,0.0,-3.900220470310346
391,2,0.0,0.0,0.0,0.0,0.0
391,3,0.0,0.0,0.0,0.0,0.0
391,4,0.0,0.0,0.0,0.0,0.0
392,0,0.0,-1.299937272726486,0.0,0.0,0.0
392,1,0.0,0.0,0.0,0.0,-3.90683256613044
392,2,0.0,0.0,0.0,0.0,0.0
392,3,0.0,0.0,0.0,0.0,0.0
392,4,0.0,0.0,0.0,0.0,0.0
393,0,0.0,-1.3047725160338228,0.0,0.0,0.0
393,1,0.0,0.0,0.0,0.0,-3.908792432064307
393,2,0.0,0.0,0.0,0.0,0.0
393,3,0.0,0.0,0.0,0.0,0.0
393,4,0.0,0.0,0.0,0.0,0.0
394,0,0.0,-1.3095993007977582,0.0,0.0,0.0
394,1,0.0,0.0,0.0,0.0,-3.920382109960715
394,2,0.0,0.0,0.0,0.0,0.0
394,3,0.0,0.0,0.0,0.0,0.0
394,4,0.0,0.0,0.0,0.0,0.0
395,0,0.0,-1.314440776873729,0.0,0.0,0.0
395,1,0.0,0.0,0.0,0.0,-3.931936457670362
395,2,0.0,0.0,0.0,0.0,0.0
395,3,0.0,0.0,0.0,0.0,0.0
395,4,0.0,0.0,0.0,0.0,0.0
396,0,0.0,-1.319296819216006,0.0,0.0,0.0
396,1,0.0,0.0,0.0,0.0,-3.9484556011064846
396,2,0.0,0.0,0.0,0.0,0.0
396,3,0.0,0.0,0.0,0.0,0.0
396,4,0.0,0.0,0.0,0.0,0.0
397,0,0.0,-1.3241793310247918,0.0,0.0,0.0
397,1,0.0,0.0,0.0,0.0,-3.949227173731919
397,2,0.0,0.0,0.0,0.0,0.0
397,3,0.0,0.0,0.0,0.0,0.0
397,4,0.0,0.0,0.0,0.0,0.0
398,0,0.0,-1.3290505290793677,0.0,0.0,0.0
398,1,0.0,0.0,0.0,0.0,-3.958193712447667
398,2,0.0,0.0,0.0,0.0,0.0
398,3,0.0,0.0,0.0,0.0,0.0
398,4,0.0,0.0,0.0,0.0,0.0
399,0,0.0,-1.3339299875188302,0.0,0.0,0.0
399,1,0.0,0.0,0.0,0.0,-3.962135834829854
399,2,0.0,0.0,0.0,0.0,0.0
399,3,0.0,0.0,0.0,0.0,0.0
399,4,0.0,0.0,0.0,0.0,0.0
400,0,0.0,-1.3388055992189152,0.0,0.0,0.0
400,1,0.0,0.0,0.0,0.0,-3.9660682090884767
400,2,0.0,0.0,0.0,0.0,0.0
400,3,0.0,0.0,0.0,0.0,0.0
400,4,0.0,0.0,0.0,0.0,0.0
401,0,0.0,-1.34367735310986,0.0,0.0,0.0
401,1,0.0,0.0,0.0,0.0,-3.969990866340552
401,2,0.0,0.0,0.0,0.0,0.0
401,3,0.0,0.0,0.0,0.0,0.0
401,4,0.0,0.0,0.0,0.0,0.0
402,0,0.0,-1.3485452382064016,0.0,0.0,0.0
402,1,0.0,0.0,0.0,0.0,-3.9718418072421486
402,2,0.0,0.0,0.0,0.0,0.0
402,3,0.0,0.0,0.0,0.0,0.0
402,4,0.0,0.0,0.0,0.0,0.0
403,0,0.0,-1.3534043272021228,0.0,0.0,0.0
403,1,0.0,0.0,0.0,0.0,-3.9782490714766183
403,2,0.0,0.0,0.0,0.0,0.0
403,3,0.0,0.0,0.0,0.0,0.0
403,4,0.0,0.0,0.0,0.0,0.0
404,0,0.0,-1.3582655601644404,0.0,0.0,0.0
404,1,0.0,0.0,0.0,0.0,-3.980085934415399
404,2,0.0,0.0,0.0,0.0,0.0
404,3,0.0,0.0,0.0,0.0,0.0
404,4,0.0,0.0,0.0,0.0,0.0
405,0,0.0,-1.3631179863837841,0.0,0.0,0.0
405,1,0.0,0.0,0.0,0.0,-3.98647182637995
405,2,0.0,0.0,0.0,0.0,0.0
405,3,0.0,0.0,0.0,0.0,0.0
405,4,0.0,0.0,0.0,0.0,0.0
406,0,0.0,-1.367972525999137,0.0,0.0,0.0
406,1,0.0,0.0,0.0,0.0,-3.987206854297288
406,2,0.0,0.0,0.0,0.0,0.0
406,3,0.0,0.0,0.0,0.0,0.0
406,4,0.0,0.0,0.0,0.0,0.0
407,0,0.0,-1.3728157695569525,0.0,0.0,0.0
407,1,0.0,0.0,0.0,0.0,-4.001074000242638
407,2,0.0,0.0,0.0,0.0,0.0
407,3,0.0,0.0,0.0,0.0,0.0
407,4,0.0,0.0,0.0,0.0,0.0
408,0,0.0,-1.3776791377430955,0.0,0.0,0.0
408,1,0.0,0.0,0.0,0.0,-4.009898243972683
408,2,0.0,0.0,0.0,0.0,0.0
408,3,0.0,0.0,0.0,0.0,0.0
408,4,0.0,0.0,0.0,0.0,0.0
409,0,0.0,-1.3825504524198595,0.0,0.0,0.0
409,1,0.0,0.0,0.0,0.0,-4.026196404842174
409,2,0.0,0.0,0.0,0.0,0.0
409,3,0.0,0.0,0.0,0.0,0.0
409,4,0.0,0.0,0.0,0.0,0.0
410,0,0.0,-1.3874476609898,0.0,0.0,0.0
410,1,0.0,0.0,0.0,0.0,-4.039943576455091
410,2,0.0,0.0,0.0,0.0,0.0
410,3,0.0,0.0,0.0,0.0,0.0
410,4,0.0,0.0,0.0,0.0,0.0
411,0,0.0,-1.3923645598789154,0.0,0.0,0.0
411,1,0.0,0.0,0.0,0.0,-4.03979267575859
411,2,0.0,0.0,0.0,0.0,0.0
411,3,0.0,0.0,0.0,0.0,0.0
411,4,0.0,0.0,0.0,0.0,0.0
412,0,0.0,-1.3972680254019574,0.0,0.0,0.0
412,1,0.0,0.0,0.0,0.0,-4.043506079885065
412,2,0.0,0.0,0.0,0.0,0.0
412,3,0.0,0.0,0.0,0.0,0.0
412,4,0.0,0.0,0.0,0.0,0.0
413,0,0.0,-1.4021670407488795,0.0,0.0,0.0
413,1,0.0,0.0,0.0,0.0,-4.044193430744995
413,2,0.0,0.0,0.0,0.0,0.0
413,3,0.0,0.0,0.0,0.0,0.0
413,4,0.0,0.0,0.0,0.0,0.0
414,0,0.0,-1.4070545373703105,0.0,0.0,0.0
414,1,0.0,0.0,0.0,0.0,-4.04487993754109
414,2,0.0,0.0,0.0,0.0,0.0
414,3,0.0,0.0,0.0,0.0,0.0
414,4,0.0,0.0,0.0,0.0,0.0
415,0,0.0,-1.4119305498829469,0.0,0.0,0.0
415,1,0.0,0.0,0.0,0.0,-4.048583087566478
415,2,0.0,0.0,0.0,0.0,0.0
415,3,0.0,0.0,0.0,0.0,0.0
415,4,0.0,0.0,0.0,0.0,0.0
416,0,0.0,-1.4168021708108398,0.0,0.0,0.0
416,1,0.0,0.0,0.0,0.0,-4.050308921805802
416,2,0.0,0.0,0.0,0.0,0.0
416,3,0.0,0.0,0.0,0.0,0.0
416,4,0.0,0.0,0.0,0.0,0.0
417,0,0.0,-1.421664714817157,0.0,0.0,0.0
417,1,0.0,0.0,0.0,0.0,-4.063992612847461
417,2,0.0,0.0,0.0,0.0,0.0
417,3,0.0,0.0,0.0,0.0,0.0
417,4,0.0,0.0,0.0,0.0,0.0
418,0,0.0,-1.426546888425862,0.0,0.0,0.0
418,1,0.0,0.0,0.0,0.0,-4.072634040125278
418,2,0.0,0.0,0.0,0.0,0.0
418,3,0.0,0.0,0.0,0.0,0.0
418,4,0.0,0.0,0.0,0.0,0.0
419,0,0.0,-1.4314365215430225,0.0,0.0,0.0
419,1,0.0,0.0,0.0,0.0,-4.081250020554211
419,2,0.0,0.0,0.0,0.0,0.0
419,3,0.0,0.0,0.0,0.0,0.0
419,4,0.0,0.0,0.0,0.0,0.0
420,0,0.0,-1.4363335328147677,0.0,0.0,0.0
420,1,0.0,0.0,0.0,0.0,-4.084851904083573
420,2,0.0,0.0,0.0,0.0,0.0
420,3,0.0,0.0,0.0,0.0,0.0
420,4,0.0,0.0,0.0,0.0,0.0
421,0,0.0,-1.4412258545916246,0.0,0.0,0.0
421,1,0.0,0.0,0.0,0.0,-4.095933867279208
421,2,0.0,0.0,0.0,0.0,0.0
421,3,0.0,0.0,0.0,0.0,0.0
421,4,0.0,0.0,0.0,0.0,0.0
422,0,0.0,-1.4461314740691906,0.0,0.0,0.0
422,1,0.0,0.0,0.0,0.0,-4.096575538746956
422,2,0.0,0.0,0.0,0.0,0.0
422,3,0.0,0.0,0.0,0.0,0.0
422,4,0.0,0.0,0.0,0.0,0.0
423,0,0.0,-1.4510254713760042,0.0,0.0,0.0
423,1,0.0,0.0,0.0,0.0,-4.1076233727195275
423,2,0.0,0.0,0.0,0.0,0.0
423,3,0.0,0.0,0.0,0.0,0.0
423,4,0.0,0.0,0.0,0.0,0.0
424,0,0.0,-1.4559326799655963,0.0,0.0,0.0
424,1,0.0,0.0,0.0,0.0,-4.116137749621603
424,2,0.0,0.0,0.0,0.0,0.0
424,3,0.0,0.0,0.0,0.0,0.0
424,4,0.0,0.0,0.0,0.0,0.0
425,0,0.0,-1.4608469763100047,0.0,0.0,0.0
425,1,0.0,0.0,0.0,0.0,-4.127127120779642
425,2,0.0,0.0,0.0,0.0,0.0
425,3,0.0,0.0,0.0,0.0,0.0
425,4,0.0,0.0,0.0,0.0,0.0
426,0,0.0,-1.4657742884150133,0.0,0.0,0.0
426,1,0.0,0.0,0.0,0.0,-4.127742697329522
426,2,0.0,0.0,0.0,0.0,0.0
426,3,0.0,0.0,0.0,0.0,0.0
426,4,0.0,0.0,0.0,0.0,0.0
427,0,0.0,-1.470689864188493,0.0,0.0,0.0
427,1,0.0,0.0,0.0,0.0,-4.131216413728901
427,2,0.0,0.0,0.0,0.0,0.0
427,3,0.0,0.0,0.0,0.0,0.0
427,4,0.0,0.0,0.0,0.0,0.0
428,0,0.0,-1.475600397575789,0.0,0.0,0.0
428,1,0.0,0.0,0.0,0.0,-4.134682080774362
428,2,0.0,0.0,0.0,0.0,0.0
428,3,0.0,0.0,0.0,0.0,0.0
428,4,0.0,0.0,0.0,0.0,0.0
429,0,0.0,-1.4805058850504142,0.0,0.0,0.0
429,1,0.0,0.0,0.0,0.0,-4.150621290674011
429,2,0.0,0.0,0.0,0.0,0.0
429,3,0.0,0.0,0.0,0.0,0.0
429,4,0.0,0.0,0.0,0.0,0.0
430,0,0.0,-1.4854363055648705,0.0,0.0,0.0
430,1,0.0,0.0,0.0,0.0,-4.154032779806973
430,2,0.0,0.0,0.0,0.0,0.0
430,3,0.0,0.0,0.0,0.0,0.0
430,4,0.0,0.0,0.0,0.0,0.0
431,0,0.0,-1.4903614950377342,0.0,0.0,0.0
431,1,0.0,0.0,0.0,0.0,-4.167414226143337
431,2,0.0,0.0,0.0,0.0,0.0
431,3,0.0,0.0,0.0,0.0,0.0
431,4,0.0,0.0,0.0,0.0,0.0
432,0,0.0,-1.4953054195455935,0.0,0.0,0.0
432,1,0.0,0.0,0.0,0.0,-4.167135975586956
432,2,0.0,0.0,0.0,0.0,0.0
432,3,0.0,0.0,0.0,0.0,0.0
432,4,0.0,0.0,0.0,0.0,0.0
433,0,0.0,-1.5002355894159198,0.0,0.0,0.0
433,1,0.0,0.0,0.0,0.0,-4.170503309599368
433,2,0.0,0.0,0.0,0.0,0.0
433,3,0.0,0.0,0.0,0.0,0.0
433,4,0.0,0.0,0.0,0.0,0.0
434,0,0.0,-1.505160426840829,0.0,0.0,0.0
434,1,0.0,0.0,0.0,0.0,-4.1788374202149345
434,2,0.0,0.0,0.0,0.0,0.0
434,3,0.0,0.0,0.0,0.0,0.0
434,4,0.0,0.0,0.0,0.0,0.0
435,0,0.0,-1.5100918753850687,0.0,0.0,0.0
435,1,0.0,0.0,0.0,0.0,-4.182174493013385
435,2,0.0,0.0,0.0,0.0,0.0
435,3,0.0,0.0,0.0,0.0,0.0
435,4,0.0,0.0,0.0,0.0,0.0
436,0,0.0,-1.5150179176233909,0.0,0.0,0.0
436,1,0.0,0.0,0.0,0.0,-4.182742192858506
436,2,0.0,0.0,0.0,0.0,0.0
436,3,0.0,0.0,0.0,0.0,0.0
436,4,0.0,0.0,0.0,0.0,0.0
437,0,0.0,-1.5199321403384196,0.0,0.0,0.0
437,1,0.0,0.0,0.0,0.0,-4.19354377945304
437,2,0.0,0.0,0.0,0.0,0.0
437,3,0.0,0.0,0.0,0.0,0.0
437,4,0.0,0.0,0.0,0.0,0.0
438,0,0.0,-1.5248589311753042,0.0,0.0,0.0
438,1,0.0,0.0,0.0,0.0,-4.201812754866541
438,2,0.0,0.0,0.0,0.0,0.0
438,3,0.0,0.0,0.0,0.0,0.0
438,4,0.0,0.0,0.0,0.0,0.0
439,0,0.0,-1.529792173634319,0.0,0.0,0.0
439,1,0.0,0.0,0.0,0.0,-4.212557567224993
439,2,0.0,0.0,0.0,0.0,0.0
439,3,0.0,0.0,0.0,0.0,0.0
439,4,0.0,0.0,0.0,0.0,0.0
440,0,0.0,-1.5347377963910689,0.0,0.0,0.0
440,1,0.0,0.0,0.0,0.0,-4.2232699678996495
440,2,0.0,0.0,0.0,0.0,0.0
440,3,0.0,0.0,0.0,0.0,0.0
440,4,0.0,0.0,0.0,0.0,0.0
441,0,0.0,-1.539695687907694,0.0,0.0,0.0
441,1,0.0,0.0,0.0,0.0,-4.228950071718878
441,2,0.0,0.0,0.0,0.0,0.0
441,3,0.0,0.0,0.0,0.0,0.0
441,4,0.0,0.0,0.0,0.0,0.0
442,0,0.0,-1.5446537279387171,0.0,0.0,0.0
442,1,0.0,0.0,0.0,0.0,-4.2371146581328425
442,2,0.0,0.0,0.0,0.0,0.0
442,3,0.0,0.0,0.0,0.0,0.0
442,4,0.0,0.0,0.0,0.0,0.0
443,0,0.0,-1.549617884045786,0.0,0.0,0.0
443,1,0.0,0.0,0.0,0.0,-4.245255446065523
443,2,0.0,0.0,0.0,0.0,0.0
443,3,0.0,0.0,0.0,0.0,0.0
443,4,0.0,0.0,0.0,0.0,0.0
444,0,0.0,-1.5545880826162224,0.0,0.0,0.0
444,1,0.0,0.0,0.0,0.0,-4.2467062298767715
444,2,0.0,0.0,0.0,0.0,0.0
444,3,0.0,0.0,0.0,0.0,0.0
444,4,0.0,0.0,0.0,0.0,0.0
445,0,0.0,-1.559548322271974,0.0,0.0,0.0
445,1,0.0,0.0,0.0,0.0,-4.252320976408549
445,2,0.0,0.0,0.0,0.0,0.0
445,3,0.0,0.0,0.0,0.0,0.0
445,4,0.0,0.0,0.0,0.0,0.0
446,0,0.0,-1.5645085504911218,0.0,0.0,0.0
446,1,0.0,0.0,0.0,0.0,-4.2554659922498
446,2,0.0,0.0,0.0,0.0,0.0
446,3,0.0,0.0,0.0,0.0,0.0
446,4,0.0,0.0,0.0,0.0,0.0
447,0,0.0,-1.569462842268835,0.0,0.0,0.0
447,1,0.0,0.0,0.0,0.0,-4.256902245929603
447,2,0.0,0.0,0.0,0.0,0.0
447,3,0.0,0.0,0.0,0.0,0.0
447,4,0.0,0.0,0.0,0.0,0.0
448,0,0.0,-1.5744071923991623,0.0,0.0,0.0
448,1,0.0,0.0,0.0,0.0,-4.258336305887679
448,2,0.0,0.0,0.0,0.0,0.0
448,3,0.0,0.0,0.0,0.0,0.0
448,4,0.0,0.0,0.0,0.0,0.0
449,0,0.0,-1.5793416264086284,0.0,0.0,0.0
449,1,0.0,0.0,0.0,0.0,-4.2664240457729266
449,2,0.0,0.0,0.0,0.0,0.0
449,3,0.0,0.0,0.0,0.0,0.0
449,4,0.0,0.0,0.0,0.0,0.0
450,0,0.0,-1.5842820628859415,0.0,0.0,0.0
450,1,0.0,0.0,0.0,0.0,-4.267845748655032
450,2,0.0,0.0,0.0,0.0,0.0
450,3,0.0,0.0,0.0,0.0,0.0
450,4,0.0,0.0,0.0,0.0,0.0
451,0,0.0,-1.589212569200165,0.0,0.0,0.0
451,1,0.0,0.0,0.0,0.0,-4.268339290844751
451,2,0.0,0.0,0.0,0.0,0.0
451,3,0.0,0.0,0.0,0.0,0.0
451,4,0.0,0.0,0.0,0.0,0.0
452,0,0.0,-1.5941311058893453,0.0,0.0,0.0
452,1,0.0,0.0,0.0,0.0,-4.268832271293579
452,2,0.0,0.0,0.0,0.0,0.0
452,3,0.0,0.0,0.0,0.0,0.0
452,4,0.0,0.0,0.0,0.0,0.0
453,0,0.0,-1.5990377094364239,0.0,0.0,0.0
453,1,0.0,0.0,0.0,0.0,-4.270250559292626
453,2,0.0,0.0,0.0,0.0,0.0
453,3,0.0,0.0,0.0,0.0,0.0
453,4,0.0,0.0,0.0,0.0,0.0
454,0,0.0,-1.6039344787647696,0.0,0.0,0.0
454,1,0.0,0.0,0.0,0.0,-4.275809860434122
454,2,0.0,0.0,0.0,0.0,0.0
454,3,0.0,0.0,0.0,0.0,0.0
454,4,0.0,0.0,0.0,0.0,0.0
455,0,0.0,-1.6088312920642374,0.0,0.0,0.0
455,1,0.0,0.0,0.0,0.0,-4.278903522969664
455,2,0.0,0.0,0.0,0.0,0.0
455,3,0.0,0.0,0.0,0.0,0.0
455,4,0.0,0.0,0.0,0.0,0.0
456,0,0.0,-1.6137222400235158,0.0,0.0,0.0
456,1,0.0,0.0,0.0,0.0,-4.286940714599014
456,2,0.0,0.0,0.0,0.0,0.0
456,3,0.0,0.0,0.0,0.0,0.0
456,4,0.0,0.0,0.0,0.0,0.0
457,0,0.0,-1.6186191946000952,0.0,0.0,0.0
457,1,0.0,0.0,0.0,0.0,-4.290006856069605
457,2,0.0,0.0,0.0,0.0,0.0
457,3,0.0,0.0,0.0,0.0,0.0
457,4,0.0,0.0,0.0,0.0,0.0
458,0,0.0,-1.6235102198778348,0.0,0.0,0.0
458,1,0.0,0.0,0.0,0.0,-4.295513762892679
458,2,0.0,0.0,0.0,0.0,0.0
458,3,0.0,0.0,0.0,0.0,0.0
458,4,0.0,0.0,0.0,0.0,0.0
459,0,0.0,-1.6284011833785887,0.0,0.0,0.0
459,1,0.0,0.0,0.0,0.0,-4.295100871674889
459,2,0.0,0.0,0.0,0.0,0.0
459,3,0.0,0.0,0.0,0.0,0.0
459,4,0.0,0.0,0.0,0.0,0.0
460,0,0.0,-1.633278303136779,0.0,0.0,0.0
460,1,0.0,0.0,0.0,0.0,-4.300594930904489
460,2,0.0,0.0,0.0,0.0,0.0
460,3,0.0,0.0,0.0,0.0,0.0
460,4,0.0,0.0,0.0,0.0,0.0
461,0,0.0,-1.6381553712354493,0.0,0.0,0.0
461,1,0.0,0.0,0.0,0.0,-4.311074073273749
461,2,0.0,0.0,0.0,0.0,0.0
461,3,0.0,0.0,0.0,0.0,0.0
461,4,0.0,0.0,0.0,0.0,0.0
462,0,0.0,-1.6430443437247861,0.0,0.0,0.0
462,1,0.0,0.0,0.0,0.0,-4.312437710421616
462,2,0.0,0.0,0.0,0.0,0.0
462,3,0.0,0.0,0.0,0.0,0.0
462,4,0.0,0.0,0.0,0.0,0.0
463,0,0.0,-1.6479234207894387,0.0,0.0,0.0
463,1,0.0,0.0,0.0,0.0,-4.317883197825963
463,2,0.0,0.0,0.0,0.0,0.0
463,3,0.0,0.0,0.0,0.0,0.0
463,4,0.0,0.0,0.0,0.0,0.0
464,0,0.0,-1.6528023266047427,0.0,0.0,0.0
464,1,0.0,0.0,0.0,0.0,-4.318332187535561
464,2,0.0,0.0,0.0,0.0,0.0
464,3,0.0,0.0,0.0,0.0,0.0
464,4,0.0,0.0,0.0,0.0,0.0
465,0,0.0,-1.6576693403866298,0.0,0.0,0.0
465,1,0.0,0.0,0.0,0.0,-4.317895007951109
465,2,0.0,0.0,0.0,0.0,0.0
465,3,0.0,0.0,0.0,0.0,0.0
465,4,0.0,0.0,0.0,0.0,0.0
466,0,0.0,-1.662522540566262,0.0,0.0,0.0
466,1,0.0,0.0,0.0,0.0,-4.318343821234124
466,2,0.0,0.0,0.0,0.0,0.0
466,3,0.0,0.0,0.0,0.0,0.0
466,4,0.0,0.0,0.0,0.0,0.0
467,0,0.0,-1.6673639291922329,0.0,0.0,0.0
467,1,0.0,0.0,0.0,0.0,-4.328776561957197
467,2,0.0,0.0,0.0,0.0,0.0
467,3,0.0,0.0,0.0,0.0,0.0
467,4,0.0,0.0,0.0,0.0,0.0
468,0,0.0,-1.6722172084803872,0.0,0.0,0.0
468,1,0.0,0.0,0.0,0.0,-4.341677923185193
468,2,0.0,0.0,0.0,0.0,0.0
468,3,0.0,0.0,0.0,0.0,0.0
468,4,0.0,0.0,0.0,0.0,0.0
469,0,0.0,-1.6770882633743114,0.0,0.0,0.0
469,1,0.0,0.0,0.0,0.0,-4.342106996217502
469,2,0.0,0.0,0.0,0.0,0.0
469,3,0.0,0.0,0.0,0.0,0.0
469,4,0.0,0.0,0.0,0.0,0.0
470,0,0.0,-1.6819474159975631,0.0,0.0,0.0
470,1,0.0,0.0,0.0,0.0,-4.349968723214408
470,2,0.0,0.0,0.0,0.0,0.0
470,3,0.0,0.0,0.0,0.0,0.0
470,4,0.0,0.0,0.0,0.0,0.0
471,0,0.0,-1.686812249245064,0.0,0.0,0.0
471,1,0.0,0.0,0.0,0.0,-4.35039062950641
471,2,0.0,0.0,0.0,0.0,0.0
471,3,0.0,0.0,0.0,0.0,0.0
471,4,0.0,0.0,0.0,0.0,0.0
472,0,0.0,-1.6916651866166483,0.0,0.0,0.0
472,1,0.0,0.0,0.0,0.0,-4.355729545425037
472,2,0.0,0.0,0.0,0.0,0.0
472,3,0.0,0.0,0.0,0.0,0.0
472,4,0.0,0.0,0.0,0.0,0.0
473,0,0.0,-1.6965177776465044,0.0,0.0,0.0
473,1,0.0,0.0,0.0,0.0,-4.368554075380644
473,2,0.0,0.0,0.0,0.0,0.0
473,3,0.0,0.0,0.0,0.0,0.0
473,4,0.0,0.0,0.0,0.0,0.0
474,0,0.0,-1.7013879612566987,0.0,0.0,0.0
474,1,0.0,0.0,0.0,0.0,-4.376339269039684
474,2,0.0,0.0,0.0,0.0,0.0
474,3,0.0,0.0,0.0,0.0,0.0
474,4,0.0,0.0,0.0,0.0,0.0
475,0,0.0,-1.706263613338238,0.0,0.0,0.0
475,1,0.0,0.0,0.0,0.0,-4.377626863624044
475,2,0.0,0.0,0.0,0.0,0.0
475,3,0.0,0.0,0.0,0.0,0.0
475,4,0.0,0.0,0.0,0.0,0.0
476,0,0.0,-1.7111292554280693,0.0,0.0,0.0
476,1,0.0,0.0,0.0,0.0,-4.380472990585982
476,2,0.0,0.0,0.0,0.0,0.0
476,3,0.0,0.0,0.0,0.0,0.0
476,4,0.0,0.0,0.0,0.0,0.0
477,0,0.0,-1.715988554422405,0.0,0.0,0.0
477,1,0.0,0.0,0.0,0.0,-4.385727526444292
477,2,0.0,0.0,0.0,0.0,0.0
477,3,0.0,0.0,0.0,0.0,0.0
477,4,0.0,0.0,0.0,0.0,0.0
478,0,0.0,-1.7208472907990398,0.0,0.0,0.0
478,1,0.0,0.0,0.0,0.0,-4.390967962728039
478,2,0.0,0.0,0.0,0.0,0.0
478,3,0.0,0.0,0.0,0.0,0.0
478,4,0.0,0.0,0.0,0.0,0.0
479,0,0.0,-1.7257054332008532,0.0,0.0,0.0
479,1,0.0,0.0,0.0,0.0,-4.393783544969875
479,2,0.0,0.0,0.0,0.0,0.0
479,3,0.0,0.0,0.0,0.0,0.0
479,4,0.0,0.0,0.0,0.0,0.0
480,0,0.0,-1.730557184365792,0.0,0.0,0.0
480,1,0.0,0.0,0.0,0.0,-4.404003833087517
480,2,0.0,0.0,0.0,0.0,0.0
480,3,0.0,0.0,0.0,0.0,0.0
480,4,0.0,0.0,0.0,0.0,0.0
481,0,0.0,-1.7354202929268085,0.0,0.0,0.0
481,1,0.0,0.0,0.0,0.0,-4.404378568004526
481,2,0.0,0.0,0.0,0.0,0.0
481,3,0.0,0.0,0.0,0.0,0.0
481,4,0.0,0.0,0.0,0.0,0.0
482,0,0.0,-1.740271422434484,0.0,0.0,0.0
482,1,0.0,0.0,0.0,0.0,-4.409568303740078
482,2,0.0,0.0,0.0,0.0,0.0
482,3,0.0,0.0,0.0,0.0,0.0
482,4,0.0,0.0,0.0,0.0,0.0
483,0,0.0,-1.745121861142709,0.0,0.0,0.0
483,1,0.0,0.0,0.0,0.0,-4.412340717250392
483,2,0.0,0.0,0.0,0.0,0.0
483,3,0.0,0.0,0.0,0.0,0.0
483,4,0.0,0.0,0.0,0.0,0.0
484,0,0.0,-1.7499658322240659,0.0,0.0,0.0
484,1,0.0,0.0,0.0,0.0,-4.4151074279802405
484,2,0.0,0.0,0.0,0.0,0.0
484,3,0.0,0.0,0.0,0.0,0.0
484,4,0.0,0.0,0.0,0.0,0.0
485,0,0.0,-1.7548033417209539,0.0,0.0,0.0
485,1,0.0,0.0,0.0,0.0,-4.420271373399193
485,2,0.0,0.0,0.0,0.0,0.0
485,3,0.0,0.0,0.0,0.0,0.0
485,4,0.0,0.0,0.0,0.0,0.0
486,0,0.0,-1.7596401398106052,0.0,0.0,0.0
486,1,0.0,0.0,0.0,0.0,-4.4279215119501
486,2,0.0,0.0,0.0,0.0,0.0
486,3,0.0,0.0,0.0,0.0,0.0
486,4,0.0,0.0,0.0,0.0,0.0
487,0,0.0,-1.7644821831974986,0.0,0.0,0.0
487,1,0.0,0.0,0.0,0.0,-4.433049556229203
487,2,0.0,0.0,0.0,0.0,0.0
487,3,0.0,0.0,0.0,0.0,0.0
487,4,0.0,0.0,0.0,0.0,0.0
488,0,0.0,-1.769323417961728,0.0,0.0,0.0
488,1,0.0,0.0,0.0,0.0,-4.432485041711487
488,2,0.0,0.0,0.0,0.0,0.0
488,3,0.0,0.0,0.0,0.0,0.0
488,4,0.0,0.0,0.0,0.0,0.0
489,0,0.0,-1.7741506700823215,0.0,0.0,0.0
489,1,0.0,0.0,0.0,0.0,-4.437601926204666
489,2,0.0,0.0,0.0,0.0,0.0
489,3,0.0,0.0,0.0,0.0,0.0
489,4,0.0,0.0,0.0,0.0,0.0
490,0,0.0,-1.7789771300110275,0.0,0.0,0.0
490,1,0.0,0.0,0.0,0.0,-4.440311415401611
490,2,0.0,0.0,0.0,0.0,0.0
490,3,0.0,0.0,0.0,0.0,0.0
490,4,0.0,0.0,0.0,0.0,0.0
491,0,0.0,-1.7837970487036852,0.0,0.0,0.0
491,1,0.0,0.0,0.0,0.0,-4.441520796979666
491,2,0.0,0.0,0.0,0.0,0.0
491,3,0.0,0.0,0.0,0.0,0.0
491,4,0.0,0.0,0.0,0.0,0.0
492,0,0.0,-1.7886069620475762,0.0,0.0,0.0
492,1,0.0,0.0,0.0,0.0,-4.449116495943428
492,2,0.0,0.0,0.0,0.0,0.0
492,3,0.0,0.0,0.0,0.0,0.0
492,4,0.0,0.0,0.0,0.0,0.0
493,0,0.0,-1.7934220680160462,0.0,0.0,0.0
493,1,0.0,0.0,0.0,0.0,-4.450315924028124
493,2,0.0,0.0,0.0,0.0,0.0
493,3,0.0,0.0,0.0,0.0,0.0
493,4,0.0,0.0,0.0,0.0,0.0
494,0,0.0,-1.7982271626597788,0.0,0.0,0.0
494,1,0.0,0.0,0.0,0.0,-4.457887962240342
494,2,0.0,0.0,0.0,0.0,0.0
494,3,0.0,0.0,0.0,0.0,0.0
494,4,0.0,0.0,0.0,0.0,0.0
495,0,0.0,-1.8030374077235716,0.0,0.0,0.0
495,1,0.0,0.0,0.0,0.0,-4.460552591676449
495,2,0.0,0.0,0.0,0.0,0.0
495,3,0.0,0.0,0.0,0.0,0.0
495,4,0.0,0.0,0.0,0.0,0.0
496,0,0.0,-1.8078410564428098,0.0,0.0,0.0
496,1,0.0,0.0,0.0,0.0,-4.465597152477515
496,2,0.0,0.0,0.0,0.0,0.0
496,3,0.0,0.0,0.0,0.0,0.0
496,4,0.0,0.0,0.0,0.0,0.0
497,0,0.0,-1.8126438119996795,0.0,0.0,0.0
497,1,0.0,0.0,0.0,0.0,-4.480628295133035
497,2,0.0,0.0,0.0,0.0,0.0
497,3,0.0,0.0,0.0,0.0,0.0
497,4,0.0,0.0,0.0,0.0,0.0
498,0,0.0,-1.8174695790223736,0.0,0.0,0.0
498,1,0.0,0.0,0.0,0.0,-4.480009607944002
498,2,0.0,0.0,0.0,0.0,0.0
498,3,0.0,0.0,0.0,0.0,0.0
498,4,0.0,0.0,0.0,0.0,0.0
499,0,0.0,-1.822281303494173,0.0,0.0,0.0
499,1,0.0,0.0,0.0,0.0,-4.489996719111647
499,2,0.0,0.0,0.0,0.0,0.0
499,3,0.0,0.0,0.0,0.0,0.0
499,4,0.0,0.0,0.0,0.0,0.0
500,0,0.0,-1.8271039416711665,0.0,0.0,0.0
500,1,0.0,0.0,0.0,0.0,-4.491152696012278
500,2,0.0,0.0,0.0,0.0,0.0
500,3,0.0,0.0,0.0,0.0,0.0
500,4,0.0,0.0,0.0,0.0,0.0
501,0,0.0,-1.831916458196103,0.0,0.0,0.0
501,1,0.0,0.0,0.0,0.0,-4.492307072309261
501,2,0.0,0.0,0.0,0.0,0.0
501,3,0.0,0.0,0.0,0.0,0.0
501,4,0.0,0.0,0.0,0.0,0.0
502,0,0.0,-1.8367188801615435,0.0,0.0,0.0
502,1,0.0,0.0,0.0,0.0,-4.4972610255298475
502,2,0.0,0.0,0.0,0.0,0.0
502,3,0.0,0.0,0.0,0.0,0.0
502,4,0.0,0.0,0.0,0.0,0.0
503,0,0.0,-1.8415201994511352,0.0,0.0,0.0
503,1,0.0,0.0,0.0,0.0,-4.504701873999211
503,2,0.0,0.0,0.0,0.0,0.0
503,3,0.0,0.0,0.0,0.0,0.0
503,4,0.0,0.0,0.0,0.0,0.0
504,0,0.0,-1.8463263698486598,0.0,0.0,0.0
504,1,0.0,0.0,0.0,0.0,-4.509621327697906
504,2,0.0,0.0,0.0,0.0,0.0
504,3,0.0,0.0,0.0,0.0,0.0
504,4,0.0,0.0,0.0,0.0,0.0
505,0,0.0,-1.8511313459385295,0.0,0.0,0.0
505,1,0.0,0.0,0.0,0.0,-4.509902420949227
505,2,0.0,0.0,0.0,0.0,0.0
505,3,0.0,0.0,0.0,0.0,0.0
505,4,0.0,0.0,0.0,0.0,0.0
506,0,0.0,-1.8559243457056105,0.0,0.0,0.0
506,1,0.0,0.0,0.0,0.0,-4.522309223132047
506,2,0.0,0.0,0.0,0.0,0.0
506,3,0.0,0.0,0.0,0.0,0.0
506,4,0.0,0.0,0.0,0.0,0.0
507,0,0.0,-1.8607341005793991,0.0,0.0,0.0
507,1,0.0,0.0,0.0,0.0,-4.524829348871559
507,2,0.0,0.0,0.0,0.0,0.0
507,3,0.0,0.0,0.0,0.0,0.0
507,4,0.0,0.0,0.0,0.0,0.0
508,0,0.0,-1.8655369295775892,0.0,0.0,0.0
508,1,0.0,0.0,0.0,0.0,-4.525097136809866
508,2,0.0,0.0,0.0,0.0,0.0
508,3,0.0,0.0,0.0,0.0,0.0
508,4,0.0,0.0,0.0,0.0,0.0
509,0,0.0,-1.8703277642038565,0.0,0.0,0.0
509,1,0.0,0.0,0.0,0.0,-4.524427603743551
509,2,0.0,0.0,0.0,0.0,0.0
509,3,0.0,0.0,0.0,0.0,0.0
509,4,0.0,0.0,0.0,0.0,0.0
510,0,0.0,-1.8751045655225098,0.0,0.0,0.0
510,1,0.0,0.0,0.0,0.0,-4.536794456236386
510,2,0.0,0.0,0.0,0.0,0.0
510,3,0.0,0.0,0.0,0.0,0.0
510,4,0.0,0.0,0.0,0.0,0.0
511,0,0.0,-1.8798980678403097,0.0,0.0,0.0
511,1,0.0,0.0,0.0,0.0,-4.544123497883896
511,2,0.0,0.0,0.0,0.0,0.0
511,3,0.0,0.0,0.0,0.0,0.0
511,4,0.0,0.0,0.0,0.0,0.0
512,0,0.0,-1.8846961781933202,0.0,0.0,0.0
512,1,0.0,0.0,0.0,0.0,-4.548931528907926
512,2,0.0,0.0,0.0,0.0,0.0
512,3,0.0,0.0,0.0,0.0,0.0
512,4,0.0,0.0,0.0,0.0,0.0
513,0,0.0,-1.8894928554238408,0.0,0.0,0.0
513,1,0.0,0.0,0.0,0.0,-4.55002530054495
513,2,0.0,0.0,0.0,0.0,0.0
513,3,0.0,0.0,0.0,0.0,0.0
513,4,0.0,0.0,0.0,0.0,0.0
514,0,0.0,-1.8942793639340163,0.0,0.0,0.0
514,1,0.0,0.0,0.0,0.0,-4.559819226535062
514,2,0.0,0.0,0.0,0.0,0.0
514,3,0.0,0.0,0.0,0.0,0.0
514,4,0.0,0.0,0.0,0.0,0.0
515,0,0.0,-1.8990763955650662,0.0,0.0,0.0
515,1,0.0,0.0,0.0,0.0,-4.560056273819494
515,2,0.0,0.0,0.0,0.0,0.0
515,3,0.0,0.0,0.0,0.0,0.0
515,4,0.0,0.0,0.0,0.0,0.0
516,0,0.0,-1.9038613937916478,0.0,0.0,0.0
516,1,0.0,0.0,0.0,0.0,-4.564821425540129
516,2,0.0,0.0,0.0,0.0,0.0
516,3,0.0,0.0,0.0,0.0,0.0
516,4,0.0,0.0,0.0,0.0,0.0
517,0,0.0,-1.9086448959502855,0.0,0.0,0.0
517,1,0.0,0.0,0.0,0.0,-4.569574114331635
517,2,0.0,0.0,0.0,0.0,0.0
517,3,0.0,0.0,0.0,0.0,0.0
517,4,0.0,0.0,0.0,0.0,0.0
518,0,0.0,-1.9134268772303553,0.0,0.0,0.0
518,1,0.0,0.0,0.0,0.0,-4.569802220334542
518,2,0.0,0.0,0.0,0.0,0.0
518,3,0.0,0.0,0.0,0.0,0.0
518,4,0.0,0.0,0.0,0.0,0.0
519,0,0.0,-1.9181968543753212,0.0,0.0,0.0
519,1,0.0,0.0,0.0,0.0,-4.579542961616483
519,2,0.0,0.0,0.0,0.0,0.0
519,3,0.0,0.0,0.0,0.0,0.0
519,4,0.0,0.0,0.0,0.0,0.0
520,0,0.0,-1.9229772730089385,0.0,0.0,0.0
520,1,0.0,0.0,0.0,0.0,-4.5892546518356525
520,2,0.0,0.0,0.0,0.0,0.0
520,3,0.0,0.0,0.0,0.0,0.0
520,4,0.0,0.0,0.0,0.0,0.0
521,0,0.0,-1.9277680356688054,0.0,0.0,0.0
521,1,0.0,0.0,0.0,0.0,-4.591632560184743
521,2,0.0,0.0,0.0,0.0,0.0
521,3,0.0,0.0,0.0,0.0,0.0
521,4,0.0,0.0,0.0,0.0,0.0
522,0,0.0,-1.9325516040814805,0.0,0.0,0.0
522,1,0.0,0.0,0.0,0.0,-4.601310549160211
522,2,0.0,0.0,0.0,0.0,0.0
522,3,0.0,0.0,0.0,0.0,0.0
522,4,0.0,0.0,0.0,0.0,0.0
523,0,0.0,-1.937345428326799,0.0,0.0,0.0
523,1,0.0,0.0,0.0,0.0,-4.608459703286134
523,2,0.0,0.0,0.0,0.0,0.0
523,3,0.0,0.0,0.0,0.0,0.0
523,4,0.0,0.0,0.0,0.0,0.0
524,0,0.0,-1.9421434353305498,0.0,0.0,0.0
524,1,0.0,0.0,0.0,0.0,-4.607691598372674
524,2,0.0,0.0,0.0,0.0,0.0
524,3,0.0,0.0,0.0,0.0,0.0
524,4,0.0,0.0,0.0,0.0,0.0
525,0,0.0,-1.9469271863689197,0.0,0.0,0.0
525,1,0.0,0.0,0.0,0.0,-4.614823433614544
525,2,0.0,0.0,0.0,0.0,0.0
525,3,0.0,0.0,0.0,0.0,0.0
525,4,0.0,0.0,0.0,0.0,0.0
526,0,0.0,-1.9517151070367944,0.0,0.0,0.0
526,1,0.0,0.0,0.0,0.0,-4.617148737894026
526,2,0.0,0.0,0.0,0.0,0.0
526,3,0.0,0.0,0.0,0.0,0.0
526,4,0.0,0.0,0.0,0.0,0.0
527,0,0.0,-1.9564957222377988,0.0,0.0,0.0
527,1,0.0,0.0,0.0,0.0,-4.618173506883615
527,2,0.0,0.0,0.0,0.0,0.0
527,3,0.0,0.0,0.0,0.0,0.0
527,4,0.0,0.0,0.0,0.0,0.0
528,0,0.0,-1.961266078974206,0.0,0.0,0.0
528,1,0.0,0.0,0.0,0.0,-4.630279061899467
528,2,0.0,0.0,0.0,0.0,0.0
528,3,0.0,0.0,0.0,0.0,0.0
528,4,0.0,0.0,0.0,0.0,0.0
529,0,0.0,-1.9660525299080576,0.0,0.0,0.0
529,1,0.0,0.0,0.0,0.0,-4.631291623706458
529,2,0.0,0.0,0.0,0.0,0.0
529,3,0.0,0.0,0.0,0.0,0.0
529,4,0.0,0.0,0.0,0.0,0.0
530,0,0.0,-1.9708286809359337,0.0,0.0,0.0
530,1,0.0,0.0,0.0,0.0,-4.638358939746677
530,2,0.0,0.0,0.0,0.0,0.0
530,3,0.0,0.0,0.0,0.0,0.0
530,4,0.0,0.0,0.0,0.0,0.0
531,0,0.0,-1.9756088708372972,0.0,0.0,0.0
531,1,0.0,0.0,0.0,0.0,-4.645406130609499
531,2,0.0,0.0,0.0,0.0,0.0
531,3,0.0,0.0,0.0,0.0,0.0
531,4,0.0,0.0,0.0,0.0,0.0
532,0,0.0,-1.9803930408927028,0.0,0.0,0.0
532,1,0.0,0.0,0.0,0.0,-4.6499332651157985
532,2,0.0,0.0,0.0,0.0,0.0
532,3,0.0,0.0,0.0,0.0,0.0
532,4,0.0,0.0,0.0,0.0,0.0
533,0,0.0,-1.985175158736083,0.0,0.0,0.0
533,1,0.0,0.0,0.0,0.0,-4.65444874435958
533,2,0.0,0.0,0.0,0.0,0.0
533,3,0.0,0.0,0.0,0.0,0.0
533,4,0.0,0.0,0.0,0.0,0.0
534,0,0.0,-1.9899552030670689,0.0,0.0,0.0
534,1,0.0,0.0,0.0,0.0,-4.655436844264851
534,2,0.0,0.0,0.0,0.0,0.0
534,3,0.0,0.0,0.0,0.0,0.0
534,4,0.0,0.0,0.0,0.0,0.0
535,0,0.0,-1.9947249170531904,0.0,0.0,0.0
535,1,0.0,0.0,0.0,0.0,-4.656423660316878
535,2,0.0,0.0,0.0,0.0,0.0
535,3,0.0,0.0,0.0,0.0,0.0
535,4,0.0,0.0,0.0,0.0,0.0
536,0,0.0,-1.9994843290050186,0.0,0.0,0.0
536,1,0.0,0.0,0.0,0.0,-4.658667027224383
536,2,0.0,0.0,0.0,0.0,0.0
536,3,0.0,0.0,0.0,0.0,0.0
536,4,0.0,0.0,0.0,0.0,0.0
537,0,0.0,-2.0042363331236843,0.0,0.0,0.0
537,1,0.0,0.0,0.0,0.0,-4.658814624515503
537,2,0.0,0.0,0.0,0.0,0.0
537,3,0.0,0.0,0.0,0.0,0.0
537,4,0.0,0.0,0.0,0.0,0.0
538,0,0.0,-2.0089762711650168,0.0,0.0,0.0
538,1,0.0,0.0,0.0,0.0,-4.668312292847055
538,2,0.0,0.0,0.0,0.0,0.0
538,3,0.0,0.0,0.0,0.0,0.0
538,4,0.0,0.0,0.0,0.0,0.0
539,0,0.0,-2.0137261564774493,0.0,0.0,0.0
539,1,0.0,0.0,0.0,0.0,-4.680281725468639
539,2,0.0,0.0,0.0,0.0,0.0
539,3,0.0,0.0,0.0,0.0,0.0
539,4,0.0,0.0,0.0,0.0,0.0
540,0,0.0,-2.0184918664164413,0.0,0.0,0.0
540,1,0.0,0.0,0.0,0.0,-4.684714689112474
540,2,0.0,0.0,0.0,0.0,0.0
540,3,0.0,0.0,0.0,0.0,0.0
540,4,0.0,0.0,0.0,0.0,0.0
541,0,0.0,-2.023255356405968,0.0,0.0,0.0
541,1,0.0,0.0,0.0,0.0,-4.684838626424276
541,2,0.0,0.0,0.0,0.0,0.0
541,3,0.0,0.0,0.0,0.0,0.0
541,4,0.0,0.0,0.0,0.0,0.0
542,0,0.0,-2.0280067000516704,0.0,0.0,0.0
542,1,0.0,0.0,0.0,0.0,-4.683978234481726
542,2,0.0,0.0,0.0,0.0,0.0
542,3,0.0,0.0,0.0,0.0,0.0
542,4,0.0,0.0,0.0,0.0,0.0
543,0,0.0,-2.032743743676344,0.0,0.0,0.0
543,1,0.0,0.0,0.0,0.0,-4.690903936587103
543,2,0.0,0.0,0.0,0.0,0.0
543,3,0.0,0.0,0.0,0.0,0.0
543,4,0.0,0.0,0.0,0.0,0.0
544,0,0.0,-2.0374846012282917,0.0,0.0,0.0
544,1,0.0,0.0,0.0,0.0,-4.691022388471522
544,2,0.0,0.0,0.0,0.0,0.0
544,3,0.0,0.0,0.0,0.0,0.0
544,4,0.0,0.0,0.0,0.0,0.0
545,0,0.0,-2.0422133730003393,0.0,0.0,0.0
545,1,0.0,0.0,0.0,0.0,-4.695429200914494
545,2,0.0,0.0,0.0,0.0,0.0
545,3,0.0,0.0,0.0,0.0,0.0
545,4,0.0,0.0,0.0,0.0,0.0
546,0,0.0,-2.046939969214683,0.0,0.0,0.0
546,1,0.0,0.0,0.0,0.0,-4.695543425077629
546,2,0.0,0.0,0.0,0.0,0.0
546,3,0.0,0.0,0.0,0.0,0.0
546,4,0.0,0.0,0.0,0.0,0.0
547,0,0.0,-2.0516545156362582,0.0,0.0,0.0
547,1,0.0,0.0,0.0,0.0,-4.702439753288621
547,2,0.0,0.0,0.0,0.0,0.0
547,3,0.0,0.0,0.0,0.0,0.0
547,4,0.0,0.0,0.0,0.0,0.0
548,0,0.0,-2.0563728691528396,0.0,0.0,0.0
548,1,0.0,0.0,0.0,0.0,-4.714316522279843
548,2,0.0,0.0,0.0,0.0,0.0
548,3,0.0,0.0,0.0,0.0,0.0
548,4,0.0,0.0,0.0,0.0,0.0
549,0,0.0,-2.0611069072077983,0.0,0.0,0.0
549,1,0.0,0.0,0.0,0.0,-4.713420192718595
549,2,0.0,0.0,0.0,0.0,0.0
549,3,0.0,0.0,0.0,0.0,0.0
549,4,0.0,0.0,0.0,0.0,0.0
550,0,0.0,-2.0658266266297876,0.0,0.0,0.0
550,1,0.0,0.0,0.0,0.0,-4.717764230053294
550,2,0.0,0.0,0.0,0.0,0.0
550,3,0.0,0.0,0.0,0.0,0.0
550,4,0.0,0.0,0.0,0.0,0.0
551,0,0.0,-2.0705440486665707,0.0,0.0,0.0
551,1,0.0,0.0,0.0,0.0,-4.717858054260694
551,2,0.0,0.0,0.0,0.0,0.0
551,3,0.0,0.0,0.0,0.0,0.0
551,4,0.0,0.0,0.0,0.0,0.0
552,0,0.0,-2.0752494107296675,0.0,0.0,0.0
552,1,0.0,0.0,0.0,0.0,-4.717951871144485
552,2,0.0,0.0,0.0,0.0,0.0
552,3,0.0,0.0,0.0,0.0,0.0
552,4,0.0,0.0,0.0,0.0,0.0
553,0,0.0,-2.0799427503648418,0.0,0.0,0.0
553,1,0.0,0.0,0.0,0.0,-4.717051721783154
553,2,0.0,0.0,0.0,0.0,0.0
553,3,0.0,0.0,0.0,0.0,0.0
553,4,0.0,0.0,0.0,0.0,0.0
554,0,0.0,-2.0846218924990905,0.0,0.0,0.0
554,1,0.0,0.0,0.0,0.0,-4.717146555104744
554,2,0.0,0.0,0.0,0.0,0.0
554,3,0.0,0.0,0.0,0.0,0.0
554,4,0.0,0.0,0.0,0.0,0.0
555,0,0.0,-2.0892890960290393,0.0,0.0,0.0
555,1,0.0,0.0,0.0,0.0,-4.719277523371608
555,2,0.0,0.0,0.0,0.0,0.0
555,3,0.0,0.0,0.0,0.0,0.0
555,4,0.0,0.0,0.0,0.0,0.0
556,0,0.0,-2.0939489090420675,0.0,0.0,0.0
556,1,0.0,0.0,0.0,0.0,-4.721404654879134
556,2,0.0,0.0,0.0,0.0,0.0
556,3,0.0,0.0,0.0,0.0,0.0
556,4,0.0,0.0,0.0,0.0,0.0
557,0,0.0,-2.0986013443661835,0.0,0.0,0.0
557,1,0.0,0.0,0.0,0.0,-4.722326701326034
557,2,0.0,0.0,0.0,0.0,0.0
557,3,0.0,0.0,0.0,0.0,0.0
557,4,0.0,0.0,0.0,0.0,0.0
558,0,0.0,-2.103243702270267,0.0,0.0,0.0
558,1,0.0,0.0,0.0,0.0,-4.729156420867241
558,2,0.0,0.0,0.0,0.0,0.0
558,3,0.0,0.0,0.0,0.0,0.0
558,4,0.0,0.0,0.0,0.0,0.0
559,0,0.0,-2.107889909182809,0.0,0.0,0.0
559,1,0.0,0.0,0.0,0.0,-4.730070991313208
559,2,0.0,0.0,0.0,0.0,0.0
559,3,0.0,0.0,0.0,0.0,0.0
559,4,0.0,0.0,0.0,0.0,0.0
560,0,0.0,-2.1125260422871013,0.0,0.0,0.0
560,1,0.0,0.0,0.0,0.0,-4.729156411743671
560,2,0.0,0.0,0.0,0.0,0.0
560,3,0.0,0.0,0.0,0.0,0.0
560,4,0.0,0.0,0.0,0.0,0.0
561,0,0.0,-2.1171481265261027,0.0,0.0,0.0
561,1,0.0,0.0,0.0,0.0,-4.733469154085569
561,2,0.0,0.0,0.0,0.0,0.0
561,3,0.0,0.0,0.0,0.0,0.0
561,4,0.0,0.0,0.0,0.0,0.0
562,0,0.0,-2.121768118137507,0.0,0.0,0.0
562,1,0.0,0.0,0.0,0.0,-4.735571395609164
562,2,0.0,0.0,0.0,0.0,0.0
562,3,0.0,0.0,0.0,0.0,0.0
562,4,0.0,0.0,0.0,0.0,0.0
563,0,0.0,-2.126380791968469,0.0,0.0,0.0
563,1,0.0,0.0,0.0,0.0,-4.736478605259542
563,2,0.0,0.0,0.0,0.0,0.0
563,3,0.0,0.0,0.0,0.0,0.0
563,4,0.0,0.0,0.0,0.0,0.0
564,0,0.0,-2.1309834766624607,0.0,0.0,0.0
564,1,0.0,0.0,0.0,0.0,-4.735556269138887
564,2,0.0,0.0,0.0,0.0,0.0
564,3,0.0,0.0,0.0,0.0,0.0
564,4,0.0,0.0,0.0,0.0,0.0
565,0,0.0,-2.1355722000925406,0.0,0.0,0.0
565,1,0.0,0.0,0.0,0.0,-4.7398564852220515
565,2,0.0,0.0,0.0,0.0,0.0
565,3,0.0,0.0,0.0,0.0,0.0
565,4,0.0,0.0,0.0,0.0,0.0
566,0,0.0,-2.1401588963861,0.0,0.0,0.0
566,1,0.0,0.0,0.0,0.0,-4.741948159643642
566,2,0.0,0.0,0.0,0.0,0.0
566,3,0.0,0.0,0.0,0.0,0.0
566,4,0.0,0.0,0.0,0.0,0.0
567,0,0.0,-2.144738347940301,0.0,0.0,0.0
567,1,0.0,0.0,0.0,0.0,-4.742019868174395
567,2,0.0,0.0,0.0,0.0,0.0
567,3,0.0,0.0,0.0,0.0,0.0
567,4,0.0,0.0,0.0,0.0,0.0
568,0,0.0,-2.1493061208558397,0.0,0.0,0.0
568,1,0.0,0.0,0.0,0.0,-4.742919569404969
568,2,0.0,0.0,0.0,0.0,0.0
568,3,0.0,0.0,0.0,0.0,0.0
568,4,0.0,0.0,0.0,0.0,0.0
569,0,0.0,-2.1538640230628348,0.0,0.0,0.0
569,1,0.0,0.0,0.0,0.0,-4.752204711453602
569,2,0.0,0.0,0.0,0.0,0.0
569,3,0.0,0.0,0.0,0.0,0.0
569,4,0.0,0.0,0.0,0.0,0.0
570,0,0.0,-2.158431854235296,0.0,0.0,0.0
570,1,0.0,0.0,0.0,0.0,-4.756462337019117
570,2,0.0,0.0,0.0,0.0,0.0
570,3,0.0,0.0,0.0,0.0,0.0
570,4,0.0,0.0,0.0,0.0,0.0
571,0,0.0,-2.1629976177440424,0.0,0.0,0.0
571,1,0.0,0.0,0.0,0.0,-4.756520567752207
571,2,0.0,0.0,0.0,0.0,0.0
571,3,0.0,0.0,0.0,0.0,0.0
571,4,0.0,0.0,0.0,0.0,0.0
572,0,0.0,-2.167551718369167,0.0,0.0,0.0
572,1,0.0,0.0,0.0,0.0,-4.763268282470302
572,2,0.0,0.0,0.0,0.0,0.0
572,3,0.0,0.0,0.0,0.0,0.0
572,4,0.0,0.0,0.0,0.0,0.0
573,0,0.0,-2.1721097179287585,0.0,0.0,0.0
573,1,0.0,0.0,0.0,0.0,-4.772496907176576
573,2,0.0,0.0,0.0,0.0,0.0
573,3,0.0,0.0,0.0,0.0,0.0
573,4,0.0,0.0,0.0,0.0,0.0
574,0,0.0,-2.176677512260781,0.0,0.0,0.0
574,1,0.0,0.0,0.0,0.0,-4.77336885864335
574,2,0.0,0.0,0.0,0.0,0.0
574,3,0.0,0.0,0.0,0.0,0.0
574,4,0.0,0.0,0.0,0.0,0.0
575,0,0.0,-2.1812353811746554,0.0,0.0,0.0
575,1,0.0,0.0,0.0,0.0,-4.780069113615287
575,2,0.0,0.0,0.0,0.0,0.0
575,3,0.0,0.0,0.0,0.0,0.0
575,4,0.0,0.0,0.0,0.0,0.0
576,0,0.0,-2.185797026811672,0.0,0.0,0.0
576,1,0.0,0.0,0.0,0.0,-4.7820883696213246
576,2,0.0,0.0,0.0,0.0,0.0
576,3,0.0,0.0,0.0,0.0,0.0
576,4,0.0,0.0,0.0,0.0,0.0
577,0,0.0,-2.1903513374783414,0.0,0.0,0.0
577,1,0.0,0.0,0.0,0.0,-4.788765956688804
577,2,0.0,0.0,0.0,0.0,0.0
577,3,0.0,0.0,0.0,0.0,0.0
577,4,0.0,0.0,0.0,0.0,0.0
578,0,0.0,-2.194909381723994,0.0,0.0,0.0
578,1,0.0,0.0,0.0,0.0,-4.795424689191575
578,2,0.0,0.0,0.0,0.0,0.0
578,3,0.0,0.0,0.0,0.0,0.0
578,4,0.0,0.0,0.0,0.0,0.0
579,0,0.0,-2.199471104949946,0.0,0.0,0.0
579,1,0.0,0.0,0.0,0.0,-4.796275100076716
579,2,0.0,0.0,0.0,0.0,0.0
579,3,0.0,0.0,0.0,0.0,0.0
579,4,0.0,0.0,0.0,0.0,0.0
580,0,0.0,-2.2040228775610555,0.0,0.0,0.0
580,1,0.0,0.0,0.0,0.0,-4.79826556613073
580,2,0.0,0.0,0.0,0.0,0.0
580,3,0.0,0.0,0.0,0.0,0.0
580,4,0.0,0.0,0.0,0.0,0.0
581,0,0.0,-2.2085672790485136,0.0,0.0,0.0
581,1,0.0,0.0,0.0,0.0,-4.8024011269402935
581,2,0.0,0.0,0.0,0.0,0.0
581,3,0.0,0.0,0.0,0.0,0.0
581,4,0.0,0.0,0.0,0.0,0.0
582,0,0.0,-2.2131093934899444,0.0,0.0,0.0
582,1,0.0,0.0,0.0,0.0,-4.809026056875164
582,2,0.0,0.0,0.0,0.0,0.0
582,3,0.0,0.0,0.0,0.0,0.0
582,4,0.0,0.0,0.0,0.0,0.0
583,0,0.0,-2.2176551519255425,0.0,0.0,0.0
583,1,0.0,0.0,0.0,0.0,-4.810993624967743
583,2,0.0,0.0,0.0,0.0,0.0
583,3,0.0,0.0,0.0,0.0,0.0
583,4,0.0,0.0,0.0,0.0,0.0
584,0,0.0,-2.2221935049870165,0.0,0.0,0.0
584,1,0.0,0.0,0.0,0.0,-4.8118282922570526
584,2,0.0,0.0,0.0,0.0,0.0
584,3,0.0,0.0,0.0,0.0,0.0
584,4,0.0,0.0,0.0,0.0,0.0
585,0,0.0,-2.226721944292247,0.0,0.0,0.0
585,1,0.0,0.0,0.0,0.0,-4.811834247164004
585,2,0.0,0.0,0.0,0.0,0.0
585,3,0.0,0.0,0.0,0.0,0.0
585,4,0.0,0.0,0.0,0.0,0.0
586,0,0.0,-2.2312387303907055,0.0,0.0,0.0
586,1,0.0,0.0,0.0,0.0,-4.818437004181796
586,2,0.0,0.0,0.0,0.0,0.0
586,3,0.0,0.0,0.0,0.0,0.0
586,4,0.0,0.0,0.0,0.0,0.0
587,0,0.0,-2.2357591778672057,0.0,0.0,0.0
587,1,0.0,0.0,0.0,0.0,-4.822521550826344
587,2,0.0,0.0,0.0,0.0,0.0
587,3,0.0,0.0,0.0,0.0,0.0
587,4,0.0,0.0,0.0,0.0,0.0
588,0,0.0,-2.2402772866775797,0.0,0.0,0.0
588,1,0.0,0.0,0.0,0.0,-4.824465980649029
588,2,0.0,0.0,0.0,0.0,0.0
588,3,0.0,0.0,0.0,0.0,0.0
588,4,0.0,0.0,0.0,0.0,0.0
589,0,0.0,-2.2447880181478013,0.0,0.0,0.0
589,1,0.0,0.0,0.0,0.0,-4.831036357360098
589,2,0.0,0.0,0.0,0.0,0.0
589,3,0.0,0.0,0.0,0.0,0.0
589,4,0.0,0.0,0.0,0.0,0.0
590,0,0.0,-2.249302352109015,0.0,0.0,0.0
590,1,0.0,0.0,0.0,0.0,-4.831851914589054
590,2,0.0,0.0,0.0,0.0,0.0
590,3,0.0,0.0,0.0,0.0,0.0
590,4,0.0,0.0,0.0,0.0,0.0
591,0,0.0,-2.253806805064793,0.0,0.0,0.0
591,1,0.0,0.0,0.0,0.0,-4.835903405720877
591,2,0.0,0.0,0.0,0.0,0.0
591,3,0.0,0.0,0.0,0.0,0.0
591,4,0.0,0.0,0.0,0.0,0.0
592,0,0.0,-2.2583088874594637,0.0,0.0,0.0
592,1,0.0,0.0,0.0,0.0,-4.8378246210792
592,2,0.0,0.0,0.0,0.0,0.0
592,3,0.0,0.0,0.0,0.0,0.0
592,4,0.0,0.0,0.0,0.0,0.0
593,0,0.0,-2.262803586596054,0.0,0.0,0.0
593,1,0.0,0.0,0.0,0.0,-4.838632998105435
593,2,0.0,0.0,0.0,0.0,0.0
593,3,0.0,0.0,0.0,0.0,0.0
593,4,0.0,0.0,0.0,0.0,0.0
594,0,0.0,-2.2672884478750728,0.0,0.0,0.0
594,1,0.0,0.0,0.0,0.0,-4.837579261344806
594,2,0.0,0.0,0.0,0.0,0.0
594,3,0.0,0.0,0.0,0.0,0.0
594,4,0.0,0.0,0.0,0.0,0.0
595,0,0.0,-2.271759426966018,0.0,0.0,0.0
595,1,0.0,0.0,0.0,0.0,-4.8491195777825284
595,2,0.0,0.0,0.0,0.0,0.0
595,3,0.0,0.0,0.0,0.0,0.0
595,4,0.0,0.0,0.0,0.0,0.0
596,0,0.0,-2.2762459339715564,0.0,0.0,0.0
596,1,0.0,0.0,0.0,0.0,-4.853125610590495
596,2,0.0,0.0,0.0,0.0,0.0
596,3,0.0,0.0,0.0,0.0,0.0
596,4,0.0,0.0,0.0,0.0,0.0
597,0,0.0,-2.2807300141847726,0.0,0.0,0.0
597,1,0.0,0.0,0.0,0.0,-4.859620870811619
597,2,0.0,0.0,0.0,0.0,0.0
597,3,0.0,0.0,0.0,0.0,0.0
597,4,0.0,0.0,0.0,0.0,0.0
598,0,0.0,-2.2852175930749223,0.0,0.0,0.0
598,1,0.0,0.0,0.0,0.0,-4.8685978646063734
598,2,0.0,0.0,0.0,0.0,0.0
598,3,0.0,0.0,0.0,0.0,0.0
598,4,0.0,0.0,0.0,0.0,0.0
599,0,0.0,-2.289714562488288,0.0,0.0,0.0
599,1,0.0,0.0,0.0,0.0,-4.8825483214499625
599,2,0.0,0.0,0.0,0.0,0.0
599,3,0.0,0.0,0.0,0.0,0.0
599,4,0.0,0.0,0.0,0.0,0.0
600,0,0.0,-2.2942327253513684,0.0,0.0,0.0
600,1,0.0,0.0,0.0,0.0,-4.8824865482419115
600,2,0.0,0.0,0.0,0.0,0.0
600,3,0.0,0.0,0.0,0.0,0.0
600,4,0.0,0.0,0.0,0.0,0.0
601,0,0.0,-2.298739131393327,0.0,0.0,0.0
601,1,0.0,0.0,0.0,0.0,-4.883257266118943
601,2,0.0,0.0,0.0,0.0,0.0
601,3,0.0,0.0,0.0,0.0,0.0
601,4,0.0,0.0,0.0,0.0,0.0
602,0,0.0,-2.3032355924895795,0.0,0.0,0.0
602,1,0.0,0.0,0.0,0.0,-4.8821463365036255
602,2,0.0,0.0,0.0,0.0,0.0
602,3,0.0,0.0,0.0,0.0,0.0
602,4,0.0,0.0,0.0,0.0,0.0
603,0,0.0,-2.307718013773704,0.0,0.0,0.0
603,1,0.0,0.0,0.0,0.0,-4.882916999472631
603,2,0.0,0.0,0.0,0.0,0.0
603,3,0.0,0.0,0.0,0.0,0.0
603,4,0.0,0.0,0.0,0.0,0.0
604,0,0.0,-2.3121905612802656,0.0,0.0,0.0
604,1,0.0,0.0,0.0,0.0,-4.886829764178885
604,2,0.0,0.0,0.0,0.0,0.0
604,3,0.0,0.0,0.0,0.0,0.0
604,4,0.0,0.0,0.0,0.0,0.0
605,0,0.0,-2.316660501867495,0.0,0.0,0.0
605,1,0.0,0.0,0.0,0.0,-4.898231087367048
605,2,0.0,0.0,0.0,0.0,0.0
605,3,0.0,0.0,0.0,0.0,0.0
605,4,0.0,0.0,0.0,0.0,0.0
606,0,0.0,-2.3211456409969293,0.0,0.0,0.0
606,1,0.0,0.0,0.0,0.0,-4.902100197377547
606,2,0.0,0.0,0.0,0.0,0.0
606,3,0.0,0.0,0.0,0.0,0.0
606,4,0.0,0.0,0.0,0.0,0.0
607,0,0.0,-2.325628035301185,0.0,0.0,0.0
607,1,0.0,0.0,0.0,0.0,-4.915957410434848
607,2,0.0,0.0,0.0,0.0,0.0
607,3,0.0,0.0,0.0,0.0,0.0
607,4,0.0,0.0,0.0,0.0,0.0
608,0,0.0,-2.3301314346808457,0.0,0.0,0.0
608,1,0.0,0.0,0.0,0.0,-4.91977517153342
608,2,0.0,0.0,0.0,0.0,0.0
608,3,0.0,0.0,0.0,0.0,0.0
608,4,0.0,0.0,0.0,0.0,0.0
609,0,0.0,-2.334631917127711,0.0,0.0,0.0
609,1,0.0,0.0,0.0,0.0,-4.926080272799144
609,2,0.0,0.0,0.0,0.0,0.0
609,3,0.0,0.0,0.0,0.0,0.0
609,4,0.0,0.0,0.0,0.0,0.0
610,0,0.0,-2.339135403952689,0.0,0.0,0.0
610,1,0.0,0.0,0.0,0.0,-4.925976227750842
610,2,0.0,0.0,0.0,0.0,0.0
610,3,0.0,0.0,0.0,0.0,0.0
610,4,0.0,0.0,0.0,0.0,0.0
611,0,0.0,-2.343627094894144,0.0,0.0,0.0
611,1,0.0,0.0,0.0,0.0,-4.932265061314664
611,2,0.0,0.0,0.0,0.0,0.0
611,3,0.0,0.0,0.0,0.0,0.0
611,4,0.0,0.0,0.0,0.0,0.0
612,0,0.0,-2.3481217757504864,0.0,0.0,0.0
612,1,0.0,0.0,0.0,0.0,-4.931089440729942
612,2,0.0,0.0,0.0,0.0,0.0
612,3,0.0,0.0,0.0,0.0,0.0
612,4,0.0,0.0,0.0,0.0,0.0
613,0,0.0,-2.3526022818192027,0.0,0.0,0.0
613,1,0.0,0.0,0.0,0.0,-4.937364867688562
613,2,0.0,0.0,0.0,0.0,0.0
613,3,0.0,0.0,0.0,0.0,0.0
613,4,0.0,0.0,0.0,0.0,0.0
614,0,0.0,-2.357085776395776,0.0,0.0,0.0
614,1,0.0,0.0,0.0,0.0,-4.937250031789513
614,2,0.0,0.0,0.0,0.0,0.0
614,3,0.0,0.0,0.0,0.0,0.0
614,4,0.0,0.0,0.0,0.0,0.0
615,0,0.0,-2.361557515268068,0.0,0.0,0.0
615,1,0.0,0.0,0.0,0.0,-4.941013662004539
615,2,0.0,0.0,0.0,0.0,0.0
615,3,0.0,0.0,0.0,0.0,0.0
615,4,0.0,0.0,0.0,0.0,0.0
616,0,0.0,-2.3660262994334724,0.0,0.0,0.0
616,1,0.0,0.0,0.0,0.0,-4.94173310758911
616,2,0.0,0.0,0.0,0.0,0.0
616,3,0.0,0.0,0.0,0.0,0.0
616,4,0.0,0.0,0.0,0.0,0.0
617,0,0.0,-2.370485150213312,0.0,0.0,0.0
617,1,0.0,0.0,0.0,0.0,-4.950482574427557
617,2,0.0,0.0,0.0,0.0,0.0
617,3,0.0,0.0,0.0,0.0,0.0
617,4,0.0,0.0,0.0,0.0,0.0
618,0,0.0,-2.374952926815125,0.0,0.0,0.0
618,1,0.0,0.0,0.0,0.0,-4.964206278975571
618,2,0.0,0.0,0.0,0.0,0.0
618,3,0.0,0.0,0.0,0.0,0.0
618,4,0.0,0.0,0.0,0.0,0.0
619,0,0.0,-2.379441424888169,0.0,0.0,0.0
619,1,0.0,0.0,0.0,0.0,-4.964906933274176
619,2,0.0,0.0,0.0,0.0,0.0
619,3,0.0,0.0,0.0,0.0,0.0
619,4,0.0,0.0,0.0,0.0,0.0
620,0,0.0,-2.3839198952454845,0.0,0.0,0.0
620,1,0.0,0.0,0.0,0.0,-4.971087674304694
620,2,0.0,0.0,0.0,0.0,0.0
620,3,0.0,0.0,0.0,0.0,0.0
620,4,0.0,0.0,0.0,0.0,0.0
621,0,0.0,-2.388401136077999,0.0,0.0,0.0
621,1,0.0,0.0,0.0,0.0,-4.97475808958057
621,2,0.0,0.0,0.0,0.0,0.0
621,3,0.0,0.0,0.0,0.0,0.0
621,4,0.0,0.0,0.0,0.0,0.0
622,0,0.0,-2.3928791768573516,0.0,0.0,0.0
622,1,0.0,0.0,0.0,0.0,-4.973525999113017
622,2,0.0,0.0,0.0,0.0,0.0
622,3,0.0,0.0,0.0,0.0,0.0
622,4,0.0,0.0,0.0,0.0,0.0
623,0,0.0,-2.3973429714000267,0.0,0.0,0.0
623,1,0.0,0.0,0.0,0.0,-4.979685020715024
623,2,0.0,0.0,0.0,0.0,0.0
623,3,0.0,0.0,0.0,0.0,0.0
623,4,0.0,0.0,0.0,0.0,0.0
624,0,0.0,-2.4018095253974905,0.0,0.0,0.0
624,1,0.0,0.0,0.0,0.0,-4.985826924806172
624,2,0.0,0.0,0.0,0.0,0.0
624,3,0.0,0.0,0.0,0.0,0.0
624,4,0.0,0.0,0.0,0.0,0.0
625,0,0.0,-2.406278791148142,0.0,0.0,0.0
625,1,0.0,0.0,0.0,0.0,-4.986508372028767
625,2,0.0,0.0,0.0,0.0,0.0
625,3,0.0,0.0,0.0,0.0,0.0
625,4,0.0,0.0,0.0,0.0,0.0
626,0,0.0,-2.4107380482340046,0.0,0.0,0.0
626,1,0.0,0.0,0.0,0.0,-4.990140519882545
626,2,0.0,0.0,0.0,0.0,0.0
626,3,0.0,0.0,0.0,0.0,0.0
626,4,0.0,0.0,0.0,0.0,0.0
627,0,0.0,-2.415194077712456,0.0,0.0,0.0
627,1,0.0,0.0,0.0,0.0,-4.99081773922326
627,2,0.0,0.0,0.0,0.0,0.0
627,3,0.0,0.0,0.0,0.0,0.0
627,4,0.0,0.0,0.0,0.0,0.0
628,0,0.0,-2.4196401290575897,0.0,0.0,0.0
628,1,0.0,0.0,0.0,0.0,-5.001932716834909
628,2,0.0,0.0,0.0,0.0,0.0
628,3,0.0,0.0,0.0,0.0,0.0
628,4,0.0,0.0,0.0,0.0,0.0
629,0,0.0,-2.424100759557625,0.0,0.0,0.0
629,1,0.0,0.0,0.0,0.0,-5.003593939465432
629,2,0.0,0.0,0.0,0.0,0.0
629,3,0.0,0.0,0.0,0.0,0.0
629,4,0.0,0.0,0.0,0.0,0.0
630,0,0.0,-2.4285535507381533,0.0,0.0,0.0
630,1,0.0,0.0,0.0,0.0,-5.002323038819085
630,2,0.0,0.0,0.0,0.0,0.0
630,3,0.0,0.0,0.0,0.0,0.0
630,4,0.0,0.0,0.0,0.0,0.0
631,0,0.0,-2.4329920877489837,0.0,0.0,0.0
631,1,0.0,0.0,0.0,0.0,-5.005915277421535
631,2,0.0,0.0,0.0,0.0,0.0
631,3,0.0,0.0,0.0,0.0,0.0
631,4,0.0,0.0,0.0,0.0,0.0
632,0,0.0,-2.4374273619168534,0.0,0.0,0.0
632,1,0.0,0.0,0.0,0.0,-5.014489644695289
632,2,0.0,0.0,0.0,0.0,0.0
632,3,0.0,0.0,0.0,0.0,0.0
632,4,0.0,0.0,0.0,0.0,0.0
633,0,0.0,-2.441871210406391,0.0,0.0,0.0
633,1,0.0,0.0,0.0,0.0,-5.025538839477047
633,2,0.0,0.0,0.0,0.0,0.0
633,3,0.0,0.0,0.0,0.0,0.0
633,4,0.0,0.0,0.0,0.0,0.0
634,0,0.0,-2.4463294875385557,0.0,0.0,0.0
634,1,0.0,0.0,0.0,0.0,-5.026186382768408
634,2,0.0,0.0,0.0,0.0,0.0
634,3,0.0,0.0,0.0,0.0,0.0
634,4,0.0,0.0,0.0,0.0,0.0
635,0,0.0,-2.4507777222384393,0.0,0.0,0.0
635,1,0.0,0.0,0.0,0.0,-5.03470165619244
635,2,0.0,0.0,0.0,0.0,0.0
635,3,0.0,0.0,0.0,0.0,0.0
635,4,0.0,0.0,0.0,0.0,0.0
636,0,0.0,-2.4552343567521735,0.0,0.0,0.0
636,1,0.0,0.0,0.0,0.0,-5.035341499561655
636,2,0.0,0.0,0.0,0.0,0.0
636,3,0.0,0.0,0.0,0.0,0.0
636,4,0.0,0.0,0.0,0.0,0.0
637,0,0.0,-2.4596809388064806,0.0,0.0,0.0
637,1,0.0,0.0,0.0,0.0,-5.035980615150677
637,2,0.0,0.0,0.0,0.0,0.0
637,3,0.0,0.0,0.0,0.0,0.0
637,4,0.0,0.0,0.0,0.0,0.0
638,0,0.0,-2.464117496776223,0.0,0.0,0.0
638,1,0.0,0.0,0.0,0.0,-5.034666556505151
638,2,0.0,0.0,0.0,0.0,0.0
638,3,0.0,0.0,0.0,0.0,0.0
638,4,0.0,0.0,0.0,0.0,0.0
639,0,0.0,-2.46853975640011,0.0,0.0,0.0
639,1,0.0,0.0,0.0,0.0,-5.0381734633570385
639,2,0.0,0.0,0.0,0.0,0.0
639,3,0.0,0.0,0.0,0.0,0.0
639,4,0.0,0.0,0.0,0.0,0.0
640,0,0.0,-2.4729585988501768,0.0,0.0,0.0
640,1,0.0,0.0,0.0,0.0,-5.039783646242546
640,2,0.0,0.0,0.0,0.0,0.0
640,3,0.0,0.0,0.0,0.0,0.0
640,4,0.0,0.0,0.0,0.0,0.0
641,0,0.0,-2.4773696108008756,0.0,0.0,0.0
641,1,0.0,0.0,0.0,0.0,-5.041391302668216
641,2,0.0,0.0,0.0,0.0,0.0
641,3,0.0,0.0,0.0,0.0,0.0
641,4,0.0,0.0,0.0,0.0,0.0
642,0,0.0,-2.4817728091291933,0.0,0.0,0.0
642,1,0.0,0.0,0.0,0.0,-5.047371537709638
642,2,0.0,0.0,0.0,0.0,0.0
642,3,0.0,0.0,0.0,0.0,0.0
642,4,0.0,0.0,0.0,0.0,0.0
643,0,0.0,-2.486178511970342,0.0,0.0,0.0
643,1,0.0,0.0,0.0,0.0,-5.048967968395701
643,2,0.0,0.0,0.0,0.0,0.0
643,3,0.0,0.0,0.0,0.0,0.0
643,4,0.0,0.0,0.0,0.0,0.0
644,0,0.0,-2.4905763916828008,0.0,0.0,0.0
644,1,0.0,0.0,0.0,0.0,-5.050561903652319
644,2,0.0,0.0,0.0,0.0,0.0
644,3,0.0,0.0,0.0,0.0,0.0
644,4,0.0,0.0,0.0,0.0,0.0
645,0,0.0,-2.494966465197771,0.0,0.0,0.0
645,1,0.0,0.0,0.0,0.0,-5.064020357616261
645,2,0.0,0.0,0.0,0.0,0.0
645,3,0.0,0.0,0.0,0.0,0.0
645,4,0.0,0.0,0.0,0.0,0.0
646,0,0.0,-2.4993768240037544,0.0,0.0,0.0
646,1,0.0,0.0,0.0,0.0,-5.06377912203985
646,2,0.0,0.0,0.0,0.0,0.0
646,3,0.0,0.0,0.0,0.0,0.0
646,4,0.0,0.0,0.0,0.0,0.0
647,0,0.0,-2.503775393419178,0.0,0.0,0.0
647,1,0.0,0.0,0.0,0.0,-5.0672141284808845
647,2,0.0,0.0,0.0,0.0,0.0
647,3,0.0,0.0,0.0,0.0,0.0
647,4,0.0,0.0,0.0,0.0,0.0
648,0,0.0,-2.508170444757932,0.0,0.0,0.0
648,1,0.0,0.0,0.0,0.0,-5.066969672918343
648,2,0.0,0.0,0.0,0.0,0.0
648,3,0.0,0.0,0.0,0.0,0.0
648,4,0.0,0.0,0.0,0.0,0.0
649,0,0.0,-2.5125537468626824,0.0,0.0,0.0
649,1,0.0,0.0,0.0,0.0,-5.067580257524306
649,2,0.0,0.0,0.0,0.0,0.0
649,3,0.0,0.0,0.0,0.0,0.0
649,4,0.0,0.0,0.0,0.0,0.0
650,0,0.0,-2.516927155641202,0.0,0.0,0.0
650,1,0.0,0.0,0.0,0.0,-5.0673358384153975
650,2,0.0,0.0,0.0,0.0,0.0
650,3,0.0,0.0,0.0,0.0,0.0
650,4,0.0,0.0,0.0,0.0,0.0
651,0,0.0,-2.5212888819776276,0.0,0.0,0.0
651,1,0.0,0.0,0.0,0.0,-5.0782494869653645
651,2,0.0,0.0,0.0,0.0,0.0
651,3,0.0,0.0,0.0,0.0,0.0
651,4,0.0,0.0,0.0,0.0,0.0
652,0,0.0,-2.5256649245294516,0.0,0.0,0.0
652,1,0.0,0.0,0.0,0.0,-5.089130161901069
652,2,0.0,0.0,0.0,0.0,0.0
652,3,0.0,0.0,0.0,0.0,0.0
652,4,0.0,0.0,0.0,0.0,0.0
653,0,0.0,-2.530055168272854,0.0,0.0,0.0
653,1,0.0,0.0,0.0,0.0,-5.089722833693345
653,2,0.0,0.0,0.0,0.0,0.0
653,3,0.0,0.0,0.0,0.0,0.0
653,4,0.0,0.0,0.0,0.0,0.0
654,0,0.0,-2.5344354643437357,0.0,0.0,0.0
654,1,0.0,0.0,0.0,0.0,-5.095570273022867
654,2,0.0,0.0,0.0,0.0,0.0
654,3,0.0,0.0,0.0,0.0,0.0
654,4,0.0,0.0,0.0,0.0,0.0
655,0,0.0,-2.5388180135604426,0.0,0.0,0.0
655,1,0.0,0.0,0.0,0.0,-5.108901637116113
655,2,0.0,0.0,0.0,0.0,0.0
655,3,0.0,0.0,0.0,0.0,0.0
655,4,0.0,0.0,0.0,0.0,0.0
656,0,0.0,-2.5432205600216853,0.0,0.0,0.0
656,1,0.0,0.0,0.0,0.0,-5.112216567683106
656,2,0.0,0.0,0.0,0.0,0.0
656,3,0.0,0.0,0.0,0.0,0.0
656,4,0.0,0.0,0.0,0.0,0.0
657,0,0.0,-2.5476192959239636,0.0,0.0,0.0
657,1,0.0,0.0,0.0,0.0,-5.1179992529669365
657,2,0.0,0.0,0.0,0.0,0.0
657,3,0.0,0.0,0.0,0.0,0.0
657,4,0.0,0.0,0.0,0.0,0.0
658,0,0.0,-2.552020082437183,0.0,0.0,0.0
658,1,0.0,0.0,0.0,0.0,-5.123766086370791
658,2,0.0,0.0,0.0,0.0,0.0
658,3,0.0,0.0,0.0,0.0,0.0
658,4,0.0,0.0,0.0,0.0,0.0
659,0,0.0,-2.5564228768728627,0.0,0.0,0.0
659,1,0.0,0.0,0.0,0.0,-5.132017120805493
659,2,0.0,0.0,0.0,0.0,0.0
659,3,0.0,0.0,0.0,0.0,0.0
659,4,0.0,0.0,0.0,0.0,0.0
660,0,0.0,-2.5608335670720845,0.0,0.0,0.0
660,1,0.0,0.0,0.0,0.0,-5.131705073681608
660,2,0.0,0.0,0.0,0.0,0.0
660,3,0.0,0.0,0.0,0.0,0.0
660,4,0.0,0.0,0.0,0.0,0.0
661,0,0.0,-2.5652323227187726,0.0,0.0,0.0
661,1,0.0,0.0,0.0,0.0,-5.133188445750342
661,2,0.0,0.0,0.0,0.0,0.0
661,3,0.0,0.0,0.0,0.0,0.0
661,4,0.0,0.0,0.0,0.0,0.0
662,0,0.0,-2.5696230304861385,0.0,0.0,0.0
662,1,0.0,0.0,0.0,0.0,-5.134669585474126
662,2,0.0,0.0,0.0,0.0,0.0
662,3,0.0,0.0,0.0,0.0,0.0
662,4,0.0,0.0,0.0,0.0,0.0
663,0,0.0,-2.574005708583131,0.0,0.0,0.0
663,1,0.0,0.0,0.0,0.0,-5.134355245388239
663,2,0.0,0.0,0.0,0.0,0.0
663,3,0.0,0.0,0.0,0.0,0.0
663,4,0.0,0.0,0.0,0.0,0.0
664,0,0.0,-2.5783765326905077,0.0,0.0,0.0
664,1,0.0,0.0,0.0,0.0,-5.140081322678529
664,2,0.0,0.0,0.0,0.0,0.0
664,3,0.0,0.0,0.0,0.0,0.0
664,4,0.0,0.0,0.0,0.0,0.0
665,0,0.0,-2.582749350472671,0.0,0.0,0.0
665,1,0.0,0.0,0.0,0.0,-5.14579173171855
665,2,0.0,0.0,0.0,0.0,0.0
665,3,0.0,0.0,0.0,0.0,0.0
665,4,0.0,0.0,0.0,0.0,0.0
666,0,0.0,-2.5871241198472927,0.0,0.0,0.0
666,1,0.0,0.0,0.0,0.0,-5.145465576411509
666,2,0.0,0.0,0.0,0.0,0.0
666,3,0.0,0.0,0.0,0.0,0.0
666,4,0.0,0.0,0.0,0.0,0.0
667,0,0.0,-2.5914870348967534,0.0,0.0,0.0
667,1,0.0,0.0,0.0,0.0,-5.1469303051219955
667,2,0.0,0.0,0.0,0.0,0.0
667,3,0.0,0.0,0.0,0.0,0.0
667,4,0.0,0.0,0.0,0.0,0.0
668,0,0.0,-2.595841964778141,0.0,0.0,0.0
668,1,0.0,0.0,0.0,0.0,-5.147473363926053
668,2,0.0,0.0,0.0,0.0,0.0
668,3,0.0,0.0,0.0,0.0,0.0
668,4,0.0,0.0,0.0,0.0,0.0
669,0,0.0,-2.6001869543790455,0.0,0.0,0.0
669,1,0.0,0.0,0.0,0.0,-5.148935259958224
669,2,0.0,0.0,0.0,0.0,0.0
669,3,0.0,0.0,0.0,0.0,0.0
669,4,0.0,0.0,0.0,0.0,0.0
670,0,0.0,-2.6045240041717674,0.0,0.0,0.0
670,1,0.0,0.0,0.0,0.0,-5.1503949692778095
670,2,0.0,0.0,0.0,0.0,0.0
670,3,0.0,0.0,0.0,0.0,0.0
670,4,0.0,0.0,0.0,0.0,0.0
671,0,0.0,-2.608853132106588,0.0,0.0,0.0
671,1,0.0,0.0,0.0,0.0,-5.150934411677181
671,2,0.0,0.0,0.0,0.0,0.0
671,3,0.0,0.0,0.0,0.0,0.0
671,4,0.0,0.0,0.0,0.0,0.0
672,0,0.0,-2.6131723884407934,0.0,0.0,0.0
672,1,0.0,0.0,0.0,0.0,-5.1616237180842255
672,2,0.0,0.0,0.0,0.0,0.0
672,3,0.0,0.0,0.0,0.0,0.0
672,4,0.0,0.0,0.0,0.0,0.0
673,0,0.0,-2.6175055385725154,0.0,0.0,0.0
673,1,0.0,0.0,0.0,0.0,-5.169780799799035
673,2,0.0,0.0,0.0,0.0,0.0
673,3,0.0,0.0,0.0,0.0,0.0
673,4,0.0,0.0,0.0,0.0,0.0
674,0,0.0,-2.621846546609713,0.0,0.0,0.0
674,1,0.0,0.0,0.0,0.0,-5.17791410370328
674,2,0.0,0.0,0.0,0.0,0.0
674,3,0.0,0.0,0.0,0.0,0.0
674,4,0.0,0.0,0.0,0.0,0.0
675,0,0.0,-2.6261953357696344,0.0,0.0,0.0
675,1,0.0,0.0,0.0,0.0,-5.17843110214538
675,2,0.0,0.0,0.0,0.0,0.0
675,3,0.0,0.0,0.0,0.0,0.0
675,4,0.0,0.0,0.0,0.0,0.0
676,0,0.0,-2.6305341519518435,0.0,0.0,0.0
676,1,0.0,0.0,0.0,0.0,-5.178071021439364
676,2,0.0,0.0,0.0,0.0,0.0
676,3,0.0,0.0,0.0,0.0,0.0
676,4,0.0,0.0,0.0,0.0,0.0
677,0,0.0,-2.6348611532139534,0.0,0.0,0.0
677,1,0.0,0.0,0.0,0.0,-5.178587699971151
677,2,0.0,0.0,0.0,0.0,0.0
677,3,0.0,0.0,0.0,0.0,0.0
677,4,0.0,0.0,0.0,0.0,0.0
678,0,0.0,-2.6391782457908795,0.0,0.0,0.0
678,1,0.0,0.0,0.0,0.0,-5.1916989357798915
678,2,0.0,0.0,0.0,0.0,0.0
678,3,0.0,0.0,0.0,0.0,0.0
678,4,0.0,0.0,0.0,0.0,0.0
679,0,0.0,-2.6435149732675085,0.0,0.0,0.0
679,1,0.0,0.0,0.0,0.0,-5.191325065644243
679,2,0.0,0.0,0.0,0.0,0.0
679,3,0.0,0.0,0.0,0.0,0.0
679,4,0.0,0.0,0.0,0.0,0.0
680,0,0.0,-2.647839864834706,0.0,0.0,0.0
680,1,0.0,0.0,0.0,0.0,-5.191831050709943
680,2,0.0,0.0,0.0,0.0,0.0
680,3,0.0,0.0,0.0,0.0,0.0
680,4,0.0,0.0,0.0,0.0,0.0
681,0,0.0,-2.6521548340677885,0.0,0.0,0.0
681,1,0.0,0.0,0.0,0.0,-5.19233649459683
681,2,0.0,0.0,0.0,0.0,0.0
681,3,0.0,0.0,0.0,0.0,0.0
681,4,0.0,0.0,0.0,0.0,0.0
682,0,0.0,-2.6564599093424723,0.0,0.0,0.0
682,1,0.0,0.0,0.0,0.0,-5.195450611523857
682,2,0.0,0.0,0.0,0.0,0.0
682,3,0.0,0.0,0.0,0.0,0.0
682,4,0.0,0.0,0.0,0.0,0.0
683,0,0.0,-2.6607609791870415,0.0,0.0,0.0
683,1,0.0,0.0,0.0,0.0,-5.201016258377569
683,2,0.0,0.0,0.0,0.0,0.0
683,3,0.0,0.0,0.0,0.0,0.0
683,4,0.0,0.0,0.0,0.0,0.0
684,0,0.0,-2.6650638539989195,0.0,0.0,0.0
684,1,0.0,0.0,0.0,0.0,-5.199471819064804
684,2,0.0,0.0,0.0,0.0,0.0
684,3,0.0,0.0,0.0,0.0,0.0
684,4,0.0,0.0,0.0,0.0,0.0
685,0,0.0,-2.6693523317856815,0.0,0.0,0.0
685,1,0.0,0.0,0.0,0.0,-5.2008693889212765
685,2,0.0,0.0,0.0,0.0,0.0
685,3,0.0,0.0,0.0,0.0,0.0
685,4,0.0,0.0,0.0,0.0,0.0
686,0,0.0,-2.673632894621873,0.0,0.0,0.0
686,1,0.0,0.0,0.0,0.0,-5.203965571424957
686,2,0.0,0.0,0.0,0.0,0.0
686,3,0.0,0.0,0.0,0.0,0.0
686,4,0.0,0.0,0.0,0.0,0.0
687,0,0.0,-2.6779094790125164,0.0,0.0,0.0
687,1,0.0,0.0,0.0,0.0,-5.204459822308635
687,2,0.0,0.0,0.0,0.0,0.0
687,3,0.0,0.0,0.0,0.0,0.0
687,4,0.0,0.0,0.0,0.0,0.0
688,0,0.0,-2.682176259996471,0.0,0.0,0.0
688,1,0.0,0.0,0.0,0.0,-5.212506158676337
688,2,0.0,0.0,0.0,0.0,0.0
688,3,0.0,0.0,0.0,0.0,0.0
688,4,0.0,0.0,0.0,0.0,0.0
689,0,0.0,-2.6864508100624342,0.0,0.0,0.0
689,1,0.0,0.0,0.0,0.0,-5.210945459766169
689,2,0.0,0.0,0.0,0.0,0.0
689,3,0.0,0.0,0.0,0.0,0.0
689,4,0.0,0.0,0.0,0.0,0.0
690,0,0.0,-2.690711013386684,0.0,0.0,0.0
690,1,0.0,0.0,0.0,0.0,-5.214018619165399
690,2,0.0,0.0,0.0,0.0,0.0
690,3,0.0,0.0,0.0,0.0,0.0
690,4,0.0,0.0,0.0,0.0,0.0
691,0,0.0,-2.694967241354933,0.0,0.0,0.0
691,1,0.0,0.0,0.0,0.0,-5.219539779829961
691,2,0.0,0.0,0.0,0.0,0.0
691,3,0.0,0.0,0.0,0.0,0.0
691,4,0.0,0.0,0.0,0.0,0.0
692,0,0.0,-2.6992252912640344,0.0,0.0,0.0
692,1,0.0,0.0,0.0,0.0,-5.219136990593343
692,2,0.0,0.0,0.0,0.0,0.0
692,3,0.0,0.0,0.0,0.0,0.0
692,4,0.0,0.0,0.0,0.0,0.0
693,0,0.0,-2.703471682955806,0.0,0.0,0.0
693,1,0.0,0.0,0.0,0.0,-5.2187349650528425
693,2,0.0,0.0,0.0,0.0,0.0
693,3,0.0,0.0,0.0,0.0,0.0
693,4,0.0,0.0,0.0,0.0,0.0
694,0,0.0,-2.707706453907747,0.0,0.0,0.0
694,1,0.0,0.0,0.0,0.0,-5.218333701679697
694,2,0.0,0.0,0.0,0.0,0.0
694,3,0.0,0.0,0.0,0.0,0.0
694,4,0.0,0.0,0.0,0.0,0.0
695,0,0.0,-2.711929641436594,0.0,0.0,0.0
695,1,0.0,0.0,0.0,0.0,-5.218815426082589
695,2,0.0,0.0,0.0,0.0,0.0
695,3,0.0,0.0,0.0,0.0,0.0
695,4,0.0,0.0,0.0,0.0,0.0
696,0,0.0,-2.7161431591399343,0.0,0.0,0.0
696,1,0.0,0.0,0.0,0.0,-5.224327873239108
696,2,0.0,0.0,0.0,0.0,0.0
696,3,0.0,0.0,0.0,0.0,0.0
696,4,0.0,0.0,0.0,0.0,0.0
697,0,0.0,-2.7203585921480973,0.0,0.0,0.0
697,1,0.0,0.0,0.0,0.0,-5.223920874072415
697,2,0.0,0.0,0.0,0.0,0.0
697,3,0.0,0.0,0.0,0.0,0.0
697,4,0.0,0.0,0.0,0.0,0.0
698,0,0.0,-2.724562488555617,0.0,0.0,0.0
698,1,0.0,0.0,0.0,0.0,-5.225287535818054
698,2,0.0,0.0,0.0,0.0,0.0
698,3,0.0,0.0,0.0,0.0,0.0
698,4,0.0,0.0,0.0,0.0,0.0
699,0,0.0,-2.728758645489912,0.0,0.0,0.0
699,1,0.0,0.0,0.0,0.0,-5.23328507385776
699,2,0.0,0.0,0.0,0.0,0.0
699,3,0.0,0.0,0.0,0.0,0.0
699,4,0.0,0.0,0.0,0.0,0.0
700,0,0.0,-2.7329626385476864,0.0,0.0,0.0
700,1,0.0,0.0,0.0,0.0,-5.238759352140278
700,2,0.0,0.0,0.0,0.0,0.0
700,3,0.0,0.0,0.0,0.0,0.0
700,4,0.0,0.0,0.0,0.0,0.0
701,0,0.0,-2.7371684829870793,0.0,0.0,0.0
701,1,0.0,0.0,0.0,0.0,-5.238336747473731
701,2,0.0,0.0,0.0,0.0,0.0
701,3,0.0,0.0,0.0,0.0,0.0
701,4,0.0,0.0,0.0,0.0,0.0
702,0,0.0,-2.741362786701214,0.0,0.0,0.0
702,1,0.0,0.0,0.0,0.0,-5.236739417630316
702,2,0.0,0.0,0.0,0.0,0.0
702,3,0.0,0.0,0.0,0.0,0.0
702,4,0.0,0.0,0.0,0.0,0.0
703,0,0.0,-2.74554290922831,0.0,0.0,0.0
703,1,0.0,0.0,0.0,0.0,-5.235145202187566
703,2,0.0,0.0,0.0,0.0,0.0
703,3,0.0,0.0,0.0,0.0,0.0
703,4,0.0,0.0,0.0,0.0,0.0
704,0,0.0,-2.749708901623354,0.0,0.0,0.0
704,1,0.0,0.0,0.0,0.0,-5.2406172561954705
704,2,0.0,0.0,0.0,0.0,0.0
704,3,0.0,0.0,0.0,0.0,0.0
704,4,0.0,0.0,0.0,0.0,0.0
705,0,0.0,-2.7538768407423215,0.0,0.0,0.0
705,1,0.0,0.0,0.0,0.0,-5.246074469674627
705,2,0.0,0.0,0.0,0.0,0.0
705,3,0.0,0.0,0.0,0.0,0.0
705,4,0.0,0.0,0.0,0.0,0.0
706,0,0.0,-2.7580466867805273,0.0,0.0,0.0
706,1,0.0,0.0,0.0,0.0,-5.247414635351648
706,2,0.0,0.0,0.0,0.0,0.0
706,3,0.0,0.0,0.0,0.0,0.0
706,4,0.0,0.0,0.0,0.0,0.0
707,0,0.0,-2.76220883382587,0.0,0.0,0.0
707,1,0.0,0.0,0.0,0.0,-5.250408425523727
707,2,0.0,0.0,0.0,0.0,0.0
707,3,0.0,0.0,0.0,0.0,0.0
707,4,0.0,0.0,0.0,0.0,0.0
708,0,0.0,-2.7663670929880353,0.0,0.0,0.0
708,1,0.0,0.0,0.0,0.0,-5.251742395020044
708,2,0.0,0.0,0.0,0.0,0.0
708,3,0.0,0.0,0.0,0.0,0.0
708,4,0.0,0.0,0.0,0.0,0.0
709,0,0.0,-2.770517672476384,0.0,0.0,0.0
709,1,0.0,0.0,0.0,0.0,-5.25219487108897
709,2,0.0,0.0,0.0,0.0,0.0
709,3,0.0,0.0,0.0,0.0,0.0
709,4,0.0,0.0,0.0,0.0,0.0
710,0,0.0,-2.7746587375867047,0.0,0.0,0.0
710,1,0.0,0.0,0.0,0.0,-5.257626539770912
710,2,0.0,0.0,0.0,0.0,0.0
710,3,0.0,0.0,0.0,0.0,0.0
710,4,0.0,0.0,0.0,0.0,0.0
711,0,0.0,-2.778801723092978,0.0,0.0,0.0
711,1,0.0,0.0,0.0,0.0,-5.265543491083616
711,2,0.0,0.0,0.0,0.0,0.0
711,3,0.0,0.0,0.0,0.0,0.0
711,4,0.0,0.0,0.0,0.0,0.0
712,0,0.0,-2.7829524934405314,0.0,0.0,0.0
712,1,0.0,0.0,0.0,0.0,-5.265984385580964
712,2,0.0,0.0,0.0,0.0,0.0
712,3,0.0,0.0,0.0,0.0,0.0
712,4,0.0,0.0,0.0,0.0,0.0
713,0,0.0,-2.7870937260861472,0.0,0.0,0.0
713,1,0.0,0.0,0.0,0.0,-5.264346923887842
713,2,0.0,0.0,0.0,0.0,0.0
713,3,0.0,0.0,0.0,0.0,0.0
713,4,0.0,0.0,0.0,0.0,0.0
714,0,0.0,-2.7912208488831514,0.0,0.0,0.0
714,1,0.0,0.0,0.0,0.0,-5.26974616023184
714,2,0.0,0.0,0.0,0.0,0.0
714,3,0.0,0.0,0.0,0.0,0.0
714,4,0.0,0.0,0.0,0.0,0.0
715,0,0.0,-2.7953498526911917,0.0,0.0,0.0
715,1,0.0,0.0,0.0,0.0,-5.275130788535119
715,2,0.0,0.0,0.0,0.0,0.0
715,3,0.0,0.0,0.0,0.0,0.0
715,4,0.0,0.0,0.0,0.0,0.0
716,0,0.0,-2.799480698462691,0.0,0.0,0.0
716,1,0.0,0.0,0.0,0.0,-5.274669813926401
716,2,0.0,0.0,0.0,0.0,0.0
716,3,0.0,0.0,0.0,0.0,0.0
716,4,0.0,0.0,0.0,0.0,0.0
717,0,0.0,-2.8036001478357058,0.0,0.0,0.0
717,1,0.0,0.0,0.0,0.0,-5.273020056264168
717,2,0.0,0.0,0.0,0.0,0.0
717,3,0.0,0.0,0.0,0.0,0.0
717,4,0.0,0.0,0.0,0.0,0.0
718,0,0.0,-2.807705526986435,0.0,0.0,0.0
718,1,0.0,0.0,0.0,0.0,-5.280897757650635
718,2,0.0,0.0,0.0,0.0,0.0
718,3,0.0,0.0,0.0,0.0,0.0
718,4,0.0,0.0,0.0,0.0,0.0
719,0,0.0,-2.8118186936924197,0.0,0.0,0.0
719,1,0.0,0.0,0.0,0.0,-5.282196089467608
719,2,0.0,0.0,0.0,0.0,0.0
719,3,0.0,0.0,0.0,0.0,0.0
719,4,0.0,0.0,0.0,0.0,0.0
720,0,0.0,-2.8159242333479138,0.0,0.0,0.0
720,1,0.0,0.0,0.0,0.0,-5.281728314733933
720,2,0.0,0.0,0.0,0.0,0.0
720,3,0.0,0.0,0.0,0.0,0.0
720,4,0.0,0.0,0.0,0.0,0.0
721,0,0.0,-2.820018439051645,0.0,0.0,0.0
721,1,0.0,0.0,0.0,0.0,-5.284646093715753
721,2,0.0,0.0,0.0,0.0,0.0
721,3,0.0,0.0,0.0,0.0,0.0
721,4,0.0,0.0,0.0,0.0,0.0
722,0,0.0,-2.8241087680983195,0.0,0.0,0.0
722,1,0.0,0.0,0.0,0.0,-5.285070399800509
722,2,0.0,0.0,0.0,0.0,0.0
722,3,0.0,0.0,0.0,0.0,0.0
722,4,0.0,0.0,0.0,0.0,0.0
723,0,0.0,-2.828189704590043,0.0,0.0,0.0
723,1,0.0,0.0,0.0,0.0,-5.2954191794025975
723,2,0.0,0.0,0.0,0.0,0.0
723,3,0.0,0.0,0.0,0.0,0.0
723,4,0.0,0.0,0.0,0.0,0.0
724,0,0.0,-2.8322843214293782,0.0,0.0,0.0
724,1,0.0,0.0,0.0,0.0,-5.29583469276599
724,2,0.0,0.0,0.0,0.0,0.0
724,3,0.0,0.0,0.0,0.0,0.0
724,4,0.0,0.0,0.0,0.0,0.0
725,0,0.0,-2.836369516290223,0.0,0.0,0.0
725,1,0.0,0.0,0.0,0.0,-5.297115320966966
725,2,0.0,0.0,0.0,0.0,0.0
725,3,0.0,0.0,0.0,0.0,0.0
725,4,0.0,0.0,0.0,0.0,0.0
726,0,0.0,-2.8404471260624975,0.0,0.0,0.0
726,1,0.0,0.0,0.0,0.0,-5.299998189041162
726,2,0.0,0.0,0.0,0.0,0.0
726,3,0.0,0.0,0.0,0.0,0.0
726,4,0.0,0.0,0.0,0.0,0.0
727,0,0.0,-2.8445208242358153,0.0,0.0,0.0
727,1,0.0,0.0,0.0,0.0,-5.299511016825534
727,2,0.0,0.0,0.0,0.0,0.0
727,3,0.0,0.0,0.0,0.0,0.0
727,4,0.0,0.0,0.0,0.0,0.0
728,0,0.0,-2.848583242539478,0.0,0.0,0.0
728,1,0.0,0.0,0.0,0.0,-5.297825256977363
728,2,0.0,0.0,0.0,0.0,0.0
728,3,0.0,0.0,0.0,0.0,0.0
728,4,0.0,0.0,0.0,0.0,0.0
729,0,0.0,-2.8526316852648868,0.0,0.0,0.0
729,1,0.0,0.0,0.0,0.0,-5.305642524076252
729,2,0.0,0.0,0.0,0.0,0.0
729,3,0.0,0.0,0.0,0.0,0.0
729,4,0.0,0.0,0.0,0.0,0.0
730,0,0.0,-2.8566879189721384,0.0,0.0,0.0
730,1,0.0,0.0,0.0,0.0,-5.315937113814081
730,2,0.0,0.0,0.0,0.0,0.0
730,3,0.0,0.0,0.0,0.0,0.0
730,4,0.0,0.0,0.0,0.0,0.0
731,0,0.0,-2.860757765071206,0.0,0.0,0.0
731,1,0.0,0.0,0.0,0.0,-5.316335346115286
731,2,0.0,0.0,0.0,0.0,0.0
731,3,0.0,0.0,0.0,0.0,0.0
731,4,0.0,0.0,0.0,0.0,0.0
732,0,0.0,-2.8648182283785646,0.0,0.0,0.0
732,1,0.0,0.0,0.0,0.0,-5.316733182404779
732,2,0.0,0.0,0.0,0.0,0.0
732,3,0.0,0.0,0.0,0.0,0.0
732,4,0.0,0.0,0.0,0.0,0.0
733,0,0.0,-2.86886933583364,0.0,0.0,0.0
733,1,0.0,0.0,0.0,0.0,-5.315023380070582
733,2,0.0,0.0,0.0,0.0,0.0
733,3,0.0,0.0,0.0,0.0,0.0
733,4,0.0,0.0,0.0,0.0,0.0
734,0,0.0,-2.872906450614514,0.0,0.0,0.0
734,1,0.0,0.0,0.0,0.0,-5.32279267028493
734,2,0.0,0.0,0.0,0.0,0.0
734,3,0.0,0.0,0.0,0.0,0.0
734,4,0.0,0.0,0.0,0.0,0.0
735,0,0.0,-2.8769512707356775,0.0,0.0,0.0
735,1,0.0,0.0,0.0,0.0,-5.3280394494652175
735,2,0.0,0.0,0.0,0.0,0.0
735,3,0.0,0.0,0.0,0.0,0.0
735,4,0.0,0.0,0.0,0.0,0.0
736,0,0.0,-2.8809978312272064,0.0,0.0,0.0
736,1,0.0,0.0,0.0,0.0,-5.327522409809581
736,2,0.0,0.0,0.0,0.0,0.0
736,3,0.0,0.0,0.0,0.0,0.0
736,4,0.0,0.0,0.0,0.0,0.0
737,0,0.0,-2.8850331313306765,0.0,0.0,0.0
737,1,0.0,0.0,0.0,0.0,-5.327910806222474
737,2,0.0,0.0,0.0,0.0,0.0
737,3,0.0,0.0,0.0,0.0,0.0
737,4,0.0,0.0,0.0,0.0,0.0
738,0,0.0,-2.889059131284423,0.0,0.0,0.0
738,1,0.0,0.0,0.0,0.0,-5.330724592564745
738,2,0.0,0.0,0.0,0.0,0.0
738,3,0.0,0.0,0.0,0.0,0.0
738,4,0.0,0.0,0.0,0.0,0.0
739,0,0.0,-2.893081200730028,0.0,0.0,0.0
739,1,0.0,0.0,0.0,0.0,-5.340953690797708
739,2,0.0,0.0,0.0,0.0,0.0
739,3,0.0,0.0,0.0,0.0,0.0
739,4,0.0,0.0,0.0,0.0,0.0
740,0,0.0,-2.8971168104987193,0.0,0.0,0.0
740,1,0.0,0.0,0.0,0.0,-5.348652075620164
740,2,0.0,0.0,0.0,0.0,0.0
740,3,0.0,0.0,0.0,0.0,0.0
740,4,0.0,0.0,0.0,0.0,0.0
741,0,0.0,-2.901159962779014,0.0,0.0,0.0
741,1,0.0,0.0,0.0,0.0,-5.356328188294167
741,2,0.0,0.0,0.0,0.0,0.0
741,3,0.0,0.0,0.0,0.0,0.0
741,4,0.0,0.0,0.0,0.0,0.0
742,0,0.0,-2.905210585939802,0.0,0.0,0.0
742,1,0.0,0.0,0.0,0.0,-5.361482105886044
742,2,0.0,0.0,0.0,0.0,0.0
742,3,0.0,0.0,0.0,0.0,0.0
742,4,0.0,0.0,0.0,0.0,0.0
743,0,0.0,-2.909262716092441,0.0,0.0,0.0
743,1,0.0,0.0,0.0,0.0,-5.361841894329858
743,2,0.0,0.0,0.0,0.0,0.0
743,3,0.0,0.0,0.0,0.0,0.0
743,4,0.0,0.0,0.0,0.0,0.0
744,0,0.0,-2.9133054401772105,0.0,0.0,0.0
744,1,0.0,0.0,0.0,0.0,-5.371982191164266
744,2,0.0,0.0,0.0,0.0,0.0
744,3,0.0,0.0,0.0,0.0,0.0
744,4,0.0,0.0,0.0,0.0,0.0
745,0,0.0,-2.9173614445656324,0.0,0.0,0.0
745,1,0.0,0.0,0.0,0.0,-5.382092080283524
745,2,0.0,0.0,0.0,0.0,0.0
745,3,0.0,0.0,0.0,0.0,0.0
745,4,0.0,0.0,0.0,0.0,0.0
746,0,0.0,-2.921430624413601,0.0,0.0,0.0
746,1,0.0,0.0,0.0,0.0,-5.384775309006602
746,2,0.0,0.0,0.0,0.0,0.0
746,3,0.0,0.0,0.0,0.0,0.0
746,4,0.0,0.0,0.0,0.0,0.0
747,0,0.0,-2.9254954524458237,0.0,0.0,0.0
747,1,0.0,0.0,0.0,0.0,-5.382964007910537
747,2,0.0,0.0,0.0,0.0,0.0
747,3,0.0,0.0,0.0,0.0,0.0
747,4,0.0,0.0,0.0,0.0,0.0
748,0,0.0,-2.9295460200773187,0.0,0.0,0.0
748,1,0.0,0.0,0.0,0.0,-5.3880436678927275
748,2,0.0,0.0,0.0,0.0,0.0
748,3,0.0,0.0,0.0,0.0,0.0
748,4,0.0,0.0,0.0,0.0,0.0
749,0,0.0,-2.93359792009283,0.0,0.0,0.0
749,1,0.0,0.0,0.0,0.0,-5.400609796319816
749,2,0.0,0.0,0.0,0.0,0.0
749,3,0.0,0.0,0.0,0.0,0.0
749,4,0.0,0.0,0.0,0.0,0.0
750,0,0.0,-2.9376687959613252,0.0,0.0,0.0
750,1,0.0,0.0,0.0,0.0,-5.413137439868433
750,2,0.0,0.0,0.0,0.0,0.0
750,3,0.0,0.0,0.0,0.0,0.0
750,4,0.0,0.0,0.0,0.0,0.0
751,0,0.0,-2.941758510647912,0.0,0.0,0.0
751,1,0.0,0.0,0.0,0.0,-5.411285076085526
751,2,0.0,0.0,0.0,0.0,0.0
751,3,0.0,0.0,0.0,0.0,0.0
751,4,0.0,0.0,0.0,0.0,0.0
752,0,0.0,-2.9458337992853805,0.0,0.0,0.0
752,1,0.0,0.0,0.0,0.0,-5.418780234381428
752,2,0.0,0.0,0.0,0.0,0.0
752,3,0.0,0.0,0.0,0.0,0.0
752,4,0.0,0.0,0.0,0.0,0.0
753,0,0.0,-2.949916048201421,0.0,0.0,0.0
753,1,0.0,0.0,0.0,0.0,-5.418159919562614
753,2,0.0,0.0,0.0,0.0,0.0
753,3,0.0,0.0,0.0,0.0,0.0
753,4,0.0,0.0,0.0,0.0,0.0
754,0,0.0,-2.953986708120676,0.0,0.0,0.0
754,1,0.0,0.0,0.0,0.0,-5.416301073378521
754,2,0.0,0.0,0.0,0.0,0.0
754,3,0.0,0.0,0.0,0.0,0.0
754,4,0.0,0.0,0.0,0.0,0.0
755,0,0.0,-2.9580429876377705,0.0,0.0,0.0
755,1,0.0,0.0,0.0,0.0,-5.417453432145254
755,2,0.0,0.0,0.0,0.0,0.0
755,3,0.0,0.0,0.0,0.0,0.0
755,4,0.0,0.0,0.0,0.0,0.0
756,0,0.0,-2.962091496941363,0.0,0.0,0.0
756,1,0.0,0.0,0.0,0.0,-5.422434027587715
756,2,0.0,0.0,0.0,0.0,0.0
756,3,0.0,0.0,0.0,0.0,0.0
756,4,0.0,0.0,0.0,0.0,0.0
757,0,0.0,-2.9661411093312005,0.0,0.0,0.0
757,1,0.0,0.0,0.0,0.0,-5.42740143938363
757,2,0.0,0.0,0.0,0.0,0.0
757,3,0.0,0.0,0.0,0.0,0.0
757,4,0.0,0.0,0.0,0.0,0.0
758,0,0.0,-2.970191791305492,0.0,0.0,0.0
758,1,0.0,0.0,0.0,0.0,-5.425528491375342
758,2,0.0,0.0,0.0,0.0,0.0
758,3,0.0,0.0,0.0,0.0,0.0
758,4,0.0,0.0,0.0,0.0,0.0
759,0,0.0,-2.9742281223081086,0.0,0.0,0.0
759,1,0.0,0.0,0.0,0.0,-5.428116304052759
759,2,0.0,0.0,0.0,0.0,0.0
759,3,0.0,0.0,0.0,0.0,0.0
759,4,0.0,0.0,0.0,0.0,0.0
760,0,0.0,-2.978259971068344,0.0,0.0,0.0
760,1,0.0,0.0,0.0,0.0,-5.428419926186511
760,2,0.0,0.0,0.0,0.0,0.0
760,3,0.0,0.0,0.0,0.0,0.0
760,4,0.0,0.0,0.0,0.0,0.0
761,0,0.0,-2.9822823639795035,0.0,0.0,0.0
761,1,0.0,0.0,0.0,0.0,-5.42654588216393
761,2,0.0,0.0,0.0,0.0,0.0
761,3,0.0,0.0,0.0,0.0,0.0
761,4,0.0,0.0,0.0,0.0,0.0
762,0,0.0,-2.9862904912616797,0.0,0.0,0.0
762,1,0.0,0.0,0.0,0.0,-5.4246755927690575
762,2,0.0,0.0,0.0,0.0,0.0
762,3,0.0,0.0,0.0,0.0,0.0
762,4,0.0,0.0,0.0,0.0,0.0
763,0,0.0,-2.9902844063144385,0.0,0.0,0.0
763,1,0.0,0.0,0.0,0.0,-5.424051805149699
763,2,0.0,0.0,0.0,0.0,0.0
763,3,0.0,0.0,0.0,0.0,0.0
763,4,0.0,0.0,0.0,0.0,0.0
764,0,0.0,-2.994266992033488,0.0,0.0,0.0
764,1,0.0,0.0,0.0,0.0,-5.423429166129039
764,2,0.0,0.0,0.0,0.0,0.0
764,3,0.0,0.0,0.0,0.0,0.0
764,4,0.0,0.0,0.0,0.0,0.0
765,0,0.0,-2.9982382853213436,0.0,0.0,0.0
765,1,0.0,0.0,0.0,0.0,-5.42156509366415
765,2,0.0,0.0,0.0,0.0,0.0
765,3,0.0,0.0,0.0,0.0,0.0
765,4,0.0,0.0,0.0,0.0,0.0
766,0,0.0,-3.002195495672101,0.0,0.0,0.0
766,1,0.0,0.0,0.0,0.0,-5.419704753304895
766,2,0.0,0.0,0.0,0.0,0.0
766,3,0.0,0.0,0.0,0.0,0.0
766,4,0.0,0.0,0.0,0.0,0.0
767,0,0.0,-3.0061386756582045,0.0,0.0,0.0
767,1,0.0,0.0,0.0,0.0,-5.420854312603661
767,2,0.0,0.0,0.0,0.0,0.0
767,3,0.0,0.0,0.0,0.0,0.0
767,4,0.0,0.0,0.0,0.0,0.0
768,0,0.0,-3.0100744011680796,0.0,0.0,0.0
768,1,0.0,0.0,0.0,0.0,-5.421164475730424
768,2,0.0,0.0,0.0,0.0,0.0
768,3,0.0,0.0,0.0,0.0,0.0
768,4,0.0,0.0,0.0,0.0,0.0
769,0,0.0,-3.0140009683458935,0.0,0.0,0.0
769,1,0.0,0.0,0.0,0.0,-5.421474358493424
769,2,0.0,0.0,0.0,0.0,0.0
769,3,0.0,0.0,0.0,0.0,0.0
769,4,0.0,0.0,0.0,0.0,0.0
770,0,0.0,-3.0179184037349454,0.0,0.0,0.0
770,1,0.0,0.0,0.0,0.0,-5.421783961200251
770,2,0.0,0.0,0.0,0.0,0.0
770,3,0.0,0.0,0.0,0.0,0.0
770,4,0.0,0.0,0.0,0.0,0.0
771,0,0.0,-3.0218267337850797,0.0,0.0,0.0
771,1,0.0,0.0,0.0,0.0,-5.422093284158132
771,2,0.0,0.0,0.0,0.0,0.0
771,3,0.0,0.0,0.0,0.0,0.0
771,4,0.0,0.0,0.0,0.0,0.0
772,0,0.0,-3.02572598484455,0.0,0.0,0.0
772,1,0.0,0.0,0.0,0.0,-5.423239692921694
772,2,0.0,0.0,0.0,0.0,0.0
772,3,0.0,0.0,0.0,0.0,0.0
772,4,0.0,0.0,0.0,0.0,0.0
773,0,0.0,-3.0296178991537217,0.0,0.0,0.0
773,1,0.0,0.0,0.0,0.0,-5.423547670045688
773,2,0.0,0.0,0.0,0.0,0.0
773,3,0.0,0.0,0.0,0.0,0.0
773,4,0.0,0.0,0.0,0.0,0.0
774,0,0.0,-3.033500779878997,0.0,0.0,0.0
774,1,0.0,0.0,0.0,0.0,-5.4335300182234905
774,2,0.0,0.0,0.0,0.0,0.0
774,3,0.0,0.0,0.0,0.0,0.0
774,4,0.0,0.0,0.0,0.0,0.0
775,0,0.0,-3.0373969459490953,0.0,0.0,0.0
775,1,0.0,0.0,0.0,0.0,-5.440982491390775
775,2,0.0,0.0,0.0,0.0,0.0
775,3,0.0,0.0,0.0,0.0,0.0
775,4,0.0,0.0,0.0,0.0,0.0
776,0,0.0,-3.0413004214341526,0.0,0.0,0.0
776,1,0.0,0.0,0.0,0.0,-5.445913527609267
776,2,0.0,0.0,0.0,0.0,0.0
776,3,0.0,0.0,0.0,0.0,0.0
776,4,0.0,0.0,0.0,0.0,0.0
777,0,0.0,-3.0452052641295175,0.0,0.0,0.0
777,1,0.0,0.0,0.0,0.0,-5.448468066959738
777,2,0.0,0.0,0.0,0.0,0.0
777,3,0.0,0.0,0.0,0.0,0.0
777,4,0.0,0.0,0.0,0.0,0.0
778,0,0.0,-3.049105908220725,0.0,0.0,0.0
778,1,0.0,0.0,0.0,0.0,-5.453380778168512
778,2,0.0,0.0,0.0,0.0,0.0
778,3,0.0,0.0,0.0,0.0,0.0
778,4,0.0,0.0,0.0,0.0,0.0
779,0,0.0,-3.053007885165608,0.0,0.0,0.0
779,1,0.0,0.0,0.0,0.0,-5.451471976261927
779,2,0.0,0.0,0.0,0.0,0.0
779,3,0.0,0.0,0.0,0.0,0.0
779,4,0.0,0.0,0.0,0.0,0.0
780,0,0.0,-3.0568958952430343,0.0,0.0,0.0
780,1,0.0,0.0,0.0,0.0,-5.4563776987539265
780,2,0.0,0.0,0.0,0.0,0.0
780,3,0.0,0.0,0.0,0.0,0.0
780,4,0.0,0.0,0.0,0.0,0.0
781,0,0.0,-3.060785254688754,0.0,0.0,0.0
781,1,0.0,0.0,0.0,0.0,-5.454464762282876
781,2,0.0,0.0,0.0,0.0,0.0
781,3,0.0,0.0,0.0,0.0,0.0
781,4,0.0,0.0,0.0,0.0,0.0
782,0,0.0,-3.064660677539317,0.0,0.0,0.0
782,1,0.0,0.0,0.0,0.0,-5.454745935027282
782,2,0.0,0.0,0.0,0.0,0.0
782,3,0.0,0.0,0.0,0.0,0.0
782,4,0.0,0.0,0.0,0.0,0.0
783,0,0.0,-3.068527062048404,0.0,0.0,0.0
783,1,0.0,0.0,0.0,0.0,-5.455857595590561
783,2,0.0,0.0,0.0,0.0,0.0
783,3,0.0,0.0,0.0,0.0,0.0
783,4,0.0,0.0,0.0,0.0,0.0
784,0,0.0,-3.0723861303382205,0.0,0.0,0.0
784,1,0.0,0.0,0.0,0.0,-5.45520214813318
784,2,0.0,0.0,0.0,0.0,0.0
784,3,0.0,0.0,0.0,0.0,0.0
784,4,0.0,0.0,0.0,0.0,0.0
785,0,0.0,-3.076234206082703,0.0,0.0,0.0
785,1,0.0,0.0,0.0,0.0,-5.460102546764245
785,2,0.0,0.0,0.0,0.0,0.0
785,3,0.0,0.0,0.0,0.0,0.0
785,4,0.0,0.0,0.0,0.0,0.0
786,0,0.0,-3.0800837227797158,0.0,0.0,0.0
786,1,0.0,0.0,0.0,0.0,-5.472490005829213
786,2,0.0,0.0,0.0,0.0,0.0
786,3,0.0,0.0,0.0,0.0,0.0
786,4,0.0,0.0,0.0,0.0,0.0
787,0,0.0,-3.0839522518511657,0.0,0.0,0.0
787,1,0.0,0.0,0.0,0.0,-5.482339569766077
787,2,0.0,0.0,0.0,0.0,0.0
787,3,0.0,0.0,0.0,0.0,0.0
787,4,0.0,0.0,0.0,0.0,0.0
788,0,0.0,-3.087833788804788,0.0,0.0,0.0
788,1,0.0,0.0,0.0,0.0,-5.483423876139896
788,2,0.0,0.0,0.0,0.0,0.0
788,3,0.0,0.0,0.0,0.0,0.0
788,4,0.0,0.0,0.0,0.0,0.0
789,0,0.0,-3.0917079106435508,0.0,0.0,0.0
789,1,0.0,0.0,0.0,0.0,-5.484506759242423
789,2,0.0,0.0,0.0,0.0,0.0
789,3,0.0,0.0,0.0,0.0,0.0
789,4,0.0,0.0,0.0,0.0,0.0
790,0,0.0,-3.095574635222629,0.0,0.0,0.0
790,1,0.0,0.0,0.0,0.0,-5.486981453850866
790,2,0.0,0.0,0.0,0.0,0.0
790,3,0.0,0.0,0.0,0.0,0.0
790,4,0.0,0.0,0.0,0.0,0.0
791,0,0.0,-3.0994370820184187,0.0,0.0,0.0
791,1,0.0,0.0,0.0,0.0,-5.48723469598585
791,2,0.0,0.0,0.0,0.0,0.0
791,3,0.0,0.0,0.0,0.0,0.0
791,4,0.0,0.0,0.0,0.0,0.0
792,0,0.0,-3.103290472737316,0.0,0.0,0.0
792,1,0.0,0.0,0.0,0.0,-5.488312611469464
792,2,0.0,0.0,0.0,0.0,0.0
792,3,0.0,0.0,0.0,0.0,0.0
792,4,0.0,0.0,0.0,0.0,0.0
793,0,0.0,-3.107136513998335,0.0,0.0,0.0
793,1,0.0,0.0,0.0,0.0,-5.493123767893044
793,2,0.0,0.0,0.0,0.0,0.0
793,3,0.0,0.0,0.0,0.0,0.0
793,4,0.0,0.0,0.0,0.0,0.0
794,0,0.0,-3.1109837937705844,0.0,0.0,0.0
794,1,0.0,0.0,0.0,0.0,-5.495581963360979
794,2,0.0,0.0,0.0,0.0,0.0
794,3,0.0,0.0,0.0,0.0,0.0
794,4,0.0,0.0,0.0,0.0,0.0
795,0,0.0,-3.1148268114823123,0.0,0.0,0.0
795,1,0.0,0.0,0.0,0.0,-5.502875467267139
795,2,0.0,0.0,0.0,0.0,0.0
795,3,0.0,0.0,0.0,0.0,0.0
795,4,0.0,0.0,0.0,0.0,0.0
796,0,0.0,-3.1186769031776014,0.0,0.0,0.0
796,1,0.0,0.0,0.0,0.0,-5.510148051884229
796,2,0.0,0.0,0.0,0.0,0.0
796,3,0.0,0.0,0.0,0.0,0.0
796,4,0.0,0.0,0.0,0.0,0.0
797,0,0.0,-3.122534002210977,0.0,0.0,0.0
797,1,0.0,0.0,0.0,0.0,-5.511201809003978
797,2,0.0,0.0,0.0,0.0,0.0
797,3,0.0,0.0,0.0,0.0,0.0
797,4,0.0,0.0,0.0,0.0,0.0
798,0,0.0,-3.1263836909276925,0.0,0.0,0.0
798,1,0.0,0.0,0.0,0.0,-5.511433794978467
798,2,0.0,0.0,0.0,0.0,0.0
798,3,0.0,0.0,0.0,0.0,0.0
798,4,0.0,0.0,0.0,0.0,0.0
799,0,0.0,-3.1302243175985573,0.0,0.0,0.0
799,1,0.0,0.0,0.0,0.0,-5.51385384988926
799,2,0.0,0.0,0.0,0.0,0.0
799,3,0.0,0.0,0.0,0.0,0.0
799,4,0.0,0.0,0.0,0.0,0.0
800,0,0.0,-3.1340606133225593,0.0,0.0,0.0
800,1,0.0,0.0,0.0,0.0,-5.5118508652451625
800,2,0.0,0.0,0.0,0.0,0.0
800,3,0.0,0.0,0.0,0.0,0.0
800,4,0.0,0.0,0.0,0.0,0.0
801,0,0.0,-3.13788293607384,0.0,0.0,0.0
801,1,0.0,0.0,0.0,0.0,-5.519103000810997
801,2,0.0,0.0,0.0,0.0,0.0
801,3,0.0,0.0,0.0,0.0,0.0
801,4,0.0,0.0,0.0,0.0,0.0
802,0,0.0,-3.1417122880532484,0.0,0.0,0.0
802,1,0.0,0.0,0.0,0.0,-5.519328158621813
802,2,0.0,0.0,0.0,0.0,0.0
802,3,0.0,0.0,0.0,0.0,0.0
802,4,0.0,0.0,0.0,0.0,0.0
803,0,0.0,-3.145532624226842,0.0,0.0,0.0
803,1,0.0,0.0,0.0,0.0,-5.52037216801462
803,2,0.0,0.0,0.0,0.0,0.0
803,3,0.0,0.0,0.0,0.0,0.0
803,4,0.0,0.0,0.0,0.0,0.0
804,0,0.0,-3.149345633760441,0.0,0.0,0.0
804,1,0.0,0.0,0.0,0.0,-5.5227759569878865
804,2,0.0,0.0,0.0,0.0,0.0
804,3,0.0,0.0,0.0,0.0,0.0
804,4,0.0,0.0,0.0,0.0,0.0
805,0,0.0,-3.1531543505312793,0.0,0.0,0.0
805,1,0.0,0.0,0.0,0.0,-5.5238155703601235
805,2,0.0,0.0,0.0,0.0,0.0
805,3,0.0,0.0,0.0,0.0,0.0
805,4,0.0,0.0,0.0,0.0,0.0
806,0,0.0,-3.156955763869952,0.0,0.0,0.0
806,1,0.0,0.0,0.0,0.0,-5.526213347056964
806,2,0.0,0.0,0.0,0.0,0.0
806,3,0.0,0.0,0.0,0.0,0.0
806,4,0.0,0.0,0.0,0.0,0.0
807,0,0.0,-3.1607529026758017,0.0,0.0,0.0
807,1,0.0,0.0,0.0,0.0,-5.526432055705312
807,2,0.0,0.0,0.0,0.0,0.0
807,3,0.0,0.0,0.0,0.0,0.0
807,4,0.0,0.0,0.0,0.0,0.0
808,0,0.0,-3.164541106041701,0.0,0.0,0.0
808,1,0.0,0.0,0.0,0.0,-5.531151975225373
808,2,0.0,0.0,0.0,0.0,0.0
808,3,0.0,0.0,0.0,0.0,0.0
808,4,0.0,0.0,0.0,0.0,0.0
809,0,0.0,-3.1683304888903825,0.0,0.0,0.0
809,1,0.0,0.0,0.0,0.0,-5.531366312570561
809,2,0.0,0.0,0.0,0.0,0.0
809,3,0.0,0.0,0.0,0.0,0.0
809,4,0.0,0.0,0.0,0.0,0.0
810,0,0.0,-3.172110950172046,0.0,0.0,0.0
810,1,0.0,0.0,0.0,0.0,-5.536074389712056
810,2,0.0,0.0,0.0,0.0,0.0
810,3,0.0,0.0,0.0,0.0,0.0
810,4,0.0,0.0,0.0,0.0,0.0
811,0,0.0,-3.1758925836707683,0.0,0.0,0.0
811,1,0.0,0.0,0.0,0.0,-5.537099048944583
811,2,0.0,0.0,0.0,0.0,0.0
811,3,0.0,0.0,0.0,0.0,0.0
811,4,0.0,0.0,0.0,0.0,0.0
812,0,0.0,-3.179666958530069,0.0,0.0,0.0
812,1,0.0,0.0,0.0,0.0,-5.539471320552624
812,2,0.0,0.0,0.0,0.0,0.0
812,3,0.0,0.0,0.0,0.0,0.0
812,4,0.0,0.0,0.0,0.0,0.0
813,0,0.0,-3.1834370745819798,0.0,0.0,0.0
813,1,0.0,0.0,0.0,0.0,-5.537426222371455
813,2,0.0,0.0,0.0,0.0,0.0
813,3,0.0,0.0,0.0,0.0,0.0
813,4,0.0,0.0,0.0,0.0,0.0
814,0,0.0,-3.187193327675872,0.0,0.0,0.0
814,1,0.0,0.0,0.0,0.0,-5.536675162306201
814,2,0.0,0.0,0.0,0.0,0.0
814,3,0.0,0.0,0.0,0.0,0.0
814,4,0.0,0.0,0.0,0.0,0.0
815,0,0.0,-3.190938678887528,0.0,0.0,0.0
815,1,0.0,0.0,0.0,0.0,-5.537698711559936
815,2,0.0,0.0,0.0,0.0,0.0
815,3,0.0,0.0,0.0,0.0,0.0
815,4,0.0,0.0,0.0,0.0,0.0
816,0,0.0,-3.194676871072322,0.0,0.0,0.0
816,1,0.0,0.0,0.0,0.0,-5.538720948861382
816,2,0.0,0.0,0.0,0.0,0.0
816,3,0.0,0.0,0.0,0.0,0.0
816,4,0.0,0.0,0.0,0.0,0.0
817,0,0.0,-3.198407921524441,0.0,0.0,0.0
817,1,0.0,0.0,0.0,0.0,-5.539741876415771
817,2,0.0,0.0,0.0,0.0,0.0
817,3,0.0,0.0,0.0,0.0,0.0
817,4,0.0,0.0,0.0,0.0,0.0
818,0,0.0,-3.202131847498578,0.0,0.0,0.0
818,1,0.0,0.0,0.0,0.0,-5.537697190908127
818,2,0.0,0.0,0.0,0.0,0.0
818,3,0.0,0.0,0.0,0.0,0.0
818,4,0.0,0.0,0.0,0.0,0.0
819,0,0.0,-3.205842055630179,0.0,0.0,0.0
819,1,0.0,0.0,0.0,0.0,-5.5369478193053805
819,2,0.0,0.0,0.0,0.0,0.0
819,3,0.0,0.0,0.0,0.0,0.0
819,4,0.0,0.0,0.0,0.0,0.0
820,0,0.0,-3.2095415028984027,0.0,0.0,0.0
820,1,0.0,0.0,0.0,0.0,-5.544152152492783
820,2,0.0,0.0,0.0,0.0,0.0
820,3,0.0,0.0,0.0,0.0,0.0
820,4,0.0,0.0,0.0,0.0,0.0
821,0,0.0,-3.2132481760056804,0.0,0.0,0.0
821,1,0.0,0.0,0.0,0.0,-5.551335830631418
821,2,0.0,0.0,0.0,0.0,0.0
821,3,0.0,0.0,0.0,0.0,0.0
821,4,0.0,0.0,0.0,0.0,0.0
822,0,0.0,-3.2169620089609734,0.0,0.0,0.0
822,1,0.0,0.0,0.0,0.0,-5.54927402622793
822,2,0.0,0.0,0.0,0.0,0.0
822,3,0.0,0.0,0.0,0.0,0.0
822,4,0.0,0.0,0.0,0.0,0.0
823,0,0.0,-3.220662119711068,0.0,0.0,0.0
823,1,0.0,0.0,0.0,0.0,-5.548511610978866
823,2,0.0,0.0,0.0,0.0,0.0
823,3,0.0,0.0,0.0,0.0,0.0
823,4,0.0,0.0,0.0,0.0,0.0
824,0,0.0,-3.224351471519198,0.0,0.0,0.0
824,1,0.0,0.0,0.0,0.0,-5.547750602423507
824,2,0.0,0.0,0.0,0.0,0.0
824,3,0.0,0.0,0.0,0.0,0.0
824,4,0.0,0.0,0.0,0.0,0.0
825,0,0.0,-3.228030099728084,0.0,0.0,0.0
825,1,0.0,0.0,0.0,0.0,-5.550109643072785
825,2,0.0,0.0,0.0,0.0,0.0
825,3,0.0,0.0,0.0,0.0,0.0
825,4,0.0,0.0,0.0,0.0,0.0
826,0,0.0,-3.2317046975031714,0.0,0.0,0.0
826,1,0.0,0.0,0.0,0.0,-5.550308053409713
826,2,0.0,0.0,0.0,0.0,0.0
826,3,0.0,0.0,0.0,0.0,0.0
826,4,0.0,0.0,0.0,0.0,0.0
827,0,0.0,-3.235370677788456,0.0,0.0,0.0
827,1,0.0,0.0,0.0,0.0,-5.552662862980811
827,2,0.0,0.0,0.0,0.0,0.0
827,3,0.0,0.0,0.0,0.0,0.0
827,4,0.0,0.0,0.0,0.0,0.0
828,0,0.0,-3.2390326522886865,0.0,0.0,0.0
828,1,0.0,0.0,0.0,0.0,-5.557329488280143
828,2,0.0,0.0,0.0,0.0,0.0
828,3,0.0,0.0,0.0,0.0,0.0
828,4,0.0,0.0,0.0,0.0,0.0
829,0,0.0,-3.242696009174673,0.0,0.0,0.0
829,1,0.0,0.0,0.0,0.0,-5.559669939368445
829,2,0.0,0.0,0.0,0.0,0.0
829,3,0.0,0.0,0.0,0.0,0.0
829,4,0.0,0.0,0.0,0.0,0.0
830,0,0.0,-3.246355335005931,0.0,0.0,0.0
830,1,0.0,0.0,0.0,0.0,-5.558895039607924
830,2,0.0,0.0,0.0,0.0,0.0
830,3,0.0,0.0,0.0,0.0,0.0
830,4,0.0,0.0,0.0,0.0,0.0
831,0,0.0,-3.2500039929625633,0.0,0.0,0.0
831,1,0.0,0.0,0.0,0.0,-5.559894690177016
831,2,0.0,0.0,0.0,0.0,0.0
831,3,0.0,0.0,0.0,0.0,0.0
831,4,0.0,0.0,0.0,0.0,0.0
832,0,0.0,-3.2536457131489405,0.0,0.0,0.0
832,1,0.0,0.0,0.0,0.0,-5.559120205519985
832,2,0.0,0.0,0.0,0.0,0.0
832,3,0.0,0.0,0.0,0.0,0.0
832,4,0.0,0.0,0.0,0.0,0.0
833,0,0.0,-3.257276818510543,0.0,0.0,0.0
833,1,0.0,0.0,0.0,0.0,-5.563774831590442
833,2,0.0,0.0,0.0,0.0,0.0
833,3,0.0,0.0,0.0,0.0,0.0
833,4,0.0,0.0,0.0,0.0,0.0
834,0,0.0,-3.2609093584643443,0.0,0.0,0.0
834,1,0.0,0.0,0.0,0.0,-5.564769109312495
834,2,0.0,0.0,0.0,0.0,0.0
834,3,0.0,0.0,0.0,0.0,0.0
834,4,0.0,0.0,0.0,0.0,0.0
835,0,0.0,-3.264534994366933,0.0,0.0,0.0
835,1,0.0,0.0,0.0,0.0,-5.567097738916961
835,2,0.0,0.0,0.0,0.0,0.0
835,3,0.0,0.0,0.0,0.0,0.0
835,4,0.0,0.0,0.0,0.0,0.0
836,0,0.0,-3.26815667418915,0.0,0.0,0.0
836,1,0.0,0.0,0.0,0.0,-5.567281146831633
836,2,0.0,0.0,0.0,0.0,0.0
836,3,0.0,0.0,0.0,0.0,0.0
836,4,0.0,0.0,0.0,0.0,0.0
837,0,0.0,-3.2717698586684714,0.0,0.0,0.0
837,1,0.0,0.0,0.0,0.0,-5.576918231237971
837,2,0.0,0.0,0.0,0.0,0.0
837,3,0.0,0.0,0.0,0.0,0.0
837,4,0.0,0.0,0.0,0.0,0.0
838,0,0.0,-3.2753961690458584,0.0,0.0,0.0
838,1,0.0,0.0,0.0,0.0,-5.581526529341379
838,2,0.0,0.0,0.0,0.0,0.0
838,3,0.0,0.0,0.0,0.0,0.0
838,4,0.0,0.0,0.0,0.0,0.0
839,0,0.0,-3.2790238193030037,0.0,0.0,0.0
839,1,0.0,0.0,0.0,0.0,-5.586122807790873
839,2,0.0,0.0,0.0,0.0,0.0
839,3,0.0,0.0,0.0,0.0,0.0
839,4,0.0,0.0,0.0,0.0,0.0
840,0,0.0,-3.282652778456334,0.0,0.0,0.0
840,1,0.0,0.0,0.0,0.0,-5.5870944597665035
840,2,0.0,0.0,0.0,0.0,0.0
840,3,0.0,0.0,0.0,0.0,0.0
840,4,0.0,0.0,0.0,0.0,0.0
841,0,0.0,-3.2862747969420596,0.0,0.0,0.0
841,1,0.0,0.0,0.0,0.0,-5.588064891113006
841,2,0.0,0.0,0.0,0.0,0.0
841,3,0.0,0.0,0.0,0.0,0.0
841,4,0.0,0.0,0.0,0.0,0.0
842,0,0.0,-3.2898898915785186,0.0,0.0,0.0
842,1,0.0,0.0,0.0,0.0,-5.58822994037079
842,2,0.0,0.0,0.0,0.0,0.0
842,3,0.0,0.0,0.0,0.0,0.0
842,4,0.0,0.0,0.0,0.0,0.0
843,0,0.0,-3.2934964725787923,0.0,0.0,0.0
843,1,0.0,0.0,0.0,0.0,-5.589198887065658
843,2,0.0,0.0,0.0,0.0,0.0
843,3,0.0,0.0,0.0,0.0,0.0
843,4,0.0,0.0,0.0,0.0,0.0
844,0,0.0,-3.2970961697977854,0.0,0.0,0.0
844,1,0.0,0.0,0.0,0.0,-5.5870746388893195
844,2,0.0,0.0,0.0,0.0,0.0
844,3,0.0,0.0,0.0,0.0,0.0
844,4,0.0,0.0,0.0,0.0,0.0
845,0,0.0,-3.300682360959356,0.0,0.0,0.0
845,1,0.0,0.0,0.0,0.0,-5.587240801160778
845,2,0.0,0.0,0.0,0.0,0.0
845,3,0.0,0.0,0.0,0.0,0.0
845,4,0.0,0.0,0.0,0.0,0.0
846,0,0.0,-3.3042601257045683,0.0,0.0,0.0
846,1,0.0,0.0,0.0,0.0,-5.591829132450379
846,2,0.0,0.0,0.0,0.0,0.0
846,3,0.0,0.0,0.0,0.0,0.0
846,4,0.0,0.0,0.0,0.0,0.0
847,0,0.0,-3.3078393090274676,0.0,0.0,0.0
847,1,0.0,0.0,0.0,0.0,-5.591991090117953
847,2,0.0,0.0,0.0,0.0,0.0
847,3,0.0,0.0,0.0,0.0,0.0
847,4,0.0,0.0,0.0,0.0,0.0
848,0,0.0,-3.311410077730536,0.0,0.0,0.0
848,1,0.0,0.0,0.0,0.0,-5.592956053911031
848,2,0.0,0.0,0.0,0.0,0.0
848,3,0.0,0.0,0.0,0.0,0.0
848,4,0.0,0.0,0.0,0.0,0.0
849,0,0.0,-3.314974054738739,0.0,0.0,0.0
849,1,0.0,0.0,0.0,0.0,-5.595232453007818
849,2,0.0,0.0,0.0,0.0,0.0
849,3,0.0,0.0,0.0,0.0,0.0
849,4,0.0,0.0,0.0,0.0,0.0
850,0,0.0,-3.3185341229924434,0.0,0.0,0.0
850,1,0.0,0.0,0.0,0.0,-5.593098537260193
850,2,0.0,0.0,0.0,0.0,0.0
850,3,0.0,0.0,0.0,0.0,0.0
850,4,0.0,0.0,0.0,0.0,0.0
851,0,0.0,-3.3220807887026678,0.0,0.0,0.0
851,1,0.0,0.0,0.0,0.0,-5.593259551090923
851,2,0.0,0.0,0.0,0.0,0.0
851,3,0.0,0.0,0.0,0.0,0.0
851,4,0.0,0.0,0.0,0.0,0.0
852,0,0.0,-3.325619132853218,0.0,0.0,0.0
852,1,0.0,0.0,0.0,0.0,-5.593420481843298
852,2,0.0,0.0,0.0,0.0,0.0
852,3,0.0,0.0,0.0,0.0,0.0
852,4,0.0,0.0,0.0,0.0,0.0
853,0,0.0,-3.329149179700601,0.0,0.0,0.0
853,1,0.0,0.0,0.0,0.0,-5.597999470488211
853,2,0.0,0.0,0.0,0.0,0.0
853,3,0.0,0.0,0.0,0.0,0.0
853,4,0.0,0.0,0.0,0.0,0.0
854,0,0.0,-3.3326807451132785,0.0,0.0,0.0
854,1,0.0,0.0,0.0,0.0,-5.595861909196122
854,2,0.0,0.0,0.0,0.0,0.0
854,3,0.0,0.0,0.0,0.0,0.0
854,4,0.0,0.0,0.0,0.0,0.0
855,0,0.0,-3.336198991405443,0.0,0.0,0.0
855,1,0.0,0.0,0.0,0.0,-5.596822615377915
855,2,0.0,0.0,0.0,0.0,0.0
855,3,0.0,0.0,0.0,0.0,0.0
855,4,0.0,0.0,0.0,0.0,0.0
856,0,0.0,-3.3397105839954406,0.0,0.0,0.0
856,1,0.0,0.0,0.0,0.0,-5.601394945643874
856,2,0.0,0.0,0.0,0.0,0.0
856,3,0.0,0.0,0.0,0.0,0.0
856,4,0.0,0.0,0.0,0.0,0.0
857,0,0.0,-3.3432237265526794,0.0,0.0,0.0
857,1,0.0,0.0,0.0,0.0,-5.600573072324205
857,2,0.0,0.0,0.0,0.0,0.0
857,3,0.0,0.0,0.0,0.0,0.0
857,4,0.0,0.0,0.0,0.0,0.0
858,0,0.0,-3.346726527569411,0.0,0.0,0.0
858,1,0.0,0.0,0.0,0.0,-5.605136681278911
858,2,0.0,0.0,0.0,0.0,0.0
858,3,0.0,0.0,0.0,0.0,0.0
858,4,0.0,0.0,0.0,0.0,0.0
859,0,0.0,-3.3502308806500722,0.0,0.0,0.0
859,1,0.0,0.0,0.0,0.0,-5.604310350987485
859,2,0.0,0.0,0.0,0.0,0.0
859,3,0.0,0.0,0.0,0.0,0.0
859,4,0.0,0.0,0.0,0.0,0.0
860,0,0.0,-3.3537249077700895,0.0,0.0,0.0
860,1,0.0,0.0,0.0,0.0,-5.6034855533327335
860,2,0.0,0.0,0.0,0.0,0.0
860,3,0.0,0.0,0.0,0.0,0.0
860,4,0.0,0.0,0.0,0.0,0.0
861,0,0.0,-3.357208643060432,0.0,0.0,0.0
861,1,0.0,0.0,0.0,0.0,-5.604438051475583
861,2,0.0,0.0,0.0,0.0,0.0
861,3,0.0,0.0,0.0,0.0,0.0
861,4,0.0,0.0,0.0,0.0,0.0
862,0,0.0,-3.3606858032427533,0.0,0.0,0.0
862,1,0.0,0.0,0.0,0.0,-5.605389359367358
862,2,0.0,0.0,0.0,0.0,0.0
862,3,0.0,0.0,0.0,0.0,0.0
862,4,0.0,0.0,0.0,0.0,0.0
863,0,0.0,-3.364156404070806,0.0,0.0,0.0
863,1,0.0,0.0,0.0,0.0,-5.604564133836671
863,2,0.0,0.0,0.0,0.0,0.0
863,3,0.0,0.0,0.0,0.0,0.0
863,4,0.0,0.0,0.0,0.0,0.0
864,0,0.0,-3.3676167808518414,0.0,0.0,0.0
864,1,0.0,0.0,0.0,0.0,-5.6055150293429845
864,2,0.0,0.0,0.0,0.0,0.0
864,3,0.0,0.0,0.0,0.0,0.0
864,4,0.0,0.0,0.0,0.0,0.0
865,0,0.0,-3.3710706438539,0.0,0.0,0.0
865,1,0.0,0.0,0.0,0.0,-5.606464736810193
865,2,0.0,0.0,0.0,0.0,0.0
865,3,0.0,0.0,0.0,0.0,0.0
865,4,0.0,0.0,0.0,0.0,0.0
866,0,0.0,-3.3745180086570197,0.0,0.0,0.0
866,1,0.0,0.0,0.0,0.0,-5.6087244406229235
866,2,0.0,0.0,0.0,0.0,0.0
866,3,0.0,0.0,0.0,0.0,0.0
866,4,0.0,0.0,0.0,0.0,0.0
867,0,0.0,-3.3779617381509186,0.0,0.0,0.0
867,1,0.0,0.0,0.0,0.0,-5.608872405615492
867,2,0.0,0.0,0.0,0.0,0.0
867,3,0.0,0.0,0.0,0.0,0.0
867,4,0.0,0.0,0.0,0.0,0.0
868,0,0.0,-3.381397417694208,0.0,0.0,0.0
868,1,0.0,0.0,0.0,0.0,-5.6098179209943195
868,2,0.0,0.0,0.0,0.0,0.0
868,3,0.0,0.0,0.0,0.0,0.0
868,4,0.0,0.0,0.0,0.0,0.0
869,0,0.0,-3.3848266406090146,0.0,0.0,0.0
869,1,0.0,0.0,0.0,0.0,-5.610762257652837
869,2,0.0,0.0,0.0,0.0,0.0
869,3,0.0,0.0,0.0,0.0,0.0
869,4,0.0,0.0,0.0,0.0,0.0
870,0,0.0,-3.3882494223276898,0.0,0.0,0.0
870,1,0.0,0.0,0.0,0.0,-5.613015588892674
870,2,0.0,0.0,0.0,0.0,0.0
870,3,0.0,0.0,0.0,0.0,0.0
870,4,0.0,0.0,0.0,0.0,0.0
871,0,0.0,-3.3916686201903024,0.0,0.0,0.0
871,1,0.0,0.0,0.0,0.0,-5.613159844250741
871,2,0.0,0.0,0.0,0.0,0.0
871,3,0.0,0.0,0.0,0.0,0.0
871,4,0.0,0.0,0.0,0.0,0.0
872,0,0.0,-3.395079831128979,0.0,0.0,0.0
872,1,0.0,0.0,0.0,0.0,-5.622706351988939
872,2,0.0,0.0,0.0,0.0,0.0
872,3,0.0,0.0,0.0,0.0,0.0
872,4,0.0,0.0,0.0,0.0,0.0
873,0,0.0,-3.3985044222061944,0.0,0.0,0.0
873,1,0.0,0.0,0.0,0.0,-5.624935487908783
873,2,0.0,0.0,0.0,0.0,0.0
873,3,0.0,0.0,0.0,0.0,0.0
873,4,0.0,0.0,0.0,0.0,0.0
874,0,0.0,-3.401925369810007,0.0,0.0,0.0
874,1,0.0,0.0,0.0,0.0,-5.6369490504146
874,2,0.0,0.0,0.0,0.0,0.0
874,3,0.0,0.0,0.0,0.0,0.0
874,4,0.0,0.0,0.0,0.0,0.0
875,0,0.0,-3.405365419697671,0.0,0.0,0.0
875,1,0.0,0.0,0.0,0.0,-5.641425860012103
875,2,0.0,0.0,0.0,0.0,0.0
875,3,0.0,0.0,0.0,0.0,0.0
875,4,0.0,0.0,0.0,0.0,0.0
876,0,0.0,-3.40880698102314,0.0,0.0,0.0
876,1,0.0,0.0,0.0,0.0,-5.645891045840202
876,2,0.0,0.0,0.0,0.0,0.0
876,3,0.0,0.0,0.0,0.0,0.0
876,4,0.0,0.0,0.0,0.0,0.0
877,0,0.0,-3.412250023517575,0.0,0.0,0.0
877,1,0.0,0.0,0.0,0.0,-5.64501536617607
877,2,0.0,0.0,0.0,0.0,0.0
877,3,0.0,0.0,0.0,0.0,0.0
877,4,0.0,0.0,0.0,0.0,0.0
878,0,0.0,-3.415682806605287,0.0,0.0,0.0
878,1,0.0,0.0,0.0,0.0,-5.6459261287580675
878,2,0.0,0.0,0.0,0.0,0.0
878,3,0.0,0.0,0.0,0.0,0.0
878,4,0.0,0.0,0.0,0.0,0.0
879,0,0.0,-3.4191090705779477,0.0,0.0,0.0
879,1,0.0,0.0,0.0,0.0,-5.645051137779332
879,2,0.0,0.0,0.0,0.0,0.0
879,3,0.0,0.0,0.0,0.0,0.0
879,4,0.0,0.0,0.0,0.0,0.0
880,0,0.0,-3.422525126172174,0.0,0.0,0.0
880,1,0.0,0.0,0.0,0.0,-5.65701029664518
880,2,0.0,0.0,0.0,0.0,0.0
880,3,0.0,0.0,0.0,0.0,0.0
880,4,0.0,0.0,0.0,0.0,0.0
881,0,0.0,-3.425960168048479,0.0,0.0,0.0
881,1,0.0,0.0,0.0,0.0,-5.661432886602841
881,2,0.0,0.0,0.0,0.0,0.0
881,3,0.0,0.0,0.0,0.0,0.0
881,4,0.0,0.0,0.0,0.0,0.0
882,0,0.0,-3.4293966076233158,0.0,0.0,0.0
882,1,0.0,0.0,0.0,0.0,-5.665844036096568
882,2,0.0,0.0,0.0,0.0,0.0
882,3,0.0,0.0,0.0,0.0,0.0
882,4,0.0,0.0,0.0,0.0,0.0
883,0,0.0,-3.43283441535326,0.0,0.0,0.0
883,1,0.0,0.0,0.0,0.0,-5.667987146624646
883,2,0.0,0.0,0.0,0.0,0.0
883,3,0.0,0.0,0.0,0.0,0.0
883,4,0.0,0.0,0.0,0.0,0.0
884,0,0.0,-3.4362683499340703,0.0,0.0,0.0
884,1,0.0,0.0,0.0,0.0,-5.668876285160401
884,2,0.0,0.0,0.0,0.0,0.0
884,3,0.0,0.0,0.0,0.0,0.0
884,4,0.0,0.0,0.0,0.0,0.0
885,0,0.0,-3.4396957184304924,0.0,0.0,0.0
885,1,0.0,0.0,0.0,0.0,-5.673270808417801
885,2,0.0,0.0,0.0,0.0,0.0
885,3,0.0,0.0,0.0,0.0,0.0
885,4,0.0,0.0,0.0,0.0,0.0
886,0,0.0,-3.443124441225152,0.0,0.0,0.0
886,1,0.0,0.0,0.0,0.0,-5.680153976075267
886,2,0.0,0.0,0.0,0.0,0.0
886,3,0.0,0.0,0.0,0.0,0.0
886,4,0.0,0.0,0.0,0.0,0.0
887,0,0.0,-3.4465603096011055,0.0,0.0,0.0
887,1,0.0,0.0,0.0,0.0,-5.68701749191469
887,2,0.0,0.0,0.0,0.0,0.0
887,3,0.0,0.0,0.0,0.0,0.0
887,4,0.0,0.0,0.0,0.0,0.0
888,0,0.0,-3.4500032609235274,0.0,0.0,0.0
888,1,0.0,0.0,0.0,0.0,-5.687096395226122
888,2,0.0,0.0,0.0,0.0,0.0
888,3,0.0,0.0,0.0,0.0,0.0
888,4,0.0,0.0,0.0,0.0,0.0
889,0,0.0,-3.4534380217371656,0.0,0.0,0.0
889,1,0.0,0.0,0.0,0.0,-5.68717532750664
889,2,0.0,0.0,0.0,0.0,0.0
889,3,0.0,0.0,0.0,0.0,0.0
889,4,0.0,0.0,0.0,0.0,0.0
890,0,0.0,-3.4568646160962437,0.0,0.0,0.0
890,1,0.0,0.0,0.0,0.0,-5.694020911436977
890,2,0.0,0.0,0.0,0.0,0.0
890,3,0.0,0.0,0.0,0.0,0.0
890,4,0.0,0.0,0.0,0.0,0.0
891,0,0.0,-3.4602982731903764,0.0,0.0,0.0
891,1,0.0,0.0,0.0,0.0,-5.696109947740545
891,2,0.0,0.0,0.0,0.0,0.0
891,3,0.0,0.0,0.0,0.0,0.0
891,4,0.0,0.0,0.0,0.0,0.0
892,0,0.0,-3.463727946552177,0.0,0.0,0.0
892,1,0.0,0.0,0.0,0.0,-5.7029320011356255
892,2,0.0,0.0,0.0,0.0,0.0
892,3,0.0,0.0,0.0,0.0,0.0
892,4,0.0,0.0,0.0,0.0,0.0
893,0,0.0,-3.4671646220110506,0.0,0.0,0.0
893,1,0.0,0.0,0.0,0.0,-5.7072346059463746
893,2,0.0,0.0,0.0,0.0,0.0
893,3,0.0,0.0,0.0,0.0,0.0
893,4,0.0,0.0,0.0,0.0,0.0
894,0,0.0,-3.470602415617501,0.0,0.0,0.0
894,1,0.0,0.0,0.0,0.0,-5.714026161378892
894,2,0.0,0.0,0.0,0.0,0.0
894,3,0.0,0.0,0.0,0.0,0.0
894,4,0.0,0.0,0.0,0.0,0.0
895,0,0.0,-3.474047121976813,0.0,0.0,0.0
895,1,0.0,0.0,0.0,0.0,-5.716076322111175
895,2,0.0,0.0,0.0,0.0,0.0
895,3,0.0,0.0,0.0,0.0,0.0
895,4,0.0,0.0,0.0,0.0,0.0
896,0,0.0,-3.4774877279354017,0.0,0.0,0.0
896,1,0.0,0.0,0.0,0.0,-5.713742601416926
896,2,0.0,0.0,0.0,0.0,0.0
896,3,0.0,0.0,0.0,0.0,0.0
896,4,0.0,0.0,0.0,0.0,0.0
897,0,0.0,-3.4809148730252413,0.0,0.0,0.0
897,1,0.0,0.0,0.0,0.0,-5.718017872541821
897,2,0.0,0.0,0.0,0.0,0.0
897,3,0.0,0.0,0.0,0.0,0.0
897,4,0.0,0.0,0.0,0.0,0.0
898,0,0.0,-3.4843430973094667,0.0,0.0,0.0
898,1,0.0,0.0,0.0,0.0,-5.71886054051674
898,2,0.0,0.0,0.0,0.0,0.0
898,3,0.0,0.0,0.0,0.0,0.0
898,4,0.0,0.0,0.0,0.0,0.0
899,0,0.0,-3.4877646780714824,0.0,0.0,0.0
899,1,0.0,0.0,0.0,0.0,-5.7231238898484476
899,2,0.0,0.0,0.0,0.0,0.0
899,3,0.0,0.0,0.0,0.0,0.0
899,4,0.0,0.0,0.0,0.0,0.0
900,0,0.0,-3.491187325346832,0.0,0.0,0.0
900,1,0.0,0.0,0.0,0.0,-5.722148835673203
900,2,0.0,0.0,0.0,0.0,0.0
900,3,0.0,0.0,0.0,0.0,0.0
900,4,0.0,0.0,0.0,0.0,0.0
901,0,0.0,-3.494599544744122,0.0,0.0,0.0
901,1,0.0,0.0,0.0,0.0,-5.72890485088058
901,2,0.0,0.0,0.0,0.0,0.0
901,3,0.0,0.0,0.0,0.0,0.0
901,4,0.0,0.0,0.0,0.0,0.0
902,0,0.0,-3.498018656941683,0.0,0.0,0.0
902,1,0.0,0.0,0.0,0.0,-5.730929155348634
902,2,0.0,0.0,0.0,0.0,0.0
902,3,0.0,0.0,0.0,0.0,0.0
902,4,0.0,0.0,0.0,0.0,0.0
903,0,0.0,-3.5014336792440743,0.0,0.0,0.0
903,1,0.0,0.0,0.0,0.0,-5.728570384604307
903,2,0.0,0.0,0.0,0.0,0.0
903,3,0.0,0.0,0.0,0.0,0.0
903,4,0.0,0.0,0.0,0.0,0.0
904,0,0.0,-3.504835268422624,0.0,0.0,0.0
904,1,0.0,0.0,0.0,0.0,-5.729403089289979
904,2,0.0,0.0,0.0,0.0,0.0
904,3,0.0,0.0,0.0,0.0,0.0
904,4,0.0,0.0,0.0,0.0,0.0
905,0,0.0,-3.508230268414188,0.0,0.0,0.0
905,1,0.0,0.0,0.0,0.0,-5.727047798063122
905,2,0.0,0.0,0.0,0.0,0.0
905,3,0.0,0.0,0.0,0.0,0.0
905,4,0.0,0.0,0.0,0.0,0.0
906,0,0.0,-3.5116119086066027,0.0,0.0,0.0
906,1,0.0,0.0,0.0,0.0,-5.72788196639712
906,2,0.0,0.0,0.0,0.0,0.0
906,3,0.0,0.0,0.0,0.0,0.0
906,4,0.0,0.0,0.0,0.0,0.0
907,0,0.0,-3.5149870185263645,0.0,0.0,0.0
907,1,0.0,0.0,0.0,0.0,-5.7299120636162995
907,2,0.0,0.0,0.0,0.0,0.0
907,3,0.0,0.0,0.0,0.0,0.0
907,4,0.0,0.0,0.0,0.0,0.0
908,0,0.0,-3.5183581689902232,0.0,0.0,0.0
908,1,0.0,0.0,0.0,0.0,-5.731938521916888
908,2,0.0,0.0,0.0,0.0,0.0
908,3,0.0,0.0,0.0,0.0,0.0
908,4,0.0,0.0,0.0,0.0,0.0
909,0,0.0,-3.5217253626162517,0.0,0.0,0.0
909,1,0.0,0.0,0.0,0.0,-5.7319776064916095
909,2,0.0,0.0,0.0,0.0,0.0
909,3,0.0,0.0,0.0,0.0,0.0
909,4,0.0,0.0,0.0,0.0,0.0
910,0,0.0,-3.525084503103915,0.0,0.0,0.0
910,1,0.0,0.0,0.0,0.0,-5.736215931534237
910,2,0.0,0.0,0.0,0.0,0.0
910,3,0.0,0.0,0.0,0.0,0.0
910,4,0.0,0.0,0.0,0.0,0.0
911,0,0.0,-3.5284448106769264,0.0,0.0,0.0
911,1,0.0,0.0,0.0,0.0,-5.7404434059570555
911,2,0.0,0.0,0.0,0.0,0.0
911,3,0.0,0.0,0.0,0.0,0.0
911,4,0.0,0.0,0.0,0.0,0.0
912,0,0.0,-3.531806257812778,0.0,0.0,0.0
912,1,0.0,0.0,0.0,0.0,-5.747160038273761
912,2,0.0,0.0,0.0,0.0,0.0
912,3,0.0,0.0,0.0,0.0,0.0
912,4,0.0,0.0,0.0,0.0,0.0
913,0,0.0,-3.5351746300900038,0.0,0.0,0.0
913,1,0.0,0.0,0.0,0.0,-5.74797464627581
913,2,0.0,0.0,0.0,0.0,0.0
913,3,0.0,0.0,0.0,0.0,0.0
913,4,0.0,0.0,0.0,0.0,0.0
914,0,0.0,-3.5385364690547068,0.0,0.0,0.0
914,1,0.0,0.0,0.0,0.0,-5.752171297564203
914,2,0.0,0.0,0.0,0.0,0.0
914,3,0.0,0.0,0.0,0.0,0.0
914,4,0.0,0.0,0.0,0.0,0.0
915,0,0.0,-3.541899373152465,0.0,0.0,0.0
915,1,0.0,0.0,0.0,0.0,-5.749776155135215
915,2,0.0,0.0,0.0,0.0,0.0
915,3,0.0,0.0,0.0,0.0,0.0
915,4,0.0,0.0,0.0,0.0,0.0
916,0,0.0,-3.5452489328272114,0.0,0.0,0.0
916,1,0.0,0.0,0.0,0.0,-5.756469128498106
916,2,0.0,0.0,0.0,0.0,0.0
916,3,0.0,0.0,0.0,0.0,0.0
916,4,0.0,0.0,0.0,0.0,0.0
917,0,0.0,-3.54860539069061,0.0,0.0,0.0
917,1,0.0,0.0,0.0,0.0,-5.765643061148707
917,2,0.0,0.0,0.0,0.0,0.0
917,3,0.0,0.0,0.0,0.0,0.0
917,4,0.0,0.0,0.0,0.0,0.0
918,0,0.0,-3.551974499318927,0.0,0.0,0.0
918,1,0.0,0.0,0.0,0.0,-5.763227109915877
918,2,0.0,0.0,0.0,0.0,0.0
918,3,0.0,0.0,0.0,0.0,0.0
918,4,0.0,0.0,0.0,0.0,0.0
919,0,0.0,-3.555330202584317,0.0,0.0,0.0
919,1,0.0,0.0,0.0,0.0,-5.769880874271161
919,2,0.0,0.0,0.0,0.0,0.0
919,3,0.0,0.0,0.0,0.0,0.0
919,4,0.0,0.0,0.0,0.0,0.0
920,0,0.0,-3.558692696215579,0.0,0.0,0.0
920,1,0.0,0.0,0.0,0.0,-5.769885486541407
920,2,0.0,0.0,0.0,0.0,0.0
920,3,0.0,0.0,0.0,0.0,0.0
920,4,0.0,0.0,0.0,0.0,0.0
921,0,0.0,-3.562047079707029,0.0,0.0,0.0
921,1,0.0,0.0,0.0,0.0,-5.770681201782601
921,2,0.0,0.0,0.0,0.0,0.0
921,3,0.0,0.0,0.0,0.0,0.0
921,4,0.0,0.0,0.0,0.0,0.0
922,0,0.0,-3.565394932648859,0.0,0.0,0.0
922,1,0.0,0.0,0.0,0.0,-5.770685314198574
922,2,0.0,0.0,0.0,0.0,0.0
922,3,0.0,0.0,0.0,0.0,0.0
922,4,0.0,0.0,0.0,0.0,0.0
923,0,0.0,-3.568734716956794,0.0,0.0,0.0
923,1,0.0,0.0,0.0,0.0,-5.777321339123221
923,2,0.0,0.0,0.0,0.0,0.0
923,3,0.0,0.0,0.0,0.0,0.0
923,4,0.0,0.0,0.0,0.0,0.0
924,0,0.0,-3.572081288008042,0.0,0.0,0.0
924,1,0.0,0.0,0.0,0.0,-5.778110391316243
924,2,0.0,0.0,0.0,0.0,0.0
924,3,0.0,0.0,0.0,0.0,0.0
924,4,0.0,0.0,0.0,0.0,0.0
925,0,0.0,-3.5754213370440966,0.0,0.0,0.0
925,1,0.0,0.0,0.0,0.0,-5.778898526837886
925,2,0.0,0.0,0.0,0.0,0.0
925,3,0.0,0.0,0.0,0.0,0.0
925,4,0.0,0.0,0.0,0.0,0.0
926,0,0.0,-3.5787548803349694,0.0,0.0,0.0
926,1,0.0,0.0,0.0,0.0,-5.788014002134098
926,2,0.0,0.0,0.0,0.0,0.0
926,3,0.0,0.0,0.0,0.0,0.0
926,4,0.0,0.0,0.0,0.0,0.0
927,0,0.0,-3.582100987802318,0.0,0.0,0.0
927,1,0.0,0.0,0.0,0.0,-5.788002307773799
927,2,0.0,0.0,0.0,0.0,0.0
927,3,0.0,0.0,0.0,0.0,0.0
927,4,0.0,0.0,0.0,0.0,0.0
928,0,0.0,-3.58543899886091,0.0,0.0,0.0
928,1,0.0,0.0,0.0,0.0,-5.785550510508963
928,2,0.0,0.0,0.0,0.0,0.0
928,3,0.0,0.0,0.0,0.0,0.0
928,4,0.0,0.0,0.0,0.0,0.0
929,0,0.0,-3.5887636323172143,0.0,0.0,0.0
929,1,0.0,0.0,0.0,0.0,-5.787480171883024
929,2,0.0,0.0,0.0,0.0,0.0
929,3,0.0,0.0,0.0,0.0,0.0
929,4,0.0,0.0,0.0,0.0,0.0
930,0,0.0,-3.592084215724851,0.0,0.0,0.0
930,1,0.0,0.0,0.0,0.0,-5.785029685848443
930,2,0.0,0.0,0.0,0.0,0.0
930,3,0.0,0.0,0.0,0.0,0.0
930,4,0.0,0.0,0.0,0.0,0.0
931,0,0.0,-3.595391481679202,0.0,0.0,0.0
931,1,0.0,0.0,0.0,0.0,-5.7858122108950925
931,2,0.0,0.0,0.0,0.0,0.0
931,3,0.0,0.0,0.0,0.0,0.0
931,4,0.0,0.0,0.0,0.0,0.0
932,0,0.0,-3.598692323115874,0.0,0.0,0.0
932,1,0.0,0.0,0.0,0.0,-5.794911658187679
932,2,0.0,0.0,0.0,0.0,0.0
932,3,0.0,0.0,0.0,0.0,0.0
932,4,0.0,0.0,0.0,0.0,0.0
933,0,0.0,-3.602005759709189,0.0,0.0,0.0
933,1,0.0,0.0,0.0,0.0,-5.79898447643766
933,2,0.0,0.0,0.0,0.0,0.0
933,3,0.0,0.0,0.0,0.0,0.0
933,4,0.0,0.0,0.0,0.0,0.0
934,0,0.0,-3.605320091861094,0.0,0.0,0.0
934,1,0.0,0.0,0.0,0.0,-5.810546566898084
934,2,0.0,0.0,0.0,0.0,0.0
934,3,0.0,0.0,0.0,0.0,0.0
934,4,0.0,0.0,0.0,0.0,0.0
935,0,0.0,-3.6086527098380428,0.0,0.0,0.0
935,1,0.0,0.0,0.0,0.0,-5.814574074327895
935,2,0.0,0.0,0.0,0.0,0.0
935,3,0.0,0.0,0.0,0.0,0.0
935,4,0.0,0.0,0.0,0.0,0.0
936,0,0.0,-3.6119860697263886,0.0,0.0,0.0
936,1,0.0,0.0,0.0,0.0,-5.821090760213174
936,2,0.0,0.0,0.0,0.0,0.0
936,3,0.0,0.0,0.0,0.0,0.0
936,4,0.0,0.0,0.0,0.0,0.0
937,0,0.0,-3.6153259529322335,0.0,0.0,0.0
937,1,0.0,0.0,0.0,0.0,-5.821843211139725
937,2,0.0,0.0,0.0,0.0,0.0
937,3,0.0,0.0,0.0,0.0,0.0
937,4,0.0,0.0,0.0,0.0,0.0
938,0,0.0,-3.6186592619886078,0.0,0.0,0.0
938,1,0.0,0.0,0.0,0.0,-5.828340685572344
938,2,0.0,0.0,0.0,0.0,0.0
938,3,0.0,0.0,0.0,0.0,0.0
938,4,0.0,0.0,0.0,0.0,0.0
939,0,0.0,-3.6219990505415156,0.0,0.0,0.0
939,1,0.0,0.0,0.0,0.0,-5.834819784082024
939,2,0.0,0.0,0.0,0.0,0.0
939,3,0.0,0.0,0.0,0.0,0.0
939,4,0.0,0.0,0.0,0.0,0.0
940,0,0.0,-3.6253452607980785,0.0,0.0,0.0
940,1,0.0,0.0,0.0,0.0,-5.8347647095837605
940,2,0.0,0.0,0.0,0.0,0.0
940,3,0.0,0.0,0.0,0.0,0.0
940,4,0.0,0.0,0.0,0.0,0.0
941,0,0.0,-3.628683284548655,0.0,0.0,0.0
941,1,0.0,0.0,0.0,0.0,-5.8387277417632575
941,2,0.0,0.0,0.0,0.0,0.0
941,3,0.0,0.0,0.0,0.0,0.0
941,4,0.0,0.0,0.0,0.0,0.0
942,0,0.0,-3.6320218880013373,0.0,0.0,0.0
942,1,0.0,0.0,0.0,0.0,-5.837605172005182
942,2,0.0,0.0,0.0,0.0,0.0
942,3,0.0,0.0,0.0,0.0,0.0
942,4,0.0,0.0,0.0,0.0,0.0
943,0,0.0,-3.6353499808630456,0.0,0.0,0.0
943,1,0.0,0.0,0.0,0.0,-5.838343192417679
943,2,0.0,0.0,0.0,0.0,0.0
943,3,0.0,0.0,0.0,0.0,0.0
943,4,0.0,0.0,0.0,0.0,0.0
944,0,0.0,-3.63867150387548,0.0,0.0,0.0
944,1,0.0,0.0,0.0,0.0,-5.83722198873215
944,2,0.0,0.0,0.0,0.0,0.0
944,3,0.0,0.0,0.0,0.0,0.0
944,4,0.0,0.0,0.0,0.0,0.0
945,0,0.0,-3.641982570269019,0.0,0.0,0.0
945,1,0.0,0.0,0.0,0.0,-5.841182321454103
945,2,0.0,0.0,0.0,0.0,0.0
945,3,0.0,0.0,0.0,0.0,0.0
945,4,0.0,0.0,0.0,0.0,0.0
946,0,0.0,-3.6452942781366655,0.0,0.0,0.0
946,1,0.0,0.0,0.0,0.0,-5.850131627575406
946,2,0.0,0.0,0.0,0.0,0.0
946,3,0.0,0.0,0.0,0.0,0.0
946,4,0.0,0.0,0.0,0.0,0.0
947,0,0.0,-3.6486182124155127,0.0,0.0,0.0
947,1,0.0,0.0,0.0,0.0,-5.859054380524959
947,2,0.0,0.0,0.0,0.0,0.0
947,3,0.0,0.0,0.0,0.0,0.0
947,4,0.0,0.0,0.0,0.0,0.0
948,0,0.0,-3.651954283782538,0.0,0.0,0.0
948,1,0.0,0.0,0.0,0.0,-5.867950673653533
948,2,0.0,0.0,0.0,0.0,0.0
948,3,0.0,0.0,0.0,0.0,0.0
948,4,0.0,0.0,0.0,0.0,0.0
949,0,0.0,-3.655302403228264,0.0,0.0,0.0
949,1,0.0,0.0,0.0,0.0,-5.8653665701962145
949,2,0.0,0.0,0.0,0.0,0.0
949,3,0.0,0.0,0.0,0.0,0.0
949,4,0.0,0.0,0.0,0.0,0.0
950,0,0.0,-3.658636839782479,0.0,0.0,0.0
950,1,0.0,0.0,0.0,0.0,-5.876744036007911
950,2,0.0,0.0,0.0,0.0,0.0
950,3,0.0,0.0,0.0,0.0,0.0
950,4,0.0,0.0,0.0,0.0,0.0
951,0,0.0,-3.6619890903790098,0.0,0.0,0.0
951,1,0.0,0.0,0.0,0.0,-5.878519518340152
951,2,0.0,0.0,0.0,0.0,0.0
951,3,0.0,0.0,0.0,0.0,0.0
951,4,0.0,0.0,0.0,0.0,0.0
952,0,0.0,-3.665336874730525,0.0,0.0,0.0
952,1,0.0,0.0,0.0,0.0,-5.877345175458121
952,2,0.0,0.0,0.0,0.0,0.0
952,3,0.0,0.0,0.0,0.0,0.0
952,4,0.0,0.0,0.0,0.0,0.0
953,0,0.0,-3.668674006551485,0.0,0.0,0.0
953,1,0.0,0.0,0.0,0.0,-5.881191574412238
953,2,0.0,0.0,0.0,0.0,0.0
953,3,0.0,0.0,0.0,0.0,0.0
953,4,0.0,0.0,0.0,0.0,0.0
954,0,0.0,-3.672011447605488,0.0,0.0,0.0
954,1,0.0,0.0,0.0,0.0,-5.882960162580377
954,2,0.0,0.0,0.0,0.0,0.0
954,3,0.0,0.0,0.0,0.0,0.0
954,4,0.0,0.0,0.0,0.0,0.0
955,0,0.0,-3.6753444468887158,0.0,0.0,0.0
955,1,0.0,0.0,0.0,0.0,-5.880351081861896
955,2,0.0,0.0,0.0,0.0,0.0
955,3,0.0,0.0,0.0,0.0,0.0
955,4,0.0,0.0,0.0,0.0,0.0
956,0,0.0,-3.6786637618888087,0.0,0.0,0.0
956,1,0.0,0.0,0.0,0.0,-5.886689827936243
956,2,0.0,0.0,0.0,0.0,0.0
956,3,0.0,0.0,0.0,0.0,0.0
956,4,0.0,0.0,0.0,0.0,0.0
957,0,0.0,-3.6819892188713284,0.0,0.0,0.0
957,1,0.0,0.0,0.0,0.0,-5.886586666604939
957,2,0.0,0.0,0.0,0.0,0.0
957,3,0.0,0.0,0.0,0.0,0.0
957,4,0.0,0.0,0.0,0.0,0.0
958,0,0.0,-3.685306449694663,0.0,0.0,0.0
958,1,0.0,0.0,0.0,0.0,-5.888347892140002
958,2,0.0,0.0,0.0,0.0,0.0
958,3,0.0,0.0,0.0,0.0,0.0
958,4,0.0,0.0,0.0,0.0,0.0
959,0,0.0,-3.688619276423864,0.0,0.0,0.0
959,1,0.0,0.0,0.0,0.0,-5.885730111720551
959,2,0.0,0.0,0.0,0.0,0.0
959,3,0.0,0.0,0.0,0.0,0.0
959,4,0.0,0.0,0.0,0.0,0.0
960,0,0.0,-3.6919184684567745,0.0,0.0,0.0
960,1,0.0,0.0,0.0,0.0,-5.883117986119447
960,2,0.0,0.0,0.0,0.0,0.0
960,3,0.0,0.0,0.0,0.0,0.0
960,4,0.0,0.0,0.0,0.0,0.0
961,0,0.0,-3.695204084963479,0.0,0.0,0.0
961,1,0.0,0.0,0.0,0.0,-5.891952305754847
961,2,0.0,0.0,0.0,0.0,0.0
961,3,0.0,0.0,0.0,0.0,0.0
961,4,0.0,0.0,0.0,0.0,0.0
962,0,0.0,-3.6985017099492152,0.0,0.0,0.0
962,1,0.0,0.0,0.0,0.0,-5.893707336135543
962,2,0.0,0.0,0.0,0.0,0.0
962,3,0.0,0.0,0.0,0.0,0.0
962,4,0.0,0.0,0.0,0.0,0.0
963,0,0.0,-3.7017949694377634,0.0,0.0,0.0
963,1,0.0,0.0,0.0,0.0,-5.893598490329082
963,2,0.0,0.0,0.0,0.0,0.0
963,3,0.0,0.0,0.0,0.0,0.0
963,4,0.0,0.0,0.0,0.0,0.0
964,0,0.0,-3.70508008611364,0.0,0.0,0.0
964,1,0.0,0.0,0.0,0.0,-5.894290785176247
964,2,0.0,0.0,0.0,0.0,0.0
964,3,0.0,0.0,0.0,0.0,0.0
964,4,0.0,0.0,0.0,0.0,0.0
965,0,0.0,-3.708358666093418,0.0,0.0,0.0
965,1,0.0,0.0,0.0,0.0,-5.896042697899215
965,2,0.0,0.0,0.0,0.0,0.0
965,3,0.0,0.0,0.0,0.0,0.0
965,4,0.0,0.0,0.0,0.0,0.0
966,0,0.0,-3.71163292450298,0.0,0.0,0.0
966,1,0.0,0.0,0.0,0.0,-5.897791695448805
966,2,0.0,0.0,0.0,0.0,0.0
966,3,0.0,0.0,0.0,0.0,0.0
966,4,0.0,0.0,0.0,0.0,0.0
967,0,0.0,-3.714902866589221,0.0,0.0,0.0
967,1,0.0,0.0,0.0,0.0,-5.8976793150351865
967,2,0.0,0.0,0.0,0.0,0.0
967,3,0.0,0.0,0.0,0.0,0.0
967,4,0.0,0.0,0.0,0.0,0.0
968,0,0.0,-3.718164725097934,0.0,0.0,0.0
968,1,0.0,0.0,0.0,0.0,-5.901483511436144
968,2,0.0,0.0,0.0,0.0,0.0
968,3,0.0,0.0,0.0,0.0,0.0
968,4,0.0,0.0,0.0,0.0,0.0
969,0,0.0,-3.7214269849925006,0.0,0.0,0.0
969,1,0.0,0.0,0.0,0.0,-5.902167853696675
969,2,0.0,0.0,0.0,0.0,0.0
969,3,0.0,0.0,0.0,0.0,0.0
969,4,0.0,0.0,0.0,0.0,0.0
970,0,0.0,-3.724682755530869,0.0,0.0,0.0
970,1,0.0,0.0,0.0,0.0,-5.910958722804984
970,2,0.0,0.0,0.0,0.0,0.0
970,3,0.0,0.0,0.0,0.0,0.0
970,4,0.0,0.0,0.0,0.0,0.0
971,0,0.0,-3.7279505054093622,0.0,0.0,0.0
971,1,0.0,0.0,0.0,0.0,-5.912683658968429
971,2,0.0,0.0,0.0,0.0,0.0
971,3,0.0,0.0,0.0,0.0,0.0
971,4,0.0,0.0,0.0,0.0,0.0
972,0,0.0,-3.7312139034751626,0.0,0.0,0.0
972,1,0.0,0.0,0.0,0.0,-5.913358617832073
972,2,0.0,0.0,0.0,0.0,0.0
972,3,0.0,0.0,0.0,0.0,0.0
972,4,0.0,0.0,0.0,0.0,0.0
973,0,0.0,-3.7344707906750356,0.0,0.0,0.0
973,1,0.0,0.0,0.0,0.0,-5.9171237193743
973,2,0.0,0.0,0.0,0.0,0.0
973,3,0.0,0.0,0.0,0.0,0.0
973,4,0.0,0.0,0.0,0.0,0.0
974,0,0.0,-3.737728002910715,0.0,0.0,0.0
974,1,0.0,0.0,0.0,0.0,-5.92087962376814
974,2,0.0,0.0,0.0,0.0,0.0
974,3,0.0,0.0,0.0,0.0,0.0
974,4,0.0,0.0,0.0,0.0,0.0
975,0,0.0,-3.740985518784964,0.0,0.0,0.0
975,1,0.0,0.0,0.0,0.0,-5.921547136935824
975,2,0.0,0.0,0.0,0.0,0.0
975,3,0.0,0.0,0.0,0.0,0.0
975,4,0.0,0.0,0.0,0.0,0.0
976,0,0.0,-3.7442365252129983,0.0,0.0,0.0
976,1,0.0,0.0,0.0,0.0,-5.920316380490289
976,2,0.0,0.0,0.0,0.0,0.0
976,3,0.0,0.0,0.0,0.0,0.0
976,4,0.0,0.0,0.0,0.0,0.0
977,0,0.0,-3.747477039169216,0.0,0.0,0.0
977,1,0.0,0.0,0.0,0.0,-5.922026838379249
977,2,0.0,0.0,0.0,0.0,0.0
977,3,0.0,0.0,0.0,0.0,0.0
977,4,0.0,0.0,0.0,0.0,0.0
978,0,0.0,-3.7507132423155354,0.0,0.0,0.0
978,1,0.0,0.0,0.0,0.0,-5.919349234685089
978,2,0.0,0.0,0.0,0.0,0.0
978,3,0.0,0.0,0.0,0.0,0.0
978,4,0.0,0.0,0.0,0.0,0.0
979,0,0.0,-3.753935937033816,0.0,0.0,0.0
979,1,0.0,0.0,0.0,0.0,-5.919216962793626
979,2,0.0,0.0,0.0,0.0,0.0
979,3,0.0,0.0,0.0,0.0,0.0
979,4,0.0,0.0,0.0,0.0,0.0
980,0,0.0,-3.757150642157918,0.0,0.0,0.0
980,1,0.0,0.0,0.0,0.0,-5.920930918073147
980,2,0.0,0.0,0.0,0.0,0.0
980,3,0.0,0.0,0.0,0.0,0.0
980,4,0.0,0.0,0.0,0.0,0.0
981,0,0.0,-3.7603611125810565,0.0,0.0,0.0
981,1,0.0,0.0,0.0,0.0,-5.922642045883187
981,2,0.0,0.0,0.0,0.0,0.0
981,3,0.0,0.0,0.0,0.0,0.0
981,4,0.0,0.0,0.0,0.0,0.0
982,0,0.0,-3.763567353503314,0.0,0.0,0.0
982,1,0.0,0.0,0.0,0.0,-5.9288885198982015
982,2,0.0,0.0,0.0,0.0,0.0
982,3,0.0,0.0,0.0,0.0,0.0
982,4,0.0,0.0,0.0,0.0,0.0
983,0,0.0,-3.7667797943842327,0.0,0.0,0.0
983,1,0.0,0.0,0.0,0.0,-5.929548267564127
983,2,0.0,0.0,0.0,0.0,0.0
983,3,0.0,0.0,0.0,0.0,0.0
983,4,0.0,0.0,0.0,0.0,0.0
984,0,0.0,-3.769985836362147,0.0,0.0,0.0
984,1,0.0,0.0,0.0,0.0,-5.931245544750181
984,2,0.0,0.0,0.0,0.0,0.0
984,3,0.0,0.0,0.0,0.0,0.0
984,4,0.0,0.0,0.0,0.0,0.0
985,0,0.0,-3.773187630483329,0.0,0.0,0.0
985,1,0.0,0.0,0.0,0.0,-5.931902789845995
985,2,0.0,0.0,0.0,0.0,0.0
985,3,0.0,0.0,0.0,0.0,0.0
985,4,0.0,0.0,0.0,0.0,0.0
986,0,0.0,-3.7763830502051925,0.0,0.0,0.0
986,1,0.0,0.0,0.0,0.0,-5.931758783018389
986,2,0.0,0.0,0.0,0.0,0.0
986,3,0.0,0.0,0.0,0.0,0.0
986,4,0.0,0.0,0.0,0.0,0.0
987,0,0.0,-3.779570532604276,0.0,0.0,0.0
987,1,0.0,0.0,0.0,0.0,-5.930515578375451
987,2,0.0,0.0,0.0,0.0,0.0
987,3,0.0,0.0,0.0,0.0,0.0
987,4,0.0,0.0,0.0,0.0,0.0
988,0,0.0,-3.782747683450509,0.0,0.0,0.0
988,1,0.0,0.0,0.0,0.0,-5.930373543451472
988,2,0.0,0.0,0.0,0.0,0.0
988,3,0.0,0.0,0.0,0.0,0.0
988,4,0.0,0.0,0.0,0.0,0.0
989,0,0.0,-3.785916954372142,0.0,0.0,0.0
989,1,0.0,0.0,0.0,0.0,-5.934109660996997
989,2,0.0,0.0,0.0,0.0,0.0
989,3,0.0,0.0,0.0,0.0,0.0
989,4,0.0,0.0,0.0,0.0,0.0
990,0,0.0,-3.789086704886244,0.0,0.0,0.0
990,1,0.0,0.0,0.0,0.0,-5.945332310765124
990,2,0.0,0.0,0.0,0.0,0.0
990,3,0.0,0.0,0.0,0.0,0.0
990,4,0.0,0.0,0.0,0.0,0.0
991,0,0.0,-3.792274258546172,0.0,0.0,0.0
991,1,0.0,0.0,0.0,0.0,-5.949026022851241
991,2,0.0,0.0,0.0,0.0,0.0
991,3,0.0,0.0,0.0,0.0,0.0
991,4,0.0,0.0,0.0,0.0,0.0
992,0,0.0,-3.7954621480888897,0.0,0.0,0.0
992,1,0.0,0.0,0.0,0.0,-5.946300958914939
992,2,0.0,0.0,0.0,0.0,0.0
992,3,0.0,0.0,0.0,0.0,0.0
992,4,0.0,0.0,0.0,0.0,0.0
993,0,0.0,-3.7986365909795734,0.0,0.0,0.0
993,1,0.0,0.0,0.0,0.0,-5.9469460085990145
993,2,0.0,0.0,0.0,0.0,0.0
993,3,0.0,0.0,0.0,0.0,0.0
993,4,0.0,0.0,0.0,0.0,0.0
994,0,0.0,-3.8018047127323924,0.0,0.0,0.0
994,1,0.0,0.0,0.0,0.0,-5.9475903554524345
994,2,0.0,0.0,0.0,0.0,0.0
994,3,0.0,0.0,0.0,0.0,0.0
994,4,0.0,0.0,0.0,0.0,0.0
995,0,0.0,-3.804966529588765,0.0,0.0,0.0
995,1,0.0,0.0,0.0,0.0,-5.949262048626467
995,2,0.0,0.0,0.0,0.0,0.0
995,3,0.0,0.0,0.0,0.0,0.0
995,4,0.0,0.0,0.0,0.0,0.0
996,0,0.0,-3.808124159629119,0.0,0.0,0.0
996,1,0.0,0.0,0.0,0.0,-5.949903954757758
996,2,0.0,0.0,0.0,0.0,0.0
996,3,0.0,0.0,0.0,0.0,0.0
996,4,0.0,0.0,0.0,0.0,0.0
997,0,0.0,-3.8112755089640338,0.0,0.0,0.0
997,1,0.0,0.0,0.0,0.0,-5.953591959684101
997,2,0.0,0.0,0.0,0.0,0.0
997,3,0.0,0.0,0.0,0.0,0.0
997,4,0.0,0.0,0.0,0.0,0.0
998,0,0.0,-3.8144272719477215,0.0,0.0,0.0
998,1,0.0,0.0,0.0,0.0,-5.954229927988377
998,2,0.0,0.0,0.0,0.0,0.0
998,3,0.0,0.0,0.0,0.0,0.0
998,4,0.0,0.0,0.0,0.0,0.0
999,0,0.0,-3.8175727626953067,0.0,0.0,0.0
999,1,0.0,0.0,0.0,0.0,-5.95406547512839
999,2,0.0,0.0,0.0,0.0,0.0
999,3,0.0,0.0,0.0,0.0,0.0
999,4,0.0,0.0,0.0,0.0,0.0
1000,0,0.0,-3.8207104168725916,0.0,0.0,0.0
1000,1,0.0,0.0,0.0,0.0,-5.9547027682772296
1000,2,0.0,0.0,0.0,0.0,0.0
1000,3,0.0,0.0,0.0,0.0,0.0
1000,4,0.0,0.0,0.0,0.0,0.0
