1,0,0.0,0.0,0.0,0.0,0.0
1,1,0.0,0.0,0.0,0.0,0.0
1,2,0.0,0.0,0.0,0.0,-0.0534063248156072
1,3,0.0,0.0,0.0,0.0,0.0
1,4,0.0,0.0,0.0,0.0,0.0
2,0,0.0,0.0,0.0,0.0,0.0
2,1,0.0,0.0,-4.753268970558824e-06,0.0,0.0
2,2,0.0,0.0,0.0,0.0,-0.11060238607900143
2,3,0.0,0.0,0.0,0.0,0.0
2,4,0.0,0.0,0.0,0.0,0.0
3,0,0.0,-3.765232380576121e-14,0.0,0.0,0.0
3,1,0.0,0.0,-2.512950635872113e-05,0.0,0.0
3,2,0.0,0.0,0.0,0.0,-0.16924449375238865
3,3,0.0,0.0,0.0,0.0,0.0
3,4,0.0,0.0,0.0,0.0,0.0
4,0,0.0,-1.0900196314504857e-12,0.0,0.0,0.0
4,1,0.0,0.0,-7.281178021547233e-05,0.0,0.0
4,2,0.0,0.0,0.0,0.0,-0.23486218938560072
4,3,0.0,0.0,0.0,0.0,0.0
4,4,0.0,0.0,0.0,0.0,0.0
5,0,0.0,-9.924612624139612e-12,0.0,0.0,0.0
5,1,0.0,0.0,-0.00016457141637528613,0.0,0.0
5,2,0.0,0.0,0.0,0.0,-0.3011677756778215
5,3,0.0,0.0,0.0,0.0,0.0
5,4,0.0,0.0,0.0,0.0,0.0
6,0,0.0,-5.5054856841932414e-11,0.0,0.0,0.0
6,1,0.0,0.0,-0.00016457141637528613,0.0,-0.06181699991994611
6,2,0.0,0.0,0.0,0.0,-0.3011677756778215
6,3,0.0,0.0,0.0,0.0,0.0
6,4,0.0,0.0,0.0,0.0,0.0
7,0,0.0,-6.368345349662512e-06,0.0,0.0,0.0
7,1,0.0,0.0,-0.00016457141637528613,0.0,-0.1201433278871327
7,2,0.0,0.0,0.0,0.0,-0.3011677756778215
7,3,0.0,0.0,0.0,0.0,0.0
7,4,0.0,0.0,0.0,0.0,0.0
8,0,0.0,-3.0410542305747894e-05,0.0,0.0,0.0
8,1,0.0,0.0,-0.00016457141637528613,0.0,-0.1841750641405386
8,2,0.0,0.0,0.0,0.0,-0.3011677756778215
8,3,0.0,0.0,0.0,0.0,0.0
8,4,0.0,0.0,0.0,0.0,0.0
9,0,0.0,-8.687410060844251e-05,0.0,0.0,0.0
9,1,0.0,0.0,-0.00016457141637528613,0.0,-0.24519665154658954
9,2,0.0,0.0,0.0,0.0,-0.3011677756778215
9,3,0.0,0.0,0.0,0.0,0.0
9,4,0.0,0.0,0.0,0.0,0.0
10,0,0.0,-0.00018687162737043793,0.0,0.0,0.0
10,1,0.0,0.0,-0.00031532543145649996,0.0,-0.24519665154658954
10,2,0.0,0.0,0.0,0.0,-0.34895621775582997
10,3,0.0,0.0,0.0,0.0,0.0
10,4,0.0,0.0,0.0,0.0,0.0
11,0,0.0,-0.0002867875074468097,0.0,0.0,0.0
11,1,0.0,0.0,-0.00031532543145649996,0.0,-0.29099389300353623
11,2,0.0,0.0,0.0,0.0,-0.34895621775582997
11,3,0.0,0.0,0.0,0.0,0.0
11,4,0.0,0.0,0.0,0.0,0.0
12,0,0.0,-0.00042737941831875315,0.0,0.0,0.0
12,1,0.0,0.0,-0.00031532543145649996,0.0,-0.29099389300353623
12,2,0.0,0.0,0.0,0.0,-0.34895621775582997
12,3,0.0,0.0,0.0,0.0,-0.0732284748019319
12,4,0.0,0.0,0.0,0.0,0.0
13,0,0.0,-0.0005678352554798185,0.0,0.0,0.0
13,1,0.0,0.0,-0.00031532543145649996,0.0,-0.34833878054032197
13,2,0.0,0.0,0.0,0.0,-0.34895621775582997
13,3,0.0,0.0,0.0,0.0,-0.0732284748019319
13,4,0.0,0.0,0.0,0.0,0.0
14,0,0.0,-0.0007689572680108708,0.0,0.0,0.0
14,1,0.0,0.0,-0.00031532543145649996,0.0,-0.3902653153134573
14,2,0.0,0.0,0.0,0.0,-0.34895621775582997
14,3,0.0,0.0,0.0,0.0,-0.0732284748019319
14,4,0.0,0.0,0.0,0.0,0.0
15,0,0.0,-0.0010211075502273032,0.0,0.0,0.0
15,1,0.0,0.0,-0.00031532543145649996,0.0,-0.4511867892751983
15,2,0.0,0.0,0.0,0.0,-0.34895621775582997
15,3,0.0,0.0,0.0,0.0,-0.0732284748019319
15,4,0.0,0.0,0.0,0.0,0.0
16,0,0.0,-0.0013578074483027603,0.0,0.0,0.0
16,1,0.0,0.0,-0.00031532543145649996,0.0,-0.5076307624504384
16,2,0.0,0.0,0.0,0.0,-0.34895621775582997
16,3,0.0,0.0,0.0,0.0,-0.0732284748019319
16,4,0.0,0.0,0.0,0.0,0.0
17,0,0.0,-0.0017834985678881956,0.0,0.0,0.0
17,1,0.0,0.0,-0.00031532543145649996,0.0,-0.5758935548963487
17,2,0.0,0.0,0.0,0.0,-0.34895621775582997
17,3,0.0,0.0,0.0,0.0,-0.0732284748019319
17,4,0.0,0.0,0.0,0.0,0.0
18,0,0.0,-0.0023297015935129883,0.0,0.0,0.0
18,1,0.0,0.0,-0.00031532543145649996,0.0,-0.6332280572483685
18,2,0.0,0.0,0.0,0.0,-0.34895621775582997
18,3,0.0,0.0,0.0,0.0,-0.0732284748019319
18,4,0.0,0.0,0.0,0.0,0.0
19,0,0.0,-0.002984805398177661,0.0,0.0,0.0
19,1,0.0,0.0,-0.00031532543145649996,0.0,-0.6942302056937166
19,2,0.0,0.0,0.0,0.0,-0.34895621775582997
19,3,0.0,0.0,0.0,0.0,-0.0732284748019319
19,4,0.0,0.0,0.0,0.0,0.0
20,0,0.0,-0.0037615565946408315,0.0,0.0,0.0
20,1,0.0,0.0,-0.00031532543145649996,0.0,-0.7313416538819385
20,2,0.0,0.0,0.0,0.0,-0.34895621775582997
20,3,0.0,0.0,0.0,0.0,-0.0732284748019319
20,4,0.0,0.0,0.0,0.0,0.0
21,0,0.0,-0.004613651956201931,0.0,0.0,0.0
21,1,0.0,0.0,-0.00031532543145649996,0.0,-0.7846061349157704
21,2,0.0,0.0,0.0,0.0,-0.34895621775582997
21,3,0.0,0.0,0.0,0.0,-0.0732284748019319
21,4,0.0,0.0,0.0,0.0,0.0
22,0,0.0,-0.005577112419188371,0.0,0.0,0.0
22,1,0.0,0.0,-0.00031532543145649996,0.0,-0.8367342806576499
22,2,0.0,0.0,0.0,0.0,-0.34895621775582997
22,3,0.0,0.0,0.0,0.0,-0.0732284748019319
22,4,0.0,0.0,0.0,0.0,0.0
23,0,0.0,-0.0066515869087158475,0.0,0.0,0.0
23,1,0.0,0.0,-0.00031532543145649996,0.0,-0.8811972472413774
23,2,0.0,0.0,0.0,0.0,-0.34895621775582997
23,3,0.0,0.0,0.0,0.0,-0.0732284748019319
23,4,0.0,0.0,0.0,0.0,0.0
24,0,0.0,-0.00782159140285713,0.0,0.0,0.0
24,1,0.0,0.0,-0.00031532543145649996,0.0,-0.9333331416779215
24,2,0.0,0.0,0.0,0.0,-0.34895621775582997
24,3,0.0,0.0,0.0,0.0,-0.0732284748019319
24,4,0.0,0.0,0.0,0.0,0.0
25,0,0.0,-0.009105364182613838,0.0,0.0,0.0
25,1,0.0,0.0,-0.00031532543145649996,0.0,-0.9931386936692181
25,2,0.0,0.0,0.0,0.0,-0.34895621775582997
25,3,0.0,0.0,0.0,0.0,-0.0732284748019319
25,4,0.0,0.0,0.0,0.0,0.0
26,0,0.0,-0.010521487341026127,0.0,0.0,0.0
26,1,0.0,0.0,-0.00031532543145649996,0.0,-1.0634330900970015
26,2,0.0,0.0,0.0,0.0,-0.34895621775582997
26,3,0.0,0.0,0.0,0.0,-0.0732284748019319
26,4,0.0,0.0,0.0,0.0,0.0
27,0,0.0,-0.01209533596572958,0.0,0.0,0.0
27,1,0.0,0.0,-0.0005174717980002977,0.0,-1.0634330900970015
27,2,0.0,0.0,0.0,0.0,-0.39447255105363643
27,3,0.0,0.0,0.0,0.0,-0.0732284748019319
27,4,0.0,0.0,0.0,0.0,0.0
28,0,0.0,-0.013665202673929353,0.0,0.0,0.0
28,1,0.0,0.0,-0.0005174717980002977,0.0,-1.1222115532836063
28,2,0.0,0.0,0.0,0.0,-0.39447255105363643
28,3,0.0,0.0,0.0,0.0,-0.0732284748019319
28,4,0.0,0.0,0.0,0.0,0.0
29,0,0.0,-0.015367116271582371,0.0,0.0,0.0
29,1,0.0,0.0,-0.0005174717980002977,0.0,-1.1734931371920319
29,2,0.0,0.0,0.0,0.0,-0.39447255105363643
29,3,0.0,0.0,0.0,0.0,-0.0732284748019319
29,4,0.0,0.0,0.0,0.0,0.0
30,0,0.0,-0.01718411537969659,0.0,0.0,0.0
30,1,0.0,0.0,-0.0005174717980002977,0.0,-1.228276080169694
30,2,0.0,0.0,0.0,0.0,-0.39447255105363643
30,3,0.0,0.0,0.0,0.0,-0.0732284748019319
30,4,0.0,0.0,0.0,0.0,0.0
31,0,0.0,-0.019124778810673735,0.0,0.0,0.0
31,1,0.0,0.0,-0.0005174717980002977,0.0,-1.2919006643587865
31,2,0.0,0.0,0.0,0.0,-0.39447255105363643
31,3,0.0,0.0,0.0,0.0,-0.0732284748019319
31,4,0.0,0.0,0.0,0.0,0.0
32,0,0.0,-0.021210353187936914,0.0,0.0,0.0
32,1,0.0,0.0,-0.0005174717980002977,0.0,-1.36029856547531
32,2,0.0,0.0,0.0,0.0,-0.39447255105363643
32,3,0.0,0.0,0.0,0.0,-0.0732284748019319
32,4,0.0,0.0,0.0,0.0,0.0
33,0,0.0,-0.023452546739837016,0.0,0.0,0.0
33,1,0.0,0.0,-0.0005174717980002977,0.0,-1.4111828286711834
33,2,0.0,0.0,0.0,0.0,-0.39447255105363643
33,3,0.0,0.0,0.0,0.0,-0.0732284748019319
33,4,0.0,0.0,0.0,0.0,0.0
34,0,0.0,-0.02580976325083076,0.0,0.0,0.0
34,1,0.0,0.0,-0.0007754532239328234,0.0,-1.4111828286711834
34,2,0.0,0.0,0.0,0.0,-0.4530114105179152
34,3,0.0,0.0,0.0,0.0,-0.0732284748019319
34,4,0.0,0.0,0.0,0.0,0.0
35,0,0.0,-0.02816060156636894,0.0,0.0,0.0
35,1,0.0,0.0,-0.0007754532239328234,0.0,-1.466421730379429
35,2,0.0,0.0,0.0,0.0,-0.4530114105179152
35,3,0.0,0.0,0.0,0.0,-0.0732284748019319
35,4,0.0,0.0,0.0,0.0,0.0
36,0,0.0,-0.03063689592426261,0.0,0.0,0.0
36,1,0.0,0.0,-0.0007754532239328234,0.0,-1.5172227839451546
36,2,0.0,0.0,0.0,0.0,-0.4530114105179152
36,3,0.0,0.0,0.0,0.0,-0.0732284748019319
36,4,0.0,0.0,0.0,0.0,0.0
37,0,0.0,-0.033227994847678945,0.0,0.0,0.0
37,1,0.0,0.0,-0.0007754532239328234,0.0,-1.583883735004685
37,2,0.0,0.0,0.0,0.0,-0.4530114105179152
37,3,0.0,0.0,0.0,0.0,-0.0732284748019319
37,4,0.0,0.0,0.0,0.0,0.0
38,0,0.0,-0.033227994847678945,0.0,0.0,-0.06703289675850495
38,1,0.0,0.0,-0.0007754532239328234,0.0,-1.583883735004685
38,2,0.0,0.0,0.0,0.0,-0.4530114105179152
38,3,0.0,0.0,0.0,0.0,-0.0732284748019319
38,4,0.0,0.0,0.0,0.0,0.0
39,0,0.0,-0.033227994847678945,0.0,0.0,-0.11844939889954746
39,1,0.0,0.0,-0.0007754532239328234,0.0,-1.583883735004685
39,2,0.0,0.0,0.0,0.0,-0.4530114105179152
39,3,0.0,0.0,0.0,0.0,-0.0732284748019319
39,4,0.0,0.0,0.0,0.0,0.0
40,0,0.0,-0.033227994847678945,0.0,0.0,-0.19006746331446714
40,1,0.0,0.0,-0.0007754532239328234,0.0,-1.583883735004685
40,2,0.0,0.0,0.0,0.0,-0.4530114105179152
40,3,0.0,0.0,0.0,0.0,-0.0732284748019319
40,4,0.0,0.0,0.0,0.0,0.0
41,0,0.0,-0.033227994847678945,0.0,0.0,-0.23335370348979
41,1,0.0,0.0,-0.0007754532239328234,0.0,-1.583883735004685
41,2,0.0,0.0,0.0,0.0,-0.4530114105179152
41,3,0.0,0.0,0.0,0.0,-0.0732284748019319
41,4,0.0,0.0,0.0,0.0,0.0
42,0,0.0,-0.033227994847678945,0.0,0.0,-0.2811866186629749
42,1,0.0,0.0,-0.0007754532239328234,0.0,-1.583883735004685
42,2,0.0,0.0,0.0,0.0,-0.4530114105179152
42,3,0.0,0.0,0.0,0.0,-0.0732284748019319
42,4,0.0,0.0,0.0,0.0,0.0
43,0,0.0,-0.033227994847678945,0.0,0.0,-0.3430701334890689
43,1,0.0,0.0,-0.0007754532239328234,0.0,-1.583883735004685
43,2,0.0,0.0,0.0,0.0,-0.4530114105179152
43,3,0.0,0.0,0.0,0.0,-0.0732284748019319
43,4,0.0,0.0,0.0,0.0,0.0
44,0,0.0,-0.033227994847678945,0.0,0.0,-0.4063243380953799
44,1,0.0,0.0,-0.0007754532239328234,0.0,-1.583883735004685
44,2,0.0,0.0,0.0,0.0,-0.4530114105179152
44,3,0.0,0.0,0.0,0.0,-0.0732284748019319
44,4,0.0,0.0,0.0,0.0,0.0
45,0,0.0,-0.033227994847678945,0.0,0.0,-0.4742106020962622
45,1,0.0,0.0,-0.0007754532239328234,0.0,-1.583883735004685
45,2,0.0,0.0,0.0,0.0,-0.4530114105179152
45,3,0.0,0.0,0.0,0.0,-0.0732284748019319
45,4,0.0,0.0,0.0,0.0,0.0
46,0,0.0,-0.033227994847678945,0.0,0.0,-0.5062588422757333
46,1,0.0,0.0,-0.0007754532239328234,0.0,-1.583883735004685
46,2,0.0,0.0,0.0,0.0,-0.4530114105179152
46,3,0.0,0.0,0.0,0.0,-0.0732284748019319
46,4,0.0,0.0,0.0,0.0,0.0
47,0,0.0,-0.033227994847678945,0.0,0.0,-0.5709766058159393
47,1,0.0,0.0,-0.0007754532239328234,0.0,-1.583883735004685
47,2,0.0,0.0,0.0,0.0,-0.4530114105179152
47,3,0.0,0.0,0.0,0.0,-0.0732284748019319
47,4,0.0,0.0,0.0,0.0,0.0
48,0,0.0,-0.033227994847678945,0.0,0.0,-0.6453922176622692
48,1,0.0,0.0,-0.0007754532239328234,0.0,-1.583883735004685
48,2,0.0,0.0,0.0,0.0,-0.4530114105179152
48,3,0.0,0.0,0.0,0.0,-0.0732284748019319
48,4,0.0,0.0,0.0,0.0,0.0
49,0,0.0,-0.033227994847678945,0.0,0.0,-0.716244028195903
49,1,0.0,0.0,-0.0007754532239328234,0.0,-1.583883735004685
49,2,0.0,0.0,0.0,0.0,-0.4530114105179152
49,3,0.0,0.0,0.0,0.0,-0.0732284748019319
49,4,0.0,0.0,0.0,0.0,0.0
50,0,0.0,-0.033227994847678945,0.0,0.0,-0.7576880130729732
50,1,0.0,0.0,-0.0007754532239328234,0.0,-1.583883735004685
50,2,0.0,0.0,0.0,0.0,-0.4530114105179152
50,3,0.0,0.0,0.0,0.0,-0.0732284748019319
50,4,0.0,0.0,0.0,0.0,0.0
51,0,0.0,-0.033227994847678945,0.0,0.0,-0.7964330535583425
51,1,0.0,0.0,-0.0007754532239328234,0.0,-1.583883735004685
51,2,0.0,0.0,0.0,0.0,-0.4530114105179152
51,3,0.0,0.0,0.0,0.0,-0.0732284748019319
51,4,0.0,0.0,0.0,0.0,0.0
52,0,0.0,-0.033227994847678945,0.0,0.0,-0.8398228039768543
52,1,0.0,0.0,-0.0007754532239328234,0.0,-1.583883735004685
52,2,0.0,0.0,0.0,0.0,-0.4530114105179152
52,3,0.0,0.0,0.0,0.0,-0.0732284748019319
52,4,0.0,0.0,0.0,0.0,0.0
53,0,0.0,-0.033227994847678945,0.0,0.0,-0.9075494526046479
53,1,0.0,0.0,-0.0007754532239328234,0.0,-1.583883735004685
53,2,0.0,0.0,0.0,0.0,-0.4530114105179152
53,3,0.0,0.0,0.0,0.0,-0.0732284748019319
53,4,0.0,0.0,0.0,0.0,0.0
54,0,0.0,-0.033227994847678945,0.0,0.0,-0.9646389831576082
54,1,0.0,0.0,-0.0007754532239328234,0.0,-1.583883735004685
54,2,0.0,0.0,0.0,0.0,-0.4530114105179152
54,3,0.0,0.0,0.0,0.0,-0.0732284748019319
54,4,0.0,0.0,0.0,0.0,0.0
55,0,0.0,-0.033227994847678945,0.0,0.0,-1.0033581716389115
55,1,0.0,0.0,-0.0007754532239328234,0.0,-1.583883735004685
55,2,0.0,0.0,0.0,0.0,-0.4530114105179152
55,3,0.0,0.0,0.0,0.0,-0.0732284748019319
55,4,0.0,0.0,0.0,0.0,0.0
56,0,0.0,-0.033227994847678945,0.0,0.0,-1.0515716407387534
56,1,0.0,0.0,-0.0007754532239328234,0.0,-1.583883735004685
56,2,0.0,0.0,0.0,0.0,-0.4530114105179152
56,3,0.0,0.0,0.0,0.0,-0.0732284748019319
56,4,0.0,0.0,0.0,0.0,0.0
57,0,0.0,-0.033227994847678945,0.0,0.0,-1.0974379508481433
57,1,0.0,0.0,-0.0007754532239328234,0.0,-1.583883735004685
57,2,0.0,0.0,0.0,0.0,-0.4530114105179152
57,3,0.0,0.0,0.0,0.0,-0.0732284748019319
57,4,0.0,0.0,0.0,0.0,0.0
58,0,0.0,-0.033227994847678945,0.0,0.0,-1.1345178100588604
58,1,0.0,0.0,-0.0007754532239328234,0.0,-1.583883735004685
58,2,0.0,0.0,0.0,0.0,-0.4530114105179152
58,3,0.0,0.0,0.0,0.0,-0.0732284748019319
58,4,0.0,0.0,0.0,0.0,0.0
59,0,0.0,-0.033227994847678945,0.0,0.0,-1.1842447133358545
59,1,0.0,0.0,-0.0007754532239328234,0.0,-1.583883735004685
59,2,0.0,0.0,0.0,0.0,-0.4530114105179152
59,3,0.0,0.0,0.0,0.0,-0.0732284748019319
59,4,0.0,0.0,0.0,0.0,0.0
60,0,0.0,-0.033227994847678945,0.0,0.0,-1.2347116536881884
60,1,0.0,0.0,-0.0007754532239328234,0.0,-1.583883735004685
60,2,0.0,0.0,0.0,0.0,-0.4530114105179152
60,3,0.0,0.0,0.0,0.0,-0.0732284748019319
60,4,0.0,0.0,0.0,0.0,0.0
61,0,0.0,-0.033227994847678945,0.0,0.0,-1.2856754086862234
61,1,0.0,0.0,-0.0007754532239328234,0.0,-1.583883735004685
61,2,0.0,0.0,0.0,0.0,-0.4530114105179152
61,3,0.0,0.0,0.0,0.0,-0.0732284748019319
61,4,0.0,0.0,0.0,0.0,0.0
62,0,0.0,-0.033227994847678945,0.0,0.0,-1.3342826039733706
62,1,0.0,0.0,-0.0007754532239328234,0.0,-1.583883735004685
62,2,0.0,0.0,0.0,0.0,-0.4530114105179152
62,3,0.0,0.0,0.0,0.0,-0.0732284748019319
62,4,0.0,0.0,0.0,0.0,0.0
63,0,0.0,-0.033227994847678945,0.0,0.0,-1.384935188892254
63,1,0.0,0.0,-0.0007754532239328234,0.0,-1.583883735004685
63,2,0.0,0.0,0.0,0.0,-0.4530114105179152
63,3,0.0,0.0,0.0,0.0,-0.0732284748019319
63,4,0.0,0.0,0.0,0.0,0.0
64,0,0.0,-0.033227994847678945,0.0,0.0,-1.4240411632344507
64,1,0.0,0.0,-0.0007754532239328234,0.0,-1.583883735004685
64,2,0.0,0.0,0.0,0.0,-0.4530114105179152
64,3,0.0,0.0,0.0,0.0,-0.0732284748019319
64,4,0.0,0.0,0.0,0.0,0.0
65,0,0.0,-0.033227994847678945,0.0,0.0,-1.4764291137075571
65,1,0.0,0.0,-0.0007754532239328234,0.0,-1.583883735004685
65,2,0.0,0.0,0.0,0.0,-0.4530114105179152
65,3,0.0,0.0,0.0,0.0,-0.0732284748019319
65,4,0.0,0.0,0.0,0.0,0.0
66,0,0.0,-0.033227994847678945,0.0,0.0,-1.5153255438243307
66,1,0.0,0.0,-0.0007754532239328234,0.0,-1.583883735004685
66,2,0.0,0.0,0.0,0.0,-0.4530114105179152
66,3,0.0,0.0,0.0,0.0,-0.0732284748019319
66,4,0.0,0.0,0.0,0.0,0.0
67,0,0.0,-0.033227994847678945,0.0,0.0,-1.5800433911139713
67,1,0.0,0.0,-0.0007754532239328234,0.0,-1.583883735004685
67,2,0.0,0.0,0.0,0.0,-0.4530114105179152
67,3,0.0,0.0,0.0,0.0,-0.0732284748019319
67,4,0.0,0.0,0.0,0.0,0.0
68,0,0.0,-0.033227994847678945,0.0,0.0,-1.639566642646408
68,1,0.0,0.0,-0.0007754532239328234,0.0,-1.583883735004685
68,2,0.0,0.0,0.0,0.0,-0.4530114105179152
68,3,0.0,0.0,0.0,0.0,-0.0732284748019319
68,4,0.0,0.0,0.0,0.0,0.0
69,0,0.0,-0.033227994847678945,0.0,0.0,-1.6733758716563347
69,1,0.0,0.0,-0.0007754532239328234,0.0,-1.583883735004685
69,2,0.0,0.0,0.0,0.0,-0.4530114105179152
69,3,0.0,0.0,0.0,0.0,-0.0732284748019319
69,4,0.0,0.0,0.0,0.0,0.0
70,0,0.0,-0.033227994847678945,0.0,0.0,-1.723713799458872
70,1,0.0,0.0,-0.0007754532239328234,0.0,-1.583883735004685
70,2,0.0,0.0,0.0,0.0,-0.4530114105179152
70,3,0.0,0.0,0.0,0.0,-0.0732284748019319
70,4,0.0,0.0,0.0,0.0,0.0
71,0,0.0,-0.033227994847678945,0.0,0.0,-1.7796842953201235
71,1,0.0,0.0,-0.0007754532239328234,0.0,-1.583883735004685
71,2,0.0,0.0,0.0,0.0,-0.4530114105179152
71,3,0.0,0.0,0.0,0.0,-0.0732284748019319
71,4,0.0,0.0,0.0,0.0,0.0
72,0,0.0,-0.033227994847678945,0.0,0.0,-1.8357032130125122
72,1,0.0,0.0,-0.0007754532239328234,0.0,-1.583883735004685
72,2,0.0,0.0,0.0,0.0,-0.4530114105179152
72,3,0.0,0.0,0.0,0.0,-0.0732284748019319
72,4,0.0,0.0,0.0,0.0,0.0
73,0,0.0,-0.033227994847678945,0.0,0.0,-1.8888247472843036
73,1,0.0,0.0,-0.0007754532239328234,0.0,-1.583883735004685
73,2,0.0,0.0,0.0,0.0,-0.4530114105179152
73,3,0.0,0.0,0.0,0.0,-0.0732284748019319
73,4,0.0,0.0,0.0,0.0,0.0
74,0,0.0,-0.033227994847678945,0.0,0.0,-1.9448114880721368
74,1,0.0,0.0,-0.0007754532239328234,0.0,-1.583883735004685
74,2,0.0,0.0,0.0,0.0,-0.4530114105179152
74,3,0.0,0.0,0.0,0.0,-0.0732284748019319
74,4,0.0,0.0,0.0,0.0,0.0
75,0,0.0,-0.033227994847678945,0.0,0.0,-1.9849169926790262
75,1,0.0,0.0,-0.0007754532239328234,0.0,-1.583883735004685
75,2,0.0,0.0,0.0,0.0,-0.4530114105179152
75,3,0.0,0.0,0.0,0.0,-0.0732284748019319
75,4,0.0,0.0,0.0,0.0,0.0
76,0,0.0,-0.033227994847678945,0.0,0.0,-2.0493619091837756
76,1,0.0,0.0,-0.0007754532239328234,0.0,-1.583883735004685
76,2,0.0,0.0,0.0,0.0,-0.4530114105179152
76,3,0.0,0.0,0.0,0.0,-0.0732284748019319
76,4,0.0,0.0,0.0,0.0,0.0
77,0,0.0,-0.033227994847678945,0.0,0.0,-2.0956942290968272
77,1,0.0,0.0,-0.0007754532239328234,0.0,-1.583883735004685
77,2,0.0,0.0,0.0,0.0,-0.4530114105179152
77,3,0.0,0.0,0.0,0.0,-0.0732284748019319
77,4,0.0,0.0,0.0,0.0,0.0
78,0,0.0,-0.033227994847678945,0.0,0.0,-2.1602523107002756
78,1,0.0,0.0,-0.0007754532239328234,0.0,-1.583883735004685
78,2,0.0,0.0,0.0,0.0,-0.4530114105179152
78,3,0.0,0.0,0.0,0.0,-0.0732284748019319
78,4,0.0,0.0,0.0,0.0,0.0
79,0,0.0,-0.033227994847678945,0.0,0.0,-2.2030152312572198
79,1,0.0,0.0,-0.0007754532239328234,0.0,-1.583883735004685
79,2,0.0,0.0,0.0,0.0,-0.4530114105179152
79,3,0.0,0.0,0.0,0.0,-0.0732284748019319
79,4,0.0,0.0,0.0,0.0,0.0
80,0,0.0,-0.033227994847678945,0.0,0.0,-2.2512723102606156
80,1,0.0,0.0,-0.0007754532239328234,0.0,-1.583883735004685
80,2,0.0,0.0,0.0,0.0,-0.4530114105179152
80,3,0.0,0.0,0.0,0.0,-0.0732284748019319
80,4,0.0,0.0,0.0,0.0,0.0
81,0,0.0,-0.033227994847678945,0.0,0.0,-2.302823347035594
81,1,0.0,0.0,-0.0007754532239328234,0.0,-1.583883735004685
81,2,0.0,0.0,0.0,0.0,-0.4530114105179152
81,3,0.0,0.0,0.0,0.0,-0.0732284748019319
81,4,0.0,0.0,0.0,0.0,0.0
82,0,0.0,-0.033227994847678945,0.0,0.0,-2.3506347390021434
82,1,0.0,0.0,-0.0007754532239328234,0.0,-1.583883735004685
82,2,0.0,0.0,0.0,0.0,-0.4530114105179152
82,3,0.0,0.0,0.0,0.0,-0.0732284748019319
82,4,0.0,0.0,0.0,0.0,0.0
83,0,0.0,-0.033227994847678945,0.0,0.0,-2.3934831251976987
83,1,0.0,0.0,-0.0007754532239328234,0.0,-1.583883735004685
83,2,0.0,0.0,0.0,0.0,-0.4530114105179152
83,3,0.0,0.0,0.0,0.0,-0.0732284748019319
83,4,0.0,0.0,0.0,0.0,0.0
84,0,0.0,-0.033227994847678945,0.0,0.0,-2.4308125108669785
84,1,0.0,0.0,-0.0007754532239328234,0.0,-1.583883735004685
84,2,0.0,0.0,0.0,0.0,-0.4530114105179152
84,3,0.0,0.0,0.0,0.0,-0.0732284748019319
84,4,0.0,0.0,0.0,0.0,0.0
85,0,0.0,-0.033227994847678945,0.0,0.0,-2.4945388056202713
85,1,0.0,0.0,-0.0007754532239328234,0.0,-1.583883735004685
85,2,0.0,0.0,0.0,0.0,-0.4530114105179152
85,3,0.0,0.0,0.0,0.0,-0.0732284748019319
85,4,0.0,0.0,0.0,0.0,0.0
86,0,0.0,-0.033227994847678945,0.0,0.0,-2.5365799976443326
86,1,0.0,0.0,-0.0007754532239328234,0.0,-1.583883735004685
86,2,0.0,0.0,0.0,0.0,-0.4530114105179152
86,3,0.0,0.0,0.0,0.0,-0.0732284748019319
86,4,0.0,0.0,0.0,0.0,0.0
87,0,0.0,-0.033227994847678945,0.0,0.0,-2.5789667640471556
87,1,0.0,0.0,-0.0007754532239328234,0.0,-1.583883735004685
87,2,0.0,0.0,0.0,0.0,-0.4530114105179152
87,3,0.0,0.0,0.0,0.0,-0.0732284748019319
87,4,0.0,0.0,0.0,0.0,0.0
88,0,0.0,-0.033227994847678945,0.0,0.0,-2.629766086936233
88,1,0.0,0.0,-0.0007754532239328234,0.0,-1.583883735004685
88,2,0.0,0.0,0.0,0.0,-0.4530114105179152
88,3,0.0,0.0,0.0,0.0,-0.0732284748019319
88,4,0.0,0.0,0.0,0.0,0.0
89,0,0.0,-0.033227994847678945,0.0,0.0,-2.679580803450788
89,1,0.0,0.0,-0.0007754532239328234,0.0,-1.583883735004685
89,2,0.0,0.0,0.0,0.0,-0.4530114105179152
89,3,0.0,0.0,0.0,0.0,-0.0732284748019319
89,4,0.0,0.0,0.0,0.0,0.0
90,0,0.0,-0.033227994847678945,0.0,0.0,-2.7210444695053284
90,1,0.0,0.0,-0.0007754532239328234,0.0,-1.583883735004685
90,2,0.0,0.0,0.0,0.0,-0.4530114105179152
90,3,0.0,0.0,0.0,0.0,-0.0732284748019319
90,4,0.0,0.0,0.0,0.0,0.0
91,0,0.0,-0.033227994847678945,0.0,0.0,-2.7678550712850445
91,1,0.0,0.0,-0.0007754532239328234,0.0,-1.583883735004685
91,2,0.0,0.0,0.0,0.0,-0.4530114105179152
91,3,0.0,0.0,0.0,0.0,-0.0732284748019319
91,4,0.0,0.0,0.0,0.0,0.0
92,0,0.0,-0.033227994847678945,0.0,0.0,-2.8001939307685393
92,1,0.0,0.0,-0.0007754532239328234,0.0,-1.583883735004685
92,2,0.0,0.0,0.0,0.0,-0.4530114105179152
92,3,0.0,0.0,0.0,0.0,-0.0732284748019319
92,4,0.0,0.0,0.0,0.0,0.0
93,0,0.0,-0.033227994847678945,0.0,0.0,-2.8470935628932192
93,1,0.0,0.0,-0.0007754532239328234,0.0,-1.583883735004685
93,2,0.0,0.0,0.0,0.0,-0.4530114105179152
93,3,0.0,0.0,0.0,0.0,-0.0732284748019319
93,4,0.0,0.0,0.0,0.0,0.0
94,0,0.0,-0.033227994847678945,0.0,0.0,-2.892963199762846
94,1,0.0,0.0,-0.0007754532239328234,0.0,-1.583883735004685
94,2,0.0,0.0,0.0,0.0,-0.4530114105179152
94,3,0.0,0.0,0.0,0.0,-0.0732284748019319
94,4,0.0,0.0,0.0,0.0,0.0
95,0,0.0,-0.033227994847678945,0.0,0.0,-2.944977730703886
95,1,0.0,0.0,-0.0007754532239328234,0.0,-1.583883735004685
95,2,0.0,0.0,0.0,0.0,-0.4530114105179152
95,3,0.0,0.0,0.0,0.0,-0.0732284748019319
95,4,0.0,0.0,0.0,0.0,0.0
96,0,0.0,-0.033227994847678945,0.0,0.0,-3.0053182394175177
96,1,0.0,0.0,-0.0007754532239328234,0.0,-1.583883735004685
96,2,0.0,0.0,0.0,0.0,-0.4530114105179152
96,3,0.0,0.0,0.0,0.0,-0.0732284748019319
96,4,0.0,0.0,0.0,0.0,0.0
97,0,0.0,-0.033227994847678945,0.0,0.0,-3.0441600164599705
97,1,0.0,0.0,-0.0007754532239328234,0.0,-1.583883735004685
97,2,0.0,0.0,0.0,0.0,-0.4530114105179152
97,3,0.0,0.0,0.0,0.0,-0.0732284748019319
97,4,0.0,0.0,0.0,0.0,0.0
98,0,0.0,-0.033227994847678945,0.0,0.0,-3.0857491930346943
98,1,0.0,0.0,-0.0007754532239328234,0.0,-1.583883735004685
98,2,0.0,0.0,0.0,0.0,-0.4530114105179152
98,3,0.0,0.0,0.0,0.0,-0.0732284748019319
98,4,0.0,0.0,0.0,0.0,0.0
99,0,0.0,-0.033227994847678945,0.0,0.0,-3.1282119192161475
99,1,0.0,0.0,-0.0007754532239328234,0.0,-1.583883735004685
99,2,0.0,0.0,0.0,0.0,-0.4530114105179152
99,3,0.0,0.0,0.0,0.0,-0.0732284748019319
99,4,0.0,0.0,0.0,0.0,0.0
100,0,0.0,-0.033227994847678945,0.0,0.0,-3.1620055022271347
100,1,0.0,0.0,-0.0007754532239328234,0.0,-1.583883735004685
100,2,0.0,0.0,0.0,0.0,-0.4530114105179152
100,3,0.0,0.0,0.0,0.0,-0.0732284748019319
100,4,0.0,0.0,0.0,0.0,0.0
101,0,0.0,-0.033227994847678945,0.0,0.0,-3.2006969668303484
101,1,0.0,0.0,-0.0007754532239328234,0.0,-1.583883735004685
101,2,0.0,0.0,0.0,0.0,-0.4530114105179152
101,3,0.0,0.0,0.0,0.0,-0.0732284748019319
101,4,0.0,0.0,0.0,0.0,0.0
102,0,0.0,-0.033227994847678945,0.0,0.0,-3.2425177438262085
102,1,0.0,0.0,-0.0007754532239328234,0.0,-1.583883735004685
102,2,0.0,0.0,0.0,0.0,-0.4530114105179152
102,3,0.0,0.0,0.0,0.0,-0.0732284748019319
102,4,0.0,0.0,0.0,0.0,0.0
103,0,0.0,-0.033227994847678945,0.0,0.0,-3.2896758840149496
103,1,0.0,0.0,-0.0007754532239328234,0.0,-1.583883735004685
103,2,0.0,0.0,0.0,0.0,-0.4530114105179152
103,3,0.0,0.0,0.0,0.0,-0.0732284748019319
103,4,0.0,0.0,0.0,0.0,0.0
104,0,0.0,-0.033227994847678945,0.0,0.0,-3.3304817775483695
104,1,0.0,0.0,-0.0007754532239328234,0.0,-1.583883735004685
104,2,0.0,0.0,0.0,0.0,-0.4530114105179152
104,3,0.0,0.0,0.0,0.0,-0.0732284748019319
104,4,0.0,0.0,0.0,0.0,0.0
105,0,0.0,-0.03597206004859323,0.0,0.0,-3.3304817775483695
105,1,0.0,0.0,-0.0007754532239328234,0.0,-1.6378011266067032
105,2,0.0,0.0,0.0,0.0,-0.4530114105179152
105,3,0.0,0.0,0.0,0.0,-0.0732284748019319
105,4,0.0,0.0,0.0,0.0,0.0
106,0,0.0,-0.03597206004859323,0.0,0.0,-3.3670425153889227
106,1,0.0,0.0,-0.0007754532239328234,0.0,-1.6378011266067032
106,2,0.0,0.0,0.0,0.0,-0.4530114105179152
106,3,0.0,0.0,0.0,0.0,-0.0732284748019319
106,4,0.0,0.0,0.0,0.0,0.0
107,0,0.0,-0.03597206004859323,0.0,0.0,-3.4262865012957286
107,1,0.0,0.0,-0.0007754532239328234,0.0,-1.6378011266067032
107,2,0.0,0.0,0.0,0.0,-0.4530114105179152
107,3,0.0,0.0,0.0,0.0,-0.0732284748019319
107,4,0.0,0.0,0.0,0.0,0.0
108,0,0.0,-0.03597206004859323,0.0,0.0,-3.463770273797728
108,1,0.0,0.0,-0.0007754532239328234,0.0,-1.6378011266067032
108,2,0.0,0.0,0.0,0.0,-0.4530114105179152
108,3,0.0,0.0,0.0,0.0,-0.0732284748019319
108,4,0.0,0.0,0.0,0.0,0.0
109,0,0.0,-0.03597206004859323,0.0,0.0,-3.5135276821889065
109,1,0.0,0.0,-0.0007754532239328234,0.0,-1.6378011266067032
109,2,0.0,0.0,0.0,0.0,-0.4530114105179152
109,3,0.0,0.0,0.0,0.0,-0.0732284748019319
109,4,0.0,0.0,0.0,0.0,0.0
110,0,0.0,-0.03597206004859323,0.0,0.0,-3.5648242738069227
110,1,0.0,0.0,-0.0007754532239328234,0.0,-1.6378011266067032
110,2,0.0,0.0,0.0,0.0,-0.4530114105179152
110,3,0.0,0.0,0.0,0.0,-0.0732284748019319
110,4,0.0,0.0,0.0,0.0,0.0
111,0,0.0,-0.03597206004859323,0.0,0.0,-3.6159474836622323
111,1,0.0,0.0,-0.0007754532239328234,0.0,-1.6378011266067032
111,2,0.0,0.0,0.0,0.0,-0.4530114105179152
111,3,0.0,0.0,0.0,0.0,-0.0732284748019319
111,4,0.0,0.0,0.0,0.0,0.0
112,0,0.0,-0.03597206004859323,0.0,0.0,-3.6798488102023557
112,1,0.0,0.0,-0.0007754532239328234,0.0,-1.6378011266067032
112,2,0.0,0.0,0.0,0.0,-0.4530114105179152
112,3,0.0,0.0,0.0,0.0,-0.0732284748019319
112,4,0.0,0.0,0.0,0.0,0.0
113,0,0.0,-0.03597206004859323,0.0,0.0,-3.71848203974835
113,1,0.0,0.0,-0.0007754532239328234,0.0,-1.6378011266067032
113,2,0.0,0.0,0.0,0.0,-0.4530114105179152
113,3,0.0,0.0,0.0,0.0,-0.0732284748019319
113,4,0.0,0.0,0.0,0.0,0.0
114,0,0.0,-0.03597206004859323,0.0,0.0,-3.764198439252152
114,1,0.0,0.0,-0.0007754532239328234,0.0,-1.6378011266067032
114,2,0.0,0.0,0.0,0.0,-0.4530114105179152
114,3,0.0,0.0,0.0,0.0,-0.0732284748019319
114,4,0.0,0.0,0.0,0.0,0.0
115,0,0.0,-0.03597206004859323,0.0,0.0,-3.799236072970872
115,1,0.0,0.0,-0.0007754532239328234,0.0,-1.6378011266067032
115,2,0.0,0.0,0.0,0.0,-0.4530114105179152
115,3,0.0,0.0,0.0,0.0,-0.0732284748019319
115,4,0.0,0.0,0.0,0.0,0.0
116,0,0.0,-0.03597206004859323,0.0,0.0,-3.8374383921872153
116,1,0.0,0.0,-0.0007754532239328234,0.0,-1.6378011266067032
116,2,0.0,0.0,0.0,0.0,-0.4530114105179152
116,3,0.0,0.0,0.0,0.0,-0.0732284748019319
116,4,0.0,0.0,0.0,0.0,0.0
117,0,0.0,-0.03597206004859323,0.0,0.0,-3.867436599598806
117,1,0.0,0.0,-0.0007754532239328234,0.0,-1.6378011266067032
117,2,0.0,0.0,0.0,0.0,-0.4530114105179152
117,3,0.0,0.0,0.0,0.0,-0.0732284748019319
117,4,0.0,0.0,0.0,0.0,0.0
118,0,0.0,-0.03597206004859323,0.0,0.0,-3.8938007504391714
118,1,0.0,0.0,-0.0007754532239328234,0.0,-1.6378011266067032
118,2,0.0,0.0,0.0,0.0,-0.4530114105179152
118,3,0.0,0.0,0.0,0.0,-0.0732284748019319
118,4,0.0,0.0,0.0,0.0,0.0
119,0,0.0,-0.03597206004859323,0.0,0.0,-3.9501333903749773
119,1,0.0,0.0,-0.0007754532239328234,0.0,-1.6378011266067032
119,2,0.0,0.0,0.0,0.0,-0.4530114105179152
119,3,0.0,0.0,0.0,0.0,-0.0732284748019319
119,4,0.0,0.0,0.0,0.0,0.0
120,0,0.0,-0.03597206004859323,0.0,0.0,-3.9817202850403377
120,1,0.0,0.0,-0.0007754532239328234,0.0,-1.6378011266067032
120,2,0.0,0.0,0.0,0.0,-0.4530114105179152
120,3,0.0,0.0,0.0,0.0,-0.0732284748019319
120,4,0.0,0.0,0.0,0.0,0.0
121,0,0.0,-0.03597206004859323,0.0,0.0,-4.023617901249777
121,1,0.0,0.0,-0.0007754532239328234,0.0,-1.6378011266067032
121,2,0.0,0.0,0.0,0.0,-0.4530114105179152
121,3,0.0,0.0,0.0,0.0,-0.0732284748019319
121,4,0.0,0.0,0.0,0.0,0.0
122,0,0.0,-0.03597206004859323,0.0,0.0,-4.079703203650215
122,1,0.0,0.0,-0.0007754532239328234,0.0,-1.6378011266067032
122,2,0.0,0.0,0.0,0.0,-0.4530114105179152
122,3,0.0,0.0,0.0,0.0,-0.0732284748019319
122,4,0.0,0.0,0.0,0.0,0.0
123,0,0.0,-0.03597206004859323,0.0,0.0,-4.116361288899389
123,1,0.0,0.0,-0.0007754532239328234,0.0,-1.6378011266067032
123,2,0.0,0.0,0.0,0.0,-0.4530114105179152
123,3,0.0,0.0,0.0,0.0,-0.0732284748019319
123,4,0.0,0.0,0.0,0.0,0.0
124,0,0.0,-0.03597206004859323,0.0,0.0,-4.142024830673395
124,1,0.0,0.0,-0.0007754532239328234,0.0,-1.6378011266067032
124,2,0.0,0.0,0.0,0.0,-0.4530114105179152
124,3,0.0,0.0,0.0,0.0,-0.0732284748019319
124,4,0.0,0.0,0.0,0.0,0.0
125,0,0.0,-0.03597206004859323,0.0,0.0,-4.1787788016514895
125,1,0.0,0.0,-0.0007754532239328234,0.0,-1.6378011266067032
125,2,0.0,0.0,0.0,0.0,-0.4530114105179152
125,3,0.0,0.0,0.0,0.0,-0.0732284748019319
125,4,0.0,0.0,0.0,0.0,0.0
126,0,0.0,-0.03597206004859323,0.0,0.0,-4.218267658279953
126,1,0.0,0.0,-0.0007754532239328234,0.0,-1.6378011266067032
126,2,0.0,0.0,0.0,0.0,-0.4530114105179152
126,3,0.0,0.0,0.0,0.0,-0.0732284748019319
126,4,0.0,0.0,0.0,0.0,0.0
127,0,0.0,-0.03597206004859323,0.0,0.0,-4.251939827509875
127,1,0.0,0.0,-0.0007754532239328234,0.0,-1.6378011266067032
127,2,0.0,0.0,0.0,0.0,-0.4530114105179152
127,3,0.0,0.0,0.0,0.0,-0.0732284748019319
127,4,0.0,0.0,0.0,0.0,0.0
128,0,0.0,-0.03597206004859323,0.0,0.0,-4.284828597384343
128,1,0.0,0.0,-0.0007754532239328234,0.0,-1.6378011266067032
128,2,0.0,0.0,0.0,0.0,-0.4530114105179152
128,3,0.0,0.0,0.0,0.0,-0.0732284748019319
128,4,0.0,0.0,0.0,0.0,0.0
129,0,0.0,-0.03597206004859323,0.0,0.0,-4.33391948037329
129,1,0.0,0.0,-0.0007754532239328234,0.0,-1.6378011266067032
129,2,0.0,0.0,0.0,0.0,-0.4530114105179152
129,3,0.0,0.0,0.0,0.0,-0.0732284748019319
129,4,0.0,0.0,0.0,0.0,0.0
130,0,0.0,-0.03597206004859323,0.0,0.0,-4.386509996633535
130,1,0.0,0.0,-0.0007754532239328234,0.0,-1.6378011266067032
130,2,0.0,0.0,0.0,0.0,-0.4530114105179152
130,3,0.0,0.0,0.0,0.0,-0.0732284748019319
130,4,0.0,0.0,0.0,0.0,0.0
131,0,0.0,-0.03597206004859323,0.0,0.0,-4.427710515413568
131,1,0.0,0.0,-0.0007754532239328234,0.0,-1.6378011266067032
131,2,0.0,0.0,0.0,0.0,-0.4530114105179152
131,3,0.0,0.0,0.0,0.0,-0.0732284748019319
131,4,0.0,0.0,0.0,0.0,0.0
132,0,0.0,-0.03597206004859323,0.0,0.0,-4.457153167653957
132,1,0.0,0.0,-0.0007754532239328234,0.0,-1.6378011266067032
132,2,0.0,0.0,0.0,0.0,-0.4530114105179152
132,3,0.0,0.0,0.0,0.0,-0.0732284748019319
132,4,0.0,0.0,0.0,0.0,0.0
133,0,0.0,-0.03597206004859323,0.0,0.0,-4.506364154411543
133,1,0.0,0.0,-0.0007754532239328234,0.0,-1.6378011266067032
133,2,0.0,0.0,0.0,0.0,-0.4530114105179152
133,3,0.0,0.0,0.0,0.0,-0.0732284748019319
133,4,0.0,0.0,0.0,0.0,0.0
134,0,0.0,-0.03597206004859323,0.0,0.0,-4.548173633672677
134,1,0.0,0.0,-0.0007754532239328234,0.0,-1.6378011266067032
134,2,0.0,0.0,0.0,0.0,-0.4530114105179152
134,3,0.0,0.0,0.0,0.0,-0.0732284748019319
134,4,0.0,0.0,0.0,0.0,0.0
135,0,0.0,-0.03597206004859323,0.0,0.0,-4.59921573676687
135,1,0.0,0.0,-0.0007754532239328234,0.0,-1.6378011266067032
135,2,0.0,0.0,0.0,0.0,-0.4530114105179152
135,3,0.0,0.0,0.0,0.0,-0.0732284748019319
135,4,0.0,0.0,0.0,0.0,0.0
136,0,0.0,-0.03597206004859323,0.0,0.0,-4.6330898318639555
136,1,0.0,0.0,-0.0007754532239328234,0.0,-1.6378011266067032
136,2,0.0,0.0,0.0,0.0,-0.4530114105179152
136,3,0.0,0.0,0.0,0.0,-0.0732284748019319
136,4,0.0,0.0,0.0,0.0,0.0
137,0,0.0,-0.03597206004859323,0.0,0.0,-4.670058620035552
137,1,0.0,0.0,-0.0007754532239328234,0.0,-1.6378011266067032
137,2,0.0,0.0,0.0,0.0,-0.4530114105179152
137,3,0.0,0.0,0.0,0.0,-0.0732284748019319
137,4,0.0,0.0,0.0,0.0,0.0
138,0,0.0,-0.03597206004859323,0.0,0.0,-4.7313764812889865
138,1,0.0,0.0,-0.0007754532239328234,0.0,-1.6378011266067032
138,2,0.0,0.0,0.0,0.0,-0.4530114105179152
138,3,0.0,0.0,0.0,0.0,-0.0732284748019319
138,4,0.0,0.0,0.0,0.0,0.0
139,0,0.0,-0.03597206004859323,0.0,0.0,-4.773994278299876
139,1,0.0,0.0,-0.0007754532239328234,0.0,-1.6378011266067032
139,2,0.0,0.0,0.0,0.0,-0.4530114105179152
139,3,0.0,0.0,0.0,0.0,-0.0732284748019319
139,4,0.0,0.0,0.0,0.0,0.0
140,0,0.0,-0.03597206004859323,0.0,0.0,-4.821335854289215
140,1,0.0,0.0,-0.0007754532239328234,0.0,-1.6378011266067032
140,2,0.0,0.0,0.0,0.0,-0.4530114105179152
140,3,0.0,0.0,0.0,0.0,-0.0732284748019319
140,4,0.0,0.0,0.0,0.0,0.0
141,0,0.0,-0.03597206004859323,0.0,0.0,-4.854413773712065
141,1,0.0,0.0,-0.0007754532239328234,0.0,-1.6378011266067032
141,2,0.0,0.0,0.0,0.0,-0.4530114105179152
141,3,0.0,0.0,0.0,0.0,-0.0732284748019319
141,4,0.0,0.0,0.0,0.0,0.0
142,0,0.0,-0.03597206004859323,0.0,0.0,-4.896269068928993
142,1,0.0,0.0,-0.0007754532239328234,0.0,-1.6378011266067032
142,2,0.0,0.0,0.0,0.0,-0.4530114105179152
142,3,0.0,0.0,0.0,0.0,-0.0732284748019319
142,4,0.0,0.0,0.0,0.0,0.0
143,0,0.0,-0.03597206004859323,0.0,0.0,-4.943655949545726
143,1,0.0,0.0,-0.0007754532239328234,0.0,-1.6378011266067032
143,2,0.0,0.0,0.0,0.0,-0.4530114105179152
143,3,0.0,0.0,0.0,0.0,-0.0732284748019319
143,4,0.0,0.0,0.0,0.0,0.0
144,0,0.0,-0.03597206004859323,0.0,0.0,-4.983319247170212
144,1,0.0,0.0,-0.0007754532239328234,0.0,-1.6378011266067032
144,2,0.0,0.0,0.0,0.0,-0.4530114105179152
144,3,0.0,0.0,0.0,0.0,-0.0732284748019319
144,4,0.0,0.0,0.0,0.0,0.0
145,0,0.0,-0.03597206004859323,0.0,0.0,-5.040084375581818
145,1,0.0,0.0,-0.0007754532239328234,0.0,-1.6378011266067032
145,2,0.0,0.0,0.0,0.0,-0.4530114105179152
145,3,0.0,0.0,0.0,0.0,-0.0732284748019319
145,4,0.0,0.0,0.0,0.0,0.0
146,0,0.0,-0.03597206004859323,0.0,0.0,-5.081925299743839
146,1,0.0,0.0,-0.0007754532239328234,0.0,-1.6378011266067032
146,2,0.0,0.0,0.0,0.0,-0.4530114105179152
146,3,0.0,0.0,0.0,0.0,-0.0732284748019319
146,4,0.0,0.0,0.0,0.0,0.0
147,0,0.0,-0.03597206004859323,0.0,0.0,-5.118096257383272
147,1,0.0,0.0,-0.0007754532239328234,0.0,-1.6378011266067032
147,2,0.0,0.0,0.0,0.0,-0.4530114105179152
147,3,0.0,0.0,0.0,0.0,-0.0732284748019319
147,4,0.0,0.0,0.0,0.0,0.0
148,0,0.0,-0.03597206004859323,0.0,0.0,-5.143208715473429
148,1,0.0,0.0,-0.0007754532239328234,0.0,-1.6378011266067032
148,2,0.0,0.0,0.0,0.0,-0.4530114105179152
148,3,0.0,0.0,0.0,0.0,-0.0732284748019319
148,4,0.0,0.0,0.0,0.0,0.0
149,0,0.0,-0.03597206004859323,0.0,0.0,-5.195573640118118
149,1,0.0,0.0,-0.0007754532239328234,0.0,-1.6378011266067032
149,2,0.0,0.0,0.0,0.0,-0.4530114105179152
149,3,0.0,0.0,0.0,0.0,-0.0732284748019319
149,4,0.0,0.0,0.0,0.0,0.0
150,0,0.0,-0.03597206004859323,0.0,0.0,-5.236106117970655
150,1,0.0,0.0,-0.0007754532239328234,0.0,-1.6378011266067032
150,2,0.0,0.0,0.0,0.0,-0.4530114105179152
150,3,0.0,0.0,0.0,0.0,-0.0732284748019319
150,4,0.0,0.0,0.0,0.0,0.0
151,0,0.0,-0.03597206004859323,0.0,0.0,-5.2827703122512
151,1,0.0,0.0,-0.0007754532239328234,0.0,-1.6378011266067032
151,2,0.0,0.0,0.0,0.0,-0.4530114105179152
151,3,0.0,0.0,0.0,0.0,-0.0732284748019319
151,4,0.0,0.0,0.0,0.0,0.0
152,0,0.0,-0.03597206004859323,0.0,0.0,-5.309783986267235
152,1,0.0,0.0,-0.0007754532239328234,0.0,-1.6378011266067032
152,2,0.0,0.0,0.0,0.0,-0.4530114105179152
152,3,0.0,0.0,0.0,0.0,-0.0732284748019319
152,4,0.0,0.0,0.0,0.0,0.0
153,0,0.0,-0.03883829171340954,0.0,0.0,-5.309783986267235
153,1,0.0,0.0,-0.0007754532239328234,0.0,-1.6963366742315162
153,2,0.0,0.0,0.0,0.0,-0.4530114105179152
153,3,0.0,0.0,0.0,0.0,-0.0732284748019319
153,4,0.0,0.0,0.0,0.0,0.0
154,0,0.0,-0.03883829171340954,0.0,0.0,-5.3392688514696784
154,1,0.0,0.0,-0.0007754532239328234,0.0,-1.6963366742315162
154,2,0.0,0.0,0.0,0.0,-0.4530114105179152
154,3,0.0,0.0,0.0,0.0,-0.0732284748019319
154,4,0.0,0.0,0.0,0.0,0.0
155,0,0.0,-0.03883829171340954,0.0,0.0,-5.364834213309073
155,1,0.0,0.0,-0.0007754532239328234,0.0,-1.6963366742315162
155,2,0.0,0.0,0.0,0.0,-0.4530114105179152
155,3,0.0,0.0,0.0,0.0,-0.0732284748019319
155,4,0.0,0.0,0.0,0.0,0.0
156,0,0.0,-0.03883829171340954,0.0,0.0,-5.415633407807285
156,1,0.0,0.0,-0.0007754532239328234,0.0,-1.6963366742315162
156,2,0.0,0.0,0.0,0.0,-0.4530114105179152
156,3,0.0,0.0,0.0,0.0,-0.0732284748019319
156,4,0.0,0.0,0.0,0.0,0.0
157,0,0.0,-0.03883829171340954,0.0,0.0,-5.43990622313117
157,1,0.0,0.0,-0.0007754532239328234,0.0,-1.6963366742315162
157,2,0.0,0.0,0.0,0.0,-0.4530114105179152
157,3,0.0,0.0,0.0,0.0,-0.0732284748019319
157,4,0.0,0.0,0.0,0.0,0.0
158,0,0.0,-0.03883829171340954,0.0,0.0,-5.476284964025442
158,1,0.0,0.0,-0.0007754532239328234,0.0,-1.6963366742315162
158,2,0.0,0.0,0.0,0.0,-0.4530114105179152
158,3,0.0,0.0,0.0,0.0,-0.0732284748019319
158,4,0.0,0.0,0.0,0.0,0.0
159,0,0.0,-0.03883829171340954,0.0,0.0,-5.49871877676625
159,1,0.0,0.0,-0.0007754532239328234,0.0,-1.6963366742315162
159,2,0.0,0.0,0.0,0.0,-0.4530114105179152
159,3,0.0,0.0,0.0,0.0,-0.0732284748019319
159,4,0.0,0.0,0.0,0.0,0.0
160,0,0.0,-0.03883829171340954,0.0,0.0,-5.542261548360273
160,1,0.0,0.0,-0.0007754532239328234,0.0,-1.6963366742315162
160,2,0.0,0.0,0.0,0.0,-0.4530114105179152
160,3,0.0,0.0,0.0,0.0,-0.0732284748019319
160,4,0.0,0.0,0.0,0.0,0.0
161,0,0.0,-0.03883829171340954,0.0,0.0,-5.580803443305153
161,1,0.0,0.0,-0.0007754532239328234,0.0,-1.6963366742315162
161,2,0.0,0.0,0.0,0.0,-0.4530114105179152
161,3,0.0,0.0,0.0,0.0,-0.0732284748019319
161,4,0.0,0.0,0.0,0.0,0.0
162,0,0.0,-0.03883829171340954,0.0,0.0,-5.595129915245571
162,1,0.0,0.0,-0.0007754532239328234,0.0,-1.6963366742315162
162,2,0.0,0.0,0.0,0.0,-0.4530114105179152
162,3,0.0,0.0,0.0,0.0,-0.0732284748019319
162,4,0.0,0.0,0.0,0.0,0.0
163,0,0.0,-0.03883829171340954,0.0,0.0,-5.6295337623921835
163,1,0.0,0.0,-0.0007754532239328234,0.0,-1.6963366742315162
163,2,0.0,0.0,0.0,0.0,-0.4530114105179152
163,3,0.0,0.0,0.0,0.0,-0.0732284748019319
163,4,0.0,0.0,0.0,0.0,0.0
164,0,0.0,-0.03883829171340954,0.0,0.0,-5.666003274841839
164,1,0.0,0.0,-0.0007754532239328234,0.0,-1.6963366742315162
164,2,0.0,0.0,0.0,0.0,-0.4530114105179152
164,3,0.0,0.0,0.0,0.0,-0.0732284748019319
164,4,0.0,0.0,0.0,0.0,0.0
165,0,0.0,-0.03883829171340954,0.0,0.0,-5.695490339385113
165,1,0.0,0.0,-0.0007754532239328234,0.0,-1.6963366742315162
165,2,0.0,0.0,0.0,0.0,-0.4530114105179152
165,3,0.0,0.0,0.0,0.0,-0.0732284748019319
165,4,0.0,0.0,0.0,0.0,0.0
166,0,0.0,-0.03883829171340954,0.0,0.0,-5.733418715124233
166,1,0.0,0.0,-0.0007754532239328234,0.0,-1.6963366742315162
166,2,0.0,0.0,0.0,0.0,-0.4530114105179152
166,3,0.0,0.0,0.0,0.0,-0.0732284748019319
166,4,0.0,0.0,0.0,0.0,0.0
167,0,0.0,-0.03883829171340954,0.0,0.0,-5.780868279810771
167,1,0.0,0.0,-0.0007754532239328234,0.0,-1.6963366742315162
167,2,0.0,0.0,0.0,0.0,-0.4530114105179152
167,3,0.0,0.0,0.0,0.0,-0.0732284748019319
167,4,0.0,0.0,0.0,0.0,0.0
168,0,0.0,-0.03883829171340954,0.0,0.0,-5.832831733590348
168,1,0.0,0.0,-0.0007754532239328234,0.0,-1.6963366742315162
168,2,0.0,0.0,0.0,0.0,-0.4530114105179152
168,3,0.0,0.0,0.0,0.0,-0.0732284748019319
168,4,0.0,0.0,0.0,0.0,0.0
169,0,0.0,-0.03883829171340954,0.0,0.0,-5.859003115679588
169,1,0.0,0.0,-0.0007754532239328234,0.0,-1.6963366742315162
169,2,0.0,0.0,0.0,0.0,-0.4530114105179152
169,3,0.0,0.0,0.0,0.0,-0.0732284748019319
169,4,0.0,0.0,0.0,0.0,0.0
170,0,0.0,-0.03883829171340954,0.0,0.0,-5.885521892160309
170,1,0.0,0.0,-0.0007754532239328234,0.0,-1.6963366742315162
170,2,0.0,0.0,0.0,0.0,-0.4530114105179152
170,3,0.0,0.0,0.0,0.0,-0.0732284748019319
170,4,0.0,0.0,0.0,0.0,0.0
171,0,0.0,-0.04183775882668459,0.0,0.0,-5.885521892160309
171,1,0.0,0.0,-0.0007754532239328234,0.0,-1.7452556176621294
171,2,0.0,0.0,0.0,0.0,-0.4530114105179152
171,3,0.0,0.0,0.0,0.0,-0.0732284748019319
171,4,0.0,0.0,0.0,0.0,0.0
172,0,0.0,-0.04183775882668459,0.0,0.0,-5.908866162845524
172,1,0.0,0.0,-0.0007754532239328234,0.0,-1.7452556176621294
172,2,0.0,0.0,0.0,0.0,-0.4530114105179152
172,3,0.0,0.0,0.0,0.0,-0.0732284748019319
172,4,0.0,0.0,0.0,0.0,0.0
173,0,0.0,-0.04183775882668459,0.0,0.0,-5.95103008895744
173,1,0.0,0.0,-0.0007754532239328234,0.0,-1.7452556176621294
173,2,0.0,0.0,0.0,0.0,-0.4530114105179152
173,3,0.0,0.0,0.0,0.0,-0.0732284748019319
173,4,0.0,0.0,0.0,0.0,0.0
174,0,0.0,-0.04183775882668459,0.0,0.0,-5.9985209098229735
174,1,0.0,0.0,-0.0007754532239328234,0.0,-1.7452556176621294
174,2,0.0,0.0,0.0,0.0,-0.4530114105179152
174,3,0.0,0.0,0.0,0.0,-0.0732284748019319
174,4,0.0,0.0,0.0,0.0,0.0
175,0,0.0,-0.04183775882668459,0.0,0.0,-6.031572971891837
175,1,0.0,0.0,-0.0007754532239328234,0.0,-1.7452556176621294
175,2,0.0,0.0,0.0,0.0,-0.4530114105179152
175,3,0.0,0.0,0.0,0.0,-0.0732284748019319
175,4,0.0,0.0,0.0,0.0,0.0
176,0,0.0,-0.04183775882668459,0.0,0.0,-6.067341497108368
176,1,0.0,0.0,-0.0007754532239328234,0.0,-1.7452556176621294
176,2,0.0,0.0,0.0,0.0,-0.4530114105179152
176,3,0.0,0.0,0.0,0.0,-0.0732284748019319
176,4,0.0,0.0,0.0,0.0,0.0
177,0,0.0,-0.04183775882668459,0.0,0.0,-6.098849853195563
177,1,0.0,0.0,-0.0007754532239328234,0.0,-1.7452556176621294
177,2,0.0,0.0,0.0,0.0,-0.4530114105179152
177,3,0.0,0.0,0.0,0.0,-0.0732284748019319
177,4,0.0,0.0,0.0,0.0,0.0
178,0,0.0,-0.04183775882668459,0.0,0.0,-6.120625589852139
178,1,0.0,0.0,-0.0007754532239328234,0.0,-1.7452556176621294
178,2,0.0,0.0,0.0,0.0,-0.4530114105179152
178,3,0.0,0.0,0.0,0.0,-0.0732284748019319
178,4,0.0,0.0,0.0,0.0,0.0
179,0,0.0,-0.04183775882668459,0.0,0.0,-6.15901169589732
179,1,0.0,0.0,-0.0007754532239328234,0.0,-1.7452556176621294
179,2,0.0,0.0,0.0,0.0,-0.4530114105179152
179,3,0.0,0.0,0.0,0.0,-0.0732284748019319
179,4,0.0,0.0,0.0,0.0,0.0
180,0,0.0,-0.04183775882668459,0.0,0.0,-6.1853029830353465
180,1,0.0,0.0,-0.0007754532239328234,0.0,-1.7452556176621294
180,2,0.0,0.0,0.0,0.0,-0.4530114105179152
180,3,0.0,0.0,0.0,0.0,-0.0732284748019319
180,4,0.0,0.0,0.0,0.0,0.0
181,0,0.0,-0.04183775882668459,0.0,0.0,-6.214472952386249
181,1,0.0,0.0,-0.0007754532239328234,0.0,-1.7452556176621294
181,2,0.0,0.0,0.0,0.0,-0.4530114105179152
181,3,0.0,0.0,0.0,0.0,-0.0732284748019319
181,4,0.0,0.0,0.0,0.0,0.0
182,0,0.0,-0.04183775882668459,0.0,0.0,-6.258236528099552
182,1,0.0,0.0,-0.0007754532239328234,0.0,-1.7452556176621294
182,2,0.0,0.0,0.0,0.0,-0.4530114105179152
182,3,0.0,0.0,0.0,0.0,-0.0732284748019319
182,4,0.0,0.0,0.0,0.0,0.0
183,0,0.0,-0.04183775882668459,0.0,0.0,-6.31568072785613
183,1,0.0,0.0,-0.0007754532239328234,0.0,-1.7452556176621294
183,2,0.0,0.0,0.0,0.0,-0.4530114105179152
183,3,0.0,0.0,0.0,0.0,-0.0732284748019319
183,4,0.0,0.0,0.0,0.0,0.0
184,0,0.0,-0.04183775882668459,0.0,0.0,-6.359991648780658
184,1,0.0,0.0,-0.0007754532239328234,0.0,-1.7452556176621294
184,2,0.0,0.0,0.0,0.0,-0.4530114105179152
184,3,0.0,0.0,0.0,0.0,-0.0732284748019319
184,4,0.0,0.0,0.0,0.0,0.0
185,0,0.0,-0.04183775882668459,0.0,0.0,-6.387279617542761
185,1,0.0,0.0,-0.0007754532239328234,0.0,-1.7452556176621294
185,2,0.0,0.0,0.0,0.0,-0.4530114105179152
185,3,0.0,0.0,0.0,0.0,-0.0732284748019319
185,4,0.0,0.0,0.0,0.0,0.0
186,0,0.0,-0.04183775882668459,0.0,0.0,-6.422060459594802
186,1,0.0,0.0,-0.0007754532239328234,0.0,-1.7452556176621294
186,2,0.0,0.0,0.0,0.0,-0.4530114105179152
186,3,0.0,0.0,0.0,0.0,-0.0732284748019319
186,4,0.0,0.0,0.0,0.0,0.0
187,0,0.0,-0.04183775882668459,0.0,0.0,-6.451313011601331
187,1,0.0,0.0,-0.0007754532239328234,0.0,-1.7452556176621294
187,2,0.0,0.0,0.0,0.0,-0.4530114105179152
187,3,0.0,0.0,0.0,0.0,-0.0732284748019319
187,4,0.0,0.0,0.0,0.0,0.0
188,0,0.0,-0.04183775882668459,0.0,0.0,-6.464599512505015
188,1,0.0,0.0,-0.0007754532239328234,0.0,-1.7452556176621294
188,2,0.0,0.0,0.0,0.0,-0.4530114105179152
188,3,0.0,0.0,0.0,0.0,-0.0732284748019319
188,4,0.0,0.0,0.0,0.0,0.0
189,0,0.0,-0.04183775882668459,0.0,0.0,-6.515391487089741
189,1,0.0,0.0,-0.0007754532239328234,0.0,-1.7452556176621294
189,2,0.0,0.0,0.0,0.0,-0.4530114105179152
189,3,0.0,0.0,0.0,0.0,-0.0732284748019319
189,4,0.0,0.0,0.0,0.0,0.0
190,0,0.0,-0.04183775882668459,0.0,0.0,-6.551307897091698
190,1,0.0,0.0,-0.0007754532239328234,0.0,-1.7452556176621294
190,2,0.0,0.0,0.0,0.0,-0.4530114105179152
190,3,0.0,0.0,0.0,0.0,-0.0732284748019319
190,4,0.0,0.0,0.0,0.0,0.0
191,0,0.0,-0.04183775882668459,0.0,0.0,-6.587171936487349
191,1,0.0,0.0,-0.0007754532239328234,0.0,-1.7452556176621294
191,2,0.0,0.0,0.0,0.0,-0.4530114105179152
191,3,0.0,0.0,0.0,0.0,-0.0732284748019319
191,4,0.0,0.0,0.0,0.0,0.0
192,0,0.0,-0.04183775882668459,0.0,0.0,-6.641485955768594
192,1,0.0,0.0,-0.0007754532239328234,0.0,-1.7452556176621294
192,2,0.0,0.0,0.0,0.0,-0.4530114105179152
192,3,0.0,0.0,0.0,0.0,-0.0732284748019319
192,4,0.0,0.0,0.0,0.0,0.0
193,0,0.0,-0.04183775882668459,0.0,0.0,-6.673062186626696
193,1,0.0,0.0,-0.0007754532239328234,0.0,-1.7452556176621294
193,2,0.0,0.0,0.0,0.0,-0.4530114105179152
193,3,0.0,0.0,0.0,0.0,-0.0732284748019319
193,4,0.0,0.0,0.0,0.0,0.0
194,0,0.0,-0.04183775882668459,0.0,0.0,-6.719178863396132
194,1,0.0,0.0,-0.0007754532239328234,0.0,-1.7452556176621294
194,2,0.0,0.0,0.0,0.0,-0.4530114105179152
194,3,0.0,0.0,0.0,0.0,-0.0732284748019319
194,4,0.0,0.0,0.0,0.0,0.0
195,0,0.0,-0.04183775882668459,0.0,0.0,-6.756981012056345
195,1,0.0,0.0,-0.0007754532239328234,0.0,-1.7452556176621294
195,2,0.0,0.0,0.0,0.0,-0.4530114105179152
195,3,0.0,0.0,0.0,0.0,-0.0732284748019319
195,4,0.0,0.0,0.0,0.0,0.0
196,0,0.0,-0.04183775882668459,0.0,0.0,-6.798578524152785
196,1,0.0,0.0,-0.0007754532239328234,0.0,-1.7452556176621294
196,2,0.0,0.0,0.0,0.0,-0.4530114105179152
196,3,0.0,0.0,0.0,0.0,-0.0732284748019319
196,4,0.0,0.0,0.0,0.0,0.0
197,0,0.0,-0.04183775882668459,0.0,0.0,-6.832276133847599
197,1,0.0,0.0,-0.0007754532239328234,0.0,-1.7452556176621294
197,2,0.0,0.0,0.0,0.0,-0.4530114105179152
197,3,0.0,0.0,0.0,0.0,-0.0732284748019319
197,4,0.0,0.0,0.0,0.0,0.0
198,0,0.0,-0.04183775882668459,0.0,0.0,-6.863642031139472
198,1,0.0,0.0,-0.0007754532239328234,0.0,-1.7452556176621294
198,2,0.0,0.0,0.0,0.0,-0.4530114105179152
198,3,0.0,0.0,0.0,0.0,-0.0732284748019319
198,4,0.0,0.0,0.0,0.0,0.0
199,0,0.0,-0.04183775882668459,0.0,0.0,-6.893819247926317
199,1,0.0,0.0,-0.0007754532239328234,0.0,-1.7452556176621294
199,2,0.0,0.0,0.0,0.0,-0.4530114105179152
199,3,0.0,0.0,0.0,0.0,-0.0732284748019319
199,4,0.0,0.0,0.0,0.0,0.0
200,0,0.0,-0.04183775882668459,0.0,0.0,-6.921742403680697
200,1,0.0,0.0,-0.0007754532239328234,0.0,-1.7452556176621294
200,2,0.0,0.0,0.0,0.0,-0.4530114105179152
200,3,0.0,0.0,0.0,0.0,-0.0732284748019319
200,4,0.0,0.0,0.0,0.0,0.0
201,0,0.0,-0.04494701695532658,0.0,0.0,-6.921742403680697
201,1,0.0,0.0,-0.0007754532239328234,0.0,-1.7937920988557676
201,2,0.0,0.0,0.0,0.0,-0.4530114105179152
201,3,0.0,0.0,0.0,0.0,-0.0732284748019319
201,4,0.0,0.0,0.0,0.0,0.0
202,0,0.0,-0.04494701695532658,0.0,0.0,-6.966559232975809
202,1,0.0,0.0,-0.0007754532239328234,0.0,-1.7937920988557676
202,2,0.0,0.0,0.0,0.0,-0.4530114105179152
202,3,0.0,0.0,0.0,0.0,-0.0732284748019319
202,4,0.0,0.0,0.0,0.0,0.0
203,0,0.0,-0.04494701695532658,0.0,0.0,-7.005764317110156
203,1,0.0,0.0,-0.0007754532239328234,0.0,-1.7937920988557676
203,2,0.0,0.0,0.0,0.0,-0.4530114105179152
203,3,0.0,0.0,0.0,0.0,-0.0732284748019319
203,4,0.0,0.0,0.0,0.0,0.0
204,0,0.0,-0.04494701695532658,0.0,0.0,-7.04961623469054
204,1,0.0,0.0,-0.0007754532239328234,0.0,-1.7937920988557676
204,2,0.0,0.0,0.0,0.0,-0.4530114105179152
204,3,0.0,0.0,0.0,0.0,-0.0732284748019319
204,4,0.0,0.0,0.0,0.0,0.0
205,0,0.0,-0.04494701695532658,0.0,0.0,-7.074160616858728
205,1,0.0,0.0,-0.0007754532239328234,0.0,-1.7937920988557676
205,2,0.0,0.0,0.0,0.0,-0.4530114105179152
205,3,0.0,0.0,0.0,0.0,-0.0732284748019319
205,4,0.0,0.0,0.0,0.0,0.0
206,0,0.0,-0.04494701695532658,0.0,0.0,-7.116625291520754
206,1,0.0,0.0,-0.0007754532239328234,0.0,-1.7937920988557676
206,2,0.0,0.0,0.0,0.0,-0.4530114105179152
206,3,0.0,0.0,0.0,0.0,-0.0732284748019319
206,4,0.0,0.0,0.0,0.0,0.0
207,0,0.0,-0.04494701695532658,0.0,0.0,-7.142536006513165
207,1,0.0,0.0,-0.0007754532239328234,0.0,-1.7937920988557676
207,2,0.0,0.0,0.0,0.0,-0.4530114105179152
207,3,0.0,0.0,0.0,0.0,-0.0732284748019319
207,4,0.0,0.0,0.0,0.0,0.0
208,0,0.0,-0.04494701695532658,0.0,0.0,-7.175179125237364
208,1,0.0,0.0,-0.0007754532239328234,0.0,-1.7937920988557676
208,2,0.0,0.0,0.0,0.0,-0.4530114105179152
208,3,0.0,0.0,0.0,0.0,-0.0732284748019319
208,4,0.0,0.0,0.0,0.0,0.0
209,0,0.0,-0.04494701695532658,0.0,0.0,-7.195363445156026
209,1,0.0,0.0,-0.0007754532239328234,0.0,-1.7937920988557676
209,2,0.0,0.0,0.0,0.0,-0.4530114105179152
209,3,0.0,0.0,0.0,0.0,-0.0732284748019319
209,4,0.0,0.0,0.0,0.0,0.0
210,0,0.0,-0.04494701695532658,0.0,0.0,-7.241492811167589
210,1,0.0,0.0,-0.0007754532239328234,0.0,-1.7937920988557676
210,2,0.0,0.0,0.0,0.0,-0.4530114105179152
210,3,0.0,0.0,0.0,0.0,-0.0732284748019319
210,4,0.0,0.0,0.0,0.0,0.0
211,0,0.0,-0.04494701695532658,0.0,0.0,-7.2766478988921275
211,1,0.0,0.0,-0.0007754532239328234,0.0,-1.7937920988557676
211,2,0.0,0.0,0.0,0.0,-0.4530114105179152
211,3,0.0,0.0,0.0,0.0,-0.0732284748019319
211,4,0.0,0.0,0.0,0.0,0.0
212,0,0.0,-0.04494701695532658,0.0,0.0,-7.313684531674308
212,1,0.0,0.0,-0.0007754532239328234,0.0,-1.7937920988557676
212,2,0.0,0.0,0.0,0.0,-0.4530114105179152
212,3,0.0,0.0,0.0,0.0,-0.0732284748019319
212,4,0.0,0.0,0.0,0.0,0.0
213,0,0.0,-0.04494701695532658,0.0,0.0,-7.351470325847324
213,1,0.0,0.0,-0.0007754532239328234,0.0,-1.7937920988557676
213,2,0.0,0.0,0.0,0.0,-0.4530114105179152
213,3,0.0,0.0,0.0,0.0,-0.0732284748019319
213,4,0.0,0.0,0.0,0.0,0.0
214,0,0.0,-0.04494701695532658,0.0,0.0,-7.384384066629975
214,1,0.0,0.0,-0.0007754532239328234,0.0,-1.7937920988557676
214,2,0.0,0.0,0.0,0.0,-0.4530114105179152
214,3,0.0,0.0,0.0,0.0,-0.0732284748019319
214,4,0.0,0.0,0.0,0.0,0.0
215,0,0.0,-0.04494701695532658,0.0,0.0,-7.418245886541552
215,1,0.0,0.0,-0.0007754532239328234,0.0,-1.7937920988557676
215,2,0.0,0.0,0.0,0.0,-0.4530114105179152
215,3,0.0,0.0,0.0,0.0,-0.0732284748019319
215,4,0.0,0.0,0.0,0.0,0.0
216,0,0.0,-0.04494701695532658,0.0,0.0,-7.45606646203608
216,1,0.0,0.0,-0.0007754532239328234,0.0,-1.7937920988557676
216,2,0.0,0.0,0.0,0.0,-0.4530114105179152
216,3,0.0,0.0,0.0,0.0,-0.0732284748019319
216,4,0.0,0.0,0.0,0.0,0.0
217,0,0.0,-0.04494701695532658,0.0,0.0,-7.497355255745805
217,1,0.0,0.0,-0.0007754532239328234,0.0,-1.7937920988557676
217,2,0.0,0.0,0.0,0.0,-0.4530114105179152
217,3,0.0,0.0,0.0,0.0,-0.0732284748019319
217,4,0.0,0.0,0.0,0.0,0.0
218,0,0.0,-0.04494701695532658,0.0,0.0,-7.536969599296285
218,1,0.0,0.0,-0.0007754532239328234,0.0,-1.7937920988557676
218,2,0.0,0.0,0.0,0.0,-0.4530114105179152
218,3,0.0,0.0,0.0,0.0,-0.0732284748019319
218,4,0.0,0.0,0.0,0.0,0.0
219,0,0.0,-0.04494701695532658,0.0,0.0,-7.566795417917902
219,1,0.0,0.0,-0.0007754532239328234,0.0,-1.7937920988557676
219,2,0.0,0.0,0.0,0.0,-0.4530114105179152
219,3,0.0,0.0,0.0,0.0,-0.0732284748019319
219,4,0.0,0.0,0.0,0.0,0.0
220,0,0.0,-0.04494701695532658,0.0,0.0,-7.6128983170030216
220,1,0.0,0.0,-0.0007754532239328234,0.0,-1.7937920988557676
220,2,0.0,0.0,0.0,0.0,-0.4530114105179152
220,3,0.0,0.0,0.0,0.0,-0.0732284748019319
220,4,0.0,0.0,0.0,0.0,0.0
221,0,0.0,-0.04494701695532658,0.0,0.0,-7.62851619931163
221,1,0.0,0.0,-0.0007754532239328234,0.0,-1.7937920988557676
221,2,0.0,0.0,0.0,0.0,-0.4530114105179152
221,3,0.0,0.0,0.0,0.0,-0.0732284748019319
221,4,0.0,0.0,0.0,0.0,0.0
222,0,0.0,-0.04494701695532658,0.0,0.0,-7.683553449472337
222,1,0.0,0.0,-0.0007754532239328234,0.0,-1.7937920988557676
222,2,0.0,0.0,0.0,0.0,-0.4530114105179152
222,3,0.0,0.0,0.0,0.0,-0.0732284748019319
222,4,0.0,0.0,0.0,0.0,0.0
223,0,0.0,-0.04494701695532658,0.0,0.0,-7.696832902451723
223,1,0.0,0.0,-0.0007754532239328234,0.0,-1.7937920988557676
223,2,0.0,0.0,0.0,0.0,-0.4530114105179152
223,3,0.0,0.0,0.0,0.0,-0.0732284748019319
223,4,0.0,0.0,0.0,0.0,0.0
224,0,0.0,-0.04494701695532658,0.0,0.0,-7.726570530567687
224,1,0.0,0.0,-0.0007754532239328234,0.0,-1.7937920988557676
224,2,0.0,0.0,0.0,0.0,-0.4530114105179152
224,3,0.0,0.0,0.0,0.0,-0.0732284748019319
224,4,0.0,0.0,0.0,0.0,0.0
225,0,0.0,-0.04494701695532658,0.0,0.0,-7.754164954086571
225,1,0.0,0.0,-0.0007754532239328234,0.0,-1.7937920988557676
225,2,0.0,0.0,0.0,0.0,-0.4530114105179152
225,3,0.0,0.0,0.0,0.0,-0.0732284748019319
225,4,0.0,0.0,0.0,0.0,0.0
226,0,0.0,-0.04494701695532658,0.0,0.0,-7.786444191569262
226,1,0.0,0.0,-0.0007754532239328234,0.0,-1.7937920988557676
226,2,0.0,0.0,0.0,0.0,-0.4530114105179152
226,3,0.0,0.0,0.0,0.0,-0.0732284748019319
226,4,0.0,0.0,0.0,0.0,0.0
227,0,0.0,-0.04494701695532658,0.0,0.0,-7.837281536633389
227,1,0.0,0.0,-0.0007754532239328234,0.0,-1.7937920988557676
227,2,0.0,0.0,0.0,0.0,-0.4530114105179152
227,3,0.0,0.0,0.0,0.0,-0.0732284748019319
227,4,0.0,0.0,0.0,0.0,0.0
228,0,0.0,-0.04494701695532658,0.0,0.0,-7.866054910329517
228,1,0.0,0.0,-0.0007754532239328234,0.0,-1.7937920988557676
228,2,0.0,0.0,0.0,0.0,-0.4530114105179152
228,3,0.0,0.0,0.0,0.0,-0.0732284748019319
228,4,0.0,0.0,0.0,0.0,0.0
229,0,0.0,-0.04494701695532658,0.0,0.0,-7.885095864688795
229,1,0.0,0.0,-0.0007754532239328234,0.0,-1.7937920988557676
229,2,0.0,0.0,0.0,0.0,-0.4530114105179152
229,3,0.0,0.0,0.0,0.0,-0.0732284748019319
229,4,0.0,0.0,0.0,0.0,0.0
230,0,0.0,-0.04494701695532658,0.0,0.0,-7.915362281189703
230,1,0.0,0.0,-0.0007754532239328234,0.0,-1.7937920988557676
230,2,0.0,0.0,0.0,0.0,-0.4530114105179152
230,3,0.0,0.0,0.0,0.0,-0.0732284748019319
230,4,0.0,0.0,0.0,0.0,0.0
231,0,0.0,-0.04494701695532658,0.0,0.0,-7.951889665832809
231,1,0.0,0.0,-0.0007754532239328234,0.0,-1.7937920988557676
231,2,0.0,0.0,0.0,0.0,-0.4530114105179152
231,3,0.0,0.0,0.0,0.0,-0.0732284748019319
231,4,0.0,0.0,0.0,0.0,0.0
232,0,0.0,-0.04494701695532658,0.0,0.0,-7.982646724555998
232,1,0.0,0.0,-0.0007754532239328234,0.0,-1.7937920988557676
232,2,0.0,0.0,0.0,0.0,-0.4530114105179152
232,3,0.0,0.0,0.0,0.0,-0.0732284748019319
232,4,0.0,0.0,0.0,0.0,0.0
233,0,0.0,-0.04494701695532658,0.0,0.0,-8.017886625331137
233,1,0.0,0.0,-0.0007754532239328234,0.0,-1.7937920988557676
233,2,0.0,0.0,0.0,0.0,-0.4530114105179152
233,3,0.0,0.0,0.0,0.0,-0.0732284748019319
233,4,0.0,0.0,0.0,0.0,0.0
234,0,0.0,-0.04494701695532658,0.0,0.0,-8.042547100678345
234,1,0.0,0.0,-0.0007754532239328234,0.0,-1.7937920988557676
234,2,0.0,0.0,0.0,0.0,-0.4530114105179152
234,3,0.0,0.0,0.0,0.0,-0.0732284748019319
234,4,0.0,0.0,0.0,0.0,0.0
235,0,0.0,-0.04494701695532658,0.0,0.0,-8.077255387677168
235,1,0.0,0.0,-0.0007754532239328234,0.0,-1.7937920988557676
235,2,0.0,0.0,0.0,0.0,-0.4530114105179152
235,3,0.0,0.0,0.0,0.0,-0.0732284748019319
235,4,0.0,0.0,0.0,0.0,0.0
236,0,0.0,-0.04494701695532658,0.0,0.0,-8.1150617957272
236,1,0.0,0.0,-0.0007754532239328234,0.0,-1.7937920988557676
236,2,0.0,0.0,0.0,0.0,-0.4530114105179152
236,3,0.0,0.0,0.0,0.0,-0.0732284748019319
236,4,0.0,0.0,0.0,0.0,0.0
237,0,0.0,-0.04494701695532658,0.0,0.0,-8.162105413560017
237,1,0.0,0.0,-0.0007754532239328234,0.0,-1.7937920988557676
237,2,0.0,0.0,0.0,0.0,-0.4530114105179152
237,3,0.0,0.0,0.0,0.0,-0.0732284748019319
237,4,0.0,0.0,0.0,0.0,0.0
238,0,0.0,-0.04494701695532658,0.0,0.0,-8.196482798975879
238,1,0.0,0.0,-0.0007754532239328234,0.0,-1.7937920988557676
238,2,0.0,0.0,0.0,0.0,-0.4530114105179152
238,3,0.0,0.0,0.0,0.0,-0.0732284748019319
238,4,0.0,0.0,0.0,0.0,0.0
239,0,0.0,-0.04494701695532658,0.0,0.0,-8.235781727124621
239,1,0.0,0.0,-0.0007754532239328234,0.0,-1.7937920988557676
239,2,0.0,0.0,0.0,0.0,-0.4530114105179152
239,3,0.0,0.0,0.0,0.0,-0.0732284748019319
239,4,0.0,0.0,0.0,0.0,0.0
240,0,0.0,-0.04494701695532658,0.0,0.0,-8.269257736333126
240,1,0.0,0.0,-0.0007754532239328234,0.0,-1.7937920988557676
240,2,0.0,0.0,0.0,0.0,-0.4530114105179152
240,3,0.0,0.0,0.0,0.0,-0.0732284748019319
240,4,0.0,0.0,0.0,0.0,0.0
241,0,0.0,-0.04494701695532658,0.0,0.0,-8.283425381385698
241,1,0.0,0.0,-0.0007754532239328234,0.0,-1.7937920988557676
241,2,0.0,0.0,0.0,0.0,-0.4530114105179152
241,3,0.0,0.0,0.0,0.0,-0.0732284748019319
241,4,0.0,0.0,0.0,0.0,0.0
242,0,0.0,-0.04494701695532658,0.0,0.0,-8.31110139764291
242,1,0.0,0.0,-0.0007754532239328234,0.0,-1.7937920988557676
242,2,0.0,0.0,0.0,0.0,-0.4530114105179152
242,3,0.0,0.0,0.0,0.0,-0.0732284748019319
242,4,0.0,0.0,0.0,0.0,0.0
243,0,0.0,-0.04494701695532658,0.0,0.0,-8.336351484082055
243,1,0.0,0.0,-0.0007754532239328234,0.0,-1.7937920988557676
243,2,0.0,0.0,0.0,0.0,-0.4530114105179152
243,3,0.0,0.0,0.0,0.0,-0.0732284748019319
243,4,0.0,0.0,0.0,0.0,0.0
244,0,0.0,-0.04494701695532658,0.0,0.0,-8.361874466451757
244,1,0.0,0.0,-0.0007754532239328234,0.0,-1.7937920988557676
244,2,0.0,0.0,0.0,0.0,-0.4530114105179152
244,3,0.0,0.0,0.0,0.0,-0.0732284748019319
244,4,0.0,0.0,0.0,0.0,0.0
245,0,0.0,-0.04494701695532658,0.0,0.0,-8.389819006807874
245,1,0.0,0.0,-0.0007754532239328234,0.0,-1.7937920988557676
245,2,0.0,0.0,0.0,0.0,-0.4530114105179152
245,3,0.0,0.0,0.0,0.0,-0.0732284748019319
245,4,0.0,0.0,0.0,0.0,0.0
246,0,0.0,-0.04494701695532658,0.0,0.0,-8.42168591710509
246,1,0.0,0.0,-0.0007754532239328234,0.0,-1.7937920988557676
246,2,0.0,0.0,0.0,0.0,-0.4530114105179152
246,3,0.0,0.0,0.0,0.0,-0.0732284748019319
246,4,0.0,0.0,0.0,0.0,0.0
247,0,0.0,-0.04494701695532658,0.0,0.0,-8.466715769927733
247,1,0.0,0.0,-0.0007754532239328234,0.0,-1.7937920988557676
247,2,0.0,0.0,0.0,0.0,-0.4530114105179152
247,3,0.0,0.0,0.0,0.0,-0.0732284748019319
247,4,0.0,0.0,0.0,0.0,0.0
248,0,0.0,-0.04494701695532658,0.0,0.0,-8.507248688735677
248,1,0.0,0.0,-0.0007754532239328234,0.0,-1.7937920988557676
248,2,0.0,0.0,0.0,0.0,-0.4530114105179152
248,3,0.0,0.0,0.0,0.0,-0.0732284748019319
248,4,0.0,0.0,0.0,0.0,0.0
249,0,0.0,-0.04494701695532658,0.0,0.0,-8.549242161932595
249,1,0.0,0.0,-0.0007754532239328234,0.0,-1.7937920988557676
249,2,0.0,0.0,0.0,0.0,-0.4530114105179152
249,3,0.0,0.0,0.0,0.0,-0.0732284748019319
249,4,0.0,0.0,0.0,0.0,0.0
250,0,0.0,-0.04494701695532658,0.0,0.0,-8.579429463336139
250,1,0.0,0.0,-0.0007754532239328234,0.0,-1.7937920988557676
250,2,0.0,0.0,0.0,0.0,-0.4530114105179152
250,3,0.0,0.0,0.0,0.0,-0.0732284748019319
250,4,0.0,0.0,0.0,0.0,0.0
251,0,0.0,-0.04494701695532658,0.0,0.0,-8.607667297157837
251,1,0.0,0.0,-0.0007754532239328234,0.0,-1.7937920988557676
251,2,0.0,0.0,0.0,0.0,-0.4530114105179152
251,3,0.0,0.0,0.0,0.0,-0.0732284748019319
251,4,0.0,0.0,0.0,0.0,0.0
252,0,0.0,-0.04494701695532658,0.0,0.0,-8.634824276073186
252,1,0.0,0.0,-0.0007754532239328234,0.0,-1.7937920988557676
252,2,0.0,0.0,0.0,0.0,-0.4530114105179152
252,3,0.0,0.0,0.0,0.0,-0.0732284748019319
252,4,0.0,0.0,0.0,0.0,0.0
253,0,0.0,-0.04494701695532658,0.0,0.0,-8.650483907615765
253,1,0.0,0.0,-0.0007754532239328234,0.0,-1.7937920988557676
253,2,0.0,0.0,0.0,0.0,-0.4530114105179152
253,3,0.0,0.0,0.0,0.0,-0.0732284748019319
253,4,0.0,0.0,0.0,0.0,0.0
254,0,0.0,-0.04494701695532658,0.0,0.0,-8.667069931345415
254,1,0.0,0.0,-0.0007754532239328234,0.0,-1.7937920988557676
254,2,0.0,0.0,0.0,0.0,-0.4530114105179152
254,3,0.0,0.0,0.0,0.0,-0.0732284748019319
254,4,0.0,0.0,0.0,0.0,0.0
255,0,0.0,-0.04494701695532658,0.0,0.0,-8.696936793414043
255,1,0.0,0.0,-0.0007754532239328234,0.0,-1.7937920988557676
255,2,0.0,0.0,0.0,0.0,-0.4530114105179152
255,3,0.0,0.0,0.0,0.0,-0.0732284748019319
255,4,0.0,0.0,0.0,0.0,0.0
256,0,0.0,-0.04494701695532658,0.0,0.0,-8.728242833246366
256,1,0.0,0.0,-0.0007754532239328234,0.0,-1.7937920988557676
256,2,0.0,0.0,0.0,0.0,-0.4530114105179152
256,3,0.0,0.0,0.0,0.0,-0.0732284748019319
256,4,0.0,0.0,0.0,0.0,0.0
257,0,0.0,-0.04494701695532658,0.0,0.0,-8.742586038151176
257,1,0.0,0.0,-0.0007754532239328234,0.0,-1.7937920988557676
257,2,0.0,0.0,0.0,0.0,-0.4530114105179152
257,3,0.0,0.0,0.0,0.0,-0.0732284748019319
257,4,0.0,0.0,0.0,0.0,0.0
258,0,0.0,-0.04494701695532658,0.0,0.0,-8.76339126560982
258,1,0.0,0.0,-0.0007754532239328234,0.0,-1.7937920988557676
258,2,0.0,0.0,0.0,0.0,-0.4530114105179152
258,3,0.0,0.0,0.0,0.0,-0.0732284748019319
258,4,0.0,0.0,0.0,0.0,0.0
259,0,0.0,-0.04494701695532658,0.0,0.0,-8.785993400084985
259,1,0.0,0.0,-0.0007754532239328234,0.0,-1.7937920988557676
259,2,0.0,0.0,0.0,0.0,-0.4530114105179152
259,3,0.0,0.0,0.0,0.0,-0.0732284748019319
259,4,0.0,0.0,0.0,0.0,0.0
260,0,0.0,-0.04494701695532658,0.0,0.0,-8.814468870292503
260,1,0.0,0.0,-0.0007754532239328234,0.0,-1.7937920988557676
260,2,0.0,0.0,0.0,0.0,-0.4530114105179152
260,3,0.0,0.0,0.0,0.0,-0.0732284748019319
260,4,0.0,0.0,0.0,0.0,0.0
261,0,0.0,-0.04494701695532658,0.0,0.0,-8.834533309416218
261,1,0.0,0.0,-0.0007754532239328234,0.0,-1.7937920988557676
261,2,0.0,0.0,0.0,0.0,-0.4530114105179152
261,3,0.0,0.0,0.0,0.0,-0.0732284748019319
261,4,0.0,0.0,0.0,0.0,0.0
262,0,0.0,-0.04494701695532658,0.0,0.0,-8.862910282077236
262,1,0.0,0.0,-0.0007754532239328234,0.0,-1.7937920988557676
262,2,0.0,0.0,0.0,0.0,-0.4530114105179152
262,3,0.0,0.0,0.0,0.0,-0.0732284748019319
262,4,0.0,0.0,0.0,0.0,0.0
263,0,0.0,-0.04494701695532658,0.0,0.0,-8.90068433746952
263,1,0.0,0.0,-0.0007754532239328234,0.0,-1.7937920988557676
263,2,0.0,0.0,0.0,0.0,-0.4530114105179152
263,3,0.0,0.0,0.0,0.0,-0.0732284748019319
263,4,0.0,0.0,0.0,0.0,0.0
264,0,0.0,-0.04494701695532658,0.0,0.0,-8.937655746772375
264,1,0.0,0.0,-0.0007754532239328234,0.0,-1.7937920988557676
264,2,0.0,0.0,0.0,0.0,-0.4530114105179152
264,3,0.0,0.0,0.0,0.0,-0.0732284748019319
264,4,0.0,0.0,0.0,0.0,0.0
265,0,0.0,-0.04494701695532658,0.0,0.0,-8.95707514525123
265,1,0.0,0.0,-0.0007754532239328234,0.0,-1.7937920988557676
265,2,0.0,0.0,0.0,0.0,-0.4530114105179152
265,3,0.0,0.0,0.0,0.0,-0.0732284748019319
265,4,0.0,0.0,0.0,0.0,0.0
266,0,0.0,-0.04494701695532658,0.0,0.0,-9.002504886579946
266,1,0.0,0.0,-0.0007754532239328234,0.0,-1.7937920988557676
266,2,0.0,0.0,0.0,0.0,-0.4530114105179152
266,3,0.0,0.0,0.0,0.0,-0.0732284748019319
266,4,0.0,0.0,0.0,0.0,0.0
267,0,0.0,-0.04494701695532658,0.0,0.0,-9.031502830020985
267,1,0.0,0.0,-0.0007754532239328234,0.0,-1.7937920988557676
267,2,0.0,0.0,0.0,0.0,-0.4530114105179152
267,3,0.0,0.0,0.0,0.0,-0.0732284748019319
267,4,0.0,0.0,0.0,0.0,0.0
268,0,0.0,-0.04494701695532658,0.0,0.0,-9.059800724959402
268,1,0.0,0.0,-0.0007754532239328234,0.0,-1.7937920988557676
268,2,0.0,0.0,0.0,0.0,-0.4530114105179152
268,3,0.0,0.0,0.0,0.0,-0.0732284748019319
268,4,0.0,0.0,0.0,0.0,0.0
269,0,0.0,-0.04494701695532658,0.0,0.0,-9.091127282567836
269,1,0.0,0.0,-0.0007754532239328234,0.0,-1.7937920988557676
269,2,0.0,0.0,0.0,0.0,-0.4530114105179152
269,3,0.0,0.0,0.0,0.0,-0.0732284748019319
269,4,0.0,0.0,0.0,0.0,0.0
270,0,0.0,-0.04494701695532658,0.0,0.0,-9.109372360807173
270,1,0.0,0.0,-0.0007754532239328234,0.0,-1.7937920988557676
270,2,0.0,0.0,0.0,0.0,-0.4530114105179152
270,3,0.0,0.0,0.0,0.0,-0.0732284748019319
270,4,0.0,0.0,0.0,0.0,0.0
271,0,0.0,-0.04494701695532658,0.0,0.0,-9.132017060777747
271,1,0.0,0.0,-0.0007754532239328234,0.0,-1.7937920988557676
271,2,0.0,0.0,0.0,0.0,-0.4530114105179152
271,3,0.0,0.0,0.0,0.0,-0.0732284748019319
271,4,0.0,0.0,0.0,0.0,0.0
272,0,0.0,-0.04494701695532658,0.0,0.0,-9.167819077169183
272,1,0.0,0.0,-0.0007754532239328234,0.0,-1.7937920988557676
272,2,0.0,0.0,0.0,0.0,-0.4530114105179152
272,3,0.0,0.0,0.0,0.0,-0.0732284748019319
272,4,0.0,0.0,0.0,0.0,0.0
273,0,0.0,-0.04494701695532658,0.0,0.0,-9.18198698811452
273,1,0.0,0.0,-0.0007754532239328234,0.0,-1.7937920988557676
273,2,0.0,0.0,0.0,0.0,-0.4530114105179152
273,3,0.0,0.0,0.0,0.0,-0.0732284748019319
273,4,0.0,0.0,0.0,0.0,0.0
274,0,0.0,-0.04494701695532658,0.0,0.0,-9.214079572589114
274,1,0.0,0.0,-0.0007754532239328234,0.0,-1.7937920988557676
274,2,0.0,0.0,0.0,0.0,-0.4530114105179152
274,3,0.0,0.0,0.0,0.0,-0.0732284748019319
274,4,0.0,0.0,0.0,0.0,0.0
275,0,0.0,-0.04494701695532658,0.0,0.0,-9.230797482619963
275,1,0.0,0.0,-0.0007754532239328234,0.0,-1.7937920988557676
275,2,0.0,0.0,0.0,0.0,-0.4530114105179152
275,3,0.0,0.0,0.0,0.0,-0.0732284748019319
275,4,0.0,0.0,0.0,0.0,0.0
276,0,0.0,-0.04494701695532658,0.0,0.0,-9.251091474948783
276,1,0.0,0.0,-0.0007754532239328234,0.0,-1.7937920988557676
276,2,0.0,0.0,0.0,0.0,-0.4530114105179152
276,3,0.0,0.0,0.0,0.0,-0.0732284748019319
276,4,0.0,0.0,0.0,0.0,0.0
277,0,0.0,-0.04494701695532658,0.0,0.0,-9.277538831902346
277,1,0.0,0.0,-0.0007754532239328234,0.0,-1.7937920988557676
277,2,0.0,0.0,0.0,0.0,-0.4530114105179152
277,3,0.0,0.0,0.0,0.0,-0.0732284748019319
277,4,0.0,0.0,0.0,0.0,0.0
278,0,0.0,-0.04816497606730227,0.0,0.0,-9.277538831902346
278,1,0.0,0.0,-0.0007754532239328234,0.0,-1.8488907476097478
278,2,0.0,0.0,0.0,0.0,-0.4530114105179152
278,3,0.0,0.0,0.0,0.0,-0.0732284748019319
278,4,0.0,0.0,0.0,0.0,0.0
279,0,0.0,-0.04816497606730227,0.0,0.0,-9.297570955253969
279,1,0.0,0.0,-0.0007754532239328234,0.0,-1.8488907476097478
279,2,0.0,0.0,0.0,0.0,-0.4530114105179152
279,3,0.0,0.0,0.0,0.0,-0.0732284748019319
279,4,0.0,0.0,0.0,0.0,0.0
280,0,0.0,-0.04816497606730227,0.0,0.0,-9.324716751375387
280,1,0.0,0.0,-0.0007754532239328234,0.0,-1.8488907476097478
280,2,0.0,0.0,0.0,0.0,-0.4530114105179152
280,3,0.0,0.0,0.0,0.0,-0.0732284748019319
280,4,0.0,0.0,0.0,0.0,0.0
281,0,0.0,-0.04816497606730227,0.0,0.0,-9.335495097426735
281,1,0.0,0.0,-0.0007754532239328234,0.0,-1.8488907476097478
281,2,0.0,0.0,0.0,0.0,-0.4530114105179152
281,3,0.0,0.0,0.0,0.0,-0.0732284748019319
281,4,0.0,0.0,0.0,0.0,0.0
282,0,0.0,-0.04816497606730227,0.0,0.0,-9.356164098587504
282,1,0.0,0.0,-0.0007754532239328234,0.0,-1.8488907476097478
282,2,0.0,0.0,0.0,0.0,-0.4530114105179152
282,3,0.0,0.0,0.0,0.0,-0.0732284748019319
282,4,0.0,0.0,0.0,0.0,0.0
283,0,0.0,-0.04816497606730227,0.0,0.0,-9.361280828307729
283,1,0.0,0.0,-0.0007754532239328234,0.0,-1.8488907476097478
283,2,0.0,0.0,0.0,0.0,-0.4530114105179152
283,3,0.0,0.0,0.0,0.0,-0.0732284748019319
283,4,0.0,0.0,0.0,0.0,0.0
284,0,0.0,-0.04816497606730227,0.0,0.0,-9.371923495259812
284,1,0.0,0.0,-0.0007754532239328234,0.0,-1.8488907476097478
284,2,0.0,0.0,0.0,0.0,-0.4530114105179152
284,3,0.0,0.0,0.0,0.0,-0.0732284748019319
284,4,0.0,0.0,0.0,0.0,0.0
285,0,0.0,-0.04816497606730227,0.0,0.0,-9.394309602044213
285,1,0.0,0.0,-0.0007754532239328234,0.0,-1.8488907476097478
285,2,0.0,0.0,0.0,0.0,-0.4530114105179152
285,3,0.0,0.0,0.0,0.0,-0.0732284748019319
285,4,0.0,0.0,0.0,0.0,0.0
286,0,0.0,-0.04816497606730227,0.0,0.0,-9.417355598680007
286,1,0.0,0.0,-0.0007754532239328234,0.0,-1.8488907476097478
286,2,0.0,0.0,0.0,0.0,-0.4530114105179152
286,3,0.0,0.0,0.0,0.0,-0.0732284748019319
286,4,0.0,0.0,0.0,0.0,0.0
287,0,0.0,-0.04816497606730227,0.0,0.0,-9.443043893218704
287,1,0.0,0.0,-0.0007754532239328234,0.0,-1.8488907476097478
287,2,0.0,0.0,0.0,0.0,-0.4530114105179152
287,3,0.0,0.0,0.0,0.0,-0.0732284748019319
287,4,0.0,0.0,0.0,0.0,0.0
288,0,0.0,-0.04816497606730227,0.0,0.0,-9.472631247208058
288,1,0.0,0.0,-0.0007754532239328234,0.0,-1.8488907476097478
288,2,0.0,0.0,0.0,0.0,-0.4530114105179152
288,3,0.0,0.0,0.0,0.0,-0.0732284748019319
288,4,0.0,0.0,0.0,0.0,0.0
289,0,0.0,-0.04816497606730227,0.0,0.0,-9.500004330643371
289,1,0.0,0.0,-0.0007754532239328234,0.0,-1.8488907476097478
289,2,0.0,0.0,0.0,0.0,-0.4530114105179152
289,3,0.0,0.0,0.0,0.0,-0.0732284748019319
289,4,0.0,0.0,0.0,0.0,0.0
290,0,0.0,-0.04816497606730227,0.0,0.0,-9.53402704305986
290,1,0.0,0.0,-0.0007754532239328234,0.0,-1.8488907476097478
290,2,0.0,0.0,0.0,0.0,-0.4530114105179152
290,3,0.0,0.0,0.0,0.0,-0.0732284748019319
290,4,0.0,0.0,0.0,0.0,0.0
291,0,0.0,-0.04816497606730227,0.0,0.0,-9.55258814414401
291,1,0.0,0.0,-0.0007754532239328234,0.0,-1.8488907476097478
291,2,0.0,0.0,0.0,0.0,-0.4530114105179152
291,3,0.0,0.0,0.0,0.0,-0.0732284748019319
291,4,0.0,0.0,0.0,0.0,0.0
292,0,0.0,-0.04816497606730227,0.0,0.0,-9.582937200929699
292,1,0.0,0.0,-0.0007754532239328234,0.0,-1.8488907476097478
292,2,0.0,0.0,0.0,0.0,-0.4530114105179152
292,3,0.0,0.0,0.0,0.0,-0.0732284748019319
292,4,0.0,0.0,0.0,0.0,0.0
293,0,0.0,-0.04816497606730227,0.0,0.0,-9.621921893501707
293,1,0.0,0.0,-0.0007754532239328234,0.0,-1.8488907476097478
293,2,0.0,0.0,0.0,0.0,-0.4530114105179152
293,3,0.0,0.0,0.0,0.0,-0.0732284748019319
293,4,0.0,0.0,0.0,0.0,0.0
294,0,0.0,-0.04816497606730227,0.0,0.0,-9.65186845831536
294,1,0.0,0.0,-0.0007754532239328234,0.0,-1.8488907476097478
294,2,0.0,0.0,0.0,0.0,-0.4530114105179152
294,3,0.0,0.0,0.0,0.0,-0.0732284748019319
294,4,0.0,0.0,0.0,0.0,0.0
295,0,0.0,-0.04816497606730227,0.0,0.0,-9.662179329977626
295,1,0.0,0.0,-0.0007754532239328234,0.0,-1.8488907476097478
295,2,0.0,0.0,0.0,0.0,-0.4530114105179152
295,3,0.0,0.0,0.0,0.0,-0.0732284748019319
295,4,0.0,0.0,0.0,0.0,0.0
296,0,0.0,-0.04816497606730227,0.0,0.0,-9.686781892882346
296,1,0.0,0.0,-0.0007754532239328234,0.0,-1.8488907476097478
296,2,0.0,0.0,0.0,0.0,-0.4530114105179152
296,3,0.0,0.0,0.0,0.0,-0.0732284748019319
296,4,0.0,0.0,0.0,0.0,0.0
297,0,0.0,-0.04816497606730227,0.0,0.0,-9.711352541319052
297,1,0.0,0.0,-0.0007754532239328234,0.0,-1.8488907476097478
297,2,0.0,0.0,0.0,0.0,-0.4530114105179152
297,3,0.0,0.0,0.0,0.0,-0.0732284748019319
297,4,0.0,0.0,0.0,0.0,0.0
298,0,0.0,-0.04816497606730227,0.0,0.0,-9.744865685797873
298,1,0.0,0.0,-0.0007754532239328234,0.0,-1.8488907476097478
298,2,0.0,0.0,0.0,0.0,-0.4530114105179152
298,3,0.0,0.0,0.0,0.0,-0.0732284748019319
298,4,0.0,0.0,0.0,0.0,0.0
299,0,0.0,-0.04816497606730227,0.0,0.0,-9.76772500616118
299,1,0.0,0.0,-0.0007754532239328234,0.0,-1.8488907476097478
299,2,0.0,0.0,0.0,0.0,-0.4530114105179152
299,3,0.0,0.0,0.0,0.0,-0.0732284748019319
299,4,0.0,0.0,0.0,0.0,0.0
300,0,0.0,-0.04816497606730227,0.0,0.0,-9.792527990895257
300,1,0.0,0.0,-0.0007754532239328234,0.0,-1.8488907476097478
300,2,0.0,0.0,0.0,0.0,-0.4530114105179152
300,3,0.0,0.0,0.0,0.0,-0.0732284748019319
300,4,0.0,0.0,0.0,0.0,0.0
301,0,0.0,-0.04816497606730227,0.0,0.0,-9.816827183188941
301,1,0.0,0.0,-0.0007754532239328234,0.0,-1.8488907476097478
301,2,0.0,0.0,0.0,0.0,-0.4530114105179152
301,3,0.0,0.0,0.0,0.0,-0.0732284748019319
301,4,0.0,0.0,0.0,0.0,0.0
302,0,0.0,-0.04816497606730227,0.0,0.0,-9.839378645607235
302,1,0.0,0.0,-0.0007754532239328234,0.0,-1.8488907476097478
302,2,0.0,0.0,0.0,0.0,-0.4530114105179152
302,3,0.0,0.0,0.0,0.0,-0.0732284748019319
302,4,0.0,0.0,0.0,0.0,0.0
303,0,0.0,-0.04816497606730227,0.0,0.0,-9.87149469401531
303,1,0.0,0.0,-0.0007754532239328234,0.0,-1.8488907476097478
303,2,0.0,0.0,0.0,0.0,-0.4530114105179152
303,3,0.0,0.0,0.0,0.0,-0.0732284748019319
303,4,0.0,0.0,0.0,0.0,0.0
304,0,0.0,-0.04816497606730227,0.0,0.0,-9.889637207566253
304,1,0.0,0.0,-0.0007754532239328234,0.0,-1.8488907476097478
304,2,0.0,0.0,0.0,0.0,-0.4530114105179152
304,3,0.0,0.0,0.0,0.0,-0.0732284748019319
304,4,0.0,0.0,0.0,0.0,0.0
305,0,0.0,-0.04816497606730227,0.0,0.0,-9.913319466449707
305,1,0.0,0.0,-0.0007754532239328234,0.0,-1.8488907476097478
305,2,0.0,0.0,0.0,0.0,-0.4530114105179152
305,3,0.0,0.0,0.0,0.0,-0.0732284748019319
305,4,0.0,0.0,0.0,0.0,0.0
306,0,0.0,-0.04816497606730227,0.0,0.0,-9.94219552197683
306,1,0.0,0.0,-0.0007754532239328234,0.0,-1.8488907476097478
306,2,0.0,0.0,0.0,0.0,-0.4530114105179152
306,3,0.0,0.0,0.0,0.0,-0.0732284748019319
306,4,0.0,0.0,0.0,0.0,0.0
307,0,0.0,-0.04816497606730227,0.0,0.0,-9.951747428462463
307,1,0.0,0.0,-0.0007754532239328234,0.0,-1.8488907476097478
307,2,0.0,0.0,0.0,0.0,-0.4530114105179152
307,3,0.0,0.0,0.0,0.0,-0.0732284748019319
307,4,0.0,0.0,0.0,0.0,0.0
308,0,0.0,-0.04816497606730227,0.0,0.0,-9.971671448449081
308,1,0.0,0.0,-0.0007754532239328234,0.0,-1.8488907476097478
308,2,0.0,0.0,0.0,0.0,-0.4530114105179152
308,3,0.0,0.0,0.0,0.0,-0.0732284748019319
308,4,0.0,0.0,0.0,0.0,0.0
309,0,0.0,-0.04816497606730227,0.0,0.0,-10.004739830495584
309,1,0.0,0.0,-0.0007754532239328234,0.0,-1.8488907476097478
309,2,0.0,0.0,0.0,0.0,-0.4530114105179152
309,3,0.0,0.0,0.0,0.0,-0.0732284748019319
309,4,0.0,0.0,0.0,0.0,0.0
310,0,0.0,-0.04816497606730227,0.0,0.0,-10.037705726838915
310,1,0.0,0.0,-0.0007754532239328234,0.0,-1.8488907476097478
310,2,0.0,0.0,0.0,0.0,-0.4530114105179152
310,3,0.0,0.0,0.0,0.0,-0.0732284748019319
310,4,0.0,0.0,0.0,0.0,0.0
311,0,0.0,-0.04816497606730227,0.0,0.0,-10.05615052573298
311,1,0.0,0.0,-0.0007754532239328234,0.0,-1.8488907476097478
311,2,0.0,0.0,0.0,0.0,-0.4530114105179152
311,3,0.0,0.0,0.0,0.0,-0.0732284748019319
311,4,0.0,0.0,0.0,0.0,0.0
312,0,0.0,-0.04816497606730227,0.0,0.0,-10.079573827648382
312,1,0.0,0.0,-0.0007754532239328234,0.0,-1.8488907476097478
312,2,0.0,0.0,0.0,0.0,-0.4530114105179152
312,3,0.0,0.0,0.0,0.0,-0.0732284748019319
312,4,0.0,0.0,0.0,0.0,0.0
313,0,0.0,-0.04816497606730227,0.0,0.0,-10.094331106236451
313,1,0.0,0.0,-0.0007754532239328234,0.0,-1.8488907476097478
313,2,0.0,0.0,0.0,0.0,-0.4530114105179152
313,3,0.0,0.0,0.0,0.0,-0.0732284748019319
313,4,0.0,0.0,0.0,0.0,0.0
314,0,0.0,-0.04816497606730227,0.0,0.0,-10.115823568504073
314,1,0.0,0.0,-0.0007754532239328234,0.0,-1.8488907476097478
314,2,0.0,0.0,0.0,0.0,-0.4530114105179152
314,3,0.0,0.0,0.0,0.0,-0.0732284748019319
314,4,0.0,0.0,0.0,0.0,0.0
315,0,0.0,-0.04816497606730227,0.0,0.0,-10.15952081462664
315,1,0.0,0.0,-0.0007754532239328234,0.0,-1.8488907476097478
315,2,0.0,0.0,0.0,0.0,-0.4530114105179152
315,3,0.0,0.0,0.0,0.0,-0.0732284748019319
315,4,0.0,0.0,0.0,0.0,0.0
316,0,0.0,-0.04816497606730227,0.0,0.0,-10.198794670330352
316,1,0.0,0.0,-0.0007754532239328234,0.0,-1.8488907476097478
316,2,0.0,0.0,0.0,0.0,-0.4530114105179152
316,3,0.0,0.0,0.0,0.0,-0.0732284748019319
316,4,0.0,0.0,0.0,0.0,0.0
317,0,0.0,-0.04816497606730227,0.0,0.0,-10.22866598321799
317,1,0.0,0.0,-0.0007754532239328234,0.0,-1.8488907476097478
317,2,0.0,0.0,0.0,0.0,-0.4530114105179152
317,3,0.0,0.0,0.0,0.0,-0.0732284748019319
317,4,0.0,0.0,0.0,0.0,0.0
318,0,0.0,-0.04816497606730227,0.0,0.0,-10.277208400404229
318,1,0.0,0.0,-0.0007754532239328234,0.0,-1.8488907476097478
318,2,0.0,0.0,0.0,0.0,-0.4530114105179152
318,3,0.0,0.0,0.0,0.0,-0.0732284748019319
318,4,0.0,0.0,0.0,0.0,0.0
319,0,0.0,-0.04816497606730227,0.0,0.0,-10.314962893306898
319,1,0.0,0.0,-0.0007754532239328234,0.0,-1.8488907476097478
319,2,0.0,0.0,0.0,0.0,-0.4530114105179152
319,3,0.0,0.0,0.0,0.0,-0.0732284748019319
319,4,0.0,0.0,0.0,0.0,0.0
320,0,0.0,-0.04816497606730227,0.0,0.0,-10.344009651929195
320,1,0.0,0.0,-0.0007754532239328234,0.0,-1.8488907476097478
320,2,0.0,0.0,0.0,0.0,-0.4530114105179152
320,3,0.0,0.0,0.0,0.0,-0.0732284748019319
320,4,0.0,0.0,0.0,0.0,0.0
321,0,0.0,-0.04816497606730227,0.0,0.0,-10.373559007896905
321,1,0.0,0.0,-0.0007754532239328234,0.0,-1.8488907476097478
321,2,0.0,0.0,0.0,0.0,-0.4530114105179152
321,3,0.0,0.0,0.0,0.0,-0.0732284748019319
321,4,0.0,0.0,0.0,0.0,0.0
322,0,0.0,-0.04816497606730227,0.0,0.0,-10.404120191209238
322,1,0.0,0.0,-0.0007754532239328234,0.0,-1.8488907476097478
322,2,0.0,0.0,0.0,0.0,-0.4530114105179152
322,3,0.0,0.0,0.0,0.0,-0.0732284748019319
322,4,0.0,0.0,0.0,0.0,0.0
323,0,0.0,-0.04816497606730227,0.0,0.0,-10.43588586293866
323,1,0.0,0.0,-0.0007754532239328234,0.0,-1.8488907476097478
323,2,0.0,0.0,0.0,0.0,-0.4530114105179152
323,3,0.0,0.0,0.0,0.0,-0.0732284748019319
323,4,0.0,0.0,0.0,0.0,0.0
324,0,0.0,-0.04816497606730227,0.0,0.0,-10.47619127246572
324,1,0.0,0.0,-0.0007754532239328234,0.0,-1.8488907476097478
324,2,0.0,0.0,0.0,0.0,-0.4530114105179152
324,3,0.0,0.0,0.0,0.0,-0.0732284748019319
324,4,0.0,0.0,0.0,0.0,0.0
325,0,0.0,-0.04816497606730227,0.0,0.0,-10.527510596340404
325,1,0.0,0.0,-0.0007754532239328234,0.0,-1.8488907476097478
325,2,0.0,0.0,0.0,0.0,-0.4530114105179152
325,3,0.0,0.0,0.0,0.0,-0.0732284748019319
325,4,0.0,0.0,0.0,0.0,0.0
326,0,0.0,-0.04816497606730227,0.0,0.0,-10.553533580185578
326,1,0.0,0.0,-0.0007754532239328234,0.0,-1.8488907476097478
326,2,0.0,0.0,0.0,0.0,-0.4530114105179152
326,3,0.0,0.0,0.0,0.0,-0.0732284748019319
326,4,0.0,0.0,0.0,0.0,0.0
327,0,0.0,-0.04816497606730227,0.0,0.0,-10.56788751169702
327,1,0.0,0.0,-0.0007754532239328234,0.0,-1.8488907476097478
327,2,0.0,0.0,0.0,0.0,-0.4530114105179152
327,3,0.0,0.0,0.0,0.0,-0.0732284748019319
327,4,0.0,0.0,0.0,0.0,0.0
328,0,0.0,-0.04816497606730227,0.0,0.0,-10.58848860229698
328,1,0.0,0.0,-0.0007754532239328234,0.0,-1.8488907476097478
328,2,0.0,0.0,0.0,0.0,-0.4530114105179152
328,3,0.0,0.0,0.0,0.0,-0.0732284748019319
328,4,0.0,0.0,0.0,0.0,0.0
329,0,0.0,-0.04816497606730227,0.0,0.0,-10.62943326384292
329,1,0.0,0.0,-0.0007754532239328234,0.0,-1.8488907476097478
329,2,0.0,0.0,0.0,0.0,-0.4530114105179152
329,3,0.0,0.0,0.0,0.0,-0.0732284748019319
329,4,0.0,0.0,0.0,0.0,0.0
330,0,0.0,-0.04816497606730227,0.0,0.0,-10.636351959206396
330,1,0.0,0.0,-0.0007754532239328234,0.0,-1.8488907476097478
330,2,0.0,0.0,0.0,0.0,-0.4530114105179152
330,3,0.0,0.0,0.0,0.0,-0.0732284748019319
330,4,0.0,0.0,0.0,0.0,0.0
331,0,0.0,-0.04816497606730227,0.0,0.0,-10.660505826205759
331,1,0.0,0.0,-0.0007754532239328234,0.0,-1.8488907476097478
331,2,0.0,0.0,0.0,0.0,-0.4530114105179152
331,3,0.0,0.0,0.0,0.0,-0.0732284748019319
331,4,0.0,0.0,0.0,0.0,0.0
332,0,0.0,-0.04816497606730227,0.0,0.0,-10.687485254831596
332,1,0.0,0.0,-0.0007754532239328234,0.0,-1.8488907476097478
332,2,0.0,0.0,0.0,0.0,-0.4530114105179152
332,3,0.0,0.0,0.0,0.0,-0.0732284748019319
332,4,0.0,0.0,0.0,0.0,0.0
333,0,0.0,-0.04816497606730227,0.0,0.0,-10.70670931061868
333,1,0.0,0.0,-0.0007754532239328234,0.0,-1.8488907476097478
333,2,0.0,0.0,0.0,0.0,-0.4530114105179152
333,3,0.0,0.0,0.0,0.0,-0.0732284748019319
333,4,0.0,0.0,0.0,0.0,0.0
334,0,0.0,-0.04816497606730227,0.0,0.0,-10.71312421969533
334,1,0.0,0.0,-0.0007754532239328234,0.0,-1.8488907476097478
334,2,0.0,0.0,0.0,0.0,-0.4530114105179152
334,3,0.0,0.0,0.0,0.0,-0.0732284748019319
334,4,0.0,0.0,0.0,0.0,0.0
335,0,0.0,-0.04816497606730227,0.0,0.0,-10.730700227772713
335,1,0.0,0.0,-0.0007754532239328234,0.0,-1.8488907476097478
335,2,0.0,0.0,0.0,0.0,-0.4530114105179152
335,3,0.0,0.0,0.0,0.0,-0.0732284748019319
335,4,0.0,0.0,0.0,0.0,0.0
336,0,0.0,-0.04816497606730227,0.0,0.0,-10.751532730684266
336,1,0.0,0.0,-0.0007754532239328234,0.0,-1.8488907476097478
336,2,0.0,0.0,0.0,0.0,-0.4530114105179152
336,3,0.0,0.0,0.0,0.0,-0.0732284748019319
336,4,0.0,0.0,0.0,0.0,0.0
337,0,0.0,-0.04816497606730227,0.0,0.0,-10.76923877071896
337,1,0.0,0.0,-0.0007754532239328234,0.0,-1.8488907476097478
337,2,0.0,0.0,0.0,0.0,-0.4530114105179152
337,3,0.0,0.0,0.0,0.0,-0.0732284748019319
337,4,0.0,0.0,0.0,0.0,0.0
338,0,0.0,-0.04816497606730227,0.0,0.0,-10.77270159051748
338,1,0.0,0.0,-0.0007754532239328234,0.0,-1.8488907476097478
338,2,0.0,0.0,0.0,0.0,-0.4530114105179152
338,3,0.0,0.0,0.0,0.0,-0.0732284748019319
338,4,0.0,0.0,0.0,0.0,0.0
339,0,0.0,-0.04816497606730227,0.0,0.0,-10.796608640636455
339,1,0.0,0.0,-0.0007754532239328234,0.0,-1.8488907476097478
339,2,0.0,0.0,0.0,0.0,-0.4530114105179152
339,3,0.0,0.0,0.0,0.0,-0.0732284748019319
339,4,0.0,0.0,0.0,0.0,0.0
340,0,0.0,-0.04816497606730227,0.0,0.0,-10.819051296997321
340,1,0.0,0.0,-0.0007754532239328234,0.0,-1.8488907476097478
340,2,0.0,0.0,0.0,0.0,-0.4530114105179152
340,3,0.0,0.0,0.0,0.0,-0.0732284748019319
340,4,0.0,0.0,0.0,0.0,0.0
341,0,0.0,-0.04816497606730227,0.0,0.0,-10.855263928313487
341,1,0.0,0.0,-0.0007754532239328234,0.0,-1.8488907476097478
341,2,0.0,0.0,0.0,0.0,-0.4530114105179152
341,3,0.0,0.0,0.0,0.0,-0.0732284748019319
341,4,0.0,0.0,0.0,0.0,0.0
342,0,0.0,-0.04816497606730227,0.0,0.0,-10.899277760730262
342,1,0.0,0.0,-0.0007754532239328234,0.0,-1.8488907476097478
342,2,0.0,0.0,0.0,0.0,-0.4530114105179152
342,3,0.0,0.0,0.0,0.0,-0.0732284748019319
342,4,0.0,0.0,0.0,0.0,0.0
343,0,0.0,-0.04816497606730227,0.0,0.0,-10.933531205620811
343,1,0.0,0.0,-0.0007754532239328234,0.0,-1.8488907476097478
343,2,0.0,0.0,0.0,0.0,-0.4530114105179152
343,3,0.0,0.0,0.0,0.0,-0.0732284748019319
343,4,0.0,0.0,0.0,0.0,0.0
344,0,0.0,-0.04816497606730227,0.0,0.0,-10.949251540710318
344,1,0.0,0.0,-0.0007754532239328234,0.0,-1.8488907476097478
344,2,0.0,0.0,0.0,0.0,-0.4530114105179152
344,3,0.0,0.0,0.0,0.0,-0.0732284748019319
344,4,0.0,0.0,0.0,0.0,0.0
345,0,0.0,-0.04816497606730227,0.0,0.0,-10.970968670652436
345,1,0.0,0.0,-0.0007754532239328234,0.0,-1.8488907476097478
345,2,0.0,0.0,0.0,0.0,-0.4530114105179152
345,3,0.0,0.0,0.0,0.0,-0.0732284748019319
345,4,0.0,0.0,0.0,0.0,0.0
346,0,0.0,-0.04816497606730227,0.0,0.0,-10.992543339929222
346,1,0.0,0.0,-0.0007754532239328234,0.0,-1.8488907476097478
346,2,0.0,0.0,0.0,0.0,-0.4530114105179152
346,3,0.0,0.0,0.0,0.0,-0.0732284748019319
346,4,0.0,0.0,0.0,0.0,0.0
347,0,0.0,-0.04816497606730227,0.0,0.0,-11.016889016527848
347,1,0.0,0.0,-0.0007754532239328234,0.0,-1.8488907476097478
347,2,0.0,0.0,0.0,0.0,-0.4530114105179152
347,3,0.0,0.0,0.0,0.0,-0.0732284748019319
347,4,0.0,0.0,0.0,0.0,0.0
348,0,0.0,-0.04816497606730227,0.0,0.0,-11.024384471010046
348,1,0.0,0.0,-0.0007754532239328234,0.0,-1.8488907476097478
348,2,0.0,0.0,0.0,0.0,-0.4530114105179152
348,3,0.0,0.0,0.0,0.0,-0.0732284748019319
348,4,0.0,0.0,0.0,0.0,0.0
349,0,0.0,-0.04816497606730227,0.0,0.0,-11.05190649902344
349,1,0.0,0.0,-0.0007754532239328234,0.0,-1.8488907476097478
349,2,0.0,0.0,0.0,0.0,-0.4530114105179152
349,3,0.0,0.0,0.0,0.0,-0.0732284748019319
349,4,0.0,0.0,0.0,0.0,0.0
350,0,0.0,-0.04816497606730227,0.0,0.0,-11.082115004503352
350,1,0.0,0.0,-0.0007754532239328234,0.0,-1.8488907476097478
350,2,0.0,0.0,0.0,0.0,-0.4530114105179152
350,3,0.0,0.0,0.0,0.0,-0.0732284748019319
350,4,0.0,0.0,0.0,0.0,0.0
351,0,0.0,-0.04816497606730227,0.0,0.0,-11.094545889062253
351,1,0.0,0.0,-0.0007754532239328234,0.0,-1.8488907476097478
351,2,0.0,0.0,0.0,0.0,-0.4530114105179152
351,3,0.0,0.0,0.0,0.0,-0.0732284748019319
351,4,0.0,0.0,0.0,0.0,0.0
352,0,0.0,-0.04816497606730227,0.0,0.0,-11.12663422650845
352,1,0.0,0.0,-0.0007754532239328234,0.0,-1.8488907476097478
352,2,0.0,0.0,0.0,0.0,-0.4530114105179152
352,3,0.0,0.0,0.0,0.0,-0.0732284748019319
352,4,0.0,0.0,0.0,0.0,0.0
353,0,0.0,-0.04816497606730227,0.0,0.0,-11.137884056665744
353,1,0.0,0.0,-0.0007754532239328234,0.0,-1.8488907476097478
353,2,0.0,0.0,0.0,0.0,-0.4530114105179152
353,3,0.0,0.0,0.0,0.0,-0.0732284748019319
353,4,0.0,0.0,0.0,0.0,0.0
354,0,0.0,-0.04816497606730227,0.0,0.0,-11.15500446412932
354,1,0.0,0.0,-0.0007754532239328234,0.0,-1.8488907476097478
354,2,0.0,0.0,0.0,0.0,-0.4530114105179152
354,3,0.0,0.0,0.0,0.0,-0.0732284748019319
354,4,0.0,0.0,0.0,0.0,0.0
355,0,0.0,-0.04816497606730227,0.0,0.0,-11.177424463038244
355,1,0.0,0.0,-0.0007754532239328234,0.0,-1.8488907476097478
355,2,0.0,0.0,0.0,0.0,-0.4530114105179152
355,3,0.0,0.0,0.0,0.0,-0.0732284748019319
355,4,0.0,0.0,0.0,0.0,0.0
356,0,0.0,-0.04816497606730227,0.0,0.0,-11.201389121431834
356,1,0.0,0.0,-0.0007754532239328234,0.0,-1.8488907476097478
356,2,0.0,0.0,0.0,0.0,-0.4530114105179152
356,3,0.0,0.0,0.0,0.0,-0.0732284748019319
356,4,0.0,0.0,0.0,0.0,0.0
357,0,0.0,-0.04816497606730227,0.0,0.0,-11.22688820673036
357,1,0.0,0.0,-0.0007754532239328234,0.0,-1.8488907476097478
357,2,0.0,0.0,0.0,0.0,-0.4530114105179152
357,3,0.0,0.0,0.0,0.0,-0.0732284748019319
357,4,0.0,0.0,0.0,0.0,0.0
358,0,0.0,-0.04816497606730227,0.0,0.0,-11.239973707671538
358,1,0.0,0.0,-0.0007754532239328234,0.0,-1.8488907476097478
358,2,0.0,0.0,0.0,0.0,-0.4530114105179152
358,3,0.0,0.0,0.0,0.0,-0.0732284748019319
358,4,0.0,0.0,0.0,0.0,0.0
359,0,0.0,-0.04816497606730227,0.0,0.0,-11.25052500759541
359,1,0.0,0.0,-0.0007754532239328234,0.0,-1.8488907476097478
359,2,0.0,0.0,0.0,0.0,-0.4530114105179152
359,3,0.0,0.0,0.0,0.0,-0.0732284748019319
359,4,0.0,0.0,0.0,0.0,0.0
360,0,0.0,-0.04816497606730227,0.0,0.0,-11.269293253242031
360,1,0.0,0.0,-0.0007754532239328234,0.0,-1.8488907476097478
360,2,0.0,0.0,0.0,0.0,-0.4530114105179152
360,3,0.0,0.0,0.0,0.0,-0.0732284748019319
360,4,0.0,0.0,0.0,0.0,0.0
361,0,0.0,-0.04816497606730227,0.0,0.0,-11.2950783688537
361,1,0.0,0.0,-0.0007754532239328234,0.0,-1.8488907476097478
361,2,0.0,0.0,0.0,0.0,-0.4530114105179152
361,3,0.0,0.0,0.0,0.0,-0.0732284748019319
361,4,0.0,0.0,0.0,0.0,0.0
362,0,0.0,-0.04816497606730227,0.0,0.0,-11.322382452586263
362,1,0.0,0.0,-0.0007754532239328234,0.0,-1.8488907476097478
362,2,0.0,0.0,0.0,0.0,-0.4530114105179152
362,3,0.0,0.0,0.0,0.0,-0.0732284748019319
362,4,0.0,0.0,0.0,0.0,0.0
363,0,0.0,-0.04816497606730227,0.0,0.0,-11.348511939621863
363,1,0.0,0.0,-0.0007754532239328234,0.0,-1.8488907476097478
363,2,0.0,0.0,0.0,0.0,-0.4530114105179152
363,3,0.0,0.0,0.0,0.0,-0.0732284748019319
363,4,0.0,0.0,0.0,0.0,0.0
364,0,0.0,-0.04816497606730227,0.0,0.0,-11.380136866263024
364,1,0.0,0.0,-0.0007754532239328234,0.0,-1.8488907476097478
364,2,0.0,0.0,0.0,0.0,-0.4530114105179152
364,3,0.0,0.0,0.0,0.0,-0.0732284748019319
364,4,0.0,0.0,0.0,0.0,0.0
365,0,0.0,-0.04816497606730227,0.0,0.0,-11.389635061445128
365,1,0.0,0.0,-0.0007754532239328234,0.0,-1.8488907476097478
365,2,0.0,0.0,0.0,0.0,-0.4530114105179152
365,3,0.0,0.0,0.0,0.0,-0.0732284748019319
365,4,0.0,0.0,0.0,0.0,0.0
366,0,0.0,-0.04816497606730227,0.0,0.0,-11.415368594174069
366,1,0.0,0.0,-0.0007754532239328234,0.0,-1.8488907476097478
366,2,0.0,0.0,0.0,0.0,-0.4530114105179152
366,3,0.0,0.0,0.0,0.0,-0.0732284748019319
366,4,0.0,0.0,0.0,0.0,0.0
367,0,0.0,-0.04816497606730227,0.0,0.0,-11.430163165119254
367,1,0.0,0.0,-0.0007754532239328234,0.0,-1.8488907476097478
367,2,0.0,0.0,0.0,0.0,-0.4530114105179152
367,3,0.0,0.0,0.0,0.0,-0.0732284748019319
367,4,0.0,0.0,0.0,0.0,0.0
368,0,0.0,-0.04816497606730227,0.0,0.0,-11.464654817907988
368,1,0.0,0.0,-0.0007754532239328234,0.0,-1.8488907476097478
368,2,0.0,0.0,0.0,0.0,-0.4530114105179152
368,3,0.0,0.0,0.0,0.0,-0.0732284748019319
368,4,0.0,0.0,0.0,0.0,0.0
369,0,0.0,-0.04816497606730227,0.0,0.0,-11.480706564018567
369,1,0.0,0.0,-0.0007754532239328234,0.0,-1.8488907476097478
369,2,0.0,0.0,0.0,0.0,-0.4530114105179152
369,3,0.0,0.0,0.0,0.0,-0.0732284748019319
369,4,0.0,0.0,0.0,0.0,0.0
370,0,0.0,-0.04816497606730227,0.0,0.0,-11.499177867715495
370,1,0.0,0.0,-0.0007754532239328234,0.0,-1.8488907476097478
370,2,0.0,0.0,0.0,0.0,-0.4530114105179152
370,3,0.0,0.0,0.0,0.0,-0.0732284748019319
370,4,0.0,0.0,0.0,0.0,0.0
371,0,0.0,-0.04816497606730227,0.0,0.0,-11.508570816097103
371,1,0.0,0.0,-0.0007754532239328234,0.0,-1.8488907476097478
371,2,0.0,0.0,0.0,0.0,-0.4530114105179152
371,3,0.0,0.0,0.0,0.0,-0.0732284748019319
371,4,0.0,0.0,0.0,0.0,0.0
372,0,0.0,-0.04816497606730227,0.0,0.0,-11.511772526642996
372,1,0.0,0.0,-0.0007754532239328234,0.0,-1.8488907476097478
372,2,0.0,0.0,0.0,0.0,-0.4530114105179152
372,3,0.0,0.0,0.0,0.0,-0.0732284748019319
372,4,0.0,0.0,0.0,0.0,0.0
373,0,0.0,-0.04816497606730227,0.0,0.0,-11.546291792815799
373,1,0.0,0.0,-0.0007754532239328234,0.0,-1.8488907476097478
373,2,0.0,0.0,0.0,0.0,-0.4530114105179152
373,3,0.0,0.0,0.0,0.0,-0.0732284748019319
373,4,0.0,0.0,0.0,0.0,0.0
374,0,0.0,-0.04816497606730227,0.0,0.0,-11.559408840052813
374,1,0.0,0.0,-0.0007754532239328234,0.0,-1.8488907476097478
374,2,0.0,0.0,0.0,0.0,-0.4530114105179152
374,3,0.0,0.0,0.0,0.0,-0.0732284748019319
374,4,0.0,0.0,0.0,0.0,0.0
375,0,0.0,-0.04816497606730227,0.0,0.0,-11.587810929788512
375,1,0.0,0.0,-0.0007754532239328234,0.0,-1.8488907476097478
375,2,0.0,0.0,0.0,0.0,-0.4530114105179152
375,3,0.0,0.0,0.0,0.0,-0.0732284748019319
375,4,0.0,0.0,0.0,0.0,0.0
376,0,0.0,-0.04816497606730227,0.0,0.0,-11.614633344214804
376,1,0.0,0.0,-0.0007754532239328234,0.0,-1.8488907476097478
376,2,0.0,0.0,0.0,0.0,-0.4530114105179152
376,3,0.0,0.0,0.0,0.0,-0.0732284748019319
376,4,0.0,0.0,0.0,0.0,0.0
377,0,0.0,-0.04816497606730227,0.0,0.0,-11.64950120882086
377,1,0.0,0.0,-0.0007754532239328234,0.0,-1.8488907476097478
377,2,0.0,0.0,0.0,0.0,-0.4530114105179152
377,3,0.0,0.0,0.0,0.0,-0.0732284748019319
377,4,0.0,0.0,0.0,0.0,0.0
378,0,0.0,-0.04816497606730227,0.0,0.0,-11.670308556985606
378,1,0.0,0.0,-0.0007754532239328234,0.0,-1.8488907476097478
378,2,0.0,0.0,0.0,0.0,-0.4530114105179152
378,3,0.0,0.0,0.0,0.0,-0.0732284748019319
378,4,0.0,0.0,0.0,0.0,0.0
379,0,0.0,-0.04816497606730227,0.0,0.0,-11.676962965054328
379,1,0.0,0.0,-0.0007754532239328234,0.0,-1.8488907476097478
379,2,0.0,0.0,0.0,0.0,-0.4530114105179152
379,3,0.0,0.0,0.0,0.0,-0.0732284748019319
379,4,0.0,0.0,0.0,0.0,0.0
380,0,0.0,-0.04816497606730227,0.0,0.0,-11.691950910048051
380,1,0.0,0.0,-0.0007754532239328234,0.0,-1.8488907476097478
380,2,0.0,0.0,0.0,0.0,-0.4530114105179152
380,3,0.0,0.0,0.0,0.0,-0.0732284748019319
380,4,0.0,0.0,0.0,0.0,0.0
381,0,0.0,-0.04816497606730227,0.0,0.0,-11.725072185829339
381,1,0.0,0.0,-0.0007754532239328234,0.0,-1.8488907476097478
381,2,0.0,0.0,0.0,0.0,-0.4530114105179152
381,3,0.0,0.0,0.0,0.0,-0.0732284748019319
381,4,0.0,0.0,0.0,0.0,0.0
382,0,0.0,-0.04816497606730227,0.0,0.0,-11.743577095723602
382,1,0.0,0.0,-0.0007754532239328234,0.0,-1.8488907476097478
382,2,0.0,0.0,0.0,0.0,-0.4530114105179152
382,3,0.0,0.0,0.0,0.0,-0.0732284748019319
382,4,0.0,0.0,0.0,0.0,0.0
383,0,0.0,-0.04816497606730227,0.0,0.0,-11.767069769279827
383,1,0.0,0.0,-0.0007754532239328234,0.0,-1.8488907476097478
383,2,0.0,0.0,0.0,0.0,-0.4530114105179152
383,3,0.0,0.0,0.0,0.0,-0.0732284748019319
383,4,0.0,0.0,0.0,0.0,0.0
384,0,0.0,-0.04816497606730227,0.0,0.0,-11.78334098176432
384,1,0.0,0.0,-0.0007754532239328234,0.0,-1.8488907476097478
384,2,0.0,0.0,0.0,0.0,-0.4530114105179152
384,3,0.0,0.0,0.0,0.0,-0.0732284748019319
384,4,0.0,0.0,0.0,0.0,0.0
385,0,0.0,-0.04816497606730227,0.0,0.0,-11.813529808317437
385,1,0.0,0.0,-0.0007754532239328234,0.0,-1.8488907476097478
385,2,0.0,0.0,0.0,0.0,-0.4530114105179152
385,3,0.0,0.0,0.0,0.0,-0.0732284748019319
385,4,0.0,0.0,0.0,0.0,0.0
386,0,0.0,-0.04816497606730227,0.0,0.0,-11.842561389378588
386,1,0.0,0.0,-0.0007754532239328234,0.0,-1.8488907476097478
386,2,0.0,0.0,0.0,0.0,-0.4530114105179152
386,3,0.0,0.0,0.0,0.0,-0.0732284748019319
386,4,0.0,0.0,0.0,0.0,0.0
387,0,0.0,-0.04816497606730227,0.0,0.0,-11.859444165158072
387,1,0.0,0.0,-0.0007754532239328234,0.0,-1.8488907476097478
387,2,0.0,0.0,0.0,0.0,-0.4530114105179152
387,3,0.0,0.0,0.0,0.0,-0.0732284748019319
387,4,0.0,0.0,0.0,0.0,0.0
388,0,0.0,-0.04816497606730227,0.0,0.0,-11.87783499443694
388,1,0.0,0.0,-0.0007754532239328234,0.0,-1.8488907476097478
388,2,0.0,0.0,0.0,0.0,-0.4530114105179152
388,3,0.0,0.0,0.0,0.0,-0.0732284748019319
388,4,0.0,0.0,0.0,0.0,0.0
389,0,0.0,-0.04816497606730227,0.0,0.0,-11.89380113817244
389,1,0.0,0.0,-0.0007754532239328234,0.0,-1.8488907476097478
389,2,0.0,0.0,0.0,0.0,-0.4530114105179152
389,3,0.0,0.0,0.0,0.0,-0.0732284748019319
389,4,0.0,0.0,0.0,0.0,0.0
390,0,0.0,-0.04816497606730227,0.0,0.0,-11.91236305513568
390,1,0.0,0.0,-0.0007754532239328234,0.0,-1.8488907476097478
390,2,0.0,0.0,0.0,0.0,-0.4530114105179152
390,3,0.0,0.0,0.0,0.0,-0.0732284748019319
390,4,0.0,0.0,0.0,0.0,0.0
391,0,0.0,-0.04816497606730227,0.0,0.0,-11.939284130630254
391,1,0.0,0.0,-0.0007754532239328234,0.0,-1.8488907476097478
391,2,0.0,0.0,0.0,0.0,-0.4530114105179152
391,3,0.0,0.0,0.0,0.0,-0.0732284748019319
391,4,0.0,0.0,0.0,0.0,0.0
392,0,0.0,-0.04816497606730227,0.0,0.0,-11.956040466169446
392,1,0.0,0.0,-0.0007754532239328234,0.0,-1.8488907476097478
392,2,0.0,0.0,0.0,0.0,-0.4530114105179152
392,3,0.0,0.0,0.0,0.0,-0.0732284748019319
392,4,0.0,0.0,0.0,0.0,0.0
393,0,0.0,-0.04816497606730227,0.0,0.0,-11.971663571163996
393,1,0.0,0.0,-0.0007754532239328234,0.0,-1.8488907476097478
393,2,0.0,0.0,0.0,0.0,-0.4530114105179152
393,3,0.0,0.0,0.0,0.0,-0.0732284748019319
393,4,0.0,0.0,0.0,0.0,0.0
394,0,0.0,-0.04816497606730227,0.0,0.0,-11.99948731325534
394,1,0.0,0.0,-0.0007754532239328234,0.0,-1.8488907476097478
394,2,0.0,0.0,0.0,0.0,-0.4530114105179152
394,3,0.0,0.0,0.0,0.0,-0.0732284748019319
394,4,0.0,0.0,0.0,0.0,0.0
395,0,0.0,-0.04816497606730227,0.0,0.0,-12.023649774613245
395,1,0.0,0.0,-0.0007754532239328234,0.0,-1.8488907476097478
395,2,0.0,0.0,0.0,0.0,-0.4530114105179152
395,3,0.0,0.0,0.0,0.0,-0.0732284748019319
395,4,0.0,0.0,0.0,0.0,0.0
396,0,0.0,-0.04816497606730227,0.0,0.0,-12.059941365602414
396,1,0.0,0.0,-0.0007754532239328234,0.0,-1.8488907476097478
396,2,0.0,0.0,0.0,0.0,-0.4530114105179152
396,3,0.0,0.0,0.0,0.0,-0.0732284748019319
396,4,0.0,0.0,0.0,0.0,0.0
397,0,0.0,-0.04816497606730227,0.0,0.0,-12.069201137752717
397,1,0.0,0.0,-0.0007754532239328234,0.0,-1.8488907476097478
397,2,0.0,0.0,0.0,0.0,-0.4530114105179152
397,3,0.0,0.0,0.0,0.0,-0.0732284748019319
397,4,0.0,0.0,0.0,0.0,0.0
398,0,0.0,-0.04816497606730227,0.0,0.0,-12.078688046324492
398,1,0.0,0.0,-0.0007754532239328234,0.0,-1.8488907476097478
398,2,0.0,0.0,0.0,0.0,-0.4530114105179152
398,3,0.0,0.0,0.0,0.0,-0.0732284748019319
398,4,0.0,0.0,0.0,0.0,0.0
399,0,0.0,-0.04816497606730227,0.0,0.0,-12.092078411768266
399,1,0.0,0.0,-0.0007754532239328234,0.0,-1.8488907476097478
399,2,0.0,0.0,0.0,0.0,-0.4530114105179152
399,3,0.0,0.0,0.0,0.0,-0.0732284748019319
399,4,0.0,0.0,0.0,0.0,0.0
400,0,0.0,-0.04816497606730227,0.0,0.0,-12.115665252544085
400,1,0.0,0.0,-0.0007754532239328234,0.0,-1.8488907476097478
400,2,0.0,0.0,0.0,0.0,-0.4530114105179152
400,3,0.0,0.0,0.0,0.0,-0.0732284748019319
400,4,0.0,0.0,0.0,0.0,0.0
401,0,0.0,-0.04816497606730227,0.0,0.0,-12.131081511849942
401,1,0.0,0.0,-0.0007754532239328234,0.0,-1.8488907476097478
401,2,0.0,0.0,0.0,0.0,-0.4530114105179152
401,3,0.0,0.0,0.0,0.0,-0.0732284748019319
401,4,0.0,0.0,0.0,0.0,0.0
402,0,0.0,-0.04816497606730227,0.0,0.0,-12.167070179904405
402,1,0.0,0.0,-0.0007754532239328234,0.0,-1.8488907476097478
402,2,0.0,0.0,0.0,0.0,-0.4530114105179152
402,3,0.0,0.0,0.0,0.0,-0.0732284748019319
402,4,0.0,0.0,0.0,0.0,0.0
403,0,0.0,-0.04816497606730227,0.0,0.0,-12.175356308505135
403,1,0.0,0.0,-0.0007754532239328234,0.0,-1.8488907476097478
403,2,0.0,0.0,0.0,0.0,-0.4530114105179152
403,3,0.0,0.0,0.0,0.0,-0.0732284748019319
403,4,0.0,0.0,0.0,0.0,0.0
404,0,0.0,-0.04816497606730227,0.0,0.0,-12.19343925885271
404,1,0.0,0.0,-0.0007754532239328234,0.0,-1.8488907476097478
404,2,0.0,0.0,0.0,0.0,-0.4530114105179152
404,3,0.0,0.0,0.0,0.0,-0.0732284748019319
404,4,0.0,0.0,0.0,0.0,0.0
405,0,0.0,-0.04816497606730227,0.0,0.0,-12.222240850649586
405,1,0.0,0.0,-0.0007754532239328234,0.0,-1.8488907476097478
405,2,0.0,0.0,0.0,0.0,-0.4530114105179152
405,3,0.0,0.0,0.0,0.0,-0.0732284748019319
405,4,0.0,0.0,0.0,0.0,0.0
406,0,0.0,-0.04816497606730227,0.0,0.0,-12.235869169012217
406,1,0.0,0.0,-0.0007754532239328234,0.0,-1.8488907476097478
406,2,0.0,0.0,0.0,0.0,-0.4530114105179152
406,3,0.0,0.0,0.0,0.0,-0.0732284748019319
406,4,0.0,0.0,0.0,0.0,0.0
407,0,0.0,-0.04816497606730227,0.0,0.0,-12.255664438252543
407,1,0.0,0.0,-0.0007754532239328234,0.0,-1.8488907476097478
407,2,0.0,0.0,0.0,0.0,-0.4530114105179152
407,3,0.0,0.0,0.0,0.0,-0.0732284748019319
407,4,0.0,0.0,0.0,0.0,0.0
408,0,0.0,-0.04816497606730227,0.0,0.0,-12.263751355306796
408,1,0.0,0.0,-0.0007754532239328234,0.0,-1.8488907476097478
408,2,0.0,0.0,0.0,0.0,-0.4530114105179152
408,3,0.0,0.0,0.0,0.0,-0.0732284748019319
408,4,0.0,0.0,0.0,0.0,0.0
409,0,0.0,-0.04816497606730227,0.0,0.0,-12.303062645309648
409,1,0.0,0.0,-0.0007754532239328234,0.0,-1.8488907476097478
409,2,0.0,0.0,0.0,0.0,-0.4530114105179152
409,3,0.0,0.0,0.0,0.0,-0.0732284748019319
409,4,0.0,0.0,0.0,0.0,0.0
410,0,0.0,-0.04816497606730227,0.0,0.0,-12.331690533004743
410,1,0.0,0.0,-0.0007754532239328234,0.0,-1.8488907476097478
410,2,0.0,0.0,0.0,0.0,-0.4530114105179152
410,3,0.0,0.0,0.0,0.0,-0.0732284748019319
410,4,0.0,0.0,0.0,0.0,0.0
411,0,0.0,-0.04816497606730227,0.0,0.0,-12.353456315825557
411,1,0.0,0.0,-0.0007754532239328234,0.0,-1.8488907476097478
411,2,0.0,0.0,0.0,0.0,-0.4530114105179152
411,3,0.0,0.0,0.0,0.0,-0.0732284748019319
411,4,0.0,0.0,0.0,0.0,0.0
412,0,0.0,-0.04816497606730227,0.0,0.0,-12.374619145126026
412,1,0.0,0.0,-0.0007754532239328234,0.0,-1.8488907476097478
412,2,0.0,0.0,0.0,0.0,-0.4530114105179152
412,3,0.0,0.0,0.0,0.0,-0.0732284748019319
412,4,0.0,0.0,0.0,0.0,0.0
413,0,0.0,-0.04816497606730227,0.0,0.0,-12.401000875087348
413,1,0.0,0.0,-0.0007754532239328234,0.0,-1.8488907476097478
413,2,0.0,0.0,0.0,0.0,-0.4530114105179152
413,3,0.0,0.0,0.0,0.0,-0.0732284748019319
413,4,0.0,0.0,0.0,0.0,0.0
414,0,0.0,-0.04816497606730227,0.0,0.0,-12.414196265400383
414,1,0.0,0.0,-0.0007754532239328234,0.0,-1.8488907476097478
414,2,0.0,0.0,0.0,0.0,-0.4530114105179152
414,3,0.0,0.0,0.0,0.0,-0.0732284748019319
414,4,0.0,0.0,0.0,0.0,0.0
415,0,0.0,-0.04816497606730227,0.0,0.0,-12.416273248785183
415,1,0.0,0.0,-0.0007754532239328234,0.0,-1.8488907476097478
415,2,0.0,0.0,0.0,0.0,-0.4530114105179152
415,3,0.0,0.0,0.0,0.0,-0.0732284748019319
415,4,0.0,0.0,0.0,0.0,0.0
416,0,0.0,-0.04816497606730227,0.0,0.0,-12.42425039716059
416,1,0.0,0.0,-0.0007754532239328234,0.0,-1.8488907476097478
416,2,0.0,0.0,0.0,0.0,-0.4530114105179152
416,3,0.0,0.0,0.0,0.0,-0.0732284748019319
416,4,0.0,0.0,0.0,0.0,0.0
417,0,0.0,-0.04816497606730227,0.0,0.0,-12.453293931054656
417,1,0.0,0.0,-0.0007754532239328234,0.0,-1.8488907476097478
417,2,0.0,0.0,0.0,0.0,-0.4530114105179152
417,3,0.0,0.0,0.0,0.0,-0.0732284748019319
417,4,0.0,0.0,0.0,0.0,0.0
418,0,0.0,-0.04816497606730227,0.0,0.0,-12.473242517886183
418,1,0.0,0.0,-0.0007754532239328234,0.0,-1.8488907476097478
418,2,0.0,0.0,0.0,0.0,-0.4530114105179152
418,3,0.0,0.0,0.0,0.0,-0.0732284748019319
418,4,0.0,0.0,0.0,0.0,0.0
419,0,0.0,-0.04816497606730227,0.0,0.0,-12.497766433327746
419,1,0.0,0.0,-0.0007754532239328234,0.0,-1.8488907476097478
419,2,0.0,0.0,0.0,0.0,-0.4530114105179152
419,3,0.0,0.0,0.0,0.0,-0.0732284748019319
419,4,0.0,0.0,0.0,0.0,0.0
420,0,0.0,-0.04816497606730227,0.0,0.0,-12.51029346746883
420,1,0.0,0.0,-0.0007754532239328234,0.0,-1.8488907476097478
420,2,0.0,0.0,0.0,0.0,-0.4530114105179152
420,3,0.0,0.0,0.0,0.0,-0.0732284748019319
420,4,0.0,0.0,0.0,0.0,0.0
421,0,0.0,-0.04816497606730227,0.0,0.0,-12.517464023427962
421,1,0.0,0.0,-0.0007754532239328234,0.0,-1.8488907476097478
421,2,0.0,0.0,0.0,0.0,-0.4530114105179152
421,3,0.0,0.0,0.0,0.0,-0.0732284748019319
421,4,0.0,0.0,0.0,0.0,0.0
422,0,0.0,-0.04816497606730227,0.0,0.0,-12.545762486893205
422,1,0.0,0.0,-0.0007754532239328234,0.0,-1.8488907476097478
422,2,0.0,0.0,0.0,0.0,-0.4530114105179152
422,3,0.0,0.0,0.0,0.0,-0.0732284748019319
422,4,0.0,0.0,0.0,0.0,0.0
423,0,0.0,-0.04816497606730227,0.0,0.0,-12.563543773303554
423,1,0.0,0.0,-0.0007754532239328234,0.0,-1.8488907476097478
423,2,0.0,0.0,0.0,0.0,-0.4530114105179152
423,3,0.0,0.0,0.0,0.0,-0.0732284748019319
423,4,0.0,0.0,0.0,0.0,0.0
424,0,0.0,-0.04816497606730227,0.0,0.0,-12.59510034993065
424,1,0.0,0.0,-0.0007754532239328234,0.0,-1.8488907476097478
424,2,0.0,0.0,0.0,0.0,-0.4530114105179152
424,3,0.0,0.0,0.0,0.0,-0.0732284748019319
424,4,0.0,0.0,0.0,0.0,0.0
425,0,0.0,-0.04816497606730227,0.0,0.0,-12.61834028712672
425,1,0.0,0.0,-0.0007754532239328234,0.0,-1.8488907476097478
425,2,0.0,0.0,0.0,0.0,-0.4530114105179152
425,3,0.0,0.0,0.0,0.0,-0.0732284748019319
425,4,0.0,0.0,0.0,0.0,0.0
426,0,0.0,-0.04816497606730227,0.0,0.0,-12.63064307090734
426,1,0.0,0.0,-0.0007754532239328234,0.0,-1.8488907476097478
426,2,0.0,0.0,0.0,0.0,-0.4530114105179152
426,3,0.0,0.0,0.0,0.0,-0.0732284748019319
426,4,0.0,0.0,0.0,0.0,0.0
427,0,0.0,-0.04816497606730227,0.0,0.0,-12.659020330926461
427,1,0.0,0.0,-0.0007754532239328234,0.0,-1.8488907476097478
427,2,0.0,0.0,0.0,0.0,-0.4530114105179152
427,3,0.0,0.0,0.0,0.0,-0.0732284748019319
427,4,0.0,0.0,0.0,0.0,0.0
428,0,0.0,-0.04816497606730227,0.0,0.0,-12.657627578059989
428,1,0.0,0.0,-0.0007754532239328234,0.0,-1.8488907476097478
428,2,0.0,0.0,0.0,0.0,-0.4530114105179152
428,3,0.0,0.0,0.0,0.0,-0.0732284748019319
428,4,0.0,0.0,0.0,0.0,0.0
429,0,0.0,-0.04816497606730227,0.0,0.0,-12.691956581687343
429,1,0.0,0.0,-0.0007754532239328234,0.0,-1.8488907476097478
429,2,0.0,0.0,0.0,0.0,-0.4530114105179152
429,3,0.0,0.0,0.0,0.0,-0.0732284748019319
429,4,0.0,0.0,0.0,0.0,0.0
430,0,0.0,-0.04816497606730227,0.0,0.0,-12.70151685219474
430,1,0.0,0.0,-0.0007754532239328234,0.0,-1.8488907476097478
430,2,0.0,0.0,0.0,0.0,-0.4530114105179152
430,3,0.0,0.0,0.0,0.0,-0.0732284748019319
430,4,0.0,0.0,0.0,0.0,0.0
431,0,0.0,-0.04816497606730227,0.0,0.0,-12.726102513737482
431,1,0.0,0.0,-0.0007754532239328234,0.0,-1.8488907476097478
431,2,0.0,0.0,0.0,0.0,-0.4530114105179152
431,3,0.0,0.0,0.0,0.0,-0.0732284748019319
431,4,0.0,0.0,0.0,0.0,0.0
432,0,0.0,-0.04816497606730227,0.0,0.0,-12.750817521666377
432,1,0.0,0.0,-0.0007754532239328234,0.0,-1.8488907476097478
432,2,0.0,0.0,0.0,0.0,-0.4530114105179152
432,3,0.0,0.0,0.0,0.0,-0.0732284748019319
432,4,0.0,0.0,0.0,0.0,0.0
433,0,0.0,-0.04816497606730227,0.0,0.0,-12.773991566170942
433,1,0.0,0.0,-0.0007754532239328234,0.0,-1.8488907476097478
433,2,0.0,0.0,0.0,0.0,-0.4530114105179152
433,3,0.0,0.0,0.0,0.0,-0.0732284748019319
433,4,0.0,0.0,0.0,0.0,0.0
434,0,0.0,-0.04816497606730227,0.0,0.0,-12.785427552307429
434,1,0.0,0.0,-0.0007754532239328234,0.0,-1.8488907476097478
434,2,0.0,0.0,0.0,0.0,-0.4530114105179152
434,3,0.0,0.0,0.0,0.0,-0.0732284748019319
434,4,0.0,0.0,0.0,0.0,0.0
435,0,0.0,-0.04816497606730227,0.0,0.0,-12.794100501067131
435,1,0.0,0.0,-0.0007754532239328234,0.0,-1.8488907476097478
435,2,0.0,0.0,0.0,0.0,-0.4530114105179152
435,3,0.0,0.0,0.0,0.0,-0.0732284748019319
435,4,0.0,0.0,0.0,0.0,0.0
436,0,0.0,-0.04816497606730227,0.0,0.0,-12.79933212395163
436,1,0.0,0.0,-0.0007754532239328234,0.0,-1.8488907476097478
436,2,0.0,0.0,0.0,0.0,-0.4530114105179152
436,3,0.0,0.0,0.0,0.0,-0.0732284748019319
436,4,0.0,0.0,0.0,0.0,0.0
437,0,0.0,-0.04816497606730227,0.0,0.0,-12.813014257757782
437,1,0.0,0.0,-0.0007754532239328234,0.0,-1.8488907476097478
437,2,0.0,0.0,0.0,0.0,-0.4530114105179152
437,3,0.0,0.0,0.0,0.0,-0.0732284748019319
437,4,0.0,0.0,0.0,0.0,0.0
438,0,0.0,-0.04816497606730227,0.0,0.0,-12.847288309718456
438,1,0.0,0.0,-0.0007754532239328234,0.0,-1.8488907476097478
438,2,0.0,0.0,0.0,0.0,-0.4530114105179152
438,3,0.0,0.0,0.0,0.0,-0.0732284748019319
438,4,0.0,0.0,0.0,0.0,0.0
439,0,0.0,-0.04816497606730227,0.0,0.0,-12.87869727288662
439,1,0.0,0.0,-0.0007754532239328234,0.0,-1.8488907476097478
439,2,0.0,0.0,0.0,0.0,-0.4530114105179152
439,3,0.0,0.0,0.0,0.0,-0.0732284748019319
439,4,0.0,0.0,0.0,0.0,0.0
440,0,0.0,-0.04816497606730227,0.0,0.0,-12.896094644193628
440,1,0.0,0.0,-0.0007754532239328234,0.0,-1.8488907476097478
440,2,0.0,0.0,0.0,0.0,-0.4530114105179152
440,3,0.0,0.0,0.0,0.0,-0.0732284748019319
440,4,0.0,0.0,0.0,0.0,0.0
441,0,0.0,-0.04816497606730227,0.0,0.0,-12.90952654732259
441,1,0.0,0.0,-0.0007754532239328234,0.0,-1.8488907476097478
441,2,0.0,0.0,0.0,0.0,-0.4530114105179152
441,3,0.0,0.0,0.0,0.0,-0.0732284748019319
441,4,0.0,0.0,0.0,0.0,0.0
442,0,0.0,-0.04816497606730227,0.0,0.0,-12.933829192818306
442,1,0.0,0.0,-0.0007754532239328234,0.0,-1.8488907476097478
442,2,0.0,0.0,0.0,0.0,-0.4530114105179152
442,3,0.0,0.0,0.0,0.0,-0.0732284748019319
442,4,0.0,0.0,0.0,0.0,0.0
443,0,0.0,-0.04816497606730227,0.0,0.0,-12.957508766903903
443,1,0.0,0.0,-0.0007754532239328234,0.0,-1.8488907476097478
443,2,0.0,0.0,0.0,0.0,-0.4530114105179152
443,3,0.0,0.0,0.0,0.0,-0.0732284748019319
443,4,0.0,0.0,0.0,0.0,0.0
444,0,0.0,-0.04816497606730227,0.0,0.0,-12.976742085454237
444,1,0.0,0.0,-0.0007754532239328234,0.0,-1.8488907476097478
444,2,0.0,0.0,0.0,0.0,-0.4530114105179152
444,3,0.0,0.0,0.0,0.0,-0.0732284748019319
444,4,0.0,0.0,0.0,0.0,0.0
445,0,0.0,-0.04816497606730227,0.0,0.0,-12.993455641339008
445,1,0.0,0.0,-0.0007754532239328234,0.0,-1.8488907476097478
445,2,0.0,0.0,0.0,0.0,-0.4530114105179152
445,3,0.0,0.0,0.0,0.0,-0.0732284748019319
445,4,0.0,0.0,0.0,0.0,0.0
446,0,0.0,-0.04816497606730227,0.0,0.0,-13.005255012579969
446,1,0.0,0.0,-0.0007754532239328234,0.0,-1.8488907476097478
446,2,0.0,0.0,0.0,0.0,-0.4530114105179152
446,3,0.0,0.0,0.0,0.0,-0.0732284748019319
446,4,0.0,0.0,0.0,0.0,0.0
447,0,0.0,-0.04816497606730227,0.0,0.0,-13.018627620463487
447,1,0.0,0.0,-0.0007754532239328234,0.0,-1.8488907476097478
447,2,0.0,0.0,0.0,0.0,-0.4530114105179152
447,3,0.0,0.0,0.0,0.0,-0.0732284748019319
447,4,0.0,0.0,0.0,0.0,0.0
448,0,0.0,-0.04816497606730227,0.0,0.0,-13.031583547841826
448,1,0.0,0.0,-0.0007754532239328234,0.0,-1.8488907476097478
448,2,0.0,0.0,0.0,0.0,-0.4530114105179152
448,3,0.0,0.0,0.0,0.0,-0.0732284748019319
448,4,0.0,0.0,0.0,0.0,0.0
449,0,0.0,-0.04816497606730227,0.0,0.0,-13.042299125004423
449,1,0.0,0.0,-0.0007754532239328234,0.0,-1.8488907476097478
449,2,0.0,0.0,0.0,0.0,-0.4530114105179152
449,3,0.0,0.0,0.0,0.0,-0.0732284748019319
449,4,0.0,0.0,0.0,0.0,0.0
450,0,0.0,-0.04816497606730227,0.0,0.0,-13.050753139472484
450,1,0.0,0.0,-0.0007754532239328234,0.0,-1.8488907476097478
450,2,0.0,0.0,0.0,0.0,-0.4530114105179152
450,3,0.0,0.0,0.0,0.0,-0.0732284748019319
450,4,0.0,0.0,0.0,0.0,0.0
451,0,0.0,-0.04816497606730227,0.0,0.0,-13.068851239756011
451,1,0.0,0.0,-0.0007754532239328234,0.0,-1.8488907476097478
451,2,0.0,0.0,0.0,0.0,-0.4530114105179152
451,3,0.0,0.0,0.0,0.0,-0.0732284748019319
451,4,0.0,0.0,0.0,0.0,0.0
452,0,0.0,-0.04816497606730227,0.0,0.0,-13.090576988419121
452,1,0.0,0.0,-0.0007754532239328234,0.0,-1.8488907476097478
452,2,0.0,0.0,0.0,0.0,-0.4530114105179152
452,3,0.0,0.0,0.0,0.0,-0.0732284748019319
452,4,0.0,0.0,0.0,0.0,0.0
453,0,0.0,-0.04816497606730227,0.0,0.0,-13.111331868180919
453,1,0.0,0.0,-0.0007754532239328234,0.0,-1.8488907476097478
453,2,0.0,0.0,0.0,0.0,-0.4530114105179152
453,3,0.0,0.0,0.0,0.0,-0.0732284748019319
453,4,0.0,0.0,0.0,0.0,0.0
454,0,0.0,-0.04816497606730227,0.0,0.0,-13.141842137623215
454,1,0.0,0.0,-0.0007754532239328234,0.0,-1.8488907476097478
454,2,0.0,0.0,0.0,0.0,-0.4530114105179152
454,3,0.0,0.0,0.0,0.0,-0.0732284748019319
454,4,0.0,0.0,0.0,0.0,0.0
455,0,0.0,-0.04816497606730227,0.0,0.0,-13.157768370175052
455,1,0.0,0.0,-0.0007754532239328234,0.0,-1.8488907476097478
455,2,0.0,0.0,0.0,0.0,-0.4530114105179152
455,3,0.0,0.0,0.0,0.0,-0.0732284748019319
455,4,0.0,0.0,0.0,0.0,0.0
456,0,0.0,-0.04816497606730227,0.0,0.0,-13.165646089300743
456,1,0.0,0.0,-0.0007754532239328234,0.0,-1.8488907476097478
456,2,0.0,0.0,0.0,0.0,-0.4530114105179152
456,3,0.0,0.0,0.0,0.0,-0.0732284748019319
456,4,0.0,0.0,0.0,0.0,0.0
457,0,0.0,-0.04816497606730227,0.0,0.0,-13.184898324858219
457,1,0.0,0.0,-0.0007754532239328234,0.0,-1.8488907476097478
457,2,0.0,0.0,0.0,0.0,-0.4530114105179152
457,3,0.0,0.0,0.0,0.0,-0.0732284748019319
457,4,0.0,0.0,0.0,0.0,0.0
458,0,0.0,-0.04816497606730227,0.0,0.0,-13.210395385403768
458,1,0.0,0.0,-0.0007754532239328234,0.0,-1.8488907476097478
458,2,0.0,0.0,0.0,0.0,-0.4530114105179152
458,3,0.0,0.0,0.0,0.0,-0.0732284748019319
458,4,0.0,0.0,0.0,0.0,0.0
459,0,0.0,-0.04816497606730227,0.0,0.0,-13.222630969671036
459,1,0.0,0.0,-0.0007754532239328234,0.0,-1.8488907476097478
459,2,0.0,0.0,0.0,0.0,-0.4530114105179152
459,3,0.0,0.0,0.0,0.0,-0.0732284748019319
459,4,0.0,0.0,0.0,0.0,0.0
460,0,0.0,-0.04816497606730227,0.0,0.0,-13.228965339777632
460,1,0.0,0.0,-0.0007754532239328234,0.0,-1.8488907476097478
460,2,0.0,0.0,0.0,0.0,-0.4530114105179152
460,3,0.0,0.0,0.0,0.0,-0.0732284748019319
460,4,0.0,0.0,0.0,0.0,0.0
461,0,0.0,-0.04816497606730227,0.0,0.0,-13.234337259144295
461,1,0.0,0.0,-0.0007754532239328234,0.0,-1.8488907476097478
461,2,0.0,0.0,0.0,0.0,-0.4530114105179152
461,3,0.0,0.0,0.0,0.0,-0.0732284748019319
461,4,0.0,0.0,0.0,0.0,0.0
462,0,0.0,-0.04816497606730227,0.0,0.0,-13.242719664493174
462,1,0.0,0.0,-0.0007754532239328234,0.0,-1.8488907476097478
462,2,0.0,0.0,0.0,0.0,-0.4530114105179152
462,3,0.0,0.0,0.0,0.0,-0.0732284748019319
462,4,0.0,0.0,0.0,0.0,0.0
463,0,0.0,-0.04816497606730227,0.0,0.0,-13.273223280325617
463,1,0.0,0.0,-0.0007754532239328234,0.0,-1.8488907476097478
463,2,0.0,0.0,0.0,0.0,-0.4530114105179152
463,3,0.0,0.0,0.0,0.0,-0.0732284748019319
463,4,0.0,0.0,0.0,0.0,0.0
464,0,0.0,-0.04816497606730227,0.0,0.0,-13.278675874694438
464,1,0.0,0.0,-0.0007754532239328234,0.0,-1.8488907476097478
464,2,0.0,0.0,0.0,0.0,-0.4530114105179152
464,3,0.0,0.0,0.0,0.0,-0.0732284748019319
464,4,0.0,0.0,0.0,0.0,0.0
465,0,0.0,-0.04816497606730227,0.0,0.0,-13.285082555322353
465,1,0.0,0.0,-0.0007754532239328234,0.0,-1.8488907476097478
465,2,0.0,0.0,0.0,0.0,-0.4530114105179152
465,3,0.0,0.0,0.0,0.0,-0.0732284748019319
465,4,0.0,0.0,0.0,0.0,0.0
466,0,0.0,-0.04816497606730227,0.0,0.0,-13.290594368852453
466,1,0.0,0.0,-0.0007754532239328234,0.0,-1.8488907476097478
466,2,0.0,0.0,0.0,0.0,-0.4530114105179152
466,3,0.0,0.0,0.0,0.0,-0.0732284748019319
466,4,0.0,0.0,0.0,0.0,0.0
467,0,0.0,-0.04816497606730227,0.0,0.0,-13.301527799398611
467,1,0.0,0.0,-0.0007754532239328234,0.0,-1.8488907476097478
467,2,0.0,0.0,0.0,0.0,-0.4530114105179152
467,3,0.0,0.0,0.0,0.0,-0.0732284748019319
467,4,0.0,0.0,0.0,0.0,0.0
468,0,0.0,-0.04816497606730227,0.0,0.0,-13.30823265852913
468,1,0.0,0.0,-0.0007754532239328234,0.0,-1.8488907476097478
468,2,0.0,0.0,0.0,0.0,-0.4530114105179152
468,3,0.0,0.0,0.0,0.0,-0.0732284748019319
468,4,0.0,0.0,0.0,0.0,0.0
469,0,0.0,-0.04816497606730227,0.0,0.0,-13.318827490206786
469,1,0.0,0.0,-0.0007754532239328234,0.0,-1.8488907476097478
469,2,0.0,0.0,0.0,0.0,-0.4530114105179152
469,3,0.0,0.0,0.0,0.0,-0.0732284748019319
469,4,0.0,0.0,0.0,0.0,0.0
470,0,0.0,-0.04816497606730227,0.0,0.0,-13.350903897916956
470,1,0.0,0.0,-0.0007754532239328234,0.0,-1.8488907476097478
470,2,0.0,0.0,0.0,0.0,-0.4530114105179152
470,3,0.0,0.0,0.0,0.0,-0.0732284748019319
470,4,0.0,0.0,0.0,0.0,0.0
471,0,0.0,-0.04816497606730227,0.0,0.0,-13.37363194036235
471,1,0.0,0.0,-0.0007754532239328234,0.0,-1.8488907476097478
471,2,0.0,0.0,0.0,0.0,-0.4530114105179152
471,3,0.0,0.0,0.0,0.0,-0.0732284748019319
471,4,0.0,0.0,0.0,0.0,0.0
472,0,0.0,-0.04816497606730227,0.0,0.0,-13.387183144873617
472,1,0.0,0.0,-0.0007754532239328234,0.0,-1.8488907476097478
472,2,0.0,0.0,0.0,0.0,-0.4530114105179152
472,3,0.0,0.0,0.0,0.0,-0.0732284748019319
472,4,0.0,0.0,0.0,0.0,0.0
473,0,0.0,-0.04816497606730227,0.0,0.0,-13.38895892589585
473,1,0.0,0.0,-0.0007754532239328234,0.0,-1.8488907476097478
473,2,0.0,0.0,0.0,0.0,-0.4530114105179152
473,3,0.0,0.0,0.0,0.0,-0.0732284748019319
473,4,0.0,0.0,0.0,0.0,0.0
474,0,0.0,-0.04816497606730227,0.0,0.0,-13.394005623066192
474,1,0.0,0.0,-0.0007754532239328234,0.0,-1.8488907476097478
474,2,0.0,0.0,0.0,0.0,-0.4530114105179152
474,3,0.0,0.0,0.0,0.0,-0.0732284748019319
474,4,0.0,0.0,0.0,0.0,0.0
475,0,0.0,-0.04816497606730227,0.0,0.0,-13.420441924223917
475,1,0.0,0.0,-0.0007754532239328234,0.0,-1.8488907476097478
475,2,0.0,0.0,0.0,0.0,-0.4530114105179152
475,3,0.0,0.0,0.0,0.0,-0.0732284748019319
475,4,0.0,0.0,0.0,0.0,0.0
476,0,0.0,-0.04816497606730227,0.0,0.0,-13.423430584012655
476,1,0.0,0.0,-0.0007754532239328234,0.0,-1.8488907476097478
476,2,0.0,0.0,0.0,0.0,-0.4530114105179152
476,3,0.0,0.0,0.0,0.0,-0.0732284748019319
476,4,0.0,0.0,0.0,0.0,0.0
477,0,0.0,-0.04816497606730227,0.0,0.0,-13.435558708338085
477,1,0.0,0.0,-0.0007754532239328234,0.0,-1.8488907476097478
477,2,0.0,0.0,0.0,0.0,-0.4530114105179152
477,3,0.0,0.0,0.0,0.0,-0.0732284748019319
477,4,0.0,0.0,0.0,0.0,0.0
478,0,0.0,-0.04816497606730227,0.0,0.0,-13.458566097488887
478,1,0.0,0.0,-0.0007754532239328234,0.0,-1.8488907476097478
478,2,0.0,0.0,0.0,0.0,-0.4530114105179152
478,3,0.0,0.0,0.0,0.0,-0.0732284748019319
478,4,0.0,0.0,0.0,0.0,0.0
479,0,0.0,-0.04816497606730227,0.0,0.0,-13.479243005175807
479,1,0.0,0.0,-0.0007754532239328234,0.0,-1.8488907476097478
479,2,0.0,0.0,0.0,0.0,-0.4530114105179152
479,3,0.0,0.0,0.0,0.0,-0.0732284748019319
479,4,0.0,0.0,0.0,0.0,0.0
480,0,0.0,-0.04816497606730227,0.0,0.0,-13.483577526239905
480,1,0.0,0.0,-0.0007754532239328234,0.0,-1.8488907476097478
480,2,0.0,0.0,0.0,0.0,-0.4530114105179152
480,3,0.0,0.0,0.0,0.0,-0.0732284748019319
480,4,0.0,0.0,0.0,0.0,0.0
481,0,0.0,-0.04816497606730227,0.0,0.0,-13.505541786988042
481,1,0.0,0.0,-0.0007754532239328234,0.0,-1.8488907476097478
481,2,0.0,0.0,0.0,0.0,-0.4530114105179152
481,3,0.0,0.0,0.0,0.0,-0.0732284748019319
481,4,0.0,0.0,0.0,0.0,0.0
482,0,0.0,-0.04816497606730227,0.0,0.0,-13.520824086546604
482,1,0.0,0.0,-0.0007754532239328234,0.0,-1.8488907476097478
482,2,0.0,0.0,0.0,0.0,-0.4530114105179152
482,3,0.0,0.0,0.0,0.0,-0.0732284748019319
482,4,0.0,0.0,0.0,0.0,0.0
483,0,0.0,-0.04816497606730227,0.0,0.0,-13.531038991259704
483,1,0.0,0.0,-0.0007754532239328234,0.0,-1.8488907476097478
483,2,0.0,0.0,0.0,0.0,-0.4530114105179152
483,3,0.0,0.0,0.0,0.0,-0.0732284748019319
483,4,0.0,0.0,0.0,0.0,0.0
484,0,0.0,-0.04816497606730227,0.0,0.0,-13.534253693062862
484,1,0.0,0.0,-0.0007754532239328234,0.0,-1.8488907476097478
484,2,0.0,0.0,0.0,0.0,-0.4530114105179152
484,3,0.0,0.0,0.0,0.0,-0.0732284748019319
484,4,0.0,0.0,0.0,0.0,0.0
485,0,0.0,-0.04816497606730227,0.0,0.0,-13.539679904336998
485,1,0.0,0.0,-0.0007754532239328234,0.0,-1.8488907476097478
485,2,0.0,0.0,0.0,0.0,-0.4530114105179152
485,3,0.0,0.0,0.0,0.0,-0.0732284748019319
485,4,0.0,0.0,0.0,0.0,0.0
486,0,0.0,-0.04816497606730227,0.0,0.0,-13.559093210343114
486,1,0.0,0.0,-0.0007754532239328234,0.0,-1.8488907476097478
486,2,0.0,0.0,0.0,0.0,-0.4530114105179152
486,3,0.0,0.0,0.0,0.0,-0.0732284748019319
486,4,0.0,0.0,0.0,0.0,0.0
487,0,0.0,-0.04816497606730227,0.0,0.0,-13.574796623883476
487,1,0.0,0.0,-0.0007754532239328234,0.0,-1.8488907476097478
487,2,0.0,0.0,0.0,0.0,-0.4530114105179152
487,3,0.0,0.0,0.0,0.0,-0.0732284748019319
487,4,0.0,0.0,0.0,0.0,0.0
488,0,0.0,-0.04816497606730227,0.0,0.0,-13.60514632909184
488,1,0.0,0.0,-0.0007754532239328234,0.0,-1.8488907476097478
488,2,0.0,0.0,0.0,0.0,-0.4530114105179152
488,3,0.0,0.0,0.0,0.0,-0.0732284748019319
488,4,0.0,0.0,0.0,0.0,0.0
489,0,0.0,-0.04816497606730227,0.0,0.0,-13.614845184554884
489,1,0.0,0.0,-0.0007754532239328234,0.0,-1.8488907476097478
489,2,0.0,0.0,0.0,0.0,-0.4530114105179152
489,3,0.0,0.0,0.0,0.0,-0.0732284748019319
489,4,0.0,0.0,0.0,0.0,0.0
490,0,0.0,-0.04816497606730227,0.0,0.0,-13.618615314389237
490,1,0.0,0.0,-0.0007754532239328234,0.0,-1.8488907476097478
490,2,0.0,0.0,0.0,0.0,-0.4530114105179152
490,3,0.0,0.0,0.0,0.0,-0.0732284748019319
490,4,0.0,0.0,0.0,0.0,0.0
491,0,0.0,-0.04816497606730227,0.0,0.0,-13.63602806311185
491,1,0.0,0.0,-0.0007754532239328234,0.0,-1.8488907476097478
491,2,0.0,0.0,0.0,0.0,-0.4530114105179152
491,3,0.0,0.0,0.0,0.0,-0.0732284748019319
491,4,0.0,0.0,0.0,0.0,0.0
492,0,0.0,-0.04816497606730227,0.0,0.0,-13.652237396920013
492,1,0.0,0.0,-0.0007754532239328234,0.0,-1.8488907476097478
492,2,0.0,0.0,0.0,0.0,-0.4530114105179152
492,3,0.0,0.0,0.0,0.0,-0.0732284748019319
492,4,0.0,0.0,0.0,0.0,0.0
493,0,0.0,-0.04816497606730227,0.0,0.0,-13.663822168337584
493,1,0.0,0.0,-0.0007754532239328234,0.0,-1.8488907476097478
493,2,0.0,0.0,0.0,0.0,-0.4530114105179152
493,3,0.0,0.0,0.0,0.0,-0.0732284748019319
493,4,0.0,0.0,0.0,0.0,0.0
494,0,0.0,-0.04816497606730227,0.0,0.0,-13.688602504543315
494,1,0.0,0.0,-0.0007754532239328234,0.0,-1.8488907476097478
494,2,0.0,0.0,0.0,0.0,-0.4530114105179152
494,3,0.0,0.0,0.0,0.0,-0.0732284748019319
494,4,0.0,0.0,0.0,0.0,0.0
495,0,0.0,-0.04816497606730227,0.0,0.0,-13.692557716325332
495,1,0.0,0.0,-0.0007754532239328234,0.0,-1.8488907476097478
495,2,0.0,0.0,0.0,0.0,-0.4530114105179152
495,3,0.0,0.0,0.0,0.0,-0.0732284748019319
495,4,0.0,0.0,0.0,0.0,0.0
496,0,0.0,-0.04816497606730227,0.0,0.0,-13.706991133975091
496,1,0.0,0.0,-0.0007754532239328234,0.0,-1.8488907476097478
496,2,0.0,0.0,0.0,0.0,-0.4530114105179152
496,3,0.0,0.0,0.0,0.0,-0.0732284748019319
496,4,0.0,0.0,0.0,0.0,0.0
497,0,0.0,-0.04816497606730227,0.0,0.0,-13.725653990576511
497,1,0.0,0.0,-0.0007754532239328234,0.0,-1.8488907476097478
497,2,0.0,0.0,0.0,0.0,-0.4530114105179152
497,3,0.0,0.0,0.0,0.0,-0.0732284748019319
497,4,0.0,0.0,0.0,0.0,0.0
498,0,0.0,-0.04816497606730227,0.0,0.0,-13.745428105184322
498,1,0.0,0.0,-0.0007754532239328234,0.0,-1.8488907476097478
498,2,0.0,0.0,0.0,0.0,-0.4530114105179152
498,3,0.0,0.0,0.0,0.0,-0.0732284748019319
498,4,0.0,0.0,0.0,0.0,0.0
499,0,0.0,-0.04816497606730227,0.0,0.0,-13.750524094278946
499,1,0.0,0.0,-0.0007754532239328234,0.0,-1.8488907476097478
499,2,0.0,0.0,0.0,0.0,-0.4530114105179152
499,3,0.0,0.0,0.0,0.0,-0.0732284748019319
499,4,0.0,0.0,0.0,0.0,0.0
500,0,0.0,-0.04816497606730227,0.0,0.0,-13.771496139911854
500,1,0.0,0.0,-0.0007754532239328234,0.0,-1.8488907476097478
500,2,0.0,0.0,0.0,0.0,-0.4530114105179152
500,3,0.0,0.0,0.0,0.0,-0.0732284748019319
500,4,0.0,0.0,0.0,0.0,0.0
501,0,0.0,-0.04816497606730227,0.0,0.0,-13.776283752431542
501,1,0.0,0.0,-0.0007754532239328234,0.0,-1.8488907476097478
501,2,0.0,0.0,0.0,0.0,-0.4530114105179152
501,3,0.0,0.0,0.0,0.0,-0.0732284748019319
501,4,0.0,0.0,0.0,0.0,0.0
502,0,0.0,-0.04816497606730227,0.0,0.0,-13.781224145278207
502,1,0.0,0.0,-0.0007754532239328234,0.0,-1.8488907476097478
502,2,0.0,0.0,0.0,0.0,-0.4530114105179152
502,3,0.0,0.0,0.0,0.0,-0.0732284748019319
502,4,0.0,0.0,0.0,0.0,0.0
503,0,0.0,-0.04816497606730227,0.0,0.0,-13.783927315990939
503,1,0.0,0.0,-0.0007754532239328234,0.0,-1.8488907476097478
503,2,0.0,0.0,0.0,0.0,-0.4530114105179152
503,3,0.0,0.0,0.0,0.0,-0.0732284748019319
503,4,0.0,0.0,0.0,0.0,0.0
504,0,0.0,-0.04816497606730227,0.0,0.0,-13.802513000078621
504,1,0.0,0.0,-0.0007754532239328234,0.0,-1.8488907476097478
504,2,0.0,0.0,0.0,0.0,-0.4530114105179152
504,3,0.0,0.0,0.0,0.0,-0.0732284748019319
504,4,0.0,0.0,0.0,0.0,0.0
505,0,0.0,-0.04816497606730227,0.0,0.0,-13.814107298515086
505,1,0.0,0.0,-0.0007754532239328234,0.0,-1.8488907476097478
505,2,0.0,0.0,0.0,0.0,-0.4530114105179152
505,3,0.0,0.0,0.0,0.0,-0.0732284748019319
505,4,0.0,0.0,0.0,0.0,0.0
506,0,0.0,-0.04816497606730227,0.0,0.0,-13.836619003235358
506,1,0.0,0.0,-0.0007754532239328234,0.0,-1.8488907476097478
506,2,0.0,0.0,0.0,0.0,-0.4530114105179152
506,3,0.0,0.0,0.0,0.0,-0.0732284748019319
506,4,0.0,0.0,0.0,0.0,0.0
507,0,0.0,-0.04816497606730227,0.0,0.0,-13.876825040421075
507,1,0.0,0.0,-0.0007754532239328234,0.0,-1.8488907476097478
507,2,0.0,0.0,0.0,0.0,-0.4530114105179152
507,3,0.0,0.0,0.0,0.0,-0.0732284748019319
507,4,0.0,0.0,0.0,0.0,0.0
508,0,0.0,-0.04816497606730227,0.0,0.0,-13.908161492536664
508,1,0.0,0.0,-0.0007754532239328234,0.0,-1.8488907476097478
508,2,0.0,0.0,0.0,0.0,-0.4530114105179152
508,3,0.0,0.0,0.0,0.0,-0.0732284748019319
508,4,0.0,0.0,0.0,0.0,0.0
509,0,0.0,-0.04816497606730227,0.0,0.0,-13.917354178736723
509,1,0.0,0.0,-0.0007754532239328234,0.0,-1.8488907476097478
509,2,0.0,0.0,0.0,0.0,-0.4530114105179152
509,3,0.0,0.0,0.0,0.0,-0.0732284748019319
509,4,0.0,0.0,0.0,0.0,0.0
510,0,0.0,-0.04816497606730227,0.0,0.0,-13.936528240960243
510,1,0.0,0.0,-0.0007754532239328234,0.0,-1.8488907476097478
510,2,0.0,0.0,0.0,0.0,-0.4530114105179152
510,3,0.0,0.0,0.0,0.0,-0.0732284748019319
510,4,0.0,0.0,0.0,0.0,0.0
511,0,0.0,-0.04816497606730227,0.0,0.0,-13.942866956606899
511,1,0.0,0.0,-0.0007754532239328234,0.0,-1.8488907476097478
511,2,0.0,0.0,0.0,0.0,-0.4530114105179152
511,3,0.0,0.0,0.0,0.0,-0.0732284748019319
511,4,0.0,0.0,0.0,0.0,0.0
512,0,0.0,-0.04816497606730227,0.0,0.0,-13.959365313038653
512,1,0.0,0.0,-0.0007754532239328234,0.0,-1.8488907476097478
512,2,0.0,0.0,0.0,0.0,-0.4530114105179152
512,3,0.0,0.0,0.0,0.0,-0.0732284748019319
512,4,0.0,0.0,0.0,0.0,0.0
513,0,0.0,-0.04816497606730227,0.0,0.0,-13.98795894896716
513,1,0.0,0.0,-0.0007754532239328234,0.0,-1.8488907476097478
513,2,0.0,0.0,0.0,0.0,-0.4530114105179152
513,3,0.0,0.0,0.0,0.0,-0.0732284748019319
513,4,0.0,0.0,0.0,0.0,0.0
514,0,0.0,-0.04816497606730227,0.0,0.0,-14.007563875472696
514,1,0.0,0.0,-0.0007754532239328234,0.0,-1.8488907476097478
514,2,0.0,0.0,0.0,0.0,-0.4530114105179152
514,3,0.0,0.0,0.0,0.0,-0.0732284748019319
514,4,0.0,0.0,0.0,0.0,0.0
515,0,0.0,-0.04816497606730227,0.0,0.0,-14.01819822668101
515,1,0.0,0.0,-0.0007754532239328234,0.0,-1.8488907476097478
515,2,0.0,0.0,0.0,0.0,-0.4530114105179152
515,3,0.0,0.0,0.0,0.0,-0.0732284748019319
515,4,0.0,0.0,0.0,0.0,0.0
516,0,0.0,-0.04816497606730227,0.0,0.0,-14.0307614018394
516,1,0.0,0.0,-0.0007754532239328234,0.0,-1.8488907476097478
516,2,0.0,0.0,0.0,0.0,-0.4530114105179152
516,3,0.0,0.0,0.0,0.0,-0.0732284748019319
516,4,0.0,0.0,0.0,0.0,0.0
517,0,0.0,-0.04816497606730227,0.0,0.0,-14.03129381670015
517,1,0.0,0.0,-0.0007754532239328234,0.0,-1.8488907476097478
517,2,0.0,0.0,0.0,0.0,-0.4530114105179152
517,3,0.0,0.0,0.0,0.0,-0.0732284748019319
517,4,0.0,0.0,0.0,0.0,0.0
518,0,0.0,-0.04816497606730227,0.0,0.0,-14.055251394793684
518,1,0.0,0.0,-0.0007754532239328234,0.0,-1.8488907476097478
518,2,0.0,0.0,0.0,0.0,-0.4530114105179152
518,3,0.0,0.0,0.0,0.0,-0.0732284748019319
518,4,0.0,0.0,0.0,0.0,0.0
519,0,0.0,-0.04816497606730227,0.0,0.0,-14.075904022804846
519,1,0.0,0.0,-0.0007754532239328234,0.0,-1.8488907476097478
519,2,0.0,0.0,0.0,0.0,-0.4530114105179152
519,3,0.0,0.0,0.0,0.0,-0.0732284748019319
519,4,0.0,0.0,0.0,0.0,0.0
520,0,0.0,-0.04816497606730227,0.0,0.0,-14.098083730139543
520,1,0.0,0.0,-0.0007754532239328234,0.0,-1.8488907476097478
520,2,0.0,0.0,0.0,0.0,-0.4530114105179152
520,3,0.0,0.0,0.0,0.0,-0.0732284748019319
520,4,0.0,0.0,0.0,0.0,0.0
521,0,0.0,-0.04816497606730227,0.0,0.0,-14.106101896982429
521,1,0.0,0.0,-0.0007754532239328234,0.0,-1.8488907476097478
521,2,0.0,0.0,0.0,0.0,-0.4530114105179152
521,3,0.0,0.0,0.0,0.0,-0.0732284748019319
521,4,0.0,0.0,0.0,0.0,0.0
522,0,0.0,-0.04816497606730227,0.0,0.0,-14.12168528415059
522,1,0.0,0.0,-0.0007754532239328234,0.0,-1.8488907476097478
522,2,0.0,0.0,0.0,0.0,-0.4530114105179152
522,3,0.0,0.0,0.0,0.0,-0.0732284748019319
522,4,0.0,0.0,0.0,0.0,0.0
523,0,0.0,-0.04816497606730227,0.0,0.0,-14.142765532854092
523,1,0.0,0.0,-0.0007754532239328234,0.0,-1.8488907476097478
523,2,0.0,0.0,0.0,0.0,-0.4530114105179152
523,3,0.0,0.0,0.0,0.0,-0.0732284748019319
523,4,0.0,0.0,0.0,0.0,0.0
524,0,0.0,-0.04816497606730227,0.0,0.0,-14.14297182969571
524,1,0.0,0.0,-0.0007754532239328234,0.0,-1.8488907476097478
524,2,0.0,0.0,0.0,0.0,-0.4530114105179152
524,3,0.0,0.0,0.0,0.0,-0.0732284748019319
524,4,0.0,0.0,0.0,0.0,0.0
525,0,0.0,-0.04816497606730227,0.0,0.0,-14.148934561495533
525,1,0.0,0.0,-0.0007754532239328234,0.0,-1.8488907476097478
525,2,0.0,0.0,0.0,0.0,-0.4530114105179152
525,3,0.0,0.0,0.0,0.0,-0.0732284748019319
525,4,0.0,0.0,0.0,0.0,0.0
526,0,0.0,-0.04816497606730227,0.0,0.0,-14.164754769155829
526,1,0.0,0.0,-0.0007754532239328234,0.0,-1.8488907476097478
526,2,0.0,0.0,0.0,0.0,-0.4530114105179152
526,3,0.0,0.0,0.0,0.0,-0.0732284748019319
526,4,0.0,0.0,0.0,0.0,0.0
527,0,0.0,-0.04816497606730227,0.0,0.0,-14.193552228590633
527,1,0.0,0.0,-0.0007754532239328234,0.0,-1.8488907476097478
527,2,0.0,0.0,0.0,0.0,-0.4530114105179152
527,3,0.0,0.0,0.0,0.0,-0.0732284748019319
527,4,0.0,0.0,0.0,0.0,0.0
528,0,0.0,-0.04816497606730227,0.0,0.0,-14.220201768781498
528,1,0.0,0.0,-0.0007754532239328234,0.0,-1.8488907476097478
528,2,0.0,0.0,0.0,0.0,-0.4530114105179152
528,3,0.0,0.0,0.0,0.0,-0.0732284748019319
528,4,0.0,0.0,0.0,0.0,0.0
529,0,0.0,-0.04816497606730227,0.0,0.0,-14.229216316120521
529,1,0.0,0.0,-0.0007754532239328234,0.0,-1.8488907476097478
529,2,0.0,0.0,0.0,0.0,-0.4530114105179152
529,3,0.0,0.0,0.0,0.0,-0.0732284748019319
529,4,0.0,0.0,0.0,0.0,0.0
530,0,0.0,-0.04816497606730227,0.0,0.0,-14.237021989250515
530,1,0.0,0.0,-0.0007754532239328234,0.0,-1.8488907476097478
530,2,0.0,0.0,0.0,0.0,-0.4530114105179152
530,3,0.0,0.0,0.0,0.0,-0.0732284748019319
530,4,0.0,0.0,0.0,0.0,0.0
531,0,0.0,-0.04816497606730227,0.0,0.0,-14.261453771072041
531,1,0.0,0.0,-0.0007754532239328234,0.0,-1.8488907476097478
531,2,0.0,0.0,0.0,0.0,-0.4530114105179152
531,3,0.0,0.0,0.0,0.0,-0.0732284748019319
531,4,0.0,0.0,0.0,0.0,0.0
532,0,0.0,-0.04816497606730227,0.0,0.0,-14.267336153217165
532,1,0.0,0.0,-0.0007754532239328234,0.0,-1.8488907476097478
532,2,0.0,0.0,0.0,0.0,-0.4530114105179152
532,3,0.0,0.0,0.0,0.0,-0.0732284748019319
532,4,0.0,0.0,0.0,0.0,0.0
533,0,0.0,-0.04816497606730227,0.0,0.0,-14.27375180884888
533,1,0.0,0.0,-0.0007754532239328234,0.0,-1.8488907476097478
533,2,0.0,0.0,0.0,0.0,-0.4530114105179152
533,3,0.0,0.0,0.0,0.0,-0.0732284748019319
533,4,0.0,0.0,0.0,0.0,0.0
534,0,0.0,-0.04816497606730227,0.0,0.0,-14.281435401374393
534,1,0.0,0.0,-0.0007754532239328234,0.0,-1.8488907476097478
534,2,0.0,0.0,0.0,0.0,-0.4530114105179152
534,3,0.0,0.0,0.0,0.0,-0.0732284748019319
534,4,0.0,0.0,0.0,0.0,0.0
535,0,0.0,-0.04816497606730227,0.0,0.0,-14.29103007676399
535,1,0.0,0.0,-0.0007754532239328234,0.0,-1.8488907476097478
535,2,0.0,0.0,0.0,0.0,-0.4530114105179152
535,3,0.0,0.0,0.0,0.0,-0.0732284748019319
535,4,0.0,0.0,0.0,0.0,0.0
536,0,0.0,-0.04816497606730227,0.0,0.0,-14.324496518804885
536,1,0.0,0.0,-0.0007754532239328234,0.0,-1.8488907476097478
536,2,0.0,0.0,0.0,0.0,-0.4530114105179152
536,3,0.0,0.0,0.0,0.0,-0.0732284748019319
536,4,0.0,0.0,0.0,0.0,0.0
537,0,0.0,-0.04816497606730227,0.0,0.0,-14.330698182772155
537,1,0.0,0.0,-0.0007754532239328234,0.0,-1.8488907476097478
537,2,0.0,0.0,0.0,0.0,-0.4530114105179152
537,3,0.0,0.0,0.0,0.0,-0.0732284748019319
537,4,0.0,0.0,0.0,0.0,0.0
538,0,0.0,-0.04816497606730227,0.0,0.0,-14.351007550295586
538,1,0.0,0.0,-0.0007754532239328234,0.0,-1.8488907476097478
538,2,0.0,0.0,0.0,0.0,-0.4530114105179152
538,3,0.0,0.0,0.0,0.0,-0.0732284748019319
538,4,0.0,0.0,0.0,0.0,0.0
539,0,0.0,-0.04816497606730227,0.0,0.0,-14.353253473680807
539,1,0.0,0.0,-0.0007754532239328234,0.0,-1.8488907476097478
539,2,0.0,0.0,0.0,0.0,-0.4530114105179152
539,3,0.0,0.0,0.0,0.0,-0.0732284748019319
539,4,0.0,0.0,0.0,0.0,0.0
540,0,0.0,-0.04816497606730227,0.0,0.0,-14.367982630006711
540,1,0.0,0.0,-0.0007754532239328234,0.0,-1.8488907476097478
540,2,0.0,0.0,0.0,0.0,-0.4530114105179152
540,3,0.0,0.0,0.0,0.0,-0.0732284748019319
540,4,0.0,0.0,0.0,0.0,0.0
541,0,0.0,-0.04816497606730227,0.0,0.0,-14.381136796602549
541,1,0.0,0.0,-0.0007754532239328234,0.0,-1.8488907476097478
541,2,0.0,0.0,0.0,0.0,-0.4530114105179152
541,3,0.0,0.0,0.0,0.0,-0.0732284748019319
541,4,0.0,0.0,0.0,0.0,0.0
542,0,0.0,-0.04816497606730227,0.0,0.0,-14.410411789151375
542,1,0.0,0.0,-0.0007754532239328234,0.0,-1.8488907476097478
542,2,0.0,0.0,0.0,0.0,-0.4530114105179152
542,3,0.0,0.0,0.0,0.0,-0.0732284748019319
542,4,0.0,0.0,0.0,0.0,0.0
543,0,0.0,-0.04816497606730227,0.0,0.0,-14.421505687509397
543,1,0.0,0.0,-0.0007754532239328234,0.0,-1.8488907476097478
543,2,0.0,0.0,0.0,0.0,-0.4530114105179152
543,3,0.0,0.0,0.0,0.0,-0.0732284748019319
543,4,0.0,0.0,0.0,0.0,0.0
544,0,0.0,-0.04816497606730227,0.0,0.0,-14.418978489504324
544,1,0.0,0.0,-0.0007754532239328234,0.0,-1.8488907476097478
544,2,0.0,0.0,0.0,0.0,-0.4530114105179152
544,3,0.0,0.0,0.0,0.0,-0.0732284748019319
544,4,0.0,0.0,0.0,0.0,0.0
545,0,0.0,-0.04816497606730227,0.0,0.0,-14.435620517504798
545,1,0.0,0.0,-0.0007754532239328234,0.0,-1.8488907476097478
545,2,0.0,0.0,0.0,0.0,-0.4530114105179152
545,3,0.0,0.0,0.0,0.0,-0.0732284748019319
545,4,0.0,0.0,0.0,0.0,0.0
546,0,0.0,-0.04816497606730227,0.0,0.0,-14.44400185715579
546,1,0.0,0.0,-0.0007754532239328234,0.0,-1.8488907476097478
546,2,0.0,0.0,0.0,0.0,-0.4530114105179152
546,3,0.0,0.0,0.0,0.0,-0.0732284748019319
546,4,0.0,0.0,0.0,0.0,0.0
547,0,0.0,-0.04816497606730227,0.0,0.0,-14.452924588776366
547,1,0.0,0.0,-0.0007754532239328234,0.0,-1.8488907476097478
547,2,0.0,0.0,0.0,0.0,-0.4530114105179152
547,3,0.0,0.0,0.0,0.0,-0.0732284748019319
547,4,0.0,0.0,0.0,0.0,0.0
548,0,0.0,-0.04816497606730227,0.0,0.0,-14.467462986992876
548,1,0.0,0.0,-0.0007754532239328234,0.0,-1.8488907476097478
548,2,0.0,0.0,0.0,0.0,-0.4530114105179152
548,3,0.0,0.0,0.0,0.0,-0.0732284748019319
548,4,0.0,0.0,0.0,0.0,0.0
549,0,0.0,-0.04816497606730227,0.0,0.0,-14.471765661165515
549,1,0.0,0.0,-0.0007754532239328234,0.0,-1.8488907476097478
549,2,0.0,0.0,0.0,0.0,-0.4530114105179152
549,3,0.0,0.0,0.0,0.0,-0.0732284748019319
549,4,0.0,0.0,0.0,0.0,0.0
550,0,0.0,-0.04816497606730227,0.0,0.0,-14.487605539435165
550,1,0.0,0.0,-0.0007754532239328234,0.0,-1.8488907476097478
550,2,0.0,0.0,0.0,0.0,-0.4530114105179152
550,3,0.0,0.0,0.0,0.0,-0.0732284748019319
550,4,0.0,0.0,0.0,0.0,0.0
551,0,0.0,-0.04816497606730227,0.0,0.0,-14.507044806220739
551,1,0.0,0.0,-0.0007754532239328234,0.0,-1.8488907476097478
551,2,0.0,0.0,0.0,0.0,-0.4530114105179152
551,3,0.0,0.0,0.0,0.0,-0.0732284748019319
551,4,0.0,0.0,0.0,0.0,0.0
552,0,0.0,-0.04816497606730227,0.0,0.0,-14.507665194814656
552,1,0.0,0.0,-0.0007754532239328234,0.0,-1.8488907476097478
552,2,0.0,0.0,0.0,0.0,-0.4530114105179152
552,3,0.0,0.0,0.0,0.0,-0.0732284748019319
552,4,0.0,0.0,0.0,0.0,0.0
553,0,0.0,-0.04816497606730227,0.0,0.0,-14.527662280627343
553,1,0.0,0.0,-0.0007754532239328234,0.0,-1.8488907476097478
553,2,0.0,0.0,0.0,0.0,-0.4530114105179152
553,3,0.0,0.0,0.0,0.0,-0.0732284748019319
553,4,0.0,0.0,0.0,0.0,0.0
554,0,0.0,-0.04816497606730227,0.0,0.0,-14.533221137328532
554,1,0.0,0.0,-0.0007754532239328234,0.0,-1.8488907476097478
554,2,0.0,0.0,0.0,0.0,-0.4530114105179152
554,3,0.0,0.0,0.0,0.0,-0.0732284748019319
554,4,0.0,0.0,0.0,0.0,0.0
555,0,0.0,-0.04816497606730227,0.0,0.0,-14.534763861591077
555,1,0.0,0.0,-0.0007754532239328234,0.0,-1.8488907476097478
555,2,0.0,0.0,0.0,0.0,-0.4530114105179152
555,3,0.0,0.0,0.0,0.0,-0.0732284748019319
555,4,0.0,0.0,0.0,0.0,0.0
556,0,0.0,-0.04816497606730227,0.0,0.0,-14.537709572979633
556,1,0.0,0.0,-0.0007754532239328234,0.0,-1.8488907476097478
556,2,0.0,0.0,0.0,0.0,-0.4530114105179152
556,3,0.0,0.0,0.0,0.0,-0.0732284748019319
556,4,0.0,0.0,0.0,0.0,0.0
557,0,0.0,-0.04816497606730227,0.0,0.0,-14.558412294287946
557,1,0.0,0.0,-0.0007754532239328234,0.0,-1.8488907476097478
557,2,0.0,0.0,0.0,0.0,-0.4530114105179152
557,3,0.0,0.0,0.0,0.0,-0.0732284748019319
557,4,0.0,0.0,0.0,0.0,0.0
558,0,0.0,-0.04816497606730227,0.0,0.0,-14.57114724447168
558,1,0.0,0.0,-0.0007754532239328234,0.0,-1.8488907476097478
558,2,0.0,0.0,0.0,0.0,-0.4530114105179152
558,3,0.0,0.0,0.0,0.0,-0.0732284748019319
558,4,0.0,0.0,0.0,0.0,0.0
559,0,0.0,-0.04816497606730227,0.0,0.0,-14.571223207150105
559,1,0.0,0.0,-0.0007754532239328234,0.0,-1.8488907476097478
559,2,0.0,0.0,0.0,0.0,-0.4530114105179152
559,3,0.0,0.0,0.0,0.0,-0.0732284748019319
559,4,0.0,0.0,0.0,0.0,0.0
560,0,0.0,-0.04816497606730227,0.0,0.0,-14.579524717297659
560,1,0.0,0.0,-0.0007754532239328234,0.0,-1.8488907476097478
560,2,0.0,0.0,0.0,0.0,-0.4530114105179152
560,3,0.0,0.0,0.0,0.0,-0.0732284748019319
560,4,0.0,0.0,0.0,0.0,0.0
561,0,0.0,-0.04816497606730227,0.0,0.0,-14.587609831998222
561,1,0.0,0.0,-0.0007754532239328234,0.0,-1.8488907476097478
561,2,0.0,0.0,0.0,0.0,-0.4530114105179152
561,3,0.0,0.0,0.0,0.0,-0.0732284748019319
561,4,0.0,0.0,0.0,0.0,0.0
562,0,0.0,-0.04816497606730227,0.0,0.0,-14.613168974486593
562,1,0.0,0.0,-0.0007754532239328234,0.0,-1.8488907476097478
562,2,0.0,0.0,0.0,0.0,-0.4530114105179152
562,3,0.0,0.0,0.0,0.0,-0.0732284748019319
562,4,0.0,0.0,0.0,0.0,0.0
563,0,0.0,-0.04816497606730227,0.0,0.0,-14.6265933719442
563,1,0.0,0.0,-0.0007754532239328234,0.0,-1.8488907476097478
563,2,0.0,0.0,0.0,0.0,-0.4530114105179152
563,3,0.0,0.0,0.0,0.0,-0.0732284748019319
563,4,0.0,0.0,0.0,0.0,0.0
564,0,0.0,-0.04816497606730227,0.0,0.0,-14.636764644855997
564,1,0.0,0.0,-0.0007754532239328234,0.0,-1.8488907476097478
564,2,0.0,0.0,0.0,0.0,-0.4530114105179152
564,3,0.0,0.0,0.0,0.0,-0.0732284748019319
564,4,0.0,0.0,0.0,0.0,0.0
565,0,0.0,-0.04816497606730227,0.0,0.0,-14.645333673252305
565,1,0.0,0.0,-0.0007754532239328234,0.0,-1.8488907476097478
565,2,0.0,0.0,0.0,0.0,-0.4530114105179152
565,3,0.0,0.0,0.0,0.0,-0.0732284748019319
565,4,0.0,0.0,0.0,0.0,0.0
566,0,0.0,-0.04816497606730227,0.0,0.0,-14.667329492699475
566,1,0.0,0.0,-0.0007754532239328234,0.0,-1.8488907476097478
566,2,0.0,0.0,0.0,0.0,-0.4530114105179152
566,3,0.0,0.0,0.0,0.0,-0.0732284748019319
566,4,0.0,0.0,0.0,0.0,0.0
567,0,0.0,-0.04816497606730227,0.0,0.0,-14.669673363343309
567,1,0.0,0.0,-0.0007754532239328234,0.0,-1.8488907476097478
567,2,0.0,0.0,0.0,0.0,-0.4530114105179152
567,3,0.0,0.0,0.0,0.0,-0.0732284748019319
567,4,0.0,0.0,0.0,0.0,0.0
568,0,0.0,-0.04816497606730227,0.0,0.0,-14.696023476314698
568,1,0.0,0.0,-0.0007754532239328234,0.0,-1.8488907476097478
568,2,0.0,0.0,0.0,0.0,-0.4530114105179152
568,3,0.0,0.0,0.0,0.0,-0.0732284748019319
568,4,0.0,0.0,0.0,0.0,0.0
569,0,0.0,-0.04816497606730227,0.0,0.0,-14.715823468486496
569,1,0.0,0.0,-0.0007754532239328234,0.0,-1.8488907476097478
569,2,0.0,0.0,0.0,0.0,-0.4530114105179152
569,3,0.0,0.0,0.0,0.0,-0.0732284748019319
569,4,0.0,0.0,0.0,0.0,0.0
570,0,0.0,-0.04816497606730227,0.0,0.0,-14.726827041972305
570,1,0.0,0.0,-0.0007754532239328234,0.0,-1.8488907476097478
570,2,0.0,0.0,0.0,0.0,-0.4530114105179152
570,3,0.0,0.0,0.0,0.0,-0.0732284748019319
570,4,0.0,0.0,0.0,0.0,0.0
571,0,0.0,-0.04816497606730227,0.0,0.0,-14.747128740005785
571,1,0.0,0.0,-0.0007754532239328234,0.0,-1.8488907476097478
571,2,0.0,0.0,0.0,0.0,-0.4530114105179152
571,3,0.0,0.0,0.0,0.0,-0.0732284748019319
571,4,0.0,0.0,0.0,0.0,0.0
572,0,0.0,-0.04816497606730227,0.0,0.0,-14.751298378477973
572,1,0.0,0.0,-0.0007754532239328234,0.0,-1.8488907476097478
572,2,0.0,0.0,0.0,0.0,-0.4530114105179152
572,3,0.0,0.0,0.0,0.0,-0.0732284748019319
572,4,0.0,0.0,0.0,0.0,0.0
573,0,0.0,-0.04816497606730227,0.0,0.0,-14.750452665190963
573,1,0.0,0.0,-0.0007754532239328234,0.0,-1.8488907476097478
573,2,0.0,0.0,0.0,0.0,-0.4530114105179152
573,3,0.0,0.0,0.0,0.0,-0.0732284748019319
573,4,0.0,0.0,0.0,0.0,0.0
574,0,0.0,-0.04816497606730227,0.0,0.0,-14.752495887303816
574,1,0.0,0.0,-0.0007754532239328234,0.0,-1.8488907476097478
574,2,0.0,0.0,0.0,0.0,-0.4530114105179152
574,3,0.0,0.0,0.0,0.0,-0.0732284748019319
574,4,0.0,0.0,0.0,0.0,0.0
575,0,0.0,-0.04816497606730227,0.0,0.0,-14.762283204563332
575,1,0.0,0.0,-0.0007754532239328234,0.0,-1.8488907476097478
575,2,0.0,0.0,0.0,0.0,-0.4530114105179152
575,3,0.0,0.0,0.0,0.0,-0.0732284748019319
575,4,0.0,0.0,0.0,0.0,0.0
576,0,0.0,-0.04816497606730227,0.0,0.0,-14.765265385314104
576,1,0.0,0.0,-0.0007754532239328234,0.0,-1.8488907476097478
576,2,0.0,0.0,0.0,0.0,-0.4530114105179152
576,3,0.0,0.0,0.0,0.0,-0.0732284748019319
576,4,0.0,0.0,0.0,0.0,0.0
577,0,0.0,-0.04816497606730227,0.0,0.0,-14.77172185039763
577,1,0.0,0.0,-0.0007754532239328234,0.0,-1.8488907476097478
577,2,0.0,0.0,0.0,0.0,-0.4530114105179152
577,3,0.0,0.0,0.0,0.0,-0.0732284748019319
577,4,0.0,0.0,0.0,0.0,0.0
578,0,0.0,-0.04816497606730227,0.0,0.0,-14.775347357878289
578,1,0.0,0.0,-0.0007754532239328234,0.0,-1.8488907476097478
578,2,0.0,0.0,0.0,0.0,-0.4530114105179152
578,3,0.0,0.0,0.0,0.0,-0.0732284748019319
578,4,0.0,0.0,0.0,0.0,0.0
579,0,0.0,-0.04816497606730227,0.0,0.0,-14.805912563925876
579,1,0.0,0.0,-0.0007754532239328234,0.0,-1.8488907476097478
579,2,0.0,0.0,0.0,0.0,-0.4530114105179152
579,3,0.0,0.0,0.0,0.0,-0.0732284748019319
579,4,0.0,0.0,0.0,0.0,0.0
580,0,0.0,-0.04816497606730227,0.0,0.0,-14.835597787824318
580,1,0.0,0.0,-0.0007754532239328234,0.0,-1.8488907476097478
580,2,0.0,0.0,0.0,0.0,-0.4530114105179152
580,3,0.0,0.0,0.0,0.0,-0.0732284748019319
580,4,0.0,0.0,0.0,0.0,0.0
581,0,0.0,-0.04816497606730227,0.0,0.0,-14.842064648638877
581,1,0.0,0.0,-0.0007754532239328234,0.0,-1.8488907476097478
581,2,0.0,0.0,0.0,0.0,-0.4530114105179152
581,3,0.0,0.0,0.0,0.0,-0.0732284748019319
581,4,0.0,0.0,0.0,0.0,0.0
582,0,0.0,-0.04816497606730227,0.0,0.0,-14.852609208045887
582,1,0.0,0.0,-0.0007754532239328234,0.0,-1.8488907476097478
582,2,0.0,0.0,0.0,0.0,-0.4530114105179152
582,3,0.0,0.0,0.0,0.0,-0.0732284748019319
582,4,0.0,0.0,0.0,0.0,0.0
583,0,0.0,-0.04816497606730227,0.0,0.0,-14.867030227981864
583,1,0.0,0.0,-0.0007754532239328234,0.0,-1.8488907476097478
583,2,0.0,0.0,0.0,0.0,-0.4530114105179152
583,3,0.0,0.0,0.0,0.0,-0.0732284748019319
583,4,0.0,0.0,0.0,0.0,0.0
584,0,0.0,-0.04816497606730227,0.0,0.0,-14.876554745007377
584,1,0.0,0.0,-0.0007754532239328234,0.0,-1.8488907476097478
584,2,0.0,0.0,0.0,0.0,-0.4530114105179152
584,3,0.0,0.0,0.0,0.0,-0.0732284748019319
584,4,0.0,0.0,0.0,0.0,0.0
585,0,0.0,-0.04816497606730227,0.0,0.0,-14.909448574343514
585,1,0.0,0.0,-0.0007754532239328234,0.0,-1.8488907476097478
585,2,0.0,0.0,0.0,0.0,-0.4530114105179152
585,3,0.0,0.0,0.0,0.0,-0.0732284748019319
585,4,0.0,0.0,0.0,0.0,0.0
586,0,0.0,-0.04816497606730227,0.0,0.0,-14.914321832582859
586,1,0.0,0.0,-0.0007754532239328234,0.0,-1.8488907476097478
586,2,0.0,0.0,0.0,0.0,-0.4530114105179152
586,3,0.0,0.0,0.0,0.0,-0.0732284748019319
586,4,0.0,0.0,0.0,0.0,0.0
587,0,0.0,-0.04816497606730227,0.0,0.0,-14.941469575774377
587,1,0.0,0.0,-0.0007754532239328234,0.0,-1.8488907476097478
587,2,0.0,0.0,0.0,0.0,-0.4530114105179152
587,3,0.0,0.0,0.0,0.0,-0.0732284748019319
587,4,0.0,0.0,0.0,0.0,0.0
588,0,0.0,-0.04816497606730227,0.0,0.0,-14.967456224736004
588,1,0.0,0.0,-0.0007754532239328234,0.0,-1.8488907476097478
588,2,0.0,0.0,0.0,0.0,-0.4530114105179152
588,3,0.0,0.0,0.0,0.0,-0.0732284748019319
588,4,0.0,0.0,0.0,0.0,0.0
589,0,0.0,-0.04816497606730227,0.0,0.0,-14.972952898272142
589,1,0.0,0.0,-0.0007754532239328234,0.0,-1.8488907476097478
589,2,0.0,0.0,0.0,0.0,-0.4530114105179152
589,3,0.0,0.0,0.0,0.0,-0.0732284748019319
589,4,0.0,0.0,0.0,0.0,0.0
590,0,0.0,-0.04816497606730227,0.0,0.0,-14.992826138149288
590,1,0.0,0.0,-0.0007754532239328234,0.0,-1.8488907476097478
590,2,0.0,0.0,0.0,0.0,-0.4530114105179152
590,3,0.0,0.0,0.0,0.0,-0.0732284748019319
590,4,0.0,0.0,0.0,0.0,0.0
591,0,0.0,-0.04816497606730227,0.0,0.0,-15.011225640268847
591,1,0.0,0.0,-0.0007754532239328234,0.0,-1.8488907476097478
591,2,0.0,0.0,0.0,0.0,-0.4530114105179152
591,3,0.0,0.0,0.0,0.0,-0.0732284748019319
591,4,0.0,0.0,0.0,0.0,0.0
592,0,0.0,-0.04816497606730227,0.0,0.0,-15.01723456635863
592,1,0.0,0.0,-0.0007754532239328234,0.0,-1.8488907476097478
592,2,0.0,0.0,0.0,0.0,-0.4530114105179152
592,3,0.0,0.0,0.0,0.0,-0.0732284748019319
592,4,0.0,0.0,0.0,0.0,0.0
593,0,0.0,-0.04816497606730227,0.0,0.0,-15.018177895001847
593,1,0.0,0.0,-0.0007754532239328234,0.0,-1.8488907476097478
593,2,0.0,0.0,0.0,0.0,-0.4530114105179152
593,3,0.0,0.0,0.0,0.0,-0.0732284748019319
593,4,0.0,0.0,0.0,0.0,0.0
594,0,0.0,-0.04816497606730227,0.0,0.0,-15.029072520366467
594,1,0.0,0.0,-0.0007754532239328234,0.0,-1.8488907476097478
594,2,0.0,0.0,0.0,0.0,-0.4530114105179152
594,3,0.0,0.0,0.0,0.0,-0.0732284748019319
594,4,0.0,0.0,0.0,0.0,0.0
595,0,0.0,-0.04816497606730227,0.0,0.0,-15.050674828382382
595,1,0.0,0.0,-0.0007754532239328234,0.0,-1.8488907476097478
595,2,0.0,0.0,0.0,0.0,-0.4530114105179152
595,3,0.0,0.0,0.0,0.0,-0.0732284748019319
595,4,0.0,0.0,0.0,0.0,0.0
596,0,0.0,-0.04816497606730227,0.0,0.0,-15.079055777395883
596,1,0.0,0.0,-0.0007754532239328234,0.0,-1.8488907476097478
596,2,0.0,0.0,0.0,0.0,-0.4530114105179152
596,3,0.0,0.0,0.0,0.0,-0.0732284748019319
596,4,0.0,0.0,0.0,0.0,0.0
597,0,0.0,-0.04816497606730227,0.0,0.0,-15.083048506251993
597,1,0.0,0.0,-0.0007754532239328234,0.0,-1.8488907476097478
597,2,0.0,0.0,0.0,0.0,-0.4530114105179152
597,3,0.0,0.0,0.0,0.0,-0.0732284748019319
597,4,0.0,0.0,0.0,0.0,0.0
598,0,0.0,-0.04816497606730227,0.0,0.0,-15.103822158441707
598,1,0.0,0.0,-0.0007754532239328234,0.0,-1.8488907476097478
598,2,0.0,0.0,0.0,0.0,-0.4530114105179152
598,3,0.0,0.0,0.0,0.0,-0.0732284748019319
598,4,0.0,0.0,0.0,0.0,0.0
599,0,0.0,-0.04816497606730227,0.0,0.0,-15.117990792300274
599,1,0.0,0.0,-0.0007754532239328234,0.0,-1.8488907476097478
599,2,0.0,0.0,0.0,0.0,-0.4530114105179152
599,3,0.0,0.0,0.0,0.0,-0.0732284748019319
599,4,0.0,0.0,0.0,0.0,0.0
600,0,0.0,-0.04816497606730227,0.0,0.0,-15.125670942129204
600,1,0.0,0.0,-0.0007754532239328234,0.0,-1.8488907476097478
600,2,0.0,0.0,0.0,0.0,-0.4530114105179152
600,3,0.0,0.0,0.0,0.0,-0.0732284748019319
600,4,0.0,0.0,0.0,0.0,0.0
601,0,0.0,-0.04816497606730227,0.0,0.0,-15.130909105066365
601,1,0.0,0.0,-0.0007754532239328234,0.0,-1.8488907476097478
601,2,0.0,0.0,0.0,0.0,-0.4530114105179152
601,3,0.0,0.0,0.0,0.0,-0.0732284748019319
601,4,0.0,0.0,0.0,0.0,0.0
602,0,0.0,-0.04816497606730227,0.0,0.0,-15.148635108899706
602,1,0.0,0.0,-0.0007754532239328234,0.0,-1.8488907476097478
602,2,0.0,0.0,0.0,0.0,-0.4530114105179152
602,3,0.0,0.0,0.0,0.0,-0.0732284748019319
602,4,0.0,0.0,0.0,0.0,0.0
603,0,0.0,-0.04816497606730227,0.0,0.0,-15.158501935675249
603,1,0.0,0.0,-0.0007754532239328234,0.0,-1.8488907476097478
603,2,0.0,0.0,0.0,0.0,-0.4530114105179152
603,3,0.0,0.0,0.0,0.0,-0.0732284748019319
603,4,0.0,0.0,0.0,0.0,0.0
604,0,0.0,-0.04816497606730227,0.0,0.0,-15.16687725589689
604,1,0.0,0.0,-0.0007754532239328234,0.0,-1.8488907476097478
604,2,0.0,0.0,0.0,0.0,-0.4530114105179152
604,3,0.0,0.0,0.0,0.0,-0.0732284748019319
604,4,0.0,0.0,0.0,0.0,0.0
605,0,0.0,-0.04816497606730227,0.0,0.0,-15.186376889527063
605,1,0.0,0.0,-0.0007754532239328234,0.0,-1.8488907476097478
605,2,0.0,0.0,0.0,0.0,-0.4530114105179152
605,3,0.0,0.0,0.0,0.0,-0.0732284748019319
605,4,0.0,0.0,0.0,0.0,0.0
606,0,0.0,-0.04816497606730227,0.0,0.0,-15.216476838674485
606,1,0.0,0.0,-0.0007754532239328234,0.0,-1.8488907476097478
606,2,0.0,0.0,0.0,0.0,-0.4530114105179152
606,3,0.0,0.0,0.0,0.0,-0.0732284748019319
606,4,0.0,0.0,0.0,0.0,0.0
607,0,0.0,-0.04816497606730227,0.0,0.0,-15.224250151288167
607,1,0.0,0.0,-0.0007754532239328234,0.0,-1.8488907476097478
607,2,0.0,0.0,0.0,0.0,-0.4530114105179152
607,3,0.0,0.0,0.0,0.0,-0.0732284748019319
607,4,0.0,0.0,0.0,0.0,0.0
608,0,0.0,-0.04816497606730227,0.0,0.0,-15.227652734823295
608,1,0.0,0.0,-0.0007754532239328234,0.0,-1.8488907476097478
608,2,0.0,0.0,0.0,0.0,-0.4530114105179152
608,3,0.0,0.0,0.0,0.0,-0.0732284748019319
608,4,0.0,0.0,0.0,0.0,0.0
609,0,0.0,-0.04816497606730227,0.0,0.0,-15.229190239463652
609,1,0.0,0.0,-0.0007754532239328234,0.0,-1.8488907476097478
609,2,0.0,0.0,0.0,0.0,-0.4530114105179152
609,3,0.0,0.0,0.0,0.0,-0.0732284748019319
609,4,0.0,0.0,0.0,0.0,0.0
610,0,0.0,-0.04816497606730227,0.0,0.0,-15.228122084235489
610,1,0.0,0.0,-0.0007754532239328234,0.0,-1.8488907476097478
610,2,0.0,0.0,0.0,0.0,-0.4530114105179152
610,3,0.0,0.0,0.0,0.0,-0.0732284748019319
610,4,0.0,0.0,0.0,0.0,0.0
611,0,0.0,-0.04816497606730227,0.0,0.0,-15.230211609134685
611,1,0.0,0.0,-0.0007754532239328234,0.0,-1.8488907476097478
611,2,0.0,0.0,0.0,0.0,-0.4530114105179152
611,3,0.0,0.0,0.0,0.0,-0.0732284748019319
611,4,0.0,0.0,0.0,0.0,0.0
612,0,0.0,-0.04816497606730227,0.0,0.0,-15.256093429666102
612,1,0.0,0.0,-0.0007754532239328234,0.0,-1.8488907476097478
612,2,0.0,0.0,0.0,0.0,-0.4530114105179152
612,3,0.0,0.0,0.0,0.0,-0.0732284748019319
612,4,0.0,0.0,0.0,0.0,0.0
613,0,0.0,-0.04816497606730227,0.0,0.0,-15.262764459754923
613,1,0.0,0.0,-0.0007754532239328234,0.0,-1.8488907476097478
613,2,0.0,0.0,0.0,0.0,-0.4530114105179152
613,3,0.0,0.0,0.0,0.0,-0.0732284748019319
613,4,0.0,0.0,0.0,0.0,0.0
614,0,0.0,-0.04816497606730227,0.0,0.0,-15.26542396909867
614,1,0.0,0.0,-0.0007754532239328234,0.0,-1.8488907476097478
614,2,0.0,0.0,0.0,0.0,-0.4530114105179152
614,3,0.0,0.0,0.0,0.0,-0.0732284748019319
614,4,0.0,0.0,0.0,0.0,0.0
615,0,0.0,-0.04816497606730227,0.0,0.0,-15.282646309384797
615,1,0.0,0.0,-0.0007754532239328234,0.0,-1.8488907476097478
615,2,0.0,0.0,0.0,0.0,-0.4530114105179152
615,3,0.0,0.0,0.0,0.0,-0.0732284748019319
615,4,0.0,0.0,0.0,0.0,0.0
616,0,0.0,-0.04816497606730227,0.0,0.0,-15.291366467031656
616,1,0.0,0.0,-0.0007754532239328234,0.0,-1.8488907476097478
616,2,0.0,0.0,0.0,0.0,-0.4530114105179152
616,3,0.0,0.0,0.0,0.0,-0.0732284748019319
616,4,0.0,0.0,0.0,0.0,0.0
617,0,0.0,-0.04816497606730227,0.0,0.0,-15.311626986990957
617,1,0.0,0.0,-0.0007754532239328234,0.0,-1.8488907476097478
617,2,0.0,0.0,0.0,0.0,-0.4530114105179152
617,3,0.0,0.0,0.0,0.0,-0.0732284748019319
617,4,0.0,0.0,0.0,0.0,0.0
618,0,0.0,-0.04816497606730227,0.0,0.0,-15.329890773128332
618,1,0.0,0.0,-0.0007754532239328234,0.0,-1.8488907476097478
618,2,0.0,0.0,0.0,0.0,-0.4530114105179152
618,3,0.0,0.0,0.0,0.0,-0.0732284748019319
618,4,0.0,0.0,0.0,0.0,0.0
619,0,0.0,-0.04816497606730227,0.0,0.0,-15.335876125327058
619,1,0.0,0.0,-0.0007754532239328234,0.0,-1.8488907476097478
619,2,0.0,0.0,0.0,0.0,-0.4530114105179152
619,3,0.0,0.0,0.0,0.0,-0.0732284748019319
619,4,0.0,0.0,0.0,0.0,0.0
620,0,0.0,-0.04816497606730227,0.0,0.0,-15.338030906904423
620,1,0.0,0.0,-0.0007754532239328234,0.0,-1.8488907476097478
620,2,0.0,0.0,0.0,0.0,-0.4530114105179152
620,3,0.0,0.0,0.0,0.0,-0.0732284748019319
620,4,0.0,0.0,0.0,0.0,0.0
621,0,0.0,-0.04816497606730227,0.0,0.0,-15.338760199128844
621,1,0.0,0.0,-0.0007754532239328234,0.0,-1.8488907476097478
621,2,0.0,0.0,0.0,0.0,-0.4530114105179152
621,3,0.0,0.0,0.0,0.0,-0.0732284748019319
621,4,0.0,0.0,0.0,0.0,0.0
622,0,0.0,-0.04816497606730227,0.0,0.0,-15.344932246257178
622,1,0.0,0.0,-0.0007754532239328234,0.0,-1.8488907476097478
622,2,0.0,0.0,0.0,0.0,-0.4530114105179152
622,3,0.0,0.0,0.0,0.0,-0.0732284748019319
622,4,0.0,0.0,0.0,0.0,0.0
623,0,0.0,-0.04816497606730227,0.0,0.0,-15.350210828998852
623,1,0.0,0.0,-0.0007754532239328234,0.0,-1.8488907476097478
623,2,0.0,0.0,0.0,0.0,-0.4530114105179152
623,3,0.0,0.0,0.0,0.0,-0.0732284748019319
623,4,0.0,0.0,0.0,0.0,0.0
624,0,0.0,-0.04816497606730227,0.0,0.0,-15.368777352403361
624,1,0.0,0.0,-0.0007754532239328234,0.0,-1.8488907476097478
624,2,0.0,0.0,0.0,0.0,-0.4530114105179152
624,3,0.0,0.0,0.0,0.0,-0.0732284748019319
624,4,0.0,0.0,0.0,0.0,0.0
625,0,0.0,-0.04816497606730227,0.0,0.0,-15.391140056438658
625,1,0.0,0.0,-0.0007754532239328234,0.0,-1.8488907476097478
625,2,0.0,0.0,0.0,0.0,-0.4530114105179152
625,3,0.0,0.0,0.0,0.0,-0.0732284748019319
625,4,0.0,0.0,0.0,0.0,0.0
626,0,0.0,-0.04816497606730227,0.0,0.0,-15.398505875548345
626,1,0.0,0.0,-0.0007754532239328234,0.0,-1.8488907476097478
626,2,0.0,0.0,0.0,0.0,-0.4530114105179152
626,3,0.0,0.0,0.0,0.0,-0.0732284748019319
626,4,0.0,0.0,0.0,0.0,0.0
627,0,0.0,-0.04816497606730227,0.0,0.0,-15.403724143115465
627,1,0.0,0.0,-0.0007754532239328234,0.0,-1.8488907476097478
627,2,0.0,0.0,0.0,0.0,-0.4530114105179152
627,3,0.0,0.0,0.0,0.0,-0.0732284748019319
627,4,0.0,0.0,0.0,0.0,0.0
628,0,0.0,-0.04816497606730227,0.0,0.0,-15.418528530315676
628,1,0.0,0.0,-0.0007754532239328234,0.0,-1.8488907476097478
628,2,0.0,0.0,0.0,0.0,-0.4530114105179152
628,3,0.0,0.0,0.0,0.0,-0.0732284748019319
628,4,0.0,0.0,0.0,0.0,0.0
629,0,0.0,-0.04816497606730227,0.0,0.0,-15.436325688343308
629,1,0.0,0.0,-0.0007754532239328234,0.0,-1.8488907476097478
629,2,0.0,0.0,0.0,0.0,-0.4530114105179152
629,3,0.0,0.0,0.0,0.0,-0.0732284748019319
629,4,0.0,0.0,0.0,0.0,0.0
630,0,0.0,-0.04816497606730227,0.0,0.0,-15.45748730466703
630,1,0.0,0.0,-0.0007754532239328234,0.0,-1.8488907476097478
630,2,0.0,0.0,0.0,0.0,-0.4530114105179152
630,3,0.0,0.0,0.0,0.0,-0.0732284748019319
630,4,0.0,0.0,0.0,0.0,0.0
631,0,0.0,-0.04816497606730227,0.0,0.0,-15.456737918668559
631,1,0.0,0.0,-0.0007754532239328234,0.0,-1.8488907476097478
631,2,0.0,0.0,0.0,0.0,-0.4530114105179152
631,3,0.0,0.0,0.0,0.0,-0.0732284748019319
631,4,0.0,0.0,0.0,0.0,0.0
632,0,0.0,-0.04816497606730227,0.0,0.0,-15.464658805160344
632,1,0.0,0.0,-0.0007754532239328234,0.0,-1.8488907476097478
632,2,0.0,0.0,0.0,0.0,-0.4530114105179152
632,3,0.0,0.0,0.0,0.0,-0.0732284748019319
632,4,0.0,0.0,0.0,0.0,0.0
633,0,0.0,-0.04816497606730227,0.0,0.0,-15.4776751555842
633,1,0.0,0.0,-0.0007754532239328234,0.0,-1.8488907476097478
633,2,0.0,0.0,0.0,0.0,-0.4530114105179152
633,3,0.0,0.0,0.0,0.0,-0.0732284748019319
633,4,0.0,0.0,0.0,0.0,0.0
634,0,0.0,-0.04816497606730227,0.0,0.0,-15.49467336055679
634,1,0.0,0.0,-0.0007754532239328234,0.0,-1.8488907476097478
634,2,0.0,0.0,0.0,0.0,-0.4530114105179152
634,3,0.0,0.0,0.0,0.0,-0.0732284748019319
634,4,0.0,0.0,0.0,0.0,0.0
635,0,0.0,-0.04816497606730227,0.0,0.0,-15.515526015318512
635,1,0.0,0.0,-0.0007754532239328234,0.0,-1.8488907476097478
635,2,0.0,0.0,0.0,0.0,-0.4530114105179152
635,3,0.0,0.0,0.0,0.0,-0.0732284748019319
635,4,0.0,0.0,0.0,0.0,0.0
636,0,0.0,-0.04816497606730227,0.0,0.0,-15.534809244271322
636,1,0.0,0.0,-0.0007754532239328234,0.0,-1.8488907476097478
636,2,0.0,0.0,0.0,0.0,-0.4530114105179152
636,3,0.0,0.0,0.0,0.0,-0.0732284748019319
636,4,0.0,0.0,0.0,0.0,0.0
637,0,0.0,-0.04816497606730227,0.0,0.0,-15.55927343202518
637,1,0.0,0.0,-0.0007754532239328234,0.0,-1.8488907476097478
637,2,0.0,0.0,0.0,0.0,-0.4530114105179152
637,3,0.0,0.0,0.0,0.0,-0.0732284748019319
637,4,0.0,0.0,0.0,0.0,0.0
638,0,0.0,-0.04816497606730227,0.0,0.0,-15.561839984277498
638,1,0.0,0.0,-0.0007754532239328234,0.0,-1.8488907476097478
638,2,0.0,0.0,0.0,0.0,-0.4530114105179152
638,3,0.0,0.0,0.0,0.0,-0.0732284748019319
638,4,0.0,0.0,0.0,0.0,0.0
639,0,0.0,-0.04816497606730227,0.0,0.0,-15.572833757463831
639,1,0.0,0.0,-0.0007754532239328234,0.0,-1.8488907476097478
639,2,0.0,0.0,0.0,0.0,-0.4530114105179152
639,3,0.0,0.0,0.0,0.0,-0.0732284748019319
639,4,0.0,0.0,0.0,0.0,0.0
640,0,0.0,-0.04816497606730227,0.0,0.0,-15.585570619355266
640,1,0.0,0.0,-0.0007754532239328234,0.0,-1.8488907476097478
640,2,0.0,0.0,0.0,0.0,-0.4530114105179152
640,3,0.0,0.0,0.0,0.0,-0.0732284748019319
640,4,0.0,0.0,0.0,0.0,0.0
641,0,0.0,-0.04816497606730227,0.0,0.0,-15.588040957677453
641,1,0.0,0.0,-0.0007754532239328234,0.0,-1.8488907476097478
641,2,0.0,0.0,0.0,0.0,-0.4530114105179152
641,3,0.0,0.0,0.0,0.0,-0.0732284748019319
641,4,0.0,0.0,0.0,0.0,0.0
642,0,0.0,-0.04816497606730227,0.0,0.0,-15.611682049553501
642,1,0.0,0.0,-0.0007754532239328234,0.0,-1.8488907476097478
642,2,0.0,0.0,0.0,0.0,-0.4530114105179152
642,3,0.0,0.0,0.0,0.0,-0.0732284748019319
642,4,0.0,0.0,0.0,0.0,0.0
643,0,0.0,-0.04816497606730227,0.0,0.0,-15.61941617207713
643,1,0.0,0.0,-0.0007754532239328234,0.0,-1.8488907476097478
643,2,0.0,0.0,0.0,0.0,-0.4530114105179152
643,3,0.0,0.0,0.0,0.0,-0.0732284748019319
643,4,0.0,0.0,0.0,0.0,0.0
644,0,0.0,-0.04816497606730227,0.0,0.0,-15.625304192998433
644,1,0.0,0.0,-0.0007754532239328234,0.0,-1.8488907476097478
644,2,0.0,0.0,0.0,0.0,-0.4530114105179152
644,3,0.0,0.0,0.0,0.0,-0.0732284748019319
644,4,0.0,0.0,0.0,0.0,0.0
645,0,0.0,-0.04816497606730227,0.0,0.0,-15.643756863818394
645,1,0.0,0.0,-0.0007754532239328234,0.0,-1.8488907476097478
645,2,0.0,0.0,0.0,0.0,-0.4530114105179152
645,3,0.0,0.0,0.0,0.0,-0.0732284748019319
645,4,0.0,0.0,0.0,0.0,0.0
646,0,0.0,-0.04816497606730227,0.0,0.0,-15.65769824090954
646,1,0.0,0.0,-0.0007754532239328234,0.0,-1.8488907476097478
646,2,0.0,0.0,0.0,0.0,-0.4530114105179152
646,3,0.0,0.0,0.0,0.0,-0.0732284748019319
646,4,0.0,0.0,0.0,0.0,0.0
647,0,0.0,-0.04816497606730227,0.0,0.0,-15.666613034886293
647,1,0.0,0.0,-0.0007754532239328234,0.0,-1.8488907476097478
647,2,0.0,0.0,0.0,0.0,-0.4530114105179152
647,3,0.0,0.0,0.0,0.0,-0.0732284748019319
647,4,0.0,0.0,0.0,0.0,0.0
648,0,0.0,-0.04816497606730227,0.0,0.0,-15.67684379789189
648,1,0.0,0.0,-0.0007754532239328234,0.0,-1.8488907476097478
648,2,0.0,0.0,0.0,0.0,-0.4530114105179152
648,3,0.0,0.0,0.0,0.0,-0.0732284748019319
648,4,0.0,0.0,0.0,0.0,0.0
649,0,0.0,-0.04816497606730227,0.0,0.0,-15.687387750151565
649,1,0.0,0.0,-0.0007754532239328234,0.0,-1.8488907476097478
649,2,0.0,0.0,0.0,0.0,-0.4530114105179152
649,3,0.0,0.0,0.0,0.0,-0.0732284748019319
649,4,0.0,0.0,0.0,0.0,0.0
650,0,0.0,-0.04816497606730227,0.0,0.0,-15.703635782347655
650,1,0.0,0.0,-0.0007754532239328234,0.0,-1.8488907476097478
650,2,0.0,0.0,0.0,0.0,-0.4530114105179152
650,3,0.0,0.0,0.0,0.0,-0.0732284748019319
650,4,0.0,0.0,0.0,0.0,0.0
651,0,0.0,-0.04816497606730227,0.0,0.0,-15.719069417675762
651,1,0.0,0.0,-0.0007754532239328234,0.0,-1.8488907476097478
651,2,0.0,0.0,0.0,0.0,-0.4530114105179152
651,3,0.0,0.0,0.0,0.0,-0.0732284748019319
651,4,0.0,0.0,0.0,0.0,0.0
652,0,0.0,-0.04816497606730227,0.0,0.0,-15.734802955031736
652,1,0.0,0.0,-0.0007754532239328234,0.0,-1.8488907476097478
652,2,0.0,0.0,0.0,0.0,-0.4530114105179152
652,3,0.0,0.0,0.0,0.0,-0.0732284748019319
652,4,0.0,0.0,0.0,0.0,0.0
653,0,0.0,-0.04816497606730227,0.0,0.0,-15.752030956288193
653,1,0.0,0.0,-0.0007754532239328234,0.0,-1.8488907476097478
653,2,0.0,0.0,0.0,0.0,-0.4530114105179152
653,3,0.0,0.0,0.0,0.0,-0.0732284748019319
653,4,0.0,0.0,0.0,0.0,0.0
654,0,0.0,-0.04816497606730227,0.0,0.0,-15.757232923855511
654,1,0.0,0.0,-0.0007754532239328234,0.0,-1.8488907476097478
654,2,0.0,0.0,0.0,0.0,-0.4530114105179152
654,3,0.0,0.0,0.0,0.0,-0.0732284748019319
654,4,0.0,0.0,0.0,0.0,0.0
655,0,0.0,-0.04816497606730227,0.0,0.0,-15.77665829249108
655,1,0.0,0.0,-0.0007754532239328234,0.0,-1.8488907476097478
655,2,0.0,0.0,0.0,0.0,-0.4530114105179152
655,3,0.0,0.0,0.0,0.0,-0.0732284748019319
655,4,0.0,0.0,0.0,0.0,0.0
656,0,0.0,-0.04816497606730227,0.0,0.0,-15.776547571933689
656,1,0.0,0.0,-0.0007754532239328234,0.0,-1.8488907476097478
656,2,0.0,0.0,0.0,0.0,-0.4530114105179152
656,3,0.0,0.0,0.0,0.0,-0.0732284748019319
656,4,0.0,0.0,0.0,0.0,0.0
657,0,0.0,-0.04816497606730227,0.0,0.0,-15.78433664334565
657,1,0.0,0.0,-0.0007754532239328234,0.0,-1.8488907476097478
657,2,0.0,0.0,0.0,0.0,-0.4530114105179152
657,3,0.0,0.0,0.0,0.0,-0.0732284748019319
657,4,0.0,0.0,0.0,0.0,0.0
658,0,0.0,-0.04816497606730227,0.0,0.0,-15.788739503962953
658,1,0.0,0.0,-0.0007754532239328234,0.0,-1.8488907476097478
658,2,0.0,0.0,0.0,0.0,-0.4530114105179152
658,3,0.0,0.0,0.0,0.0,-0.0732284748019319
658,4,0.0,0.0,0.0,0.0,0.0
659,0,0.0,-0.04816497606730227,0.0,0.0,-15.788090034717747
659,1,0.0,0.0,-0.0007754532239328234,0.0,-1.8488907476097478
659,2,0.0,0.0,0.0,0.0,-0.4530114105179152
659,3,0.0,0.0,0.0,0.0,-0.0732284748019319
659,4,0.0,0.0,0.0,0.0,0.0
660,0,0.0,-0.04816497606730227,0.0,0.0,-15.798651938594427
660,1,0.0,0.0,-0.0007754532239328234,0.0,-1.8488907476097478
660,2,0.0,0.0,0.0,0.0,-0.4530114105179152
660,3,0.0,0.0,0.0,0.0,-0.0732284748019319
660,4,0.0,0.0,0.0,0.0,0.0
661,0,0.0,-0.04816497606730227,0.0,0.0,-15.79425631953634
661,1,0.0,0.0,-0.0007754532239328234,0.0,-1.8488907476097478
661,2,0.0,0.0,0.0,0.0,-0.4530114105179152
661,3,0.0,0.0,0.0,0.0,-0.0732284748019319
661,4,0.0,0.0,0.0,0.0,0.0
662,0,0.0,-0.04816497606730227,0.0,0.0,-15.797532999176385
662,1,0.0,0.0,-0.0007754532239328234,0.0,-1.8488907476097478
662,2,0.0,0.0,0.0,0.0,-0.4530114105179152
662,3,0.0,0.0,0.0,0.0,-0.0732284748019319
662,4,0.0,0.0,0.0,0.0,0.0
663,0,0.0,-0.04816497606730227,0.0,0.0,-15.817925929253054
663,1,0.0,0.0,-0.0007754532239328234,0.0,-1.8488907476097478
663,2,0.0,0.0,0.0,0.0,-0.4530114105179152
663,3,0.0,0.0,0.0,0.0,-0.0732284748019319
663,4,0.0,0.0,0.0,0.0,0.0
664,0,0.0,-0.04816497606730227,0.0,0.0,-15.835882005742372
664,1,0.0,0.0,-0.0007754532239328234,0.0,-1.8488907476097478
664,2,0.0,0.0,0.0,0.0,-0.4530114105179152
664,3,0.0,0.0,0.0,0.0,-0.0732284748019319
664,4,0.0,0.0,0.0,0.0,0.0
665,0,0.0,-0.04816497606730227,0.0,0.0,-15.85359454507728
665,1,0.0,0.0,-0.0007754532239328234,0.0,-1.8488907476097478
665,2,0.0,0.0,0.0,0.0,-0.4530114105179152
665,3,0.0,0.0,0.0,0.0,-0.0732284748019319
665,4,0.0,0.0,0.0,0.0,0.0
666,0,0.0,-0.04816497606730227,0.0,0.0,-15.85588354405257
666,1,0.0,0.0,-0.0007754532239328234,0.0,-1.8488907476097478
666,2,0.0,0.0,0.0,0.0,-0.4530114105179152
666,3,0.0,0.0,0.0,0.0,-0.0732284748019319
666,4,0.0,0.0,0.0,0.0,0.0
667,0,0.0,-0.04816497606730227,0.0,0.0,-15.866427011924568
667,1,0.0,0.0,-0.0007754532239328234,0.0,-1.8488907476097478
667,2,0.0,0.0,0.0,0.0,-0.4530114105179152
667,3,0.0,0.0,0.0,0.0,-0.0732284748019319
667,4,0.0,0.0,0.0,0.0,0.0
668,0,0.0,-0.04816497606730227,0.0,0.0,-15.870525471536553
668,1,0.0,0.0,-0.0007754532239328234,0.0,-1.8488907476097478
668,2,0.0,0.0,0.0,0.0,-0.4530114105179152
668,3,0.0,0.0,0.0,0.0,-0.0732284748019319
668,4,0.0,0.0,0.0,0.0,0.0
669,0,0.0,-0.04816497606730227,0.0,0.0,-15.873626036251158
669,1,0.0,0.0,-0.0007754532239328234,0.0,-1.8488907476097478
669,2,0.0,0.0,0.0,0.0,-0.4530114105179152
669,3,0.0,0.0,0.0,0.0,-0.0732284748019319
669,4,0.0,0.0,0.0,0.0,0.0
670,0,0.0,-0.04816497606730227,0.0,0.0,-15.877353327443137
670,1,0.0,0.0,-0.0007754532239328234,0.0,-1.8488907476097478
670,2,0.0,0.0,0.0,0.0,-0.4530114105179152
670,3,0.0,0.0,0.0,0.0,-0.0732284748019319
670,4,0.0,0.0,0.0,0.0,0.0
671,0,0.0,-0.04816497606730227,0.0,0.0,-15.886770554358419
671,1,0.0,0.0,-0.0007754532239328234,0.0,-1.8488907476097478
671,2,0.0,0.0,0.0,0.0,-0.4530114105179152
671,3,0.0,0.0,0.0,0.0,-0.0732284748019319
671,4,0.0,0.0,0.0,0.0,0.0
672,0,0.0,-0.04816497606730227,0.0,0.0,-15.89193063010928
672,1,0.0,0.0,-0.0007754532239328234,0.0,-1.8488907476097478
672,2,0.0,0.0,0.0,0.0,-0.4530114105179152
672,3,0.0,0.0,0.0,0.0,-0.0732284748019319
672,4,0.0,0.0,0.0,0.0,0.0
673,0,0.0,-0.04816497606730227,0.0,0.0,-15.894761310437074
673,1,0.0,0.0,-0.0007754532239328234,0.0,-1.8488907476097478
673,2,0.0,0.0,0.0,0.0,-0.4530114105179152
673,3,0.0,0.0,0.0,0.0,-0.0732284748019319
673,4,0.0,0.0,0.0,0.0,0.0
674,0,0.0,-0.04816497606730227,0.0,0.0,-15.8983159657974
674,1,0.0,0.0,-0.0007754532239328234,0.0,-1.8488907476097478
674,2,0.0,0.0,0.0,0.0,-0.4530114105179152
674,3,0.0,0.0,0.0,0.0,-0.0732284748019319
674,4,0.0,0.0,0.0,0.0,0.0
675,0,0.0,-0.04816497606730227,0.0,0.0,-15.900804826805503
675,1,0.0,0.0,-0.0007754532239328234,0.0,-1.8488907476097478
675,2,0.0,0.0,0.0,0.0,-0.4530114105179152
675,3,0.0,0.0,0.0,0.0,-0.0732284748019319
675,4,0.0,0.0,0.0,0.0,0.0
676,0,0.0,-0.04816497606730227,0.0,0.0,-15.91926118150181
676,1,0.0,0.0,-0.0007754532239328234,0.0,-1.8488907476097478
676,2,0.0,0.0,0.0,0.0,-0.4530114105179152
676,3,0.0,0.0,0.0,0.0,-0.0732284748019319
676,4,0.0,0.0,0.0,0.0,0.0
677,0,0.0,-0.04816497606730227,0.0,0.0,-15.921687759861438
677,1,0.0,0.0,-0.0007754532239328234,0.0,-1.8488907476097478
677,2,0.0,0.0,0.0,0.0,-0.4530114105179152
677,3,0.0,0.0,0.0,0.0,-0.0732284748019319
677,4,0.0,0.0,0.0,0.0,0.0
678,0,0.0,-0.04816497606730227,0.0,0.0,-15.934051956653313
678,1,0.0,0.0,-0.0007754532239328234,0.0,-1.8488907476097478
678,2,0.0,0.0,0.0,0.0,-0.4530114105179152
678,3,0.0,0.0,0.0,0.0,-0.0732284748019319
678,4,0.0,0.0,0.0,0.0,0.0
679,0,0.0,-0.04816497606730227,0.0,0.0,-15.93649512978111
679,1,0.0,0.0,-0.0007754532239328234,0.0,-1.8488907476097478
679,2,0.0,0.0,0.0,0.0,-0.4530114105179152
679,3,0.0,0.0,0.0,0.0,-0.0732284748019319
679,4,0.0,0.0,0.0,0.0,0.0
680,0,0.0,-0.04816497606730227,0.0,0.0,-15.966416049950254
680,1,0.0,0.0,-0.0007754532239328234,0.0,-1.8488907476097478
680,2,0.0,0.0,0.0,0.0,-0.4530114105179152
680,3,0.0,0.0,0.0,0.0,-0.0732284748019319
680,4,0.0,0.0,0.0,0.0,0.0
681,0,0.0,-0.04816497606730227,0.0,0.0,-15.970587478610966
681,1,0.0,0.0,-0.0007754532239328234,0.0,-1.8488907476097478
681,2,0.0,0.0,0.0,0.0,-0.4530114105179152
681,3,0.0,0.0,0.0,0.0,-0.0732284748019319
681,4,0.0,0.0,0.0,0.0,0.0
682,0,0.0,-0.04816497606730227,0.0,0.0,-15.993916367703788
682,1,0.0,0.0,-0.0007754532239328234,0.0,-1.8488907476097478
682,2,0.0,0.0,0.0,0.0,-0.4530114105179152
682,3,0.0,0.0,0.0,0.0,-0.0732284748019319
682,4,0.0,0.0,0.0,0.0,0.0
683,0,0.0,-0.04816497606730227,0.0,0.0,-16.00114830347484
683,1,0.0,0.0,-0.0007754532239328234,0.0,-1.8488907476097478
683,2,0.0,0.0,0.0,0.0,-0.4530114105179152
683,3,0.0,0.0,0.0,0.0,-0.0732284748019319
683,4,0.0,0.0,0.0,0.0,0.0
684,0,0.0,-0.04816497606730227,0.0,0.0,-16.00869612153762
684,1,0.0,0.0,-0.0007754532239328234,0.0,-1.8488907476097478
684,2,0.0,0.0,0.0,0.0,-0.4530114105179152
684,3,0.0,0.0,0.0,0.0,-0.0732284748019319
684,4,0.0,0.0,0.0,0.0,0.0
685,0,0.0,-0.04816497606730227,0.0,0.0,-16.007992846607586
685,1,0.0,0.0,-0.0007754532239328234,0.0,-1.8488907476097478
685,2,0.0,0.0,0.0,0.0,-0.4530114105179152
685,3,0.0,0.0,0.0,0.0,-0.0732284748019319
685,4,0.0,0.0,0.0,0.0,0.0
686,0,0.0,-0.04816497606730227,0.0,0.0,-16.009068730543866
686,1,0.0,0.0,-0.0007754532239328234,0.0,-1.8488907476097478
686,2,0.0,0.0,0.0,0.0,-0.4530114105179152
686,3,0.0,0.0,0.0,0.0,-0.0732284748019319
686,4,0.0,0.0,0.0,0.0,0.0
687,0,0.0,-0.04816497606730227,0.0,0.0,-16.0122445981412
687,1,0.0,0.0,-0.0007754532239328234,0.0,-1.8488907476097478
687,2,0.0,0.0,0.0,0.0,-0.4530114105179152
687,3,0.0,0.0,0.0,0.0,-0.0732284748019319
687,4,0.0,0.0,0.0,0.0,0.0
688,0,0.0,-0.04816497606730227,0.0,0.0,-16.03799968661184
688,1,0.0,0.0,-0.0007754532239328234,0.0,-1.8488907476097478
688,2,0.0,0.0,0.0,0.0,-0.4530114105179152
688,3,0.0,0.0,0.0,0.0,-0.0732284748019319
688,4,0.0,0.0,0.0,0.0,0.0
689,0,0.0,-0.04816497606730227,0.0,0.0,-16.035920670684774
689,1,0.0,0.0,-0.0007754532239328234,0.0,-1.8488907476097478
689,2,0.0,0.0,0.0,0.0,-0.4530114105179152
689,3,0.0,0.0,0.0,0.0,-0.0732284748019319
689,4,0.0,0.0,0.0,0.0,0.0
690,0,0.0,-0.04816497606730227,0.0,0.0,-16.042800136589065
690,1,0.0,0.0,-0.0007754532239328234,0.0,-1.8488907476097478
690,2,0.0,0.0,0.0,0.0,-0.4530114105179152
690,3,0.0,0.0,0.0,0.0,-0.0732284748019319
690,4,0.0,0.0,0.0,0.0,0.0
691,0,0.0,-0.04816497606730227,0.0,0.0,-16.044830526264253
691,1,0.0,0.0,-0.0007754532239328234,0.0,-1.8488907476097478
691,2,0.0,0.0,0.0,0.0,-0.4530114105179152
691,3,0.0,0.0,0.0,0.0,-0.0732284748019319
691,4,0.0,0.0,0.0,0.0,0.0
692,0,0.0,-0.04816497606730227,0.0,0.0,-16.05636628659608
692,1,0.0,0.0,-0.0007754532239328234,0.0,-1.8488907476097478
692,2,0.0,0.0,0.0,0.0,-0.4530114105179152
692,3,0.0,0.0,0.0,0.0,-0.0732284748019319
692,4,0.0,0.0,0.0,0.0,0.0
693,0,0.0,-0.04816497606730227,0.0,0.0,-16.07191802550126
693,1,0.0,0.0,-0.0007754532239328234,0.0,-1.8488907476097478
693,2,0.0,0.0,0.0,0.0,-0.4530114105179152
693,3,0.0,0.0,0.0,0.0,-0.0732284748019319
693,4,0.0,0.0,0.0,0.0,0.0
694,0,0.0,-0.04816497606730227,0.0,0.0,-16.073815885165725
694,1,0.0,0.0,-0.0007754532239328234,0.0,-1.8488907476097478
694,2,0.0,0.0,0.0,0.0,-0.4530114105179152
694,3,0.0,0.0,0.0,0.0,-0.0732284748019319
694,4,0.0,0.0,0.0,0.0,0.0
695,0,0.0,-0.04816497606730227,0.0,0.0,-16.092351075452964
695,1,0.0,0.0,-0.0007754532239328234,0.0,-1.8488907476097478
695,2,0.0,0.0,0.0,0.0,-0.4530114105179152
695,3,0.0,0.0,0.0,0.0,-0.0732284748019319
695,4,0.0,0.0,0.0,0.0,0.0
696,0,0.0,-0.04816497606730227,0.0,0.0,-16.096605639293546
696,1,0.0,0.0,-0.0007754532239328234,0.0,-1.8488907476097478
696,2,0.0,0.0,0.0,0.0,-0.4530114105179152
696,3,0.0,0.0,0.0,0.0,-0.0732284748019319
696,4,0.0,0.0,0.0,0.0,0.0
697,0,0.0,-0.04816497606730227,0.0,0.0,-16.09725095588832
697,1,0.0,0.0,-0.0007754532239328234,0.0,-1.8488907476097478
697,2,0.0,0.0,0.0,0.0,-0.4530114105179152
697,3,0.0,0.0,0.0,0.0,-0.0732284748019319
697,4,0.0,0.0,0.0,0.0,0.0
698,0,0.0,-0.04816497606730227,0.0,0.0,-16.112300179515586
698,1,0.0,0.0,-0.0007754532239328234,0.0,-1.8488907476097478
698,2,0.0,0.0,0.0,0.0,-0.4530114105179152
698,3,0.0,0.0,0.0,0.0,-0.0732284748019319
698,4,0.0,0.0,0.0,0.0,0.0
699,0,0.0,-0.04816497606730227,0.0,0.0,-16.12544147314613
699,1,0.0,0.0,-0.0007754532239328234,0.0,-1.8488907476097478
699,2,0.0,0.0,0.0,0.0,-0.4530114105179152
699,3,0.0,0.0,0.0,0.0,-0.0732284748019319
699,4,0.0,0.0,0.0,0.0,0.0
700,0,0.0,-0.04816497606730227,0.0,0.0,-16.12169770689371
700,1,0.0,0.0,-0.0007754532239328234,0.0,-1.8488907476097478
700,2,0.0,0.0,0.0,0.0,-0.4530114105179152
700,3,0.0,0.0,0.0,0.0,-0.0732284748019319
700,4,0.0,0.0,0.0,0.0,0.0
701,0,0.0,-0.04816497606730227,0.0,0.0,-16.122557665517455
701,1,0.0,0.0,-0.0007754532239328234,0.0,-1.8488907476097478
701,2,0.0,0.0,0.0,0.0,-0.4530114105179152
701,3,0.0,0.0,0.0,0.0,-0.0732284748019319
701,4,0.0,0.0,0.0,0.0,0.0
702,0,0.0,-0.04816497606730227,0.0,0.0,-16.12572111622841
702,1,0.0,0.0,-0.0007754532239328234,0.0,-1.8488907476097478
702,2,0.0,0.0,0.0,0.0,-0.4530114105179152
702,3,0.0,0.0,0.0,0.0,-0.0732284748019319
702,4,0.0,0.0,0.0,0.0,0.0
703,0,0.0,-0.04816497606730227,0.0,0.0,-16.140529827548118
703,1,0.0,0.0,-0.0007754532239328234,0.0,-1.8488907476097478
703,2,0.0,0.0,0.0,0.0,-0.4530114105179152
703,3,0.0,0.0,0.0,0.0,-0.0732284748019319
703,4,0.0,0.0,0.0,0.0,0.0
704,0,0.0,-0.04816497606730227,0.0,0.0,-16.153829148775106
704,1,0.0,0.0,-0.0007754532239328234,0.0,-1.8488907476097478
704,2,0.0,0.0,0.0,0.0,-0.4530114105179152
704,3,0.0,0.0,0.0,0.0,-0.0732284748019319
704,4,0.0,0.0,0.0,0.0,0.0
705,0,0.0,-0.04816497606730227,0.0,0.0,-16.158284682587286
705,1,0.0,0.0,-0.0007754532239328234,0.0,-1.8488907476097478
705,2,0.0,0.0,0.0,0.0,-0.4530114105179152
705,3,0.0,0.0,0.0,0.0,-0.0732284748019319
705,4,0.0,0.0,0.0,0.0,0.0
706,0,0.0,-0.04816497606730227,0.0,0.0,-16.158709435115778
706,1,0.0,0.0,-0.0007754532239328234,0.0,-1.8488907476097478
706,2,0.0,0.0,0.0,0.0,-0.4530114105179152
706,3,0.0,0.0,0.0,0.0,-0.0732284748019319
706,4,0.0,0.0,0.0,0.0,0.0
707,0,0.0,-0.04816497606730227,0.0,0.0,-16.159143970492615
707,1,0.0,0.0,-0.0007754532239328234,0.0,-1.8488907476097478
707,2,0.0,0.0,0.0,0.0,-0.4530114105179152
707,3,0.0,0.0,0.0,0.0,-0.0732284748019319
707,4,0.0,0.0,0.0,0.0,0.0
708,0,0.0,-0.04816497606730227,0.0,0.0,-16.15427039956057
708,1,0.0,0.0,-0.0007754532239328234,0.0,-1.8488907476097478
708,2,0.0,0.0,0.0,0.0,-0.4530114105179152
708,3,0.0,0.0,0.0,0.0,-0.0732284748019319
708,4,0.0,0.0,0.0,0.0,0.0
709,0,0.0,-0.04816497606730227,0.0,0.0,-16.166596363642682
709,1,0.0,0.0,-0.0007754532239328234,0.0,-1.8488907476097478
709,2,0.0,0.0,0.0,0.0,-0.4530114105179152
709,3,0.0,0.0,0.0,0.0,-0.0732284748019319
709,4,0.0,0.0,0.0,0.0,0.0
710,0,0.0,-0.04816497606730227,0.0,0.0,-16.17209100943924
710,1,0.0,0.0,-0.0007754532239328234,0.0,-1.8488907476097478
710,2,0.0,0.0,0.0,0.0,-0.4530114105179152
710,3,0.0,0.0,0.0,0.0,-0.0732284748019319
710,4,0.0,0.0,0.0,0.0,0.0
711,0,0.0,-0.04816497606730227,0.0,0.0,-16.175204789123473
711,1,0.0,0.0,-0.0007754532239328234,0.0,-1.8488907476097478
711,2,0.0,0.0,0.0,0.0,-0.4530114105179152
711,3,0.0,0.0,0.0,0.0,-0.0732284748019319
711,4,0.0,0.0,0.0,0.0,0.0
712,0,0.0,-0.04816497606730227,0.0,0.0,-16.177228459968994
712,1,0.0,0.0,-0.0007754532239328234,0.0,-1.8488907476097478
712,2,0.0,0.0,0.0,0.0,-0.4530114105179152
712,3,0.0,0.0,0.0,0.0,-0.0732284748019319
712,4,0.0,0.0,0.0,0.0,0.0
713,0,0.0,-0.04816497606730227,0.0,0.0,-16.19838481520746
713,1,0.0,0.0,-0.0007754532239328234,0.0,-1.8488907476097478
713,2,0.0,0.0,0.0,0.0,-0.4530114105179152
713,3,0.0,0.0,0.0,0.0,-0.0732284748019319
713,4,0.0,0.0,0.0,0.0,0.0
714,0,0.0,-0.04816497606730227,0.0,0.0,-16.22212444818958
714,1,0.0,0.0,-0.0007754532239328234,0.0,-1.8488907476097478
714,2,0.0,0.0,0.0,0.0,-0.4530114105179152
714,3,0.0,0.0,0.0,0.0,-0.0732284748019319
714,4,0.0,0.0,0.0,0.0,0.0
715,0,0.0,-0.04816497606730227,0.0,0.0,-16.233795831805455
715,1,0.0,0.0,-0.0007754532239328234,0.0,-1.8488907476097478
715,2,0.0,0.0,0.0,0.0,-0.4530114105179152
715,3,0.0,0.0,0.0,0.0,-0.0732284748019319
715,4,0.0,0.0,0.0,0.0,0.0
716,0,0.0,-0.04816497606730227,0.0,0.0,-16.23988998867938
716,1,0.0,0.0,-0.0007754532239328234,0.0,-1.8488907476097478
716,2,0.0,0.0,0.0,0.0,-0.4530114105179152
716,3,0.0,0.0,0.0,0.0,-0.0732284748019319
716,4,0.0,0.0,0.0,0.0,0.0
717,0,0.0,-0.04816497606730227,0.0,0.0,-16.24240376525693
717,1,0.0,0.0,-0.0007754532239328234,0.0,-1.8488907476097478
717,2,0.0,0.0,0.0,0.0,-0.4530114105179152
717,3,0.0,0.0,0.0,0.0,-0.0732284748019319
717,4,0.0,0.0,0.0,0.0,0.0
718,0,0.0,-0.04816497606730227,0.0,0.0,-16.25287495123943
718,1,0.0,0.0,-0.0007754532239328234,0.0,-1.8488907476097478
718,2,0.0,0.0,0.0,0.0,-0.4530114105179152
718,3,0.0,0.0,0.0,0.0,-0.0732284748019319
718,4,0.0,0.0,0.0,0.0,0.0
719,0,0.0,-0.04816497606730227,0.0,0.0,-16.26414795072168
719,1,0.0,0.0,-0.0007754532239328234,0.0,-1.8488907476097478
719,2,0.0,0.0,0.0,0.0,-0.4530114105179152
719,3,0.0,0.0,0.0,0.0,-0.0732284748019319
719,4,0.0,0.0,0.0,0.0,0.0
720,0,0.0,-0.04816497606730227,0.0,0.0,-16.271191826782847
720,1,0.0,0.0,-0.0007754532239328234,0.0,-1.8488907476097478
720,2,0.0,0.0,0.0,0.0,-0.4530114105179152
720,3,0.0,0.0,0.0,0.0,-0.0732284748019319
720,4,0.0,0.0,0.0,0.0,0.0
721,0,0.0,-0.04816497606730227,0.0,0.0,-16.283488580298002
721,1,0.0,0.0,-0.0007754532239328234,0.0,-1.8488907476097478
721,2,0.0,0.0,0.0,0.0,-0.4530114105179152
721,3,0.0,0.0,0.0,0.0,-0.0732284748019319
721,4,0.0,0.0,0.0,0.0,0.0
722,0,0.0,-0.04816497606730227,0.0,0.0,-16.30703054456171
722,1,0.0,0.0,-0.0007754532239328234,0.0,-1.8488907476097478
722,2,0.0,0.0,0.0,0.0,-0.4530114105179152
722,3,0.0,0.0,0.0,0.0,-0.0732284748019319
722,4,0.0,0.0,0.0,0.0,0.0
723,0,0.0,-0.04816497606730227,0.0,0.0,-16.309525552929795
723,1,0.0,0.0,-0.0007754532239328234,0.0,-1.8488907476097478
723,2,0.0,0.0,0.0,0.0,-0.4530114105179152
723,3,0.0,0.0,0.0,0.0,-0.0732284748019319
723,4,0.0,0.0,0.0,0.0,0.0
724,0,0.0,-0.04816497606730227,0.0,0.0,-16.323212858338675
724,1,0.0,0.0,-0.0007754532239328234,0.0,-1.8488907476097478
724,2,0.0,0.0,0.0,0.0,-0.4530114105179152
724,3,0.0,0.0,0.0,0.0,-0.0732284748019319
724,4,0.0,0.0,0.0,0.0,0.0
725,0,0.0,-0.04816497606730227,0.0,0.0,-16.33788948556399
725,1,0.0,0.0,-0.0007754532239328234,0.0,-1.8488907476097478
725,2,0.0,0.0,0.0,0.0,-0.4530114105179152
725,3,0.0,0.0,0.0,0.0,-0.0732284748019319
725,4,0.0,0.0,0.0,0.0,0.0
726,0,0.0,-0.04816497606730227,0.0,0.0,-16.33885869404032
726,1,0.0,0.0,-0.0007754532239328234,0.0,-1.8488907476097478
726,2,0.0,0.0,0.0,0.0,-0.4530114105179152
726,3,0.0,0.0,0.0,0.0,-0.0732284748019319
726,4,0.0,0.0,0.0,0.0,0.0
727,0,0.0,-0.04816497606730227,0.0,0.0,-16.344581992690365
727,1,0.0,0.0,-0.0007754532239328234,0.0,-1.8488907476097478
727,2,0.0,0.0,0.0,0.0,-0.4530114105179152
727,3,0.0,0.0,0.0,0.0,-0.0732284748019319
727,4,0.0,0.0,0.0,0.0,0.0
728,0,0.0,-0.04816497606730227,0.0,0.0,-16.34112125514304
728,1,0.0,0.0,-0.0007754532239328234,0.0,-1.8488907476097478
728,2,0.0,0.0,0.0,0.0,-0.4530114105179152
728,3,0.0,0.0,0.0,0.0,-0.0732284748019319
728,4,0.0,0.0,0.0,0.0,0.0
729,0,0.0,-0.04816497606730227,0.0,0.0,-16.345323706144207
729,1,0.0,0.0,-0.0007754532239328234,0.0,-1.8488907476097478
729,2,0.0,0.0,0.0,0.0,-0.4530114105179152
729,3,0.0,0.0,0.0,0.0,-0.0732284748019319
729,4,0.0,0.0,0.0,0.0,0.0
730,0,0.0,-0.04816497606730227,0.0,0.0,-16.345374291345344
730,1,0.0,0.0,-0.0007754532239328234,0.0,-1.8488907476097478
730,2,0.0,0.0,0.0,0.0,-0.4530114105179152
730,3,0.0,0.0,0.0,0.0,-0.0732284748019319
730,4,0.0,0.0,0.0,0.0,0.0
731,0,0.0,-0.04816497606730227,0.0,0.0,-16.349765022738087
731,1,0.0,0.0,-0.0007754532239328234,0.0,-1.8488907476097478
731,2,0.0,0.0,0.0,0.0,-0.4530114105179152
731,3,0.0,0.0,0.0,0.0,-0.0732284748019319
731,4,0.0,0.0,0.0,0.0,0.0
732,0,0.0,-0.04816497606730227,0.0,0.0,-16.349182554519775
732,1,0.0,0.0,-0.0007754532239328234,0.0,-1.8488907476097478
732,2,0.0,0.0,0.0,0.0,-0.4530114105179152
732,3,0.0,0.0,0.0,0.0,-0.0732284748019319
732,4,0.0,0.0,0.0,0.0,0.0
733,0,0.0,-0.04816497606730227,0.0,0.0,-16.34281430984067
733,1,0.0,0.0,-0.0007754532239328234,0.0,-1.8488907476097478
733,2,0.0,0.0,0.0,0.0,-0.4530114105179152
733,3,0.0,0.0,0.0,0.0,-0.0732284748019319
733,4,0.0,0.0,0.0,0.0,0.0
734,0,0.0,-0.04816497606730227,0.0,0.0,-16.35849146569834
734,1,0.0,0.0,-0.0007754532239328234,0.0,-1.8488907476097478
734,2,0.0,0.0,0.0,0.0,-0.4530114105179152
734,3,0.0,0.0,0.0,0.0,-0.0732284748019319
734,4,0.0,0.0,0.0,0.0,0.0
735,0,0.0,-0.04816497606730227,0.0,0.0,-16.364028766105044
735,1,0.0,0.0,-0.0007754532239328234,0.0,-1.8488907476097478
735,2,0.0,0.0,0.0,0.0,-0.4530114105179152
735,3,0.0,0.0,0.0,0.0,-0.0732284748019319
735,4,0.0,0.0,0.0,0.0,0.0
736,0,0.0,-0.04816497606730227,0.0,0.0,-16.38683895157658
736,1,0.0,0.0,-0.0007754532239328234,0.0,-1.8488907476097478
736,2,0.0,0.0,0.0,0.0,-0.4530114105179152
736,3,0.0,0.0,0.0,0.0,-0.0732284748019319
736,4,0.0,0.0,0.0,0.0,0.0
737,0,0.0,-0.04816497606730227,0.0,0.0,-16.40018114297198
737,1,0.0,0.0,-0.0007754532239328234,0.0,-1.8488907476097478
737,2,0.0,0.0,0.0,0.0,-0.4530114105179152
737,3,0.0,0.0,0.0,0.0,-0.0732284748019319
737,4,0.0,0.0,0.0,0.0,0.0
738,0,0.0,-0.04816497606730227,0.0,0.0,-16.403098524108675
738,1,0.0,0.0,-0.0007754532239328234,0.0,-1.8488907476097478
738,2,0.0,0.0,0.0,0.0,-0.4530114105179152
738,3,0.0,0.0,0.0,0.0,-0.0732284748019319
738,4,0.0,0.0,0.0,0.0,0.0
739,0,0.0,-0.04816497606730227,0.0,0.0,-16.40612741683914
739,1,0.0,0.0,-0.0007754532239328234,0.0,-1.8488907476097478
739,2,0.0,0.0,0.0,0.0,-0.4530114105179152
739,3,0.0,0.0,0.0,0.0,-0.0732284748019319
739,4,0.0,0.0,0.0,0.0,0.0
740,0,0.0,-0.04816497606730227,0.0,0.0,-16.41738099877092
740,1,0.0,0.0,-0.0007754532239328234,0.0,-1.8488907476097478
740,2,0.0,0.0,0.0,0.0,-0.4530114105179152
740,3,0.0,0.0,0.0,0.0,-0.0732284748019319
740,4,0.0,0.0,0.0,0.0,0.0
741,0,0.0,-0.04816497606730227,0.0,0.0,-16.41969587269948
741,1,0.0,0.0,-0.0007754532239328234,0.0,-1.8488907476097478
741,2,0.0,0.0,0.0,0.0,-0.4530114105179152
741,3,0.0,0.0,0.0,0.0,-0.0732284748019319
741,4,0.0,0.0,0.0,0.0,0.0
742,0,0.0,-0.04816497606730227,0.0,0.0,-16.42619263148126
742,1,0.0,0.0,-0.0007754532239328234,0.0,-1.8488907476097478
742,2,0.0,0.0,0.0,0.0,-0.4530114105179152
742,3,0.0,0.0,0.0,0.0,-0.0732284748019319
742,4,0.0,0.0,0.0,0.0,0.0
743,0,0.0,-0.04816497606730227,0.0,0.0,-16.427325635342964
743,1,0.0,0.0,-0.0007754532239328234,0.0,-1.8488907476097478
743,2,0.0,0.0,0.0,0.0,-0.4530114105179152
743,3,0.0,0.0,0.0,0.0,-0.0732284748019319
743,4,0.0,0.0,0.0,0.0,0.0
744,0,0.0,-0.04816497606730227,0.0,0.0,-16.427209763536364
744,1,0.0,0.0,-0.0007754532239328234,0.0,-1.8488907476097478
744,2,0.0,0.0,0.0,0.0,-0.4530114105179152
744,3,0.0,0.0,0.0,0.0,-0.0732284748019319
744,4,0.0,0.0,0.0,0.0,0.0
745,0,0.0,-0.04816497606730227,0.0,0.0,-16.447728844281578
745,1,0.0,0.0,-0.0007754532239328234,0.0,-1.8488907476097478
745,2,0.0,0.0,0.0,0.0,-0.4530114105179152
745,3,0.0,0.0,0.0,0.0,-0.0732284748019319
745,4,0.0,0.0,0.0,0.0,0.0
746,0,0.0,-0.04816497606730227,0.0,0.0,-16.451586634461982
746,1,0.0,0.0,-0.0007754532239328234,0.0,-1.8488907476097478
746,2,0.0,0.0,0.0,0.0,-0.4530114105179152
746,3,0.0,0.0,0.0,0.0,-0.0732284748019319
746,4,0.0,0.0,0.0,0.0,0.0
747,0,0.0,-0.04816497606730227,0.0,0.0,-16.47047380195957
747,1,0.0,0.0,-0.0007754532239328234,0.0,-1.8488907476097478
747,2,0.0,0.0,0.0,0.0,-0.4530114105179152
747,3,0.0,0.0,0.0,0.0,-0.0732284748019319
747,4,0.0,0.0,0.0,0.0,0.0
748,0,0.0,-0.04816497606730227,0.0,0.0,-16.494426889083776
748,1,0.0,0.0,-0.0007754532239328234,0.0,-1.8488907476097478
748,2,0.0,0.0,0.0,0.0,-0.4530114105179152
748,3,0.0,0.0,0.0,0.0,-0.0732284748019319
748,4,0.0,0.0,0.0,0.0,0.0
749,0,0.0,-0.04816497606730227,0.0,0.0,-16.513739519020547
749,1,0.0,0.0,-0.0007754532239328234,0.0,-1.8488907476097478
749,2,0.0,0.0,0.0,0.0,-0.4530114105179152
749,3,0.0,0.0,0.0,0.0,-0.0732284748019319
749,4,0.0,0.0,0.0,0.0,0.0
750,0,0.0,-0.04816497606730227,0.0,0.0,-16.527439465046225
750,1,0.0,0.0,-0.0007754532239328234,0.0,-1.8488907476097478
750,2,0.0,0.0,0.0,0.0,-0.4530114105179152
750,3,0.0,0.0,0.0,0.0,-0.0732284748019319
750,4,0.0,0.0,0.0,0.0,0.0
751,0,0.0,-0.04816497606730227,0.0,0.0,-16.53547236916201
751,1,0.0,0.0,-0.0007754532239328234,0.0,-1.8488907476097478
751,2,0.0,0.0,0.0,0.0,-0.4530114105179152
751,3,0.0,0.0,0.0,0.0,-0.0732284748019319
751,4,0.0,0.0,0.0,0.0,0.0
752,0,0.0,-0.04816497606730227,0.0,0.0,-16.555873701076322
752,1,0.0,0.0,-0.0007754532239328234,0.0,-1.8488907476097478
752,2,0.0,0.0,0.0,0.0,-0.4530114105179152
752,3,0.0,0.0,0.0,0.0,-0.0732284748019319
752,4,0.0,0.0,0.0,0.0,0.0
753,0,0.0,-0.04816497606730227,0.0,0.0,-16.57131168584464
753,1,0.0,0.0,-0.0007754532239328234,0.0,-1.8488907476097478
753,2,0.0,0.0,0.0,0.0,-0.4530114105179152
753,3,0.0,0.0,0.0,0.0,-0.0732284748019319
753,4,0.0,0.0,0.0,0.0,0.0
754,0,0.0,-0.04816497606730227,0.0,0.0,-16.57916980291564
754,1,0.0,0.0,-0.0007754532239328234,0.0,-1.8488907476097478
754,2,0.0,0.0,0.0,0.0,-0.4530114105179152
754,3,0.0,0.0,0.0,0.0,-0.0732284748019319
754,4,0.0,0.0,0.0,0.0,0.0
755,0,0.0,-0.04816497606730227,0.0,0.0,-16.58100113429173
755,1,0.0,0.0,-0.0007754532239328234,0.0,-1.8488907476097478
755,2,0.0,0.0,0.0,0.0,-0.4530114105179152
755,3,0.0,0.0,0.0,0.0,-0.0732284748019319
755,4,0.0,0.0,0.0,0.0,0.0
756,0,0.0,-0.04816497606730227,0.0,0.0,-16.588624044854797
756,1,0.0,0.0,-0.0007754532239328234,0.0,-1.8488907476097478
756,2,0.0,0.0,0.0,0.0,-0.4530114105179152
756,3,0.0,0.0,0.0,0.0,-0.0732284748019319
756,4,0.0,0.0,0.0,0.0,0.0
757,0,0.0,-0.04816497606730227,0.0,0.0,-16.592343252352972
757,1,0.0,0.0,-0.0007754532239328234,0.0,-1.8488907476097478
757,2,0.0,0.0,0.0,0.0,-0.4530114105179152
757,3,0.0,0.0,0.0,0.0,-0.0732284748019319
757,4,0.0,0.0,0.0,0.0,0.0
758,0,0.0,-0.05150741743001448,0.0,0.0,-16.592343252352972
758,1,0.0,0.0,-0.0007754532239328234,0.0,-1.8984239913200383
758,2,0.0,0.0,0.0,0.0,-0.4530114105179152
758,3,0.0,0.0,0.0,0.0,-0.0732284748019319
758,4,0.0,0.0,0.0,0.0,0.0
759,0,0.0,-0.05150741743001448,0.0,0.0,-16.586236559253464
759,1,0.0,0.0,-0.0007754532239328234,0.0,-1.8984239913200383
759,2,0.0,0.0,0.0,0.0,-0.4530114105179152
759,3,0.0,0.0,0.0,0.0,-0.0732284748019319
759,4,0.0,0.0,0.0,0.0,0.0
760,0,0.0,-0.05150741743001448,0.0,0.0,-16.59280446375209
760,1,0.0,0.0,-0.0007754532239328234,0.0,-1.8984239913200383
760,2,0.0,0.0,0.0,0.0,-0.4530114105179152
760,3,0.0,0.0,0.0,0.0,-0.0732284748019319
760,4,0.0,0.0,0.0,0.0,0.0
761,0,0.0,-0.05150741743001448,0.0,0.0,-16.596194331195917
761,1,0.0,0.0,-0.0007754532239328234,0.0,-1.8984239913200383
761,2,0.0,0.0,0.0,0.0,-0.4530114105179152
761,3,0.0,0.0,0.0,0.0,-0.0732284748019319
761,4,0.0,0.0,0.0,0.0,0.0
762,0,0.0,-0.05150741743001448,0.0,0.0,-16.621189991791972
762,1,0.0,0.0,-0.0007754532239328234,0.0,-1.8984239913200383
762,2,0.0,0.0,0.0,0.0,-0.4530114105179152
762,3,0.0,0.0,0.0,0.0,-0.0732284748019319
762,4,0.0,0.0,0.0,0.0,0.0
763,0,0.0,-0.05150741743001448,0.0,0.0,-16.636609160059717
763,1,0.0,0.0,-0.0007754532239328234,0.0,-1.8984239913200383
763,2,0.0,0.0,0.0,0.0,-0.4530114105179152
763,3,0.0,0.0,0.0,0.0,-0.0732284748019319
763,4,0.0,0.0,0.0,0.0,0.0
764,0,0.0,-0.05150741743001448,0.0,0.0,-16.641551451984878
764,1,0.0,0.0,-0.0007754532239328234,0.0,-1.8984239913200383
764,2,0.0,0.0,0.0,0.0,-0.4530114105179152
764,3,0.0,0.0,0.0,0.0,-0.0732284748019319
764,4,0.0,0.0,0.0,0.0,0.0
765,0,0.0,-0.05150741743001448,0.0,0.0,-16.658494980839635
765,1,0.0,0.0,-0.0007754532239328234,0.0,-1.8984239913200383
765,2,0.0,0.0,0.0,0.0,-0.4530114105179152
765,3,0.0,0.0,0.0,0.0,-0.0732284748019319
765,4,0.0,0.0,0.0,0.0,0.0
766,0,0.0,-0.05150741743001448,0.0,0.0,-16.675807161593465
766,1,0.0,0.0,-0.0007754532239328234,0.0,-1.8984239913200383
766,2,0.0,0.0,0.0,0.0,-0.4530114105179152
766,3,0.0,0.0,0.0,0.0,-0.0732284748019319
766,4,0.0,0.0,0.0,0.0,0.0
767,0,0.0,-0.05150741743001448,0.0,0.0,-16.688952354221488
767,1,0.0,0.0,-0.0007754532239328234,0.0,-1.8984239913200383
767,2,0.0,0.0,0.0,0.0,-0.4530114105179152
767,3,0.0,0.0,0.0,0.0,-0.0732284748019319
767,4,0.0,0.0,0.0,0.0,0.0
768,0,0.0,-0.05150741743001448,0.0,0.0,-16.69814495648906
768,1,0.0,0.0,-0.0007754532239328234,0.0,-1.8984239913200383
768,2,0.0,0.0,0.0,0.0,-0.4530114105179152
768,3,0.0,0.0,0.0,0.0,-0.0732284748019319
768,4,0.0,0.0,0.0,0.0,0.0
769,0,0.0,-0.05150741743001448,0.0,0.0,-16.716368902676184
769,1,0.0,0.0,-0.0007754532239328234,0.0,-1.8984239913200383
769,2,0.0,0.0,0.0,0.0,-0.4530114105179152
769,3,0.0,0.0,0.0,0.0,-0.0732284748019319
769,4,0.0,0.0,0.0,0.0,0.0
770,0,0.0,-0.05150741743001448,0.0,0.0,-16.739202575891248
770,1,0.0,0.0,-0.0007754532239328234,0.0,-1.8984239913200383
770,2,0.0,0.0,0.0,0.0,-0.4530114105179152
770,3,0.0,0.0,0.0,0.0,-0.0732284748019319
770,4,0.0,0.0,0.0,0.0,0.0
771,0,0.0,-0.05150741743001448,0.0,0.0,-16.745426180502996
771,1,0.0,0.0,-0.0007754532239328234,0.0,-1.8984239913200383
771,2,0.0,0.0,0.0,0.0,-0.4530114105179152
771,3,0.0,0.0,0.0,0.0,-0.0732284748019319
771,4,0.0,0.0,0.0,0.0,0.0
772,0,0.0,-0.05150741743001448,0.0,0.0,-16.755025728657017
772,1,0.0,0.0,-0.0007754532239328234,0.0,-1.8984239913200383
772,2,0.0,0.0,0.0,0.0,-0.4530114105179152
772,3,0.0,0.0,0.0,0.0,-0.0732284748019319
772,4,0.0,0.0,0.0,0.0,0.0
773,0,0.0,-0.05150741743001448,0.0,0.0,-16.760840877455657
773,1,0.0,0.0,-0.0007754532239328234,0.0,-1.8984239913200383
773,2,0.0,0.0,0.0,0.0,-0.4530114105179152
773,3,0.0,0.0,0.0,0.0,-0.0732284748019319
773,4,0.0,0.0,0.0,0.0,0.0
774,0,0.0,-0.05150741743001448,0.0,0.0,-16.76375125256966
774,1,0.0,0.0,-0.0007754532239328234,0.0,-1.8984239913200383
774,2,0.0,0.0,0.0,0.0,-0.4530114105179152
774,3,0.0,0.0,0.0,0.0,-0.0732284748019319
774,4,0.0,0.0,0.0,0.0,0.0
775,0,0.0,-0.05150741743001448,0.0,0.0,-16.769031924514813
775,1,0.0,0.0,-0.0007754532239328234,0.0,-1.8984239913200383
775,2,0.0,0.0,0.0,0.0,-0.4530114105179152
775,3,0.0,0.0,0.0,0.0,-0.0732284748019319
775,4,0.0,0.0,0.0,0.0,0.0
776,0,0.0,-0.05150741743001448,0.0,0.0,-16.781567933248866
776,1,0.0,0.0,-0.0007754532239328234,0.0,-1.8984239913200383
776,2,0.0,0.0,0.0,0.0,-0.4530114105179152
776,3,0.0,0.0,0.0,0.0,-0.0732284748019319
776,4,0.0,0.0,0.0,0.0,0.0
777,0,0.0,-0.05150741743001448,0.0,0.0,-16.80271144299903
777,1,0.0,0.0,-0.0007754532239328234,0.0,-1.8984239913200383
777,2,0.0,0.0,0.0,0.0,-0.4530114105179152
777,3,0.0,0.0,0.0,0.0,-0.0732284748019319
777,4,0.0,0.0,0.0,0.0,0.0
778,0,0.0,-0.05150741743001448,0.0,0.0,-16.80714974689191
778,1,0.0,0.0,-0.0007754532239328234,0.0,-1.8984239913200383
778,2,0.0,0.0,0.0,0.0,-0.4530114105179152
778,3,0.0,0.0,0.0,0.0,-0.0732284748019319
778,4,0.0,0.0,0.0,0.0,0.0
779,0,0.0,-0.05150741743001448,0.0,0.0,-16.812572850731016
779,1,0.0,0.0,-0.0007754532239328234,0.0,-1.8984239913200383
779,2,0.0,0.0,0.0,0.0,-0.4530114105179152
779,3,0.0,0.0,0.0,0.0,-0.0732284748019319
779,4,0.0,0.0,0.0,0.0,0.0
780,0,0.0,-0.05150741743001448,0.0,0.0,-16.820773618876373
780,1,0.0,0.0,-0.0007754532239328234,0.0,-1.8984239913200383
780,2,0.0,0.0,0.0,0.0,-0.4530114105179152
780,3,0.0,0.0,0.0,0.0,-0.0732284748019319
780,4,0.0,0.0,0.0,0.0,0.0
781,0,0.0,-0.05150741743001448,0.0,0.0,-16.8331804077974
781,1,0.0,0.0,-0.0007754532239328234,0.0,-1.8984239913200383
781,2,0.0,0.0,0.0,0.0,-0.4530114105179152
781,3,0.0,0.0,0.0,0.0,-0.0732284748019319
781,4,0.0,0.0,0.0,0.0,0.0
782,0,0.0,-0.05150741743001448,0.0,0.0,-16.83861836568268
782,1,0.0,0.0,-0.0007754532239328234,0.0,-1.8984239913200383
782,2,0.0,0.0,0.0,0.0,-0.4530114105179152
782,3,0.0,0.0,0.0,0.0,-0.0732284748019319
782,4,0.0,0.0,0.0,0.0,0.0
783,0,0.0,-0.05150741743001448,0.0,0.0,-16.840528463808013
783,1,0.0,0.0,-0.0007754532239328234,0.0,-1.8984239913200383
783,2,0.0,0.0,0.0,0.0,-0.4530114105179152
783,3,0.0,0.0,0.0,0.0,-0.0732284748019319
783,4,0.0,0.0,0.0,0.0,0.0
784,0,0.0,-0.05150741743001448,0.0,0.0,-16.843235172102048
784,1,0.0,0.0,-0.0007754532239328234,0.0,-1.8984239913200383
784,2,0.0,0.0,0.0,0.0,-0.4530114105179152
784,3,0.0,0.0,0.0,0.0,-0.0732284748019319
784,4,0.0,0.0,0.0,0.0,0.0
785,0,0.0,-0.05150741743001448,0.0,0.0,-16.837471054851807
785,1,0.0,0.0,-0.0007754532239328234,0.0,-1.8984239913200383
785,2,0.0,0.0,0.0,0.0,-0.4530114105179152
785,3,0.0,0.0,0.0,0.0,-0.0732284748019319
785,4,0.0,0.0,0.0,0.0,0.0
786,0,0.0,-0.05150741743001448,0.0,0.0,-16.841237511592492
786,1,0.0,0.0,-0.0007754532239328234,0.0,-1.8984239913200383
786,2,0.0,0.0,0.0,0.0,-0.4530114105179152
786,3,0.0,0.0,0.0,0.0,-0.0732284748019319
786,4,0.0,0.0,0.0,0.0,0.0
787,0,0.0,-0.05150741743001448,0.0,0.0,-16.84508017158666
787,1,0.0,0.0,-0.0007754532239328234,0.0,-1.8984239913200383
787,2,0.0,0.0,0.0,0.0,-0.4530114105179152
787,3,0.0,0.0,0.0,0.0,-0.0732284748019319
787,4,0.0,0.0,0.0,0.0,0.0
788,0,0.0,-0.05150741743001448,0.0,0.0,-16.855504525663218
788,1,0.0,0.0,-0.0007754532239328234,0.0,-1.8984239913200383
788,2,0.0,0.0,0.0,0.0,-0.4530114105179152
788,3,0.0,0.0,0.0,0.0,-0.0732284748019319
788,4,0.0,0.0,0.0,0.0,0.0
789,0,0.0,-0.05150741743001448,0.0,0.0,-16.88295977554278
789,1,0.0,0.0,-0.0007754532239328234,0.0,-1.8984239913200383
789,2,0.0,0.0,0.0,0.0,-0.4530114105179152
789,3,0.0,0.0,0.0,0.0,-0.0732284748019319
789,4,0.0,0.0,0.0,0.0,0.0
790,0,0.0,-0.05150741743001448,0.0,0.0,-16.88710590422772
790,1,0.0,0.0,-0.0007754532239328234,0.0,-1.8984239913200383
790,2,0.0,0.0,0.0,0.0,-0.4530114105179152
790,3,0.0,0.0,0.0,0.0,-0.0732284748019319
790,4,0.0,0.0,0.0,0.0,0.0
791,0,0.0,-0.05150741743001448,0.0,0.0,-16.903544052011995
791,1,0.0,0.0,-0.0007754532239328234,0.0,-1.8984239913200383
791,2,0.0,0.0,0.0,0.0,-0.4530114105179152
791,3,0.0,0.0,0.0,0.0,-0.0732284748019319
791,4,0.0,0.0,0.0,0.0,0.0
792,0,0.0,-0.05150741743001448,0.0,0.0,-16.90406037856484
792,1,0.0,0.0,-0.0007754532239328234,0.0,-1.8984239913200383
792,2,0.0,0.0,0.0,0.0,-0.4530114105179152
792,3,0.0,0.0,0.0,0.0,-0.0732284748019319
792,4,0.0,0.0,0.0,0.0,0.0
793,0,0.0,-0.05150741743001448,0.0,0.0,-16.906246833316917
793,1,0.0,0.0,-0.0007754532239328234,0.0,-1.8984239913200383
793,2,0.0,0.0,0.0,0.0,-0.4530114105179152
793,3,0.0,0.0,0.0,0.0,-0.0732284748019319
793,4,0.0,0.0,0.0,0.0,0.0
794,0,0.0,-0.05150741743001448,0.0,0.0,-16.916607283138422
794,1,0.0,0.0,-0.0007754532239328234,0.0,-1.8984239913200383
794,2,0.0,0.0,0.0,0.0,-0.4530114105179152
794,3,0.0,0.0,0.0,0.0,-0.0732284748019319
794,4,0.0,0.0,0.0,0.0,0.0
795,0,0.0,-0.05150741743001448,0.0,0.0,-16.935131702451685
795,1,0.0,0.0,-0.0007754532239328234,0.0,-1.8984239913200383
795,2,0.0,0.0,0.0,0.0,-0.4530114105179152
795,3,0.0,0.0,0.0,0.0,-0.0732284748019319
795,4,0.0,0.0,0.0,0.0,0.0
796,0,0.0,-0.05150741743001448,0.0,0.0,-16.94971615453777
796,1,0.0,0.0,-0.0007754532239328234,0.0,-1.8984239913200383
796,2,0.0,0.0,0.0,0.0,-0.4530114105179152
796,3,0.0,0.0,0.0,0.0,-0.0732284748019319
796,4,0.0,0.0,0.0,0.0,0.0
797,0,0.0,-0.05150741743001448,0.0,0.0,-16.957267331225857
797,1,0.0,0.0,-0.0007754532239328234,0.0,-1.8984239913200383
797,2,0.0,0.0,0.0,0.0,-0.4530114105179152
797,3,0.0,0.0,0.0,0.0,-0.0732284748019319
797,4,0.0,0.0,0.0,0.0,0.0
798,0,0.0,-0.05150741743001448,0.0,0.0,-16.965911563154155
798,1,0.0,0.0,-0.0007754532239328234,0.0,-1.8984239913200383
798,2,0.0,0.0,0.0,0.0,-0.4530114105179152
798,3,0.0,0.0,0.0,0.0,-0.0732284748019319
798,4,0.0,0.0,0.0,0.0,0.0
799,0,0.0,-0.05150741743001448,0.0,0.0,-16.97215795197414
799,1,0.0,0.0,-0.0007754532239328234,0.0,-1.8984239913200383
799,2,0.0,0.0,0.0,0.0,-0.4530114105179152
799,3,0.0,0.0,0.0,0.0,-0.0732284748019319
799,4,0.0,0.0,0.0,0.0,0.0
800,0,0.0,-0.05150741743001448,0.0,0.0,-16.98365739308862
800,1,0.0,0.0,-0.0007754532239328234,0.0,-1.8984239913200383
800,2,0.0,0.0,0.0,0.0,-0.4530114105179152
800,3,0.0,0.0,0.0,0.0,-0.0732284748019319
800,4,0.0,0.0,0.0,0.0,0.0
801,0,0.0,-0.05150741743001448,0.0,0.0,-16.997185138349224
801,1,0.0,0.0,-0.0007754532239328234,0.0,-1.8984239913200383
801,2,0.0,0.0,0.0,0.0,-0.4530114105179152
801,3,0.0,0.0,0.0,0.0,-0.0732284748019319
801,4,0.0,0.0,0.0,0.0,0.0
802,0,0.0,-0.05150741743001448,0.0,0.0,-17.016267592441512
802,1,0.0,0.0,-0.0007754532239328234,0.0,-1.8984239913200383
802,2,0.0,0.0,0.0,0.0,-0.4530114105179152
802,3,0.0,0.0,0.0,0.0,-0.0732284748019319
802,4,0.0,0.0,0.0,0.0,0.0
803,0,0.0,-0.05150741743001448,0.0,0.0,-17.033653455310315
803,1,0.0,0.0,-0.0007754532239328234,0.0,-1.8984239913200383
803,2,0.0,0.0,0.0,0.0,-0.4530114105179152
803,3,0.0,0.0,0.0,0.0,-0.0732284748019319
803,4,0.0,0.0,0.0,0.0,0.0
804,0,0.0,-0.05150741743001448,0.0,0.0,-17.04010239684582
804,1,0.0,0.0,-0.0007754532239328234,0.0,-1.8984239913200383
804,2,0.0,0.0,0.0,0.0,-0.4530114105179152
804,3,0.0,0.0,0.0,0.0,-0.0732284748019319
804,4,0.0,0.0,0.0,0.0,0.0
805,0,0.0,-0.05150741743001448,0.0,0.0,-17.043419795362485
805,1,0.0,0.0,-0.0007754532239328234,0.0,-1.8984239913200383
805,2,0.0,0.0,0.0,0.0,-0.4530114105179152
805,3,0.0,0.0,0.0,0.0,-0.0732284748019319
805,4,0.0,0.0,0.0,0.0,0.0
806,0,0.0,-0.05150741743001448,0.0,0.0,-17.055695908446317
806,1,0.0,0.0,-0.0007754532239328234,0.0,-1.8984239913200383
806,2,0.0,0.0,0.0,0.0,-0.4530114105179152
806,3,0.0,0.0,0.0,0.0,-0.0732284748019319
806,4,0.0,0.0,0.0,0.0,0.0
807,0,0.0,-0.05150741743001448,0.0,0.0,-17.067005155083223
807,1,0.0,0.0,-0.0007754532239328234,0.0,-1.8984239913200383
807,2,0.0,0.0,0.0,0.0,-0.4530114105179152
807,3,0.0,0.0,0.0,0.0,-0.0732284748019319
807,4,0.0,0.0,0.0,0.0,0.0
808,0,0.0,-0.05150741743001448,0.0,0.0,-17.06848790371478
808,1,0.0,0.0,-0.0007754532239328234,0.0,-1.8984239913200383
808,2,0.0,0.0,0.0,0.0,-0.4530114105179152
808,3,0.0,0.0,0.0,0.0,-0.0732284748019319
808,4,0.0,0.0,0.0,0.0,0.0
809,0,0.0,-0.05150741743001448,0.0,0.0,-17.078856172547003
809,1,0.0,0.0,-0.0007754532239328234,0.0,-1.8984239913200383
809,2,0.0,0.0,0.0,0.0,-0.4530114105179152
809,3,0.0,0.0,0.0,0.0,-0.0732284748019319
809,4,0.0,0.0,0.0,0.0,0.0
810,0,0.0,-0.05150741743001448,0.0,0.0,-17.08172427698066
810,1,0.0,0.0,-0.0007754532239328234,0.0,-1.8984239913200383
810,2,0.0,0.0,0.0,0.0,-0.4530114105179152
810,3,0.0,0.0,0.0,0.0,-0.0732284748019319
810,4,0.0,0.0,0.0,0.0,0.0
811,0,0.0,-0.05150741743001448,0.0,0.0,-17.083615073173643
811,1,0.0,0.0,-0.0007754532239328234,0.0,-1.8984239913200383
811,2,0.0,0.0,0.0,0.0,-0.4530114105179152
811,3,0.0,0.0,0.0,0.0,-0.0732284748019319
811,4,0.0,0.0,0.0,0.0,0.0
812,0,0.0,-0.05150741743001448,0.0,0.0,-17.11335422730948
812,1,0.0,0.0,-0.0007754532239328234,0.0,-1.8984239913200383
812,2,0.0,0.0,0.0,0.0,-0.4530114105179152
812,3,0.0,0.0,0.0,0.0,-0.0732284748019319
812,4,0.0,0.0,0.0,0.0,0.0
813,0,0.0,-0.05150741743001448,0.0,0.0,-17.137840471610073
813,1,0.0,0.0,-0.0007754532239328234,0.0,-1.8984239913200383
813,2,0.0,0.0,0.0,0.0,-0.4530114105179152
813,3,0.0,0.0,0.0,0.0,-0.0732284748019319
813,4,0.0,0.0,0.0,0.0,0.0
814,0,0.0,-0.05150741743001448,0.0,0.0,-17.157256513697888
814,1,0.0,0.0,-0.0007754532239328234,0.0,-1.8984239913200383
814,2,0.0,0.0,0.0,0.0,-0.4530114105179152
814,3,0.0,0.0,0.0,0.0,-0.0732284748019319
814,4,0.0,0.0,0.0,0.0,0.0
815,0,0.0,-0.05150741743001448,0.0,0.0,-17.165713800035952
815,1,0.0,0.0,-0.0007754532239328234,0.0,-1.8984239913200383
815,2,0.0,0.0,0.0,0.0,-0.4530114105179152
815,3,0.0,0.0,0.0,0.0,-0.0732284748019319
815,4,0.0,0.0,0.0,0.0,0.0
816,0,0.0,-0.05150741743001448,0.0,0.0,-17.170909584140652
816,1,0.0,0.0,-0.0007754532239328234,0.0,-1.8984239913200383
816,2,0.0,0.0,0.0,0.0,-0.4530114105179152
816,3,0.0,0.0,0.0,0.0,-0.0732284748019319
816,4,0.0,0.0,0.0,0.0,0.0
817,0,0.0,-0.05150741743001448,0.0,0.0,-17.186964910218304
817,1,0.0,0.0,-0.0007754532239328234,0.0,-1.8984239913200383
817,2,0.0,0.0,0.0,0.0,-0.4530114105179152
817,3,0.0,0.0,0.0,0.0,-0.0732284748019319
817,4,0.0,0.0,0.0,0.0,0.0
818,0,0.0,-0.05150741743001448,0.0,0.0,-17.186328632533737
818,1,0.0,0.0,-0.0007754532239328234,0.0,-1.8984239913200383
818,2,0.0,0.0,0.0,0.0,-0.4530114105179152
818,3,0.0,0.0,0.0,0.0,-0.0732284748019319
818,4,0.0,0.0,0.0,0.0,0.0
819,0,0.0,-0.05150741743001448,0.0,0.0,-17.192727319971432
819,1,0.0,0.0,-0.0007754532239328234,0.0,-1.8984239913200383
819,2,0.0,0.0,0.0,0.0,-0.4530114105179152
819,3,0.0,0.0,0.0,0.0,-0.0732284748019319
819,4,0.0,0.0,0.0,0.0,0.0
820,0,0.0,-0.05150741743001448,0.0,0.0,-17.19609577005434
820,1,0.0,0.0,-0.0007754532239328234,0.0,-1.8984239913200383
820,2,0.0,0.0,0.0,0.0,-0.4530114105179152
820,3,0.0,0.0,0.0,0.0,-0.0732284748019319
820,4,0.0,0.0,0.0,0.0,0.0
821,0,0.0,-0.05150741743001448,0.0,0.0,-17.198014844362802
821,1,0.0,0.0,-0.0007754532239328234,0.0,-1.8984239913200383
821,2,0.0,0.0,0.0,0.0,-0.4530114105179152
821,3,0.0,0.0,0.0,0.0,-0.0732284748019319
821,4,0.0,0.0,0.0,0.0,0.0
822,0,0.0,-0.05150741743001448,0.0,0.0,-17.21172130768877
822,1,0.0,0.0,-0.0007754532239328234,0.0,-1.8984239913200383
822,2,0.0,0.0,0.0,0.0,-0.4530114105179152
822,3,0.0,0.0,0.0,0.0,-0.0732284748019319
822,4,0.0,0.0,0.0,0.0,0.0
823,0,0.0,-0.05150741743001448,0.0,0.0,-17.22650099100123
823,1,0.0,0.0,-0.0007754532239328234,0.0,-1.8984239913200383
823,2,0.0,0.0,0.0,0.0,-0.4530114105179152
823,3,0.0,0.0,0.0,0.0,-0.0732284748019319
823,4,0.0,0.0,0.0,0.0,0.0
824,0,0.0,-0.05150741743001448,0.0,0.0,-17.229823400294013
824,1,0.0,0.0,-0.0007754532239328234,0.0,-1.8984239913200383
824,2,0.0,0.0,0.0,0.0,-0.4530114105179152
824,3,0.0,0.0,0.0,0.0,-0.0732284748019319
824,4,0.0,0.0,0.0,0.0,0.0
825,0,0.0,-0.05150741743001448,0.0,0.0,-17.230827928964352
825,1,0.0,0.0,-0.0007754532239328234,0.0,-1.8984239913200383
825,2,0.0,0.0,0.0,0.0,-0.4530114105179152
825,3,0.0,0.0,0.0,0.0,-0.0732284748019319
825,4,0.0,0.0,0.0,0.0,0.0
826,0,0.0,-0.05150741743001448,0.0,0.0,-17.24667446948279
826,1,0.0,0.0,-0.0007754532239328234,0.0,-1.8984239913200383
826,2,0.0,0.0,0.0,0.0,-0.4530114105179152
826,3,0.0,0.0,0.0,0.0,-0.0732284748019319
826,4,0.0,0.0,0.0,0.0,0.0
827,0,0.0,-0.05150741743001448,0.0,0.0,-17.254405613284963
827,1,0.0,0.0,-0.0007754532239328234,0.0,-1.8984239913200383
827,2,0.0,0.0,0.0,0.0,-0.4530114105179152
827,3,0.0,0.0,0.0,0.0,-0.0732284748019319
827,4,0.0,0.0,0.0,0.0,0.0
828,0,0.0,-0.05150741743001448,0.0,0.0,-17.25296384374544
828,1,0.0,0.0,-0.0007754532239328234,0.0,-1.8984239913200383
828,2,0.0,0.0,0.0,0.0,-0.4530114105179152
828,3,0.0,0.0,0.0,0.0,-0.0732284748019319
828,4,0.0,0.0,0.0,0.0,0.0
829,0,0.0,-0.05150741743001448,0.0,0.0,-17.2514066302012
829,1,0.0,0.0,-0.0007754532239328234,0.0,-1.8984239913200383
829,2,0.0,0.0,0.0,0.0,-0.4530114105179152
829,3,0.0,0.0,0.0,0.0,-0.0732284748019319
829,4,0.0,0.0,0.0,0.0,0.0
830,0,0.0,-0.05150741743001448,0.0,0.0,-17.249879452764297
830,1,0.0,0.0,-0.0007754532239328234,0.0,-1.8984239913200383
830,2,0.0,0.0,0.0,0.0,-0.4530114105179152
830,3,0.0,0.0,0.0,0.0,-0.0732284748019319
830,4,0.0,0.0,0.0,0.0,0.0
831,0,0.0,-0.054960598305768014,0.0,0.0,-17.249879452764297
831,1,0.0,0.0,-0.0007754532239328234,0.0,-1.960600621456146
831,2,0.0,0.0,0.0,0.0,-0.4530114105179152
831,3,0.0,0.0,0.0,0.0,-0.0732284748019319
831,4,0.0,0.0,0.0,0.0,0.0
832,0,0.0,-0.054960598305768014,0.0,0.0,-17.2527260027221
832,1,0.0,0.0,-0.0007754532239328234,0.0,-1.960600621456146
832,2,0.0,0.0,0.0,0.0,-0.4530114105179152
832,3,0.0,0.0,0.0,0.0,-0.0732284748019319
832,4,0.0,0.0,0.0,0.0,0.0
833,0,0.0,-0.054960598305768014,0.0,0.0,-17.265840810765948
833,1,0.0,0.0,-0.0007754532239328234,0.0,-1.960600621456146
833,2,0.0,0.0,0.0,0.0,-0.4530114105179152
833,3,0.0,0.0,0.0,0.0,-0.0732284748019319
833,4,0.0,0.0,0.0,0.0,0.0
834,0,0.0,-0.054960598305768014,0.0,0.0,-17.26016518931729
834,1,0.0,0.0,-0.0007754532239328234,0.0,-1.960600621456146
834,2,0.0,0.0,0.0,0.0,-0.4530114105179152
834,3,0.0,0.0,0.0,0.0,-0.0732284748019319
834,4,0.0,0.0,0.0,0.0,0.0
835,0,0.0,-0.054960598305768014,0.0,0.0,-17.262734922079805
835,1,0.0,0.0,-0.0007754532239328234,0.0,-1.960600621456146
835,2,0.0,0.0,0.0,0.0,-0.4530114105179152
835,3,0.0,0.0,0.0,0.0,-0.0732284748019319
835,4,0.0,0.0,0.0,0.0,0.0
836,0,0.0,-0.054960598305768014,0.0,0.0,-17.28403609203995
836,1,0.0,0.0,-0.0007754532239328234,0.0,-1.960600621456146
836,2,0.0,0.0,0.0,0.0,-0.4530114105179152
836,3,0.0,0.0,0.0,0.0,-0.0732284748019319
836,4,0.0,0.0,0.0,0.0,0.0
837,0,0.0,-0.054960598305768014,0.0,0.0,-17.295008511710304
837,1,0.0,0.0,-0.0007754532239328234,0.0,-1.960600621456146
837,2,0.0,0.0,0.0,0.0,-0.4530114105179152
837,3,0.0,0.0,0.0,0.0,-0.0732284748019319
837,4,0.0,0.0,0.0,0.0,0.0
838,0,0.0,-0.054960598305768014,0.0,0.0,-17.296843391416626
838,1,0.0,0.0,-0.0007754532239328234,0.0,-1.960600621456146
838,2,0.0,0.0,0.0,0.0,-0.4530114105179152
838,3,0.0,0.0,0.0,0.0,-0.0732284748019319
838,4,0.0,0.0,0.0,0.0,0.0
839,0,0.0,-0.054960598305768014,0.0,0.0,-17.303143551207903
839,1,0.0,0.0,-0.0007754532239328234,0.0,-1.960600621456146
839,2,0.0,0.0,0.0,0.0,-0.4530114105179152
839,3,0.0,0.0,0.0,0.0,-0.0732284748019319
839,4,0.0,0.0,0.0,0.0,0.0
840,0,0.0,-0.054960598305768014,0.0,0.0,-17.306869721343187
840,1,0.0,0.0,-0.0007754532239328234,0.0,-1.960600621456146
840,2,0.0,0.0,0.0,0.0,-0.4530114105179152
840,3,0.0,0.0,0.0,0.0,-0.0732284748019319
840,4,0.0,0.0,0.0,0.0,0.0
841,0,0.0,-0.054960598305768014,0.0,0.0,-17.31563869579734
841,1,0.0,0.0,-0.0007754532239328234,0.0,-1.960600621456146
841,2,0.0,0.0,0.0,0.0,-0.4530114105179152
841,3,0.0,0.0,0.0,0.0,-0.0732284748019319
841,4,0.0,0.0,0.0,0.0,0.0
842,0,0.0,-0.054960598305768014,0.0,0.0,-17.31572328479824
842,1,0.0,0.0,-0.0007754532239328234,0.0,-1.960600621456146
842,2,0.0,0.0,0.0,0.0,-0.4530114105179152
842,3,0.0,0.0,0.0,0.0,-0.0732284748019319
842,4,0.0,0.0,0.0,0.0,0.0
843,0,0.0,-0.054960598305768014,0.0,0.0,-17.317572071296986
843,1,0.0,0.0,-0.0007754532239328234,0.0,-1.960600621456146
843,2,0.0,0.0,0.0,0.0,-0.4530114105179152
843,3,0.0,0.0,0.0,0.0,-0.0732284748019319
843,4,0.0,0.0,0.0,0.0,0.0
844,0,0.0,-0.054960598305768014,0.0,0.0,-17.333020486619827
844,1,0.0,0.0,-0.0007754532239328234,0.0,-1.960600621456146
844,2,0.0,0.0,0.0,0.0,-0.4530114105179152
844,3,0.0,0.0,0.0,0.0,-0.0732284748019319
844,4,0.0,0.0,0.0,0.0,0.0
845,0,0.0,-0.054960598305768014,0.0,0.0,-17.340785046538876
845,1,0.0,0.0,-0.0007754532239328234,0.0,-1.960600621456146
845,2,0.0,0.0,0.0,0.0,-0.4530114105179152
845,3,0.0,0.0,0.0,0.0,-0.0732284748019319
845,4,0.0,0.0,0.0,0.0,0.0
846,0,0.0,-0.054960598305768014,0.0,0.0,-17.344838757631397
846,1,0.0,0.0,-0.0007754532239328234,0.0,-1.960600621456146
846,2,0.0,0.0,0.0,0.0,-0.4530114105179152
846,3,0.0,0.0,0.0,0.0,-0.0732284748019319
846,4,0.0,0.0,0.0,0.0,0.0
847,0,0.0,-0.054960598305768014,0.0,0.0,-17.34757955535778
847,1,0.0,0.0,-0.0007754532239328234,0.0,-1.960600621456146
847,2,0.0,0.0,0.0,0.0,-0.4530114105179152
847,3,0.0,0.0,0.0,0.0,-0.0732284748019319
847,4,0.0,0.0,0.0,0.0,0.0
848,0,0.0,-0.054960598305768014,0.0,0.0,-17.362795834773014
848,1,0.0,0.0,-0.0007754532239328234,0.0,-1.960600621456146
848,2,0.0,0.0,0.0,0.0,-0.4530114105179152
848,3,0.0,0.0,0.0,0.0,-0.0732284748019319
848,4,0.0,0.0,0.0,0.0,0.0
849,0,0.0,-0.054960598305768014,0.0,0.0,-17.375003041677004
849,1,0.0,0.0,-0.0007754532239328234,0.0,-1.960600621456146
849,2,0.0,0.0,0.0,0.0,-0.4530114105179152
849,3,0.0,0.0,0.0,0.0,-0.0732284748019319
849,4,0.0,0.0,0.0,0.0,0.0
850,0,0.0,-0.054960598305768014,0.0,0.0,-17.37753122228257
850,1,0.0,0.0,-0.0007754532239328234,0.0,-1.960600621456146
850,2,0.0,0.0,0.0,0.0,-0.4530114105179152
850,3,0.0,0.0,0.0,0.0,-0.0732284748019319
850,4,0.0,0.0,0.0,0.0,0.0
851,0,0.0,-0.054960598305768014,0.0,0.0,-17.397233806966483
851,1,0.0,0.0,-0.0007754532239328234,0.0,-1.960600621456146
851,2,0.0,0.0,0.0,0.0,-0.4530114105179152
851,3,0.0,0.0,0.0,0.0,-0.0732284748019319
851,4,0.0,0.0,0.0,0.0,0.0
852,0,0.0,-0.054960598305768014,0.0,0.0,-17.40729736116408
852,1,0.0,0.0,-0.0007754532239328234,0.0,-1.960600621456146
852,2,0.0,0.0,0.0,0.0,-0.4530114105179152
852,3,0.0,0.0,0.0,0.0,-0.0732284748019319
852,4,0.0,0.0,0.0,0.0,0.0
853,0,0.0,-0.054960598305768014,0.0,0.0,-17.419933952156484
853,1,0.0,0.0,-0.0007754532239328234,0.0,-1.960600621456146
853,2,0.0,0.0,0.0,0.0,-0.4530114105179152
853,3,0.0,0.0,0.0,0.0,-0.0732284748019319
853,4,0.0,0.0,0.0,0.0,0.0
854,0,0.0,-0.054960598305768014,0.0,0.0,-17.438973048226355
854,1,0.0,0.0,-0.0007754532239328234,0.0,-1.960600621456146
854,2,0.0,0.0,0.0,0.0,-0.4530114105179152
854,3,0.0,0.0,0.0,0.0,-0.0732284748019319
854,4,0.0,0.0,0.0,0.0,0.0
855,0,0.0,-0.054960598305768014,0.0,0.0,-17.441490118247287
855,1,0.0,0.0,-0.0007754532239328234,0.0,-1.960600621456146
855,2,0.0,0.0,0.0,0.0,-0.4530114105179152
855,3,0.0,0.0,0.0,0.0,-0.0732284748019319
855,4,0.0,0.0,0.0,0.0,0.0
856,0,0.0,-0.054960598305768014,0.0,0.0,-17.442087340139548
856,1,0.0,0.0,-0.0007754532239328234,0.0,-1.960600621456146
856,2,0.0,0.0,0.0,0.0,-0.4530114105179152
856,3,0.0,0.0,0.0,0.0,-0.0732284748019319
856,4,0.0,0.0,0.0,0.0,0.0
857,0,0.0,-0.054960598305768014,0.0,0.0,-17.445232265611565
857,1,0.0,0.0,-0.0007754532239328234,0.0,-1.960600621456146
857,2,0.0,0.0,0.0,0.0,-0.4530114105179152
857,3,0.0,0.0,0.0,0.0,-0.0732284748019319
857,4,0.0,0.0,0.0,0.0,0.0
858,0,0.0,-0.054960598305768014,0.0,0.0,-17.460275178311107
858,1,0.0,0.0,-0.0007754532239328234,0.0,-1.960600621456146
858,2,0.0,0.0,0.0,0.0,-0.4530114105179152
858,3,0.0,0.0,0.0,0.0,-0.0732284748019319
858,4,0.0,0.0,0.0,0.0,0.0
859,0,0.0,-0.054960598305768014,0.0,0.0,-17.48000033970983
859,1,0.0,0.0,-0.0007754532239328234,0.0,-1.960600621456146
859,2,0.0,0.0,0.0,0.0,-0.4530114105179152
859,3,0.0,0.0,0.0,0.0,-0.0732284748019319
859,4,0.0,0.0,0.0,0.0,0.0
860,0,0.0,-0.054960598305768014,0.0,0.0,-17.480815447185844
860,1,0.0,0.0,-0.0007754532239328234,0.0,-1.960600621456146
860,2,0.0,0.0,0.0,0.0,-0.4530114105179152
860,3,0.0,0.0,0.0,0.0,-0.0732284748019319
860,4,0.0,0.0,0.0,0.0,0.0
861,0,0.0,-0.054960598305768014,0.0,0.0,-17.481514042683433
861,1,0.0,0.0,-0.0007754532239328234,0.0,-1.960600621456146
861,2,0.0,0.0,0.0,0.0,-0.4530114105179152
861,3,0.0,0.0,0.0,0.0,-0.0732284748019319
861,4,0.0,0.0,0.0,0.0,0.0
862,0,0.0,-0.054960598305768014,0.0,0.0,-17.502547169065757
862,1,0.0,0.0,-0.0007754532239328234,0.0,-1.960600621456146
862,2,0.0,0.0,0.0,0.0,-0.4530114105179152
862,3,0.0,0.0,0.0,0.0,-0.0732284748019319
862,4,0.0,0.0,0.0,0.0,0.0
863,0,0.0,-0.054960598305768014,0.0,0.0,-17.512553501455756
863,1,0.0,0.0,-0.0007754532239328234,0.0,-1.960600621456146
863,2,0.0,0.0,0.0,0.0,-0.4530114105179152
863,3,0.0,0.0,0.0,0.0,-0.0732284748019319
863,4,0.0,0.0,0.0,0.0,0.0
864,0,0.0,-0.054960598305768014,0.0,0.0,-17.518814145124452
864,1,0.0,0.0,-0.0007754532239328234,0.0,-1.960600621456146
864,2,0.0,0.0,0.0,0.0,-0.4530114105179152
864,3,0.0,0.0,0.0,0.0,-0.0732284748019319
864,4,0.0,0.0,0.0,0.0,0.0
865,0,0.0,-0.054960598305768014,0.0,0.0,-17.52296028254976
865,1,0.0,0.0,-0.0007754532239328234,0.0,-1.960600621456146
865,2,0.0,0.0,0.0,0.0,-0.4530114105179152
865,3,0.0,0.0,0.0,0.0,-0.0732284748019319
865,4,0.0,0.0,0.0,0.0,0.0
866,0,0.0,-0.054960598305768014,0.0,0.0,-17.522371908787186
866,1,0.0,0.0,-0.0007754532239328234,0.0,-1.960600621456146
866,2,0.0,0.0,0.0,0.0,-0.4530114105179152
866,3,0.0,0.0,0.0,0.0,-0.0732284748019319
866,4,0.0,0.0,0.0,0.0,0.0
867,0,0.0,-0.054960598305768014,0.0,0.0,-17.527025898667844
867,1,0.0,0.0,-0.0007754532239328234,0.0,-1.960600621456146
867,2,0.0,0.0,0.0,0.0,-0.4530114105179152
867,3,0.0,0.0,0.0,0.0,-0.0732284748019319
867,4,0.0,0.0,0.0,0.0,0.0
868,0,0.0,-0.054960598305768014,0.0,0.0,-17.525344138650812
868,1,0.0,0.0,-0.0007754532239328234,0.0,-1.960600621456146
868,2,0.0,0.0,0.0,0.0,-0.4530114105179152
868,3,0.0,0.0,0.0,0.0,-0.0732284748019319
868,4,0.0,0.0,0.0,0.0,0.0
869,0,0.0,-0.054960598305768014,0.0,0.0,-17.529311123659337
869,1,0.0,0.0,-0.0007754532239328234,0.0,-1.960600621456146
869,2,0.0,0.0,0.0,0.0,-0.4530114105179152
869,3,0.0,0.0,0.0,0.0,-0.0732284748019319
869,4,0.0,0.0,0.0,0.0,0.0
870,0,0.0,-0.054960598305768014,0.0,0.0,-17.541911018956863
870,1,0.0,0.0,-0.0007754532239328234,0.0,-1.960600621456146
870,2,0.0,0.0,0.0,0.0,-0.4530114105179152
870,3,0.0,0.0,0.0,0.0,-0.0732284748019319
870,4,0.0,0.0,0.0,0.0,0.0
871,0,0.0,-0.054960598305768014,0.0,0.0,-17.536320897543405
871,1,0.0,0.0,-0.0007754532239328234,0.0,-1.960600621456146
871,2,0.0,0.0,0.0,0.0,-0.4530114105179152
871,3,0.0,0.0,0.0,0.0,-0.0732284748019319
871,4,0.0,0.0,0.0,0.0,0.0
872,0,0.0,-0.054960598305768014,0.0,0.0,-17.548376511906906
872,1,0.0,0.0,-0.0007754532239328234,0.0,-1.960600621456146
872,2,0.0,0.0,0.0,0.0,-0.4530114105179152
872,3,0.0,0.0,0.0,0.0,-0.0732284748019319
872,4,0.0,0.0,0.0,0.0,0.0
873,0,0.0,-0.054960598305768014,0.0,0.0,-17.549365399873096
873,1,0.0,0.0,-0.0007754532239328234,0.0,-1.960600621456146
873,2,0.0,0.0,0.0,0.0,-0.4530114105179152
873,3,0.0,0.0,0.0,0.0,-0.0732284748019319
873,4,0.0,0.0,0.0,0.0,0.0
874,0,0.0,-0.054960598305768014,0.0,0.0,-17.549541692160023
874,1,0.0,0.0,-0.0007754532239328234,0.0,-1.960600621456146
874,2,0.0,0.0,0.0,0.0,-0.4530114105179152
874,3,0.0,0.0,0.0,0.0,-0.0732284748019319
874,4,0.0,0.0,0.0,0.0,0.0
875,0,0.0,-0.054960598305768014,0.0,0.0,-17.564553193657034
875,1,0.0,0.0,-0.0007754532239328234,0.0,-1.960600621456146
875,2,0.0,0.0,0.0,0.0,-0.4530114105179152
875,3,0.0,0.0,0.0,0.0,-0.0732284748019319
875,4,0.0,0.0,0.0,0.0,0.0
876,0,0.0,-0.054960598305768014,0.0,0.0,-17.570233266991693
876,1,0.0,0.0,-0.0007754532239328234,0.0,-1.960600621456146
876,2,0.0,0.0,0.0,0.0,-0.4530114105179152
876,3,0.0,0.0,0.0,0.0,-0.0732284748019319
876,4,0.0,0.0,0.0,0.0,0.0
877,0,0.0,-0.054960598305768014,0.0,0.0,-17.575594985013137
877,1,0.0,0.0,-0.0007754532239328234,0.0,-1.960600621456146
877,2,0.0,0.0,0.0,0.0,-0.4530114105179152
877,3,0.0,0.0,0.0,0.0,-0.0732284748019319
877,4,0.0,0.0,0.0,0.0,0.0
878,0,0.0,-0.054960598305768014,0.0,0.0,-17.582698006344987
878,1,0.0,0.0,-0.0007754532239328234,0.0,-1.960600621456146
878,2,0.0,0.0,0.0,0.0,-0.4530114105179152
878,3,0.0,0.0,0.0,0.0,-0.0732284748019319
878,4,0.0,0.0,0.0,0.0,0.0
879,0,0.0,-0.054960598305768014,0.0,0.0,-17.584149425639566
879,1,0.0,0.0,-0.0007754532239328234,0.0,-1.960600621456146
879,2,0.0,0.0,0.0,0.0,-0.4530114105179152
879,3,0.0,0.0,0.0,0.0,-0.0732284748019319
879,4,0.0,0.0,0.0,0.0,0.0
880,0,0.0,-0.054960598305768014,0.0,0.0,-17.58298530284522
880,1,0.0,0.0,-0.0007754532239328234,0.0,-1.960600621456146
880,2,0.0,0.0,0.0,0.0,-0.4530114105179152
880,3,0.0,0.0,0.0,0.0,-0.0732284748019319
880,4,0.0,0.0,0.0,0.0,0.0
881,0,0.0,-0.054960598305768014,0.0,0.0,-17.58235518300935
881,1,0.0,0.0,-0.0007754532239328234,0.0,-1.960600621456146
881,2,0.0,0.0,0.0,0.0,-0.4530114105179152
881,3,0.0,0.0,0.0,0.0,-0.0732284748019319
881,4,0.0,0.0,0.0,0.0,0.0
882,0,0.0,-0.054960598305768014,0.0,0.0,-17.579251112205185
882,1,0.0,0.0,-0.0007754532239328234,0.0,-1.960600621456146
882,2,0.0,0.0,0.0,0.0,-0.4530114105179152
882,3,0.0,0.0,0.0,0.0,-0.0732284748019319
882,4,0.0,0.0,0.0,0.0,0.0
883,0,0.0,-0.054960598305768014,0.0,0.0,-17.587018499383863
883,1,0.0,0.0,-0.0007754532239328234,0.0,-1.960600621456146
883,2,0.0,0.0,0.0,0.0,-0.4530114105179152
883,3,0.0,0.0,0.0,0.0,-0.0732284748019319
883,4,0.0,0.0,0.0,0.0,0.0
884,0,0.0,-0.054960598305768014,0.0,0.0,-17.591835329377908
884,1,0.0,0.0,-0.0007754532239328234,0.0,-1.960600621456146
884,2,0.0,0.0,0.0,0.0,-0.4530114105179152
884,3,0.0,0.0,0.0,0.0,-0.0732284748019319
884,4,0.0,0.0,0.0,0.0,0.0
885,0,0.0,-0.054960598305768014,0.0,0.0,-17.60488133998231
885,1,0.0,0.0,-0.0007754532239328234,0.0,-1.960600621456146
885,2,0.0,0.0,0.0,0.0,-0.4530114105179152
885,3,0.0,0.0,0.0,0.0,-0.0732284748019319
885,4,0.0,0.0,0.0,0.0,0.0
886,0,0.0,-0.054960598305768014,0.0,0.0,-17.606293668394823
886,1,0.0,0.0,-0.0007754532239328234,0.0,-1.960600621456146
886,2,0.0,0.0,0.0,0.0,-0.4530114105179152
886,3,0.0,0.0,0.0,0.0,-0.0732284748019319
886,4,0.0,0.0,0.0,0.0,0.0
887,0,0.0,-0.054960598305768014,0.0,0.0,-17.616084032632536
887,1,0.0,0.0,-0.0007754532239328234,0.0,-1.960600621456146
887,2,0.0,0.0,0.0,0.0,-0.4530114105179152
887,3,0.0,0.0,0.0,0.0,-0.0732284748019319
887,4,0.0,0.0,0.0,0.0,0.0
888,0,0.0,-0.054960598305768014,0.0,0.0,-17.615545227427987
888,1,0.0,0.0,-0.0007754532239328234,0.0,-1.960600621456146
888,2,0.0,0.0,0.0,0.0,-0.4530114105179152
888,3,0.0,0.0,0.0,0.0,-0.0732284748019319
888,4,0.0,0.0,0.0,0.0,0.0
889,0,0.0,-0.054960598305768014,0.0,0.0,-17.628145294779262
889,1,0.0,0.0,-0.0007754532239328234,0.0,-1.960600621456146
889,2,0.0,0.0,0.0,0.0,-0.4530114105179152
889,3,0.0,0.0,0.0,0.0,-0.0732284748019319
889,4,0.0,0.0,0.0,0.0,0.0
890,0,0.0,-0.054960598305768014,0.0,0.0,-17.6271203427748
890,1,0.0,0.0,-0.0007754532239328234,0.0,-1.960600621456146
890,2,0.0,0.0,0.0,0.0,-0.4530114105179152
890,3,0.0,0.0,0.0,0.0,-0.0732284748019319
890,4,0.0,0.0,0.0,0.0,0.0
891,0,0.0,-0.054960598305768014,0.0,0.0,-17.62541332585497
891,1,0.0,0.0,-0.0007754532239328234,0.0,-1.960600621456146
891,2,0.0,0.0,0.0,0.0,-0.4530114105179152
891,3,0.0,0.0,0.0,0.0,-0.0732284748019319
891,4,0.0,0.0,0.0,0.0,0.0
892,0,0.0,-0.054960598305768014,0.0,0.0,-17.633020775392417
892,1,0.0,0.0,-0.0007754532239328234,0.0,-1.960600621456146
892,2,0.0,0.0,0.0,0.0,-0.4530114105179152
892,3,0.0,0.0,0.0,0.0,-0.0732284748019319
892,4,0.0,0.0,0.0,0.0,0.0
893,0,0.0,-0.054960598305768014,0.0,0.0,-17.64670581231834
893,1,0.0,0.0,-0.0007754532239328234,0.0,-1.960600621456146
893,2,0.0,0.0,0.0,0.0,-0.4530114105179152
893,3,0.0,0.0,0.0,0.0,-0.0732284748019319
893,4,0.0,0.0,0.0,0.0,0.0
894,0,0.0,-0.054960598305768014,0.0,0.0,-17.64698629373311
894,1,0.0,0.0,-0.0007754532239328234,0.0,-1.960600621456146
894,2,0.0,0.0,0.0,0.0,-0.4530114105179152
894,3,0.0,0.0,0.0,0.0,-0.0732284748019319
894,4,0.0,0.0,0.0,0.0,0.0
895,0,0.0,-0.054960598305768014,0.0,0.0,-17.651216598317088
895,1,0.0,0.0,-0.0007754532239328234,0.0,-1.960600621456146
895,2,0.0,0.0,0.0,0.0,-0.4530114105179152
895,3,0.0,0.0,0.0,0.0,-0.0732284748019319
895,4,0.0,0.0,0.0,0.0,0.0
896,0,0.0,-0.054960598305768014,0.0,0.0,-17.659885870955662
896,1,0.0,0.0,-0.0007754532239328234,0.0,-1.960600621456146
896,2,0.0,0.0,0.0,0.0,-0.4530114105179152
896,3,0.0,0.0,0.0,0.0,-0.0732284748019319
896,4,0.0,0.0,0.0,0.0,0.0
897,0,0.0,-0.054960598305768014,0.0,0.0,-17.660487523286335
897,1,0.0,0.0,-0.0007754532239328234,0.0,-1.960600621456146
897,2,0.0,0.0,0.0,0.0,-0.4530114105179152
897,3,0.0,0.0,0.0,0.0,-0.0732284748019319
897,4,0.0,0.0,0.0,0.0,0.0
898,0,0.0,-0.054960598305768014,0.0,0.0,-17.6749987411078
898,1,0.0,0.0,-0.0007754532239328234,0.0,-1.960600621456146
898,2,0.0,0.0,0.0,0.0,-0.4530114105179152
898,3,0.0,0.0,0.0,0.0,-0.0732284748019319
898,4,0.0,0.0,0.0,0.0,0.0
899,0,0.0,-0.054960598305768014,0.0,0.0,-17.68271119058117
899,1,0.0,0.0,-0.0007754532239328234,0.0,-1.960600621456146
899,2,0.0,0.0,0.0,0.0,-0.4530114105179152
899,3,0.0,0.0,0.0,0.0,-0.0732284748019319
899,4,0.0,0.0,0.0,0.0,0.0
900,0,0.0,-0.054960598305768014,0.0,0.0,-17.700853386125868
900,1,0.0,0.0,-0.0007754532239328234,0.0,-1.960600621456146
900,2,0.0,0.0,0.0,0.0,-0.4530114105179152
900,3,0.0,0.0,0.0,0.0,-0.0732284748019319
900,4,0.0,0.0,0.0,0.0,0.0
901,0,0.0,-0.054960598305768014,0.0,0.0,-17.700967400688317
901,1,0.0,0.0,-0.0007754532239328234,0.0,-1.960600621456146
901,2,0.0,0.0,0.0,0.0,-0.4530114105179152
901,3,0.0,0.0,0.0,0.0,-0.0732284748019319
901,4,0.0,0.0,0.0,0.0,0.0
902,0,0.0,-0.054960598305768014,0.0,0.0,-17.718325137843745
902,1,0.0,0.0,-0.0007754532239328234,0.0,-1.960600621456146
902,2,0.0,0.0,0.0,0.0,-0.4530114105179152
902,3,0.0,0.0,0.0,0.0,-0.0732284748019319
902,4,0.0,0.0,0.0,0.0,0.0
903,0,0.0,-0.054960598305768014,0.0,0.0,-17.726130498989328
903,1,0.0,0.0,-0.0007754532239328234,0.0,-1.960600621456146
903,2,0.0,0.0,0.0,0.0,-0.4530114105179152
903,3,0.0,0.0,0.0,0.0,-0.0732284748019319
903,4,0.0,0.0,0.0,0.0,0.0
904,0,0.0,-0.054960598305768014,0.0,0.0,-17.728984864782685
904,1,0.0,0.0,-0.0007754532239328234,0.0,-1.960600621456146
904,2,0.0,0.0,0.0,0.0,-0.4530114105179152
904,3,0.0,0.0,0.0,0.0,-0.0732284748019319
904,4,0.0,0.0,0.0,0.0,0.0
905,0,0.0,-0.054960598305768014,0.0,0.0,-17.747029314084195
905,1,0.0,0.0,-0.0007754532239328234,0.0,-1.960600621456146
905,2,0.0,0.0,0.0,0.0,-0.4530114105179152
905,3,0.0,0.0,0.0,0.0,-0.0732284748019319
905,4,0.0,0.0,0.0,0.0,0.0
906,0,0.0,-0.054960598305768014,0.0,0.0,-17.77066490816968
906,1,0.0,0.0,-0.0007754532239328234,0.0,-1.960600621456146
906,2,0.0,0.0,0.0,0.0,-0.4530114105179152
906,3,0.0,0.0,0.0,0.0,-0.0732284748019319
906,4,0.0,0.0,0.0,0.0,0.0
907,0,0.0,-0.054960598305768014,0.0,0.0,-17.77507576389263
907,1,0.0,0.0,-0.0007754532239328234,0.0,-1.960600621456146
907,2,0.0,0.0,0.0,0.0,-0.4530114105179152
907,3,0.0,0.0,0.0,0.0,-0.0732284748019319
907,4,0.0,0.0,0.0,0.0,0.0
908,0,0.0,-0.054960598305768014,0.0,0.0,-17.77787675806336
908,1,0.0,0.0,-0.0007754532239328234,0.0,-1.960600621456146
908,2,0.0,0.0,0.0,0.0,-0.4530114105179152
908,3,0.0,0.0,0.0,0.0,-0.0732284748019319
908,4,0.0,0.0,0.0,0.0,0.0
909,0,0.0,-0.054960598305768014,0.0,0.0,-17.78252864125801
909,1,0.0,0.0,-0.0007754532239328234,0.0,-1.960600621456146
909,2,0.0,0.0,0.0,0.0,-0.4530114105179152
909,3,0.0,0.0,0.0,0.0,-0.0732284748019319
909,4,0.0,0.0,0.0,0.0,0.0
910,0,0.0,-0.054960598305768014,0.0,0.0,-17.784910950038295
910,1,0.0,0.0,-0.0007754532239328234,0.0,-1.960600621456146
910,2,0.0,0.0,0.0,0.0,-0.4530114105179152
910,3,0.0,0.0,0.0,0.0,-0.0732284748019319
910,4,0.0,0.0,0.0,0.0,0.0
911,0,0.0,-0.054960598305768014,0.0,0.0,-17.808292634064422
911,1,0.0,0.0,-0.0007754532239328234,0.0,-1.960600621456146
911,2,0.0,0.0,0.0,0.0,-0.4530114105179152
911,3,0.0,0.0,0.0,0.0,-0.0732284748019319
911,4,0.0,0.0,0.0,0.0,0.0
912,0,0.0,-0.054960598305768014,0.0,0.0,-17.82352033900507
912,1,0.0,0.0,-0.0007754532239328234,0.0,-1.960600621456146
912,2,0.0,0.0,0.0,0.0,-0.4530114105179152
912,3,0.0,0.0,0.0,0.0,-0.0732284748019319
912,4,0.0,0.0,0.0,0.0,0.0
913,0,0.0,-0.054960598305768014,0.0,0.0,-17.843448375178685
913,1,0.0,0.0,-0.0007754532239328234,0.0,-1.960600621456146
913,2,0.0,0.0,0.0,0.0,-0.4530114105179152
913,3,0.0,0.0,0.0,0.0,-0.0732284748019319
913,4,0.0,0.0,0.0,0.0,0.0
914,0,0.0,-0.054960598305768014,0.0,0.0,-17.84978467346279
914,1,0.0,0.0,-0.0007754532239328234,0.0,-1.960600621456146
914,2,0.0,0.0,0.0,0.0,-0.4530114105179152
914,3,0.0,0.0,0.0,0.0,-0.0732284748019319
914,4,0.0,0.0,0.0,0.0,0.0
915,0,0.0,-0.054960598305768014,0.0,0.0,-17.856178184940276
915,1,0.0,0.0,-0.0007754532239328234,0.0,-1.960600621456146
915,2,0.0,0.0,0.0,0.0,-0.4530114105179152
915,3,0.0,0.0,0.0,0.0,-0.0732284748019319
915,4,0.0,0.0,0.0,0.0,0.0
916,0,0.0,-0.054960598305768014,0.0,0.0,-17.857475331158344
916,1,0.0,0.0,-0.0007754532239328234,0.0,-1.960600621456146
916,2,0.0,0.0,0.0,0.0,-0.4530114105179152
916,3,0.0,0.0,0.0,0.0,-0.0732284748019319
916,4,0.0,0.0,0.0,0.0,0.0
917,0,0.0,-0.054960598305768014,0.0,0.0,-17.862133767475566
917,1,0.0,0.0,-0.0007754532239328234,0.0,-1.960600621456146
917,2,0.0,0.0,0.0,0.0,-0.4530114105179152
917,3,0.0,0.0,0.0,0.0,-0.0732284748019319
917,4,0.0,0.0,0.0,0.0,0.0
918,0,0.0,-0.054960598305768014,0.0,0.0,-17.86085997207117
918,1,0.0,0.0,-0.0007754532239328234,0.0,-1.960600621456146
918,2,0.0,0.0,0.0,0.0,-0.4530114105179152
918,3,0.0,0.0,0.0,0.0,-0.0732284748019319
918,4,0.0,0.0,0.0,0.0,0.0
919,0,0.0,-0.054960598305768014,0.0,0.0,-17.8756740148797
919,1,0.0,0.0,-0.0007754532239328234,0.0,-1.960600621456146
919,2,0.0,0.0,0.0,0.0,-0.4530114105179152
919,3,0.0,0.0,0.0,0.0,-0.0732284748019319
919,4,0.0,0.0,0.0,0.0,0.0
920,0,0.0,-0.054960598305768014,0.0,0.0,-17.88798325604521
920,1,0.0,0.0,-0.0007754532239328234,0.0,-1.960600621456146
920,2,0.0,0.0,0.0,0.0,-0.4530114105179152
920,3,0.0,0.0,0.0,0.0,-0.0732284748019319
920,4,0.0,0.0,0.0,0.0,0.0
921,0,0.0,-0.054960598305768014,0.0,0.0,-17.897452186080148
921,1,0.0,0.0,-0.0007754532239328234,0.0,-1.960600621456146
921,2,0.0,0.0,0.0,0.0,-0.4530114105179152
921,3,0.0,0.0,0.0,0.0,-0.0732284748019319
921,4,0.0,0.0,0.0,0.0,0.0
922,0,0.0,-0.054960598305768014,0.0,0.0,-17.912736706876643
922,1,0.0,0.0,-0.0007754532239328234,0.0,-1.960600621456146
922,2,0.0,0.0,0.0,0.0,-0.4530114105179152
922,3,0.0,0.0,0.0,0.0,-0.0732284748019319
922,4,0.0,0.0,0.0,0.0,0.0
923,0,0.0,-0.054960598305768014,0.0,0.0,-17.911960756286206
923,1,0.0,0.0,-0.0007754532239328234,0.0,-1.960600621456146
923,2,0.0,0.0,0.0,0.0,-0.4530114105179152
923,3,0.0,0.0,0.0,0.0,-0.0732284748019319
923,4,0.0,0.0,0.0,0.0,0.0
924,0,0.0,-0.054960598305768014,0.0,0.0,-17.91271066401498
924,1,0.0,0.0,-0.0007754532239328234,0.0,-1.960600621456146
924,2,0.0,0.0,0.0,0.0,-0.4530114105179152
924,3,0.0,0.0,0.0,0.0,-0.0732284748019319
924,4,0.0,0.0,0.0,0.0,0.0
925,0,0.0,-0.054960598305768014,0.0,0.0,-17.929583865860934
925,1,0.0,0.0,-0.0007754532239328234,0.0,-1.960600621456146
925,2,0.0,0.0,0.0,0.0,-0.4530114105179152
925,3,0.0,0.0,0.0,0.0,-0.0732284748019319
925,4,0.0,0.0,0.0,0.0,0.0
926,0,0.0,-0.054960598305768014,0.0,0.0,-17.94184906892505
926,1,0.0,0.0,-0.0007754532239328234,0.0,-1.960600621456146
926,2,0.0,0.0,0.0,0.0,-0.4530114105179152
926,3,0.0,0.0,0.0,0.0,-0.0732284748019319
926,4,0.0,0.0,0.0,0.0,0.0
927,0,0.0,-0.054960598305768014,0.0,0.0,-17.940146526220843
927,1,0.0,0.0,-0.0007754532239328234,0.0,-1.960600621456146
927,2,0.0,0.0,0.0,0.0,-0.4530114105179152
927,3,0.0,0.0,0.0,0.0,-0.0732284748019319
927,4,0.0,0.0,0.0,0.0,0.0
928,0,0.0,-0.054960598305768014,0.0,0.0,-17.942119647106775
928,1,0.0,0.0,-0.0007754532239328234,0.0,-1.960600621456146
928,2,0.0,0.0,0.0,0.0,-0.4530114105179152
928,3,0.0,0.0,0.0,0.0,-0.0732284748019319
928,4,0.0,0.0,0.0,0.0,0.0
929,0,0.0,-0.054960598305768014,0.0,0.0,-17.945529423079023
929,1,0.0,0.0,-0.0007754532239328234,0.0,-1.960600621456146
929,2,0.0,0.0,0.0,0.0,-0.4530114105179152
929,3,0.0,0.0,0.0,0.0,-0.0732284748019319
929,4,0.0,0.0,0.0,0.0,0.0
930,0,0.0,-0.054960598305768014,0.0,0.0,-17.951627107304148
930,1,0.0,0.0,-0.0007754532239328234,0.0,-1.960600621456146
930,2,0.0,0.0,0.0,0.0,-0.4530114105179152
930,3,0.0,0.0,0.0,0.0,-0.0732284748019319
930,4,0.0,0.0,0.0,0.0,0.0
931,0,0.0,-0.054960598305768014,0.0,0.0,-17.952312922255484
931,1,0.0,0.0,-0.0007754532239328234,0.0,-1.960600621456146
931,2,0.0,0.0,0.0,0.0,-0.4530114105179152
931,3,0.0,0.0,0.0,0.0,-0.0732284748019319
931,4,0.0,0.0,0.0,0.0,0.0
932,0,0.0,-0.054960598305768014,0.0,0.0,-17.94734429040118
932,1,0.0,0.0,-0.0007754532239328234,0.0,-1.960600621456146
932,2,0.0,0.0,0.0,0.0,-0.4530114105179152
932,3,0.0,0.0,0.0,0.0,-0.0732284748019319
932,4,0.0,0.0,0.0,0.0,0.0
933,0,0.0,-0.054960598305768014,0.0,0.0,-17.944342047250615
933,1,0.0,0.0,-0.0007754532239328234,0.0,-1.960600621456146
933,2,0.0,0.0,0.0,0.0,-0.4530114105179152
933,3,0.0,0.0,0.0,0.0,-0.0732284748019319
933,4,0.0,0.0,0.0,0.0,0.0
934,0,0.0,-0.054960598305768014,0.0,0.0,-17.946266261990477
934,1,0.0,0.0,-0.0007754532239328234,0.0,-1.960600621456146
934,2,0.0,0.0,0.0,0.0,-0.4530114105179152
934,3,0.0,0.0,0.0,0.0,-0.0732284748019319
934,4,0.0,0.0,0.0,0.0,0.0
935,0,0.0,-0.054960598305768014,0.0,0.0,-17.94723673941006
935,1,0.0,0.0,-0.0007754532239328234,0.0,-1.960600621456146
935,2,0.0,0.0,0.0,0.0,-0.4530114105179152
935,3,0.0,0.0,0.0,0.0,-0.0732284748019319
935,4,0.0,0.0,0.0,0.0,0.0
936,0,0.0,-0.054960598305768014,0.0,0.0,-17.946384594815513
936,1,0.0,0.0,-0.0007754532239328234,0.0,-1.960600621456146
936,2,0.0,0.0,0.0,0.0,-0.4530114105179152
936,3,0.0,0.0,0.0,0.0,-0.0732284748019319
936,4,0.0,0.0,0.0,0.0,0.0
937,0,0.0,-0.054960598305768014,0.0,0.0,-17.954166844838188
937,1,0.0,0.0,-0.0007754532239328234,0.0,-1.960600621456146
937,2,0.0,0.0,0.0,0.0,-0.4530114105179152
937,3,0.0,0.0,0.0,0.0,-0.0732284748019319
937,4,0.0,0.0,0.0,0.0,0.0
938,0,0.0,-0.054960598305768014,0.0,0.0,-17.956693780830282
938,1,0.0,0.0,-0.0007754532239328234,0.0,-1.960600621456146
938,2,0.0,0.0,0.0,0.0,-0.4530114105179152
938,3,0.0,0.0,0.0,0.0,-0.0732284748019319
938,4,0.0,0.0,0.0,0.0,0.0
939,0,0.0,-0.054960598305768014,0.0,0.0,-17.956470598859443
939,1,0.0,0.0,-0.0007754532239328234,0.0,-1.960600621456146
939,2,0.0,0.0,0.0,0.0,-0.4530114105179152
939,3,0.0,0.0,0.0,0.0,-0.0732284748019319
939,4,0.0,0.0,0.0,0.0,0.0
940,0,0.0,-0.054960598305768014,0.0,0.0,-17.95759881926973
940,1,0.0,0.0,-0.0007754532239328234,0.0,-1.960600621456146
940,2,0.0,0.0,0.0,0.0,-0.4530114105179152
940,3,0.0,0.0,0.0,0.0,-0.0732284748019319
940,4,0.0,0.0,0.0,0.0,0.0
941,0,0.0,-0.054960598305768014,0.0,0.0,-17.969943844408114
941,1,0.0,0.0,-0.0007754532239328234,0.0,-1.960600621456146
941,2,0.0,0.0,0.0,0.0,-0.4530114105179152
941,3,0.0,0.0,0.0,0.0,-0.0732284748019319
941,4,0.0,0.0,0.0,0.0,0.0
942,0,0.0,-0.054960598305768014,0.0,0.0,-17.968910295154284
942,1,0.0,0.0,-0.0007754532239328234,0.0,-1.960600621456146
942,2,0.0,0.0,0.0,0.0,-0.4530114105179152
942,3,0.0,0.0,0.0,0.0,-0.0732284748019319
942,4,0.0,0.0,0.0,0.0,0.0
943,0,0.0,-0.054960598305768014,0.0,0.0,-17.981390925988524
943,1,0.0,0.0,-0.0007754532239328234,0.0,-1.960600621456146
943,2,0.0,0.0,0.0,0.0,-0.4530114105179152
943,3,0.0,0.0,0.0,0.0,-0.0732284748019319
943,4,0.0,0.0,0.0,0.0,0.0
944,0,0.0,-0.054960598305768014,0.0,0.0,-18.004804957837937
944,1,0.0,0.0,-0.0007754532239328234,0.0,-1.960600621456146
944,2,0.0,0.0,0.0,0.0,-0.4530114105179152
944,3,0.0,0.0,0.0,0.0,-0.0732284748019319
944,4,0.0,0.0,0.0,0.0,0.0
945,0,0.0,-0.054960598305768014,0.0,0.0,-18.00518443491195
945,1,0.0,0.0,-0.0007754532239328234,0.0,-1.960600621456146
945,2,0.0,0.0,0.0,0.0,-0.4530114105179152
945,3,0.0,0.0,0.0,0.0,-0.0732284748019319
945,4,0.0,0.0,0.0,0.0,0.0
946,0,0.0,-0.054960598305768014,0.0,0.0,-18.008656272019408
946,1,0.0,0.0,-0.0007754532239328234,0.0,-1.960600621456146
946,2,0.0,0.0,0.0,0.0,-0.4530114105179152
946,3,0.0,0.0,0.0,0.0,-0.0732284748019319
946,4,0.0,0.0,0.0,0.0,0.0
947,0,0.0,-0.054960598305768014,0.0,0.0,-18.01004023276732
947,1,0.0,0.0,-0.0007754532239328234,0.0,-1.960600621456146
947,2,0.0,0.0,0.0,0.0,-0.4530114105179152
947,3,0.0,0.0,0.0,0.0,-0.0732284748019319
947,4,0.0,0.0,0.0,0.0,0.0
948,0,0.0,-0.054960598305768014,0.0,0.0,-18.021062385429452
948,1,0.0,0.0,-0.0007754532239328234,0.0,-1.960600621456146
948,2,0.0,0.0,0.0,0.0,-0.4530114105179152
948,3,0.0,0.0,0.0,0.0,-0.0732284748019319
948,4,0.0,0.0,0.0,0.0,0.0
949,0,0.0,-0.054960598305768014,0.0,0.0,-18.027438975248145
949,1,0.0,0.0,-0.0007754532239328234,0.0,-1.960600621456146
949,2,0.0,0.0,0.0,0.0,-0.4530114105179152
949,3,0.0,0.0,0.0,0.0,-0.0732284748019319
949,4,0.0,0.0,0.0,0.0,0.0
950,0,0.0,-0.054960598305768014,0.0,0.0,-18.03356783841753
950,1,0.0,0.0,-0.0007754532239328234,0.0,-1.960600621456146
950,2,0.0,0.0,0.0,0.0,-0.4530114105179152
950,3,0.0,0.0,0.0,0.0,-0.0732284748019319
950,4,0.0,0.0,0.0,0.0,0.0
951,0,0.0,-0.054960598305768014,0.0,0.0,-18.04054306072373
951,1,0.0,0.0,-0.0007754532239328234,0.0,-1.960600621456146
951,2,0.0,0.0,0.0,0.0,-0.4530114105179152
951,3,0.0,0.0,0.0,0.0,-0.0732284748019319
951,4,0.0,0.0,0.0,0.0,0.0
952,0,0.0,-0.054960598305768014,0.0,0.0,-18.0408625835499
952,1,0.0,0.0,-0.0007754532239328234,0.0,-1.960600621456146
952,2,0.0,0.0,0.0,0.0,-0.4530114105179152
952,3,0.0,0.0,0.0,0.0,-0.0732284748019319
952,4,0.0,0.0,0.0,0.0,0.0
953,0,0.0,-0.054960598305768014,0.0,0.0,-18.03814370067328
953,1,0.0,0.0,-0.0007754532239328234,0.0,-1.960600621456146
953,2,0.0,0.0,0.0,0.0,-0.4530114105179152
953,3,0.0,0.0,0.0,0.0,-0.0732284748019319
953,4,0.0,0.0,0.0,0.0,0.0
954,0,0.0,-0.054960598305768014,0.0,0.0,-18.063818717227765
954,1,0.0,0.0,-0.0007754532239328234,0.0,-1.960600621456146
954,2,0.0,0.0,0.0,0.0,-0.4530114105179152
954,3,0.0,0.0,0.0,0.0,-0.0732284748019319
954,4,0.0,0.0,0.0,0.0,0.0
955,0,0.0,-0.054960598305768014,0.0,0.0,-18.064371731162915
955,1,0.0,0.0,-0.0007754532239328234,0.0,-1.960600621456146
955,2,0.0,0.0,0.0,0.0,-0.4530114105179152
955,3,0.0,0.0,0.0,0.0,-0.0732284748019319
955,4,0.0,0.0,0.0,0.0,0.0
956,0,0.0,-0.054960598305768014,0.0,0.0,-18.064492243556767
956,1,0.0,0.0,-0.0007754532239328234,0.0,-1.960600621456146
956,2,0.0,0.0,0.0,0.0,-0.4530114105179152
956,3,0.0,0.0,0.0,0.0,-0.0732284748019319
956,4,0.0,0.0,0.0,0.0,0.0
957,0,0.0,-0.054960598305768014,0.0,0.0,-18.067034755511393
957,1,0.0,0.0,-0.0007754532239328234,0.0,-1.960600621456146
957,2,0.0,0.0,0.0,0.0,-0.4530114105179152
957,3,0.0,0.0,0.0,0.0,-0.0732284748019319
957,4,0.0,0.0,0.0,0.0,0.0
958,0,0.0,-0.054960598305768014,0.0,0.0,-18.088144188395688
958,1,0.0,0.0,-0.0007754532239328234,0.0,-1.960600621456146
958,2,0.0,0.0,0.0,0.0,-0.4530114105179152
958,3,0.0,0.0,0.0,0.0,-0.0732284748019319
958,4,0.0,0.0,0.0,0.0,0.0
959,0,0.0,-0.054960598305768014,0.0,0.0,-18.09306527282682
959,1,0.0,0.0,-0.0007754532239328234,0.0,-1.960600621456146
959,2,0.0,0.0,0.0,0.0,-0.4530114105179152
959,3,0.0,0.0,0.0,0.0,-0.0732284748019319
959,4,0.0,0.0,0.0,0.0,0.0
960,0,0.0,-0.054960598305768014,0.0,0.0,-18.103690885188357
960,1,0.0,0.0,-0.0007754532239328234,0.0,-1.960600621456146
960,2,0.0,0.0,0.0,0.0,-0.4530114105179152
960,3,0.0,0.0,0.0,0.0,-0.0732284748019319
960,4,0.0,0.0,0.0,0.0,0.0
961,0,0.0,-0.054960598305768014,0.0,0.0,-18.10515184658245
961,1,0.0,0.0,-0.0007754532239328234,0.0,-1.960600621456146
961,2,0.0,0.0,0.0,0.0,-0.4530114105179152
961,3,0.0,0.0,0.0,0.0,-0.0732284748019319
961,4,0.0,0.0,0.0,0.0,0.0
962,0,0.0,-0.054960598305768014,0.0,0.0,-18.10971464094683
962,1,0.0,0.0,-0.0007754532239328234,0.0,-1.960600621456146
962,2,0.0,0.0,0.0,0.0,-0.4530114105179152
962,3,0.0,0.0,0.0,0.0,-0.0732284748019319
962,4,0.0,0.0,0.0,0.0,0.0
963,0,0.0,-0.054960598305768014,0.0,0.0,-18.10859891062431
963,1,0.0,0.0,-0.0007754532239328234,0.0,-1.960600621456146
963,2,0.0,0.0,0.0,0.0,-0.4530114105179152
963,3,0.0,0.0,0.0,0.0,-0.0732284748019319
963,4,0.0,0.0,0.0,0.0,0.0
964,0,0.0,-0.054960598305768014,0.0,0.0,-18.113911974445546
964,1,0.0,0.0,-0.0007754532239328234,0.0,-1.960600621456146
964,2,0.0,0.0,0.0,0.0,-0.4530114105179152
964,3,0.0,0.0,0.0,0.0,-0.0732284748019319
964,4,0.0,0.0,0.0,0.0,0.0
965,0,0.0,-0.054960598305768014,0.0,0.0,-18.12094976075568
965,1,0.0,0.0,-0.0007754532239328234,0.0,-1.960600621456146
965,2,0.0,0.0,0.0,0.0,-0.4530114105179152
965,3,0.0,0.0,0.0,0.0,-0.0732284748019319
965,4,0.0,0.0,0.0,0.0,0.0
966,0,0.0,-0.054960598305768014,0.0,0.0,-18.131308449713362
966,1,0.0,0.0,-0.0007754532239328234,0.0,-1.960600621456146
966,2,0.0,0.0,0.0,0.0,-0.4530114105179152
966,3,0.0,0.0,0.0,0.0,-0.0732284748019319
966,4,0.0,0.0,0.0,0.0,0.0
967,0,0.0,-0.054960598305768014,0.0,0.0,-18.139869748568486
967,1,0.0,0.0,-0.0007754532239328234,0.0,-1.960600621456146
967,2,0.0,0.0,0.0,0.0,-0.4530114105179152
967,3,0.0,0.0,0.0,0.0,-0.0732284748019319
967,4,0.0,0.0,0.0,0.0,0.0
968,0,0.0,-0.054960598305768014,0.0,0.0,-18.142314844316427
968,1,0.0,0.0,-0.0007754532239328234,0.0,-1.960600621456146
968,2,0.0,0.0,0.0,0.0,-0.4530114105179152
968,3,0.0,0.0,0.0,0.0,-0.0732284748019319
968,4,0.0,0.0,0.0,0.0,0.0
969,0,0.0,-0.054960598305768014,0.0,0.0,-18.147980218884506
969,1,0.0,0.0,-0.0007754532239328234,0.0,-1.960600621456146
969,2,0.0,0.0,0.0,0.0,-0.4530114105179152
969,3,0.0,0.0,0.0,0.0,-0.0732284748019319
969,4,0.0,0.0,0.0,0.0,0.0
970,0,0.0,-0.054960598305768014,0.0,0.0,-18.151642654510315
970,1,0.0,0.0,-0.0007754532239328234,0.0,-1.960600621456146
970,2,0.0,0.0,0.0,0.0,-0.4530114105179152
970,3,0.0,0.0,0.0,0.0,-0.0732284748019319
970,4,0.0,0.0,0.0,0.0,0.0
971,0,0.0,-0.054960598305768014,0.0,0.0,-18.161287102359186
971,1,0.0,0.0,-0.0007754532239328234,0.0,-1.960600621456146
971,2,0.0,0.0,0.0,0.0,-0.4530114105179152
971,3,0.0,0.0,0.0,0.0,-0.0732284748019319
971,4,0.0,0.0,0.0,0.0,0.0
972,0,0.0,-0.054960598305768014,0.0,0.0,-18.165521574836145
972,1,0.0,0.0,-0.0007754532239328234,0.0,-1.960600621456146
972,2,0.0,0.0,0.0,0.0,-0.4530114105179152
972,3,0.0,0.0,0.0,0.0,-0.0732284748019319
972,4,0.0,0.0,0.0,0.0,0.0
973,0,0.0,-0.054960598305768014,0.0,0.0,-18.172124693630685
973,1,0.0,0.0,-0.0007754532239328234,0.0,-1.960600621456146
973,2,0.0,0.0,0.0,0.0,-0.4530114105179152
973,3,0.0,0.0,0.0,0.0,-0.0732284748019319
973,4,0.0,0.0,0.0,0.0,0.0
974,0,0.0,-0.054960598305768014,0.0,0.0,-18.178129563277302
974,1,0.0,0.0,-0.0007754532239328234,0.0,-1.960600621456146
974,2,0.0,0.0,0.0,0.0,-0.4530114105179152
974,3,0.0,0.0,0.0,0.0,-0.0732284748019319
974,4,0.0,0.0,0.0,0.0,0.0
975,0,0.0,-0.054960598305768014,0.0,0.0,-18.18070769699934
975,1,0.0,0.0,-0.0007754532239328234,0.0,-1.960600621456146
975,2,0.0,0.0,0.0,0.0,-0.4530114105179152
975,3,0.0,0.0,0.0,0.0,-0.0732284748019319
975,4,0.0,0.0,0.0,0.0,0.0
976,0,0.0,-0.054960598305768014,0.0,0.0,-18.196523033437803
976,1,0.0,0.0,-0.0007754532239328234,0.0,-1.960600621456146
976,2,0.0,0.0,0.0,0.0,-0.4530114105179152
976,3,0.0,0.0,0.0,0.0,-0.0732284748019319
976,4,0.0,0.0,0.0,0.0,0.0
977,0,0.0,-0.054960598305768014,0.0,0.0,-18.2000775850697
977,1,0.0,0.0,-0.0007754532239328234,0.0,-1.960600621456146
977,2,0.0,0.0,0.0,0.0,-0.4530114105179152
977,3,0.0,0.0,0.0,0.0,-0.0732284748019319
977,4,0.0,0.0,0.0,0.0,0.0
978,0,0.0,-0.054960598305768014,0.0,0.0,-18.206418786441223
978,1,0.0,0.0,-0.0007754532239328234,0.0,-1.960600621456146
978,2,0.0,0.0,0.0,0.0,-0.4530114105179152
978,3,0.0,0.0,0.0,0.0,-0.0732284748019319
978,4,0.0,0.0,0.0,0.0,0.0
979,0,0.0,-0.054960598305768014,0.0,0.0,-18.218425297179056
979,1,0.0,0.0,-0.0007754532239328234,0.0,-1.960600621456146
979,2,0.0,0.0,0.0,0.0,-0.4530114105179152
979,3,0.0,0.0,0.0,0.0,-0.0732284748019319
979,4,0.0,0.0,0.0,0.0,0.0
980,0,0.0,-0.054960598305768014,0.0,0.0,-18.231827043772295
980,1,0.0,0.0,-0.0007754532239328234,0.0,-1.960600621456146
980,2,0.0,0.0,0.0,0.0,-0.4530114105179152
980,3,0.0,0.0,0.0,0.0,-0.0732284748019319
980,4,0.0,0.0,0.0,0.0,0.0
981,0,0.0,-0.054960598305768014,0.0,0.0,-18.2292354799717
981,1,0.0,0.0,-0.0007754532239328234,0.0,-1.960600621456146
981,2,0.0,0.0,0.0,0.0,-0.4530114105179152
981,3,0.0,0.0,0.0,0.0,-0.0732284748019319
981,4,0.0,0.0,0.0,0.0,0.0
982,0,0.0,-0.054960598305768014,0.0,0.0,-18.23273334805146
982,1,0.0,0.0,-0.0007754532239328234,0.0,-1.960600621456146
982,2,0.0,0.0,0.0,0.0,-0.4530114105179152
982,3,0.0,0.0,0.0,0.0,-0.0732284748019319
982,4,0.0,0.0,0.0,0.0,0.0
983,0,0.0,-0.054960598305768014,0.0,0.0,-18.260254958341857
983,1,0.0,0.0,-0.0007754532239328234,0.0,-1.960600621456146
983,2,0.0,0.0,0.0,0.0,-0.4530114105179152
983,3,0.0,0.0,0.0,0.0,-0.0732284748019319
983,4,0.0,0.0,0.0,0.0,0.0
984,0,0.0,-0.054960598305768014,0.0,0.0,-18.263289657670715
984,1,0.0,0.0,-0.0007754532239328234,0.0,-1.960600621456146
984,2,0.0,0.0,0.0,0.0,-0.4530114105179152
984,3,0.0,0.0,0.0,0.0,-0.0732284748019319
984,4,0.0,0.0,0.0,0.0,0.0
985,0,0.0,-0.054960598305768014,0.0,0.0,-18.27043521167085
985,1,0.0,0.0,-0.0007754532239328234,0.0,-1.960600621456146
985,2,0.0,0.0,0.0,0.0,-0.4530114105179152
985,3,0.0,0.0,0.0,0.0,-0.0732284748019319
985,4,0.0,0.0,0.0,0.0,0.0
986,0,0.0,-0.054960598305768014,0.0,0.0,-18.27500529301023
986,1,0.0,0.0,-0.0007754532239328234,0.0,-1.960600621456146
986,2,0.0,0.0,0.0,0.0,-0.4530114105179152
986,3,0.0,0.0,0.0,0.0,-0.0732284748019319
986,4,0.0,0.0,0.0,0.0,0.0
987,0,0.0,-0.054960598305768014,0.0,0.0,-18.288691264061594
987,1,0.0,0.0,-0.0007754532239328234,0.0,-1.960600621456146
987,2,0.0,0.0,0.0,0.0,-0.4530114105179152
987,3,0.0,0.0,0.0,0.0,-0.0732284748019319
987,4,0.0,0.0,0.0,0.0,0.0
988,0,0.0,-0.054960598305768014,0.0,0.0,-18.305320170780874
988,1,0.0,0.0,-0.0007754532239328234,0.0,-1.960600621456146
988,2,0.0,0.0,0.0,0.0,-0.4530114105179152
988,3,0.0,0.0,0.0,0.0,-0.0732284748019319
988,4,0.0,0.0,0.0,0.0,0.0
989,0,0.0,-0.054960598305768014,0.0,0.0,-18.305237167405274
989,1,0.0,0.0,-0.0007754532239328234,0.0,-1.960600621456146
989,2,0.0,0.0,0.0,0.0,-0.4530114105179152
989,3,0.0,0.0,0.0,0.0,-0.0732284748019319
989,4,0.0,0.0,0.0,0.0,0.0
990,0,0.0,-0.054960598305768014,0.0,0.0,-18.312426896862426
990,1,0.0,0.0,-0.0007754532239328234,0.0,-1.960600621456146
990,2,0.0,0.0,0.0,0.0,-0.4530114105179152
990,3,0.0,0.0,0.0,0.0,-0.0732284748019319
990,4,0.0,0.0,0.0,0.0,0.0
991,0,0.0,-0.054960598305768014,0.0,0.0,-18.300247242968904
991,1,0.0,0.0,-0.0007754532239328234,0.0,-1.960600621456146
991,2,0.0,0.0,0.0,0.0,-0.4530114105179152
991,3,0.0,0.0,0.0,0.0,-0.0732284748019319
991,4,0.0,0.0,0.0,0.0,0.0
992,0,0.0,-0.054960598305768014,0.0,0.0,-18.301680206217906
992,1,0.0,0.0,-0.0007754532239328234,0.0,-1.960600621456146
992,2,0.0,0.0,0.0,0.0,-0.4530114105179152
992,3,0.0,0.0,0.0,0.0,-0.0732284748019319
992,4,0.0,0.0,0.0,0.0,0.0
993,0,0.0,-0.054960598305768014,0.0,0.0,-18.303143551887405
993,1,0.0,0.0,-0.0007754532239328234,0.0,-1.960600621456146
993,2,0.0,0.0,0.0,0.0,-0.4530114105179152
993,3,0.0,0.0,0.0,0.0,-0.0732284748019319
993,4,0.0,0.0,0.0,0.0,0.0
994,0,0.0,-0.054960598305768014,0.0,0.0,-18.299631485107124
994,1,0.0,0.0,-0.0007754532239328234,0.0,-1.960600621456146
994,2,0.0,0.0,0.0,0.0,-0.4530114105179152
994,3,0.0,0.0,0.0,0.0,-0.0732284748019319
994,4,0.0,0.0,0.0,0.0,0.0
995,0,0.0,-0.054960598305768014,0.0,0.0,-18.320423207956637
995,1,0.0,0.0,-0.0007754532239328234,0.0,-1.960600621456146
995,2,0.0,0.0,0.0,0.0,-0.4530114105179152
995,3,0.0,0.0,0.0,0.0,-0.0732284748019319
995,4,0.0,0.0,0.0,0.0,0.0
996,0,0.0,-0.054960598305768014,0.0,0.0,-18.324615651806226
996,1,0.0,0.0,-0.0007754532239328234,0.0,-1.960600621456146
996,2,0.0,0.0,0.0,0.0,-0.4530114105179152
996,3,0.0,0.0,0.0,0.0,-0.0732284748019319
996,4,0.0,0.0,0.0,0.0,0.0
997,0,0.0,-0.054960598305768014,0.0,0.0,-18.328886734274256
997,1,0.0,0.0,-0.0007754532239328234,0.0,-1.960600621456146
997,2,0.0,0.0,0.0,0.0,-0.4530114105179152
997,3,0.0,0.0,0.0,0.0,-0.0732284748019319
997,4,0.0,0.0,0.0,0.0,0.0
998,0,0.0,-0.054960598305768014,0.0,0.0,-18.333587436108353
998,1,0.0,0.0,-0.0007754532239328234,0.0,-1.960600621456146
998,2,0.0,0.0,0.0,0.0,-0.4530114105179152
998,3,0.0,0.0,0.0,0.0,-0.0732284748019319
998,4,0.0,0.0,0.0,0.0,0.0
999,0,0.0,-0.054960598305768014,0.0,0.0,-18.33594466315791
999,1,0.0,0.0,-0.0007754532239328234,0.0,-1.960600621456146
999,2,0.0,0.0,0.0,0.0,-0.4530114105179152
999,3,0.0,0.0,0.0,0.0,-0.0732284748019319
999,4,0.0,0.0,0.0,0.0,0.0
1000,0,0.0,-0.054960598305768014,0.0,0.0,-18.323224009830387
1000,1,0.0,0.0,-0.0007754532239328234,0.0,-1.960600621456146
1000,2,0.0,0.0,0.0,0.0,-0.4530114105179152
1000,3,0.0,0.0,0.0,0.0,-0.0732284748019319
1000,4,0.0,0.0,0.0,0.0,0.0
