1,0,0.0,0.0,0.0,0.0,0.0
1,1,0.0,0.0,0.0,0.0,-0.015181841151335543
1,2,0.0,0.0,0.0,0.0,0.0
1,3,0.0,0.0,0.0,0.0,0.0
1,4,0.0,0.0,0.0,0.0,0.0
2,0,0.0,-3.841102448807895e-07,0.0,0.0,0.0
2,1,0.0,0.0,0.0,0.0,-0.05761118406939272
2,2,0.0,0.0,0.0,0.0,0.0
2,3,0.0,0.0,0.0,0.0,0.0
2,4,0.0,0.0,0.0,0.0,0.0
3,0,0.0,-5.914038221359939e-06,0.0,0.0,0.0
3,1,0.0,0.0,0.0,0.0,-0.08596732187875411
3,2,0.0,0.0,0.0,0.0,0.0
3,3,0.0,0.0,0.0,0.0,0.0
3,4,0.0,0.0,0.0,0.0,0.0
4,0,0.0,-1.8219785454259355e-05,0.0,0.0,0.0
4,1,0.0,0.0,0.0,0.0,-0.11286819248273874
4,2,0.0,0.0,0.0,0.0,0.0
4,3,0.0,0.0,0.0,0.0,0.0
4,4,0.0,0.0,0.0,0.0,0.0
5,0,0.0,-3.941814011063459e-05,0.0,0.0,0.0
5,1,0.0,0.0,0.0,0.0,-0.1418835725965687
5,2,0.0,0.0,0.0,0.0,0.0
5,3,0.0,0.0,0.0,0.0,0.0
5,4,0.0,0.0,0.0,0.0,0.0
6,0,0.0,-7.289460724826895e-05,0.0,0.0,0.0
6,1,0.0,0.0,0.0,0.0,-0.17667355559753914
6,2,0.0,0.0,0.0,0.0,0.0
6,3,0.0,0.0,0.0,0.0,0.0
6,4,0.0,0.0,0.0,0.0,0.0
7,0,0.0,-0.0001247684773459222,0.0,0.0,0.0
7,1,0.0,0.0,0.0,0.0,-0.20656566302544938
7,2,0.0,0.0,0.0,0.0,0.0
7,3,0.0,0.0,0.0,0.0,0.0
7,4,0.0,0.0,0.0,0.0,0.0
8,0,0.0,-0.00019562346595815083,0.0,0.0,0.0
8,1,0.0,0.0,0.0,0.0,-0.2288459419469853
8,2,0.0,0.0,0.0,0.0,0.0
8,3,0.0,0.0,0.0,0.0,0.0
8,4,0.0,0.0,0.0,0.0,0.0
9,0,0.0,-0.0002824993370131588,0.0,0.0,0.0
9,1,0.0,0.0,0.0,0.0,-0.2450495932596999
9,2,0.0,0.0,0.0,0.0,0.0
9,3,0.0,0.0,0.0,0.0,0.0
9,4,0.0,0.0,0.0,0.0,0.0
10,0,0.0,-0.0003819964077249156,0.0,0.0,0.0
10,1,0.0,0.0,0.0,0.0,-0.2827732373662153
10,2,0.0,0.0,0.0,0.0,0.0
10,3,0.0,0.0,0.0,0.0,0.0
10,4,0.0,0.0,0.0,0.0,0.0
11,0,0.0,-0.0005143993190196306,0.0,0.0,0.0
11,1,0.0,0.0,0.0,0.0,-0.31051488354646917
11,2,0.0,0.0,0.0,0.0,0.0
11,3,0.0,0.0,0.0,0.0,0.0
11,4,0.0,0.0,0.0,0.0,0.0
12,0,0.0,-0.0006738912627120356,0.0,0.0,0.0
12,1,0.0,0.0,0.0,0.0,-0.3392867631072232
12,2,0.0,0.0,0.0,0.0,0.0
12,3,0.0,0.0,0.0,0.0,0.0
12,4,0.0,0.0,0.0,0.0,0.0
13,0,0.0,-0.0008641070772063747,0.0,0.0,0.0
13,1,0.0,0.0,0.0,0.0,-0.37226155218211987
13,2,0.0,0.0,0.0,0.0,0.0
13,3,0.0,0.0,0.0,0.0,0.0
13,4,0.0,0.0,0.0,0.0,0.0
14,0,0.0,-0.0010928602177388482,0.0,0.0,0.0
14,1,0.0,0.0,0.0,0.0,-0.3902270795107705
14,2,0.0,0.0,0.0,0.0,0.0
14,3,0.0,0.0,0.0,0.0,0.0
14,4,0.0,0.0,0.0,0.0,0.0
15,0,0.0,-0.0013438442361629137,0.0,0.0,0.0
15,1,0.0,0.0,0.0,0.0,-0.4277553861417788
15,2,0.0,0.0,0.0,0.0,0.0
15,3,0.0,0.0,0.0,0.0,0.0
15,4,0.0,0.0,0.0,0.0,0.0
16,0,0.0,-0.0016451364252007858,0.0,0.0,0.0
16,1,0.0,0.0,0.0,0.0,-0.4603524515946551
16,2,0.0,0.0,0.0,0.0,0.0
16,3,0.0,0.0,0.0,0.0,0.0
16,4,0.0,0.0,0.0,0.0,0.0
17,0,0.0,-0.0019936715508062602,0.0,0.0,0.0
17,1,0.0,0.0,0.0,0.0,-0.4926406061481549
17,2,0.0,0.0,0.0,0.0,0.0
17,3,0.0,0.0,0.0,0.0,0.0
17,4,0.0,0.0,0.0,0.0,0.0
18,0,0.0,-0.002392286985326277,0.0,0.0,0.0
18,1,0.0,0.0,0.0,0.0,-0.5208556120992628
18,2,0.0,0.0,0.0,0.0,0.0
18,3,0.0,0.0,0.0,0.0,0.0
18,4,0.0,0.0,0.0,0.0,0.0
19,0,0.0,-0.0028371870305147957,0.0,0.0,0.0
19,1,0.0,0.0,0.0,0.0,-0.551612448090402
19,2,0.0,0.0,0.0,0.0,0.0
19,3,0.0,0.0,0.0,0.0,0.0
19,4,0.0,0.0,0.0,0.0,0.0
20,0,0.0,-0.003335211965317316,0.0,0.0,0.0
20,1,0.0,0.0,0.0,0.0,-0.5878629466063958
20,2,0.0,0.0,0.0,0.0,0.0
20,3,0.0,0.0,0.0,0.0,0.0
20,4,0.0,0.0,0.0,0.0,0.0
21,0,0.0,-0.0038989680290125893,0.0,0.0,0.0
21,1,0.0,0.0,0.0,0.0,-0.6190758492692193
21,2,0.0,0.0,0.0,0.0,0.0
21,3,0.0,0.0,0.0,0.0,0.0
21,4,0.0,0.0,0.0,0.0,0.0
22,0,0.0,-0.004521184637565546,0.0,0.0,0.0
22,1,0.0,0.0,0.0,0.0,-0.650704342308467
22,2,0.0,0.0,0.0,0.0,0.0
22,3,0.0,0.0,0.0,0.0,0.0
22,4,0.0,0.0,0.0,0.0,0.0
23,0,0.0,-0.005204273920849125,0.0,0.0,0.0
23,1,0.0,0.0,0.0,0.0,-0.6797968522241621
23,2,0.0,0.0,0.0,0.0,0.0
23,3,0.0,0.0,0.0,0.0,0.0
23,4,0.0,0.0,0.0,0.0,0.0
24,0,0.0,-0.005944413550516157,0.0,0.0,0.0
24,1,0.0,0.0,0.0,0.0,-0.7155797679056343
24,2,0.0,0.0,0.0,0.0,0.0
24,3,0.0,0.0,0.0,0.0,0.0
24,4,0.0,0.0,0.0,0.0,0.0
25,0,0.0,-0.006756533583489569,0.0,0.0,0.0
25,1,0.0,0.0,0.0,0.0,-0.7638218983435765
25,2,0.0,0.0,0.0,0.0,0.0
25,3,0.0,0.0,0.0,0.0,0.0
25,4,0.0,0.0,0.0,0.0,0.0
26,0,0.0,-0.007668495796299993,0.0,0.0,0.0
26,1,0.0,0.0,0.0,0.0,-0.8026023111407968
26,2,0.0,0.0,0.0,0.0,0.0
26,3,0.0,0.0,0.0,0.0,0.0
26,4,0.0,0.0,0.0,0.0,0.0
27,0,0.0,-0.00866162398226264,0.0,0.0,0.0
27,1,0.0,0.0,0.0,0.0,-0.8262784525906701
27,2,0.0,0.0,0.0,0.0,0.0
27,3,0.0,0.0,0.0,0.0,0.0
27,4,0.0,0.0,0.0,0.0,0.0
28,0,0.0,-0.009703714530962077,0.0,0.0,0.0
28,1,0.0,0.0,0.0,0.0,-0.8566199813389567
28,2,0.0,0.0,0.0,0.0,0.0
28,3,0.0,0.0,0.0,0.0,0.0
28,4,0.0,0.0,0.0,0.0,0.0
29,0,0.0,-0.01080977365427819,0.0,0.0,0.0
29,1,0.0,0.0,0.0,0.0,-0.875497404192
29,2,0.0,0.0,0.0,0.0,0.0
29,3,0.0,0.0,0.0,0.0,0.0
29,4,0.0,0.0,0.0,0.0,0.0
30,0,0.0,-0.011954678626131704,0.0,0.0,0.0
30,1,0.0,0.0,0.0,0.0,-0.8963612222592807
30,2,0.0,0.0,0.0,0.0,0.0
30,3,0.0,0.0,0.0,0.0,0.0
30,4,0.0,0.0,0.0,0.0,0.0
31,0,0.0,-0.0131429761561379,0.0,0.0,0.0
31,1,0.0,0.0,0.0,0.0,-0.9156556293494348
31,2,0.0,0.0,0.0,0.0,0.0
31,3,0.0,0.0,0.0,0.0,0.0
31,4,0.0,0.0,0.0,0.0,0.0
32,0,0.0,-0.014371260892351172,0.0,0.0,0.0
32,1,0.0,0.0,0.0,0.0,-0.9503114935873371
32,2,0.0,0.0,0.0,0.0,0.0
32,3,0.0,0.0,0.0,0.0,0.0
32,4,0.0,0.0,0.0,0.0,0.0
33,0,0.0,-0.01567435239331062,0.0,0.0,0.0
33,1,0.0,0.0,0.0,0.0,-0.9773267575823873
33,2,0.0,0.0,0.0,0.0,0.0
33,3,0.0,0.0,0.0,0.0,0.0
33,4,0.0,0.0,0.0,0.0,0.0
34,0,0.0,-0.01703519848172984,0.0,0.0,0.0
34,1,0.0,0.0,0.0,0.0,-1.0101534318080616
34,2,0.0,0.0,0.0,0.0,0.0
34,3,0.0,0.0,0.0,0.0,0.0
34,4,0.0,0.0,0.0,0.0,0.0
35,0,0.0,-0.018467260279690895,0.0,0.0,0.0
35,1,0.0,0.0,0.0,0.0,-1.0523691408547526
35,2,0.0,0.0,0.0,0.0,0.0
35,3,0.0,0.0,0.0,0.0,0.0
35,4,0.0,0.0,0.0,0.0,0.0
36,0,0.0,-0.019992407601893015,0.0,0.0,0.0
36,1,0.0,0.0,0.0,0.0,-1.0788993571577188
36,2,0.0,0.0,0.0,0.0,0.0
36,3,0.0,0.0,0.0,0.0,0.0
36,4,0.0,0.0,0.0,0.0,0.0
37,0,0.0,-0.021574628901250156,0.0,0.0,0.0
37,1,0.0,0.0,0.0,0.0,-1.107491859824859
37,2,0.0,0.0,0.0,0.0,0.0
37,3,0.0,0.0,0.0,0.0,0.0
37,4,0.0,0.0,0.0,0.0,0.0
38,0,0.0,-0.023218777099302246,0.0,0.0,0.0
38,1,0.0,0.0,0.0,0.0,-1.1428622141695453
38,2,0.0,0.0,0.0,0.0,0.0
38,3,0.0,0.0,0.0,0.0,0.0
38,4,0.0,0.0,0.0,0.0,0.0
39,0,0.0,-0.02494073251744706,0.0,0.0,0.0
39,1,0.0,0.0,0.0,0.0,-1.1713543512319577
39,2,0.0,0.0,0.0,0.0,0.0
39,3,0.0,0.0,0.0,0.0,0.0
39,4,0.0,0.0,0.0,0.0,0.0
40,0,0.0,-0.026724489225031532,0.0,0.0,0.0
40,1,0.0,0.0,0.0,0.0,-1.188937538982511
40,2,0.0,0.0,0.0,0.0,0.0
40,3,0.0,0.0,0.0,0.0,0.0
40,4,0.0,0.0,0.0,0.0,0.0
41,0,0.0,-0.02854445314889213,0.0,0.0,0.0
41,1,0.0,0.0,0.0,0.0,-1.2215504932694654
41,2,0.0,0.0,0.0,0.0,0.0
41,3,0.0,0.0,0.0,0.0,0.0
41,4,0.0,0.0,0.0,0.0,0.0
42,0,0.0,-0.030435941142532376,0.0,0.0,0.0
42,1,0.0,0.0,0.0,0.0,-1.2615340656299514
42,2,0.0,0.0,0.0,0.0,0.0
42,3,0.0,0.0,0.0,0.0,0.0
42,4,0.0,0.0,0.0,0.0,0.0
43,0,0.0,-0.03241638207555085,0.0,0.0,0.0
43,1,0.0,0.0,0.0,0.0,-1.30412954800289
43,2,0.0,0.0,0.0,0.0,0.0
43,3,0.0,0.0,0.0,0.0,0.0
43,4,0.0,0.0,0.0,0.0,0.0
44,0,0.0,-0.03449202665901156,0.0,0.0,0.0
44,1,0.0,0.0,0.0,0.0,-1.3301048037792964
44,2,0.0,0.0,0.0,0.0,0.0
44,3,0.0,0.0,0.0,0.0,0.0
44,4,0.0,0.0,0.0,0.0,0.0
45,0,0.0,-0.03449202665901156,0.0,0.0,-0.011921640128635466
45,1,0.0,0.0,0.0,0.0,-1.3301048037792964
45,2,0.0,0.0,0.0,0.0,0.0
45,3,0.0,0.0,0.0,0.0,0.0
45,4,0.0,0.0,0.0,0.0,0.0
46,0,0.0,-0.036623422288376346,0.0,0.0,-0.011921640128635466
46,1,0.0,0.0,0.0,0.0,-1.3707410492117305
46,2,0.0,0.0,0.0,0.0,0.0
46,3,0.0,0.0,0.0,0.0,0.0
46,4,0.0,0.0,0.0,0.0,0.0
47,0,0.0,-0.038845415064792735,0.0,0.0,-0.011921640128635466
47,1,0.0,0.0,0.0,0.0,-1.4053733495851908
47,2,0.0,0.0,0.0,0.0,0.0
47,3,0.0,0.0,0.0,0.0,0.0
47,4,0.0,0.0,0.0,0.0,0.0
48,0,0.0,-0.04114365711542805,0.0,0.0,-0.011921640128635466
48,1,0.0,0.0,0.0,0.0,-1.428501594557569
48,2,0.0,0.0,0.0,0.0,0.0
48,3,0.0,0.0,0.0,0.0,0.0
48,4,0.0,0.0,0.0,0.0,0.0
49,0,0.0,-0.04349058765882943,0.0,0.0,-0.011921640128635466
49,1,0.0,0.0,0.0,0.0,-1.4674866795119101
49,2,0.0,0.0,0.0,0.0,0.0
49,3,0.0,0.0,0.0,0.0,0.0
49,4,0.0,0.0,0.0,0.0,0.0
50,0,0.0,-0.045924089603365394,0.0,0.0,-0.011921640128635466
50,1,0.0,0.0,0.0,0.0,-1.4906748281744886
50,2,0.0,0.0,0.0,0.0,0.0
50,3,0.0,0.0,0.0,0.0,0.0
50,4,0.0,0.0,0.0,0.0,0.0
51,0,0.0,-0.045924089603365394,0.0,0.0,-0.06194441506763564
51,1,0.0,0.0,0.0,0.0,-1.4906748281744886
51,2,0.0,0.0,0.0,0.0,0.0
51,3,0.0,0.0,0.0,0.0,0.0
51,4,0.0,0.0,0.0,0.0,0.0
52,0,0.0,-0.045924089603365394,0.0,0.0,-0.08145081024070801
52,1,0.0,0.0,0.0,0.0,-1.4906748281744886
52,2,0.0,0.0,0.0,0.0,0.0
52,3,0.0,0.0,0.0,0.0,0.0
52,4,0.0,0.0,0.0,0.0,0.0
53,0,0.0,-0.045924089603365394,0.0,0.0,-0.09899486797996916
53,1,0.0,0.0,0.0,0.0,-1.4906748281744886
53,2,0.0,0.0,0.0,0.0,0.0
53,3,0.0,0.0,0.0,0.0,0.0
53,4,0.0,0.0,0.0,0.0,0.0
54,0,0.0,-0.045924089603365394,0.0,0.0,-0.12306594226860346
54,1,0.0,0.0,0.0,0.0,-1.4906748281744886
54,2,0.0,0.0,0.0,0.0,0.0
54,3,0.0,0.0,0.0,0.0,0.0
54,4,0.0,0.0,0.0,0.0,0.0
55,0,0.0,-0.045924089603365394,0.0,0.0,-0.16372177717085362
55,1,0.0,0.0,0.0,0.0,-1.4906748281744886
55,2,0.0,0.0,0.0,0.0,0.0
55,3,0.0,0.0,0.0,0.0,0.0
55,4,0.0,0.0,0.0,0.0,0.0
56,0,0.0,-0.048406201288811644,0.0,0.0,-0.16372177717085362
56,1,0.0,0.0,0.0,0.0,-1.5153585859484138
56,2,0.0,0.0,0.0,0.0,0.0
56,3,0.0,0.0,0.0,0.0,0.0
56,4,0.0,0.0,0.0,0.0,0.0
57,0,0.0,-0.048406201288811644,0.0,0.0,-0.20244431262118037
57,1,0.0,0.0,0.0,0.0,-1.5153585859484138
57,2,0.0,0.0,0.0,0.0,0.0
57,3,0.0,0.0,0.0,0.0,0.0
57,4,0.0,0.0,0.0,0.0,0.0
58,0,0.0,-0.048406201288811644,0.0,0.0,-0.22590557060124866
58,1,0.0,0.0,0.0,0.0,-1.5153585859484138
58,2,0.0,0.0,0.0,0.0,0.0
58,3,0.0,0.0,0.0,0.0,0.0
58,4,0.0,0.0,0.0,0.0,0.0
59,0,0.0,-0.048406201288811644,0.0,0.0,-0.24708454098368168
59,1,0.0,0.0,0.0,0.0,-1.5153585859484138
59,2,0.0,0.0,0.0,0.0,0.0
59,3,0.0,0.0,0.0,0.0,0.0
59,4,0.0,0.0,0.0,0.0,0.0
60,0,0.0,-0.048406201288811644,0.0,0.0,-0.2770265705949389
60,1,0.0,0.0,0.0,0.0,-1.5153585859484138
60,2,0.0,0.0,0.0,0.0,0.0
60,3,0.0,0.0,0.0,0.0,0.0
60,4,0.0,0.0,0.0,0.0,0.0
61,0,0.0,-0.048406201288811644,0.0,0.0,-0.32037758889487905
61,1,0.0,0.0,0.0,0.0,-1.5153585859484138
61,2,0.0,0.0,0.0,0.0,0.0
61,3,0.0,0.0,0.0,0.0,0.0
61,4,0.0,0.0,0.0,0.0,0.0
62,0,0.0,-0.048406201288811644,0.0,0.0,-0.3558900503622212
62,1,0.0,0.0,0.0,0.0,-1.5153585859484138
62,2,0.0,0.0,0.0,0.0,0.0
62,3,0.0,0.0,0.0,0.0,0.0
62,4,0.0,0.0,0.0,0.0,0.0
63,0,0.0,-0.048406201288811644,0.0,0.0,-0.38653727064220317
63,1,0.0,0.0,0.0,0.0,-1.5153585859484138
63,2,0.0,0.0,0.0,0.0,0.0
63,3,0.0,0.0,0.0,0.0,0.0
63,4,0.0,0.0,0.0,0.0,0.0
64,0,0.0,-0.048406201288811644,0.0,0.0,-0.4204587884535047
64,1,0.0,0.0,0.0,0.0,-1.5153585859484138
64,2,0.0,0.0,0.0,0.0,0.0
64,3,0.0,0.0,0.0,0.0,0.0
64,4,0.0,0.0,0.0,0.0,0.0
65,0,0.0,-0.048406201288811644,0.0,0.0,-0.4545552816501822
65,1,0.0,0.0,0.0,0.0,-1.5153585859484138
65,2,0.0,0.0,0.0,0.0,0.0
65,3,0.0,0.0,0.0,0.0,0.0
65,4,0.0,0.0,0.0,0.0,0.0
66,0,0.0,-0.048406201288811644,0.0,0.0,-0.4703752002532891
66,1,0.0,0.0,0.0,0.0,-1.5153585859484138
66,2,0.0,0.0,0.0,0.0,0.0
66,3,0.0,0.0,0.0,0.0,0.0
66,4,0.0,0.0,0.0,0.0,0.0
67,0,0.0,-0.048406201288811644,0.0,0.0,-0.4852403380566559
67,1,0.0,0.0,0.0,0.0,-1.5153585859484138
67,2,0.0,0.0,0.0,0.0,0.0
67,3,0.0,0.0,0.0,0.0,0.0
67,4,0.0,0.0,0.0,0.0,0.0
68,0,0.0,-0.048406201288811644,0.0,0.0,-0.5250058163582957
68,1,0.0,0.0,0.0,0.0,-1.5153585859484138
68,2,0.0,0.0,0.0,0.0,0.0
68,3,0.0,0.0,0.0,0.0,0.0
68,4,0.0,0.0,0.0,0.0,0.0
69,0,0.0,-0.05094042771683744,0.0,0.0,-0.5250058163582957
69,1,0.0,0.0,0.0,0.0,-1.5274337702576657
69,2,0.0,0.0,0.0,0.0,0.0
69,3,0.0,0.0,0.0,0.0,0.0
69,4,0.0,0.0,0.0,0.0,0.0
70,0,0.0,-0.05094042771683744,0.0,0.0,-0.547662787443091
70,1,0.0,0.0,0.0,0.0,-1.5274337702576657
70,2,0.0,0.0,0.0,0.0,0.0
70,3,0.0,0.0,0.0,0.0,0.0
70,4,0.0,0.0,0.0,0.0,0.0
71,0,0.0,-0.05094042771683744,0.0,0.0,-0.5809423383763944
71,1,0.0,0.0,0.0,0.0,-1.5274337702576657
71,2,0.0,0.0,0.0,0.0,0.0
71,3,0.0,0.0,0.0,0.0,0.0
71,4,0.0,0.0,0.0,0.0,0.0
72,0,0.0,-0.05094042771683744,0.0,0.0,-0.613791424088765
72,1,0.0,0.0,0.0,0.0,-1.5274337702576657
72,2,0.0,0.0,0.0,0.0,0.0
72,3,0.0,0.0,0.0,0.0,0.0
72,4,0.0,0.0,0.0,0.0,0.0
73,0,0.0,-0.05094042771683744,0.0,0.0,-0.6581652643562824
73,1,0.0,0.0,0.0,0.0,-1.5274337702576657
73,2,0.0,0.0,0.0,0.0,0.0
73,3,0.0,0.0,0.0,0.0,0.0
73,4,0.0,0.0,0.0,0.0,0.0
74,0,0.0,-0.05094042771683744,0.0,0.0,-0.7050367781719404
74,1,0.0,0.0,0.0,0.0,-1.5274337702576657
74,2,0.0,0.0,0.0,0.0,0.0
74,3,0.0,0.0,0.0,0.0,0.0
74,4,0.0,0.0,0.0,0.0,0.0
75,0,0.0,-0.05094042771683744,0.0,0.0,-0.740146529832239
75,1,0.0,0.0,0.0,0.0,-1.5274337702576657
75,2,0.0,0.0,0.0,0.0,0.0
75,3,0.0,0.0,0.0,0.0,0.0
75,4,0.0,0.0,0.0,0.0,0.0
76,0,0.0,-0.05094042771683744,0.0,0.0,-0.7601070732245896
76,1,0.0,0.0,0.0,0.0,-1.5274337702576657
76,2,0.0,0.0,0.0,0.0,0.0
76,3,0.0,0.0,0.0,0.0,0.0
76,4,0.0,0.0,0.0,0.0,0.0
77,0,0.0,-0.05094042771683744,0.0,0.0,-0.7927866134819358
77,1,0.0,0.0,0.0,0.0,-1.5274337702576657
77,2,0.0,0.0,0.0,0.0,0.0
77,3,0.0,0.0,0.0,0.0,0.0
77,4,0.0,0.0,0.0,0.0,0.0
78,0,0.0,-0.05094042771683744,0.0,0.0,-0.8064421966503529
78,1,0.0,0.0,0.0,0.0,-1.5274337702576657
78,2,0.0,0.0,0.0,0.0,0.0
78,3,0.0,0.0,0.0,0.0,0.0
78,4,0.0,0.0,0.0,0.0,0.0
79,0,0.0,-0.05094042771683744,0.0,0.0,-0.8422415412773548
79,1,0.0,0.0,0.0,0.0,-1.5274337702576657
79,2,0.0,0.0,0.0,0.0,0.0
79,3,0.0,0.0,0.0,0.0,0.0
79,4,0.0,0.0,0.0,0.0,0.0
80,0,0.0,-0.05094042771683744,0.0,0.0,-0.87430582272935
80,1,0.0,0.0,0.0,0.0,-1.5274337702576657
80,2,0.0,0.0,0.0,0.0,0.0
80,3,0.0,0.0,0.0,0.0,0.0
80,4,0.0,0.0,0.0,0.0,0.0
81,0,0.0,-0.05094042771683744,0.0,0.0,-0.9183797449357617
81,1,0.0,0.0,0.0,0.0,-1.5274337702576657
81,2,0.0,0.0,0.0,0.0,0.0
81,3,0.0,0.0,0.0,0.0,0.0
81,4,0.0,0.0,0.0,0.0,0.0
82,0,0.0,-0.05094042771683744,0.0,0.0,-0.9553582403436924
82,1,0.0,0.0,0.0,0.0,-1.5274337702576657
82,2,0.0,0.0,0.0,0.0,0.0
82,3,0.0,0.0,0.0,0.0,0.0
82,4,0.0,0.0,0.0,0.0,0.0
83,0,0.0,-0.05094042771683744,0.0,0.0,-0.9704508320395783
83,1,0.0,0.0,0.0,0.0,-1.5274337702576657
83,2,0.0,0.0,0.0,0.0,0.0
83,3,0.0,0.0,0.0,0.0,0.0
83,4,0.0,0.0,0.0,0.0,0.0
84,0,0.0,-0.05094042771683744,0.0,0.0,-1.010021734933285
84,1,0.0,0.0,0.0,0.0,-1.5274337702576657
84,2,0.0,0.0,0.0,0.0,0.0
84,3,0.0,0.0,0.0,0.0,0.0
84,4,0.0,0.0,0.0,0.0,0.0
85,0,0.0,-0.05094042771683744,0.0,0.0,-1.0449966618115476
85,1,0.0,0.0,0.0,0.0,-1.5274337702576657
85,2,0.0,0.0,0.0,0.0,0.0
85,3,0.0,0.0,0.0,0.0,0.0
85,4,0.0,0.0,0.0,0.0,0.0
86,0,0.0,-0.05094042771683744,0.0,0.0,-1.0739575602186227
86,1,0.0,0.0,0.0,0.0,-1.5274337702576657
86,2,0.0,0.0,0.0,0.0,0.0
86,3,0.0,0.0,0.0,0.0,0.0
86,4,0.0,0.0,0.0,0.0,0.0
87,0,0.0,-0.05094042771683744,0.0,0.0,-1.1003515237177277
87,1,0.0,0.0,0.0,0.0,-1.5274337702576657
87,2,0.0,0.0,0.0,0.0,0.0
87,3,0.0,0.0,0.0,0.0,0.0
87,4,0.0,0.0,0.0,0.0,0.0
88,0,0.0,-0.05094042771683744,0.0,0.0,-1.1308447013119451
88,1,0.0,0.0,0.0,0.0,-1.5274337702576657
88,2,0.0,0.0,0.0,0.0,0.0
88,3,0.0,0.0,0.0,0.0,0.0
88,4,0.0,0.0,0.0,0.0,0.0
89,0,0.0,-0.05094042771683744,0.0,0.0,-1.147996519173815
89,1,0.0,0.0,0.0,0.0,-1.5274337702576657
89,2,0.0,0.0,0.0,0.0,0.0
89,3,0.0,0.0,0.0,0.0,0.0
89,4,0.0,0.0,0.0,0.0,0.0
90,0,0.0,-0.05094042771683744,0.0,0.0,-1.1899655571145729
90,1,0.0,0.0,0.0,0.0,-1.5274337702576657
90,2,0.0,0.0,0.0,0.0,0.0
90,3,0.0,0.0,0.0,0.0,0.0
90,4,0.0,0.0,0.0,0.0,0.0
91,0,0.0,-0.05094042771683744,0.0,0.0,-1.2116511850285847
91,1,0.0,0.0,0.0,0.0,-1.5274337702576657
91,2,0.0,0.0,0.0,0.0,0.0
91,3,0.0,0.0,0.0,0.0,0.0
91,4,0.0,0.0,0.0,0.0,0.0
92,0,0.0,-0.05094042771683744,0.0,0.0,-1.2270628962732046
92,1,0.0,0.0,0.0,0.0,-1.5274337702576657
92,2,0.0,0.0,0.0,0.0,0.0
92,3,0.0,0.0,0.0,0.0,0.0
92,4,0.0,0.0,0.0,0.0,0.0
93,0,0.0,-0.05094042771683744,0.0,0.0,-1.248483732102603
93,1,0.0,0.0,0.0,0.0,-1.5274337702576657
93,2,0.0,0.0,0.0,0.0,0.0
93,3,0.0,0.0,0.0,0.0,0.0
93,4,0.0,0.0,0.0,0.0,0.0
94,0,0.0,-0.05349639105729248,0.0,0.0,-1.248483732102603
94,1,0.0,0.0,0.0,0.0,-1.5610707944253717
94,2,0.0,0.0,0.0,0.0,0.0
94,3,0.0,0.0,0.0,0.0,0.0
94,4,0.0,0.0,0.0,0.0,0.0
95,0,0.0,-0.05349639105729248,0.0,0.0,-1.277948260646766
95,1,0.0,0.0,0.0,0.0,-1.5610707944253717
95,2,0.0,0.0,0.0,0.0,0.0
95,3,0.0,0.0,0.0,0.0,0.0
95,4,0.0,0.0,0.0,0.0,0.0
96,0,0.0,-0.05349639105729248,0.0,0.0,-1.3033083847092264
96,1,0.0,0.0,0.0,0.0,-1.5610707944253717
96,2,0.0,0.0,0.0,0.0,0.0
96,3,0.0,0.0,0.0,0.0,0.0
96,4,0.0,0.0,0.0,0.0,0.0
97,0,0.0,-0.05349639105729248,0.0,0.0,-1.3291366734594907
97,1,0.0,0.0,0.0,0.0,-1.5610707944253717
97,2,0.0,0.0,0.0,0.0,0.0
97,3,0.0,0.0,0.0,0.0,0.0
97,4,0.0,0.0,0.0,0.0,0.0
98,0,0.0,-0.05349639105729248,0.0,0.0,-1.350610297019437
98,1,0.0,0.0,0.0,0.0,-1.5610707944253717
98,2,0.0,0.0,0.0,0.0,0.0
98,3,0.0,0.0,0.0,0.0,0.0
98,4,0.0,0.0,0.0,0.0,0.0
99,0,0.0,-0.05349639105729248,0.0,0.0,-1.3639858775273532
99,1,0.0,0.0,0.0,0.0,-1.5610707944253717
99,2,0.0,0.0,0.0,0.0,0.0
99,3,0.0,0.0,0.0,0.0,0.0
99,4,0.0,0.0,0.0,0.0,0.0
100,0,0.0,-0.05349639105729248,0.0,0.0,-1.3848135178537453
100,1,0.0,0.0,0.0,0.0,-1.5610707944253717
100,2,0.0,0.0,0.0,0.0,0.0
100,3,0.0,0.0,0.0,0.0,0.0
100,4,0.0,0.0,0.0,0.0,0.0
101,0,0.0,-0.05349639105729248,0.0,0.0,-1.4147936214934052
101,1,0.0,0.0,0.0,0.0,-1.5610707944253717
101,2,0.0,0.0,0.0,0.0,0.0
101,3,0.0,0.0,0.0,0.0,0.0
101,4,0.0,0.0,0.0,0.0,0.0
102,0,0.0,-0.05349639105729248,0.0,0.0,-1.4522608248770366
102,1,0.0,0.0,0.0,0.0,-1.5610707944253717
102,2,0.0,0.0,0.0,0.0,0.0
102,3,0.0,0.0,0.0,0.0,0.0
102,4,0.0,0.0,0.0,0.0,0.0
103,0,0.0,-0.05349639105729248,0.0,0.0,-1.4742726908717136
103,1,0.0,0.0,0.0,0.0,-1.5610707944253717
103,2,0.0,0.0,0.0,0.0,0.0
103,3,0.0,0.0,0.0,0.0,0.0
103,4,0.0,0.0,0.0,0.0,0.0
104,0,0.0,-0.05349639105729248,0.0,0.0,-1.4983171708271261
104,1,0.0,0.0,0.0,0.0,-1.5610707944253717
104,2,0.0,0.0,0.0,0.0,0.0
104,3,0.0,0.0,0.0,0.0,0.0
104,4,0.0,0.0,0.0,0.0,0.0
105,0,0.0,-0.05349639105729248,0.0,0.0,-1.5111646656720505
105,1,0.0,0.0,0.0,0.0,-1.5610707944253717
105,2,0.0,0.0,0.0,0.0,0.0
105,3,0.0,0.0,0.0,0.0,0.0
105,4,0.0,0.0,0.0,0.0,0.0
106,0,0.0,-0.05349639105729248,0.0,0.0,-1.5499340837918487
106,1,0.0,0.0,0.0,0.0,-1.5610707944253717
106,2,0.0,0.0,0.0,0.0,0.0
106,3,0.0,0.0,0.0,0.0,0.0
106,4,0.0,0.0,0.0,0.0,0.0
107,0,0.0,-0.05349639105729248,0.0,0.0,-1.5671896889770733
107,1,0.0,0.0,0.0,0.0,-1.5610707944253717
107,2,0.0,0.0,0.0,0.0,0.0
107,3,0.0,0.0,0.0,0.0,0.0
107,4,0.0,0.0,0.0,0.0,0.0
108,0,0.0,-0.05349639105729248,0.0,0.0,-1.5879695384003703
108,1,0.0,0.0,0.0,0.0,-1.5610707944253717
108,2,0.0,0.0,0.0,0.0,0.0
108,3,0.0,0.0,0.0,0.0,0.0
108,4,0.0,0.0,0.0,0.0,0.0
109,0,0.0,-0.05349639105729248,0.0,0.0,-1.6256201359310212
109,1,0.0,0.0,0.0,0.0,-1.5610707944253717
109,2,0.0,0.0,0.0,0.0,0.0
109,3,0.0,0.0,0.0,0.0,0.0
109,4,0.0,0.0,0.0,0.0,0.0
110,0,0.0,-0.05349639105729248,0.0,0.0,-1.6281676863804244
110,1,0.0,0.0,0.0,0.0,-1.5610707944253717
110,2,0.0,0.0,0.0,0.0,0.0
110,3,0.0,0.0,0.0,0.0,0.0
110,4,0.0,0.0,0.0,0.0,0.0
111,0,0.0,-0.05349639105729248,0.0,0.0,-1.6422152103216758
111,1,0.0,0.0,0.0,0.0,-1.5610707944253717
111,2,0.0,0.0,0.0,0.0,0.0
111,3,0.0,0.0,0.0,0.0,0.0
111,4,0.0,0.0,0.0,0.0,0.0
112,0,0.0,-0.05612586624585935,0.0,0.0,-1.6422152103216758
112,1,0.0,0.0,0.0,0.0,-1.606594331199729
112,2,0.0,0.0,0.0,0.0,0.0
112,3,0.0,0.0,0.0,0.0,0.0
112,4,0.0,0.0,0.0,0.0,0.0
113,0,0.0,-0.05612586624585935,0.0,0.0,-1.6743582527074345
113,1,0.0,0.0,0.0,0.0,-1.606594331199729
113,2,0.0,0.0,0.0,0.0,0.0
113,3,0.0,0.0,0.0,0.0,0.0
113,4,0.0,0.0,0.0,0.0,0.0
114,0,0.0,-0.05612586624585935,0.0,0.0,-1.7023866528362033
114,1,0.0,0.0,0.0,0.0,-1.606594331199729
114,2,0.0,0.0,0.0,0.0,0.0
114,3,0.0,0.0,0.0,0.0,0.0
114,4,0.0,0.0,0.0,0.0,0.0
115,0,0.0,-0.05612586624585935,0.0,0.0,-1.7263684415284808
115,1,0.0,0.0,0.0,0.0,-1.606594331199729
115,2,0.0,0.0,0.0,0.0,0.0
115,3,0.0,0.0,0.0,0.0,0.0
115,4,0.0,0.0,0.0,0.0,0.0
116,0,0.0,-0.05612586624585935,0.0,0.0,-1.7483493963397365
116,1,0.0,0.0,0.0,0.0,-1.606594331199729
116,2,0.0,0.0,0.0,0.0,0.0
116,3,0.0,0.0,0.0,0.0,0.0
116,4,0.0,0.0,0.0,0.0,0.0
117,0,0.0,-0.05612586624585935,0.0,0.0,-1.7788974239089113
117,1,0.0,0.0,0.0,0.0,-1.606594331199729
117,2,0.0,0.0,0.0,0.0,0.0
117,3,0.0,0.0,0.0,0.0,0.0
117,4,0.0,0.0,0.0,0.0,0.0
118,0,0.0,-0.05612586624585935,0.0,0.0,-1.7870591484175058
118,1,0.0,0.0,0.0,0.0,-1.606594331199729
118,2,0.0,0.0,0.0,0.0,0.0
118,3,0.0,0.0,0.0,0.0,0.0
118,4,0.0,0.0,0.0,0.0,0.0
119,0,0.0,-0.05612586624585935,0.0,0.0,-1.8184581391744035
119,1,0.0,0.0,0.0,0.0,-1.606594331199729
119,2,0.0,0.0,0.0,0.0,0.0
119,3,0.0,0.0,0.0,0.0,0.0
119,4,0.0,0.0,0.0,0.0,0.0
120,0,0.0,-0.05612586624585935,0.0,0.0,-1.8420675457342117
120,1,0.0,0.0,0.0,0.0,-1.606594331199729
120,2,0.0,0.0,0.0,0.0,0.0
120,3,0.0,0.0,0.0,0.0,0.0
120,4,0.0,0.0,0.0,0.0,0.0
121,0,0.0,-0.05612586624585935,0.0,0.0,-1.8632846229532827
121,1,0.0,0.0,0.0,0.0,-1.606594331199729
121,2,0.0,0.0,0.0,0.0,0.0
121,3,0.0,0.0,0.0,0.0,0.0
121,4,0.0,0.0,0.0,0.0,0.0
122,0,0.0,-0.05612586624585935,0.0,0.0,-1.9068526623426894
122,1,0.0,0.0,0.0,0.0,-1.606594331199729
122,2,0.0,0.0,0.0,0.0,0.0
122,3,0.0,0.0,0.0,0.0,0.0
122,4,0.0,0.0,0.0,0.0,0.0
123,0,0.0,-0.05612586624585935,0.0,0.0,-1.9467525745893783
123,1,0.0,0.0,0.0,0.0,-1.606594331199729
123,2,0.0,0.0,0.0,0.0,0.0
123,3,0.0,0.0,0.0,0.0,0.0
123,4,0.0,0.0,0.0,0.0,0.0
124,0,0.0,-0.05612586624585935,0.0,0.0,-1.9770864132873964
124,1,0.0,0.0,0.0,0.0,-1.606594331199729
124,2,0.0,0.0,0.0,0.0,0.0
124,3,0.0,0.0,0.0,0.0,0.0
124,4,0.0,0.0,0.0,0.0,0.0
125,0,0.0,-0.05612586624585935,0.0,0.0,-1.9877674504570315
125,1,0.0,0.0,0.0,0.0,-1.606594331199729
125,2,0.0,0.0,0.0,0.0,0.0
125,3,0.0,0.0,0.0,0.0,0.0
125,4,0.0,0.0,0.0,0.0,0.0
126,0,0.0,-0.05612586624585935,0.0,0.0,-2.013600804477597
126,1,0.0,0.0,0.0,0.0,-1.606594331199729
126,2,0.0,0.0,0.0,0.0,0.0
126,3,0.0,0.0,0.0,0.0,0.0
126,4,0.0,0.0,0.0,0.0,0.0
127,0,0.0,-0.05612586624585935,0.0,0.0,-2.040913855569555
127,1,0.0,0.0,0.0,0.0,-1.606594331199729
127,2,0.0,0.0,0.0,0.0,0.0
127,3,0.0,0.0,0.0,0.0,0.0
127,4,0.0,0.0,0.0,0.0,0.0
128,0,0.0,-0.05612586624585935,0.0,0.0,-2.0707051505298395
128,1,0.0,0.0,0.0,0.0,-1.606594331199729
128,2,0.0,0.0,0.0,0.0,0.0
128,3,0.0,0.0,0.0,0.0,0.0
128,4,0.0,0.0,0.0,0.0,0.0
129,0,0.0,-0.05612586624585935,0.0,0.0,-2.1062970953720357
129,1,0.0,0.0,0.0,0.0,-1.606594331199729
129,2,0.0,0.0,0.0,0.0,0.0
129,3,0.0,0.0,0.0,0.0,0.0
129,4,0.0,0.0,0.0,0.0,0.0
130,0,0.0,-0.05612586624585935,0.0,0.0,-2.1371369082722076
130,1,0.0,0.0,0.0,0.0,-1.606594331199729
130,2,0.0,0.0,0.0,0.0,0.0
130,3,0.0,0.0,0.0,0.0,0.0
130,4,0.0,0.0,0.0,0.0,0.0
131,0,0.0,-0.05612586624585935,0.0,0.0,-2.1734319050329716
131,1,0.0,0.0,0.0,0.0,-1.606594331199729
131,2,0.0,0.0,0.0,0.0,0.0
131,3,0.0,0.0,0.0,0.0,0.0
131,4,0.0,0.0,0.0,0.0,0.0
132,0,0.0,-0.05612586624585935,0.0,0.0,-2.1871752175461032
132,1,0.0,0.0,0.0,0.0,-1.606594331199729
132,2,0.0,0.0,0.0,0.0,0.0
132,3,0.0,0.0,0.0,0.0,0.0
132,4,0.0,0.0,0.0,0.0,0.0
133,0,0.0,-0.05612586624585935,0.0,0.0,-2.230728299240994
133,1,0.0,0.0,0.0,0.0,-1.606594331199729
133,2,0.0,0.0,0.0,0.0,0.0
133,3,0.0,0.0,0.0,0.0,0.0
133,4,0.0,0.0,0.0,0.0,0.0
134,0,0.0,-0.05612586624585935,0.0,0.0,-2.2696185500947097
134,1,0.0,0.0,0.0,0.0,-1.606594331199729
134,2,0.0,0.0,0.0,0.0,0.0
134,3,0.0,0.0,0.0,0.0,0.0
134,4,0.0,0.0,0.0,0.0,0.0
135,0,0.0,-0.05612586624585935,0.0,0.0,-2.3155603377378875
135,1,0.0,0.0,0.0,0.0,-1.606594331199729
135,2,0.0,0.0,0.0,0.0,0.0
135,3,0.0,0.0,0.0,0.0,0.0
135,4,0.0,0.0,0.0,0.0,0.0
136,0,0.0,-0.0588573801351904,0.0,0.0,-2.3155603377378875
136,1,0.0,0.0,0.0,0.0,-1.606594331199729
136,2,0.0,0.0,0.0,0.0,-0.045908646628374676
136,3,0.0,0.0,0.0,0.0,0.0
136,4,0.0,0.0,0.0,0.0,0.0
137,0,0.0,-0.0588573801351904,0.0,0.0,-2.3438776739655944
137,1,0.0,0.0,0.0,0.0,-1.606594331199729
137,2,0.0,0.0,0.0,0.0,-0.045908646628374676
137,3,0.0,0.0,0.0,0.0,0.0
137,4,0.0,0.0,0.0,0.0,0.0
138,0,0.0,-0.0588573801351904,0.0,0.0,-2.372423172536915
138,1,0.0,0.0,0.0,0.0,-1.606594331199729
138,2,0.0,0.0,0.0,0.0,-0.045908646628374676
138,3,0.0,0.0,0.0,0.0,0.0
138,4,0.0,0.0,0.0,0.0,0.0
139,0,0.0,-0.0588573801351904,0.0,0.0,-2.3939420072366495
139,1,0.0,0.0,0.0,0.0,-1.606594331199729
139,2,0.0,0.0,0.0,0.0,-0.045908646628374676
139,3,0.0,0.0,0.0,0.0,0.0
139,4,0.0,0.0,0.0,0.0,0.0
140,0,0.0,-0.0588573801351904,0.0,0.0,-2.408493291070525
140,1,0.0,0.0,0.0,0.0,-1.606594331199729
140,2,0.0,0.0,0.0,0.0,-0.045908646628374676
140,3,0.0,0.0,0.0,0.0,0.0
140,4,0.0,0.0,0.0,0.0,0.0
141,0,0.0,-0.0588573801351904,0.0,0.0,-2.418208199375018
141,1,0.0,0.0,0.0,0.0,-1.606594331199729
141,2,0.0,0.0,0.0,0.0,-0.045908646628374676
141,3,0.0,0.0,0.0,0.0,0.0
141,4,0.0,0.0,0.0,0.0,0.0
142,0,0.0,-0.0588573801351904,0.0,0.0,-2.447981879566847
142,1,0.0,0.0,0.0,0.0,-1.606594331199729
142,2,0.0,0.0,0.0,0.0,-0.045908646628374676
142,3,0.0,0.0,0.0,0.0,0.0
142,4,0.0,0.0,0.0,0.0,0.0
143,0,0.0,-0.0588573801351904,0.0,0.0,-2.464659798696228
143,1,0.0,0.0,0.0,0.0,-1.606594331199729
143,2,0.0,0.0,0.0,0.0,-0.045908646628374676
143,3,0.0,0.0,0.0,0.0,0.0
143,4,0.0,0.0,0.0,0.0,0.0
144,0,0.0,-0.0588573801351904,0.0,0.0,-2.4871898066505835
144,1,0.0,0.0,0.0,0.0,-1.606594331199729
144,2,0.0,0.0,0.0,0.0,-0.045908646628374676
144,3,0.0,0.0,0.0,0.0,0.0
144,4,0.0,0.0,0.0,0.0,0.0
145,0,0.0,-0.0588573801351904,0.0,0.0,-2.509049026121548
145,1,0.0,0.0,0.0,0.0,-1.606594331199729
145,2,0.0,0.0,0.0,0.0,-0.045908646628374676
145,3,0.0,0.0,0.0,0.0,0.0
145,4,0.0,0.0,0.0,0.0,0.0
146,0,0.0,-0.0588573801351904,0.0,0.0,-2.5401705953532665
146,1,0.0,0.0,0.0,0.0,-1.606594331199729
146,2,0.0,0.0,0.0,0.0,-0.045908646628374676
146,3,0.0,0.0,0.0,0.0,0.0
146,4,0.0,0.0,0.0,0.0,0.0
147,0,0.0,-0.0588573801351904,0.0,0.0,-2.574595050843437
147,1,0.0,0.0,0.0,0.0,-1.606594331199729
147,2,0.0,0.0,0.0,0.0,-0.045908646628374676
147,3,0.0,0.0,0.0,0.0,0.0
147,4,0.0,0.0,0.0,0.0,0.0
148,0,0.0,-0.0588573801351904,0.0,0.0,-2.59669341469415
148,1,0.0,0.0,0.0,0.0,-1.606594331199729
148,2,0.0,0.0,0.0,0.0,-0.045908646628374676
148,3,0.0,0.0,0.0,0.0,0.0
148,4,0.0,0.0,0.0,0.0,0.0
149,0,0.0,-0.0588573801351904,0.0,0.0,-2.6295659020440536
149,1,0.0,0.0,0.0,0.0,-1.606594331199729
149,2,0.0,0.0,0.0,0.0,-0.045908646628374676
149,3,0.0,0.0,0.0,0.0,0.0
149,4,0.0,0.0,0.0,0.0,0.0
150,0,0.0,-0.0588573801351904,0.0,0.0,-2.6546206718801213
150,1,0.0,0.0,0.0,0.0,-1.606594331199729
150,2,0.0,0.0,0.0,0.0,-0.045908646628374676
150,3,0.0,0.0,0.0,0.0,0.0
150,4,0.0,0.0,0.0,0.0,0.0
151,0,0.0,-0.0588573801351904,0.0,0.0,-2.6791394430697744
151,1,0.0,0.0,0.0,0.0,-1.606594331199729
151,2,0.0,0.0,0.0,0.0,-0.045908646628374676
151,3,0.0,0.0,0.0,0.0,0.0
151,4,0.0,0.0,0.0,0.0,0.0
152,0,0.0,-0.0588573801351904,0.0,0.0,-2.699886092746117
152,1,0.0,0.0,0.0,0.0,-1.606594331199729
152,2,0.0,0.0,0.0,0.0,-0.045908646628374676
152,3,0.0,0.0,0.0,0.0,0.0
152,4,0.0,0.0,0.0,0.0,0.0
153,0,0.0,-0.0588573801351904,0.0,0.0,-2.724286078503136
153,1,0.0,0.0,0.0,0.0,-1.606594331199729
153,2,0.0,0.0,0.0,0.0,-0.045908646628374676
153,3,0.0,0.0,0.0,0.0,0.0
153,4,0.0,0.0,0.0,0.0,0.0
154,0,0.0,-0.0588573801351904,0.0,0.0,-2.7512577863105583
154,1,0.0,0.0,0.0,0.0,-1.606594331199729
154,2,0.0,0.0,0.0,0.0,-0.045908646628374676
154,3,0.0,0.0,0.0,0.0,0.0
154,4,0.0,0.0,0.0,0.0,0.0
155,0,0.0,-0.0588573801351904,0.0,0.0,-2.7714668271958076
155,1,0.0,0.0,0.0,0.0,-1.606594331199729
155,2,0.0,0.0,0.0,0.0,-0.045908646628374676
155,3,0.0,0.0,0.0,0.0,0.0
155,4,0.0,0.0,0.0,0.0,0.0
156,0,0.0,-0.0588573801351904,0.0,0.0,-2.7821540052737888
156,1,0.0,0.0,0.0,0.0,-1.606594331199729
156,2,0.0,0.0,0.0,0.0,-0.045908646628374676
156,3,0.0,0.0,0.0,0.0,0.0
156,4,0.0,0.0,0.0,0.0,0.0
157,0,0.0,-0.0588573801351904,0.0,0.0,-2.792942773935201
157,1,0.0,0.0,0.0,0.0,-1.606594331199729
157,2,0.0,0.0,0.0,0.0,-0.045908646628374676
157,3,0.0,0.0,0.0,0.0,0.0
157,4,0.0,0.0,0.0,0.0,0.0
158,0,0.0,-0.0588573801351904,0.0,0.0,-2.8267106225183776
158,1,0.0,0.0,0.0,0.0,-1.606594331199729
158,2,0.0,0.0,0.0,0.0,-0.045908646628374676
158,3,0.0,0.0,0.0,0.0,0.0
158,4,0.0,0.0,0.0,0.0,0.0
159,0,0.0,-0.0588573801351904,0.0,0.0,-2.863506937573279
159,1,0.0,0.0,0.0,0.0,-1.606594331199729
159,2,0.0,0.0,0.0,0.0,-0.045908646628374676
159,3,0.0,0.0,0.0,0.0,0.0
159,4,0.0,0.0,0.0,0.0,0.0
160,0,0.0,-0.0588573801351904,0.0,0.0,-2.888507743419509
160,1,0.0,0.0,0.0,0.0,-1.606594331199729
160,2,0.0,0.0,0.0,0.0,-0.045908646628374676
160,3,0.0,0.0,0.0,0.0,0.0
160,4,0.0,0.0,0.0,0.0,0.0
161,0,0.0,-0.0588573801351904,0.0,0.0,-2.9149982542314143
161,1,0.0,0.0,0.0,0.0,-1.606594331199729
161,2,0.0,0.0,0.0,0.0,-0.045908646628374676
161,3,0.0,0.0,0.0,0.0,0.0
161,4,0.0,0.0,0.0,0.0,0.0
162,0,0.0,-0.0588573801351904,0.0,0.0,-2.9413751040649334
162,1,0.0,0.0,0.0,0.0,-1.606594331199729
162,2,0.0,0.0,0.0,0.0,-0.045908646628374676
162,3,0.0,0.0,0.0,0.0,0.0
162,4,0.0,0.0,0.0,0.0,0.0
163,0,0.0,-0.0588573801351904,0.0,0.0,-2.9730200577861625
163,1,0.0,0.0,0.0,0.0,-1.606594331199729
163,2,0.0,0.0,0.0,0.0,-0.045908646628374676
163,3,0.0,0.0,0.0,0.0,0.0
163,4,0.0,0.0,0.0,0.0,0.0
164,0,0.0,-0.0588573801351904,0.0,0.0,-3.0025345886226393
164,1,0.0,0.0,0.0,0.0,-1.606594331199729
164,2,0.0,0.0,0.0,0.0,-0.045908646628374676
164,3,0.0,0.0,0.0,0.0,0.0
164,4,0.0,0.0,0.0,0.0,0.0
165,0,0.0,-0.0588573801351904,0.0,0.0,-3.020725836384321
165,1,0.0,0.0,0.0,0.0,-1.606594331199729
165,2,0.0,0.0,0.0,0.0,-0.045908646628374676
165,3,0.0,0.0,0.0,0.0,0.0
165,4,0.0,0.0,0.0,0.0,0.0
166,0,0.0,-0.0588573801351904,0.0,0.0,-3.039109493175591
166,1,0.0,0.0,0.0,0.0,-1.606594331199729
166,2,0.0,0.0,0.0,0.0,-0.045908646628374676
166,3,0.0,0.0,0.0,0.0,0.0
166,4,0.0,0.0,0.0,0.0,0.0
167,0,0.0,-0.0588573801351904,0.0,0.0,-3.0505689497310926
167,1,0.0,0.0,0.0,0.0,-1.606594331199729
167,2,0.0,0.0,0.0,0.0,-0.045908646628374676
167,3,0.0,0.0,0.0,0.0,0.0
167,4,0.0,0.0,0.0,0.0,0.0
168,0,0.0,-0.0588573801351904,0.0,0.0,-3.067688397491953
168,1,0.0,0.0,0.0,0.0,-1.606594331199729
168,2,0.0,0.0,0.0,0.0,-0.045908646628374676
168,3,0.0,0.0,0.0,0.0,0.0
168,4,0.0,0.0,0.0,0.0,0.0
169,0,0.0,-0.0588573801351904,0.0,0.0,-3.0826734371106057
169,1,0.0,0.0,0.0,0.0,-1.606594331199729
169,2,0.0,0.0,0.0,0.0,-0.045908646628374676
169,3,0.0,0.0,0.0,0.0,0.0
169,4,0.0,0.0,0.0,0.0,0.0
170,0,0.0,-0.0588573801351904,0.0,0.0,-3.099930128835466
170,1,0.0,0.0,0.0,0.0,-1.606594331199729
170,2,0.0,0.0,0.0,0.0,-0.045908646628374676
170,3,0.0,0.0,0.0,0.0,0.0
170,4,0.0,0.0,0.0,0.0,0.0
171,0,0.0,-0.0588573801351904,0.0,0.0,-3.120130117380878
171,1,0.0,0.0,0.0,0.0,-1.606594331199729
171,2,0.0,0.0,0.0,0.0,-0.045908646628374676
171,3,0.0,0.0,0.0,0.0,0.0
171,4,0.0,0.0,0.0,0.0,0.0
172,0,0.0,-0.0588573801351904,0.0,0.0,-3.153966648245474
172,1,0.0,0.0,0.0,0.0,-1.606594331199729
172,2,0.0,0.0,0.0,0.0,-0.045908646628374676
172,3,0.0,0.0,0.0,0.0,0.0
172,4,0.0,0.0,0.0,0.0,0.0
173,0,0.0,-0.0588573801351904,0.0,0.0,-3.167003701259285
173,1,0.0,0.0,0.0,0.0,-1.606594331199729
173,2,0.0,0.0,0.0,0.0,-0.045908646628374676
173,3,0.0,0.0,0.0,0.0,0.0
173,4,0.0,0.0,0.0,0.0,0.0
174,0,0.0,-0.0588573801351904,0.0,0.0,-3.1796297272473932
174,1,0.0,0.0,0.0,0.0,-1.606594331199729
174,2,0.0,0.0,0.0,0.0,-0.045908646628374676
174,3,0.0,0.0,0.0,0.0,0.0
174,4,0.0,0.0,0.0,0.0,0.0
175,0,0.0,-0.0588573801351904,0.0,0.0,-3.218390765868995
175,1,0.0,0.0,0.0,0.0,-1.606594331199729
175,2,0.0,0.0,0.0,0.0,-0.045908646628374676
175,3,0.0,0.0,0.0,0.0,0.0
175,4,0.0,0.0,0.0,0.0,0.0
176,0,0.0,-0.0588573801351904,0.0,0.0,-3.2344800539797336
176,1,0.0,0.0,0.0,0.0,-1.606594331199729
176,2,0.0,0.0,0.0,0.0,-0.045908646628374676
176,3,0.0,0.0,0.0,0.0,0.0
176,4,0.0,0.0,0.0,0.0,0.0
177,0,0.0,-0.0588573801351904,0.0,0.0,-3.2410737082097154
177,1,0.0,0.0,0.0,0.0,-1.606594331199729
177,2,0.0,0.0,0.0,0.0,-0.045908646628374676
177,3,0.0,0.0,0.0,0.0,0.0
177,4,0.0,0.0,0.0,0.0,0.0
178,0,0.0,-0.0588573801351904,0.0,0.0,-3.269284753545922
178,1,0.0,0.0,0.0,0.0,-1.606594331199729
178,2,0.0,0.0,0.0,0.0,-0.045908646628374676
178,3,0.0,0.0,0.0,0.0,0.0
178,4,0.0,0.0,0.0,0.0,0.0
179,0,0.0,-0.0588573801351904,0.0,0.0,-3.2890948503093065
179,1,0.0,0.0,0.0,0.0,-1.606594331199729
179,2,0.0,0.0,0.0,0.0,-0.045908646628374676
179,3,0.0,0.0,0.0,0.0,0.0
179,4,0.0,0.0,0.0,0.0,0.0
180,0,0.0,-0.0588573801351904,0.0,0.0,-3.3045798131042265
180,1,0.0,0.0,0.0,0.0,-1.606594331199729
180,2,0.0,0.0,0.0,0.0,-0.045908646628374676
180,3,0.0,0.0,0.0,0.0,0.0
180,4,0.0,0.0,0.0,0.0,0.0
181,0,0.0,-0.0588573801351904,0.0,0.0,-3.336777737846657
181,1,0.0,0.0,0.0,0.0,-1.606594331199729
181,2,0.0,0.0,0.0,0.0,-0.045908646628374676
181,3,0.0,0.0,0.0,0.0,0.0
181,4,0.0,0.0,0.0,0.0,0.0
182,0,0.0,-0.0588573801351904,0.0,0.0,-3.360673127678529
182,1,0.0,0.0,0.0,0.0,-1.606594331199729
182,2,0.0,0.0,0.0,0.0,-0.045908646628374676
182,3,0.0,0.0,0.0,0.0,0.0
182,4,0.0,0.0,0.0,0.0,0.0
183,0,0.0,-0.0588573801351904,0.0,0.0,-3.3742954614031127
183,1,0.0,0.0,0.0,0.0,-1.606594331199729
183,2,0.0,0.0,0.0,0.0,-0.045908646628374676
183,3,0.0,0.0,0.0,0.0,0.0
183,4,0.0,0.0,0.0,0.0,0.0
184,0,0.0,-0.0588573801351904,0.0,0.0,-3.379735306058422
184,1,0.0,0.0,0.0,0.0,-1.606594331199729
184,2,0.0,0.0,0.0,0.0,-0.045908646628374676
184,3,0.0,0.0,0.0,0.0,0.0
184,4,0.0,0.0,0.0,0.0,0.0
185,0,0.0,-0.0588573801351904,0.0,0.0,-3.4100024550897805
185,1,0.0,0.0,0.0,0.0,-1.606594331199729
185,2,0.0,0.0,0.0,0.0,-0.045908646628374676
185,3,0.0,0.0,0.0,0.0,0.0
185,4,0.0,0.0,0.0,0.0,0.0
186,0,0.0,-0.0588573801351904,0.0,0.0,-3.425289528211975
186,1,0.0,0.0,0.0,0.0,-1.606594331199729
186,2,0.0,0.0,0.0,0.0,-0.045908646628374676
186,3,0.0,0.0,0.0,0.0,0.0
186,4,0.0,0.0,0.0,0.0,0.0
187,0,0.0,-0.0588573801351904,0.0,0.0,-3.4548642269972385
187,1,0.0,0.0,0.0,0.0,-1.606594331199729
187,2,0.0,0.0,0.0,0.0,-0.045908646628374676
187,3,0.0,0.0,0.0,0.0,0.0
187,4,0.0,0.0,0.0,0.0,0.0
188,0,0.0,-0.0588573801351904,0.0,0.0,-3.4615645374558506
188,1,0.0,0.0,0.0,0.0,-1.606594331199729
188,2,0.0,0.0,0.0,0.0,-0.045908646628374676
188,3,0.0,0.0,0.0,0.0,0.0
188,4,0.0,0.0,0.0,0.0,0.0
189,0,0.0,-0.0588573801351904,0.0,0.0,-3.489415336924536
189,1,0.0,0.0,0.0,0.0,-1.606594331199729
189,2,0.0,0.0,0.0,0.0,-0.045908646628374676
189,3,0.0,0.0,0.0,0.0,0.0
189,4,0.0,0.0,0.0,0.0,0.0
190,0,0.0,-0.0588573801351904,0.0,0.0,-3.5058833946700227
190,1,0.0,0.0,0.0,0.0,-1.606594331199729
190,2,0.0,0.0,0.0,0.0,-0.045908646628374676
190,3,0.0,0.0,0.0,0.0,0.0
190,4,0.0,0.0,0.0,0.0,0.0
191,0,0.0,-0.0588573801351904,0.0,0.0,-3.530889975076646
191,1,0.0,0.0,0.0,0.0,-1.606594331199729
191,2,0.0,0.0,0.0,0.0,-0.045908646628374676
191,3,0.0,0.0,0.0,0.0,0.0
191,4,0.0,0.0,0.0,0.0,0.0
192,0,0.0,-0.0588573801351904,0.0,0.0,-3.5377632029216532
192,1,0.0,0.0,0.0,0.0,-1.606594331199729
192,2,0.0,0.0,0.0,0.0,-0.045908646628374676
192,3,0.0,0.0,0.0,0.0,0.0
192,4,0.0,0.0,0.0,0.0,0.0
193,0,0.0,-0.0588573801351904,0.0,0.0,-3.56483974612027
193,1,0.0,0.0,0.0,0.0,-1.606594331199729
193,2,0.0,0.0,0.0,0.0,-0.045908646628374676
193,3,0.0,0.0,0.0,0.0,0.0
193,4,0.0,0.0,0.0,0.0,0.0
194,0,0.0,-0.0588573801351904,0.0,0.0,-3.5848574643955935
194,1,0.0,0.0,0.0,0.0,-1.606594331199729
194,2,0.0,0.0,0.0,0.0,-0.045908646628374676
194,3,0.0,0.0,0.0,0.0,0.0
194,4,0.0,0.0,0.0,0.0,0.0
195,0,0.0,-0.0588573801351904,0.0,0.0,-3.6093972729139656
195,1,0.0,0.0,0.0,0.0,-1.606594331199729
195,2,0.0,0.0,0.0,0.0,-0.045908646628374676
195,3,0.0,0.0,0.0,0.0,0.0
195,4,0.0,0.0,0.0,0.0,0.0
196,0,0.0,-0.0588573801351904,0.0,0.0,-3.6229655572614874
196,1,0.0,0.0,0.0,0.0,-1.606594331199729
196,2,0.0,0.0,0.0,0.0,-0.045908646628374676
196,3,0.0,0.0,0.0,0.0,0.0
196,4,0.0,0.0,0.0,0.0,0.0
197,0,0.0,-0.0588573801351904,0.0,0.0,-3.6317947284721366
197,1,0.0,0.0,0.0,0.0,-1.606594331199729
197,2,0.0,0.0,0.0,0.0,-0.045908646628374676
197,3,0.0,0.0,0.0,0.0,0.0
197,4,0.0,0.0,0.0,0.0,0.0
198,0,0.0,-0.0588573801351904,0.0,0.0,-3.6565347156796517
198,1,0.0,0.0,0.0,0.0,-1.606594331199729
198,2,0.0,0.0,0.0,0.0,-0.045908646628374676
198,3,0.0,0.0,0.0,0.0,0.0
198,4,0.0,0.0,0.0,0.0,0.0
199,0,0.0,-0.0588573801351904,0.0,0.0,-3.6878754065674872
199,1,0.0,0.0,0.0,0.0,-1.606594331199729
199,2,0.0,0.0,0.0,0.0,-0.045908646628374676
199,3,0.0,0.0,0.0,0.0,0.0
199,4,0.0,0.0,0.0,0.0,0.0
200,0,0.0,-0.0588573801351904,0.0,0.0,-3.7053509288662396
200,1,0.0,0.0,0.0,0.0,-1.606594331199729
200,2,0.0,0.0,0.0,0.0,-0.045908646628374676
200,3,0.0,0.0,0.0,0.0,0.0
200,4,0.0,0.0,0.0,0.0,0.0
201,0,0.0,-0.0588573801351904,0.0,0.0,-3.721665502296113
201,1,0.0,0.0,0.0,0.0,-1.606594331199729
201,2,0.0,0.0,0.0,0.0,-0.045908646628374676
201,3,0.0,0.0,0.0,0.0,0.0
201,4,0.0,0.0,0.0,0.0,0.0
202,0,0.0,-0.0588573801351904,0.0,0.0,-3.7298119358219735
202,1,0.0,0.0,0.0,0.0,-1.606594331199729
202,2,0.0,0.0,0.0,0.0,-0.045908646628374676
202,3,0.0,0.0,0.0,0.0,0.0
202,4,0.0,0.0,0.0,0.0,0.0
203,0,0.0,-0.0588573801351904,0.0,0.0,-3.7303492145207344
203,1,0.0,0.0,0.0,0.0,-1.606594331199729
203,2,0.0,0.0,0.0,0.0,-0.045908646628374676
203,3,0.0,0.0,0.0,0.0,0.0
203,4,0.0,0.0,0.0,0.0,0.0
204,0,0.0,-0.0588573801351904,0.0,0.0,-3.747504054171202
204,1,0.0,0.0,0.0,0.0,-1.606594331199729
204,2,0.0,0.0,0.0,0.0,-0.045908646628374676
204,3,0.0,0.0,0.0,0.0,0.0
204,4,0.0,0.0,0.0,0.0,0.0
205,0,0.0,-0.0588573801351904,0.0,0.0,-3.7545226942591854
205,1,0.0,0.0,0.0,0.0,-1.606594331199729
205,2,0.0,0.0,0.0,0.0,-0.045908646628374676
205,3,0.0,0.0,0.0,0.0,0.0
205,4,0.0,0.0,0.0,0.0,0.0
206,0,0.0,-0.061581410017849635,0.0,0.0,-3.7545226942591854
206,1,0.0,0.0,0.0,0.0,-1.632755121950044
206,2,0.0,0.0,0.0,0.0,-0.045908646628374676
206,3,0.0,0.0,0.0,0.0,0.0
206,4,0.0,0.0,0.0,0.0,0.0
207,0,0.0,-0.061581410017849635,0.0,0.0,-3.762637819695948
207,1,0.0,0.0,0.0,0.0,-1.632755121950044
207,2,0.0,0.0,0.0,0.0,-0.045908646628374676
207,3,0.0,0.0,0.0,0.0,0.0
207,4,0.0,0.0,0.0,0.0,0.0
208,0,0.0,-0.061581410017849635,0.0,0.0,-3.796264941469389
208,1,0.0,0.0,0.0,0.0,-1.632755121950044
208,2,0.0,0.0,0.0,0.0,-0.045908646628374676
208,3,0.0,0.0,0.0,0.0,0.0
208,4,0.0,0.0,0.0,0.0,0.0
209,0,0.0,-0.061581410017849635,0.0,0.0,-3.8229993898884844
209,1,0.0,0.0,0.0,0.0,-1.632755121950044
209,2,0.0,0.0,0.0,0.0,-0.045908646628374676
209,3,0.0,0.0,0.0,0.0,0.0
209,4,0.0,0.0,0.0,0.0,0.0
210,0,0.0,-0.061581410017849635,0.0,0.0,-3.830115053963406
210,1,0.0,0.0,0.0,0.0,-1.632755121950044
210,2,0.0,0.0,0.0,0.0,-0.045908646628374676
210,3,0.0,0.0,0.0,0.0,0.0
210,4,0.0,0.0,0.0,0.0,0.0
211,0,0.0,-0.06436066027548677,0.0,0.0,-3.830115053963406
211,1,0.0,0.0,0.0,0.0,-1.6502409621326286
211,2,0.0,0.0,0.0,0.0,-0.045908646628374676
211,3,0.0,0.0,0.0,0.0,0.0
211,4,0.0,0.0,0.0,0.0,0.0
212,0,0.0,-0.06436066027548677,0.0,0.0,-3.8355247880946615
212,1,0.0,0.0,0.0,0.0,-1.6502409621326286
212,2,0.0,0.0,0.0,0.0,-0.045908646628374676
212,3,0.0,0.0,0.0,0.0,0.0
212,4,0.0,0.0,0.0,0.0,0.0
213,0,0.0,-0.06436066027548677,0.0,0.0,-3.8600396113579727
213,1,0.0,0.0,0.0,0.0,-1.6502409621326286
213,2,0.0,0.0,0.0,0.0,-0.045908646628374676
213,3,0.0,0.0,0.0,0.0,0.0
213,4,0.0,0.0,0.0,0.0,0.0
214,0,0.0,-0.06436066027548677,0.0,0.0,-3.8690481894962634
214,1,0.0,0.0,0.0,0.0,-1.6502409621326286
214,2,0.0,0.0,0.0,0.0,-0.045908646628374676
214,3,0.0,0.0,0.0,0.0,0.0
214,4,0.0,0.0,0.0,0.0,0.0
215,0,0.0,-0.06436066027548677,0.0,0.0,-3.8994245629161877
215,1,0.0,0.0,0.0,0.0,-1.6502409621326286
215,2,0.0,0.0,0.0,0.0,-0.045908646628374676
215,3,0.0,0.0,0.0,0.0,0.0
215,4,0.0,0.0,0.0,0.0,0.0
216,0,0.0,-0.06436066027548677,0.0,0.0,-3.902350249474727
216,1,0.0,0.0,0.0,0.0,-1.6502409621326286
216,2,0.0,0.0,0.0,0.0,-0.045908646628374676
216,3,0.0,0.0,0.0,0.0,0.0
216,4,0.0,0.0,0.0,0.0,0.0
217,0,0.0,-0.06436066027548677,0.0,0.0,-3.900963795327607
217,1,0.0,0.0,0.0,0.0,-1.6502409621326286
217,2,0.0,0.0,0.0,0.0,-0.045908646628374676
217,3,0.0,0.0,0.0,0.0,0.0
217,4,0.0,0.0,0.0,0.0,0.0
218,0,0.0,-0.06436066027548677,0.0,0.0,-3.9278700221051337
218,1,0.0,0.0,0.0,0.0,-1.6502409621326286
218,2,0.0,0.0,0.0,0.0,-0.045908646628374676
218,3,0.0,0.0,0.0,0.0,0.0
218,4,0.0,0.0,0.0,0.0,0.0
219,0,0.0,-0.06436066027548677,0.0,0.0,-3.946740551669259
219,1,0.0,0.0,0.0,0.0,-1.6502409621326286
219,2,0.0,0.0,0.0,0.0,-0.045908646628374676
219,3,0.0,0.0,0.0,0.0,0.0
219,4,0.0,0.0,0.0,0.0,0.0
220,0,0.0,-0.06436066027548677,0.0,0.0,-3.953758323822043
220,1,0.0,0.0,0.0,0.0,-1.6502409621326286
220,2,0.0,0.0,0.0,0.0,-0.045908646628374676
220,3,0.0,0.0,0.0,0.0,0.0
220,4,0.0,0.0,0.0,0.0,0.0
221,0,0.0,-0.06436066027548677,0.0,0.0,-3.9563540147170366
221,1,0.0,0.0,0.0,0.0,-1.6502409621326286
221,2,0.0,0.0,0.0,0.0,-0.045908646628374676
221,3,0.0,0.0,0.0,0.0,0.0
221,4,0.0,0.0,0.0,0.0,0.0
222,0,0.0,-0.06436066027548677,0.0,0.0,-3.970165514158996
222,1,0.0,0.0,0.0,0.0,-1.6502409621326286
222,2,0.0,0.0,0.0,0.0,-0.045908646628374676
222,3,0.0,0.0,0.0,0.0,0.0
222,4,0.0,0.0,0.0,0.0,0.0
223,0,0.0,-0.06436066027548677,0.0,0.0,-3.99655357427827
223,1,0.0,0.0,0.0,0.0,-1.6502409621326286
223,2,0.0,0.0,0.0,0.0,-0.045908646628374676
223,3,0.0,0.0,0.0,0.0,0.0
223,4,0.0,0.0,0.0,0.0,0.0
224,0,0.0,-0.06436066027548677,0.0,0.0,-4.0096774568311675
224,1,0.0,0.0,0.0,0.0,-1.6502409621326286
224,2,0.0,0.0,0.0,0.0,-0.045908646628374676
224,3,0.0,0.0,0.0,0.0,0.0
224,4,0.0,0.0,0.0,0.0,0.0
225,0,0.0,-0.06436066027548677,0.0,0.0,-4.021320200426777
225,1,0.0,0.0,0.0,0.0,-1.6502409621326286
225,2,0.0,0.0,0.0,0.0,-0.045908646628374676
225,3,0.0,0.0,0.0,0.0,0.0
225,4,0.0,0.0,0.0,0.0,0.0
226,0,0.0,-0.06436066027548677,0.0,0.0,-4.054887968369482
226,1,0.0,0.0,0.0,0.0,-1.6502409621326286
226,2,0.0,0.0,0.0,0.0,-0.045908646628374676
226,3,0.0,0.0,0.0,0.0,0.0
226,4,0.0,0.0,0.0,0.0,0.0
227,0,0.0,-0.06436066027548677,0.0,0.0,-4.0567626506313745
227,1,0.0,0.0,0.0,0.0,-1.6502409621326286
227,2,0.0,0.0,0.0,0.0,-0.045908646628374676
227,3,0.0,0.0,0.0,0.0,0.0
227,4,0.0,0.0,0.0,0.0,0.0
228,0,0.0,-0.06436066027548677,0.0,0.0,-4.068116388419061
228,1,0.0,0.0,0.0,0.0,-1.6502409621326286
228,2,0.0,0.0,0.0,0.0,-0.045908646628374676
228,3,0.0,0.0,0.0,0.0,0.0
228,4,0.0,0.0,0.0,0.0,0.0
229,0,0.0,-0.06436066027548677,0.0,0.0,-4.0855906329057925
229,1,0.0,0.0,0.0,0.0,-1.6502409621326286
229,2,0.0,0.0,0.0,0.0,-0.045908646628374676
229,3,0.0,0.0,0.0,0.0,0.0
229,4,0.0,0.0,0.0,0.0,0.0
230,0,0.0,-0.06436066027548677,0.0,0.0,-4.091435223648235
230,1,0.0,0.0,0.0,0.0,-1.6502409621326286
230,2,0.0,0.0,0.0,0.0,-0.045908646628374676
230,3,0.0,0.0,0.0,0.0,0.0
230,4,0.0,0.0,0.0,0.0,0.0
231,0,0.0,-0.06436066027548677,0.0,0.0,-4.114188195599844
231,1,0.0,0.0,0.0,0.0,-1.6502409621326286
231,2,0.0,0.0,0.0,0.0,-0.045908646628374676
231,3,0.0,0.0,0.0,0.0,0.0
231,4,0.0,0.0,0.0,0.0,0.0
232,0,0.0,-0.06436066027548677,0.0,0.0,-4.121353255673285
232,1,0.0,0.0,0.0,0.0,-1.6502409621326286
232,2,0.0,0.0,0.0,0.0,-0.045908646628374676
232,3,0.0,0.0,0.0,0.0,0.0
232,4,0.0,0.0,0.0,0.0,0.0
233,0,0.0,-0.06436066027548677,0.0,0.0,-4.130779818511149
233,1,0.0,0.0,0.0,0.0,-1.6502409621326286
233,2,0.0,0.0,0.0,0.0,-0.045908646628374676
233,3,0.0,0.0,0.0,0.0,0.0
233,4,0.0,0.0,0.0,0.0,0.0
234,0,0.0,-0.06436066027548677,0.0,0.0,-4.151081582410926
234,1,0.0,0.0,0.0,0.0,-1.6502409621326286
234,2,0.0,0.0,0.0,0.0,-0.045908646628374676
234,3,0.0,0.0,0.0,0.0,0.0
234,4,0.0,0.0,0.0,0.0,0.0
235,0,0.0,-0.06436066027548677,0.0,0.0,-4.166158449155359
235,1,0.0,0.0,0.0,0.0,-1.6502409621326286
235,2,0.0,0.0,0.0,0.0,-0.045908646628374676
235,3,0.0,0.0,0.0,0.0,0.0
235,4,0.0,0.0,0.0,0.0,0.0
236,0,0.0,-0.06436066027548677,0.0,0.0,-4.184569343966932
236,1,0.0,0.0,0.0,0.0,-1.6502409621326286
236,2,0.0,0.0,0.0,0.0,-0.045908646628374676
236,3,0.0,0.0,0.0,0.0,0.0
236,4,0.0,0.0,0.0,0.0,0.0
237,0,0.0,-0.06436066027548677,0.0,0.0,-4.198050610358286
237,1,0.0,0.0,0.0,0.0,-1.6502409621326286
237,2,0.0,0.0,0.0,0.0,-0.045908646628374676
237,3,0.0,0.0,0.0,0.0,0.0
237,4,0.0,0.0,0.0,0.0,0.0
238,0,0.0,-0.06436066027548677,0.0,0.0,-4.215025882681414
238,1,0.0,0.0,0.0,0.0,-1.6502409621326286
238,2,0.0,0.0,0.0,0.0,-0.045908646628374676
238,3,0.0,0.0,0.0,0.0,0.0
238,4,0.0,0.0,0.0,0.0,0.0
239,0,0.0,-0.06436066027548677,0.0,0.0,-4.234626667737517
239,1,0.0,0.0,0.0,0.0,-1.6502409621326286
239,2,0.0,0.0,0.0,0.0,-0.045908646628374676
239,3,0.0,0.0,0.0,0.0,0.0
239,4,0.0,0.0,0.0,0.0,0.0
240,0,0.0,-0.06436066027548677,0.0,0.0,-4.2511091395205
240,1,0.0,0.0,0.0,0.0,-1.6502409621326286
240,2,0.0,0.0,0.0,0.0,-0.045908646628374676
240,3,0.0,0.0,0.0,0.0,0.0
240,4,0.0,0.0,0.0,0.0,0.0
241,0,0.0,-0.06436066027548677,0.0,0.0,-4.261446386735487
241,1,0.0,0.0,0.0,0.0,-1.6502409621326286
241,2,0.0,0.0,0.0,0.0,-0.045908646628374676
241,3,0.0,0.0,0.0,0.0,0.0
241,4,0.0,0.0,0.0,0.0,0.0
242,0,0.0,-0.06436066027548677,0.0,0.0,-4.279146699772897
242,1,0.0,0.0,0.0,0.0,-1.6502409621326286
242,2,0.0,0.0,0.0,0.0,-0.045908646628374676
242,3,0.0,0.0,0.0,0.0,0.0
242,4,0.0,0.0,0.0,0.0,0.0
243,0,0.0,-0.06436066027548677,0.0,0.0,-4.302559669327072
243,1,0.0,0.0,0.0,0.0,-1.6502409621326286
243,2,0.0,0.0,0.0,0.0,-0.045908646628374676
243,3,0.0,0.0,0.0,0.0,0.0
243,4,0.0,0.0,0.0,0.0,0.0
244,0,0.0,-0.06436066027548677,0.0,0.0,-4.314168977544005
244,1,0.0,0.0,0.0,0.0,-1.6502409621326286
244,2,0.0,0.0,0.0,0.0,-0.045908646628374676
244,3,0.0,0.0,0.0,0.0,0.0
244,4,0.0,0.0,0.0,0.0,0.0
245,0,0.0,-0.06436066027548677,0.0,0.0,-4.33452633287064
245,1,0.0,0.0,0.0,0.0,-1.6502409621326286
245,2,0.0,0.0,0.0,0.0,-0.045908646628374676
245,3,0.0,0.0,0.0,0.0,0.0
245,4,0.0,0.0,0.0,0.0,0.0
246,0,0.0,-0.06436066027548677,0.0,0.0,-4.348647592774552
246,1,0.0,0.0,0.0,0.0,-1.6502409621326286
246,2,0.0,0.0,0.0,0.0,-0.045908646628374676
246,3,0.0,0.0,0.0,0.0,0.0
246,4,0.0,0.0,0.0,0.0,0.0
247,0,0.0,-0.06436066027548677,0.0,0.0,-4.3563775239757865
247,1,0.0,0.0,0.0,0.0,-1.6502409621326286
247,2,0.0,0.0,0.0,0.0,-0.045908646628374676
247,3,0.0,0.0,0.0,0.0,0.0
247,4,0.0,0.0,0.0,0.0,0.0
248,0,0.0,-0.06436066027548677,0.0,0.0,-4.376418236930985
248,1,0.0,0.0,0.0,0.0,-1.6502409621326286
248,2,0.0,0.0,0.0,0.0,-0.045908646628374676
248,3,0.0,0.0,0.0,0.0,0.0
248,4,0.0,0.0,0.0,0.0,0.0
249,0,0.0,-0.06436066027548677,0.0,0.0,-4.3997076135564575
249,1,0.0,0.0,0.0,0.0,-1.6502409621326286
249,2,0.0,0.0,0.0,0.0,-0.045908646628374676
249,3,0.0,0.0,0.0,0.0,0.0
249,4,0.0,0.0,0.0,0.0,0.0
250,0,0.0,-0.06436066027548677,0.0,0.0,-4.422719379154672
250,1,0.0,0.0,0.0,0.0,-1.6502409621326286
250,2,0.0,0.0,0.0,0.0,-0.045908646628374676
250,3,0.0,0.0,0.0,0.0,0.0
250,4,0.0,0.0,0.0,0.0,0.0
251,0,0.0,-0.06436066027548677,0.0,0.0,-4.437943635584102
251,1,0.0,0.0,0.0,0.0,-1.6502409621326286
251,2,0.0,0.0,0.0,0.0,-0.045908646628374676
251,3,0.0,0.0,0.0,0.0,0.0
251,4,0.0,0.0,0.0,0.0,0.0
252,0,0.0,-0.06436066027548677,0.0,0.0,-4.4593799819097555
252,1,0.0,0.0,0.0,0.0,-1.6502409621326286
252,2,0.0,0.0,0.0,0.0,-0.045908646628374676
252,3,0.0,0.0,0.0,0.0,0.0
252,4,0.0,0.0,0.0,0.0,0.0
253,0,0.0,-0.06436066027548677,0.0,0.0,-4.478740747194495
253,1,0.0,0.0,0.0,0.0,-1.6502409621326286
253,2,0.0,0.0,0.0,0.0,-0.045908646628374676
253,3,0.0,0.0,0.0,0.0,0.0
253,4,0.0,0.0,0.0,0.0,0.0
254,0,0.0,-0.06436066027548677,0.0,0.0,-4.487665610325506
254,1,0.0,0.0,0.0,0.0,-1.6502409621326286
254,2,0.0,0.0,0.0,0.0,-0.045908646628374676
254,3,0.0,0.0,0.0,0.0,0.0
254,4,0.0,0.0,0.0,0.0,0.0
255,0,0.0,-0.06436066027548677,0.0,0.0,-4.507848466777021
255,1,0.0,0.0,0.0,0.0,-1.6502409621326286
255,2,0.0,0.0,0.0,0.0,-0.045908646628374676
255,3,0.0,0.0,0.0,0.0,0.0
255,4,0.0,0.0,0.0,0.0,0.0
256,0,0.0,-0.06436066027548677,0.0,0.0,-4.525293309152863
256,1,0.0,0.0,0.0,0.0,-1.6502409621326286
256,2,0.0,0.0,0.0,0.0,-0.045908646628374676
256,3,0.0,0.0,0.0,0.0,0.0
256,4,0.0,0.0,0.0,0.0,0.0
257,0,0.0,-0.06436066027548677,0.0,0.0,-4.5613386035001335
257,1,0.0,0.0,0.0,0.0,-1.6502409621326286
257,2,0.0,0.0,0.0,0.0,-0.045908646628374676
257,3,0.0,0.0,0.0,0.0,0.0
257,4,0.0,0.0,0.0,0.0,0.0
258,0,0.0,-0.06436066027548677,0.0,0.0,-4.576211984089902
258,1,0.0,0.0,0.0,0.0,-1.6502409621326286
258,2,0.0,0.0,0.0,0.0,-0.045908646628374676
258,3,0.0,0.0,0.0,0.0,0.0
258,4,0.0,0.0,0.0,0.0,0.0
259,0,0.0,-0.06436066027548677,0.0,0.0,-4.589730996592012
259,1,0.0,0.0,0.0,0.0,-1.6502409621326286
259,2,0.0,0.0,0.0,0.0,-0.045908646628374676
259,3,0.0,0.0,0.0,0.0,0.0
259,4,0.0,0.0,0.0,0.0,0.0
260,0,0.0,-0.06436066027548677,0.0,0.0,-4.604670207135267
260,1,0.0,0.0,0.0,0.0,-1.6502409621326286
260,2,0.0,0.0,0.0,0.0,-0.045908646628374676
260,3,0.0,0.0,0.0,0.0,0.0
260,4,0.0,0.0,0.0,0.0,0.0
261,0,0.0,-0.06436066027548677,0.0,0.0,-4.607411171767167
261,1,0.0,0.0,0.0,0.0,-1.6502409621326286
261,2,0.0,0.0,0.0,0.0,-0.045908646628374676
261,3,0.0,0.0,0.0,0.0,0.0
261,4,0.0,0.0,0.0,0.0,0.0
262,0,0.0,-0.06436066027548677,0.0,0.0,-4.6256467739748715
262,1,0.0,0.0,0.0,0.0,-1.6502409621326286
262,2,0.0,0.0,0.0,0.0,-0.045908646628374676
262,3,0.0,0.0,0.0,0.0,0.0
262,4,0.0,0.0,0.0,0.0,0.0
263,0,0.0,-0.06436066027548677,0.0,0.0,-4.6362365605041695
263,1,0.0,0.0,0.0,0.0,-1.6502409621326286
263,2,0.0,0.0,0.0,0.0,-0.045908646628374676
263,3,0.0,0.0,0.0,0.0,0.0
263,4,0.0,0.0,0.0,0.0,0.0
264,0,0.0,-0.06436066027548677,0.0,0.0,-4.650311621787609
264,1,0.0,0.0,0.0,0.0,-1.6502409621326286
264,2,0.0,0.0,0.0,0.0,-0.045908646628374676
264,3,0.0,0.0,0.0,0.0,0.0
264,4,0.0,0.0,0.0,0.0,0.0
265,0,0.0,-0.06436066027548677,0.0,0.0,-4.682668259875326
265,1,0.0,0.0,0.0,0.0,-1.6502409621326286
265,2,0.0,0.0,0.0,0.0,-0.045908646628374676
265,3,0.0,0.0,0.0,0.0,0.0
265,4,0.0,0.0,0.0,0.0,0.0
266,0,0.0,-0.06436066027548677,0.0,0.0,-4.689576377013317
266,1,0.0,0.0,0.0,0.0,-1.6502409621326286
266,2,0.0,0.0,0.0,0.0,-0.045908646628374676
266,3,0.0,0.0,0.0,0.0,0.0
266,4,0.0,0.0,0.0,0.0,0.0
267,0,0.0,-0.06436066027548677,0.0,0.0,-4.702239679709595
267,1,0.0,0.0,0.0,0.0,-1.6502409621326286
267,2,0.0,0.0,0.0,0.0,-0.045908646628374676
267,3,0.0,0.0,0.0,0.0,0.0
267,4,0.0,0.0,0.0,0.0,0.0
268,0,0.0,-0.06436066027548677,0.0,0.0,-4.701153190983809
268,1,0.0,0.0,0.0,0.0,-1.6502409621326286
268,2,0.0,0.0,0.0,0.0,-0.045908646628374676
268,3,0.0,0.0,0.0,0.0,0.0
268,4,0.0,0.0,0.0,0.0,0.0
269,0,0.0,-0.06436066027548677,0.0,0.0,-4.711440240182747
269,1,0.0,0.0,0.0,0.0,-1.6502409621326286
269,2,0.0,0.0,0.0,0.0,-0.045908646628374676
269,3,0.0,0.0,0.0,0.0,0.0
269,4,0.0,0.0,0.0,0.0,0.0
270,0,0.0,-0.06436066027548677,0.0,0.0,-4.712609303145079
270,1,0.0,0.0,0.0,0.0,-1.6502409621326286
270,2,0.0,0.0,0.0,0.0,-0.045908646628374676
270,3,0.0,0.0,0.0,0.0,0.0
270,4,0.0,0.0,0.0,0.0,0.0
271,0,0.0,-0.06436066027548677,0.0,0.0,-4.72477910028189
271,1,0.0,0.0,0.0,0.0,-1.6502409621326286
271,2,0.0,0.0,0.0,0.0,-0.045908646628374676
271,3,0.0,0.0,0.0,0.0,0.0
271,4,0.0,0.0,0.0,0.0,0.0
272,0,0.0,-0.06436066027548677,0.0,0.0,-4.732370301741066
272,1,0.0,0.0,0.0,0.0,-1.6502409621326286
272,2,0.0,0.0,0.0,0.0,-0.045908646628374676
272,3,0.0,0.0,0.0,0.0,0.0
272,4,0.0,0.0,0.0,0.0,0.0
273,0,0.0,-0.06436066027548677,0.0,0.0,-4.753243878432325
273,1,0.0,0.0,0.0,0.0,-1.6502409621326286
273,2,0.0,0.0,0.0,0.0,-0.045908646628374676
273,3,0.0,0.0,0.0,0.0,0.0
273,4,0.0,0.0,0.0,0.0,0.0
274,0,0.0,-0.06436066027548677,0.0,0.0,-4.754738651222445
274,1,0.0,0.0,0.0,0.0,-1.6502409621326286
274,2,0.0,0.0,0.0,0.0,-0.045908646628374676
274,3,0.0,0.0,0.0,0.0,0.0
274,4,0.0,0.0,0.0,0.0,0.0
275,0,0.0,-0.06436066027548677,0.0,0.0,-4.772437668522129
275,1,0.0,0.0,0.0,0.0,-1.6502409621326286
275,2,0.0,0.0,0.0,0.0,-0.045908646628374676
275,3,0.0,0.0,0.0,0.0,0.0
275,4,0.0,0.0,0.0,0.0,0.0
276,0,0.0,-0.06436066027548677,0.0,0.0,-4.795646222337177
276,1,0.0,0.0,0.0,0.0,-1.6502409621326286
276,2,0.0,0.0,0.0,0.0,-0.045908646628374676
276,3,0.0,0.0,0.0,0.0,0.0
276,4,0.0,0.0,0.0,0.0,0.0
277,0,0.0,-0.06436066027548677,0.0,0.0,-4.812620930957019
277,1,0.0,0.0,0.0,0.0,-1.6502409621326286
277,2,0.0,0.0,0.0,0.0,-0.045908646628374676
277,3,0.0,0.0,0.0,0.0,0.0
277,4,0.0,0.0,0.0,0.0,0.0
278,0,0.0,-0.06436066027548677,0.0,0.0,-4.838341640868929
278,1,0.0,0.0,0.0,0.0,-1.6502409621326286
278,2,0.0,0.0,0.0,0.0,-0.045908646628374676
278,3,0.0,0.0,0.0,0.0,0.0
278,4,0.0,0.0,0.0,0.0,0.0
279,0,0.0,-0.06436066027548677,0.0,0.0,-4.862240397231107
279,1,0.0,0.0,0.0,0.0,-1.6502409621326286
279,2,0.0,0.0,0.0,0.0,-0.045908646628374676
279,3,0.0,0.0,0.0,0.0,0.0
279,4,0.0,0.0,0.0,0.0,0.0
280,0,0.0,-0.06436066027548677,0.0,0.0,-4.872949738172907
280,1,0.0,0.0,0.0,0.0,-1.6502409621326286
280,2,0.0,0.0,0.0,0.0,-0.045908646628374676
280,3,0.0,0.0,0.0,0.0,0.0
280,4,0.0,0.0,0.0,0.0,0.0
281,0,0.0,-0.06436066027548677,0.0,0.0,-4.883515800362175
281,1,0.0,0.0,0.0,0.0,-1.6502409621326286
281,2,0.0,0.0,0.0,0.0,-0.045908646628374676
281,3,0.0,0.0,0.0,0.0,0.0
281,4,0.0,0.0,0.0,0.0,0.0
282,0,0.0,-0.06436066027548677,0.0,0.0,-4.88555129159001
282,1,0.0,0.0,0.0,0.0,-1.6502409621326286
282,2,0.0,0.0,0.0,0.0,-0.045908646628374676
282,3,0.0,0.0,0.0,0.0,0.0
282,4,0.0,0.0,0.0,0.0,0.0
283,0,0.0,-0.06436066027548677,0.0,0.0,-4.893801081818984
283,1,0.0,0.0,0.0,0.0,-1.6502409621326286
283,2,0.0,0.0,0.0,0.0,-0.045908646628374676
283,3,0.0,0.0,0.0,0.0,0.0
283,4,0.0,0.0,0.0,0.0,0.0
284,0,0.0,-0.06436066027548677,0.0,0.0,-4.924681255466014
284,1,0.0,0.0,0.0,0.0,-1.6502409621326286
284,2,0.0,0.0,0.0,0.0,-0.045908646628374676
284,3,0.0,0.0,0.0,0.0,0.0
284,4,0.0,0.0,0.0,0.0,0.0
285,0,0.0,-0.06436066027548677,0.0,0.0,-4.94328054809129
285,1,0.0,0.0,0.0,0.0,-1.6502409621326286
285,2,0.0,0.0,0.0,0.0,-0.045908646628374676
285,3,0.0,0.0,0.0,0.0,0.0
285,4,0.0,0.0,0.0,0.0,0.0
286,0,0.0,-0.06436066027548677,0.0,0.0,-4.960354686173785
286,1,0.0,0.0,0.0,0.0,-1.6502409621326286
286,2,0.0,0.0,0.0,0.0,-0.045908646628374676
286,3,0.0,0.0,0.0,0.0,0.0
286,4,0.0,0.0,0.0,0.0,0.0
287,0,0.0,-0.06436066027548677,0.0,0.0,-4.991465235637604
287,1,0.0,0.0,0.0,0.0,-1.6502409621326286
287,2,0.0,0.0,0.0,0.0,-0.045908646628374676
287,3,0.0,0.0,0.0,0.0,0.0
287,4,0.0,0.0,0.0,0.0,0.0
288,0,0.0,-0.06436066027548677,0.0,0.0,-5.000715853963954
288,1,0.0,0.0,0.0,0.0,-1.6502409621326286
288,2,0.0,0.0,0.0,0.0,-0.045908646628374676
288,3,0.0,0.0,0.0,0.0,0.0
288,4,0.0,0.0,0.0,0.0,0.0
289,0,0.0,-0.06436066027548677,0.0,0.0,-5.013762620175185
289,1,0.0,0.0,0.0,0.0,-1.6502409621326286
289,2,0.0,0.0,0.0,0.0,-0.045908646628374676
289,3,0.0,0.0,0.0,0.0,0.0
289,4,0.0,0.0,0.0,0.0,0.0
290,0,0.0,-0.06436066027548677,0.0,0.0,-5.023565543721008
290,1,0.0,0.0,0.0,0.0,-1.6502409621326286
290,2,0.0,0.0,0.0,0.0,-0.045908646628374676
290,3,0.0,0.0,0.0,0.0,0.0
290,4,0.0,0.0,0.0,0.0,0.0
291,0,0.0,-0.06436066027548677,0.0,0.0,-5.043861836978938
291,1,0.0,0.0,0.0,0.0,-1.6502409621326286
291,2,0.0,0.0,0.0,0.0,-0.045908646628374676
291,3,0.0,0.0,0.0,0.0,0.0
291,4,0.0,0.0,0.0,0.0,0.0
292,0,0.0,-0.06436066027548677,0.0,0.0,-5.046509792704012
292,1,0.0,0.0,0.0,0.0,-1.6502409621326286
292,2,0.0,0.0,0.0,0.0,-0.045908646628374676
292,3,0.0,0.0,0.0,0.0,0.0
292,4,0.0,0.0,0.0,0.0,0.0
293,0,0.0,-0.06436066027548677,0.0,0.0,-5.054250175038484
293,1,0.0,0.0,0.0,0.0,-1.6502409621326286
293,2,0.0,0.0,0.0,0.0,-0.045908646628374676
293,3,0.0,0.0,0.0,0.0,0.0
293,4,0.0,0.0,0.0,0.0,0.0
294,0,0.0,-0.06436066027548677,0.0,0.0,-5.076597669086604
294,1,0.0,0.0,0.0,0.0,-1.6502409621326286
294,2,0.0,0.0,0.0,0.0,-0.045908646628374676
294,3,0.0,0.0,0.0,0.0,0.0
294,4,0.0,0.0,0.0,0.0,0.0
295,0,0.0,-0.06436066027548677,0.0,0.0,-5.080666284850949
295,1,0.0,0.0,0.0,0.0,-1.6502409621326286
295,2,0.0,0.0,0.0,0.0,-0.045908646628374676
295,3,0.0,0.0,0.0,0.0,0.0
295,4,0.0,0.0,0.0,0.0,0.0
296,0,0.0,-0.06436066027548677,0.0,0.0,-5.113327702807847
296,1,0.0,0.0,0.0,0.0,-1.6502409621326286
296,2,0.0,0.0,0.0,0.0,-0.045908646628374676
296,3,0.0,0.0,0.0,0.0,0.0
296,4,0.0,0.0,0.0,0.0,0.0
297,0,0.0,-0.06436066027548677,0.0,0.0,-5.130780443740456
297,1,0.0,0.0,0.0,0.0,-1.6502409621326286
297,2,0.0,0.0,0.0,0.0,-0.045908646628374676
297,3,0.0,0.0,0.0,0.0,0.0
297,4,0.0,0.0,0.0,0.0,0.0
298,0,0.0,-0.06436066027548677,0.0,0.0,-5.1513388906905355
298,1,0.0,0.0,0.0,0.0,-1.6502409621326286
298,2,0.0,0.0,0.0,0.0,-0.045908646628374676
298,3,0.0,0.0,0.0,0.0,0.0
298,4,0.0,0.0,0.0,0.0,0.0
299,0,0.0,-0.06436066027548677,0.0,0.0,-5.1636913785253515
299,1,0.0,0.0,0.0,0.0,-1.6502409621326286
299,2,0.0,0.0,0.0,0.0,-0.045908646628374676
299,3,0.0,0.0,0.0,0.0,0.0
299,4,0.0,0.0,0.0,0.0,0.0
300,0,0.0,-0.06436066027548677,0.0,0.0,-5.167765353595153
300,1,0.0,0.0,0.0,0.0,-1.6502409621326286
300,2,0.0,0.0,0.0,0.0,-0.045908646628374676
300,3,0.0,0.0,0.0,0.0,0.0
300,4,0.0,0.0,0.0,0.0,0.0
301,0,0.0,-0.06436066027548677,0.0,0.0,-5.172682345064078
301,1,0.0,0.0,0.0,0.0,-1.6502409621326286
301,2,0.0,0.0,0.0,0.0,-0.045908646628374676
301,3,0.0,0.0,0.0,0.0,0.0
301,4,0.0,0.0,0.0,0.0,0.0
302,0,0.0,-0.06436066027548677,0.0,0.0,-5.191269295720889
302,1,0.0,0.0,0.0,0.0,-1.6502409621326286
302,2,0.0,0.0,0.0,0.0,-0.045908646628374676
302,3,0.0,0.0,0.0,0.0,0.0
302,4,0.0,0.0,0.0,0.0,0.0
303,0,0.0,-0.06436066027548677,0.0,0.0,-5.217692034665163
303,1,0.0,0.0,0.0,0.0,-1.6502409621326286
303,2,0.0,0.0,0.0,0.0,-0.045908646628374676
303,3,0.0,0.0,0.0,0.0,0.0
303,4,0.0,0.0,0.0,0.0,0.0
304,0,0.0,-0.06436066027548677,0.0,0.0,-5.249592300566726
304,1,0.0,0.0,0.0,0.0,-1.6502409621326286
304,2,0.0,0.0,0.0,0.0,-0.045908646628374676
304,3,0.0,0.0,0.0,0.0,0.0
304,4,0.0,0.0,0.0,0.0,0.0
305,0,0.0,-0.06436066027548677,0.0,0.0,-5.2642535828369255
305,1,0.0,0.0,0.0,0.0,-1.6502409621326286
305,2,0.0,0.0,0.0,0.0,-0.045908646628374676
305,3,0.0,0.0,0.0,0.0,0.0
305,4,0.0,0.0,0.0,0.0,0.0
306,0,0.0,-0.06436066027548677,0.0,0.0,-5.2730735477992585
306,1,0.0,0.0,0.0,0.0,-1.6502409621326286
306,2,0.0,0.0,0.0,0.0,-0.045908646628374676
306,3,0.0,0.0,0.0,0.0,0.0
306,4,0.0,0.0,0.0,0.0,0.0
307,0,0.0,-0.06436066027548677,0.0,0.0,-5.283899146932713
307,1,0.0,0.0,0.0,0.0,-1.6502409621326286
307,2,0.0,0.0,0.0,0.0,-0.045908646628374676
307,3,0.0,0.0,0.0,0.0,0.0
307,4,0.0,0.0,0.0,0.0,0.0
308,0,0.0,-0.06436066027548677,0.0,0.0,-5.313964613394536
308,1,0.0,0.0,0.0,0.0,-1.6502409621326286
308,2,0.0,0.0,0.0,0.0,-0.045908646628374676
308,3,0.0,0.0,0.0,0.0,0.0
308,4,0.0,0.0,0.0,0.0,0.0
309,0,0.0,-0.06436066027548677,0.0,0.0,-5.337294887734511
309,1,0.0,0.0,0.0,0.0,-1.6502409621326286
309,2,0.0,0.0,0.0,0.0,-0.045908646628374676
309,3,0.0,0.0,0.0,0.0,0.0
309,4,0.0,0.0,0.0,0.0,0.0
310,0,0.0,-0.06436066027548677,0.0,0.0,-5.340811440560624
310,1,0.0,0.0,0.0,0.0,-1.6502409621326286
310,2,0.0,0.0,0.0,0.0,-0.045908646628374676
310,3,0.0,0.0,0.0,0.0,0.0
310,4,0.0,0.0,0.0,0.0,0.0
311,0,0.0,-0.06436066027548677,0.0,0.0,-5.361689221820847
311,1,0.0,0.0,0.0,0.0,-1.6502409621326286
311,2,0.0,0.0,0.0,0.0,-0.045908646628374676
311,3,0.0,0.0,0.0,0.0,0.0
311,4,0.0,0.0,0.0,0.0,0.0
312,0,0.0,-0.06436066027548677,0.0,0.0,-5.373359688274752
312,1,0.0,0.0,0.0,0.0,-1.6502409621326286
312,2,0.0,0.0,0.0,0.0,-0.045908646628374676
312,3,0.0,0.0,0.0,0.0,0.0
312,4,0.0,0.0,0.0,0.0,0.0
313,0,0.0,-0.06436066027548677,0.0,0.0,-5.388478480241014
313,1,0.0,0.0,0.0,0.0,-1.6502409621326286
313,2,0.0,0.0,0.0,0.0,-0.045908646628374676
313,3,0.0,0.0,0.0,0.0,0.0
313,4,0.0,0.0,0.0,0.0,0.0
314,0,0.0,-0.06436066027548677,0.0,0.0,-5.409190119902482
314,1,0.0,0.0,0.0,0.0,-1.6502409621326286
314,2,0.0,0.0,0.0,0.0,-0.045908646628374676
314,3,0.0,0.0,0.0,0.0,0.0
314,4,0.0,0.0,0.0,0.0,0.0
315,0,0.0,-0.06436066027548677,0.0,0.0,-5.432208431169548
315,1,0.0,0.0,0.0,0.0,-1.6502409621326286
315,2,0.0,0.0,0.0,0.0,-0.045908646628374676
315,3,0.0,0.0,0.0,0.0,0.0
315,4,0.0,0.0,0.0,0.0,0.0
316,0,0.0,-0.06436066027548677,0.0,0.0,-5.439019028356417
316,1,0.0,0.0,0.0,0.0,-1.6502409621326286
316,2,0.0,0.0,0.0,0.0,-0.045908646628374676
316,3,0.0,0.0,0.0,0.0,0.0
316,4,0.0,0.0,0.0,0.0,0.0
317,0,0.0,-0.06436066027548677,0.0,0.0,-5.457584804027329
317,1,0.0,0.0,0.0,0.0,-1.6502409621326286
317,2,0.0,0.0,0.0,0.0,-0.045908646628374676
317,3,0.0,0.0,0.0,0.0,0.0
317,4,0.0,0.0,0.0,0.0,0.0
318,0,0.0,-0.06436066027548677,0.0,0.0,-5.482388806965096
318,1,0.0,0.0,0.0,0.0,-1.6502409621326286
318,2,0.0,0.0,0.0,0.0,-0.045908646628374676
318,3,0.0,0.0,0.0,0.0,0.0
318,4,0.0,0.0,0.0,0.0,0.0
319,0,0.0,-0.06436066027548677,0.0,0.0,-5.506814738748911
319,1,0.0,0.0,0.0,0.0,-1.6502409621326286
319,2,0.0,0.0,0.0,0.0,-0.045908646628374676
319,3,0.0,0.0,0.0,0.0,0.0
319,4,0.0,0.0,0.0,0.0,0.0
320,0,0.0,-0.06436066027548677,0.0,0.0,-5.523044052213396
320,1,0.0,0.0,0.0,0.0,-1.6502409621326286
320,2,0.0,0.0,0.0,0.0,-0.045908646628374676
320,3,0.0,0.0,0.0,0.0,0.0
320,4,0.0,0.0,0.0,0.0,0.0
321,0,0.0,-0.06436066027548677,0.0,0.0,-5.532293410517884
321,1,0.0,0.0,0.0,0.0,-1.6502409621326286
321,2,0.0,0.0,0.0,0.0,-0.045908646628374676
321,3,0.0,0.0,0.0,0.0,0.0
321,4,0.0,0.0,0.0,0.0,0.0
322,0,0.0,-0.06436066027548677,0.0,0.0,-5.544230938560068
322,1,0.0,0.0,0.0,0.0,-1.6502409621326286
322,2,0.0,0.0,0.0,0.0,-0.045908646628374676
322,3,0.0,0.0,0.0,0.0,0.0
322,4,0.0,0.0,0.0,0.0,0.0
323,0,0.0,-0.06436066027548677,0.0,0.0,-5.557648190818486
323,1,0.0,0.0,0.0,0.0,-1.6502409621326286
323,2,0.0,0.0,0.0,0.0,-0.045908646628374676
323,3,0.0,0.0,0.0,0.0,0.0
323,4,0.0,0.0,0.0,0.0,0.0
324,0,0.0,-0.06436066027548677,0.0,0.0,-5.573656925667675
324,1,0.0,0.0,0.0,0.0,-1.6502409621326286
324,2,0.0,0.0,0.0,0.0,-0.045908646628374676
324,3,0.0,0.0,0.0,0.0,0.0
324,4,0.0,0.0,0.0,0.0,0.0
325,0,0.0,-0.06436066027548677,0.0,0.0,-5.585316052316793
325,1,0.0,0.0,0.0,0.0,-1.6502409621326286
325,2,0.0,0.0,0.0,0.0,-0.045908646628374676
325,3,0.0,0.0,0.0,0.0,0.0
325,4,0.0,0.0,0.0,0.0,0.0
326,0,0.0,-0.06436066027548677,0.0,0.0,-5.605688435561608
326,1,0.0,0.0,0.0,0.0,-1.6502409621326286
326,2,0.0,0.0,0.0,0.0,-0.045908646628374676
326,3,0.0,0.0,0.0,0.0,0.0
326,4,0.0,0.0,0.0,0.0,0.0
327,0,0.0,-0.06436066027548677,0.0,0.0,-5.620153485944239
327,1,0.0,0.0,0.0,0.0,-1.6502409621326286
327,2,0.0,0.0,0.0,0.0,-0.045908646628374676
327,3,0.0,0.0,0.0,0.0,0.0
327,4,0.0,0.0,0.0,0.0,0.0
328,0,0.0,-0.06436066027548677,0.0,0.0,-5.620413278195624
328,1,0.0,0.0,0.0,0.0,-1.6502409621326286
328,2,0.0,0.0,0.0,0.0,-0.045908646628374676
328,3,0.0,0.0,0.0,0.0,0.0
328,4,0.0,0.0,0.0,0.0,0.0
329,0,0.0,-0.06436066027548677,0.0,0.0,-5.635959899127875
329,1,0.0,0.0,0.0,0.0,-1.6502409621326286
329,2,0.0,0.0,0.0,0.0,-0.045908646628374676
329,3,0.0,0.0,0.0,0.0,0.0
329,4,0.0,0.0,0.0,0.0,0.0
330,0,0.0,-0.06436066027548677,0.0,0.0,-5.645072555027285
330,1,0.0,0.0,0.0,0.0,-1.6502409621326286
330,2,0.0,0.0,0.0,0.0,-0.045908646628374676
330,3,0.0,0.0,0.0,0.0,0.0
330,4,0.0,0.0,0.0,0.0,0.0
331,0,0.0,-0.06436066027548677,0.0,0.0,-5.653761250890057
331,1,0.0,0.0,0.0,0.0,-1.6502409621326286
331,2,0.0,0.0,0.0,0.0,-0.045908646628374676
331,3,0.0,0.0,0.0,0.0,0.0
331,4,0.0,0.0,0.0,0.0,0.0
332,0,0.0,-0.06436066027548677,0.0,0.0,-5.673953138843129
332,1,0.0,0.0,0.0,0.0,-1.6502409621326286
332,2,0.0,0.0,0.0,0.0,-0.045908646628374676
332,3,0.0,0.0,0.0,0.0,0.0
332,4,0.0,0.0,0.0,0.0,0.0
333,0,0.0,-0.06436066027548677,0.0,0.0,-5.685472689939272
333,1,0.0,0.0,0.0,0.0,-1.6502409621326286
333,2,0.0,0.0,0.0,0.0,-0.045908646628374676
333,3,0.0,0.0,0.0,0.0,0.0
333,4,0.0,0.0,0.0,0.0,0.0
334,0,0.0,-0.06436066027548677,0.0,0.0,-5.708787947091125
334,1,0.0,0.0,0.0,0.0,-1.6502409621326286
334,2,0.0,0.0,0.0,0.0,-0.045908646628374676
334,3,0.0,0.0,0.0,0.0,0.0
334,4,0.0,0.0,0.0,0.0,0.0
335,0,0.0,-0.06436066027548677,0.0,0.0,-5.711215035386115
335,1,0.0,0.0,0.0,0.0,-1.6502409621326286
335,2,0.0,0.0,0.0,0.0,-0.045908646628374676
335,3,0.0,0.0,0.0,0.0,0.0
335,4,0.0,0.0,0.0,0.0,0.0
336,0,0.0,-0.06436066027548677,0.0,0.0,-5.732811192490712
336,1,0.0,0.0,0.0,0.0,-1.6502409621326286
336,2,0.0,0.0,0.0,0.0,-0.045908646628374676
336,3,0.0,0.0,0.0,0.0,0.0
336,4,0.0,0.0,0.0,0.0,0.0
337,0,0.0,-0.06436066027548677,0.0,0.0,-5.767217122136072
337,1,0.0,0.0,0.0,0.0,-1.6502409621326286
337,2,0.0,0.0,0.0,0.0,-0.045908646628374676
337,3,0.0,0.0,0.0,0.0,0.0
337,4,0.0,0.0,0.0,0.0,0.0
338,0,0.0,-0.06436066027548677,0.0,0.0,-5.772259484686327
338,1,0.0,0.0,0.0,0.0,-1.6502409621326286
338,2,0.0,0.0,0.0,0.0,-0.045908646628374676
338,3,0.0,0.0,0.0,0.0,0.0
338,4,0.0,0.0,0.0,0.0,0.0
339,0,0.0,-0.06436066027548677,0.0,0.0,-5.771772244084149
339,1,0.0,0.0,0.0,0.0,-1.6502409621326286
339,2,0.0,0.0,0.0,0.0,-0.045908646628374676
339,3,0.0,0.0,0.0,0.0,0.0
339,4,0.0,0.0,0.0,0.0,0.0
340,0,0.0,-0.06436066027548677,0.0,0.0,-5.800030698324531
340,1,0.0,0.0,0.0,0.0,-1.6502409621326286
340,2,0.0,0.0,0.0,0.0,-0.045908646628374676
340,3,0.0,0.0,0.0,0.0,0.0
340,4,0.0,0.0,0.0,0.0,0.0
341,0,0.0,-0.06436066027548677,0.0,0.0,-5.8115098914798935
341,1,0.0,0.0,0.0,0.0,-1.6502409621326286
341,2,0.0,0.0,0.0,0.0,-0.045908646628374676
341,3,0.0,0.0,0.0,0.0,0.0
341,4,0.0,0.0,0.0,0.0,0.0
342,0,0.0,-0.06436066027548677,0.0,0.0,-5.827436503474043
342,1,0.0,0.0,0.0,0.0,-1.6502409621326286
342,2,0.0,0.0,0.0,0.0,-0.045908646628374676
342,3,0.0,0.0,0.0,0.0,0.0
342,4,0.0,0.0,0.0,0.0,0.0
343,0,0.0,-0.06436066027548677,0.0,0.0,-5.8328794507574075
343,1,0.0,0.0,0.0,0.0,-1.6502409621326286
343,2,0.0,0.0,0.0,0.0,-0.045908646628374676
343,3,0.0,0.0,0.0,0.0,0.0
343,4,0.0,0.0,0.0,0.0,0.0
344,0,0.0,-0.06436066027548677,0.0,0.0,-5.851292161030267
344,1,0.0,0.0,0.0,0.0,-1.6502409621326286
344,2,0.0,0.0,0.0,0.0,-0.045908646628374676
344,3,0.0,0.0,0.0,0.0,0.0
344,4,0.0,0.0,0.0,0.0,0.0
345,0,0.0,-0.06436066027548677,0.0,0.0,-5.861498907750478
345,1,0.0,0.0,0.0,0.0,-1.6502409621326286
345,2,0.0,0.0,0.0,0.0,-0.045908646628374676
345,3,0.0,0.0,0.0,0.0,0.0
345,4,0.0,0.0,0.0,0.0,0.0
346,0,0.0,-0.06436066027548677,0.0,0.0,-5.892571736361731
346,1,0.0,0.0,0.0,0.0,-1.6502409621326286
346,2,0.0,0.0,0.0,0.0,-0.045908646628374676
346,3,0.0,0.0,0.0,0.0,0.0
346,4,0.0,0.0,0.0,0.0,0.0
347,0,0.0,-0.06436066027548677,0.0,0.0,-5.8983790841870185
347,1,0.0,0.0,0.0,0.0,-1.6502409621326286
347,2,0.0,0.0,0.0,0.0,-0.045908646628374676
347,3,0.0,0.0,0.0,0.0,0.0
347,4,0.0,0.0,0.0,0.0,0.0
348,0,0.0,-0.06436066027548677,0.0,0.0,-5.905316206187539
348,1,0.0,0.0,0.0,0.0,-1.6502409621326286
348,2,0.0,0.0,0.0,0.0,-0.045908646628374676
348,3,0.0,0.0,0.0,0.0,0.0
348,4,0.0,0.0,0.0,0.0,0.0
349,0,0.0,-0.06436066027548677,0.0,0.0,-5.910758918319866
349,1,0.0,0.0,0.0,0.0,-1.6502409621326286
349,2,0.0,0.0,0.0,0.0,-0.045908646628374676
349,3,0.0,0.0,0.0,0.0,0.0
349,4,0.0,0.0,0.0,0.0,0.0
350,0,0.0,-0.06436066027548677,0.0,0.0,-5.925682206744409
350,1,0.0,0.0,0.0,0.0,-1.6502409621326286
350,2,0.0,0.0,0.0,0.0,-0.045908646628374676
350,3,0.0,0.0,0.0,0.0,0.0
350,4,0.0,0.0,0.0,0.0,0.0
351,0,0.0,-0.06436066027548677,0.0,0.0,-5.939025193075387
351,1,0.0,0.0,0.0,0.0,-1.6502409621326286
351,2,0.0,0.0,0.0,0.0,-0.045908646628374676
351,3,0.0,0.0,0.0,0.0,0.0
351,4,0.0,0.0,0.0,0.0,0.0
352,0,0.0,-0.06436066027548677,0.0,0.0,-5.943321068879992
352,1,0.0,0.0,0.0,0.0,-1.6502409621326286
352,2,0.0,0.0,0.0,0.0,-0.045908646628374676
352,3,0.0,0.0,0.0,0.0,0.0
352,4,0.0,0.0,0.0,0.0,0.0
353,0,0.0,-0.06436066027548677,0.0,0.0,-5.966903207042281
353,1,0.0,0.0,0.0,0.0,-1.6502409621326286
353,2,0.0,0.0,0.0,0.0,-0.045908646628374676
353,3,0.0,0.0,0.0,0.0,0.0
353,4,0.0,0.0,0.0,0.0,0.0
354,0,0.0,-0.06436066027548677,0.0,0.0,-5.9767924846262215
354,1,0.0,0.0,0.0,0.0,-1.6502409621326286
354,2,0.0,0.0,0.0,0.0,-0.045908646628374676
354,3,0.0,0.0,0.0,0.0,0.0
354,4,0.0,0.0,0.0,0.0,0.0
355,0,0.0,-0.06436066027548677,0.0,0.0,-5.980084116479797
355,1,0.0,0.0,0.0,0.0,-1.6502409621326286
355,2,0.0,0.0,0.0,0.0,-0.045908646628374676
355,3,0.0,0.0,0.0,0.0,0.0
355,4,0.0,0.0,0.0,0.0,0.0
356,0,0.0,-0.06436066027548677,0.0,0.0,-6.012520253576675
356,1,0.0,0.0,0.0,0.0,-1.6502409621326286
356,2,0.0,0.0,0.0,0.0,-0.045908646628374676
356,3,0.0,0.0,0.0,0.0,0.0
356,4,0.0,0.0,0.0,0.0,0.0
357,0,0.0,-0.06436066027548677,0.0,0.0,-6.031337019724192
357,1,0.0,0.0,0.0,0.0,-1.6502409621326286
357,2,0.0,0.0,0.0,0.0,-0.045908646628374676
357,3,0.0,0.0,0.0,0.0,0.0
357,4,0.0,0.0,0.0,0.0,0.0
358,0,0.0,-0.06436066027548677,0.0,0.0,-6.0418148071579925
358,1,0.0,0.0,0.0,0.0,-1.6502409621326286
358,2,0.0,0.0,0.0,0.0,-0.045908646628374676
358,3,0.0,0.0,0.0,0.0,0.0
358,4,0.0,0.0,0.0,0.0,0.0
359,0,0.0,-0.06436066027548677,0.0,0.0,-6.06201458256215
359,1,0.0,0.0,0.0,0.0,-1.6502409621326286
359,2,0.0,0.0,0.0,0.0,-0.045908646628374676
359,3,0.0,0.0,0.0,0.0,0.0
359,4,0.0,0.0,0.0,0.0,0.0
360,0,0.0,-0.06436066027548677,0.0,0.0,-6.090891980271347
360,1,0.0,0.0,0.0,0.0,-1.6502409621326286
360,2,0.0,0.0,0.0,0.0,-0.045908646628374676
360,3,0.0,0.0,0.0,0.0,0.0
360,4,0.0,0.0,0.0,0.0,0.0
361,0,0.0,-0.06436066027548677,0.0,0.0,-6.097949765145875
361,1,0.0,0.0,0.0,0.0,-1.6502409621326286
361,2,0.0,0.0,0.0,0.0,-0.045908646628374676
361,3,0.0,0.0,0.0,0.0,0.0
361,4,0.0,0.0,0.0,0.0,0.0
362,0,0.0,-0.06436066027548677,0.0,0.0,-6.113358936396103
362,1,0.0,0.0,0.0,0.0,-1.6502409621326286
362,2,0.0,0.0,0.0,0.0,-0.045908646628374676
362,3,0.0,0.0,0.0,0.0,0.0
362,4,0.0,0.0,0.0,0.0,0.0
363,0,0.0,-0.06436066027548677,0.0,0.0,-6.128376168026221
363,1,0.0,0.0,0.0,0.0,-1.6502409621326286
363,2,0.0,0.0,0.0,0.0,-0.045908646628374676
363,3,0.0,0.0,0.0,0.0,0.0
363,4,0.0,0.0,0.0,0.0,0.0
364,0,0.0,-0.06436066027548677,0.0,0.0,-6.152934652808006
364,1,0.0,0.0,0.0,0.0,-1.6502409621326286
364,2,0.0,0.0,0.0,0.0,-0.045908646628374676
364,3,0.0,0.0,0.0,0.0,0.0
364,4,0.0,0.0,0.0,0.0,0.0
365,0,0.0,-0.06436066027548677,0.0,0.0,-6.190204409169727
365,1,0.0,0.0,0.0,0.0,-1.6502409621326286
365,2,0.0,0.0,0.0,0.0,-0.045908646628374676
365,3,0.0,0.0,0.0,0.0,0.0
365,4,0.0,0.0,0.0,0.0,0.0
366,0,0.0,-0.06436066027548677,0.0,0.0,-6.218213825923334
366,1,0.0,0.0,0.0,0.0,-1.6502409621326286
366,2,0.0,0.0,0.0,0.0,-0.045908646628374676
366,3,0.0,0.0,0.0,0.0,0.0
366,4,0.0,0.0,0.0,0.0,0.0
367,0,0.0,-0.06436066027548677,0.0,0.0,-6.219948888319439
367,1,0.0,0.0,0.0,0.0,-1.6502409621326286
367,2,0.0,0.0,0.0,0.0,-0.045908646628374676
367,3,0.0,0.0,0.0,0.0,0.0
367,4,0.0,0.0,0.0,0.0,0.0
368,0,0.0,-0.06436066027548677,0.0,0.0,-6.23451938694114
368,1,0.0,0.0,0.0,0.0,-1.6502409621326286
368,2,0.0,0.0,0.0,0.0,-0.045908646628374676
368,3,0.0,0.0,0.0,0.0,0.0
368,4,0.0,0.0,0.0,0.0,0.0
369,0,0.0,-0.06436066027548677,0.0,0.0,-6.249438979074569
369,1,0.0,0.0,0.0,0.0,-1.6502409621326286
369,2,0.0,0.0,0.0,0.0,-0.045908646628374676
369,3,0.0,0.0,0.0,0.0,0.0
369,4,0.0,0.0,0.0,0.0,0.0
370,0,0.0,-0.06436066027548677,0.0,0.0,-6.251980227288824
370,1,0.0,0.0,0.0,0.0,-1.6502409621326286
370,2,0.0,0.0,0.0,0.0,-0.045908646628374676
370,3,0.0,0.0,0.0,0.0,0.0
370,4,0.0,0.0,0.0,0.0,0.0
371,0,0.0,-0.06436066027548677,0.0,0.0,-6.272902010183466
371,1,0.0,0.0,0.0,0.0,-1.6502409621326286
371,2,0.0,0.0,0.0,0.0,-0.045908646628374676
371,3,0.0,0.0,0.0,0.0,0.0
371,4,0.0,0.0,0.0,0.0,0.0
372,0,0.0,-0.06436066027548677,0.0,0.0,-6.2871120901299085
372,1,0.0,0.0,0.0,0.0,-1.6502409621326286
372,2,0.0,0.0,0.0,0.0,-0.045908646628374676
372,3,0.0,0.0,0.0,0.0,0.0
372,4,0.0,0.0,0.0,0.0,0.0
373,0,0.0,-0.06436066027548677,0.0,0.0,-6.29120131078311
373,1,0.0,0.0,0.0,0.0,-1.6502409621326286
373,2,0.0,0.0,0.0,0.0,-0.045908646628374676
373,3,0.0,0.0,0.0,0.0,0.0
373,4,0.0,0.0,0.0,0.0,0.0
374,0,0.0,-0.06436066027548677,0.0,0.0,-6.315073978766289
374,1,0.0,0.0,0.0,0.0,-1.6502409621326286
374,2,0.0,0.0,0.0,0.0,-0.045908646628374676
374,3,0.0,0.0,0.0,0.0,0.0
374,4,0.0,0.0,0.0,0.0,0.0
375,0,0.0,-0.06436066027548677,0.0,0.0,-6.324663652001037
375,1,0.0,0.0,0.0,0.0,-1.6502409621326286
375,2,0.0,0.0,0.0,0.0,-0.045908646628374676
375,3,0.0,0.0,0.0,0.0,0.0
375,4,0.0,0.0,0.0,0.0,0.0
376,0,0.0,-0.06436066027548677,0.0,0.0,-6.339794675701266
376,1,0.0,0.0,0.0,0.0,-1.6502409621326286
376,2,0.0,0.0,0.0,0.0,-0.045908646628374676
376,3,0.0,0.0,0.0,0.0,0.0
376,4,0.0,0.0,0.0,0.0,0.0
377,0,0.0,-0.06436066027548677,0.0,0.0,-6.351539712120716
377,1,0.0,0.0,0.0,0.0,-1.6502409621326286
377,2,0.0,0.0,0.0,0.0,-0.045908646628374676
377,3,0.0,0.0,0.0,0.0,0.0
377,4,0.0,0.0,0.0,0.0,0.0
378,0,0.0,-0.06436066027548677,0.0,0.0,-6.358256884262962
378,1,0.0,0.0,0.0,0.0,-1.6502409621326286
378,2,0.0,0.0,0.0,0.0,-0.045908646628374676
378,3,0.0,0.0,0.0,0.0,0.0
378,4,0.0,0.0,0.0,0.0,0.0
379,0,0.0,-0.06436066027548677,0.0,0.0,-6.377253113910754
379,1,0.0,0.0,0.0,0.0,-1.6502409621326286
379,2,0.0,0.0,0.0,0.0,-0.045908646628374676
379,3,0.0,0.0,0.0,0.0,0.0
379,4,0.0,0.0,0.0,0.0,0.0
380,0,0.0,-0.06436066027548677,0.0,0.0,-6.387991536462119
380,1,0.0,0.0,0.0,0.0,-1.6502409621326286
380,2,0.0,0.0,0.0,0.0,-0.045908646628374676
380,3,0.0,0.0,0.0,0.0,0.0
380,4,0.0,0.0,0.0,0.0,0.0
381,0,0.0,-0.06436066027548677,0.0,0.0,-6.415074380323847
381,1,0.0,0.0,0.0,0.0,-1.6502409621326286
381,2,0.0,0.0,0.0,0.0,-0.045908646628374676
381,3,0.0,0.0,0.0,0.0,0.0
381,4,0.0,0.0,0.0,0.0,0.0
382,0,0.0,-0.06436066027548677,0.0,0.0,-6.424832449584724
382,1,0.0,0.0,0.0,0.0,-1.6502409621326286
382,2,0.0,0.0,0.0,0.0,-0.045908646628374676
382,3,0.0,0.0,0.0,0.0,0.0
382,4,0.0,0.0,0.0,0.0,0.0
383,0,0.0,-0.06436066027548677,0.0,0.0,-6.4365559489791755
383,1,0.0,0.0,0.0,0.0,-1.6502409621326286
383,2,0.0,0.0,0.0,0.0,-0.045908646628374676
383,3,0.0,0.0,0.0,0.0,0.0
383,4,0.0,0.0,0.0,0.0,0.0
384,0,0.0,-0.06436066027548677,0.0,0.0,-6.43867324528762
384,1,0.0,0.0,0.0,0.0,-1.6502409621326286
384,2,0.0,0.0,0.0,0.0,-0.045908646628374676
384,3,0.0,0.0,0.0,0.0,0.0
384,4,0.0,0.0,0.0,0.0,0.0
385,0,0.0,-0.06436066027548677,0.0,0.0,-6.442453764878893
385,1,0.0,0.0,0.0,0.0,-1.6502409621326286
385,2,0.0,0.0,0.0,0.0,-0.045908646628374676
385,3,0.0,0.0,0.0,0.0,0.0
385,4,0.0,0.0,0.0,0.0,0.0
386,0,0.0,-0.06436066027548677,0.0,0.0,-6.44638443174854
386,1,0.0,0.0,0.0,0.0,-1.6502409621326286
386,2,0.0,0.0,0.0,0.0,-0.045908646628374676
386,3,0.0,0.0,0.0,0.0,0.0
386,4,0.0,0.0,0.0,0.0,0.0
387,0,0.0,-0.06436066027548677,0.0,0.0,-6.464017210938708
387,1,0.0,0.0,0.0,0.0,-1.6502409621326286
387,2,0.0,0.0,0.0,0.0,-0.045908646628374676
387,3,0.0,0.0,0.0,0.0,0.0
387,4,0.0,0.0,0.0,0.0,0.0
388,0,0.0,-0.06436066027548677,0.0,0.0,-6.470828673435681
388,1,0.0,0.0,0.0,0.0,-1.6502409621326286
388,2,0.0,0.0,0.0,0.0,-0.045908646628374676
388,3,0.0,0.0,0.0,0.0,0.0
388,4,0.0,0.0,0.0,0.0,0.0
389,0,0.0,-0.06436066027548677,0.0,0.0,-6.4801095311503545
389,1,0.0,0.0,0.0,0.0,-1.6502409621326286
389,2,0.0,0.0,0.0,0.0,-0.045908646628374676
389,3,0.0,0.0,0.0,0.0,0.0
389,4,0.0,0.0,0.0,0.0,0.0
390,0,0.0,-0.06436066027548677,0.0,0.0,-6.517192857102692
390,1,0.0,0.0,0.0,0.0,-1.6502409621326286
390,2,0.0,0.0,0.0,0.0,-0.045908646628374676
390,3,0.0,0.0,0.0,0.0,0.0
390,4,0.0,0.0,0.0,0.0,0.0
391,0,0.0,-0.06436066027548677,0.0,0.0,-6.549608387645405
391,1,0.0,0.0,0.0,0.0,-1.6502409621326286
391,2,0.0,0.0,0.0,0.0,-0.045908646628374676
391,3,0.0,0.0,0.0,0.0,0.0
391,4,0.0,0.0,0.0,0.0,0.0
392,0,0.0,-0.06436066027548677,0.0,0.0,-6.5523004965668115
392,1,0.0,0.0,0.0,0.0,-1.6502409621326286
392,2,0.0,0.0,0.0,0.0,-0.045908646628374676
392,3,0.0,0.0,0.0,0.0,0.0
392,4,0.0,0.0,0.0,0.0,0.0
393,0,0.0,-0.06436066027548677,0.0,0.0,-6.569759310280742
393,1,0.0,0.0,0.0,0.0,-1.6502409621326286
393,2,0.0,0.0,0.0,0.0,-0.045908646628374676
393,3,0.0,0.0,0.0,0.0,0.0
393,4,0.0,0.0,0.0,0.0,0.0
394,0,0.0,-0.06436066027548677,0.0,0.0,-6.596707491696691
394,1,0.0,0.0,0.0,0.0,-1.6502409621326286
394,2,0.0,0.0,0.0,0.0,-0.045908646628374676
394,3,0.0,0.0,0.0,0.0,0.0
394,4,0.0,0.0,0.0,0.0,0.0
395,0,0.0,-0.06436066027548677,0.0,0.0,-6.596496129808417
395,1,0.0,0.0,0.0,0.0,-1.6502409621326286
395,2,0.0,0.0,0.0,0.0,-0.045908646628374676
395,3,0.0,0.0,0.0,0.0,0.0
395,4,0.0,0.0,0.0,0.0,0.0
396,0,0.0,-0.06436066027548677,0.0,0.0,-6.598378570143514
396,1,0.0,0.0,0.0,0.0,-1.6502409621326286
396,2,0.0,0.0,0.0,0.0,-0.045908646628374676
396,3,0.0,0.0,0.0,0.0,0.0
396,4,0.0,0.0,0.0,0.0,0.0
397,0,0.0,-0.06436066027548677,0.0,0.0,-6.602009467018304
397,1,0.0,0.0,0.0,0.0,-1.6502409621326286
397,2,0.0,0.0,0.0,0.0,-0.045908646628374676
397,3,0.0,0.0,0.0,0.0,0.0
397,4,0.0,0.0,0.0,0.0,0.0
398,0,0.0,-0.06436066027548677,0.0,0.0,-6.602334557076346
398,1,0.0,0.0,0.0,0.0,-1.6502409621326286
398,2,0.0,0.0,0.0,0.0,-0.045908646628374676
398,3,0.0,0.0,0.0,0.0,0.0
398,4,0.0,0.0,0.0,0.0,0.0
399,0,0.0,-0.06436066027548677,0.0,0.0,-6.604051549361704
399,1,0.0,0.0,0.0,0.0,-1.6502409621326286
399,2,0.0,0.0,0.0,0.0,-0.045908646628374676
399,3,0.0,0.0,0.0,0.0,0.0
399,4,0.0,0.0,0.0,0.0,0.0
400,0,0.0,-0.06436066027548677,0.0,0.0,-6.61154524438098
400,1,0.0,0.0,0.0,0.0,-1.6502409621326286
400,2,0.0,0.0,0.0,0.0,-0.045908646628374676
400,3,0.0,0.0,0.0,0.0,0.0
400,4,0.0,0.0,0.0,0.0,0.0
401,0,0.0,-0.06436066027548677,0.0,0.0,-6.618875099124204
401,1,0.0,0.0,0.0,0.0,-1.6502409621326286
401,2,0.0,0.0,0.0,0.0,-0.045908646628374676
401,3,0.0,0.0,0.0,0.0,0.0
401,4,0.0,0.0,0.0,0.0,0.0
402,0,0.0,-0.06436066027548677,0.0,0.0,-6.6197830624804626
402,1,0.0,0.0,0.0,0.0,-1.6502409621326286
402,2,0.0,0.0,0.0,0.0,-0.045908646628374676
402,3,0.0,0.0,0.0,0.0,0.0
402,4,0.0,0.0,0.0,0.0,0.0
403,0,0.0,-0.06436066027548677,0.0,0.0,-6.630647645682901
403,1,0.0,0.0,0.0,0.0,-1.6502409621326286
403,2,0.0,0.0,0.0,0.0,-0.045908646628374676
403,3,0.0,0.0,0.0,0.0,0.0
403,4,0.0,0.0,0.0,0.0,0.0
404,0,0.0,-0.06436066027548677,0.0,0.0,-6.6439711166396265
404,1,0.0,0.0,0.0,0.0,-1.6502409621326286
404,2,0.0,0.0,0.0,0.0,-0.045908646628374676
404,3,0.0,0.0,0.0,0.0,0.0
404,4,0.0,0.0,0.0,0.0,0.0
405,0,0.0,-0.06436066027548677,0.0,0.0,-6.651334253982941
405,1,0.0,0.0,0.0,0.0,-1.6502409621326286
405,2,0.0,0.0,0.0,0.0,-0.045908646628374676
405,3,0.0,0.0,0.0,0.0,0.0
405,4,0.0,0.0,0.0,0.0,0.0
406,0,0.0,-0.06436066027548677,0.0,0.0,-6.668103277733926
406,1,0.0,0.0,0.0,0.0,-1.6502409621326286
406,2,0.0,0.0,0.0,0.0,-0.045908646628374676
406,3,0.0,0.0,0.0,0.0,0.0
406,4,0.0,0.0,0.0,0.0,0.0
407,0,0.0,-0.06436066027548677,0.0,0.0,-6.688143992661556
407,1,0.0,0.0,0.0,0.0,-1.6502409621326286
407,2,0.0,0.0,0.0,0.0,-0.045908646628374676
407,3,0.0,0.0,0.0,0.0,0.0
407,4,0.0,0.0,0.0,0.0,0.0
408,0,0.0,-0.06436066027548677,0.0,0.0,-6.684939171698382
408,1,0.0,0.0,0.0,0.0,-1.6502409621326286
408,2,0.0,0.0,0.0,0.0,-0.045908646628374676
408,3,0.0,0.0,0.0,0.0,0.0
408,4,0.0,0.0,0.0,0.0,0.0
409,0,0.0,-0.06436066027548677,0.0,0.0,-6.686250663166895
409,1,0.0,0.0,0.0,0.0,-1.6502409621326286
409,2,0.0,0.0,0.0,0.0,-0.045908646628374676
409,3,0.0,0.0,0.0,0.0,0.0
409,4,0.0,0.0,0.0,0.0,0.0
410,0,0.0,-0.06436066027548677,0.0,0.0,-6.705599178561214
410,1,0.0,0.0,0.0,0.0,-1.6502409621326286
410,2,0.0,0.0,0.0,0.0,-0.045908646628374676
410,3,0.0,0.0,0.0,0.0,0.0
410,4,0.0,0.0,0.0,0.0,0.0
411,0,0.0,-0.06436066027548677,0.0,0.0,-6.711936781062166
411,1,0.0,0.0,0.0,0.0,-1.6502409621326286
411,2,0.0,0.0,0.0,0.0,-0.045908646628374676
411,3,0.0,0.0,0.0,0.0,0.0
411,4,0.0,0.0,0.0,0.0,0.0
412,0,0.0,-0.06436066027548677,0.0,0.0,-6.746388328736429
412,1,0.0,0.0,0.0,0.0,-1.6502409621326286
412,2,0.0,0.0,0.0,0.0,-0.045908646628374676
412,3,0.0,0.0,0.0,0.0,0.0
412,4,0.0,0.0,0.0,0.0,0.0
413,0,0.0,-0.06436066027548677,0.0,0.0,-6.75116699776648
413,1,0.0,0.0,0.0,0.0,-1.6502409621326286
413,2,0.0,0.0,0.0,0.0,-0.045908646628374676
413,3,0.0,0.0,0.0,0.0,0.0
413,4,0.0,0.0,0.0,0.0,0.0
414,0,0.0,-0.06436066027548677,0.0,0.0,-6.762842931327331
414,1,0.0,0.0,0.0,0.0,-1.6502409621326286
414,2,0.0,0.0,0.0,0.0,-0.045908646628374676
414,3,0.0,0.0,0.0,0.0,0.0
414,4,0.0,0.0,0.0,0.0,0.0
415,0,0.0,-0.06436066027548677,0.0,0.0,-6.781876130948069
415,1,0.0,0.0,0.0,0.0,-1.6502409621326286
415,2,0.0,0.0,0.0,0.0,-0.045908646628374676
415,3,0.0,0.0,0.0,0.0,0.0
415,4,0.0,0.0,0.0,0.0,0.0
416,0,0.0,-0.06436066027548677,0.0,0.0,-6.788313096466762
416,1,0.0,0.0,0.0,0.0,-1.6502409621326286
416,2,0.0,0.0,0.0,0.0,-0.045908646628374676
416,3,0.0,0.0,0.0,0.0,0.0
416,4,0.0,0.0,0.0,0.0,0.0
417,0,0.0,-0.06436066027548677,0.0,0.0,-6.8039481041047
417,1,0.0,0.0,0.0,0.0,-1.6502409621326286
417,2,0.0,0.0,0.0,0.0,-0.045908646628374676
417,3,0.0,0.0,0.0,0.0,0.0
417,4,0.0,0.0,0.0,0.0,0.0
418,0,0.0,-0.06436066027548677,0.0,0.0,-6.805706267059182
418,1,0.0,0.0,0.0,0.0,-1.6502409621326286
418,2,0.0,0.0,0.0,0.0,-0.045908646628374676
418,3,0.0,0.0,0.0,0.0,0.0
418,4,0.0,0.0,0.0,0.0,0.0
419,0,0.0,-0.06436066027548677,0.0,0.0,-6.808399391357955
419,1,0.0,0.0,0.0,0.0,-1.6502409621326286
419,2,0.0,0.0,0.0,0.0,-0.045908646628374676
419,3,0.0,0.0,0.0,0.0,0.0
419,4,0.0,0.0,0.0,0.0,0.0
420,0,0.0,-0.06436066027548677,0.0,0.0,-6.8337876344051764
420,1,0.0,0.0,0.0,0.0,-1.6502409621326286
420,2,0.0,0.0,0.0,0.0,-0.045908646628374676
420,3,0.0,0.0,0.0,0.0,0.0
420,4,0.0,0.0,0.0,0.0,0.0
421,0,0.0,-0.06436066027548677,0.0,0.0,-6.848241383443063
421,1,0.0,0.0,0.0,0.0,-1.6502409621326286
421,2,0.0,0.0,0.0,0.0,-0.045908646628374676
421,3,0.0,0.0,0.0,0.0,0.0
421,4,0.0,0.0,0.0,0.0,0.0
422,0,0.0,-0.06436066027548677,0.0,0.0,-6.8494849878035255
422,1,0.0,0.0,0.0,0.0,-1.6502409621326286
422,2,0.0,0.0,0.0,0.0,-0.045908646628374676
422,3,0.0,0.0,0.0,0.0,0.0
422,4,0.0,0.0,0.0,0.0,0.0
423,0,0.0,-0.06436066027548677,0.0,0.0,-6.876704855639798
423,1,0.0,0.0,0.0,0.0,-1.6502409621326286
423,2,0.0,0.0,0.0,0.0,-0.045908646628374676
423,3,0.0,0.0,0.0,0.0,0.0
423,4,0.0,0.0,0.0,0.0,0.0
424,0,0.0,-0.06436066027548677,0.0,0.0,-6.878551305273473
424,1,0.0,0.0,0.0,0.0,-1.6502409621326286
424,2,0.0,0.0,0.0,0.0,-0.045908646628374676
424,3,0.0,0.0,0.0,0.0,0.0
424,4,0.0,0.0,0.0,0.0,0.0
425,0,0.0,-0.06436066027548677,0.0,0.0,-6.885994428397758
425,1,0.0,0.0,0.0,0.0,-1.6502409621326286
425,2,0.0,0.0,0.0,0.0,-0.045908646628374676
425,3,0.0,0.0,0.0,0.0,0.0
425,4,0.0,0.0,0.0,0.0,0.0
426,0,0.0,-0.06436066027548677,0.0,0.0,-6.89113575898526
426,1,0.0,0.0,0.0,0.0,-1.6502409621326286
426,2,0.0,0.0,0.0,0.0,-0.045908646628374676
426,3,0.0,0.0,0.0,0.0,0.0
426,4,0.0,0.0,0.0,0.0,0.0
427,0,0.0,-0.06436066027548677,0.0,0.0,-6.907612398063827
427,1,0.0,0.0,0.0,0.0,-1.6502409621326286
427,2,0.0,0.0,0.0,0.0,-0.045908646628374676
427,3,0.0,0.0,0.0,0.0,0.0
427,4,0.0,0.0,0.0,0.0,0.0
428,0,0.0,-0.06436066027548677,0.0,0.0,-6.932516116466226
428,1,0.0,0.0,0.0,0.0,-1.6502409621326286
428,2,0.0,0.0,0.0,0.0,-0.045908646628374676
428,3,0.0,0.0,0.0,0.0,0.0
428,4,0.0,0.0,0.0,0.0,0.0
429,0,0.0,-0.06436066027548677,0.0,0.0,-6.941350346081306
429,1,0.0,0.0,0.0,0.0,-1.6502409621326286
429,2,0.0,0.0,0.0,0.0,-0.045908646628374676
429,3,0.0,0.0,0.0,0.0,0.0
429,4,0.0,0.0,0.0,0.0,0.0
430,0,0.0,-0.06436066027548677,0.0,0.0,-6.967192392111876
430,1,0.0,0.0,0.0,0.0,-1.6502409621326286
430,2,0.0,0.0,0.0,0.0,-0.045908646628374676
430,3,0.0,0.0,0.0,0.0,0.0
430,4,0.0,0.0,0.0,0.0,0.0
431,0,0.0,-0.06436066027548677,0.0,0.0,-6.968360867036928
431,1,0.0,0.0,0.0,0.0,-1.6502409621326286
431,2,0.0,0.0,0.0,0.0,-0.045908646628374676
431,3,0.0,0.0,0.0,0.0,0.0
431,4,0.0,0.0,0.0,0.0,0.0
432,0,0.0,-0.06436066027548677,0.0,0.0,-6.966422638309556
432,1,0.0,0.0,0.0,0.0,-1.6502409621326286
432,2,0.0,0.0,0.0,0.0,-0.045908646628374676
432,3,0.0,0.0,0.0,0.0,0.0
432,4,0.0,0.0,0.0,0.0,0.0
433,0,0.0,-0.06436066027548677,0.0,0.0,-6.979872377501019
433,1,0.0,0.0,0.0,0.0,-1.6502409621326286
433,2,0.0,0.0,0.0,0.0,-0.045908646628374676
433,3,0.0,0.0,0.0,0.0,0.0
433,4,0.0,0.0,0.0,0.0,0.0
434,0,0.0,-0.06436066027548677,0.0,0.0,-7.007036646756125
434,1,0.0,0.0,0.0,0.0,-1.6502409621326286
434,2,0.0,0.0,0.0,0.0,-0.045908646628374676
434,3,0.0,0.0,0.0,0.0,0.0
434,4,0.0,0.0,0.0,0.0,0.0
435,0,0.0,-0.06436066027548677,0.0,0.0,-7.020007932334775
435,1,0.0,0.0,0.0,0.0,-1.6502409621326286
435,2,0.0,0.0,0.0,0.0,-0.045908646628374676
435,3,0.0,0.0,0.0,0.0,0.0
435,4,0.0,0.0,0.0,0.0,0.0
436,0,0.0,-0.06436066027548677,0.0,0.0,-7.0269991696730205
436,1,0.0,0.0,0.0,0.0,-1.6502409621326286
436,2,0.0,0.0,0.0,0.0,-0.045908646628374676
436,3,0.0,0.0,0.0,0.0,0.0
436,4,0.0,0.0,0.0,0.0,0.0
437,0,0.0,-0.06436066027548677,0.0,0.0,-7.0343534565823935
437,1,0.0,0.0,0.0,0.0,-1.6502409621326286
437,2,0.0,0.0,0.0,0.0,-0.045908646628374676
437,3,0.0,0.0,0.0,0.0,0.0
437,4,0.0,0.0,0.0,0.0,0.0
438,0,0.0,-0.06436066027548677,0.0,0.0,-7.033882089372588
438,1,0.0,0.0,0.0,0.0,-1.6502409621326286
438,2,0.0,0.0,0.0,0.0,-0.045908646628374676
438,3,0.0,0.0,0.0,0.0,0.0
438,4,0.0,0.0,0.0,0.0,0.0
439,0,0.0,-0.06436066027548677,0.0,0.0,-7.035484935337482
439,1,0.0,0.0,0.0,0.0,-1.6502409621326286
439,2,0.0,0.0,0.0,0.0,-0.045908646628374676
439,3,0.0,0.0,0.0,0.0,0.0
439,4,0.0,0.0,0.0,0.0,0.0
440,0,0.0,-0.06436066027548677,0.0,0.0,-7.049802340559347
440,1,0.0,0.0,0.0,0.0,-1.6502409621326286
440,2,0.0,0.0,0.0,0.0,-0.045908646628374676
440,3,0.0,0.0,0.0,0.0,0.0
440,4,0.0,0.0,0.0,0.0,0.0
441,0,0.0,-0.06436066027548677,0.0,0.0,-7.049254384858522
441,1,0.0,0.0,0.0,0.0,-1.6502409621326286
441,2,0.0,0.0,0.0,0.0,-0.045908646628374676
441,3,0.0,0.0,0.0,0.0,0.0
441,4,0.0,0.0,0.0,0.0,0.0
442,0,0.0,-0.06436066027548677,0.0,0.0,-7.050388004336958
442,1,0.0,0.0,0.0,0.0,-1.6502409621326286
442,2,0.0,0.0,0.0,0.0,-0.045908646628374676
442,3,0.0,0.0,0.0,0.0,0.0
442,4,0.0,0.0,0.0,0.0,0.0
443,0,0.0,-0.06436066027548677,0.0,0.0,-7.05566331276995
443,1,0.0,0.0,0.0,0.0,-1.6502409621326286
443,2,0.0,0.0,0.0,0.0,-0.045908646628374676
443,3,0.0,0.0,0.0,0.0,0.0
443,4,0.0,0.0,0.0,0.0,0.0
444,0,0.0,-0.06436066027548677,0.0,0.0,-7.056968018182966
444,1,0.0,0.0,0.0,0.0,-1.6502409621326286
444,2,0.0,0.0,0.0,0.0,-0.045908646628374676
444,3,0.0,0.0,0.0,0.0,0.0
444,4,0.0,0.0,0.0,0.0,0.0
445,0,0.0,-0.06436066027548677,0.0,0.0,-7.067850647682499
445,1,0.0,0.0,0.0,0.0,-1.6502409621326286
445,2,0.0,0.0,0.0,0.0,-0.045908646628374676
445,3,0.0,0.0,0.0,0.0,0.0
445,4,0.0,0.0,0.0,0.0,0.0
446,0,0.0,-0.06436066027548677,0.0,0.0,-7.079111602394047
446,1,0.0,0.0,0.0,0.0,-1.6502409621326286
446,2,0.0,0.0,0.0,0.0,-0.045908646628374676
446,3,0.0,0.0,0.0,0.0,0.0
446,4,0.0,0.0,0.0,0.0,0.0
447,0,0.0,-0.06436066027548677,0.0,0.0,-7.08094649189272
447,1,0.0,0.0,0.0,0.0,-1.6502409621326286
447,2,0.0,0.0,0.0,0.0,-0.045908646628374676
447,3,0.0,0.0,0.0,0.0,0.0
447,4,0.0,0.0,0.0,0.0,0.0
448,0,0.0,-0.06436066027548677,0.0,0.0,-7.086246462647309
448,1,0.0,0.0,0.0,0.0,-1.6502409621326286
448,2,0.0,0.0,0.0,0.0,-0.045908646628374676
448,3,0.0,0.0,0.0,0.0,0.0
448,4,0.0,0.0,0.0,0.0,0.0
449,0,0.0,-0.06436066027548677,0.0,0.0,-7.101546251151638
449,1,0.0,0.0,0.0,0.0,-1.6502409621326286
449,2,0.0,0.0,0.0,0.0,-0.045908646628374676
449,3,0.0,0.0,0.0,0.0,0.0
449,4,0.0,0.0,0.0,0.0,0.0
450,0,0.0,-0.06436066027548677,0.0,0.0,-7.1142298944113636
450,1,0.0,0.0,0.0,0.0,-1.6502409621326286
450,2,0.0,0.0,0.0,0.0,-0.045908646628374676
450,3,0.0,0.0,0.0,0.0,0.0
450,4,0.0,0.0,0.0,0.0,0.0
451,0,0.0,-0.06436066027548677,0.0,0.0,-7.123902693815977
451,1,0.0,0.0,0.0,0.0,-1.6502409621326286
451,2,0.0,0.0,0.0,0.0,-0.045908646628374676
451,3,0.0,0.0,0.0,0.0,0.0
451,4,0.0,0.0,0.0,0.0,0.0
452,0,0.0,-0.06436066027548677,0.0,0.0,-7.153960367264556
452,1,0.0,0.0,0.0,0.0,-1.6502409621326286
452,2,0.0,0.0,0.0,0.0,-0.045908646628374676
452,3,0.0,0.0,0.0,0.0,0.0
452,4,0.0,0.0,0.0,0.0,0.0
453,0,0.0,-0.06436066027548677,0.0,0.0,-7.1623718556280105
453,1,0.0,0.0,0.0,0.0,-1.6502409621326286
453,2,0.0,0.0,0.0,0.0,-0.045908646628374676
453,3,0.0,0.0,0.0,0.0,0.0
453,4,0.0,0.0,0.0,0.0,0.0
454,0,0.0,-0.06436066027548677,0.0,0.0,-7.191824776468363
454,1,0.0,0.0,0.0,0.0,-1.6502409621326286
454,2,0.0,0.0,0.0,0.0,-0.045908646628374676
454,3,0.0,0.0,0.0,0.0,0.0
454,4,0.0,0.0,0.0,0.0,0.0
455,0,0.0,-0.06436066027548677,0.0,0.0,-7.201499497257855
455,1,0.0,0.0,0.0,0.0,-1.6502409621326286
455,2,0.0,0.0,0.0,0.0,-0.045908646628374676
455,3,0.0,0.0,0.0,0.0,0.0
455,4,0.0,0.0,0.0,0.0,0.0
456,0,0.0,-0.06436066027548677,0.0,0.0,-7.204257830768635
456,1,0.0,0.0,0.0,0.0,-1.6502409621326286
456,2,0.0,0.0,0.0,0.0,-0.045908646628374676
456,3,0.0,0.0,0.0,0.0,0.0
456,4,0.0,0.0,0.0,0.0,0.0
457,0,0.0,-0.06436066027548677,0.0,0.0,-7.214835250187075
457,1,0.0,0.0,0.0,0.0,-1.6502409621326286
457,2,0.0,0.0,0.0,0.0,-0.045908646628374676
457,3,0.0,0.0,0.0,0.0,0.0
457,4,0.0,0.0,0.0,0.0,0.0
458,0,0.0,-0.06436066027548677,0.0,0.0,-7.2285876754046745
458,1,0.0,0.0,0.0,0.0,-1.6502409621326286
458,2,0.0,0.0,0.0,0.0,-0.045908646628374676
458,3,0.0,0.0,0.0,0.0,0.0
458,4,0.0,0.0,0.0,0.0,0.0
459,0,0.0,-0.06436066027548677,0.0,0.0,-7.239318361513519
459,1,0.0,0.0,0.0,0.0,-1.6502409621326286
459,2,0.0,0.0,0.0,0.0,-0.045908646628374676
459,3,0.0,0.0,0.0,0.0,0.0
459,4,0.0,0.0,0.0,0.0,0.0
460,0,0.0,-0.06436066027548677,0.0,0.0,-7.245920187764827
460,1,0.0,0.0,0.0,0.0,-1.6502409621326286
460,2,0.0,0.0,0.0,0.0,-0.045908646628374676
460,3,0.0,0.0,0.0,0.0,0.0
460,4,0.0,0.0,0.0,0.0,0.0
461,0,0.0,-0.06436066027548677,0.0,0.0,-7.254672173252489
461,1,0.0,0.0,0.0,0.0,-1.6502409621326286
461,2,0.0,0.0,0.0,0.0,-0.045908646628374676
461,3,0.0,0.0,0.0,0.0,0.0
461,4,0.0,0.0,0.0,0.0,0.0
462,0,0.0,-0.06436066027548677,0.0,0.0,-7.268633930434825
462,1,0.0,0.0,0.0,0.0,-1.6502409621326286
462,2,0.0,0.0,0.0,0.0,-0.045908646628374676
462,3,0.0,0.0,0.0,0.0,0.0
462,4,0.0,0.0,0.0,0.0,0.0
463,0,0.0,-0.06436066027548677,0.0,0.0,-7.272691692888004
463,1,0.0,0.0,0.0,0.0,-1.6502409621326286
463,2,0.0,0.0,0.0,0.0,-0.045908646628374676
463,3,0.0,0.0,0.0,0.0,0.0
463,4,0.0,0.0,0.0,0.0,0.0
464,0,0.0,-0.06436066027548677,0.0,0.0,-7.288204335064278
464,1,0.0,0.0,0.0,0.0,-1.6502409621326286
464,2,0.0,0.0,0.0,0.0,-0.045908646628374676
464,3,0.0,0.0,0.0,0.0,0.0
464,4,0.0,0.0,0.0,0.0,0.0
465,0,0.0,-0.06436066027548677,0.0,0.0,-7.285531613520872
465,1,0.0,0.0,0.0,0.0,-1.6502409621326286
465,2,0.0,0.0,0.0,0.0,-0.045908646628374676
465,3,0.0,0.0,0.0,0.0,0.0
465,4,0.0,0.0,0.0,0.0,0.0
466,0,0.0,-0.06436066027548677,0.0,0.0,-7.308313289854065
466,1,0.0,0.0,0.0,0.0,-1.6502409621326286
466,2,0.0,0.0,0.0,0.0,-0.045908646628374676
466,3,0.0,0.0,0.0,0.0,0.0
466,4,0.0,0.0,0.0,0.0,0.0
467,0,0.0,-0.06436066027548677,0.0,0.0,-7.309075072393214
467,1,0.0,0.0,0.0,0.0,-1.6502409621326286
467,2,0.0,0.0,0.0,0.0,-0.045908646628374676
467,3,0.0,0.0,0.0,0.0,0.0
467,4,0.0,0.0,0.0,0.0,0.0
468,0,0.0,-0.06436066027548677,0.0,0.0,-7.305527936630893
468,1,0.0,0.0,0.0,0.0,-1.6502409621326286
468,2,0.0,0.0,0.0,0.0,-0.045908646628374676
468,3,0.0,0.0,0.0,0.0,0.0
468,4,0.0,0.0,0.0,0.0,0.0
469,0,0.0,-0.06436066027548677,0.0,0.0,-7.3142358274597905
469,1,0.0,0.0,0.0,0.0,-1.6502409621326286
469,2,0.0,0.0,0.0,0.0,-0.045908646628374676
469,3,0.0,0.0,0.0,0.0,0.0
469,4,0.0,0.0,0.0,0.0,0.0
470,0,0.0,-0.06436066027548677,0.0,0.0,-7.337033159547606
470,1,0.0,0.0,0.0,0.0,-1.6502409621326286
470,2,0.0,0.0,0.0,0.0,-0.045908646628374676
470,3,0.0,0.0,0.0,0.0,0.0
470,4,0.0,0.0,0.0,0.0,0.0
471,0,0.0,-0.06436066027548677,0.0,0.0,-7.338784504687437
471,1,0.0,0.0,0.0,0.0,-1.6502409621326286
471,2,0.0,0.0,0.0,0.0,-0.045908646628374676
471,3,0.0,0.0,0.0,0.0,0.0
471,4,0.0,0.0,0.0,0.0,0.0
472,0,0.0,-0.06436066027548677,0.0,0.0,-7.337139477404342
472,1,0.0,0.0,0.0,0.0,-1.6502409621326286
472,2,0.0,0.0,0.0,0.0,-0.045908646628374676
472,3,0.0,0.0,0.0,0.0,0.0
472,4,0.0,0.0,0.0,0.0,0.0
473,0,0.0,-0.06436066027548677,0.0,0.0,-7.351429458273271
473,1,0.0,0.0,0.0,0.0,-1.6502409621326286
473,2,0.0,0.0,0.0,0.0,-0.045908646628374676
473,3,0.0,0.0,0.0,0.0,0.0
473,4,0.0,0.0,0.0,0.0,0.0
474,0,0.0,-0.06436066027548677,0.0,0.0,-7.353824247620136
474,1,0.0,0.0,0.0,0.0,-1.6502409621326286
474,2,0.0,0.0,0.0,0.0,-0.045908646628374676
474,3,0.0,0.0,0.0,0.0,0.0
474,4,0.0,0.0,0.0,0.0,0.0
475,0,0.0,-0.06436066027548677,0.0,0.0,-7.349225809721243
475,1,0.0,0.0,0.0,0.0,-1.6502409621326286
475,2,0.0,0.0,0.0,0.0,-0.045908646628374676
475,3,0.0,0.0,0.0,0.0,0.0
475,4,0.0,0.0,0.0,0.0,0.0
476,0,0.0,-0.06436066027548677,0.0,0.0,-7.349485929414588
476,1,0.0,0.0,0.0,0.0,-1.6502409621326286
476,2,0.0,0.0,0.0,0.0,-0.045908646628374676
476,3,0.0,0.0,0.0,0.0,0.0
476,4,0.0,0.0,0.0,0.0,0.0
477,0,0.0,-0.06436066027548677,0.0,0.0,-7.365980005073448
477,1,0.0,0.0,0.0,0.0,-1.6502409621326286
477,2,0.0,0.0,0.0,0.0,-0.045908646628374676
477,3,0.0,0.0,0.0,0.0,0.0
477,4,0.0,0.0,0.0,0.0,0.0
478,0,0.0,-0.06436066027548677,0.0,0.0,-7.371049718615696
478,1,0.0,0.0,0.0,0.0,-1.6502409621326286
478,2,0.0,0.0,0.0,0.0,-0.045908646628374676
478,3,0.0,0.0,0.0,0.0,0.0
478,4,0.0,0.0,0.0,0.0,0.0
479,0,0.0,-0.06436066027548677,0.0,0.0,-7.373355281210489
479,1,0.0,0.0,0.0,0.0,-1.6502409621326286
479,2,0.0,0.0,0.0,0.0,-0.045908646628374676
479,3,0.0,0.0,0.0,0.0,0.0
479,4,0.0,0.0,0.0,0.0,0.0
480,0,0.0,-0.06436066027548677,0.0,0.0,-7.381777880056375
480,1,0.0,0.0,0.0,0.0,-1.6502409621326286
480,2,0.0,0.0,0.0,0.0,-0.045908646628374676
480,3,0.0,0.0,0.0,0.0,0.0
480,4,0.0,0.0,0.0,0.0,0.0
481,0,0.0,-0.06436066027548677,0.0,0.0,-7.3886252112500355
481,1,0.0,0.0,0.0,0.0,-1.6502409621326286
481,2,0.0,0.0,0.0,0.0,-0.045908646628374676
481,3,0.0,0.0,0.0,0.0,0.0
481,4,0.0,0.0,0.0,0.0,0.0
482,0,0.0,-0.06436066027548677,0.0,0.0,-7.394760805789531
482,1,0.0,0.0,0.0,0.0,-1.6502409621326286
482,2,0.0,0.0,0.0,0.0,-0.045908646628374676
482,3,0.0,0.0,0.0,0.0,0.0
482,4,0.0,0.0,0.0,0.0,0.0
483,0,0.0,-0.06436066027548677,0.0,0.0,-7.399733462910599
483,1,0.0,0.0,0.0,0.0,-1.6502409621326286
483,2,0.0,0.0,0.0,0.0,-0.045908646628374676
483,3,0.0,0.0,0.0,0.0,0.0
483,4,0.0,0.0,0.0,0.0,0.0
484,0,0.0,-0.06436066027548677,0.0,0.0,-7.394405475008892
484,1,0.0,0.0,0.0,0.0,-1.6502409621326286
484,2,0.0,0.0,0.0,0.0,-0.045908646628374676
484,3,0.0,0.0,0.0,0.0,0.0
484,4,0.0,0.0,0.0,0.0,0.0
485,0,0.0,-0.06436066027548677,0.0,0.0,-7.393451049686328
485,1,0.0,0.0,0.0,0.0,-1.6502409621326286
485,2,0.0,0.0,0.0,0.0,-0.045908646628374676
485,3,0.0,0.0,0.0,0.0,0.0
485,4,0.0,0.0,0.0,0.0,0.0
486,0,0.0,-0.06436066027548677,0.0,0.0,-7.407289006929418
486,1,0.0,0.0,0.0,0.0,-1.6502409621326286
486,2,0.0,0.0,0.0,0.0,-0.045908646628374676
486,3,0.0,0.0,0.0,0.0,0.0
486,4,0.0,0.0,0.0,0.0,0.0
487,0,0.0,-0.06436066027548677,0.0,0.0,-7.413702753591613
487,1,0.0,0.0,0.0,0.0,-1.6502409621326286
487,2,0.0,0.0,0.0,0.0,-0.045908646628374676
487,3,0.0,0.0,0.0,0.0,0.0
487,4,0.0,0.0,0.0,0.0,0.0
488,0,0.0,-0.06436066027548677,0.0,0.0,-7.419493370215324
488,1,0.0,0.0,0.0,0.0,-1.6502409621326286
488,2,0.0,0.0,0.0,0.0,-0.045908646628374676
488,3,0.0,0.0,0.0,0.0,0.0
488,4,0.0,0.0,0.0,0.0,0.0
489,0,0.0,-0.06436066027548677,0.0,0.0,-7.420473212601718
489,1,0.0,0.0,0.0,0.0,-1.6502409621326286
489,2,0.0,0.0,0.0,0.0,-0.045908646628374676
489,3,0.0,0.0,0.0,0.0,0.0
489,4,0.0,0.0,0.0,0.0,0.0
490,0,0.0,-0.06436066027548677,0.0,0.0,-7.432704535670076
490,1,0.0,0.0,0.0,0.0,-1.6502409621326286
490,2,0.0,0.0,0.0,0.0,-0.045908646628374676
490,3,0.0,0.0,0.0,0.0,0.0
490,4,0.0,0.0,0.0,0.0,0.0
491,0,0.0,-0.06436066027548677,0.0,0.0,-7.446986644092322
491,1,0.0,0.0,0.0,0.0,-1.6502409621326286
491,2,0.0,0.0,0.0,0.0,-0.045908646628374676
491,3,0.0,0.0,0.0,0.0,0.0
491,4,0.0,0.0,0.0,0.0,0.0
492,0,0.0,-0.06436066027548677,0.0,0.0,-7.450485873257674
492,1,0.0,0.0,0.0,0.0,-1.6502409621326286
492,2,0.0,0.0,0.0,0.0,-0.045908646628374676
492,3,0.0,0.0,0.0,0.0,0.0
492,4,0.0,0.0,0.0,0.0,0.0
493,0,0.0,-0.06436066027548677,0.0,0.0,-7.452415701131751
493,1,0.0,0.0,0.0,0.0,-1.6502409621326286
493,2,0.0,0.0,0.0,0.0,-0.045908646628374676
493,3,0.0,0.0,0.0,0.0,0.0
493,4,0.0,0.0,0.0,0.0,0.0
494,0,0.0,-0.06436066027548677,0.0,0.0,-7.472625947746117
494,1,0.0,0.0,0.0,0.0,-1.6502409621326286
494,2,0.0,0.0,0.0,0.0,-0.045908646628374676
494,3,0.0,0.0,0.0,0.0,0.0
494,4,0.0,0.0,0.0,0.0,0.0
495,0,0.0,-0.06436066027548677,0.0,0.0,-7.475473312737059
495,1,0.0,0.0,0.0,0.0,-1.6502409621326286
495,2,0.0,0.0,0.0,0.0,-0.045908646628374676
495,3,0.0,0.0,0.0,0.0,0.0
495,4,0.0,0.0,0.0,0.0,0.0
496,0,0.0,-0.06436066027548677,0.0,0.0,-7.4881972171600815
496,1,0.0,0.0,0.0,0.0,-1.6502409621326286
496,2,0.0,0.0,0.0,0.0,-0.045908646628374676
496,3,0.0,0.0,0.0,0.0,0.0
496,4,0.0,0.0,0.0,0.0,0.0
497,0,0.0,-0.06436066027548677,0.0,0.0,-7.494927324777768
497,1,0.0,0.0,0.0,0.0,-1.6502409621326286
497,2,0.0,0.0,0.0,0.0,-0.045908646628374676
497,3,0.0,0.0,0.0,0.0,0.0
497,4,0.0,0.0,0.0,0.0,0.0
498,0,0.0,-0.06436066027548677,0.0,0.0,-7.501203461463226
498,1,0.0,0.0,0.0,0.0,-1.6502409621326286
498,2,0.0,0.0,0.0,0.0,-0.045908646628374676
498,3,0.0,0.0,0.0,0.0,0.0
498,4,0.0,0.0,0.0,0.0,0.0
499,0,0.0,-0.06436066027548677,0.0,0.0,-7.506110268076138
499,1,0.0,0.0,0.0,0.0,-1.6502409621326286
499,2,0.0,0.0,0.0,0.0,-0.045908646628374676
499,3,0.0,0.0,0.0,0.0,0.0
499,4,0.0,0.0,0.0,0.0,0.0
500,0,0.0,-0.06436066027548677,0.0,0.0,-7.526781763993511
500,1,0.0,0.0,0.0,0.0,-1.6502409621326286
500,2,0.0,0.0,0.0,0.0,-0.045908646628374676
500,3,0.0,0.0,0.0,0.0,0.0
500,4,0.0,0.0,0.0,0.0,0.0
501,0,0.0,-0.06436066027548677,0.0,0.0,-7.527689800879724
501,1,0.0,0.0,0.0,0.0,-1.6502409621326286
501,2,0.0,0.0,0.0,0.0,-0.045908646628374676
501,3,0.0,0.0,0.0,0.0,0.0
501,4,0.0,0.0,0.0,0.0,0.0
502,0,0.0,-0.06436066027548677,0.0,0.0,-7.539307541719889
502,1,0.0,0.0,0.0,0.0,-1.6502409621326286
502,2,0.0,0.0,0.0,0.0,-0.045908646628374676
502,3,0.0,0.0,0.0,0.0,0.0
502,4,0.0,0.0,0.0,0.0,0.0
503,0,0.0,-0.06436066027548677,0.0,0.0,-7.54775307652792
503,1,0.0,0.0,0.0,0.0,-1.6502409621326286
503,2,0.0,0.0,0.0,0.0,-0.045908646628374676
503,3,0.0,0.0,0.0,0.0,0.0
503,4,0.0,0.0,0.0,0.0,0.0
504,0,0.0,-0.06436066027548677,0.0,0.0,-7.549007041035313
504,1,0.0,0.0,0.0,0.0,-1.6502409621326286
504,2,0.0,0.0,0.0,0.0,-0.045908646628374676
504,3,0.0,0.0,0.0,0.0,0.0
504,4,0.0,0.0,0.0,0.0,0.0
505,0,0.0,-0.06436066027548677,0.0,0.0,-7.568398220649639
505,1,0.0,0.0,0.0,0.0,-1.6502409621326286
505,2,0.0,0.0,0.0,0.0,-0.045908646628374676
505,3,0.0,0.0,0.0,0.0,0.0
505,4,0.0,0.0,0.0,0.0,0.0
506,0,0.0,-0.06436066027548677,0.0,0.0,-7.582340124659468
506,1,0.0,0.0,0.0,0.0,-1.6502409621326286
506,2,0.0,0.0,0.0,0.0,-0.045908646628374676
506,3,0.0,0.0,0.0,0.0,0.0
506,4,0.0,0.0,0.0,0.0,0.0
507,0,0.0,-0.06436066027548677,0.0,0.0,-7.5940065197725035
507,1,0.0,0.0,0.0,0.0,-1.6502409621326286
507,2,0.0,0.0,0.0,0.0,-0.045908646628374676
507,3,0.0,0.0,0.0,0.0,0.0
507,4,0.0,0.0,0.0,0.0,0.0
508,0,0.0,-0.06436066027548677,0.0,0.0,-7.609396252076515
508,1,0.0,0.0,0.0,0.0,-1.6502409621326286
508,2,0.0,0.0,0.0,0.0,-0.045908646628374676
508,3,0.0,0.0,0.0,0.0,0.0
508,4,0.0,0.0,0.0,0.0,0.0
509,0,0.0,-0.06436066027548677,0.0,0.0,-7.610567377210819
509,1,0.0,0.0,0.0,0.0,-1.6502409621326286
509,2,0.0,0.0,0.0,0.0,-0.045908646628374676
509,3,0.0,0.0,0.0,0.0,0.0
509,4,0.0,0.0,0.0,0.0,0.0
510,0,0.0,-0.06436066027548677,0.0,0.0,-7.612865265723292
510,1,0.0,0.0,0.0,0.0,-1.6502409621326286
510,2,0.0,0.0,0.0,0.0,-0.045908646628374676
510,3,0.0,0.0,0.0,0.0,0.0
510,4,0.0,0.0,0.0,0.0,0.0
511,0,0.0,-0.06436066027548677,0.0,0.0,-7.621765239084824
511,1,0.0,0.0,0.0,0.0,-1.6502409621326286
511,2,0.0,0.0,0.0,0.0,-0.045908646628374676
511,3,0.0,0.0,0.0,0.0,0.0
511,4,0.0,0.0,0.0,0.0,0.0
512,0,0.0,-0.06436066027548677,0.0,0.0,-7.637885331570505
512,1,0.0,0.0,0.0,0.0,-1.6502409621326286
512,2,0.0,0.0,0.0,0.0,-0.045908646628374676
512,3,0.0,0.0,0.0,0.0,0.0
512,4,0.0,0.0,0.0,0.0,0.0
513,0,0.0,-0.06436066027548677,0.0,0.0,-7.655905043651143
513,1,0.0,0.0,0.0,0.0,-1.6502409621326286
513,2,0.0,0.0,0.0,0.0,-0.045908646628374676
513,3,0.0,0.0,0.0,0.0,0.0
513,4,0.0,0.0,0.0,0.0,0.0
514,0,0.0,-0.06436066027548677,0.0,0.0,-7.677052036316932
514,1,0.0,0.0,0.0,0.0,-1.6502409621326286
514,2,0.0,0.0,0.0,0.0,-0.045908646628374676
514,3,0.0,0.0,0.0,0.0,0.0
514,4,0.0,0.0,0.0,0.0,0.0
515,0,0.0,-0.06436066027548677,0.0,0.0,-7.680130388409443
515,1,0.0,0.0,0.0,0.0,-1.6502409621326286
515,2,0.0,0.0,0.0,0.0,-0.045908646628374676
515,3,0.0,0.0,0.0,0.0,0.0
515,4,0.0,0.0,0.0,0.0,0.0
516,0,0.0,-0.06436066027548677,0.0,0.0,-7.697134939665444
516,1,0.0,0.0,0.0,0.0,-1.6502409621326286
516,2,0.0,0.0,0.0,0.0,-0.045908646628374676
516,3,0.0,0.0,0.0,0.0,0.0
516,4,0.0,0.0,0.0,0.0,0.0
517,0,0.0,-0.06436066027548677,0.0,0.0,-7.704883186469911
517,1,0.0,0.0,0.0,0.0,-1.6502409621326286
517,2,0.0,0.0,0.0,0.0,-0.045908646628374676
517,3,0.0,0.0,0.0,0.0,0.0
517,4,0.0,0.0,0.0,0.0,0.0
518,0,0.0,-0.06436066027548677,0.0,0.0,-7.713178142880084
518,1,0.0,0.0,0.0,0.0,-1.6502409621326286
518,2,0.0,0.0,0.0,0.0,-0.045908646628374676
518,3,0.0,0.0,0.0,0.0,0.0
518,4,0.0,0.0,0.0,0.0,0.0
519,0,0.0,-0.06436066027548677,0.0,0.0,-7.718576747851169
519,1,0.0,0.0,0.0,0.0,-1.6502409621326286
519,2,0.0,0.0,0.0,0.0,-0.045908646628374676
519,3,0.0,0.0,0.0,0.0,0.0
519,4,0.0,0.0,0.0,0.0,0.0
520,0,0.0,-0.06436066027548677,0.0,0.0,-7.732669862910655
520,1,0.0,0.0,0.0,0.0,-1.6502409621326286
520,2,0.0,0.0,0.0,0.0,-0.045908646628374676
520,3,0.0,0.0,0.0,0.0,0.0
520,4,0.0,0.0,0.0,0.0,0.0
521,0,0.0,-0.06436066027548677,0.0,0.0,-7.745361114049597
521,1,0.0,0.0,0.0,0.0,-1.6502409621326286
521,2,0.0,0.0,0.0,0.0,-0.045908646628374676
521,3,0.0,0.0,0.0,0.0,0.0
521,4,0.0,0.0,0.0,0.0,0.0
522,0,0.0,-0.06436066027548677,0.0,0.0,-7.755967666132402
522,1,0.0,0.0,0.0,0.0,-1.6502409621326286
522,2,0.0,0.0,0.0,0.0,-0.045908646628374676
522,3,0.0,0.0,0.0,0.0,0.0
522,4,0.0,0.0,0.0,0.0,0.0
523,0,0.0,-0.06436066027548677,0.0,0.0,-7.770598498630157
523,1,0.0,0.0,0.0,0.0,-1.6502409621326286
523,2,0.0,0.0,0.0,0.0,-0.045908646628374676
523,3,0.0,0.0,0.0,0.0,0.0
523,4,0.0,0.0,0.0,0.0,0.0
524,0,0.0,-0.06436066027548677,0.0,0.0,-7.777852142177764
524,1,0.0,0.0,0.0,0.0,-1.6502409621326286
524,2,0.0,0.0,0.0,0.0,-0.045908646628374676
524,3,0.0,0.0,0.0,0.0,0.0
524,4,0.0,0.0,0.0,0.0,0.0
525,0,0.0,-0.06436066027548677,0.0,0.0,-7.784832290788517
525,1,0.0,0.0,0.0,0.0,-1.6502409621326286
525,2,0.0,0.0,0.0,0.0,-0.045908646628374676
525,3,0.0,0.0,0.0,0.0,0.0
525,4,0.0,0.0,0.0,0.0,0.0
526,0,0.0,-0.06436066027548677,0.0,0.0,-7.782855009097603
526,1,0.0,0.0,0.0,0.0,-1.6502409621326286
526,2,0.0,0.0,0.0,0.0,-0.045908646628374676
526,3,0.0,0.0,0.0,0.0,0.0
526,4,0.0,0.0,0.0,0.0,0.0
527,0,0.0,-0.06436066027548677,0.0,0.0,-7.787643068733164
527,1,0.0,0.0,0.0,0.0,-1.6502409621326286
527,2,0.0,0.0,0.0,0.0,-0.045908646628374676
527,3,0.0,0.0,0.0,0.0,0.0
527,4,0.0,0.0,0.0,0.0,0.0
528,0,0.0,-0.06436066027548677,0.0,0.0,-7.797172535223476
528,1,0.0,0.0,0.0,0.0,-1.6502409621326286
528,2,0.0,0.0,0.0,0.0,-0.045908646628374676
528,3,0.0,0.0,0.0,0.0,0.0
528,4,0.0,0.0,0.0,0.0,0.0
529,0,0.0,-0.06436066027548677,0.0,0.0,-7.825113537015443
529,1,0.0,0.0,0.0,0.0,-1.6502409621326286
529,2,0.0,0.0,0.0,0.0,-0.045908646628374676
529,3,0.0,0.0,0.0,0.0,0.0
529,4,0.0,0.0,0.0,0.0,0.0
530,0,0.0,-0.06436066027548677,0.0,0.0,-7.826958393948354
530,1,0.0,0.0,0.0,0.0,-1.6502409621326286
530,2,0.0,0.0,0.0,0.0,-0.045908646628374676
530,3,0.0,0.0,0.0,0.0,0.0
530,4,0.0,0.0,0.0,0.0,0.0
531,0,0.0,-0.06436066027548677,0.0,0.0,-7.830478045246632
531,1,0.0,0.0,0.0,0.0,-1.6502409621326286
531,2,0.0,0.0,0.0,0.0,-0.045908646628374676
531,3,0.0,0.0,0.0,0.0,0.0
531,4,0.0,0.0,0.0,0.0,0.0
532,0,0.0,-0.06436066027548677,0.0,0.0,-7.854395420782679
532,1,0.0,0.0,0.0,0.0,-1.6502409621326286
532,2,0.0,0.0,0.0,0.0,-0.045908646628374676
532,3,0.0,0.0,0.0,0.0,0.0
532,4,0.0,0.0,0.0,0.0,0.0
533,0,0.0,-0.06436066027548677,0.0,0.0,-7.861760957930731
533,1,0.0,0.0,0.0,0.0,-1.6502409621326286
533,2,0.0,0.0,0.0,0.0,-0.045908646628374676
533,3,0.0,0.0,0.0,0.0,0.0
533,4,0.0,0.0,0.0,0.0,0.0
534,0,0.0,-0.06436066027548677,0.0,0.0,-7.874576516747117
534,1,0.0,0.0,0.0,0.0,-1.6502409621326286
534,2,0.0,0.0,0.0,0.0,-0.045908646628374676
534,3,0.0,0.0,0.0,0.0,0.0
534,4,0.0,0.0,0.0,0.0,0.0
535,0,0.0,-0.06436066027548677,0.0,0.0,-7.898505218742663
535,1,0.0,0.0,0.0,0.0,-1.6502409621326286
535,2,0.0,0.0,0.0,0.0,-0.045908646628374676
535,3,0.0,0.0,0.0,0.0,0.0
535,4,0.0,0.0,0.0,0.0,0.0
536,0,0.0,-0.06436066027548677,0.0,0.0,-7.902597781058209
536,1,0.0,0.0,0.0,0.0,-1.6502409621326286
536,2,0.0,0.0,0.0,0.0,-0.045908646628374676
536,3,0.0,0.0,0.0,0.0,0.0
536,4,0.0,0.0,0.0,0.0,0.0
537,0,0.0,-0.06436066027548677,0.0,0.0,-7.91678434206273
537,1,0.0,0.0,0.0,0.0,-1.6502409621326286
537,2,0.0,0.0,0.0,0.0,-0.045908646628374676
537,3,0.0,0.0,0.0,0.0,0.0
537,4,0.0,0.0,0.0,0.0,0.0
538,0,0.0,-0.06436066027548677,0.0,0.0,-7.93524523724847
538,1,0.0,0.0,0.0,0.0,-1.6502409621326286
538,2,0.0,0.0,0.0,0.0,-0.045908646628374676
538,3,0.0,0.0,0.0,0.0,0.0
538,4,0.0,0.0,0.0,0.0,0.0
539,0,0.0,-0.06436066027548677,0.0,0.0,-7.935010614226935
539,1,0.0,0.0,0.0,0.0,-1.6502409621326286
539,2,0.0,0.0,0.0,0.0,-0.045908646628374676
539,3,0.0,0.0,0.0,0.0,0.0
539,4,0.0,0.0,0.0,0.0,0.0
540,0,0.0,-0.06436066027548677,0.0,0.0,-7.933216458330645
540,1,0.0,0.0,0.0,0.0,-1.6502409621326286
540,2,0.0,0.0,0.0,0.0,-0.045908646628374676
540,3,0.0,0.0,0.0,0.0,0.0
540,4,0.0,0.0,0.0,0.0,0.0
541,0,0.0,-0.06436066027548677,0.0,0.0,-7.939688781491129
541,1,0.0,0.0,0.0,0.0,-1.6502409621326286
541,2,0.0,0.0,0.0,0.0,-0.045908646628374676
541,3,0.0,0.0,0.0,0.0,0.0
541,4,0.0,0.0,0.0,0.0,0.0
542,0,0.0,-0.06436066027548677,0.0,0.0,-7.939770570235446
542,1,0.0,0.0,0.0,0.0,-1.6502409621326286
542,2,0.0,0.0,0.0,0.0,-0.045908646628374676
542,3,0.0,0.0,0.0,0.0,0.0
542,4,0.0,0.0,0.0,0.0,0.0
543,0,0.0,-0.06436066027548677,0.0,0.0,-7.938063361764487
543,1,0.0,0.0,0.0,0.0,-1.6502409621326286
543,2,0.0,0.0,0.0,0.0,-0.045908646628374676
543,3,0.0,0.0,0.0,0.0,0.0
543,4,0.0,0.0,0.0,0.0,0.0
544,0,0.0,-0.06436066027548677,0.0,0.0,-7.945432355269434
544,1,0.0,0.0,0.0,0.0,-1.6502409621326286
544,2,0.0,0.0,0.0,0.0,-0.045908646628374676
544,3,0.0,0.0,0.0,0.0,0.0
544,4,0.0,0.0,0.0,0.0,0.0
545,0,0.0,-0.06436066027548677,0.0,0.0,-7.95461972439913
545,1,0.0,0.0,0.0,0.0,-1.6502409621326286
545,2,0.0,0.0,0.0,0.0,-0.045908646628374676
545,3,0.0,0.0,0.0,0.0,0.0
545,4,0.0,0.0,0.0,0.0,0.0
546,0,0.0,-0.06436066027548677,0.0,0.0,-7.9626072685409985
546,1,0.0,0.0,0.0,0.0,-1.6502409621326286
546,2,0.0,0.0,0.0,0.0,-0.045908646628374676
546,3,0.0,0.0,0.0,0.0,0.0
546,4,0.0,0.0,0.0,0.0,0.0
547,0,0.0,-0.06436066027548677,0.0,0.0,-7.9799025149887495
547,1,0.0,0.0,0.0,0.0,-1.6502409621326286
547,2,0.0,0.0,0.0,0.0,-0.045908646628374676
547,3,0.0,0.0,0.0,0.0,0.0
547,4,0.0,0.0,0.0,0.0,0.0
548,0,0.0,-0.06436066027548677,0.0,0.0,-7.991426608741446
548,1,0.0,0.0,0.0,0.0,-1.6502409621326286
548,2,0.0,0.0,0.0,0.0,-0.045908646628374676
548,3,0.0,0.0,0.0,0.0,0.0
548,4,0.0,0.0,0.0,0.0,0.0
549,0,0.0,-0.06436066027548677,0.0,0.0,-7.991867907509384
549,1,0.0,0.0,0.0,0.0,-1.6502409621326286
549,2,0.0,0.0,0.0,0.0,-0.045908646628374676
549,3,0.0,0.0,0.0,0.0,0.0
549,4,0.0,0.0,0.0,0.0,0.0
550,0,0.0,-0.06436066027548677,0.0,0.0,-8.00452366114368
550,1,0.0,0.0,0.0,0.0,-1.6502409621326286
550,2,0.0,0.0,0.0,0.0,-0.045908646628374676
550,3,0.0,0.0,0.0,0.0,0.0
550,4,0.0,0.0,0.0,0.0,0.0
551,0,0.0,-0.06436066027548677,0.0,0.0,-8.017064316064701
551,1,0.0,0.0,0.0,0.0,-1.6502409621326286
551,2,0.0,0.0,0.0,0.0,-0.045908646628374676
551,3,0.0,0.0,0.0,0.0,0.0
551,4,0.0,0.0,0.0,0.0,0.0
552,0,0.0,-0.06436066027548677,0.0,0.0,-8.016752316429468
552,1,0.0,0.0,0.0,0.0,-1.6502409621326286
552,2,0.0,0.0,0.0,0.0,-0.045908646628374676
552,3,0.0,0.0,0.0,0.0,0.0
552,4,0.0,0.0,0.0,0.0,0.0
553,0,0.0,-0.06436066027548677,0.0,0.0,-8.012399788808986
553,1,0.0,0.0,0.0,0.0,-1.6502409621326286
553,2,0.0,0.0,0.0,0.0,-0.045908646628374676
553,3,0.0,0.0,0.0,0.0,0.0
553,4,0.0,0.0,0.0,0.0,0.0
554,0,0.0,-0.06436066027548677,0.0,0.0,-8.02517785286293
554,1,0.0,0.0,0.0,0.0,-1.6502409621326286
554,2,0.0,0.0,0.0,0.0,-0.045908646628374676
554,3,0.0,0.0,0.0,0.0,0.0
554,4,0.0,0.0,0.0,0.0,0.0
555,0,0.0,-0.06436066027548677,0.0,0.0,-8.040099268975682
555,1,0.0,0.0,0.0,0.0,-1.6502409621326286
555,2,0.0,0.0,0.0,0.0,-0.045908646628374676
555,3,0.0,0.0,0.0,0.0,0.0
555,4,0.0,0.0,0.0,0.0,0.0
556,0,0.0,-0.06436066027548677,0.0,0.0,-8.05857680305575
556,1,0.0,0.0,0.0,0.0,-1.6502409621326286
556,2,0.0,0.0,0.0,0.0,-0.045908646628374676
556,3,0.0,0.0,0.0,0.0,0.0
556,4,0.0,0.0,0.0,0.0,0.0
557,0,0.0,-0.06436066027548677,0.0,0.0,-8.058971673427338
557,1,0.0,0.0,0.0,0.0,-1.6502409621326286
557,2,0.0,0.0,0.0,0.0,-0.045908646628374676
557,3,0.0,0.0,0.0,0.0,0.0
557,4,0.0,0.0,0.0,0.0,0.0
558,0,0.0,-0.06436066027548677,0.0,0.0,-8.059517772120776
558,1,0.0,0.0,0.0,0.0,-1.6502409621326286
558,2,0.0,0.0,0.0,0.0,-0.045908646628374676
558,3,0.0,0.0,0.0,0.0,0.0
558,4,0.0,0.0,0.0,0.0,0.0
559,0,0.0,-0.06436066027548677,0.0,0.0,-8.058623260772302
559,1,0.0,0.0,0.0,0.0,-1.6502409621326286
559,2,0.0,0.0,0.0,0.0,-0.045908646628374676
559,3,0.0,0.0,0.0,0.0,0.0
559,4,0.0,0.0,0.0,0.0,0.0
560,0,0.0,-0.06436066027548677,0.0,0.0,-8.066505434110935
560,1,0.0,0.0,0.0,0.0,-1.6502409621326286
560,2,0.0,0.0,0.0,0.0,-0.045908646628374676
560,3,0.0,0.0,0.0,0.0,0.0
560,4,0.0,0.0,0.0,0.0,0.0
561,0,0.0,-0.06436066027548677,0.0,0.0,-8.070603563480454
561,1,0.0,0.0,0.0,0.0,-1.6502409621326286
561,2,0.0,0.0,0.0,0.0,-0.045908646628374676
561,3,0.0,0.0,0.0,0.0,0.0
561,4,0.0,0.0,0.0,0.0,0.0
562,0,0.0,-0.06436066027548677,0.0,0.0,-8.080365807113871
562,1,0.0,0.0,0.0,0.0,-1.6502409621326286
562,2,0.0,0.0,0.0,0.0,-0.045908646628374676
562,3,0.0,0.0,0.0,0.0,0.0
562,4,0.0,0.0,0.0,0.0,0.0
563,0,0.0,-0.06436066027548677,0.0,0.0,-8.087775352920765
563,1,0.0,0.0,0.0,0.0,-1.6502409621326286
563,2,0.0,0.0,0.0,0.0,-0.045908646628374676
563,3,0.0,0.0,0.0,0.0,0.0
563,4,0.0,0.0,0.0,0.0,0.0
564,0,0.0,-0.06436066027548677,0.0,0.0,-8.096448760311205
564,1,0.0,0.0,0.0,0.0,-1.6502409621326286
564,2,0.0,0.0,0.0,0.0,-0.045908646628374676
564,3,0.0,0.0,0.0,0.0,0.0
564,4,0.0,0.0,0.0,0.0,0.0
565,0,0.0,-0.06436066027548677,0.0,0.0,-8.096019362795133
565,1,0.0,0.0,0.0,0.0,-1.6502409621326286
565,2,0.0,0.0,0.0,0.0,-0.045908646628374676
565,3,0.0,0.0,0.0,0.0,0.0
565,4,0.0,0.0,0.0,0.0,0.0
566,0,0.0,-0.06436066027548677,0.0,0.0,-8.11023748869941
566,1,0.0,0.0,0.0,0.0,-1.6502409621326286
566,2,0.0,0.0,0.0,0.0,-0.045908646628374676
566,3,0.0,0.0,0.0,0.0,0.0
566,4,0.0,0.0,0.0,0.0,0.0
567,0,0.0,-0.06436066027548677,0.0,0.0,-8.113570419107331
567,1,0.0,0.0,0.0,0.0,-1.6502409621326286
567,2,0.0,0.0,0.0,0.0,-0.045908646628374676
567,3,0.0,0.0,0.0,0.0,0.0
567,4,0.0,0.0,0.0,0.0,0.0
568,0,0.0,-0.06436066027548677,0.0,0.0,-8.123684490472776
568,1,0.0,0.0,0.0,0.0,-1.6502409621326286
568,2,0.0,0.0,0.0,0.0,-0.045908646628374676
568,3,0.0,0.0,0.0,0.0,0.0
568,4,0.0,0.0,0.0,0.0,0.0
569,0,0.0,-0.06436066027548677,0.0,0.0,-8.130449828017824
569,1,0.0,0.0,0.0,0.0,-1.6502409621326286
569,2,0.0,0.0,0.0,0.0,-0.045908646628374676
569,3,0.0,0.0,0.0,0.0,0.0
569,4,0.0,0.0,0.0,0.0,0.0
570,0,0.0,-0.06436066027548677,0.0,0.0,-8.13049755028855
570,1,0.0,0.0,0.0,0.0,-1.6502409621326286
570,2,0.0,0.0,0.0,0.0,-0.045908646628374676
570,3,0.0,0.0,0.0,0.0,0.0
570,4,0.0,0.0,0.0,0.0,0.0
571,0,0.0,-0.06436066027548677,0.0,0.0,-8.134923708930195
571,1,0.0,0.0,0.0,0.0,-1.6502409621326286
571,2,0.0,0.0,0.0,0.0,-0.045908646628374676
571,3,0.0,0.0,0.0,0.0,0.0
571,4,0.0,0.0,0.0,0.0,0.0
572,0,0.0,-0.06436066027548677,0.0,0.0,-8.147369440875535
572,1,0.0,0.0,0.0,0.0,-1.6502409621326286
572,2,0.0,0.0,0.0,0.0,-0.045908646628374676
572,3,0.0,0.0,0.0,0.0,0.0
572,4,0.0,0.0,0.0,0.0,0.0
573,0,0.0,-0.06436066027548677,0.0,0.0,-8.14733409000629
573,1,0.0,0.0,0.0,0.0,-1.6502409621326286
573,2,0.0,0.0,0.0,0.0,-0.045908646628374676
573,3,0.0,0.0,0.0,0.0,0.0
573,4,0.0,0.0,0.0,0.0,0.0
574,0,0.0,-0.06436066027548677,0.0,0.0,-8.15550764655515
574,1,0.0,0.0,0.0,0.0,-1.6502409621326286
574,2,0.0,0.0,0.0,0.0,-0.045908646628374676
574,3,0.0,0.0,0.0,0.0,0.0
574,4,0.0,0.0,0.0,0.0,0.0
575,0,0.0,-0.06436066027548677,0.0,0.0,-8.170881190154146
575,1,0.0,0.0,0.0,0.0,-1.6502409621326286
575,2,0.0,0.0,0.0,0.0,-0.045908646628374676
575,3,0.0,0.0,0.0,0.0,0.0
575,4,0.0,0.0,0.0,0.0,0.0
576,0,0.0,-0.06436066027548677,0.0,0.0,-8.17602878669556
576,1,0.0,0.0,0.0,0.0,-1.6502409621326286
576,2,0.0,0.0,0.0,0.0,-0.045908646628374676
576,3,0.0,0.0,0.0,0.0,0.0
576,4,0.0,0.0,0.0,0.0,0.0
577,0,0.0,-0.06436066027548677,0.0,0.0,-8.195374696031045
577,1,0.0,0.0,0.0,0.0,-1.6502409621326286
577,2,0.0,0.0,0.0,0.0,-0.045908646628374676
577,3,0.0,0.0,0.0,0.0,0.0
577,4,0.0,0.0,0.0,0.0,0.0
578,0,0.0,-0.06436066027548677,0.0,0.0,-8.203159195758332
578,1,0.0,0.0,0.0,0.0,-1.6502409621326286
578,2,0.0,0.0,0.0,0.0,-0.045908646628374676
578,3,0.0,0.0,0.0,0.0,0.0
578,4,0.0,0.0,0.0,0.0,0.0
579,0,0.0,-0.06717409490761657,0.0,0.0,-8.203159195758332
579,1,0.0,0.0,0.0,0.0,-1.6750380870779245
579,2,0.0,0.0,0.0,0.0,-0.045908646628374676
579,3,0.0,0.0,0.0,0.0,0.0
579,4,0.0,0.0,0.0,0.0,0.0
580,0,0.0,-0.06717409490761657,0.0,0.0,-8.226468415653445
580,1,0.0,0.0,0.0,0.0,-1.6750380870779245
580,2,0.0,0.0,0.0,0.0,-0.045908646628374676
580,3,0.0,0.0,0.0,0.0,0.0
580,4,0.0,0.0,0.0,0.0,0.0
581,0,0.0,-0.06717409490761657,0.0,0.0,-8.23473571721714
581,1,0.0,0.0,0.0,0.0,-1.6750380870779245
581,2,0.0,0.0,0.0,0.0,-0.045908646628374676
581,3,0.0,0.0,0.0,0.0,0.0
581,4,0.0,0.0,0.0,0.0,0.0
582,0,0.0,-0.06717409490761657,0.0,0.0,-8.24667035846179
582,1,0.0,0.0,0.0,0.0,-1.6750380870779245
582,2,0.0,0.0,0.0,0.0,-0.045908646628374676
582,3,0.0,0.0,0.0,0.0,0.0
582,4,0.0,0.0,0.0,0.0,0.0
583,0,0.0,-0.06717409490761657,0.0,0.0,-8.248218845217599
583,1,0.0,0.0,0.0,0.0,-1.6750380870779245
583,2,0.0,0.0,0.0,0.0,-0.045908646628374676
583,3,0.0,0.0,0.0,0.0,0.0
583,4,0.0,0.0,0.0,0.0,0.0
584,0,0.0,-0.06717409490761657,0.0,0.0,-8.258184621787256
584,1,0.0,0.0,0.0,0.0,-1.6750380870779245
584,2,0.0,0.0,0.0,0.0,-0.045908646628374676
584,3,0.0,0.0,0.0,0.0,0.0
584,4,0.0,0.0,0.0,0.0,0.0
585,0,0.0,-0.06717409490761657,0.0,0.0,-8.260971730581916
585,1,0.0,0.0,0.0,0.0,-1.6750380870779245
585,2,0.0,0.0,0.0,0.0,-0.045908646628374676
585,3,0.0,0.0,0.0,0.0,0.0
585,4,0.0,0.0,0.0,0.0,0.0
586,0,0.0,-0.06717409490761657,0.0,0.0,-8.260667192280826
586,1,0.0,0.0,0.0,0.0,-1.6750380870779245
586,2,0.0,0.0,0.0,0.0,-0.045908646628374676
586,3,0.0,0.0,0.0,0.0,0.0
586,4,0.0,0.0,0.0,0.0,0.0
587,0,0.0,-0.06717409490761657,0.0,0.0,-8.263386233207298
587,1,0.0,0.0,0.0,0.0,-1.6750380870779245
587,2,0.0,0.0,0.0,0.0,-0.045908646628374676
587,3,0.0,0.0,0.0,0.0,0.0
587,4,0.0,0.0,0.0,0.0,0.0
588,0,0.0,-0.06717409490761657,0.0,0.0,-8.26729522827831
588,1,0.0,0.0,0.0,0.0,-1.6750380870779245
588,2,0.0,0.0,0.0,0.0,-0.045908646628374676
588,3,0.0,0.0,0.0,0.0,0.0
588,4,0.0,0.0,0.0,0.0,0.0
589,0,0.0,-0.06717409490761657,0.0,0.0,-8.266508390993367
589,1,0.0,0.0,0.0,0.0,-1.6750380870779245
589,2,0.0,0.0,0.0,0.0,-0.045908646628374676
589,3,0.0,0.0,0.0,0.0,0.0
589,4,0.0,0.0,0.0,0.0,0.0
590,0,0.0,-0.06717409490761657,0.0,0.0,-8.284461480836846
590,1,0.0,0.0,0.0,0.0,-1.6750380870779245
590,2,0.0,0.0,0.0,0.0,-0.045908646628374676
590,3,0.0,0.0,0.0,0.0,0.0
590,4,0.0,0.0,0.0,0.0,0.0
591,0,0.0,-0.06717409490761657,0.0,0.0,-8.288934569587072
591,1,0.0,0.0,0.0,0.0,-1.6750380870779245
591,2,0.0,0.0,0.0,0.0,-0.045908646628374676
591,3,0.0,0.0,0.0,0.0,0.0
591,4,0.0,0.0,0.0,0.0,0.0
592,0,0.0,-0.06717409490761657,0.0,0.0,-8.294643910140177
592,1,0.0,0.0,0.0,0.0,-1.6750380870779245
592,2,0.0,0.0,0.0,0.0,-0.045908646628374676
592,3,0.0,0.0,0.0,0.0,0.0
592,4,0.0,0.0,0.0,0.0,0.0
593,0,0.0,-0.06717409490761657,0.0,0.0,-8.294504761823958
593,1,0.0,0.0,0.0,0.0,-1.6750380870779245
593,2,0.0,0.0,0.0,0.0,-0.045908646628374676
593,3,0.0,0.0,0.0,0.0,0.0
593,4,0.0,0.0,0.0,0.0,0.0
594,0,0.0,-0.06717409490761657,0.0,0.0,-8.305709182683051
594,1,0.0,0.0,0.0,0.0,-1.6750380870779245
594,2,0.0,0.0,0.0,0.0,-0.045908646628374676
594,3,0.0,0.0,0.0,0.0,0.0
594,4,0.0,0.0,0.0,0.0,0.0
595,0,0.0,-0.06717409490761657,0.0,0.0,-8.32890139403465
595,1,0.0,0.0,0.0,0.0,-1.6750380870779245
595,2,0.0,0.0,0.0,0.0,-0.045908646628374676
595,3,0.0,0.0,0.0,0.0,0.0
595,4,0.0,0.0,0.0,0.0,0.0
596,0,0.0,-0.06717409490761657,0.0,0.0,-8.33102795090258
596,1,0.0,0.0,0.0,0.0,-1.6750380870779245
596,2,0.0,0.0,0.0,0.0,-0.045908646628374676
596,3,0.0,0.0,0.0,0.0,0.0
596,4,0.0,0.0,0.0,0.0,0.0
597,0,0.0,-0.06717409490761657,0.0,0.0,-8.337356114718574
597,1,0.0,0.0,0.0,0.0,-1.6750380870779245
597,2,0.0,0.0,0.0,0.0,-0.045908646628374676
597,3,0.0,0.0,0.0,0.0,0.0
597,4,0.0,0.0,0.0,0.0,0.0
598,0,0.0,-0.06717409490761657,0.0,0.0,-8.346777238559064
598,1,0.0,0.0,0.0,0.0,-1.6750380870779245
598,2,0.0,0.0,0.0,0.0,-0.045908646628374676
598,3,0.0,0.0,0.0,0.0,0.0
598,4,0.0,0.0,0.0,0.0,0.0
599,0,0.0,-0.06717409490761657,0.0,0.0,-8.346008851667353
599,1,0.0,0.0,0.0,0.0,-1.6750380870779245
599,2,0.0,0.0,0.0,0.0,-0.045908646628374676
599,3,0.0,0.0,0.0,0.0,0.0
599,4,0.0,0.0,0.0,0.0,0.0
600,0,0.0,-0.06717409490761657,0.0,0.0,-8.347476100035358
600,1,0.0,0.0,0.0,0.0,-1.6750380870779245
600,2,0.0,0.0,0.0,0.0,-0.045908646628374676
600,3,0.0,0.0,0.0,0.0,0.0
600,4,0.0,0.0,0.0,0.0,0.0
601,0,0.0,-0.06717409490761657,0.0,0.0,-8.349558102410223
601,1,0.0,0.0,0.0,0.0,-1.6750380870779245
601,2,0.0,0.0,0.0,0.0,-0.045908646628374676
601,3,0.0,0.0,0.0,0.0,0.0
601,4,0.0,0.0,0.0,0.0,0.0
602,0,0.0,-0.06717409490761657,0.0,0.0,-8.356847537108044
602,1,0.0,0.0,0.0,0.0,-1.6750380870779245
602,2,0.0,0.0,0.0,0.0,-0.045908646628374676
602,3,0.0,0.0,0.0,0.0,0.0
602,4,0.0,0.0,0.0,0.0,0.0
603,0,0.0,-0.06717409490761657,0.0,0.0,-8.372772302601245
603,1,0.0,0.0,0.0,0.0,-1.6750380870779245
603,2,0.0,0.0,0.0,0.0,-0.045908646628374676
603,3,0.0,0.0,0.0,0.0,0.0
603,4,0.0,0.0,0.0,0.0,0.0
604,0,0.0,-0.06717409490761657,0.0,0.0,-8.383097269977258
604,1,0.0,0.0,0.0,0.0,-1.6750380870779245
604,2,0.0,0.0,0.0,0.0,-0.045908646628374676
604,3,0.0,0.0,0.0,0.0,0.0
604,4,0.0,0.0,0.0,0.0,0.0
605,0,0.0,-0.06717409490761657,0.0,0.0,-8.392792484041566
605,1,0.0,0.0,0.0,0.0,-1.6750380870779245
605,2,0.0,0.0,0.0,0.0,-0.045908646628374676
605,3,0.0,0.0,0.0,0.0,0.0
605,4,0.0,0.0,0.0,0.0,0.0
606,0,0.0,-0.06717409490761657,0.0,0.0,-8.401780997921987
606,1,0.0,0.0,0.0,0.0,-1.6750380870779245
606,2,0.0,0.0,0.0,0.0,-0.045908646628374676
606,3,0.0,0.0,0.0,0.0,0.0
606,4,0.0,0.0,0.0,0.0,0.0
607,0,0.0,-0.06717409490761657,0.0,0.0,-8.41833118572626
607,1,0.0,0.0,0.0,0.0,-1.6750380870779245
607,2,0.0,0.0,0.0,0.0,-0.045908646628374676
607,3,0.0,0.0,0.0,0.0,0.0
607,4,0.0,0.0,0.0,0.0,0.0
608,0,0.0,-0.06717409490761657,0.0,0.0,-8.4426108687598
608,1,0.0,0.0,0.0,0.0,-1.6750380870779245
608,2,0.0,0.0,0.0,0.0,-0.045908646628374676
608,3,0.0,0.0,0.0,0.0,0.0
608,4,0.0,0.0,0.0,0.0,0.0
609,0,0.0,-0.06717409490761657,0.0,0.0,-8.444992637628813
609,1,0.0,0.0,0.0,0.0,-1.6750380870779245
609,2,0.0,0.0,0.0,0.0,-0.045908646628374676
609,3,0.0,0.0,0.0,0.0,0.0
609,4,0.0,0.0,0.0,0.0,0.0
610,0,0.0,-0.06717409490761657,0.0,0.0,-8.451161257723736
610,1,0.0,0.0,0.0,0.0,-1.6750380870779245
610,2,0.0,0.0,0.0,0.0,-0.045908646628374676
610,3,0.0,0.0,0.0,0.0,0.0
610,4,0.0,0.0,0.0,0.0,0.0
611,0,0.0,-0.06717409490761657,0.0,0.0,-8.479097648215921
611,1,0.0,0.0,0.0,0.0,-1.6750380870779245
611,2,0.0,0.0,0.0,0.0,-0.045908646628374676
611,3,0.0,0.0,0.0,0.0,0.0
611,4,0.0,0.0,0.0,0.0,0.0
612,0,0.0,-0.06717409490761657,0.0,0.0,-8.496288304690323
612,1,0.0,0.0,0.0,0.0,-1.6750380870779245
612,2,0.0,0.0,0.0,0.0,-0.045908646628374676
612,3,0.0,0.0,0.0,0.0,0.0
612,4,0.0,0.0,0.0,0.0,0.0
613,0,0.0,-0.06717409490761657,0.0,0.0,-8.518516618240374
613,1,0.0,0.0,0.0,0.0,-1.6750380870779245
613,2,0.0,0.0,0.0,0.0,-0.045908646628374676
613,3,0.0,0.0,0.0,0.0,0.0
613,4,0.0,0.0,0.0,0.0,0.0
614,0,0.0,-0.06717409490761657,0.0,0.0,-8.528337466011147
614,1,0.0,0.0,0.0,0.0,-1.6750380870779245
614,2,0.0,0.0,0.0,0.0,-0.045908646628374676
614,3,0.0,0.0,0.0,0.0,0.0
614,4,0.0,0.0,0.0,0.0,0.0
615,0,0.0,-0.06717409490761657,0.0,0.0,-8.542720891115849
615,1,0.0,0.0,0.0,0.0,-1.6750380870779245
615,2,0.0,0.0,0.0,0.0,-0.045908646628374676
615,3,0.0,0.0,0.0,0.0,0.0
615,4,0.0,0.0,0.0,0.0,0.0
616,0,0.0,-0.06717409490761657,0.0,0.0,-8.570181526923475
616,1,0.0,0.0,0.0,0.0,-1.6750380870779245
616,2,0.0,0.0,0.0,0.0,-0.045908646628374676
616,3,0.0,0.0,0.0,0.0,0.0
616,4,0.0,0.0,0.0,0.0,0.0
617,0,0.0,-0.06717409490761657,0.0,0.0,-8.57052758326541
617,1,0.0,0.0,0.0,0.0,-1.6750380870779245
617,2,0.0,0.0,0.0,0.0,-0.045908646628374676
617,3,0.0,0.0,0.0,0.0,0.0
617,4,0.0,0.0,0.0,0.0,0.0
618,0,0.0,-0.06717409490761657,0.0,0.0,-8.573516671179956
618,1,0.0,0.0,0.0,0.0,-1.6750380870779245
618,2,0.0,0.0,0.0,0.0,-0.045908646628374676
618,3,0.0,0.0,0.0,0.0,0.0
618,4,0.0,0.0,0.0,0.0,0.0
619,0,0.0,-0.06717409490761657,0.0,0.0,-8.581645446280017
619,1,0.0,0.0,0.0,0.0,-1.6750380870779245
619,2,0.0,0.0,0.0,0.0,-0.045908646628374676
619,3,0.0,0.0,0.0,0.0,0.0
619,4,0.0,0.0,0.0,0.0,0.0
620,0,0.0,-0.06717409490761657,0.0,0.0,-8.590650071464252
620,1,0.0,0.0,0.0,0.0,-1.6750380870779245
620,2,0.0,0.0,0.0,0.0,-0.045908646628374676
620,3,0.0,0.0,0.0,0.0,0.0
620,4,0.0,0.0,0.0,0.0,0.0
621,0,0.0,-0.06717409490761657,0.0,0.0,-8.597122583056972
621,1,0.0,0.0,0.0,0.0,-1.6750380870779245
621,2,0.0,0.0,0.0,0.0,-0.045908646628374676
621,3,0.0,0.0,0.0,0.0,0.0
621,4,0.0,0.0,0.0,0.0,0.0
622,0,0.0,-0.06717409490761657,0.0,0.0,-8.60175848602492
622,1,0.0,0.0,0.0,0.0,-1.6750380870779245
622,2,0.0,0.0,0.0,0.0,-0.045908646628374676
622,3,0.0,0.0,0.0,0.0,0.0
622,4,0.0,0.0,0.0,0.0,0.0
623,0,0.0,-0.06717409490761657,0.0,0.0,-8.605528586433891
623,1,0.0,0.0,0.0,0.0,-1.6750380870779245
623,2,0.0,0.0,0.0,0.0,-0.045908646628374676
623,3,0.0,0.0,0.0,0.0,0.0
623,4,0.0,0.0,0.0,0.0,0.0
624,0,0.0,-0.06717409490761657,0.0,0.0,-8.621700612110315
624,1,0.0,0.0,0.0,0.0,-1.6750380870779245
624,2,0.0,0.0,0.0,0.0,-0.045908646628374676
624,3,0.0,0.0,0.0,0.0,0.0
624,4,0.0,0.0,0.0,0.0,0.0
625,0,0.0,-0.06717409490761657,0.0,0.0,-8.62409689164834
625,1,0.0,0.0,0.0,0.0,-1.6750380870779245
625,2,0.0,0.0,0.0,0.0,-0.045908646628374676
625,3,0.0,0.0,0.0,0.0,0.0
625,4,0.0,0.0,0.0,0.0,0.0
626,0,0.0,-0.06717409490761657,0.0,0.0,-8.62510809625065
626,1,0.0,0.0,0.0,0.0,-1.6750380870779245
626,2,0.0,0.0,0.0,0.0,-0.045908646628374676
626,3,0.0,0.0,0.0,0.0,0.0
626,4,0.0,0.0,0.0,0.0,0.0
627,0,0.0,-0.06717409490761657,0.0,0.0,-8.624576638997786
627,1,0.0,0.0,0.0,0.0,-1.6750380870779245
627,2,0.0,0.0,0.0,0.0,-0.045908646628374676
627,3,0.0,0.0,0.0,0.0,0.0
627,4,0.0,0.0,0.0,0.0,0.0
628,0,0.0,-0.06717409490761657,0.0,0.0,-8.63605060424891
628,1,0.0,0.0,0.0,0.0,-1.6750380870779245
628,2,0.0,0.0,0.0,0.0,-0.045908646628374676
628,3,0.0,0.0,0.0,0.0,0.0
628,4,0.0,0.0,0.0,0.0,0.0
629,0,0.0,-0.06717409490761657,0.0,0.0,-8.651091571615805
629,1,0.0,0.0,0.0,0.0,-1.6750380870779245
629,2,0.0,0.0,0.0,0.0,-0.045908646628374676
629,3,0.0,0.0,0.0,0.0,0.0
629,4,0.0,0.0,0.0,0.0,0.0
630,0,0.0,-0.06717409490761657,0.0,0.0,-8.653404464973464
630,1,0.0,0.0,0.0,0.0,-1.6750380870779245
630,2,0.0,0.0,0.0,0.0,-0.045908646628374676
630,3,0.0,0.0,0.0,0.0,0.0
630,4,0.0,0.0,0.0,0.0,0.0
631,0,0.0,-0.06717409490761657,0.0,0.0,-8.65521578487624
631,1,0.0,0.0,0.0,0.0,-1.6750380870779245
631,2,0.0,0.0,0.0,0.0,-0.045908646628374676
631,3,0.0,0.0,0.0,0.0,0.0
631,4,0.0,0.0,0.0,0.0,0.0
632,0,0.0,-0.06717409490761657,0.0,0.0,-8.670189718263668
632,1,0.0,0.0,0.0,0.0,-1.6750380870779245
632,2,0.0,0.0,0.0,0.0,-0.045908646628374676
632,3,0.0,0.0,0.0,0.0,0.0
632,4,0.0,0.0,0.0,0.0,0.0
633,0,0.0,-0.06717409490761657,0.0,0.0,-8.675939819185338
633,1,0.0,0.0,0.0,0.0,-1.6750380870779245
633,2,0.0,0.0,0.0,0.0,-0.045908646628374676
633,3,0.0,0.0,0.0,0.0,0.0
633,4,0.0,0.0,0.0,0.0,0.0
634,0,0.0,-0.06717409490761657,0.0,0.0,-8.684024141911975
634,1,0.0,0.0,0.0,0.0,-1.6750380870779245
634,2,0.0,0.0,0.0,0.0,-0.045908646628374676
634,3,0.0,0.0,0.0,0.0,0.0
634,4,0.0,0.0,0.0,0.0,0.0
635,0,0.0,-0.06717409490761657,0.0,0.0,-8.68715381432496
635,1,0.0,0.0,0.0,0.0,-1.6750380870779245
635,2,0.0,0.0,0.0,0.0,-0.045908646628374676
635,3,0.0,0.0,0.0,0.0,0.0
635,4,0.0,0.0,0.0,0.0,0.0
636,0,0.0,-0.06717409490761657,0.0,0.0,-8.686151458279376
636,1,0.0,0.0,0.0,0.0,-1.6750380870779245
636,2,0.0,0.0,0.0,0.0,-0.045908646628374676
636,3,0.0,0.0,0.0,0.0,0.0
636,4,0.0,0.0,0.0,0.0,0.0
637,0,0.0,-0.06717409490761657,0.0,0.0,-8.713420613794193
637,1,0.0,0.0,0.0,0.0,-1.6750380870779245
637,2,0.0,0.0,0.0,0.0,-0.045908646628374676
637,3,0.0,0.0,0.0,0.0,0.0
637,4,0.0,0.0,0.0,0.0,0.0
638,0,0.0,-0.06717409490761657,0.0,0.0,-8.734489694806586
638,1,0.0,0.0,0.0,0.0,-1.6750380870779245
638,2,0.0,0.0,0.0,0.0,-0.045908646628374676
638,3,0.0,0.0,0.0,0.0,0.0
638,4,0.0,0.0,0.0,0.0,0.0
639,0,0.0,-0.06717409490761657,0.0,0.0,-8.759677165243588
639,1,0.0,0.0,0.0,0.0,-1.6750380870779245
639,2,0.0,0.0,0.0,0.0,-0.045908646628374676
639,3,0.0,0.0,0.0,0.0,0.0
639,4,0.0,0.0,0.0,0.0,0.0
640,0,0.0,-0.06717409490761657,0.0,0.0,-8.777137485598352
640,1,0.0,0.0,0.0,0.0,-1.6750380870779245
640,2,0.0,0.0,0.0,0.0,-0.045908646628374676
640,3,0.0,0.0,0.0,0.0,0.0
640,4,0.0,0.0,0.0,0.0,0.0
641,0,0.0,-0.06717409490761657,0.0,0.0,-8.798168780251604
641,1,0.0,0.0,0.0,0.0,-1.6750380870779245
641,2,0.0,0.0,0.0,0.0,-0.045908646628374676
641,3,0.0,0.0,0.0,0.0,0.0
641,4,0.0,0.0,0.0,0.0,0.0
642,0,0.0,-0.06717409490761657,0.0,0.0,-8.80050677299308
642,1,0.0,0.0,0.0,0.0,-1.6750380870779245
642,2,0.0,0.0,0.0,0.0,-0.045908646628374676
642,3,0.0,0.0,0.0,0.0,0.0
642,4,0.0,0.0,0.0,0.0,0.0
643,0,0.0,-0.06717409490761657,0.0,0.0,-8.820837103230408
643,1,0.0,0.0,0.0,0.0,-1.6750380870779245
643,2,0.0,0.0,0.0,0.0,-0.045908646628374676
643,3,0.0,0.0,0.0,0.0,0.0
643,4,0.0,0.0,0.0,0.0,0.0
644,0,0.0,-0.06717409490761657,0.0,0.0,-8.83772381080689
644,1,0.0,0.0,0.0,0.0,-1.6750380870779245
644,2,0.0,0.0,0.0,0.0,-0.045908646628374676
644,3,0.0,0.0,0.0,0.0,0.0
644,4,0.0,0.0,0.0,0.0,0.0
645,0,0.0,-0.06717409490761657,0.0,0.0,-8.850094446934097
645,1,0.0,0.0,0.0,0.0,-1.6750380870779245
645,2,0.0,0.0,0.0,0.0,-0.045908646628374676
645,3,0.0,0.0,0.0,0.0,0.0
645,4,0.0,0.0,0.0,0.0,0.0
646,0,0.0,-0.06717409490761657,0.0,0.0,-8.853697836225434
646,1,0.0,0.0,0.0,0.0,-1.6750380870779245
646,2,0.0,0.0,0.0,0.0,-0.045908646628374676
646,3,0.0,0.0,0.0,0.0,0.0
646,4,0.0,0.0,0.0,0.0,0.0
647,0,0.0,-0.06717409490761657,0.0,0.0,-8.870819177746146
647,1,0.0,0.0,0.0,0.0,-1.6750380870779245
647,2,0.0,0.0,0.0,0.0,-0.045908646628374676
647,3,0.0,0.0,0.0,0.0,0.0
647,4,0.0,0.0,0.0,0.0,0.0
648,0,0.0,-0.06717409490761657,0.0,0.0,-8.872677660355553
648,1,0.0,0.0,0.0,0.0,-1.6750380870779245
648,2,0.0,0.0,0.0,0.0,-0.045908646628374676
648,3,0.0,0.0,0.0,0.0,0.0
648,4,0.0,0.0,0.0,0.0,0.0
649,0,0.0,-0.06717409490761657,0.0,0.0,-8.880797228602452
649,1,0.0,0.0,0.0,0.0,-1.6750380870779245
649,2,0.0,0.0,0.0,0.0,-0.045908646628374676
649,3,0.0,0.0,0.0,0.0,0.0
649,4,0.0,0.0,0.0,0.0,0.0
650,0,0.0,-0.06717409490761657,0.0,0.0,-8.889688934562189
650,1,0.0,0.0,0.0,0.0,-1.6750380870779245
650,2,0.0,0.0,0.0,0.0,-0.045908646628374676
650,3,0.0,0.0,0.0,0.0,0.0
650,4,0.0,0.0,0.0,0.0,0.0
651,0,0.0,-0.06717409490761657,0.0,0.0,-8.901074830886945
651,1,0.0,0.0,0.0,0.0,-1.6750380870779245
651,2,0.0,0.0,0.0,0.0,-0.045908646628374676
651,3,0.0,0.0,0.0,0.0,0.0
651,4,0.0,0.0,0.0,0.0,0.0
652,0,0.0,-0.06717409490761657,0.0,0.0,-8.90367801318492
652,1,0.0,0.0,0.0,0.0,-1.6750380870779245
652,2,0.0,0.0,0.0,0.0,-0.045908646628374676
652,3,0.0,0.0,0.0,0.0,0.0
652,4,0.0,0.0,0.0,0.0,0.0
653,0,0.0,-0.06717409490761657,0.0,0.0,-8.900830079940867
653,1,0.0,0.0,0.0,0.0,-1.6750380870779245
653,2,0.0,0.0,0.0,0.0,-0.045908646628374676
653,3,0.0,0.0,0.0,0.0,0.0
653,4,0.0,0.0,0.0,0.0,0.0
654,0,0.0,-0.06717409490761657,0.0,0.0,-8.90245554213552
654,1,0.0,0.0,0.0,0.0,-1.6750380870779245
654,2,0.0,0.0,0.0,0.0,-0.045908646628374676
654,3,0.0,0.0,0.0,0.0,0.0
654,4,0.0,0.0,0.0,0.0,0.0
655,0,0.0,-0.06717409490761657,0.0,0.0,-8.898304146170249
655,1,0.0,0.0,0.0,0.0,-1.6750380870779245
655,2,0.0,0.0,0.0,0.0,-0.045908646628374676
655,3,0.0,0.0,0.0,0.0,0.0
655,4,0.0,0.0,0.0,0.0,0.0
656,0,0.0,-0.06717409490761657,0.0,0.0,-8.899570293405347
656,1,0.0,0.0,0.0,0.0,-1.6750380870779245
656,2,0.0,0.0,0.0,0.0,-0.045908646628374676
656,3,0.0,0.0,0.0,0.0,0.0
656,4,0.0,0.0,0.0,0.0,0.0
657,0,0.0,-0.06717409490761657,0.0,0.0,-8.918469358735555
657,1,0.0,0.0,0.0,0.0,-1.6750380870779245
657,2,0.0,0.0,0.0,0.0,-0.045908646628374676
657,3,0.0,0.0,0.0,0.0,0.0
657,4,0.0,0.0,0.0,0.0,0.0
658,0,0.0,-0.06717409490761657,0.0,0.0,-8.917912689992185
658,1,0.0,0.0,0.0,0.0,-1.6750380870779245
658,2,0.0,0.0,0.0,0.0,-0.045908646628374676
658,3,0.0,0.0,0.0,0.0,0.0
658,4,0.0,0.0,0.0,0.0,0.0
659,0,0.0,-0.06717409490761657,0.0,0.0,-8.920266056903605
659,1,0.0,0.0,0.0,0.0,-1.6750380870779245
659,2,0.0,0.0,0.0,0.0,-0.045908646628374676
659,3,0.0,0.0,0.0,0.0,0.0
659,4,0.0,0.0,0.0,0.0,0.0
660,0,0.0,-0.06717409490761657,0.0,0.0,-8.920527384163819
660,1,0.0,0.0,0.0,0.0,-1.6750380870779245
660,2,0.0,0.0,0.0,0.0,-0.045908646628374676
660,3,0.0,0.0,0.0,0.0,0.0
660,4,0.0,0.0,0.0,0.0,0.0
661,0,0.0,-0.06717409490761657,0.0,0.0,-8.953165582743807
661,1,0.0,0.0,0.0,0.0,-1.6750380870779245
661,2,0.0,0.0,0.0,0.0,-0.045908646628374676
661,3,0.0,0.0,0.0,0.0,0.0
661,4,0.0,0.0,0.0,0.0,0.0
662,0,0.0,-0.06717409490761657,0.0,0.0,-8.971228897923668
662,1,0.0,0.0,0.0,0.0,-1.6750380870779245
662,2,0.0,0.0,0.0,0.0,-0.045908646628374676
662,3,0.0,0.0,0.0,0.0,0.0
662,4,0.0,0.0,0.0,0.0,0.0
663,0,0.0,-0.06717409490761657,0.0,0.0,-8.980992732101925
663,1,0.0,0.0,0.0,0.0,-1.6750380870779245
663,2,0.0,0.0,0.0,0.0,-0.045908646628374676
663,3,0.0,0.0,0.0,0.0,0.0
663,4,0.0,0.0,0.0,0.0,0.0
664,0,0.0,-0.06717409490761657,0.0,0.0,-8.982620454968243
664,1,0.0,0.0,0.0,0.0,-1.6750380870779245
664,2,0.0,0.0,0.0,0.0,-0.045908646628374676
664,3,0.0,0.0,0.0,0.0,0.0
664,4,0.0,0.0,0.0,0.0,0.0
665,0,0.0,-0.06717409490761657,0.0,0.0,-8.987065964068751
665,1,0.0,0.0,0.0,0.0,-1.6750380870779245
665,2,0.0,0.0,0.0,0.0,-0.045908646628374676
665,3,0.0,0.0,0.0,0.0,0.0
665,4,0.0,0.0,0.0,0.0,0.0
666,0,0.0,-0.06717409490761657,0.0,0.0,-8.999369700844413
666,1,0.0,0.0,0.0,0.0,-1.6750380870779245
666,2,0.0,0.0,0.0,0.0,-0.045908646628374676
666,3,0.0,0.0,0.0,0.0,0.0
666,4,0.0,0.0,0.0,0.0,0.0
667,0,0.0,-0.06717409490761657,0.0,0.0,-9.000662754938292
667,1,0.0,0.0,0.0,0.0,-1.6750380870779245
667,2,0.0,0.0,0.0,0.0,-0.045908646628374676
667,3,0.0,0.0,0.0,0.0,0.0
667,4,0.0,0.0,0.0,0.0,0.0
668,0,0.0,-0.06717409490761657,0.0,0.0,-9.008790179222057
668,1,0.0,0.0,0.0,0.0,-1.6750380870779245
668,2,0.0,0.0,0.0,0.0,-0.045908646628374676
668,3,0.0,0.0,0.0,0.0,0.0
668,4,0.0,0.0,0.0,0.0,0.0
669,0,0.0,-0.06717409490761657,0.0,0.0,-9.031540436240432
669,1,0.0,0.0,0.0,0.0,-1.6750380870779245
669,2,0.0,0.0,0.0,0.0,-0.045908646628374676
669,3,0.0,0.0,0.0,0.0,0.0
669,4,0.0,0.0,0.0,0.0,0.0
670,0,0.0,-0.06717409490761657,0.0,0.0,-9.032490491114494
670,1,0.0,0.0,0.0,0.0,-1.6750380870779245
670,2,0.0,0.0,0.0,0.0,-0.045908646628374676
670,3,0.0,0.0,0.0,0.0,0.0
670,4,0.0,0.0,0.0,0.0,0.0
671,0,0.0,-0.06717409490761657,0.0,0.0,-9.036025910554738
671,1,0.0,0.0,0.0,0.0,-1.6750380870779245
671,2,0.0,0.0,0.0,0.0,-0.045908646628374676
671,3,0.0,0.0,0.0,0.0,0.0
671,4,0.0,0.0,0.0,0.0,0.0
672,0,0.0,-0.06717409490761657,0.0,0.0,-9.035113216045314
672,1,0.0,0.0,0.0,0.0,-1.6750380870779245
672,2,0.0,0.0,0.0,0.0,-0.045908646628374676
672,3,0.0,0.0,0.0,0.0,0.0
672,4,0.0,0.0,0.0,0.0,0.0
673,0,0.0,-0.06717409490761657,0.0,0.0,-9.036015094147581
673,1,0.0,0.0,0.0,0.0,-1.6750380870779245
673,2,0.0,0.0,0.0,0.0,-0.045908646628374676
673,3,0.0,0.0,0.0,0.0,0.0
673,4,0.0,0.0,0.0,0.0,0.0
674,0,0.0,-0.06717409490761657,0.0,0.0,-9.044799461628466
674,1,0.0,0.0,0.0,0.0,-1.6750380870779245
674,2,0.0,0.0,0.0,0.0,-0.045908646628374676
674,3,0.0,0.0,0.0,0.0,0.0
674,4,0.0,0.0,0.0,0.0,0.0
675,0,0.0,-0.06717409490761657,0.0,0.0,-9.040128851140306
675,1,0.0,0.0,0.0,0.0,-1.6750380870779245
675,2,0.0,0.0,0.0,0.0,-0.045908646628374676
675,3,0.0,0.0,0.0,0.0,0.0
675,4,0.0,0.0,0.0,0.0,0.0
676,0,0.0,-0.06717409490761657,0.0,0.0,-9.045279575808046
676,1,0.0,0.0,0.0,0.0,-1.6750380870779245
676,2,0.0,0.0,0.0,0.0,-0.045908646628374676
676,3,0.0,0.0,0.0,0.0,0.0
676,4,0.0,0.0,0.0,0.0,0.0
677,0,0.0,-0.06717409490761657,0.0,0.0,-9.053839316420536
677,1,0.0,0.0,0.0,0.0,-1.6750380870779245
677,2,0.0,0.0,0.0,0.0,-0.045908646628374676
677,3,0.0,0.0,0.0,0.0,0.0
677,4,0.0,0.0,0.0,0.0,0.0
678,0,0.0,-0.06717409490761657,0.0,0.0,-9.047244655723976
678,1,0.0,0.0,0.0,0.0,-1.6750380870779245
678,2,0.0,0.0,0.0,0.0,-0.045908646628374676
678,3,0.0,0.0,0.0,0.0,0.0
678,4,0.0,0.0,0.0,0.0,0.0
679,0,0.0,-0.06717409490761657,0.0,0.0,-9.063488788407602
679,1,0.0,0.0,0.0,0.0,-1.6750380870779245
679,2,0.0,0.0,0.0,0.0,-0.045908646628374676
679,3,0.0,0.0,0.0,0.0,0.0
679,4,0.0,0.0,0.0,0.0,0.0
680,0,0.0,-0.06717409490761657,0.0,0.0,-9.079553676672278
680,1,0.0,0.0,0.0,0.0,-1.6750380870779245
680,2,0.0,0.0,0.0,0.0,-0.045908646628374676
680,3,0.0,0.0,0.0,0.0,0.0
680,4,0.0,0.0,0.0,0.0,0.0
681,0,0.0,-0.06717409490761657,0.0,0.0,-9.079731518328796
681,1,0.0,0.0,0.0,0.0,-1.6750380870779245
681,2,0.0,0.0,0.0,0.0,-0.045908646628374676
681,3,0.0,0.0,0.0,0.0,0.0
681,4,0.0,0.0,0.0,0.0,0.0
682,0,0.0,-0.06717409490761657,0.0,0.0,-9.099923056650475
682,1,0.0,0.0,0.0,0.0,-1.6750380870779245
682,2,0.0,0.0,0.0,0.0,-0.045908646628374676
682,3,0.0,0.0,0.0,0.0,0.0
682,4,0.0,0.0,0.0,0.0,0.0
683,0,0.0,-0.06717409490761657,0.0,0.0,-9.101327574333004
683,1,0.0,0.0,0.0,0.0,-1.6750380870779245
683,2,0.0,0.0,0.0,0.0,-0.045908646628374676
683,3,0.0,0.0,0.0,0.0,0.0
683,4,0.0,0.0,0.0,0.0,0.0
684,0,0.0,-0.06717409490761657,0.0,0.0,-9.100096998743807
684,1,0.0,0.0,0.0,0.0,-1.6750380870779245
684,2,0.0,0.0,0.0,0.0,-0.045908646628374676
684,3,0.0,0.0,0.0,0.0,0.0
684,4,0.0,0.0,0.0,0.0,0.0
685,0,0.0,-0.06717409490761657,0.0,0.0,-9.108075506384516
685,1,0.0,0.0,0.0,0.0,-1.6750380870779245
685,2,0.0,0.0,0.0,0.0,-0.045908646628374676
685,3,0.0,0.0,0.0,0.0,0.0
685,4,0.0,0.0,0.0,0.0,0.0
686,0,0.0,-0.06717409490761657,0.0,0.0,-9.117392287278145
686,1,0.0,0.0,0.0,0.0,-1.6750380870779245
686,2,0.0,0.0,0.0,0.0,-0.045908646628374676
686,3,0.0,0.0,0.0,0.0,0.0
686,4,0.0,0.0,0.0,0.0,0.0
687,0,0.0,-0.06717409490761657,0.0,0.0,-9.115121669483997
687,1,0.0,0.0,0.0,0.0,-1.6750380870779245
687,2,0.0,0.0,0.0,0.0,-0.045908646628374676
687,3,0.0,0.0,0.0,0.0,0.0
687,4,0.0,0.0,0.0,0.0,0.0
688,0,0.0,-0.06717409490761657,0.0,0.0,-9.129169230532868
688,1,0.0,0.0,0.0,0.0,-1.6750380870779245
688,2,0.0,0.0,0.0,0.0,-0.045908646628374676
688,3,0.0,0.0,0.0,0.0,0.0
688,4,0.0,0.0,0.0,0.0,0.0
689,0,0.0,-0.06717409490761657,0.0,0.0,-9.133985331244912
689,1,0.0,0.0,0.0,0.0,-1.6750380870779245
689,2,0.0,0.0,0.0,0.0,-0.045908646628374676
689,3,0.0,0.0,0.0,0.0,0.0
689,4,0.0,0.0,0.0,0.0,0.0
690,0,0.0,-0.06717409490761657,0.0,0.0,-9.140252302138457
690,1,0.0,0.0,0.0,0.0,-1.6750380870779245
690,2,0.0,0.0,0.0,0.0,-0.045908646628374676
690,3,0.0,0.0,0.0,0.0,0.0
690,4,0.0,0.0,0.0,0.0,0.0
691,0,0.0,-0.06717409490761657,0.0,0.0,-9.144618023674399
691,1,0.0,0.0,0.0,0.0,-1.6750380870779245
691,2,0.0,0.0,0.0,0.0,-0.045908646628374676
691,3,0.0,0.0,0.0,0.0,0.0
691,4,0.0,0.0,0.0,0.0,0.0
692,0,0.0,-0.06717409490761657,0.0,0.0,-9.148182824903145
692,1,0.0,0.0,0.0,0.0,-1.6750380870779245
692,2,0.0,0.0,0.0,0.0,-0.045908646628374676
692,3,0.0,0.0,0.0,0.0,0.0
692,4,0.0,0.0,0.0,0.0,0.0
693,0,0.0,-0.06717409490761657,0.0,0.0,-9.146812099712099
693,1,0.0,0.0,0.0,0.0,-1.6750380870779245
693,2,0.0,0.0,0.0,0.0,-0.045908646628374676
693,3,0.0,0.0,0.0,0.0,0.0
693,4,0.0,0.0,0.0,0.0,0.0
694,0,0.0,-0.06717409490761657,0.0,0.0,-9.153048447759057
694,1,0.0,0.0,0.0,0.0,-1.6750380870779245
694,2,0.0,0.0,0.0,0.0,-0.045908646628374676
694,3,0.0,0.0,0.0,0.0,0.0
694,4,0.0,0.0,0.0,0.0,0.0
695,0,0.0,-0.06717409490761657,0.0,0.0,-9.154446849457
695,1,0.0,0.0,0.0,0.0,-1.6750380870779245
695,2,0.0,0.0,0.0,0.0,-0.045908646628374676
695,3,0.0,0.0,0.0,0.0,0.0
695,4,0.0,0.0,0.0,0.0,0.0
696,0,0.0,-0.06717409490761657,0.0,0.0,-9.157651008612318
696,1,0.0,0.0,0.0,0.0,-1.6750380870779245
696,2,0.0,0.0,0.0,0.0,-0.045908646628374676
696,3,0.0,0.0,0.0,0.0,0.0
696,4,0.0,0.0,0.0,0.0,0.0
697,0,0.0,-0.06717409490761657,0.0,0.0,-9.156013052497414
697,1,0.0,0.0,0.0,0.0,-1.6750380870779245
697,2,0.0,0.0,0.0,0.0,-0.045908646628374676
697,3,0.0,0.0,0.0,0.0,0.0
697,4,0.0,0.0,0.0,0.0,0.0
698,0,0.0,-0.06717409490761657,0.0,0.0,-9.161006011488473
698,1,0.0,0.0,0.0,0.0,-1.6750380870779245
698,2,0.0,0.0,0.0,0.0,-0.045908646628374676
698,3,0.0,0.0,0.0,0.0,0.0
698,4,0.0,0.0,0.0,0.0,0.0
699,0,0.0,-0.06717409490761657,0.0,0.0,-9.17386814110069
699,1,0.0,0.0,0.0,0.0,-1.6750380870779245
699,2,0.0,0.0,0.0,0.0,-0.045908646628374676
699,3,0.0,0.0,0.0,0.0,0.0
699,4,0.0,0.0,0.0,0.0,0.0
700,0,0.0,-0.06717409490761657,0.0,0.0,-9.17111406526811
700,1,0.0,0.0,0.0,0.0,-1.6750380870779245
700,2,0.0,0.0,0.0,0.0,-0.045908646628374676
700,3,0.0,0.0,0.0,0.0,0.0
700,4,0.0,0.0,0.0,0.0,0.0
701,0,0.0,-0.06717409490761657,0.0,0.0,-9.181472965255374
701,1,0.0,0.0,0.0,0.0,-1.6750380870779245
701,2,0.0,0.0,0.0,0.0,-0.045908646628374676
701,3,0.0,0.0,0.0,0.0,0.0
701,4,0.0,0.0,0.0,0.0,0.0
702,0,0.0,-0.06717409490761657,0.0,0.0,-9.195720376053542
702,1,0.0,0.0,0.0,0.0,-1.6750380870779245
702,2,0.0,0.0,0.0,0.0,-0.045908646628374676
702,3,0.0,0.0,0.0,0.0,0.0
702,4,0.0,0.0,0.0,0.0,0.0
703,0,0.0,-0.06717409490761657,0.0,0.0,-9.196689001573967
703,1,0.0,0.0,0.0,0.0,-1.6750380870779245
703,2,0.0,0.0,0.0,0.0,-0.045908646628374676
703,3,0.0,0.0,0.0,0.0,0.0
703,4,0.0,0.0,0.0,0.0,0.0
704,0,0.0,-0.06717409490761657,0.0,0.0,-9.20466193727415
704,1,0.0,0.0,0.0,0.0,-1.6750380870779245
704,2,0.0,0.0,0.0,0.0,-0.045908646628374676
704,3,0.0,0.0,0.0,0.0,0.0
704,4,0.0,0.0,0.0,0.0,0.0
705,0,0.0,-0.06717409490761657,0.0,0.0,-9.205666923808351
705,1,0.0,0.0,0.0,0.0,-1.6750380870779245
705,2,0.0,0.0,0.0,0.0,-0.045908646628374676
705,3,0.0,0.0,0.0,0.0,0.0
705,4,0.0,0.0,0.0,0.0,0.0
706,0,0.0,-0.06717409490761657,0.0,0.0,-9.208036957711851
706,1,0.0,0.0,0.0,0.0,-1.6750380870779245
706,2,0.0,0.0,0.0,0.0,-0.045908646628374676
706,3,0.0,0.0,0.0,0.0,0.0
706,4,0.0,0.0,0.0,0.0,0.0
707,0,0.0,-0.06717409490761657,0.0,0.0,-9.209955771830886
707,1,0.0,0.0,0.0,0.0,-1.6750380870779245
707,2,0.0,0.0,0.0,0.0,-0.045908646628374676
707,3,0.0,0.0,0.0,0.0,0.0
707,4,0.0,0.0,0.0,0.0,0.0
708,0,0.0,-0.06717409490761657,0.0,0.0,-9.218515391824935
708,1,0.0,0.0,0.0,0.0,-1.6750380870779245
708,2,0.0,0.0,0.0,0.0,-0.045908646628374676
708,3,0.0,0.0,0.0,0.0,0.0
708,4,0.0,0.0,0.0,0.0,0.0
709,0,0.0,-0.06717409490761657,0.0,0.0,-9.247639717370243
709,1,0.0,0.0,0.0,0.0,-1.6750380870779245
709,2,0.0,0.0,0.0,0.0,-0.045908646628374676
709,3,0.0,0.0,0.0,0.0,0.0
709,4,0.0,0.0,0.0,0.0,0.0
710,0,0.0,-0.06717409490761657,0.0,0.0,-9.25298449374064
710,1,0.0,0.0,0.0,0.0,-1.6750380870779245
710,2,0.0,0.0,0.0,0.0,-0.045908646628374676
710,3,0.0,0.0,0.0,0.0,0.0
710,4,0.0,0.0,0.0,0.0,0.0
711,0,0.0,-0.06717409490761657,0.0,0.0,-9.251770671752661
711,1,0.0,0.0,0.0,0.0,-1.6750380870779245
711,2,0.0,0.0,0.0,0.0,-0.045908646628374676
711,3,0.0,0.0,0.0,0.0,0.0
711,4,0.0,0.0,0.0,0.0,0.0
712,0,0.0,-0.06717409490761657,0.0,0.0,-9.253911684251166
712,1,0.0,0.0,0.0,0.0,-1.6750380870779245
712,2,0.0,0.0,0.0,0.0,-0.045908646628374676
712,3,0.0,0.0,0.0,0.0,0.0
712,4,0.0,0.0,0.0,0.0,0.0
713,0,0.0,-0.06717409490761657,0.0,0.0,-9.254673519688879
713,1,0.0,0.0,0.0,0.0,-1.6750380870779245
713,2,0.0,0.0,0.0,0.0,-0.045908646628374676
713,3,0.0,0.0,0.0,0.0,0.0
713,4,0.0,0.0,0.0,0.0,0.0
714,0,0.0,-0.06717409490761657,0.0,0.0,-9.259390004327843
714,1,0.0,0.0,0.0,0.0,-1.6750380870779245
714,2,0.0,0.0,0.0,0.0,-0.045908646628374676
714,3,0.0,0.0,0.0,0.0,0.0
714,4,0.0,0.0,0.0,0.0,0.0
715,0,0.0,-0.06717409490761657,0.0,0.0,-9.266412041465586
715,1,0.0,0.0,0.0,0.0,-1.6750380870779245
715,2,0.0,0.0,0.0,0.0,-0.045908646628374676
715,3,0.0,0.0,0.0,0.0,0.0
715,4,0.0,0.0,0.0,0.0,0.0
716,0,0.0,-0.06717409490761657,0.0,0.0,-9.276442582561929
716,1,0.0,0.0,0.0,0.0,-1.6750380870779245
716,2,0.0,0.0,0.0,0.0,-0.045908646628374676
716,3,0.0,0.0,0.0,0.0,0.0
716,4,0.0,0.0,0.0,0.0,0.0
717,0,0.0,-0.06717409490761657,0.0,0.0,-9.280064720801592
717,1,0.0,0.0,0.0,0.0,-1.6750380870779245
717,2,0.0,0.0,0.0,0.0,-0.045908646628374676
717,3,0.0,0.0,0.0,0.0,0.0
717,4,0.0,0.0,0.0,0.0,0.0
718,0,0.0,-0.06717409490761657,0.0,0.0,-9.285943495879712
718,1,0.0,0.0,0.0,0.0,-1.6750380870779245
718,2,0.0,0.0,0.0,0.0,-0.045908646628374676
718,3,0.0,0.0,0.0,0.0,0.0
718,4,0.0,0.0,0.0,0.0,0.0
719,0,0.0,-0.06717409490761657,0.0,0.0,-9.301124714667257
719,1,0.0,0.0,0.0,0.0,-1.6750380870779245
719,2,0.0,0.0,0.0,0.0,-0.045908646628374676
719,3,0.0,0.0,0.0,0.0,0.0
719,4,0.0,0.0,0.0,0.0,0.0
720,0,0.0,-0.06717409490761657,0.0,0.0,-9.301025704356073
720,1,0.0,0.0,0.0,0.0,-1.6750380870779245
720,2,0.0,0.0,0.0,0.0,-0.045908646628374676
720,3,0.0,0.0,0.0,0.0,0.0
720,4,0.0,0.0,0.0,0.0,0.0
721,0,0.0,-0.06717409490761657,0.0,0.0,-9.302984189750862
721,1,0.0,0.0,0.0,0.0,-1.6750380870779245
721,2,0.0,0.0,0.0,0.0,-0.045908646628374676
721,3,0.0,0.0,0.0,0.0,0.0
721,4,0.0,0.0,0.0,0.0,0.0
722,0,0.0,-0.06717409490761657,0.0,0.0,-9.312581149253434
722,1,0.0,0.0,0.0,0.0,-1.6750380870779245
722,2,0.0,0.0,0.0,0.0,-0.045908646628374676
722,3,0.0,0.0,0.0,0.0,0.0
722,4,0.0,0.0,0.0,0.0,0.0
723,0,0.0,-0.06717409490761657,0.0,0.0,-9.315638879121792
723,1,0.0,0.0,0.0,0.0,-1.6750380870779245
723,2,0.0,0.0,0.0,0.0,-0.045908646628374676
723,3,0.0,0.0,0.0,0.0,0.0
723,4,0.0,0.0,0.0,0.0,0.0
724,0,0.0,-0.06717409490761657,0.0,0.0,-9.34456194631846
724,1,0.0,0.0,0.0,0.0,-1.6750380870779245
724,2,0.0,0.0,0.0,0.0,-0.045908646628374676
724,3,0.0,0.0,0.0,0.0,0.0
724,4,0.0,0.0,0.0,0.0,0.0
725,0,0.0,-0.06717409490761657,0.0,0.0,-9.346972297128966
725,1,0.0,0.0,0.0,0.0,-1.6750380870779245
725,2,0.0,0.0,0.0,0.0,-0.045908646628374676
725,3,0.0,0.0,0.0,0.0,0.0
725,4,0.0,0.0,0.0,0.0,0.0
726,0,0.0,-0.06717409490761657,0.0,0.0,-9.351681848567372
726,1,0.0,0.0,0.0,0.0,-1.6750380870779245
726,2,0.0,0.0,0.0,0.0,-0.045908646628374676
726,3,0.0,0.0,0.0,0.0,0.0
726,4,0.0,0.0,0.0,0.0,0.0
727,0,0.0,-0.06717409490761657,0.0,0.0,-9.357892584466732
727,1,0.0,0.0,0.0,0.0,-1.6750380870779245
727,2,0.0,0.0,0.0,0.0,-0.045908646628374676
727,3,0.0,0.0,0.0,0.0,0.0
727,4,0.0,0.0,0.0,0.0,0.0
728,0,0.0,-0.06717409490761657,0.0,0.0,-9.359539346635218
728,1,0.0,0.0,0.0,0.0,-1.6750380870779245
728,2,0.0,0.0,0.0,0.0,-0.045908646628374676
728,3,0.0,0.0,0.0,0.0,0.0
728,4,0.0,0.0,0.0,0.0,0.0
729,0,0.0,-0.06717409490761657,0.0,0.0,-9.368758640084682
729,1,0.0,0.0,0.0,0.0,-1.6750380870779245
729,2,0.0,0.0,0.0,0.0,-0.045908646628374676
729,3,0.0,0.0,0.0,0.0,0.0
729,4,0.0,0.0,0.0,0.0,0.0
730,0,0.0,-0.06717409490761657,0.0,0.0,-9.371042451347035
730,1,0.0,0.0,0.0,0.0,-1.6750380870779245
730,2,0.0,0.0,0.0,0.0,-0.045908646628374676
730,3,0.0,0.0,0.0,0.0,0.0
730,4,0.0,0.0,0.0,0.0,0.0
731,0,0.0,-0.06717409490761657,0.0,0.0,-9.385014968607122
731,1,0.0,0.0,0.0,0.0,-1.6750380870779245
731,2,0.0,0.0,0.0,0.0,-0.045908646628374676
731,3,0.0,0.0,0.0,0.0,0.0
731,4,0.0,0.0,0.0,0.0,0.0
732,0,0.0,-0.06717409490761657,0.0,0.0,-9.388409541093214
732,1,0.0,0.0,0.0,0.0,-1.6750380870779245
732,2,0.0,0.0,0.0,0.0,-0.045908646628374676
732,3,0.0,0.0,0.0,0.0,0.0
732,4,0.0,0.0,0.0,0.0,0.0
733,0,0.0,-0.06717409490761657,0.0,0.0,-9.379781592680422
733,1,0.0,0.0,0.0,0.0,-1.6750380870779245
733,2,0.0,0.0,0.0,0.0,-0.045908646628374676
733,3,0.0,0.0,0.0,0.0,0.0
733,4,0.0,0.0,0.0,0.0,0.0
734,0,0.0,-0.06717409490761657,0.0,0.0,-9.393354231023935
734,1,0.0,0.0,0.0,0.0,-1.6750380870779245
734,2,0.0,0.0,0.0,0.0,-0.045908646628374676
734,3,0.0,0.0,0.0,0.0,0.0
734,4,0.0,0.0,0.0,0.0,0.0
735,0,0.0,-0.06717409490761657,0.0,0.0,-9.392605685763382
735,1,0.0,0.0,0.0,0.0,-1.6750380870779245
735,2,0.0,0.0,0.0,0.0,-0.045908646628374676
735,3,0.0,0.0,0.0,0.0,0.0
735,4,0.0,0.0,0.0,0.0,0.0
736,0,0.0,-0.06717409490761657,0.0,0.0,-9.409646333470223
736,1,0.0,0.0,0.0,0.0,-1.6750380870779245
736,2,0.0,0.0,0.0,0.0,-0.045908646628374676
736,3,0.0,0.0,0.0,0.0,0.0
736,4,0.0,0.0,0.0,0.0,0.0
737,0,0.0,-0.06717409490761657,0.0,0.0,-9.407768336775433
737,1,0.0,0.0,0.0,0.0,-1.6750380870779245
737,2,0.0,0.0,0.0,0.0,-0.045908646628374676
737,3,0.0,0.0,0.0,0.0,0.0
737,4,0.0,0.0,0.0,0.0,0.0
738,0,0.0,-0.06717409490761657,0.0,0.0,-9.410070473475708
738,1,0.0,0.0,0.0,0.0,-1.6750380870779245
738,2,0.0,0.0,0.0,0.0,-0.045908646628374676
738,3,0.0,0.0,0.0,0.0,0.0
738,4,0.0,0.0,0.0,0.0,0.0
739,0,0.0,-0.06717409490761657,0.0,0.0,-9.43156851106762
739,1,0.0,0.0,0.0,0.0,-1.6750380870779245
739,2,0.0,0.0,0.0,0.0,-0.045908646628374676
739,3,0.0,0.0,0.0,0.0,0.0
739,4,0.0,0.0,0.0,0.0,0.0
740,0,0.0,-0.06717409490761657,0.0,0.0,-9.427209568626008
740,1,0.0,0.0,0.0,0.0,-1.6750380870779245
740,2,0.0,0.0,0.0,0.0,-0.045908646628374676
740,3,0.0,0.0,0.0,0.0,0.0
740,4,0.0,0.0,0.0,0.0,0.0
741,0,0.0,-0.06717409490761657,0.0,0.0,-9.426402872324891
741,1,0.0,0.0,0.0,0.0,-1.6750380870779245
741,2,0.0,0.0,0.0,0.0,-0.045908646628374676
741,3,0.0,0.0,0.0,0.0,0.0
741,4,0.0,0.0,0.0,0.0,0.0
742,0,0.0,-0.06717409490761657,0.0,0.0,-9.427853044560498
742,1,0.0,0.0,0.0,0.0,-1.6750380870779245
742,2,0.0,0.0,0.0,0.0,-0.045908646628374676
742,3,0.0,0.0,0.0,0.0,0.0
742,4,0.0,0.0,0.0,0.0,0.0
743,0,0.0,-0.06717409490761657,0.0,0.0,-9.434202719511816
743,1,0.0,0.0,0.0,0.0,-1.6750380870779245
743,2,0.0,0.0,0.0,0.0,-0.045908646628374676
743,3,0.0,0.0,0.0,0.0,0.0
743,4,0.0,0.0,0.0,0.0,0.0
744,0,0.0,-0.06717409490761657,0.0,0.0,-9.436208277537167
744,1,0.0,0.0,0.0,0.0,-1.6750380870779245
744,2,0.0,0.0,0.0,0.0,-0.045908646628374676
744,3,0.0,0.0,0.0,0.0,0.0
744,4,0.0,0.0,0.0,0.0,0.0
745,0,0.0,-0.06717409490761657,0.0,0.0,-9.427674044451118
745,1,0.0,0.0,0.0,0.0,-1.6750380870779245
745,2,0.0,0.0,0.0,0.0,-0.045908646628374676
745,3,0.0,0.0,0.0,0.0,0.0
745,4,0.0,0.0,0.0,0.0,0.0
746,0,0.0,-0.06717409490761657,0.0,0.0,-9.424332267368591
746,1,0.0,0.0,0.0,0.0,-1.6750380870779245
746,2,0.0,0.0,0.0,0.0,-0.045908646628374676
746,3,0.0,0.0,0.0,0.0,0.0
746,4,0.0,0.0,0.0,0.0,0.0
747,0,0.0,-0.06717409490761657,0.0,0.0,-9.431436697411831
747,1,0.0,0.0,0.0,0.0,-1.6750380870779245
747,2,0.0,0.0,0.0,0.0,-0.045908646628374676
747,3,0.0,0.0,0.0,0.0,0.0
747,4,0.0,0.0,0.0,0.0,0.0
748,0,0.0,-0.06717409490761657,0.0,0.0,-9.434901909488094
748,1,0.0,0.0,0.0,0.0,-1.6750380870779245
748,2,0.0,0.0,0.0,0.0,-0.045908646628374676
748,3,0.0,0.0,0.0,0.0,0.0
748,4,0.0,0.0,0.0,0.0,0.0
749,0,0.0,-0.06717409490761657,0.0,0.0,-9.432196333760972
749,1,0.0,0.0,0.0,0.0,-1.6750380870779245
749,2,0.0,0.0,0.0,0.0,-0.045908646628374676
749,3,0.0,0.0,0.0,0.0,0.0
749,4,0.0,0.0,0.0,0.0,0.0
750,0,0.0,-0.06717409490761657,0.0,0.0,-9.43620125507961
750,1,0.0,0.0,0.0,0.0,-1.6750380870779245
750,2,0.0,0.0,0.0,0.0,-0.045908646628374676
750,3,0.0,0.0,0.0,0.0,0.0
750,4,0.0,0.0,0.0,0.0,0.0
751,0,0.0,-0.06717409490761657,0.0,0.0,-9.433990964088538
751,1,0.0,0.0,0.0,0.0,-1.6750380870779245
751,2,0.0,0.0,0.0,0.0,-0.045908646628374676
751,3,0.0,0.0,0.0,0.0,0.0
751,4,0.0,0.0,0.0,0.0,0.0
752,0,0.0,-0.06717409490761657,0.0,0.0,-9.444467771739278
752,1,0.0,0.0,0.0,0.0,-1.6750380870779245
752,2,0.0,0.0,0.0,0.0,-0.045908646628374676
752,3,0.0,0.0,0.0,0.0,0.0
752,4,0.0,0.0,0.0,0.0,0.0
753,0,0.0,-0.06717409490761657,0.0,0.0,-9.441029414915072
753,1,0.0,0.0,0.0,0.0,-1.6750380870779245
753,2,0.0,0.0,0.0,0.0,-0.045908646628374676
753,3,0.0,0.0,0.0,0.0,0.0
753,4,0.0,0.0,0.0,0.0,0.0
754,0,0.0,-0.06717409490761657,0.0,0.0,-9.445427834099624
754,1,0.0,0.0,0.0,0.0,-1.6750380870779245
754,2,0.0,0.0,0.0,0.0,-0.045908646628374676
754,3,0.0,0.0,0.0,0.0,0.0
754,4,0.0,0.0,0.0,0.0,0.0
755,0,0.0,-0.06717409490761657,0.0,0.0,-9.462177088229955
755,1,0.0,0.0,0.0,0.0,-1.6750380870779245
755,2,0.0,0.0,0.0,0.0,-0.045908646628374676
755,3,0.0,0.0,0.0,0.0,0.0
755,4,0.0,0.0,0.0,0.0,0.0
756,0,0.0,-0.06717409490761657,0.0,0.0,-9.45856791393527
756,1,0.0,0.0,0.0,0.0,-1.6750380870779245
756,2,0.0,0.0,0.0,0.0,-0.045908646628374676
756,3,0.0,0.0,0.0,0.0,0.0
756,4,0.0,0.0,0.0,0.0,0.0
757,0,0.0,-0.06717409490761657,0.0,0.0,-9.463243764554656
757,1,0.0,0.0,0.0,0.0,-1.6750380870779245
757,2,0.0,0.0,0.0,0.0,-0.045908646628374676
757,3,0.0,0.0,0.0,0.0,0.0
757,4,0.0,0.0,0.0,0.0,0.0
758,0,0.0,-0.06717409490761657,0.0,0.0,-9.465079854316016
758,1,0.0,0.0,0.0,0.0,-1.6750380870779245
758,2,0.0,0.0,0.0,0.0,-0.045908646628374676
758,3,0.0,0.0,0.0,0.0,0.0
758,4,0.0,0.0,0.0,0.0,0.0
759,0,0.0,-0.06717409490761657,0.0,0.0,-9.488366359354629
759,1,0.0,0.0,0.0,0.0,-1.6750380870779245
759,2,0.0,0.0,0.0,0.0,-0.045908646628374676
759,3,0.0,0.0,0.0,0.0,0.0
759,4,0.0,0.0,0.0,0.0,0.0
760,0,0.0,-0.06717409490761657,0.0,0.0,-9.489867778692405
760,1,0.0,0.0,0.0,0.0,-1.6750380870779245
760,2,0.0,0.0,0.0,0.0,-0.045908646628374676
760,3,0.0,0.0,0.0,0.0,0.0
760,4,0.0,0.0,0.0,0.0,0.0
761,0,0.0,-0.06717409490761657,0.0,0.0,-9.512069058610296
761,1,0.0,0.0,0.0,0.0,-1.6750380870779245
761,2,0.0,0.0,0.0,0.0,-0.045908646628374676
761,3,0.0,0.0,0.0,0.0,0.0
761,4,0.0,0.0,0.0,0.0,0.0
762,0,0.0,-0.06717409490761657,0.0,0.0,-9.515588749002223
762,1,0.0,0.0,0.0,0.0,-1.6750380870779245
762,2,0.0,0.0,0.0,0.0,-0.045908646628374676
762,3,0.0,0.0,0.0,0.0,0.0
762,4,0.0,0.0,0.0,0.0,0.0
763,0,0.0,-0.06717409490761657,0.0,0.0,-9.51342211091632
763,1,0.0,0.0,0.0,0.0,-1.6750380870779245
763,2,0.0,0.0,0.0,0.0,-0.045908646628374676
763,3,0.0,0.0,0.0,0.0,0.0
763,4,0.0,0.0,0.0,0.0,0.0
764,0,0.0,-0.06717409490761657,0.0,0.0,-9.51354836041726
764,1,0.0,0.0,0.0,0.0,-1.6750380870779245
764,2,0.0,0.0,0.0,0.0,-0.045908646628374676
764,3,0.0,0.0,0.0,0.0,0.0
764,4,0.0,0.0,0.0,0.0,0.0
765,0,0.0,-0.06717409490761657,0.0,0.0,-9.512114838057693
765,1,0.0,0.0,0.0,0.0,-1.6750380870779245
765,2,0.0,0.0,0.0,0.0,-0.045908646628374676
765,3,0.0,0.0,0.0,0.0,0.0
765,4,0.0,0.0,0.0,0.0,0.0
766,0,0.0,-0.06717409490761657,0.0,0.0,-9.512273132667694
766,1,0.0,0.0,0.0,0.0,-1.6750380870779245
766,2,0.0,0.0,0.0,0.0,-0.045908646628374676
766,3,0.0,0.0,0.0,0.0,0.0
766,4,0.0,0.0,0.0,0.0,0.0
767,0,0.0,-0.06717409490761657,0.0,0.0,-9.510244140352228
767,1,0.0,0.0,0.0,0.0,-1.6750380870779245
767,2,0.0,0.0,0.0,0.0,-0.045908646628374676
767,3,0.0,0.0,0.0,0.0,0.0
767,4,0.0,0.0,0.0,0.0,0.0
768,0,0.0,-0.06717409490761657,0.0,0.0,-9.511765461139404
768,1,0.0,0.0,0.0,0.0,-1.6750380870779245
768,2,0.0,0.0,0.0,0.0,-0.045908646628374676
768,3,0.0,0.0,0.0,0.0,0.0
768,4,0.0,0.0,0.0,0.0,0.0
769,0,0.0,-0.06717409490761657,0.0,0.0,-9.509738584186783
769,1,0.0,0.0,0.0,0.0,-1.6750380870779245
769,2,0.0,0.0,0.0,0.0,-0.045908646628374676
769,3,0.0,0.0,0.0,0.0,0.0
769,4,0.0,0.0,0.0,0.0,0.0
770,0,0.0,-0.06717409490761657,0.0,0.0,-9.512376340909306
770,1,0.0,0.0,0.0,0.0,-1.6750380870779245
770,2,0.0,0.0,0.0,0.0,-0.045908646628374676
770,3,0.0,0.0,0.0,0.0,0.0
770,4,0.0,0.0,0.0,0.0,0.0
771,0,0.0,-0.06717409490761657,0.0,0.0,-9.522923235089525
771,1,0.0,0.0,0.0,0.0,-1.6750380870779245
771,2,0.0,0.0,0.0,0.0,-0.045908646628374676
771,3,0.0,0.0,0.0,0.0,0.0
771,4,0.0,0.0,0.0,0.0,0.0
772,0,0.0,-0.06717409490761657,0.0,0.0,-9.532487722910584
772,1,0.0,0.0,0.0,0.0,-1.6750380870779245
772,2,0.0,0.0,0.0,0.0,-0.045908646628374676
772,3,0.0,0.0,0.0,0.0,0.0
772,4,0.0,0.0,0.0,0.0,0.0
773,0,0.0,-0.06717409490761657,0.0,0.0,-9.537656876533429
773,1,0.0,0.0,0.0,0.0,-1.6750380870779245
773,2,0.0,0.0,0.0,0.0,-0.045908646628374676
773,3,0.0,0.0,0.0,0.0,0.0
773,4,0.0,0.0,0.0,0.0,0.0
774,0,0.0,-0.06717409490761657,0.0,0.0,-9.540492939379217
774,1,0.0,0.0,0.0,0.0,-1.6750380870779245
774,2,0.0,0.0,0.0,0.0,-0.045908646628374676
774,3,0.0,0.0,0.0,0.0,0.0
774,4,0.0,0.0,0.0,0.0,0.0
775,0,0.0,-0.06717409490761657,0.0,0.0,-9.556426083200705
775,1,0.0,0.0,0.0,0.0,-1.6750380870779245
775,2,0.0,0.0,0.0,0.0,-0.045908646628374676
775,3,0.0,0.0,0.0,0.0,0.0
775,4,0.0,0.0,0.0,0.0,0.0
776,0,0.0,-0.06717409490761657,0.0,0.0,-9.564318497748534
776,1,0.0,0.0,0.0,0.0,-1.6750380870779245
776,2,0.0,0.0,0.0,0.0,-0.045908646628374676
776,3,0.0,0.0,0.0,0.0,0.0
776,4,0.0,0.0,0.0,0.0,0.0
777,0,0.0,-0.06717409490761657,0.0,0.0,-9.565766490281906
777,1,0.0,0.0,0.0,0.0,-1.6750380870779245
777,2,0.0,0.0,0.0,0.0,-0.045908646628374676
777,3,0.0,0.0,0.0,0.0,0.0
777,4,0.0,0.0,0.0,0.0,0.0
778,0,0.0,-0.06717409490761657,0.0,0.0,-9.564221402900378
778,1,0.0,0.0,0.0,0.0,-1.6750380870779245
778,2,0.0,0.0,0.0,0.0,-0.045908646628374676
778,3,0.0,0.0,0.0,0.0,0.0
778,4,0.0,0.0,0.0,0.0,0.0
779,0,0.0,-0.06717409490761657,0.0,0.0,-9.563643820623906
779,1,0.0,0.0,0.0,0.0,-1.6750380870779245
779,2,0.0,0.0,0.0,0.0,-0.045908646628374676
779,3,0.0,0.0,0.0,0.0,0.0
779,4,0.0,0.0,0.0,0.0,0.0
780,0,0.0,-0.06717409490761657,0.0,0.0,-9.565698506989966
780,1,0.0,0.0,0.0,0.0,-1.6750380870779245
780,2,0.0,0.0,0.0,0.0,-0.045908646628374676
780,3,0.0,0.0,0.0,0.0,0.0
780,4,0.0,0.0,0.0,0.0,0.0
781,0,0.0,-0.06717409490761657,0.0,0.0,-9.569482054675564
781,1,0.0,0.0,0.0,0.0,-1.6750380870779245
781,2,0.0,0.0,0.0,0.0,-0.045908646628374676
781,3,0.0,0.0,0.0,0.0,0.0
781,4,0.0,0.0,0.0,0.0,0.0
782,0,0.0,-0.06717409490761657,0.0,0.0,-9.569257414964584
782,1,0.0,0.0,0.0,0.0,-1.6750380870779245
782,2,0.0,0.0,0.0,0.0,-0.045908646628374676
782,3,0.0,0.0,0.0,0.0,0.0
782,4,0.0,0.0,0.0,0.0,0.0
783,0,0.0,-0.06717409490761657,0.0,0.0,-9.567115874065047
783,1,0.0,0.0,0.0,0.0,-1.6750380870779245
783,2,0.0,0.0,0.0,0.0,-0.045908646628374676
783,3,0.0,0.0,0.0,0.0,0.0
783,4,0.0,0.0,0.0,0.0,0.0
784,0,0.0,-0.06717409490761657,0.0,0.0,-9.578706446339519
784,1,0.0,0.0,0.0,0.0,-1.6750380870779245
784,2,0.0,0.0,0.0,0.0,-0.045908646628374676
784,3,0.0,0.0,0.0,0.0,0.0
784,4,0.0,0.0,0.0,0.0,0.0
785,0,0.0,-0.06717409490761657,0.0,0.0,-9.589180475219973
785,1,0.0,0.0,0.0,0.0,-1.6750380870779245
785,2,0.0,0.0,0.0,0.0,-0.045908646628374676
785,3,0.0,0.0,0.0,0.0,0.0
785,4,0.0,0.0,0.0,0.0,0.0
786,0,0.0,-0.06717409490761657,0.0,0.0,-9.590029035047964
786,1,0.0,0.0,0.0,0.0,-1.6750380870779245
786,2,0.0,0.0,0.0,0.0,-0.045908646628374676
786,3,0.0,0.0,0.0,0.0,0.0
786,4,0.0,0.0,0.0,0.0,0.0
787,0,0.0,-0.06717409490761657,0.0,0.0,-9.595665587018864
787,1,0.0,0.0,0.0,0.0,-1.6750380870779245
787,2,0.0,0.0,0.0,0.0,-0.045908646628374676
787,3,0.0,0.0,0.0,0.0,0.0
787,4,0.0,0.0,0.0,0.0,0.0
788,0,0.0,-0.06717409490761657,0.0,0.0,-9.607262706886223
788,1,0.0,0.0,0.0,0.0,-1.6750380870779245
788,2,0.0,0.0,0.0,0.0,-0.045908646628374676
788,3,0.0,0.0,0.0,0.0,0.0
788,4,0.0,0.0,0.0,0.0,0.0
789,0,0.0,-0.06717409490761657,0.0,0.0,-9.615650142690342
789,1,0.0,0.0,0.0,0.0,-1.6750380870779245
789,2,0.0,0.0,0.0,0.0,-0.045908646628374676
789,3,0.0,0.0,0.0,0.0,0.0
789,4,0.0,0.0,0.0,0.0,0.0
790,0,0.0,-0.06717409490761657,0.0,0.0,-9.634524398724126
790,1,0.0,0.0,0.0,0.0,-1.6750380870779245
790,2,0.0,0.0,0.0,0.0,-0.045908646628374676
790,3,0.0,0.0,0.0,0.0,0.0
790,4,0.0,0.0,0.0,0.0,0.0
791,0,0.0,-0.06717409490761657,0.0,0.0,-9.634427018049943
791,1,0.0,0.0,0.0,0.0,-1.6750380870779245
791,2,0.0,0.0,0.0,0.0,-0.045908646628374676
791,3,0.0,0.0,0.0,0.0,0.0
791,4,0.0,0.0,0.0,0.0,0.0
792,0,0.0,-0.06717409490761657,0.0,0.0,-9.636788715997204
792,1,0.0,0.0,0.0,0.0,-1.6750380870779245
792,2,0.0,0.0,0.0,0.0,-0.045908646628374676
792,3,0.0,0.0,0.0,0.0,0.0
792,4,0.0,0.0,0.0,0.0,0.0
793,0,0.0,-0.06717409490761657,0.0,0.0,-9.635624707673264
793,1,0.0,0.0,0.0,0.0,-1.6750380870779245
793,2,0.0,0.0,0.0,0.0,-0.045908646628374676
793,3,0.0,0.0,0.0,0.0,0.0
793,4,0.0,0.0,0.0,0.0,0.0
794,0,0.0,-0.06717409490761657,0.0,0.0,-9.646883438538518
794,1,0.0,0.0,0.0,0.0,-1.6750380870779245
794,2,0.0,0.0,0.0,0.0,-0.045908646628374676
794,3,0.0,0.0,0.0,0.0,0.0
794,4,0.0,0.0,0.0,0.0,0.0
795,0,0.0,-0.06717409490761657,0.0,0.0,-9.645444063232874
795,1,0.0,0.0,0.0,0.0,-1.6750380870779245
795,2,0.0,0.0,0.0,0.0,-0.045908646628374676
795,3,0.0,0.0,0.0,0.0,0.0
795,4,0.0,0.0,0.0,0.0,0.0
796,0,0.0,-0.06717409490761657,0.0,0.0,-9.64639289975149
796,1,0.0,0.0,0.0,0.0,-1.6750380870779245
796,2,0.0,0.0,0.0,0.0,-0.045908646628374676
796,3,0.0,0.0,0.0,0.0,0.0
796,4,0.0,0.0,0.0,0.0,0.0
797,0,0.0,-0.06717409490761657,0.0,0.0,-9.646217471994074
797,1,0.0,0.0,0.0,0.0,-1.6750380870779245
797,2,0.0,0.0,0.0,0.0,-0.045908646628374676
797,3,0.0,0.0,0.0,0.0,0.0
797,4,0.0,0.0,0.0,0.0,0.0
798,0,0.0,-0.06717409490761657,0.0,0.0,-9.650992667951693
798,1,0.0,0.0,0.0,0.0,-1.6750380870779245
798,2,0.0,0.0,0.0,0.0,-0.045908646628374676
798,3,0.0,0.0,0.0,0.0,0.0
798,4,0.0,0.0,0.0,0.0,0.0
799,0,0.0,-0.06717409490761657,0.0,0.0,-9.663423809795622
799,1,0.0,0.0,0.0,0.0,-1.6750380870779245
799,2,0.0,0.0,0.0,0.0,-0.045908646628374676
799,3,0.0,0.0,0.0,0.0,0.0
799,4,0.0,0.0,0.0,0.0,0.0
800,0,0.0,-0.06717409490761657,0.0,0.0,-9.661813639312898
800,1,0.0,0.0,0.0,0.0,-1.6750380870779245
800,2,0.0,0.0,0.0,0.0,-0.045908646628374676
800,3,0.0,0.0,0.0,0.0,0.0
800,4,0.0,0.0,0.0,0.0,0.0
801,0,0.0,-0.06717409490761657,0.0,0.0,-9.662342049405012
801,1,0.0,0.0,0.0,0.0,-1.6750380870779245
801,2,0.0,0.0,0.0,0.0,-0.045908646628374676
801,3,0.0,0.0,0.0,0.0,0.0
801,4,0.0,0.0,0.0,0.0,0.0
802,0,0.0,-0.06717409490761657,0.0,0.0,-9.664868829420122
802,1,0.0,0.0,0.0,0.0,-1.6750380870779245
802,2,0.0,0.0,0.0,0.0,-0.045908646628374676
802,3,0.0,0.0,0.0,0.0,0.0
802,4,0.0,0.0,0.0,0.0,0.0
803,0,0.0,-0.06717409490761657,0.0,0.0,-9.663835415924291
803,1,0.0,0.0,0.0,0.0,-1.6750380870779245
803,2,0.0,0.0,0.0,0.0,-0.045908646628374676
803,3,0.0,0.0,0.0,0.0,0.0
803,4,0.0,0.0,0.0,0.0,0.0
804,0,0.0,-0.06717409490761657,0.0,0.0,-9.658463466410565
804,1,0.0,0.0,0.0,0.0,-1.6750380870779245
804,2,0.0,0.0,0.0,0.0,-0.045908646628374676
804,3,0.0,0.0,0.0,0.0,0.0
804,4,0.0,0.0,0.0,0.0,0.0
805,0,0.0,-0.06717409490761657,0.0,0.0,-9.65830384521508
805,1,0.0,0.0,0.0,0.0,-1.6750380870779245
805,2,0.0,0.0,0.0,0.0,-0.045908646628374676
805,3,0.0,0.0,0.0,0.0,0.0
805,4,0.0,0.0,0.0,0.0,0.0
806,0,0.0,-0.06717409490761657,0.0,0.0,-9.660629060707043
806,1,0.0,0.0,0.0,0.0,-1.6750380870779245
806,2,0.0,0.0,0.0,0.0,-0.045908646628374676
806,3,0.0,0.0,0.0,0.0,0.0
806,4,0.0,0.0,0.0,0.0,0.0
807,0,0.0,-0.06717409490761657,0.0,0.0,-9.65623310693158
807,1,0.0,0.0,0.0,0.0,-1.6750380870779245
807,2,0.0,0.0,0.0,0.0,-0.045908646628374676
807,3,0.0,0.0,0.0,0.0,0.0
807,4,0.0,0.0,0.0,0.0,0.0
808,0,0.0,-0.06717409490761657,0.0,0.0,-9.678394138691052
808,1,0.0,0.0,0.0,0.0,-1.6750380870779245
808,2,0.0,0.0,0.0,0.0,-0.045908646628374676
808,3,0.0,0.0,0.0,0.0,0.0
808,4,0.0,0.0,0.0,0.0,0.0
809,0,0.0,-0.06717409490761657,0.0,0.0,-9.680125913034928
809,1,0.0,0.0,0.0,0.0,-1.6750380870779245
809,2,0.0,0.0,0.0,0.0,-0.045908646628374676
809,3,0.0,0.0,0.0,0.0,0.0
809,4,0.0,0.0,0.0,0.0,0.0
810,0,0.0,-0.06717409490761657,0.0,0.0,-9.693769111031852
810,1,0.0,0.0,0.0,0.0,-1.6750380870779245
810,2,0.0,0.0,0.0,0.0,-0.045908646628374676
810,3,0.0,0.0,0.0,0.0,0.0
810,4,0.0,0.0,0.0,0.0,0.0
811,0,0.0,-0.06717409490761657,0.0,0.0,-9.696185621612225
811,1,0.0,0.0,0.0,0.0,-1.6750380870779245
811,2,0.0,0.0,0.0,0.0,-0.045908646628374676
811,3,0.0,0.0,0.0,0.0,0.0
811,4,0.0,0.0,0.0,0.0,0.0
812,0,0.0,-0.06717409490761657,0.0,0.0,-9.692537454910273
812,1,0.0,0.0,0.0,0.0,-1.6750380870779245
812,2,0.0,0.0,0.0,0.0,-0.045908646628374676
812,3,0.0,0.0,0.0,0.0,0.0
812,4,0.0,0.0,0.0,0.0,0.0
813,0,0.0,-0.06717409490761657,0.0,0.0,-9.693869633124207
813,1,0.0,0.0,0.0,0.0,-1.6750380870779245
813,2,0.0,0.0,0.0,0.0,-0.045908646628374676
813,3,0.0,0.0,0.0,0.0,0.0
813,4,0.0,0.0,0.0,0.0,0.0
814,0,0.0,-0.06717409490761657,0.0,0.0,-9.702765242725981
814,1,0.0,0.0,0.0,0.0,-1.6750380870779245
814,2,0.0,0.0,0.0,0.0,-0.045908646628374676
814,3,0.0,0.0,0.0,0.0,0.0
814,4,0.0,0.0,0.0,0.0,0.0
815,0,0.0,-0.06717409490761657,0.0,0.0,-9.723733238087041
815,1,0.0,0.0,0.0,0.0,-1.6750380870779245
815,2,0.0,0.0,0.0,0.0,-0.045908646628374676
815,3,0.0,0.0,0.0,0.0,0.0
815,4,0.0,0.0,0.0,0.0,0.0
816,0,0.0,-0.06717409490761657,0.0,0.0,-9.720084027702528
816,1,0.0,0.0,0.0,0.0,-1.6750380870779245
816,2,0.0,0.0,0.0,0.0,-0.045908646628374676
816,3,0.0,0.0,0.0,0.0,0.0
816,4,0.0,0.0,0.0,0.0,0.0
817,0,0.0,-0.06717409490761657,0.0,0.0,-9.720657749919654
817,1,0.0,0.0,0.0,0.0,-1.6750380870779245
817,2,0.0,0.0,0.0,0.0,-0.045908646628374676
817,3,0.0,0.0,0.0,0.0,0.0
817,4,0.0,0.0,0.0,0.0,0.0
818,0,0.0,-0.06717409490761657,0.0,0.0,-9.72963943793171
818,1,0.0,0.0,0.0,0.0,-1.6750380870779245
818,2,0.0,0.0,0.0,0.0,-0.045908646628374676
818,3,0.0,0.0,0.0,0.0,0.0
818,4,0.0,0.0,0.0,0.0,0.0
819,0,0.0,-0.06717409490761657,0.0,0.0,-9.733449847551581
819,1,0.0,0.0,0.0,0.0,-1.6750380870779245
819,2,0.0,0.0,0.0,0.0,-0.045908646628374676
819,3,0.0,0.0,0.0,0.0,0.0
819,4,0.0,0.0,0.0,0.0,0.0
820,0,0.0,-0.06717409490761657,0.0,0.0,-9.736859378940546
820,1,0.0,0.0,0.0,0.0,-1.6750380870779245
820,2,0.0,0.0,0.0,0.0,-0.045908646628374676
820,3,0.0,0.0,0.0,0.0,0.0
820,4,0.0,0.0,0.0,0.0,0.0
821,0,0.0,-0.06717409490761657,0.0,0.0,-9.731426001790389
821,1,0.0,0.0,0.0,0.0,-1.6750380870779245
821,2,0.0,0.0,0.0,0.0,-0.045908646628374676
821,3,0.0,0.0,0.0,0.0,0.0
821,4,0.0,0.0,0.0,0.0,0.0
822,0,0.0,-0.06717409490761657,0.0,0.0,-9.730229397325774
822,1,0.0,0.0,0.0,0.0,-1.6750380870779245
822,2,0.0,0.0,0.0,0.0,-0.045908646628374676
822,3,0.0,0.0,0.0,0.0,0.0
822,4,0.0,0.0,0.0,0.0,0.0
823,0,0.0,-0.06717409490761657,0.0,0.0,-9.748802878799108
823,1,0.0,0.0,0.0,0.0,-1.6750380870779245
823,2,0.0,0.0,0.0,0.0,-0.045908646628374676
823,3,0.0,0.0,0.0,0.0,0.0
823,4,0.0,0.0,0.0,0.0,0.0
824,0,0.0,-0.06717409490761657,0.0,0.0,-9.756404487202673
824,1,0.0,0.0,0.0,0.0,-1.6750380870779245
824,2,0.0,0.0,0.0,0.0,-0.045908646628374676
824,3,0.0,0.0,0.0,0.0,0.0
824,4,0.0,0.0,0.0,0.0,0.0
825,0,0.0,-0.06717409490761657,0.0,0.0,-9.755503677789351
825,1,0.0,0.0,0.0,0.0,-1.6750380870779245
825,2,0.0,0.0,0.0,0.0,-0.045908646628374676
825,3,0.0,0.0,0.0,0.0,0.0
825,4,0.0,0.0,0.0,0.0,0.0
826,0,0.0,-0.06717409490761657,0.0,0.0,-9.760563235996685
826,1,0.0,0.0,0.0,0.0,-1.6750380870779245
826,2,0.0,0.0,0.0,0.0,-0.045908646628374676
826,3,0.0,0.0,0.0,0.0,0.0
826,4,0.0,0.0,0.0,0.0,0.0
827,0,0.0,-0.06717409490761657,0.0,0.0,-9.780494444719574
827,1,0.0,0.0,0.0,0.0,-1.6750380870779245
827,2,0.0,0.0,0.0,0.0,-0.045908646628374676
827,3,0.0,0.0,0.0,0.0,0.0
827,4,0.0,0.0,0.0,0.0,0.0
828,0,0.0,-0.06717409490761657,0.0,0.0,-9.782642759550592
828,1,0.0,0.0,0.0,0.0,-1.6750380870779245
828,2,0.0,0.0,0.0,0.0,-0.045908646628374676
828,3,0.0,0.0,0.0,0.0,0.0
828,4,0.0,0.0,0.0,0.0,0.0
829,0,0.0,-0.06717409490761657,0.0,0.0,-9.783625810099245
829,1,0.0,0.0,0.0,0.0,-1.6750380870779245
829,2,0.0,0.0,0.0,0.0,-0.045908646628374676
829,3,0.0,0.0,0.0,0.0,0.0
829,4,0.0,0.0,0.0,0.0,0.0
830,0,0.0,-0.06717409490761657,0.0,0.0,-9.790096162967846
830,1,0.0,0.0,0.0,0.0,-1.6750380870779245
830,2,0.0,0.0,0.0,0.0,-0.045908646628374676
830,3,0.0,0.0,0.0,0.0,0.0
830,4,0.0,0.0,0.0,0.0,0.0
831,0,0.0,-0.06717409490761657,0.0,0.0,-9.803337669952578
831,1,0.0,0.0,0.0,0.0,-1.6750380870779245
831,2,0.0,0.0,0.0,0.0,-0.045908646628374676
831,3,0.0,0.0,0.0,0.0,0.0
831,4,0.0,0.0,0.0,0.0,0.0
832,0,0.0,-0.06717409490761657,0.0,0.0,-9.815629908130296
832,1,0.0,0.0,0.0,0.0,-1.6750380870779245
832,2,0.0,0.0,0.0,0.0,-0.045908646628374676
832,3,0.0,0.0,0.0,0.0,0.0
832,4,0.0,0.0,0.0,0.0,0.0
833,0,0.0,-0.06717409490761657,0.0,0.0,-9.83469390356712
833,1,0.0,0.0,0.0,0.0,-1.6750380870779245
833,2,0.0,0.0,0.0,0.0,-0.045908646628374676
833,3,0.0,0.0,0.0,0.0,0.0
833,4,0.0,0.0,0.0,0.0,0.0
834,0,0.0,-0.06717409490761657,0.0,0.0,-9.83532837954574
834,1,0.0,0.0,0.0,0.0,-1.6750380870779245
834,2,0.0,0.0,0.0,0.0,-0.045908646628374676
834,3,0.0,0.0,0.0,0.0,0.0
834,4,0.0,0.0,0.0,0.0,0.0
835,0,0.0,-0.06717409490761657,0.0,0.0,-9.833833608875816
835,1,0.0,0.0,0.0,0.0,-1.6750380870779245
835,2,0.0,0.0,0.0,0.0,-0.045908646628374676
835,3,0.0,0.0,0.0,0.0,0.0
835,4,0.0,0.0,0.0,0.0,0.0
836,0,0.0,-0.06717409490761657,0.0,0.0,-9.855198409246567
836,1,0.0,0.0,0.0,0.0,-1.6750380870779245
836,2,0.0,0.0,0.0,0.0,-0.045908646628374676
836,3,0.0,0.0,0.0,0.0,0.0
836,4,0.0,0.0,0.0,0.0,0.0
837,0,0.0,-0.06717409490761657,0.0,0.0,-9.857978333628932
837,1,0.0,0.0,0.0,0.0,-1.6750380870779245
837,2,0.0,0.0,0.0,0.0,-0.045908646628374676
837,3,0.0,0.0,0.0,0.0,0.0
837,4,0.0,0.0,0.0,0.0,0.0
838,0,0.0,-0.06717409490761657,0.0,0.0,-9.852398674301938
838,1,0.0,0.0,0.0,0.0,-1.6750380870779245
838,2,0.0,0.0,0.0,0.0,-0.045908646628374676
838,3,0.0,0.0,0.0,0.0,0.0
838,4,0.0,0.0,0.0,0.0,0.0
839,0,0.0,-0.06717409490761657,0.0,0.0,-9.851734849096328
839,1,0.0,0.0,0.0,0.0,-1.6750380870779245
839,2,0.0,0.0,0.0,0.0,-0.045908646628374676
839,3,0.0,0.0,0.0,0.0,0.0
839,4,0.0,0.0,0.0,0.0,0.0
840,0,0.0,-0.06717409490761657,0.0,0.0,-9.853653128897578
840,1,0.0,0.0,0.0,0.0,-1.6750380870779245
840,2,0.0,0.0,0.0,0.0,-0.045908646628374676
840,3,0.0,0.0,0.0,0.0,0.0
840,4,0.0,0.0,0.0,0.0,0.0
841,0,0.0,-0.06717409490761657,0.0,0.0,-9.856588014862728
841,1,0.0,0.0,0.0,0.0,-1.6750380870779245
841,2,0.0,0.0,0.0,0.0,-0.045908646628374676
841,3,0.0,0.0,0.0,0.0,0.0
841,4,0.0,0.0,0.0,0.0,0.0
842,0,0.0,-0.06717409490761657,0.0,0.0,-9.876383207113356
842,1,0.0,0.0,0.0,0.0,-1.6750380870779245
842,2,0.0,0.0,0.0,0.0,-0.045908646628374676
842,3,0.0,0.0,0.0,0.0,0.0
842,4,0.0,0.0,0.0,0.0,0.0
843,0,0.0,-0.06717409490761657,0.0,0.0,-9.876690833004938
843,1,0.0,0.0,0.0,0.0,-1.6750380870779245
843,2,0.0,0.0,0.0,0.0,-0.045908646628374676
843,3,0.0,0.0,0.0,0.0,0.0
843,4,0.0,0.0,0.0,0.0,0.0
844,0,0.0,-0.06717409490761657,0.0,0.0,-9.891944222551496
844,1,0.0,0.0,0.0,0.0,-1.6750380870779245
844,2,0.0,0.0,0.0,0.0,-0.045908646628374676
844,3,0.0,0.0,0.0,0.0,0.0
844,4,0.0,0.0,0.0,0.0,0.0
845,0,0.0,-0.06717409490761657,0.0,0.0,-9.901383240431793
845,1,0.0,0.0,0.0,0.0,-1.6750380870779245
845,2,0.0,0.0,0.0,0.0,-0.045908646628374676
845,3,0.0,0.0,0.0,0.0,0.0
845,4,0.0,0.0,0.0,0.0,0.0
846,0,0.0,-0.06717409490761657,0.0,0.0,-9.904349526631988
846,1,0.0,0.0,0.0,0.0,-1.6750380870779245
846,2,0.0,0.0,0.0,0.0,-0.045908646628374676
846,3,0.0,0.0,0.0,0.0,0.0
846,4,0.0,0.0,0.0,0.0,0.0
847,0,0.0,-0.06717409490761657,0.0,0.0,-9.906762175856427
847,1,0.0,0.0,0.0,0.0,-1.6750380870779245
847,2,0.0,0.0,0.0,0.0,-0.045908646628374676
847,3,0.0,0.0,0.0,0.0,0.0
847,4,0.0,0.0,0.0,0.0,0.0
848,0,0.0,-0.06717409490761657,0.0,0.0,-9.909772890298514
848,1,0.0,0.0,0.0,0.0,-1.6750380870779245
848,2,0.0,0.0,0.0,0.0,-0.045908646628374676
848,3,0.0,0.0,0.0,0.0,0.0
848,4,0.0,0.0,0.0,0.0,0.0
849,0,0.0,-0.06717409490761657,0.0,0.0,-9.91145985570961
849,1,0.0,0.0,0.0,0.0,-1.6750380870779245
849,2,0.0,0.0,0.0,0.0,-0.045908646628374676
849,3,0.0,0.0,0.0,0.0,0.0
849,4,0.0,0.0,0.0,0.0,0.0
850,0,0.0,-0.06717409490761657,0.0,0.0,-9.915168205943322
850,1,0.0,0.0,0.0,0.0,-1.6750380870779245
850,2,0.0,0.0,0.0,0.0,-0.045908646628374676
850,3,0.0,0.0,0.0,0.0,0.0
850,4,0.0,0.0,0.0,0.0,0.0
851,0,0.0,-0.06717409490761657,0.0,0.0,-9.919423321870267
851,1,0.0,0.0,0.0,0.0,-1.6750380870779245
851,2,0.0,0.0,0.0,0.0,-0.045908646628374676
851,3,0.0,0.0,0.0,0.0,0.0
851,4,0.0,0.0,0.0,0.0,0.0
852,0,0.0,-0.06717409490761657,0.0,0.0,-9.919017021664763
852,1,0.0,0.0,0.0,0.0,-1.6750380870779245
852,2,0.0,0.0,0.0,0.0,-0.045908646628374676
852,3,0.0,0.0,0.0,0.0,0.0
852,4,0.0,0.0,0.0,0.0,0.0
853,0,0.0,-0.06717409490761657,0.0,0.0,-9.925295287470316
853,1,0.0,0.0,0.0,0.0,-1.6750380870779245
853,2,0.0,0.0,0.0,0.0,-0.045908646628374676
853,3,0.0,0.0,0.0,0.0,0.0
853,4,0.0,0.0,0.0,0.0,0.0
854,0,0.0,-0.06717409490761657,0.0,0.0,-9.931158412062791
854,1,0.0,0.0,0.0,0.0,-1.6750380870779245
854,2,0.0,0.0,0.0,0.0,-0.045908646628374676
854,3,0.0,0.0,0.0,0.0,0.0
854,4,0.0,0.0,0.0,0.0,0.0
855,0,0.0,-0.06717409490761657,0.0,0.0,-9.935283076852734
855,1,0.0,0.0,0.0,0.0,-1.6750380870779245
855,2,0.0,0.0,0.0,0.0,-0.045908646628374676
855,3,0.0,0.0,0.0,0.0,0.0
855,4,0.0,0.0,0.0,0.0,0.0
856,0,0.0,-0.06717409490761657,0.0,0.0,-9.937250166011964
856,1,0.0,0.0,0.0,0.0,-1.6750380870779245
856,2,0.0,0.0,0.0,0.0,-0.045908646628374676
856,3,0.0,0.0,0.0,0.0,0.0
856,4,0.0,0.0,0.0,0.0,0.0
857,0,0.0,-0.06717409490761657,0.0,0.0,-9.93950588530776
857,1,0.0,0.0,0.0,0.0,-1.6750380870779245
857,2,0.0,0.0,0.0,0.0,-0.045908646628374676
857,3,0.0,0.0,0.0,0.0,0.0
857,4,0.0,0.0,0.0,0.0,0.0
858,0,0.0,-0.06717409490761657,0.0,0.0,-9.940424517660157
858,1,0.0,0.0,0.0,0.0,-1.6750380870779245
858,2,0.0,0.0,0.0,0.0,-0.045908646628374676
858,3,0.0,0.0,0.0,0.0,0.0
858,4,0.0,0.0,0.0,0.0,0.0
859,0,0.0,-0.06717409490761657,0.0,0.0,-9.935133006181623
859,1,0.0,0.0,0.0,0.0,-1.6750380870779245
859,2,0.0,0.0,0.0,0.0,-0.045908646628374676
859,3,0.0,0.0,0.0,0.0,0.0
859,4,0.0,0.0,0.0,0.0,0.0
860,0,0.0,-0.06717409490761657,0.0,0.0,-9.946473814937676
860,1,0.0,0.0,0.0,0.0,-1.6750380870779245
860,2,0.0,0.0,0.0,0.0,-0.045908646628374676
860,3,0.0,0.0,0.0,0.0,0.0
860,4,0.0,0.0,0.0,0.0,0.0
861,0,0.0,-0.06717409490761657,0.0,0.0,-9.943071529354109
861,1,0.0,0.0,0.0,0.0,-1.6750380870779245
861,2,0.0,0.0,0.0,0.0,-0.045908646628374676
861,3,0.0,0.0,0.0,0.0,0.0
861,4,0.0,0.0,0.0,0.0,0.0
862,0,0.0,-0.06717409490761657,0.0,0.0,-9.939695989994693
862,1,0.0,0.0,0.0,0.0,-1.6750380870779245
862,2,0.0,0.0,0.0,0.0,-0.045908646628374676
862,3,0.0,0.0,0.0,0.0,0.0
862,4,0.0,0.0,0.0,0.0,0.0
863,0,0.0,-0.06717409490761657,0.0,0.0,-9.938075451265862
863,1,0.0,0.0,0.0,0.0,-1.6750380870779245
863,2,0.0,0.0,0.0,0.0,-0.045908646628374676
863,3,0.0,0.0,0.0,0.0,0.0
863,4,0.0,0.0,0.0,0.0,0.0
864,0,0.0,-0.06717409490761657,0.0,0.0,-9.9426407731159
864,1,0.0,0.0,0.0,0.0,-1.6750380870779245
864,2,0.0,0.0,0.0,0.0,-0.045908646628374676
864,3,0.0,0.0,0.0,0.0,0.0
864,4,0.0,0.0,0.0,0.0,0.0
865,0,0.0,-0.06717409490761657,0.0,0.0,-9.949932185503508
865,1,0.0,0.0,0.0,0.0,-1.6750380870779245
865,2,0.0,0.0,0.0,0.0,-0.045908646628374676
865,3,0.0,0.0,0.0,0.0,0.0
865,4,0.0,0.0,0.0,0.0,0.0
866,0,0.0,-0.06717409490761657,0.0,0.0,-9.954135095091909
866,1,0.0,0.0,0.0,0.0,-1.6750380870779245
866,2,0.0,0.0,0.0,0.0,-0.045908646628374676
866,3,0.0,0.0,0.0,0.0,0.0
866,4,0.0,0.0,0.0,0.0,0.0
867,0,0.0,-0.06717409490761657,0.0,0.0,-9.95695245003729
867,1,0.0,0.0,0.0,0.0,-1.6750380870779245
867,2,0.0,0.0,0.0,0.0,-0.045908646628374676
867,3,0.0,0.0,0.0,0.0,0.0
867,4,0.0,0.0,0.0,0.0,0.0
868,0,0.0,-0.06717409490761657,0.0,0.0,-9.958612148309289
868,1,0.0,0.0,0.0,0.0,-1.6750380870779245
868,2,0.0,0.0,0.0,0.0,-0.045908646628374676
868,3,0.0,0.0,0.0,0.0,0.0
868,4,0.0,0.0,0.0,0.0,0.0
869,0,0.0,-0.06717409490761657,0.0,0.0,-9.958541556862306
869,1,0.0,0.0,0.0,0.0,-1.6750380870779245
869,2,0.0,0.0,0.0,0.0,-0.045908646628374676
869,3,0.0,0.0,0.0,0.0,0.0
869,4,0.0,0.0,0.0,0.0,0.0
870,0,0.0,-0.06717409490761657,0.0,0.0,-9.95931573691857
870,1,0.0,0.0,0.0,0.0,-1.6750380870779245
870,2,0.0,0.0,0.0,0.0,-0.045908646628374676
870,3,0.0,0.0,0.0,0.0,0.0
870,4,0.0,0.0,0.0,0.0,0.0
871,0,0.0,-0.06717409490761657,0.0,0.0,-9.962331892609019
871,1,0.0,0.0,0.0,0.0,-1.6750380870779245
871,2,0.0,0.0,0.0,0.0,-0.045908646628374676
871,3,0.0,0.0,0.0,0.0,0.0
871,4,0.0,0.0,0.0,0.0,0.0
872,0,0.0,-0.06717409490761657,0.0,0.0,-9.965818915431644
872,1,0.0,0.0,0.0,0.0,-1.6750380870779245
872,2,0.0,0.0,0.0,0.0,-0.045908646628374676
872,3,0.0,0.0,0.0,0.0,0.0
872,4,0.0,0.0,0.0,0.0,0.0
873,0,0.0,-0.06717409490761657,0.0,0.0,-9.973102319811218
873,1,0.0,0.0,0.0,0.0,-1.6750380870779245
873,2,0.0,0.0,0.0,0.0,-0.045908646628374676
873,3,0.0,0.0,0.0,0.0,0.0
873,4,0.0,0.0,0.0,0.0,0.0
874,0,0.0,-0.06717409490761657,0.0,0.0,-9.97347106830407
874,1,0.0,0.0,0.0,0.0,-1.6750380870779245
874,2,0.0,0.0,0.0,0.0,-0.045908646628374676
874,3,0.0,0.0,0.0,0.0,0.0
874,4,0.0,0.0,0.0,0.0,0.0
875,0,0.0,-0.06717409490761657,0.0,0.0,-9.982455592937788
875,1,0.0,0.0,0.0,0.0,-1.6750380870779245
875,2,0.0,0.0,0.0,0.0,-0.045908646628374676
875,3,0.0,0.0,0.0,0.0,0.0
875,4,0.0,0.0,0.0,0.0,0.0
876,0,0.0,-0.06717409490761657,0.0,0.0,-9.99660882458556
876,1,0.0,0.0,0.0,0.0,-1.6750380870779245
876,2,0.0,0.0,0.0,0.0,-0.045908646628374676
876,3,0.0,0.0,0.0,0.0,0.0
876,4,0.0,0.0,0.0,0.0,0.0
877,0,0.0,-0.06717409490761657,0.0,0.0,-9.996955070283576
877,1,0.0,0.0,0.0,0.0,-1.6750380870779245
877,2,0.0,0.0,0.0,0.0,-0.045908646628374676
877,3,0.0,0.0,0.0,0.0,0.0
877,4,0.0,0.0,0.0,0.0,0.0
878,0,0.0,-0.06717409490761657,0.0,0.0,-9.997793638387536
878,1,0.0,0.0,0.0,0.0,-1.6750380870779245
878,2,0.0,0.0,0.0,0.0,-0.045908646628374676
878,3,0.0,0.0,0.0,0.0,0.0
878,4,0.0,0.0,0.0,0.0,0.0
879,0,0.0,-0.06717409490761657,0.0,0.0,-9.999322094044246
879,1,0.0,0.0,0.0,0.0,-1.6750380870779245
879,2,0.0,0.0,0.0,0.0,-0.045908646628374676
879,3,0.0,0.0,0.0,0.0,0.0
879,4,0.0,0.0,0.0,0.0,0.0
880,0,0.0,-0.06717409490761657,0.0,0.0,-10.001474256866496
880,1,0.0,0.0,0.0,0.0,-1.6750380870779245
880,2,0.0,0.0,0.0,0.0,-0.045908646628374676
880,3,0.0,0.0,0.0,0.0,0.0
880,4,0.0,0.0,0.0,0.0,0.0
881,0,0.0,-0.06717409490761657,0.0,0.0,-10.00523427657985
881,1,0.0,0.0,0.0,0.0,-1.6750380870779245
881,2,0.0,0.0,0.0,0.0,-0.045908646628374676
881,3,0.0,0.0,0.0,0.0,0.0
881,4,0.0,0.0,0.0,0.0,0.0
882,0,0.0,-0.06717409490761657,0.0,0.0,-10.007171358299479
882,1,0.0,0.0,0.0,0.0,-1.6750380870779245
882,2,0.0,0.0,0.0,0.0,-0.045908646628374676
882,3,0.0,0.0,0.0,0.0,0.0
882,4,0.0,0.0,0.0,0.0,0.0
883,0,0.0,-0.06717409490761657,0.0,0.0,-10.015456551368402
883,1,0.0,0.0,0.0,0.0,-1.6750380870779245
883,2,0.0,0.0,0.0,0.0,-0.045908646628374676
883,3,0.0,0.0,0.0,0.0,0.0
883,4,0.0,0.0,0.0,0.0,0.0
884,0,0.0,-0.06717409490761657,0.0,0.0,-10.029923327325188
884,1,0.0,0.0,0.0,0.0,-1.6750380870779245
884,2,0.0,0.0,0.0,0.0,-0.045908646628374676
884,3,0.0,0.0,0.0,0.0,0.0
884,4,0.0,0.0,0.0,0.0,0.0
885,0,0.0,-0.06717409490761657,0.0,0.0,-10.034898748216714
885,1,0.0,0.0,0.0,0.0,-1.6750380870779245
885,2,0.0,0.0,0.0,0.0,-0.045908646628374676
885,3,0.0,0.0,0.0,0.0,0.0
885,4,0.0,0.0,0.0,0.0,0.0
886,0,0.0,-0.06717409490761657,0.0,0.0,-10.036246989728077
886,1,0.0,0.0,0.0,0.0,-1.6750380870779245
886,2,0.0,0.0,0.0,0.0,-0.045908646628374676
886,3,0.0,0.0,0.0,0.0,0.0
886,4,0.0,0.0,0.0,0.0,0.0
887,0,0.0,-0.06717409490761657,0.0,0.0,-10.031491580677022
887,1,0.0,0.0,0.0,0.0,-1.6750380870779245
887,2,0.0,0.0,0.0,0.0,-0.045908646628374676
887,3,0.0,0.0,0.0,0.0,0.0
887,4,0.0,0.0,0.0,0.0,0.0
888,0,0.0,-0.06717409490761657,0.0,0.0,-10.03207228446626
888,1,0.0,0.0,0.0,0.0,-1.6750380870779245
888,2,0.0,0.0,0.0,0.0,-0.045908646628374676
888,3,0.0,0.0,0.0,0.0,0.0
888,4,0.0,0.0,0.0,0.0,0.0
889,0,0.0,-0.06717409490761657,0.0,0.0,-10.036958693436741
889,1,0.0,0.0,0.0,0.0,-1.6750380870779245
889,2,0.0,0.0,0.0,0.0,-0.045908646628374676
889,3,0.0,0.0,0.0,0.0,0.0
889,4,0.0,0.0,0.0,0.0,0.0
890,0,0.0,-0.06717409490761657,0.0,0.0,-10.037597526535295
890,1,0.0,0.0,0.0,0.0,-1.6750380870779245
890,2,0.0,0.0,0.0,0.0,-0.045908646628374676
890,3,0.0,0.0,0.0,0.0,0.0
890,4,0.0,0.0,0.0,0.0,0.0
891,0,0.0,-0.06717409490761657,0.0,0.0,-10.030707520736872
891,1,0.0,0.0,0.0,0.0,-1.6750380870779245
891,2,0.0,0.0,0.0,0.0,-0.045908646628374676
891,3,0.0,0.0,0.0,0.0,0.0
891,4,0.0,0.0,0.0,0.0,0.0
892,0,0.0,-0.06717409490761657,0.0,0.0,-10.044534587058628
892,1,0.0,0.0,0.0,0.0,-1.6750380870779245
892,2,0.0,0.0,0.0,0.0,-0.045908646628374676
892,3,0.0,0.0,0.0,0.0,0.0
892,4,0.0,0.0,0.0,0.0,0.0
893,0,0.0,-0.06717409490761657,0.0,0.0,-10.052015988177914
893,1,0.0,0.0,0.0,0.0,-1.6750380870779245
893,2,0.0,0.0,0.0,0.0,-0.045908646628374676
893,3,0.0,0.0,0.0,0.0,0.0
893,4,0.0,0.0,0.0,0.0,0.0
894,0,0.0,-0.06717409490761657,0.0,0.0,-10.059804057727478
894,1,0.0,0.0,0.0,0.0,-1.6750380870779245
894,2,0.0,0.0,0.0,0.0,-0.045908646628374676
894,3,0.0,0.0,0.0,0.0,0.0
894,4,0.0,0.0,0.0,0.0,0.0
895,0,0.0,-0.06717409490761657,0.0,0.0,-10.058033632705463
895,1,0.0,0.0,0.0,0.0,-1.6750380870779245
895,2,0.0,0.0,0.0,0.0,-0.045908646628374676
895,3,0.0,0.0,0.0,0.0,0.0
895,4,0.0,0.0,0.0,0.0,0.0
896,0,0.0,-0.06717409490761657,0.0,0.0,-10.059094064353129
896,1,0.0,0.0,0.0,0.0,-1.6750380870779245
896,2,0.0,0.0,0.0,0.0,-0.045908646628374676
896,3,0.0,0.0,0.0,0.0,0.0
896,4,0.0,0.0,0.0,0.0,0.0
897,0,0.0,-0.06717409490761657,0.0,0.0,-10.063028346018319
897,1,0.0,0.0,0.0,0.0,-1.6750380870779245
897,2,0.0,0.0,0.0,0.0,-0.045908646628374676
897,3,0.0,0.0,0.0,0.0,0.0
897,4,0.0,0.0,0.0,0.0,0.0
898,0,0.0,-0.06717409490761657,0.0,0.0,-10.06547572734531
898,1,0.0,0.0,0.0,0.0,-1.6750380870779245
898,2,0.0,0.0,0.0,0.0,-0.045908646628374676
898,3,0.0,0.0,0.0,0.0,0.0
898,4,0.0,0.0,0.0,0.0,0.0
899,0,0.0,-0.06717409490761657,0.0,0.0,-10.063827344932283
899,1,0.0,0.0,0.0,0.0,-1.6750380870779245
899,2,0.0,0.0,0.0,0.0,-0.045908646628374676
899,3,0.0,0.0,0.0,0.0,0.0
899,4,0.0,0.0,0.0,0.0,0.0
900,0,0.0,-0.06717409490761657,0.0,0.0,-10.06382147351943
900,1,0.0,0.0,0.0,0.0,-1.6750380870779245
900,2,0.0,0.0,0.0,0.0,-0.045908646628374676
900,3,0.0,0.0,0.0,0.0,0.0
900,4,0.0,0.0,0.0,0.0,0.0
901,0,0.0,-0.06717409490761657,0.0,0.0,-10.055504883980307
901,1,0.0,0.0,0.0,0.0,-1.6750380870779245
901,2,0.0,0.0,0.0,0.0,-0.045908646628374676
901,3,0.0,0.0,0.0,0.0,0.0
901,4,0.0,0.0,0.0,0.0,0.0
902,0,0.0,-0.06717409490761657,0.0,0.0,-10.073082934853105
902,1,0.0,0.0,0.0,0.0,-1.6750380870779245
902,2,0.0,0.0,0.0,0.0,-0.045908646628374676
902,3,0.0,0.0,0.0,0.0,0.0
902,4,0.0,0.0,0.0,0.0,0.0
903,0,0.0,-0.06717409490761657,0.0,0.0,-10.07221435607146
903,1,0.0,0.0,0.0,0.0,-1.6750380870779245
903,2,0.0,0.0,0.0,0.0,-0.045908646628374676
903,3,0.0,0.0,0.0,0.0,0.0
903,4,0.0,0.0,0.0,0.0,0.0
904,0,0.0,-0.06717409490761657,0.0,0.0,-10.074191516228602
904,1,0.0,0.0,0.0,0.0,-1.6750380870779245
904,2,0.0,0.0,0.0,0.0,-0.045908646628374676
904,3,0.0,0.0,0.0,0.0,0.0
904,4,0.0,0.0,0.0,0.0,0.0
905,0,0.0,-0.06717409490761657,0.0,0.0,-10.087142910547358
905,1,0.0,0.0,0.0,0.0,-1.6750380870779245
905,2,0.0,0.0,0.0,0.0,-0.045908646628374676
905,3,0.0,0.0,0.0,0.0,0.0
905,4,0.0,0.0,0.0,0.0,0.0
906,0,0.0,-0.06717409490761657,0.0,0.0,-10.089162024672373
906,1,0.0,0.0,0.0,0.0,-1.6750380870779245
906,2,0.0,0.0,0.0,0.0,-0.045908646628374676
906,3,0.0,0.0,0.0,0.0,0.0
906,4,0.0,0.0,0.0,0.0,0.0
907,0,0.0,-0.06717409490761657,0.0,0.0,-10.1059083236792
907,1,0.0,0.0,0.0,0.0,-1.6750380870779245
907,2,0.0,0.0,0.0,0.0,-0.045908646628374676
907,3,0.0,0.0,0.0,0.0,0.0
907,4,0.0,0.0,0.0,0.0,0.0
908,0,0.0,-0.06717409490761657,0.0,0.0,-10.106784688186655
908,1,0.0,0.0,0.0,0.0,-1.6750380870779245
908,2,0.0,0.0,0.0,0.0,-0.045908646628374676
908,3,0.0,0.0,0.0,0.0,0.0
908,4,0.0,0.0,0.0,0.0,0.0
909,0,0.0,-0.06717409490761657,0.0,0.0,-10.105683224429725
909,1,0.0,0.0,0.0,0.0,-1.6750380870779245
909,2,0.0,0.0,0.0,0.0,-0.045908646628374676
909,3,0.0,0.0,0.0,0.0,0.0
909,4,0.0,0.0,0.0,0.0,0.0
910,0,0.0,-0.07003928289663984,0.0,0.0,-10.105683224429725
910,1,0.0,0.0,0.0,0.0,-1.6989473590803457
910,2,0.0,0.0,0.0,0.0,-0.045908646628374676
910,3,0.0,0.0,0.0,0.0,0.0
910,4,0.0,0.0,0.0,0.0,0.0
911,0,0.0,-0.07003928289663984,0.0,0.0,-10.093598767601748
911,1,0.0,0.0,0.0,0.0,-1.6989473590803457
911,2,0.0,0.0,0.0,0.0,-0.045908646628374676
911,3,0.0,0.0,0.0,0.0,0.0
911,4,0.0,0.0,0.0,0.0,0.0
912,0,0.0,-0.07003928289663984,0.0,0.0,-10.098583354014592
912,1,0.0,0.0,0.0,0.0,-1.6989473590803457
912,2,0.0,0.0,0.0,0.0,-0.045908646628374676
912,3,0.0,0.0,0.0,0.0,0.0
912,4,0.0,0.0,0.0,0.0,0.0
913,0,0.0,-0.07003928289663984,0.0,0.0,-10.099368348288637
913,1,0.0,0.0,0.0,0.0,-1.6989473590803457
913,2,0.0,0.0,0.0,0.0,-0.045908646628374676
913,3,0.0,0.0,0.0,0.0,0.0
913,4,0.0,0.0,0.0,0.0,0.0
914,0,0.0,-0.07003928289663984,0.0,0.0,-10.099406604572719
914,1,0.0,0.0,0.0,0.0,-1.6989473590803457
914,2,0.0,0.0,0.0,0.0,-0.045908646628374676
914,3,0.0,0.0,0.0,0.0,0.0
914,4,0.0,0.0,0.0,0.0,0.0
915,0,0.0,-0.07003928289663984,0.0,0.0,-10.104806613369762
915,1,0.0,0.0,0.0,0.0,-1.6989473590803457
915,2,0.0,0.0,0.0,0.0,-0.045908646628374676
915,3,0.0,0.0,0.0,0.0,0.0
915,4,0.0,0.0,0.0,0.0,0.0
916,0,0.0,-0.07003928289663984,0.0,0.0,-10.098979623294367
916,1,0.0,0.0,0.0,0.0,-1.6989473590803457
916,2,0.0,0.0,0.0,0.0,-0.045908646628374676
916,3,0.0,0.0,0.0,0.0,0.0
916,4,0.0,0.0,0.0,0.0,0.0
917,0,0.0,-0.07003928289663984,0.0,0.0,-10.106465394191195
917,1,0.0,0.0,0.0,0.0,-1.6989473590803457
917,2,0.0,0.0,0.0,0.0,-0.045908646628374676
917,3,0.0,0.0,0.0,0.0,0.0
917,4,0.0,0.0,0.0,0.0,0.0
918,0,0.0,-0.07003928289663984,0.0,0.0,-10.10794277598749
918,1,0.0,0.0,0.0,0.0,-1.6989473590803457
918,2,0.0,0.0,0.0,0.0,-0.045908646628374676
918,3,0.0,0.0,0.0,0.0,0.0
918,4,0.0,0.0,0.0,0.0,0.0
919,0,0.0,-0.07003928289663984,0.0,0.0,-10.119722653697163
919,1,0.0,0.0,0.0,0.0,-1.6989473590803457
919,2,0.0,0.0,0.0,0.0,-0.045908646628374676
919,3,0.0,0.0,0.0,0.0,0.0
919,4,0.0,0.0,0.0,0.0,0.0
920,0,0.0,-0.07003928289663984,0.0,0.0,-10.112449730425084
920,1,0.0,0.0,0.0,0.0,-1.6989473590803457
920,2,0.0,0.0,0.0,0.0,-0.045908646628374676
920,3,0.0,0.0,0.0,0.0,0.0
920,4,0.0,0.0,0.0,0.0,0.0
921,0,0.0,-0.07003928289663984,0.0,0.0,-10.115318135913492
921,1,0.0,0.0,0.0,0.0,-1.6989473590803457
921,2,0.0,0.0,0.0,0.0,-0.045908646628374676
921,3,0.0,0.0,0.0,0.0,0.0
921,4,0.0,0.0,0.0,0.0,0.0
922,0,0.0,-0.07003928289663984,0.0,0.0,-10.117206342775356
922,1,0.0,0.0,0.0,0.0,-1.6989473590803457
922,2,0.0,0.0,0.0,0.0,-0.045908646628374676
922,3,0.0,0.0,0.0,0.0,0.0
922,4,0.0,0.0,0.0,0.0,0.0
923,0,0.0,-0.07003928289663984,0.0,0.0,-10.114792311082361
923,1,0.0,0.0,0.0,0.0,-1.6989473590803457
923,2,0.0,0.0,0.0,0.0,-0.045908646628374676
923,3,0.0,0.0,0.0,0.0,0.0
923,4,0.0,0.0,0.0,0.0,0.0
924,0,0.0,-0.07003928289663984,0.0,0.0,-10.117555116677591
924,1,0.0,0.0,0.0,0.0,-1.6989473590803457
924,2,0.0,0.0,0.0,0.0,-0.045908646628374676
924,3,0.0,0.0,0.0,0.0,0.0
924,4,0.0,0.0,0.0,0.0,0.0
925,0,0.0,-0.07003928289663984,0.0,0.0,-10.116805855699573
925,1,0.0,0.0,0.0,0.0,-1.6989473590803457
925,2,0.0,0.0,0.0,0.0,-0.045908646628374676
925,3,0.0,0.0,0.0,0.0,0.0
925,4,0.0,0.0,0.0,0.0,0.0
926,0,0.0,-0.07003928289663984,0.0,0.0,-10.116765821729253
926,1,0.0,0.0,0.0,0.0,-1.6989473590803457
926,2,0.0,0.0,0.0,0.0,-0.045908646628374676
926,3,0.0,0.0,0.0,0.0,0.0
926,4,0.0,0.0,0.0,0.0,0.0
927,0,0.0,-0.07003928289663984,0.0,0.0,-10.119107332331026
927,1,0.0,0.0,0.0,0.0,-1.6989473590803457
927,2,0.0,0.0,0.0,0.0,-0.045908646628374676
927,3,0.0,0.0,0.0,0.0,0.0
927,4,0.0,0.0,0.0,0.0,0.0
928,0,0.0,-0.07003928289663984,0.0,0.0,-10.121112964876374
928,1,0.0,0.0,0.0,0.0,-1.6989473590803457
928,2,0.0,0.0,0.0,0.0,-0.045908646628374676
928,3,0.0,0.0,0.0,0.0,0.0
928,4,0.0,0.0,0.0,0.0,0.0
929,0,0.0,-0.07003928289663984,0.0,0.0,-10.121424224837222
929,1,0.0,0.0,0.0,0.0,-1.6989473590803457
929,2,0.0,0.0,0.0,0.0,-0.045908646628374676
929,3,0.0,0.0,0.0,0.0,0.0
929,4,0.0,0.0,0.0,0.0,0.0
930,0,0.0,-0.07003928289663984,0.0,0.0,-10.121504460786163
930,1,0.0,0.0,0.0,0.0,-1.6989473590803457
930,2,0.0,0.0,0.0,0.0,-0.045908646628374676
930,3,0.0,0.0,0.0,0.0,0.0
930,4,0.0,0.0,0.0,0.0,0.0
931,0,0.0,-0.07003928289663984,0.0,0.0,-10.131652928635539
931,1,0.0,0.0,0.0,0.0,-1.6989473590803457
931,2,0.0,0.0,0.0,0.0,-0.045908646628374676
931,3,0.0,0.0,0.0,0.0,0.0
931,4,0.0,0.0,0.0,0.0,0.0
932,0,0.0,-0.07003928289663984,0.0,0.0,-10.127454789478977
932,1,0.0,0.0,0.0,0.0,-1.6989473590803457
932,2,0.0,0.0,0.0,0.0,-0.045908646628374676
932,3,0.0,0.0,0.0,0.0,0.0
932,4,0.0,0.0,0.0,0.0,0.0
933,0,0.0,-0.07003928289663984,0.0,0.0,-10.135228931394765
933,1,0.0,0.0,0.0,0.0,-1.6989473590803457
933,2,0.0,0.0,0.0,0.0,-0.045908646628374676
933,3,0.0,0.0,0.0,0.0,0.0
933,4,0.0,0.0,0.0,0.0,0.0
934,0,0.0,-0.07003928289663984,0.0,0.0,-10.146421803669107
934,1,0.0,0.0,0.0,0.0,-1.6989473590803457
934,2,0.0,0.0,0.0,0.0,-0.045908646628374676
934,3,0.0,0.0,0.0,0.0,0.0
934,4,0.0,0.0,0.0,0.0,0.0
935,0,0.0,-0.07003928289663984,0.0,0.0,-10.1459770453919
935,1,0.0,0.0,0.0,0.0,-1.6989473590803457
935,2,0.0,0.0,0.0,0.0,-0.045908646628374676
935,3,0.0,0.0,0.0,0.0,0.0
935,4,0.0,0.0,0.0,0.0,0.0
936,0,0.0,-0.07003928289663984,0.0,0.0,-10.166801168433066
936,1,0.0,0.0,0.0,0.0,-1.6989473590803457
936,2,0.0,0.0,0.0,0.0,-0.045908646628374676
936,3,0.0,0.0,0.0,0.0,0.0
936,4,0.0,0.0,0.0,0.0,0.0
937,0,0.0,-0.07003928289663984,0.0,0.0,-10.166495813854903
937,1,0.0,0.0,0.0,0.0,-1.6989473590803457
937,2,0.0,0.0,0.0,0.0,-0.045908646628374676
937,3,0.0,0.0,0.0,0.0,0.0
937,4,0.0,0.0,0.0,0.0,0.0
938,0,0.0,-0.07003928289663984,0.0,0.0,-10.169974274396083
938,1,0.0,0.0,0.0,0.0,-1.6989473590803457
938,2,0.0,0.0,0.0,0.0,-0.045908646628374676
938,3,0.0,0.0,0.0,0.0,0.0
938,4,0.0,0.0,0.0,0.0,0.0
939,0,0.0,-0.07003928289663984,0.0,0.0,-10.170653446278722
939,1,0.0,0.0,0.0,0.0,-1.6989473590803457
939,2,0.0,0.0,0.0,0.0,-0.045908646628374676
939,3,0.0,0.0,0.0,0.0,0.0
939,4,0.0,0.0,0.0,0.0,0.0
940,0,0.0,-0.07003928289663984,0.0,0.0,-10.172116284837248
940,1,0.0,0.0,0.0,0.0,-1.6989473590803457
940,2,0.0,0.0,0.0,0.0,-0.045908646628374676
940,3,0.0,0.0,0.0,0.0,0.0
940,4,0.0,0.0,0.0,0.0,0.0
941,0,0.0,-0.07003928289663984,0.0,0.0,-10.167797957564751
941,1,0.0,0.0,0.0,0.0,-1.6989473590803457
941,2,0.0,0.0,0.0,0.0,-0.045908646628374676
941,3,0.0,0.0,0.0,0.0,0.0
941,4,0.0,0.0,0.0,0.0,0.0
942,0,0.0,-0.07003928289663984,0.0,0.0,-10.173178659971201
942,1,0.0,0.0,0.0,0.0,-1.6989473590803457
942,2,0.0,0.0,0.0,0.0,-0.045908646628374676
942,3,0.0,0.0,0.0,0.0,0.0
942,4,0.0,0.0,0.0,0.0,0.0
943,0,0.0,-0.07003928289663984,0.0,0.0,-10.177513477031125
943,1,0.0,0.0,0.0,0.0,-1.6989473590803457
943,2,0.0,0.0,0.0,0.0,-0.045908646628374676
943,3,0.0,0.0,0.0,0.0,0.0
943,4,0.0,0.0,0.0,0.0,0.0
944,0,0.0,-0.07003928289663984,0.0,0.0,-10.192355507519348
944,1,0.0,0.0,0.0,0.0,-1.6989473590803457
944,2,0.0,0.0,0.0,0.0,-0.045908646628374676
944,3,0.0,0.0,0.0,0.0,0.0
944,4,0.0,0.0,0.0,0.0,0.0
945,0,0.0,-0.07003928289663984,0.0,0.0,-10.18813929187819
945,1,0.0,0.0,0.0,0.0,-1.6989473590803457
945,2,0.0,0.0,0.0,0.0,-0.045908646628374676
945,3,0.0,0.0,0.0,0.0,0.0
945,4,0.0,0.0,0.0,0.0,0.0
946,0,0.0,-0.07003928289663984,0.0,0.0,-10.18090543451267
946,1,0.0,0.0,0.0,0.0,-1.6989473590803457
946,2,0.0,0.0,0.0,0.0,-0.045908646628374676
946,3,0.0,0.0,0.0,0.0,0.0
946,4,0.0,0.0,0.0,0.0,0.0
947,0,0.0,-0.07003928289663984,0.0,0.0,-10.180789188511953
947,1,0.0,0.0,0.0,0.0,-1.6989473590803457
947,2,0.0,0.0,0.0,0.0,-0.045908646628374676
947,3,0.0,0.0,0.0,0.0,0.0
947,4,0.0,0.0,0.0,0.0,0.0
948,0,0.0,-0.07003928289663984,0.0,0.0,-10.180260062376998
948,1,0.0,0.0,0.0,0.0,-1.6989473590803457
948,2,0.0,0.0,0.0,0.0,-0.045908646628374676
948,3,0.0,0.0,0.0,0.0,0.0
948,4,0.0,0.0,0.0,0.0,0.0
949,0,0.0,-0.07003928289663984,0.0,0.0,-10.181589613482702
949,1,0.0,0.0,0.0,0.0,-1.6989473590803457
949,2,0.0,0.0,0.0,0.0,-0.045908646628374676
949,3,0.0,0.0,0.0,0.0,0.0
949,4,0.0,0.0,0.0,0.0,0.0
950,0,0.0,-0.07003928289663984,0.0,0.0,-10.176781175858284
950,1,0.0,0.0,0.0,0.0,-1.6989473590803457
950,2,0.0,0.0,0.0,0.0,-0.045908646628374676
950,3,0.0,0.0,0.0,0.0,0.0
950,4,0.0,0.0,0.0,0.0,0.0
951,0,0.0,-0.07003928289663984,0.0,0.0,-10.17804467307837
951,1,0.0,0.0,0.0,0.0,-1.6989473590803457
951,2,0.0,0.0,0.0,0.0,-0.045908646628374676
951,3,0.0,0.0,0.0,0.0,0.0
951,4,0.0,0.0,0.0,0.0,0.0
952,0,0.0,-0.07003928289663984,0.0,0.0,-10.182981955586445
952,1,0.0,0.0,0.0,0.0,-1.6989473590803457
952,2,0.0,0.0,0.0,0.0,-0.045908646628374676
952,3,0.0,0.0,0.0,0.0,0.0
952,4,0.0,0.0,0.0,0.0,0.0
953,0,0.0,-0.07003928289663984,0.0,0.0,-10.184292608606906
953,1,0.0,0.0,0.0,0.0,-1.6989473590803457
953,2,0.0,0.0,0.0,0.0,-0.045908646628374676
953,3,0.0,0.0,0.0,0.0,0.0
953,4,0.0,0.0,0.0,0.0,0.0
954,0,0.0,-0.07003928289663984,0.0,0.0,-10.187143064406477
954,1,0.0,0.0,0.0,0.0,-1.6989473590803457
954,2,0.0,0.0,0.0,0.0,-0.045908646628374676
954,3,0.0,0.0,0.0,0.0,0.0
954,4,0.0,0.0,0.0,0.0,0.0
955,0,0.0,-0.07003928289663984,0.0,0.0,-10.20450179181409
955,1,0.0,0.0,0.0,0.0,-1.6989473590803457
955,2,0.0,0.0,0.0,0.0,-0.045908646628374676
955,3,0.0,0.0,0.0,0.0,0.0
955,4,0.0,0.0,0.0,0.0,0.0
956,0,0.0,-0.07003928289663984,0.0,0.0,-10.200624610091127
956,1,0.0,0.0,0.0,0.0,-1.6989473590803457
956,2,0.0,0.0,0.0,0.0,-0.045908646628374676
956,3,0.0,0.0,0.0,0.0,0.0
956,4,0.0,0.0,0.0,0.0,0.0
957,0,0.0,-0.07003928289663984,0.0,0.0,-10.206497661653776
957,1,0.0,0.0,0.0,0.0,-1.6989473590803457
957,2,0.0,0.0,0.0,0.0,-0.045908646628374676
957,3,0.0,0.0,0.0,0.0,0.0
957,4,0.0,0.0,0.0,0.0,0.0
958,0,0.0,-0.07003928289663984,0.0,0.0,-10.209077106213726
958,1,0.0,0.0,0.0,0.0,-1.6989473590803457
958,2,0.0,0.0,0.0,0.0,-0.045908646628374676
958,3,0.0,0.0,0.0,0.0,0.0
958,4,0.0,0.0,0.0,0.0,0.0
959,0,0.0,-0.07003928289663984,0.0,0.0,-10.230413779801605
959,1,0.0,0.0,0.0,0.0,-1.6989473590803457
959,2,0.0,0.0,0.0,0.0,-0.045908646628374676
959,3,0.0,0.0,0.0,0.0,0.0
959,4,0.0,0.0,0.0,0.0,0.0
960,0,0.0,-0.07003928289663984,0.0,0.0,-10.246558231414076
960,1,0.0,0.0,0.0,0.0,-1.6989473590803457
960,2,0.0,0.0,0.0,0.0,-0.045908646628374676
960,3,0.0,0.0,0.0,0.0,0.0
960,4,0.0,0.0,0.0,0.0,0.0
961,0,0.0,-0.07003928289663984,0.0,0.0,-10.253908765055302
961,1,0.0,0.0,0.0,0.0,-1.6989473590803457
961,2,0.0,0.0,0.0,0.0,-0.045908646628374676
961,3,0.0,0.0,0.0,0.0,0.0
961,4,0.0,0.0,0.0,0.0,0.0
962,0,0.0,-0.07003928289663984,0.0,0.0,-10.262002894272875
962,1,0.0,0.0,0.0,0.0,-1.6989473590803457
962,2,0.0,0.0,0.0,0.0,-0.045908646628374676
962,3,0.0,0.0,0.0,0.0,0.0
962,4,0.0,0.0,0.0,0.0,0.0
963,0,0.0,-0.07003928289663984,0.0,0.0,-10.273418987178168
963,1,0.0,0.0,0.0,0.0,-1.6989473590803457
963,2,0.0,0.0,0.0,0.0,-0.045908646628374676
963,3,0.0,0.0,0.0,0.0,0.0
963,4,0.0,0.0,0.0,0.0,0.0
964,0,0.0,-0.07003928289663984,0.0,0.0,-10.271769832300599
964,1,0.0,0.0,0.0,0.0,-1.6989473590803457
964,2,0.0,0.0,0.0,0.0,-0.045908646628374676
964,3,0.0,0.0,0.0,0.0,0.0
964,4,0.0,0.0,0.0,0.0,0.0
965,0,0.0,-0.07003928289663984,0.0,0.0,-10.273049367864996
965,1,0.0,0.0,0.0,0.0,-1.6989473590803457
965,2,0.0,0.0,0.0,0.0,-0.045908646628374676
965,3,0.0,0.0,0.0,0.0,0.0
965,4,0.0,0.0,0.0,0.0,0.0
966,0,0.0,-0.07003928289663984,0.0,0.0,-10.271263212449913
966,1,0.0,0.0,0.0,0.0,-1.6989473590803457
966,2,0.0,0.0,0.0,0.0,-0.045908646628374676
966,3,0.0,0.0,0.0,0.0,0.0
966,4,0.0,0.0,0.0,0.0,0.0
967,0,0.0,-0.07003928289663984,0.0,0.0,-10.275138623172811
967,1,0.0,0.0,0.0,0.0,-1.6989473590803457
967,2,0.0,0.0,0.0,0.0,-0.045908646628374676
967,3,0.0,0.0,0.0,0.0,0.0
967,4,0.0,0.0,0.0,0.0,0.0
968,0,0.0,-0.07003928289663984,0.0,0.0,-10.273646857518148
968,1,0.0,0.0,0.0,0.0,-1.6989473590803457
968,2,0.0,0.0,0.0,0.0,-0.045908646628374676
968,3,0.0,0.0,0.0,0.0,0.0
968,4,0.0,0.0,0.0,0.0,0.0
969,0,0.0,-0.07003928289663984,0.0,0.0,-10.277354412106632
969,1,0.0,0.0,0.0,0.0,-1.6989473590803457
969,2,0.0,0.0,0.0,0.0,-0.045908646628374676
969,3,0.0,0.0,0.0,0.0,0.0
969,4,0.0,0.0,0.0,0.0,0.0
970,0,0.0,-0.07003928289663984,0.0,0.0,-10.296479119814716
970,1,0.0,0.0,0.0,0.0,-1.6989473590803457
970,2,0.0,0.0,0.0,0.0,-0.045908646628374676
970,3,0.0,0.0,0.0,0.0,0.0
970,4,0.0,0.0,0.0,0.0,0.0
971,0,0.0,-0.07003928289663984,0.0,0.0,-10.299313514802485
971,1,0.0,0.0,0.0,0.0,-1.6989473590803457
971,2,0.0,0.0,0.0,0.0,-0.045908646628374676
971,3,0.0,0.0,0.0,0.0,0.0
971,4,0.0,0.0,0.0,0.0,0.0
972,0,0.0,-0.07003928289663984,0.0,0.0,-10.299734552743125
972,1,0.0,0.0,0.0,0.0,-1.6989473590803457
972,2,0.0,0.0,0.0,0.0,-0.045908646628374676
972,3,0.0,0.0,0.0,0.0,0.0
972,4,0.0,0.0,0.0,0.0,0.0
973,0,0.0,-0.07003928289663984,0.0,0.0,-10.319993065405773
973,1,0.0,0.0,0.0,0.0,-1.6989473590803457
973,2,0.0,0.0,0.0,0.0,-0.045908646628374676
973,3,0.0,0.0,0.0,0.0,0.0
973,4,0.0,0.0,0.0,0.0,0.0
974,0,0.0,-0.07003928289663984,0.0,0.0,-10.324152372656163
974,1,0.0,0.0,0.0,0.0,-1.6989473590803457
974,2,0.0,0.0,0.0,0.0,-0.045908646628374676
974,3,0.0,0.0,0.0,0.0,0.0
974,4,0.0,0.0,0.0,0.0,0.0
975,0,0.0,-0.07003928289663984,0.0,0.0,-10.327582023892196
975,1,0.0,0.0,0.0,0.0,-1.6989473590803457
975,2,0.0,0.0,0.0,0.0,-0.045908646628374676
975,3,0.0,0.0,0.0,0.0,0.0
975,4,0.0,0.0,0.0,0.0,0.0
976,0,0.0,-0.07003928289663984,0.0,0.0,-10.319366986596174
976,1,0.0,0.0,0.0,0.0,-1.6989473590803457
976,2,0.0,0.0,0.0,0.0,-0.045908646628374676
976,3,0.0,0.0,0.0,0.0,0.0
976,4,0.0,0.0,0.0,0.0,0.0
977,0,0.0,-0.07003928289663984,0.0,0.0,-10.322555922205163
977,1,0.0,0.0,0.0,0.0,-1.6989473590803457
977,2,0.0,0.0,0.0,0.0,-0.045908646628374676
977,3,0.0,0.0,0.0,0.0,0.0
977,4,0.0,0.0,0.0,0.0,0.0
978,0,0.0,-0.07003928289663984,0.0,0.0,-10.32372323639809
978,1,0.0,0.0,0.0,0.0,-1.6989473590803457
978,2,0.0,0.0,0.0,0.0,-0.045908646628374676
978,3,0.0,0.0,0.0,0.0,0.0
978,4,0.0,0.0,0.0,0.0,0.0
979,0,0.0,-0.07003928289663984,0.0,0.0,-10.316544355350075
979,1,0.0,0.0,0.0,0.0,-1.6989473590803457
979,2,0.0,0.0,0.0,0.0,-0.045908646628374676
979,3,0.0,0.0,0.0,0.0,0.0
979,4,0.0,0.0,0.0,0.0,0.0
980,0,0.0,-0.07003928289663984,0.0,0.0,-10.321715675854191
980,1,0.0,0.0,0.0,0.0,-1.6989473590803457
980,2,0.0,0.0,0.0,0.0,-0.045908646628374676
980,3,0.0,0.0,0.0,0.0,0.0
980,4,0.0,0.0,0.0,0.0,0.0
981,0,0.0,-0.07003928289663984,0.0,0.0,-10.320595252362644
981,1,0.0,0.0,0.0,0.0,-1.6989473590803457
981,2,0.0,0.0,0.0,0.0,-0.045908646628374676
981,3,0.0,0.0,0.0,0.0,0.0
981,4,0.0,0.0,0.0,0.0,0.0
982,0,0.0,-0.07003928289663984,0.0,0.0,-10.314530587651157
982,1,0.0,0.0,0.0,0.0,-1.6989473590803457
982,2,0.0,0.0,0.0,0.0,-0.045908646628374676
982,3,0.0,0.0,0.0,0.0,0.0
982,4,0.0,0.0,0.0,0.0,0.0
983,0,0.0,-0.07003928289663984,0.0,0.0,-10.317356072232661
983,1,0.0,0.0,0.0,0.0,-1.6989473590803457
983,2,0.0,0.0,0.0,0.0,-0.045908646628374676
983,3,0.0,0.0,0.0,0.0,0.0
983,4,0.0,0.0,0.0,0.0,0.0
984,0,0.0,-0.07003928289663984,0.0,0.0,-10.31959503480616
984,1,0.0,0.0,0.0,0.0,-1.6989473590803457
984,2,0.0,0.0,0.0,0.0,-0.045908646628374676
984,3,0.0,0.0,0.0,0.0,0.0
984,4,0.0,0.0,0.0,0.0,0.0
985,0,0.0,-0.07003928289663984,0.0,0.0,-10.32102414590147
985,1,0.0,0.0,0.0,0.0,-1.6989473590803457
985,2,0.0,0.0,0.0,0.0,-0.045908646628374676
985,3,0.0,0.0,0.0,0.0,0.0
985,4,0.0,0.0,0.0,0.0,0.0
986,0,0.0,-0.07003928289663984,0.0,0.0,-10.31866624029422
986,1,0.0,0.0,0.0,0.0,-1.6989473590803457
986,2,0.0,0.0,0.0,0.0,-0.045908646628374676
986,3,0.0,0.0,0.0,0.0,0.0
986,4,0.0,0.0,0.0,0.0,0.0
987,0,0.0,-0.07003928289663984,0.0,0.0,-10.31395810081672
987,1,0.0,0.0,0.0,0.0,-1.6989473590803457
987,2,0.0,0.0,0.0,0.0,-0.045908646628374676
987,3,0.0,0.0,0.0,0.0,0.0
987,4,0.0,0.0,0.0,0.0,0.0
988,0,0.0,-0.07003928289663984,0.0,0.0,-10.31611198146367
988,1,0.0,0.0,0.0,0.0,-1.6989473590803457
988,2,0.0,0.0,0.0,0.0,-0.045908646628374676
988,3,0.0,0.0,0.0,0.0,0.0
988,4,0.0,0.0,0.0,0.0,0.0
989,0,0.0,-0.07003928289663984,0.0,0.0,-10.316240431620539
989,1,0.0,0.0,0.0,0.0,-1.6989473590803457
989,2,0.0,0.0,0.0,0.0,-0.045908646628374676
989,3,0.0,0.0,0.0,0.0,0.0
989,4,0.0,0.0,0.0,0.0,0.0
990,0,0.0,-0.07003928289663984,0.0,0.0,-10.31323479732208
990,1,0.0,0.0,0.0,0.0,-1.6989473590803457
990,2,0.0,0.0,0.0,0.0,-0.045908646628374676
990,3,0.0,0.0,0.0,0.0,0.0
990,4,0.0,0.0,0.0,0.0,0.0
991,0,0.0,-0.07003928289663984,0.0,0.0,-10.31317610369892
991,1,0.0,0.0,0.0,0.0,-1.6989473590803457
991,2,0.0,0.0,0.0,0.0,-0.045908646628374676
991,3,0.0,0.0,0.0,0.0,0.0
991,4,0.0,0.0,0.0,0.0,0.0
992,0,0.0,-0.07003928289663984,0.0,0.0,-10.319766641049803
992,1,0.0,0.0,0.0,0.0,-1.6989473590803457
992,2,0.0,0.0,0.0,0.0,-0.045908646628374676
992,3,0.0,0.0,0.0,0.0,0.0
992,4,0.0,0.0,0.0,0.0,0.0
993,0,0.0,-0.07003928289663984,0.0,0.0,-10.330941008132902
993,1,0.0,0.0,0.0,0.0,-1.6989473590803457
993,2,0.0,0.0,0.0,0.0,-0.045908646628374676
993,3,0.0,0.0,0.0,0.0,0.0
993,4,0.0,0.0,0.0,0.0,0.0
994,0,0.0,-0.07003928289663984,0.0,0.0,-10.33164072088544
994,1,0.0,0.0,0.0,0.0,-1.6989473590803457
994,2,0.0,0.0,0.0,0.0,-0.045908646628374676
994,3,0.0,0.0,0.0,0.0,0.0
994,4,0.0,0.0,0.0,0.0,0.0
995,0,0.0,-0.07003928289663984,0.0,0.0,-10.338494922993013
995,1,0.0,0.0,0.0,0.0,-1.6989473590803457
995,2,0.0,0.0,0.0,0.0,-0.045908646628374676
995,3,0.0,0.0,0.0,0.0,0.0
995,4,0.0,0.0,0.0,0.0,0.0
996,0,0.0,-0.07003928289663984,0.0,0.0,-10.336118711547964
996,1,0.0,0.0,0.0,0.0,-1.6989473590803457
996,2,0.0,0.0,0.0,0.0,-0.045908646628374676
996,3,0.0,0.0,0.0,0.0,0.0
996,4,0.0,0.0,0.0,0.0,0.0
997,0,0.0,-0.07295397174630144,0.0,0.0,-10.336118711547964
997,1,0.0,0.0,0.0,0.0,-1.7284657453444519
997,2,0.0,0.0,0.0,0.0,-0.045908646628374676
997,3,0.0,0.0,0.0,0.0,0.0
997,4,0.0,0.0,0.0,0.0,0.0
998,0,0.0,-0.07295397174630144,0.0,0.0,-10.338485807272068
998,1,0.0,0.0,0.0,0.0,-1.7284657453444519
998,2,0.0,0.0,0.0,0.0,-0.045908646628374676
998,3,0.0,0.0,0.0,0.0,0.0
998,4,0.0,0.0,0.0,0.0,0.0
999,0,0.0,-0.07295397174630144,0.0,0.0,-10.338151956066914
999,1,0.0,0.0,0.0,0.0,-1.7284657453444519
999,2,0.0,0.0,0.0,0.0,-0.045908646628374676
999,3,0.0,0.0,0.0,0.0,0.0
999,4,0.0,0.0,0.0,0.0,0.0
1000,0,0.0,-0.07295397174630144,0.0,0.0,-10.338738824797556
1000,1,0.0,0.0,0.0,0.0,-1.7284657453444519
1000,2,0.0,0.0,0.0,0.0,-0.045908646628374676
1000,3,0.0,0.0,0.0,0.0,0.0
1000,4,0.0,0.0,0.0,0.0,0.0
