1,0,0.0,0.0,0.0,0.0,0.0
1,1,0.0,0.0,0.0,0.0,0.0
1,2,0.0,0.0,0.0,0.0,-0.02140601074208907
1,3,0.0,0.0,0.0,0.0,0.0
1,4,0.0,0.0,0.0,0.0,0.0
2,0,0.0,0.0,0.0,0.0,0.0
2,1,0.0,0.0,-7.63622089124082e-07,0.0,0.0
2,2,0.0,0.0,0.0,0.0,-0.05316759603838185
2,3,0.0,0.0,0.0,0.0,0.0
2,4,0.0,0.0,0.0,0.0,0.0
3,0,0.0,-9.717710790828147e-16,0.0,0.0,0.0
3,1,0.0,0.0,-5.472776495973604e-06,0.0,0.0
3,2,0.0,0.0,0.0,0.0,-0.09982973467646165
3,3,0.0,0.0,0.0,0.0,0.0
3,4,0.0,0.0,0.0,0.0,0.0
4,0,0.0,-5.088546877749901e-14,0.0,0.0,0.0
4,1,0.0,0.0,-5.472776495973604e-06,0.0,-0.02424190112405926
4,2,0.0,0.0,0.0,0.0,-0.09982973467646165
4,3,0.0,0.0,0.0,0.0,0.0
4,4,0.0,0.0,0.0,0.0,0.0
5,0,0.0,-9.793555260896819e-07,0.0,0.0,0.0
5,1,0.0,0.0,-5.472776495973604e-06,0.0,-0.04462614370216398
5,2,0.0,0.0,0.0,0.0,-0.09982973467646165
5,3,0.0,0.0,0.0,0.0,0.0
5,4,0.0,0.0,0.0,0.0,0.0
6,0,0.0,-4.296544180833211e-06,0.0,0.0,0.0
6,1,0.0,0.0,-5.472776495973604e-06,0.0,-0.07658714252831603
6,2,0.0,0.0,0.0,0.0,-0.09982973467646165
6,3,0.0,0.0,0.0,0.0,0.0
6,4,0.0,0.0,0.0,0.0,0.0
7,0,0.0,-1.4063183306203306e-05,0.0,0.0,0.0
7,1,0.0,0.0,-5.472776495973604e-06,0.0,-0.09341706334722527
7,2,0.0,0.0,0.0,0.0,-0.09982973467646165
7,3,0.0,0.0,0.0,0.0,0.0
7,4,0.0,0.0,0.0,0.0,0.0
8,0,0.0,-2.8583189260352098e-05,0.0,0.0,0.0
8,1,0.0,0.0,-5.472776495973604e-06,0.0,-0.11410701060383596
8,2,0.0,0.0,0.0,0.0,-0.09982973467646165
8,3,0.0,0.0,0.0,0.0,0.0
8,4,0.0,0.0,0.0,0.0,0.0
9,0,0.0,-5.023327395933502e-05,0.0,0.0,0.0
9,1,0.0,0.0,-5.472776495973604e-06,0.0,-0.14211981294453618
9,2,0.0,0.0,0.0,0.0,-0.09982973467646165
9,3,0.0,0.0,0.0,0.0,0.0
9,4,0.0,0.0,0.0,0.0,0.0
10,0,0.0,-8.3800471206823e-05,0.0,0.0,0.0
10,1,0.0,0.0,-5.472776495973604e-06,0.0,-0.19757452969902145
10,2,0.0,0.0,0.0,0.0,-0.09982973467646165
10,3,0.0,0.0,0.0,0.0,0.0
10,4,0.0,0.0,0.0,0.0,0.0
11,0,0.0,-0.00014866376634657398,0.0,0.0,0.0
11,1,0.0,0.0,-2.206899933642602e-05,0.0,-0.19757452969902145
11,2,0.0,0.0,0.0,0.0,-0.1269469488993102
11,3,0.0,0.0,0.0,0.0,0.0
11,4,0.0,0.0,0.0,0.0,0.0
12,0,0.0,-0.00021348439002514562,0.0,0.0,0.0
12,1,0.0,0.0,-4.888565144979353e-05,0.0,-0.19757452969902145
12,2,0.0,0.0,0.0,0.0,-0.1532609891136671
12,3,0.0,0.0,0.0,0.0,0.0
12,4,0.0,0.0,0.0,0.0,0.0
13,0,0.0,-0.0002782623948215167,0.0,0.0,0.0
13,1,0.0,0.0,-4.888565144979353e-05,0.0,-0.23656766433604848
13,2,0.0,0.0,0.0,0.0,-0.1532609891136671
13,3,0.0,0.0,0.0,0.0,0.0
13,4,0.0,0.0,0.0,0.0,0.0
14,0,0.0,-0.00037108250458931067,0.0,0.0,0.0
14,1,0.0,0.0,-4.888565144979353e-05,0.0,-0.2619024391813134
14,2,0.0,0.0,0.0,0.0,-0.1532609891136671
14,3,0.0,0.0,0.0,0.0,0.0
14,4,0.0,0.0,0.0,0.0,0.0
15,0,0.0,-0.00048473504610713355,0.0,0.0,0.0
15,1,0.0,0.0,-4.888565144979353e-05,0.0,-0.2993180565902768
15,2,0.0,0.0,0.0,0.0,-0.1532609891136671
15,3,0.0,0.0,0.0,0.0,0.0
15,4,0.0,0.0,0.0,0.0,0.0
16,0,0.0,-0.0006330673799508596,0.0,0.0,0.0
16,1,0.0,0.0,-4.888565144979353e-05,0.0,-0.33395766176613706
16,2,0.0,0.0,0.0,0.0,-0.1532609891136671
16,3,0.0,0.0,0.0,0.0,0.0
16,4,0.0,0.0,0.0,0.0,0.0
17,0,0.0,-0.0008175435123202277,0.0,0.0,0.0
17,1,0.0,0.0,-4.888565144979353e-05,0.0,-0.36516744636285686
17,2,0.0,0.0,0.0,0.0,-0.1532609891136671
17,3,0.0,0.0,0.0,0.0,0.0
17,4,0.0,0.0,0.0,0.0,0.0
18,0,0.0,-0.0010378630020978848,0.0,0.0,0.0
18,1,0.0,0.0,-4.888565144979353e-05,0.0,-0.3912768633460009
18,2,0.0,0.0,0.0,0.0,-0.1532609891136671
18,3,0.0,0.0,0.0,0.0,0.0
18,4,0.0,0.0,0.0,0.0,0.0
19,0,0.0,-0.001290480504055466,0.0,0.0,0.0
19,1,0.0,0.0,-4.888565144979353e-05,0.0,-0.42288046266020474
19,2,0.0,0.0,0.0,0.0,-0.1532609891136671
19,3,0.0,0.0,0.0,0.0,0.0
19,4,0.0,0.0,0.0,0.0,0.0
20,0,0.0,-0.0015851958377177378,0.0,0.0,0.0
20,1,0.0,0.0,-4.888565144979353e-05,0.0,-0.441799137641664
20,2,0.0,0.0,0.0,0.0,-0.1532609891136671
20,3,0.0,0.0,0.0,0.0,0.0
20,4,0.0,0.0,0.0,0.0,0.0
21,0,0.0,-0.0019063418407635174,0.0,0.0,0.0
21,1,0.0,0.0,-4.888565144979353e-05,0.0,-0.4613462985878353
21,2,0.0,0.0,0.0,0.0,-0.1532609891136671
21,3,0.0,0.0,0.0,0.0,0.0
21,4,0.0,0.0,0.0,0.0,0.0
22,0,0.0,-0.0022559608909374245,0.0,0.0,0.0
22,1,0.0,0.0,-8.794132789808132e-05,0.0,-0.4613462985878353
22,2,0.0,0.0,0.0,0.0,-0.17408718440582663
22,3,0.0,0.0,0.0,0.0,0.0
22,4,0.0,0.0,0.0,0.0,0.0
23,0,0.0,-0.0026050465277478157,0.0,0.0,0.0
23,1,0.0,0.0,-8.794132789808132e-05,0.0,-0.4940347475538129
23,2,0.0,0.0,0.0,0.0,-0.17408718440582663
23,3,0.0,0.0,0.0,0.0,0.0
23,4,0.0,0.0,0.0,0.0,0.0
24,0,0.0,-0.0030049027022626003,0.0,0.0,0.0
24,1,0.0,0.0,-8.794132789808132e-05,0.0,-0.5296629664307267
24,2,0.0,0.0,0.0,0.0,-0.17408718440582663
24,3,0.0,0.0,0.0,0.0,0.0
24,4,0.0,0.0,0.0,0.0,0.0
25,0,0.0,-0.003463965639162551,0.0,0.0,0.0
25,1,0.0,0.0,-8.794132789808132e-05,0.0,-0.5634768647700391
25,2,0.0,0.0,0.0,0.0,-0.17408718440582663
25,3,0.0,0.0,0.0,0.0,0.0
25,4,0.0,0.0,0.0,0.0,0.0
26,0,0.0,-0.003982397699635171,0.0,0.0,0.0
26,1,0.0,0.0,-8.794132789808132e-05,0.0,-0.6041541105525873
26,2,0.0,0.0,0.0,0.0,-0.17408718440582663
26,3,0.0,0.0,0.0,0.0,0.0
26,4,0.0,0.0,0.0,0.0,0.0
27,0,0.0,-0.004575911615454555,0.0,0.0,0.0
27,1,0.0,0.0,-8.794132789808132e-05,0.0,-0.637392951240489
27,2,0.0,0.0,0.0,0.0,-0.17408718440582663
27,3,0.0,0.0,0.0,0.0,0.0
27,4,0.0,0.0,0.0,0.0,0.0
28,0,0.0,-0.005232728456056908,0.0,0.0,0.0
28,1,0.0,0.0,-8.794132789808132e-05,0.0,-0.6666487571868093
28,2,0.0,0.0,0.0,0.0,-0.17408718440582663
28,3,0.0,0.0,0.0,0.0,0.0
28,4,0.0,0.0,0.0,0.0,0.0
29,0,0.0,-0.005232728456056908,0.0,0.0,-0.019827019160116782
29,1,0.0,0.0,-8.794132789808132e-05,0.0,-0.6666487571868093
29,2,0.0,0.0,0.0,0.0,-0.17408718440582663
29,3,0.0,0.0,0.0,0.0,0.0
29,4,0.0,0.0,0.0,0.0,0.0
30,0,0.0,-0.005232728456056908,0.0,0.0,-0.04412902121178662
30,1,0.0,0.0,-8.794132789808132e-05,0.0,-0.6666487571868093
30,2,0.0,0.0,0.0,0.0,-0.17408718440582663
30,3,0.0,0.0,0.0,0.0,0.0
30,4,0.0,0.0,0.0,0.0,0.0
31,0,0.0,-0.005232728456056908,0.0,0.0,-0.08637300374213701
31,1,0.0,0.0,-8.794132789808132e-05,0.0,-0.6666487571868093
31,2,0.0,0.0,0.0,0.0,-0.17408718440582663
31,3,0.0,0.0,0.0,0.0,0.0
31,4,0.0,0.0,0.0,0.0,0.0
32,0,0.0,-0.005232728456056908,0.0,0.0,-0.12343312877581722
32,1,0.0,0.0,-8.794132789808132e-05,0.0,-0.6666487571868093
32,2,0.0,0.0,0.0,0.0,-0.17408718440582663
32,3,0.0,0.0,0.0,0.0,0.0
32,4,0.0,0.0,0.0,0.0,0.0
33,0,0.0,-0.005232728456056908,0.0,0.0,-0.13835564344043225
33,1,0.0,0.0,-8.794132789808132e-05,0.0,-0.6666487571868093
33,2,0.0,0.0,0.0,0.0,-0.17408718440582663
33,3,0.0,0.0,0.0,0.0,0.0
33,4,0.0,0.0,0.0,0.0,0.0
34,0,0.0,-0.005232728456056908,0.0,0.0,-0.1790133064460983
34,1,0.0,0.0,-8.794132789808132e-05,0.0,-0.6666487571868093
34,2,0.0,0.0,0.0,0.0,-0.17408718440582663
34,3,0.0,0.0,0.0,0.0,0.0
34,4,0.0,0.0,0.0,0.0,0.0
35,0,0.0,-0.005232728456056908,0.0,0.0,-0.20767618478115055
35,1,0.0,0.0,-8.794132789808132e-05,0.0,-0.6666487571868093
35,2,0.0,0.0,0.0,0.0,-0.17408718440582663
35,3,0.0,0.0,0.0,0.0,0.0
35,4,0.0,0.0,0.0,0.0,0.0
36,0,0.0,-0.005232728456056908,0.0,0.0,-0.24597236155936017
36,1,0.0,0.0,-8.794132789808132e-05,0.0,-0.6666487571868093
36,2,0.0,0.0,0.0,0.0,-0.17408718440582663
36,3,0.0,0.0,0.0,0.0,0.0
36,4,0.0,0.0,0.0,0.0,0.0
37,0,0.0,-0.005232728456056908,0.0,0.0,-0.2819535340430409
37,1,0.0,0.0,-8.794132789808132e-05,0.0,-0.6666487571868093
37,2,0.0,0.0,0.0,0.0,-0.17408718440582663
37,3,0.0,0.0,0.0,0.0,0.0
37,4,0.0,0.0,0.0,0.0,0.0
38,0,0.0,-0.005232728456056908,0.0,0.0,-0.31252476332913826
38,1,0.0,0.0,-8.794132789808132e-05,0.0,-0.6666487571868093
38,2,0.0,0.0,0.0,0.0,-0.17408718440582663
38,3,0.0,0.0,0.0,0.0,0.0
38,4,0.0,0.0,0.0,0.0,0.0
39,0,0.0,-0.005232728456056908,0.0,0.0,-0.33395438474277056
39,1,0.0,0.0,-8.794132789808132e-05,0.0,-0.6666487571868093
39,2,0.0,0.0,0.0,0.0,-0.17408718440582663
39,3,0.0,0.0,0.0,0.0,0.0
39,4,0.0,0.0,0.0,0.0,0.0
40,0,0.0,-0.005232728456056908,0.0,0.0,-0.3575933029074479
40,1,0.0,0.0,-8.794132789808132e-05,0.0,-0.6666487571868093
40,2,0.0,0.0,0.0,0.0,-0.17408718440582663
40,3,0.0,0.0,0.0,0.0,0.0
40,4,0.0,0.0,0.0,0.0,0.0
41,0,0.0,-0.005946402824836519,0.0,0.0,-0.3575933029074479
41,1,0.0,0.0,-8.794132789808132e-05,0.0,-0.7022781247993398
41,2,0.0,0.0,0.0,0.0,-0.17408718440582663
41,3,0.0,0.0,0.0,0.0,0.0
41,4,0.0,0.0,0.0,0.0,0.0
42,0,0.0,-0.005946402824836519,0.0,0.0,-0.37923019035519684
42,1,0.0,0.0,-8.794132789808132e-05,0.0,-0.7022781247993398
42,2,0.0,0.0,0.0,0.0,-0.17408718440582663
42,3,0.0,0.0,0.0,0.0,0.0
42,4,0.0,0.0,0.0,0.0,0.0
43,0,0.0,-0.005946402824836519,0.0,0.0,-0.4111446822201899
43,1,0.0,0.0,-8.794132789808132e-05,0.0,-0.7022781247993398
43,2,0.0,0.0,0.0,0.0,-0.17408718440582663
43,3,0.0,0.0,0.0,0.0,0.0
43,4,0.0,0.0,0.0,0.0,0.0
44,0,0.0,-0.006731184264910696,0.0,0.0,-0.4111446822201899
44,1,0.0,0.0,-0.0001382868965565141,0.0,-0.7022781247993398
44,2,0.0,0.0,0.0,0.0,-0.20699921593618983
44,3,0.0,0.0,0.0,0.0,0.0
44,4,0.0,0.0,0.0,0.0,0.0
45,0,0.0,-0.006731184264910696,0.0,0.0,-0.44079744042095464
45,1,0.0,0.0,-0.0001382868965565141,0.0,-0.7022781247993398
45,2,0.0,0.0,0.0,0.0,-0.20699921593618983
45,3,0.0,0.0,0.0,0.0,0.0
45,4,0.0,0.0,0.0,0.0,0.0
46,0,0.0,-0.006731184264910696,0.0,0.0,-0.46572623068620816
46,1,0.0,0.0,-0.0001382868965565141,0.0,-0.7022781247993398
46,2,0.0,0.0,0.0,0.0,-0.20699921593618983
46,3,0.0,0.0,0.0,0.0,0.0
46,4,0.0,0.0,0.0,0.0,0.0
47,0,0.0,-0.006731184264910696,0.0,0.0,-0.4928414746189068
47,1,0.0,0.0,-0.0001382868965565141,0.0,-0.7022781247993398
47,2,0.0,0.0,0.0,0.0,-0.20699921593618983
47,3,0.0,0.0,0.0,0.0,0.0
47,4,0.0,0.0,0.0,0.0,0.0
48,0,0.0,-0.006731184264910696,0.0,0.0,-0.5293331786101189
48,1,0.0,0.0,-0.0001382868965565141,0.0,-0.7022781247993398
48,2,0.0,0.0,0.0,0.0,-0.20699921593618983
48,3,0.0,0.0,0.0,0.0,0.0
48,4,0.0,0.0,0.0,0.0,0.0
49,0,0.0,-0.006731184264910696,0.0,0.0,-0.5458595832893105
49,1,0.0,0.0,-0.0001382868965565141,0.0,-0.7022781247993398
49,2,0.0,0.0,0.0,0.0,-0.20699921593618983
49,3,0.0,0.0,0.0,0.0,0.0
49,4,0.0,0.0,0.0,0.0,0.0
50,0,0.0,-0.006731184264910696,0.0,0.0,-0.5689331623998964
50,1,0.0,0.0,-0.0001382868965565141,0.0,-0.7022781247993398
50,2,0.0,0.0,0.0,0.0,-0.20699921593618983
50,3,0.0,0.0,0.0,0.0,0.0
50,4,0.0,0.0,0.0,0.0,0.0
51,0,0.0,-0.006731184264910696,0.0,0.0,-0.5958309869202759
51,1,0.0,0.0,-0.0001382868965565141,0.0,-0.7022781247993398
51,2,0.0,0.0,0.0,0.0,-0.20699921593618983
51,3,0.0,0.0,0.0,0.0,0.0
51,4,0.0,0.0,0.0,0.0,0.0
52,0,0.0,-0.006731184264910696,0.0,0.0,-0.620783140202733
52,1,0.0,0.0,-0.0001382868965565141,0.0,-0.7022781247993398
52,2,0.0,0.0,0.0,0.0,-0.20699921593618983
52,3,0.0,0.0,0.0,0.0,0.0
52,4,0.0,0.0,0.0,0.0,0.0
53,0,0.0,-0.006731184264910696,0.0,0.0,-0.6585852094046236
53,1,0.0,0.0,-0.0001382868965565141,0.0,-0.7022781247993398
53,2,0.0,0.0,0.0,0.0,-0.20699921593618983
53,3,0.0,0.0,0.0,0.0,0.0
53,4,0.0,0.0,0.0,0.0,0.0
54,0,0.0,-0.007514293051020664,0.0,0.0,-0.6585852094046236
54,1,0.0,0.0,-0.0001382868965565141,0.0,-0.7277861597026278
54,2,0.0,0.0,0.0,0.0,-0.20699921593618983
54,3,0.0,0.0,0.0,0.0,0.0
54,4,0.0,0.0,0.0,0.0,0.0
55,0,0.0,-0.007514293051020664,0.0,0.0,-0.6965329109672675
55,1,0.0,0.0,-0.0001382868965565141,0.0,-0.7277861597026278
55,2,0.0,0.0,0.0,0.0,-0.20699921593618983
55,3,0.0,0.0,0.0,0.0,0.0
55,4,0.0,0.0,0.0,0.0,0.0
56,0,0.0,-0.007514293051020664,0.0,0.0,-0.731064076280663
56,1,0.0,0.0,-0.0001382868965565141,0.0,-0.7277861597026278
56,2,0.0,0.0,0.0,0.0,-0.20699921593618983
56,3,0.0,0.0,0.0,0.0,0.0
56,4,0.0,0.0,0.0,0.0,0.0
57,0,0.0,-0.007514293051020664,0.0,0.0,-0.7647019609013359
57,1,0.0,0.0,-0.0001382868965565141,0.0,-0.7277861597026278
57,2,0.0,0.0,0.0,0.0,-0.20699921593618983
57,3,0.0,0.0,0.0,0.0,0.0
57,4,0.0,0.0,0.0,0.0,0.0
58,0,0.0,-0.007514293051020664,0.0,0.0,-0.7802938237335786
58,1,0.0,0.0,-0.0001382868965565141,0.0,-0.7277861597026278
58,2,0.0,0.0,0.0,0.0,-0.20699921593618983
58,3,0.0,0.0,0.0,0.0,0.0
58,4,0.0,0.0,0.0,0.0,0.0
59,0,0.0,-0.007514293051020664,0.0,0.0,-0.8242333706439503
59,1,0.0,0.0,-0.0001382868965565141,0.0,-0.7277861597026278
59,2,0.0,0.0,0.0,0.0,-0.20699921593618983
59,3,0.0,0.0,0.0,0.0,0.0
59,4,0.0,0.0,0.0,0.0,0.0
60,0,0.0,-0.007514293051020664,0.0,0.0,-0.8458919496440794
60,1,0.0,0.0,-0.0001382868965565141,0.0,-0.7277861597026278
60,2,0.0,0.0,0.0,0.0,-0.20699921593618983
60,3,0.0,0.0,0.0,0.0,0.0
60,4,0.0,0.0,0.0,0.0,0.0
61,0,0.0,-0.007514293051020664,0.0,0.0,-0.8680293953900837
61,1,0.0,0.0,-0.0001382868965565141,0.0,-0.7277861597026278
61,2,0.0,0.0,0.0,0.0,-0.20699921593618983
61,3,0.0,0.0,0.0,0.0,0.0
61,4,0.0,0.0,0.0,0.0,0.0
62,0,0.0,-0.007514293051020664,0.0,0.0,-0.9009297279739986
62,1,0.0,0.0,-0.0001382868965565141,0.0,-0.7277861597026278
62,2,0.0,0.0,0.0,0.0,-0.20699921593618983
62,3,0.0,0.0,0.0,0.0,0.0
62,4,0.0,0.0,0.0,0.0,0.0
63,0,0.0,-0.007514293051020664,0.0,0.0,-0.9195991239430089
63,1,0.0,0.0,-0.0001382868965565141,0.0,-0.7277861597026278
63,2,0.0,0.0,0.0,0.0,-0.20699921593618983
63,3,0.0,0.0,0.0,0.0,0.0
63,4,0.0,0.0,0.0,0.0,0.0
64,0,0.0,-0.007514293051020664,0.0,0.0,-0.9538642365250387
64,1,0.0,0.0,-0.0001382868965565141,0.0,-0.7277861597026278
64,2,0.0,0.0,0.0,0.0,-0.20699921593618983
64,3,0.0,0.0,0.0,0.0,0.0
64,4,0.0,0.0,0.0,0.0,0.0
65,0,0.0,-0.007514293051020664,0.0,0.0,-0.9892892300626684
65,1,0.0,0.0,-0.0001382868965565141,0.0,-0.7277861597026278
65,2,0.0,0.0,0.0,0.0,-0.20699921593618983
65,3,0.0,0.0,0.0,0.0,0.0
65,4,0.0,0.0,0.0,0.0,0.0
66,0,0.0,-0.007514293051020664,0.0,0.0,-1.0170700478493577
66,1,0.0,0.0,-0.0001382868965565141,0.0,-0.7277861597026278
66,2,0.0,0.0,0.0,0.0,-0.20699921593618983
66,3,0.0,0.0,0.0,0.0,0.0
66,4,0.0,0.0,0.0,0.0,0.0
67,0,0.0,-0.007514293051020664,0.0,0.0,-1.0519883584609167
67,1,0.0,0.0,-0.0001382868965565141,0.0,-0.7277861597026278
67,2,0.0,0.0,0.0,0.0,-0.20699921593618983
67,3,0.0,0.0,0.0,0.0,0.0
67,4,0.0,0.0,0.0,0.0,0.0
68,0,0.0,-0.007514293051020664,0.0,0.0,-1.0866574371208322
68,1,0.0,0.0,-0.0001382868965565141,0.0,-0.7277861597026278
68,2,0.0,0.0,0.0,0.0,-0.20699921593618983
68,3,0.0,0.0,0.0,0.0,0.0
68,4,0.0,0.0,0.0,0.0,0.0
69,0,0.0,-0.007514293051020664,0.0,0.0,-1.1232074917687702
69,1,0.0,0.0,-0.0001382868965565141,0.0,-0.7277861597026278
69,2,0.0,0.0,0.0,0.0,-0.20699921593618983
69,3,0.0,0.0,0.0,0.0,0.0
69,4,0.0,0.0,0.0,0.0,0.0
70,0,0.0,-0.007514293051020664,0.0,0.0,-1.1563062038206842
70,1,0.0,0.0,-0.0001382868965565141,0.0,-0.7277861597026278
70,2,0.0,0.0,0.0,0.0,-0.20699921593618983
70,3,0.0,0.0,0.0,0.0,0.0
70,4,0.0,0.0,0.0,0.0,0.0
71,0,0.0,-0.007514293051020664,0.0,0.0,-1.1866195422835741
71,1,0.0,0.0,-0.0001382868965565141,0.0,-0.7277861597026278
71,2,0.0,0.0,0.0,0.0,-0.20699921593618983
71,3,0.0,0.0,0.0,0.0,0.0
71,4,0.0,0.0,0.0,0.0,0.0
72,0,0.0,-0.007514293051020664,0.0,0.0,-1.21013220546305
72,1,0.0,0.0,-0.0001382868965565141,0.0,-0.7277861597026278
72,2,0.0,0.0,0.0,0.0,-0.20699921593618983
72,3,0.0,0.0,0.0,0.0,0.0
72,4,0.0,0.0,0.0,0.0,0.0
73,0,0.0,-0.007514293051020664,0.0,0.0,-1.2259852768768211
73,1,0.0,0.0,-0.0001382868965565141,0.0,-0.7277861597026278
73,2,0.0,0.0,0.0,0.0,-0.20699921593618983
73,3,0.0,0.0,0.0,0.0,0.0
73,4,0.0,0.0,0.0,0.0,0.0
74,0,0.0,-0.007514293051020664,0.0,0.0,-1.2426563346107906
74,1,0.0,0.0,-0.0001382868965565141,0.0,-0.7277861597026278
74,2,0.0,0.0,0.0,0.0,-0.20699921593618983
74,3,0.0,0.0,0.0,0.0,0.0
74,4,0.0,0.0,0.0,0.0,0.0
75,0,0.0,-0.007514293051020664,0.0,0.0,-1.2692513559463847
75,1,0.0,0.0,-0.0001382868965565141,0.0,-0.7277861597026278
75,2,0.0,0.0,0.0,0.0,-0.20699921593618983
75,3,0.0,0.0,0.0,0.0,0.0
75,4,0.0,0.0,0.0,0.0,0.0
76,0,0.0,-0.007514293051020664,0.0,0.0,-1.2956995108538063
76,1,0.0,0.0,-0.0001382868965565141,0.0,-0.7277861597026278
76,2,0.0,0.0,0.0,0.0,-0.20699921593618983
76,3,0.0,0.0,0.0,0.0,0.0
76,4,0.0,0.0,0.0,0.0,0.0
77,0,0.0,-0.007514293051020664,0.0,0.0,-1.3215743246278835
77,1,0.0,0.0,-0.0001382868965565141,0.0,-0.7277861597026278
77,2,0.0,0.0,0.0,0.0,-0.20699921593618983
77,3,0.0,0.0,0.0,0.0,0.0
77,4,0.0,0.0,0.0,0.0,0.0
78,0,0.0,-0.007514293051020664,0.0,0.0,-1.3376430951034954
78,1,0.0,0.0,-0.0001382868965565141,0.0,-0.7277861597026278
78,2,0.0,0.0,0.0,0.0,-0.20699921593618983
78,3,0.0,0.0,0.0,0.0,0.0
78,4,0.0,0.0,0.0,0.0,0.0
79,0,0.0,-0.007514293051020664,0.0,0.0,-1.365547295308427
79,1,0.0,0.0,-0.0001382868965565141,0.0,-0.7277861597026278
79,2,0.0,0.0,0.0,0.0,-0.20699921593618983
79,3,0.0,0.0,0.0,0.0,0.0
79,4,0.0,0.0,0.0,0.0,0.0
80,0,0.0,-0.007514293051020664,0.0,0.0,-1.3923932869280615
80,1,0.0,0.0,-0.0001382868965565141,0.0,-0.7277861597026278
80,2,0.0,0.0,0.0,0.0,-0.20699921593618983
80,3,0.0,0.0,0.0,0.0,0.0
80,4,0.0,0.0,0.0,0.0,0.0
81,0,0.0,-0.007514293051020664,0.0,0.0,-1.4178274280657115
81,1,0.0,0.0,-0.0001382868965565141,0.0,-0.7277861597026278
81,2,0.0,0.0,0.0,0.0,-0.20699921593618983
81,3,0.0,0.0,0.0,0.0,0.0
81,4,0.0,0.0,0.0,0.0,0.0
82,0,0.0,-0.007514293051020664,0.0,0.0,-1.4577512599287135
82,1,0.0,0.0,-0.0001382868965565141,0.0,-0.7277861597026278
82,2,0.0,0.0,0.0,0.0,-0.20699921593618983
82,3,0.0,0.0,0.0,0.0,0.0
82,4,0.0,0.0,0.0,0.0,0.0
83,0,0.0,-0.007514293051020664,0.0,0.0,-1.485303206886322
83,1,0.0,0.0,-0.0001382868965565141,0.0,-0.7277861597026278
83,2,0.0,0.0,0.0,0.0,-0.20699921593618983
83,3,0.0,0.0,0.0,0.0,0.0
83,4,0.0,0.0,0.0,0.0,0.0
84,0,0.0,-0.007514293051020664,0.0,0.0,-1.51240705122327
84,1,0.0,0.0,-0.0001382868965565141,0.0,-0.7277861597026278
84,2,0.0,0.0,0.0,0.0,-0.20699921593618983
84,3,0.0,0.0,0.0,0.0,0.0
84,4,0.0,0.0,0.0,0.0,0.0
85,0,0.0,-0.007514293051020664,0.0,0.0,-1.5403959453386689
85,1,0.0,0.0,-0.0001382868965565141,0.0,-0.7277861597026278
85,2,0.0,0.0,0.0,0.0,-0.20699921593618983
85,3,0.0,0.0,0.0,0.0,0.0
85,4,0.0,0.0,0.0,0.0,0.0
86,0,0.0,-0.007514293051020664,0.0,0.0,-1.5727992717554515
86,1,0.0,0.0,-0.0001382868965565141,0.0,-0.7277861597026278
86,2,0.0,0.0,0.0,0.0,-0.20699921593618983
86,3,0.0,0.0,0.0,0.0,0.0
86,4,0.0,0.0,0.0,0.0,0.0
87,0,0.0,-0.007514293051020664,0.0,0.0,-1.5943485428453792
87,1,0.0,0.0,-0.0001382868965565141,0.0,-0.7277861597026278
87,2,0.0,0.0,0.0,0.0,-0.20699921593618983
87,3,0.0,0.0,0.0,0.0,0.0
87,4,0.0,0.0,0.0,0.0,0.0
88,0,0.0,-0.007514293051020664,0.0,0.0,-1.624073455816905
88,1,0.0,0.0,-0.0001382868965565141,0.0,-0.7277861597026278
88,2,0.0,0.0,0.0,0.0,-0.20699921593618983
88,3,0.0,0.0,0.0,0.0,0.0
88,4,0.0,0.0,0.0,0.0,0.0
89,0,0.0,-0.007514293051020664,0.0,0.0,-1.6564003471302127
89,1,0.0,0.0,-0.0001382868965565141,0.0,-0.7277861597026278
89,2,0.0,0.0,0.0,0.0,-0.20699921593618983
89,3,0.0,0.0,0.0,0.0,0.0
89,4,0.0,0.0,0.0,0.0,0.0
90,0,0.0,-0.007514293051020664,0.0,0.0,-1.6802167604695846
90,1,0.0,0.0,-0.0001382868965565141,0.0,-0.7277861597026278
90,2,0.0,0.0,0.0,0.0,-0.20699921593618983
90,3,0.0,0.0,0.0,0.0,0.0
90,4,0.0,0.0,0.0,0.0,0.0
91,0,0.0,-0.008348499291078636,0.0,0.0,-1.6802167604695846
91,1,0.0,0.0,-0.0001382868965565141,0.0,-0.7626773284058009
91,2,0.0,0.0,0.0,0.0,-0.20699921593618983
91,3,0.0,0.0,0.0,0.0,0.0
91,4,0.0,0.0,0.0,0.0,0.0
92,0,0.0,-0.008348499291078636,0.0,0.0,-1.6990653084921532
92,1,0.0,0.0,-0.0001382868965565141,0.0,-0.7626773284058009
92,2,0.0,0.0,0.0,0.0,-0.20699921593618983
92,3,0.0,0.0,0.0,0.0,0.0
92,4,0.0,0.0,0.0,0.0,0.0
93,0,0.0,-0.008348499291078636,0.0,0.0,-1.7260535692081806
93,1,0.0,0.0,-0.0001382868965565141,0.0,-0.7626773284058009
93,2,0.0,0.0,0.0,0.0,-0.20699921593618983
93,3,0.0,0.0,0.0,0.0,0.0
93,4,0.0,0.0,0.0,0.0,0.0
94,0,0.0,-0.008348499291078636,0.0,0.0,-1.751235639024466
94,1,0.0,0.0,-0.0001382868965565141,0.0,-0.7626773284058009
94,2,0.0,0.0,0.0,0.0,-0.20699921593618983
94,3,0.0,0.0,0.0,0.0,0.0
94,4,0.0,0.0,0.0,0.0,0.0
95,0,0.0,-0.008348499291078636,0.0,0.0,-1.7725771778617503
95,1,0.0,0.0,-0.0001382868965565141,0.0,-0.7626773284058009
95,2,0.0,0.0,0.0,0.0,-0.20699921593618983
95,3,0.0,0.0,0.0,0.0,0.0
95,4,0.0,0.0,0.0,0.0,0.0
96,0,0.0,-0.008348499291078636,0.0,0.0,-1.7900170745912256
96,1,0.0,0.0,-0.0001382868965565141,0.0,-0.7626773284058009
96,2,0.0,0.0,0.0,0.0,-0.20699921593618983
96,3,0.0,0.0,0.0,0.0,0.0
96,4,0.0,0.0,0.0,0.0,0.0
97,0,0.0,-0.008348499291078636,0.0,0.0,-1.796389400496031
97,1,0.0,0.0,-0.0001382868965565141,0.0,-0.7626773284058009
97,2,0.0,0.0,0.0,0.0,-0.20699921593618983
97,3,0.0,0.0,0.0,0.0,0.0
97,4,0.0,0.0,0.0,0.0,0.0
98,0,0.0,-0.008348499291078636,0.0,0.0,-1.8255516319158955
98,1,0.0,0.0,-0.0001382868965565141,0.0,-0.7626773284058009
98,2,0.0,0.0,0.0,0.0,-0.20699921593618983
98,3,0.0,0.0,0.0,0.0,0.0
98,4,0.0,0.0,0.0,0.0,0.0
99,0,0.0,-0.008348499291078636,0.0,0.0,-1.8432523621530863
99,1,0.0,0.0,-0.0001382868965565141,0.0,-0.7626773284058009
99,2,0.0,0.0,0.0,0.0,-0.20699921593618983
99,3,0.0,0.0,0.0,0.0,0.0
99,4,0.0,0.0,0.0,0.0,0.0
100,0,0.0,-0.008348499291078636,0.0,0.0,-1.8757362038239656
100,1,0.0,0.0,-0.0001382868965565141,0.0,-0.7626773284058009
100,2,0.0,0.0,0.0,0.0,-0.20699921593618983
100,3,0.0,0.0,0.0,0.0,0.0
100,4,0.0,0.0,0.0,0.0,0.0
101,0,0.0,-0.008348499291078636,0.0,0.0,-1.8845557008091254
101,1,0.0,0.0,-0.0001382868965565141,0.0,-0.7626773284058009
101,2,0.0,0.0,0.0,0.0,-0.20699921593618983
101,3,0.0,0.0,0.0,0.0,0.0
101,4,0.0,0.0,0.0,0.0,0.0
102,0,0.0,-0.008348499291078636,0.0,0.0,-1.910655492849173
102,1,0.0,0.0,-0.0001382868965565141,0.0,-0.7626773284058009
102,2,0.0,0.0,0.0,0.0,-0.20699921593618983
102,3,0.0,0.0,0.0,0.0,0.0
102,4,0.0,0.0,0.0,0.0,0.0
103,0,0.0,-0.00925437462682842,0.0,0.0,-1.910655492849173
103,1,0.0,0.0,-0.0001382868965565141,0.0,-0.7977032519101993
103,2,0.0,0.0,0.0,0.0,-0.20699921593618983
103,3,0.0,0.0,0.0,0.0,0.0
103,4,0.0,0.0,0.0,0.0,0.0
104,0,0.0,-0.00925437462682842,0.0,0.0,-1.9380402709629274
104,1,0.0,0.0,-0.0001382868965565141,0.0,-0.7977032519101993
104,2,0.0,0.0,0.0,0.0,-0.20699921593618983
104,3,0.0,0.0,0.0,0.0,0.0
104,4,0.0,0.0,0.0,0.0,0.0
105,0,0.0,-0.00925437462682842,0.0,0.0,-1.9765941875461406
105,1,0.0,0.0,-0.0001382868965565141,0.0,-0.7977032519101993
105,2,0.0,0.0,0.0,0.0,-0.20699921593618983
105,3,0.0,0.0,0.0,0.0,0.0
105,4,0.0,0.0,0.0,0.0,0.0
106,0,0.0,-0.00925437462682842,0.0,0.0,-2.0012829235083927
106,1,0.0,0.0,-0.0001382868965565141,0.0,-0.7977032519101993
106,2,0.0,0.0,0.0,0.0,-0.20699921593618983
106,3,0.0,0.0,0.0,0.0,0.0
106,4,0.0,0.0,0.0,0.0,0.0
107,0,0.0,-0.00925437462682842,0.0,0.0,-2.028448382610718
107,1,0.0,0.0,-0.0001382868965565141,0.0,-0.7977032519101993
107,2,0.0,0.0,0.0,0.0,-0.20699921593618983
107,3,0.0,0.0,0.0,0.0,0.0
107,4,0.0,0.0,0.0,0.0,0.0
108,0,0.0,-0.00925437462682842,0.0,0.0,-2.0629772859169897
108,1,0.0,0.0,-0.0001382868965565141,0.0,-0.7977032519101993
108,2,0.0,0.0,0.0,0.0,-0.20699921593618983
108,3,0.0,0.0,0.0,0.0,0.0
108,4,0.0,0.0,0.0,0.0,0.0
109,0,0.0,-0.00925437462682842,0.0,0.0,-2.0988685586846993
109,1,0.0,0.0,-0.0001382868965565141,0.0,-0.7977032519101993
109,2,0.0,0.0,0.0,0.0,-0.20699921593618983
109,3,0.0,0.0,0.0,0.0,0.0
109,4,0.0,0.0,0.0,0.0,0.0
110,0,0.0,-0.00925437462682842,0.0,0.0,-2.130307336023248
110,1,0.0,0.0,-0.0001382868965565141,0.0,-0.7977032519101993
110,2,0.0,0.0,0.0,0.0,-0.20699921593618983
110,3,0.0,0.0,0.0,0.0,0.0
110,4,0.0,0.0,0.0,0.0,0.0
111,0,0.0,-0.00925437462682842,0.0,0.0,-2.1442505112510832
111,1,0.0,0.0,-0.0001382868965565141,0.0,-0.7977032519101993
111,2,0.0,0.0,0.0,0.0,-0.20699921593618983
111,3,0.0,0.0,0.0,0.0,0.0
111,4,0.0,0.0,0.0,0.0,0.0
112,0,0.0,-0.00925437462682842,0.0,0.0,-2.172027695227992
112,1,0.0,0.0,-0.0001382868965565141,0.0,-0.7977032519101993
112,2,0.0,0.0,0.0,0.0,-0.20699921593618983
112,3,0.0,0.0,0.0,0.0,0.0
112,4,0.0,0.0,0.0,0.0,0.0
113,0,0.0,-0.00925437462682842,0.0,0.0,-2.1979074975994783
113,1,0.0,0.0,-0.0001382868965565141,0.0,-0.7977032519101993
113,2,0.0,0.0,0.0,0.0,-0.20699921593618983
113,3,0.0,0.0,0.0,0.0,0.0
113,4,0.0,0.0,0.0,0.0,0.0
114,0,0.0,-0.00925437462682842,0.0,0.0,-2.225183027862834
114,1,0.0,0.0,-0.0001382868965565141,0.0,-0.7977032519101993
114,2,0.0,0.0,0.0,0.0,-0.20699921593618983
114,3,0.0,0.0,0.0,0.0,0.0
114,4,0.0,0.0,0.0,0.0,0.0
115,0,0.0,-0.00925437462682842,0.0,0.0,-2.2413625967616153
115,1,0.0,0.0,-0.0001382868965565141,0.0,-0.7977032519101993
115,2,0.0,0.0,0.0,0.0,-0.20699921593618983
115,3,0.0,0.0,0.0,0.0,0.0
115,4,0.0,0.0,0.0,0.0,0.0
116,0,0.0,-0.00925437462682842,0.0,0.0,-2.270118368848988
116,1,0.0,0.0,-0.0001382868965565141,0.0,-0.7977032519101993
116,2,0.0,0.0,0.0,0.0,-0.20699921593618983
116,3,0.0,0.0,0.0,0.0,0.0
116,4,0.0,0.0,0.0,0.0,0.0
117,0,0.0,-0.00925437462682842,0.0,0.0,-2.301264655484224
117,1,0.0,0.0,-0.0001382868965565141,0.0,-0.7977032519101993
117,2,0.0,0.0,0.0,0.0,-0.20699921593618983
117,3,0.0,0.0,0.0,0.0,0.0
117,4,0.0,0.0,0.0,0.0,0.0
118,0,0.0,-0.00925437462682842,0.0,0.0,-2.3182960719407255
118,1,0.0,0.0,-0.0001382868965565141,0.0,-0.7977032519101993
118,2,0.0,0.0,0.0,0.0,-0.20699921593618983
118,3,0.0,0.0,0.0,0.0,0.0
118,4,0.0,0.0,0.0,0.0,0.0
119,0,0.0,-0.00925437462682842,0.0,0.0,-2.3542935925597317
119,1,0.0,0.0,-0.0001382868965565141,0.0,-0.7977032519101993
119,2,0.0,0.0,0.0,0.0,-0.20699921593618983
119,3,0.0,0.0,0.0,0.0,0.0
119,4,0.0,0.0,0.0,0.0,0.0
120,0,0.0,-0.00925437462682842,0.0,0.0,-2.3764136837708976
120,1,0.0,0.0,-0.0001382868965565141,0.0,-0.7977032519101993
120,2,0.0,0.0,0.0,0.0,-0.20699921593618983
120,3,0.0,0.0,0.0,0.0,0.0
120,4,0.0,0.0,0.0,0.0,0.0
121,0,0.0,-0.00925437462682842,0.0,0.0,-2.392199718093202
121,1,0.0,0.0,-0.0001382868965565141,0.0,-0.7977032519101993
121,2,0.0,0.0,0.0,0.0,-0.20699921593618983
121,3,0.0,0.0,0.0,0.0,0.0
121,4,0.0,0.0,0.0,0.0,0.0
122,0,0.0,-0.00925437462682842,0.0,0.0,-2.4177988176455125
122,1,0.0,0.0,-0.0001382868965565141,0.0,-0.7977032519101993
122,2,0.0,0.0,0.0,0.0,-0.20699921593618983
122,3,0.0,0.0,0.0,0.0,0.0
122,4,0.0,0.0,0.0,0.0,0.0
123,0,0.0,-0.00925437462682842,0.0,0.0,-2.4312903520221143
123,1,0.0,0.0,-0.0001382868965565141,0.0,-0.7977032519101993
123,2,0.0,0.0,0.0,0.0,-0.20699921593618983
123,3,0.0,0.0,0.0,0.0,0.0
123,4,0.0,0.0,0.0,0.0,0.0
124,0,0.0,-0.00925437462682842,0.0,0.0,-2.448157482450838
124,1,0.0,0.0,-0.0001382868965565141,0.0,-0.7977032519101993
124,2,0.0,0.0,0.0,0.0,-0.20699921593618983
124,3,0.0,0.0,0.0,0.0,0.0
124,4,0.0,0.0,0.0,0.0,0.0
125,0,0.0,-0.00925437462682842,0.0,0.0,-2.4542467344004173
125,1,0.0,0.0,-0.0001382868965565141,0.0,-0.7977032519101993
125,2,0.0,0.0,0.0,0.0,-0.20699921593618983
125,3,0.0,0.0,0.0,0.0,0.0
125,4,0.0,0.0,0.0,0.0,0.0
126,0,0.0,-0.00925437462682842,0.0,0.0,-2.481306659844819
126,1,0.0,0.0,-0.0001382868965565141,0.0,-0.7977032519101993
126,2,0.0,0.0,0.0,0.0,-0.20699921593618983
126,3,0.0,0.0,0.0,0.0,0.0
126,4,0.0,0.0,0.0,0.0,0.0
127,0,0.0,-0.00925437462682842,0.0,0.0,-2.51102325490027
127,1,0.0,0.0,-0.0001382868965565141,0.0,-0.7977032519101993
127,2,0.0,0.0,0.0,0.0,-0.20699921593618983
127,3,0.0,0.0,0.0,0.0,0.0
127,4,0.0,0.0,0.0,0.0,0.0
128,0,0.0,-0.00925437462682842,0.0,0.0,-2.546285675448366
128,1,0.0,0.0,-0.0001382868965565141,0.0,-0.7977032519101993
128,2,0.0,0.0,0.0,0.0,-0.20699921593618983
128,3,0.0,0.0,0.0,0.0,0.0
128,4,0.0,0.0,0.0,0.0,0.0
129,0,0.0,-0.00925437462682842,0.0,0.0,-2.5635612368678076
129,1,0.0,0.0,-0.0001382868965565141,0.0,-0.7977032519101993
129,2,0.0,0.0,0.0,0.0,-0.20699921593618983
129,3,0.0,0.0,0.0,0.0,0.0
129,4,0.0,0.0,0.0,0.0,0.0
130,0,0.0,-0.00925437462682842,0.0,0.0,-2.579467836299395
130,1,0.0,0.0,-0.0001382868965565141,0.0,-0.7977032519101993
130,2,0.0,0.0,0.0,0.0,-0.20699921593618983
130,3,0.0,0.0,0.0,0.0,0.0
130,4,0.0,0.0,0.0,0.0,0.0
131,0,0.0,-0.00925437462682842,0.0,0.0,-2.5990752787101643
131,1,0.0,0.0,-0.0001382868965565141,0.0,-0.7977032519101993
131,2,0.0,0.0,0.0,0.0,-0.20699921593618983
131,3,0.0,0.0,0.0,0.0,0.0
131,4,0.0,0.0,0.0,0.0,0.0
132,0,0.0,-0.00925437462682842,0.0,0.0,-2.617320057885588
132,1,0.0,0.0,-0.0001382868965565141,0.0,-0.7977032519101993
132,2,0.0,0.0,0.0,0.0,-0.20699921593618983
132,3,0.0,0.0,0.0,0.0,0.0
132,4,0.0,0.0,0.0,0.0,0.0
133,0,0.0,-0.00925437462682842,0.0,0.0,-2.6437723220500273
133,1,0.0,0.0,-0.0001382868965565141,0.0,-0.7977032519101993
133,2,0.0,0.0,0.0,0.0,-0.20699921593618983
133,3,0.0,0.0,0.0,0.0,0.0
133,4,0.0,0.0,0.0,0.0,0.0
134,0,0.0,-0.00925437462682842,0.0,0.0,-2.6636168848677437
134,1,0.0,0.0,-0.0001382868965565141,0.0,-0.7977032519101993
134,2,0.0,0.0,0.0,0.0,-0.20699921593618983
134,3,0.0,0.0,0.0,0.0,0.0
134,4,0.0,0.0,0.0,0.0,0.0
135,0,0.0,-0.00925437462682842,0.0,0.0,-2.6888939210544844
135,1,0.0,0.0,-0.0001382868965565141,0.0,-0.7977032519101993
135,2,0.0,0.0,0.0,0.0,-0.20699921593618983
135,3,0.0,0.0,0.0,0.0,0.0
135,4,0.0,0.0,0.0,0.0,0.0
136,0,0.0,-0.00925437462682842,0.0,0.0,-2.70685633431456
136,1,0.0,0.0,-0.0001382868965565141,0.0,-0.7977032519101993
136,2,0.0,0.0,0.0,0.0,-0.20699921593618983
136,3,0.0,0.0,0.0,0.0,0.0
136,4,0.0,0.0,0.0,0.0,0.0
137,0,0.0,-0.00925437462682842,0.0,0.0,-2.7300719701983702
137,1,0.0,0.0,-0.0001382868965565141,0.0,-0.7977032519101993
137,2,0.0,0.0,0.0,0.0,-0.20699921593618983
137,3,0.0,0.0,0.0,0.0,0.0
137,4,0.0,0.0,0.0,0.0,0.0
138,0,0.0,-0.00925437462682842,0.0,0.0,-2.753139579048635
138,1,0.0,0.0,-0.0001382868965565141,0.0,-0.7977032519101993
138,2,0.0,0.0,0.0,0.0,-0.20699921593618983
138,3,0.0,0.0,0.0,0.0,0.0
138,4,0.0,0.0,0.0,0.0,0.0
139,0,0.0,-0.00925437462682842,0.0,0.0,-2.7804143727524413
139,1,0.0,0.0,-0.0001382868965565141,0.0,-0.7977032519101993
139,2,0.0,0.0,0.0,0.0,-0.20699921593618983
139,3,0.0,0.0,0.0,0.0,0.0
139,4,0.0,0.0,0.0,0.0,0.0
140,0,0.0,-0.00925437462682842,0.0,0.0,-2.7995506788936186
140,1,0.0,0.0,-0.0001382868965565141,0.0,-0.7977032519101993
140,2,0.0,0.0,0.0,0.0,-0.20699921593618983
140,3,0.0,0.0,0.0,0.0,0.0
140,4,0.0,0.0,0.0,0.0,0.0
141,0,0.0,-0.00925437462682842,0.0,0.0,-2.8163753438099484
141,1,0.0,0.0,-0.0001382868965565141,0.0,-0.7977032519101993
141,2,0.0,0.0,0.0,0.0,-0.20699921593618983
141,3,0.0,0.0,0.0,0.0,0.0
141,4,0.0,0.0,0.0,0.0,0.0
142,0,0.0,-0.00925437462682842,0.0,0.0,-2.8389397018915226
142,1,0.0,0.0,-0.0001382868965565141,0.0,-0.7977032519101993
142,2,0.0,0.0,0.0,0.0,-0.20699921593618983
142,3,0.0,0.0,0.0,0.0,0.0
142,4,0.0,0.0,0.0,0.0,0.0
143,0,0.0,-0.00925437462682842,0.0,0.0,-2.8565193129418915
143,1,0.0,0.0,-0.0001382868965565141,0.0,-0.7977032519101993
143,2,0.0,0.0,0.0,0.0,-0.20699921593618983
143,3,0.0,0.0,0.0,0.0,0.0
143,4,0.0,0.0,0.0,0.0,0.0
144,0,0.0,-0.00925437462682842,0.0,0.0,-2.873499978666697
144,1,0.0,0.0,-0.0001382868965565141,0.0,-0.7977032519101993
144,2,0.0,0.0,0.0,0.0,-0.20699921593618983
144,3,0.0,0.0,0.0,0.0,0.0
144,4,0.0,0.0,0.0,0.0,0.0
145,0,0.0,-0.00925437462682842,0.0,0.0,-2.891429396262403
145,1,0.0,0.0,-0.0001382868965565141,0.0,-0.7977032519101993
145,2,0.0,0.0,0.0,0.0,-0.20699921593618983
145,3,0.0,0.0,0.0,0.0,0.0
145,4,0.0,0.0,0.0,0.0,0.0
146,0,0.0,-0.00925437462682842,0.0,0.0,-2.9310517912518548
146,1,0.0,0.0,-0.0001382868965565141,0.0,-0.7977032519101993
146,2,0.0,0.0,0.0,0.0,-0.20699921593618983
146,3,0.0,0.0,0.0,0.0,0.0
146,4,0.0,0.0,0.0,0.0,0.0
147,0,0.0,-0.010233169744397629,0.0,0.0,-2.9310517912518548
147,1,0.0,0.0,-0.0001382868965565141,0.0,-0.8222159952662039
147,2,0.0,0.0,0.0,0.0,-0.20699921593618983
147,3,0.0,0.0,0.0,0.0,0.0
147,4,0.0,0.0,0.0,0.0,0.0
148,0,0.0,-0.010233169744397629,0.0,0.0,-2.9645211534128726
148,1,0.0,0.0,-0.0001382868965565141,0.0,-0.8222159952662039
148,2,0.0,0.0,0.0,0.0,-0.20699921593618983
148,3,0.0,0.0,0.0,0.0,0.0
148,4,0.0,0.0,0.0,0.0,0.0
149,0,0.0,-0.010233169744397629,0.0,0.0,-2.9874327170512722
149,1,0.0,0.0,-0.0001382868965565141,0.0,-0.8222159952662039
149,2,0.0,0.0,0.0,0.0,-0.20699921593618983
149,3,0.0,0.0,0.0,0.0,0.0
149,4,0.0,0.0,0.0,0.0,0.0
150,0,0.0,-0.010233169744397629,0.0,0.0,-3.005062920465766
150,1,0.0,0.0,-0.0001382868965565141,0.0,-0.8222159952662039
150,2,0.0,0.0,0.0,0.0,-0.20699921593618983
150,3,0.0,0.0,0.0,0.0,0.0
150,4,0.0,0.0,0.0,0.0,0.0
151,0,0.0,-0.010233169744397629,0.0,0.0,-3.028772270044969
151,1,0.0,0.0,-0.0001382868965565141,0.0,-0.8222159952662039
151,2,0.0,0.0,0.0,0.0,-0.20699921593618983
151,3,0.0,0.0,0.0,0.0,0.0
151,4,0.0,0.0,0.0,0.0,0.0
152,0,0.0,-0.010233169744397629,0.0,0.0,-3.047848153045309
152,1,0.0,0.0,-0.0001382868965565141,0.0,-0.8222159952662039
152,2,0.0,0.0,0.0,0.0,-0.20699921593618983
152,3,0.0,0.0,0.0,0.0,0.0
152,4,0.0,0.0,0.0,0.0,0.0
153,0,0.0,-0.010233169744397629,0.0,0.0,-3.0814133386995124
153,1,0.0,0.0,-0.0001382868965565141,0.0,-0.8222159952662039
153,2,0.0,0.0,0.0,0.0,-0.20699921593618983
153,3,0.0,0.0,0.0,0.0,0.0
153,4,0.0,0.0,0.0,0.0,0.0
154,0,0.0,-0.010233169744397629,0.0,0.0,-3.102762069307249
154,1,0.0,0.0,-0.0001382868965565141,0.0,-0.8222159952662039
154,2,0.0,0.0,0.0,0.0,-0.20699921593618983
154,3,0.0,0.0,0.0,0.0,0.0
154,4,0.0,0.0,0.0,0.0,0.0
155,0,0.0,-0.010233169744397629,0.0,0.0,-3.130756302149019
155,1,0.0,0.0,-0.0001382868965565141,0.0,-0.8222159952662039
155,2,0.0,0.0,0.0,0.0,-0.20699921593618983
155,3,0.0,0.0,0.0,0.0,0.0
155,4,0.0,0.0,0.0,0.0,0.0
156,0,0.0,-0.010233169744397629,0.0,0.0,-3.1590292899791903
156,1,0.0,0.0,-0.0001382868965565141,0.0,-0.8222159952662039
156,2,0.0,0.0,0.0,0.0,-0.20699921593618983
156,3,0.0,0.0,0.0,0.0,0.0
156,4,0.0,0.0,0.0,0.0,0.0
157,0,0.0,-0.010233169744397629,0.0,0.0,-3.1702783271327606
157,1,0.0,0.0,-0.0001382868965565141,0.0,-0.8222159952662039
157,2,0.0,0.0,0.0,0.0,-0.20699921593618983
157,3,0.0,0.0,0.0,0.0,0.0
157,4,0.0,0.0,0.0,0.0,0.0
158,0,0.0,-0.010233169744397629,0.0,0.0,-3.1905926360458348
158,1,0.0,0.0,-0.0001382868965565141,0.0,-0.8222159952662039
158,2,0.0,0.0,0.0,0.0,-0.20699921593618983
158,3,0.0,0.0,0.0,0.0,0.0
158,4,0.0,0.0,0.0,0.0,0.0
159,0,0.0,-0.010233169744397629,0.0,0.0,-3.2209069146545515
159,1,0.0,0.0,-0.0001382868965565141,0.0,-0.8222159952662039
159,2,0.0,0.0,0.0,0.0,-0.20699921593618983
159,3,0.0,0.0,0.0,0.0,0.0
159,4,0.0,0.0,0.0,0.0,0.0
160,0,0.0,-0.010233169744397629,0.0,0.0,-3.244168382952902
160,1,0.0,0.0,-0.0001382868965565141,0.0,-0.8222159952662039
160,2,0.0,0.0,0.0,0.0,-0.20699921593618983
160,3,0.0,0.0,0.0,0.0,0.0
160,4,0.0,0.0,0.0,0.0,0.0
161,0,0.0,-0.010233169744397629,0.0,0.0,-3.2661580480484953
161,1,0.0,0.0,-0.0001382868965565141,0.0,-0.8222159952662039
161,2,0.0,0.0,0.0,0.0,-0.20699921593618983
161,3,0.0,0.0,0.0,0.0,0.0
161,4,0.0,0.0,0.0,0.0,0.0
162,0,0.0,-0.010233169744397629,0.0,0.0,-3.290784123906279
162,1,0.0,0.0,-0.0001382868965565141,0.0,-0.8222159952662039
162,2,0.0,0.0,0.0,0.0,-0.20699921593618983
162,3,0.0,0.0,0.0,0.0,0.0
162,4,0.0,0.0,0.0,0.0,0.0
163,0,0.0,-0.010233169744397629,0.0,0.0,-3.3094819910000917
163,1,0.0,0.0,-0.0001382868965565141,0.0,-0.8222159952662039
163,2,0.0,0.0,0.0,0.0,-0.20699921593618983
163,3,0.0,0.0,0.0,0.0,0.0
163,4,0.0,0.0,0.0,0.0,0.0
164,0,0.0,-0.010233169744397629,0.0,0.0,-3.3389481937852996
164,1,0.0,0.0,-0.0001382868965565141,0.0,-0.8222159952662039
164,2,0.0,0.0,0.0,0.0,-0.20699921593618983
164,3,0.0,0.0,0.0,0.0,0.0
164,4,0.0,0.0,0.0,0.0,0.0
165,0,0.0,-0.010233169744397629,0.0,0.0,-3.35715198075885
165,1,0.0,0.0,-0.0001382868965565141,0.0,-0.8222159952662039
165,2,0.0,0.0,0.0,0.0,-0.20699921593618983
165,3,0.0,0.0,0.0,0.0,0.0
165,4,0.0,0.0,0.0,0.0,0.0
166,0,0.0,-0.010233169744397629,0.0,0.0,-3.384427229393129
166,1,0.0,0.0,-0.0001382868965565141,0.0,-0.8222159952662039
166,2,0.0,0.0,0.0,0.0,-0.20699921593618983
166,3,0.0,0.0,0.0,0.0,0.0
166,4,0.0,0.0,0.0,0.0,0.0
167,0,0.0,-0.010233169744397629,0.0,0.0,-3.3989797994498607
167,1,0.0,0.0,-0.0001382868965565141,0.0,-0.8222159952662039
167,2,0.0,0.0,0.0,0.0,-0.20699921593618983
167,3,0.0,0.0,0.0,0.0,0.0
167,4,0.0,0.0,0.0,0.0,0.0
168,0,0.0,-0.010233169744397629,0.0,0.0,-3.437121163808953
168,1,0.0,0.0,-0.0001382868965565141,0.0,-0.8222159952662039
168,2,0.0,0.0,0.0,0.0,-0.20699921593618983
168,3,0.0,0.0,0.0,0.0,0.0
168,4,0.0,0.0,0.0,0.0,0.0
169,0,0.0,-0.010233169744397629,0.0,0.0,-3.4588668604638095
169,1,0.0,0.0,-0.0001382868965565141,0.0,-0.8222159952662039
169,2,0.0,0.0,0.0,0.0,-0.20699921593618983
169,3,0.0,0.0,0.0,0.0,0.0
169,4,0.0,0.0,0.0,0.0,0.0
170,0,0.0,-0.010233169744397629,0.0,0.0,-3.4781383313036964
170,1,0.0,0.0,-0.0001382868965565141,0.0,-0.8222159952662039
170,2,0.0,0.0,0.0,0.0,-0.20699921593618983
170,3,0.0,0.0,0.0,0.0,0.0
170,4,0.0,0.0,0.0,0.0,0.0
171,0,0.0,-0.010233169744397629,0.0,0.0,-3.491421706563374
171,1,0.0,0.0,-0.0001382868965565141,0.0,-0.8222159952662039
171,2,0.0,0.0,0.0,0.0,-0.20699921593618983
171,3,0.0,0.0,0.0,0.0,0.0
171,4,0.0,0.0,0.0,0.0,0.0
172,0,0.0,-0.010233169744397629,0.0,0.0,-3.509997678997134
172,1,0.0,0.0,-0.0001382868965565141,0.0,-0.8222159952662039
172,2,0.0,0.0,0.0,0.0,-0.20699921593618983
172,3,0.0,0.0,0.0,0.0,0.0
172,4,0.0,0.0,0.0,0.0,0.0
173,0,0.0,-0.010233169744397629,0.0,0.0,-3.5251078750976736
173,1,0.0,0.0,-0.0001382868965565141,0.0,-0.8222159952662039
173,2,0.0,0.0,0.0,0.0,-0.20699921593618983
173,3,0.0,0.0,0.0,0.0,0.0
173,4,0.0,0.0,0.0,0.0,0.0
174,0,0.0,-0.010233169744397629,0.0,0.0,-3.547508844823586
174,1,0.0,0.0,-0.0001382868965565141,0.0,-0.8222159952662039
174,2,0.0,0.0,0.0,0.0,-0.20699921593618983
174,3,0.0,0.0,0.0,0.0,0.0
174,4,0.0,0.0,0.0,0.0,0.0
175,0,0.0,-0.010233169744397629,0.0,0.0,-3.552861183927473
175,1,0.0,0.0,-0.0001382868965565141,0.0,-0.8222159952662039
175,2,0.0,0.0,0.0,0.0,-0.20699921593618983
175,3,0.0,0.0,0.0,0.0,0.0
175,4,0.0,0.0,0.0,0.0,0.0
176,0,0.0,-0.010233169744397629,0.0,0.0,-3.5787003915878297
176,1,0.0,0.0,-0.0001382868965565141,0.0,-0.8222159952662039
176,2,0.0,0.0,0.0,0.0,-0.20699921593618983
176,3,0.0,0.0,0.0,0.0,0.0
176,4,0.0,0.0,0.0,0.0,0.0
177,0,0.0,-0.010233169744397629,0.0,0.0,-3.5999091527956875
177,1,0.0,0.0,-0.0001382868965565141,0.0,-0.8222159952662039
177,2,0.0,0.0,0.0,0.0,-0.20699921593618983
177,3,0.0,0.0,0.0,0.0,0.0
177,4,0.0,0.0,0.0,0.0,0.0
178,0,0.0,-0.010233169744397629,0.0,0.0,-3.63249836624849
178,1,0.0,0.0,-0.0001382868965565141,0.0,-0.8222159952662039
178,2,0.0,0.0,0.0,0.0,-0.20699921593618983
178,3,0.0,0.0,0.0,0.0,0.0
178,4,0.0,0.0,0.0,0.0,0.0
179,0,0.0,-0.010233169744397629,0.0,0.0,-3.6557606022335842
179,1,0.0,0.0,-0.0001382868965565141,0.0,-0.8222159952662039
179,2,0.0,0.0,0.0,0.0,-0.20699921593618983
179,3,0.0,0.0,0.0,0.0,0.0
179,4,0.0,0.0,0.0,0.0,0.0
180,0,0.0,-0.010233169744397629,0.0,0.0,-3.6731855590036346
180,1,0.0,0.0,-0.0001382868965565141,0.0,-0.8222159952662039
180,2,0.0,0.0,0.0,0.0,-0.20699921593618983
180,3,0.0,0.0,0.0,0.0,0.0
180,4,0.0,0.0,0.0,0.0,0.0
181,0,0.0,-0.010233169744397629,0.0,0.0,-3.6923174640746126
181,1,0.0,0.0,-0.0001382868965565141,0.0,-0.8222159952662039
181,2,0.0,0.0,0.0,0.0,-0.20699921593618983
181,3,0.0,0.0,0.0,0.0,0.0
181,4,0.0,0.0,0.0,0.0,0.0
182,0,0.0,-0.010233169744397629,0.0,0.0,-3.7000634232980008
182,1,0.0,0.0,-0.0001382868965565141,0.0,-0.8222159952662039
182,2,0.0,0.0,0.0,0.0,-0.20699921593618983
182,3,0.0,0.0,0.0,0.0,0.0
182,4,0.0,0.0,0.0,0.0,0.0
183,0,0.0,-0.010233169744397629,0.0,0.0,-3.725732983798567
183,1,0.0,0.0,-0.0001382868965565141,0.0,-0.8222159952662039
183,2,0.0,0.0,0.0,0.0,-0.20699921593618983
183,3,0.0,0.0,0.0,0.0,0.0
183,4,0.0,0.0,0.0,0.0,0.0
184,0,0.0,-0.010233169744397629,0.0,0.0,-3.747604105869494
184,1,0.0,0.0,-0.0001382868965565141,0.0,-0.8222159952662039
184,2,0.0,0.0,0.0,0.0,-0.20699921593618983
184,3,0.0,0.0,0.0,0.0,0.0
184,4,0.0,0.0,0.0,0.0,0.0
185,0,0.0,-0.010233169744397629,0.0,0.0,-3.754758736233984
185,1,0.0,0.0,-0.0001382868965565141,0.0,-0.8222159952662039
185,2,0.0,0.0,0.0,0.0,-0.20699921593618983
185,3,0.0,0.0,0.0,0.0,0.0
185,4,0.0,0.0,0.0,0.0,0.0
186,0,0.0,-0.010233169744397629,0.0,0.0,-3.7852461747525448
186,1,0.0,0.0,-0.0001382868965565141,0.0,-0.8222159952662039
186,2,0.0,0.0,0.0,0.0,-0.20699921593618983
186,3,0.0,0.0,0.0,0.0,0.0
186,4,0.0,0.0,0.0,0.0,0.0
187,0,0.0,-0.010233169744397629,0.0,0.0,-3.8078494323216083
187,1,0.0,0.0,-0.0001382868965565141,0.0,-0.8222159952662039
187,2,0.0,0.0,0.0,0.0,-0.20699921593618983
187,3,0.0,0.0,0.0,0.0,0.0
187,4,0.0,0.0,0.0,0.0,0.0
188,0,0.0,-0.010233169744397629,0.0,0.0,-3.8264137335487907
188,1,0.0,0.0,-0.0001382868965565141,0.0,-0.8222159952662039
188,2,0.0,0.0,0.0,0.0,-0.20699921593618983
188,3,0.0,0.0,0.0,0.0,0.0
188,4,0.0,0.0,0.0,0.0,0.0
189,0,0.0,-0.010233169744397629,0.0,0.0,-3.8422157040423843
189,1,0.0,0.0,-0.0001382868965565141,0.0,-0.8222159952662039
189,2,0.0,0.0,0.0,0.0,-0.20699921593618983
189,3,0.0,0.0,0.0,0.0,0.0
189,4,0.0,0.0,0.0,0.0,0.0
190,0,0.0,-0.010233169744397629,0.0,0.0,-3.861995417554431
190,1,0.0,0.0,-0.0001382868965565141,0.0,-0.8222159952662039
190,2,0.0,0.0,0.0,0.0,-0.20699921593618983
190,3,0.0,0.0,0.0,0.0,0.0
190,4,0.0,0.0,0.0,0.0,0.0
191,0,0.0,-0.010233169744397629,0.0,0.0,-3.892682774857202
191,1,0.0,0.0,-0.0001382868965565141,0.0,-0.8222159952662039
191,2,0.0,0.0,0.0,0.0,-0.20699921593618983
191,3,0.0,0.0,0.0,0.0,0.0
191,4,0.0,0.0,0.0,0.0,0.0
192,0,0.0,-0.010233169744397629,0.0,0.0,-3.9115004858311893
192,1,0.0,0.0,-0.0001382868965565141,0.0,-0.8222159952662039
192,2,0.0,0.0,0.0,0.0,-0.20699921593618983
192,3,0.0,0.0,0.0,0.0,0.0
192,4,0.0,0.0,0.0,0.0,0.0
193,0,0.0,-0.010233169744397629,0.0,0.0,-3.9145850012351833
193,1,0.0,0.0,-0.0001382868965565141,0.0,-0.8222159952662039
193,2,0.0,0.0,0.0,0.0,-0.20699921593618983
193,3,0.0,0.0,0.0,0.0,0.0
193,4,0.0,0.0,0.0,0.0,0.0
194,0,0.0,-0.010233169744397629,0.0,0.0,-3.9345351088633547
194,1,0.0,0.0,-0.0001382868965565141,0.0,-0.8222159952662039
194,2,0.0,0.0,0.0,0.0,-0.20699921593618983
194,3,0.0,0.0,0.0,0.0,0.0
194,4,0.0,0.0,0.0,0.0,0.0
195,0,0.0,-0.010233169744397629,0.0,0.0,-3.9467353852043963
195,1,0.0,0.0,-0.0001382868965565141,0.0,-0.8222159952662039
195,2,0.0,0.0,0.0,0.0,-0.20699921593618983
195,3,0.0,0.0,0.0,0.0,0.0
195,4,0.0,0.0,0.0,0.0,0.0
196,0,0.0,-0.010233169744397629,0.0,0.0,-3.966103681367342
196,1,0.0,0.0,-0.0001382868965565141,0.0,-0.8222159952662039
196,2,0.0,0.0,0.0,0.0,-0.20699921593618983
196,3,0.0,0.0,0.0,0.0,0.0
196,4,0.0,0.0,0.0,0.0,0.0
197,0,0.0,-0.010233169744397629,0.0,0.0,-3.9925910350894163
197,1,0.0,0.0,-0.0001382868965565141,0.0,-0.8222159952662039
197,2,0.0,0.0,0.0,0.0,-0.20699921593618983
197,3,0.0,0.0,0.0,0.0,0.0
197,4,0.0,0.0,0.0,0.0,0.0
198,0,0.0,-0.010233169744397629,0.0,0.0,-4.010174684584345
198,1,0.0,0.0,-0.0001382868965565141,0.0,-0.8222159952662039
198,2,0.0,0.0,0.0,0.0,-0.20699921593618983
198,3,0.0,0.0,0.0,0.0,0.0
198,4,0.0,0.0,0.0,0.0,0.0
199,0,0.0,-0.010233169744397629,0.0,0.0,-4.025753862955287
199,1,0.0,0.0,-0.0001382868965565141,0.0,-0.8222159952662039
199,2,0.0,0.0,0.0,0.0,-0.20699921593618983
199,3,0.0,0.0,0.0,0.0,0.0
199,4,0.0,0.0,0.0,0.0,0.0
200,0,0.0,-0.010233169744397629,0.0,0.0,-4.042591636491621
200,1,0.0,0.0,-0.0001382868965565141,0.0,-0.8222159952662039
200,2,0.0,0.0,0.0,0.0,-0.20699921593618983
200,3,0.0,0.0,0.0,0.0,0.0
200,4,0.0,0.0,0.0,0.0,0.0
201,0,0.0,-0.010233169744397629,0.0,0.0,-4.074301475009809
201,1,0.0,0.0,-0.0001382868965565141,0.0,-0.8222159952662039
201,2,0.0,0.0,0.0,0.0,-0.20699921593618983
201,3,0.0,0.0,0.0,0.0,0.0
201,4,0.0,0.0,0.0,0.0,0.0
202,0,0.0,-0.010233169744397629,0.0,0.0,-4.096253438711573
202,1,0.0,0.0,-0.0001382868965565141,0.0,-0.8222159952662039
202,2,0.0,0.0,0.0,0.0,-0.20699921593618983
202,3,0.0,0.0,0.0,0.0,0.0
202,4,0.0,0.0,0.0,0.0,0.0
203,0,0.0,-0.010233169744397629,0.0,0.0,-4.11178459535554
203,1,0.0,0.0,-0.0001382868965565141,0.0,-0.8222159952662039
203,2,0.0,0.0,0.0,0.0,-0.20699921593618983
203,3,0.0,0.0,0.0,0.0,0.0
203,4,0.0,0.0,0.0,0.0,0.0
204,0,0.0,-0.010233169744397629,0.0,0.0,-4.125654265029129
204,1,0.0,0.0,-0.0001382868965565141,0.0,-0.8222159952662039
204,2,0.0,0.0,0.0,0.0,-0.20699921593618983
204,3,0.0,0.0,0.0,0.0,0.0
204,4,0.0,0.0,0.0,0.0,0.0
205,0,0.0,-0.010233169744397629,0.0,0.0,-4.152241541510963
205,1,0.0,0.0,-0.0001382868965565141,0.0,-0.8222159952662039
205,2,0.0,0.0,0.0,0.0,-0.20699921593618983
205,3,0.0,0.0,0.0,0.0,0.0
205,4,0.0,0.0,0.0,0.0,0.0
206,0,0.0,-0.010233169744397629,0.0,0.0,-4.175206090450605
206,1,0.0,0.0,-0.0001382868965565141,0.0,-0.8222159952662039
206,2,0.0,0.0,0.0,0.0,-0.20699921593618983
206,3,0.0,0.0,0.0,0.0,0.0
206,4,0.0,0.0,0.0,0.0,0.0
207,0,0.0,-0.010233169744397629,0.0,0.0,-4.188153624128916
207,1,0.0,0.0,-0.0001382868965565141,0.0,-0.8222159952662039
207,2,0.0,0.0,0.0,0.0,-0.20699921593618983
207,3,0.0,0.0,0.0,0.0,0.0
207,4,0.0,0.0,0.0,0.0,0.0
208,0,0.0,-0.010233169744397629,0.0,0.0,-4.217874296290829
208,1,0.0,0.0,-0.0001382868965565141,0.0,-0.8222159952662039
208,2,0.0,0.0,0.0,0.0,-0.20699921593618983
208,3,0.0,0.0,0.0,0.0,0.0
208,4,0.0,0.0,0.0,0.0,0.0
209,0,0.0,-0.01126266113813657,0.0,0.0,-4.217874296290829
209,1,0.0,0.0,-0.0001382868965565141,0.0,-0.8564465007209973
209,2,0.0,0.0,0.0,0.0,-0.20699921593618983
209,3,0.0,0.0,0.0,0.0,0.0
209,4,0.0,0.0,0.0,0.0,0.0
210,0,0.0,-0.01126266113813657,0.0,0.0,-4.239003231373847
210,1,0.0,0.0,-0.0001382868965565141,0.0,-0.8564465007209973
210,2,0.0,0.0,0.0,0.0,-0.20699921593618983
210,3,0.0,0.0,0.0,0.0,0.0
210,4,0.0,0.0,0.0,0.0,0.0
211,0,0.0,-0.01126266113813657,0.0,0.0,-4.254156356659598
211,1,0.0,0.0,-0.0001382868965565141,0.0,-0.8564465007209973
211,2,0.0,0.0,0.0,0.0,-0.20699921593618983
211,3,0.0,0.0,0.0,0.0,0.0
211,4,0.0,0.0,0.0,0.0,0.0
212,0,0.0,-0.01126266113813657,0.0,0.0,-4.273106627017311
212,1,0.0,0.0,-0.0001382868965565141,0.0,-0.8564465007209973
212,2,0.0,0.0,0.0,0.0,-0.20699921593618983
212,3,0.0,0.0,0.0,0.0,0.0
212,4,0.0,0.0,0.0,0.0,0.0
213,0,0.0,-0.01126266113813657,0.0,0.0,-4.28048962506941
213,1,0.0,0.0,-0.0001382868965565141,0.0,-0.8564465007209973
213,2,0.0,0.0,0.0,0.0,-0.20699921593618983
213,3,0.0,0.0,0.0,0.0,0.0
213,4,0.0,0.0,0.0,0.0,0.0
214,0,0.0,-0.01126266113813657,0.0,0.0,-4.291626249564504
214,1,0.0,0.0,-0.0001382868965565141,0.0,-0.8564465007209973
214,2,0.0,0.0,0.0,0.0,-0.20699921593618983
214,3,0.0,0.0,0.0,0.0,0.0
214,4,0.0,0.0,0.0,0.0,0.0
215,0,0.0,-0.01126266113813657,0.0,0.0,-4.308047232724399
215,1,0.0,0.0,-0.0001382868965565141,0.0,-0.8564465007209973
215,2,0.0,0.0,0.0,0.0,-0.20699921593618983
215,3,0.0,0.0,0.0,0.0,0.0
215,4,0.0,0.0,0.0,0.0,0.0
216,0,0.0,-0.01126266113813657,0.0,0.0,-4.332897132349882
216,1,0.0,0.0,-0.0001382868965565141,0.0,-0.8564465007209973
216,2,0.0,0.0,0.0,0.0,-0.20699921593618983
216,3,0.0,0.0,0.0,0.0,0.0
216,4,0.0,0.0,0.0,0.0,0.0
217,0,0.0,-0.01126266113813657,0.0,0.0,-4.35998682158546
217,1,0.0,0.0,-0.0001382868965565141,0.0,-0.8564465007209973
217,2,0.0,0.0,0.0,0.0,-0.20699921593618983
217,3,0.0,0.0,0.0,0.0,0.0
217,4,0.0,0.0,0.0,0.0,0.0
218,0,0.0,-0.01126266113813657,0.0,0.0,-4.378803399989108
218,1,0.0,0.0,-0.0001382868965565141,0.0,-0.8564465007209973
218,2,0.0,0.0,0.0,0.0,-0.20699921593618983
218,3,0.0,0.0,0.0,0.0,0.0
218,4,0.0,0.0,0.0,0.0,0.0
219,0,0.0,-0.01126266113813657,0.0,0.0,-4.405172177614128
219,1,0.0,0.0,-0.0001382868965565141,0.0,-0.8564465007209973
219,2,0.0,0.0,0.0,0.0,-0.20699921593618983
219,3,0.0,0.0,0.0,0.0,0.0
219,4,0.0,0.0,0.0,0.0,0.0
220,0,0.0,-0.01126266113813657,0.0,0.0,-4.415553008983531
220,1,0.0,0.0,-0.0001382868965565141,0.0,-0.8564465007209973
220,2,0.0,0.0,0.0,0.0,-0.20699921593618983
220,3,0.0,0.0,0.0,0.0,0.0
220,4,0.0,0.0,0.0,0.0,0.0
221,0,0.0,-0.01126266113813657,0.0,0.0,-4.426799816766396
221,1,0.0,0.0,-0.0001382868965565141,0.0,-0.8564465007209973
221,2,0.0,0.0,0.0,0.0,-0.20699921593618983
221,3,0.0,0.0,0.0,0.0,0.0
221,4,0.0,0.0,0.0,0.0,0.0
222,0,0.0,-0.01126266113813657,0.0,0.0,-4.446892696756878
222,1,0.0,0.0,-0.0001382868965565141,0.0,-0.8564465007209973
222,2,0.0,0.0,0.0,0.0,-0.20699921593618983
222,3,0.0,0.0,0.0,0.0,0.0
222,4,0.0,0.0,0.0,0.0,0.0
223,0,0.0,-0.01126266113813657,0.0,0.0,-4.452117575288717
223,1,0.0,0.0,-0.0001382868965565141,0.0,-0.8564465007209973
223,2,0.0,0.0,0.0,0.0,-0.20699921593618983
223,3,0.0,0.0,0.0,0.0,0.0
223,4,0.0,0.0,0.0,0.0,0.0
224,0,0.0,-0.01126266113813657,0.0,0.0,-4.467817710394248
224,1,0.0,0.0,-0.0001382868965565141,0.0,-0.8564465007209973
224,2,0.0,0.0,0.0,0.0,-0.20699921593618983
224,3,0.0,0.0,0.0,0.0,0.0
224,4,0.0,0.0,0.0,0.0,0.0
225,0,0.0,-0.01126266113813657,0.0,0.0,-4.474349970001762
225,1,0.0,0.0,-0.0001382868965565141,0.0,-0.8564465007209973
225,2,0.0,0.0,0.0,0.0,-0.20699921593618983
225,3,0.0,0.0,0.0,0.0,0.0
225,4,0.0,0.0,0.0,0.0,0.0
226,0,0.0,-0.01126266113813657,0.0,0.0,-4.503987226958035
226,1,0.0,0.0,-0.0001382868965565141,0.0,-0.8564465007209973
226,2,0.0,0.0,0.0,0.0,-0.20699921593618983
226,3,0.0,0.0,0.0,0.0,0.0
226,4,0.0,0.0,0.0,0.0,0.0
227,0,0.0,-0.01126266113813657,0.0,0.0,-4.5286307733413835
227,1,0.0,0.0,-0.0001382868965565141,0.0,-0.8564465007209973
227,2,0.0,0.0,0.0,0.0,-0.20699921593618983
227,3,0.0,0.0,0.0,0.0,0.0
227,4,0.0,0.0,0.0,0.0,0.0
228,0,0.0,-0.01126266113813657,0.0,0.0,-4.541068334288415
228,1,0.0,0.0,-0.0001382868965565141,0.0,-0.8564465007209973
228,2,0.0,0.0,0.0,0.0,-0.20699921593618983
228,3,0.0,0.0,0.0,0.0,0.0
228,4,0.0,0.0,0.0,0.0,0.0
229,0,0.0,-0.01126266113813657,0.0,0.0,-4.564425131993823
229,1,0.0,0.0,-0.0001382868965565141,0.0,-0.8564465007209973
229,2,0.0,0.0,0.0,0.0,-0.20699921593618983
229,3,0.0,0.0,0.0,0.0,0.0
229,4,0.0,0.0,0.0,0.0,0.0
230,0,0.0,-0.01126266113813657,0.0,0.0,-4.6003763817875125
230,1,0.0,0.0,-0.0001382868965565141,0.0,-0.8564465007209973
230,2,0.0,0.0,0.0,0.0,-0.20699921593618983
230,3,0.0,0.0,0.0,0.0,0.0
230,4,0.0,0.0,0.0,0.0,0.0
231,0,0.0,-0.01126266113813657,0.0,0.0,-4.622954075180498
231,1,0.0,0.0,-0.0001382868965565141,0.0,-0.8564465007209973
231,2,0.0,0.0,0.0,0.0,-0.20699921593618983
231,3,0.0,0.0,0.0,0.0,0.0
231,4,0.0,0.0,0.0,0.0,0.0
232,0,0.0,-0.01126266113813657,0.0,0.0,-4.6492905256096755
232,1,0.0,0.0,-0.0001382868965565141,0.0,-0.8564465007209973
232,2,0.0,0.0,0.0,0.0,-0.20699921593618983
232,3,0.0,0.0,0.0,0.0,0.0
232,4,0.0,0.0,0.0,0.0,0.0
233,0,0.0,-0.01126266113813657,0.0,0.0,-4.667219195824507
233,1,0.0,0.0,-0.0001382868965565141,0.0,-0.8564465007209973
233,2,0.0,0.0,0.0,0.0,-0.20699921593618983
233,3,0.0,0.0,0.0,0.0,0.0
233,4,0.0,0.0,0.0,0.0,0.0
234,0,0.0,-0.01126266113813657,0.0,0.0,-4.687231024964231
234,1,0.0,0.0,-0.0001382868965565141,0.0,-0.8564465007209973
234,2,0.0,0.0,0.0,0.0,-0.20699921593618983
234,3,0.0,0.0,0.0,0.0,0.0
234,4,0.0,0.0,0.0,0.0,0.0
235,0,0.0,-0.01126266113813657,0.0,0.0,-4.696457642354343
235,1,0.0,0.0,-0.0001382868965565141,0.0,-0.8564465007209973
235,2,0.0,0.0,0.0,0.0,-0.20699921593618983
235,3,0.0,0.0,0.0,0.0,0.0
235,4,0.0,0.0,0.0,0.0,0.0
236,0,0.0,-0.01126266113813657,0.0,0.0,-4.714550106659855
236,1,0.0,0.0,-0.0001382868965565141,0.0,-0.8564465007209973
236,2,0.0,0.0,0.0,0.0,-0.20699921593618983
236,3,0.0,0.0,0.0,0.0,0.0
236,4,0.0,0.0,0.0,0.0,0.0
237,0,0.0,-0.01126266113813657,0.0,0.0,-4.7268811870260095
237,1,0.0,0.0,-0.0001382868965565141,0.0,-0.8564465007209973
237,2,0.0,0.0,0.0,0.0,-0.20699921593618983
237,3,0.0,0.0,0.0,0.0,0.0
237,4,0.0,0.0,0.0,0.0,0.0
238,0,0.0,-0.01126266113813657,0.0,0.0,-4.743663872230593
238,1,0.0,0.0,-0.0001382868965565141,0.0,-0.8564465007209973
238,2,0.0,0.0,0.0,0.0,-0.20699921593618983
238,3,0.0,0.0,0.0,0.0,0.0
238,4,0.0,0.0,0.0,0.0,0.0
239,0,0.0,-0.01126266113813657,0.0,0.0,-4.747852966176438
239,1,0.0,0.0,-0.0001382868965565141,0.0,-0.8564465007209973
239,2,0.0,0.0,0.0,0.0,-0.20699921593618983
239,3,0.0,0.0,0.0,0.0,0.0
239,4,0.0,0.0,0.0,0.0,0.0
240,0,0.0,-0.01126266113813657,0.0,0.0,-4.769440218522013
240,1,0.0,0.0,-0.0001382868965565141,0.0,-0.8564465007209973
240,2,0.0,0.0,0.0,0.0,-0.20699921593618983
240,3,0.0,0.0,0.0,0.0,0.0
240,4,0.0,0.0,0.0,0.0,0.0
241,0,0.0,-0.01126266113813657,0.0,0.0,-4.786329583396828
241,1,0.0,0.0,-0.0001382868965565141,0.0,-0.8564465007209973
241,2,0.0,0.0,0.0,0.0,-0.20699921593618983
241,3,0.0,0.0,0.0,0.0,0.0
241,4,0.0,0.0,0.0,0.0,0.0
242,0,0.0,-0.01126266113813657,0.0,0.0,-4.791090987303089
242,1,0.0,0.0,-0.0001382868965565141,0.0,-0.8564465007209973
242,2,0.0,0.0,0.0,0.0,-0.20699921593618983
242,3,0.0,0.0,0.0,0.0,0.0
242,4,0.0,0.0,0.0,0.0,0.0
243,0,0.0,-0.01126266113813657,0.0,0.0,-4.808912490945863
243,1,0.0,0.0,-0.0001382868965565141,0.0,-0.8564465007209973
243,2,0.0,0.0,0.0,0.0,-0.20699921593618983
243,3,0.0,0.0,0.0,0.0,0.0
243,4,0.0,0.0,0.0,0.0,0.0
244,0,0.0,-0.01126266113813657,0.0,0.0,-4.823557213435905
244,1,0.0,0.0,-0.0001382868965565141,0.0,-0.8564465007209973
244,2,0.0,0.0,0.0,0.0,-0.20699921593618983
244,3,0.0,0.0,0.0,0.0,0.0
244,4,0.0,0.0,0.0,0.0,0.0
245,0,0.0,-0.01126266113813657,0.0,0.0,-4.846481129234239
245,1,0.0,0.0,-0.0001382868965565141,0.0,-0.8564465007209973
245,2,0.0,0.0,0.0,0.0,-0.20699921593618983
245,3,0.0,0.0,0.0,0.0,0.0
245,4,0.0,0.0,0.0,0.0,0.0
246,0,0.0,-0.01126266113813657,0.0,0.0,-4.862602684593586
246,1,0.0,0.0,-0.0001382868965565141,0.0,-0.8564465007209973
246,2,0.0,0.0,0.0,0.0,-0.20699921593618983
246,3,0.0,0.0,0.0,0.0,0.0
246,4,0.0,0.0,0.0,0.0,0.0
247,0,0.0,-0.012364610654052203,0.0,0.0,-4.862602684593586
247,1,0.0,0.0,-0.0001382868965565141,0.0,-0.8728342103666143
247,2,0.0,0.0,0.0,0.0,-0.20699921593618983
247,3,0.0,0.0,0.0,0.0,0.0
247,4,0.0,0.0,0.0,0.0,0.0
248,0,0.0,-0.012364610654052203,0.0,0.0,-4.879603621826051
248,1,0.0,0.0,-0.0001382868965565141,0.0,-0.8728342103666143
248,2,0.0,0.0,0.0,0.0,-0.20699921593618983
248,3,0.0,0.0,0.0,0.0,0.0
248,4,0.0,0.0,0.0,0.0,0.0
249,0,0.0,-0.012364610654052203,0.0,0.0,-4.89480762956935
249,1,0.0,0.0,-0.0001382868965565141,0.0,-0.8728342103666143
249,2,0.0,0.0,0.0,0.0,-0.20699921593618983
249,3,0.0,0.0,0.0,0.0,0.0
249,4,0.0,0.0,0.0,0.0,0.0
250,0,0.0,-0.012364610654052203,0.0,0.0,-4.915995357731148
250,1,0.0,0.0,-0.0001382868965565141,0.0,-0.8728342103666143
250,2,0.0,0.0,0.0,0.0,-0.20699921593618983
250,3,0.0,0.0,0.0,0.0,0.0
250,4,0.0,0.0,0.0,0.0,0.0
251,0,0.0,-0.012364610654052203,0.0,0.0,-4.941053761688089
251,1,0.0,0.0,-0.0001382868965565141,0.0,-0.8728342103666143
251,2,0.0,0.0,0.0,0.0,-0.20699921593618983
251,3,0.0,0.0,0.0,0.0,0.0
251,4,0.0,0.0,0.0,0.0,0.0
252,0,0.0,-0.012364610654052203,0.0,0.0,-4.96277252715701
252,1,0.0,0.0,-0.0001382868965565141,0.0,-0.8728342103666143
252,2,0.0,0.0,0.0,0.0,-0.20699921593618983
252,3,0.0,0.0,0.0,0.0,0.0
252,4,0.0,0.0,0.0,0.0,0.0
253,0,0.0,-0.012364610654052203,0.0,0.0,-4.975235273850301
253,1,0.0,0.0,-0.0001382868965565141,0.0,-0.8728342103666143
253,2,0.0,0.0,0.0,0.0,-0.20699921593618983
253,3,0.0,0.0,0.0,0.0,0.0
253,4,0.0,0.0,0.0,0.0,0.0
254,0,0.0,-0.012364610654052203,0.0,0.0,-4.993975859130706
254,1,0.0,0.0,-0.0001382868965565141,0.0,-0.8728342103666143
254,2,0.0,0.0,0.0,0.0,-0.20699921593618983
254,3,0.0,0.0,0.0,0.0,0.0
254,4,0.0,0.0,0.0,0.0,0.0
255,0,0.0,-0.012364610654052203,0.0,0.0,-5.0064678655624055
255,1,0.0,0.0,-0.0001382868965565141,0.0,-0.8728342103666143
255,2,0.0,0.0,0.0,0.0,-0.20699921593618983
255,3,0.0,0.0,0.0,0.0,0.0
255,4,0.0,0.0,0.0,0.0,0.0
256,0,0.0,-0.012364610654052203,0.0,0.0,-5.022233234372467
256,1,0.0,0.0,-0.0001382868965565141,0.0,-0.8728342103666143
256,2,0.0,0.0,0.0,0.0,-0.20699921593618983
256,3,0.0,0.0,0.0,0.0,0.0
256,4,0.0,0.0,0.0,0.0,0.0
257,0,0.0,-0.012364610654052203,0.0,0.0,-5.03261252109581
257,1,0.0,0.0,-0.0001382868965565141,0.0,-0.8728342103666143
257,2,0.0,0.0,0.0,0.0,-0.20699921593618983
257,3,0.0,0.0,0.0,0.0,0.0
257,4,0.0,0.0,0.0,0.0,0.0
258,0,0.0,-0.012364610654052203,0.0,0.0,-5.05122546173949
258,1,0.0,0.0,-0.0001382868965565141,0.0,-0.8728342103666143
258,2,0.0,0.0,0.0,0.0,-0.20699921593618983
258,3,0.0,0.0,0.0,0.0,0.0
258,4,0.0,0.0,0.0,0.0,0.0
259,0,0.0,-0.012364610654052203,0.0,0.0,-5.074760425176784
259,1,0.0,0.0,-0.0001382868965565141,0.0,-0.8728342103666143
259,2,0.0,0.0,0.0,0.0,-0.20699921593618983
259,3,0.0,0.0,0.0,0.0,0.0
259,4,0.0,0.0,0.0,0.0,0.0
260,0,0.0,-0.012364610654052203,0.0,0.0,-5.091982815317347
260,1,0.0,0.0,-0.0001382868965565141,0.0,-0.8728342103666143
260,2,0.0,0.0,0.0,0.0,-0.20699921593618983
260,3,0.0,0.0,0.0,0.0,0.0
260,4,0.0,0.0,0.0,0.0,0.0
261,0,0.0,-0.012364610654052203,0.0,0.0,-5.105403516049693
261,1,0.0,0.0,-0.0001382868965565141,0.0,-0.8728342103666143
261,2,0.0,0.0,0.0,0.0,-0.20699921593618983
261,3,0.0,0.0,0.0,0.0,0.0
261,4,0.0,0.0,0.0,0.0,0.0
262,0,0.0,-0.012364610654052203,0.0,0.0,-5.117978060067494
262,1,0.0,0.0,-0.0001382868965565141,0.0,-0.8728342103666143
262,2,0.0,0.0,0.0,0.0,-0.20699921593618983
262,3,0.0,0.0,0.0,0.0,0.0
262,4,0.0,0.0,0.0,0.0,0.0
263,0,0.0,-0.012364610654052203,0.0,0.0,-5.1258460324298145
263,1,0.0,0.0,-0.0001382868965565141,0.0,-0.8728342103666143
263,2,0.0,0.0,0.0,0.0,-0.20699921593618983
263,3,0.0,0.0,0.0,0.0,0.0
263,4,0.0,0.0,0.0,0.0,0.0
264,0,0.0,-0.012364610654052203,0.0,0.0,-5.147014341342799
264,1,0.0,0.0,-0.0001382868965565141,0.0,-0.8728342103666143
264,2,0.0,0.0,0.0,0.0,-0.20699921593618983
264,3,0.0,0.0,0.0,0.0,0.0
264,4,0.0,0.0,0.0,0.0,0.0
265,0,0.0,-0.01349985307683149,0.0,0.0,-5.147014341342799
265,1,0.0,0.0,-0.0001382868965565141,0.0,-0.902565889541184
265,2,0.0,0.0,0.0,0.0,-0.20699921593618983
265,3,0.0,0.0,0.0,0.0,0.0
265,4,0.0,0.0,0.0,0.0,0.0
266,0,0.0,-0.01349985307683149,0.0,0.0,-5.168535333324613
266,1,0.0,0.0,-0.0001382868965565141,0.0,-0.902565889541184
266,2,0.0,0.0,0.0,0.0,-0.20699921593618983
266,3,0.0,0.0,0.0,0.0,0.0
266,4,0.0,0.0,0.0,0.0,0.0
267,0,0.0,-0.01349985307683149,0.0,0.0,-5.177380726864558
267,1,0.0,0.0,-0.0001382868965565141,0.0,-0.902565889541184
267,2,0.0,0.0,0.0,0.0,-0.20699921593618983
267,3,0.0,0.0,0.0,0.0,0.0
267,4,0.0,0.0,0.0,0.0,0.0
268,0,0.0,-0.01349985307683149,0.0,0.0,-5.195693086998491
268,1,0.0,0.0,-0.0001382868965565141,0.0,-0.902565889541184
268,2,0.0,0.0,0.0,0.0,-0.20699921593618983
268,3,0.0,0.0,0.0,0.0,0.0
268,4,0.0,0.0,0.0,0.0,0.0
269,0,0.0,-0.01349985307683149,0.0,0.0,-5.218402036978184
269,1,0.0,0.0,-0.0001382868965565141,0.0,-0.902565889541184
269,2,0.0,0.0,0.0,0.0,-0.20699921593618983
269,3,0.0,0.0,0.0,0.0,0.0
269,4,0.0,0.0,0.0,0.0,0.0
270,0,0.0,-0.01349985307683149,0.0,0.0,-5.2314358852457605
270,1,0.0,0.0,-0.0001382868965565141,0.0,-0.902565889541184
270,2,0.0,0.0,0.0,0.0,-0.20699921593618983
270,3,0.0,0.0,0.0,0.0,0.0
270,4,0.0,0.0,0.0,0.0,0.0
271,0,0.0,-0.01349985307683149,0.0,0.0,-5.243392886363823
271,1,0.0,0.0,-0.0001382868965565141,0.0,-0.902565889541184
271,2,0.0,0.0,0.0,0.0,-0.20699921593618983
271,3,0.0,0.0,0.0,0.0,0.0
271,4,0.0,0.0,0.0,0.0,0.0
272,0,0.0,-0.01349985307683149,0.0,0.0,-5.254927346575391
272,1,0.0,0.0,-0.0001382868965565141,0.0,-0.902565889541184
272,2,0.0,0.0,0.0,0.0,-0.20699921593618983
272,3,0.0,0.0,0.0,0.0,0.0
272,4,0.0,0.0,0.0,0.0,0.0
273,0,0.0,-0.01349985307683149,0.0,0.0,-5.2791865985849835
273,1,0.0,0.0,-0.0001382868965565141,0.0,-0.902565889541184
273,2,0.0,0.0,0.0,0.0,-0.20699921593618983
273,3,0.0,0.0,0.0,0.0,0.0
273,4,0.0,0.0,0.0,0.0,0.0
274,0,0.0,-0.01349985307683149,0.0,0.0,-5.290542962315705
274,1,0.0,0.0,-0.0001382868965565141,0.0,-0.902565889541184
274,2,0.0,0.0,0.0,0.0,-0.20699921593618983
274,3,0.0,0.0,0.0,0.0,0.0
274,4,0.0,0.0,0.0,0.0,0.0
275,0,0.0,-0.01349985307683149,0.0,0.0,-5.303491155338959
275,1,0.0,0.0,-0.0001382868965565141,0.0,-0.902565889541184
275,2,0.0,0.0,0.0,0.0,-0.20699921593618983
275,3,0.0,0.0,0.0,0.0,0.0
275,4,0.0,0.0,0.0,0.0,0.0
276,0,0.0,-0.01349985307683149,0.0,0.0,-5.327093033167676
276,1,0.0,0.0,-0.0001382868965565141,0.0,-0.902565889541184
276,2,0.0,0.0,0.0,0.0,-0.20699921593618983
276,3,0.0,0.0,0.0,0.0,0.0
276,4,0.0,0.0,0.0,0.0,0.0
277,0,0.0,-0.01349985307683149,0.0,0.0,-5.340213188535886
277,1,0.0,0.0,-0.0001382868965565141,0.0,-0.902565889541184
277,2,0.0,0.0,0.0,0.0,-0.20699921593618983
277,3,0.0,0.0,0.0,0.0,0.0
277,4,0.0,0.0,0.0,0.0,0.0
278,0,0.0,-0.01349985307683149,0.0,0.0,-5.35604403097736
278,1,0.0,0.0,-0.0001382868965565141,0.0,-0.902565889541184
278,2,0.0,0.0,0.0,0.0,-0.20699921593618983
278,3,0.0,0.0,0.0,0.0,0.0
278,4,0.0,0.0,0.0,0.0,0.0
279,0,0.0,-0.01349985307683149,0.0,0.0,-5.370372685515547
279,1,0.0,0.0,-0.0001382868965565141,0.0,-0.902565889541184
279,2,0.0,0.0,0.0,0.0,-0.20699921593618983
279,3,0.0,0.0,0.0,0.0,0.0
279,4,0.0,0.0,0.0,0.0,0.0
280,0,0.0,-0.01349985307683149,0.0,0.0,-5.389673007032182
280,1,0.0,0.0,-0.0001382868965565141,0.0,-0.902565889541184
280,2,0.0,0.0,0.0,0.0,-0.20699921593618983
280,3,0.0,0.0,0.0,0.0,0.0
280,4,0.0,0.0,0.0,0.0,0.0
281,0,0.0,-0.01349985307683149,0.0,0.0,-5.416551139536854
281,1,0.0,0.0,-0.0001382868965565141,0.0,-0.902565889541184
281,2,0.0,0.0,0.0,0.0,-0.20699921593618983
281,3,0.0,0.0,0.0,0.0,0.0
281,4,0.0,0.0,0.0,0.0,0.0
282,0,0.0,-0.01349985307683149,0.0,0.0,-5.428226959206647
282,1,0.0,0.0,-0.0001382868965565141,0.0,-0.902565889541184
282,2,0.0,0.0,0.0,0.0,-0.20699921593618983
282,3,0.0,0.0,0.0,0.0,0.0
282,4,0.0,0.0,0.0,0.0,0.0
283,0,0.0,-0.01349985307683149,0.0,0.0,-5.438835428296014
283,1,0.0,0.0,-0.0001382868965565141,0.0,-0.902565889541184
283,2,0.0,0.0,0.0,0.0,-0.20699921593618983
283,3,0.0,0.0,0.0,0.0,0.0
283,4,0.0,0.0,0.0,0.0,0.0
284,0,0.0,-0.01349985307683149,0.0,0.0,-5.449283391963363
284,1,0.0,0.0,-0.0001382868965565141,0.0,-0.902565889541184
284,2,0.0,0.0,0.0,0.0,-0.20699921593618983
284,3,0.0,0.0,0.0,0.0,0.0
284,4,0.0,0.0,0.0,0.0,0.0
285,0,0.0,-0.01349985307683149,0.0,0.0,-5.4634131736368605
285,1,0.0,0.0,-0.0001382868965565141,0.0,-0.902565889541184
285,2,0.0,0.0,0.0,0.0,-0.20699921593618983
285,3,0.0,0.0,0.0,0.0,0.0
285,4,0.0,0.0,0.0,0.0,0.0
286,0,0.0,-0.01349985307683149,0.0,0.0,-5.477437907085869
286,1,0.0,0.0,-0.0001382868965565141,0.0,-0.902565889541184
286,2,0.0,0.0,0.0,0.0,-0.20699921593618983
286,3,0.0,0.0,0.0,0.0,0.0
286,4,0.0,0.0,0.0,0.0,0.0
287,0,0.0,-0.01349985307683149,0.0,0.0,-5.489565448649357
287,1,0.0,0.0,-0.0001382868965565141,0.0,-0.902565889541184
287,2,0.0,0.0,0.0,0.0,-0.20699921593618983
287,3,0.0,0.0,0.0,0.0,0.0
287,4,0.0,0.0,0.0,0.0,0.0
288,0,0.0,-0.014698285180708457,0.0,0.0,-5.489565448649357
288,1,0.0,0.0,-0.0001382868965565141,0.0,-0.9388588509807263
288,2,0.0,0.0,0.0,0.0,-0.20699921593618983
288,3,0.0,0.0,0.0,0.0,0.0
288,4,0.0,0.0,0.0,0.0,0.0
289,0,0.0,-0.014698285180708457,0.0,0.0,-5.509916949423289
289,1,0.0,0.0,-0.0001382868965565141,0.0,-0.9388588509807263
289,2,0.0,0.0,0.0,0.0,-0.20699921593618983
289,3,0.0,0.0,0.0,0.0,0.0
289,4,0.0,0.0,0.0,0.0,0.0
290,0,0.0,-0.014698285180708457,0.0,0.0,-5.528973041718527
290,1,0.0,0.0,-0.0001382868965565141,0.0,-0.9388588509807263
290,2,0.0,0.0,0.0,0.0,-0.20699921593618983
290,3,0.0,0.0,0.0,0.0,0.0
290,4,0.0,0.0,0.0,0.0,0.0
291,0,0.0,-0.014698285180708457,0.0,0.0,-5.5567048903702485
291,1,0.0,0.0,-0.0001382868965565141,0.0,-0.9388588509807263
291,2,0.0,0.0,0.0,0.0,-0.20699921593618983
291,3,0.0,0.0,0.0,0.0,0.0
291,4,0.0,0.0,0.0,0.0,0.0
292,0,0.0,-0.014698285180708457,0.0,0.0,-5.566802637574369
292,1,0.0,0.0,-0.0001382868965565141,0.0,-0.9388588509807263
292,2,0.0,0.0,0.0,0.0,-0.20699921593618983
292,3,0.0,0.0,0.0,0.0,0.0
292,4,0.0,0.0,0.0,0.0,0.0
293,0,0.0,-0.014698285180708457,0.0,0.0,-5.592547603006918
293,1,0.0,0.0,-0.0001382868965565141,0.0,-0.9388588509807263
293,2,0.0,0.0,0.0,0.0,-0.20699921593618983
293,3,0.0,0.0,0.0,0.0,0.0
293,4,0.0,0.0,0.0,0.0,0.0
294,0,0.0,-0.014698285180708457,0.0,0.0,-5.616849471122607
294,1,0.0,0.0,-0.0001382868965565141,0.0,-0.9388588509807263
294,2,0.0,0.0,0.0,0.0,-0.20699921593618983
294,3,0.0,0.0,0.0,0.0,0.0
294,4,0.0,0.0,0.0,0.0,0.0
295,0,0.0,-0.014698285180708457,0.0,0.0,-5.6319464087949695
295,1,0.0,0.0,-0.0001382868965565141,0.0,-0.9388588509807263
295,2,0.0,0.0,0.0,0.0,-0.20699921593618983
295,3,0.0,0.0,0.0,0.0,0.0
295,4,0.0,0.0,0.0,0.0,0.0
296,0,0.0,-0.014698285180708457,0.0,0.0,-5.634891982304775
296,1,0.0,0.0,-0.0001382868965565141,0.0,-0.9388588509807263
296,2,0.0,0.0,0.0,0.0,-0.20699921593618983
296,3,0.0,0.0,0.0,0.0,0.0
296,4,0.0,0.0,0.0,0.0,0.0
297,0,0.0,-0.014698285180708457,0.0,0.0,-5.655374813976003
297,1,0.0,0.0,-0.0001382868965565141,0.0,-0.9388588509807263
297,2,0.0,0.0,0.0,0.0,-0.20699921593618983
297,3,0.0,0.0,0.0,0.0,0.0
297,4,0.0,0.0,0.0,0.0,0.0
298,0,0.0,-0.014698285180708457,0.0,0.0,-5.67076723585957
298,1,0.0,0.0,-0.0001382868965565141,0.0,-0.9388588509807263
298,2,0.0,0.0,0.0,0.0,-0.20699921593618983
298,3,0.0,0.0,0.0,0.0,0.0
298,4,0.0,0.0,0.0,0.0,0.0
299,0,0.0,-0.014698285180708457,0.0,0.0,-5.68866478149387
299,1,0.0,0.0,-0.0001382868965565141,0.0,-0.9388588509807263
299,2,0.0,0.0,0.0,0.0,-0.20699921593618983
299,3,0.0,0.0,0.0,0.0,0.0
299,4,0.0,0.0,0.0,0.0,0.0
300,0,0.0,-0.014698285180708457,0.0,0.0,-5.700597403692775
300,1,0.0,0.0,-0.0001382868965565141,0.0,-0.9388588509807263
300,2,0.0,0.0,0.0,0.0,-0.20699921593618983
300,3,0.0,0.0,0.0,0.0,0.0
300,4,0.0,0.0,0.0,0.0,0.0
301,0,0.0,-0.014698285180708457,0.0,0.0,-5.718077537700838
301,1,0.0,0.0,-0.0001382868965565141,0.0,-0.9388588509807263
301,2,0.0,0.0,0.0,0.0,-0.20699921593618983
301,3,0.0,0.0,0.0,0.0,0.0
301,4,0.0,0.0,0.0,0.0,0.0
302,0,0.0,-0.014698285180708457,0.0,0.0,-5.7332152786145985
302,1,0.0,0.0,-0.0001382868965565141,0.0,-0.9388588509807263
302,2,0.0,0.0,0.0,0.0,-0.20699921593618983
302,3,0.0,0.0,0.0,0.0,0.0
302,4,0.0,0.0,0.0,0.0,0.0
303,0,0.0,-0.014698285180708457,0.0,0.0,-5.751588485559975
303,1,0.0,0.0,-0.0001382868965565141,0.0,-0.9388588509807263
303,2,0.0,0.0,0.0,0.0,-0.20699921593618983
303,3,0.0,0.0,0.0,0.0,0.0
303,4,0.0,0.0,0.0,0.0,0.0
304,0,0.0,-0.014698285180708457,0.0,0.0,-5.759375785109657
304,1,0.0,0.0,-0.0001382868965565141,0.0,-0.9388588509807263
304,2,0.0,0.0,0.0,0.0,-0.20699921593618983
304,3,0.0,0.0,0.0,0.0,0.0
304,4,0.0,0.0,0.0,0.0,0.0
305,0,0.0,-0.014698285180708457,0.0,0.0,-5.779484585251018
305,1,0.0,0.0,-0.0001382868965565141,0.0,-0.9388588509807263
305,2,0.0,0.0,0.0,0.0,-0.20699921593618983
305,3,0.0,0.0,0.0,0.0,0.0
305,4,0.0,0.0,0.0,0.0,0.0
306,0,0.0,-0.014698285180708457,0.0,0.0,-5.7927652185923835
306,1,0.0,0.0,-0.0001382868965565141,0.0,-0.9388588509807263
306,2,0.0,0.0,0.0,0.0,-0.20699921593618983
306,3,0.0,0.0,0.0,0.0,0.0
306,4,0.0,0.0,0.0,0.0,0.0
307,0,0.0,-0.014698285180708457,0.0,0.0,-5.813564499952011
307,1,0.0,0.0,-0.0001382868965565141,0.0,-0.9388588509807263
307,2,0.0,0.0,0.0,0.0,-0.20699921593618983
307,3,0.0,0.0,0.0,0.0,0.0
307,4,0.0,0.0,0.0,0.0,0.0
308,0,0.0,-0.014698285180708457,0.0,0.0,-5.821996179249235
308,1,0.0,0.0,-0.0001382868965565141,0.0,-0.9388588509807263
308,2,0.0,0.0,0.0,0.0,-0.20699921593618983
308,3,0.0,0.0,0.0,0.0,0.0
308,4,0.0,0.0,0.0,0.0,0.0
309,0,0.0,-0.014698285180708457,0.0,0.0,-5.844530433888278
309,1,0.0,0.0,-0.0001382868965565141,0.0,-0.9388588509807263
309,2,0.0,0.0,0.0,0.0,-0.20699921593618983
309,3,0.0,0.0,0.0,0.0,0.0
309,4,0.0,0.0,0.0,0.0,0.0
310,0,0.0,-0.014698285180708457,0.0,0.0,-5.846968077818986
310,1,0.0,0.0,-0.0001382868965565141,0.0,-0.9388588509807263
310,2,0.0,0.0,0.0,0.0,-0.20699921593618983
310,3,0.0,0.0,0.0,0.0,0.0
310,4,0.0,0.0,0.0,0.0,0.0
311,0,0.0,-0.014698285180708457,0.0,0.0,-5.853980757892697
311,1,0.0,0.0,-0.0001382868965565141,0.0,-0.9388588509807263
311,2,0.0,0.0,0.0,0.0,-0.20699921593618983
311,3,0.0,0.0,0.0,0.0,0.0
311,4,0.0,0.0,0.0,0.0,0.0
312,0,0.0,-0.014698285180708457,0.0,0.0,-5.867397366622268
312,1,0.0,0.0,-0.0001382868965565141,0.0,-0.9388588509807263
312,2,0.0,0.0,0.0,0.0,-0.20699921593618983
312,3,0.0,0.0,0.0,0.0,0.0
312,4,0.0,0.0,0.0,0.0,0.0
313,0,0.0,-0.014698285180708457,0.0,0.0,-5.87557758121757
313,1,0.0,0.0,-0.0001382868965565141,0.0,-0.9388588509807263
313,2,0.0,0.0,0.0,0.0,-0.20699921593618983
313,3,0.0,0.0,0.0,0.0,0.0
313,4,0.0,0.0,0.0,0.0,0.0
314,0,0.0,-0.014698285180708457,0.0,0.0,-5.891527807171235
314,1,0.0,0.0,-0.0001382868965565141,0.0,-0.9388588509807263
314,2,0.0,0.0,0.0,0.0,-0.20699921593618983
314,3,0.0,0.0,0.0,0.0,0.0
314,4,0.0,0.0,0.0,0.0,0.0
315,0,0.0,-0.014698285180708457,0.0,0.0,-5.909778453318465
315,1,0.0,0.0,-0.0001382868965565141,0.0,-0.9388588509807263
315,2,0.0,0.0,0.0,0.0,-0.20699921593618983
315,3,0.0,0.0,0.0,0.0,0.0
315,4,0.0,0.0,0.0,0.0,0.0
316,0,0.0,-0.014698285180708457,0.0,0.0,-5.927882560193125
316,1,0.0,0.0,-0.0001382868965565141,0.0,-0.9388588509807263
316,2,0.0,0.0,0.0,0.0,-0.20699921593618983
316,3,0.0,0.0,0.0,0.0,0.0
316,4,0.0,0.0,0.0,0.0,0.0
317,0,0.0,-0.014698285180708457,0.0,0.0,-5.932253019657426
317,1,0.0,0.0,-0.0001382868965565141,0.0,-0.9388588509807263
317,2,0.0,0.0,0.0,0.0,-0.20699921593618983
317,3,0.0,0.0,0.0,0.0,0.0
317,4,0.0,0.0,0.0,0.0,0.0
318,0,0.0,-0.014698285180708457,0.0,0.0,-5.940007885442912
318,1,0.0,0.0,-0.0001382868965565141,0.0,-0.9388588509807263
318,2,0.0,0.0,0.0,0.0,-0.20699921593618983
318,3,0.0,0.0,0.0,0.0,0.0
318,4,0.0,0.0,0.0,0.0,0.0
319,0,0.0,-0.014698285180708457,0.0,0.0,-5.947260005746958
319,1,0.0,0.0,-0.0001382868965565141,0.0,-0.9388588509807263
319,2,0.0,0.0,0.0,0.0,-0.20699921593618983
319,3,0.0,0.0,0.0,0.0,0.0
319,4,0.0,0.0,0.0,0.0,0.0
320,0,0.0,-0.014698285180708457,0.0,0.0,-5.951265929495045
320,1,0.0,0.0,-0.0001382868965565141,0.0,-0.9388588509807263
320,2,0.0,0.0,0.0,0.0,-0.20699921593618983
320,3,0.0,0.0,0.0,0.0,0.0
320,4,0.0,0.0,0.0,0.0,0.0
321,0,0.0,-0.014698285180708457,0.0,0.0,-5.958138599242397
321,1,0.0,0.0,-0.0001382868965565141,0.0,-0.9388588509807263
321,2,0.0,0.0,0.0,0.0,-0.20699921593618983
321,3,0.0,0.0,0.0,0.0,0.0
321,4,0.0,0.0,0.0,0.0,0.0
322,0,0.0,-0.014698285180708457,0.0,0.0,-5.968182928096447
322,1,0.0,0.0,-0.0001382868965565141,0.0,-0.9388588509807263
322,2,0.0,0.0,0.0,0.0,-0.20699921593618983
322,3,0.0,0.0,0.0,0.0,0.0
322,4,0.0,0.0,0.0,0.0,0.0
323,0,0.0,-0.014698285180708457,0.0,0.0,-5.975682967492565
323,1,0.0,0.0,-0.0001382868965565141,0.0,-0.9388588509807263
323,2,0.0,0.0,0.0,0.0,-0.20699921593618983
323,3,0.0,0.0,0.0,0.0,0.0
323,4,0.0,0.0,0.0,0.0,0.0
324,0,0.0,-0.014698285180708457,0.0,0.0,-5.977498673945223
324,1,0.0,0.0,-0.0001382868965565141,0.0,-0.9388588509807263
324,2,0.0,0.0,0.0,0.0,-0.20699921593618983
324,3,0.0,0.0,0.0,0.0,0.0
324,4,0.0,0.0,0.0,0.0,0.0
325,0,0.0,-0.014698285180708457,0.0,0.0,-5.9919289906071045
325,1,0.0,0.0,-0.0001382868965565141,0.0,-0.9388588509807263
325,2,0.0,0.0,0.0,0.0,-0.20699921593618983
325,3,0.0,0.0,0.0,0.0,0.0
325,4,0.0,0.0,0.0,0.0,0.0
326,0,0.0,-0.014698285180708457,0.0,0.0,-6.014072093054188
326,1,0.0,0.0,-0.0001382868965565141,0.0,-0.9388588509807263
326,2,0.0,0.0,0.0,0.0,-0.20699921593618983
326,3,0.0,0.0,0.0,0.0,0.0
326,4,0.0,0.0,0.0,0.0,0.0
327,0,0.0,-0.014698285180708457,0.0,0.0,-6.031060967753546
327,1,0.0,0.0,-0.0001382868965565141,0.0,-0.9388588509807263
327,2,0.0,0.0,0.0,0.0,-0.20699921593618983
327,3,0.0,0.0,0.0,0.0,0.0
327,4,0.0,0.0,0.0,0.0,0.0
328,0,0.0,-0.014698285180708457,0.0,0.0,-6.048273104648681
328,1,0.0,0.0,-0.0001382868965565141,0.0,-0.9388588509807263
328,2,0.0,0.0,0.0,0.0,-0.20699921593618983
328,3,0.0,0.0,0.0,0.0,0.0
328,4,0.0,0.0,0.0,0.0,0.0
329,0,0.0,-0.014698285180708457,0.0,0.0,-6.048612178474127
329,1,0.0,0.0,-0.0001382868965565141,0.0,-0.9388588509807263
329,2,0.0,0.0,0.0,0.0,-0.20699921593618983
329,3,0.0,0.0,0.0,0.0,0.0
329,4,0.0,0.0,0.0,0.0,0.0
330,0,0.0,-0.014698285180708457,0.0,0.0,-6.060169131045988
330,1,0.0,0.0,-0.0001382868965565141,0.0,-0.9388588509807263
330,2,0.0,0.0,0.0,0.0,-0.20699921593618983
330,3,0.0,0.0,0.0,0.0,0.0
330,4,0.0,0.0,0.0,0.0,0.0
331,0,0.0,-0.014698285180708457,0.0,0.0,-6.0735384827496
331,1,0.0,0.0,-0.0001382868965565141,0.0,-0.9388588509807263
331,2,0.0,0.0,0.0,0.0,-0.20699921593618983
331,3,0.0,0.0,0.0,0.0,0.0
331,4,0.0,0.0,0.0,0.0,0.0
332,0,0.0,-0.014698285180708457,0.0,0.0,-6.079674152620652
332,1,0.0,0.0,-0.0001382868965565141,0.0,-0.9388588509807263
332,2,0.0,0.0,0.0,0.0,-0.20699921593618983
332,3,0.0,0.0,0.0,0.0,0.0
332,4,0.0,0.0,0.0,0.0,0.0
333,0,0.0,-0.014698285180708457,0.0,0.0,-6.082454320394671
333,1,0.0,0.0,-0.0001382868965565141,0.0,-0.9388588509807263
333,2,0.0,0.0,0.0,0.0,-0.20699921593618983
333,3,0.0,0.0,0.0,0.0,0.0
333,4,0.0,0.0,0.0,0.0,0.0
334,0,0.0,-0.014698285180708457,0.0,0.0,-6.097703837513921
334,1,0.0,0.0,-0.0001382868965565141,0.0,-0.9388588509807263
334,2,0.0,0.0,0.0,0.0,-0.20699921593618983
334,3,0.0,0.0,0.0,0.0,0.0
334,4,0.0,0.0,0.0,0.0,0.0
335,0,0.0,-0.014698285180708457,0.0,0.0,-6.125089470382246
335,1,0.0,0.0,-0.0001382868965565141,0.0,-0.9388588509807263
335,2,0.0,0.0,0.0,0.0,-0.20699921593618983
335,3,0.0,0.0,0.0,0.0,0.0
335,4,0.0,0.0,0.0,0.0,0.0
336,0,0.0,-0.014698285180708457,0.0,0.0,-6.132732695740371
336,1,0.0,0.0,-0.0001382868965565141,0.0,-0.9388588509807263
336,2,0.0,0.0,0.0,0.0,-0.20699921593618983
336,3,0.0,0.0,0.0,0.0,0.0
336,4,0.0,0.0,0.0,0.0,0.0
337,0,0.0,-0.014698285180708457,0.0,0.0,-6.140644408578714
337,1,0.0,0.0,-0.0001382868965565141,0.0,-0.9388588509807263
337,2,0.0,0.0,0.0,0.0,-0.20699921593618983
337,3,0.0,0.0,0.0,0.0,0.0
337,4,0.0,0.0,0.0,0.0,0.0
338,0,0.0,-0.014698285180708457,0.0,0.0,-6.166803457598999
338,1,0.0,0.0,-0.0001382868965565141,0.0,-0.9388588509807263
338,2,0.0,0.0,0.0,0.0,-0.20699921593618983
338,3,0.0,0.0,0.0,0.0,0.0
338,4,0.0,0.0,0.0,0.0,0.0
339,0,0.0,-0.014698285180708457,0.0,0.0,-6.181623061699778
339,1,0.0,0.0,-0.0001382868965565141,0.0,-0.9388588509807263
339,2,0.0,0.0,0.0,0.0,-0.20699921593618983
339,3,0.0,0.0,0.0,0.0,0.0
339,4,0.0,0.0,0.0,0.0,0.0
340,0,0.0,-0.014698285180708457,0.0,0.0,-6.202884296952055
340,1,0.0,0.0,-0.0001382868965565141,0.0,-0.9388588509807263
340,2,0.0,0.0,0.0,0.0,-0.20699921593618983
340,3,0.0,0.0,0.0,0.0,0.0
340,4,0.0,0.0,0.0,0.0,0.0
341,0,0.0,-0.014698285180708457,0.0,0.0,-6.219527777857918
341,1,0.0,0.0,-0.0001382868965565141,0.0,-0.9388588509807263
341,2,0.0,0.0,0.0,0.0,-0.20699921593618983
341,3,0.0,0.0,0.0,0.0,0.0
341,4,0.0,0.0,0.0,0.0,0.0
342,0,0.0,-0.014698285180708457,0.0,0.0,-6.224734198007218
342,1,0.0,0.0,-0.0001382868965565141,0.0,-0.9388588509807263
342,2,0.0,0.0,0.0,0.0,-0.20699921593618983
342,3,0.0,0.0,0.0,0.0,0.0
342,4,0.0,0.0,0.0,0.0,0.0
343,0,0.0,-0.014698285180708457,0.0,0.0,-6.238609001212515
343,1,0.0,0.0,-0.0001382868965565141,0.0,-0.9388588509807263
343,2,0.0,0.0,0.0,0.0,-0.20699921593618983
343,3,0.0,0.0,0.0,0.0,0.0
343,4,0.0,0.0,0.0,0.0,0.0
344,0,0.0,-0.014698285180708457,0.0,0.0,-6.240676195278977
344,1,0.0,0.0,-0.0001382868965565141,0.0,-0.9388588509807263
344,2,0.0,0.0,0.0,0.0,-0.20699921593618983
344,3,0.0,0.0,0.0,0.0,0.0
344,4,0.0,0.0,0.0,0.0,0.0
345,0,0.0,-0.014698285180708457,0.0,0.0,-6.243510025911125
345,1,0.0,0.0,-0.0001382868965565141,0.0,-0.9388588509807263
345,2,0.0,0.0,0.0,0.0,-0.20699921593618983
345,3,0.0,0.0,0.0,0.0,0.0
345,4,0.0,0.0,0.0,0.0,0.0
346,0,0.0,-0.014698285180708457,0.0,0.0,-6.267923966110328
346,1,0.0,0.0,-0.0001382868965565141,0.0,-0.9388588509807263
346,2,0.0,0.0,0.0,0.0,-0.20699921593618983
346,3,0.0,0.0,0.0,0.0,0.0
346,4,0.0,0.0,0.0,0.0,0.0
347,0,0.0,-0.014698285180708457,0.0,0.0,-6.27724320723771
347,1,0.0,0.0,-0.0001382868965565141,0.0,-0.9388588509807263
347,2,0.0,0.0,0.0,0.0,-0.20699921593618983
347,3,0.0,0.0,0.0,0.0,0.0
347,4,0.0,0.0,0.0,0.0,0.0
348,0,0.0,-0.014698285180708457,0.0,0.0,-6.294288519566224
348,1,0.0,0.0,-0.0001382868965565141,0.0,-0.9388588509807263
348,2,0.0,0.0,0.0,0.0,-0.20699921593618983
348,3,0.0,0.0,0.0,0.0,0.0
348,4,0.0,0.0,0.0,0.0,0.0
349,0,0.0,-0.014698285180708457,0.0,0.0,-6.301968536644122
349,1,0.0,0.0,-0.0001382868965565141,0.0,-0.9388588509807263
349,2,0.0,0.0,0.0,0.0,-0.20699921593618983
349,3,0.0,0.0,0.0,0.0,0.0
349,4,0.0,0.0,0.0,0.0,0.0
350,0,0.0,-0.014698285180708457,0.0,0.0,-6.319446593654443
350,1,0.0,0.0,-0.0001382868965565141,0.0,-0.9388588509807263
350,2,0.0,0.0,0.0,0.0,-0.20699921593618983
350,3,0.0,0.0,0.0,0.0,0.0
350,4,0.0,0.0,0.0,0.0,0.0
351,0,0.0,-0.014698285180708457,0.0,0.0,-6.331587176453009
351,1,0.0,0.0,-0.0001382868965565141,0.0,-0.9388588509807263
351,2,0.0,0.0,0.0,0.0,-0.20699921593618983
351,3,0.0,0.0,0.0,0.0,0.0
351,4,0.0,0.0,0.0,0.0,0.0
352,0,0.0,-0.014698285180708457,0.0,0.0,-6.350388212888568
352,1,0.0,0.0,-0.0001382868965565141,0.0,-0.9388588509807263
352,2,0.0,0.0,0.0,0.0,-0.20699921593618983
352,3,0.0,0.0,0.0,0.0,0.0
352,4,0.0,0.0,0.0,0.0,0.0
353,0,0.0,-0.014698285180708457,0.0,0.0,-6.369052863739381
353,1,0.0,0.0,-0.0001382868965565141,0.0,-0.9388588509807263
353,2,0.0,0.0,0.0,0.0,-0.20699921593618983
353,3,0.0,0.0,0.0,0.0,0.0
353,4,0.0,0.0,0.0,0.0,0.0
354,0,0.0,-0.014698285180708457,0.0,0.0,-6.399589769966922
354,1,0.0,0.0,-0.0001382868965565141,0.0,-0.9388588509807263
354,2,0.0,0.0,0.0,0.0,-0.20699921593618983
354,3,0.0,0.0,0.0,0.0,0.0
354,4,0.0,0.0,0.0,0.0,0.0
355,0,0.0,-0.014698285180708457,0.0,0.0,-6.416087756625583
355,1,0.0,0.0,-0.0001382868965565141,0.0,-0.9388588509807263
355,2,0.0,0.0,0.0,0.0,-0.20699921593618983
355,3,0.0,0.0,0.0,0.0,0.0
355,4,0.0,0.0,0.0,0.0,0.0
356,0,0.0,-0.014698285180708457,0.0,0.0,-6.4184978109853175
356,1,0.0,0.0,-0.0001382868965565141,0.0,-0.9388588509807263
356,2,0.0,0.0,0.0,0.0,-0.20699921593618983
356,3,0.0,0.0,0.0,0.0,0.0
356,4,0.0,0.0,0.0,0.0,0.0
357,0,0.0,-0.014698285180708457,0.0,0.0,-6.419423783898573
357,1,0.0,0.0,-0.0001382868965565141,0.0,-0.9388588509807263
357,2,0.0,0.0,0.0,0.0,-0.20699921593618983
357,3,0.0,0.0,0.0,0.0,0.0
357,4,0.0,0.0,0.0,0.0,0.0
358,0,0.0,-0.014698285180708457,0.0,0.0,-6.419465182421414
358,1,0.0,0.0,-0.0001382868965565141,0.0,-0.9388588509807263
358,2,0.0,0.0,0.0,0.0,-0.20699921593618983
358,3,0.0,0.0,0.0,0.0,0.0
358,4,0.0,0.0,0.0,0.0,0.0
359,0,0.0,-0.014698285180708457,0.0,0.0,-6.434506769874956
359,1,0.0,0.0,-0.0001382868965565141,0.0,-0.9388588509807263
359,2,0.0,0.0,0.0,0.0,-0.20699921593618983
359,3,0.0,0.0,0.0,0.0,0.0
359,4,0.0,0.0,0.0,0.0,0.0
360,0,0.0,-0.014698285180708457,0.0,0.0,-6.45927839338366
360,1,0.0,0.0,-0.0001382868965565141,0.0,-0.9388588509807263
360,2,0.0,0.0,0.0,0.0,-0.20699921593618983
360,3,0.0,0.0,0.0,0.0,0.0
360,4,0.0,0.0,0.0,0.0,0.0
361,0,0.0,-0.014698285180708457,0.0,0.0,-6.468134249489009
361,1,0.0,0.0,-0.0001382868965565141,0.0,-0.9388588509807263
361,2,0.0,0.0,0.0,0.0,-0.20699921593618983
361,3,0.0,0.0,0.0,0.0,0.0
361,4,0.0,0.0,0.0,0.0,0.0
362,0,0.0,-0.014698285180708457,0.0,0.0,-6.476517749443128
362,1,0.0,0.0,-0.0001382868965565141,0.0,-0.9388588509807263
362,2,0.0,0.0,0.0,0.0,-0.20699921593618983
362,3,0.0,0.0,0.0,0.0,0.0
362,4,0.0,0.0,0.0,0.0,0.0
363,0,0.0,-0.014698285180708457,0.0,0.0,-6.486221944414592
363,1,0.0,0.0,-0.0001382868965565141,0.0,-0.9388588509807263
363,2,0.0,0.0,0.0,0.0,-0.20699921593618983
363,3,0.0,0.0,0.0,0.0,0.0
363,4,0.0,0.0,0.0,0.0,0.0
364,0,0.0,-0.014698285180708457,0.0,0.0,-6.500568075625824
364,1,0.0,0.0,-0.0001382868965565141,0.0,-0.9388588509807263
364,2,0.0,0.0,0.0,0.0,-0.20699921593618983
364,3,0.0,0.0,0.0,0.0,0.0
364,4,0.0,0.0,0.0,0.0,0.0
365,0,0.0,-0.014698285180708457,0.0,0.0,-6.514571931006478
365,1,0.0,0.0,-0.0001382868965565141,0.0,-0.9388588509807263
365,2,0.0,0.0,0.0,0.0,-0.20699921593618983
365,3,0.0,0.0,0.0,0.0,0.0
365,4,0.0,0.0,0.0,0.0,0.0
366,0,0.0,-0.014698285180708457,0.0,0.0,-6.516090339610422
366,1,0.0,0.0,-0.0001382868965565141,0.0,-0.9388588509807263
366,2,0.0,0.0,0.0,0.0,-0.20699921593618983
366,3,0.0,0.0,0.0,0.0,0.0
366,4,0.0,0.0,0.0,0.0,0.0
367,0,0.0,-0.014698285180708457,0.0,0.0,-6.517940772655299
367,1,0.0,0.0,-0.0001382868965565141,0.0,-0.9388588509807263
367,2,0.0,0.0,0.0,0.0,-0.20699921593618983
367,3,0.0,0.0,0.0,0.0,0.0
367,4,0.0,0.0,0.0,0.0,0.0
368,0,0.0,-0.014698285180708457,0.0,0.0,-6.540862117223314
368,1,0.0,0.0,-0.0001382868965565141,0.0,-0.9388588509807263
368,2,0.0,0.0,0.0,0.0,-0.20699921593618983
368,3,0.0,0.0,0.0,0.0,0.0
368,4,0.0,0.0,0.0,0.0,0.0
369,0,0.0,-0.014698285180708457,0.0,0.0,-6.544675933707667
369,1,0.0,0.0,-0.0001382868965565141,0.0,-0.9388588509807263
369,2,0.0,0.0,0.0,0.0,-0.20699921593618983
369,3,0.0,0.0,0.0,0.0,0.0
369,4,0.0,0.0,0.0,0.0,0.0
370,0,0.0,-0.014698285180708457,0.0,0.0,-6.548667730725017
370,1,0.0,0.0,-0.0001382868965565141,0.0,-0.9388588509807263
370,2,0.0,0.0,0.0,0.0,-0.20699921593618983
370,3,0.0,0.0,0.0,0.0,0.0
370,4,0.0,0.0,0.0,0.0,0.0
371,0,0.0,-0.014698285180708457,0.0,0.0,-6.556161235031159
371,1,0.0,0.0,-0.0001382868965565141,0.0,-0.9388588509807263
371,2,0.0,0.0,0.0,0.0,-0.20699921593618983
371,3,0.0,0.0,0.0,0.0,0.0
371,4,0.0,0.0,0.0,0.0,0.0
372,0,0.0,-0.014698285180708457,0.0,0.0,-6.562408082227957
372,1,0.0,0.0,-0.0001382868965565141,0.0,-0.9388588509807263
372,2,0.0,0.0,0.0,0.0,-0.20699921593618983
372,3,0.0,0.0,0.0,0.0,0.0
372,4,0.0,0.0,0.0,0.0,0.0
373,0,0.0,-0.014698285180708457,0.0,0.0,-6.588078244246165
373,1,0.0,0.0,-0.0001382868965565141,0.0,-0.9388588509807263
373,2,0.0,0.0,0.0,0.0,-0.20699921593618983
373,3,0.0,0.0,0.0,0.0,0.0
373,4,0.0,0.0,0.0,0.0,0.0
374,0,0.0,-0.014698285180708457,0.0,0.0,-6.601317149828219
374,1,0.0,0.0,-0.0001382868965565141,0.0,-0.9388588509807263
374,2,0.0,0.0,0.0,0.0,-0.20699921593618983
374,3,0.0,0.0,0.0,0.0,0.0
374,4,0.0,0.0,0.0,0.0,0.0
375,0,0.0,-0.014698285180708457,0.0,0.0,-6.604203956983173
375,1,0.0,0.0,-0.0001382868965565141,0.0,-0.9388588509807263
375,2,0.0,0.0,0.0,0.0,-0.20699921593618983
375,3,0.0,0.0,0.0,0.0,0.0
375,4,0.0,0.0,0.0,0.0,0.0
376,0,0.0,-0.014698285180708457,0.0,0.0,-6.608079436472818
376,1,0.0,0.0,-0.0001382868965565141,0.0,-0.9388588509807263
376,2,0.0,0.0,0.0,0.0,-0.20699921593618983
376,3,0.0,0.0,0.0,0.0,0.0
376,4,0.0,0.0,0.0,0.0,0.0
377,0,0.0,-0.014698285180708457,0.0,0.0,-6.627788520513687
377,1,0.0,0.0,-0.0001382868965565141,0.0,-0.9388588509807263
377,2,0.0,0.0,0.0,0.0,-0.20699921593618983
377,3,0.0,0.0,0.0,0.0,0.0
377,4,0.0,0.0,0.0,0.0,0.0
378,0,0.0,-0.014698285180708457,0.0,0.0,-6.637639714155644
378,1,0.0,0.0,-0.0001382868965565141,0.0,-0.9388588509807263
378,2,0.0,0.0,0.0,0.0,-0.20699921593618983
378,3,0.0,0.0,0.0,0.0,0.0
378,4,0.0,0.0,0.0,0.0,0.0
379,0,0.0,-0.014698285180708457,0.0,0.0,-6.657741213914687
379,1,0.0,0.0,-0.0001382868965565141,0.0,-0.9388588509807263
379,2,0.0,0.0,0.0,0.0,-0.20699921593618983
379,3,0.0,0.0,0.0,0.0,0.0
379,4,0.0,0.0,0.0,0.0,0.0
380,0,0.0,-0.014698285180708457,0.0,0.0,-6.664939534383791
380,1,0.0,0.0,-0.0001382868965565141,0.0,-0.9388588509807263
380,2,0.0,0.0,0.0,0.0,-0.20699921593618983
380,3,0.0,0.0,0.0,0.0,0.0
380,4,0.0,0.0,0.0,0.0,0.0
381,0,0.0,-0.014698285180708457,0.0,0.0,-6.673919161809985
381,1,0.0,0.0,-0.0001382868965565141,0.0,-0.9388588509807263
381,2,0.0,0.0,0.0,0.0,-0.20699921593618983
381,3,0.0,0.0,0.0,0.0,0.0
381,4,0.0,0.0,0.0,0.0,0.0
382,0,0.0,-0.014698285180708457,0.0,0.0,-6.689915244916095
382,1,0.0,0.0,-0.0001382868965565141,0.0,-0.9388588509807263
382,2,0.0,0.0,0.0,0.0,-0.20699921593618983
382,3,0.0,0.0,0.0,0.0,0.0
382,4,0.0,0.0,0.0,0.0,0.0
383,0,0.0,-0.014698285180708457,0.0,0.0,-6.701039529006459
383,1,0.0,0.0,-0.0001382868965565141,0.0,-0.9388588509807263
383,2,0.0,0.0,0.0,0.0,-0.20699921593618983
383,3,0.0,0.0,0.0,0.0,0.0
383,4,0.0,0.0,0.0,0.0,0.0
384,0,0.0,-0.014698285180708457,0.0,0.0,-6.713672333953796
384,1,0.0,0.0,-0.0001382868965565141,0.0,-0.9388588509807263
384,2,0.0,0.0,0.0,0.0,-0.20699921593618983
384,3,0.0,0.0,0.0,0.0,0.0
384,4,0.0,0.0,0.0,0.0,0.0
385,0,0.0,-0.014698285180708457,0.0,0.0,-6.73370449056915
385,1,0.0,0.0,-0.0001382868965565141,0.0,-0.9388588509807263
385,2,0.0,0.0,0.0,0.0,-0.20699921593618983
385,3,0.0,0.0,0.0,0.0,0.0
385,4,0.0,0.0,0.0,0.0,0.0
386,0,0.0,-0.014698285180708457,0.0,0.0,-6.7405424398723675
386,1,0.0,0.0,-0.0001382868965565141,0.0,-0.9388588509807263
386,2,0.0,0.0,0.0,0.0,-0.20699921593618983
386,3,0.0,0.0,0.0,0.0,0.0
386,4,0.0,0.0,0.0,0.0,0.0
387,0,0.0,-0.014698285180708457,0.0,0.0,-6.755913405727702
387,1,0.0,0.0,-0.0001382868965565141,0.0,-0.9388588509807263
387,2,0.0,0.0,0.0,0.0,-0.20699921593618983
387,3,0.0,0.0,0.0,0.0,0.0
387,4,0.0,0.0,0.0,0.0,0.0
388,0,0.0,-0.014698285180708457,0.0,0.0,-6.758378165644402
388,1,0.0,0.0,-0.0001382868965565141,0.0,-0.9388588509807263
388,2,0.0,0.0,0.0,0.0,-0.20699921593618983
388,3,0.0,0.0,0.0,0.0,0.0
388,4,0.0,0.0,0.0,0.0,0.0
389,0,0.0,-0.014698285180708457,0.0,0.0,-6.757305418901758
389,1,0.0,0.0,-0.0001382868965565141,0.0,-0.9388588509807263
389,2,0.0,0.0,0.0,0.0,-0.20699921593618983
389,3,0.0,0.0,0.0,0.0,0.0
389,4,0.0,0.0,0.0,0.0,0.0
390,0,0.0,-0.014698285180708457,0.0,0.0,-6.769757930020253
390,1,0.0,0.0,-0.0001382868965565141,0.0,-0.9388588509807263
390,2,0.0,0.0,0.0,0.0,-0.20699921593618983
390,3,0.0,0.0,0.0,0.0,0.0
390,4,0.0,0.0,0.0,0.0,0.0
391,0,0.0,-0.014698285180708457,0.0,0.0,-6.781110712236136
391,1,0.0,0.0,-0.0001382868965565141,0.0,-0.9388588509807263
391,2,0.0,0.0,0.0,0.0,-0.20699921593618983
391,3,0.0,0.0,0.0,0.0,0.0
391,4,0.0,0.0,0.0,0.0,0.0
392,0,0.0,-0.014698285180708457,0.0,0.0,-6.7864721344683065
392,1,0.0,0.0,-0.0001382868965565141,0.0,-0.9388588509807263
392,2,0.0,0.0,0.0,0.0,-0.20699921593618983
392,3,0.0,0.0,0.0,0.0,0.0
392,4,0.0,0.0,0.0,0.0,0.0
393,0,0.0,-0.014698285180708457,0.0,0.0,-6.799769435475266
393,1,0.0,0.0,-0.0001382868965565141,0.0,-0.9388588509807263
393,2,0.0,0.0,0.0,0.0,-0.20699921593618983
393,3,0.0,0.0,0.0,0.0,0.0
393,4,0.0,0.0,0.0,0.0,0.0
394,0,0.0,-0.014698285180708457,0.0,0.0,-6.803844713573866
394,1,0.0,0.0,-0.0001382868965565141,0.0,-0.9388588509807263
394,2,0.0,0.0,0.0,0.0,-0.20699921593618983
394,3,0.0,0.0,0.0,0.0,0.0
394,4,0.0,0.0,0.0,0.0,0.0
395,0,0.0,-0.014698285180708457,0.0,0.0,-6.818503876751448
395,1,0.0,0.0,-0.0001382868965565141,0.0,-0.9388588509807263
395,2,0.0,0.0,0.0,0.0,-0.20699921593618983
395,3,0.0,0.0,0.0,0.0,0.0
395,4,0.0,0.0,0.0,0.0,0.0
396,0,0.0,-0.014698285180708457,0.0,0.0,-6.831062237411109
396,1,0.0,0.0,-0.0001382868965565141,0.0,-0.9388588509807263
396,2,0.0,0.0,0.0,0.0,-0.20699921593618983
396,3,0.0,0.0,0.0,0.0,0.0
396,4,0.0,0.0,0.0,0.0,0.0
397,0,0.0,-0.014698285180708457,0.0,0.0,-6.847864818693741
397,1,0.0,0.0,-0.0001382868965565141,0.0,-0.9388588509807263
397,2,0.0,0.0,0.0,0.0,-0.20699921593618983
397,3,0.0,0.0,0.0,0.0,0.0
397,4,0.0,0.0,0.0,0.0,0.0
398,0,0.0,-0.014698285180708457,0.0,0.0,-6.858104820860491
398,1,0.0,0.0,-0.0001382868965565141,0.0,-0.9388588509807263
398,2,0.0,0.0,0.0,0.0,-0.20699921593618983
398,3,0.0,0.0,0.0,0.0,0.0
398,4,0.0,0.0,0.0,0.0,0.0
399,0,0.0,-0.014698285180708457,0.0,0.0,-6.870004686670273
399,1,0.0,0.0,-0.0001382868965565141,0.0,-0.9388588509807263
399,2,0.0,0.0,0.0,0.0,-0.20699921593618983
399,3,0.0,0.0,0.0,0.0,0.0
399,4,0.0,0.0,0.0,0.0,0.0
400,0,0.0,-0.014698285180708457,0.0,0.0,-6.874278267064444
400,1,0.0,0.0,-0.0001382868965565141,0.0,-0.9388588509807263
400,2,0.0,0.0,0.0,0.0,-0.20699921593618983
400,3,0.0,0.0,0.0,0.0,0.0
400,4,0.0,0.0,0.0,0.0,0.0
401,0,0.0,-0.014698285180708457,0.0,0.0,-6.883511730048781
401,1,0.0,0.0,-0.0001382868965565141,0.0,-0.9388588509807263
401,2,0.0,0.0,0.0,0.0,-0.20699921593618983
401,3,0.0,0.0,0.0,0.0,0.0
401,4,0.0,0.0,0.0,0.0,0.0
402,0,0.0,-0.014698285180708457,0.0,0.0,-6.885149412896015
402,1,0.0,0.0,-0.0001382868965565141,0.0,-0.9388588509807263
402,2,0.0,0.0,0.0,0.0,-0.20699921593618983
402,3,0.0,0.0,0.0,0.0,0.0
402,4,0.0,0.0,0.0,0.0,0.0
403,0,0.0,-0.014698285180708457,0.0,0.0,-6.907314318291041
403,1,0.0,0.0,-0.0001382868965565141,0.0,-0.9388588509807263
403,2,0.0,0.0,0.0,0.0,-0.20699921593618983
403,3,0.0,0.0,0.0,0.0,0.0
403,4,0.0,0.0,0.0,0.0,0.0
404,0,0.0,-0.014698285180708457,0.0,0.0,-6.919529072936289
404,1,0.0,0.0,-0.0001382868965565141,0.0,-0.9388588509807263
404,2,0.0,0.0,0.0,0.0,-0.20699921593618983
404,3,0.0,0.0,0.0,0.0,0.0
404,4,0.0,0.0,0.0,0.0,0.0
405,0,0.0,-0.014698285180708457,0.0,0.0,-6.933368260445586
405,1,0.0,0.0,-0.0001382868965565141,0.0,-0.9388588509807263
405,2,0.0,0.0,0.0,0.0,-0.20699921593618983
405,3,0.0,0.0,0.0,0.0,0.0
405,4,0.0,0.0,0.0,0.0,0.0
406,0,0.0,-0.014698285180708457,0.0,0.0,-6.96689930522162
406,1,0.0,0.0,-0.0001382868965565141,0.0,-0.9388588509807263
406,2,0.0,0.0,0.0,0.0,-0.20699921593618983
406,3,0.0,0.0,0.0,0.0,0.0
406,4,0.0,0.0,0.0,0.0,0.0
407,0,0.0,-0.014698285180708457,0.0,0.0,-6.985818916517363
407,1,0.0,0.0,-0.0001382868965565141,0.0,-0.9388588509807263
407,2,0.0,0.0,0.0,0.0,-0.20699921593618983
407,3,0.0,0.0,0.0,0.0,0.0
407,4,0.0,0.0,0.0,0.0,0.0
408,0,0.0,-0.014698285180708457,0.0,0.0,-7.000970796915752
408,1,0.0,0.0,-0.0001382868965565141,0.0,-0.9388588509807263
408,2,0.0,0.0,0.0,0.0,-0.20699921593618983
408,3,0.0,0.0,0.0,0.0,0.0
408,4,0.0,0.0,0.0,0.0,0.0
409,0,0.0,-0.014698285180708457,0.0,0.0,-7.014123989504041
409,1,0.0,0.0,-0.0001382868965565141,0.0,-0.9388588509807263
409,2,0.0,0.0,0.0,0.0,-0.20699921593618983
409,3,0.0,0.0,0.0,0.0,0.0
409,4,0.0,0.0,0.0,0.0,0.0
410,0,0.0,-0.014698285180708457,0.0,0.0,-7.024222745081563
410,1,0.0,0.0,-0.0001382868965565141,0.0,-0.9388588509807263
410,2,0.0,0.0,0.0,0.0,-0.20699921593618983
410,3,0.0,0.0,0.0,0.0,0.0
410,4,0.0,0.0,0.0,0.0,0.0
411,0,0.0,-0.014698285180708457,0.0,0.0,-7.046099816380936
411,1,0.0,0.0,-0.0001382868965565141,0.0,-0.9388588509807263
411,2,0.0,0.0,0.0,0.0,-0.20699921593618983
411,3,0.0,0.0,0.0,0.0,0.0
411,4,0.0,0.0,0.0,0.0,0.0
412,0,0.0,-0.014698285180708457,0.0,0.0,-7.04842186707837
412,1,0.0,0.0,-0.0001382868965565141,0.0,-0.9388588509807263
412,2,0.0,0.0,0.0,0.0,-0.20699921593618983
412,3,0.0,0.0,0.0,0.0,0.0
412,4,0.0,0.0,0.0,0.0,0.0
413,0,0.0,-0.014698285180708457,0.0,0.0,-7.057230368522267
413,1,0.0,0.0,-0.0001382868965565141,0.0,-0.9388588509807263
413,2,0.0,0.0,0.0,0.0,-0.20699921593618983
413,3,0.0,0.0,0.0,0.0,0.0
413,4,0.0,0.0,0.0,0.0,0.0
414,0,0.0,-0.014698285180708457,0.0,0.0,-7.070587303906965
414,1,0.0,0.0,-0.0001382868965565141,0.0,-0.9388588509807263
414,2,0.0,0.0,0.0,0.0,-0.20699921593618983
414,3,0.0,0.0,0.0,0.0,0.0
414,4,0.0,0.0,0.0,0.0,0.0
415,0,0.0,-0.014698285180708457,0.0,0.0,-7.082787350638012
415,1,0.0,0.0,-0.0001382868965565141,0.0,-0.9388588509807263
415,2,0.0,0.0,0.0,0.0,-0.20699921593618983
415,3,0.0,0.0,0.0,0.0,0.0
415,4,0.0,0.0,0.0,0.0,0.0
416,0,0.0,-0.014698285180708457,0.0,0.0,-7.090590166773704
416,1,0.0,0.0,-0.0001382868965565141,0.0,-0.9388588509807263
416,2,0.0,0.0,0.0,0.0,-0.20699921593618983
416,3,0.0,0.0,0.0,0.0,0.0
416,4,0.0,0.0,0.0,0.0,0.0
417,0,0.0,-0.014698285180708457,0.0,0.0,-7.1018630656109405
417,1,0.0,0.0,-0.0001382868965565141,0.0,-0.9388588509807263
417,2,0.0,0.0,0.0,0.0,-0.20699921593618983
417,3,0.0,0.0,0.0,0.0,0.0
417,4,0.0,0.0,0.0,0.0,0.0
418,0,0.0,-0.014698285180708457,0.0,0.0,-7.104566894067429
418,1,0.0,0.0,-0.0001382868965565141,0.0,-0.9388588509807263
418,2,0.0,0.0,0.0,0.0,-0.20699921593618983
418,3,0.0,0.0,0.0,0.0,0.0
418,4,0.0,0.0,0.0,0.0,0.0
419,0,0.0,-0.014698285180708457,0.0,0.0,-7.114576479853812
419,1,0.0,0.0,-0.0001382868965565141,0.0,-0.9388588509807263
419,2,0.0,0.0,0.0,0.0,-0.20699921593618983
419,3,0.0,0.0,0.0,0.0,0.0
419,4,0.0,0.0,0.0,0.0,0.0
420,0,0.0,-0.014698285180708457,0.0,0.0,-7.124718411955711
420,1,0.0,0.0,-0.0001382868965565141,0.0,-0.9388588509807263
420,2,0.0,0.0,0.0,0.0,-0.20699921593618983
420,3,0.0,0.0,0.0,0.0,0.0
420,4,0.0,0.0,0.0,0.0,0.0
421,0,0.0,-0.014698285180708457,0.0,0.0,-7.1443590898203
421,1,0.0,0.0,-0.0001382868965565141,0.0,-0.9388588509807263
421,2,0.0,0.0,0.0,0.0,-0.20699921593618983
421,3,0.0,0.0,0.0,0.0,0.0
421,4,0.0,0.0,0.0,0.0,0.0
422,0,0.0,-0.014698285180708457,0.0,0.0,-7.143248332089889
422,1,0.0,0.0,-0.0001382868965565141,0.0,-0.9388588509807263
422,2,0.0,0.0,0.0,0.0,-0.20699921593618983
422,3,0.0,0.0,0.0,0.0,0.0
422,4,0.0,0.0,0.0,0.0,0.0
423,0,0.0,-0.014698285180708457,0.0,0.0,-7.15092077653239
423,1,0.0,0.0,-0.0001382868965565141,0.0,-0.9388588509807263
423,2,0.0,0.0,0.0,0.0,-0.20699921593618983
423,3,0.0,0.0,0.0,0.0,0.0
423,4,0.0,0.0,0.0,0.0,0.0
424,0,0.0,-0.014698285180708457,0.0,0.0,-7.152512207559526
424,1,0.0,0.0,-0.0001382868965565141,0.0,-0.9388588509807263
424,2,0.0,0.0,0.0,0.0,-0.20699921593618983
424,3,0.0,0.0,0.0,0.0,0.0
424,4,0.0,0.0,0.0,0.0,0.0
425,0,0.0,-0.014698285180708457,0.0,0.0,-7.168593768178526
425,1,0.0,0.0,-0.0001382868965565141,0.0,-0.9388588509807263
425,2,0.0,0.0,0.0,0.0,-0.20699921593618983
425,3,0.0,0.0,0.0,0.0,0.0
425,4,0.0,0.0,0.0,0.0,0.0
426,0,0.0,-0.014698285180708457,0.0,0.0,-7.1866744901432575
426,1,0.0,0.0,-0.0001382868965565141,0.0,-0.9388588509807263
426,2,0.0,0.0,0.0,0.0,-0.20699921593618983
426,3,0.0,0.0,0.0,0.0,0.0
426,4,0.0,0.0,0.0,0.0,0.0
427,0,0.0,-0.014698285180708457,0.0,0.0,-7.196948104925423
427,1,0.0,0.0,-0.0001382868965565141,0.0,-0.9388588509807263
427,2,0.0,0.0,0.0,0.0,-0.20699921593618983
427,3,0.0,0.0,0.0,0.0,0.0
427,4,0.0,0.0,0.0,0.0,0.0
428,0,0.0,-0.014698285180708457,0.0,0.0,-7.200962387087852
428,1,0.0,0.0,-0.0001382868965565141,0.0,-0.9388588509807263
428,2,0.0,0.0,0.0,0.0,-0.20699921593618983
428,3,0.0,0.0,0.0,0.0,0.0
428,4,0.0,0.0,0.0,0.0,0.0
429,0,0.0,-0.014698285180708457,0.0,0.0,-7.2091883416933555
429,1,0.0,0.0,-0.0001382868965565141,0.0,-0.9388588509807263
429,2,0.0,0.0,0.0,0.0,-0.20699921593618983
429,3,0.0,0.0,0.0,0.0,0.0
429,4,0.0,0.0,0.0,0.0,0.0
430,0,0.0,-0.014698285180708457,0.0,0.0,-7.226022762681025
430,1,0.0,0.0,-0.0001382868965565141,0.0,-0.9388588509807263
430,2,0.0,0.0,0.0,0.0,-0.20699921593618983
430,3,0.0,0.0,0.0,0.0,0.0
430,4,0.0,0.0,0.0,0.0,0.0
431,0,0.0,-0.014698285180708457,0.0,0.0,-7.2279359428648435
431,1,0.0,0.0,-0.0001382868965565141,0.0,-0.9388588509807263
431,2,0.0,0.0,0.0,0.0,-0.20699921593618983
431,3,0.0,0.0,0.0,0.0,0.0
431,4,0.0,0.0,0.0,0.0,0.0
432,0,0.0,-0.015975034223237792,0.0,0.0,-7.2279359428648435
432,1,0.0,0.0,-0.0001382868965565141,0.0,-0.9732946859696023
432,2,0.0,0.0,0.0,0.0,-0.20699921593618983
432,3,0.0,0.0,0.0,0.0,0.0
432,4,0.0,0.0,0.0,0.0,0.0
433,0,0.0,-0.015975034223237792,0.0,0.0,-7.23523045737577
433,1,0.0,0.0,-0.0001382868965565141,0.0,-0.9732946859696023
433,2,0.0,0.0,0.0,0.0,-0.20699921593618983
433,3,0.0,0.0,0.0,0.0,0.0
433,4,0.0,0.0,0.0,0.0,0.0
434,0,0.0,-0.015975034223237792,0.0,0.0,-7.236047677367501
434,1,0.0,0.0,-0.0001382868965565141,0.0,-0.9732946859696023
434,2,0.0,0.0,0.0,0.0,-0.20699921593618983
434,3,0.0,0.0,0.0,0.0,0.0
434,4,0.0,0.0,0.0,0.0,0.0
435,0,0.0,-0.015975034223237792,0.0,0.0,-7.25170715512448
435,1,0.0,0.0,-0.0001382868965565141,0.0,-0.9732946859696023
435,2,0.0,0.0,0.0,0.0,-0.20699921593618983
435,3,0.0,0.0,0.0,0.0,0.0
435,4,0.0,0.0,0.0,0.0,0.0
436,0,0.0,-0.015975034223237792,0.0,0.0,-7.259070457290587
436,1,0.0,0.0,-0.0001382868965565141,0.0,-0.9732946859696023
436,2,0.0,0.0,0.0,0.0,-0.20699921593618983
436,3,0.0,0.0,0.0,0.0,0.0
436,4,0.0,0.0,0.0,0.0,0.0
437,0,0.0,-0.015975034223237792,0.0,0.0,-7.278863929857596
437,1,0.0,0.0,-0.0001382868965565141,0.0,-0.9732946859696023
437,2,0.0,0.0,0.0,0.0,-0.20699921593618983
437,3,0.0,0.0,0.0,0.0,0.0
437,4,0.0,0.0,0.0,0.0,0.0
438,0,0.0,-0.015975034223237792,0.0,0.0,-7.289801710667383
438,1,0.0,0.0,-0.0001382868965565141,0.0,-0.9732946859696023
438,2,0.0,0.0,0.0,0.0,-0.20699921593618983
438,3,0.0,0.0,0.0,0.0,0.0
438,4,0.0,0.0,0.0,0.0,0.0
439,0,0.0,-0.015975034223237792,0.0,0.0,-7.304888255733535
439,1,0.0,0.0,-0.0001382868965565141,0.0,-0.9732946859696023
439,2,0.0,0.0,0.0,0.0,-0.20699921593618983
439,3,0.0,0.0,0.0,0.0,0.0
439,4,0.0,0.0,0.0,0.0,0.0
440,0,0.0,-0.015975034223237792,0.0,0.0,-7.308298332981179
440,1,0.0,0.0,-0.0001382868965565141,0.0,-0.9732946859696023
440,2,0.0,0.0,0.0,0.0,-0.20699921593618983
440,3,0.0,0.0,0.0,0.0,0.0
440,4,0.0,0.0,0.0,0.0,0.0
441,0,0.0,-0.015975034223237792,0.0,0.0,-7.323653399543201
441,1,0.0,0.0,-0.0001382868965565141,0.0,-0.9732946859696023
441,2,0.0,0.0,0.0,0.0,-0.20699921593618983
441,3,0.0,0.0,0.0,0.0,0.0
441,4,0.0,0.0,0.0,0.0,0.0
442,0,0.0,-0.015975034223237792,0.0,0.0,-7.32499915920929
442,1,0.0,0.0,-0.0001382868965565141,0.0,-0.9732946859696023
442,2,0.0,0.0,0.0,0.0,-0.20699921593618983
442,3,0.0,0.0,0.0,0.0,0.0
442,4,0.0,0.0,0.0,0.0,0.0
443,0,0.0,-0.015975034223237792,0.0,0.0,-7.3386245509363635
443,1,0.0,0.0,-0.0001382868965565141,0.0,-0.9732946859696023
443,2,0.0,0.0,0.0,0.0,-0.20699921593618983
443,3,0.0,0.0,0.0,0.0,0.0
443,4,0.0,0.0,0.0,0.0,0.0
444,0,0.0,-0.015975034223237792,0.0,0.0,-7.360026119509011
444,1,0.0,0.0,-0.0001382868965565141,0.0,-0.9732946859696023
444,2,0.0,0.0,0.0,0.0,-0.20699921593618983
444,3,0.0,0.0,0.0,0.0,0.0
444,4,0.0,0.0,0.0,0.0,0.0
445,0,0.0,-0.015975034223237792,0.0,0.0,-7.364816873312537
445,1,0.0,0.0,-0.0001382868965565141,0.0,-0.9732946859696023
445,2,0.0,0.0,0.0,0.0,-0.20699921593618983
445,3,0.0,0.0,0.0,0.0,0.0
445,4,0.0,0.0,0.0,0.0,0.0
446,0,0.0,-0.015975034223237792,0.0,0.0,-7.368143400027391
446,1,0.0,0.0,-0.0001382868965565141,0.0,-0.9732946859696023
446,2,0.0,0.0,0.0,0.0,-0.20699921593618983
446,3,0.0,0.0,0.0,0.0,0.0
446,4,0.0,0.0,0.0,0.0,0.0
447,0,0.0,-0.015975034223237792,0.0,0.0,-7.372531338010661
447,1,0.0,0.0,-0.0001382868965565141,0.0,-0.9732946859696023
447,2,0.0,0.0,0.0,0.0,-0.20699921593618983
447,3,0.0,0.0,0.0,0.0,0.0
447,4,0.0,0.0,0.0,0.0,0.0
448,0,0.0,-0.015975034223237792,0.0,0.0,-7.391069692024259
448,1,0.0,0.0,-0.0001382868965565141,0.0,-0.9732946859696023
448,2,0.0,0.0,0.0,0.0,-0.20699921593618983
448,3,0.0,0.0,0.0,0.0,0.0
448,4,0.0,0.0,0.0,0.0,0.0
449,0,0.0,-0.015975034223237792,0.0,0.0,-7.392076459479343
449,1,0.0,0.0,-0.0001382868965565141,0.0,-0.9732946859696023
449,2,0.0,0.0,0.0,0.0,-0.20699921593618983
449,3,0.0,0.0,0.0,0.0,0.0
449,4,0.0,0.0,0.0,0.0,0.0
450,0,0.0,-0.015975034223237792,0.0,0.0,-7.4004849274656666
450,1,0.0,0.0,-0.0001382868965565141,0.0,-0.9732946859696023
450,2,0.0,0.0,0.0,0.0,-0.20699921593618983
450,3,0.0,0.0,0.0,0.0,0.0
450,4,0.0,0.0,0.0,0.0,0.0
451,0,0.0,-0.015975034223237792,0.0,0.0,-7.403215090364467
451,1,0.0,0.0,-0.0001382868965565141,0.0,-0.9732946859696023
451,2,0.0,0.0,0.0,0.0,-0.20699921593618983
451,3,0.0,0.0,0.0,0.0,0.0
451,4,0.0,0.0,0.0,0.0,0.0
452,0,0.0,-0.015975034223237792,0.0,0.0,-7.412278493661279
452,1,0.0,0.0,-0.0001382868965565141,0.0,-0.9732946859696023
452,2,0.0,0.0,0.0,0.0,-0.20699921593618983
452,3,0.0,0.0,0.0,0.0,0.0
452,4,0.0,0.0,0.0,0.0,0.0
453,0,0.0,-0.015975034223237792,0.0,0.0,-7.42448869478589
453,1,0.0,0.0,-0.0001382868965565141,0.0,-0.9732946859696023
453,2,0.0,0.0,0.0,0.0,-0.20699921593618983
453,3,0.0,0.0,0.0,0.0,0.0
453,4,0.0,0.0,0.0,0.0,0.0
454,0,0.0,-0.015975034223237792,0.0,0.0,-7.429867112115912
454,1,0.0,0.0,-0.0001382868965565141,0.0,-0.9732946859696023
454,2,0.0,0.0,0.0,0.0,-0.20699921593618983
454,3,0.0,0.0,0.0,0.0,0.0
454,4,0.0,0.0,0.0,0.0,0.0
455,0,0.0,-0.015975034223237792,0.0,0.0,-7.447142246101852
455,1,0.0,0.0,-0.0001382868965565141,0.0,-0.9732946859696023
455,2,0.0,0.0,0.0,0.0,-0.20699921593618983
455,3,0.0,0.0,0.0,0.0,0.0
455,4,0.0,0.0,0.0,0.0,0.0
456,0,0.0,-0.015975034223237792,0.0,0.0,-7.452691052616226
456,1,0.0,0.0,-0.0001382868965565141,0.0,-0.9732946859696023
456,2,0.0,0.0,0.0,0.0,-0.20699921593618983
456,3,0.0,0.0,0.0,0.0,0.0
456,4,0.0,0.0,0.0,0.0,0.0
457,0,0.0,-0.015975034223237792,0.0,0.0,-7.465690247911617
457,1,0.0,0.0,-0.0001382868965565141,0.0,-0.9732946859696023
457,2,0.0,0.0,0.0,0.0,-0.20699921593618983
457,3,0.0,0.0,0.0,0.0,0.0
457,4,0.0,0.0,0.0,0.0,0.0
458,0,0.0,-0.015975034223237792,0.0,0.0,-7.481182258648559
458,1,0.0,0.0,-0.0001382868965565141,0.0,-0.9732946859696023
458,2,0.0,0.0,0.0,0.0,-0.20699921593618983
458,3,0.0,0.0,0.0,0.0,0.0
458,4,0.0,0.0,0.0,0.0,0.0
459,0,0.0,-0.015975034223237792,0.0,0.0,-7.48277231220573
459,1,0.0,0.0,-0.0001382868965565141,0.0,-0.9732946859696023
459,2,0.0,0.0,0.0,0.0,-0.20699921593618983
459,3,0.0,0.0,0.0,0.0,0.0
459,4,0.0,0.0,0.0,0.0,0.0
460,0,0.0,-0.015975034223237792,0.0,0.0,-7.4863096467823285
460,1,0.0,0.0,-0.0001382868965565141,0.0,-0.9732946859696023
460,2,0.0,0.0,0.0,0.0,-0.20699921593618983
460,3,0.0,0.0,0.0,0.0,0.0
460,4,0.0,0.0,0.0,0.0,0.0
461,0,0.0,-0.017326312283696816,0.0,0.0,-7.4863096467823285
461,1,0.0,0.0,-0.0001382868965565141,0.0,-0.9957438947247376
461,2,0.0,0.0,0.0,0.0,-0.20699921593618983
461,3,0.0,0.0,0.0,0.0,0.0
461,4,0.0,0.0,0.0,0.0,0.0
462,0,0.0,-0.017326312283696816,0.0,0.0,-7.504481853904857
462,1,0.0,0.0,-0.0001382868965565141,0.0,-0.9957438947247376
462,2,0.0,0.0,0.0,0.0,-0.20699921593618983
462,3,0.0,0.0,0.0,0.0,0.0
462,4,0.0,0.0,0.0,0.0,0.0
463,0,0.0,-0.017326312283696816,0.0,0.0,-7.500318612111649
463,1,0.0,0.0,-0.0001382868965565141,0.0,-0.9957438947247376
463,2,0.0,0.0,0.0,0.0,-0.20699921593618983
463,3,0.0,0.0,0.0,0.0,0.0
463,4,0.0,0.0,0.0,0.0,0.0
464,0,0.0,-0.017326312283696816,0.0,0.0,-7.515458333695888
464,1,0.0,0.0,-0.0001382868965565141,0.0,-0.9957438947247376
464,2,0.0,0.0,0.0,0.0,-0.20699921593618983
464,3,0.0,0.0,0.0,0.0,0.0
464,4,0.0,0.0,0.0,0.0,0.0
465,0,0.0,-0.017326312283696816,0.0,0.0,-7.535621114267773
465,1,0.0,0.0,-0.0001382868965565141,0.0,-0.9957438947247376
465,2,0.0,0.0,0.0,0.0,-0.20699921593618983
465,3,0.0,0.0,0.0,0.0,0.0
465,4,0.0,0.0,0.0,0.0,0.0
466,0,0.0,-0.017326312283696816,0.0,0.0,-7.538526452202489
466,1,0.0,0.0,-0.0001382868965565141,0.0,-0.9957438947247376
466,2,0.0,0.0,0.0,0.0,-0.20699921593618983
466,3,0.0,0.0,0.0,0.0,0.0
466,4,0.0,0.0,0.0,0.0,0.0
467,0,0.0,-0.017326312283696816,0.0,0.0,-7.541211484198402
467,1,0.0,0.0,-0.0001382868965565141,0.0,-0.9957438947247376
467,2,0.0,0.0,0.0,0.0,-0.20699921593618983
467,3,0.0,0.0,0.0,0.0,0.0
467,4,0.0,0.0,0.0,0.0,0.0
468,0,0.0,-0.017326312283696816,0.0,0.0,-7.546778256932136
468,1,0.0,0.0,-0.0001382868965565141,0.0,-0.9957438947247376
468,2,0.0,0.0,0.0,0.0,-0.20699921593618983
468,3,0.0,0.0,0.0,0.0,0.0
468,4,0.0,0.0,0.0,0.0,0.0
469,0,0.0,-0.017326312283696816,0.0,0.0,-7.56232791082523
469,1,0.0,0.0,-0.0001382868965565141,0.0,-0.9957438947247376
469,2,0.0,0.0,0.0,0.0,-0.20699921593618983
469,3,0.0,0.0,0.0,0.0,0.0
469,4,0.0,0.0,0.0,0.0,0.0
470,0,0.0,-0.017326312283696816,0.0,0.0,-7.575730515469009
470,1,0.0,0.0,-0.0001382868965565141,0.0,-0.9957438947247376
470,2,0.0,0.0,0.0,0.0,-0.20699921593618983
470,3,0.0,0.0,0.0,0.0,0.0
470,4,0.0,0.0,0.0,0.0,0.0
471,0,0.0,-0.017326312283696816,0.0,0.0,-7.5896661476426175
471,1,0.0,0.0,-0.0001382868965565141,0.0,-0.9957438947247376
471,2,0.0,0.0,0.0,0.0,-0.20699921593618983
471,3,0.0,0.0,0.0,0.0,0.0
471,4,0.0,0.0,0.0,0.0,0.0
472,0,0.0,-0.017326312283696816,0.0,0.0,-7.604198162700657
472,1,0.0,0.0,-0.0001382868965565141,0.0,-0.9957438947247376
472,2,0.0,0.0,0.0,0.0,-0.20699921593618983
472,3,0.0,0.0,0.0,0.0,0.0
472,4,0.0,0.0,0.0,0.0,0.0
473,0,0.0,-0.017326312283696816,0.0,0.0,-7.609662582044556
473,1,0.0,0.0,-0.0001382868965565141,0.0,-0.9957438947247376
473,2,0.0,0.0,0.0,0.0,-0.20699921593618983
473,3,0.0,0.0,0.0,0.0,0.0
473,4,0.0,0.0,0.0,0.0,0.0
474,0,0.0,-0.017326312283696816,0.0,0.0,-7.619804052011672
474,1,0.0,0.0,-0.0001382868965565141,0.0,-0.9957438947247376
474,2,0.0,0.0,0.0,0.0,-0.20699921593618983
474,3,0.0,0.0,0.0,0.0,0.0
474,4,0.0,0.0,0.0,0.0,0.0
475,0,0.0,-0.017326312283696816,0.0,0.0,-7.620014031808232
475,1,0.0,0.0,-0.0001382868965565141,0.0,-0.9957438947247376
475,2,0.0,0.0,0.0,0.0,-0.20699921593618983
475,3,0.0,0.0,0.0,0.0,0.0
475,4,0.0,0.0,0.0,0.0,0.0
476,0,0.0,-0.017326312283696816,0.0,0.0,-7.636979037461345
476,1,0.0,0.0,-0.0001382868965565141,0.0,-0.9957438947247376
476,2,0.0,0.0,0.0,0.0,-0.20699921593618983
476,3,0.0,0.0,0.0,0.0,0.0
476,4,0.0,0.0,0.0,0.0,0.0
477,0,0.0,-0.017326312283696816,0.0,0.0,-7.640824219892134
477,1,0.0,0.0,-0.0001382868965565141,0.0,-0.9957438947247376
477,2,0.0,0.0,0.0,0.0,-0.20699921593618983
477,3,0.0,0.0,0.0,0.0,0.0
477,4,0.0,0.0,0.0,0.0,0.0
478,0,0.0,-0.017326312283696816,0.0,0.0,-7.646725676676725
478,1,0.0,0.0,-0.0001382868965565141,0.0,-0.9957438947247376
478,2,0.0,0.0,0.0,0.0,-0.20699921593618983
478,3,0.0,0.0,0.0,0.0,0.0
478,4,0.0,0.0,0.0,0.0,0.0
479,0,0.0,-0.017326312283696816,0.0,0.0,-7.6585982991802215
479,1,0.0,0.0,-0.0001382868965565141,0.0,-0.9957438947247376
479,2,0.0,0.0,0.0,0.0,-0.20699921593618983
479,3,0.0,0.0,0.0,0.0,0.0
479,4,0.0,0.0,0.0,0.0,0.0
480,0,0.0,-0.017326312283696816,0.0,0.0,-7.664930028204523
480,1,0.0,0.0,-0.0001382868965565141,0.0,-0.9957438947247376
480,2,0.0,0.0,0.0,0.0,-0.20699921593618983
480,3,0.0,0.0,0.0,0.0,0.0
480,4,0.0,0.0,0.0,0.0,0.0
481,0,0.0,-0.017326312283696816,0.0,0.0,-7.662950469449432
481,1,0.0,0.0,-0.0001382868965565141,0.0,-0.9957438947247376
481,2,0.0,0.0,0.0,0.0,-0.20699921593618983
481,3,0.0,0.0,0.0,0.0,0.0
481,4,0.0,0.0,0.0,0.0,0.0
482,0,0.0,-0.017326312283696816,0.0,0.0,-7.664235174523235
482,1,0.0,0.0,-0.0001382868965565141,0.0,-0.9957438947247376
482,2,0.0,0.0,0.0,0.0,-0.20699921593618983
482,3,0.0,0.0,0.0,0.0,0.0
482,4,0.0,0.0,0.0,0.0,0.0
483,0,0.0,-0.017326312283696816,0.0,0.0,-7.669557396368037
483,1,0.0,0.0,-0.0001382868965565141,0.0,-0.9957438947247376
483,2,0.0,0.0,0.0,0.0,-0.20699921593618983
483,3,0.0,0.0,0.0,0.0,0.0
483,4,0.0,0.0,0.0,0.0,0.0
484,0,0.0,-0.017326312283696816,0.0,0.0,-7.680345026463687
484,1,0.0,0.0,-0.0001382868965565141,0.0,-0.9957438947247376
484,2,0.0,0.0,0.0,0.0,-0.20699921593618983
484,3,0.0,0.0,0.0,0.0,0.0
484,4,0.0,0.0,0.0,0.0,0.0
485,0,0.0,-0.017326312283696816,0.0,0.0,-7.683040515072755
485,1,0.0,0.0,-0.0001382868965565141,0.0,-0.9957438947247376
485,2,0.0,0.0,0.0,0.0,-0.20699921593618983
485,3,0.0,0.0,0.0,0.0,0.0
485,4,0.0,0.0,0.0,0.0,0.0
486,0,0.0,-0.017326312283696816,0.0,0.0,-7.699362975507391
486,1,0.0,0.0,-0.0001382868965565141,0.0,-0.9957438947247376
486,2,0.0,0.0,0.0,0.0,-0.20699921593618983
486,3,0.0,0.0,0.0,0.0,0.0
486,4,0.0,0.0,0.0,0.0,0.0
487,0,0.0,-0.017326312283696816,0.0,0.0,-7.713420463215045
487,1,0.0,0.0,-0.0001382868965565141,0.0,-0.9957438947247376
487,2,0.0,0.0,0.0,0.0,-0.20699921593618983
487,3,0.0,0.0,0.0,0.0,0.0
487,4,0.0,0.0,0.0,0.0,0.0
488,0,0.0,-0.017326312283696816,0.0,0.0,-7.712577661766136
488,1,0.0,0.0,-0.0001382868965565141,0.0,-0.9957438947247376
488,2,0.0,0.0,0.0,0.0,-0.20699921593618983
488,3,0.0,0.0,0.0,0.0,0.0
488,4,0.0,0.0,0.0,0.0,0.0
489,0,0.0,-0.017326312283696816,0.0,0.0,-7.714580205055206
489,1,0.0,0.0,-0.0001382868965565141,0.0,-0.9957438947247376
489,2,0.0,0.0,0.0,0.0,-0.20699921593618983
489,3,0.0,0.0,0.0,0.0,0.0
489,4,0.0,0.0,0.0,0.0,0.0
490,0,0.0,-0.01872502204606848,0.0,0.0,-7.714580205055206
490,1,0.0,0.0,-0.0001382868965565141,0.0,-1.0226096381576542
490,2,0.0,0.0,0.0,0.0,-0.20699921593618983
490,3,0.0,0.0,0.0,0.0,0.0
490,4,0.0,0.0,0.0,0.0,0.0
491,0,0.0,-0.01872502204606848,0.0,0.0,-7.724593069311651
491,1,0.0,0.0,-0.0001382868965565141,0.0,-1.0226096381576542
491,2,0.0,0.0,0.0,0.0,-0.20699921593618983
491,3,0.0,0.0,0.0,0.0,0.0
491,4,0.0,0.0,0.0,0.0,0.0
492,0,0.0,-0.01872502204606848,0.0,0.0,-7.731042873612823
492,1,0.0,0.0,-0.0001382868965565141,0.0,-1.0226096381576542
492,2,0.0,0.0,0.0,0.0,-0.20699921593618983
492,3,0.0,0.0,0.0,0.0,0.0
492,4,0.0,0.0,0.0,0.0,0.0
493,0,0.0,-0.01872502204606848,0.0,0.0,-7.733742946352768
493,1,0.0,0.0,-0.0001382868965565141,0.0,-1.0226096381576542
493,2,0.0,0.0,0.0,0.0,-0.20699921593618983
493,3,0.0,0.0,0.0,0.0,0.0
493,4,0.0,0.0,0.0,0.0,0.0
494,0,0.0,-0.01872502204606848,0.0,0.0,-7.740602301620902
494,1,0.0,0.0,-0.0001382868965565141,0.0,-1.0226096381576542
494,2,0.0,0.0,0.0,0.0,-0.20699921593618983
494,3,0.0,0.0,0.0,0.0,0.0
494,4,0.0,0.0,0.0,0.0,0.0
495,0,0.0,-0.01872502204606848,0.0,0.0,-7.7505973227383596
495,1,0.0,0.0,-0.0001382868965565141,0.0,-1.0226096381576542
495,2,0.0,0.0,0.0,0.0,-0.20699921593618983
495,3,0.0,0.0,0.0,0.0,0.0
495,4,0.0,0.0,0.0,0.0,0.0
496,0,0.0,-0.01872502204606848,0.0,0.0,-7.750884995950209
496,1,0.0,0.0,-0.0001382868965565141,0.0,-1.0226096381576542
496,2,0.0,0.0,0.0,0.0,-0.20699921593618983
496,3,0.0,0.0,0.0,0.0,0.0
496,4,0.0,0.0,0.0,0.0,0.0
497,0,0.0,-0.01872502204606848,0.0,0.0,-7.760333894274286
497,1,0.0,0.0,-0.0001382868965565141,0.0,-1.0226096381576542
497,2,0.0,0.0,0.0,0.0,-0.20699921593618983
497,3,0.0,0.0,0.0,0.0,0.0
497,4,0.0,0.0,0.0,0.0,0.0
498,0,0.0,-0.01872502204606848,0.0,0.0,-7.7631619307024655
498,1,0.0,0.0,-0.0001382868965565141,0.0,-1.0226096381576542
498,2,0.0,0.0,0.0,0.0,-0.20699921593618983
498,3,0.0,0.0,0.0,0.0,0.0
498,4,0.0,0.0,0.0,0.0,0.0
499,0,0.0,-0.01872502204606848,0.0,0.0,-7.763970990077829
499,1,0.0,0.0,-0.0001382868965565141,0.0,-1.0226096381576542
499,2,0.0,0.0,0.0,0.0,-0.20699921593618983
499,3,0.0,0.0,0.0,0.0,0.0
499,4,0.0,0.0,0.0,0.0,0.0
500,0,0.0,-0.01872502204606848,0.0,0.0,-7.773797344755193
500,1,0.0,0.0,-0.0001382868965565141,0.0,-1.0226096381576542
500,2,0.0,0.0,0.0,0.0,-0.20699921593618983
500,3,0.0,0.0,0.0,0.0,0.0
500,4,0.0,0.0,0.0,0.0,0.0
501,0,0.0,-0.01872502204606848,0.0,0.0,-7.773562039520323
501,1,0.0,0.0,-0.0001382868965565141,0.0,-1.0226096381576542
501,2,0.0,0.0,0.0,0.0,-0.20699921593618983
501,3,0.0,0.0,0.0,0.0,0.0
501,4,0.0,0.0,0.0,0.0,0.0
502,0,0.0,-0.01872502204606848,0.0,0.0,-7.773544079868565
502,1,0.0,0.0,-0.0001382868965565141,0.0,-1.0226096381576542
502,2,0.0,0.0,0.0,0.0,-0.20699921593618983
502,3,0.0,0.0,0.0,0.0,0.0
502,4,0.0,0.0,0.0,0.0,0.0
503,0,0.0,-0.01872502204606848,0.0,0.0,-7.775367269960742
503,1,0.0,0.0,-0.0001382868965565141,0.0,-1.0226096381576542
503,2,0.0,0.0,0.0,0.0,-0.20699921593618983
503,3,0.0,0.0,0.0,0.0,0.0
503,4,0.0,0.0,0.0,0.0,0.0
504,0,0.0,-0.01872502204606848,0.0,0.0,-7.774947742799306
504,1,0.0,0.0,-0.0001382868965565141,0.0,-1.0226096381576542
504,2,0.0,0.0,0.0,0.0,-0.20699921593618983
504,3,0.0,0.0,0.0,0.0,0.0
504,4,0.0,0.0,0.0,0.0,0.0
505,0,0.0,-0.01872502204606848,0.0,0.0,-7.778148292308145
505,1,0.0,0.0,-0.0001382868965565141,0.0,-1.0226096381576542
505,2,0.0,0.0,0.0,0.0,-0.20699921593618983
505,3,0.0,0.0,0.0,0.0,0.0
505,4,0.0,0.0,0.0,0.0,0.0
506,0,0.0,-0.01872502204606848,0.0,0.0,-7.78154231169837
506,1,0.0,0.0,-0.0001382868965565141,0.0,-1.0226096381576542
506,2,0.0,0.0,0.0,0.0,-0.20699921593618983
506,3,0.0,0.0,0.0,0.0,0.0
506,4,0.0,0.0,0.0,0.0,0.0
507,0,0.0,-0.01872502204606848,0.0,0.0,-7.790691090609891
507,1,0.0,0.0,-0.0001382868965565141,0.0,-1.0226096381576542
507,2,0.0,0.0,0.0,0.0,-0.20699921593618983
507,3,0.0,0.0,0.0,0.0,0.0
507,4,0.0,0.0,0.0,0.0,0.0
508,0,0.0,-0.01872502204606848,0.0,0.0,-7.79537569282037
508,1,0.0,0.0,-0.0001382868965565141,0.0,-1.0226096381576542
508,2,0.0,0.0,0.0,0.0,-0.20699921593618983
508,3,0.0,0.0,0.0,0.0,0.0
508,4,0.0,0.0,0.0,0.0,0.0
509,0,0.0,-0.01872502204606848,0.0,0.0,-7.8087188694782075
509,1,0.0,0.0,-0.0001382868965565141,0.0,-1.0226096381576542
509,2,0.0,0.0,0.0,0.0,-0.20699921593618983
509,3,0.0,0.0,0.0,0.0,0.0
509,4,0.0,0.0,0.0,0.0,0.0
510,0,0.0,-0.01872502204606848,0.0,0.0,-7.81886050073458
510,1,0.0,0.0,-0.0001382868965565141,0.0,-1.0226096381576542
510,2,0.0,0.0,0.0,0.0,-0.20699921593618983
510,3,0.0,0.0,0.0,0.0,0.0
510,4,0.0,0.0,0.0,0.0,0.0
511,0,0.0,-0.01872502204606848,0.0,0.0,-7.828291023397382
511,1,0.0,0.0,-0.0001382868965565141,0.0,-1.0226096381576542
511,2,0.0,0.0,0.0,0.0,-0.20699921593618983
511,3,0.0,0.0,0.0,0.0,0.0
511,4,0.0,0.0,0.0,0.0,0.0
512,0,0.0,-0.01872502204606848,0.0,0.0,-7.846500050464028
512,1,0.0,0.0,-0.0001382868965565141,0.0,-1.0226096381576542
512,2,0.0,0.0,0.0,0.0,-0.20699921593618983
512,3,0.0,0.0,0.0,0.0,0.0
512,4,0.0,0.0,0.0,0.0,0.0
513,0,0.0,-0.01872502204606848,0.0,0.0,-7.850354942445807
513,1,0.0,0.0,-0.0001382868965565141,0.0,-1.0226096381576542
513,2,0.0,0.0,0.0,0.0,-0.20699921593618983
513,3,0.0,0.0,0.0,0.0,0.0
513,4,0.0,0.0,0.0,0.0,0.0
514,0,0.0,-0.01872502204606848,0.0,0.0,-7.851226518364208
514,1,0.0,0.0,-0.0001382868965565141,0.0,-1.0226096381576542
514,2,0.0,0.0,0.0,0.0,-0.20699921593618983
514,3,0.0,0.0,0.0,0.0,0.0
514,4,0.0,0.0,0.0,0.0,0.0
515,0,0.0,-0.01872502204606848,0.0,0.0,-7.857508581559624
515,1,0.0,0.0,-0.0001382868965565141,0.0,-1.0226096381576542
515,2,0.0,0.0,0.0,0.0,-0.20699921593618983
515,3,0.0,0.0,0.0,0.0,0.0
515,4,0.0,0.0,0.0,0.0,0.0
516,0,0.0,-0.01872502204606848,0.0,0.0,-7.859940958214396
516,1,0.0,0.0,-0.0001382868965565141,0.0,-1.0226096381576542
516,2,0.0,0.0,0.0,0.0,-0.20699921593618983
516,3,0.0,0.0,0.0,0.0,0.0
516,4,0.0,0.0,0.0,0.0,0.0
517,0,0.0,-0.01872502204606848,0.0,0.0,-7.86495410888826
517,1,0.0,0.0,-0.0001382868965565141,0.0,-1.0226096381576542
517,2,0.0,0.0,0.0,0.0,-0.20699921593618983
517,3,0.0,0.0,0.0,0.0,0.0
517,4,0.0,0.0,0.0,0.0,0.0
518,0,0.0,-0.01872502204606848,0.0,0.0,-7.8703660210129955
518,1,0.0,0.0,-0.0001382868965565141,0.0,-1.0226096381576542
518,2,0.0,0.0,0.0,0.0,-0.20699921593618983
518,3,0.0,0.0,0.0,0.0,0.0
518,4,0.0,0.0,0.0,0.0,0.0
519,0,0.0,-0.01872502204606848,0.0,0.0,-7.879846610122744
519,1,0.0,0.0,-0.0001382868965565141,0.0,-1.0226096381576542
519,2,0.0,0.0,0.0,0.0,-0.20699921593618983
519,3,0.0,0.0,0.0,0.0,0.0
519,4,0.0,0.0,0.0,0.0,0.0
520,0,0.0,-0.01872502204606848,0.0,0.0,-7.894056479945532
520,1,0.0,0.0,-0.0001382868965565141,0.0,-1.0226096381576542
520,2,0.0,0.0,0.0,0.0,-0.20699921593618983
520,3,0.0,0.0,0.0,0.0,0.0
520,4,0.0,0.0,0.0,0.0,0.0
521,0,0.0,-0.01872502204606848,0.0,0.0,-7.89466022146712
521,1,0.0,0.0,-0.0001382868965565141,0.0,-1.0226096381576542
521,2,0.0,0.0,0.0,0.0,-0.20699921593618983
521,3,0.0,0.0,0.0,0.0,0.0
521,4,0.0,0.0,0.0,0.0,0.0
522,0,0.0,-0.01872502204606848,0.0,0.0,-7.909253399334659
522,1,0.0,0.0,-0.0001382868965565141,0.0,-1.0226096381576542
522,2,0.0,0.0,0.0,0.0,-0.20699921593618983
522,3,0.0,0.0,0.0,0.0,0.0
522,4,0.0,0.0,0.0,0.0,0.0
523,0,0.0,-0.01872502204606848,0.0,0.0,-7.917155523464268
523,1,0.0,0.0,-0.0001382868965565141,0.0,-1.0226096381576542
523,2,0.0,0.0,0.0,0.0,-0.20699921593618983
523,3,0.0,0.0,0.0,0.0,0.0
523,4,0.0,0.0,0.0,0.0,0.0
524,0,0.0,-0.01872502204606848,0.0,0.0,-7.937148880708531
524,1,0.0,0.0,-0.0001382868965565141,0.0,-1.0226096381576542
524,2,0.0,0.0,0.0,0.0,-0.20699921593618983
524,3,0.0,0.0,0.0,0.0,0.0
524,4,0.0,0.0,0.0,0.0,0.0
525,0,0.0,-0.01872502204606848,0.0,0.0,-7.942205473816159
525,1,0.0,0.0,-0.0001382868965565141,0.0,-1.0226096381576542
525,2,0.0,0.0,0.0,0.0,-0.20699921593618983
525,3,0.0,0.0,0.0,0.0,0.0
525,4,0.0,0.0,0.0,0.0,0.0
526,0,0.0,-0.01872502204606848,0.0,0.0,-7.939449706781866
526,1,0.0,0.0,-0.0001382868965565141,0.0,-1.0226096381576542
526,2,0.0,0.0,0.0,0.0,-0.20699921593618983
526,3,0.0,0.0,0.0,0.0,0.0
526,4,0.0,0.0,0.0,0.0,0.0
527,0,0.0,-0.01872502204606848,0.0,0.0,-7.941834787597458
527,1,0.0,0.0,-0.0001382868965565141,0.0,-1.0226096381576542
527,2,0.0,0.0,0.0,0.0,-0.20699921593618983
527,3,0.0,0.0,0.0,0.0,0.0
527,4,0.0,0.0,0.0,0.0,0.0
528,0,0.0,-0.01872502204606848,0.0,0.0,-7.952052962666999
528,1,0.0,0.0,-0.0001382868965565141,0.0,-1.0226096381576542
528,2,0.0,0.0,0.0,0.0,-0.20699921593618983
528,3,0.0,0.0,0.0,0.0,0.0
528,4,0.0,0.0,0.0,0.0,0.0
529,0,0.0,-0.01872502204606848,0.0,0.0,-7.9696342740808515
529,1,0.0,0.0,-0.0001382868965565141,0.0,-1.0226096381576542
529,2,0.0,0.0,0.0,0.0,-0.20699921593618983
529,3,0.0,0.0,0.0,0.0,0.0
529,4,0.0,0.0,0.0,0.0,0.0
530,0,0.0,-0.01872502204606848,0.0,0.0,-7.977185063038396
530,1,0.0,0.0,-0.0001382868965565141,0.0,-1.0226096381576542
530,2,0.0,0.0,0.0,0.0,-0.20699921593618983
530,3,0.0,0.0,0.0,0.0,0.0
530,4,0.0,0.0,0.0,0.0,0.0
531,0,0.0,-0.01872502204606848,0.0,0.0,-7.981547143067328
531,1,0.0,0.0,-0.0001382868965565141,0.0,-1.0226096381576542
531,2,0.0,0.0,0.0,0.0,-0.20699921593618983
531,3,0.0,0.0,0.0,0.0,0.0
531,4,0.0,0.0,0.0,0.0,0.0
532,0,0.0,-0.01872502204606848,0.0,0.0,-7.987477497857033
532,1,0.0,0.0,-0.0001382868965565141,0.0,-1.0226096381576542
532,2,0.0,0.0,0.0,0.0,-0.20699921593618983
532,3,0.0,0.0,0.0,0.0,0.0
532,4,0.0,0.0,0.0,0.0,0.0
533,0,0.0,-0.01872502204606848,0.0,0.0,-7.990582488918789
533,1,0.0,0.0,-0.0001382868965565141,0.0,-1.0226096381576542
533,2,0.0,0.0,0.0,0.0,-0.20699921593618983
533,3,0.0,0.0,0.0,0.0,0.0
533,4,0.0,0.0,0.0,0.0,0.0
534,0,0.0,-0.01872502204606848,0.0,0.0,-7.997288595890297
534,1,0.0,0.0,-0.0001382868965565141,0.0,-1.0226096381576542
534,2,0.0,0.0,0.0,0.0,-0.20699921593618983
534,3,0.0,0.0,0.0,0.0,0.0
534,4,0.0,0.0,0.0,0.0,0.0
535,0,0.0,-0.01872502204606848,0.0,0.0,-7.996416855780763
535,1,0.0,0.0,-0.0001382868965565141,0.0,-1.0226096381576542
535,2,0.0,0.0,0.0,0.0,-0.20699921593618983
535,3,0.0,0.0,0.0,0.0,0.0
535,4,0.0,0.0,0.0,0.0,0.0
536,0,0.0,-0.01872502204606848,0.0,0.0,-8.005876836270085
536,1,0.0,0.0,-0.0001382868965565141,0.0,-1.0226096381576542
536,2,0.0,0.0,0.0,0.0,-0.20699921593618983
536,3,0.0,0.0,0.0,0.0,0.0
536,4,0.0,0.0,0.0,0.0,0.0
537,0,0.0,-0.01872502204606848,0.0,0.0,-8.013892828762868
537,1,0.0,0.0,-0.0001382868965565141,0.0,-1.0226096381576542
537,2,0.0,0.0,0.0,0.0,-0.20699921593618983
537,3,0.0,0.0,0.0,0.0,0.0
537,4,0.0,0.0,0.0,0.0,0.0
538,0,0.0,-0.01872502204606848,0.0,0.0,-8.0168188536089
538,1,0.0,0.0,-0.0001382868965565141,0.0,-1.0226096381576542
538,2,0.0,0.0,0.0,0.0,-0.20699921593618983
538,3,0.0,0.0,0.0,0.0,0.0
538,4,0.0,0.0,0.0,0.0,0.0
539,0,0.0,-0.01872502204606848,0.0,0.0,-8.028581197619234
539,1,0.0,0.0,-0.0001382868965565141,0.0,-1.0226096381576542
539,2,0.0,0.0,0.0,0.0,-0.20699921593618983
539,3,0.0,0.0,0.0,0.0,0.0
539,4,0.0,0.0,0.0,0.0,0.0
540,0,0.0,-0.01872502204606848,0.0,0.0,-8.040437844771725
540,1,0.0,0.0,-0.0001382868965565141,0.0,-1.0226096381576542
540,2,0.0,0.0,0.0,0.0,-0.20699921593618983
540,3,0.0,0.0,0.0,0.0,0.0
540,4,0.0,0.0,0.0,0.0,0.0
541,0,0.0,-0.01872502204606848,0.0,0.0,-8.044758760372169
541,1,0.0,0.0,-0.0001382868965565141,0.0,-1.0226096381576542
541,2,0.0,0.0,0.0,0.0,-0.20699921593618983
541,3,0.0,0.0,0.0,0.0,0.0
541,4,0.0,0.0,0.0,0.0,0.0
542,0,0.0,-0.01872502204606848,0.0,0.0,-8.061651147639305
542,1,0.0,0.0,-0.0001382868965565141,0.0,-1.0226096381576542
542,2,0.0,0.0,0.0,0.0,-0.20699921593618983
542,3,0.0,0.0,0.0,0.0,0.0
542,4,0.0,0.0,0.0,0.0,0.0
543,0,0.0,-0.01872502204606848,0.0,0.0,-8.061124660597669
543,1,0.0,0.0,-0.0001382868965565141,0.0,-1.0226096381576542
543,2,0.0,0.0,0.0,0.0,-0.20699921593618983
543,3,0.0,0.0,0.0,0.0,0.0
543,4,0.0,0.0,0.0,0.0,0.0
544,0,0.0,-0.01872502204606848,0.0,0.0,-8.063117641580616
544,1,0.0,0.0,-0.0001382868965565141,0.0,-1.0226096381576542
544,2,0.0,0.0,0.0,0.0,-0.20699921593618983
544,3,0.0,0.0,0.0,0.0,0.0
544,4,0.0,0.0,0.0,0.0,0.0
545,0,0.0,-0.01872502204606848,0.0,0.0,-8.067146204629976
545,1,0.0,0.0,-0.0001382868965565141,0.0,-1.0226096381576542
545,2,0.0,0.0,0.0,0.0,-0.20699921593618983
545,3,0.0,0.0,0.0,0.0,0.0
545,4,0.0,0.0,0.0,0.0,0.0
546,0,0.0,-0.01872502204606848,0.0,0.0,-8.06909170917394
546,1,0.0,0.0,-0.0001382868965565141,0.0,-1.0226096381576542
546,2,0.0,0.0,0.0,0.0,-0.20699921593618983
546,3,0.0,0.0,0.0,0.0,0.0
546,4,0.0,0.0,0.0,0.0,0.0
547,0,0.0,-0.01872502204606848,0.0,0.0,-8.070451262129772
547,1,0.0,0.0,-0.0001382868965565141,0.0,-1.0226096381576542
547,2,0.0,0.0,0.0,0.0,-0.20699921593618983
547,3,0.0,0.0,0.0,0.0,0.0
547,4,0.0,0.0,0.0,0.0,0.0
548,0,0.0,-0.01872502204606848,0.0,0.0,-8.081188050658616
548,1,0.0,0.0,-0.0001382868965565141,0.0,-1.0226096381576542
548,2,0.0,0.0,0.0,0.0,-0.20699921593618983
548,3,0.0,0.0,0.0,0.0,0.0
548,4,0.0,0.0,0.0,0.0,0.0
549,0,0.0,-0.01872502204606848,0.0,0.0,-8.098096898858293
549,1,0.0,0.0,-0.0001382868965565141,0.0,-1.0226096381576542
549,2,0.0,0.0,0.0,0.0,-0.20699921593618983
549,3,0.0,0.0,0.0,0.0,0.0
549,4,0.0,0.0,0.0,0.0,0.0
550,0,0.0,-0.01872502204606848,0.0,0.0,-8.107220032532481
550,1,0.0,0.0,-0.0001382868965565141,0.0,-1.0226096381576542
550,2,0.0,0.0,0.0,0.0,-0.20699921593618983
550,3,0.0,0.0,0.0,0.0,0.0
550,4,0.0,0.0,0.0,0.0,0.0
551,0,0.0,-0.01872502204606848,0.0,0.0,-8.117702775719938
551,1,0.0,0.0,-0.0001382868965565141,0.0,-1.0226096381576542
551,2,0.0,0.0,0.0,0.0,-0.20699921593618983
551,3,0.0,0.0,0.0,0.0,0.0
551,4,0.0,0.0,0.0,0.0,0.0
552,0,0.0,-0.01872502204606848,0.0,0.0,-8.122609003877944
552,1,0.0,0.0,-0.0001382868965565141,0.0,-1.0226096381576542
552,2,0.0,0.0,0.0,0.0,-0.20699921593618983
552,3,0.0,0.0,0.0,0.0,0.0
552,4,0.0,0.0,0.0,0.0,0.0
553,0,0.0,-0.01872502204606848,0.0,0.0,-8.12321719958463
553,1,0.0,0.0,-0.0001382868965565141,0.0,-1.0226096381576542
553,2,0.0,0.0,0.0,0.0,-0.20699921593618983
553,3,0.0,0.0,0.0,0.0,0.0
553,4,0.0,0.0,0.0,0.0,0.0
554,0,0.0,-0.01872502204606848,0.0,0.0,-8.135614663972312
554,1,0.0,0.0,-0.0001382868965565141,0.0,-1.0226096381576542
554,2,0.0,0.0,0.0,0.0,-0.20699921593618983
554,3,0.0,0.0,0.0,0.0,0.0
554,4,0.0,0.0,0.0,0.0,0.0
555,0,0.0,-0.01872502204606848,0.0,0.0,-8.143736351931326
555,1,0.0,0.0,-0.0001382868965565141,0.0,-1.0226096381576542
555,2,0.0,0.0,0.0,0.0,-0.20699921593618983
555,3,0.0,0.0,0.0,0.0,0.0
555,4,0.0,0.0,0.0,0.0,0.0
556,0,0.0,-0.01872502204606848,0.0,0.0,-8.162320978982141
556,1,0.0,0.0,-0.0001382868965565141,0.0,-1.0226096381576542
556,2,0.0,0.0,0.0,0.0,-0.20699921593618983
556,3,0.0,0.0,0.0,0.0,0.0
556,4,0.0,0.0,0.0,0.0,0.0
557,0,0.0,-0.01872502204606848,0.0,0.0,-8.166151875902187
557,1,0.0,0.0,-0.0001382868965565141,0.0,-1.0226096381576542
557,2,0.0,0.0,0.0,0.0,-0.20699921593618983
557,3,0.0,0.0,0.0,0.0,0.0
557,4,0.0,0.0,0.0,0.0,0.0
558,0,0.0,-0.01872502204606848,0.0,0.0,-8.169692470591036
558,1,0.0,0.0,-0.0001382868965565141,0.0,-1.0226096381576542
558,2,0.0,0.0,0.0,0.0,-0.20699921593618983
558,3,0.0,0.0,0.0,0.0,0.0
558,4,0.0,0.0,0.0,0.0,0.0
559,0,0.0,-0.01872502204606848,0.0,0.0,-8.179113917521114
559,1,0.0,0.0,-0.0001382868965565141,0.0,-1.0226096381576542
559,2,0.0,0.0,0.0,0.0,-0.20699921593618983
559,3,0.0,0.0,0.0,0.0,0.0
559,4,0.0,0.0,0.0,0.0,0.0
560,0,0.0,-0.01872502204606848,0.0,0.0,-8.184047940425005
560,1,0.0,0.0,-0.0001382868965565141,0.0,-1.0226096381576542
560,2,0.0,0.0,0.0,0.0,-0.20699921593618983
560,3,0.0,0.0,0.0,0.0,0.0
560,4,0.0,0.0,0.0,0.0,0.0
561,0,0.0,-0.01872502204606848,0.0,0.0,-8.191314780332807
561,1,0.0,0.0,-0.0001382868965565141,0.0,-1.0226096381576542
561,2,0.0,0.0,0.0,0.0,-0.20699921593618983
561,3,0.0,0.0,0.0,0.0,0.0
561,4,0.0,0.0,0.0,0.0,0.0
562,0,0.0,-0.01872502204606848,0.0,0.0,-8.199119827604509
562,1,0.0,0.0,-0.0001382868965565141,0.0,-1.0226096381576542
562,2,0.0,0.0,0.0,0.0,-0.20699921593618983
562,3,0.0,0.0,0.0,0.0,0.0
562,4,0.0,0.0,0.0,0.0,0.0
563,0,0.0,-0.01872502204606848,0.0,0.0,-8.214372975638012
563,1,0.0,0.0,-0.0001382868965565141,0.0,-1.0226096381576542
563,2,0.0,0.0,0.0,0.0,-0.20699921593618983
563,3,0.0,0.0,0.0,0.0,0.0
563,4,0.0,0.0,0.0,0.0,0.0
564,0,0.0,-0.01872502204606848,0.0,0.0,-8.230519794629654
564,1,0.0,0.0,-0.0001382868965565141,0.0,-1.0226096381576542
564,2,0.0,0.0,0.0,0.0,-0.20699921593618983
564,3,0.0,0.0,0.0,0.0,0.0
564,4,0.0,0.0,0.0,0.0,0.0
565,0,0.0,-0.01872502204606848,0.0,0.0,-8.233596995776484
565,1,0.0,0.0,-0.0001382868965565141,0.0,-1.0226096381576542
565,2,0.0,0.0,0.0,0.0,-0.20699921593618983
565,3,0.0,0.0,0.0,0.0,0.0
565,4,0.0,0.0,0.0,0.0,0.0
566,0,0.0,-0.01872502204606848,0.0,0.0,-8.247228433104043
566,1,0.0,0.0,-0.0001382868965565141,0.0,-1.0226096381576542
566,2,0.0,0.0,0.0,0.0,-0.20699921593618983
566,3,0.0,0.0,0.0,0.0,0.0
566,4,0.0,0.0,0.0,0.0,0.0
567,0,0.0,-0.01872502204606848,0.0,0.0,-8.250750562891353
567,1,0.0,0.0,-0.0001382868965565141,0.0,-1.0226096381576542
567,2,0.0,0.0,0.0,0.0,-0.20699921593618983
567,3,0.0,0.0,0.0,0.0,0.0
567,4,0.0,0.0,0.0,0.0,0.0
568,0,0.0,-0.01872502204606848,0.0,0.0,-8.257401555513523
568,1,0.0,0.0,-0.0001382868965565141,0.0,-1.0226096381576542
568,2,0.0,0.0,0.0,0.0,-0.20699921593618983
568,3,0.0,0.0,0.0,0.0,0.0
568,4,0.0,0.0,0.0,0.0,0.0
569,0,0.0,-0.01872502204606848,0.0,0.0,-8.262695080481276
569,1,0.0,0.0,-0.0001382868965565141,0.0,-1.0226096381576542
569,2,0.0,0.0,0.0,0.0,-0.20699921593618983
569,3,0.0,0.0,0.0,0.0,0.0
569,4,0.0,0.0,0.0,0.0,0.0
570,0,0.0,-0.01872502204606848,0.0,0.0,-8.27232465542473
570,1,0.0,0.0,-0.0001382868965565141,0.0,-1.0226096381576542
570,2,0.0,0.0,0.0,0.0,-0.20699921593618983
570,3,0.0,0.0,0.0,0.0,0.0
570,4,0.0,0.0,0.0,0.0,0.0
571,0,0.0,-0.01872502204606848,0.0,0.0,-8.27414962706969
571,1,0.0,0.0,-0.0001382868965565141,0.0,-1.0226096381576542
571,2,0.0,0.0,0.0,0.0,-0.20699921593618983
571,3,0.0,0.0,0.0,0.0,0.0
571,4,0.0,0.0,0.0,0.0,0.0
572,0,0.0,-0.01872502204606848,0.0,0.0,-8.287406301432759
572,1,0.0,0.0,-0.0001382868965565141,0.0,-1.0226096381576542
572,2,0.0,0.0,0.0,0.0,-0.20699921593618983
572,3,0.0,0.0,0.0,0.0,0.0
572,4,0.0,0.0,0.0,0.0,0.0
573,0,0.0,-0.01872502204606848,0.0,0.0,-8.286594274065362
573,1,0.0,0.0,-0.0001382868965565141,0.0,-1.0226096381576542
573,2,0.0,0.0,0.0,0.0,-0.20699921593618983
573,3,0.0,0.0,0.0,0.0,0.0
573,4,0.0,0.0,0.0,0.0,0.0
574,0,0.0,-0.01872502204606848,0.0,0.0,-8.301606294687945
574,1,0.0,0.0,-0.0001382868965565141,0.0,-1.0226096381576542
574,2,0.0,0.0,0.0,0.0,-0.20699921593618983
574,3,0.0,0.0,0.0,0.0,0.0
574,4,0.0,0.0,0.0,0.0,0.0
575,0,0.0,-0.01872502204606848,0.0,0.0,-8.303053329050405
575,1,0.0,0.0,-0.0001382868965565141,0.0,-1.0226096381576542
575,2,0.0,0.0,0.0,0.0,-0.20699921593618983
575,3,0.0,0.0,0.0,0.0,0.0
575,4,0.0,0.0,0.0,0.0,0.0
576,0,0.0,-0.01872502204606848,0.0,0.0,-8.309266101105651
576,1,0.0,0.0,-0.0001382868965565141,0.0,-1.0226096381576542
576,2,0.0,0.0,0.0,0.0,-0.20699921593618983
576,3,0.0,0.0,0.0,0.0,0.0
576,4,0.0,0.0,0.0,0.0,0.0
577,0,0.0,-0.01872502204606848,0.0,0.0,-8.318426115746147
577,1,0.0,0.0,-0.0001382868965565141,0.0,-1.0226096381576542
577,2,0.0,0.0,0.0,0.0,-0.20699921593618983
577,3,0.0,0.0,0.0,0.0,0.0
577,4,0.0,0.0,0.0,0.0,0.0
578,0,0.0,-0.01872502204606848,0.0,0.0,-8.326588270564017
578,1,0.0,0.0,-0.0001382868965565141,0.0,-1.0226096381576542
578,2,0.0,0.0,0.0,0.0,-0.20699921593618983
578,3,0.0,0.0,0.0,0.0,0.0
578,4,0.0,0.0,0.0,0.0,0.0
579,0,0.0,-0.01872502204606848,0.0,0.0,-8.328637372003083
579,1,0.0,0.0,-0.0001382868965565141,0.0,-1.0226096381576542
579,2,0.0,0.0,0.0,0.0,-0.20699921593618983
579,3,0.0,0.0,0.0,0.0,0.0
579,4,0.0,0.0,0.0,0.0,0.0
580,0,0.0,-0.01872502204606848,0.0,0.0,-8.338066538599913
580,1,0.0,0.0,-0.0001382868965565141,0.0,-1.0226096381576542
580,2,0.0,0.0,0.0,0.0,-0.20699921593618983
580,3,0.0,0.0,0.0,0.0,0.0
580,4,0.0,0.0,0.0,0.0,0.0
581,0,0.0,-0.01872502204606848,0.0,0.0,-8.344721169616905
581,1,0.0,0.0,-0.0001382868965565141,0.0,-1.0226096381576542
581,2,0.0,0.0,0.0,0.0,-0.20699921593618983
581,3,0.0,0.0,0.0,0.0,0.0
581,4,0.0,0.0,0.0,0.0,0.0
582,0,0.0,-0.020181366326736436,0.0,0.0,-8.344721169616905
582,1,0.0,0.0,-0.0001382868965565141,0.0,-1.049565526930876
582,2,0.0,0.0,0.0,0.0,-0.20699921593618983
582,3,0.0,0.0,0.0,0.0,0.0
582,4,0.0,0.0,0.0,0.0,0.0
583,0,0.0,-0.020181366326736436,0.0,0.0,-8.344265662845084
583,1,0.0,0.0,-0.0001382868965565141,0.0,-1.049565526930876
583,2,0.0,0.0,0.0,0.0,-0.20699921593618983
583,3,0.0,0.0,0.0,0.0,0.0
583,4,0.0,0.0,0.0,0.0,0.0
584,0,0.0,-0.020181366326736436,0.0,0.0,-8.344726176551156
584,1,0.0,0.0,-0.0001382868965565141,0.0,-1.049565526930876
584,2,0.0,0.0,0.0,0.0,-0.20699921593618983
584,3,0.0,0.0,0.0,0.0,0.0
584,4,0.0,0.0,0.0,0.0,0.0
585,0,0.0,-0.020181366326736436,0.0,0.0,-8.343884071201666
585,1,0.0,0.0,-0.0001382868965565141,0.0,-1.049565526930876
585,2,0.0,0.0,0.0,0.0,-0.20699921593618983
585,3,0.0,0.0,0.0,0.0,0.0
585,4,0.0,0.0,0.0,0.0,0.0
586,0,0.0,-0.020181366326736436,0.0,0.0,-8.343114917665325
586,1,0.0,0.0,-0.0001382868965565141,0.0,-1.049565526930876
586,2,0.0,0.0,0.0,0.0,-0.20699921593618983
586,3,0.0,0.0,0.0,0.0,0.0
586,4,0.0,0.0,0.0,0.0,0.0
587,0,0.0,-0.020181366326736436,0.0,0.0,-8.346274623158001
587,1,0.0,0.0,-0.0001382868965565141,0.0,-1.049565526930876
587,2,0.0,0.0,0.0,0.0,-0.20699921593618983
587,3,0.0,0.0,0.0,0.0,0.0
587,4,0.0,0.0,0.0,0.0,0.0
588,0,0.0,-0.020181366326736436,0.0,0.0,-8.365371048289445
588,1,0.0,0.0,-0.0001382868965565141,0.0,-1.049565526930876
588,2,0.0,0.0,0.0,0.0,-0.20699921593618983
588,3,0.0,0.0,0.0,0.0,0.0
588,4,0.0,0.0,0.0,0.0,0.0
589,0,0.0,-0.020181366326736436,0.0,0.0,-8.367256100416675
589,1,0.0,0.0,-0.0001382868965565141,0.0,-1.049565526930876
589,2,0.0,0.0,0.0,0.0,-0.20699921593618983
589,3,0.0,0.0,0.0,0.0,0.0
589,4,0.0,0.0,0.0,0.0,0.0
590,0,0.0,-0.020181366326736436,0.0,0.0,-8.372013562116242
590,1,0.0,0.0,-0.0001382868965565141,0.0,-1.049565526930876
590,2,0.0,0.0,0.0,0.0,-0.20699921593618983
590,3,0.0,0.0,0.0,0.0,0.0
590,4,0.0,0.0,0.0,0.0,0.0
591,0,0.0,-0.020181366326736436,0.0,0.0,-8.373285868152921
591,1,0.0,0.0,-0.0001382868965565141,0.0,-1.049565526930876
591,2,0.0,0.0,0.0,0.0,-0.20699921593618983
591,3,0.0,0.0,0.0,0.0,0.0
591,4,0.0,0.0,0.0,0.0,0.0
592,0,0.0,-0.020181366326736436,0.0,0.0,-8.37777755452206
592,1,0.0,0.0,-0.0001382868965565141,0.0,-1.049565526930876
592,2,0.0,0.0,0.0,0.0,-0.20699921593618983
592,3,0.0,0.0,0.0,0.0,0.0
592,4,0.0,0.0,0.0,0.0,0.0
593,0,0.0,-0.020181366326736436,0.0,0.0,-8.383924994286492
593,1,0.0,0.0,-0.0001382868965565141,0.0,-1.049565526930876
593,2,0.0,0.0,0.0,0.0,-0.20699921593618983
593,3,0.0,0.0,0.0,0.0,0.0
593,4,0.0,0.0,0.0,0.0,0.0
594,0,0.0,-0.020181366326736436,0.0,0.0,-8.384468528087249
594,1,0.0,0.0,-0.0001382868965565141,0.0,-1.049565526930876
594,2,0.0,0.0,0.0,0.0,-0.20699921593618983
594,3,0.0,0.0,0.0,0.0,0.0
594,4,0.0,0.0,0.0,0.0,0.0
595,0,0.0,-0.020181366326736436,0.0,0.0,-8.382961696920047
595,1,0.0,0.0,-0.0001382868965565141,0.0,-1.049565526930876
595,2,0.0,0.0,0.0,0.0,-0.20699921593618983
595,3,0.0,0.0,0.0,0.0,0.0
595,4,0.0,0.0,0.0,0.0,0.0
596,0,0.0,-0.020181366326736436,0.0,0.0,-8.400308001897793
596,1,0.0,0.0,-0.0001382868965565141,0.0,-1.049565526930876
596,2,0.0,0.0,0.0,0.0,-0.20699921593618983
596,3,0.0,0.0,0.0,0.0,0.0
596,4,0.0,0.0,0.0,0.0,0.0
597,0,0.0,-0.020181366326736436,0.0,0.0,-8.402039372317494
597,1,0.0,0.0,-0.0001382868965565141,0.0,-1.049565526930876
597,2,0.0,0.0,0.0,0.0,-0.20699921593618983
597,3,0.0,0.0,0.0,0.0,0.0
597,4,0.0,0.0,0.0,0.0,0.0
598,0,0.0,-0.020181366326736436,0.0,0.0,-8.403363002481004
598,1,0.0,0.0,-0.0001382868965565141,0.0,-1.049565526930876
598,2,0.0,0.0,0.0,0.0,-0.20699921593618983
598,3,0.0,0.0,0.0,0.0,0.0
598,4,0.0,0.0,0.0,0.0,0.0
599,0,0.0,-0.020181366326736436,0.0,0.0,-8.411710872350787
599,1,0.0,0.0,-0.0001382868965565141,0.0,-1.049565526930876
599,2,0.0,0.0,0.0,0.0,-0.20699921593618983
599,3,0.0,0.0,0.0,0.0,0.0
599,4,0.0,0.0,0.0,0.0,0.0
600,0,0.0,-0.020181366326736436,0.0,0.0,-8.415781280160386
600,1,0.0,0.0,-0.0001382868965565141,0.0,-1.049565526930876
600,2,0.0,0.0,0.0,0.0,-0.20699921593618983
600,3,0.0,0.0,0.0,0.0,0.0
600,4,0.0,0.0,0.0,0.0,0.0
601,0,0.0,-0.020181366326736436,0.0,0.0,-8.415897960041965
601,1,0.0,0.0,-0.0001382868965565141,0.0,-1.049565526930876
601,2,0.0,0.0,0.0,0.0,-0.20699921593618983
601,3,0.0,0.0,0.0,0.0,0.0
601,4,0.0,0.0,0.0,0.0,0.0
602,0,0.0,-0.020181366326736436,0.0,0.0,-8.424288005874287
602,1,0.0,0.0,-0.0001382868965565141,0.0,-1.049565526930876
602,2,0.0,0.0,0.0,0.0,-0.20699921593618983
602,3,0.0,0.0,0.0,0.0,0.0
602,4,0.0,0.0,0.0,0.0,0.0
603,0,0.0,-0.020181366326736436,0.0,0.0,-8.44244423800249
603,1,0.0,0.0,-0.0001382868965565141,0.0,-1.049565526930876
603,2,0.0,0.0,0.0,0.0,-0.20699921593618983
603,3,0.0,0.0,0.0,0.0,0.0
603,4,0.0,0.0,0.0,0.0,0.0
604,0,0.0,-0.020181366326736436,0.0,0.0,-8.4431900639315
604,1,0.0,0.0,-0.0001382868965565141,0.0,-1.049565526930876
604,2,0.0,0.0,0.0,0.0,-0.20699921593618983
604,3,0.0,0.0,0.0,0.0,0.0
604,4,0.0,0.0,0.0,0.0,0.0
605,0,0.0,-0.020181366326736436,0.0,0.0,-8.454058756529884
605,1,0.0,0.0,-0.0001382868965565141,0.0,-1.049565526930876
605,2,0.0,0.0,0.0,0.0,-0.20699921593618983
605,3,0.0,0.0,0.0,0.0,0.0
605,4,0.0,0.0,0.0,0.0,0.0
606,0,0.0,-0.020181366326736436,0.0,0.0,-8.46597440394562
606,1,0.0,0.0,-0.0001382868965565141,0.0,-1.049565526930876
606,2,0.0,0.0,0.0,0.0,-0.20699921593618983
606,3,0.0,0.0,0.0,0.0,0.0
606,4,0.0,0.0,0.0,0.0,0.0
607,0,0.0,-0.020181366326736436,0.0,0.0,-8.48296059221874
607,1,0.0,0.0,-0.0001382868965565141,0.0,-1.049565526930876
607,2,0.0,0.0,0.0,0.0,-0.20699921593618983
607,3,0.0,0.0,0.0,0.0,0.0
607,4,0.0,0.0,0.0,0.0,0.0
608,0,0.0,-0.020181366326736436,0.0,0.0,-8.487010748438042
608,1,0.0,0.0,-0.0001382868965565141,0.0,-1.049565526930876
608,2,0.0,0.0,0.0,0.0,-0.20699921593618983
608,3,0.0,0.0,0.0,0.0,0.0
608,4,0.0,0.0,0.0,0.0,0.0
609,0,0.0,-0.020181366326736436,0.0,0.0,-8.499363519507718
609,1,0.0,0.0,-0.0001382868965565141,0.0,-1.049565526930876
609,2,0.0,0.0,0.0,0.0,-0.20699921593618983
609,3,0.0,0.0,0.0,0.0,0.0
609,4,0.0,0.0,0.0,0.0,0.0
610,0,0.0,-0.020181366326736436,0.0,0.0,-8.502056268754098
610,1,0.0,0.0,-0.0001382868965565141,0.0,-1.049565526930876
610,2,0.0,0.0,0.0,0.0,-0.20699921593618983
610,3,0.0,0.0,0.0,0.0,0.0
610,4,0.0,0.0,0.0,0.0,0.0
611,0,0.0,-0.020181366326736436,0.0,0.0,-8.50993426374962
611,1,0.0,0.0,-0.0001382868965565141,0.0,-1.049565526930876
611,2,0.0,0.0,0.0,0.0,-0.20699921593618983
611,3,0.0,0.0,0.0,0.0,0.0
611,4,0.0,0.0,0.0,0.0,0.0
612,0,0.0,-0.020181366326736436,0.0,0.0,-8.51349414010705
612,1,0.0,0.0,-0.0001382868965565141,0.0,-1.049565526930876
612,2,0.0,0.0,0.0,0.0,-0.20699921593618983
612,3,0.0,0.0,0.0,0.0,0.0
612,4,0.0,0.0,0.0,0.0,0.0
613,0,0.0,-0.020181366326736436,0.0,0.0,-8.513569299615593
613,1,0.0,0.0,-0.0001382868965565141,0.0,-1.049565526930876
613,2,0.0,0.0,0.0,0.0,-0.20699921593618983
613,3,0.0,0.0,0.0,0.0,0.0
613,4,0.0,0.0,0.0,0.0,0.0
614,0,0.0,-0.020181366326736436,0.0,0.0,-8.518743696386792
614,1,0.0,0.0,-0.0001382868965565141,0.0,-1.049565526930876
614,2,0.0,0.0,0.0,0.0,-0.20699921593618983
614,3,0.0,0.0,0.0,0.0,0.0
614,4,0.0,0.0,0.0,0.0,0.0
615,0,0.0,-0.020181366326736436,0.0,0.0,-8.52072231905311
615,1,0.0,0.0,-0.0001382868965565141,0.0,-1.049565526930876
615,2,0.0,0.0,0.0,0.0,-0.20699921593618983
615,3,0.0,0.0,0.0,0.0,0.0
615,4,0.0,0.0,0.0,0.0,0.0
616,0,0.0,-0.020181366326736436,0.0,0.0,-8.539897334121866
616,1,0.0,0.0,-0.0001382868965565141,0.0,-1.049565526930876
616,2,0.0,0.0,0.0,0.0,-0.20699921593618983
616,3,0.0,0.0,0.0,0.0,0.0
616,4,0.0,0.0,0.0,0.0,0.0
617,0,0.0,-0.020181366326736436,0.0,0.0,-8.547671897813288
617,1,0.0,0.0,-0.0001382868965565141,0.0,-1.049565526930876
617,2,0.0,0.0,0.0,0.0,-0.20699921593618983
617,3,0.0,0.0,0.0,0.0,0.0
617,4,0.0,0.0,0.0,0.0,0.0
618,0,0.0,-0.020181366326736436,0.0,0.0,-8.544560137782428
618,1,0.0,0.0,-0.0001382868965565141,0.0,-1.049565526930876
618,2,0.0,0.0,0.0,0.0,-0.20699921593618983
618,3,0.0,0.0,0.0,0.0,0.0
618,4,0.0,0.0,0.0,0.0,0.0
619,0,0.0,-0.020181366326736436,0.0,0.0,-8.552063863847883
619,1,0.0,0.0,-0.0001382868965565141,0.0,-1.049565526930876
619,2,0.0,0.0,0.0,0.0,-0.20699921593618983
619,3,0.0,0.0,0.0,0.0,0.0
619,4,0.0,0.0,0.0,0.0,0.0
620,0,0.0,-0.020181366326736436,0.0,0.0,-8.553751710543658
620,1,0.0,0.0,-0.0001382868965565141,0.0,-1.049565526930876
620,2,0.0,0.0,0.0,0.0,-0.20699921593618983
620,3,0.0,0.0,0.0,0.0,0.0
620,4,0.0,0.0,0.0,0.0,0.0
621,0,0.0,-0.020181366326736436,0.0,0.0,-8.555830533121782
621,1,0.0,0.0,-0.0001382868965565141,0.0,-1.049565526930876
621,2,0.0,0.0,0.0,0.0,-0.20699921593618983
621,3,0.0,0.0,0.0,0.0,0.0
621,4,0.0,0.0,0.0,0.0,0.0
622,0,0.0,-0.020181366326736436,0.0,0.0,-8.561549858859506
622,1,0.0,0.0,-0.0001382868965565141,0.0,-1.049565526930876
622,2,0.0,0.0,0.0,0.0,-0.20699921593618983
622,3,0.0,0.0,0.0,0.0,0.0
622,4,0.0,0.0,0.0,0.0,0.0
623,0,0.0,-0.020181366326736436,0.0,0.0,-8.570368509303853
623,1,0.0,0.0,-0.0001382868965565141,0.0,-1.049565526930876
623,2,0.0,0.0,0.0,0.0,-0.20699921593618983
623,3,0.0,0.0,0.0,0.0,0.0
623,4,0.0,0.0,0.0,0.0,0.0
624,0,0.0,-0.020181366326736436,0.0,0.0,-8.56765882861301
624,1,0.0,0.0,-0.0001382868965565141,0.0,-1.049565526930876
624,2,0.0,0.0,0.0,0.0,-0.20699921593618983
624,3,0.0,0.0,0.0,0.0,0.0
624,4,0.0,0.0,0.0,0.0,0.0
625,0,0.0,-0.020181366326736436,0.0,0.0,-8.573604216085547
625,1,0.0,0.0,-0.0001382868965565141,0.0,-1.049565526930876
625,2,0.0,0.0,0.0,0.0,-0.20699921593618983
625,3,0.0,0.0,0.0,0.0,0.0
625,4,0.0,0.0,0.0,0.0,0.0
626,0,0.0,-0.020181366326736436,0.0,0.0,-8.579781839972265
626,1,0.0,0.0,-0.0001382868965565141,0.0,-1.049565526930876
626,2,0.0,0.0,0.0,0.0,-0.20699921593618983
626,3,0.0,0.0,0.0,0.0,0.0
626,4,0.0,0.0,0.0,0.0,0.0
627,0,0.0,-0.020181366326736436,0.0,0.0,-8.583053107210546
627,1,0.0,0.0,-0.0001382868965565141,0.0,-1.049565526930876
627,2,0.0,0.0,0.0,0.0,-0.20699921593618983
627,3,0.0,0.0,0.0,0.0,0.0
627,4,0.0,0.0,0.0,0.0,0.0
628,0,0.0,-0.020181366326736436,0.0,0.0,-8.582855807397129
628,1,0.0,0.0,-0.0001382868965565141,0.0,-1.049565526930876
628,2,0.0,0.0,0.0,0.0,-0.20699921593618983
628,3,0.0,0.0,0.0,0.0,0.0
628,4,0.0,0.0,0.0,0.0,0.0
629,0,0.0,-0.020181366326736436,0.0,0.0,-8.596512961403755
629,1,0.0,0.0,-0.0001382868965565141,0.0,-1.049565526930876
629,2,0.0,0.0,0.0,0.0,-0.20699921593618983
629,3,0.0,0.0,0.0,0.0,0.0
629,4,0.0,0.0,0.0,0.0,0.0
630,0,0.0,-0.020181366326736436,0.0,0.0,-8.596449911122981
630,1,0.0,0.0,-0.0001382868965565141,0.0,-1.049565526930876
630,2,0.0,0.0,0.0,0.0,-0.20699921593618983
630,3,0.0,0.0,0.0,0.0,0.0
630,4,0.0,0.0,0.0,0.0,0.0
631,0,0.0,-0.020181366326736436,0.0,0.0,-8.612249517963303
631,1,0.0,0.0,-0.0001382868965565141,0.0,-1.049565526930876
631,2,0.0,0.0,0.0,0.0,-0.20699921593618983
631,3,0.0,0.0,0.0,0.0,0.0
631,4,0.0,0.0,0.0,0.0,0.0
632,0,0.0,-0.020181366326736436,0.0,0.0,-8.601762893297332
632,1,0.0,0.0,-0.0001382868965565141,0.0,-1.049565526930876
632,2,0.0,0.0,0.0,0.0,-0.20699921593618983
632,3,0.0,0.0,0.0,0.0,0.0
632,4,0.0,0.0,0.0,0.0,0.0
633,0,0.0,-0.020181366326736436,0.0,0.0,-8.610521875527184
633,1,0.0,0.0,-0.0001382868965565141,0.0,-1.049565526930876
633,2,0.0,0.0,0.0,0.0,-0.20699921593618983
633,3,0.0,0.0,0.0,0.0,0.0
633,4,0.0,0.0,0.0,0.0,0.0
634,0,0.0,-0.020181366326736436,0.0,0.0,-8.629888587800432
634,1,0.0,0.0,-0.0001382868965565141,0.0,-1.049565526930876
634,2,0.0,0.0,0.0,0.0,-0.20699921593618983
634,3,0.0,0.0,0.0,0.0,0.0
634,4,0.0,0.0,0.0,0.0,0.0
635,0,0.0,-0.020181366326736436,0.0,0.0,-8.643047232609678
635,1,0.0,0.0,-0.0001382868965565141,0.0,-1.049565526930876
635,2,0.0,0.0,0.0,0.0,-0.20699921593618983
635,3,0.0,0.0,0.0,0.0,0.0
635,4,0.0,0.0,0.0,0.0,0.0
636,0,0.0,-0.020181366326736436,0.0,0.0,-8.652344288875266
636,1,0.0,0.0,-0.0001382868965565141,0.0,-1.049565526930876
636,2,0.0,0.0,0.0,0.0,-0.20699921593618983
636,3,0.0,0.0,0.0,0.0,0.0
636,4,0.0,0.0,0.0,0.0,0.0
637,0,0.0,-0.020181366326736436,0.0,0.0,-8.65357110394323
637,1,0.0,0.0,-0.0001382868965565141,0.0,-1.049565526930876
637,2,0.0,0.0,0.0,0.0,-0.20699921593618983
637,3,0.0,0.0,0.0,0.0,0.0
637,4,0.0,0.0,0.0,0.0,0.0
638,0,0.0,-0.020181366326736436,0.0,0.0,-8.656955379832231
638,1,0.0,0.0,-0.0001382868965565141,0.0,-1.049565526930876
638,2,0.0,0.0,0.0,0.0,-0.20699921593618983
638,3,0.0,0.0,0.0,0.0,0.0
638,4,0.0,0.0,0.0,0.0,0.0
639,0,0.0,-0.020181366326736436,0.0,0.0,-8.675092106253944
639,1,0.0,0.0,-0.0001382868965565141,0.0,-1.049565526930876
639,2,0.0,0.0,0.0,0.0,-0.20699921593618983
639,3,0.0,0.0,0.0,0.0,0.0
639,4,0.0,0.0,0.0,0.0,0.0
640,0,0.0,-0.020181366326736436,0.0,0.0,-8.68668837027548
640,1,0.0,0.0,-0.0001382868965565141,0.0,-1.049565526930876
640,2,0.0,0.0,0.0,0.0,-0.20699921593618983
640,3,0.0,0.0,0.0,0.0,0.0
640,4,0.0,0.0,0.0,0.0,0.0
641,0,0.0,-0.020181366326736436,0.0,0.0,-8.690482766204877
641,1,0.0,0.0,-0.0001382868965565141,0.0,-1.049565526930876
641,2,0.0,0.0,0.0,0.0,-0.20699921593618983
641,3,0.0,0.0,0.0,0.0,0.0
641,4,0.0,0.0,0.0,0.0,0.0
642,0,0.0,-0.020181366326736436,0.0,0.0,-8.693863455599498
642,1,0.0,0.0,-0.0001382868965565141,0.0,-1.049565526930876
642,2,0.0,0.0,0.0,0.0,-0.20699921593618983
642,3,0.0,0.0,0.0,0.0,0.0
642,4,0.0,0.0,0.0,0.0,0.0
643,0,0.0,-0.021695660105909717,0.0,0.0,-8.693863455599498
643,1,0.0,0.0,-0.0001382868965565141,0.0,-1.0861098294504066
643,2,0.0,0.0,0.0,0.0,-0.20699921593618983
643,3,0.0,0.0,0.0,0.0,0.0
643,4,0.0,0.0,0.0,0.0,0.0
644,0,0.0,-0.021695660105909717,0.0,0.0,-8.700809421433757
644,1,0.0,0.0,-0.0001382868965565141,0.0,-1.0861098294504066
644,2,0.0,0.0,0.0,0.0,-0.20699921593618983
644,3,0.0,0.0,0.0,0.0,0.0
644,4,0.0,0.0,0.0,0.0,0.0
645,0,0.0,-0.021695660105909717,0.0,0.0,-8.703581098787833
645,1,0.0,0.0,-0.0001382868965565141,0.0,-1.0861098294504066
645,2,0.0,0.0,0.0,0.0,-0.20699921593618983
645,3,0.0,0.0,0.0,0.0,0.0
645,4,0.0,0.0,0.0,0.0,0.0
646,0,0.0,-0.021695660105909717,0.0,0.0,-8.7113636370532
646,1,0.0,0.0,-0.0001382868965565141,0.0,-1.0861098294504066
646,2,0.0,0.0,0.0,0.0,-0.20699921593618983
646,3,0.0,0.0,0.0,0.0,0.0
646,4,0.0,0.0,0.0,0.0,0.0
647,0,0.0,-0.021695660105909717,0.0,0.0,-8.71376674761072
647,1,0.0,0.0,-0.0001382868965565141,0.0,-1.0861098294504066
647,2,0.0,0.0,0.0,0.0,-0.20699921593618983
647,3,0.0,0.0,0.0,0.0,0.0
647,4,0.0,0.0,0.0,0.0,0.0
648,0,0.0,-0.02329019590607025,0.0,0.0,-8.71376674761072
648,1,0.0,0.0,-0.0001382868965565141,0.0,-1.103446487319189
648,2,0.0,0.0,0.0,0.0,-0.20699921593618983
648,3,0.0,0.0,0.0,0.0,0.0
648,4,0.0,0.0,0.0,0.0,0.0
649,0,0.0,-0.02329019590607025,0.0,0.0,-8.721337119821698
649,1,0.0,0.0,-0.0001382868965565141,0.0,-1.103446487319189
649,2,0.0,0.0,0.0,0.0,-0.20699921593618983
649,3,0.0,0.0,0.0,0.0,0.0
649,4,0.0,0.0,0.0,0.0,0.0
650,0,0.0,-0.02329019590607025,0.0,0.0,-8.728516284607537
650,1,0.0,0.0,-0.0001382868965565141,0.0,-1.103446487319189
650,2,0.0,0.0,0.0,0.0,-0.20699921593618983
650,3,0.0,0.0,0.0,0.0,0.0
650,4,0.0,0.0,0.0,0.0,0.0
651,0,0.0,-0.02329019590607025,0.0,0.0,-8.731555896922865
651,1,0.0,0.0,-0.0001382868965565141,0.0,-1.103446487319189
651,2,0.0,0.0,0.0,0.0,-0.20699921593618983
651,3,0.0,0.0,0.0,0.0,0.0
651,4,0.0,0.0,0.0,0.0,0.0
652,0,0.0,-0.02329019590607025,0.0,0.0,-8.73020857512454
652,1,0.0,0.0,-0.0001382868965565141,0.0,-1.103446487319189
652,2,0.0,0.0,0.0,0.0,-0.20699921593618983
652,3,0.0,0.0,0.0,0.0,0.0
652,4,0.0,0.0,0.0,0.0,0.0
653,0,0.0,-0.02329019590607025,0.0,0.0,-8.735715917916906
653,1,0.0,0.0,-0.0001382868965565141,0.0,-1.103446487319189
653,2,0.0,0.0,0.0,0.0,-0.20699921593618983
653,3,0.0,0.0,0.0,0.0,0.0
653,4,0.0,0.0,0.0,0.0,0.0
654,0,0.0,-0.02329019590607025,0.0,0.0,-8.758704739943756
654,1,0.0,0.0,-0.0001382868965565141,0.0,-1.103446487319189
654,2,0.0,0.0,0.0,0.0,-0.20699921593618983
654,3,0.0,0.0,0.0,0.0,0.0
654,4,0.0,0.0,0.0,0.0,0.0
655,0,0.0,-0.02329019590607025,0.0,0.0,-8.767095107193311
655,1,0.0,0.0,-0.0001382868965565141,0.0,-1.103446487319189
655,2,0.0,0.0,0.0,0.0,-0.20699921593618983
655,3,0.0,0.0,0.0,0.0,0.0
655,4,0.0,0.0,0.0,0.0,0.0
656,0,0.0,-0.02329019590607025,0.0,0.0,-8.768538423665326
656,1,0.0,0.0,-0.0001382868965565141,0.0,-1.103446487319189
656,2,0.0,0.0,0.0,0.0,-0.20699921593618983
656,3,0.0,0.0,0.0,0.0,0.0
656,4,0.0,0.0,0.0,0.0,0.0
657,0,0.0,-0.02329019590607025,0.0,0.0,-8.776457091576022
657,1,0.0,0.0,-0.0001382868965565141,0.0,-1.103446487319189
657,2,0.0,0.0,0.0,0.0,-0.20699921593618983
657,3,0.0,0.0,0.0,0.0,0.0
657,4,0.0,0.0,0.0,0.0,0.0
658,0,0.0,-0.02329019590607025,0.0,0.0,-8.777718893195708
658,1,0.0,0.0,-0.0001382868965565141,0.0,-1.103446487319189
658,2,0.0,0.0,0.0,0.0,-0.20699921593618983
658,3,0.0,0.0,0.0,0.0,0.0
658,4,0.0,0.0,0.0,0.0,0.0
659,0,0.0,-0.02329019590607025,0.0,0.0,-8.783803505152914
659,1,0.0,0.0,-0.0001382868965565141,0.0,-1.103446487319189
659,2,0.0,0.0,0.0,0.0,-0.20699921593618983
659,3,0.0,0.0,0.0,0.0,0.0
659,4,0.0,0.0,0.0,0.0,0.0
660,0,0.0,-0.02329019590607025,0.0,0.0,-8.788487670986019
660,1,0.0,0.0,-0.0001382868965565141,0.0,-1.103446487319189
660,2,0.0,0.0,0.0,0.0,-0.20699921593618983
660,3,0.0,0.0,0.0,0.0,0.0
660,4,0.0,0.0,0.0,0.0,0.0
661,0,0.0,-0.02329019590607025,0.0,0.0,-8.792762574558031
661,1,0.0,0.0,-0.0001382868965565141,0.0,-1.103446487319189
661,2,0.0,0.0,0.0,0.0,-0.20699921593618983
661,3,0.0,0.0,0.0,0.0,0.0
661,4,0.0,0.0,0.0,0.0,0.0
662,0,0.0,-0.02329019590607025,0.0,0.0,-8.808560253842472
662,1,0.0,0.0,-0.0001382868965565141,0.0,-1.103446487319189
662,2,0.0,0.0,0.0,0.0,-0.20699921593618983
662,3,0.0,0.0,0.0,0.0,0.0
662,4,0.0,0.0,0.0,0.0,0.0
663,0,0.0,-0.02329019590607025,0.0,0.0,-8.806720190142714
663,1,0.0,0.0,-0.0001382868965565141,0.0,-1.103446487319189
663,2,0.0,0.0,0.0,0.0,-0.20699921593618983
663,3,0.0,0.0,0.0,0.0,0.0
663,4,0.0,0.0,0.0,0.0,0.0
664,0,0.0,-0.02329019590607025,0.0,0.0,-8.814095676008328
664,1,0.0,0.0,-0.0001382868965565141,0.0,-1.103446487319189
664,2,0.0,0.0,0.0,0.0,-0.20699921593618983
664,3,0.0,0.0,0.0,0.0,0.0
664,4,0.0,0.0,0.0,0.0,0.0
665,0,0.0,-0.02329019590607025,0.0,0.0,-8.822113215273953
665,1,0.0,0.0,-0.0001382868965565141,0.0,-1.103446487319189
665,2,0.0,0.0,0.0,0.0,-0.20699921593618983
665,3,0.0,0.0,0.0,0.0,0.0
665,4,0.0,0.0,0.0,0.0,0.0
666,0,0.0,-0.02329019590607025,0.0,0.0,-8.831475961922738
666,1,0.0,0.0,-0.0001382868965565141,0.0,-1.103446487319189
666,2,0.0,0.0,0.0,0.0,-0.20699921593618983
666,3,0.0,0.0,0.0,0.0,0.0
666,4,0.0,0.0,0.0,0.0,0.0
667,0,0.0,-0.02329019590607025,0.0,0.0,-8.84540962456636
667,1,0.0,0.0,-0.0001382868965565141,0.0,-1.103446487319189
667,2,0.0,0.0,0.0,0.0,-0.20699921593618983
667,3,0.0,0.0,0.0,0.0,0.0
667,4,0.0,0.0,0.0,0.0,0.0
668,0,0.0,-0.02329019590607025,0.0,0.0,-8.844754311245962
668,1,0.0,0.0,-0.0001382868965565141,0.0,-1.103446487319189
668,2,0.0,0.0,0.0,0.0,-0.20699921593618983
668,3,0.0,0.0,0.0,0.0,0.0
668,4,0.0,0.0,0.0,0.0,0.0
669,0,0.0,-0.02329019590607025,0.0,0.0,-8.855011009470385
669,1,0.0,0.0,-0.0001382868965565141,0.0,-1.103446487319189
669,2,0.0,0.0,0.0,0.0,-0.20699921593618983
669,3,0.0,0.0,0.0,0.0,0.0
669,4,0.0,0.0,0.0,0.0,0.0
670,0,0.0,-0.02329019590607025,0.0,0.0,-8.857274431271975
670,1,0.0,0.0,-0.0001382868965565141,0.0,-1.103446487319189
670,2,0.0,0.0,0.0,0.0,-0.20699921593618983
670,3,0.0,0.0,0.0,0.0,0.0
670,4,0.0,0.0,0.0,0.0,0.0
671,0,0.0,-0.02329019590607025,0.0,0.0,-8.8641246091762
671,1,0.0,0.0,-0.0001382868965565141,0.0,-1.103446487319189
671,2,0.0,0.0,0.0,0.0,-0.20699921593618983
671,3,0.0,0.0,0.0,0.0,0.0
671,4,0.0,0.0,0.0,0.0,0.0
672,0,0.0,-0.02329019590607025,0.0,0.0,-8.871646796793454
672,1,0.0,0.0,-0.0001382868965565141,0.0,-1.103446487319189
672,2,0.0,0.0,0.0,0.0,-0.20699921593618983
672,3,0.0,0.0,0.0,0.0,0.0
672,4,0.0,0.0,0.0,0.0,0.0
673,0,0.0,-0.02329019590607025,0.0,0.0,-8.874022859572438
673,1,0.0,0.0,-0.0001382868965565141,0.0,-1.103446487319189
673,2,0.0,0.0,0.0,0.0,-0.20699921593618983
673,3,0.0,0.0,0.0,0.0,0.0
673,4,0.0,0.0,0.0,0.0,0.0
674,0,0.0,-0.02329019590607025,0.0,0.0,-8.87515465405684
674,1,0.0,0.0,-0.0001382868965565141,0.0,-1.103446487319189
674,2,0.0,0.0,0.0,0.0,-0.20699921593618983
674,3,0.0,0.0,0.0,0.0,0.0
674,4,0.0,0.0,0.0,0.0,0.0
675,0,0.0,-0.02329019590607025,0.0,0.0,-8.879431107563764
675,1,0.0,0.0,-0.0001382868965565141,0.0,-1.103446487319189
675,2,0.0,0.0,0.0,0.0,-0.20699921593618983
675,3,0.0,0.0,0.0,0.0,0.0
675,4,0.0,0.0,0.0,0.0,0.0
676,0,0.0,-0.02329019590607025,0.0,0.0,-8.889957823214234
676,1,0.0,0.0,-0.0001382868965565141,0.0,-1.103446487319189
676,2,0.0,0.0,0.0,0.0,-0.20699921593618983
676,3,0.0,0.0,0.0,0.0,0.0
676,4,0.0,0.0,0.0,0.0,0.0
677,0,0.0,-0.02329019590607025,0.0,0.0,-8.895963159238141
677,1,0.0,0.0,-0.0001382868965565141,0.0,-1.103446487319189
677,2,0.0,0.0,0.0,0.0,-0.20699921593618983
677,3,0.0,0.0,0.0,0.0,0.0
677,4,0.0,0.0,0.0,0.0,0.0
678,0,0.0,-0.02329019590607025,0.0,0.0,-8.893927028491225
678,1,0.0,0.0,-0.0001382868965565141,0.0,-1.103446487319189
678,2,0.0,0.0,0.0,0.0,-0.20699921593618983
678,3,0.0,0.0,0.0,0.0,0.0
678,4,0.0,0.0,0.0,0.0,0.0
679,0,0.0,-0.02329019590607025,0.0,0.0,-8.894256442320758
679,1,0.0,0.0,-0.0001382868965565141,0.0,-1.103446487319189
679,2,0.0,0.0,0.0,0.0,-0.20699921593618983
679,3,0.0,0.0,0.0,0.0,0.0
679,4,0.0,0.0,0.0,0.0,0.0
680,0,0.0,-0.02329019590607025,0.0,0.0,-8.897495104923907
680,1,0.0,0.0,-0.0001382868965565141,0.0,-1.103446487319189
680,2,0.0,0.0,0.0,0.0,-0.20699921593618983
680,3,0.0,0.0,0.0,0.0,0.0
680,4,0.0,0.0,0.0,0.0,0.0
681,0,0.0,-0.02329019590607025,0.0,0.0,-8.912003182571299
681,1,0.0,0.0,-0.0001382868965565141,0.0,-1.103446487319189
681,2,0.0,0.0,0.0,0.0,-0.20699921593618983
681,3,0.0,0.0,0.0,0.0,0.0
681,4,0.0,0.0,0.0,0.0,0.0
682,0,0.0,-0.02329019590607025,0.0,0.0,-8.916680410668326
682,1,0.0,0.0,-0.0001382868965565141,0.0,-1.103446487319189
682,2,0.0,0.0,0.0,0.0,-0.20699921593618983
682,3,0.0,0.0,0.0,0.0,0.0
682,4,0.0,0.0,0.0,0.0,0.0
683,0,0.0,-0.02329019590607025,0.0,0.0,-8.93935927632679
683,1,0.0,0.0,-0.0001382868965565141,0.0,-1.103446487319189
683,2,0.0,0.0,0.0,0.0,-0.20699921593618983
683,3,0.0,0.0,0.0,0.0,0.0
683,4,0.0,0.0,0.0,0.0,0.0
684,0,0.0,-0.02329019590607025,0.0,0.0,-8.94472204331891
684,1,0.0,0.0,-0.0001382868965565141,0.0,-1.103446487319189
684,2,0.0,0.0,0.0,0.0,-0.20699921593618983
684,3,0.0,0.0,0.0,0.0,0.0
684,4,0.0,0.0,0.0,0.0,0.0
685,0,0.0,-0.02329019590607025,0.0,0.0,-8.943629239505423
685,1,0.0,0.0,-0.0001382868965565141,0.0,-1.103446487319189
685,2,0.0,0.0,0.0,0.0,-0.20699921593618983
685,3,0.0,0.0,0.0,0.0,0.0
685,4,0.0,0.0,0.0,0.0,0.0
686,0,0.0,-0.02329019590607025,0.0,0.0,-8.946741882384893
686,1,0.0,0.0,-0.0001382868965565141,0.0,-1.103446487319189
686,2,0.0,0.0,0.0,0.0,-0.20699921593618983
686,3,0.0,0.0,0.0,0.0,0.0
686,4,0.0,0.0,0.0,0.0,0.0
687,0,0.0,-0.02329019590607025,0.0,0.0,-8.959467397277411
687,1,0.0,0.0,-0.0001382868965565141,0.0,-1.103446487319189
687,2,0.0,0.0,0.0,0.0,-0.20699921593618983
687,3,0.0,0.0,0.0,0.0,0.0
687,4,0.0,0.0,0.0,0.0,0.0
688,0,0.0,-0.02329019590607025,0.0,0.0,-8.957096027840242
688,1,0.0,0.0,-0.0001382868965565141,0.0,-1.103446487319189
688,2,0.0,0.0,0.0,0.0,-0.20699921593618983
688,3,0.0,0.0,0.0,0.0,0.0
688,4,0.0,0.0,0.0,0.0,0.0
689,0,0.0,-0.02329019590607025,0.0,0.0,-8.964715877682936
689,1,0.0,0.0,-0.0001382868965565141,0.0,-1.103446487319189
689,2,0.0,0.0,0.0,0.0,-0.20699921593618983
689,3,0.0,0.0,0.0,0.0,0.0
689,4,0.0,0.0,0.0,0.0,0.0
690,0,0.0,-0.02329019590607025,0.0,0.0,-8.97823936861299
690,1,0.0,0.0,-0.0001382868965565141,0.0,-1.103446487319189
690,2,0.0,0.0,0.0,0.0,-0.20699921593618983
690,3,0.0,0.0,0.0,0.0,0.0
690,4,0.0,0.0,0.0,0.0,0.0
691,0,0.0,-0.02329019590607025,0.0,0.0,-8.980249968133666
691,1,0.0,0.0,-0.0001382868965565141,0.0,-1.103446487319189
691,2,0.0,0.0,0.0,0.0,-0.20699921593618983
691,3,0.0,0.0,0.0,0.0,0.0
691,4,0.0,0.0,0.0,0.0,0.0
692,0,0.0,-0.02329019590607025,0.0,0.0,-8.980554996767198
692,1,0.0,0.0,-0.0001382868965565141,0.0,-1.103446487319189
692,2,0.0,0.0,0.0,0.0,-0.20699921593618983
692,3,0.0,0.0,0.0,0.0,0.0
692,4,0.0,0.0,0.0,0.0,0.0
693,0,0.0,-0.02329019590607025,0.0,0.0,-8.981023372527831
693,1,0.0,0.0,-0.0001382868965565141,0.0,-1.103446487319189
693,2,0.0,0.0,0.0,0.0,-0.20699921593618983
693,3,0.0,0.0,0.0,0.0,0.0
693,4,0.0,0.0,0.0,0.0,0.0
694,0,0.0,-0.02329019590607025,0.0,0.0,-8.984800517650152
694,1,0.0,0.0,-0.0001382868965565141,0.0,-1.103446487319189
694,2,0.0,0.0,0.0,0.0,-0.20699921593618983
694,3,0.0,0.0,0.0,0.0,0.0
694,4,0.0,0.0,0.0,0.0,0.0
695,0,0.0,-0.02329019590607025,0.0,0.0,-8.993029973435505
695,1,0.0,0.0,-0.0001382868965565141,0.0,-1.103446487319189
695,2,0.0,0.0,0.0,0.0,-0.20699921593618983
695,3,0.0,0.0,0.0,0.0,0.0
695,4,0.0,0.0,0.0,0.0,0.0
696,0,0.0,-0.02329019590607025,0.0,0.0,-8.996256453070679
696,1,0.0,0.0,-0.0001382868965565141,0.0,-1.103446487319189
696,2,0.0,0.0,0.0,0.0,-0.20699921593618983
696,3,0.0,0.0,0.0,0.0,0.0
696,4,0.0,0.0,0.0,0.0,0.0
697,0,0.0,-0.02329019590607025,0.0,0.0,-8.996233495290545
697,1,0.0,0.0,-0.0001382868965565141,0.0,-1.103446487319189
697,2,0.0,0.0,0.0,0.0,-0.20699921593618983
697,3,0.0,0.0,0.0,0.0,0.0
697,4,0.0,0.0,0.0,0.0,0.0
698,0,0.0,-0.02329019590607025,0.0,0.0,-8.997281112857895
698,1,0.0,0.0,-0.0001382868965565141,0.0,-1.103446487319189
698,2,0.0,0.0,0.0,0.0,-0.20699921593618983
698,3,0.0,0.0,0.0,0.0,0.0
698,4,0.0,0.0,0.0,0.0,0.0
699,0,0.0,-0.02329019590607025,0.0,0.0,-9.004171137676007
699,1,0.0,0.0,-0.0001382868965565141,0.0,-1.103446487319189
699,2,0.0,0.0,0.0,0.0,-0.20699921593618983
699,3,0.0,0.0,0.0,0.0,0.0
699,4,0.0,0.0,0.0,0.0,0.0
700,0,0.0,-0.02329019590607025,0.0,0.0,-9.017263290473034
700,1,0.0,0.0,-0.0001382868965565141,0.0,-1.103446487319189
700,2,0.0,0.0,0.0,0.0,-0.20699921593618983
700,3,0.0,0.0,0.0,0.0,0.0
700,4,0.0,0.0,0.0,0.0,0.0
701,0,0.0,-0.02329019590607025,0.0,0.0,-9.027906149161335
701,1,0.0,0.0,-0.0001382868965565141,0.0,-1.103446487319189
701,2,0.0,0.0,0.0,0.0,-0.20699921593618983
701,3,0.0,0.0,0.0,0.0,0.0
701,4,0.0,0.0,0.0,0.0,0.0
702,0,0.0,-0.02329019590607025,0.0,0.0,-9.031899760834454
702,1,0.0,0.0,-0.0001382868965565141,0.0,-1.103446487319189
702,2,0.0,0.0,0.0,0.0,-0.20699921593618983
702,3,0.0,0.0,0.0,0.0,0.0
702,4,0.0,0.0,0.0,0.0,0.0
703,0,0.0,-0.02329019590607025,0.0,0.0,-9.040348873503387
703,1,0.0,0.0,-0.0001382868965565141,0.0,-1.103446487319189
703,2,0.0,0.0,0.0,0.0,-0.20699921593618983
703,3,0.0,0.0,0.0,0.0,0.0
703,4,0.0,0.0,0.0,0.0,0.0
704,0,0.0,-0.02329019590607025,0.0,0.0,-9.043954777101028
704,1,0.0,0.0,-0.0001382868965565141,0.0,-1.103446487319189
704,2,0.0,0.0,0.0,0.0,-0.20699921593618983
704,3,0.0,0.0,0.0,0.0,0.0
704,4,0.0,0.0,0.0,0.0,0.0
705,0,0.0,-0.02329019590607025,0.0,0.0,-9.046426702638291
705,1,0.0,0.0,-0.0001382868965565141,0.0,-1.103446487319189
705,2,0.0,0.0,0.0,0.0,-0.20699921593618983
705,3,0.0,0.0,0.0,0.0,0.0
705,4,0.0,0.0,0.0,0.0,0.0
706,0,0.0,-0.02329019590607025,0.0,0.0,-9.056838601219582
706,1,0.0,0.0,-0.0001382868965565141,0.0,-1.103446487319189
706,2,0.0,0.0,0.0,0.0,-0.20699921593618983
706,3,0.0,0.0,0.0,0.0,0.0
706,4,0.0,0.0,0.0,0.0,0.0
707,0,0.0,-0.02329019590607025,0.0,0.0,-9.060904551737393
707,1,0.0,0.0,-0.0001382868965565141,0.0,-1.103446487319189
707,2,0.0,0.0,0.0,0.0,-0.20699921593618983
707,3,0.0,0.0,0.0,0.0,0.0
707,4,0.0,0.0,0.0,0.0,0.0
708,0,0.0,-0.02329019590607025,0.0,0.0,-9.069250707689136
708,1,0.0,0.0,-0.0001382868965565141,0.0,-1.103446487319189
708,2,0.0,0.0,0.0,0.0,-0.20699921593618983
708,3,0.0,0.0,0.0,0.0,0.0
708,4,0.0,0.0,0.0,0.0,0.0
709,0,0.0,-0.02329019590607025,0.0,0.0,-9.07991093602053
709,1,0.0,0.0,-0.0001382868965565141,0.0,-1.103446487319189
709,2,0.0,0.0,0.0,0.0,-0.20699921593618983
709,3,0.0,0.0,0.0,0.0,0.0
709,4,0.0,0.0,0.0,0.0,0.0
710,0,0.0,-0.02329019590607025,0.0,0.0,-9.085013339456129
710,1,0.0,0.0,-0.0001382868965565141,0.0,-1.103446487319189
710,2,0.0,0.0,0.0,0.0,-0.20699921593618983
710,3,0.0,0.0,0.0,0.0,0.0
710,4,0.0,0.0,0.0,0.0,0.0
711,0,0.0,-0.02329019590607025,0.0,0.0,-9.099405898409211
711,1,0.0,0.0,-0.0001382868965565141,0.0,-1.103446487319189
711,2,0.0,0.0,0.0,0.0,-0.20699921593618983
711,3,0.0,0.0,0.0,0.0,0.0
711,4,0.0,0.0,0.0,0.0,0.0
712,0,0.0,-0.02329019590607025,0.0,0.0,-9.101332232996054
712,1,0.0,0.0,-0.0001382868965565141,0.0,-1.103446487319189
712,2,0.0,0.0,0.0,0.0,-0.20699921593618983
712,3,0.0,0.0,0.0,0.0,0.0
712,4,0.0,0.0,0.0,0.0,0.0
713,0,0.0,-0.02329019590607025,0.0,0.0,-9.103509081901711
713,1,0.0,0.0,-0.0001382868965565141,0.0,-1.103446487319189
713,2,0.0,0.0,0.0,0.0,-0.20699921593618983
713,3,0.0,0.0,0.0,0.0,0.0
713,4,0.0,0.0,0.0,0.0,0.0
714,0,0.0,-0.02329019590607025,0.0,0.0,-9.115327002065516
714,1,0.0,0.0,-0.0001382868965565141,0.0,-1.103446487319189
714,2,0.0,0.0,0.0,0.0,-0.20699921593618983
714,3,0.0,0.0,0.0,0.0,0.0
714,4,0.0,0.0,0.0,0.0,0.0
715,0,0.0,-0.02329019590607025,0.0,0.0,-9.119066622606859
715,1,0.0,0.0,-0.0001382868965565141,0.0,-1.103446487319189
715,2,0.0,0.0,0.0,0.0,-0.20699921593618983
715,3,0.0,0.0,0.0,0.0,0.0
715,4,0.0,0.0,0.0,0.0,0.0
716,0,0.0,-0.02329019590607025,0.0,0.0,-9.127514038521198
716,1,0.0,0.0,-0.0001382868965565141,0.0,-1.103446487319189
716,2,0.0,0.0,0.0,0.0,-0.20699921593618983
716,3,0.0,0.0,0.0,0.0,0.0
716,4,0.0,0.0,0.0,0.0,0.0
717,0,0.0,-0.02329019590607025,0.0,0.0,-9.135940078625099
717,1,0.0,0.0,-0.0001382868965565141,0.0,-1.103446487319189
717,2,0.0,0.0,0.0,0.0,-0.20699921593618983
717,3,0.0,0.0,0.0,0.0,0.0
717,4,0.0,0.0,0.0,0.0,0.0
718,0,0.0,-0.02329019590607025,0.0,0.0,-9.140124865546744
718,1,0.0,0.0,-0.0001382868965565141,0.0,-1.103446487319189
718,2,0.0,0.0,0.0,0.0,-0.20699921593618983
718,3,0.0,0.0,0.0,0.0,0.0
718,4,0.0,0.0,0.0,0.0,0.0
719,0,0.0,-0.02329019590607025,0.0,0.0,-9.13989440432085
719,1,0.0,0.0,-0.0001382868965565141,0.0,-1.103446487319189
719,2,0.0,0.0,0.0,0.0,-0.20699921593618983
719,3,0.0,0.0,0.0,0.0,0.0
719,4,0.0,0.0,0.0,0.0,0.0
720,0,0.0,-0.02329019590607025,0.0,0.0,-9.142518656447523
720,1,0.0,0.0,-0.0001382868965565141,0.0,-1.103446487319189
720,2,0.0,0.0,0.0,0.0,-0.20699921593618983
720,3,0.0,0.0,0.0,0.0,0.0
720,4,0.0,0.0,0.0,0.0,0.0
721,0,0.0,-0.02329019590607025,0.0,0.0,-9.15155396498521
721,1,0.0,0.0,-0.0001382868965565141,0.0,-1.103446487319189
721,2,0.0,0.0,0.0,0.0,-0.20699921593618983
721,3,0.0,0.0,0.0,0.0,0.0
721,4,0.0,0.0,0.0,0.0,0.0
722,0,0.0,-0.02329019590607025,0.0,0.0,-9.154796764678423
722,1,0.0,0.0,-0.0001382868965565141,0.0,-1.103446487319189
722,2,0.0,0.0,0.0,0.0,-0.20699921593618983
722,3,0.0,0.0,0.0,0.0,0.0
722,4,0.0,0.0,0.0,0.0,0.0
723,0,0.0,-0.02329019590607025,0.0,0.0,-9.170068560208149
723,1,0.0,0.0,-0.0001382868965565141,0.0,-1.103446487319189
723,2,0.0,0.0,0.0,0.0,-0.20699921593618983
723,3,0.0,0.0,0.0,0.0,0.0
723,4,0.0,0.0,0.0,0.0,0.0
724,0,0.0,-0.02329019590607025,0.0,0.0,-9.171857155509327
724,1,0.0,0.0,-0.0001382868965565141,0.0,-1.103446487319189
724,2,0.0,0.0,0.0,0.0,-0.20699921593618983
724,3,0.0,0.0,0.0,0.0,0.0
724,4,0.0,0.0,0.0,0.0,0.0
725,0,0.0,-0.02329019590607025,0.0,0.0,-9.183163367182352
725,1,0.0,0.0,-0.0001382868965565141,0.0,-1.103446487319189
725,2,0.0,0.0,0.0,0.0,-0.20699921593618983
725,3,0.0,0.0,0.0,0.0,0.0
725,4,0.0,0.0,0.0,0.0,0.0
726,0,0.0,-0.02329019590607025,0.0,0.0,-9.196212224208525
726,1,0.0,0.0,-0.0001382868965565141,0.0,-1.103446487319189
726,2,0.0,0.0,0.0,0.0,-0.20699921593618983
726,3,0.0,0.0,0.0,0.0,0.0
726,4,0.0,0.0,0.0,0.0,0.0
727,0,0.0,-0.02329019590607025,0.0,0.0,-9.194303709167986
727,1,0.0,0.0,-0.0001382868965565141,0.0,-1.103446487319189
727,2,0.0,0.0,0.0,0.0,-0.20699921593618983
727,3,0.0,0.0,0.0,0.0,0.0
727,4,0.0,0.0,0.0,0.0,0.0
728,0,0.0,-0.02329019590607025,0.0,0.0,-9.198376203840885
728,1,0.0,0.0,-0.0001382868965565141,0.0,-1.103446487319189
728,2,0.0,0.0,0.0,0.0,-0.20699921593618983
728,3,0.0,0.0,0.0,0.0,0.0
728,4,0.0,0.0,0.0,0.0,0.0
729,0,0.0,-0.02329019590607025,0.0,0.0,-9.200652657135503
729,1,0.0,0.0,-0.0001382868965565141,0.0,-1.103446487319189
729,2,0.0,0.0,0.0,0.0,-0.20699921593618983
729,3,0.0,0.0,0.0,0.0,0.0
729,4,0.0,0.0,0.0,0.0,0.0
730,0,0.0,-0.02329019590607025,0.0,0.0,-9.199663021662062
730,1,0.0,0.0,-0.0001382868965565141,0.0,-1.103446487319189
730,2,0.0,0.0,0.0,0.0,-0.20699921593618983
730,3,0.0,0.0,0.0,0.0,0.0
730,4,0.0,0.0,0.0,0.0,0.0
731,0,0.0,-0.02329019590607025,0.0,0.0,-9.214875423946937
731,1,0.0,0.0,-0.0001382868965565141,0.0,-1.103446487319189
731,2,0.0,0.0,0.0,0.0,-0.20699921593618983
731,3,0.0,0.0,0.0,0.0,0.0
731,4,0.0,0.0,0.0,0.0,0.0
732,0,0.0,-0.02329019590607025,0.0,0.0,-9.215573920351847
732,1,0.0,0.0,-0.0001382868965565141,0.0,-1.103446487319189
732,2,0.0,0.0,0.0,0.0,-0.20699921593618983
732,3,0.0,0.0,0.0,0.0,0.0
732,4,0.0,0.0,0.0,0.0,0.0
733,0,0.0,-0.02329019590607025,0.0,0.0,-9.224598804268517
733,1,0.0,0.0,-0.0001382868965565141,0.0,-1.103446487319189
733,2,0.0,0.0,0.0,0.0,-0.20699921593618983
733,3,0.0,0.0,0.0,0.0,0.0
733,4,0.0,0.0,0.0,0.0,0.0
734,0,0.0,-0.02329019590607025,0.0,0.0,-9.221964455120974
734,1,0.0,0.0,-0.0001382868965565141,0.0,-1.103446487319189
734,2,0.0,0.0,0.0,0.0,-0.20699921593618983
734,3,0.0,0.0,0.0,0.0,0.0
734,4,0.0,0.0,0.0,0.0,0.0
735,0,0.0,-0.02329019590607025,0.0,0.0,-9.22987167061893
735,1,0.0,0.0,-0.0001382868965565141,0.0,-1.103446487319189
735,2,0.0,0.0,0.0,0.0,-0.20699921593618983
735,3,0.0,0.0,0.0,0.0,0.0
735,4,0.0,0.0,0.0,0.0,0.0
736,0,0.0,-0.02329019590607025,0.0,0.0,-9.233114484945517
736,1,0.0,0.0,-0.0001382868965565141,0.0,-1.103446487319189
736,2,0.0,0.0,0.0,0.0,-0.20699921593618983
736,3,0.0,0.0,0.0,0.0,0.0
736,4,0.0,0.0,0.0,0.0,0.0
737,0,0.0,-0.024920498015657582,0.0,0.0,-9.233114484945517
737,1,0.0,0.0,-0.0001382868965565141,0.0,-1.1317816307394013
737,2,0.0,0.0,0.0,0.0,-0.20699921593618983
737,3,0.0,0.0,0.0,0.0,0.0
737,4,0.0,0.0,0.0,0.0,0.0
738,0,0.0,-0.024920498015657582,0.0,0.0,-9.237972218258342
738,1,0.0,0.0,-0.0001382868965565141,0.0,-1.1317816307394013
738,2,0.0,0.0,0.0,0.0,-0.20699921593618983
738,3,0.0,0.0,0.0,0.0,0.0
738,4,0.0,0.0,0.0,0.0,0.0
739,0,0.0,-0.024920498015657582,0.0,0.0,-9.244623340118142
739,1,0.0,0.0,-0.0001382868965565141,0.0,-1.1317816307394013
739,2,0.0,0.0,0.0,0.0,-0.20699921593618983
739,3,0.0,0.0,0.0,0.0,0.0
739,4,0.0,0.0,0.0,0.0,0.0
740,0,0.0,-0.024920498015657582,0.0,0.0,-9.248739447132426
740,1,0.0,0.0,-0.0001382868965565141,0.0,-1.1317816307394013
740,2,0.0,0.0,0.0,0.0,-0.20699921593618983
740,3,0.0,0.0,0.0,0.0,0.0
740,4,0.0,0.0,0.0,0.0,0.0
741,0,0.0,-0.024920498015657582,0.0,0.0,-9.248158524921033
741,1,0.0,0.0,-0.0001382868965565141,0.0,-1.1317816307394013
741,2,0.0,0.0,0.0,0.0,-0.20699921593618983
741,3,0.0,0.0,0.0,0.0,0.0
741,4,0.0,0.0,0.0,0.0,0.0
742,0,0.0,-0.024920498015657582,0.0,0.0,-9.258659906226828
742,1,0.0,0.0,-0.0001382868965565141,0.0,-1.1317816307394013
742,2,0.0,0.0,0.0,0.0,-0.20699921593618983
742,3,0.0,0.0,0.0,0.0,0.0
742,4,0.0,0.0,0.0,0.0,0.0
743,0,0.0,-0.024920498015657582,0.0,0.0,-9.257572955537396
743,1,0.0,0.0,-0.0001382868965565141,0.0,-1.1317816307394013
743,2,0.0,0.0,0.0,0.0,-0.20699921593618983
743,3,0.0,0.0,0.0,0.0,0.0
743,4,0.0,0.0,0.0,0.0,0.0
744,0,0.0,-0.024920498015657582,0.0,0.0,-9.259822785739413
744,1,0.0,0.0,-0.0001382868965565141,0.0,-1.1317816307394013
744,2,0.0,0.0,0.0,0.0,-0.20699921593618983
744,3,0.0,0.0,0.0,0.0,0.0
744,4,0.0,0.0,0.0,0.0,0.0
745,0,0.0,-0.024920498015657582,0.0,0.0,-9.259751443565216
745,1,0.0,0.0,-0.0001382868965565141,0.0,-1.1317816307394013
745,2,0.0,0.0,0.0,0.0,-0.20699921593618983
745,3,0.0,0.0,0.0,0.0,0.0
745,4,0.0,0.0,0.0,0.0,0.0
746,0,0.0,-0.024920498015657582,0.0,0.0,-9.26193310059987
746,1,0.0,0.0,-0.0001382868965565141,0.0,-1.1317816307394013
746,2,0.0,0.0,0.0,0.0,-0.20699921593618983
746,3,0.0,0.0,0.0,0.0,0.0
746,4,0.0,0.0,0.0,0.0,0.0
747,0,0.0,-0.024920498015657582,0.0,0.0,-9.26738489573884
747,1,0.0,0.0,-0.0001382868965565141,0.0,-1.1317816307394013
747,2,0.0,0.0,0.0,0.0,-0.20699921593618983
747,3,0.0,0.0,0.0,0.0,0.0
747,4,0.0,0.0,0.0,0.0,0.0
748,0,0.0,-0.024920498015657582,0.0,0.0,-9.272523337699068
748,1,0.0,0.0,-0.0001382868965565141,0.0,-1.1317816307394013
748,2,0.0,0.0,0.0,0.0,-0.20699921593618983
748,3,0.0,0.0,0.0,0.0,0.0
748,4,0.0,0.0,0.0,0.0,0.0
749,0,0.0,-0.024920498015657582,0.0,0.0,-9.273881389163202
749,1,0.0,0.0,-0.0001382868965565141,0.0,-1.1317816307394013
749,2,0.0,0.0,0.0,0.0,-0.20699921593618983
749,3,0.0,0.0,0.0,0.0,0.0
749,4,0.0,0.0,0.0,0.0,0.0
750,0,0.0,-0.024920498015657582,0.0,0.0,-9.277153253400636
750,1,0.0,0.0,-0.0001382868965565141,0.0,-1.1317816307394013
750,2,0.0,0.0,0.0,0.0,-0.20699921593618983
750,3,0.0,0.0,0.0,0.0,0.0
750,4,0.0,0.0,0.0,0.0,0.0
751,0,0.0,-0.024920498015657582,0.0,0.0,-9.287196542513822
751,1,0.0,0.0,-0.0001382868965565141,0.0,-1.1317816307394013
751,2,0.0,0.0,0.0,0.0,-0.20699921593618983
751,3,0.0,0.0,0.0,0.0,0.0
751,4,0.0,0.0,0.0,0.0,0.0
752,0,0.0,-0.024920498015657582,0.0,0.0,-9.291449511402595
752,1,0.0,0.0,-0.0001382868965565141,0.0,-1.1317816307394013
752,2,0.0,0.0,0.0,0.0,-0.20699921593618983
752,3,0.0,0.0,0.0,0.0,0.0
752,4,0.0,0.0,0.0,0.0,0.0
753,0,0.0,-0.024920498015657582,0.0,0.0,-9.291301368731386
753,1,0.0,0.0,-0.0001382868965565141,0.0,-1.1317816307394013
753,2,0.0,0.0,0.0,0.0,-0.20699921593618983
753,3,0.0,0.0,0.0,0.0,0.0
753,4,0.0,0.0,0.0,0.0,0.0
754,0,0.0,-0.024920498015657582,0.0,0.0,-9.295006974943696
754,1,0.0,0.0,-0.0001382868965565141,0.0,-1.1317816307394013
754,2,0.0,0.0,0.0,0.0,-0.20699921593618983
754,3,0.0,0.0,0.0,0.0,0.0
754,4,0.0,0.0,0.0,0.0,0.0
755,0,0.0,-0.024920498015657582,0.0,0.0,-9.293028829191904
755,1,0.0,0.0,-0.0001382868965565141,0.0,-1.1317816307394013
755,2,0.0,0.0,0.0,0.0,-0.20699921593618983
755,3,0.0,0.0,0.0,0.0,0.0
755,4,0.0,0.0,0.0,0.0,0.0
756,0,0.0,-0.024920498015657582,0.0,0.0,-9.292867985879903
756,1,0.0,0.0,-0.0001382868965565141,0.0,-1.1317816307394013
756,2,0.0,0.0,0.0,0.0,-0.20699921593618983
756,3,0.0,0.0,0.0,0.0,0.0
756,4,0.0,0.0,0.0,0.0,0.0
757,0,0.0,-0.024920498015657582,0.0,0.0,-9.297672999620916
757,1,0.0,0.0,-0.0001382868965565141,0.0,-1.1317816307394013
757,2,0.0,0.0,0.0,0.0,-0.20699921593618983
757,3,0.0,0.0,0.0,0.0,0.0
757,4,0.0,0.0,0.0,0.0,0.0
758,0,0.0,-0.024920498015657582,0.0,0.0,-9.300339412159941
758,1,0.0,0.0,-0.0001382868965565141,0.0,-1.1317816307394013
758,2,0.0,0.0,0.0,0.0,-0.20699921593618983
758,3,0.0,0.0,0.0,0.0,0.0
758,4,0.0,0.0,0.0,0.0,0.0
759,0,0.0,-0.024920498015657582,0.0,0.0,-9.311867609803837
759,1,0.0,0.0,-0.0001382868965565141,0.0,-1.1317816307394013
759,2,0.0,0.0,0.0,0.0,-0.20699921593618983
759,3,0.0,0.0,0.0,0.0,0.0
759,4,0.0,0.0,0.0,0.0,0.0
760,0,0.0,-0.024920498015657582,0.0,0.0,-9.311127158827574
760,1,0.0,0.0,-0.0001382868965565141,0.0,-1.1317816307394013
760,2,0.0,0.0,0.0,0.0,-0.20699921593618983
760,3,0.0,0.0,0.0,0.0,0.0
760,4,0.0,0.0,0.0,0.0,0.0
761,0,0.0,-0.024920498015657582,0.0,0.0,-9.302822187792385
761,1,0.0,0.0,-0.0001382868965565141,0.0,-1.1317816307394013
761,2,0.0,0.0,0.0,0.0,-0.20699921593618983
761,3,0.0,0.0,0.0,0.0,0.0
761,4,0.0,0.0,0.0,0.0,0.0
762,0,0.0,-0.024920498015657582,0.0,0.0,-9.325331461747412
762,1,0.0,0.0,-0.0001382868965565141,0.0,-1.1317816307394013
762,2,0.0,0.0,0.0,0.0,-0.20699921593618983
762,3,0.0,0.0,0.0,0.0,0.0
762,4,0.0,0.0,0.0,0.0,0.0
763,0,0.0,-0.024920498015657582,0.0,0.0,-9.327608384597054
763,1,0.0,0.0,-0.0001382868965565141,0.0,-1.1317816307394013
763,2,0.0,0.0,0.0,0.0,-0.20699921593618983
763,3,0.0,0.0,0.0,0.0,0.0
763,4,0.0,0.0,0.0,0.0,0.0
764,0,0.0,-0.024920498015657582,0.0,0.0,-9.334074125448385
764,1,0.0,0.0,-0.0001382868965565141,0.0,-1.1317816307394013
764,2,0.0,0.0,0.0,0.0,-0.20699921593618983
764,3,0.0,0.0,0.0,0.0,0.0
764,4,0.0,0.0,0.0,0.0,0.0
765,0,0.0,-0.024920498015657582,0.0,0.0,-9.340977322959766
765,1,0.0,0.0,-0.0001382868965565141,0.0,-1.1317816307394013
765,2,0.0,0.0,0.0,0.0,-0.20699921593618983
765,3,0.0,0.0,0.0,0.0,0.0
765,4,0.0,0.0,0.0,0.0,0.0
766,0,0.0,-0.024920498015657582,0.0,0.0,-9.34575719334486
766,1,0.0,0.0,-0.0001382868965565141,0.0,-1.1317816307394013
766,2,0.0,0.0,0.0,0.0,-0.20699921593618983
766,3,0.0,0.0,0.0,0.0,0.0
766,4,0.0,0.0,0.0,0.0,0.0
767,0,0.0,-0.024920498015657582,0.0,0.0,-9.346656418498103
767,1,0.0,0.0,-0.0001382868965565141,0.0,-1.1317816307394013
767,2,0.0,0.0,0.0,0.0,-0.20699921593618983
767,3,0.0,0.0,0.0,0.0,0.0
767,4,0.0,0.0,0.0,0.0,0.0
768,0,0.0,-0.024920498015657582,0.0,0.0,-9.348941758750437
768,1,0.0,0.0,-0.0001382868965565141,0.0,-1.1317816307394013
768,2,0.0,0.0,0.0,0.0,-0.20699921593618983
768,3,0.0,0.0,0.0,0.0,0.0
768,4,0.0,0.0,0.0,0.0,0.0
769,0,0.0,-0.024920498015657582,0.0,0.0,-9.352277407225648
769,1,0.0,0.0,-0.0001382868965565141,0.0,-1.1317816307394013
769,2,0.0,0.0,0.0,0.0,-0.20699921593618983
769,3,0.0,0.0,0.0,0.0,0.0
769,4,0.0,0.0,0.0,0.0,0.0
770,0,0.0,-0.024920498015657582,0.0,0.0,-9.361368244963428
770,1,0.0,0.0,-0.0001382868965565141,0.0,-1.1317816307394013
770,2,0.0,0.0,0.0,0.0,-0.20699921593618983
770,3,0.0,0.0,0.0,0.0,0.0
770,4,0.0,0.0,0.0,0.0,0.0
771,0,0.0,-0.024920498015657582,0.0,0.0,-9.36490373686956
771,1,0.0,0.0,-0.0001382868965565141,0.0,-1.1317816307394013
771,2,0.0,0.0,0.0,0.0,-0.20699921593618983
771,3,0.0,0.0,0.0,0.0,0.0
771,4,0.0,0.0,0.0,0.0,0.0
772,0,0.0,-0.024920498015657582,0.0,0.0,-9.37151568754001
772,1,0.0,0.0,-0.0001382868965565141,0.0,-1.1317816307394013
772,2,0.0,0.0,0.0,0.0,-0.20699921593618983
772,3,0.0,0.0,0.0,0.0,0.0
772,4,0.0,0.0,0.0,0.0,0.0
773,0,0.0,-0.024920498015657582,0.0,0.0,-9.382790056578184
773,1,0.0,0.0,-0.0001382868965565141,0.0,-1.1317816307394013
773,2,0.0,0.0,0.0,0.0,-0.20699921593618983
773,3,0.0,0.0,0.0,0.0,0.0
773,4,0.0,0.0,0.0,0.0,0.0
774,0,0.0,-0.024920498015657582,0.0,0.0,-9.385377506985272
774,1,0.0,0.0,-0.0001382868965565141,0.0,-1.1317816307394013
774,2,0.0,0.0,0.0,0.0,-0.20699921593618983
774,3,0.0,0.0,0.0,0.0,0.0
774,4,0.0,0.0,0.0,0.0,0.0
775,0,0.0,-0.024920498015657582,0.0,0.0,-9.38456803816617
775,1,0.0,0.0,-0.0001382868965565141,0.0,-1.1317816307394013
775,2,0.0,0.0,0.0,0.0,-0.20699921593618983
775,3,0.0,0.0,0.0,0.0,0.0
775,4,0.0,0.0,0.0,0.0,0.0
776,0,0.0,-0.024920498015657582,0.0,0.0,-9.388163737160022
776,1,0.0,0.0,-0.0001382868965565141,0.0,-1.1317816307394013
776,2,0.0,0.0,0.0,0.0,-0.20699921593618983
776,3,0.0,0.0,0.0,0.0,0.0
776,4,0.0,0.0,0.0,0.0,0.0
777,0,0.0,-0.024920498015657582,0.0,0.0,-9.3896392634994
777,1,0.0,0.0,-0.0001382868965565141,0.0,-1.1317816307394013
777,2,0.0,0.0,0.0,0.0,-0.20699921593618983
777,3,0.0,0.0,0.0,0.0,0.0
777,4,0.0,0.0,0.0,0.0,0.0
778,0,0.0,-0.024920498015657582,0.0,0.0,-9.391240959545454
778,1,0.0,0.0,-0.0001382868965565141,0.0,-1.1317816307394013
778,2,0.0,0.0,0.0,0.0,-0.20699921593618983
778,3,0.0,0.0,0.0,0.0,0.0
778,4,0.0,0.0,0.0,0.0,0.0
779,0,0.0,-0.024920498015657582,0.0,0.0,-9.393374280354356
779,1,0.0,0.0,-0.0001382868965565141,0.0,-1.1317816307394013
779,2,0.0,0.0,0.0,0.0,-0.20699921593618983
779,3,0.0,0.0,0.0,0.0,0.0
779,4,0.0,0.0,0.0,0.0,0.0
780,0,0.0,-0.024920498015657582,0.0,0.0,-9.413908654382258
780,1,0.0,0.0,-0.0001382868965565141,0.0,-1.1317816307394013
780,2,0.0,0.0,0.0,0.0,-0.20699921593618983
780,3,0.0,0.0,0.0,0.0,0.0
780,4,0.0,0.0,0.0,0.0,0.0
781,0,0.0,-0.024920498015657582,0.0,0.0,-9.42975359359953
781,1,0.0,0.0,-0.0001382868965565141,0.0,-1.1317816307394013
781,2,0.0,0.0,0.0,0.0,-0.20699921593618983
781,3,0.0,0.0,0.0,0.0,0.0
781,4,0.0,0.0,0.0,0.0,0.0
782,0,0.0,-0.024920498015657582,0.0,0.0,-9.429161872104897
782,1,0.0,0.0,-0.0001382868965565141,0.0,-1.1317816307394013
782,2,0.0,0.0,0.0,0.0,-0.20699921593618983
782,3,0.0,0.0,0.0,0.0,0.0
782,4,0.0,0.0,0.0,0.0,0.0
783,0,0.0,-0.024920498015657582,0.0,0.0,-9.433576994901403
783,1,0.0,0.0,-0.0001382868965565141,0.0,-1.1317816307394013
783,2,0.0,0.0,0.0,0.0,-0.20699921593618983
783,3,0.0,0.0,0.0,0.0,0.0
783,4,0.0,0.0,0.0,0.0,0.0
784,0,0.0,-0.024920498015657582,0.0,0.0,-9.434314722833387
784,1,0.0,0.0,-0.0001382868965565141,0.0,-1.1317816307394013
784,2,0.0,0.0,0.0,0.0,-0.20699921593618983
784,3,0.0,0.0,0.0,0.0,0.0
784,4,0.0,0.0,0.0,0.0,0.0
785,0,0.0,-0.024920498015657582,0.0,0.0,-9.451759683554002
785,1,0.0,0.0,-0.0001382868965565141,0.0,-1.1317816307394013
785,2,0.0,0.0,0.0,0.0,-0.20699921593618983
785,3,0.0,0.0,0.0,0.0,0.0
785,4,0.0,0.0,0.0,0.0,0.0
786,0,0.0,-0.024920498015657582,0.0,0.0,-9.456742966499537
786,1,0.0,0.0,-0.0001382868965565141,0.0,-1.1317816307394013
786,2,0.0,0.0,0.0,0.0,-0.20699921593618983
786,3,0.0,0.0,0.0,0.0,0.0
786,4,0.0,0.0,0.0,0.0,0.0
787,0,0.0,-0.024920498015657582,0.0,0.0,-9.458131408164483
787,1,0.0,0.0,-0.0001382868965565141,0.0,-1.1317816307394013
787,2,0.0,0.0,0.0,0.0,-0.20699921593618983
787,3,0.0,0.0,0.0,0.0,0.0
787,4,0.0,0.0,0.0,0.0,0.0
788,0,0.0,-0.024920498015657582,0.0,0.0,-9.459514937317703
788,1,0.0,0.0,-0.0001382868965565141,0.0,-1.1317816307394013
788,2,0.0,0.0,0.0,0.0,-0.20699921593618983
788,3,0.0,0.0,0.0,0.0,0.0
788,4,0.0,0.0,0.0,0.0,0.0
789,0,0.0,-0.024920498015657582,0.0,0.0,-9.470672812360993
789,1,0.0,0.0,-0.0001382868965565141,0.0,-1.1317816307394013
789,2,0.0,0.0,0.0,0.0,-0.20699921593618983
789,3,0.0,0.0,0.0,0.0,0.0
789,4,0.0,0.0,0.0,0.0,0.0
790,0,0.0,-0.024920498015657582,0.0,0.0,-9.474687987583625
790,1,0.0,0.0,-0.0001382868965565141,0.0,-1.1317816307394013
790,2,0.0,0.0,0.0,0.0,-0.20699921593618983
790,3,0.0,0.0,0.0,0.0,0.0
790,4,0.0,0.0,0.0,0.0,0.0
791,0,0.0,-0.024920498015657582,0.0,0.0,-9.482052971158382
791,1,0.0,0.0,-0.0001382868965565141,0.0,-1.1317816307394013
791,2,0.0,0.0,0.0,0.0,-0.20699921593618983
791,3,0.0,0.0,0.0,0.0,0.0
791,4,0.0,0.0,0.0,0.0,0.0
792,0,0.0,-0.024920498015657582,0.0,0.0,-9.492959154449034
792,1,0.0,0.0,-0.0001382868965565141,0.0,-1.1317816307394013
792,2,0.0,0.0,0.0,0.0,-0.20699921593618983
792,3,0.0,0.0,0.0,0.0,0.0
792,4,0.0,0.0,0.0,0.0,0.0
793,0,0.0,-0.024920498015657582,0.0,0.0,-9.49657141046442
793,1,0.0,0.0,-0.0001382868965565141,0.0,-1.1317816307394013
793,2,0.0,0.0,0.0,0.0,-0.20699921593618983
793,3,0.0,0.0,0.0,0.0,0.0
793,4,0.0,0.0,0.0,0.0,0.0
794,0,0.0,-0.024920498015657582,0.0,0.0,-9.5055445455076
794,1,0.0,0.0,-0.0001382868965565141,0.0,-1.1317816307394013
794,2,0.0,0.0,0.0,0.0,-0.20699921593618983
794,3,0.0,0.0,0.0,0.0,0.0
794,4,0.0,0.0,0.0,0.0,0.0
795,0,0.0,-0.024920498015657582,0.0,0.0,-9.506225429298677
795,1,0.0,0.0,-0.0001382868965565141,0.0,-1.1317816307394013
795,2,0.0,0.0,0.0,0.0,-0.20699921593618983
795,3,0.0,0.0,0.0,0.0,0.0
795,4,0.0,0.0,0.0,0.0,0.0
796,0,0.0,-0.024920498015657582,0.0,0.0,-9.51285831701173
796,1,0.0,0.0,-0.0001382868965565141,0.0,-1.1317816307394013
796,2,0.0,0.0,0.0,0.0,-0.20699921593618983
796,3,0.0,0.0,0.0,0.0,0.0
796,4,0.0,0.0,0.0,0.0,0.0
797,0,0.0,-0.024920498015657582,0.0,0.0,-9.517819797448105
797,1,0.0,0.0,-0.0001382868965565141,0.0,-1.1317816307394013
797,2,0.0,0.0,0.0,0.0,-0.20699921593618983
797,3,0.0,0.0,0.0,0.0,0.0
797,4,0.0,0.0,0.0,0.0,0.0
798,0,0.0,-0.024920498015657582,0.0,0.0,-9.5213799011923
798,1,0.0,0.0,-0.0001382868965565141,0.0,-1.1317816307394013
798,2,0.0,0.0,0.0,0.0,-0.20699921593618983
798,3,0.0,0.0,0.0,0.0,0.0
798,4,0.0,0.0,0.0,0.0,0.0
799,0,0.0,-0.024920498015657582,0.0,0.0,-9.528794817887087
799,1,0.0,0.0,-0.0001382868965565141,0.0,-1.1317816307394013
799,2,0.0,0.0,0.0,0.0,-0.20699921593618983
799,3,0.0,0.0,0.0,0.0,0.0
799,4,0.0,0.0,0.0,0.0,0.0
800,0,0.0,-0.024920498015657582,0.0,0.0,-9.53040636931219
800,1,0.0,0.0,-0.0001382868965565141,0.0,-1.1317816307394013
800,2,0.0,0.0,0.0,0.0,-0.20699921593618983
800,3,0.0,0.0,0.0,0.0,0.0
800,4,0.0,0.0,0.0,0.0,0.0
801,0,0.0,-0.024920498015657582,0.0,0.0,-9.531178547854955
801,1,0.0,0.0,-0.0001382868965565141,0.0,-1.1317816307394013
801,2,0.0,0.0,0.0,0.0,-0.20699921593618983
801,3,0.0,0.0,0.0,0.0,0.0
801,4,0.0,0.0,0.0,0.0,0.0
802,0,0.0,-0.024920498015657582,0.0,0.0,-9.530007997572595
802,1,0.0,0.0,-0.0001382868965565141,0.0,-1.1317816307394013
802,2,0.0,0.0,0.0,0.0,-0.20699921593618983
802,3,0.0,0.0,0.0,0.0,0.0
802,4,0.0,0.0,0.0,0.0,0.0
803,0,0.0,-0.024920498015657582,0.0,0.0,-9.540066145934748
803,1,0.0,0.0,-0.0001382868965565141,0.0,-1.1317816307394013
803,2,0.0,0.0,0.0,0.0,-0.20699921593618983
803,3,0.0,0.0,0.0,0.0,0.0
803,4,0.0,0.0,0.0,0.0,0.0
804,0,0.0,-0.024920498015657582,0.0,0.0,-9.541209470317574
804,1,0.0,0.0,-0.0001382868965565141,0.0,-1.1317816307394013
804,2,0.0,0.0,0.0,0.0,-0.20699921593618983
804,3,0.0,0.0,0.0,0.0,0.0
804,4,0.0,0.0,0.0,0.0,0.0
805,0,0.0,-0.024920498015657582,0.0,0.0,-9.541998342987137
805,1,0.0,0.0,-0.0001382868965565141,0.0,-1.1317816307394013
805,2,0.0,0.0,0.0,0.0,-0.20699921593618983
805,3,0.0,0.0,0.0,0.0,0.0
805,4,0.0,0.0,0.0,0.0,0.0
806,0,0.0,-0.024920498015657582,0.0,0.0,-9.545712092014659
806,1,0.0,0.0,-0.0001382868965565141,0.0,-1.1317816307394013
806,2,0.0,0.0,0.0,0.0,-0.20699921593618983
806,3,0.0,0.0,0.0,0.0,0.0
806,4,0.0,0.0,0.0,0.0,0.0
807,0,0.0,-0.024920498015657582,0.0,0.0,-9.545078849816177
807,1,0.0,0.0,-0.0001382868965565141,0.0,-1.1317816307394013
807,2,0.0,0.0,0.0,0.0,-0.20699921593618983
807,3,0.0,0.0,0.0,0.0,0.0
807,4,0.0,0.0,0.0,0.0,0.0
808,0,0.0,-0.024920498015657582,0.0,0.0,-9.553088596678759
808,1,0.0,0.0,-0.0001382868965565141,0.0,-1.1317816307394013
808,2,0.0,0.0,0.0,0.0,-0.20699921593618983
808,3,0.0,0.0,0.0,0.0,0.0
808,4,0.0,0.0,0.0,0.0,0.0
809,0,0.0,-0.024920498015657582,0.0,0.0,-9.561692264405286
809,1,0.0,0.0,-0.0001382868965565141,0.0,-1.1317816307394013
809,2,0.0,0.0,0.0,0.0,-0.20699921593618983
809,3,0.0,0.0,0.0,0.0,0.0
809,4,0.0,0.0,0.0,0.0,0.0
810,0,0.0,-0.024920498015657582,0.0,0.0,-9.569759109840538
810,1,0.0,0.0,-0.0001382868965565141,0.0,-1.1317816307394013
810,2,0.0,0.0,0.0,0.0,-0.20699921593618983
810,3,0.0,0.0,0.0,0.0,0.0
810,4,0.0,0.0,0.0,0.0,0.0
811,0,0.0,-0.024920498015657582,0.0,0.0,-9.5717600357704
811,1,0.0,0.0,-0.0001382868965565141,0.0,-1.1317816307394013
811,2,0.0,0.0,0.0,0.0,-0.20699921593618983
811,3,0.0,0.0,0.0,0.0,0.0
811,4,0.0,0.0,0.0,0.0,0.0
812,0,0.0,-0.024920498015657582,0.0,0.0,-9.572254758979222
812,1,0.0,0.0,-0.0001382868965565141,0.0,-1.1317816307394013
812,2,0.0,0.0,0.0,0.0,-0.20699921593618983
812,3,0.0,0.0,0.0,0.0,0.0
812,4,0.0,0.0,0.0,0.0,0.0
813,0,0.0,-0.024920498015657582,0.0,0.0,-9.581538667182597
813,1,0.0,0.0,-0.0001382868965565141,0.0,-1.1317816307394013
813,2,0.0,0.0,0.0,0.0,-0.20699921593618983
813,3,0.0,0.0,0.0,0.0,0.0
813,4,0.0,0.0,0.0,0.0,0.0
814,0,0.0,-0.024920498015657582,0.0,0.0,-9.587469707566655
814,1,0.0,0.0,-0.0001382868965565141,0.0,-1.1317816307394013
814,2,0.0,0.0,0.0,0.0,-0.20699921593618983
814,3,0.0,0.0,0.0,0.0,0.0
814,4,0.0,0.0,0.0,0.0,0.0
815,0,0.0,-0.024920498015657582,0.0,0.0,-9.593107212111011
815,1,0.0,0.0,-0.0001382868965565141,0.0,-1.1317816307394013
815,2,0.0,0.0,0.0,0.0,-0.20699921593618983
815,3,0.0,0.0,0.0,0.0,0.0
815,4,0.0,0.0,0.0,0.0,0.0
816,0,0.0,-0.024920498015657582,0.0,0.0,-9.593812140033151
816,1,0.0,0.0,-0.0001382868965565141,0.0,-1.1317816307394013
816,2,0.0,0.0,0.0,0.0,-0.20699921593618983
816,3,0.0,0.0,0.0,0.0,0.0
816,4,0.0,0.0,0.0,0.0,0.0
817,0,0.0,-0.024920498015657582,0.0,0.0,-9.595083989765113
817,1,0.0,0.0,-0.0001382868965565141,0.0,-1.1317816307394013
817,2,0.0,0.0,0.0,0.0,-0.20699921593618983
817,3,0.0,0.0,0.0,0.0,0.0
817,4,0.0,0.0,0.0,0.0,0.0
818,0,0.0,-0.024920498015657582,0.0,0.0,-9.596810071521984
818,1,0.0,0.0,-0.0001382868965565141,0.0,-1.1317816307394013
818,2,0.0,0.0,0.0,0.0,-0.20699921593618983
818,3,0.0,0.0,0.0,0.0,0.0
818,4,0.0,0.0,0.0,0.0,0.0
819,0,0.0,-0.024920498015657582,0.0,0.0,-9.597301505839326
819,1,0.0,0.0,-0.0001382868965565141,0.0,-1.1317816307394013
819,2,0.0,0.0,0.0,0.0,-0.20699921593618983
819,3,0.0,0.0,0.0,0.0,0.0
819,4,0.0,0.0,0.0,0.0,0.0
820,0,0.0,-0.024920498015657582,0.0,0.0,-9.60576867352646
820,1,0.0,0.0,-0.0001382868965565141,0.0,-1.1317816307394013
820,2,0.0,0.0,0.0,0.0,-0.20699921593618983
820,3,0.0,0.0,0.0,0.0,0.0
820,4,0.0,0.0,0.0,0.0,0.0
821,0,0.0,-0.024920498015657582,0.0,0.0,-9.615374889392667
821,1,0.0,0.0,-0.0001382868965565141,0.0,-1.1317816307394013
821,2,0.0,0.0,0.0,0.0,-0.20699921593618983
821,3,0.0,0.0,0.0,0.0,0.0
821,4,0.0,0.0,0.0,0.0,0.0
822,0,0.0,-0.024920498015657582,0.0,0.0,-9.614111858010915
822,1,0.0,0.0,-0.0001382868965565141,0.0,-1.1317816307394013
822,2,0.0,0.0,0.0,0.0,-0.20699921593618983
822,3,0.0,0.0,0.0,0.0,0.0
822,4,0.0,0.0,0.0,0.0,0.0
823,0,0.0,-0.024920498015657582,0.0,0.0,-9.612938532371631
823,1,0.0,0.0,-0.0001382868965565141,0.0,-1.1317816307394013
823,2,0.0,0.0,0.0,0.0,-0.20699921593618983
823,3,0.0,0.0,0.0,0.0,0.0
823,4,0.0,0.0,0.0,0.0,0.0
824,0,0.0,-0.024920498015657582,0.0,0.0,-9.618853469007103
824,1,0.0,0.0,-0.0001382868965565141,0.0,-1.1317816307394013
824,2,0.0,0.0,0.0,0.0,-0.20699921593618983
824,3,0.0,0.0,0.0,0.0,0.0
824,4,0.0,0.0,0.0,0.0,0.0
825,0,0.0,-0.024920498015657582,0.0,0.0,-9.62130044070343
825,1,0.0,0.0,-0.0001382868965565141,0.0,-1.1317816307394013
825,2,0.0,0.0,0.0,0.0,-0.20699921593618983
825,3,0.0,0.0,0.0,0.0,0.0
825,4,0.0,0.0,0.0,0.0,0.0
826,0,0.0,-0.024920498015657582,0.0,0.0,-9.62985218462732
826,1,0.0,0.0,-0.0001382868965565141,0.0,-1.1317816307394013
826,2,0.0,0.0,0.0,0.0,-0.20699921593618983
826,3,0.0,0.0,0.0,0.0,0.0
826,4,0.0,0.0,0.0,0.0,0.0
827,0,0.0,-0.024920498015657582,0.0,0.0,-9.633335180661575
827,1,0.0,0.0,-0.0001382868965565141,0.0,-1.1317816307394013
827,2,0.0,0.0,0.0,0.0,-0.20699921593618983
827,3,0.0,0.0,0.0,0.0,0.0
827,4,0.0,0.0,0.0,0.0,0.0
828,0,0.0,-0.024920498015657582,0.0,0.0,-9.638054274345832
828,1,0.0,0.0,-0.0001382868965565141,0.0,-1.1317816307394013
828,2,0.0,0.0,0.0,0.0,-0.20699921593618983
828,3,0.0,0.0,0.0,0.0,0.0
828,4,0.0,0.0,0.0,0.0,0.0
829,0,0.0,-0.024920498015657582,0.0,0.0,-9.646108927500523
829,1,0.0,0.0,-0.0001382868965565141,0.0,-1.1317816307394013
829,2,0.0,0.0,0.0,0.0,-0.20699921593618983
829,3,0.0,0.0,0.0,0.0,0.0
829,4,0.0,0.0,0.0,0.0,0.0
830,0,0.0,-0.024920498015657582,0.0,0.0,-9.647143081807792
830,1,0.0,0.0,-0.0001382868965565141,0.0,-1.1317816307394013
830,2,0.0,0.0,0.0,0.0,-0.20699921593618983
830,3,0.0,0.0,0.0,0.0,0.0
830,4,0.0,0.0,0.0,0.0,0.0
831,0,0.0,-0.024920498015657582,0.0,0.0,-9.648944236453069
831,1,0.0,0.0,-0.0001382868965565141,0.0,-1.1317816307394013
831,2,0.0,0.0,0.0,0.0,-0.20699921593618983
831,3,0.0,0.0,0.0,0.0,0.0
831,4,0.0,0.0,0.0,0.0,0.0
832,0,0.0,-0.024920498015657582,0.0,0.0,-9.651262532458237
832,1,0.0,0.0,-0.0001382868965565141,0.0,-1.1317816307394013
832,2,0.0,0.0,0.0,0.0,-0.20699921593618983
832,3,0.0,0.0,0.0,0.0,0.0
832,4,0.0,0.0,0.0,0.0,0.0
833,0,0.0,-0.024920498015657582,0.0,0.0,-9.66685001889542
833,1,0.0,0.0,-0.0001382868965565141,0.0,-1.1317816307394013
833,2,0.0,0.0,0.0,0.0,-0.20699921593618983
833,3,0.0,0.0,0.0,0.0,0.0
833,4,0.0,0.0,0.0,0.0,0.0
834,0,0.0,-0.024920498015657582,0.0,0.0,-9.668224576279819
834,1,0.0,0.0,-0.0001382868965565141,0.0,-1.1317816307394013
834,2,0.0,0.0,0.0,0.0,-0.20699921593618983
834,3,0.0,0.0,0.0,0.0,0.0
834,4,0.0,0.0,0.0,0.0,0.0
835,0,0.0,-0.024920498015657582,0.0,0.0,-9.668778927585274
835,1,0.0,0.0,-0.0001382868965565141,0.0,-1.1317816307394013
835,2,0.0,0.0,0.0,0.0,-0.20699921593618983
835,3,0.0,0.0,0.0,0.0,0.0
835,4,0.0,0.0,0.0,0.0,0.0
836,0,0.0,-0.024920498015657582,0.0,0.0,-9.669050799854361
836,1,0.0,0.0,-0.0001382868965565141,0.0,-1.1317816307394013
836,2,0.0,0.0,0.0,0.0,-0.20699921593618983
836,3,0.0,0.0,0.0,0.0,0.0
836,4,0.0,0.0,0.0,0.0,0.0
837,0,0.0,-0.024920498015657582,0.0,0.0,-9.671469332226343
837,1,0.0,0.0,-0.0001382868965565141,0.0,-1.1317816307394013
837,2,0.0,0.0,0.0,0.0,-0.20699921593618983
837,3,0.0,0.0,0.0,0.0,0.0
837,4,0.0,0.0,0.0,0.0,0.0
838,0,0.0,-0.024920498015657582,0.0,0.0,-9.684617237629494
838,1,0.0,0.0,-0.0001382868965565141,0.0,-1.1317816307394013
838,2,0.0,0.0,0.0,0.0,-0.20699921593618983
838,3,0.0,0.0,0.0,0.0,0.0
838,4,0.0,0.0,0.0,0.0,0.0
839,0,0.0,-0.024920498015657582,0.0,0.0,-9.686265530145604
839,1,0.0,0.0,-0.0001382868965565141,0.0,-1.1317816307394013
839,2,0.0,0.0,0.0,0.0,-0.20699921593618983
839,3,0.0,0.0,0.0,0.0,0.0
839,4,0.0,0.0,0.0,0.0,0.0
840,0,0.0,-0.024920498015657582,0.0,0.0,-9.693158674947696
840,1,0.0,0.0,-0.0001382868965565141,0.0,-1.1317816307394013
840,2,0.0,0.0,0.0,0.0,-0.20699921593618983
840,3,0.0,0.0,0.0,0.0,0.0
840,4,0.0,0.0,0.0,0.0,0.0
841,0,0.0,-0.024920498015657582,0.0,0.0,-9.70344013337909
841,1,0.0,0.0,-0.0001382868965565141,0.0,-1.1317816307394013
841,2,0.0,0.0,0.0,0.0,-0.20699921593618983
841,3,0.0,0.0,0.0,0.0,0.0
841,4,0.0,0.0,0.0,0.0,0.0
842,0,0.0,-0.024920498015657582,0.0,0.0,-9.711667912057512
842,1,0.0,0.0,-0.0001382868965565141,0.0,-1.1317816307394013
842,2,0.0,0.0,0.0,0.0,-0.20699921593618983
842,3,0.0,0.0,0.0,0.0,0.0
842,4,0.0,0.0,0.0,0.0,0.0
843,0,0.0,-0.024920498015657582,0.0,0.0,-9.712439007781201
843,1,0.0,0.0,-0.0001382868965565141,0.0,-1.1317816307394013
843,2,0.0,0.0,0.0,0.0,-0.20699921593618983
843,3,0.0,0.0,0.0,0.0,0.0
843,4,0.0,0.0,0.0,0.0,0.0
844,0,0.0,-0.024920498015657582,0.0,0.0,-9.719019834420656
844,1,0.0,0.0,-0.0001382868965565141,0.0,-1.1317816307394013
844,2,0.0,0.0,0.0,0.0,-0.20699921593618983
844,3,0.0,0.0,0.0,0.0,0.0
844,4,0.0,0.0,0.0,0.0,0.0
845,0,0.0,-0.024920498015657582,0.0,0.0,-9.736099913666099
845,1,0.0,0.0,-0.0001382868965565141,0.0,-1.1317816307394013
845,2,0.0,0.0,0.0,0.0,-0.20699921593618983
845,3,0.0,0.0,0.0,0.0,0.0
845,4,0.0,0.0,0.0,0.0,0.0
846,0,0.0,-0.024920498015657582,0.0,0.0,-9.737938259649683
846,1,0.0,0.0,-0.0001382868965565141,0.0,-1.1317816307394013
846,2,0.0,0.0,0.0,0.0,-0.20699921593618983
846,3,0.0,0.0,0.0,0.0,0.0
846,4,0.0,0.0,0.0,0.0,0.0
847,0,0.0,-0.024920498015657582,0.0,0.0,-9.754588769557085
847,1,0.0,0.0,-0.0001382868965565141,0.0,-1.1317816307394013
847,2,0.0,0.0,0.0,0.0,-0.20699921593618983
847,3,0.0,0.0,0.0,0.0,0.0
847,4,0.0,0.0,0.0,0.0,0.0
848,0,0.0,-0.024920498015657582,0.0,0.0,-9.760031308540253
848,1,0.0,0.0,-0.0001382868965565141,0.0,-1.1317816307394013
848,2,0.0,0.0,0.0,0.0,-0.20699921593618983
848,3,0.0,0.0,0.0,0.0,0.0
848,4,0.0,0.0,0.0,0.0,0.0
849,0,0.0,-0.024920498015657582,0.0,0.0,-9.766717743533516
849,1,0.0,0.0,-0.0001382868965565141,0.0,-1.1317816307394013
849,2,0.0,0.0,0.0,0.0,-0.20699921593618983
849,3,0.0,0.0,0.0,0.0,0.0
849,4,0.0,0.0,0.0,0.0,0.0
850,0,0.0,-0.024920498015657582,0.0,0.0,-9.76696009830292
850,1,0.0,0.0,-0.0001382868965565141,0.0,-1.1317816307394013
850,2,0.0,0.0,0.0,0.0,-0.20699921593618983
850,3,0.0,0.0,0.0,0.0,0.0
850,4,0.0,0.0,0.0,0.0,0.0
851,0,0.0,-0.024920498015657582,0.0,0.0,-9.764803136739525
851,1,0.0,0.0,-0.0001382868965565141,0.0,-1.1317816307394013
851,2,0.0,0.0,0.0,0.0,-0.20699921593618983
851,3,0.0,0.0,0.0,0.0,0.0
851,4,0.0,0.0,0.0,0.0,0.0
852,0,0.0,-0.024920498015657582,0.0,0.0,-9.766896571951387
852,1,0.0,0.0,-0.0001382868965565141,0.0,-1.1317816307394013
852,2,0.0,0.0,0.0,0.0,-0.20699921593618983
852,3,0.0,0.0,0.0,0.0,0.0
852,4,0.0,0.0,0.0,0.0,0.0
853,0,0.0,-0.024920498015657582,0.0,0.0,-9.769727798550864
853,1,0.0,0.0,-0.0001382868965565141,0.0,-1.1317816307394013
853,2,0.0,0.0,0.0,0.0,-0.20699921593618983
853,3,0.0,0.0,0.0,0.0,0.0
853,4,0.0,0.0,0.0,0.0,0.0
854,0,0.0,-0.024920498015657582,0.0,0.0,-9.769342135599363
854,1,0.0,0.0,-0.0001382868965565141,0.0,-1.1317816307394013
854,2,0.0,0.0,0.0,0.0,-0.20699921593618983
854,3,0.0,0.0,0.0,0.0,0.0
854,4,0.0,0.0,0.0,0.0,0.0
855,0,0.0,-0.024920498015657582,0.0,0.0,-9.780829363693256
855,1,0.0,0.0,-0.0001382868965565141,0.0,-1.1317816307394013
855,2,0.0,0.0,0.0,0.0,-0.20699921593618983
855,3,0.0,0.0,0.0,0.0,0.0
855,4,0.0,0.0,0.0,0.0,0.0
856,0,0.0,-0.024920498015657582,0.0,0.0,-9.781059796261298
856,1,0.0,0.0,-0.0001382868965565141,0.0,-1.1317816307394013
856,2,0.0,0.0,0.0,0.0,-0.20699921593618983
856,3,0.0,0.0,0.0,0.0,0.0
856,4,0.0,0.0,0.0,0.0,0.0
857,0,0.0,-0.024920498015657582,0.0,0.0,-9.784269865366479
857,1,0.0,0.0,-0.0001382868965565141,0.0,-1.1317816307394013
857,2,0.0,0.0,0.0,0.0,-0.20699921593618983
857,3,0.0,0.0,0.0,0.0,0.0
857,4,0.0,0.0,0.0,0.0,0.0
858,0,0.0,-0.024920498015657582,0.0,0.0,-9.791816013774971
858,1,0.0,0.0,-0.0001382868965565141,0.0,-1.1317816307394013
858,2,0.0,0.0,0.0,0.0,-0.20699921593618983
858,3,0.0,0.0,0.0,0.0,0.0
858,4,0.0,0.0,0.0,0.0,0.0
859,0,0.0,-0.024920498015657582,0.0,0.0,-9.7903620266846
859,1,0.0,0.0,-0.0001382868965565141,0.0,-1.1317816307394013
859,2,0.0,0.0,0.0,0.0,-0.20699921593618983
859,3,0.0,0.0,0.0,0.0,0.0
859,4,0.0,0.0,0.0,0.0,0.0
860,0,0.0,-0.024920498015657582,0.0,0.0,-9.79858520770388
860,1,0.0,0.0,-0.0001382868965565141,0.0,-1.1317816307394013
860,2,0.0,0.0,0.0,0.0,-0.20699921593618983
860,3,0.0,0.0,0.0,0.0,0.0
860,4,0.0,0.0,0.0,0.0,0.0
861,0,0.0,-0.024920498015657582,0.0,0.0,-9.80074508908484
861,1,0.0,0.0,-0.0001382868965565141,0.0,-1.1317816307394013
861,2,0.0,0.0,0.0,0.0,-0.20699921593618983
861,3,0.0,0.0,0.0,0.0,0.0
861,4,0.0,0.0,0.0,0.0,0.0
862,0,0.0,-0.024920498015657582,0.0,0.0,-9.8021792565803
862,1,0.0,0.0,-0.0001382868965565141,0.0,-1.1317816307394013
862,2,0.0,0.0,0.0,0.0,-0.20699921593618983
862,3,0.0,0.0,0.0,0.0,0.0
862,4,0.0,0.0,0.0,0.0,0.0
863,0,0.0,-0.024920498015657582,0.0,0.0,-9.803128845012662
863,1,0.0,0.0,-0.0001382868965565141,0.0,-1.1317816307394013
863,2,0.0,0.0,0.0,0.0,-0.20699921593618983
863,3,0.0,0.0,0.0,0.0,0.0
863,4,0.0,0.0,0.0,0.0,0.0
864,0,0.0,-0.024920498015657582,0.0,0.0,-9.806016703983
864,1,0.0,0.0,-0.0001382868965565141,0.0,-1.1317816307394013
864,2,0.0,0.0,0.0,0.0,-0.20699921593618983
864,3,0.0,0.0,0.0,0.0,0.0
864,4,0.0,0.0,0.0,0.0,0.0
865,0,0.0,-0.024920498015657582,0.0,0.0,-9.806225084033798
865,1,0.0,0.0,-0.0001382868965565141,0.0,-1.1317816307394013
865,2,0.0,0.0,0.0,0.0,-0.20699921593618983
865,3,0.0,0.0,0.0,0.0,0.0
865,4,0.0,0.0,0.0,0.0,0.0
866,0,0.0,-0.024920498015657582,0.0,0.0,-9.809767365162392
866,1,0.0,0.0,-0.0001382868965565141,0.0,-1.1317816307394013
866,2,0.0,0.0,0.0,0.0,-0.20699921593618983
866,3,0.0,0.0,0.0,0.0,0.0
866,4,0.0,0.0,0.0,0.0,0.0
867,0,0.0,-0.024920498015657582,0.0,0.0,-9.808142602592579
867,1,0.0,0.0,-0.0001382868965565141,0.0,-1.1317816307394013
867,2,0.0,0.0,0.0,0.0,-0.20699921593618983
867,3,0.0,0.0,0.0,0.0,0.0
867,4,0.0,0.0,0.0,0.0,0.0
868,0,0.0,-0.024920498015657582,0.0,0.0,-9.809362102541781
868,1,0.0,0.0,-0.0001382868965565141,0.0,-1.1317816307394013
868,2,0.0,0.0,0.0,0.0,-0.20699921593618983
868,3,0.0,0.0,0.0,0.0,0.0
868,4,0.0,0.0,0.0,0.0,0.0
869,0,0.0,-0.024920498015657582,0.0,0.0,-9.814163929261786
869,1,0.0,0.0,-0.0001382868965565141,0.0,-1.1317816307394013
869,2,0.0,0.0,0.0,0.0,-0.20699921593618983
869,3,0.0,0.0,0.0,0.0,0.0
869,4,0.0,0.0,0.0,0.0,0.0
870,0,0.0,-0.024920498015657582,0.0,0.0,-9.823489596086313
870,1,0.0,0.0,-0.0001382868965565141,0.0,-1.1317816307394013
870,2,0.0,0.0,0.0,0.0,-0.20699921593618983
870,3,0.0,0.0,0.0,0.0,0.0
870,4,0.0,0.0,0.0,0.0,0.0
871,0,0.0,-0.024920498015657582,0.0,0.0,-9.828921897250689
871,1,0.0,0.0,-0.0001382868965565141,0.0,-1.1317816307394013
871,2,0.0,0.0,0.0,0.0,-0.20699921593618983
871,3,0.0,0.0,0.0,0.0,0.0
871,4,0.0,0.0,0.0,0.0,0.0
872,0,0.0,-0.024920498015657582,0.0,0.0,-9.829578331534481
872,1,0.0,0.0,-0.0001382868965565141,0.0,-1.1317816307394013
872,2,0.0,0.0,0.0,0.0,-0.20699921593618983
872,3,0.0,0.0,0.0,0.0,0.0
872,4,0.0,0.0,0.0,0.0,0.0
873,0,0.0,-0.024920498015657582,0.0,0.0,-9.831273859195873
873,1,0.0,0.0,-0.0001382868965565141,0.0,-1.1317816307394013
873,2,0.0,0.0,0.0,0.0,-0.20699921593618983
873,3,0.0,0.0,0.0,0.0,0.0
873,4,0.0,0.0,0.0,0.0,0.0
874,0,0.0,-0.024920498015657582,0.0,0.0,-9.834236634844151
874,1,0.0,0.0,-0.0001382868965565141,0.0,-1.1317816307394013
874,2,0.0,0.0,0.0,0.0,-0.20699921593618983
874,3,0.0,0.0,0.0,0.0,0.0
874,4,0.0,0.0,0.0,0.0,0.0
875,0,0.0,-0.024920498015657582,0.0,0.0,-9.842839789633159
875,1,0.0,0.0,-0.0001382868965565141,0.0,-1.1317816307394013
875,2,0.0,0.0,0.0,0.0,-0.20699921593618983
875,3,0.0,0.0,0.0,0.0,0.0
875,4,0.0,0.0,0.0,0.0,0.0
876,0,0.0,-0.024920498015657582,0.0,0.0,-9.846564354413674
876,1,0.0,0.0,-0.0001382868965565141,0.0,-1.1317816307394013
876,2,0.0,0.0,0.0,0.0,-0.20699921593618983
876,3,0.0,0.0,0.0,0.0,0.0
876,4,0.0,0.0,0.0,0.0,0.0
877,0,0.0,-0.024920498015657582,0.0,0.0,-9.851640278066881
877,1,0.0,0.0,-0.0001382868965565141,0.0,-1.1317816307394013
877,2,0.0,0.0,0.0,0.0,-0.20699921593618983
877,3,0.0,0.0,0.0,0.0,0.0
877,4,0.0,0.0,0.0,0.0,0.0
878,0,0.0,-0.024920498015657582,0.0,0.0,-9.863191145091466
878,1,0.0,0.0,-0.0001382868965565141,0.0,-1.1317816307394013
878,2,0.0,0.0,0.0,0.0,-0.20699921593618983
878,3,0.0,0.0,0.0,0.0,0.0
878,4,0.0,0.0,0.0,0.0,0.0
879,0,0.0,-0.024920498015657582,0.0,0.0,-9.863022241870137
879,1,0.0,0.0,-0.0001382868965565141,0.0,-1.1317816307394013
879,2,0.0,0.0,0.0,0.0,-0.20699921593618983
879,3,0.0,0.0,0.0,0.0,0.0
879,4,0.0,0.0,0.0,0.0,0.0
880,0,0.0,-0.024920498015657582,0.0,0.0,-9.864885993924881
880,1,0.0,0.0,-0.0001382868965565141,0.0,-1.1317816307394013
880,2,0.0,0.0,0.0,0.0,-0.20699921593618983
880,3,0.0,0.0,0.0,0.0,0.0
880,4,0.0,0.0,0.0,0.0,0.0
881,0,0.0,-0.024920498015657582,0.0,0.0,-9.865169444284415
881,1,0.0,0.0,-0.0001382868965565141,0.0,-1.1317816307394013
881,2,0.0,0.0,0.0,0.0,-0.20699921593618983
881,3,0.0,0.0,0.0,0.0,0.0
881,4,0.0,0.0,0.0,0.0,0.0
882,0,0.0,-0.024920498015657582,0.0,0.0,-9.868632248550183
882,1,0.0,0.0,-0.0001382868965565141,0.0,-1.1317816307394013
882,2,0.0,0.0,0.0,0.0,-0.20699921593618983
882,3,0.0,0.0,0.0,0.0,0.0
882,4,0.0,0.0,0.0,0.0,0.0
883,0,0.0,-0.024920498015657582,0.0,0.0,-9.868168884070293
883,1,0.0,0.0,-0.0001382868965565141,0.0,-1.1317816307394013
883,2,0.0,0.0,0.0,0.0,-0.20699921593618983
883,3,0.0,0.0,0.0,0.0,0.0
883,4,0.0,0.0,0.0,0.0,0.0
884,0,0.0,-0.024920498015657582,0.0,0.0,-9.868691367497133
884,1,0.0,0.0,-0.0001382868965565141,0.0,-1.1317816307394013
884,2,0.0,0.0,0.0,0.0,-0.20699921593618983
884,3,0.0,0.0,0.0,0.0,0.0
884,4,0.0,0.0,0.0,0.0,0.0
885,0,0.0,-0.024920498015657582,0.0,0.0,-9.864918833532577
885,1,0.0,0.0,-0.0001382868965565141,0.0,-1.1317816307394013
885,2,0.0,0.0,0.0,0.0,-0.20699921593618983
885,3,0.0,0.0,0.0,0.0,0.0
885,4,0.0,0.0,0.0,0.0,0.0
886,0,0.0,-0.024920498015657582,0.0,0.0,-9.865911482826803
886,1,0.0,0.0,-0.0001382868965565141,0.0,-1.1317816307394013
886,2,0.0,0.0,0.0,0.0,-0.20699921593618983
886,3,0.0,0.0,0.0,0.0,0.0
886,4,0.0,0.0,0.0,0.0,0.0
887,0,0.0,-0.024920498015657582,0.0,0.0,-9.868341917445372
887,1,0.0,0.0,-0.0001382868965565141,0.0,-1.1317816307394013
887,2,0.0,0.0,0.0,0.0,-0.20699921593618983
887,3,0.0,0.0,0.0,0.0,0.0
887,4,0.0,0.0,0.0,0.0,0.0
888,0,0.0,-0.024920498015657582,0.0,0.0,-9.876569258399718
888,1,0.0,0.0,-0.0001382868965565141,0.0,-1.1317816307394013
888,2,0.0,0.0,0.0,0.0,-0.20699921593618983
888,3,0.0,0.0,0.0,0.0,0.0
888,4,0.0,0.0,0.0,0.0,0.0
889,0,0.0,-0.024920498015657582,0.0,0.0,-9.878256551194694
889,1,0.0,0.0,-0.0001382868965565141,0.0,-1.1317816307394013
889,2,0.0,0.0,0.0,0.0,-0.20699921593618983
889,3,0.0,0.0,0.0,0.0,0.0
889,4,0.0,0.0,0.0,0.0,0.0
890,0,0.0,-0.024920498015657582,0.0,0.0,-9.883320276691016
890,1,0.0,0.0,-0.0001382868965565141,0.0,-1.1317816307394013
890,2,0.0,0.0,0.0,0.0,-0.20699921593618983
890,3,0.0,0.0,0.0,0.0,0.0
890,4,0.0,0.0,0.0,0.0,0.0
891,0,0.0,-0.024920498015657582,0.0,0.0,-9.892893541787506
891,1,0.0,0.0,-0.0001382868965565141,0.0,-1.1317816307394013
891,2,0.0,0.0,0.0,0.0,-0.20699921593618983
891,3,0.0,0.0,0.0,0.0,0.0
891,4,0.0,0.0,0.0,0.0,0.0
892,0,0.0,-0.024920498015657582,0.0,0.0,-9.899518981910282
892,1,0.0,0.0,-0.0001382868965565141,0.0,-1.1317816307394013
892,2,0.0,0.0,0.0,0.0,-0.20699921593618983
892,3,0.0,0.0,0.0,0.0,0.0
892,4,0.0,0.0,0.0,0.0,0.0
893,0,0.0,-0.024920498015657582,0.0,0.0,-9.898979163989832
893,1,0.0,0.0,-0.0001382868965565141,0.0,-1.1317816307394013
893,2,0.0,0.0,0.0,0.0,-0.20699921593618983
893,3,0.0,0.0,0.0,0.0,0.0
893,4,0.0,0.0,0.0,0.0,0.0
894,0,0.0,-0.024920498015657582,0.0,0.0,-9.89718058560076
894,1,0.0,0.0,-0.0001382868965565141,0.0,-1.1317816307394013
894,2,0.0,0.0,0.0,0.0,-0.20699921593618983
894,3,0.0,0.0,0.0,0.0,0.0
894,4,0.0,0.0,0.0,0.0,0.0
895,0,0.0,-0.024920498015657582,0.0,0.0,-9.897535404698402
895,1,0.0,0.0,-0.0001382868965565141,0.0,-1.1317816307394013
895,2,0.0,0.0,0.0,0.0,-0.20699921593618983
895,3,0.0,0.0,0.0,0.0,0.0
895,4,0.0,0.0,0.0,0.0,0.0
896,0,0.0,-0.024920498015657582,0.0,0.0,-9.908866366605412
896,1,0.0,0.0,-0.0001382868965565141,0.0,-1.1317816307394013
896,2,0.0,0.0,0.0,0.0,-0.20699921593618983
896,3,0.0,0.0,0.0,0.0,0.0
896,4,0.0,0.0,0.0,0.0,0.0
897,0,0.0,-0.024920498015657582,0.0,0.0,-9.909846189958778
897,1,0.0,0.0,-0.0001382868965565141,0.0,-1.1317816307394013
897,2,0.0,0.0,0.0,0.0,-0.20699921593618983
897,3,0.0,0.0,0.0,0.0,0.0
897,4,0.0,0.0,0.0,0.0,0.0
898,0,0.0,-0.024920498015657582,0.0,0.0,-9.925118068876333
898,1,0.0,0.0,-0.0001382868965565141,0.0,-1.1317816307394013
898,2,0.0,0.0,0.0,0.0,-0.20699921593618983
898,3,0.0,0.0,0.0,0.0,0.0
898,4,0.0,0.0,0.0,0.0,0.0
899,0,0.0,-0.024920498015657582,0.0,0.0,-9.926101679094675
899,1,0.0,0.0,-0.0001382868965565141,0.0,-1.1317816307394013
899,2,0.0,0.0,0.0,0.0,-0.20699921593618983
899,3,0.0,0.0,0.0,0.0,0.0
899,4,0.0,0.0,0.0,0.0,0.0
900,0,0.0,-0.024920498015657582,0.0,0.0,-9.931530534642532
900,1,0.0,0.0,-0.0001382868965565141,0.0,-1.1317816307394013
900,2,0.0,0.0,0.0,0.0,-0.20699921593618983
900,3,0.0,0.0,0.0,0.0,0.0
900,4,0.0,0.0,0.0,0.0,0.0
901,0,0.0,-0.024920498015657582,0.0,0.0,-9.93310160999842
901,1,0.0,0.0,-0.0001382868965565141,0.0,-1.1317816307394013
901,2,0.0,0.0,0.0,0.0,-0.20699921593618983
901,3,0.0,0.0,0.0,0.0,0.0
901,4,0.0,0.0,0.0,0.0,0.0
902,0,0.0,-0.024920498015657582,0.0,0.0,-9.934158163264609
902,1,0.0,0.0,-0.0001382868965565141,0.0,-1.1317816307394013
902,2,0.0,0.0,0.0,0.0,-0.20699921593618983
902,3,0.0,0.0,0.0,0.0,0.0
902,4,0.0,0.0,0.0,0.0,0.0
903,0,0.0,-0.024920498015657582,0.0,0.0,-9.93385299945253
903,1,0.0,0.0,-0.0001382868965565141,0.0,-1.1317816307394013
903,2,0.0,0.0,0.0,0.0,-0.20699921593618983
903,3,0.0,0.0,0.0,0.0,0.0
903,4,0.0,0.0,0.0,0.0,0.0
904,0,0.0,-0.024920498015657582,0.0,0.0,-9.936335082222547
904,1,0.0,0.0,-0.0001382868965565141,0.0,-1.1317816307394013
904,2,0.0,0.0,0.0,0.0,-0.20699921593618983
904,3,0.0,0.0,0.0,0.0,0.0
904,4,0.0,0.0,0.0,0.0,0.0
905,0,0.0,-0.024920498015657582,0.0,0.0,-9.929370399000469
905,1,0.0,0.0,-0.0001382868965565141,0.0,-1.1317816307394013
905,2,0.0,0.0,0.0,0.0,-0.20699921593618983
905,3,0.0,0.0,0.0,0.0,0.0
905,4,0.0,0.0,0.0,0.0,0.0
906,0,0.0,-0.024920498015657582,0.0,0.0,-9.94504393599315
906,1,0.0,0.0,-0.0001382868965565141,0.0,-1.1317816307394013
906,2,0.0,0.0,0.0,0.0,-0.20699921593618983
906,3,0.0,0.0,0.0,0.0,0.0
906,4,0.0,0.0,0.0,0.0,0.0
907,0,0.0,-0.024920498015657582,0.0,0.0,-9.951604660805037
907,1,0.0,0.0,-0.0001382868965565141,0.0,-1.1317816307394013
907,2,0.0,0.0,0.0,0.0,-0.20699921593618983
907,3,0.0,0.0,0.0,0.0,0.0
907,4,0.0,0.0,0.0,0.0,0.0
908,0,0.0,-0.024920498015657582,0.0,0.0,-9.952552381491682
908,1,0.0,0.0,-0.0001382868965565141,0.0,-1.1317816307394013
908,2,0.0,0.0,0.0,0.0,-0.20699921593618983
908,3,0.0,0.0,0.0,0.0,0.0
908,4,0.0,0.0,0.0,0.0,0.0
909,0,0.0,-0.024920498015657582,0.0,0.0,-9.957035560733129
909,1,0.0,0.0,-0.0001382868965565141,0.0,-1.1317816307394013
909,2,0.0,0.0,0.0,0.0,-0.20699921593618983
909,3,0.0,0.0,0.0,0.0,0.0
909,4,0.0,0.0,0.0,0.0,0.0
910,0,0.0,-0.024920498015657582,0.0,0.0,-9.956611248729397
910,1,0.0,0.0,-0.0001382868965565141,0.0,-1.1317816307394013
910,2,0.0,0.0,0.0,0.0,-0.20699921593618983
910,3,0.0,0.0,0.0,0.0,0.0
910,4,0.0,0.0,0.0,0.0,0.0
911,0,0.0,-0.024920498015657582,0.0,0.0,-9.961470093993618
911,1,0.0,0.0,-0.0001382868965565141,0.0,-1.1317816307394013
911,2,0.0,0.0,0.0,0.0,-0.20699921593618983
911,3,0.0,0.0,0.0,0.0,0.0
911,4,0.0,0.0,0.0,0.0,0.0
912,0,0.0,-0.024920498015657582,0.0,0.0,-9.96364198666669
912,1,0.0,0.0,-0.0001382868965565141,0.0,-1.1317816307394013
912,2,0.0,0.0,0.0,0.0,-0.20699921593618983
912,3,0.0,0.0,0.0,0.0,0.0
912,4,0.0,0.0,0.0,0.0,0.0
913,0,0.0,-0.024920498015657582,0.0,0.0,-9.978078342618424
913,1,0.0,0.0,-0.0001382868965565141,0.0,-1.1317816307394013
913,2,0.0,0.0,0.0,0.0,-0.20699921593618983
913,3,0.0,0.0,0.0,0.0,0.0
913,4,0.0,0.0,0.0,0.0,0.0
914,0,0.0,-0.024920498015657582,0.0,0.0,-9.980243573873013
914,1,0.0,0.0,-0.0001382868965565141,0.0,-1.1317816307394013
914,2,0.0,0.0,0.0,0.0,-0.20699921593618983
914,3,0.0,0.0,0.0,0.0,0.0
914,4,0.0,0.0,0.0,0.0,0.0
915,0,0.0,-0.024920498015657582,0.0,0.0,-9.981829778655149
915,1,0.0,0.0,-0.0001382868965565141,0.0,-1.1317816307394013
915,2,0.0,0.0,0.0,0.0,-0.20699921593618983
915,3,0.0,0.0,0.0,0.0,0.0
915,4,0.0,0.0,0.0,0.0,0.0
916,0,0.0,-0.024920498015657582,0.0,0.0,-9.980520034070361
916,1,0.0,0.0,-0.0001382868965565141,0.0,-1.1317816307394013
916,2,0.0,0.0,0.0,0.0,-0.20699921593618983
916,3,0.0,0.0,0.0,0.0,0.0
916,4,0.0,0.0,0.0,0.0,0.0
917,0,0.0,-0.024920498015657582,0.0,0.0,-9.98014985899934
917,1,0.0,0.0,-0.0001382868965565141,0.0,-1.1317816307394013
917,2,0.0,0.0,0.0,0.0,-0.20699921593618983
917,3,0.0,0.0,0.0,0.0,0.0
917,4,0.0,0.0,0.0,0.0,0.0
918,0,0.0,-0.024920498015657582,0.0,0.0,-9.98297044820111
918,1,0.0,0.0,-0.0001382868965565141,0.0,-1.1317816307394013
918,2,0.0,0.0,0.0,0.0,-0.20699921593618983
918,3,0.0,0.0,0.0,0.0,0.0
918,4,0.0,0.0,0.0,0.0,0.0
919,0,0.0,-0.024920498015657582,0.0,0.0,-9.983050478685833
919,1,0.0,0.0,-0.0001382868965565141,0.0,-1.1317816307394013
919,2,0.0,0.0,0.0,0.0,-0.20699921593618983
919,3,0.0,0.0,0.0,0.0,0.0
919,4,0.0,0.0,0.0,0.0,0.0
920,0,0.0,-0.024920498015657582,0.0,0.0,-9.99638829952023
920,1,0.0,0.0,-0.0001382868965565141,0.0,-1.1317816307394013
920,2,0.0,0.0,0.0,0.0,-0.20699921593618983
920,3,0.0,0.0,0.0,0.0,0.0
920,4,0.0,0.0,0.0,0.0,0.0
921,0,0.0,-0.024920498015657582,0.0,0.0,-9.999076958421337
921,1,0.0,0.0,-0.0001382868965565141,0.0,-1.1317816307394013
921,2,0.0,0.0,0.0,0.0,-0.20699921593618983
921,3,0.0,0.0,0.0,0.0,0.0
921,4,0.0,0.0,0.0,0.0,0.0
922,0,0.0,-0.024920498015657582,0.0,0.0,-10.002797056235762
922,1,0.0,0.0,-0.0001382868965565141,0.0,-1.1317816307394013
922,2,0.0,0.0,0.0,0.0,-0.20699921593618983
922,3,0.0,0.0,0.0,0.0,0.0
922,4,0.0,0.0,0.0,0.0,0.0
923,0,0.0,-0.024920498015657582,0.0,0.0,-10.004187737311092
923,1,0.0,0.0,-0.0001382868965565141,0.0,-1.1317816307394013
923,2,0.0,0.0,0.0,0.0,-0.20699921593618983
923,3,0.0,0.0,0.0,0.0,0.0
923,4,0.0,0.0,0.0,0.0,0.0
924,0,0.0,-0.024920498015657582,0.0,0.0,-10.012079359613539
924,1,0.0,0.0,-0.0001382868965565141,0.0,-1.1317816307394013
924,2,0.0,0.0,0.0,0.0,-0.20699921593618983
924,3,0.0,0.0,0.0,0.0,0.0
924,4,0.0,0.0,0.0,0.0,0.0
925,0,0.0,-0.024920498015657582,0.0,0.0,-10.015103568026552
925,1,0.0,0.0,-0.0001382868965565141,0.0,-1.1317816307394013
925,2,0.0,0.0,0.0,0.0,-0.20699921593618983
925,3,0.0,0.0,0.0,0.0,0.0
925,4,0.0,0.0,0.0,0.0,0.0
926,0,0.0,-0.024920498015657582,0.0,0.0,-10.016294452991618
926,1,0.0,0.0,-0.0001382868965565141,0.0,-1.1317816307394013
926,2,0.0,0.0,0.0,0.0,-0.20699921593618983
926,3,0.0,0.0,0.0,0.0,0.0
926,4,0.0,0.0,0.0,0.0,0.0
927,0,0.0,-0.024920498015657582,0.0,0.0,-10.019937534000997
927,1,0.0,0.0,-0.0001382868965565141,0.0,-1.1317816307394013
927,2,0.0,0.0,0.0,0.0,-0.20699921593618983
927,3,0.0,0.0,0.0,0.0,0.0
927,4,0.0,0.0,0.0,0.0,0.0
928,0,0.0,-0.024920498015657582,0.0,0.0,-10.023102231888386
928,1,0.0,0.0,-0.0001382868965565141,0.0,-1.1317816307394013
928,2,0.0,0.0,0.0,0.0,-0.20699921593618983
928,3,0.0,0.0,0.0,0.0,0.0
928,4,0.0,0.0,0.0,0.0,0.0
929,0,0.0,-0.024920498015657582,0.0,0.0,-10.02541629900531
929,1,0.0,0.0,-0.0001382868965565141,0.0,-1.1317816307394013
929,2,0.0,0.0,0.0,0.0,-0.20699921593618983
929,3,0.0,0.0,0.0,0.0,0.0
929,4,0.0,0.0,0.0,0.0,0.0
930,0,0.0,-0.024920498015657582,0.0,0.0,-10.02709164519629
930,1,0.0,0.0,-0.0001382868965565141,0.0,-1.1317816307394013
930,2,0.0,0.0,0.0,0.0,-0.20699921593618983
930,3,0.0,0.0,0.0,0.0,0.0
930,4,0.0,0.0,0.0,0.0,0.0
931,0,0.0,-0.024920498015657582,0.0,0.0,-10.035941241184466
931,1,0.0,0.0,-0.0001382868965565141,0.0,-1.1317816307394013
931,2,0.0,0.0,0.0,0.0,-0.20699921593618983
931,3,0.0,0.0,0.0,0.0,0.0
931,4,0.0,0.0,0.0,0.0,0.0
932,0,0.0,-0.024920498015657582,0.0,0.0,-10.03883260130569
932,1,0.0,0.0,-0.0001382868965565141,0.0,-1.1317816307394013
932,2,0.0,0.0,0.0,0.0,-0.20699921593618983
932,3,0.0,0.0,0.0,0.0,0.0
932,4,0.0,0.0,0.0,0.0,0.0
933,0,0.0,-0.024920498015657582,0.0,0.0,-10.039986848154095
933,1,0.0,0.0,-0.0001382868965565141,0.0,-1.1317816307394013
933,2,0.0,0.0,0.0,0.0,-0.20699921593618983
933,3,0.0,0.0,0.0,0.0,0.0
933,4,0.0,0.0,0.0,0.0,0.0
934,0,0.0,-0.024920498015657582,0.0,0.0,-10.040489785455257
934,1,0.0,0.0,-0.0001382868965565141,0.0,-1.1317816307394013
934,2,0.0,0.0,0.0,0.0,-0.20699921593618983
934,3,0.0,0.0,0.0,0.0,0.0
934,4,0.0,0.0,0.0,0.0,0.0
935,0,0.0,-0.024920498015657582,0.0,0.0,-10.041573927454008
935,1,0.0,0.0,-0.0001382868965565141,0.0,-1.1317816307394013
935,2,0.0,0.0,0.0,0.0,-0.20699921593618983
935,3,0.0,0.0,0.0,0.0,0.0
935,4,0.0,0.0,0.0,0.0,0.0
936,0,0.0,-0.024920498015657582,0.0,0.0,-10.057682716668001
936,1,0.0,0.0,-0.0001382868965565141,0.0,-1.1317816307394013
936,2,0.0,0.0,0.0,0.0,-0.20699921593618983
936,3,0.0,0.0,0.0,0.0,0.0
936,4,0.0,0.0,0.0,0.0,0.0
937,0,0.0,-0.024920498015657582,0.0,0.0,-10.058393385062738
937,1,0.0,0.0,-0.0001382868965565141,0.0,-1.1317816307394013
937,2,0.0,0.0,0.0,0.0,-0.20699921593618983
937,3,0.0,0.0,0.0,0.0,0.0
937,4,0.0,0.0,0.0,0.0,0.0
938,0,0.0,-0.024920498015657582,0.0,0.0,-10.056436404500547
938,1,0.0,0.0,-0.0001382868965565141,0.0,-1.1317816307394013
938,2,0.0,0.0,0.0,0.0,-0.20699921593618983
938,3,0.0,0.0,0.0,0.0,0.0
938,4,0.0,0.0,0.0,0.0,0.0
939,0,0.0,-0.024920498015657582,0.0,0.0,-10.057312437731094
939,1,0.0,0.0,-0.0001382868965565141,0.0,-1.1317816307394013
939,2,0.0,0.0,0.0,0.0,-0.20699921593618983
939,3,0.0,0.0,0.0,0.0,0.0
939,4,0.0,0.0,0.0,0.0,0.0
940,0,0.0,-0.024920498015657582,0.0,0.0,-10.063961881966925
940,1,0.0,0.0,-0.0001382868965565141,0.0,-1.1317816307394013
940,2,0.0,0.0,0.0,0.0,-0.20699921593618983
940,3,0.0,0.0,0.0,0.0,0.0
940,4,0.0,0.0,0.0,0.0,0.0
941,0,0.0,-0.024920498015657582,0.0,0.0,-10.066768394359977
941,1,0.0,0.0,-0.0001382868965565141,0.0,-1.1317816307394013
941,2,0.0,0.0,0.0,0.0,-0.20699921593618983
941,3,0.0,0.0,0.0,0.0,0.0
941,4,0.0,0.0,0.0,0.0,0.0
942,0,0.0,-0.024920498015657582,0.0,0.0,-10.077336667778969
942,1,0.0,0.0,-0.0001382868965565141,0.0,-1.1317816307394013
942,2,0.0,0.0,0.0,0.0,-0.20699921593618983
942,3,0.0,0.0,0.0,0.0,0.0
942,4,0.0,0.0,0.0,0.0,0.0
943,0,0.0,-0.024920498015657582,0.0,0.0,-10.078059753143835
943,1,0.0,0.0,-0.0001382868965565141,0.0,-1.1317816307394013
943,2,0.0,0.0,0.0,0.0,-0.20699921593618983
943,3,0.0,0.0,0.0,0.0,0.0
943,4,0.0,0.0,0.0,0.0,0.0
944,0,0.0,-0.024920498015657582,0.0,0.0,-10.085681312014508
944,1,0.0,0.0,-0.0001382868965565141,0.0,-1.1317816307394013
944,2,0.0,0.0,0.0,0.0,-0.20699921593618983
944,3,0.0,0.0,0.0,0.0,0.0
944,4,0.0,0.0,0.0,0.0,0.0
945,0,0.0,-0.024920498015657582,0.0,0.0,-10.10066953576069
945,1,0.0,0.0,-0.0001382868965565141,0.0,-1.1317816307394013
945,2,0.0,0.0,0.0,0.0,-0.20699921593618983
945,3,0.0,0.0,0.0,0.0,0.0
945,4,0.0,0.0,0.0,0.0,0.0
946,0,0.0,-0.024920498015657582,0.0,0.0,-10.101398839278119
946,1,0.0,0.0,-0.0001382868965565141,0.0,-1.1317816307394013
946,2,0.0,0.0,0.0,0.0,-0.20699921593618983
946,3,0.0,0.0,0.0,0.0,0.0
946,4,0.0,0.0,0.0,0.0,0.0
947,0,0.0,-0.024920498015657582,0.0,0.0,-10.111037304230303
947,1,0.0,0.0,-0.0001382868965565141,0.0,-1.1317816307394013
947,2,0.0,0.0,0.0,0.0,-0.20699921593618983
947,3,0.0,0.0,0.0,0.0,0.0
947,4,0.0,0.0,0.0,0.0,0.0
948,0,0.0,-0.024920498015657582,0.0,0.0,-10.111386499014625
948,1,0.0,0.0,-0.0001382868965565141,0.0,-1.1317816307394013
948,2,0.0,0.0,0.0,0.0,-0.20699921593618983
948,3,0.0,0.0,0.0,0.0,0.0
948,4,0.0,0.0,0.0,0.0,0.0
949,0,0.0,-0.024920498015657582,0.0,0.0,-10.110528614037776
949,1,0.0,0.0,-0.0001382868965565141,0.0,-1.1317816307394013
949,2,0.0,0.0,0.0,0.0,-0.20699921593618983
949,3,0.0,0.0,0.0,0.0,0.0
949,4,0.0,0.0,0.0,0.0,0.0
950,0,0.0,-0.024920498015657582,0.0,0.0,-10.111555305652592
950,1,0.0,0.0,-0.0001382868965565141,0.0,-1.1317816307394013
950,2,0.0,0.0,0.0,0.0,-0.20699921593618983
950,3,0.0,0.0,0.0,0.0,0.0
950,4,0.0,0.0,0.0,0.0,0.0
951,0,0.0,-0.024920498015657582,0.0,0.0,-10.112382163938403
951,1,0.0,0.0,-0.0001382868965565141,0.0,-1.1317816307394013
951,2,0.0,0.0,0.0,0.0,-0.20699921593618983
951,3,0.0,0.0,0.0,0.0,0.0
951,4,0.0,0.0,0.0,0.0,0.0
952,0,0.0,-0.024920498015657582,0.0,0.0,-10.11995276551228
952,1,0.0,0.0,-0.0001382868965565141,0.0,-1.1317816307394013
952,2,0.0,0.0,0.0,0.0,-0.20699921593618983
952,3,0.0,0.0,0.0,0.0,0.0
952,4,0.0,0.0,0.0,0.0,0.0
953,0,0.0,-0.024920498015657582,0.0,0.0,-10.121133171251481
953,1,0.0,0.0,-0.0001382868965565141,0.0,-1.1317816307394013
953,2,0.0,0.0,0.0,0.0,-0.20699921593618983
953,3,0.0,0.0,0.0,0.0,0.0
953,4,0.0,0.0,0.0,0.0,0.0
954,0,0.0,-0.024920498015657582,0.0,0.0,-10.120941211927034
954,1,0.0,0.0,-0.0001382868965565141,0.0,-1.1317816307394013
954,2,0.0,0.0,0.0,0.0,-0.20699921593618983
954,3,0.0,0.0,0.0,0.0,0.0
954,4,0.0,0.0,0.0,0.0,0.0
955,0,0.0,-0.024920498015657582,0.0,0.0,-10.119745929507575
955,1,0.0,0.0,-0.0001382868965565141,0.0,-1.1317816307394013
955,2,0.0,0.0,0.0,0.0,-0.20699921593618983
955,3,0.0,0.0,0.0,0.0,0.0
955,4,0.0,0.0,0.0,0.0,0.0
956,0,0.0,-0.024920498015657582,0.0,0.0,-10.118577912727512
956,1,0.0,0.0,-0.0001382868965565141,0.0,-1.1317816307394013
956,2,0.0,0.0,0.0,0.0,-0.20699921593618983
956,3,0.0,0.0,0.0,0.0,0.0
956,4,0.0,0.0,0.0,0.0,0.0
957,0,0.0,-0.024920498015657582,0.0,0.0,-10.121337903069342
957,1,0.0,0.0,-0.0001382868965565141,0.0,-1.1317816307394013
957,2,0.0,0.0,0.0,0.0,-0.20699921593618983
957,3,0.0,0.0,0.0,0.0,0.0
957,4,0.0,0.0,0.0,0.0,0.0
958,0,0.0,-0.024920498015657582,0.0,0.0,-10.11461992530707
958,1,0.0,0.0,-0.0001382868965565141,0.0,-1.1317816307394013
958,2,0.0,0.0,0.0,0.0,-0.20699921593618983
958,3,0.0,0.0,0.0,0.0,0.0
958,4,0.0,0.0,0.0,0.0,0.0
959,0,0.0,-0.024920498015657582,0.0,0.0,-10.116014414897057
959,1,0.0,0.0,-0.0001382868965565141,0.0,-1.1317816307394013
959,2,0.0,0.0,0.0,0.0,-0.20699921593618983
959,3,0.0,0.0,0.0,0.0,0.0
959,4,0.0,0.0,0.0,0.0,0.0
960,0,0.0,-0.024920498015657582,0.0,0.0,-10.112979232929781
960,1,0.0,0.0,-0.0001382868965565141,0.0,-1.1317816307394013
960,2,0.0,0.0,0.0,0.0,-0.20699921593618983
960,3,0.0,0.0,0.0,0.0,0.0
960,4,0.0,0.0,0.0,0.0,0.0
961,0,0.0,-0.024920498015657582,0.0,0.0,-10.109417333897882
961,1,0.0,0.0,-0.0001382868965565141,0.0,-1.1317816307394013
961,2,0.0,0.0,0.0,0.0,-0.20699921593618983
961,3,0.0,0.0,0.0,0.0,0.0
961,4,0.0,0.0,0.0,0.0,0.0
962,0,0.0,-0.024920498015657582,0.0,0.0,-10.108739377991315
962,1,0.0,0.0,-0.0001382868965565141,0.0,-1.1317816307394013
962,2,0.0,0.0,0.0,0.0,-0.20699921593618983
962,3,0.0,0.0,0.0,0.0,0.0
962,4,0.0,0.0,0.0,0.0,0.0
963,0,0.0,-0.024920498015657582,0.0,0.0,-10.111163116612103
963,1,0.0,0.0,-0.0001382868965565141,0.0,-1.1317816307394013
963,2,0.0,0.0,0.0,0.0,-0.20699921593618983
963,3,0.0,0.0,0.0,0.0,0.0
963,4,0.0,0.0,0.0,0.0,0.0
964,0,0.0,-0.024920498015657582,0.0,0.0,-10.109353773334508
964,1,0.0,0.0,-0.0001382868965565141,0.0,-1.1317816307394013
964,2,0.0,0.0,0.0,0.0,-0.20699921593618983
964,3,0.0,0.0,0.0,0.0,0.0
964,4,0.0,0.0,0.0,0.0,0.0
965,0,0.0,-0.024920498015657582,0.0,0.0,-10.122550254581826
965,1,0.0,0.0,-0.0001382868965565141,0.0,-1.1317816307394013
965,2,0.0,0.0,0.0,0.0,-0.20699921593618983
965,3,0.0,0.0,0.0,0.0,0.0
965,4,0.0,0.0,0.0,0.0,0.0
966,0,0.0,-0.024920498015657582,0.0,0.0,-10.13345403475015
966,1,0.0,0.0,-0.0001382868965565141,0.0,-1.1317816307394013
966,2,0.0,0.0,0.0,0.0,-0.20699921593618983
966,3,0.0,0.0,0.0,0.0,0.0
966,4,0.0,0.0,0.0,0.0,0.0
967,0,0.0,-0.024920498015657582,0.0,0.0,-10.151805325582151
967,1,0.0,0.0,-0.0001382868965565141,0.0,-1.1317816307394013
967,2,0.0,0.0,0.0,0.0,-0.20699921593618983
967,3,0.0,0.0,0.0,0.0,0.0
967,4,0.0,0.0,0.0,0.0,0.0
968,0,0.0,-0.024920498015657582,0.0,0.0,-10.15859074731387
968,1,0.0,0.0,-0.0001382868965565141,0.0,-1.1317816307394013
968,2,0.0,0.0,0.0,0.0,-0.20699921593618983
968,3,0.0,0.0,0.0,0.0,0.0
968,4,0.0,0.0,0.0,0.0,0.0
969,0,0.0,-0.024920498015657582,0.0,0.0,-10.155935111531953
969,1,0.0,0.0,-0.0001382868965565141,0.0,-1.1317816307394013
969,2,0.0,0.0,0.0,0.0,-0.20699921593618983
969,3,0.0,0.0,0.0,0.0,0.0
969,4,0.0,0.0,0.0,0.0,0.0
970,0,0.0,-0.024920498015657582,0.0,0.0,-10.151665436725791
970,1,0.0,0.0,-0.0001382868965565141,0.0,-1.1317816307394013
970,2,0.0,0.0,0.0,0.0,-0.20699921593618983
970,3,0.0,0.0,0.0,0.0,0.0
970,4,0.0,0.0,0.0,0.0,0.0
971,0,0.0,-0.024920498015657582,0.0,0.0,-10.152918423583367
971,1,0.0,0.0,-0.0001382868965565141,0.0,-1.1317816307394013
971,2,0.0,0.0,0.0,0.0,-0.20699921593618983
971,3,0.0,0.0,0.0,0.0,0.0
971,4,0.0,0.0,0.0,0.0,0.0
972,0,0.0,-0.024920498015657582,0.0,0.0,-10.159010135409758
972,1,0.0,0.0,-0.0001382868965565141,0.0,-1.1317816307394013
972,2,0.0,0.0,0.0,0.0,-0.20699921593618983
972,3,0.0,0.0,0.0,0.0,0.0
972,4,0.0,0.0,0.0,0.0,0.0
973,0,0.0,-0.024920498015657582,0.0,0.0,-10.17114539903519
973,1,0.0,0.0,-0.0001382868965565141,0.0,-1.1317816307394013
973,2,0.0,0.0,0.0,0.0,-0.20699921593618983
973,3,0.0,0.0,0.0,0.0,0.0
973,4,0.0,0.0,0.0,0.0,0.0
974,0,0.0,-0.024920498015657582,0.0,0.0,-10.179674921379755
974,1,0.0,0.0,-0.0001382868965565141,0.0,-1.1317816307394013
974,2,0.0,0.0,0.0,0.0,-0.20699921593618983
974,3,0.0,0.0,0.0,0.0,0.0
974,4,0.0,0.0,0.0,0.0,0.0
975,0,0.0,-0.024920498015657582,0.0,0.0,-10.179189745456569
975,1,0.0,0.0,-0.0001382868965565141,0.0,-1.1317816307394013
975,2,0.0,0.0,0.0,0.0,-0.20699921593618983
975,3,0.0,0.0,0.0,0.0,0.0
975,4,0.0,0.0,0.0,0.0,0.0
976,0,0.0,-0.024920498015657582,0.0,0.0,-10.176535066563119
976,1,0.0,0.0,-0.0001382868965565141,0.0,-1.1317816307394013
976,2,0.0,0.0,0.0,0.0,-0.20699921593618983
976,3,0.0,0.0,0.0,0.0,0.0
976,4,0.0,0.0,0.0,0.0,0.0
977,0,0.0,-0.024920498015657582,0.0,0.0,-10.178790333511198
977,1,0.0,0.0,-0.0001382868965565141,0.0,-1.1317816307394013
977,2,0.0,0.0,0.0,0.0,-0.20699921593618983
977,3,0.0,0.0,0.0,0.0,0.0
977,4,0.0,0.0,0.0,0.0,0.0
978,0,0.0,-0.024920498015657582,0.0,0.0,-10.187264537302562
978,1,0.0,0.0,-0.0001382868965565141,0.0,-1.1317816307394013
978,2,0.0,0.0,0.0,0.0,-0.20699921593618983
978,3,0.0,0.0,0.0,0.0,0.0
978,4,0.0,0.0,0.0,0.0,0.0
979,0,0.0,-0.024920498015657582,0.0,0.0,-10.194733397754543
979,1,0.0,0.0,-0.0001382868965565141,0.0,-1.1317816307394013
979,2,0.0,0.0,0.0,0.0,-0.20699921593618983
979,3,0.0,0.0,0.0,0.0,0.0
979,4,0.0,0.0,0.0,0.0,0.0
980,0,0.0,-0.024920498015657582,0.0,0.0,-10.198349563048906
980,1,0.0,0.0,-0.0001382868965565141,0.0,-1.1317816307394013
980,2,0.0,0.0,0.0,0.0,-0.20699921593618983
980,3,0.0,0.0,0.0,0.0,0.0
980,4,0.0,0.0,0.0,0.0,0.0
981,0,0.0,-0.024920498015657582,0.0,0.0,-10.20305961344017
981,1,0.0,0.0,-0.0001382868965565141,0.0,-1.1317816307394013
981,2,0.0,0.0,0.0,0.0,-0.20699921593618983
981,3,0.0,0.0,0.0,0.0,0.0
981,4,0.0,0.0,0.0,0.0,0.0
982,0,0.0,-0.024920498015657582,0.0,0.0,-10.201692611147045
982,1,0.0,0.0,-0.0001382868965565141,0.0,-1.1317816307394013
982,2,0.0,0.0,0.0,0.0,-0.20699921593618983
982,3,0.0,0.0,0.0,0.0,0.0
982,4,0.0,0.0,0.0,0.0,0.0
983,0,0.0,-0.024920498015657582,0.0,0.0,-10.204513318618263
983,1,0.0,0.0,-0.0001382868965565141,0.0,-1.1317816307394013
983,2,0.0,0.0,0.0,0.0,-0.20699921593618983
983,3,0.0,0.0,0.0,0.0,0.0
983,4,0.0,0.0,0.0,0.0,0.0
984,0,0.0,-0.024920498015657582,0.0,0.0,-10.220622363324006
984,1,0.0,0.0,-0.0001382868965565141,0.0,-1.1317816307394013
984,2,0.0,0.0,0.0,0.0,-0.20699921593618983
984,3,0.0,0.0,0.0,0.0,0.0
984,4,0.0,0.0,0.0,0.0,0.0
985,0,0.0,-0.024920498015657582,0.0,0.0,-10.217777047535964
985,1,0.0,0.0,-0.0001382868965565141,0.0,-1.1317816307394013
985,2,0.0,0.0,0.0,0.0,-0.20699921593618983
985,3,0.0,0.0,0.0,0.0,0.0
985,4,0.0,0.0,0.0,0.0,0.0
986,0,0.0,-0.024920498015657582,0.0,0.0,-10.220335956834658
986,1,0.0,0.0,-0.0001382868965565141,0.0,-1.1317816307394013
986,2,0.0,0.0,0.0,0.0,-0.20699921593618983
986,3,0.0,0.0,0.0,0.0,0.0
986,4,0.0,0.0,0.0,0.0,0.0
987,0,0.0,-0.024920498015657582,0.0,0.0,-10.234570519882709
987,1,0.0,0.0,-0.0001382868965565141,0.0,-1.1317816307394013
987,2,0.0,0.0,0.0,0.0,-0.20699921593618983
987,3,0.0,0.0,0.0,0.0,0.0
987,4,0.0,0.0,0.0,0.0,0.0
988,0,0.0,-0.024920498015657582,0.0,0.0,-10.24061457897007
988,1,0.0,0.0,-0.0001382868965565141,0.0,-1.1317816307394013
988,2,0.0,0.0,0.0,0.0,-0.20699921593618983
988,3,0.0,0.0,0.0,0.0,0.0
988,4,0.0,0.0,0.0,0.0,0.0
989,0,0.0,-0.024920498015657582,0.0,0.0,-10.246988410768454
989,1,0.0,0.0,-0.0001382868965565141,0.0,-1.1317816307394013
989,2,0.0,0.0,0.0,0.0,-0.20699921593618983
989,3,0.0,0.0,0.0,0.0,0.0
989,4,0.0,0.0,0.0,0.0,0.0
990,0,0.0,-0.024920498015657582,0.0,0.0,-10.261634458586524
990,1,0.0,0.0,-0.0001382868965565141,0.0,-1.1317816307394013
990,2,0.0,0.0,0.0,0.0,-0.20699921593618983
990,3,0.0,0.0,0.0,0.0,0.0
990,4,0.0,0.0,0.0,0.0,0.0
991,0,0.0,-0.024920498015657582,0.0,0.0,-10.263637867046505
991,1,0.0,0.0,-0.0001382868965565141,0.0,-1.1317816307394013
991,2,0.0,0.0,0.0,0.0,-0.20699921593618983
991,3,0.0,0.0,0.0,0.0,0.0
991,4,0.0,0.0,0.0,0.0,0.0
992,0,0.0,-0.024920498015657582,0.0,0.0,-10.266384522455327
992,1,0.0,0.0,-0.0001382868965565141,0.0,-1.1317816307394013
992,2,0.0,0.0,0.0,0.0,-0.20699921593618983
992,3,0.0,0.0,0.0,0.0,0.0
992,4,0.0,0.0,0.0,0.0,0.0
993,0,0.0,-0.024920498015657582,0.0,0.0,-10.264758157395617
993,1,0.0,0.0,-0.0001382868965565141,0.0,-1.1317816307394013
993,2,0.0,0.0,0.0,0.0,-0.20699921593618983
993,3,0.0,0.0,0.0,0.0,0.0
993,4,0.0,0.0,0.0,0.0,0.0
994,0,0.0,-0.024920498015657582,0.0,0.0,-10.25938226071627
994,1,0.0,0.0,-0.0001382868965565141,0.0,-1.1317816307394013
994,2,0.0,0.0,0.0,0.0,-0.20699921593618983
994,3,0.0,0.0,0.0,0.0,0.0
994,4,0.0,0.0,0.0,0.0,0.0
995,0,0.0,-0.024920498015657582,0.0,0.0,-10.264374127953284
995,1,0.0,0.0,-0.0001382868965565141,0.0,-1.1317816307394013
995,2,0.0,0.0,0.0,0.0,-0.20699921593618983
995,3,0.0,0.0,0.0,0.0,0.0
995,4,0.0,0.0,0.0,0.0,0.0
996,0,0.0,-0.024920498015657582,0.0,0.0,-10.270372674676254
996,1,0.0,0.0,-0.0001382868965565141,0.0,-1.1317816307394013
996,2,0.0,0.0,0.0,0.0,-0.20699921593618983
996,3,0.0,0.0,0.0,0.0,0.0
996,4,0.0,0.0,0.0,0.0,0.0
997,0,0.0,-0.024920498015657582,0.0,0.0,-10.269758128709814
997,1,0.0,0.0,-0.0001382868965565141,0.0,-1.1317816307394013
997,2,0.0,0.0,0.0,0.0,-0.20699921593618983
997,3,0.0,0.0,0.0,0.0,0.0
997,4,0.0,0.0,0.0,0.0,0.0
998,0,0.0,-0.024920498015657582,0.0,0.0,-10.269734599713678
998,1,0.0,0.0,-0.0001382868965565141,0.0,-1.1317816307394013
998,2,0.0,0.0,0.0,0.0,-0.20699921593618983
998,3,0.0,0.0,0.0,0.0,0.0
998,4,0.0,0.0,0.0,0.0,0.0
999,0,0.0,-0.024920498015657582,0.0,0.0,-10.27444815097512
999,1,0.0,0.0,-0.0001382868965565141,0.0,-1.1317816307394013
999,2,0.0,0.0,0.0,0.0,-0.20699921593618983
999,3,0.0,0.0,0.0,0.0,0.0
999,4,0.0,0.0,0.0,0.0,0.0
1000,0,0.0,-0.024920498015657582,0.0,0.0,-10.274720214801741
1000,1,0.0,0.0,-0.0001382868965565141,0.0,-1.1317816307394013
1000,2,0.0,0.0,0.0,0.0,-0.20699921593618983
1000,3,0.0,0.0,0.0,0.0,0.0
1000,4,0.0,0.0,0.0,0.0,0.0
