1,0,0.0,0.0,0.0,0.0,0.0
1,1,0.0,0.0,0.0,0.0,0.0
1,2,0.0,0.0,0.0,0.0,-0.04847862962481891
1,3,0.0,0.0,0.0,0.0,0.0
1,4,0.0,0.0,0.0,0.0,0.0
2,0,0.0,0.0,0.0,0.0,0.0
2,1,0.0,0.0,-3.916586064288533e-06,0.0,0.0
2,2,0.0,0.0,0.0,0.0,-0.10915181870605327
2,3,0.0,0.0,0.0,0.0,0.0
2,4,0.0,0.0,0.0,0.0,0.0
3,0,0.0,0.0,0.0,0.0,-0.07363123218019364
3,1,0.0,0.0,-3.916586064288533e-06,0.0,0.0
3,2,0.0,0.0,0.0,0.0,-0.10915181870605327
3,3,0.0,0.0,0.0,0.0,0.0
3,4,0.0,0.0,0.0,0.0,0.0
4,0,0.0,0.0,0.0,0.0,-0.13792288866257316
4,1,0.0,0.0,-3.916586064288533e-06,0.0,0.0
4,2,0.0,0.0,0.0,0.0,-0.10915181870605327
4,3,0.0,0.0,0.0,0.0,0.0
4,4,0.0,0.0,0.0,0.0,0.0
5,0,0.0,0.0,0.0,0.0,-0.21554528121692287
5,1,0.0,0.0,-3.916586064288533e-06,0.0,0.0
5,2,0.0,0.0,0.0,0.0,-0.10915181870605327
5,3,0.0,0.0,0.0,0.0,0.0
5,4,0.0,0.0,0.0,0.0,0.0
6,0,0.0,0.0,0.0,0.0,-0.2696240531499363
6,1,0.0,0.0,-3.916586064288533e-06,0.0,0.0
6,2,0.0,0.0,0.0,0.0,-0.10915181870605327
6,3,0.0,0.0,0.0,0.0,0.0
6,4,0.0,0.0,0.0,0.0,0.0
7,0,0.0,0.0,0.0,0.0,-0.33539406900129887
7,1,0.0,0.0,-3.916586064288533e-06,0.0,0.0
7,2,0.0,0.0,0.0,0.0,-0.10915181870605327
7,3,0.0,0.0,0.0,0.0,0.0
7,4,0.0,0.0,0.0,0.0,0.0
8,0,0.0,0.0,0.0,0.0,-0.4005853701543374
8,1,0.0,0.0,-3.916586064288533e-06,0.0,0.0
8,2,0.0,0.0,0.0,0.0,-0.10915181870605327
8,3,0.0,0.0,0.0,0.0,0.0
8,4,0.0,0.0,0.0,0.0,0.0
9,0,0.0,0.0,0.0,0.0,-0.48045594785010004
9,1,0.0,0.0,-3.916586064288533e-06,0.0,0.0
9,2,0.0,0.0,0.0,0.0,-0.10915181870605327
9,3,0.0,0.0,0.0,0.0,0.0
9,4,0.0,0.0,0.0,0.0,0.0
10,0,0.0,0.0,0.0,0.0,-0.5503713174508761
10,1,0.0,0.0,-3.916586064288533e-06,0.0,0.0
10,2,0.0,0.0,0.0,0.0,-0.10915181870605327
10,3,0.0,0.0,0.0,0.0,0.0
10,4,0.0,0.0,0.0,0.0,0.0
11,0,0.0,-2.5563620000092914e-14,0.0,0.0,-0.5503713174508761
11,1,0.0,0.0,-2.376277494373401e-05,0.0,0.0
11,2,0.0,0.0,0.0,0.0,-0.1839503459854294
11,3,0.0,0.0,0.0,0.0,0.0
11,4,0.0,0.0,0.0,0.0,0.0
12,0,0.0,-2.5563620000092914e-14,0.0,0.0,-0.6132051825878749
12,1,0.0,0.0,-2.376277494373401e-05,0.0,0.0
12,2,0.0,0.0,0.0,0.0,-0.1839503459854294
12,3,0.0,0.0,0.0,0.0,0.0
12,4,0.0,0.0,0.0,0.0,0.0
13,0,0.0,-2.5563620000092914e-14,0.0,0.0,-0.6766626929057257
13,1,0.0,0.0,-2.376277494373401e-05,0.0,0.0
13,2,0.0,0.0,0.0,0.0,-0.1839503459854294
13,3,0.0,0.0,0.0,0.0,0.0
13,4,0.0,0.0,0.0,0.0,0.0
14,0,0.0,-2.5563620000092914e-14,0.0,0.0,-0.7462443446597178
14,1,0.0,0.0,-2.376277494373401e-05,0.0,0.0
14,2,0.0,0.0,0.0,0.0,-0.1839503459854294
14,3,0.0,0.0,0.0,0.0,0.0
14,4,0.0,0.0,0.0,0.0,0.0
15,0,0.0,-2.5563620000092914e-14,0.0,0.0,-0.8062535949976766
15,1,0.0,0.0,-2.376277494373401e-05,0.0,0.0
15,2,0.0,0.0,0.0,0.0,-0.1839503459854294
15,3,0.0,0.0,0.0,0.0,0.0
15,4,0.0,0.0,0.0,0.0,0.0
16,0,0.0,-2.5563620000092914e-14,0.0,0.0,-0.8699602312073427
16,1,0.0,0.0,-2.376277494373401e-05,0.0,0.0
16,2,0.0,0.0,0.0,0.0,-0.1839503459854294
16,3,0.0,0.0,0.0,0.0,0.0
16,4,0.0,0.0,0.0,0.0,0.0
17,0,0.0,-2.5563620000092914e-14,0.0,0.0,-0.9367729709201501
17,1,0.0,0.0,-2.376277494373401e-05,0.0,0.0
17,2,0.0,0.0,0.0,0.0,-0.1839503459854294
17,3,0.0,0.0,0.0,0.0,0.0
17,4,0.0,0.0,0.0,0.0,0.0
18,0,0.0,-2.5563620000092914e-14,0.0,0.0,-1.0031210207859518
18,1,0.0,0.0,-2.376277494373401e-05,0.0,0.0
18,2,0.0,0.0,0.0,0.0,-0.1839503459854294
18,3,0.0,0.0,0.0,0.0,0.0
18,4,0.0,0.0,0.0,0.0,0.0
19,0,0.0,-2.5563620000092914e-14,0.0,0.0,-1.0675481689331652
19,1,0.0,0.0,-2.376277494373401e-05,0.0,0.0
19,2,0.0,0.0,0.0,0.0,-0.1839503459854294
19,3,0.0,0.0,0.0,0.0,0.0
19,4,0.0,0.0,0.0,0.0,0.0
20,0,0.0,-2.5563620000092914e-14,0.0,0.0,-1.1348787930563624
20,1,0.0,0.0,-2.376277494373401e-05,0.0,0.0
20,2,0.0,0.0,0.0,0.0,-0.1839503459854294
20,3,0.0,0.0,0.0,0.0,0.0
20,4,0.0,0.0,0.0,0.0,0.0
21,0,0.0,-2.5563620000092914e-14,0.0,0.0,-1.195304589610517
21,1,0.0,0.0,-2.376277494373401e-05,0.0,0.0
21,2,0.0,0.0,0.0,0.0,-0.1839503459854294
21,3,0.0,0.0,0.0,0.0,0.0
21,4,0.0,0.0,0.0,0.0,0.0
22,0,0.0,-2.5563620000092914e-14,0.0,0.0,-1.261615126401058
22,1,0.0,0.0,-2.376277494373401e-05,0.0,0.0
22,2,0.0,0.0,0.0,0.0,-0.1839503459854294
22,3,0.0,0.0,0.0,0.0,0.0
22,4,0.0,0.0,0.0,0.0,0.0
23,0,0.0,-2.5563620000092914e-14,0.0,0.0,-1.3271011355294668
23,1,0.0,0.0,-2.376277494373401e-05,0.0,0.0
23,2,0.0,0.0,0.0,0.0,-0.1839503459854294
23,3,0.0,0.0,0.0,0.0,0.0
23,4,0.0,0.0,0.0,0.0,0.0
24,0,0.0,-2.5563620000092914e-14,0.0,0.0,-1.3908934920612788
24,1,0.0,0.0,-2.376277494373401e-05,0.0,0.0
24,2,0.0,0.0,0.0,0.0,-0.1839503459854294
24,3,0.0,0.0,0.0,0.0,0.0
24,4,0.0,0.0,0.0,0.0,0.0
25,0,0.0,-2.5563620000092914e-14,0.0,0.0,-1.4531119189731714
25,1,0.0,0.0,-2.376277494373401e-05,0.0,0.0
25,2,0.0,0.0,0.0,0.0,-0.1839503459854294
25,3,0.0,0.0,0.0,0.0,0.0
25,4,0.0,0.0,0.0,0.0,0.0
26,0,0.0,-2.5563620000092914e-14,0.0,0.0,-1.5139806599222163
26,1,0.0,0.0,-2.376277494373401e-05,0.0,0.0
26,2,0.0,0.0,0.0,0.0,-0.1839503459854294
26,3,0.0,0.0,0.0,0.0,0.0
26,4,0.0,0.0,0.0,0.0,0.0
27,0,0.0,-2.5563620000092914e-14,0.0,0.0,-1.5752100433102816
27,1,0.0,0.0,-2.376277494373401e-05,0.0,0.0
27,2,0.0,0.0,0.0,0.0,-0.1839503459854294
27,3,0.0,0.0,0.0,0.0,0.0
27,4,0.0,0.0,0.0,0.0,0.0
28,0,0.0,-2.5563620000092914e-14,0.0,0.0,-1.6459760318789955
28,1,0.0,0.0,-2.376277494373401e-05,0.0,0.0
28,2,0.0,0.0,0.0,0.0,-0.1839503459854294
28,3,0.0,0.0,0.0,0.0,0.0
28,4,0.0,0.0,0.0,0.0,0.0
29,0,0.0,-2.5563620000092914e-14,0.0,0.0,-1.7048628611142245
29,1,0.0,0.0,-2.376277494373401e-05,0.0,0.0
29,2,0.0,0.0,0.0,0.0,-0.1839503459854294
29,3,0.0,0.0,0.0,0.0,0.0
29,4,0.0,0.0,0.0,0.0,0.0
30,0,0.0,-2.5563620000092914e-14,0.0,0.0,-1.7747039448242674
30,1,0.0,0.0,-2.376277494373401e-05,0.0,0.0
30,2,0.0,0.0,0.0,0.0,-0.1839503459854294
30,3,0.0,0.0,0.0,0.0,0.0
30,4,0.0,0.0,0.0,0.0,0.0
31,0,0.0,-2.5563620000092914e-14,0.0,0.0,-1.8330517068846846
31,1,0.0,0.0,-2.376277494373401e-05,0.0,0.0
31,2,0.0,0.0,0.0,0.0,-0.1839503459854294
31,3,0.0,0.0,0.0,0.0,0.0
31,4,0.0,0.0,0.0,0.0,0.0
32,0,0.0,-2.5563620000092914e-14,0.0,0.0,-1.8898835153407327
32,1,0.0,0.0,-2.376277494373401e-05,0.0,0.0
32,2,0.0,0.0,0.0,0.0,-0.1839503459854294
32,3,0.0,0.0,0.0,0.0,0.0
32,4,0.0,0.0,0.0,0.0,0.0
33,0,0.0,-2.5563620000092914e-14,0.0,0.0,-1.9573281358872705
33,1,0.0,0.0,-2.376277494373401e-05,0.0,0.0
33,2,0.0,0.0,0.0,0.0,-0.1839503459854294
33,3,0.0,0.0,0.0,0.0,0.0
33,4,0.0,0.0,0.0,0.0,0.0
34,0,0.0,-2.5563620000092914e-14,0.0,0.0,-2.022474536242679
34,1,0.0,0.0,-2.376277494373401e-05,0.0,0.0
34,2,0.0,0.0,0.0,0.0,-0.1839503459854294
34,3,0.0,0.0,0.0,0.0,0.0
34,4,0.0,0.0,0.0,0.0,0.0
35,0,0.0,-2.5563620000092914e-14,0.0,0.0,-2.0772757705846607
35,1,0.0,0.0,-2.376277494373401e-05,0.0,0.0
35,2,0.0,0.0,0.0,0.0,-0.1839503459854294
35,3,0.0,0.0,0.0,0.0,0.0
35,4,0.0,0.0,0.0,0.0,0.0
36,0,0.0,-2.5563620000092914e-14,0.0,0.0,-2.1385666974939554
36,1,0.0,0.0,-2.376277494373401e-05,0.0,0.0
36,2,0.0,0.0,0.0,0.0,-0.1839503459854294
36,3,0.0,0.0,0.0,0.0,0.0
36,4,0.0,0.0,0.0,0.0,0.0
37,0,0.0,-2.5563620000092914e-14,0.0,0.0,-2.1998139641094494
37,1,0.0,0.0,-2.376277494373401e-05,0.0,0.0
37,2,0.0,0.0,0.0,0.0,-0.1839503459854294
37,3,0.0,0.0,0.0,0.0,0.0
37,4,0.0,0.0,0.0,0.0,0.0
38,0,0.0,-2.5563620000092914e-14,0.0,0.0,-2.268038100646391
38,1,0.0,0.0,-2.376277494373401e-05,0.0,0.0
38,2,0.0,0.0,0.0,0.0,-0.1839503459854294
38,3,0.0,0.0,0.0,0.0,0.0
38,4,0.0,0.0,0.0,0.0,0.0
39,0,0.0,-9.66574843670307e-13,0.0,0.0,-2.268038100646391
39,1,0.0,0.0,-8.009881715373064e-05,0.0,0.0
39,2,0.0,0.0,0.0,0.0,-0.2505336223153771
39,3,0.0,0.0,0.0,0.0,0.0
39,4,0.0,0.0,0.0,0.0,0.0
40,0,0.0,-9.66574843670307e-13,0.0,0.0,-2.3326085898174336
40,1,0.0,0.0,-8.009881715373064e-05,0.0,0.0
40,2,0.0,0.0,0.0,0.0,-0.2505336223153771
40,3,0.0,0.0,0.0,0.0,0.0
40,4,0.0,0.0,0.0,0.0,0.0
41,0,0.0,-9.66574843670307e-13,0.0,0.0,-2.3924628886625787
41,1,0.0,0.0,-8.009881715373064e-05,0.0,0.0
41,2,0.0,0.0,0.0,0.0,-0.2505336223153771
41,3,0.0,0.0,0.0,0.0,0.0
41,4,0.0,0.0,0.0,0.0,0.0
42,0,0.0,-1.165804738838848e-11,0.0,0.0,-2.3924628886625787
42,1,0.0,0.0,-0.00018451529264855646,0.0,0.0
42,2,0.0,0.0,0.0,0.0,-0.32101191931800127
42,3,0.0,0.0,0.0,0.0,0.0
42,4,0.0,0.0,0.0,0.0,0.0
43,0,0.0,-1.165804738838848e-11,0.0,0.0,-2.452746824918871
43,1,0.0,0.0,-0.00018451529264855646,0.0,0.0
43,2,0.0,0.0,0.0,0.0,-0.32101191931800127
43,3,0.0,0.0,0.0,0.0,0.0
43,4,0.0,0.0,0.0,0.0,0.0
44,0,0.0,-1.165804738838848e-11,0.0,0.0,-2.5199923310096604
44,1,0.0,0.0,-0.00018451529264855646,0.0,0.0
44,2,0.0,0.0,0.0,0.0,-0.32101191931800127
44,3,0.0,0.0,0.0,0.0,0.0
44,4,0.0,0.0,0.0,0.0,0.0
45,0,0.0,-1.165804738838848e-11,0.0,0.0,-2.5769080186538638
45,1,0.0,0.0,-0.00018451529264855646,0.0,0.0
45,2,0.0,0.0,0.0,0.0,-0.32101191931800127
45,3,0.0,0.0,0.0,0.0,0.0
45,4,0.0,0.0,0.0,0.0,0.0
46,0,0.0,-1.165804738838848e-11,0.0,0.0,-2.6439582501856416
46,1,0.0,0.0,-0.00018451529264855646,0.0,0.0
46,2,0.0,0.0,0.0,0.0,-0.32101191931800127
46,3,0.0,0.0,0.0,0.0,0.0
46,4,0.0,0.0,0.0,0.0,0.0
47,0,0.0,-1.165804738838848e-11,0.0,0.0,-2.7028790052844522
47,1,0.0,0.0,-0.00018451529264855646,0.0,0.0
47,2,0.0,0.0,0.0,0.0,-0.32101191931800127
47,3,0.0,0.0,0.0,0.0,0.0
47,4,0.0,0.0,0.0,0.0,0.0
48,0,0.0,-1.165804738838848e-11,0.0,0.0,-2.763049322344859
48,1,0.0,0.0,-0.00018451529264855646,0.0,0.0
48,2,0.0,0.0,0.0,0.0,-0.32101191931800127
48,3,0.0,0.0,0.0,0.0,0.0
48,4,0.0,0.0,0.0,0.0,0.0
49,0,0.0,-1.165804738838848e-11,0.0,0.0,-2.8181418253639534
49,1,0.0,0.0,-0.00018451529264855646,0.0,0.0
49,2,0.0,0.0,0.0,0.0,-0.32101191931800127
49,3,0.0,0.0,0.0,0.0,0.0
49,4,0.0,0.0,0.0,0.0,0.0
50,0,0.0,-1.165804738838848e-11,0.0,0.0,-2.8828193761682916
50,1,0.0,0.0,-0.00018451529264855646,0.0,0.0
50,2,0.0,0.0,0.0,0.0,-0.32101191931800127
50,3,0.0,0.0,0.0,0.0,0.0
50,4,0.0,0.0,0.0,0.0,0.0
51,0,0.0,-1.165804738838848e-11,0.0,0.0,-2.93860286901393
51,1,0.0,0.0,-0.00018451529264855646,0.0,0.0
51,2,0.0,0.0,0.0,0.0,-0.32101191931800127
51,3,0.0,0.0,0.0,0.0,0.0
51,4,0.0,0.0,0.0,0.0,0.0
52,0,0.0,-1.165804738838848e-11,0.0,0.0,-3.00731058690855
52,1,0.0,0.0,-0.00018451529264855646,0.0,0.0
52,2,0.0,0.0,0.0,0.0,-0.32101191931800127
52,3,0.0,0.0,0.0,0.0,0.0
52,4,0.0,0.0,0.0,0.0,0.0
53,0,0.0,-1.165804738838848e-11,0.0,0.0,-3.068536638880712
53,1,0.0,0.0,-0.00018451529264855646,0.0,0.0
53,2,0.0,0.0,0.0,0.0,-0.32101191931800127
53,3,0.0,0.0,0.0,0.0,0.0
53,4,0.0,0.0,0.0,0.0,0.0
54,0,0.0,-1.165804738838848e-11,0.0,0.0,-3.1293398593975037
54,1,0.0,0.0,-0.00018451529264855646,0.0,0.0
54,2,0.0,0.0,0.0,0.0,-0.32101191931800127
54,3,0.0,0.0,0.0,0.0,0.0
54,4,0.0,0.0,0.0,0.0,0.0
55,0,0.0,-1.165804738838848e-11,0.0,0.0,-3.181161132818857
55,1,0.0,0.0,-0.00018451529264855646,0.0,0.0
55,2,0.0,0.0,0.0,0.0,-0.32101191931800127
55,3,0.0,0.0,0.0,0.0,0.0
55,4,0.0,0.0,0.0,0.0,0.0
56,0,0.0,-6.838937453403289e-11,0.0,0.0,-3.181161132818857
56,1,0.0,0.0,-0.0003557865664156159,0.0,0.0
56,2,0.0,0.0,0.0,0.0,-0.39830310558204357
56,3,0.0,0.0,0.0,0.0,0.0
56,4,0.0,0.0,0.0,0.0,0.0
57,0,0.0,-6.838937453403289e-11,0.0,0.0,-3.236716718430415
57,1,0.0,0.0,-0.0003557865664156159,0.0,0.0
57,2,0.0,0.0,0.0,0.0,-0.39830310558204357
57,3,0.0,0.0,0.0,0.0,0.0
57,4,0.0,0.0,0.0,0.0,0.0
58,0,0.0,-6.838937453403289e-11,0.0,0.0,-3.2959364310119033
58,1,0.0,0.0,-0.0003557865664156159,0.0,0.0
58,2,0.0,0.0,0.0,0.0,-0.39830310558204357
58,3,0.0,0.0,0.0,0.0,0.0
58,4,0.0,0.0,0.0,0.0,0.0
59,0,0.0,-6.838937453403289e-11,0.0,0.0,-3.350672804099922
59,1,0.0,0.0,-0.0003557865664156159,0.0,0.0
59,2,0.0,0.0,0.0,0.0,-0.39830310558204357
59,3,0.0,0.0,0.0,0.0,0.0
59,4,0.0,0.0,0.0,0.0,0.0
60,0,0.0,-6.838937453403289e-11,0.0,0.0,-3.406745729126401
60,1,0.0,0.0,-0.0003557865664156159,0.0,0.0
60,2,0.0,0.0,0.0,0.0,-0.39830310558204357
60,3,0.0,0.0,0.0,0.0,0.0
60,4,0.0,0.0,0.0,0.0,0.0
61,0,0.0,-6.838937453403289e-11,0.0,0.0,-3.465198305721113
61,1,0.0,0.0,-0.0003557865664156159,0.0,0.0
61,2,0.0,0.0,0.0,0.0,-0.39830310558204357
61,3,0.0,0.0,0.0,0.0,0.0
61,4,0.0,0.0,0.0,0.0,0.0
62,0,0.0,-2.7930098422891045e-10,0.0,0.0,-3.465198305721113
62,1,0.0,0.0,-0.0006191962944274724,0.0,0.0
62,2,0.0,0.0,0.0,0.0,-0.46590056620901926
62,3,0.0,0.0,0.0,0.0,0.0
62,4,0.0,0.0,0.0,0.0,0.0
63,0,0.0,-2.7930098422891045e-10,0.0,0.0,-3.5183056029939985
63,1,0.0,0.0,-0.0006191962944274724,0.0,0.0
63,2,0.0,0.0,0.0,0.0,-0.46590056620901926
63,3,0.0,0.0,0.0,0.0,0.0
63,4,0.0,0.0,0.0,0.0,0.0
64,0,0.0,-2.7930098422891045e-10,0.0,0.0,-3.5765328400290537
64,1,0.0,0.0,-0.0006191962944274724,0.0,0.0
64,2,0.0,0.0,0.0,0.0,-0.46590056620901926
64,3,0.0,0.0,0.0,0.0,0.0
64,4,0.0,0.0,0.0,0.0,0.0
65,0,0.0,-2.7930098422891045e-10,0.0,0.0,-3.6376623150910823
65,1,0.0,0.0,-0.0006191962944274724,0.0,0.0
65,2,0.0,0.0,0.0,0.0,-0.46590056620901926
65,3,0.0,0.0,0.0,0.0,0.0
65,4,0.0,0.0,0.0,0.0,0.0
66,0,0.0,-9.180519480378004e-10,0.0,0.0,-3.6376623150910823
66,1,0.0,0.0,-0.0009791315722735925,0.0,0.0
66,2,0.0,0.0,0.0,0.0,-0.54597854812302
66,3,0.0,0.0,0.0,0.0,0.0
66,4,0.0,0.0,0.0,0.0,0.0
67,0,0.0,-9.180519480378004e-10,0.0,0.0,-3.6941005815972057
67,1,0.0,0.0,-0.0009791315722735925,0.0,0.0
67,2,0.0,0.0,0.0,0.0,-0.54597854812302
67,3,0.0,0.0,0.0,0.0,0.0
67,4,0.0,0.0,0.0,0.0,0.0
68,0,0.0,-9.180519480378004e-10,0.0,0.0,-3.7454813760490886
68,1,0.0,0.0,-0.0009791315722735925,0.0,0.0
68,2,0.0,0.0,0.0,0.0,-0.54597854812302
68,3,0.0,0.0,0.0,0.0,0.0
68,4,0.0,0.0,0.0,0.0,0.0
69,0,0.0,-9.180519480378004e-10,0.0,0.0,-3.8091154844793884
69,1,0.0,0.0,-0.0009791315722735925,0.0,0.0
69,2,0.0,0.0,0.0,0.0,-0.54597854812302
69,3,0.0,0.0,0.0,0.0,0.0
69,4,0.0,0.0,0.0,0.0,0.0
70,0,0.0,-9.180519480378004e-10,0.0,0.0,-3.8633074956652456
70,1,0.0,0.0,-0.0009791315722735925,0.0,0.0
70,2,0.0,0.0,0.0,0.0,-0.54597854812302
70,3,0.0,0.0,0.0,0.0,0.0
70,4,0.0,0.0,0.0,0.0,0.0
71,0,0.0,-9.180519480378004e-10,0.0,0.0,-3.9204626260703073
71,1,0.0,0.0,-0.0009791315722735925,0.0,0.0
71,2,0.0,0.0,0.0,0.0,-0.54597854812302
71,3,0.0,0.0,0.0,0.0,0.0
71,4,0.0,0.0,0.0,0.0,0.0
72,0,0.0,-9.180519480378004e-10,0.0,0.0,-3.9777943275406398
72,1,0.0,0.0,-0.0009791315722735925,0.0,0.0
72,2,0.0,0.0,0.0,0.0,-0.54597854812302
72,3,0.0,0.0,0.0,0.0,0.0
72,4,0.0,0.0,0.0,0.0,0.0
73,0,0.0,-9.180519480378004e-10,0.0,0.0,-4.0283641467003655
73,1,0.0,0.0,-0.0009791315722735925,0.0,0.0
73,2,0.0,0.0,0.0,0.0,-0.54597854812302
73,3,0.0,0.0,0.0,0.0,0.0
73,4,0.0,0.0,0.0,0.0,0.0
74,0,0.0,-9.180519480378004e-10,0.0,0.0,-4.08946734026674
74,1,0.0,0.0,-0.0009791315722735925,0.0,0.0
74,2,0.0,0.0,0.0,0.0,-0.54597854812302
74,3,0.0,0.0,0.0,0.0,0.0
74,4,0.0,0.0,0.0,0.0,0.0
75,0,0.0,-9.180519480378004e-10,0.0,0.0,-4.15371191825214
75,1,0.0,0.0,-0.0009791315722735925,0.0,0.0
75,2,0.0,0.0,0.0,0.0,-0.54597854812302
75,3,0.0,0.0,0.0,0.0,0.0
75,4,0.0,0.0,0.0,0.0,0.0
76,0,0.0,-9.180519480378004e-10,0.0,0.0,-4.207826645694592
76,1,0.0,0.0,-0.0009791315722735925,0.0,0.0
76,2,0.0,0.0,0.0,0.0,-0.54597854812302
76,3,0.0,0.0,0.0,0.0,0.0
76,4,0.0,0.0,0.0,0.0,0.0
77,0,0.0,-9.180519480378004e-10,0.0,0.0,-4.261653020452493
77,1,0.0,0.0,-0.0009791315722735925,0.0,0.0
77,2,0.0,0.0,0.0,0.0,-0.54597854812302
77,3,0.0,0.0,0.0,0.0,0.0
77,4,0.0,0.0,0.0,0.0,0.0
78,0,0.0,-9.180519480378004e-10,0.0,0.0,-4.315362726421071
78,1,0.0,0.0,-0.0009791315722735925,0.0,0.0
78,2,0.0,0.0,0.0,0.0,-0.54597854812302
78,3,0.0,0.0,0.0,0.0,0.0
78,4,0.0,0.0,0.0,0.0,0.0
79,0,0.0,-9.180519480378004e-10,0.0,0.0,-4.3739263618643385
79,1,0.0,0.0,-0.0009791315722735925,0.0,0.0
79,2,0.0,0.0,0.0,0.0,-0.54597854812302
79,3,0.0,0.0,0.0,0.0,0.0
79,4,0.0,0.0,0.0,0.0,0.0
80,0,0.0,-9.180519480378004e-10,0.0,0.0,-4.43488935808418
80,1,0.0,0.0,-0.0009791315722735925,0.0,0.0
80,2,0.0,0.0,0.0,0.0,-0.54597854812302
80,3,0.0,0.0,0.0,0.0,0.0
80,4,0.0,0.0,0.0,0.0,0.0
81,0,0.0,-9.180519480378004e-10,0.0,0.0,-4.492234435964109
81,1,0.0,0.0,-0.0009791315722735925,0.0,0.0
81,2,0.0,0.0,0.0,0.0,-0.54597854812302
81,3,0.0,0.0,0.0,0.0,0.0
81,4,0.0,0.0,0.0,0.0,0.0
82,0,0.0,-9.180519480378004e-10,0.0,0.0,-4.544325106973788
82,1,0.0,0.0,-0.0009791315722735925,0.0,0.0
82,2,0.0,0.0,0.0,0.0,-0.54597854812302
82,3,0.0,0.0,0.0,0.0,0.0
82,4,0.0,0.0,0.0,0.0,0.0
83,0,0.0,-9.180519480378004e-10,0.0,0.0,-4.594970221868222
83,1,0.0,0.0,-0.0009791315722735925,0.0,0.0
83,2,0.0,0.0,0.0,0.0,-0.54597854812302
83,3,0.0,0.0,0.0,0.0,0.0
83,4,0.0,0.0,0.0,0.0,0.0
84,0,0.0,-9.180519480378004e-10,0.0,0.0,-4.646575775644041
84,1,0.0,0.0,-0.0009791315722735925,0.0,0.0
84,2,0.0,0.0,0.0,0.0,-0.54597854812302
84,3,0.0,0.0,0.0,0.0,0.0
84,4,0.0,0.0,0.0,0.0,0.0
85,0,0.0,-9.180519480378004e-10,0.0,0.0,-4.6969332449935335
85,1,0.0,0.0,-0.0009791315722735925,0.0,0.0
85,2,0.0,0.0,0.0,0.0,-0.54597854812302
85,3,0.0,0.0,0.0,0.0,0.0
85,4,0.0,0.0,0.0,0.0,0.0
86,0,0.0,-9.180519480378004e-10,0.0,0.0,-4.744715190401181
86,1,0.0,0.0,-0.0009791315722735925,0.0,0.0
86,2,0.0,0.0,0.0,0.0,-0.54597854812302
86,3,0.0,0.0,0.0,0.0,0.0
86,4,0.0,0.0,0.0,0.0,0.0
87,0,0.0,-9.180519480378004e-10,0.0,0.0,-4.800541711562444
87,1,0.0,0.0,-0.0009791315722735925,0.0,0.0
87,2,0.0,0.0,0.0,0.0,-0.54597854812302
87,3,0.0,0.0,0.0,0.0,0.0
87,4,0.0,0.0,0.0,0.0,0.0
88,0,0.0,-9.180519480378004e-10,0.0,0.0,-4.859971681436761
88,1,0.0,0.0,-0.0009791315722735925,0.0,0.0
88,2,0.0,0.0,0.0,0.0,-0.54597854812302
88,3,0.0,0.0,0.0,0.0,0.0
88,4,0.0,0.0,0.0,0.0,0.0
89,0,0.0,-9.180519480378004e-10,0.0,0.0,-4.916521600796399
89,1,0.0,0.0,-0.0009791315722735925,0.0,0.0
89,2,0.0,0.0,0.0,0.0,-0.54597854812302
89,3,0.0,0.0,0.0,0.0,0.0
89,4,0.0,0.0,0.0,0.0,0.0
90,0,0.0,-9.180519480378004e-10,0.0,0.0,-4.97281894631729
90,1,0.0,0.0,-0.0009791315722735925,0.0,0.0
90,2,0.0,0.0,0.0,0.0,-0.54597854812302
90,3,0.0,0.0,0.0,0.0,0.0
90,4,0.0,0.0,0.0,0.0,0.0
91,0,0.0,-9.180519480378004e-10,0.0,0.0,-5.014263633476743
91,1,0.0,0.0,-0.0009791315722735925,0.0,0.0
91,2,0.0,0.0,0.0,0.0,-0.54597854812302
91,3,0.0,0.0,0.0,0.0,0.0
91,4,0.0,0.0,0.0,0.0,0.0
92,0,0.0,-9.180519480378004e-10,0.0,0.0,-5.070758574859221
92,1,0.0,0.0,-0.0009791315722735925,0.0,0.0
92,2,0.0,0.0,0.0,0.0,-0.54597854812302
92,3,0.0,0.0,0.0,0.0,0.0
92,4,0.0,0.0,0.0,0.0,0.0
93,0,0.0,-9.180519480378004e-10,0.0,0.0,-5.127545870239064
93,1,0.0,0.0,-0.0009791315722735925,0.0,0.0
93,2,0.0,0.0,0.0,0.0,-0.54597854812302
93,3,0.0,0.0,0.0,0.0,0.0
93,4,0.0,0.0,0.0,0.0,0.0
94,0,0.0,-9.180519480378004e-10,0.0,0.0,-5.171004534794356
94,1,0.0,0.0,-0.0009791315722735925,0.0,0.0
94,2,0.0,0.0,0.0,0.0,-0.54597854812302
94,3,0.0,0.0,0.0,0.0,0.0
94,4,0.0,0.0,0.0,0.0,0.0
95,0,0.0,-9.180519480378004e-10,0.0,0.0,-5.237126084526502
95,1,0.0,0.0,-0.0009791315722735925,0.0,0.0
95,2,0.0,0.0,0.0,0.0,-0.54597854812302
95,3,0.0,0.0,0.0,0.0,0.0
95,4,0.0,0.0,0.0,0.0,0.0
96,0,0.0,-9.180519480378004e-10,0.0,0.0,-5.283911250134819
96,1,0.0,0.0,-0.0009791315722735925,0.0,0.0
96,2,0.0,0.0,0.0,0.0,-0.54597854812302
96,3,0.0,0.0,0.0,0.0,0.0
96,4,0.0,0.0,0.0,0.0,0.0
97,0,0.0,-9.180519480378004e-10,0.0,0.0,-5.3425695930934
97,1,0.0,0.0,-0.0009791315722735925,0.0,0.0
97,2,0.0,0.0,0.0,0.0,-0.54597854812302
97,3,0.0,0.0,0.0,0.0,0.0
97,4,0.0,0.0,0.0,0.0,0.0
98,0,0.0,-9.180519480378004e-10,0.0,0.0,-5.388577518851346
98,1,0.0,0.0,-0.0009791315722735925,0.0,0.0
98,2,0.0,0.0,0.0,0.0,-0.54597854812302
98,3,0.0,0.0,0.0,0.0,0.0
98,4,0.0,0.0,0.0,0.0,0.0
99,0,0.0,-9.180519480378004e-10,0.0,0.0,-5.441200313681879
99,1,0.0,0.0,-0.0009791315722735925,0.0,0.0
99,2,0.0,0.0,0.0,0.0,-0.54597854812302
99,3,0.0,0.0,0.0,0.0,0.0
99,4,0.0,0.0,0.0,0.0,0.0
100,0,0.0,-9.180519480378004e-10,0.0,0.0,-5.492941556090693
100,1,0.0,0.0,-0.0009791315722735925,0.0,0.0
100,2,0.0,0.0,0.0,0.0,-0.54597854812302
100,3,0.0,0.0,0.0,0.0,0.0
100,4,0.0,0.0,0.0,0.0,0.0
101,0,0.0,-9.180519480378004e-10,0.0,0.0,-5.53705573047896
101,1,0.0,0.0,-0.0009791315722735925,0.0,0.0
101,2,0.0,0.0,0.0,0.0,-0.54597854812302
101,3,0.0,0.0,0.0,0.0,0.0
101,4,0.0,0.0,0.0,0.0,0.0
102,0,0.0,-9.180519480378004e-10,0.0,0.0,-5.59310536969092
102,1,0.0,0.0,-0.0009791315722735925,0.0,0.0
102,2,0.0,0.0,0.0,0.0,-0.54597854812302
102,3,0.0,0.0,0.0,0.0,0.0
102,4,0.0,0.0,0.0,0.0,0.0
103,0,0.0,-9.180519480378004e-10,0.0,0.0,-5.643380231138175
103,1,0.0,0.0,-0.0009791315722735925,0.0,0.0
103,2,0.0,0.0,0.0,0.0,-0.54597854812302
103,3,0.0,0.0,0.0,0.0,0.0
103,4,0.0,0.0,0.0,0.0,0.0
104,0,0.0,-9.180519480378004e-10,0.0,0.0,-5.696153999396936
104,1,0.0,0.0,-0.0009791315722735925,0.0,0.0
104,2,0.0,0.0,0.0,0.0,-0.54597854812302
104,3,0.0,0.0,0.0,0.0,0.0
104,4,0.0,0.0,0.0,0.0,0.0
105,0,0.0,-9.180519480378004e-10,0.0,0.0,-5.748474244966892
105,1,0.0,0.0,-0.0009791315722735925,0.0,0.0
105,2,0.0,0.0,0.0,0.0,-0.54597854812302
105,3,0.0,0.0,0.0,0.0,0.0
105,4,0.0,0.0,0.0,0.0,0.0
106,0,0.0,-9.180519480378004e-10,0.0,0.0,-5.7954099040888964
106,1,0.0,0.0,-0.0009791315722735925,0.0,0.0
106,2,0.0,0.0,0.0,0.0,-0.54597854812302
106,3,0.0,0.0,0.0,0.0,0.0
106,4,0.0,0.0,0.0,0.0,0.0
107,0,0.0,-9.180519480378004e-10,0.0,0.0,-5.8419973001479475
107,1,0.0,0.0,-0.0009791315722735925,0.0,0.0
107,2,0.0,0.0,0.0,0.0,-0.54597854812302
107,3,0.0,0.0,0.0,0.0,0.0
107,4,0.0,0.0,0.0,0.0,0.0
108,0,0.0,-9.180519480378004e-10,0.0,0.0,-5.898237676271794
108,1,0.0,0.0,-0.0009791315722735925,0.0,0.0
108,2,0.0,0.0,0.0,0.0,-0.54597854812302
108,3,0.0,0.0,0.0,0.0,0.0
108,4,0.0,0.0,0.0,0.0,0.0
109,0,0.0,-9.180519480378004e-10,0.0,0.0,-5.945348243588456
109,1,0.0,0.0,-0.0009791315722735925,0.0,0.0
109,2,0.0,0.0,0.0,0.0,-0.54597854812302
109,3,0.0,0.0,0.0,0.0,0.0
109,4,0.0,0.0,0.0,0.0,0.0
110,0,0.0,-9.180519480378004e-10,0.0,0.0,-5.992192813850014
110,1,0.0,0.0,-0.0009791315722735925,0.0,0.0
110,2,0.0,0.0,0.0,0.0,-0.54597854812302
110,3,0.0,0.0,0.0,0.0,0.0
110,4,0.0,0.0,0.0,0.0,0.0
111,0,0.0,-9.180519480378004e-10,0.0,0.0,-6.032221780106882
111,1,0.0,0.0,-0.0009791315722735925,0.0,0.0
111,2,0.0,0.0,0.0,0.0,-0.54597854812302
111,3,0.0,0.0,0.0,0.0,0.0
111,4,0.0,0.0,0.0,0.0,0.0
112,0,0.0,-9.180519480378004e-10,0.0,0.0,-6.085639145253201
112,1,0.0,0.0,-0.0009791315722735925,0.0,0.0
112,2,0.0,0.0,0.0,0.0,-0.54597854812302
112,3,0.0,0.0,0.0,0.0,0.0
112,4,0.0,0.0,0.0,0.0,0.0
113,0,0.0,-9.180519480378004e-10,0.0,0.0,-6.137095581886699
113,1,0.0,0.0,-0.0009791315722735925,0.0,0.0
113,2,0.0,0.0,0.0,0.0,-0.54597854812302
113,3,0.0,0.0,0.0,0.0,0.0
113,4,0.0,0.0,0.0,0.0,0.0
114,0,0.0,-9.180519480378004e-10,0.0,0.0,-6.187685499776177
114,1,0.0,0.0,-0.0009791315722735925,0.0,0.0
114,2,0.0,0.0,0.0,0.0,-0.54597854812302
114,3,0.0,0.0,0.0,0.0,0.0
114,4,0.0,0.0,0.0,0.0,0.0
115,0,0.0,-9.180519480378004e-10,0.0,0.0,-6.2307080284265455
115,1,0.0,0.0,-0.0009791315722735925,0.0,0.0
115,2,0.0,0.0,0.0,0.0,-0.54597854812302
115,3,0.0,0.0,0.0,0.0,0.0
115,4,0.0,0.0,0.0,0.0,0.0
116,0,0.0,-9.180519480378004e-10,0.0,0.0,-6.284184932772443
116,1,0.0,0.0,-0.0009791315722735925,0.0,0.0
116,2,0.0,0.0,0.0,0.0,-0.54597854812302
116,3,0.0,0.0,0.0,0.0,0.0
116,4,0.0,0.0,0.0,0.0,0.0
117,0,0.0,-9.180519480378004e-10,0.0,0.0,-6.3359294618708875
117,1,0.0,0.0,-0.0009791315722735925,0.0,0.0
117,2,0.0,0.0,0.0,0.0,-0.54597854812302
117,3,0.0,0.0,0.0,0.0,0.0
117,4,0.0,0.0,0.0,0.0,0.0
118,0,0.0,-9.180519480378004e-10,0.0,0.0,-6.387841613235521
118,1,0.0,0.0,-0.0009791315722735925,0.0,0.0
118,2,0.0,0.0,0.0,0.0,-0.54597854812302
118,3,0.0,0.0,0.0,0.0,0.0
118,4,0.0,0.0,0.0,0.0,0.0
119,0,0.0,-9.180519480378004e-10,0.0,0.0,-6.428998965974892
119,1,0.0,0.0,-0.0009791315722735925,0.0,0.0
119,2,0.0,0.0,0.0,0.0,-0.54597854812302
119,3,0.0,0.0,0.0,0.0,0.0
119,4,0.0,0.0,0.0,0.0,0.0
120,0,0.0,-9.180519480378004e-10,0.0,0.0,-6.484665101847918
120,1,0.0,0.0,-0.0009791315722735925,0.0,0.0
120,2,0.0,0.0,0.0,0.0,-0.54597854812302
120,3,0.0,0.0,0.0,0.0,0.0
120,4,0.0,0.0,0.0,0.0,0.0
121,0,0.0,-9.180519480378004e-10,0.0,0.0,-6.524774012624996
121,1,0.0,0.0,-0.0009791315722735925,0.0,0.0
121,2,0.0,0.0,0.0,0.0,-0.54597854812302
121,3,0.0,0.0,0.0,0.0,0.0
121,4,0.0,0.0,0.0,0.0,0.0
122,0,0.0,-9.180519480378004e-10,0.0,0.0,-6.572122339091545
122,1,0.0,0.0,-0.0009791315722735925,0.0,0.0
122,2,0.0,0.0,0.0,0.0,-0.54597854812302
122,3,0.0,0.0,0.0,0.0,0.0
122,4,0.0,0.0,0.0,0.0,0.0
123,0,0.0,-9.180519480378004e-10,0.0,0.0,-6.625973629794112
123,1,0.0,0.0,-0.0009791315722735925,0.0,0.0
123,2,0.0,0.0,0.0,0.0,-0.54597854812302
123,3,0.0,0.0,0.0,0.0,0.0
123,4,0.0,0.0,0.0,0.0,0.0
124,0,0.0,-9.180519480378004e-10,0.0,0.0,-6.670114991780092
124,1,0.0,0.0,-0.0009791315722735925,0.0,0.0
124,2,0.0,0.0,0.0,0.0,-0.54597854812302
124,3,0.0,0.0,0.0,0.0,0.0
124,4,0.0,0.0,0.0,0.0,0.0
125,0,0.0,-9.180519480378004e-10,0.0,0.0,-6.719709135815616
125,1,0.0,0.0,-0.0009791315722735925,0.0,0.0
125,2,0.0,0.0,0.0,0.0,-0.54597854812302
125,3,0.0,0.0,0.0,0.0,0.0
125,4,0.0,0.0,0.0,0.0,0.0
126,0,0.0,-9.180519480378004e-10,0.0,0.0,-6.769934319261692
126,1,0.0,0.0,-0.0009791315722735925,0.0,0.0
126,2,0.0,0.0,0.0,0.0,-0.54597854812302
126,3,0.0,0.0,0.0,0.0,0.0
126,4,0.0,0.0,0.0,0.0,0.0
127,0,0.0,-9.180519480378004e-10,0.0,0.0,-6.817406920101934
127,1,0.0,0.0,-0.0009791315722735925,0.0,0.0
127,2,0.0,0.0,0.0,0.0,-0.54597854812302
127,3,0.0,0.0,0.0,0.0,0.0
127,4,0.0,0.0,0.0,0.0,0.0
128,0,0.0,-9.180519480378004e-10,0.0,0.0,-6.872209419616014
128,1,0.0,0.0,-0.0009791315722735925,0.0,0.0
128,2,0.0,0.0,0.0,0.0,-0.54597854812302
128,3,0.0,0.0,0.0,0.0,0.0
128,4,0.0,0.0,0.0,0.0,0.0
129,0,0.0,-9.180519480378004e-10,0.0,0.0,-6.916898584578144
129,1,0.0,0.0,-0.0009791315722735925,0.0,0.0
129,2,0.0,0.0,0.0,0.0,-0.54597854812302
129,3,0.0,0.0,0.0,0.0,0.0
129,4,0.0,0.0,0.0,0.0,0.0
130,0,0.0,-9.180519480378004e-10,0.0,0.0,-6.957696404236559
130,1,0.0,0.0,-0.0009791315722735925,0.0,0.0
130,2,0.0,0.0,0.0,0.0,-0.54597854812302
130,3,0.0,0.0,0.0,0.0,0.0
130,4,0.0,0.0,0.0,0.0,0.0
131,0,0.0,-9.180519480378004e-10,0.0,0.0,-7.003487073054407
131,1,0.0,0.0,-0.0009791315722735925,0.0,0.0
131,2,0.0,0.0,0.0,0.0,-0.54597854812302
131,3,0.0,0.0,0.0,0.0,0.0
131,4,0.0,0.0,0.0,0.0,0.0
132,0,0.0,-9.180519480378004e-10,0.0,0.0,-7.051334809012576
132,1,0.0,0.0,-0.0009791315722735925,0.0,0.0
132,2,0.0,0.0,0.0,0.0,-0.54597854812302
132,3,0.0,0.0,0.0,0.0,0.0
132,4,0.0,0.0,0.0,0.0,0.0
133,0,0.0,-9.180519480378004e-10,0.0,0.0,-7.102224478177713
133,1,0.0,0.0,-0.0009791315722735925,0.0,0.0
133,2,0.0,0.0,0.0,0.0,-0.54597854812302
133,3,0.0,0.0,0.0,0.0,0.0
133,4,0.0,0.0,0.0,0.0,0.0
134,0,0.0,-9.180519480378004e-10,0.0,0.0,-7.155032206746047
134,1,0.0,0.0,-0.0009791315722735925,0.0,0.0
134,2,0.0,0.0,0.0,0.0,-0.54597854812302
134,3,0.0,0.0,0.0,0.0,0.0
134,4,0.0,0.0,0.0,0.0,0.0
135,0,0.0,-9.180519480378004e-10,0.0,0.0,-7.206304581669476
135,1,0.0,0.0,-0.0009791315722735925,0.0,0.0
135,2,0.0,0.0,0.0,0.0,-0.54597854812302
135,3,0.0,0.0,0.0,0.0,0.0
135,4,0.0,0.0,0.0,0.0,0.0
136,0,0.0,-9.180519480378004e-10,0.0,0.0,-7.254353814939424
136,1,0.0,0.0,-0.0009791315722735925,0.0,0.0
136,2,0.0,0.0,0.0,0.0,-0.54597854812302
136,3,0.0,0.0,0.0,0.0,0.0
136,4,0.0,0.0,0.0,0.0,0.0
137,0,0.0,-9.180519480378004e-10,0.0,0.0,-7.299548882211905
137,1,0.0,0.0,-0.0009791315722735925,0.0,0.0
137,2,0.0,0.0,0.0,0.0,-0.54597854812302
137,3,0.0,0.0,0.0,0.0,0.0
137,4,0.0,0.0,0.0,0.0,0.0
138,0,0.0,-9.180519480378004e-10,0.0,0.0,-7.343754887080499
138,1,0.0,0.0,-0.0009791315722735925,0.0,0.0
138,2,0.0,0.0,0.0,0.0,-0.54597854812302
138,3,0.0,0.0,0.0,0.0,0.0
138,4,0.0,0.0,0.0,0.0,0.0
139,0,0.0,-9.180519480378004e-10,0.0,0.0,-7.393275415126555
139,1,0.0,0.0,-0.0009791315722735925,0.0,0.0
139,2,0.0,0.0,0.0,0.0,-0.54597854812302
139,3,0.0,0.0,0.0,0.0,0.0
139,4,0.0,0.0,0.0,0.0,0.0
140,0,0.0,-9.180519480378004e-10,0.0,0.0,-7.447293251944592
140,1,0.0,0.0,-0.0009791315722735925,0.0,0.0
140,2,0.0,0.0,0.0,0.0,-0.54597854812302
140,3,0.0,0.0,0.0,0.0,0.0
140,4,0.0,0.0,0.0,0.0,0.0
141,0,0.0,-9.180519480378004e-10,0.0,0.0,-7.487480755056968
141,1,0.0,0.0,-0.0009791315722735925,0.0,0.0
141,2,0.0,0.0,0.0,0.0,-0.54597854812302
141,3,0.0,0.0,0.0,0.0,0.0
141,4,0.0,0.0,0.0,0.0,0.0
142,0,0.0,-9.180519480378004e-10,0.0,0.0,-7.520650445362596
142,1,0.0,0.0,-0.0009791315722735925,0.0,0.0
142,2,0.0,0.0,0.0,0.0,-0.54597854812302
142,3,0.0,0.0,0.0,0.0,0.0
142,4,0.0,0.0,0.0,0.0,0.0
143,0,0.0,-9.180519480378004e-10,0.0,0.0,-7.5663101547297975
143,1,0.0,0.0,-0.0009791315722735925,0.0,0.0
143,2,0.0,0.0,0.0,0.0,-0.54597854812302
143,3,0.0,0.0,0.0,0.0,0.0
143,4,0.0,0.0,0.0,0.0,0.0
144,0,0.0,-9.180519480378004e-10,0.0,0.0,-7.610684385934446
144,1,0.0,0.0,-0.0009791315722735925,0.0,0.0
144,2,0.0,0.0,0.0,0.0,-0.54597854812302
144,3,0.0,0.0,0.0,0.0,0.0
144,4,0.0,0.0,0.0,0.0,0.0
145,0,0.0,-9.180519480378004e-10,0.0,0.0,-7.662731335893126
145,1,0.0,0.0,-0.0009791315722735925,0.0,0.0
145,2,0.0,0.0,0.0,0.0,-0.54597854812302
145,3,0.0,0.0,0.0,0.0,0.0
145,4,0.0,0.0,0.0,0.0,0.0
146,0,0.0,-9.180519480378004e-10,0.0,0.0,-7.7066704003804425
146,1,0.0,0.0,-0.0009791315722735925,0.0,0.0
146,2,0.0,0.0,0.0,0.0,-0.54597854812302
146,3,0.0,0.0,0.0,0.0,0.0
146,4,0.0,0.0,0.0,0.0,0.0
147,0,0.0,-9.180519480378004e-10,0.0,0.0,-7.746345133963162
147,1,0.0,0.0,-0.0009791315722735925,0.0,0.0
147,2,0.0,0.0,0.0,0.0,-0.54597854812302
147,3,0.0,0.0,0.0,0.0,0.0
147,4,0.0,0.0,0.0,0.0,0.0
148,0,0.0,-9.180519480378004e-10,0.0,0.0,-7.793331672622179
148,1,0.0,0.0,-0.0009791315722735925,0.0,0.0
148,2,0.0,0.0,0.0,0.0,-0.54597854812302
148,3,0.0,0.0,0.0,0.0,0.0
148,4,0.0,0.0,0.0,0.0,0.0
149,0,0.0,-9.180519480378004e-10,0.0,0.0,-7.822686830422658
149,1,0.0,0.0,-0.0009791315722735925,0.0,0.0
149,2,0.0,0.0,0.0,0.0,-0.54597854812302
149,3,0.0,0.0,0.0,0.0,0.0
149,4,0.0,0.0,0.0,0.0,0.0
150,0,0.0,-9.180519480378004e-10,0.0,0.0,-7.861477882240714
150,1,0.0,0.0,-0.0009791315722735925,0.0,0.0
150,2,0.0,0.0,0.0,0.0,-0.54597854812302
150,3,0.0,0.0,0.0,0.0,0.0
150,4,0.0,0.0,0.0,0.0,0.0
151,0,0.0,-9.180519480378004e-10,0.0,0.0,-7.904210503069544
151,1,0.0,0.0,-0.0009791315722735925,0.0,0.0
151,2,0.0,0.0,0.0,0.0,-0.54597854812302
151,3,0.0,0.0,0.0,0.0,0.0
151,4,0.0,0.0,0.0,0.0,0.0
152,0,0.0,-9.180519480378004e-10,0.0,0.0,-7.945152981409207
152,1,0.0,0.0,-0.0009791315722735925,0.0,0.0
152,2,0.0,0.0,0.0,0.0,-0.54597854812302
152,3,0.0,0.0,0.0,0.0,0.0
152,4,0.0,0.0,0.0,0.0,0.0
153,0,0.0,-9.180519480378004e-10,0.0,0.0,-7.988330507173736
153,1,0.0,0.0,-0.0009791315722735925,0.0,0.0
153,2,0.0,0.0,0.0,0.0,-0.54597854812302
153,3,0.0,0.0,0.0,0.0,0.0
153,4,0.0,0.0,0.0,0.0,0.0
154,0,0.0,-9.180519480378004e-10,0.0,0.0,-8.040574488277395
154,1,0.0,0.0,-0.0009791315722735925,0.0,0.0
154,2,0.0,0.0,0.0,0.0,-0.54597854812302
154,3,0.0,0.0,0.0,0.0,0.0
154,4,0.0,0.0,0.0,0.0,0.0
155,0,0.0,-9.180519480378004e-10,0.0,0.0,-8.086758545738416
155,1,0.0,0.0,-0.0009791315722735925,0.0,0.0
155,2,0.0,0.0,0.0,0.0,-0.54597854812302
155,3,0.0,0.0,0.0,0.0,0.0
155,4,0.0,0.0,0.0,0.0,0.0
156,0,0.0,-9.180519480378004e-10,0.0,0.0,-8.127091450658535
156,1,0.0,0.0,-0.0009791315722735925,0.0,0.0
156,2,0.0,0.0,0.0,0.0,-0.54597854812302
156,3,0.0,0.0,0.0,0.0,0.0
156,4,0.0,0.0,0.0,0.0,0.0
157,0,0.0,-9.180519480378004e-10,0.0,0.0,-8.171477201100025
157,1,0.0,0.0,-0.0009791315722735925,0.0,0.0
157,2,0.0,0.0,0.0,0.0,-0.54597854812302
157,3,0.0,0.0,0.0,0.0,0.0
157,4,0.0,0.0,0.0,0.0,0.0
158,0,0.0,-9.180519480378004e-10,0.0,0.0,-8.213734517165493
158,1,0.0,0.0,-0.0009791315722735925,0.0,0.0
158,2,0.0,0.0,0.0,0.0,-0.54597854812302
158,3,0.0,0.0,0.0,0.0,0.0
158,4,0.0,0.0,0.0,0.0,0.0
159,0,0.0,-9.180519480378004e-10,0.0,0.0,-8.252022537917332
159,1,0.0,0.0,-0.0009791315722735925,0.0,0.0
159,2,0.0,0.0,0.0,0.0,-0.54597854812302
159,3,0.0,0.0,0.0,0.0,0.0
159,4,0.0,0.0,0.0,0.0,0.0
160,0,0.0,-9.180519480378004e-10,0.0,0.0,-8.29525674222781
160,1,0.0,0.0,-0.0009791315722735925,0.0,0.0
160,2,0.0,0.0,0.0,0.0,-0.54597854812302
160,3,0.0,0.0,0.0,0.0,0.0
160,4,0.0,0.0,0.0,0.0,0.0
161,0,0.0,-9.180519480378004e-10,0.0,0.0,-8.339537299134308
161,1,0.0,0.0,-0.0009791315722735925,0.0,0.0
161,2,0.0,0.0,0.0,0.0,-0.54597854812302
161,3,0.0,0.0,0.0,0.0,0.0
161,4,0.0,0.0,0.0,0.0,0.0
162,0,0.0,-9.180519480378004e-10,0.0,0.0,-8.383147790483914
162,1,0.0,0.0,-0.0009791315722735925,0.0,0.0
162,2,0.0,0.0,0.0,0.0,-0.54597854812302
162,3,0.0,0.0,0.0,0.0,0.0
162,4,0.0,0.0,0.0,0.0,0.0
163,0,0.0,-9.180519480378004e-10,0.0,0.0,-8.430085717497672
163,1,0.0,0.0,-0.0009791315722735925,0.0,0.0
163,2,0.0,0.0,0.0,0.0,-0.54597854812302
163,3,0.0,0.0,0.0,0.0,0.0
163,4,0.0,0.0,0.0,0.0,0.0
164,0,0.0,-9.180519480378004e-10,0.0,0.0,-8.47453546904867
164,1,0.0,0.0,-0.0009791315722735925,0.0,0.0
164,2,0.0,0.0,0.0,0.0,-0.54597854812302
164,3,0.0,0.0,0.0,0.0,0.0
164,4,0.0,0.0,0.0,0.0,0.0
165,0,0.0,-9.180519480378004e-10,0.0,0.0,-8.515620189358376
165,1,0.0,0.0,-0.0009791315722735925,0.0,0.0
165,2,0.0,0.0,0.0,0.0,-0.54597854812302
165,3,0.0,0.0,0.0,0.0,0.0
165,4,0.0,0.0,0.0,0.0,0.0
166,0,0.0,-9.180519480378004e-10,0.0,0.0,-8.562379947732078
166,1,0.0,0.0,-0.0009791315722735925,0.0,0.0
166,2,0.0,0.0,0.0,0.0,-0.54597854812302
166,3,0.0,0.0,0.0,0.0,0.0
166,4,0.0,0.0,0.0,0.0,0.0
167,0,0.0,-9.180519480378004e-10,0.0,0.0,-8.602053392241048
167,1,0.0,0.0,-0.0009791315722735925,0.0,0.0
167,2,0.0,0.0,0.0,0.0,-0.54597854812302
167,3,0.0,0.0,0.0,0.0,0.0
167,4,0.0,0.0,0.0,0.0,0.0
168,0,0.0,-9.180519480378004e-10,0.0,0.0,-8.641107775628337
168,1,0.0,0.0,-0.0009791315722735925,0.0,0.0
168,2,0.0,0.0,0.0,0.0,-0.54597854812302
168,3,0.0,0.0,0.0,0.0,0.0
168,4,0.0,0.0,0.0,0.0,0.0
169,0,0.0,-9.180519480378004e-10,0.0,0.0,-8.685731709062724
169,1,0.0,0.0,-0.0009791315722735925,0.0,0.0
169,2,0.0,0.0,0.0,0.0,-0.54597854812302
169,3,0.0,0.0,0.0,0.0,0.0
169,4,0.0,0.0,0.0,0.0,0.0
170,0,0.0,-9.180519480378004e-10,0.0,0.0,-8.72422786076261
170,1,0.0,0.0,-0.0009791315722735925,0.0,0.0
170,2,0.0,0.0,0.0,0.0,-0.54597854812302
170,3,0.0,0.0,0.0,0.0,0.0
170,4,0.0,0.0,0.0,0.0,0.0
171,0,0.0,-9.180519480378004e-10,0.0,0.0,-8.763761969324051
171,1,0.0,0.0,-0.0009791315722735925,0.0,0.0
171,2,0.0,0.0,0.0,0.0,-0.54597854812302
171,3,0.0,0.0,0.0,0.0,0.0
171,4,0.0,0.0,0.0,0.0,0.0
172,0,0.0,-9.180519480378004e-10,0.0,0.0,-8.802723348465443
172,1,0.0,0.0,-0.0009791315722735925,0.0,0.0
172,2,0.0,0.0,0.0,0.0,-0.54597854812302
172,3,0.0,0.0,0.0,0.0,0.0
172,4,0.0,0.0,0.0,0.0,0.0
173,0,0.0,-9.180519480378004e-10,0.0,0.0,-8.840353577162892
173,1,0.0,0.0,-0.0009791315722735925,0.0,0.0
173,2,0.0,0.0,0.0,0.0,-0.54597854812302
173,3,0.0,0.0,0.0,0.0,0.0
173,4,0.0,0.0,0.0,0.0,0.0
174,0,0.0,-9.180519480378004e-10,0.0,0.0,-8.879113949908675
174,1,0.0,0.0,-0.0009791315722735925,0.0,0.0
174,2,0.0,0.0,0.0,0.0,-0.54597854812302
174,3,0.0,0.0,0.0,0.0,0.0
174,4,0.0,0.0,0.0,0.0,0.0
175,0,0.0,-9.180519480378004e-10,0.0,0.0,-8.924554607963223
175,1,0.0,0.0,-0.0009791315722735925,0.0,0.0
175,2,0.0,0.0,0.0,0.0,-0.54597854812302
175,3,0.0,0.0,0.0,0.0,0.0
175,4,0.0,0.0,0.0,0.0,0.0
176,0,0.0,-9.180519480378004e-10,0.0,0.0,-8.976266579541079
176,1,0.0,0.0,-0.0009791315722735925,0.0,0.0
176,2,0.0,0.0,0.0,0.0,-0.54597854812302
176,3,0.0,0.0,0.0,0.0,0.0
176,4,0.0,0.0,0.0,0.0,0.0
177,0,0.0,-9.180519480378004e-10,0.0,0.0,-9.015952570090604
177,1,0.0,0.0,-0.0009791315722735925,0.0,0.0
177,2,0.0,0.0,0.0,0.0,-0.54597854812302
177,3,0.0,0.0,0.0,0.0,0.0
177,4,0.0,0.0,0.0,0.0,0.0
178,0,0.0,-9.180519480378004e-10,0.0,0.0,-9.053505475032587
178,1,0.0,0.0,-0.0009791315722735925,0.0,0.0
178,2,0.0,0.0,0.0,0.0,-0.54597854812302
178,3,0.0,0.0,0.0,0.0,0.0
178,4,0.0,0.0,0.0,0.0,0.0
179,0,0.0,-9.180519480378004e-10,0.0,0.0,-9.092687895294345
179,1,0.0,0.0,-0.0009791315722735925,0.0,0.0
179,2,0.0,0.0,0.0,0.0,-0.54597854812302
179,3,0.0,0.0,0.0,0.0,0.0
179,4,0.0,0.0,0.0,0.0,0.0
180,0,0.0,-9.180519480378004e-10,0.0,0.0,-9.129469301184267
180,1,0.0,0.0,-0.0009791315722735925,0.0,0.0
180,2,0.0,0.0,0.0,0.0,-0.54597854812302
180,3,0.0,0.0,0.0,0.0,0.0
180,4,0.0,0.0,0.0,0.0,0.0
181,0,0.0,-9.180519480378004e-10,0.0,0.0,-9.166936743161271
181,1,0.0,0.0,-0.0009791315722735925,0.0,0.0
181,2,0.0,0.0,0.0,0.0,-0.54597854812302
181,3,0.0,0.0,0.0,0.0,0.0
181,4,0.0,0.0,0.0,0.0,0.0
182,0,0.0,-9.180519480378004e-10,0.0,0.0,-9.207627140595562
182,1,0.0,0.0,-0.0009791315722735925,0.0,0.0
182,2,0.0,0.0,0.0,0.0,-0.54597854812302
182,3,0.0,0.0,0.0,0.0,0.0
182,4,0.0,0.0,0.0,0.0,0.0
183,0,0.0,-9.180519480378004e-10,0.0,0.0,-9.261275761519698
183,1,0.0,0.0,-0.0009791315722735925,0.0,0.0
183,2,0.0,0.0,0.0,0.0,-0.54597854812302
183,3,0.0,0.0,0.0,0.0,0.0
183,4,0.0,0.0,0.0,0.0,0.0
184,0,0.0,-9.180519480378004e-10,0.0,0.0,-9.299124493518512
184,1,0.0,0.0,-0.0009791315722735925,0.0,0.0
184,2,0.0,0.0,0.0,0.0,-0.54597854812302
184,3,0.0,0.0,0.0,0.0,0.0
184,4,0.0,0.0,0.0,0.0,0.0
185,0,0.0,-9.180519480378004e-10,0.0,0.0,-9.341718691194378
185,1,0.0,0.0,-0.0009791315722735925,0.0,0.0
185,2,0.0,0.0,0.0,0.0,-0.54597854812302
185,3,0.0,0.0,0.0,0.0,0.0
185,4,0.0,0.0,0.0,0.0,0.0
186,0,0.0,-9.180519480378004e-10,0.0,0.0,-9.376528196716961
186,1,0.0,0.0,-0.0009791315722735925,0.0,0.0
186,2,0.0,0.0,0.0,0.0,-0.54597854812302
186,3,0.0,0.0,0.0,0.0,0.0
186,4,0.0,0.0,0.0,0.0,0.0
187,0,0.0,-9.180519480378004e-10,0.0,0.0,-9.407305114814495
187,1,0.0,0.0,-0.0009791315722735925,0.0,0.0
187,2,0.0,0.0,0.0,0.0,-0.54597854812302
187,3,0.0,0.0,0.0,0.0,0.0
187,4,0.0,0.0,0.0,0.0,0.0
188,0,0.0,-9.180519480378004e-10,0.0,0.0,-9.449104292014114
188,1,0.0,0.0,-0.0009791315722735925,0.0,0.0
188,2,0.0,0.0,0.0,0.0,-0.54597854812302
188,3,0.0,0.0,0.0,0.0,0.0
188,4,0.0,0.0,0.0,0.0,0.0
189,0,0.0,-9.180519480378004e-10,0.0,0.0,-9.484421257401374
189,1,0.0,0.0,-0.0009791315722735925,0.0,0.0
189,2,0.0,0.0,0.0,0.0,-0.54597854812302
189,3,0.0,0.0,0.0,0.0,0.0
189,4,0.0,0.0,0.0,0.0,0.0
190,0,0.0,-9.180519480378004e-10,0.0,0.0,-9.528388259422483
190,1,0.0,0.0,-0.0009791315722735925,0.0,0.0
190,2,0.0,0.0,0.0,0.0,-0.54597854812302
190,3,0.0,0.0,0.0,0.0,0.0
190,4,0.0,0.0,0.0,0.0,0.0
191,0,0.0,-9.180519480378004e-10,0.0,0.0,-9.565505890323555
191,1,0.0,0.0,-0.0009791315722735925,0.0,0.0
191,2,0.0,0.0,0.0,0.0,-0.54597854812302
191,3,0.0,0.0,0.0,0.0,0.0
191,4,0.0,0.0,0.0,0.0,0.0
192,0,0.0,-9.180519480378004e-10,0.0,0.0,-9.61330458307383
192,1,0.0,0.0,-0.0009791315722735925,0.0,0.0
192,2,0.0,0.0,0.0,0.0,-0.54597854812302
192,3,0.0,0.0,0.0,0.0,0.0
192,4,0.0,0.0,0.0,0.0,0.0
193,0,0.0,-9.180519480378004e-10,0.0,0.0,-9.64798472420494
193,1,0.0,0.0,-0.0009791315722735925,0.0,0.0
193,2,0.0,0.0,0.0,0.0,-0.54597854812302
193,3,0.0,0.0,0.0,0.0,0.0
193,4,0.0,0.0,0.0,0.0,0.0
194,0,0.0,-9.180519480378004e-10,0.0,0.0,-9.692492477864077
194,1,0.0,0.0,-0.0009791315722735925,0.0,0.0
194,2,0.0,0.0,0.0,0.0,-0.54597854812302
194,3,0.0,0.0,0.0,0.0,0.0
194,4,0.0,0.0,0.0,0.0,0.0
195,0,0.0,-9.180519480378004e-10,0.0,0.0,-9.730845990257514
195,1,0.0,0.0,-0.0009791315722735925,0.0,0.0
195,2,0.0,0.0,0.0,0.0,-0.54597854812302
195,3,0.0,0.0,0.0,0.0,0.0
195,4,0.0,0.0,0.0,0.0,0.0
196,0,0.0,-9.180519480378004e-10,0.0,0.0,-9.76674858059242
196,1,0.0,0.0,-0.0009791315722735925,0.0,0.0
196,2,0.0,0.0,0.0,0.0,-0.54597854812302
196,3,0.0,0.0,0.0,0.0,0.0
196,4,0.0,0.0,0.0,0.0,0.0
197,0,0.0,-9.180519480378004e-10,0.0,0.0,-9.80796412139092
197,1,0.0,0.0,-0.0009791315722735925,0.0,0.0
197,2,0.0,0.0,0.0,0.0,-0.54597854812302
197,3,0.0,0.0,0.0,0.0,0.0
197,4,0.0,0.0,0.0,0.0,0.0
198,0,0.0,-9.180519480378004e-10,0.0,0.0,-9.847477288539793
198,1,0.0,0.0,-0.0009791315722735925,0.0,0.0
198,2,0.0,0.0,0.0,0.0,-0.54597854812302
198,3,0.0,0.0,0.0,0.0,0.0
198,4,0.0,0.0,0.0,0.0,0.0
199,0,0.0,-9.180519480378004e-10,0.0,0.0,-9.882663306369713
199,1,0.0,0.0,-0.0009791315722735925,0.0,0.0
199,2,0.0,0.0,0.0,0.0,-0.54597854812302
199,3,0.0,0.0,0.0,0.0,0.0
199,4,0.0,0.0,0.0,0.0,0.0
200,0,0.0,-9.180519480378004e-10,0.0,0.0,-9.919370970579894
200,1,0.0,0.0,-0.0009791315722735925,0.0,0.0
200,2,0.0,0.0,0.0,0.0,-0.54597854812302
200,3,0.0,0.0,0.0,0.0,0.0
200,4,0.0,0.0,0.0,0.0,0.0
201,0,0.0,-9.180519480378004e-10,0.0,0.0,-9.955400400247802
201,1,0.0,0.0,-0.0009791315722735925,0.0,0.0
201,2,0.0,0.0,0.0,0.0,-0.54597854812302
201,3,0.0,0.0,0.0,0.0,0.0
201,4,0.0,0.0,0.0,0.0,0.0
202,0,0.0,-9.180519480378004e-10,0.0,0.0,-9.990023074318483
202,1,0.0,0.0,-0.0009791315722735925,0.0,0.0
202,2,0.0,0.0,0.0,0.0,-0.54597854812302
202,3,0.0,0.0,0.0,0.0,0.0
202,4,0.0,0.0,0.0,0.0,0.0
203,0,0.0,-9.180519480378004e-10,0.0,0.0,-10.025875637283464
203,1,0.0,0.0,-0.0009791315722735925,0.0,0.0
203,2,0.0,0.0,0.0,0.0,-0.54597854812302
203,3,0.0,0.0,0.0,0.0,0.0
203,4,0.0,0.0,0.0,0.0,0.0
204,0,0.0,-9.180519480378004e-10,0.0,0.0,-10.05413242441555
204,1,0.0,0.0,-0.0009791315722735925,0.0,0.0
204,2,0.0,0.0,0.0,0.0,-0.54597854812302
204,3,0.0,0.0,0.0,0.0,0.0
204,4,0.0,0.0,0.0,0.0,0.0
205,0,0.0,-2.515029099191837e-09,0.0,0.0,-10.05413242441555
205,1,0.0,0.0,-0.0014725569966304842,0.0,0.0
205,2,0.0,0.0,0.0,0.0,-0.6265101052029193
205,3,0.0,0.0,0.0,0.0,0.0
205,4,0.0,0.0,0.0,0.0,0.0
206,0,0.0,-2.515029099191837e-09,0.0,0.0,-10.090639912604097
206,1,0.0,0.0,-0.0014725569966304842,0.0,0.0
206,2,0.0,0.0,0.0,0.0,-0.6265101052029193
206,3,0.0,0.0,0.0,0.0,0.0
206,4,0.0,0.0,0.0,0.0,0.0
207,0,0.0,-2.515029099191837e-09,0.0,0.0,-10.12242289489569
207,1,0.0,0.0,-0.0014725569966304842,0.0,0.0
207,2,0.0,0.0,0.0,0.0,-0.6265101052029193
207,3,0.0,0.0,0.0,0.0,0.0
207,4,0.0,0.0,0.0,0.0,0.0
208,0,0.0,-2.515029099191837e-09,0.0,0.0,-10.151453161089375
208,1,0.0,0.0,-0.0014725569966304842,0.0,0.0
208,2,0.0,0.0,0.0,0.0,-0.6265101052029193
208,3,0.0,0.0,0.0,0.0,0.0
208,4,0.0,0.0,0.0,0.0,0.0
209,0,0.0,-2.515029099191837e-09,0.0,0.0,-10.193933147490748
209,1,0.0,0.0,-0.0014725569966304842,0.0,0.0
209,2,0.0,0.0,0.0,0.0,-0.6265101052029193
209,3,0.0,0.0,0.0,0.0,0.0
209,4,0.0,0.0,0.0,0.0,0.0
210,0,0.0,-2.515029099191837e-09,0.0,0.0,-10.225704191267917
210,1,0.0,0.0,-0.0014725569966304842,0.0,0.0
210,2,0.0,0.0,0.0,0.0,-0.6265101052029193
210,3,0.0,0.0,0.0,0.0,0.0
210,4,0.0,0.0,0.0,0.0,0.0
211,0,0.0,-2.515029099191837e-09,0.0,0.0,-10.25638213171852
211,1,0.0,0.0,-0.0014725569966304842,0.0,0.0
211,2,0.0,0.0,0.0,0.0,-0.6265101052029193
211,3,0.0,0.0,0.0,0.0,0.0
211,4,0.0,0.0,0.0,0.0,0.0
212,0,0.0,-2.515029099191837e-09,0.0,0.0,-10.28758961054478
212,1,0.0,0.0,-0.0014725569966304842,0.0,0.0
212,2,0.0,0.0,0.0,0.0,-0.6265101052029193
212,3,0.0,0.0,0.0,0.0,0.0
212,4,0.0,0.0,0.0,0.0,0.0
213,0,0.0,-2.515029099191837e-09,0.0,0.0,-10.322095501121836
213,1,0.0,0.0,-0.0014725569966304842,0.0,0.0
213,2,0.0,0.0,0.0,0.0,-0.6265101052029193
213,3,0.0,0.0,0.0,0.0,0.0
213,4,0.0,0.0,0.0,0.0,0.0
214,0,0.0,-2.515029099191837e-09,0.0,0.0,-10.359388381295526
214,1,0.0,0.0,-0.0014725569966304842,0.0,0.0
214,2,0.0,0.0,0.0,0.0,-0.6265101052029193
214,3,0.0,0.0,0.0,0.0,0.0
214,4,0.0,0.0,0.0,0.0,0.0
215,0,0.0,-2.515029099191837e-09,0.0,0.0,-10.397193552019388
215,1,0.0,0.0,-0.0014725569966304842,0.0,0.0
215,2,0.0,0.0,0.0,0.0,-0.6265101052029193
215,3,0.0,0.0,0.0,0.0,0.0
215,4,0.0,0.0,0.0,0.0,0.0
216,0,0.0,-2.515029099191837e-09,0.0,0.0,-10.425980344764996
216,1,0.0,0.0,-0.0014725569966304842,0.0,0.0
216,2,0.0,0.0,0.0,0.0,-0.6265101052029193
216,3,0.0,0.0,0.0,0.0,0.0
216,4,0.0,0.0,0.0,0.0,0.0
217,0,0.0,-2.515029099191837e-09,0.0,0.0,-10.462968356931952
217,1,0.0,0.0,-0.0014725569966304842,0.0,0.0
217,2,0.0,0.0,0.0,0.0,-0.6265101052029193
217,3,0.0,0.0,0.0,0.0,0.0
217,4,0.0,0.0,0.0,0.0,0.0
218,0,0.0,-2.515029099191837e-09,0.0,0.0,-10.509363768670628
218,1,0.0,0.0,-0.0014725569966304842,0.0,0.0
218,2,0.0,0.0,0.0,0.0,-0.6265101052029193
218,3,0.0,0.0,0.0,0.0,0.0
218,4,0.0,0.0,0.0,0.0,0.0
219,0,0.0,-2.515029099191837e-09,0.0,0.0,-10.546282010458842
219,1,0.0,0.0,-0.0014725569966304842,0.0,0.0
219,2,0.0,0.0,0.0,0.0,-0.6265101052029193
219,3,0.0,0.0,0.0,0.0,0.0
219,4,0.0,0.0,0.0,0.0,0.0
220,0,0.0,-2.515029099191837e-09,0.0,0.0,-10.586021566828517
220,1,0.0,0.0,-0.0014725569966304842,0.0,0.0
220,2,0.0,0.0,0.0,0.0,-0.6265101052029193
220,3,0.0,0.0,0.0,0.0,0.0
220,4,0.0,0.0,0.0,0.0,0.0
221,0,0.0,-2.515029099191837e-09,0.0,0.0,-10.627542658914306
221,1,0.0,0.0,-0.0014725569966304842,0.0,0.0
221,2,0.0,0.0,0.0,0.0,-0.6265101052029193
221,3,0.0,0.0,0.0,0.0,0.0
221,4,0.0,0.0,0.0,0.0,0.0
222,0,0.0,-2.515029099191837e-09,0.0,0.0,-10.669334783174701
222,1,0.0,0.0,-0.0014725569966304842,0.0,0.0
222,2,0.0,0.0,0.0,0.0,-0.6265101052029193
222,3,0.0,0.0,0.0,0.0,0.0
222,4,0.0,0.0,0.0,0.0,0.0
223,0,0.0,-2.515029099191837e-09,0.0,0.0,-10.695040453146975
223,1,0.0,0.0,-0.0014725569966304842,0.0,0.0
223,2,0.0,0.0,0.0,0.0,-0.6265101052029193
223,3,0.0,0.0,0.0,0.0,0.0
223,4,0.0,0.0,0.0,0.0,0.0
224,0,0.0,-2.515029099191837e-09,0.0,0.0,-10.73886041501361
224,1,0.0,0.0,-0.0014725569966304842,0.0,0.0
224,2,0.0,0.0,0.0,0.0,-0.6265101052029193
224,3,0.0,0.0,0.0,0.0,0.0
224,4,0.0,0.0,0.0,0.0,0.0
225,0,0.0,-2.515029099191837e-09,0.0,0.0,-10.771145305272292
225,1,0.0,0.0,-0.0014725569966304842,0.0,0.0
225,2,0.0,0.0,0.0,0.0,-0.6265101052029193
225,3,0.0,0.0,0.0,0.0,0.0
225,4,0.0,0.0,0.0,0.0,0.0
226,0,0.0,-2.515029099191837e-09,0.0,0.0,-10.799434318051022
226,1,0.0,0.0,-0.0014725569966304842,0.0,0.0
226,2,0.0,0.0,0.0,0.0,-0.6265101052029193
226,3,0.0,0.0,0.0,0.0,0.0
226,4,0.0,0.0,0.0,0.0,0.0
227,0,0.0,-2.515029099191837e-09,0.0,0.0,-10.8416812780899
227,1,0.0,0.0,-0.0014725569966304842,0.0,0.0
227,2,0.0,0.0,0.0,0.0,-0.6265101052029193
227,3,0.0,0.0,0.0,0.0,0.0
227,4,0.0,0.0,0.0,0.0,0.0
228,0,0.0,-2.515029099191837e-09,0.0,0.0,-10.875403039455522
228,1,0.0,0.0,-0.0014725569966304842,0.0,0.0
228,2,0.0,0.0,0.0,0.0,-0.6265101052029193
228,3,0.0,0.0,0.0,0.0,0.0
228,4,0.0,0.0,0.0,0.0,0.0
229,0,0.0,-2.515029099191837e-09,0.0,0.0,-10.909294967014173
229,1,0.0,0.0,-0.0014725569966304842,0.0,0.0
229,2,0.0,0.0,0.0,0.0,-0.6265101052029193
229,3,0.0,0.0,0.0,0.0,0.0
229,4,0.0,0.0,0.0,0.0,0.0
230,0,0.0,-6.1265795728848285e-09,0.0,0.0,-10.909294967014173
230,1,0.0,0.0,-0.0021167242870970627,0.0,0.0
230,2,0.0,0.0,0.0,0.0,-0.6811822951057953
230,3,0.0,0.0,0.0,0.0,0.0
230,4,0.0,0.0,0.0,0.0,0.0
231,0,0.0,-6.1265795728848285e-09,0.0,0.0,-10.947809197752315
231,1,0.0,0.0,-0.0021167242870970627,0.0,0.0
231,2,0.0,0.0,0.0,0.0,-0.6811822951057953
231,3,0.0,0.0,0.0,0.0,0.0
231,4,0.0,0.0,0.0,0.0,0.0
232,0,0.0,-6.1265795728848285e-09,0.0,0.0,-10.986463739486299
232,1,0.0,0.0,-0.0021167242870970627,0.0,0.0
232,2,0.0,0.0,0.0,0.0,-0.6811822951057953
232,3,0.0,0.0,0.0,0.0,0.0
232,4,0.0,0.0,0.0,0.0,0.0
233,0,0.0,-6.1265795728848285e-09,0.0,0.0,-11.01826230261004
233,1,0.0,0.0,-0.0021167242870970627,0.0,0.0
233,2,0.0,0.0,0.0,0.0,-0.6811822951057953
233,3,0.0,0.0,0.0,0.0,0.0
233,4,0.0,0.0,0.0,0.0,0.0
234,0,0.0,-6.1265795728848285e-09,0.0,0.0,-11.055580878187113
234,1,0.0,0.0,-0.0021167242870970627,0.0,0.0
234,2,0.0,0.0,0.0,0.0,-0.6811822951057953
234,3,0.0,0.0,0.0,0.0,0.0
234,4,0.0,0.0,0.0,0.0,0.0
235,0,0.0,-6.1265795728848285e-09,0.0,0.0,-11.08660461825285
235,1,0.0,0.0,-0.0021167242870970627,0.0,0.0
235,2,0.0,0.0,0.0,0.0,-0.6811822951057953
235,3,0.0,0.0,0.0,0.0,0.0
235,4,0.0,0.0,0.0,0.0,0.0
236,0,0.0,-6.1265795728848285e-09,0.0,0.0,-11.12161832559241
236,1,0.0,0.0,-0.0021167242870970627,0.0,0.0
236,2,0.0,0.0,0.0,0.0,-0.6811822951057953
236,3,0.0,0.0,0.0,0.0,0.0
236,4,0.0,0.0,0.0,0.0,0.0
237,0,0.0,-6.1265795728848285e-09,0.0,0.0,-11.154528324672933
237,1,0.0,0.0,-0.0021167242870970627,0.0,0.0
237,2,0.0,0.0,0.0,0.0,-0.6811822951057953
237,3,0.0,0.0,0.0,0.0,0.0
237,4,0.0,0.0,0.0,0.0,0.0
238,0,0.0,-6.1265795728848285e-09,0.0,0.0,-11.184511658189086
238,1,0.0,0.0,-0.0021167242870970627,0.0,0.0
238,2,0.0,0.0,0.0,0.0,-0.6811822951057953
238,3,0.0,0.0,0.0,0.0,0.0
238,4,0.0,0.0,0.0,0.0,0.0
239,0,0.0,-6.1265795728848285e-09,0.0,0.0,-11.21816223118958
239,1,0.0,0.0,-0.0021167242870970627,0.0,0.0
239,2,0.0,0.0,0.0,0.0,-0.6811822951057953
239,3,0.0,0.0,0.0,0.0,0.0
239,4,0.0,0.0,0.0,0.0,0.0
240,0,0.0,-6.1265795728848285e-09,0.0,0.0,-11.252483090317323
240,1,0.0,0.0,-0.0021167242870970627,0.0,0.0
240,2,0.0,0.0,0.0,0.0,-0.6811822951057953
240,3,0.0,0.0,0.0,0.0,0.0
240,4,0.0,0.0,0.0,0.0,0.0
241,0,0.0,-6.1265795728848285e-09,0.0,0.0,-11.288573147764389
241,1,0.0,0.0,-0.0021167242870970627,0.0,0.0
241,2,0.0,0.0,0.0,0.0,-0.6811822951057953
241,3,0.0,0.0,0.0,0.0,0.0
241,4,0.0,0.0,0.0,0.0,0.0
242,0,0.0,-6.1265795728848285e-09,0.0,0.0,-11.322027169327967
242,1,0.0,0.0,-0.0021167242870970627,0.0,0.0
242,2,0.0,0.0,0.0,0.0,-0.6811822951057953
242,3,0.0,0.0,0.0,0.0,0.0
242,4,0.0,0.0,0.0,0.0,0.0
243,0,0.0,-6.1265795728848285e-09,0.0,0.0,-11.3508563102888
243,1,0.0,0.0,-0.0021167242870970627,0.0,0.0
243,2,0.0,0.0,0.0,0.0,-0.6811822951057953
243,3,0.0,0.0,0.0,0.0,0.0
243,4,0.0,0.0,0.0,0.0,0.0
244,0,0.0,-6.1265795728848285e-09,0.0,0.0,-11.379564284147024
244,1,0.0,0.0,-0.0021167242870970627,0.0,0.0
244,2,0.0,0.0,0.0,0.0,-0.6811822951057953
244,3,0.0,0.0,0.0,0.0,0.0
244,4,0.0,0.0,0.0,0.0,0.0
245,0,0.0,-6.1265795728848285e-09,0.0,0.0,-11.402954179271248
245,1,0.0,0.0,-0.0021167242870970627,0.0,0.0
245,2,0.0,0.0,0.0,0.0,-0.6811822951057953
245,3,0.0,0.0,0.0,0.0,0.0
245,4,0.0,0.0,0.0,0.0,0.0
246,0,0.0,-6.1265795728848285e-09,0.0,0.0,-11.431848530848136
246,1,0.0,0.0,-0.0021167242870970627,0.0,0.0
246,2,0.0,0.0,0.0,0.0,-0.6811822951057953
246,3,0.0,0.0,0.0,0.0,0.0
246,4,0.0,0.0,0.0,0.0,0.0
247,0,0.0,-6.1265795728848285e-09,0.0,0.0,-11.47132675169488
247,1,0.0,0.0,-0.0021167242870970627,0.0,0.0
247,2,0.0,0.0,0.0,0.0,-0.6811822951057953
247,3,0.0,0.0,0.0,0.0,0.0
247,4,0.0,0.0,0.0,0.0,0.0
248,0,0.0,-6.1265795728848285e-09,0.0,0.0,-11.496884596180358
248,1,0.0,0.0,-0.0021167242870970627,0.0,0.0
248,2,0.0,0.0,0.0,0.0,-0.6811822951057953
248,3,0.0,0.0,0.0,0.0,0.0
248,4,0.0,0.0,0.0,0.0,0.0
249,0,0.0,-6.1265795728848285e-09,0.0,0.0,-11.524339827350477
249,1,0.0,0.0,-0.0021167242870970627,0.0,0.0
249,2,0.0,0.0,0.0,0.0,-0.6811822951057953
249,3,0.0,0.0,0.0,0.0,0.0
249,4,0.0,0.0,0.0,0.0,0.0
250,0,0.0,-6.1265795728848285e-09,0.0,0.0,-11.553352050604007
250,1,0.0,0.0,-0.0021167242870970627,0.0,0.0
250,2,0.0,0.0,0.0,0.0,-0.6811822951057953
250,3,0.0,0.0,0.0,0.0,0.0
250,4,0.0,0.0,0.0,0.0,0.0
251,0,0.0,-6.1265795728848285e-09,0.0,0.0,-11.577699653712315
251,1,0.0,0.0,-0.0021167242870970627,0.0,0.0
251,2,0.0,0.0,0.0,0.0,-0.6811822951057953
251,3,0.0,0.0,0.0,0.0,0.0
251,4,0.0,0.0,0.0,0.0,0.0
252,0,0.0,-6.1265795728848285e-09,0.0,0.0,-11.60989750735399
252,1,0.0,0.0,-0.0021167242870970627,0.0,0.0
252,2,0.0,0.0,0.0,0.0,-0.6811822951057953
252,3,0.0,0.0,0.0,0.0,0.0
252,4,0.0,0.0,0.0,0.0,0.0
253,0,0.0,-6.1265795728848285e-09,0.0,0.0,-11.64855605131534
253,1,0.0,0.0,-0.0021167242870970627,0.0,0.0
253,2,0.0,0.0,0.0,0.0,-0.6811822951057953
253,3,0.0,0.0,0.0,0.0,0.0
253,4,0.0,0.0,0.0,0.0,0.0
254,0,0.0,-6.1265795728848285e-09,0.0,0.0,-11.682773620788089
254,1,0.0,0.0,-0.0021167242870970627,0.0,0.0
254,2,0.0,0.0,0.0,0.0,-0.6811822951057953
254,3,0.0,0.0,0.0,0.0,0.0
254,4,0.0,0.0,0.0,0.0,0.0
255,0,0.0,-6.1265795728848285e-09,0.0,0.0,-11.71147520132044
255,1,0.0,0.0,-0.0021167242870970627,0.0,0.0
255,2,0.0,0.0,0.0,0.0,-0.6811822951057953
255,3,0.0,0.0,0.0,0.0,0.0
255,4,0.0,0.0,0.0,0.0,0.0
256,0,0.0,-6.1265795728848285e-09,0.0,0.0,-11.746558778120448
256,1,0.0,0.0,-0.0021167242870970627,0.0,0.0
256,2,0.0,0.0,0.0,0.0,-0.6811822951057953
256,3,0.0,0.0,0.0,0.0,0.0
256,4,0.0,0.0,0.0,0.0,0.0
257,0,0.0,-6.1265795728848285e-09,0.0,0.0,-11.782592531719457
257,1,0.0,0.0,-0.0021167242870970627,0.0,0.0
257,2,0.0,0.0,0.0,0.0,-0.6811822951057953
257,3,0.0,0.0,0.0,0.0,0.0
257,4,0.0,0.0,0.0,0.0,0.0
258,0,0.0,-6.1265795728848285e-09,0.0,0.0,-11.808190878945178
258,1,0.0,0.0,-0.0021167242870970627,0.0,0.0
258,2,0.0,0.0,0.0,0.0,-0.6811822951057953
258,3,0.0,0.0,0.0,0.0,0.0
258,4,0.0,0.0,0.0,0.0,0.0
259,0,0.0,-6.1265795728848285e-09,0.0,0.0,-11.851628814151917
259,1,0.0,0.0,-0.0021167242870970627,0.0,0.0
259,2,0.0,0.0,0.0,0.0,-0.6811822951057953
259,3,0.0,0.0,0.0,0.0,0.0
259,4,0.0,0.0,0.0,0.0,0.0
260,0,0.0,-6.1265795728848285e-09,0.0,0.0,-11.893875662097441
260,1,0.0,0.0,-0.0021167242870970627,0.0,0.0
260,2,0.0,0.0,0.0,0.0,-0.6811822951057953
260,3,0.0,0.0,0.0,0.0,0.0
260,4,0.0,0.0,0.0,0.0,0.0
261,0,0.0,-6.1265795728848285e-09,0.0,0.0,-11.927112080929797
261,1,0.0,0.0,-0.0021167242870970627,0.0,0.0
261,2,0.0,0.0,0.0,0.0,-0.6811822951057953
261,3,0.0,0.0,0.0,0.0,0.0
261,4,0.0,0.0,0.0,0.0,0.0
262,0,0.0,-6.1265795728848285e-09,0.0,0.0,-11.956451082117027
262,1,0.0,0.0,-0.0021167242870970627,0.0,0.0
262,2,0.0,0.0,0.0,0.0,-0.6811822951057953
262,3,0.0,0.0,0.0,0.0,0.0
262,4,0.0,0.0,0.0,0.0,0.0
263,0,0.0,-6.1265795728848285e-09,0.0,0.0,-11.986384249148427
263,1,0.0,0.0,-0.0021167242870970627,0.0,0.0
263,2,0.0,0.0,0.0,0.0,-0.6811822951057953
263,3,0.0,0.0,0.0,0.0,0.0
263,4,0.0,0.0,0.0,0.0,0.0
264,0,0.0,-6.1265795728848285e-09,0.0,0.0,-12.024840752733665
264,1,0.0,0.0,-0.0021167242870970627,0.0,0.0
264,2,0.0,0.0,0.0,0.0,-0.6811822951057953
264,3,0.0,0.0,0.0,0.0,0.0
264,4,0.0,0.0,0.0,0.0,0.0
265,0,0.0,-6.1265795728848285e-09,0.0,0.0,-12.057843539927218
265,1,0.0,0.0,-0.0021167242870970627,0.0,0.0
265,2,0.0,0.0,0.0,0.0,-0.6811822951057953
265,3,0.0,0.0,0.0,0.0,0.0
265,4,0.0,0.0,0.0,0.0,0.0
266,0,0.0,-6.1265795728848285e-09,0.0,0.0,-12.089951846716874
266,1,0.0,0.0,-0.0021167242870970627,0.0,0.0
266,2,0.0,0.0,0.0,0.0,-0.6811822951057953
266,3,0.0,0.0,0.0,0.0,0.0
266,4,0.0,0.0,0.0,0.0,0.0
267,0,0.0,-6.1265795728848285e-09,0.0,0.0,-12.12851729136981
267,1,0.0,0.0,-0.0021167242870970627,0.0,0.0
267,2,0.0,0.0,0.0,0.0,-0.6811822951057953
267,3,0.0,0.0,0.0,0.0,0.0
267,4,0.0,0.0,0.0,0.0,0.0
268,0,0.0,-6.1265795728848285e-09,0.0,0.0,-12.163087817413098
268,1,0.0,0.0,-0.0021167242870970627,0.0,0.0
268,2,0.0,0.0,0.0,0.0,-0.6811822951057953
268,3,0.0,0.0,0.0,0.0,0.0
268,4,0.0,0.0,0.0,0.0,0.0
269,0,0.0,-6.1265795728848285e-09,0.0,0.0,-12.19274815319522
269,1,0.0,0.0,-0.0021167242870970627,0.0,0.0
269,2,0.0,0.0,0.0,0.0,-0.6811822951057953
269,3,0.0,0.0,0.0,0.0,0.0
269,4,0.0,0.0,0.0,0.0,0.0
270,0,0.0,-6.1265795728848285e-09,0.0,0.0,-12.233807765749004
270,1,0.0,0.0,-0.0021167242870970627,0.0,0.0
270,2,0.0,0.0,0.0,0.0,-0.6811822951057953
270,3,0.0,0.0,0.0,0.0,0.0
270,4,0.0,0.0,0.0,0.0,0.0
271,0,0.0,-6.1265795728848285e-09,0.0,0.0,-12.269911215881985
271,1,0.0,0.0,-0.0021167242870970627,0.0,0.0
271,2,0.0,0.0,0.0,0.0,-0.6811822951057953
271,3,0.0,0.0,0.0,0.0,0.0
271,4,0.0,0.0,0.0,0.0,0.0
272,0,0.0,-6.1265795728848285e-09,0.0,0.0,-12.299904710895884
272,1,0.0,0.0,-0.0021167242870970627,0.0,0.0
272,2,0.0,0.0,0.0,0.0,-0.6811822951057953
272,3,0.0,0.0,0.0,0.0,0.0
272,4,0.0,0.0,0.0,0.0,0.0
273,0,0.0,-6.1265795728848285e-09,0.0,0.0,-12.326732906926514
273,1,0.0,0.0,-0.0021167242870970627,0.0,0.0
273,2,0.0,0.0,0.0,0.0,-0.6811822951057953
273,3,0.0,0.0,0.0,0.0,0.0
273,4,0.0,0.0,0.0,0.0,0.0
274,0,0.0,-6.1265795728848285e-09,0.0,0.0,-12.359953799069446
274,1,0.0,0.0,-0.0021167242870970627,0.0,0.0
274,2,0.0,0.0,0.0,0.0,-0.6811822951057953
274,3,0.0,0.0,0.0,0.0,0.0
274,4,0.0,0.0,0.0,0.0,0.0
275,0,0.0,-6.1265795728848285e-09,0.0,0.0,-12.382392451904805
275,1,0.0,0.0,-0.0021167242870970627,0.0,0.0
275,2,0.0,0.0,0.0,0.0,-0.6811822951057953
275,3,0.0,0.0,0.0,0.0,0.0
275,4,0.0,0.0,0.0,0.0,0.0
276,0,0.0,-6.1265795728848285e-09,0.0,0.0,-12.41270775401591
276,1,0.0,0.0,-0.0021167242870970627,0.0,0.0
276,2,0.0,0.0,0.0,0.0,-0.6811822951057953
276,3,0.0,0.0,0.0,0.0,0.0
276,4,0.0,0.0,0.0,0.0,0.0
277,0,0.0,-6.1265795728848285e-09,0.0,0.0,-12.442313352533512
277,1,0.0,0.0,-0.0021167242870970627,0.0,0.0
277,2,0.0,0.0,0.0,0.0,-0.6811822951057953
277,3,0.0,0.0,0.0,0.0,0.0
277,4,0.0,0.0,0.0,0.0,0.0
278,0,0.0,-6.1265795728848285e-09,0.0,0.0,-12.466438262085877
278,1,0.0,0.0,-0.0021167242870970627,0.0,0.0
278,2,0.0,0.0,0.0,0.0,-0.6811822951057953
278,3,0.0,0.0,0.0,0.0,0.0
278,4,0.0,0.0,0.0,0.0,0.0
279,0,0.0,-6.1265795728848285e-09,0.0,0.0,-12.496446108388279
279,1,0.0,0.0,-0.0021167242870970627,0.0,0.0
279,2,0.0,0.0,0.0,0.0,-0.6811822951057953
279,3,0.0,0.0,0.0,0.0,0.0
279,4,0.0,0.0,0.0,0.0,0.0
280,0,0.0,-6.1265795728848285e-09,0.0,0.0,-12.530252985473188
280,1,0.0,0.0,-0.0021167242870970627,0.0,0.0
280,2,0.0,0.0,0.0,0.0,-0.6811822951057953
280,3,0.0,0.0,0.0,0.0,0.0
280,4,0.0,0.0,0.0,0.0,0.0
281,0,0.0,-6.1265795728848285e-09,0.0,0.0,-12.558281205940093
281,1,0.0,0.0,-0.0021167242870970627,0.0,0.0
281,2,0.0,0.0,0.0,0.0,-0.6811822951057953
281,3,0.0,0.0,0.0,0.0,0.0
281,4,0.0,0.0,0.0,0.0,0.0
282,0,0.0,-6.1265795728848285e-09,0.0,0.0,-12.592240273613312
282,1,0.0,0.0,-0.0021167242870970627,0.0,0.0
282,2,0.0,0.0,0.0,0.0,-0.6811822951057953
282,3,0.0,0.0,0.0,0.0,0.0
282,4,0.0,0.0,0.0,0.0,0.0
283,0,0.0,-6.1265795728848285e-09,0.0,0.0,-12.620689764057142
283,1,0.0,0.0,-0.0021167242870970627,0.0,0.0
283,2,0.0,0.0,0.0,0.0,-0.6811822951057953
283,3,0.0,0.0,0.0,0.0,0.0
283,4,0.0,0.0,0.0,0.0,0.0
284,0,0.0,-6.1265795728848285e-09,0.0,0.0,-12.652461522838061
284,1,0.0,0.0,-0.0021167242870970627,0.0,0.0
284,2,0.0,0.0,0.0,0.0,-0.6811822951057953
284,3,0.0,0.0,0.0,0.0,0.0
284,4,0.0,0.0,0.0,0.0,0.0
285,0,0.0,-6.1265795728848285e-09,0.0,0.0,-12.674267393874306
285,1,0.0,0.0,-0.0021167242870970627,0.0,0.0
285,2,0.0,0.0,0.0,0.0,-0.6811822951057953
285,3,0.0,0.0,0.0,0.0,0.0
285,4,0.0,0.0,0.0,0.0,0.0
286,0,0.0,-6.1265795728848285e-09,0.0,0.0,-12.709195665639717
286,1,0.0,0.0,-0.0021167242870970627,0.0,0.0
286,2,0.0,0.0,0.0,0.0,-0.6811822951057953
286,3,0.0,0.0,0.0,0.0,0.0
286,4,0.0,0.0,0.0,0.0,0.0
287,0,0.0,-6.1265795728848285e-09,0.0,0.0,-12.742560512665627
287,1,0.0,0.0,-0.0021167242870970627,0.0,0.0
287,2,0.0,0.0,0.0,0.0,-0.6811822951057953
287,3,0.0,0.0,0.0,0.0,0.0
287,4,0.0,0.0,0.0,0.0,0.0
288,0,0.0,-6.1265795728848285e-09,0.0,0.0,-12.770890285726345
288,1,0.0,0.0,-0.0021167242870970627,0.0,0.0
288,2,0.0,0.0,0.0,0.0,-0.6811822951057953
288,3,0.0,0.0,0.0,0.0,0.0
288,4,0.0,0.0,0.0,0.0,0.0
289,0,0.0,-6.1265795728848285e-09,0.0,0.0,-12.799611676296761
289,1,0.0,0.0,-0.0021167242870970627,0.0,0.0
289,2,0.0,0.0,0.0,0.0,-0.6811822951057953
289,3,0.0,0.0,0.0,0.0,0.0
289,4,0.0,0.0,0.0,0.0,0.0
290,0,0.0,-6.1265795728848285e-09,0.0,0.0,-12.832602476574479
290,1,0.0,0.0,-0.0021167242870970627,0.0,0.0
290,2,0.0,0.0,0.0,0.0,-0.6811822951057953
290,3,0.0,0.0,0.0,0.0,0.0
290,4,0.0,0.0,0.0,0.0,0.0
291,0,0.0,-6.1265795728848285e-09,0.0,0.0,-12.870507140455189
291,1,0.0,0.0,-0.0021167242870970627,0.0,0.0
291,2,0.0,0.0,0.0,0.0,-0.6811822951057953
291,3,0.0,0.0,0.0,0.0,0.0
291,4,0.0,0.0,0.0,0.0,0.0
292,0,0.0,-6.1265795728848285e-09,0.0,0.0,-12.900666878580997
292,1,0.0,0.0,-0.0021167242870970627,0.0,0.0
292,2,0.0,0.0,0.0,0.0,-0.6811822951057953
292,3,0.0,0.0,0.0,0.0,0.0
292,4,0.0,0.0,0.0,0.0,0.0
293,0,0.0,-6.1265795728848285e-09,0.0,0.0,-12.92497262656798
293,1,0.0,0.0,-0.0021167242870970627,0.0,0.0
293,2,0.0,0.0,0.0,0.0,-0.6811822951057953
293,3,0.0,0.0,0.0,0.0,0.0
293,4,0.0,0.0,0.0,0.0,0.0
294,0,0.0,-6.1265795728848285e-09,0.0,0.0,-12.946231719180432
294,1,0.0,0.0,-0.0021167242870970627,0.0,0.0
294,2,0.0,0.0,0.0,0.0,-0.6811822951057953
294,3,0.0,0.0,0.0,0.0,0.0
294,4,0.0,0.0,0.0,0.0,0.0
295,0,0.0,-6.1265795728848285e-09,0.0,0.0,-12.98723292946015
295,1,0.0,0.0,-0.0021167242870970627,0.0,0.0
295,2,0.0,0.0,0.0,0.0,-0.6811822951057953
295,3,0.0,0.0,0.0,0.0,0.0
295,4,0.0,0.0,0.0,0.0,0.0
296,0,0.0,-6.1265795728848285e-09,0.0,0.0,-13.017515378802754
296,1,0.0,0.0,-0.0021167242870970627,0.0,0.0
296,2,0.0,0.0,0.0,0.0,-0.6811822951057953
296,3,0.0,0.0,0.0,0.0,0.0
296,4,0.0,0.0,0.0,0.0,0.0
297,0,0.0,-6.1265795728848285e-09,0.0,0.0,-13.048579101927208
297,1,0.0,0.0,-0.0021167242870970627,0.0,0.0
297,2,0.0,0.0,0.0,0.0,-0.6811822951057953
297,3,0.0,0.0,0.0,0.0,0.0
297,4,0.0,0.0,0.0,0.0,0.0
298,0,0.0,-6.1265795728848285e-09,0.0,0.0,-13.069237279027162
298,1,0.0,0.0,-0.0021167242870970627,0.0,0.0
298,2,0.0,0.0,0.0,0.0,-0.6811822951057953
298,3,0.0,0.0,0.0,0.0,0.0
298,4,0.0,0.0,0.0,0.0,0.0
299,0,0.0,-6.1265795728848285e-09,0.0,0.0,-13.104828981038747
299,1,0.0,0.0,-0.0021167242870970627,0.0,0.0
299,2,0.0,0.0,0.0,0.0,-0.6811822951057953
299,3,0.0,0.0,0.0,0.0,0.0
299,4,0.0,0.0,0.0,0.0,0.0
300,0,0.0,-6.1265795728848285e-09,0.0,0.0,-13.135787914812648
300,1,0.0,0.0,-0.0021167242870970627,0.0,0.0
300,2,0.0,0.0,0.0,0.0,-0.6811822951057953
300,3,0.0,0.0,0.0,0.0,0.0
300,4,0.0,0.0,0.0,0.0,0.0
301,0,0.0,-6.1265795728848285e-09,0.0,0.0,-13.16485786449252
301,1,0.0,0.0,-0.0021167242870970627,0.0,0.0
301,2,0.0,0.0,0.0,0.0,-0.6811822951057953
301,3,0.0,0.0,0.0,0.0,0.0
301,4,0.0,0.0,0.0,0.0,0.0
302,0,0.0,-6.1265795728848285e-09,0.0,0.0,-13.203610141101308
302,1,0.0,0.0,-0.0021167242870970627,0.0,0.0
302,2,0.0,0.0,0.0,0.0,-0.6811822951057953
302,3,0.0,0.0,0.0,0.0,0.0
302,4,0.0,0.0,0.0,0.0,0.0
303,0,0.0,-6.1265795728848285e-09,0.0,0.0,-13.236119249745736
303,1,0.0,0.0,-0.0021167242870970627,0.0,0.0
303,2,0.0,0.0,0.0,0.0,-0.6811822951057953
303,3,0.0,0.0,0.0,0.0,0.0
303,4,0.0,0.0,0.0,0.0,0.0
304,0,0.0,-6.1265795728848285e-09,0.0,0.0,-13.256410605176074
304,1,0.0,0.0,-0.0021167242870970627,0.0,0.0
304,2,0.0,0.0,0.0,0.0,-0.6811822951057953
304,3,0.0,0.0,0.0,0.0,0.0
304,4,0.0,0.0,0.0,0.0,0.0
305,0,0.0,-6.1265795728848285e-09,0.0,0.0,-13.289024143091615
305,1,0.0,0.0,-0.0021167242870970627,0.0,0.0
305,2,0.0,0.0,0.0,0.0,-0.6811822951057953
305,3,0.0,0.0,0.0,0.0,0.0
305,4,0.0,0.0,0.0,0.0,0.0
306,0,0.0,-6.1265795728848285e-09,0.0,0.0,-13.315717926309588
306,1,0.0,0.0,-0.0021167242870970627,0.0,0.0
306,2,0.0,0.0,0.0,0.0,-0.6811822951057953
306,3,0.0,0.0,0.0,0.0,0.0
306,4,0.0,0.0,0.0,0.0,0.0
307,0,0.0,-6.1265795728848285e-09,0.0,0.0,-13.341270346914447
307,1,0.0,0.0,-0.0021167242870970627,0.0,0.0
307,2,0.0,0.0,0.0,0.0,-0.6811822951057953
307,3,0.0,0.0,0.0,0.0,0.0
307,4,0.0,0.0,0.0,0.0,0.0
308,0,0.0,-6.1265795728848285e-09,0.0,0.0,-13.361249969046309
308,1,0.0,0.0,-0.0021167242870970627,0.0,0.0
308,2,0.0,0.0,0.0,0.0,-0.6811822951057953
308,3,0.0,0.0,0.0,0.0,0.0
308,4,0.0,0.0,0.0,0.0,0.0
309,0,0.0,-6.1265795728848285e-09,0.0,0.0,-13.386594256168785
309,1,0.0,0.0,-0.0021167242870970627,0.0,0.0
309,2,0.0,0.0,0.0,0.0,-0.6811822951057953
309,3,0.0,0.0,0.0,0.0,0.0
309,4,0.0,0.0,0.0,0.0,0.0
310,0,0.0,-6.1265795728848285e-09,0.0,0.0,-13.412151963969137
310,1,0.0,0.0,-0.0021167242870970627,0.0,0.0
310,2,0.0,0.0,0.0,0.0,-0.6811822951057953
310,3,0.0,0.0,0.0,0.0,0.0
310,4,0.0,0.0,0.0,0.0,0.0
311,0,0.0,-6.1265795728848285e-09,0.0,0.0,-13.440547939727315
311,1,0.0,0.0,-0.0021167242870970627,0.0,0.0
311,2,0.0,0.0,0.0,0.0,-0.6811822951057953
311,3,0.0,0.0,0.0,0.0,0.0
311,4,0.0,0.0,0.0,0.0,0.0
312,0,0.0,-6.1265795728848285e-09,0.0,0.0,-13.465164455697218
312,1,0.0,0.0,-0.0021167242870970627,0.0,0.0
312,2,0.0,0.0,0.0,0.0,-0.6811822951057953
312,3,0.0,0.0,0.0,0.0,0.0
312,4,0.0,0.0,0.0,0.0,0.0
313,0,0.0,-6.1265795728848285e-09,0.0,0.0,-13.489859774689402
313,1,0.0,0.0,-0.0021167242870970627,0.0,0.0
313,2,0.0,0.0,0.0,0.0,-0.6811822951057953
313,3,0.0,0.0,0.0,0.0,0.0
313,4,0.0,0.0,0.0,0.0,0.0
314,0,0.0,-6.1265795728848285e-09,0.0,0.0,-13.522533020397233
314,1,0.0,0.0,-0.0021167242870970627,0.0,0.0
314,2,0.0,0.0,0.0,0.0,-0.6811822951057953
314,3,0.0,0.0,0.0,0.0,0.0
314,4,0.0,0.0,0.0,0.0,0.0
315,0,0.0,-6.1265795728848285e-09,0.0,0.0,-13.557761524314106
315,1,0.0,0.0,-0.0021167242870970627,0.0,0.0
315,2,0.0,0.0,0.0,0.0,-0.6811822951057953
315,3,0.0,0.0,0.0,0.0,0.0
315,4,0.0,0.0,0.0,0.0,0.0
316,0,0.0,-6.1265795728848285e-09,0.0,0.0,-13.587474737291044
316,1,0.0,0.0,-0.0021167242870970627,0.0,0.0
316,2,0.0,0.0,0.0,0.0,-0.6811822951057953
316,3,0.0,0.0,0.0,0.0,0.0
316,4,0.0,0.0,0.0,0.0,0.0
317,0,0.0,-6.1265795728848285e-09,0.0,0.0,-13.621157475959995
317,1,0.0,0.0,-0.0021167242870970627,0.0,0.0
317,2,0.0,0.0,0.0,0.0,-0.6811822951057953
317,3,0.0,0.0,0.0,0.0,0.0
317,4,0.0,0.0,0.0,0.0,0.0
318,0,0.0,-6.1265795728848285e-09,0.0,0.0,-13.646270487102242
318,1,0.0,0.0,-0.0021167242870970627,0.0,0.0
318,2,0.0,0.0,0.0,0.0,-0.6811822951057953
318,3,0.0,0.0,0.0,0.0,0.0
318,4,0.0,0.0,0.0,0.0,0.0
319,0,0.0,-6.1265795728848285e-09,0.0,0.0,-13.674218853790974
319,1,0.0,0.0,-0.0021167242870970627,0.0,0.0
319,2,0.0,0.0,0.0,0.0,-0.6811822951057953
319,3,0.0,0.0,0.0,0.0,0.0
319,4,0.0,0.0,0.0,0.0,0.0
320,0,0.0,-6.1265795728848285e-09,0.0,0.0,-13.693475118924047
320,1,0.0,0.0,-0.0021167242870970627,0.0,0.0
320,2,0.0,0.0,0.0,0.0,-0.6811822951057953
320,3,0.0,0.0,0.0,0.0,0.0
320,4,0.0,0.0,0.0,0.0,0.0
321,0,0.0,-6.1265795728848285e-09,0.0,0.0,-13.725186812342976
321,1,0.0,0.0,-0.0021167242870970627,0.0,0.0
321,2,0.0,0.0,0.0,0.0,-0.6811822951057953
321,3,0.0,0.0,0.0,0.0,0.0
321,4,0.0,0.0,0.0,0.0,0.0
322,0,0.0,-6.1265795728848285e-09,0.0,0.0,-13.748088867893031
322,1,0.0,0.0,-0.0021167242870970627,0.0,0.0
322,2,0.0,0.0,0.0,0.0,-0.6811822951057953
322,3,0.0,0.0,0.0,0.0,0.0
322,4,0.0,0.0,0.0,0.0,0.0
323,0,0.0,-6.1265795728848285e-09,0.0,0.0,-13.781019969388282
323,1,0.0,0.0,-0.0021167242870970627,0.0,0.0
323,2,0.0,0.0,0.0,0.0,-0.6811822951057953
323,3,0.0,0.0,0.0,0.0,0.0
323,4,0.0,0.0,0.0,0.0,0.0
324,0,0.0,-6.1265795728848285e-09,0.0,0.0,-13.811304791908258
324,1,0.0,0.0,-0.0021167242870970627,0.0,0.0
324,2,0.0,0.0,0.0,0.0,-0.6811822951057953
324,3,0.0,0.0,0.0,0.0,0.0
324,4,0.0,0.0,0.0,0.0,0.0
325,0,0.0,-6.1265795728848285e-09,0.0,0.0,-13.833060380943975
325,1,0.0,0.0,-0.0021167242870970627,0.0,0.0
325,2,0.0,0.0,0.0,0.0,-0.6811822951057953
325,3,0.0,0.0,0.0,0.0,0.0
325,4,0.0,0.0,0.0,0.0,0.0
326,0,0.0,-6.1265795728848285e-09,0.0,0.0,-13.85278351605884
326,1,0.0,0.0,-0.0021167242870970627,0.0,0.0
326,2,0.0,0.0,0.0,0.0,-0.6811822951057953
326,3,0.0,0.0,0.0,0.0,0.0
326,4,0.0,0.0,0.0,0.0,0.0
327,0,0.0,-6.1265795728848285e-09,0.0,0.0,-13.881972930336929
327,1,0.0,0.0,-0.0021167242870970627,0.0,0.0
327,2,0.0,0.0,0.0,0.0,-0.6811822951057953
327,3,0.0,0.0,0.0,0.0,0.0
327,4,0.0,0.0,0.0,0.0,0.0
328,0,0.0,-6.1265795728848285e-09,0.0,0.0,-13.910528669104698
328,1,0.0,0.0,-0.0021167242870970627,0.0,0.0
328,2,0.0,0.0,0.0,0.0,-0.6811822951057953
328,3,0.0,0.0,0.0,0.0,0.0
328,4,0.0,0.0,0.0,0.0,0.0
329,0,0.0,-6.1265795728848285e-09,0.0,0.0,-13.94173882173293
329,1,0.0,0.0,-0.0021167242870970627,0.0,0.0
329,2,0.0,0.0,0.0,0.0,-0.6811822951057953
329,3,0.0,0.0,0.0,0.0,0.0
329,4,0.0,0.0,0.0,0.0,0.0
330,0,0.0,-6.1265795728848285e-09,0.0,0.0,-13.965193960849561
330,1,0.0,0.0,-0.0021167242870970627,0.0,0.0
330,2,0.0,0.0,0.0,0.0,-0.6811822951057953
330,3,0.0,0.0,0.0,0.0,0.0
330,4,0.0,0.0,0.0,0.0,0.0
331,0,0.0,-1.3587702549023895e-08,0.0,0.0,-13.965193960849561
331,1,0.0,0.0,-0.0028690317784819974,0.0,0.0
331,2,0.0,0.0,0.0,0.0,-0.7556757893267569
331,3,0.0,0.0,0.0,0.0,0.0
331,4,0.0,0.0,0.0,0.0,0.0
332,0,0.0,-1.3587702549023895e-08,0.0,0.0,-13.985717553488643
332,1,0.0,0.0,-0.0028690317784819974,0.0,0.0
332,2,0.0,0.0,0.0,0.0,-0.7556757893267569
332,3,0.0,0.0,0.0,0.0,0.0
332,4,0.0,0.0,0.0,0.0,0.0
333,0,0.0,-1.3587702549023895e-08,0.0,0.0,-14.018352716426042
333,1,0.0,0.0,-0.0028690317784819974,0.0,0.0
333,2,0.0,0.0,0.0,0.0,-0.7556757893267569
333,3,0.0,0.0,0.0,0.0,0.0
333,4,0.0,0.0,0.0,0.0,0.0
334,0,0.0,-1.3587702549023895e-08,0.0,0.0,-14.04432046572049
334,1,0.0,0.0,-0.0028690317784819974,0.0,0.0
334,2,0.0,0.0,0.0,0.0,-0.7556757893267569
334,3,0.0,0.0,0.0,0.0,0.0
334,4,0.0,0.0,0.0,0.0,0.0
335,0,0.0,-1.3587702549023895e-08,0.0,0.0,-14.070195089823622
335,1,0.0,0.0,-0.0028690317784819974,0.0,0.0
335,2,0.0,0.0,0.0,0.0,-0.7556757893267569
335,3,0.0,0.0,0.0,0.0,0.0
335,4,0.0,0.0,0.0,0.0,0.0
336,0,0.0,-1.3587702549023895e-08,0.0,0.0,-14.080207744089396
336,1,0.0,0.0,-0.0028690317784819974,0.0,0.0
336,2,0.0,0.0,0.0,0.0,-0.7556757893267569
336,3,0.0,0.0,0.0,0.0,0.0
336,4,0.0,0.0,0.0,0.0,0.0
337,0,0.0,-1.3587702549023895e-08,0.0,0.0,-14.108761763914595
337,1,0.0,0.0,-0.0028690317784819974,0.0,0.0
337,2,0.0,0.0,0.0,0.0,-0.7556757893267569
337,3,0.0,0.0,0.0,0.0,0.0
337,4,0.0,0.0,0.0,0.0,0.0
338,0,0.0,-1.3587702549023895e-08,0.0,0.0,-14.132492861705234
338,1,0.0,0.0,-0.0028690317784819974,0.0,0.0
338,2,0.0,0.0,0.0,0.0,-0.7556757893267569
338,3,0.0,0.0,0.0,0.0,0.0
338,4,0.0,0.0,0.0,0.0,0.0
339,0,0.0,-1.3587702549023895e-08,0.0,0.0,-14.16023882039026
339,1,0.0,0.0,-0.0028690317784819974,0.0,0.0
339,2,0.0,0.0,0.0,0.0,-0.7556757893267569
339,3,0.0,0.0,0.0,0.0,0.0
339,4,0.0,0.0,0.0,0.0,0.0
340,0,0.0,-1.3587702549023895e-08,0.0,0.0,-14.193346144444149
340,1,0.0,0.0,-0.0028690317784819974,0.0,0.0
340,2,0.0,0.0,0.0,0.0,-0.7556757893267569
340,3,0.0,0.0,0.0,0.0,0.0
340,4,0.0,0.0,0.0,0.0,0.0
341,0,0.0,-1.3587702549023895e-08,0.0,0.0,-14.21321493182389
341,1,0.0,0.0,-0.0028690317784819974,0.0,0.0
341,2,0.0,0.0,0.0,0.0,-0.7556757893267569
341,3,0.0,0.0,0.0,0.0,0.0
341,4,0.0,0.0,0.0,0.0,0.0
342,0,0.0,-1.3587702549023895e-08,0.0,0.0,-14.2416413704111
342,1,0.0,0.0,-0.0028690317784819974,0.0,0.0
342,2,0.0,0.0,0.0,0.0,-0.7556757893267569
342,3,0.0,0.0,0.0,0.0,0.0
342,4,0.0,0.0,0.0,0.0,0.0
343,0,0.0,-1.3587702549023895e-08,0.0,0.0,-14.271260354358219
343,1,0.0,0.0,-0.0028690317784819974,0.0,0.0
343,2,0.0,0.0,0.0,0.0,-0.7556757893267569
343,3,0.0,0.0,0.0,0.0,0.0
343,4,0.0,0.0,0.0,0.0,0.0
344,0,0.0,-1.3587702549023895e-08,0.0,0.0,-14.299031465177887
344,1,0.0,0.0,-0.0028690317784819974,0.0,0.0
344,2,0.0,0.0,0.0,0.0,-0.7556757893267569
344,3,0.0,0.0,0.0,0.0,0.0
344,4,0.0,0.0,0.0,0.0,0.0
345,0,0.0,-1.3587702549023895e-08,0.0,0.0,-14.3201363553379
345,1,0.0,0.0,-0.0028690317784819974,0.0,0.0
345,2,0.0,0.0,0.0,0.0,-0.7556757893267569
345,3,0.0,0.0,0.0,0.0,0.0
345,4,0.0,0.0,0.0,0.0,0.0
346,0,0.0,-1.3587702549023895e-08,0.0,0.0,-14.338570764896978
346,1,0.0,0.0,-0.0028690317784819974,0.0,0.0
346,2,0.0,0.0,0.0,0.0,-0.7556757893267569
346,3,0.0,0.0,0.0,0.0,0.0
346,4,0.0,0.0,0.0,0.0,0.0
347,0,0.0,-1.3587702549023895e-08,0.0,0.0,-14.361125289754478
347,1,0.0,0.0,-0.0028690317784819974,0.0,0.0
347,2,0.0,0.0,0.0,0.0,-0.7556757893267569
347,3,0.0,0.0,0.0,0.0,0.0
347,4,0.0,0.0,0.0,0.0,0.0
348,0,0.0,-1.3587702549023895e-08,0.0,0.0,-14.376812607585654
348,1,0.0,0.0,-0.0028690317784819974,0.0,0.0
348,2,0.0,0.0,0.0,0.0,-0.7556757893267569
348,3,0.0,0.0,0.0,0.0,0.0
348,4,0.0,0.0,0.0,0.0,0.0
349,0,0.0,-1.3587702549023895e-08,0.0,0.0,-14.402294215213983
349,1,0.0,0.0,-0.0028690317784819974,0.0,0.0
349,2,0.0,0.0,0.0,0.0,-0.7556757893267569
349,3,0.0,0.0,0.0,0.0,0.0
349,4,0.0,0.0,0.0,0.0,0.0
350,0,0.0,-1.3587702549023895e-08,0.0,0.0,-14.431741611865442
350,1,0.0,0.0,-0.0028690317784819974,0.0,0.0
350,2,0.0,0.0,0.0,0.0,-0.7556757893267569
350,3,0.0,0.0,0.0,0.0,0.0
350,4,0.0,0.0,0.0,0.0,0.0
351,0,0.0,-1.3587702549023895e-08,0.0,0.0,-14.447944951065292
351,1,0.0,0.0,-0.0028690317784819974,0.0,0.0
351,2,0.0,0.0,0.0,0.0,-0.7556757893267569
351,3,0.0,0.0,0.0,0.0,0.0
351,4,0.0,0.0,0.0,0.0,0.0
352,0,0.0,-1.3587702549023895e-08,0.0,0.0,-14.47816985157239
352,1,0.0,0.0,-0.0028690317784819974,0.0,0.0
352,2,0.0,0.0,0.0,0.0,-0.7556757893267569
352,3,0.0,0.0,0.0,0.0,0.0
352,4,0.0,0.0,0.0,0.0,0.0
353,0,0.0,-1.3587702549023895e-08,0.0,0.0,-14.50288859790085
353,1,0.0,0.0,-0.0028690317784819974,0.0,0.0
353,2,0.0,0.0,0.0,0.0,-0.7556757893267569
353,3,0.0,0.0,0.0,0.0,0.0
353,4,0.0,0.0,0.0,0.0,0.0
354,0,0.0,-1.3587702549023895e-08,0.0,0.0,-14.520605936919635
354,1,0.0,0.0,-0.0028690317784819974,0.0,0.0
354,2,0.0,0.0,0.0,0.0,-0.7556757893267569
354,3,0.0,0.0,0.0,0.0,0.0
354,4,0.0,0.0,0.0,0.0,0.0
355,0,0.0,-1.3587702549023895e-08,0.0,0.0,-14.538160113876021
355,1,0.0,0.0,-0.0028690317784819974,0.0,0.0
355,2,0.0,0.0,0.0,0.0,-0.7556757893267569
355,3,0.0,0.0,0.0,0.0,0.0
355,4,0.0,0.0,0.0,0.0,0.0
356,0,0.0,-1.3587702549023895e-08,0.0,0.0,-14.564584864170135
356,1,0.0,0.0,-0.0028690317784819974,0.0,0.0
356,2,0.0,0.0,0.0,0.0,-0.7556757893267569
356,3,0.0,0.0,0.0,0.0,0.0
356,4,0.0,0.0,0.0,0.0,0.0
357,0,0.0,-1.3587702549023895e-08,0.0,0.0,-14.585949695967702
357,1,0.0,0.0,-0.0028690317784819974,0.0,0.0
357,2,0.0,0.0,0.0,0.0,-0.7556757893267569
357,3,0.0,0.0,0.0,0.0,0.0
357,4,0.0,0.0,0.0,0.0,0.0
358,0,0.0,-1.3587702549023895e-08,0.0,0.0,-14.606277865167453
358,1,0.0,0.0,-0.0028690317784819974,0.0,0.0
358,2,0.0,0.0,0.0,0.0,-0.7556757893267569
358,3,0.0,0.0,0.0,0.0,0.0
358,4,0.0,0.0,0.0,0.0,0.0
359,0,0.0,-1.3587702549023895e-08,0.0,0.0,-14.62398635350469
359,1,0.0,0.0,-0.0028690317784819974,0.0,0.0
359,2,0.0,0.0,0.0,0.0,-0.7556757893267569
359,3,0.0,0.0,0.0,0.0,0.0
359,4,0.0,0.0,0.0,0.0,0.0
360,0,0.0,-1.3587702549023895e-08,0.0,0.0,-14.643973708273316
360,1,0.0,0.0,-0.0028690317784819974,0.0,0.0
360,2,0.0,0.0,0.0,0.0,-0.7556757893267569
360,3,0.0,0.0,0.0,0.0,0.0
360,4,0.0,0.0,0.0,0.0,0.0
361,0,0.0,-1.3587702549023895e-08,0.0,0.0,-14.666159646661196
361,1,0.0,0.0,-0.0028690317784819974,0.0,0.0
361,2,0.0,0.0,0.0,0.0,-0.7556757893267569
361,3,0.0,0.0,0.0,0.0,0.0
361,4,0.0,0.0,0.0,0.0,0.0
362,0,0.0,-1.3587702549023895e-08,0.0,0.0,-14.685526044706911
362,1,0.0,0.0,-0.0028690317784819974,0.0,0.0
362,2,0.0,0.0,0.0,0.0,-0.7556757893267569
362,3,0.0,0.0,0.0,0.0,0.0
362,4,0.0,0.0,0.0,0.0,0.0
363,0,0.0,-1.3587702549023895e-08,0.0,0.0,-14.708342597166002
363,1,0.0,0.0,-0.0028690317784819974,0.0,0.0
363,2,0.0,0.0,0.0,0.0,-0.7556757893267569
363,3,0.0,0.0,0.0,0.0,0.0
363,4,0.0,0.0,0.0,0.0,0.0
364,0,0.0,-1.3587702549023895e-08,0.0,0.0,-14.738924954186114
364,1,0.0,0.0,-0.0028690317784819974,0.0,0.0
364,2,0.0,0.0,0.0,0.0,-0.7556757893267569
364,3,0.0,0.0,0.0,0.0,0.0
364,4,0.0,0.0,0.0,0.0,0.0
365,0,0.0,-1.3587702549023895e-08,0.0,0.0,-14.759757728826333
365,1,0.0,0.0,-0.0028690317784819974,0.0,0.0
365,2,0.0,0.0,0.0,0.0,-0.7556757893267569
365,3,0.0,0.0,0.0,0.0,0.0
365,4,0.0,0.0,0.0,0.0,0.0
366,0,0.0,-1.3587702549023895e-08,0.0,0.0,-14.778638569893934
366,1,0.0,0.0,-0.0028690317784819974,0.0,0.0
366,2,0.0,0.0,0.0,0.0,-0.7556757893267569
366,3,0.0,0.0,0.0,0.0,0.0
366,4,0.0,0.0,0.0,0.0,0.0
367,0,0.0,-1.3587702549023895e-08,0.0,0.0,-14.794866467218107
367,1,0.0,0.0,-0.0028690317784819974,0.0,0.0
367,2,0.0,0.0,0.0,0.0,-0.7556757893267569
367,3,0.0,0.0,0.0,0.0,0.0
367,4,0.0,0.0,0.0,0.0,0.0
368,0,0.0,-1.3587702549023895e-08,0.0,0.0,-14.822187658959768
368,1,0.0,0.0,-0.0028690317784819974,0.0,0.0
368,2,0.0,0.0,0.0,0.0,-0.7556757893267569
368,3,0.0,0.0,0.0,0.0,0.0
368,4,0.0,0.0,0.0,0.0,0.0
369,0,0.0,-1.3587702549023895e-08,0.0,0.0,-14.839882709048696
369,1,0.0,0.0,-0.0028690317784819974,0.0,0.0
369,2,0.0,0.0,0.0,0.0,-0.7556757893267569
369,3,0.0,0.0,0.0,0.0,0.0
369,4,0.0,0.0,0.0,0.0,0.0
370,0,0.0,-1.3587702549023895e-08,0.0,0.0,-14.860862675610997
370,1,0.0,0.0,-0.0028690317784819974,0.0,0.0
370,2,0.0,0.0,0.0,0.0,-0.7556757893267569
370,3,0.0,0.0,0.0,0.0,0.0
370,4,0.0,0.0,0.0,0.0,0.0
371,0,0.0,-1.3587702549023895e-08,0.0,0.0,-14.886211489948446
371,1,0.0,0.0,-0.0028690317784819974,0.0,0.0
371,2,0.0,0.0,0.0,0.0,-0.7556757893267569
371,3,0.0,0.0,0.0,0.0,0.0
371,4,0.0,0.0,0.0,0.0,0.0
372,0,0.0,-1.3587702549023895e-08,0.0,0.0,-14.905698275609367
372,1,0.0,0.0,-0.0028690317784819974,0.0,0.0
372,2,0.0,0.0,0.0,0.0,-0.7556757893267569
372,3,0.0,0.0,0.0,0.0,0.0
372,4,0.0,0.0,0.0,0.0,0.0
373,0,0.0,-1.3587702549023895e-08,0.0,0.0,-14.927330073692787
373,1,0.0,0.0,-0.0028690317784819974,0.0,0.0
373,2,0.0,0.0,0.0,0.0,-0.7556757893267569
373,3,0.0,0.0,0.0,0.0,0.0
373,4,0.0,0.0,0.0,0.0,0.0
374,0,0.0,-1.3587702549023895e-08,0.0,0.0,-14.962999865490229
374,1,0.0,0.0,-0.0028690317784819974,0.0,0.0
374,2,0.0,0.0,0.0,0.0,-0.7556757893267569
374,3,0.0,0.0,0.0,0.0,0.0
374,4,0.0,0.0,0.0,0.0,0.0
375,0,0.0,-1.3587702549023895e-08,0.0,0.0,-14.996545481815506
375,1,0.0,0.0,-0.0028690317784819974,0.0,0.0
375,2,0.0,0.0,0.0,0.0,-0.7556757893267569
375,3,0.0,0.0,0.0,0.0,0.0
375,4,0.0,0.0,0.0,0.0,0.0
376,0,0.0,-1.3587702549023895e-08,0.0,0.0,-15.016794110548412
376,1,0.0,0.0,-0.0028690317784819974,0.0,0.0
376,2,0.0,0.0,0.0,0.0,-0.7556757893267569
376,3,0.0,0.0,0.0,0.0,0.0
376,4,0.0,0.0,0.0,0.0,0.0
377,0,0.0,-1.3587702549023895e-08,0.0,0.0,-15.040912464559211
377,1,0.0,0.0,-0.0028690317784819974,0.0,0.0
377,2,0.0,0.0,0.0,0.0,-0.7556757893267569
377,3,0.0,0.0,0.0,0.0,0.0
377,4,0.0,0.0,0.0,0.0,0.0
378,0,0.0,-1.3587702549023895e-08,0.0,0.0,-15.065590752274009
378,1,0.0,0.0,-0.0028690317784819974,0.0,0.0
378,2,0.0,0.0,0.0,0.0,-0.7556757893267569
378,3,0.0,0.0,0.0,0.0,0.0
378,4,0.0,0.0,0.0,0.0,0.0
379,0,0.0,-1.3587702549023895e-08,0.0,0.0,-15.087592663446005
379,1,0.0,0.0,-0.0028690317784819974,0.0,0.0
379,2,0.0,0.0,0.0,0.0,-0.7556757893267569
379,3,0.0,0.0,0.0,0.0,0.0
379,4,0.0,0.0,0.0,0.0,0.0
380,0,0.0,-1.3587702549023895e-08,0.0,0.0,-15.117011521876687
380,1,0.0,0.0,-0.0028690317784819974,0.0,0.0
380,2,0.0,0.0,0.0,0.0,-0.7556757893267569
380,3,0.0,0.0,0.0,0.0,0.0
380,4,0.0,0.0,0.0,0.0,0.0
381,0,0.0,-1.3587702549023895e-08,0.0,0.0,-15.142638811817289
381,1,0.0,0.0,-0.0028690317784819974,0.0,0.0
381,2,0.0,0.0,0.0,0.0,-0.7556757893267569
381,3,0.0,0.0,0.0,0.0,0.0
381,4,0.0,0.0,0.0,0.0,0.0
382,0,0.0,-1.3587702549023895e-08,0.0,0.0,-15.172396608599746
382,1,0.0,0.0,-0.0028690317784819974,0.0,0.0
382,2,0.0,0.0,0.0,0.0,-0.7556757893267569
382,3,0.0,0.0,0.0,0.0,0.0
382,4,0.0,0.0,0.0,0.0,0.0
383,0,0.0,-1.3587702549023895e-08,0.0,0.0,-15.195832081132053
383,1,0.0,0.0,-0.0028690317784819974,0.0,0.0
383,2,0.0,0.0,0.0,0.0,-0.7556757893267569
383,3,0.0,0.0,0.0,0.0,0.0
383,4,0.0,0.0,0.0,0.0,0.0
384,0,0.0,-1.3587702549023895e-08,0.0,0.0,-15.223712677778405
384,1,0.0,0.0,-0.0028690317784819974,0.0,0.0
384,2,0.0,0.0,0.0,0.0,-0.7556757893267569
384,3,0.0,0.0,0.0,0.0,0.0
384,4,0.0,0.0,0.0,0.0,0.0
385,0,0.0,-1.3587702549023895e-08,0.0,0.0,-15.243094016964726
385,1,0.0,0.0,-0.0028690317784819974,0.0,0.0
385,2,0.0,0.0,0.0,0.0,-0.7556757893267569
385,3,0.0,0.0,0.0,0.0,0.0
385,4,0.0,0.0,0.0,0.0,0.0
386,0,0.0,-1.3587702549023895e-08,0.0,0.0,-15.258528264265388
386,1,0.0,0.0,-0.0028690317784819974,0.0,0.0
386,2,0.0,0.0,0.0,0.0,-0.7556757893267569
386,3,0.0,0.0,0.0,0.0,0.0
386,4,0.0,0.0,0.0,0.0,0.0
387,0,0.0,-1.3587702549023895e-08,0.0,0.0,-15.274988902880333
387,1,0.0,0.0,-0.0028690317784819974,0.0,0.0
387,2,0.0,0.0,0.0,0.0,-0.7556757893267569
387,3,0.0,0.0,0.0,0.0,0.0
387,4,0.0,0.0,0.0,0.0,0.0
388,0,0.0,-1.3587702549023895e-08,0.0,0.0,-15.299619929853375
388,1,0.0,0.0,-0.0028690317784819974,0.0,0.0
388,2,0.0,0.0,0.0,0.0,-0.7556757893267569
388,3,0.0,0.0,0.0,0.0,0.0
388,4,0.0,0.0,0.0,0.0,0.0
389,0,0.0,-1.3587702549023895e-08,0.0,0.0,-15.321079118677392
389,1,0.0,0.0,-0.0028690317784819974,0.0,0.0
389,2,0.0,0.0,0.0,0.0,-0.7556757893267569
389,3,0.0,0.0,0.0,0.0,0.0
389,4,0.0,0.0,0.0,0.0,0.0
390,0,0.0,-1.3587702549023895e-08,0.0,0.0,-15.340284414950267
390,1,0.0,0.0,-0.0028690317784819974,0.0,0.0
390,2,0.0,0.0,0.0,0.0,-0.7556757893267569
390,3,0.0,0.0,0.0,0.0,0.0
390,4,0.0,0.0,0.0,0.0,0.0
391,0,0.0,-1.3587702549023895e-08,0.0,0.0,-15.353982749366054
391,1,0.0,0.0,-0.0028690317784819974,0.0,0.0
391,2,0.0,0.0,0.0,0.0,-0.7556757893267569
391,3,0.0,0.0,0.0,0.0,0.0
391,4,0.0,0.0,0.0,0.0,0.0
392,0,0.0,-1.3587702549023895e-08,0.0,0.0,-15.372027874070877
392,1,0.0,0.0,-0.0028690317784819974,0.0,0.0
392,2,0.0,0.0,0.0,0.0,-0.7556757893267569
392,3,0.0,0.0,0.0,0.0,0.0
392,4,0.0,0.0,0.0,0.0,0.0
393,0,0.0,-1.3587702549023895e-08,0.0,0.0,-15.387853788094514
393,1,0.0,0.0,-0.0028690317784819974,0.0,0.0
393,2,0.0,0.0,0.0,0.0,-0.7556757893267569
393,3,0.0,0.0,0.0,0.0,0.0
393,4,0.0,0.0,0.0,0.0,0.0
394,0,0.0,-1.3587702549023895e-08,0.0,0.0,-15.412203251951215
394,1,0.0,0.0,-0.0028690317784819974,0.0,0.0
394,2,0.0,0.0,0.0,0.0,-0.7556757893267569
394,3,0.0,0.0,0.0,0.0,0.0
394,4,0.0,0.0,0.0,0.0,0.0
395,0,0.0,-1.3587702549023895e-08,0.0,0.0,-15.435259098976164
395,1,0.0,0.0,-0.0028690317784819974,0.0,0.0
395,2,0.0,0.0,0.0,0.0,-0.7556757893267569
395,3,0.0,0.0,0.0,0.0,0.0
395,4,0.0,0.0,0.0,0.0,0.0
396,0,0.0,-1.3587702549023895e-08,0.0,0.0,-15.452650157651679
396,1,0.0,0.0,-0.0028690317784819974,0.0,0.0
396,2,0.0,0.0,0.0,0.0,-0.7556757893267569
396,3,0.0,0.0,0.0,0.0,0.0
396,4,0.0,0.0,0.0,0.0,0.0
397,0,0.0,-1.3587702549023895e-08,0.0,0.0,-15.46543492317787
397,1,0.0,0.0,-0.0028690317784819974,0.0,0.0
397,2,0.0,0.0,0.0,0.0,-0.7556757893267569
397,3,0.0,0.0,0.0,0.0,0.0
397,4,0.0,0.0,0.0,0.0,0.0
398,0,0.0,-1.3587702549023895e-08,0.0,0.0,-15.486359160274175
398,1,0.0,0.0,-0.0028690317784819974,0.0,0.0
398,2,0.0,0.0,0.0,0.0,-0.7556757893267569
398,3,0.0,0.0,0.0,0.0,0.0
398,4,0.0,0.0,0.0,0.0,0.0
399,0,0.0,-1.3587702549023895e-08,0.0,0.0,-15.500656953395378
399,1,0.0,0.0,-0.0028690317784819974,0.0,0.0
399,2,0.0,0.0,0.0,0.0,-0.7556757893267569
399,3,0.0,0.0,0.0,0.0,0.0
399,4,0.0,0.0,0.0,0.0,0.0
400,0,0.0,-1.3587702549023895e-08,0.0,0.0,-15.52035396282447
400,1,0.0,0.0,-0.0028690317784819974,0.0,0.0
400,2,0.0,0.0,0.0,0.0,-0.7556757893267569
400,3,0.0,0.0,0.0,0.0,0.0
400,4,0.0,0.0,0.0,0.0,0.0
401,0,0.0,-1.3587702549023895e-08,0.0,0.0,-15.53801185030347
401,1,0.0,0.0,-0.0028690317784819974,0.0,0.0
401,2,0.0,0.0,0.0,0.0,-0.7556757893267569
401,3,0.0,0.0,0.0,0.0,0.0
401,4,0.0,0.0,0.0,0.0,0.0
402,0,0.0,-1.3587702549023895e-08,0.0,0.0,-15.564345133046679
402,1,0.0,0.0,-0.0028690317784819974,0.0,0.0
402,2,0.0,0.0,0.0,0.0,-0.7556757893267569
402,3,0.0,0.0,0.0,0.0,0.0
402,4,0.0,0.0,0.0,0.0,0.0
403,0,0.0,-1.3587702549023895e-08,0.0,0.0,-15.583526336428156
403,1,0.0,0.0,-0.0028690317784819974,0.0,0.0
403,2,0.0,0.0,0.0,0.0,-0.7556757893267569
403,3,0.0,0.0,0.0,0.0,0.0
403,4,0.0,0.0,0.0,0.0,0.0
404,0,0.0,-1.3587702549023895e-08,0.0,0.0,-15.6086151137478
404,1,0.0,0.0,-0.0028690317784819974,0.0,0.0
404,2,0.0,0.0,0.0,0.0,-0.7556757893267569
404,3,0.0,0.0,0.0,0.0,0.0
404,4,0.0,0.0,0.0,0.0,0.0
405,0,0.0,-1.3587702549023895e-08,0.0,0.0,-15.63266262982234
405,1,0.0,0.0,-0.0028690317784819974,0.0,0.0
405,2,0.0,0.0,0.0,0.0,-0.7556757893267569
405,3,0.0,0.0,0.0,0.0,0.0
405,4,0.0,0.0,0.0,0.0,0.0
406,0,0.0,-1.3587702549023895e-08,0.0,0.0,-15.645936420509706
406,1,0.0,0.0,-0.0028690317784819974,0.0,0.0
406,2,0.0,0.0,0.0,0.0,-0.7556757893267569
406,3,0.0,0.0,0.0,0.0,0.0
406,4,0.0,0.0,0.0,0.0,0.0
407,0,0.0,-1.3587702549023895e-08,0.0,0.0,-15.658719013344097
407,1,0.0,0.0,-0.0028690317784819974,0.0,0.0
407,2,0.0,0.0,0.0,0.0,-0.7556757893267569
407,3,0.0,0.0,0.0,0.0,0.0
407,4,0.0,0.0,0.0,0.0,0.0
408,0,0.0,-1.3587702549023895e-08,0.0,0.0,-15.6800480203128
408,1,0.0,0.0,-0.0028690317784819974,0.0,0.0
408,2,0.0,0.0,0.0,0.0,-0.7556757893267569
408,3,0.0,0.0,0.0,0.0,0.0
408,4,0.0,0.0,0.0,0.0,0.0
409,0,0.0,-1.3587702549023895e-08,0.0,0.0,-15.701808878499431
409,1,0.0,0.0,-0.0028690317784819974,0.0,0.0
409,2,0.0,0.0,0.0,0.0,-0.7556757893267569
409,3,0.0,0.0,0.0,0.0,0.0
409,4,0.0,0.0,0.0,0.0,0.0
410,0,0.0,-1.3587702549023895e-08,0.0,0.0,-15.720279880324728
410,1,0.0,0.0,-0.0028690317784819974,0.0,0.0
410,2,0.0,0.0,0.0,0.0,-0.7556757893267569
410,3,0.0,0.0,0.0,0.0,0.0
410,4,0.0,0.0,0.0,0.0,0.0
411,0,0.0,-1.3587702549023895e-08,0.0,0.0,-15.74473686377976
411,1,0.0,0.0,-0.0028690317784819974,0.0,0.0
411,2,0.0,0.0,0.0,0.0,-0.7556757893267569
411,3,0.0,0.0,0.0,0.0,0.0
411,4,0.0,0.0,0.0,0.0,0.0
412,0,0.0,-1.3587702549023895e-08,0.0,0.0,-15.762126402927215
412,1,0.0,0.0,-0.0028690317784819974,0.0,0.0
412,2,0.0,0.0,0.0,0.0,-0.7556757893267569
412,3,0.0,0.0,0.0,0.0,0.0
412,4,0.0,0.0,0.0,0.0,0.0
413,0,0.0,-1.3587702549023895e-08,0.0,0.0,-15.784445803962694
413,1,0.0,0.0,-0.0028690317784819974,0.0,0.0
413,2,0.0,0.0,0.0,0.0,-0.7556757893267569
413,3,0.0,0.0,0.0,0.0,0.0
413,4,0.0,0.0,0.0,0.0,0.0
414,0,0.0,-1.3587702549023895e-08,0.0,0.0,-15.808439853050334
414,1,0.0,0.0,-0.0028690317784819974,0.0,0.0
414,2,0.0,0.0,0.0,0.0,-0.7556757893267569
414,3,0.0,0.0,0.0,0.0,0.0
414,4,0.0,0.0,0.0,0.0,0.0
415,0,0.0,-1.3587702549023895e-08,0.0,0.0,-15.83290885101865
415,1,0.0,0.0,-0.0028690317784819974,0.0,0.0
415,2,0.0,0.0,0.0,0.0,-0.7556757893267569
415,3,0.0,0.0,0.0,0.0,0.0
415,4,0.0,0.0,0.0,0.0,0.0
416,0,0.0,-1.3587702549023895e-08,0.0,0.0,-15.850801337772376
416,1,0.0,0.0,-0.0028690317784819974,0.0,0.0
416,2,0.0,0.0,0.0,0.0,-0.7556757893267569
416,3,0.0,0.0,0.0,0.0,0.0
416,4,0.0,0.0,0.0,0.0,0.0
417,0,0.0,-1.3587702549023895e-08,0.0,0.0,-15.871172697420349
417,1,0.0,0.0,-0.0028690317784819974,0.0,0.0
417,2,0.0,0.0,0.0,0.0,-0.7556757893267569
417,3,0.0,0.0,0.0,0.0,0.0
417,4,0.0,0.0,0.0,0.0,0.0
418,0,0.0,-1.3587702549023895e-08,0.0,0.0,-15.89350801772944
418,1,0.0,0.0,-0.0028690317784819974,0.0,0.0
418,2,0.0,0.0,0.0,0.0,-0.7556757893267569
418,3,0.0,0.0,0.0,0.0,0.0
418,4,0.0,0.0,0.0,0.0,0.0
419,0,0.0,-1.3587702549023895e-08,0.0,0.0,-15.910215646982786
419,1,0.0,0.0,-0.0028690317784819974,0.0,0.0
419,2,0.0,0.0,0.0,0.0,-0.7556757893267569
419,3,0.0,0.0,0.0,0.0,0.0
419,4,0.0,0.0,0.0,0.0,0.0
420,0,0.0,-1.3587702549023895e-08,0.0,0.0,-15.924866182109918
420,1,0.0,0.0,-0.0028690317784819974,0.0,0.0
420,2,0.0,0.0,0.0,0.0,-0.7556757893267569
420,3,0.0,0.0,0.0,0.0,0.0
420,4,0.0,0.0,0.0,0.0,0.0
421,0,0.0,-1.3587702549023895e-08,0.0,0.0,-15.941455512120987
421,1,0.0,0.0,-0.0028690317784819974,0.0,0.0
421,2,0.0,0.0,0.0,0.0,-0.7556757893267569
421,3,0.0,0.0,0.0,0.0,0.0
421,4,0.0,0.0,0.0,0.0,0.0
422,0,0.0,-1.3587702549023895e-08,0.0,0.0,-15.958173735326167
422,1,0.0,0.0,-0.0028690317784819974,0.0,0.0
422,2,0.0,0.0,0.0,0.0,-0.7556757893267569
422,3,0.0,0.0,0.0,0.0,0.0
422,4,0.0,0.0,0.0,0.0,0.0
423,0,0.0,-1.3587702549023895e-08,0.0,0.0,-15.9786691968564
423,1,0.0,0.0,-0.0028690317784819974,0.0,0.0
423,2,0.0,0.0,0.0,0.0,-0.7556757893267569
423,3,0.0,0.0,0.0,0.0,0.0
423,4,0.0,0.0,0.0,0.0,0.0
424,0,0.0,-1.3587702549023895e-08,0.0,0.0,-15.99322565889567
424,1,0.0,0.0,-0.0028690317784819974,0.0,0.0
424,2,0.0,0.0,0.0,0.0,-0.7556757893267569
424,3,0.0,0.0,0.0,0.0,0.0
424,4,0.0,0.0,0.0,0.0,0.0
425,0,0.0,-1.3587702549023895e-08,0.0,0.0,-16.007487861341936
425,1,0.0,0.0,-0.0028690317784819974,0.0,0.0
425,2,0.0,0.0,0.0,0.0,-0.7556757893267569
425,3,0.0,0.0,0.0,0.0,0.0
425,4,0.0,0.0,0.0,0.0,0.0
426,0,0.0,-1.3587702549023895e-08,0.0,0.0,-16.02308597908292
426,1,0.0,0.0,-0.0028690317784819974,0.0,0.0
426,2,0.0,0.0,0.0,0.0,-0.7556757893267569
426,3,0.0,0.0,0.0,0.0,0.0
426,4,0.0,0.0,0.0,0.0,0.0
427,0,0.0,-1.3587702549023895e-08,0.0,0.0,-16.034724372296363
427,1,0.0,0.0,-0.0028690317784819974,0.0,0.0
427,2,0.0,0.0,0.0,0.0,-0.7556757893267569
427,3,0.0,0.0,0.0,0.0,0.0
427,4,0.0,0.0,0.0,0.0,0.0
428,0,0.0,-1.3587702549023895e-08,0.0,0.0,-16.051631556664457
428,1,0.0,0.0,-0.0028690317784819974,0.0,0.0
428,2,0.0,0.0,0.0,0.0,-0.7556757893267569
428,3,0.0,0.0,0.0,0.0,0.0
428,4,0.0,0.0,0.0,0.0,0.0
429,0,0.0,-1.3587702549023895e-08,0.0,0.0,-16.080310433450705
429,1,0.0,0.0,-0.0028690317784819974,0.0,0.0
429,2,0.0,0.0,0.0,0.0,-0.7556757893267569
429,3,0.0,0.0,0.0,0.0,0.0
429,4,0.0,0.0,0.0,0.0,0.0
430,0,0.0,-1.3587702549023895e-08,0.0,0.0,-16.098724566248606
430,1,0.0,0.0,-0.0028690317784819974,0.0,0.0
430,2,0.0,0.0,0.0,0.0,-0.7556757893267569
430,3,0.0,0.0,0.0,0.0,0.0
430,4,0.0,0.0,0.0,0.0,0.0
431,0,0.0,-1.3587702549023895e-08,0.0,0.0,-16.11099764067443
431,1,0.0,0.0,-0.0028690317784819974,0.0,0.0
431,2,0.0,0.0,0.0,0.0,-0.7556757893267569
431,3,0.0,0.0,0.0,0.0,0.0
431,4,0.0,0.0,0.0,0.0,0.0
432,0,0.0,-1.3587702549023895e-08,0.0,0.0,-16.129270758659608
432,1,0.0,0.0,-0.0028690317784819974,0.0,0.0
432,2,0.0,0.0,0.0,0.0,-0.7556757893267569
432,3,0.0,0.0,0.0,0.0,0.0
432,4,0.0,0.0,0.0,0.0,0.0
433,0,0.0,-1.3587702549023895e-08,0.0,0.0,-16.155747598153393
433,1,0.0,0.0,-0.0028690317784819974,0.0,0.0
433,2,0.0,0.0,0.0,0.0,-0.7556757893267569
433,3,0.0,0.0,0.0,0.0,0.0
433,4,0.0,0.0,0.0,0.0,0.0
434,0,0.0,-1.3587702549023895e-08,0.0,0.0,-16.17836213398299
434,1,0.0,0.0,-0.0028690317784819974,0.0,0.0
434,2,0.0,0.0,0.0,0.0,-0.7556757893267569
434,3,0.0,0.0,0.0,0.0,0.0
434,4,0.0,0.0,0.0,0.0,0.0
435,0,0.0,-1.3587702549023895e-08,0.0,0.0,-16.192376284864583
435,1,0.0,0.0,-0.0028690317784819974,0.0,0.0
435,2,0.0,0.0,0.0,0.0,-0.7556757893267569
435,3,0.0,0.0,0.0,0.0,0.0
435,4,0.0,0.0,0.0,0.0,0.0
436,0,0.0,-1.3587702549023895e-08,0.0,0.0,-16.211502918680694
436,1,0.0,0.0,-0.0028690317784819974,0.0,0.0
436,2,0.0,0.0,0.0,0.0,-0.7556757893267569
436,3,0.0,0.0,0.0,0.0,0.0
436,4,0.0,0.0,0.0,0.0,0.0
437,0,0.0,-1.3587702549023895e-08,0.0,0.0,-16.24129328960551
437,1,0.0,0.0,-0.0028690317784819974,0.0,0.0
437,2,0.0,0.0,0.0,0.0,-0.7556757893267569
437,3,0.0,0.0,0.0,0.0,0.0
437,4,0.0,0.0,0.0,0.0,0.0
438,0,0.0,-1.3587702549023895e-08,0.0,0.0,-16.26038584461593
438,1,0.0,0.0,-0.0028690317784819974,0.0,0.0
438,2,0.0,0.0,0.0,0.0,-0.7556757893267569
438,3,0.0,0.0,0.0,0.0,0.0
438,4,0.0,0.0,0.0,0.0,0.0
439,0,0.0,-1.3587702549023895e-08,0.0,0.0,-16.281779244580484
439,1,0.0,0.0,-0.0028690317784819974,0.0,0.0
439,2,0.0,0.0,0.0,0.0,-0.7556757893267569
439,3,0.0,0.0,0.0,0.0,0.0
439,4,0.0,0.0,0.0,0.0,0.0
440,0,0.0,-1.3587702549023895e-08,0.0,0.0,-16.301662086327784
440,1,0.0,0.0,-0.0028690317784819974,0.0,0.0
440,2,0.0,0.0,0.0,0.0,-0.7556757893267569
440,3,0.0,0.0,0.0,0.0,0.0
440,4,0.0,0.0,0.0,0.0,0.0
441,0,0.0,-1.3587702549023895e-08,0.0,0.0,-16.32774757662219
441,1,0.0,0.0,-0.0028690317784819974,0.0,0.0
441,2,0.0,0.0,0.0,0.0,-0.7556757893267569
441,3,0.0,0.0,0.0,0.0,0.0
441,4,0.0,0.0,0.0,0.0,0.0
442,0,0.0,-1.3587702549023895e-08,0.0,0.0,-16.339671874045273
442,1,0.0,0.0,-0.0028690317784819974,0.0,0.0
442,2,0.0,0.0,0.0,0.0,-0.7556757893267569
442,3,0.0,0.0,0.0,0.0,0.0
442,4,0.0,0.0,0.0,0.0,0.0
443,0,0.0,-1.3587702549023895e-08,0.0,0.0,-16.349681580659354
443,1,0.0,0.0,-0.0028690317784819974,0.0,0.0
443,2,0.0,0.0,0.0,0.0,-0.7556757893267569
443,3,0.0,0.0,0.0,0.0,0.0
443,4,0.0,0.0,0.0,0.0,0.0
444,0,0.0,-1.3587702549023895e-08,0.0,0.0,-16.369723854281133
444,1,0.0,0.0,-0.0028690317784819974,0.0,0.0
444,2,0.0,0.0,0.0,0.0,-0.7556757893267569
444,3,0.0,0.0,0.0,0.0,0.0
444,4,0.0,0.0,0.0,0.0,0.0
445,0,0.0,-1.3587702549023895e-08,0.0,0.0,-16.38762280961268
445,1,0.0,0.0,-0.0028690317784819974,0.0,0.0
445,2,0.0,0.0,0.0,0.0,-0.7556757893267569
445,3,0.0,0.0,0.0,0.0,0.0
445,4,0.0,0.0,0.0,0.0,0.0
446,0,0.0,-1.3587702549023895e-08,0.0,0.0,-16.40831599524184
446,1,0.0,0.0,-0.0028690317784819974,0.0,0.0
446,2,0.0,0.0,0.0,0.0,-0.7556757893267569
446,3,0.0,0.0,0.0,0.0,0.0
446,4,0.0,0.0,0.0,0.0,0.0
447,0,0.0,-1.3587702549023895e-08,0.0,0.0,-16.425549961892596
447,1,0.0,0.0,-0.0028690317784819974,0.0,0.0
447,2,0.0,0.0,0.0,0.0,-0.7556757893267569
447,3,0.0,0.0,0.0,0.0,0.0
447,4,0.0,0.0,0.0,0.0,0.0
448,0,0.0,-1.3587702549023895e-08,0.0,0.0,-16.44428432423557
448,1,0.0,0.0,-0.0028690317784819974,0.0,0.0
448,2,0.0,0.0,0.0,0.0,-0.7556757893267569
448,3,0.0,0.0,0.0,0.0,0.0
448,4,0.0,0.0,0.0,0.0,0.0
449,0,0.0,-1.3587702549023895e-08,0.0,0.0,-16.471374653103265
449,1,0.0,0.0,-0.0028690317784819974,0.0,0.0
449,2,0.0,0.0,0.0,0.0,-0.7556757893267569
449,3,0.0,0.0,0.0,0.0,0.0
449,4,0.0,0.0,0.0,0.0,0.0
450,0,0.0,-1.3587702549023895e-08,0.0,0.0,-16.487036636946314
450,1,0.0,0.0,-0.0028690317784819974,0.0,0.0
450,2,0.0,0.0,0.0,0.0,-0.7556757893267569
450,3,0.0,0.0,0.0,0.0,0.0
450,4,0.0,0.0,0.0,0.0,0.0
451,0,0.0,-1.3587702549023895e-08,0.0,0.0,-16.501784459848206
451,1,0.0,0.0,-0.0028690317784819974,0.0,0.0
451,2,0.0,0.0,0.0,0.0,-0.7556757893267569
451,3,0.0,0.0,0.0,0.0,0.0
451,4,0.0,0.0,0.0,0.0,0.0
452,0,0.0,-1.3587702549023895e-08,0.0,0.0,-16.52218769548257
452,1,0.0,0.0,-0.0028690317784819974,0.0,0.0
452,2,0.0,0.0,0.0,0.0,-0.7556757893267569
452,3,0.0,0.0,0.0,0.0,0.0
452,4,0.0,0.0,0.0,0.0,0.0
453,0,0.0,-1.3587702549023895e-08,0.0,0.0,-16.54216545642408
453,1,0.0,0.0,-0.0028690317784819974,0.0,0.0
453,2,0.0,0.0,0.0,0.0,-0.7556757893267569
453,3,0.0,0.0,0.0,0.0,0.0
453,4,0.0,0.0,0.0,0.0,0.0
454,0,0.0,-1.3587702549023895e-08,0.0,0.0,-16.565665545488727
454,1,0.0,0.0,-0.0028690317784819974,0.0,0.0
454,2,0.0,0.0,0.0,0.0,-0.7556757893267569
454,3,0.0,0.0,0.0,0.0,0.0
454,4,0.0,0.0,0.0,0.0,0.0
455,0,0.0,-1.3587702549023895e-08,0.0,0.0,-16.586814022231394
455,1,0.0,0.0,-0.0028690317784819974,0.0,0.0
455,2,0.0,0.0,0.0,0.0,-0.7556757893267569
455,3,0.0,0.0,0.0,0.0,0.0
455,4,0.0,0.0,0.0,0.0,0.0
456,0,0.0,-1.3587702549023895e-08,0.0,0.0,-16.60235776769162
456,1,0.0,0.0,-0.0028690317784819974,0.0,0.0
456,2,0.0,0.0,0.0,0.0,-0.7556757893267569
456,3,0.0,0.0,0.0,0.0,0.0
456,4,0.0,0.0,0.0,0.0,0.0
457,0,0.0,-1.3587702549023895e-08,0.0,0.0,-16.62450584682213
457,1,0.0,0.0,-0.0028690317784819974,0.0,0.0
457,2,0.0,0.0,0.0,0.0,-0.7556757893267569
457,3,0.0,0.0,0.0,0.0,0.0
457,4,0.0,0.0,0.0,0.0,0.0
458,0,0.0,-1.3587702549023895e-08,0.0,0.0,-16.6391381952347
458,1,0.0,0.0,-0.0028690317784819974,0.0,0.0
458,2,0.0,0.0,0.0,0.0,-0.7556757893267569
458,3,0.0,0.0,0.0,0.0,0.0
458,4,0.0,0.0,0.0,0.0,0.0
459,0,0.0,-1.3587702549023895e-08,0.0,0.0,-16.650082486953224
459,1,0.0,0.0,-0.0028690317784819974,0.0,0.0
459,2,0.0,0.0,0.0,0.0,-0.7556757893267569
459,3,0.0,0.0,0.0,0.0,0.0
459,4,0.0,0.0,0.0,0.0,0.0
460,0,0.0,-1.3587702549023895e-08,0.0,0.0,-16.665750853369797
460,1,0.0,0.0,-0.0028690317784819974,0.0,0.0
460,2,0.0,0.0,0.0,0.0,-0.7556757893267569
460,3,0.0,0.0,0.0,0.0,0.0
460,4,0.0,0.0,0.0,0.0,0.0
461,0,0.0,-1.3587702549023895e-08,0.0,0.0,-16.681694961074214
461,1,0.0,0.0,-0.0028690317784819974,0.0,0.0
461,2,0.0,0.0,0.0,0.0,-0.7556757893267569
461,3,0.0,0.0,0.0,0.0,0.0
461,4,0.0,0.0,0.0,0.0,0.0
462,0,0.0,-1.3587702549023895e-08,0.0,0.0,-16.700954082266108
462,1,0.0,0.0,-0.0028690317784819974,0.0,0.0
462,2,0.0,0.0,0.0,0.0,-0.7556757893267569
462,3,0.0,0.0,0.0,0.0,0.0
462,4,0.0,0.0,0.0,0.0,0.0
463,0,0.0,-1.3587702549023895e-08,0.0,0.0,-16.717517487206866
463,1,0.0,0.0,-0.0028690317784819974,0.0,0.0
463,2,0.0,0.0,0.0,0.0,-0.7556757893267569
463,3,0.0,0.0,0.0,0.0,0.0
463,4,0.0,0.0,0.0,0.0,0.0
464,0,0.0,-1.3587702549023895e-08,0.0,0.0,-16.74018155467227
464,1,0.0,0.0,-0.0028690317784819974,0.0,0.0
464,2,0.0,0.0,0.0,0.0,-0.7556757893267569
464,3,0.0,0.0,0.0,0.0,0.0
464,4,0.0,0.0,0.0,0.0,0.0
465,0,0.0,-1.3587702549023895e-08,0.0,0.0,-16.759059568581893
465,1,0.0,0.0,-0.0028690317784819974,0.0,0.0
465,2,0.0,0.0,0.0,0.0,-0.7556757893267569
465,3,0.0,0.0,0.0,0.0,0.0
465,4,0.0,0.0,0.0,0.0,0.0
466,0,0.0,-1.3587702549023895e-08,0.0,0.0,-16.777444335268616
466,1,0.0,0.0,-0.0028690317784819974,0.0,0.0
466,2,0.0,0.0,0.0,0.0,-0.7556757893267569
466,3,0.0,0.0,0.0,0.0,0.0
466,4,0.0,0.0,0.0,0.0,0.0
467,0,0.0,-1.3587702549023895e-08,0.0,0.0,-16.79740029067481
467,1,0.0,0.0,-0.0028690317784819974,0.0,0.0
467,2,0.0,0.0,0.0,0.0,-0.7556757893267569
467,3,0.0,0.0,0.0,0.0,0.0
467,4,0.0,0.0,0.0,0.0,0.0
468,0,0.0,-1.3587702549023895e-08,0.0,0.0,-16.804878386804198
468,1,0.0,0.0,-0.0028690317784819974,0.0,0.0
468,2,0.0,0.0,0.0,0.0,-0.7556757893267569
468,3,0.0,0.0,0.0,0.0,0.0
468,4,0.0,0.0,0.0,0.0,0.0
469,0,0.0,-1.3587702549023895e-08,0.0,0.0,-16.817122852762292
469,1,0.0,0.0,-0.0028690317784819974,0.0,0.0
469,2,0.0,0.0,0.0,0.0,-0.7556757893267569
469,3,0.0,0.0,0.0,0.0,0.0
469,4,0.0,0.0,0.0,0.0,0.0
470,0,0.0,-1.3587702549023895e-08,0.0,0.0,-16.837639796671777
470,1,0.0,0.0,-0.0028690317784819974,0.0,0.0
470,2,0.0,0.0,0.0,0.0,-0.7556757893267569
470,3,0.0,0.0,0.0,0.0,0.0
470,4,0.0,0.0,0.0,0.0,0.0
471,0,0.0,-1.3587702549023895e-08,0.0,0.0,-16.846129144710947
471,1,0.0,0.0,-0.0028690317784819974,0.0,0.0
471,2,0.0,0.0,0.0,0.0,-0.7556757893267569
471,3,0.0,0.0,0.0,0.0,0.0
471,4,0.0,0.0,0.0,0.0,0.0
472,0,0.0,-1.3587702549023895e-08,0.0,0.0,-16.868882687356027
472,1,0.0,0.0,-0.0028690317784819974,0.0,0.0
472,2,0.0,0.0,0.0,0.0,-0.7556757893267569
472,3,0.0,0.0,0.0,0.0,0.0
472,4,0.0,0.0,0.0,0.0,0.0
473,0,0.0,-1.3587702549023895e-08,0.0,0.0,-16.887339733392764
473,1,0.0,0.0,-0.0028690317784819974,0.0,0.0
473,2,0.0,0.0,0.0,0.0,-0.7556757893267569
473,3,0.0,0.0,0.0,0.0,0.0
473,4,0.0,0.0,0.0,0.0,0.0
474,0,0.0,-1.3587702549023895e-08,0.0,0.0,-16.897403835727523
474,1,0.0,0.0,-0.0028690317784819974,0.0,0.0
474,2,0.0,0.0,0.0,0.0,-0.7556757893267569
474,3,0.0,0.0,0.0,0.0,0.0
474,4,0.0,0.0,0.0,0.0,0.0
475,0,0.0,-1.3587702549023895e-08,0.0,0.0,-16.91657595256537
475,1,0.0,0.0,-0.0028690317784819974,0.0,0.0
475,2,0.0,0.0,0.0,0.0,-0.7556757893267569
475,3,0.0,0.0,0.0,0.0,0.0
475,4,0.0,0.0,0.0,0.0,0.0
476,0,0.0,-1.3587702549023895e-08,0.0,0.0,-16.93118402961853
476,1,0.0,0.0,-0.0028690317784819974,0.0,0.0
476,2,0.0,0.0,0.0,0.0,-0.7556757893267569
476,3,0.0,0.0,0.0,0.0,0.0
476,4,0.0,0.0,0.0,0.0,0.0
477,0,0.0,-1.3587702549023895e-08,0.0,0.0,-16.948103278497854
477,1,0.0,0.0,-0.0028690317784819974,0.0,0.0
477,2,0.0,0.0,0.0,0.0,-0.7556757893267569
477,3,0.0,0.0,0.0,0.0,0.0
477,4,0.0,0.0,0.0,0.0,0.0
478,0,0.0,-1.3587702549023895e-08,0.0,0.0,-16.972266255507744
478,1,0.0,0.0,-0.0028690317784819974,0.0,0.0
478,2,0.0,0.0,0.0,0.0,-0.7556757893267569
478,3,0.0,0.0,0.0,0.0,0.0
478,4,0.0,0.0,0.0,0.0,0.0
479,0,0.0,-1.3587702549023895e-08,0.0,0.0,-16.990097297533445
479,1,0.0,0.0,-0.0028690317784819974,0.0,0.0
479,2,0.0,0.0,0.0,0.0,-0.7556757893267569
479,3,0.0,0.0,0.0,0.0,0.0
479,4,0.0,0.0,0.0,0.0,0.0
480,0,0.0,-1.3587702549023895e-08,0.0,0.0,-17.009875397507926
480,1,0.0,0.0,-0.0028690317784819974,0.0,0.0
480,2,0.0,0.0,0.0,0.0,-0.7556757893267569
480,3,0.0,0.0,0.0,0.0,0.0
480,4,0.0,0.0,0.0,0.0,0.0
481,0,0.0,-1.3587702549023895e-08,0.0,0.0,-17.023134139501252
481,1,0.0,0.0,-0.0028690317784819974,0.0,0.0
481,2,0.0,0.0,0.0,0.0,-0.7556757893267569
481,3,0.0,0.0,0.0,0.0,0.0
481,4,0.0,0.0,0.0,0.0,0.0
482,0,0.0,-1.3587702549023895e-08,0.0,0.0,-17.04026862427741
482,1,0.0,0.0,-0.0028690317784819974,0.0,0.0
482,2,0.0,0.0,0.0,0.0,-0.7556757893267569
482,3,0.0,0.0,0.0,0.0,0.0
482,4,0.0,0.0,0.0,0.0,0.0
483,0,0.0,-1.3587702549023895e-08,0.0,0.0,-17.056178386325993
483,1,0.0,0.0,-0.0028690317784819974,0.0,0.0
483,2,0.0,0.0,0.0,0.0,-0.7556757893267569
483,3,0.0,0.0,0.0,0.0,0.0
483,4,0.0,0.0,0.0,0.0,0.0
484,0,0.0,-1.3587702549023895e-08,0.0,0.0,-17.078630385402743
484,1,0.0,0.0,-0.0028690317784819974,0.0,0.0
484,2,0.0,0.0,0.0,0.0,-0.7556757893267569
484,3,0.0,0.0,0.0,0.0,0.0
484,4,0.0,0.0,0.0,0.0,0.0
485,0,0.0,-1.3587702549023895e-08,0.0,0.0,-17.085268463937677
485,1,0.0,0.0,-0.0028690317784819974,0.0,0.0
485,2,0.0,0.0,0.0,0.0,-0.7556757893267569
485,3,0.0,0.0,0.0,0.0,0.0
485,4,0.0,0.0,0.0,0.0,0.0
486,0,0.0,-1.3587702549023895e-08,0.0,0.0,-17.101827737663186
486,1,0.0,0.0,-0.0028690317784819974,0.0,0.0
486,2,0.0,0.0,0.0,0.0,-0.7556757893267569
486,3,0.0,0.0,0.0,0.0,0.0
486,4,0.0,0.0,0.0,0.0,0.0
487,0,0.0,-1.3587702549023895e-08,0.0,0.0,-17.11558325009579
487,1,0.0,0.0,-0.0028690317784819974,0.0,0.0
487,2,0.0,0.0,0.0,0.0,-0.7556757893267569
487,3,0.0,0.0,0.0,0.0,0.0
487,4,0.0,0.0,0.0,0.0,0.0
488,0,0.0,-1.3587702549023895e-08,0.0,0.0,-17.12634343486711
488,1,0.0,0.0,-0.0028690317784819974,0.0,0.0
488,2,0.0,0.0,0.0,0.0,-0.7556757893267569
488,3,0.0,0.0,0.0,0.0,0.0
488,4,0.0,0.0,0.0,0.0,0.0
489,0,0.0,-1.3587702549023895e-08,0.0,0.0,-17.14073001058367
489,1,0.0,0.0,-0.0028690317784819974,0.0,0.0
489,2,0.0,0.0,0.0,0.0,-0.7556757893267569
489,3,0.0,0.0,0.0,0.0,0.0
489,4,0.0,0.0,0.0,0.0,0.0
490,0,0.0,-1.3587702549023895e-08,0.0,0.0,-17.16507966411759
490,1,0.0,0.0,-0.0028690317784819974,0.0,0.0
490,2,0.0,0.0,0.0,0.0,-0.7556757893267569
490,3,0.0,0.0,0.0,0.0,0.0
490,4,0.0,0.0,0.0,0.0,0.0
491,0,0.0,-1.3587702549023895e-08,0.0,0.0,-17.179535442412433
491,1,0.0,0.0,-0.0028690317784819974,0.0,0.0
491,2,0.0,0.0,0.0,0.0,-0.7556757893267569
491,3,0.0,0.0,0.0,0.0,0.0
491,4,0.0,0.0,0.0,0.0,0.0
492,0,0.0,-1.3587702549023895e-08,0.0,0.0,-17.190156604946036
492,1,0.0,0.0,-0.0028690317784819974,0.0,0.0
492,2,0.0,0.0,0.0,0.0,-0.7556757893267569
492,3,0.0,0.0,0.0,0.0,0.0
492,4,0.0,0.0,0.0,0.0,0.0
493,0,0.0,-1.3587702549023895e-08,0.0,0.0,-17.20811803986865
493,1,0.0,0.0,-0.0028690317784819974,0.0,0.0
493,2,0.0,0.0,0.0,0.0,-0.7556757893267569
493,3,0.0,0.0,0.0,0.0,0.0
493,4,0.0,0.0,0.0,0.0,0.0
494,0,0.0,-1.3587702549023895e-08,0.0,0.0,-17.228395915219746
494,1,0.0,0.0,-0.0028690317784819974,0.0,0.0
494,2,0.0,0.0,0.0,0.0,-0.7556757893267569
494,3,0.0,0.0,0.0,0.0,0.0
494,4,0.0,0.0,0.0,0.0,0.0
495,0,0.0,-1.3587702549023895e-08,0.0,0.0,-17.241964086754923
495,1,0.0,0.0,-0.0028690317784819974,0.0,0.0
495,2,0.0,0.0,0.0,0.0,-0.7556757893267569
495,3,0.0,0.0,0.0,0.0,0.0
495,4,0.0,0.0,0.0,0.0,0.0
496,0,0.0,-1.3587702549023895e-08,0.0,0.0,-17.264820714011016
496,1,0.0,0.0,-0.0028690317784819974,0.0,0.0
496,2,0.0,0.0,0.0,0.0,-0.7556757893267569
496,3,0.0,0.0,0.0,0.0,0.0
496,4,0.0,0.0,0.0,0.0,0.0
497,0,0.0,-1.3587702549023895e-08,0.0,0.0,-17.27853497338374
497,1,0.0,0.0,-0.0028690317784819974,0.0,0.0
497,2,0.0,0.0,0.0,0.0,-0.7556757893267569
497,3,0.0,0.0,0.0,0.0,0.0
497,4,0.0,0.0,0.0,0.0,0.0
498,0,0.0,-1.3587702549023895e-08,0.0,0.0,-17.297488300876594
498,1,0.0,0.0,-0.0028690317784819974,0.0,0.0
498,2,0.0,0.0,0.0,0.0,-0.7556757893267569
498,3,0.0,0.0,0.0,0.0,0.0
498,4,0.0,0.0,0.0,0.0,0.0
499,0,0.0,-1.3587702549023895e-08,0.0,0.0,-17.317628893848173
499,1,0.0,0.0,-0.0028690317784819974,0.0,0.0
499,2,0.0,0.0,0.0,0.0,-0.7556757893267569
499,3,0.0,0.0,0.0,0.0,0.0
499,4,0.0,0.0,0.0,0.0,0.0
500,0,0.0,-1.3587702549023895e-08,0.0,0.0,-17.343563681782463
500,1,0.0,0.0,-0.0028690317784819974,0.0,0.0
500,2,0.0,0.0,0.0,0.0,-0.7556757893267569
500,3,0.0,0.0,0.0,0.0,0.0
500,4,0.0,0.0,0.0,0.0,0.0
501,0,0.0,-1.3587702549023895e-08,0.0,0.0,-17.359591273497617
501,1,0.0,0.0,-0.0028690317784819974,0.0,0.0
501,2,0.0,0.0,0.0,0.0,-0.7556757893267569
501,3,0.0,0.0,0.0,0.0,0.0
501,4,0.0,0.0,0.0,0.0,0.0
502,0,0.0,-1.3587702549023895e-08,0.0,0.0,-17.382251604301842
502,1,0.0,0.0,-0.0028690317784819974,0.0,0.0
502,2,0.0,0.0,0.0,0.0,-0.7556757893267569
502,3,0.0,0.0,0.0,0.0,0.0
502,4,0.0,0.0,0.0,0.0,0.0
503,0,0.0,-1.3587702549023895e-08,0.0,0.0,-17.4017526062589
503,1,0.0,0.0,-0.0028690317784819974,0.0,0.0
503,2,0.0,0.0,0.0,0.0,-0.7556757893267569
503,3,0.0,0.0,0.0,0.0,0.0
503,4,0.0,0.0,0.0,0.0,0.0
504,0,0.0,-1.3587702549023895e-08,0.0,0.0,-17.413023672000538
504,1,0.0,0.0,-0.0028690317784819974,0.0,0.0
504,2,0.0,0.0,0.0,0.0,-0.7556757893267569
504,3,0.0,0.0,0.0,0.0,0.0
504,4,0.0,0.0,0.0,0.0,0.0
505,0,0.0,-1.3587702549023895e-08,0.0,0.0,-17.422413292343457
505,1,0.0,0.0,-0.0028690317784819974,0.0,0.0
505,2,0.0,0.0,0.0,0.0,-0.7556757893267569
505,3,0.0,0.0,0.0,0.0,0.0
505,4,0.0,0.0,0.0,0.0,0.0
506,0,0.0,-1.3587702549023895e-08,0.0,0.0,-17.442308853554987
506,1,0.0,0.0,-0.0028690317784819974,0.0,0.0
506,2,0.0,0.0,0.0,0.0,-0.7556757893267569
506,3,0.0,0.0,0.0,0.0,0.0
506,4,0.0,0.0,0.0,0.0,0.0
507,0,0.0,-1.3587702549023895e-08,0.0,0.0,-17.462820883413972
507,1,0.0,0.0,-0.0028690317784819974,0.0,0.0
507,2,0.0,0.0,0.0,0.0,-0.7556757893267569
507,3,0.0,0.0,0.0,0.0,0.0
507,4,0.0,0.0,0.0,0.0,0.0
508,0,0.0,-1.3587702549023895e-08,0.0,0.0,-17.479298336730853
508,1,0.0,0.0,-0.0028690317784819974,0.0,0.0
508,2,0.0,0.0,0.0,0.0,-0.7556757893267569
508,3,0.0,0.0,0.0,0.0,0.0
508,4,0.0,0.0,0.0,0.0,0.0
509,0,0.0,-1.3587702549023895e-08,0.0,0.0,-17.499500810747513
509,1,0.0,0.0,-0.0028690317784819974,0.0,0.0
509,2,0.0,0.0,0.0,0.0,-0.7556757893267569
509,3,0.0,0.0,0.0,0.0,0.0
509,4,0.0,0.0,0.0,0.0,0.0
510,0,0.0,-1.3587702549023895e-08,0.0,0.0,-17.518242067025387
510,1,0.0,0.0,-0.0028690317784819974,0.0,0.0
510,2,0.0,0.0,0.0,0.0,-0.7556757893267569
510,3,0.0,0.0,0.0,0.0,0.0
510,4,0.0,0.0,0.0,0.0,0.0
511,0,0.0,-1.3587702549023895e-08,0.0,0.0,-17.53210372043357
511,1,0.0,0.0,-0.0028690317784819974,0.0,0.0
511,2,0.0,0.0,0.0,0.0,-0.7556757893267569
511,3,0.0,0.0,0.0,0.0,0.0
511,4,0.0,0.0,0.0,0.0,0.0
512,0,0.0,-1.3587702549023895e-08,0.0,0.0,-17.55187967274953
512,1,0.0,0.0,-0.0028690317784819974,0.0,0.0
512,2,0.0,0.0,0.0,0.0,-0.7556757893267569
512,3,0.0,0.0,0.0,0.0,0.0
512,4,0.0,0.0,0.0,0.0,0.0
513,0,0.0,-1.3587702549023895e-08,0.0,0.0,-17.567342367963434
513,1,0.0,0.0,-0.0028690317784819974,0.0,0.0
513,2,0.0,0.0,0.0,0.0,-0.7556757893267569
513,3,0.0,0.0,0.0,0.0,0.0
513,4,0.0,0.0,0.0,0.0,0.0
514,0,0.0,-1.3587702549023895e-08,0.0,0.0,-17.57623924118634
514,1,0.0,0.0,-0.0028690317784819974,0.0,0.0
514,2,0.0,0.0,0.0,0.0,-0.7556757893267569
514,3,0.0,0.0,0.0,0.0,0.0
514,4,0.0,0.0,0.0,0.0,0.0
515,0,0.0,-1.3587702549023895e-08,0.0,0.0,-17.583012560532012
515,1,0.0,0.0,-0.0028690317784819974,0.0,0.0
515,2,0.0,0.0,0.0,0.0,-0.7556757893267569
515,3,0.0,0.0,0.0,0.0,0.0
515,4,0.0,0.0,0.0,0.0,0.0
516,0,0.0,-1.3587702549023895e-08,0.0,0.0,-17.602112403260325
516,1,0.0,0.0,-0.0028690317784819974,0.0,0.0
516,2,0.0,0.0,0.0,0.0,-0.7556757893267569
516,3,0.0,0.0,0.0,0.0,0.0
516,4,0.0,0.0,0.0,0.0,0.0
517,0,0.0,-1.3587702549023895e-08,0.0,0.0,-17.615910561602963
517,1,0.0,0.0,-0.0028690317784819974,0.0,0.0
517,2,0.0,0.0,0.0,0.0,-0.7556757893267569
517,3,0.0,0.0,0.0,0.0,0.0
517,4,0.0,0.0,0.0,0.0,0.0
518,0,0.0,-1.3587702549023895e-08,0.0,0.0,-17.622764576633458
518,1,0.0,0.0,-0.0028690317784819974,0.0,0.0
518,2,0.0,0.0,0.0,0.0,-0.7556757893267569
518,3,0.0,0.0,0.0,0.0,0.0
518,4,0.0,0.0,0.0,0.0,0.0
519,0,0.0,-1.3587702549023895e-08,0.0,0.0,-17.638701041134798
519,1,0.0,0.0,-0.0028690317784819974,0.0,0.0
519,2,0.0,0.0,0.0,0.0,-0.7556757893267569
519,3,0.0,0.0,0.0,0.0,0.0
519,4,0.0,0.0,0.0,0.0,0.0
520,0,0.0,-1.3587702549023895e-08,0.0,0.0,-17.654971926242865
520,1,0.0,0.0,-0.0028690317784819974,0.0,0.0
520,2,0.0,0.0,0.0,0.0,-0.7556757893267569
520,3,0.0,0.0,0.0,0.0,0.0
520,4,0.0,0.0,0.0,0.0,0.0
521,0,0.0,-1.3587702549023895e-08,0.0,0.0,-17.67208166351178
521,1,0.0,0.0,-0.0028690317784819974,0.0,0.0
521,2,0.0,0.0,0.0,0.0,-0.7556757893267569
521,3,0.0,0.0,0.0,0.0,0.0
521,4,0.0,0.0,0.0,0.0,0.0
522,0,0.0,-1.3587702549023895e-08,0.0,0.0,-17.69664080670078
522,1,0.0,0.0,-0.0028690317784819974,0.0,0.0
522,2,0.0,0.0,0.0,0.0,-0.7556757893267569
522,3,0.0,0.0,0.0,0.0,0.0
522,4,0.0,0.0,0.0,0.0,0.0
523,0,0.0,-1.3587702549023895e-08,0.0,0.0,-17.709563435363112
523,1,0.0,0.0,-0.0028690317784819974,0.0,0.0
523,2,0.0,0.0,0.0,0.0,-0.7556757893267569
523,3,0.0,0.0,0.0,0.0,0.0
523,4,0.0,0.0,0.0,0.0,0.0
524,0,0.0,-1.3587702549023895e-08,0.0,0.0,-17.724277967360287
524,1,0.0,0.0,-0.0028690317784819974,0.0,0.0
524,2,0.0,0.0,0.0,0.0,-0.7556757893267569
524,3,0.0,0.0,0.0,0.0,0.0
524,4,0.0,0.0,0.0,0.0,0.0
525,0,0.0,-1.3587702549023895e-08,0.0,0.0,-17.74070811291229
525,1,0.0,0.0,-0.0028690317784819974,0.0,0.0
525,2,0.0,0.0,0.0,0.0,-0.7556757893267569
525,3,0.0,0.0,0.0,0.0,0.0
525,4,0.0,0.0,0.0,0.0,0.0
526,0,0.0,-1.3587702549023895e-08,0.0,0.0,-17.75767974652768
526,1,0.0,0.0,-0.0028690317784819974,0.0,0.0
526,2,0.0,0.0,0.0,0.0,-0.7556757893267569
526,3,0.0,0.0,0.0,0.0,0.0
526,4,0.0,0.0,0.0,0.0,0.0
527,0,0.0,-1.3587702549023895e-08,0.0,0.0,-17.774359455401168
527,1,0.0,0.0,-0.0028690317784819974,0.0,0.0
527,2,0.0,0.0,0.0,0.0,-0.7556757893267569
527,3,0.0,0.0,0.0,0.0,0.0
527,4,0.0,0.0,0.0,0.0,0.0
528,0,0.0,-1.3587702549023895e-08,0.0,0.0,-17.794699697906395
528,1,0.0,0.0,-0.0028690317784819974,0.0,0.0
528,2,0.0,0.0,0.0,0.0,-0.7556757893267569
528,3,0.0,0.0,0.0,0.0,0.0
528,4,0.0,0.0,0.0,0.0,0.0
529,0,0.0,-1.3587702549023895e-08,0.0,0.0,-17.811923461824687
529,1,0.0,0.0,-0.0028690317784819974,0.0,0.0
529,2,0.0,0.0,0.0,0.0,-0.7556757893267569
529,3,0.0,0.0,0.0,0.0,0.0
529,4,0.0,0.0,0.0,0.0,0.0
530,0,0.0,-1.3587702549023895e-08,0.0,0.0,-17.818008275594767
530,1,0.0,0.0,-0.0028690317784819974,0.0,0.0
530,2,0.0,0.0,0.0,0.0,-0.7556757893267569
530,3,0.0,0.0,0.0,0.0,0.0
530,4,0.0,0.0,0.0,0.0,0.0
531,0,0.0,-1.3587702549023895e-08,0.0,0.0,-17.83557047655803
531,1,0.0,0.0,-0.0028690317784819974,0.0,0.0
531,2,0.0,0.0,0.0,0.0,-0.7556757893267569
531,3,0.0,0.0,0.0,0.0,0.0
531,4,0.0,0.0,0.0,0.0,0.0
532,0,0.0,-1.3587702549023895e-08,0.0,0.0,-17.83951301265954
532,1,0.0,0.0,-0.0028690317784819974,0.0,0.0
532,2,0.0,0.0,0.0,0.0,-0.7556757893267569
532,3,0.0,0.0,0.0,0.0,0.0
532,4,0.0,0.0,0.0,0.0,0.0
533,0,0.0,-1.3587702549023895e-08,0.0,0.0,-17.857132044184223
533,1,0.0,0.0,-0.0028690317784819974,0.0,0.0
533,2,0.0,0.0,0.0,0.0,-0.7556757893267569
533,3,0.0,0.0,0.0,0.0,0.0
533,4,0.0,0.0,0.0,0.0,0.0
534,0,0.0,-1.3587702549023895e-08,0.0,0.0,-17.868435866375407
534,1,0.0,0.0,-0.0028690317784819974,0.0,0.0
534,2,0.0,0.0,0.0,0.0,-0.7556757893267569
534,3,0.0,0.0,0.0,0.0,0.0
534,4,0.0,0.0,0.0,0.0,0.0
535,0,0.0,-1.3587702549023895e-08,0.0,0.0,-17.87989400430662
535,1,0.0,0.0,-0.0028690317784819974,0.0,0.0
535,2,0.0,0.0,0.0,0.0,-0.7556757893267569
535,3,0.0,0.0,0.0,0.0,0.0
535,4,0.0,0.0,0.0,0.0,0.0
536,0,0.0,-1.3587702549023895e-08,0.0,0.0,-17.90179449741954
536,1,0.0,0.0,-0.0028690317784819974,0.0,0.0
536,2,0.0,0.0,0.0,0.0,-0.7556757893267569
536,3,0.0,0.0,0.0,0.0,0.0
536,4,0.0,0.0,0.0,0.0,0.0
537,0,0.0,-1.3587702549023895e-08,0.0,0.0,-17.914712850136446
537,1,0.0,0.0,-0.0028690317784819974,0.0,0.0
537,2,0.0,0.0,0.0,0.0,-0.7556757893267569
537,3,0.0,0.0,0.0,0.0,0.0
537,4,0.0,0.0,0.0,0.0,0.0
538,0,0.0,-1.3587702549023895e-08,0.0,0.0,-17.932224513373956
538,1,0.0,0.0,-0.0028690317784819974,0.0,0.0
538,2,0.0,0.0,0.0,0.0,-0.7556757893267569
538,3,0.0,0.0,0.0,0.0,0.0
538,4,0.0,0.0,0.0,0.0,0.0
539,0,0.0,-1.3587702549023895e-08,0.0,0.0,-17.94563267766159
539,1,0.0,0.0,-0.0028690317784819974,0.0,0.0
539,2,0.0,0.0,0.0,0.0,-0.7556757893267569
539,3,0.0,0.0,0.0,0.0,0.0
539,4,0.0,0.0,0.0,0.0,0.0
540,0,0.0,-1.3587702549023895e-08,0.0,0.0,-17.968344442426236
540,1,0.0,0.0,-0.0028690317784819974,0.0,0.0
540,2,0.0,0.0,0.0,0.0,-0.7556757893267569
540,3,0.0,0.0,0.0,0.0,0.0
540,4,0.0,0.0,0.0,0.0,0.0
541,0,0.0,-1.3587702549023895e-08,0.0,0.0,-17.972713151293824
541,1,0.0,0.0,-0.0028690317784819974,0.0,0.0
541,2,0.0,0.0,0.0,0.0,-0.7556757893267569
541,3,0.0,0.0,0.0,0.0,0.0
541,4,0.0,0.0,0.0,0.0,0.0
542,0,0.0,-1.3587702549023895e-08,0.0,0.0,-17.982104801451598
542,1,0.0,0.0,-0.0028690317784819974,0.0,0.0
542,2,0.0,0.0,0.0,0.0,-0.7556757893267569
542,3,0.0,0.0,0.0,0.0,0.0
542,4,0.0,0.0,0.0,0.0,0.0
543,0,0.0,-1.3587702549023895e-08,0.0,0.0,-17.99412291713923
543,1,0.0,0.0,-0.0028690317784819974,0.0,0.0
543,2,0.0,0.0,0.0,0.0,-0.7556757893267569
543,3,0.0,0.0,0.0,0.0,0.0
543,4,0.0,0.0,0.0,0.0,0.0
544,0,0.0,-1.3587702549023895e-08,0.0,0.0,-18.009712972607275
544,1,0.0,0.0,-0.0028690317784819974,0.0,0.0
544,2,0.0,0.0,0.0,0.0,-0.7556757893267569
544,3,0.0,0.0,0.0,0.0,0.0
544,4,0.0,0.0,0.0,0.0,0.0
545,0,0.0,-1.3587702549023895e-08,0.0,0.0,-18.030854641779435
545,1,0.0,0.0,-0.0028690317784819974,0.0,0.0
545,2,0.0,0.0,0.0,0.0,-0.7556757893267569
545,3,0.0,0.0,0.0,0.0,0.0
545,4,0.0,0.0,0.0,0.0,0.0
546,0,0.0,-1.3587702549023895e-08,0.0,0.0,-18.04396344866645
546,1,0.0,0.0,-0.0028690317784819974,0.0,0.0
546,2,0.0,0.0,0.0,0.0,-0.7556757893267569
546,3,0.0,0.0,0.0,0.0,0.0
546,4,0.0,0.0,0.0,0.0,0.0
547,0,0.0,-1.3587702549023895e-08,0.0,0.0,-18.05929719589304
547,1,0.0,0.0,-0.0028690317784819974,0.0,0.0
547,2,0.0,0.0,0.0,0.0,-0.7556757893267569
547,3,0.0,0.0,0.0,0.0,0.0
547,4,0.0,0.0,0.0,0.0,0.0
548,0,0.0,-1.3587702549023895e-08,0.0,0.0,-18.07362818515932
548,1,0.0,0.0,-0.0028690317784819974,0.0,0.0
548,2,0.0,0.0,0.0,0.0,-0.7556757893267569
548,3,0.0,0.0,0.0,0.0,0.0
548,4,0.0,0.0,0.0,0.0,0.0
549,0,0.0,-1.3587702549023895e-08,0.0,0.0,-18.08931375960142
549,1,0.0,0.0,-0.0028690317784819974,0.0,0.0
549,2,0.0,0.0,0.0,0.0,-0.7556757893267569
549,3,0.0,0.0,0.0,0.0,0.0
549,4,0.0,0.0,0.0,0.0,0.0
550,0,0.0,-1.3587702549023895e-08,0.0,0.0,-18.09634918397926
550,1,0.0,0.0,-0.0028690317784819974,0.0,0.0
550,2,0.0,0.0,0.0,0.0,-0.7556757893267569
550,3,0.0,0.0,0.0,0.0,0.0
550,4,0.0,0.0,0.0,0.0,0.0
551,0,0.0,-1.3587702549023895e-08,0.0,0.0,-18.1155696692942
551,1,0.0,0.0,-0.0028690317784819974,0.0,0.0
551,2,0.0,0.0,0.0,0.0,-0.7556757893267569
551,3,0.0,0.0,0.0,0.0,0.0
551,4,0.0,0.0,0.0,0.0,0.0
552,0,0.0,-1.3587702549023895e-08,0.0,0.0,-18.127603554402025
552,1,0.0,0.0,-0.0028690317784819974,0.0,0.0
552,2,0.0,0.0,0.0,0.0,-0.7556757893267569
552,3,0.0,0.0,0.0,0.0,0.0
552,4,0.0,0.0,0.0,0.0,0.0
553,0,0.0,-1.3587702549023895e-08,0.0,0.0,-18.14744663528005
553,1,0.0,0.0,-0.0028690317784819974,0.0,0.0
553,2,0.0,0.0,0.0,0.0,-0.7556757893267569
553,3,0.0,0.0,0.0,0.0,0.0
553,4,0.0,0.0,0.0,0.0,0.0
554,0,0.0,-1.3587702549023895e-08,0.0,0.0,-18.159917895195708
554,1,0.0,0.0,-0.0028690317784819974,0.0,0.0
554,2,0.0,0.0,0.0,0.0,-0.7556757893267569
554,3,0.0,0.0,0.0,0.0,0.0
554,4,0.0,0.0,0.0,0.0,0.0
555,0,0.0,-1.3587702549023895e-08,0.0,0.0,-18.170430482644644
555,1,0.0,0.0,-0.0028690317784819974,0.0,0.0
555,2,0.0,0.0,0.0,0.0,-0.7556757893267569
555,3,0.0,0.0,0.0,0.0,0.0
555,4,0.0,0.0,0.0,0.0,0.0
556,0,0.0,-1.3587702549023895e-08,0.0,0.0,-18.18144751161055
556,1,0.0,0.0,-0.0028690317784819974,0.0,0.0
556,2,0.0,0.0,0.0,0.0,-0.7556757893267569
556,3,0.0,0.0,0.0,0.0,0.0
556,4,0.0,0.0,0.0,0.0,0.0
557,0,0.0,-1.3587702549023895e-08,0.0,0.0,-18.1956175587019
557,1,0.0,0.0,-0.0028690317784819974,0.0,0.0
557,2,0.0,0.0,0.0,0.0,-0.7556757893267569
557,3,0.0,0.0,0.0,0.0,0.0
557,4,0.0,0.0,0.0,0.0,0.0
558,0,0.0,-1.3587702549023895e-08,0.0,0.0,-18.211576084485223
558,1,0.0,0.0,-0.0028690317784819974,0.0,0.0
558,2,0.0,0.0,0.0,0.0,-0.7556757893267569
558,3,0.0,0.0,0.0,0.0,0.0
558,4,0.0,0.0,0.0,0.0,0.0
559,0,0.0,-1.3587702549023895e-08,0.0,0.0,-18.22653794509195
559,1,0.0,0.0,-0.0028690317784819974,0.0,0.0
559,2,0.0,0.0,0.0,0.0,-0.7556757893267569
559,3,0.0,0.0,0.0,0.0,0.0
559,4,0.0,0.0,0.0,0.0,0.0
560,0,0.0,-1.3587702549023895e-08,0.0,0.0,-18.244790320456186
560,1,0.0,0.0,-0.0028690317784819974,0.0,0.0
560,2,0.0,0.0,0.0,0.0,-0.7556757893267569
560,3,0.0,0.0,0.0,0.0,0.0
560,4,0.0,0.0,0.0,0.0,0.0
561,0,0.0,-1.3587702549023895e-08,0.0,0.0,-18.252304437657916
561,1,0.0,0.0,-0.0028690317784819974,0.0,0.0
561,2,0.0,0.0,0.0,0.0,-0.7556757893267569
561,3,0.0,0.0,0.0,0.0,0.0
561,4,0.0,0.0,0.0,0.0,0.0
562,0,0.0,-1.3587702549023895e-08,0.0,0.0,-18.266482868699896
562,1,0.0,0.0,-0.0028690317784819974,0.0,0.0
562,2,0.0,0.0,0.0,0.0,-0.7556757893267569
562,3,0.0,0.0,0.0,0.0,0.0
562,4,0.0,0.0,0.0,0.0,0.0
563,0,0.0,-1.3587702549023895e-08,0.0,0.0,-18.279132385220407
563,1,0.0,0.0,-0.0028690317784819974,0.0,0.0
563,2,0.0,0.0,0.0,0.0,-0.7556757893267569
563,3,0.0,0.0,0.0,0.0,0.0
563,4,0.0,0.0,0.0,0.0,0.0
564,0,0.0,-1.3587702549023895e-08,0.0,0.0,-18.295266148483716
564,1,0.0,0.0,-0.0028690317784819974,0.0,0.0
564,2,0.0,0.0,0.0,0.0,-0.7556757893267569
564,3,0.0,0.0,0.0,0.0,0.0
564,4,0.0,0.0,0.0,0.0,0.0
565,0,0.0,-1.3587702549023895e-08,0.0,0.0,-18.301734910890676
565,1,0.0,0.0,-0.0028690317784819974,0.0,0.0
565,2,0.0,0.0,0.0,0.0,-0.7556757893267569
565,3,0.0,0.0,0.0,0.0,0.0
565,4,0.0,0.0,0.0,0.0,0.0
566,0,0.0,-1.3587702549023895e-08,0.0,0.0,-18.317556602490416
566,1,0.0,0.0,-0.0028690317784819974,0.0,0.0
566,2,0.0,0.0,0.0,0.0,-0.7556757893267569
566,3,0.0,0.0,0.0,0.0,0.0
566,4,0.0,0.0,0.0,0.0,0.0
567,0,0.0,-1.3587702549023895e-08,0.0,0.0,-18.336615391736686
567,1,0.0,0.0,-0.0028690317784819974,0.0,0.0
567,2,0.0,0.0,0.0,0.0,-0.7556757893267569
567,3,0.0,0.0,0.0,0.0,0.0
567,4,0.0,0.0,0.0,0.0,0.0
568,0,0.0,-1.3587702549023895e-08,0.0,0.0,-18.350391279433634
568,1,0.0,0.0,-0.0028690317784819974,0.0,0.0
568,2,0.0,0.0,0.0,0.0,-0.7556757893267569
568,3,0.0,0.0,0.0,0.0,0.0
568,4,0.0,0.0,0.0,0.0,0.0
569,0,0.0,-1.3587702549023895e-08,0.0,0.0,-18.363788284993106
569,1,0.0,0.0,-0.0028690317784819974,0.0,0.0
569,2,0.0,0.0,0.0,0.0,-0.7556757893267569
569,3,0.0,0.0,0.0,0.0,0.0
569,4,0.0,0.0,0.0,0.0,0.0
570,0,0.0,-1.3587702549023895e-08,0.0,0.0,-18.380567786319663
570,1,0.0,0.0,-0.0028690317784819974,0.0,0.0
570,2,0.0,0.0,0.0,0.0,-0.7556757893267569
570,3,0.0,0.0,0.0,0.0,0.0
570,4,0.0,0.0,0.0,0.0,0.0
571,0,0.0,-1.3587702549023895e-08,0.0,0.0,-18.391407707985273
571,1,0.0,0.0,-0.0028690317784819974,0.0,0.0
571,2,0.0,0.0,0.0,0.0,-0.7556757893267569
571,3,0.0,0.0,0.0,0.0,0.0
571,4,0.0,0.0,0.0,0.0,0.0
572,0,0.0,-1.3587702549023895e-08,0.0,0.0,-18.40222501350171
572,1,0.0,0.0,-0.0028690317784819974,0.0,0.0
572,2,0.0,0.0,0.0,0.0,-0.7556757893267569
572,3,0.0,0.0,0.0,0.0,0.0
572,4,0.0,0.0,0.0,0.0,0.0
573,0,0.0,-1.3587702549023895e-08,0.0,0.0,-18.421753680190236
573,1,0.0,0.0,-0.0028690317784819974,0.0,0.0
573,2,0.0,0.0,0.0,0.0,-0.7556757893267569
573,3,0.0,0.0,0.0,0.0,0.0
573,4,0.0,0.0,0.0,0.0,0.0
574,0,0.0,-1.3587702549023895e-08,0.0,0.0,-18.427045931301823
574,1,0.0,0.0,-0.0028690317784819974,0.0,0.0
574,2,0.0,0.0,0.0,0.0,-0.7556757893267569
574,3,0.0,0.0,0.0,0.0,0.0
574,4,0.0,0.0,0.0,0.0,0.0
575,0,0.0,-1.3587702549023895e-08,0.0,0.0,-18.433964477873495
575,1,0.0,0.0,-0.0028690317784819974,0.0,0.0
575,2,0.0,0.0,0.0,0.0,-0.7556757893267569
575,3,0.0,0.0,0.0,0.0,0.0
575,4,0.0,0.0,0.0,0.0,0.0
576,0,0.0,-1.3587702549023895e-08,0.0,0.0,-18.443295674367448
576,1,0.0,0.0,-0.0028690317784819974,0.0,0.0
576,2,0.0,0.0,0.0,0.0,-0.7556757893267569
576,3,0.0,0.0,0.0,0.0,0.0
576,4,0.0,0.0,0.0,0.0,0.0
577,0,0.0,-1.3587702549023895e-08,0.0,0.0,-18.46775051447983
577,1,0.0,0.0,-0.0028690317784819974,0.0,0.0
577,2,0.0,0.0,0.0,0.0,-0.7556757893267569
577,3,0.0,0.0,0.0,0.0,0.0
577,4,0.0,0.0,0.0,0.0,0.0
578,0,0.0,-1.3587702549023895e-08,0.0,0.0,-18.483841700451414
578,1,0.0,0.0,-0.0028690317784819974,0.0,0.0
578,2,0.0,0.0,0.0,0.0,-0.7556757893267569
578,3,0.0,0.0,0.0,0.0,0.0
578,4,0.0,0.0,0.0,0.0,0.0
579,0,0.0,-1.3587702549023895e-08,0.0,0.0,-18.501712162385815
579,1,0.0,0.0,-0.0028690317784819974,0.0,0.0
579,2,0.0,0.0,0.0,0.0,-0.7556757893267569
579,3,0.0,0.0,0.0,0.0,0.0
579,4,0.0,0.0,0.0,0.0,0.0
580,0,0.0,-1.3587702549023895e-08,0.0,0.0,-18.51276464991655
580,1,0.0,0.0,-0.0028690317784819974,0.0,0.0
580,2,0.0,0.0,0.0,0.0,-0.7556757893267569
580,3,0.0,0.0,0.0,0.0,0.0
580,4,0.0,0.0,0.0,0.0,0.0
581,0,0.0,-1.3587702549023895e-08,0.0,0.0,-18.524730946341972
581,1,0.0,0.0,-0.0028690317784819974,0.0,0.0
581,2,0.0,0.0,0.0,0.0,-0.7556757893267569
581,3,0.0,0.0,0.0,0.0,0.0
581,4,0.0,0.0,0.0,0.0,0.0
582,0,0.0,-1.3587702549023895e-08,0.0,0.0,-18.540528543392266
582,1,0.0,0.0,-0.0028690317784819974,0.0,0.0
582,2,0.0,0.0,0.0,0.0,-0.7556757893267569
582,3,0.0,0.0,0.0,0.0,0.0
582,4,0.0,0.0,0.0,0.0,0.0
583,0,0.0,-1.3587702549023895e-08,0.0,0.0,-18.55262207051692
583,1,0.0,0.0,-0.0028690317784819974,0.0,0.0
583,2,0.0,0.0,0.0,0.0,-0.7556757893267569
583,3,0.0,0.0,0.0,0.0,0.0
583,4,0.0,0.0,0.0,0.0,0.0
584,0,0.0,-1.3587702549023895e-08,0.0,0.0,-18.5741186348219
584,1,0.0,0.0,-0.0028690317784819974,0.0,0.0
584,2,0.0,0.0,0.0,0.0,-0.7556757893267569
584,3,0.0,0.0,0.0,0.0,0.0
584,4,0.0,0.0,0.0,0.0,0.0
585,0,0.0,-1.3587702549023895e-08,0.0,0.0,-18.597735374530373
585,1,0.0,0.0,-0.0028690317784819974,0.0,0.0
585,2,0.0,0.0,0.0,0.0,-0.7556757893267569
585,3,0.0,0.0,0.0,0.0,0.0
585,4,0.0,0.0,0.0,0.0,0.0
586,0,0.0,-1.3587702549023895e-08,0.0,0.0,-18.60935471475123
586,1,0.0,0.0,-0.0028690317784819974,0.0,0.0
586,2,0.0,0.0,0.0,0.0,-0.7556757893267569
586,3,0.0,0.0,0.0,0.0,0.0
586,4,0.0,0.0,0.0,0.0,0.0
587,0,0.0,-1.3587702549023895e-08,0.0,0.0,-18.619108756239353
587,1,0.0,0.0,-0.0028690317784819974,0.0,0.0
587,2,0.0,0.0,0.0,0.0,-0.7556757893267569
587,3,0.0,0.0,0.0,0.0,0.0
587,4,0.0,0.0,0.0,0.0,0.0
588,0,0.0,-1.3587702549023895e-08,0.0,0.0,-18.63673545016596
588,1,0.0,0.0,-0.0028690317784819974,0.0,0.0
588,2,0.0,0.0,0.0,0.0,-0.7556757893267569
588,3,0.0,0.0,0.0,0.0,0.0
588,4,0.0,0.0,0.0,0.0,0.0
589,0,0.0,-1.3587702549023895e-08,0.0,0.0,-18.653597425152196
589,1,0.0,0.0,-0.0028690317784819974,0.0,0.0
589,2,0.0,0.0,0.0,0.0,-0.7556757893267569
589,3,0.0,0.0,0.0,0.0,0.0
589,4,0.0,0.0,0.0,0.0,0.0
590,0,0.0,-1.3587702549023895e-08,0.0,0.0,-18.66969402554315
590,1,0.0,0.0,-0.0028690317784819974,0.0,0.0
590,2,0.0,0.0,0.0,0.0,-0.7556757893267569
590,3,0.0,0.0,0.0,0.0,0.0
590,4,0.0,0.0,0.0,0.0,0.0
591,0,0.0,-1.3587702549023895e-08,0.0,0.0,-18.684051686027168
591,1,0.0,0.0,-0.0028690317784819974,0.0,0.0
591,2,0.0,0.0,0.0,0.0,-0.7556757893267569
591,3,0.0,0.0,0.0,0.0,0.0
591,4,0.0,0.0,0.0,0.0,0.0
592,0,0.0,-1.3587702549023895e-08,0.0,0.0,-18.690835867154977
592,1,0.0,0.0,-0.0028690317784819974,0.0,0.0
592,2,0.0,0.0,0.0,0.0,-0.7556757893267569
592,3,0.0,0.0,0.0,0.0,0.0
592,4,0.0,0.0,0.0,0.0,0.0
593,0,0.0,-1.3587702549023895e-08,0.0,0.0,-18.701125298599973
593,1,0.0,0.0,-0.0028690317784819974,0.0,0.0
593,2,0.0,0.0,0.0,0.0,-0.7556757893267569
593,3,0.0,0.0,0.0,0.0,0.0
593,4,0.0,0.0,0.0,0.0,0.0
594,0,0.0,-1.3587702549023895e-08,0.0,0.0,-18.707635956753347
594,1,0.0,0.0,-0.0028690317784819974,0.0,0.0
594,2,0.0,0.0,0.0,0.0,-0.7556757893267569
594,3,0.0,0.0,0.0,0.0,0.0
594,4,0.0,0.0,0.0,0.0,0.0
595,0,0.0,-1.3587702549023895e-08,0.0,0.0,-18.716394911285356
595,1,0.0,0.0,-0.0028690317784819974,0.0,0.0
595,2,0.0,0.0,0.0,0.0,-0.7556757893267569
595,3,0.0,0.0,0.0,0.0,0.0
595,4,0.0,0.0,0.0,0.0,0.0
596,0,0.0,-1.3587702549023895e-08,0.0,0.0,-18.72962308645125
596,1,0.0,0.0,-0.0028690317784819974,0.0,0.0
596,2,0.0,0.0,0.0,0.0,-0.7556757893267569
596,3,0.0,0.0,0.0,0.0,0.0
596,4,0.0,0.0,0.0,0.0,0.0
597,0,0.0,-1.3587702549023895e-08,0.0,0.0,-18.745630053971176
597,1,0.0,0.0,-0.0028690317784819974,0.0,0.0
597,2,0.0,0.0,0.0,0.0,-0.7556757893267569
597,3,0.0,0.0,0.0,0.0,0.0
597,4,0.0,0.0,0.0,0.0,0.0
598,0,0.0,-1.3587702549023895e-08,0.0,0.0,-18.750625680372533
598,1,0.0,0.0,-0.0028690317784819974,0.0,0.0
598,2,0.0,0.0,0.0,0.0,-0.7556757893267569
598,3,0.0,0.0,0.0,0.0,0.0
598,4,0.0,0.0,0.0,0.0,0.0
599,0,0.0,-1.3587702549023895e-08,0.0,0.0,-18.766051120331323
599,1,0.0,0.0,-0.0028690317784819974,0.0,0.0
599,2,0.0,0.0,0.0,0.0,-0.7556757893267569
599,3,0.0,0.0,0.0,0.0,0.0
599,4,0.0,0.0,0.0,0.0,0.0
600,0,0.0,-1.3587702549023895e-08,0.0,0.0,-18.780508827714797
600,1,0.0,0.0,-0.0028690317784819974,0.0,0.0
600,2,0.0,0.0,0.0,0.0,-0.7556757893267569
600,3,0.0,0.0,0.0,0.0,0.0
600,4,0.0,0.0,0.0,0.0,0.0
601,0,0.0,-1.3587702549023895e-08,0.0,0.0,-18.79556222436772
601,1,0.0,0.0,-0.0028690317784819974,0.0,0.0
601,2,0.0,0.0,0.0,0.0,-0.7556757893267569
601,3,0.0,0.0,0.0,0.0,0.0
601,4,0.0,0.0,0.0,0.0,0.0
602,0,0.0,-1.3587702549023895e-08,0.0,0.0,-18.811183217948713
602,1,0.0,0.0,-0.0028690317784819974,0.0,0.0
602,2,0.0,0.0,0.0,0.0,-0.7556757893267569
602,3,0.0,0.0,0.0,0.0,0.0
602,4,0.0,0.0,0.0,0.0,0.0
603,0,0.0,-1.3587702549023895e-08,0.0,0.0,-18.83145014629488
603,1,0.0,0.0,-0.0028690317784819974,0.0,0.0
603,2,0.0,0.0,0.0,0.0,-0.7556757893267569
603,3,0.0,0.0,0.0,0.0,0.0
603,4,0.0,0.0,0.0,0.0,0.0
604,0,0.0,-1.3587702549023895e-08,0.0,0.0,-18.838794974789664
604,1,0.0,0.0,-0.0028690317784819974,0.0,0.0
604,2,0.0,0.0,0.0,0.0,-0.7556757893267569
604,3,0.0,0.0,0.0,0.0,0.0
604,4,0.0,0.0,0.0,0.0,0.0
605,0,0.0,-1.3587702549023895e-08,0.0,0.0,-18.853968286108525
605,1,0.0,0.0,-0.0028690317784819974,0.0,0.0
605,2,0.0,0.0,0.0,0.0,-0.7556757893267569
605,3,0.0,0.0,0.0,0.0,0.0
605,4,0.0,0.0,0.0,0.0,0.0
606,0,0.0,-1.3587702549023895e-08,0.0,0.0,-18.867835026171015
606,1,0.0,0.0,-0.0028690317784819974,0.0,0.0
606,2,0.0,0.0,0.0,0.0,-0.7556757893267569
606,3,0.0,0.0,0.0,0.0,0.0
606,4,0.0,0.0,0.0,0.0,0.0
607,0,0.0,-1.3587702549023895e-08,0.0,0.0,-18.88610357933634
607,1,0.0,0.0,-0.0028690317784819974,0.0,0.0
607,2,0.0,0.0,0.0,0.0,-0.7556757893267569
607,3,0.0,0.0,0.0,0.0,0.0
607,4,0.0,0.0,0.0,0.0,0.0
608,0,0.0,-1.3587702549023895e-08,0.0,0.0,-18.90483176146807
608,1,0.0,0.0,-0.0028690317784819974,0.0,0.0
608,2,0.0,0.0,0.0,0.0,-0.7556757893267569
608,3,0.0,0.0,0.0,0.0,0.0
608,4,0.0,0.0,0.0,0.0,0.0
609,0,0.0,-1.3587702549023895e-08,0.0,0.0,-18.91669833712817
609,1,0.0,0.0,-0.0028690317784819974,0.0,0.0
609,2,0.0,0.0,0.0,0.0,-0.7556757893267569
609,3,0.0,0.0,0.0,0.0,0.0
609,4,0.0,0.0,0.0,0.0,0.0
610,0,0.0,-1.3587702549023895e-08,0.0,0.0,-18.92236927689461
610,1,0.0,0.0,-0.0028690317784819974,0.0,0.0
610,2,0.0,0.0,0.0,0.0,-0.7556757893267569
610,3,0.0,0.0,0.0,0.0,0.0
610,4,0.0,0.0,0.0,0.0,0.0
611,0,0.0,-1.3587702549023895e-08,0.0,0.0,-18.93974153986018
611,1,0.0,0.0,-0.0028690317784819974,0.0,0.0
611,2,0.0,0.0,0.0,0.0,-0.7556757893267569
611,3,0.0,0.0,0.0,0.0,0.0
611,4,0.0,0.0,0.0,0.0,0.0
612,0,0.0,-1.3587702549023895e-08,0.0,0.0,-18.952269684194047
612,1,0.0,0.0,-0.0028690317784819974,0.0,0.0
612,2,0.0,0.0,0.0,0.0,-0.7556757893267569
612,3,0.0,0.0,0.0,0.0,0.0
612,4,0.0,0.0,0.0,0.0,0.0
613,0,0.0,-1.3587702549023895e-08,0.0,0.0,-18.96255347208065
613,1,0.0,0.0,-0.0028690317784819974,0.0,0.0
613,2,0.0,0.0,0.0,0.0,-0.7556757893267569
613,3,0.0,0.0,0.0,0.0,0.0
613,4,0.0,0.0,0.0,0.0,0.0
614,0,0.0,-1.3587702549023895e-08,0.0,0.0,-18.96841946749706
614,1,0.0,0.0,-0.0028690317784819974,0.0,0.0
614,2,0.0,0.0,0.0,0.0,-0.7556757893267569
614,3,0.0,0.0,0.0,0.0,0.0
614,4,0.0,0.0,0.0,0.0,0.0
615,0,0.0,-1.3587702549023895e-08,0.0,0.0,-18.989539640851714
615,1,0.0,0.0,-0.0028690317784819974,0.0,0.0
615,2,0.0,0.0,0.0,0.0,-0.7556757893267569
615,3,0.0,0.0,0.0,0.0,0.0
615,4,0.0,0.0,0.0,0.0,0.0
616,0,0.0,-1.3587702549023895e-08,0.0,0.0,-19.00519520199369
616,1,0.0,0.0,-0.0028690317784819974,0.0,0.0
616,2,0.0,0.0,0.0,0.0,-0.7556757893267569
616,3,0.0,0.0,0.0,0.0,0.0
616,4,0.0,0.0,0.0,0.0,0.0
617,0,0.0,-1.3587702549023895e-08,0.0,0.0,-19.019961982073877
617,1,0.0,0.0,-0.0028690317784819974,0.0,0.0
617,2,0.0,0.0,0.0,0.0,-0.7556757893267569
617,3,0.0,0.0,0.0,0.0,0.0
617,4,0.0,0.0,0.0,0.0,0.0
618,0,0.0,-1.3587702549023895e-08,0.0,0.0,-19.033670928820765
618,1,0.0,0.0,-0.0028690317784819974,0.0,0.0
618,2,0.0,0.0,0.0,0.0,-0.7556757893267569
618,3,0.0,0.0,0.0,0.0,0.0
618,4,0.0,0.0,0.0,0.0,0.0
619,0,0.0,-1.3587702549023895e-08,0.0,0.0,-19.047248164803225
619,1,0.0,0.0,-0.0028690317784819974,0.0,0.0
619,2,0.0,0.0,0.0,0.0,-0.7556757893267569
619,3,0.0,0.0,0.0,0.0,0.0
619,4,0.0,0.0,0.0,0.0,0.0
620,0,0.0,-1.3587702549023895e-08,0.0,0.0,-19.05689509981061
620,1,0.0,0.0,-0.0028690317784819974,0.0,0.0
620,2,0.0,0.0,0.0,0.0,-0.7556757893267569
620,3,0.0,0.0,0.0,0.0,0.0
620,4,0.0,0.0,0.0,0.0,0.0
621,0,0.0,-1.3587702549023895e-08,0.0,0.0,-19.070166836168507
621,1,0.0,0.0,-0.0028690317784819974,0.0,0.0
621,2,0.0,0.0,0.0,0.0,-0.7556757893267569
621,3,0.0,0.0,0.0,0.0,0.0
621,4,0.0,0.0,0.0,0.0,0.0
622,0,0.0,-1.3587702549023895e-08,0.0,0.0,-19.081015641982948
622,1,0.0,0.0,-0.0028690317784819974,0.0,0.0
622,2,0.0,0.0,0.0,0.0,-0.7556757893267569
622,3,0.0,0.0,0.0,0.0,0.0
622,4,0.0,0.0,0.0,0.0,0.0
623,0,0.0,-1.3587702549023895e-08,0.0,0.0,-19.0947212959639
623,1,0.0,0.0,-0.0028690317784819974,0.0,0.0
623,2,0.0,0.0,0.0,0.0,-0.7556757893267569
623,3,0.0,0.0,0.0,0.0,0.0
623,4,0.0,0.0,0.0,0.0,0.0
624,0,0.0,-1.3587702549023895e-08,0.0,0.0,-19.104021434026503
624,1,0.0,0.0,-0.0028690317784819974,0.0,0.0
624,2,0.0,0.0,0.0,0.0,-0.7556757893267569
624,3,0.0,0.0,0.0,0.0,0.0
624,4,0.0,0.0,0.0,0.0,0.0
625,0,0.0,-1.3587702549023895e-08,0.0,0.0,-19.123967802079438
625,1,0.0,0.0,-0.0028690317784819974,0.0,0.0
625,2,0.0,0.0,0.0,0.0,-0.7556757893267569
625,3,0.0,0.0,0.0,0.0,0.0
625,4,0.0,0.0,0.0,0.0,0.0
626,0,0.0,-1.3587702549023895e-08,0.0,0.0,-19.138336599916762
626,1,0.0,0.0,-0.0028690317784819974,0.0,0.0
626,2,0.0,0.0,0.0,0.0,-0.7556757893267569
626,3,0.0,0.0,0.0,0.0,0.0
626,4,0.0,0.0,0.0,0.0,0.0
627,0,0.0,-1.3587702549023895e-08,0.0,0.0,-19.14446901889987
627,1,0.0,0.0,-0.0028690317784819974,0.0,0.0
627,2,0.0,0.0,0.0,0.0,-0.7556757893267569
627,3,0.0,0.0,0.0,0.0,0.0
627,4,0.0,0.0,0.0,0.0,0.0
628,0,0.0,-1.3587702549023895e-08,0.0,0.0,-19.15033681948493
628,1,0.0,0.0,-0.0028690317784819974,0.0,0.0
628,2,0.0,0.0,0.0,0.0,-0.7556757893267569
628,3,0.0,0.0,0.0,0.0,0.0
628,4,0.0,0.0,0.0,0.0,0.0
629,0,0.0,-1.3587702549023895e-08,0.0,0.0,-19.165719131196607
629,1,0.0,0.0,-0.0028690317784819974,0.0,0.0
629,2,0.0,0.0,0.0,0.0,-0.7556757893267569
629,3,0.0,0.0,0.0,0.0,0.0
629,4,0.0,0.0,0.0,0.0,0.0
630,0,0.0,-1.3587702549023895e-08,0.0,0.0,-19.180625473156176
630,1,0.0,0.0,-0.0028690317784819974,0.0,0.0
630,2,0.0,0.0,0.0,0.0,-0.7556757893267569
630,3,0.0,0.0,0.0,0.0,0.0
630,4,0.0,0.0,0.0,0.0,0.0
631,0,0.0,-1.3587702549023895e-08,0.0,0.0,-19.195763640172295
631,1,0.0,0.0,-0.0028690317784819974,0.0,0.0
631,2,0.0,0.0,0.0,0.0,-0.7556757893267569
631,3,0.0,0.0,0.0,0.0,0.0
631,4,0.0,0.0,0.0,0.0,0.0
632,0,0.0,-1.3587702549023895e-08,0.0,0.0,-19.20745223244027
632,1,0.0,0.0,-0.0028690317784819974,0.0,0.0
632,2,0.0,0.0,0.0,0.0,-0.7556757893267569
632,3,0.0,0.0,0.0,0.0,0.0
632,4,0.0,0.0,0.0,0.0,0.0
633,0,0.0,-1.3587702549023895e-08,0.0,0.0,-19.211752050204673
633,1,0.0,0.0,-0.0028690317784819974,0.0,0.0
633,2,0.0,0.0,0.0,0.0,-0.7556757893267569
633,3,0.0,0.0,0.0,0.0,0.0
633,4,0.0,0.0,0.0,0.0,0.0
634,0,0.0,-1.3587702549023895e-08,0.0,0.0,-19.227781990893323
634,1,0.0,0.0,-0.0028690317784819974,0.0,0.0
634,2,0.0,0.0,0.0,0.0,-0.7556757893267569
634,3,0.0,0.0,0.0,0.0,0.0
634,4,0.0,0.0,0.0,0.0,0.0
635,0,0.0,-1.3587702549023895e-08,0.0,0.0,-19.237336877019672
635,1,0.0,0.0,-0.0028690317784819974,0.0,0.0
635,2,0.0,0.0,0.0,0.0,-0.7556757893267569
635,3,0.0,0.0,0.0,0.0,0.0
635,4,0.0,0.0,0.0,0.0,0.0
636,0,0.0,-1.3587702549023895e-08,0.0,0.0,-19.24635333746773
636,1,0.0,0.0,-0.0028690317784819974,0.0,0.0
636,2,0.0,0.0,0.0,0.0,-0.7556757893267569
636,3,0.0,0.0,0.0,0.0,0.0
636,4,0.0,0.0,0.0,0.0,0.0
637,0,0.0,-1.3587702549023895e-08,0.0,0.0,-19.25401184560467
637,1,0.0,0.0,-0.0028690317784819974,0.0,0.0
637,2,0.0,0.0,0.0,0.0,-0.7556757893267569
637,3,0.0,0.0,0.0,0.0,0.0
637,4,0.0,0.0,0.0,0.0,0.0
638,0,0.0,-1.3587702549023895e-08,0.0,0.0,-19.259952680260323
638,1,0.0,0.0,-0.0028690317784819974,0.0,0.0
638,2,0.0,0.0,0.0,0.0,-0.7556757893267569
638,3,0.0,0.0,0.0,0.0,0.0
638,4,0.0,0.0,0.0,0.0,0.0
639,0,0.0,-1.3587702549023895e-08,0.0,0.0,-19.274599495680995
639,1,0.0,0.0,-0.0028690317784819974,0.0,0.0
639,2,0.0,0.0,0.0,0.0,-0.7556757893267569
639,3,0.0,0.0,0.0,0.0,0.0
639,4,0.0,0.0,0.0,0.0,0.0
640,0,0.0,-1.3587702549023895e-08,0.0,0.0,-19.289406961276896
640,1,0.0,0.0,-0.0028690317784819974,0.0,0.0
640,2,0.0,0.0,0.0,0.0,-0.7556757893267569
640,3,0.0,0.0,0.0,0.0,0.0
640,4,0.0,0.0,0.0,0.0,0.0
641,0,0.0,-1.3587702549023895e-08,0.0,0.0,-19.304222449987233
641,1,0.0,0.0,-0.0028690317784819974,0.0,0.0
641,2,0.0,0.0,0.0,0.0,-0.7556757893267569
641,3,0.0,0.0,0.0,0.0,0.0
641,4,0.0,0.0,0.0,0.0,0.0
642,0,0.0,-1.3587702549023895e-08,0.0,0.0,-19.31547510700704
642,1,0.0,0.0,-0.0028690317784819974,0.0,0.0
642,2,0.0,0.0,0.0,0.0,-0.7556757893267569
642,3,0.0,0.0,0.0,0.0,0.0
642,4,0.0,0.0,0.0,0.0,0.0
643,0,0.0,-1.3587702549023895e-08,0.0,0.0,-19.328061964245112
643,1,0.0,0.0,-0.0028690317784819974,0.0,0.0
643,2,0.0,0.0,0.0,0.0,-0.7556757893267569
643,3,0.0,0.0,0.0,0.0,0.0
643,4,0.0,0.0,0.0,0.0,0.0
644,0,0.0,-1.3587702549023895e-08,0.0,0.0,-19.341457768534205
644,1,0.0,0.0,-0.0028690317784819974,0.0,0.0
644,2,0.0,0.0,0.0,0.0,-0.7556757893267569
644,3,0.0,0.0,0.0,0.0,0.0
644,4,0.0,0.0,0.0,0.0,0.0
645,0,0.0,-1.3587702549023895e-08,0.0,0.0,-19.35511285627352
645,1,0.0,0.0,-0.0028690317784819974,0.0,0.0
645,2,0.0,0.0,0.0,0.0,-0.7556757893267569
645,3,0.0,0.0,0.0,0.0,0.0
645,4,0.0,0.0,0.0,0.0,0.0
646,0,0.0,-1.3587702549023895e-08,0.0,0.0,-19.369337758559915
646,1,0.0,0.0,-0.0028690317784819974,0.0,0.0
646,2,0.0,0.0,0.0,0.0,-0.7556757893267569
646,3,0.0,0.0,0.0,0.0,0.0
646,4,0.0,0.0,0.0,0.0,0.0
647,0,0.0,-1.3587702549023895e-08,0.0,0.0,-19.387287594596096
647,1,0.0,0.0,-0.0028690317784819974,0.0,0.0
647,2,0.0,0.0,0.0,0.0,-0.7556757893267569
647,3,0.0,0.0,0.0,0.0,0.0
647,4,0.0,0.0,0.0,0.0,0.0
648,0,0.0,-1.3587702549023895e-08,0.0,0.0,-19.39363913468117
648,1,0.0,0.0,-0.0028690317784819974,0.0,0.0
648,2,0.0,0.0,0.0,0.0,-0.7556757893267569
648,3,0.0,0.0,0.0,0.0,0.0
648,4,0.0,0.0,0.0,0.0,0.0
649,0,0.0,-1.3587702549023895e-08,0.0,0.0,-19.39833927025897
649,1,0.0,0.0,-0.0028690317784819974,0.0,0.0
649,2,0.0,0.0,0.0,0.0,-0.7556757893267569
649,3,0.0,0.0,0.0,0.0,0.0
649,4,0.0,0.0,0.0,0.0,0.0
650,0,0.0,-1.3587702549023895e-08,0.0,0.0,-19.415851325175055
650,1,0.0,0.0,-0.0028690317784819974,0.0,0.0
650,2,0.0,0.0,0.0,0.0,-0.7556757893267569
650,3,0.0,0.0,0.0,0.0,0.0
650,4,0.0,0.0,0.0,0.0,0.0
651,0,0.0,-1.3587702549023895e-08,0.0,0.0,-19.423011959957815
651,1,0.0,0.0,-0.0028690317784819974,0.0,0.0
651,2,0.0,0.0,0.0,0.0,-0.7556757893267569
651,3,0.0,0.0,0.0,0.0,0.0
651,4,0.0,0.0,0.0,0.0,0.0
652,0,0.0,-1.3587702549023895e-08,0.0,0.0,-19.43406192355249
652,1,0.0,0.0,-0.0028690317784819974,0.0,0.0
652,2,0.0,0.0,0.0,0.0,-0.7556757893267569
652,3,0.0,0.0,0.0,0.0,0.0
652,4,0.0,0.0,0.0,0.0,0.0
653,0,0.0,-1.3587702549023895e-08,0.0,0.0,-19.440684284172093
653,1,0.0,0.0,-0.0028690317784819974,0.0,0.0
653,2,0.0,0.0,0.0,0.0,-0.7556757893267569
653,3,0.0,0.0,0.0,0.0,0.0
653,4,0.0,0.0,0.0,0.0,0.0
654,0,0.0,-1.3587702549023895e-08,0.0,0.0,-19.455503020891854
654,1,0.0,0.0,-0.0028690317784819974,0.0,0.0
654,2,0.0,0.0,0.0,0.0,-0.7556757893267569
654,3,0.0,0.0,0.0,0.0,0.0
654,4,0.0,0.0,0.0,0.0,0.0
655,0,0.0,-1.3587702549023895e-08,0.0,0.0,-19.473463247863663
655,1,0.0,0.0,-0.0028690317784819974,0.0,0.0
655,2,0.0,0.0,0.0,0.0,-0.7556757893267569
655,3,0.0,0.0,0.0,0.0,0.0
655,4,0.0,0.0,0.0,0.0,0.0
656,0,0.0,-1.3587702549023895e-08,0.0,0.0,-19.49359317147274
656,1,0.0,0.0,-0.0028690317784819974,0.0,0.0
656,2,0.0,0.0,0.0,0.0,-0.7556757893267569
656,3,0.0,0.0,0.0,0.0,0.0
656,4,0.0,0.0,0.0,0.0,0.0
657,0,0.0,-1.3587702549023895e-08,0.0,0.0,-19.505840417803192
657,1,0.0,0.0,-0.0028690317784819974,0.0,0.0
657,2,0.0,0.0,0.0,0.0,-0.7556757893267569
657,3,0.0,0.0,0.0,0.0,0.0
657,4,0.0,0.0,0.0,0.0,0.0
658,0,0.0,-1.3587702549023895e-08,0.0,0.0,-19.516777610685452
658,1,0.0,0.0,-0.0028690317784819974,0.0,0.0
658,2,0.0,0.0,0.0,0.0,-0.7556757893267569
658,3,0.0,0.0,0.0,0.0,0.0
658,4,0.0,0.0,0.0,0.0,0.0
659,0,0.0,-1.3587702549023895e-08,0.0,0.0,-19.52330693502648
659,1,0.0,0.0,-0.0028690317784819974,0.0,0.0
659,2,0.0,0.0,0.0,0.0,-0.7556757893267569
659,3,0.0,0.0,0.0,0.0,0.0
659,4,0.0,0.0,0.0,0.0,0.0
660,0,0.0,-1.3587702549023895e-08,0.0,0.0,-19.532632493726915
660,1,0.0,0.0,-0.0028690317784819974,0.0,0.0
660,2,0.0,0.0,0.0,0.0,-0.7556757893267569
660,3,0.0,0.0,0.0,0.0,0.0
660,4,0.0,0.0,0.0,0.0,0.0
661,0,0.0,-1.3587702549023895e-08,0.0,0.0,-19.552749081838943
661,1,0.0,0.0,-0.0028690317784819974,0.0,0.0
661,2,0.0,0.0,0.0,0.0,-0.7556757893267569
661,3,0.0,0.0,0.0,0.0,0.0
661,4,0.0,0.0,0.0,0.0,0.0
662,0,0.0,-1.3587702549023895e-08,0.0,0.0,-19.573501800039736
662,1,0.0,0.0,-0.0028690317784819974,0.0,0.0
662,2,0.0,0.0,0.0,0.0,-0.7556757893267569
662,3,0.0,0.0,0.0,0.0,0.0
662,4,0.0,0.0,0.0,0.0,0.0
663,0,0.0,-1.3587702549023895e-08,0.0,0.0,-19.583734010864397
663,1,0.0,0.0,-0.0028690317784819974,0.0,0.0
663,2,0.0,0.0,0.0,0.0,-0.7556757893267569
663,3,0.0,0.0,0.0,0.0,0.0
663,4,0.0,0.0,0.0,0.0,0.0
664,0,0.0,-1.3587702549023895e-08,0.0,0.0,-19.601575797000542
664,1,0.0,0.0,-0.0028690317784819974,0.0,0.0
664,2,0.0,0.0,0.0,0.0,-0.7556757893267569
664,3,0.0,0.0,0.0,0.0,0.0
664,4,0.0,0.0,0.0,0.0,0.0
665,0,0.0,-1.3587702549023895e-08,0.0,0.0,-19.61939045164925
665,1,0.0,0.0,-0.0028690317784819974,0.0,0.0
665,2,0.0,0.0,0.0,0.0,-0.7556757893267569
665,3,0.0,0.0,0.0,0.0,0.0
665,4,0.0,0.0,0.0,0.0,0.0
666,0,0.0,-1.3587702549023895e-08,0.0,0.0,-19.632912062827867
666,1,0.0,0.0,-0.0028690317784819974,0.0,0.0
666,2,0.0,0.0,0.0,0.0,-0.7556757893267569
666,3,0.0,0.0,0.0,0.0,0.0
666,4,0.0,0.0,0.0,0.0,0.0
667,0,0.0,-1.3587702549023895e-08,0.0,0.0,-19.64119709394341
667,1,0.0,0.0,-0.0028690317784819974,0.0,0.0
667,2,0.0,0.0,0.0,0.0,-0.7556757893267569
667,3,0.0,0.0,0.0,0.0,0.0
667,4,0.0,0.0,0.0,0.0,0.0
668,0,0.0,-1.3587702549023895e-08,0.0,0.0,-19.650495489566516
668,1,0.0,0.0,-0.0028690317784819974,0.0,0.0
668,2,0.0,0.0,0.0,0.0,-0.7556757893267569
668,3,0.0,0.0,0.0,0.0,0.0
668,4,0.0,0.0,0.0,0.0,0.0
669,0,0.0,-1.3587702549023895e-08,0.0,0.0,-19.659418863366284
669,1,0.0,0.0,-0.0028690317784819974,0.0,0.0
669,2,0.0,0.0,0.0,0.0,-0.7556757893267569
669,3,0.0,0.0,0.0,0.0,0.0
669,4,0.0,0.0,0.0,0.0,0.0
670,0,0.0,-1.3587702549023895e-08,0.0,0.0,-19.664378230666593
670,1,0.0,0.0,-0.0028690317784819974,0.0,0.0
670,2,0.0,0.0,0.0,0.0,-0.7556757893267569
670,3,0.0,0.0,0.0,0.0,0.0
670,4,0.0,0.0,0.0,0.0,0.0
671,0,0.0,-1.3587702549023895e-08,0.0,0.0,-19.674540138087874
671,1,0.0,0.0,-0.0028690317784819974,0.0,0.0
671,2,0.0,0.0,0.0,0.0,-0.7556757893267569
671,3,0.0,0.0,0.0,0.0,0.0
671,4,0.0,0.0,0.0,0.0,0.0
672,0,0.0,-1.3587702549023895e-08,0.0,0.0,-19.689148910768356
672,1,0.0,0.0,-0.0028690317784819974,0.0,0.0
672,2,0.0,0.0,0.0,0.0,-0.7556757893267569
672,3,0.0,0.0,0.0,0.0,0.0
672,4,0.0,0.0,0.0,0.0,0.0
673,0,0.0,-1.3587702549023895e-08,0.0,0.0,-19.699464326462948
673,1,0.0,0.0,-0.0028690317784819974,0.0,0.0
673,2,0.0,0.0,0.0,0.0,-0.7556757893267569
673,3,0.0,0.0,0.0,0.0,0.0
673,4,0.0,0.0,0.0,0.0,0.0
674,0,0.0,-1.3587702549023895e-08,0.0,0.0,-19.707250219590144
674,1,0.0,0.0,-0.0028690317784819974,0.0,0.0
674,2,0.0,0.0,0.0,0.0,-0.7556757893267569
674,3,0.0,0.0,0.0,0.0,0.0
674,4,0.0,0.0,0.0,0.0,0.0
675,0,0.0,-1.3587702549023895e-08,0.0,0.0,-19.72415432654431
675,1,0.0,0.0,-0.0028690317784819974,0.0,0.0
675,2,0.0,0.0,0.0,0.0,-0.7556757893267569
675,3,0.0,0.0,0.0,0.0,0.0
675,4,0.0,0.0,0.0,0.0,0.0
676,0,0.0,-1.3587702549023895e-08,0.0,0.0,-19.73133255556887
676,1,0.0,0.0,-0.0028690317784819974,0.0,0.0
676,2,0.0,0.0,0.0,0.0,-0.7556757893267569
676,3,0.0,0.0,0.0,0.0,0.0
676,4,0.0,0.0,0.0,0.0,0.0
677,0,0.0,-1.3587702549023895e-08,0.0,0.0,-19.737063284975502
677,1,0.0,0.0,-0.0028690317784819974,0.0,0.0
677,2,0.0,0.0,0.0,0.0,-0.7556757893267569
677,3,0.0,0.0,0.0,0.0,0.0
677,4,0.0,0.0,0.0,0.0,0.0
678,0,0.0,-1.3587702549023895e-08,0.0,0.0,-19.742351243828733
678,1,0.0,0.0,-0.0028690317784819974,0.0,0.0
678,2,0.0,0.0,0.0,0.0,-0.7556757893267569
678,3,0.0,0.0,0.0,0.0,0.0
678,4,0.0,0.0,0.0,0.0,0.0
679,0,0.0,-1.3587702549023895e-08,0.0,0.0,-19.75110511324476
679,1,0.0,0.0,-0.0028690317784819974,0.0,0.0
679,2,0.0,0.0,0.0,0.0,-0.7556757893267569
679,3,0.0,0.0,0.0,0.0,0.0
679,4,0.0,0.0,0.0,0.0,0.0
680,0,0.0,-1.3587702549023895e-08,0.0,0.0,-19.75552974285167
680,1,0.0,0.0,-0.0028690317784819974,0.0,0.0
680,2,0.0,0.0,0.0,0.0,-0.7556757893267569
680,3,0.0,0.0,0.0,0.0,0.0
680,4,0.0,0.0,0.0,0.0,0.0
681,0,0.0,-1.3587702549023895e-08,0.0,0.0,-19.76138507589839
681,1,0.0,0.0,-0.0028690317784819974,0.0,0.0
681,2,0.0,0.0,0.0,0.0,-0.7556757893267569
681,3,0.0,0.0,0.0,0.0,0.0
681,4,0.0,0.0,0.0,0.0,0.0
682,0,0.0,-1.3587702549023895e-08,0.0,0.0,-19.7646937799683
682,1,0.0,0.0,-0.0028690317784819974,0.0,0.0
682,2,0.0,0.0,0.0,0.0,-0.7556757893267569
682,3,0.0,0.0,0.0,0.0,0.0
682,4,0.0,0.0,0.0,0.0,0.0
683,0,0.0,-1.3587702549023895e-08,0.0,0.0,-19.769969574335377
683,1,0.0,0.0,-0.0028690317784819974,0.0,0.0
683,2,0.0,0.0,0.0,0.0,-0.7556757893267569
683,3,0.0,0.0,0.0,0.0,0.0
683,4,0.0,0.0,0.0,0.0,0.0
684,0,0.0,-1.3587702549023895e-08,0.0,0.0,-19.77471390465132
684,1,0.0,0.0,-0.0028690317784819974,0.0,0.0
684,2,0.0,0.0,0.0,0.0,-0.7556757893267569
684,3,0.0,0.0,0.0,0.0,0.0
684,4,0.0,0.0,0.0,0.0,0.0
685,0,0.0,-1.3587702549023895e-08,0.0,0.0,-19.786738053870966
685,1,0.0,0.0,-0.0028690317784819974,0.0,0.0
685,2,0.0,0.0,0.0,0.0,-0.7556757893267569
685,3,0.0,0.0,0.0,0.0,0.0
685,4,0.0,0.0,0.0,0.0,0.0
686,0,0.0,-1.3587702549023895e-08,0.0,0.0,-19.805499873105706
686,1,0.0,0.0,-0.0028690317784819974,0.0,0.0
686,2,0.0,0.0,0.0,0.0,-0.7556757893267569
686,3,0.0,0.0,0.0,0.0,0.0
686,4,0.0,0.0,0.0,0.0,0.0
687,0,0.0,-1.3587702549023895e-08,0.0,0.0,-19.816223824032456
687,1,0.0,0.0,-0.0028690317784819974,0.0,0.0
687,2,0.0,0.0,0.0,0.0,-0.7556757893267569
687,3,0.0,0.0,0.0,0.0,0.0
687,4,0.0,0.0,0.0,0.0,0.0
688,0,0.0,-1.3587702549023895e-08,0.0,0.0,-19.82966953674246
688,1,0.0,0.0,-0.0028690317784819974,0.0,0.0
688,2,0.0,0.0,0.0,0.0,-0.7556757893267569
688,3,0.0,0.0,0.0,0.0,0.0
688,4,0.0,0.0,0.0,0.0,0.0
689,0,0.0,-1.3587702549023895e-08,0.0,0.0,-19.8370553512566
689,1,0.0,0.0,-0.0028690317784819974,0.0,0.0
689,2,0.0,0.0,0.0,0.0,-0.7556757893267569
689,3,0.0,0.0,0.0,0.0,0.0
689,4,0.0,0.0,0.0,0.0,0.0
690,0,0.0,-1.3587702549023895e-08,0.0,0.0,-19.852130967328943
690,1,0.0,0.0,-0.0028690317784819974,0.0,0.0
690,2,0.0,0.0,0.0,0.0,-0.7556757893267569
690,3,0.0,0.0,0.0,0.0,0.0
690,4,0.0,0.0,0.0,0.0,0.0
691,0,0.0,-1.3587702549023895e-08,0.0,0.0,-19.863235732665736
691,1,0.0,0.0,-0.0028690317784819974,0.0,0.0
691,2,0.0,0.0,0.0,0.0,-0.7556757893267569
691,3,0.0,0.0,0.0,0.0,0.0
691,4,0.0,0.0,0.0,0.0,0.0
692,0,0.0,-1.3587702549023895e-08,0.0,0.0,-19.873411572167903
692,1,0.0,0.0,-0.0028690317784819974,0.0,0.0
692,2,0.0,0.0,0.0,0.0,-0.7556757893267569
692,3,0.0,0.0,0.0,0.0,0.0
692,4,0.0,0.0,0.0,0.0,0.0
693,0,0.0,-1.3587702549023895e-08,0.0,0.0,-19.89095726998811
693,1,0.0,0.0,-0.0028690317784819974,0.0,0.0
693,2,0.0,0.0,0.0,0.0,-0.7556757893267569
693,3,0.0,0.0,0.0,0.0,0.0
693,4,0.0,0.0,0.0,0.0,0.0
694,0,0.0,-1.3587702549023895e-08,0.0,0.0,-19.897174689258133
694,1,0.0,0.0,-0.0028690317784819974,0.0,0.0
694,2,0.0,0.0,0.0,0.0,-0.7556757893267569
694,3,0.0,0.0,0.0,0.0,0.0
694,4,0.0,0.0,0.0,0.0,0.0
695,0,0.0,-1.3587702549023895e-08,0.0,0.0,-19.907761743283068
695,1,0.0,0.0,-0.0028690317784819974,0.0,0.0
695,2,0.0,0.0,0.0,0.0,-0.7556757893267569
695,3,0.0,0.0,0.0,0.0,0.0
695,4,0.0,0.0,0.0,0.0,0.0
696,0,0.0,-1.3587702549023895e-08,0.0,0.0,-19.92434926445225
696,1,0.0,0.0,-0.0028690317784819974,0.0,0.0
696,2,0.0,0.0,0.0,0.0,-0.7556757893267569
696,3,0.0,0.0,0.0,0.0,0.0
696,4,0.0,0.0,0.0,0.0,0.0
697,0,0.0,-1.3587702549023895e-08,0.0,0.0,-19.937556028089652
697,1,0.0,0.0,-0.0028690317784819974,0.0,0.0
697,2,0.0,0.0,0.0,0.0,-0.7556757893267569
697,3,0.0,0.0,0.0,0.0,0.0
697,4,0.0,0.0,0.0,0.0,0.0
698,0,0.0,-1.3587702549023895e-08,0.0,0.0,-19.944047550353716
698,1,0.0,0.0,-0.0028690317784819974,0.0,0.0
698,2,0.0,0.0,0.0,0.0,-0.7556757893267569
698,3,0.0,0.0,0.0,0.0,0.0
698,4,0.0,0.0,0.0,0.0,0.0
699,0,0.0,-1.3587702549023895e-08,0.0,0.0,-19.950395188774607
699,1,0.0,0.0,-0.0028690317784819974,0.0,0.0
699,2,0.0,0.0,0.0,0.0,-0.7556757893267569
699,3,0.0,0.0,0.0,0.0,0.0
699,4,0.0,0.0,0.0,0.0,0.0
700,0,0.0,-1.3587702549023895e-08,0.0,0.0,-19.966689994004376
700,1,0.0,0.0,-0.0028690317784819974,0.0,0.0
700,2,0.0,0.0,0.0,0.0,-0.7556757893267569
700,3,0.0,0.0,0.0,0.0,0.0
700,4,0.0,0.0,0.0,0.0,0.0
701,0,0.0,-1.3587702549023895e-08,0.0,0.0,-19.977162367498064
701,1,0.0,0.0,-0.0028690317784819974,0.0,0.0
701,2,0.0,0.0,0.0,0.0,-0.7556757893267569
701,3,0.0,0.0,0.0,0.0,0.0
701,4,0.0,0.0,0.0,0.0,0.0
702,0,0.0,-1.3587702549023895e-08,0.0,0.0,-19.98606503467783
702,1,0.0,0.0,-0.0028690317784819974,0.0,0.0
702,2,0.0,0.0,0.0,0.0,-0.7556757893267569
702,3,0.0,0.0,0.0,0.0,0.0
702,4,0.0,0.0,0.0,0.0,0.0
703,0,0.0,-1.3587702549023895e-08,0.0,0.0,-19.99370740720687
703,1,0.0,0.0,-0.0028690317784819974,0.0,0.0
703,2,0.0,0.0,0.0,0.0,-0.7556757893267569
703,3,0.0,0.0,0.0,0.0,0.0
703,4,0.0,0.0,0.0,0.0,0.0
704,0,0.0,-1.3587702549023895e-08,0.0,0.0,-20.002504382430615
704,1,0.0,0.0,-0.0028690317784819974,0.0,0.0
704,2,0.0,0.0,0.0,0.0,-0.7556757893267569
704,3,0.0,0.0,0.0,0.0,0.0
704,4,0.0,0.0,0.0,0.0,0.0
705,0,0.0,-1.3587702549023895e-08,0.0,0.0,-20.01518325522159
705,1,0.0,0.0,-0.0028690317784819974,0.0,0.0
705,2,0.0,0.0,0.0,0.0,-0.7556757893267569
705,3,0.0,0.0,0.0,0.0,0.0
705,4,0.0,0.0,0.0,0.0,0.0
706,0,0.0,-1.3587702549023895e-08,0.0,0.0,-20.026585000860326
706,1,0.0,0.0,-0.0028690317784819974,0.0,0.0
706,2,0.0,0.0,0.0,0.0,-0.7556757893267569
706,3,0.0,0.0,0.0,0.0,0.0
706,4,0.0,0.0,0.0,0.0,0.0
707,0,0.0,-1.3587702549023895e-08,0.0,0.0,-20.040526838670036
707,1,0.0,0.0,-0.0028690317784819974,0.0,0.0
707,2,0.0,0.0,0.0,0.0,-0.7556757893267569
707,3,0.0,0.0,0.0,0.0,0.0
707,4,0.0,0.0,0.0,0.0,0.0
708,0,0.0,-1.3587702549023895e-08,0.0,0.0,-20.05406217377652
708,1,0.0,0.0,-0.0028690317784819974,0.0,0.0
708,2,0.0,0.0,0.0,0.0,-0.7556757893267569
708,3,0.0,0.0,0.0,0.0,0.0
708,4,0.0,0.0,0.0,0.0,0.0
709,0,0.0,-1.3587702549023895e-08,0.0,0.0,-20.06805293952735
709,1,0.0,0.0,-0.0028690317784819974,0.0,0.0
709,2,0.0,0.0,0.0,0.0,-0.7556757893267569
709,3,0.0,0.0,0.0,0.0,0.0
709,4,0.0,0.0,0.0,0.0,0.0
710,0,0.0,-1.3587702549023895e-08,0.0,0.0,-20.086564637283235
710,1,0.0,0.0,-0.0028690317784819974,0.0,0.0
710,2,0.0,0.0,0.0,0.0,-0.7556757893267569
710,3,0.0,0.0,0.0,0.0,0.0
710,4,0.0,0.0,0.0,0.0,0.0
711,0,0.0,-1.3587702549023895e-08,0.0,0.0,-20.09612738011175
711,1,0.0,0.0,-0.0028690317784819974,0.0,0.0
711,2,0.0,0.0,0.0,0.0,-0.7556757893267569
711,3,0.0,0.0,0.0,0.0,0.0
711,4,0.0,0.0,0.0,0.0,0.0
712,0,0.0,-1.3587702549023895e-08,0.0,0.0,-20.10908385237544
712,1,0.0,0.0,-0.0028690317784819974,0.0,0.0
712,2,0.0,0.0,0.0,0.0,-0.7556757893267569
712,3,0.0,0.0,0.0,0.0,0.0
712,4,0.0,0.0,0.0,0.0,0.0
713,0,0.0,-1.3587702549023895e-08,0.0,0.0,-20.12289717205758
713,1,0.0,0.0,-0.0028690317784819974,0.0,0.0
713,2,0.0,0.0,0.0,0.0,-0.7556757893267569
713,3,0.0,0.0,0.0,0.0,0.0
713,4,0.0,0.0,0.0,0.0,0.0
714,0,0.0,-1.3587702549023895e-08,0.0,0.0,-20.13609898307744
714,1,0.0,0.0,-0.0028690317784819974,0.0,0.0
714,2,0.0,0.0,0.0,0.0,-0.7556757893267569
714,3,0.0,0.0,0.0,0.0,0.0
714,4,0.0,0.0,0.0,0.0,0.0
715,0,0.0,-1.3587702549023895e-08,0.0,0.0,-20.145360680766785
715,1,0.0,0.0,-0.0028690317784819974,0.0,0.0
715,2,0.0,0.0,0.0,0.0,-0.7556757893267569
715,3,0.0,0.0,0.0,0.0,0.0
715,4,0.0,0.0,0.0,0.0,0.0
716,0,0.0,-1.3587702549023895e-08,0.0,0.0,-20.152319364613295
716,1,0.0,0.0,-0.0028690317784819974,0.0,0.0
716,2,0.0,0.0,0.0,0.0,-0.7556757893267569
716,3,0.0,0.0,0.0,0.0,0.0
716,4,0.0,0.0,0.0,0.0,0.0
717,0,0.0,-1.3587702549023895e-08,0.0,0.0,-20.158741186584965
717,1,0.0,0.0,-0.0028690317784819974,0.0,0.0
717,2,0.0,0.0,0.0,0.0,-0.7556757893267569
717,3,0.0,0.0,0.0,0.0,0.0
717,4,0.0,0.0,0.0,0.0,0.0
718,0,0.0,-1.3587702549023895e-08,0.0,0.0,-20.169362194052145
718,1,0.0,0.0,-0.0028690317784819974,0.0,0.0
718,2,0.0,0.0,0.0,0.0,-0.7556757893267569
718,3,0.0,0.0,0.0,0.0,0.0
718,4,0.0,0.0,0.0,0.0,0.0
719,0,0.0,-1.3587702549023895e-08,0.0,0.0,-20.175617399273804
719,1,0.0,0.0,-0.0028690317784819974,0.0,0.0
719,2,0.0,0.0,0.0,0.0,-0.7556757893267569
719,3,0.0,0.0,0.0,0.0,0.0
719,4,0.0,0.0,0.0,0.0,0.0
720,0,0.0,-1.3587702549023895e-08,0.0,0.0,-20.179459326023157
720,1,0.0,0.0,-0.0028690317784819974,0.0,0.0
720,2,0.0,0.0,0.0,0.0,-0.7556757893267569
720,3,0.0,0.0,0.0,0.0,0.0
720,4,0.0,0.0,0.0,0.0,0.0
721,0,0.0,-1.3587702549023895e-08,0.0,0.0,-20.187905832663848
721,1,0.0,0.0,-0.0028690317784819974,0.0,0.0
721,2,0.0,0.0,0.0,0.0,-0.7556757893267569
721,3,0.0,0.0,0.0,0.0,0.0
721,4,0.0,0.0,0.0,0.0,0.0
722,0,0.0,-1.3587702549023895e-08,0.0,0.0,-20.19232204739209
722,1,0.0,0.0,-0.0028690317784819974,0.0,0.0
722,2,0.0,0.0,0.0,0.0,-0.7556757893267569
722,3,0.0,0.0,0.0,0.0,0.0
722,4,0.0,0.0,0.0,0.0,0.0
723,0,0.0,-1.3587702549023895e-08,0.0,0.0,-20.204750493335933
723,1,0.0,0.0,-0.0028690317784819974,0.0,0.0
723,2,0.0,0.0,0.0,0.0,-0.7556757893267569
723,3,0.0,0.0,0.0,0.0,0.0
723,4,0.0,0.0,0.0,0.0,0.0
724,0,0.0,-1.3587702549023895e-08,0.0,0.0,-20.213741678420917
724,1,0.0,0.0,-0.0028690317784819974,0.0,0.0
724,2,0.0,0.0,0.0,0.0,-0.7556757893267569
724,3,0.0,0.0,0.0,0.0,0.0
724,4,0.0,0.0,0.0,0.0,0.0
725,0,0.0,-1.3587702549023895e-08,0.0,0.0,-20.22053940373209
725,1,0.0,0.0,-0.0028690317784819974,0.0,0.0
725,2,0.0,0.0,0.0,0.0,-0.7556757893267569
725,3,0.0,0.0,0.0,0.0,0.0
725,4,0.0,0.0,0.0,0.0,0.0
726,0,0.0,-1.3587702549023895e-08,0.0,0.0,-20.233115783555103
726,1,0.0,0.0,-0.0028690317784819974,0.0,0.0
726,2,0.0,0.0,0.0,0.0,-0.7556757893267569
726,3,0.0,0.0,0.0,0.0,0.0
726,4,0.0,0.0,0.0,0.0,0.0
727,0,0.0,-1.3587702549023895e-08,0.0,0.0,-20.236312528721225
727,1,0.0,0.0,-0.0028690317784819974,0.0,0.0
727,2,0.0,0.0,0.0,0.0,-0.7556757893267569
727,3,0.0,0.0,0.0,0.0,0.0
727,4,0.0,0.0,0.0,0.0,0.0
728,0,0.0,-1.3587702549023895e-08,0.0,0.0,-20.243917745760164
728,1,0.0,0.0,-0.0028690317784819974,0.0,0.0
728,2,0.0,0.0,0.0,0.0,-0.7556757893267569
728,3,0.0,0.0,0.0,0.0,0.0
728,4,0.0,0.0,0.0,0.0,0.0
729,0,0.0,-1.3587702549023895e-08,0.0,0.0,-20.248549298937302
729,1,0.0,0.0,-0.0028690317784819974,0.0,0.0
729,2,0.0,0.0,0.0,0.0,-0.7556757893267569
729,3,0.0,0.0,0.0,0.0,0.0
729,4,0.0,0.0,0.0,0.0,0.0
730,0,0.0,-1.3587702549023895e-08,0.0,0.0,-20.263634769899816
730,1,0.0,0.0,-0.0028690317784819974,0.0,0.0
730,2,0.0,0.0,0.0,0.0,-0.7556757893267569
730,3,0.0,0.0,0.0,0.0,0.0
730,4,0.0,0.0,0.0,0.0,0.0
731,0,0.0,-1.3587702549023895e-08,0.0,0.0,-20.272661902166337
731,1,0.0,0.0,-0.0028690317784819974,0.0,0.0
731,2,0.0,0.0,0.0,0.0,-0.7556757893267569
731,3,0.0,0.0,0.0,0.0,0.0
731,4,0.0,0.0,0.0,0.0,0.0
732,0,0.0,-1.3587702549023895e-08,0.0,0.0,-20.28217692281588
732,1,0.0,0.0,-0.0028690317784819974,0.0,0.0
732,2,0.0,0.0,0.0,0.0,-0.7556757893267569
732,3,0.0,0.0,0.0,0.0,0.0
732,4,0.0,0.0,0.0,0.0,0.0
733,0,0.0,-1.3587702549023895e-08,0.0,0.0,-20.28597532273982
733,1,0.0,0.0,-0.0028690317784819974,0.0,0.0
733,2,0.0,0.0,0.0,0.0,-0.7556757893267569
733,3,0.0,0.0,0.0,0.0,0.0
733,4,0.0,0.0,0.0,0.0,0.0
734,0,0.0,-1.3587702549023895e-08,0.0,0.0,-20.293339676934902
734,1,0.0,0.0,-0.0028690317784819974,0.0,0.0
734,2,0.0,0.0,0.0,0.0,-0.7556757893267569
734,3,0.0,0.0,0.0,0.0,0.0
734,4,0.0,0.0,0.0,0.0,0.0
735,0,0.0,-1.3587702549023895e-08,0.0,0.0,-20.30006326425653
735,1,0.0,0.0,-0.0028690317784819974,0.0,0.0
735,2,0.0,0.0,0.0,0.0,-0.7556757893267569
735,3,0.0,0.0,0.0,0.0,0.0
735,4,0.0,0.0,0.0,0.0,0.0
736,0,0.0,-1.3587702549023895e-08,0.0,0.0,-20.305033563203015
736,1,0.0,0.0,-0.0028690317784819974,0.0,0.0
736,2,0.0,0.0,0.0,0.0,-0.7556757893267569
736,3,0.0,0.0,0.0,0.0,0.0
736,4,0.0,0.0,0.0,0.0,0.0
737,0,0.0,-1.3587702549023895e-08,0.0,0.0,-20.310354136812045
737,1,0.0,0.0,-0.0028690317784819974,0.0,0.0
737,2,0.0,0.0,0.0,0.0,-0.7556757893267569
737,3,0.0,0.0,0.0,0.0,0.0
737,4,0.0,0.0,0.0,0.0,0.0
738,0,0.0,-1.3587702549023895e-08,0.0,0.0,-20.320434745441723
738,1,0.0,0.0,-0.0028690317784819974,0.0,0.0
738,2,0.0,0.0,0.0,0.0,-0.7556757893267569
738,3,0.0,0.0,0.0,0.0,0.0
738,4,0.0,0.0,0.0,0.0,0.0
739,0,0.0,-1.3587702549023895e-08,0.0,0.0,-20.32285298431257
739,1,0.0,0.0,-0.0028690317784819974,0.0,0.0
739,2,0.0,0.0,0.0,0.0,-0.7556757893267569
739,3,0.0,0.0,0.0,0.0,0.0
739,4,0.0,0.0,0.0,0.0,0.0
740,0,0.0,-1.3587702549023895e-08,0.0,0.0,-20.325969796644568
740,1,0.0,0.0,-0.0028690317784819974,0.0,0.0
740,2,0.0,0.0,0.0,0.0,-0.7556757893267569
740,3,0.0,0.0,0.0,0.0,0.0
740,4,0.0,0.0,0.0,0.0,0.0
741,0,0.0,-1.3587702549023895e-08,0.0,0.0,-20.330747801627847
741,1,0.0,0.0,-0.0028690317784819974,0.0,0.0
741,2,0.0,0.0,0.0,0.0,-0.7556757893267569
741,3,0.0,0.0,0.0,0.0,0.0
741,4,0.0,0.0,0.0,0.0,0.0
742,0,0.0,-1.3587702549023895e-08,0.0,0.0,-20.339434236739088
742,1,0.0,0.0,-0.0028690317784819974,0.0,0.0
742,2,0.0,0.0,0.0,0.0,-0.7556757893267569
742,3,0.0,0.0,0.0,0.0,0.0
742,4,0.0,0.0,0.0,0.0,0.0
743,0,0.0,-1.3587702549023895e-08,0.0,0.0,-20.351923542124496
743,1,0.0,0.0,-0.0028690317784819974,0.0,0.0
743,2,0.0,0.0,0.0,0.0,-0.7556757893267569
743,3,0.0,0.0,0.0,0.0,0.0
743,4,0.0,0.0,0.0,0.0,0.0
744,0,0.0,-1.3587702549023895e-08,0.0,0.0,-20.359573362401672
744,1,0.0,0.0,-0.0028690317784819974,0.0,0.0
744,2,0.0,0.0,0.0,0.0,-0.7556757893267569
744,3,0.0,0.0,0.0,0.0,0.0
744,4,0.0,0.0,0.0,0.0,0.0
745,0,0.0,-1.3587702549023895e-08,0.0,0.0,-20.364641301655624
745,1,0.0,0.0,-0.0028690317784819974,0.0,0.0
745,2,0.0,0.0,0.0,0.0,-0.7556757893267569
745,3,0.0,0.0,0.0,0.0,0.0
745,4,0.0,0.0,0.0,0.0,0.0
746,0,0.0,-1.3587702549023895e-08,0.0,0.0,-20.37675680122845
746,1,0.0,0.0,-0.0028690317784819974,0.0,0.0
746,2,0.0,0.0,0.0,0.0,-0.7556757893267569
746,3,0.0,0.0,0.0,0.0,0.0
746,4,0.0,0.0,0.0,0.0,0.0
747,0,0.0,-1.3587702549023895e-08,0.0,0.0,-20.381007312555603
747,1,0.0,0.0,-0.0028690317784819974,0.0,0.0
747,2,0.0,0.0,0.0,0.0,-0.7556757893267569
747,3,0.0,0.0,0.0,0.0,0.0
747,4,0.0,0.0,0.0,0.0,0.0
748,0,0.0,-1.3587702549023895e-08,0.0,0.0,-20.383666366930544
748,1,0.0,0.0,-0.0028690317784819974,0.0,0.0
748,2,0.0,0.0,0.0,0.0,-0.7556757893267569
748,3,0.0,0.0,0.0,0.0,0.0
748,4,0.0,0.0,0.0,0.0,0.0
749,0,0.0,-1.3587702549023895e-08,0.0,0.0,-20.402544913230468
749,1,0.0,0.0,-0.0028690317784819974,0.0,0.0
749,2,0.0,0.0,0.0,0.0,-0.7556757893267569
749,3,0.0,0.0,0.0,0.0,0.0
749,4,0.0,0.0,0.0,0.0,0.0
750,0,0.0,-1.3587702549023895e-08,0.0,0.0,-20.408964678663164
750,1,0.0,0.0,-0.0028690317784819974,0.0,0.0
750,2,0.0,0.0,0.0,0.0,-0.7556757893267569
750,3,0.0,0.0,0.0,0.0,0.0
750,4,0.0,0.0,0.0,0.0,0.0
751,0,0.0,-1.3587702549023895e-08,0.0,0.0,-20.416116144157286
751,1,0.0,0.0,-0.0028690317784819974,0.0,0.0
751,2,0.0,0.0,0.0,0.0,-0.7556757893267569
751,3,0.0,0.0,0.0,0.0,0.0
751,4,0.0,0.0,0.0,0.0,0.0
752,0,0.0,-1.3587702549023895e-08,0.0,0.0,-20.423158352171153
752,1,0.0,0.0,-0.0028690317784819974,0.0,0.0
752,2,0.0,0.0,0.0,0.0,-0.7556757893267569
752,3,0.0,0.0,0.0,0.0,0.0
752,4,0.0,0.0,0.0,0.0,0.0
753,0,0.0,-1.3587702549023895e-08,0.0,0.0,-20.428248944852317
753,1,0.0,0.0,-0.0028690317784819974,0.0,0.0
753,2,0.0,0.0,0.0,0.0,-0.7556757893267569
753,3,0.0,0.0,0.0,0.0,0.0
753,4,0.0,0.0,0.0,0.0,0.0
754,0,0.0,-1.3587702549023895e-08,0.0,0.0,-20.441269130154275
754,1,0.0,0.0,-0.0028690317784819974,0.0,0.0
754,2,0.0,0.0,0.0,0.0,-0.7556757893267569
754,3,0.0,0.0,0.0,0.0,0.0
754,4,0.0,0.0,0.0,0.0,0.0
755,0,0.0,-1.3587702549023895e-08,0.0,0.0,-20.44987785862024
755,1,0.0,0.0,-0.0028690317784819974,0.0,0.0
755,2,0.0,0.0,0.0,0.0,-0.7556757893267569
755,3,0.0,0.0,0.0,0.0,0.0
755,4,0.0,0.0,0.0,0.0,0.0
756,0,0.0,-1.3587702549023895e-08,0.0,0.0,-20.458869835610376
756,1,0.0,0.0,-0.0028690317784819974,0.0,0.0
756,2,0.0,0.0,0.0,0.0,-0.7556757893267569
756,3,0.0,0.0,0.0,0.0,0.0
756,4,0.0,0.0,0.0,0.0,0.0
757,0,0.0,-1.3587702549023895e-08,0.0,0.0,-20.464503711746065
757,1,0.0,0.0,-0.0028690317784819974,0.0,0.0
757,2,0.0,0.0,0.0,0.0,-0.7556757893267569
757,3,0.0,0.0,0.0,0.0,0.0
757,4,0.0,0.0,0.0,0.0,0.0
758,0,0.0,-1.3587702549023895e-08,0.0,0.0,-20.474769571314397
758,1,0.0,0.0,-0.0028690317784819974,0.0,0.0
758,2,0.0,0.0,0.0,0.0,-0.7556757893267569
758,3,0.0,0.0,0.0,0.0,0.0
758,4,0.0,0.0,0.0,0.0,0.0
759,0,0.0,-1.3587702549023895e-08,0.0,0.0,-20.48538841066084
759,1,0.0,0.0,-0.0028690317784819974,0.0,0.0
759,2,0.0,0.0,0.0,0.0,-0.7556757893267569
759,3,0.0,0.0,0.0,0.0,0.0
759,4,0.0,0.0,0.0,0.0,0.0
760,0,0.0,-1.3587702549023895e-08,0.0,0.0,-20.49709683791884
760,1,0.0,0.0,-0.0028690317784819974,0.0,0.0
760,2,0.0,0.0,0.0,0.0,-0.7556757893267569
760,3,0.0,0.0,0.0,0.0,0.0
760,4,0.0,0.0,0.0,0.0,0.0
761,0,0.0,-1.3587702549023895e-08,0.0,0.0,-20.512330751201063
761,1,0.0,0.0,-0.0028690317784819974,0.0,0.0
761,2,0.0,0.0,0.0,0.0,-0.7556757893267569
761,3,0.0,0.0,0.0,0.0,0.0
761,4,0.0,0.0,0.0,0.0,0.0
762,0,0.0,-1.3587702549023895e-08,0.0,0.0,-20.519465820340304
762,1,0.0,0.0,-0.0028690317784819974,0.0,0.0
762,2,0.0,0.0,0.0,0.0,-0.7556757893267569
762,3,0.0,0.0,0.0,0.0,0.0
762,4,0.0,0.0,0.0,0.0,0.0
763,0,0.0,-1.3587702549023895e-08,0.0,0.0,-20.524038756780943
763,1,0.0,0.0,-0.0028690317784819974,0.0,0.0
763,2,0.0,0.0,0.0,0.0,-0.7556757893267569
763,3,0.0,0.0,0.0,0.0,0.0
763,4,0.0,0.0,0.0,0.0,0.0
764,0,0.0,-1.3587702549023895e-08,0.0,0.0,-20.535038264064706
764,1,0.0,0.0,-0.0028690317784819974,0.0,0.0
764,2,0.0,0.0,0.0,0.0,-0.7556757893267569
764,3,0.0,0.0,0.0,0.0,0.0
764,4,0.0,0.0,0.0,0.0,0.0
765,0,0.0,-1.3587702549023895e-08,0.0,0.0,-20.541146511079905
765,1,0.0,0.0,-0.0028690317784819974,0.0,0.0
765,2,0.0,0.0,0.0,0.0,-0.7556757893267569
765,3,0.0,0.0,0.0,0.0,0.0
765,4,0.0,0.0,0.0,0.0,0.0
766,0,0.0,-1.3587702549023895e-08,0.0,0.0,-20.54383730485202
766,1,0.0,0.0,-0.0028690317784819974,0.0,0.0
766,2,0.0,0.0,0.0,0.0,-0.7556757893267569
766,3,0.0,0.0,0.0,0.0,0.0
766,4,0.0,0.0,0.0,0.0,0.0
767,0,0.0,-1.3587702549023895e-08,0.0,0.0,-20.56005671105481
767,1,0.0,0.0,-0.0028690317784819974,0.0,0.0
767,2,0.0,0.0,0.0,0.0,-0.7556757893267569
767,3,0.0,0.0,0.0,0.0,0.0
767,4,0.0,0.0,0.0,0.0,0.0
768,0,0.0,-1.3587702549023895e-08,0.0,0.0,-20.572501949647418
768,1,0.0,0.0,-0.0028690317784819974,0.0,0.0
768,2,0.0,0.0,0.0,0.0,-0.7556757893267569
768,3,0.0,0.0,0.0,0.0,0.0
768,4,0.0,0.0,0.0,0.0,0.0
769,0,0.0,-1.3587702549023895e-08,0.0,0.0,-20.57960948187675
769,1,0.0,0.0,-0.0028690317784819974,0.0,0.0
769,2,0.0,0.0,0.0,0.0,-0.7556757893267569
769,3,0.0,0.0,0.0,0.0,0.0
769,4,0.0,0.0,0.0,0.0,0.0
770,0,0.0,-1.3587702549023895e-08,0.0,0.0,-20.588152978605404
770,1,0.0,0.0,-0.0028690317784819974,0.0,0.0
770,2,0.0,0.0,0.0,0.0,-0.7556757893267569
770,3,0.0,0.0,0.0,0.0,0.0
770,4,0.0,0.0,0.0,0.0,0.0
771,0,0.0,-1.3587702549023895e-08,0.0,0.0,-20.592721153159733
771,1,0.0,0.0,-0.0028690317784819974,0.0,0.0
771,2,0.0,0.0,0.0,0.0,-0.7556757893267569
771,3,0.0,0.0,0.0,0.0,0.0
771,4,0.0,0.0,0.0,0.0,0.0
772,0,0.0,-1.3587702549023895e-08,0.0,0.0,-20.605457379611238
772,1,0.0,0.0,-0.0028690317784819974,0.0,0.0
772,2,0.0,0.0,0.0,0.0,-0.7556757893267569
772,3,0.0,0.0,0.0,0.0,0.0
772,4,0.0,0.0,0.0,0.0,0.0
773,0,0.0,-1.3587702549023895e-08,0.0,0.0,-20.618207296255935
773,1,0.0,0.0,-0.0028690317784819974,0.0,0.0
773,2,0.0,0.0,0.0,0.0,-0.7556757893267569
773,3,0.0,0.0,0.0,0.0,0.0
773,4,0.0,0.0,0.0,0.0,0.0
774,0,0.0,-1.3587702549023895e-08,0.0,0.0,-20.62367916835783
774,1,0.0,0.0,-0.0028690317784819974,0.0,0.0
774,2,0.0,0.0,0.0,0.0,-0.7556757893267569
774,3,0.0,0.0,0.0,0.0,0.0
774,4,0.0,0.0,0.0,0.0,0.0
775,0,0.0,-1.3587702549023895e-08,0.0,0.0,-20.633567859010412
775,1,0.0,0.0,-0.0028690317784819974,0.0,0.0
775,2,0.0,0.0,0.0,0.0,-0.7556757893267569
775,3,0.0,0.0,0.0,0.0,0.0
775,4,0.0,0.0,0.0,0.0,0.0
776,0,0.0,-1.3587702549023895e-08,0.0,0.0,-20.64621662533827
776,1,0.0,0.0,-0.0028690317784819974,0.0,0.0
776,2,0.0,0.0,0.0,0.0,-0.7556757893267569
776,3,0.0,0.0,0.0,0.0,0.0
776,4,0.0,0.0,0.0,0.0,0.0
777,0,0.0,-1.3587702549023895e-08,0.0,0.0,-20.666599198482356
777,1,0.0,0.0,-0.0028690317784819974,0.0,0.0
777,2,0.0,0.0,0.0,0.0,-0.7556757893267569
777,3,0.0,0.0,0.0,0.0,0.0
777,4,0.0,0.0,0.0,0.0,0.0
778,0,0.0,-1.3587702549023895e-08,0.0,0.0,-20.675720139610682
778,1,0.0,0.0,-0.0028690317784819974,0.0,0.0
778,2,0.0,0.0,0.0,0.0,-0.7556757893267569
778,3,0.0,0.0,0.0,0.0,0.0
778,4,0.0,0.0,0.0,0.0,0.0
779,0,0.0,-1.3587702549023895e-08,0.0,0.0,-20.686143989573594
779,1,0.0,0.0,-0.0028690317784819974,0.0,0.0
779,2,0.0,0.0,0.0,0.0,-0.7556757893267569
779,3,0.0,0.0,0.0,0.0,0.0
779,4,0.0,0.0,0.0,0.0,0.0
780,0,0.0,-1.3587702549023895e-08,0.0,0.0,-20.689374941690666
780,1,0.0,0.0,-0.0028690317784819974,0.0,0.0
780,2,0.0,0.0,0.0,0.0,-0.7556757893267569
780,3,0.0,0.0,0.0,0.0,0.0
780,4,0.0,0.0,0.0,0.0,0.0
781,0,0.0,-1.3587702549023895e-08,0.0,0.0,-20.697616283752204
781,1,0.0,0.0,-0.0028690317784819974,0.0,0.0
781,2,0.0,0.0,0.0,0.0,-0.7556757893267569
781,3,0.0,0.0,0.0,0.0,0.0
781,4,0.0,0.0,0.0,0.0,0.0
782,0,0.0,-1.3587702549023895e-08,0.0,0.0,-20.70092781930585
782,1,0.0,0.0,-0.0028690317784819974,0.0,0.0
782,2,0.0,0.0,0.0,0.0,-0.7556757893267569
782,3,0.0,0.0,0.0,0.0,0.0
782,4,0.0,0.0,0.0,0.0,0.0
783,0,0.0,-1.3587702549023895e-08,0.0,0.0,-20.707340838178435
783,1,0.0,0.0,-0.0028690317784819974,0.0,0.0
783,2,0.0,0.0,0.0,0.0,-0.7556757893267569
783,3,0.0,0.0,0.0,0.0,0.0
783,4,0.0,0.0,0.0,0.0,0.0
784,0,0.0,-1.3587702549023895e-08,0.0,0.0,-20.715654015851044
784,1,0.0,0.0,-0.0028690317784819974,0.0,0.0
784,2,0.0,0.0,0.0,0.0,-0.7556757893267569
784,3,0.0,0.0,0.0,0.0,0.0
784,4,0.0,0.0,0.0,0.0,0.0
785,0,0.0,-1.3587702549023895e-08,0.0,0.0,-20.719989636590288
785,1,0.0,0.0,-0.0028690317784819974,0.0,0.0
785,2,0.0,0.0,0.0,0.0,-0.7556757893267569
785,3,0.0,0.0,0.0,0.0,0.0
785,4,0.0,0.0,0.0,0.0,0.0
786,0,0.0,-1.3587702549023895e-08,0.0,0.0,-20.726519868374137
786,1,0.0,0.0,-0.0028690317784819974,0.0,0.0
786,2,0.0,0.0,0.0,0.0,-0.7556757893267569
786,3,0.0,0.0,0.0,0.0,0.0
786,4,0.0,0.0,0.0,0.0,0.0
787,0,0.0,-1.3587702549023895e-08,0.0,0.0,-20.736284792075747
787,1,0.0,0.0,-0.0028690317784819974,0.0,0.0
787,2,0.0,0.0,0.0,0.0,-0.7556757893267569
787,3,0.0,0.0,0.0,0.0,0.0
787,4,0.0,0.0,0.0,0.0,0.0
788,0,0.0,-1.3587702549023895e-08,0.0,0.0,-20.740809708083155
788,1,0.0,0.0,-0.0028690317784819974,0.0,0.0
788,2,0.0,0.0,0.0,0.0,-0.7556757893267569
788,3,0.0,0.0,0.0,0.0,0.0
788,4,0.0,0.0,0.0,0.0,0.0
789,0,0.0,-1.3587702549023895e-08,0.0,0.0,-20.74603423089652
789,1,0.0,0.0,-0.0028690317784819974,0.0,0.0
789,2,0.0,0.0,0.0,0.0,-0.7556757893267569
789,3,0.0,0.0,0.0,0.0,0.0
789,4,0.0,0.0,0.0,0.0,0.0
790,0,0.0,-1.3587702549023895e-08,0.0,0.0,-20.750023849552182
790,1,0.0,0.0,-0.0028690317784819974,0.0,0.0
790,2,0.0,0.0,0.0,0.0,-0.7556757893267569
790,3,0.0,0.0,0.0,0.0,0.0
790,4,0.0,0.0,0.0,0.0,0.0
791,0,0.0,-1.3587702549023895e-08,0.0,0.0,-20.756264931691533
791,1,0.0,0.0,-0.0028690317784819974,0.0,0.0
791,2,0.0,0.0,0.0,0.0,-0.7556757893267569
791,3,0.0,0.0,0.0,0.0,0.0
791,4,0.0,0.0,0.0,0.0,0.0
792,0,0.0,-1.3587702549023895e-08,0.0,0.0,-20.767714506580347
792,1,0.0,0.0,-0.0028690317784819974,0.0,0.0
792,2,0.0,0.0,0.0,0.0,-0.7556757893267569
792,3,0.0,0.0,0.0,0.0,0.0
792,4,0.0,0.0,0.0,0.0,0.0
793,0,0.0,-1.3587702549023895e-08,0.0,0.0,-20.77988247437146
793,1,0.0,0.0,-0.0028690317784819974,0.0,0.0
793,2,0.0,0.0,0.0,0.0,-0.7556757893267569
793,3,0.0,0.0,0.0,0.0,0.0
793,4,0.0,0.0,0.0,0.0,0.0
794,0,0.0,-1.3587702549023895e-08,0.0,0.0,-20.785546160495972
794,1,0.0,0.0,-0.0028690317784819974,0.0,0.0
794,2,0.0,0.0,0.0,0.0,-0.7556757893267569
794,3,0.0,0.0,0.0,0.0,0.0
794,4,0.0,0.0,0.0,0.0,0.0
795,0,0.0,-1.3587702549023895e-08,0.0,0.0,-20.790964795165028
795,1,0.0,0.0,-0.0028690317784819974,0.0,0.0
795,2,0.0,0.0,0.0,0.0,-0.7556757893267569
795,3,0.0,0.0,0.0,0.0,0.0
795,4,0.0,0.0,0.0,0.0,0.0
796,0,0.0,-1.3587702549023895e-08,0.0,0.0,-20.798216906783626
796,1,0.0,0.0,-0.0028690317784819974,0.0,0.0
796,2,0.0,0.0,0.0,0.0,-0.7556757893267569
796,3,0.0,0.0,0.0,0.0,0.0
796,4,0.0,0.0,0.0,0.0,0.0
797,0,0.0,-1.3587702549023895e-08,0.0,0.0,-20.80606808408278
797,1,0.0,0.0,-0.0028690317784819974,0.0,0.0
797,2,0.0,0.0,0.0,0.0,-0.7556757893267569
797,3,0.0,0.0,0.0,0.0,0.0
797,4,0.0,0.0,0.0,0.0,0.0
798,0,0.0,-1.3587702549023895e-08,0.0,0.0,-20.813139811197072
798,1,0.0,0.0,-0.0028690317784819974,0.0,0.0
798,2,0.0,0.0,0.0,0.0,-0.7556757893267569
798,3,0.0,0.0,0.0,0.0,0.0
798,4,0.0,0.0,0.0,0.0,0.0
799,0,0.0,-1.3587702549023895e-08,0.0,0.0,-20.820618386750745
799,1,0.0,0.0,-0.0028690317784819974,0.0,0.0
799,2,0.0,0.0,0.0,0.0,-0.7556757893267569
799,3,0.0,0.0,0.0,0.0,0.0
799,4,0.0,0.0,0.0,0.0,0.0
800,0,0.0,-1.3587702549023895e-08,0.0,0.0,-20.82488003701346
800,1,0.0,0.0,-0.0028690317784819974,0.0,0.0
800,2,0.0,0.0,0.0,0.0,-0.7556757893267569
800,3,0.0,0.0,0.0,0.0,0.0
800,4,0.0,0.0,0.0,0.0,0.0
801,0,0.0,-1.3587702549023895e-08,0.0,0.0,-20.835026325355816
801,1,0.0,0.0,-0.0028690317784819974,0.0,0.0
801,2,0.0,0.0,0.0,0.0,-0.7556757893267569
801,3,0.0,0.0,0.0,0.0,0.0
801,4,0.0,0.0,0.0,0.0,0.0
802,0,0.0,-1.3587702549023895e-08,0.0,0.0,-20.840232582279924
802,1,0.0,0.0,-0.0028690317784819974,0.0,0.0
802,2,0.0,0.0,0.0,0.0,-0.7556757893267569
802,3,0.0,0.0,0.0,0.0,0.0
802,4,0.0,0.0,0.0,0.0,0.0
803,0,0.0,-1.3587702549023895e-08,0.0,0.0,-20.853393920448703
803,1,0.0,0.0,-0.0028690317784819974,0.0,0.0
803,2,0.0,0.0,0.0,0.0,-0.7556757893267569
803,3,0.0,0.0,0.0,0.0,0.0
803,4,0.0,0.0,0.0,0.0,0.0
804,0,0.0,-1.3587702549023895e-08,0.0,0.0,-20.857270054252222
804,1,0.0,0.0,-0.0028690317784819974,0.0,0.0
804,2,0.0,0.0,0.0,0.0,-0.7556757893267569
804,3,0.0,0.0,0.0,0.0,0.0
804,4,0.0,0.0,0.0,0.0,0.0
805,0,0.0,-1.3587702549023895e-08,0.0,0.0,-20.86281957626945
805,1,0.0,0.0,-0.0028690317784819974,0.0,0.0
805,2,0.0,0.0,0.0,0.0,-0.7556757893267569
805,3,0.0,0.0,0.0,0.0,0.0
805,4,0.0,0.0,0.0,0.0,0.0
806,0,0.0,-1.3587702549023895e-08,0.0,0.0,-20.869957073373563
806,1,0.0,0.0,-0.0028690317784819974,0.0,0.0
806,2,0.0,0.0,0.0,0.0,-0.7556757893267569
806,3,0.0,0.0,0.0,0.0,0.0
806,4,0.0,0.0,0.0,0.0,0.0
807,0,0.0,-1.3587702549023895e-08,0.0,0.0,-20.87212776498049
807,1,0.0,0.0,-0.0028690317784819974,0.0,0.0
807,2,0.0,0.0,0.0,0.0,-0.7556757893267569
807,3,0.0,0.0,0.0,0.0,0.0
807,4,0.0,0.0,0.0,0.0,0.0
808,0,0.0,-1.3587702549023895e-08,0.0,0.0,-20.87800179542015
808,1,0.0,0.0,-0.0028690317784819974,0.0,0.0
808,2,0.0,0.0,0.0,0.0,-0.7556757893267569
808,3,0.0,0.0,0.0,0.0,0.0
808,4,0.0,0.0,0.0,0.0,0.0
809,0,0.0,-1.3587702549023895e-08,0.0,0.0,-20.882592372463296
809,1,0.0,0.0,-0.0028690317784819974,0.0,0.0
809,2,0.0,0.0,0.0,0.0,-0.7556757893267569
809,3,0.0,0.0,0.0,0.0,0.0
809,4,0.0,0.0,0.0,0.0,0.0
810,0,0.0,-1.3587702549023895e-08,0.0,0.0,-20.89107553420877
810,1,0.0,0.0,-0.0028690317784819974,0.0,0.0
810,2,0.0,0.0,0.0,0.0,-0.7556757893267569
810,3,0.0,0.0,0.0,0.0,0.0
810,4,0.0,0.0,0.0,0.0,0.0
811,0,0.0,-1.3587702549023895e-08,0.0,0.0,-20.9056815816834
811,1,0.0,0.0,-0.0028690317784819974,0.0,0.0
811,2,0.0,0.0,0.0,0.0,-0.7556757893267569
811,3,0.0,0.0,0.0,0.0,0.0
811,4,0.0,0.0,0.0,0.0,0.0
812,0,0.0,-1.3587702549023895e-08,0.0,0.0,-20.909392036323354
812,1,0.0,0.0,-0.0028690317784819974,0.0,0.0
812,2,0.0,0.0,0.0,0.0,-0.7556757893267569
812,3,0.0,0.0,0.0,0.0,0.0
812,4,0.0,0.0,0.0,0.0,0.0
813,0,0.0,-1.3587702549023895e-08,0.0,0.0,-20.91259636677294
813,1,0.0,0.0,-0.0028690317784819974,0.0,0.0
813,2,0.0,0.0,0.0,0.0,-0.7556757893267569
813,3,0.0,0.0,0.0,0.0,0.0
813,4,0.0,0.0,0.0,0.0,0.0
814,0,0.0,-1.3587702549023895e-08,0.0,0.0,-20.920107898133754
814,1,0.0,0.0,-0.0028690317784819974,0.0,0.0
814,2,0.0,0.0,0.0,0.0,-0.7556757893267569
814,3,0.0,0.0,0.0,0.0,0.0
814,4,0.0,0.0,0.0,0.0,0.0
815,0,0.0,-1.3587702549023895e-08,0.0,0.0,-20.930265144399016
815,1,0.0,0.0,-0.0028690317784819974,0.0,0.0
815,2,0.0,0.0,0.0,0.0,-0.7556757893267569
815,3,0.0,0.0,0.0,0.0,0.0
815,4,0.0,0.0,0.0,0.0,0.0
816,0,0.0,-1.3587702549023895e-08,0.0,0.0,-20.941665032727975
816,1,0.0,0.0,-0.0028690317784819974,0.0,0.0
816,2,0.0,0.0,0.0,0.0,-0.7556757893267569
816,3,0.0,0.0,0.0,0.0,0.0
816,4,0.0,0.0,0.0,0.0,0.0
817,0,0.0,-1.3587702549023895e-08,0.0,0.0,-20.94535191716266
817,1,0.0,0.0,-0.0028690317784819974,0.0,0.0
817,2,0.0,0.0,0.0,0.0,-0.7556757893267569
817,3,0.0,0.0,0.0,0.0,0.0
817,4,0.0,0.0,0.0,0.0,0.0
818,0,0.0,-1.3587702549023895e-08,0.0,0.0,-20.954180193314922
818,1,0.0,0.0,-0.0028690317784819974,0.0,0.0
818,2,0.0,0.0,0.0,0.0,-0.7556757893267569
818,3,0.0,0.0,0.0,0.0,0.0
818,4,0.0,0.0,0.0,0.0,0.0
819,0,0.0,-1.3587702549023895e-08,0.0,0.0,-20.96406767163197
819,1,0.0,0.0,-0.0028690317784819974,0.0,0.0
819,2,0.0,0.0,0.0,0.0,-0.7556757893267569
819,3,0.0,0.0,0.0,0.0,0.0
819,4,0.0,0.0,0.0,0.0,0.0
820,0,0.0,-1.3587702549023895e-08,0.0,0.0,-20.972435063816302
820,1,0.0,0.0,-0.0028690317784819974,0.0,0.0
820,2,0.0,0.0,0.0,0.0,-0.7556757893267569
820,3,0.0,0.0,0.0,0.0,0.0
820,4,0.0,0.0,0.0,0.0,0.0
821,0,0.0,-1.3587702549023895e-08,0.0,0.0,-20.981574075201827
821,1,0.0,0.0,-0.0028690317784819974,0.0,0.0
821,2,0.0,0.0,0.0,0.0,-0.7556757893267569
821,3,0.0,0.0,0.0,0.0,0.0
821,4,0.0,0.0,0.0,0.0,0.0
822,0,0.0,-1.3587702549023895e-08,0.0,0.0,-21.00060535659984
822,1,0.0,0.0,-0.0028690317784819974,0.0,0.0
822,2,0.0,0.0,0.0,0.0,-0.7556757893267569
822,3,0.0,0.0,0.0,0.0,0.0
822,4,0.0,0.0,0.0,0.0,0.0
823,0,0.0,-1.3587702549023895e-08,0.0,0.0,-21.001120372310062
823,1,0.0,0.0,-0.0028690317784819974,0.0,0.0
823,2,0.0,0.0,0.0,0.0,-0.7556757893267569
823,3,0.0,0.0,0.0,0.0,0.0
823,4,0.0,0.0,0.0,0.0,0.0
824,0,0.0,-1.3587702549023895e-08,0.0,0.0,-21.005466463882808
824,1,0.0,0.0,-0.0028690317784819974,0.0,0.0
824,2,0.0,0.0,0.0,0.0,-0.7556757893267569
824,3,0.0,0.0,0.0,0.0,0.0
824,4,0.0,0.0,0.0,0.0,0.0
825,0,0.0,-1.3587702549023895e-08,0.0,0.0,-21.006664459061504
825,1,0.0,0.0,-0.0028690317784819974,0.0,0.0
825,2,0.0,0.0,0.0,0.0,-0.7556757893267569
825,3,0.0,0.0,0.0,0.0,0.0
825,4,0.0,0.0,0.0,0.0,0.0
826,0,0.0,-1.3587702549023895e-08,0.0,0.0,-21.021891633162376
826,1,0.0,0.0,-0.0028690317784819974,0.0,0.0
826,2,0.0,0.0,0.0,0.0,-0.7556757893267569
826,3,0.0,0.0,0.0,0.0,0.0
826,4,0.0,0.0,0.0,0.0,0.0
827,0,0.0,-1.3587702549023895e-08,0.0,0.0,-21.028551526663946
827,1,0.0,0.0,-0.0028690317784819974,0.0,0.0
827,2,0.0,0.0,0.0,0.0,-0.7556757893267569
827,3,0.0,0.0,0.0,0.0,0.0
827,4,0.0,0.0,0.0,0.0,0.0
828,0,0.0,-1.3587702549023895e-08,0.0,0.0,-21.04579725873514
828,1,0.0,0.0,-0.0028690317784819974,0.0,0.0
828,2,0.0,0.0,0.0,0.0,-0.7556757893267569
828,3,0.0,0.0,0.0,0.0,0.0
828,4,0.0,0.0,0.0,0.0,0.0
829,0,0.0,-1.3587702549023895e-08,0.0,0.0,-21.055102085958726
829,1,0.0,0.0,-0.0028690317784819974,0.0,0.0
829,2,0.0,0.0,0.0,0.0,-0.7556757893267569
829,3,0.0,0.0,0.0,0.0,0.0
829,4,0.0,0.0,0.0,0.0,0.0
830,0,0.0,-1.3587702549023895e-08,0.0,0.0,-21.06735384029231
830,1,0.0,0.0,-0.0028690317784819974,0.0,0.0
830,2,0.0,0.0,0.0,0.0,-0.7556757893267569
830,3,0.0,0.0,0.0,0.0,0.0
830,4,0.0,0.0,0.0,0.0,0.0
831,0,0.0,-1.3587702549023895e-08,0.0,0.0,-21.072274435474615
831,1,0.0,0.0,-0.0028690317784819974,0.0,0.0
831,2,0.0,0.0,0.0,0.0,-0.7556757893267569
831,3,0.0,0.0,0.0,0.0,0.0
831,4,0.0,0.0,0.0,0.0,0.0
832,0,0.0,-1.3587702549023895e-08,0.0,0.0,-21.078617696106225
832,1,0.0,0.0,-0.0028690317784819974,0.0,0.0
832,2,0.0,0.0,0.0,0.0,-0.7556757893267569
832,3,0.0,0.0,0.0,0.0,0.0
832,4,0.0,0.0,0.0,0.0,0.0
833,0,0.0,-1.3587702549023895e-08,0.0,0.0,-21.084792466140215
833,1,0.0,0.0,-0.0028690317784819974,0.0,0.0
833,2,0.0,0.0,0.0,0.0,-0.7556757893267569
833,3,0.0,0.0,0.0,0.0,0.0
833,4,0.0,0.0,0.0,0.0,0.0
834,0,0.0,-1.3587702549023895e-08,0.0,0.0,-21.088496959615078
834,1,0.0,0.0,-0.0028690317784819974,0.0,0.0
834,2,0.0,0.0,0.0,0.0,-0.7556757893267569
834,3,0.0,0.0,0.0,0.0,0.0
834,4,0.0,0.0,0.0,0.0,0.0
835,0,0.0,-1.3587702549023895e-08,0.0,0.0,-21.10089769329499
835,1,0.0,0.0,-0.0028690317784819974,0.0,0.0
835,2,0.0,0.0,0.0,0.0,-0.7556757893267569
835,3,0.0,0.0,0.0,0.0,0.0
835,4,0.0,0.0,0.0,0.0,0.0
836,0,0.0,-1.3587702549023895e-08,0.0,0.0,-21.11858704119615
836,1,0.0,0.0,-0.0028690317784819974,0.0,0.0
836,2,0.0,0.0,0.0,0.0,-0.7556757893267569
836,3,0.0,0.0,0.0,0.0,0.0
836,4,0.0,0.0,0.0,0.0,0.0
837,0,0.0,-1.3587702549023895e-08,0.0,0.0,-21.13326092336283
837,1,0.0,0.0,-0.0028690317784819974,0.0,0.0
837,2,0.0,0.0,0.0,0.0,-0.7556757893267569
837,3,0.0,0.0,0.0,0.0,0.0
837,4,0.0,0.0,0.0,0.0,0.0
838,0,0.0,-1.3587702549023895e-08,0.0,0.0,-21.138846952481067
838,1,0.0,0.0,-0.0028690317784819974,0.0,0.0
838,2,0.0,0.0,0.0,0.0,-0.7556757893267569
838,3,0.0,0.0,0.0,0.0,0.0
838,4,0.0,0.0,0.0,0.0,0.0
839,0,0.0,-1.3587702549023895e-08,0.0,0.0,-21.143777395277677
839,1,0.0,0.0,-0.0028690317784819974,0.0,0.0
839,2,0.0,0.0,0.0,0.0,-0.7556757893267569
839,3,0.0,0.0,0.0,0.0,0.0
839,4,0.0,0.0,0.0,0.0,0.0
840,0,0.0,-1.3587702549023895e-08,0.0,0.0,-21.15729592831191
840,1,0.0,0.0,-0.0028690317784819974,0.0,0.0
840,2,0.0,0.0,0.0,0.0,-0.7556757893267569
840,3,0.0,0.0,0.0,0.0,0.0
840,4,0.0,0.0,0.0,0.0,0.0
841,0,0.0,-1.3587702549023895e-08,0.0,0.0,-21.168561418003648
841,1,0.0,0.0,-0.0028690317784819974,0.0,0.0
841,2,0.0,0.0,0.0,0.0,-0.7556757893267569
841,3,0.0,0.0,0.0,0.0,0.0
841,4,0.0,0.0,0.0,0.0,0.0
842,0,0.0,-1.3587702549023895e-08,0.0,0.0,-21.17548972788937
842,1,0.0,0.0,-0.0028690317784819974,0.0,0.0
842,2,0.0,0.0,0.0,0.0,-0.7556757893267569
842,3,0.0,0.0,0.0,0.0,0.0
842,4,0.0,0.0,0.0,0.0,0.0
843,0,0.0,-1.3587702549023895e-08,0.0,0.0,-21.18208712226635
843,1,0.0,0.0,-0.0028690317784819974,0.0,0.0
843,2,0.0,0.0,0.0,0.0,-0.7556757893267569
843,3,0.0,0.0,0.0,0.0,0.0
843,4,0.0,0.0,0.0,0.0,0.0
844,0,0.0,-1.3587702549023895e-08,0.0,0.0,-21.18574370372149
844,1,0.0,0.0,-0.0028690317784819974,0.0,0.0
844,2,0.0,0.0,0.0,0.0,-0.7556757893267569
844,3,0.0,0.0,0.0,0.0,0.0
844,4,0.0,0.0,0.0,0.0,0.0
845,0,0.0,-1.3587702549023895e-08,0.0,0.0,-21.188752918775066
845,1,0.0,0.0,-0.0028690317784819974,0.0,0.0
845,2,0.0,0.0,0.0,0.0,-0.7556757893267569
845,3,0.0,0.0,0.0,0.0,0.0
845,4,0.0,0.0,0.0,0.0,0.0
846,0,0.0,-1.3587702549023895e-08,0.0,0.0,-21.19382539213628
846,1,0.0,0.0,-0.0028690317784819974,0.0,0.0
846,2,0.0,0.0,0.0,0.0,-0.7556757893267569
846,3,0.0,0.0,0.0,0.0,0.0
846,4,0.0,0.0,0.0,0.0,0.0
847,0,0.0,-1.3587702549023895e-08,0.0,0.0,-21.19845382393438
847,1,0.0,0.0,-0.0028690317784819974,0.0,0.0
847,2,0.0,0.0,0.0,0.0,-0.7556757893267569
847,3,0.0,0.0,0.0,0.0,0.0
847,4,0.0,0.0,0.0,0.0,0.0
848,0,0.0,-1.3587702549023895e-08,0.0,0.0,-21.20295185715696
848,1,0.0,0.0,-0.0028690317784819974,0.0,0.0
848,2,0.0,0.0,0.0,0.0,-0.7556757893267569
848,3,0.0,0.0,0.0,0.0,0.0
848,4,0.0,0.0,0.0,0.0,0.0
849,0,0.0,-1.3587702549023895e-08,0.0,0.0,-21.207234939407986
849,1,0.0,0.0,-0.0028690317784819974,0.0,0.0
849,2,0.0,0.0,0.0,0.0,-0.7556757893267569
849,3,0.0,0.0,0.0,0.0,0.0
849,4,0.0,0.0,0.0,0.0,0.0
850,0,0.0,-1.3587702549023895e-08,0.0,0.0,-21.21253716821535
850,1,0.0,0.0,-0.0028690317784819974,0.0,0.0
850,2,0.0,0.0,0.0,0.0,-0.7556757893267569
850,3,0.0,0.0,0.0,0.0,0.0
850,4,0.0,0.0,0.0,0.0,0.0
851,0,0.0,-1.3587702549023895e-08,0.0,0.0,-21.216039633842783
851,1,0.0,0.0,-0.0028690317784819974,0.0,0.0
851,2,0.0,0.0,0.0,0.0,-0.7556757893267569
851,3,0.0,0.0,0.0,0.0,0.0
851,4,0.0,0.0,0.0,0.0,0.0
852,0,0.0,-1.3587702549023895e-08,0.0,0.0,-21.223484960957993
852,1,0.0,0.0,-0.0028690317784819974,0.0,0.0
852,2,0.0,0.0,0.0,0.0,-0.7556757893267569
852,3,0.0,0.0,0.0,0.0,0.0
852,4,0.0,0.0,0.0,0.0,0.0
853,0,0.0,-1.3587702549023895e-08,0.0,0.0,-21.234136463938917
853,1,0.0,0.0,-0.0028690317784819974,0.0,0.0
853,2,0.0,0.0,0.0,0.0,-0.7556757893267569
853,3,0.0,0.0,0.0,0.0,0.0
853,4,0.0,0.0,0.0,0.0,0.0
854,0,0.0,-1.3587702549023895e-08,0.0,0.0,-21.236687171029807
854,1,0.0,0.0,-0.0028690317784819974,0.0,0.0
854,2,0.0,0.0,0.0,0.0,-0.7556757893267569
854,3,0.0,0.0,0.0,0.0,0.0
854,4,0.0,0.0,0.0,0.0,0.0
855,0,0.0,-1.3587702549023895e-08,0.0,0.0,-21.250896934733028
855,1,0.0,0.0,-0.0028690317784819974,0.0,0.0
855,2,0.0,0.0,0.0,0.0,-0.7556757893267569
855,3,0.0,0.0,0.0,0.0,0.0
855,4,0.0,0.0,0.0,0.0,0.0
856,0,0.0,-1.3587702549023895e-08,0.0,0.0,-21.256564315329943
856,1,0.0,0.0,-0.0028690317784819974,0.0,0.0
856,2,0.0,0.0,0.0,0.0,-0.7556757893267569
856,3,0.0,0.0,0.0,0.0,0.0
856,4,0.0,0.0,0.0,0.0,0.0
857,0,0.0,-1.3587702549023895e-08,0.0,0.0,-21.269905150627142
857,1,0.0,0.0,-0.0028690317784819974,0.0,0.0
857,2,0.0,0.0,0.0,0.0,-0.7556757893267569
857,3,0.0,0.0,0.0,0.0,0.0
857,4,0.0,0.0,0.0,0.0,0.0
858,0,0.0,-1.3587702549023895e-08,0.0,0.0,-21.278746324649436
858,1,0.0,0.0,-0.0028690317784819974,0.0,0.0
858,2,0.0,0.0,0.0,0.0,-0.7556757893267569
858,3,0.0,0.0,0.0,0.0,0.0
858,4,0.0,0.0,0.0,0.0,0.0
859,0,0.0,-1.3587702549023895e-08,0.0,0.0,-21.284696646619324
859,1,0.0,0.0,-0.0028690317784819974,0.0,0.0
859,2,0.0,0.0,0.0,0.0,-0.7556757893267569
859,3,0.0,0.0,0.0,0.0,0.0
859,4,0.0,0.0,0.0,0.0,0.0
860,0,0.0,-1.3587702549023895e-08,0.0,0.0,-21.284228895779997
860,1,0.0,0.0,-0.0028690317784819974,0.0,0.0
860,2,0.0,0.0,0.0,0.0,-0.7556757893267569
860,3,0.0,0.0,0.0,0.0,0.0
860,4,0.0,0.0,0.0,0.0,0.0
861,0,0.0,-1.3587702549023895e-08,0.0,0.0,-21.28980984017656
861,1,0.0,0.0,-0.0028690317784819974,0.0,0.0
861,2,0.0,0.0,0.0,0.0,-0.7556757893267569
861,3,0.0,0.0,0.0,0.0,0.0
861,4,0.0,0.0,0.0,0.0,0.0
862,0,0.0,-1.3587702549023895e-08,0.0,0.0,-21.293563272883432
862,1,0.0,0.0,-0.0028690317784819974,0.0,0.0
862,2,0.0,0.0,0.0,0.0,-0.7556757893267569
862,3,0.0,0.0,0.0,0.0,0.0
862,4,0.0,0.0,0.0,0.0,0.0
863,0,0.0,-1.3587702549023895e-08,0.0,0.0,-21.304913904533016
863,1,0.0,0.0,-0.0028690317784819974,0.0,0.0
863,2,0.0,0.0,0.0,0.0,-0.7556757893267569
863,3,0.0,0.0,0.0,0.0,0.0
863,4,0.0,0.0,0.0,0.0,0.0
864,0,0.0,-1.3587702549023895e-08,0.0,0.0,-21.311936545521338
864,1,0.0,0.0,-0.0028690317784819974,0.0,0.0
864,2,0.0,0.0,0.0,0.0,-0.7556757893267569
864,3,0.0,0.0,0.0,0.0,0.0
864,4,0.0,0.0,0.0,0.0,0.0
865,0,0.0,-1.3587702549023895e-08,0.0,0.0,-21.32064094602416
865,1,0.0,0.0,-0.0028690317784819974,0.0,0.0
865,2,0.0,0.0,0.0,0.0,-0.7556757893267569
865,3,0.0,0.0,0.0,0.0,0.0
865,4,0.0,0.0,0.0,0.0,0.0
866,0,0.0,-1.3587702549023895e-08,0.0,0.0,-21.32253813244016
866,1,0.0,0.0,-0.0028690317784819974,0.0,0.0
866,2,0.0,0.0,0.0,0.0,-0.7556757893267569
866,3,0.0,0.0,0.0,0.0,0.0
866,4,0.0,0.0,0.0,0.0,0.0
867,0,0.0,-1.3587702549023895e-08,0.0,0.0,-21.327266294014528
867,1,0.0,0.0,-0.0028690317784819974,0.0,0.0
867,2,0.0,0.0,0.0,0.0,-0.7556757893267569
867,3,0.0,0.0,0.0,0.0,0.0
867,4,0.0,0.0,0.0,0.0,0.0
868,0,0.0,-1.3587702549023895e-08,0.0,0.0,-21.33775802189495
868,1,0.0,0.0,-0.0028690317784819974,0.0,0.0
868,2,0.0,0.0,0.0,0.0,-0.7556757893267569
868,3,0.0,0.0,0.0,0.0,0.0
868,4,0.0,0.0,0.0,0.0,0.0
869,0,0.0,-1.3587702549023895e-08,0.0,0.0,-21.34319641985263
869,1,0.0,0.0,-0.0028690317784819974,0.0,0.0
869,2,0.0,0.0,0.0,0.0,-0.7556757893267569
869,3,0.0,0.0,0.0,0.0,0.0
869,4,0.0,0.0,0.0,0.0,0.0
870,0,0.0,-1.3587702549023895e-08,0.0,0.0,-21.345798000325395
870,1,0.0,0.0,-0.0028690317784819974,0.0,0.0
870,2,0.0,0.0,0.0,0.0,-0.7556757893267569
870,3,0.0,0.0,0.0,0.0,0.0
870,4,0.0,0.0,0.0,0.0,0.0
871,0,0.0,-1.3587702549023895e-08,0.0,0.0,-21.350871303316207
871,1,0.0,0.0,-0.0028690317784819974,0.0,0.0
871,2,0.0,0.0,0.0,0.0,-0.7556757893267569
871,3,0.0,0.0,0.0,0.0,0.0
871,4,0.0,0.0,0.0,0.0,0.0
872,0,0.0,-1.3587702549023895e-08,0.0,0.0,-21.359670845463633
872,1,0.0,0.0,-0.0028690317784819974,0.0,0.0
872,2,0.0,0.0,0.0,0.0,-0.7556757893267569
872,3,0.0,0.0,0.0,0.0,0.0
872,4,0.0,0.0,0.0,0.0,0.0
873,0,0.0,-1.3587702549023895e-08,0.0,0.0,-21.363613081311758
873,1,0.0,0.0,-0.0028690317784819974,0.0,0.0
873,2,0.0,0.0,0.0,0.0,-0.7556757893267569
873,3,0.0,0.0,0.0,0.0,0.0
873,4,0.0,0.0,0.0,0.0,0.0
874,0,0.0,-1.3587702549023895e-08,0.0,0.0,-21.381509425652457
874,1,0.0,0.0,-0.0028690317784819974,0.0,0.0
874,2,0.0,0.0,0.0,0.0,-0.7556757893267569
874,3,0.0,0.0,0.0,0.0,0.0
874,4,0.0,0.0,0.0,0.0,0.0
875,0,0.0,-1.3587702549023895e-08,0.0,0.0,-21.38356845701456
875,1,0.0,0.0,-0.0028690317784819974,0.0,0.0
875,2,0.0,0.0,0.0,0.0,-0.7556757893267569
875,3,0.0,0.0,0.0,0.0,0.0
875,4,0.0,0.0,0.0,0.0,0.0
876,0,0.0,-1.3587702549023895e-08,0.0,0.0,-21.387498393304742
876,1,0.0,0.0,-0.0028690317784819974,0.0,0.0
876,2,0.0,0.0,0.0,0.0,-0.7556757893267569
876,3,0.0,0.0,0.0,0.0,0.0
876,4,0.0,0.0,0.0,0.0,0.0
877,0,0.0,-1.3587702549023895e-08,0.0,0.0,-21.389230871284436
877,1,0.0,0.0,-0.0028690317784819974,0.0,0.0
877,2,0.0,0.0,0.0,0.0,-0.7556757893267569
877,3,0.0,0.0,0.0,0.0,0.0
877,4,0.0,0.0,0.0,0.0,0.0
878,0,0.0,-1.3587702549023895e-08,0.0,0.0,-21.39204853475753
878,1,0.0,0.0,-0.0028690317784819974,0.0,0.0
878,2,0.0,0.0,0.0,0.0,-0.7556757893267569
878,3,0.0,0.0,0.0,0.0,0.0
878,4,0.0,0.0,0.0,0.0,0.0
879,0,0.0,-1.3587702549023895e-08,0.0,0.0,-21.396791055384366
879,1,0.0,0.0,-0.0028690317784819974,0.0,0.0
879,2,0.0,0.0,0.0,0.0,-0.7556757893267569
879,3,0.0,0.0,0.0,0.0,0.0
879,4,0.0,0.0,0.0,0.0,0.0
880,0,0.0,-1.3587702549023895e-08,0.0,0.0,-21.406608101032297
880,1,0.0,0.0,-0.0028690317784819974,0.0,0.0
880,2,0.0,0.0,0.0,0.0,-0.7556757893267569
880,3,0.0,0.0,0.0,0.0,0.0
880,4,0.0,0.0,0.0,0.0,0.0
881,0,0.0,-1.3587702549023895e-08,0.0,0.0,-21.409039687622474
881,1,0.0,0.0,-0.0028690317784819974,0.0,0.0
881,2,0.0,0.0,0.0,0.0,-0.7556757893267569
881,3,0.0,0.0,0.0,0.0,0.0
881,4,0.0,0.0,0.0,0.0,0.0
882,0,0.0,-1.3587702549023895e-08,0.0,0.0,-21.412928190867877
882,1,0.0,0.0,-0.0028690317784819974,0.0,0.0
882,2,0.0,0.0,0.0,0.0,-0.7556757893267569
882,3,0.0,0.0,0.0,0.0,0.0
882,4,0.0,0.0,0.0,0.0,0.0
883,0,0.0,-1.3587702549023895e-08,0.0,0.0,-21.4208063229611
883,1,0.0,0.0,-0.0028690317784819974,0.0,0.0
883,2,0.0,0.0,0.0,0.0,-0.7556757893267569
883,3,0.0,0.0,0.0,0.0,0.0
883,4,0.0,0.0,0.0,0.0,0.0
884,0,0.0,-1.3587702549023895e-08,0.0,0.0,-21.429679030220385
884,1,0.0,0.0,-0.0028690317784819974,0.0,0.0
884,2,0.0,0.0,0.0,0.0,-0.7556757893267569
884,3,0.0,0.0,0.0,0.0,0.0
884,4,0.0,0.0,0.0,0.0,0.0
885,0,0.0,-1.3587702549023895e-08,0.0,0.0,-21.443697914336944
885,1,0.0,0.0,-0.0028690317784819974,0.0,0.0
885,2,0.0,0.0,0.0,0.0,-0.7556757893267569
885,3,0.0,0.0,0.0,0.0,0.0
885,4,0.0,0.0,0.0,0.0,0.0
886,0,0.0,-1.3587702549023895e-08,0.0,0.0,-21.450990760809226
886,1,0.0,0.0,-0.0028690317784819974,0.0,0.0
886,2,0.0,0.0,0.0,0.0,-0.7556757893267569
886,3,0.0,0.0,0.0,0.0,0.0
886,4,0.0,0.0,0.0,0.0,0.0
887,0,0.0,-1.3587702549023895e-08,0.0,0.0,-21.462235412615218
887,1,0.0,0.0,-0.0028690317784819974,0.0,0.0
887,2,0.0,0.0,0.0,0.0,-0.7556757893267569
887,3,0.0,0.0,0.0,0.0,0.0
887,4,0.0,0.0,0.0,0.0,0.0
888,0,0.0,-1.3587702549023895e-08,0.0,0.0,-21.468229087076768
888,1,0.0,0.0,-0.0028690317784819974,0.0,0.0
888,2,0.0,0.0,0.0,0.0,-0.7556757893267569
888,3,0.0,0.0,0.0,0.0,0.0
888,4,0.0,0.0,0.0,0.0,0.0
889,0,0.0,-1.3587702549023895e-08,0.0,0.0,-21.474226409726775
889,1,0.0,0.0,-0.0028690317784819974,0.0,0.0
889,2,0.0,0.0,0.0,0.0,-0.7556757893267569
889,3,0.0,0.0,0.0,0.0,0.0
889,4,0.0,0.0,0.0,0.0,0.0
890,0,0.0,-1.3587702549023895e-08,0.0,0.0,-21.479166977948548
890,1,0.0,0.0,-0.0028690317784819974,0.0,0.0
890,2,0.0,0.0,0.0,0.0,-0.7556757893267569
890,3,0.0,0.0,0.0,0.0,0.0
890,4,0.0,0.0,0.0,0.0,0.0
891,0,0.0,-1.3587702549023895e-08,0.0,0.0,-21.488737906716025
891,1,0.0,0.0,-0.0028690317784819974,0.0,0.0
891,2,0.0,0.0,0.0,0.0,-0.7556757893267569
891,3,0.0,0.0,0.0,0.0,0.0
891,4,0.0,0.0,0.0,0.0,0.0
892,0,0.0,-1.3587702549023895e-08,0.0,0.0,-21.49338964180832
892,1,0.0,0.0,-0.0028690317784819974,0.0,0.0
892,2,0.0,0.0,0.0,0.0,-0.7556757893267569
892,3,0.0,0.0,0.0,0.0,0.0
892,4,0.0,0.0,0.0,0.0,0.0
893,0,0.0,-1.3587702549023895e-08,0.0,0.0,-21.509135281635263
893,1,0.0,0.0,-0.0028690317784819974,0.0,0.0
893,2,0.0,0.0,0.0,0.0,-0.7556757893267569
893,3,0.0,0.0,0.0,0.0,0.0
893,4,0.0,0.0,0.0,0.0,0.0
894,0,0.0,-1.3587702549023895e-08,0.0,0.0,-21.514632862085726
894,1,0.0,0.0,-0.0028690317784819974,0.0,0.0
894,2,0.0,0.0,0.0,0.0,-0.7556757893267569
894,3,0.0,0.0,0.0,0.0,0.0
894,4,0.0,0.0,0.0,0.0,0.0
895,0,0.0,-1.3587702549023895e-08,0.0,0.0,-21.519311738100665
895,1,0.0,0.0,-0.0028690317784819974,0.0,0.0
895,2,0.0,0.0,0.0,0.0,-0.7556757893267569
895,3,0.0,0.0,0.0,0.0,0.0
895,4,0.0,0.0,0.0,0.0,0.0
896,0,0.0,-1.3587702549023895e-08,0.0,0.0,-21.531852367474794
896,1,0.0,0.0,-0.0028690317784819974,0.0,0.0
896,2,0.0,0.0,0.0,0.0,-0.7556757893267569
896,3,0.0,0.0,0.0,0.0,0.0
896,4,0.0,0.0,0.0,0.0,0.0
897,0,0.0,-1.3587702549023895e-08,0.0,0.0,-21.534883848517737
897,1,0.0,0.0,-0.0028690317784819974,0.0,0.0
897,2,0.0,0.0,0.0,0.0,-0.7556757893267569
897,3,0.0,0.0,0.0,0.0,0.0
897,4,0.0,0.0,0.0,0.0,0.0
898,0,0.0,-1.3587702549023895e-08,0.0,0.0,-21.53686694724369
898,1,0.0,0.0,-0.0028690317784819974,0.0,0.0
898,2,0.0,0.0,0.0,0.0,-0.7556757893267569
898,3,0.0,0.0,0.0,0.0,0.0
898,4,0.0,0.0,0.0,0.0,0.0
899,0,0.0,-1.3587702549023895e-08,0.0,0.0,-21.546541137807548
899,1,0.0,0.0,-0.0028690317784819974,0.0,0.0
899,2,0.0,0.0,0.0,0.0,-0.7556757893267569
899,3,0.0,0.0,0.0,0.0,0.0
899,4,0.0,0.0,0.0,0.0,0.0
900,0,0.0,-1.3587702549023895e-08,0.0,0.0,-21.55011154037831
900,1,0.0,0.0,-0.0028690317784819974,0.0,0.0
900,2,0.0,0.0,0.0,0.0,-0.7556757893267569
900,3,0.0,0.0,0.0,0.0,0.0
900,4,0.0,0.0,0.0,0.0,0.0
901,0,0.0,-1.3587702549023895e-08,0.0,0.0,-21.55517690977574
901,1,0.0,0.0,-0.0028690317784819974,0.0,0.0
901,2,0.0,0.0,0.0,0.0,-0.7556757893267569
901,3,0.0,0.0,0.0,0.0,0.0
901,4,0.0,0.0,0.0,0.0,0.0
902,0,0.0,-1.3587702549023895e-08,0.0,0.0,-21.559613858868712
902,1,0.0,0.0,-0.0028690317784819974,0.0,0.0
902,2,0.0,0.0,0.0,0.0,-0.7556757893267569
902,3,0.0,0.0,0.0,0.0,0.0
902,4,0.0,0.0,0.0,0.0,0.0
903,0,0.0,-1.3587702549023895e-08,0.0,0.0,-21.57065592539521
903,1,0.0,0.0,-0.0028690317784819974,0.0,0.0
903,2,0.0,0.0,0.0,0.0,-0.7556757893267569
903,3,0.0,0.0,0.0,0.0,0.0
903,4,0.0,0.0,0.0,0.0,0.0
904,0,0.0,-1.3587702549023895e-08,0.0,0.0,-21.582190771107264
904,1,0.0,0.0,-0.0028690317784819974,0.0,0.0
904,2,0.0,0.0,0.0,0.0,-0.7556757893267569
904,3,0.0,0.0,0.0,0.0,0.0
904,4,0.0,0.0,0.0,0.0,0.0
905,0,0.0,-1.3587702549023895e-08,0.0,0.0,-21.586351632636465
905,1,0.0,0.0,-0.0028690317784819974,0.0,0.0
905,2,0.0,0.0,0.0,0.0,-0.7556757893267569
905,3,0.0,0.0,0.0,0.0,0.0
905,4,0.0,0.0,0.0,0.0,0.0
906,0,0.0,-1.3587702549023895e-08,0.0,0.0,-21.58997440067634
906,1,0.0,0.0,-0.0028690317784819974,0.0,0.0
906,2,0.0,0.0,0.0,0.0,-0.7556757893267569
906,3,0.0,0.0,0.0,0.0,0.0
906,4,0.0,0.0,0.0,0.0,0.0
907,0,0.0,-1.3587702549023895e-08,0.0,0.0,-21.595334888870024
907,1,0.0,0.0,-0.0028690317784819974,0.0,0.0
907,2,0.0,0.0,0.0,0.0,-0.7556757893267569
907,3,0.0,0.0,0.0,0.0,0.0
907,4,0.0,0.0,0.0,0.0,0.0
908,0,0.0,-1.3587702549023895e-08,0.0,0.0,-21.59848319438027
908,1,0.0,0.0,-0.0028690317784819974,0.0,0.0
908,2,0.0,0.0,0.0,0.0,-0.7556757893267569
908,3,0.0,0.0,0.0,0.0,0.0
908,4,0.0,0.0,0.0,0.0,0.0
909,0,0.0,-1.3587702549023895e-08,0.0,0.0,-21.6024625010972
909,1,0.0,0.0,-0.0028690317784819974,0.0,0.0
909,2,0.0,0.0,0.0,0.0,-0.7556757893267569
909,3,0.0,0.0,0.0,0.0,0.0
909,4,0.0,0.0,0.0,0.0,0.0
910,0,0.0,-1.3587702549023895e-08,0.0,0.0,-21.608518656353628
910,1,0.0,0.0,-0.0028690317784819974,0.0,0.0
910,2,0.0,0.0,0.0,0.0,-0.7556757893267569
910,3,0.0,0.0,0.0,0.0,0.0
910,4,0.0,0.0,0.0,0.0,0.0
911,0,0.0,-1.3587702549023895e-08,0.0,0.0,-21.61213845109128
911,1,0.0,0.0,-0.0028690317784819974,0.0,0.0
911,2,0.0,0.0,0.0,0.0,-0.7556757893267569
911,3,0.0,0.0,0.0,0.0,0.0
911,4,0.0,0.0,0.0,0.0,0.0
912,0,0.0,-1.3587702549023895e-08,0.0,0.0,-21.614594838271813
912,1,0.0,0.0,-0.0028690317784819974,0.0,0.0
912,2,0.0,0.0,0.0,0.0,-0.7556757893267569
912,3,0.0,0.0,0.0,0.0,0.0
912,4,0.0,0.0,0.0,0.0,0.0
913,0,0.0,-1.3587702549023895e-08,0.0,0.0,-21.6219318163946
913,1,0.0,0.0,-0.0028690317784819974,0.0,0.0
913,2,0.0,0.0,0.0,0.0,-0.7556757893267569
913,3,0.0,0.0,0.0,0.0,0.0
913,4,0.0,0.0,0.0,0.0,0.0
914,0,0.0,-1.3587702549023895e-08,0.0,0.0,-21.631401206188684
914,1,0.0,0.0,-0.0028690317784819974,0.0,0.0
914,2,0.0,0.0,0.0,0.0,-0.7556757893267569
914,3,0.0,0.0,0.0,0.0,0.0
914,4,0.0,0.0,0.0,0.0,0.0
915,0,0.0,-1.3587702549023895e-08,0.0,0.0,-21.64006184006382
915,1,0.0,0.0,-0.0028690317784819974,0.0,0.0
915,2,0.0,0.0,0.0,0.0,-0.7556757893267569
915,3,0.0,0.0,0.0,0.0,0.0
915,4,0.0,0.0,0.0,0.0,0.0
916,0,0.0,-1.3587702549023895e-08,0.0,0.0,-21.644845474805607
916,1,0.0,0.0,-0.0028690317784819974,0.0,0.0
916,2,0.0,0.0,0.0,0.0,-0.7556757893267569
916,3,0.0,0.0,0.0,0.0,0.0
916,4,0.0,0.0,0.0,0.0,0.0
917,0,0.0,-1.3587702549023895e-08,0.0,0.0,-21.647676527917547
917,1,0.0,0.0,-0.0028690317784819974,0.0,0.0
917,2,0.0,0.0,0.0,0.0,-0.7556757893267569
917,3,0.0,0.0,0.0,0.0,0.0
917,4,0.0,0.0,0.0,0.0,0.0
918,0,0.0,-1.3587702549023895e-08,0.0,0.0,-21.648761617450536
918,1,0.0,0.0,-0.0028690317784819974,0.0,0.0
918,2,0.0,0.0,0.0,0.0,-0.7556757893267569
918,3,0.0,0.0,0.0,0.0,0.0
918,4,0.0,0.0,0.0,0.0,0.0
919,0,0.0,-1.3587702549023895e-08,0.0,0.0,-21.656396446806518
919,1,0.0,0.0,-0.0028690317784819974,0.0,0.0
919,2,0.0,0.0,0.0,0.0,-0.7556757893267569
919,3,0.0,0.0,0.0,0.0,0.0
919,4,0.0,0.0,0.0,0.0,0.0
920,0,0.0,-1.3587702549023895e-08,0.0,0.0,-21.664624107212358
920,1,0.0,0.0,-0.0028690317784819974,0.0,0.0
920,2,0.0,0.0,0.0,0.0,-0.7556757893267569
920,3,0.0,0.0,0.0,0.0,0.0
920,4,0.0,0.0,0.0,0.0,0.0
921,0,0.0,-1.3587702549023895e-08,0.0,0.0,-21.66818026195023
921,1,0.0,0.0,-0.0028690317784819974,0.0,0.0
921,2,0.0,0.0,0.0,0.0,-0.7556757893267569
921,3,0.0,0.0,0.0,0.0,0.0
921,4,0.0,0.0,0.0,0.0,0.0
922,0,0.0,-1.3587702549023895e-08,0.0,0.0,-21.670584772481874
922,1,0.0,0.0,-0.0028690317784819974,0.0,0.0
922,2,0.0,0.0,0.0,0.0,-0.7556757893267569
922,3,0.0,0.0,0.0,0.0,0.0
922,4,0.0,0.0,0.0,0.0,0.0
923,0,0.0,-1.3587702549023895e-08,0.0,0.0,-21.677553760108722
923,1,0.0,0.0,-0.0028690317784819974,0.0,0.0
923,2,0.0,0.0,0.0,0.0,-0.7556757893267569
923,3,0.0,0.0,0.0,0.0,0.0
923,4,0.0,0.0,0.0,0.0,0.0
924,0,0.0,-1.3587702549023895e-08,0.0,0.0,-21.682715332139423
924,1,0.0,0.0,-0.0028690317784819974,0.0,0.0
924,2,0.0,0.0,0.0,0.0,-0.7556757893267569
924,3,0.0,0.0,0.0,0.0,0.0
924,4,0.0,0.0,0.0,0.0,0.0
925,0,0.0,-1.3587702549023895e-08,0.0,0.0,-21.70392813597731
925,1,0.0,0.0,-0.0028690317784819974,0.0,0.0
925,2,0.0,0.0,0.0,0.0,-0.7556757893267569
925,3,0.0,0.0,0.0,0.0,0.0
925,4,0.0,0.0,0.0,0.0,0.0
926,0,0.0,-1.3587702549023895e-08,0.0,0.0,-21.716412955024822
926,1,0.0,0.0,-0.0028690317784819974,0.0,0.0
926,2,0.0,0.0,0.0,0.0,-0.7556757893267569
926,3,0.0,0.0,0.0,0.0,0.0
926,4,0.0,0.0,0.0,0.0,0.0
927,0,0.0,-1.3587702549023895e-08,0.0,0.0,-21.720709345075402
927,1,0.0,0.0,-0.0028690317784819974,0.0,0.0
927,2,0.0,0.0,0.0,0.0,-0.7556757893267569
927,3,0.0,0.0,0.0,0.0,0.0
927,4,0.0,0.0,0.0,0.0,0.0
928,0,0.0,-2.7292187347447486e-08,0.0,0.0,-21.720709345075402
928,1,0.0,0.0,-0.0037752482650859646,0.0,0.0
928,2,0.0,0.0,0.0,0.0,-0.8191821012735926
928,3,0.0,0.0,0.0,0.0,0.0
928,4,0.0,0.0,0.0,0.0,0.0
929,0,0.0,-2.7292187347447486e-08,0.0,0.0,-21.725402236285404
929,1,0.0,0.0,-0.0037752482650859646,0.0,0.0
929,2,0.0,0.0,0.0,0.0,-0.8191821012735926
929,3,0.0,0.0,0.0,0.0,0.0
929,4,0.0,0.0,0.0,0.0,0.0
930,0,0.0,-2.7292187347447486e-08,0.0,0.0,-21.732363336338256
930,1,0.0,0.0,-0.0037752482650859646,0.0,0.0
930,2,0.0,0.0,0.0,0.0,-0.8191821012735926
930,3,0.0,0.0,0.0,0.0,0.0
930,4,0.0,0.0,0.0,0.0,0.0
931,0,0.0,-2.7292187347447486e-08,0.0,0.0,-21.735188180568166
931,1,0.0,0.0,-0.0037752482650859646,0.0,0.0
931,2,0.0,0.0,0.0,0.0,-0.8191821012735926
931,3,0.0,0.0,0.0,0.0,0.0
931,4,0.0,0.0,0.0,0.0,0.0
932,0,0.0,-2.7292187347447486e-08,0.0,0.0,-21.745465128956454
932,1,0.0,0.0,-0.0037752482650859646,0.0,0.0
932,2,0.0,0.0,0.0,0.0,-0.8191821012735926
932,3,0.0,0.0,0.0,0.0,0.0
932,4,0.0,0.0,0.0,0.0,0.0
933,0,0.0,-5.101665365579299e-08,0.0,0.0,-21.745465128956454
933,1,0.0,0.0,-0.004816278127864959,0.0,0.0
933,2,0.0,0.0,0.0,0.0,-0.8885647342108899
933,3,0.0,0.0,0.0,0.0,0.0
933,4,0.0,0.0,0.0,0.0,0.0
934,0,0.0,-5.101665365579299e-08,0.0,0.0,-21.75023645561032
934,1,0.0,0.0,-0.004816278127864959,0.0,0.0
934,2,0.0,0.0,0.0,0.0,-0.8885647342108899
934,3,0.0,0.0,0.0,0.0,0.0
934,4,0.0,0.0,0.0,0.0,0.0
935,0,0.0,-5.101665365579299e-08,0.0,0.0,-21.756582189951363
935,1,0.0,0.0,-0.004816278127864959,0.0,0.0
935,2,0.0,0.0,0.0,0.0,-0.8885647342108899
935,3,0.0,0.0,0.0,0.0,0.0
935,4,0.0,0.0,0.0,0.0,0.0
936,0,0.0,-5.101665365579299e-08,0.0,0.0,-21.76276385681034
936,1,0.0,0.0,-0.004816278127864959,0.0,0.0
936,2,0.0,0.0,0.0,0.0,-0.8885647342108899
936,3,0.0,0.0,0.0,0.0,0.0
936,4,0.0,0.0,0.0,0.0,0.0
937,0,0.0,-5.101665365579299e-08,0.0,0.0,-21.773810326416907
937,1,0.0,0.0,-0.004816278127864959,0.0,0.0
937,2,0.0,0.0,0.0,0.0,-0.8885647342108899
937,3,0.0,0.0,0.0,0.0,0.0
937,4,0.0,0.0,0.0,0.0,0.0
938,0,0.0,-5.101665365579299e-08,0.0,0.0,-21.779291978561997
938,1,0.0,0.0,-0.004816278127864959,0.0,0.0
938,2,0.0,0.0,0.0,0.0,-0.8885647342108899
938,3,0.0,0.0,0.0,0.0,0.0
938,4,0.0,0.0,0.0,0.0,0.0
939,0,0.0,-5.101665365579299e-08,0.0,0.0,-21.783107909989077
939,1,0.0,0.0,-0.004816278127864959,0.0,0.0
939,2,0.0,0.0,0.0,0.0,-0.8885647342108899
939,3,0.0,0.0,0.0,0.0,0.0
939,4,0.0,0.0,0.0,0.0,0.0
940,0,0.0,-5.101665365579299e-08,0.0,0.0,-21.786994693706145
940,1,0.0,0.0,-0.004816278127864959,0.0,0.0
940,2,0.0,0.0,0.0,0.0,-0.8885647342108899
940,3,0.0,0.0,0.0,0.0,0.0
940,4,0.0,0.0,0.0,0.0,0.0
941,0,0.0,-5.101665365579299e-08,0.0,0.0,-21.803761071204757
941,1,0.0,0.0,-0.004816278127864959,0.0,0.0
941,2,0.0,0.0,0.0,0.0,-0.8885647342108899
941,3,0.0,0.0,0.0,0.0,0.0
941,4,0.0,0.0,0.0,0.0,0.0
942,0,0.0,-5.101665365579299e-08,0.0,0.0,-21.80912125389749
942,1,0.0,0.0,-0.004816278127864959,0.0,0.0
942,2,0.0,0.0,0.0,0.0,-0.8885647342108899
942,3,0.0,0.0,0.0,0.0,0.0
942,4,0.0,0.0,0.0,0.0,0.0
943,0,0.0,-8.962105793459698e-08,0.0,0.0,-21.80912125389749
943,1,0.0,0.0,-0.006007929057653303,0.0,0.0
943,2,0.0,0.0,0.0,0.0,-0.9559917115186575
943,3,0.0,0.0,0.0,0.0,0.0
943,4,0.0,0.0,0.0,0.0,0.0
944,0,0.0,-8.962105793459698e-08,0.0,0.0,-21.816278822594985
944,1,0.0,0.0,-0.006007929057653303,0.0,0.0
944,2,0.0,0.0,0.0,0.0,-0.9559917115186575
944,3,0.0,0.0,0.0,0.0,0.0
944,4,0.0,0.0,0.0,0.0,0.0
945,0,0.0,-8.962105793459698e-08,0.0,0.0,-21.821569249250917
945,1,0.0,0.0,-0.006007929057653303,0.0,0.0
945,2,0.0,0.0,0.0,0.0,-0.9559917115186575
945,3,0.0,0.0,0.0,0.0,0.0
945,4,0.0,0.0,0.0,0.0,0.0
946,0,0.0,-8.962105793459698e-08,0.0,0.0,-21.832167733161654
946,1,0.0,0.0,-0.006007929057653303,0.0,0.0
946,2,0.0,0.0,0.0,0.0,-0.9559917115186575
946,3,0.0,0.0,0.0,0.0,0.0
946,4,0.0,0.0,0.0,0.0,0.0
947,0,0.0,-8.962105793459698e-08,0.0,0.0,-21.837664477756665
947,1,0.0,0.0,-0.006007929057653303,0.0,0.0
947,2,0.0,0.0,0.0,0.0,-0.9559917115186575
947,3,0.0,0.0,0.0,0.0,0.0
947,4,0.0,0.0,0.0,0.0,0.0
948,0,0.0,-8.962105793459698e-08,0.0,0.0,-21.846612329612487
948,1,0.0,0.0,-0.006007929057653303,0.0,0.0
948,2,0.0,0.0,0.0,0.0,-0.9559917115186575
948,3,0.0,0.0,0.0,0.0,0.0
948,4,0.0,0.0,0.0,0.0,0.0
949,0,0.0,-8.962105793459698e-08,0.0,0.0,-21.862934804312836
949,1,0.0,0.0,-0.006007929057653303,0.0,0.0
949,2,0.0,0.0,0.0,0.0,-0.9559917115186575
949,3,0.0,0.0,0.0,0.0,0.0
949,4,0.0,0.0,0.0,0.0,0.0
950,0,0.0,-8.962105793459698e-08,0.0,0.0,-21.864991415845207
950,1,0.0,0.0,-0.006007929057653303,0.0,0.0
950,2,0.0,0.0,0.0,0.0,-0.9559917115186575
950,3,0.0,0.0,0.0,0.0,0.0
950,4,0.0,0.0,0.0,0.0,0.0
951,0,0.0,-8.962105793459698e-08,0.0,0.0,-21.87662313185722
951,1,0.0,0.0,-0.006007929057653303,0.0,0.0
951,2,0.0,0.0,0.0,0.0,-0.9559917115186575
951,3,0.0,0.0,0.0,0.0,0.0
951,4,0.0,0.0,0.0,0.0,0.0
952,0,0.0,-8.962105793459698e-08,0.0,0.0,-21.88236179497093
952,1,0.0,0.0,-0.006007929057653303,0.0,0.0
952,2,0.0,0.0,0.0,0.0,-0.9559917115186575
952,3,0.0,0.0,0.0,0.0,0.0
952,4,0.0,0.0,0.0,0.0,0.0
953,0,0.0,-8.962105793459698e-08,0.0,0.0,-21.89172030061566
953,1,0.0,0.0,-0.006007929057653303,0.0,0.0
953,2,0.0,0.0,0.0,0.0,-0.9559917115186575
953,3,0.0,0.0,0.0,0.0,0.0
953,4,0.0,0.0,0.0,0.0,0.0
954,0,0.0,-8.962105793459698e-08,0.0,0.0,-21.892583718853405
954,1,0.0,0.0,-0.006007929057653303,0.0,0.0
954,2,0.0,0.0,0.0,0.0,-0.9559917115186575
954,3,0.0,0.0,0.0,0.0,0.0
954,4,0.0,0.0,0.0,0.0,0.0
955,0,0.0,-8.962105793459698e-08,0.0,0.0,-21.89673412017796
955,1,0.0,0.0,-0.006007929057653303,0.0,0.0
955,2,0.0,0.0,0.0,0.0,-0.9559917115186575
955,3,0.0,0.0,0.0,0.0,0.0
955,4,0.0,0.0,0.0,0.0,0.0
956,0,0.0,-8.962105793459698e-08,0.0,0.0,-21.905756936745636
956,1,0.0,0.0,-0.006007929057653303,0.0,0.0
956,2,0.0,0.0,0.0,0.0,-0.9559917115186575
956,3,0.0,0.0,0.0,0.0,0.0
956,4,0.0,0.0,0.0,0.0,0.0
957,0,0.0,-8.962105793459698e-08,0.0,0.0,-21.91034055961576
957,1,0.0,0.0,-0.006007929057653303,0.0,0.0
957,2,0.0,0.0,0.0,0.0,-0.9559917115186575
957,3,0.0,0.0,0.0,0.0,0.0
957,4,0.0,0.0,0.0,0.0,0.0
958,0,0.0,-8.962105793459698e-08,0.0,0.0,-21.913266722440316
958,1,0.0,0.0,-0.006007929057653303,0.0,0.0
958,2,0.0,0.0,0.0,0.0,-0.9559917115186575
958,3,0.0,0.0,0.0,0.0,0.0
958,4,0.0,0.0,0.0,0.0,0.0
959,0,0.0,-8.962105793459698e-08,0.0,0.0,-21.920031335846407
959,1,0.0,0.0,-0.006007929057653303,0.0,0.0
959,2,0.0,0.0,0.0,0.0,-0.9559917115186575
959,3,0.0,0.0,0.0,0.0,0.0
959,4,0.0,0.0,0.0,0.0,0.0
960,0,0.0,-8.962105793459698e-08,0.0,0.0,-21.93337988232506
960,1,0.0,0.0,-0.006007929057653303,0.0,0.0
960,2,0.0,0.0,0.0,0.0,-0.9559917115186575
960,3,0.0,0.0,0.0,0.0,0.0
960,4,0.0,0.0,0.0,0.0,0.0
961,0,0.0,-8.962105793459698e-08,0.0,0.0,-21.936155649203315
961,1,0.0,0.0,-0.006007929057653303,0.0,0.0
961,2,0.0,0.0,0.0,0.0,-0.9559917115186575
961,3,0.0,0.0,0.0,0.0,0.0
961,4,0.0,0.0,0.0,0.0,0.0
962,0,0.0,-8.962105793459698e-08,0.0,0.0,-21.9422015007978
962,1,0.0,0.0,-0.006007929057653303,0.0,0.0
962,2,0.0,0.0,0.0,0.0,-0.9559917115186575
962,3,0.0,0.0,0.0,0.0,0.0
962,4,0.0,0.0,0.0,0.0,0.0
963,0,0.0,-8.962105793459698e-08,0.0,0.0,-21.948767130204555
963,1,0.0,0.0,-0.006007929057653303,0.0,0.0
963,2,0.0,0.0,0.0,0.0,-0.9559917115186575
963,3,0.0,0.0,0.0,0.0,0.0
963,4,0.0,0.0,0.0,0.0,0.0
964,0,0.0,-8.962105793459698e-08,0.0,0.0,-21.953920725163517
964,1,0.0,0.0,-0.006007929057653303,0.0,0.0
964,2,0.0,0.0,0.0,0.0,-0.9559917115186575
964,3,0.0,0.0,0.0,0.0,0.0
964,4,0.0,0.0,0.0,0.0,0.0
965,0,0.0,-8.962105793459698e-08,0.0,0.0,-21.958355186386736
965,1,0.0,0.0,-0.006007929057653303,0.0,0.0
965,2,0.0,0.0,0.0,0.0,-0.9559917115186575
965,3,0.0,0.0,0.0,0.0,0.0
965,4,0.0,0.0,0.0,0.0,0.0
966,0,0.0,-8.962105793459698e-08,0.0,0.0,-21.95759114136089
966,1,0.0,0.0,-0.006007929057653303,0.0,0.0
966,2,0.0,0.0,0.0,0.0,-0.9559917115186575
966,3,0.0,0.0,0.0,0.0,0.0
966,4,0.0,0.0,0.0,0.0,0.0
967,0,0.0,-8.962105793459698e-08,0.0,0.0,-21.963910122073315
967,1,0.0,0.0,-0.006007929057653303,0.0,0.0
967,2,0.0,0.0,0.0,0.0,-0.9559917115186575
967,3,0.0,0.0,0.0,0.0,0.0
967,4,0.0,0.0,0.0,0.0,0.0
968,0,0.0,-8.962105793459698e-08,0.0,0.0,-21.967842949543915
968,1,0.0,0.0,-0.006007929057653303,0.0,0.0
968,2,0.0,0.0,0.0,0.0,-0.9559917115186575
968,3,0.0,0.0,0.0,0.0,0.0
968,4,0.0,0.0,0.0,0.0,0.0
969,0,0.0,-8.962105793459698e-08,0.0,0.0,-21.97291095952852
969,1,0.0,0.0,-0.006007929057653303,0.0,0.0
969,2,0.0,0.0,0.0,0.0,-0.9559917115186575
969,3,0.0,0.0,0.0,0.0,0.0
969,4,0.0,0.0,0.0,0.0,0.0
970,0,0.0,-8.962105793459698e-08,0.0,0.0,-21.975882034909464
970,1,0.0,0.0,-0.006007929057653303,0.0,0.0
970,2,0.0,0.0,0.0,0.0,-0.9559917115186575
970,3,0.0,0.0,0.0,0.0,0.0
970,4,0.0,0.0,0.0,0.0,0.0
971,0,0.0,-8.962105793459698e-08,0.0,0.0,-21.983365602489492
971,1,0.0,0.0,-0.006007929057653303,0.0,0.0
971,2,0.0,0.0,0.0,0.0,-0.9559917115186575
971,3,0.0,0.0,0.0,0.0,0.0
971,4,0.0,0.0,0.0,0.0,0.0
972,0,0.0,-8.962105793459698e-08,0.0,0.0,-21.992183926525932
972,1,0.0,0.0,-0.006007929057653303,0.0,0.0
972,2,0.0,0.0,0.0,0.0,-0.9559917115186575
972,3,0.0,0.0,0.0,0.0,0.0
972,4,0.0,0.0,0.0,0.0,0.0
973,0,0.0,-8.962105793459698e-08,0.0,0.0,-21.99600165313653
973,1,0.0,0.0,-0.006007929057653303,0.0,0.0
973,2,0.0,0.0,0.0,0.0,-0.9559917115186575
973,3,0.0,0.0,0.0,0.0,0.0
973,4,0.0,0.0,0.0,0.0,0.0
974,0,0.0,-8.962105793459698e-08,0.0,0.0,-22.00110208353045
974,1,0.0,0.0,-0.006007929057653303,0.0,0.0
974,2,0.0,0.0,0.0,0.0,-0.9559917115186575
974,3,0.0,0.0,0.0,0.0,0.0
974,4,0.0,0.0,0.0,0.0,0.0
975,0,0.0,-8.962105793459698e-08,0.0,0.0,-22.00218346004531
975,1,0.0,0.0,-0.006007929057653303,0.0,0.0
975,2,0.0,0.0,0.0,0.0,-0.9559917115186575
975,3,0.0,0.0,0.0,0.0,0.0
975,4,0.0,0.0,0.0,0.0,0.0
976,0,0.0,-8.962105793459698e-08,0.0,0.0,-22.011728464548167
976,1,0.0,0.0,-0.006007929057653303,0.0,0.0
976,2,0.0,0.0,0.0,0.0,-0.9559917115186575
976,3,0.0,0.0,0.0,0.0,0.0
976,4,0.0,0.0,0.0,0.0,0.0
977,0,0.0,-8.962105793459698e-08,0.0,0.0,-22.012912570606133
977,1,0.0,0.0,-0.006007929057653303,0.0,0.0
977,2,0.0,0.0,0.0,0.0,-0.9559917115186575
977,3,0.0,0.0,0.0,0.0,0.0
977,4,0.0,0.0,0.0,0.0,0.0
978,0,0.0,-8.962105793459698e-08,0.0,0.0,-22.020261115873645
978,1,0.0,0.0,-0.006007929057653303,0.0,0.0
978,2,0.0,0.0,0.0,0.0,-0.9559917115186575
978,3,0.0,0.0,0.0,0.0,0.0
978,4,0.0,0.0,0.0,0.0,0.0
979,0,0.0,-8.962105793459698e-08,0.0,0.0,-22.02981113945625
979,1,0.0,0.0,-0.006007929057653303,0.0,0.0
979,2,0.0,0.0,0.0,0.0,-0.9559917115186575
979,3,0.0,0.0,0.0,0.0,0.0
979,4,0.0,0.0,0.0,0.0,0.0
980,0,0.0,-8.962105793459698e-08,0.0,0.0,-22.04107204761584
980,1,0.0,0.0,-0.006007929057653303,0.0,0.0
980,2,0.0,0.0,0.0,0.0,-0.9559917115186575
980,3,0.0,0.0,0.0,0.0,0.0
980,4,0.0,0.0,0.0,0.0,0.0
981,0,0.0,-8.962105793459698e-08,0.0,0.0,-22.043894278833566
981,1,0.0,0.0,-0.006007929057653303,0.0,0.0
981,2,0.0,0.0,0.0,0.0,-0.9559917115186575
981,3,0.0,0.0,0.0,0.0,0.0
981,4,0.0,0.0,0.0,0.0,0.0
982,0,0.0,-8.962105793459698e-08,0.0,0.0,-22.048825219857722
982,1,0.0,0.0,-0.006007929057653303,0.0,0.0
982,2,0.0,0.0,0.0,0.0,-0.9559917115186575
982,3,0.0,0.0,0.0,0.0,0.0
982,4,0.0,0.0,0.0,0.0,0.0
983,0,0.0,-8.962105793459698e-08,0.0,0.0,-22.053013981139074
983,1,0.0,0.0,-0.006007929057653303,0.0,0.0
983,2,0.0,0.0,0.0,0.0,-0.9559917115186575
983,3,0.0,0.0,0.0,0.0,0.0
983,4,0.0,0.0,0.0,0.0,0.0
984,0,0.0,-8.962105793459698e-08,0.0,0.0,-22.05806749268027
984,1,0.0,0.0,-0.006007929057653303,0.0,0.0
984,2,0.0,0.0,0.0,0.0,-0.9559917115186575
984,3,0.0,0.0,0.0,0.0,0.0
984,4,0.0,0.0,0.0,0.0,0.0
985,0,0.0,-8.962105793459698e-08,0.0,0.0,-22.05967939747471
985,1,0.0,0.0,-0.006007929057653303,0.0,0.0
985,2,0.0,0.0,0.0,0.0,-0.9559917115186575
985,3,0.0,0.0,0.0,0.0,0.0
985,4,0.0,0.0,0.0,0.0,0.0
986,0,0.0,-8.962105793459698e-08,0.0,0.0,-22.064298382164978
986,1,0.0,0.0,-0.006007929057653303,0.0,0.0
986,2,0.0,0.0,0.0,0.0,-0.9559917115186575
986,3,0.0,0.0,0.0,0.0,0.0
986,4,0.0,0.0,0.0,0.0,0.0
987,0,0.0,-8.962105793459698e-08,0.0,0.0,-22.06744249122656
987,1,0.0,0.0,-0.006007929057653303,0.0,0.0
987,2,0.0,0.0,0.0,0.0,-0.9559917115186575
987,3,0.0,0.0,0.0,0.0,0.0
987,4,0.0,0.0,0.0,0.0,0.0
988,0,0.0,-8.962105793459698e-08,0.0,0.0,-22.070422272535016
988,1,0.0,0.0,-0.006007929057653303,0.0,0.0
988,2,0.0,0.0,0.0,0.0,-0.9559917115186575
988,3,0.0,0.0,0.0,0.0,0.0
988,4,0.0,0.0,0.0,0.0,0.0
989,0,0.0,-8.962105793459698e-08,0.0,0.0,-22.076176268031478
989,1,0.0,0.0,-0.006007929057653303,0.0,0.0
989,2,0.0,0.0,0.0,0.0,-0.9559917115186575
989,3,0.0,0.0,0.0,0.0,0.0
989,4,0.0,0.0,0.0,0.0,0.0
990,0,0.0,-8.962105793459698e-08,0.0,0.0,-22.083164585640258
990,1,0.0,0.0,-0.006007929057653303,0.0,0.0
990,2,0.0,0.0,0.0,0.0,-0.9559917115186575
990,3,0.0,0.0,0.0,0.0,0.0
990,4,0.0,0.0,0.0,0.0,0.0
991,0,0.0,-8.962105793459698e-08,0.0,0.0,-22.087289817347095
991,1,0.0,0.0,-0.006007929057653303,0.0,0.0
991,2,0.0,0.0,0.0,0.0,-0.9559917115186575
991,3,0.0,0.0,0.0,0.0,0.0
991,4,0.0,0.0,0.0,0.0,0.0
992,0,0.0,-8.962105793459698e-08,0.0,0.0,-22.088817479564014
992,1,0.0,0.0,-0.006007929057653303,0.0,0.0
992,2,0.0,0.0,0.0,0.0,-0.9559917115186575
992,3,0.0,0.0,0.0,0.0,0.0
992,4,0.0,0.0,0.0,0.0,0.0
993,0,0.0,-8.962105793459698e-08,0.0,0.0,-22.09443208185611
993,1,0.0,0.0,-0.006007929057653303,0.0,0.0
993,2,0.0,0.0,0.0,0.0,-0.9559917115186575
993,3,0.0,0.0,0.0,0.0,0.0
993,4,0.0,0.0,0.0,0.0,0.0
994,0,0.0,-1.4967873590984755e-07,0.0,0.0,-22.09443208185611
994,1,0.0,0.0,-0.007348195441238044,0.0,0.0
994,2,0.0,0.0,0.0,0.0,-1.0296157850300214
994,3,0.0,0.0,0.0,0.0,0.0
994,4,0.0,0.0,0.0,0.0,0.0
995,0,0.0,-1.4967873590984755e-07,0.0,0.0,-22.101547273511116
995,1,0.0,0.0,-0.007348195441238044,0.0,0.0
995,2,0.0,0.0,0.0,0.0,-1.0296157850300214
995,3,0.0,0.0,0.0,0.0,0.0
995,4,0.0,0.0,0.0,0.0,0.0
996,0,0.0,-1.4967873590984755e-07,0.0,0.0,-22.105606236192703
996,1,0.0,0.0,-0.007348195441238044,0.0,0.0
996,2,0.0,0.0,0.0,0.0,-1.0296157850300214
996,3,0.0,0.0,0.0,0.0,0.0
996,4,0.0,0.0,0.0,0.0,0.0
997,0,0.0,-1.4967873590984755e-07,0.0,0.0,-22.11683904270602
997,1,0.0,0.0,-0.007348195441238044,0.0,0.0
997,2,0.0,0.0,0.0,0.0,-1.0296157850300214
997,3,0.0,0.0,0.0,0.0,0.0
997,4,0.0,0.0,0.0,0.0,0.0
998,0,0.0,-1.4967873590984755e-07,0.0,0.0,-22.11937707021118
998,1,0.0,0.0,-0.007348195441238044,0.0,0.0
998,2,0.0,0.0,0.0,0.0,-1.0296157850300214
998,3,0.0,0.0,0.0,0.0,0.0
998,4,0.0,0.0,0.0,0.0,0.0
999,0,0.0,-1.4967873590984755e-07,0.0,0.0,-22.122956036784373
999,1,0.0,0.0,-0.007348195441238044,0.0,0.0
999,2,0.0,0.0,0.0,0.0,-1.0296157850300214
999,3,0.0,0.0,0.0,0.0,0.0
999,4,0.0,0.0,0.0,0.0,0.0
1000,0,0.0,-1.4967873590984755e-07,0.0,0.0,-22.126762797104092
1000,1,0.0,0.0,-0.007348195441238044,0.0,0.0
1000,2,0.0,0.0,0.0,0.0,-1.0296157850300214
1000,3,0.0,0.0,0.0,0.0,0.0
1000,4,0.0,0.0,0.0,0.0,0.0
