1,0,0.0,0.0,0.0,0.0,0.0
1,1,0.0,0.0,0.0,0.0,0.0
1,2,0.0,0.0,0.0,0.0,-0.06125
1,3,0.0,0.0,0.0,0.0,0.0
1,4,0.0,0.0,0.0,0.0,0.0
2,0,0.0,0.0,0.0,0.0,-0.05625
2,1,0.0,0.0,0.0,0.0,0.0
2,2,0.0,0.0,0.0,0.0,-0.06125
2,3,0.0,0.0,0.0,0.0,0.0
2,4,0.0,0.0,0.0,0.0,0.0
3,0,0.0,0.0,0.0,0.0,-0.11231251802191465
3,1,0.0,0.0,0.0,0.0,0.0
3,2,0.0,0.0,0.0,0.0,-0.06125
3,3,0.0,0.0,0.0,0.0,0.0
3,4,0.0,0.0,0.0,0.0,0.0
4,0,0.0,0.0,0.0,0.0,-0.16818825705557958
4,1,0.0,0.0,0.0,0.0,0.0
4,2,0.0,0.0,0.0,0.0,-0.06125
4,3,0.0,0.0,0.0,0.0,0.0
4,4,0.0,0.0,0.0,0.0,0.0
5,0,0.0,0.0,0.0,0.0,-0.16818825705557958
5,1,0.0,0.0,-6.252003185874023e-06,0.0,0.0
5,2,0.0,0.0,0.0,0.0,-0.12229585295719596
5,3,0.0,0.0,0.0,0.0,0.0
5,4,0.0,0.0,0.0,0.0,0.0
6,0,0.0,0.0,0.0,0.0,-0.22387791727923148
6,1,0.0,0.0,-6.252003185874023e-06,0.0,0.0
6,2,0.0,0.0,0.0,0.0,-0.12229585295719596
6,3,0.0,0.0,0.0,0.0,0.0
6,4,0.0,0.0,0.0,0.0,0.0
7,0,0.0,0.0,0.0,0.0,-0.2793821960712212
7,1,0.0,0.0,-6.252003185874023e-06,0.0,0.0
7,2,0.0,0.0,0.0,0.0,-0.12229585295719596
7,3,0.0,0.0,0.0,0.0,0.0
7,4,0.0,0.0,0.0,0.0,0.0
8,0,0.0,0.0,0.0,0.0,-0.33470178802167666
8,1,0.0,0.0,-6.252003185874023e-06,0.0,0.0
8,2,0.0,0.0,0.0,0.0,-0.12229585295719596
8,3,0.0,0.0,0.0,0.0,0.0
8,4,0.0,0.0,0.0,0.0,0.0
9,0,0.0,0.0,0.0,0.0,-0.3898373849441157
9,1,0.0,0.0,-6.252003185874023e-06,0.0,0.0
9,2,0.0,0.0,0.0,0.0,-0.12229585295719596
9,3,0.0,0.0,0.0,0.0,0.0
9,4,0.0,0.0,0.0,0.0,0.0
10,0,0.0,-6.513964477248646e-14,0.0,0.0,-0.3898373849441157
10,1,0.0,0.0,-3.116379035110307e-05,0.0,0.0
10,2,0.0,0.0,0.0,0.0,-0.18313832434940888
10,3,0.0,0.0,0.0,0.0,0.0
10,4,0.0,0.0,0.0,0.0,0.0
11,0,0.0,-6.513964477248646e-14,0.0,0.0,-0.4447896758870096
11,1,0.0,0.0,-3.116379035110307e-05,0.0,0.0
11,2,0.0,0.0,0.0,0.0,-0.18313832434940888
11,3,0.0,0.0,0.0,0.0,0.0
11,4,0.0,0.0,0.0,0.0,0.0
12,0,0.0,-6.513964477248646e-14,0.0,0.0,-0.4995593471452965
12,1,0.0,0.0,-3.116379035110307e-05,0.0,0.0
12,2,0.0,0.0,0.0,0.0,-0.18313832434940888
12,3,0.0,0.0,0.0,0.0,0.0
12,4,0.0,0.0,0.0,0.0,0.0
13,0,0.0,-6.513964477248646e-14,0.0,0.0,-0.5541470822718458
13,1,0.0,0.0,-3.116379035110307e-05,0.0,0.0
13,2,0.0,0.0,0.0,0.0,-0.18313832434940888
13,3,0.0,0.0,0.0,0.0,0.0
13,4,0.0,0.0,0.0,0.0,0.0
14,0,0.0,-6.513964477248646e-14,0.0,0.0,-0.6085535620888736
14,1,0.0,0.0,-3.116379035110307e-05,0.0,0.0
14,2,0.0,0.0,0.0,0.0,-0.18313832434940888
14,3,0.0,0.0,0.0,0.0,0.0
14,4,0.0,0.0,0.0,0.0,0.0
15,0,0.0,-6.513964477248646e-14,0.0,0.0,-0.6627794646993085
15,1,0.0,0.0,-3.116379035110307e-05,0.0,0.0
15,2,0.0,0.0,0.0,0.0,-0.18313832434940888
15,3,0.0,0.0,0.0,0.0,0.0
15,4,0.0,0.0,0.0,0.0,0.0
16,0,0.0,-6.513964477248646e-14,0.0,0.0,-0.7168254654981101
16,1,0.0,0.0,-3.116379035110307e-05,0.0,0.0
16,2,0.0,0.0,0.0,0.0,-0.18313832434940888
16,3,0.0,0.0,0.0,0.0,0.0
16,4,0.0,0.0,0.0,0.0,0.0
17,0,0.0,-6.513964477248646e-14,0.0,0.0,-0.7706922371835379
17,1,0.0,0.0,-3.116379035110307e-05,0.0,0.0
17,2,0.0,0.0,0.0,0.0,-0.18313832434940888
17,3,0.0,0.0,0.0,0.0,0.0
17,4,0.0,0.0,0.0,0.0,0.0
18,0,0.0,-6.513964477248646e-14,0.0,0.0,-0.8243804497683715
18,1,0.0,0.0,-3.116379035110307e-05,0.0,0.0
18,2,0.0,0.0,0.0,0.0,-0.18313832434940888
18,3,0.0,0.0,0.0,0.0,0.0
18,4,0.0,0.0,0.0,0.0,0.0
19,0,0.0,-6.513964477248646e-14,0.0,0.0,-0.8778907705910857
19,1,0.0,0.0,-3.116379035110307e-05,0.0,0.0
19,2,0.0,0.0,0.0,0.0,-0.18313832434940888
19,3,0.0,0.0,0.0,0.0,0.0
19,4,0.0,0.0,0.0,0.0,0.0
20,0,0.0,-6.513964477248646e-14,0.0,0.0,-0.9312238643269722
20,1,0.0,0.0,-3.116379035110307e-05,0.0,0.0
20,2,0.0,0.0,0.0,0.0,-0.18313832434940888
20,3,0.0,0.0,0.0,0.0,0.0
20,4,0.0,0.0,0.0,0.0,0.0
21,0,0.0,-1.6835873569945714e-12,0.0,0.0,-0.9312238643269722
21,1,0.0,0.0,-8.699223358767626e-05,0.0,0.0
21,2,0.0,0.0,0.0,0.0,-0.24377817659294096
21,3,0.0,0.0,0.0,0.0,0.0
21,4,0.0,0.0,0.0,0.0,0.0
22,0,0.0,-1.6835873569945714e-12,0.0,0.0,-0.9843803929992211
22,1,0.0,0.0,-8.699223358767626e-05,0.0,0.0
22,2,0.0,0.0,0.0,0.0,-0.24377817659294096
22,3,0.0,0.0,0.0,0.0,0.0
22,4,0.0,0.0,0.0,0.0,0.0
23,0,0.0,-1.6835873569945714e-12,0.0,0.0,-1.0373610159899476
23,1,0.0,0.0,-8.699223358767626e-05,0.0,0.0
23,2,0.0,0.0,0.0,0.0,-0.24377817659294096
23,3,0.0,0.0,0.0,0.0,0.0
23,4,0.0,0.0,0.0,0.0,0.0
24,0,0.0,-1.6835873569945714e-12,0.0,0.0,-1.090166390051177
24,1,0.0,0.0,-8.699223358767626e-05,0.0,0.0
24,2,0.0,0.0,0.0,0.0,-0.24377817659294096
24,3,0.0,0.0,0.0,0.0,0.0
24,4,0.0,0.0,0.0,0.0,0.0
25,0,0.0,-1.6835873569945714e-12,0.0,0.0,-1.1427971693157797
25,1,0.0,0.0,-8.699223358767626e-05,0.0,0.0
25,2,0.0,0.0,0.0,0.0,-0.24377817659294096
25,3,0.0,0.0,0.0,0.0,0.0
25,4,0.0,0.0,0.0,0.0,0.0
26,0,0.0,-1.6835873569945714e-12,0.0,0.0,-1.1952540053083602
26,1,0.0,0.0,-8.699223358767626e-05,0.0,0.0
26,2,0.0,0.0,0.0,0.0,-0.24377817659294096
26,3,0.0,0.0,0.0,0.0,0.0
26,4,0.0,0.0,0.0,0.0,0.0
27,0,0.0,-1.6835873569945714e-12,0.0,0.0,-1.2475375469561008
27,1,0.0,0.0,-8.699223358767626e-05,0.0,0.0
27,2,0.0,0.0,0.0,0.0,-0.24377817659294096
27,3,0.0,0.0,0.0,0.0,0.0
27,4,0.0,0.0,0.0,0.0,0.0
28,0,0.0,-1.6835873569945714e-12,0.0,0.0,-1.2996484405995554
28,1,0.0,0.0,-8.699223358767626e-05,0.0,0.0
28,2,0.0,0.0,0.0,0.0,-0.24377817659294096
28,3,0.0,0.0,0.0,0.0,0.0
28,4,0.0,0.0,0.0,0.0,0.0
29,0,0.0,-1.6835873569945714e-12,0.0,0.0,-1.3515873300034025
29,1,0.0,0.0,-8.699223358767626e-05,0.0,0.0
29,2,0.0,0.0,0.0,0.0,-0.24377817659294096
29,3,0.0,0.0,0.0,0.0,0.0
29,4,0.0,0.0,0.0,0.0,0.0
30,0,0.0,-1.6835873569945714e-12,0.0,0.0,-1.4033548563671452
30,1,0.0,0.0,-8.699223358767626e-05,0.0,0.0
30,2,0.0,0.0,0.0,0.0,-0.24377817659294096
30,3,0.0,0.0,0.0,0.0,0.0
30,4,0.0,0.0,0.0,0.0,0.0
31,0,0.0,-1.4294340882337277e-11,0.0,0.0,-1.4033548563671452
31,1,0.0,0.0,-0.00018583472448907803,0.0,0.0
31,2,0.0,0.0,0.0,0.0,-0.3042161690553297
31,3,0.0,0.0,0.0,0.0,0.0
31,4,0.0,0.0,0.0,0.0,0.0
32,0,0.0,-1.4294340882337277e-11,0.0,0.0,-1.4549516583357749
32,1,0.0,0.0,-0.00018583472448907803,0.0,0.0
32,2,0.0,0.0,0.0,0.0,-0.3042161690553297
32,3,0.0,0.0,0.0,0.0,0.0
32,4,0.0,0.0,0.0,0.0,0.0
33,0,0.0,-1.4294340882337277e-11,0.0,0.0,-1.5063783720103778
33,1,0.0,0.0,-0.00018583472448907803,0.0,0.0
33,2,0.0,0.0,0.0,0.0,-0.3042161690553297
33,3,0.0,0.0,0.0,0.0,0.0
33,4,0.0,0.0,0.0,0.0,0.0
34,0,0.0,-7.183923713619215e-11,0.0,0.0,-1.5063783720103778
34,1,0.0,0.0,-0.00033962085248804175,0.0,0.0
34,2,0.0,0.0,0.0,0.0,-0.36445305806804784
34,3,0.0,0.0,0.0,0.0,0.0
34,4,0.0,0.0,0.0,0.0,0.0
35,0,0.0,-7.183923713619215e-11,0.0,0.0,-1.5576356309587076
35,1,0.0,0.0,-0.00033962085248804175,0.0,0.0
35,2,0.0,0.0,0.0,0.0,-0.36445305806804784
35,3,0.0,0.0,0.0,0.0,0.0
35,4,0.0,0.0,0.0,0.0,0.0
36,0,0.0,-7.183923713619215e-11,0.0,0.0,-1.6087240662257032
36,1,0.0,0.0,-0.00033962085248804175,0.0,0.0
36,2,0.0,0.0,0.0,0.0,-0.36445305806804784
36,3,0.0,0.0,0.0,0.0,0.0
36,4,0.0,0.0,0.0,0.0,0.0
37,0,0.0,-7.183923713619215e-11,0.0,0.0,-1.659644306343968
37,1,0.0,0.0,-0.00033962085248804175,0.0,0.0
37,2,0.0,0.0,0.0,0.0,-0.36445305806804784
37,3,0.0,0.0,0.0,0.0,0.0
37,4,0.0,0.0,0.0,0.0,0.0
38,0,0.0,-7.183923713619215e-11,0.0,0.0,-1.7103969773442025
38,1,0.0,0.0,-0.00033962085248804175,0.0,0.0
38,2,0.0,0.0,0.0,0.0,-0.36445305806804784
38,3,0.0,0.0,0.0,0.0,0.0
38,4,0.0,0.0,0.0,0.0,0.0
39,0,0.0,-7.183923713619215e-11,0.0,0.0,-1.7609827027655904
39,1,0.0,0.0,-0.00033962085248804175,0.0,0.0
39,2,0.0,0.0,0.0,0.0,-0.36445305806804784
39,3,0.0,0.0,0.0,0.0,0.0
39,4,0.0,0.0,0.0,0.0,0.0
40,0,0.0,-7.183923713619215e-11,0.0,0.0,-1.8114021036661432
40,1,0.0,0.0,-0.00033962085248804175,0.0,0.0
40,2,0.0,0.0,0.0,0.0,-0.36445305806804784
40,3,0.0,0.0,0.0,0.0,0.0
40,4,0.0,0.0,0.0,0.0,0.0
41,0,0.0,-7.183923713619215e-11,0.0,0.0,-1.8616557986329991
41,1,0.0,0.0,-0.00033962085248804175,0.0,0.0
41,2,0.0,0.0,0.0,0.0,-0.36445305806804784
41,3,0.0,0.0,0.0,0.0,0.0
41,4,0.0,0.0,0.0,0.0,0.0
42,0,0.0,-2.640182194472691e-10,0.0,0.0,-1.8616557986329991
42,1,0.0,0.0,-0.00033962085248804175,0.0,0.0
42,2,0.0,0.0,0.0,0.0,-0.36445305806804784
42,3,0.0,0.0,0.0,0.0,-0.07125
42,4,0.0,0.0,0.0,0.0,0.0
43,0,0.0,-2.640182194472691e-10,0.0,0.0,-1.9117444037926772
43,1,0.0,0.0,-0.00033962085248804175,0.0,0.0
43,2,0.0,0.0,0.0,0.0,-0.36445305806804784
43,3,0.0,0.0,0.0,0.0,-0.07125
43,4,0.0,0.0,0.0,0.0,0.0
44,0,0.0,-2.640182194472691e-10,0.0,0.0,-1.9616685328212904
44,1,0.0,0.0,-0.00033962085248804175,0.0,0.0
44,2,0.0,0.0,0.0,0.0,-0.36445305806804784
44,3,0.0,0.0,0.0,0.0,-0.07125
44,4,0.0,0.0,0.0,0.0,0.0
45,0,0.0,-2.640182194472691e-10,0.0,0.0,-2.01142879695471
45,1,0.0,0.0,-0.00033962085248804175,0.0,0.0
45,2,0.0,0.0,0.0,0.0,-0.36445305806804784
45,3,0.0,0.0,0.0,0.0,-0.07125
45,4,0.0,0.0,0.0,0.0,0.0
46,0,0.0,-2.640182194472691e-10,0.0,0.0,-2.0610258049986956
46,1,0.0,0.0,-0.00033962085248804175,0.0,0.0
46,2,0.0,0.0,0.0,0.0,-0.36445305806804784
46,3,0.0,0.0,0.0,0.0,-0.07125
46,4,0.0,0.0,0.0,0.0,0.0
47,0,0.0,-2.640182194472691e-10,0.0,0.0,-2.1104601633389675
47,1,0.0,0.0,-0.00033962085248804175,0.0,0.0
47,2,0.0,0.0,0.0,0.0,-0.36445305806804784
47,3,0.0,0.0,0.0,0.0,-0.07125
47,4,0.0,0.0,0.0,0.0,0.0
48,0,0.0,-2.640182194472691e-10,0.0,0.0,-2.1597324759512544
48,1,0.0,0.0,-0.00033962085248804175,0.0,0.0
48,2,0.0,0.0,0.0,0.0,-0.36445305806804784
48,3,0.0,0.0,0.0,0.0,-0.07125
48,4,0.0,0.0,0.0,0.0,0.0
49,0,0.0,-2.640182194472691e-10,0.0,0.0,-2.2088433444112794
49,1,0.0,0.0,-0.00033962085248804175,0.0,0.0
49,2,0.0,0.0,0.0,0.0,-0.36445305806804784
49,3,0.0,0.0,0.0,0.0,-0.07125
49,4,0.0,0.0,0.0,0.0,0.0
50,0,0.0,-2.640182194472691e-10,0.0,0.0,-2.257793367904719
50,1,0.0,0.0,-0.00033962085248804175,0.0,0.0
50,2,0.0,0.0,0.0,0.0,-0.36445305806804784
50,3,0.0,0.0,0.0,0.0,-0.07125
50,4,0.0,0.0,0.0,0.0,0.0
51,0,0.0,-2.640182194472691e-10,0.0,0.0,-2.3065831432371096
51,1,0.0,0.0,-0.00033962085248804175,0.0,0.0
51,2,0.0,0.0,0.0,0.0,-0.36445305806804784
51,3,0.0,0.0,0.0,0.0,-0.07125
51,4,0.0,0.0,0.0,0.0,0.0
52,0,0.0,-2.640182194472691e-10,0.0,0.0,-2.355213264843715
52,1,0.0,0.0,-0.00033962085248804175,0.0,0.0
52,2,0.0,0.0,0.0,0.0,-0.36445305806804784
52,3,0.0,0.0,0.0,0.0,-0.07125
52,4,0.0,0.0,0.0,0.0,0.0
53,0,0.0,-4.5619698421946405e-10,0.0,0.0,-2.355213264843715
53,1,0.0,0.0,-0.0005601043497492148,0.0,0.0
53,2,0.0,0.0,0.0,0.0,-0.4244895969391481
53,3,0.0,0.0,0.0,0.0,-0.07125
53,4,0.0,0.0,0.0,0.0,0.0
54,0,0.0,-4.5619698421946405e-10,0.0,0.0,-2.403684324799354
54,1,0.0,0.0,-0.0005601043497492148,0.0,0.0
54,2,0.0,0.0,0.0,0.0,-0.4244895969391481
54,3,0.0,0.0,0.0,0.0,-0.07125
54,4,0.0,0.0,0.0,0.0,0.0
55,0,0.0,-4.5619698421946405e-10,0.0,0.0,-2.4519969128281813
55,1,0.0,0.0,-0.0005601043497492148,0.0,0.0
55,2,0.0,0.0,0.0,0.0,-0.4244895969391481
55,3,0.0,0.0,0.0,0.0,-0.07125
55,4,0.0,0.0,0.0,0.0,0.0
56,0,0.0,-4.5619698421946405e-10,0.0,0.0,-2.5001516163134303
56,1,0.0,0.0,-0.0005601043497492148,0.0,0.0
56,2,0.0,0.0,0.0,0.0,-0.4244895969391481
56,3,0.0,0.0,0.0,0.0,-0.07125
56,4,0.0,0.0,0.0,0.0,0.0
57,0,0.0,-4.5619698421946405e-10,0.0,0.0,-2.5481490203071147
57,1,0.0,0.0,-0.0005601043497492148,0.0,0.0
57,2,0.0,0.0,0.0,0.0,-0.4244895969391481
57,3,0.0,0.0,0.0,0.0,-0.07125
57,4,0.0,0.0,0.0,0.0,0.0
58,0,0.0,-4.5619698421946405e-10,0.0,0.0,-2.595989707539684
58,1,0.0,0.0,-0.0005601043497492148,0.0,0.0
58,2,0.0,0.0,0.0,0.0,-0.4244895969391481
58,3,0.0,0.0,0.0,0.0,-0.07125
58,4,0.0,0.0,0.0,0.0,0.0
59,0,0.0,-4.5619698421946405e-10,0.0,0.0,-2.643674258429644
59,1,0.0,0.0,-0.0005601043497492148,0.0,0.0
59,2,0.0,0.0,0.0,0.0,-0.4244895969391481
59,3,0.0,0.0,0.0,0.0,-0.07125
59,4,0.0,0.0,0.0,0.0,0.0
60,0,0.0,-4.5619698421946405e-10,0.0,0.0,-2.691203251093131
60,1,0.0,0.0,-0.0005601043497492148,0.0,0.0
60,2,0.0,0.0,0.0,0.0,-0.4244895969391481
60,3,0.0,0.0,0.0,0.0,-0.07125
60,4,0.0,0.0,0.0,0.0,0.0
61,0,0.0,-4.5619698421946405e-10,0.0,0.0,-2.7385772613534494
61,1,0.0,0.0,-0.0005601043497492148,0.0,0.0
61,2,0.0,0.0,0.0,0.0,-0.4244895969391481
61,3,0.0,0.0,0.0,0.0,-0.07125
61,4,0.0,0.0,0.0,0.0,0.0
62,0,0.0,-4.5619698421946405e-10,0.0,0.0,-2.7857968627505647
62,1,0.0,0.0,-0.0005601043497492148,0.0,0.0
62,2,0.0,0.0,0.0,0.0,-0.4244895969391481
62,3,0.0,0.0,0.0,0.0,-0.07125
62,4,0.0,0.0,0.0,0.0,0.0
63,0,0.0,-4.5619698421946405e-10,0.0,0.0,-2.8328626265505585
63,1,0.0,0.0,-0.0005601043497492148,0.0,0.0
63,2,0.0,0.0,0.0,0.0,-0.4244895969391481
63,3,0.0,0.0,0.0,0.0,-0.07125
63,4,0.0,0.0,0.0,0.0,0.0
64,0,0.0,-4.5619698421946405e-10,0.0,0.0,-2.879775121755047
64,1,0.0,0.0,-0.0005601043497492148,0.0,0.0
64,2,0.0,0.0,0.0,0.0,-0.4244895969391481
64,3,0.0,0.0,0.0,0.0,-0.07125
64,4,0.0,0.0,0.0,0.0,0.0
65,0,0.0,-4.5619698421946405e-10,0.0,0.0,-2.9265349151105444
65,1,0.0,0.0,-0.0005601043497492148,0.0,0.0
65,2,0.0,0.0,0.0,0.0,-0.4244895969391481
65,3,0.0,0.0,0.0,0.0,-0.07125
65,4,0.0,0.0,0.0,0.0,0.0
66,0,0.0,-4.5619698421946405e-10,0.0,0.0,-2.9731425711178074
66,1,0.0,0.0,-0.0005601043497492148,0.0,0.0
66,2,0.0,0.0,0.0,0.0,-0.4244895969391481
66,3,0.0,0.0,0.0,0.0,-0.07125
66,4,0.0,0.0,0.0,0.0,0.0
67,0,0.0,-4.5619698421946405e-10,0.0,0.0,-3.0195986520411267
67,1,0.0,0.0,-0.0005601043497492148,0.0,0.0
67,2,0.0,0.0,0.0,0.0,-0.4244895969391481
67,3,0.0,0.0,0.0,0.0,-0.07125
67,4,0.0,0.0,0.0,0.0,0.0
68,0,0.0,-4.5619698421946405e-10,0.0,0.0,-3.0659037179175757
68,1,0.0,0.0,-0.0005601043497492148,0.0,0.0
68,2,0.0,0.0,0.0,0.0,-0.4244895969391481
68,3,0.0,0.0,0.0,0.0,-0.07125
68,4,0.0,0.0,0.0,0.0,0.0
69,0,0.0,-4.5619698421946405e-10,0.0,0.0,-3.1120583265662343
69,1,0.0,0.0,-0.0005601043497492148,0.0,0.0
69,2,0.0,0.0,0.0,0.0,-0.4244895969391481
69,3,0.0,0.0,0.0,0.0,-0.07125
69,4,0.0,0.0,0.0,0.0,0.0
70,0,0.0,-4.5619698421946405e-10,0.0,0.0,-3.158063033597358
70,1,0.0,0.0,-0.0005601043497492148,0.0,0.0
70,2,0.0,0.0,0.0,0.0,-0.4244895969391481
70,3,0.0,0.0,0.0,0.0,-0.07125
70,4,0.0,0.0,0.0,0.0,0.0
71,0,0.0,-9.788458920270953e-10,0.0,0.0,-3.158063033597358
71,1,0.0,0.0,-0.00085885531809203,0.0,0.0
71,2,0.0,0.0,0.0,0.0,-0.48432653596585484
71,3,0.0,0.0,0.0,0.0,-0.07125
71,4,0.0,0.0,0.0,0.0,0.0
72,0,0.0,-9.788458920270953e-10,0.0,0.0,-3.2039183924215178
72,1,0.0,0.0,-0.00085885531809203,0.0,0.0
72,2,0.0,0.0,0.0,0.0,-0.48432653596585484
72,3,0.0,0.0,0.0,0.0,-0.07125
72,4,0.0,0.0,0.0,0.0,0.0
73,0,0.0,-9.788458920270953e-10,0.0,0.0,-3.2496249542586977
73,1,0.0,0.0,-0.00085885531809203,0.0,0.0
73,2,0.0,0.0,0.0,0.0,-0.48432653596585484
73,3,0.0,0.0,0.0,0.0,-0.07125
73,4,0.0,0.0,0.0,0.0,0.0
74,0,0.0,-2.2075821957650324e-09,0.0,0.0,-3.2496249542586977
74,1,0.0,0.0,-0.0012472527524243764,0.0,0.0
74,2,0.0,0.0,0.0,0.0,-0.5439646224471005
74,3,0.0,0.0,0.0,0.0,-0.07125
74,4,0.0,0.0,0.0,0.0,0.0
75,0,0.0,-2.2075821957650324e-09,0.0,0.0,-3.2951832681473525
75,1,0.0,0.0,-0.0012472527524243764,0.0,0.0
75,2,0.0,0.0,0.0,0.0,-0.5439646224471005
75,3,0.0,0.0,0.0,0.0,-0.07125
75,4,0.0,0.0,0.0,0.0,0.0
76,0,0.0,-2.2075821957650324e-09,0.0,0.0,-3.3405938809534286
76,1,0.0,0.0,-0.0012472527524243764,0.0,0.0
76,2,0.0,0.0,0.0,0.0,-0.5439646224471005
76,3,0.0,0.0,0.0,0.0,-0.07125
76,4,0.0,0.0,0.0,0.0,0.0
77,0,0.0,-2.2075821957650324e-09,0.0,0.0,-3.3858573373793464
77,1,0.0,0.0,-0.0012472527524243764,0.0,0.0
77,2,0.0,0.0,0.0,0.0,-0.5439646224471005
77,3,0.0,0.0,0.0,0.0,-0.07125
77,4,0.0,0.0,0.0,0.0,0.0
78,0,0.0,-2.2075821957650324e-09,0.0,0.0,-3.4309741799729463
78,1,0.0,0.0,-0.0012472527524243764,0.0,0.0
78,2,0.0,0.0,0.0,0.0,-0.5439646224471005
78,3,0.0,0.0,0.0,0.0,-0.07125
78,4,0.0,0.0,0.0,0.0,0.0
79,0,0.0,-2.2075821957650324e-09,0.0,0.0,-3.475944949136387
79,1,0.0,0.0,-0.0012472527524243764,0.0,0.0
79,2,0.0,0.0,0.0,0.0,-0.5439646224471005
79,3,0.0,0.0,0.0,0.0,-0.07125
79,4,0.0,0.0,0.0,0.0,0.0
80,0,0.0,-2.2075821957650324e-09,0.0,0.0,-3.520770183135023
80,1,0.0,0.0,-0.0012472527524243764,0.0,0.0
80,2,0.0,0.0,0.0,0.0,-0.5439646224471005
80,3,0.0,0.0,0.0,0.0,-0.07125
80,4,0.0,0.0,0.0,0.0,0.0
81,0,0.0,-2.2075821957650324e-09,0.0,0.0,-3.565450418106224
81,1,0.0,0.0,-0.0012472527524243764,0.0,0.0
81,2,0.0,0.0,0.0,0.0,-0.5439646224471005
81,3,0.0,0.0,0.0,0.0,-0.07125
81,4,0.0,0.0,0.0,0.0,0.0
82,0,0.0,-2.2075821957650324e-09,0.0,0.0,-3.6099861880681776
82,1,0.0,0.0,-0.0012472527524243764,0.0,0.0
82,2,0.0,0.0,0.0,0.0,-0.5439646224471005
82,3,0.0,0.0,0.0,0.0,-0.07125
82,4,0.0,0.0,0.0,0.0,0.0
83,0,0.0,-2.2075821957650324e-09,0.0,0.0,-3.6543780249286355
83,1,0.0,0.0,-0.0012472527524243764,0.0,0.0
83,2,0.0,0.0,0.0,0.0,-0.5439646224471005
83,3,0.0,0.0,0.0,0.0,-0.07125
83,4,0.0,0.0,0.0,0.0,0.0
84,0,0.0,-4.798569203830427e-09,0.0,0.0,-3.6543780249286355
84,1,0.0,0.0,-0.0017362867133135082,0.0,0.0
84,2,0.0,0.0,0.0,0.0,-0.60340460069601
84,3,0.0,0.0,0.0,0.0,-0.07125
84,4,0.0,0.0,0.0,0.0,0.0
85,0,0.0,-4.798569203830427e-09,0.0,0.0,-3.6986264584936364
85,1,0.0,0.0,-0.0017362867133135082,0.0,0.0
85,2,0.0,0.0,0.0,0.0,-0.60340460069601
85,3,0.0,0.0,0.0,0.0,-0.07125
85,4,0.0,0.0,0.0,0.0,0.0
86,0,0.0,-4.798569203830427e-09,0.0,0.0,-3.742732016476182
86,1,0.0,0.0,-0.0017362867133135082,0.0,0.0
86,2,0.0,0.0,0.0,0.0,-0.60340460069601
86,3,0.0,0.0,0.0,0.0,-0.07125
86,4,0.0,0.0,0.0,0.0,0.0
87,0,0.0,-4.798569203830427e-09,0.0,0.0,-3.786695224504889
87,1,0.0,0.0,-0.0017362867133135082,0.0,0.0
87,2,0.0,0.0,0.0,0.0,-0.60340460069601
87,3,0.0,0.0,0.0,0.0,-0.07125
87,4,0.0,0.0,0.0,0.0,0.0
88,0,0.0,-4.798569203830427e-09,0.0,0.0,-3.8305166061325817
88,1,0.0,0.0,-0.0017362867133135082,0.0,0.0
88,2,0.0,0.0,0.0,0.0,-0.60340460069601
88,3,0.0,0.0,0.0,0.0,-0.07125
88,4,0.0,0.0,0.0,0.0,0.0
89,0,0.0,-4.798569203830427e-09,0.0,0.0,-3.8741966828448757
89,1,0.0,0.0,-0.0017362867133135082,0.0,0.0
89,2,0.0,0.0,0.0,0.0,-0.60340460069601
89,3,0.0,0.0,0.0,0.0,-0.07125
89,4,0.0,0.0,0.0,0.0,0.0
90,0,0.0,-4.798569203830427e-09,0.0,0.0,-3.9177359740687057
90,1,0.0,0.0,-0.0017362867133135082,0.0,0.0
90,2,0.0,0.0,0.0,0.0,-0.60340460069601
90,3,0.0,0.0,0.0,0.0,-0.07125
90,4,0.0,0.0,0.0,0.0,0.0
91,0,0.0,-4.798569203830427e-09,0.0,0.0,-3.9611349971808205
91,1,0.0,0.0,-0.0017362867133135082,0.0,0.0
91,2,0.0,0.0,0.0,0.0,-0.60340460069601
91,3,0.0,0.0,0.0,0.0,-0.07125
91,4,0.0,0.0,0.0,0.0,0.0
92,0,0.0,-4.798569203830427e-09,0.0,0.0,-4.004394267516249
92,1,0.0,0.0,-0.0017362867133135082,0.0,0.0
92,2,0.0,0.0,0.0,0.0,-0.60340460069601
92,3,0.0,0.0,0.0,0.0,-0.07125
92,4,0.0,0.0,0.0,0.0,0.0
93,0,0.0,-4.798569203830427e-09,0.0,0.0,-4.0475142983767185
93,1,0.0,0.0,-0.0017362867133135082,0.0,0.0
93,2,0.0,0.0,0.0,0.0,-0.60340460069601
93,3,0.0,0.0,0.0,0.0,-0.07125
93,4,0.0,0.0,0.0,0.0,0.0
94,0,0.0,-4.798569203830427e-09,0.0,0.0,-4.090495601039055
94,1,0.0,0.0,-0.0017362867133135082,0.0,0.0
94,2,0.0,0.0,0.0,0.0,-0.60340460069601
94,3,0.0,0.0,0.0,0.0,-0.07125
94,4,0.0,0.0,0.0,0.0,0.0
95,0,0.0,-4.798569203830427e-09,0.0,0.0,-4.133338684763524
95,1,0.0,0.0,-0.0017362867133135082,0.0,0.0
95,2,0.0,0.0,0.0,0.0,-0.60340460069601
95,3,0.0,0.0,0.0,0.0,-0.07125
95,4,0.0,0.0,0.0,0.0,0.0
96,0,0.0,-4.798569203830427e-09,0.0,0.0,-4.1760440568021595
96,1,0.0,0.0,-0.0017362867133135082,0.0,0.0
96,2,0.0,0.0,0.0,0.0,-0.60340460069601
96,3,0.0,0.0,0.0,0.0,-0.07125
96,4,0.0,0.0,0.0,0.0,0.0
97,0,0.0,-4.798569203830427e-09,0.0,0.0,-4.218612222407036
97,1,0.0,0.0,-0.0017362867133135082,0.0,0.0
97,2,0.0,0.0,0.0,0.0,-0.60340460069601
97,3,0.0,0.0,0.0,0.0,-0.07125
97,4,0.0,0.0,0.0,0.0,0.0
98,0,0.0,-9.8188573743569e-09,0.0,0.0,-4.218612222407036
98,1,0.0,0.0,-0.0023346702016431866,0.0,0.0
98,2,0.0,0.0,0.0,0.0,-0.6626472120523289
98,3,0.0,0.0,0.0,0.0,-0.07125
98,4,0.0,0.0,0.0,0.0,0.0
99,0,0.0,-9.8188573743569e-09,0.0,0.0,-4.261043684838528
99,1,0.0,0.0,-0.0023346702016431866,0.0,0.0
99,2,0.0,0.0,0.0,0.0,-0.6626472120523289
99,3,0.0,0.0,0.0,0.0,-0.07125
99,4,0.0,0.0,0.0,0.0,0.0
100,0,0.0,-9.8188573743569e-09,0.0,0.0,-4.303338945373511
100,1,0.0,0.0,-0.0023346702016431866,0.0,0.0
100,2,0.0,0.0,0.0,0.0,-0.6626472120523289
100,3,0.0,0.0,0.0,0.0,-0.07125
100,4,0.0,0.0,0.0,0.0,0.0
101,0,0.0,-9.8188573743569e-09,0.0,0.0,-4.345498503313546
101,1,0.0,0.0,-0.0023346702016431866,0.0,0.0
101,2,0.0,0.0,0.0,0.0,-0.6626472120523289
101,3,0.0,0.0,0.0,0.0,-0.07125
101,4,0.0,0.0,0.0,0.0,0.0
102,0,0.0,-9.8188573743569e-09,0.0,0.0,-4.38752285599302
102,1,0.0,0.0,-0.0023346702016431866,0.0,0.0
102,2,0.0,0.0,0.0,0.0,-0.6626472120523289
102,3,0.0,0.0,0.0,0.0,-0.07125
102,4,0.0,0.0,0.0,0.0,0.0
103,0,0.0,-9.8188573743569e-09,0.0,0.0,-4.4294124987872525
103,1,0.0,0.0,-0.0023346702016431866,0.0,0.0
103,2,0.0,0.0,0.0,0.0,-0.6626472120523289
103,3,0.0,0.0,0.0,0.0,-0.07125
103,4,0.0,0.0,0.0,0.0,0.0
104,0,0.0,-9.8188573743569e-09,0.0,0.0,-4.471167925120576
104,1,0.0,0.0,-0.0023346702016431866,0.0,0.0
104,2,0.0,0.0,0.0,0.0,-0.6626472120523289
104,3,0.0,0.0,0.0,0.0,-0.07125
104,4,0.0,0.0,0.0,0.0,0.0
105,0,0.0,-9.8188573743569e-09,0.0,0.0,-4.512789626474363
105,1,0.0,0.0,-0.0023346702016431866,0.0,0.0
105,2,0.0,0.0,0.0,0.0,-0.6626472120523289
105,3,0.0,0.0,0.0,0.0,-0.07125
105,4,0.0,0.0,0.0,0.0,0.0
106,0,0.0,-9.8188573743569e-09,0.0,0.0,-4.55427809239504
106,1,0.0,0.0,-0.0023346702016431866,0.0,0.0
106,2,0.0,0.0,0.0,0.0,-0.6626472120523289
106,3,0.0,0.0,0.0,0.0,-0.07125
106,4,0.0,0.0,0.0,0.0,0.0
107,0,0.0,-9.8188573743569e-09,0.0,0.0,-4.59563381050206
107,1,0.0,0.0,-0.0023346702016431866,0.0,0.0
107,2,0.0,0.0,0.0,0.0,-0.6626472120523289
107,3,0.0,0.0,0.0,0.0,-0.07125
107,4,0.0,0.0,0.0,0.0,0.0
108,0,0.0,-9.8188573743569e-09,0.0,0.0,-4.636857266495835
108,1,0.0,0.0,-0.0023346702016431866,0.0,0.0
108,2,0.0,0.0,0.0,0.0,-0.6626472120523289
108,3,0.0,0.0,0.0,0.0,-0.07125
108,4,0.0,0.0,0.0,0.0,0.0
109,0,0.0,-9.8188573743569e-09,0.0,0.0,-4.677948944165638
109,1,0.0,0.0,-0.0023346702016431866,0.0,0.0
109,2,0.0,0.0,0.0,0.0,-0.6626472120523289
109,3,0.0,0.0,0.0,0.0,-0.07125
109,4,0.0,0.0,0.0,0.0,0.0
110,0,0.0,-9.8188573743569e-09,0.0,0.0,-4.718909325397478
110,1,0.0,0.0,-0.0023346702016431866,0.0,0.0
110,2,0.0,0.0,0.0,0.0,-0.6626472120523289
110,3,0.0,0.0,0.0,0.0,-0.07125
110,4,0.0,0.0,0.0,0.0,0.0
111,0,0.0,-9.8188573743569e-09,0.0,0.0,-4.759738890181934
111,1,0.0,0.0,-0.0023346702016431866,0.0,0.0
111,2,0.0,0.0,0.0,0.0,-0.6626472120523289
111,3,0.0,0.0,0.0,0.0,-0.07125
111,4,0.0,0.0,0.0,0.0,0.0
112,0,0.0,-9.8188573743569e-09,0.0,0.0,-4.800438116621959
112,1,0.0,0.0,-0.0023346702016431866,0.0,0.0
112,2,0.0,0.0,0.0,0.0,-0.6626472120523289
112,3,0.0,0.0,0.0,0.0,-0.07125
112,4,0.0,0.0,0.0,0.0,0.0
113,0,0.0,-9.8188573743569e-09,0.0,0.0,-4.841007480940649
113,1,0.0,0.0,-0.0023346702016431866,0.0,0.0
113,2,0.0,0.0,0.0,0.0,-0.6626472120523289
113,3,0.0,0.0,0.0,0.0,-0.07125
113,4,0.0,0.0,0.0,0.0,0.0
114,0,0.0,-9.8188573743569e-09,0.0,0.0,-4.881447457488979
114,1,0.0,0.0,-0.0023346702016431866,0.0,0.0
114,2,0.0,0.0,0.0,0.0,-0.6626472120523289
114,3,0.0,0.0,0.0,0.0,-0.07125
114,4,0.0,0.0,0.0,0.0,0.0
115,0,0.0,-9.8188573743569e-09,0.0,0.0,-4.921758518753512
115,1,0.0,0.0,-0.0023346702016431866,0.0,0.0
115,2,0.0,0.0,0.0,0.0,-0.6626472120523289
115,3,0.0,0.0,0.0,0.0,-0.07125
115,4,0.0,0.0,0.0,0.0,0.0
116,0,0.0,-9.8188573743569e-09,0.0,0.0,-4.9619411353640634
116,1,0.0,0.0,-0.0023346702016431866,0.0,0.0
116,2,0.0,0.0,0.0,0.0,-0.6626472120523289
116,3,0.0,0.0,0.0,0.0,-0.07125
116,4,0.0,0.0,0.0,0.0,0.0
117,0,0.0,-9.8188573743569e-09,0.0,0.0,-5.0019957761013485
117,1,0.0,0.0,-0.0023346702016431866,0.0,0.0
117,2,0.0,0.0,0.0,0.0,-0.6626472120523289
117,3,0.0,0.0,0.0,0.0,-0.07125
117,4,0.0,0.0,0.0,0.0,0.0
118,0,0.0,-9.8188573743569e-09,0.0,0.0,-5.04192290790458
118,1,0.0,0.0,-0.0023346702016431866,0.0,0.0
118,2,0.0,0.0,0.0,0.0,-0.6626472120523289
118,3,0.0,0.0,0.0,0.0,-0.07125
118,4,0.0,0.0,0.0,0.0,0.0
119,0,0.0,-9.8188573743569e-09,0.0,0.0,-5.0817229958790495
119,1,0.0,0.0,-0.0023346702016431866,0.0,0.0
119,2,0.0,0.0,0.0,0.0,-0.6626472120523289
119,3,0.0,0.0,0.0,0.0,-0.07125
119,4,0.0,0.0,0.0,0.0,0.0
120,0,0.0,-9.8188573743569e-09,0.0,0.0,-5.12139650330366
120,1,0.0,0.0,-0.0023346702016431866,0.0,0.0
120,2,0.0,0.0,0.0,0.0,-0.6626472120523289
120,3,0.0,0.0,0.0,0.0,-0.07125
120,4,0.0,0.0,0.0,0.0,0.0
121,0,0.0,-9.8188573743569e-09,0.0,0.0,-5.160943891638454
121,1,0.0,0.0,-0.0023346702016431866,0.0,0.0
121,2,0.0,0.0,0.0,0.0,-0.6626472120523289
121,3,0.0,0.0,0.0,0.0,-0.07125
121,4,0.0,0.0,0.0,0.0,0.0
122,0,0.0,-9.8188573743569e-09,0.0,0.0,-5.200365620532075
122,1,0.0,0.0,-0.0023346702016431866,0.0,0.0
122,2,0.0,0.0,0.0,0.0,-0.6626472120523289
122,3,0.0,0.0,0.0,0.0,-0.07125
122,4,0.0,0.0,0.0,0.0,0.0
123,0,0.0,-9.8188573743569e-09,0.0,0.0,-5.239662147829213
123,1,0.0,0.0,-0.0023346702016431866,0.0,0.0
123,2,0.0,0.0,0.0,0.0,-0.6626472120523289
123,3,0.0,0.0,0.0,0.0,-0.07125
123,4,0.0,0.0,0.0,0.0,0.0
124,0,0.0,-9.8188573743569e-09,0.0,0.0,-5.278833929578031
124,1,0.0,0.0,-0.0023346702016431866,0.0,0.0
124,2,0.0,0.0,0.0,0.0,-0.6626472120523289
124,3,0.0,0.0,0.0,0.0,-0.07125
124,4,0.0,0.0,0.0,0.0,0.0
125,0,0.0,-9.8188573743569e-09,0.0,0.0,-5.317881420037545
125,1,0.0,0.0,-0.0023346702016431866,0.0,0.0
125,2,0.0,0.0,0.0,0.0,-0.6626472120523289
125,3,0.0,0.0,0.0,0.0,-0.07125
125,4,0.0,0.0,0.0,0.0,0.0
126,0,0.0,-9.8188573743569e-09,0.0,0.0,-5.356805071684971
126,1,0.0,0.0,-0.0023346702016431866,0.0,0.0
126,2,0.0,0.0,0.0,0.0,-0.6626472120523289
126,3,0.0,0.0,0.0,0.0,-0.07125
126,4,0.0,0.0,0.0,0.0,0.0
127,0,0.0,-9.8188573743569e-09,0.0,0.0,-5.395605335223051
127,1,0.0,0.0,-0.0023346702016431866,0.0,0.0
127,2,0.0,0.0,0.0,0.0,-0.6626472120523289
127,3,0.0,0.0,0.0,0.0,-0.07125
127,4,0.0,0.0,0.0,0.0,0.0
128,0,0.0,-9.8188573743569e-09,0.0,0.0,-5.434282659587337
128,1,0.0,0.0,-0.0023346702016431866,0.0,0.0
128,2,0.0,0.0,0.0,0.0,-0.6626472120523289
128,3,0.0,0.0,0.0,0.0,-0.07125
128,4,0.0,0.0,0.0,0.0,0.0
129,0,0.0,-9.8188573743569e-09,0.0,0.0,-5.472837491953456
129,1,0.0,0.0,-0.0023346702016431866,0.0,0.0
129,2,0.0,0.0,0.0,0.0,-0.6626472120523289
129,3,0.0,0.0,0.0,0.0,-0.07125
129,4,0.0,0.0,0.0,0.0,0.0
130,0,0.0,-9.8188573743569e-09,0.0,0.0,-5.511270277744338
130,1,0.0,0.0,-0.0023346702016431866,0.0,0.0
130,2,0.0,0.0,0.0,0.0,-0.6626472120523289
130,3,0.0,0.0,0.0,0.0,-0.07125
130,4,0.0,0.0,0.0,0.0,0.0
131,0,0.0,-9.8188573743569e-09,0.0,0.0,-5.549581460637412
131,1,0.0,0.0,-0.0023346702016431866,0.0,0.0
131,2,0.0,0.0,0.0,0.0,-0.6626472120523289
131,3,0.0,0.0,0.0,0.0,-0.07125
131,4,0.0,0.0,0.0,0.0,0.0
132,0,0.0,-9.8188573743569e-09,0.0,0.0,-5.5877714825717675
132,1,0.0,0.0,-0.0023346702016431866,0.0,0.0
132,2,0.0,0.0,0.0,0.0,-0.6626472120523289
132,3,0.0,0.0,0.0,0.0,-0.07125
132,4,0.0,0.0,0.0,0.0,0.0
133,0,0.0,-9.8188573743569e-09,0.0,0.0,-5.625840783755301
133,1,0.0,0.0,-0.0023346702016431866,0.0,0.0
133,2,0.0,0.0,0.0,0.0,-0.6626472120523289
133,3,0.0,0.0,0.0,0.0,-0.07125
133,4,0.0,0.0,0.0,0.0,0.0
134,0,0.0,-9.8188573743569e-09,0.0,0.0,-5.663789802671815
134,1,0.0,0.0,-0.0023346702016431866,0.0,0.0
134,2,0.0,0.0,0.0,0.0,-0.6626472120523289
134,3,0.0,0.0,0.0,0.0,-0.07125
134,4,0.0,0.0,0.0,0.0,0.0
135,0,0.0,-9.8188573743569e-09,0.0,0.0,-5.7016189760880955
135,1,0.0,0.0,-0.0023346702016431866,0.0,0.0
135,2,0.0,0.0,0.0,0.0,-0.6626472120523289
135,3,0.0,0.0,0.0,0.0,-0.07125
135,4,0.0,0.0,0.0,0.0,0.0
136,0,0.0,-9.8188573743569e-09,0.0,0.0,-5.739328739060968
136,1,0.0,0.0,-0.0023346702016431866,0.0,0.0
136,2,0.0,0.0,0.0,0.0,-0.6626472120523289
136,3,0.0,0.0,0.0,0.0,-0.07125
136,4,0.0,0.0,0.0,0.0,0.0
137,0,0.0,-9.8188573743569e-09,0.0,0.0,-5.776919524944294
137,1,0.0,0.0,-0.0023346702016431866,0.0,0.0
137,2,0.0,0.0,0.0,0.0,-0.6626472120523289
137,3,0.0,0.0,0.0,0.0,-0.07125
137,4,0.0,0.0,0.0,0.0,0.0
138,0,0.0,-9.8188573743569e-09,0.0,0.0,-5.814391765395976
138,1,0.0,0.0,-0.0023346702016431866,0.0,0.0
138,2,0.0,0.0,0.0,0.0,-0.6626472120523289
138,3,0.0,0.0,0.0,0.0,-0.07125
138,4,0.0,0.0,0.0,0.0,0.0
139,0,0.0,-9.8188573743569e-09,0.0,0.0,-5.851745890384908
139,1,0.0,0.0,-0.0023346702016431866,0.0,0.0
139,2,0.0,0.0,0.0,0.0,-0.6626472120523289
139,3,0.0,0.0,0.0,0.0,-0.07125
139,4,0.0,0.0,0.0,0.0,0.0
140,0,0.0,-9.8188573743569e-09,0.0,0.0,-5.888982328197904
140,1,0.0,0.0,-0.0023346702016431866,0.0,0.0
140,2,0.0,0.0,0.0,0.0,-0.6626472120523289
140,3,0.0,0.0,0.0,0.0,-0.07125
140,4,0.0,0.0,0.0,0.0,0.0
141,0,0.0,-9.8188573743569e-09,0.0,0.0,-5.9261015054465895
141,1,0.0,0.0,-0.0023346702016431866,0.0,0.0
141,2,0.0,0.0,0.0,0.0,-0.6626472120523289
141,3,0.0,0.0,0.0,0.0,-0.07125
141,4,0.0,0.0,0.0,0.0,0.0
142,0,0.0,-9.8188573743569e-09,0.0,0.0,-5.963103847074285
142,1,0.0,0.0,-0.0023346702016431866,0.0,0.0
142,2,0.0,0.0,0.0,0.0,-0.6626472120523289
142,3,0.0,0.0,0.0,0.0,-0.07125
142,4,0.0,0.0,0.0,0.0,0.0
143,0,0.0,-9.8188573743569e-09,0.0,0.0,-5.999989776362829
143,1,0.0,0.0,-0.0023346702016431866,0.0,0.0
143,2,0.0,0.0,0.0,0.0,-0.6626472120523289
143,3,0.0,0.0,0.0,0.0,-0.07125
143,4,0.0,0.0,0.0,0.0,0.0
144,0,0.0,-9.8188573743569e-09,0.0,0.0,-6.036759714939403
144,1,0.0,0.0,-0.0023346702016431866,0.0,0.0
144,2,0.0,0.0,0.0,0.0,-0.6626472120523289
144,3,0.0,0.0,0.0,0.0,-0.07125
144,4,0.0,0.0,0.0,0.0,0.0
145,0,0.0,-9.8188573743569e-09,0.0,0.0,-6.073414082783309
145,1,0.0,0.0,-0.0023346702016431866,0.0,0.0
145,2,0.0,0.0,0.0,0.0,-0.6626472120523289
145,3,0.0,0.0,0.0,0.0,-0.07125
145,4,0.0,0.0,0.0,0.0,0.0
146,0,0.0,-9.8188573743569e-09,0.0,0.0,-6.109953298232718
146,1,0.0,0.0,-0.0023346702016431866,0.0,0.0
146,2,0.0,0.0,0.0,0.0,-0.6626472120523289
146,3,0.0,0.0,0.0,0.0,-0.07125
146,4,0.0,0.0,0.0,0.0,0.0
147,0,0.0,-9.8188573743569e-09,0.0,0.0,-6.146377777991401
147,1,0.0,0.0,-0.0023346702016431866,0.0,0.0
147,2,0.0,0.0,0.0,0.0,-0.6626472120523289
147,3,0.0,0.0,0.0,0.0,-0.07125
147,4,0.0,0.0,0.0,0.0,0.0
148,0,0.0,-9.8188573743569e-09,0.0,0.0,-6.18268793713543
148,1,0.0,0.0,-0.0023346702016431866,0.0,0.0
148,2,0.0,0.0,0.0,0.0,-0.6626472120523289
148,3,0.0,0.0,0.0,0.0,-0.07125
148,4,0.0,0.0,0.0,0.0,0.0
149,0,0.0,-9.8188573743569e-09,0.0,0.0,-6.2188841891198265
149,1,0.0,0.0,-0.0023346702016431866,0.0,0.0
149,2,0.0,0.0,0.0,0.0,-0.6626472120523289
149,3,0.0,0.0,0.0,0.0,-0.07125
149,4,0.0,0.0,0.0,0.0,0.0
150,0,0.0,-9.8188573743569e-09,0.0,0.0,-6.254966945785227
150,1,0.0,0.0,-0.0023346702016431866,0.0,0.0
150,2,0.0,0.0,0.0,0.0,-0.6626472120523289
150,3,0.0,0.0,0.0,0.0,-0.07125
150,4,0.0,0.0,0.0,0.0,0.0
151,0,0.0,-9.8188573743569e-09,0.0,0.0,-6.290936617364476
151,1,0.0,0.0,-0.0023346702016431866,0.0,0.0
151,2,0.0,0.0,0.0,0.0,-0.6626472120523289
151,3,0.0,0.0,0.0,0.0,-0.07125
151,4,0.0,0.0,0.0,0.0,0.0
152,0,0.0,-9.8188573743569e-09,0.0,0.0,-6.326793612489221
152,1,0.0,0.0,-0.0023346702016431866,0.0,0.0
152,2,0.0,0.0,0.0,0.0,-0.6626472120523289
152,3,0.0,0.0,0.0,0.0,-0.07125
152,4,0.0,0.0,0.0,0.0,0.0
153,0,0.0,-9.8188573743569e-09,0.0,0.0,-6.362538338196459
153,1,0.0,0.0,-0.0023346702016431866,0.0,0.0
153,2,0.0,0.0,0.0,0.0,-0.6626472120523289
153,3,0.0,0.0,0.0,0.0,-0.07125
153,4,0.0,0.0,0.0,0.0,0.0
154,0,0.0,-9.8188573743569e-09,0.0,0.0,-6.398171199935068
154,1,0.0,0.0,-0.0023346702016431866,0.0,0.0
154,2,0.0,0.0,0.0,0.0,-0.6626472120523289
154,3,0.0,0.0,0.0,0.0,-0.07125
154,4,0.0,0.0,0.0,0.0,0.0
155,0,0.0,-9.8188573743569e-09,0.0,0.0,-6.433692601572319
155,1,0.0,0.0,-0.0023346702016431866,0.0,0.0
155,2,0.0,0.0,0.0,0.0,-0.6626472120523289
155,3,0.0,0.0,0.0,0.0,-0.07125
155,4,0.0,0.0,0.0,0.0,0.0
156,0,0.0,-9.8188573743569e-09,0.0,0.0,-6.469102945400328
156,1,0.0,0.0,-0.0023346702016431866,0.0,0.0
156,2,0.0,0.0,0.0,0.0,-0.6626472120523289
156,3,0.0,0.0,0.0,0.0,-0.07125
156,4,0.0,0.0,0.0,0.0,0.0
157,0,0.0,-9.8188573743569e-09,0.0,0.0,-6.504402632142524
157,1,0.0,0.0,-0.0023346702016431866,0.0,0.0
157,2,0.0,0.0,0.0,0.0,-0.6626472120523289
157,3,0.0,0.0,0.0,0.0,-0.07125
157,4,0.0,0.0,0.0,0.0,0.0
158,0,0.0,-9.8188573743569e-09,0.0,0.0,-6.539592060960046
158,1,0.0,0.0,-0.0023346702016431866,0.0,0.0
158,2,0.0,0.0,0.0,0.0,-0.6626472120523289
158,3,0.0,0.0,0.0,0.0,-0.07125
158,4,0.0,0.0,0.0,0.0,0.0
159,0,0.0,-9.8188573743569e-09,0.0,0.0,-6.57467162945815
159,1,0.0,0.0,-0.0023346702016431866,0.0,0.0
159,2,0.0,0.0,0.0,0.0,-0.6626472120523289
159,3,0.0,0.0,0.0,0.0,-0.07125
159,4,0.0,0.0,0.0,0.0,0.0
160,0,0.0,-9.8188573743569e-09,0.0,0.0,-6.609641733692572
160,1,0.0,0.0,-0.0023346702016431866,0.0,0.0
160,2,0.0,0.0,0.0,0.0,-0.6626472120523289
160,3,0.0,0.0,0.0,0.0,-0.07125
160,4,0.0,0.0,0.0,0.0,0.0
161,0,0.0,-9.8188573743569e-09,0.0,0.0,-6.644502768175856
161,1,0.0,0.0,-0.0023346702016431866,0.0,0.0
161,2,0.0,0.0,0.0,0.0,-0.6626472120523289
161,3,0.0,0.0,0.0,0.0,-0.07125
161,4,0.0,0.0,0.0,0.0,0.0
162,0,0.0,-9.8188573743569e-09,0.0,0.0,-6.679255125883671
162,1,0.0,0.0,-0.0023346702016431866,0.0,0.0
162,2,0.0,0.0,0.0,0.0,-0.6626472120523289
162,3,0.0,0.0,0.0,0.0,-0.07125
162,4,0.0,0.0,0.0,0.0,0.0
163,0,0.0,-9.8188573743569e-09,0.0,0.0,-6.713899198261099
163,1,0.0,0.0,-0.0023346702016431866,0.0,0.0
163,2,0.0,0.0,0.0,0.0,-0.6626472120523289
163,3,0.0,0.0,0.0,0.0,-0.07125
163,4,0.0,0.0,0.0,0.0,0.0
164,0,0.0,-9.8188573743569e-09,0.0,0.0,-6.748435375228885
164,1,0.0,0.0,-0.0023346702016431866,0.0,0.0
164,2,0.0,0.0,0.0,0.0,-0.6626472120523289
164,3,0.0,0.0,0.0,0.0,-0.07125
164,4,0.0,0.0,0.0,0.0,0.0
165,0,0.0,-9.8188573743569e-09,0.0,0.0,-6.782864045189672
165,1,0.0,0.0,-0.0023346702016431866,0.0,0.0
165,2,0.0,0.0,0.0,0.0,-0.6626472120523289
165,3,0.0,0.0,0.0,0.0,-0.07125
165,4,0.0,0.0,0.0,0.0,0.0
166,0,0.0,-9.8188573743569e-09,0.0,0.0,-6.817185595034204
166,1,0.0,0.0,-0.0023346702016431866,0.0,0.0
166,2,0.0,0.0,0.0,0.0,-0.6626472120523289
166,3,0.0,0.0,0.0,0.0,-0.07125
166,4,0.0,0.0,0.0,0.0,0.0
167,0,0.0,-9.8188573743569e-09,0.0,0.0,-6.851400410147504
167,1,0.0,0.0,-0.0023346702016431866,0.0,0.0
167,2,0.0,0.0,0.0,0.0,-0.6626472120523289
167,3,0.0,0.0,0.0,0.0,-0.07125
167,4,0.0,0.0,0.0,0.0,0.0
168,0,0.0,-9.8188573743569e-09,0.0,0.0,-6.88550887441503
168,1,0.0,0.0,-0.0023346702016431866,0.0,0.0
168,2,0.0,0.0,0.0,0.0,-0.6626472120523289
168,3,0.0,0.0,0.0,0.0,-0.07125
168,4,0.0,0.0,0.0,0.0,0.0
169,0,0.0,-9.8188573743569e-09,0.0,0.0,-6.9195113702288005
169,1,0.0,0.0,-0.0023346702016431866,0.0,0.0
169,2,0.0,0.0,0.0,0.0,-0.6626472120523289
169,3,0.0,0.0,0.0,0.0,-0.07125
169,4,0.0,0.0,0.0,0.0,0.0
170,0,0.0,-9.8188573743569e-09,0.0,0.0,-6.953408278493488
170,1,0.0,0.0,-0.0023346702016431866,0.0,0.0
170,2,0.0,0.0,0.0,0.0,-0.6626472120523289
170,3,0.0,0.0,0.0,0.0,-0.07125
170,4,0.0,0.0,0.0,0.0,0.0
171,0,0.0,-9.8188573743569e-09,0.0,0.0,-6.987199978632507
171,1,0.0,0.0,-0.0023346702016431866,0.0,0.0
171,2,0.0,0.0,0.0,0.0,-0.6626472120523289
171,3,0.0,0.0,0.0,0.0,-0.07125
171,4,0.0,0.0,0.0,0.0,0.0
172,0,0.0,-9.8188573743569e-09,0.0,0.0,-7.0208868485940465
172,1,0.0,0.0,-0.0023346702016431866,0.0,0.0
172,2,0.0,0.0,0.0,0.0,-0.6626472120523289
172,3,0.0,0.0,0.0,0.0,-0.07125
172,4,0.0,0.0,0.0,0.0,0.0
173,0,0.0,-9.8188573743569e-09,0.0,0.0,-7.054469264857109
173,1,0.0,0.0,-0.0023346702016431866,0.0,0.0
173,2,0.0,0.0,0.0,0.0,-0.6626472120523289
173,3,0.0,0.0,0.0,0.0,-0.07125
173,4,0.0,0.0,0.0,0.0,0.0
174,0,0.0,-9.8188573743569e-09,0.0,0.0,-7.087947602437504
174,1,0.0,0.0,-0.0023346702016431866,0.0,0.0
174,2,0.0,0.0,0.0,0.0,-0.6626472120523289
174,3,0.0,0.0,0.0,0.0,-0.07125
174,4,0.0,0.0,0.0,0.0,0.0
175,0,0.0,-9.8188573743569e-09,0.0,0.0,-7.121322234893814
175,1,0.0,0.0,-0.0023346702016431866,0.0,0.0
175,2,0.0,0.0,0.0,0.0,-0.6626472120523289
175,3,0.0,0.0,0.0,0.0,-0.07125
175,4,0.0,0.0,0.0,0.0,0.0
176,0,0.0,-9.8188573743569e-09,0.0,0.0,-7.154593534333347
176,1,0.0,0.0,-0.0023346702016431866,0.0,0.0
176,2,0.0,0.0,0.0,0.0,-0.6626472120523289
176,3,0.0,0.0,0.0,0.0,-0.07125
176,4,0.0,0.0,0.0,0.0,0.0
177,0,0.0,-9.8188573743569e-09,0.0,0.0,-7.1877618714180604
177,1,0.0,0.0,-0.0023346702016431866,0.0,0.0
177,2,0.0,0.0,0.0,0.0,-0.6626472120523289
177,3,0.0,0.0,0.0,0.0,-0.07125
177,4,0.0,0.0,0.0,0.0,0.0
178,0,0.0,-9.8188573743569e-09,0.0,0.0,-7.220827615370462
178,1,0.0,0.0,-0.0023346702016431866,0.0,0.0
178,2,0.0,0.0,0.0,0.0,-0.6626472120523289
178,3,0.0,0.0,0.0,0.0,-0.07125
178,4,0.0,0.0,0.0,0.0,0.0
179,0,0.0,-9.8188573743569e-09,0.0,0.0,-7.253791133979473
179,1,0.0,0.0,-0.0023346702016431866,0.0,0.0
179,2,0.0,0.0,0.0,0.0,-0.6626472120523289
179,3,0.0,0.0,0.0,0.0,-0.07125
179,4,0.0,0.0,0.0,0.0,0.0
180,0,0.0,-9.8188573743569e-09,0.0,0.0,-7.286652793606282
180,1,0.0,0.0,-0.0023346702016431866,0.0,0.0
180,2,0.0,0.0,0.0,0.0,-0.6626472120523289
180,3,0.0,0.0,0.0,0.0,-0.07125
180,4,0.0,0.0,0.0,0.0,0.0
181,0,0.0,-9.8188573743569e-09,0.0,0.0,-7.319412959190169
181,1,0.0,0.0,-0.0023346702016431866,0.0,0.0
181,2,0.0,0.0,0.0,0.0,-0.6626472120523289
181,3,0.0,0.0,0.0,0.0,-0.07125
181,4,0.0,0.0,0.0,0.0,0.0
182,0,0.0,-9.8188573743569e-09,0.0,0.0,-7.352071994254301
182,1,0.0,0.0,-0.0023346702016431866,0.0,0.0
182,2,0.0,0.0,0.0,0.0,-0.6626472120523289
182,3,0.0,0.0,0.0,0.0,-0.07125
182,4,0.0,0.0,0.0,0.0,0.0
183,0,0.0,-9.8188573743569e-09,0.0,0.0,-7.384630260911505
183,1,0.0,0.0,-0.0023346702016431866,0.0,0.0
183,2,0.0,0.0,0.0,0.0,-0.6626472120523289
183,3,0.0,0.0,0.0,0.0,-0.07125
183,4,0.0,0.0,0.0,0.0,0.0
184,0,0.0,-9.8188573743569e-09,0.0,0.0,-7.417088119870027
184,1,0.0,0.0,-0.0023346702016431866,0.0,0.0
184,2,0.0,0.0,0.0,0.0,-0.6626472120523289
184,3,0.0,0.0,0.0,0.0,-0.07125
184,4,0.0,0.0,0.0,0.0,0.0
185,0,0.0,-9.8188573743569e-09,0.0,0.0,-7.449445930439245
185,1,0.0,0.0,-0.0023346702016431866,0.0,0.0
185,2,0.0,0.0,0.0,0.0,-0.6626472120523289
185,3,0.0,0.0,0.0,0.0,-0.07125
185,4,0.0,0.0,0.0,0.0,0.0
186,0,0.0,-9.8188573743569e-09,0.0,0.0,-7.481704050535379
186,1,0.0,0.0,-0.0023346702016431866,0.0,0.0
186,2,0.0,0.0,0.0,0.0,-0.6626472120523289
186,3,0.0,0.0,0.0,0.0,-0.07125
186,4,0.0,0.0,0.0,0.0,0.0
187,0,0.0,-9.8188573743569e-09,0.0,0.0,-7.5138628366871645
187,1,0.0,0.0,-0.0023346702016431866,0.0,0.0
187,2,0.0,0.0,0.0,0.0,-0.6626472120523289
187,3,0.0,0.0,0.0,0.0,-0.07125
187,4,0.0,0.0,0.0,0.0,0.0
188,0,0.0,-9.8188573743569e-09,0.0,0.0,-7.545922644041511
188,1,0.0,0.0,-0.0023346702016431866,0.0,0.0
188,2,0.0,0.0,0.0,0.0,-0.6626472120523289
188,3,0.0,0.0,0.0,0.0,-0.07125
188,4,0.0,0.0,0.0,0.0,0.0
189,0,0.0,-9.8188573743569e-09,0.0,0.0,-7.577883826369122
189,1,0.0,0.0,-0.0023346702016431866,0.0,0.0
189,2,0.0,0.0,0.0,0.0,-0.6626472120523289
189,3,0.0,0.0,0.0,0.0,-0.07125
189,4,0.0,0.0,0.0,0.0,0.0
190,0,0.0,-9.8188573743569e-09,0.0,0.0,-7.6097467360701145
190,1,0.0,0.0,-0.0023346702016431866,0.0,0.0
190,2,0.0,0.0,0.0,0.0,-0.6626472120523289
190,3,0.0,0.0,0.0,0.0,-0.07125
190,4,0.0,0.0,0.0,0.0,0.0
191,0,0.0,-9.8188573743569e-09,0.0,0.0,-7.641511724179588
191,1,0.0,0.0,-0.0023346702016431866,0.0,0.0
191,2,0.0,0.0,0.0,0.0,-0.6626472120523289
191,3,0.0,0.0,0.0,0.0,-0.07125
191,4,0.0,0.0,0.0,0.0,0.0
192,0,0.0,-9.8188573743569e-09,0.0,0.0,-7.673179140373192
192,1,0.0,0.0,-0.0023346702016431866,0.0,0.0
192,2,0.0,0.0,0.0,0.0,-0.6626472120523289
192,3,0.0,0.0,0.0,0.0,-0.07125
192,4,0.0,0.0,0.0,0.0,0.0
193,0,0.0,-9.8188573743569e-09,0.0,0.0,-7.704749332972659
193,1,0.0,0.0,-0.0023346702016431866,0.0,0.0
193,2,0.0,0.0,0.0,0.0,-0.6626472120523289
193,3,0.0,0.0,0.0,0.0,-0.07125
193,4,0.0,0.0,0.0,0.0,0.0
194,0,0.0,-9.8188573743569e-09,0.0,0.0,-7.736222648951315
194,1,0.0,0.0,-0.0023346702016431866,0.0,0.0
194,2,0.0,0.0,0.0,0.0,-0.6626472120523289
194,3,0.0,0.0,0.0,0.0,-0.07125
194,4,0.0,0.0,0.0,0.0,0.0
195,0,0.0,-9.8188573743569e-09,0.0,0.0,-7.767599433939569
195,1,0.0,0.0,-0.0023346702016431866,0.0,0.0
195,2,0.0,0.0,0.0,0.0,-0.6626472120523289
195,3,0.0,0.0,0.0,0.0,-0.07125
195,4,0.0,0.0,0.0,0.0,0.0
196,0,0.0,-9.8188573743569e-09,0.0,0.0,-7.7988800322303815
196,1,0.0,0.0,-0.0023346702016431866,0.0,0.0
196,2,0.0,0.0,0.0,0.0,-0.6626472120523289
196,3,0.0,0.0,0.0,0.0,-0.07125
196,4,0.0,0.0,0.0,0.0,0.0
197,0,0.0,-9.8188573743569e-09,0.0,0.0,-7.830064786784704
197,1,0.0,0.0,-0.0023346702016431866,0.0,0.0
197,2,0.0,0.0,0.0,0.0,-0.6626472120523289
197,3,0.0,0.0,0.0,0.0,-0.07125
197,4,0.0,0.0,0.0,0.0,0.0
198,0,0.0,-9.8188573743569e-09,0.0,0.0,-7.861154039236903
198,1,0.0,0.0,-0.0023346702016431866,0.0,0.0
198,2,0.0,0.0,0.0,0.0,-0.6626472120523289
198,3,0.0,0.0,0.0,0.0,-0.07125
198,4,0.0,0.0,0.0,0.0,0.0
199,0,0.0,-9.8188573743569e-09,0.0,0.0,-7.8921481299001455
199,1,0.0,0.0,-0.0023346702016431866,0.0,0.0
199,2,0.0,0.0,0.0,0.0,-0.6626472120523289
199,3,0.0,0.0,0.0,0.0,-0.07125
199,4,0.0,0.0,0.0,0.0,0.0
200,0,0.0,-9.8188573743569e-09,0.0,0.0,-7.923047397771791
200,1,0.0,0.0,-0.0023346702016431866,0.0,0.0
200,2,0.0,0.0,0.0,0.0,-0.6626472120523289
200,3,0.0,0.0,0.0,0.0,-0.07125
200,4,0.0,0.0,0.0,0.0,0.0
201,0,0.0,-9.8188573743569e-09,0.0,0.0,-7.953852180538729
201,1,0.0,0.0,-0.0023346702016431866,0.0,0.0
201,2,0.0,0.0,0.0,0.0,-0.6626472120523289
201,3,0.0,0.0,0.0,0.0,-0.07125
201,4,0.0,0.0,0.0,0.0,0.0
202,0,0.0,-9.8188573743569e-09,0.0,0.0,-7.984562814582716
202,1,0.0,0.0,-0.0023346702016431866,0.0,0.0
202,2,0.0,0.0,0.0,0.0,-0.6626472120523289
202,3,0.0,0.0,0.0,0.0,-0.07125
202,4,0.0,0.0,0.0,0.0,0.0
203,0,0.0,-9.8188573743569e-09,0.0,0.0,-8.015179634985673
203,1,0.0,0.0,-0.0023346702016431866,0.0,0.0
203,2,0.0,0.0,0.0,0.0,-0.6626472120523289
203,3,0.0,0.0,0.0,0.0,-0.07125
203,4,0.0,0.0,0.0,0.0,0.0
204,0,0.0,-9.8188573743569e-09,0.0,0.0,-8.045702975534983
204,1,0.0,0.0,-0.0023346702016431866,0.0,0.0
204,2,0.0,0.0,0.0,0.0,-0.6626472120523289
204,3,0.0,0.0,0.0,0.0,-0.07125
204,4,0.0,0.0,0.0,0.0,0.0
205,0,0.0,-9.8188573743569e-09,0.0,0.0,-8.076133168728747
205,1,0.0,0.0,-0.0023346702016431866,0.0,0.0
205,2,0.0,0.0,0.0,0.0,-0.6626472120523289
205,3,0.0,0.0,0.0,0.0,-0.07125
205,4,0.0,0.0,0.0,0.0,0.0
206,0,0.0,-9.8188573743569e-09,0.0,0.0,-8.106470545781013
206,1,0.0,0.0,-0.0023346702016431866,0.0,0.0
206,2,0.0,0.0,0.0,0.0,-0.6626472120523289
206,3,0.0,0.0,0.0,0.0,-0.07125
206,4,0.0,0.0,0.0,0.0,0.0
207,0,0.0,-9.8188573743569e-09,0.0,0.0,-8.136715436627016
207,1,0.0,0.0,-0.0023346702016431866,0.0,0.0
207,2,0.0,0.0,0.0,0.0,-0.6626472120523289
207,3,0.0,0.0,0.0,0.0,-0.07125
207,4,0.0,0.0,0.0,0.0,0.0
208,0,0.0,-9.8188573743569e-09,0.0,0.0,-8.166868169928357
208,1,0.0,0.0,-0.0023346702016431866,0.0,0.0
208,2,0.0,0.0,0.0,0.0,-0.6626472120523289
208,3,0.0,0.0,0.0,0.0,-0.07125
208,4,0.0,0.0,0.0,0.0,0.0
209,0,0.0,-9.8188573743569e-09,0.0,0.0,-8.196929073078179
209,1,0.0,0.0,-0.0023346702016431866,0.0,0.0
209,2,0.0,0.0,0.0,0.0,-0.6626472120523289
209,3,0.0,0.0,0.0,0.0,-0.07125
209,4,0.0,0.0,0.0,0.0,0.0
210,0,0.0,-9.8188573743569e-09,0.0,0.0,-8.22689847220633
210,1,0.0,0.0,-0.0023346702016431866,0.0,0.0
210,2,0.0,0.0,0.0,0.0,-0.6626472120523289
210,3,0.0,0.0,0.0,0.0,-0.07125
210,4,0.0,0.0,0.0,0.0,0.0
211,0,0.0,-9.8188573743569e-09,0.0,0.0,-8.256776692184483
211,1,0.0,0.0,-0.0023346702016431866,0.0,0.0
211,2,0.0,0.0,0.0,0.0,-0.6626472120523289
211,3,0.0,0.0,0.0,0.0,-0.07125
211,4,0.0,0.0,0.0,0.0,0.0
212,0,0.0,-9.8188573743569e-09,0.0,0.0,-8.286564056631244
212,1,0.0,0.0,-0.0023346702016431866,0.0,0.0
212,2,0.0,0.0,0.0,0.0,-0.6626472120523289
212,3,0.0,0.0,0.0,0.0,-0.07125
212,4,0.0,0.0,0.0,0.0,0.0
213,0,0.0,-9.8188573743569e-09,0.0,0.0,-8.316260887917254
213,1,0.0,0.0,-0.0023346702016431866,0.0,0.0
213,2,0.0,0.0,0.0,0.0,-0.6626472120523289
213,3,0.0,0.0,0.0,0.0,-0.07125
213,4,0.0,0.0,0.0,0.0,0.0
214,0,0.0,-9.8188573743569e-09,0.0,0.0,-8.345867507170237
214,1,0.0,0.0,-0.0023346702016431866,0.0,0.0
214,2,0.0,0.0,0.0,0.0,-0.6626472120523289
214,3,0.0,0.0,0.0,0.0,-0.07125
214,4,0.0,0.0,0.0,0.0,0.0
215,0,0.0,-9.8188573743569e-09,0.0,0.0,-8.375384234280057
215,1,0.0,0.0,-0.0023346702016431866,0.0,0.0
215,2,0.0,0.0,0.0,0.0,-0.6626472120523289
215,3,0.0,0.0,0.0,0.0,-0.07125
215,4,0.0,0.0,0.0,0.0,0.0
216,0,0.0,-9.8188573743569e-09,0.0,0.0,-8.404811387903738
216,1,0.0,0.0,-0.0023346702016431866,0.0,0.0
216,2,0.0,0.0,0.0,0.0,-0.6626472120523289
216,3,0.0,0.0,0.0,0.0,-0.07125
216,4,0.0,0.0,0.0,0.0,0.0
217,0,0.0,-9.8188573743569e-09,0.0,0.0,-8.434149285470468
217,1,0.0,0.0,-0.0023346702016431866,0.0,0.0
217,2,0.0,0.0,0.0,0.0,-0.6626472120523289
217,3,0.0,0.0,0.0,0.0,-0.07125
217,4,0.0,0.0,0.0,0.0,0.0
218,0,0.0,-9.8188573743569e-09,0.0,0.0,-8.46339824318658
218,1,0.0,0.0,-0.0023346702016431866,0.0,0.0
218,2,0.0,0.0,0.0,0.0,-0.6626472120523289
218,3,0.0,0.0,0.0,0.0,-0.07125
218,4,0.0,0.0,0.0,0.0,0.0
219,0,0.0,-9.8188573743569e-09,0.0,0.0,-8.492558576040512
219,1,0.0,0.0,-0.0023346702016431866,0.0,0.0
219,2,0.0,0.0,0.0,0.0,-0.6626472120523289
219,3,0.0,0.0,0.0,0.0,-0.07125
219,4,0.0,0.0,0.0,0.0,0.0
220,0,0.0,-9.8188573743569e-09,0.0,0.0,-8.521630597807745
220,1,0.0,0.0,-0.0023346702016431866,0.0,0.0
220,2,0.0,0.0,0.0,0.0,-0.6626472120523289
220,3,0.0,0.0,0.0,0.0,-0.07125
220,4,0.0,0.0,0.0,0.0,0.0
221,0,0.0,-9.8188573743569e-09,0.0,0.0,-8.550614621055725
221,1,0.0,0.0,-0.0023346702016431866,0.0,0.0
221,2,0.0,0.0,0.0,0.0,-0.6626472120523289
221,3,0.0,0.0,0.0,0.0,-0.07125
221,4,0.0,0.0,0.0,0.0,0.0
222,0,0.0,-9.8188573743569e-09,0.0,0.0,-8.579510957148768
222,1,0.0,0.0,-0.0023346702016431866,0.0,0.0
222,2,0.0,0.0,0.0,0.0,-0.6626472120523289
222,3,0.0,0.0,0.0,0.0,-0.07125
222,4,0.0,0.0,0.0,0.0,0.0
223,0,0.0,-9.8188573743569e-09,0.0,0.0,-8.608319916252919
223,1,0.0,0.0,-0.0023346702016431866,0.0,0.0
223,2,0.0,0.0,0.0,0.0,-0.6626472120523289
223,3,0.0,0.0,0.0,0.0,-0.07125
223,4,0.0,0.0,0.0,0.0,0.0
224,0,0.0,-9.8188573743569e-09,0.0,0.0,-8.637041807340834
224,1,0.0,0.0,-0.0023346702016431866,0.0,0.0
224,2,0.0,0.0,0.0,0.0,-0.6626472120523289
224,3,0.0,0.0,0.0,0.0,-0.07125
224,4,0.0,0.0,0.0,0.0,0.0
225,0,0.0,-9.8188573743569e-09,0.0,0.0,-8.665676938196595
225,1,0.0,0.0,-0.0023346702016431866,0.0,0.0
225,2,0.0,0.0,0.0,0.0,-0.6626472120523289
225,3,0.0,0.0,0.0,0.0,-0.07125
225,4,0.0,0.0,0.0,0.0,0.0
226,0,0.0,-9.8188573743569e-09,0.0,0.0,-8.694225615420535
226,1,0.0,0.0,-0.0023346702016431866,0.0,0.0
226,2,0.0,0.0,0.0,0.0,-0.6626472120523289
226,3,0.0,0.0,0.0,0.0,-0.07125
226,4,0.0,0.0,0.0,0.0,0.0
227,0,0.0,-9.8188573743569e-09,0.0,0.0,-8.722688144434047
227,1,0.0,0.0,-0.0023346702016431866,0.0,0.0
227,2,0.0,0.0,0.0,0.0,-0.6626472120523289
227,3,0.0,0.0,0.0,0.0,-0.07125
227,4,0.0,0.0,0.0,0.0,0.0
228,0,0.0,-9.8188573743569e-09,0.0,0.0,-8.751064829484339
228,1,0.0,0.0,-0.0023346702016431866,0.0,0.0
228,2,0.0,0.0,0.0,0.0,-0.6626472120523289
228,3,0.0,0.0,0.0,0.0,-0.07125
228,4,0.0,0.0,0.0,0.0,0.0
229,0,0.0,-9.8188573743569e-09,0.0,0.0,-8.7793559736492
229,1,0.0,0.0,-0.0023346702016431866,0.0,0.0
229,2,0.0,0.0,0.0,0.0,-0.6626472120523289
229,3,0.0,0.0,0.0,0.0,-0.07125
229,4,0.0,0.0,0.0,0.0,0.0
230,0,0.0,-9.8188573743569e-09,0.0,0.0,-8.807561878841744
230,1,0.0,0.0,-0.0023346702016431866,0.0,0.0
230,2,0.0,0.0,0.0,0.0,-0.6626472120523289
230,3,0.0,0.0,0.0,0.0,-0.07125
230,4,0.0,0.0,0.0,0.0,0.0
231,0,0.0,-9.8188573743569e-09,0.0,0.0,-8.835682845815114
231,1,0.0,0.0,-0.0023346702016431866,0.0,0.0
231,2,0.0,0.0,0.0,0.0,-0.6626472120523289
231,3,0.0,0.0,0.0,0.0,-0.07125
231,4,0.0,0.0,0.0,0.0,0.0
232,0,0.0,-9.8188573743569e-09,0.0,0.0,-8.863719174167185
232,1,0.0,0.0,-0.0023346702016431866,0.0,0.0
232,2,0.0,0.0,0.0,0.0,-0.6626472120523289
232,3,0.0,0.0,0.0,0.0,-0.07125
232,4,0.0,0.0,0.0,0.0,0.0
233,0,0.0,-9.8188573743569e-09,0.0,0.0,-8.891671162345242
233,1,0.0,0.0,-0.0023346702016431866,0.0,0.0
233,2,0.0,0.0,0.0,0.0,-0.6626472120523289
233,3,0.0,0.0,0.0,0.0,-0.07125
233,4,0.0,0.0,0.0,0.0,0.0
234,0,0.0,-9.8188573743569e-09,0.0,0.0,-8.91953910765063
234,1,0.0,0.0,-0.0023346702016431866,0.0,0.0
234,2,0.0,0.0,0.0,0.0,-0.6626472120523289
234,3,0.0,0.0,0.0,0.0,-0.07125
234,4,0.0,0.0,0.0,0.0,0.0
235,0,0.0,-9.8188573743569e-09,0.0,0.0,-8.947323306243403
235,1,0.0,0.0,-0.0023346702016431866,0.0,0.0
235,2,0.0,0.0,0.0,0.0,-0.6626472120523289
235,3,0.0,0.0,0.0,0.0,-0.07125
235,4,0.0,0.0,0.0,0.0,0.0
236,0,0.0,-9.8188573743569e-09,0.0,0.0,-8.975024053146933
236,1,0.0,0.0,-0.0023346702016431866,0.0,0.0
236,2,0.0,0.0,0.0,0.0,-0.6626472120523289
236,3,0.0,0.0,0.0,0.0,-0.07125
236,4,0.0,0.0,0.0,0.0,0.0
237,0,0.0,-9.8188573743569e-09,0.0,0.0,-9.002641642252515
237,1,0.0,0.0,-0.0023346702016431866,0.0,0.0
237,2,0.0,0.0,0.0,0.0,-0.6626472120523289
237,3,0.0,0.0,0.0,0.0,-0.07125
237,4,0.0,0.0,0.0,0.0,0.0
238,0,0.0,-9.8188573743569e-09,0.0,0.0,-9.030176366323943
238,1,0.0,0.0,-0.0023346702016431866,0.0,0.0
238,2,0.0,0.0,0.0,0.0,-0.6626472120523289
238,3,0.0,0.0,0.0,0.0,-0.07125
238,4,0.0,0.0,0.0,0.0,0.0
239,0,0.0,-9.8188573743569e-09,0.0,0.0,-9.05762851700207
239,1,0.0,0.0,-0.0023346702016431866,0.0,0.0
239,2,0.0,0.0,0.0,0.0,-0.6626472120523289
239,3,0.0,0.0,0.0,0.0,-0.07125
239,4,0.0,0.0,0.0,0.0,0.0
240,0,0.0,-9.8188573743569e-09,0.0,0.0,-9.084998384809355
240,1,0.0,0.0,-0.0023346702016431866,0.0,0.0
240,2,0.0,0.0,0.0,0.0,-0.6626472120523289
240,3,0.0,0.0,0.0,0.0,-0.07125
240,4,0.0,0.0,0.0,0.0,0.0
241,0,0.0,-9.8188573743569e-09,0.0,0.0,-9.112286259154384
241,1,0.0,0.0,-0.0023346702016431866,0.0,0.0
241,2,0.0,0.0,0.0,0.0,-0.6626472120523289
241,3,0.0,0.0,0.0,0.0,-0.07125
241,4,0.0,0.0,0.0,0.0,0.0
242,0,0.0,-9.8188573743569e-09,0.0,0.0,-9.139492428336363
242,1,0.0,0.0,-0.0023346702016431866,0.0,0.0
242,2,0.0,0.0,0.0,0.0,-0.6626472120523289
242,3,0.0,0.0,0.0,0.0,-0.07125
242,4,0.0,0.0,0.0,0.0,0.0
243,0,0.0,-9.8188573743569e-09,0.0,0.0,-9.166617179549618
243,1,0.0,0.0,-0.0023346702016431866,0.0,0.0
243,2,0.0,0.0,0.0,0.0,-0.6626472120523289
243,3,0.0,0.0,0.0,0.0,-0.07125
243,4,0.0,0.0,0.0,0.0,0.0
244,0,0.0,-9.8188573743569e-09,0.0,0.0,-9.19366079888805
244,1,0.0,0.0,-0.0023346702016431866,0.0,0.0
244,2,0.0,0.0,0.0,0.0,-0.6626472120523289
244,3,0.0,0.0,0.0,0.0,-0.07125
244,4,0.0,0.0,0.0,0.0,0.0
245,0,0.0,-9.8188573743569e-09,0.0,0.0,-9.22062357134959
245,1,0.0,0.0,-0.0023346702016431866,0.0,0.0
245,2,0.0,0.0,0.0,0.0,-0.6626472120523289
245,3,0.0,0.0,0.0,0.0,-0.07125
245,4,0.0,0.0,0.0,0.0,0.0
246,0,0.0,-9.8188573743569e-09,0.0,0.0,-9.247505780840616
246,1,0.0,0.0,-0.0023346702016431866,0.0,0.0
246,2,0.0,0.0,0.0,0.0,-0.6626472120523289
246,3,0.0,0.0,0.0,0.0,-0.07125
246,4,0.0,0.0,0.0,0.0,0.0
247,0,0.0,-9.8188573743569e-09,0.0,0.0,-9.274307710180379
247,1,0.0,0.0,-0.0023346702016431866,0.0,0.0
247,2,0.0,0.0,0.0,0.0,-0.6626472120523289
247,3,0.0,0.0,0.0,0.0,-0.07125
247,4,0.0,0.0,0.0,0.0,0.0
248,0,0.0,-9.8188573743569e-09,0.0,0.0,-9.301029641105377
248,1,0.0,0.0,-0.0023346702016431866,0.0,0.0
248,2,0.0,0.0,0.0,0.0,-0.6626472120523289
248,3,0.0,0.0,0.0,0.0,-0.07125
248,4,0.0,0.0,0.0,0.0,0.0
249,0,0.0,-9.8188573743569e-09,0.0,0.0,-9.327671854273744
249,1,0.0,0.0,-0.0023346702016431866,0.0,0.0
249,2,0.0,0.0,0.0,0.0,-0.6626472120523289
249,3,0.0,0.0,0.0,0.0,-0.07125
249,4,0.0,0.0,0.0,0.0,0.0
250,0,0.0,-9.8188573743569e-09,0.0,0.0,-9.354234629269591
250,1,0.0,0.0,-0.0023346702016431866,0.0,0.0
250,2,0.0,0.0,0.0,0.0,-0.6626472120523289
250,3,0.0,0.0,0.0,0.0,-0.07125
250,4,0.0,0.0,0.0,0.0,0.0
251,0,0.0,-9.8188573743569e-09,0.0,0.0,-9.380718244607355
251,1,0.0,0.0,-0.0023346702016431866,0.0,0.0
251,2,0.0,0.0,0.0,0.0,-0.6626472120523289
251,3,0.0,0.0,0.0,0.0,-0.07125
251,4,0.0,0.0,0.0,0.0,0.0
252,0,0.0,-9.8188573743569e-09,0.0,0.0,-9.407122977736107
252,1,0.0,0.0,-0.0023346702016431866,0.0,0.0
252,2,0.0,0.0,0.0,0.0,-0.6626472120523289
252,3,0.0,0.0,0.0,0.0,-0.07125
252,4,0.0,0.0,0.0,0.0,0.0
253,0,0.0,-9.8188573743569e-09,0.0,0.0,-9.433449105043856
253,1,0.0,0.0,-0.0023346702016431866,0.0,0.0
253,2,0.0,0.0,0.0,0.0,-0.6626472120523289
253,3,0.0,0.0,0.0,0.0,-0.07125
253,4,0.0,0.0,0.0,0.0,0.0
254,0,0.0,-9.8188573743569e-09,0.0,0.0,-9.459696901861832
254,1,0.0,0.0,-0.0023346702016431866,0.0,0.0
254,2,0.0,0.0,0.0,0.0,-0.6626472120523289
254,3,0.0,0.0,0.0,0.0,-0.07125
254,4,0.0,0.0,0.0,0.0,0.0
255,0,0.0,-9.8188573743569e-09,0.0,0.0,-9.485866642468757
255,1,0.0,0.0,-0.0023346702016431866,0.0,0.0
255,2,0.0,0.0,0.0,0.0,-0.6626472120523289
255,3,0.0,0.0,0.0,0.0,-0.07125
255,4,0.0,0.0,0.0,0.0,0.0
256,0,0.0,-9.8188573743569e-09,0.0,0.0,-9.511958600095078
256,1,0.0,0.0,-0.0023346702016431866,0.0,0.0
256,2,0.0,0.0,0.0,0.0,-0.6626472120523289
256,3,0.0,0.0,0.0,0.0,-0.07125
256,4,0.0,0.0,0.0,0.0,0.0
257,0,0.0,-9.8188573743569e-09,0.0,0.0,-9.5379730469272
257,1,0.0,0.0,-0.0023346702016431866,0.0,0.0
257,2,0.0,0.0,0.0,0.0,-0.6626472120523289
257,3,0.0,0.0,0.0,0.0,-0.07125
257,4,0.0,0.0,0.0,0.0,0.0
258,0,0.0,-9.8188573743569e-09,0.0,0.0,-9.563910254111702
258,1,0.0,0.0,-0.0023346702016431866,0.0,0.0
258,2,0.0,0.0,0.0,0.0,-0.6626472120523289
258,3,0.0,0.0,0.0,0.0,-0.07125
258,4,0.0,0.0,0.0,0.0,0.0
259,0,0.0,-9.8188573743569e-09,0.0,0.0,-9.589770491759536
259,1,0.0,0.0,-0.0023346702016431866,0.0,0.0
259,2,0.0,0.0,0.0,0.0,-0.6626472120523289
259,3,0.0,0.0,0.0,0.0,-0.07125
259,4,0.0,0.0,0.0,0.0,0.0
260,0,0.0,-9.8188573743569e-09,0.0,0.0,-9.615554028950182
260,1,0.0,0.0,-0.0023346702016431866,0.0,0.0
260,2,0.0,0.0,0.0,0.0,-0.6626472120523289
260,3,0.0,0.0,0.0,0.0,-0.07125
260,4,0.0,0.0,0.0,0.0,0.0
261,0,0.0,-9.8188573743569e-09,0.0,0.0,-9.641261133735822
261,1,0.0,0.0,-0.0023346702016431866,0.0,0.0
261,2,0.0,0.0,0.0,0.0,-0.6626472120523289
261,3,0.0,0.0,0.0,0.0,-0.07125
261,4,0.0,0.0,0.0,0.0,0.0
262,0,0.0,-9.8188573743569e-09,0.0,0.0,-9.666892073145489
262,1,0.0,0.0,-0.0023346702016431866,0.0,0.0
262,2,0.0,0.0,0.0,0.0,-0.6626472120523289
262,3,0.0,0.0,0.0,0.0,-0.07125
262,4,0.0,0.0,0.0,0.0,0.0
263,0,0.0,-9.8188573743569e-09,0.0,0.0,-9.692447113189166
263,1,0.0,0.0,-0.0023346702016431866,0.0,0.0
263,2,0.0,0.0,0.0,0.0,-0.6626472120523289
263,3,0.0,0.0,0.0,0.0,-0.07125
263,4,0.0,0.0,0.0,0.0,0.0
264,0,0.0,-9.8188573743569e-09,0.0,0.0,-9.717926518861917
264,1,0.0,0.0,-0.0023346702016431866,0.0,0.0
264,2,0.0,0.0,0.0,0.0,-0.6626472120523289
264,3,0.0,0.0,0.0,0.0,-0.07125
264,4,0.0,0.0,0.0,0.0,0.0
265,0,0.0,-9.8188573743569e-09,0.0,0.0,-9.743330554147958
265,1,0.0,0.0,-0.0023346702016431866,0.0,0.0
265,2,0.0,0.0,0.0,0.0,-0.6626472120523289
265,3,0.0,0.0,0.0,0.0,-0.07125
265,4,0.0,0.0,0.0,0.0,0.0
266,0,0.0,-9.8188573743569e-09,0.0,0.0,-9.768659482024743
266,1,0.0,0.0,-0.0023346702016431866,0.0,0.0
266,2,0.0,0.0,0.0,0.0,-0.6626472120523289
266,3,0.0,0.0,0.0,0.0,-0.07125
266,4,0.0,0.0,0.0,0.0,0.0
267,0,0.0,-9.8188573743569e-09,0.0,0.0,-9.79391356446701
267,1,0.0,0.0,-0.0023346702016431866,0.0,0.0
267,2,0.0,0.0,0.0,0.0,-0.6626472120523289
267,3,0.0,0.0,0.0,0.0,-0.07125
267,4,0.0,0.0,0.0,0.0,0.0
268,0,0.0,-9.8188573743569e-09,0.0,0.0,-9.819093062450822
268,1,0.0,0.0,-0.0023346702016431866,0.0,0.0
268,2,0.0,0.0,0.0,0.0,-0.6626472120523289
268,3,0.0,0.0,0.0,0.0,-0.07125
268,4,0.0,0.0,0.0,0.0,0.0
269,0,0.0,-9.8188573743569e-09,0.0,0.0,-9.84419823595759
269,1,0.0,0.0,-0.0023346702016431866,0.0,0.0
269,2,0.0,0.0,0.0,0.0,-0.6626472120523289
269,3,0.0,0.0,0.0,0.0,-0.07125
269,4,0.0,0.0,0.0,0.0,0.0
270,0,0.0,-9.8188573743569e-09,0.0,0.0,-9.869229343978079
270,1,0.0,0.0,-0.0023346702016431866,0.0,0.0
270,2,0.0,0.0,0.0,0.0,-0.6626472120523289
270,3,0.0,0.0,0.0,0.0,-0.07125
270,4,0.0,0.0,0.0,0.0,0.0
271,0,0.0,-9.8188573743569e-09,0.0,0.0,-9.89418664451639
271,1,0.0,0.0,-0.0023346702016431866,0.0,0.0
271,2,0.0,0.0,0.0,0.0,-0.6626472120523289
271,3,0.0,0.0,0.0,0.0,-0.07125
271,4,0.0,0.0,0.0,0.0,0.0
272,0,0.0,-1.889414558275966e-08,0.0,0.0,-9.89418664451639
272,1,0.0,0.0,-0.0023346702016431866,0.0,-0.05125
272,2,0.0,0.0,0.0,0.0,-0.6626472120523289
272,3,0.0,0.0,0.0,0.0,-0.07125
272,4,0.0,0.0,0.0,0.0,0.0
273,0,0.0,-1.889414558275966e-08,0.0,0.0,-9.919070394593938
273,1,0.0,0.0,-0.0023346702016431866,0.0,-0.05125
273,2,0.0,0.0,0.0,0.0,-0.6626472120523289
273,3,0.0,0.0,0.0,0.0,-0.07125
273,4,0.0,0.0,0.0,0.0,0.0
274,0,0.0,-1.889414558275966e-08,0.0,0.0,-9.943880850253395
274,1,0.0,0.0,-0.0023346702016431866,0.0,-0.05125
274,2,0.0,0.0,0.0,0.0,-0.6626472120523289
274,3,0.0,0.0,0.0,0.0,-0.07125
274,4,0.0,0.0,0.0,0.0,0.0
275,0,0.0,-1.889414558275966e-08,0.0,0.0,-9.968618266562649
275,1,0.0,0.0,-0.0023346702016431866,0.0,-0.05125
275,2,0.0,0.0,0.0,0.0,-0.6626472120523289
275,3,0.0,0.0,0.0,0.0,-0.07125
275,4,0.0,0.0,0.0,0.0,0.0
276,0,0.0,-1.889414558275966e-08,0.0,0.0,-9.993282897618702
276,1,0.0,0.0,-0.0023346702016431866,0.0,-0.05125
276,2,0.0,0.0,0.0,0.0,-0.6626472120523289
276,3,0.0,0.0,0.0,0.0,-0.07125
276,4,0.0,0.0,0.0,0.0,0.0
277,0,0.0,-1.889414558275966e-08,0.0,0.0,-10.017874996551592
277,1,0.0,0.0,-0.0023346702016431866,0.0,-0.05125
277,2,0.0,0.0,0.0,0.0,-0.6626472120523289
277,3,0.0,0.0,0.0,0.0,-0.07125
277,4,0.0,0.0,0.0,0.0,0.0
278,0,0.0,-1.889414558275966e-08,0.0,0.0,-10.042394815528276
278,1,0.0,0.0,-0.0023346702016431866,0.0,-0.05125
278,2,0.0,0.0,0.0,0.0,-0.6626472120523289
278,3,0.0,0.0,0.0,0.0,-0.07125
278,4,0.0,0.0,0.0,0.0,0.0
279,0,0.0,-1.889414558275966e-08,0.0,0.0,-10.0668426057565
279,1,0.0,0.0,-0.0023346702016431866,0.0,-0.05125
279,2,0.0,0.0,0.0,0.0,-0.6626472120523289
279,3,0.0,0.0,0.0,0.0,-0.07125
279,4,0.0,0.0,0.0,0.0,0.0
280,0,0.0,-1.889414558275966e-08,0.0,0.0,-10.091218617488662
280,1,0.0,0.0,-0.0023346702016431866,0.0,-0.05125
280,2,0.0,0.0,0.0,0.0,-0.6626472120523289
280,3,0.0,0.0,0.0,0.0,-0.07125
280,4,0.0,0.0,0.0,0.0,0.0
281,0,0.0,-1.889414558275966e-08,0.0,0.0,-10.11552310002565
281,1,0.0,0.0,-0.0023346702016431866,0.0,-0.05125
281,2,0.0,0.0,0.0,0.0,-0.6626472120523289
281,3,0.0,0.0,0.0,0.0,-0.07125
281,4,0.0,0.0,0.0,0.0,0.0
282,0,0.0,-1.889414558275966e-08,0.0,0.0,-10.139756301720654
282,1,0.0,0.0,-0.0023346702016431866,0.0,-0.05125
282,2,0.0,0.0,0.0,0.0,-0.6626472120523289
282,3,0.0,0.0,0.0,0.0,-0.07125
282,4,0.0,0.0,0.0,0.0,0.0
283,0,0.0,-1.889414558275966e-08,0.0,0.0,-10.163918469983008
283,1,0.0,0.0,-0.0023346702016431866,0.0,-0.05125
283,2,0.0,0.0,0.0,0.0,-0.6626472120523289
283,3,0.0,0.0,0.0,0.0,-0.07125
283,4,0.0,0.0,0.0,0.0,0.0
284,0,0.0,-1.889414558275966e-08,0.0,0.0,-10.188009851281937
284,1,0.0,0.0,-0.0023346702016431866,0.0,-0.05125
284,2,0.0,0.0,0.0,0.0,-0.6626472120523289
284,3,0.0,0.0,0.0,0.0,-0.07125
284,4,0.0,0.0,0.0,0.0,0.0
285,0,0.0,-1.889414558275966e-08,0.0,0.0,-10.212030691150375
285,1,0.0,0.0,-0.0023346702016431866,0.0,-0.05125
285,2,0.0,0.0,0.0,0.0,-0.6626472120523289
285,3,0.0,0.0,0.0,0.0,-0.07125
285,4,0.0,0.0,0.0,0.0,0.0
286,0,0.0,-4.396074323167035e-06,0.0,0.0,-10.212030691150375
286,1,0.0,0.0,-0.0023346702016431866,0.0,-0.10232918308663336
286,2,0.0,0.0,0.0,0.0,-0.6626472120523289
286,3,0.0,0.0,0.0,0.0,-0.07125
286,4,0.0,0.0,0.0,0.0,0.0
287,0,0.0,-4.396074323167035e-06,0.0,0.0,-10.235981234188706
287,1,0.0,0.0,-0.0023346702016431866,0.0,-0.10232918308663336
287,2,0.0,0.0,0.0,0.0,-0.6626472120523289
287,3,0.0,0.0,0.0,0.0,-0.07125
287,4,0.0,0.0,0.0,0.0,0.0
288,0,0.0,-4.396074323167035e-06,0.0,0.0,-10.259861724068497
288,1,0.0,0.0,-0.0023346702016431866,0.0,-0.10232918308663336
288,2,0.0,0.0,0.0,0.0,-0.6626472120523289
288,3,0.0,0.0,0.0,0.0,-0.07125
288,4,0.0,0.0,0.0,0.0,0.0
289,0,0.0,-4.396074323167035e-06,0.0,0.0,-10.283672403536261
289,1,0.0,0.0,-0.0023346702016431866,0.0,-0.10232918308663336
289,2,0.0,0.0,0.0,0.0,-0.6626472120523289
289,3,0.0,0.0,0.0,0.0,-0.07125
289,4,0.0,0.0,0.0,0.0,0.0
290,0,0.0,-4.396074323167035e-06,0.0,0.0,-10.307413514417144
290,1,0.0,0.0,-0.0023346702016431866,0.0,-0.10232918308663336
290,2,0.0,0.0,0.0,0.0,-0.6626472120523289
290,3,0.0,0.0,0.0,0.0,-0.07125
290,4,0.0,0.0,0.0,0.0,0.0
291,0,0.0,-4.396074323167035e-06,0.0,0.0,-10.331085297618635
291,1,0.0,0.0,-0.0023346702016431866,0.0,-0.10232918308663336
291,2,0.0,0.0,0.0,0.0,-0.6626472120523289
291,3,0.0,0.0,0.0,0.0,-0.07125
291,4,0.0,0.0,0.0,0.0,0.0
292,0,0.0,-4.396074323167035e-06,0.0,0.0,-10.354687993134249
292,1,0.0,0.0,-0.0023346702016431866,0.0,-0.10232918308663336
292,2,0.0,0.0,0.0,0.0,-0.6626472120523289
292,3,0.0,0.0,0.0,0.0,-0.07125
292,4,0.0,0.0,0.0,0.0,0.0
293,0,0.0,-4.396074323167035e-06,0.0,0.0,-10.378221840047184
293,1,0.0,0.0,-0.0023346702016431866,0.0,-0.10232918308663336
293,2,0.0,0.0,0.0,0.0,-0.6626472120523289
293,3,0.0,0.0,0.0,0.0,-0.07125
293,4,0.0,0.0,0.0,0.0,0.0
294,0,0.0,-4.396074323167035e-06,0.0,0.0,-10.40168707653399
294,1,0.0,0.0,-0.0023346702016431866,0.0,-0.10232918308663336
294,2,0.0,0.0,0.0,0.0,-0.6626472120523289
294,3,0.0,0.0,0.0,0.0,-0.07125
294,4,0.0,0.0,0.0,0.0,0.0
295,0,0.0,-4.396074323167035e-06,0.0,0.0,-10.425083939868205
295,1,0.0,0.0,-0.0023346702016431866,0.0,-0.10232918308663336
295,2,0.0,0.0,0.0,0.0,-0.6626472120523289
295,3,0.0,0.0,0.0,0.0,-0.07125
295,4,0.0,0.0,0.0,0.0,0.0
296,0,0.0,-4.396074323167035e-06,0.0,0.0,-10.448412666423952
296,1,0.0,0.0,-0.0023346702016431866,0.0,-0.10232918308663336
296,2,0.0,0.0,0.0,0.0,-0.6626472120523289
296,3,0.0,0.0,0.0,0.0,-0.07125
296,4,0.0,0.0,0.0,0.0,0.0
297,0,0.0,-4.396074323167035e-06,0.0,0.0,-10.471673491679587
297,1,0.0,0.0,-0.0023346702016431866,0.0,-0.10232918308663336
297,2,0.0,0.0,0.0,0.0,-0.6626472120523289
297,3,0.0,0.0,0.0,0.0,-0.07125
297,4,0.0,0.0,0.0,0.0,0.0
298,0,0.0,-4.396074323167035e-06,0.0,0.0,-10.494866650221255
298,1,0.0,0.0,-0.0023346702016431866,0.0,-0.10232918308663336
298,2,0.0,0.0,0.0,0.0,-0.6626472120523289
298,3,0.0,0.0,0.0,0.0,-0.07125
298,4,0.0,0.0,0.0,0.0,0.0
299,0,0.0,-4.396074323167035e-06,0.0,0.0,-10.517992375746488
299,1,0.0,0.0,-0.0023346702016431866,0.0,-0.10232918308663336
299,2,0.0,0.0,0.0,0.0,-0.6626472120523289
299,3,0.0,0.0,0.0,0.0,-0.07125
299,4,0.0,0.0,0.0,0.0,0.0
300,0,0.0,-4.396074323167035e-06,0.0,0.0,-10.54105090106776
300,1,0.0,0.0,-0.0023346702016431866,0.0,-0.10232918308663336
300,2,0.0,0.0,0.0,0.0,-0.6626472120523289
300,3,0.0,0.0,0.0,0.0,-0.07125
300,4,0.0,0.0,0.0,0.0,0.0
301,0,0.0,-4.396074323167035e-06,0.0,0.0,-10.564042458116033
301,1,0.0,0.0,-0.0023346702016431866,0.0,-0.10232918308663336
301,2,0.0,0.0,0.0,0.0,-0.6626472120523289
301,3,0.0,0.0,0.0,0.0,-0.07125
301,4,0.0,0.0,0.0,0.0,0.0
302,0,0.0,-4.396074323167035e-06,0.0,0.0,-10.586967277944305
302,1,0.0,0.0,-0.0023346702016431866,0.0,-0.10232918308663336
302,2,0.0,0.0,0.0,0.0,-0.6626472120523289
302,3,0.0,0.0,0.0,0.0,-0.07125
302,4,0.0,0.0,0.0,0.0,0.0
303,0,0.0,-2.1837722850216523e-05,0.0,0.0,-10.586967277944305
303,1,0.0,0.0,-0.0023346702016431866,0.0,-0.1532381897617503
303,2,0.0,0.0,0.0,0.0,-0.6626472120523289
303,3,0.0,0.0,0.0,0.0,-0.07125
303,4,0.0,0.0,0.0,0.0,0.0
304,0,0.0,-2.1837722850216523e-05,0.0,0.0,-10.609825590731084
304,1,0.0,0.0,-0.0023346702016431866,0.0,-0.1532381897617503
304,2,0.0,0.0,0.0,0.0,-0.6626472120523289
304,3,0.0,0.0,0.0,0.0,-0.07125
304,4,0.0,0.0,0.0,0.0,0.0
305,0,0.0,-2.1837722850216523e-05,0.0,0.0,-10.632617625783967
305,1,0.0,0.0,-0.0023346702016431866,0.0,-0.1532381897617503
305,2,0.0,0.0,0.0,0.0,-0.6626472120523289
305,3,0.0,0.0,0.0,0.0,-0.07125
305,4,0.0,0.0,0.0,0.0,0.0
306,0,0.0,-2.1837722850216523e-05,0.0,0.0,-10.655343611543046
306,1,0.0,0.0,-0.0023346702016431866,0.0,-0.1532381897617503
306,2,0.0,0.0,0.0,0.0,-0.6626472120523289
306,3,0.0,0.0,0.0,0.0,-0.07125
306,4,0.0,0.0,0.0,0.0,0.0
307,0,0.0,-2.1837722850216523e-05,0.0,0.0,-10.678003775584434
307,1,0.0,0.0,-0.0023346702016431866,0.0,-0.1532381897617503
307,2,0.0,0.0,0.0,0.0,-0.6626472120523289
307,3,0.0,0.0,0.0,0.0,-0.07125
307,4,0.0,0.0,0.0,0.0,0.0
308,0,0.0,-2.1837722850216523e-05,0.0,0.0,-10.700598344623725
308,1,0.0,0.0,-0.0023346702016431866,0.0,-0.1532381897617503
308,2,0.0,0.0,0.0,0.0,-0.6626472120523289
308,3,0.0,0.0,0.0,0.0,-0.07125
308,4,0.0,0.0,0.0,0.0,0.0
309,0,0.0,-2.1837722850216523e-05,0.0,0.0,-10.723127544519404
309,1,0.0,0.0,-0.0023346702016431866,0.0,-0.1532381897617503
309,2,0.0,0.0,0.0,0.0,-0.6626472120523289
309,3,0.0,0.0,0.0,0.0,-0.07125
309,4,0.0,0.0,0.0,0.0,0.0
310,0,0.0,-2.1837722850216523e-05,0.0,0.0,-10.745591600276313
310,1,0.0,0.0,-0.0023346702016431866,0.0,-0.1532381897617503
310,2,0.0,0.0,0.0,0.0,-0.6626472120523289
310,3,0.0,0.0,0.0,0.0,-0.07125
310,4,0.0,0.0,0.0,0.0,0.0
311,0,0.0,-2.1837722850216523e-05,0.0,0.0,-10.767990736049047
311,1,0.0,0.0,-0.0023346702016431866,0.0,-0.1532381897617503
311,2,0.0,0.0,0.0,0.0,-0.6626472120523289
311,3,0.0,0.0,0.0,0.0,-0.07125
311,4,0.0,0.0,0.0,0.0,0.0
312,0,0.0,-2.1837722850216523e-05,0.0,0.0,-10.790325175145375
312,1,0.0,0.0,-0.0023346702016431866,0.0,-0.1532381897617503
312,2,0.0,0.0,0.0,0.0,-0.6626472120523289
312,3,0.0,0.0,0.0,0.0,-0.07125
312,4,0.0,0.0,0.0,0.0,0.0
313,0,0.0,-2.1837722850216523e-05,0.0,0.0,-10.812595140029611
313,1,0.0,0.0,-0.0023346702016431866,0.0,-0.1532381897617503
313,2,0.0,0.0,0.0,0.0,-0.6626472120523289
313,3,0.0,0.0,0.0,0.0,-0.07125
313,4,0.0,0.0,0.0,0.0,0.0
314,0,0.0,-2.1837722850216523e-05,0.0,0.0,-10.834800852325989
314,1,0.0,0.0,-0.0023346702016431866,0.0,-0.1532381897617503
314,2,0.0,0.0,0.0,0.0,-0.6626472120523289
314,3,0.0,0.0,0.0,0.0,-0.07125
314,4,0.0,0.0,0.0,0.0,0.0
315,0,0.0,-2.1837722850216523e-05,0.0,0.0,-10.856942532822037
315,1,0.0,0.0,-0.0023346702016431866,0.0,-0.1532381897617503
315,2,0.0,0.0,0.0,0.0,-0.6626472120523289
315,3,0.0,0.0,0.0,0.0,-0.07125
315,4,0.0,0.0,0.0,0.0,0.0
316,0,0.0,-2.1837722850216523e-05,0.0,0.0,-10.87902040147192
316,1,0.0,0.0,-0.0023346702016431866,0.0,-0.1532381897617503
316,2,0.0,0.0,0.0,0.0,-0.6626472120523289
316,3,0.0,0.0,0.0,0.0,-0.07125
316,4,0.0,0.0,0.0,0.0,0.0
317,0,0.0,-2.1837722850216523e-05,0.0,0.0,-10.901034677399753
317,1,0.0,0.0,-0.0023346702016431866,0.0,-0.1532381897617503
317,2,0.0,0.0,0.0,0.0,-0.6626472120523289
317,3,0.0,0.0,0.0,0.0,-0.07125
317,4,0.0,0.0,0.0,0.0,0.0
318,0,0.0,-2.1837722850216523e-05,0.0,0.0,-10.92298557890295
318,1,0.0,0.0,-0.0023346702016431866,0.0,-0.1532381897617503
318,2,0.0,0.0,0.0,0.0,-0.6626472120523289
318,3,0.0,0.0,0.0,0.0,-0.07125
318,4,0.0,0.0,0.0,0.0,0.0
319,0,0.0,-2.1837722850216523e-05,0.0,0.0,-10.944873323455504
319,1,0.0,0.0,-0.0023346702016431866,0.0,-0.1532381897617503
319,2,0.0,0.0,0.0,0.0,-0.6626472120523289
319,3,0.0,0.0,0.0,0.0,-0.07125
319,4,0.0,0.0,0.0,0.0,0.0
320,0,0.0,-2.1837722850216523e-05,0.0,0.0,-10.966698127711293
320,1,0.0,0.0,-0.0023346702016431866,0.0,-0.1532381897617503
320,2,0.0,0.0,0.0,0.0,-0.6626472120523289
320,3,0.0,0.0,0.0,0.0,-0.07125
320,4,0.0,0.0,0.0,0.0,0.0
321,0,0.0,-2.1837722850216523e-05,0.0,0.0,-10.988460207507346
321,1,0.0,0.0,-0.0023346702016431866,0.0,-0.1532381897617503
321,2,0.0,0.0,0.0,0.0,-0.6626472120523289
321,3,0.0,0.0,0.0,0.0,-0.07125
321,4,0.0,0.0,0.0,0.0,0.0
322,0,0.0,-2.1837722850216523e-05,0.0,0.0,-11.010159777867125
322,1,0.0,0.0,-0.0023346702016431866,0.0,-0.1532381897617503
322,2,0.0,0.0,0.0,0.0,-0.6626472120523289
322,3,0.0,0.0,0.0,0.0,-0.07125
322,4,0.0,0.0,0.0,0.0,0.0
323,0,0.0,-2.1837722850216523e-05,0.0,0.0,-11.031797053003741
323,1,0.0,0.0,-0.0023346702016431866,0.0,-0.1532381897617503
323,2,0.0,0.0,0.0,0.0,-0.6626472120523289
323,3,0.0,0.0,0.0,0.0,-0.07125
323,4,0.0,0.0,0.0,0.0,0.0
324,0,0.0,-2.1837722850216523e-05,0.0,0.0,-11.05337224632323
324,1,0.0,0.0,-0.0023346702016431866,0.0,-0.1532381897617503
324,2,0.0,0.0,0.0,0.0,-0.6626472120523289
324,3,0.0,0.0,0.0,0.0,-0.07125
324,4,0.0,0.0,0.0,0.0,0.0
325,0,0.0,-2.1837722850216523e-05,0.0,0.0,-11.074885570427753
325,1,0.0,0.0,-0.0023346702016431866,0.0,-0.1532381897617503
325,2,0.0,0.0,0.0,0.0,-0.6626472120523289
325,3,0.0,0.0,0.0,0.0,-0.07125
325,4,0.0,0.0,0.0,0.0,0.0
326,0,0.0,-2.1837722850216523e-05,0.0,0.0,-11.096337237118819
326,1,0.0,0.0,-0.0023346702016431866,0.0,-0.1532381897617503
326,2,0.0,0.0,0.0,0.0,-0.6626472120523289
326,3,0.0,0.0,0.0,0.0,-0.07125
326,4,0.0,0.0,0.0,0.0,0.0
327,0,0.0,-2.1837722850216523e-05,0.0,0.0,-11.117727457400465
327,1,0.0,0.0,-0.0023346702016431866,0.0,-0.1532381897617503
327,2,0.0,0.0,0.0,0.0,-0.6626472120523289
327,3,0.0,0.0,0.0,0.0,-0.07125
327,4,0.0,0.0,0.0,0.0,0.0
328,0,0.0,-2.1837722850216523e-05,0.0,0.0,-11.139056441482444
328,1,0.0,0.0,-0.0023346702016431866,0.0,-0.1532381897617503
328,2,0.0,0.0,0.0,0.0,-0.6626472120523289
328,3,0.0,0.0,0.0,0.0,-0.07125
328,4,0.0,0.0,0.0,0.0,0.0
329,0,0.0,-2.1837722850216523e-05,0.0,0.0,-11.160324398783414
329,1,0.0,0.0,-0.0023346702016431866,0.0,-0.1532381897617503
329,2,0.0,0.0,0.0,0.0,-0.6626472120523289
329,3,0.0,0.0,0.0,0.0,-0.07125
329,4,0.0,0.0,0.0,0.0,0.0
330,0,0.0,-2.1837722850216523e-05,0.0,0.0,-11.181531537934069
330,1,0.0,0.0,-0.0023346702016431866,0.0,-0.1532381897617503
330,2,0.0,0.0,0.0,0.0,-0.6626472120523289
330,3,0.0,0.0,0.0,0.0,-0.07125
330,4,0.0,0.0,0.0,0.0,0.0
331,0,0.0,-2.1837722850216523e-05,0.0,0.0,-11.202678066780305
331,1,0.0,0.0,-0.0023346702016431866,0.0,-0.1532381897617503
331,2,0.0,0.0,0.0,0.0,-0.6626472120523289
331,3,0.0,0.0,0.0,0.0,-0.07125
331,4,0.0,0.0,0.0,0.0,0.0
332,0,0.0,-2.1837722850216523e-05,0.0,0.0,-11.22376419238632
332,1,0.0,0.0,-0.0023346702016431866,0.0,-0.1532381897617503
332,2,0.0,0.0,0.0,0.0,-0.6626472120523289
332,3,0.0,0.0,0.0,0.0,-0.07125
332,4,0.0,0.0,0.0,0.0,0.0
333,0,0.0,-2.1837722850216523e-05,0.0,0.0,-11.244790121037779
333,1,0.0,0.0,-0.0023346702016431866,0.0,-0.1532381897617503
333,2,0.0,0.0,0.0,0.0,-0.6626472120523289
333,3,0.0,0.0,0.0,0.0,-0.07125
333,4,0.0,0.0,0.0,0.0,0.0
334,0,0.0,-2.1837722850216523e-05,0.0,0.0,-11.26575605824487
334,1,0.0,0.0,-0.0023346702016431866,0.0,-0.1532381897617503
334,2,0.0,0.0,0.0,0.0,-0.6626472120523289
334,3,0.0,0.0,0.0,0.0,-0.07125
334,4,0.0,0.0,0.0,0.0,0.0
335,0,0.0,-2.1837722850216523e-05,0.0,0.0,-11.286662208745424
335,1,0.0,0.0,-0.0023346702016431866,0.0,-0.1532381897617503
335,2,0.0,0.0,0.0,0.0,-0.6626472120523289
335,3,0.0,0.0,0.0,0.0,-0.07125
335,4,0.0,0.0,0.0,0.0,0.0
336,0,0.0,-2.1837722850216523e-05,0.0,0.0,-11.307508776507989
336,1,0.0,0.0,-0.0023346702016431866,0.0,-0.1532381897617503
336,2,0.0,0.0,0.0,0.0,-0.6626472120523289
336,3,0.0,0.0,0.0,0.0,-0.07125
336,4,0.0,0.0,0.0,0.0,0.0
337,0,0.0,-2.1837722850216523e-05,0.0,0.0,-11.328295964734897
337,1,0.0,0.0,-0.0023346702016431866,0.0,-0.1532381897617503
337,2,0.0,0.0,0.0,0.0,-0.6626472120523289
337,3,0.0,0.0,0.0,0.0,-0.07125
337,4,0.0,0.0,0.0,0.0,0.0
338,0,0.0,-2.1837722850216523e-05,0.0,0.0,-11.349023975865311
338,1,0.0,0.0,-0.0023346702016431866,0.0,-0.1532381897617503
338,2,0.0,0.0,0.0,0.0,-0.6626472120523289
338,3,0.0,0.0,0.0,0.0,-0.07125
338,4,0.0,0.0,0.0,0.0,0.0
339,0,0.0,-2.1837722850216523e-05,0.0,0.0,-11.36969301157827
339,1,0.0,0.0,-0.0023346702016431866,0.0,-0.1532381897617503
339,2,0.0,0.0,0.0,0.0,-0.6626472120523289
339,3,0.0,0.0,0.0,0.0,-0.07125
339,4,0.0,0.0,0.0,0.0,0.0
340,0,0.0,-2.1837722850216523e-05,0.0,0.0,-11.390303272795729
340,1,0.0,0.0,-0.0023346702016431866,0.0,-0.1532381897617503
340,2,0.0,0.0,0.0,0.0,-0.6626472120523289
340,3,0.0,0.0,0.0,0.0,-0.07125
340,4,0.0,0.0,0.0,0.0,0.0
341,0,0.0,-2.1837722850216523e-05,0.0,0.0,-11.41085495968555
341,1,0.0,0.0,-0.0023346702016431866,0.0,-0.1532381897617503
341,2,0.0,0.0,0.0,0.0,-0.6626472120523289
341,3,0.0,0.0,0.0,0.0,-0.07125
341,4,0.0,0.0,0.0,0.0,0.0
342,0,0.0,-2.1837722850216523e-05,0.0,0.0,-11.431348271664522
342,1,0.0,0.0,-0.0023346702016431866,0.0,-0.1532381897617503
342,2,0.0,0.0,0.0,0.0,-0.6626472120523289
342,3,0.0,0.0,0.0,0.0,-0.07125
342,4,0.0,0.0,0.0,0.0,0.0
343,0,0.0,-2.1837722850216523e-05,0.0,0.0,-11.451783407401349
343,1,0.0,0.0,-0.0023346702016431866,0.0,-0.1532381897617503
343,2,0.0,0.0,0.0,0.0,-0.6626472120523289
343,3,0.0,0.0,0.0,0.0,-0.07125
343,4,0.0,0.0,0.0,0.0,0.0
344,0,0.0,-2.1837722850216523e-05,0.0,0.0,-11.47216056481964
344,1,0.0,0.0,-0.0023346702016431866,0.0,-0.1532381897617503
344,2,0.0,0.0,0.0,0.0,-0.6626472120523289
344,3,0.0,0.0,0.0,0.0,-0.07125
344,4,0.0,0.0,0.0,0.0,0.0
345,0,0.0,-2.1837722850216523e-05,0.0,0.0,-11.492479941100845
345,1,0.0,0.0,-0.0023346702016431866,0.0,-0.1532381897617503
345,2,0.0,0.0,0.0,0.0,-0.6626472120523289
345,3,0.0,0.0,0.0,0.0,-0.07125
345,4,0.0,0.0,0.0,0.0,0.0
346,0,0.0,-2.1837722850216523e-05,0.0,0.0,-11.512741732687246
346,1,0.0,0.0,-0.0023346702016431866,0.0,-0.1532381897617503
346,2,0.0,0.0,0.0,0.0,-0.6626472120523289
346,3,0.0,0.0,0.0,0.0,-0.07125
346,4,0.0,0.0,0.0,0.0,0.0
347,0,0.0,-2.1837722850216523e-05,0.0,0.0,-11.532946135284863
347,1,0.0,0.0,-0.0023346702016431866,0.0,-0.1532381897617503
347,2,0.0,0.0,0.0,0.0,-0.6626472120523289
347,3,0.0,0.0,0.0,0.0,-0.07125
347,4,0.0,0.0,0.0,0.0,0.0
348,0,0.0,-2.1837722850216523e-05,0.0,0.0,-11.553093343866413
348,1,0.0,0.0,-0.0023346702016431866,0.0,-0.1532381897617503
348,2,0.0,0.0,0.0,0.0,-0.6626472120523289
348,3,0.0,0.0,0.0,0.0,-0.07125
348,4,0.0,0.0,0.0,0.0,0.0
349,0,0.0,-2.1837722850216523e-05,0.0,0.0,-11.573183552674209
349,1,0.0,0.0,-0.0023346702016431866,0.0,-0.1532381897617503
349,2,0.0,0.0,0.0,0.0,-0.6626472120523289
349,3,0.0,0.0,0.0,0.0,-0.07125
349,4,0.0,0.0,0.0,0.0,0.0
350,0,0.0,-2.1837722850216523e-05,0.0,0.0,-11.59321695522307
350,1,0.0,0.0,-0.0023346702016431866,0.0,-0.1532381897617503
350,2,0.0,0.0,0.0,0.0,-0.6626472120523289
350,3,0.0,0.0,0.0,0.0,-0.07125
350,4,0.0,0.0,0.0,0.0,0.0
351,0,0.0,-2.1837722850216523e-05,0.0,0.0,-11.61319374430322
351,1,0.0,0.0,-0.0023346702016431866,0.0,-0.1532381897617503
351,2,0.0,0.0,0.0,0.0,-0.6626472120523289
351,3,0.0,0.0,0.0,0.0,-0.07125
351,4,0.0,0.0,0.0,0.0,0.0
352,0,0.0,-2.1837722850216523e-05,0.0,0.0,-11.633114111983163
352,1,0.0,0.0,-0.0023346702016431866,0.0,-0.1532381897617503
352,2,0.0,0.0,0.0,0.0,-0.6626472120523289
352,3,0.0,0.0,0.0,0.0,-0.07125
352,4,0.0,0.0,0.0,0.0,0.0
353,0,0.0,-2.1837722850216523e-05,0.0,0.0,-11.652978249612547
353,1,0.0,0.0,-0.0023346702016431866,0.0,-0.1532381897617503
353,2,0.0,0.0,0.0,0.0,-0.6626472120523289
353,3,0.0,0.0,0.0,0.0,-0.07125
353,4,0.0,0.0,0.0,0.0,0.0
354,0,0.0,-2.1837722850216523e-05,0.0,0.0,-11.672786347825037
354,1,0.0,0.0,-0.0023346702016431866,0.0,-0.1532381897617503
354,2,0.0,0.0,0.0,0.0,-0.6626472120523289
354,3,0.0,0.0,0.0,0.0,-0.07125
354,4,0.0,0.0,0.0,0.0,0.0
355,0,0.0,-2.1837722850216523e-05,0.0,0.0,-11.692538596541146
355,1,0.0,0.0,-0.0023346702016431866,0.0,-0.1532381897617503
355,2,0.0,0.0,0.0,0.0,-0.6626472120523289
355,3,0.0,0.0,0.0,0.0,-0.07125
355,4,0.0,0.0,0.0,0.0,0.0
356,0,0.0,-2.1837722850216523e-05,0.0,0.0,-11.712235184971084
356,1,0.0,0.0,-0.0023346702016431866,0.0,-0.1532381897617503
356,2,0.0,0.0,0.0,0.0,-0.6626472120523289
356,3,0.0,0.0,0.0,0.0,-0.07125
356,4,0.0,0.0,0.0,0.0,0.0
357,0,0.0,-2.1837722850216523e-05,0.0,0.0,-11.731876301617552
357,1,0.0,0.0,-0.0023346702016431866,0.0,-0.1532381897617503
357,2,0.0,0.0,0.0,0.0,-0.6626472120523289
357,3,0.0,0.0,0.0,0.0,-0.07125
357,4,0.0,0.0,0.0,0.0,0.0
358,0,0.0,-2.1837722850216523e-05,0.0,0.0,-11.751462134278592
358,1,0.0,0.0,-0.0023346702016431866,0.0,-0.1532381897617503
358,2,0.0,0.0,0.0,0.0,-0.6626472120523289
358,3,0.0,0.0,0.0,0.0,-0.07125
358,4,0.0,0.0,0.0,0.0,0.0
359,0,0.0,-2.1837722850216523e-05,0.0,0.0,-11.77099287005035
359,1,0.0,0.0,-0.0023346702016431866,0.0,-0.1532381897617503
359,2,0.0,0.0,0.0,0.0,-0.6626472120523289
359,3,0.0,0.0,0.0,0.0,-0.07125
359,4,0.0,0.0,0.0,0.0,0.0
360,0,0.0,-2.1837722850216523e-05,0.0,0.0,-11.790468695329887
360,1,0.0,0.0,-0.0023346702016431866,0.0,-0.1532381897617503
360,2,0.0,0.0,0.0,0.0,-0.6626472120523289
360,3,0.0,0.0,0.0,0.0,-0.07125
360,4,0.0,0.0,0.0,0.0,0.0
361,0,0.0,-2.1837722850216523e-05,0.0,0.0,-11.809889795817938
361,1,0.0,0.0,-0.0023346702016431866,0.0,-0.1532381897617503
361,2,0.0,0.0,0.0,0.0,-0.6626472120523289
361,3,0.0,0.0,0.0,0.0,-0.07125
361,4,0.0,0.0,0.0,0.0,0.0
362,0,0.0,-2.1837722850216523e-05,0.0,0.0,-11.829256356521691
362,1,0.0,0.0,-0.0023346702016431866,0.0,-0.1532381897617503
362,2,0.0,0.0,0.0,0.0,-0.6626472120523289
362,3,0.0,0.0,0.0,0.0,-0.07125
362,4,0.0,0.0,0.0,0.0,0.0
363,0,0.0,-2.1837722850216523e-05,0.0,0.0,-11.848568561757528
363,1,0.0,0.0,-0.0023346702016431866,0.0,-0.1532381897617503
363,2,0.0,0.0,0.0,0.0,-0.6626472120523289
363,3,0.0,0.0,0.0,0.0,-0.07125
363,4,0.0,0.0,0.0,0.0,0.0
364,0,0.0,-2.1837722850216523e-05,0.0,0.0,-11.867826595153772
364,1,0.0,0.0,-0.0023346702016431866,0.0,-0.1532381897617503
364,2,0.0,0.0,0.0,0.0,-0.6626472120523289
364,3,0.0,0.0,0.0,0.0,-0.07125
364,4,0.0,0.0,0.0,0.0,0.0
365,0,0.0,-2.1837722850216523e-05,0.0,0.0,-11.887030639653421
365,1,0.0,0.0,-0.0023346702016431866,0.0,-0.1532381897617503
365,2,0.0,0.0,0.0,0.0,-0.6626472120523289
365,3,0.0,0.0,0.0,0.0,-0.07125
365,4,0.0,0.0,0.0,0.0,0.0
366,0,0.0,-2.1837722850216523e-05,0.0,0.0,-11.90618087751685
366,1,0.0,0.0,-0.0023346702016431866,0.0,-0.1532381897617503
366,2,0.0,0.0,0.0,0.0,-0.6626472120523289
366,3,0.0,0.0,0.0,0.0,-0.07125
366,4,0.0,0.0,0.0,0.0,0.0
367,0,0.0,-2.1837722850216523e-05,0.0,0.0,-11.92527749032455
367,1,0.0,0.0,-0.0023346702016431866,0.0,-0.1532381897617503
367,2,0.0,0.0,0.0,0.0,-0.6626472120523289
367,3,0.0,0.0,0.0,0.0,-0.07125
367,4,0.0,0.0,0.0,0.0,0.0
368,0,0.0,-2.1837722850216523e-05,0.0,0.0,-11.944320658979784
368,1,0.0,0.0,-0.0023346702016431866,0.0,-0.1532381897617503
368,2,0.0,0.0,0.0,0.0,-0.6626472120523289
368,3,0.0,0.0,0.0,0.0,-0.07125
368,4,0.0,0.0,0.0,0.0,0.0
369,0,0.0,-2.1837722850216523e-05,0.0,0.0,-11.963310563711309
369,1,0.0,0.0,-0.0023346702016431866,0.0,-0.1532381897617503
369,2,0.0,0.0,0.0,0.0,-0.6626472120523289
369,3,0.0,0.0,0.0,0.0,-0.07125
369,4,0.0,0.0,0.0,0.0,0.0
370,0,0.0,-2.1837722850216523e-05,0.0,0.0,-11.982247384076015
370,1,0.0,0.0,-0.0023346702016431866,0.0,-0.1532381897617503
370,2,0.0,0.0,0.0,0.0,-0.6626472120523289
370,3,0.0,0.0,0.0,0.0,-0.07125
370,4,0.0,0.0,0.0,0.0,0.0
371,0,0.0,-2.1837722850216523e-05,0.0,0.0,-12.00113129896164
371,1,0.0,0.0,-0.0023346702016431866,0.0,-0.1532381897617503
371,2,0.0,0.0,0.0,0.0,-0.6626472120523289
371,3,0.0,0.0,0.0,0.0,-0.07125
371,4,0.0,0.0,0.0,0.0,0.0
372,0,0.0,-2.1837722850216523e-05,0.0,0.0,-12.019962486589353
372,1,0.0,0.0,-0.0023346702016431866,0.0,-0.1532381897617503
372,2,0.0,0.0,0.0,0.0,-0.6626472120523289
372,3,0.0,0.0,0.0,0.0,-0.07125
372,4,0.0,0.0,0.0,0.0,0.0
373,0,0.0,-2.1837722850216523e-05,0.0,0.0,-12.038741124516458
373,1,0.0,0.0,-0.0023346702016431866,0.0,-0.1532381897617503
373,2,0.0,0.0,0.0,0.0,-0.6626472120523289
373,3,0.0,0.0,0.0,0.0,-0.07125
373,4,0.0,0.0,0.0,0.0,0.0
374,0,0.0,-2.1837722850216523e-05,0.0,0.0,-12.05746738963898
374,1,0.0,0.0,-0.0023346702016431866,0.0,-0.1532381897617503
374,2,0.0,0.0,0.0,0.0,-0.6626472120523289
374,3,0.0,0.0,0.0,0.0,-0.07125
374,4,0.0,0.0,0.0,0.0,0.0
375,0,0.0,-2.1837722850216523e-05,0.0,0.0,-12.076141458194323
375,1,0.0,0.0,-0.0023346702016431866,0.0,-0.1532381897617503
375,2,0.0,0.0,0.0,0.0,-0.6626472120523289
375,3,0.0,0.0,0.0,0.0,-0.07125
375,4,0.0,0.0,0.0,0.0,0.0
376,0,0.0,-2.1837722850216523e-05,0.0,0.0,-12.094763505763833
376,1,0.0,0.0,-0.0023346702016431866,0.0,-0.1532381897617503
376,2,0.0,0.0,0.0,0.0,-0.6626472120523289
376,3,0.0,0.0,0.0,0.0,-0.07125
376,4,0.0,0.0,0.0,0.0,0.0
377,0,0.0,-2.1837722850216523e-05,0.0,0.0,-12.113333707275437
377,1,0.0,0.0,-0.0023346702016431866,0.0,-0.1532381897617503
377,2,0.0,0.0,0.0,0.0,-0.6626472120523289
377,3,0.0,0.0,0.0,0.0,-0.07125
377,4,0.0,0.0,0.0,0.0,0.0
378,0,0.0,-2.1837722850216523e-05,0.0,0.0,-12.131852237006212
378,1,0.0,0.0,-0.0023346702016431866,0.0,-0.1532381897617503
378,2,0.0,0.0,0.0,0.0,-0.6626472120523289
378,3,0.0,0.0,0.0,0.0,-0.07125
378,4,0.0,0.0,0.0,0.0,0.0
379,0,0.0,-2.1837722850216523e-05,0.0,0.0,-12.150319268584958
379,1,0.0,0.0,-0.0023346702016431866,0.0,-0.1532381897617503
379,2,0.0,0.0,0.0,0.0,-0.6626472120523289
379,3,0.0,0.0,0.0,0.0,-0.07125
379,4,0.0,0.0,0.0,0.0,0.0
380,0,0.0,-2.1837722850216523e-05,0.0,0.0,-12.168734974994772
380,1,0.0,0.0,-0.0023346702016431866,0.0,-0.1532381897617503
380,2,0.0,0.0,0.0,0.0,-0.6626472120523289
380,3,0.0,0.0,0.0,0.0,-0.07125
380,4,0.0,0.0,0.0,0.0,0.0
381,0,0.0,-2.1837722850216523e-05,0.0,0.0,-12.187099528575605
381,1,0.0,0.0,-0.0023346702016431866,0.0,-0.1532381897617503
381,2,0.0,0.0,0.0,0.0,-0.6626472120523289
381,3,0.0,0.0,0.0,0.0,-0.07125
381,4,0.0,0.0,0.0,0.0,0.0
382,0,0.0,-2.1837722850216523e-05,0.0,0.0,-12.205413101026787
382,1,0.0,0.0,-0.0023346702016431866,0.0,-0.1532381897617503
382,2,0.0,0.0,0.0,0.0,-0.6626472120523289
382,3,0.0,0.0,0.0,0.0,-0.07125
382,4,0.0,0.0,0.0,0.0,0.0
383,0,0.0,-2.1837722850216523e-05,0.0,0.0,-12.22367586340959
383,1,0.0,0.0,-0.0023346702016431866,0.0,-0.1532381897617503
383,2,0.0,0.0,0.0,0.0,-0.6626472120523289
383,3,0.0,0.0,0.0,0.0,-0.07125
383,4,0.0,0.0,0.0,0.0,0.0
384,0,0.0,-2.1837722850216523e-05,0.0,0.0,-12.241887986149735
384,1,0.0,0.0,-0.0023346702016431866,0.0,-0.1532381897617503
384,2,0.0,0.0,0.0,0.0,-0.6626472120523289
384,3,0.0,0.0,0.0,0.0,-0.07125
384,4,0.0,0.0,0.0,0.0,0.0
385,0,0.0,-2.1837722850216523e-05,0.0,0.0,-12.260049639039902
385,1,0.0,0.0,-0.0023346702016431866,0.0,-0.1532381897617503
385,2,0.0,0.0,0.0,0.0,-0.6626472120523289
385,3,0.0,0.0,0.0,0.0,-0.07125
385,4,0.0,0.0,0.0,0.0,0.0
386,0,0.0,-2.1837722850216523e-05,0.0,0.0,-12.278160991242247
386,1,0.0,0.0,-0.0023346702016431866,0.0,-0.1532381897617503
386,2,0.0,0.0,0.0,0.0,-0.6626472120523289
386,3,0.0,0.0,0.0,0.0,-0.07125
386,4,0.0,0.0,0.0,0.0,0.0
387,0,0.0,-2.1837722850216523e-05,0.0,0.0,-12.296222211290878
387,1,0.0,0.0,-0.0023346702016431866,0.0,-0.1532381897617503
387,2,0.0,0.0,0.0,0.0,-0.6626472120523289
387,3,0.0,0.0,0.0,0.0,-0.07125
387,4,0.0,0.0,0.0,0.0,0.0
388,0,0.0,-2.1837722850216523e-05,0.0,0.0,-12.314233467094354
388,1,0.0,0.0,-0.0023346702016431866,0.0,-0.1532381897617503
388,2,0.0,0.0,0.0,0.0,-0.6626472120523289
388,3,0.0,0.0,0.0,0.0,-0.07125
388,4,0.0,0.0,0.0,0.0,0.0
389,0,0.0,-2.1837722850216523e-05,0.0,0.0,-12.332194925938143
389,1,0.0,0.0,-0.0023346702016431866,0.0,-0.1532381897617503
389,2,0.0,0.0,0.0,0.0,-0.6626472120523289
389,3,0.0,0.0,0.0,0.0,-0.07125
389,4,0.0,0.0,0.0,0.0,0.0
390,0,0.0,-2.1837722850216523e-05,0.0,0.0,-12.350106754487095
390,1,0.0,0.0,-0.0023346702016431866,0.0,-0.1532381897617503
390,2,0.0,0.0,0.0,0.0,-0.6626472120523289
390,3,0.0,0.0,0.0,0.0,-0.07125
390,4,0.0,0.0,0.0,0.0,0.0
391,0,0.0,-2.1837722850216523e-05,0.0,0.0,-12.367969118787876
391,1,0.0,0.0,-0.0023346702016431866,0.0,-0.1532381897617503
391,2,0.0,0.0,0.0,0.0,-0.6626472120523289
391,3,0.0,0.0,0.0,0.0,-0.07125
391,4,0.0,0.0,0.0,0.0,0.0
392,0,0.0,-2.1837722850216523e-05,0.0,0.0,-12.385782184271447
392,1,0.0,0.0,-0.0023346702016431866,0.0,-0.1532381897617503
392,2,0.0,0.0,0.0,0.0,-0.6626472120523289
392,3,0.0,0.0,0.0,0.0,-0.07125
392,4,0.0,0.0,0.0,0.0,0.0
393,0,0.0,-2.1837722850216523e-05,0.0,0.0,-12.40354611575544
393,1,0.0,0.0,-0.0023346702016431866,0.0,-0.1532381897617503
393,2,0.0,0.0,0.0,0.0,-0.6626472120523289
393,3,0.0,0.0,0.0,0.0,-0.07125
393,4,0.0,0.0,0.0,0.0,0.0
394,0,0.0,-2.1837722850216523e-05,0.0,0.0,-12.421261077446644
394,1,0.0,0.0,-0.0023346702016431866,0.0,-0.1532381897617503
394,2,0.0,0.0,0.0,0.0,-0.6626472120523289
394,3,0.0,0.0,0.0,0.0,-0.07125
394,4,0.0,0.0,0.0,0.0,0.0
395,0,0.0,-2.1837722850216523e-05,0.0,0.0,-12.438927232943353
395,1,0.0,0.0,-0.0023346702016431866,0.0,-0.1532381897617503
395,2,0.0,0.0,0.0,0.0,-0.6626472120523289
395,3,0.0,0.0,0.0,0.0,-0.07125
395,4,0.0,0.0,0.0,0.0,0.0
396,0,0.0,-2.1837722850216523e-05,0.0,0.0,-12.456544745237817
396,1,0.0,0.0,-0.0023346702016431866,0.0,-0.1532381897617503
396,2,0.0,0.0,0.0,0.0,-0.6626472120523289
396,3,0.0,0.0,0.0,0.0,-0.07125
396,4,0.0,0.0,0.0,0.0,0.0
397,0,0.0,-2.1837722850216523e-05,0.0,0.0,-12.474113776718605
397,1,0.0,0.0,-0.0023346702016431866,0.0,-0.1532381897617503
397,2,0.0,0.0,0.0,0.0,-0.6626472120523289
397,3,0.0,0.0,0.0,0.0,-0.07125
397,4,0.0,0.0,0.0,0.0,0.0
398,0,0.0,-2.1837722850216523e-05,0.0,0.0,-12.491634489173007
398,1,0.0,0.0,-0.0023346702016431866,0.0,-0.1532381897617503
398,2,0.0,0.0,0.0,0.0,-0.6626472120523289
398,3,0.0,0.0,0.0,0.0,-0.07125
398,4,0.0,0.0,0.0,0.0,0.0
399,0,0.0,-2.1837722850216523e-05,0.0,0.0,-12.509107043789385
399,1,0.0,0.0,-0.0023346702016431866,0.0,-0.1532381897617503
399,2,0.0,0.0,0.0,0.0,-0.6626472120523289
399,3,0.0,0.0,0.0,0.0,-0.07125
399,4,0.0,0.0,0.0,0.0,0.0
400,0,0.0,-2.1837722850216523e-05,0.0,0.0,-12.52653160115955
400,1,0.0,0.0,-0.0023346702016431866,0.0,-0.1532381897617503
400,2,0.0,0.0,0.0,0.0,-0.6626472120523289
400,3,0.0,0.0,0.0,0.0,-0.07125
400,4,0.0,0.0,0.0,0.0,0.0
401,0,0.0,-2.1837722850216523e-05,0.0,0.0,-12.543908321281116
401,1,0.0,0.0,-0.0023346702016431866,0.0,-0.1532381897617503
401,2,0.0,0.0,0.0,0.0,-0.6626472120523289
401,3,0.0,0.0,0.0,0.0,-0.07125
401,4,0.0,0.0,0.0,0.0,0.0
402,0,0.0,-2.1837722850216523e-05,0.0,0.0,-12.561237363559835
402,1,0.0,0.0,-0.0023346702016431866,0.0,-0.1532381897617503
402,2,0.0,0.0,0.0,0.0,-0.6626472120523289
402,3,0.0,0.0,0.0,0.0,-0.07125
402,4,0.0,0.0,0.0,0.0,0.0
403,0,0.0,-2.1837722850216523e-05,0.0,0.0,-12.578518886811926
403,1,0.0,0.0,-0.0023346702016431866,0.0,-0.1532381897617503
403,2,0.0,0.0,0.0,0.0,-0.6626472120523289
403,3,0.0,0.0,0.0,0.0,-0.07125
403,4,0.0,0.0,0.0,0.0,0.0
404,0,0.0,-2.1837722850216523e-05,0.0,0.0,-12.595753049266426
404,1,0.0,0.0,-0.0023346702016431866,0.0,-0.1532381897617503
404,2,0.0,0.0,0.0,0.0,-0.6626472120523289
404,3,0.0,0.0,0.0,0.0,-0.07125
404,4,0.0,0.0,0.0,0.0,0.0
405,0,0.0,-2.1837722850216523e-05,0.0,0.0,-12.612940008567461
405,1,0.0,0.0,-0.0023346702016431866,0.0,-0.1532381897617503
405,2,0.0,0.0,0.0,0.0,-0.6626472120523289
405,3,0.0,0.0,0.0,0.0,-0.07125
405,4,0.0,0.0,0.0,0.0,0.0
406,0,0.0,-2.1837722850216523e-05,0.0,0.0,-12.630079921776586
406,1,0.0,0.0,-0.0023346702016431866,0.0,-0.1532381897617503
406,2,0.0,0.0,0.0,0.0,-0.6626472120523289
406,3,0.0,0.0,0.0,0.0,-0.07125
406,4,0.0,0.0,0.0,0.0,0.0
407,0,0.0,-2.1837722850216523e-05,0.0,0.0,-12.647172945375077
407,1,0.0,0.0,-0.0023346702016431866,0.0,-0.1532381897617503
407,2,0.0,0.0,0.0,0.0,-0.6626472120523289
407,3,0.0,0.0,0.0,0.0,-0.07125
407,4,0.0,0.0,0.0,0.0,0.0
408,0,0.0,-2.1837722850216523e-05,0.0,0.0,-12.664219235266188
408,1,0.0,0.0,-0.0023346702016431866,0.0,-0.1532381897617503
408,2,0.0,0.0,0.0,0.0,-0.6626472120523289
408,3,0.0,0.0,0.0,0.0,-0.07125
408,4,0.0,0.0,0.0,0.0,0.0
409,0,0.0,-2.1837722850216523e-05,0.0,0.0,-12.681218946777465
409,1,0.0,0.0,-0.0023346702016431866,0.0,-0.1532381897617503
409,2,0.0,0.0,0.0,0.0,-0.6626472120523289
409,3,0.0,0.0,0.0,0.0,-0.07125
409,4,0.0,0.0,0.0,0.0,0.0
410,0,0.0,-2.1837722850216523e-05,0.0,0.0,-12.698172234662987
410,1,0.0,0.0,-0.0023346702016431866,0.0,-0.1532381897617503
410,2,0.0,0.0,0.0,0.0,-0.6626472120523289
410,3,0.0,0.0,0.0,0.0,-0.07125
410,4,0.0,0.0,0.0,0.0,0.0
411,0,0.0,-2.1837722850216523e-05,0.0,0.0,-12.715079253105634
411,1,0.0,0.0,-0.0023346702016431866,0.0,-0.1532381897617503
411,2,0.0,0.0,0.0,0.0,-0.6626472120523289
411,3,0.0,0.0,0.0,0.0,-0.07125
411,4,0.0,0.0,0.0,0.0,0.0
412,0,0.0,-2.1837722850216523e-05,0.0,0.0,-12.731940155719338
412,1,0.0,0.0,-0.0023346702016431866,0.0,-0.1532381897617503
412,2,0.0,0.0,0.0,0.0,-0.6626472120523289
412,3,0.0,0.0,0.0,0.0,-0.07125
412,4,0.0,0.0,0.0,0.0,0.0
413,0,0.0,-2.1837722850216523e-05,0.0,0.0,-12.748755095551314
413,1,0.0,0.0,-0.0023346702016431866,0.0,-0.1532381897617503
413,2,0.0,0.0,0.0,0.0,-0.6626472120523289
413,3,0.0,0.0,0.0,0.0,-0.07125
413,4,0.0,0.0,0.0,0.0,0.0
414,0,0.0,-2.1837722850216523e-05,0.0,0.0,-12.765524225084286
414,1,0.0,0.0,-0.0023346702016431866,0.0,-0.1532381897617503
414,2,0.0,0.0,0.0,0.0,-0.6626472120523289
414,3,0.0,0.0,0.0,0.0,-0.07125
414,4,0.0,0.0,0.0,0.0,0.0
415,0,0.0,-2.1837722850216523e-05,0.0,0.0,-12.78224769623874
415,1,0.0,0.0,-0.0023346702016431866,0.0,-0.1532381897617503
415,2,0.0,0.0,0.0,0.0,-0.6626472120523289
415,3,0.0,0.0,0.0,0.0,-0.07125
415,4,0.0,0.0,0.0,0.0,0.0
416,0,0.0,-2.1837722850216523e-05,0.0,0.0,-12.798925660375085
416,1,0.0,0.0,-0.0023346702016431866,0.0,-0.1532381897617503
416,2,0.0,0.0,0.0,0.0,-0.6626472120523289
416,3,0.0,0.0,0.0,0.0,-0.07125
416,4,0.0,0.0,0.0,0.0,0.0
417,0,0.0,-2.1837722850216523e-05,0.0,0.0,-12.815558268295895
417,1,0.0,0.0,-0.0023346702016431866,0.0,-0.1532381897617503
417,2,0.0,0.0,0.0,0.0,-0.6626472120523289
417,3,0.0,0.0,0.0,0.0,-0.07125
417,4,0.0,0.0,0.0,0.0,0.0
418,0,0.0,-2.1837722850216523e-05,0.0,0.0,-12.832145670248094
418,1,0.0,0.0,-0.0023346702016431866,0.0,-0.1532381897617503
418,2,0.0,0.0,0.0,0.0,-0.6626472120523289
418,3,0.0,0.0,0.0,0.0,-0.07125
418,4,0.0,0.0,0.0,0.0,0.0
419,0,0.0,-2.1837722850216523e-05,0.0,0.0,-12.848688015925125
419,1,0.0,0.0,-0.0023346702016431866,0.0,-0.1532381897617503
419,2,0.0,0.0,0.0,0.0,-0.6626472120523289
419,3,0.0,0.0,0.0,0.0,-0.07125
419,4,0.0,0.0,0.0,0.0,0.0
420,0,0.0,-2.1837722850216523e-05,0.0,0.0,-12.865185454469147
420,1,0.0,0.0,-0.0023346702016431866,0.0,-0.1532381897617503
420,2,0.0,0.0,0.0,0.0,-0.6626472120523289
420,3,0.0,0.0,0.0,0.0,-0.07125
420,4,0.0,0.0,0.0,0.0,0.0
421,0,0.0,-2.1837722850216523e-05,0.0,0.0,-12.881638134473187
421,1,0.0,0.0,-0.0023346702016431866,0.0,-0.1532381897617503
421,2,0.0,0.0,0.0,0.0,-0.6626472120523289
421,3,0.0,0.0,0.0,0.0,-0.07125
421,4,0.0,0.0,0.0,0.0,0.0
422,0,0.0,-2.1837722850216523e-05,0.0,0.0,-12.898046203983302
422,1,0.0,0.0,-0.0023346702016431866,0.0,-0.1532381897617503
422,2,0.0,0.0,0.0,0.0,-0.6626472120523289
422,3,0.0,0.0,0.0,0.0,-0.07125
422,4,0.0,0.0,0.0,0.0,0.0
423,0,0.0,-2.1837722850216523e-05,0.0,0.0,-12.91440981050073
423,1,0.0,0.0,-0.0023346702016431866,0.0,-0.1532381897617503
423,2,0.0,0.0,0.0,0.0,-0.6626472120523289
423,3,0.0,0.0,0.0,0.0,-0.07125
423,4,0.0,0.0,0.0,0.0,0.0
424,0,0.0,-2.1837722850216523e-05,0.0,0.0,-12.930729100984035
424,1,0.0,0.0,-0.0023346702016431866,0.0,-0.1532381897617503
424,2,0.0,0.0,0.0,0.0,-0.6626472120523289
424,3,0.0,0.0,0.0,0.0,-0.07125
424,4,0.0,0.0,0.0,0.0,0.0
425,0,0.0,-2.1837722850216523e-05,0.0,0.0,-12.947004221851216
425,1,0.0,0.0,-0.0023346702016431866,0.0,-0.1532381897617503
425,2,0.0,0.0,0.0,0.0,-0.6626472120523289
425,3,0.0,0.0,0.0,0.0,-0.07125
425,4,0.0,0.0,0.0,0.0,0.0
426,0,0.0,-2.1837722850216523e-05,0.0,0.0,-12.963235318981866
426,1,0.0,0.0,-0.0023346702016431866,0.0,-0.1532381897617503
426,2,0.0,0.0,0.0,0.0,-0.6626472120523289
426,3,0.0,0.0,0.0,0.0,-0.07125
426,4,0.0,0.0,0.0,0.0,0.0
427,0,0.0,-2.1837722850216523e-05,0.0,0.0,-12.979422537719252
427,1,0.0,0.0,-0.0023346702016431866,0.0,-0.1532381897617503
427,2,0.0,0.0,0.0,0.0,-0.6626472120523289
427,3,0.0,0.0,0.0,0.0,-0.07125
427,4,0.0,0.0,0.0,0.0,0.0
428,0,0.0,-2.1837722850216523e-05,0.0,0.0,-12.99556602287243
428,1,0.0,0.0,-0.0023346702016431866,0.0,-0.1532381897617503
428,2,0.0,0.0,0.0,0.0,-0.6626472120523289
428,3,0.0,0.0,0.0,0.0,-0.07125
428,4,0.0,0.0,0.0,0.0,0.0
429,0,0.0,-2.1837722850216523e-05,0.0,0.0,-13.011665918718364
429,1,0.0,0.0,-0.0023346702016431866,0.0,-0.1532381897617503
429,2,0.0,0.0,0.0,0.0,-0.6626472120523289
429,3,0.0,0.0,0.0,0.0,-0.07125
429,4,0.0,0.0,0.0,0.0,0.0
430,0,0.0,-2.1837722850216523e-05,0.0,0.0,-13.027722369003977
430,1,0.0,0.0,-0.0023346702016431866,0.0,-0.1532381897617503
430,2,0.0,0.0,0.0,0.0,-0.6626472120523289
430,3,0.0,0.0,0.0,0.0,-0.07125
430,4,0.0,0.0,0.0,0.0,0.0
431,0,0.0,-2.1837722850216523e-05,0.0,0.0,-13.043735516948264
431,1,0.0,0.0,-0.0023346702016431866,0.0,-0.1532381897617503
431,2,0.0,0.0,0.0,0.0,-0.6626472120523289
431,3,0.0,0.0,0.0,0.0,-0.07125
431,4,0.0,0.0,0.0,0.0,0.0
432,0,0.0,-2.1837722850216523e-05,0.0,0.0,-13.059705505244322
432,1,0.0,0.0,-0.0023346702016431866,0.0,-0.1532381897617503
432,2,0.0,0.0,0.0,0.0,-0.6626472120523289
432,3,0.0,0.0,0.0,0.0,-0.07125
432,4,0.0,0.0,0.0,0.0,0.0
433,0,0.0,-2.1837722850216523e-05,0.0,0.0,-13.075632476061472
433,1,0.0,0.0,-0.0023346702016431866,0.0,-0.1532381897617503
433,2,0.0,0.0,0.0,0.0,-0.6626472120523289
433,3,0.0,0.0,0.0,0.0,-0.07125
433,4,0.0,0.0,0.0,0.0,0.0
434,0,0.0,-2.1837722850216523e-05,0.0,0.0,-13.091516571047256
434,1,0.0,0.0,-0.0023346702016431866,0.0,-0.1532381897617503
434,2,0.0,0.0,0.0,0.0,-0.6626472120523289
434,3,0.0,0.0,0.0,0.0,-0.07125
434,4,0.0,0.0,0.0,0.0,0.0
435,0,0.0,-2.1837722850216523e-05,0.0,0.0,-13.10735793132952
435,1,0.0,0.0,-0.0023346702016431866,0.0,-0.1532381897617503
435,2,0.0,0.0,0.0,0.0,-0.6626472120523289
435,3,0.0,0.0,0.0,0.0,-0.07125
435,4,0.0,0.0,0.0,0.0,0.0
436,0,0.0,-2.1837722850216523e-05,0.0,0.0,-13.123156697518423
436,1,0.0,0.0,-0.0023346702016431866,0.0,-0.1532381897617503
436,2,0.0,0.0,0.0,0.0,-0.6626472120523289
436,3,0.0,0.0,0.0,0.0,-0.07125
436,4,0.0,0.0,0.0,0.0,0.0
437,0,0.0,-2.1837722850216523e-05,0.0,0.0,-13.138913009708494
437,1,0.0,0.0,-0.0023346702016431866,0.0,-0.1532381897617503
437,2,0.0,0.0,0.0,0.0,-0.6626472120523289
437,3,0.0,0.0,0.0,0.0,-0.07125
437,4,0.0,0.0,0.0,0.0,0.0
438,0,0.0,-2.1837722850216523e-05,0.0,0.0,-13.154627007480622
438,1,0.0,0.0,-0.0023346702016431866,0.0,-0.1532381897617503
438,2,0.0,0.0,0.0,0.0,-0.6626472120523289
438,3,0.0,0.0,0.0,0.0,-0.07125
438,4,0.0,0.0,0.0,0.0,0.0
439,0,0.0,-2.1837722850216523e-05,0.0,0.0,-13.1702988299041
439,1,0.0,0.0,-0.0023346702016431866,0.0,-0.1532381897617503
439,2,0.0,0.0,0.0,0.0,-0.6626472120523289
439,3,0.0,0.0,0.0,0.0,-0.07125
439,4,0.0,0.0,0.0,0.0,0.0
440,0,0.0,-2.1837722850216523e-05,0.0,0.0,-13.185928615538613
440,1,0.0,0.0,-0.0023346702016431866,0.0,-0.1532381897617503
440,2,0.0,0.0,0.0,0.0,-0.6626472120523289
440,3,0.0,0.0,0.0,0.0,-0.07125
440,4,0.0,0.0,0.0,0.0,0.0
441,0,0.0,-2.1837722850216523e-05,0.0,0.0,-13.201516502436215
441,1,0.0,0.0,-0.0023346702016431866,0.0,-0.1532381897617503
441,2,0.0,0.0,0.0,0.0,-0.6626472120523289
441,3,0.0,0.0,0.0,0.0,-0.07125
441,4,0.0,0.0,0.0,0.0,0.0
442,0,0.0,-2.1837722850216523e-05,0.0,0.0,-13.217062628143362
442,1,0.0,0.0,-0.0023346702016431866,0.0,-0.1532381897617503
442,2,0.0,0.0,0.0,0.0,-0.6626472120523289
442,3,0.0,0.0,0.0,0.0,-0.07125
442,4,0.0,0.0,0.0,0.0,0.0
443,0,0.0,-2.1837722850216523e-05,0.0,0.0,-13.232567129702856
443,1,0.0,0.0,-0.0023346702016431866,0.0,-0.1532381897617503
443,2,0.0,0.0,0.0,0.0,-0.6626472120523289
443,3,0.0,0.0,0.0,0.0,-0.07125
443,4,0.0,0.0,0.0,0.0,0.0
444,0,0.0,-2.1837722850216523e-05,0.0,0.0,-13.24803014365581
444,1,0.0,0.0,-0.0023346702016431866,0.0,-0.1532381897617503
444,2,0.0,0.0,0.0,0.0,-0.6626472120523289
444,3,0.0,0.0,0.0,0.0,-0.07125
444,4,0.0,0.0,0.0,0.0,0.0
445,0,0.0,-2.1837722850216523e-05,0.0,0.0,-13.263451806043662
445,1,0.0,0.0,-0.0023346702016431866,0.0,-0.1532381897617503
445,2,0.0,0.0,0.0,0.0,-0.6626472120523289
445,3,0.0,0.0,0.0,0.0,-0.07125
445,4,0.0,0.0,0.0,0.0,0.0
446,0,0.0,-2.1837722850216523e-05,0.0,0.0,-13.278832252410057
446,1,0.0,0.0,-0.0023346702016431866,0.0,-0.1532381897617503
446,2,0.0,0.0,0.0,0.0,-0.6626472120523289
446,3,0.0,0.0,0.0,0.0,-0.07125
446,4,0.0,0.0,0.0,0.0,0.0
447,0,0.0,-2.1837722850216523e-05,0.0,0.0,-13.29417161780286
447,1,0.0,0.0,-0.0023346702016431866,0.0,-0.1532381897617503
447,2,0.0,0.0,0.0,0.0,-0.6626472120523289
447,3,0.0,0.0,0.0,0.0,-0.07125
447,4,0.0,0.0,0.0,0.0,0.0
448,0,0.0,-2.1837722850216523e-05,0.0,0.0,-13.309470036776062
448,1,0.0,0.0,-0.0023346702016431866,0.0,-0.1532381897617503
448,2,0.0,0.0,0.0,0.0,-0.6626472120523289
448,3,0.0,0.0,0.0,0.0,-0.07125
448,4,0.0,0.0,0.0,0.0,0.0
449,0,0.0,-2.1837722850216523e-05,0.0,0.0,-13.32472764339171
449,1,0.0,0.0,-0.0023346702016431866,0.0,-0.1532381897617503
449,2,0.0,0.0,0.0,0.0,-0.6626472120523289
449,3,0.0,0.0,0.0,0.0,-0.07125
449,4,0.0,0.0,0.0,0.0,0.0
450,0,0.0,-2.1837722850216523e-05,0.0,0.0,-13.33994457122185
450,1,0.0,0.0,-0.0023346702016431866,0.0,-0.1532381897617503
450,2,0.0,0.0,0.0,0.0,-0.6626472120523289
450,3,0.0,0.0,0.0,0.0,-0.07125
450,4,0.0,0.0,0.0,0.0,0.0
451,0,0.0,-2.1837722850216523e-05,0.0,0.0,-13.355120953350424
451,1,0.0,0.0,-0.0023346702016431866,0.0,-0.1532381897617503
451,2,0.0,0.0,0.0,0.0,-0.6626472120523289
451,3,0.0,0.0,0.0,0.0,-0.07125
451,4,0.0,0.0,0.0,0.0,0.0
452,0,0.0,-2.1837722850216523e-05,0.0,0.0,-13.37025692237518
452,1,0.0,0.0,-0.0023346702016431866,0.0,-0.1532381897617503
452,2,0.0,0.0,0.0,0.0,-0.6626472120523289
452,3,0.0,0.0,0.0,0.0,-0.07125
452,4,0.0,0.0,0.0,0.0,0.0
453,0,0.0,-2.1837722850216523e-05,0.0,0.0,-13.385352610409592
453,1,0.0,0.0,-0.0023346702016431866,0.0,-0.1532381897617503
453,2,0.0,0.0,0.0,0.0,-0.6626472120523289
453,3,0.0,0.0,0.0,0.0,-0.07125
453,4,0.0,0.0,0.0,0.0,0.0
454,0,0.0,-2.1837722850216523e-05,0.0,0.0,-13.400408149084726
454,1,0.0,0.0,-0.0023346702016431866,0.0,-0.1532381897617503
454,2,0.0,0.0,0.0,0.0,-0.6626472120523289
454,3,0.0,0.0,0.0,0.0,-0.07125
454,4,0.0,0.0,0.0,0.0,0.0
455,0,0.0,-2.1837722850216523e-05,0.0,0.0,-13.415423669551133
455,1,0.0,0.0,-0.0023346702016431866,0.0,-0.1532381897617503
455,2,0.0,0.0,0.0,0.0,-0.6626472120523289
455,3,0.0,0.0,0.0,0.0,-0.07125
455,4,0.0,0.0,0.0,0.0,0.0
456,0,0.0,-2.1837722850216523e-05,0.0,0.0,-13.430399302480748
456,1,0.0,0.0,-0.0023346702016431866,0.0,-0.1532381897617503
456,2,0.0,0.0,0.0,0.0,-0.6626472120523289
456,3,0.0,0.0,0.0,0.0,-0.07125
456,4,0.0,0.0,0.0,0.0,0.0
457,0,0.0,-2.1837722850216523e-05,0.0,0.0,-13.445335178068706
457,1,0.0,0.0,-0.0023346702016431866,0.0,-0.1532381897617503
457,2,0.0,0.0,0.0,0.0,-0.6626472120523289
457,3,0.0,0.0,0.0,0.0,-0.07125
457,4,0.0,0.0,0.0,0.0,0.0
458,0,0.0,-2.1837722850216523e-05,0.0,0.0,-13.460231426035271
458,1,0.0,0.0,-0.0023346702016431866,0.0,-0.1532381897617503
458,2,0.0,0.0,0.0,0.0,-0.6626472120523289
458,3,0.0,0.0,0.0,0.0,-0.07125
458,4,0.0,0.0,0.0,0.0,0.0
459,0,0.0,-2.1837722850216523e-05,0.0,0.0,-13.475088175627636
459,1,0.0,0.0,-0.0023346702016431866,0.0,-0.1532381897617503
459,2,0.0,0.0,0.0,0.0,-0.6626472120523289
459,3,0.0,0.0,0.0,0.0,-0.07125
459,4,0.0,0.0,0.0,0.0,0.0
460,0,0.0,-2.1837722850216523e-05,0.0,0.0,-13.489905555621798
460,1,0.0,0.0,-0.0023346702016431866,0.0,-0.1532381897617503
460,2,0.0,0.0,0.0,0.0,-0.6626472120523289
460,3,0.0,0.0,0.0,0.0,-0.07125
460,4,0.0,0.0,0.0,0.0,0.0
461,0,0.0,-2.1837722850216523e-05,0.0,0.0,-13.504683694324383
461,1,0.0,0.0,-0.0023346702016431866,0.0,-0.1532381897617503
461,2,0.0,0.0,0.0,0.0,-0.6626472120523289
461,3,0.0,0.0,0.0,0.0,-0.07125
461,4,0.0,0.0,0.0,0.0,0.0
462,0,0.0,-2.1837722850216523e-05,0.0,0.0,-13.519422719574486
462,1,0.0,0.0,-0.0023346702016431866,0.0,-0.1532381897617503
462,2,0.0,0.0,0.0,0.0,-0.6626472120523289
462,3,0.0,0.0,0.0,0.0,-0.07125
462,4,0.0,0.0,0.0,0.0,0.0
463,0,0.0,-2.1837722850216523e-05,0.0,0.0,-13.534122758745493
463,1,0.0,0.0,-0.0023346702016431866,0.0,-0.1532381897617503
463,2,0.0,0.0,0.0,0.0,-0.6626472120523289
463,3,0.0,0.0,0.0,0.0,-0.07125
463,4,0.0,0.0,0.0,0.0,0.0
464,0,0.0,-2.1837722850216523e-05,0.0,0.0,-13.548783938746894
464,1,0.0,0.0,-0.0023346702016431866,0.0,-0.1532381897617503
464,2,0.0,0.0,0.0,0.0,-0.6626472120523289
464,3,0.0,0.0,0.0,0.0,-0.07125
464,4,0.0,0.0,0.0,0.0,0.0
465,0,0.0,-2.1837722850216523e-05,0.0,0.0,-13.563406386026092
465,1,0.0,0.0,-0.0023346702016431866,0.0,-0.1532381897617503
465,2,0.0,0.0,0.0,0.0,-0.6626472120523289
465,3,0.0,0.0,0.0,0.0,-0.07125
465,4,0.0,0.0,0.0,0.0,0.0
466,0,0.0,-2.1837722850216523e-05,0.0,0.0,-13.577990226570206
466,1,0.0,0.0,-0.0023346702016431866,0.0,-0.1532381897617503
466,2,0.0,0.0,0.0,0.0,-0.6626472120523289
466,3,0.0,0.0,0.0,0.0,-0.07125
466,4,0.0,0.0,0.0,0.0,0.0
467,0,0.0,-2.1837722850216523e-05,0.0,0.0,-13.592535585907873
467,1,0.0,0.0,-0.0023346702016431866,0.0,-0.1532381897617503
467,2,0.0,0.0,0.0,0.0,-0.6626472120523289
467,3,0.0,0.0,0.0,0.0,-0.07125
467,4,0.0,0.0,0.0,0.0,0.0
468,0,0.0,-2.1837722850216523e-05,0.0,0.0,-13.60704258911102
468,1,0.0,0.0,-0.0023346702016431866,0.0,-0.1532381897617503
468,2,0.0,0.0,0.0,0.0,-0.6626472120523289
468,3,0.0,0.0,0.0,0.0,-0.07125
468,4,0.0,0.0,0.0,0.0,0.0
469,0,0.0,-2.1837722850216523e-05,0.0,0.0,-13.621511360796655
469,1,0.0,0.0,-0.0023346702016431866,0.0,-0.1532381897617503
469,2,0.0,0.0,0.0,0.0,-0.6626472120523289
469,3,0.0,0.0,0.0,0.0,-0.07125
469,4,0.0,0.0,0.0,0.0,0.0
470,0,0.0,-2.1837722850216523e-05,0.0,0.0,-13.635942025128637
470,1,0.0,0.0,-0.0023346702016431866,0.0,-0.1532381897617503
470,2,0.0,0.0,0.0,0.0,-0.6626472120523289
470,3,0.0,0.0,0.0,0.0,-0.07125
470,4,0.0,0.0,0.0,0.0,0.0
471,0,0.0,-2.1837722850216523e-05,0.0,0.0,-13.650334705819427
471,1,0.0,0.0,-0.0023346702016431866,0.0,-0.1532381897617503
471,2,0.0,0.0,0.0,0.0,-0.6626472120523289
471,3,0.0,0.0,0.0,0.0,-0.07125
471,4,0.0,0.0,0.0,0.0,0.0
472,0,0.0,-2.1837722850216523e-05,0.0,0.0,-13.664689526131882
472,1,0.0,0.0,-0.0023346702016431866,0.0,-0.1532381897617503
472,2,0.0,0.0,0.0,0.0,-0.6626472120523289
472,3,0.0,0.0,0.0,0.0,-0.07125
472,4,0.0,0.0,0.0,0.0,0.0
473,0,0.0,-2.1837722850216523e-05,0.0,0.0,-13.67900660888096
473,1,0.0,0.0,-0.0023346702016431866,0.0,-0.1532381897617503
473,2,0.0,0.0,0.0,0.0,-0.6626472120523289
473,3,0.0,0.0,0.0,0.0,-0.07125
473,4,0.0,0.0,0.0,0.0,0.0
474,0,0.0,-2.1837722850216523e-05,0.0,0.0,-13.693286076435506
474,1,0.0,0.0,-0.0023346702016431866,0.0,-0.1532381897617503
474,2,0.0,0.0,0.0,0.0,-0.6626472120523289
474,3,0.0,0.0,0.0,0.0,-0.07125
474,4,0.0,0.0,0.0,0.0,0.0
475,0,0.0,-2.1837722850216523e-05,0.0,0.0,-13.707528050719949
475,1,0.0,0.0,-0.0023346702016431866,0.0,-0.1532381897617503
475,2,0.0,0.0,0.0,0.0,-0.6626472120523289
475,3,0.0,0.0,0.0,0.0,-0.07125
475,4,0.0,0.0,0.0,0.0,0.0
476,0,0.0,-2.1837722850216523e-05,0.0,0.0,-13.721732653216064
476,1,0.0,0.0,-0.0023346702016431866,0.0,-0.1532381897617503
476,2,0.0,0.0,0.0,0.0,-0.6626472120523289
476,3,0.0,0.0,0.0,0.0,-0.07125
476,4,0.0,0.0,0.0,0.0,0.0
477,0,0.0,-2.1837722850216523e-05,0.0,0.0,-13.735900004964682
477,1,0.0,0.0,-0.0023346702016431866,0.0,-0.1532381897617503
477,2,0.0,0.0,0.0,0.0,-0.6626472120523289
477,3,0.0,0.0,0.0,0.0,-0.07125
477,4,0.0,0.0,0.0,0.0,0.0
478,0,0.0,-2.1837722850216523e-05,0.0,0.0,-13.750030226567397
478,1,0.0,0.0,-0.0023346702016431866,0.0,-0.1532381897617503
478,2,0.0,0.0,0.0,0.0,-0.6626472120523289
478,3,0.0,0.0,0.0,0.0,-0.07125
478,4,0.0,0.0,0.0,0.0,0.0
479,0,0.0,-2.1837722850216523e-05,0.0,0.0,-13.764123438188289
479,1,0.0,0.0,-0.0023346702016431866,0.0,-0.1532381897617503
479,2,0.0,0.0,0.0,0.0,-0.6626472120523289
479,3,0.0,0.0,0.0,0.0,-0.07125
479,4,0.0,0.0,0.0,0.0,0.0
480,0,0.0,-2.1837722850216523e-05,0.0,0.0,-13.778179759555615
480,1,0.0,0.0,-0.0023346702016431866,0.0,-0.1532381897617503
480,2,0.0,0.0,0.0,0.0,-0.6626472120523289
480,3,0.0,0.0,0.0,0.0,-0.07125
480,4,0.0,0.0,0.0,0.0,0.0
481,0,0.0,-2.1837722850216523e-05,0.0,0.0,-13.792199309963516
481,1,0.0,0.0,-0.0023346702016431866,0.0,-0.1532381897617503
481,2,0.0,0.0,0.0,0.0,-0.6626472120523289
481,3,0.0,0.0,0.0,0.0,-0.07125
481,4,0.0,0.0,0.0,0.0,0.0
482,0,0.0,-2.1837722850216523e-05,0.0,0.0,-13.806182208273684
482,1,0.0,0.0,-0.0023346702016431866,0.0,-0.1532381897617503
482,2,0.0,0.0,0.0,0.0,-0.6626472120523289
482,3,0.0,0.0,0.0,0.0,-0.07125
482,4,0.0,0.0,0.0,0.0,0.0
483,0,0.0,-2.1837722850216523e-05,0.0,0.0,-13.820128572917062
483,1,0.0,0.0,-0.0023346702016431866,0.0,-0.1532381897617503
483,2,0.0,0.0,0.0,0.0,-0.6626472120523289
483,3,0.0,0.0,0.0,0.0,-0.07125
483,4,0.0,0.0,0.0,0.0,0.0
484,0,0.0,-2.1837722850216523e-05,0.0,0.0,-13.83403852189551
484,1,0.0,0.0,-0.0023346702016431866,0.0,-0.1532381897617503
484,2,0.0,0.0,0.0,0.0,-0.6626472120523289
484,3,0.0,0.0,0.0,0.0,-0.07125
484,4,0.0,0.0,0.0,0.0,0.0
485,0,0.0,-2.1837722850216523e-05,0.0,0.0,-13.84791217278347
485,1,0.0,0.0,-0.0023346702016431866,0.0,-0.1532381897617503
485,2,0.0,0.0,0.0,0.0,-0.6626472120523289
485,3,0.0,0.0,0.0,0.0,-0.07125
485,4,0.0,0.0,0.0,0.0,0.0
486,0,0.0,-2.1837722850216523e-05,0.0,0.0,-13.861749642729636
486,1,0.0,0.0,-0.0023346702016431866,0.0,-0.1532381897617503
486,2,0.0,0.0,0.0,0.0,-0.6626472120523289
486,3,0.0,0.0,0.0,0.0,-0.07125
486,4,0.0,0.0,0.0,0.0,0.0
487,0,0.0,-2.1837722850216523e-05,0.0,0.0,-13.875551048458586
487,1,0.0,0.0,-0.0023346702016431866,0.0,-0.1532381897617503
487,2,0.0,0.0,0.0,0.0,-0.6626472120523289
487,3,0.0,0.0,0.0,0.0,-0.07125
487,4,0.0,0.0,0.0,0.0,0.0
488,0,0.0,-2.1837722850216523e-05,0.0,0.0,-13.88931650627247
488,1,0.0,0.0,-0.0023346702016431866,0.0,-0.1532381897617503
488,2,0.0,0.0,0.0,0.0,-0.6626472120523289
488,3,0.0,0.0,0.0,0.0,-0.07125
488,4,0.0,0.0,0.0,0.0,0.0
489,0,0.0,-2.1837722850216523e-05,0.0,0.0,-13.903046132052594
489,1,0.0,0.0,-0.0023346702016431866,0.0,-0.1532381897617503
489,2,0.0,0.0,0.0,0.0,-0.6626472120523289
489,3,0.0,0.0,0.0,0.0,-0.07125
489,4,0.0,0.0,0.0,0.0,0.0
490,0,0.0,-2.1837722850216523e-05,0.0,0.0,-13.916740041261102
490,1,0.0,0.0,-0.0023346702016431866,0.0,-0.1532381897617503
490,2,0.0,0.0,0.0,0.0,-0.6626472120523289
490,3,0.0,0.0,0.0,0.0,-0.07125
490,4,0.0,0.0,0.0,0.0,0.0
491,0,0.0,-2.1837722850216523e-05,0.0,0.0,-13.930398348942582
491,1,0.0,0.0,-0.0023346702016431866,0.0,-0.1532381897617503
491,2,0.0,0.0,0.0,0.0,-0.6626472120523289
491,3,0.0,0.0,0.0,0.0,-0.07125
491,4,0.0,0.0,0.0,0.0,0.0
492,0,0.0,-2.1837722850216523e-05,0.0,0.0,-13.94402116972568
492,1,0.0,0.0,-0.0023346702016431866,0.0,-0.1532381897617503
492,2,0.0,0.0,0.0,0.0,-0.6626472120523289
492,3,0.0,0.0,0.0,0.0,-0.07125
492,4,0.0,0.0,0.0,0.0,0.0
493,0,0.0,-2.1837722850216523e-05,0.0,0.0,-13.95760861782473
493,1,0.0,0.0,-0.0023346702016431866,0.0,-0.1532381897617503
493,2,0.0,0.0,0.0,0.0,-0.6626472120523289
493,3,0.0,0.0,0.0,0.0,-0.07125
493,4,0.0,0.0,0.0,0.0,0.0
494,0,0.0,-2.1837722850216523e-05,0.0,0.0,-13.971160807041347
494,1,0.0,0.0,-0.0023346702016431866,0.0,-0.1532381897617503
494,2,0.0,0.0,0.0,0.0,-0.6626472120523289
494,3,0.0,0.0,0.0,0.0,-0.07125
494,4,0.0,0.0,0.0,0.0,0.0
495,0,0.0,-2.1837722850216523e-05,0.0,0.0,-13.98467785076604
495,1,0.0,0.0,-0.0023346702016431866,0.0,-0.1532381897617503
495,2,0.0,0.0,0.0,0.0,-0.6626472120523289
495,3,0.0,0.0,0.0,0.0,-0.07125
495,4,0.0,0.0,0.0,0.0,0.0
496,0,0.0,-2.1837722850216523e-05,0.0,0.0,-13.998159861979794
496,1,0.0,0.0,-0.0023346702016431866,0.0,-0.1532381897617503
496,2,0.0,0.0,0.0,0.0,-0.6626472120523289
496,3,0.0,0.0,0.0,0.0,-0.07125
496,4,0.0,0.0,0.0,0.0,0.0
497,0,0.0,-2.1837722850216523e-05,0.0,0.0,-14.01160695325567
497,1,0.0,0.0,-0.0023346702016431866,0.0,-0.1532381897617503
497,2,0.0,0.0,0.0,0.0,-0.6626472120523289
497,3,0.0,0.0,0.0,0.0,-0.07125
497,4,0.0,0.0,0.0,0.0,0.0
498,0,0.0,-2.1837722850216523e-05,0.0,0.0,-14.025019236760368
498,1,0.0,0.0,-0.0023346702016431866,0.0,-0.1532381897617503
498,2,0.0,0.0,0.0,0.0,-0.6626472120523289
498,3,0.0,0.0,0.0,0.0,-0.07125
498,4,0.0,0.0,0.0,0.0,0.0
499,0,0.0,-2.1837722850216523e-05,0.0,0.0,-14.038396824255827
499,1,0.0,0.0,-0.0023346702016431866,0.0,-0.1532381897617503
499,2,0.0,0.0,0.0,0.0,-0.6626472120523289
499,3,0.0,0.0,0.0,0.0,-0.07125
499,4,0.0,0.0,0.0,0.0,0.0
500,0,0.0,-2.1837722850216523e-05,0.0,0.0,-14.051739827100764
500,1,0.0,0.0,-0.0023346702016431866,0.0,-0.1532381897617503
500,2,0.0,0.0,0.0,0.0,-0.6626472120523289
500,3,0.0,0.0,0.0,0.0,-0.07125
500,4,0.0,0.0,0.0,0.0,0.0
501,0,0.0,-2.1837722850216523e-05,0.0,0.0,-14.06504835625226
501,1,0.0,0.0,-0.0023346702016431866,0.0,-0.1532381897617503
501,2,0.0,0.0,0.0,0.0,-0.6626472120523289
501,3,0.0,0.0,0.0,0.0,-0.07125
501,4,0.0,0.0,0.0,0.0,0.0
502,0,0.0,-2.1837722850216523e-05,0.0,0.0,-14.078322522267305
502,1,0.0,0.0,-0.0023346702016431866,0.0,-0.1532381897617503
502,2,0.0,0.0,0.0,0.0,-0.6626472120523289
502,3,0.0,0.0,0.0,0.0,-0.07125
502,4,0.0,0.0,0.0,0.0,0.0
503,0,0.0,-2.1837722850216523e-05,0.0,0.0,-14.091562435304356
503,1,0.0,0.0,-0.0023346702016431866,0.0,-0.1532381897617503
503,2,0.0,0.0,0.0,0.0,-0.6626472120523289
503,3,0.0,0.0,0.0,0.0,-0.07125
503,4,0.0,0.0,0.0,0.0,0.0
504,0,0.0,-2.1837722850216523e-05,0.0,0.0,-14.104768205124861
504,1,0.0,0.0,-0.0023346702016431866,0.0,-0.1532381897617503
504,2,0.0,0.0,0.0,0.0,-0.6626472120523289
504,3,0.0,0.0,0.0,0.0,-0.07125
504,4,0.0,0.0,0.0,0.0,0.0
505,0,0.0,-2.1837722850216523e-05,0.0,0.0,-14.117939941094804
505,1,0.0,0.0,-0.0023346702016431866,0.0,-0.1532381897617503
505,2,0.0,0.0,0.0,0.0,-0.6626472120523289
505,3,0.0,0.0,0.0,0.0,-0.07125
505,4,0.0,0.0,0.0,0.0,0.0
506,0,0.0,-2.1837722850216523e-05,0.0,0.0,-14.131077752186265
506,1,0.0,0.0,-0.0023346702016431866,0.0,-0.1532381897617503
506,2,0.0,0.0,0.0,0.0,-0.6626472120523289
506,3,0.0,0.0,0.0,0.0,-0.07125
506,4,0.0,0.0,0.0,0.0,0.0
507,0,0.0,-2.1837722850216523e-05,0.0,0.0,-14.144181746978884
507,1,0.0,0.0,-0.0023346702016431866,0.0,-0.1532381897617503
507,2,0.0,0.0,0.0,0.0,-0.6626472120523289
507,3,0.0,0.0,0.0,0.0,-0.07125
507,4,0.0,0.0,0.0,0.0,0.0
508,0,0.0,-2.1837722850216523e-05,0.0,0.0,-14.15725203366144
508,1,0.0,0.0,-0.0023346702016431866,0.0,-0.1532381897617503
508,2,0.0,0.0,0.0,0.0,-0.6626472120523289
508,3,0.0,0.0,0.0,0.0,-0.07125
508,4,0.0,0.0,0.0,0.0,0.0
509,0,0.0,-2.1837722850216523e-05,0.0,0.0,-14.170288720033323
509,1,0.0,0.0,-0.0023346702016431866,0.0,-0.1532381897617503
509,2,0.0,0.0,0.0,0.0,-0.6626472120523289
509,3,0.0,0.0,0.0,0.0,-0.07125
509,4,0.0,0.0,0.0,0.0,0.0
510,0,0.0,-2.1837722850216523e-05,0.0,0.0,-14.183291913506057
510,1,0.0,0.0,-0.0023346702016431866,0.0,-0.1532381897617503
510,2,0.0,0.0,0.0,0.0,-0.6626472120523289
510,3,0.0,0.0,0.0,0.0,-0.07125
510,4,0.0,0.0,0.0,0.0,0.0
511,0,0.0,-2.1837722850216523e-05,0.0,0.0,-14.196261721104797
511,1,0.0,0.0,-0.0023346702016431866,0.0,-0.1532381897617503
511,2,0.0,0.0,0.0,0.0,-0.6626472120523289
511,3,0.0,0.0,0.0,0.0,-0.07125
511,4,0.0,0.0,0.0,0.0,0.0
512,0,0.0,-2.1837722850216523e-05,0.0,0.0,-14.209198249469813
512,1,0.0,0.0,-0.0023346702016431866,0.0,-0.1532381897617503
512,2,0.0,0.0,0.0,0.0,-0.6626472120523289
512,3,0.0,0.0,0.0,0.0,-0.07125
512,4,0.0,0.0,0.0,0.0,0.0
513,0,0.0,-2.1837722850216523e-05,0.0,0.0,-14.222101604857999
513,1,0.0,0.0,-0.0023346702016431866,0.0,-0.1532381897617503
513,2,0.0,0.0,0.0,0.0,-0.6626472120523289
513,3,0.0,0.0,0.0,0.0,-0.07125
513,4,0.0,0.0,0.0,0.0,0.0
514,0,0.0,-2.1837722850216523e-05,0.0,0.0,-14.234971893144332
514,1,0.0,0.0,-0.0023346702016431866,0.0,-0.1532381897617503
514,2,0.0,0.0,0.0,0.0,-0.6626472120523289
514,3,0.0,0.0,0.0,0.0,-0.07125
514,4,0.0,0.0,0.0,0.0,0.0
515,0,0.0,-2.1837722850216523e-05,0.0,0.0,-14.247809219823361
515,1,0.0,0.0,-0.0023346702016431866,0.0,-0.1532381897617503
515,2,0.0,0.0,0.0,0.0,-0.6626472120523289
515,3,0.0,0.0,0.0,0.0,-0.07125
515,4,0.0,0.0,0.0,0.0,0.0
516,0,0.0,-2.1837722850216523e-05,0.0,0.0,-14.260613690010667
516,1,0.0,0.0,-0.0023346702016431866,0.0,-0.1532381897617503
516,2,0.0,0.0,0.0,0.0,-0.6626472120523289
516,3,0.0,0.0,0.0,0.0,-0.07125
516,4,0.0,0.0,0.0,0.0,0.0
517,0,0.0,-2.1837722850216523e-05,0.0,0.0,-14.27338540844434
517,1,0.0,0.0,-0.0023346702016431866,0.0,-0.1532381897617503
517,2,0.0,0.0,0.0,0.0,-0.6626472120523289
517,3,0.0,0.0,0.0,0.0,-0.07125
517,4,0.0,0.0,0.0,0.0,0.0
518,0,0.0,-2.1837722850216523e-05,0.0,0.0,-14.286124479486425
518,1,0.0,0.0,-0.0023346702016431866,0.0,-0.1532381897617503
518,2,0.0,0.0,0.0,0.0,-0.6626472120523289
518,3,0.0,0.0,0.0,0.0,-0.07125
518,4,0.0,0.0,0.0,0.0,0.0
519,0,0.0,-2.1837722850216523e-05,0.0,0.0,-14.298831007124374
519,1,0.0,0.0,-0.0023346702016431866,0.0,-0.1532381897617503
519,2,0.0,0.0,0.0,0.0,-0.6626472120523289
519,3,0.0,0.0,0.0,0.0,-0.07125
519,4,0.0,0.0,0.0,0.0,0.0
520,0,0.0,-2.1837722850216523e-05,0.0,0.0,-14.311505094972498
520,1,0.0,0.0,-0.0023346702016431866,0.0,-0.1532381897617503
520,2,0.0,0.0,0.0,0.0,-0.6626472120523289
520,3,0.0,0.0,0.0,0.0,-0.07125
520,4,0.0,0.0,0.0,0.0,0.0
521,0,0.0,-2.1837722850216523e-05,0.0,0.0,-14.324146846273402
521,1,0.0,0.0,-0.0023346702016431866,0.0,-0.1532381897617503
521,2,0.0,0.0,0.0,0.0,-0.6626472120523289
521,3,0.0,0.0,0.0,0.0,-0.07125
521,4,0.0,0.0,0.0,0.0,0.0
522,0,0.0,-2.1837722850216523e-05,0.0,0.0,-14.336756363899426
522,1,0.0,0.0,-0.0023346702016431866,0.0,-0.1532381897617503
522,2,0.0,0.0,0.0,0.0,-0.6626472120523289
522,3,0.0,0.0,0.0,0.0,-0.07125
522,4,0.0,0.0,0.0,0.0,0.0
523,0,0.0,-2.1837722850216523e-05,0.0,0.0,-14.349333750354067
523,1,0.0,0.0,-0.0023346702016431866,0.0,-0.1532381897617503
523,2,0.0,0.0,0.0,0.0,-0.6626472120523289
523,3,0.0,0.0,0.0,0.0,-0.07125
523,4,0.0,0.0,0.0,0.0,0.0
524,0,0.0,-2.1837722850216523e-05,0.0,0.0,-14.361879107773397
524,1,0.0,0.0,-0.0023346702016431866,0.0,-0.1532381897617503
524,2,0.0,0.0,0.0,0.0,-0.6626472120523289
524,3,0.0,0.0,0.0,0.0,-0.07125
524,4,0.0,0.0,0.0,0.0,0.0
525,0,0.0,-2.1837722850216523e-05,0.0,0.0,-14.374392537927497
525,1,0.0,0.0,-0.0023346702016431866,0.0,-0.1532381897617503
525,2,0.0,0.0,0.0,0.0,-0.6626472120523289
525,3,0.0,0.0,0.0,0.0,-0.07125
525,4,0.0,0.0,0.0,0.0,0.0
526,0,0.0,-2.1837722850216523e-05,0.0,0.0,-14.386874142221851
526,1,0.0,0.0,-0.0023346702016431866,0.0,-0.1532381897617503
526,2,0.0,0.0,0.0,0.0,-0.6626472120523289
526,3,0.0,0.0,0.0,0.0,-0.07125
526,4,0.0,0.0,0.0,0.0,0.0
527,0,0.0,-2.1837722850216523e-05,0.0,0.0,-14.399324021698757
527,1,0.0,0.0,-0.0023346702016431866,0.0,-0.1532381897617503
527,2,0.0,0.0,0.0,0.0,-0.6626472120523289
527,3,0.0,0.0,0.0,0.0,-0.07125
527,4,0.0,0.0,0.0,0.0,0.0
528,0,0.0,-2.1837722850216523e-05,0.0,0.0,-14.411742277038726
528,1,0.0,0.0,-0.0023346702016431866,0.0,-0.1532381897617503
528,2,0.0,0.0,0.0,0.0,-0.6626472120523289
528,3,0.0,0.0,0.0,0.0,-0.07125
528,4,0.0,0.0,0.0,0.0,0.0
529,0,0.0,-2.1837722850216523e-05,0.0,0.0,-14.424129008561879
529,1,0.0,0.0,-0.0023346702016431866,0.0,-0.1532381897617503
529,2,0.0,0.0,0.0,0.0,-0.6626472120523289
529,3,0.0,0.0,0.0,0.0,-0.07125
529,4,0.0,0.0,0.0,0.0,0.0
530,0,0.0,-2.1837722850216523e-05,0.0,0.0,-14.436484316229334
530,1,0.0,0.0,-0.0023346702016431866,0.0,-0.1532381897617503
530,2,0.0,0.0,0.0,0.0,-0.6626472120523289
530,3,0.0,0.0,0.0,0.0,-0.07125
530,4,0.0,0.0,0.0,0.0,0.0
531,0,0.0,-2.1837722850216523e-05,0.0,0.0,-14.448808299644595
531,1,0.0,0.0,-0.0023346702016431866,0.0,-0.1532381897617503
531,2,0.0,0.0,0.0,0.0,-0.6626472120523289
531,3,0.0,0.0,0.0,0.0,-0.07125
531,4,0.0,0.0,0.0,0.0,0.0
532,0,0.0,-2.1837722850216523e-05,0.0,0.0,-14.461101058054911
532,1,0.0,0.0,-0.0023346702016431866,0.0,-0.1532381897617503
532,2,0.0,0.0,0.0,0.0,-0.6626472120523289
532,3,0.0,0.0,0.0,0.0,-0.07125
532,4,0.0,0.0,0.0,0.0,0.0
533,0,0.0,-2.1837722850216523e-05,0.0,0.0,-14.47336269035266
533,1,0.0,0.0,-0.0023346702016431866,0.0,-0.1532381897617503
533,2,0.0,0.0,0.0,0.0,-0.6626472120523289
533,3,0.0,0.0,0.0,0.0,-0.07125
533,4,0.0,0.0,0.0,0.0,0.0
534,0,0.0,-2.1837722850216523e-05,0.0,0.0,-14.485593295076729
534,1,0.0,0.0,-0.0023346702016431866,0.0,-0.1532381897617503
534,2,0.0,0.0,0.0,0.0,-0.6626472120523289
534,3,0.0,0.0,0.0,0.0,-0.07125
534,4,0.0,0.0,0.0,0.0,0.0
535,0,0.0,-2.1837722850216523e-05,0.0,0.0,-14.497792970413839
535,1,0.0,0.0,-0.0023346702016431866,0.0,-0.1532381897617503
535,2,0.0,0.0,0.0,0.0,-0.6626472120523289
535,3,0.0,0.0,0.0,0.0,-0.07125
535,4,0.0,0.0,0.0,0.0,0.0
536,0,0.0,-2.1837722850216523e-05,0.0,0.0,-14.509961814199938
536,1,0.0,0.0,-0.0023346702016431866,0.0,-0.1532381897617503
536,2,0.0,0.0,0.0,0.0,-0.6626472120523289
536,3,0.0,0.0,0.0,0.0,-0.07125
536,4,0.0,0.0,0.0,0.0,0.0
537,0,0.0,-2.1837722850216523e-05,0.0,0.0,-14.52209992392152
537,1,0.0,0.0,-0.0023346702016431866,0.0,-0.1532381897617503
537,2,0.0,0.0,0.0,0.0,-0.6626472120523289
537,3,0.0,0.0,0.0,0.0,-0.07125
537,4,0.0,0.0,0.0,0.0,0.0
538,0,0.0,-2.1837722850216523e-05,0.0,0.0,-14.534207396716994
538,1,0.0,0.0,-0.0023346702016431866,0.0,-0.1532381897617503
538,2,0.0,0.0,0.0,0.0,-0.6626472120523289
538,3,0.0,0.0,0.0,0.0,-0.07125
538,4,0.0,0.0,0.0,0.0,0.0
539,0,0.0,-2.1837722850216523e-05,0.0,0.0,-14.546284329378006
539,1,0.0,0.0,-0.0023346702016431866,0.0,-0.1532381897617503
539,2,0.0,0.0,0.0,0.0,-0.6626472120523289
539,3,0.0,0.0,0.0,0.0,-0.07125
539,4,0.0,0.0,0.0,0.0,0.0
540,0,0.0,-2.1837722850216523e-05,0.0,0.0,-14.558330818350777
540,1,0.0,0.0,-0.0023346702016431866,0.0,-0.1532381897617503
540,2,0.0,0.0,0.0,0.0,-0.6626472120523289
540,3,0.0,0.0,0.0,0.0,-0.07125
540,4,0.0,0.0,0.0,0.0,0.0
541,0,0.0,-2.1837722850216523e-05,0.0,0.0,-14.570346959737428
541,1,0.0,0.0,-0.0023346702016431866,0.0,-0.1532381897617503
541,2,0.0,0.0,0.0,0.0,-0.6626472120523289
541,3,0.0,0.0,0.0,0.0,-0.07125
541,4,0.0,0.0,0.0,0.0,0.0
542,0,0.0,-2.1837722850216523e-05,0.0,0.0,-14.582332849297318
542,1,0.0,0.0,-0.0023346702016431866,0.0,-0.1532381897617503
542,2,0.0,0.0,0.0,0.0,-0.6626472120523289
542,3,0.0,0.0,0.0,0.0,-0.07125
542,4,0.0,0.0,0.0,0.0,0.0
543,0,0.0,-2.1837722850216523e-05,0.0,0.0,-14.594288582448328
543,1,0.0,0.0,-0.0023346702016431866,0.0,-0.1532381897617503
543,2,0.0,0.0,0.0,0.0,-0.6626472120523289
543,3,0.0,0.0,0.0,0.0,-0.07125
543,4,0.0,0.0,0.0,0.0,0.0
544,0,0.0,-2.1837722850216523e-05,0.0,0.0,-14.606214254268227
544,1,0.0,0.0,-0.0023346702016431866,0.0,-0.1532381897617503
544,2,0.0,0.0,0.0,0.0,-0.6626472120523289
544,3,0.0,0.0,0.0,0.0,-0.07125
544,4,0.0,0.0,0.0,0.0,0.0
545,0,0.0,-2.1837722850216523e-05,0.0,0.0,-14.61810995949591
545,1,0.0,0.0,-0.0023346702016431866,0.0,-0.1532381897617503
545,2,0.0,0.0,0.0,0.0,-0.6626472120523289
545,3,0.0,0.0,0.0,0.0,-0.07125
545,4,0.0,0.0,0.0,0.0,0.0
546,0,0.0,-2.1837722850216523e-05,0.0,0.0,-14.629975792532756
546,1,0.0,0.0,-0.0023346702016431866,0.0,-0.1532381897617503
546,2,0.0,0.0,0.0,0.0,-0.6626472120523289
546,3,0.0,0.0,0.0,0.0,-0.07125
546,4,0.0,0.0,0.0,0.0,0.0
547,0,0.0,-2.1837722850216523e-05,0.0,0.0,-14.641811847443892
547,1,0.0,0.0,-0.0023346702016431866,0.0,-0.1532381897617503
547,2,0.0,0.0,0.0,0.0,-0.6626472120523289
547,3,0.0,0.0,0.0,0.0,-0.07125
547,4,0.0,0.0,0.0,0.0,0.0
548,0,0.0,-2.1837722850216523e-05,0.0,0.0,-14.65361821795951
548,1,0.0,0.0,-0.0023346702016431866,0.0,-0.1532381897617503
548,2,0.0,0.0,0.0,0.0,-0.6626472120523289
548,3,0.0,0.0,0.0,0.0,-0.07125
548,4,0.0,0.0,0.0,0.0,0.0
549,0,0.0,-2.1837722850216523e-05,0.0,0.0,-14.665394997476119
549,1,0.0,0.0,-0.0023346702016431866,0.0,-0.1532381897617503
549,2,0.0,0.0,0.0,0.0,-0.6626472120523289
549,3,0.0,0.0,0.0,0.0,-0.07125
549,4,0.0,0.0,0.0,0.0,0.0
550,0,0.0,-2.1837722850216523e-05,0.0,0.0,-14.677142279057865
550,1,0.0,0.0,-0.0023346702016431866,0.0,-0.1532381897617503
550,2,0.0,0.0,0.0,0.0,-0.6626472120523289
550,3,0.0,0.0,0.0,0.0,-0.07125
550,4,0.0,0.0,0.0,0.0,0.0
551,0,0.0,-2.1837722850216523e-05,0.0,0.0,-14.688860155437753
551,1,0.0,0.0,-0.0023346702016431866,0.0,-0.1532381897617503
551,2,0.0,0.0,0.0,0.0,-0.6626472120523289
551,3,0.0,0.0,0.0,0.0,-0.07125
551,4,0.0,0.0,0.0,0.0,0.0
552,0,0.0,-2.1837722850216523e-05,0.0,0.0,-14.700548719018988
552,1,0.0,0.0,-0.0023346702016431866,0.0,-0.1532381897617503
552,2,0.0,0.0,0.0,0.0,-0.6626472120523289
552,3,0.0,0.0,0.0,0.0,-0.07125
552,4,0.0,0.0,0.0,0.0,0.0
553,0,0.0,-2.1837722850216523e-05,0.0,0.0,-14.712208061876172
553,1,0.0,0.0,-0.0023346702016431866,0.0,-0.1532381897617503
553,2,0.0,0.0,0.0,0.0,-0.6626472120523289
553,3,0.0,0.0,0.0,0.0,-0.07125
553,4,0.0,0.0,0.0,0.0,0.0
554,0,0.0,-2.1837722850216523e-05,0.0,0.0,-14.7238382757566
554,1,0.0,0.0,-0.0023346702016431866,0.0,-0.1532381897617503
554,2,0.0,0.0,0.0,0.0,-0.6626472120523289
554,3,0.0,0.0,0.0,0.0,-0.07125
554,4,0.0,0.0,0.0,0.0,0.0
555,0,0.0,-2.1837722850216523e-05,0.0,0.0,-14.735439452081524
555,1,0.0,0.0,-0.0023346702016431866,0.0,-0.1532381897617503
555,2,0.0,0.0,0.0,0.0,-0.6626472120523289
555,3,0.0,0.0,0.0,0.0,-0.07125
555,4,0.0,0.0,0.0,0.0,0.0
556,0,0.0,-2.1837722850216523e-05,0.0,0.0,-14.747011681947365
556,1,0.0,0.0,-0.0023346702016431866,0.0,-0.1532381897617503
556,2,0.0,0.0,0.0,0.0,-0.6626472120523289
556,3,0.0,0.0,0.0,0.0,-0.07125
556,4,0.0,0.0,0.0,0.0,0.0
557,0,0.0,-2.1837722850216523e-05,0.0,0.0,-14.758555056126985
557,1,0.0,0.0,-0.0023346702016431866,0.0,-0.1532381897617503
557,2,0.0,0.0,0.0,0.0,-0.6626472120523289
557,3,0.0,0.0,0.0,0.0,-0.07125
557,4,0.0,0.0,0.0,0.0,0.0
558,0,0.0,-2.1837722850216523e-05,0.0,0.0,-14.770069665070942
558,1,0.0,0.0,-0.0023346702016431866,0.0,-0.1532381897617503
558,2,0.0,0.0,0.0,0.0,-0.6626472120523289
558,3,0.0,0.0,0.0,0.0,-0.07125
558,4,0.0,0.0,0.0,0.0,0.0
559,0,0.0,-2.1837722850216523e-05,0.0,0.0,-14.781555598908668
559,1,0.0,0.0,-0.0023346702016431866,0.0,-0.1532381897617503
559,2,0.0,0.0,0.0,0.0,-0.6626472120523289
559,3,0.0,0.0,0.0,0.0,-0.07125
559,4,0.0,0.0,0.0,0.0,0.0
560,0,0.0,-2.1837722850216523e-05,0.0,0.0,-14.793012947449757
560,1,0.0,0.0,-0.0023346702016431866,0.0,-0.1532381897617503
560,2,0.0,0.0,0.0,0.0,-0.6626472120523289
560,3,0.0,0.0,0.0,0.0,-0.07125
560,4,0.0,0.0,0.0,0.0,0.0
561,0,0.0,-2.1837722850216523e-05,0.0,0.0,-14.804441800185174
561,1,0.0,0.0,-0.0023346702016431866,0.0,-0.1532381897617503
561,2,0.0,0.0,0.0,0.0,-0.6626472120523289
561,3,0.0,0.0,0.0,0.0,-0.07125
561,4,0.0,0.0,0.0,0.0,0.0
562,0,0.0,-2.1837722850216523e-05,0.0,0.0,-14.81584224628845
562,1,0.0,0.0,-0.0023346702016431866,0.0,-0.1532381897617503
562,2,0.0,0.0,0.0,0.0,-0.6626472120523289
562,3,0.0,0.0,0.0,0.0,-0.07125
562,4,0.0,0.0,0.0,0.0,0.0
563,0,0.0,-2.1837722850216523e-05,0.0,0.0,-14.827214374616924
563,1,0.0,0.0,-0.0023346702016431866,0.0,-0.1532381897617503
563,2,0.0,0.0,0.0,0.0,-0.6626472120523289
563,3,0.0,0.0,0.0,0.0,-0.07125
563,4,0.0,0.0,0.0,0.0,0.0
564,0,0.0,-2.1837722850216523e-05,0.0,0.0,-14.838558273712946
564,1,0.0,0.0,-0.0023346702016431866,0.0,-0.1532381897617503
564,2,0.0,0.0,0.0,0.0,-0.6626472120523289
564,3,0.0,0.0,0.0,0.0,-0.07125
564,4,0.0,0.0,0.0,0.0,0.0
565,0,0.0,-2.1837722850216523e-05,0.0,0.0,-14.849874031805085
565,1,0.0,0.0,-0.0023346702016431866,0.0,-0.1532381897617503
565,2,0.0,0.0,0.0,0.0,-0.6626472120523289
565,3,0.0,0.0,0.0,0.0,-0.07125
565,4,0.0,0.0,0.0,0.0,0.0
566,0,0.0,-2.1837722850216523e-05,0.0,0.0,-14.861161736809306
566,1,0.0,0.0,-0.0023346702016431866,0.0,-0.1532381897617503
566,2,0.0,0.0,0.0,0.0,-0.6626472120523289
566,3,0.0,0.0,0.0,0.0,-0.07125
566,4,0.0,0.0,0.0,0.0,0.0
567,0,0.0,-2.1837722850216523e-05,0.0,0.0,-14.872421476330207
567,1,0.0,0.0,-0.0023346702016431866,0.0,-0.1532381897617503
567,2,0.0,0.0,0.0,0.0,-0.6626472120523289
567,3,0.0,0.0,0.0,0.0,-0.07125
567,4,0.0,0.0,0.0,0.0,0.0
568,0,0.0,-2.1837722850216523e-05,0.0,0.0,-14.883653337662173
568,1,0.0,0.0,-0.0023346702016431866,0.0,-0.1532381897617503
568,2,0.0,0.0,0.0,0.0,-0.6626472120523289
568,3,0.0,0.0,0.0,0.0,-0.07125
568,4,0.0,0.0,0.0,0.0,0.0
569,0,0.0,-2.1837722850216523e-05,0.0,0.0,-14.894857407790585
569,1,0.0,0.0,-0.0023346702016431866,0.0,-0.1532381897617503
569,2,0.0,0.0,0.0,0.0,-0.6626472120523289
569,3,0.0,0.0,0.0,0.0,-0.07125
569,4,0.0,0.0,0.0,0.0,0.0
570,0,0.0,-2.1837722850216523e-05,0.0,0.0,-14.906033773392988
570,1,0.0,0.0,-0.0023346702016431866,0.0,-0.1532381897617503
570,2,0.0,0.0,0.0,0.0,-0.6626472120523289
570,3,0.0,0.0,0.0,0.0,-0.07125
570,4,0.0,0.0,0.0,0.0,0.0
571,0,0.0,-2.1837722850216523e-05,0.0,0.0,-14.917182520840266
571,1,0.0,0.0,-0.0023346702016431866,0.0,-0.1532381897617503
571,2,0.0,0.0,0.0,0.0,-0.6626472120523289
571,3,0.0,0.0,0.0,0.0,-0.07125
571,4,0.0,0.0,0.0,0.0,0.0
572,0,0.0,-2.1837722850216523e-05,0.0,0.0,-14.928303736197831
572,1,0.0,0.0,-0.0023346702016431866,0.0,-0.1532381897617503
572,2,0.0,0.0,0.0,0.0,-0.6626472120523289
572,3,0.0,0.0,0.0,0.0,-0.07125
572,4,0.0,0.0,0.0,0.0,0.0
573,0,0.0,-2.1837722850216523e-05,0.0,0.0,-14.939397505226767
573,1,0.0,0.0,-0.0023346702016431866,0.0,-0.1532381897617503
573,2,0.0,0.0,0.0,0.0,-0.6626472120523289
573,3,0.0,0.0,0.0,0.0,-0.07125
573,4,0.0,0.0,0.0,0.0,0.0
574,0,0.0,-2.1837722850216523e-05,0.0,0.0,-14.950463913385017
574,1,0.0,0.0,-0.0023346702016431866,0.0,-0.1532381897617503
574,2,0.0,0.0,0.0,0.0,-0.6626472120523289
574,3,0.0,0.0,0.0,0.0,-0.07125
574,4,0.0,0.0,0.0,0.0,0.0
575,0,0.0,-2.1837722850216523e-05,0.0,0.0,-14.961503045828508
575,1,0.0,0.0,-0.0023346702016431866,0.0,-0.1532381897617503
575,2,0.0,0.0,0.0,0.0,-0.6626472120523289
575,3,0.0,0.0,0.0,0.0,-0.07125
575,4,0.0,0.0,0.0,0.0,0.0
576,0,0.0,-2.1837722850216523e-05,0.0,0.0,-14.972514987412348
576,1,0.0,0.0,-0.0023346702016431866,0.0,-0.1532381897617503
576,2,0.0,0.0,0.0,0.0,-0.6626472120523289
576,3,0.0,0.0,0.0,0.0,-0.07125
576,4,0.0,0.0,0.0,0.0,0.0
577,0,0.0,-2.1837722850216523e-05,0.0,0.0,-14.983499822691929
577,1,0.0,0.0,-0.0023346702016431866,0.0,-0.1532381897617503
577,2,0.0,0.0,0.0,0.0,-0.6626472120523289
577,3,0.0,0.0,0.0,0.0,-0.07125
577,4,0.0,0.0,0.0,0.0,0.0
578,0,0.0,-2.1837722850216523e-05,0.0,0.0,-14.994457635924094
578,1,0.0,0.0,-0.0023346702016431866,0.0,-0.1532381897617503
578,2,0.0,0.0,0.0,0.0,-0.6626472120523289
578,3,0.0,0.0,0.0,0.0,-0.07125
578,4,0.0,0.0,0.0,0.0,0.0
579,0,0.0,-2.1837722850216523e-05,0.0,0.0,-15.005388511068288
579,1,0.0,0.0,-0.0023346702016431866,0.0,-0.1532381897617503
579,2,0.0,0.0,0.0,0.0,-0.6626472120523289
579,3,0.0,0.0,0.0,0.0,-0.07125
579,4,0.0,0.0,0.0,0.0,0.0
580,0,0.0,-2.1837722850216523e-05,0.0,0.0,-15.016292531787663
580,1,0.0,0.0,-0.0023346702016431866,0.0,-0.1532381897617503
580,2,0.0,0.0,0.0,0.0,-0.6626472120523289
580,3,0.0,0.0,0.0,0.0,-0.07125
580,4,0.0,0.0,0.0,0.0,0.0
581,0,0.0,-2.1837722850216523e-05,0.0,0.0,-15.027169781450224
581,1,0.0,0.0,-0.0023346702016431866,0.0,-0.1532381897617503
581,2,0.0,0.0,0.0,0.0,-0.6626472120523289
581,3,0.0,0.0,0.0,0.0,-0.07125
581,4,0.0,0.0,0.0,0.0,0.0
582,0,0.0,-2.1837722850216523e-05,0.0,0.0,-15.038020343129961
582,1,0.0,0.0,-0.0023346702016431866,0.0,-0.1532381897617503
582,2,0.0,0.0,0.0,0.0,-0.6626472120523289
582,3,0.0,0.0,0.0,0.0,-0.07125
582,4,0.0,0.0,0.0,0.0,0.0
583,0,0.0,-2.1837722850216523e-05,0.0,0.0,-15.048844299607955
583,1,0.0,0.0,-0.0023346702016431866,0.0,-0.1532381897617503
583,2,0.0,0.0,0.0,0.0,-0.6626472120523289
583,3,0.0,0.0,0.0,0.0,-0.07125
583,4,0.0,0.0,0.0,0.0,0.0
584,0,0.0,-2.1837722850216523e-05,0.0,0.0,-15.059641733373505
584,1,0.0,0.0,-0.0023346702016431866,0.0,-0.1532381897617503
584,2,0.0,0.0,0.0,0.0,-0.6626472120523289
584,3,0.0,0.0,0.0,0.0,-0.07125
584,4,0.0,0.0,0.0,0.0,0.0
585,0,0.0,-2.1837722850216523e-05,0.0,0.0,-15.070412726625241
585,1,0.0,0.0,-0.0023346702016431866,0.0,-0.1532381897617503
585,2,0.0,0.0,0.0,0.0,-0.6626472120523289
585,3,0.0,0.0,0.0,0.0,-0.07125
585,4,0.0,0.0,0.0,0.0,0.0
586,0,0.0,-2.1837722850216523e-05,0.0,0.0,-15.081157361272217
586,1,0.0,0.0,-0.0023346702016431866,0.0,-0.1532381897617503
586,2,0.0,0.0,0.0,0.0,-0.6626472120523289
586,3,0.0,0.0,0.0,0.0,-0.07125
586,4,0.0,0.0,0.0,0.0,0.0
587,0,0.0,-2.1837722850216523e-05,0.0,0.0,-15.091875718935025
587,1,0.0,0.0,-0.0023346702016431866,0.0,-0.1532381897617503
587,2,0.0,0.0,0.0,0.0,-0.6626472120523289
587,3,0.0,0.0,0.0,0.0,-0.07125
587,4,0.0,0.0,0.0,0.0,0.0
588,0,0.0,-2.1837722850216523e-05,0.0,0.0,-15.102567880946902
588,1,0.0,0.0,-0.0023346702016431866,0.0,-0.1532381897617503
588,2,0.0,0.0,0.0,0.0,-0.6626472120523289
588,3,0.0,0.0,0.0,0.0,-0.07125
588,4,0.0,0.0,0.0,0.0,0.0
589,0,0.0,-2.1837722850216523e-05,0.0,0.0,-15.113233928354818
589,1,0.0,0.0,-0.0023346702016431866,0.0,-0.1532381897617503
589,2,0.0,0.0,0.0,0.0,-0.6626472120523289
589,3,0.0,0.0,0.0,0.0,-0.07125
589,4,0.0,0.0,0.0,0.0,0.0
590,0,0.0,-2.1837722850216523e-05,0.0,0.0,-15.123873941920545
590,1,0.0,0.0,-0.0023346702016431866,0.0,-0.1532381897617503
590,2,0.0,0.0,0.0,0.0,-0.6626472120523289
590,3,0.0,0.0,0.0,0.0,-0.07125
590,4,0.0,0.0,0.0,0.0,0.0
591,0,0.0,-2.1837722850216523e-05,0.0,0.0,-15.134488002121776
591,1,0.0,0.0,-0.0023346702016431866,0.0,-0.1532381897617503
591,2,0.0,0.0,0.0,0.0,-0.6626472120523289
591,3,0.0,0.0,0.0,0.0,-0.07125
591,4,0.0,0.0,0.0,0.0,0.0
592,0,0.0,-2.1837722850216523e-05,0.0,0.0,-15.145076189153176
592,1,0.0,0.0,-0.0023346702016431866,0.0,-0.1532381897617503
592,2,0.0,0.0,0.0,0.0,-0.6626472120523289
592,3,0.0,0.0,0.0,0.0,-0.07125
592,4,0.0,0.0,0.0,0.0,0.0
593,0,0.0,-2.1837722850216523e-05,0.0,0.0,-15.15563858292749
593,1,0.0,0.0,-0.0023346702016431866,0.0,-0.1532381897617503
593,2,0.0,0.0,0.0,0.0,-0.6626472120523289
593,3,0.0,0.0,0.0,0.0,-0.07125
593,4,0.0,0.0,0.0,0.0,0.0
594,0,0.0,-2.1837722850216523e-05,0.0,0.0,-15.166175263076592
594,1,0.0,0.0,-0.0023346702016431866,0.0,-0.1532381897617503
594,2,0.0,0.0,0.0,0.0,-0.6626472120523289
594,3,0.0,0.0,0.0,0.0,-0.07125
594,4,0.0,0.0,0.0,0.0,0.0
595,0,0.0,-2.1837722850216523e-05,0.0,0.0,-15.176686308952545
595,1,0.0,0.0,-0.0023346702016431866,0.0,-0.1532381897617503
595,2,0.0,0.0,0.0,0.0,-0.6626472120523289
595,3,0.0,0.0,0.0,0.0,-0.07125
595,4,0.0,0.0,0.0,0.0,0.0
596,0,0.0,-2.1837722850216523e-05,0.0,0.0,-15.187171799628711
596,1,0.0,0.0,-0.0023346702016431866,0.0,-0.1532381897617503
596,2,0.0,0.0,0.0,0.0,-0.6626472120523289
596,3,0.0,0.0,0.0,0.0,-0.07125
596,4,0.0,0.0,0.0,0.0,0.0
597,0,0.0,-2.1837722850216523e-05,0.0,0.0,-15.197631813900744
597,1,0.0,0.0,-0.0023346702016431866,0.0,-0.1532381897617503
597,2,0.0,0.0,0.0,0.0,-0.6626472120523289
597,3,0.0,0.0,0.0,0.0,-0.07125
597,4,0.0,0.0,0.0,0.0,0.0
598,0,0.0,-2.1837722850216523e-05,0.0,0.0,-15.208066430287712
598,1,0.0,0.0,-0.0023346702016431866,0.0,-0.1532381897617503
598,2,0.0,0.0,0.0,0.0,-0.6626472120523289
598,3,0.0,0.0,0.0,0.0,-0.07125
598,4,0.0,0.0,0.0,0.0,0.0
599,0,0.0,-2.1837722850216523e-05,0.0,0.0,-15.218475727033091
599,1,0.0,0.0,-0.0023346702016431866,0.0,-0.1532381897617503
599,2,0.0,0.0,0.0,0.0,-0.6626472120523289
599,3,0.0,0.0,0.0,0.0,-0.07125
599,4,0.0,0.0,0.0,0.0,0.0
600,0,0.0,-2.1837722850216523e-05,0.0,0.0,-15.228859782105857
600,1,0.0,0.0,-0.0023346702016431866,0.0,-0.1532381897617503
600,2,0.0,0.0,0.0,0.0,-0.6626472120523289
600,3,0.0,0.0,0.0,0.0,-0.07125
600,4,0.0,0.0,0.0,0.0,0.0
601,0,0.0,-2.1837722850216523e-05,0.0,0.0,-15.239218673201496
601,1,0.0,0.0,-0.0023346702016431866,0.0,-0.1532381897617503
601,2,0.0,0.0,0.0,0.0,-0.6626472120523289
601,3,0.0,0.0,0.0,0.0,-0.07125
601,4,0.0,0.0,0.0,0.0,0.0
602,0,0.0,-2.1837722850216523e-05,0.0,0.0,-15.249552477743062
602,1,0.0,0.0,-0.0023346702016431866,0.0,-0.1532381897617503
602,2,0.0,0.0,0.0,0.0,-0.6626472120523289
602,3,0.0,0.0,0.0,0.0,-0.07125
602,4,0.0,0.0,0.0,0.0,0.0
603,0,0.0,-2.1837722850216523e-05,0.0,0.0,-15.259861272882214
603,1,0.0,0.0,-0.0023346702016431866,0.0,-0.1532381897617503
603,2,0.0,0.0,0.0,0.0,-0.6626472120523289
603,3,0.0,0.0,0.0,0.0,-0.07125
603,4,0.0,0.0,0.0,0.0,0.0
604,0,0.0,-2.1837722850216523e-05,0.0,0.0,-15.27014513550022
604,1,0.0,0.0,-0.0023346702016431866,0.0,-0.1532381897617503
604,2,0.0,0.0,0.0,0.0,-0.6626472120523289
604,3,0.0,0.0,0.0,0.0,-0.07125
604,4,0.0,0.0,0.0,0.0,0.0
605,0,0.0,-2.1837722850216523e-05,0.0,0.0,-15.280404142209013
605,1,0.0,0.0,-0.0023346702016431866,0.0,-0.1532381897617503
605,2,0.0,0.0,0.0,0.0,-0.6626472120523289
605,3,0.0,0.0,0.0,0.0,-0.07125
605,4,0.0,0.0,0.0,0.0,0.0
606,0,0.0,-2.1837722850216523e-05,0.0,0.0,-15.290638369352195
606,1,0.0,0.0,-0.0023346702016431866,0.0,-0.1532381897617503
606,2,0.0,0.0,0.0,0.0,-0.6626472120523289
606,3,0.0,0.0,0.0,0.0,-0.07125
606,4,0.0,0.0,0.0,0.0,0.0
607,0,0.0,-2.1837722850216523e-05,0.0,0.0,-15.30084789300607
607,1,0.0,0.0,-0.0023346702016431866,0.0,-0.1532381897617503
607,2,0.0,0.0,0.0,0.0,-0.6626472120523289
607,3,0.0,0.0,0.0,0.0,-0.07125
607,4,0.0,0.0,0.0,0.0,0.0
608,0,0.0,-2.1837722850216523e-05,0.0,0.0,-15.311032788980636
608,1,0.0,0.0,-0.0023346702016431866,0.0,-0.1532381897617503
608,2,0.0,0.0,0.0,0.0,-0.6626472120523289
608,3,0.0,0.0,0.0,0.0,-0.07125
608,4,0.0,0.0,0.0,0.0,0.0
609,0,0.0,-2.1837722850216523e-05,0.0,0.0,-15.321193132820621
609,1,0.0,0.0,-0.0023346702016431866,0.0,-0.1532381897617503
609,2,0.0,0.0,0.0,0.0,-0.6626472120523289
609,3,0.0,0.0,0.0,0.0,-0.07125
609,4,0.0,0.0,0.0,0.0,0.0
610,0,0.0,-2.1837722850216523e-05,0.0,0.0,-15.331328999806463
610,1,0.0,0.0,-0.0023346702016431866,0.0,-0.1532381897617503
610,2,0.0,0.0,0.0,0.0,-0.6626472120523289
610,3,0.0,0.0,0.0,0.0,-0.07125
610,4,0.0,0.0,0.0,0.0,0.0
611,0,0.0,-2.1837722850216523e-05,0.0,0.0,-15.341440464955333
611,1,0.0,0.0,-0.0023346702016431866,0.0,-0.1532381897617503
611,2,0.0,0.0,0.0,0.0,-0.6626472120523289
611,3,0.0,0.0,0.0,0.0,-0.07125
611,4,0.0,0.0,0.0,0.0,0.0
612,0,0.0,-2.1837722850216523e-05,0.0,0.0,-15.35152760302212
612,1,0.0,0.0,-0.0023346702016431866,0.0,-0.1532381897617503
612,2,0.0,0.0,0.0,0.0,-0.6626472120523289
612,3,0.0,0.0,0.0,0.0,-0.07125
612,4,0.0,0.0,0.0,0.0,0.0
613,0,0.0,-2.1837722850216523e-05,0.0,0.0,-15.361590488500427
613,1,0.0,0.0,-0.0023346702016431866,0.0,-0.1532381897617503
613,2,0.0,0.0,0.0,0.0,-0.6626472120523289
613,3,0.0,0.0,0.0,0.0,-0.07125
613,4,0.0,0.0,0.0,0.0,0.0
614,0,0.0,-2.1837722850216523e-05,0.0,0.0,-15.371629195623573
614,1,0.0,0.0,-0.0023346702016431866,0.0,-0.1532381897617503
614,2,0.0,0.0,0.0,0.0,-0.6626472120523289
614,3,0.0,0.0,0.0,0.0,-0.07125
614,4,0.0,0.0,0.0,0.0,0.0
615,0,0.0,-2.1837722850216523e-05,0.0,0.0,-15.381643798365555
615,1,0.0,0.0,-0.0023346702016431866,0.0,-0.1532381897617503
615,2,0.0,0.0,0.0,0.0,-0.6626472120523289
615,3,0.0,0.0,0.0,0.0,-0.07125
615,4,0.0,0.0,0.0,0.0,0.0
616,0,0.0,-2.1837722850216523e-05,0.0,0.0,-15.39163437044205
616,1,0.0,0.0,-0.0023346702016431866,0.0,-0.1532381897617503
616,2,0.0,0.0,0.0,0.0,-0.6626472120523289
616,3,0.0,0.0,0.0,0.0,-0.07125
616,4,0.0,0.0,0.0,0.0,0.0
617,0,0.0,-2.1837722850216523e-05,0.0,0.0,-15.401600985311392
617,1,0.0,0.0,-0.0023346702016431866,0.0,-0.1532381897617503
617,2,0.0,0.0,0.0,0.0,-0.6626472120523289
617,3,0.0,0.0,0.0,0.0,-0.07125
617,4,0.0,0.0,0.0,0.0,0.0
618,0,0.0,-2.1837722850216523e-05,0.0,0.0,-15.411543716175524
618,1,0.0,0.0,-0.0023346702016431866,0.0,-0.1532381897617503
618,2,0.0,0.0,0.0,0.0,-0.6626472120523289
618,3,0.0,0.0,0.0,0.0,-0.07125
618,4,0.0,0.0,0.0,0.0,0.0
619,0,0.0,-2.1837722850216523e-05,0.0,0.0,-15.421462635981001
619,1,0.0,0.0,-0.0023346702016431866,0.0,-0.1532381897617503
619,2,0.0,0.0,0.0,0.0,-0.6626472120523289
619,3,0.0,0.0,0.0,0.0,-0.07125
619,4,0.0,0.0,0.0,0.0,0.0
620,0,0.0,-2.1837722850216523e-05,0.0,0.0,-15.43135781741994
620,1,0.0,0.0,-0.0023346702016431866,0.0,-0.1532381897617503
620,2,0.0,0.0,0.0,0.0,-0.6626472120523289
620,3,0.0,0.0,0.0,0.0,-0.07125
620,4,0.0,0.0,0.0,0.0,0.0
621,0,0.0,-2.1837722850216523e-05,0.0,0.0,-15.441229332930966
621,1,0.0,0.0,-0.0023346702016431866,0.0,-0.1532381897617503
621,2,0.0,0.0,0.0,0.0,-0.6626472120523289
621,3,0.0,0.0,0.0,0.0,-0.07125
621,4,0.0,0.0,0.0,0.0,0.0
622,0,0.0,-2.1837722850216523e-05,0.0,0.0,-15.451077254700209
622,1,0.0,0.0,-0.0023346702016431866,0.0,-0.1532381897617503
622,2,0.0,0.0,0.0,0.0,-0.6626472120523289
622,3,0.0,0.0,0.0,0.0,-0.07125
622,4,0.0,0.0,0.0,0.0,0.0
623,0,0.0,-2.1837722850216523e-05,0.0,0.0,-15.46090165466222
623,1,0.0,0.0,-0.0023346702016431866,0.0,-0.1532381897617503
623,2,0.0,0.0,0.0,0.0,-0.6626472120523289
623,3,0.0,0.0,0.0,0.0,-0.07125
623,4,0.0,0.0,0.0,0.0,0.0
624,0,0.0,-2.1837722850216523e-05,0.0,0.0,-15.470702604500941
624,1,0.0,0.0,-0.0023346702016431866,0.0,-0.1532381897617503
624,2,0.0,0.0,0.0,0.0,-0.6626472120523289
624,3,0.0,0.0,0.0,0.0,-0.07125
624,4,0.0,0.0,0.0,0.0,0.0
625,0,0.0,-2.1837722850216523e-05,0.0,0.0,-15.48048017565066
625,1,0.0,0.0,-0.0023346702016431866,0.0,-0.1532381897617503
625,2,0.0,0.0,0.0,0.0,-0.6626472120523289
625,3,0.0,0.0,0.0,0.0,-0.07125
625,4,0.0,0.0,0.0,0.0,0.0
626,0,0.0,-2.1837722850216523e-05,0.0,0.0,-15.490234439296941
626,1,0.0,0.0,-0.0023346702016431866,0.0,-0.1532381897617503
626,2,0.0,0.0,0.0,0.0,-0.6626472120523289
626,3,0.0,0.0,0.0,0.0,-0.07125
626,4,0.0,0.0,0.0,0.0,0.0
627,0,0.0,-2.1837722850216523e-05,0.0,0.0,-15.499965466377565
627,1,0.0,0.0,-0.0023346702016431866,0.0,-0.1532381897617503
627,2,0.0,0.0,0.0,0.0,-0.6626472120523289
627,3,0.0,0.0,0.0,0.0,-0.07125
627,4,0.0,0.0,0.0,0.0,0.0
628,0,0.0,-2.1837722850216523e-05,0.0,0.0,-15.509673327583467
628,1,0.0,0.0,-0.0023346702016431866,0.0,-0.1532381897617503
628,2,0.0,0.0,0.0,0.0,-0.6626472120523289
628,3,0.0,0.0,0.0,0.0,-0.07125
628,4,0.0,0.0,0.0,0.0,0.0
629,0,0.0,-2.1837722850216523e-05,0.0,0.0,-15.51935809335967
629,1,0.0,0.0,-0.0023346702016431866,0.0,-0.1532381897617503
629,2,0.0,0.0,0.0,0.0,-0.6626472120523289
629,3,0.0,0.0,0.0,0.0,-0.07125
629,4,0.0,0.0,0.0,0.0,0.0
630,0,0.0,-2.1837722850216523e-05,0.0,0.0,-15.529019833906219
630,1,0.0,0.0,-0.0023346702016431866,0.0,-0.1532381897617503
630,2,0.0,0.0,0.0,0.0,-0.6626472120523289
630,3,0.0,0.0,0.0,0.0,-0.07125
630,4,0.0,0.0,0.0,0.0,0.0
631,0,0.0,-2.1837722850216523e-05,0.0,0.0,-15.538658619179087
631,1,0.0,0.0,-0.0023346702016431866,0.0,-0.1532381897617503
631,2,0.0,0.0,0.0,0.0,-0.6626472120523289
631,3,0.0,0.0,0.0,0.0,-0.07125
631,4,0.0,0.0,0.0,0.0,0.0
632,0,0.0,-2.1837722850216523e-05,0.0,0.0,-15.548274518891125
632,1,0.0,0.0,-0.0023346702016431866,0.0,-0.1532381897617503
632,2,0.0,0.0,0.0,0.0,-0.6626472120523289
632,3,0.0,0.0,0.0,0.0,-0.07125
632,4,0.0,0.0,0.0,0.0,0.0
633,0,0.0,-2.1837722850216523e-05,0.0,0.0,-15.557867602512953
633,1,0.0,0.0,-0.0023346702016431866,0.0,-0.1532381897617503
633,2,0.0,0.0,0.0,0.0,-0.6626472120523289
633,3,0.0,0.0,0.0,0.0,-0.07125
633,4,0.0,0.0,0.0,0.0,0.0
634,0,0.0,-2.1837722850216523e-05,0.0,0.0,-15.567437939273887
634,1,0.0,0.0,-0.0023346702016431866,0.0,-0.1532381897617503
634,2,0.0,0.0,0.0,0.0,-0.6626472120523289
634,3,0.0,0.0,0.0,0.0,-0.07125
634,4,0.0,0.0,0.0,0.0,0.0
635,0,0.0,-2.1837722850216523e-05,0.0,0.0,-15.57698559816284
635,1,0.0,0.0,-0.0023346702016431866,0.0,-0.1532381897617503
635,2,0.0,0.0,0.0,0.0,-0.6626472120523289
635,3,0.0,0.0,0.0,0.0,-0.07125
635,4,0.0,0.0,0.0,0.0,0.0
636,0,0.0,-2.1837722850216523e-05,0.0,0.0,-15.586510647929245
636,1,0.0,0.0,-0.0023346702016431866,0.0,-0.1532381897617503
636,2,0.0,0.0,0.0,0.0,-0.6626472120523289
636,3,0.0,0.0,0.0,0.0,-0.07125
636,4,0.0,0.0,0.0,0.0,0.0
637,0,0.0,-2.1837722850216523e-05,0.0,0.0,-15.596013157083943
637,1,0.0,0.0,-0.0023346702016431866,0.0,-0.1532381897617503
637,2,0.0,0.0,0.0,0.0,-0.6626472120523289
637,3,0.0,0.0,0.0,0.0,-0.07125
637,4,0.0,0.0,0.0,0.0,0.0
638,0,0.0,-2.1837722850216523e-05,0.0,0.0,-15.605493193900086
638,1,0.0,0.0,-0.0023346702016431866,0.0,-0.1532381897617503
638,2,0.0,0.0,0.0,0.0,-0.6626472120523289
638,3,0.0,0.0,0.0,0.0,-0.07125
638,4,0.0,0.0,0.0,0.0,0.0
639,0,0.0,-2.1837722850216523e-05,0.0,0.0,-15.614950826414034
639,1,0.0,0.0,-0.0023346702016431866,0.0,-0.1532381897617503
639,2,0.0,0.0,0.0,0.0,-0.6626472120523289
639,3,0.0,0.0,0.0,0.0,-0.07125
639,4,0.0,0.0,0.0,0.0,0.0
640,0,0.0,-2.1837722850216523e-05,0.0,0.0,-15.624386122426246
640,1,0.0,0.0,-0.0023346702016431866,0.0,-0.1532381897617503
640,2,0.0,0.0,0.0,0.0,-0.6626472120523289
640,3,0.0,0.0,0.0,0.0,-0.07125
640,4,0.0,0.0,0.0,0.0,0.0
641,0,0.0,-2.1837722850216523e-05,0.0,0.0,-15.633799149502174
641,1,0.0,0.0,-0.0023346702016431866,0.0,-0.1532381897617503
641,2,0.0,0.0,0.0,0.0,-0.6626472120523289
641,3,0.0,0.0,0.0,0.0,-0.07125
641,4,0.0,0.0,0.0,0.0,0.0
642,0,0.0,-2.1837722850216523e-05,0.0,0.0,-15.643189974973135
642,1,0.0,0.0,-0.0023346702016431866,0.0,-0.1532381897617503
642,2,0.0,0.0,0.0,0.0,-0.6626472120523289
642,3,0.0,0.0,0.0,0.0,-0.07125
642,4,0.0,0.0,0.0,0.0,0.0
643,0,0.0,-2.1837722850216523e-05,0.0,0.0,-15.652558665937208
643,1,0.0,0.0,-0.0023346702016431866,0.0,-0.1532381897617503
643,2,0.0,0.0,0.0,0.0,-0.6626472120523289
643,3,0.0,0.0,0.0,0.0,-0.07125
643,4,0.0,0.0,0.0,0.0,0.0
644,0,0.0,-2.1837722850216523e-05,0.0,0.0,-15.661905289260103
644,1,0.0,0.0,-0.0023346702016431866,0.0,-0.1532381897617503
644,2,0.0,0.0,0.0,0.0,-0.6626472120523289
644,3,0.0,0.0,0.0,0.0,-0.07125
644,4,0.0,0.0,0.0,0.0,0.0
645,0,0.0,-2.1837722850216523e-05,0.0,0.0,-15.67122991157604
645,1,0.0,0.0,-0.0023346702016431866,0.0,-0.1532381897617503
645,2,0.0,0.0,0.0,0.0,-0.6626472120523289
645,3,0.0,0.0,0.0,0.0,-0.07125
645,4,0.0,0.0,0.0,0.0,0.0
646,0,0.0,-2.1837722850216523e-05,0.0,0.0,-15.680532599288611
646,1,0.0,0.0,-0.0023346702016431866,0.0,-0.1532381897617503
646,2,0.0,0.0,0.0,0.0,-0.6626472120523289
646,3,0.0,0.0,0.0,0.0,-0.07125
646,4,0.0,0.0,0.0,0.0,0.0
647,0,0.0,-2.1837722850216523e-05,0.0,0.0,-15.689813418571665
647,1,0.0,0.0,-0.0023346702016431866,0.0,-0.1532381897617503
647,2,0.0,0.0,0.0,0.0,-0.6626472120523289
647,3,0.0,0.0,0.0,0.0,-0.07125
647,4,0.0,0.0,0.0,0.0,0.0
648,0,0.0,-2.1837722850216523e-05,0.0,0.0,-15.699072435370148
648,1,0.0,0.0,-0.0023346702016431866,0.0,-0.1532381897617503
648,2,0.0,0.0,0.0,0.0,-0.6626472120523289
648,3,0.0,0.0,0.0,0.0,-0.07125
648,4,0.0,0.0,0.0,0.0,0.0
649,0,0.0,-2.1837722850216523e-05,0.0,0.0,-15.708309715400986
649,1,0.0,0.0,-0.0023346702016431866,0.0,-0.1532381897617503
649,2,0.0,0.0,0.0,0.0,-0.6626472120523289
649,3,0.0,0.0,0.0,0.0,-0.07125
649,4,0.0,0.0,0.0,0.0,0.0
650,0,0.0,-2.1837722850216523e-05,0.0,0.0,-15.717525324153938
650,1,0.0,0.0,-0.0023346702016431866,0.0,-0.1532381897617503
650,2,0.0,0.0,0.0,0.0,-0.6626472120523289
650,3,0.0,0.0,0.0,0.0,-0.07125
650,4,0.0,0.0,0.0,0.0,0.0
651,0,0.0,-2.1837722850216523e-05,0.0,0.0,-15.72671932689243
651,1,0.0,0.0,-0.0023346702016431866,0.0,-0.1532381897617503
651,2,0.0,0.0,0.0,0.0,-0.6626472120523289
651,3,0.0,0.0,0.0,0.0,-0.07125
651,4,0.0,0.0,0.0,0.0,0.0
652,0,0.0,-2.1837722850216523e-05,0.0,0.0,-15.735891788654438
652,1,0.0,0.0,-0.0023346702016431866,0.0,-0.1532381897617503
652,2,0.0,0.0,0.0,0.0,-0.6626472120523289
652,3,0.0,0.0,0.0,0.0,-0.07125
652,4,0.0,0.0,0.0,0.0,0.0
653,0,0.0,-2.1837722850216523e-05,0.0,0.0,-15.745042774253305
653,1,0.0,0.0,-0.0023346702016431866,0.0,-0.1532381897617503
653,2,0.0,0.0,0.0,0.0,-0.6626472120523289
653,3,0.0,0.0,0.0,0.0,-0.07125
653,4,0.0,0.0,0.0,0.0,0.0
654,0,0.0,-2.1837722850216523e-05,0.0,0.0,-15.754172348278608
654,1,0.0,0.0,-0.0023346702016431866,0.0,-0.1532381897617503
654,2,0.0,0.0,0.0,0.0,-0.6626472120523289
654,3,0.0,0.0,0.0,0.0,-0.07125
654,4,0.0,0.0,0.0,0.0,0.0
655,0,0.0,-2.1837722850216523e-05,0.0,0.0,-15.763280575096982
655,1,0.0,0.0,-0.0023346702016431866,0.0,-0.1532381897617503
655,2,0.0,0.0,0.0,0.0,-0.6626472120523289
655,3,0.0,0.0,0.0,0.0,-0.07125
655,4,0.0,0.0,0.0,0.0,0.0
656,0,0.0,-2.1837722850216523e-05,0.0,0.0,-15.772367518852965
656,1,0.0,0.0,-0.0023346702016431866,0.0,-0.1532381897617503
656,2,0.0,0.0,0.0,0.0,-0.6626472120523289
656,3,0.0,0.0,0.0,0.0,-0.07125
656,4,0.0,0.0,0.0,0.0,0.0
657,0,0.0,-2.1837722850216523e-05,0.0,0.0,-15.781433243469829
657,1,0.0,0.0,-0.0023346702016431866,0.0,-0.1532381897617503
657,2,0.0,0.0,0.0,0.0,-0.6626472120523289
657,3,0.0,0.0,0.0,0.0,-0.07125
657,4,0.0,0.0,0.0,0.0,0.0
658,0,0.0,-2.1837722850216523e-05,0.0,0.0,-15.790477812650416
658,1,0.0,0.0,-0.0023346702016431866,0.0,-0.1532381897617503
658,2,0.0,0.0,0.0,0.0,-0.6626472120523289
658,3,0.0,0.0,0.0,0.0,-0.07125
658,4,0.0,0.0,0.0,0.0,0.0
659,0,0.0,-2.1837722850216523e-05,0.0,0.0,-15.799501289877952
659,1,0.0,0.0,-0.0023346702016431866,0.0,-0.1532381897617503
659,2,0.0,0.0,0.0,0.0,-0.6626472120523289
659,3,0.0,0.0,0.0,0.0,-0.07125
659,4,0.0,0.0,0.0,0.0,0.0
660,0,0.0,-2.1837722850216523e-05,0.0,0.0,-15.808503738416894
660,1,0.0,0.0,-0.0023346702016431866,0.0,-0.1532381897617503
660,2,0.0,0.0,0.0,0.0,-0.6626472120523289
660,3,0.0,0.0,0.0,0.0,-0.07125
660,4,0.0,0.0,0.0,0.0,0.0
661,0,0.0,-2.1837722850216523e-05,0.0,0.0,-15.817485221313714
661,1,0.0,0.0,-0.0023346702016431866,0.0,-0.1532381897617503
661,2,0.0,0.0,0.0,0.0,-0.6626472120523289
661,3,0.0,0.0,0.0,0.0,-0.07125
661,4,0.0,0.0,0.0,0.0,0.0
662,0,0.0,-2.1837722850216523e-05,0.0,0.0,-15.826445801397766
662,1,0.0,0.0,-0.0023346702016431866,0.0,-0.1532381897617503
662,2,0.0,0.0,0.0,0.0,-0.6626472120523289
662,3,0.0,0.0,0.0,0.0,-0.07125
662,4,0.0,0.0,0.0,0.0,0.0
663,0,0.0,-2.1837722850216523e-05,0.0,0.0,-15.835385541282049
663,1,0.0,0.0,-0.0023346702016431866,0.0,-0.1532381897617503
663,2,0.0,0.0,0.0,0.0,-0.6626472120523289
663,3,0.0,0.0,0.0,0.0,-0.07125
663,4,0.0,0.0,0.0,0.0,0.0
664,0,0.0,-2.1837722850216523e-05,0.0,0.0,-15.844304503364059
664,1,0.0,0.0,-0.0023346702016431866,0.0,-0.1532381897617503
664,2,0.0,0.0,0.0,0.0,-0.6626472120523289
664,3,0.0,0.0,0.0,0.0,-0.07125
664,4,0.0,0.0,0.0,0.0,0.0
665,0,0.0,-2.1837722850216523e-05,0.0,0.0,-15.853202749826567
665,1,0.0,0.0,-0.0023346702016431866,0.0,-0.1532381897617503
665,2,0.0,0.0,0.0,0.0,-0.6626472120523289
665,3,0.0,0.0,0.0,0.0,-0.07125
665,4,0.0,0.0,0.0,0.0,0.0
666,0,0.0,-2.1837722850216523e-05,0.0,0.0,-15.862080342638443
666,1,0.0,0.0,-0.0023346702016431866,0.0,-0.1532381897617503
666,2,0.0,0.0,0.0,0.0,-0.6626472120523289
666,3,0.0,0.0,0.0,0.0,-0.07125
666,4,0.0,0.0,0.0,0.0,0.0
667,0,0.0,-2.1837722850216523e-05,0.0,0.0,-15.870937343555447
667,1,0.0,0.0,-0.0023346702016431866,0.0,-0.1532381897617503
667,2,0.0,0.0,0.0,0.0,-0.6626472120523289
667,3,0.0,0.0,0.0,0.0,-0.07125
667,4,0.0,0.0,0.0,0.0,0.0
668,0,0.0,-2.1837722850216523e-05,0.0,0.0,-15.879773814121029
668,1,0.0,0.0,-0.0023346702016431866,0.0,-0.1532381897617503
668,2,0.0,0.0,0.0,0.0,-0.6626472120523289
668,3,0.0,0.0,0.0,0.0,-0.07125
668,4,0.0,0.0,0.0,0.0,0.0
669,0,0.0,-2.1837722850216523e-05,0.0,0.0,-15.888589815667126
669,1,0.0,0.0,-0.0023346702016431866,0.0,-0.1532381897617503
669,2,0.0,0.0,0.0,0.0,-0.6626472120523289
669,3,0.0,0.0,0.0,0.0,-0.07125
669,4,0.0,0.0,0.0,0.0,0.0
670,0,0.0,-2.1837722850216523e-05,0.0,0.0,-15.897385409314964
670,1,0.0,0.0,-0.0023346702016431866,0.0,-0.1532381897617503
670,2,0.0,0.0,0.0,0.0,-0.6626472120523289
670,3,0.0,0.0,0.0,0.0,-0.07125
670,4,0.0,0.0,0.0,0.0,0.0
671,0,0.0,-2.1837722850216523e-05,0.0,0.0,-15.906160655975814
671,1,0.0,0.0,-0.0023346702016431866,0.0,-0.1532381897617503
671,2,0.0,0.0,0.0,0.0,-0.6626472120523289
671,3,0.0,0.0,0.0,0.0,-0.07125
671,4,0.0,0.0,0.0,0.0,0.0
672,0,0.0,-2.1837722850216523e-05,0.0,0.0,-15.914915616351813
672,1,0.0,0.0,-0.0023346702016431866,0.0,-0.1532381897617503
672,2,0.0,0.0,0.0,0.0,-0.6626472120523289
672,3,0.0,0.0,0.0,0.0,-0.07125
672,4,0.0,0.0,0.0,0.0,0.0
673,0,0.0,-2.1837722850216523e-05,0.0,0.0,-15.923650350936736
673,1,0.0,0.0,-0.0023346702016431866,0.0,-0.1532381897617503
673,2,0.0,0.0,0.0,0.0,-0.6626472120523289
673,3,0.0,0.0,0.0,0.0,-0.07125
673,4,0.0,0.0,0.0,0.0,0.0
674,0,0.0,-2.1837722850216523e-05,0.0,0.0,-15.932364920016761
674,1,0.0,0.0,-0.0023346702016431866,0.0,-0.1532381897617503
674,2,0.0,0.0,0.0,0.0,-0.6626472120523289
674,3,0.0,0.0,0.0,0.0,-0.07125
674,4,0.0,0.0,0.0,0.0,0.0
675,0,0.0,-2.1837722850216523e-05,0.0,0.0,-15.941059383671261
675,1,0.0,0.0,-0.0023346702016431866,0.0,-0.1532381897617503
675,2,0.0,0.0,0.0,0.0,-0.6626472120523289
675,3,0.0,0.0,0.0,0.0,-0.07125
675,4,0.0,0.0,0.0,0.0,0.0
676,0,0.0,-2.1837722850216523e-05,0.0,0.0,-15.949733801773574
676,1,0.0,0.0,-0.0023346702016431866,0.0,-0.1532381897617503
676,2,0.0,0.0,0.0,0.0,-0.6626472120523289
676,3,0.0,0.0,0.0,0.0,-0.07125
676,4,0.0,0.0,0.0,0.0,0.0
677,0,0.0,-2.1837722850216523e-05,0.0,0.0,-15.95838823399177
677,1,0.0,0.0,-0.0023346702016431866,0.0,-0.1532381897617503
677,2,0.0,0.0,0.0,0.0,-0.6626472120523289
677,3,0.0,0.0,0.0,0.0,-0.07125
677,4,0.0,0.0,0.0,0.0,0.0
678,0,0.0,-2.1837722850216523e-05,0.0,0.0,-15.967022739789423
678,1,0.0,0.0,-0.0023346702016431866,0.0,-0.1532381897617503
678,2,0.0,0.0,0.0,0.0,-0.6626472120523289
678,3,0.0,0.0,0.0,0.0,-0.07125
678,4,0.0,0.0,0.0,0.0,0.0
679,0,0.0,-2.1837722850216523e-05,0.0,0.0,-15.97563737842636
679,1,0.0,0.0,-0.0023346702016431866,0.0,-0.1532381897617503
679,2,0.0,0.0,0.0,0.0,-0.6626472120523289
679,3,0.0,0.0,0.0,0.0,-0.07125
679,4,0.0,0.0,0.0,0.0,0.0
680,0,0.0,-2.1837722850216523e-05,0.0,0.0,-15.984232208959446
680,1,0.0,0.0,-0.0023346702016431866,0.0,-0.1532381897617503
680,2,0.0,0.0,0.0,0.0,-0.6626472120523289
680,3,0.0,0.0,0.0,0.0,-0.07125
680,4,0.0,0.0,0.0,0.0,0.0
681,0,0.0,-2.1837722850216523e-05,0.0,0.0,-15.992807290243327
681,1,0.0,0.0,-0.0023346702016431866,0.0,-0.1532381897617503
681,2,0.0,0.0,0.0,0.0,-0.6626472120523289
681,3,0.0,0.0,0.0,0.0,-0.07125
681,4,0.0,0.0,0.0,0.0,0.0
682,0,0.0,-2.1837722850216523e-05,0.0,0.0,-16.001362680931184
682,1,0.0,0.0,-0.0023346702016431866,0.0,-0.1532381897617503
682,2,0.0,0.0,0.0,0.0,-0.6626472120523289
682,3,0.0,0.0,0.0,0.0,-0.07125
682,4,0.0,0.0,0.0,0.0,0.0
683,0,0.0,-2.1837722850216523e-05,0.0,0.0,-16.009898439475492
683,1,0.0,0.0,-0.0023346702016431866,0.0,-0.1532381897617503
683,2,0.0,0.0,0.0,0.0,-0.6626472120523289
683,3,0.0,0.0,0.0,0.0,-0.07125
683,4,0.0,0.0,0.0,0.0,0.0
684,0,0.0,-2.1837722850216523e-05,0.0,0.0,-16.01841462412876
684,1,0.0,0.0,-0.0023346702016431866,0.0,-0.1532381897617503
684,2,0.0,0.0,0.0,0.0,-0.6626472120523289
684,3,0.0,0.0,0.0,0.0,-0.07125
684,4,0.0,0.0,0.0,0.0,0.0
685,0,0.0,-2.1837722850216523e-05,0.0,0.0,-16.02691129294429
685,1,0.0,0.0,-0.0023346702016431866,0.0,-0.1532381897617503
685,2,0.0,0.0,0.0,0.0,-0.6626472120523289
685,3,0.0,0.0,0.0,0.0,-0.07125
685,4,0.0,0.0,0.0,0.0,0.0
686,0,0.0,-2.1837722850216523e-05,0.0,0.0,-16.03538850377691
686,1,0.0,0.0,-0.0023346702016431866,0.0,-0.1532381897617503
686,2,0.0,0.0,0.0,0.0,-0.6626472120523289
686,3,0.0,0.0,0.0,0.0,-0.07125
686,4,0.0,0.0,0.0,0.0,0.0
687,0,0.0,-2.1837722850216523e-05,0.0,0.0,-16.04384631428372
687,1,0.0,0.0,-0.0023346702016431866,0.0,-0.1532381897617503
687,2,0.0,0.0,0.0,0.0,-0.6626472120523289
687,3,0.0,0.0,0.0,0.0,-0.07125
687,4,0.0,0.0,0.0,0.0,0.0
688,0,0.0,-2.1837722850216523e-05,0.0,0.0,-16.052284781924815
688,1,0.0,0.0,-0.0023346702016431866,0.0,-0.1532381897617503
688,2,0.0,0.0,0.0,0.0,-0.6626472120523289
688,3,0.0,0.0,0.0,0.0,-0.07125
688,4,0.0,0.0,0.0,0.0,0.0
689,0,0.0,-2.1837722850216523e-05,0.0,0.0,-16.060703963964052
689,1,0.0,0.0,-0.0023346702016431866,0.0,-0.1532381897617503
689,2,0.0,0.0,0.0,0.0,-0.6626472120523289
689,3,0.0,0.0,0.0,0.0,-0.07125
689,4,0.0,0.0,0.0,0.0,0.0
690,0,0.0,-2.1837722850216523e-05,0.0,0.0,-16.069103917469725
690,1,0.0,0.0,-0.0023346702016431866,0.0,-0.1532381897617503
690,2,0.0,0.0,0.0,0.0,-0.6626472120523289
690,3,0.0,0.0,0.0,0.0,-0.07125
690,4,0.0,0.0,0.0,0.0,0.0
691,0,0.0,-2.1837722850216523e-05,0.0,0.0,-16.077484699315377
691,1,0.0,0.0,-0.0023346702016431866,0.0,-0.1532381897617503
691,2,0.0,0.0,0.0,0.0,-0.6626472120523289
691,3,0.0,0.0,0.0,0.0,-0.07125
691,4,0.0,0.0,0.0,0.0,0.0
692,0,0.0,-2.1837722850216523e-05,0.0,0.0,-16.08584636618044
692,1,0.0,0.0,-0.0023346702016431866,0.0,-0.1532381897617503
692,2,0.0,0.0,0.0,0.0,-0.6626472120523289
692,3,0.0,0.0,0.0,0.0,-0.07125
692,4,0.0,0.0,0.0,0.0,0.0
693,0,0.0,-2.1837722850216523e-05,0.0,0.0,-16.094188974551003
693,1,0.0,0.0,-0.0023346702016431866,0.0,-0.1532381897617503
693,2,0.0,0.0,0.0,0.0,-0.6626472120523289
693,3,0.0,0.0,0.0,0.0,-0.07125
693,4,0.0,0.0,0.0,0.0,0.0
694,0,0.0,-2.1837722850216523e-05,0.0,0.0,-16.102512580720532
694,1,0.0,0.0,-0.0023346702016431866,0.0,-0.1532381897617503
694,2,0.0,0.0,0.0,0.0,-0.6626472120523289
694,3,0.0,0.0,0.0,0.0,-0.07125
694,4,0.0,0.0,0.0,0.0,0.0
695,0,0.0,-2.1837722850216523e-05,0.0,0.0,-16.110817240790585
695,1,0.0,0.0,-0.0023346702016431866,0.0,-0.1532381897617503
695,2,0.0,0.0,0.0,0.0,-0.6626472120523289
695,3,0.0,0.0,0.0,0.0,-0.07125
695,4,0.0,0.0,0.0,0.0,0.0
696,0,0.0,-2.1837722850216523e-05,0.0,0.0,-16.1191030106715
696,1,0.0,0.0,-0.0023346702016431866,0.0,-0.1532381897617503
696,2,0.0,0.0,0.0,0.0,-0.6626472120523289
696,3,0.0,0.0,0.0,0.0,-0.07125
696,4,0.0,0.0,0.0,0.0,0.0
697,0,0.0,-2.1837722850216523e-05,0.0,0.0,-16.12736994608314
697,1,0.0,0.0,-0.0023346702016431866,0.0,-0.1532381897617503
697,2,0.0,0.0,0.0,0.0,-0.6626472120523289
697,3,0.0,0.0,0.0,0.0,-0.07125
697,4,0.0,0.0,0.0,0.0,0.0
698,0,0.0,-2.1837722850216523e-05,0.0,0.0,-16.1356181025556
698,1,0.0,0.0,-0.0023346702016431866,0.0,-0.1532381897617503
698,2,0.0,0.0,0.0,0.0,-0.6626472120523289
698,3,0.0,0.0,0.0,0.0,-0.07125
698,4,0.0,0.0,0.0,0.0,0.0
699,0,0.0,-2.1837722850216523e-05,0.0,0.0,-16.14384753542988
699,1,0.0,0.0,-0.0023346702016431866,0.0,-0.1532381897617503
699,2,0.0,0.0,0.0,0.0,-0.6626472120523289
699,3,0.0,0.0,0.0,0.0,-0.07125
699,4,0.0,0.0,0.0,0.0,0.0
700,0,0.0,-2.1837722850216523e-05,0.0,0.0,-16.152058299858624
700,1,0.0,0.0,-0.0023346702016431866,0.0,-0.1532381897617503
700,2,0.0,0.0,0.0,0.0,-0.6626472120523289
700,3,0.0,0.0,0.0,0.0,-0.07125
700,4,0.0,0.0,0.0,0.0,0.0
701,0,0.0,-2.1837722850216523e-05,0.0,0.0,-16.160250450806807
701,1,0.0,0.0,-0.0023346702016431866,0.0,-0.1532381897617503
701,2,0.0,0.0,0.0,0.0,-0.6626472120523289
701,3,0.0,0.0,0.0,0.0,-0.07125
701,4,0.0,0.0,0.0,0.0,0.0
702,0,0.0,-2.1837722850216523e-05,0.0,0.0,-16.168424043052422
702,1,0.0,0.0,-0.0023346702016431866,0.0,-0.1532381897617503
702,2,0.0,0.0,0.0,0.0,-0.6626472120523289
702,3,0.0,0.0,0.0,0.0,-0.07125
702,4,0.0,0.0,0.0,0.0,0.0
703,0,0.0,-2.1837722850216523e-05,0.0,0.0,-16.176579131187196
703,1,0.0,0.0,-0.0023346702016431866,0.0,-0.1532381897617503
703,2,0.0,0.0,0.0,0.0,-0.6626472120523289
703,3,0.0,0.0,0.0,0.0,-0.07125
703,4,0.0,0.0,0.0,0.0,0.0
704,0,0.0,-2.1837722850216523e-05,0.0,0.0,-16.18471576961727
704,1,0.0,0.0,-0.0023346702016431866,0.0,-0.1532381897617503
704,2,0.0,0.0,0.0,0.0,-0.6626472120523289
704,3,0.0,0.0,0.0,0.0,-0.07125
704,4,0.0,0.0,0.0,0.0,0.0
705,0,0.0,-2.1837722850216523e-05,0.0,0.0,-16.19283401256388
705,1,0.0,0.0,-0.0023346702016431866,0.0,-0.1532381897617503
705,2,0.0,0.0,0.0,0.0,-0.6626472120523289
705,3,0.0,0.0,0.0,0.0,-0.07125
705,4,0.0,0.0,0.0,0.0,0.0
706,0,0.0,-2.1837722850216523e-05,0.0,0.0,-16.200933914064052
706,1,0.0,0.0,-0.0023346702016431866,0.0,-0.1532381897617503
706,2,0.0,0.0,0.0,0.0,-0.6626472120523289
706,3,0.0,0.0,0.0,0.0,-0.07125
706,4,0.0,0.0,0.0,0.0,0.0
707,0,0.0,-2.1837722850216523e-05,0.0,0.0,-16.20901552797131
707,1,0.0,0.0,-0.0023346702016431866,0.0,-0.1532381897617503
707,2,0.0,0.0,0.0,0.0,-0.6626472120523289
707,3,0.0,0.0,0.0,0.0,-0.07125
707,4,0.0,0.0,0.0,0.0,0.0
708,0,0.0,-2.1837722850216523e-05,0.0,0.0,-16.217078907956314
708,1,0.0,0.0,-0.0023346702016431866,0.0,-0.1532381897617503
708,2,0.0,0.0,0.0,0.0,-0.6626472120523289
708,3,0.0,0.0,0.0,0.0,-0.07125
708,4,0.0,0.0,0.0,0.0,0.0
709,0,0.0,-2.1837722850216523e-05,0.0,0.0,-16.22512410750755
709,1,0.0,0.0,-0.0023346702016431866,0.0,-0.1532381897617503
709,2,0.0,0.0,0.0,0.0,-0.6626472120523289
709,3,0.0,0.0,0.0,0.0,-0.07125
709,4,0.0,0.0,0.0,0.0,0.0
710,0,0.0,-2.1837722850216523e-05,0.0,0.0,-16.23315117993205
710,1,0.0,0.0,-0.0023346702016431866,0.0,-0.1532381897617503
710,2,0.0,0.0,0.0,0.0,-0.6626472120523289
710,3,0.0,0.0,0.0,0.0,-0.07125
710,4,0.0,0.0,0.0,0.0,0.0
711,0,0.0,-2.1837722850216523e-05,0.0,0.0,-16.241160178356
711,1,0.0,0.0,-0.0023346702016431866,0.0,-0.1532381897617503
711,2,0.0,0.0,0.0,0.0,-0.6626472120523289
711,3,0.0,0.0,0.0,0.0,-0.07125
711,4,0.0,0.0,0.0,0.0,0.0
712,0,0.0,-2.1837722850216523e-05,0.0,0.0,-16.249151155725443
712,1,0.0,0.0,-0.0023346702016431866,0.0,-0.1532381897617503
712,2,0.0,0.0,0.0,0.0,-0.6626472120523289
712,3,0.0,0.0,0.0,0.0,-0.07125
712,4,0.0,0.0,0.0,0.0,0.0
713,0,0.0,-2.1837722850216523e-05,0.0,0.0,-16.257124164806957
713,1,0.0,0.0,-0.0023346702016431866,0.0,-0.1532381897617503
713,2,0.0,0.0,0.0,0.0,-0.6626472120523289
713,3,0.0,0.0,0.0,0.0,-0.07125
713,4,0.0,0.0,0.0,0.0,0.0
714,0,0.0,-2.1837722850216523e-05,0.0,0.0,-16.2650792581883
714,1,0.0,0.0,-0.0023346702016431866,0.0,-0.1532381897617503
714,2,0.0,0.0,0.0,0.0,-0.6626472120523289
714,3,0.0,0.0,0.0,0.0,-0.07125
714,4,0.0,0.0,0.0,0.0,0.0
715,0,0.0,-2.1837722850216523e-05,0.0,0.0,-16.273016488279087
715,1,0.0,0.0,-0.0023346702016431866,0.0,-0.1532381897617503
715,2,0.0,0.0,0.0,0.0,-0.6626472120523289
715,3,0.0,0.0,0.0,0.0,-0.07125
715,4,0.0,0.0,0.0,0.0,0.0
716,0,0.0,-2.1837722850216523e-05,0.0,0.0,-16.280935907311434
716,1,0.0,0.0,-0.0023346702016431866,0.0,-0.1532381897617503
716,2,0.0,0.0,0.0,0.0,-0.6626472120523289
716,3,0.0,0.0,0.0,0.0,-0.07125
716,4,0.0,0.0,0.0,0.0,0.0
717,0,0.0,-2.1837722850216523e-05,0.0,0.0,-16.288837567340643
717,1,0.0,0.0,-0.0023346702016431866,0.0,-0.1532381897617503
717,2,0.0,0.0,0.0,0.0,-0.6626472120523289
717,3,0.0,0.0,0.0,0.0,-0.07125
717,4,0.0,0.0,0.0,0.0,0.0
718,0,0.0,-2.1837722850216523e-05,0.0,0.0,-16.296721520245818
718,1,0.0,0.0,-0.0023346702016431866,0.0,-0.1532381897617503
718,2,0.0,0.0,0.0,0.0,-0.6626472120523289
718,3,0.0,0.0,0.0,0.0,-0.07125
718,4,0.0,0.0,0.0,0.0,0.0
719,0,0.0,-2.1837722850216523e-05,0.0,0.0,-16.30458781773055
719,1,0.0,0.0,-0.0023346702016431866,0.0,-0.1532381897617503
719,2,0.0,0.0,0.0,0.0,-0.6626472120523289
719,3,0.0,0.0,0.0,0.0,-0.07125
719,4,0.0,0.0,0.0,0.0,0.0
720,0,0.0,-2.1837722850216523e-05,0.0,0.0,-16.31243651132355
720,1,0.0,0.0,-0.0023346702016431866,0.0,-0.1532381897617503
720,2,0.0,0.0,0.0,0.0,-0.6626472120523289
720,3,0.0,0.0,0.0,0.0,-0.07125
720,4,0.0,0.0,0.0,0.0,0.0
721,0,0.0,-2.1837722850216523e-05,0.0,0.0,-16.320267652379318
721,1,0.0,0.0,-0.0023346702016431866,0.0,-0.1532381897617503
721,2,0.0,0.0,0.0,0.0,-0.6626472120523289
721,3,0.0,0.0,0.0,0.0,-0.07125
721,4,0.0,0.0,0.0,0.0,0.0
722,0,0.0,-2.1837722850216523e-05,0.0,0.0,-16.328081292078753
722,1,0.0,0.0,-0.0023346702016431866,0.0,-0.1532381897617503
722,2,0.0,0.0,0.0,0.0,-0.6626472120523289
722,3,0.0,0.0,0.0,0.0,-0.07125
722,4,0.0,0.0,0.0,0.0,0.0
723,0,0.0,-2.1837722850216523e-05,0.0,0.0,-16.335877481429822
723,1,0.0,0.0,-0.0023346702016431866,0.0,-0.1532381897617503
723,2,0.0,0.0,0.0,0.0,-0.6626472120523289
723,3,0.0,0.0,0.0,0.0,-0.07125
723,4,0.0,0.0,0.0,0.0,0.0
724,0,0.0,-2.1837722850216523e-05,0.0,0.0,-16.3436562712682
724,1,0.0,0.0,-0.0023346702016431866,0.0,-0.1532381897617503
724,2,0.0,0.0,0.0,0.0,-0.6626472120523289
724,3,0.0,0.0,0.0,0.0,-0.07125
724,4,0.0,0.0,0.0,0.0,0.0
725,0,0.0,-2.1837722850216523e-05,0.0,0.0,-16.351417712257867
725,1,0.0,0.0,-0.0023346702016431866,0.0,-0.1532381897617503
725,2,0.0,0.0,0.0,0.0,-0.6626472120523289
725,3,0.0,0.0,0.0,0.0,-0.07125
725,4,0.0,0.0,0.0,0.0,0.0
726,0,0.0,-2.1837722850216523e-05,0.0,0.0,-16.359161854891816
726,1,0.0,0.0,-0.0023346702016431866,0.0,-0.1532381897617503
726,2,0.0,0.0,0.0,0.0,-0.6626472120523289
726,3,0.0,0.0,0.0,0.0,-0.07125
726,4,0.0,0.0,0.0,0.0,0.0
727,0,0.0,-2.1837722850216523e-05,0.0,0.0,-16.366888749492617
727,1,0.0,0.0,-0.0023346702016431866,0.0,-0.1532381897617503
727,2,0.0,0.0,0.0,0.0,-0.6626472120523289
727,3,0.0,0.0,0.0,0.0,-0.07125
727,4,0.0,0.0,0.0,0.0,0.0
728,0,0.0,-2.1837722850216523e-05,0.0,0.0,-16.374598446213074
728,1,0.0,0.0,-0.0023346702016431866,0.0,-0.1532381897617503
728,2,0.0,0.0,0.0,0.0,-0.6626472120523289
728,3,0.0,0.0,0.0,0.0,-0.07125
728,4,0.0,0.0,0.0,0.0,0.0
729,0,0.0,-2.1837722850216523e-05,0.0,0.0,-16.38229099503687
729,1,0.0,0.0,-0.0023346702016431866,0.0,-0.1532381897617503
729,2,0.0,0.0,0.0,0.0,-0.6626472120523289
729,3,0.0,0.0,0.0,0.0,-0.07125
729,4,0.0,0.0,0.0,0.0,0.0
730,0,0.0,-2.1837722850216523e-05,0.0,0.0,-16.389966445779145
730,1,0.0,0.0,-0.0023346702016431866,0.0,-0.1532381897617503
730,2,0.0,0.0,0.0,0.0,-0.6626472120523289
730,3,0.0,0.0,0.0,0.0,-0.07125
730,4,0.0,0.0,0.0,0.0,0.0
731,0,0.0,-2.1837722850216523e-05,0.0,0.0,-16.397624848087176
731,1,0.0,0.0,-0.0023346702016431866,0.0,-0.1532381897617503
731,2,0.0,0.0,0.0,0.0,-0.6626472120523289
731,3,0.0,0.0,0.0,0.0,-0.07125
731,4,0.0,0.0,0.0,0.0,0.0
732,0,0.0,-2.1837722850216523e-05,0.0,0.0,-16.405266251440942
732,1,0.0,0.0,-0.0023346702016431866,0.0,-0.1532381897617503
732,2,0.0,0.0,0.0,0.0,-0.6626472120523289
732,3,0.0,0.0,0.0,0.0,-0.07125
732,4,0.0,0.0,0.0,0.0,0.0
733,0,0.0,-2.1837722850216523e-05,0.0,0.0,-16.412890705153785
733,1,0.0,0.0,-0.0023346702016431866,0.0,-0.1532381897617503
733,2,0.0,0.0,0.0,0.0,-0.6626472120523289
733,3,0.0,0.0,0.0,0.0,-0.07125
733,4,0.0,0.0,0.0,0.0,0.0
734,0,0.0,-2.1837722850216523e-05,0.0,0.0,-16.420498258372994
734,1,0.0,0.0,-0.0023346702016431866,0.0,-0.1532381897617503
734,2,0.0,0.0,0.0,0.0,-0.6626472120523289
734,3,0.0,0.0,0.0,0.0,-0.07125
734,4,0.0,0.0,0.0,0.0,0.0
735,0,0.0,-2.1837722850216523e-05,0.0,0.0,-16.428088960080437
735,1,0.0,0.0,-0.0023346702016431866,0.0,-0.1532381897617503
735,2,0.0,0.0,0.0,0.0,-0.6626472120523289
735,3,0.0,0.0,0.0,0.0,-0.07125
735,4,0.0,0.0,0.0,0.0,0.0
736,0,0.0,-2.1837722850216523e-05,0.0,0.0,-16.435662859093167
736,1,0.0,0.0,-0.0023346702016431866,0.0,-0.1532381897617503
736,2,0.0,0.0,0.0,0.0,-0.6626472120523289
736,3,0.0,0.0,0.0,0.0,-0.07125
736,4,0.0,0.0,0.0,0.0,0.0
737,0,0.0,-2.1837722850216523e-05,0.0,0.0,-16.443220004064013
737,1,0.0,0.0,-0.0023346702016431866,0.0,-0.1532381897617503
737,2,0.0,0.0,0.0,0.0,-0.6626472120523289
737,3,0.0,0.0,0.0,0.0,-0.07125
737,4,0.0,0.0,0.0,0.0,0.0
738,0,0.0,-2.1837722850216523e-05,0.0,0.0,-16.45076044348222
738,1,0.0,0.0,-0.0023346702016431866,0.0,-0.1532381897617503
738,2,0.0,0.0,0.0,0.0,-0.6626472120523289
738,3,0.0,0.0,0.0,0.0,-0.07125
738,4,0.0,0.0,0.0,0.0,0.0
739,0,0.0,-2.1837722850216523e-05,0.0,0.0,-16.45828422567402
739,1,0.0,0.0,-0.0023346702016431866,0.0,-0.1532381897617503
739,2,0.0,0.0,0.0,0.0,-0.6626472120523289
739,3,0.0,0.0,0.0,0.0,-0.07125
739,4,0.0,0.0,0.0,0.0,0.0
740,0,0.0,-2.1837722850216523e-05,0.0,0.0,-16.465791398803244
740,1,0.0,0.0,-0.0023346702016431866,0.0,-0.1532381897617503
740,2,0.0,0.0,0.0,0.0,-0.6626472120523289
740,3,0.0,0.0,0.0,0.0,-0.07125
740,4,0.0,0.0,0.0,0.0,0.0
741,0,0.0,-2.1837722850216523e-05,0.0,0.0,-16.473282010871923
741,1,0.0,0.0,-0.0023346702016431866,0.0,-0.1532381897617503
741,2,0.0,0.0,0.0,0.0,-0.6626472120523289
741,3,0.0,0.0,0.0,0.0,-0.07125
741,4,0.0,0.0,0.0,0.0,0.0
742,0,0.0,-2.1837722850216523e-05,0.0,0.0,-16.480756109720883
742,1,0.0,0.0,-0.0023346702016431866,0.0,-0.1532381897617503
742,2,0.0,0.0,0.0,0.0,-0.6626472120523289
742,3,0.0,0.0,0.0,0.0,-0.07125
742,4,0.0,0.0,0.0,0.0,0.0
743,0,0.0,-2.1837722850216523e-05,0.0,0.0,-16.48821374303033
743,1,0.0,0.0,-0.0023346702016431866,0.0,-0.1532381897617503
743,2,0.0,0.0,0.0,0.0,-0.6626472120523289
743,3,0.0,0.0,0.0,0.0,-0.07125
743,4,0.0,0.0,0.0,0.0,0.0
744,0,0.0,-2.1837722850216523e-05,0.0,0.0,-16.495654958320465
744,1,0.0,0.0,-0.0023346702016431866,0.0,-0.1532381897617503
744,2,0.0,0.0,0.0,0.0,-0.6626472120523289
744,3,0.0,0.0,0.0,0.0,-0.07125
744,4,0.0,0.0,0.0,0.0,0.0
745,0,0.0,-2.1837722850216523e-05,0.0,0.0,-16.503079802952048
745,1,0.0,0.0,-0.0023346702016431866,0.0,-0.1532381897617503
745,2,0.0,0.0,0.0,0.0,-0.6626472120523289
745,3,0.0,0.0,0.0,0.0,-0.07125
745,4,0.0,0.0,0.0,0.0,0.0
746,0,0.0,-2.1837722850216523e-05,0.0,0.0,-16.51048832412698
746,1,0.0,0.0,-0.0023346702016431866,0.0,-0.1532381897617503
746,2,0.0,0.0,0.0,0.0,-0.6626472120523289
746,3,0.0,0.0,0.0,0.0,-0.07125
746,4,0.0,0.0,0.0,0.0,0.0
747,0,0.0,-2.1837722850216523e-05,0.0,0.0,-16.517880568888923
747,1,0.0,0.0,-0.0023346702016431866,0.0,-0.1532381897617503
747,2,0.0,0.0,0.0,0.0,-0.6626472120523289
747,3,0.0,0.0,0.0,0.0,-0.07125
747,4,0.0,0.0,0.0,0.0,0.0
748,0,0.0,-2.1837722850216523e-05,0.0,0.0,-16.525256584123852
748,1,0.0,0.0,-0.0023346702016431866,0.0,-0.1532381897617503
748,2,0.0,0.0,0.0,0.0,-0.6626472120523289
748,3,0.0,0.0,0.0,0.0,-0.07125
748,4,0.0,0.0,0.0,0.0,0.0
749,0,0.0,-2.1837722850216523e-05,0.0,0.0,-16.532616416560636
749,1,0.0,0.0,-0.0023346702016431866,0.0,-0.1532381897617503
749,2,0.0,0.0,0.0,0.0,-0.6626472120523289
749,3,0.0,0.0,0.0,0.0,-0.07125
749,4,0.0,0.0,0.0,0.0,0.0
750,0,0.0,-2.1837722850216523e-05,0.0,0.0,-16.539960112771638
750,1,0.0,0.0,-0.0023346702016431866,0.0,-0.1532381897617503
750,2,0.0,0.0,0.0,0.0,-0.6626472120523289
750,3,0.0,0.0,0.0,0.0,-0.07125
750,4,0.0,0.0,0.0,0.0,0.0
751,0,0.0,-2.1837722850216523e-05,0.0,0.0,-16.54728771917325
751,1,0.0,0.0,-0.0023346702016431866,0.0,-0.1532381897617503
751,2,0.0,0.0,0.0,0.0,-0.6626472120523289
751,3,0.0,0.0,0.0,0.0,-0.07125
751,4,0.0,0.0,0.0,0.0,0.0
752,0,0.0,-2.1837722850216523e-05,0.0,0.0,-16.554599282026526
752,1,0.0,0.0,-0.0023346702016431866,0.0,-0.1532381897617503
752,2,0.0,0.0,0.0,0.0,-0.6626472120523289
752,3,0.0,0.0,0.0,0.0,-0.07125
752,4,0.0,0.0,0.0,0.0,0.0
753,0,0.0,-2.1837722850216523e-05,0.0,0.0,-16.561894847437685
753,1,0.0,0.0,-0.0023346702016431866,0.0,-0.1532381897617503
753,2,0.0,0.0,0.0,0.0,-0.6626472120523289
753,3,0.0,0.0,0.0,0.0,-0.07125
753,4,0.0,0.0,0.0,0.0,0.0
754,0,0.0,-2.1837722850216523e-05,0.0,0.0,-16.569174461358728
754,1,0.0,0.0,-0.0023346702016431866,0.0,-0.1532381897617503
754,2,0.0,0.0,0.0,0.0,-0.6626472120523289
754,3,0.0,0.0,0.0,0.0,-0.07125
754,4,0.0,0.0,0.0,0.0,0.0
755,0,0.0,-2.1837722850216523e-05,0.0,0.0,-16.57643816958799
755,1,0.0,0.0,-0.0023346702016431866,0.0,-0.1532381897617503
755,2,0.0,0.0,0.0,0.0,-0.6626472120523289
755,3,0.0,0.0,0.0,0.0,-0.07125
755,4,0.0,0.0,0.0,0.0,0.0
756,0,0.0,-2.1837722850216523e-05,0.0,0.0,-16.583686017770702
756,1,0.0,0.0,-0.0023346702016431866,0.0,-0.1532381897617503
756,2,0.0,0.0,0.0,0.0,-0.6626472120523289
756,3,0.0,0.0,0.0,0.0,-0.07125
756,4,0.0,0.0,0.0,0.0,0.0
757,0,0.0,-2.1837722850216523e-05,0.0,0.0,-16.590918051399544
757,1,0.0,0.0,-0.0023346702016431866,0.0,-0.1532381897617503
757,2,0.0,0.0,0.0,0.0,-0.6626472120523289
757,3,0.0,0.0,0.0,0.0,-0.07125
757,4,0.0,0.0,0.0,0.0,0.0
758,0,0.0,-2.1837722850216523e-05,0.0,0.0,-16.59813431581524
758,1,0.0,0.0,-0.0023346702016431866,0.0,-0.1532381897617503
758,2,0.0,0.0,0.0,0.0,-0.6626472120523289
758,3,0.0,0.0,0.0,0.0,-0.07125
758,4,0.0,0.0,0.0,0.0,0.0
759,0,0.0,-2.1837722850216523e-05,0.0,0.0,-16.605334856207058
759,1,0.0,0.0,-0.0023346702016431866,0.0,-0.1532381897617503
759,2,0.0,0.0,0.0,0.0,-0.6626472120523289
759,3,0.0,0.0,0.0,0.0,-0.07125
759,4,0.0,0.0,0.0,0.0,0.0
760,0,0.0,-2.1837722850216523e-05,0.0,0.0,-16.612519717613424
760,1,0.0,0.0,-0.0023346702016431866,0.0,-0.1532381897617503
760,2,0.0,0.0,0.0,0.0,-0.6626472120523289
760,3,0.0,0.0,0.0,0.0,-0.07125
760,4,0.0,0.0,0.0,0.0,0.0
761,0,0.0,-2.1837722850216523e-05,0.0,0.0,-16.61968894492243
761,1,0.0,0.0,-0.0023346702016431866,0.0,-0.1532381897617503
761,2,0.0,0.0,0.0,0.0,-0.6626472120523289
761,3,0.0,0.0,0.0,0.0,-0.07125
761,4,0.0,0.0,0.0,0.0,0.0
762,0,0.0,-2.1837722850216523e-05,0.0,0.0,-16.626842582872424
762,1,0.0,0.0,-0.0023346702016431866,0.0,-0.1532381897617503
762,2,0.0,0.0,0.0,0.0,-0.6626472120523289
762,3,0.0,0.0,0.0,0.0,-0.07125
762,4,0.0,0.0,0.0,0.0,0.0
763,0,0.0,-2.1837722850216523e-05,0.0,0.0,-16.633980676052534
763,1,0.0,0.0,-0.0023346702016431866,0.0,-0.1532381897617503
763,2,0.0,0.0,0.0,0.0,-0.6626472120523289
763,3,0.0,0.0,0.0,0.0,-0.07125
763,4,0.0,0.0,0.0,0.0,0.0
764,0,0.0,-2.1837722850216523e-05,0.0,0.0,-16.641103268903198
764,1,0.0,0.0,-0.0023346702016431866,0.0,-0.1532381897617503
764,2,0.0,0.0,0.0,0.0,-0.6626472120523289
764,3,0.0,0.0,0.0,0.0,-0.07125
764,4,0.0,0.0,0.0,0.0,0.0
765,0,0.0,-2.1837722850216523e-05,0.0,0.0,-16.64821040571676
765,1,0.0,0.0,-0.0023346702016431866,0.0,-0.1532381897617503
765,2,0.0,0.0,0.0,0.0,-0.6626472120523289
765,3,0.0,0.0,0.0,0.0,-0.07125
765,4,0.0,0.0,0.0,0.0,0.0
766,0,0.0,-2.1837722850216523e-05,0.0,0.0,-16.655302130637974
766,1,0.0,0.0,-0.0023346702016431866,0.0,-0.1532381897617503
766,2,0.0,0.0,0.0,0.0,-0.6626472120523289
766,3,0.0,0.0,0.0,0.0,-0.07125
766,4,0.0,0.0,0.0,0.0,0.0
767,0,0.0,-2.1837722850216523e-05,0.0,0.0,-16.662378487664544
767,1,0.0,0.0,-0.0023346702016431866,0.0,-0.1532381897617503
767,2,0.0,0.0,0.0,0.0,-0.6626472120523289
767,3,0.0,0.0,0.0,0.0,-0.07125
767,4,0.0,0.0,0.0,0.0,0.0
768,0,0.0,-2.1837722850216523e-05,0.0,0.0,-16.66943952064769
768,1,0.0,0.0,-0.0023346702016431866,0.0,-0.1532381897617503
768,2,0.0,0.0,0.0,0.0,-0.6626472120523289
768,3,0.0,0.0,0.0,0.0,-0.07125
768,4,0.0,0.0,0.0,0.0,0.0
769,0,0.0,-2.1837722850216523e-05,0.0,0.0,-16.676485273292645
769,1,0.0,0.0,-0.0023346702016431866,0.0,-0.1532381897617503
769,2,0.0,0.0,0.0,0.0,-0.6626472120523289
769,3,0.0,0.0,0.0,0.0,-0.07125
769,4,0.0,0.0,0.0,0.0,0.0
770,0,0.0,-2.1837722850216523e-05,0.0,0.0,-16.683515789159237
770,1,0.0,0.0,-0.0023346702016431866,0.0,-0.1532381897617503
770,2,0.0,0.0,0.0,0.0,-0.6626472120523289
770,3,0.0,0.0,0.0,0.0,-0.07125
770,4,0.0,0.0,0.0,0.0,0.0
771,0,0.0,-2.1837722850216523e-05,0.0,0.0,-16.69053111166237
771,1,0.0,0.0,-0.0023346702016431866,0.0,-0.1532381897617503
771,2,0.0,0.0,0.0,0.0,-0.6626472120523289
771,3,0.0,0.0,0.0,0.0,-0.07125
771,4,0.0,0.0,0.0,0.0,0.0
772,0,0.0,-2.1837722850216523e-05,0.0,0.0,-16.69753128407259
772,1,0.0,0.0,-0.0023346702016431866,0.0,-0.1532381897617503
772,2,0.0,0.0,0.0,0.0,-0.6626472120523289
772,3,0.0,0.0,0.0,0.0,-0.07125
772,4,0.0,0.0,0.0,0.0,0.0
773,0,0.0,-2.1837722850216523e-05,0.0,0.0,-16.704516349516602
773,1,0.0,0.0,-0.0023346702016431866,0.0,-0.1532381897617503
773,2,0.0,0.0,0.0,0.0,-0.6626472120523289
773,3,0.0,0.0,0.0,0.0,-0.07125
773,4,0.0,0.0,0.0,0.0,0.0
774,0,0.0,-2.1837722850216523e-05,0.0,0.0,-16.7114863509778
774,1,0.0,0.0,-0.0023346702016431866,0.0,-0.1532381897617503
774,2,0.0,0.0,0.0,0.0,-0.6626472120523289
774,3,0.0,0.0,0.0,0.0,-0.07125
774,4,0.0,0.0,0.0,0.0,0.0
775,0,0.0,-2.1837722850216523e-05,0.0,0.0,-16.718441331296777
775,1,0.0,0.0,-0.0023346702016431866,0.0,-0.1532381897617503
775,2,0.0,0.0,0.0,0.0,-0.6626472120523289
775,3,0.0,0.0,0.0,0.0,-0.07125
775,4,0.0,0.0,0.0,0.0,0.0
776,0,0.0,-2.1837722850216523e-05,0.0,0.0,-16.725381333171857
776,1,0.0,0.0,-0.0023346702016431866,0.0,-0.1532381897617503
776,2,0.0,0.0,0.0,0.0,-0.6626472120523289
776,3,0.0,0.0,0.0,0.0,-0.07125
776,4,0.0,0.0,0.0,0.0,0.0
777,0,0.0,-2.1837722850216523e-05,0.0,0.0,-16.73230639915962
777,1,0.0,0.0,-0.0023346702016431866,0.0,-0.1532381897617503
777,2,0.0,0.0,0.0,0.0,-0.6626472120523289
777,3,0.0,0.0,0.0,0.0,-0.07125
777,4,0.0,0.0,0.0,0.0,0.0
778,0,0.0,-2.1837722850216523e-05,0.0,0.0,-16.73921657167541
778,1,0.0,0.0,-0.0023346702016431866,0.0,-0.1532381897617503
778,2,0.0,0.0,0.0,0.0,-0.6626472120523289
778,3,0.0,0.0,0.0,0.0,-0.07125
778,4,0.0,0.0,0.0,0.0,0.0
779,0,0.0,-2.1837722850216523e-05,0.0,0.0,-16.74611189299386
779,1,0.0,0.0,-0.0023346702016431866,0.0,-0.1532381897617503
779,2,0.0,0.0,0.0,0.0,-0.6626472120523289
779,3,0.0,0.0,0.0,0.0,-0.07125
779,4,0.0,0.0,0.0,0.0,0.0
780,0,0.0,-2.1837722850216523e-05,0.0,0.0,-16.752992405249387
780,1,0.0,0.0,-0.0023346702016431866,0.0,-0.1532381897617503
780,2,0.0,0.0,0.0,0.0,-0.6626472120523289
780,3,0.0,0.0,0.0,0.0,-0.07125
780,4,0.0,0.0,0.0,0.0,0.0
781,0,0.0,-2.1837722850216523e-05,0.0,0.0,-16.759858150436735
781,1,0.0,0.0,-0.0023346702016431866,0.0,-0.1532381897617503
781,2,0.0,0.0,0.0,0.0,-0.6626472120523289
781,3,0.0,0.0,0.0,0.0,-0.07125
781,4,0.0,0.0,0.0,0.0,0.0
782,0,0.0,-2.1837722850216523e-05,0.0,0.0,-16.766709170411456
782,1,0.0,0.0,-0.0023346702016431866,0.0,-0.1532381897617503
782,2,0.0,0.0,0.0,0.0,-0.6626472120523289
782,3,0.0,0.0,0.0,0.0,-0.07125
782,4,0.0,0.0,0.0,0.0,0.0
783,0,0.0,-2.1837722850216523e-05,0.0,0.0,-16.77354550689078
783,1,0.0,0.0,-0.0023346702016431866,0.0,-0.1532381897617503
783,2,0.0,0.0,0.0,0.0,-0.6626472120523289
783,3,0.0,0.0,0.0,0.0,-0.07125
783,4,0.0,0.0,0.0,0.0,0.0
784,0,0.0,-2.1837722850216523e-05,0.0,0.0,-16.780367201770954
784,1,0.0,0.0,-0.0023346702016431866,0.0,-0.1532381897617503
784,2,0.0,0.0,0.0,0.0,-0.6626472120523289
784,3,0.0,0.0,0.0,0.0,-0.07125
784,4,0.0,0.0,0.0,0.0,0.0
785,0,0.0,-2.1837722850216523e-05,0.0,0.0,-16.787174297080185
785,1,0.0,0.0,-0.0023346702016431866,0.0,-0.1532381897617503
785,2,0.0,0.0,0.0,0.0,-0.6626472120523289
785,3,0.0,0.0,0.0,0.0,-0.07125
785,4,0.0,0.0,0.0,0.0,0.0
786,0,0.0,-2.1837722850216523e-05,0.0,0.0,-16.79396683469788
786,1,0.0,0.0,-0.0023346702016431866,0.0,-0.1532381897617503
786,2,0.0,0.0,0.0,0.0,-0.6626472120523289
786,3,0.0,0.0,0.0,0.0,-0.07125
786,4,0.0,0.0,0.0,0.0,0.0
787,0,0.0,-2.1837722850216523e-05,0.0,0.0,-16.80074485635536
787,1,0.0,0.0,-0.0023346702016431866,0.0,-0.1532381897617503
787,2,0.0,0.0,0.0,0.0,-0.6626472120523289
787,3,0.0,0.0,0.0,0.0,-0.07125
787,4,0.0,0.0,0.0,0.0,0.0
788,0,0.0,-2.1837722850216523e-05,0.0,0.0,-16.807508403636533
788,1,0.0,0.0,-0.0023346702016431866,0.0,-0.1532381897617503
788,2,0.0,0.0,0.0,0.0,-0.6626472120523289
788,3,0.0,0.0,0.0,0.0,-0.07125
788,4,0.0,0.0,0.0,0.0,0.0
789,0,0.0,-2.1837722850216523e-05,0.0,0.0,-16.81425751797856
789,1,0.0,0.0,-0.0023346702016431866,0.0,-0.1532381897617503
789,2,0.0,0.0,0.0,0.0,-0.6626472120523289
789,3,0.0,0.0,0.0,0.0,-0.07125
789,4,0.0,0.0,0.0,0.0,0.0
790,0,0.0,-2.1837722850216523e-05,0.0,0.0,-16.82099224067255
790,1,0.0,0.0,-0.0023346702016431866,0.0,-0.1532381897617503
790,2,0.0,0.0,0.0,0.0,-0.6626472120523289
790,3,0.0,0.0,0.0,0.0,-0.07125
790,4,0.0,0.0,0.0,0.0,0.0
791,0,0.0,-2.1837722850216523e-05,0.0,0.0,-16.827712612864193
791,1,0.0,0.0,-0.0023346702016431866,0.0,-0.1532381897617503
791,2,0.0,0.0,0.0,0.0,-0.6626472120523289
791,3,0.0,0.0,0.0,0.0,-0.07125
791,4,0.0,0.0,0.0,0.0,0.0
792,0,0.0,-2.1837722850216523e-05,0.0,0.0,-16.83441867555447
792,1,0.0,0.0,-0.0023346702016431866,0.0,-0.1532381897617503
792,2,0.0,0.0,0.0,0.0,-0.6626472120523289
792,3,0.0,0.0,0.0,0.0,-0.07125
792,4,0.0,0.0,0.0,0.0,0.0
793,0,0.0,-2.1837722850216523e-05,0.0,0.0,-16.841110469600245
793,1,0.0,0.0,-0.0023346702016431866,0.0,-0.1532381897617503
793,2,0.0,0.0,0.0,0.0,-0.6626472120523289
793,3,0.0,0.0,0.0,0.0,-0.07125
793,4,0.0,0.0,0.0,0.0,0.0
794,0,0.0,-2.1837722850216523e-05,0.0,0.0,-16.84778803571498
794,1,0.0,0.0,-0.0023346702016431866,0.0,-0.1532381897617503
794,2,0.0,0.0,0.0,0.0,-0.6626472120523289
794,3,0.0,0.0,0.0,0.0,-0.07125
794,4,0.0,0.0,0.0,0.0,0.0
795,0,0.0,-2.1837722850216523e-05,0.0,0.0,-16.854451414469345
795,1,0.0,0.0,-0.0023346702016431866,0.0,-0.1532381897617503
795,2,0.0,0.0,0.0,0.0,-0.6626472120523289
795,3,0.0,0.0,0.0,0.0,-0.07125
795,4,0.0,0.0,0.0,0.0,0.0
796,0,0.0,-2.1837722850216523e-05,0.0,0.0,-16.861100646291877
796,1,0.0,0.0,-0.0023346702016431866,0.0,-0.1532381897617503
796,2,0.0,0.0,0.0,0.0,-0.6626472120523289
796,3,0.0,0.0,0.0,0.0,-0.07125
796,4,0.0,0.0,0.0,0.0,0.0
797,0,0.0,-2.1837722850216523e-05,0.0,0.0,-16.86773577146962
797,1,0.0,0.0,-0.0023346702016431866,0.0,-0.1532381897617503
797,2,0.0,0.0,0.0,0.0,-0.6626472120523289
797,3,0.0,0.0,0.0,0.0,-0.07125
797,4,0.0,0.0,0.0,0.0,0.0
798,0,0.0,-2.1837722850216523e-05,0.0,0.0,-16.874356830148734
798,1,0.0,0.0,-0.0023346702016431866,0.0,-0.1532381897617503
798,2,0.0,0.0,0.0,0.0,-0.6626472120523289
798,3,0.0,0.0,0.0,0.0,-0.07125
798,4,0.0,0.0,0.0,0.0,0.0
799,0,0.0,-2.1837722850216523e-05,0.0,0.0,-16.880963862405842
799,1,0.0,0.0,-0.0023346702016431866,0.0,-0.1532381897617503
799,2,0.0,0.0,0.0,0.0,-0.6626472120523289
799,3,0.0,0.0,0.0,0.0,-0.07125
799,4,0.0,0.0,0.0,0.0,0.0
800,0,0.0,-2.1837722850216523e-05,0.0,0.0,-16.887556908595755
800,1,0.0,0.0,-0.0023346702016431866,0.0,-0.1532381897617503
800,2,0.0,0.0,0.0,0.0,-0.6626472120523289
800,3,0.0,0.0,0.0,0.0,-0.07125
800,4,0.0,0.0,0.0,0.0,0.0
801,0,0.0,-2.1837722850216523e-05,0.0,0.0,-16.894136008993886
801,1,0.0,0.0,-0.0023346702016431866,0.0,-0.1532381897617503
801,2,0.0,0.0,0.0,0.0,-0.6626472120523289
801,3,0.0,0.0,0.0,0.0,-0.07125
801,4,0.0,0.0,0.0,0.0,0.0
802,0,0.0,-2.1837722850216523e-05,0.0,0.0,-16.900701203726616
802,1,0.0,0.0,-0.0023346702016431866,0.0,-0.1532381897617503
802,2,0.0,0.0,0.0,0.0,-0.6626472120523289
802,3,0.0,0.0,0.0,0.0,-0.07125
802,4,0.0,0.0,0.0,0.0,0.0
803,0,0.0,-2.1837722850216523e-05,0.0,0.0,-16.907252532772105
803,1,0.0,0.0,-0.0023346702016431866,0.0,-0.1532381897617503
803,2,0.0,0.0,0.0,0.0,-0.6626472120523289
803,3,0.0,0.0,0.0,0.0,-0.07125
803,4,0.0,0.0,0.0,0.0,0.0
804,0,0.0,-2.1837722850216523e-05,0.0,0.0,-16.913790035961053
804,1,0.0,0.0,-0.0023346702016431866,0.0,-0.1532381897617503
804,2,0.0,0.0,0.0,0.0,-0.6626472120523289
804,3,0.0,0.0,0.0,0.0,-0.07125
804,4,0.0,0.0,0.0,0.0,0.0
805,0,0.0,-2.1837722850216523e-05,0.0,0.0,-16.920313752977446
805,1,0.0,0.0,-0.0023346702016431866,0.0,-0.1532381897617503
805,2,0.0,0.0,0.0,0.0,-0.6626472120523289
805,3,0.0,0.0,0.0,0.0,-0.07125
805,4,0.0,0.0,0.0,0.0,0.0
806,0,0.0,-2.1837722850216523e-05,0.0,0.0,-16.92682372335935
806,1,0.0,0.0,-0.0023346702016431866,0.0,-0.1532381897617503
806,2,0.0,0.0,0.0,0.0,-0.6626472120523289
806,3,0.0,0.0,0.0,0.0,-0.07125
806,4,0.0,0.0,0.0,0.0,0.0
807,0,0.0,-2.1837722850216523e-05,0.0,0.0,-16.933319986499637
807,1,0.0,0.0,-0.0023346702016431866,0.0,-0.1532381897617503
807,2,0.0,0.0,0.0,0.0,-0.6626472120523289
807,3,0.0,0.0,0.0,0.0,-0.07125
807,4,0.0,0.0,0.0,0.0,0.0
808,0,0.0,-2.1837722850216523e-05,0.0,0.0,-16.939802581646756
808,1,0.0,0.0,-0.0023346702016431866,0.0,-0.1532381897617503
808,2,0.0,0.0,0.0,0.0,-0.6626472120523289
808,3,0.0,0.0,0.0,0.0,-0.07125
808,4,0.0,0.0,0.0,0.0,0.0
809,0,0.0,-2.1837722850216523e-05,0.0,0.0,-16.946271547905447
809,1,0.0,0.0,-0.0023346702016431866,0.0,-0.1532381897617503
809,2,0.0,0.0,0.0,0.0,-0.6626472120523289
809,3,0.0,0.0,0.0,0.0,-0.07125
809,4,0.0,0.0,0.0,0.0,0.0
810,0,0.0,-2.1837722850216523e-05,0.0,0.0,-16.95272692423752
810,1,0.0,0.0,-0.0023346702016431866,0.0,-0.1532381897617503
810,2,0.0,0.0,0.0,0.0,-0.6626472120523289
810,3,0.0,0.0,0.0,0.0,-0.07125
810,4,0.0,0.0,0.0,0.0,0.0
811,0,0.0,-2.1837722850216523e-05,0.0,0.0,-16.959168749462524
811,1,0.0,0.0,-0.0023346702016431866,0.0,-0.1532381897617503
811,2,0.0,0.0,0.0,0.0,-0.6626472120523289
811,3,0.0,0.0,0.0,0.0,-0.07125
811,4,0.0,0.0,0.0,0.0,0.0
812,0,0.0,-2.1837722850216523e-05,0.0,0.0,-16.96559706225852
812,1,0.0,0.0,-0.0023346702016431866,0.0,-0.1532381897617503
812,2,0.0,0.0,0.0,0.0,-0.6626472120523289
812,3,0.0,0.0,0.0,0.0,-0.07125
812,4,0.0,0.0,0.0,0.0,0.0
813,0,0.0,-2.1837722850216523e-05,0.0,0.0,-16.972011901162787
813,1,0.0,0.0,-0.0023346702016431866,0.0,-0.1532381897617503
813,2,0.0,0.0,0.0,0.0,-0.6626472120523289
813,3,0.0,0.0,0.0,0.0,-0.07125
813,4,0.0,0.0,0.0,0.0,0.0
814,0,0.0,-2.1837722850216523e-05,0.0,0.0,-16.978413304572502
814,1,0.0,0.0,-0.0023346702016431866,0.0,-0.1532381897617503
814,2,0.0,0.0,0.0,0.0,-0.6626472120523289
814,3,0.0,0.0,0.0,0.0,-0.07125
814,4,0.0,0.0,0.0,0.0,0.0
815,0,0.0,-2.1837722850216523e-05,0.0,0.0,-16.984801310774003
815,1,0.0,0.0,-0.0023346702016431866,0.0,-0.1532381897617503
815,2,0.0,0.0,0.0,0.0,-0.6626472120523289
815,3,0.0,0.0,0.0,0.0,-0.07125
815,4,0.0,0.0,0.0,0.0,0.0
816,0,0.0,-2.1837722850216523e-05,0.0,0.0,-16.991175958293518
816,1,0.0,0.0,-0.0023346702016431866,0.0,-0.1532381897617503
816,2,0.0,0.0,0.0,0.0,-0.6626472120523289
816,3,0.0,0.0,0.0,0.0,-0.07125
816,4,0.0,0.0,0.0,0.0,0.0
817,0,0.0,-2.1837722850216523e-05,0.0,0.0,-16.997537285629676
817,1,0.0,0.0,-0.0023346702016431866,0.0,-0.1532381897617503
817,2,0.0,0.0,0.0,0.0,-0.6626472120523289
817,3,0.0,0.0,0.0,0.0,-0.07125
817,4,0.0,0.0,0.0,0.0,0.0
818,0,0.0,-2.1837722850216523e-05,0.0,0.0,-17.00388533113396
818,1,0.0,0.0,-0.0023346702016431866,0.0,-0.1532381897617503
818,2,0.0,0.0,0.0,0.0,-0.6626472120523289
818,3,0.0,0.0,0.0,0.0,-0.07125
818,4,0.0,0.0,0.0,0.0,0.0
819,0,0.0,-2.1837722850216523e-05,0.0,0.0,-17.01022013301156
819,1,0.0,0.0,-0.0023346702016431866,0.0,-0.1532381897617503
819,2,0.0,0.0,0.0,0.0,-0.6626472120523289
819,3,0.0,0.0,0.0,0.0,-0.07125
819,4,0.0,0.0,0.0,0.0,0.0
820,0,0.0,-2.1837722850216523e-05,0.0,0.0,-17.01654172932218
820,1,0.0,0.0,-0.0023346702016431866,0.0,-0.1532381897617503
820,2,0.0,0.0,0.0,0.0,-0.6626472120523289
820,3,0.0,0.0,0.0,0.0,-0.07125
820,4,0.0,0.0,0.0,0.0,0.0
821,0,0.0,-2.1837722850216523e-05,0.0,0.0,-17.022850157980884
821,1,0.0,0.0,-0.0023346702016431866,0.0,-0.1532381897617503
821,2,0.0,0.0,0.0,0.0,-0.6626472120523289
821,3,0.0,0.0,0.0,0.0,-0.07125
821,4,0.0,0.0,0.0,0.0,0.0
822,0,0.0,-2.1837722850216523e-05,0.0,0.0,-17.02914545675886
822,1,0.0,0.0,-0.0023346702016431866,0.0,-0.1532381897617503
822,2,0.0,0.0,0.0,0.0,-0.6626472120523289
822,3,0.0,0.0,0.0,0.0,-0.07125
822,4,0.0,0.0,0.0,0.0,0.0
823,0,0.0,-2.1837722850216523e-05,0.0,0.0,-17.035427663284278
823,1,0.0,0.0,-0.0023346702016431866,0.0,-0.1532381897617503
823,2,0.0,0.0,0.0,0.0,-0.6626472120523289
823,3,0.0,0.0,0.0,0.0,-0.07125
823,4,0.0,0.0,0.0,0.0,0.0
824,0,0.0,-2.1837722850216523e-05,0.0,0.0,-17.041696815043043
824,1,0.0,0.0,-0.0023346702016431866,0.0,-0.1532381897617503
824,2,0.0,0.0,0.0,0.0,-0.6626472120523289
824,3,0.0,0.0,0.0,0.0,-0.07125
824,4,0.0,0.0,0.0,0.0,0.0
825,0,0.0,-2.1837722850216523e-05,0.0,0.0,-17.047952949379606
825,1,0.0,0.0,-0.0023346702016431866,0.0,-0.1532381897617503
825,2,0.0,0.0,0.0,0.0,-0.6626472120523289
825,3,0.0,0.0,0.0,0.0,-0.07125
825,4,0.0,0.0,0.0,0.0,0.0
826,0,0.0,-2.1837722850216523e-05,0.0,0.0,-17.05419610349774
826,1,0.0,0.0,-0.0023346702016431866,0.0,-0.1532381897617503
826,2,0.0,0.0,0.0,0.0,-0.6626472120523289
826,3,0.0,0.0,0.0,0.0,-0.07125
826,4,0.0,0.0,0.0,0.0,0.0
827,0,0.0,-2.1837722850216523e-05,0.0,0.0,-17.06042631446132
827,1,0.0,0.0,-0.0023346702016431866,0.0,-0.1532381897617503
827,2,0.0,0.0,0.0,0.0,-0.6626472120523289
827,3,0.0,0.0,0.0,0.0,-0.07125
827,4,0.0,0.0,0.0,0.0,0.0
828,0,0.0,-2.1837722850216523e-05,0.0,0.0,-17.06664361919508
828,1,0.0,0.0,-0.0023346702016431866,0.0,-0.1532381897617503
828,2,0.0,0.0,0.0,0.0,-0.6626472120523289
828,3,0.0,0.0,0.0,0.0,-0.07125
828,4,0.0,0.0,0.0,0.0,0.0
829,0,0.0,-2.1837722850216523e-05,0.0,0.0,-17.072848054485377
829,1,0.0,0.0,-0.0023346702016431866,0.0,-0.1532381897617503
829,2,0.0,0.0,0.0,0.0,-0.6626472120523289
829,3,0.0,0.0,0.0,0.0,-0.07125
829,4,0.0,0.0,0.0,0.0,0.0
830,0,0.0,-2.1837722850216523e-05,0.0,0.0,-17.07903965698094
830,1,0.0,0.0,-0.0023346702016431866,0.0,-0.1532381897617503
830,2,0.0,0.0,0.0,0.0,-0.6626472120523289
830,3,0.0,0.0,0.0,0.0,-0.07125
830,4,0.0,0.0,0.0,0.0,0.0
831,0,0.0,-2.1837722850216523e-05,0.0,0.0,-17.08521846319364
831,1,0.0,0.0,-0.0023346702016431866,0.0,-0.1532381897617503
831,2,0.0,0.0,0.0,0.0,-0.6626472120523289
831,3,0.0,0.0,0.0,0.0,-0.07125
831,4,0.0,0.0,0.0,0.0,0.0
832,0,0.0,-2.1837722850216523e-05,0.0,0.0,-17.09138450955499
832,1,0.0,0.0,-0.0023346702016431866,0.0,-0.1532381897617503
832,2,0.0,0.0,0.0,0.0,-0.6626472120523289
832,3,0.0,0.0,0.0,0.0,-0.07125
832,4,0.0,0.0,0.0,0.0,0.0
833,0,0.0,-2.1837722850216523e-05,0.0,0.0,-17.097537832730183
833,1,0.0,0.0,-0.0023346702016431866,0.0,-0.1532381897617503
833,2,0.0,0.0,0.0,0.0,-0.6626472120523289
833,3,0.0,0.0,0.0,0.0,-0.07125
833,4,0.0,0.0,0.0,0.0,0.0
834,0,0.0,-2.1837722850216523e-05,0.0,0.0,-17.103678469309845
834,1,0.0,0.0,-0.0023346702016431866,0.0,-0.1532381897617503
834,2,0.0,0.0,0.0,0.0,-0.6626472120523289
834,3,0.0,0.0,0.0,0.0,-0.07125
834,4,0.0,0.0,0.0,0.0,0.0
835,0,0.0,-2.1837722850216523e-05,0.0,0.0,-17.109806455741598
835,1,0.0,0.0,-0.0023346702016431866,0.0,-0.1532381897617503
835,2,0.0,0.0,0.0,0.0,-0.6626472120523289
835,3,0.0,0.0,0.0,0.0,-0.07125
835,4,0.0,0.0,0.0,0.0,0.0
836,0,0.0,-2.1837722850216523e-05,0.0,0.0,-17.11592182833091
836,1,0.0,0.0,-0.0023346702016431866,0.0,-0.1532381897617503
836,2,0.0,0.0,0.0,0.0,-0.6626472120523289
836,3,0.0,0.0,0.0,0.0,-0.07125
836,4,0.0,0.0,0.0,0.0,0.0
837,0,0.0,-2.1837722850216523e-05,0.0,0.0,-17.12202462324198
837,1,0.0,0.0,-0.0023346702016431866,0.0,-0.1532381897617503
837,2,0.0,0.0,0.0,0.0,-0.6626472120523289
837,3,0.0,0.0,0.0,0.0,-0.07125
837,4,0.0,0.0,0.0,0.0,0.0
838,0,0.0,-2.1837722850216523e-05,0.0,0.0,-17.12811487649851
838,1,0.0,0.0,-0.0023346702016431866,0.0,-0.1532381897617503
838,2,0.0,0.0,0.0,0.0,-0.6626472120523289
838,3,0.0,0.0,0.0,0.0,-0.07125
838,4,0.0,0.0,0.0,0.0,0.0
839,0,0.0,-2.1837722850216523e-05,0.0,0.0,-17.134192623984582
839,1,0.0,0.0,-0.0023346702016431866,0.0,-0.1532381897617503
839,2,0.0,0.0,0.0,0.0,-0.6626472120523289
839,3,0.0,0.0,0.0,0.0,-0.07125
839,4,0.0,0.0,0.0,0.0,0.0
840,0,0.0,-2.1837722850216523e-05,0.0,0.0,-17.14025790144544
840,1,0.0,0.0,-0.0023346702016431866,0.0,-0.1532381897617503
840,2,0.0,0.0,0.0,0.0,-0.6626472120523289
840,3,0.0,0.0,0.0,0.0,-0.07125
840,4,0.0,0.0,0.0,0.0,0.0
841,0,0.0,-2.1837722850216523e-05,0.0,0.0,-17.146310744488343
841,1,0.0,0.0,-0.0023346702016431866,0.0,-0.1532381897617503
841,2,0.0,0.0,0.0,0.0,-0.6626472120523289
841,3,0.0,0.0,0.0,0.0,-0.07125
841,4,0.0,0.0,0.0,0.0,0.0
842,0,0.0,-2.1837722850216523e-05,0.0,0.0,-17.15235118858332
842,1,0.0,0.0,-0.0023346702016431866,0.0,-0.1532381897617503
842,2,0.0,0.0,0.0,0.0,-0.6626472120523289
842,3,0.0,0.0,0.0,0.0,-0.07125
842,4,0.0,0.0,0.0,0.0,0.0
843,0,0.0,-2.1837722850216523e-05,0.0,0.0,-17.158379269064
843,1,0.0,0.0,-0.0023346702016431866,0.0,-0.1532381897617503
843,2,0.0,0.0,0.0,0.0,-0.6626472120523289
843,3,0.0,0.0,0.0,0.0,-0.07125
843,4,0.0,0.0,0.0,0.0,0.0
844,0,0.0,-2.1837722850216523e-05,0.0,0.0,-17.164395021128385
844,1,0.0,0.0,-0.0023346702016431866,0.0,-0.1532381897617503
844,2,0.0,0.0,0.0,0.0,-0.6626472120523289
844,3,0.0,0.0,0.0,0.0,-0.07125
844,4,0.0,0.0,0.0,0.0,0.0
845,0,0.0,-2.1837722850216523e-05,0.0,0.0,-17.170398479839637
845,1,0.0,0.0,-0.0023346702016431866,0.0,-0.1532381897617503
845,2,0.0,0.0,0.0,0.0,-0.6626472120523289
845,3,0.0,0.0,0.0,0.0,-0.07125
845,4,0.0,0.0,0.0,0.0,0.0
846,0,0.0,-2.1837722850216523e-05,0.0,0.0,-17.176389680126835
846,1,0.0,0.0,-0.0023346702016431866,0.0,-0.1532381897617503
846,2,0.0,0.0,0.0,0.0,-0.6626472120523289
846,3,0.0,0.0,0.0,0.0,-0.07125
846,4,0.0,0.0,0.0,0.0,0.0
847,0,0.0,-2.1837722850216523e-05,0.0,0.0,-17.182368656785783
847,1,0.0,0.0,-0.0023346702016431866,0.0,-0.1532381897617503
847,2,0.0,0.0,0.0,0.0,-0.6626472120523289
847,3,0.0,0.0,0.0,0.0,-0.07125
847,4,0.0,0.0,0.0,0.0,0.0
848,0,0.0,-2.1837722850216523e-05,0.0,0.0,-17.18833544447971
848,1,0.0,0.0,-0.0023346702016431866,0.0,-0.1532381897617503
848,2,0.0,0.0,0.0,0.0,-0.6626472120523289
848,3,0.0,0.0,0.0,0.0,-0.07125
848,4,0.0,0.0,0.0,0.0,0.0
849,0,0.0,-2.1837722850216523e-05,0.0,0.0,-17.194290077740057
849,1,0.0,0.0,-0.0023346702016431866,0.0,-0.1532381897617503
849,2,0.0,0.0,0.0,0.0,-0.6626472120523289
849,3,0.0,0.0,0.0,0.0,-0.07125
849,4,0.0,0.0,0.0,0.0,0.0
850,0,0.0,-2.1837722850216523e-05,0.0,0.0,-17.20023259115332
850,1,0.0,0.0,-0.0023346702016431866,0.0,-0.1532381897617503
850,2,0.0,0.0,0.0,0.0,-0.6626472120523289
850,3,0.0,0.0,0.0,0.0,-0.07125
850,4,0.0,0.0,0.0,0.0,0.0
851,0,0.0,-2.1837722850216523e-05,0.0,0.0,-17.206163019447022
851,1,0.0,0.0,-0.0023346702016431866,0.0,-0.1532381897617503
851,2,0.0,0.0,0.0,0.0,-0.6626472120523289
851,3,0.0,0.0,0.0,0.0,-0.07125
851,4,0.0,0.0,0.0,0.0,0.0
852,0,0.0,-2.1837722850216523e-05,0.0,0.0,-17.21208139721335
852,1,0.0,0.0,-0.0023346702016431866,0.0,-0.1532381897617503
852,2,0.0,0.0,0.0,0.0,-0.6626472120523289
852,3,0.0,0.0,0.0,0.0,-0.07125
852,4,0.0,0.0,0.0,0.0,0.0
853,0,0.0,-2.1837722850216523e-05,0.0,0.0,-17.217987758907356
853,1,0.0,0.0,-0.0023346702016431866,0.0,-0.1532381897617503
853,2,0.0,0.0,0.0,0.0,-0.6626472120523289
853,3,0.0,0.0,0.0,0.0,-0.07125
853,4,0.0,0.0,0.0,0.0,0.0
854,0,0.0,-2.1837722850216523e-05,0.0,0.0,-17.223882138847838
854,1,0.0,0.0,-0.0023346702016431866,0.0,-0.1532381897617503
854,2,0.0,0.0,0.0,0.0,-0.6626472120523289
854,3,0.0,0.0,0.0,0.0,-0.07125
854,4,0.0,0.0,0.0,0.0,0.0
855,0,0.0,-2.1837722850216523e-05,0.0,0.0,-17.229764571218148
855,1,0.0,0.0,-0.0023346702016431866,0.0,-0.1532381897617503
855,2,0.0,0.0,0.0,0.0,-0.6626472120523289
855,3,0.0,0.0,0.0,0.0,-0.07125
855,4,0.0,0.0,0.0,0.0,0.0
856,0,0.0,-2.1837722850216523e-05,0.0,0.0,-17.235635090067035
856,1,0.0,0.0,-0.0023346702016431866,0.0,-0.1532381897617503
856,2,0.0,0.0,0.0,0.0,-0.6626472120523289
856,3,0.0,0.0,0.0,0.0,-0.07125
856,4,0.0,0.0,0.0,0.0,0.0
857,0,0.0,-2.1837722850216523e-05,0.0,0.0,-17.241493729309436
857,1,0.0,0.0,-0.0023346702016431866,0.0,-0.1532381897617503
857,2,0.0,0.0,0.0,0.0,-0.6626472120523289
857,3,0.0,0.0,0.0,0.0,-0.07125
857,4,0.0,0.0,0.0,0.0,0.0
858,0,0.0,-2.1837722850216523e-05,0.0,0.0,-17.247340522727303
858,1,0.0,0.0,-0.0023346702016431866,0.0,-0.1532381897617503
858,2,0.0,0.0,0.0,0.0,-0.6626472120523289
858,3,0.0,0.0,0.0,0.0,-0.07125
858,4,0.0,0.0,0.0,0.0,0.0
859,0,0.0,-2.1837722850216523e-05,0.0,0.0,-17.253175503970393
859,1,0.0,0.0,-0.0023346702016431866,0.0,-0.1532381897617503
859,2,0.0,0.0,0.0,0.0,-0.6626472120523289
859,3,0.0,0.0,0.0,0.0,-0.07125
859,4,0.0,0.0,0.0,0.0,0.0
860,0,0.0,-2.1837722850216523e-05,0.0,0.0,-17.25899870655707
860,1,0.0,0.0,-0.0023346702016431866,0.0,-0.1532381897617503
860,2,0.0,0.0,0.0,0.0,-0.6626472120523289
860,3,0.0,0.0,0.0,0.0,-0.07125
860,4,0.0,0.0,0.0,0.0,0.0
861,0,0.0,-2.1837722850216523e-05,0.0,0.0,-17.26481016387508
861,1,0.0,0.0,-0.0023346702016431866,0.0,-0.1532381897617503
861,2,0.0,0.0,0.0,0.0,-0.6626472120523289
861,3,0.0,0.0,0.0,0.0,-0.07125
861,4,0.0,0.0,0.0,0.0,0.0
862,0,0.0,-2.1837722850216523e-05,0.0,0.0,-17.27060990918233
862,1,0.0,0.0,-0.0023346702016431866,0.0,-0.1532381897617503
862,2,0.0,0.0,0.0,0.0,-0.6626472120523289
862,3,0.0,0.0,0.0,0.0,-0.07125
862,4,0.0,0.0,0.0,0.0,0.0
863,0,0.0,-2.1837722850216523e-05,0.0,0.0,-17.27639797560765
863,1,0.0,0.0,-0.0023346702016431866,0.0,-0.1532381897617503
863,2,0.0,0.0,0.0,0.0,-0.6626472120523289
863,3,0.0,0.0,0.0,0.0,-0.07125
863,4,0.0,0.0,0.0,0.0,0.0
864,0,0.0,-2.1837722850216523e-05,0.0,0.0,-17.282174396151582
864,1,0.0,0.0,-0.0023346702016431866,0.0,-0.1532381897617503
864,2,0.0,0.0,0.0,0.0,-0.6626472120523289
864,3,0.0,0.0,0.0,0.0,-0.07125
864,4,0.0,0.0,0.0,0.0,0.0
865,0,0.0,-2.1837722850216523e-05,0.0,0.0,-17.287939203687095
865,1,0.0,0.0,-0.0023346702016431866,0.0,-0.1532381897617503
865,2,0.0,0.0,0.0,0.0,-0.6626472120523289
865,3,0.0,0.0,0.0,0.0,-0.07125
865,4,0.0,0.0,0.0,0.0,0.0
866,0,0.0,-2.1837722850216523e-05,0.0,0.0,-17.293692430960377
866,1,0.0,0.0,-0.0023346702016431866,0.0,-0.1532381897617503
866,2,0.0,0.0,0.0,0.0,-0.6626472120523289
866,3,0.0,0.0,0.0,0.0,-0.07125
866,4,0.0,0.0,0.0,0.0,0.0
867,0,0.0,-2.1837722850216523e-05,0.0,0.0,-17.299434110591527
867,1,0.0,0.0,-0.0023346702016431866,0.0,-0.1532381897617503
867,2,0.0,0.0,0.0,0.0,-0.6626472120523289
867,3,0.0,0.0,0.0,0.0,-0.07125
867,4,0.0,0.0,0.0,0.0,0.0
868,0,0.0,-2.1837722850216523e-05,0.0,0.0,-17.30516427513962
868,1,0.0,0.0,-0.0023346702016431866,0.0,-0.1532381897617503
868,2,0.0,0.0,0.0,0.0,-0.6626472120523289
868,3,0.0,0.0,0.0,0.0,-0.07125
868,4,0.0,0.0,0.0,0.0,0.0
869,0,0.0,-2.1837722850216523e-05,0.0,0.0,-17.310882957362722
869,1,0.0,0.0,-0.0023346702016431866,0.0,-0.1532381897617503
869,2,0.0,0.0,0.0,0.0,-0.6626472120523289
869,3,0.0,0.0,0.0,0.0,-0.07125
869,4,0.0,0.0,0.0,0.0,0.0
870,0,0.0,-2.1837722850216523e-05,0.0,0.0,-17.31659018993322
870,1,0.0,0.0,-0.0023346702016431866,0.0,-0.1532381897617503
870,2,0.0,0.0,0.0,0.0,-0.6626472120523289
870,3,0.0,0.0,0.0,0.0,-0.07125
870,4,0.0,0.0,0.0,0.0,0.0
871,0,0.0,-2.1837722850216523e-05,0.0,0.0,-17.322286005392712
871,1,0.0,0.0,-0.0023346702016431866,0.0,-0.1532381897617503
871,2,0.0,0.0,0.0,0.0,-0.6626472120523289
871,3,0.0,0.0,0.0,0.0,-0.07125
871,4,0.0,0.0,0.0,0.0,0.0
872,0,0.0,-2.1837722850216523e-05,0.0,0.0,-17.327970436152857
872,1,0.0,0.0,-0.0023346702016431866,0.0,-0.1532381897617503
872,2,0.0,0.0,0.0,0.0,-0.6626472120523289
872,3,0.0,0.0,0.0,0.0,-0.07125
872,4,0.0,0.0,0.0,0.0,0.0
873,0,0.0,-2.1837722850216523e-05,0.0,0.0,-17.333643514496135
873,1,0.0,0.0,-0.0023346702016431866,0.0,-0.1532381897617503
873,2,0.0,0.0,0.0,0.0,-0.6626472120523289
873,3,0.0,0.0,0.0,0.0,-0.07125
873,4,0.0,0.0,0.0,0.0,0.0
874,0,0.0,-2.1837722850216523e-05,0.0,0.0,-17.33930527257669
874,1,0.0,0.0,-0.0023346702016431866,0.0,-0.1532381897617503
874,2,0.0,0.0,0.0,0.0,-0.6626472120523289
874,3,0.0,0.0,0.0,0.0,-0.07125
874,4,0.0,0.0,0.0,0.0,0.0
875,0,0.0,-2.1837722850216523e-05,0.0,0.0,-17.3449557424211
875,1,0.0,0.0,-0.0023346702016431866,0.0,-0.1532381897617503
875,2,0.0,0.0,0.0,0.0,-0.6626472120523289
875,3,0.0,0.0,0.0,0.0,-0.07125
875,4,0.0,0.0,0.0,0.0,0.0
876,0,0.0,-2.1837722850216523e-05,0.0,0.0,-17.35059495592915
876,1,0.0,0.0,-0.0023346702016431866,0.0,-0.1532381897617503
876,2,0.0,0.0,0.0,0.0,-0.6626472120523289
876,3,0.0,0.0,0.0,0.0,-0.07125
876,4,0.0,0.0,0.0,0.0,0.0
877,0,0.0,-2.1837722850216523e-05,0.0,0.0,-17.356222944874663
877,1,0.0,0.0,-0.0023346702016431866,0.0,-0.1532381897617503
877,2,0.0,0.0,0.0,0.0,-0.6626472120523289
877,3,0.0,0.0,0.0,0.0,-0.07125
877,4,0.0,0.0,0.0,0.0,0.0
878,0,0.0,-2.1837722850216523e-05,0.0,0.0,-17.361839740906202
878,1,0.0,0.0,-0.0023346702016431866,0.0,-0.1532381897617503
878,2,0.0,0.0,0.0,0.0,-0.6626472120523289
878,3,0.0,0.0,0.0,0.0,-0.07125
878,4,0.0,0.0,0.0,0.0,0.0
879,0,0.0,-2.1837722850216523e-05,0.0,0.0,-17.367445375547877
879,1,0.0,0.0,-0.0023346702016431866,0.0,-0.1532381897617503
879,2,0.0,0.0,0.0,0.0,-0.6626472120523289
879,3,0.0,0.0,0.0,0.0,-0.07125
879,4,0.0,0.0,0.0,0.0,0.0
880,0,0.0,-2.1837722850216523e-05,0.0,0.0,-17.3730398802001
880,1,0.0,0.0,-0.0023346702016431866,0.0,-0.1532381897617503
880,2,0.0,0.0,0.0,0.0,-0.6626472120523289
880,3,0.0,0.0,0.0,0.0,-0.07125
880,4,0.0,0.0,0.0,0.0,0.0
881,0,0.0,-2.1837722850216523e-05,0.0,0.0,-17.378623286140293
881,1,0.0,0.0,-0.0023346702016431866,0.0,-0.1532381897617503
881,2,0.0,0.0,0.0,0.0,-0.6626472120523289
881,3,0.0,0.0,0.0,0.0,-0.07125
881,4,0.0,0.0,0.0,0.0,0.0
882,0,0.0,-2.1837722850216523e-05,0.0,0.0,-17.384195624523674
882,1,0.0,0.0,-0.0023346702016431866,0.0,-0.1532381897617503
882,2,0.0,0.0,0.0,0.0,-0.6626472120523289
882,3,0.0,0.0,0.0,0.0,-0.07125
882,4,0.0,0.0,0.0,0.0,0.0
883,0,0.0,-2.1837722850216523e-05,0.0,0.0,-17.389756926383967
883,1,0.0,0.0,-0.0023346702016431866,0.0,-0.1532381897617503
883,2,0.0,0.0,0.0,0.0,-0.6626472120523289
883,3,0.0,0.0,0.0,0.0,-0.07125
883,4,0.0,0.0,0.0,0.0,0.0
884,0,0.0,-2.1837722850216523e-05,0.0,0.0,-17.39530722263415
884,1,0.0,0.0,-0.0023346702016431866,0.0,-0.1532381897617503
884,2,0.0,0.0,0.0,0.0,-0.6626472120523289
884,3,0.0,0.0,0.0,0.0,-0.07125
884,4,0.0,0.0,0.0,0.0,0.0
885,0,0.0,-2.1837722850216523e-05,0.0,0.0,-17.40084654406712
885,1,0.0,0.0,-0.0023346702016431866,0.0,-0.1532381897617503
885,2,0.0,0.0,0.0,0.0,-0.6626472120523289
885,3,0.0,0.0,0.0,0.0,-0.07125
885,4,0.0,0.0,0.0,0.0,0.0
886,0,0.0,-2.1837722850216523e-05,0.0,0.0,-17.4063749213565
886,1,0.0,0.0,-0.0023346702016431866,0.0,-0.1532381897617503
886,2,0.0,0.0,0.0,0.0,-0.6626472120523289
886,3,0.0,0.0,0.0,0.0,-0.07125
886,4,0.0,0.0,0.0,0.0,0.0
887,0,0.0,-2.1837722850216523e-05,0.0,0.0,-17.411892385084634
887,1,0.0,0.0,-0.0023346702016431866,0.0,-0.1532381897617503
887,2,0.0,0.0,0.0,0.0,-0.6626472120523289
887,3,0.0,0.0,0.0,0.0,-0.07125
887,4,0.0,0.0,0.0,0.0,0.0
888,0,0.0,-2.1837722850216523e-05,0.0,0.0,-17.417398966013028
888,1,0.0,0.0,-0.0023346702016431866,0.0,-0.1532381897617503
888,2,0.0,0.0,0.0,0.0,-0.6626472120523289
888,3,0.0,0.0,0.0,0.0,-0.07125
888,4,0.0,0.0,0.0,0.0,0.0
889,0,0.0,-2.1837722850216523e-05,0.0,0.0,-17.422894694861537
889,1,0.0,0.0,-0.0023346702016431866,0.0,-0.1532381897617503
889,2,0.0,0.0,0.0,0.0,-0.6626472120523289
889,3,0.0,0.0,0.0,0.0,-0.07125
889,4,0.0,0.0,0.0,0.0,0.0
890,0,0.0,-2.1837722850216523e-05,0.0,0.0,-17.428379602226492
890,1,0.0,0.0,-0.0023346702016431866,0.0,-0.1532381897617503
890,2,0.0,0.0,0.0,0.0,-0.6626472120523289
890,3,0.0,0.0,0.0,0.0,-0.07125
890,4,0.0,0.0,0.0,0.0,0.0
891,0,0.0,-2.1837722850216523e-05,0.0,0.0,-17.433853718581464
891,1,0.0,0.0,-0.0023346702016431866,0.0,-0.1532381897617503
891,2,0.0,0.0,0.0,0.0,-0.6626472120523289
891,3,0.0,0.0,0.0,0.0,-0.07125
891,4,0.0,0.0,0.0,0.0,0.0
892,0,0.0,-2.1837722850216523e-05,0.0,0.0,-17.439317074278065
892,1,0.0,0.0,-0.0023346702016431866,0.0,-0.1532381897617503
892,2,0.0,0.0,0.0,0.0,-0.6626472120523289
892,3,0.0,0.0,0.0,0.0,-0.07125
892,4,0.0,0.0,0.0,0.0,0.0
893,0,0.0,-2.1837722850216523e-05,0.0,0.0,-17.444769699546676
893,1,0.0,0.0,-0.0023346702016431866,0.0,-0.1532381897617503
893,2,0.0,0.0,0.0,0.0,-0.6626472120523289
893,3,0.0,0.0,0.0,0.0,-0.07125
893,4,0.0,0.0,0.0,0.0,0.0
894,0,0.0,-2.1837722850216523e-05,0.0,0.0,-17.450211624497232
894,1,0.0,0.0,-0.0023346702016431866,0.0,-0.1532381897617503
894,2,0.0,0.0,0.0,0.0,-0.6626472120523289
894,3,0.0,0.0,0.0,0.0,-0.07125
894,4,0.0,0.0,0.0,0.0,0.0
895,0,0.0,-2.1837722850216523e-05,0.0,0.0,-17.455642879119956
895,1,0.0,0.0,-0.0023346702016431866,0.0,-0.1532381897617503
895,2,0.0,0.0,0.0,0.0,-0.6626472120523289
895,3,0.0,0.0,0.0,0.0,-0.07125
895,4,0.0,0.0,0.0,0.0,0.0
896,0,0.0,-2.1837722850216523e-05,0.0,0.0,-17.461063493286105
896,1,0.0,0.0,-0.0023346702016431866,0.0,-0.1532381897617503
896,2,0.0,0.0,0.0,0.0,-0.6626472120523289
896,3,0.0,0.0,0.0,0.0,-0.07125
896,4,0.0,0.0,0.0,0.0,0.0
897,0,0.0,-2.1837722850216523e-05,0.0,0.0,-17.466473496748705
897,1,0.0,0.0,-0.0023346702016431866,0.0,-0.1532381897617503
897,2,0.0,0.0,0.0,0.0,-0.6626472120523289
897,3,0.0,0.0,0.0,0.0,-0.07125
897,4,0.0,0.0,0.0,0.0,0.0
898,0,0.0,-2.1837722850216523e-05,0.0,0.0,-17.471872919143276
898,1,0.0,0.0,-0.0023346702016431866,0.0,-0.1532381897617503
898,2,0.0,0.0,0.0,0.0,-0.6626472120523289
898,3,0.0,0.0,0.0,0.0,-0.07125
898,4,0.0,0.0,0.0,0.0,0.0
899,0,0.0,-2.1837722850216523e-05,0.0,0.0,-17.477261789988553
899,1,0.0,0.0,-0.0023346702016431866,0.0,-0.1532381897617503
899,2,0.0,0.0,0.0,0.0,-0.6626472120523289
899,3,0.0,0.0,0.0,0.0,-0.07125
899,4,0.0,0.0,0.0,0.0,0.0
900,0,0.0,-2.1837722850216523e-05,0.0,0.0,-17.482640138687206
900,1,0.0,0.0,-0.0023346702016431866,0.0,-0.1532381897617503
900,2,0.0,0.0,0.0,0.0,-0.6626472120523289
900,3,0.0,0.0,0.0,0.0,-0.07125
900,4,0.0,0.0,0.0,0.0,0.0
901,0,0.0,-2.1837722850216523e-05,0.0,0.0,-17.48800799452652
901,1,0.0,0.0,-0.0023346702016431866,0.0,-0.1532381897617503
901,2,0.0,0.0,0.0,0.0,-0.6626472120523289
901,3,0.0,0.0,0.0,0.0,-0.07125
901,4,0.0,0.0,0.0,0.0,0.0
902,0,0.0,-2.1837722850216523e-05,0.0,0.0,-17.493365386679145
902,1,0.0,0.0,-0.0023346702016431866,0.0,-0.1532381897617503
902,2,0.0,0.0,0.0,0.0,-0.6626472120523289
902,3,0.0,0.0,0.0,0.0,-0.07125
902,4,0.0,0.0,0.0,0.0,0.0
903,0,0.0,-2.1837722850216523e-05,0.0,0.0,-17.49871234420373
903,1,0.0,0.0,-0.0023346702016431866,0.0,-0.1532381897617503
903,2,0.0,0.0,0.0,0.0,-0.6626472120523289
903,3,0.0,0.0,0.0,0.0,-0.07125
903,4,0.0,0.0,0.0,0.0,0.0
904,0,0.0,-2.1837722850216523e-05,0.0,0.0,-17.50404889604567
904,1,0.0,0.0,-0.0023346702016431866,0.0,-0.1532381897617503
904,2,0.0,0.0,0.0,0.0,-0.6626472120523289
904,3,0.0,0.0,0.0,0.0,-0.07125
904,4,0.0,0.0,0.0,0.0,0.0
905,0,0.0,-2.1837722850216523e-05,0.0,0.0,-17.50937507103773
905,1,0.0,0.0,-0.0023346702016431866,0.0,-0.1532381897617503
905,2,0.0,0.0,0.0,0.0,-0.6626472120523289
905,3,0.0,0.0,0.0,0.0,-0.07125
905,4,0.0,0.0,0.0,0.0,0.0
906,0,0.0,-2.1837722850216523e-05,0.0,0.0,-17.514690897900746
906,1,0.0,0.0,-0.0023346702016431866,0.0,-0.1532381897617503
906,2,0.0,0.0,0.0,0.0,-0.6626472120523289
906,3,0.0,0.0,0.0,0.0,-0.07125
906,4,0.0,0.0,0.0,0.0,0.0
907,0,0.0,-2.1837722850216523e-05,0.0,0.0,-17.51999640526239
907,1,0.0,0.0,-0.0023346702016431866,0.0,-0.1532381897617503
907,2,0.0,0.0,0.0,0.0,-0.6626472120523289
907,3,0.0,0.0,0.0,0.0,-0.07125
907,4,0.0,0.0,0.0,0.0,0.0
908,0,0.0,-2.1837722850216523e-05,0.0,0.0,-17.5252916219102
908,1,0.0,0.0,-0.0023346702016431866,0.0,-0.1532381897617503
908,2,0.0,0.0,0.0,0.0,-0.6626472120523289
908,3,0.0,0.0,0.0,0.0,-0.07125
908,4,0.0,0.0,0.0,0.0,0.0
909,0,0.0,-2.1837722850216523e-05,0.0,0.0,-17.53057657660739
909,1,0.0,0.0,-0.0023346702016431866,0.0,-0.1532381897617503
909,2,0.0,0.0,0.0,0.0,-0.6626472120523289
909,3,0.0,0.0,0.0,0.0,-0.07125
909,4,0.0,0.0,0.0,0.0,0.0
910,0,0.0,-6.092677280568744e-05,0.0,0.0,-17.53057657660739
910,1,0.0,0.0,-0.0023346702016431866,0.0,-0.20397765796552203
910,2,0.0,0.0,0.0,0.0,-0.6626472120523289
910,3,0.0,0.0,0.0,0.0,-0.07125
910,4,0.0,0.0,0.0,0.0,0.0
911,0,0.0,-6.092677280568744e-05,0.0,0.0,-17.535851298001507
911,1,0.0,0.0,-0.0023346702016431866,0.0,-0.20397765796552203
911,2,0.0,0.0,0.0,0.0,-0.6626472120523289
911,3,0.0,0.0,0.0,0.0,-0.07125
911,4,0.0,0.0,0.0,0.0,0.0
912,0,0.0,-6.092677280568744e-05,0.0,0.0,-17.541115814625137
912,1,0.0,0.0,-0.0023346702016431866,0.0,-0.20397765796552203
912,2,0.0,0.0,0.0,0.0,-0.6626472120523289
912,3,0.0,0.0,0.0,0.0,-0.07125
912,4,0.0,0.0,0.0,0.0,0.0
913,0,0.0,-6.092677280568744e-05,0.0,0.0,-17.54637015489663
913,1,0.0,0.0,-0.0023346702016431866,0.0,-0.20397765796552203
913,2,0.0,0.0,0.0,0.0,-0.6626472120523289
913,3,0.0,0.0,0.0,0.0,-0.07125
913,4,0.0,0.0,0.0,0.0,0.0
914,0,0.0,-6.092677280568744e-05,0.0,0.0,-17.55161434712084
914,1,0.0,0.0,-0.0023346702016431866,0.0,-0.20397765796552203
914,2,0.0,0.0,0.0,0.0,-0.6626472120523289
914,3,0.0,0.0,0.0,0.0,-0.07125
914,4,0.0,0.0,0.0,0.0,0.0
915,0,0.0,-6.092677280568744e-05,0.0,0.0,-17.55684841948981
915,1,0.0,0.0,-0.0023346702016431866,0.0,-0.20397765796552203
915,2,0.0,0.0,0.0,0.0,-0.6626472120523289
915,3,0.0,0.0,0.0,0.0,-0.07125
915,4,0.0,0.0,0.0,0.0,0.0
916,0,0.0,-6.092677280568744e-05,0.0,0.0,-17.562072400083494
916,1,0.0,0.0,-0.0023346702016431866,0.0,-0.20397765796552203
916,2,0.0,0.0,0.0,0.0,-0.6626472120523289
916,3,0.0,0.0,0.0,0.0,-0.07125
916,4,0.0,0.0,0.0,0.0,0.0
917,0,0.0,-6.092677280568744e-05,0.0,0.0,-17.567286316870444
917,1,0.0,0.0,-0.0023346702016431866,0.0,-0.20397765796552203
917,2,0.0,0.0,0.0,0.0,-0.6626472120523289
917,3,0.0,0.0,0.0,0.0,-0.07125
917,4,0.0,0.0,0.0,0.0,0.0
918,0,0.0,-6.092677280568744e-05,0.0,0.0,-17.572490197708504
918,1,0.0,0.0,-0.0023346702016431866,0.0,-0.20397765796552203
918,2,0.0,0.0,0.0,0.0,-0.6626472120523289
918,3,0.0,0.0,0.0,0.0,-0.07125
918,4,0.0,0.0,0.0,0.0,0.0
919,0,0.0,-6.092677280568744e-05,0.0,0.0,-17.577684070345473
919,1,0.0,0.0,-0.0023346702016431866,0.0,-0.20397765796552203
919,2,0.0,0.0,0.0,0.0,-0.6626472120523289
919,3,0.0,0.0,0.0,0.0,-0.07125
919,4,0.0,0.0,0.0,0.0,0.0
920,0,0.0,-6.092677280568744e-05,0.0,0.0,-17.58286796241982
920,1,0.0,0.0,-0.0023346702016431866,0.0,-0.20397765796552203
920,2,0.0,0.0,0.0,0.0,-0.6626472120523289
920,3,0.0,0.0,0.0,0.0,-0.07125
920,4,0.0,0.0,0.0,0.0,0.0
921,0,0.0,-6.092677280568744e-05,0.0,0.0,-17.588041901461317
921,1,0.0,0.0,-0.0023346702016431866,0.0,-0.20397765796552203
921,2,0.0,0.0,0.0,0.0,-0.6626472120523289
921,3,0.0,0.0,0.0,0.0,-0.07125
921,4,0.0,0.0,0.0,0.0,0.0
922,0,0.0,-6.092677280568744e-05,0.0,0.0,-17.593205914891737
922,1,0.0,0.0,-0.0023346702016431866,0.0,-0.20397765796552203
922,2,0.0,0.0,0.0,0.0,-0.6626472120523289
922,3,0.0,0.0,0.0,0.0,-0.07125
922,4,0.0,0.0,0.0,0.0,0.0
923,0,0.0,-6.092677280568744e-05,0.0,0.0,-17.598360030025475
923,1,0.0,0.0,-0.0023346702016431866,0.0,-0.20397765796552203
923,2,0.0,0.0,0.0,0.0,-0.6626472120523289
923,3,0.0,0.0,0.0,0.0,-0.07125
923,4,0.0,0.0,0.0,0.0,0.0
924,0,0.0,-6.092677280568744e-05,0.0,0.0,-17.603504274070232
924,1,0.0,0.0,-0.0023346702016431866,0.0,-0.20397765796552203
924,2,0.0,0.0,0.0,0.0,-0.6626472120523289
924,3,0.0,0.0,0.0,0.0,-0.07125
924,4,0.0,0.0,0.0,0.0,0.0
925,0,0.0,-6.092677280568744e-05,0.0,0.0,-17.608638674127636
925,1,0.0,0.0,-0.0023346702016431866,0.0,-0.20397765796552203
925,2,0.0,0.0,0.0,0.0,-0.6626472120523289
925,3,0.0,0.0,0.0,0.0,-0.07125
925,4,0.0,0.0,0.0,0.0,0.0
926,0,0.0,-6.092677280568744e-05,0.0,0.0,-17.613763257193895
926,1,0.0,0.0,-0.0023346702016431866,0.0,-0.20397765796552203
926,2,0.0,0.0,0.0,0.0,-0.6626472120523289
926,3,0.0,0.0,0.0,0.0,-0.07125
926,4,0.0,0.0,0.0,0.0,0.0
927,0,0.0,-6.092677280568744e-05,0.0,0.0,-17.618878050160433
927,1,0.0,0.0,-0.0023346702016431866,0.0,-0.20397765796552203
927,2,0.0,0.0,0.0,0.0,-0.6626472120523289
927,3,0.0,0.0,0.0,0.0,-0.07125
927,4,0.0,0.0,0.0,0.0,0.0
928,0,0.0,-6.092677280568744e-05,0.0,0.0,-17.6239830798145
928,1,0.0,0.0,-0.0023346702016431866,0.0,-0.20397765796552203
928,2,0.0,0.0,0.0,0.0,-0.6626472120523289
928,3,0.0,0.0,0.0,0.0,-0.07125
928,4,0.0,0.0,0.0,0.0,0.0
929,0,0.0,-6.092677280568744e-05,0.0,0.0,-17.629078372856426
929,1,0.0,0.0,-0.0023346702016431866,0.0,-0.20397765796552203
929,2,0.0,0.0,0.0,0.0,-0.6626472120523289
929,3,0.0,0.0,0.0,0.0,-0.07125
929,4,0.0,0.0,0.0,0.0,0.0
930,0,0.0,-6.092677280568744e-05,0.0,0.0,-17.63416395613557
930,1,0.0,0.0,-0.0023346702016431866,0.0,-0.20397765796552203
930,2,0.0,0.0,0.0,0.0,-0.6626472120523289
930,3,0.0,0.0,0.0,0.0,-0.07125
930,4,0.0,0.0,0.0,0.0,0.0
931,0,0.0,-6.092677280568744e-05,0.0,0.0,-17.639239856479527
931,1,0.0,0.0,-0.0023346702016431866,0.0,-0.20397765796552203
931,2,0.0,0.0,0.0,0.0,-0.6626472120523289
931,3,0.0,0.0,0.0,0.0,-0.07125
931,4,0.0,0.0,0.0,0.0,0.0
932,0,0.0,-6.092677280568744e-05,0.0,0.0,-17.644306100608347
932,1,0.0,0.0,-0.0023346702016431866,0.0,-0.20397765796552203
932,2,0.0,0.0,0.0,0.0,-0.6626472120523289
932,3,0.0,0.0,0.0,0.0,-0.07125
932,4,0.0,0.0,0.0,0.0,0.0
933,0,0.0,-6.092677280568744e-05,0.0,0.0,-17.649362715135243
933,1,0.0,0.0,-0.0023346702016431866,0.0,-0.20397765796552203
933,2,0.0,0.0,0.0,0.0,-0.6626472120523289
933,3,0.0,0.0,0.0,0.0,-0.07125
933,4,0.0,0.0,0.0,0.0,0.0
934,0,0.0,-6.092677280568744e-05,0.0,0.0,-17.654409726567238
934,1,0.0,0.0,-0.0023346702016431866,0.0,-0.20397765796552203
934,2,0.0,0.0,0.0,0.0,-0.6626472120523289
934,3,0.0,0.0,0.0,0.0,-0.07125
934,4,0.0,0.0,0.0,0.0,0.0
935,0,0.0,-6.092677280568744e-05,0.0,0.0,-17.65944716130585
935,1,0.0,0.0,-0.0023346702016431866,0.0,-0.20397765796552203
935,2,0.0,0.0,0.0,0.0,-0.6626472120523289
935,3,0.0,0.0,0.0,0.0,-0.07125
935,4,0.0,0.0,0.0,0.0,0.0
936,0,0.0,-6.092677280568744e-05,0.0,0.0,-17.664475045647716
936,1,0.0,0.0,-0.0023346702016431866,0.0,-0.20397765796552203
936,2,0.0,0.0,0.0,0.0,-0.6626472120523289
936,3,0.0,0.0,0.0,0.0,-0.07125
936,4,0.0,0.0,0.0,0.0,0.0
937,0,0.0,-6.092677280568744e-05,0.0,0.0,-17.66949340578529
937,1,0.0,0.0,-0.0023346702016431866,0.0,-0.20397765796552203
937,2,0.0,0.0,0.0,0.0,-0.6626472120523289
937,3,0.0,0.0,0.0,0.0,-0.07125
937,4,0.0,0.0,0.0,0.0,0.0
938,0,0.0,-6.092677280568744e-05,0.0,0.0,-17.674502267807444
938,1,0.0,0.0,-0.0023346702016431866,0.0,-0.20397765796552203
938,2,0.0,0.0,0.0,0.0,-0.6626472120523289
938,3,0.0,0.0,0.0,0.0,-0.07125
938,4,0.0,0.0,0.0,0.0,0.0
939,0,0.0,-6.092677280568744e-05,0.0,0.0,-17.67950165770015
939,1,0.0,0.0,-0.0023346702016431866,0.0,-0.20397765796552203
939,2,0.0,0.0,0.0,0.0,-0.6626472120523289
939,3,0.0,0.0,0.0,0.0,-0.07125
939,4,0.0,0.0,0.0,0.0,0.0
940,0,0.0,-6.092677280568744e-05,0.0,0.0,-17.684491601347084
940,1,0.0,0.0,-0.0023346702016431866,0.0,-0.20397765796552203
940,2,0.0,0.0,0.0,0.0,-0.6626472120523289
940,3,0.0,0.0,0.0,0.0,-0.07125
940,4,0.0,0.0,0.0,0.0,0.0
941,0,0.0,-6.092677280568744e-05,0.0,0.0,-17.68947212453025
941,1,0.0,0.0,-0.0023346702016431866,0.0,-0.20397765796552203
941,2,0.0,0.0,0.0,0.0,-0.6626472120523289
941,3,0.0,0.0,0.0,0.0,-0.07125
941,4,0.0,0.0,0.0,0.0,0.0
942,0,0.0,-6.092677280568744e-05,0.0,0.0,-17.694443252930636
942,1,0.0,0.0,-0.0023346702016431866,0.0,-0.20397765796552203
942,2,0.0,0.0,0.0,0.0,-0.6626472120523289
942,3,0.0,0.0,0.0,0.0,-0.07125
942,4,0.0,0.0,0.0,0.0,0.0
943,0,0.0,-6.092677280568744e-05,0.0,0.0,-17.69940501212879
943,1,0.0,0.0,-0.0023346702016431866,0.0,-0.20397765796552203
943,2,0.0,0.0,0.0,0.0,-0.6626472120523289
943,3,0.0,0.0,0.0,0.0,-0.07125
943,4,0.0,0.0,0.0,0.0,0.0
944,0,0.0,-6.092677280568744e-05,0.0,0.0,-17.70435742760546
944,1,0.0,0.0,-0.0023346702016431866,0.0,-0.20397765796552203
944,2,0.0,0.0,0.0,0.0,-0.6626472120523289
944,3,0.0,0.0,0.0,0.0,-0.07125
944,4,0.0,0.0,0.0,0.0,0.0
945,0,0.0,-6.092677280568744e-05,0.0,0.0,-17.709300524742172
945,1,0.0,0.0,-0.0023346702016431866,0.0,-0.20397765796552203
945,2,0.0,0.0,0.0,0.0,-0.6626472120523289
945,3,0.0,0.0,0.0,0.0,-0.07125
945,4,0.0,0.0,0.0,0.0,0.0
946,0,0.0,-6.092677280568744e-05,0.0,0.0,-17.714234328821867
946,1,0.0,0.0,-0.0023346702016431866,0.0,-0.20397765796552203
946,2,0.0,0.0,0.0,0.0,-0.6626472120523289
946,3,0.0,0.0,0.0,0.0,-0.07125
946,4,0.0,0.0,0.0,0.0,0.0
947,0,0.0,-6.092677280568744e-05,0.0,0.0,-17.719158865029453
947,1,0.0,0.0,-0.0023346702016431866,0.0,-0.20397765796552203
947,2,0.0,0.0,0.0,0.0,-0.6626472120523289
947,3,0.0,0.0,0.0,0.0,-0.07125
947,4,0.0,0.0,0.0,0.0,0.0
948,0,0.0,-6.092677280568744e-05,0.0,0.0,-17.724074158452414
948,1,0.0,0.0,-0.0023346702016431866,0.0,-0.20397765796552203
948,2,0.0,0.0,0.0,0.0,-0.6626472120523289
948,3,0.0,0.0,0.0,0.0,-0.07125
948,4,0.0,0.0,0.0,0.0,0.0
949,0,0.0,-6.092677280568744e-05,0.0,0.0,-17.728980234081394
949,1,0.0,0.0,-0.0023346702016431866,0.0,-0.20397765796552203
949,2,0.0,0.0,0.0,0.0,-0.6626472120523289
949,3,0.0,0.0,0.0,0.0,-0.07125
949,4,0.0,0.0,0.0,0.0,0.0
950,0,0.0,-6.092677280568744e-05,0.0,0.0,-17.73387711681077
950,1,0.0,0.0,-0.0023346702016431866,0.0,-0.20397765796552203
950,2,0.0,0.0,0.0,0.0,-0.6626472120523289
950,3,0.0,0.0,0.0,0.0,-0.07125
950,4,0.0,0.0,0.0,0.0,0.0
951,0,0.0,-6.092677280568744e-05,0.0,0.0,-17.738764831453263
951,1,0.0,0.0,-0.0023346702016431866,0.0,-0.20397765796552203
951,2,0.0,0.0,0.0,0.0,-0.6626472120523289
951,3,0.0,0.0,0.0,0.0,-0.07125
951,4,0.0,0.0,0.0,0.0,0.0
952,0,0.0,-6.092677280568744e-05,0.0,0.0,-17.74364340295917
952,1,0.0,0.0,-0.0023346702016431866,0.0,-0.20397765796552203
952,2,0.0,0.0,0.0,0.0,-0.6626472120523289
952,3,0.0,0.0,0.0,0.0,-0.07125
952,4,0.0,0.0,0.0,0.0,0.0
953,0,0.0,-6.092677280568744e-05,0.0,0.0,-17.748512856262725
953,1,0.0,0.0,-0.0023346702016431866,0.0,-0.20397765796552203
953,2,0.0,0.0,0.0,0.0,-0.6626472120523289
953,3,0.0,0.0,0.0,0.0,-0.07125
953,4,0.0,0.0,0.0,0.0,0.0
954,0,0.0,-6.092677280568744e-05,0.0,0.0,-17.753373216198852
954,1,0.0,0.0,-0.0023346702016431866,0.0,-0.20397765796552203
954,2,0.0,0.0,0.0,0.0,-0.6626472120523289
954,3,0.0,0.0,0.0,0.0,-0.07125
954,4,0.0,0.0,0.0,0.0,0.0
955,0,0.0,-6.092677280568744e-05,0.0,0.0,-17.758224507503797
955,1,0.0,0.0,-0.0023346702016431866,0.0,-0.20397765796552203
955,2,0.0,0.0,0.0,0.0,-0.6626472120523289
955,3,0.0,0.0,0.0,0.0,-0.07125
955,4,0.0,0.0,0.0,0.0,0.0
956,0,0.0,-6.092677280568744e-05,0.0,0.0,-17.763066754815735
956,1,0.0,0.0,-0.0023346702016431866,0.0,-0.20397765796552203
956,2,0.0,0.0,0.0,0.0,-0.6626472120523289
956,3,0.0,0.0,0.0,0.0,-0.07125
956,4,0.0,0.0,0.0,0.0,0.0
957,0,0.0,-6.092677280568744e-05,0.0,0.0,-17.76789998267538
957,1,0.0,0.0,-0.0023346702016431866,0.0,-0.20397765796552203
957,2,0.0,0.0,0.0,0.0,-0.6626472120523289
957,3,0.0,0.0,0.0,0.0,-0.07125
957,4,0.0,0.0,0.0,0.0,0.0
958,0,0.0,-6.092677280568744e-05,0.0,0.0,-17.772724215526605
958,1,0.0,0.0,-0.0023346702016431866,0.0,-0.20397765796552203
958,2,0.0,0.0,0.0,0.0,-0.6626472120523289
958,3,0.0,0.0,0.0,0.0,-0.07125
958,4,0.0,0.0,0.0,0.0,0.0
959,0,0.0,-6.092677280568744e-05,0.0,0.0,-17.777539477717013
959,1,0.0,0.0,-0.0023346702016431866,0.0,-0.20397765796552203
959,2,0.0,0.0,0.0,0.0,-0.6626472120523289
959,3,0.0,0.0,0.0,0.0,-0.07125
959,4,0.0,0.0,0.0,0.0,0.0
960,0,0.0,-6.092677280568744e-05,0.0,0.0,-17.782345793498546
960,1,0.0,0.0,-0.0023346702016431866,0.0,-0.20397765796552203
960,2,0.0,0.0,0.0,0.0,-0.6626472120523289
960,3,0.0,0.0,0.0,0.0,-0.07125
960,4,0.0,0.0,0.0,0.0,0.0
961,0,0.0,-6.092677280568744e-05,0.0,0.0,-17.787143187028082
961,1,0.0,0.0,-0.0023346702016431866,0.0,-0.20397765796552203
961,2,0.0,0.0,0.0,0.0,-0.6626472120523289
961,3,0.0,0.0,0.0,0.0,-0.07125
961,4,0.0,0.0,0.0,0.0,0.0
962,0,0.0,-6.092677280568744e-05,0.0,0.0,-17.791931682367995
962,1,0.0,0.0,-0.0023346702016431866,0.0,-0.20397765796552203
962,2,0.0,0.0,0.0,0.0,-0.6626472120523289
962,3,0.0,0.0,0.0,0.0,-0.07125
962,4,0.0,0.0,0.0,0.0,0.0
963,0,0.0,-6.092677280568744e-05,0.0,0.0,-17.796711303486735
963,1,0.0,0.0,-0.0023346702016431866,0.0,-0.20397765796552203
963,2,0.0,0.0,0.0,0.0,-0.6626472120523289
963,3,0.0,0.0,0.0,0.0,-0.07125
963,4,0.0,0.0,0.0,0.0,0.0
964,0,0.0,-6.092677280568744e-05,0.0,0.0,-17.80148207425942
964,1,0.0,0.0,-0.0023346702016431866,0.0,-0.20397765796552203
964,2,0.0,0.0,0.0,0.0,-0.6626472120523289
964,3,0.0,0.0,0.0,0.0,-0.07125
964,4,0.0,0.0,0.0,0.0,0.0
965,0,0.0,-6.092677280568744e-05,0.0,0.0,-17.806244018468373
965,1,0.0,0.0,-0.0023346702016431866,0.0,-0.20397765796552203
965,2,0.0,0.0,0.0,0.0,-0.6626472120523289
965,3,0.0,0.0,0.0,0.0,-0.07125
965,4,0.0,0.0,0.0,0.0,0.0
966,0,0.0,-6.092677280568744e-05,0.0,0.0,-17.81099715980371
966,1,0.0,0.0,-0.0023346702016431866,0.0,-0.20397765796552203
966,2,0.0,0.0,0.0,0.0,-0.6626472120523289
966,3,0.0,0.0,0.0,0.0,-0.07125
966,4,0.0,0.0,0.0,0.0,0.0
967,0,0.0,-6.092677280568744e-05,0.0,0.0,-17.815741521863867
967,1,0.0,0.0,-0.0023346702016431866,0.0,-0.20397765796552203
967,2,0.0,0.0,0.0,0.0,-0.6626472120523289
967,3,0.0,0.0,0.0,0.0,-0.07125
967,4,0.0,0.0,0.0,0.0,0.0
968,0,0.0,-6.092677280568744e-05,0.0,0.0,-17.820477128156174
968,1,0.0,0.0,-0.0023346702016431866,0.0,-0.20397765796552203
968,2,0.0,0.0,0.0,0.0,-0.6626472120523289
968,3,0.0,0.0,0.0,0.0,-0.07125
968,4,0.0,0.0,0.0,0.0,0.0
969,0,0.0,-6.092677280568744e-05,0.0,0.0,-17.825204002097383
969,1,0.0,0.0,-0.0023346702016431866,0.0,-0.20397765796552203
969,2,0.0,0.0,0.0,0.0,-0.6626472120523289
969,3,0.0,0.0,0.0,0.0,-0.07125
969,4,0.0,0.0,0.0,0.0,0.0
970,0,0.0,-6.092677280568744e-05,0.0,0.0,-17.829922167014228
970,1,0.0,0.0,-0.0023346702016431866,0.0,-0.20397765796552203
970,2,0.0,0.0,0.0,0.0,-0.6626472120523289
970,3,0.0,0.0,0.0,0.0,-0.07125
970,4,0.0,0.0,0.0,0.0,0.0
971,0,0.0,-6.092677280568744e-05,0.0,0.0,-17.834631646143936
971,1,0.0,0.0,-0.0023346702016431866,0.0,-0.20397765796552203
971,2,0.0,0.0,0.0,0.0,-0.6626472120523289
971,3,0.0,0.0,0.0,0.0,-0.07125
971,4,0.0,0.0,0.0,0.0,0.0
972,0,0.0,-6.092677280568744e-05,0.0,0.0,-17.839332462634786
972,1,0.0,0.0,-0.0023346702016431866,0.0,-0.20397765796552203
972,2,0.0,0.0,0.0,0.0,-0.6626472120523289
972,3,0.0,0.0,0.0,0.0,-0.07125
972,4,0.0,0.0,0.0,0.0,0.0
973,0,0.0,-6.092677280568744e-05,0.0,0.0,-17.844024639546593
973,1,0.0,0.0,-0.0023346702016431866,0.0,-0.20397765796552203
973,2,0.0,0.0,0.0,0.0,-0.6626472120523289
973,3,0.0,0.0,0.0,0.0,-0.07125
973,4,0.0,0.0,0.0,0.0,0.0
974,0,0.0,-6.092677280568744e-05,0.0,0.0,-17.848708199856823
974,1,0.0,0.0,-0.0023346702016431866,0.0,-0.20397765796552203
974,2,0.0,0.0,0.0,0.0,-0.6626472120523289
974,3,0.0,0.0,0.0,0.0,-0.07125
974,4,0.0,0.0,0.0,0.0,0.0
975,0,0.0,-6.092677280568744e-05,0.0,0.0,-17.853383166655846
975,1,0.0,0.0,-0.0023346702016431866,0.0,-0.20397765796552203
975,2,0.0,0.0,0.0,0.0,-0.6626472120523289
975,3,0.0,0.0,0.0,0.0,-0.07125
975,4,0.0,0.0,0.0,0.0,0.0
976,0,0.0,-6.092677280568744e-05,0.0,0.0,-17.858049563044187
976,1,0.0,0.0,-0.0023346702016431866,0.0,-0.20397765796552203
976,2,0.0,0.0,0.0,0.0,-0.6626472120523289
976,3,0.0,0.0,0.0,0.0,-0.07125
976,4,0.0,0.0,0.0,0.0,0.0
977,0,0.0,-6.092677280568744e-05,0.0,0.0,-17.862707412031185
977,1,0.0,0.0,-0.0023346702016431866,0.0,-0.20397765796552203
977,2,0.0,0.0,0.0,0.0,-0.6626472120523289
977,3,0.0,0.0,0.0,0.0,-0.07125
977,4,0.0,0.0,0.0,0.0,0.0
978,0,0.0,-6.092677280568744e-05,0.0,0.0,-17.867356736535534
978,1,0.0,0.0,-0.0023346702016431866,0.0,-0.20397765796552203
978,2,0.0,0.0,0.0,0.0,-0.6626472120523289
978,3,0.0,0.0,0.0,0.0,-0.07125
978,4,0.0,0.0,0.0,0.0,0.0
979,0,0.0,-6.092677280568744e-05,0.0,0.0,-17.87199755938588
979,1,0.0,0.0,-0.0023346702016431866,0.0,-0.20397765796552203
979,2,0.0,0.0,0.0,0.0,-0.6626472120523289
979,3,0.0,0.0,0.0,0.0,-0.07125
979,4,0.0,0.0,0.0,0.0,0.0
980,0,0.0,-6.092677280568744e-05,0.0,0.0,-17.87662990332134
980,1,0.0,0.0,-0.0023346702016431866,0.0,-0.20397765796552203
980,2,0.0,0.0,0.0,0.0,-0.6626472120523289
980,3,0.0,0.0,0.0,0.0,-0.07125
980,4,0.0,0.0,0.0,0.0,0.0
981,0,0.0,-6.092677280568744e-05,0.0,0.0,-17.881253790992076
981,1,0.0,0.0,-0.0023346702016431866,0.0,-0.20397765796552203
981,2,0.0,0.0,0.0,0.0,-0.6626472120523289
981,3,0.0,0.0,0.0,0.0,-0.07125
981,4,0.0,0.0,0.0,0.0,0.0
982,0,0.0,-6.092677280568744e-05,0.0,0.0,-17.88586924495984
982,1,0.0,0.0,-0.0023346702016431866,0.0,-0.20397765796552203
982,2,0.0,0.0,0.0,0.0,-0.6626472120523289
982,3,0.0,0.0,0.0,0.0,-0.07125
982,4,0.0,0.0,0.0,0.0,0.0
983,0,0.0,-6.092677280568744e-05,0.0,0.0,-17.89047628769848
983,1,0.0,0.0,-0.0023346702016431866,0.0,-0.20397765796552203
983,2,0.0,0.0,0.0,0.0,-0.6626472120523289
983,3,0.0,0.0,0.0,0.0,-0.07125
983,4,0.0,0.0,0.0,0.0,0.0
984,0,0.0,-6.092677280568744e-05,0.0,0.0,-17.895074941594515
984,1,0.0,0.0,-0.0023346702016431866,0.0,-0.20397765796552203
984,2,0.0,0.0,0.0,0.0,-0.6626472120523289
984,3,0.0,0.0,0.0,0.0,-0.07125
984,4,0.0,0.0,0.0,0.0,0.0
985,0,0.0,-6.092677280568744e-05,0.0,0.0,-17.89966522894765
985,1,0.0,0.0,-0.0023346702016431866,0.0,-0.20397765796552203
985,2,0.0,0.0,0.0,0.0,-0.6626472120523289
985,3,0.0,0.0,0.0,0.0,-0.07125
985,4,0.0,0.0,0.0,0.0,0.0
986,0,0.0,-6.092677280568744e-05,0.0,0.0,-17.904247171971296
986,1,0.0,0.0,-0.0023346702016431866,0.0,-0.20397765796552203
986,2,0.0,0.0,0.0,0.0,-0.6626472120523289
986,3,0.0,0.0,0.0,0.0,-0.07125
986,4,0.0,0.0,0.0,0.0,0.0
987,0,0.0,-6.092677280568744e-05,0.0,0.0,-17.908820792793072
987,1,0.0,0.0,-0.0023346702016431866,0.0,-0.20397765796552203
987,2,0.0,0.0,0.0,0.0,-0.6626472120523289
987,3,0.0,0.0,0.0,0.0,-0.07125
987,4,0.0,0.0,0.0,0.0,0.0
988,0,0.0,-6.092677280568744e-05,0.0,0.0,-17.91338611345536
988,1,0.0,0.0,-0.0023346702016431866,0.0,-0.20397765796552203
988,2,0.0,0.0,0.0,0.0,-0.6626472120523289
988,3,0.0,0.0,0.0,0.0,-0.07125
988,4,0.0,0.0,0.0,0.0,0.0
989,0,0.0,-6.092677280568744e-05,0.0,0.0,-17.917943155915786
989,1,0.0,0.0,-0.0023346702016431866,0.0,-0.20397765796552203
989,2,0.0,0.0,0.0,0.0,-0.6626472120523289
989,3,0.0,0.0,0.0,0.0,-0.07125
989,4,0.0,0.0,0.0,0.0,0.0
990,0,0.0,-6.092677280568744e-05,0.0,0.0,-17.922491942047746
990,1,0.0,0.0,-0.0023346702016431866,0.0,-0.20397765796552203
990,2,0.0,0.0,0.0,0.0,-0.6626472120523289
990,3,0.0,0.0,0.0,0.0,-0.07125
990,4,0.0,0.0,0.0,0.0,0.0
991,0,0.0,-6.092677280568744e-05,0.0,0.0,-17.927032493640876
991,1,0.0,0.0,-0.0023346702016431866,0.0,-0.20397765796552203
991,2,0.0,0.0,0.0,0.0,-0.6626472120523289
991,3,0.0,0.0,0.0,0.0,-0.07125
991,4,0.0,0.0,0.0,0.0,0.0
992,0,0.0,-6.092677280568744e-05,0.0,0.0,-17.931564832401584
992,1,0.0,0.0,-0.0023346702016431866,0.0,-0.20397765796552203
992,2,0.0,0.0,0.0,0.0,-0.6626472120523289
992,3,0.0,0.0,0.0,0.0,-0.07125
992,4,0.0,0.0,0.0,0.0,0.0
993,0,0.0,-6.092677280568744e-05,0.0,0.0,-17.936088979953524
993,1,0.0,0.0,-0.0023346702016431866,0.0,-0.20397765796552203
993,2,0.0,0.0,0.0,0.0,-0.6626472120523289
993,3,0.0,0.0,0.0,0.0,-0.07125
993,4,0.0,0.0,0.0,0.0,0.0
994,0,0.0,-6.092677280568744e-05,0.0,0.0,-17.940604957838083
994,1,0.0,0.0,-0.0023346702016431866,0.0,-0.20397765796552203
994,2,0.0,0.0,0.0,0.0,-0.6626472120523289
994,3,0.0,0.0,0.0,0.0,-0.07125
994,4,0.0,0.0,0.0,0.0,0.0
995,0,0.0,-6.092677280568744e-05,0.0,0.0,-17.94511278751487
995,1,0.0,0.0,-0.0023346702016431866,0.0,-0.20397765796552203
995,2,0.0,0.0,0.0,0.0,-0.6626472120523289
995,3,0.0,0.0,0.0,0.0,-0.07125
995,4,0.0,0.0,0.0,0.0,0.0
996,0,0.0,-6.092677280568744e-05,0.0,0.0,-17.949612490362192
996,1,0.0,0.0,-0.0023346702016431866,0.0,-0.20397765796552203
996,2,0.0,0.0,0.0,0.0,-0.6626472120523289
996,3,0.0,0.0,0.0,0.0,-0.07125
996,4,0.0,0.0,0.0,0.0,0.0
997,0,0.0,-6.092677280568744e-05,0.0,0.0,-17.95410408767754
997,1,0.0,0.0,-0.0023346702016431866,0.0,-0.20397765796552203
997,2,0.0,0.0,0.0,0.0,-0.6626472120523289
997,3,0.0,0.0,0.0,0.0,-0.07125
997,4,0.0,0.0,0.0,0.0,0.0
998,0,0.0,-6.092677280568744e-05,0.0,0.0,-17.95858760067803
998,1,0.0,0.0,-0.0023346702016431866,0.0,-0.20397765796552203
998,2,0.0,0.0,0.0,0.0,-0.6626472120523289
998,3,0.0,0.0,0.0,0.0,-0.07125
998,4,0.0,0.0,0.0,0.0,0.0
999,0,0.0,-6.092677280568744e-05,0.0,0.0,-17.963063050620992
999,1,0.0,0.0,-0.0023346702016431866,0.0,-0.20397765796552203
999,2,0.0,0.0,0.0,0.0,-0.6626472120523289
999,3,0.0,0.0,0.0,0.0,-0.07125
999,4,0.0,0.0,0.0,0.0,0.0
1000,0,0.0,-6.092677280568744e-05,0.0,0.0,-17.967530458845562
1000,1,0.0,0.0,-0.0023346702016431866,0.0,-0.20397765796552203
1000,2,0.0,0.0,0.0,0.0,-0.6626472120523289
1000,3,0.0,0.0,0.0,0.0,-0.07125
1000,4,0.0,0.0,0.0,0.0,0.0
