1,0,0.0,0.0,0.0,0.0,0.0
1,1,0.0,0.0,0.0,0.0,0.0
1,2,0.0,0.0,0.0,0.0,-0.04125
1,3,0.0,0.0,0.0,0.0,0.0
1,4,0.0,0.0,0.0,0.0,0.0
2,0,0.0,0.0,0.0,0.0,0.0
2,1,0.0,0.0,-2.835664918540946e-06,0.0,0.0
2,2,0.0,0.0,0.0,0.0,-0.08736251321607075
2,3,0.0,0.0,0.0,0.0,0.0
2,4,0.0,0.0,0.0,0.0,0.0
3,0,0.0,-1.3400371091427427e-14,0.0,0.0,0.0
3,1,0.0,0.0,-2.835664918540946e-06,0.0,-0.04125
3,2,0.0,0.0,0.0,0.0,-0.08736251321607075
3,3,0.0,0.0,0.0,0.0,0.0
3,4,0.0,0.0,0.0,0.0,0.0
4,0,0.0,-2.835664931939475e-06,0.0,0.0,0.0
4,1,0.0,0.0,-2.835664918540946e-06,0.0,-0.07736251321607075
4,2,0.0,0.0,0.0,0.0,-0.08736251321607075
4,3,0.0,0.0,0.0,0.0,0.0
4,4,0.0,0.0,0.0,0.0,0.0
5,0,0.0,-1.2804477541547465e-05,0.0,0.0,0.0
5,1,0.0,0.0,-2.835664918540946e-06,0.0,-0.1208547202388104
5,2,0.0,0.0,0.0,0.0,-0.08736251321607075
5,3,0.0,0.0,0.0,0.0,0.0
5,4,0.0,0.0,0.0,0.0,0.0
6,0,0.0,-3.7120224799409756e-05,0.0,0.0,0.0
6,1,0.0,0.0,-2.835664918540946e-06,0.0,-0.16170207444719575
6,2,0.0,0.0,0.0,0.0,-0.08736251321607075
6,3,0.0,0.0,0.0,0.0,0.0
6,4,0.0,0.0,0.0,0.0,0.0
7,0,0.0,-3.7120224799409756e-05,0.0,0.0,-0.04125
7,1,0.0,0.0,-2.835664918540946e-06,0.0,-0.16170207444719575
7,2,0.0,0.0,0.0,0.0,-0.08736251321607075
7,3,0.0,0.0,0.0,0.0,0.0
7,4,0.0,0.0,0.0,0.0,0.0
8,0,0.0,-3.7120224799409756e-05,0.0,0.0,-0.08986251321607075
8,1,0.0,0.0,-2.835664918540946e-06,0.0,-0.16170207444719575
8,2,0.0,0.0,0.0,0.0,-0.08736251321607075
8,3,0.0,0.0,0.0,0.0,0.0
8,4,0.0,0.0,0.0,0.0,0.0
9,0,0.0,-8.06217324924639e-05,0.0,0.0,-0.08986251321607075
9,1,0.0,0.0,-2.835664918540946e-06,0.0,-0.1924134512782894
9,2,0.0,0.0,0.0,0.0,-0.08736251321607075
9,3,0.0,0.0,0.0,0.0,0.0
9,4,0.0,0.0,0.0,0.0,0.0
10,0,0.0,-8.06217324924639e-05,0.0,0.0,-0.12581305757701364
10,1,0.0,0.0,-2.835664918540946e-06,0.0,-0.1924134512782894
10,2,0.0,0.0,0.0,0.0,-0.08736251321607075
10,3,0.0,0.0,0.0,0.0,0.0
10,4,0.0,0.0,0.0,0.0,0.0
11,0,0.0,-8.06217324924639e-05,0.0,0.0,-0.16664390294064377
11,1,0.0,0.0,-2.835664918540946e-06,0.0,-0.1924134512782894
11,2,0.0,0.0,0.0,0.0,-0.08736251321607075
11,3,0.0,0.0,0.0,0.0,0.0
11,4,0.0,0.0,0.0,0.0,0.0
12,0,0.0,-8.06217324924639e-05,0.0,0.0,-0.2073388327901678
12,1,0.0,0.0,-2.835664918540946e-06,0.0,-0.1924134512782894
12,2,0.0,0.0,0.0,0.0,-0.08736251321607075
12,3,0.0,0.0,0.0,0.0,0.0
12,4,0.0,0.0,0.0,0.0,0.0
13,0,0.0,-8.06217324924639e-05,0.0,0.0,-0.25289835636828134
13,1,0.0,0.0,-2.835664918540946e-06,0.0,-0.1924134512782894
13,2,0.0,0.0,0.0,0.0,-0.08736251321607075
13,3,0.0,0.0,0.0,0.0,0.0
13,4,0.0,0.0,0.0,0.0,0.0
14,0,0.0,-8.06217324924639e-05,0.0,0.0,-0.29330631581729444
14,1,0.0,0.0,-2.835664918540946e-06,0.0,-0.1924134512782894
14,2,0.0,0.0,0.0,0.0,-0.08736251321607075
14,3,0.0,0.0,0.0,0.0,0.0
14,4,0.0,0.0,0.0,0.0,0.0
15,0,0.0,-8.06217324924639e-05,0.0,0.0,-0.3410799438697509
15,1,0.0,0.0,-2.835664918540946e-06,0.0,-0.1924134512782894
15,2,0.0,0.0,0.0,0.0,-0.08736251321607075
15,3,0.0,0.0,0.0,0.0,0.0
15,4,0.0,0.0,0.0,0.0,0.0
16,0,0.0,-8.06217324924639e-05,0.0,0.0,-0.3936947458397442
16,1,0.0,0.0,-2.835664918540946e-06,0.0,-0.1924134512782894
16,2,0.0,0.0,0.0,0.0,-0.08736251321607075
16,3,0.0,0.0,0.0,0.0,0.0
16,4,0.0,0.0,0.0,0.0,0.0
17,0,0.0,-8.06217324924639e-05,0.0,0.0,-0.4436346512964035
17,1,0.0,0.0,-2.835664918540946e-06,0.0,-0.1924134512782894
17,2,0.0,0.0,0.0,0.0,-0.08736251321607075
17,3,0.0,0.0,0.0,0.0,0.0
17,4,0.0,0.0,0.0,0.0,0.0
18,0,0.0,-8.06217324924639e-05,0.0,0.0,-0.4909086475181039
18,1,0.0,0.0,-2.835664918540946e-06,0.0,-0.1924134512782894
18,2,0.0,0.0,0.0,0.0,-0.08736251321607075
18,3,0.0,0.0,0.0,0.0,0.0
18,4,0.0,0.0,0.0,0.0,0.0
19,0,0.0,-8.06217324924639e-05,0.0,0.0,-0.5330256879233816
19,1,0.0,0.0,-2.835664918540946e-06,0.0,-0.1924134512782894
19,2,0.0,0.0,0.0,0.0,-0.08736251321607075
19,3,0.0,0.0,0.0,0.0,0.0
19,4,0.0,0.0,0.0,0.0,0.0
20,0,0.0,-8.06217324924639e-05,0.0,0.0,-0.5700030247391416
20,1,0.0,0.0,-2.835664918540946e-06,0.0,-0.1924134512782894
20,2,0.0,0.0,0.0,0.0,-0.08736251321607075
20,3,0.0,0.0,0.0,0.0,0.0
20,4,0.0,0.0,0.0,0.0,0.0
21,0,0.0,-8.06217324924639e-05,0.0,0.0,-0.6218578453595885
21,1,0.0,0.0,-2.835664918540946e-06,0.0,-0.1924134512782894
21,2,0.0,0.0,0.0,0.0,-0.08736251321607075
21,3,0.0,0.0,0.0,0.0,0.0
21,4,0.0,0.0,0.0,0.0,0.0
22,0,0.0,-8.06217324924639e-05,0.0,0.0,-0.6660406123470285
22,1,0.0,0.0,-2.835664918540946e-06,0.0,-0.1924134512782894
22,2,0.0,0.0,0.0,0.0,-0.08736251321607075
22,3,0.0,0.0,0.0,0.0,0.0
22,4,0.0,0.0,0.0,0.0,0.0
23,0,0.0,-8.06217324924639e-05,0.0,0.0,-0.7150769666925136
23,1,0.0,0.0,-2.835664918540946e-06,0.0,-0.1924134512782894
23,2,0.0,0.0,0.0,0.0,-0.08736251321607075
23,3,0.0,0.0,0.0,0.0,0.0
23,4,0.0,0.0,0.0,0.0,0.0
24,0,0.0,-0.00014216240119256456,0.0,0.0,-0.7150769666925136
24,1,0.0,0.0,-2.835664918540946e-06,0.0,-0.22802269035154124
24,2,0.0,0.0,0.0,0.0,-0.08736251321607075
24,3,0.0,0.0,0.0,0.0,0.0
24,4,0.0,0.0,0.0,0.0,0.0
25,0,0.0,-0.00014216240119256456,0.0,0.0,-0.7614507904247144
25,1,0.0,0.0,-2.835664918540946e-06,0.0,-0.22802269035154124
25,2,0.0,0.0,0.0,0.0,-0.08736251321607075
25,3,0.0,0.0,0.0,0.0,0.0
25,4,0.0,0.0,0.0,0.0,0.0
26,0,0.0,-0.00014216240119256456,0.0,0.0,-0.8001710234743237
26,1,0.0,0.0,-2.835664918540946e-06,0.0,-0.22802269035154124
26,2,0.0,0.0,0.0,0.0,-0.08736251321607075
26,3,0.0,0.0,0.0,0.0,0.0
26,4,0.0,0.0,0.0,0.0,0.0
27,0,0.0,-0.00014216240119256456,0.0,0.0,-0.8462632371688791
27,1,0.0,0.0,-2.835664918540946e-06,0.0,-0.22802269035154124
27,2,0.0,0.0,0.0,0.0,-0.08736251321607075
27,3,0.0,0.0,0.0,0.0,0.0
27,4,0.0,0.0,0.0,0.0,0.0
28,0,0.0,-0.00014216240119256456,0.0,0.0,-0.8822029116209451
28,1,0.0,0.0,-2.835664918540946e-06,0.0,-0.22802269035154124
28,2,0.0,0.0,0.0,0.0,-0.08736251321607075
28,3,0.0,0.0,0.0,0.0,0.0
28,4,0.0,0.0,0.0,0.0,0.0
29,0,0.0,-0.000228516701434079,0.0,0.0,-0.8822029116209451
29,1,0.0,0.0,-2.835664918540946e-06,0.0,-0.2635135090795777
29,2,0.0,0.0,0.0,0.0,-0.08736251321607075
29,3,0.0,0.0,0.0,0.0,0.0
29,4,0.0,0.0,0.0,0.0,0.0
30,0,0.0,-0.000228516701434079,0.0,0.0,-0.928023946497139
30,1,0.0,0.0,-2.835664918540946e-06,0.0,-0.2635135090795777
30,2,0.0,0.0,0.0,0.0,-0.08736251321607075
30,3,0.0,0.0,0.0,0.0,0.0
30,4,0.0,0.0,0.0,0.0,0.0
31,0,0.0,-0.000228516701434079,0.0,0.0,-0.9711934539578257
31,1,0.0,0.0,-2.835664918540946e-06,0.0,-0.2635135090795777
31,2,0.0,0.0,0.0,0.0,-0.08736251321607075
31,3,0.0,0.0,0.0,0.0,0.0
31,4,0.0,0.0,0.0,0.0,0.0
32,0,0.0,-0.000228516701434079,0.0,0.0,-1.0117203320390171
32,1,0.0,0.0,-2.835664918540946e-06,0.0,-0.2635135090795777
32,2,0.0,0.0,0.0,0.0,-0.08736251321607075
32,3,0.0,0.0,0.0,0.0,0.0
32,4,0.0,0.0,0.0,0.0,0.0
33,0,0.0,-0.000228516701434079,0.0,0.0,-1.0596134452780905
33,1,0.0,0.0,-2.835664918540946e-06,0.0,-0.2635135090795777
33,2,0.0,0.0,0.0,0.0,-0.08736251321607075
33,3,0.0,0.0,0.0,0.0,0.0
33,4,0.0,0.0,0.0,0.0,0.0
34,0,0.0,-0.000228516701434079,0.0,0.0,-1.094848294718684
34,1,0.0,0.0,-2.835664918540946e-06,0.0,-0.2635135090795777
34,2,0.0,0.0,0.0,0.0,-0.08736251321607075
34,3,0.0,0.0,0.0,0.0,0.0
34,4,0.0,0.0,0.0,0.0,0.0
35,0,0.0,-0.000228516701434079,0.0,0.0,-1.13746713340875
35,1,0.0,0.0,-2.835664918540946e-06,0.0,-0.2635135090795777
35,2,0.0,0.0,0.0,0.0,-0.08736251321607075
35,3,0.0,0.0,0.0,0.0,0.0
35,4,0.0,0.0,0.0,0.0,0.0
36,0,0.0,-0.000228516701434079,0.0,0.0,-1.1874453955642383
36,1,0.0,0.0,-2.835664918540946e-06,0.0,-0.2635135090795777
36,2,0.0,0.0,0.0,0.0,-0.08736251321607075
36,3,0.0,0.0,0.0,0.0,0.0
36,4,0.0,0.0,0.0,0.0,0.0
37,0,0.0,-0.000228516701434079,0.0,0.0,-1.22225860741449
37,1,0.0,0.0,-2.835664918540946e-06,0.0,-0.2635135090795777
37,2,0.0,0.0,0.0,0.0,-0.08736251321607075
37,3,0.0,0.0,0.0,0.0,0.0
37,4,0.0,0.0,0.0,0.0,0.0
38,0,0.0,-0.000228516701434079,0.0,0.0,-1.2544573796257277
38,1,0.0,0.0,-2.835664918540946e-06,0.0,-0.2635135090795777
38,2,0.0,0.0,0.0,0.0,-0.08736251321607075
38,3,0.0,0.0,0.0,0.0,0.0
38,4,0.0,0.0,0.0,0.0,0.0
39,0,0.0,-0.0003437392544857719,0.0,0.0,-1.2544573796257277
39,1,0.0,0.0,-2.835664918540946e-06,0.0,-0.30138635089935417
39,2,0.0,0.0,0.0,0.0,-0.08736251321607075
39,3,0.0,0.0,0.0,0.0,0.0
39,4,0.0,0.0,0.0,0.0,0.0
40,0,0.0,-0.0003437392544857719,0.0,0.0,-1.3040504702858757
40,1,0.0,0.0,-2.835664918540946e-06,0.0,-0.30138635089935417
40,2,0.0,0.0,0.0,0.0,-0.08736251321607075
40,3,0.0,0.0,0.0,0.0,0.0
40,4,0.0,0.0,0.0,0.0,0.0
41,0,0.0,-0.0003437392544857719,0.0,0.0,-1.3359799442873952
41,1,0.0,0.0,-2.835664918540946e-06,0.0,-0.30138635089935417
41,2,0.0,0.0,0.0,0.0,-0.08736251321607075
41,3,0.0,0.0,0.0,0.0,0.0
41,4,0.0,0.0,0.0,0.0,0.0
42,0,0.0,-0.0003437392544857719,0.0,0.0,-1.3703047391231162
42,1,0.0,0.0,-2.835664918540946e-06,0.0,-0.30138635089935417
42,2,0.0,0.0,0.0,0.0,-0.08736251321607075
42,3,0.0,0.0,0.0,0.0,0.0
42,4,0.0,0.0,0.0,0.0,0.0
43,0,0.0,-0.0003437392544857719,0.0,0.0,-1.4145169108901872
43,1,0.0,0.0,-2.835664918540946e-06,0.0,-0.30138635089935417
43,2,0.0,0.0,0.0,0.0,-0.08736251321607075
43,3,0.0,0.0,0.0,0.0,0.0
43,4,0.0,0.0,0.0,0.0,0.0
44,0,0.0,-0.0003437392544857719,0.0,0.0,-1.4610835477886208
44,1,0.0,0.0,-2.835664918540946e-06,0.0,-0.30138635089935417
44,2,0.0,0.0,0.0,0.0,-0.08736251321607075
44,3,0.0,0.0,0.0,0.0,0.0
44,4,0.0,0.0,0.0,0.0,0.0
45,0,0.0,-0.0003437392544857719,0.0,0.0,-1.5099968589288721
45,1,0.0,0.0,-2.835664918540946e-06,0.0,-0.30138635089935417
45,2,0.0,0.0,0.0,0.0,-0.08736251321607075
45,3,0.0,0.0,0.0,0.0,0.0
45,4,0.0,0.0,0.0,0.0,0.0
46,0,0.0,-0.0003437392544857719,0.0,0.0,-1.5462490825098378
46,1,0.0,0.0,-2.835664918540946e-06,0.0,-0.30138635089935417
46,2,0.0,0.0,0.0,0.0,-0.08736251321607075
46,3,0.0,0.0,0.0,0.0,0.0
46,4,0.0,0.0,0.0,0.0,0.0
47,0,0.0,-0.0003437392544857719,0.0,0.0,-1.5873824808969994
47,1,0.0,0.0,-2.835664918540946e-06,0.0,-0.30138635089935417
47,2,0.0,0.0,0.0,0.0,-0.08736251321607075
47,3,0.0,0.0,0.0,0.0,0.0
47,4,0.0,0.0,0.0,0.0,0.0
48,0,0.0,-0.0003437392544857719,0.0,0.0,-1.6333808301222663
48,1,0.0,0.0,-2.835664918540946e-06,0.0,-0.30138635089935417
48,2,0.0,0.0,0.0,0.0,-0.08736251321607075
48,3,0.0,0.0,0.0,0.0,0.0
48,4,0.0,0.0,0.0,0.0,0.0
49,0,0.0,-0.0003437392544857719,0.0,0.0,-1.6817279669531524
49,1,0.0,0.0,-2.835664918540946e-06,0.0,-0.30138635089935417
49,2,0.0,0.0,0.0,0.0,-0.08736251321607075
49,3,0.0,0.0,0.0,0.0,0.0
49,4,0.0,0.0,0.0,0.0,0.0
50,0,0.0,-0.0003437392544857719,0.0,0.0,-1.7149161211824802
50,1,0.0,0.0,-2.835664918540946e-06,0.0,-0.30138635089935417
50,2,0.0,0.0,0.0,0.0,-0.08736251321607075
50,3,0.0,0.0,0.0,0.0,0.0
50,4,0.0,0.0,0.0,0.0,0.0
51,0,0.0,-0.0003437392544857719,0.0,0.0,-1.7504958793368974
51,1,0.0,0.0,-2.835664918540946e-06,0.0,-0.30138635089935417
51,2,0.0,0.0,0.0,0.0,-0.08736251321607075
51,3,0.0,0.0,0.0,0.0,0.0
51,4,0.0,0.0,0.0,0.0,0.0
52,0,0.0,-0.0004943197836521625,0.0,0.0,-1.7504958793368974
52,1,0.0,0.0,-2.835664918540946e-06,0.0,-0.3416333249435349
52,2,0.0,0.0,0.0,0.0,-0.08736251321607075
52,3,0.0,0.0,0.0,0.0,0.0
52,4,0.0,0.0,0.0,0.0,0.0
53,0,0.0,-0.0004943197836521625,0.0,0.0,-1.7959593104002252
53,1,0.0,0.0,-2.835664918540946e-06,0.0,-0.3416333249435349
53,2,0.0,0.0,0.0,0.0,-0.08736251321607075
53,3,0.0,0.0,0.0,0.0,0.0
53,4,0.0,0.0,0.0,0.0,0.0
54,0,0.0,-0.0004943197836521625,0.0,0.0,-1.8312735154103599
54,1,0.0,0.0,-2.835664918540946e-06,0.0,-0.3416333249435349
54,2,0.0,0.0,0.0,0.0,-0.08736251321607075
54,3,0.0,0.0,0.0,0.0,0.0
54,4,0.0,0.0,0.0,0.0,0.0
55,0,0.0,-0.0004943197836521625,0.0,0.0,-1.8739723789288445
55,1,0.0,0.0,-2.835664918540946e-06,0.0,-0.3416333249435349
55,2,0.0,0.0,0.0,0.0,-0.08736251321607075
55,3,0.0,0.0,0.0,0.0,0.0
55,4,0.0,0.0,0.0,0.0,0.0
56,0,0.0,-0.0004943197836521625,0.0,0.0,-1.911531330610787
56,1,0.0,0.0,-2.835664918540946e-06,0.0,-0.3416333249435349
56,2,0.0,0.0,0.0,0.0,-0.08736251321607075
56,3,0.0,0.0,0.0,0.0,0.0
56,4,0.0,0.0,0.0,0.0,0.0
57,0,0.0,-0.0004943197836521625,0.0,0.0,-1.951467554810102
57,1,0.0,0.0,-2.835664918540946e-06,0.0,-0.3416333249435349
57,2,0.0,0.0,0.0,0.0,-0.08736251321607075
57,3,0.0,0.0,0.0,0.0,0.0
57,4,0.0,0.0,0.0,0.0,0.0
58,0,0.0,-0.0004943197836521625,0.0,0.0,-1.986273173732814
58,1,0.0,0.0,-2.835664918540946e-06,0.0,-0.3416333249435349
58,2,0.0,0.0,0.0,0.0,-0.08736251321607075
58,3,0.0,0.0,0.0,0.0,0.0
58,4,0.0,0.0,0.0,0.0,0.0
59,0,0.0,-0.0004943197836521625,0.0,0.0,-2.028465336621663
59,1,0.0,0.0,-2.835664918540946e-06,0.0,-0.3416333249435349
59,2,0.0,0.0,0.0,0.0,-0.08736251321607075
59,3,0.0,0.0,0.0,0.0,0.0
59,4,0.0,0.0,0.0,0.0,0.0
60,0,0.0,-0.0004943197836521625,0.0,0.0,-2.0730194656477656
60,1,0.0,0.0,-2.835664918540946e-06,0.0,-0.3416333249435349
60,2,0.0,0.0,0.0,0.0,-0.08736251321607075
60,3,0.0,0.0,0.0,0.0,0.0
60,4,0.0,0.0,0.0,0.0,0.0
61,0,0.0,-0.0004943197836521625,0.0,0.0,-2.1099277401149785
61,1,0.0,0.0,-2.835664918540946e-06,0.0,-0.3416333249435349
61,2,0.0,0.0,0.0,0.0,-0.08736251321607075
61,3,0.0,0.0,0.0,0.0,0.0
61,4,0.0,0.0,0.0,0.0,0.0
62,0,0.0,-0.0004943197836521625,0.0,0.0,-2.1442156986686385
62,1,0.0,0.0,-2.835664918540946e-06,0.0,-0.3416333249435349
62,2,0.0,0.0,0.0,0.0,-0.08736251321607075
62,3,0.0,0.0,0.0,0.0,0.0
62,4,0.0,0.0,0.0,0.0,0.0
63,0,0.0,-0.0004943197836521625,0.0,0.0,-2.1833921190088987
63,1,0.0,0.0,-2.835664918540946e-06,0.0,-0.3416333249435349
63,2,0.0,0.0,0.0,0.0,-0.08736251321607075
63,3,0.0,0.0,0.0,0.0,0.0
63,4,0.0,0.0,0.0,0.0,0.0
64,0,0.0,-0.0004943197836521625,0.0,0.0,-2.217440748230136
64,1,0.0,0.0,-2.835664918540946e-06,0.0,-0.3416333249435349
64,2,0.0,0.0,0.0,0.0,-0.08736251321607075
64,3,0.0,0.0,0.0,0.0,0.0
64,4,0.0,0.0,0.0,0.0,0.0
65,0,0.0,-0.0004943197836521625,0.0,0.0,-2.2488787244117123
65,1,0.0,0.0,-2.835664918540946e-06,0.0,-0.3416333249435349
65,2,0.0,0.0,0.0,0.0,-0.08736251321607075
65,3,0.0,0.0,0.0,0.0,0.0
65,4,0.0,0.0,0.0,0.0,0.0
66,0,0.0,-0.0004943197836521625,0.0,0.0,-2.2827147887370405
66,1,0.0,0.0,-2.835664918540946e-06,0.0,-0.3416333249435349
66,2,0.0,0.0,0.0,0.0,-0.08736251321607075
66,3,0.0,0.0,0.0,0.0,0.0
66,4,0.0,0.0,0.0,0.0,0.0
67,0,0.0,-0.0004943197836521625,0.0,0.0,-2.3189409844629028
67,1,0.0,0.0,-2.835664918540946e-06,0.0,-0.3416333249435349
67,2,0.0,0.0,0.0,0.0,-0.08736251321607075
67,3,0.0,0.0,0.0,0.0,0.0
67,4,0.0,0.0,0.0,0.0,0.0
68,0,0.0,-0.0004943197836521625,0.0,0.0,-2.355049384603807
68,1,0.0,0.0,-2.835664918540946e-06,0.0,-0.3416333249435349
68,2,0.0,0.0,0.0,0.0,-0.08736251321607075
68,3,0.0,0.0,0.0,0.0,0.0
68,4,0.0,0.0,0.0,0.0,0.0
69,0,0.0,-0.0004943197836521625,0.0,0.0,-2.391040424345529
69,1,0.0,0.0,-2.835664918540946e-06,0.0,-0.3416333249435349
69,2,0.0,0.0,0.0,0.0,-0.08736251321607075
69,3,0.0,0.0,0.0,0.0,0.0
69,4,0.0,0.0,0.0,0.0,0.0
70,0,0.0,-0.0004943197836521625,0.0,0.0,-2.4344145371504355
70,1,0.0,0.0,-2.835664918540946e-06,0.0,-0.3416333249435349
70,2,0.0,0.0,0.0,0.0,-0.08736251321607075
70,3,0.0,0.0,0.0,0.0,0.0
70,4,0.0,0.0,0.0,0.0,0.0
71,0,0.0,-0.0004943197836521625,0.0,0.0,-2.4751471571675396
71,1,0.0,0.0,-2.835664918540946e-06,0.0,-0.3416333249435349
71,2,0.0,0.0,0.0,0.0,-0.08736251321607075
71,3,0.0,0.0,0.0,0.0,0.0
71,4,0.0,0.0,0.0,0.0,0.0
72,0,0.0,-0.0004943197836521625,0.0,0.0,-2.5107471406980877
72,1,0.0,0.0,-2.835664918540946e-06,0.0,-0.3416333249435349
72,2,0.0,0.0,0.0,0.0,-0.08736251321607075
72,3,0.0,0.0,0.0,0.0,0.0
72,4,0.0,0.0,0.0,0.0,0.0
73,0,0.0,-0.0004943197836521625,0.0,0.0,-2.538731643254706
73,1,0.0,0.0,-2.835664918540946e-06,0.0,-0.3416333249435349
73,2,0.0,0.0,0.0,0.0,-0.08736251321607075
73,3,0.0,0.0,0.0,0.0,0.0
73,4,0.0,0.0,0.0,0.0,0.0
74,0,0.0,-0.0004943197836521625,0.0,0.0,-2.57162608845096
74,1,0.0,0.0,-2.835664918540946e-06,0.0,-0.3416333249435349
74,2,0.0,0.0,0.0,0.0,-0.08736251321607075
74,3,0.0,0.0,0.0,0.0,0.0
74,4,0.0,0.0,0.0,0.0,0.0
75,0,0.0,-0.0004943197836521625,0.0,0.0,-2.5994141418211774
75,1,0.0,0.0,-2.835664918540946e-06,0.0,-0.3416333249435349
75,2,0.0,0.0,0.0,0.0,-0.08736251321607075
75,3,0.0,0.0,0.0,0.0,0.0
75,4,0.0,0.0,0.0,0.0,0.0
76,0,0.0,-0.0004943197836521625,0.0,0.0,-2.634612860213486
76,1,0.0,0.0,-2.835664918540946e-06,0.0,-0.3416333249435349
76,2,0.0,0.0,0.0,0.0,-0.08736251321607075
76,3,0.0,0.0,0.0,0.0,0.0
76,4,0.0,0.0,0.0,0.0,0.0
77,0,0.0,-0.0004943197836521625,0.0,0.0,-2.6746975737780696
77,1,0.0,0.0,-2.835664918540946e-06,0.0,-0.3416333249435349
77,2,0.0,0.0,0.0,0.0,-0.08736251321607075
77,3,0.0,0.0,0.0,0.0,0.0
77,4,0.0,0.0,0.0,0.0,0.0
78,0,0.0,-0.0006876110484302384,0.0,0.0,-2.6746975737780696
78,1,0.0,0.0,-2.835664918540946e-06,0.0,-0.3842465698242226
78,2,0.0,0.0,0.0,0.0,-0.08736251321607075
78,3,0.0,0.0,0.0,0.0,0.0
78,4,0.0,0.0,0.0,0.0,0.0
79,0,0.0,-0.0006876110484302384,0.0,0.0,-2.7121520376375985
79,1,0.0,0.0,-2.835664918540946e-06,0.0,-0.3842465698242226
79,2,0.0,0.0,0.0,0.0,-0.08736251321607075
79,3,0.0,0.0,0.0,0.0,0.0
79,4,0.0,0.0,0.0,0.0,0.0
80,0,0.0,-0.0006876110484302384,0.0,0.0,-2.7544850653384065
80,1,0.0,0.0,-2.835664918540946e-06,0.0,-0.3842465698242226
80,2,0.0,0.0,0.0,0.0,-0.08736251321607075
80,3,0.0,0.0,0.0,0.0,0.0
80,4,0.0,0.0,0.0,0.0,0.0
81,0,0.0,-0.0006876110484302384,0.0,0.0,-2.7991804396812943
81,1,0.0,0.0,-2.835664918540946e-06,0.0,-0.3842465698242226
81,2,0.0,0.0,0.0,0.0,-0.08736251321607075
81,3,0.0,0.0,0.0,0.0,0.0
81,4,0.0,0.0,0.0,0.0,0.0
82,0,0.0,-0.0006876110484302384,0.0,0.0,-2.8437303367157902
82,1,0.0,0.0,-2.835664918540946e-06,0.0,-0.3842465698242226
82,2,0.0,0.0,0.0,0.0,-0.08736251321607075
82,3,0.0,0.0,0.0,0.0,0.0
82,4,0.0,0.0,0.0,0.0,0.0
83,0,0.0,-0.0006876110484302384,0.0,0.0,-2.880635294253556
83,1,0.0,0.0,-2.835664918540946e-06,0.0,-0.3842465698242226
83,2,0.0,0.0,0.0,0.0,-0.08736251321607075
83,3,0.0,0.0,0.0,0.0,0.0
83,4,0.0,0.0,0.0,0.0,0.0
84,0,0.0,-0.0006876110484302384,0.0,0.0,-2.9074208455724846
84,1,0.0,0.0,-2.835664918540946e-06,0.0,-0.3842465698242226
84,2,0.0,0.0,0.0,0.0,-0.08736251321607075
84,3,0.0,0.0,0.0,0.0,0.0
84,4,0.0,0.0,0.0,0.0,0.0
85,0,0.0,-0.0006876110484302384,0.0,0.0,-2.934120760628826
85,1,0.0,0.0,-2.835664918540946e-06,0.0,-0.3842465698242226
85,2,0.0,0.0,0.0,0.0,-0.08736251321607075
85,3,0.0,0.0,0.0,0.0,0.0
85,4,0.0,0.0,0.0,0.0,0.0
86,0,0.0,-0.0006876110484302384,0.0,0.0,-2.9707353525350557
86,1,0.0,0.0,-2.835664918540946e-06,0.0,-0.3842465698242226
86,2,0.0,0.0,0.0,0.0,-0.08736251321607075
86,3,0.0,0.0,0.0,0.0,0.0
86,4,0.0,0.0,0.0,0.0,0.0
87,0,0.0,-0.0006876110484302384,0.0,0.0,-3.004731603042864
87,1,0.0,0.0,-2.835664918540946e-06,0.0,-0.3842465698242226
87,2,0.0,0.0,0.0,0.0,-0.08736251321607075
87,3,0.0,0.0,0.0,0.0,0.0
87,4,0.0,0.0,0.0,0.0,0.0
88,0,0.0,-0.0006876110484302384,0.0,0.0,-3.043618280315433
88,1,0.0,0.0,-2.835664918540946e-06,0.0,-0.3842465698242226
88,2,0.0,0.0,0.0,0.0,-0.08736251321607075
88,3,0.0,0.0,0.0,0.0,0.0
88,4,0.0,0.0,0.0,0.0,0.0
89,0,0.0,-0.0006876110484302384,0.0,0.0,-3.069879121953801
89,1,0.0,0.0,-2.835664918540946e-06,0.0,-0.3842465698242226
89,2,0.0,0.0,0.0,0.0,-0.08736251321607075
89,3,0.0,0.0,0.0,0.0,0.0
89,4,0.0,0.0,0.0,0.0,0.0
90,0,0.0,-0.0006876110484302384,0.0,0.0,-3.1110562541845095
90,1,0.0,0.0,-2.835664918540946e-06,0.0,-0.3842465698242226
90,2,0.0,0.0,0.0,0.0,-0.08736251321607075
90,3,0.0,0.0,0.0,0.0,0.0
90,4,0.0,0.0,0.0,0.0,0.0
91,0,0.0,-0.0006876110484302384,0.0,0.0,-3.147099987325812
91,1,0.0,0.0,-2.835664918540946e-06,0.0,-0.3842465698242226
91,2,0.0,0.0,0.0,0.0,-0.08736251321607075
91,3,0.0,0.0,0.0,0.0,0.0
91,4,0.0,0.0,0.0,0.0,0.0
92,0,0.0,-0.0006876110484302384,0.0,0.0,-3.1780274782188007
92,1,0.0,0.0,-2.835664918540946e-06,0.0,-0.3842465698242226
92,2,0.0,0.0,0.0,0.0,-0.08736251321607075
92,3,0.0,0.0,0.0,0.0,0.0
92,4,0.0,0.0,0.0,0.0,0.0
93,0,0.0,-0.0006876110484302384,0.0,0.0,-3.218855819271762
93,1,0.0,0.0,-2.835664918540946e-06,0.0,-0.3842465698242226
93,2,0.0,0.0,0.0,0.0,-0.08736251321607075
93,3,0.0,0.0,0.0,0.0,0.0
93,4,0.0,0.0,0.0,0.0,0.0
94,0,0.0,-0.0006876110484302384,0.0,0.0,-3.2620520435239744
94,1,0.0,0.0,-2.835664918540946e-06,0.0,-0.3842465698242226
94,2,0.0,0.0,0.0,0.0,-0.08736251321607075
94,3,0.0,0.0,0.0,0.0,0.0
94,4,0.0,0.0,0.0,0.0,0.0
95,0,0.0,-0.0006876110484302384,0.0,0.0,-3.295108305157786
95,1,0.0,0.0,-2.835664918540946e-06,0.0,-0.3842465698242226
95,2,0.0,0.0,0.0,0.0,-0.08736251321607075
95,3,0.0,0.0,0.0,0.0,0.0
95,4,0.0,0.0,0.0,0.0,0.0
96,0,0.0,-0.0006876110484302384,0.0,0.0,-3.3230584503374043
96,1,0.0,0.0,-2.835664918540946e-06,0.0,-0.3842465698242226
96,2,0.0,0.0,0.0,0.0,-0.08736251321607075
96,3,0.0,0.0,0.0,0.0,0.0
96,4,0.0,0.0,0.0,0.0,0.0
97,0,0.0,-0.0006876110484302384,0.0,0.0,-3.3584195331454065
97,1,0.0,0.0,-2.835664918540946e-06,0.0,-0.3842465698242226
97,2,0.0,0.0,0.0,0.0,-0.08736251321607075
97,3,0.0,0.0,0.0,0.0,0.0
97,4,0.0,0.0,0.0,0.0,0.0
98,0,0.0,-0.0006876110484302384,0.0,0.0,-3.4011668809819184
98,1,0.0,0.0,-2.835664918540946e-06,0.0,-0.3842465698242226
98,2,0.0,0.0,0.0,0.0,-0.08736251321607075
98,3,0.0,0.0,0.0,0.0,0.0
98,4,0.0,0.0,0.0,0.0,0.0
99,0,0.0,-0.0006876110484302384,0.0,0.0,-3.4362759137026204
99,1,0.0,0.0,-2.835664918540946e-06,0.0,-0.3842465698242226
99,2,0.0,0.0,0.0,0.0,-0.08736251321607075
99,3,0.0,0.0,0.0,0.0,0.0
99,4,0.0,0.0,0.0,0.0,0.0
100,0,0.0,-0.0006876110484302384,0.0,0.0,-3.471272138443263
100,1,0.0,0.0,-2.835664918540946e-06,0.0,-0.3842465698242226
100,2,0.0,0.0,0.0,0.0,-0.08736251321607075
100,3,0.0,0.0,0.0,0.0,0.0
100,4,0.0,0.0,0.0,0.0,0.0
101,0,0.0,-0.0006876110484302384,0.0,0.0,-3.50865596899639
101,1,0.0,0.0,-2.835664918540946e-06,0.0,-0.3842465698242226
101,2,0.0,0.0,0.0,0.0,-0.08736251321607075
101,3,0.0,0.0,0.0,0.0,0.0
101,4,0.0,0.0,0.0,0.0,0.0
102,0,0.0,-0.0006876110484302384,0.0,0.0,-3.5484194849912365
102,1,0.0,0.0,-2.835664918540946e-06,0.0,-0.3842465698242226
102,2,0.0,0.0,0.0,0.0,-0.08736251321607075
102,3,0.0,0.0,0.0,0.0,0.0
102,4,0.0,0.0,0.0,0.0,0.0
103,0,0.0,-0.0006876110484302384,0.0,0.0,-3.5880547956768054
103,1,0.0,0.0,-2.835664918540946e-06,0.0,-0.3842465698242226
103,2,0.0,0.0,0.0,0.0,-0.08736251321607075
103,3,0.0,0.0,0.0,0.0,0.0
103,4,0.0,0.0,0.0,0.0,0.0
104,0,0.0,-0.0006876110484302384,0.0,0.0,-3.6275623723359582
104,1,0.0,0.0,-2.835664918540946e-06,0.0,-0.3842465698242226
104,2,0.0,0.0,0.0,0.0,-0.08736251321607075
104,3,0.0,0.0,0.0,0.0,0.0
104,4,0.0,0.0,0.0,0.0,0.0
105,0,0.0,-0.0006876110484302384,0.0,0.0,-3.6619426843913
105,1,0.0,0.0,-2.835664918540946e-06,0.0,-0.3842465698242226
105,2,0.0,0.0,0.0,0.0,-0.08736251321607075
105,3,0.0,0.0,0.0,0.0,0.0
105,4,0.0,0.0,0.0,0.0,0.0
106,0,0.0,-0.0006876110484302384,0.0,0.0,-3.6862128644775645
106,1,0.0,0.0,-2.835664918540946e-06,0.0,-0.3842465698242226
106,2,0.0,0.0,0.0,0.0,-0.08736251321607075
106,3,0.0,0.0,0.0,0.0,0.0
106,4,0.0,0.0,0.0,0.0,0.0
107,0,0.0,-0.0006876110484302384,0.0,0.0,-3.7229066459612845
107,1,0.0,0.0,-2.835664918540946e-06,0.0,-0.3842465698242226
107,2,0.0,0.0,0.0,0.0,-0.08736251321607075
107,3,0.0,0.0,0.0,0.0,0.0
107,4,0.0,0.0,0.0,0.0,0.0
108,0,0.0,-0.0006876110484302384,0.0,0.0,-3.754482642854374
108,1,0.0,0.0,-2.835664918540946e-06,0.0,-0.3842465698242226
108,2,0.0,0.0,0.0,0.0,-0.08736251321607075
108,3,0.0,0.0,0.0,0.0,0.0
108,4,0.0,0.0,0.0,0.0,0.0
109,0,0.0,-0.0006876110484302384,0.0,0.0,-3.7859579520342055
109,1,0.0,0.0,-2.835664918540946e-06,0.0,-0.3842465698242226
109,2,0.0,0.0,0.0,0.0,-0.08736251321607075
109,3,0.0,0.0,0.0,0.0,0.0
109,4,0.0,0.0,0.0,0.0,0.0
110,0,0.0,-0.0006876110484302384,0.0,0.0,-3.824832941124044
110,1,0.0,0.0,-2.835664918540946e-06,0.0,-0.3842465698242226
110,2,0.0,0.0,0.0,0.0,-0.08736251321607075
110,3,0.0,0.0,0.0,0.0,0.0
110,4,0.0,0.0,0.0,0.0,0.0
111,0,0.0,-0.0006876110484302384,0.0,0.0,-3.866082978705611
111,1,0.0,0.0,-2.835664918540946e-06,0.0,-0.3842465698242226
111,2,0.0,0.0,0.0,0.0,-0.08736251321607075
111,3,0.0,0.0,0.0,0.0,0.0
111,4,0.0,0.0,0.0,0.0,0.0
112,0,0.0,-0.0006876110484302384,0.0,0.0,-3.9072001907188025
112,1,0.0,0.0,-2.835664918540946e-06,0.0,-0.3842465698242226
112,2,0.0,0.0,0.0,0.0,-0.08736251321607075
112,3,0.0,0.0,0.0,0.0,0.0
112,4,0.0,0.0,0.0,0.0,0.0
113,0,0.0,-0.0006876110484302384,0.0,0.0,-3.9431850650723783
113,1,0.0,0.0,-2.835664918540946e-06,0.0,-0.3842465698242226
113,2,0.0,0.0,0.0,0.0,-0.08736251321607075
113,3,0.0,0.0,0.0,0.0,0.0
113,4,0.0,0.0,0.0,0.0,0.0
114,0,0.0,-0.0006876110484302384,0.0,0.0,-3.9790547528148243
114,1,0.0,0.0,-2.835664918540946e-06,0.0,-0.3842465698242226
114,2,0.0,0.0,0.0,0.0,-0.08736251321607075
114,3,0.0,0.0,0.0,0.0,0.0
114,4,0.0,0.0,0.0,0.0,0.0
115,0,0.0,-0.0006876110484302384,0.0,0.0,-4.019809675524872
115,1,0.0,0.0,-2.835664918540946e-06,0.0,-0.3842465698242226
115,2,0.0,0.0,0.0,0.0,-0.08736251321607075
115,3,0.0,0.0,0.0,0.0,0.0
115,4,0.0,0.0,0.0,0.0,0.0
116,0,0.0,-0.0006876110484302384,0.0,0.0,-4.055433588057311
116,1,0.0,0.0,-2.835664918540946e-06,0.0,-0.3842465698242226
116,2,0.0,0.0,0.0,0.0,-0.08736251321607075
116,3,0.0,0.0,0.0,0.0,0.0
116,4,0.0,0.0,0.0,0.0,0.0
117,0,0.0,-0.0006876110484302384,0.0,0.0,-4.0934436362319655
117,1,0.0,0.0,-2.835664918540946e-06,0.0,-0.3842465698242226
117,2,0.0,0.0,0.0,0.0,-0.08736251321607075
117,3,0.0,0.0,0.0,0.0,0.0
117,4,0.0,0.0,0.0,0.0,0.0
118,0,0.0,-0.0006876110484302384,0.0,0.0,-4.121331903888092
118,1,0.0,0.0,-2.835664918540946e-06,0.0,-0.3842465698242226
118,2,0.0,0.0,0.0,0.0,-0.08736251321607075
118,3,0.0,0.0,0.0,0.0,0.0
118,4,0.0,0.0,0.0,0.0,0.0
119,0,0.0,-0.0006876110484302384,0.0,0.0,-4.151632167132971
119,1,0.0,0.0,-2.835664918540946e-06,0.0,-0.3842465698242226
119,2,0.0,0.0,0.0,0.0,-0.08736251321607075
119,3,0.0,0.0,0.0,0.0,0.0
119,4,0.0,0.0,0.0,0.0,0.0
120,0,0.0,-0.0006876110484302384,0.0,0.0,-4.1793364126801285
120,1,0.0,0.0,-2.835664918540946e-06,0.0,-0.3842465698242226
120,2,0.0,0.0,0.0,0.0,-0.08736251321607075
120,3,0.0,0.0,0.0,0.0,0.0
120,4,0.0,0.0,0.0,0.0,0.0
121,0,0.0,-0.0006876110484302384,0.0,0.0,-4.219453322302897
121,1,0.0,0.0,-2.835664918540946e-06,0.0,-0.3842465698242226
121,2,0.0,0.0,0.0,0.0,-0.08736251321607075
121,3,0.0,0.0,0.0,0.0,0.0
121,4,0.0,0.0,0.0,0.0,0.0
122,0,0.0,-0.0006876110484302384,0.0,0.0,-4.256941549967711
122,1,0.0,0.0,-2.835664918540946e-06,0.0,-0.3842465698242226
122,2,0.0,0.0,0.0,0.0,-0.08736251321607075
122,3,0.0,0.0,0.0,0.0,0.0
122,4,0.0,0.0,0.0,0.0,0.0
123,0,0.0,-0.0006876110484302384,0.0,0.0,-4.28430989981695
123,1,0.0,0.0,-2.835664918540946e-06,0.0,-0.3842465698242226
123,2,0.0,0.0,0.0,0.0,-0.08736251321607075
123,3,0.0,0.0,0.0,0.0,0.0
123,4,0.0,0.0,0.0,0.0,0.0
124,0,0.0,-0.0006876110484302384,0.0,0.0,-4.309092140488198
124,1,0.0,0.0,-2.835664918540946e-06,0.0,-0.3842465698242226
124,2,0.0,0.0,0.0,0.0,-0.08736251321607075
124,3,0.0,0.0,0.0,0.0,0.0
124,4,0.0,0.0,0.0,0.0,0.0
125,0,0.0,-0.0006876110484302384,0.0,0.0,-4.336296916320707
125,1,0.0,0.0,-2.835664918540946e-06,0.0,-0.3842465698242226
125,2,0.0,0.0,0.0,0.0,-0.08736251321607075
125,3,0.0,0.0,0.0,0.0,0.0
125,4,0.0,0.0,0.0,0.0,0.0
126,0,0.0,-0.0006876110484302384,0.0,0.0,-4.3634161741266935
126,1,0.0,0.0,-2.835664918540946e-06,0.0,-0.3842465698242226
126,2,0.0,0.0,0.0,0.0,-0.08736251321607075
126,3,0.0,0.0,0.0,0.0,0.0
126,4,0.0,0.0,0.0,0.0,0.0
127,0,0.0,-0.0006876110484302384,0.0,0.0,-4.385450223406345
127,1,0.0,0.0,-2.835664918540946e-06,0.0,-0.3842465698242226
127,2,0.0,0.0,0.0,0.0,-0.08736251321607075
127,3,0.0,0.0,0.0,0.0,0.0
127,4,0.0,0.0,0.0,0.0,0.0
128,0,0.0,-0.0009318738424372415,0.0,0.0,-4.385450223406345
128,1,0.0,0.0,-2.835664918540946e-06,0.0,-0.41921825351534314
128,2,0.0,0.0,0.0,0.0,-0.08736251321607075
128,3,0.0,0.0,0.0,0.0,0.0
128,4,0.0,0.0,0.0,0.0,0.0
129,0,0.0,-0.0009318738424372415,0.0,0.0,-4.419916037515677
129,1,0.0,0.0,-2.835664918540946e-06,0.0,-0.41921825351534314
129,2,0.0,0.0,0.0,0.0,-0.08736251321607075
129,3,0.0,0.0,0.0,0.0,0.0
129,4,0.0,0.0,0.0,0.0,0.0
130,0,0.0,-0.0009318738424372415,0.0,0.0,-4.454272198392274
130,1,0.0,0.0,-2.835664918540946e-06,0.0,-0.41921825351534314
130,2,0.0,0.0,0.0,0.0,-0.08736251321607075
130,3,0.0,0.0,0.0,0.0,0.0
130,4,0.0,0.0,0.0,0.0,0.0
131,0,0.0,-0.0009318738424372415,0.0,0.0,-4.48601910590639
131,1,0.0,0.0,-2.835664918540946e-06,0.0,-0.41921825351534314
131,2,0.0,0.0,0.0,0.0,-0.08736251321607075
131,3,0.0,0.0,0.0,0.0,0.0
131,4,0.0,0.0,0.0,0.0,0.0
132,0,0.0,-0.0009318738424372415,0.0,0.0,-4.522665490890623
132,1,0.0,0.0,-2.835664918540946e-06,0.0,-0.41921825351534314
132,2,0.0,0.0,0.0,0.0,-0.08736251321607075
132,3,0.0,0.0,0.0,0.0,0.0
132,4,0.0,0.0,0.0,0.0,0.0
133,0,0.0,-0.0009318738424372415,0.0,0.0,-4.544195053772939
133,1,0.0,0.0,-2.835664918540946e-06,0.0,-0.41921825351534314
133,2,0.0,0.0,0.0,0.0,-0.08736251321607075
133,3,0.0,0.0,0.0,0.0,0.0
133,4,0.0,0.0,0.0,0.0,0.0
134,0,0.0,-0.0009318738424372415,0.0,0.0,-4.578158216295994
134,1,0.0,0.0,-2.835664918540946e-06,0.0,-0.41921825351534314
134,2,0.0,0.0,0.0,0.0,-0.08736251321607075
134,3,0.0,0.0,0.0,0.0,0.0
134,4,0.0,0.0,0.0,0.0,0.0
135,0,0.0,-0.0009318738424372415,0.0,0.0,-4.6170135532063155
135,1,0.0,0.0,-2.835664918540946e-06,0.0,-0.41921825351534314
135,2,0.0,0.0,0.0,0.0,-0.08736251321607075
135,3,0.0,0.0,0.0,0.0,0.0
135,4,0.0,0.0,0.0,0.0,0.0
136,0,0.0,-0.0009318738424372415,0.0,0.0,-4.643244792147926
136,1,0.0,0.0,-2.835664918540946e-06,0.0,-0.41921825351534314
136,2,0.0,0.0,0.0,0.0,-0.08736251321607075
136,3,0.0,0.0,0.0,0.0,0.0
136,4,0.0,0.0,0.0,0.0,0.0
137,0,0.0,-0.0009318738424372415,0.0,0.0,-4.676894049438726
137,1,0.0,0.0,-2.835664918540946e-06,0.0,-0.41921825351534314
137,2,0.0,0.0,0.0,0.0,-0.08736251321607075
137,3,0.0,0.0,0.0,0.0,0.0
137,4,0.0,0.0,0.0,0.0,0.0
138,0,0.0,-0.0009318738424372415,0.0,0.0,-4.700436623133582
138,1,0.0,0.0,-2.835664918540946e-06,0.0,-0.41921825351534314
138,2,0.0,0.0,0.0,0.0,-0.08736251321607075
138,3,0.0,0.0,0.0,0.0,0.0
138,4,0.0,0.0,0.0,0.0,0.0
139,0,0.0,-0.0009318738424372415,0.0,0.0,-4.733906231593795
139,1,0.0,0.0,-2.835664918540946e-06,0.0,-0.41921825351534314
139,2,0.0,0.0,0.0,0.0,-0.08736251321607075
139,3,0.0,0.0,0.0,0.0,0.0
139,4,0.0,0.0,0.0,0.0,0.0
140,0,0.0,-0.0009318738424372415,0.0,0.0,-4.754769806423597
140,1,0.0,0.0,-2.835664918540946e-06,0.0,-0.41921825351534314
140,2,0.0,0.0,0.0,0.0,-0.08736251321607075
140,3,0.0,0.0,0.0,0.0,0.0
140,4,0.0,0.0,0.0,0.0,0.0
141,0,0.0,-0.0009318738424372415,0.0,0.0,-4.785569395978289
141,1,0.0,0.0,-2.835664918540946e-06,0.0,-0.41921825351534314
141,2,0.0,0.0,0.0,0.0,-0.08736251321607075
141,3,0.0,0.0,0.0,0.0,0.0
141,4,0.0,0.0,0.0,0.0,0.0
142,0,0.0,-0.0009318738424372415,0.0,0.0,-4.813771898090148
142,1,0.0,0.0,-2.835664918540946e-06,0.0,-0.41921825351534314
142,2,0.0,0.0,0.0,0.0,-0.08736251321607075
142,3,0.0,0.0,0.0,0.0,0.0
142,4,0.0,0.0,0.0,0.0,0.0
143,0,0.0,-0.0009318738424372415,0.0,0.0,-4.839385997348398
143,1,0.0,0.0,-2.835664918540946e-06,0.0,-0.41921825351534314
143,2,0.0,0.0,0.0,0.0,-0.08736251321607075
143,3,0.0,0.0,0.0,0.0,0.0
143,4,0.0,0.0,0.0,0.0,0.0
144,0,0.0,-0.0009318738424372415,0.0,0.0,-4.864920345721188
144,1,0.0,0.0,-2.835664918540946e-06,0.0,-0.41921825351534314
144,2,0.0,0.0,0.0,0.0,-0.08736251321607075
144,3,0.0,0.0,0.0,0.0,0.0
144,4,0.0,0.0,0.0,0.0,0.0
145,0,0.0,-0.0009318738424372415,0.0,0.0,-4.897875230153845
145,1,0.0,0.0,-2.835664918540946e-06,0.0,-0.41921825351534314
145,2,0.0,0.0,0.0,0.0,-0.08736251321607075
145,3,0.0,0.0,0.0,0.0,0.0
145,4,0.0,0.0,0.0,0.0,0.0
146,0,0.0,-0.0009318738424372415,0.0,0.0,-4.918225938878207
146,1,0.0,0.0,-2.835664918540946e-06,0.0,-0.41921825351534314
146,2,0.0,0.0,0.0,0.0,-0.08736251321607075
146,3,0.0,0.0,0.0,0.0,0.0
146,4,0.0,0.0,0.0,0.0,0.0
147,0,0.0,-0.0009318738424372415,0.0,0.0,-4.948514513005109
147,1,0.0,0.0,-2.835664918540946e-06,0.0,-0.41921825351534314
147,2,0.0,0.0,0.0,0.0,-0.08736251321607075
147,3,0.0,0.0,0.0,0.0,0.0
147,4,0.0,0.0,0.0,0.0,0.0
148,0,0.0,-0.0009318738424372415,0.0,0.0,-4.976207843152004
148,1,0.0,0.0,-2.835664918540946e-06,0.0,-0.41921825351534314
148,2,0.0,0.0,0.0,0.0,-0.08736251321607075
148,3,0.0,0.0,0.0,0.0,0.0
148,4,0.0,0.0,0.0,0.0,0.0
149,0,0.0,-0.0009318738424372415,0.0,0.0,-4.996314606722808
149,1,0.0,0.0,-2.835664918540946e-06,0.0,-0.41921825351534314
149,2,0.0,0.0,0.0,0.0,-0.08736251321607075
149,3,0.0,0.0,0.0,0.0,0.0
149,4,0.0,0.0,0.0,0.0,0.0
150,0,0.0,-0.0009318738424372415,0.0,0.0,-5.0238601135944645
150,1,0.0,0.0,-2.835664918540946e-06,0.0,-0.41921825351534314
150,2,0.0,0.0,0.0,0.0,-0.08736251321607075
150,3,0.0,0.0,0.0,0.0,0.0
150,4,0.0,0.0,0.0,0.0,0.0
151,0,0.0,-0.0009318738424372415,0.0,0.0,-5.048819583500583
151,1,0.0,0.0,-2.835664918540946e-06,0.0,-0.41921825351534314
151,2,0.0,0.0,0.0,0.0,-0.08736251321607075
151,3,0.0,0.0,0.0,0.0,0.0
151,4,0.0,0.0,0.0,0.0,0.0
152,0,0.0,-0.0009318738424372415,0.0,0.0,-5.068701659198829
152,1,0.0,0.0,-2.835664918540946e-06,0.0,-0.41921825351534314
152,2,0.0,0.0,0.0,0.0,-0.08736251321607075
152,3,0.0,0.0,0.0,0.0,0.0
152,4,0.0,0.0,0.0,0.0,0.0
153,0,0.0,-0.0009318738424372415,0.0,0.0,-5.0885232835264125
153,1,0.0,0.0,-2.835664918540946e-06,0.0,-0.41921825351534314
153,2,0.0,0.0,0.0,0.0,-0.08736251321607075
153,3,0.0,0.0,0.0,0.0,0.0
153,4,0.0,0.0,0.0,0.0,0.0
154,0,0.0,-0.0009318738424372415,0.0,0.0,-5.118284670688904
154,1,0.0,0.0,-2.835664918540946e-06,0.0,-0.41921825351534314
154,2,0.0,0.0,0.0,0.0,-0.08736251321607075
154,3,0.0,0.0,0.0,0.0,0.0
154,4,0.0,0.0,0.0,0.0,0.0
155,0,0.0,-0.0009318738424372415,0.0,0.0,-5.140452703937823
155,1,0.0,0.0,-2.835664918540946e-06,0.0,-0.41921825351534314
155,2,0.0,0.0,0.0,0.0,-0.08736251321607075
155,3,0.0,0.0,0.0,0.0,0.0
155,4,0.0,0.0,0.0,0.0,0.0
156,0,0.0,-0.0009318738424372415,0.0,0.0,-5.165052718405915
156,1,0.0,0.0,-2.835664918540946e-06,0.0,-0.41921825351534314
156,2,0.0,0.0,0.0,0.0,-0.08736251321607075
156,3,0.0,0.0,0.0,0.0,0.0
156,4,0.0,0.0,0.0,0.0,0.0
157,0,0.0,-0.0009318738424372415,0.0,0.0,-5.189576624046736
157,1,0.0,0.0,-2.835664918540946e-06,0.0,-0.41921825351534314
157,2,0.0,0.0,0.0,0.0,-0.08736251321607075
157,3,0.0,0.0,0.0,0.0,0.0
157,4,0.0,0.0,0.0,0.0,0.0
158,0,0.0,-0.001222241031981567,0.0,0.0,-5.189576624046736
158,1,0.0,0.0,-2.835664918540946e-06,0.0,-0.45157390336495845
158,2,0.0,0.0,0.0,0.0,-0.08736251321607075
158,3,0.0,0.0,0.0,0.0,0.0
158,4,0.0,0.0,0.0,0.0,0.0
159,0,0.0,-0.001222241031981567,0.0,0.0,-5.219024693652683
159,1,0.0,0.0,-2.835664918540946e-06,0.0,-0.45157390336495845
159,2,0.0,0.0,0.0,0.0,-0.08736251321607075
159,3,0.0,0.0,0.0,0.0,0.0
159,4,0.0,0.0,0.0,0.0,0.0
160,0,0.0,-0.001222241031981567,0.0,0.0,-5.2383805338927925
160,1,0.0,0.0,-2.835664918540946e-06,0.0,-0.45157390336495845
160,2,0.0,0.0,0.0,0.0,-0.08736251321607075
160,3,0.0,0.0,0.0,0.0,0.0
160,4,0.0,0.0,0.0,0.0,0.0
161,0,0.0,-0.001222241031981567,0.0,0.0,-5.270177808063907
161,1,0.0,0.0,-2.835664918540946e-06,0.0,-0.45157390336495845
161,2,0.0,0.0,0.0,0.0,-0.08736251321607075
161,3,0.0,0.0,0.0,0.0,0.0
161,4,0.0,0.0,0.0,0.0,0.0
162,0,0.0,-0.001222241031981567,0.0,0.0,-5.289375060395712
162,1,0.0,0.0,-2.835664918540946e-06,0.0,-0.45157390336495845
162,2,0.0,0.0,0.0,0.0,-0.08736251321607075
162,3,0.0,0.0,0.0,0.0,0.0
162,4,0.0,0.0,0.0,0.0,0.0
163,0,0.0,-0.001222241031981567,0.0,0.0,-5.321014315866653
163,1,0.0,0.0,-2.835664918540946e-06,0.0,-0.45157390336495845
163,2,0.0,0.0,0.0,0.0,-0.08736251321607075
163,3,0.0,0.0,0.0,0.0,0.0
163,4,0.0,0.0,0.0,0.0,0.0
164,0,0.0,-0.001222241031981567,0.0,0.0,-5.34255411649525
164,1,0.0,0.0,-2.835664918540946e-06,0.0,-0.45157390336495845
164,2,0.0,0.0,0.0,0.0,-0.08736251321607075
164,3,0.0,0.0,0.0,0.0,0.0
164,4,0.0,0.0,0.0,0.0,0.0
165,0,0.0,-0.001222241031981567,0.0,0.0,-5.364028152525439
165,1,0.0,0.0,-2.835664918540946e-06,0.0,-0.45157390336495845
165,2,0.0,0.0,0.0,0.0,-0.08736251321607075
165,3,0.0,0.0,0.0,0.0,0.0
165,4,0.0,0.0,0.0,0.0,0.0
166,0,0.0,-0.001222241031981567,0.0,0.0,-5.395436657688366
166,1,0.0,0.0,-2.835664918540946e-06,0.0,-0.45157390336495845
166,2,0.0,0.0,0.0,0.0,-0.08736251321607075
166,3,0.0,0.0,0.0,0.0,0.0
166,4,0.0,0.0,0.0,0.0,0.0
167,0,0.0,-0.001222241031981567,0.0,0.0,-5.414246534683953
167,1,0.0,0.0,-2.835664918540946e-06,0.0,-0.45157390336495845
167,2,0.0,0.0,0.0,0.0,-0.08736251321607075
167,3,0.0,0.0,0.0,0.0,0.0
167,4,0.0,0.0,0.0,0.0,0.0
168,0,0.0,-0.001222241031981567,0.0,0.0,-5.432999803081202
168,1,0.0,0.0,-2.835664918540946e-06,0.0,-0.45157390336495845
168,2,0.0,0.0,0.0,0.0,-0.08736251321607075
168,3,0.0,0.0,0.0,0.0,0.0
168,4,0.0,0.0,0.0,0.0,0.0
169,0,0.0,-0.001222241031981567,0.0,0.0,-5.466696662173043
169,1,0.0,0.0,-2.835664918540946e-06,0.0,-0.45157390336495845
169,2,0.0,0.0,0.0,0.0,-0.08736251321607075
169,3,0.0,0.0,0.0,0.0,0.0
169,4,0.0,0.0,0.0,0.0,0.0
170,0,0.0,-0.0015586764067649435,0.0,0.0,-5.466696662173043
170,1,0.0,0.0,-2.835664918540946e-06,0.0,-0.4863222858085016
170,2,0.0,0.0,0.0,0.0,-0.08736251321607075
170,3,0.0,0.0,0.0,0.0,0.0
170,4,0.0,0.0,0.0,0.0,0.0
171,0,0.0,-0.0015586764067649435,0.0,0.0,-5.500287315294439
171,1,0.0,0.0,-2.835664918540946e-06,0.0,-0.4863222858085016
171,2,0.0,0.0,0.0,0.0,-0.08736251321607075
171,3,0.0,0.0,0.0,0.0,0.0
171,4,0.0,0.0,0.0,0.0,0.0
172,0,0.0,-0.0015586764067649435,0.0,0.0,-5.531272147677755
172,1,0.0,0.0,-2.835664918540946e-06,0.0,-0.4863222858085016
172,2,0.0,0.0,0.0,0.0,-0.08736251321607075
172,3,0.0,0.0,0.0,0.0,0.0
172,4,0.0,0.0,0.0,0.0,0.0
173,0,0.0,-0.0015586764067649435,0.0,0.0,-5.557159875580307
173,1,0.0,0.0,-2.835664918540946e-06,0.0,-0.4863222858085016
173,2,0.0,0.0,0.0,0.0,-0.08736251321607075
173,3,0.0,0.0,0.0,0.0,0.0
173,4,0.0,0.0,0.0,0.0,0.0
174,0,0.0,-0.0015586764067649435,0.0,0.0,-5.57546751504656
174,1,0.0,0.0,-2.835664918540946e-06,0.0,-0.4863222858085016
174,2,0.0,0.0,0.0,0.0,-0.08736251321607075
174,3,0.0,0.0,0.0,0.0,0.0
174,4,0.0,0.0,0.0,0.0,0.0
175,0,0.0,-0.0015586764067649435,0.0,0.0,-5.603720350795245
175,1,0.0,0.0,-2.835664918540946e-06,0.0,-0.4863222858085016
175,2,0.0,0.0,0.0,0.0,-0.08736251321607075
175,3,0.0,0.0,0.0,0.0,0.0
175,4,0.0,0.0,0.0,0.0,0.0
176,0,0.0,-0.0015586764067649435,0.0,0.0,-5.624385244972028
176,1,0.0,0.0,-2.835664918540946e-06,0.0,-0.4863222858085016
176,2,0.0,0.0,0.0,0.0,-0.08736251321607075
176,3,0.0,0.0,0.0,0.0,0.0
176,4,0.0,0.0,0.0,0.0,0.0
177,0,0.0,-0.0015586764067649435,0.0,0.0,-5.659987511689917
177,1,0.0,0.0,-2.835664918540946e-06,0.0,-0.4863222858085016
177,2,0.0,0.0,0.0,0.0,-0.08736251321607075
177,3,0.0,0.0,0.0,0.0,0.0
177,4,0.0,0.0,0.0,0.0,0.0
178,0,0.0,-0.0015586764067649435,0.0,0.0,-5.692977377306682
178,1,0.0,0.0,-2.835664918540946e-06,0.0,-0.4863222858085016
178,2,0.0,0.0,0.0,0.0,-0.08736251321607075
178,3,0.0,0.0,0.0,0.0,0.0
178,4,0.0,0.0,0.0,0.0,0.0
179,0,0.0,-0.0015586764067649435,0.0,0.0,-5.718363582518456
179,1,0.0,0.0,-2.835664918540946e-06,0.0,-0.4863222858085016
179,2,0.0,0.0,0.0,0.0,-0.08736251321607075
179,3,0.0,0.0,0.0,0.0,0.0
179,4,0.0,0.0,0.0,0.0,0.0
180,0,0.0,-0.0015586764067649435,0.0,0.0,-5.748671500243688
180,1,0.0,0.0,-2.835664918540946e-06,0.0,-0.4863222858085016
180,2,0.0,0.0,0.0,0.0,-0.08736251321607075
180,3,0.0,0.0,0.0,0.0,0.0
180,4,0.0,0.0,0.0,0.0,0.0
181,0,0.0,-0.0015586764067649435,0.0,0.0,-5.768884745540153
181,1,0.0,0.0,-2.835664918540946e-06,0.0,-0.4863222858085016
181,2,0.0,0.0,0.0,0.0,-0.08736251321607075
181,3,0.0,0.0,0.0,0.0,0.0
181,4,0.0,0.0,0.0,0.0,0.0
182,0,0.0,-0.0015586764067649435,0.0,0.0,-5.789036990061767
182,1,0.0,0.0,-2.835664918540946e-06,0.0,-0.4863222858085016
182,2,0.0,0.0,0.0,0.0,-0.08736251321607075
182,3,0.0,0.0,0.0,0.0,0.0
182,4,0.0,0.0,0.0,0.0,0.0
183,0,0.0,-0.0015586764067649435,0.0,0.0,-5.8141284490255405
183,1,0.0,0.0,-2.835664918540946e-06,0.0,-0.4863222858085016
183,2,0.0,0.0,0.0,0.0,-0.08736251321607075
183,3,0.0,0.0,0.0,0.0,0.0
183,4,0.0,0.0,0.0,0.0,0.0
184,0,0.0,-0.0015586764067649435,0.0,0.0,-5.834142671757557
184,1,0.0,0.0,-2.835664918540946e-06,0.0,-0.4863222858085016
184,2,0.0,0.0,0.0,0.0,-0.08736251321607075
184,3,0.0,0.0,0.0,0.0,0.0
184,4,0.0,0.0,0.0,0.0,0.0
185,0,0.0,-0.0015586764067649435,0.0,0.0,-5.8565965993784515
185,1,0.0,0.0,-2.835664918540946e-06,0.0,-0.4863222858085016
185,2,0.0,0.0,0.0,0.0,-0.08736251321607075
185,3,0.0,0.0,0.0,0.0,0.0
185,4,0.0,0.0,0.0,0.0,0.0
186,0,0.0,-0.0015586764067649435,0.0,0.0,-5.886482111854343
186,1,0.0,0.0,-2.835664918540946e-06,0.0,-0.4863222858085016
186,2,0.0,0.0,0.0,0.0,-0.08736251321607075
186,3,0.0,0.0,0.0,0.0,0.0
186,4,0.0,0.0,0.0,0.0,0.0
187,0,0.0,-0.0019483226773560696,0.0,0.0,-5.886482111854343
187,1,0.0,0.0,-2.835664918540946e-06,0.0,-0.5259554692404476
187,2,0.0,0.0,0.0,0.0,-0.08736251321607075
187,3,0.0,0.0,0.0,0.0,0.0
187,4,0.0,0.0,0.0,0.0,0.0
188,0,0.0,-0.0019483226773560696,0.0,0.0,-5.911274454515436
188,1,0.0,0.0,-2.835664918540946e-06,0.0,-0.5259554692404476
188,2,0.0,0.0,0.0,0.0,-0.08736251321607075
188,3,0.0,0.0,0.0,0.0,0.0
188,4,0.0,0.0,0.0,0.0,0.0
189,0,0.0,-0.0019483226773560696,0.0,0.0,-5.940990628148869
189,1,0.0,0.0,-2.835664918540946e-06,0.0,-0.5259554692404476
189,2,0.0,0.0,0.0,0.0,-0.08736251321607075
189,3,0.0,0.0,0.0,0.0,0.0
189,4,0.0,0.0,0.0,0.0,0.0
190,0,0.0,-0.0019483226773560696,0.0,0.0,-5.960614239616429
190,1,0.0,0.0,-2.835664918540946e-06,0.0,-0.5259554692404476
190,2,0.0,0.0,0.0,0.0,-0.08736251321607075
190,3,0.0,0.0,0.0,0.0,0.0
190,4,0.0,0.0,0.0,0.0,0.0
191,0,0.0,-0.0019483226773560696,0.0,0.0,-5.995178952409387
191,1,0.0,0.0,-2.835664918540946e-06,0.0,-0.5259554692404476
191,2,0.0,0.0,0.0,0.0,-0.08736251321607075
191,3,0.0,0.0,0.0,0.0,0.0
191,4,0.0,0.0,0.0,0.0,0.0
192,0,0.0,-0.0019483226773560696,0.0,0.0,-6.019634978421169
192,1,0.0,0.0,-2.835664918540946e-06,0.0,-0.5259554692404476
192,2,0.0,0.0,0.0,0.0,-0.08736251321607075
192,3,0.0,0.0,0.0,0.0,0.0
192,4,0.0,0.0,0.0,0.0,0.0
193,0,0.0,-0.0019483226773560696,0.0,0.0,-6.054016041539594
193,1,0.0,0.0,-2.835664918540946e-06,0.0,-0.5259554692404476
193,2,0.0,0.0,0.0,0.0,-0.08736251321607075
193,3,0.0,0.0,0.0,0.0,0.0
193,4,0.0,0.0,0.0,0.0,0.0
194,0,0.0,-0.0019483226773560696,0.0,0.0,-6.07328907887795
194,1,0.0,0.0,-2.835664918540946e-06,0.0,-0.5259554692404476
194,2,0.0,0.0,0.0,0.0,-0.08736251321607075
194,3,0.0,0.0,0.0,0.0,0.0
194,4,0.0,0.0,0.0,0.0,0.0
195,0,0.0,-0.0019483226773560696,0.0,0.0,-6.105004476815535
195,1,0.0,0.0,-2.835664918540946e-06,0.0,-0.5259554692404476
195,2,0.0,0.0,0.0,0.0,-0.08736251321607075
195,3,0.0,0.0,0.0,0.0,0.0
195,4,0.0,0.0,0.0,0.0,0.0
196,0,0.0,-0.0019483226773560696,0.0,0.0,-6.139120774882558
196,1,0.0,0.0,-2.835664918540946e-06,0.0,-0.5259554692404476
196,2,0.0,0.0,0.0,0.0,-0.08736251321607075
196,3,0.0,0.0,0.0,0.0,0.0
196,4,0.0,0.0,0.0,0.0,0.0
197,0,0.0,-0.0019483226773560696,0.0,0.0,-6.158129998185477
197,1,0.0,0.0,-2.835664918540946e-06,0.0,-0.5259554692404476
197,2,0.0,0.0,0.0,0.0,-0.08736251321607075
197,3,0.0,0.0,0.0,0.0,0.0
197,4,0.0,0.0,0.0,0.0,0.0
198,0,0.0,-0.0019483226773560696,0.0,0.0,-6.187082529406426
198,1,0.0,0.0,-2.835664918540946e-06,0.0,-0.5259554692404476
198,2,0.0,0.0,0.0,0.0,-0.08736251321607075
198,3,0.0,0.0,0.0,0.0,0.0
198,4,0.0,0.0,0.0,0.0,0.0
199,0,0.0,-0.0019483226773560696,0.0,0.0,-6.208445236925895
199,1,0.0,0.0,-2.835664918540946e-06,0.0,-0.5259554692404476
199,2,0.0,0.0,0.0,0.0,-0.08736251321607075
199,3,0.0,0.0,0.0,0.0,0.0
199,4,0.0,0.0,0.0,0.0,0.0
200,0,0.0,-0.0019483226773560696,0.0,0.0,-6.239743441068751
200,1,0.0,0.0,-2.835664918540946e-06,0.0,-0.5259554692404476
200,2,0.0,0.0,0.0,0.0,-0.08736251321607075
200,3,0.0,0.0,0.0,0.0,0.0
200,4,0.0,0.0,0.0,0.0,0.0
201,0,0.0,-0.0019483226773560696,0.0,0.0,-6.265944039446462
201,1,0.0,0.0,-2.835664918540946e-06,0.0,-0.5259554692404476
201,2,0.0,0.0,0.0,0.0,-0.08736251321607075
201,3,0.0,0.0,0.0,0.0,0.0
201,4,0.0,0.0,0.0,0.0,0.0
202,0,0.0,-0.0019483226773560696,0.0,0.0,-6.299564048965709
202,1,0.0,0.0,-2.835664918540946e-06,0.0,-0.5259554692404476
202,2,0.0,0.0,0.0,0.0,-0.08736251321607075
202,3,0.0,0.0,0.0,0.0,0.0
202,4,0.0,0.0,0.0,0.0,0.0
203,0,0.0,-0.0019483226773560696,0.0,0.0,-6.31807876001221
203,1,0.0,0.0,-2.835664918540946e-06,0.0,-0.5259554692404476
203,2,0.0,0.0,0.0,0.0,-0.08736251321607075
203,3,0.0,0.0,0.0,0.0,0.0
203,4,0.0,0.0,0.0,0.0,0.0
204,0,0.0,-0.0019483226773560696,0.0,0.0,-6.341538548379217
204,1,0.0,0.0,-2.835664918540946e-06,0.0,-0.5259554692404476
204,2,0.0,0.0,0.0,0.0,-0.08736251321607075
204,3,0.0,0.0,0.0,0.0,0.0
204,4,0.0,0.0,0.0,0.0,0.0
205,0,0.0,-0.0019483226773560696,0.0,0.0,-6.374926940651147
205,1,0.0,0.0,-2.835664918540946e-06,0.0,-0.5259554692404476
205,2,0.0,0.0,0.0,0.0,-0.08736251321607075
205,3,0.0,0.0,0.0,0.0,0.0
205,4,0.0,0.0,0.0,0.0,0.0
206,0,0.0,-0.0019483226773560696,0.0,0.0,-6.393210860105524
206,1,0.0,0.0,-2.835664918540946e-06,0.0,-0.5259554692404476
206,2,0.0,0.0,0.0,0.0,-0.08736251321607075
206,3,0.0,0.0,0.0,0.0,0.0
206,4,0.0,0.0,0.0,0.0,0.0
207,0,0.0,-0.0019483226773560696,0.0,0.0,-6.4264406793422975
207,1,0.0,0.0,-2.835664918540946e-06,0.0,-0.5259554692404476
207,2,0.0,0.0,0.0,0.0,-0.08736251321607075
207,3,0.0,0.0,0.0,0.0,0.0
207,4,0.0,0.0,0.0,0.0,0.0
208,0,0.0,-0.0019483226773560696,0.0,0.0,-6.449566591636134
208,1,0.0,0.0,-2.835664918540946e-06,0.0,-0.5259554692404476
208,2,0.0,0.0,0.0,0.0,-0.08736251321607075
208,3,0.0,0.0,0.0,0.0,0.0
208,4,0.0,0.0,0.0,0.0,0.0
209,0,0.0,-0.00240341649445094,0.0,0.0,-6.449566591636134
209,1,0.0,0.0,-2.835664918540946e-06,0.0,-0.5679572191668263
209,2,0.0,0.0,0.0,0.0,-0.08736251321607075
209,3,0.0,0.0,0.0,0.0,0.0
209,4,0.0,0.0,0.0,0.0,0.0
210,0,0.0,-0.00240341649445094,0.0,0.0,-6.472622302332026
210,1,0.0,0.0,-2.835664918540946e-06,0.0,-0.5679572191668263
210,2,0.0,0.0,0.0,0.0,-0.08736251321607075
210,3,0.0,0.0,0.0,0.0,0.0
210,4,0.0,0.0,0.0,0.0,0.0
211,0,0.0,-0.00240341649445094,0.0,0.0,-6.493108060205461
211,1,0.0,0.0,-2.835664918540946e-06,0.0,-0.5679572191668263
211,2,0.0,0.0,0.0,0.0,-0.08736251321607075
211,3,0.0,0.0,0.0,0.0,0.0
211,4,0.0,0.0,0.0,0.0,0.0
212,0,0.0,-0.00240341649445094,0.0,0.0,-6.5235324456060155
212,1,0.0,0.0,-2.835664918540946e-06,0.0,-0.5679572191668263
212,2,0.0,0.0,0.0,0.0,-0.08736251321607075
212,3,0.0,0.0,0.0,0.0,0.0
212,4,0.0,0.0,0.0,0.0,0.0
213,0,0.0,-0.00240341649445094,0.0,0.0,-6.548862344023107
213,1,0.0,0.0,-2.835664918540946e-06,0.0,-0.5679572191668263
213,2,0.0,0.0,0.0,0.0,-0.08736251321607075
213,3,0.0,0.0,0.0,0.0,0.0
213,4,0.0,0.0,0.0,0.0,0.0
214,0,0.0,-0.00240341649445094,0.0,0.0,-6.571614760290721
214,1,0.0,0.0,-2.835664918540946e-06,0.0,-0.5679572191668263
214,2,0.0,0.0,0.0,0.0,-0.08736251321607075
214,3,0.0,0.0,0.0,0.0,0.0
214,4,0.0,0.0,0.0,0.0,0.0
215,0,0.0,-0.00240341649445094,0.0,0.0,-6.596798302900454
215,1,0.0,0.0,-2.835664918540946e-06,0.0,-0.5679572191668263
215,2,0.0,0.0,0.0,0.0,-0.08736251321607075
215,3,0.0,0.0,0.0,0.0,0.0
215,4,0.0,0.0,0.0,0.0,0.0
216,0,0.0,-0.00240341649445094,0.0,0.0,-6.624404882968455
216,1,0.0,0.0,-2.835664918540946e-06,0.0,-0.5679572191668263
216,2,0.0,0.0,0.0,0.0,-0.08736251321607075
216,3,0.0,0.0,0.0,0.0,0.0
216,4,0.0,0.0,0.0,0.0,0.0
217,0,0.0,-0.00240341649445094,0.0,0.0,-6.644426441917435
217,1,0.0,0.0,-2.835664918540946e-06,0.0,-0.5679572191668263
217,2,0.0,0.0,0.0,0.0,-0.08736251321607075
217,3,0.0,0.0,0.0,0.0,0.0
217,4,0.0,0.0,0.0,0.0,0.0
218,0,0.0,-0.00240341649445094,0.0,0.0,-6.671888281484934
218,1,0.0,0.0,-2.835664918540946e-06,0.0,-0.5679572191668263
218,2,0.0,0.0,0.0,0.0,-0.08736251321607075
218,3,0.0,0.0,0.0,0.0,0.0
218,4,0.0,0.0,0.0,0.0,0.0
219,0,0.0,-0.00240341649445094,0.0,0.0,-6.686765613303116
219,1,0.0,0.0,-2.835664918540946e-06,0.0,-0.5679572191668263
219,2,0.0,0.0,0.0,0.0,-0.08736251321607075
219,3,0.0,0.0,0.0,0.0,0.0
219,4,0.0,0.0,0.0,0.0,0.0
220,0,0.0,-0.00240341649445094,0.0,0.0,-6.706600402195427
220,1,0.0,0.0,-2.835664918540946e-06,0.0,-0.5679572191668263
220,2,0.0,0.0,0.0,0.0,-0.08736251321607075
220,3,0.0,0.0,0.0,0.0,0.0
220,4,0.0,0.0,0.0,0.0,0.0
221,0,0.0,-0.00240341649445094,0.0,0.0,-6.726376127867612
221,1,0.0,0.0,-2.835664918540946e-06,0.0,-0.5679572191668263
221,2,0.0,0.0,0.0,0.0,-0.08736251321607075
221,3,0.0,0.0,0.0,0.0,0.0
221,4,0.0,0.0,0.0,0.0,0.0
222,0,0.0,-0.00240341649445094,0.0,0.0,-6.75109299703648
222,1,0.0,0.0,-2.835664918540946e-06,0.0,-0.5679572191668263
222,2,0.0,0.0,0.0,0.0,-0.08736251321607075
222,3,0.0,0.0,0.0,0.0,0.0
222,4,0.0,0.0,0.0,0.0,0.0
223,0,0.0,-0.00240341649445094,0.0,0.0,-6.780734550564699
223,1,0.0,0.0,-2.835664918540946e-06,0.0,-0.5679572191668263
223,2,0.0,0.0,0.0,0.0,-0.08736251321607075
223,3,0.0,0.0,0.0,0.0,0.0
223,4,0.0,0.0,0.0,0.0,0.0
224,0,0.0,-0.00240341649445094,0.0,0.0,-6.812784391016689
224,1,0.0,0.0,-2.835664918540946e-06,0.0,-0.5679572191668263
224,2,0.0,0.0,0.0,0.0,-0.08736251321607075
224,3,0.0,0.0,0.0,0.0,0.0
224,4,0.0,0.0,0.0,0.0,0.0
225,0,0.0,-0.00240341649445094,0.0,0.0,-6.837234514944222
225,1,0.0,0.0,-2.835664918540946e-06,0.0,-0.5679572191668263
225,2,0.0,0.0,0.0,0.0,-0.08736251321607075
225,3,0.0,0.0,0.0,0.0,0.0
225,4,0.0,0.0,0.0,0.0,0.0
226,0,0.0,-0.00240341649445094,0.0,0.0,-6.856610278993791
226,1,0.0,0.0,-2.835664918540946e-06,0.0,-0.5679572191668263
226,2,0.0,0.0,0.0,0.0,-0.08736251321607075
226,3,0.0,0.0,0.0,0.0,0.0
226,4,0.0,0.0,0.0,0.0,0.0
227,0,0.0,-0.00240341649445094,0.0,0.0,-6.885928612149105
227,1,0.0,0.0,-2.835664918540946e-06,0.0,-0.5679572191668263
227,2,0.0,0.0,0.0,0.0,-0.08736251321607075
227,3,0.0,0.0,0.0,0.0,0.0
227,4,0.0,0.0,0.0,0.0,0.0
228,0,0.0,-0.00240341649445094,0.0,0.0,-6.900156384693871
228,1,0.0,0.0,-2.835664918540946e-06,0.0,-0.5679572191668263
228,2,0.0,0.0,0.0,0.0,-0.08736251321607075
228,3,0.0,0.0,0.0,0.0,0.0
228,4,0.0,0.0,0.0,0.0,0.0
229,0,0.0,-0.00240341649445094,0.0,0.0,-6.931843916447569
229,1,0.0,0.0,-2.835664918540946e-06,0.0,-0.5679572191668263
229,2,0.0,0.0,0.0,0.0,-0.08736251321607075
229,3,0.0,0.0,0.0,0.0,0.0
229,4,0.0,0.0,0.0,0.0,0.0
230,0,0.0,-0.00240341649445094,0.0,0.0,-6.9459330155844805
230,1,0.0,0.0,-2.835664918540946e-06,0.0,-0.5679572191668263
230,2,0.0,0.0,0.0,0.0,-0.08736251321607075
230,3,0.0,0.0,0.0,0.0,0.0
230,4,0.0,0.0,0.0,0.0,0.0
231,0,0.0,-0.00240341649445094,0.0,0.0,-6.969982363934203
231,1,0.0,0.0,-2.835664918540946e-06,0.0,-0.5679572191668263
231,2,0.0,0.0,0.0,0.0,-0.08736251321607075
231,3,0.0,0.0,0.0,0.0,0.0
231,4,0.0,0.0,0.0,0.0,0.0
232,0,0.0,-0.00240341649445094,0.0,0.0,-6.99895876538405
232,1,0.0,0.0,-2.835664918540946e-06,0.0,-0.5679572191668263
232,2,0.0,0.0,0.0,0.0,-0.08736251321607075
232,3,0.0,0.0,0.0,0.0,0.0
232,4,0.0,0.0,0.0,0.0,0.0
233,0,0.0,-0.00240341649445094,0.0,0.0,-7.017845813363998
233,1,0.0,0.0,-2.835664918540946e-06,0.0,-0.5679572191668263
233,2,0.0,0.0,0.0,0.0,-0.08736251321607075
233,3,0.0,0.0,0.0,0.0,0.0
233,4,0.0,0.0,0.0,0.0,0.0
234,0,0.0,-0.00240341649445094,0.0,0.0,-7.031677157990255
234,1,0.0,0.0,-2.835664918540946e-06,0.0,-0.5679572191668263
234,2,0.0,0.0,0.0,0.0,-0.08736251321607075
234,3,0.0,0.0,0.0,0.0,0.0
234,4,0.0,0.0,0.0,0.0,0.0
235,0,0.0,-0.00240341649445094,0.0,0.0,-7.050469658096562
235,1,0.0,0.0,-2.835664918540946e-06,0.0,-0.5679572191668263
235,2,0.0,0.0,0.0,0.0,-0.08736251321607075
235,3,0.0,0.0,0.0,0.0,0.0
235,4,0.0,0.0,0.0,0.0,0.0
236,0,0.0,-0.00240341649445094,0.0,0.0,-7.079206779162357
236,1,0.0,0.0,-2.835664918540946e-06,0.0,-0.5679572191668263
236,2,0.0,0.0,0.0,0.0,-0.08736251321607075
236,3,0.0,0.0,0.0,0.0,0.0
236,4,0.0,0.0,0.0,0.0,0.0
237,0,0.0,-0.00240341649445094,0.0,0.0,-7.092855383606348
237,1,0.0,0.0,-2.835664918540946e-06,0.0,-0.5679572191668263
237,2,0.0,0.0,0.0,0.0,-0.08736251321607075
237,3,0.0,0.0,0.0,0.0,0.0
237,4,0.0,0.0,0.0,0.0,0.0
238,0,0.0,-0.00240341649445094,0.0,0.0,-7.108965783414796
238,1,0.0,0.0,-2.835664918540946e-06,0.0,-0.5679572191668263
238,2,0.0,0.0,0.0,0.0,-0.08736251321607075
238,3,0.0,0.0,0.0,0.0,0.0
238,4,0.0,0.0,0.0,0.0,0.0
239,0,0.0,-0.00240341649445094,0.0,0.0,-7.140029774154589
239,1,0.0,0.0,-2.835664918540946e-06,0.0,-0.5679572191668263
239,2,0.0,0.0,0.0,0.0,-0.08736251321607075
239,3,0.0,0.0,0.0,0.0,0.0
239,4,0.0,0.0,0.0,0.0,0.0
240,0,0.0,-0.00240341649445094,0.0,0.0,-7.155997519500658
240,1,0.0,0.0,-2.835664918540946e-06,0.0,-0.5679572191668263
240,2,0.0,0.0,0.0,0.0,-0.08736251321607075
240,3,0.0,0.0,0.0,0.0,0.0
240,4,0.0,0.0,0.0,0.0,0.0
241,0,0.0,-0.00240341649445094,0.0,0.0,-7.1744193603829896
241,1,0.0,0.0,-2.835664918540946e-06,0.0,-0.5679572191668263
241,2,0.0,0.0,0.0,0.0,-0.08736251321607075
241,3,0.0,0.0,0.0,0.0,0.0
241,4,0.0,0.0,0.0,0.0,0.0
242,0,0.0,-0.00240341649445094,0.0,0.0,-7.190287121196474
242,1,0.0,0.0,-2.835664918540946e-06,0.0,-0.5679572191668263
242,2,0.0,0.0,0.0,0.0,-0.08736251321607075
242,3,0.0,0.0,0.0,0.0,0.0
242,4,0.0,0.0,0.0,0.0,0.0
243,0,0.0,-0.00240341649445094,0.0,0.0,-7.216109322055357
243,1,0.0,0.0,-2.835664918540946e-06,0.0,-0.5679572191668263
243,2,0.0,0.0,0.0,0.0,-0.08736251321607075
243,3,0.0,0.0,0.0,0.0,0.0
243,4,0.0,0.0,0.0,0.0,0.0
244,0,0.0,-0.00240341649445094,0.0,0.0,-7.241852788456125
244,1,0.0,0.0,-2.835664918540946e-06,0.0,-0.5679572191668263
244,2,0.0,0.0,0.0,0.0,-0.08736251321607075
244,3,0.0,0.0,0.0,0.0,0.0
244,4,0.0,0.0,0.0,0.0,0.0
245,0,0.0,-0.00240341649445094,0.0,0.0,-7.26501780041651
245,1,0.0,0.0,-2.835664918540946e-06,0.0,-0.5679572191668263
245,2,0.0,0.0,0.0,0.0,-0.08736251321607075
245,3,0.0,0.0,0.0,0.0,0.0
245,4,0.0,0.0,0.0,0.0,0.0
246,0,0.0,-0.00240341649445094,0.0,0.0,-7.29561296940494
246,1,0.0,0.0,-2.835664918540946e-06,0.0,-0.5679572191668263
246,2,0.0,0.0,0.0,0.0,-0.08736251321607075
246,3,0.0,0.0,0.0,0.0,0.0
246,4,0.0,0.0,0.0,0.0,0.0
247,0,0.0,-0.00240341649445094,0.0,0.0,-7.323613544439132
247,1,0.0,0.0,-2.835664918540946e-06,0.0,-0.5679572191668263
247,2,0.0,0.0,0.0,0.0,-0.08736251321607075
247,3,0.0,0.0,0.0,0.0,0.0
247,4,0.0,0.0,0.0,0.0,0.0
248,0,0.0,-0.00240341649445094,0.0,0.0,-7.341528197450291
248,1,0.0,0.0,-2.835664918540946e-06,0.0,-0.5679572191668263
248,2,0.0,0.0,0.0,0.0,-0.08736251321607075
248,3,0.0,0.0,0.0,0.0,0.0
248,4,0.0,0.0,0.0,0.0,0.0
249,0,0.0,-0.00240341649445094,0.0,0.0,-7.361890565403724
249,1,0.0,0.0,-2.835664918540946e-06,0.0,-0.5679572191668263
249,2,0.0,0.0,0.0,0.0,-0.08736251321607075
249,3,0.0,0.0,0.0,0.0,0.0
249,4,0.0,0.0,0.0,0.0,0.0
250,0,0.0,-0.00240341649445094,0.0,0.0,-7.379692496438343
250,1,0.0,0.0,-2.835664918540946e-06,0.0,-0.5679572191668263
250,2,0.0,0.0,0.0,0.0,-0.08736251321607075
250,3,0.0,0.0,0.0,0.0,0.0
250,4,0.0,0.0,0.0,0.0,0.0
251,0,0.0,-0.00240341649445094,0.0,0.0,-7.404942534317825
251,1,0.0,0.0,-2.835664918540946e-06,0.0,-0.5679572191668263
251,2,0.0,0.0,0.0,0.0,-0.08736251321607075
251,3,0.0,0.0,0.0,0.0,0.0
251,4,0.0,0.0,0.0,0.0,0.0
252,0,0.0,-0.00240341649445094,0.0,0.0,-7.435115860626252
252,1,0.0,0.0,-2.835664918540946e-06,0.0,-0.5679572191668263
252,2,0.0,0.0,0.0,0.0,-0.08736251321607075
252,3,0.0,0.0,0.0,0.0,0.0
252,4,0.0,0.0,0.0,0.0,0.0
253,0,0.0,-0.00240341649445094,0.0,0.0,-7.455196082534073
253,1,0.0,0.0,-2.835664918540946e-06,0.0,-0.5679572191668263
253,2,0.0,0.0,0.0,0.0,-0.08736251321607075
253,3,0.0,0.0,0.0,0.0,0.0
253,4,0.0,0.0,0.0,0.0,0.0
254,0,0.0,-0.00240341649445094,0.0,0.0,-7.46771686384376
254,1,0.0,0.0,-2.835664918540946e-06,0.0,-0.5679572191668263
254,2,0.0,0.0,0.0,0.0,-0.08736251321607075
254,3,0.0,0.0,0.0,0.0,0.0
254,4,0.0,0.0,0.0,0.0,0.0
255,0,0.0,-0.00240341649445094,0.0,0.0,-7.487703409553676
255,1,0.0,0.0,-2.835664918540946e-06,0.0,-0.5679572191668263
255,2,0.0,0.0,0.0,0.0,-0.08736251321607075
255,3,0.0,0.0,0.0,0.0,0.0
255,4,0.0,0.0,0.0,0.0,0.0
256,0,0.0,-0.00240341649445094,0.0,0.0,-7.515130834945392
256,1,0.0,0.0,-2.835664918540946e-06,0.0,-0.5679572191668263
256,2,0.0,0.0,0.0,0.0,-0.08736251321607075
256,3,0.0,0.0,0.0,0.0,0.0
256,4,0.0,0.0,0.0,0.0,0.0
257,0,0.0,-0.00240341649445094,0.0,0.0,-7.52997434861987
257,1,0.0,0.0,-2.835664918540946e-06,0.0,-0.5679572191668263
257,2,0.0,0.0,0.0,0.0,-0.08736251321607075
257,3,0.0,0.0,0.0,0.0,0.0
257,4,0.0,0.0,0.0,0.0,0.0
258,0,0.0,-0.00240341649445094,0.0,0.0,-7.549775912383064
258,1,0.0,0.0,-2.835664918540946e-06,0.0,-0.5679572191668263
258,2,0.0,0.0,0.0,0.0,-0.08736251321607075
258,3,0.0,0.0,0.0,0.0,0.0
258,4,0.0,0.0,0.0,0.0,0.0
259,0,0.0,-0.00240341649445094,0.0,0.0,-7.57701900293687
259,1,0.0,0.0,-2.835664918540946e-06,0.0,-0.5679572191668263
259,2,0.0,0.0,0.0,0.0,-0.08736251321607075
259,3,0.0,0.0,0.0,0.0,0.0
259,4,0.0,0.0,0.0,0.0,0.0
260,0,0.0,-0.00240341649445094,0.0,0.0,-7.5966788264107485
260,1,0.0,0.0,-2.835664918540946e-06,0.0,-0.5679572191668263
260,2,0.0,0.0,0.0,0.0,-0.08736251321607075
260,3,0.0,0.0,0.0,0.0,0.0
260,4,0.0,0.0,0.0,0.0,0.0
261,0,0.0,-0.00240341649445094,0.0,0.0,-7.623780677084394
261,1,0.0,0.0,-2.835664918540946e-06,0.0,-0.5679572191668263
261,2,0.0,0.0,0.0,0.0,-0.08736251321607075
261,3,0.0,0.0,0.0,0.0,0.0
261,4,0.0,0.0,0.0,0.0,0.0
262,0,0.0,-0.00240341649445094,0.0,0.0,-7.635799759163715
262,1,0.0,0.0,-2.835664918540946e-06,0.0,-0.5679572191668263
262,2,0.0,0.0,0.0,0.0,-0.08736251321607075
262,3,0.0,0.0,0.0,0.0,0.0
262,4,0.0,0.0,0.0,0.0,0.0
263,0,0.0,-0.00240341649445094,0.0,0.0,-7.662786362609727
263,1,0.0,0.0,-2.835664918540946e-06,0.0,-0.5679572191668263
263,2,0.0,0.0,0.0,0.0,-0.08736251321607075
263,3,0.0,0.0,0.0,0.0,0.0
263,4,0.0,0.0,0.0,0.0,0.0
264,0,0.0,-0.00240341649445094,0.0,0.0,-7.684690598391286
264,1,0.0,0.0,-2.835664918540946e-06,0.0,-0.5679572191668263
264,2,0.0,0.0,0.0,0.0,-0.08736251321607075
264,3,0.0,0.0,0.0,0.0,0.0
264,4,0.0,0.0,0.0,0.0,0.0
265,0,0.0,-0.00240341649445094,0.0,0.0,-7.714029424814582
265,1,0.0,0.0,-2.835664918540946e-06,0.0,-0.5679572191668263
265,2,0.0,0.0,0.0,0.0,-0.08736251321607075
265,3,0.0,0.0,0.0,0.0,0.0
265,4,0.0,0.0,0.0,0.0,0.0
266,0,0.0,-0.00240341649445094,0.0,0.0,-7.7257780739022595
266,1,0.0,0.0,-2.835664918540946e-06,0.0,-0.5679572191668263
266,2,0.0,0.0,0.0,0.0,-0.08736251321607075
266,3,0.0,0.0,0.0,0.0,0.0
266,4,0.0,0.0,0.0,0.0,0.0
267,0,0.0,-0.00240341649445094,0.0,0.0,-7.749995195853308
267,1,0.0,0.0,-2.835664918540946e-06,0.0,-0.5679572191668263
267,2,0.0,0.0,0.0,0.0,-0.08736251321607075
267,3,0.0,0.0,0.0,0.0,0.0
267,4,0.0,0.0,0.0,0.0,0.0
268,0,0.0,-0.00240341649445094,0.0,0.0,-7.7666392305199
268,1,0.0,0.0,-2.835664918540946e-06,0.0,-0.5679572191668263
268,2,0.0,0.0,0.0,0.0,-0.08736251321607075
268,3,0.0,0.0,0.0,0.0,0.0
268,4,0.0,0.0,0.0,0.0,0.0
269,0,0.0,-0.00240341649445094,0.0,0.0,-7.783235433862303
269,1,0.0,0.0,-2.835664918540946e-06,0.0,-0.5679572191668263
269,2,0.0,0.0,0.0,0.0,-0.08736251321607075
269,3,0.0,0.0,0.0,0.0,0.0
269,4,0.0,0.0,0.0,0.0,0.0
270,0,0.0,-0.00240341649445094,0.0,0.0,-7.794783969517631
270,1,0.0,0.0,-2.835664918540946e-06,0.0,-0.5679572191668263
270,2,0.0,0.0,0.0,0.0,-0.08736251321607075
270,3,0.0,0.0,0.0,0.0,0.0
270,4,0.0,0.0,0.0,0.0,0.0
271,0,0.0,-0.00240341649445094,0.0,0.0,-7.806301665572515
271,1,0.0,0.0,-2.835664918540946e-06,0.0,-0.5679572191668263
271,2,0.0,0.0,0.0,0.0,-0.08736251321607075
271,3,0.0,0.0,0.0,0.0,0.0
271,4,0.0,0.0,0.0,0.0,0.0
272,0,0.0,-0.00240341649445094,0.0,0.0,-7.835288621948148
272,1,0.0,0.0,-2.835664918540946e-06,0.0,-0.5679572191668263
272,2,0.0,0.0,0.0,0.0,-0.08736251321607075
272,3,0.0,0.0,0.0,0.0,0.0
272,4,0.0,0.0,0.0,0.0,0.0
273,0,0.0,-0.00240341649445094,0.0,0.0,-7.851686610478815
273,1,0.0,0.0,-2.835664918540946e-06,0.0,-0.5679572191668263
273,2,0.0,0.0,0.0,0.0,-0.08736251321607075
273,3,0.0,0.0,0.0,0.0,0.0
273,4,0.0,0.0,0.0,0.0,0.0
274,0,0.0,-0.00240341649445094,0.0,0.0,-7.8805376117360755
274,1,0.0,0.0,-2.835664918540946e-06,0.0,-0.5679572191668263
274,2,0.0,0.0,0.0,0.0,-0.08736251321607075
274,3,0.0,0.0,0.0,0.0,0.0
274,4,0.0,0.0,0.0,0.0,0.0
275,0,0.0,-0.00240341649445094,0.0,0.0,-7.901800123515608
275,1,0.0,0.0,-2.835664918540946e-06,0.0,-0.5679572191668263
275,2,0.0,0.0,0.0,0.0,-0.08736251321607075
275,3,0.0,0.0,0.0,0.0,0.0
275,4,0.0,0.0,0.0,0.0,0.0
276,0,0.0,-0.00240341649445094,0.0,0.0,-7.917999459489421
276,1,0.0,0.0,-2.835664918540946e-06,0.0,-0.5679572191668263
276,2,0.0,0.0,0.0,0.0,-0.08736251321607075
276,3,0.0,0.0,0.0,0.0,0.0
276,4,0.0,0.0,0.0,0.0,0.0
277,0,0.0,-0.00240341649445094,0.0,0.0,-7.93165250584028
277,1,0.0,0.0,-2.835664918540946e-06,0.0,-0.5679572191668263
277,2,0.0,0.0,0.0,0.0,-0.08736251321607075
277,3,0.0,0.0,0.0,0.0,0.0
277,4,0.0,0.0,0.0,0.0,0.0
278,0,0.0,-0.00240341649445094,0.0,0.0,-7.955267752885582
278,1,0.0,0.0,-2.835664918540946e-06,0.0,-0.5679572191668263
278,2,0.0,0.0,0.0,0.0,-0.08736251321607075
278,3,0.0,0.0,0.0,0.0,0.0
278,4,0.0,0.0,0.0,0.0,0.0
279,0,0.0,-0.00240341649445094,0.0,0.0,-7.9813119964452195
279,1,0.0,0.0,-2.835664918540946e-06,0.0,-0.5679572191668263
279,2,0.0,0.0,0.0,0.0,-0.08736251321607075
279,3,0.0,0.0,0.0,0.0,0.0
279,4,0.0,0.0,0.0,0.0,0.0
280,0,0.0,-0.00240341649445094,0.0,0.0,-8.007277154447747
280,1,0.0,0.0,-2.835664918540946e-06,0.0,-0.5679572191668263
280,2,0.0,0.0,0.0,0.0,-0.08736251321607075
280,3,0.0,0.0,0.0,0.0,0.0
280,4,0.0,0.0,0.0,0.0,0.0
281,0,0.0,-0.00240341649445094,0.0,0.0,-8.030663507635671
281,1,0.0,0.0,-2.835664918540946e-06,0.0,-0.5679572191668263
281,2,0.0,0.0,0.0,0.0,-0.08736251321607075
281,3,0.0,0.0,0.0,0.0,0.0
281,4,0.0,0.0,0.0,0.0,0.0
282,0,0.0,-0.00240341649445094,0.0,0.0,-8.056479668200376
282,1,0.0,0.0,-2.835664918540946e-06,0.0,-0.5679572191668263
282,2,0.0,0.0,0.0,0.0,-0.08736251321607075
282,3,0.0,0.0,0.0,0.0,0.0
282,4,0.0,0.0,0.0,0.0,0.0
283,0,0.0,-0.00240341649445094,0.0,0.0,-8.067217550945484
283,1,0.0,0.0,-2.835664918540946e-06,0.0,-0.5679572191668263
283,2,0.0,0.0,0.0,0.0,-0.08736251321607075
283,3,0.0,0.0,0.0,0.0,0.0
283,4,0.0,0.0,0.0,0.0,0.0
284,0,0.0,-0.00240341649445094,0.0,0.0,-8.09292742869539
284,1,0.0,0.0,-2.835664918540946e-06,0.0,-0.5679572191668263
284,2,0.0,0.0,0.0,0.0,-0.08736251321607075
284,3,0.0,0.0,0.0,0.0,0.0
284,4,0.0,0.0,0.0,0.0,0.0
285,0,0.0,-0.00240341649445094,0.0,0.0,-8.111059395351395
285,1,0.0,0.0,-2.835664918540946e-06,0.0,-0.5679572191668263
285,2,0.0,0.0,0.0,0.0,-0.08736251321607075
285,3,0.0,0.0,0.0,0.0,0.0
285,4,0.0,0.0,0.0,0.0,0.0
286,0,0.0,-0.00240341649445094,0.0,0.0,-8.13913872475325
286,1,0.0,0.0,-2.835664918540946e-06,0.0,-0.5679572191668263
286,2,0.0,0.0,0.0,0.0,-0.08736251321607075
286,3,0.0,0.0,0.0,0.0,0.0
286,4,0.0,0.0,0.0,0.0,0.0
287,0,0.0,-0.00240341649445094,0.0,0.0,-8.164632268216947
287,1,0.0,0.0,-2.835664918540946e-06,0.0,-0.5679572191668263
287,2,0.0,0.0,0.0,0.0,-0.08736251321607075
287,3,0.0,0.0,0.0,0.0,0.0
287,4,0.0,0.0,0.0,0.0,0.0
288,0,0.0,-0.00240341649445094,0.0,0.0,-8.182548664010156
288,1,0.0,0.0,-2.835664918540946e-06,0.0,-0.5679572191668263
288,2,0.0,0.0,0.0,0.0,-0.08736251321607075
288,3,0.0,0.0,0.0,0.0,0.0
288,4,0.0,0.0,0.0,0.0,0.0
289,0,0.0,-0.00240341649445094,0.0,0.0,-8.200413183038116
289,1,0.0,0.0,-2.835664918540946e-06,0.0,-0.5679572191668263
289,2,0.0,0.0,0.0,0.0,-0.08736251321607075
289,3,0.0,0.0,0.0,0.0,0.0
289,4,0.0,0.0,0.0,0.0,0.0
290,0,0.0,-0.00240341649445094,0.0,0.0,-8.228226003823616
290,1,0.0,0.0,-2.835664918540946e-06,0.0,-0.5679572191668263
290,2,0.0,0.0,0.0,0.0,-0.08736251321607075
290,3,0.0,0.0,0.0,0.0,0.0
290,4,0.0,0.0,0.0,0.0,0.0
291,0,0.0,-0.00240341649445094,0.0,0.0,-8.250953974085776
291,1,0.0,0.0,-2.835664918540946e-06,0.0,-0.5679572191668263
291,2,0.0,0.0,0.0,0.0,-0.08736251321607075
291,3,0.0,0.0,0.0,0.0,0.0
291,4,0.0,0.0,0.0,0.0,0.0
292,0,0.0,-0.00240341649445094,0.0,0.0,-8.266114061042302
292,1,0.0,0.0,-2.835664918540946e-06,0.0,-0.5679572191668263
292,2,0.0,0.0,0.0,0.0,-0.08736251321607075
292,3,0.0,0.0,0.0,0.0,0.0
292,4,0.0,0.0,0.0,0.0,0.0
293,0,0.0,-0.00240341649445094,0.0,0.0,-8.291231500786582
293,1,0.0,0.0,-2.835664918540946e-06,0.0,-0.5679572191668263
293,2,0.0,0.0,0.0,0.0,-0.08736251321607075
293,3,0.0,0.0,0.0,0.0,0.0
293,4,0.0,0.0,0.0,0.0,0.0
294,0,0.0,-0.00240341649445094,0.0,0.0,-8.311273107039497
294,1,0.0,0.0,-2.835664918540946e-06,0.0,-0.5679572191668263
294,2,0.0,0.0,0.0,0.0,-0.08736251321607075
294,3,0.0,0.0,0.0,0.0,0.0
294,4,0.0,0.0,0.0,0.0,0.0
295,0,0.0,-0.00240341649445094,0.0,0.0,-8.338755813156615
295,1,0.0,0.0,-2.835664918540946e-06,0.0,-0.5679572191668263
295,2,0.0,0.0,0.0,0.0,-0.08736251321607075
295,3,0.0,0.0,0.0,0.0,0.0
295,4,0.0,0.0,0.0,0.0,0.0
296,0,0.0,-0.00240341649445094,0.0,0.0,-8.348654826310558
296,1,0.0,0.0,-2.835664918540946e-06,0.0,-0.5679572191668263
296,2,0.0,0.0,0.0,0.0,-0.08736251321607075
296,3,0.0,0.0,0.0,0.0,0.0
296,4,0.0,0.0,0.0,0.0,0.0
297,0,0.0,-0.00240341649445094,0.0,0.0,-8.36102877195047
297,1,0.0,0.0,-2.835664918540946e-06,0.0,-0.5679572191668263
297,2,0.0,0.0,0.0,0.0,-0.08736251321607075
297,3,0.0,0.0,0.0,0.0,0.0
297,4,0.0,0.0,0.0,0.0,0.0
298,0,0.0,-0.00240341649445094,0.0,0.0,-8.373369395407874
298,1,0.0,0.0,-2.835664918540946e-06,0.0,-0.5679572191668263
298,2,0.0,0.0,0.0,0.0,-0.08736251321607075
298,3,0.0,0.0,0.0,0.0,0.0
298,4,0.0,0.0,0.0,0.0,0.0
299,0,0.0,-0.00240341649445094,0.0,0.0,-8.393176805519248
299,1,0.0,0.0,-2.835664918540946e-06,0.0,-0.5679572191668263
299,2,0.0,0.0,0.0,0.0,-0.08736251321607075
299,3,0.0,0.0,0.0,0.0,0.0
299,4,0.0,0.0,0.0,0.0,0.0
300,0,0.0,-0.00240341649445094,0.0,0.0,-8.410426113128658
300,1,0.0,0.0,-2.835664918540946e-06,0.0,-0.5679572191668263
300,2,0.0,0.0,0.0,0.0,-0.08736251321607075
300,3,0.0,0.0,0.0,0.0,0.0
300,4,0.0,0.0,0.0,0.0,0.0
301,0,0.0,-0.00240341649445094,0.0,0.0,-8.420125852547777
301,1,0.0,0.0,-2.835664918540946e-06,0.0,-0.5679572191668263
301,2,0.0,0.0,0.0,0.0,-0.08736251321607075
301,3,0.0,0.0,0.0,0.0,0.0
301,4,0.0,0.0,0.0,0.0,0.0
302,0,0.0,-0.00240341649445094,0.0,0.0,-8.434801191141851
302,1,0.0,0.0,-2.835664918540946e-06,0.0,-0.5679572191668263
302,2,0.0,0.0,0.0,0.0,-0.08736251321607075
302,3,0.0,0.0,0.0,0.0,0.0
302,4,0.0,0.0,0.0,0.0,0.0
303,0,0.0,-0.00240341649445094,0.0,0.0,-8.456935539243242
303,1,0.0,0.0,-2.835664918540946e-06,0.0,-0.5679572191668263
303,2,0.0,0.0,0.0,0.0,-0.08736251321607075
303,3,0.0,0.0,0.0,0.0,0.0
303,4,0.0,0.0,0.0,0.0,0.0
304,0,0.0,-0.00240341649445094,0.0,0.0,-8.469004036878248
304,1,0.0,0.0,-2.835664918540946e-06,0.0,-0.5679572191668263
304,2,0.0,0.0,0.0,0.0,-0.08736251321607075
304,3,0.0,0.0,0.0,0.0,0.0
304,4,0.0,0.0,0.0,0.0,0.0
305,0,0.0,-0.00240341649445094,0.0,0.0,-8.496040245021051
305,1,0.0,0.0,-2.835664918540946e-06,0.0,-0.5679572191668263
305,2,0.0,0.0,0.0,0.0,-0.08736251321607075
305,3,0.0,0.0,0.0,0.0,0.0
305,4,0.0,0.0,0.0,0.0,0.0
306,0,0.0,-0.00240341649445094,0.0,0.0,-8.52049427346277
306,1,0.0,0.0,-2.835664918540946e-06,0.0,-0.5679572191668263
306,2,0.0,0.0,0.0,0.0,-0.08736251321607075
306,3,0.0,0.0,0.0,0.0,0.0
306,4,0.0,0.0,0.0,0.0,0.0
307,0,0.0,-0.00240341649445094,0.0,0.0,-8.542374746804914
307,1,0.0,0.0,-2.835664918540946e-06,0.0,-0.5679572191668263
307,2,0.0,0.0,0.0,0.0,-0.08736251321607075
307,3,0.0,0.0,0.0,0.0,0.0
307,4,0.0,0.0,0.0,0.0,0.0
308,0,0.0,-0.00240341649445094,0.0,0.0,-8.56419025727664
308,1,0.0,0.0,-2.835664918540946e-06,0.0,-0.5679572191668263
308,2,0.0,0.0,0.0,0.0,-0.08736251321607075
308,3,0.0,0.0,0.0,0.0,0.0
308,4,0.0,0.0,0.0,0.0,0.0
309,0,0.0,-0.00240341649445094,0.0,0.0,-8.58094103233193
309,1,0.0,0.0,-2.835664918540946e-06,0.0,-0.5679572191668263
309,2,0.0,0.0,0.0,0.0,-0.08736251321607075
309,3,0.0,0.0,0.0,0.0,0.0
309,4,0.0,0.0,0.0,0.0,0.0
310,0,0.0,-0.00240341649445094,0.0,0.0,-8.607643963619678
310,1,0.0,0.0,-2.835664918540946e-06,0.0,-0.5679572191668263
310,2,0.0,0.0,0.0,0.0,-0.08736251321607075
310,3,0.0,0.0,0.0,0.0,0.0
310,4,0.0,0.0,0.0,0.0,0.0
311,0,0.0,-0.00240341649445094,0.0,0.0,-8.63176588424033
311,1,0.0,0.0,-2.835664918540946e-06,0.0,-0.5679572191668263
311,2,0.0,0.0,0.0,0.0,-0.08736251321607075
311,3,0.0,0.0,0.0,0.0,0.0
311,4,0.0,0.0,0.0,0.0,0.0
312,0,0.0,-0.00240341649445094,0.0,0.0,-8.658315414319226
312,1,0.0,0.0,-2.835664918540946e-06,0.0,-0.5679572191668263
312,2,0.0,0.0,0.0,0.0,-0.08736251321607075
312,3,0.0,0.0,0.0,0.0,0.0
312,4,0.0,0.0,0.0,0.0,0.0
313,0,0.0,-0.00240341649445094,0.0,0.0,-8.67228447656271
313,1,0.0,0.0,-2.835664918540946e-06,0.0,-0.5679572191668263
313,2,0.0,0.0,0.0,0.0,-0.08736251321607075
313,3,0.0,0.0,0.0,0.0,0.0
313,4,0.0,0.0,0.0,0.0,0.0
314,0,0.0,-0.00240341649445094,0.0,0.0,-8.69621501913447
314,1,0.0,0.0,-2.835664918540946e-06,0.0,-0.5679572191668263
314,2,0.0,0.0,0.0,0.0,-0.08736251321607075
314,3,0.0,0.0,0.0,0.0,0.0
314,4,0.0,0.0,0.0,0.0,0.0
315,0,0.0,-0.00240341649445094,0.0,0.0,-8.705073840085204
315,1,0.0,0.0,-2.835664918540946e-06,0.0,-0.5679572191668263
315,2,0.0,0.0,0.0,0.0,-0.08736251321607075
315,3,0.0,0.0,0.0,0.0,0.0
315,4,0.0,0.0,0.0,0.0,0.0
316,0,0.0,-0.00240341649445094,0.0,0.0,-8.728911187292649
316,1,0.0,0.0,-2.835664918540946e-06,0.0,-0.5679572191668263
316,2,0.0,0.0,0.0,0.0,-0.08736251321607075
316,3,0.0,0.0,0.0,0.0,0.0
316,4,0.0,0.0,0.0,0.0,0.0
317,0,0.0,-0.00240341649445094,0.0,0.0,-8.7376771682755
317,1,0.0,0.0,-2.835664918540946e-06,0.0,-0.5679572191668263
317,2,0.0,0.0,0.0,0.0,-0.08736251321607075
317,3,0.0,0.0,0.0,0.0,0.0
317,4,0.0,0.0,0.0,0.0,0.0
318,0,0.0,-0.00240341649445094,0.0,0.0,-8.751421952606321
318,1,0.0,0.0,-2.835664918540946e-06,0.0,-0.5679572191668263
318,2,0.0,0.0,0.0,0.0,-0.08736251321607075
318,3,0.0,0.0,0.0,0.0,0.0
318,4,0.0,0.0,0.0,0.0,0.0
319,0,0.0,-0.00240341649445094,0.0,0.0,-8.76762897694203
319,1,0.0,0.0,-2.835664918540946e-06,0.0,-0.5679572191668263
319,2,0.0,0.0,0.0,0.0,-0.08736251321607075
319,3,0.0,0.0,0.0,0.0,0.0
319,4,0.0,0.0,0.0,0.0,0.0
320,0,0.0,-0.00240341649445094,0.0,0.0,-8.783790034092679
320,1,0.0,0.0,-2.835664918540946e-06,0.0,-0.5679572191668263
320,2,0.0,0.0,0.0,0.0,-0.08736251321607075
320,3,0.0,0.0,0.0,0.0,0.0
320,4,0.0,0.0,0.0,0.0,0.0
321,0,0.0,-0.00240341649445094,0.0,0.0,-8.79240556695449
321,1,0.0,0.0,-2.835664918540946e-06,0.0,-0.5679572191668263
321,2,0.0,0.0,0.0,0.0,-0.08736251321607075
321,3,0.0,0.0,0.0,0.0,0.0
321,4,0.0,0.0,0.0,0.0,0.0
322,0,0.0,-0.00240341649445094,0.0,0.0,-8.818500153703333
322,1,0.0,0.0,-2.835664918540946e-06,0.0,-0.5679572191668263
322,2,0.0,0.0,0.0,0.0,-0.08736251321607075
322,3,0.0,0.0,0.0,0.0,0.0
322,4,0.0,0.0,0.0,0.0,0.0
323,0,0.0,-0.00240341649445094,0.0,0.0,-8.839515816037274
323,1,0.0,0.0,-2.835664918540946e-06,0.0,-0.5679572191668263
323,2,0.0,0.0,0.0,0.0,-0.08736251321607075
323,3,0.0,0.0,0.0,0.0,0.0
323,4,0.0,0.0,0.0,0.0,0.0
324,0,0.0,-0.00240341649445094,0.0,0.0,-8.850469498750721
324,1,0.0,0.0,-2.835664918540946e-06,0.0,-0.5679572191668263
324,2,0.0,0.0,0.0,0.0,-0.08736251321607075
324,3,0.0,0.0,0.0,0.0,0.0
324,4,0.0,0.0,0.0,0.0,0.0
325,0,0.0,-0.00240341649445094,0.0,0.0,-8.86389474813596
325,1,0.0,0.0,-2.835664918540946e-06,0.0,-0.5679572191668263
325,2,0.0,0.0,0.0,0.0,-0.08736251321607075
325,3,0.0,0.0,0.0,0.0,0.0
325,4,0.0,0.0,0.0,0.0,0.0
326,0,0.0,-0.00240341649445094,0.0,0.0,-8.882283322022927
326,1,0.0,0.0,-2.835664918540946e-06,0.0,-0.5679572191668263
326,2,0.0,0.0,0.0,0.0,-0.08736251321607075
326,3,0.0,0.0,0.0,0.0,0.0
326,4,0.0,0.0,0.0,0.0,0.0
327,0,0.0,-0.00240341649445094,0.0,0.0,-8.89062046767774
327,1,0.0,0.0,-2.835664918540946e-06,0.0,-0.5679572191668263
327,2,0.0,0.0,0.0,0.0,-0.08736251321607075
327,3,0.0,0.0,0.0,0.0,0.0
327,4,0.0,0.0,0.0,0.0,0.0
328,0,0.0,-0.00240341649445094,0.0,0.0,-8.91143610761583
328,1,0.0,0.0,-2.835664918540946e-06,0.0,-0.5679572191668263
328,2,0.0,0.0,0.0,0.0,-0.08736251321607075
328,3,0.0,0.0,0.0,0.0,0.0
328,4,0.0,0.0,0.0,0.0,0.0
329,0,0.0,-0.00240341649445094,0.0,0.0,-8.924690436773371
329,1,0.0,0.0,-2.835664918540946e-06,0.0,-0.5679572191668263
329,2,0.0,0.0,0.0,0.0,-0.08736251321607075
329,3,0.0,0.0,0.0,0.0,0.0
329,4,0.0,0.0,0.0,0.0,0.0
330,0,0.0,-0.00240341649445094,0.0,0.0,-8.9329115398457
330,1,0.0,0.0,-2.835664918540946e-06,0.0,-0.5679572191668263
330,2,0.0,0.0,0.0,0.0,-0.08736251321607075
330,3,0.0,0.0,0.0,0.0,0.0
330,4,0.0,0.0,0.0,0.0,0.0
331,0,0.0,-0.00240341649445094,0.0,0.0,-8.94111336494103
331,1,0.0,0.0,-2.835664918540946e-06,0.0,-0.5679572191668263
331,2,0.0,0.0,0.0,0.0,-0.08736251321607075
331,3,0.0,0.0,0.0,0.0,0.0
331,4,0.0,0.0,0.0,0.0,0.0
332,0,0.0,-0.00240341649445094,0.0,0.0,-8.954292991698397
332,1,0.0,0.0,-2.835664918540946e-06,0.0,-0.5679572191668263
332,2,0.0,0.0,0.0,0.0,-0.08736251321607075
332,3,0.0,0.0,0.0,0.0,0.0
332,4,0.0,0.0,0.0,0.0,0.0
333,0,0.0,-0.00240341649445094,0.0,0.0,-8.972436750488418
333,1,0.0,0.0,-2.835664918540946e-06,0.0,-0.5679572191668263
333,2,0.0,0.0,0.0,0.0,-0.08736251321607075
333,3,0.0,0.0,0.0,0.0,0.0
333,4,0.0,0.0,0.0,0.0,0.0
334,0,0.0,-0.00240341649445094,0.0,0.0,-8.990528094580338
334,1,0.0,0.0,-2.835664918540946e-06,0.0,-0.5679572191668263
334,2,0.0,0.0,0.0,0.0,-0.08736251321607075
334,3,0.0,0.0,0.0,0.0,0.0
334,4,0.0,0.0,0.0,0.0,0.0
335,0,0.0,-0.00240341649445094,0.0,0.0,-9.001067204362478
335,1,0.0,0.0,-2.835664918540946e-06,0.0,-0.5679572191668263
335,2,0.0,0.0,0.0,0.0,-0.08736251321607075
335,3,0.0,0.0,0.0,0.0,0.0
335,4,0.0,0.0,0.0,0.0,0.0
336,0,0.0,-0.00240341649445094,0.0,0.0,-9.0140792571384
336,1,0.0,0.0,-2.835664918540946e-06,0.0,-0.5679572191668263
336,2,0.0,0.0,0.0,0.0,-0.08736251321607075
336,3,0.0,0.0,0.0,0.0,0.0
336,4,0.0,0.0,0.0,0.0,0.0
337,0,0.0,-0.00240341649445094,0.0,0.0,-9.032056005671116
337,1,0.0,0.0,-2.835664918540946e-06,0.0,-0.5679572191668263
337,2,0.0,0.0,0.0,0.0,-0.08736251321607075
337,3,0.0,0.0,0.0,0.0,0.0
337,4,0.0,0.0,0.0,0.0,0.0
338,0,0.0,-0.00240341649445094,0.0,0.0,-9.04498090113376
338,1,0.0,0.0,-2.835664918540946e-06,0.0,-0.5679572191668263
338,2,0.0,0.0,0.0,0.0,-0.08736251321607075
338,3,0.0,0.0,0.0,0.0,0.0
338,4,0.0,0.0,0.0,0.0,0.0
339,0,0.0,-0.00240341649445094,0.0,0.0,-9.070370786891552
339,1,0.0,0.0,-2.835664918540946e-06,0.0,-0.5679572191668263
339,2,0.0,0.0,0.0,0.0,-0.08736251321607075
339,3,0.0,0.0,0.0,0.0,0.0
339,4,0.0,0.0,0.0,0.0,0.0
340,0,0.0,-0.00240341649445094,0.0,0.0,-9.085684115421614
340,1,0.0,0.0,-2.835664918540946e-06,0.0,-0.5679572191668263
340,2,0.0,0.0,0.0,0.0,-0.08736251321607075
340,3,0.0,0.0,0.0,0.0,0.0
340,4,0.0,0.0,0.0,0.0,0.0
341,0,0.0,-0.00240341649445094,0.0,0.0,-9.110954487791288
341,1,0.0,0.0,-2.835664918540946e-06,0.0,-0.5679572191668263
341,2,0.0,0.0,0.0,0.0,-0.08736251321607075
341,3,0.0,0.0,0.0,0.0,0.0
341,4,0.0,0.0,0.0,0.0,0.0
342,0,0.0,-0.00240341649445094,0.0,0.0,-9.118662708665315
342,1,0.0,0.0,-2.835664918540946e-06,0.0,-0.5679572191668263
342,2,0.0,0.0,0.0,0.0,-0.08736251321607075
342,3,0.0,0.0,0.0,0.0,0.0
342,4,0.0,0.0,0.0,0.0,0.0
343,0,0.0,-0.00240341649445094,0.0,0.0,-9.126353421374676
343,1,0.0,0.0,-2.835664918540946e-06,0.0,-0.5679572191668263
343,2,0.0,0.0,0.0,0.0,-0.08736251321607075
343,3,0.0,0.0,0.0,0.0,0.0
343,4,0.0,0.0,0.0,0.0,0.0
344,0,0.0,-0.00240341649445094,0.0,0.0,-9.146512476146508
344,1,0.0,0.0,-2.835664918540946e-06,0.0,-0.5679572191668263
344,2,0.0,0.0,0.0,0.0,-0.08736251321607075
344,3,0.0,0.0,0.0,0.0,0.0
344,4,0.0,0.0,0.0,0.0,0.0
345,0,0.0,-0.00240341649445094,0.0,0.0,-9.15911242369448
345,1,0.0,0.0,-2.835664918540946e-06,0.0,-0.5679572191668263
345,2,0.0,0.0,0.0,0.0,-0.08736251321607075
345,3,0.0,0.0,0.0,0.0,0.0
345,4,0.0,0.0,0.0,0.0,0.0
346,0,0.0,-0.00240341649445094,0.0,0.0,-9.174178467123262
346,1,0.0,0.0,-2.835664918540946e-06,0.0,-0.5679572191668263
346,2,0.0,0.0,0.0,0.0,-0.08736251321607075
346,3,0.0,0.0,0.0,0.0,0.0
346,4,0.0,0.0,0.0,0.0,0.0
347,0,0.0,-0.00240341649445094,0.0,0.0,-9.181721694593724
347,1,0.0,0.0,-2.835664918540946e-06,0.0,-0.5679572191668263
347,2,0.0,0.0,0.0,0.0,-0.08736251321607075
347,3,0.0,0.0,0.0,0.0,0.0
347,4,0.0,0.0,0.0,0.0,0.0
348,0,0.0,-0.00240341649445094,0.0,0.0,-9.191728531743284
348,1,0.0,0.0,-2.835664918540946e-06,0.0,-0.5679572191668263
348,2,0.0,0.0,0.0,0.0,-0.08736251321607075
348,3,0.0,0.0,0.0,0.0,0.0
348,4,0.0,0.0,0.0,0.0,0.0
349,0,0.0,-0.00240341649445094,0.0,0.0,-9.20921009816605
349,1,0.0,0.0,-2.835664918540946e-06,0.0,-0.5679572191668263
349,2,0.0,0.0,0.0,0.0,-0.08736251321607075
349,3,0.0,0.0,0.0,0.0,0.0
349,4,0.0,0.0,0.0,0.0,0.0
350,0,0.0,-0.00240341649445094,0.0,0.0,-9.224141474928574
350,1,0.0,0.0,-2.835664918540946e-06,0.0,-0.5679572191668263
350,2,0.0,0.0,0.0,0.0,-0.08736251321607075
350,3,0.0,0.0,0.0,0.0,0.0
350,4,0.0,0.0,0.0,0.0,0.0
351,0,0.0,-0.00240341649445094,0.0,0.0,-9.236531166683497
351,1,0.0,0.0,-2.835664918540946e-06,0.0,-0.5679572191668263
351,2,0.0,0.0,0.0,0.0,-0.08736251321607075
351,3,0.0,0.0,0.0,0.0,0.0
351,4,0.0,0.0,0.0,0.0,0.0
352,0,0.0,-0.00240341649445094,0.0,0.0,-9.248887646190301
352,1,0.0,0.0,-2.835664918540946e-06,0.0,-0.5679572191668263
352,2,0.0,0.0,0.0,0.0,-0.08736251321607075
352,3,0.0,0.0,0.0,0.0,0.0
352,4,0.0,0.0,0.0,0.0,0.0
353,0,0.0,-0.00240341649445094,0.0,0.0,-9.258711021910512
353,1,0.0,0.0,-2.835664918540946e-06,0.0,-0.5679572191668263
353,2,0.0,0.0,0.0,0.0,-0.08736251321607075
353,3,0.0,0.0,0.0,0.0,0.0
353,4,0.0,0.0,0.0,0.0,0.0
354,0,0.0,-0.00240341649445094,0.0,0.0,-9.28100973444343
354,1,0.0,0.0,-2.835664918540946e-06,0.0,-0.5679572191668263
354,2,0.0,0.0,0.0,0.0,-0.08736251321607075
354,3,0.0,0.0,0.0,0.0,0.0
354,4,0.0,0.0,0.0,0.0,0.0
355,0,0.0,-0.00240341649445094,0.0,0.0,-9.293242197557156
355,1,0.0,0.0,-2.835664918540946e-06,0.0,-0.5679572191668263
355,2,0.0,0.0,0.0,0.0,-0.08736251321607075
355,3,0.0,0.0,0.0,0.0,0.0
355,4,0.0,0.0,0.0,0.0,0.0
356,0,0.0,-0.00240341649445094,0.0,0.0,-9.30794197376442
356,1,0.0,0.0,-2.835664918540946e-06,0.0,-0.5679572191668263
356,2,0.0,0.0,0.0,0.0,-0.08736251321607075
356,3,0.0,0.0,0.0,0.0,0.0
356,4,0.0,0.0,0.0,0.0,0.0
357,0,0.0,-0.00240341649445094,0.0,0.0,-9.320100837049836
357,1,0.0,0.0,-2.835664918540946e-06,0.0,-0.5679572191668263
357,2,0.0,0.0,0.0,0.0,-0.08736251321607075
357,3,0.0,0.0,0.0,0.0,0.0
357,4,0.0,0.0,0.0,0.0,0.0
358,0,0.0,-0.00240341649445094,0.0,0.0,-9.344727257319807
358,1,0.0,0.0,-2.835664918540946e-06,0.0,-0.5679572191668263
358,2,0.0,0.0,0.0,0.0,-0.08736251321607075
358,3,0.0,0.0,0.0,0.0,0.0
358,4,0.0,0.0,0.0,0.0,0.0
359,0,0.0,-0.00240341649445094,0.0,0.0,-9.366779677532204
359,1,0.0,0.0,-2.835664918540946e-06,0.0,-0.5679572191668263
359,2,0.0,0.0,0.0,0.0,-0.08736251321607075
359,3,0.0,0.0,0.0,0.0,0.0
359,4,0.0,0.0,0.0,0.0,0.0
360,0,0.0,-0.00240341649445094,0.0,0.0,-9.38376669167563
360,1,0.0,0.0,-2.835664918540946e-06,0.0,-0.5679572191668263
360,2,0.0,0.0,0.0,0.0,-0.08736251321607075
360,3,0.0,0.0,0.0,0.0,0.0
360,4,0.0,0.0,0.0,0.0,0.0
361,0,0.0,-0.00240341649445094,0.0,0.0,-9.39820519402034
361,1,0.0,0.0,-2.835664918540946e-06,0.0,-0.5679572191668263
361,2,0.0,0.0,0.0,0.0,-0.08736251321607075
361,3,0.0,0.0,0.0,0.0,0.0
361,4,0.0,0.0,0.0,0.0,0.0
362,0,0.0,-0.00240341649445094,0.0,0.0,-9.41510368293858
362,1,0.0,0.0,-2.835664918540946e-06,0.0,-0.5679572191668263
362,2,0.0,0.0,0.0,0.0,-0.08736251321607075
362,3,0.0,0.0,0.0,0.0,0.0
362,4,0.0,0.0,0.0,0.0,0.0
363,0,0.0,-0.00240341649445094,0.0,0.0,-9.42445395986969
363,1,0.0,0.0,-2.835664918540946e-06,0.0,-0.5679572191668263
363,2,0.0,0.0,0.0,0.0,-0.08736251321607075
363,3,0.0,0.0,0.0,0.0,0.0
363,4,0.0,0.0,0.0,0.0,0.0
364,0,0.0,-0.00240341649445094,0.0,0.0,-9.441281187129697
364,1,0.0,0.0,-2.835664918540946e-06,0.0,-0.5679572191668263
364,2,0.0,0.0,0.0,0.0,-0.08736251321607075
364,3,0.0,0.0,0.0,0.0,0.0
364,4,0.0,0.0,0.0,0.0,0.0
365,0,0.0,-0.00240341649445094,0.0,0.0,-9.46056043748875
365,1,0.0,0.0,-2.835664918540946e-06,0.0,-0.5679572191668263
365,2,0.0,0.0,0.0,0.0,-0.08736251321607075
365,3,0.0,0.0,0.0,0.0,0.0
365,4,0.0,0.0,0.0,0.0,0.0
366,0,0.0,-0.00240341649445094,0.0,0.0,-9.467356550561647
366,1,0.0,0.0,-2.835664918540946e-06,0.0,-0.5679572191668263
366,2,0.0,0.0,0.0,0.0,-0.08736251321607075
366,3,0.0,0.0,0.0,0.0,0.0
366,4,0.0,0.0,0.0,0.0,0.0
367,0,0.0,-0.00240341649445094,0.0,0.0,-9.48906501424469
367,1,0.0,0.0,-2.835664918540946e-06,0.0,-0.5679572191668263
367,2,0.0,0.0,0.0,0.0,-0.08736251321607075
367,3,0.0,0.0,0.0,0.0,0.0
367,4,0.0,0.0,0.0,0.0,0.0
368,0,0.0,-0.00240341649445094,0.0,0.0,-9.508209233533663
368,1,0.0,0.0,-2.835664918540946e-06,0.0,-0.5679572191668263
368,2,0.0,0.0,0.0,0.0,-0.08736251321607075
368,3,0.0,0.0,0.0,0.0,0.0
368,4,0.0,0.0,0.0,0.0,0.0
369,0,0.0,-0.00240341649445094,0.0,0.0,-9.529797765831148
369,1,0.0,0.0,-2.835664918540946e-06,0.0,-0.5679572191668263
369,2,0.0,0.0,0.0,0.0,-0.08736251321607075
369,3,0.0,0.0,0.0,0.0,0.0
369,4,0.0,0.0,0.0,0.0,0.0
370,0,0.0,-0.00240341649445094,0.0,0.0,-9.543822471370547
370,1,0.0,0.0,-2.835664918540946e-06,0.0,-0.5679572191668263
370,2,0.0,0.0,0.0,0.0,-0.08736251321607075
370,3,0.0,0.0,0.0,0.0,0.0
370,4,0.0,0.0,0.0,0.0,0.0
371,0,0.0,-0.00240341649445094,0.0,0.0,-9.567808571026667
371,1,0.0,0.0,-2.835664918540946e-06,0.0,-0.5679572191668263
371,2,0.0,0.0,0.0,0.0,-0.08736251321607075
371,3,0.0,0.0,0.0,0.0,0.0
371,4,0.0,0.0,0.0,0.0,0.0
372,0,0.0,-0.00240341649445094,0.0,0.0,-9.589222863361782
372,1,0.0,0.0,-2.835664918540946e-06,0.0,-0.5679572191668263
372,2,0.0,0.0,0.0,0.0,-0.08736251321607075
372,3,0.0,0.0,0.0,0.0,0.0
372,4,0.0,0.0,0.0,0.0,0.0
373,0,0.0,-0.00240341649445094,0.0,0.0,-9.59569557784178
373,1,0.0,0.0,-2.835664918540946e-06,0.0,-0.5679572191668263
373,2,0.0,0.0,0.0,0.0,-0.08736251321607075
373,3,0.0,0.0,0.0,0.0,0.0
373,4,0.0,0.0,0.0,0.0,0.0
374,0,0.0,-0.00240341649445094,0.0,0.0,-9.604533059012061
374,1,0.0,0.0,-2.835664918540946e-06,0.0,-0.5679572191668263
374,2,0.0,0.0,0.0,0.0,-0.08736251321607075
374,3,0.0,0.0,0.0,0.0,0.0
374,4,0.0,0.0,0.0,0.0,0.0
375,0,0.0,-0.00240341649445094,0.0,0.0,-9.628349237695046
375,1,0.0,0.0,-2.835664918540946e-06,0.0,-0.5679572191668263
375,2,0.0,0.0,0.0,0.0,-0.08736251321607075
375,3,0.0,0.0,0.0,0.0,0.0
375,4,0.0,0.0,0.0,0.0,0.0
376,0,0.0,-0.00240341649445094,0.0,0.0,-9.649594182501025
376,1,0.0,0.0,-2.835664918540946e-06,0.0,-0.5679572191668263
376,2,0.0,0.0,0.0,0.0,-0.08736251321607075
376,3,0.0,0.0,0.0,0.0,0.0
376,4,0.0,0.0,0.0,0.0,0.0
377,0,0.0,-0.00240341649445094,0.0,0.0,-9.665776477014525
377,1,0.0,0.0,-2.835664918540946e-06,0.0,-0.5679572191668263
377,2,0.0,0.0,0.0,0.0,-0.08736251321607075
377,3,0.0,0.0,0.0,0.0,0.0
377,4,0.0,0.0,0.0,0.0,0.0
378,0,0.0,-0.00240341649445094,0.0,0.0,-9.679413005143262
378,1,0.0,0.0,-2.835664918540946e-06,0.0,-0.5679572191668263
378,2,0.0,0.0,0.0,0.0,-0.08736251321607075
378,3,0.0,0.0,0.0,0.0,0.0
378,4,0.0,0.0,0.0,0.0,0.0
379,0,0.0,-0.00240341649445094,0.0,0.0,-9.695512254938278
379,1,0.0,0.0,-2.835664918540946e-06,0.0,-0.5679572191668263
379,2,0.0,0.0,0.0,0.0,-0.08736251321607075
379,3,0.0,0.0,0.0,0.0,0.0
379,4,0.0,0.0,0.0,0.0,0.0
380,0,0.0,-0.00240341649445094,0.0,0.0,-9.70656601755889
380,1,0.0,0.0,-2.835664918540946e-06,0.0,-0.5679572191668263
380,2,0.0,0.0,0.0,0.0,-0.08736251321607075
380,3,0.0,0.0,0.0,0.0,0.0
380,4,0.0,0.0,0.0,0.0,0.0
381,0,0.0,-0.00240341649445094,0.0,0.0,-9.727591112549744
381,1,0.0,0.0,-2.835664918540946e-06,0.0,-0.5679572191668263
381,2,0.0,0.0,0.0,0.0,-0.08736251321607075
381,3,0.0,0.0,0.0,0.0,0.0
381,4,0.0,0.0,0.0,0.0,0.0
382,0,0.0,-0.00240341649445094,0.0,0.0,-9.751054301194435
382,1,0.0,0.0,-2.835664918540946e-06,0.0,-0.5679572191668263
382,2,0.0,0.0,0.0,0.0,-0.08736251321607075
382,3,0.0,0.0,0.0,0.0,0.0
382,4,0.0,0.0,0.0,0.0,0.0
383,0,0.0,-0.00240341649445094,0.0,0.0,-9.764447467022917
383,1,0.0,0.0,-2.835664918540946e-06,0.0,-0.5679572191668263
383,2,0.0,0.0,0.0,0.0,-0.08736251321607075
383,3,0.0,0.0,0.0,0.0,0.0
383,4,0.0,0.0,0.0,0.0,0.0
384,0,0.0,-0.00240341649445094,0.0,0.0,-9.777804186645671
384,1,0.0,0.0,-2.835664918540946e-06,0.0,-0.5679572191668263
384,2,0.0,0.0,0.0,0.0,-0.08736251321607075
384,3,0.0,0.0,0.0,0.0,0.0
384,4,0.0,0.0,0.0,0.0,0.0
385,0,0.0,-0.00240341649445094,0.0,0.0,-9.793624580620861
385,1,0.0,0.0,-2.835664918540946e-06,0.0,-0.5679572191668263
385,2,0.0,0.0,0.0,0.0,-0.08736251321607075
385,3,0.0,0.0,0.0,0.0,0.0
385,4,0.0,0.0,0.0,0.0,0.0
386,0,0.0,-0.00240341649445094,0.0,0.0,-9.806900436531068
386,1,0.0,0.0,-2.835664918540946e-06,0.0,-0.5679572191668263
386,2,0.0,0.0,0.0,0.0,-0.08736251321607075
386,3,0.0,0.0,0.0,0.0,0.0
386,4,0.0,0.0,0.0,0.0,0.0
387,0,0.0,-0.00240341649445094,0.0,0.0,-9.830140237826104
387,1,0.0,0.0,-2.835664918540946e-06,0.0,-0.5679572191668263
387,2,0.0,0.0,0.0,0.0,-0.08736251321607075
387,3,0.0,0.0,0.0,0.0,0.0
387,4,0.0,0.0,0.0,0.0,0.0
388,0,0.0,-0.00240341649445094,0.0,0.0,-9.840810773485275
388,1,0.0,0.0,-2.835664918540946e-06,0.0,-0.5679572191668263
388,2,0.0,0.0,0.0,0.0,-0.08736251321607075
388,3,0.0,0.0,0.0,0.0,0.0
388,4,0.0,0.0,0.0,0.0,0.0
389,0,0.0,-0.00240341649445094,0.0,0.0,-9.846703524987879
389,1,0.0,0.0,-2.835664918540946e-06,0.0,-0.5679572191668263
389,2,0.0,0.0,0.0,0.0,-0.08736251321607075
389,3,0.0,0.0,0.0,0.0,0.0
389,4,0.0,0.0,0.0,0.0,0.0
390,0,0.0,-0.00240341649445094,0.0,0.0,-9.869834908134774
390,1,0.0,0.0,-2.835664918540946e-06,0.0,-0.5679572191668263
390,2,0.0,0.0,0.0,0.0,-0.08736251321607075
390,3,0.0,0.0,0.0,0.0,0.0
390,4,0.0,0.0,0.0,0.0,0.0
391,0,0.0,-0.00240341649445094,0.0,0.0,-9.877899939871138
391,1,0.0,0.0,-2.835664918540946e-06,0.0,-0.5679572191668263
391,2,0.0,0.0,0.0,0.0,-0.08736251321607075
391,3,0.0,0.0,0.0,0.0,0.0
391,4,0.0,0.0,0.0,0.0,0.0
392,0,0.0,-0.00240341649445094,0.0,0.0,-9.895943735608803
392,1,0.0,0.0,-2.835664918540946e-06,0.0,-0.5679572191668263
392,2,0.0,0.0,0.0,0.0,-0.08736251321607075
392,3,0.0,0.0,0.0,0.0,0.0
392,4,0.0,0.0,0.0,0.0,0.0
393,0,0.0,-0.00240341649445094,0.0,0.0,-9.901717659426469
393,1,0.0,0.0,-2.835664918540946e-06,0.0,-0.5679572191668263
393,2,0.0,0.0,0.0,0.0,-0.08736251321607075
393,3,0.0,0.0,0.0,0.0,0.0
393,4,0.0,0.0,0.0,0.0,0.0
394,0,0.0,-0.00240341649445094,0.0,0.0,-9.924698070368965
394,1,0.0,0.0,-2.835664918540946e-06,0.0,-0.5679572191668263
394,2,0.0,0.0,0.0,0.0,-0.08736251321607075
394,3,0.0,0.0,0.0,0.0,0.0
394,4,0.0,0.0,0.0,0.0,0.0
395,0,0.0,-0.00240341649445094,0.0,0.0,-9.930411060377887
395,1,0.0,0.0,-2.835664918540946e-06,0.0,-0.5679572191668263
395,2,0.0,0.0,0.0,0.0,-0.08736251321607075
395,3,0.0,0.0,0.0,0.0,0.0
395,4,0.0,0.0,0.0,0.0,0.0
396,0,0.0,-0.00240341649445094,0.0,0.0,-9.953311809150389
396,1,0.0,0.0,-2.835664918540946e-06,0.0,-0.5679572191668263
396,2,0.0,0.0,0.0,0.0,-0.08736251321607075
396,3,0.0,0.0,0.0,0.0,0.0
396,4,0.0,0.0,0.0,0.0,0.0
397,0,0.0,-0.00240341649445094,0.0,0.0,-9.963644423014571
397,1,0.0,0.0,-2.835664918540946e-06,0.0,-0.5679572191668263
397,2,0.0,0.0,0.0,0.0,-0.08736251321607075
397,3,0.0,0.0,0.0,0.0,0.0
397,4,0.0,0.0,0.0,0.0,0.0
398,0,0.0,-0.00240341649445094,0.0,0.0,-9.976450804091737
398,1,0.0,0.0,-2.835664918540946e-06,0.0,-0.5679572191668263
398,2,0.0,0.0,0.0,0.0,-0.08736251321607075
398,3,0.0,0.0,0.0,0.0,0.0
398,4,0.0,0.0,0.0,0.0,0.0
399,0,0.0,-0.00240341649445094,0.0,0.0,-9.99672270216996
399,1,0.0,0.0,-2.835664918540946e-06,0.0,-0.5679572191668263
399,2,0.0,0.0,0.0,0.0,-0.08736251321607075
399,3,0.0,0.0,0.0,0.0,0.0
399,4,0.0,0.0,0.0,0.0,0.0
400,0,0.0,-0.00240341649445094,0.0,0.0,-10.006935232926022
400,1,0.0,0.0,-2.835664918540946e-06,0.0,-0.5679572191668263
400,2,0.0,0.0,0.0,0.0,-0.08736251321607075
400,3,0.0,0.0,0.0,0.0,0.0
400,4,0.0,0.0,0.0,0.0,0.0
401,0,0.0,-0.00240341649445094,0.0,0.0,-10.01712193308077
401,1,0.0,0.0,-2.835664918540946e-06,0.0,-0.5679572191668263
401,2,0.0,0.0,0.0,0.0,-0.08736251321607075
401,3,0.0,0.0,0.0,0.0,0.0
401,4,0.0,0.0,0.0,0.0,0.0
402,0,0.0,-0.00240341649445094,0.0,0.0,-10.027282883461943
402,1,0.0,0.0,-2.835664918540946e-06,0.0,-0.5679572191668263
402,2,0.0,0.0,0.0,0.0,-0.08736251321607075
402,3,0.0,0.0,0.0,0.0,0.0
402,4,0.0,0.0,0.0,0.0,0.0
403,0,0.0,-0.00240341649445094,0.0,0.0,-10.042418164612616
403,1,0.0,0.0,-2.835664918540946e-06,0.0,-0.5679572191668263
403,2,0.0,0.0,0.0,0.0,-0.08736251321607075
403,3,0.0,0.0,0.0,0.0,0.0
403,4,0.0,0.0,0.0,0.0,0.0
404,0,0.0,-0.00240341649445094,0.0,0.0,-10.062511191727541
404,1,0.0,0.0,-2.835664918540946e-06,0.0,-0.5679572191668263
404,2,0.0,0.0,0.0,0.0,-0.08736251321607075
404,3,0.0,0.0,0.0,0.0,0.0
404,4,0.0,0.0,0.0,0.0,0.0
405,0,0.0,-0.00240341649445094,0.0,0.0,-10.067938986122787
405,1,0.0,0.0,-2.835664918540946e-06,0.0,-0.5679572191668263
405,2,0.0,0.0,0.0,0.0,-0.08736251321607075
405,3,0.0,0.0,0.0,0.0,0.0
405,4,0.0,0.0,0.0,0.0,0.0
406,0,0.0,-0.00240341649445094,0.0,0.0,-10.087962808597888
406,1,0.0,0.0,-2.835664918540946e-06,0.0,-0.5679572191668263
406,2,0.0,0.0,0.0,0.0,-0.08736251321607075
406,3,0.0,0.0,0.0,0.0,0.0
406,4,0.0,0.0,0.0,0.0,0.0
407,0,0.0,-0.00240341649445094,0.0,0.0,-10.100428083762475
407,1,0.0,0.0,-2.835664918540946e-06,0.0,-0.5679572191668263
407,2,0.0,0.0,0.0,0.0,-0.08736251321607075
407,3,0.0,0.0,0.0,0.0,0.0
407,4,0.0,0.0,0.0,0.0,0.0
408,0,0.0,-0.00240341649445094,0.0,0.0,-10.110360012788504
408,1,0.0,0.0,-2.835664918540946e-06,0.0,-0.5679572191668263
408,2,0.0,0.0,0.0,0.0,-0.08736251321607075
408,3,0.0,0.0,0.0,0.0,0.0
408,4,0.0,0.0,0.0,0.0,0.0
409,0,0.0,-0.00240341649445094,0.0,0.0,-10.127767037275387
409,1,0.0,0.0,-2.835664918540946e-06,0.0,-0.5679572191668263
409,2,0.0,0.0,0.0,0.0,-0.08736251321607075
409,3,0.0,0.0,0.0,0.0,0.0
409,4,0.0,0.0,0.0,0.0,0.0
410,0,0.0,-0.00240341649445094,0.0,0.0,-10.137624237051277
410,1,0.0,0.0,-2.835664918540946e-06,0.0,-0.5679572191668263
410,2,0.0,0.0,0.0,0.0,-0.08736251321607075
410,3,0.0,0.0,0.0,0.0,0.0
410,4,0.0,0.0,0.0,0.0,0.0
411,0,0.0,-0.00240341649445094,0.0,0.0,-10.152456780599127
411,1,0.0,0.0,-2.835664918540946e-06,0.0,-0.5679572191668263
411,2,0.0,0.0,0.0,0.0,-0.08736251321607075
411,3,0.0,0.0,0.0,0.0,0.0
411,4,0.0,0.0,0.0,0.0,0.0
412,0,0.0,-0.00240341649445094,0.0,0.0,-10.159769800310212
412,1,0.0,0.0,-2.835664918540946e-06,0.0,-0.5679572191668263
412,2,0.0,0.0,0.0,0.0,-0.08736251321607075
412,3,0.0,0.0,0.0,0.0,0.0
412,4,0.0,0.0,0.0,0.0,0.0
413,0,0.0,-0.00240341649445094,0.0,0.0,-10.177044884670067
413,1,0.0,0.0,-2.835664918540946e-06,0.0,-0.5679572191668263
413,2,0.0,0.0,0.0,0.0,-0.08736251321607075
413,3,0.0,0.0,0.0,0.0,0.0
413,4,0.0,0.0,0.0,0.0,0.0
414,0,0.0,-0.00240341649445094,0.0,0.0,-10.19427057543984
414,1,0.0,0.0,-2.835664918540946e-06,0.0,-0.5679572191668263
414,2,0.0,0.0,0.0,0.0,-0.08736251321607075
414,3,0.0,0.0,0.0,0.0,0.0
414,4,0.0,0.0,0.0,0.0,0.0
415,0,0.0,-0.00240341649445094,0.0,0.0,-10.208947041933666
415,1,0.0,0.0,-2.835664918540946e-06,0.0,-0.5679572191668263
415,2,0.0,0.0,0.0,0.0,-0.08736251321607075
415,3,0.0,0.0,0.0,0.0,0.0
415,4,0.0,0.0,0.0,0.0,0.0
416,0,0.0,-0.00240341649445094,0.0,0.0,-10.22608278535899
416,1,0.0,0.0,-2.835664918540946e-06,0.0,-0.5679572191668263
416,2,0.0,0.0,0.0,0.0,-0.08736251321607075
416,3,0.0,0.0,0.0,0.0,0.0
416,4,0.0,0.0,0.0,0.0,0.0
417,0,0.0,-0.00240341649445094,0.0,0.0,-10.248169609978055
417,1,0.0,0.0,-2.835664918540946e-06,0.0,-0.5679572191668263
417,2,0.0,0.0,0.0,0.0,-0.08736251321607075
417,3,0.0,0.0,0.0,0.0,0.0
417,4,0.0,0.0,0.0,0.0,0.0
418,0,0.0,-0.00240341649445094,0.0,0.0,-10.255228276844022
418,1,0.0,0.0,-2.835664918540946e-06,0.0,-0.5679572191668263
418,2,0.0,0.0,0.0,0.0,-0.08736251321607075
418,3,0.0,0.0,0.0,0.0,0.0
418,4,0.0,0.0,0.0,0.0,0.0
419,0,0.0,-0.00240341649445094,0.0,0.0,-10.27473431244539
419,1,0.0,0.0,-2.835664918540946e-06,0.0,-0.5679572191668263
419,2,0.0,0.0,0.0,0.0,-0.08736251321607075
419,3,0.0,0.0,0.0,0.0,0.0
419,4,0.0,0.0,0.0,0.0,0.0
420,0,0.0,-0.00240341649445094,0.0,0.0,-10.279749383550168
420,1,0.0,0.0,-2.835664918540946e-06,0.0,-0.5679572191668263
420,2,0.0,0.0,0.0,0.0,-0.08736251321607075
420,3,0.0,0.0,0.0,0.0,0.0
420,4,0.0,0.0,0.0,0.0,0.0
421,0,0.0,-0.00240341649445094,0.0,0.0,-10.28475528504911
421,1,0.0,0.0,-2.835664918540946e-06,0.0,-0.5679572191668263
421,2,0.0,0.0,0.0,0.0,-0.08736251321607075
421,3,0.0,0.0,0.0,0.0,0.0
421,4,0.0,0.0,0.0,0.0,0.0
422,0,0.0,-0.00240341649445094,0.0,0.0,-10.294186019311388
422,1,0.0,0.0,-2.835664918540946e-06,0.0,-0.5679572191668263
422,2,0.0,0.0,0.0,0.0,-0.08736251321607075
422,3,0.0,0.0,0.0,0.0,0.0
422,4,0.0,0.0,0.0,0.0,0.0
423,0,0.0,-0.00240341649445094,0.0,0.0,-10.303593510722319
423,1,0.0,0.0,-2.835664918540946e-06,0.0,-0.5679572191668263
423,2,0.0,0.0,0.0,0.0,-0.08736251321607075
423,3,0.0,0.0,0.0,0.0,0.0
423,4,0.0,0.0,0.0,0.0,0.0
424,0,0.0,-0.00240341649445094,0.0,0.0,-10.317977830577393
424,1,0.0,0.0,-2.835664918540946e-06,0.0,-0.5679572191668263
424,2,0.0,0.0,0.0,0.0,-0.08736251321607075
424,3,0.0,0.0,0.0,0.0,0.0
424,4,0.0,0.0,0.0,0.0,0.0
425,0,0.0,-0.00240341649445094,0.0,0.0,-10.33732238486019
425,1,0.0,0.0,-2.835664918540946e-06,0.0,-0.5679572191668263
425,2,0.0,0.0,0.0,0.0,-0.08736251321607075
425,3,0.0,0.0,0.0,0.0,0.0
425,4,0.0,0.0,0.0,0.0,0.0
426,0,0.0,-0.00240341649445094,0.0,0.0,-10.349110641796003
426,1,0.0,0.0,-2.835664918540946e-06,0.0,-0.5679572191668263
426,2,0.0,0.0,0.0,0.0,-0.08736251321607075
426,3,0.0,0.0,0.0,0.0,0.0
426,4,0.0,0.0,0.0,0.0,0.0
427,0,0.0,-0.00240341649445094,0.0,0.0,-10.353987654488046
427,1,0.0,0.0,-2.835664918540946e-06,0.0,-0.5679572191668263
427,2,0.0,0.0,0.0,0.0,-0.08736251321607075
427,3,0.0,0.0,0.0,0.0,0.0
427,4,0.0,0.0,0.0,0.0,0.0
428,0,0.0,-0.00240341649445094,0.0,0.0,-10.363235923644702
428,1,0.0,0.0,-2.835664918540946e-06,0.0,-0.5679572191668263
428,2,0.0,0.0,0.0,0.0,-0.08736251321607075
428,3,0.0,0.0,0.0,0.0,0.0
428,4,0.0,0.0,0.0,0.0,0.0
429,0,0.0,-0.00240341649445094,0.0,0.0,-10.382461541782751
429,1,0.0,0.0,-2.835664918540946e-06,0.0,-0.5679572191668263
429,2,0.0,0.0,0.0,0.0,-0.08736251321607075
429,3,0.0,0.0,0.0,0.0,0.0
429,4,0.0,0.0,0.0,0.0,0.0
430,0,0.0,-0.00240341649445094,0.0,0.0,-10.39913124791932
430,1,0.0,0.0,-2.835664918540946e-06,0.0,-0.5679572191668263
430,2,0.0,0.0,0.0,0.0,-0.08736251321607075
430,3,0.0,0.0,0.0,0.0,0.0
430,4,0.0,0.0,0.0,0.0,0.0
431,0,0.0,-0.00240341649445094,0.0,0.0,-10.41575356847047
431,1,0.0,0.0,-2.835664918540946e-06,0.0,-0.5679572191668263
431,2,0.0,0.0,0.0,0.0,-0.08736251321607075
431,3,0.0,0.0,0.0,0.0,0.0
431,4,0.0,0.0,0.0,0.0,0.0
432,0,0.0,-0.00240341649445094,0.0,0.0,-10.437328665338146
432,1,0.0,0.0,-2.835664918540946e-06,0.0,-0.5679572191668263
432,2,0.0,0.0,0.0,0.0,-0.08736251321607075
432,3,0.0,0.0,0.0,0.0,0.0
432,4,0.0,0.0,0.0,0.0,0.0
433,0,0.0,-0.00240341649445094,0.0,0.0,-10.448840034749722
433,1,0.0,0.0,-2.835664918540946e-06,0.0,-0.5679572191668263
433,2,0.0,0.0,0.0,0.0,-0.08736251321607075
433,3,0.0,0.0,0.0,0.0,0.0
433,4,0.0,0.0,0.0,0.0,0.0
434,0,0.0,-0.00240341649445094,0.0,0.0,-10.460321230007299
434,1,0.0,0.0,-2.835664918540946e-06,0.0,-0.5679572191668263
434,2,0.0,0.0,0.0,0.0,-0.08736251321607075
434,3,0.0,0.0,0.0,0.0,0.0
434,4,0.0,0.0,0.0,0.0,0.0
435,0,0.0,-0.00240341649445094,0.0,0.0,-10.464999342148877
435,1,0.0,0.0,-2.835664918540946e-06,0.0,-0.5679572191668263
435,2,0.0,0.0,0.0,0.0,-0.08736251321607075
435,3,0.0,0.0,0.0,0.0,0.0
435,4,0.0,0.0,0.0,0.0,0.0
436,0,0.0,-0.00240341649445094,0.0,0.0,-10.469669182270275
436,1,0.0,0.0,-2.835664918540946e-06,0.0,-0.5679572191668263
436,2,0.0,0.0,0.0,0.0,-0.08736251321607075
436,3,0.0,0.0,0.0,0.0,0.0
436,4,0.0,0.0,0.0,0.0,0.0
437,0,0.0,-0.00240341649445094,0.0,0.0,-10.483603641750411
437,1,0.0,0.0,-2.835664918540946e-06,0.0,-0.5679572191668263
437,2,0.0,0.0,0.0,0.0,-0.08736251321607075
437,3,0.0,0.0,0.0,0.0,0.0
437,4,0.0,0.0,0.0,0.0,0.0
438,0,0.0,-0.00240341649445094,0.0,0.0,-10.50249982575207
438,1,0.0,0.0,-2.835664918540946e-06,0.0,-0.5679572191668263
438,2,0.0,0.0,0.0,0.0,-0.08736251321607075
438,3,0.0,0.0,0.0,0.0,0.0
438,4,0.0,0.0,0.0,0.0,0.0
439,0,0.0,-0.00240341649445094,0.0,0.0,-10.523841197001937
439,1,0.0,0.0,-2.835664918540946e-06,0.0,-0.5679572191668263
439,2,0.0,0.0,0.0,0.0,-0.08736251321607075
439,3,0.0,0.0,0.0,0.0,0.0
439,4,0.0,0.0,0.0,0.0,0.0
440,0,0.0,-0.00240341649445094,0.0,0.0,-10.53511961277348
440,1,0.0,0.0,-2.835664918540946e-06,0.0,-0.5679572191668263
440,2,0.0,0.0,0.0,0.0,-0.08736251321607075
440,3,0.0,0.0,0.0,0.0,0.0
440,4,0.0,0.0,0.0,0.0,0.0
441,0,0.0,-0.00240341649445094,0.0,0.0,-10.541475511735914
441,1,0.0,0.0,-2.835664918540946e-06,0.0,-0.5679572191668263
441,2,0.0,0.0,0.0,0.0,-0.08736251321607075
441,3,0.0,0.0,0.0,0.0,0.0
441,4,0.0,0.0,0.0,0.0,0.0
442,0,0.0,-0.00240341649445094,0.0,0.0,-10.555211364149386
442,1,0.0,0.0,-2.835664918540946e-06,0.0,-0.5679572191668263
442,2,0.0,0.0,0.0,0.0,-0.08736251321607075
442,3,0.0,0.0,0.0,0.0,0.0
442,4,0.0,0.0,0.0,0.0,0.0
443,0,0.0,-0.00240341649445094,0.0,0.0,-10.568909607661793
443,1,0.0,0.0,-2.835664918540946e-06,0.0,-0.5679572191668263
443,2,0.0,0.0,0.0,0.0,-0.08736251321607075
443,3,0.0,0.0,0.0,0.0,0.0
443,4,0.0,0.0,0.0,0.0,0.0
444,0,0.0,-0.00240341649445094,0.0,0.0,-10.57518714089897
444,1,0.0,0.0,-2.835664918540946e-06,0.0,-0.5679572191668263
444,2,0.0,0.0,0.0,0.0,-0.08736251321607075
444,3,0.0,0.0,0.0,0.0,0.0
444,4,0.0,0.0,0.0,0.0,0.0
445,0,0.0,-0.00240341649445094,0.0,0.0,-10.58383498007307
445,1,0.0,0.0,-2.835664918540946e-06,0.0,-0.5679572191668263
445,2,0.0,0.0,0.0,0.0,-0.08736251321607075
445,3,0.0,0.0,0.0,0.0,0.0
445,4,0.0,0.0,0.0,0.0,0.0
446,0,0.0,-0.00240341649445094,0.0,0.0,-10.588298429777574
446,1,0.0,0.0,-2.835664918540946e-06,0.0,-0.5679572191668263
446,2,0.0,0.0,0.0,0.0,-0.08736251321607075
446,3,0.0,0.0,0.0,0.0,0.0
446,4,0.0,0.0,0.0,0.0,0.0
447,0,0.0,-0.00240341649445094,0.0,0.0,-10.594536242531653
447,1,0.0,0.0,-2.835664918540946e-06,0.0,-0.5679572191668263
447,2,0.0,0.0,0.0,0.0,-0.08736251321607075
447,3,0.0,0.0,0.0,0.0,0.0
447,4,0.0,0.0,0.0,0.0,0.0
448,0,0.0,-0.00240341649445094,0.0,0.0,-10.598980559123698
448,1,0.0,0.0,-2.835664918540946e-06,0.0,-0.5679572191668263
448,2,0.0,0.0,0.0,0.0,-0.08736251321607075
448,3,0.0,0.0,0.0,0.0,0.0
448,4,0.0,0.0,0.0,0.0,0.0
449,0,0.0,-0.00240341649445094,0.0,0.0,-10.605197959363622
449,1,0.0,0.0,-2.835664918540946e-06,0.0,-0.5679572191668263
449,2,0.0,0.0,0.0,0.0,-0.08736251321607075
449,3,0.0,0.0,0.0,0.0,0.0
449,4,0.0,0.0,0.0,0.0,0.0
450,0,0.0,-0.00240341649445094,0.0,0.0,-10.618784051837752
450,1,0.0,0.0,-2.835664918540946e-06,0.0,-0.5679572191668263
450,2,0.0,0.0,0.0,0.0,-0.08736251321607075
450,3,0.0,0.0,0.0,0.0,0.0
450,4,0.0,0.0,0.0,0.0,0.0
451,0,0.0,-0.00240341649445094,0.0,0.0,-10.62733298011774
451,1,0.0,0.0,-2.835664918540946e-06,0.0,-0.5679572191668263
451,2,0.0,0.0,0.0,0.0,-0.08736251321607075
451,3,0.0,0.0,0.0,0.0,0.0
451,4,0.0,0.0,0.0,0.0,0.0
452,0,0.0,-0.00240341649445094,0.0,0.0,-10.63836153306983
452,1,0.0,0.0,-2.835664918540946e-06,0.0,-0.5679572191668263
452,2,0.0,0.0,0.0,0.0,-0.08736251321607075
452,3,0.0,0.0,0.0,0.0,0.0
452,4,0.0,0.0,0.0,0.0,0.0
453,0,0.0,-0.00240341649445094,0.0,0.0,-10.659361439017001
453,1,0.0,0.0,-2.835664918540946e-06,0.0,-0.5679572191668263
453,2,0.0,0.0,0.0,0.0,-0.08736251321607075
453,3,0.0,0.0,0.0,0.0,0.0
453,4,0.0,0.0,0.0,0.0,0.0
454,0,0.0,-0.00240341649445094,0.0,0.0,-10.667799459722694
454,1,0.0,0.0,-2.835664918540946e-06,0.0,-0.5679572191668263
454,2,0.0,0.0,0.0,0.0,-0.08736251321607075
454,3,0.0,0.0,0.0,0.0,0.0
454,4,0.0,0.0,0.0,0.0,0.0
455,0,0.0,-0.00240341649445094,0.0,0.0,-10.676217474386887
455,1,0.0,0.0,-2.835664918540946e-06,0.0,-0.5679572191668263
455,2,0.0,0.0,0.0,0.0,-0.08736251321607075
455,3,0.0,0.0,0.0,0.0,0.0
455,4,0.0,0.0,0.0,0.0,0.0
456,0,0.0,-0.00240341649445094,0.0,0.0,-10.689615542498585
456,1,0.0,0.0,-2.835664918540946e-06,0.0,-0.5679572191668263
456,2,0.0,0.0,0.0,0.0,-0.08736251321607075
456,3,0.0,0.0,0.0,0.0,0.0
456,4,0.0,0.0,0.0,0.0,0.0
457,0,0.0,-0.00240341649445094,0.0,0.0,-10.695625785630687
457,1,0.0,0.0,-2.835664918540946e-06,0.0,-0.5679572191668263
457,2,0.0,0.0,0.0,0.0,-0.08736251321607075
457,3,0.0,0.0,0.0,0.0,0.0
457,4,0.0,0.0,0.0,0.0,0.0
458,0,0.0,-0.00240341649445094,0.0,0.0,-10.71647515835868
458,1,0.0,0.0,-2.835664918540946e-06,0.0,-0.5679572191668263
458,2,0.0,0.0,0.0,0.0,-0.08736251321607075
458,3,0.0,0.0,0.0,0.0,0.0
458,4,0.0,0.0,0.0,0.0,0.0
459,0,0.0,-0.00240341649445094,0.0,0.0,-10.727263133522762
459,1,0.0,0.0,-2.835664918540946e-06,0.0,-0.5679572191668263
459,2,0.0,0.0,0.0,0.0,-0.08736251321607075
459,3,0.0,0.0,0.0,0.0,0.0
459,4,0.0,0.0,0.0,0.0,0.0
460,0,0.0,-0.00240341649445094,0.0,0.0,-10.740523256021316
460,1,0.0,0.0,-2.835664918540946e-06,0.0,-0.5679572191668263
460,2,0.0,0.0,0.0,0.0,-0.08736251321607075
460,3,0.0,0.0,0.0,0.0,0.0
460,4,0.0,0.0,0.0,0.0,0.0
461,0,0.0,-0.00240341649445094,0.0,0.0,-10.751247282292598
461,1,0.0,0.0,-2.835664918540946e-06,0.0,-0.5679572191668263
461,2,0.0,0.0,0.0,0.0,-0.08736251321607075
461,3,0.0,0.0,0.0,0.0,0.0
461,4,0.0,0.0,0.0,0.0,0.0
462,0,0.0,-0.00240341649445094,0.0,0.0,-10.755429696871392
462,1,0.0,0.0,-2.835664918540946e-06,0.0,-0.5679572191668263
462,2,0.0,0.0,0.0,0.0,-0.08736251321607075
462,3,0.0,0.0,0.0,0.0,0.0
462,4,0.0,0.0,0.0,0.0,0.0
463,0,0.0,-0.00240341649445094,0.0,0.0,-10.773619027598716
463,1,0.0,0.0,-2.835664918540946e-06,0.0,-0.5679572191668263
463,2,0.0,0.0,0.0,0.0,-0.08736251321607075
463,3,0.0,0.0,0.0,0.0,0.0
463,4,0.0,0.0,0.0,0.0,0.0
464,0,0.0,-0.00240341649445094,0.0,0.0,-10.781755842177667
464,1,0.0,0.0,-2.835664918540946e-06,0.0,-0.5679572191668263
464,2,0.0,0.0,0.0,0.0,-0.08736251321607075
464,3,0.0,0.0,0.0,0.0,0.0
464,4,0.0,0.0,0.0,0.0,0.0
465,0,0.0,-0.00240341649445094,0.0,0.0,-10.799873607622214
465,1,0.0,0.0,-2.835664918540946e-06,0.0,-0.5679572191668263
465,2,0.0,0.0,0.0,0.0,-0.08736251321607075
465,3,0.0,0.0,0.0,0.0,0.0
465,4,0.0,0.0,0.0,0.0,0.0
466,0,0.0,-0.00240341649445094,0.0,0.0,-10.810439072134887
466,1,0.0,0.0,-2.835664918540946e-06,0.0,-0.5679572191668263
466,2,0.0,0.0,0.0,0.0,-0.08736251321607075
466,3,0.0,0.0,0.0,0.0,0.0
466,4,0.0,0.0,0.0,0.0,0.0
467,0,0.0,-0.00240341649445094,0.0,0.0,-10.82847741402532
467,1,0.0,0.0,-2.835664918540946e-06,0.0,-0.5679572191668263
467,2,0.0,0.0,0.0,0.0,-0.08736251321607075
467,3,0.0,0.0,0.0,0.0,0.0
467,4,0.0,0.0,0.0,0.0,0.0
468,0,0.0,-0.00240341649445094,0.0,0.0,-10.838963721990687
468,1,0.0,0.0,-2.835664918540946e-06,0.0,-0.5679572191668263
468,2,0.0,0.0,0.0,0.0,-0.08736251321607075
468,3,0.0,0.0,0.0,0.0,0.0
468,4,0.0,0.0,0.0,0.0,0.0
469,0,0.0,-0.00240341649445094,0.0,0.0,-10.851923173345618
469,1,0.0,0.0,-2.835664918540946e-06,0.0,-0.5679572191668263
469,2,0.0,0.0,0.0,0.0,-0.08736251321607075
469,3,0.0,0.0,0.0,0.0,0.0
469,4,0.0,0.0,0.0,0.0,0.0
470,0,0.0,-0.00240341649445094,0.0,0.0,-10.864847520860934
470,1,0.0,0.0,-2.835664918540946e-06,0.0,-0.5679572191668263
470,2,0.0,0.0,0.0,0.0,-0.08736251321607075
470,3,0.0,0.0,0.0,0.0,0.0
470,4,0.0,0.0,0.0,0.0,0.0
471,0,0.0,-0.00240341649445094,0.0,0.0,-10.885236880779075
471,1,0.0,0.0,-2.835664918540946e-06,0.0,-0.5679572191668263
471,2,0.0,0.0,0.0,0.0,-0.08736251321607075
471,3,0.0,0.0,0.0,0.0,0.0
471,4,0.0,0.0,0.0,0.0,0.0
472,0,0.0,-0.00240341649445094,0.0,0.0,-10.905566371316858
472,1,0.0,0.0,-2.835664918540946e-06,0.0,-0.5679572191668263
472,2,0.0,0.0,0.0,0.0,-0.08736251321607075
472,3,0.0,0.0,0.0,0.0,0.0
472,4,0.0,0.0,0.0,0.0,0.0
473,0,0.0,-0.00240341649445094,0.0,0.0,-10.911100660115993
473,1,0.0,0.0,-2.835664918540946e-06,0.0,-0.5679572191668263
473,2,0.0,0.0,0.0,0.0,-0.08736251321607075
473,3,0.0,0.0,0.0,0.0,0.0
473,4,0.0,0.0,0.0,0.0,0.0
474,0,0.0,-0.00240341649445094,0.0,0.0,-10.923859783709144
474,1,0.0,0.0,-2.835664918540946e-06,0.0,-0.5679572191668263
474,2,0.0,0.0,0.0,0.0,-0.08736251321607075
474,3,0.0,0.0,0.0,0.0,0.0
474,4,0.0,0.0,0.0,0.0,0.0
475,0,0.0,-0.00240341649445094,0.0,0.0,-10.93658447893408
475,1,0.0,0.0,-2.835664918540946e-06,0.0,-0.5679572191668263
475,2,0.0,0.0,0.0,0.0,-0.08736251321607075
475,3,0.0,0.0,0.0,0.0,0.0
475,4,0.0,0.0,0.0,0.0,0.0
476,0,0.0,-0.00240341649445094,0.0,0.0,-10.942054644272615
476,1,0.0,0.0,-2.835664918540946e-06,0.0,-0.5679572191668263
476,2,0.0,0.0,0.0,0.0,-0.08736251321607075
476,3,0.0,0.0,0.0,0.0,0.0
476,4,0.0,0.0,0.0,0.0,0.0
477,0,0.0,-0.00240341649445094,0.0,0.0,-10.947514408569042
477,1,0.0,0.0,-2.835664918540946e-06,0.0,-0.5679572191668263
477,2,0.0,0.0,0.0,0.0,-0.08736251321607075
477,3,0.0,0.0,0.0,0.0,0.0
477,4,0.0,0.0,0.0,0.0,0.0
478,0,0.0,-0.00240341649445094,0.0,0.0,-10.960183765052179
478,1,0.0,0.0,-2.835664918540946e-06,0.0,-0.5679572191668263
478,2,0.0,0.0,0.0,0.0,-0.08736251321607075
478,3,0.0,0.0,0.0,0.0,0.0
478,4,0.0,0.0,0.0,0.0,0.0
479,0,0.0,-0.00240341649445094,0.0,0.0,-10.977818970912972
479,1,0.0,0.0,-2.835664918540946e-06,0.0,-0.5679572191668263
479,2,0.0,0.0,0.0,0.0,-0.08736251321607075
479,3,0.0,0.0,0.0,0.0,0.0
479,4,0.0,0.0,0.0,0.0,0.0
480,0,0.0,-0.00240341649445094,0.0,0.0,-10.990403473829897
480,1,0.0,0.0,-2.835664918540946e-06,0.0,-0.5679572191668263
480,2,0.0,0.0,0.0,0.0,-0.08736251321607075
480,3,0.0,0.0,0.0,0.0,0.0
480,4,0.0,0.0,0.0,0.0,0.0
481,0,0.0,-0.00240341649445094,0.0,0.0,-11.010454113684036
481,1,0.0,0.0,-2.835664918540946e-06,0.0,-0.5679572191668263
481,2,0.0,0.0,0.0,0.0,-0.08736251321607075
481,3,0.0,0.0,0.0,0.0,0.0
481,4,0.0,0.0,0.0,0.0,0.0
482,0,0.0,-0.00240341649445094,0.0,0.0,-11.025446004543602
482,1,0.0,0.0,-2.835664918540946e-06,0.0,-0.5679572191668263
482,2,0.0,0.0,0.0,0.0,-0.08736251321607075
482,3,0.0,0.0,0.0,0.0,0.0
482,4,0.0,0.0,0.0,0.0,0.0
483,0,0.0,-0.00240341649445094,0.0,0.0,-11.02920733402439
483,1,0.0,0.0,-2.835664918540946e-06,0.0,-0.5679572191668263
483,2,0.0,0.0,0.0,0.0,-0.08736251321607075
483,3,0.0,0.0,0.0,0.0,0.0
483,4,0.0,0.0,0.0,0.0,0.0
484,0,0.0,-0.00240341649445094,0.0,0.0,-11.039151373490512
484,1,0.0,0.0,-2.835664918540946e-06,0.0,-0.5679572191668263
484,2,0.0,0.0,0.0,0.0,-0.08736251321607075
484,3,0.0,0.0,0.0,0.0,0.0
484,4,0.0,0.0,0.0,0.0,0.0
485,0,0.0,-0.00240341649445094,0.0,0.0,-11.042891446149675
485,1,0.0,0.0,-2.835664918540946e-06,0.0,-0.5679572191668263
485,2,0.0,0.0,0.0,0.0,-0.08736251321607075
485,3,0.0,0.0,0.0,0.0,0.0
485,4,0.0,0.0,0.0,0.0,0.0
486,0,0.0,-0.00240341649445094,0.0,0.0,-11.050310064002005
486,1,0.0,0.0,-2.835664918540946e-06,0.0,-0.5679572191668263
486,2,0.0,0.0,0.0,0.0,-0.08736251321607075
486,3,0.0,0.0,0.0,0.0,0.0
486,4,0.0,0.0,0.0,0.0,0.0
487,0,0.0,-0.00240341649445094,0.0,0.0,-11.060206454638395
487,1,0.0,0.0,-2.835664918540946e-06,0.0,-0.5679572191668263
487,2,0.0,0.0,0.0,0.0,-0.08736251321607075
487,3,0.0,0.0,0.0,0.0,0.0
487,4,0.0,0.0,0.0,0.0,0.0
488,0,0.0,-0.00240341649445094,0.0,0.0,-11.070077922240923
488,1,0.0,0.0,-2.835664918540946e-06,0.0,-0.5679572191668263
488,2,0.0,0.0,0.0,0.0,-0.08736251321607075
488,3,0.0,0.0,0.0,0.0,0.0
488,4,0.0,0.0,0.0,0.0,0.0
489,0,0.0,-0.00240341649445094,0.0,0.0,-11.082424545023748
489,1,0.0,0.0,-2.835664918540946e-06,0.0,-0.5679572191668263
489,2,0.0,0.0,0.0,0.0,-0.08736251321607075
489,3,0.0,0.0,0.0,0.0,0.0
489,4,0.0,0.0,0.0,0.0,0.0
490,0,0.0,-0.0029327202357223073,0.0,0.0,-11.082424545023748
490,1,0.0,0.0,-2.835664918540946e-06,0.0,-0.5973196943956294
490,2,0.0,0.0,0.0,0.0,-0.08736251321607075
490,3,0.0,0.0,0.0,0.0,0.0
490,4,0.0,0.0,0.0,0.0,0.0
491,0,0.0,-0.0029327202357223073,0.0,0.0,-11.102238068391722
491,1,0.0,0.0,-2.835664918540946e-06,0.0,-0.5973196943956294
491,2,0.0,0.0,0.0,0.0,-0.08736251321607075
491,3,0.0,0.0,0.0,0.0,0.0
491,4,0.0,0.0,0.0,0.0,0.0
492,0,0.0,-0.0029327202357223073,0.0,0.0,-11.1194936036531
492,1,0.0,0.0,-2.835664918540946e-06,0.0,-0.5973196943956294
492,2,0.0,0.0,0.0,0.0,-0.08736251321607075
492,3,0.0,0.0,0.0,0.0,0.0
492,4,0.0,0.0,0.0,0.0,0.0
493,0,0.0,-0.0029327202357223073,0.0,0.0,-11.129199685577749
493,1,0.0,0.0,-2.835664918540946e-06,0.0,-0.5973196943956294
493,2,0.0,0.0,0.0,0.0,-0.08736251321607075
493,3,0.0,0.0,0.0,0.0,0.0
493,4,0.0,0.0,0.0,0.0,0.0
494,0,0.0,-0.0029327202357223073,0.0,0.0,-11.132807373471973
494,1,0.0,0.0,-2.835664918540946e-06,0.0,-0.5973196943956294
494,2,0.0,0.0,0.0,0.0,-0.08736251321607075
494,3,0.0,0.0,0.0,0.0,0.0
494,4,0.0,0.0,0.0,0.0,0.0
495,0,0.0,-0.0029327202357223073,0.0,0.0,-11.149983574252287
495,1,0.0,0.0,-2.835664918540946e-06,0.0,-0.5973196943956294
495,2,0.0,0.0,0.0,0.0,-0.08736251321607075
495,3,0.0,0.0,0.0,0.0,0.0
495,4,0.0,0.0,0.0,0.0,0.0
496,0,0.0,-0.0029327202357223073,0.0,0.0,-11.162110578386738
496,1,0.0,0.0,-2.835664918540946e-06,0.0,-0.5973196943956294
496,2,0.0,0.0,0.0,0.0,-0.08736251321607075
496,3,0.0,0.0,0.0,0.0,0.0
496,4,0.0,0.0,0.0,0.0,0.0
497,0,0.0,-0.0029327202357223073,0.0,0.0,-11.174205220225636
497,1,0.0,0.0,-2.835664918540946e-06,0.0,-0.5973196943956294
497,2,0.0,0.0,0.0,0.0,-0.08736251321607075
497,3,0.0,0.0,0.0,0.0,0.0
497,4,0.0,0.0,0.0,0.0,0.0
498,0,0.0,-0.0029327202357223073,0.0,0.0,-11.191267605925207
498,1,0.0,0.0,-2.835664918540946e-06,0.0,-0.5973196943956294
498,2,0.0,0.0,0.0,0.0,-0.08736251321607075
498,3,0.0,0.0,0.0,0.0,0.0
498,4,0.0,0.0,0.0,0.0,0.0
499,0,0.0,-0.0029327202357223073,0.0,0.0,-11.196234079902156
499,1,0.0,0.0,-2.835664918540946e-06,0.0,-0.5973196943956294
499,2,0.0,0.0,0.0,0.0,-0.08736251321607075
499,3,0.0,0.0,0.0,0.0,0.0
499,4,0.0,0.0,0.0,0.0,0.0
500,0,0.0,-0.0029327202357223073,0.0,0.0,-11.210738552439425
500,1,0.0,0.0,-2.835664918540946e-06,0.0,-0.5973196943956294
500,2,0.0,0.0,0.0,0.0,-0.08736251321607075
500,3,0.0,0.0,0.0,0.0,0.0
500,4,0.0,0.0,0.0,0.0,0.0
501,0,0.0,-0.0029327202357223073,0.0,0.0,-11.227702730837189
501,1,0.0,0.0,-2.835664918540946e-06,0.0,-0.5973196943956294
501,2,0.0,0.0,0.0,0.0,-0.08736251321607075
501,3,0.0,0.0,0.0,0.0,0.0
501,4,0.0,0.0,0.0,0.0,0.0
502,0,0.0,-0.0029327202357223073,0.0,0.0,-11.247118418496607
502,1,0.0,0.0,-2.835664918540946e-06,0.0,-0.5973196943956294
502,2,0.0,0.0,0.0,0.0,-0.08736251321607075
502,3,0.0,0.0,0.0,0.0,0.0
502,4,0.0,0.0,0.0,0.0,0.0
503,0,0.0,-0.0029327202357223073,0.0,0.0,-11.261477449554759
503,1,0.0,0.0,-2.835664918540946e-06,0.0,-0.5973196943956294
503,2,0.0,0.0,0.0,0.0,-0.08736251321607075
503,3,0.0,0.0,0.0,0.0,0.0
503,4,0.0,0.0,0.0,0.0,0.0
504,0,0.0,-0.0029327202357223073,0.0,0.0,-11.266312853603978
504,1,0.0,0.0,-2.835664918540946e-06,0.0,-0.5973196943956294
504,2,0.0,0.0,0.0,0.0,-0.08736251321607075
504,3,0.0,0.0,0.0,0.0,0.0
504,4,0.0,0.0,0.0,0.0,0.0
505,0,0.0,-0.0029327202357223073,0.0,0.0,-11.285623361101813
505,1,0.0,0.0,-2.835664918540946e-06,0.0,-0.5973196943956294
505,2,0.0,0.0,0.0,0.0,-0.08736251321607075
505,3,0.0,0.0,0.0,0.0,0.0
505,4,0.0,0.0,0.0,0.0,0.0
506,0,0.0,-0.0029327202357223073,0.0,0.0,-11.29041488134229
506,1,0.0,0.0,-2.835664918540946e-06,0.0,-0.5973196943956294
506,2,0.0,0.0,0.0,0.0,-0.08736251321607075
506,3,0.0,0.0,0.0,0.0,0.0
506,4,0.0,0.0,0.0,0.0,0.0
507,0,0.0,-0.0029327202357223073,0.0,0.0,-11.297189915702985
507,1,0.0,0.0,-2.835664918540946e-06,0.0,-0.5973196943956294
507,2,0.0,0.0,0.0,0.0,-0.08736251321607075
507,3,0.0,0.0,0.0,0.0,0.0
507,4,0.0,0.0,0.0,0.0,0.0
508,0,0.0,-0.0029327202357223073,0.0,0.0,-11.301960134561662
508,1,0.0,0.0,-2.835664918540946e-06,0.0,-0.5973196943956294
508,2,0.0,0.0,0.0,0.0,-0.08736251321607075
508,3,0.0,0.0,0.0,0.0,0.0
508,4,0.0,0.0,0.0,0.0,0.0
509,0,0.0,-0.0029327202357223073,0.0,0.0,-11.318682598929577
509,1,0.0,0.0,-2.835664918540946e-06,0.0,-0.5973196943956294
509,2,0.0,0.0,0.0,0.0,-0.08736251321607075
509,3,0.0,0.0,0.0,0.0,0.0
509,4,0.0,0.0,0.0,0.0,0.0
510,0,0.0,-0.0029327202357223073,0.0,0.0,-11.325390146281832
510,1,0.0,0.0,-2.835664918540946e-06,0.0,-0.5973196943956294
510,2,0.0,0.0,0.0,0.0,-0.08736251321607075
510,3,0.0,0.0,0.0,0.0,0.0
510,4,0.0,0.0,0.0,0.0,0.0
511,0,0.0,-0.0029327202357223073,0.0,0.0,-11.33208348280545
511,1,0.0,0.0,-2.835664918540946e-06,0.0,-0.5973196943956294
511,2,0.0,0.0,0.0,0.0,-0.08736251321607075
511,3,0.0,0.0,0.0,0.0,0.0
511,4,0.0,0.0,0.0,0.0,0.0
512,0,0.0,-0.0029327202357223073,0.0,0.0,-11.335405035281802
512,1,0.0,0.0,-2.835664918540946e-06,0.0,-0.5973196943956294
512,2,0.0,0.0,0.0,0.0,-0.08736251321607075
512,3,0.0,0.0,0.0,0.0,0.0
512,4,0.0,0.0,0.0,0.0,0.0
513,0,0.0,-0.0029327202357223073,0.0,0.0,-11.354546215931789
513,1,0.0,0.0,-2.835664918540946e-06,0.0,-0.5973196943956294
513,2,0.0,0.0,0.0,0.0,-0.08736251321607075
513,3,0.0,0.0,0.0,0.0,0.0
513,4,0.0,0.0,0.0,0.0,0.0
514,0,0.0,-0.0029327202357223073,0.0,0.0,-11.37113161553751
514,1,0.0,0.0,-2.835664918540946e-06,0.0,-0.5973196943956294
514,2,0.0,0.0,0.0,0.0,-0.08736251321607075
514,3,0.0,0.0,0.0,0.0,0.0
514,4,0.0,0.0,0.0,0.0,0.0
515,0,0.0,-0.0029327202357223073,0.0,0.0,-11.385169760760048
515,1,0.0,0.0,-2.835664918540946e-06,0.0,-0.5973196943956294
515,2,0.0,0.0,0.0,0.0,-0.08736251321607075
515,3,0.0,0.0,0.0,0.0,0.0
515,4,0.0,0.0,0.0,0.0,0.0
516,0,0.0,-0.0029327202357223073,0.0,0.0,-11.391713041222532
516,1,0.0,0.0,-2.835664918540946e-06,0.0,-0.5973196943956294
516,2,0.0,0.0,0.0,0.0,-0.08736251321607075
516,3,0.0,0.0,0.0,0.0,0.0
516,4,0.0,0.0,0.0,0.0,0.0
517,0,0.0,-0.0029327202357223073,0.0,0.0,-11.398242637328153
517,1,0.0,0.0,-2.835664918540946e-06,0.0,-0.5973196943956294
517,2,0.0,0.0,0.0,0.0,-0.08736251321607075
517,3,0.0,0.0,0.0,0.0,0.0
517,4,0.0,0.0,0.0,0.0,0.0
518,0,0.0,-0.0029327202357223073,0.0,0.0,-11.41471437101314
518,1,0.0,0.0,-2.835664918540946e-06,0.0,-0.5973196943956294
518,2,0.0,0.0,0.0,0.0,-0.08736251321607075
518,3,0.0,0.0,0.0,0.0,0.0
518,4,0.0,0.0,0.0,0.0,0.0
519,0,0.0,-0.0029327202357223073,0.0,0.0,-11.421187479037416
519,1,0.0,0.0,-2.835664918540946e-06,0.0,-0.5973196943956294
519,2,0.0,0.0,0.0,0.0,-0.08736251321607075
519,3,0.0,0.0,0.0,0.0,0.0
519,4,0.0,0.0,0.0,0.0,0.0
520,0,0.0,-0.0029327202357223073,0.0,0.0,-11.424387907115854
520,1,0.0,0.0,-2.835664918540946e-06,0.0,-0.5973196943956294
520,2,0.0,0.0,0.0,0.0,-0.08736251321607075
520,3,0.0,0.0,0.0,0.0,0.0
520,4,0.0,0.0,0.0,0.0,0.0
521,0,0.0,-0.0029327202357223073,0.0,0.0,-11.440794520657137
521,1,0.0,0.0,-2.835664918540946e-06,0.0,-0.5973196943956294
521,2,0.0,0.0,0.0,0.0,-0.08736251321607075
521,3,0.0,0.0,0.0,0.0,0.0
521,4,0.0,0.0,0.0,0.0,0.0
522,0,0.0,-0.0029327202357223073,0.0,0.0,-11.447207116170716
522,1,0.0,0.0,-2.835664918540946e-06,0.0,-0.5973196943956294
522,2,0.0,0.0,0.0,0.0,-0.08736251321607075
522,3,0.0,0.0,0.0,0.0,0.0
522,4,0.0,0.0,0.0,0.0,0.0
523,0,0.0,-0.0029327202357223073,0.0,0.0,-11.450371979051285
523,1,0.0,0.0,-2.835664918540946e-06,0.0,-0.5973196943956294
523,2,0.0,0.0,0.0,0.0,-0.08736251321607075
523,3,0.0,0.0,0.0,0.0,0.0
523,4,0.0,0.0,0.0,0.0,0.0
524,0,0.0,-0.0029327202357223073,0.0,0.0,-11.469213944011061
524,1,0.0,0.0,-2.835664918540946e-06,0.0,-0.5973196943956294
524,2,0.0,0.0,0.0,0.0,-0.08736251321607075
524,3,0.0,0.0,0.0,0.0,0.0
524,4,0.0,0.0,0.0,0.0,0.0
525,0,0.0,-0.0029327202357223073,0.0,0.0,-11.480501097116152
525,1,0.0,0.0,-2.835664918540946e-06,0.0,-0.5973196943956294
525,2,0.0,0.0,0.0,0.0,-0.08736251321607075
525,3,0.0,0.0,0.0,0.0,0.0
525,4,0.0,0.0,0.0,0.0,0.0
526,0,0.0,-0.0029327202357223073,0.0,0.0,-11.486819438339412
526,1,0.0,0.0,-2.835664918540946e-06,0.0,-0.5973196943956294
526,2,0.0,0.0,0.0,0.0,-0.08736251321607075
526,3,0.0,0.0,0.0,0.0,0.0
526,4,0.0,0.0,0.0,0.0,0.0
527,0,0.0,-0.0029327202357223073,0.0,0.0,-11.493124792500488
527,1,0.0,0.0,-2.835664918540946e-06,0.0,-0.5973196943956294
527,2,0.0,0.0,0.0,0.0,-0.08736251321607075
527,3,0.0,0.0,0.0,0.0,0.0
527,4,0.0,0.0,0.0,0.0,0.0
528,0,0.0,-0.0029327202357223073,0.0,0.0,-11.509356045065681
528,1,0.0,0.0,-2.835664918540946e-06,0.0,-0.5973196943956294
528,2,0.0,0.0,0.0,0.0,-0.08736251321607075
528,3,0.0,0.0,0.0,0.0,0.0
528,4,0.0,0.0,0.0,0.0,0.0
529,0,0.0,-0.0029327202357223073,0.0,0.0,-11.528041174377222
529,1,0.0,0.0,-2.835664918540946e-06,0.0,-0.5973196943956294
529,2,0.0,0.0,0.0,0.0,-0.08736251321607075
529,3,0.0,0.0,0.0,0.0,0.0
529,4,0.0,0.0,0.0,0.0,0.0
530,0,0.0,-0.0029327202357223073,0.0,0.0,-11.544172005971474
530,1,0.0,0.0,-2.835664918540946e-06,0.0,-0.5973196943956294
530,2,0.0,0.0,0.0,0.0,-0.08736251321607075
530,3,0.0,0.0,0.0,0.0,0.0
530,4,0.0,0.0,0.0,0.0,0.0
531,0,0.0,-0.0029327202357223073,0.0,0.0,-11.550334967382698
531,1,0.0,0.0,-2.835664918540946e-06,0.0,-0.5973196943956294
531,2,0.0,0.0,0.0,0.0,-0.08736251321607075
531,3,0.0,0.0,0.0,0.0,0.0
531,4,0.0,0.0,0.0,0.0,0.0
532,0,0.0,-0.0029327202357223073,0.0,0.0,-11.563907358754985
532,1,0.0,0.0,-2.835664918540946e-06,0.0,-0.5973196943956294
532,2,0.0,0.0,0.0,0.0,-0.08736251321607075
532,3,0.0,0.0,0.0,0.0,0.0
532,4,0.0,0.0,0.0,0.0,0.0
533,0,0.0,-0.0029327202357223073,0.0,0.0,-11.579942495922932
533,1,0.0,0.0,-2.835664918540946e-06,0.0,-0.5973196943956294
533,2,0.0,0.0,0.0,0.0,-0.08736251321607075
533,3,0.0,0.0,0.0,0.0,0.0
533,4,0.0,0.0,0.0,0.0,0.0
534,0,0.0,-0.0029327202357223073,0.0,0.0,-11.586020284063407
534,1,0.0,0.0,-2.835664918540946e-06,0.0,-0.5973196943956294
534,2,0.0,0.0,0.0,0.0,-0.08736251321607075
534,3,0.0,0.0,0.0,0.0,0.0
534,4,0.0,0.0,0.0,0.0,0.0
535,0,0.0,-0.0029327202357223073,0.0,0.0,-11.590288330596291
535,1,0.0,0.0,-2.835664918540946e-06,0.0,-0.5973196943956294
535,2,0.0,0.0,0.0,0.0,-0.08736251321607075
535,3,0.0,0.0,0.0,0.0,0.0
535,4,0.0,0.0,0.0,0.0,0.0
536,0,0.0,-0.0029327202357223073,0.0,0.0,-11.60875837582582
536,1,0.0,0.0,-2.835664918540946e-06,0.0,-0.5973196943956294
536,2,0.0,0.0,0.0,0.0,-0.08736251321607075
536,3,0.0,0.0,0.0,0.0,0.0
536,4,0.0,0.0,0.0,0.0,0.0
537,0,0.0,-0.0029327202357223073,0.0,0.0,-11.614770746524202
537,1,0.0,0.0,-2.835664918540946e-06,0.0,-0.5973196943956294
537,2,0.0,0.0,0.0,0.0,-0.08736251321607075
537,3,0.0,0.0,0.0,0.0,0.0
537,4,0.0,0.0,0.0,0.0,0.0
538,0,0.0,-0.0029327202357223073,0.0,0.0,-11.623174998252246
538,1,0.0,0.0,-2.835664918540946e-06,0.0,-0.5973196943956294
538,2,0.0,0.0,0.0,0.0,-0.08736251321607075
538,3,0.0,0.0,0.0,0.0,0.0
538,4,0.0,0.0,0.0,0.0,0.0
539,0,0.0,-0.0029327202357223073,0.0,0.0,-11.626108339849031
539,1,0.0,0.0,-2.835664918540946e-06,0.0,-0.5973196943956294
539,2,0.0,0.0,0.0,0.0,-0.08736251321607075
539,3,0.0,0.0,0.0,0.0,0.0
539,4,0.0,0.0,0.0,0.0,0.0
540,0,0.0,-0.0029327202357223073,0.0,0.0,-11.636988584628128
540,1,0.0,0.0,-2.835664918540946e-06,0.0,-0.5973196943956294
540,2,0.0,0.0,0.0,0.0,-0.08736251321607075
540,3,0.0,0.0,0.0,0.0,0.0
540,4,0.0,0.0,0.0,0.0,0.0
541,0,0.0,-0.0029327202357223073,0.0,0.0,-11.65284051954712
541,1,0.0,0.0,-2.835664918540946e-06,0.0,-0.5973196943956294
541,2,0.0,0.0,0.0,0.0,-0.08736251321607075
541,3,0.0,0.0,0.0,0.0,0.0
541,4,0.0,0.0,0.0,0.0,0.0
542,0,0.0,-0.0029327202357223073,0.0,0.0,-11.65573591584694
542,1,0.0,0.0,-2.835664918540946e-06,0.0,-0.5973196943956294
542,2,0.0,0.0,0.0,0.0,-0.08736251321607075
542,3,0.0,0.0,0.0,0.0,0.0
542,4,0.0,0.0,0.0,0.0,0.0
543,0,0.0,-0.0029327202357223073,0.0,0.0,-11.669039094123884
543,1,0.0,0.0,-2.835664918540946e-06,0.0,-0.5973196943956294
543,2,0.0,0.0,0.0,0.0,-0.08736251321607075
543,3,0.0,0.0,0.0,0.0,0.0
543,4,0.0,0.0,0.0,0.0,0.0
544,0,0.0,-0.0029327202357223073,0.0,0.0,-11.677305880806069
544,1,0.0,0.0,-2.835664918540946e-06,0.0,-0.5973196943956294
544,2,0.0,0.0,0.0,0.0,-0.08736251321607075
544,3,0.0,0.0,0.0,0.0,0.0
544,4,0.0,0.0,0.0,0.0,0.0
545,0,0.0,-0.0029327202357223073,0.0,0.0,-11.683166660002348
545,1,0.0,0.0,-2.835664918540946e-06,0.0,-0.5973196943956294
545,2,0.0,0.0,0.0,0.0,-0.08736251321607075
545,3,0.0,0.0,0.0,0.0,0.0
545,4,0.0,0.0,0.0,0.0,0.0
546,0,0.0,-0.0029327202357223073,0.0,0.0,-11.701402085689011
546,1,0.0,0.0,-2.835664918540946e-06,0.0,-0.5973196943956294
546,2,0.0,0.0,0.0,0.0,-0.08736251321607075
546,3,0.0,0.0,0.0,0.0,0.0
546,4,0.0,0.0,0.0,0.0,0.0
547,0,0.0,-0.0029327202357223073,0.0,0.0,-11.70958466507143
547,1,0.0,0.0,-2.835664918540946e-06,0.0,-0.5973196943956294
547,2,0.0,0.0,0.0,0.0,-0.08736251321607075
547,3,0.0,0.0,0.0,0.0,0.0
547,4,0.0,0.0,0.0,0.0,0.0
548,0,0.0,-0.0029327202357223073,0.0,0.0,-11.7277479117218
548,1,0.0,0.0,-2.835664918540946e-06,0.0,-0.5973196943956294
548,2,0.0,0.0,0.0,0.0,-0.08736251321607075
548,3,0.0,0.0,0.0,0.0,0.0
548,4,0.0,0.0,0.0,0.0,0.0
549,0,0.0,-0.0029327202357223073,0.0,0.0,-11.738358553278008
549,1,0.0,0.0,-2.835664918540946e-06,0.0,-0.5973196943956294
549,2,0.0,0.0,0.0,0.0,-0.08736251321607075
549,3,0.0,0.0,0.0,0.0,0.0
549,4,0.0,0.0,0.0,0.0,0.0
550,0,0.0,-0.0029327202357223073,0.0,0.0,-11.756441769883615
550,1,0.0,0.0,-2.835664918540946e-06,0.0,-0.5973196943956294
550,2,0.0,0.0,0.0,0.0,-0.08736251321607075
550,3,0.0,0.0,0.0,0.0,0.0
550,4,0.0,0.0,0.0,0.0,0.0
551,0,0.0,-0.0029327202357223073,0.0,0.0,-11.774472652060142
551,1,0.0,0.0,-2.835664918540946e-06,0.0,-0.5973196943956294
551,2,0.0,0.0,0.0,0.0,-0.08736251321607075
551,3,0.0,0.0,0.0,0.0,0.0
551,4,0.0,0.0,0.0,0.0,0.0
552,0,0.0,-0.0029327202357223073,0.0,0.0,-11.78495138133993
552,1,0.0,0.0,-2.835664918540946e-06,0.0,-0.5973196943956294
552,2,0.0,0.0,0.0,0.0,-0.08736251321607075
552,3,0.0,0.0,0.0,0.0,0.0
552,4,0.0,0.0,0.0,0.0,0.0
553,0,0.0,-0.0029327202357223073,0.0,0.0,-11.800403136160519
553,1,0.0,0.0,-2.835664918540946e-06,0.0,-0.5973196943956294
553,2,0.0,0.0,0.0,0.0,-0.08736251321607075
553,3,0.0,0.0,0.0,0.0,0.0
553,4,0.0,0.0,0.0,0.0,0.0
554,0,0.0,-0.0029327202357223073,0.0,0.0,-11.818311337876592
554,1,0.0,0.0,-2.835664918540946e-06,0.0,-0.5973196943956294
554,2,0.0,0.0,0.0,0.0,-0.08736251321607075
554,3,0.0,0.0,0.0,0.0,0.0
554,4,0.0,0.0,0.0,0.0,0.0
555,0,0.0,-0.0029327202357223073,0.0,0.0,-11.83616780255175
555,1,0.0,0.0,-2.835664918540946e-06,0.0,-0.5973196943956294
555,2,0.0,0.0,0.0,0.0,-0.08736251321607075
555,3,0.0,0.0,0.0,0.0,0.0
555,4,0.0,0.0,0.0,0.0,0.0
556,0,0.0,-0.0029327202357223073,0.0,0.0,-11.840043190032134
556,1,0.0,0.0,-2.835664918540946e-06,0.0,-0.5973196943956294
556,2,0.0,0.0,0.0,0.0,-0.08736251321607075
556,3,0.0,0.0,0.0,0.0,0.0
556,4,0.0,0.0,0.0,0.0,0.0
557,0,0.0,-0.0029327202357223073,0.0,0.0,-11.85284187508532
557,1,0.0,0.0,-2.835664918540946e-06,0.0,-0.5973196943956294
557,2,0.0,0.0,0.0,0.0,-0.08736251321607075
557,3,0.0,0.0,0.0,0.0,0.0
557,4,0.0,0.0,0.0,0.0,0.0
558,0,0.0,-0.0029327202357223073,0.0,0.0,-11.863105858486842
558,1,0.0,0.0,-2.835664918540946e-06,0.0,-0.5973196943956294
558,2,0.0,0.0,0.0,0.0,-0.08736251321607075
558,3,0.0,0.0,0.0,0.0,0.0
558,4,0.0,0.0,0.0,0.0,0.0
559,0,0.0,-0.0029327202357223073,0.0,0.0,-11.875843588169756
559,1,0.0,0.0,-2.835664918540946e-06,0.0,-0.5973196943956294
559,2,0.0,0.0,0.0,0.0,-0.08736251321607075
559,3,0.0,0.0,0.0,0.0,0.0
559,4,0.0,0.0,0.0,0.0,0.0
560,0,0.0,-0.0029327202357223073,0.0,0.0,-11.893546815331037
560,1,0.0,0.0,-2.835664918540946e-06,0.0,-0.5973196943956294
560,2,0.0,0.0,0.0,0.0,-0.08736251321607075
560,3,0.0,0.0,0.0,0.0,0.0
560,4,0.0,0.0,0.0,0.0,0.0
561,0,0.0,-0.0029327202357223073,0.0,0.0,-11.89733642143023
561,1,0.0,0.0,-2.835664918540946e-06,0.0,-0.5973196943956294
561,2,0.0,0.0,0.0,0.0,-0.08736251321607075
561,3,0.0,0.0,0.0,0.0,0.0
561,4,0.0,0.0,0.0,0.0,0.0
562,0,0.0,-0.0029327202357223073,0.0,0.0,-11.912482588793264
562,1,0.0,0.0,-2.835664918540946e-06,0.0,-0.5973196943956294
562,2,0.0,0.0,0.0,0.0,-0.08736251321607075
562,3,0.0,0.0,0.0,0.0,0.0
562,4,0.0,0.0,0.0,0.0,0.0
563,0,0.0,-0.0029327202357223073,0.0,0.0,-11.916244242941469
563,1,0.0,0.0,-2.835664918540946e-06,0.0,-0.5973196943956294
563,2,0.0,0.0,0.0,0.0,-0.08736251321607075
563,3,0.0,0.0,0.0,0.0,0.0
563,4,0.0,0.0,0.0,0.0,0.0
564,0,0.0,-0.0029327202357223073,0.0,0.0,-11.92384221863436
564,1,0.0,0.0,-2.835664918540946e-06,0.0,-0.5973196943956294
564,2,0.0,0.0,0.0,0.0,-0.08736251321607075
564,3,0.0,0.0,0.0,0.0,0.0
564,4,0.0,0.0,0.0,0.0,0.0
565,0,0.0,-0.0029327202357223073,0.0,0.0,-11.927585856011527
565,1,0.0,0.0,-2.835664918540946e-06,0.0,-0.5973196943956294
565,2,0.0,0.0,0.0,0.0,-0.08736251321607075
565,3,0.0,0.0,0.0,0.0,0.0
565,4,0.0,0.0,0.0,0.0,0.0
566,0,0.0,-0.0029327202357223073,0.0,0.0,-11.945160275226455
566,1,0.0,0.0,-2.835664918540946e-06,0.0,-0.5973196943956294
566,2,0.0,0.0,0.0,0.0,-0.08736251321607075
566,3,0.0,0.0,0.0,0.0,0.0
566,4,0.0,0.0,0.0,0.0,0.0
567,0,0.0,-0.0029327202357223073,0.0,0.0,-11.95518404861376
567,1,0.0,0.0,-2.835664918540946e-06,0.0,-0.5973196943956294
567,2,0.0,0.0,0.0,0.0,-0.08736251321607075
567,3,0.0,0.0,0.0,0.0,0.0
567,4,0.0,0.0,0.0,0.0,0.0
568,0,0.0,-0.0029327202357223073,0.0,0.0,-11.970182349043194
568,1,0.0,0.0,-2.835664918540946e-06,0.0,-0.5973196943956294
568,2,0.0,0.0,0.0,0.0,-0.08736251321607075
568,3,0.0,0.0,0.0,0.0,0.0
568,4,0.0,0.0,0.0,0.0,0.0
569,0,0.0,-0.0029327202357223073,0.0,0.0,-11.985138592323649
569,1,0.0,0.0,-2.835664918540946e-06,0.0,-0.5973196943956294
569,2,0.0,0.0,0.0,0.0,-0.08736251321607075
569,3,0.0,0.0,0.0,0.0,0.0
569,4,0.0,0.0,0.0,0.0,0.0
570,0,0.0,-0.0029327202357223073,0.0,0.0,-11.9950529215272
570,1,0.0,0.0,-2.835664918540946e-06,0.0,-0.5973196943956294
570,2,0.0,0.0,0.0,0.0,-0.08736251321607075
570,3,0.0,0.0,0.0,0.0,0.0
570,4,0.0,0.0,0.0,0.0,0.0
571,0,0.0,-0.0029327202357223073,0.0,0.0,-12.004942144252313
571,1,0.0,0.0,-2.835664918540946e-06,0.0,-0.5973196943956294
571,2,0.0,0.0,0.0,0.0,-0.08736251321607075
571,3,0.0,0.0,0.0,0.0,0.0
571,4,0.0,0.0,0.0,0.0,0.0
572,0,0.0,-0.0029327202357223073,0.0,0.0,-12.010090871219711
572,1,0.0,0.0,-2.835664918540946e-06,0.0,-0.5973196943956294
572,2,0.0,0.0,0.0,0.0,-0.08736251321607075
572,3,0.0,0.0,0.0,0.0,0.0
572,4,0.0,0.0,0.0,0.0,0.0
573,0,0.0,-0.0029327202357223073,0.0,0.0,-12.027445446745936
573,1,0.0,0.0,-2.835664918540946e-06,0.0,-0.5973196943956294
573,2,0.0,0.0,0.0,0.0,-0.08736251321607075
573,3,0.0,0.0,0.0,0.0,0.0
573,4,0.0,0.0,0.0,0.0,0.0
574,0,0.0,-0.0029327202357223073,0.0,0.0,-12.042250099688395
574,1,0.0,0.0,-2.835664918540946e-06,0.0,-0.5973196943956294
574,2,0.0,0.0,0.0,0.0,-0.08736251321607075
574,3,0.0,0.0,0.0,0.0,0.0
574,4,0.0,0.0,0.0,0.0,0.0
575,0,0.0,-0.0029327202357223073,0.0,0.0,-12.045822877362927
575,1,0.0,0.0,-2.835664918540946e-06,0.0,-0.5973196943956294
575,2,0.0,0.0,0.0,0.0,-0.08736251321607075
575,3,0.0,0.0,0.0,0.0,0.0
575,4,0.0,0.0,0.0,0.0,0.0
576,0,0.0,-0.0029327202357223073,0.0,0.0,-12.04939015444376
576,1,0.0,0.0,-2.835664918540946e-06,0.0,-0.5973196943956294
576,2,0.0,0.0,0.0,0.0,-0.08736251321607075
576,3,0.0,0.0,0.0,0.0,0.0
576,4,0.0,0.0,0.0,0.0,0.0
577,0,0.0,-0.0029327202357223073,0.0,0.0,-12.059142452583965
577,1,0.0,0.0,-2.835664918540946e-06,0.0,-0.5973196943956294
577,2,0.0,0.0,0.0,0.0,-0.08736251321607075
577,3,0.0,0.0,0.0,0.0,0.0
577,4,0.0,0.0,0.0,0.0,0.0
578,0,0.0,-0.0029327202357223073,0.0,0.0,-12.073870159788342
578,1,0.0,0.0,-2.835664918540946e-06,0.0,-0.5973196943956294
578,2,0.0,0.0,0.0,0.0,-0.08736251321607075
578,3,0.0,0.0,0.0,0.0,0.0
578,4,0.0,0.0,0.0,0.0,0.0
579,0,0.0,-0.0029327202357223073,0.0,0.0,-12.07739731064431
579,1,0.0,0.0,-2.835664918540946e-06,0.0,-0.5973196943956294
579,2,0.0,0.0,0.0,0.0,-0.08736251321607075
579,3,0.0,0.0,0.0,0.0,0.0
579,4,0.0,0.0,0.0,0.0,0.0
580,0,0.0,-0.0029327202357223073,0.0,0.0,-12.080919060677301
580,1,0.0,0.0,-2.835664918540946e-06,0.0,-0.5973196943956294
580,2,0.0,0.0,0.0,0.0,-0.08736251321607075
580,3,0.0,0.0,0.0,0.0,0.0
580,4,0.0,0.0,0.0,0.0,0.0
581,0,0.0,-0.0029327202357223073,0.0,0.0,-12.083288072483956
581,1,0.0,0.0,-2.835664918540946e-06,0.0,-0.5973196943956294
581,2,0.0,0.0,0.0,0.0,-0.08736251321607075
581,3,0.0,0.0,0.0,0.0,0.0
581,4,0.0,0.0,0.0,0.0,0.0
582,0,0.0,-0.0029327202357223073,0.0,0.0,-12.09796126482347
582,1,0.0,0.0,-2.835664918540946e-06,0.0,-0.5973196943956294
582,2,0.0,0.0,0.0,0.0,-0.08736251321607075
582,3,0.0,0.0,0.0,0.0,0.0
582,4,0.0,0.0,0.0,0.0,0.0
583,0,0.0,-0.0029327202357223073,0.0,0.0,-12.112593441239415
583,1,0.0,0.0,-2.835664918540946e-06,0.0,-0.5973196943956294
583,2,0.0,0.0,0.0,0.0,-0.08736251321607075
583,3,0.0,0.0,0.0,0.0,0.0
583,4,0.0,0.0,0.0,0.0,0.0
584,0,0.0,-0.0029327202357223073,0.0,0.0,-12.117535241716777
584,1,0.0,0.0,-2.835664918540946e-06,0.0,-0.5973196943956294
584,2,0.0,0.0,0.0,0.0,-0.08736251321607075
584,3,0.0,0.0,0.0,0.0,0.0
584,4,0.0,0.0,0.0,0.0,0.0
585,0,0.0,-0.0029327202357223073,0.0,0.0,-12.134617493828506
585,1,0.0,0.0,-2.835664918540946e-06,0.0,-0.5973196943956294
585,2,0.0,0.0,0.0,0.0,-0.08736251321607075
585,3,0.0,0.0,0.0,0.0,0.0
585,4,0.0,0.0,0.0,0.0,0.0
586,0,0.0,-0.0029327202357223073,0.0,0.0,-12.139516914869589
586,1,0.0,0.0,-2.835664918540946e-06,0.0,-0.5973196943956294
586,2,0.0,0.0,0.0,0.0,-0.08736251321607075
586,3,0.0,0.0,0.0,0.0,0.0
586,4,0.0,0.0,0.0,0.0,0.0
587,0,0.0,-0.0029327202357223073,0.0,0.0,-12.146546689706247
587,1,0.0,0.0,-2.835664918540946e-06,0.0,-0.5973196943956294
587,2,0.0,0.0,0.0,0.0,-0.08736251321607075
587,3,0.0,0.0,0.0,0.0,0.0
587,4,0.0,0.0,0.0,0.0,0.0
588,0,0.0,-0.0029327202357223073,0.0,0.0,-12.153560990148677
588,1,0.0,0.0,-2.835664918540946e-06,0.0,-0.5973196943956294
588,2,0.0,0.0,0.0,0.0,-0.08736251321607075
588,3,0.0,0.0,0.0,0.0,0.0
588,4,0.0,0.0,0.0,0.0,0.0
589,0,0.0,-0.0029327202357223073,0.0,0.0,-12.168054194835088
589,1,0.0,0.0,-2.835664918540946e-06,0.0,-0.5973196943956294
589,2,0.0,0.0,0.0,0.0,-0.08736251321607075
589,3,0.0,0.0,0.0,0.0,0.0
589,4,0.0,0.0,0.0,0.0,0.0
590,0,0.0,-0.0029327202357223073,0.0,0.0,-12.180006960333063
590,1,0.0,0.0,-2.835664918540946e-06,0.0,-0.5973196943956294
590,2,0.0,0.0,0.0,0.0,-0.08736251321607075
590,3,0.0,0.0,0.0,0.0,0.0
590,4,0.0,0.0,0.0,0.0,0.0
591,0,0.0,-0.0029327202357223073,0.0,0.0,-12.189427756388463
591,1,0.0,0.0,-2.835664918540946e-06,0.0,-0.5973196943956294
591,2,0.0,0.0,0.0,0.0,-0.08736251321607075
591,3,0.0,0.0,0.0,0.0,0.0
591,4,0.0,0.0,0.0,0.0,0.0
592,0,0.0,-0.0029327202357223073,0.0,0.0,-12.19882502098768
592,1,0.0,0.0,-2.835664918540946e-06,0.0,-0.5973196943956294
592,2,0.0,0.0,0.0,0.0,-0.08736251321607075
592,3,0.0,0.0,0.0,0.0,0.0
592,4,0.0,0.0,0.0,0.0,0.0
593,0,0.0,-0.0029327202357223073,0.0,0.0,-12.202175250764363
593,1,0.0,0.0,-2.835664918540946e-06,0.0,-0.5973196943956294
593,2,0.0,0.0,0.0,0.0,-0.08736251321607075
593,3,0.0,0.0,0.0,0.0,0.0
593,4,0.0,0.0,0.0,0.0,0.0
594,0,0.0,-0.0029327202357223073,0.0,0.0,-12.214044110071733
594,1,0.0,0.0,-2.835664918540946e-06,0.0,-0.5973196943956294
594,2,0.0,0.0,0.0,0.0,-0.08736251321607075
594,3,0.0,0.0,0.0,0.0,0.0
594,4,0.0,0.0,0.0,0.0,0.0
595,0,0.0,-0.0029327202357223073,0.0,0.0,-12.228381261735626
595,1,0.0,0.0,-2.835664918540946e-06,0.0,-0.5973196943956294
595,2,0.0,0.0,0.0,0.0,-0.08736251321607075
595,3,0.0,0.0,0.0,0.0,0.0
595,4,0.0,0.0,0.0,0.0,0.0
596,0,0.0,-0.0029327202357223073,0.0,0.0,-12.235188572585379
596,1,0.0,0.0,-2.835664918540946e-06,0.0,-0.5973196943956294
596,2,0.0,0.0,0.0,0.0,-0.08736251321607075
596,3,0.0,0.0,0.0,0.0,0.0
596,4,0.0,0.0,0.0,0.0,0.0
597,0,0.0,-0.0029327202357223073,0.0,0.0,-12.237372328547035
597,1,0.0,0.0,-2.835664918540946e-06,0.0,-0.5973196943956294
597,2,0.0,0.0,0.0,0.0,-0.08736251321607075
597,3,0.0,0.0,0.0,0.0,0.0
597,4,0.0,0.0,0.0,0.0,0.0
598,0,0.0,-0.0029327202357223073,0.0,0.0,-12.240669268193994
598,1,0.0,0.0,-2.835664918540946e-06,0.0,-0.5973196943956294
598,2,0.0,0.0,0.0,0.0,-0.08736251321607075
598,3,0.0,0.0,0.0,0.0,0.0
598,4,0.0,0.0,0.0,0.0,0.0
599,0,0.0,-0.0029327202357223073,0.0,0.0,-12.245371051289515
599,1,0.0,0.0,-2.835664918540946e-06,0.0,-0.5973196943956294
599,2,0.0,0.0,0.0,0.0,-0.08736251321607075
599,3,0.0,0.0,0.0,0.0,0.0
599,4,0.0,0.0,0.0,0.0,0.0
600,0,0.0,-0.0029327202357223073,0.0,0.0,-12.252148186579044
600,1,0.0,0.0,-2.835664918540946e-06,0.0,-0.5973196943956294
600,2,0.0,0.0,0.0,0.0,-0.08736251321607075
600,3,0.0,0.0,0.0,0.0,0.0
600,4,0.0,0.0,0.0,0.0,0.0
601,0,0.0,-0.0029327202357223073,0.0,0.0,-12.26890036423015
601,1,0.0,0.0,-2.835664918540946e-06,0.0,-0.5973196943956294
601,2,0.0,0.0,0.0,0.0,-0.08736251321607075
601,3,0.0,0.0,0.0,0.0,0.0
601,4,0.0,0.0,0.0,0.0,0.0
602,0,0.0,-0.0029327202357223073,0.0,0.0,-12.275616546772785
602,1,0.0,0.0,-2.835664918540946e-06,0.0,-0.5973196943956294
602,2,0.0,0.0,0.0,0.0,-0.08736251321607075
602,3,0.0,0.0,0.0,0.0,0.0
602,4,0.0,0.0,0.0,0.0,0.0
603,0,0.0,-0.0029327202357223073,0.0,0.0,-12.292306118910844
603,1,0.0,0.0,-2.835664918540946e-06,0.0,-0.5973196943956294
603,2,0.0,0.0,0.0,0.0,-0.08736251321607075
603,3,0.0,0.0,0.0,0.0,0.0
603,4,0.0,0.0,0.0,0.0,0.0
604,0,0.0,-0.0029327202357223073,0.0,0.0,-12.296912502685654
604,1,0.0,0.0,-2.835664918540946e-06,0.0,-0.5973196943956294
604,2,0.0,0.0,0.0,0.0,-0.08736251321607075
604,3,0.0,0.0,0.0,0.0,0.0
604,4,0.0,0.0,0.0,0.0,0.0
605,0,0.0,-0.0029327202357223073,0.0,0.0,-12.303560199761112
605,1,0.0,0.0,-2.835664918540946e-06,0.0,-0.5973196943956294
605,2,0.0,0.0,0.0,0.0,-0.08736251321607075
605,3,0.0,0.0,0.0,0.0,0.0
605,4,0.0,0.0,0.0,0.0,0.0
606,0,0.0,-0.0029327202357223073,0.0,0.0,-12.320179442834972
606,1,0.0,0.0,-2.835664918540946e-06,0.0,-0.5973196943956294
606,2,0.0,0.0,0.0,0.0,-0.08736251321607075
606,3,0.0,0.0,0.0,0.0,0.0
606,4,0.0,0.0,0.0,0.0,0.0
607,0,0.0,-0.0029327202357223073,0.0,0.0,-12.322261872990376
607,1,0.0,0.0,-2.835664918540946e-06,0.0,-0.5973196943956294
607,2,0.0,0.0,0.0,0.0,-0.08736251321607075
607,3,0.0,0.0,0.0,0.0,0.0
607,4,0.0,0.0,0.0,0.0,0.0
608,0,0.0,-0.0029327202357223073,0.0,0.0,-12.328847897444861
608,1,0.0,0.0,-2.835664918540946e-06,0.0,-0.5973196943956294
608,2,0.0,0.0,0.0,0.0,-0.08736251321607075
608,3,0.0,0.0,0.0,0.0,0.0
608,4,0.0,0.0,0.0,0.0,0.0
609,0,0.0,-0.0029327202357223073,0.0,0.0,-12.33790342904225
609,1,0.0,0.0,-2.835664918540946e-06,0.0,-0.5973196943956294
609,2,0.0,0.0,0.0,0.0,-0.08736251321607075
609,3,0.0,0.0,0.0,0.0,0.0
609,4,0.0,0.0,0.0,0.0,0.0
610,0,0.0,-0.0029327202357223073,0.0,0.0,-12.342428008304136
610,1,0.0,0.0,-2.835664918540946e-06,0.0,-0.5973196943956294
610,2,0.0,0.0,0.0,0.0,-0.08736251321607075
610,3,0.0,0.0,0.0,0.0,0.0
610,4,0.0,0.0,0.0,0.0,0.0
611,0,0.0,-0.0029327202357223073,0.0,0.0,-12.35145321715862
611,1,0.0,0.0,-2.835664918540946e-06,0.0,-0.5973196943956294
611,2,0.0,0.0,0.0,0.0,-0.08736251321607075
611,3,0.0,0.0,0.0,0.0,0.0
611,4,0.0,0.0,0.0,0.0,0.0
612,0,0.0,-0.0029327202357223073,0.0,0.0,-12.365456122705558
612,1,0.0,0.0,-2.835664918540946e-06,0.0,-0.5973196943956294
612,2,0.0,0.0,0.0,0.0,-0.08736251321607075
612,3,0.0,0.0,0.0,0.0,0.0
612,4,0.0,0.0,0.0,0.0,0.0
613,0,0.0,-0.0029327202357223073,0.0,0.0,-12.379420129352692
613,1,0.0,0.0,-2.835664918540946e-06,0.0,-0.5973196943956294
613,2,0.0,0.0,0.0,0.0,-0.08736251321607075
613,3,0.0,0.0,0.0,0.0,0.0
613,4,0.0,0.0,0.0,0.0,0.0
614,0,0.0,-0.0029327202357223073,0.0,0.0,-12.38143223259569
614,1,0.0,0.0,-2.835664918540946e-06,0.0,-0.5973196943956294
614,2,0.0,0.0,0.0,0.0,-0.08736251321607075
614,3,0.0,0.0,0.0,0.0,0.0
614,4,0.0,0.0,0.0,0.0,0.0
615,0,0.0,-0.0029327202357223073,0.0,0.0,-12.383441783294282
615,1,0.0,0.0,-2.835664918540946e-06,0.0,-0.5973196943956294
615,2,0.0,0.0,0.0,0.0,-0.08736251321607075
615,3,0.0,0.0,0.0,0.0,0.0
615,4,0.0,0.0,0.0,0.0,0.0
616,0,0.0,-0.0029327202357223073,0.0,0.0,-12.392363466217242
616,1,0.0,0.0,-2.835664918540946e-06,0.0,-0.5973196943956294
616,2,0.0,0.0,0.0,0.0,-0.08736251321607075
616,3,0.0,0.0,0.0,0.0,0.0
616,4,0.0,0.0,0.0,0.0,0.0
617,0,0.0,-0.0029327202357223073,0.0,0.0,-12.396793060814504
617,1,0.0,0.0,-2.835664918540946e-06,0.0,-0.5973196943956294
617,2,0.0,0.0,0.0,0.0,-0.08736251321607075
617,3,0.0,0.0,0.0,0.0,0.0
617,4,0.0,0.0,0.0,0.0,0.0
618,0,0.0,-0.0029327202357223073,0.0,0.0,-12.39878357488432
618,1,0.0,0.0,-2.835664918540946e-06,0.0,-0.5973196943956294
618,2,0.0,0.0,0.0,0.0,-0.08736251321607075
618,3,0.0,0.0,0.0,0.0,0.0
618,4,0.0,0.0,0.0,0.0,0.0
619,0,0.0,-0.0029327202357223073,0.0,0.0,-12.407673864067679
619,1,0.0,0.0,-2.835664918540946e-06,0.0,-0.5973196943956294
619,2,0.0,0.0,0.0,0.0,-0.08736251321607075
619,3,0.0,0.0,0.0,0.0,0.0
619,4,0.0,0.0,0.0,0.0,0.0
620,0,0.0,-0.0029327202357223073,0.0,0.0,-12.41406517926402
620,1,0.0,0.0,-2.835664918540946e-06,0.0,-0.5973196943956294
620,2,0.0,0.0,0.0,0.0,-0.08736251321607075
620,3,0.0,0.0,0.0,0.0,0.0
620,4,0.0,0.0,0.0,0.0,0.0
621,0,0.0,-0.0029327202357223073,0.0,0.0,-12.42044304717558
621,1,0.0,0.0,-2.835664918540946e-06,0.0,-0.5973196943956294
621,2,0.0,0.0,0.0,0.0,-0.08736251321607075
621,3,0.0,0.0,0.0,0.0,0.0
621,4,0.0,0.0,0.0,0.0,0.0
622,0,0.0,-0.0029327202357223073,0.0,0.0,-12.424823523863509
622,1,0.0,0.0,-2.835664918540946e-06,0.0,-0.5973196943956294
622,2,0.0,0.0,0.0,0.0,-0.08736251321607075
622,3,0.0,0.0,0.0,0.0,0.0
622,4,0.0,0.0,0.0,0.0,0.0
623,0,0.0,-0.0029327202357223073,0.0,0.0,-12.429196536388364
623,1,0.0,0.0,-2.835664918540946e-06,0.0,-0.5973196943956294
623,2,0.0,0.0,0.0,0.0,-0.08736251321607075
623,3,0.0,0.0,0.0,0.0,0.0
623,4,0.0,0.0,0.0,0.0,0.0
624,0,0.0,-0.0029327202357223073,0.0,0.0,-12.43222950463547
624,1,0.0,0.0,-2.835664918540946e-06,0.0,-0.5973196943956294
624,2,0.0,0.0,0.0,0.0,-0.08736251321607075
624,3,0.0,0.0,0.0,0.0,0.0
624,4,0.0,0.0,0.0,0.0,0.0
625,0,0.0,-0.0029327202357223073,0.0,0.0,-12.44605140908454
625,1,0.0,0.0,-2.835664918540946e-06,0.0,-0.5973196943956294
625,2,0.0,0.0,0.0,0.0,-0.08736251321607075
625,3,0.0,0.0,0.0,0.0,0.0
625,4,0.0,0.0,0.0,0.0,0.0
626,0,0.0,-0.0029327202357223073,0.0,0.0,-12.457334945092795
626,1,0.0,0.0,-2.835664918540946e-06,0.0,-0.5973196943956294
626,2,0.0,0.0,0.0,0.0,-0.08736251321607075
626,3,0.0,0.0,0.0,0.0,0.0
626,4,0.0,0.0,0.0,0.0,0.0
627,0,0.0,-0.0029327202357223073,0.0,0.0,-12.459252408762122
627,1,0.0,0.0,-2.835664918540946e-06,0.0,-0.5973196943956294
627,2,0.0,0.0,0.0,0.0,-0.08736251321607075
627,3,0.0,0.0,0.0,0.0,0.0
627,4,0.0,0.0,0.0,0.0,0.0
628,0,0.0,-0.0029327202357223073,0.0,0.0,-12.470504462447858
628,1,0.0,0.0,-2.835664918540946e-06,0.0,-0.5973196943956294
628,2,0.0,0.0,0.0,0.0,-0.08736251321607075
628,3,0.0,0.0,0.0,0.0,0.0
628,4,0.0,0.0,0.0,0.0,0.0
629,0,0.0,-0.0029327202357223073,0.0,0.0,-12.474799882035601
629,1,0.0,0.0,-2.835664918540946e-06,0.0,-0.5973196943956294
629,2,0.0,0.0,0.0,0.0,-0.08736251321607075
629,3,0.0,0.0,0.0,0.0,0.0
629,4,0.0,0.0,0.0,0.0,0.0
630,0,0.0,-0.0029327202357223073,0.0,0.0,-12.486014774197912
630,1,0.0,0.0,-2.835664918540946e-06,0.0,-0.5973196943956294
630,2,0.0,0.0,0.0,0.0,-0.08736251321607075
630,3,0.0,0.0,0.0,0.0,0.0
630,4,0.0,0.0,0.0,0.0,0.0
631,0,0.0,-0.0029327202357223073,0.0,0.0,-12.49223006424517
631,1,0.0,0.0,-2.835664918540946e-06,0.0,-0.5973196943956294
631,2,0.0,0.0,0.0,0.0,-0.08736251321607075
631,3,0.0,0.0,0.0,0.0,0.0
631,4,0.0,0.0,0.0,0.0,0.0
632,0,0.0,-0.0029327202357223073,0.0,0.0,-12.498432438132225
632,1,0.0,0.0,-2.835664918540946e-06,0.0,-0.5973196943956294
632,2,0.0,0.0,0.0,0.0,-0.08736251321607075
632,3,0.0,0.0,0.0,0.0,0.0
632,4,0.0,0.0,0.0,0.0,0.0
633,0,0.0,-0.0029327202357223073,0.0,0.0,-12.501373726957233
633,1,0.0,0.0,-2.835664918540946e-06,0.0,-0.5973196943956294
633,2,0.0,0.0,0.0,0.0,-0.08736251321607075
633,3,0.0,0.0,0.0,0.0,0.0
633,4,0.0,0.0,0.0,0.0,0.0
634,0,0.0,-0.0029327202357223073,0.0,0.0,-12.517528788636369
634,1,0.0,0.0,-2.835664918540946e-06,0.0,-0.5973196943956294
634,2,0.0,0.0,0.0,0.0,-0.08736251321607075
634,3,0.0,0.0,0.0,0.0,0.0
634,4,0.0,0.0,0.0,0.0,0.0
635,0,0.0,-0.0029327202357223073,0.0,0.0,-12.520446384234772
635,1,0.0,0.0,-2.835664918540946e-06,0.0,-0.5973196943956294
635,2,0.0,0.0,0.0,0.0,-0.08736251321607075
635,3,0.0,0.0,0.0,0.0,0.0
635,4,0.0,0.0,0.0,0.0,0.0
636,0,0.0,-0.0029327202357223073,0.0,0.0,-12.531551301485408
636,1,0.0,0.0,-2.835664918540946e-06,0.0,-0.5973196943956294
636,2,0.0,0.0,0.0,0.0,-0.08736251321607075
636,3,0.0,0.0,0.0,0.0,0.0
636,4,0.0,0.0,0.0,0.0,0.0
637,0,0.0,-0.0029327202357223073,0.0,0.0,-12.534450725568519
637,1,0.0,0.0,-2.835664918540946e-06,0.0,-0.5973196943956294
637,2,0.0,0.0,0.0,0.0,-0.08736251321607075
637,3,0.0,0.0,0.0,0.0,0.0
637,4,0.0,0.0,0.0,0.0,0.0
638,0,0.0,-0.0029327202357223073,0.0,0.0,-12.537346057583283
638,1,0.0,0.0,-2.835664918540946e-06,0.0,-0.5973196943956294
638,2,0.0,0.0,0.0,0.0,-0.08736251321607075
638,3,0.0,0.0,0.0,0.0,0.0
638,4,0.0,0.0,0.0,0.0,0.0
639,0,0.0,-0.0029327202357223073,0.0,0.0,-12.540237304817285
639,1,0.0,0.0,-2.835664918540946e-06,0.0,-0.5973196943956294
639,2,0.0,0.0,0.0,0.0,-0.08736251321607075
639,3,0.0,0.0,0.0,0.0,0.0
639,4,0.0,0.0,0.0,0.0,0.0
640,0,0.0,-0.0029327202357223073,0.0,0.0,-12.548801132977797
640,1,0.0,0.0,-2.835664918540946e-06,0.0,-0.5973196943956294
640,2,0.0,0.0,0.0,0.0,-0.08736251321607075
640,3,0.0,0.0,0.0,0.0,0.0
640,4,0.0,0.0,0.0,0.0,0.0
641,0,0.0,-0.0029327202357223073,0.0,0.0,-12.551677017922383
641,1,0.0,0.0,-2.835664918540946e-06,0.0,-0.5973196943956294
641,2,0.0,0.0,0.0,0.0,-0.08736251321607075
641,3,0.0,0.0,0.0,0.0,0.0
641,4,0.0,0.0,0.0,0.0,0.0
642,0,0.0,-0.0029327202357223073,0.0,0.0,-12.562716067727997
642,1,0.0,0.0,-2.835664918540946e-06,0.0,-0.5973196943956294
642,2,0.0,0.0,0.0,0.0,-0.08736251321607075
642,3,0.0,0.0,0.0,0.0,0.0
642,4,0.0,0.0,0.0,0.0,0.0
643,0,0.0,-0.0029327202357223073,0.0,0.0,-12.576225948975011
643,1,0.0,0.0,-2.835664918540946e-06,0.0,-0.5973196943956294
643,2,0.0,0.0,0.0,0.0,-0.08736251321607075
643,3,0.0,0.0,0.0,0.0,0.0
643,4,0.0,0.0,0.0,0.0,0.0
644,0,0.0,-0.0029327202357223073,0.0,0.0,-12.578003745594424
644,1,0.0,0.0,-2.835664918540946e-06,0.0,-0.5973196943956294
644,2,0.0,0.0,0.0,0.0,-0.08736251321607075
644,3,0.0,0.0,0.0,0.0,0.0
644,4,0.0,0.0,0.0,0.0,0.0
645,0,0.0,-0.0029327202357223073,0.0,0.0,-12.59397495921154
645,1,0.0,0.0,-2.835664918540946e-06,0.0,-0.5973196943956294
645,2,0.0,0.0,0.0,0.0,-0.08736251321607075
645,3,0.0,0.0,0.0,0.0,0.0
645,4,0.0,0.0,0.0,0.0,0.0
646,0,0.0,-0.0029327202357223073,0.0,0.0,-12.602400560059897
646,1,0.0,0.0,-2.835664918540946e-06,0.0,-0.5973196943956294
646,2,0.0,0.0,0.0,0.0,-0.08736251321607075
646,3,0.0,0.0,0.0,0.0,0.0
646,4,0.0,0.0,0.0,0.0,0.0
647,0,0.0,-0.0029327202357223073,0.0,0.0,-12.606477282031483
647,1,0.0,0.0,-2.835664918540946e-06,0.0,-0.5973196943956294
647,2,0.0,0.0,0.0,0.0,-0.08736251321607075
647,3,0.0,0.0,0.0,0.0,0.0
647,4,0.0,0.0,0.0,0.0,0.0
648,0,0.0,-0.0029327202357223073,0.0,0.0,-12.610547287897626
648,1,0.0,0.0,-2.835664918540946e-06,0.0,-0.5973196943956294
648,2,0.0,0.0,0.0,0.0,-0.08736251321607075
648,3,0.0,0.0,0.0,0.0,0.0
648,4,0.0,0.0,0.0,0.0,0.0
649,0,0.0,-0.0029327202357223073,0.0,0.0,-12.614610591864228
649,1,0.0,0.0,-2.835664918540946e-06,0.0,-0.5973196943956294
649,2,0.0,0.0,0.0,0.0,-0.08736251321607075
649,3,0.0,0.0,0.0,0.0,0.0
649,4,0.0,0.0,0.0,0.0,0.0
650,0,0.0,-0.0029327202357223073,0.0,0.0,-12.616343318911794
650,1,0.0,0.0,-2.835664918540946e-06,0.0,-0.5973196943956294
650,2,0.0,0.0,0.0,0.0,-0.08736251321607075
650,3,0.0,0.0,0.0,0.0,0.0
650,4,0.0,0.0,0.0,0.0,0.0
651,0,0.0,-0.0029327202357223073,0.0,0.0,-12.618073956594484
651,1,0.0,0.0,-2.835664918540946e-06,0.0,-0.5973196943956294
651,2,0.0,0.0,0.0,0.0,-0.08736251321607075
651,3,0.0,0.0,0.0,0.0,0.0
651,4,0.0,0.0,0.0,0.0,0.0
652,0,0.0,-0.0029327202357223073,0.0,0.0,-12.631456401782563
652,1,0.0,0.0,-2.835664918540946e-06,0.0,-0.5973196943956294
652,2,0.0,0.0,0.0,0.0,-0.08736251321607075
652,3,0.0,0.0,0.0,0.0,0.0
652,4,0.0,0.0,0.0,0.0,0.0
653,0,0.0,-0.0029327202357223073,0.0,0.0,-12.635487188769845
653,1,0.0,0.0,-2.835664918540946e-06,0.0,-0.5973196943956294
653,2,0.0,0.0,0.0,0.0,-0.08736251321607075
653,3,0.0,0.0,0.0,0.0,0.0
653,4,0.0,0.0,0.0,0.0,0.0
654,0,0.0,-0.0029327202357223073,0.0,0.0,-12.646325912986436
654,1,0.0,0.0,-2.835664918540946e-06,0.0,-0.5973196943956294
654,2,0.0,0.0,0.0,0.0,-0.08736251321607075
654,3,0.0,0.0,0.0,0.0,0.0
654,4,0.0,0.0,0.0,0.0,0.0
655,0,0.0,-0.0029327202357223073,0.0,0.0,-12.648022250780485
655,1,0.0,0.0,-2.835664918540946e-06,0.0,-0.5973196943956294
655,2,0.0,0.0,0.0,0.0,-0.08736251321607075
655,3,0.0,0.0,0.0,0.0,0.0
655,4,0.0,0.0,0.0,0.0,0.0
656,0,0.0,-0.0029327202357223073,0.0,0.0,-12.65633134528262
656,1,0.0,0.0,-2.835664918540946e-06,0.0,-0.5973196943956294
656,2,0.0,0.0,0.0,0.0,-0.08736251321607075
656,3,0.0,0.0,0.0,0.0,0.0
656,4,0.0,0.0,0.0,0.0,0.0
657,0,0.0,-0.0029327202357223073,0.0,0.0,-12.664620315834386
657,1,0.0,0.0,-2.835664918540946e-06,0.0,-0.5973196943956294
657,2,0.0,0.0,0.0,0.0,-0.08736251321607075
657,3,0.0,0.0,0.0,0.0,0.0
657,4,0.0,0.0,0.0,0.0,0.0
658,0,0.0,-0.0029327202357223073,0.0,0.0,-12.667348084534664
658,1,0.0,0.0,-2.835664918540946e-06,0.0,-0.5973196943956294
658,2,0.0,0.0,0.0,0.0,-0.08736251321607075
658,3,0.0,0.0,0.0,0.0,0.0
658,4,0.0,0.0,0.0,0.0,0.0
659,0,0.0,-0.0029327202357223073,0.0,0.0,-12.683113451492133
659,1,0.0,0.0,-2.835664918540946e-06,0.0,-0.5973196943956294
659,2,0.0,0.0,0.0,0.0,-0.08736251321607075
659,3,0.0,0.0,0.0,0.0,0.0
659,4,0.0,0.0,0.0,0.0,0.0
660,0,0.0,-0.0029327202357223073,0.0,0.0,-12.698833825645725
660,1,0.0,0.0,-2.835664918540946e-06,0.0,-0.5973196943956294
660,2,0.0,0.0,0.0,0.0,-0.08736251321607075
660,3,0.0,0.0,0.0,0.0,0.0
660,4,0.0,0.0,0.0,0.0,0.0
661,0,0.0,-0.0029327202357223073,0.0,0.0,-12.707009362114702
661,1,0.0,0.0,-2.835664918540946e-06,0.0,-0.5973196943956294
661,2,0.0,0.0,0.0,0.0,-0.08736251321607075
661,3,0.0,0.0,0.0,0.0,0.0
661,4,0.0,0.0,0.0,0.0,0.0
662,0,0.0,-0.0029327202357223073,0.0,0.0,-12.708636921809406
662,1,0.0,0.0,-2.835664918540946e-06,0.0,-0.5973196943956294
662,2,0.0,0.0,0.0,0.0,-0.08736251321607075
662,3,0.0,0.0,0.0,0.0,0.0
662,4,0.0,0.0,0.0,0.0,0.0
663,0,0.0,-0.0029327202357223073,0.0,0.0,-12.719291854884405
663,1,0.0,0.0,-2.835664918540946e-06,0.0,-0.5973196943956294
663,2,0.0,0.0,0.0,0.0,-0.08736251321607075
663,3,0.0,0.0,0.0,0.0,0.0
663,4,0.0,0.0,0.0,0.0,0.0
664,0,0.0,-0.0029327202357223073,0.0,0.0,-12.720905424807356
664,1,0.0,0.0,-2.835664918540946e-06,0.0,-0.5973196943956294
664,2,0.0,0.0,0.0,0.0,-0.08736251321607075
664,3,0.0,0.0,0.0,0.0,0.0
664,4,0.0,0.0,0.0,0.0,0.0
665,0,0.0,-0.0029327202357223073,0.0,0.0,-12.736531511447419
665,1,0.0,0.0,-2.835664918540946e-06,0.0,-0.5973196943956294
665,2,0.0,0.0,0.0,0.0,-0.08736251321607075
665,3,0.0,0.0,0.0,0.0,0.0
665,4,0.0,0.0,0.0,0.0,0.0
666,0,0.0,-0.0029327202357223073,0.0,0.0,-12.744613061933531
666,1,0.0,0.0,-2.835664918540946e-06,0.0,-0.5973196943956294
666,2,0.0,0.0,0.0,0.0,-0.08736251321607075
666,3,0.0,0.0,0.0,0.0,0.0
666,4,0.0,0.0,0.0,0.0,0.0
667,0,0.0,-0.0029327202357223073,0.0,0.0,-12.757675227296037
667,1,0.0,0.0,-2.835664918540946e-06,0.0,-0.5973196943956294
667,2,0.0,0.0,0.0,0.0,-0.08736251321607075
667,3,0.0,0.0,0.0,0.0,0.0
667,4,0.0,0.0,0.0,0.0,0.0
668,0,0.0,-0.0029327202357223073,0.0,0.0,-12.76327951943527
668,1,0.0,0.0,-2.835664918540946e-06,0.0,-0.5973196943956294
668,2,0.0,0.0,0.0,0.0,-0.08736251321607075
668,3,0.0,0.0,0.0,0.0,0.0
668,4,0.0,0.0,0.0,0.0,0.0
669,0,0.0,-0.0029327202357223073,0.0,0.0,-12.767100648043503
669,1,0.0,0.0,-2.835664918540946e-06,0.0,-0.5973196943956294
669,2,0.0,0.0,0.0,0.0,-0.08736251321607075
669,3,0.0,0.0,0.0,0.0,0.0
669,4,0.0,0.0,0.0,0.0,0.0
670,0,0.0,-0.0029327202357223073,0.0,0.0,-12.777609400975823
670,1,0.0,0.0,-2.835664918540946e-06,0.0,-0.5973196943956294
670,2,0.0,0.0,0.0,0.0,-0.08736251321607075
670,3,0.0,0.0,0.0,0.0,0.0
670,4,0.0,0.0,0.0,0.0,0.0
671,0,0.0,-0.0029327202357223073,0.0,0.0,-12.788090658411965
671,1,0.0,0.0,-2.835664918540946e-06,0.0,-0.5973196943956294
671,2,0.0,0.0,0.0,0.0,-0.08736251321607075
671,3,0.0,0.0,0.0,0.0,0.0
671,4,0.0,0.0,0.0,0.0,0.0
672,0,0.0,-0.0029327202357223073,0.0,0.0,-12.798544509938361
672,1,0.0,0.0,-2.835664918540946e-06,0.0,-0.5973196943956294
672,2,0.0,0.0,0.0,0.0,-0.08736251321607075
672,3,0.0,0.0,0.0,0.0,0.0
672,4,0.0,0.0,0.0,0.0,0.0
673,0,0.0,-0.0029327202357223073,0.0,0.0,-12.808971044813989
673,1,0.0,0.0,-2.835664918540946e-06,0.0,-0.5973196943956294
673,2,0.0,0.0,0.0,0.0,-0.08736251321607075
673,3,0.0,0.0,0.0,0.0,0.0
673,4,0.0,0.0,0.0,0.0,0.0
674,0,0.0,-0.0029327202357223073,0.0,0.0,-12.811523313915558
674,1,0.0,0.0,-2.835664918540946e-06,0.0,-0.5973196943956294
674,2,0.0,0.0,0.0,0.0,-0.08736251321607075
674,3,0.0,0.0,0.0,0.0,0.0
674,4,0.0,0.0,0.0,0.0,0.0
675,0,0.0,-0.0029327202357223073,0.0,0.0,-12.821919487463708
675,1,0.0,0.0,-2.835664918540946e-06,0.0,-0.5973196943956294
675,2,0.0,0.0,0.0,0.0,-0.08736251321607075
675,3,0.0,0.0,0.0,0.0,0.0
675,4,0.0,0.0,0.0,0.0,0.0
676,0,0.0,-0.0029327202357223073,0.0,0.0,-12.834788526107282
676,1,0.0,0.0,-2.835664918540946e-06,0.0,-0.5973196943956294
676,2,0.0,0.0,0.0,0.0,-0.08736251321607075
676,3,0.0,0.0,0.0,0.0,0.0
676,4,0.0,0.0,0.0,0.0,0.0
677,0,0.0,-0.0029327202357223073,0.0,0.0,-12.836270907137159
677,1,0.0,0.0,-2.835664918540946e-06,0.0,-0.5973196943956294
677,2,0.0,0.0,0.0,0.0,-0.08736251321607075
677,3,0.0,0.0,0.0,0.0,0.0
677,4,0.0,0.0,0.0,0.0,0.0
678,0,0.0,-0.0029327202357223073,0.0,0.0,-12.837751598700807
678,1,0.0,0.0,-2.835664918540946e-06,0.0,-0.5973196943956294
678,2,0.0,0.0,0.0,0.0,-0.08736251321607075
678,3,0.0,0.0,0.0,0.0,0.0
678,4,0.0,0.0,0.0,0.0,0.0
679,0,0.0,-0.0029327202357223073,0.0,0.0,-12.845584114475463
679,1,0.0,0.0,-2.835664918540946e-06,0.0,-0.5973196943956294
679,2,0.0,0.0,0.0,0.0,-0.08736251321607075
679,3,0.0,0.0,0.0,0.0,0.0
679,4,0.0,0.0,0.0,0.0,0.0
680,0,0.0,-0.0029327202357223073,0.0,0.0,-12.85339802901647
680,1,0.0,0.0,-2.835664918540946e-06,0.0,-0.5973196943956294
680,2,0.0,0.0,0.0,0.0,-0.08736251321607075
680,3,0.0,0.0,0.0,0.0,0.0
680,4,0.0,0.0,0.0,0.0,0.0
681,0,0.0,-0.0029327202357223073,0.0,0.0,-12.863693398631707
681,1,0.0,0.0,-2.835664918540946e-06,0.0,-0.5973196943956294
681,2,0.0,0.0,0.0,0.0,-0.08736251321607075
681,3,0.0,0.0,0.0,0.0,0.0
681,4,0.0,0.0,0.0,0.0,0.0
682,0,0.0,-0.0029327202357223073,0.0,0.0,-12.87396194690213
682,1,0.0,0.0,-2.835664918540946e-06,0.0,-0.5973196943956294
682,2,0.0,0.0,0.0,0.0,-0.08736251321607075
682,3,0.0,0.0,0.0,0.0,0.0
682,4,0.0,0.0,0.0,0.0,0.0
683,0,0.0,-0.0029327202357223073,0.0,0.0,-12.886703760991194
683,1,0.0,0.0,-2.835664918540946e-06,0.0,-0.5973196943956294
683,2,0.0,0.0,0.0,0.0,-0.08736251321607075
683,3,0.0,0.0,0.0,0.0,0.0
683,4,0.0,0.0,0.0,0.0,0.0
684,0,0.0,-0.0029327202357223073,0.0,0.0,-12.899410595211934
684,1,0.0,0.0,-2.835664918540946e-06,0.0,-0.5973196943956294
684,2,0.0,0.0,0.0,0.0,-0.08736251321607075
684,3,0.0,0.0,0.0,0.0,0.0
684,4,0.0,0.0,0.0,0.0,0.0
685,0,0.0,-0.0029327202357223073,0.0,0.0,-12.90708256733688
685,1,0.0,0.0,-2.835664918540946e-06,0.0,-0.5973196943956294
685,2,0.0,0.0,0.0,0.0,-0.08736251321607075
685,3,0.0,0.0,0.0,0.0,0.0
685,4,0.0,0.0,0.0,0.0,0.0
686,0,0.0,-0.0029327202357223073,0.0,0.0,-12.914736459762757
686,1,0.0,0.0,-2.835664918540946e-06,0.0,-0.5973196943956294
686,2,0.0,0.0,0.0,0.0,-0.08736251321607075
686,3,0.0,0.0,0.0,0.0,0.0
686,4,0.0,0.0,0.0,0.0,0.0
687,0,0.0,-0.0029327202357223073,0.0,0.0,-12.92237232689475
687,1,0.0,0.0,-2.835664918540946e-06,0.0,-0.5973196943956294
687,2,0.0,0.0,0.0,0.0,-0.08736251321607075
687,3,0.0,0.0,0.0,0.0,0.0
687,4,0.0,0.0,0.0,0.0,0.0
688,0,0.0,-0.0029327202357223073,0.0,0.0,-12.927613573002205
688,1,0.0,0.0,-2.835664918540946e-06,0.0,-0.5973196943956294
688,2,0.0,0.0,0.0,0.0,-0.08736251321607075
688,3,0.0,0.0,0.0,0.0,0.0
688,4,0.0,0.0,0.0,0.0,0.0
689,0,0.0,-0.0029327202357223073,0.0,0.0,-12.92898950013823
689,1,0.0,0.0,-2.835664918540946e-06,0.0,-0.5973196943956294
689,2,0.0,0.0,0.0,0.0,-0.08736251321607075
689,3,0.0,0.0,0.0,0.0,0.0
689,4,0.0,0.0,0.0,0.0,0.0
690,0,0.0,-0.0029327202357223073,0.0,0.0,-12.93659690241235
690,1,0.0,0.0,-2.835664918540946e-06,0.0,-0.5973196943956294
690,2,0.0,0.0,0.0,0.0,-0.08736251321607075
690,3,0.0,0.0,0.0,0.0,0.0
690,4,0.0,0.0,0.0,0.0,0.0
691,0,0.0,-0.0029327202357223073,0.0,0.0,-12.941811418279514
691,1,0.0,0.0,-2.835664918540946e-06,0.0,-0.5973196943956294
691,2,0.0,0.0,0.0,0.0,-0.08736251321607075
691,3,0.0,0.0,0.0,0.0,0.0
691,4,0.0,0.0,0.0,0.0,0.0
692,0,0.0,-0.0029327202357223073,0.0,0.0,-12.949390822258161
692,1,0.0,0.0,-2.835664918540946e-06,0.0,-0.5973196943956294
692,2,0.0,0.0,0.0,0.0,-0.08736251321607075
692,3,0.0,0.0,0.0,0.0,0.0
692,4,0.0,0.0,0.0,0.0,0.0
693,0,0.0,-0.0029327202357223073,0.0,0.0,-12.961952409696014
693,1,0.0,0.0,-2.835664918540946e-06,0.0,-0.5973196943956294
693,2,0.0,0.0,0.0,0.0,-0.08736251321607075
693,3,0.0,0.0,0.0,0.0,0.0
693,4,0.0,0.0,0.0,0.0,0.0
694,0,0.0,-0.0029327202357223073,0.0,0.0,-12.971979569065505
694,1,0.0,0.0,-2.835664918540946e-06,0.0,-0.5973196943956294
694,2,0.0,0.0,0.0,0.0,-0.08736251321607075
694,3,0.0,0.0,0.0,0.0,0.0
694,4,0.0,0.0,0.0,0.0,0.0
695,0,0.0,-0.0029327202357223073,0.0,0.0,-12.973304469197362
695,1,0.0,0.0,-2.835664918540946e-06,0.0,-0.5973196943956294
695,2,0.0,0.0,0.0,0.0,-0.08736251321607075
695,3,0.0,0.0,0.0,0.0,0.0
695,4,0.0,0.0,0.0,0.0,0.0
696,0,0.0,-0.0029327202357223073,0.0,0.0,-12.98080544423141
696,1,0.0,0.0,-2.835664918540946e-06,0.0,-0.5973196943956294
696,2,0.0,0.0,0.0,0.0,-0.08736251321607075
696,3,0.0,0.0,0.0,0.0,0.0
696,4,0.0,0.0,0.0,0.0,0.0
697,0,0.0,-0.0029327202357223073,0.0,0.0,-12.984294891489878
697,1,0.0,0.0,-2.835664918540946e-06,0.0,-0.5973196943956294
697,2,0.0,0.0,0.0,0.0,-0.08736251321607075
697,3,0.0,0.0,0.0,0.0,0.0
697,4,0.0,0.0,0.0,0.0,0.0
698,0,0.0,-0.0029327202357223073,0.0,0.0,-12.98941098367325
698,1,0.0,0.0,-2.835664918540946e-06,0.0,-0.5973196943956294
698,2,0.0,0.0,0.0,0.0,-0.08736251321607075
698,3,0.0,0.0,0.0,0.0,0.0
698,4,0.0,0.0,0.0,0.0,0.0
699,0,0.0,-0.0029327202357223073,0.0,0.0,-12.994517432225576
699,1,0.0,0.0,-2.835664918540946e-06,0.0,-0.5973196943956294
699,2,0.0,0.0,0.0,0.0,-0.08736251321607075
699,3,0.0,0.0,0.0,0.0,0.0
699,4,0.0,0.0,0.0,0.0,0.0
700,0,0.0,-0.0029327202357223073,0.0,0.0,-12.997985015365314
700,1,0.0,0.0,-2.835664918540946e-06,0.0,-0.5973196943956294
700,2,0.0,0.0,0.0,0.0,-0.08736251321607075
700,3,0.0,0.0,0.0,0.0,0.0
700,4,0.0,0.0,0.0,0.0,0.0
701,0,0.0,-0.0029327202357223073,0.0,0.0,-13.000306302231175
701,1,0.0,0.0,-2.835664918540946e-06,0.0,-0.5973196943956294
701,2,0.0,0.0,0.0,0.0,-0.08736251321607075
701,3,0.0,0.0,0.0,0.0,0.0
701,4,0.0,0.0,0.0,0.0,0.0
702,0,0.0,-0.0029327202357223073,0.0,0.0,-13.003765516464123
702,1,0.0,0.0,-2.835664918540946e-06,0.0,-0.5973196943956294
702,2,0.0,0.0,0.0,0.0,-0.08736251321607075
702,3,0.0,0.0,0.0,0.0,0.0
702,4,0.0,0.0,0.0,0.0,0.0
703,0,0.0,-0.0029327202357223073,0.0,0.0,-13.018710666265578
703,1,0.0,0.0,-2.835664918540946e-06,0.0,-0.5973196943956294
703,2,0.0,0.0,0.0,0.0,-0.08736251321607075
703,3,0.0,0.0,0.0,0.0,0.0
703,4,0.0,0.0,0.0,0.0,0.0
704,0,0.0,-0.0029327202357223073,0.0,0.0,-13.021007755761657
704,1,0.0,0.0,-2.835664918540946e-06,0.0,-0.5973196943956294
704,2,0.0,0.0,0.0,0.0,-0.08736251321607075
704,3,0.0,0.0,0.0,0.0,0.0
704,4,0.0,0.0,0.0,0.0,0.0
705,0,0.0,-0.0029327202357223073,0.0,0.0,-13.033407908556732
705,1,0.0,0.0,-2.835664918540946e-06,0.0,-0.5973196943956294
705,2,0.0,0.0,0.0,0.0,-0.08736251321607075
705,3,0.0,0.0,0.0,0.0,0.0
705,4,0.0,0.0,0.0,0.0,0.0
706,0,0.0,-0.0029327202357223073,0.0,0.0,-13.040774112883758
706,1,0.0,0.0,-2.835664918540946e-06,0.0,-0.5973196943956294
706,2,0.0,0.0,0.0,0.0,-0.08736251321607075
706,3,0.0,0.0,0.0,0.0,0.0
706,4,0.0,0.0,0.0,0.0,0.0
707,0,0.0,-0.0029327202357223073,0.0,0.0,-13.050623147990342
707,1,0.0,0.0,-2.835664918540946e-06,0.0,-0.5973196943956294
707,2,0.0,0.0,0.0,0.0,-0.08736251321607075
707,3,0.0,0.0,0.0,0.0,0.0
707,4,0.0,0.0,0.0,0.0,0.0
708,0,0.0,-0.0029327202357223073,0.0,0.0,-13.055605279657657
708,1,0.0,0.0,-2.835664918540946e-06,0.0,-0.5973196943956294
708,2,0.0,0.0,0.0,0.0,-0.08736251321607075
708,3,0.0,0.0,0.0,0.0,0.0
708,4,0.0,0.0,0.0,0.0,0.0
709,0,0.0,-0.0029327202357223073,0.0,0.0,-13.070419411769056
709,1,0.0,0.0,-2.835664918540946e-06,0.0,-0.5973196943956294
709,2,0.0,0.0,0.0,0.0,-0.08736251321607075
709,3,0.0,0.0,0.0,0.0,0.0
709,4,0.0,0.0,0.0,0.0,0.0
710,0,0.0,-0.0029327202357223073,0.0,0.0,-13.072656331538235
710,1,0.0,0.0,-2.835664918540946e-06,0.0,-0.5973196943956294
710,2,0.0,0.0,0.0,0.0,-0.08736251321607075
710,3,0.0,0.0,0.0,0.0,0.0
710,4,0.0,0.0,0.0,0.0,0.0
711,0,0.0,-0.0029327202357223073,0.0,0.0,-13.076012618840704
711,1,0.0,0.0,-2.835664918540946e-06,0.0,-0.5973196943956294
711,2,0.0,0.0,0.0,0.0,-0.08736251321607075
711,3,0.0,0.0,0.0,0.0,0.0
711,4,0.0,0.0,0.0,0.0,0.0
712,0,0.0,-0.0029327202357223073,0.0,0.0,-13.08327724683127
712,1,0.0,0.0,-2.835664918540946e-06,0.0,-0.5973196943956294
712,2,0.0,0.0,0.0,0.0,-0.08736251321607075
712,3,0.0,0.0,0.0,0.0,0.0
712,4,0.0,0.0,0.0,0.0,0.0
713,0,0.0,-0.0029327202357223073,0.0,0.0,-13.098025018745936
713,1,0.0,0.0,-2.835664918540946e-06,0.0,-0.5973196943956294
713,2,0.0,0.0,0.0,0.0,-0.08736251321607075
713,3,0.0,0.0,0.0,0.0,0.0
713,4,0.0,0.0,0.0,0.0,0.0
714,0,0.0,-0.0029327202357223073,0.0,0.0,-13.099206082841539
714,1,0.0,0.0,-2.835664918540946e-06,0.0,-0.5973196943956294
714,2,0.0,0.0,0.0,0.0,-0.08736251321607075
714,3,0.0,0.0,0.0,0.0,0.0
714,4,0.0,0.0,0.0,0.0,0.0
715,0,0.0,-0.0029327202357223073,0.0,0.0,-13.106412174755416
715,1,0.0,0.0,-2.835664918540946e-06,0.0,-0.5973196943956294
715,2,0.0,0.0,0.0,0.0,-0.08736251321607075
715,3,0.0,0.0,0.0,0.0,0.0
715,4,0.0,0.0,0.0,0.0,0.0
716,0,0.0,-0.0029327202357223073,0.0,0.0,-13.113601599372311
716,1,0.0,0.0,-2.835664918540946e-06,0.0,-0.5973196943956294
716,2,0.0,0.0,0.0,0.0,-0.08736251321607075
716,3,0.0,0.0,0.0,0.0,0.0
716,4,0.0,0.0,0.0,0.0,0.0
717,0,0.0,-0.0029327202357223073,0.0,0.0,-13.115787354376906
717,1,0.0,0.0,-2.835664918540946e-06,0.0,-0.5973196943956294
717,2,0.0,0.0,0.0,0.0,-0.08736251321607075
717,3,0.0,0.0,0.0,0.0,0.0
717,4,0.0,0.0,0.0,0.0,0.0
718,0,0.0,-0.0029327202357223073,0.0,0.0,-13.116947829217251
718,1,0.0,0.0,-2.835664918540946e-06,0.0,-0.5973196943956294
718,2,0.0,0.0,0.0,0.0,-0.08736251321607075
718,3,0.0,0.0,0.0,0.0,0.0
718,4,0.0,0.0,0.0,0.0,0.0
719,0,0.0,-0.0029327202357223073,0.0,0.0,-13.124118484993357
719,1,0.0,0.0,-2.835664918540946e-06,0.0,-0.5973196943956294
719,2,0.0,0.0,0.0,0.0,-0.08736251321607075
719,3,0.0,0.0,0.0,0.0,0.0
719,4,0.0,0.0,0.0,0.0,0.0
720,0,0.0,-0.0029327202357223073,0.0,0.0,-13.125269376824368
720,1,0.0,0.0,-2.835664918540946e-06,0.0,-0.5973196943956294
720,2,0.0,0.0,0.0,0.0,-0.08736251321607075
720,3,0.0,0.0,0.0,0.0,0.0
720,4,0.0,0.0,0.0,0.0,0.0
721,0,0.0,-0.0029327202357223073,0.0,0.0,-13.139923646557497
721,1,0.0,0.0,-2.835664918540946e-06,0.0,-0.5973196943956294
721,2,0.0,0.0,0.0,0.0,-0.08736251321607075
721,3,0.0,0.0,0.0,0.0,0.0
721,4,0.0,0.0,0.0,0.0,0.0
722,0,0.0,-0.0029327202357223073,0.0,0.0,-13.14105728868016
722,1,0.0,0.0,-2.835664918540946e-06,0.0,-0.5973196943956294
722,2,0.0,0.0,0.0,0.0,-0.08736251321607075
722,3,0.0,0.0,0.0,0.0,0.0
722,4,0.0,0.0,0.0,0.0,0.0
723,0,0.0,-0.0029327202357223073,0.0,0.0,-13.145862519784016
723,1,0.0,0.0,-2.835664918540946e-06,0.0,-0.5973196943956294
723,2,0.0,0.0,0.0,0.0,-0.08736251321607075
723,3,0.0,0.0,0.0,0.0,0.0
723,4,0.0,0.0,0.0,0.0,0.0
724,0,0.0,-0.0029327202357223073,0.0,0.0,-13.152966528916444
724,1,0.0,0.0,-2.835664918540946e-06,0.0,-0.5973196943956294
724,2,0.0,0.0,0.0,0.0,-0.08736251321607075
724,3,0.0,0.0,0.0,0.0,0.0
724,4,0.0,0.0,0.0,0.0,0.0
725,0,0.0,-0.0029327202357223073,0.0,0.0,-13.156209604950496
725,1,0.0,0.0,-2.835664918540946e-06,0.0,-0.5973196943956294
725,2,0.0,0.0,0.0,0.0,-0.08736251321607075
725,3,0.0,0.0,0.0,0.0,0.0
725,4,0.0,0.0,0.0,0.0,0.0
726,0,0.0,-0.0029327202357223073,0.0,0.0,-13.165792434703635
726,1,0.0,0.0,-2.835664918540946e-06,0.0,-0.5973196943956294
726,2,0.0,0.0,0.0,0.0,-0.08736251321607075
726,3,0.0,0.0,0.0,0.0,0.0
726,4,0.0,0.0,0.0,0.0,0.0
727,0,0.0,-0.0029327202357223073,0.0,0.0,-13.175350620482291
727,1,0.0,0.0,-2.835664918540946e-06,0.0,-0.5973196943956294
727,2,0.0,0.0,0.0,0.0,-0.08736251321607075
727,3,0.0,0.0,0.0,0.0,0.0
727,4,0.0,0.0,0.0,0.0,0.0
728,0,0.0,-0.0029327202357223073,0.0,0.0,-13.18738424179432
728,1,0.0,0.0,-2.835664918540946e-06,0.0,-0.5973196943956294
728,2,0.0,0.0,0.0,0.0,-0.08736251321607075
728,3,0.0,0.0,0.0,0.0,0.0
728,4,0.0,0.0,0.0,0.0,0.0
729,0,0.0,-0.0029327202357223073,0.0,0.0,-13.192096275537727
729,1,0.0,0.0,-2.835664918540946e-06,0.0,-0.5973196943956294
729,2,0.0,0.0,0.0,0.0,-0.08736251321607075
729,3,0.0,0.0,0.0,0.0,0.0
729,4,0.0,0.0,0.0,0.0,0.0
730,0,0.0,-0.0029327202357223073,0.0,0.0,-13.199088376290407
730,1,0.0,0.0,-2.835664918540946e-06,0.0,-0.5973196943956294
730,2,0.0,0.0,0.0,0.0,-0.08736251321607075
730,3,0.0,0.0,0.0,0.0,0.0
730,4,0.0,0.0,0.0,0.0,0.0
731,0,0.0,-0.0029327202357223073,0.0,0.0,-13.20117397728432
731,1,0.0,0.0,-2.835664918540946e-06,0.0,-0.5973196943956294
731,2,0.0,0.0,0.0,0.0,-0.08736251321607075
731,3,0.0,0.0,0.0,0.0,0.0
731,4,0.0,0.0,0.0,0.0,0.0
732,0,0.0,-0.0029327202357223073,0.0,0.0,-13.20223717766224
732,1,0.0,0.0,-2.835664918540946e-06,0.0,-0.5973196943956294
732,2,0.0,0.0,0.0,0.0,-0.08736251321607075
732,3,0.0,0.0,0.0,0.0,0.0
732,4,0.0,0.0,0.0,0.0,0.0
733,0,0.0,-0.0029327202357223073,0.0,0.0,-13.20692431816496
733,1,0.0,0.0,-2.835664918540946e-06,0.0,-0.5973196943956294
733,2,0.0,0.0,0.0,0.0,-0.08736251321607075
733,3,0.0,0.0,0.0,0.0,0.0
733,4,0.0,0.0,0.0,0.0,0.0
734,0,0.0,-0.0029327202357223073,0.0,0.0,-13.216390038891769
734,1,0.0,0.0,-2.835664918540946e-06,0.0,-0.5973196943956294
734,2,0.0,0.0,0.0,0.0,-0.08736251321607075
734,3,0.0,0.0,0.0,0.0,0.0
734,4,0.0,0.0,0.0,0.0,0.0
735,0,0.0,-0.0029327202357223073,0.0,0.0,-13.22333146871393
735,1,0.0,0.0,-2.835664918540946e-06,0.0,-0.5973196943956294
735,2,0.0,0.0,0.0,0.0,-0.08736251321607075
735,3,0.0,0.0,0.0,0.0,0.0
735,4,0.0,0.0,0.0,0.0,0.0
736,0,0.0,-0.0029327202357223073,0.0,0.0,-13.22436911891516
736,1,0.0,0.0,-2.835664918540946e-06,0.0,-0.5973196943956294
736,2,0.0,0.0,0.0,0.0,-0.08736251321607075
736,3,0.0,0.0,0.0,0.0,0.0
736,4,0.0,0.0,0.0,0.0,0.0
737,0,0.0,-0.0029327202357223073,0.0,0.0,-13.23629511205673
737,1,0.0,0.0,-2.835664918540946e-06,0.0,-0.5973196943956294
737,2,0.0,0.0,0.0,0.0,-0.08736251321607075
737,3,0.0,0.0,0.0,0.0,0.0
737,4,0.0,0.0,0.0,0.0,0.0
738,0,0.0,-0.0029327202357223073,0.0,0.0,-13.245688600817322
738,1,0.0,0.0,-2.835664918540946e-06,0.0,-0.5973196943956294
738,2,0.0,0.0,0.0,0.0,-0.08736251321607075
738,3,0.0,0.0,0.0,0.0,0.0
738,4,0.0,0.0,0.0,0.0,0.0
739,0,0.0,-0.0029327202357223073,0.0,0.0,-13.248802974683233
739,1,0.0,0.0,-2.835664918540946e-06,0.0,-0.5973196943956294
739,2,0.0,0.0,0.0,0.0,-0.08736251321607075
739,3,0.0,0.0,0.0,0.0,0.0
739,4,0.0,0.0,0.0,0.0,0.0
740,0,0.0,-0.0029327202357223073,0.0,0.0,-13.253400003021016
740,1,0.0,0.0,-2.835664918540946e-06,0.0,-0.5973196943956294
740,2,0.0,0.0,0.0,0.0,-0.08736251321607075
740,3,0.0,0.0,0.0,0.0,0.0
740,4,0.0,0.0,0.0,0.0,0.0
741,0,0.0,-0.0029327202357223073,0.0,0.0,-13.262756511314018
741,1,0.0,0.0,-2.835664918540946e-06,0.0,-0.5973196943956294
741,2,0.0,0.0,0.0,0.0,-0.08736251321607075
741,3,0.0,0.0,0.0,0.0,0.0
741,4,0.0,0.0,0.0,0.0,0.0
742,0,0.0,-0.0029327202357223073,0.0,0.0,-13.274589062325573
742,1,0.0,0.0,-2.835664918540946e-06,0.0,-0.5973196943956294
742,2,0.0,0.0,0.0,0.0,-0.08736251321607075
742,3,0.0,0.0,0.0,0.0,0.0
742,4,0.0,0.0,0.0,0.0,0.0
743,0,0.0,-0.0029327202357223073,0.0,0.0,-13.276587338771545
743,1,0.0,0.0,-2.835664918540946e-06,0.0,-0.5973196943956294
743,2,0.0,0.0,0.0,0.0,-0.08736251321607075
743,3,0.0,0.0,0.0,0.0,0.0
743,4,0.0,0.0,0.0,0.0,0.0
744,0,0.0,-0.0029327202357223073,0.0,0.0,-13.285885769884265
744,1,0.0,0.0,-2.835664918540946e-06,0.0,-0.5973196943956294
744,2,0.0,0.0,0.0,0.0,-0.08736251321607075
744,3,0.0,0.0,0.0,0.0,0.0
744,4,0.0,0.0,0.0,0.0,0.0
745,0,0.0,-0.0029327202357223073,0.0,0.0,-13.287871101189818
745,1,0.0,0.0,-2.835664918540946e-06,0.0,-0.5973196943956294
745,2,0.0,0.0,0.0,0.0,-0.08736251321607075
745,3,0.0,0.0,0.0,0.0,0.0
745,4,0.0,0.0,0.0,0.0,0.0
746,0,0.0,-0.0029327202357223073,0.0,0.0,-13.292393817778326
746,1,0.0,0.0,-2.835664918540946e-06,0.0,-0.5973196943956294
746,2,0.0,0.0,0.0,0.0,-0.08736251321607075
746,3,0.0,0.0,0.0,0.0,0.0
746,4,0.0,0.0,0.0,0.0,0.0
747,0,0.0,-0.0029327202357223073,0.0,0.0,-13.294371003605812
747,1,0.0,0.0,-2.835664918540946e-06,0.0,-0.5973196943956294
747,2,0.0,0.0,0.0,0.0,-0.08736251321607075
747,3,0.0,0.0,0.0,0.0,0.0
747,4,0.0,0.0,0.0,0.0,0.0
748,0,0.0,-0.0029327202357223073,0.0,0.0,-13.308633720579419
748,1,0.0,0.0,-2.835664918540946e-06,0.0,-0.5973196943956294
748,2,0.0,0.0,0.0,0.0,-0.08736251321607075
748,3,0.0,0.0,0.0,0.0,0.0
748,4,0.0,0.0,0.0,0.0,0.0
749,0,0.0,-0.0029327202357223073,0.0,0.0,-13.310593233960397
749,1,0.0,0.0,-2.835664918540946e-06,0.0,-0.5973196943956294
749,2,0.0,0.0,0.0,0.0,-0.08736251321607075
749,3,0.0,0.0,0.0,0.0,0.0
749,4,0.0,0.0,0.0,0.0,0.0
750,0,0.0,-0.0029327202357223073,0.0,0.0,-13.315074579105358
750,1,0.0,0.0,-2.835664918540946e-06,0.0,-0.5973196943956294
750,2,0.0,0.0,0.0,0.0,-0.08736251321607075
750,3,0.0,0.0,0.0,0.0,0.0
750,4,0.0,0.0,0.0,0.0,0.0
751,0,0.0,-0.0029327202357223073,0.0,0.0,-13.324287044787026
751,1,0.0,0.0,-2.835664918540946e-06,0.0,-0.5973196943956294
751,2,0.0,0.0,0.0,0.0,-0.08736251321607075
751,3,0.0,0.0,0.0,0.0,0.0
751,4,0.0,0.0,0.0,0.0,0.0
752,0,0.0,-0.0029327202357223073,0.0,0.0,-13.32874223655352
752,1,0.0,0.0,-2.835664918540946e-06,0.0,-0.5973196943956294
752,2,0.0,0.0,0.0,0.0,-0.08736251321607075
752,3,0.0,0.0,0.0,0.0,0.0
752,4,0.0,0.0,0.0,0.0,0.0
753,0,0.0,-0.0029327202357223073,0.0,0.0,-13.335423426079439
753,1,0.0,0.0,-2.835664918540946e-06,0.0,-0.5973196943956294
753,2,0.0,0.0,0.0,0.0,-0.08736251321607075
753,3,0.0,0.0,0.0,0.0,0.0
753,4,0.0,0.0,0.0,0.0,0.0
754,0,0.0,-0.0029327202357223073,0.0,0.0,-13.344589266478911
754,1,0.0,0.0,-2.835664918540946e-06,0.0,-0.5973196943956294
754,2,0.0,0.0,0.0,0.0,-0.08736251321607075
754,3,0.0,0.0,0.0,0.0,0.0
754,4,0.0,0.0,0.0,0.0,0.0
755,0,0.0,-0.0029327202357223073,0.0,0.0,-13.351232062061625
755,1,0.0,0.0,-2.835664918540946e-06,0.0,-0.5973196943956294
755,2,0.0,0.0,0.0,0.0,-0.08736251321607075
755,3,0.0,0.0,0.0,0.0,0.0
755,4,0.0,0.0,0.0,0.0,0.0
756,0,0.0,-0.0029327202357223073,0.0,0.0,-13.362859553628905
756,1,0.0,0.0,-2.835664918540946e-06,0.0,-0.5973196943956294
756,2,0.0,0.0,0.0,0.0,-0.08736251321607075
756,3,0.0,0.0,0.0,0.0,0.0
756,4,0.0,0.0,0.0,0.0,0.0
757,0,0.0,-0.0029327202357223073,0.0,0.0,-13.374455453901442
757,1,0.0,0.0,-2.835664918540946e-06,0.0,-0.5973196943956294
757,2,0.0,0.0,0.0,0.0,-0.08736251321607075
757,3,0.0,0.0,0.0,0.0,0.0
757,4,0.0,0.0,0.0,0.0,0.0
758,0,0.0,-0.0029327202357223073,0.0,0.0,-13.37881343998282
758,1,0.0,0.0,-2.835664918540946e-06,0.0,-0.5973196943956294
758,2,0.0,0.0,0.0,0.0,-0.08736251321607075
758,3,0.0,0.0,0.0,0.0,0.0
758,4,0.0,0.0,0.0,0.0,0.0
759,0,0.0,-0.0029327202357223073,0.0,0.0,-13.379674043721671
759,1,0.0,0.0,-2.835664918540946e-06,0.0,-0.5973196943956294
759,2,0.0,0.0,0.0,0.0,-0.08736251321607075
759,3,0.0,0.0,0.0,0.0,0.0
759,4,0.0,0.0,0.0,0.0,0.0
760,0,0.0,-0.0029327202357223073,0.0,0.0,-13.384024617024812
760,1,0.0,0.0,-2.835664918540946e-06,0.0,-0.5973196943956294
760,2,0.0,0.0,0.0,0.0,-0.08736251321607075
760,3,0.0,0.0,0.0,0.0,0.0
760,4,0.0,0.0,0.0,0.0,0.0
761,0,0.0,-0.0029327202357223073,0.0,0.0,-13.390575026963328
761,1,0.0,0.0,-2.835664918540946e-06,0.0,-0.5973196943956294
761,2,0.0,0.0,0.0,0.0,-0.08736251321607075
761,3,0.0,0.0,0.0,0.0,0.0
761,4,0.0,0.0,0.0,0.0,0.0
762,0,0.0,-0.0029327202357223073,0.0,0.0,-13.392439663131954
762,1,0.0,0.0,-2.835664918540946e-06,0.0,-0.5973196943956294
762,2,0.0,0.0,0.0,0.0,-0.08736251321607075
762,3,0.0,0.0,0.0,0.0,0.0
762,4,0.0,0.0,0.0,0.0,0.0
763,0,0.0,-0.0029327202357223073,0.0,0.0,-13.396768231737664
763,1,0.0,0.0,-2.835664918540946e-06,0.0,-0.5973196943956294
763,2,0.0,0.0,0.0,0.0,-0.08736251321607075
763,3,0.0,0.0,0.0,0.0,0.0
763,4,0.0,0.0,0.0,0.0,0.0
764,0,0.0,-0.0029327202357223073,0.0,0.0,-13.399677812500034
764,1,0.0,0.0,-2.835664918540946e-06,0.0,-0.5973196943956294
764,2,0.0,0.0,0.0,0.0,-0.08736251321607075
764,3,0.0,0.0,0.0,0.0,0.0
764,4,0.0,0.0,0.0,0.0,0.0
765,0,0.0,-0.0029327202357223073,0.0,0.0,-13.403994710145009
765,1,0.0,0.0,-2.835664918540946e-06,0.0,-0.5973196943956294
765,2,0.0,0.0,0.0,0.0,-0.08736251321607075
765,3,0.0,0.0,0.0,0.0,0.0
765,4,0.0,0.0,0.0,0.0,0.0
766,0,0.0,-0.0029327202357223073,0.0,0.0,-13.404826038424472
766,1,0.0,0.0,-2.835664918540946e-06,0.0,-0.5973196943956294
766,2,0.0,0.0,0.0,0.0,-0.08736251321607075
766,3,0.0,0.0,0.0,0.0,0.0
766,4,0.0,0.0,0.0,0.0,0.0
767,0,0.0,-0.0029327202357223073,0.0,0.0,-13.411341666050067
767,1,0.0,0.0,-2.835664918540946e-06,0.0,-0.5973196943956294
767,2,0.0,0.0,0.0,0.0,-0.08736251321607075
767,3,0.0,0.0,0.0,0.0,0.0
767,4,0.0,0.0,0.0,0.0,0.0
768,0,0.0,-0.0029327202357223073,0.0,0.0,-13.425342030764714
768,1,0.0,0.0,-2.835664918540946e-06,0.0,-0.5973196943956294
768,2,0.0,0.0,0.0,0.0,-0.08736251321607075
768,3,0.0,0.0,0.0,0.0,0.0
768,4,0.0,0.0,0.0,0.0,0.0
769,0,0.0,-0.0029327202357223073,0.0,0.0,-13.42961199459371
769,1,0.0,0.0,-2.835664918540946e-06,0.0,-0.5973196943956294
769,2,0.0,0.0,0.0,0.0,-0.08736251321607075
769,3,0.0,0.0,0.0,0.0,0.0
769,4,0.0,0.0,0.0,0.0,0.0
770,0,0.0,-0.0029327202357223073,0.0,0.0,-13.436066210576259
770,1,0.0,0.0,-2.835664918540946e-06,0.0,-0.5973196943956294
770,2,0.0,0.0,0.0,0.0,-0.08736251321607075
770,3,0.0,0.0,0.0,0.0,0.0
770,4,0.0,0.0,0.0,0.0,0.0
771,0,0.0,-0.0029327202357223073,0.0,0.0,-13.45000505614591
771,1,0.0,0.0,-2.835664918540946e-06,0.0,-0.5973196943956294
771,2,0.0,0.0,0.0,0.0,-0.08736251321607075
771,3,0.0,0.0,0.0,0.0,0.0
771,4,0.0,0.0,0.0,0.0,0.0
772,0,0.0,-0.0029327202357223073,0.0,0.0,-13.454228663519643
772,1,0.0,0.0,-2.835664918540946e-06,0.0,-0.5973196943956294
772,2,0.0,0.0,0.0,0.0,-0.08736251321607075
772,3,0.0,0.0,0.0,0.0,0.0
772,4,0.0,0.0,0.0,0.0,0.0
773,0,0.0,-0.0029327202357223073,0.0,0.0,-13.456020484942915
773,1,0.0,0.0,-2.835664918540946e-06,0.0,-0.5973196943956294
773,2,0.0,0.0,0.0,0.0,-0.08736251321607075
773,3,0.0,0.0,0.0,0.0,0.0
773,4,0.0,0.0,0.0,0.0,0.0
774,0,0.0,-0.0029327202357223073,0.0,0.0,-13.464911091178699
774,1,0.0,0.0,-2.835664918540946e-06,0.0,-0.5973196943956294
774,2,0.0,0.0,0.0,0.0,-0.08736251321607075
774,3,0.0,0.0,0.0,0.0,0.0
774,4,0.0,0.0,0.0,0.0,0.0
775,0,0.0,-0.0029327202357223073,0.0,0.0,-13.467731557381894
775,1,0.0,0.0,-2.835664918540946e-06,0.0,-0.5973196943956294
775,2,0.0,0.0,0.0,0.0,-0.08736251321607075
775,3,0.0,0.0,0.0,0.0,0.0
775,4,0.0,0.0,0.0,0.0,0.0
776,0,0.0,-0.0029327202357223073,0.0,0.0,-13.46950790253089
776,1,0.0,0.0,-2.835664918540946e-06,0.0,-0.5973196943956294
776,2,0.0,0.0,0.0,0.0,-0.08736251321607075
776,3,0.0,0.0,0.0,0.0,0.0
776,4,0.0,0.0,0.0,0.0,0.0
777,0,0.0,-0.0029327202357223073,0.0,0.0,-13.473699798344406
777,1,0.0,0.0,-2.835664918540946e-06,0.0,-0.5973196943956294
777,2,0.0,0.0,0.0,0.0,-0.08736251321607075
777,3,0.0,0.0,0.0,0.0,0.0
777,4,0.0,0.0,0.0,0.0,0.0
778,0,0.0,-0.0029327202357223073,0.0,0.0,-13.48005668318999
778,1,0.0,0.0,-2.835664918540946e-06,0.0,-0.5973196943956294
778,2,0.0,0.0,0.0,0.0,-0.08736251321607075
778,3,0.0,0.0,0.0,0.0,0.0
778,4,0.0,0.0,0.0,0.0,0.0
779,0,0.0,-0.0029327202357223073,0.0,0.0,-13.48639948090269
779,1,0.0,0.0,-2.835664918540946e-06,0.0,-0.5973196943956294
779,2,0.0,0.0,0.0,0.0,-0.08736251321607075
779,3,0.0,0.0,0.0,0.0,0.0
779,4,0.0,0.0,0.0,0.0,0.0
780,0,0.0,-0.0029327202357223073,0.0,0.0,-13.492728232964268
780,1,0.0,0.0,-2.835664918540946e-06,0.0,-0.5973196943956294
780,2,0.0,0.0,0.0,0.0,-0.08736251321607075
780,3,0.0,0.0,0.0,0.0,0.0
780,4,0.0,0.0,0.0,0.0,0.0
781,0,0.0,-0.0029327202357223073,0.0,0.0,-13.495510584165368
781,1,0.0,0.0,-2.835664918540946e-06,0.0,-0.5973196943956294
781,2,0.0,0.0,0.0,0.0,-0.08736251321607075
781,3,0.0,0.0,0.0,0.0,0.0
781,4,0.0,0.0,0.0,0.0,0.0
782,0,0.0,-0.0029327202357223073,0.0,0.0,-13.498289096140718
782,1,0.0,0.0,-2.835664918540946e-06,0.0,-0.5973196943956294
782,2,0.0,0.0,0.0,0.0,-0.08736251321607075
782,3,0.0,0.0,0.0,0.0,0.0
782,4,0.0,0.0,0.0,0.0,0.0
783,0,0.0,-0.0029327202357223073,0.0,0.0,-13.502430661366885
783,1,0.0,0.0,-2.835664918540946e-06,0.0,-0.5973196943956294
783,2,0.0,0.0,0.0,0.0,-0.08736251321607075
783,3,0.0,0.0,0.0,0.0,0.0
783,4,0.0,0.0,0.0,0.0,0.0
784,0,0.0,-0.0029327202357223073,0.0,0.0,-13.503149037433715
784,1,0.0,0.0,-2.835664918540946e-06,0.0,-0.5973196943956294
784,2,0.0,0.0,0.0,0.0,-0.08736251321607075
784,3,0.0,0.0,0.0,0.0,0.0
784,4,0.0,0.0,0.0,0.0,0.0
785,0,0.0,-0.0029327202357223073,0.0,0.0,-13.511948560171035
785,1,0.0,0.0,-2.835664918540946e-06,0.0,-0.5973196943956294
785,2,0.0,0.0,0.0,0.0,-0.08736251321607075
785,3,0.0,0.0,0.0,0.0,0.0
785,4,0.0,0.0,0.0,0.0,0.0
786,0,0.0,-0.0029327202357223073,0.0,0.0,-13.518227536095702
786,1,0.0,0.0,-2.835664918540946e-06,0.0,-0.5973196943956294
786,2,0.0,0.0,0.0,0.0,-0.08736251321607075
786,3,0.0,0.0,0.0,0.0,0.0
786,4,0.0,0.0,0.0,0.0,0.0
787,0,0.0,-0.0029327202357223073,0.0,0.0,-13.518927888358053
787,1,0.0,0.0,-2.835664918540946e-06,0.0,-0.5973196943956294
787,2,0.0,0.0,0.0,0.0,-0.08736251321607075
787,3,0.0,0.0,0.0,0.0,0.0
787,4,0.0,0.0,0.0,0.0,0.0
788,0,0.0,-0.0029327202357223073,0.0,0.0,-13.523035072497851
788,1,0.0,0.0,-2.835664918540946e-06,0.0,-0.5973196943956294
788,2,0.0,0.0,0.0,0.0,-0.08736251321607075
788,3,0.0,0.0,0.0,0.0,0.0
788,4,0.0,0.0,0.0,0.0,0.0
789,0,0.0,-0.0029327202357223073,0.0,0.0,-13.523730065401889
789,1,0.0,0.0,-2.835664918540946e-06,0.0,-0.5973196943956294
789,2,0.0,0.0,0.0,0.0,-0.08736251321607075
789,3,0.0,0.0,0.0,0.0,0.0
789,4,0.0,0.0,0.0,0.0,0.0
790,0,0.0,-0.0029327202357223073,0.0,0.0,-13.529990440927637
790,1,0.0,0.0,-2.835664918540946e-06,0.0,-0.5973196943956294
790,2,0.0,0.0,0.0,0.0,-0.08736251321607075
790,3,0.0,0.0,0.0,0.0,0.0
790,4,0.0,0.0,0.0,0.0,0.0
791,0,0.0,-0.0029327202357223073,0.0,0.0,-13.541235132712666
791,1,0.0,0.0,-2.835664918540946e-06,0.0,-0.5973196943956294
791,2,0.0,0.0,0.0,0.0,-0.08736251321607075
791,3,0.0,0.0,0.0,0.0,0.0
791,4,0.0,0.0,0.0,0.0,0.0
792,0,0.0,-0.0029327202357223073,0.0,0.0,-13.545303165820702
792,1,0.0,0.0,-2.835664918540946e-06,0.0,-0.5973196943956294
792,2,0.0,0.0,0.0,0.0,-0.08736251321607075
792,3,0.0,0.0,0.0,0.0,0.0
792,4,0.0,0.0,0.0,0.0,0.0
793,0,0.0,-0.0029327202357223073,0.0,0.0,-13.545972759870779
793,1,0.0,0.0,-2.835664918540946e-06,0.0,-0.5973196943956294
793,2,0.0,0.0,0.0,0.0,-0.08736251321607075
793,3,0.0,0.0,0.0,0.0,0.0
793,4,0.0,0.0,0.0,0.0,0.0
794,0,0.0,-0.0029327202357223073,0.0,0.0,-13.548685089554361
794,1,0.0,0.0,-2.835664918540946e-06,0.0,-0.5973196943956294
794,2,0.0,0.0,0.0,0.0,-0.08736251321607075
794,3,0.0,0.0,0.0,0.0,0.0
794,4,0.0,0.0,0.0,0.0,0.0
795,0,0.0,-0.0029327202357223073,0.0,0.0,-13.55036767951452
795,1,0.0,0.0,-2.835664918540946e-06,0.0,-0.5973196943956294
795,2,0.0,0.0,0.0,0.0,-0.08736251321607075
795,3,0.0,0.0,0.0,0.0,0.0
795,4,0.0,0.0,0.0,0.0,0.0
796,0,0.0,-0.0029327202357223073,0.0,0.0,-13.551032141919968
796,1,0.0,0.0,-2.835664918540946e-06,0.0,-0.5973196943956294
796,2,0.0,0.0,0.0,0.0,-0.08736251321607075
796,3,0.0,0.0,0.0,0.0,0.0
796,4,0.0,0.0,0.0,0.0,0.0
797,0,0.0,-0.0029327202357223073,0.0,0.0,-13.551696193193123
797,1,0.0,0.0,-2.835664918540946e-06,0.0,-0.5973196943956294
797,2,0.0,0.0,0.0,0.0,-0.08736251321607075
797,3,0.0,0.0,0.0,0.0,0.0
797,4,0.0,0.0,0.0,0.0,0.0
798,0,0.0,-0.0029327202357223073,0.0,0.0,-13.557904453290044
798,1,0.0,0.0,-2.835664918540946e-06,0.0,-0.5973196943956294
798,2,0.0,0.0,0.0,0.0,-0.08736251321607075
798,3,0.0,0.0,0.0,0.0,0.0
798,4,0.0,0.0,0.0,0.0,0.0
799,0,0.0,-0.0029327202357223073,0.0,0.0,-13.558560747371873
799,1,0.0,0.0,-2.835664918540946e-06,0.0,-0.5973196943956294
799,2,0.0,0.0,0.0,0.0,-0.08736251321607075
799,3,0.0,0.0,0.0,0.0,0.0
799,4,0.0,0.0,0.0,0.0,0.0
800,0,0.0,-0.0029327202357223073,0.0,0.0,-13.564756602603447
800,1,0.0,0.0,-2.835664918540946e-06,0.0,-0.5973196943956294
800,2,0.0,0.0,0.0,0.0,-0.08736251321607075
800,3,0.0,0.0,0.0,0.0,0.0
800,4,0.0,0.0,0.0,0.0,0.0
801,0,0.0,-0.0029327202357223073,0.0,0.0,-13.567444399417248
801,1,0.0,0.0,-2.835664918540946e-06,0.0,-0.5973196943956294
801,2,0.0,0.0,0.0,0.0,-0.08736251321607075
801,3,0.0,0.0,0.0,0.0,0.0
801,4,0.0,0.0,0.0,0.0,0.0
802,0,0.0,-0.0029327202357223073,0.0,0.0,-13.573622995461378
802,1,0.0,0.0,-2.835664918540946e-06,0.0,-0.5973196943956294
802,2,0.0,0.0,0.0,0.0,-0.08736251321607075
802,3,0.0,0.0,0.0,0.0,0.0
802,4,0.0,0.0,0.0,0.0,0.0
803,0,0.0,-0.0029327202357223073,0.0,0.0,-13.575276890348722
803,1,0.0,0.0,-2.835664918540946e-06,0.0,-0.5973196943956294
803,2,0.0,0.0,0.0,0.0,-0.08736251321607075
803,3,0.0,0.0,0.0,0.0,0.0
803,4,0.0,0.0,0.0,0.0,0.0
804,0,0.0,-0.0029327202357223073,0.0,0.0,-13.577950753207677
804,1,0.0,0.0,-2.835664918540946e-06,0.0,-0.5973196943956294
804,2,0.0,0.0,0.0,0.0,-0.08736251321607075
804,3,0.0,0.0,0.0,0.0,0.0
804,4,0.0,0.0,0.0,0.0,0.0
805,0,0.0,-0.0029327202357223073,0.0,0.0,-13.579599521797114
805,1,0.0,0.0,-2.835664918540946e-06,0.0,-0.5973196943956294
805,2,0.0,0.0,0.0,0.0,-0.08736251321607075
805,3,0.0,0.0,0.0,0.0,0.0
805,4,0.0,0.0,0.0,0.0,0.0
806,0,0.0,-0.0029327202357223073,0.0,0.0,-13.590756234176588
806,1,0.0,0.0,-2.835664918540946e-06,0.0,-0.5973196943956294
806,2,0.0,0.0,0.0,0.0,-0.08736251321607075
806,3,0.0,0.0,0.0,0.0,0.0
806,4,0.0,0.0,0.0,0.0,0.0
807,0,0.0,-0.0029327202357223073,0.0,0.0,-13.593411180260727
807,1,0.0,0.0,-2.835664918540946e-06,0.0,-0.5973196943956294
807,2,0.0,0.0,0.0,0.0,-0.08736251321607075
807,3,0.0,0.0,0.0,0.0,0.0
807,4,0.0,0.0,0.0,0.0,0.0
808,0,0.0,-0.0029327202357223073,0.0,0.0,-13.607034080064077
808,1,0.0,0.0,-2.835664918540946e-06,0.0,-0.5973196943956294
808,2,0.0,0.0,0.0,0.0,-0.08736251321607075
808,3,0.0,0.0,0.0,0.0,0.0
808,4,0.0,0.0,0.0,0.0,0.0
809,0,0.0,-0.0029327202357223073,0.0,0.0,-13.608651665284233
809,1,0.0,0.0,-2.835664918540946e-06,0.0,-0.5973196943956294
809,2,0.0,0.0,0.0,0.0,-0.08736251321607075
809,3,0.0,0.0,0.0,0.0,0.0
809,4,0.0,0.0,0.0,0.0,0.0
810,0,0.0,-0.0029327202357223073,0.0,0.0,-13.614738267285015
810,1,0.0,0.0,-2.835664918540946e-06,0.0,-0.5973196943956294
810,2,0.0,0.0,0.0,0.0,-0.08736251321607075
810,3,0.0,0.0,0.0,0.0,0.0
810,4,0.0,0.0,0.0,0.0,0.0
811,0,0.0,-0.0029327202357223073,0.0,0.0,-13.61533068781748
811,1,0.0,0.0,-2.835664918540946e-06,0.0,-0.5973196943956294
811,2,0.0,0.0,0.0,0.0,-0.08736251321607075
811,3,0.0,0.0,0.0,0.0,0.0
811,4,0.0,0.0,0.0,0.0,0.0
812,0,0.0,-0.0029327202357223073,0.0,0.0,-13.619281884213471
812,1,0.0,0.0,-2.835664918540946e-06,0.0,-0.5973196943956294
812,2,0.0,0.0,0.0,0.0,-0.08736251321607075
812,3,0.0,0.0,0.0,0.0,0.0
812,4,0.0,0.0,0.0,0.0,0.0
813,0,0.0,-0.0029327202357223073,0.0,0.0,-13.621901217065274
813,1,0.0,0.0,-2.835664918540946e-06,0.0,-0.5973196943956294
813,2,0.0,0.0,0.0,0.0,-0.08736251321607075
813,3,0.0,0.0,0.0,0.0,0.0
813,4,0.0,0.0,0.0,0.0,0.0
814,0,0.0,-0.0029327202357223073,0.0,0.0,-13.635462316030367
814,1,0.0,0.0,-2.835664918540946e-06,0.0,-0.5973196943956294
814,2,0.0,0.0,0.0,0.0,-0.08736251321607075
814,3,0.0,0.0,0.0,0.0,0.0
814,4,0.0,0.0,0.0,0.0,0.0
815,0,0.0,-0.0029327202357223073,0.0,0.0,-13.6370484972559
815,1,0.0,0.0,-2.835664918540946e-06,0.0,-0.5973196943956294
815,2,0.0,0.0,0.0,0.0,-0.08736251321607075
815,3,0.0,0.0,0.0,0.0,0.0
815,4,0.0,0.0,0.0,0.0,0.0
816,0,0.0,-0.0029327202357223073,0.0,0.0,-13.637616246361937
816,1,0.0,0.0,-2.835664918540946e-06,0.0,-0.5973196943956294
816,2,0.0,0.0,0.0,0.0,-0.08736251321607075
816,3,0.0,0.0,0.0,0.0,0.0
816,4,0.0,0.0,0.0,0.0,0.0
817,0,0.0,-0.0029327202357223073,0.0,0.0,-13.646139465734063
817,1,0.0,0.0,-2.835664918540946e-06,0.0,-0.5973196943956294
817,2,0.0,0.0,0.0,0.0,-0.08736251321607075
817,3,0.0,0.0,0.0,0.0,0.0
817,4,0.0,0.0,0.0,0.0,0.0
818,0,0.0,-0.0029327202357223073,0.0,0.0,-13.654641151244371
818,1,0.0,0.0,-2.835664918540946e-06,0.0,-0.5973196943956294
818,2,0.0,0.0,0.0,0.0,-0.08736251321607075
818,3,0.0,0.0,0.0,0.0,0.0
818,4,0.0,0.0,0.0,0.0,0.0
819,0,0.0,-0.0029327202357223073,0.0,0.0,-13.66312137172008
819,1,0.0,0.0,-2.835664918540946e-06,0.0,-0.5973196943956294
819,2,0.0,0.0,0.0,0.0,-0.08736251321607075
819,3,0.0,0.0,0.0,0.0,0.0
819,4,0.0,0.0,0.0,0.0,0.0
820,0,0.0,-0.0029327202357223073,0.0,0.0,-13.671580195739848
820,1,0.0,0.0,-2.835664918540946e-06,0.0,-0.5973196943956294
820,2,0.0,0.0,0.0,0.0,-0.08736251321607075
820,3,0.0,0.0,0.0,0.0,0.0
820,4,0.0,0.0,0.0,0.0,0.0
821,0,0.0,-0.0029327202357223073,0.0,0.0,-13.674136518357834
821,1,0.0,0.0,-2.835664918540946e-06,0.0,-0.5973196943956294
821,2,0.0,0.0,0.0,0.0,-0.08736251321607075
821,3,0.0,0.0,0.0,0.0,0.0
821,4,0.0,0.0,0.0,0.0,0.0
822,0,0.0,-0.0029327202357223073,0.0,0.0,-13.68757069309853
822,1,0.0,0.0,-2.835664918540946e-06,0.0,-0.5973196943956294
822,2,0.0,0.0,0.0,0.0,-0.08736251321607075
822,3,0.0,0.0,0.0,0.0,0.0
822,4,0.0,0.0,0.0,0.0,0.0
823,0,0.0,-0.0029327202357223073,0.0,0.0,-13.69010847412781
823,1,0.0,0.0,-2.835664918540946e-06,0.0,-0.5973196943956294
823,2,0.0,0.0,0.0,0.0,-0.08736251321607075
823,3,0.0,0.0,0.0,0.0,0.0
823,4,0.0,0.0,0.0,0.0,0.0
824,0,0.0,-0.0029327202357223073,0.0,0.0,-13.690615992754791
824,1,0.0,0.0,-2.835664918540946e-06,0.0,-0.5973196943956294
824,2,0.0,0.0,0.0,0.0,-0.08736251321607075
824,3,0.0,0.0,0.0,0.0,0.0
824,4,0.0,0.0,0.0,0.0,0.0
825,0,0.0,-0.0029327202357223073,0.0,0.0,-13.694440185123419
825,1,0.0,0.0,-2.835664918540946e-06,0.0,-0.5973196943956294
825,2,0.0,0.0,0.0,0.0,-0.08736251321607075
825,3,0.0,0.0,0.0,0.0,0.0
825,4,0.0,0.0,0.0,0.0,0.0
826,0,0.0,-0.0029327202357223073,0.0,0.0,-13.707828345949624
826,1,0.0,0.0,-2.835664918540946e-06,0.0,-0.5973196943956294
826,2,0.0,0.0,0.0,0.0,-0.08736251321607075
826,3,0.0,0.0,0.0,0.0,0.0
826,4,0.0,0.0,0.0,0.0,0.0
827,0,0.0,-0.0029327202357223073,0.0,0.0,-13.7211787272154
827,1,0.0,0.0,-2.835664918540946e-06,0.0,-0.5973196943956294
827,2,0.0,0.0,0.0,0.0,-0.08736251321607075
827,3,0.0,0.0,0.0,0.0,0.0
827,4,0.0,0.0,0.0,0.0,0.0
828,0,0.0,-0.0029327202357223073,0.0,0.0,-13.726999870476916
828,1,0.0,0.0,-2.835664918540946e-06,0.0,-0.5973196943956294
828,2,0.0,0.0,0.0,0.0,-0.08736251321607075
828,3,0.0,0.0,0.0,0.0,0.0
828,4,0.0,0.0,0.0,0.0,0.0
829,0,0.0,-0.0029327202357223073,0.0,0.0,-13.728487027098444
829,1,0.0,0.0,-2.835664918540946e-06,0.0,-0.5973196943956294
829,2,0.0,0.0,0.0,0.0,-0.08736251321607075
829,3,0.0,0.0,0.0,0.0,0.0
829,4,0.0,0.0,0.0,0.0,0.0
830,0,0.0,-0.0029327202357223073,0.0,0.0,-13.730976240335336
830,1,0.0,0.0,-2.835664918540946e-06,0.0,-0.5973196943956294
830,2,0.0,0.0,0.0,0.0,-0.08736251321607075
830,3,0.0,0.0,0.0,0.0,0.0
830,4,0.0,0.0,0.0,0.0,0.0
831,0,0.0,-0.0029327202357223073,0.0,0.0,-13.736780912205868
831,1,0.0,0.0,-2.835664918540946e-06,0.0,-0.5973196943956294
831,2,0.0,0.0,0.0,0.0,-0.08736251321607075
831,3,0.0,0.0,0.0,0.0,0.0
831,4,0.0,0.0,0.0,0.0,0.0
832,0,0.0,-0.0029327202357223073,0.0,0.0,-13.742573167318088
832,1,0.0,0.0,-2.835664918540946e-06,0.0,-0.5973196943956294
832,2,0.0,0.0,0.0,0.0,-0.08736251321607075
832,3,0.0,0.0,0.0,0.0,0.0
832,4,0.0,0.0,0.0,0.0,0.0
833,0,0.0,-0.0029327202357223073,0.0,0.0,-13.750844328163101
833,1,0.0,0.0,-2.835664918540946e-06,0.0,-0.5973196943956294
833,2,0.0,0.0,0.0,0.0,-0.08736251321607075
833,3,0.0,0.0,0.0,0.0,0.0
833,4,0.0,0.0,0.0,0.0,0.0
834,0,0.0,-0.0029327202357223073,0.0,0.0,-13.759094742257716
834,1,0.0,0.0,-2.835664918540946e-06,0.0,-0.5973196943956294
834,2,0.0,0.0,0.0,0.0,-0.08736251321607075
834,3,0.0,0.0,0.0,0.0,0.0
834,4,0.0,0.0,0.0,0.0,0.0
835,0,0.0,-0.0029327202357223073,0.0,0.0,-13.760546034181711
835,1,0.0,0.0,-2.835664918540946e-06,0.0,-0.5973196943956294
835,2,0.0,0.0,0.0,0.0,-0.08736251321607075
835,3,0.0,0.0,0.0,0.0,0.0
835,4,0.0,0.0,0.0,0.0,0.0
836,0,0.0,-0.0029327202357223073,0.0,0.0,-13.771275028790011
836,1,0.0,0.0,-2.835664918540946e-06,0.0,-0.5973196943956294
836,2,0.0,0.0,0.0,0.0,-0.08736251321607075
836,3,0.0,0.0,0.0,0.0,0.0
836,4,0.0,0.0,0.0,0.0,0.0
837,0,0.0,-0.0029327202357223073,0.0,0.0,-13.776985663345945
837,1,0.0,0.0,-2.835664918540946e-06,0.0,-0.5973196943956294
837,2,0.0,0.0,0.0,0.0,-0.08736251321607075
837,3,0.0,0.0,0.0,0.0,0.0
837,4,0.0,0.0,0.0,0.0,0.0
838,0,0.0,-0.0029327202357223073,0.0,0.0,-13.782684180592156
838,1,0.0,0.0,-2.835664918540946e-06,0.0,-0.5973196943956294
838,2,0.0,0.0,0.0,0.0,-0.08736251321607075
838,3,0.0,0.0,0.0,0.0,0.0
838,4,0.0,0.0,0.0,0.0,0.0
839,0,0.0,-0.0029327202357223073,0.0,0.0,-13.784109443476309
839,1,0.0,0.0,-2.835664918540946e-06,0.0,-0.5973196943956294
839,2,0.0,0.0,0.0,0.0,-0.08736251321607075
839,3,0.0,0.0,0.0,0.0,0.0
839,4,0.0,0.0,0.0,0.0,0.0
840,0,0.0,-0.0029327202357223073,0.0,0.0,-13.785533157750384
840,1,0.0,0.0,-2.835664918540946e-06,0.0,-0.5973196943956294
840,2,0.0,0.0,0.0,0.0,-0.08736251321607075
840,3,0.0,0.0,0.0,0.0,0.0
840,4,0.0,0.0,0.0,0.0,0.0
841,0,0.0,-0.0029327202357223073,0.0,0.0,-13.79870739770142
841,1,0.0,0.0,-2.835664918540946e-06,0.0,-0.5973196943956294
841,2,0.0,0.0,0.0,0.0,-0.08736251321607075
841,3,0.0,0.0,0.0,0.0,0.0
841,4,0.0,0.0,0.0,0.0,0.0
842,0,0.0,-0.0029327202357223073,0.0,0.0,-13.809344516248924
842,1,0.0,0.0,-2.835664918540946e-06,0.0,-0.5973196943956294
842,2,0.0,0.0,0.0,0.0,-0.08736251321607075
842,3,0.0,0.0,0.0,0.0,0.0
842,4,0.0,0.0,0.0,0.0,0.0
843,0,0.0,-0.0029327202357223073,0.0,0.0,-13.809715452261667
843,1,0.0,0.0,-2.835664918540946e-06,0.0,-0.5973196943956294
843,2,0.0,0.0,0.0,0.0,-0.08736251321607075
843,3,0.0,0.0,0.0,0.0,0.0
843,4,0.0,0.0,0.0,0.0,0.0
844,0,0.0,-0.0029327202357223073,0.0,0.0,-13.815339108683366
844,1,0.0,0.0,-2.835664918540946e-06,0.0,-0.5973196943956294
844,2,0.0,0.0,0.0,0.0,-0.08736251321607075
844,3,0.0,0.0,0.0,0.0,0.0
844,4,0.0,0.0,0.0,0.0,0.0
845,0,0.0,-0.0029327202357223073,0.0,0.0,-13.828437546683448
845,1,0.0,0.0,-2.835664918540946e-06,0.0,-0.5973196943956294
845,2,0.0,0.0,0.0,0.0,-0.08736251321607075
845,3,0.0,0.0,0.0,0.0,0.0
845,4,0.0,0.0,0.0,0.0,0.0
846,0,0.0,-0.0029327202357223073,0.0,0.0,-13.834014120671641
846,1,0.0,0.0,-2.835664918540946e-06,0.0,-0.5973196943956294
846,2,0.0,0.0,0.0,0.0,-0.08736251321607075
846,3,0.0,0.0,0.0,0.0,0.0
846,4,0.0,0.0,0.0,0.0,0.0
847,0,0.0,-0.0029327202357223073,0.0,0.0,-13.837598920367427
847,1,0.0,0.0,-2.835664918540946e-06,0.0,-0.5973196943956294
847,2,0.0,0.0,0.0,0.0,-0.08736251321607075
847,3,0.0,0.0,0.0,0.0,0.0
847,4,0.0,0.0,0.0,0.0,0.0
848,0,0.0,-0.0029327202357223073,0.0,0.0,-13.850642825930217
848,1,0.0,0.0,-2.835664918540946e-06,0.0,-0.5973196943956294
848,2,0.0,0.0,0.0,0.0,-0.08736251321607075
848,3,0.0,0.0,0.0,0.0,0.0
848,4,0.0,0.0,0.0,0.0,0.0
849,0,0.0,-0.0029327202357223073,0.0,0.0,-13.863650028064864
849,1,0.0,0.0,-2.835664918540946e-06,0.0,-0.5973196943956294
849,2,0.0,0.0,0.0,0.0,-0.08736251321607075
849,3,0.0,0.0,0.0,0.0,0.0
849,4,0.0,0.0,0.0,0.0,0.0
850,0,0.0,-0.0029327202357223073,0.0,0.0,-13.86395838333788
850,1,0.0,0.0,-2.835664918540946e-06,0.0,-0.5973196943956294
850,2,0.0,0.0,0.0,0.0,-0.08736251321607075
850,3,0.0,0.0,0.0,0.0,0.0
850,4,0.0,0.0,0.0,0.0,0.0
851,0,0.0,-0.0029327202357223073,0.0,0.0,-13.86529710092172
851,1,0.0,0.0,-2.835664918540946e-06,0.0,-0.5973196943956294
851,2,0.0,0.0,0.0,0.0,-0.08736251321607075
851,3,0.0,0.0,0.0,0.0,0.0
851,4,0.0,0.0,0.0,0.0,0.0
852,0,0.0,-0.0029327202357223073,0.0,0.0,-13.865604365414834
852,1,0.0,0.0,-2.835664918540946e-06,0.0,-0.5973196943956294
852,2,0.0,0.0,0.0,0.0,-0.08736251321607075
852,3,0.0,0.0,0.0,0.0,0.0
852,4,0.0,0.0,0.0,0.0,0.0
853,0,0.0,-0.0029327202357223073,0.0,0.0,-13.86793293458212
853,1,0.0,0.0,-2.835664918540946e-06,0.0,-0.5973196943956294
853,2,0.0,0.0,0.0,0.0,-0.08736251321607075
853,3,0.0,0.0,0.0,0.0,0.0
853,4,0.0,0.0,0.0,0.0,0.0
854,0,0.0,-0.0029327202357223073,0.0,0.0,-13.870258513993015
854,1,0.0,0.0,-2.835664918540946e-06,0.0,-0.5973196943956294
854,2,0.0,0.0,0.0,0.0,-0.08736251321607075
854,3,0.0,0.0,0.0,0.0,0.0
854,4,0.0,0.0,0.0,0.0,0.0
855,0,0.0,-0.0029327202357223073,0.0,0.0,-13.87822724112272
855,1,0.0,0.0,-2.835664918540946e-06,0.0,-0.5973196943956294
855,2,0.0,0.0,0.0,0.0,-0.08736251321607075
855,3,0.0,0.0,0.0,0.0,0.0
855,4,0.0,0.0,0.0,0.0,0.0
856,0,0.0,-0.0029327202357223073,0.0,0.0,-13.878520326282107
856,1,0.0,0.0,-2.835664918540946e-06,0.0,-0.5973196943956294
856,2,0.0,0.0,0.0,0.0,-0.08736251321607075
856,3,0.0,0.0,0.0,0.0,0.0
856,4,0.0,0.0,0.0,0.0,0.0
857,0,0.0,-0.0029327202357223073,0.0,0.0,-13.886471388093868
857,1,0.0,0.0,-2.835664918540946e-06,0.0,-0.5973196943956294
857,2,0.0,0.0,0.0,0.0,-0.08736251321607075
857,3,0.0,0.0,0.0,0.0,0.0
857,4,0.0,0.0,0.0,0.0,0.0
858,0,0.0,-0.0029327202357223073,0.0,0.0,-13.896902698959439
858,1,0.0,0.0,-2.835664918540946e-06,0.0,-0.5973196943956294
858,2,0.0,0.0,0.0,0.0,-0.08736251321607075
858,3,0.0,0.0,0.0,0.0,0.0
858,4,0.0,0.0,0.0,0.0,0.0
859,0,0.0,-0.0029327202357223073,0.0,0.0,-13.907305988783433
859,1,0.0,0.0,-2.835664918540946e-06,0.0,-0.5973196943956294
859,2,0.0,0.0,0.0,0.0,-0.08736251321607075
859,3,0.0,0.0,0.0,0.0,0.0
859,4,0.0,0.0,0.0,0.0,0.0
860,0,0.0,-0.0029327202357223073,0.0,0.0,-13.917681351023072
860,1,0.0,0.0,-2.835664918540946e-06,0.0,-0.5973196943956294
860,2,0.0,0.0,0.0,0.0,-0.08736251321607075
860,3,0.0,0.0,0.0,0.0,0.0
860,4,0.0,0.0,0.0,0.0,0.0
861,0,0.0,-0.0029327202357223073,0.0,0.0,-13.9230533209253
861,1,0.0,0.0,-2.835664918540946e-06,0.0,-0.5973196943956294
861,2,0.0,0.0,0.0,0.0,-0.08736251321607075
861,3,0.0,0.0,0.0,0.0,0.0
861,4,0.0,0.0,0.0,0.0,0.0
862,0,0.0,-0.0029327202357223073,0.0,0.0,-13.925315874848076
862,1,0.0,0.0,-2.835664918540946e-06,0.0,-0.5973196943956294
862,2,0.0,0.0,0.0,0.0,-0.08736251321607075
862,3,0.0,0.0,0.0,0.0,0.0
862,4,0.0,0.0,0.0,0.0,0.0
863,0,0.0,-0.0029327202357223073,0.0,0.0,-13.93564952849262
863,1,0.0,0.0,-2.835664918540946e-06,0.0,-0.5973196943956294
863,2,0.0,0.0,0.0,0.0,-0.08736251321607075
863,3,0.0,0.0,0.0,0.0,0.0
863,4,0.0,0.0,0.0,0.0,0.0
864,0,0.0,-0.0029327202357223073,0.0,0.0,-13.948455474513953
864,1,0.0,0.0,-2.835664918540946e-06,0.0,-0.5973196943956294
864,2,0.0,0.0,0.0,0.0,-0.08736251321607075
864,3,0.0,0.0,0.0,0.0,0.0
864,4,0.0,0.0,0.0,0.0,0.0
865,0,0.0,-0.0029327202357223073,0.0,0.0,-13.95375411059512
865,1,0.0,0.0,-2.835664918540946e-06,0.0,-0.5973196943956294
865,2,0.0,0.0,0.0,0.0,-0.08736251321607075
865,3,0.0,0.0,0.0,0.0,0.0
865,4,0.0,0.0,0.0,0.0,0.0
866,0,0.0,-0.0029327202357223073,0.0,0.0,-13.957152505848319
866,1,0.0,0.0,-2.835664918540946e-06,0.0,-0.5973196943956294
866,2,0.0,0.0,0.0,0.0,-0.08736251321607075
866,3,0.0,0.0,0.0,0.0,0.0
866,4,0.0,0.0,0.0,0.0,0.0
867,0,0.0,-0.0029327202357223073,0.0,0.0,-13.959376118123469
867,1,0.0,0.0,-2.835664918540946e-06,0.0,-0.5973196943956294
867,2,0.0,0.0,0.0,0.0,-0.08736251321607075
867,3,0.0,0.0,0.0,0.0,0.0
867,4,0.0,0.0,0.0,0.0,0.0
868,0,0.0,-0.0029327202357223073,0.0,0.0,-13.96962718644614
868,1,0.0,0.0,-2.835664918540946e-06,0.0,-0.5973196943956294
868,2,0.0,0.0,0.0,0.0,-0.08736251321607075
868,3,0.0,0.0,0.0,0.0,0.0
868,4,0.0,0.0,0.0,0.0,0.0
869,0,0.0,-0.0029327202357223073,0.0,0.0,-13.98235080669823
869,1,0.0,0.0,-2.835664918540946e-06,0.0,-0.5973196943956294
869,2,0.0,0.0,0.0,0.0,-0.08736251321607075
869,3,0.0,0.0,0.0,0.0,0.0
869,4,0.0,0.0,0.0,0.0,0.0
870,0,0.0,-0.0029327202357223073,0.0,0.0,-13.990038737732045
870,1,0.0,0.0,-2.835664918540946e-06,0.0,-0.5973196943956294
870,2,0.0,0.0,0.0,0.0,-0.08736251321607075
870,3,0.0,0.0,0.0,0.0,0.0
870,4,0.0,0.0,0.0,0.0,0.0
871,0,0.0,-0.0029327202357223073,0.0,0.0,-13.997707766901183
871,1,0.0,0.0,-2.835664918540946e-06,0.0,-0.5973196943956294
871,2,0.0,0.0,0.0,0.0,-0.08736251321607075
871,3,0.0,0.0,0.0,0.0,0.0
871,4,0.0,0.0,0.0,0.0,0.0
872,0,0.0,-0.0029327202357223073,0.0,0.0,-14.00103846528105
872,1,0.0,0.0,-2.835664918540946e-06,0.0,-0.5973196943956294
872,2,0.0,0.0,0.0,0.0,-0.08736251321607075
872,3,0.0,0.0,0.0,0.0,0.0
872,4,0.0,0.0,0.0,0.0,0.0
873,0,0.0,-0.0029327202357223073,0.0,0.0,-14.001188169794984
873,1,0.0,0.0,-2.835664918540946e-06,0.0,-0.5973196943956294
873,2,0.0,0.0,0.0,0.0,-0.08736251321607075
873,3,0.0,0.0,0.0,0.0,0.0
873,4,0.0,0.0,0.0,0.0,0.0
874,0,0.0,-0.0029327202357223073,0.0,0.0,-14.01133564404827
874,1,0.0,0.0,-2.835664918540946e-06,0.0,-0.5973196943956294
874,2,0.0,0.0,0.0,0.0,-0.08736251321607075
874,3,0.0,0.0,0.0,0.0,0.0
874,4,0.0,0.0,0.0,0.0,0.0
875,0,0.0,-0.0029327202357223073,0.0,0.0,-14.018956001203383
875,1,0.0,0.0,-2.835664918540946e-06,0.0,-0.5973196943956294
875,2,0.0,0.0,0.0,0.0,-0.08736251321607075
875,3,0.0,0.0,0.0,0.0,0.0
875,4,0.0,0.0,0.0,0.0,0.0
876,0,0.0,-0.0029327202357223073,0.0,0.0,-14.024095816630288
876,1,0.0,0.0,-2.835664918540946e-06,0.0,-0.5973196943956294
876,2,0.0,0.0,0.0,0.0,-0.08736251321607075
876,3,0.0,0.0,0.0,0.0,0.0
876,4,0.0,0.0,0.0,0.0,0.0
877,0,0.0,-0.0029327202357223073,0.0,0.0,-14.025261268049723
877,1,0.0,0.0,-2.835664918540946e-06,0.0,-0.5973196943956294
877,2,0.0,0.0,0.0,0.0,-0.08736251321607075
877,3,0.0,0.0,0.0,0.0,0.0
877,4,0.0,0.0,0.0,0.0,0.0
878,0,0.0,-0.0029327202357223073,0.0,0.0,-14.037852365646094
878,1,0.0,0.0,-2.835664918540946e-06,0.0,-0.5973196943956294
878,2,0.0,0.0,0.0,0.0,-0.08736251321607075
878,3,0.0,0.0,0.0,0.0,0.0
878,4,0.0,0.0,0.0,0.0,0.0
879,0,0.0,-0.0029327202357223073,0.0,0.0,-14.039003365974606
879,1,0.0,0.0,-2.835664918540946e-06,0.0,-0.5973196943956294
879,2,0.0,0.0,0.0,0.0,-0.08736251321607075
879,3,0.0,0.0,0.0,0.0,0.0
879,4,0.0,0.0,0.0,0.0,0.0
880,0,0.0,-0.0029327202357223073,0.0,0.0,-14.041135572053767
880,1,0.0,0.0,-2.835664918540946e-06,0.0,-0.5973196943956294
880,2,0.0,0.0,0.0,0.0,-0.08736251321607075
880,3,0.0,0.0,0.0,0.0,0.0
880,4,0.0,0.0,0.0,0.0,0.0
881,0,0.0,-0.0029327202357223073,0.0,0.0,-14.044402813740334
881,1,0.0,0.0,-2.835664918540946e-06,0.0,-0.5973196943956294
881,2,0.0,0.0,0.0,0.0,-0.08736251321607075
881,3,0.0,0.0,0.0,0.0,0.0
881,4,0.0,0.0,0.0,0.0,0.0
882,0,0.0,-0.0029327202357223073,0.0,0.0,-14.045546640303977
882,1,0.0,0.0,-2.835664918540946e-06,0.0,-0.5973196943956294
882,2,0.0,0.0,0.0,0.0,-0.08736251321607075
882,3,0.0,0.0,0.0,0.0,0.0
882,4,0.0,0.0,0.0,0.0,0.0
883,0,0.0,-0.0029327202357223073,0.0,0.0,-14.047670623427368
883,1,0.0,0.0,-2.835664918540946e-06,0.0,-0.5973196943956294
883,2,0.0,0.0,0.0,0.0,-0.08736251321607075
883,3,0.0,0.0,0.0,0.0,0.0
883,4,0.0,0.0,0.0,0.0,0.0
884,0,0.0,-0.0029327202357223073,0.0,0.0,-14.060216537743736
884,1,0.0,0.0,-2.835664918540946e-06,0.0,-0.5973196943956294
884,2,0.0,0.0,0.0,0.0,-0.08736251321607075
884,3,0.0,0.0,0.0,0.0,0.0
884,4,0.0,0.0,0.0,0.0,0.0
885,0,0.0,-0.0029327202357223073,0.0,0.0,-14.065271543300323
885,1,0.0,0.0,-2.835664918540946e-06,0.0,-0.5973196943956294
885,2,0.0,0.0,0.0,0.0,-0.08736251321607075
885,3,0.0,0.0,0.0,0.0,0.0
885,4,0.0,0.0,0.0,0.0,0.0
886,0,0.0,-0.0029327202357223073,0.0,0.0,-14.066392878389646
886,1,0.0,0.0,-2.835664918540946e-06,0.0,-0.5973196943956294
886,2,0.0,0.0,0.0,0.0,-0.08736251321607075
886,3,0.0,0.0,0.0,0.0,0.0
886,4,0.0,0.0,0.0,0.0,0.0
887,0,0.0,-0.0029327202357223073,0.0,0.0,-14.06849365932989
887,1,0.0,0.0,-2.835664918540946e-06,0.0,-0.5973196943956294
887,2,0.0,0.0,0.0,0.0,-0.08736251321607075
887,3,0.0,0.0,0.0,0.0,0.0
887,4,0.0,0.0,0.0,0.0,0.0
888,0,0.0,-0.0029327202357223073,0.0,0.0,-14.073536154832256
888,1,0.0,0.0,-2.835664918540946e-06,0.0,-0.5973196943956294
888,2,0.0,0.0,0.0,0.0,-0.08736251321607075
888,3,0.0,0.0,0.0,0.0,0.0
888,4,0.0,0.0,0.0,0.0,0.0
889,0,0.0,-0.0029327202357223073,0.0,0.0,-14.083524147250799
889,1,0.0,0.0,-2.835664918540946e-06,0.0,-0.5973196943956294
889,2,0.0,0.0,0.0,0.0,-0.08736251321607075
889,3,0.0,0.0,0.0,0.0,0.0
889,4,0.0,0.0,0.0,0.0,0.0
890,0,0.0,-0.0029327202357223073,0.0,0.0,-14.08560550506636
890,1,0.0,0.0,-2.835664918540946e-06,0.0,-0.5973196943956294
890,2,0.0,0.0,0.0,0.0,-0.08736251321607075
890,3,0.0,0.0,0.0,0.0,0.0
890,4,0.0,0.0,0.0,0.0,0.0
891,0,0.0,-0.0029327202357223073,0.0,0.0,-14.095564565262546
891,1,0.0,0.0,-2.835664918540946e-06,0.0,-0.5973196943956294
891,2,0.0,0.0,0.0,0.0,-0.08736251321607075
891,3,0.0,0.0,0.0,0.0,0.0
891,4,0.0,0.0,0.0,0.0,0.0
892,0,0.0,-0.0029327202357223073,0.0,0.0,-14.0987525491971
892,1,0.0,0.0,-2.835664918540946e-06,0.0,-0.5973196943956294
892,2,0.0,0.0,0.0,0.0,-0.08736251321607075
892,3,0.0,0.0,0.0,0.0,0.0
892,4,0.0,0.0,0.0,0.0,0.0
893,0,0.0,-0.0029327202357223073,0.0,0.0,-14.111180183238764
893,1,0.0,0.0,-2.835664918540946e-06,0.0,-0.5973196943956294
893,2,0.0,0.0,0.0,0.0,-0.08736251321607075
893,3,0.0,0.0,0.0,0.0,0.0
893,4,0.0,0.0,0.0,0.0,0.0
894,0,0.0,-0.0029327202357223073,0.0,0.0,-14.114345480245891
894,1,0.0,0.0,-2.835664918540946e-06,0.0,-0.5973196943956294
894,2,0.0,0.0,0.0,0.0,-0.08736251321607075
894,3,0.0,0.0,0.0,0.0,0.0
894,4,0.0,0.0,0.0,0.0,0.0
895,0,0.0,-0.0029327202357223073,0.0,0.0,-14.121733508746598
895,1,0.0,0.0,-2.835664918540946e-06,0.0,-0.5973196943956294
895,2,0.0,0.0,0.0,0.0,-0.08736251321607075
895,3,0.0,0.0,0.0,0.0,0.0
895,4,0.0,0.0,0.0,0.0,0.0
896,0,0.0,-0.0029327202357223073,0.0,0.0,-14.121743029463277
896,1,0.0,0.0,-2.835664918540946e-06,0.0,-0.5973196943956294
896,2,0.0,0.0,0.0,0.0,-0.08736251321607075
896,3,0.0,0.0,0.0,0.0,0.0
896,4,0.0,0.0,0.0,0.0,0.0
897,0,0.0,-0.0029327202357223073,0.0,0.0,-14.12666948506488
897,1,0.0,0.0,-2.835664918540946e-06,0.0,-0.5973196943956294
897,2,0.0,0.0,0.0,0.0,-0.08736251321607075
897,3,0.0,0.0,0.0,0.0,0.0
897,4,0.0,0.0,0.0,0.0,0.0
898,0,0.0,-0.0029327202357223073,0.0,0.0,-14.139032466130768
898,1,0.0,0.0,-2.835664918540946e-06,0.0,-0.5973196943956294
898,2,0.0,0.0,0.0,0.0,-0.08736251321607075
898,3,0.0,0.0,0.0,0.0,0.0
898,4,0.0,0.0,0.0,0.0,0.0
899,0,0.0,-0.0029327202357223073,0.0,0.0,-14.148860859291654
899,1,0.0,0.0,-2.835664918540946e-06,0.0,-0.5973196943956294
899,2,0.0,0.0,0.0,0.0,-0.08736251321607075
899,3,0.0,0.0,0.0,0.0,0.0
899,4,0.0,0.0,0.0,0.0,0.0
900,0,0.0,-0.0029327202357223073,0.0,0.0,-14.156163115468084
900,1,0.0,0.0,-2.835664918540946e-06,0.0,-0.5973196943956294
900,2,0.0,0.0,0.0,0.0,-0.08736251321607075
900,3,0.0,0.0,0.0,0.0,0.0
900,4,0.0,0.0,0.0,0.0,0.0
901,0,0.0,-0.0029327202357223073,0.0,0.0,-14.161009152662649
901,1,0.0,0.0,-2.835664918540946e-06,0.0,-0.5973196943956294
901,2,0.0,0.0,0.0,0.0,-0.08736251321607075
901,3,0.0,0.0,0.0,0.0,0.0
901,4,0.0,0.0,0.0,0.0,0.0
902,0,0.0,-0.0029327202357223073,0.0,0.0,-14.168284067035732
902,1,0.0,0.0,-2.835664918540946e-06,0.0,-0.5973196943956294
902,2,0.0,0.0,0.0,0.0,-0.08736251321607075
902,3,0.0,0.0,0.0,0.0,0.0
902,4,0.0,0.0,0.0,0.0,0.0
903,0,0.0,-0.0029327202357223073,0.0,0.0,-14.173104428985475
903,1,0.0,0.0,-2.835664918540946e-06,0.0,-0.5973196943956294
903,2,0.0,0.0,0.0,0.0,-0.08736251321607075
903,3,0.0,0.0,0.0,0.0,0.0
903,4,0.0,0.0,0.0,0.0,0.0
904,0,0.0,-0.0029327202357223073,0.0,0.0,-14.174108370393357
904,1,0.0,0.0,-2.835664918540946e-06,0.0,-0.5973196943956294
904,2,0.0,0.0,0.0,0.0,-0.08736251321607075
904,3,0.0,0.0,0.0,0.0,0.0
904,4,0.0,0.0,0.0,0.0,0.0
905,0,0.0,-0.0029327202357223073,0.0,0.0,-14.176089057956453
905,1,0.0,0.0,-2.835664918540946e-06,0.0,-0.5973196943956294
905,2,0.0,0.0,0.0,0.0,-0.08736251321607075
905,3,0.0,0.0,0.0,0.0,0.0
905,4,0.0,0.0,0.0,0.0,0.0
906,0,0.0,-0.0029327202357223073,0.0,0.0,-14.178067359264313
906,1,0.0,0.0,-2.835664918540946e-06,0.0,-0.5973196943956294
906,2,0.0,0.0,0.0,0.0,-0.08736251321607075
906,3,0.0,0.0,0.0,0.0,0.0
906,4,0.0,0.0,0.0,0.0,0.0
907,0,0.0,-0.0029327202357223073,0.0,0.0,-14.190311232352832
907,1,0.0,0.0,-2.835664918540946e-06,0.0,-0.5973196943956294
907,2,0.0,0.0,0.0,0.0,-0.08736251321607075
907,3,0.0,0.0,0.0,0.0,0.0
907,4,0.0,0.0,0.0,0.0,0.0
908,0,0.0,-0.0029327202357223073,0.0,0.0,-14.20002088168419
908,1,0.0,0.0,-2.835664918540946e-06,0.0,-0.5973196943956294
908,2,0.0,0.0,0.0,0.0,-0.08736251321607075
908,3,0.0,0.0,0.0,0.0,0.0
908,4,0.0,0.0,0.0,0.0,0.0
909,0,0.0,-0.0029327202357223073,0.0,0.0,-14.203058409613408
909,1,0.0,0.0,-2.835664918540946e-06,0.0,-0.5973196943956294
909,2,0.0,0.0,0.0,0.0,-0.08736251321607075
909,3,0.0,0.0,0.0,0.0,0.0
909,4,0.0,0.0,0.0,0.0,0.0
910,0,0.0,-0.0029327202357223073,0.0,0.0,-14.20403029563441
910,1,0.0,0.0,-2.835664918540946e-06,0.0,-0.5973196943956294
910,2,0.0,0.0,0.0,0.0,-0.08736251321607075
910,3,0.0,0.0,0.0,0.0,0.0
910,4,0.0,0.0,0.0,0.0,0.0
911,0,0.0,-0.0029327202357223073,0.0,0.0,-14.21371000969937
911,1,0.0,0.0,-2.835664918540946e-06,0.0,-0.5973196943956294
911,2,0.0,0.0,0.0,0.0,-0.08736251321607075
911,3,0.0,0.0,0.0,0.0,0.0
911,4,0.0,0.0,0.0,0.0,0.0
912,0,0.0,-0.0029327202357223073,0.0,0.0,-14.214670546927845
912,1,0.0,0.0,-2.835664918540946e-06,0.0,-0.5973196943956294
912,2,0.0,0.0,0.0,0.0,-0.08736251321607075
912,3,0.0,0.0,0.0,0.0,0.0
912,4,0.0,0.0,0.0,0.0,0.0
913,0,0.0,-0.0029327202357223073,0.0,0.0,-14.219397449899622
913,1,0.0,0.0,-2.835664918540946e-06,0.0,-0.5973196943956294
913,2,0.0,0.0,0.0,0.0,-0.08736251321607075
913,3,0.0,0.0,0.0,0.0,0.0
913,4,0.0,0.0,0.0,0.0,0.0
914,0,0.0,-0.0029327202357223073,0.0,0.0,-14.224115279356798
914,1,0.0,0.0,-2.835664918540946e-06,0.0,-0.5973196943956294
914,2,0.0,0.0,0.0,0.0,-0.08736251321607075
914,3,0.0,0.0,0.0,0.0,0.0
914,4,0.0,0.0,0.0,0.0,0.0
915,0,0.0,-0.0029327202357223073,0.0,0.0,-14.236251145727554
915,1,0.0,0.0,-2.835664918540946e-06,0.0,-0.5973196943956294
915,2,0.0,0.0,0.0,0.0,-0.08736251321607075
915,3,0.0,0.0,0.0,0.0,0.0
915,4,0.0,0.0,0.0,0.0,0.0
916,0,0.0,-0.0029327202357223073,0.0,0.0,-14.23612480461038
916,1,0.0,0.0,-2.835664918540946e-06,0.0,-0.5973196943956294
916,2,0.0,0.0,0.0,0.0,-0.08736251321607075
916,3,0.0,0.0,0.0,0.0,0.0
916,4,0.0,0.0,0.0,0.0,0.0
917,0,0.0,-0.0029327202357223073,0.0,0.0,-14.237061196362887
917,1,0.0,0.0,-2.835664918540946e-06,0.0,-0.5973196943956294
917,2,0.0,0.0,0.0,0.0,-0.08736251321607075
917,3,0.0,0.0,0.0,0.0,0.0
917,4,0.0,0.0,0.0,0.0,0.0
918,0,0.0,-0.0029327202357223073,0.0,0.0,-14.237996780773392
918,1,0.0,0.0,-2.835664918540946e-06,0.0,-0.5973196943956294
918,2,0.0,0.0,0.0,0.0,-0.08736251321607075
918,3,0.0,0.0,0.0,0.0,0.0
918,4,0.0,0.0,0.0,0.0,0.0
919,0,0.0,-0.0029327202357223073,0.0,0.0,-14.238931558716315
919,1,0.0,0.0,-2.835664918540946e-06,0.0,-0.5973196943956294
919,2,0.0,0.0,0.0,0.0,-0.08736251321607075
919,3,0.0,0.0,0.0,0.0,0.0
919,4,0.0,0.0,0.0,0.0,0.0
920,0,0.0,-0.0029327202357223073,0.0,0.0,-14.251037993465802
920,1,0.0,0.0,-2.835664918540946e-06,0.0,-0.5973196943956294
920,2,0.0,0.0,0.0,0.0,-0.08736251321607075
920,3,0.0,0.0,0.0,0.0,0.0
920,4,0.0,0.0,0.0,0.0,0.0
921,0,0.0,-0.0029327202357223073,0.0,0.0,-14.254006873371509
921,1,0.0,0.0,-2.835664918540946e-06,0.0,-0.5973196943956294
921,2,0.0,0.0,0.0,0.0,-0.08736251321607075
921,3,0.0,0.0,0.0,0.0,0.0
921,4,0.0,0.0,0.0,0.0,0.0
922,0,0.0,-0.0029327202357223073,0.0,0.0,-14.254924643230344
922,1,0.0,0.0,-2.835664918540946e-06,0.0,-0.5973196943956294
922,2,0.0,0.0,0.0,0.0,-0.08736251321607075
922,3,0.0,0.0,0.0,0.0,0.0
922,4,0.0,0.0,0.0,0.0,0.0
923,0,0.0,-0.0029327202357223073,0.0,0.0,-14.25477858782862
923,1,0.0,0.0,-2.835664918540946e-06,0.0,-0.5973196943956294
923,2,0.0,0.0,0.0,0.0,-0.08736251321607075
923,3,0.0,0.0,0.0,0.0,0.0
923,4,0.0,0.0,0.0,0.0,0.0
924,0,0.0,-0.0029327202357223073,0.0,0.0,-14.266850506564984
924,1,0.0,0.0,-2.835664918540946e-06,0.0,-0.5973196943956294
924,2,0.0,0.0,0.0,0.0,-0.08736251321607075
924,3,0.0,0.0,0.0,0.0,0.0
924,4,0.0,0.0,0.0,0.0,0.0
925,0,0.0,-0.0029327202357223073,0.0,0.0,-14.268731606144092
925,1,0.0,0.0,-2.835664918540946e-06,0.0,-0.5973196943956294
925,2,0.0,0.0,0.0,0.0,-0.08736251321607075
925,3,0.0,0.0,0.0,0.0,0.0
925,4,0.0,0.0,0.0,0.0,0.0
926,0,0.0,-0.0029327202357223073,0.0,0.0,-14.26963428129126
926,1,0.0,0.0,-2.835664918540946e-06,0.0,-0.5973196943956294
926,2,0.0,0.0,0.0,0.0,-0.08736251321607075
926,3,0.0,0.0,0.0,0.0,0.0
926,4,0.0,0.0,0.0,0.0,0.0
927,0,0.0,-0.0029327202357223073,0.0,0.0,-14.281671148425199
927,1,0.0,0.0,-2.835664918540946e-06,0.0,-0.5973196943956294
927,2,0.0,0.0,0.0,0.0,-0.08736251321607075
927,3,0.0,0.0,0.0,0.0,0.0
927,4,0.0,0.0,0.0,0.0,0.0
928,0,0.0,-0.0029327202357223073,0.0,0.0,-14.283536782133888
928,1,0.0,0.0,-2.835664918540946e-06,0.0,-0.5973196943956294
928,2,0.0,0.0,0.0,0.0,-0.08736251321607075
928,3,0.0,0.0,0.0,0.0,0.0
928,4,0.0,0.0,0.0,0.0,0.0
929,0,0.0,-0.0029327202357223073,0.0,0.0,-14.288127977680539
929,1,0.0,0.0,-2.835664918540946e-06,0.0,-0.5973196943956294
929,2,0.0,0.0,0.0,0.0,-0.08736251321607075
929,3,0.0,0.0,0.0,0.0,0.0
929,4,0.0,0.0,0.0,0.0,0.0
930,0,0.0,-0.0029327202357223073,0.0,0.0,-14.287943688241672
930,1,0.0,0.0,-2.835664918540946e-06,0.0,-0.5973196943956294
930,2,0.0,0.0,0.0,0.0,-0.08736251321607075
930,3,0.0,0.0,0.0,0.0,0.0
930,4,0.0,0.0,0.0,0.0,0.0
931,0,0.0,-0.0029327202357223073,0.0,0.0,-14.292529138743477
931,1,0.0,0.0,-2.835664918540946e-06,0.0,-0.5973196943956294
931,2,0.0,0.0,0.0,0.0,-0.08736251321607075
931,3,0.0,0.0,0.0,0.0,0.0
931,4,0.0,0.0,0.0,0.0,0.0
932,0,0.0,-0.0029327202357223073,0.0,0.0,-14.293406339322134
932,1,0.0,0.0,-2.835664918540946e-06,0.0,-0.5973196943956294
932,2,0.0,0.0,0.0,0.0,-0.08736251321607075
932,3,0.0,0.0,0.0,0.0,0.0
932,4,0.0,0.0,0.0,0.0,0.0
933,0,0.0,-0.0029327202357223073,0.0,0.0,-14.293216598418011
933,1,0.0,0.0,-2.835664918540946e-06,0.0,-0.5973196943956294
933,2,0.0,0.0,0.0,0.0,-0.08736251321607075
933,3,0.0,0.0,0.0,0.0,0.0
933,4,0.0,0.0,0.0,0.0,0.0
934,0,0.0,-0.0029327202357223073,0.0,0.0,-14.300207367427463
934,1,0.0,0.0,-2.835664918540946e-06,0.0,-0.5973196943956294
934,2,0.0,0.0,0.0,0.0,-0.08736251321607075
934,3,0.0,0.0,0.0,0.0,0.0
934,4,0.0,0.0,0.0,0.0,0.0
935,0,0.0,-0.0029327202357223073,0.0,0.0,-14.302051652850135
935,1,0.0,0.0,-2.835664918540946e-06,0.0,-0.5973196943956294
935,2,0.0,0.0,0.0,0.0,-0.08736251321607075
935,3,0.0,0.0,0.0,0.0,0.0
935,4,0.0,0.0,0.0,0.0,0.0
936,0,0.0,-0.0029327202357223073,0.0,0.0,-14.302919087523433
936,1,0.0,0.0,-2.835664918540946e-06,0.0,-0.5973196943956294
936,2,0.0,0.0,0.0,0.0,-0.08736251321607075
936,3,0.0,0.0,0.0,0.0,0.0
936,4,0.0,0.0,0.0,0.0,0.0
937,0,0.0,-0.0029327202357223073,0.0,0.0,-14.309891849805895
937,1,0.0,0.0,-2.835664918540946e-06,0.0,-0.5973196943956294
937,2,0.0,0.0,0.0,0.0,-0.08736251321607075
937,3,0.0,0.0,0.0,0.0,0.0
937,4,0.0,0.0,0.0,0.0,0.0
938,0,0.0,-0.0029327202357223073,0.0,0.0,-14.314440096258759
938,1,0.0,0.0,-2.835664918540946e-06,0.0,-0.5973196943956294
938,2,0.0,0.0,0.0,0.0,-0.08736251321607075
938,3,0.0,0.0,0.0,0.0,0.0
938,4,0.0,0.0,0.0,0.0,0.0
939,0,0.0,-0.0029327202357223073,0.0,0.0,-14.321387311237391
939,1,0.0,0.0,-2.835664918540946e-06,0.0,-0.5973196943956294
939,2,0.0,0.0,0.0,0.0,-0.08736251321607075
939,3,0.0,0.0,0.0,0.0,0.0
939,4,0.0,0.0,0.0,0.0,0.0
940,0,0.0,-0.0029327202357223073,0.0,0.0,-14.325911942754407
940,1,0.0,0.0,-2.835664918540946e-06,0.0,-0.5973196943956294
940,2,0.0,0.0,0.0,0.0,-0.08736251321607075
940,3,0.0,0.0,0.0,0.0,0.0
940,4,0.0,0.0,0.0,0.0,0.0
941,0,0.0,-0.0029327202357223073,0.0,0.0,-14.335333749860348
941,1,0.0,0.0,-2.835664918540946e-06,0.0,-0.5973196943956294
941,2,0.0,0.0,0.0,0.0,-0.08736251321607075
941,3,0.0,0.0,0.0,0.0,0.0
941,4,0.0,0.0,0.0,0.0,0.0
942,0,0.0,-0.0029327202357223073,0.0,0.0,-14.344730625622569
942,1,0.0,0.0,-2.835664918540946e-06,0.0,-0.5973196943956294
942,2,0.0,0.0,0.0,0.0,-0.08736251321607075
942,3,0.0,0.0,0.0,0.0,0.0
942,4,0.0,0.0,0.0,0.0,0.0
943,0,0.0,-0.0029327202357223073,0.0,0.0,-14.347573234262482
943,1,0.0,0.0,-2.835664918540946e-06,0.0,-0.5973196943956294
943,2,0.0,0.0,0.0,0.0,-0.08736251321607075
943,3,0.0,0.0,0.0,0.0,0.0
943,4,0.0,0.0,0.0,0.0,0.0
944,0,0.0,-0.0029327202357223073,0.0,0.0,-14.348390527303755
944,1,0.0,0.0,-2.835664918540946e-06,0.0,-0.5973196943956294
944,2,0.0,0.0,0.0,0.0,-0.08736251321607075
944,3,0.0,0.0,0.0,0.0,0.0
944,4,0.0,0.0,0.0,0.0,0.0
945,0,0.0,-0.0029327202357223073,0.0,0.0,-14.355259153505921
945,1,0.0,0.0,-2.835664918540946e-06,0.0,-0.5973196943956294
945,2,0.0,0.0,0.0,0.0,-0.08736251321607075
945,3,0.0,0.0,0.0,0.0,0.0
945,4,0.0,0.0,0.0,0.0,0.0
946,0,0.0,-0.0029327202357223073,0.0,0.0,-14.35971393974266
946,1,0.0,0.0,-2.835664918540946e-06,0.0,-0.5973196943956294
946,2,0.0,0.0,0.0,0.0,-0.08736251321607075
946,3,0.0,0.0,0.0,0.0,0.0
946,4,0.0,0.0,0.0,0.0,0.0
947,0,0.0,-0.0029327202357223073,0.0,0.0,-14.361492788016765
947,1,0.0,0.0,-2.835664918540946e-06,0.0,-0.5973196943956294
947,2,0.0,0.0,0.0,0.0,-0.08736251321607075
947,3,0.0,0.0,0.0,0.0,0.0
947,4,0.0,0.0,0.0,0.0,0.0
948,0,0.0,-0.0029327202357223073,0.0,0.0,-14.373334789640388
948,1,0.0,0.0,-2.835664918540946e-06,0.0,-0.5973196943956294
948,2,0.0,0.0,0.0,0.0,-0.08736251321607075
948,3,0.0,0.0,0.0,0.0,0.0
948,4,0.0,0.0,0.0,0.0,0.0
949,0,0.0,-0.0029327202357223073,0.0,0.0,-14.385143766785003
949,1,0.0,0.0,-2.835664918540946e-06,0.0,-0.5973196943956294
949,2,0.0,0.0,0.0,0.0,-0.08736251321607075
949,3,0.0,0.0,0.0,0.0,0.0
949,4,0.0,0.0,0.0,0.0,0.0
950,0,0.0,-0.0029327202357223073,0.0,0.0,-14.39191983234752
950,1,0.0,0.0,-2.835664918540946e-06,0.0,-0.5973196943956294
950,2,0.0,0.0,0.0,0.0,-0.08736251321607075
950,3,0.0,0.0,0.0,0.0,0.0
950,4,0.0,0.0,0.0,0.0,0.0
951,0,0.0,-0.0029327202357223073,0.0,0.0,-14.401179763862364
951,1,0.0,0.0,-2.835664918540946e-06,0.0,-0.5973196943956294
951,2,0.0,0.0,0.0,0.0,-0.08736251321607075
951,3,0.0,0.0,0.0,0.0,0.0
951,4,0.0,0.0,0.0,0.0,0.0
952,0,0.0,-0.0029327202357223073,0.0,0.0,-14.407915278353352
952,1,0.0,0.0,-2.835664918540946e-06,0.0,-0.5973196943956294
952,2,0.0,0.0,0.0,0.0,-0.08736251321607075
952,3,0.0,0.0,0.0,0.0,0.0
952,4,0.0,0.0,0.0,0.0,0.0
953,0,0.0,-0.0029327202357223073,0.0,0.0,-14.40964419885869
953,1,0.0,0.0,-2.835664918540946e-06,0.0,-0.5973196943956294
953,2,0.0,0.0,0.0,0.0,-0.08736251321607075
953,3,0.0,0.0,0.0,0.0,0.0
953,4,0.0,0.0,0.0,0.0,0.0
954,0,0.0,-0.0029327202357223073,0.0,0.0,-14.411371137431274
954,1,0.0,0.0,-2.835664918540946e-06,0.0,-0.5973196943956294
954,2,0.0,0.0,0.0,0.0,-0.08736251321607075
954,3,0.0,0.0,0.0,0.0,0.0
954,4,0.0,0.0,0.0,0.0,0.0
955,0,0.0,-0.0029327202357223073,0.0,0.0,-14.413096096945852
955,1,0.0,0.0,-2.835664918540946e-06,0.0,-0.5973196943956294
955,2,0.0,0.0,0.0,0.0,-0.08736251321607075
955,3,0.0,0.0,0.0,0.0,0.0
955,4,0.0,0.0,0.0,0.0,0.0
956,0,0.0,-0.0029327202357223073,0.0,0.0,-14.42481099508121
956,1,0.0,0.0,-2.835664918540946e-06,0.0,-0.5973196943956294
956,2,0.0,0.0,0.0,0.0,-0.08736251321607075
956,3,0.0,0.0,0.0,0.0,0.0
956,4,0.0,0.0,0.0,0.0,0.0
957,0,0.0,-0.0029327202357223073,0.0,0.0,-14.425544296582943
957,1,0.0,0.0,-2.835664918540946e-06,0.0,-0.5973196943956294
957,2,0.0,0.0,0.0,0.0,-0.08736251321607075
957,3,0.0,0.0,0.0,0.0,0.0
957,4,0.0,0.0,0.0,0.0,0.0
958,0,0.0,-0.0029327202357223073,0.0,0.0,-14.43722747180122
958,1,0.0,0.0,-2.835664918540946e-06,0.0,-0.5973196943956294
958,2,0.0,0.0,0.0,0.0,-0.08736251321607075
958,3,0.0,0.0,0.0,0.0,0.0
958,4,0.0,0.0,0.0,0.0,0.0
959,0,0.0,-0.0029327202357223073,0.0,0.0,-14.439949582943067
959,1,0.0,0.0,-2.835664918540946e-06,0.0,-0.5973196943956294
959,2,0.0,0.0,0.0,0.0,-0.08736251321607075
959,3,0.0,0.0,0.0,0.0,0.0
959,4,0.0,0.0,0.0,0.0,0.0
960,0,0.0,-0.0029327202357223073,0.0,0.0,-14.446596421622099
960,1,0.0,0.0,-2.835664918540946e-06,0.0,-0.5973196943956294
960,2,0.0,0.0,0.0,0.0,-0.08736251321607075
960,3,0.0,0.0,0.0,0.0,0.0
960,4,0.0,0.0,0.0,0.0,0.0
961,0,0.0,-0.0029327202357223073,0.0,0.0,-14.455727530173002
961,1,0.0,0.0,-2.835664918540946e-06,0.0,-0.5973196943956294
961,2,0.0,0.0,0.0,0.0,-0.08736251321607075
961,3,0.0,0.0,0.0,0.0,0.0
961,4,0.0,0.0,0.0,0.0,0.0
962,0,0.0,-0.0029327202357223073,0.0,0.0,-14.455341717843298
962,1,0.0,0.0,-2.835664918540946e-06,0.0,-0.5973196943956294
962,2,0.0,0.0,0.0,0.0,-0.08736251321607075
962,3,0.0,0.0,0.0,0.0,0.0
962,4,0.0,0.0,0.0,0.0,0.0
963,0,0.0,-0.0029327202357223073,0.0,0.0,-14.464452558572303
963,1,0.0,0.0,-2.835664918540946e-06,0.0,-0.5973196943956294
963,2,0.0,0.0,0.0,0.0,-0.08736251321607075
963,3,0.0,0.0,0.0,0.0,0.0
963,4,0.0,0.0,0.0,0.0,0.0
964,0,0.0,-0.0029327202357223073,0.0,0.0,-14.467139667923211
964,1,0.0,0.0,-2.835664918540946e-06,0.0,-0.5973196943956294
964,2,0.0,0.0,0.0,0.0,-0.08736251321607075
964,3,0.0,0.0,0.0,0.0,0.0
964,4,0.0,0.0,0.0,0.0,0.0
965,0,0.0,-0.0029327202357223073,0.0,0.0,-14.46982307238823
965,1,0.0,0.0,-2.835664918540946e-06,0.0,-0.5973196943956294
965,2,0.0,0.0,0.0,0.0,-0.08736251321607075
965,3,0.0,0.0,0.0,0.0,0.0
965,4,0.0,0.0,0.0,0.0,0.0
966,0,0.0,-0.0029327202357223073,0.0,0.0,-14.470507930634252
966,1,0.0,0.0,-2.835664918540946e-06,0.0,-0.5973196943956294
966,2,0.0,0.0,0.0,0.0,-0.08736251321607075
966,3,0.0,0.0,0.0,0.0,0.0
966,4,0.0,0.0,0.0,0.0,0.0
967,0,0.0,-0.0029327202357223073,0.0,0.0,-14.482088341487652
967,1,0.0,0.0,-2.835664918540946e-06,0.0,-0.5973196943956294
967,2,0.0,0.0,0.0,0.0,-0.08736251321607075
967,3,0.0,0.0,0.0,0.0,0.0
967,4,0.0,0.0,0.0,0.0,0.0
968,0,0.0,-0.0029327202357223073,0.0,0.0,-14.486284388140822
968,1,0.0,0.0,-2.835664918540946e-06,0.0,-0.5973196943956294
968,2,0.0,0.0,0.0,0.0,-0.08736251321607075
968,3,0.0,0.0,0.0,0.0,0.0
968,4,0.0,0.0,0.0,0.0,0.0
969,0,0.0,-0.0029327202357223073,0.0,0.0,-14.495324814824258
969,1,0.0,0.0,-2.835664918540946e-06,0.0,-0.5973196943956294
969,2,0.0,0.0,0.0,0.0,-0.08736251321607075
969,3,0.0,0.0,0.0,0.0,0.0
969,4,0.0,0.0,0.0,0.0,0.0
970,0,0.0,-0.0029327202357223073,0.0,0.0,-14.499493827484972
970,1,0.0,0.0,-2.835664918540946e-06,0.0,-0.5973196943956294
970,2,0.0,0.0,0.0,0.0,-0.08736251321607075
970,3,0.0,0.0,0.0,0.0,0.0
970,4,0.0,0.0,0.0,0.0,0.0
971,0,0.0,-0.0029327202357223073,0.0,0.0,-14.506002808054921
971,1,0.0,0.0,-2.835664918540946e-06,0.0,-0.5973196943956294
971,2,0.0,0.0,0.0,0.0,-0.08736251321607075
971,3,0.0,0.0,0.0,0.0,0.0
971,4,0.0,0.0,0.0,0.0,0.0
972,0,0.0,-0.0029327202357223073,0.0,0.0,-14.514996481894679
972,1,0.0,0.0,-2.835664918540946e-06,0.0,-0.5973196943956294
972,2,0.0,0.0,0.0,0.0,-0.08736251321607075
972,3,0.0,0.0,0.0,0.0,0.0
972,4,0.0,0.0,0.0,0.0,0.0
973,0,0.0,-0.0029327202357223073,0.0,0.0,-14.514538002899409
973,1,0.0,0.0,-2.835664918540946e-06,0.0,-0.5973196943956294
973,2,0.0,0.0,0.0,0.0,-0.08736251321607075
973,3,0.0,0.0,0.0,0.0,0.0
973,4,0.0,0.0,0.0,0.0,0.0
974,0,0.0,-0.0029327202357223073,0.0,0.0,-14.517160517200528
974,1,0.0,0.0,-2.835664918540946e-06,0.0,-0.5973196943956294
974,2,0.0,0.0,0.0,0.0,-0.08736251321607075
974,3,0.0,0.0,0.0,0.0,0.0
974,4,0.0,0.0,0.0,0.0,0.0
975,0,0.0,-0.0029327202357223073,0.0,0.0,-14.519779458733119
975,1,0.0,0.0,-2.835664918540946e-06,0.0,-0.5973196943956294
975,2,0.0,0.0,0.0,0.0,-0.08736251321607075
975,3,0.0,0.0,0.0,0.0,0.0
975,4,0.0,0.0,0.0,0.0,0.0
976,0,0.0,-0.0029327202357223073,0.0,0.0,-14.528746254606142
976,1,0.0,0.0,-2.835664918540946e-06,0.0,-0.5973196943956294
976,2,0.0,0.0,0.0,0.0,-0.08736251321607075
976,3,0.0,0.0,0.0,0.0,0.0
976,4,0.0,0.0,0.0,0.0,0.0
977,0,0.0,-0.0029327202357223073,0.0,0.0,-14.531350439732
977,1,0.0,0.0,-2.835664918540946e-06,0.0,-0.5973196943956294
977,2,0.0,0.0,0.0,0.0,-0.08736251321607075
977,3,0.0,0.0,0.0,0.0,0.0
977,4,0.0,0.0,0.0,0.0,0.0
978,0,0.0,-0.0029327202357223073,0.0,0.0,-14.53779015081346
978,1,0.0,0.0,-2.835664918540946e-06,0.0,-0.5973196943956294
978,2,0.0,0.0,0.0,0.0,-0.08736251321607075
978,3,0.0,0.0,0.0,0.0,0.0
978,4,0.0,0.0,0.0,0.0,0.0
979,0,0.0,-0.0029327202357223073,0.0,0.0,-14.549214760100813
979,1,0.0,0.0,-2.835664918540946e-06,0.0,-0.5973196943956294
979,2,0.0,0.0,0.0,0.0,-0.08736251321607075
979,3,0.0,0.0,0.0,0.0,0.0
979,4,0.0,0.0,0.0,0.0,0.0
980,0,0.0,-0.0029327202357223073,0.0,0.0,-14.553279387856682
980,1,0.0,0.0,-2.835664918540946e-06,0.0,-0.5973196943956294
980,2,0.0,0.0,0.0,0.0,-0.08736251321607075
980,3,0.0,0.0,0.0,0.0,0.0
980,4,0.0,0.0,0.0,0.0,0.0
981,0,0.0,-0.0029327202357223073,0.0,0.0,-14.559664854888393
981,1,0.0,0.0,-2.835664918540946e-06,0.0,-0.5973196943956294
981,2,0.0,0.0,0.0,0.0,-0.08736251321607075
981,3,0.0,0.0,0.0,0.0,0.0
981,4,0.0,0.0,0.0,0.0,0.0
982,0,0.0,-0.0029327202357223073,0.0,0.0,-14.563709442406934
982,1,0.0,0.0,-2.835664918540946e-06,0.0,-0.5973196943956294
982,2,0.0,0.0,0.0,0.0,-0.08736251321607075
982,3,0.0,0.0,0.0,0.0,0.0
982,4,0.0,0.0,0.0,0.0,0.0
983,0,0.0,-0.0029327202357223073,0.0,0.0,-14.565273496830494
983,1,0.0,0.0,-2.835664918540946e-06,0.0,-0.5973196943956294
983,2,0.0,0.0,0.0,0.0,-0.08736251321607075
983,3,0.0,0.0,0.0,0.0,0.0
983,4,0.0,0.0,0.0,0.0,0.0
984,0,0.0,-0.0029327202357223073,0.0,0.0,-14.569309514810836
984,1,0.0,0.0,-2.835664918540946e-06,0.0,-0.5973196943956294
984,2,0.0,0.0,0.0,0.0,-0.08736251321607075
984,3,0.0,0.0,0.0,0.0,0.0
984,4,0.0,0.0,0.0,0.0,0.0
985,0,0.0,-0.0029327202357223073,0.0,0.0,-14.578164146479748
985,1,0.0,0.0,-2.835664918540946e-06,0.0,-0.5973196943956294
985,2,0.0,0.0,0.0,0.0,-0.08736251321607075
985,3,0.0,0.0,0.0,0.0,0.0
985,4,0.0,0.0,0.0,0.0,0.0
986,0,0.0,-0.0029327202357223073,0.0,0.0,-14.589495596120782
986,1,0.0,0.0,-2.835664918540946e-06,0.0,-0.5973196943956294
986,2,0.0,0.0,0.0,0.0,-0.08736251321607075
986,3,0.0,0.0,0.0,0.0,0.0
986,4,0.0,0.0,0.0,0.0,0.0
987,0,0.0,-0.0029327202357223073,0.0,0.0,-14.598295607460956
987,1,0.0,0.0,-2.835664918540946e-06,0.0,-0.5973196943956294
987,2,0.0,0.0,0.0,0.0,-0.08736251321607075
987,3,0.0,0.0,0.0,0.0,0.0
987,4,0.0,0.0,0.0,0.0,0.0
988,0,0.0,-0.0029327202357223073,0.0,0.0,-14.607072620254625
988,1,0.0,0.0,-2.835664918540946e-06,0.0,-0.5973196943956294
988,2,0.0,0.0,0.0,0.0,-0.08736251321607075
988,3,0.0,0.0,0.0,0.0,0.0
988,4,0.0,0.0,0.0,0.0,0.0
989,0,0.0,-0.0029327202357223073,0.0,0.0,-14.607605589932605
989,1,0.0,0.0,-2.835664918540946e-06,0.0,-0.5973196943956294
989,2,0.0,0.0,0.0,0.0,-0.08736251321607075
989,3,0.0,0.0,0.0,0.0,0.0
989,4,0.0,0.0,0.0,0.0,0.0
990,0,0.0,-0.0029327202357223073,0.0,0.0,-14.610110743101156
990,1,0.0,0.0,-2.835664918540946e-06,0.0,-0.5973196943956294
990,2,0.0,0.0,0.0,0.0,-0.08736251321607075
990,3,0.0,0.0,0.0,0.0,0.0
990,4,0.0,0.0,0.0,0.0,0.0
991,0,0.0,-0.0029327202357223073,0.0,0.0,-14.609534537899549
991,1,0.0,0.0,-2.835664918540946e-06,0.0,-0.5973196943956294
991,2,0.0,0.0,0.0,0.0,-0.08736251321607075
991,3,0.0,0.0,0.0,0.0,0.0
991,4,0.0,0.0,0.0,0.0,0.0
992,0,0.0,-0.0029327202357223073,0.0,0.0,-14.610065968460887
992,1,0.0,0.0,-2.835664918540946e-06,0.0,-0.5973196943956294
992,2,0.0,0.0,0.0,0.0,-0.08736251321607075
992,3,0.0,0.0,0.0,0.0,0.0
992,4,0.0,0.0,0.0,0.0,0.0
993,0,0.0,-0.0029327202357223073,0.0,0.0,-14.621323639550718
993,1,0.0,0.0,-2.835664918540946e-06,0.0,-0.5973196943956294
993,2,0.0,0.0,0.0,0.0,-0.08736251321607075
993,3,0.0,0.0,0.0,0.0,0.0
993,4,0.0,0.0,0.0,0.0,0.0
994,0,0.0,-0.0029327202357223073,0.0,0.0,-14.630050103805518
994,1,0.0,0.0,-2.835664918540946e-06,0.0,-0.5973196943956294
994,2,0.0,0.0,0.0,0.0,-0.08736251321607075
994,3,0.0,0.0,0.0,0.0,0.0
994,4,0.0,0.0,0.0,0.0,0.0
995,0,0.0,-0.0029327202357223073,0.0,0.0,-14.629450220470499
995,1,0.0,0.0,-2.835664918540946e-06,0.0,-0.5973196943956294
995,2,0.0,0.0,0.0,0.0,-0.08736251321607075
995,3,0.0,0.0,0.0,0.0,0.0
995,4,0.0,0.0,0.0,0.0,0.0
996,0,0.0,-0.0029327202357223073,0.0,0.0,-14.63565817225215
996,1,0.0,0.0,-2.835664918540946e-06,0.0,-0.5973196943956294
996,2,0.0,0.0,0.0,0.0,-0.08736251321607075
996,3,0.0,0.0,0.0,0.0,0.0
996,4,0.0,0.0,0.0,0.0,0.0
997,0,0.0,-0.0029327202357223073,0.0,0.0,-14.63505188079203
997,1,0.0,0.0,-2.835664918540946e-06,0.0,-0.5973196943956294
997,2,0.0,0.0,0.0,0.0,-0.08736251321607075
997,3,0.0,0.0,0.0,0.0,0.0
997,4,0.0,0.0,0.0,0.0,0.0
998,0,0.0,-0.0029327202357223073,0.0,0.0,-14.634447294881259
998,1,0.0,0.0,-2.835664918540946e-06,0.0,-0.5973196943956294
998,2,0.0,0.0,0.0,0.0,-0.08736251321607075
998,3,0.0,0.0,0.0,0.0,0.0
998,4,0.0,0.0,0.0,0.0,0.0
999,0,0.0,-0.0029327202357223073,0.0,0.0,-14.645649399436412
999,1,0.0,0.0,-2.835664918540946e-06,0.0,-0.5973196943956294
999,2,0.0,0.0,0.0,0.0,-0.08736251321607075
999,3,0.0,0.0,0.0,0.0,0.0
999,4,0.0,0.0,0.0,0.0,0.0
1000,0,0.0,-0.0029327202357223073,0.0,0.0,-14.645032400375712
1000,1,0.0,0.0,-2.835664918540946e-06,0.0,-0.5973196943956294
1000,2,0.0,0.0,0.0,0.0,-0.08736251321607075
1000,3,0.0,0.0,0.0,0.0,0.0
1000,4,0.0,0.0,0.0,0.0,0.0
