1,0,0.0,0.0,0.0,0.0,-0.03523945570315836
1,1,0.0,0.0,0.0,0.0,0.0
1,2,0.0,0.0,0.0,0.0,0.0
1,3,0.0,0.0,0.0,0.0,0.0
1,4,0.0,0.0,0.0,0.0,0.0
2,0,0.0,0.0,0.0,0.0,-0.05342781806144385
2,1,0.0,0.0,0.0,0.0,0.0
2,2,0.0,0.0,0.0,0.0,0.0
2,3,0.0,0.0,0.0,0.0,0.0
2,4,0.0,0.0,0.0,0.0,0.0
3,0,0.0,0.0,0.0,0.0,-0.08917227618760828
3,1,0.0,0.0,0.0,0.0,0.0
3,2,0.0,0.0,0.0,0.0,0.0
3,3,0.0,0.0,0.0,0.0,0.0
3,4,0.0,0.0,0.0,0.0,0.0
4,0,0.0,0.0,0.0,0.0,-0.13553140201173344
4,1,0.0,0.0,0.0,0.0,0.0
4,2,0.0,0.0,0.0,0.0,0.0
4,3,0.0,0.0,0.0,0.0,0.0
4,4,0.0,0.0,0.0,0.0,0.0
5,0,0.0,0.0,0.0,0.0,-0.17992466586346187
5,1,0.0,0.0,0.0,0.0,0.0
5,2,0.0,0.0,0.0,0.0,0.0
5,3,0.0,0.0,0.0,0.0,0.0
5,4,0.0,0.0,0.0,0.0,0.0
6,0,0.0,0.0,0.0,0.0,-0.2205462948274758
6,1,0.0,0.0,0.0,0.0,0.0
6,2,0.0,0.0,0.0,0.0,0.0
6,3,0.0,0.0,0.0,0.0,0.0
6,4,0.0,0.0,0.0,0.0,0.0
7,0,0.0,0.0,0.0,0.0,-0.2545763154035575
7,1,0.0,0.0,0.0,0.0,0.0
7,2,0.0,0.0,0.0,0.0,0.0
7,3,0.0,0.0,0.0,0.0,0.0
7,4,0.0,0.0,0.0,0.0,0.0
8,0,0.0,0.0,0.0,0.0,-0.29273514650260535
8,1,0.0,0.0,0.0,0.0,0.0
8,2,0.0,0.0,0.0,0.0,0.0
8,3,0.0,0.0,0.0,0.0,0.0
8,4,0.0,0.0,0.0,0.0,0.0
9,0,0.0,0.0,0.0,0.0,-0.2994613525955634
9,1,0.0,0.0,0.0,0.0,0.0
9,2,0.0,0.0,0.0,0.0,0.0
9,3,0.0,0.0,0.0,0.0,0.0
9,4,0.0,0.0,0.0,0.0,0.0
10,0,0.0,0.0,0.0,0.0,-0.336239287679339
10,1,0.0,0.0,0.0,0.0,0.0
10,2,0.0,0.0,0.0,0.0,0.0
10,3,0.0,0.0,0.0,0.0,0.0
10,4,0.0,0.0,0.0,0.0,0.0
11,0,0.0,0.0,0.0,0.0,-0.359107105564865
11,1,0.0,0.0,0.0,0.0,0.0
11,2,0.0,0.0,0.0,0.0,0.0
11,3,0.0,0.0,0.0,0.0,0.0
11,4,0.0,0.0,0.0,0.0,0.0
12,0,0.0,0.0,0.0,0.0,-0.3967828383100604
12,1,0.0,0.0,0.0,0.0,0.0
12,2,0.0,0.0,0.0,0.0,0.0
12,3,0.0,0.0,0.0,0.0,0.0
12,4,0.0,0.0,0.0,0.0,0.0
13,0,0.0,0.0,0.0,0.0,-0.41915420826707334
13,1,0.0,0.0,0.0,0.0,0.0
13,2,0.0,0.0,0.0,0.0,0.0
13,3,0.0,0.0,0.0,0.0,0.0
13,4,0.0,0.0,0.0,0.0,0.0
14,0,0.0,0.0,0.0,0.0,-0.4476535780658914
14,1,0.0,0.0,0.0,0.0,0.0
14,2,0.0,0.0,0.0,0.0,0.0
14,3,0.0,0.0,0.0,0.0,0.0
14,4,0.0,0.0,0.0,0.0,0.0
15,0,0.0,0.0,0.0,0.0,-0.4721865579524501
15,1,0.0,0.0,0.0,0.0,0.0
15,2,0.0,0.0,0.0,0.0,0.0
15,3,0.0,0.0,0.0,0.0,0.0
15,4,0.0,0.0,0.0,0.0,0.0
16,0,0.0,0.0,0.0,0.0,-0.4939595568729024
16,1,0.0,0.0,0.0,0.0,0.0
16,2,0.0,0.0,0.0,0.0,0.0
16,3,0.0,0.0,0.0,0.0,0.0
16,4,0.0,0.0,0.0,0.0,0.0
17,0,0.0,0.0,0.0,0.0,-0.5254065620009845
17,1,0.0,0.0,0.0,0.0,0.0
17,2,0.0,0.0,0.0,0.0,0.0
17,3,0.0,0.0,0.0,0.0,0.0
17,4,0.0,0.0,0.0,0.0,0.0
18,0,0.0,0.0,0.0,0.0,-0.5484600552627487
18,1,0.0,0.0,0.0,0.0,0.0
18,2,0.0,0.0,0.0,0.0,0.0
18,3,0.0,0.0,0.0,0.0,0.0
18,4,0.0,0.0,0.0,0.0,0.0
19,0,0.0,0.0,0.0,0.0,-0.5610354009294478
19,1,0.0,0.0,0.0,0.0,0.0
19,2,0.0,0.0,0.0,0.0,0.0
19,3,0.0,0.0,0.0,0.0,0.0
19,4,0.0,0.0,0.0,0.0,0.0
20,0,0.0,0.0,0.0,0.0,-0.5610354009294478
20,1,0.0,0.0,0.0,0.0,-0.020160162575134984
20,2,0.0,0.0,0.0,0.0,0.0
20,3,0.0,0.0,0.0,0.0,0.0
20,4,0.0,0.0,0.0,0.0,0.0
21,0,0.0,0.0,0.0,0.0,-0.586107903177895
21,1,0.0,0.0,0.0,0.0,-0.020160162575134984
21,2,0.0,0.0,0.0,0.0,0.0
21,3,0.0,0.0,0.0,0.0,0.0
21,4,0.0,0.0,0.0,0.0,0.0
22,0,0.0,0.0,0.0,0.0,-0.6150026407897126
22,1,0.0,0.0,0.0,0.0,-0.020160162575134984
22,2,0.0,0.0,0.0,0.0,0.0
22,3,0.0,0.0,0.0,0.0,0.0
22,4,0.0,0.0,0.0,0.0,0.0
23,0,0.0,0.0,0.0,0.0,-0.6424836788276727
23,1,0.0,0.0,0.0,0.0,-0.020160162575134984
23,2,0.0,0.0,0.0,0.0,0.0
23,3,0.0,0.0,0.0,0.0,0.0
23,4,0.0,0.0,0.0,0.0,0.0
24,0,0.0,0.0,0.0,0.0,-0.6782267372792697
24,1,0.0,0.0,0.0,0.0,-0.020160162575134984
24,2,0.0,0.0,0.0,0.0,0.0
24,3,0.0,0.0,0.0,0.0,0.0
24,4,0.0,0.0,0.0,0.0,0.0
25,0,0.0,0.0,0.0,0.0,-0.7108848536203988
25,1,0.0,0.0,0.0,0.0,-0.020160162575134984
25,2,0.0,0.0,0.0,0.0,0.0
25,3,0.0,0.0,0.0,0.0,0.0
25,4,0.0,0.0,0.0,0.0,0.0
26,0,0.0,0.0,0.0,0.0,-0.7388082024711301
26,1,0.0,0.0,0.0,0.0,-0.020160162575134984
26,2,0.0,0.0,0.0,0.0,0.0
26,3,0.0,0.0,0.0,0.0,0.0
26,4,0.0,0.0,0.0,0.0,0.0
27,0,0.0,0.0,0.0,0.0,-0.7538988902360249
27,1,0.0,0.0,0.0,0.0,-0.020160162575134984
27,2,0.0,0.0,0.0,0.0,0.0
27,3,0.0,0.0,0.0,0.0,0.0
27,4,0.0,0.0,0.0,0.0,0.0
28,0,0.0,0.0,0.0,0.0,-0.7586290238652013
28,1,0.0,0.0,0.0,0.0,-0.020160162575134984
28,2,0.0,0.0,0.0,0.0,0.0
28,3,0.0,0.0,0.0,0.0,0.0
28,4,0.0,0.0,0.0,0.0,0.0
29,0,0.0,0.0,0.0,0.0,-0.7909931212985178
29,1,0.0,0.0,0.0,0.0,-0.020160162575134984
29,2,0.0,0.0,0.0,0.0,0.0
29,3,0.0,0.0,0.0,0.0,0.0
29,4,0.0,0.0,0.0,0.0,0.0
30,0,0.0,0.0,0.0,0.0,-0.8011428702033804
30,1,0.0,0.0,0.0,0.0,-0.020160162575134984
30,2,0.0,0.0,0.0,0.0,0.0
30,3,0.0,0.0,0.0,0.0,0.0
30,4,0.0,0.0,0.0,0.0,0.0
31,0,0.0,0.0,0.0,0.0,-0.8211009046906018
31,1,0.0,0.0,0.0,0.0,-0.020160162575134984
31,2,0.0,0.0,0.0,0.0,0.0
31,3,0.0,0.0,0.0,0.0,0.0
31,4,0.0,0.0,0.0,0.0,0.0
32,0,0.0,0.0,0.0,0.0,-0.8419142507728752
32,1,0.0,0.0,0.0,0.0,-0.020160162575134984
32,2,0.0,0.0,0.0,0.0,0.0
32,3,0.0,0.0,0.0,0.0,0.0
32,4,0.0,0.0,0.0,0.0,0.0
33,0,0.0,-6.773218167766e-07,0.0,0.0,-0.8419142507728752
33,1,0.0,0.0,0.0,0.0,-0.05149794030464379
33,2,0.0,0.0,0.0,0.0,0.0
33,3,0.0,0.0,0.0,0.0,0.0
33,4,0.0,0.0,0.0,0.0,0.0
34,0,0.0,-6.773218167766e-07,0.0,0.0,-0.8653346959976757
34,1,0.0,0.0,0.0,0.0,-0.05149794030464379
34,2,0.0,0.0,0.0,0.0,0.0
34,3,0.0,0.0,0.0,0.0,0.0
34,4,0.0,0.0,0.0,0.0,0.0
35,0,0.0,-6.773218167766e-07,0.0,0.0,-0.8936729676857843
35,1,0.0,0.0,0.0,0.0,-0.05149794030464379
35,2,0.0,0.0,0.0,0.0,0.0
35,3,0.0,0.0,0.0,0.0,0.0
35,4,0.0,0.0,0.0,0.0,0.0
36,0,0.0,-5.095402885657695e-06,0.0,0.0,-0.8936729676857843
36,1,0.0,0.0,0.0,0.0,-0.07633637007889257
36,2,0.0,0.0,0.0,0.0,0.0
36,3,0.0,0.0,0.0,0.0,0.0
36,4,0.0,0.0,0.0,0.0,0.0
37,0,0.0,-5.095402885657695e-06,0.0,0.0,-0.9348975130416601
37,1,0.0,0.0,0.0,0.0,-0.07633637007889257
37,2,0.0,0.0,0.0,0.0,0.0
37,3,0.0,0.0,0.0,0.0,0.0
37,4,0.0,0.0,0.0,0.0,0.0
38,0,0.0,-5.095402885657695e-06,0.0,0.0,-0.9587600462398664
38,1,0.0,0.0,0.0,0.0,-0.07633637007889257
38,2,0.0,0.0,0.0,0.0,0.0
38,3,0.0,0.0,0.0,0.0,0.0
38,4,0.0,0.0,0.0,0.0,0.0
39,0,0.0,-5.095402885657695e-06,0.0,0.0,-0.9794175781999679
39,1,0.0,0.0,0.0,0.0,-0.07633637007889257
39,2,0.0,0.0,0.0,0.0,0.0
39,3,0.0,0.0,0.0,0.0,0.0
39,4,0.0,0.0,0.0,0.0,0.0
40,0,0.0,-1.4797661284844426e-05,0.0,0.0,-0.9794175781999679
40,1,0.0,0.0,0.0,0.0,-0.11293596163290433
40,2,0.0,0.0,0.0,0.0,0.0
40,3,0.0,0.0,0.0,0.0,0.0
40,4,0.0,0.0,0.0,0.0,0.0
41,0,0.0,-1.4797661284844426e-05,0.0,0.0,-0.9988633641903742
41,1,0.0,0.0,0.0,0.0,-0.11293596163290433
41,2,0.0,0.0,0.0,0.0,0.0
41,3,0.0,0.0,0.0,0.0,0.0
41,4,0.0,0.0,0.0,0.0,0.0
42,0,0.0,-3.602447041715364e-05,0.0,0.0,-0.9988633641903742
42,1,0.0,0.0,0.0,0.0,-0.15539623263693994
42,2,0.0,0.0,0.0,0.0,0.0
42,3,0.0,0.0,0.0,0.0,0.0
42,4,0.0,0.0,0.0,0.0,0.0
43,0,0.0,-3.602447041715364e-05,0.0,0.0,-1.0100030494532277
43,1,0.0,0.0,0.0,0.0,-0.15539623263693994
43,2,0.0,0.0,0.0,0.0,0.0
43,3,0.0,0.0,0.0,0.0,0.0
43,4,0.0,0.0,0.0,0.0,0.0
44,0,0.0,-3.602447041715364e-05,0.0,0.0,-1.0335259897306672
44,1,0.0,0.0,0.0,0.0,-0.15539623263693994
44,2,0.0,0.0,0.0,0.0,0.0
44,3,0.0,0.0,0.0,0.0,0.0
44,4,0.0,0.0,0.0,0.0,0.0
45,0,0.0,-3.602447041715364e-05,0.0,0.0,-1.0693837713020187
45,1,0.0,0.0,0.0,0.0,-0.15539623263693994
45,2,0.0,0.0,0.0,0.0,0.0
45,3,0.0,0.0,0.0,0.0,0.0
45,4,0.0,0.0,0.0,0.0,0.0
46,0,0.0,-3.602447041715364e-05,0.0,0.0,-1.0914135859816445
46,1,0.0,0.0,0.0,0.0,-0.15539623263693994
46,2,0.0,0.0,0.0,0.0,0.0
46,3,0.0,0.0,0.0,0.0,0.0
46,4,0.0,0.0,0.0,0.0,0.0
47,0,0.0,-3.602447041715364e-05,0.0,0.0,-1.109958618685267
47,1,0.0,0.0,0.0,0.0,-0.15539623263693994
47,2,0.0,0.0,0.0,0.0,0.0
47,3,0.0,0.0,0.0,0.0,0.0
47,4,0.0,0.0,0.0,0.0,0.0
48,0,0.0,-3.602447041715364e-05,0.0,0.0,-1.155181214006454
48,1,0.0,0.0,0.0,0.0,-0.15539623263693994
48,2,0.0,0.0,0.0,0.0,0.0
48,3,0.0,0.0,0.0,0.0,0.0
48,4,0.0,0.0,0.0,0.0,0.0
49,0,0.0,-3.602447041715364e-05,0.0,0.0,-1.1943278530274222
49,1,0.0,0.0,0.0,0.0,-0.15539623263693994
49,2,0.0,0.0,0.0,0.0,0.0
49,3,0.0,0.0,0.0,0.0,0.0
49,4,0.0,0.0,0.0,0.0,0.0
50,0,0.0,-3.602447041715364e-05,0.0,0.0,-1.2320963054533756
50,1,0.0,0.0,0.0,0.0,-0.15539623263693994
50,2,0.0,0.0,0.0,0.0,0.0
50,3,0.0,0.0,0.0,0.0,0.0
50,4,0.0,0.0,0.0,0.0,0.0
51,0,0.0,-3.602447041715364e-05,0.0,0.0,-1.2563487845509145
51,1,0.0,0.0,0.0,0.0,-0.15539623263693994
51,2,0.0,0.0,0.0,0.0,0.0
51,3,0.0,0.0,0.0,0.0,0.0
51,4,0.0,0.0,0.0,0.0,0.0
52,0,0.0,-3.602447041715364e-05,0.0,0.0,-1.2886064219392694
52,1,0.0,0.0,0.0,0.0,-0.15539623263693994
52,2,0.0,0.0,0.0,0.0,0.0
52,3,0.0,0.0,0.0,0.0,0.0
52,4,0.0,0.0,0.0,0.0,0.0
53,0,0.0,-3.602447041715364e-05,0.0,0.0,-1.2975868249125242
53,1,0.0,0.0,0.0,0.0,-0.15539623263693994
53,2,0.0,0.0,0.0,0.0,0.0
53,3,0.0,0.0,0.0,0.0,0.0
53,4,0.0,0.0,0.0,0.0,0.0
54,0,0.0,-3.602447041715364e-05,0.0,0.0,-1.298457229091507
54,1,0.0,0.0,0.0,0.0,-0.15539623263693994
54,2,0.0,0.0,0.0,0.0,0.0
54,3,0.0,0.0,0.0,0.0,0.0
54,4,0.0,0.0,0.0,0.0,0.0
55,0,0.0,-3.602447041715364e-05,0.0,0.0,-1.3117164432453852
55,1,0.0,0.0,0.0,0.0,-0.15539623263693994
55,2,0.0,0.0,0.0,0.0,0.0
55,3,0.0,0.0,0.0,0.0,0.0
55,4,0.0,0.0,0.0,0.0,0.0
56,0,0.0,-3.602447041715364e-05,0.0,0.0,-1.3408040227661377
56,1,0.0,0.0,0.0,0.0,-0.15539623263693994
56,2,0.0,0.0,0.0,0.0,0.0
56,3,0.0,0.0,0.0,0.0,0.0
56,4,0.0,0.0,0.0,0.0,0.0
57,0,0.0,-3.602447041715364e-05,0.0,0.0,-1.3571269131221189
57,1,0.0,0.0,0.0,0.0,-0.15539623263693994
57,2,0.0,0.0,0.0,0.0,0.0
57,3,0.0,0.0,0.0,0.0,0.0
57,4,0.0,0.0,0.0,0.0,0.0
58,0,0.0,-3.602447041715364e-05,0.0,0.0,-1.3825496622311995
58,1,0.0,0.0,0.0,0.0,-0.15539623263693994
58,2,0.0,0.0,0.0,0.0,0.0
58,3,0.0,0.0,0.0,0.0,0.0
58,4,0.0,0.0,0.0,0.0,0.0
59,0,0.0,-3.602447041715364e-05,0.0,0.0,-1.4361519561822431
59,1,0.0,0.0,0.0,0.0,-0.15539623263693994
59,2,0.0,0.0,0.0,0.0,0.0
59,3,0.0,0.0,0.0,0.0,0.0
59,4,0.0,0.0,0.0,0.0,0.0
60,0,0.0,-3.602447041715364e-05,0.0,0.0,-1.4570789202612222
60,1,0.0,0.0,0.0,0.0,-0.15539623263693994
60,2,0.0,0.0,0.0,0.0,0.0
60,3,0.0,0.0,0.0,0.0,0.0
60,4,0.0,0.0,0.0,0.0,0.0
61,0,0.0,-3.602447041715364e-05,0.0,0.0,-1.461703109864265
61,1,0.0,0.0,0.0,0.0,-0.15539623263693994
61,2,0.0,0.0,0.0,0.0,0.0
61,3,0.0,0.0,0.0,0.0,0.0
61,4,0.0,0.0,0.0,0.0,0.0
62,0,0.0,-3.602447041715364e-05,0.0,0.0,-1.5000626383458973
62,1,0.0,0.0,0.0,0.0,-0.15539623263693994
62,2,0.0,0.0,0.0,0.0,0.0
62,3,0.0,0.0,0.0,0.0,0.0
62,4,0.0,0.0,0.0,0.0,0.0
63,0,0.0,-3.602447041715364e-05,0.0,0.0,-1.5248317732435726
63,1,0.0,0.0,0.0,0.0,-0.15539623263693994
63,2,0.0,0.0,0.0,0.0,0.0
63,3,0.0,0.0,0.0,0.0,0.0
63,4,0.0,0.0,0.0,0.0,0.0
64,0,0.0,-3.602447041715364e-05,0.0,0.0,-1.5395668180035906
64,1,0.0,0.0,0.0,0.0,-0.15539623263693994
64,2,0.0,0.0,0.0,0.0,0.0
64,3,0.0,0.0,0.0,0.0,0.0
64,4,0.0,0.0,0.0,0.0,0.0
65,0,0.0,-3.602447041715364e-05,0.0,0.0,-1.55542986284824
65,1,0.0,0.0,0.0,0.0,-0.15539623263693994
65,2,0.0,0.0,0.0,0.0,0.0
65,3,0.0,0.0,0.0,0.0,0.0
65,4,0.0,0.0,0.0,0.0,0.0
66,0,0.0,-3.602447041715364e-05,0.0,0.0,-1.5881349725959688
66,1,0.0,0.0,0.0,0.0,-0.15539623263693994
66,2,0.0,0.0,0.0,0.0,0.0
66,3,0.0,0.0,0.0,0.0,0.0
66,4,0.0,0.0,0.0,0.0,0.0
67,0,0.0,-3.602447041715364e-05,0.0,0.0,-1.6264861447967365
67,1,0.0,0.0,0.0,0.0,-0.15539623263693994
67,2,0.0,0.0,0.0,0.0,0.0
67,3,0.0,0.0,0.0,0.0,0.0
67,4,0.0,0.0,0.0,0.0,0.0
68,0,0.0,-3.602447041715364e-05,0.0,0.0,-1.6465878494717023
68,1,0.0,0.0,0.0,0.0,-0.15539623263693994
68,2,0.0,0.0,0.0,0.0,0.0
68,3,0.0,0.0,0.0,0.0,0.0
68,4,0.0,0.0,0.0,0.0,0.0
69,0,0.0,-3.602447041715364e-05,0.0,0.0,-1.6515587146098898
69,1,0.0,0.0,0.0,0.0,-0.15539623263693994
69,2,0.0,0.0,0.0,0.0,0.0
69,3,0.0,0.0,0.0,0.0,0.0
69,4,0.0,0.0,0.0,0.0,0.0
70,0,0.0,-3.602447041715364e-05,0.0,0.0,-1.6748610788696197
70,1,0.0,0.0,0.0,0.0,-0.15539623263693994
70,2,0.0,0.0,0.0,0.0,0.0
70,3,0.0,0.0,0.0,0.0,0.0
70,4,0.0,0.0,0.0,0.0,0.0
71,0,0.0,-3.602447041715364e-05,0.0,0.0,-1.6800839423869747
71,1,0.0,0.0,0.0,0.0,-0.15539623263693994
71,2,0.0,0.0,0.0,0.0,0.0
71,3,0.0,0.0,0.0,0.0,0.0
71,4,0.0,0.0,0.0,0.0,0.0
72,0,0.0,-3.602447041715364e-05,0.0,0.0,-1.693013246583543
72,1,0.0,0.0,0.0,0.0,-0.15539623263693994
72,2,0.0,0.0,0.0,0.0,0.0
72,3,0.0,0.0,0.0,0.0,0.0
72,4,0.0,0.0,0.0,0.0,0.0
73,0,0.0,-3.602447041715364e-05,0.0,0.0,-1.7444182436927707
73,1,0.0,0.0,0.0,0.0,-0.15539623263693994
73,2,0.0,0.0,0.0,0.0,0.0
73,3,0.0,0.0,0.0,0.0,0.0
73,4,0.0,0.0,0.0,0.0,0.0
74,0,0.0,-3.602447041715364e-05,0.0,0.0,-1.7631060299131702
74,1,0.0,0.0,0.0,0.0,-0.15539623263693994
74,2,0.0,0.0,0.0,0.0,0.0
74,3,0.0,0.0,0.0,0.0,0.0
74,4,0.0,0.0,0.0,0.0,0.0
75,0,0.0,-3.602447041715364e-05,0.0,0.0,-1.7764568566300054
75,1,0.0,0.0,0.0,0.0,-0.15539623263693994
75,2,0.0,0.0,0.0,0.0,0.0
75,3,0.0,0.0,0.0,0.0,0.0
75,4,0.0,0.0,0.0,0.0,0.0
76,0,0.0,-3.602447041715364e-05,0.0,0.0,-1.8104941788707982
76,1,0.0,0.0,0.0,0.0,-0.15539623263693994
76,2,0.0,0.0,0.0,0.0,0.0
76,3,0.0,0.0,0.0,0.0,0.0
76,4,0.0,0.0,0.0,0.0,0.0
77,0,0.0,-3.602447041715364e-05,0.0,0.0,-1.8383536477621458
77,1,0.0,0.0,0.0,0.0,-0.15539623263693994
77,2,0.0,0.0,0.0,0.0,0.0
77,3,0.0,0.0,0.0,0.0,0.0
77,4,0.0,0.0,0.0,0.0,0.0
78,0,0.0,-3.602447041715364e-05,0.0,0.0,-1.855363743100844
78,1,0.0,0.0,0.0,0.0,-0.15539623263693994
78,2,0.0,0.0,0.0,0.0,0.0
78,3,0.0,0.0,0.0,0.0,0.0
78,4,0.0,0.0,0.0,0.0,0.0
79,0,0.0,-3.602447041715364e-05,0.0,0.0,-1.889884694254572
79,1,0.0,0.0,0.0,0.0,-0.15539623263693994
79,2,0.0,0.0,0.0,0.0,0.0
79,3,0.0,0.0,0.0,0.0,0.0
79,4,0.0,0.0,0.0,0.0,0.0
80,0,0.0,-3.602447041715364e-05,0.0,0.0,-1.9351178166483647
80,1,0.0,0.0,0.0,0.0,-0.15539623263693994
80,2,0.0,0.0,0.0,0.0,0.0
80,3,0.0,0.0,0.0,0.0,0.0
80,4,0.0,0.0,0.0,0.0,0.0
81,0,0.0,-3.602447041715364e-05,0.0,0.0,-1.9628632935516899
81,1,0.0,0.0,0.0,0.0,-0.15539623263693994
81,2,0.0,0.0,0.0,0.0,0.0
81,3,0.0,0.0,0.0,0.0,0.0
81,4,0.0,0.0,0.0,0.0,0.0
82,0,0.0,-3.602447041715364e-05,0.0,0.0,-1.9776212579134242
82,1,0.0,0.0,0.0,0.0,-0.15539623263693994
82,2,0.0,0.0,0.0,0.0,0.0
82,3,0.0,0.0,0.0,0.0,0.0
82,4,0.0,0.0,0.0,0.0,0.0
83,0,0.0,-3.602447041715364e-05,0.0,0.0,-2.0107186407008304
83,1,0.0,0.0,0.0,0.0,-0.15539623263693994
83,2,0.0,0.0,0.0,0.0,0.0
83,3,0.0,0.0,0.0,0.0,0.0
83,4,0.0,0.0,0.0,0.0,0.0
84,0,0.0,-3.602447041715364e-05,0.0,0.0,-2.042173875539847
84,1,0.0,0.0,0.0,0.0,-0.15539623263693994
84,2,0.0,0.0,0.0,0.0,0.0
84,3,0.0,0.0,0.0,0.0,0.0
84,4,0.0,0.0,0.0,0.0,0.0
85,0,0.0,-3.602447041715364e-05,0.0,0.0,-2.0828603675683075
85,1,0.0,0.0,0.0,0.0,-0.15539623263693994
85,2,0.0,0.0,0.0,0.0,0.0
85,3,0.0,0.0,0.0,0.0,0.0
85,4,0.0,0.0,0.0,0.0,0.0
86,0,0.0,-3.602447041715364e-05,0.0,0.0,-2.1224917144161255
86,1,0.0,0.0,0.0,0.0,-0.15539623263693994
86,2,0.0,0.0,0.0,0.0,0.0
86,3,0.0,0.0,0.0,0.0,0.0
86,4,0.0,0.0,0.0,0.0,0.0
87,0,0.0,-3.602447041715364e-05,0.0,0.0,-2.1460165007022254
87,1,0.0,0.0,0.0,0.0,-0.15539623263693994
87,2,0.0,0.0,0.0,0.0,0.0
87,3,0.0,0.0,0.0,0.0,0.0
87,4,0.0,0.0,0.0,0.0,0.0
88,0,0.0,-3.602447041715364e-05,0.0,0.0,-2.189293977838821
88,1,0.0,0.0,0.0,0.0,-0.15539623263693994
88,2,0.0,0.0,0.0,0.0,0.0
88,3,0.0,0.0,0.0,0.0,0.0
88,4,0.0,0.0,0.0,0.0,0.0
89,0,0.0,-3.602447041715364e-05,0.0,0.0,-2.219250619882483
89,1,0.0,0.0,0.0,0.0,-0.15539623263693994
89,2,0.0,0.0,0.0,0.0,0.0
89,3,0.0,0.0,0.0,0.0,0.0
89,4,0.0,0.0,0.0,0.0,0.0
90,0,0.0,-3.602447041715364e-05,0.0,0.0,-2.2317572085318953
90,1,0.0,0.0,0.0,0.0,-0.15539623263693994
90,2,0.0,0.0,0.0,0.0,0.0
90,3,0.0,0.0,0.0,0.0,0.0
90,4,0.0,0.0,0.0,0.0,0.0
91,0,0.0,-3.602447041715364e-05,0.0,0.0,-2.248170554731734
91,1,0.0,0.0,0.0,0.0,-0.15539623263693994
91,2,0.0,0.0,0.0,0.0,0.0
91,3,0.0,0.0,0.0,0.0,0.0
91,4,0.0,0.0,0.0,0.0,0.0
92,0,0.0,-3.602447041715364e-05,0.0,0.0,-2.2808086286836025
92,1,0.0,0.0,0.0,0.0,-0.15539623263693994
92,2,0.0,0.0,0.0,0.0,0.0
92,3,0.0,0.0,0.0,0.0,0.0
92,4,0.0,0.0,0.0,0.0,0.0
93,0,0.0,-3.602447041715364e-05,0.0,0.0,-2.3315697546393404
93,1,0.0,0.0,0.0,0.0,-0.15539623263693994
93,2,0.0,0.0,0.0,0.0,0.0
93,3,0.0,0.0,0.0,0.0,0.0
93,4,0.0,0.0,0.0,0.0,0.0
94,0,0.0,-3.602447041715364e-05,0.0,0.0,-2.3381203290966828
94,1,0.0,0.0,0.0,0.0,-0.15539623263693994
94,2,0.0,0.0,0.0,0.0,0.0
94,3,0.0,0.0,0.0,0.0,0.0
94,4,0.0,0.0,0.0,0.0,0.0
95,0,0.0,-3.602447041715364e-05,0.0,0.0,-2.385125927800031
95,1,0.0,0.0,0.0,0.0,-0.15539623263693994
95,2,0.0,0.0,0.0,0.0,0.0
95,3,0.0,0.0,0.0,0.0,0.0
95,4,0.0,0.0,0.0,0.0,0.0
96,0,0.0,-3.602447041715364e-05,0.0,0.0,-2.4082525749845822
96,1,0.0,0.0,0.0,0.0,-0.15539623263693994
96,2,0.0,0.0,0.0,0.0,0.0
96,3,0.0,0.0,0.0,0.0,0.0
96,4,0.0,0.0,0.0,0.0,0.0
97,0,0.0,-3.602447041715364e-05,0.0,0.0,-2.4421039778579647
97,1,0.0,0.0,0.0,0.0,-0.15539623263693994
97,2,0.0,0.0,0.0,0.0,0.0
97,3,0.0,0.0,0.0,0.0,0.0
97,4,0.0,0.0,0.0,0.0,0.0
98,0,0.0,-3.602447041715364e-05,0.0,0.0,-2.4645987897852186
98,1,0.0,0.0,0.0,0.0,-0.15539623263693994
98,2,0.0,0.0,0.0,0.0,0.0
98,3,0.0,0.0,0.0,0.0,0.0
98,4,0.0,0.0,0.0,0.0,0.0
99,0,0.0,-3.602447041715364e-05,0.0,0.0,-2.4976256959368355
99,1,0.0,0.0,0.0,0.0,-0.15539623263693994
99,2,0.0,0.0,0.0,0.0,0.0
99,3,0.0,0.0,0.0,0.0,0.0
99,4,0.0,0.0,0.0,0.0,0.0
100,0,0.0,-3.602447041715364e-05,0.0,0.0,-2.522296052027227
100,1,0.0,0.0,0.0,0.0,-0.15539623263693994
100,2,0.0,0.0,0.0,0.0,0.0
100,3,0.0,0.0,0.0,0.0,0.0
100,4,0.0,0.0,0.0,0.0,0.0
101,0,0.0,-3.602447041715364e-05,0.0,0.0,-2.528924182052847
101,1,0.0,0.0,0.0,0.0,-0.15539623263693994
101,2,0.0,0.0,0.0,0.0,0.0
101,3,0.0,0.0,0.0,0.0,0.0
101,4,0.0,0.0,0.0,0.0,0.0
102,0,0.0,-3.602447041715364e-05,0.0,0.0,-2.5594164041619787
102,1,0.0,0.0,0.0,0.0,-0.15539623263693994
102,2,0.0,0.0,0.0,0.0,0.0
102,3,0.0,0.0,0.0,0.0,0.0
102,4,0.0,0.0,0.0,0.0,0.0
103,0,0.0,-3.602447041715364e-05,0.0,0.0,-2.5998733533555454
103,1,0.0,0.0,0.0,0.0,-0.15539623263693994
103,2,0.0,0.0,0.0,0.0,0.0
103,3,0.0,0.0,0.0,0.0,0.0
103,4,0.0,0.0,0.0,0.0,0.0
104,0,0.0,-3.602447041715364e-05,0.0,0.0,-2.6114510315445303
104,1,0.0,0.0,0.0,0.0,-0.15539623263693994
104,2,0.0,0.0,0.0,0.0,0.0
104,3,0.0,0.0,0.0,0.0,0.0
104,4,0.0,0.0,0.0,0.0,0.0
105,0,0.0,-3.602447041715364e-05,0.0,0.0,-2.634504406194668
105,1,0.0,0.0,0.0,0.0,-0.15539623263693994
105,2,0.0,0.0,0.0,0.0,0.0
105,3,0.0,0.0,0.0,0.0,0.0
105,4,0.0,0.0,0.0,0.0,0.0
106,0,0.0,-3.602447041715364e-05,0.0,0.0,-2.6742456903988105
106,1,0.0,0.0,0.0,0.0,-0.15539623263693994
106,2,0.0,0.0,0.0,0.0,0.0
106,3,0.0,0.0,0.0,0.0,0.0
106,4,0.0,0.0,0.0,0.0,0.0
107,0,0.0,-3.602447041715364e-05,0.0,0.0,-2.7020866137635555
107,1,0.0,0.0,0.0,0.0,-0.15539623263693994
107,2,0.0,0.0,0.0,0.0,0.0
107,3,0.0,0.0,0.0,0.0,0.0
107,4,0.0,0.0,0.0,0.0,0.0
108,0,0.0,-3.602447041715364e-05,0.0,0.0,-2.731649156197564
108,1,0.0,0.0,0.0,0.0,-0.15539623263693994
108,2,0.0,0.0,0.0,0.0,0.0
108,3,0.0,0.0,0.0,0.0,0.0
108,4,0.0,0.0,0.0,0.0,0.0
109,0,0.0,-3.602447041715364e-05,0.0,0.0,-2.76334996238997
109,1,0.0,0.0,0.0,0.0,-0.15539623263693994
109,2,0.0,0.0,0.0,0.0,0.0
109,3,0.0,0.0,0.0,0.0,0.0
109,4,0.0,0.0,0.0,0.0,0.0
110,0,0.0,-3.602447041715364e-05,0.0,0.0,-2.7764089546517723
110,1,0.0,0.0,0.0,0.0,-0.15539623263693994
110,2,0.0,0.0,0.0,0.0,0.0
110,3,0.0,0.0,0.0,0.0,0.0
110,4,0.0,0.0,0.0,0.0,0.0
111,0,0.0,-3.602447041715364e-05,0.0,0.0,-2.789870920089603
111,1,0.0,0.0,0.0,0.0,-0.15539623263693994
111,2,0.0,0.0,0.0,0.0,0.0
111,3,0.0,0.0,0.0,0.0,0.0
111,4,0.0,0.0,0.0,0.0,0.0
112,0,0.0,-3.602447041715364e-05,0.0,0.0,-2.793765524252291
112,1,0.0,0.0,0.0,0.0,-0.15539623263693994
112,2,0.0,0.0,0.0,0.0,0.0
112,3,0.0,0.0,0.0,0.0,0.0
112,4,0.0,0.0,0.0,0.0,0.0
113,0,0.0,-3.602447041715364e-05,0.0,0.0,-2.796981315880668
113,1,0.0,0.0,0.0,0.0,-0.15539623263693994
113,2,0.0,0.0,0.0,0.0,0.0
113,3,0.0,0.0,0.0,0.0,0.0
113,4,0.0,0.0,0.0,0.0,0.0
114,0,0.0,-7.619255350203593e-05,0.0,0.0,-2.796981315880668
114,1,0.0,0.0,0.0,0.0,-0.17811698425198233
114,2,0.0,0.0,0.0,0.0,0.0
114,3,0.0,0.0,0.0,0.0,0.0
114,4,0.0,0.0,0.0,0.0,0.0
115,0,0.0,-7.619255350203593e-05,0.0,0.0,-2.808849772811521
115,1,0.0,0.0,0.0,0.0,-0.17811698425198233
115,2,0.0,0.0,0.0,0.0,0.0
115,3,0.0,0.0,0.0,0.0,0.0
115,4,0.0,0.0,0.0,0.0,0.0
116,0,0.0,-7.619255350203593e-05,0.0,0.0,-2.83612149305289
116,1,0.0,0.0,0.0,0.0,-0.17811698425198233
116,2,0.0,0.0,0.0,0.0,0.0
116,3,0.0,0.0,0.0,0.0,0.0
116,4,0.0,0.0,0.0,0.0,0.0
117,0,0.0,-7.619255350203593e-05,0.0,0.0,-2.8621060296376455
117,1,0.0,0.0,0.0,0.0,-0.17811698425198233
117,2,0.0,0.0,0.0,0.0,0.0
117,3,0.0,0.0,0.0,0.0,0.0
117,4,0.0,0.0,0.0,0.0,0.0
118,0,0.0,-7.619255350203593e-05,0.0,0.0,-2.888830928006996
118,1,0.0,0.0,0.0,0.0,-0.17811698425198233
118,2,0.0,0.0,0.0,0.0,0.0
118,3,0.0,0.0,0.0,0.0,0.0
118,4,0.0,0.0,0.0,0.0,0.0
119,0,0.0,-7.619255350203593e-05,0.0,0.0,-2.9137773635886437
119,1,0.0,0.0,0.0,0.0,-0.17811698425198233
119,2,0.0,0.0,0.0,0.0,0.0
119,3,0.0,0.0,0.0,0.0,0.0
119,4,0.0,0.0,0.0,0.0,0.0
120,0,0.0,-7.619255350203593e-05,0.0,0.0,-2.951319239120893
120,1,0.0,0.0,0.0,0.0,-0.17811698425198233
120,2,0.0,0.0,0.0,0.0,0.0
120,3,0.0,0.0,0.0,0.0,0.0
120,4,0.0,0.0,0.0,0.0,0.0
121,0,0.0,-7.619255350203593e-05,0.0,0.0,-2.995663811366617
121,1,0.0,0.0,0.0,0.0,-0.17811698425198233
121,2,0.0,0.0,0.0,0.0,0.0
121,3,0.0,0.0,0.0,0.0,0.0
121,4,0.0,0.0,0.0,0.0,0.0
122,0,0.0,-7.619255350203593e-05,0.0,0.0,-3.0140418221513463
122,1,0.0,0.0,0.0,0.0,-0.17811698425198233
122,2,0.0,0.0,0.0,0.0,0.0
122,3,0.0,0.0,0.0,0.0,0.0
122,4,0.0,0.0,0.0,0.0,0.0
123,0,0.0,-7.619255350203593e-05,0.0,0.0,-3.0240287782917377
123,1,0.0,0.0,0.0,0.0,-0.17811698425198233
123,2,0.0,0.0,0.0,0.0,0.0
123,3,0.0,0.0,0.0,0.0,0.0
123,4,0.0,0.0,0.0,0.0,0.0
124,0,0.0,-7.619255350203593e-05,0.0,0.0,-3.046135986311962
124,1,0.0,0.0,0.0,0.0,-0.17811698425198233
124,2,0.0,0.0,0.0,0.0,0.0
124,3,0.0,0.0,0.0,0.0,0.0
124,4,0.0,0.0,0.0,0.0,0.0
125,0,0.0,-7.619255350203593e-05,0.0,0.0,-3.084526402028193
125,1,0.0,0.0,0.0,0.0,-0.17811698425198233
125,2,0.0,0.0,0.0,0.0,0.0
125,3,0.0,0.0,0.0,0.0,0.0
125,4,0.0,0.0,0.0,0.0,0.0
126,0,0.0,-7.619255350203593e-05,0.0,0.0,-3.0986664966213375
126,1,0.0,0.0,0.0,0.0,-0.17811698425198233
126,2,0.0,0.0,0.0,0.0,0.0
126,3,0.0,0.0,0.0,0.0,0.0
126,4,0.0,0.0,0.0,0.0,0.0
127,0,0.0,-7.619255350203593e-05,0.0,0.0,-3.129899996985641
127,1,0.0,0.0,0.0,0.0,-0.17811698425198233
127,2,0.0,0.0,0.0,0.0,0.0
127,3,0.0,0.0,0.0,0.0,0.0
127,4,0.0,0.0,0.0,0.0,0.0
128,0,0.0,-7.619255350203593e-05,0.0,0.0,-3.155747073979384
128,1,0.0,0.0,0.0,0.0,-0.17811698425198233
128,2,0.0,0.0,0.0,0.0,0.0
128,3,0.0,0.0,0.0,0.0,0.0
128,4,0.0,0.0,0.0,0.0,0.0
129,0,0.0,-7.619255350203593e-05,0.0,0.0,-3.1923953568792136
129,1,0.0,0.0,0.0,0.0,-0.17811698425198233
129,2,0.0,0.0,0.0,0.0,0.0
129,3,0.0,0.0,0.0,0.0,0.0
129,4,0.0,0.0,0.0,0.0,0.0
130,0,0.0,-7.619255350203593e-05,0.0,0.0,-3.201426811053405
130,1,0.0,0.0,0.0,0.0,-0.17811698425198233
130,2,0.0,0.0,0.0,0.0,0.0
130,3,0.0,0.0,0.0,0.0,0.0
130,4,0.0,0.0,0.0,0.0,0.0
131,0,0.0,-7.619255350203593e-05,0.0,0.0,-3.224896635964752
131,1,0.0,0.0,0.0,0.0,-0.17811698425198233
131,2,0.0,0.0,0.0,0.0,0.0
131,3,0.0,0.0,0.0,0.0,0.0
131,4,0.0,0.0,0.0,0.0,0.0
132,0,0.0,-7.619255350203593e-05,0.0,0.0,-3.2322758204845083
132,1,0.0,0.0,0.0,0.0,-0.17811698425198233
132,2,0.0,0.0,0.0,0.0,0.0
132,3,0.0,0.0,0.0,0.0,0.0
132,4,0.0,0.0,0.0,0.0,0.0
133,0,0.0,-7.619255350203593e-05,0.0,0.0,-3.2456578077861535
133,1,0.0,0.0,0.0,0.0,-0.17811698425198233
133,2,0.0,0.0,0.0,0.0,0.0
133,3,0.0,0.0,0.0,0.0,0.0
133,4,0.0,0.0,0.0,0.0,0.0
134,0,0.0,-7.619255350203593e-05,0.0,0.0,-3.2771306783586285
134,1,0.0,0.0,0.0,0.0,-0.17811698425198233
134,2,0.0,0.0,0.0,0.0,0.0
134,3,0.0,0.0,0.0,0.0,0.0
134,4,0.0,0.0,0.0,0.0,0.0
135,0,0.0,-7.619255350203593e-05,0.0,0.0,-3.2890809178044815
135,1,0.0,0.0,0.0,0.0,-0.17811698425198233
135,2,0.0,0.0,0.0,0.0,0.0
135,3,0.0,0.0,0.0,0.0,0.0
135,4,0.0,0.0,0.0,0.0,0.0
136,0,0.0,-7.619255350203593e-05,0.0,0.0,-3.3012764475713623
136,1,0.0,0.0,0.0,0.0,-0.17811698425198233
136,2,0.0,0.0,0.0,0.0,0.0
136,3,0.0,0.0,0.0,0.0,0.0
136,4,0.0,0.0,0.0,0.0,0.0
137,0,0.0,-7.619255350203593e-05,0.0,0.0,-3.3219698906780004
137,1,0.0,0.0,0.0,0.0,-0.17811698425198233
137,2,0.0,0.0,0.0,0.0,0.0
137,3,0.0,0.0,0.0,0.0,0.0
137,4,0.0,0.0,0.0,0.0,0.0
138,0,0.0,-7.619255350203593e-05,0.0,0.0,-3.351475619675881
138,1,0.0,0.0,0.0,0.0,-0.17811698425198233
138,2,0.0,0.0,0.0,0.0,0.0
138,3,0.0,0.0,0.0,0.0,0.0
138,4,0.0,0.0,0.0,0.0,0.0
139,0,0.0,-7.619255350203593e-05,0.0,0.0,-3.3703875796480185
139,1,0.0,0.0,0.0,0.0,-0.17811698425198233
139,2,0.0,0.0,0.0,0.0,0.0
139,3,0.0,0.0,0.0,0.0,0.0
139,4,0.0,0.0,0.0,0.0,0.0
140,0,0.0,-7.619255350203593e-05,0.0,0.0,-3.3917577575304296
140,1,0.0,0.0,0.0,0.0,-0.17811698425198233
140,2,0.0,0.0,0.0,0.0,0.0
140,3,0.0,0.0,0.0,0.0,0.0
140,4,0.0,0.0,0.0,0.0,0.0
141,0,0.0,-7.619255350203593e-05,0.0,0.0,-3.4087565935074147
141,1,0.0,0.0,0.0,0.0,-0.17811698425198233
141,2,0.0,0.0,0.0,0.0,0.0
141,3,0.0,0.0,0.0,0.0,0.0
141,4,0.0,0.0,0.0,0.0,0.0
142,0,0.0,-7.619255350203593e-05,0.0,0.0,-3.432129002539219
142,1,0.0,0.0,0.0,0.0,-0.17811698425198233
142,2,0.0,0.0,0.0,0.0,0.0
142,3,0.0,0.0,0.0,0.0,0.0
142,4,0.0,0.0,0.0,0.0,0.0
143,0,0.0,-7.619255350203593e-05,0.0,0.0,-3.4348049329903847
143,1,0.0,0.0,0.0,0.0,-0.17811698425198233
143,2,0.0,0.0,0.0,0.0,0.0
143,3,0.0,0.0,0.0,0.0,0.0
143,4,0.0,0.0,0.0,0.0,0.0
144,0,0.0,-7.619255350203593e-05,0.0,0.0,-3.4777919583123555
144,1,0.0,0.0,0.0,0.0,-0.17811698425198233
144,2,0.0,0.0,0.0,0.0,0.0
144,3,0.0,0.0,0.0,0.0,0.0
144,4,0.0,0.0,0.0,0.0,0.0
145,0,0.0,-0.00012891602939073672,0.0,0.0,-3.4777919583123555
145,1,0.0,0.0,0.0,0.0,-0.2297570699517533
145,2,0.0,0.0,0.0,0.0,0.0
145,3,0.0,0.0,0.0,0.0,0.0
145,4,0.0,0.0,0.0,0.0,0.0
146,0,0.0,-0.00012891602939073672,0.0,0.0,-3.479864778922813
146,1,0.0,0.0,0.0,0.0,-0.2297570699517533
146,2,0.0,0.0,0.0,0.0,0.0
146,3,0.0,0.0,0.0,0.0,0.0
146,4,0.0,0.0,0.0,0.0,0.0
147,0,0.0,-0.00012891602939073672,0.0,0.0,-3.51706078270646
147,1,0.0,0.0,0.0,0.0,-0.2297570699517533
147,2,0.0,0.0,0.0,0.0,0.0
147,3,0.0,0.0,0.0,0.0,0.0
147,4,0.0,0.0,0.0,0.0,0.0
148,0,0.0,-0.00012891602939073672,0.0,0.0,-3.5328813569913016
148,1,0.0,0.0,0.0,0.0,-0.2297570699517533
148,2,0.0,0.0,0.0,0.0,0.0
148,3,0.0,0.0,0.0,0.0,0.0
148,4,0.0,0.0,0.0,0.0,0.0
149,0,0.0,-0.00012891602939073672,0.0,0.0,-3.5464702807805555
149,1,0.0,0.0,0.0,0.0,-0.2297570699517533
149,2,0.0,0.0,0.0,0.0,0.0
149,3,0.0,0.0,0.0,0.0,0.0
149,4,0.0,0.0,0.0,0.0,0.0
150,0,0.0,-0.00012891602939073672,0.0,0.0,-3.559868116307182
150,1,0.0,0.0,0.0,0.0,-0.2297570699517533
150,2,0.0,0.0,0.0,0.0,0.0
150,3,0.0,0.0,0.0,0.0,0.0
150,4,0.0,0.0,0.0,0.0,0.0
151,0,0.0,-0.00012891602939073672,0.0,0.0,-3.59161587462338
151,1,0.0,0.0,0.0,0.0,-0.2297570699517533
151,2,0.0,0.0,0.0,0.0,0.0
151,3,0.0,0.0,0.0,0.0,0.0
151,4,0.0,0.0,0.0,0.0,0.0
152,0,0.0,-0.00012891602939073672,0.0,0.0,-3.6041368990371607
152,1,0.0,0.0,0.0,0.0,-0.2297570699517533
152,2,0.0,0.0,0.0,0.0,0.0
152,3,0.0,0.0,0.0,0.0,0.0
152,4,0.0,0.0,0.0,0.0,0.0
153,0,0.0,-0.00012891602939073672,0.0,0.0,-3.6265313767098393
153,1,0.0,0.0,0.0,0.0,-0.2297570699517533
153,2,0.0,0.0,0.0,0.0,0.0
153,3,0.0,0.0,0.0,0.0,0.0
153,4,0.0,0.0,0.0,0.0,0.0
154,0,0.0,-0.00012891602939073672,0.0,0.0,-3.6722287777657336
154,1,0.0,0.0,0.0,0.0,-0.2297570699517533
154,2,0.0,0.0,0.0,0.0,0.0
154,3,0.0,0.0,0.0,0.0,0.0
154,4,0.0,0.0,0.0,0.0,0.0
155,0,0.0,-0.00012891602939073672,0.0,0.0,-3.6826539041504702
155,1,0.0,0.0,0.0,0.0,-0.2297570699517533
155,2,0.0,0.0,0.0,0.0,0.0
155,3,0.0,0.0,0.0,0.0,0.0
155,4,0.0,0.0,0.0,0.0,0.0
156,0,0.0,-0.00012891602939073672,0.0,0.0,-3.6982532835496174
156,1,0.0,0.0,0.0,0.0,-0.2297570699517533
156,2,0.0,0.0,0.0,0.0,0.0
156,3,0.0,0.0,0.0,0.0,0.0
156,4,0.0,0.0,0.0,0.0,0.0
157,0,0.0,-0.00012891602939073672,0.0,0.0,-3.7344713432260876
157,1,0.0,0.0,0.0,0.0,-0.2297570699517533
157,2,0.0,0.0,0.0,0.0,0.0
157,3,0.0,0.0,0.0,0.0,0.0
157,4,0.0,0.0,0.0,0.0,0.0
158,0,0.0,-0.00012891602939073672,0.0,0.0,-3.747855842394365
158,1,0.0,0.0,0.0,0.0,-0.2297570699517533
158,2,0.0,0.0,0.0,0.0,0.0
158,3,0.0,0.0,0.0,0.0,0.0
158,4,0.0,0.0,0.0,0.0,0.0
159,0,0.0,-0.00012891602939073672,0.0,0.0,-3.7538331305971817
159,1,0.0,0.0,0.0,0.0,-0.2297570699517533
159,2,0.0,0.0,0.0,0.0,0.0
159,3,0.0,0.0,0.0,0.0,0.0
159,4,0.0,0.0,0.0,0.0,0.0
160,0,0.0,-0.00012891602939073672,0.0,0.0,-3.7883270675161613
160,1,0.0,0.0,0.0,0.0,-0.2297570699517533
160,2,0.0,0.0,0.0,0.0,0.0
160,3,0.0,0.0,0.0,0.0,0.0
160,4,0.0,0.0,0.0,0.0,0.0
161,0,0.0,-0.00012891602939073672,0.0,0.0,-3.7981711916728544
161,1,0.0,0.0,0.0,0.0,-0.2297570699517533
161,2,0.0,0.0,0.0,0.0,0.0
161,3,0.0,0.0,0.0,0.0,0.0
161,4,0.0,0.0,0.0,0.0,0.0
162,0,0.0,-0.00012891602939073672,0.0,0.0,-3.8385858945658797
162,1,0.0,0.0,0.0,0.0,-0.2297570699517533
162,2,0.0,0.0,0.0,0.0,0.0
162,3,0.0,0.0,0.0,0.0,0.0
162,4,0.0,0.0,0.0,0.0,0.0
163,0,0.0,-0.00012891602939073672,0.0,0.0,-3.855851764054719
163,1,0.0,0.0,0.0,0.0,-0.2297570699517533
163,2,0.0,0.0,0.0,0.0,0.0
163,3,0.0,0.0,0.0,0.0,0.0
163,4,0.0,0.0,0.0,0.0,0.0
164,0,0.0,-0.00012891602939073672,0.0,0.0,-3.8764641549181293
164,1,0.0,0.0,0.0,0.0,-0.2297570699517533
164,2,0.0,0.0,0.0,0.0,0.0
164,3,0.0,0.0,0.0,0.0,0.0
164,4,0.0,0.0,0.0,0.0,0.0
165,0,0.0,-0.00012891602939073672,0.0,0.0,-3.878391449732342
165,1,0.0,0.0,0.0,0.0,-0.2297570699517533
165,2,0.0,0.0,0.0,0.0,0.0
165,3,0.0,0.0,0.0,0.0,0.0
165,4,0.0,0.0,0.0,0.0,0.0
166,0,0.0,-0.00012891602939073672,0.0,0.0,-3.8960272016714326
166,1,0.0,0.0,0.0,0.0,-0.2297570699517533
166,2,0.0,0.0,0.0,0.0,0.0
166,3,0.0,0.0,0.0,0.0,0.0
166,4,0.0,0.0,0.0,0.0,0.0
167,0,0.0,-0.00012891602939073672,0.0,0.0,-3.9102946630583566
167,1,0.0,0.0,0.0,0.0,-0.2297570699517533
167,2,0.0,0.0,0.0,0.0,0.0
167,3,0.0,0.0,0.0,0.0,0.0
167,4,0.0,0.0,0.0,0.0,0.0
168,0,0.0,-0.00012891602939073672,0.0,0.0,-3.92443421330257
168,1,0.0,0.0,0.0,0.0,-0.2297570699517533
168,2,0.0,0.0,0.0,0.0,0.0
168,3,0.0,0.0,0.0,0.0,0.0
168,4,0.0,0.0,0.0,0.0,0.0
169,0,0.0,-0.00012891602939073672,0.0,0.0,-3.9638497043149816
169,1,0.0,0.0,0.0,0.0,-0.2297570699517533
169,2,0.0,0.0,0.0,0.0,0.0
169,3,0.0,0.0,0.0,0.0,0.0
169,4,0.0,0.0,0.0,0.0,0.0
170,0,0.0,-0.00012891602939073672,0.0,0.0,-3.9862704435634737
170,1,0.0,0.0,0.0,0.0,-0.2297570699517533
170,2,0.0,0.0,0.0,0.0,0.0
170,3,0.0,0.0,0.0,0.0,0.0
170,4,0.0,0.0,0.0,0.0,0.0
171,0,0.0,-0.00012891602939073672,0.0,0.0,-4.018601199393093
171,1,0.0,0.0,0.0,0.0,-0.2297570699517533
171,2,0.0,0.0,0.0,0.0,0.0
171,3,0.0,0.0,0.0,0.0,0.0
171,4,0.0,0.0,0.0,0.0,0.0
172,0,0.0,-0.00012891602939073672,0.0,0.0,-4.049702450416768
172,1,0.0,0.0,0.0,0.0,-0.2297570699517533
172,2,0.0,0.0,0.0,0.0,0.0
172,3,0.0,0.0,0.0,0.0,0.0
172,4,0.0,0.0,0.0,0.0,0.0
173,0,0.0,-0.00012891602939073672,0.0,0.0,-4.059877268383445
173,1,0.0,0.0,0.0,0.0,-0.2297570699517533
173,2,0.0,0.0,0.0,0.0,0.0
173,3,0.0,0.0,0.0,0.0,0.0
173,4,0.0,0.0,0.0,0.0,0.0
174,0,0.0,-0.00012891602939073672,0.0,0.0,-4.089959045637547
174,1,0.0,0.0,0.0,0.0,-0.2297570699517533
174,2,0.0,0.0,0.0,0.0,0.0
174,3,0.0,0.0,0.0,0.0,0.0
174,4,0.0,0.0,0.0,0.0,0.0
175,0,0.0,-0.00012891602939073672,0.0,0.0,-4.1132501107680515
175,1,0.0,0.0,0.0,0.0,-0.2297570699517533
175,2,0.0,0.0,0.0,0.0,0.0
175,3,0.0,0.0,0.0,0.0,0.0
175,4,0.0,0.0,0.0,0.0,0.0
176,0,0.0,-0.00012891602939073672,0.0,0.0,-4.14696907437347
176,1,0.0,0.0,0.0,0.0,-0.2297570699517533
176,2,0.0,0.0,0.0,0.0,0.0
176,3,0.0,0.0,0.0,0.0,0.0
176,4,0.0,0.0,0.0,0.0,0.0
177,0,0.0,-0.00012891602939073672,0.0,0.0,-4.165839142482039
177,1,0.0,0.0,0.0,0.0,-0.2297570699517533
177,2,0.0,0.0,0.0,0.0,0.0
177,3,0.0,0.0,0.0,0.0,0.0
177,4,0.0,0.0,0.0,0.0,0.0
178,0,0.0,-0.00012891602939073672,0.0,0.0,-4.1694394276179025
178,1,0.0,0.0,0.0,0.0,-0.2297570699517533
178,2,0.0,0.0,0.0,0.0,0.0
178,3,0.0,0.0,0.0,0.0,0.0
178,4,0.0,0.0,0.0,0.0,0.0
179,0,0.0,-0.00012891602939073672,0.0,0.0,-4.186492063044235
179,1,0.0,0.0,0.0,0.0,-0.2297570699517533
179,2,0.0,0.0,0.0,0.0,0.0
179,3,0.0,0.0,0.0,0.0,0.0
179,4,0.0,0.0,0.0,0.0,0.0
180,0,0.0,-0.00012891602939073672,0.0,0.0,-4.200326228131188
180,1,0.0,0.0,0.0,0.0,-0.2297570699517533
180,2,0.0,0.0,0.0,0.0,0.0
180,3,0.0,0.0,0.0,0.0,0.0
180,4,0.0,0.0,0.0,0.0,0.0
181,0,0.0,-0.00012891602939073672,0.0,0.0,-4.216538516718378
181,1,0.0,0.0,0.0,0.0,-0.2297570699517533
181,2,0.0,0.0,0.0,0.0,0.0
181,3,0.0,0.0,0.0,0.0,0.0
181,4,0.0,0.0,0.0,0.0,0.0
182,0,0.0,-0.00012891602939073672,0.0,0.0,-4.218869766845208
182,1,0.0,0.0,0.0,0.0,-0.2297570699517533
182,2,0.0,0.0,0.0,0.0,0.0
182,3,0.0,0.0,0.0,0.0,0.0
182,4,0.0,0.0,0.0,0.0,0.0
183,0,0.0,-0.00012891602939073672,0.0,0.0,-4.2359137131453
183,1,0.0,0.0,0.0,0.0,-0.2297570699517533
183,2,0.0,0.0,0.0,0.0,0.0
183,3,0.0,0.0,0.0,0.0,0.0
183,4,0.0,0.0,0.0,0.0,0.0
184,0,0.0,-0.00012891602939073672,0.0,0.0,-4.2605863775322375
184,1,0.0,0.0,0.0,0.0,-0.2297570699517533
184,2,0.0,0.0,0.0,0.0,0.0
184,3,0.0,0.0,0.0,0.0,0.0
184,4,0.0,0.0,0.0,0.0,0.0
185,0,0.0,-0.00012891602939073672,0.0,0.0,-4.276982005592147
185,1,0.0,0.0,0.0,0.0,-0.2297570699517533
185,2,0.0,0.0,0.0,0.0,0.0
185,3,0.0,0.0,0.0,0.0,0.0
185,4,0.0,0.0,0.0,0.0,0.0
186,0,0.0,-0.00012891602939073672,0.0,0.0,-4.295810247347218
186,1,0.0,0.0,0.0,0.0,-0.2297570699517533
186,2,0.0,0.0,0.0,0.0,0.0
186,3,0.0,0.0,0.0,0.0,0.0
186,4,0.0,0.0,0.0,0.0,0.0
187,0,0.0,-0.00012891602939073672,0.0,0.0,-4.299084406591488
187,1,0.0,0.0,0.0,0.0,-0.2297570699517533
187,2,0.0,0.0,0.0,0.0,0.0
187,3,0.0,0.0,0.0,0.0,0.0
187,4,0.0,0.0,0.0,0.0,0.0
188,0,0.0,-0.00012891602939073672,0.0,0.0,-4.3240842871728855
188,1,0.0,0.0,0.0,0.0,-0.2297570699517533
188,2,0.0,0.0,0.0,0.0,0.0
188,3,0.0,0.0,0.0,0.0,0.0
188,4,0.0,0.0,0.0,0.0,0.0
189,0,0.0,-0.00012891602939073672,0.0,0.0,-4.334088343915193
189,1,0.0,0.0,0.0,0.0,-0.2297570699517533
189,2,0.0,0.0,0.0,0.0,0.0
189,3,0.0,0.0,0.0,0.0,0.0
189,4,0.0,0.0,0.0,0.0,0.0
190,0,0.0,-0.00012891602939073672,0.0,0.0,-4.33668383310099
190,1,0.0,0.0,0.0,0.0,-0.2297570699517533
190,2,0.0,0.0,0.0,0.0,0.0
190,3,0.0,0.0,0.0,0.0,0.0
190,4,0.0,0.0,0.0,0.0,0.0
191,0,0.0,-0.00012891602939073672,0.0,0.0,-4.338153936515333
191,1,0.0,0.0,0.0,0.0,-0.2297570699517533
191,2,0.0,0.0,0.0,0.0,0.0
191,3,0.0,0.0,0.0,0.0,0.0
191,4,0.0,0.0,0.0,0.0,0.0
192,0,0.0,-0.00012891602939073672,0.0,0.0,-4.34905895539591
192,1,0.0,0.0,0.0,0.0,-0.2297570699517533
192,2,0.0,0.0,0.0,0.0,0.0
192,3,0.0,0.0,0.0,0.0,0.0
192,4,0.0,0.0,0.0,0.0,0.0
193,0,0.0,-0.00012891602939073672,0.0,0.0,-4.360306822121342
193,1,0.0,0.0,0.0,0.0,-0.2297570699517533
193,2,0.0,0.0,0.0,0.0,0.0
193,3,0.0,0.0,0.0,0.0,0.0
193,4,0.0,0.0,0.0,0.0,0.0
194,0,0.0,-0.00012891602939073672,0.0,0.0,-4.39269171908685
194,1,0.0,0.0,0.0,0.0,-0.2297570699517533
194,2,0.0,0.0,0.0,0.0,0.0
194,3,0.0,0.0,0.0,0.0,0.0
194,4,0.0,0.0,0.0,0.0,0.0
195,0,0.0,-0.00012891602939073672,0.0,0.0,-4.400329754658915
195,1,0.0,0.0,0.0,0.0,-0.2297570699517533
195,2,0.0,0.0,0.0,0.0,0.0
195,3,0.0,0.0,0.0,0.0,0.0
195,4,0.0,0.0,0.0,0.0,0.0
196,0,0.0,-0.00012891602939073672,0.0,0.0,-4.414655683482769
196,1,0.0,0.0,0.0,0.0,-0.2297570699517533
196,2,0.0,0.0,0.0,0.0,0.0
196,3,0.0,0.0,0.0,0.0,0.0
196,4,0.0,0.0,0.0,0.0,0.0
197,0,0.0,-0.00012891602939073672,0.0,0.0,-4.432006388218492
197,1,0.0,0.0,0.0,0.0,-0.2297570699517533
197,2,0.0,0.0,0.0,0.0,0.0
197,3,0.0,0.0,0.0,0.0,0.0
197,4,0.0,0.0,0.0,0.0,0.0
198,0,0.0,-0.00012891602939073672,0.0,0.0,-4.442862162636805
198,1,0.0,0.0,0.0,0.0,-0.2297570699517533
198,2,0.0,0.0,0.0,0.0,0.0
198,3,0.0,0.0,0.0,0.0,0.0
198,4,0.0,0.0,0.0,0.0,0.0
199,0,0.0,-0.00012891602939073672,0.0,0.0,-4.4842805223517255
199,1,0.0,0.0,0.0,0.0,-0.2297570699517533
199,2,0.0,0.0,0.0,0.0,0.0
199,3,0.0,0.0,0.0,0.0,0.0
199,4,0.0,0.0,0.0,0.0,0.0
200,0,0.0,-0.00012891602939073672,0.0,0.0,-4.499484532440118
200,1,0.0,0.0,0.0,0.0,-0.2297570699517533
200,2,0.0,0.0,0.0,0.0,0.0
200,3,0.0,0.0,0.0,0.0,0.0
200,4,0.0,0.0,0.0,0.0,0.0
201,0,0.0,-0.0002166011884438802,0.0,0.0,-4.499484532440118
201,1,0.0,0.0,0.0,0.0,-0.2593705573740975
201,2,0.0,0.0,0.0,0.0,0.0
201,3,0.0,0.0,0.0,0.0,0.0
201,4,0.0,0.0,0.0,0.0,0.0
202,0,0.0,-0.0002166011884438802,0.0,0.0,-4.526131358273105
202,1,0.0,0.0,0.0,0.0,-0.2593705573740975
202,2,0.0,0.0,0.0,0.0,0.0
202,3,0.0,0.0,0.0,0.0,0.0
202,4,0.0,0.0,0.0,0.0,0.0
203,0,0.0,-0.0002166011884438802,0.0,0.0,-4.56756658608895
203,1,0.0,0.0,0.0,0.0,-0.2593705573740975
203,2,0.0,0.0,0.0,0.0,0.0
203,3,0.0,0.0,0.0,0.0,0.0
203,4,0.0,0.0,0.0,0.0,0.0
204,0,0.0,-0.0002166011884438802,0.0,0.0,-4.570685018473161
204,1,0.0,0.0,0.0,0.0,-0.2593705573740975
204,2,0.0,0.0,0.0,0.0,0.0
204,3,0.0,0.0,0.0,0.0,0.0
204,4,0.0,0.0,0.0,0.0,0.0
205,0,0.0,-0.0002166011884438802,0.0,0.0,-4.598470988516981
205,1,0.0,0.0,0.0,0.0,-0.2593705573740975
205,2,0.0,0.0,0.0,0.0,0.0
205,3,0.0,0.0,0.0,0.0,0.0
205,4,0.0,0.0,0.0,0.0,0.0
206,0,0.0,-0.0002166011884438802,0.0,0.0,-4.618277563293293
206,1,0.0,0.0,0.0,0.0,-0.2593705573740975
206,2,0.0,0.0,0.0,0.0,0.0
206,3,0.0,0.0,0.0,0.0,0.0
206,4,0.0,0.0,0.0,0.0,0.0
207,0,0.0,-0.0002166011884438802,0.0,0.0,-4.621001653878677
207,1,0.0,0.0,0.0,0.0,-0.2593705573740975
207,2,0.0,0.0,0.0,0.0,0.0
207,3,0.0,0.0,0.0,0.0,0.0
207,4,0.0,0.0,0.0,0.0,0.0
208,0,0.0,-0.0002166011884438802,0.0,0.0,-4.61779670825218
208,1,0.0,0.0,0.0,0.0,-0.2593705573740975
208,2,0.0,0.0,0.0,0.0,0.0
208,3,0.0,0.0,0.0,0.0,0.0
208,4,0.0,0.0,0.0,0.0,0.0
209,0,0.0,-0.0002166011884438802,0.0,0.0,-4.648352557604125
209,1,0.0,0.0,0.0,0.0,-0.2593705573740975
209,2,0.0,0.0,0.0,0.0,0.0
209,3,0.0,0.0,0.0,0.0,0.0
209,4,0.0,0.0,0.0,0.0,0.0
210,0,0.0,-0.0002166011884438802,0.0,0.0,-4.665001389694141
210,1,0.0,0.0,0.0,0.0,-0.2593705573740975
210,2,0.0,0.0,0.0,0.0,0.0
210,3,0.0,0.0,0.0,0.0,0.0
210,4,0.0,0.0,0.0,0.0,0.0
211,0,0.0,-0.0002166011884438802,0.0,0.0,-4.6820224598731075
211,1,0.0,0.0,0.0,0.0,-0.2593705573740975
211,2,0.0,0.0,0.0,0.0,0.0
211,3,0.0,0.0,0.0,0.0,0.0
211,4,0.0,0.0,0.0,0.0,0.0
212,0,0.0,-0.0002166011884438802,0.0,0.0,-4.692920332981402
212,1,0.0,0.0,0.0,0.0,-0.2593705573740975
212,2,0.0,0.0,0.0,0.0,0.0
212,3,0.0,0.0,0.0,0.0,0.0
212,4,0.0,0.0,0.0,0.0,0.0
213,0,0.0,-0.0002166011884438802,0.0,0.0,-4.706370826962672
213,1,0.0,0.0,0.0,0.0,-0.2593705573740975
213,2,0.0,0.0,0.0,0.0,0.0
213,3,0.0,0.0,0.0,0.0,0.0
213,4,0.0,0.0,0.0,0.0,0.0
214,0,0.0,-0.0002166011884438802,0.0,0.0,-4.706397918255145
214,1,0.0,0.0,0.0,0.0,-0.2593705573740975
214,2,0.0,0.0,0.0,0.0,0.0
214,3,0.0,0.0,0.0,0.0,0.0
214,4,0.0,0.0,0.0,0.0,0.0
215,0,0.0,-0.0002166011884438802,0.0,0.0,-4.725673835155435
215,1,0.0,0.0,0.0,0.0,-0.2593705573740975
215,2,0.0,0.0,0.0,0.0,0.0
215,3,0.0,0.0,0.0,0.0,0.0
215,4,0.0,0.0,0.0,0.0,0.0
216,0,0.0,-0.0002166011884438802,0.0,0.0,-4.73378055563423
216,1,0.0,0.0,0.0,0.0,-0.2593705573740975
216,2,0.0,0.0,0.0,0.0,0.0
216,3,0.0,0.0,0.0,0.0,0.0
216,4,0.0,0.0,0.0,0.0,0.0
217,0,0.0,-0.0002166011884438802,0.0,0.0,-4.750604738530725
217,1,0.0,0.0,0.0,0.0,-0.2593705573740975
217,2,0.0,0.0,0.0,0.0,0.0
217,3,0.0,0.0,0.0,0.0,0.0
217,4,0.0,0.0,0.0,0.0,0.0
218,0,0.0,-0.0002166011884438802,0.0,0.0,-4.775944465209286
218,1,0.0,0.0,0.0,0.0,-0.2593705573740975
218,2,0.0,0.0,0.0,0.0,0.0
218,3,0.0,0.0,0.0,0.0,0.0
218,4,0.0,0.0,0.0,0.0,0.0
219,0,0.0,-0.0002166011884438802,0.0,0.0,-4.788563215602363
219,1,0.0,0.0,0.0,0.0,-0.2593705573740975
219,2,0.0,0.0,0.0,0.0,0.0
219,3,0.0,0.0,0.0,0.0,0.0
219,4,0.0,0.0,0.0,0.0,0.0
220,0,0.0,-0.0002166011884438802,0.0,0.0,-4.790390037693666
220,1,0.0,0.0,0.0,0.0,-0.2593705573740975
220,2,0.0,0.0,0.0,0.0,0.0
220,3,0.0,0.0,0.0,0.0,0.0
220,4,0.0,0.0,0.0,0.0,0.0
221,0,0.0,-0.0002166011884438802,0.0,0.0,-4.814754711866757
221,1,0.0,0.0,0.0,0.0,-0.2593705573740975
221,2,0.0,0.0,0.0,0.0,0.0
221,3,0.0,0.0,0.0,0.0,0.0
221,4,0.0,0.0,0.0,0.0,0.0
222,0,0.0,-0.0002166011884438802,0.0,0.0,-4.818215601132766
222,1,0.0,0.0,0.0,0.0,-0.2593705573740975
222,2,0.0,0.0,0.0,0.0,0.0
222,3,0.0,0.0,0.0,0.0,0.0
222,4,0.0,0.0,0.0,0.0,0.0
223,0,0.0,-0.0002166011884438802,0.0,0.0,-4.820245904463915
223,1,0.0,0.0,0.0,0.0,-0.2593705573740975
223,2,0.0,0.0,0.0,0.0,0.0
223,3,0.0,0.0,0.0,0.0,0.0
223,4,0.0,0.0,0.0,0.0,0.0
224,0,0.0,-0.0002166011884438802,0.0,0.0,-4.8244184162288715
224,1,0.0,0.0,0.0,0.0,-0.2593705573740975
224,2,0.0,0.0,0.0,0.0,0.0
224,3,0.0,0.0,0.0,0.0,0.0
224,4,0.0,0.0,0.0,0.0,0.0
225,0,0.0,-0.0002166011884438802,0.0,0.0,-4.832348043590625
225,1,0.0,0.0,0.0,0.0,-0.2593705573740975
225,2,0.0,0.0,0.0,0.0,0.0
225,3,0.0,0.0,0.0,0.0,0.0
225,4,0.0,0.0,0.0,0.0,0.0
226,0,0.0,-0.0002166011884438802,0.0,0.0,-4.852696265760584
226,1,0.0,0.0,0.0,0.0,-0.2593705573740975
226,2,0.0,0.0,0.0,0.0,0.0
226,3,0.0,0.0,0.0,0.0,0.0
226,4,0.0,0.0,0.0,0.0,0.0
227,0,0.0,-0.0002166011884438802,0.0,0.0,-4.87523465017448
227,1,0.0,0.0,0.0,0.0,-0.2593705573740975
227,2,0.0,0.0,0.0,0.0,0.0
227,3,0.0,0.0,0.0,0.0,0.0
227,4,0.0,0.0,0.0,0.0,0.0
228,0,0.0,-0.0002166011884438802,0.0,0.0,-4.892389106386847
228,1,0.0,0.0,0.0,0.0,-0.2593705573740975
228,2,0.0,0.0,0.0,0.0,0.0
228,3,0.0,0.0,0.0,0.0,0.0
228,4,0.0,0.0,0.0,0.0,0.0
229,0,0.0,-0.0002166011884438802,0.0,0.0,-4.915095245487144
229,1,0.0,0.0,0.0,0.0,-0.2593705573740975
229,2,0.0,0.0,0.0,0.0,0.0
229,3,0.0,0.0,0.0,0.0,0.0
229,4,0.0,0.0,0.0,0.0,0.0
230,0,0.0,-0.0002166011884438802,0.0,0.0,-4.929029140845754
230,1,0.0,0.0,0.0,0.0,-0.2593705573740975
230,2,0.0,0.0,0.0,0.0,0.0
230,3,0.0,0.0,0.0,0.0,0.0
230,4,0.0,0.0,0.0,0.0,0.0
231,0,0.0,-0.0002166011884438802,0.0,0.0,-4.9528846137338745
231,1,0.0,0.0,0.0,0.0,-0.2593705573740975
231,2,0.0,0.0,0.0,0.0,0.0
231,3,0.0,0.0,0.0,0.0,0.0
231,4,0.0,0.0,0.0,0.0,0.0
232,0,0.0,-0.0002166011884438802,0.0,0.0,-4.994287545538898
232,1,0.0,0.0,0.0,0.0,-0.2593705573740975
232,2,0.0,0.0,0.0,0.0,0.0
232,3,0.0,0.0,0.0,0.0,0.0
232,4,0.0,0.0,0.0,0.0,0.0
233,0,0.0,-0.0002166011884438802,0.0,0.0,-5.008523510172491
233,1,0.0,0.0,0.0,0.0,-0.2593705573740975
233,2,0.0,0.0,0.0,0.0,0.0
233,3,0.0,0.0,0.0,0.0,0.0
233,4,0.0,0.0,0.0,0.0,0.0
234,0,0.0,-0.0002166011884438802,0.0,0.0,-5.05144321931773
234,1,0.0,0.0,0.0,0.0,-0.2593705573740975
234,2,0.0,0.0,0.0,0.0,0.0
234,3,0.0,0.0,0.0,0.0,0.0
234,4,0.0,0.0,0.0,0.0,0.0
235,0,0.0,-0.0002166011884438802,0.0,0.0,-5.061744793364274
235,1,0.0,0.0,0.0,0.0,-0.2593705573740975
235,2,0.0,0.0,0.0,0.0,0.0
235,3,0.0,0.0,0.0,0.0,0.0
235,4,0.0,0.0,0.0,0.0,0.0
236,0,0.0,-0.0002166011884438802,0.0,0.0,-5.100244945238619
236,1,0.0,0.0,0.0,0.0,-0.2593705573740975
236,2,0.0,0.0,0.0,0.0,0.0
236,3,0.0,0.0,0.0,0.0,0.0
236,4,0.0,0.0,0.0,0.0,0.0
237,0,0.0,-0.0002166011884438802,0.0,0.0,-5.130341714495637
237,1,0.0,0.0,0.0,0.0,-0.2593705573740975
237,2,0.0,0.0,0.0,0.0,0.0
237,3,0.0,0.0,0.0,0.0,0.0
237,4,0.0,0.0,0.0,0.0,0.0
238,0,0.0,-0.0002166011884438802,0.0,0.0,-5.147265132832907
238,1,0.0,0.0,0.0,0.0,-0.2593705573740975
238,2,0.0,0.0,0.0,0.0,0.0
238,3,0.0,0.0,0.0,0.0,0.0
238,4,0.0,0.0,0.0,0.0,0.0
239,0,0.0,-0.0002166011884438802,0.0,0.0,-5.167579647525834
239,1,0.0,0.0,0.0,0.0,-0.2593705573740975
239,2,0.0,0.0,0.0,0.0,0.0
239,3,0.0,0.0,0.0,0.0,0.0
239,4,0.0,0.0,0.0,0.0,0.0
240,0,0.0,-0.0003282309460575441,0.0,0.0,-5.167579647525834
240,1,0.0,0.0,0.0,0.0,-0.3092425776669198
240,2,0.0,0.0,0.0,0.0,0.0
240,3,0.0,0.0,0.0,0.0,0.0
240,4,0.0,0.0,0.0,0.0,0.0
241,0,0.0,-0.0003282309460575441,0.0,0.0,-5.1778013403658125
241,1,0.0,0.0,0.0,0.0,-0.3092425776669198
241,2,0.0,0.0,0.0,0.0,0.0
241,3,0.0,0.0,0.0,0.0,0.0
241,4,0.0,0.0,0.0,0.0,0.0
242,0,0.0,-0.0003282309460575441,0.0,0.0,-5.192571399549689
242,1,0.0,0.0,0.0,0.0,-0.3092425776669198
242,2,0.0,0.0,0.0,0.0,0.0
242,3,0.0,0.0,0.0,0.0,0.0
242,4,0.0,0.0,0.0,0.0,0.0
243,0,0.0,-0.0003282309460575441,0.0,0.0,-5.221017428754508
243,1,0.0,0.0,0.0,0.0,-0.3092425776669198
243,2,0.0,0.0,0.0,0.0,0.0
243,3,0.0,0.0,0.0,0.0,0.0
243,4,0.0,0.0,0.0,0.0,0.0
244,0,0.0,-0.0003282309460575441,0.0,0.0,-5.245265826671767
244,1,0.0,0.0,0.0,0.0,-0.3092425776669198
244,2,0.0,0.0,0.0,0.0,0.0
244,3,0.0,0.0,0.0,0.0,0.0
244,4,0.0,0.0,0.0,0.0,0.0
245,0,0.0,-0.0003282309460575441,0.0,0.0,-5.282533047731062
245,1,0.0,0.0,0.0,0.0,-0.3092425776669198
245,2,0.0,0.0,0.0,0.0,0.0
245,3,0.0,0.0,0.0,0.0,0.0
245,4,0.0,0.0,0.0,0.0,0.0
246,0,0.0,-0.0003282309460575441,0.0,0.0,-5.3004928762071595
246,1,0.0,0.0,0.0,0.0,-0.3092425776669198
246,2,0.0,0.0,0.0,0.0,0.0
246,3,0.0,0.0,0.0,0.0,0.0
246,4,0.0,0.0,0.0,0.0,0.0
247,0,0.0,-0.0003282309460575441,0.0,0.0,-5.3175148784187405
247,1,0.0,0.0,0.0,0.0,-0.3092425776669198
247,2,0.0,0.0,0.0,0.0,0.0
247,3,0.0,0.0,0.0,0.0,0.0
247,4,0.0,0.0,0.0,0.0,0.0
248,0,0.0,-0.0003282309460575441,0.0,0.0,-5.345944559999467
248,1,0.0,0.0,0.0,0.0,-0.3092425776669198
248,2,0.0,0.0,0.0,0.0,0.0
248,3,0.0,0.0,0.0,0.0,0.0
248,4,0.0,0.0,0.0,0.0,0.0
249,0,0.0,-0.0003282309460575441,0.0,0.0,-5.372954768362865
249,1,0.0,0.0,0.0,0.0,-0.3092425776669198
249,2,0.0,0.0,0.0,0.0,0.0
249,3,0.0,0.0,0.0,0.0,0.0
249,4,0.0,0.0,0.0,0.0,0.0
250,0,0.0,-0.0003282309460575441,0.0,0.0,-5.3954488412696495
250,1,0.0,0.0,0.0,0.0,-0.3092425776669198
250,2,0.0,0.0,0.0,0.0,0.0
250,3,0.0,0.0,0.0,0.0,0.0
250,4,0.0,0.0,0.0,0.0,0.0
251,0,0.0,-0.0003282309460575441,0.0,0.0,-5.409337662076206
251,1,0.0,0.0,0.0,0.0,-0.3092425776669198
251,2,0.0,0.0,0.0,0.0,0.0
251,3,0.0,0.0,0.0,0.0,0.0
251,4,0.0,0.0,0.0,0.0,0.0
252,0,0.0,-0.0003282309460575441,0.0,0.0,-5.408371981103656
252,1,0.0,0.0,0.0,0.0,-0.3092425776669198
252,2,0.0,0.0,0.0,0.0,0.0
252,3,0.0,0.0,0.0,0.0,0.0
252,4,0.0,0.0,0.0,0.0,0.0
253,0,0.0,-0.0003282309460575441,0.0,0.0,-5.440383925344604
253,1,0.0,0.0,0.0,0.0,-0.3092425776669198
253,2,0.0,0.0,0.0,0.0,0.0
253,3,0.0,0.0,0.0,0.0,0.0
253,4,0.0,0.0,0.0,0.0,0.0
254,0,0.0,-0.0003282309460575441,0.0,0.0,-5.451799605498217
254,1,0.0,0.0,0.0,0.0,-0.3092425776669198
254,2,0.0,0.0,0.0,0.0,0.0
254,3,0.0,0.0,0.0,0.0,0.0
254,4,0.0,0.0,0.0,0.0,0.0
255,0,0.0,-0.0003282309460575441,0.0,0.0,-5.472276855702261
255,1,0.0,0.0,0.0,0.0,-0.3092425776669198
255,2,0.0,0.0,0.0,0.0,0.0
255,3,0.0,0.0,0.0,0.0,0.0
255,4,0.0,0.0,0.0,0.0,0.0
256,0,0.0,-0.0003282309460575441,0.0,0.0,-5.473802449162096
256,1,0.0,0.0,0.0,0.0,-0.3092425776669198
256,2,0.0,0.0,0.0,0.0,0.0
256,3,0.0,0.0,0.0,0.0,0.0
256,4,0.0,0.0,0.0,0.0,0.0
257,0,0.0,-0.0003282309460575441,0.0,0.0,-5.496531090875486
257,1,0.0,0.0,0.0,0.0,-0.3092425776669198
257,2,0.0,0.0,0.0,0.0,0.0
257,3,0.0,0.0,0.0,0.0,0.0
257,4,0.0,0.0,0.0,0.0,0.0
258,0,0.0,-0.0003282309460575441,0.0,0.0,-5.4994135757238265
258,1,0.0,0.0,0.0,0.0,-0.3092425776669198
258,2,0.0,0.0,0.0,0.0,0.0
258,3,0.0,0.0,0.0,0.0,0.0
258,4,0.0,0.0,0.0,0.0,0.0
259,0,0.0,-0.0003282309460575441,0.0,0.0,-5.524138164668775
259,1,0.0,0.0,0.0,0.0,-0.3092425776669198
259,2,0.0,0.0,0.0,0.0,0.0
259,3,0.0,0.0,0.0,0.0,0.0
259,4,0.0,0.0,0.0,0.0,0.0
260,0,0.0,-0.0003282309460575441,0.0,0.0,-5.526360904050643
260,1,0.0,0.0,0.0,0.0,-0.3092425776669198
260,2,0.0,0.0,0.0,0.0,0.0
260,3,0.0,0.0,0.0,0.0,0.0
260,4,0.0,0.0,0.0,0.0,0.0
261,0,0.0,-0.0003282309460575441,0.0,0.0,-5.55667135278836
261,1,0.0,0.0,0.0,0.0,-0.3092425776669198
261,2,0.0,0.0,0.0,0.0,0.0
261,3,0.0,0.0,0.0,0.0,0.0
261,4,0.0,0.0,0.0,0.0,0.0
262,0,0.0,-0.0003282309460575441,0.0,0.0,-5.572488157351235
262,1,0.0,0.0,0.0,0.0,-0.3092425776669198
262,2,0.0,0.0,0.0,0.0,0.0
262,3,0.0,0.0,0.0,0.0,0.0
262,4,0.0,0.0,0.0,0.0,0.0
263,0,0.0,-0.0003282309460575441,0.0,0.0,-5.586649341784693
263,1,0.0,0.0,0.0,0.0,-0.3092425776669198
263,2,0.0,0.0,0.0,0.0,0.0
263,3,0.0,0.0,0.0,0.0,0.0
263,4,0.0,0.0,0.0,0.0,0.0
264,0,0.0,-0.0003282309460575441,0.0,0.0,-5.591124564758468
264,1,0.0,0.0,0.0,0.0,-0.3092425776669198
264,2,0.0,0.0,0.0,0.0,0.0
264,3,0.0,0.0,0.0,0.0,0.0
264,4,0.0,0.0,0.0,0.0,0.0
265,0,0.0,-0.0003282309460575441,0.0,0.0,-5.610049164675591
265,1,0.0,0.0,0.0,0.0,-0.3092425776669198
265,2,0.0,0.0,0.0,0.0,0.0
265,3,0.0,0.0,0.0,0.0,0.0
265,4,0.0,0.0,0.0,0.0,0.0
266,0,0.0,-0.0003282309460575441,0.0,0.0,-5.648668042268264
266,1,0.0,0.0,0.0,0.0,-0.3092425776669198
266,2,0.0,0.0,0.0,0.0,0.0
266,3,0.0,0.0,0.0,0.0,0.0
266,4,0.0,0.0,0.0,0.0,0.0
267,0,0.0,-0.0003282309460575441,0.0,0.0,-5.6733683262931995
267,1,0.0,0.0,0.0,0.0,-0.3092425776669198
267,2,0.0,0.0,0.0,0.0,0.0
267,3,0.0,0.0,0.0,0.0,0.0
267,4,0.0,0.0,0.0,0.0,0.0
268,0,0.0,-0.0003282309460575441,0.0,0.0,-5.6756597293718345
268,1,0.0,0.0,0.0,0.0,-0.3092425776669198
268,2,0.0,0.0,0.0,0.0,0.0
268,3,0.0,0.0,0.0,0.0,0.0
268,4,0.0,0.0,0.0,0.0,0.0
269,0,0.0,-0.0003282309460575441,0.0,0.0,-5.696548371372685
269,1,0.0,0.0,0.0,0.0,-0.3092425776669198
269,2,0.0,0.0,0.0,0.0,0.0
269,3,0.0,0.0,0.0,0.0,0.0
269,4,0.0,0.0,0.0,0.0,0.0
270,0,0.0,-0.0003282309460575441,0.0,0.0,-5.711031354557265
270,1,0.0,0.0,0.0,0.0,-0.3092425776669198
270,2,0.0,0.0,0.0,0.0,0.0
270,3,0.0,0.0,0.0,0.0,0.0
270,4,0.0,0.0,0.0,0.0,0.0
271,0,0.0,-0.0003282309460575441,0.0,0.0,-5.7278524494818255
271,1,0.0,0.0,0.0,0.0,-0.3092425776669198
271,2,0.0,0.0,0.0,0.0,0.0
271,3,0.0,0.0,0.0,0.0,0.0
271,4,0.0,0.0,0.0,0.0,0.0
272,0,0.0,-0.0003282309460575441,0.0,0.0,-5.736410819934096
272,1,0.0,0.0,0.0,0.0,-0.3092425776669198
272,2,0.0,0.0,0.0,0.0,0.0
272,3,0.0,0.0,0.0,0.0,0.0
272,4,0.0,0.0,0.0,0.0,0.0
273,0,0.0,-0.0003282309460575441,0.0,0.0,-5.756726068502426
273,1,0.0,0.0,0.0,0.0,-0.3092425776669198
273,2,0.0,0.0,0.0,0.0,0.0
273,3,0.0,0.0,0.0,0.0,0.0
273,4,0.0,0.0,0.0,0.0,0.0
274,0,0.0,-0.0003282309460575441,0.0,0.0,-5.757681256978264
274,1,0.0,0.0,0.0,0.0,-0.3092425776669198
274,2,0.0,0.0,0.0,0.0,0.0
274,3,0.0,0.0,0.0,0.0,0.0
274,4,0.0,0.0,0.0,0.0,0.0
275,0,0.0,-0.0003282309460575441,0.0,0.0,-5.768207352014642
275,1,0.0,0.0,0.0,0.0,-0.3092425776669198
275,2,0.0,0.0,0.0,0.0,0.0
275,3,0.0,0.0,0.0,0.0,0.0
275,4,0.0,0.0,0.0,0.0,0.0
276,0,0.0,-0.0003282309460575441,0.0,0.0,-5.783027853830232
276,1,0.0,0.0,0.0,0.0,-0.3092425776669198
276,2,0.0,0.0,0.0,0.0,0.0
276,3,0.0,0.0,0.0,0.0,0.0
276,4,0.0,0.0,0.0,0.0,0.0
277,0,0.0,-0.0003282309460575441,0.0,0.0,-5.798198841421014
277,1,0.0,0.0,0.0,0.0,-0.3092425776669198
277,2,0.0,0.0,0.0,0.0,0.0
277,3,0.0,0.0,0.0,0.0,0.0
277,4,0.0,0.0,0.0,0.0,0.0
278,0,0.0,-0.0003282309460575441,0.0,0.0,-5.8008685625382945
278,1,0.0,0.0,0.0,0.0,-0.3092425776669198
278,2,0.0,0.0,0.0,0.0,0.0
278,3,0.0,0.0,0.0,0.0,0.0
278,4,0.0,0.0,0.0,0.0,0.0
279,0,0.0,-0.0003282309460575441,0.0,0.0,-5.828980988014018
279,1,0.0,0.0,0.0,0.0,-0.3092425776669198
279,2,0.0,0.0,0.0,0.0,0.0
279,3,0.0,0.0,0.0,0.0,0.0
279,4,0.0,0.0,0.0,0.0,0.0
280,0,0.0,-0.0003282309460575441,0.0,0.0,-5.839411055819287
280,1,0.0,0.0,0.0,0.0,-0.3092425776669198
280,2,0.0,0.0,0.0,0.0,0.0
280,3,0.0,0.0,0.0,0.0,0.0
280,4,0.0,0.0,0.0,0.0,0.0
281,0,0.0,-0.0003282309460575441,0.0,0.0,-5.869120328597615
281,1,0.0,0.0,0.0,0.0,-0.3092425776669198
281,2,0.0,0.0,0.0,0.0,0.0
281,3,0.0,0.0,0.0,0.0,0.0
281,4,0.0,0.0,0.0,0.0,0.0
282,0,0.0,-0.0003282309460575441,0.0,0.0,-5.891108926315631
282,1,0.0,0.0,0.0,0.0,-0.3092425776669198
282,2,0.0,0.0,0.0,0.0,0.0
282,3,0.0,0.0,0.0,0.0,0.0
282,4,0.0,0.0,0.0,0.0,0.0
283,0,0.0,-0.0003282309460575441,0.0,0.0,-5.899187628925222
283,1,0.0,0.0,0.0,0.0,-0.3092425776669198
283,2,0.0,0.0,0.0,0.0,0.0
283,3,0.0,0.0,0.0,0.0,0.0
283,4,0.0,0.0,0.0,0.0,0.0
284,0,0.0,-0.0003282309460575441,0.0,0.0,-5.9040183074537556
284,1,0.0,0.0,0.0,0.0,-0.3092425776669198
284,2,0.0,0.0,0.0,0.0,0.0
284,3,0.0,0.0,0.0,0.0,0.0
284,4,0.0,0.0,0.0,0.0,0.0
285,0,0.0,-0.0003282309460575441,0.0,0.0,-5.902180361815924
285,1,0.0,0.0,0.0,0.0,-0.3092425776669198
285,2,0.0,0.0,0.0,0.0,0.0
285,3,0.0,0.0,0.0,0.0,0.0
285,4,0.0,0.0,0.0,0.0,0.0
286,0,0.0,-0.0003282309460575441,0.0,0.0,-5.906691255619328
286,1,0.0,0.0,0.0,0.0,-0.3092425776669198
286,2,0.0,0.0,0.0,0.0,0.0
286,3,0.0,0.0,0.0,0.0,0.0
286,4,0.0,0.0,0.0,0.0,0.0
287,0,0.0,-0.0003282309460575441,0.0,0.0,-5.938248884124959
287,1,0.0,0.0,0.0,0.0,-0.3092425776669198
287,2,0.0,0.0,0.0,0.0,0.0
287,3,0.0,0.0,0.0,0.0,0.0
287,4,0.0,0.0,0.0,0.0,0.0
288,0,0.0,-0.0003282309460575441,0.0,0.0,-5.950788914266414
288,1,0.0,0.0,0.0,0.0,-0.3092425776669198
288,2,0.0,0.0,0.0,0.0,0.0
288,3,0.0,0.0,0.0,0.0,0.0
288,4,0.0,0.0,0.0,0.0,0.0
289,0,0.0,-0.0003282309460575441,0.0,0.0,-5.961039935767471
289,1,0.0,0.0,0.0,0.0,-0.3092425776669198
289,2,0.0,0.0,0.0,0.0,0.0
289,3,0.0,0.0,0.0,0.0,0.0
289,4,0.0,0.0,0.0,0.0,0.0
290,0,0.0,-0.0003282309460575441,0.0,0.0,-5.964441148439351
290,1,0.0,0.0,0.0,0.0,-0.3092425776669198
290,2,0.0,0.0,0.0,0.0,0.0
290,3,0.0,0.0,0.0,0.0,0.0
290,4,0.0,0.0,0.0,0.0,0.0
291,0,0.0,-0.0003282309460575441,0.0,0.0,-5.972913574565362
291,1,0.0,0.0,0.0,0.0,-0.3092425776669198
291,2,0.0,0.0,0.0,0.0,0.0
291,3,0.0,0.0,0.0,0.0,0.0
291,4,0.0,0.0,0.0,0.0,0.0
292,0,0.0,-0.0003282309460575441,0.0,0.0,-5.972143581685682
292,1,0.0,0.0,0.0,0.0,-0.3092425776669198
292,2,0.0,0.0,0.0,0.0,0.0
292,3,0.0,0.0,0.0,0.0,0.0
292,4,0.0,0.0,0.0,0.0,0.0
293,0,0.0,-0.0003282309460575441,0.0,0.0,-5.979052722442944
293,1,0.0,0.0,0.0,0.0,-0.3092425776669198
293,2,0.0,0.0,0.0,0.0,0.0
293,3,0.0,0.0,0.0,0.0,0.0
293,4,0.0,0.0,0.0,0.0,0.0
294,0,0.0,-0.0003282309460575441,0.0,0.0,-6.006245088621986
294,1,0.0,0.0,0.0,0.0,-0.3092425776669198
294,2,0.0,0.0,0.0,0.0,0.0
294,3,0.0,0.0,0.0,0.0,0.0
294,4,0.0,0.0,0.0,0.0,0.0
295,0,0.0,-0.0003282309460575441,0.0,0.0,-6.021538324574932
295,1,0.0,0.0,0.0,0.0,-0.3092425776669198
295,2,0.0,0.0,0.0,0.0,0.0
295,3,0.0,0.0,0.0,0.0,0.0
295,4,0.0,0.0,0.0,0.0,0.0
296,0,0.0,-0.0003282309460575441,0.0,0.0,-6.042759646926305
296,1,0.0,0.0,0.0,0.0,-0.3092425776669198
296,2,0.0,0.0,0.0,0.0,0.0
296,3,0.0,0.0,0.0,0.0,0.0
296,4,0.0,0.0,0.0,0.0,0.0
297,0,0.0,-0.0003282309460575441,0.0,0.0,-6.069810728139437
297,1,0.0,0.0,0.0,0.0,-0.3092425776669198
297,2,0.0,0.0,0.0,0.0,0.0
297,3,0.0,0.0,0.0,0.0,0.0
297,4,0.0,0.0,0.0,0.0,0.0
298,0,0.0,-0.0003282309460575441,0.0,0.0,-6.080866062991797
298,1,0.0,0.0,0.0,0.0,-0.3092425776669198
298,2,0.0,0.0,0.0,0.0,0.0
298,3,0.0,0.0,0.0,0.0,0.0
298,4,0.0,0.0,0.0,0.0,0.0
299,0,0.0,-0.0003282309460575441,0.0,0.0,-6.083804419164248
299,1,0.0,0.0,0.0,0.0,-0.3092425776669198
299,2,0.0,0.0,0.0,0.0,0.0
299,3,0.0,0.0,0.0,0.0,0.0
299,4,0.0,0.0,0.0,0.0,0.0
300,0,0.0,-0.0003282309460575441,0.0,0.0,-6.089582646533987
300,1,0.0,0.0,0.0,0.0,-0.3092425776669198
300,2,0.0,0.0,0.0,0.0,0.0
300,3,0.0,0.0,0.0,0.0,0.0
300,4,0.0,0.0,0.0,0.0,0.0
301,0,0.0,-0.0003282309460575441,0.0,0.0,-6.098800873237485
301,1,0.0,0.0,0.0,0.0,-0.3092425776669198
301,2,0.0,0.0,0.0,0.0,0.0
301,3,0.0,0.0,0.0,0.0,0.0
301,4,0.0,0.0,0.0,0.0,0.0
302,0,0.0,-0.0003282309460575441,0.0,0.0,-6.1095476846020915
302,1,0.0,0.0,0.0,0.0,-0.3092425776669198
302,2,0.0,0.0,0.0,0.0,0.0
302,3,0.0,0.0,0.0,0.0,0.0
302,4,0.0,0.0,0.0,0.0,0.0
303,0,0.0,-0.0003282309460575441,0.0,0.0,-6.137842577222653
303,1,0.0,0.0,0.0,0.0,-0.3092425776669198
303,2,0.0,0.0,0.0,0.0,0.0
303,3,0.0,0.0,0.0,0.0,0.0
303,4,0.0,0.0,0.0,0.0,0.0
304,0,0.0,-0.0003282309460575441,0.0,0.0,-6.159371062440277
304,1,0.0,0.0,0.0,0.0,-0.3092425776669198
304,2,0.0,0.0,0.0,0.0,0.0
304,3,0.0,0.0,0.0,0.0,0.0
304,4,0.0,0.0,0.0,0.0,0.0
305,0,0.0,-0.0003282309460575441,0.0,0.0,-6.158911463127538
305,1,0.0,0.0,0.0,0.0,-0.3092425776669198
305,2,0.0,0.0,0.0,0.0,0.0
305,3,0.0,0.0,0.0,0.0,0.0
305,4,0.0,0.0,0.0,0.0,0.0
306,0,0.0,-0.0003282309460575441,0.0,0.0,-6.162952356744697
306,1,0.0,0.0,0.0,0.0,-0.3092425776669198
306,2,0.0,0.0,0.0,0.0,0.0
306,3,0.0,0.0,0.0,0.0,0.0
306,4,0.0,0.0,0.0,0.0,0.0
307,0,0.0,-0.0003282309460575441,0.0,0.0,-6.1654660039834805
307,1,0.0,0.0,0.0,0.0,-0.3092425776669198
307,2,0.0,0.0,0.0,0.0,0.0
307,3,0.0,0.0,0.0,0.0,0.0
307,4,0.0,0.0,0.0,0.0,0.0
308,0,0.0,-0.0003282309460575441,0.0,0.0,-6.182866388146567
308,1,0.0,0.0,0.0,0.0,-0.3092425776669198
308,2,0.0,0.0,0.0,0.0,0.0
308,3,0.0,0.0,0.0,0.0,0.0
308,4,0.0,0.0,0.0,0.0,0.0
309,0,0.0,-0.0003282309460575441,0.0,0.0,-6.1987364922514905
309,1,0.0,0.0,0.0,0.0,-0.3092425776669198
309,2,0.0,0.0,0.0,0.0,0.0
309,3,0.0,0.0,0.0,0.0,0.0
309,4,0.0,0.0,0.0,0.0,0.0
310,0,0.0,-0.0003282309460575441,0.0,0.0,-6.198040277580351
310,1,0.0,0.0,0.0,0.0,-0.3092425776669198
310,2,0.0,0.0,0.0,0.0,0.0
310,3,0.0,0.0,0.0,0.0,0.0
310,4,0.0,0.0,0.0,0.0,0.0
311,0,0.0,-0.0003282309460575441,0.0,0.0,-6.198907680196071
311,1,0.0,0.0,0.0,0.0,-0.3092425776669198
311,2,0.0,0.0,0.0,0.0,0.0
311,3,0.0,0.0,0.0,0.0,0.0
311,4,0.0,0.0,0.0,0.0,0.0
312,0,0.0,-0.0003282309460575441,0.0,0.0,-6.19911322344715
312,1,0.0,0.0,0.0,0.0,-0.3092425776669198
312,2,0.0,0.0,0.0,0.0,0.0
312,3,0.0,0.0,0.0,0.0,0.0
312,4,0.0,0.0,0.0,0.0,0.0
313,0,0.0,-0.0003282309460575441,0.0,0.0,-6.216357609932804
313,1,0.0,0.0,0.0,0.0,-0.3092425776669198
313,2,0.0,0.0,0.0,0.0,0.0
313,3,0.0,0.0,0.0,0.0,0.0
313,4,0.0,0.0,0.0,0.0,0.0
314,0,0.0,-0.0003282309460575441,0.0,0.0,-6.216863484810371
314,1,0.0,0.0,0.0,0.0,-0.3092425776669198
314,2,0.0,0.0,0.0,0.0,0.0
314,3,0.0,0.0,0.0,0.0,0.0
314,4,0.0,0.0,0.0,0.0,0.0
315,0,0.0,-0.0003282309460575441,0.0,0.0,-6.236658954339506
315,1,0.0,0.0,0.0,0.0,-0.3092425776669198
315,2,0.0,0.0,0.0,0.0,0.0
315,3,0.0,0.0,0.0,0.0,0.0
315,4,0.0,0.0,0.0,0.0,0.0
316,0,0.0,-0.0003282309460575441,0.0,0.0,-6.237577023303645
316,1,0.0,0.0,0.0,0.0,-0.3092425776669198
316,2,0.0,0.0,0.0,0.0,0.0
316,3,0.0,0.0,0.0,0.0,0.0
316,4,0.0,0.0,0.0,0.0,0.0
317,0,0.0,-0.0003282309460575441,0.0,0.0,-6.242836279287748
317,1,0.0,0.0,0.0,0.0,-0.3092425776669198
317,2,0.0,0.0,0.0,0.0,0.0
317,3,0.0,0.0,0.0,0.0,0.0
317,4,0.0,0.0,0.0,0.0,0.0
318,0,0.0,-0.0003282309460575441,0.0,0.0,-6.274890949486047
318,1,0.0,0.0,0.0,0.0,-0.3092425776669198
318,2,0.0,0.0,0.0,0.0,0.0
318,3,0.0,0.0,0.0,0.0,0.0
318,4,0.0,0.0,0.0,0.0,0.0
319,0,0.0,-0.0003282309460575441,0.0,0.0,-6.290117473102086
319,1,0.0,0.0,0.0,0.0,-0.3092425776669198
319,2,0.0,0.0,0.0,0.0,0.0
319,3,0.0,0.0,0.0,0.0,0.0
319,4,0.0,0.0,0.0,0.0,0.0
320,0,0.0,-0.0003282309460575441,0.0,0.0,-6.291718464374727
320,1,0.0,0.0,0.0,0.0,-0.3092425776669198
320,2,0.0,0.0,0.0,0.0,0.0
320,3,0.0,0.0,0.0,0.0,0.0
320,4,0.0,0.0,0.0,0.0,0.0
321,0,0.0,-0.0003282309460575441,0.0,0.0,-6.291128705971897
321,1,0.0,0.0,0.0,0.0,-0.3092425776669198
321,2,0.0,0.0,0.0,0.0,0.0
321,3,0.0,0.0,0.0,0.0,0.0
321,4,0.0,0.0,0.0,0.0,0.0
322,0,0.0,-0.0003282309460575441,0.0,0.0,-6.312297063091588
322,1,0.0,0.0,0.0,0.0,-0.3092425776669198
322,2,0.0,0.0,0.0,0.0,0.0
322,3,0.0,0.0,0.0,0.0,0.0
322,4,0.0,0.0,0.0,0.0,0.0
323,0,0.0,-0.0003282309460575441,0.0,0.0,-6.311356364230644
323,1,0.0,0.0,0.0,0.0,-0.3092425776669198
323,2,0.0,0.0,0.0,0.0,0.0
323,3,0.0,0.0,0.0,0.0,0.0
323,4,0.0,0.0,0.0,0.0,0.0
324,0,0.0,-0.0003282309460575441,0.0,0.0,-6.3158274776306715
324,1,0.0,0.0,0.0,0.0,-0.3092425776669198
324,2,0.0,0.0,0.0,0.0,0.0
324,3,0.0,0.0,0.0,0.0,0.0
324,4,0.0,0.0,0.0,0.0,0.0
325,0,0.0,-0.0003282309460575441,0.0,0.0,-6.334237206915601
325,1,0.0,0.0,0.0,0.0,-0.3092425776669198
325,2,0.0,0.0,0.0,0.0,0.0
325,3,0.0,0.0,0.0,0.0,0.0
325,4,0.0,0.0,0.0,0.0,0.0
326,0,0.0,-0.0003282309460575441,0.0,0.0,-6.358461171786022
326,1,0.0,0.0,0.0,0.0,-0.3092425776669198
326,2,0.0,0.0,0.0,0.0,0.0
326,3,0.0,0.0,0.0,0.0,0.0
326,4,0.0,0.0,0.0,0.0,0.0
327,0,0.0,-0.0003282309460575441,0.0,0.0,-6.389338665515738
327,1,0.0,0.0,0.0,0.0,-0.3092425776669198
327,2,0.0,0.0,0.0,0.0,0.0
327,3,0.0,0.0,0.0,0.0,0.0
327,4,0.0,0.0,0.0,0.0,0.0
328,0,0.0,-0.0003282309460575441,0.0,0.0,-6.416459916515425
328,1,0.0,0.0,0.0,0.0,-0.3092425776669198
328,2,0.0,0.0,0.0,0.0,0.0
328,3,0.0,0.0,0.0,0.0,0.0
328,4,0.0,0.0,0.0,0.0,0.0
329,0,0.0,-0.0003282309460575441,0.0,0.0,-6.416504641967159
329,1,0.0,0.0,0.0,0.0,-0.3092425776669198
329,2,0.0,0.0,0.0,0.0,0.0
329,3,0.0,0.0,0.0,0.0,0.0
329,4,0.0,0.0,0.0,0.0,0.0
330,0,0.0,-0.0003282309460575441,0.0,0.0,-6.416864126570244
330,1,0.0,0.0,0.0,0.0,-0.3092425776669198
330,2,0.0,0.0,0.0,0.0,0.0
330,3,0.0,0.0,0.0,0.0,0.0
330,4,0.0,0.0,0.0,0.0,0.0
331,0,0.0,-0.0003282309460575441,0.0,0.0,-6.4248367718699635
331,1,0.0,0.0,0.0,0.0,-0.3092425776669198
331,2,0.0,0.0,0.0,0.0,0.0
331,3,0.0,0.0,0.0,0.0,0.0
331,4,0.0,0.0,0.0,0.0,0.0
332,0,0.0,-0.0003282309460575441,0.0,0.0,-6.448257111289435
332,1,0.0,0.0,0.0,0.0,-0.3092425776669198
332,2,0.0,0.0,0.0,0.0,0.0
332,3,0.0,0.0,0.0,0.0,0.0
332,4,0.0,0.0,0.0,0.0,0.0
333,0,0.0,-0.0003282309460575441,0.0,0.0,-6.470723648532792
333,1,0.0,0.0,0.0,0.0,-0.3092425776669198
333,2,0.0,0.0,0.0,0.0,0.0
333,3,0.0,0.0,0.0,0.0,0.0
333,4,0.0,0.0,0.0,0.0,0.0
334,0,0.0,-0.0003282309460575441,0.0,0.0,-6.471703180358288
334,1,0.0,0.0,0.0,0.0,-0.3092425776669198
334,2,0.0,0.0,0.0,0.0,0.0
334,3,0.0,0.0,0.0,0.0,0.0
334,4,0.0,0.0,0.0,0.0,0.0
335,0,0.0,-0.0003282309460575441,0.0,0.0,-6.48974685640641
335,1,0.0,0.0,0.0,0.0,-0.3092425776669198
335,2,0.0,0.0,0.0,0.0,0.0
335,3,0.0,0.0,0.0,0.0,0.0
335,4,0.0,0.0,0.0,0.0,0.0
336,0,0.0,-0.0003282309460575441,0.0,0.0,-6.500206805644518
336,1,0.0,0.0,0.0,0.0,-0.3092425776669198
336,2,0.0,0.0,0.0,0.0,0.0
336,3,0.0,0.0,0.0,0.0,0.0
336,4,0.0,0.0,0.0,0.0,0.0
337,0,0.0,-0.0003282309460575441,0.0,0.0,-6.516457068695891
337,1,0.0,0.0,0.0,0.0,-0.3092425776669198
337,2,0.0,0.0,0.0,0.0,0.0
337,3,0.0,0.0,0.0,0.0,0.0
337,4,0.0,0.0,0.0,0.0,0.0
338,0,0.0,-0.0003282309460575441,0.0,0.0,-6.530243753390943
338,1,0.0,0.0,0.0,0.0,-0.3092425776669198
338,2,0.0,0.0,0.0,0.0,0.0
338,3,0.0,0.0,0.0,0.0,0.0
338,4,0.0,0.0,0.0,0.0,0.0
339,0,0.0,-0.0003282309460575441,0.0,0.0,-6.531224858085486
339,1,0.0,0.0,0.0,0.0,-0.3092425776669198
339,2,0.0,0.0,0.0,0.0,0.0
339,3,0.0,0.0,0.0,0.0,0.0
339,4,0.0,0.0,0.0,0.0,0.0
340,0,0.0,-0.0003282309460575441,0.0,0.0,-6.543111837677944
340,1,0.0,0.0,0.0,0.0,-0.3092425776669198
340,2,0.0,0.0,0.0,0.0,0.0
340,3,0.0,0.0,0.0,0.0,0.0
340,4,0.0,0.0,0.0,0.0,0.0
341,0,0.0,-0.0003282309460575441,0.0,0.0,-6.544256222314047
341,1,0.0,0.0,0.0,0.0,-0.3092425776669198
341,2,0.0,0.0,0.0,0.0,0.0
341,3,0.0,0.0,0.0,0.0,0.0
341,4,0.0,0.0,0.0,0.0,0.0
342,0,0.0,-0.0003282309460575441,0.0,0.0,-6.562699343601554
342,1,0.0,0.0,0.0,0.0,-0.3092425776669198
342,2,0.0,0.0,0.0,0.0,0.0
342,3,0.0,0.0,0.0,0.0,0.0
342,4,0.0,0.0,0.0,0.0,0.0
343,0,0.0,-0.0003282309460575441,0.0,0.0,-6.587550391378868
343,1,0.0,0.0,0.0,0.0,-0.3092425776669198
343,2,0.0,0.0,0.0,0.0,0.0
343,3,0.0,0.0,0.0,0.0,0.0
343,4,0.0,0.0,0.0,0.0,0.0
344,0,0.0,-0.0003282309460575441,0.0,0.0,-6.597770880407212
344,1,0.0,0.0,0.0,0.0,-0.3092425776669198
344,2,0.0,0.0,0.0,0.0,0.0
344,3,0.0,0.0,0.0,0.0,0.0
344,4,0.0,0.0,0.0,0.0,0.0
345,0,0.0,-0.0003282309460575441,0.0,0.0,-6.617190196752564
345,1,0.0,0.0,0.0,0.0,-0.3092425776669198
345,2,0.0,0.0,0.0,0.0,0.0
345,3,0.0,0.0,0.0,0.0,0.0
345,4,0.0,0.0,0.0,0.0,0.0
346,0,0.0,-0.0003282309460575441,0.0,0.0,-6.648793087991399
346,1,0.0,0.0,0.0,0.0,-0.3092425776669198
346,2,0.0,0.0,0.0,0.0,0.0
346,3,0.0,0.0,0.0,0.0,0.0
346,4,0.0,0.0,0.0,0.0,0.0
347,0,0.0,-0.0003282309460575441,0.0,0.0,-6.659173880357227
347,1,0.0,0.0,0.0,0.0,-0.3092425776669198
347,2,0.0,0.0,0.0,0.0,0.0
347,3,0.0,0.0,0.0,0.0,0.0
347,4,0.0,0.0,0.0,0.0,0.0
348,0,0.0,-0.0003282309460575441,0.0,0.0,-6.659436217417439
348,1,0.0,0.0,0.0,0.0,-0.3092425776669198
348,2,0.0,0.0,0.0,0.0,0.0
348,3,0.0,0.0,0.0,0.0,0.0
348,4,0.0,0.0,0.0,0.0,0.0
349,0,0.0,-0.0003282309460575441,0.0,0.0,-6.676256365668179
349,1,0.0,0.0,0.0,0.0,-0.3092425776669198
349,2,0.0,0.0,0.0,0.0,0.0
349,3,0.0,0.0,0.0,0.0,0.0
349,4,0.0,0.0,0.0,0.0,0.0
350,0,0.0,-0.0003282309460575441,0.0,0.0,-6.707086935827117
350,1,0.0,0.0,0.0,0.0,-0.3092425776669198
350,2,0.0,0.0,0.0,0.0,0.0
350,3,0.0,0.0,0.0,0.0,0.0
350,4,0.0,0.0,0.0,0.0,0.0
351,0,0.0,-0.0003282309460575441,0.0,0.0,-6.71927954325366
351,1,0.0,0.0,0.0,0.0,-0.3092425776669198
351,2,0.0,0.0,0.0,0.0,0.0
351,3,0.0,0.0,0.0,0.0,0.0
351,4,0.0,0.0,0.0,0.0,0.0
352,0,0.0,-0.0003282309460575441,0.0,0.0,-6.724448366178994
352,1,0.0,0.0,0.0,0.0,-0.3092425776669198
352,2,0.0,0.0,0.0,0.0,0.0
352,3,0.0,0.0,0.0,0.0,0.0
352,4,0.0,0.0,0.0,0.0,0.0
353,0,0.0,-0.0003282309460575441,0.0,0.0,-6.7261079520638605
353,1,0.0,0.0,0.0,0.0,-0.3092425776669198
353,2,0.0,0.0,0.0,0.0,0.0
353,3,0.0,0.0,0.0,0.0,0.0
353,4,0.0,0.0,0.0,0.0,0.0
354,0,0.0,-0.0003282309460575441,0.0,0.0,-6.734771555141842
354,1,0.0,0.0,0.0,0.0,-0.3092425776669198
354,2,0.0,0.0,0.0,0.0,0.0
354,3,0.0,0.0,0.0,0.0,0.0
354,4,0.0,0.0,0.0,0.0,0.0
355,0,0.0,-0.0003282309460575441,0.0,0.0,-6.739150082553448
355,1,0.0,0.0,0.0,0.0,-0.3092425776669198
355,2,0.0,0.0,0.0,0.0,0.0
355,3,0.0,0.0,0.0,0.0,0.0
355,4,0.0,0.0,0.0,0.0,0.0
356,0,0.0,-0.0003282309460575441,0.0,0.0,-6.734995943406396
356,1,0.0,0.0,0.0,0.0,-0.3092425776669198
356,2,0.0,0.0,0.0,0.0,0.0
356,3,0.0,0.0,0.0,0.0,0.0
356,4,0.0,0.0,0.0,0.0,0.0
357,0,0.0,-0.0003282309460575441,0.0,0.0,-6.752668406656973
357,1,0.0,0.0,0.0,0.0,-0.3092425776669198
357,2,0.0,0.0,0.0,0.0,0.0
357,3,0.0,0.0,0.0,0.0,0.0
357,4,0.0,0.0,0.0,0.0,0.0
358,0,0.0,-0.0003282309460575441,0.0,0.0,-6.78653683323154
358,1,0.0,0.0,0.0,0.0,-0.3092425776669198
358,2,0.0,0.0,0.0,0.0,0.0
358,3,0.0,0.0,0.0,0.0,0.0
358,4,0.0,0.0,0.0,0.0,0.0
359,0,0.0,-0.0003282309460575441,0.0,0.0,-6.800983238513314
359,1,0.0,0.0,0.0,0.0,-0.3092425776669198
359,2,0.0,0.0,0.0,0.0,0.0
359,3,0.0,0.0,0.0,0.0,0.0
359,4,0.0,0.0,0.0,0.0,0.0
360,0,0.0,-0.0003282309460575441,0.0,0.0,-6.815503262184923
360,1,0.0,0.0,0.0,0.0,-0.3092425776669198
360,2,0.0,0.0,0.0,0.0,0.0
360,3,0.0,0.0,0.0,0.0,0.0
360,4,0.0,0.0,0.0,0.0,0.0
361,0,0.0,-0.0003282309460575441,0.0,0.0,-6.844574995848273
361,1,0.0,0.0,0.0,0.0,-0.3092425776669198
361,2,0.0,0.0,0.0,0.0,0.0
361,3,0.0,0.0,0.0,0.0,0.0
361,4,0.0,0.0,0.0,0.0,0.0
362,0,0.0,-0.0003282309460575441,0.0,0.0,-6.850195174138735
362,1,0.0,0.0,0.0,0.0,-0.3092425776669198
362,2,0.0,0.0,0.0,0.0,0.0
362,3,0.0,0.0,0.0,0.0,0.0
362,4,0.0,0.0,0.0,0.0,0.0
363,0,0.0,-0.0003282309460575441,0.0,0.0,-6.866362961912541
363,1,0.0,0.0,0.0,0.0,-0.3092425776669198
363,2,0.0,0.0,0.0,0.0,0.0
363,3,0.0,0.0,0.0,0.0,0.0
363,4,0.0,0.0,0.0,0.0,0.0
364,0,0.0,-0.0003282309460575441,0.0,0.0,-6.869352322957672
364,1,0.0,0.0,0.0,0.0,-0.3092425776669198
364,2,0.0,0.0,0.0,0.0,0.0
364,3,0.0,0.0,0.0,0.0,0.0
364,4,0.0,0.0,0.0,0.0,0.0
365,0,0.0,-0.0003282309460575441,0.0,0.0,-6.88332892011687
365,1,0.0,0.0,0.0,0.0,-0.3092425776669198
365,2,0.0,0.0,0.0,0.0,0.0
365,3,0.0,0.0,0.0,0.0,0.0
365,4,0.0,0.0,0.0,0.0,0.0
366,0,0.0,-0.0003282309460575441,0.0,0.0,-6.885399321234916
366,1,0.0,0.0,0.0,0.0,-0.3092425776669198
366,2,0.0,0.0,0.0,0.0,0.0
366,3,0.0,0.0,0.0,0.0,0.0
366,4,0.0,0.0,0.0,0.0,0.0
367,0,0.0,-0.0003282309460575441,0.0,0.0,-6.887062421809392
367,1,0.0,0.0,0.0,0.0,-0.3092425776669198
367,2,0.0,0.0,0.0,0.0,0.0
367,3,0.0,0.0,0.0,0.0,0.0
367,4,0.0,0.0,0.0,0.0,0.0
368,0,0.0,-0.0003282309460575441,0.0,0.0,-6.904756725920679
368,1,0.0,0.0,0.0,0.0,-0.3092425776669198
368,2,0.0,0.0,0.0,0.0,0.0
368,3,0.0,0.0,0.0,0.0,0.0
368,4,0.0,0.0,0.0,0.0,0.0
369,0,0.0,-0.0003282309460575441,0.0,0.0,-6.934895221728811
369,1,0.0,0.0,0.0,0.0,-0.3092425776669198
369,2,0.0,0.0,0.0,0.0,0.0
369,3,0.0,0.0,0.0,0.0,0.0
369,4,0.0,0.0,0.0,0.0,0.0
370,0,0.0,-0.0003282309460575441,0.0,0.0,-6.932676155564091
370,1,0.0,0.0,0.0,0.0,-0.3092425776669198
370,2,0.0,0.0,0.0,0.0,0.0
370,3,0.0,0.0,0.0,0.0,0.0
370,4,0.0,0.0,0.0,0.0,0.0
371,0,0.0,-0.0003282309460575441,0.0,0.0,-6.935182893339357
371,1,0.0,0.0,0.0,0.0,-0.3092425776669198
371,2,0.0,0.0,0.0,0.0,0.0
371,3,0.0,0.0,0.0,0.0,0.0
371,4,0.0,0.0,0.0,0.0,0.0
372,0,0.0,-0.0003282309460575441,0.0,0.0,-6.936283465037578
372,1,0.0,0.0,0.0,0.0,-0.3092425776669198
372,2,0.0,0.0,0.0,0.0,0.0
372,3,0.0,0.0,0.0,0.0,0.0
372,4,0.0,0.0,0.0,0.0,0.0
373,0,0.0,-0.0003282309460575441,0.0,0.0,-6.9468393399490225
373,1,0.0,0.0,0.0,0.0,-0.3092425776669198
373,2,0.0,0.0,0.0,0.0,0.0
373,3,0.0,0.0,0.0,0.0,0.0
373,4,0.0,0.0,0.0,0.0,0.0
374,0,0.0,-0.0003282309460575441,0.0,0.0,-6.976813350575855
374,1,0.0,0.0,0.0,0.0,-0.3092425776669198
374,2,0.0,0.0,0.0,0.0,0.0
374,3,0.0,0.0,0.0,0.0,0.0
374,4,0.0,0.0,0.0,0.0,0.0
375,0,0.0,-0.0003282309460575441,0.0,0.0,-6.996814809209012
375,1,0.0,0.0,0.0,0.0,-0.3092425776669198
375,2,0.0,0.0,0.0,0.0,0.0
375,3,0.0,0.0,0.0,0.0,0.0
375,4,0.0,0.0,0.0,0.0,0.0
376,0,0.0,-0.0003282309460575441,0.0,0.0,-7.019794010463356
376,1,0.0,0.0,0.0,0.0,-0.3092425776669198
376,2,0.0,0.0,0.0,0.0,0.0
376,3,0.0,0.0,0.0,0.0,0.0
376,4,0.0,0.0,0.0,0.0,0.0
377,0,0.0,-0.0003282309460575441,0.0,0.0,-7.017165809064366
377,1,0.0,0.0,0.0,0.0,-0.3092425776669198
377,2,0.0,0.0,0.0,0.0,0.0
377,3,0.0,0.0,0.0,0.0,0.0
377,4,0.0,0.0,0.0,0.0,0.0
378,0,0.0,-0.0003282309460575441,0.0,0.0,-7.024467946483316
378,1,0.0,0.0,0.0,0.0,-0.3092425776669198
378,2,0.0,0.0,0.0,0.0,0.0
378,3,0.0,0.0,0.0,0.0,0.0
378,4,0.0,0.0,0.0,0.0,0.0
379,0,0.0,-0.0003282309460575441,0.0,0.0,-7.025578190948675
379,1,0.0,0.0,0.0,0.0,-0.3092425776669198
379,2,0.0,0.0,0.0,0.0,0.0
379,3,0.0,0.0,0.0,0.0,0.0
379,4,0.0,0.0,0.0,0.0,0.0
380,0,0.0,-0.0003282309460575441,0.0,0.0,-7.05234054650381
380,1,0.0,0.0,0.0,0.0,-0.3092425776669198
380,2,0.0,0.0,0.0,0.0,0.0
380,3,0.0,0.0,0.0,0.0,0.0
380,4,0.0,0.0,0.0,0.0,0.0
381,0,0.0,-0.0003282309460575441,0.0,0.0,-7.055802699549143
381,1,0.0,0.0,0.0,0.0,-0.3092425776669198
381,2,0.0,0.0,0.0,0.0,0.0
381,3,0.0,0.0,0.0,0.0,0.0
381,4,0.0,0.0,0.0,0.0,0.0
382,0,0.0,-0.0003282309460575441,0.0,0.0,-7.068169041028644
382,1,0.0,0.0,0.0,0.0,-0.3092425776669198
382,2,0.0,0.0,0.0,0.0,0.0
382,3,0.0,0.0,0.0,0.0,0.0
382,4,0.0,0.0,0.0,0.0,0.0
383,0,0.0,-0.0003282309460575441,0.0,0.0,-7.083033459608749
383,1,0.0,0.0,0.0,0.0,-0.3092425776669198
383,2,0.0,0.0,0.0,0.0,0.0
383,3,0.0,0.0,0.0,0.0,0.0
383,4,0.0,0.0,0.0,0.0,0.0
384,0,0.0,-0.0003282309460575441,0.0,0.0,-7.117275952888453
384,1,0.0,0.0,0.0,0.0,-0.3092425776669198
384,2,0.0,0.0,0.0,0.0,0.0
384,3,0.0,0.0,0.0,0.0,0.0
384,4,0.0,0.0,0.0,0.0,0.0
385,0,0.0,-0.0003282309460575441,0.0,0.0,-7.128519609975293
385,1,0.0,0.0,0.0,0.0,-0.3092425776669198
385,2,0.0,0.0,0.0,0.0,0.0
385,3,0.0,0.0,0.0,0.0,0.0
385,4,0.0,0.0,0.0,0.0,0.0
386,0,0.0,-0.0003282309460575441,0.0,0.0,-7.165656637124472
386,1,0.0,0.0,0.0,0.0,-0.3092425776669198
386,2,0.0,0.0,0.0,0.0,0.0
386,3,0.0,0.0,0.0,0.0,0.0
386,4,0.0,0.0,0.0,0.0,0.0
387,0,0.0,-0.0003282309460575441,0.0,0.0,-7.173104122401514
387,1,0.0,0.0,0.0,0.0,-0.3092425776669198
387,2,0.0,0.0,0.0,0.0,0.0
387,3,0.0,0.0,0.0,0.0,0.0
387,4,0.0,0.0,0.0,0.0,0.0
388,0,0.0,-0.0003282309460575441,0.0,0.0,-7.198282734929569
388,1,0.0,0.0,0.0,0.0,-0.3092425776669198
388,2,0.0,0.0,0.0,0.0,0.0
388,3,0.0,0.0,0.0,0.0,0.0
388,4,0.0,0.0,0.0,0.0,0.0
389,0,0.0,-0.0003282309460575441,0.0,0.0,-7.206121981320669
389,1,0.0,0.0,0.0,0.0,-0.3092425776669198
389,2,0.0,0.0,0.0,0.0,0.0
389,3,0.0,0.0,0.0,0.0,0.0
389,4,0.0,0.0,0.0,0.0,0.0
390,0,0.0,-0.0003282309460575441,0.0,0.0,-7.205160547658211
390,1,0.0,0.0,0.0,0.0,-0.3092425776669198
390,2,0.0,0.0,0.0,0.0,0.0
390,3,0.0,0.0,0.0,0.0,0.0
390,4,0.0,0.0,0.0,0.0,0.0
391,0,0.0,-0.0003282309460575441,0.0,0.0,-7.2084341837715655
391,1,0.0,0.0,0.0,0.0,-0.3092425776669198
391,2,0.0,0.0,0.0,0.0,0.0
391,3,0.0,0.0,0.0,0.0,0.0
391,4,0.0,0.0,0.0,0.0,0.0
392,0,0.0,-0.0003282309460575441,0.0,0.0,-7.2316517113010335
392,1,0.0,0.0,0.0,0.0,-0.3092425776669198
392,2,0.0,0.0,0.0,0.0,0.0
392,3,0.0,0.0,0.0,0.0,0.0
392,4,0.0,0.0,0.0,0.0,0.0
393,0,0.0,-0.0003282309460575441,0.0,0.0,-7.2424457021955995
393,1,0.0,0.0,0.0,0.0,-0.3092425776669198
393,2,0.0,0.0,0.0,0.0,0.0
393,3,0.0,0.0,0.0,0.0,0.0
393,4,0.0,0.0,0.0,0.0,0.0
394,0,0.0,-0.0003282309460575441,0.0,0.0,-7.25680619230016
394,1,0.0,0.0,0.0,0.0,-0.3092425776669198
394,2,0.0,0.0,0.0,0.0,0.0
394,3,0.0,0.0,0.0,0.0,0.0
394,4,0.0,0.0,0.0,0.0,0.0
395,0,0.0,-0.0003282309460575441,0.0,0.0,-7.259325250309684
395,1,0.0,0.0,0.0,0.0,-0.3092425776669198
395,2,0.0,0.0,0.0,0.0,0.0
395,3,0.0,0.0,0.0,0.0,0.0
395,4,0.0,0.0,0.0,0.0,0.0
396,0,0.0,-0.0003282309460575441,0.0,0.0,-7.272061480815748
396,1,0.0,0.0,0.0,0.0,-0.3092425776669198
396,2,0.0,0.0,0.0,0.0,0.0
396,3,0.0,0.0,0.0,0.0,0.0
396,4,0.0,0.0,0.0,0.0,0.0
397,0,0.0,-0.0003282309460575441,0.0,0.0,-7.280101461927748
397,1,0.0,0.0,0.0,0.0,-0.3092425776669198
397,2,0.0,0.0,0.0,0.0,0.0
397,3,0.0,0.0,0.0,0.0,0.0
397,4,0.0,0.0,0.0,0.0,0.0
398,0,0.0,-0.0003282309460575441,0.0,0.0,-7.291256686500699
398,1,0.0,0.0,0.0,0.0,-0.3092425776669198
398,2,0.0,0.0,0.0,0.0,0.0
398,3,0.0,0.0,0.0,0.0,0.0
398,4,0.0,0.0,0.0,0.0,0.0
399,0,0.0,-0.0003282309460575441,0.0,0.0,-7.287168399879934
399,1,0.0,0.0,0.0,0.0,-0.3092425776669198
399,2,0.0,0.0,0.0,0.0,0.0
399,3,0.0,0.0,0.0,0.0,0.0
399,4,0.0,0.0,0.0,0.0,0.0
400,0,0.0,-0.0003282309460575441,0.0,0.0,-7.289781703949093
400,1,0.0,0.0,0.0,0.0,-0.3092425776669198
400,2,0.0,0.0,0.0,0.0,0.0
400,3,0.0,0.0,0.0,0.0,0.0
400,4,0.0,0.0,0.0,0.0,0.0
401,0,0.0,-0.0003282309460575441,0.0,0.0,-7.291083898600173
401,1,0.0,0.0,0.0,0.0,-0.3092425776669198
401,2,0.0,0.0,0.0,0.0,0.0
401,3,0.0,0.0,0.0,0.0,0.0
401,4,0.0,0.0,0.0,0.0,0.0
402,0,0.0,-0.0003282309460575441,0.0,0.0,-7.312461444175194
402,1,0.0,0.0,0.0,0.0,-0.3092425776669198
402,2,0.0,0.0,0.0,0.0,0.0
402,3,0.0,0.0,0.0,0.0,0.0
402,4,0.0,0.0,0.0,0.0,0.0
403,0,0.0,-0.0003282309460575441,0.0,0.0,-7.316811370100253
403,1,0.0,0.0,0.0,0.0,-0.3092425776669198
403,2,0.0,0.0,0.0,0.0,0.0
403,3,0.0,0.0,0.0,0.0,0.0
403,4,0.0,0.0,0.0,0.0,0.0
404,0,0.0,-0.0003282309460575441,0.0,0.0,-7.324416221292747
404,1,0.0,0.0,0.0,0.0,-0.3092425776669198
404,2,0.0,0.0,0.0,0.0,0.0
404,3,0.0,0.0,0.0,0.0,0.0
404,4,0.0,0.0,0.0,0.0,0.0
405,0,0.0,-0.0003282309460575441,0.0,0.0,-7.335959265100433
405,1,0.0,0.0,0.0,0.0,-0.3092425776669198
405,2,0.0,0.0,0.0,0.0,0.0
405,3,0.0,0.0,0.0,0.0,0.0
405,4,0.0,0.0,0.0,0.0,0.0
406,0,0.0,-0.0003282309460575441,0.0,0.0,-7.33136135911373
406,1,0.0,0.0,0.0,0.0,-0.3092425776669198
406,2,0.0,0.0,0.0,0.0,0.0
406,3,0.0,0.0,0.0,0.0,0.0
406,4,0.0,0.0,0.0,0.0,0.0
407,0,0.0,-0.0003282309460575441,0.0,0.0,-7.363008855883896
407,1,0.0,0.0,0.0,0.0,-0.3092425776669198
407,2,0.0,0.0,0.0,0.0,0.0
407,3,0.0,0.0,0.0,0.0,0.0
407,4,0.0,0.0,0.0,0.0,0.0
408,0,0.0,-0.0003282309460575441,0.0,0.0,-7.364925504330573
408,1,0.0,0.0,0.0,0.0,-0.3092425776669198
408,2,0.0,0.0,0.0,0.0,0.0
408,3,0.0,0.0,0.0,0.0,0.0
408,4,0.0,0.0,0.0,0.0,0.0
409,0,0.0,-0.0003282309460575441,0.0,0.0,-7.361786176840987
409,1,0.0,0.0,0.0,0.0,-0.3092425776669198
409,2,0.0,0.0,0.0,0.0,0.0
409,3,0.0,0.0,0.0,0.0,0.0
409,4,0.0,0.0,0.0,0.0,0.0
410,0,0.0,-0.0003282309460575441,0.0,0.0,-7.363778225547347
410,1,0.0,0.0,0.0,0.0,-0.3092425776669198
410,2,0.0,0.0,0.0,0.0,0.0
410,3,0.0,0.0,0.0,0.0,0.0
410,4,0.0,0.0,0.0,0.0,0.0
411,0,0.0,-0.0003282309460575441,0.0,0.0,-7.37367179392641
411,1,0.0,0.0,0.0,0.0,-0.3092425776669198
411,2,0.0,0.0,0.0,0.0,0.0
411,3,0.0,0.0,0.0,0.0,0.0
411,4,0.0,0.0,0.0,0.0,0.0
412,0,0.0,-0.0003282309460575441,0.0,0.0,-7.403790665394109
412,1,0.0,0.0,0.0,0.0,-0.3092425776669198
412,2,0.0,0.0,0.0,0.0,0.0
412,3,0.0,0.0,0.0,0.0,0.0
412,4,0.0,0.0,0.0,0.0,0.0
413,0,0.0,-0.0003282309460575441,0.0,0.0,-7.409441116313858
413,1,0.0,0.0,0.0,0.0,-0.3092425776669198
413,2,0.0,0.0,0.0,0.0,0.0
413,3,0.0,0.0,0.0,0.0,0.0
413,4,0.0,0.0,0.0,0.0,0.0
414,0,0.0,-0.0003282309460575441,0.0,0.0,-7.413576432110845
414,1,0.0,0.0,0.0,0.0,-0.3092425776669198
414,2,0.0,0.0,0.0,0.0,0.0
414,3,0.0,0.0,0.0,0.0,0.0
414,4,0.0,0.0,0.0,0.0,0.0
415,0,0.0,-0.0003282309460575441,0.0,0.0,-7.414575002412495
415,1,0.0,0.0,0.0,0.0,-0.3092425776669198
415,2,0.0,0.0,0.0,0.0,0.0
415,3,0.0,0.0,0.0,0.0,0.0
415,4,0.0,0.0,0.0,0.0,0.0
416,0,0.0,-0.0003282309460575441,0.0,0.0,-7.416870877650231
416,1,0.0,0.0,0.0,0.0,-0.3092425776669198
416,2,0.0,0.0,0.0,0.0,0.0
416,3,0.0,0.0,0.0,0.0,0.0
416,4,0.0,0.0,0.0,0.0,0.0
417,0,0.0,-0.0003282309460575441,0.0,0.0,-7.414519816773449
417,1,0.0,0.0,0.0,0.0,-0.3092425776669198
417,2,0.0,0.0,0.0,0.0,0.0
417,3,0.0,0.0,0.0,0.0,0.0
417,4,0.0,0.0,0.0,0.0,0.0
418,0,0.0,-0.0003282309460575441,0.0,0.0,-7.421107714499155
418,1,0.0,0.0,0.0,0.0,-0.3092425776669198
418,2,0.0,0.0,0.0,0.0,0.0
418,3,0.0,0.0,0.0,0.0,0.0
418,4,0.0,0.0,0.0,0.0,0.0
419,0,0.0,-0.0003282309460575441,0.0,0.0,-7.425352845112374
419,1,0.0,0.0,0.0,0.0,-0.3092425776669198
419,2,0.0,0.0,0.0,0.0,0.0
419,3,0.0,0.0,0.0,0.0,0.0
419,4,0.0,0.0,0.0,0.0,0.0
420,0,0.0,-0.0003282309460575441,0.0,0.0,-7.442859699440814
420,1,0.0,0.0,0.0,0.0,-0.3092425776669198
420,2,0.0,0.0,0.0,0.0,0.0
420,3,0.0,0.0,0.0,0.0,0.0
420,4,0.0,0.0,0.0,0.0,0.0
421,0,0.0,-0.0003282309460575441,0.0,0.0,-7.448346960996502
421,1,0.0,0.0,0.0,0.0,-0.3092425776669198
421,2,0.0,0.0,0.0,0.0,0.0
421,3,0.0,0.0,0.0,0.0,0.0
421,4,0.0,0.0,0.0,0.0,0.0
422,0,0.0,-0.0003282309460575441,0.0,0.0,-7.448815396259052
422,1,0.0,0.0,0.0,0.0,-0.3092425776669198
422,2,0.0,0.0,0.0,0.0,0.0
422,3,0.0,0.0,0.0,0.0,0.0
422,4,0.0,0.0,0.0,0.0,0.0
423,0,0.0,-0.0003282309460575441,0.0,0.0,-7.448722153841127
423,1,0.0,0.0,0.0,0.0,-0.3092425776669198
423,2,0.0,0.0,0.0,0.0,0.0
423,3,0.0,0.0,0.0,0.0,0.0
423,4,0.0,0.0,0.0,0.0,0.0
424,0,0.0,-0.0003282309460575441,0.0,0.0,-7.4506456894823305
424,1,0.0,0.0,0.0,0.0,-0.3092425776669198
424,2,0.0,0.0,0.0,0.0,0.0
424,3,0.0,0.0,0.0,0.0,0.0
424,4,0.0,0.0,0.0,0.0,0.0
425,0,0.0,-0.0003282309460575441,0.0,0.0,-7.454109233223801
425,1,0.0,0.0,0.0,0.0,-0.3092425776669198
425,2,0.0,0.0,0.0,0.0,0.0
425,3,0.0,0.0,0.0,0.0,0.0
425,4,0.0,0.0,0.0,0.0,0.0
426,0,0.0,-0.0003282309460575441,0.0,0.0,-7.451831457818669
426,1,0.0,0.0,0.0,0.0,-0.3092425776669198
426,2,0.0,0.0,0.0,0.0,0.0
426,3,0.0,0.0,0.0,0.0,0.0
426,4,0.0,0.0,0.0,0.0,0.0
427,0,0.0,-0.0004868020795867617,0.0,0.0,-7.451831457818669
427,1,0.0,0.0,0.0,0.0,-0.3388817135516266
427,2,0.0,0.0,0.0,0.0,0.0
427,3,0.0,0.0,0.0,0.0,0.0
427,4,0.0,0.0,0.0,0.0,0.0
428,0,0.0,-0.0004868020795867617,0.0,0.0,-7.474331541950436
428,1,0.0,0.0,0.0,0.0,-0.3388817135516266
428,2,0.0,0.0,0.0,0.0,0.0
428,3,0.0,0.0,0.0,0.0,0.0
428,4,0.0,0.0,0.0,0.0,0.0
429,0,0.0,-0.0004868020795867617,0.0,0.0,-7.477853207719446
429,1,0.0,0.0,0.0,0.0,-0.3388817135516266
429,2,0.0,0.0,0.0,0.0,0.0
429,3,0.0,0.0,0.0,0.0,0.0
429,4,0.0,0.0,0.0,0.0,0.0
430,0,0.0,-0.0004868020795867617,0.0,0.0,-7.500090159329445
430,1,0.0,0.0,0.0,0.0,-0.3388817135516266
430,2,0.0,0.0,0.0,0.0,0.0
430,3,0.0,0.0,0.0,0.0,0.0
430,4,0.0,0.0,0.0,0.0,0.0
431,0,0.0,-0.0004868020795867617,0.0,0.0,-7.526548563018996
431,1,0.0,0.0,0.0,0.0,-0.3388817135516266
431,2,0.0,0.0,0.0,0.0,0.0
431,3,0.0,0.0,0.0,0.0,0.0
431,4,0.0,0.0,0.0,0.0,0.0
432,0,0.0,-0.0004868020795867617,0.0,0.0,-7.5304055910691
432,1,0.0,0.0,0.0,0.0,-0.3388817135516266
432,2,0.0,0.0,0.0,0.0,0.0
432,3,0.0,0.0,0.0,0.0,0.0
432,4,0.0,0.0,0.0,0.0,0.0
433,0,0.0,-0.0004868020795867617,0.0,0.0,-7.537948991525603
433,1,0.0,0.0,0.0,0.0,-0.3388817135516266
433,2,0.0,0.0,0.0,0.0,0.0
433,3,0.0,0.0,0.0,0.0,0.0
433,4,0.0,0.0,0.0,0.0,0.0
434,0,0.0,-0.0004868020795867617,0.0,0.0,-7.532901958847522
434,1,0.0,0.0,0.0,0.0,-0.3388817135516266
434,2,0.0,0.0,0.0,0.0,0.0
434,3,0.0,0.0,0.0,0.0,0.0
434,4,0.0,0.0,0.0,0.0,0.0
435,0,0.0,-0.0004868020795867617,0.0,0.0,-7.540069573718013
435,1,0.0,0.0,0.0,0.0,-0.3388817135516266
435,2,0.0,0.0,0.0,0.0,0.0
435,3,0.0,0.0,0.0,0.0,0.0
435,4,0.0,0.0,0.0,0.0,0.0
436,0,0.0,-0.0004868020795867617,0.0,0.0,-7.550427581298922
436,1,0.0,0.0,0.0,0.0,-0.3388817135516266
436,2,0.0,0.0,0.0,0.0,0.0
436,3,0.0,0.0,0.0,0.0,0.0
436,4,0.0,0.0,0.0,0.0,0.0
437,0,0.0,-0.0004868020795867617,0.0,0.0,-7.559653178767267
437,1,0.0,0.0,0.0,0.0,-0.3388817135516266
437,2,0.0,0.0,0.0,0.0,0.0
437,3,0.0,0.0,0.0,0.0,0.0
437,4,0.0,0.0,0.0,0.0,0.0
438,0,0.0,-0.0004868020795867617,0.0,0.0,-7.560672721054288
438,1,0.0,0.0,0.0,0.0,-0.3388817135516266
438,2,0.0,0.0,0.0,0.0,0.0
438,3,0.0,0.0,0.0,0.0,0.0
438,4,0.0,0.0,0.0,0.0,0.0
439,0,0.0,-0.0004868020795867617,0.0,0.0,-7.558330611399128
439,1,0.0,0.0,0.0,0.0,-0.3388817135516266
439,2,0.0,0.0,0.0,0.0,0.0
439,3,0.0,0.0,0.0,0.0,0.0
439,4,0.0,0.0,0.0,0.0,0.0
440,0,0.0,-0.0004868020795867617,0.0,0.0,-7.5546331351833995
440,1,0.0,0.0,0.0,0.0,-0.3388817135516266
440,2,0.0,0.0,0.0,0.0,0.0
440,3,0.0,0.0,0.0,0.0,0.0
440,4,0.0,0.0,0.0,0.0,0.0
441,0,0.0,-0.0004868020795867617,0.0,0.0,-7.565016412579504
441,1,0.0,0.0,0.0,0.0,-0.3388817135516266
441,2,0.0,0.0,0.0,0.0,0.0
441,3,0.0,0.0,0.0,0.0,0.0
441,4,0.0,0.0,0.0,0.0,0.0
442,0,0.0,-0.0004868020795867617,0.0,0.0,-7.580715332193043
442,1,0.0,0.0,0.0,0.0,-0.3388817135516266
442,2,0.0,0.0,0.0,0.0,0.0
442,3,0.0,0.0,0.0,0.0,0.0
442,4,0.0,0.0,0.0,0.0,0.0
443,0,0.0,-0.0004868020795867617,0.0,0.0,-7.579641594564933
443,1,0.0,0.0,0.0,0.0,-0.3388817135516266
443,2,0.0,0.0,0.0,0.0,0.0
443,3,0.0,0.0,0.0,0.0,0.0
443,4,0.0,0.0,0.0,0.0,0.0
444,0,0.0,-0.0004868020795867617,0.0,0.0,-7.587735894854841
444,1,0.0,0.0,0.0,0.0,-0.3388817135516266
444,2,0.0,0.0,0.0,0.0,0.0
444,3,0.0,0.0,0.0,0.0,0.0
444,4,0.0,0.0,0.0,0.0,0.0
445,0,0.0,-0.0004868020795867617,0.0,0.0,-7.598333320280236
445,1,0.0,0.0,0.0,0.0,-0.3388817135516266
445,2,0.0,0.0,0.0,0.0,0.0
445,3,0.0,0.0,0.0,0.0,0.0
445,4,0.0,0.0,0.0,0.0,0.0
446,0,0.0,-0.0004868020795867617,0.0,0.0,-7.599674710312638
446,1,0.0,0.0,0.0,0.0,-0.3388817135516266
446,2,0.0,0.0,0.0,0.0,0.0
446,3,0.0,0.0,0.0,0.0,0.0
446,4,0.0,0.0,0.0,0.0,0.0
447,0,0.0,-0.0004868020795867617,0.0,0.0,-7.617117111282404
447,1,0.0,0.0,0.0,0.0,-0.3388817135516266
447,2,0.0,0.0,0.0,0.0,0.0
447,3,0.0,0.0,0.0,0.0,0.0
447,4,0.0,0.0,0.0,0.0,0.0
448,0,0.0,-0.0004868020795867617,0.0,0.0,-7.6140902031206386
448,1,0.0,0.0,0.0,0.0,-0.3388817135516266
448,2,0.0,0.0,0.0,0.0,0.0
448,3,0.0,0.0,0.0,0.0,0.0
448,4,0.0,0.0,0.0,0.0,0.0
449,0,0.0,-0.0004868020795867617,0.0,0.0,-7.636478354307704
449,1,0.0,0.0,0.0,0.0,-0.3388817135516266
449,2,0.0,0.0,0.0,0.0,0.0
449,3,0.0,0.0,0.0,0.0,0.0
449,4,0.0,0.0,0.0,0.0,0.0
450,0,0.0,-0.0004868020795867617,0.0,0.0,-7.637443514734001
450,1,0.0,0.0,0.0,0.0,-0.3388817135516266
450,2,0.0,0.0,0.0,0.0,0.0
450,3,0.0,0.0,0.0,0.0,0.0
450,4,0.0,0.0,0.0,0.0,0.0
451,0,0.0,-0.0004868020795867617,0.0,0.0,-7.65338591036053
451,1,0.0,0.0,0.0,0.0,-0.3388817135516266
451,2,0.0,0.0,0.0,0.0,0.0
451,3,0.0,0.0,0.0,0.0,0.0
451,4,0.0,0.0,0.0,0.0,0.0
452,0,0.0,-0.0004868020795867617,0.0,0.0,-7.6581843809998595
452,1,0.0,0.0,0.0,0.0,-0.3388817135516266
452,2,0.0,0.0,0.0,0.0,0.0
452,3,0.0,0.0,0.0,0.0,0.0
452,4,0.0,0.0,0.0,0.0,0.0
453,0,0.0,-0.0004868020795867617,0.0,0.0,-7.669746506767004
453,1,0.0,0.0,0.0,0.0,-0.3388817135516266
453,2,0.0,0.0,0.0,0.0,0.0
453,3,0.0,0.0,0.0,0.0,0.0
453,4,0.0,0.0,0.0,0.0,0.0
454,0,0.0,-0.0004868020795867617,0.0,0.0,-7.67192227217597
454,1,0.0,0.0,0.0,0.0,-0.3388817135516266
454,2,0.0,0.0,0.0,0.0,0.0
454,3,0.0,0.0,0.0,0.0,0.0
454,4,0.0,0.0,0.0,0.0,0.0
455,0,0.0,-0.0004868020795867617,0.0,0.0,-7.67243375729675
455,1,0.0,0.0,0.0,0.0,-0.3388817135516266
455,2,0.0,0.0,0.0,0.0,0.0
455,3,0.0,0.0,0.0,0.0,0.0
455,4,0.0,0.0,0.0,0.0,0.0
456,0,0.0,-0.0004868020795867617,0.0,0.0,-7.6759993660303385
456,1,0.0,0.0,0.0,0.0,-0.3388817135516266
456,2,0.0,0.0,0.0,0.0,0.0
456,3,0.0,0.0,0.0,0.0,0.0
456,4,0.0,0.0,0.0,0.0,0.0
457,0,0.0,-0.0004868020795867617,0.0,0.0,-7.676399341053758
457,1,0.0,0.0,0.0,0.0,-0.3388817135516266
457,2,0.0,0.0,0.0,0.0,0.0
457,3,0.0,0.0,0.0,0.0,0.0
457,4,0.0,0.0,0.0,0.0,0.0
458,0,0.0,-0.0004868020795867617,0.0,0.0,-7.681711125281406
458,1,0.0,0.0,0.0,0.0,-0.3388817135516266
458,2,0.0,0.0,0.0,0.0,0.0
458,3,0.0,0.0,0.0,0.0,0.0
458,4,0.0,0.0,0.0,0.0,0.0
459,0,0.0,-0.0004868020795867617,0.0,0.0,-7.6818993080951445
459,1,0.0,0.0,0.0,0.0,-0.3388817135516266
459,2,0.0,0.0,0.0,0.0,0.0
459,3,0.0,0.0,0.0,0.0,0.0
459,4,0.0,0.0,0.0,0.0,0.0
460,0,0.0,-0.0004868020795867617,0.0,0.0,-7.677976245042075
460,1,0.0,0.0,0.0,0.0,-0.3388817135516266
460,2,0.0,0.0,0.0,0.0,0.0
460,3,0.0,0.0,0.0,0.0,0.0
460,4,0.0,0.0,0.0,0.0,0.0
461,0,0.0,-0.0004868020795867617,0.0,0.0,-7.675743786209023
461,1,0.0,0.0,0.0,0.0,-0.3388817135516266
461,2,0.0,0.0,0.0,0.0,0.0
461,3,0.0,0.0,0.0,0.0,0.0
461,4,0.0,0.0,0.0,0.0,0.0
462,0,0.0,-0.0004868020795867617,0.0,0.0,-7.677086293000763
462,1,0.0,0.0,0.0,0.0,-0.3388817135516266
462,2,0.0,0.0,0.0,0.0,0.0
462,3,0.0,0.0,0.0,0.0,0.0
462,4,0.0,0.0,0.0,0.0,0.0
463,0,0.0,-0.0004868020795867617,0.0,0.0,-7.679963254826841
463,1,0.0,0.0,0.0,0.0,-0.3388817135516266
463,2,0.0,0.0,0.0,0.0,0.0
463,3,0.0,0.0,0.0,0.0,0.0
463,4,0.0,0.0,0.0,0.0,0.0
464,0,0.0,-0.0004868020795867617,0.0,0.0,-7.683587737651719
464,1,0.0,0.0,0.0,0.0,-0.3388817135516266
464,2,0.0,0.0,0.0,0.0,0.0
464,3,0.0,0.0,0.0,0.0,0.0
464,4,0.0,0.0,0.0,0.0,0.0
465,0,0.0,-0.0004868020795867617,0.0,0.0,-7.695996299896247
465,1,0.0,0.0,0.0,0.0,-0.3388817135516266
465,2,0.0,0.0,0.0,0.0,0.0
465,3,0.0,0.0,0.0,0.0,0.0
465,4,0.0,0.0,0.0,0.0,0.0
466,0,0.0,-0.0004868020795867617,0.0,0.0,-7.717865695531466
466,1,0.0,0.0,0.0,0.0,-0.3388817135516266
466,2,0.0,0.0,0.0,0.0,0.0
466,3,0.0,0.0,0.0,0.0,0.0
466,4,0.0,0.0,0.0,0.0,0.0
467,0,0.0,-0.0004868020795867617,0.0,0.0,-7.714275673754739
467,1,0.0,0.0,0.0,0.0,-0.3388817135516266
467,2,0.0,0.0,0.0,0.0,0.0
467,3,0.0,0.0,0.0,0.0,0.0
467,4,0.0,0.0,0.0,0.0,0.0
468,0,0.0,-0.0004868020795867617,0.0,0.0,-7.715678943222799
468,1,0.0,0.0,0.0,0.0,-0.3388817135516266
468,2,0.0,0.0,0.0,0.0,0.0
468,3,0.0,0.0,0.0,0.0,0.0
468,4,0.0,0.0,0.0,0.0,0.0
469,0,0.0,-0.0004868020795867617,0.0,0.0,-7.7333952104275205
469,1,0.0,0.0,0.0,0.0,-0.3388817135516266
469,2,0.0,0.0,0.0,0.0,0.0
469,3,0.0,0.0,0.0,0.0,0.0
469,4,0.0,0.0,0.0,0.0,0.0
470,0,0.0,-0.0004868020795867617,0.0,0.0,-7.748531728505126
470,1,0.0,0.0,0.0,0.0,-0.3388817135516266
470,2,0.0,0.0,0.0,0.0,0.0
470,3,0.0,0.0,0.0,0.0,0.0
470,4,0.0,0.0,0.0,0.0,0.0
471,0,0.0,-0.0004868020795867617,0.0,0.0,-7.768361529632188
471,1,0.0,0.0,0.0,0.0,-0.3388817135516266
471,2,0.0,0.0,0.0,0.0,0.0
471,3,0.0,0.0,0.0,0.0,0.0
471,4,0.0,0.0,0.0,0.0,0.0
472,0,0.0,-0.0004868020795867617,0.0,0.0,-7.770612932595836
472,1,0.0,0.0,0.0,0.0,-0.3388817135516266
472,2,0.0,0.0,0.0,0.0,0.0
472,3,0.0,0.0,0.0,0.0,0.0
472,4,0.0,0.0,0.0,0.0,0.0
473,0,0.0,-0.0004868020795867617,0.0,0.0,-7.772594672152659
473,1,0.0,0.0,0.0,0.0,-0.3388817135516266
473,2,0.0,0.0,0.0,0.0,0.0
473,3,0.0,0.0,0.0,0.0,0.0
473,4,0.0,0.0,0.0,0.0,0.0
474,0,0.0,-0.0004868020795867617,0.0,0.0,-7.774407271880324
474,1,0.0,0.0,0.0,0.0,-0.3388817135516266
474,2,0.0,0.0,0.0,0.0,0.0
474,3,0.0,0.0,0.0,0.0,0.0
474,4,0.0,0.0,0.0,0.0,0.0
475,0,0.0,-0.0004868020795867617,0.0,0.0,-7.81103764436424
475,1,0.0,0.0,0.0,0.0,-0.3388817135516266
475,2,0.0,0.0,0.0,0.0,0.0
475,3,0.0,0.0,0.0,0.0,0.0
475,4,0.0,0.0,0.0,0.0,0.0
476,0,0.0,-0.0004868020795867617,0.0,0.0,-7.816444231921476
476,1,0.0,0.0,0.0,0.0,-0.3388817135516266
476,2,0.0,0.0,0.0,0.0,0.0
476,3,0.0,0.0,0.0,0.0,0.0
476,4,0.0,0.0,0.0,0.0,0.0
477,0,0.0,-0.0004868020795867617,0.0,0.0,-7.828496316289286
477,1,0.0,0.0,0.0,0.0,-0.3388817135516266
477,2,0.0,0.0,0.0,0.0,0.0
477,3,0.0,0.0,0.0,0.0,0.0
477,4,0.0,0.0,0.0,0.0,0.0
478,0,0.0,-0.0004868020795867617,0.0,0.0,-7.836979735151237
478,1,0.0,0.0,0.0,0.0,-0.3388817135516266
478,2,0.0,0.0,0.0,0.0,0.0
478,3,0.0,0.0,0.0,0.0,0.0
478,4,0.0,0.0,0.0,0.0,0.0
479,0,0.0,-0.0004868020795867617,0.0,0.0,-7.836685590818001
479,1,0.0,0.0,0.0,0.0,-0.3388817135516266
479,2,0.0,0.0,0.0,0.0,0.0
479,3,0.0,0.0,0.0,0.0,0.0
479,4,0.0,0.0,0.0,0.0,0.0
480,0,0.0,-0.0004868020795867617,0.0,0.0,-7.842980904009891
480,1,0.0,0.0,0.0,0.0,-0.3388817135516266
480,2,0.0,0.0,0.0,0.0,0.0
480,3,0.0,0.0,0.0,0.0,0.0
480,4,0.0,0.0,0.0,0.0,0.0
481,0,0.0,-0.0004868020795867617,0.0,0.0,-7.872672213080629
481,1,0.0,0.0,0.0,0.0,-0.3388817135516266
481,2,0.0,0.0,0.0,0.0,0.0
481,3,0.0,0.0,0.0,0.0,0.0
481,4,0.0,0.0,0.0,0.0,0.0
482,0,0.0,-0.0004868020795867617,0.0,0.0,-7.887783982411491
482,1,0.0,0.0,0.0,0.0,-0.3388817135516266
482,2,0.0,0.0,0.0,0.0,0.0
482,3,0.0,0.0,0.0,0.0,0.0
482,4,0.0,0.0,0.0,0.0,0.0
483,0,0.0,-0.0004868020795867617,0.0,0.0,-7.9162483004508974
483,1,0.0,0.0,0.0,0.0,-0.3388817135516266
483,2,0.0,0.0,0.0,0.0,0.0
483,3,0.0,0.0,0.0,0.0,0.0
483,4,0.0,0.0,0.0,0.0,0.0
484,0,0.0,-0.0004868020795867617,0.0,0.0,-7.927666110475102
484,1,0.0,0.0,0.0,0.0,-0.3388817135516266
484,2,0.0,0.0,0.0,0.0,0.0
484,3,0.0,0.0,0.0,0.0,0.0
484,4,0.0,0.0,0.0,0.0,0.0
485,0,0.0,-0.0004868020795867617,0.0,0.0,-7.924977255523087
485,1,0.0,0.0,0.0,0.0,-0.3388817135516266
485,2,0.0,0.0,0.0,0.0,0.0
485,3,0.0,0.0,0.0,0.0,0.0
485,4,0.0,0.0,0.0,0.0,0.0
486,0,0.0,-0.0004868020795867617,0.0,0.0,-7.925131074468898
486,1,0.0,0.0,0.0,0.0,-0.3388817135516266
486,2,0.0,0.0,0.0,0.0,0.0
486,3,0.0,0.0,0.0,0.0,0.0
486,4,0.0,0.0,0.0,0.0,0.0
487,0,0.0,-0.0004868020795867617,0.0,0.0,-7.914106801194085
487,1,0.0,0.0,0.0,0.0,-0.3388817135516266
487,2,0.0,0.0,0.0,0.0,0.0
487,3,0.0,0.0,0.0,0.0,0.0
487,4,0.0,0.0,0.0,0.0,0.0
488,0,0.0,-0.0004868020795867617,0.0,0.0,-7.933559609065474
488,1,0.0,0.0,0.0,0.0,-0.3388817135516266
488,2,0.0,0.0,0.0,0.0,0.0
488,3,0.0,0.0,0.0,0.0,0.0
488,4,0.0,0.0,0.0,0.0,0.0
489,0,0.0,-0.0004868020795867617,0.0,0.0,-7.943709789592194
489,1,0.0,0.0,0.0,0.0,-0.3388817135516266
489,2,0.0,0.0,0.0,0.0,0.0
489,3,0.0,0.0,0.0,0.0,0.0
489,4,0.0,0.0,0.0,0.0,0.0
490,0,0.0,-0.0004868020795867617,0.0,0.0,-7.937151858668053
490,1,0.0,0.0,0.0,0.0,-0.3388817135516266
490,2,0.0,0.0,0.0,0.0,0.0
490,3,0.0,0.0,0.0,0.0,0.0
490,4,0.0,0.0,0.0,0.0,0.0
491,0,0.0,-0.0004868020795867617,0.0,0.0,-7.940990133382513
491,1,0.0,0.0,0.0,0.0,-0.3388817135516266
491,2,0.0,0.0,0.0,0.0,0.0
491,3,0.0,0.0,0.0,0.0,0.0
491,4,0.0,0.0,0.0,0.0,0.0
492,0,0.0,-0.0004868020795867617,0.0,0.0,-7.964681846463188
492,1,0.0,0.0,0.0,0.0,-0.3388817135516266
492,2,0.0,0.0,0.0,0.0,0.0
492,3,0.0,0.0,0.0,0.0,0.0
492,4,0.0,0.0,0.0,0.0,0.0
493,0,0.0,-0.0006769882618584594,0.0,0.0,-7.964681846463188
493,1,0.0,0.0,0.0,0.0,-0.35852133593287683
493,2,0.0,0.0,0.0,0.0,0.0
493,3,0.0,0.0,0.0,0.0,0.0
493,4,0.0,0.0,0.0,0.0,0.0
494,0,0.0,-0.0006769882618584594,0.0,0.0,-7.965589767102988
494,1,0.0,0.0,0.0,0.0,-0.35852133593287683
494,2,0.0,0.0,0.0,0.0,0.0
494,3,0.0,0.0,0.0,0.0,0.0
494,4,0.0,0.0,0.0,0.0,0.0
495,0,0.0,-0.0006769882618584594,0.0,0.0,-7.9888495830168225
495,1,0.0,0.0,0.0,0.0,-0.35852133593287683
495,2,0.0,0.0,0.0,0.0,0.0
495,3,0.0,0.0,0.0,0.0,0.0
495,4,0.0,0.0,0.0,0.0,0.0
496,0,0.0,-0.0006769882618584594,0.0,0.0,-7.991090315414678
496,1,0.0,0.0,0.0,0.0,-0.35852133593287683
496,2,0.0,0.0,0.0,0.0,0.0
496,3,0.0,0.0,0.0,0.0,0.0
496,4,0.0,0.0,0.0,0.0,0.0
497,0,0.0,-0.0006769882618584594,0.0,0.0,-7.995294302484492
497,1,0.0,0.0,0.0,0.0,-0.35852133593287683
497,2,0.0,0.0,0.0,0.0,0.0
497,3,0.0,0.0,0.0,0.0,0.0
497,4,0.0,0.0,0.0,0.0,0.0
498,0,0.0,-0.0006769882618584594,0.0,0.0,-8.004073441006982
498,1,0.0,0.0,0.0,0.0,-0.35852133593287683
498,2,0.0,0.0,0.0,0.0,0.0
498,3,0.0,0.0,0.0,0.0,0.0
498,4,0.0,0.0,0.0,0.0,0.0
499,0,0.0,-0.0006769882618584594,0.0,0.0,-8.013798379436674
499,1,0.0,0.0,0.0,0.0,-0.35852133593287683
499,2,0.0,0.0,0.0,0.0,0.0
499,3,0.0,0.0,0.0,0.0,0.0
499,4,0.0,0.0,0.0,0.0,0.0
500,0,0.0,-0.0006769882618584594,0.0,0.0,-8.02445921103507
500,1,0.0,0.0,0.0,0.0,-0.35852133593287683
500,2,0.0,0.0,0.0,0.0,0.0
500,3,0.0,0.0,0.0,0.0,0.0
500,4,0.0,0.0,0.0,0.0,0.0
501,0,0.0,-0.0006769882618584594,0.0,0.0,-8.026367629801166
501,1,0.0,0.0,0.0,0.0,-0.35852133593287683
501,2,0.0,0.0,0.0,0.0,0.0
501,3,0.0,0.0,0.0,0.0,0.0
501,4,0.0,0.0,0.0,0.0,0.0
502,0,0.0,-0.0006769882618584594,0.0,0.0,-8.023211807318727
502,1,0.0,0.0,0.0,0.0,-0.35852133593287683
502,2,0.0,0.0,0.0,0.0,0.0
502,3,0.0,0.0,0.0,0.0,0.0
502,4,0.0,0.0,0.0,0.0,0.0
503,0,0.0,-0.0006769882618584594,0.0,0.0,-8.029970115242344
503,1,0.0,0.0,0.0,0.0,-0.35852133593287683
503,2,0.0,0.0,0.0,0.0,0.0
503,3,0.0,0.0,0.0,0.0,0.0
503,4,0.0,0.0,0.0,0.0,0.0
504,0,0.0,-0.0006769882618584594,0.0,0.0,-8.028041040184666
504,1,0.0,0.0,0.0,0.0,-0.35852133593287683
504,2,0.0,0.0,0.0,0.0,0.0
504,3,0.0,0.0,0.0,0.0,0.0
504,4,0.0,0.0,0.0,0.0,0.0
505,0,0.0,-0.0006769882618584594,0.0,0.0,-8.024971754602
505,1,0.0,0.0,0.0,0.0,-0.35852133593287683
505,2,0.0,0.0,0.0,0.0,0.0
505,3,0.0,0.0,0.0,0.0,0.0
505,4,0.0,0.0,0.0,0.0,0.0
506,0,0.0,-0.0006769882618584594,0.0,0.0,-8.026481562190346
506,1,0.0,0.0,0.0,0.0,-0.35852133593287683
506,2,0.0,0.0,0.0,0.0,0.0
506,3,0.0,0.0,0.0,0.0,0.0
506,4,0.0,0.0,0.0,0.0,0.0
507,0,0.0,-0.0006769882618584594,0.0,0.0,-8.04147534323917
507,1,0.0,0.0,0.0,0.0,-0.35852133593287683
507,2,0.0,0.0,0.0,0.0,0.0
507,3,0.0,0.0,0.0,0.0,0.0
507,4,0.0,0.0,0.0,0.0,0.0
508,0,0.0,-0.0006769882618584594,0.0,0.0,-8.04496933224637
508,1,0.0,0.0,0.0,0.0,-0.35852133593287683
508,2,0.0,0.0,0.0,0.0,0.0
508,3,0.0,0.0,0.0,0.0,0.0
508,4,0.0,0.0,0.0,0.0,0.0
509,0,0.0,-0.0006769882618584594,0.0,0.0,-8.072375732784474
509,1,0.0,0.0,0.0,0.0,-0.35852133593287683
509,2,0.0,0.0,0.0,0.0,0.0
509,3,0.0,0.0,0.0,0.0,0.0
509,4,0.0,0.0,0.0,0.0,0.0
510,0,0.0,-0.0006769882618584594,0.0,0.0,-8.092146612924683
510,1,0.0,0.0,0.0,0.0,-0.35852133593287683
510,2,0.0,0.0,0.0,0.0,0.0
510,3,0.0,0.0,0.0,0.0,0.0
510,4,0.0,0.0,0.0,0.0,0.0
511,0,0.0,-0.0006769882618584594,0.0,0.0,-8.096829957052009
511,1,0.0,0.0,0.0,0.0,-0.35852133593287683
511,2,0.0,0.0,0.0,0.0,0.0
511,3,0.0,0.0,0.0,0.0,0.0
511,4,0.0,0.0,0.0,0.0,0.0
512,0,0.0,-0.0006769882618584594,0.0,0.0,-8.109259624269873
512,1,0.0,0.0,0.0,0.0,-0.35852133593287683
512,2,0.0,0.0,0.0,0.0,0.0
512,3,0.0,0.0,0.0,0.0,0.0
512,4,0.0,0.0,0.0,0.0,0.0
513,0,0.0,-0.0006769882618584594,0.0,0.0,-8.110153610819
513,1,0.0,0.0,0.0,0.0,-0.35852133593287683
513,2,0.0,0.0,0.0,0.0,0.0
513,3,0.0,0.0,0.0,0.0,0.0
513,4,0.0,0.0,0.0,0.0,0.0
514,0,0.0,-0.0006769882618584594,0.0,0.0,-8.12632545567623
514,1,0.0,0.0,0.0,0.0,-0.35852133593287683
514,2,0.0,0.0,0.0,0.0,0.0
514,3,0.0,0.0,0.0,0.0,0.0
514,4,0.0,0.0,0.0,0.0,0.0
515,0,0.0,-0.0006769882618584594,0.0,0.0,-8.13619940384376
515,1,0.0,0.0,0.0,0.0,-0.35852133593287683
515,2,0.0,0.0,0.0,0.0,0.0
515,3,0.0,0.0,0.0,0.0,0.0
515,4,0.0,0.0,0.0,0.0,0.0
516,0,0.0,-0.0006769882618584594,0.0,0.0,-8.13885775569482
516,1,0.0,0.0,0.0,0.0,-0.35852133593287683
516,2,0.0,0.0,0.0,0.0,0.0
516,3,0.0,0.0,0.0,0.0,0.0
516,4,0.0,0.0,0.0,0.0,0.0
517,0,0.0,-0.0006769882618584594,0.0,0.0,-8.137760302549712
517,1,0.0,0.0,0.0,0.0,-0.35852133593287683
517,2,0.0,0.0,0.0,0.0,0.0
517,3,0.0,0.0,0.0,0.0,0.0
517,4,0.0,0.0,0.0,0.0,0.0
518,0,0.0,-0.0006769882618584594,0.0,0.0,-8.138614283610123
518,1,0.0,0.0,0.0,0.0,-0.35852133593287683
518,2,0.0,0.0,0.0,0.0,0.0
518,3,0.0,0.0,0.0,0.0,0.0
518,4,0.0,0.0,0.0,0.0,0.0
519,0,0.0,-0.0006769882618584594,0.0,0.0,-8.152758829089128
519,1,0.0,0.0,0.0,0.0,-0.35852133593287683
519,2,0.0,0.0,0.0,0.0,0.0
519,3,0.0,0.0,0.0,0.0,0.0
519,4,0.0,0.0,0.0,0.0,0.0
520,0,0.0,-0.0006769882618584594,0.0,0.0,-8.169976257850445
520,1,0.0,0.0,0.0,0.0,-0.35852133593287683
520,2,0.0,0.0,0.0,0.0,0.0
520,3,0.0,0.0,0.0,0.0,0.0
520,4,0.0,0.0,0.0,0.0,0.0
521,0,0.0,-0.0006769882618584594,0.0,0.0,-8.172418357712132
521,1,0.0,0.0,0.0,0.0,-0.35852133593287683
521,2,0.0,0.0,0.0,0.0,0.0
521,3,0.0,0.0,0.0,0.0,0.0
521,4,0.0,0.0,0.0,0.0,0.0
522,0,0.0,-0.0006769882618584594,0.0,0.0,-8.200326119876385
522,1,0.0,0.0,0.0,0.0,-0.35852133593287683
522,2,0.0,0.0,0.0,0.0,0.0
522,3,0.0,0.0,0.0,0.0,0.0
522,4,0.0,0.0,0.0,0.0,0.0
523,0,0.0,-0.0006769882618584594,0.0,0.0,-8.207988265469853
523,1,0.0,0.0,0.0,0.0,-0.35852133593287683
523,2,0.0,0.0,0.0,0.0,0.0
523,3,0.0,0.0,0.0,0.0,0.0
523,4,0.0,0.0,0.0,0.0,0.0
524,0,0.0,-0.0006769882618584594,0.0,0.0,-8.230557306178667
524,1,0.0,0.0,0.0,0.0,-0.35852133593287683
524,2,0.0,0.0,0.0,0.0,0.0
524,3,0.0,0.0,0.0,0.0,0.0
524,4,0.0,0.0,0.0,0.0,0.0
525,0,0.0,-0.0006769882618584594,0.0,0.0,-8.253263202567965
525,1,0.0,0.0,0.0,0.0,-0.35852133593287683
525,2,0.0,0.0,0.0,0.0,0.0
525,3,0.0,0.0,0.0,0.0,0.0
525,4,0.0,0.0,0.0,0.0,0.0
526,0,0.0,-0.0006769882618584594,0.0,0.0,-8.255715121513433
526,1,0.0,0.0,0.0,0.0,-0.35852133593287683
526,2,0.0,0.0,0.0,0.0,0.0
526,3,0.0,0.0,0.0,0.0,0.0
526,4,0.0,0.0,0.0,0.0,0.0
527,0,0.0,-0.0006769882618584594,0.0,0.0,-8.261890527985209
527,1,0.0,0.0,0.0,0.0,-0.35852133593287683
527,2,0.0,0.0,0.0,0.0,0.0
527,3,0.0,0.0,0.0,0.0,0.0
527,4,0.0,0.0,0.0,0.0,0.0
528,0,0.0,-0.0006769882618584594,0.0,0.0,-8.284007759447046
528,1,0.0,0.0,0.0,0.0,-0.35852133593287683
528,2,0.0,0.0,0.0,0.0,0.0
528,3,0.0,0.0,0.0,0.0,0.0
528,4,0.0,0.0,0.0,0.0,0.0
529,0,0.0,-0.0006769882618584594,0.0,0.0,-8.304607658282299
529,1,0.0,0.0,0.0,0.0,-0.35852133593287683
529,2,0.0,0.0,0.0,0.0,0.0
529,3,0.0,0.0,0.0,0.0,0.0
529,4,0.0,0.0,0.0,0.0,0.0
530,0,0.0,-0.0006769882618584594,0.0,0.0,-8.32627634029822
530,1,0.0,0.0,0.0,0.0,-0.35852133593287683
530,2,0.0,0.0,0.0,0.0,0.0
530,3,0.0,0.0,0.0,0.0,0.0
530,4,0.0,0.0,0.0,0.0,0.0
531,0,0.0,-0.0006769882618584594,0.0,0.0,-8.34730566894063
531,1,0.0,0.0,0.0,0.0,-0.35852133593287683
531,2,0.0,0.0,0.0,0.0,0.0
531,3,0.0,0.0,0.0,0.0,0.0
531,4,0.0,0.0,0.0,0.0,0.0
532,0,0.0,-0.0006769882618584594,0.0,0.0,-8.33676460621832
532,1,0.0,0.0,0.0,0.0,-0.35852133593287683
532,2,0.0,0.0,0.0,0.0,0.0
532,3,0.0,0.0,0.0,0.0,0.0
532,4,0.0,0.0,0.0,0.0,0.0
533,0,0.0,-0.0006769882618584594,0.0,0.0,-8.354376503515144
533,1,0.0,0.0,0.0,0.0,-0.35852133593287683
533,2,0.0,0.0,0.0,0.0,0.0
533,3,0.0,0.0,0.0,0.0,0.0
533,4,0.0,0.0,0.0,0.0,0.0
534,0,0.0,-0.0006769882618584594,0.0,0.0,-8.354539026956736
534,1,0.0,0.0,0.0,0.0,-0.35852133593287683
534,2,0.0,0.0,0.0,0.0,0.0
534,3,0.0,0.0,0.0,0.0,0.0
534,4,0.0,0.0,0.0,0.0,0.0
535,0,0.0,-0.0006769882618584594,0.0,0.0,-8.356344689632182
535,1,0.0,0.0,0.0,0.0,-0.35852133593287683
535,2,0.0,0.0,0.0,0.0,0.0
535,3,0.0,0.0,0.0,0.0,0.0
535,4,0.0,0.0,0.0,0.0,0.0
536,0,0.0,-0.0006769882618584594,0.0,0.0,-8.372619171739188
536,1,0.0,0.0,0.0,0.0,-0.35852133593287683
536,2,0.0,0.0,0.0,0.0,0.0
536,3,0.0,0.0,0.0,0.0,0.0
536,4,0.0,0.0,0.0,0.0,0.0
537,0,0.0,-0.0006769882618584594,0.0,0.0,-8.379035716553105
537,1,0.0,0.0,0.0,0.0,-0.35852133593287683
537,2,0.0,0.0,0.0,0.0,0.0
537,3,0.0,0.0,0.0,0.0,0.0
537,4,0.0,0.0,0.0,0.0,0.0
538,0,0.0,-0.0006769882618584594,0.0,0.0,-8.412994015866431
538,1,0.0,0.0,0.0,0.0,-0.35852133593287683
538,2,0.0,0.0,0.0,0.0,0.0
538,3,0.0,0.0,0.0,0.0,0.0
538,4,0.0,0.0,0.0,0.0,0.0
539,0,0.0,-0.0006769882618584594,0.0,0.0,-8.420465949936187
539,1,0.0,0.0,0.0,0.0,-0.35852133593287683
539,2,0.0,0.0,0.0,0.0,0.0
539,3,0.0,0.0,0.0,0.0,0.0
539,4,0.0,0.0,0.0,0.0,0.0
540,0,0.0,-0.0006769882618584594,0.0,0.0,-8.423303412863477
540,1,0.0,0.0,0.0,0.0,-0.35852133593287683
540,2,0.0,0.0,0.0,0.0,0.0
540,3,0.0,0.0,0.0,0.0,0.0
540,4,0.0,0.0,0.0,0.0,0.0
541,0,0.0,-0.0006769882618584594,0.0,0.0,-8.41916255973974
541,1,0.0,0.0,0.0,0.0,-0.35852133593287683
541,2,0.0,0.0,0.0,0.0,0.0
541,3,0.0,0.0,0.0,0.0,0.0
541,4,0.0,0.0,0.0,0.0,0.0
542,0,0.0,-0.0006769882618584594,0.0,0.0,-8.431654636858458
542,1,0.0,0.0,0.0,0.0,-0.35852133593287683
542,2,0.0,0.0,0.0,0.0,0.0
542,3,0.0,0.0,0.0,0.0,0.0
542,4,0.0,0.0,0.0,0.0,0.0
543,0,0.0,-0.0006769882618584594,0.0,0.0,-8.446323502053533
543,1,0.0,0.0,0.0,0.0,-0.35852133593287683
543,2,0.0,0.0,0.0,0.0,0.0
543,3,0.0,0.0,0.0,0.0,0.0
543,4,0.0,0.0,0.0,0.0,0.0
544,0,0.0,-0.0006769882618584594,0.0,0.0,-8.453300268644213
544,1,0.0,0.0,0.0,0.0,-0.35852133593287683
544,2,0.0,0.0,0.0,0.0,0.0
544,3,0.0,0.0,0.0,0.0,0.0
544,4,0.0,0.0,0.0,0.0,0.0
545,0,0.0,-0.0006769882618584594,0.0,0.0,-8.457218645440378
545,1,0.0,0.0,0.0,0.0,-0.35852133593287683
545,2,0.0,0.0,0.0,0.0,0.0
545,3,0.0,0.0,0.0,0.0,0.0
545,4,0.0,0.0,0.0,0.0,0.0
546,0,0.0,-0.0006769882618584594,0.0,0.0,-8.472193726585022
546,1,0.0,0.0,0.0,0.0,-0.35852133593287683
546,2,0.0,0.0,0.0,0.0,0.0
546,3,0.0,0.0,0.0,0.0,0.0
546,4,0.0,0.0,0.0,0.0,0.0
547,0,0.0,-0.0006769882618584594,0.0,0.0,-8.475352734129569
547,1,0.0,0.0,0.0,0.0,-0.35852133593287683
547,2,0.0,0.0,0.0,0.0,0.0
547,3,0.0,0.0,0.0,0.0,0.0
547,4,0.0,0.0,0.0,0.0,0.0
548,0,0.0,-0.0006769882618584594,0.0,0.0,-8.481590444213028
548,1,0.0,0.0,0.0,0.0,-0.35852133593287683
548,2,0.0,0.0,0.0,0.0,0.0
548,3,0.0,0.0,0.0,0.0,0.0
548,4,0.0,0.0,0.0,0.0,0.0
549,0,0.0,-0.0006769882618584594,0.0,0.0,-8.5040341171571
549,1,0.0,0.0,0.0,0.0,-0.35852133593287683
549,2,0.0,0.0,0.0,0.0,0.0
549,3,0.0,0.0,0.0,0.0,0.0
549,4,0.0,0.0,0.0,0.0,0.0
550,0,0.0,-0.0006769882618584594,0.0,0.0,-8.50660307353054
550,1,0.0,0.0,0.0,0.0,-0.35852133593287683
550,2,0.0,0.0,0.0,0.0,0.0
550,3,0.0,0.0,0.0,0.0,0.0
550,4,0.0,0.0,0.0,0.0,0.0
551,0,0.0,-0.0006769882618584594,0.0,0.0,-8.508100110816269
551,1,0.0,0.0,0.0,0.0,-0.35852133593287683
551,2,0.0,0.0,0.0,0.0,0.0
551,3,0.0,0.0,0.0,0.0,0.0
551,4,0.0,0.0,0.0,0.0,0.0
552,0,0.0,-0.0006769882618584594,0.0,0.0,-8.523590491845951
552,1,0.0,0.0,0.0,0.0,-0.35852133593287683
552,2,0.0,0.0,0.0,0.0,0.0
552,3,0.0,0.0,0.0,0.0,0.0
552,4,0.0,0.0,0.0,0.0,0.0
553,0,0.0,-0.0006769882618584594,0.0,0.0,-8.516144328285929
553,1,0.0,0.0,0.0,0.0,-0.35852133593287683
553,2,0.0,0.0,0.0,0.0,0.0
553,3,0.0,0.0,0.0,0.0,0.0
553,4,0.0,0.0,0.0,0.0,0.0
554,0,0.0,-0.0006769882618584594,0.0,0.0,-8.535762813646643
554,1,0.0,0.0,0.0,0.0,-0.35852133593287683
554,2,0.0,0.0,0.0,0.0,0.0
554,3,0.0,0.0,0.0,0.0,0.0
554,4,0.0,0.0,0.0,0.0,0.0
555,0,0.0,-0.0006769882618584594,0.0,0.0,-8.548010561520135
555,1,0.0,0.0,0.0,0.0,-0.35852133593287683
555,2,0.0,0.0,0.0,0.0,0.0
555,3,0.0,0.0,0.0,0.0,0.0
555,4,0.0,0.0,0.0,0.0,0.0
556,0,0.0,-0.0006769882618584594,0.0,0.0,-8.55582961198079
556,1,0.0,0.0,0.0,0.0,-0.35852133593287683
556,2,0.0,0.0,0.0,0.0,0.0
556,3,0.0,0.0,0.0,0.0,0.0
556,4,0.0,0.0,0.0,0.0,0.0
557,0,0.0,-0.0006769882618584594,0.0,0.0,-8.554489988062652
557,1,0.0,0.0,0.0,0.0,-0.35852133593287683
557,2,0.0,0.0,0.0,0.0,0.0
557,3,0.0,0.0,0.0,0.0,0.0
557,4,0.0,0.0,0.0,0.0,0.0
558,0,0.0,-0.0006769882618584594,0.0,0.0,-8.558557035528331
558,1,0.0,0.0,0.0,0.0,-0.35852133593287683
558,2,0.0,0.0,0.0,0.0,0.0
558,3,0.0,0.0,0.0,0.0,0.0
558,4,0.0,0.0,0.0,0.0,0.0
559,0,0.0,-0.0006769882618584594,0.0,0.0,-8.552734993688727
559,1,0.0,0.0,0.0,0.0,-0.35852133593287683
559,2,0.0,0.0,0.0,0.0,0.0
559,3,0.0,0.0,0.0,0.0,0.0
559,4,0.0,0.0,0.0,0.0,0.0
560,0,0.0,-0.0006769882618584594,0.0,0.0,-8.57247188501333
560,1,0.0,0.0,0.0,0.0,-0.35852133593287683
560,2,0.0,0.0,0.0,0.0,0.0
560,3,0.0,0.0,0.0,0.0,0.0
560,4,0.0,0.0,0.0,0.0,0.0
561,0,0.0,-0.0006769882618584594,0.0,0.0,-8.569593159754707
561,1,0.0,0.0,0.0,0.0,-0.35852133593287683
561,2,0.0,0.0,0.0,0.0,0.0
561,3,0.0,0.0,0.0,0.0,0.0
561,4,0.0,0.0,0.0,0.0,0.0
562,0,0.0,-0.0006769882618584594,0.0,0.0,-8.571699062334767
562,1,0.0,0.0,0.0,0.0,-0.35852133593287683
562,2,0.0,0.0,0.0,0.0,0.0
562,3,0.0,0.0,0.0,0.0,0.0
562,4,0.0,0.0,0.0,0.0,0.0
563,0,0.0,-0.0006769882618584594,0.0,0.0,-8.570509463894577
563,1,0.0,0.0,0.0,0.0,-0.35852133593287683
563,2,0.0,0.0,0.0,0.0,0.0
563,3,0.0,0.0,0.0,0.0,0.0
563,4,0.0,0.0,0.0,0.0,0.0
564,0,0.0,-0.0006769882618584594,0.0,0.0,-8.603121872634073
564,1,0.0,0.0,0.0,0.0,-0.35852133593287683
564,2,0.0,0.0,0.0,0.0,0.0
564,3,0.0,0.0,0.0,0.0,0.0
564,4,0.0,0.0,0.0,0.0,0.0
565,0,0.0,-0.0006769882618584594,0.0,0.0,-8.610276524116433
565,1,0.0,0.0,0.0,0.0,-0.35852133593287683
565,2,0.0,0.0,0.0,0.0,0.0
565,3,0.0,0.0,0.0,0.0,0.0
565,4,0.0,0.0,0.0,0.0,0.0
566,0,0.0,-0.0006769882618584594,0.0,0.0,-8.610757913599748
566,1,0.0,0.0,0.0,0.0,-0.35852133593287683
566,2,0.0,0.0,0.0,0.0,0.0
566,3,0.0,0.0,0.0,0.0,0.0
566,4,0.0,0.0,0.0,0.0,0.0
567,0,0.0,-0.0006769882618584594,0.0,0.0,-8.634862377182708
567,1,0.0,0.0,0.0,0.0,-0.35852133593287683
567,2,0.0,0.0,0.0,0.0,0.0
567,3,0.0,0.0,0.0,0.0,0.0
567,4,0.0,0.0,0.0,0.0,0.0
568,0,0.0,-0.0006769882618584594,0.0,0.0,-8.640166417375324
568,1,0.0,0.0,0.0,0.0,-0.35852133593287683
568,2,0.0,0.0,0.0,0.0,0.0
568,3,0.0,0.0,0.0,0.0,0.0
568,4,0.0,0.0,0.0,0.0,0.0
569,0,0.0,-0.0006769882618584594,0.0,0.0,-8.639495226565607
569,1,0.0,0.0,0.0,0.0,-0.35852133593287683
569,2,0.0,0.0,0.0,0.0,0.0
569,3,0.0,0.0,0.0,0.0,0.0
569,4,0.0,0.0,0.0,0.0,0.0
570,0,0.0,-0.0006769882618584594,0.0,0.0,-8.642208220033215
570,1,0.0,0.0,0.0,0.0,-0.35852133593287683
570,2,0.0,0.0,0.0,0.0,0.0
570,3,0.0,0.0,0.0,0.0,0.0
570,4,0.0,0.0,0.0,0.0,0.0
571,0,0.0,-0.0006769882618584594,0.0,0.0,-8.67240830544238
571,1,0.0,0.0,0.0,0.0,-0.35852133593287683
571,2,0.0,0.0,0.0,0.0,0.0
571,3,0.0,0.0,0.0,0.0,0.0
571,4,0.0,0.0,0.0,0.0,0.0
572,0,0.0,-0.0006769882618584594,0.0,0.0,-8.666551514078334
572,1,0.0,0.0,0.0,0.0,-0.35852133593287683
572,2,0.0,0.0,0.0,0.0,0.0
572,3,0.0,0.0,0.0,0.0,0.0
572,4,0.0,0.0,0.0,0.0,0.0
573,0,0.0,-0.0006769882618584594,0.0,0.0,-8.687680809635204
573,1,0.0,0.0,0.0,0.0,-0.35852133593287683
573,2,0.0,0.0,0.0,0.0,0.0
573,3,0.0,0.0,0.0,0.0,0.0
573,4,0.0,0.0,0.0,0.0,0.0
574,0,0.0,-0.0006769882618584594,0.0,0.0,-8.700627862780236
574,1,0.0,0.0,0.0,0.0,-0.35852133593287683
574,2,0.0,0.0,0.0,0.0,0.0
574,3,0.0,0.0,0.0,0.0,0.0
574,4,0.0,0.0,0.0,0.0,0.0
575,0,0.0,-0.0006769882618584594,0.0,0.0,-8.70200495861394
575,1,0.0,0.0,0.0,0.0,-0.35852133593287683
575,2,0.0,0.0,0.0,0.0,0.0
575,3,0.0,0.0,0.0,0.0,0.0
575,4,0.0,0.0,0.0,0.0,0.0
576,0,0.0,-0.0006769882618584594,0.0,0.0,-8.715304039333931
576,1,0.0,0.0,0.0,0.0,-0.35852133593287683
576,2,0.0,0.0,0.0,0.0,0.0
576,3,0.0,0.0,0.0,0.0,0.0
576,4,0.0,0.0,0.0,0.0,0.0
577,0,0.0,-0.0006769882618584594,0.0,0.0,-8.722151930036876
577,1,0.0,0.0,0.0,0.0,-0.35852133593287683
577,2,0.0,0.0,0.0,0.0,0.0
577,3,0.0,0.0,0.0,0.0,0.0
577,4,0.0,0.0,0.0,0.0,0.0
578,0,0.0,-0.0006769882618584594,0.0,0.0,-8.710383510566082
578,1,0.0,0.0,0.0,0.0,-0.35852133593287683
578,2,0.0,0.0,0.0,0.0,0.0
578,3,0.0,0.0,0.0,0.0,0.0
578,4,0.0,0.0,0.0,0.0,0.0
579,0,0.0,-0.0006769882618584594,0.0,0.0,-8.733961179607789
579,1,0.0,0.0,0.0,0.0,-0.35852133593287683
579,2,0.0,0.0,0.0,0.0,0.0
579,3,0.0,0.0,0.0,0.0,0.0
579,4,0.0,0.0,0.0,0.0,0.0
580,0,0.0,-0.0006769882618584594,0.0,0.0,-8.747275860276691
580,1,0.0,0.0,0.0,0.0,-0.35852133593287683
580,2,0.0,0.0,0.0,0.0,0.0
580,3,0.0,0.0,0.0,0.0,0.0
580,4,0.0,0.0,0.0,0.0,0.0
581,0,0.0,-0.0006769882618584594,0.0,0.0,-8.743120419949834
581,1,0.0,0.0,0.0,0.0,-0.35852133593287683
581,2,0.0,0.0,0.0,0.0,0.0
581,3,0.0,0.0,0.0,0.0,0.0
581,4,0.0,0.0,0.0,0.0,0.0
582,0,0.0,-0.0006769882618584594,0.0,0.0,-8.745569723021537
582,1,0.0,0.0,0.0,0.0,-0.35852133593287683
582,2,0.0,0.0,0.0,0.0,0.0
582,3,0.0,0.0,0.0,0.0,0.0
582,4,0.0,0.0,0.0,0.0,0.0
583,0,0.0,-0.0006769882618584594,0.0,0.0,-8.752818914097924
583,1,0.0,0.0,0.0,0.0,-0.35852133593287683
583,2,0.0,0.0,0.0,0.0,0.0
583,3,0.0,0.0,0.0,0.0,0.0
583,4,0.0,0.0,0.0,0.0,0.0
584,0,0.0,-0.0006769882618584594,0.0,0.0,-8.762028122402661
584,1,0.0,0.0,0.0,0.0,-0.35852133593287683
584,2,0.0,0.0,0.0,0.0,0.0
584,3,0.0,0.0,0.0,0.0,0.0
584,4,0.0,0.0,0.0,0.0,0.0
585,0,0.0,-0.0006769882618584594,0.0,0.0,-8.775096826874973
585,1,0.0,0.0,0.0,0.0,-0.35852133593287683
585,2,0.0,0.0,0.0,0.0,0.0
585,3,0.0,0.0,0.0,0.0,0.0
585,4,0.0,0.0,0.0,0.0,0.0
586,0,0.0,-0.0006769882618584594,0.0,0.0,-8.790715576695744
586,1,0.0,0.0,0.0,0.0,-0.35852133593287683
586,2,0.0,0.0,0.0,0.0,0.0
586,3,0.0,0.0,0.0,0.0,0.0
586,4,0.0,0.0,0.0,0.0,0.0
587,0,0.0,-0.0006769882618584594,0.0,0.0,-8.797183181326107
587,1,0.0,0.0,0.0,0.0,-0.35852133593287683
587,2,0.0,0.0,0.0,0.0,0.0
587,3,0.0,0.0,0.0,0.0,0.0
587,4,0.0,0.0,0.0,0.0,0.0
588,0,0.0,-0.0006769882618584594,0.0,0.0,-8.818335137416195
588,1,0.0,0.0,0.0,0.0,-0.35852133593287683
588,2,0.0,0.0,0.0,0.0,0.0
588,3,0.0,0.0,0.0,0.0,0.0
588,4,0.0,0.0,0.0,0.0,0.0
589,0,0.0,-0.0006769882618584594,0.0,0.0,-8.848240246521353
589,1,0.0,0.0,0.0,0.0,-0.35852133593287683
589,2,0.0,0.0,0.0,0.0,0.0
589,3,0.0,0.0,0.0,0.0,0.0
589,4,0.0,0.0,0.0,0.0,0.0
590,0,0.0,-0.0006769882618584594,0.0,0.0,-8.843830621366969
590,1,0.0,0.0,0.0,0.0,-0.35852133593287683
590,2,0.0,0.0,0.0,0.0,0.0
590,3,0.0,0.0,0.0,0.0,0.0
590,4,0.0,0.0,0.0,0.0,0.0
591,0,0.0,-0.0006769882618584594,0.0,0.0,-8.858300055628707
591,1,0.0,0.0,0.0,0.0,-0.35852133593287683
591,2,0.0,0.0,0.0,0.0,0.0
591,3,0.0,0.0,0.0,0.0,0.0
591,4,0.0,0.0,0.0,0.0,0.0
592,0,0.0,-0.0006769882618584594,0.0,0.0,-8.862686643466159
592,1,0.0,0.0,0.0,0.0,-0.35852133593287683
592,2,0.0,0.0,0.0,0.0,0.0
592,3,0.0,0.0,0.0,0.0,0.0
592,4,0.0,0.0,0.0,0.0,0.0
593,0,0.0,-0.0006769882618584594,0.0,0.0,-8.86076034751108
593,1,0.0,0.0,0.0,0.0,-0.35852133593287683
593,2,0.0,0.0,0.0,0.0,0.0
593,3,0.0,0.0,0.0,0.0,0.0
593,4,0.0,0.0,0.0,0.0,0.0
594,0,0.0,-0.0006769882618584594,0.0,0.0,-8.859389882684786
594,1,0.0,0.0,0.0,0.0,-0.35852133593287683
594,2,0.0,0.0,0.0,0.0,0.0
594,3,0.0,0.0,0.0,0.0,0.0
594,4,0.0,0.0,0.0,0.0,0.0
595,0,0.0,-0.0006769882618584594,0.0,0.0,-8.86477022068458
595,1,0.0,0.0,0.0,0.0,-0.35852133593287683
595,2,0.0,0.0,0.0,0.0,0.0
595,3,0.0,0.0,0.0,0.0,0.0
595,4,0.0,0.0,0.0,0.0,0.0
596,0,0.0,-0.0006769882618584594,0.0,0.0,-8.887451287218738
596,1,0.0,0.0,0.0,0.0,-0.35852133593287683
596,2,0.0,0.0,0.0,0.0,0.0
596,3,0.0,0.0,0.0,0.0,0.0
596,4,0.0,0.0,0.0,0.0,0.0
597,0,0.0,-0.0006769882618584594,0.0,0.0,-8.907590702292744
597,1,0.0,0.0,0.0,0.0,-0.35852133593287683
597,2,0.0,0.0,0.0,0.0,0.0
597,3,0.0,0.0,0.0,0.0,0.0
597,4,0.0,0.0,0.0,0.0,0.0
598,0,0.0,-0.0006769882618584594,0.0,0.0,-8.912797192953814
598,1,0.0,0.0,0.0,0.0,-0.35852133593287683
598,2,0.0,0.0,0.0,0.0,0.0
598,3,0.0,0.0,0.0,0.0,0.0
598,4,0.0,0.0,0.0,0.0,0.0
599,0,0.0,-0.0006769882618584594,0.0,0.0,-8.917552633692411
599,1,0.0,0.0,0.0,0.0,-0.35852133593287683
599,2,0.0,0.0,0.0,0.0,0.0
599,3,0.0,0.0,0.0,0.0,0.0
599,4,0.0,0.0,0.0,0.0,0.0
600,0,0.0,-0.0006769882618584594,0.0,0.0,-8.917398772223638
600,1,0.0,0.0,0.0,0.0,-0.35852133593287683
600,2,0.0,0.0,0.0,0.0,0.0
600,3,0.0,0.0,0.0,0.0,0.0
600,4,0.0,0.0,0.0,0.0,0.0
601,0,0.0,-0.0006769882618584594,0.0,0.0,-8.948078050214912
601,1,0.0,0.0,0.0,0.0,-0.35852133593287683
601,2,0.0,0.0,0.0,0.0,0.0
601,3,0.0,0.0,0.0,0.0,0.0
601,4,0.0,0.0,0.0,0.0,0.0
602,0,0.0,-0.0006769882618584594,0.0,0.0,-8.946711684787157
602,1,0.0,0.0,0.0,0.0,-0.35852133593287683
602,2,0.0,0.0,0.0,0.0,0.0
602,3,0.0,0.0,0.0,0.0,0.0
602,4,0.0,0.0,0.0,0.0,0.0
603,0,0.0,-0.0006769882618584594,0.0,0.0,-8.945909176805571
603,1,0.0,0.0,0.0,0.0,-0.35852133593287683
603,2,0.0,0.0,0.0,0.0,0.0
603,3,0.0,0.0,0.0,0.0,0.0
603,4,0.0,0.0,0.0,0.0,0.0
604,0,0.0,-0.0006769882618584594,0.0,0.0,-8.954592275540538
604,1,0.0,0.0,0.0,0.0,-0.35852133593287683
604,2,0.0,0.0,0.0,0.0,0.0
604,3,0.0,0.0,0.0,0.0,0.0
604,4,0.0,0.0,0.0,0.0,0.0
605,0,0.0,-0.0006769882618584594,0.0,0.0,-8.953605126627336
605,1,0.0,0.0,0.0,0.0,-0.35852133593287683
605,2,0.0,0.0,0.0,0.0,0.0
605,3,0.0,0.0,0.0,0.0,0.0
605,4,0.0,0.0,0.0,0.0,0.0
606,0,0.0,-0.0006769882618584594,0.0,0.0,-8.955151385407788
606,1,0.0,0.0,0.0,0.0,-0.35852133593287683
606,2,0.0,0.0,0.0,0.0,0.0
606,3,0.0,0.0,0.0,0.0,0.0
606,4,0.0,0.0,0.0,0.0,0.0
607,0,0.0,-0.0006769882618584594,0.0,0.0,-8.98177118628412
607,1,0.0,0.0,0.0,0.0,-0.35852133593287683
607,2,0.0,0.0,0.0,0.0,0.0
607,3,0.0,0.0,0.0,0.0,0.0
607,4,0.0,0.0,0.0,0.0,0.0
608,0,0.0,-0.0006769882618584594,0.0,0.0,-8.99509015419759
608,1,0.0,0.0,0.0,0.0,-0.35852133593287683
608,2,0.0,0.0,0.0,0.0,0.0
608,3,0.0,0.0,0.0,0.0,0.0
608,4,0.0,0.0,0.0,0.0,0.0
609,0,0.0,-0.0006769882618584594,0.0,0.0,-9.0017237540336
609,1,0.0,0.0,0.0,0.0,-0.35852133593287683
609,2,0.0,0.0,0.0,0.0,0.0
609,3,0.0,0.0,0.0,0.0,0.0
609,4,0.0,0.0,0.0,0.0,0.0
610,0,0.0,-0.0006769882618584594,0.0,0.0,-9.001888138140803
610,1,0.0,0.0,0.0,0.0,-0.35852133593287683
610,2,0.0,0.0,0.0,0.0,0.0
610,3,0.0,0.0,0.0,0.0,0.0
610,4,0.0,0.0,0.0,0.0,0.0
611,0,0.0,-0.0006769882618584594,0.0,0.0,-9.008941691697498
611,1,0.0,0.0,0.0,0.0,-0.35852133593287683
611,2,0.0,0.0,0.0,0.0,0.0
611,3,0.0,0.0,0.0,0.0,0.0
611,4,0.0,0.0,0.0,0.0,0.0
612,0,0.0,-0.0006769882618584594,0.0,0.0,-9.018033086418091
612,1,0.0,0.0,0.0,0.0,-0.35852133593287683
612,2,0.0,0.0,0.0,0.0,0.0
612,3,0.0,0.0,0.0,0.0,0.0
612,4,0.0,0.0,0.0,0.0,0.0
613,0,0.0,-0.0006769882618584594,0.0,0.0,-9.016890122097136
613,1,0.0,0.0,0.0,0.0,-0.35852133593287683
613,2,0.0,0.0,0.0,0.0,0.0
613,3,0.0,0.0,0.0,0.0,0.0
613,4,0.0,0.0,0.0,0.0,0.0
614,0,0.0,-0.0006769882618584594,0.0,0.0,-9.040658312868045
614,1,0.0,0.0,0.0,0.0,-0.35852133593287683
614,2,0.0,0.0,0.0,0.0,0.0
614,3,0.0,0.0,0.0,0.0,0.0
614,4,0.0,0.0,0.0,0.0,0.0
615,0,0.0,-0.0006769882618584594,0.0,0.0,-9.044737638355386
615,1,0.0,0.0,0.0,0.0,-0.35852133593287683
615,2,0.0,0.0,0.0,0.0,0.0
615,3,0.0,0.0,0.0,0.0,0.0
615,4,0.0,0.0,0.0,0.0,0.0
616,0,0.0,-0.0006769882618584594,0.0,0.0,-9.047201791531075
616,1,0.0,0.0,0.0,0.0,-0.35852133593287683
616,2,0.0,0.0,0.0,0.0,0.0
616,3,0.0,0.0,0.0,0.0,0.0
616,4,0.0,0.0,0.0,0.0,0.0
617,0,0.0,-0.0006769882618584594,0.0,0.0,-9.048911327506646
617,1,0.0,0.0,0.0,0.0,-0.35852133593287683
617,2,0.0,0.0,0.0,0.0,0.0
617,3,0.0,0.0,0.0,0.0,0.0
617,4,0.0,0.0,0.0,0.0,0.0
618,0,0.0,-0.0006769882618584594,0.0,0.0,-9.040328186710362
618,1,0.0,0.0,0.0,0.0,-0.35852133593287683
618,2,0.0,0.0,0.0,0.0,0.0
618,3,0.0,0.0,0.0,0.0,0.0
618,4,0.0,0.0,0.0,0.0,0.0
619,0,0.0,-0.0006769882618584594,0.0,0.0,-9.036450486669194
619,1,0.0,0.0,0.0,0.0,-0.35852133593287683
619,2,0.0,0.0,0.0,0.0,0.0
619,3,0.0,0.0,0.0,0.0,0.0
619,4,0.0,0.0,0.0,0.0,0.0
620,0,0.0,-0.0006769882618584594,0.0,0.0,-9.0394701322605
620,1,0.0,0.0,0.0,0.0,-0.35852133593287683
620,2,0.0,0.0,0.0,0.0,0.0
620,3,0.0,0.0,0.0,0.0,0.0
620,4,0.0,0.0,0.0,0.0,0.0
621,0,0.0,-0.0006769882618584594,0.0,0.0,-9.043262456276159
621,1,0.0,0.0,0.0,0.0,-0.35852133593287683
621,2,0.0,0.0,0.0,0.0,0.0
621,3,0.0,0.0,0.0,0.0,0.0
621,4,0.0,0.0,0.0,0.0,0.0
622,0,0.0,-0.0006769882618584594,0.0,0.0,-9.052959284338467
622,1,0.0,0.0,0.0,0.0,-0.35852133593287683
622,2,0.0,0.0,0.0,0.0,0.0
622,3,0.0,0.0,0.0,0.0,0.0
622,4,0.0,0.0,0.0,0.0,0.0
623,0,0.0,-0.0006769882618584594,0.0,0.0,-9.05496726920565
623,1,0.0,0.0,0.0,0.0,-0.35852133593287683
623,2,0.0,0.0,0.0,0.0,0.0
623,3,0.0,0.0,0.0,0.0,0.0
623,4,0.0,0.0,0.0,0.0,0.0
624,0,0.0,-0.0006769882618584594,0.0,0.0,-9.058596824230518
624,1,0.0,0.0,0.0,0.0,-0.35852133593287683
624,2,0.0,0.0,0.0,0.0,0.0
624,3,0.0,0.0,0.0,0.0,0.0
624,4,0.0,0.0,0.0,0.0,0.0
625,0,0.0,-0.0006769882618584594,0.0,0.0,-9.052733972622669
625,1,0.0,0.0,0.0,0.0,-0.35852133593287683
625,2,0.0,0.0,0.0,0.0,0.0
625,3,0.0,0.0,0.0,0.0,0.0
625,4,0.0,0.0,0.0,0.0,0.0
626,0,0.0,-0.0006769882618584594,0.0,0.0,-9.05777350927987
626,1,0.0,0.0,0.0,0.0,-0.35852133593287683
626,2,0.0,0.0,0.0,0.0,0.0
626,3,0.0,0.0,0.0,0.0,0.0
626,4,0.0,0.0,0.0,0.0,0.0
627,0,0.0,-0.0006769882618584594,0.0,0.0,-9.067128785310619
627,1,0.0,0.0,0.0,0.0,-0.35852133593287683
627,2,0.0,0.0,0.0,0.0,0.0
627,3,0.0,0.0,0.0,0.0,0.0
627,4,0.0,0.0,0.0,0.0,0.0
628,0,0.0,-0.0006769882618584594,0.0,0.0,-9.063665839831181
628,1,0.0,0.0,0.0,0.0,-0.35852133593287683
628,2,0.0,0.0,0.0,0.0,0.0
628,3,0.0,0.0,0.0,0.0,0.0
628,4,0.0,0.0,0.0,0.0,0.0
629,0,0.0,-0.0006769882618584594,0.0,0.0,-9.061787344555055
629,1,0.0,0.0,0.0,0.0,-0.35852133593287683
629,2,0.0,0.0,0.0,0.0,0.0
629,3,0.0,0.0,0.0,0.0,0.0
629,4,0.0,0.0,0.0,0.0,0.0
630,0,0.0,-0.0006769882618584594,0.0,0.0,-9.080384049151677
630,1,0.0,0.0,0.0,0.0,-0.35852133593287683
630,2,0.0,0.0,0.0,0.0,0.0
630,3,0.0,0.0,0.0,0.0,0.0
630,4,0.0,0.0,0.0,0.0,0.0
631,0,0.0,-0.0006769882618584594,0.0,0.0,-9.095101748552837
631,1,0.0,0.0,0.0,0.0,-0.35852133593287683
631,2,0.0,0.0,0.0,0.0,0.0
631,3,0.0,0.0,0.0,0.0,0.0
631,4,0.0,0.0,0.0,0.0,0.0
632,0,0.0,-0.0006769882618584594,0.0,0.0,-9.10257271053559
632,1,0.0,0.0,0.0,0.0,-0.35852133593287683
632,2,0.0,0.0,0.0,0.0,0.0
632,3,0.0,0.0,0.0,0.0,0.0
632,4,0.0,0.0,0.0,0.0,0.0
633,0,0.0,-0.0006769882618584594,0.0,0.0,-9.0955249797391
633,1,0.0,0.0,0.0,0.0,-0.35852133593287683
633,2,0.0,0.0,0.0,0.0,0.0
633,3,0.0,0.0,0.0,0.0,0.0
633,4,0.0,0.0,0.0,0.0,0.0
634,0,0.0,-0.0006769882618584594,0.0,0.0,-9.09638278370335
634,1,0.0,0.0,0.0,0.0,-0.35852133593287683
634,2,0.0,0.0,0.0,0.0,0.0
634,3,0.0,0.0,0.0,0.0,0.0
634,4,0.0,0.0,0.0,0.0,0.0
635,0,0.0,-0.0006769882618584594,0.0,0.0,-9.09241220347252
635,1,0.0,0.0,0.0,0.0,-0.35852133593287683
635,2,0.0,0.0,0.0,0.0,0.0
635,3,0.0,0.0,0.0,0.0,0.0
635,4,0.0,0.0,0.0,0.0,0.0
636,0,0.0,-0.000889538948889767,0.0,0.0,-9.09241220347252
636,1,0.0,0.0,0.0,0.0,-0.37248513699741426
636,2,0.0,0.0,0.0,0.0,0.0
636,3,0.0,0.0,0.0,0.0,0.0
636,4,0.0,0.0,0.0,0.0,0.0
637,0,0.0,-0.000889538948889767,0.0,0.0,-9.09372837099396
637,1,0.0,0.0,0.0,0.0,-0.37248513699741426
637,2,0.0,0.0,0.0,0.0,0.0
637,3,0.0,0.0,0.0,0.0,0.0
637,4,0.0,0.0,0.0,0.0,0.0
638,0,0.0,-0.000889538948889767,0.0,0.0,-9.092002957867612
638,1,0.0,0.0,0.0,0.0,-0.37248513699741426
638,2,0.0,0.0,0.0,0.0,0.0
638,3,0.0,0.0,0.0,0.0,0.0
638,4,0.0,0.0,0.0,0.0,0.0
639,0,0.0,-0.000889538948889767,0.0,0.0,-9.089577823149803
639,1,0.0,0.0,0.0,0.0,-0.37248513699741426
639,2,0.0,0.0,0.0,0.0,0.0
639,3,0.0,0.0,0.0,0.0,0.0
639,4,0.0,0.0,0.0,0.0,0.0
640,0,0.0,-0.000889538948889767,0.0,0.0,-9.110553216459053
640,1,0.0,0.0,0.0,0.0,-0.37248513699741426
640,2,0.0,0.0,0.0,0.0,0.0
640,3,0.0,0.0,0.0,0.0,0.0
640,4,0.0,0.0,0.0,0.0,0.0
641,0,0.0,-0.000889538948889767,0.0,0.0,-9.122271059786675
641,1,0.0,0.0,0.0,0.0,-0.37248513699741426
641,2,0.0,0.0,0.0,0.0,0.0
641,3,0.0,0.0,0.0,0.0,0.0
641,4,0.0,0.0,0.0,0.0,0.0
642,0,0.0,-0.000889538948889767,0.0,0.0,-9.127845951005098
642,1,0.0,0.0,0.0,0.0,-0.37248513699741426
642,2,0.0,0.0,0.0,0.0,0.0
642,3,0.0,0.0,0.0,0.0,0.0
642,4,0.0,0.0,0.0,0.0,0.0
643,0,0.0,-0.000889538948889767,0.0,0.0,-9.130513984550692
643,1,0.0,0.0,0.0,0.0,-0.37248513699741426
643,2,0.0,0.0,0.0,0.0,0.0
643,3,0.0,0.0,0.0,0.0,0.0
643,4,0.0,0.0,0.0,0.0,0.0
644,0,0.0,-0.000889538948889767,0.0,0.0,-9.153975220114665
644,1,0.0,0.0,0.0,0.0,-0.37248513699741426
644,2,0.0,0.0,0.0,0.0,0.0
644,3,0.0,0.0,0.0,0.0,0.0
644,4,0.0,0.0,0.0,0.0,0.0
645,0,0.0,-0.000889538948889767,0.0,0.0,-9.156514035511014
645,1,0.0,0.0,0.0,0.0,-0.37248513699741426
645,2,0.0,0.0,0.0,0.0,0.0
645,3,0.0,0.0,0.0,0.0,0.0
645,4,0.0,0.0,0.0,0.0,0.0
646,0,0.0,-0.000889538948889767,0.0,0.0,-9.144417755690498
646,1,0.0,0.0,0.0,0.0,-0.37248513699741426
646,2,0.0,0.0,0.0,0.0,0.0
646,3,0.0,0.0,0.0,0.0,0.0
646,4,0.0,0.0,0.0,0.0,0.0
647,0,0.0,-0.000889538948889767,0.0,0.0,-9.149296060605465
647,1,0.0,0.0,0.0,0.0,-0.37248513699741426
647,2,0.0,0.0,0.0,0.0,0.0
647,3,0.0,0.0,0.0,0.0,0.0
647,4,0.0,0.0,0.0,0.0,0.0
648,0,0.0,-0.000889538948889767,0.0,0.0,-9.141321511266652
648,1,0.0,0.0,0.0,0.0,-0.37248513699741426
648,2,0.0,0.0,0.0,0.0,0.0
648,3,0.0,0.0,0.0,0.0,0.0
648,4,0.0,0.0,0.0,0.0,0.0
649,0,0.0,-0.000889538948889767,0.0,0.0,-9.147739988459763
649,1,0.0,0.0,0.0,0.0,-0.37248513699741426
649,2,0.0,0.0,0.0,0.0,0.0
649,3,0.0,0.0,0.0,0.0,0.0
649,4,0.0,0.0,0.0,0.0,0.0
650,0,0.0,-0.000889538948889767,0.0,0.0,-9.150773925513159
650,1,0.0,0.0,0.0,0.0,-0.37248513699741426
650,2,0.0,0.0,0.0,0.0,0.0
650,3,0.0,0.0,0.0,0.0,0.0
650,4,0.0,0.0,0.0,0.0,0.0
651,0,0.0,-0.000889538948889767,0.0,0.0,-9.154769512239115
651,1,0.0,0.0,0.0,0.0,-0.37248513699741426
651,2,0.0,0.0,0.0,0.0,0.0
651,3,0.0,0.0,0.0,0.0,0.0
651,4,0.0,0.0,0.0,0.0,0.0
652,0,0.0,-0.000889538948889767,0.0,0.0,-9.170972176832157
652,1,0.0,0.0,0.0,0.0,-0.37248513699741426
652,2,0.0,0.0,0.0,0.0,0.0
652,3,0.0,0.0,0.0,0.0,0.0
652,4,0.0,0.0,0.0,0.0,0.0
653,0,0.0,-0.000889538948889767,0.0,0.0,-9.173672485182653
653,1,0.0,0.0,0.0,0.0,-0.37248513699741426
653,2,0.0,0.0,0.0,0.0,0.0
653,3,0.0,0.0,0.0,0.0,0.0
653,4,0.0,0.0,0.0,0.0,0.0
654,0,0.0,-0.000889538948889767,0.0,0.0,-9.182863757817804
654,1,0.0,0.0,0.0,0.0,-0.37248513699741426
654,2,0.0,0.0,0.0,0.0,0.0
654,3,0.0,0.0,0.0,0.0,0.0
654,4,0.0,0.0,0.0,0.0,0.0
655,0,0.0,-0.000889538948889767,0.0,0.0,-9.19815841996034
655,1,0.0,0.0,0.0,0.0,-0.37248513699741426
655,2,0.0,0.0,0.0,0.0,0.0
655,3,0.0,0.0,0.0,0.0,0.0
655,4,0.0,0.0,0.0,0.0,0.0
656,0,0.0,-0.000889538948889767,0.0,0.0,-9.210344166158487
656,1,0.0,0.0,0.0,0.0,-0.37248513699741426
656,2,0.0,0.0,0.0,0.0,0.0
656,3,0.0,0.0,0.0,0.0,0.0
656,4,0.0,0.0,0.0,0.0,0.0
657,0,0.0,-0.000889538948889767,0.0,0.0,-9.211706311329388
657,1,0.0,0.0,0.0,0.0,-0.37248513699741426
657,2,0.0,0.0,0.0,0.0,0.0
657,3,0.0,0.0,0.0,0.0,0.0
657,4,0.0,0.0,0.0,0.0,0.0
658,0,0.0,-0.000889538948889767,0.0,0.0,-9.232925765969124
658,1,0.0,0.0,0.0,0.0,-0.37248513699741426
658,2,0.0,0.0,0.0,0.0,0.0
658,3,0.0,0.0,0.0,0.0,0.0
658,4,0.0,0.0,0.0,0.0,0.0
659,0,0.0,-0.000889538948889767,0.0,0.0,-9.237660750377032
659,1,0.0,0.0,0.0,0.0,-0.37248513699741426
659,2,0.0,0.0,0.0,0.0,0.0
659,3,0.0,0.0,0.0,0.0,0.0
659,4,0.0,0.0,0.0,0.0,0.0
660,0,0.0,-0.000889538948889767,0.0,0.0,-9.244422453873065
660,1,0.0,0.0,0.0,0.0,-0.37248513699741426
660,2,0.0,0.0,0.0,0.0,0.0
660,3,0.0,0.0,0.0,0.0,0.0
660,4,0.0,0.0,0.0,0.0,0.0
661,0,0.0,-0.000889538948889767,0.0,0.0,-9.242743005134198
661,1,0.0,0.0,0.0,0.0,-0.37248513699741426
661,2,0.0,0.0,0.0,0.0,0.0
661,3,0.0,0.0,0.0,0.0,0.0
661,4,0.0,0.0,0.0,0.0,0.0
662,0,0.0,-0.000889538948889767,0.0,0.0,-9.251215173473954
662,1,0.0,0.0,0.0,0.0,-0.37248513699741426
662,2,0.0,0.0,0.0,0.0,0.0
662,3,0.0,0.0,0.0,0.0,0.0
662,4,0.0,0.0,0.0,0.0,0.0
663,0,0.0,-0.000889538948889767,0.0,0.0,-9.25036945782524
663,1,0.0,0.0,0.0,0.0,-0.37248513699741426
663,2,0.0,0.0,0.0,0.0,0.0
663,3,0.0,0.0,0.0,0.0,0.0
663,4,0.0,0.0,0.0,0.0,0.0
664,0,0.0,-0.000889538948889767,0.0,0.0,-9.253476765976536
664,1,0.0,0.0,0.0,0.0,-0.37248513699741426
664,2,0.0,0.0,0.0,0.0,0.0
664,3,0.0,0.0,0.0,0.0,0.0
664,4,0.0,0.0,0.0,0.0,0.0
665,0,0.0,-0.000889538948889767,0.0,0.0,-9.28166848480035
665,1,0.0,0.0,0.0,0.0,-0.37248513699741426
665,2,0.0,0.0,0.0,0.0,0.0
665,3,0.0,0.0,0.0,0.0,0.0
665,4,0.0,0.0,0.0,0.0,0.0
666,0,0.0,-0.000889538948889767,0.0,0.0,-9.293140433846322
666,1,0.0,0.0,0.0,0.0,-0.37248513699741426
666,2,0.0,0.0,0.0,0.0,0.0
666,3,0.0,0.0,0.0,0.0,0.0
666,4,0.0,0.0,0.0,0.0,0.0
667,0,0.0,-0.000889538948889767,0.0,0.0,-9.31082618415042
667,1,0.0,0.0,0.0,0.0,-0.37248513699741426
667,2,0.0,0.0,0.0,0.0,0.0
667,3,0.0,0.0,0.0,0.0,0.0
667,4,0.0,0.0,0.0,0.0,0.0
668,0,0.0,-0.000889538948889767,0.0,0.0,-9.311756083231483
668,1,0.0,0.0,0.0,0.0,-0.37248513699741426
668,2,0.0,0.0,0.0,0.0,0.0
668,3,0.0,0.0,0.0,0.0,0.0
668,4,0.0,0.0,0.0,0.0,0.0
669,0,0.0,-0.000889538948889767,0.0,0.0,-9.32124473453286
669,1,0.0,0.0,0.0,0.0,-0.37248513699741426
669,2,0.0,0.0,0.0,0.0,0.0
669,3,0.0,0.0,0.0,0.0,0.0
669,4,0.0,0.0,0.0,0.0,0.0
670,0,0.0,-0.000889538948889767,0.0,0.0,-9.311810824540073
670,1,0.0,0.0,0.0,0.0,-0.37248513699741426
670,2,0.0,0.0,0.0,0.0,0.0
670,3,0.0,0.0,0.0,0.0,0.0
670,4,0.0,0.0,0.0,0.0,0.0
671,0,0.0,-0.000889538948889767,0.0,0.0,-9.32386932236673
671,1,0.0,0.0,0.0,0.0,-0.37248513699741426
671,2,0.0,0.0,0.0,0.0,0.0
671,3,0.0,0.0,0.0,0.0,0.0
671,4,0.0,0.0,0.0,0.0,0.0
672,0,0.0,-0.000889538948889767,0.0,0.0,-9.339830150967757
672,1,0.0,0.0,0.0,0.0,-0.37248513699741426
672,2,0.0,0.0,0.0,0.0,0.0
672,3,0.0,0.0,0.0,0.0,0.0
672,4,0.0,0.0,0.0,0.0,0.0
673,0,0.0,-0.000889538948889767,0.0,0.0,-9.341462597734179
673,1,0.0,0.0,0.0,0.0,-0.37248513699741426
673,2,0.0,0.0,0.0,0.0,0.0
673,3,0.0,0.0,0.0,0.0,0.0
673,4,0.0,0.0,0.0,0.0,0.0
674,0,0.0,-0.000889538948889767,0.0,0.0,-9.343015711060623
674,1,0.0,0.0,0.0,0.0,-0.37248513699741426
674,2,0.0,0.0,0.0,0.0,0.0
674,3,0.0,0.0,0.0,0.0,0.0
674,4,0.0,0.0,0.0,0.0,0.0
675,0,0.0,-0.000889538948889767,0.0,0.0,-9.345143475938759
675,1,0.0,0.0,0.0,0.0,-0.37248513699741426
675,2,0.0,0.0,0.0,0.0,0.0
675,3,0.0,0.0,0.0,0.0,0.0
675,4,0.0,0.0,0.0,0.0,0.0
676,0,0.0,-0.000889538948889767,0.0,0.0,-9.34423052221871
676,1,0.0,0.0,0.0,0.0,-0.37248513699741426
676,2,0.0,0.0,0.0,0.0,0.0
676,3,0.0,0.0,0.0,0.0,0.0
676,4,0.0,0.0,0.0,0.0,0.0
677,0,0.0,-0.000889538948889767,0.0,0.0,-9.337819434898465
677,1,0.0,0.0,0.0,0.0,-0.37248513699741426
677,2,0.0,0.0,0.0,0.0,0.0
677,3,0.0,0.0,0.0,0.0,0.0
677,4,0.0,0.0,0.0,0.0,0.0
678,0,0.0,-0.000889538948889767,0.0,0.0,-9.337512083123153
678,1,0.0,0.0,0.0,0.0,-0.37248513699741426
678,2,0.0,0.0,0.0,0.0,0.0
678,3,0.0,0.0,0.0,0.0,0.0
678,4,0.0,0.0,0.0,0.0,0.0
679,0,0.0,-0.000889538948889767,0.0,0.0,-9.351686257027698
679,1,0.0,0.0,0.0,0.0,-0.37248513699741426
679,2,0.0,0.0,0.0,0.0,0.0
679,3,0.0,0.0,0.0,0.0,0.0
679,4,0.0,0.0,0.0,0.0,0.0
680,0,0.0,-0.000889538948889767,0.0,0.0,-9.346474343619603
680,1,0.0,0.0,0.0,0.0,-0.37248513699741426
680,2,0.0,0.0,0.0,0.0,0.0
680,3,0.0,0.0,0.0,0.0,0.0
680,4,0.0,0.0,0.0,0.0,0.0
681,0,0.0,-0.000889538948889767,0.0,0.0,-9.34241915043192
681,1,0.0,0.0,0.0,0.0,-0.37248513699741426
681,2,0.0,0.0,0.0,0.0,0.0
681,3,0.0,0.0,0.0,0.0,0.0
681,4,0.0,0.0,0.0,0.0,0.0
682,0,0.0,-0.000889538948889767,0.0,0.0,-9.343077238549586
682,1,0.0,0.0,0.0,0.0,-0.37248513699741426
682,2,0.0,0.0,0.0,0.0,0.0
682,3,0.0,0.0,0.0,0.0,0.0
682,4,0.0,0.0,0.0,0.0,0.0
683,0,0.0,-0.000889538948889767,0.0,0.0,-9.34184956713418
683,1,0.0,0.0,0.0,0.0,-0.37248513699741426
683,2,0.0,0.0,0.0,0.0,0.0
683,3,0.0,0.0,0.0,0.0,0.0
683,4,0.0,0.0,0.0,0.0,0.0
684,0,0.0,-0.000889538948889767,0.0,0.0,-9.344679330775442
684,1,0.0,0.0,0.0,0.0,-0.37248513699741426
684,2,0.0,0.0,0.0,0.0,0.0
684,3,0.0,0.0,0.0,0.0,0.0
684,4,0.0,0.0,0.0,0.0,0.0
685,0,0.0,-0.000889538948889767,0.0,0.0,-9.348282101338457
685,1,0.0,0.0,0.0,0.0,-0.37248513699741426
685,2,0.0,0.0,0.0,0.0,0.0
685,3,0.0,0.0,0.0,0.0,0.0
685,4,0.0,0.0,0.0,0.0,0.0
686,0,0.0,-0.000889538948889767,0.0,0.0,-9.35185987619161
686,1,0.0,0.0,0.0,0.0,-0.37248513699741426
686,2,0.0,0.0,0.0,0.0,0.0
686,3,0.0,0.0,0.0,0.0,0.0
686,4,0.0,0.0,0.0,0.0,0.0
687,0,0.0,-0.000889538948889767,0.0,0.0,-9.351971089690187
687,1,0.0,0.0,0.0,0.0,-0.37248513699741426
687,2,0.0,0.0,0.0,0.0,0.0
687,3,0.0,0.0,0.0,0.0,0.0
687,4,0.0,0.0,0.0,0.0,0.0
688,0,0.0,-0.000889538948889767,0.0,0.0,-9.354075427629489
688,1,0.0,0.0,0.0,0.0,-0.37248513699741426
688,2,0.0,0.0,0.0,0.0,0.0
688,3,0.0,0.0,0.0,0.0,0.0
688,4,0.0,0.0,0.0,0.0,0.0
689,0,0.0,-0.000889538948889767,0.0,0.0,-9.35420181605012
689,1,0.0,0.0,0.0,0.0,-0.37248513699741426
689,2,0.0,0.0,0.0,0.0,0.0
689,3,0.0,0.0,0.0,0.0,0.0
689,4,0.0,0.0,0.0,0.0,0.0
690,0,0.0,-0.000889538948889767,0.0,0.0,-9.374846936955318
690,1,0.0,0.0,0.0,0.0,-0.37248513699741426
690,2,0.0,0.0,0.0,0.0,0.0
690,3,0.0,0.0,0.0,0.0,0.0
690,4,0.0,0.0,0.0,0.0,0.0
691,0,0.0,-0.000889538948889767,0.0,0.0,-9.3755175311836
691,1,0.0,0.0,0.0,0.0,-0.37248513699741426
691,2,0.0,0.0,0.0,0.0,0.0
691,3,0.0,0.0,0.0,0.0,0.0
691,4,0.0,0.0,0.0,0.0,0.0
692,0,0.0,-0.000889538948889767,0.0,0.0,-9.39775965147571
692,1,0.0,0.0,0.0,0.0,-0.37248513699741426
692,2,0.0,0.0,0.0,0.0,0.0
692,3,0.0,0.0,0.0,0.0,0.0
692,4,0.0,0.0,0.0,0.0,0.0
693,0,0.0,-0.000889538948889767,0.0,0.0,-9.406839899887133
693,1,0.0,0.0,0.0,0.0,-0.37248513699741426
693,2,0.0,0.0,0.0,0.0,0.0
693,3,0.0,0.0,0.0,0.0,0.0
693,4,0.0,0.0,0.0,0.0,0.0
694,0,0.0,-0.000889538948889767,0.0,0.0,-9.408142508022731
694,1,0.0,0.0,0.0,0.0,-0.37248513699741426
694,2,0.0,0.0,0.0,0.0,0.0
694,3,0.0,0.0,0.0,0.0,0.0
694,4,0.0,0.0,0.0,0.0,0.0
695,0,0.0,-0.000889538948889767,0.0,0.0,-9.409803496481045
695,1,0.0,0.0,0.0,0.0,-0.37248513699741426
695,2,0.0,0.0,0.0,0.0,0.0
695,3,0.0,0.0,0.0,0.0,0.0
695,4,0.0,0.0,0.0,0.0,0.0
696,0,0.0,-0.000889538948889767,0.0,0.0,-9.410373869390652
696,1,0.0,0.0,0.0,0.0,-0.37248513699741426
696,2,0.0,0.0,0.0,0.0,0.0
696,3,0.0,0.0,0.0,0.0,0.0
696,4,0.0,0.0,0.0,0.0,0.0
697,0,0.0,-0.000889538948889767,0.0,0.0,-9.422138265967007
697,1,0.0,0.0,0.0,0.0,-0.37248513699741426
697,2,0.0,0.0,0.0,0.0,0.0
697,3,0.0,0.0,0.0,0.0,0.0
697,4,0.0,0.0,0.0,0.0,0.0
698,0,0.0,-0.000889538948889767,0.0,0.0,-9.42209488074644
698,1,0.0,0.0,0.0,0.0,-0.37248513699741426
698,2,0.0,0.0,0.0,0.0,0.0
698,3,0.0,0.0,0.0,0.0,0.0
698,4,0.0,0.0,0.0,0.0,0.0
699,0,0.0,-0.000889538948889767,0.0,0.0,-9.423035987110314
699,1,0.0,0.0,0.0,0.0,-0.37248513699741426
699,2,0.0,0.0,0.0,0.0,0.0
699,3,0.0,0.0,0.0,0.0,0.0
699,4,0.0,0.0,0.0,0.0,0.0
700,0,0.0,-0.000889538948889767,0.0,0.0,-9.43952272434615
700,1,0.0,0.0,0.0,0.0,-0.37248513699741426
700,2,0.0,0.0,0.0,0.0,0.0
700,3,0.0,0.0,0.0,0.0,0.0
700,4,0.0,0.0,0.0,0.0,0.0
701,0,0.0,-0.000889538948889767,0.0,0.0,-9.449093510348277
701,1,0.0,0.0,0.0,0.0,-0.37248513699741426
701,2,0.0,0.0,0.0,0.0,0.0
701,3,0.0,0.0,0.0,0.0,0.0
701,4,0.0,0.0,0.0,0.0,0.0
702,0,0.0,-0.000889538948889767,0.0,0.0,-9.442301240579457
702,1,0.0,0.0,0.0,0.0,-0.37248513699741426
702,2,0.0,0.0,0.0,0.0,0.0
702,3,0.0,0.0,0.0,0.0,0.0
702,4,0.0,0.0,0.0,0.0,0.0
703,0,0.0,-0.000889538948889767,0.0,0.0,-9.44405023452071
703,1,0.0,0.0,0.0,0.0,-0.37248513699741426
703,2,0.0,0.0,0.0,0.0,0.0
703,3,0.0,0.0,0.0,0.0,0.0
703,4,0.0,0.0,0.0,0.0,0.0
704,0,0.0,-0.000889538948889767,0.0,0.0,-9.439619159863069
704,1,0.0,0.0,0.0,0.0,-0.37248513699741426
704,2,0.0,0.0,0.0,0.0,0.0
704,3,0.0,0.0,0.0,0.0,0.0
704,4,0.0,0.0,0.0,0.0,0.0
705,0,0.0,-0.000889538948889767,0.0,0.0,-9.450640740532728
705,1,0.0,0.0,0.0,0.0,-0.37248513699741426
705,2,0.0,0.0,0.0,0.0,0.0
705,3,0.0,0.0,0.0,0.0,0.0
705,4,0.0,0.0,0.0,0.0,0.0
706,0,0.0,-0.000889538948889767,0.0,0.0,-9.448008817849564
706,1,0.0,0.0,0.0,0.0,-0.37248513699741426
706,2,0.0,0.0,0.0,0.0,0.0
706,3,0.0,0.0,0.0,0.0,0.0
706,4,0.0,0.0,0.0,0.0,0.0
707,0,0.0,-0.000889538948889767,0.0,0.0,-9.464914860541692
707,1,0.0,0.0,0.0,0.0,-0.37248513699741426
707,2,0.0,0.0,0.0,0.0,0.0
707,3,0.0,0.0,0.0,0.0,0.0
707,4,0.0,0.0,0.0,0.0,0.0
708,0,0.0,-0.000889538948889767,0.0,0.0,-9.459373868442064
708,1,0.0,0.0,0.0,0.0,-0.37248513699741426
708,2,0.0,0.0,0.0,0.0,0.0
708,3,0.0,0.0,0.0,0.0,0.0
708,4,0.0,0.0,0.0,0.0,0.0
709,0,0.0,-0.000889538948889767,0.0,0.0,-9.473072397482628
709,1,0.0,0.0,0.0,0.0,-0.37248513699741426
709,2,0.0,0.0,0.0,0.0,0.0
709,3,0.0,0.0,0.0,0.0,0.0
709,4,0.0,0.0,0.0,0.0,0.0
710,0,0.0,-0.000889538948889767,0.0,0.0,-9.472249360008616
710,1,0.0,0.0,0.0,0.0,-0.37248513699741426
710,2,0.0,0.0,0.0,0.0,0.0
710,3,0.0,0.0,0.0,0.0,0.0
710,4,0.0,0.0,0.0,0.0,0.0
711,0,0.0,-0.000889538948889767,0.0,0.0,-9.470052563133105
711,1,0.0,0.0,0.0,0.0,-0.37248513699741426
711,2,0.0,0.0,0.0,0.0,0.0
711,3,0.0,0.0,0.0,0.0,0.0
711,4,0.0,0.0,0.0,0.0,0.0
712,0,0.0,-0.000889538948889767,0.0,0.0,-9.470666506893172
712,1,0.0,0.0,0.0,0.0,-0.37248513699741426
712,2,0.0,0.0,0.0,0.0,0.0
712,3,0.0,0.0,0.0,0.0,0.0
712,4,0.0,0.0,0.0,0.0,0.0
713,0,0.0,-0.000889538948889767,0.0,0.0,-9.470260923602147
713,1,0.0,0.0,0.0,0.0,-0.37248513699741426
713,2,0.0,0.0,0.0,0.0,0.0
713,3,0.0,0.0,0.0,0.0,0.0
713,4,0.0,0.0,0.0,0.0,0.0
714,0,0.0,-0.000889538948889767,0.0,0.0,-9.481317701916941
714,1,0.0,0.0,0.0,0.0,-0.37248513699741426
714,2,0.0,0.0,0.0,0.0,0.0
714,3,0.0,0.0,0.0,0.0,0.0
714,4,0.0,0.0,0.0,0.0,0.0
715,0,0.0,-0.000889538948889767,0.0,0.0,-9.48899035911159
715,1,0.0,0.0,0.0,0.0,-0.37248513699741426
715,2,0.0,0.0,0.0,0.0,0.0
715,3,0.0,0.0,0.0,0.0,0.0
715,4,0.0,0.0,0.0,0.0,0.0
716,0,0.0,-0.000889538948889767,0.0,0.0,-9.493297112985921
716,1,0.0,0.0,0.0,0.0,-0.37248513699741426
716,2,0.0,0.0,0.0,0.0,0.0
716,3,0.0,0.0,0.0,0.0,0.0
716,4,0.0,0.0,0.0,0.0,0.0
717,0,0.0,-0.000889538948889767,0.0,0.0,-9.495142011526715
717,1,0.0,0.0,0.0,0.0,-0.37248513699741426
717,2,0.0,0.0,0.0,0.0,0.0
717,3,0.0,0.0,0.0,0.0,0.0
717,4,0.0,0.0,0.0,0.0,0.0
718,0,0.0,-0.000889538948889767,0.0,0.0,-9.480796382103705
718,1,0.0,0.0,0.0,0.0,-0.37248513699741426
718,2,0.0,0.0,0.0,0.0,0.0
718,3,0.0,0.0,0.0,0.0,0.0
718,4,0.0,0.0,0.0,0.0,0.0
719,0,0.0,-0.000889538948889767,0.0,0.0,-9.491790420080637
719,1,0.0,0.0,0.0,0.0,-0.37248513699741426
719,2,0.0,0.0,0.0,0.0,0.0
719,3,0.0,0.0,0.0,0.0,0.0
719,4,0.0,0.0,0.0,0.0,0.0
720,0,0.0,-0.000889538948889767,0.0,0.0,-9.514408981614807
720,1,0.0,0.0,0.0,0.0,-0.37248513699741426
720,2,0.0,0.0,0.0,0.0,0.0
720,3,0.0,0.0,0.0,0.0,0.0
720,4,0.0,0.0,0.0,0.0,0.0
721,0,0.0,-0.000889538948889767,0.0,0.0,-9.52207343809094
721,1,0.0,0.0,0.0,0.0,-0.37248513699741426
721,2,0.0,0.0,0.0,0.0,0.0
721,3,0.0,0.0,0.0,0.0,0.0
721,4,0.0,0.0,0.0,0.0,0.0
722,0,0.0,-0.000889538948889767,0.0,0.0,-9.535449363624013
722,1,0.0,0.0,0.0,0.0,-0.37248513699741426
722,2,0.0,0.0,0.0,0.0,0.0
722,3,0.0,0.0,0.0,0.0,0.0
722,4,0.0,0.0,0.0,0.0,0.0
723,0,0.0,-0.000889538948889767,0.0,0.0,-9.534341359571592
723,1,0.0,0.0,0.0,0.0,-0.37248513699741426
723,2,0.0,0.0,0.0,0.0,0.0
723,3,0.0,0.0,0.0,0.0,0.0
723,4,0.0,0.0,0.0,0.0,0.0
724,0,0.0,-0.000889538948889767,0.0,0.0,-9.545332748771502
724,1,0.0,0.0,0.0,0.0,-0.37248513699741426
724,2,0.0,0.0,0.0,0.0,0.0
724,3,0.0,0.0,0.0,0.0,0.0
724,4,0.0,0.0,0.0,0.0,0.0
725,0,0.0,-0.000889538948889767,0.0,0.0,-9.550120891443719
725,1,0.0,0.0,0.0,0.0,-0.37248513699741426
725,2,0.0,0.0,0.0,0.0,0.0
725,3,0.0,0.0,0.0,0.0,0.0
725,4,0.0,0.0,0.0,0.0,0.0
726,0,0.0,-0.000889538948889767,0.0,0.0,-9.56676609356939
726,1,0.0,0.0,0.0,0.0,-0.37248513699741426
726,2,0.0,0.0,0.0,0.0,0.0
726,3,0.0,0.0,0.0,0.0,0.0
726,4,0.0,0.0,0.0,0.0,0.0
727,0,0.0,-0.000889538948889767,0.0,0.0,-9.568926148622086
727,1,0.0,0.0,0.0,0.0,-0.37248513699741426
727,2,0.0,0.0,0.0,0.0,0.0
727,3,0.0,0.0,0.0,0.0,0.0
727,4,0.0,0.0,0.0,0.0,0.0
728,0,0.0,-0.000889538948889767,0.0,0.0,-9.57516425809361
728,1,0.0,0.0,0.0,0.0,-0.37248513699741426
728,2,0.0,0.0,0.0,0.0,0.0
728,3,0.0,0.0,0.0,0.0,0.0
728,4,0.0,0.0,0.0,0.0,0.0
729,0,0.0,-0.000889538948889767,0.0,0.0,-9.586418617020934
729,1,0.0,0.0,0.0,0.0,-0.37248513699741426
729,2,0.0,0.0,0.0,0.0,0.0
729,3,0.0,0.0,0.0,0.0,0.0
729,4,0.0,0.0,0.0,0.0,0.0
730,0,0.0,-0.000889538948889767,0.0,0.0,-9.581401185567838
730,1,0.0,0.0,0.0,0.0,-0.37248513699741426
730,2,0.0,0.0,0.0,0.0,0.0
730,3,0.0,0.0,0.0,0.0,0.0
730,4,0.0,0.0,0.0,0.0,0.0
731,0,0.0,-0.000889538948889767,0.0,0.0,-9.589230403319254
731,1,0.0,0.0,0.0,0.0,-0.37248513699741426
731,2,0.0,0.0,0.0,0.0,0.0
731,3,0.0,0.0,0.0,0.0,0.0
731,4,0.0,0.0,0.0,0.0,0.0
732,0,0.0,-0.000889538948889767,0.0,0.0,-9.588911452464986
732,1,0.0,0.0,0.0,0.0,-0.37248513699741426
732,2,0.0,0.0,0.0,0.0,0.0
732,3,0.0,0.0,0.0,0.0,0.0
732,4,0.0,0.0,0.0,0.0,0.0
733,0,0.0,-0.000889538948889767,0.0,0.0,-9.591804691504446
733,1,0.0,0.0,0.0,0.0,-0.37248513699741426
733,2,0.0,0.0,0.0,0.0,0.0
733,3,0.0,0.0,0.0,0.0,0.0
733,4,0.0,0.0,0.0,0.0,0.0
734,0,0.0,-0.000889538948889767,0.0,0.0,-9.590230943565096
734,1,0.0,0.0,0.0,0.0,-0.37248513699741426
734,2,0.0,0.0,0.0,0.0,0.0
734,3,0.0,0.0,0.0,0.0,0.0
734,4,0.0,0.0,0.0,0.0,0.0
735,0,0.0,-0.000889538948889767,0.0,0.0,-9.596656685160724
735,1,0.0,0.0,0.0,0.0,-0.37248513699741426
735,2,0.0,0.0,0.0,0.0,0.0
735,3,0.0,0.0,0.0,0.0,0.0
735,4,0.0,0.0,0.0,0.0,0.0
736,0,0.0,-0.000889538948889767,0.0,0.0,-9.595741950066385
736,1,0.0,0.0,0.0,0.0,-0.37248513699741426
736,2,0.0,0.0,0.0,0.0,0.0
736,3,0.0,0.0,0.0,0.0,0.0
736,4,0.0,0.0,0.0,0.0,0.0
737,0,0.0,-0.000889538948889767,0.0,0.0,-9.598416474085639
737,1,0.0,0.0,0.0,0.0,-0.37248513699741426
737,2,0.0,0.0,0.0,0.0,0.0
737,3,0.0,0.0,0.0,0.0,0.0
737,4,0.0,0.0,0.0,0.0,0.0
738,0,0.0,-0.000889538948889767,0.0,0.0,-9.598717397692914
738,1,0.0,0.0,0.0,0.0,-0.37248513699741426
738,2,0.0,0.0,0.0,0.0,0.0
738,3,0.0,0.0,0.0,0.0,0.0
738,4,0.0,0.0,0.0,0.0,0.0
739,0,0.0,-0.000889538948889767,0.0,0.0,-9.603369472138306
739,1,0.0,0.0,0.0,0.0,-0.37248513699741426
739,2,0.0,0.0,0.0,0.0,0.0
739,3,0.0,0.0,0.0,0.0,0.0
739,4,0.0,0.0,0.0,0.0,0.0
740,0,0.0,-0.000889538948889767,0.0,0.0,-9.608642041513411
740,1,0.0,0.0,0.0,0.0,-0.37248513699741426
740,2,0.0,0.0,0.0,0.0,0.0
740,3,0.0,0.0,0.0,0.0,0.0
740,4,0.0,0.0,0.0,0.0,0.0
741,0,0.0,-0.000889538948889767,0.0,0.0,-9.6095262990988
741,1,0.0,0.0,0.0,0.0,-0.37248513699741426
741,2,0.0,0.0,0.0,0.0,0.0
741,3,0.0,0.0,0.0,0.0,0.0
741,4,0.0,0.0,0.0,0.0,0.0
742,0,0.0,-0.000889538948889767,0.0,0.0,-9.615128224752583
742,1,0.0,0.0,0.0,0.0,-0.37248513699741426
742,2,0.0,0.0,0.0,0.0,0.0
742,3,0.0,0.0,0.0,0.0,0.0
742,4,0.0,0.0,0.0,0.0,0.0
743,0,0.0,-0.000889538948889767,0.0,0.0,-9.62200801016895
743,1,0.0,0.0,0.0,0.0,-0.37248513699741426
743,2,0.0,0.0,0.0,0.0,0.0
743,3,0.0,0.0,0.0,0.0,0.0
743,4,0.0,0.0,0.0,0.0,0.0
744,0,0.0,-0.000889538948889767,0.0,0.0,-9.623461493318628
744,1,0.0,0.0,0.0,0.0,-0.37248513699741426
744,2,0.0,0.0,0.0,0.0,0.0
744,3,0.0,0.0,0.0,0.0,0.0
744,4,0.0,0.0,0.0,0.0,0.0
745,0,0.0,-0.000889538948889767,0.0,0.0,-9.638270373447096
745,1,0.0,0.0,0.0,0.0,-0.37248513699741426
745,2,0.0,0.0,0.0,0.0,0.0
745,3,0.0,0.0,0.0,0.0,0.0
745,4,0.0,0.0,0.0,0.0,0.0
746,0,0.0,-0.000889538948889767,0.0,0.0,-9.642201320921622
746,1,0.0,0.0,0.0,0.0,-0.37248513699741426
746,2,0.0,0.0,0.0,0.0,0.0
746,3,0.0,0.0,0.0,0.0,0.0
746,4,0.0,0.0,0.0,0.0,0.0
747,0,0.0,-0.000889538948889767,0.0,0.0,-9.629412341612317
747,1,0.0,0.0,0.0,0.0,-0.37248513699741426
747,2,0.0,0.0,0.0,0.0,0.0
747,3,0.0,0.0,0.0,0.0,0.0
747,4,0.0,0.0,0.0,0.0,0.0
748,0,0.0,-0.000889538948889767,0.0,0.0,-9.634201908859964
748,1,0.0,0.0,0.0,0.0,-0.37248513699741426
748,2,0.0,0.0,0.0,0.0,0.0
748,3,0.0,0.0,0.0,0.0,0.0
748,4,0.0,0.0,0.0,0.0,0.0
749,0,0.0,-0.000889538948889767,0.0,0.0,-9.647077435863702
749,1,0.0,0.0,0.0,0.0,-0.37248513699741426
749,2,0.0,0.0,0.0,0.0,0.0
749,3,0.0,0.0,0.0,0.0,0.0
749,4,0.0,0.0,0.0,0.0,0.0
750,0,0.0,-0.000889538948889767,0.0,0.0,-9.645554752853942
750,1,0.0,0.0,0.0,0.0,-0.37248513699741426
750,2,0.0,0.0,0.0,0.0,0.0
750,3,0.0,0.0,0.0,0.0,0.0
750,4,0.0,0.0,0.0,0.0,0.0
751,0,0.0,-0.000889538948889767,0.0,0.0,-9.64616565865487
751,1,0.0,0.0,0.0,0.0,-0.37248513699741426
751,2,0.0,0.0,0.0,0.0,0.0
751,3,0.0,0.0,0.0,0.0,0.0
751,4,0.0,0.0,0.0,0.0,0.0
752,0,0.0,-0.000889538948889767,0.0,0.0,-9.65056440920459
752,1,0.0,0.0,0.0,0.0,-0.37248513699741426
752,2,0.0,0.0,0.0,0.0,0.0
752,3,0.0,0.0,0.0,0.0,0.0
752,4,0.0,0.0,0.0,0.0,0.0
753,0,0.0,-0.000889538948889767,0.0,0.0,-9.671396716297423
753,1,0.0,0.0,0.0,0.0,-0.37248513699741426
753,2,0.0,0.0,0.0,0.0,0.0
753,3,0.0,0.0,0.0,0.0,0.0
753,4,0.0,0.0,0.0,0.0,0.0
754,0,0.0,-0.000889538948889767,0.0,0.0,-9.670021607804648
754,1,0.0,0.0,0.0,0.0,-0.37248513699741426
754,2,0.0,0.0,0.0,0.0,0.0
754,3,0.0,0.0,0.0,0.0,0.0
754,4,0.0,0.0,0.0,0.0,0.0
755,0,0.0,-0.000889538948889767,0.0,0.0,-9.683513420640718
755,1,0.0,0.0,0.0,0.0,-0.37248513699741426
755,2,0.0,0.0,0.0,0.0,0.0
755,3,0.0,0.0,0.0,0.0,0.0
755,4,0.0,0.0,0.0,0.0,0.0
756,0,0.0,-0.000889538948889767,0.0,0.0,-9.691077138030138
756,1,0.0,0.0,0.0,0.0,-0.37248513699741426
756,2,0.0,0.0,0.0,0.0,0.0
756,3,0.0,0.0,0.0,0.0,0.0
756,4,0.0,0.0,0.0,0.0,0.0
757,0,0.0,-0.000889538948889767,0.0,0.0,-9.690908728231927
757,1,0.0,0.0,0.0,0.0,-0.37248513699741426
757,2,0.0,0.0,0.0,0.0,0.0
757,3,0.0,0.0,0.0,0.0,0.0
757,4,0.0,0.0,0.0,0.0,0.0
758,0,0.0,-0.000889538948889767,0.0,0.0,-9.689969605694172
758,1,0.0,0.0,0.0,0.0,-0.37248513699741426
758,2,0.0,0.0,0.0,0.0,0.0
758,3,0.0,0.0,0.0,0.0,0.0
758,4,0.0,0.0,0.0,0.0,0.0
759,0,0.0,-0.000889538948889767,0.0,0.0,-9.696764250360026
759,1,0.0,0.0,0.0,0.0,-0.37248513699741426
759,2,0.0,0.0,0.0,0.0,0.0
759,3,0.0,0.0,0.0,0.0,0.0
759,4,0.0,0.0,0.0,0.0,0.0
760,0,0.0,-0.000889538948889767,0.0,0.0,-9.713154159936238
760,1,0.0,0.0,0.0,0.0,-0.37248513699741426
760,2,0.0,0.0,0.0,0.0,0.0
760,3,0.0,0.0,0.0,0.0,0.0
760,4,0.0,0.0,0.0,0.0,0.0
761,0,0.0,-0.000889538948889767,0.0,0.0,-9.71315581000642
761,1,0.0,0.0,0.0,0.0,-0.37248513699741426
761,2,0.0,0.0,0.0,0.0,0.0
761,3,0.0,0.0,0.0,0.0,0.0
761,4,0.0,0.0,0.0,0.0,0.0
762,0,0.0,-0.000889538948889767,0.0,0.0,-9.720922033508101
762,1,0.0,0.0,0.0,0.0,-0.37248513699741426
762,2,0.0,0.0,0.0,0.0,0.0
762,3,0.0,0.0,0.0,0.0,0.0
762,4,0.0,0.0,0.0,0.0,0.0
763,0,0.0,-0.000889538948889767,0.0,0.0,-9.738735576382778
763,1,0.0,0.0,0.0,0.0,-0.37248513699741426
763,2,0.0,0.0,0.0,0.0,0.0
763,3,0.0,0.0,0.0,0.0,0.0
763,4,0.0,0.0,0.0,0.0,0.0
764,0,0.0,-0.000889538948889767,0.0,0.0,-9.721302949240329
764,1,0.0,0.0,0.0,0.0,-0.37248513699741426
764,2,0.0,0.0,0.0,0.0,0.0
764,3,0.0,0.0,0.0,0.0,0.0
764,4,0.0,0.0,0.0,0.0,0.0
765,0,0.0,-0.000889538948889767,0.0,0.0,-9.722808020704642
765,1,0.0,0.0,0.0,0.0,-0.37248513699741426
765,2,0.0,0.0,0.0,0.0,0.0
765,3,0.0,0.0,0.0,0.0,0.0
765,4,0.0,0.0,0.0,0.0,0.0
766,0,0.0,-0.000889538948889767,0.0,0.0,-9.72600178668057
766,1,0.0,0.0,0.0,0.0,-0.37248513699741426
766,2,0.0,0.0,0.0,0.0,0.0
766,3,0.0,0.0,0.0,0.0,0.0
766,4,0.0,0.0,0.0,0.0,0.0
767,0,0.0,-0.000889538948889767,0.0,0.0,-9.738216484913924
767,1,0.0,0.0,0.0,0.0,-0.37248513699741426
767,2,0.0,0.0,0.0,0.0,0.0
767,3,0.0,0.0,0.0,0.0,0.0
767,4,0.0,0.0,0.0,0.0,0.0
768,0,0.0,-0.000889538948889767,0.0,0.0,-9.763651705654008
768,1,0.0,0.0,0.0,0.0,-0.37248513699741426
768,2,0.0,0.0,0.0,0.0,0.0
768,3,0.0,0.0,0.0,0.0,0.0
768,4,0.0,0.0,0.0,0.0,0.0
769,0,0.0,-0.000889538948889767,0.0,0.0,-9.766119732961606
769,1,0.0,0.0,0.0,0.0,-0.37248513699741426
769,2,0.0,0.0,0.0,0.0,0.0
769,3,0.0,0.0,0.0,0.0,0.0
769,4,0.0,0.0,0.0,0.0,0.0
770,0,0.0,-0.000889538948889767,0.0,0.0,-9.7658947783204
770,1,0.0,0.0,0.0,0.0,-0.37248513699741426
770,2,0.0,0.0,0.0,0.0,0.0
770,3,0.0,0.0,0.0,0.0,0.0
770,4,0.0,0.0,0.0,0.0,0.0
771,0,0.0,-0.000889538948889767,0.0,0.0,-9.768292508155987
771,1,0.0,0.0,0.0,0.0,-0.37248513699741426
771,2,0.0,0.0,0.0,0.0,0.0
771,3,0.0,0.0,0.0,0.0,0.0
771,4,0.0,0.0,0.0,0.0,0.0
772,0,0.0,-0.000889538948889767,0.0,0.0,-9.771208326758481
772,1,0.0,0.0,0.0,0.0,-0.37248513699741426
772,2,0.0,0.0,0.0,0.0,0.0
772,3,0.0,0.0,0.0,0.0,0.0
772,4,0.0,0.0,0.0,0.0,0.0
773,0,0.0,-0.000889538948889767,0.0,0.0,-9.765171740336177
773,1,0.0,0.0,0.0,0.0,-0.37248513699741426
773,2,0.0,0.0,0.0,0.0,0.0
773,3,0.0,0.0,0.0,0.0,0.0
773,4,0.0,0.0,0.0,0.0,0.0
774,0,0.0,-0.000889538948889767,0.0,0.0,-9.76395006179144
774,1,0.0,0.0,0.0,0.0,-0.37248513699741426
774,2,0.0,0.0,0.0,0.0,0.0
774,3,0.0,0.0,0.0,0.0,0.0
774,4,0.0,0.0,0.0,0.0,0.0
775,0,0.0,-0.000889538948889767,0.0,0.0,-9.776930735064484
775,1,0.0,0.0,0.0,0.0,-0.37248513699741426
775,2,0.0,0.0,0.0,0.0,0.0
775,3,0.0,0.0,0.0,0.0,0.0
775,4,0.0,0.0,0.0,0.0,0.0
776,0,0.0,-0.000889538948889767,0.0,0.0,-9.775154859712183
776,1,0.0,0.0,0.0,0.0,-0.37248513699741426
776,2,0.0,0.0,0.0,0.0,0.0
776,3,0.0,0.0,0.0,0.0,0.0
776,4,0.0,0.0,0.0,0.0,0.0
777,0,0.0,-0.000889538948889767,0.0,0.0,-9.778378336824481
777,1,0.0,0.0,0.0,0.0,-0.37248513699741426
777,2,0.0,0.0,0.0,0.0,0.0
777,3,0.0,0.0,0.0,0.0,0.0
777,4,0.0,0.0,0.0,0.0,0.0
778,0,0.0,-0.000889538948889767,0.0,0.0,-9.782543925549787
778,1,0.0,0.0,0.0,0.0,-0.37248513699741426
778,2,0.0,0.0,0.0,0.0,0.0
778,3,0.0,0.0,0.0,0.0,0.0
778,4,0.0,0.0,0.0,0.0,0.0
779,0,0.0,-0.000889538948889767,0.0,0.0,-9.799637972515393
779,1,0.0,0.0,0.0,0.0,-0.37248513699741426
779,2,0.0,0.0,0.0,0.0,0.0
779,3,0.0,0.0,0.0,0.0,0.0
779,4,0.0,0.0,0.0,0.0,0.0
780,0,0.0,-0.000889538948889767,0.0,0.0,-9.783765535628467
780,1,0.0,0.0,0.0,0.0,-0.37248513699741426
780,2,0.0,0.0,0.0,0.0,0.0
780,3,0.0,0.0,0.0,0.0,0.0
780,4,0.0,0.0,0.0,0.0,0.0
781,0,0.0,-0.000889538948889767,0.0,0.0,-9.805774785967255
781,1,0.0,0.0,0.0,0.0,-0.37248513699741426
781,2,0.0,0.0,0.0,0.0,0.0
781,3,0.0,0.0,0.0,0.0,0.0
781,4,0.0,0.0,0.0,0.0,0.0
782,0,0.0,-0.000889538948889767,0.0,0.0,-9.807416116289914
782,1,0.0,0.0,0.0,0.0,-0.37248513699741426
782,2,0.0,0.0,0.0,0.0,0.0
782,3,0.0,0.0,0.0,0.0,0.0
782,4,0.0,0.0,0.0,0.0,0.0
783,0,0.0,-0.000889538948889767,0.0,0.0,-9.817683527361542
783,1,0.0,0.0,0.0,0.0,-0.37248513699741426
783,2,0.0,0.0,0.0,0.0,0.0
783,3,0.0,0.0,0.0,0.0,0.0
783,4,0.0,0.0,0.0,0.0,0.0
784,0,0.0,-0.000889538948889767,0.0,0.0,-9.820822741375865
784,1,0.0,0.0,0.0,0.0,-0.37248513699741426
784,2,0.0,0.0,0.0,0.0,0.0
784,3,0.0,0.0,0.0,0.0,0.0
784,4,0.0,0.0,0.0,0.0,0.0
785,0,0.0,-0.000889538948889767,0.0,0.0,-9.831818377062032
785,1,0.0,0.0,0.0,0.0,-0.37248513699741426
785,2,0.0,0.0,0.0,0.0,0.0
785,3,0.0,0.0,0.0,0.0,0.0
785,4,0.0,0.0,0.0,0.0,0.0
786,0,0.0,-0.000889538948889767,0.0,0.0,-9.858133897977748
786,1,0.0,0.0,0.0,0.0,-0.37248513699741426
786,2,0.0,0.0,0.0,0.0,0.0
786,3,0.0,0.0,0.0,0.0,0.0
786,4,0.0,0.0,0.0,0.0,0.0
787,0,0.0,-0.000889538948889767,0.0,0.0,-9.865283932095835
787,1,0.0,0.0,0.0,0.0,-0.37248513699741426
787,2,0.0,0.0,0.0,0.0,0.0
787,3,0.0,0.0,0.0,0.0,0.0
787,4,0.0,0.0,0.0,0.0,0.0
788,0,0.0,-0.000889538948889767,0.0,0.0,-9.865398447362137
788,1,0.0,0.0,0.0,0.0,-0.37248513699741426
788,2,0.0,0.0,0.0,0.0,0.0
788,3,0.0,0.0,0.0,0.0,0.0
788,4,0.0,0.0,0.0,0.0,0.0
789,0,0.0,-0.000889538948889767,0.0,0.0,-9.865562457694883
789,1,0.0,0.0,0.0,0.0,-0.37248513699741426
789,2,0.0,0.0,0.0,0.0,0.0
789,3,0.0,0.0,0.0,0.0,0.0
789,4,0.0,0.0,0.0,0.0,0.0
790,0,0.0,-0.000889538948889767,0.0,0.0,-9.868236622352361
790,1,0.0,0.0,0.0,0.0,-0.37248513699741426
790,2,0.0,0.0,0.0,0.0,0.0
790,3,0.0,0.0,0.0,0.0,0.0
790,4,0.0,0.0,0.0,0.0,0.0
791,0,0.0,-0.000889538948889767,0.0,0.0,-9.882332919976088
791,1,0.0,0.0,0.0,0.0,-0.37248513699741426
791,2,0.0,0.0,0.0,0.0,0.0
791,3,0.0,0.0,0.0,0.0,0.0
791,4,0.0,0.0,0.0,0.0,0.0
792,0,0.0,-0.000889538948889767,0.0,0.0,-9.86922349623568
792,1,0.0,0.0,0.0,0.0,-0.37248513699741426
792,2,0.0,0.0,0.0,0.0,0.0
792,3,0.0,0.0,0.0,0.0,0.0
792,4,0.0,0.0,0.0,0.0,0.0
793,0,0.0,-0.000889538948889767,0.0,0.0,-9.866742947339771
793,1,0.0,0.0,0.0,0.0,-0.37248513699741426
793,2,0.0,0.0,0.0,0.0,0.0
793,3,0.0,0.0,0.0,0.0,0.0
793,4,0.0,0.0,0.0,0.0,0.0
794,0,0.0,-0.000889538948889767,0.0,0.0,-9.87897224607085
794,1,0.0,0.0,0.0,0.0,-0.37248513699741426
794,2,0.0,0.0,0.0,0.0,0.0
794,3,0.0,0.0,0.0,0.0,0.0
794,4,0.0,0.0,0.0,0.0,0.0
795,0,0.0,-0.000889538948889767,0.0,0.0,-9.878787146435066
795,1,0.0,0.0,0.0,0.0,-0.37248513699741426
795,2,0.0,0.0,0.0,0.0,0.0
795,3,0.0,0.0,0.0,0.0,0.0
795,4,0.0,0.0,0.0,0.0,0.0
796,0,0.0,-0.000889538948889767,0.0,0.0,-9.888874072111898
796,1,0.0,0.0,0.0,0.0,-0.37248513699741426
796,2,0.0,0.0,0.0,0.0,0.0
796,3,0.0,0.0,0.0,0.0,0.0
796,4,0.0,0.0,0.0,0.0,0.0
797,0,0.0,-0.000889538948889767,0.0,0.0,-9.891170893448054
797,1,0.0,0.0,0.0,0.0,-0.37248513699741426
797,2,0.0,0.0,0.0,0.0,0.0
797,3,0.0,0.0,0.0,0.0,0.0
797,4,0.0,0.0,0.0,0.0,0.0
798,0,0.0,-0.000889538948889767,0.0,0.0,-9.896934732274428
798,1,0.0,0.0,0.0,0.0,-0.37248513699741426
798,2,0.0,0.0,0.0,0.0,0.0
798,3,0.0,0.0,0.0,0.0,0.0
798,4,0.0,0.0,0.0,0.0,0.0
799,0,0.0,-0.000889538948889767,0.0,0.0,-9.912243187319824
799,1,0.0,0.0,0.0,0.0,-0.37248513699741426
799,2,0.0,0.0,0.0,0.0,0.0
799,3,0.0,0.0,0.0,0.0,0.0
799,4,0.0,0.0,0.0,0.0,0.0
800,0,0.0,-0.000889538948889767,0.0,0.0,-9.903332670273217
800,1,0.0,0.0,0.0,0.0,-0.37248513699741426
800,2,0.0,0.0,0.0,0.0,0.0
800,3,0.0,0.0,0.0,0.0,0.0
800,4,0.0,0.0,0.0,0.0,0.0
801,0,0.0,-0.000889538948889767,0.0,0.0,-9.913096051872143
801,1,0.0,0.0,0.0,0.0,-0.37248513699741426
801,2,0.0,0.0,0.0,0.0,0.0
801,3,0.0,0.0,0.0,0.0,0.0
801,4,0.0,0.0,0.0,0.0,0.0
802,0,0.0,-0.000889538948889767,0.0,0.0,-9.923451581209429
802,1,0.0,0.0,0.0,0.0,-0.37248513699741426
802,2,0.0,0.0,0.0,0.0,0.0
802,3,0.0,0.0,0.0,0.0,0.0
802,4,0.0,0.0,0.0,0.0,0.0
803,0,0.0,-0.000889538948889767,0.0,0.0,-9.921075912302355
803,1,0.0,0.0,0.0,0.0,-0.37248513699741426
803,2,0.0,0.0,0.0,0.0,0.0
803,3,0.0,0.0,0.0,0.0,0.0
803,4,0.0,0.0,0.0,0.0,0.0
804,0,0.0,-0.000889538948889767,0.0,0.0,-9.923132314083503
804,1,0.0,0.0,0.0,0.0,-0.37248513699741426
804,2,0.0,0.0,0.0,0.0,0.0
804,3,0.0,0.0,0.0,0.0,0.0
804,4,0.0,0.0,0.0,0.0,0.0
805,0,0.0,-0.000889538948889767,0.0,0.0,-9.921836677807246
805,1,0.0,0.0,0.0,0.0,-0.37248513699741426
805,2,0.0,0.0,0.0,0.0,0.0
805,3,0.0,0.0,0.0,0.0,0.0
805,4,0.0,0.0,0.0,0.0,0.0
806,0,0.0,-0.000889538948889767,0.0,0.0,-9.922450749936777
806,1,0.0,0.0,0.0,0.0,-0.37248513699741426
806,2,0.0,0.0,0.0,0.0,0.0
806,3,0.0,0.0,0.0,0.0,0.0
806,4,0.0,0.0,0.0,0.0,0.0
807,0,0.0,-0.000889538948889767,0.0,0.0,-9.921840342837449
807,1,0.0,0.0,0.0,0.0,-0.37248513699741426
807,2,0.0,0.0,0.0,0.0,0.0
807,3,0.0,0.0,0.0,0.0,0.0
807,4,0.0,0.0,0.0,0.0,0.0
808,0,0.0,-0.000889538948889767,0.0,0.0,-9.928212532579028
808,1,0.0,0.0,0.0,0.0,-0.37248513699741426
808,2,0.0,0.0,0.0,0.0,0.0
808,3,0.0,0.0,0.0,0.0,0.0
808,4,0.0,0.0,0.0,0.0,0.0
809,0,0.0,-0.000889538948889767,0.0,0.0,-9.921665342162035
809,1,0.0,0.0,0.0,0.0,-0.37248513699741426
809,2,0.0,0.0,0.0,0.0,0.0
809,3,0.0,0.0,0.0,0.0,0.0
809,4,0.0,0.0,0.0,0.0,0.0
810,0,0.0,-0.000889538948889767,0.0,0.0,-9.927172033813656
810,1,0.0,0.0,0.0,0.0,-0.37248513699741426
810,2,0.0,0.0,0.0,0.0,0.0
810,3,0.0,0.0,0.0,0.0,0.0
810,4,0.0,0.0,0.0,0.0,0.0
811,0,0.0,-0.000889538948889767,0.0,0.0,-9.917567085878346
811,1,0.0,0.0,0.0,0.0,-0.37248513699741426
811,2,0.0,0.0,0.0,0.0,0.0
811,3,0.0,0.0,0.0,0.0,0.0
811,4,0.0,0.0,0.0,0.0,0.0
812,0,0.0,-0.000889538948889767,0.0,0.0,-9.92212659813322
812,1,0.0,0.0,0.0,0.0,-0.37248513699741426
812,2,0.0,0.0,0.0,0.0,0.0
812,3,0.0,0.0,0.0,0.0,0.0
812,4,0.0,0.0,0.0,0.0,0.0
813,0,0.0,-0.000889538948889767,0.0,0.0,-9.92165985770307
813,1,0.0,0.0,0.0,0.0,-0.37248513699741426
813,2,0.0,0.0,0.0,0.0,0.0
813,3,0.0,0.0,0.0,0.0,0.0
813,4,0.0,0.0,0.0,0.0,0.0
814,0,0.0,-0.000889538948889767,0.0,0.0,-9.92135100508431
814,1,0.0,0.0,0.0,0.0,-0.37248513699741426
814,2,0.0,0.0,0.0,0.0,0.0
814,3,0.0,0.0,0.0,0.0,0.0
814,4,0.0,0.0,0.0,0.0,0.0
815,0,0.0,-0.000889538948889767,0.0,0.0,-9.919010614978816
815,1,0.0,0.0,0.0,0.0,-0.37248513699741426
815,2,0.0,0.0,0.0,0.0,0.0
815,3,0.0,0.0,0.0,0.0,0.0
815,4,0.0,0.0,0.0,0.0,0.0
816,0,0.0,-0.000889538948889767,0.0,0.0,-9.920504159428644
816,1,0.0,0.0,0.0,0.0,-0.37248513699741426
816,2,0.0,0.0,0.0,0.0,0.0
816,3,0.0,0.0,0.0,0.0,0.0
816,4,0.0,0.0,0.0,0.0,0.0
817,0,0.0,-0.000889538948889767,0.0,0.0,-9.947786964219418
817,1,0.0,0.0,0.0,0.0,-0.37248513699741426
817,2,0.0,0.0,0.0,0.0,0.0
817,3,0.0,0.0,0.0,0.0,0.0
817,4,0.0,0.0,0.0,0.0,0.0
818,0,0.0,-0.000889538948889767,0.0,0.0,-9.9534497294929
818,1,0.0,0.0,0.0,0.0,-0.37248513699741426
818,2,0.0,0.0,0.0,0.0,0.0
818,3,0.0,0.0,0.0,0.0,0.0
818,4,0.0,0.0,0.0,0.0,0.0
819,0,0.0,-0.000889538948889767,0.0,0.0,-9.953831526117312
819,1,0.0,0.0,0.0,0.0,-0.37248513699741426
819,2,0.0,0.0,0.0,0.0,0.0
819,3,0.0,0.0,0.0,0.0,0.0
819,4,0.0,0.0,0.0,0.0,0.0
820,0,0.0,-0.000889538948889767,0.0,0.0,-9.949782752451423
820,1,0.0,0.0,0.0,0.0,-0.37248513699741426
820,2,0.0,0.0,0.0,0.0,0.0
820,3,0.0,0.0,0.0,0.0,0.0
820,4,0.0,0.0,0.0,0.0,0.0
821,0,0.0,-0.000889538948889767,0.0,0.0,-9.96895810414543
821,1,0.0,0.0,0.0,0.0,-0.37248513699741426
821,2,0.0,0.0,0.0,0.0,0.0
821,3,0.0,0.0,0.0,0.0,0.0
821,4,0.0,0.0,0.0,0.0,0.0
822,0,0.0,-0.000889538948889767,0.0,0.0,-9.96107235813331
822,1,0.0,0.0,0.0,0.0,-0.37248513699741426
822,2,0.0,0.0,0.0,0.0,0.0
822,3,0.0,0.0,0.0,0.0,0.0
822,4,0.0,0.0,0.0,0.0,0.0
823,0,0.0,-0.000889538948889767,0.0,0.0,-9.962214722041855
823,1,0.0,0.0,0.0,0.0,-0.37248513699741426
823,2,0.0,0.0,0.0,0.0,0.0
823,3,0.0,0.0,0.0,0.0,0.0
823,4,0.0,0.0,0.0,0.0,0.0
824,0,0.0,-0.000889538948889767,0.0,0.0,-9.96740753243088
824,1,0.0,0.0,0.0,0.0,-0.37248513699741426
824,2,0.0,0.0,0.0,0.0,0.0
824,3,0.0,0.0,0.0,0.0,0.0
824,4,0.0,0.0,0.0,0.0,0.0
825,0,0.0,-0.000889538948889767,0.0,0.0,-9.982914841905648
825,1,0.0,0.0,0.0,0.0,-0.37248513699741426
825,2,0.0,0.0,0.0,0.0,0.0
825,3,0.0,0.0,0.0,0.0,0.0
825,4,0.0,0.0,0.0,0.0,0.0
826,0,0.0,-0.000889538948889767,0.0,0.0,-9.991370393645132
826,1,0.0,0.0,0.0,0.0,-0.37248513699741426
826,2,0.0,0.0,0.0,0.0,0.0
826,3,0.0,0.0,0.0,0.0,0.0
826,4,0.0,0.0,0.0,0.0,0.0
827,0,0.0,-0.000889538948889767,0.0,0.0,-10.003479597529992
827,1,0.0,0.0,0.0,0.0,-0.37248513699741426
827,2,0.0,0.0,0.0,0.0,0.0
827,3,0.0,0.0,0.0,0.0,0.0
827,4,0.0,0.0,0.0,0.0,0.0
828,0,0.0,-0.000889538948889767,0.0,0.0,-10.010401908628216
828,1,0.0,0.0,0.0,0.0,-0.37248513699741426
828,2,0.0,0.0,0.0,0.0,0.0
828,3,0.0,0.0,0.0,0.0,0.0
828,4,0.0,0.0,0.0,0.0,0.0
829,0,0.0,-0.000889538948889767,0.0,0.0,-10.001107766696082
829,1,0.0,0.0,0.0,0.0,-0.37248513699741426
829,2,0.0,0.0,0.0,0.0,0.0
829,3,0.0,0.0,0.0,0.0,0.0
829,4,0.0,0.0,0.0,0.0,0.0
830,0,0.0,-0.000889538948889767,0.0,0.0,-9.996344192551904
830,1,0.0,0.0,0.0,0.0,-0.37248513699741426
830,2,0.0,0.0,0.0,0.0,0.0
830,3,0.0,0.0,0.0,0.0,0.0
830,4,0.0,0.0,0.0,0.0,0.0
831,0,0.0,-0.000889538948889767,0.0,0.0,-10.000442333043202
831,1,0.0,0.0,0.0,0.0,-0.37248513699741426
831,2,0.0,0.0,0.0,0.0,0.0
831,3,0.0,0.0,0.0,0.0,0.0
831,4,0.0,0.0,0.0,0.0,0.0
832,0,0.0,-0.000889538948889767,0.0,0.0,-9.98406411900859
832,1,0.0,0.0,0.0,0.0,-0.37248513699741426
832,2,0.0,0.0,0.0,0.0,0.0
832,3,0.0,0.0,0.0,0.0,0.0
832,4,0.0,0.0,0.0,0.0,0.0
833,0,0.0,-0.000889538948889767,0.0,0.0,-9.980732657098311
833,1,0.0,0.0,0.0,0.0,-0.37248513699741426
833,2,0.0,0.0,0.0,0.0,0.0
833,3,0.0,0.0,0.0,0.0,0.0
833,4,0.0,0.0,0.0,0.0,0.0
834,0,0.0,-0.000889538948889767,0.0,0.0,-9.987887172537754
834,1,0.0,0.0,0.0,0.0,-0.37248513699741426
834,2,0.0,0.0,0.0,0.0,0.0
834,3,0.0,0.0,0.0,0.0,0.0
834,4,0.0,0.0,0.0,0.0,0.0
835,0,0.0,-0.000889538948889767,0.0,0.0,-9.990532300346507
835,1,0.0,0.0,0.0,0.0,-0.37248513699741426
835,2,0.0,0.0,0.0,0.0,0.0
835,3,0.0,0.0,0.0,0.0,0.0
835,4,0.0,0.0,0.0,0.0,0.0
836,0,0.0,-0.000889538948889767,0.0,0.0,-9.975600697352602
836,1,0.0,0.0,0.0,0.0,-0.37248513699741426
836,2,0.0,0.0,0.0,0.0,0.0
836,3,0.0,0.0,0.0,0.0,0.0
836,4,0.0,0.0,0.0,0.0,0.0
837,0,0.0,-0.000889538948889767,0.0,0.0,-9.97516930245449
837,1,0.0,0.0,0.0,0.0,-0.37248513699741426
837,2,0.0,0.0,0.0,0.0,0.0
837,3,0.0,0.0,0.0,0.0,0.0
837,4,0.0,0.0,0.0,0.0,0.0
838,0,0.0,-0.000889538948889767,0.0,0.0,-9.967358854723368
838,1,0.0,0.0,0.0,0.0,-0.37248513699741426
838,2,0.0,0.0,0.0,0.0,0.0
838,3,0.0,0.0,0.0,0.0,0.0
838,4,0.0,0.0,0.0,0.0,0.0
839,0,0.0,-0.000889538948889767,0.0,0.0,-9.984052454121903
839,1,0.0,0.0,0.0,0.0,-0.37248513699741426
839,2,0.0,0.0,0.0,0.0,0.0
839,3,0.0,0.0,0.0,0.0,0.0
839,4,0.0,0.0,0.0,0.0,0.0
840,0,0.0,-0.000889538948889767,0.0,0.0,-9.983949164219677
840,1,0.0,0.0,0.0,0.0,-0.37248513699741426
840,2,0.0,0.0,0.0,0.0,0.0
840,3,0.0,0.0,0.0,0.0,0.0
840,4,0.0,0.0,0.0,0.0,0.0
841,0,0.0,-0.000889538948889767,0.0,0.0,-9.983700537642306
841,1,0.0,0.0,0.0,0.0,-0.37248513699741426
841,2,0.0,0.0,0.0,0.0,0.0
841,3,0.0,0.0,0.0,0.0,0.0
841,4,0.0,0.0,0.0,0.0,0.0
842,0,0.0,-0.000889538948889767,0.0,0.0,-9.988175626599771
842,1,0.0,0.0,0.0,0.0,-0.37248513699741426
842,2,0.0,0.0,0.0,0.0,0.0
842,3,0.0,0.0,0.0,0.0,0.0
842,4,0.0,0.0,0.0,0.0,0.0
843,0,0.0,-0.000889538948889767,0.0,0.0,-9.988440093716285
843,1,0.0,0.0,0.0,0.0,-0.37248513699741426
843,2,0.0,0.0,0.0,0.0,0.0
843,3,0.0,0.0,0.0,0.0,0.0
843,4,0.0,0.0,0.0,0.0,0.0
844,0,0.0,-0.000889538948889767,0.0,0.0,-9.978363130323014
844,1,0.0,0.0,0.0,0.0,-0.37248513699741426
844,2,0.0,0.0,0.0,0.0,0.0
844,3,0.0,0.0,0.0,0.0,0.0
844,4,0.0,0.0,0.0,0.0,0.0
845,0,0.0,-0.000889538948889767,0.0,0.0,-9.992227007274874
845,1,0.0,0.0,0.0,0.0,-0.37248513699741426
845,2,0.0,0.0,0.0,0.0,0.0
845,3,0.0,0.0,0.0,0.0,0.0
845,4,0.0,0.0,0.0,0.0,0.0
846,0,0.0,-0.000889538948889767,0.0,0.0,-9.989897885909045
846,1,0.0,0.0,0.0,0.0,-0.37248513699741426
846,2,0.0,0.0,0.0,0.0,0.0
846,3,0.0,0.0,0.0,0.0,0.0
846,4,0.0,0.0,0.0,0.0,0.0
847,0,0.0,-0.000889538948889767,0.0,0.0,-9.983673823408422
847,1,0.0,0.0,0.0,0.0,-0.37248513699741426
847,2,0.0,0.0,0.0,0.0,0.0
847,3,0.0,0.0,0.0,0.0,0.0
847,4,0.0,0.0,0.0,0.0,0.0
848,0,0.0,-0.000889538948889767,0.0,0.0,-10.001118926411655
848,1,0.0,0.0,0.0,0.0,-0.37248513699741426
848,2,0.0,0.0,0.0,0.0,0.0
848,3,0.0,0.0,0.0,0.0,0.0
848,4,0.0,0.0,0.0,0.0,0.0
849,0,0.0,-0.000889538948889767,0.0,0.0,-10.010400473942868
849,1,0.0,0.0,0.0,0.0,-0.37248513699741426
849,2,0.0,0.0,0.0,0.0,0.0
849,3,0.0,0.0,0.0,0.0,0.0
849,4,0.0,0.0,0.0,0.0,0.0
850,0,0.0,-0.000889538948889767,0.0,0.0,-10.028419877197628
850,1,0.0,0.0,0.0,0.0,-0.37248513699741426
850,2,0.0,0.0,0.0,0.0,0.0
850,3,0.0,0.0,0.0,0.0,0.0
850,4,0.0,0.0,0.0,0.0,0.0
851,0,0.0,-0.000889538948889767,0.0,0.0,-10.04265481036343
851,1,0.0,0.0,0.0,0.0,-0.37248513699741426
851,2,0.0,0.0,0.0,0.0,0.0
851,3,0.0,0.0,0.0,0.0,0.0
851,4,0.0,0.0,0.0,0.0,0.0
852,0,0.0,-0.000889538948889767,0.0,0.0,-10.067353184706722
852,1,0.0,0.0,0.0,0.0,-0.37248513699741426
852,2,0.0,0.0,0.0,0.0,0.0
852,3,0.0,0.0,0.0,0.0,0.0
852,4,0.0,0.0,0.0,0.0,0.0
853,0,0.0,-0.000889538948889767,0.0,0.0,-10.083192280232652
853,1,0.0,0.0,0.0,0.0,-0.37248513699741426
853,2,0.0,0.0,0.0,0.0,0.0
853,3,0.0,0.0,0.0,0.0,0.0
853,4,0.0,0.0,0.0,0.0,0.0
854,0,0.0,-0.000889538948889767,0.0,0.0,-10.085901318561076
854,1,0.0,0.0,0.0,0.0,-0.37248513699741426
854,2,0.0,0.0,0.0,0.0,0.0
854,3,0.0,0.0,0.0,0.0,0.0
854,4,0.0,0.0,0.0,0.0,0.0
855,0,0.0,-0.000889538948889767,0.0,0.0,-10.095728120063917
855,1,0.0,0.0,0.0,0.0,-0.37248513699741426
855,2,0.0,0.0,0.0,0.0,0.0
855,3,0.0,0.0,0.0,0.0,0.0
855,4,0.0,0.0,0.0,0.0,0.0
856,0,0.0,-0.000889538948889767,0.0,0.0,-10.10339081059267
856,1,0.0,0.0,0.0,0.0,-0.37248513699741426
856,2,0.0,0.0,0.0,0.0,0.0
856,3,0.0,0.0,0.0,0.0,0.0
856,4,0.0,0.0,0.0,0.0,0.0
857,0,0.0,-0.0011185923556702516,0.0,0.0,-10.10339081059267
857,1,0.0,0.0,0.0,0.0,-0.4000853832171226
857,2,0.0,0.0,0.0,0.0,0.0
857,3,0.0,0.0,0.0,0.0,0.0
857,4,0.0,0.0,0.0,0.0,0.0
858,0,0.0,-0.0011185923556702516,0.0,0.0,-10.103936230379267
858,1,0.0,0.0,0.0,0.0,-0.4000853832171226
858,2,0.0,0.0,0.0,0.0,0.0
858,3,0.0,0.0,0.0,0.0,0.0
858,4,0.0,0.0,0.0,0.0,0.0
859,0,0.0,-0.0011185923556702516,0.0,0.0,-10.103660025814934
859,1,0.0,0.0,0.0,0.0,-0.4000853832171226
859,2,0.0,0.0,0.0,0.0,0.0
859,3,0.0,0.0,0.0,0.0,0.0
859,4,0.0,0.0,0.0,0.0,0.0
860,0,0.0,-0.0011185923556702516,0.0,0.0,-10.104247606834893
860,1,0.0,0.0,0.0,0.0,-0.4000853832171226
860,2,0.0,0.0,0.0,0.0,0.0
860,3,0.0,0.0,0.0,0.0,0.0
860,4,0.0,0.0,0.0,0.0,0.0
861,0,0.0,-0.0011185923556702516,0.0,0.0,-10.112519862215084
861,1,0.0,0.0,0.0,0.0,-0.4000853832171226
861,2,0.0,0.0,0.0,0.0,0.0
861,3,0.0,0.0,0.0,0.0,0.0
861,4,0.0,0.0,0.0,0.0,0.0
862,0,0.0,-0.0011185923556702516,0.0,0.0,-10.123787796515472
862,1,0.0,0.0,0.0,0.0,-0.4000853832171226
862,2,0.0,0.0,0.0,0.0,0.0
862,3,0.0,0.0,0.0,0.0,0.0
862,4,0.0,0.0,0.0,0.0,0.0
863,0,0.0,-0.0011185923556702516,0.0,0.0,-10.131476772997686
863,1,0.0,0.0,0.0,0.0,-0.4000853832171226
863,2,0.0,0.0,0.0,0.0,0.0
863,3,0.0,0.0,0.0,0.0,0.0
863,4,0.0,0.0,0.0,0.0,0.0
864,0,0.0,-0.0011185923556702516,0.0,0.0,-10.13629093948657
864,1,0.0,0.0,0.0,0.0,-0.4000853832171226
864,2,0.0,0.0,0.0,0.0,0.0
864,3,0.0,0.0,0.0,0.0,0.0
864,4,0.0,0.0,0.0,0.0,0.0
865,0,0.0,-0.0011185923556702516,0.0,0.0,-10.16313762774161
865,1,0.0,0.0,0.0,0.0,-0.4000853832171226
865,2,0.0,0.0,0.0,0.0,0.0
865,3,0.0,0.0,0.0,0.0,0.0
865,4,0.0,0.0,0.0,0.0,0.0
866,0,0.0,-0.0011185923556702516,0.0,0.0,-10.175988239110103
866,1,0.0,0.0,0.0,0.0,-0.4000853832171226
866,2,0.0,0.0,0.0,0.0,0.0
866,3,0.0,0.0,0.0,0.0,0.0
866,4,0.0,0.0,0.0,0.0,0.0
867,0,0.0,-0.0011185923556702516,0.0,0.0,-10.186324828323599
867,1,0.0,0.0,0.0,0.0,-0.4000853832171226
867,2,0.0,0.0,0.0,0.0,0.0
867,3,0.0,0.0,0.0,0.0,0.0
867,4,0.0,0.0,0.0,0.0,0.0
868,0,0.0,-0.0011185923556702516,0.0,0.0,-10.188741782582671
868,1,0.0,0.0,0.0,0.0,-0.4000853832171226
868,2,0.0,0.0,0.0,0.0,0.0
868,3,0.0,0.0,0.0,0.0,0.0
868,4,0.0,0.0,0.0,0.0,0.0
869,0,0.0,-0.0011185923556702516,0.0,0.0,-10.185885200712761
869,1,0.0,0.0,0.0,0.0,-0.4000853832171226
869,2,0.0,0.0,0.0,0.0,0.0
869,3,0.0,0.0,0.0,0.0,0.0
869,4,0.0,0.0,0.0,0.0,0.0
870,0,0.0,-0.0011185923556702516,0.0,0.0,-10.18732188929721
870,1,0.0,0.0,0.0,0.0,-0.4000853832171226
870,2,0.0,0.0,0.0,0.0,0.0
870,3,0.0,0.0,0.0,0.0,0.0
870,4,0.0,0.0,0.0,0.0,0.0
871,0,0.0,-0.0011185923556702516,0.0,0.0,-10.188881325070271
871,1,0.0,0.0,0.0,0.0,-0.4000853832171226
871,2,0.0,0.0,0.0,0.0,0.0
871,3,0.0,0.0,0.0,0.0,0.0
871,4,0.0,0.0,0.0,0.0,0.0
872,0,0.0,-0.0011185923556702516,0.0,0.0,-10.18897884515432
872,1,0.0,0.0,0.0,0.0,-0.4000853832171226
872,2,0.0,0.0,0.0,0.0,0.0
872,3,0.0,0.0,0.0,0.0,0.0
872,4,0.0,0.0,0.0,0.0,0.0
873,0,0.0,-0.0011185923556702516,0.0,0.0,-10.193897694096519
873,1,0.0,0.0,0.0,0.0,-0.4000853832171226
873,2,0.0,0.0,0.0,0.0,0.0
873,3,0.0,0.0,0.0,0.0,0.0
873,4,0.0,0.0,0.0,0.0,0.0
874,0,0.0,-0.0011185923556702516,0.0,0.0,-10.197802704122205
874,1,0.0,0.0,0.0,0.0,-0.4000853832171226
874,2,0.0,0.0,0.0,0.0,0.0
874,3,0.0,0.0,0.0,0.0,0.0
874,4,0.0,0.0,0.0,0.0,0.0
875,0,0.0,-0.0011185923556702516,0.0,0.0,-10.20097678078067
875,1,0.0,0.0,0.0,0.0,-0.4000853832171226
875,2,0.0,0.0,0.0,0.0,0.0
875,3,0.0,0.0,0.0,0.0,0.0
875,4,0.0,0.0,0.0,0.0,0.0
876,0,0.0,-0.0011185923556702516,0.0,0.0,-10.21017684044745
876,1,0.0,0.0,0.0,0.0,-0.4000853832171226
876,2,0.0,0.0,0.0,0.0,0.0
876,3,0.0,0.0,0.0,0.0,0.0
876,4,0.0,0.0,0.0,0.0,0.0
877,0,0.0,-0.0011185923556702516,0.0,0.0,-10.231293018528143
877,1,0.0,0.0,0.0,0.0,-0.4000853832171226
877,2,0.0,0.0,0.0,0.0,0.0
877,3,0.0,0.0,0.0,0.0,0.0
877,4,0.0,0.0,0.0,0.0,0.0
878,0,0.0,-0.0011185923556702516,0.0,0.0,-10.23577875725266
878,1,0.0,0.0,0.0,0.0,-0.4000853832171226
878,2,0.0,0.0,0.0,0.0,0.0
878,3,0.0,0.0,0.0,0.0,0.0
878,4,0.0,0.0,0.0,0.0,0.0
879,0,0.0,-0.0011185923556702516,0.0,0.0,-10.238310529359028
879,1,0.0,0.0,0.0,0.0,-0.4000853832171226
879,2,0.0,0.0,0.0,0.0,0.0
879,3,0.0,0.0,0.0,0.0,0.0
879,4,0.0,0.0,0.0,0.0,0.0
880,0,0.0,-0.0011185923556702516,0.0,0.0,-10.242680661311919
880,1,0.0,0.0,0.0,0.0,-0.4000853832171226
880,2,0.0,0.0,0.0,0.0,0.0
880,3,0.0,0.0,0.0,0.0,0.0
880,4,0.0,0.0,0.0,0.0,0.0
881,0,0.0,-0.0011185923556702516,0.0,0.0,-10.246349242363655
881,1,0.0,0.0,0.0,0.0,-0.4000853832171226
881,2,0.0,0.0,0.0,0.0,0.0
881,3,0.0,0.0,0.0,0.0,0.0
881,4,0.0,0.0,0.0,0.0,0.0
882,0,0.0,-0.0011185923556702516,0.0,0.0,-10.243411813659254
882,1,0.0,0.0,0.0,0.0,-0.4000853832171226
882,2,0.0,0.0,0.0,0.0,0.0
882,3,0.0,0.0,0.0,0.0,0.0
882,4,0.0,0.0,0.0,0.0,0.0
883,0,0.0,-0.0011185923556702516,0.0,0.0,-10.248777258378848
883,1,0.0,0.0,0.0,0.0,-0.4000853832171226
883,2,0.0,0.0,0.0,0.0,0.0
883,3,0.0,0.0,0.0,0.0,0.0
883,4,0.0,0.0,0.0,0.0,0.0
884,0,0.0,-0.0011185923556702516,0.0,0.0,-10.250656149557964
884,1,0.0,0.0,0.0,0.0,-0.4000853832171226
884,2,0.0,0.0,0.0,0.0,0.0
884,3,0.0,0.0,0.0,0.0,0.0
884,4,0.0,0.0,0.0,0.0,0.0
885,0,0.0,-0.0011185923556702516,0.0,0.0,-10.260641096528774
885,1,0.0,0.0,0.0,0.0,-0.4000853832171226
885,2,0.0,0.0,0.0,0.0,0.0
885,3,0.0,0.0,0.0,0.0,0.0
885,4,0.0,0.0,0.0,0.0,0.0
886,0,0.0,-0.0011185923556702516,0.0,0.0,-10.259743972893125
886,1,0.0,0.0,0.0,0.0,-0.4000853832171226
886,2,0.0,0.0,0.0,0.0,0.0
886,3,0.0,0.0,0.0,0.0,0.0
886,4,0.0,0.0,0.0,0.0,0.0
887,0,0.0,-0.0011185923556702516,0.0,0.0,-10.256249468331848
887,1,0.0,0.0,0.0,0.0,-0.4000853832171226
887,2,0.0,0.0,0.0,0.0,0.0
887,3,0.0,0.0,0.0,0.0,0.0
887,4,0.0,0.0,0.0,0.0,0.0
888,0,0.0,-0.0011185923556702516,0.0,0.0,-10.260326884863488
888,1,0.0,0.0,0.0,0.0,-0.4000853832171226
888,2,0.0,0.0,0.0,0.0,0.0
888,3,0.0,0.0,0.0,0.0,0.0
888,4,0.0,0.0,0.0,0.0,0.0
889,0,0.0,-0.0011185923556702516,0.0,0.0,-10.269588485723412
889,1,0.0,0.0,0.0,0.0,-0.4000853832171226
889,2,0.0,0.0,0.0,0.0,0.0
889,3,0.0,0.0,0.0,0.0,0.0
889,4,0.0,0.0,0.0,0.0,0.0
890,0,0.0,-0.0011185923556702516,0.0,0.0,-10.267267665462457
890,1,0.0,0.0,0.0,0.0,-0.4000853832171226
890,2,0.0,0.0,0.0,0.0,0.0
890,3,0.0,0.0,0.0,0.0,0.0
890,4,0.0,0.0,0.0,0.0,0.0
891,0,0.0,-0.0011185923556702516,0.0,0.0,-10.27014360997075
891,1,0.0,0.0,0.0,0.0,-0.4000853832171226
891,2,0.0,0.0,0.0,0.0,0.0
891,3,0.0,0.0,0.0,0.0,0.0
891,4,0.0,0.0,0.0,0.0,0.0
892,0,0.0,-0.0011185923556702516,0.0,0.0,-10.267525394905729
892,1,0.0,0.0,0.0,0.0,-0.4000853832171226
892,2,0.0,0.0,0.0,0.0,0.0
892,3,0.0,0.0,0.0,0.0,0.0
892,4,0.0,0.0,0.0,0.0,0.0
893,0,0.0,-0.0011185923556702516,0.0,0.0,-10.27277452547653
893,1,0.0,0.0,0.0,0.0,-0.4000853832171226
893,2,0.0,0.0,0.0,0.0,0.0
893,3,0.0,0.0,0.0,0.0,0.0
893,4,0.0,0.0,0.0,0.0,0.0
894,0,0.0,-0.0011185923556702516,0.0,0.0,-10.28597923769669
894,1,0.0,0.0,0.0,0.0,-0.4000853832171226
894,2,0.0,0.0,0.0,0.0,0.0
894,3,0.0,0.0,0.0,0.0,0.0
894,4,0.0,0.0,0.0,0.0,0.0
895,0,0.0,-0.0011185923556702516,0.0,0.0,-10.284925776011852
895,1,0.0,0.0,0.0,0.0,-0.4000853832171226
895,2,0.0,0.0,0.0,0.0,0.0
895,3,0.0,0.0,0.0,0.0,0.0
895,4,0.0,0.0,0.0,0.0,0.0
896,0,0.0,-0.0011185923556702516,0.0,0.0,-10.286275125937653
896,1,0.0,0.0,0.0,0.0,-0.4000853832171226
896,2,0.0,0.0,0.0,0.0,0.0
896,3,0.0,0.0,0.0,0.0,0.0
896,4,0.0,0.0,0.0,0.0,0.0
897,0,0.0,-0.0011185923556702516,0.0,0.0,-10.289263072606392
897,1,0.0,0.0,0.0,0.0,-0.4000853832171226
897,2,0.0,0.0,0.0,0.0,0.0
897,3,0.0,0.0,0.0,0.0,0.0
897,4,0.0,0.0,0.0,0.0,0.0
898,0,0.0,-0.0011185923556702516,0.0,0.0,-10.28255176810489
898,1,0.0,0.0,0.0,0.0,-0.4000853832171226
898,2,0.0,0.0,0.0,0.0,0.0
898,3,0.0,0.0,0.0,0.0,0.0
898,4,0.0,0.0,0.0,0.0,0.0
899,0,0.0,-0.0011185923556702516,0.0,0.0,-10.288393460266532
899,1,0.0,0.0,0.0,0.0,-0.4000853832171226
899,2,0.0,0.0,0.0,0.0,0.0
899,3,0.0,0.0,0.0,0.0,0.0
899,4,0.0,0.0,0.0,0.0,0.0
900,0,0.0,-0.0011185923556702516,0.0,0.0,-10.28458679893571
900,1,0.0,0.0,0.0,0.0,-0.4000853832171226
900,2,0.0,0.0,0.0,0.0,0.0
900,3,0.0,0.0,0.0,0.0,0.0
900,4,0.0,0.0,0.0,0.0,0.0
901,0,0.0,-0.0011185923556702516,0.0,0.0,-10.303108417596832
901,1,0.0,0.0,0.0,0.0,-0.4000853832171226
901,2,0.0,0.0,0.0,0.0,0.0
901,3,0.0,0.0,0.0,0.0,0.0
901,4,0.0,0.0,0.0,0.0,0.0
902,0,0.0,-0.0011185923556702516,0.0,0.0,-10.305626160295178
902,1,0.0,0.0,0.0,0.0,-0.4000853832171226
902,2,0.0,0.0,0.0,0.0,0.0
902,3,0.0,0.0,0.0,0.0,0.0
902,4,0.0,0.0,0.0,0.0,0.0
903,0,0.0,-0.0011185923556702516,0.0,0.0,-10.306929003494048
903,1,0.0,0.0,0.0,0.0,-0.4000853832171226
903,2,0.0,0.0,0.0,0.0,0.0
903,3,0.0,0.0,0.0,0.0,0.0
903,4,0.0,0.0,0.0,0.0,0.0
904,0,0.0,-0.0011185923556702516,0.0,0.0,-10.311920642068872
904,1,0.0,0.0,0.0,0.0,-0.4000853832171226
904,2,0.0,0.0,0.0,0.0,0.0
904,3,0.0,0.0,0.0,0.0,0.0
904,4,0.0,0.0,0.0,0.0,0.0
905,0,0.0,-0.0011185923556702516,0.0,0.0,-10.313780951359654
905,1,0.0,0.0,0.0,0.0,-0.4000853832171226
905,2,0.0,0.0,0.0,0.0,0.0
905,3,0.0,0.0,0.0,0.0,0.0
905,4,0.0,0.0,0.0,0.0,0.0
906,0,0.0,-0.0011185923556702516,0.0,0.0,-10.317423982052334
906,1,0.0,0.0,0.0,0.0,-0.4000853832171226
906,2,0.0,0.0,0.0,0.0,0.0
906,3,0.0,0.0,0.0,0.0,0.0
906,4,0.0,0.0,0.0,0.0,0.0
907,0,0.0,-0.0011185923556702516,0.0,0.0,-10.323496931580054
907,1,0.0,0.0,0.0,0.0,-0.4000853832171226
907,2,0.0,0.0,0.0,0.0,0.0
907,3,0.0,0.0,0.0,0.0,0.0
907,4,0.0,0.0,0.0,0.0,0.0
908,0,0.0,-0.0013825147178223884,0.0,0.0,-10.323496931580054
908,1,0.0,0.0,0.0,0.0,-0.43968658645395875
908,2,0.0,0.0,0.0,0.0,0.0
908,3,0.0,0.0,0.0,0.0,0.0
908,4,0.0,0.0,0.0,0.0,0.0
909,0,0.0,-0.0013825147178223884,0.0,0.0,-10.322361599769351
909,1,0.0,0.0,0.0,0.0,-0.43968658645395875
909,2,0.0,0.0,0.0,0.0,0.0
909,3,0.0,0.0,0.0,0.0,0.0
909,4,0.0,0.0,0.0,0.0,0.0
910,0,0.0,-0.0013825147178223884,0.0,0.0,-10.325623384965679
910,1,0.0,0.0,0.0,0.0,-0.43968658645395875
910,2,0.0,0.0,0.0,0.0,0.0
910,3,0.0,0.0,0.0,0.0,0.0
910,4,0.0,0.0,0.0,0.0,0.0
911,0,0.0,-0.0013825147178223884,0.0,0.0,-10.32175113985456
911,1,0.0,0.0,0.0,0.0,-0.43968658645395875
911,2,0.0,0.0,0.0,0.0,0.0
911,3,0.0,0.0,0.0,0.0,0.0
911,4,0.0,0.0,0.0,0.0,0.0
912,0,0.0,-0.0013825147178223884,0.0,0.0,-10.304636648088712
912,1,0.0,0.0,0.0,0.0,-0.43968658645395875
912,2,0.0,0.0,0.0,0.0,0.0
912,3,0.0,0.0,0.0,0.0,0.0
912,4,0.0,0.0,0.0,0.0,0.0
913,0,0.0,-0.0013825147178223884,0.0,0.0,-10.305557753159988
913,1,0.0,0.0,0.0,0.0,-0.43968658645395875
913,2,0.0,0.0,0.0,0.0,0.0
913,3,0.0,0.0,0.0,0.0,0.0
913,4,0.0,0.0,0.0,0.0,0.0
914,0,0.0,-0.0013825147178223884,0.0,0.0,-10.309199196596706
914,1,0.0,0.0,0.0,0.0,-0.43968658645395875
914,2,0.0,0.0,0.0,0.0,0.0
914,3,0.0,0.0,0.0,0.0,0.0
914,4,0.0,0.0,0.0,0.0,0.0
915,0,0.0,-0.0013825147178223884,0.0,0.0,-10.324580445575195
915,1,0.0,0.0,0.0,0.0,-0.43968658645395875
915,2,0.0,0.0,0.0,0.0,0.0
915,3,0.0,0.0,0.0,0.0,0.0
915,4,0.0,0.0,0.0,0.0,0.0
916,0,0.0,-0.0013825147178223884,0.0,0.0,-10.326967636982369
916,1,0.0,0.0,0.0,0.0,-0.43968658645395875
916,2,0.0,0.0,0.0,0.0,0.0
916,3,0.0,0.0,0.0,0.0,0.0
916,4,0.0,0.0,0.0,0.0,0.0
917,0,0.0,-0.0013825147178223884,0.0,0.0,-10.324315532226942
917,1,0.0,0.0,0.0,0.0,-0.43968658645395875
917,2,0.0,0.0,0.0,0.0,0.0
917,3,0.0,0.0,0.0,0.0,0.0
917,4,0.0,0.0,0.0,0.0,0.0
918,0,0.0,-0.0013825147178223884,0.0,0.0,-10.330475570371172
918,1,0.0,0.0,0.0,0.0,-0.43968658645395875
918,2,0.0,0.0,0.0,0.0,0.0
918,3,0.0,0.0,0.0,0.0,0.0
918,4,0.0,0.0,0.0,0.0,0.0
919,0,0.0,-0.0013825147178223884,0.0,0.0,-10.33922609043826
919,1,0.0,0.0,0.0,0.0,-0.43968658645395875
919,2,0.0,0.0,0.0,0.0,0.0
919,3,0.0,0.0,0.0,0.0,0.0
919,4,0.0,0.0,0.0,0.0,0.0
920,0,0.0,-0.0013825147178223884,0.0,0.0,-10.356260314625922
920,1,0.0,0.0,0.0,0.0,-0.43968658645395875
920,2,0.0,0.0,0.0,0.0,0.0
920,3,0.0,0.0,0.0,0.0,0.0
920,4,0.0,0.0,0.0,0.0,0.0
921,0,0.0,-0.0013825147178223884,0.0,0.0,-10.357508508825374
921,1,0.0,0.0,0.0,0.0,-0.43968658645395875
921,2,0.0,0.0,0.0,0.0,0.0
921,3,0.0,0.0,0.0,0.0,0.0
921,4,0.0,0.0,0.0,0.0,0.0
922,0,0.0,-0.0013825147178223884,0.0,0.0,-10.368232252839169
922,1,0.0,0.0,0.0,0.0,-0.43968658645395875
922,2,0.0,0.0,0.0,0.0,0.0
922,3,0.0,0.0,0.0,0.0,0.0
922,4,0.0,0.0,0.0,0.0,0.0
923,0,0.0,-0.0013825147178223884,0.0,0.0,-10.374490687330756
923,1,0.0,0.0,0.0,0.0,-0.43968658645395875
923,2,0.0,0.0,0.0,0.0,0.0
923,3,0.0,0.0,0.0,0.0,0.0
923,4,0.0,0.0,0.0,0.0,0.0
924,0,0.0,-0.0013825147178223884,0.0,0.0,-10.373273204936298
924,1,0.0,0.0,0.0,0.0,-0.43968658645395875
924,2,0.0,0.0,0.0,0.0,0.0
924,3,0.0,0.0,0.0,0.0,0.0
924,4,0.0,0.0,0.0,0.0,0.0
925,0,0.0,-0.0013825147178223884,0.0,0.0,-10.391202444012787
925,1,0.0,0.0,0.0,0.0,-0.43968658645395875
925,2,0.0,0.0,0.0,0.0,0.0
925,3,0.0,0.0,0.0,0.0,0.0
925,4,0.0,0.0,0.0,0.0,0.0
926,0,0.0,-0.0013825147178223884,0.0,0.0,-10.39715409738993
926,1,0.0,0.0,0.0,0.0,-0.43968658645395875
926,2,0.0,0.0,0.0,0.0,0.0
926,3,0.0,0.0,0.0,0.0,0.0
926,4,0.0,0.0,0.0,0.0,0.0
927,0,0.0,-0.0013825147178223884,0.0,0.0,-10.40556015008583
927,1,0.0,0.0,0.0,0.0,-0.43968658645395875
927,2,0.0,0.0,0.0,0.0,0.0
927,3,0.0,0.0,0.0,0.0,0.0
927,4,0.0,0.0,0.0,0.0,0.0
928,0,0.0,-0.0013825147178223884,0.0,0.0,-10.415870345151573
928,1,0.0,0.0,0.0,0.0,-0.43968658645395875
928,2,0.0,0.0,0.0,0.0,0.0
928,3,0.0,0.0,0.0,0.0,0.0
928,4,0.0,0.0,0.0,0.0,0.0
929,0,0.0,-0.0013825147178223884,0.0,0.0,-10.417898657574446
929,1,0.0,0.0,0.0,0.0,-0.43968658645395875
929,2,0.0,0.0,0.0,0.0,0.0
929,3,0.0,0.0,0.0,0.0,0.0
929,4,0.0,0.0,0.0,0.0,0.0
930,0,0.0,-0.0013825147178223884,0.0,0.0,-10.43308516997498
930,1,0.0,0.0,0.0,0.0,-0.43968658645395875
930,2,0.0,0.0,0.0,0.0,0.0
930,3,0.0,0.0,0.0,0.0,0.0
930,4,0.0,0.0,0.0,0.0,0.0
931,0,0.0,-0.0013825147178223884,0.0,0.0,-10.434990331951065
931,1,0.0,0.0,0.0,0.0,-0.43968658645395875
931,2,0.0,0.0,0.0,0.0,0.0
931,3,0.0,0.0,0.0,0.0,0.0
931,4,0.0,0.0,0.0,0.0,0.0
932,0,0.0,-0.0013825147178223884,0.0,0.0,-10.438263049464702
932,1,0.0,0.0,0.0,0.0,-0.43968658645395875
932,2,0.0,0.0,0.0,0.0,0.0
932,3,0.0,0.0,0.0,0.0,0.0
932,4,0.0,0.0,0.0,0.0,0.0
933,0,0.0,-0.0013825147178223884,0.0,0.0,-10.442285572133994
933,1,0.0,0.0,0.0,0.0,-0.43968658645395875
933,2,0.0,0.0,0.0,0.0,0.0
933,3,0.0,0.0,0.0,0.0,0.0
933,4,0.0,0.0,0.0,0.0,0.0
934,0,0.0,-0.0013825147178223884,0.0,0.0,-10.450336527959733
934,1,0.0,0.0,0.0,0.0,-0.43968658645395875
934,2,0.0,0.0,0.0,0.0,0.0
934,3,0.0,0.0,0.0,0.0,0.0
934,4,0.0,0.0,0.0,0.0,0.0
935,0,0.0,-0.0013825147178223884,0.0,0.0,-10.465346848888613
935,1,0.0,0.0,0.0,0.0,-0.43968658645395875
935,2,0.0,0.0,0.0,0.0,0.0
935,3,0.0,0.0,0.0,0.0,0.0
935,4,0.0,0.0,0.0,0.0,0.0
936,0,0.0,-0.0013825147178223884,0.0,0.0,-10.484710695890676
936,1,0.0,0.0,0.0,0.0,-0.43968658645395875
936,2,0.0,0.0,0.0,0.0,0.0
936,3,0.0,0.0,0.0,0.0,0.0
936,4,0.0,0.0,0.0,0.0,0.0
937,0,0.0,-0.0013825147178223884,0.0,0.0,-10.500201209949566
937,1,0.0,0.0,0.0,0.0,-0.43968658645395875
937,2,0.0,0.0,0.0,0.0,0.0
937,3,0.0,0.0,0.0,0.0,0.0
937,4,0.0,0.0,0.0,0.0,0.0
938,0,0.0,-0.0013825147178223884,0.0,0.0,-10.506194017532243
938,1,0.0,0.0,0.0,0.0,-0.43968658645395875
938,2,0.0,0.0,0.0,0.0,0.0
938,3,0.0,0.0,0.0,0.0,0.0
938,4,0.0,0.0,0.0,0.0,0.0
939,0,0.0,-0.0013825147178223884,0.0,0.0,-10.515788551924182
939,1,0.0,0.0,0.0,0.0,-0.43968658645395875
939,2,0.0,0.0,0.0,0.0,0.0
939,3,0.0,0.0,0.0,0.0,0.0
939,4,0.0,0.0,0.0,0.0,0.0
940,0,0.0,-0.0013825147178223884,0.0,0.0,-10.51328172707559
940,1,0.0,0.0,0.0,0.0,-0.43968658645395875
940,2,0.0,0.0,0.0,0.0,0.0
940,3,0.0,0.0,0.0,0.0,0.0
940,4,0.0,0.0,0.0,0.0,0.0
941,0,0.0,-0.0013825147178223884,0.0,0.0,-10.51444365378497
941,1,0.0,0.0,0.0,0.0,-0.43968658645395875
941,2,0.0,0.0,0.0,0.0,0.0
941,3,0.0,0.0,0.0,0.0,0.0
941,4,0.0,0.0,0.0,0.0,0.0
942,0,0.0,-0.0013825147178223884,0.0,0.0,-10.512741661325997
942,1,0.0,0.0,0.0,0.0,-0.43968658645395875
942,2,0.0,0.0,0.0,0.0,0.0
942,3,0.0,0.0,0.0,0.0,0.0
942,4,0.0,0.0,0.0,0.0,0.0
943,0,0.0,-0.0013825147178223884,0.0,0.0,-10.513455659112722
943,1,0.0,0.0,0.0,0.0,-0.43968658645395875
943,2,0.0,0.0,0.0,0.0,0.0
943,3,0.0,0.0,0.0,0.0,0.0
943,4,0.0,0.0,0.0,0.0,0.0
944,0,0.0,-0.0013825147178223884,0.0,0.0,-10.50971719316136
944,1,0.0,0.0,0.0,0.0,-0.43968658645395875
944,2,0.0,0.0,0.0,0.0,0.0
944,3,0.0,0.0,0.0,0.0,0.0
944,4,0.0,0.0,0.0,0.0,0.0
945,0,0.0,-0.0013825147178223884,0.0,0.0,-10.510792631793883
945,1,0.0,0.0,0.0,0.0,-0.43968658645395875
945,2,0.0,0.0,0.0,0.0,0.0
945,3,0.0,0.0,0.0,0.0,0.0
945,4,0.0,0.0,0.0,0.0,0.0
946,0,0.0,-0.0013825147178223884,0.0,0.0,-10.516674272619985
946,1,0.0,0.0,0.0,0.0,-0.43968658645395875
946,2,0.0,0.0,0.0,0.0,0.0
946,3,0.0,0.0,0.0,0.0,0.0
946,4,0.0,0.0,0.0,0.0,0.0
947,0,0.0,-0.0013825147178223884,0.0,0.0,-10.513101135642657
947,1,0.0,0.0,0.0,0.0,-0.43968658645395875
947,2,0.0,0.0,0.0,0.0,0.0
947,3,0.0,0.0,0.0,0.0,0.0
947,4,0.0,0.0,0.0,0.0,0.0
948,0,0.0,-0.0013825147178223884,0.0,0.0,-10.514770336795506
948,1,0.0,0.0,0.0,0.0,-0.43968658645395875
948,2,0.0,0.0,0.0,0.0,0.0
948,3,0.0,0.0,0.0,0.0,0.0
948,4,0.0,0.0,0.0,0.0,0.0
949,0,0.0,-0.0013825147178223884,0.0,0.0,-10.51675702340414
949,1,0.0,0.0,0.0,0.0,-0.43968658645395875
949,2,0.0,0.0,0.0,0.0,0.0
949,3,0.0,0.0,0.0,0.0,0.0
949,4,0.0,0.0,0.0,0.0,0.0
950,0,0.0,-0.0013825147178223884,0.0,0.0,-10.518092132480765
950,1,0.0,0.0,0.0,0.0,-0.43968658645395875
950,2,0.0,0.0,0.0,0.0,0.0
950,3,0.0,0.0,0.0,0.0,0.0
950,4,0.0,0.0,0.0,0.0,0.0
951,0,0.0,-0.0013825147178223884,0.0,0.0,-10.51256851090654
951,1,0.0,0.0,0.0,0.0,-0.43968658645395875
951,2,0.0,0.0,0.0,0.0,0.0
951,3,0.0,0.0,0.0,0.0,0.0
951,4,0.0,0.0,0.0,0.0,0.0
952,0,0.0,-0.0013825147178223884,0.0,0.0,-10.521526326660023
952,1,0.0,0.0,0.0,0.0,-0.43968658645395875
952,2,0.0,0.0,0.0,0.0,0.0
952,3,0.0,0.0,0.0,0.0,0.0
952,4,0.0,0.0,0.0,0.0,0.0
953,0,0.0,-0.0013825147178223884,0.0,0.0,-10.506228742079351
953,1,0.0,0.0,0.0,0.0,-0.43968658645395875
953,2,0.0,0.0,0.0,0.0,0.0
953,3,0.0,0.0,0.0,0.0,0.0
953,4,0.0,0.0,0.0,0.0,0.0
954,0,0.0,-0.0013825147178223884,0.0,0.0,-10.513007037110109
954,1,0.0,0.0,0.0,0.0,-0.43968658645395875
954,2,0.0,0.0,0.0,0.0,0.0
954,3,0.0,0.0,0.0,0.0,0.0
954,4,0.0,0.0,0.0,0.0,0.0
955,0,0.0,-0.0013825147178223884,0.0,0.0,-10.524923989326709
955,1,0.0,0.0,0.0,0.0,-0.43968658645395875
955,2,0.0,0.0,0.0,0.0,0.0
955,3,0.0,0.0,0.0,0.0,0.0
955,4,0.0,0.0,0.0,0.0,0.0
956,0,0.0,-0.0013825147178223884,0.0,0.0,-10.54346510255788
956,1,0.0,0.0,0.0,0.0,-0.43968658645395875
956,2,0.0,0.0,0.0,0.0,0.0
956,3,0.0,0.0,0.0,0.0,0.0
956,4,0.0,0.0,0.0,0.0,0.0
957,0,0.0,-0.0013825147178223884,0.0,0.0,-10.542947535595957
957,1,0.0,0.0,0.0,0.0,-0.43968658645395875
957,2,0.0,0.0,0.0,0.0,0.0
957,3,0.0,0.0,0.0,0.0,0.0
957,4,0.0,0.0,0.0,0.0,0.0
958,0,0.0,-0.0013825147178223884,0.0,0.0,-10.552989471863857
958,1,0.0,0.0,0.0,0.0,-0.43968658645395875
958,2,0.0,0.0,0.0,0.0,0.0
958,3,0.0,0.0,0.0,0.0,0.0
958,4,0.0,0.0,0.0,0.0,0.0
959,0,0.0,-0.0013825147178223884,0.0,0.0,-10.548572057433434
959,1,0.0,0.0,0.0,0.0,-0.43968658645395875
959,2,0.0,0.0,0.0,0.0,0.0
959,3,0.0,0.0,0.0,0.0,0.0
959,4,0.0,0.0,0.0,0.0,0.0
960,0,0.0,-0.0013825147178223884,0.0,0.0,-10.543945551060437
960,1,0.0,0.0,0.0,0.0,-0.43968658645395875
960,2,0.0,0.0,0.0,0.0,0.0
960,3,0.0,0.0,0.0,0.0,0.0
960,4,0.0,0.0,0.0,0.0,0.0
961,0,0.0,-0.0013825147178223884,0.0,0.0,-10.532493272830083
961,1,0.0,0.0,0.0,0.0,-0.43968658645395875
961,2,0.0,0.0,0.0,0.0,0.0
961,3,0.0,0.0,0.0,0.0,0.0
961,4,0.0,0.0,0.0,0.0,0.0
962,0,0.0,-0.0013825147178223884,0.0,0.0,-10.530387679961308
962,1,0.0,0.0,0.0,0.0,-0.43968658645395875
962,2,0.0,0.0,0.0,0.0,0.0
962,3,0.0,0.0,0.0,0.0,0.0
962,4,0.0,0.0,0.0,0.0,0.0
963,0,0.0,-0.0013825147178223884,0.0,0.0,-10.523476856440235
963,1,0.0,0.0,0.0,0.0,-0.43968658645395875
963,2,0.0,0.0,0.0,0.0,0.0
963,3,0.0,0.0,0.0,0.0,0.0
963,4,0.0,0.0,0.0,0.0,0.0
964,0,0.0,-0.0013825147178223884,0.0,0.0,-10.547868590775375
964,1,0.0,0.0,0.0,0.0,-0.43968658645395875
964,2,0.0,0.0,0.0,0.0,0.0
964,3,0.0,0.0,0.0,0.0,0.0
964,4,0.0,0.0,0.0,0.0,0.0
965,0,0.0,-0.0013825147178223884,0.0,0.0,-10.549110232999764
965,1,0.0,0.0,0.0,0.0,-0.43968658645395875
965,2,0.0,0.0,0.0,0.0,0.0
965,3,0.0,0.0,0.0,0.0,0.0
965,4,0.0,0.0,0.0,0.0,0.0
966,0,0.0,-0.0013825147178223884,0.0,0.0,-10.553341791191789
966,1,0.0,0.0,0.0,0.0,-0.43968658645395875
966,2,0.0,0.0,0.0,0.0,0.0
966,3,0.0,0.0,0.0,0.0,0.0
966,4,0.0,0.0,0.0,0.0,0.0
967,0,0.0,-0.0013825147178223884,0.0,0.0,-10.554913798081474
967,1,0.0,0.0,0.0,0.0,-0.43968658645395875
967,2,0.0,0.0,0.0,0.0,0.0
967,3,0.0,0.0,0.0,0.0,0.0
967,4,0.0,0.0,0.0,0.0,0.0
968,0,0.0,-0.0013825147178223884,0.0,0.0,-10.58322785157564
968,1,0.0,0.0,0.0,0.0,-0.43968658645395875
968,2,0.0,0.0,0.0,0.0,0.0
968,3,0.0,0.0,0.0,0.0,0.0
968,4,0.0,0.0,0.0,0.0,0.0
969,0,0.0,-0.0013825147178223884,0.0,0.0,-10.589336120221912
969,1,0.0,0.0,0.0,0.0,-0.43968658645395875
969,2,0.0,0.0,0.0,0.0,0.0
969,3,0.0,0.0,0.0,0.0,0.0
969,4,0.0,0.0,0.0,0.0,0.0
970,0,0.0,-0.0013825147178223884,0.0,0.0,-10.595272453494884
970,1,0.0,0.0,0.0,0.0,-0.43968658645395875
970,2,0.0,0.0,0.0,0.0,0.0
970,3,0.0,0.0,0.0,0.0,0.0
970,4,0.0,0.0,0.0,0.0,0.0
971,0,0.0,-0.0013825147178223884,0.0,0.0,-10.609193212296567
971,1,0.0,0.0,0.0,0.0,-0.43968658645395875
971,2,0.0,0.0,0.0,0.0,0.0
971,3,0.0,0.0,0.0,0.0,0.0
971,4,0.0,0.0,0.0,0.0,0.0
972,0,0.0,-0.0013825147178223884,0.0,0.0,-10.619720597972044
972,1,0.0,0.0,0.0,0.0,-0.43968658645395875
972,2,0.0,0.0,0.0,0.0,0.0
972,3,0.0,0.0,0.0,0.0,0.0
972,4,0.0,0.0,0.0,0.0,0.0
973,0,0.0,-0.0013825147178223884,0.0,0.0,-10.629136727438551
973,1,0.0,0.0,0.0,0.0,-0.43968658645395875
973,2,0.0,0.0,0.0,0.0,0.0
973,3,0.0,0.0,0.0,0.0,0.0
973,4,0.0,0.0,0.0,0.0,0.0
974,0,0.0,-0.0013825147178223884,0.0,0.0,-10.649246353314712
974,1,0.0,0.0,0.0,0.0,-0.43968658645395875
974,2,0.0,0.0,0.0,0.0,0.0
974,3,0.0,0.0,0.0,0.0,0.0
974,4,0.0,0.0,0.0,0.0,0.0
975,0,0.0,-0.0013825147178223884,0.0,0.0,-10.64322639081634
975,1,0.0,0.0,0.0,0.0,-0.43968658645395875
975,2,0.0,0.0,0.0,0.0,0.0
975,3,0.0,0.0,0.0,0.0,0.0
975,4,0.0,0.0,0.0,0.0,0.0
976,0,0.0,-0.0013825147178223884,0.0,0.0,-10.65110686005034
976,1,0.0,0.0,0.0,0.0,-0.43968658645395875
976,2,0.0,0.0,0.0,0.0,0.0
976,3,0.0,0.0,0.0,0.0,0.0
976,4,0.0,0.0,0.0,0.0,0.0
977,0,0.0,-0.0013825147178223884,0.0,0.0,-10.655243235518883
977,1,0.0,0.0,0.0,0.0,-0.43968658645395875
977,2,0.0,0.0,0.0,0.0,0.0
977,3,0.0,0.0,0.0,0.0,0.0
977,4,0.0,0.0,0.0,0.0,0.0
978,0,0.0,-0.0013825147178223884,0.0,0.0,-10.657952410593458
978,1,0.0,0.0,0.0,0.0,-0.43968658645395875
978,2,0.0,0.0,0.0,0.0,0.0
978,3,0.0,0.0,0.0,0.0,0.0
978,4,0.0,0.0,0.0,0.0,0.0
979,0,0.0,-0.0013825147178223884,0.0,0.0,-10.660393698544603
979,1,0.0,0.0,0.0,0.0,-0.43968658645395875
979,2,0.0,0.0,0.0,0.0,0.0
979,3,0.0,0.0,0.0,0.0,0.0
979,4,0.0,0.0,0.0,0.0,0.0
980,0,0.0,-0.0013825147178223884,0.0,0.0,-10.660285746486162
980,1,0.0,0.0,0.0,0.0,-0.43968658645395875
980,2,0.0,0.0,0.0,0.0,0.0
980,3,0.0,0.0,0.0,0.0,0.0
980,4,0.0,0.0,0.0,0.0,0.0
981,0,0.0,-0.0013825147178223884,0.0,0.0,-10.665735379726218
981,1,0.0,0.0,0.0,0.0,-0.43968658645395875
981,2,0.0,0.0,0.0,0.0,0.0
981,3,0.0,0.0,0.0,0.0,0.0
981,4,0.0,0.0,0.0,0.0,0.0
982,0,0.0,-0.0013825147178223884,0.0,0.0,-10.684928373984162
982,1,0.0,0.0,0.0,0.0,-0.43968658645395875
982,2,0.0,0.0,0.0,0.0,0.0
982,3,0.0,0.0,0.0,0.0,0.0
982,4,0.0,0.0,0.0,0.0,0.0
983,0,0.0,-0.0013825147178223884,0.0,0.0,-10.68357177365378
983,1,0.0,0.0,0.0,0.0,-0.43968658645395875
983,2,0.0,0.0,0.0,0.0,0.0
983,3,0.0,0.0,0.0,0.0,0.0
983,4,0.0,0.0,0.0,0.0,0.0
984,0,0.0,-0.0013825147178223884,0.0,0.0,-10.69669938306988
984,1,0.0,0.0,0.0,0.0,-0.43968658645395875
984,2,0.0,0.0,0.0,0.0,0.0
984,3,0.0,0.0,0.0,0.0,0.0
984,4,0.0,0.0,0.0,0.0,0.0
985,0,0.0,-0.0013825147178223884,0.0,0.0,-10.699904059827858
985,1,0.0,0.0,0.0,0.0,-0.43968658645395875
985,2,0.0,0.0,0.0,0.0,0.0
985,3,0.0,0.0,0.0,0.0,0.0
985,4,0.0,0.0,0.0,0.0,0.0
986,0,0.0,-0.0013825147178223884,0.0,0.0,-10.700964405987706
986,1,0.0,0.0,0.0,0.0,-0.43968658645395875
986,2,0.0,0.0,0.0,0.0,0.0
986,3,0.0,0.0,0.0,0.0,0.0
986,4,0.0,0.0,0.0,0.0,0.0
987,0,0.0,-0.0013825147178223884,0.0,0.0,-10.699923125186885
987,1,0.0,0.0,0.0,0.0,-0.43968658645395875
987,2,0.0,0.0,0.0,0.0,0.0
987,3,0.0,0.0,0.0,0.0,0.0
987,4,0.0,0.0,0.0,0.0,0.0
988,0,0.0,-0.0013825147178223884,0.0,0.0,-10.702072920890215
988,1,0.0,0.0,0.0,0.0,-0.43968658645395875
988,2,0.0,0.0,0.0,0.0,0.0
988,3,0.0,0.0,0.0,0.0,0.0
988,4,0.0,0.0,0.0,0.0,0.0
989,0,0.0,-0.0013825147178223884,0.0,0.0,-10.701690736913914
989,1,0.0,0.0,0.0,0.0,-0.43968658645395875
989,2,0.0,0.0,0.0,0.0,0.0
989,3,0.0,0.0,0.0,0.0,0.0
989,4,0.0,0.0,0.0,0.0,0.0
990,0,0.0,-0.0013825147178223884,0.0,0.0,-10.710736635502737
990,1,0.0,0.0,0.0,0.0,-0.43968658645395875
990,2,0.0,0.0,0.0,0.0,0.0
990,3,0.0,0.0,0.0,0.0,0.0
990,4,0.0,0.0,0.0,0.0,0.0
991,0,0.0,-0.0013825147178223884,0.0,0.0,-10.703693588086137
991,1,0.0,0.0,0.0,0.0,-0.43968658645395875
991,2,0.0,0.0,0.0,0.0,0.0
991,3,0.0,0.0,0.0,0.0,0.0
991,4,0.0,0.0,0.0,0.0,0.0
992,0,0.0,-0.0013825147178223884,0.0,0.0,-10.732231295743931
992,1,0.0,0.0,0.0,0.0,-0.43968658645395875
992,2,0.0,0.0,0.0,0.0,0.0
992,3,0.0,0.0,0.0,0.0,0.0
992,4,0.0,0.0,0.0,0.0,0.0
993,0,0.0,-0.0013825147178223884,0.0,0.0,-10.744286052274326
993,1,0.0,0.0,0.0,0.0,-0.43968658645395875
993,2,0.0,0.0,0.0,0.0,0.0
993,3,0.0,0.0,0.0,0.0,0.0
993,4,0.0,0.0,0.0,0.0,0.0
994,0,0.0,-0.0017009552755923446,0.0,0.0,-10.744286052274326
994,1,0.0,0.0,0.0,0.0,-0.4681527294821093
994,2,0.0,0.0,0.0,0.0,0.0
994,3,0.0,0.0,0.0,0.0,0.0
994,4,0.0,0.0,0.0,0.0,0.0
995,0,0.0,-0.0017009552755923446,0.0,0.0,-10.737760333855869
995,1,0.0,0.0,0.0,0.0,-0.4681527294821093
995,2,0.0,0.0,0.0,0.0,0.0
995,3,0.0,0.0,0.0,0.0,0.0
995,4,0.0,0.0,0.0,0.0,0.0
996,0,0.0,-0.0017009552755923446,0.0,0.0,-10.741152383916669
996,1,0.0,0.0,0.0,0.0,-0.4681527294821093
996,2,0.0,0.0,0.0,0.0,0.0
996,3,0.0,0.0,0.0,0.0,0.0
996,4,0.0,0.0,0.0,0.0,0.0
997,0,0.0,-0.0017009552755923446,0.0,0.0,-10.745916535733468
997,1,0.0,0.0,0.0,0.0,-0.4681527294821093
997,2,0.0,0.0,0.0,0.0,0.0
997,3,0.0,0.0,0.0,0.0,0.0
997,4,0.0,0.0,0.0,0.0,0.0
998,0,0.0,-0.0017009552755923446,0.0,0.0,-10.761871580895157
998,1,0.0,0.0,0.0,0.0,-0.4681527294821093
998,2,0.0,0.0,0.0,0.0,0.0
998,3,0.0,0.0,0.0,0.0,0.0
998,4,0.0,0.0,0.0,0.0,0.0
999,0,0.0,-0.0017009552755923446,0.0,0.0,-10.764181832059599
999,1,0.0,0.0,0.0,0.0,-0.4681527294821093
999,2,0.0,0.0,0.0,0.0,0.0
999,3,0.0,0.0,0.0,0.0,0.0
999,4,0.0,0.0,0.0,0.0,0.0
1000,0,0.0,-0.0017009552755923446,0.0,0.0,-10.76358623544321
1000,1,0.0,0.0,0.0,0.0,-0.4681527294821093
1000,2,0.0,0.0,0.0,0.0,0.0
1000,3,0.0,0.0,0.0,0.0,0.0
1000,4,0.0,0.0,0.0,0.0,0.0
